{
  "checkpoint": "G:\\GitHub\\Latent_Style\\Cycle-NCE\\ssim-optun-nce\\trial_0205\\epoch_0001.pt",
  "timestamp": "2026-02-20 11:50:14",
  "matrix_breakdown": {
    "photo": {
      "photo": {
        "count": 10,
        "style_swd": 1.899329459667206,
        "content_ssim": 0.320334628,
        "classifier_acc": null
      },
      "Hayao": {
        "count": 10,
        "style_swd": 2.2742890447378157,
        "content_ssim": 0.345255035,
        "classifier_acc": null
      },
      "monet": {
        "count": 10,
        "style_swd": 1.077843338251114,
        "content_ssim": 0.339710462,
        "classifier_acc": null
      },
      "cezanne": {
        "count": 10,
        "style_swd": 1.1523430615663528,
        "content_ssim": 0.306926811,
        "classifier_acc": null
      },
      "vangogh": {
        "count": 10,
        "style_swd": 2.2956105709075927,
        "content_ssim": 0.32292376600000006,
        "classifier_acc": null
      }
    },
    "Hayao": {
      "photo": {
        "count": 10,
        "style_swd": 1.8774549424648286,
        "content_ssim": 0.477844726,
        "classifier_acc": null
      },
      "Hayao": {
        "count": 10,
        "style_swd": 1.9796656042337417,
        "content_ssim": 0.531267019,
        "classifier_acc": null
      },
      "monet": {
        "count": 10,
        "style_swd": 1.1805788666009902,
        "content_ssim": 0.5750044169999999,
        "classifier_acc": null
      },
      "cezanne": {
        "count": 10,
        "style_swd": 1.2113857328891755,
        "content_ssim": 0.5327949999999999,
        "classifier_acc": null
      },
      "vangogh": {
        "count": 10,
        "style_swd": 2.278414338827133,
        "content_ssim": 0.545615838,
        "classifier_acc": null
      }
    },
    "monet": {
      "photo": {
        "count": 10,
        "style_swd": 1.9012180030345918,
        "content_ssim": 0.325021784,
        "classifier_acc": null
      },
      "Hayao": {
        "count": 10,
        "style_swd": 2.338992249965668,
        "content_ssim": 0.41372254,
        "classifier_acc": null
      },
      "monet": {
        "count": 10,
        "style_swd": 1.1539072841405869,
        "content_ssim": 0.376505446,
        "classifier_acc": null
      },
      "cezanne": {
        "count": 10,
        "style_swd": 0.9870700389146805,
        "content_ssim": 0.296004399,
        "classifier_acc": null
      },
      "vangogh": {
        "count": 10,
        "style_swd": 2.267073982954025,
        "content_ssim": 0.349152172,
        "classifier_acc": null
      }
    },
    "cezanne": {
      "photo": {
        "count": 10,
        "style_swd": 1.8221653997898102,
        "content_ssim": 0.38494392099999997,
        "classifier_acc": null
      },
      "Hayao": {
        "count": 10,
        "style_swd": 2.049429804086685,
        "content_ssim": 0.493784232,
        "classifier_acc": null
      },
      "monet": {
        "count": 10,
        "style_swd": 1.1295741945505142,
        "content_ssim": 0.456111181,
        "classifier_acc": null
      },
      "cezanne": {
        "count": 10,
        "style_swd": 0.9970136672258377,
        "content_ssim": 0.381330073,
        "classifier_acc": null
      },
      "vangogh": {
        "count": 10,
        "style_swd": 2.207999110221863,
        "content_ssim": 0.4332751330000001,
        "classifier_acc": null
      }
    },
    "vangogh": {
      "photo": {
        "count": 10,
        "style_swd": 1.9335075438022613,
        "content_ssim": 0.272094675,
        "classifier_acc": null
      },
      "Hayao": {
        "count": 10,
        "style_swd": 1.771048042178154,
        "content_ssim": 0.397406367,
        "classifier_acc": null
      },
      "monet": {
        "count": 10,
        "style_swd": 1.1872535794973373,
        "content_ssim": 0.341350659,
        "classifier_acc": null
      },
      "cezanne": {
        "count": 10,
        "style_swd": 0.9643842548131942,
        "content_ssim": 0.284286002,
        "classifier_acc": null
      },
      "vangogh": {
        "count": 10,
        "style_swd": 2.0041681289672852,
        "content_ssim": 0.31894682100000005,
        "classifier_acc": null
      }
    }
  },
  "analysis": {
    "style_transfer_ability": {
      "style_swd": 1.6953818050026896,
      "content_ssim": 0.394661456,
      "classifier_acc": 0.0
    },
    "photo_to_art_performance": {
      "style_swd": 1.700021503865719,
      "valid": true,
      "classifier_acc": 0.0
    }
  },
  "classification_report": null,
  "detailed_style_metrics": {}
}