point_id,dataset_surface,scope,source_group,family,variant,label,trace_id,step_or_epoch,clip_style,content_lpips,one_minus_lpips,style_minus_idt,train_min,train_time_sec,label_dx,label_dy,note,source_summary
idt_transfer_noop,wikiarts5_full_notest_train__distinct5_512_classview_test,transfer,reference_test_only,IDT,noop_transfer,IDT,idt,0,0.639920825263,0,1,0,0,0,-26,8,No-op source copied to targets; test-only reference.,SchrodingerBridge/docs/experiments/distinct5_512_20260602/tables/clip_style_vs_1lpips_full_transfer_points.csv
seedream45_test_only,wikiarts5_full_notest_train__distinct5_512_classview_test,transfer,external_test_only,Seedream,seedream_4p5_repaired750,Seedream,seedream_test_only,test_only,0.692,0.4923,0.5077,0.0520791747371,,,-68,12,External test-only reference on the same Distinct5 classview test; no training-set dependency.,Related_Works/baseline_pipeline/results/seedream45_api/distinct5_512_seedream45_windhub_20260607
samam_wikiarts5::250,wikiarts5_full_notest_train__distinct5_512_classview_test,transfer,baseline_wikiarts5,SaMAM,patch8_segmented,,samam_wikiarts5_patch8,step_00250,0.581191990723,0.59278313607,0.40721686393,-0.0587288345397,,,0,0,SaMAM patch=8 segmented reproduction on wikiarts5 full-notest training set.,/mnt/g/GitHub/Latent_Style/Related_Works/baseline_pipeline/results/samam_wikiarts5_patch8_segmented_20260610_094447/eval_step_000250
samam_wikiarts5::500,wikiarts5_full_notest_train__distinct5_512_classview_test,transfer,baseline_wikiarts5,SaMAM,patch8_segmented,,samam_wikiarts5_patch8,step_00500,0.598896476726,0.572678485264,0.427321514736,-0.0410243485371,,,0,0,SaMAM patch=8 segmented reproduction on wikiarts5 full-notest training set.,/mnt/g/GitHub/Latent_Style/Related_Works/baseline_pipeline/results/samam_wikiarts5_patch8_segmented_20260610_094447/eval_step_000500
samam_wikiarts5::750,wikiarts5_full_notest_train__distinct5_512_classview_test,transfer,baseline_wikiarts5,SaMAM,patch8_segmented,,samam_wikiarts5_patch8,step_00750,0.585959706803,0.511586362422,0.488413637578,-0.0539611184597,,,0,0,SaMAM patch=8 segmented reproduction on wikiarts5 full-notest training set.,/mnt/g/GitHub/Latent_Style/Related_Works/baseline_pipeline/results/samam_wikiarts5_patch8_segmented_20260610_094447/eval_step_000750
samam_wikiarts5::1000,wikiarts5_full_notest_train__distinct5_512_classview_test,transfer,baseline_wikiarts5,SaMAM,patch8_segmented,,samam_wikiarts5_patch8,step_01000,0.601934542805,0.489273334965,0.510726665035,-0.0379862824579,,,0,0,SaMAM patch=8 segmented reproduction on wikiarts5 full-notest training set.,/mnt/g/GitHub/Latent_Style/Related_Works/baseline_pipeline/results/samam_wikiarts5_patch8_segmented_20260610_094447/eval_step_001000
samam_wikiarts5::1250,wikiarts5_full_notest_train__distinct5_512_classview_test,transfer,baseline_wikiarts5,SaMAM,patch8_segmented,,samam_wikiarts5_patch8,step_01250,0.599185565462,0.470096674611,0.529903325389,-0.0407352598011,,,0,0,SaMAM patch=8 segmented reproduction on wikiarts5 full-notest training set.,/mnt/g/GitHub/Latent_Style/Related_Works/baseline_pipeline/results/samam_wikiarts5_patch8_segmented_20260610_094447/eval_step_001250
samam_wikiarts5::1500,wikiarts5_full_notest_train__distinct5_512_classview_test,transfer,baseline_wikiarts5,SaMAM,patch8_segmented,,samam_wikiarts5_patch8,step_01500,0.59230705892,0.440371449962,0.559628550038,-0.0476137663424,,,0,0,SaMAM patch=8 segmented reproduction on wikiarts5 full-notest training set.,/mnt/g/GitHub/Latent_Style/Related_Works/baseline_pipeline/results/samam_wikiarts5_patch8_segmented_20260610_094447/eval_step_001500
samam_wikiarts5::1750,wikiarts5_full_notest_train__distinct5_512_classview_test,transfer,baseline_wikiarts5,SaMAM,patch8_segmented,,samam_wikiarts5_patch8,step_01750,0.606127741486,0.461824348445,0.538175651555,-0.033793083777,,,0,0,SaMAM patch=8 segmented reproduction on wikiarts5 full-notest training set.,/mnt/g/GitHub/Latent_Style/Related_Works/baseline_pipeline/results/samam_wikiarts5_patch8_segmented_20260610_094447/eval_step_001750
samam_wikiarts5::2000,wikiarts5_full_notest_train__distinct5_512_classview_test,transfer,baseline_wikiarts5,SaMAM,patch8_segmented,,samam_wikiarts5_patch8,step_02000,0.610255063226,0.421457810327,0.578542189673,-0.029665762037,,,0,0,SaMAM patch=8 segmented reproduction on wikiarts5 full-notest training set.,/mnt/g/GitHub/Latent_Style/Related_Works/baseline_pipeline/results/samam_wikiarts5_patch8_segmented_20260610_094447/eval_step_002000
samam_wikiarts5::2250,wikiarts5_full_notest_train__distinct5_512_classview_test,transfer,baseline_wikiarts5,SaMAM,patch8_segmented,,samam_wikiarts5_patch8,step_02250,0.605333117545,0.395650020887,0.604349979113,-0.0345877077182,,,0,0,SaMAM patch=8 segmented reproduction on wikiarts5 full-notest training set.,/mnt/g/GitHub/Latent_Style/Related_Works/baseline_pipeline/results/samam_wikiarts5_patch8_segmented_20260610_094447/eval_step_002250
samam_wikiarts5::2500,wikiarts5_full_notest_train__distinct5_512_classview_test,transfer,baseline_wikiarts5,SaMAM,patch8_segmented,,samam_wikiarts5_patch8,step_02500,0.609283187439,0.400174084306,0.599825915694,-0.0306376378238,,,0,0,SaMAM patch=8 segmented reproduction on wikiarts5 full-notest training set.,/mnt/g/GitHub/Latent_Style/Related_Works/baseline_pipeline/results/samam_wikiarts5_patch8_segmented_20260610_094447/eval_step_002500
samam_wikiarts5::2750,wikiarts5_full_notest_train__distinct5_512_classview_test,transfer,baseline_wikiarts5,SaMAM,patch8_segmented,,samam_wikiarts5_patch8,step_02750,0.61532730932,0.387002943357,0.612997056643,-0.0245935159425,,,0,0,SaMAM patch=8 segmented reproduction on wikiarts5 full-notest training set.,/mnt/g/GitHub/Latent_Style/Related_Works/baseline_pipeline/results/samam_wikiarts5_patch8_segmented_20260610_094447/eval_step_002750
samam_wikiarts5::3000,wikiarts5_full_notest_train__distinct5_512_classview_test,transfer,baseline_wikiarts5,SaMAM,patch8_segmented,,samam_wikiarts5_patch8,step_03000,0.598296338171,0.363924325233,0.636075674767,-0.0416244870921,,,0,0,SaMAM patch=8 segmented reproduction on wikiarts5 full-notest training set.,/mnt/g/GitHub/Latent_Style/Related_Works/baseline_pipeline/results/samam_wikiarts5_patch8_segmented_20260610_094447/eval_step_003000
samam_wikiarts5::3250,wikiarts5_full_notest_train__distinct5_512_classview_test,transfer,baseline_wikiarts5,SaMAM,patch8_segmented,,samam_wikiarts5_patch8,step_03250,0.605687929789,0.337349663849,0.662650336151,-0.0342328954736,,,0,0,SaMAM patch=8 segmented reproduction on wikiarts5 full-notest training set.,/mnt/g/GitHub/Latent_Style/Related_Works/baseline_pipeline/results/samam_wikiarts5_patch8_segmented_20260610_094447/eval_step_003250
samam_wikiarts5::3500,wikiarts5_full_notest_train__distinct5_512_classview_test,transfer,baseline_wikiarts5,SaMAM,patch8_segmented,,samam_wikiarts5_patch8,step_03500,0.599481005122,0.35581496718,0.64418503282,-0.0404398201406,,,0,0,SaMAM patch=8 segmented reproduction on wikiarts5 full-notest training set.,/mnt/g/GitHub/Latent_Style/Related_Works/baseline_pipeline/results/samam_wikiarts5_patch8_segmented_20260610_094447/eval_step_003500
samam_wikiarts5::3750,wikiarts5_full_notest_train__distinct5_512_classview_test,transfer,baseline_wikiarts5,SaMAM,patch8_segmented,,samam_wikiarts5_patch8,step_03750,0.601810046683,0.335338010987,0.664661989013,-0.0381107785801,,,0,0,SaMAM patch=8 segmented reproduction on wikiarts5 full-notest training set.,/mnt/g/GitHub/Latent_Style/Related_Works/baseline_pipeline/results/samam_wikiarts5_patch8_segmented_20260610_094447/eval_step_003750
samam_wikiarts5::4000,wikiarts5_full_notest_train__distinct5_512_classview_test,transfer,baseline_wikiarts5,SaMAM,patch8_segmented,,samam_wikiarts5_patch8,step_04000,0.605590741535,0.326706583612,0.673293416388,-0.0343300837278,,,0,0,SaMAM patch=8 segmented reproduction on wikiarts5 full-notest training set.,/mnt/g/GitHub/Latent_Style/Related_Works/baseline_pipeline/results/samam_wikiarts5_patch8_segmented_20260610_094447/eval_step_004000
samam_wikiarts5::4250,wikiarts5_full_notest_train__distinct5_512_classview_test,transfer,baseline_wikiarts5,SaMAM,patch8_segmented,,samam_wikiarts5_patch8,step_04250,0.611424876899,0.329479763756,0.670520236244,-0.0284959483643,,,0,0,SaMAM patch=8 segmented reproduction on wikiarts5 full-notest training set.,/mnt/g/GitHub/Latent_Style/Related_Works/baseline_pipeline/results/samam_wikiarts5_patch8_segmented_20260610_094447/eval_step_004250
samam_wikiarts5::4500,wikiarts5_full_notest_train__distinct5_512_classview_test,transfer,baseline_wikiarts5,SaMAM,patch8_segmented,,samam_wikiarts5_patch8,step_04500,0.607985569636,0.346903739572,0.653096260428,-0.0319352556268,,,0,0,SaMAM patch=8 segmented reproduction on wikiarts5 full-notest training set.,/mnt/g/GitHub/Latent_Style/Related_Works/baseline_pipeline/results/samam_wikiarts5_patch8_segmented_20260610_094447/eval_step_004500
samam_wikiarts5::4750,wikiarts5_full_notest_train__distinct5_512_classview_test,transfer,baseline_wikiarts5,SaMAM,patch8_segmented,,samam_wikiarts5_patch8,step_04750,0.610685519824,0.330088577146,0.669911422854,-0.0292353054384,,,0,0,SaMAM patch=8 segmented reproduction on wikiarts5 full-notest training set.,/mnt/g/GitHub/Latent_Style/Related_Works/baseline_pipeline/results/samam_wikiarts5_patch8_segmented_20260610_094447/eval_step_004750
samam_wikiarts5::5000,wikiarts5_full_notest_train__distinct5_512_classview_test,transfer,baseline_wikiarts5,SaMAM,patch8_segmented,,samam_wikiarts5_patch8,step_05000,0.611045301954,0.313713121712,0.686286878288,-0.0288755233089,,,0,0,SaMAM patch=8 segmented reproduction on wikiarts5 full-notest training set.,/mnt/g/GitHub/Latent_Style/Related_Works/baseline_pipeline/results/samam_wikiarts5_patch8_segmented_20260610_094447/eval_step_005000
samam_wikiarts5::5250,wikiarts5_full_notest_train__distinct5_512_classview_test,transfer,baseline_wikiarts5,SaMAM,patch8_segmented,,samam_wikiarts5_patch8,step_05250,0.611846762051,0.34023235177,0.65976764823,-0.0280740632117,,,0,0,SaMAM patch=8 segmented reproduction on wikiarts5 full-notest training set.,/mnt/g/GitHub/Latent_Style/Related_Works/baseline_pipeline/results/samam_wikiarts5_patch8_segmented_20260610_094447/eval_step_005250
samam_wikiarts5::5500,wikiarts5_full_notest_train__distinct5_512_classview_test,transfer,baseline_wikiarts5,SaMAM,patch8_segmented,,samam_wikiarts5_patch8,step_05500,0.616712360283,0.334878984392,0.665121015608,-0.0232084649801,,,0,0,SaMAM patch=8 segmented reproduction on wikiarts5 full-notest training set.,/mnt/g/GitHub/Latent_Style/Related_Works/baseline_pipeline/results/samam_wikiarts5_patch8_segmented_20260610_094447/eval_step_005500
samam_wikiarts5::5750,wikiarts5_full_notest_train__distinct5_512_classview_test,transfer,baseline_wikiarts5,SaMAM,patch8_segmented,SaMAM style,samam_wikiarts5_patch8,step_05750,0.617343221505,0.350350024253,0.649649975747,-0.0225776037574,,,-52,12,SaMAM patch=8 segmented reproduction on wikiarts5 full-notest training set.,/mnt/g/GitHub/Latent_Style/Related_Works/baseline_pipeline/results/samam_wikiarts5_patch8_segmented_20260610_094447/eval_step_005750
samam_wikiarts5::6000,wikiarts5_full_notest_train__distinct5_512_classview_test,transfer,baseline_wikiarts5,SaMAM,patch8_segmented,,samam_wikiarts5_patch8,step_06000,0.61256089444,0.343021691144,0.656978308856,-0.0273599308232,,,0,0,SaMAM patch=8 segmented reproduction on wikiarts5 full-notest training set.,/mnt/g/GitHub/Latent_Style/Related_Works/baseline_pipeline/results/samam_wikiarts5_patch8_segmented_20260610_094447/eval_step_006000
samam_wikiarts5::6250,wikiarts5_full_notest_train__distinct5_512_classview_test,transfer,baseline_wikiarts5,SaMAM,patch8_segmented,,samam_wikiarts5_patch8,step_06250,0.612644183735,0.325453980304,0.674546019696,-0.0272766415278,,,0,0,SaMAM patch=8 segmented reproduction on wikiarts5 full-notest training set.,/mnt/g/GitHub/Latent_Style/Related_Works/baseline_pipeline/results/samam_wikiarts5_patch8_segmented_20260610_094447/eval_step_006250
samam_wikiarts5::6500,wikiarts5_full_notest_train__distinct5_512_classview_test,transfer,baseline_wikiarts5,SaMAM,patch8_segmented,,samam_wikiarts5_patch8,step_06500,0.613497870862,0.326130899638,0.673869100362,-0.0264229544004,,,0,0,SaMAM patch=8 segmented reproduction on wikiarts5 full-notest training set.,/mnt/g/GitHub/Latent_Style/Related_Works/baseline_pipeline/results/samam_wikiarts5_patch8_segmented_20260610_094447/eval_step_006500
samam_wikiarts5::6750,wikiarts5_full_notest_train__distinct5_512_classview_test,transfer,baseline_wikiarts5,SaMAM,patch8_segmented,,samam_wikiarts5_patch8,step_06750,0.612841557811,0.317978907675,0.682021092325,-0.0270792674522,,,0,0,SaMAM patch=8 segmented reproduction on wikiarts5 full-notest training set.,/mnt/g/GitHub/Latent_Style/Related_Works/baseline_pipeline/results/samam_wikiarts5_patch8_segmented_20260610_094447/eval_step_006750
samam_wikiarts5::7000,wikiarts5_full_notest_train__distinct5_512_classview_test,transfer,baseline_wikiarts5,SaMAM,patch8_segmented,,samam_wikiarts5_patch8,step_07000,0.614443270415,0.343845966732,0.656154033268,-0.0254775548478,,,0,0,SaMAM patch=8 segmented reproduction on wikiarts5 full-notest training set.,/mnt/g/GitHub/Latent_Style/Related_Works/baseline_pipeline/results/samam_wikiarts5_patch8_segmented_20260610_094447/eval_step_007000
samam_wikiarts5::7250,wikiarts5_full_notest_train__distinct5_512_classview_test,transfer,baseline_wikiarts5,SaMAM,patch8_segmented,,samam_wikiarts5_patch8,step_07250,0.607165894409,0.312975862746,0.687024137254,-0.0327549308538,,,0,0,SaMAM patch=8 segmented reproduction on wikiarts5 full-notest training set.,/mnt/g/GitHub/Latent_Style/Related_Works/baseline_pipeline/results/samam_wikiarts5_patch8_segmented_20260610_094447/eval_step_007250
samam_wikiarts5::7500,wikiarts5_full_notest_train__distinct5_512_classview_test,transfer,baseline_wikiarts5,SaMAM,patch8_segmented,,samam_wikiarts5_patch8,step_07500,0.613402031461,0.307056110303,0.692943889697,-0.0265187938015,,,0,0,SaMAM patch=8 segmented reproduction on wikiarts5 full-notest training set.,/mnt/g/GitHub/Latent_Style/Related_Works/baseline_pipeline/results/samam_wikiarts5_patch8_segmented_20260610_094447/eval_step_007500
samam_wikiarts5::7750,wikiarts5_full_notest_train__distinct5_512_classview_test,transfer,baseline_wikiarts5,SaMAM,patch8_segmented,,samam_wikiarts5_patch8,step_07750,0.610164919794,0.305981078744,0.694018921256,-0.0297559054693,,,0,0,SaMAM patch=8 segmented reproduction on wikiarts5 full-notest training set.,/mnt/g/GitHub/Latent_Style/Related_Works/baseline_pipeline/results/samam_wikiarts5_patch8_segmented_20260610_094447/eval_step_007750
samam_wikiarts5::8000,wikiarts5_full_notest_train__distinct5_512_classview_test,transfer,baseline_wikiarts5,SaMAM,patch8_segmented,,samam_wikiarts5_patch8,step_08000,0.612513134231,0.316058711583,0.683941288417,-0.0274076910317,,,0,0,SaMAM patch=8 segmented reproduction on wikiarts5 full-notest training set.,/mnt/g/GitHub/Latent_Style/Related_Works/baseline_pipeline/results/samam_wikiarts5_patch8_segmented_20260610_094447/eval_step_008000
samam_wikiarts5::8250,wikiarts5_full_notest_train__distinct5_512_classview_test,transfer,baseline_wikiarts5,SaMAM,patch8_segmented,,samam_wikiarts5_patch8,step_08250,0.610058446079,0.304565700094,0.695434299906,-0.0298623791834,,,0,0,SaMAM patch=8 segmented reproduction on wikiarts5 full-notest training set.,/mnt/g/GitHub/Latent_Style/Related_Works/baseline_pipeline/results/samam_wikiarts5_patch8_segmented_20260610_094447/eval_step_008250
samam_wikiarts5::8500,wikiarts5_full_notest_train__distinct5_512_classview_test,transfer,baseline_wikiarts5,SaMAM,patch8_segmented,,samam_wikiarts5_patch8,step_08500,0.615643103222,0.321776685516,0.678223314484,-0.0242777220408,,,0,0,SaMAM patch=8 segmented reproduction on wikiarts5 full-notest training set.,/mnt/g/GitHub/Latent_Style/Related_Works/baseline_pipeline/results/samam_wikiarts5_patch8_segmented_20260610_094447/eval_step_008500
samam_wikiarts5::8750,wikiarts5_full_notest_train__distinct5_512_classview_test,transfer,baseline_wikiarts5,SaMAM,patch8_segmented,,samam_wikiarts5_patch8,step_08750,0.606974300394,0.288666109157,0.711333890843,-0.0329465248684,,,0,0,SaMAM patch=8 segmented reproduction on wikiarts5 full-notest training set.,/mnt/g/GitHub/Latent_Style/Related_Works/baseline_pipeline/results/samam_wikiarts5_patch8_segmented_20260610_094447/eval_step_008750
samam_wikiarts5::9000,wikiarts5_full_notest_train__distinct5_512_classview_test,transfer,baseline_wikiarts5,SaMAM,patch8_segmented,,samam_wikiarts5_patch8,step_09000,0.605920542876,0.289360372896,0.710639627104,-0.0340002823869,,,0,0,SaMAM patch=8 segmented reproduction on wikiarts5 full-notest training set.,/mnt/g/GitHub/Latent_Style/Related_Works/baseline_pipeline/results/samam_wikiarts5_patch8_segmented_20260610_094447/eval_step_009000
samam_wikiarts5::9250,wikiarts5_full_notest_train__distinct5_512_classview_test,transfer,baseline_wikiarts5,SaMAM,patch8_segmented,,samam_wikiarts5_patch8,step_09250,0.607932060311,0.29040420043,0.70959579957,-0.0319887649516,,,0,0,SaMAM patch=8 segmented reproduction on wikiarts5 full-notest training set.,/mnt/g/GitHub/Latent_Style/Related_Works/baseline_pipeline/results/samam_wikiarts5_patch8_segmented_20260610_094447/eval_step_009250
samam_wikiarts5::9500,wikiarts5_full_notest_train__distinct5_512_classview_test,transfer,baseline_wikiarts5,SaMAM,patch8_segmented,,samam_wikiarts5_patch8,step_09500,0.605653402756,0.28524301149,0.71475698851,-0.0342674225072,,,0,0,SaMAM patch=8 segmented reproduction on wikiarts5 full-notest training set.,/mnt/g/GitHub/Latent_Style/Related_Works/baseline_pipeline/results/samam_wikiarts5_patch8_segmented_20260610_094447/eval_step_009500
samam_wikiarts5::9750,wikiarts5_full_notest_train__distinct5_512_classview_test,transfer,baseline_wikiarts5,SaMAM,patch8_segmented,,samam_wikiarts5_patch8,step_09750,0.606347013563,0.275158976975,0.724841023025,-0.0335738116999,,,0,0,SaMAM patch=8 segmented reproduction on wikiarts5 full-notest training set.,/mnt/g/GitHub/Latent_Style/Related_Works/baseline_pipeline/results/samam_wikiarts5_patch8_segmented_20260610_094447/eval_step_009750
samam_wikiarts5::10000,wikiarts5_full_notest_train__distinct5_512_classview_test,transfer,baseline_wikiarts5,SaMAM,patch8_segmented,,samam_wikiarts5_patch8,step_10000,0.604972410351,0.288129189114,0.711870810886,-0.0349484149118,,,0,0,SaMAM patch=8 segmented reproduction on wikiarts5 full-notest training set.,/mnt/g/GitHub/Latent_Style/Related_Works/baseline_pipeline/results/samam_wikiarts5_patch8_segmented_20260610_094447/eval_step_010000
samam_wikiarts5::10250,wikiarts5_full_notest_train__distinct5_512_classview_test,transfer,baseline_wikiarts5,SaMAM,patch8_segmented,,samam_wikiarts5_patch8,step_10250,0.609157927185,0.276127275924,0.723872724076,-0.0307628980776,,,0,0,SaMAM patch=8 segmented reproduction on wikiarts5 full-notest training set.,/mnt/g/GitHub/Latent_Style/Related_Works/baseline_pipeline/results/samam_wikiarts5_patch8_segmented_20260610_094447/eval_step_010250
samam_wikiarts5::10500,wikiarts5_full_notest_train__distinct5_512_classview_test,transfer,baseline_wikiarts5,SaMAM,patch8_segmented,,samam_wikiarts5_patch8,step_10500,0.606631108572,0.263912941789,0.736087058211,-0.0332897166908,,,0,0,SaMAM patch=8 segmented reproduction on wikiarts5 full-notest training set.,/mnt/g/GitHub/Latent_Style/Related_Works/baseline_pipeline/results/samam_wikiarts5_patch8_segmented_20260610_094447/eval_step_010500
samam_wikiarts5::10750,wikiarts5_full_notest_train__distinct5_512_classview_test,transfer,baseline_wikiarts5,SaMAM,patch8_segmented,,samam_wikiarts5_patch8,step_10750,0.608339212139,0.270716193629,0.729283806371,-0.0315816131234,,,0,0,SaMAM patch=8 segmented reproduction on wikiarts5 full-notest training set.,/mnt/g/GitHub/Latent_Style/Related_Works/baseline_pipeline/results/samam_wikiarts5_patch8_segmented_20260610_094447/eval_step_010750
samam_wikiarts5::11000,wikiarts5_full_notest_train__distinct5_512_classview_test,transfer,baseline_wikiarts5,SaMAM,patch8_segmented,,samam_wikiarts5_patch8,step_11000,0.606027201215,0.266318068293,0.733681931707,-0.0338936240474,,,0,0,SaMAM patch=8 segmented reproduction on wikiarts5 full-notest training set.,/mnt/g/GitHub/Latent_Style/Related_Works/baseline_pipeline/results/samam_wikiarts5_patch8_segmented_20260610_094447/eval_step_011000
samam_wikiarts5::11250,wikiarts5_full_notest_train__distinct5_512_classview_test,transfer,baseline_wikiarts5,SaMAM,patch8_segmented,,samam_wikiarts5_patch8,step_11250,0.603757324715,0.272231087014,0.727768912986,-0.0361635005474,,,0,0,SaMAM patch=8 segmented reproduction on wikiarts5 full-notest training set.,/mnt/g/GitHub/Latent_Style/Related_Works/baseline_pipeline/results/samam_wikiarts5_patch8_segmented_20260610_094447/eval_step_011250
samam_wikiarts5::11500,wikiarts5_full_notest_train__distinct5_512_classview_test,transfer,baseline_wikiarts5,SaMAM,patch8_segmented,,samam_wikiarts5_patch8,step_11500,0.601486914257,0.288611722862,0.711388277138,-0.0384339110057,,,0,0,SaMAM patch=8 segmented reproduction on wikiarts5 full-notest training set.,/mnt/g/GitHub/Latent_Style/Related_Works/baseline_pipeline/results/samam_wikiarts5_patch8_segmented_20260610_094447/eval_step_011500
samam_wikiarts5::11750,wikiarts5_full_notest_train__distinct5_512_classview_test,transfer,baseline_wikiarts5,SaMAM,patch8_segmented,,samam_wikiarts5_patch8,step_11750,0.599655685922,0.269916416916,0.730083583084,-0.0402651393414,,,0,0,SaMAM patch=8 segmented reproduction on wikiarts5 full-notest training set.,/mnt/g/GitHub/Latent_Style/Related_Works/baseline_pipeline/results/samam_wikiarts5_patch8_segmented_20260610_094447/eval_step_011750
samam_wikiarts5::12000,wikiarts5_full_notest_train__distinct5_512_classview_test,transfer,baseline_wikiarts5,SaMAM,patch8_segmented,,samam_wikiarts5_patch8,step_12000,0.60395634974,0.275220369784,0.724779630216,-0.0359644755224,,,0,0,SaMAM patch=8 segmented reproduction on wikiarts5 full-notest training set.,/mnt/g/GitHub/Latent_Style/Related_Works/baseline_pipeline/results/samam_wikiarts5_patch8_segmented_20260610_094447/eval_step_012000
samam_wikiarts5::12250,wikiarts5_full_notest_train__distinct5_512_classview_test,transfer,baseline_wikiarts5,SaMAM,patch8_segmented,,samam_wikiarts5_patch8,step_12250,0.601474235604,0.264056761302,0.735943238698,-0.0384465896587,,,0,0,SaMAM patch=8 segmented reproduction on wikiarts5 full-notest training set.,/mnt/g/GitHub/Latent_Style/Related_Works/baseline_pipeline/results/samam_wikiarts5_patch8_segmented_20260610_094447/eval_step_012250
samam_wikiarts5::12500,wikiarts5_full_notest_train__distinct5_512_classview_test,transfer,baseline_wikiarts5,SaMAM,patch8_segmented,,samam_wikiarts5_patch8,step_12500,0.613229394853,0.317459974488,0.682540025512,-0.0266914304097,,,0,0,SaMAM patch=8 segmented reproduction on wikiarts5 full-notest training set.,/mnt/g/GitHub/Latent_Style/Related_Works/baseline_pipeline/results/samam_wikiarts5_patch8_segmented_20260610_094447/eval_step_012500
samam_wikiarts5::12750,wikiarts5_full_notest_train__distinct5_512_classview_test,transfer,baseline_wikiarts5,SaMAM,patch8_segmented,,samam_wikiarts5_patch8,step_12750,0.606952931484,0.278243171871,0.721756828129,-0.0329678937793,,,0,0,SaMAM patch=8 segmented reproduction on wikiarts5 full-notest training set.,/mnt/g/GitHub/Latent_Style/Related_Works/baseline_pipeline/results/samam_wikiarts5_patch8_segmented_20260610_094447/eval_step_012750
samam_wikiarts5::13000,wikiarts5_full_notest_train__distinct5_512_classview_test,transfer,baseline_wikiarts5,SaMAM,patch8_segmented,,samam_wikiarts5_patch8,step_13000,0.608579822729,0.281575989289,0.718424010711,-0.0313410025338,,,0,0,SaMAM patch=8 segmented reproduction on wikiarts5 full-notest training set.,/mnt/g/GitHub/Latent_Style/Related_Works/baseline_pipeline/results/samam_wikiarts5_patch8_segmented_20260610_094447/eval_step_013000
samam_wikiarts5::13250,wikiarts5_full_notest_train__distinct5_512_classview_test,transfer,baseline_wikiarts5,SaMAM,patch8_segmented,,samam_wikiarts5_patch8,step_13250,0.598814675758,0.254207934712,0.745792065288,-0.0411061495046,,,0,0,SaMAM patch=8 segmented reproduction on wikiarts5 full-notest training set.,/mnt/g/GitHub/Latent_Style/Related_Works/baseline_pipeline/results/samam_wikiarts5_patch8_segmented_20260610_094447/eval_step_013250
samam_wikiarts5::13500,wikiarts5_full_notest_train__distinct5_512_classview_test,transfer,baseline_wikiarts5,SaMAM,patch8_segmented,,samam_wikiarts5_patch8,step_13500,0.60363139679,0.250186504039,0.749813495961,-0.0362894284725,,,0,0,SaMAM patch=8 segmented reproduction on wikiarts5 full-notest training set.,/mnt/g/GitHub/Latent_Style/Related_Works/baseline_pipeline/results/samam_wikiarts5_patch8_segmented_20260610_094447/eval_step_013500
samam_wikiarts5::13750,wikiarts5_full_notest_train__distinct5_512_classview_test,transfer,baseline_wikiarts5,SaMAM,patch8_segmented,,samam_wikiarts5_patch8,step_13750,0.600177706828,0.248294185214,0.751705814786,-0.0397431184351,,,0,0,SaMAM patch=8 segmented reproduction on wikiarts5 full-notest training set.,/mnt/g/GitHub/Latent_Style/Related_Works/baseline_pipeline/results/samam_wikiarts5_patch8_segmented_20260610_094447/eval_step_013750
samam_wikiarts5::14000,wikiarts5_full_notest_train__distinct5_512_classview_test,transfer,baseline_wikiarts5,SaMAM,patch8_segmented,,samam_wikiarts5_patch8,step_14000,0.598821500887,0.261361101965,0.738638898035,-0.0410993243754,,,0,0,SaMAM patch=8 segmented reproduction on wikiarts5 full-notest training set.,/mnt/g/GitHub/Latent_Style/Related_Works/baseline_pipeline/results/samam_wikiarts5_patch8_segmented_20260610_094447/eval_step_014000
samam_wikiarts5::14250,wikiarts5_full_notest_train__distinct5_512_classview_test,transfer,baseline_wikiarts5,SaMAM,patch8_segmented,,samam_wikiarts5_patch8,step_14250,0.601678881347,0.245554422699,0.754445577301,-0.0382419439157,,,0,0,SaMAM patch=8 segmented reproduction on wikiarts5 full-notest training set.,/mnt/g/GitHub/Latent_Style/Related_Works/baseline_pipeline/results/samam_wikiarts5_patch8_segmented_20260610_094447/eval_step_014250
samam_wikiarts5::14500,wikiarts5_full_notest_train__distinct5_512_classview_test,transfer,baseline_wikiarts5,SaMAM,patch8_segmented,,samam_wikiarts5_patch8,step_14500,0.600848938574,0.250588785013,0.749411214987,-0.0390718866885,,,0,0,SaMAM patch=8 segmented reproduction on wikiarts5 full-notest training set.,/mnt/g/GitHub/Latent_Style/Related_Works/baseline_pipeline/results/samam_wikiarts5_patch8_segmented_20260610_094447/eval_step_014500
samam_wikiarts5::14750,wikiarts5_full_notest_train__distinct5_512_classview_test,transfer,baseline_wikiarts5,SaMAM,patch8_segmented,,samam_wikiarts5_patch8,step_14750,0.597591231267,0.245284295604,0.754715704396,-0.0423295939962,,,0,0,SaMAM patch=8 segmented reproduction on wikiarts5 full-notest training set.,/mnt/g/GitHub/Latent_Style/Related_Works/baseline_pipeline/results/samam_wikiarts5_patch8_segmented_20260610_094447/eval_step_014750
samam_wikiarts5::15000,wikiarts5_full_notest_train__distinct5_512_classview_test,transfer,baseline_wikiarts5,SaMAM,patch8_segmented,,samam_wikiarts5_patch8,step_15000,0.599901258846,0.237853478926,0.762146521074,-0.0400195664167,,,0,0,SaMAM patch=8 segmented reproduction on wikiarts5 full-notest training set.,/mnt/g/GitHub/Latent_Style/Related_Works/baseline_pipeline/results/samam_wikiarts5_patch8_segmented_20260610_094447/eval_step_015000
samam_wikiarts5::15250,wikiarts5_full_notest_train__distinct5_512_classview_test,transfer,baseline_wikiarts5,SaMAM,patch8_segmented,,samam_wikiarts5_patch8,step_15250,0.595905369769,0.249545386905,0.750454613095,-0.0440154554943,,,0,0,SaMAM patch=8 segmented reproduction on wikiarts5 full-notest training set.,/mnt/g/GitHub/Latent_Style/Related_Works/baseline_pipeline/results/samam_wikiarts5_patch8_segmented_20260610_094447/eval_step_015250
samam_wikiarts5::15500,wikiarts5_full_notest_train__distinct5_512_classview_test,transfer,baseline_wikiarts5,SaMAM,patch8_segmented,,samam_wikiarts5_patch8,step_15500,0.601433119724,0.236518108472,0.763481891528,-0.0384877055387,,,0,0,SaMAM patch=8 segmented reproduction on wikiarts5 full-notest training set.,/mnt/g/GitHub/Latent_Style/Related_Works/baseline_pipeline/results/samam_wikiarts5_patch8_segmented_20260610_094447/eval_step_015500
samam_wikiarts5::15750,wikiarts5_full_notest_train__distinct5_512_classview_test,transfer,baseline_wikiarts5,SaMAM,patch8_segmented,,samam_wikiarts5_patch8,step_15750,0.597372007171,0.252833167873,0.747166832127,-0.0425488180916,,,0,0,SaMAM patch=8 segmented reproduction on wikiarts5 full-notest training set.,/mnt/g/GitHub/Latent_Style/Related_Works/baseline_pipeline/results/samam_wikiarts5_patch8_segmented_20260610_094447/eval_step_015750
samam_wikiarts5::16000,wikiarts5_full_notest_train__distinct5_512_classview_test,transfer,baseline_wikiarts5,SaMAM,patch8_segmented,,samam_wikiarts5_patch8,step_16000,0.595581608415,0.245855627805,0.754144372195,-0.0443392168482,,,0,0,SaMAM patch=8 segmented reproduction on wikiarts5 full-notest training set.,/mnt/g/GitHub/Latent_Style/Related_Works/baseline_pipeline/results/samam_wikiarts5_patch8_segmented_20260610_094447/eval_step_016000
samam_wikiarts5::16250,wikiarts5_full_notest_train__distinct5_512_classview_test,transfer,baseline_wikiarts5,SaMAM,patch8_segmented,,samam_wikiarts5_patch8,step_16250,0.597970906397,0.237070801432,0.762929198568,-0.0419499188662,,,0,0,SaMAM patch=8 segmented reproduction on wikiarts5 full-notest training set.,/mnt/g/GitHub/Latent_Style/Related_Works/baseline_pipeline/results/samam_wikiarts5_patch8_segmented_20260610_094447/eval_step_016250
samam_wikiarts5::16500,wikiarts5_full_notest_train__distinct5_512_classview_test,transfer,baseline_wikiarts5,SaMAM,patch8_segmented,,samam_wikiarts5_patch8,step_16500,0.599703510851,0.270784254347,0.729215745653,-0.0402173144122,,,0,0,SaMAM patch=8 segmented reproduction on wikiarts5 full-notest training set.,/mnt/g/GitHub/Latent_Style/Related_Works/baseline_pipeline/results/samam_wikiarts5_patch8_segmented_20260610_094447/eval_step_016500
samam_wikiarts5::16750,wikiarts5_full_notest_train__distinct5_512_classview_test,transfer,baseline_wikiarts5,SaMAM,patch8_segmented,,samam_wikiarts5_patch8,step_16750,0.607393446664,0.290879164686,0.709120835314,-0.0325273785988,,,0,0,SaMAM patch=8 segmented reproduction on wikiarts5 full-notest training set.,/mnt/g/GitHub/Latent_Style/Related_Works/baseline_pipeline/results/samam_wikiarts5_patch8_segmented_20260610_094447/eval_step_016750
samam_wikiarts5::17000,wikiarts5_full_notest_train__distinct5_512_classview_test,transfer,baseline_wikiarts5,SaMAM,patch8_segmented,,samam_wikiarts5_patch8,step_17000,0.594757023652,0.23743421341,0.76256578659,-0.0451638016105,,,0,0,SaMAM patch=8 segmented reproduction on wikiarts5 full-notest training set.,/mnt/g/GitHub/Latent_Style/Related_Works/baseline_pipeline/results/samam_wikiarts5_patch8_segmented_20260610_094447/eval_step_017000
samam_wikiarts5::17250,wikiarts5_full_notest_train__distinct5_512_classview_test,transfer,baseline_wikiarts5,SaMAM,patch8_segmented,,samam_wikiarts5_patch8,step_17250,0.598414075375,0.252943243273,0.747056756727,-0.0415067498883,,,0,0,SaMAM patch=8 segmented reproduction on wikiarts5 full-notest training set.,/mnt/g/GitHub/Latent_Style/Related_Works/baseline_pipeline/results/samam_wikiarts5_patch8_segmented_20260610_094447/eval_step_017250
samam_wikiarts5::17500,wikiarts5_full_notest_train__distinct5_512_classview_test,transfer,baseline_wikiarts5,SaMAM,patch8_segmented,,samam_wikiarts5_patch8,step_17500,0.599075020701,0.23489716022,0.76510283978,-0.0408458045622,,,0,0,SaMAM patch=8 segmented reproduction on wikiarts5 full-notest training set.,/mnt/g/GitHub/Latent_Style/Related_Works/baseline_pipeline/results/samam_wikiarts5_patch8_segmented_20260610_094447/eval_step_017500
samam_wikiarts5::17750,wikiarts5_full_notest_train__distinct5_512_classview_test,transfer,baseline_wikiarts5,SaMAM,patch8_segmented,,samam_wikiarts5_patch8,step_17750,0.598735013256,0.223507692864,0.776492307136,-0.0411858120064,,,0,0,SaMAM patch=8 segmented reproduction on wikiarts5 full-notest training set.,/mnt/g/GitHub/Latent_Style/Related_Works/baseline_pipeline/results/samam_wikiarts5_patch8_segmented_20260610_094447/eval_step_017750
samam_wikiarts5::18000,wikiarts5_full_notest_train__distinct5_512_classview_test,transfer,baseline_wikiarts5,SaMAM,patch8_segmented,,samam_wikiarts5_patch8,step_18000,0.598568965842,0.241486578919,0.758513421081,-0.0413518594205,,,0,0,SaMAM patch=8 segmented reproduction on wikiarts5 full-notest training set.,/mnt/g/GitHub/Latent_Style/Related_Works/baseline_pipeline/results/samam_wikiarts5_patch8_segmented_20260610_094447/eval_step_018000
samam_wikiarts5::18250,wikiarts5_full_notest_train__distinct5_512_classview_test,transfer,baseline_wikiarts5,SaMAM,patch8_segmented,,samam_wikiarts5_patch8,step_18250,0.600771620721,0.233036857707,0.766963142293,-0.0391492045422,,,0,0,SaMAM patch=8 segmented reproduction on wikiarts5 full-notest training set.,/mnt/g/GitHub/Latent_Style/Related_Works/baseline_pipeline/results/samam_wikiarts5_patch8_segmented_20260610_094447/eval_step_018250
samam_wikiarts5::18500,wikiarts5_full_notest_train__distinct5_512_classview_test,transfer,baseline_wikiarts5,SaMAM,patch8_segmented,,samam_wikiarts5_patch8,step_18500,0.599054746926,0.227529213329,0.772470786671,-0.040866078337,,,0,0,SaMAM patch=8 segmented reproduction on wikiarts5 full-notest training set.,/mnt/g/GitHub/Latent_Style/Related_Works/baseline_pipeline/results/samam_wikiarts5_patch8_segmented_20260610_094447/eval_step_018500
samam_wikiarts5::18750,wikiarts5_full_notest_train__distinct5_512_classview_test,transfer,baseline_wikiarts5,SaMAM,patch8_segmented,,samam_wikiarts5_patch8,step_18750,0.598291797588,0.228747245818,0.771252754182,-0.0416290276746,,,0,0,SaMAM patch=8 segmented reproduction on wikiarts5 full-notest training set.,/mnt/g/GitHub/Latent_Style/Related_Works/baseline_pipeline/results/samam_wikiarts5_patch8_segmented_20260610_094447/eval_step_018750
samam_wikiarts5::19000,wikiarts5_full_notest_train__distinct5_512_classview_test,transfer,baseline_wikiarts5,SaMAM,patch8_segmented,,samam_wikiarts5_patch8,step_19000,0.601982826789,0.254991408711,0.745008591289,-0.0379379984736,,,0,0,SaMAM patch=8 segmented reproduction on wikiarts5 full-notest training set.,/mnt/g/GitHub/Latent_Style/Related_Works/baseline_pipeline/results/samam_wikiarts5_patch8_segmented_20260610_094447/eval_step_019000
samam_wikiarts5::19250,wikiarts5_full_notest_train__distinct5_512_classview_test,transfer,baseline_wikiarts5,SaMAM,patch8_segmented,,samam_wikiarts5_patch8,step_19250,0.60189959839,0.245327298529,0.754672701471,-0.038021226873,,,0,0,SaMAM patch=8 segmented reproduction on wikiarts5 full-notest training set.,/mnt/g/GitHub/Latent_Style/Related_Works/baseline_pipeline/results/samam_wikiarts5_patch8_segmented_20260610_094447/eval_step_019250
samam_wikiarts5::19500,wikiarts5_full_notest_train__distinct5_512_classview_test,transfer,baseline_wikiarts5,SaMAM,patch8_segmented,SaMAM LPIPS,samam_wikiarts5_patch8,step_19500,0.599850852489,0.220852461743,0.779147538257,-0.0400699727734,,,8,-15,SaMAM patch=8 segmented reproduction on wikiarts5 full-notest training set.,/mnt/g/GitHub/Latent_Style/Related_Works/baseline_pipeline/results/samam_wikiarts5_patch8_segmented_20260610_094447/eval_step_019500
samam_wikiarts5::19750,wikiarts5_full_notest_train__distinct5_512_classview_test,transfer,baseline_wikiarts5,SaMAM,patch8_segmented,,samam_wikiarts5_patch8,step_19750,0.597713483373,0.239597941861,0.760402058139,-0.0422073418895,,,0,0,SaMAM patch=8 segmented reproduction on wikiarts5 full-notest training set.,/mnt/g/GitHub/Latent_Style/Related_Works/baseline_pipeline/results/samam_wikiarts5_patch8_segmented_20260610_094447/eval_step_019750
samam_wikiarts5::20000,wikiarts5_full_notest_train__distinct5_512_classview_test,transfer,baseline_wikiarts5,SaMAM,patch8_segmented,,samam_wikiarts5_patch8,step_20000,0.593688149899,0.239225088495,0.760774911505,-0.0462326753636,,,0,0,SaMAM patch=8 segmented reproduction on wikiarts5 full-notest training set.,/mnt/g/GitHub/Latent_Style/Related_Works/baseline_pipeline/results/samam_wikiarts5_patch8_segmented_20260610_094447/eval_step_020000
samam_wikiarts5::20250,wikiarts5_full_notest_train__distinct5_512_classview_test,transfer,baseline_wikiarts5,SaMAM,patch8_segmented,,samam_wikiarts5_patch8,step_20250,0.598016716292,0.233792556959,0.766207443041,-0.0419041089714,,,0,0,SaMAM patch=8 segmented reproduction on wikiarts5 full-notest training set.,/mnt/g/GitHub/Latent_Style/Related_Works/baseline_pipeline/results/samam_wikiarts5_patch8_segmented_20260610_094447/eval_step_020250
samam_wikiarts5::20500,wikiarts5_full_notest_train__distinct5_512_classview_test,transfer,baseline_wikiarts5,SaMAM,patch8_segmented,,samam_wikiarts5_patch8,step_20500,0.598859661271,0.227487719121,0.772512280879,-0.0410611639917,,,0,0,SaMAM patch=8 segmented reproduction on wikiarts5 full-notest training set.,/mnt/g/GitHub/Latent_Style/Related_Works/baseline_pipeline/results/samam_wikiarts5_patch8_segmented_20260610_094447/eval_step_020500
samam_wikiarts5::20750,wikiarts5_full_notest_train__distinct5_512_classview_test,transfer,baseline_wikiarts5,SaMAM,patch8_segmented,,samam_wikiarts5_patch8,step_20750,0.596841942817,0.239499470269,0.760500529731,-0.0430788824459,,,0,0,SaMAM patch=8 segmented reproduction on wikiarts5 full-notest training set.,/mnt/g/GitHub/Latent_Style/Related_Works/baseline_pipeline/results/samam_wikiarts5_patch8_segmented_20260610_094447/eval_step_020750
samam_wikiarts5::21000,wikiarts5_full_notest_train__distinct5_512_classview_test,transfer,baseline_wikiarts5,SaMAM,patch8_segmented,,samam_wikiarts5_patch8,step_21000,0.594956451108,0.246053875846,0.753946124154,-0.0449643741548,,,0,0,SaMAM patch=8 segmented reproduction on wikiarts5 full-notest training set.,/mnt/g/GitHub/Latent_Style/Related_Works/baseline_pipeline/results/samam_wikiarts5_patch8_segmented_20260610_094447/eval_step_021000
samam_wikiarts5::21250,wikiarts5_full_notest_train__distinct5_512_classview_test,transfer,baseline_wikiarts5,SaMAM,patch8_segmented,,samam_wikiarts5_patch8,step_21250,0.594706214319,0.22976562834,0.77023437166,-0.0452146109442,,,0,0,SaMAM patch=8 segmented reproduction on wikiarts5 full-notest training set.,/mnt/g/GitHub/Latent_Style/Related_Works/baseline_pipeline/results/samam_wikiarts5_patch8_segmented_20260610_094447/eval_step_021250
samam_wikiarts5::21500,wikiarts5_full_notest_train__distinct5_512_classview_test,transfer,baseline_wikiarts5,SaMAM,patch8_segmented,,samam_wikiarts5_patch8,step_21500,0.599562864204,0.245018608893,0.754981391107,-0.0403579610586,,,0,0,SaMAM patch=8 segmented reproduction on wikiarts5 full-notest training set.,/mnt/g/GitHub/Latent_Style/Related_Works/baseline_pipeline/results/samam_wikiarts5_patch8_segmented_20260610_094447/eval_step_021500
samam_wikiarts5::21750,wikiarts5_full_notest_train__distinct5_512_classview_test,transfer,baseline_wikiarts5,SaMAM,patch8_segmented,,samam_wikiarts5_patch8,step_21750,0.606449956099,0.313865347368,0.686134652632,-0.0334708691637,,,0,0,SaMAM patch=8 segmented reproduction on wikiarts5 full-notest training set.,/mnt/g/GitHub/Latent_Style/Related_Works/baseline_pipeline/results/samam_wikiarts5_patch8_segmented_20260610_094447/eval_step_021750
samam_wikiarts5::22000,wikiarts5_full_notest_train__distinct5_512_classview_test,transfer,baseline_wikiarts5,SaMAM,patch8_segmented,,samam_wikiarts5_patch8,step_22000,0.601426392645,0.247112507634,0.752887492366,-0.0384944326182,,,0,0,SaMAM patch=8 segmented reproduction on wikiarts5 full-notest training set.,/mnt/g/GitHub/Latent_Style/Related_Works/baseline_pipeline/results/samam_wikiarts5_patch8_segmented_20260610_094447/eval_step_022000
samam_wikiarts5::22250,wikiarts5_full_notest_train__distinct5_512_classview_test,transfer,baseline_wikiarts5,SaMAM,patch8_segmented,,samam_wikiarts5_patch8,step_22250,0.599535460124,0.236442890813,0.763557109187,-0.0403853651385,,,0,0,SaMAM patch=8 segmented reproduction on wikiarts5 full-notest training set.,/mnt/g/GitHub/Latent_Style/Related_Works/baseline_pipeline/results/samam_wikiarts5_patch8_segmented_20260610_094447/eval_step_022250
samam_wikiarts5::22500,wikiarts5_full_notest_train__distinct5_512_classview_test,transfer,baseline_wikiarts5,SaMAM,patch8_segmented,,samam_wikiarts5_patch8,step_22500,0.592927229504,0.224204451963,0.775795548037,-0.0469935957591,,,0,0,SaMAM patch=8 segmented reproduction on wikiarts5 full-notest training set.,/mnt/g/GitHub/Latent_Style/Related_Works/baseline_pipeline/results/samam_wikiarts5_patch8_segmented_20260610_094447/eval_step_022500
samam_wikiarts5::22750,wikiarts5_full_notest_train__distinct5_512_classview_test,transfer,baseline_wikiarts5,SaMAM,patch8_segmented,,samam_wikiarts5_patch8,step_22750,0.598666475167,0.227899532802,0.772100467198,-0.041254350096,,,0,0,SaMAM patch=8 segmented reproduction on wikiarts5 full-notest training set.,/mnt/g/GitHub/Latent_Style/Related_Works/baseline_pipeline/results/samam_wikiarts5_patch8_segmented_20260610_094447/eval_step_022750
samam_wikiarts5::23000,wikiarts5_full_notest_train__distinct5_512_classview_test,transfer,baseline_wikiarts5,SaMAM,patch8_segmented,,samam_wikiarts5_patch8,step_23000,0.595348390788,0.22457456318,0.77542543682,-0.044572434475,,,0,0,SaMAM patch=8 segmented reproduction on wikiarts5 full-notest training set.,/mnt/g/GitHub/Latent_Style/Related_Works/baseline_pipeline/results/samam_wikiarts5_patch8_segmented_20260610_094447/eval_step_023000
samst_wikiarts5::epoch_0010,wikiarts5_full_notest_train__distinct5_512_classview_test,transfer,baseline_wikiarts5,SaMST,wsl_style_cycle,,samst_wikiarts5,epoch_0010,0.686171067754,0.62034543985,0.37965456015,0.0462502424916,,,0,0,SaMST WSL reproduction on wikiarts5 full-notest training set; not formally converged yet.,Y:\Latent_Style\Related_Works\baseline_pipeline\results\samst_wikiarts5_wsl_20260610_172206\eval_bundle\eval_epoch10\epoch_0010\summary.json
samst_wikiarts5::epoch_0015,wikiarts5_full_notest_train__distinct5_512_classview_test,transfer,baseline_wikiarts5,SaMST,wsl_style_cycle,SaMST e15,samst_wikiarts5,epoch_0015,0.688423514863,0.61984197455,0.38015802545,0.0485026896,,,10,-14,SaMST WSL reproduction on wikiarts5 full-notest training set; not formally converged yet.,Y:\Latent_Style\Related_Works\baseline_pipeline\results\samst_wikiarts5_wsl_20260610_172206\eval_bundle\eval_epoch15\epoch_0015\summary.json
samst_wikiarts5::epoch_0005,wikiarts5_full_notest_train__distinct5_512_classview_test,transfer,baseline_wikiarts5,SaMST,wsl_style_cycle,SaMST e5,samst_wikiarts5,epoch_0005,0.688928875029,0.620585973283,0.379414026717,0.0490080497662,,,10,10,SaMST WSL reproduction on wikiarts5 full-notest training set; not formally converged yet.,Y:\Latent_Style\Related_Works\baseline_pipeline\results\samst_wikiarts5_wsl_20260610_172206\eval_bundle\eval_epoch5\epoch_0005\summary.json
phase2::actuation_delta_basis_r16_s030::epoch_0001::transfer,wikiarts5_full_notest_train__distinct5_512_classview_test,transfer,ours_phase2_full_notest,FiberBundle,actuation_delta_basis_r16_s030,,actuation_delta_basis_r16_s030,epoch_0001,0.674386785428,0.3447123026,0.6552876974,0.0344659601651,,,8,10,R16 output-side style-delta basis transfer-only all-ckpt curve; best e2 but no sustained style gain.,/mnt/i/Github/Latent_Style/SchrodingerBridge/exp/aaai2027_phase2_actuation_delta_basis_r16_s030_k070_e3_b32bf16_vlen010/full_eval/epoch_0001/summary.json
phase2::actuation_delta_basis_r16_s030::epoch_0002::transfer,wikiarts5_full_notest_train__distinct5_512_classview_test,transfer,ours_phase2_full_notest,FiberBundle,actuation_delta_basis_r16_s030,,actuation_delta_basis_r16_s030,epoch_0002,0.674525005122,0.352221725033,0.647778274967,0.0346041798591,,,8,10,R16 output-side style-delta basis transfer-only all-ckpt curve; best e2 but no sustained style gain.,/mnt/i/Github/Latent_Style/SchrodingerBridge/exp/aaai2027_phase2_actuation_delta_basis_r16_s030_k070_e3_b32bf16_vlen010/full_eval/epoch_0002/summary.json
phase2::actuation_delta_basis_r16_s030_fullboard::epoch_0002::transfer,wikiarts5_full_notest_train__distinct5_512_classview_test,transfer,ours_phase2_full_notest,FiberBundle,actuation_delta_basis_r16_s030,R16 e2,actuation_delta_basis_r16_s030,epoch_0002,0.674395356774,0.3522228967,0.6477771033,0.0344745315111,,,20,-14,R16 full-board closure eval from best transfer checkpoint; output-side rank expansion weak/negative.,docs\experiments\phase2_fiber_bundle\eval\actuation_delta_basis_r16_s030_k070_e3_b32bf16_vlen010\fullboard_epoch_0002\summary.json
phase2::actuation_delta_basis_r16_s030::epoch_0003::transfer,wikiarts5_full_notest_train__distinct5_512_classview_test,transfer,ours_phase2_full_notest,FiberBundle,actuation_delta_basis_r16_s030,,actuation_delta_basis_r16_s030,epoch_0003,0.673935728818,0.349550118133,0.650449881867,0.0340149035551,,,8,10,R16 output-side style-delta basis transfer-only all-ckpt curve; best e2 but no sustained style gain.,/mnt/i/Github/Latent_Style/SchrodingerBridge/exp/aaai2027_phase2_actuation_delta_basis_r16_s030_k070_e3_b32bf16_vlen010/full_eval/epoch_0003/summary.json
phase2::actuation_delta_basis_r16_s030::epoch_0004::transfer,wikiarts5_full_notest_train__distinct5_512_classview_test,transfer,ours_phase2_full_notest,FiberBundle,actuation_delta_basis_r16_s030,,actuation_delta_basis_r16_s030,epoch_0004,0.674040822436,0.352357101783,0.647642898217,0.0341199971731,,,8,10,R16 output-side style-delta basis transfer-only all-ckpt curve; best e2 but no sustained style gain.,/mnt/i/Github/Latent_Style/SchrodingerBridge/exp/aaai2027_phase2_actuation_delta_basis_r16_s030_k070_e3_b32bf16_vlen010/full_eval/epoch_0004/summary.json
phase2::actuation_delta_basis_r16_s030::epoch_0005::transfer,wikiarts5_full_notest_train__distinct5_512_classview_test,transfer,ours_phase2_full_notest,FiberBundle,actuation_delta_basis_r16_s030,,actuation_delta_basis_r16_s030,epoch_0005,0.674214600722,0.35364017095,0.64635982905,0.0342937754591,,,8,10,R16 output-side style-delta basis transfer-only all-ckpt curve; best e2 but no sustained style gain.,/mnt/i/Github/Latent_Style/SchrodingerBridge/exp/aaai2027_phase2_actuation_delta_basis_r16_s030_k070_e3_b32bf16_vlen010/full_eval/epoch_0005/summary.json
phase2::actuation_delta_basis_r16_s030::epoch_0006::transfer,wikiarts5_full_notest_train__distinct5_512_classview_test,transfer,ours_phase2_full_notest,FiberBundle,actuation_delta_basis_r16_s030,,actuation_delta_basis_r16_s030,epoch_0006,0.674338564078,0.355673749633,0.644326250367,0.0344177388151,,,8,10,R16 output-side style-delta basis transfer-only all-ckpt curve; best e2 but no sustained style gain.,/mnt/i/Github/Latent_Style/SchrodingerBridge/exp/aaai2027_phase2_actuation_delta_basis_r16_s030_k070_e3_b32bf16_vlen010/full_eval/epoch_0006/summary.json
phase2::actuation_delta_basis_r16_s030::epoch_0007::transfer,wikiarts5_full_notest_train__distinct5_512_classview_test,transfer,ours_phase2_full_notest,FiberBundle,actuation_delta_basis_r16_s030,,actuation_delta_basis_r16_s030,epoch_0007,0.674366489748,0.354956031467,0.645043968533,0.0344456644851,,,8,10,R16 output-side style-delta basis transfer-only all-ckpt curve; best e2 but no sustained style gain.,/mnt/i/Github/Latent_Style/SchrodingerBridge/exp/aaai2027_phase2_actuation_delta_basis_r16_s030_k070_e3_b32bf16_vlen010/full_eval/epoch_0007/summary.json
phase2::actuation_delta_basis_r16_s030::epoch_0008::transfer,wikiarts5_full_notest_train__distinct5_512_classview_test,transfer,ours_phase2_full_notest,FiberBundle,actuation_delta_basis_r16_s030,,actuation_delta_basis_r16_s030,epoch_0008,0.674251951774,0.355417033717,0.644582966283,0.0343311265111,,,8,10,R16 output-side style-delta basis transfer-only all-ckpt curve; best e2 but no sustained style gain.,/mnt/i/Github/Latent_Style/SchrodingerBridge/exp/aaai2027_phase2_actuation_delta_basis_r16_s030_k070_e3_b32bf16_vlen010/full_eval/epoch_0008/summary.json
phase2::actuation_head_adapter_k070_e3::epoch_0001::transfer,wikiarts5_full_notest_train__distinct5_512_classview_test,transfer,ours_phase2_full_notest,FiberBundle,actuation_head_adapter_k070_e3,,actuation_head_adapter_k070_e3,epoch_0001,0.679295247197,0.31657083355,0.68342916645,0.0393744219341,2.1605931441,129.635588646,8,10,Style-conditioned output head adapter scale 0.20; stopped at e5 because adapter RMS grew while style regressed.,/mnt/i/Github/Latent_Style/SchrodingerBridge/exp/aaai2027_phase2_actuation_head_adapter_k070_e3_b16a2bf16_vlen010/full_eval_fast10/epoch_0001/summary.json
phase2::actuation_head_adapter_k070_e3::epoch_0002::transfer,wikiarts5_full_notest_train__distinct5_512_classview_test,transfer,ours_phase2_full_notest,FiberBundle,actuation_head_adapter_k070_e3,,actuation_head_adapter_k070_e3,epoch_0002,0.679957068861,0.31843828002,0.68156171998,0.0400362435981,1.58837914467,95.3027486801,8,10,Style-conditioned output head adapter scale 0.20; stopped at e5 because adapter RMS grew while style regressed.,/mnt/i/Github/Latent_Style/SchrodingerBridge/exp/aaai2027_phase2_actuation_head_adapter_k070_e3_b16a2bf16_vlen010/full_eval_fast10/epoch_0002/summary.json
phase2::actuation_head_adapter_k070_e3::epoch_0003::transfer,wikiarts5_full_notest_train__distinct5_512_classview_test,transfer,ours_phase2_full_notest,FiberBundle,actuation_head_adapter_k070_e3,,actuation_head_adapter_k070_e3,epoch_0003,0.679186626375,0.317511156,0.682488844,0.0392658011121,1.50408456326,90.2450737953,8,10,Style-conditioned output head adapter scale 0.20; stopped at e5 because adapter RMS grew while style regressed.,/mnt/i/Github/Latent_Style/SchrodingerBridge/exp/aaai2027_phase2_actuation_head_adapter_k070_e3_b16a2bf16_vlen010/full_eval_fast10/epoch_0003/summary.json
phase2::actuation_head_adapter_k070_e3::epoch_0004::transfer,wikiarts5_full_notest_train__distinct5_512_classview_test,transfer,ours_phase2_full_notest,FiberBundle,actuation_head_adapter_k070_e3,,actuation_head_adapter_k070_e3,epoch_0004,0.678690505624,0.31628289706,0.68371710294,0.0387696803611,1.52744454145,91.6466724873,8,10,Style-conditioned output head adapter scale 0.20; stopped at e5 because adapter RMS grew while style regressed.,/mnt/i/Github/Latent_Style/SchrodingerBridge/exp/aaai2027_phase2_actuation_head_adapter_k070_e3_b16a2bf16_vlen010/full_eval_fast10/epoch_0004/summary.json
phase2::actuation_head_adapter_k070_e3::epoch_0005::transfer,wikiarts5_full_notest_train__distinct5_512_classview_test,transfer,ours_phase2_full_notest,FiberBundle,actuation_head_adapter_k070_e3,,actuation_head_adapter_k070_e3,epoch_0005,0.678111288548,0.316513005325,0.683486994675,0.0381904632851,1.49977016052,89.986209631,8,10,Style-conditioned output head adapter scale 0.20; stopped at e5 because adapter RMS grew while style regressed.,/mnt/i/Github/Latent_Style/SchrodingerBridge/exp/aaai2027_phase2_actuation_head_adapter_k070_e3_b16a2bf16_vlen010/full_eval_fast10/epoch_0005/summary.json
phase2::actuation_head_adapter_s005_k070_e3::epoch_0001::transfer,wikiarts5_full_notest_train__distinct5_512_classview_test,transfer,ours_phase2_full_notest,FiberBundle,actuation_head_adapter_s005_k070_e3,,actuation_head_adapter_s005_k070_e3,epoch_0001,0.679604513943,0.315739710475,0.684260289525,0.0396836886801,2.1381268541,128.287611246,8,10,Style-conditioned output head adapter scale 0.05; stopped at e3 because style stayed below plateau while adapter RMS grew.,/mnt/i/Github/Latent_Style/SchrodingerBridge/exp/aaai2027_phase2_actuation_head_adapter_s005_k070_e3_b16a2bf16_vlen010/full_eval_fast10/epoch_0001/summary.json
phase2::actuation_head_adapter_s005_k070_e3::epoch_0002::transfer,wikiarts5_full_notest_train__distinct5_512_classview_test,transfer,ours_phase2_full_notest,FiberBundle,actuation_head_adapter_s005_k070_e3,,actuation_head_adapter_s005_k070_e3,epoch_0002,0.679740804434,0.31628991535,0.68371008465,0.0398199791711,1.6022980094,96.1378805637,8,10,Style-conditioned output head adapter scale 0.05; stopped at e3 because style stayed below plateau while adapter RMS grew.,/mnt/i/Github/Latent_Style/SchrodingerBridge/exp/aaai2027_phase2_actuation_head_adapter_s005_k070_e3_b16a2bf16_vlen010/full_eval_fast10/epoch_0002/summary.json
phase2::actuation_head_adapter_s005_k070_e3::epoch_0003::transfer,wikiarts5_full_notest_train__distinct5_512_classview_test,transfer,ours_phase2_full_notest,FiberBundle,actuation_head_adapter_s005_k070_e3,,actuation_head_adapter_s005_k070_e3,epoch_0003,0.679675110281,0.316861974925,0.683138025075,0.0397542850181,1.52268378735,91.3610272408,8,10,Style-conditioned output head adapter scale 0.05; stopped at e3 because style stayed below plateau while adapter RMS grew.,/mnt/i/Github/Latent_Style/SchrodingerBridge/exp/aaai2027_phase2_actuation_head_adapter_s005_k070_e3_b16a2bf16_vlen010/full_eval_fast10/epoch_0003/summary.json
phase2::actuation_predec_diversity_k070_e3::epoch_0001::transfer,wikiarts5_full_notest_train__distinct5_512_classview_test,transfer,ours_phase2_full_notest,FiberBundle,actuation_predec_diversity_k070_e3,,actuation_predec_diversity_k070_e3,epoch_0001,0.680099408031,0.31559818935,0.68440181065,0.0401785827681,2.30533842643,138.320305586,8,10,Pre-decoder style section plus generated-delta diversity loss; fast10 transfer-only training-time eval; closed style-flat after e12.,/mnt/i/Github/Latent_Style/SchrodingerBridge/exp/aaai2027_phase2_actuation_predec_diversity_k070_e3_b16a2bf16_vlen010/full_eval_fast10/epoch_0001/summary.json
phase2::actuation_predec_diversity_k070_e3::epoch_0002::transfer,wikiarts5_full_notest_train__distinct5_512_classview_test,transfer,ours_phase2_full_notest,FiberBundle,actuation_predec_diversity_k070_e3,,actuation_predec_diversity_k070_e3,epoch_0002,0.68007080853,0.315606344475,0.684393655525,0.0401499832671,1.65366700888,99.2200205326,8,10,Pre-decoder style section plus generated-delta diversity loss; fast10 transfer-only training-time eval; closed style-flat after e12.,/mnt/i/Github/Latent_Style/SchrodingerBridge/exp/aaai2027_phase2_actuation_predec_diversity_k070_e3_b16a2bf16_vlen010/full_eval_fast10/epoch_0002/summary.json
phase2::actuation_predec_diversity_k070_e3::epoch_0003::transfer,wikiarts5_full_notest_train__distinct5_512_classview_test,transfer,ours_phase2_full_notest,FiberBundle,actuation_predec_diversity_k070_e3,,actuation_predec_diversity_k070_e3,epoch_0003,0.680112774968,0.3156195482,0.6843804518,0.0401919497051,1.64098085165,98.458851099,8,10,Pre-decoder style section plus generated-delta diversity loss; fast10 transfer-only training-time eval; closed style-flat after e12.,/mnt/i/Github/Latent_Style/SchrodingerBridge/exp/aaai2027_phase2_actuation_predec_diversity_k070_e3_b16a2bf16_vlen010/full_eval_fast10/epoch_0003/summary.json
phase2::actuation_predec_diversity_k070_e3::epoch_0004::transfer,wikiarts5_full_notest_train__distinct5_512_classview_test,transfer,ours_phase2_full_notest,FiberBundle,actuation_predec_diversity_k070_e3,,actuation_predec_diversity_k070_e3,epoch_0004,0.68013276428,0.315616391525,0.684383608475,0.0402119390171,1.61384049654,96.8304297924,8,10,Pre-decoder style section plus generated-delta diversity loss; fast10 transfer-only training-time eval; closed style-flat after e12.,/mnt/i/Github/Latent_Style/SchrodingerBridge/exp/aaai2027_phase2_actuation_predec_diversity_k070_e3_b16a2bf16_vlen010/full_eval_fast10/epoch_0004/summary.json
phase2::actuation_predec_diversity_k070_e3::epoch_0005::transfer,wikiarts5_full_notest_train__distinct5_512_classview_test,transfer,ours_phase2_full_notest,FiberBundle,actuation_predec_diversity_k070_e3,,actuation_predec_diversity_k070_e3,epoch_0005,0.680131106973,0.31559397152,0.68440602848,0.0402102817101,1.61104686658,96.6628119946,8,10,Pre-decoder style section plus generated-delta diversity loss; fast10 transfer-only training-time eval; closed style-flat after e12.,/mnt/i/Github/Latent_Style/SchrodingerBridge/exp/aaai2027_phase2_actuation_predec_diversity_k070_e3_b16a2bf16_vlen010/full_eval_fast10/epoch_0005/summary.json
phase2::actuation_predec_diversity_k070_e3::epoch_0006::transfer,wikiarts5_full_notest_train__distinct5_512_classview_test,transfer,ours_phase2_full_notest,FiberBundle,actuation_predec_diversity_k070_e3,,actuation_predec_diversity_k070_e3,epoch_0006,0.680104216933,0.3155844983,0.6844155017,0.0401833916701,1.60811167558,96.4867005348,8,10,Pre-decoder style section plus generated-delta diversity loss; fast10 transfer-only training-time eval; closed style-flat after e12.,/mnt/i/Github/Latent_Style/SchrodingerBridge/exp/aaai2027_phase2_actuation_predec_diversity_k070_e3_b16a2bf16_vlen010/full_eval_fast10/epoch_0006/summary.json
phase2::actuation_predec_diversity_k070_e3::epoch_0007::transfer,wikiarts5_full_notest_train__distinct5_512_classview_test,transfer,ours_phase2_full_notest,FiberBundle,actuation_predec_diversity_k070_e3,,actuation_predec_diversity_k070_e3,epoch_0007,0.680078208148,0.315580267675,0.684419732325,0.0401573828851,1.67193671465,100.316202879,8,10,Pre-decoder style section plus generated-delta diversity loss; fast10 transfer-only training-time eval; closed style-flat after e12.,/mnt/i/Github/Latent_Style/SchrodingerBridge/exp/aaai2027_phase2_actuation_predec_diversity_k070_e3_b16a2bf16_vlen010/full_eval_fast10/epoch_0007/summary.json
phase2::actuation_predec_diversity_k070_e3::epoch_0008::transfer,wikiarts5_full_notest_train__distinct5_512_classview_test,transfer,ours_phase2_full_notest,FiberBundle,actuation_predec_diversity_k070_e3,,actuation_predec_diversity_k070_e3,epoch_0008,0.680046024323,0.315578398875,0.684421601125,0.0401251990601,1.61468820969,96.8812925816,8,10,Pre-decoder style section plus generated-delta diversity loss; fast10 transfer-only training-time eval; closed style-flat after e12.,/mnt/i/Github/Latent_Style/SchrodingerBridge/exp/aaai2027_phase2_actuation_predec_diversity_k070_e3_b16a2bf16_vlen010/full_eval_fast10/epoch_0008/summary.json
phase2::actuation_predec_diversity_k070_e3::epoch_0009::transfer,wikiarts5_full_notest_train__distinct5_512_classview_test,transfer,ours_phase2_full_notest,FiberBundle,actuation_predec_diversity_k070_e3,,actuation_predec_diversity_k070_e3,epoch_0009,0.680054484606,0.31558853737,0.68441146263,0.0401336593431,1.63335109154,98.0010654926,8,10,Pre-decoder style section plus generated-delta diversity loss; fast10 transfer-only training-time eval; closed style-flat after e12.,/mnt/i/Github/Latent_Style/SchrodingerBridge/exp/aaai2027_phase2_actuation_predec_diversity_k070_e3_b16a2bf16_vlen010/full_eval_fast10/epoch_0009/summary.json
phase2::actuation_predec_diversity_k070_e3::epoch_0010::transfer,wikiarts5_full_notest_train__distinct5_512_classview_test,transfer,ours_phase2_full_notest,FiberBundle,actuation_predec_diversity_k070_e3,,actuation_predec_diversity_k070_e3,epoch_0010,0.680078352094,0.31556407433,0.68443592567,0.0401575268311,1.61432175239,96.8593051434,8,10,Pre-decoder style section plus generated-delta diversity loss; fast10 transfer-only training-time eval; closed style-flat after e12.,/mnt/i/Github/Latent_Style/SchrodingerBridge/exp/aaai2027_phase2_actuation_predec_diversity_k070_e3_b16a2bf16_vlen010/full_eval_fast10/epoch_0010/summary.json
phase2::actuation_predec_diversity_k070_e3::epoch_0011::transfer,wikiarts5_full_notest_train__distinct5_512_classview_test,transfer,ours_phase2_full_notest,FiberBundle,actuation_predec_diversity_k070_e3,,actuation_predec_diversity_k070_e3,epoch_0011,0.680059865117,0.31555544429,0.68444455571,0.0401390398541,1.61777198315,97.0663189888,8,10,Pre-decoder style section plus generated-delta diversity loss; fast10 transfer-only training-time eval; closed style-flat after e12.,/mnt/i/Github/Latent_Style/SchrodingerBridge/exp/aaai2027_phase2_actuation_predec_diversity_k070_e3_b16a2bf16_vlen010/full_eval_fast10/epoch_0011/summary.json
phase2::actuation_predec_diversity_k070_e3::epoch_0012::transfer,wikiarts5_full_notest_train__distinct5_512_classview_test,transfer,ours_phase2_full_notest,FiberBundle,actuation_predec_diversity_k070_e3,,actuation_predec_diversity_k070_e3,epoch_0012,0.68007647872,0.315551286925,0.684448713075,0.0401556534571,1.61670840184,97.0025041103,8,10,Pre-decoder style section plus generated-delta diversity loss; fast10 transfer-only training-time eval; closed style-flat after e12.,/mnt/i/Github/Latent_Style/SchrodingerBridge/exp/aaai2027_phase2_actuation_predec_diversity_k070_e3_b16a2bf16_vlen010/full_eval_fast10/epoch_0012/summary.json
phase2::actuation_predec_section_k070_e3::epoch_0001::transfer,wikiarts5_full_notest_train__distinct5_512_classview_test,transfer,ours_phase2_full_notest,FiberBundle,actuation_predec_section_k070_e3,,actuation_predec_section_k070_e3,epoch_0001,0.680105665624,0.31559134153,0.68440865847,0.0401848403611,,,8,10,"Pre-decoder style section injection-only fast10 transfer curve; e3 best style, e18 final; flat/negative for style actuation.",/mnt/i/Github/Latent_Style/SchrodingerBridge/exp/aaai2027_phase2_actuation_predec_section_k070_e3_b16a2bf16_vlen010/full_eval_fast10/epoch_0001/summary.json
phase2::actuation_predec_section_k070_e3::epoch_0002::transfer,wikiarts5_full_notest_train__distinct5_512_classview_test,transfer,ours_phase2_full_notest,FiberBundle,actuation_predec_section_k070_e3,,actuation_predec_section_k070_e3,epoch_0002,0.680117499828,0.315599494775,0.684400505225,0.0401966745651,,,8,10,"Pre-decoder style section injection-only fast10 transfer curve; e3 best style, e18 final; flat/negative for style actuation.",/mnt/i/Github/Latent_Style/SchrodingerBridge/exp/aaai2027_phase2_actuation_predec_section_k070_e3_b16a2bf16_vlen010/full_eval_fast10/epoch_0002/summary.json
phase2::actuation_predec_section_k070_e3::epoch_0003::transfer,wikiarts5_full_notest_train__distinct5_512_classview_test,transfer,ours_phase2_full_notest,FiberBundle,actuation_predec_section_k070_e3,PreDec e3 flat,actuation_predec_section_k070_e3,epoch_0003,0.680121080577,0.315600196295,0.684399803705,0.0402002553141,,,18,-20,"Pre-decoder style section injection-only fast10 transfer curve; e3 best style, e18 final; flat/negative for style actuation.",/mnt/i/Github/Latent_Style/SchrodingerBridge/exp/aaai2027_phase2_actuation_predec_section_k070_e3_b16a2bf16_vlen010/full_eval_fast10/epoch_0003/summary.json
phase2::actuation_predec_section_k070_e3::epoch_0004::transfer,wikiarts5_full_notest_train__distinct5_512_classview_test,transfer,ours_phase2_full_notest,FiberBundle,actuation_predec_section_k070_e3,,actuation_predec_section_k070_e3,epoch_0004,0.68010178715,0.3156044306,0.6843955694,0.0401809618871,,,8,10,"Pre-decoder style section injection-only fast10 transfer curve; e3 best style, e18 final; flat/negative for style actuation.",/mnt/i/Github/Latent_Style/SchrodingerBridge/exp/aaai2027_phase2_actuation_predec_section_k070_e3_b16a2bf16_vlen010/full_eval_fast10/epoch_0004/summary.json
phase2::actuation_predec_section_k070_e3::epoch_0005::transfer,wikiarts5_full_notest_train__distinct5_512_classview_test,transfer,ours_phase2_full_notest,FiberBundle,actuation_predec_section_k070_e3,,actuation_predec_section_k070_e3,epoch_0005,0.680105545819,0.3155730282,0.6844269718,0.0401847205561,,,8,10,"Pre-decoder style section injection-only fast10 transfer curve; e3 best style, e18 final; flat/negative for style actuation.",/mnt/i/Github/Latent_Style/SchrodingerBridge/exp/aaai2027_phase2_actuation_predec_section_k070_e3_b16a2bf16_vlen010/full_eval_fast10/epoch_0005/summary.json
phase2::actuation_predec_section_k070_e3::epoch_0006::transfer,wikiarts5_full_notest_train__distinct5_512_classview_test,transfer,ours_phase2_full_notest,FiberBundle,actuation_predec_section_k070_e3,,actuation_predec_section_k070_e3,epoch_0006,0.680070329309,0.31557309435,0.68442690565,0.0401495040461,,,8,10,"Pre-decoder style section injection-only fast10 transfer curve; e3 best style, e18 final; flat/negative for style actuation.",/mnt/i/Github/Latent_Style/SchrodingerBridge/exp/aaai2027_phase2_actuation_predec_section_k070_e3_b16a2bf16_vlen010/full_eval_fast10/epoch_0006/summary.json
phase2::actuation_predec_section_k070_e3::epoch_0007::transfer,wikiarts5_full_notest_train__distinct5_512_classview_test,transfer,ours_phase2_full_notest,FiberBundle,actuation_predec_section_k070_e3,,actuation_predec_section_k070_e3,epoch_0007,0.680062379539,0.31558294965,0.68441705035,0.0401415542761,,,8,10,"Pre-decoder style section injection-only fast10 transfer curve; e3 best style, e18 final; flat/negative for style actuation.",/mnt/i/Github/Latent_Style/SchrodingerBridge/exp/aaai2027_phase2_actuation_predec_section_k070_e3_b16a2bf16_vlen010/full_eval_fast10/epoch_0007/summary.json
phase2::actuation_predec_section_k070_e3::epoch_0008::transfer,wikiarts5_full_notest_train__distinct5_512_classview_test,transfer,ours_phase2_full_notest,FiberBundle,actuation_predec_section_k070_e3,,actuation_predec_section_k070_e3,epoch_0008,0.680074174702,0.31556886903,0.68443113097,0.0401533494391,,,8,10,"Pre-decoder style section injection-only fast10 transfer curve; e3 best style, e18 final; flat/negative for style actuation.",/mnt/i/Github/Latent_Style/SchrodingerBridge/exp/aaai2027_phase2_actuation_predec_section_k070_e3_b16a2bf16_vlen010/full_eval_fast10/epoch_0008/summary.json
phase2::actuation_predec_section_k070_e3::epoch_0009::transfer,wikiarts5_full_notest_train__distinct5_512_classview_test,transfer,ours_phase2_full_notest,FiberBundle,actuation_predec_section_k070_e3,,actuation_predec_section_k070_e3,epoch_0009,0.680073921084,0.31556240227,0.68443759773,0.0401530958211,,,8,10,"Pre-decoder style section injection-only fast10 transfer curve; e3 best style, e18 final; flat/negative for style actuation.",/mnt/i/Github/Latent_Style/SchrodingerBridge/exp/aaai2027_phase2_actuation_predec_section_k070_e3_b16a2bf16_vlen010/full_eval_fast10/epoch_0009/summary.json
phase2::actuation_predec_section_k070_e3::epoch_0010::transfer,wikiarts5_full_notest_train__distinct5_512_classview_test,transfer,ours_phase2_full_notest,FiberBundle,actuation_predec_section_k070_e3,,actuation_predec_section_k070_e3,epoch_0010,0.680037472248,0.315541179075,0.684458820925,0.0401166469851,,,8,10,"Pre-decoder style section injection-only fast10 transfer curve; e3 best style, e18 final; flat/negative for style actuation.",/mnt/i/Github/Latent_Style/SchrodingerBridge/exp/aaai2027_phase2_actuation_predec_section_k070_e3_b16a2bf16_vlen010/full_eval_fast10/epoch_0010/summary.json
phase2::actuation_predec_section_k070_e3::epoch_0011::transfer,wikiarts5_full_notest_train__distinct5_512_classview_test,transfer,ours_phase2_full_notest,FiberBundle,actuation_predec_section_k070_e3,,actuation_predec_section_k070_e3,epoch_0011,0.680068379343,0.31553291045,0.68446708955,0.0401475540801,,,8,10,"Pre-decoder style section injection-only fast10 transfer curve; e3 best style, e18 final; flat/negative for style actuation.",/mnt/i/Github/Latent_Style/SchrodingerBridge/exp/aaai2027_phase2_actuation_predec_section_k070_e3_b16a2bf16_vlen010/full_eval_fast10/epoch_0011/summary.json
phase2::actuation_predec_section_k070_e3::epoch_0012::transfer,wikiarts5_full_notest_train__distinct5_512_classview_test,transfer,ours_phase2_full_notest,FiberBundle,actuation_predec_section_k070_e3,,actuation_predec_section_k070_e3,epoch_0012,0.680066308379,0.31552377602,0.68447622398,0.0401454831161,,,8,10,"Pre-decoder style section injection-only fast10 transfer curve; e3 best style, e18 final; flat/negative for style actuation.",/mnt/i/Github/Latent_Style/SchrodingerBridge/exp/aaai2027_phase2_actuation_predec_section_k070_e3_b16a2bf16_vlen010/full_eval_fast10/epoch_0012/summary.json
phase2::actuation_predec_section_k070_e3::epoch_0013::transfer,wikiarts5_full_notest_train__distinct5_512_classview_test,transfer,ours_phase2_full_notest,FiberBundle,actuation_predec_section_k070_e3,,actuation_predec_section_k070_e3,epoch_0013,0.6800541839,0.31553048183,0.68446951817,0.0401333586371,,,8,10,"Pre-decoder style section injection-only fast10 transfer curve; e3 best style, e18 final; flat/negative for style actuation.",/mnt/i/Github/Latent_Style/SchrodingerBridge/exp/aaai2027_phase2_actuation_predec_section_k070_e3_b16a2bf16_vlen010/full_eval_fast10/epoch_0013/summary.json
phase2::actuation_predec_section_k070_e3::epoch_0014::transfer,wikiarts5_full_notest_train__distinct5_512_classview_test,transfer,ours_phase2_full_notest,FiberBundle,actuation_predec_section_k070_e3,,actuation_predec_section_k070_e3,epoch_0014,0.680065484345,0.3155388074,0.6844611926,0.0401446590821,,,8,10,"Pre-decoder style section injection-only fast10 transfer curve; e3 best style, e18 final; flat/negative for style actuation.",/mnt/i/Github/Latent_Style/SchrodingerBridge/exp/aaai2027_phase2_actuation_predec_section_k070_e3_b16a2bf16_vlen010/full_eval_fast10/epoch_0014/summary.json
phase2::actuation_predec_section_k070_e3::epoch_0015::transfer,wikiarts5_full_notest_train__distinct5_512_classview_test,transfer,ours_phase2_full_notest,FiberBundle,actuation_predec_section_k070_e3,,actuation_predec_section_k070_e3,epoch_0015,0.680064246655,0.31553836603,0.68446163397,0.0401434213921,,,8,10,"Pre-decoder style section injection-only fast10 transfer curve; e3 best style, e18 final; flat/negative for style actuation.",/mnt/i/Github/Latent_Style/SchrodingerBridge/exp/aaai2027_phase2_actuation_predec_section_k070_e3_b16a2bf16_vlen010/full_eval_fast10/epoch_0015/summary.json
phase2::actuation_predec_section_k070_e3::epoch_0016::transfer,wikiarts5_full_notest_train__distinct5_512_classview_test,transfer,ours_phase2_full_notest,FiberBundle,actuation_predec_section_k070_e3,,actuation_predec_section_k070_e3,epoch_0016,0.68004602164,0.31554407855,0.68445592145,0.0401251963771,,,8,10,"Pre-decoder style section injection-only fast10 transfer curve; e3 best style, e18 final; flat/negative for style actuation.",/mnt/i/Github/Latent_Style/SchrodingerBridge/exp/aaai2027_phase2_actuation_predec_section_k070_e3_b16a2bf16_vlen010/full_eval_fast10/epoch_0016/summary.json
phase2::actuation_predec_section_k070_e3::epoch_0017::transfer,wikiarts5_full_notest_train__distinct5_512_classview_test,transfer,ours_phase2_full_notest,FiberBundle,actuation_predec_section_k070_e3,,actuation_predec_section_k070_e3,epoch_0017,0.680082574487,0.31553674112,0.68446325888,0.0401617492241,,,8,10,"Pre-decoder style section injection-only fast10 transfer curve; e3 best style, e18 final; flat/negative for style actuation.",/mnt/i/Github/Latent_Style/SchrodingerBridge/exp/aaai2027_phase2_actuation_predec_section_k070_e3_b16a2bf16_vlen010/full_eval_fast10/epoch_0017/summary.json
phase2::actuation_predec_section_k070_e3::epoch_0018::transfer,wikiarts5_full_notest_train__distinct5_512_classview_test,transfer,ours_phase2_full_notest,FiberBundle,actuation_predec_section_k070_e3,PreDec e18,actuation_predec_section_k070_e3,epoch_0018,0.680047422945,0.315528295475,0.684471704525,0.0401265976821,,,18,16,"Pre-decoder style section injection-only fast10 transfer curve; e3 best style, e18 final; flat/negative for style actuation.",/mnt/i/Github/Latent_Style/SchrodingerBridge/exp/aaai2027_phase2_actuation_predec_section_k070_e3_b16a2bf16_vlen010/full_eval_fast10/epoch_0018/summary.json
phase2::actuation_proximal_texture_k070_e3::epoch_0001::transfer,wikiarts5_full_notest_train__distinct5_512_classview_test,transfer,ours_phase2_full_notest,FiberBundle,actuation_proximal_texture_k070_e3,,actuation_proximal_texture_k070_e3,epoch_0001,0.672446968158,0.312461007032,0.687538992968,0.0325261428951,,,8,10,Proximal texture residual injection-only probe from k070 epoch_0003; full transfer eval points only.,/mnt/i/Github/Latent_Style/SchrodingerBridge/exp/aaai2027_phase2_actuation_proximal_texture_k070_e3_b16a2bf16_vlen010/full_eval/epoch_0001/summary.json
phase2::actuation_proximal_texture_k070_e3::epoch_0002::transfer,wikiarts5_full_notest_train__distinct5_512_classview_test,transfer,ours_phase2_full_notest,FiberBundle,actuation_proximal_texture_k070_e3,,actuation_proximal_texture_k070_e3,epoch_0002,0.671845917106,0.313755835723,0.686244164277,0.0319250918431,,,8,10,Proximal texture residual injection-only probe from k070 epoch_0003; full transfer eval points only.,/mnt/i/Github/Latent_Style/SchrodingerBridge/exp/aaai2027_phase2_actuation_proximal_texture_k070_e3_b16a2bf16_vlen010/full_eval/epoch_0002/summary.json
phase2::actuation_proximal_texture_k070_e3::epoch_0003::transfer,wikiarts5_full_notest_train__distinct5_512_classview_test,transfer,ours_phase2_full_notest,FiberBundle,actuation_proximal_texture_k070_e3,,actuation_proximal_texture_k070_e3,epoch_0003,0.672419591894,0.314827287557,0.685172712443,0.0324987666311,,,8,10,Proximal texture residual injection-only probe from k070 epoch_0003; full transfer eval points only.,/mnt/i/Github/Latent_Style/SchrodingerBridge/exp/aaai2027_phase2_actuation_proximal_texture_k070_e3_b16a2bf16_vlen010/full_eval/epoch_0003/summary.json
phase2::actuation_proximal_texture_k070_e3::epoch_0004::transfer,wikiarts5_full_notest_train__distinct5_512_classview_test,transfer,ours_phase2_full_notest,FiberBundle,actuation_proximal_texture_k070_e3,,actuation_proximal_texture_k070_e3,epoch_0004,0.672948786269,0.32217973058,0.67782026942,0.0330279610061,,,8,10,Proximal texture residual injection-only probe from k070 epoch_0003; full transfer eval points only.,/mnt/i/Github/Latent_Style/SchrodingerBridge/exp/aaai2027_phase2_actuation_proximal_texture_k070_e3_b16a2bf16_vlen010/full_eval/epoch_0004/summary.json
phase2::actuation_proximal_texture_k070_e3::epoch_0005::transfer,wikiarts5_full_notest_train__distinct5_512_classview_test,transfer,ours_phase2_full_notest,FiberBundle,actuation_proximal_texture_k070_e3,,actuation_proximal_texture_k070_e3,epoch_0005,0.67173997586,0.328618456613,0.671381543387,0.0318191505971,,,8,10,Proximal texture residual injection-only probe from k070 epoch_0003; full transfer eval points only.,/mnt/i/Github/Latent_Style/SchrodingerBridge/exp/aaai2027_phase2_actuation_proximal_texture_k070_e3_b16a2bf16_vlen010/full_eval/epoch_0005/summary.json
phase2::actuation_proximal_texture_k070_e3::epoch_0006::transfer,wikiarts5_full_notest_train__distinct5_512_classview_test,transfer,ours_phase2_full_notest,FiberBundle,actuation_proximal_texture_k070_e3,,actuation_proximal_texture_k070_e3,epoch_0006,0.673383936882,0.327237506033,0.672762493967,0.0334631116191,,,8,10,Proximal texture residual injection-only probe from k070 epoch_0003; full transfer eval points only.,/mnt/i/Github/Latent_Style/SchrodingerBridge/exp/aaai2027_phase2_actuation_proximal_texture_k070_e3_b16a2bf16_vlen010/full_eval/epoch_0006/summary.json
phase2::actuation_proximal_texture_k070_e3::epoch_0009::transfer,wikiarts5_full_notest_train__distinct5_512_classview_test,transfer,ours_phase2_full_notest,FiberBundle,actuation_proximal_texture_k070_e3,,actuation_proximal_texture_k070_e3,epoch_0009,0.674190186461,0.32993060175,0.67006939825,0.0342693611981,,,8,10,Proximal texture residual confirmation full-transfer points; e9 fast10 best and e14 final.,/mnt/i/Github/Latent_Style/SchrodingerBridge/exp/aaai2027_phase2_actuation_proximal_texture_k070_e3_b16a2bf16_vlen010/full_eval_confirm/epoch_0009/summary.json
phase2::actuation_proximal_texture_k070_e3::epoch_0014::transfer,wikiarts5_full_notest_train__distinct5_512_classview_test,transfer,ours_phase2_full_notest,FiberBundle,actuation_proximal_texture_k070_e3,,actuation_proximal_texture_k070_e3,epoch_0014,0.673760017256,0.331171167925,0.668828832075,0.0338391919931,,,8,10,Proximal texture residual confirmation full-transfer points; e9 fast10 best and e14 final.,/mnt/i/Github/Latent_Style/SchrodingerBridge/exp/aaai2027_phase2_actuation_proximal_texture_k070_e3_b16a2bf16_vlen010/full_eval_confirm/epoch_0014/summary.json
phase2::actuation_spatial_carriergate_k070_e3::epoch_0001::transfer,wikiarts5_full_notest_train__distinct5_512_classview_test,transfer,ours_phase2_full_notest,FiberBundle,actuation_spatial_carriergate_k070_e3,Carrier e1,actuation_spatial_carriergate_k070_e3,epoch_0001,0.671841052721,0.314632633107,0.685367366893,0.0319202274581,2.35333333333,141.2,18,12,Spatial carrier gate injection-only probe from k070 epoch_0003; e1 transfer eval wall 214.8s; first point is in-band but not style-positive vs parent.,SchrodingerBridge\docs\experiments\phase2_fiber_bundle\eval\actuation_spatial_carriergate_k070_e3\epoch_0001\summary.json
phase2::actuation_spatial_carriergate_k070_e3::epoch_0002::transfer,wikiarts5_full_notest_train__distinct5_512_classview_test,transfer,ours_phase2_full_notest,FiberBundle,actuation_spatial_carriergate_k070_e3,Carrier e2 flat,actuation_spatial_carriergate_k070_e3,epoch_0002,0.671823772887,0.314633152217,0.685366847783,0.0319029476241,1.74166666667,104.5,18,-18,"Spatial carrier gate injection-only probe from k070 epoch_0003; e2 transfer is flat vs e1, suggesting the shallow carrier gate is not yet actuating style.",SchrodingerBridge\docs\experiments\phase2_fiber_bundle\eval\actuation_spatial_carriergate_k070_e3\epoch_0002\summary.json
phase2::actuation_spatial_carriergate_k070_e3::epoch_0003::transfer,wikiarts5_full_notest_train__distinct5_512_classview_test,transfer,ours_phase2_full_notest,FiberBundle,actuation_spatial_carriergate_k070_e3,,actuation_spatial_carriergate_k070_e3,epoch_0003,0.67161504363,0.314685337017,0.685314662983,0.0316942183671,1.73833333333,104.3,8,10,"Spatial carrier gate injection-only probe from k070 epoch_0003; e3 transfer style is below e1/e2 with no LPIPS gain, early negative evidence.",SchrodingerBridge\docs\experiments\phase2_fiber_bundle\eval\actuation_spatial_carriergate_k070_e3\epoch_0003\summary.json
phase2::actuation_spatial_carriergate_k070_e3::epoch_0004::transfer,wikiarts5_full_notest_train__distinct5_512_classview_test,transfer,ours_phase2_full_notest,FiberBundle,actuation_spatial_carriergate_k070_e3,Carrier stop,actuation_spatial_carriergate_k070_e3,epoch_0004,0.671725476036,0.314793271627,0.685206728373,0.0318046507731,1.74166666667,104.5,24,-34,"Spatial carrier gate injection-only probe from k070 epoch_0003; e4 tail did not recover style and worsened LPIPS, stopped as negative actuation evidence.",SchrodingerBridge\docs\experiments\phase2_fiber_bundle\eval\actuation_spatial_carriergate_k070_e3\epoch_0004\summary.json
phase2::appearance_blend_k070_e3::blend0p0::transfer,wikiarts5_full_notest_train__distinct5_512_classview_test,transfer,ours_phase2_full_notest,FiberBundle,appearance_blend_k070_e3,,appearance_blend_k070_e3,blend0p0,0.671748034755,0.314596449933,0.685403550067,0.0318272094921,,,8,10,Eval-only output appearance blend scan from k070 epoch_0003; only output_appearance_blend changes.,SchrodingerBridge\docs\experiments\phase2_fiber_bundle\eval\appearance_blend_k070_e3\blend0p0\summary.json
phase2::appearance_blend_k070_e3::blend0p5::transfer,wikiarts5_full_notest_train__distinct5_512_classview_test,transfer,ours_phase2_full_notest,FiberBundle,appearance_blend_k070_e3,,appearance_blend_k070_e3,blend0p5,0.671748034755,0.314596449933,0.685403550067,0.0318272094921,,,8,10,Eval-only output appearance blend scan from k070 epoch_0003; only output_appearance_blend changes.,SchrodingerBridge\docs\experiments\phase2_fiber_bundle\eval\appearance_blend_k070_e3\blend0p5\summary.json
phase2::appearance_blend_k070_e3::blend1p0::transfer,wikiarts5_full_notest_train__distinct5_512_classview_test,transfer,ours_phase2_full_notest,FiberBundle,appearance_blend_k070_e3,App flat,appearance_blend_k070_e3,blend1p0,0.671744234562,0.31459506915,0.68540493085,0.0318234092991,,,18,-22,Eval-only output appearance blend scan from k070 epoch_0003; blend=1.0 shows no material style response.,SchrodingerBridge\docs\experiments\phase2_fiber_bundle\eval\appearance_blend_k070_e3\blend1p0\summary.json
phase2::phase2_fiber_sde_fiber_sigma0p01::sigma0p01_fiber::transfer,wikiarts5_full_notest_train__distinct5_512_classview_test,transfer,ours_phase2_full_notest,Fiber-SDE,fiber_sde_fiber_sigma0p01,,fiber_sde_fiber_scan,sigma0p01_fiber,0.671580681105,0.313762323828,0.686237676172,0.0316598558421,,,0,0,Fiber-SDE matched candidate from k070 epoch_0003; fiber-aligned sigma=0.01,SchrodingerBridge\docs\experiments\phase2_fiber_bundle\eval\fiber_sde_sigma0p01\fiber_aligned\summary.json
phase2::phase2_fiber_sde_fiber_sigma0p02::sigma0p02_fiber::transfer,wikiarts5_full_notest_train__distinct5_512_classview_test,transfer,ours_phase2_full_notest,Fiber-SDE,fiber_sde_fiber_sigma0p02,,fiber_sde_fiber_scan,sigma0p02_fiber,0.671817516784,0.314935842092,0.685064157908,0.0318966915211,,,0,0,Fiber-SDE matched candidate from k070 epoch_0003; fiber-aligned sigma=0.02,SchrodingerBridge\docs\experiments\phase2_fiber_bundle\eval\fiber_sde_sigma0p02\fiber_aligned\summary.json
phase2::phase2_fiber_sde_fiber_sigma0p03::sigma0p03_fiber::transfer,wikiarts5_full_notest_train__distinct5_512_classview_test,transfer,ours_phase2_full_notest,Fiber-SDE,fiber_sde_fiber_sigma0p03,SDE s0.03 knee,fiber_sde_fiber_scan,sigma0p03_fiber,0.673404581249,0.316883480492,0.683116519508,0.0334837559861,,,-88,-12,Fiber-SDE matched candidate from k070 epoch_0003; fiber-aligned sigma=0.03,SchrodingerBridge\docs\experiments\phase2_fiber_bundle\eval\fiber_sde_sigma0p03\fiber_aligned\summary.json
phase2::phase2_fiber_sde_fiber_sigma0p05::sigma0p05_fiber::transfer,wikiarts5_full_notest_train__distinct5_512_classview_test,transfer,ours_phase2_full_notest,Fiber-SDE,fiber_sde_fiber_sigma0p05,s0.05 style,fiber_sde_fiber_scan,sigma0p05_fiber,0.675948089411,0.32318949335,0.67681050665,0.0360272641481,,,-18,28,Fiber-SDE matched candidate from k070 epoch_0003; fiber-aligned sigma=0.05,SchrodingerBridge\docs\experiments\phase2_fiber_bundle\eval\fiber_sde_sigma0p05\fiber_aligned\summary.json
phase2::fiber_sde_fine_k070_e3::sigma0p04_fiber_aligned::transfer,wikiarts5_full_notest_train__distinct5_512_classview_test,transfer,ours_phase2_full_notest,Fiber-SDE,fiber_sde_fine_k070_e3,,fiber_sde_fine_k070_e3,sigma0p04_fiber_aligned,0.674519942403,0.319587121657,0.680412878343,0.0345991171401,,,8,10,Fiber-SDE fine eval-only style-ceiling extension from k070 epoch_0003; seed=42; no training.,SchrodingerBridge\docs\experiments\phase2_fiber_bundle\eval\fiber_sde_sigma0p04\fiber_aligned\summary.json
phase2::fiber_sde_fine_k070_e3::sigma0p04_isotropic::transfer,wikiarts5_full_notest_train__distinct5_512_classview_test,transfer,ours_phase2_full_notest,Fiber-SDE,fiber_sde_fine_k070_e3,,fiber_sde_fine_k070_e3,sigma0p04_isotropic,0.674624473304,0.319511826625,0.680488173375,0.0347036480411,,,8,10,Fiber-SDE fine eval-only style-ceiling extension from k070 epoch_0003; seed=42; no training.,SchrodingerBridge\docs\experiments\phase2_fiber_bundle\eval\fiber_sde_sigma0p04\isotropic\summary.json
phase2::fiber_sde_fine_k070_e3::sigma0p06_fiber_aligned::transfer,wikiarts5_full_notest_train__distinct5_512_classview_test,transfer,ours_phase2_full_notest,Fiber-SDE,fiber_sde_fine_k070_e3,,fiber_sde_fine_k070_e3,sigma0p06_fiber_aligned,0.677540982614,0.327566897517,0.672433102483,0.0376201573511,,,8,10,Fiber-SDE fine eval-only style-ceiling extension from k070 epoch_0003; seed=42; no training.,SchrodingerBridge\docs\experiments\phase2_fiber_bundle\eval\fiber_sde_sigma0p06\fiber_aligned\summary.json
phase2::fiber_sde_fine_k070_e3::sigma0p06_isotropic::transfer,wikiarts5_full_notest_train__distinct5_512_classview_test,transfer,ours_phase2_full_notest,Fiber-SDE,fiber_sde_fine_k070_e3,,fiber_sde_fine_k070_e3,sigma0p06_isotropic,0.677688208073,0.327456135508,0.672543864492,0.0377673828101,,,8,10,Fiber-SDE fine eval-only style-ceiling extension from k070 epoch_0003; seed=42; no training.,SchrodingerBridge\docs\experiments\phase2_fiber_bundle\eval\fiber_sde_sigma0p06\isotropic\summary.json
phase2::fiber_sde_fine_k070_e3::sigma0p08_fiber_aligned::transfer,wikiarts5_full_notest_train__distinct5_512_classview_test,transfer,ours_phase2_full_notest,Fiber-SDE,fiber_sde_fine_k070_e3,,fiber_sde_fine_k070_e3,sigma0p08_fiber_aligned,0.681074967782,0.339062708267,0.660937291733,0.0411541425191,,,8,10,Fiber-SDE fine eval-only style-ceiling extension from k070 epoch_0003; seed=42; no training.,SchrodingerBridge\docs\experiments\phase2_fiber_bundle\eval\fiber_sde_sigma0p08\fiber_aligned\summary.json
phase2::fiber_sde_fine_k070_e3::sigma0p08_isotropic::transfer,wikiarts5_full_notest_train__distinct5_512_classview_test,transfer,ours_phase2_full_notest,Fiber-SDE,fiber_sde_fine_k070_e3,SDE s0.08 ceiling,fiber_sde_fine_k070_e3,sigma0p08_isotropic,0.681006688376,0.339036145583,0.660963854417,0.0410858631131,,,24,-18,Fiber-SDE fine eval-only style ceiling from k070 epoch_0003; seed=42; no training.,SchrodingerBridge\docs\experiments\phase2_fiber_bundle\eval\fiber_sde_sigma0p08\isotropic\summary.json
phase2::phase2_fiber_sde_iso_sigma0p01::sigma0p01_iso::transfer,wikiarts5_full_notest_train__distinct5_512_classview_test,transfer,ours_phase2_full_notest,Fiber-SDE,fiber_sde_iso_sigma0p01,,fiber_sde_iso_scan,sigma0p01_iso,0.671501160214,0.313795016233,0.686204983767,0.0315803349511,,,0,0,Fiber-SDE matched control from k070 epoch_0003; isotropic sigma=0.01,SchrodingerBridge\docs\experiments\phase2_fiber_bundle\eval\fiber_sde_sigma0p01\isotropic\summary.json
phase2::phase2_fiber_sde_iso_sigma0p02::sigma0p02_iso::transfer,wikiarts5_full_notest_train__distinct5_512_classview_test,transfer,ours_phase2_full_notest,Fiber-SDE,fiber_sde_iso_sigma0p02,,fiber_sde_iso_scan,sigma0p02_iso,0.67203065758,0.31499005035,0.68500994965,0.0321098323171,,,0,0,Fiber-SDE matched control from k070 epoch_0003; isotropic sigma=0.02,SchrodingerBridge\docs\experiments\phase2_fiber_bundle\eval\fiber_sde_sigma0p02\isotropic\summary.json
phase2::phase2_fiber_sde_iso_sigma0p03::sigma0p03_iso::transfer,wikiarts5_full_notest_train__distinct5_512_classview_test,transfer,ours_phase2_full_notest,Fiber-SDE,fiber_sde_iso_sigma0p03,,fiber_sde_iso_scan,sigma0p03_iso,0.673391355375,0.316893661867,0.683106338133,0.0334705301121,,,0,0,Fiber-SDE matched control from k070 epoch_0003; isotropic sigma=0.03,SchrodingerBridge\docs\experiments\phase2_fiber_bundle\eval\fiber_sde_sigma0p03\isotropic\summary.json
phase2::phase2_fiber_sde_iso_sigma0p05::sigma0p05_iso::transfer,wikiarts5_full_notest_train__distinct5_512_classview_test,transfer,ours_phase2_full_notest,Fiber-SDE,fiber_sde_iso_sigma0p05,,fiber_sde_iso_scan,sigma0p05_iso,0.675926605264,0.32295273626,0.67704726374,0.0360057800011,,,0,0,Fiber-SDE matched control from k070 epoch_0003; isotropic sigma=0.05,SchrodingerBridge\docs\experiments\phase2_fiber_bundle\eval\fiber_sde_sigma0p05\isotropic\summary.json
phase2::i2sb_abs_content_anchor_k070_e3_sigma0p02::epoch_0001::transfer,wikiarts5_full_notest_train__distinct5_512_classview_test,transfer,ours_phase2_full_notest,FiberBundle,i2sb_abs_content_anchor_k070_e3_sigma0p02,Anchor e1,i2sb_abs_content_anchor_k070_e3_sigma0p02,epoch_0001,0.691647020876,0.5176384624,0.4823615376,0.0517261956131,,,14,-12,I2SB absolute sigma0p02 plus conservative content lowpass/edge anchor; transfer-only training-time eval. Early curve keeps high LPIPS; e4 is current best but still out of band.,/mnt/i/Github/Latent_Style/SchrodingerBridge/exp/aaai2027_phase2_i2sb_abs_content_anchor_k070_e3_sigma0p02_b8a2_vlen010/full_eval_fast10/epoch_0001/summary.json
phase2::i2sb_abs_content_anchor_k070_e3_sigma0p02::epoch_0002::transfer,wikiarts5_full_notest_train__distinct5_512_classview_test,transfer,ours_phase2_full_notest,FiberBundle,i2sb_abs_content_anchor_k070_e3_sigma0p02,Anchor e2,i2sb_abs_content_anchor_k070_e3_sigma0p02,epoch_0002,0.701186407506,0.528430894,0.471569106,0.0612655822431,,,14,-12,I2SB absolute sigma0p02 plus conservative content lowpass/edge anchor; transfer-only training-time eval. Early curve keeps high LPIPS; e4 is current best but still out of band.,/mnt/i/Github/Latent_Style/SchrodingerBridge/exp/aaai2027_phase2_i2sb_abs_content_anchor_k070_e3_sigma0p02_b8a2_vlen010/full_eval_fast10/epoch_0002/summary.json
phase2::i2sb_abs_content_anchor_k070_e3_sigma0p02::epoch_0003::transfer,wikiarts5_full_notest_train__distinct5_512_classview_test,transfer,ours_phase2_full_notest,FiberBundle,i2sb_abs_content_anchor_k070_e3_sigma0p02,Anchor e3,i2sb_abs_content_anchor_k070_e3_sigma0p02,epoch_0003,0.696942715645,0.5009765767,0.4990234233,0.0570218903821,,,14,-12,I2SB absolute sigma0p02 plus conservative content lowpass/edge anchor; transfer-only training-time eval. Early curve keeps high LPIPS; e4 is current best but still out of band.,/mnt/i/Github/Latent_Style/SchrodingerBridge/exp/aaai2027_phase2_i2sb_abs_content_anchor_k070_e3_sigma0p02_b8a2_vlen010/full_eval_fast10/epoch_0003/summary.json
phase2::i2sb_abs_content_anchor_k070_e3_sigma0p02::epoch_0004::transfer,wikiarts5_full_notest_train__distinct5_512_classview_test,transfer,ours_phase2_full_notest,FiberBundle,i2sb_abs_content_anchor_k070_e3_sigma0p02,Anchor e4,i2sb_abs_content_anchor_k070_e3_sigma0p02,epoch_0004,0.70395334363,0.45860676535,0.54139323465,0.0640325183671,,,14,-12,I2SB absolute sigma0p02 plus conservative content lowpass/edge anchor; transfer-only training-time eval. Early curve keeps high LPIPS; e4 is current best but still out of band.,/mnt/i/Github/Latent_Style/SchrodingerBridge/exp/aaai2027_phase2_i2sb_abs_content_anchor_k070_e3_sigma0p02_b8a2_vlen010/full_eval_fast10/epoch_0004/summary.json
phase2::i2sb_abs_content_anchor_k070_e3_sigma0p02::epoch_0005::transfer,wikiarts5_full_notest_train__distinct5_512_classview_test,transfer,ours_phase2_full_notest,FiberBundle,i2sb_abs_content_anchor_k070_e3_sigma0p02,,i2sb_abs_content_anchor_k070_e3_sigma0p02,epoch_0005,0.698749197125,0.46897096375,0.53102903625,0.0588283718621,,,0,0,"I2SB absolute sigma0p02 plus conservative content lowpass/edge anchor; closure tail e5-e8 confirms high-LPIPS coupled anchor, not promoted.",/mnt/i/Github/Latent_Style/SchrodingerBridge/exp/aaai2027_phase2_i2sb_abs_content_anchor_k070_e3_sigma0p02_b8a2_vlen010/full_eval_fast10/epoch_0005/summary.json
phase2::i2sb_abs_content_anchor_k070_e3_sigma0p02::epoch_0006::transfer,wikiarts5_full_notest_train__distinct5_512_classview_test,transfer,ours_phase2_full_notest,FiberBundle,i2sb_abs_content_anchor_k070_e3_sigma0p02,,i2sb_abs_content_anchor_k070_e3_sigma0p02,epoch_0006,0.703570012152,0.4453558819,0.5546441181,0.0636491868891,,,0,0,"I2SB absolute sigma0p02 plus conservative content lowpass/edge anchor; closure tail e5-e8 confirms high-LPIPS coupled anchor, not promoted.",/mnt/i/Github/Latent_Style/SchrodingerBridge/exp/aaai2027_phase2_i2sb_abs_content_anchor_k070_e3_sigma0p02_b8a2_vlen010/full_eval_fast10/epoch_0006/summary.json
phase2::i2sb_abs_content_anchor_k070_e3_sigma0p02::epoch_0007::transfer,wikiarts5_full_notest_train__distinct5_512_classview_test,transfer,ours_phase2_full_notest,FiberBundle,i2sb_abs_content_anchor_k070_e3_sigma0p02,,i2sb_abs_content_anchor_k070_e3_sigma0p02,epoch_0007,0.683597187102,0.4398353937,0.5601646063,0.0436763618391,,,0,0,"I2SB absolute sigma0p02 plus conservative content lowpass/edge anchor; closure tail e5-e8 confirms high-LPIPS coupled anchor, not promoted.",/mnt/i/Github/Latent_Style/SchrodingerBridge/exp/aaai2027_phase2_i2sb_abs_content_anchor_k070_e3_sigma0p02_b8a2_vlen010/full_eval_fast10/epoch_0007/summary.json
phase2::i2sb_abs_content_anchor_k070_e3_sigma0p02::epoch_0008::transfer,wikiarts5_full_notest_train__distinct5_512_classview_test,transfer,ours_phase2_full_notest,FiberBundle,i2sb_abs_content_anchor_k070_e3_sigma0p02,,i2sb_abs_content_anchor_k070_e3_sigma0p02,epoch_0008,0.695960554779,0.45331561575,0.54668438425,0.0560397295161,,,0,0,"I2SB absolute sigma0p02 plus conservative content lowpass/edge anchor; closure tail e5-e8 confirms high-LPIPS coupled anchor, not promoted.",/mnt/i/Github/Latent_Style/SchrodingerBridge/exp/aaai2027_phase2_i2sb_abs_content_anchor_k070_e3_sigma0p02_b8a2_vlen010/full_eval_fast10/epoch_0008/summary.json
phase2::i2sb_blend025_k070_e3_sigma0p02::epoch_0001::transfer,wikiarts5_full_notest_train__distinct5_512_classview_test,transfer,ours_phase2_full_notest,FiberBundle,i2sb_blend025_k070_e3_sigma0p02,,i2sb_blend025_k070_e3_sigma0p02,epoch_0001,0.689644969702,0.4665115498,0.5334884502,0.0497241444391,,,8,10,"I2SB endpoint blend0p25 from k070 epoch_0003; structure anchor lowers LPIPS but style stays below 0.700, closed negative.",/mnt/i/Github/Latent_Style/SchrodingerBridge/exp/aaai2027_phase2_i2sb_blend025_k070_e3_sigma0p02_b8a2_vlen010/full_eval_fast10/epoch_0001/summary.json
phase2::i2sb_blend025_k070_e3_sigma0p02::epoch_0002::transfer,wikiarts5_full_notest_train__distinct5_512_classview_test,transfer,ours_phase2_full_notest,FiberBundle,i2sb_blend025_k070_e3_sigma0p02,,i2sb_blend025_k070_e3_sigma0p02,epoch_0002,0.694566753805,0.415258128,0.584741872,0.0546459285421,,,8,10,"I2SB endpoint blend0p25 from k070 epoch_0003; structure anchor lowers LPIPS but style stays below 0.700, closed negative.",/mnt/i/Github/Latent_Style/SchrodingerBridge/exp/aaai2027_phase2_i2sb_blend025_k070_e3_sigma0p02_b8a2_vlen010/full_eval_fast10/epoch_0002/summary.json
phase2::i2sb_blend025_k070_e3_sigma0p02::epoch_0003::transfer,wikiarts5_full_notest_train__distinct5_512_classview_test,transfer,ours_phase2_full_notest,FiberBundle,i2sb_blend025_k070_e3_sigma0p02,,i2sb_blend025_k070_e3_sigma0p02,epoch_0003,0.692074676752,0.4187671034,0.5812328966,0.0521538514891,,,8,10,"I2SB endpoint blend0p25 from k070 epoch_0003; structure anchor lowers LPIPS but style stays below 0.700, closed negative.",/mnt/i/Github/Latent_Style/SchrodingerBridge/exp/aaai2027_phase2_i2sb_blend025_k070_e3_sigma0p02_b8a2_vlen010/full_eval_fast10/epoch_0003/summary.json
phase2::i2sb_blend025_k070_e3_sigma0p02::epoch_0004::transfer,wikiarts5_full_notest_train__distinct5_512_classview_test,transfer,ours_phase2_full_notest,FiberBundle,i2sb_blend025_k070_e3_sigma0p02,,i2sb_blend025_k070_e3_sigma0p02,epoch_0004,0.692661620677,0.4023811777,0.5976188223,0.0527407954141,,,8,10,"I2SB endpoint blend0p25 from k070 epoch_0003; structure anchor lowers LPIPS but style stays below 0.700, closed negative.",/mnt/i/Github/Latent_Style/SchrodingerBridge/exp/aaai2027_phase2_i2sb_blend025_k070_e3_sigma0p02_b8a2_vlen010/full_eval_fast10/epoch_0004/summary.json
phase2::i2sb_blend025_k070_e3_sigma0p02::epoch_0005::transfer,wikiarts5_full_notest_train__distinct5_512_classview_test,transfer,ours_phase2_full_notest,FiberBundle,i2sb_blend025_k070_e3_sigma0p02,,i2sb_blend025_k070_e3_sigma0p02,epoch_0005,0.688027444482,0.4117901628,0.5882098372,0.0481066192191,,,8,10,"I2SB endpoint blend0p25 from k070 epoch_0003; structure anchor lowers LPIPS but style stays below 0.700, closed negative.",/mnt/i/Github/Latent_Style/SchrodingerBridge/exp/aaai2027_phase2_i2sb_blend025_k070_e3_sigma0p02_b8a2_vlen010/full_eval_fast10/epoch_0005/summary.json
phase2::i2sb_blend025_k070_e3_sigma0p02::epoch_0006::transfer,wikiarts5_full_notest_train__distinct5_512_classview_test,transfer,ours_phase2_full_notest,FiberBundle,i2sb_blend025_k070_e3_sigma0p02,,i2sb_blend025_k070_e3_sigma0p02,epoch_0006,0.690438784063,0.38217878255,0.61782121745,0.0505179588001,,,8,10,"I2SB endpoint blend0p25 from k070 epoch_0003; structure anchor lowers LPIPS but style stays below 0.700, closed negative.",/mnt/i/Github/Latent_Style/SchrodingerBridge/exp/aaai2027_phase2_i2sb_blend025_k070_e3_sigma0p02_b8a2_vlen010/full_eval_fast10/epoch_0006/summary.json
phase2::i2sb_clean_sigma0p01::epoch_0001::transfer,wikiarts5_full_notest_train__distinct5_512_classview_test,transfer,ours_phase2_full_notest,FiberBundle,i2sb_clean_sigma0p01,I2SBσ.01 e1,i2sb_clean_sigma0p01,epoch_0001,0.713162066936,0.5905983072,0.4094016928,0.0732412416731,,,8,-12,Absolute endpoint I2SB sigma0p01 fast10 transfer curve; style-high e1 but LPIPS high and style reverses by e3.,/mnt/i/Github/Latent_Style/SchrodingerBridge/exp/aaai2027_phase2_i2sb_clean_k070_e3_sigma0p01_b8a2_vlen010/full_eval_fast10/epoch_0001/summary.json
phase2::i2sb_clean_sigma0p01::epoch_0002::transfer,wikiarts5_full_notest_train__distinct5_512_classview_test,transfer,ours_phase2_full_notest,FiberBundle,i2sb_clean_sigma0p01,I2SBσ.01 e2,i2sb_clean_sigma0p01,epoch_0002,0.709784214199,0.52450603165,0.47549396835,0.0698633889361,,,8,-12,Absolute endpoint I2SB sigma0p01 fast10 transfer curve; style-high e1 but LPIPS high and style reverses by e3.,/mnt/i/Github/Latent_Style/SchrodingerBridge/exp/aaai2027_phase2_i2sb_clean_k070_e3_sigma0p01_b8a2_vlen010/full_eval_fast10/epoch_0002/summary.json
phase2::i2sb_clean_sigma0p01::epoch_0003::transfer,wikiarts5_full_notest_train__distinct5_512_classview_test,transfer,ours_phase2_full_notest,FiberBundle,i2sb_clean_sigma0p01,I2SBσ.01 e3,i2sb_clean_sigma0p01,epoch_0003,0.701776239574,0.4820988836,0.5179011164,0.0618554143111,,,8,-12,Absolute endpoint I2SB sigma0p01 fast10 transfer curve; style-high e1 but LPIPS high and style reverses by e3.,/mnt/i/Github/Latent_Style/SchrodingerBridge/exp/aaai2027_phase2_i2sb_clean_k070_e3_sigma0p01_b8a2_vlen010/full_eval_fast10/epoch_0003/summary.json
phase2::i2sb_clean_sigma0p02::epoch_0001::transfer,wikiarts5_full_notest_train__distinct5_512_classview_test,transfer,ours_phase2_full_notest,FiberBundle,i2sb_clean_sigma0p02,I2SB e1,i2sb_clean_sigma0p02,epoch_0001,0.700249519944,0.54314223275,0.45685776725,0.0603286946811,,,8,-10,Clean endpoint I2SB sigma0p02 transfer-only fast10 curve; stopped at e5 after e2 style peak reversed while LPIPS remained high.,/mnt/i/Github/Latent_Style/SchrodingerBridge/exp/aaai2027_phase2_i2sb_clean_k070_e3_sigma0p02_b8a2_vlen010/full_eval_fast10/epoch_0001/summary.json
phase2::i2sb_clean_sigma0p02::epoch_0002::transfer,wikiarts5_full_notest_train__distinct5_512_classview_test,transfer,ours_phase2_full_notest,FiberBundle,i2sb_clean_sigma0p02,I2SB e2,i2sb_clean_sigma0p02,epoch_0002,0.709093652964,0.4902325897,0.5097674103,0.0691728277011,,,8,-10,Clean endpoint I2SB sigma0p02 transfer-only fast10 curve; stopped at e5 after e2 style peak reversed while LPIPS remained high.,/mnt/i/Github/Latent_Style/SchrodingerBridge/exp/aaai2027_phase2_i2sb_clean_k070_e3_sigma0p02_b8a2_vlen010/full_eval_fast10/epoch_0002/summary.json
phase2::i2sb_clean_sigma0p02::epoch_0003::transfer,wikiarts5_full_notest_train__distinct5_512_classview_test,transfer,ours_phase2_full_notest,FiberBundle,i2sb_clean_sigma0p02,I2SB e3,i2sb_clean_sigma0p02,epoch_0003,0.708410803974,0.4966478104,0.5033521896,0.0684899787111,,,8,-10,Clean endpoint I2SB sigma0p02 transfer-only fast10 curve; stopped at e5 after e2 style peak reversed while LPIPS remained high.,/mnt/i/Github/Latent_Style/SchrodingerBridge/exp/aaai2027_phase2_i2sb_clean_k070_e3_sigma0p02_b8a2_vlen010/full_eval_fast10/epoch_0003/summary.json
phase2::i2sb_clean_sigma0p02::epoch_0004::transfer,wikiarts5_full_notest_train__distinct5_512_classview_test,transfer,ours_phase2_full_notest,FiberBundle,i2sb_clean_sigma0p02,I2SB e4,i2sb_clean_sigma0p02,epoch_0004,0.705868262947,0.4427012725,0.5572987275,0.0659474376841,,,8,-10,Clean endpoint I2SB sigma0p02 transfer-only fast10 curve; stopped at e5 after e2 style peak reversed while LPIPS remained high.,/mnt/i/Github/Latent_Style/SchrodingerBridge/exp/aaai2027_phase2_i2sb_clean_k070_e3_sigma0p02_b8a2_vlen010/full_eval_fast10/epoch_0004/summary.json
phase2::i2sb_clean_sigma0p02::epoch_0005::transfer,wikiarts5_full_notest_train__distinct5_512_classview_test,transfer,ours_phase2_full_notest,FiberBundle,i2sb_clean_sigma0p02,I2SB e5,i2sb_clean_sigma0p02,epoch_0005,0.704670676589,0.4085298148,0.5914701852,0.0647498513261,,,8,-10,Clean endpoint I2SB sigma0p02 transfer-only fast10 curve; stopped at e5 after e2 style peak reversed while LPIPS remained high.,/mnt/i/Github/Latent_Style/SchrodingerBridge/exp/aaai2027_phase2_i2sb_clean_k070_e3_sigma0p02_b8a2_vlen010/full_eval_fast10/epoch_0005/summary.json
phase2::i2sb_fiber_noise_sigma0p02_eval::epoch_0002::transfer,wikiarts5_full_notest_train__distinct5_512_classview_test,transfer,ours_phase2_full_notest,FiberBundle,i2sb_fiber_noise_sigma0p02_eval,I2SB-Fiber e2,i2sb_fiber_noise_sigma0p02_eval,epoch_0002,0.706816041768,0.4899693452,0.5100306548,0.0668952165051,,,18,-18,Eval-only clean absolute I2SB checkpoint with Brownian bridge noise gated by existing StyleMaps.gate_16; RMS normalized; active=1 but matched delta is weak/negative.,docs\experiments\phase2_fiber_bundle\eval\i2sb_fiber_noise_sigma0p02_eval\epoch_0002\summary.json
phase2::i2sb_fiber_noise_sigma0p02_eval::epoch_0005::transfer,wikiarts5_full_notest_train__distinct5_512_classview_test,transfer,ours_phase2_full_notest,FiberBundle,i2sb_fiber_noise_sigma0p02_eval,I2SB-Fiber e5,i2sb_fiber_noise_sigma0p02_eval,epoch_0005,0.703903897405,0.40971476445,0.59028523555,0.0639830721421,,,18,-18,Eval-only clean absolute I2SB checkpoint with Brownian bridge noise gated by existing StyleMaps.gate_16; RMS normalized; active=1 but matched delta is weak/negative.,docs\experiments\phase2_fiber_bundle\eval\i2sb_fiber_noise_sigma0p02_eval\epoch_0005\summary.json
phase2::i2sb_latent_slerp::epoch_0001::transfer,wikiarts5_full_notest_train__distinct5_512_classview_test,transfer,ours_phase2_full_notest,FiberBundle,i2sb_latent_slerp,,i2sb_latent_slerp_k070_e3,epoch_0001,0.709182490706,0.5457270518,0.4542729482,0.0692616654431,,,8,10,"I2SB latent-slerp path transfer-only all-ckpt curve; e2 is style peak and matched clean-I2SB gain, late e28 is LPIPS-only structure cooling.",/mnt/i/Github/Latent_Style/exp/aaai2027_phase2_i2sb_latent_slerp_k070_e3_sigma0p02_b8a2_vlen010/full_eval_fast10/epoch_0001/summary.json
phase2::i2sb_latent_slerp::epoch_0002::transfer,wikiarts5_full_notest_train__distinct5_512_classview_test,transfer,ours_phase2_full_notest,FiberBundle,i2sb_latent_slerp,Slerp e2 peak,i2sb_latent_slerp_k070_e3,epoch_0002,0.712038223445,0.476510762,0.523489238,0.0721173981821,,,18,-16,"I2SB latent-slerp path transfer-only all-ckpt curve; e2 is style peak and matched clean-I2SB gain, late e28 is LPIPS-only structure cooling.",/mnt/i/Github/Latent_Style/exp/aaai2027_phase2_i2sb_latent_slerp_k070_e3_sigma0p02_b8a2_vlen010/full_eval_fast10/epoch_0002/summary.json
phase2::i2sb_latent_slerp::epoch_0003::transfer,wikiarts5_full_notest_train__distinct5_512_classview_test,transfer,ours_phase2_full_notest,FiberBundle,i2sb_latent_slerp,,i2sb_latent_slerp_k070_e3,epoch_0003,0.704484826326,0.44716623845,0.55283376155,0.0645640010631,,,8,10,"I2SB latent-slerp path transfer-only all-ckpt curve; e2 is style peak and matched clean-I2SB gain, late e28 is LPIPS-only structure cooling.",/mnt/i/Github/Latent_Style/exp/aaai2027_phase2_i2sb_latent_slerp_k070_e3_sigma0p02_b8a2_vlen010/full_eval_fast10/epoch_0003/summary.json
phase2::i2sb_latent_slerp::epoch_0004::transfer,wikiarts5_full_notest_train__distinct5_512_classview_test,transfer,ours_phase2_full_notest,FiberBundle,i2sb_latent_slerp,,i2sb_latent_slerp_k070_e3,epoch_0004,0.695002553612,0.45387816605,0.54612183395,0.0550817283491,,,8,10,"I2SB latent-slerp path transfer-only all-ckpt curve; e2 is style peak and matched clean-I2SB gain, late e28 is LPIPS-only structure cooling.",/mnt/i/Github/Latent_Style/exp/aaai2027_phase2_i2sb_latent_slerp_k070_e3_sigma0p02_b8a2_vlen010/full_eval_fast10/epoch_0004/summary.json
phase2::i2sb_latent_slerp::epoch_0005::transfer,wikiarts5_full_notest_train__distinct5_512_classview_test,transfer,ours_phase2_full_notest,FiberBundle,i2sb_latent_slerp,,i2sb_latent_slerp_k070_e3,epoch_0005,0.697559309304,0.42585614265,0.57414385735,0.0576384840411,,,8,10,"I2SB latent-slerp path transfer-only all-ckpt curve; e2 is style peak and matched clean-I2SB gain, late e28 is LPIPS-only structure cooling.",/mnt/i/Github/Latent_Style/exp/aaai2027_phase2_i2sb_latent_slerp_k070_e3_sigma0p02_b8a2_vlen010/full_eval_fast10/epoch_0005/summary.json
phase2::i2sb_latent_slerp::epoch_0006::transfer,wikiarts5_full_notest_train__distinct5_512_classview_test,transfer,ours_phase2_full_notest,FiberBundle,i2sb_latent_slerp,,i2sb_latent_slerp_k070_e3,epoch_0006,0.698255403638,0.47410867735,0.52589132265,0.0583345783751,,,8,10,"I2SB latent-slerp path transfer-only all-ckpt curve; e2 is style peak and matched clean-I2SB gain, late e28 is LPIPS-only structure cooling.",/mnt/i/Github/Latent_Style/exp/aaai2027_phase2_i2sb_latent_slerp_k070_e3_sigma0p02_b8a2_vlen010/full_eval_fast10/epoch_0006/summary.json
phase2::i2sb_latent_slerp::epoch_0007::transfer,wikiarts5_full_notest_train__distinct5_512_classview_test,transfer,ours_phase2_full_notest,FiberBundle,i2sb_latent_slerp,,i2sb_latent_slerp_k070_e3,epoch_0007,0.694678223431,0.39178663895,0.60821336105,0.0547573981681,,,8,10,"I2SB latent-slerp path transfer-only all-ckpt curve; e2 is style peak and matched clean-I2SB gain, late e28 is LPIPS-only structure cooling.",/mnt/i/Github/Latent_Style/exp/aaai2027_phase2_i2sb_latent_slerp_k070_e3_sigma0p02_b8a2_vlen010/full_eval_fast10/epoch_0007/summary.json
phase2::i2sb_latent_slerp::epoch_0008::transfer,wikiarts5_full_notest_train__distinct5_512_classview_test,transfer,ours_phase2_full_notest,FiberBundle,i2sb_latent_slerp,,i2sb_latent_slerp_k070_e3,epoch_0008,0.69891924262,0.4060776874,0.5939223126,0.0589984173571,,,8,10,"I2SB latent-slerp path transfer-only all-ckpt curve; e2 is style peak and matched clean-I2SB gain, late e28 is LPIPS-only structure cooling.",/mnt/i/Github/Latent_Style/exp/aaai2027_phase2_i2sb_latent_slerp_k070_e3_sigma0p02_b8a2_vlen010/full_eval_fast10/epoch_0008/summary.json
phase2::i2sb_latent_slerp::epoch_0009::transfer,wikiarts5_full_notest_train__distinct5_512_classview_test,transfer,ours_phase2_full_notest,FiberBundle,i2sb_latent_slerp,,i2sb_latent_slerp_k070_e3,epoch_0009,0.691482380331,0.3946390721,0.6053609279,0.0515615550681,,,8,10,"I2SB latent-slerp path transfer-only all-ckpt curve; e2 is style peak and matched clean-I2SB gain, late e28 is LPIPS-only structure cooling.",/mnt/i/Github/Latent_Style/exp/aaai2027_phase2_i2sb_latent_slerp_k070_e3_sigma0p02_b8a2_vlen010/full_eval_fast10/epoch_0009/summary.json
phase2::i2sb_latent_slerp::epoch_0010::transfer,wikiarts5_full_notest_train__distinct5_512_classview_test,transfer,ours_phase2_full_notest,FiberBundle,i2sb_latent_slerp,,i2sb_latent_slerp_k070_e3,epoch_0010,0.701836941242,0.38536648695,0.61463351305,0.0619161159791,,,8,10,"I2SB latent-slerp path transfer-only all-ckpt curve; e2 is style peak and matched clean-I2SB gain, late e28 is LPIPS-only structure cooling.",/mnt/i/Github/Latent_Style/exp/aaai2027_phase2_i2sb_latent_slerp_k070_e3_sigma0p02_b8a2_vlen010/full_eval_fast10/epoch_0010/summary.json
phase2::i2sb_latent_slerp::epoch_0011::transfer,wikiarts5_full_notest_train__distinct5_512_classview_test,transfer,ours_phase2_full_notest,FiberBundle,i2sb_latent_slerp,,i2sb_latent_slerp_k070_e3,epoch_0011,0.686676099002,0.3962271082,0.6037728918,0.0467552737391,,,8,10,"I2SB latent-slerp path transfer-only all-ckpt curve; e2 is style peak and matched clean-I2SB gain, late e28 is LPIPS-only structure cooling.",/mnt/i/Github/Latent_Style/exp/aaai2027_phase2_i2sb_latent_slerp_k070_e3_sigma0p02_b8a2_vlen010/full_eval_fast10/epoch_0011/summary.json
phase2::i2sb_latent_slerp::epoch_0012::transfer,wikiarts5_full_notest_train__distinct5_512_classview_test,transfer,ours_phase2_full_notest,FiberBundle,i2sb_latent_slerp,,i2sb_latent_slerp_k070_e3,epoch_0012,0.689118060172,0.3848665492,0.6151334508,0.0491972349091,,,8,10,"I2SB latent-slerp path transfer-only all-ckpt curve; e2 is style peak and matched clean-I2SB gain, late e28 is LPIPS-only structure cooling.",/mnt/i/Github/Latent_Style/exp/aaai2027_phase2_i2sb_latent_slerp_k070_e3_sigma0p02_b8a2_vlen010/full_eval_fast10/epoch_0012/summary.json
phase2::i2sb_latent_slerp::epoch_0013::transfer,wikiarts5_full_notest_train__distinct5_512_classview_test,transfer,ours_phase2_full_notest,FiberBundle,i2sb_latent_slerp,,i2sb_latent_slerp_k070_e3,epoch_0013,0.690317192376,0.3693457252,0.6306542748,0.0503963671131,,,8,10,"I2SB latent-slerp path transfer-only all-ckpt curve; e2 is style peak and matched clean-I2SB gain, late e28 is LPIPS-only structure cooling.",/mnt/i/Github/Latent_Style/exp/aaai2027_phase2_i2sb_latent_slerp_k070_e3_sigma0p02_b8a2_vlen010/full_eval_fast10/epoch_0013/summary.json
phase2::i2sb_latent_slerp::epoch_0014::transfer,wikiarts5_full_notest_train__distinct5_512_classview_test,transfer,ours_phase2_full_notest,FiberBundle,i2sb_latent_slerp,,i2sb_latent_slerp_k070_e3,epoch_0014,0.686198928952,0.35769548295,0.64230451705,0.0462781036891,,,8,10,"I2SB latent-slerp path transfer-only all-ckpt curve; e2 is style peak and matched clean-I2SB gain, late e28 is LPIPS-only structure cooling.",/mnt/i/Github/Latent_Style/exp/aaai2027_phase2_i2sb_latent_slerp_k070_e3_sigma0p02_b8a2_vlen010/full_eval_fast10/epoch_0014/summary.json
phase2::i2sb_latent_slerp::epoch_0015::transfer,wikiarts5_full_notest_train__distinct5_512_classview_test,transfer,ours_phase2_full_notest,FiberBundle,i2sb_latent_slerp,,i2sb_latent_slerp_k070_e3,epoch_0015,0.68721314311,0.3937691354,0.6062308646,0.0472923178471,,,8,10,"I2SB latent-slerp path transfer-only all-ckpt curve; e2 is style peak and matched clean-I2SB gain, late e28 is LPIPS-only structure cooling.",/mnt/i/Github/Latent_Style/exp/aaai2027_phase2_i2sb_latent_slerp_k070_e3_sigma0p02_b8a2_vlen010/full_eval_fast10/epoch_0015/summary.json
phase2::i2sb_latent_slerp::epoch_0016::transfer,wikiarts5_full_notest_train__distinct5_512_classview_test,transfer,ours_phase2_full_notest,FiberBundle,i2sb_latent_slerp,,i2sb_latent_slerp_k070_e3,epoch_0016,0.687949436009,0.3868686279,0.6131313721,0.0480286107461,,,8,10,"I2SB latent-slerp path transfer-only all-ckpt curve; e2 is style peak and matched clean-I2SB gain, late e28 is LPIPS-only structure cooling.",/mnt/i/Github/Latent_Style/exp/aaai2027_phase2_i2sb_latent_slerp_k070_e3_sigma0p02_b8a2_vlen010/full_eval_fast10/epoch_0016/summary.json
phase2::i2sb_latent_slerp::epoch_0017::transfer,wikiarts5_full_notest_train__distinct5_512_classview_test,transfer,ours_phase2_full_notest,FiberBundle,i2sb_latent_slerp,,i2sb_latent_slerp_k070_e3,epoch_0017,0.683195620179,0.3834769213,0.6165230787,0.0432747949161,,,8,10,"I2SB latent-slerp path transfer-only all-ckpt curve; e2 is style peak and matched clean-I2SB gain, late e28 is LPIPS-only structure cooling.",/mnt/i/Github/Latent_Style/exp/aaai2027_phase2_i2sb_latent_slerp_k070_e3_sigma0p02_b8a2_vlen010/full_eval_fast10/epoch_0017/summary.json
phase2::i2sb_latent_slerp::epoch_0018::transfer,wikiarts5_full_notest_train__distinct5_512_classview_test,transfer,ours_phase2_full_notest,FiberBundle,i2sb_latent_slerp,,i2sb_latent_slerp_k070_e3,epoch_0018,0.682902439237,0.3585576463,0.6414423537,0.0429816139741,,,8,10,"I2SB latent-slerp path transfer-only all-ckpt curve; e2 is style peak and matched clean-I2SB gain, late e28 is LPIPS-only structure cooling.",/mnt/i/Github/Latent_Style/exp/aaai2027_phase2_i2sb_latent_slerp_k070_e3_sigma0p02_b8a2_vlen010/full_eval_fast10/epoch_0018/summary.json
phase2::i2sb_latent_slerp::epoch_0019::transfer,wikiarts5_full_notest_train__distinct5_512_classview_test,transfer,ours_phase2_full_notest,FiberBundle,i2sb_latent_slerp,,i2sb_latent_slerp_k070_e3,epoch_0019,0.68498526454,0.3639427413,0.6360572587,0.0450644392771,,,8,10,"I2SB latent-slerp path transfer-only all-ckpt curve; e2 is style peak and matched clean-I2SB gain, late e28 is LPIPS-only structure cooling.",/mnt/i/Github/Latent_Style/exp/aaai2027_phase2_i2sb_latent_slerp_k070_e3_sigma0p02_b8a2_vlen010/full_eval_fast10/epoch_0019/summary.json
phase2::i2sb_latent_slerp::epoch_0020::transfer,wikiarts5_full_notest_train__distinct5_512_classview_test,transfer,ours_phase2_full_notest,FiberBundle,i2sb_latent_slerp,,i2sb_latent_slerp_k070_e3,epoch_0020,0.68713383913,0.3606164483,0.6393835517,0.0472130138671,,,8,10,"I2SB latent-slerp path transfer-only all-ckpt curve; e2 is style peak and matched clean-I2SB gain, late e28 is LPIPS-only structure cooling.",/mnt/i/Github/Latent_Style/exp/aaai2027_phase2_i2sb_latent_slerp_k070_e3_sigma0p02_b8a2_vlen010/full_eval_fast10/epoch_0020/summary.json
phase2::i2sb_latent_slerp::epoch_0021::transfer,wikiarts5_full_notest_train__distinct5_512_classview_test,transfer,ours_phase2_full_notest,FiberBundle,i2sb_latent_slerp,,i2sb_latent_slerp_k070_e3,epoch_0021,0.686085076928,0.35796625625,0.64203374375,0.0461642516651,,,8,10,"I2SB latent-slerp path transfer-only all-ckpt curve; e2 is style peak and matched clean-I2SB gain, late e28 is LPIPS-only structure cooling.",/mnt/i/Github/Latent_Style/exp/aaai2027_phase2_i2sb_latent_slerp_k070_e3_sigma0p02_b8a2_vlen010/full_eval_fast10/epoch_0021/summary.json
phase2::i2sb_latent_slerp::epoch_0022::transfer,wikiarts5_full_notest_train__distinct5_512_classview_test,transfer,ours_phase2_full_notest,FiberBundle,i2sb_latent_slerp,,i2sb_latent_slerp_k070_e3,epoch_0022,0.683499696851,0.35622459625,0.64377540375,0.0435788715881,,,8,10,"I2SB latent-slerp path transfer-only all-ckpt curve; e2 is style peak and matched clean-I2SB gain, late e28 is LPIPS-only structure cooling.",/mnt/i/Github/Latent_Style/exp/aaai2027_phase2_i2sb_latent_slerp_k070_e3_sigma0p02_b8a2_vlen010/full_eval_fast10/epoch_0022/summary.json
phase2::i2sb_latent_slerp::epoch_0023::transfer,wikiarts5_full_notest_train__distinct5_512_classview_test,transfer,ours_phase2_full_notest,FiberBundle,i2sb_latent_slerp,,i2sb_latent_slerp_k070_e3,epoch_0023,0.6840870139,0.36384066895,0.63615933105,0.0441661886371,,,8,10,"I2SB latent-slerp path transfer-only all-ckpt curve; e2 is style peak and matched clean-I2SB gain, late e28 is LPIPS-only structure cooling.",/mnt/i/Github/Latent_Style/exp/aaai2027_phase2_i2sb_latent_slerp_k070_e3_sigma0p02_b8a2_vlen010/full_eval_fast10/epoch_0023/summary.json
phase2::i2sb_latent_slerp::epoch_0024::transfer,wikiarts5_full_notest_train__distinct5_512_classview_test,transfer,ours_phase2_full_notest,FiberBundle,i2sb_latent_slerp,,i2sb_latent_slerp_k070_e3,epoch_0024,0.683243662417,0.36208034175,0.63791965825,0.0433228371541,,,8,10,"I2SB latent-slerp path transfer-only all-ckpt curve; e2 is style peak and matched clean-I2SB gain, late e28 is LPIPS-only structure cooling.",/mnt/i/Github/Latent_Style/exp/aaai2027_phase2_i2sb_latent_slerp_k070_e3_sigma0p02_b8a2_vlen010/full_eval_fast10/epoch_0024/summary.json
phase2::i2sb_latent_slerp::epoch_0025::transfer,wikiarts5_full_notest_train__distinct5_512_classview_test,transfer,ours_phase2_full_notest,FiberBundle,i2sb_latent_slerp,,i2sb_latent_slerp_k070_e3,epoch_0025,0.682499004006,0.3590290966,0.6409709034,0.0425781787431,,,8,10,"I2SB latent-slerp path transfer-only all-ckpt curve; e2 is style peak and matched clean-I2SB gain, late e28 is LPIPS-only structure cooling.",/mnt/i/Github/Latent_Style/exp/aaai2027_phase2_i2sb_latent_slerp_k070_e3_sigma0p02_b8a2_vlen010/full_eval_fast10/epoch_0025/summary.json
phase2::i2sb_latent_slerp::epoch_0026::transfer,wikiarts5_full_notest_train__distinct5_512_classview_test,transfer,ours_phase2_full_notest,FiberBundle,i2sb_latent_slerp,,i2sb_latent_slerp_k070_e3,epoch_0026,0.684500193596,0.35514337875,0.64485662125,0.0445793683331,,,8,10,"I2SB latent-slerp path transfer-only all-ckpt curve; e2 is style peak and matched clean-I2SB gain, late e28 is LPIPS-only structure cooling.",/mnt/i/Github/Latent_Style/exp/aaai2027_phase2_i2sb_latent_slerp_k070_e3_sigma0p02_b8a2_vlen010/full_eval_fast10/epoch_0026/summary.json
phase2::i2sb_latent_slerp::epoch_0027::transfer,wikiarts5_full_notest_train__distinct5_512_classview_test,transfer,ours_phase2_full_notest,FiberBundle,i2sb_latent_slerp,,i2sb_latent_slerp_k070_e3,epoch_0027,0.683912224472,0.35690758615,0.64309241385,0.0439913992091,,,8,10,"I2SB latent-slerp path transfer-only all-ckpt curve; e2 is style peak and matched clean-I2SB gain, late e28 is LPIPS-only structure cooling.",/mnt/i/Github/Latent_Style/exp/aaai2027_phase2_i2sb_latent_slerp_k070_e3_sigma0p02_b8a2_vlen010/full_eval_fast10/epoch_0027/summary.json
phase2::i2sb_latent_slerp::epoch_0028::transfer,wikiarts5_full_notest_train__distinct5_512_classview_test,transfer,ours_phase2_full_notest,FiberBundle,i2sb_latent_slerp,Slerp e28 LPIPS,i2sb_latent_slerp_k070_e3,epoch_0028,0.68263835609,0.3527259116,0.6472740884,0.0427175308271,,,14,14,"I2SB latent-slerp path transfer-only all-ckpt curve; e2 is style peak and matched clean-I2SB gain, late e28 is LPIPS-only structure cooling.",/mnt/i/Github/Latent_Style/exp/aaai2027_phase2_i2sb_latent_slerp_k070_e3_sigma0p02_b8a2_vlen010/full_eval_fast10/epoch_0028/summary.json
phase2::i2sb_orthogonal_lowanchor050_k070_e3::epoch_0001::transfer,wikiarts5_full_notest_train__distinct5_512_classview_test,transfer,ours_phase2_full_notest,FiberBundle,i2sb_orthogonal_lowanchor050_k070_e3,,i2sb_orthogonal_lowanchor050_k070_e3,epoch_0001,0.711469746828,0.47299065495,0.52700934505,0.0715489215651,,,8,10,"I2SB absolute endpoint with orthogonal low/high endpoint and endpoint_orthogonal_low_anchor=0.5; closed partial positive at e14, e9 is target-facing candidate.",/mnt/i/Github/Latent_Style/exp/aaai2027_phase2_i2sb_orthogonal_lowanchor050_k070_e3_sigma0p02_b8a2_vlen010/full_eval_fast10/epoch_0001/summary.json
phase2::i2sb_orthogonal_lowanchor050_k070_e3::epoch_0002::transfer,wikiarts5_full_notest_train__distinct5_512_classview_test,transfer,ours_phase2_full_notest,FiberBundle,i2sb_orthogonal_lowanchor050_k070_e3,,i2sb_orthogonal_lowanchor050_k070_e3,epoch_0002,0.704957753122,0.429370899,0.570629101,0.0650369278591,,,8,10,"I2SB absolute endpoint with orthogonal low/high endpoint and endpoint_orthogonal_low_anchor=0.5; closed partial positive at e14, e9 is target-facing candidate.",/mnt/i/Github/Latent_Style/exp/aaai2027_phase2_i2sb_orthogonal_lowanchor050_k070_e3_sigma0p02_b8a2_vlen010/full_eval_fast10/epoch_0002/summary.json
phase2::i2sb_orthogonal_lowanchor050_k070_e3::epoch_0003::transfer,wikiarts5_full_notest_train__distinct5_512_classview_test,transfer,ours_phase2_full_notest,FiberBundle,i2sb_orthogonal_lowanchor050_k070_e3,,i2sb_orthogonal_lowanchor050_k070_e3,epoch_0003,0.705415015221,0.43026423555,0.56973576445,0.0654941899581,,,8,10,"I2SB absolute endpoint with orthogonal low/high endpoint and endpoint_orthogonal_low_anchor=0.5; closed partial positive at e14, e9 is target-facing candidate.",/mnt/i/Github/Latent_Style/exp/aaai2027_phase2_i2sb_orthogonal_lowanchor050_k070_e3_sigma0p02_b8a2_vlen010/full_eval_fast10/epoch_0003/summary.json
phase2::i2sb_orthogonal_lowanchor050_k070_e3::epoch_0004::transfer,wikiarts5_full_notest_train__distinct5_512_classview_test,transfer,ours_phase2_full_notest,FiberBundle,i2sb_orthogonal_lowanchor050_k070_e3,,i2sb_orthogonal_lowanchor050_k070_e3,epoch_0004,0.705008233786,0.41230219785,0.58769780215,0.0650874085231,,,8,10,"I2SB absolute endpoint with orthogonal low/high endpoint and endpoint_orthogonal_low_anchor=0.5; closed partial positive at e14, e9 is target-facing candidate.",/mnt/i/Github/Latent_Style/exp/aaai2027_phase2_i2sb_orthogonal_lowanchor050_k070_e3_sigma0p02_b8a2_vlen010/full_eval_fast10/epoch_0004/summary.json
phase2::i2sb_orthogonal_lowanchor050_k070_e3::epoch_0005::transfer,wikiarts5_full_notest_train__distinct5_512_classview_test,transfer,ours_phase2_full_notest,FiberBundle,i2sb_orthogonal_lowanchor050_k070_e3,,i2sb_orthogonal_lowanchor050_k070_e3,epoch_0005,0.702531923354,0.3938924204,0.6061075796,0.0626110980911,,,8,10,"I2SB absolute endpoint with orthogonal low/high endpoint and endpoint_orthogonal_low_anchor=0.5; closed partial positive at e14, e9 is target-facing candidate.",/mnt/i/Github/Latent_Style/exp/aaai2027_phase2_i2sb_orthogonal_lowanchor050_k070_e3_sigma0p02_b8a2_vlen010/full_eval_fast10/epoch_0005/summary.json
phase2::i2sb_orthogonal_lowanchor050_k070_e3::epoch_0006::transfer,wikiarts5_full_notest_train__distinct5_512_classview_test,transfer,ours_phase2_full_notest,FiberBundle,i2sb_orthogonal_lowanchor050_k070_e3,,i2sb_orthogonal_lowanchor050_k070_e3,epoch_0006,0.692812383473,0.4139008918,0.5860991082,0.0528915582101,,,8,10,"I2SB absolute endpoint with orthogonal low/high endpoint and endpoint_orthogonal_low_anchor=0.5; closed partial positive at e14, e9 is target-facing candidate.",/mnt/i/Github/Latent_Style/exp/aaai2027_phase2_i2sb_orthogonal_lowanchor050_k070_e3_sigma0p02_b8a2_vlen010/full_eval_fast10/epoch_0006/summary.json
phase2::i2sb_orthogonal_lowanchor050_k070_e3::epoch_0007::transfer,wikiarts5_full_notest_train__distinct5_512_classview_test,transfer,ours_phase2_full_notest,FiberBundle,i2sb_orthogonal_lowanchor050_k070_e3,,i2sb_orthogonal_lowanchor050_k070_e3,epoch_0007,0.696490691602,0.3917309396,0.6082690604,0.0565698663391,,,8,10,"I2SB absolute endpoint with orthogonal low/high endpoint and endpoint_orthogonal_low_anchor=0.5; closed partial positive at e14, e9 is target-facing candidate.",/mnt/i/Github/Latent_Style/exp/aaai2027_phase2_i2sb_orthogonal_lowanchor050_k070_e3_sigma0p02_b8a2_vlen010/full_eval_fast10/epoch_0007/summary.json
phase2::i2sb_orthogonal_lowanchor050_k070_e3::epoch_0008::transfer,wikiarts5_full_notest_train__distinct5_512_classview_test,transfer,ours_phase2_full_notest,FiberBundle,i2sb_orthogonal_lowanchor050_k070_e3,,i2sb_orthogonal_lowanchor050_k070_e3,epoch_0008,0.69846044451,0.38431389765,0.61568610235,0.0585396192471,,,8,10,"I2SB absolute endpoint with orthogonal low/high endpoint and endpoint_orthogonal_low_anchor=0.5; closed partial positive at e14, e9 is target-facing candidate.",/mnt/i/Github/Latent_Style/exp/aaai2027_phase2_i2sb_orthogonal_lowanchor050_k070_e3_sigma0p02_b8a2_vlen010/full_eval_fast10/epoch_0008/summary.json
phase2::i2sb_orthogonal_lowanchor050_k070_e3::epoch_0009::transfer,wikiarts5_full_notest_train__distinct5_512_classview_test,transfer,ours_phase2_full_notest,FiberBundle,i2sb_orthogonal_lowanchor050_k070_e3,,i2sb_orthogonal_lowanchor050_k070_e3,epoch_0009,0.701428824365,0.372202562,0.627797438,0.0615079991021,,,8,10,"I2SB absolute endpoint with orthogonal low/high endpoint and endpoint_orthogonal_low_anchor=0.5; closed partial positive at e14, e9 is target-facing candidate.",/mnt/i/Github/Latent_Style/exp/aaai2027_phase2_i2sb_orthogonal_lowanchor050_k070_e3_sigma0p02_b8a2_vlen010/full_eval_fast10/epoch_0009/summary.json
phase2::i2sb_orthogonal_lowanchor050_k070_e3::epoch_0010::transfer,wikiarts5_full_notest_train__distinct5_512_classview_test,transfer,ours_phase2_full_notest,FiberBundle,i2sb_orthogonal_lowanchor050_k070_e3,,i2sb_orthogonal_lowanchor050_k070_e3,epoch_0010,0.690436104238,0.36987118915,0.63012881085,0.0505152789751,,,8,10,"I2SB absolute endpoint with orthogonal low/high endpoint and endpoint_orthogonal_low_anchor=0.5; closed partial positive at e14, e9 is target-facing candidate.",/mnt/i/Github/Latent_Style/exp/aaai2027_phase2_i2sb_orthogonal_lowanchor050_k070_e3_sigma0p02_b8a2_vlen010/full_eval_fast10/epoch_0010/summary.json
phase2::i2sb_orthogonal_lowanchor050_k070_e3::epoch_0011::transfer,wikiarts5_full_notest_train__distinct5_512_classview_test,transfer,ours_phase2_full_notest,FiberBundle,i2sb_orthogonal_lowanchor050_k070_e3,,i2sb_orthogonal_lowanchor050_k070_e3,epoch_0011,0.686964200139,0.36848197075,0.63151802925,0.0470433748761,,,8,10,"I2SB absolute endpoint with orthogonal low/high endpoint and endpoint_orthogonal_low_anchor=0.5; closed partial positive at e14, e9 is target-facing candidate.",/mnt/i/Github/Latent_Style/exp/aaai2027_phase2_i2sb_orthogonal_lowanchor050_k070_e3_sigma0p02_b8a2_vlen010/full_eval_fast10/epoch_0011/summary.json
phase2::i2sb_orthogonal_lowanchor050_k070_e3::epoch_0012::transfer,wikiarts5_full_notest_train__distinct5_512_classview_test,transfer,ours_phase2_full_notest,FiberBundle,i2sb_orthogonal_lowanchor050_k070_e3,,i2sb_orthogonal_lowanchor050_k070_e3,epoch_0012,0.692469472587,0.39588617775,0.60411382225,0.0525486473241,,,8,10,"I2SB absolute endpoint with orthogonal low/high endpoint and endpoint_orthogonal_low_anchor=0.5; closed partial positive at e14, e9 is target-facing candidate.",/mnt/i/Github/Latent_Style/exp/aaai2027_phase2_i2sb_orthogonal_lowanchor050_k070_e3_sigma0p02_b8a2_vlen010/full_eval_fast10/epoch_0012/summary.json
phase2::i2sb_orthogonal_lowanchor050_k070_e3::epoch_0013::transfer,wikiarts5_full_notest_train__distinct5_512_classview_test,transfer,ours_phase2_full_notest,FiberBundle,i2sb_orthogonal_lowanchor050_k070_e3,,i2sb_orthogonal_lowanchor050_k070_e3,epoch_0013,0.684990566373,0.3582360149,0.6417639851,0.0450697411101,,,8,10,"I2SB absolute endpoint with orthogonal low/high endpoint and endpoint_orthogonal_low_anchor=0.5; closed partial positive at e14, e9 is target-facing candidate.",/mnt/i/Github/Latent_Style/exp/aaai2027_phase2_i2sb_orthogonal_lowanchor050_k070_e3_sigma0p02_b8a2_vlen010/full_eval_fast10/epoch_0013/summary.json
phase2::i2sb_orthogonal_lowanchor050_k070_e3::epoch_0014::transfer,wikiarts5_full_notest_train__distinct5_512_classview_test,transfer,ours_phase2_full_notest,FiberBundle,i2sb_orthogonal_lowanchor050_k070_e3,,i2sb_orthogonal_lowanchor050_k070_e3,epoch_0014,0.68663538307,0.3486251891,0.6513748109,0.0467145578071,,,8,10,"I2SB absolute endpoint with orthogonal low/high endpoint and endpoint_orthogonal_low_anchor=0.5; closed partial positive at e14, e9 is target-facing candidate.",/mnt/i/Github/Latent_Style/exp/aaai2027_phase2_i2sb_orthogonal_lowanchor050_k070_e3_sigma0p02_b8a2_vlen010/full_eval_fast10/epoch_0014/summary.json
phase2::i2sb_orthogonal_lowanchor050_k070_e3::epoch_0015::transfer,wikiarts5_full_notest_train__distinct5_512_classview_test,transfer,ours_phase2_full_notest,FiberBundle,i2sb_orthogonal_lowanchor050_k070_e3,,i2sb_orthogonal_lowanchor050_k070_e3,epoch_0015,0.682992991507,0.3557751602,0.6442248398,0.0430721662441,,,8,10,"I2SB absolute endpoint with orthogonal low/high endpoint and endpoint_orthogonal_low_anchor=0.5; closed partial positive at e14, e9 is target-facing candidate.",/mnt/i/Github/Latent_Style/exp/aaai2027_phase2_i2sb_orthogonal_lowanchor050_k070_e3_sigma0p02_b8a2_vlen010/full_eval_fast10/epoch_0015/summary.json
phase2::i2sb_orthogonal_lowanchor065_k070_e3::epoch_0001::transfer,wikiarts5_full_notest_train__distinct5_512_classview_test,transfer,ours_phase2_full_notest,FiberBundle,i2sb_orthogonal_lowanchor065_k070_e3,,i2sb_orthogonal_lowanchor065_k070_e3,epoch_0001,0.709416921735,0.4495070927,0.5504929073,0.0694960964721,,,8,10,I2SB absolute endpoint with orthogonal low/high endpoint and endpoint_orthogonal_low_anchor=0.65; running.,/mnt/i/Github/Latent_Style/exp/aaai2027_phase2_i2sb_orthogonal_lowanchor065_k070_e3_sigma0p02_b8a2_vlen010/full_eval_fast10/epoch_0001/summary.json
phase2::i2sb_orthogonal_lowanchor065_k070_e3::epoch_0002::transfer,wikiarts5_full_notest_train__distinct5_512_classview_test,transfer,ours_phase2_full_notest,FiberBundle,i2sb_orthogonal_lowanchor065_k070_e3,,i2sb_orthogonal_lowanchor065_k070_e3,epoch_0002,0.707334724665,0.4348415824,0.5651584176,0.0674138994021,,,8,10,I2SB absolute endpoint with orthogonal low/high endpoint and endpoint_orthogonal_low_anchor=0.65; running.,/mnt/i/Github/Latent_Style/exp/aaai2027_phase2_i2sb_orthogonal_lowanchor065_k070_e3_sigma0p02_b8a2_vlen010/full_eval_fast10/epoch_0002/summary.json
phase2::i2sb_orthogonal_lowanchor065_k070_e3::epoch_0003::transfer,wikiarts5_full_notest_train__distinct5_512_classview_test,transfer,ours_phase2_full_notest,FiberBundle,i2sb_orthogonal_lowanchor065_k070_e3,,i2sb_orthogonal_lowanchor065_k070_e3,epoch_0003,0.704286960661,0.4179831716,0.5820168284,0.0643661353981,,,8,10,I2SB absolute endpoint with orthogonal low/high endpoint and endpoint_orthogonal_low_anchor=0.65; running.,/mnt/i/Github/Latent_Style/exp/aaai2027_phase2_i2sb_orthogonal_lowanchor065_k070_e3_sigma0p02_b8a2_vlen010/full_eval_fast10/epoch_0003/summary.json
phase2::i2sb_orthogonal_lowhigh_k070_e3_sigma0p02::epoch_0001::transfer,wikiarts5_full_notest_train__distinct5_512_classview_test,transfer,ours_phase2_full_notest,FiberBundle,i2sb_orthogonal_lowhigh_k070_e3_sigma0p02,Orth e1,i2sb_orthogonal_lowhigh_k070_e3_sigma0p02,epoch_0001,0.705847446918,0.45138590165,0.54861409835,0.0659266216551,,,18,-18,Geometry-aware I2SB endpoint projection: content lowpass + absolute endpoint highpass; mechanism active; stopped after e4 as partial-positive/not-promoted.,/mnt/i/Github/Latent_Style/SchrodingerBridge/exp/aaai2027_phase2_i2sb_orthogonal_lowhigh_k070_e3_sigma0p02_b8a2_vlen010/full_eval_fast10/epoch_0001/summary.json
phase2::i2sb_orthogonal_lowhigh_k070_e3_sigma0p02::epoch_0002::transfer,wikiarts5_full_notest_train__distinct5_512_classview_test,transfer,ours_phase2_full_notest,FiberBundle,i2sb_orthogonal_lowhigh_k070_e3_sigma0p02,Orth e2,i2sb_orthogonal_lowhigh_k070_e3_sigma0p02,epoch_0002,0.699997370541,0.42095110865,0.57904889135,0.0600765452781,,,18,-18,Geometry-aware I2SB endpoint projection: content lowpass + absolute endpoint highpass; mechanism active; stopped after e4 as partial-positive/not-promoted.,/mnt/i/Github/Latent_Style/SchrodingerBridge/exp/aaai2027_phase2_i2sb_orthogonal_lowhigh_k070_e3_sigma0p02_b8a2_vlen010/full_eval_fast10/epoch_0002/summary.json
phase2::i2sb_orthogonal_lowhigh_k070_e3_sigma0p02::epoch_0003::transfer,wikiarts5_full_notest_train__distinct5_512_classview_test,transfer,ours_phase2_full_notest,FiberBundle,i2sb_orthogonal_lowhigh_k070_e3_sigma0p02,Orth e3,i2sb_orthogonal_lowhigh_k070_e3_sigma0p02,epoch_0003,0.696295543015,0.44208584815,0.55791415185,0.0563747177521,,,18,-18,Geometry-aware I2SB endpoint projection: content lowpass + absolute endpoint highpass; mechanism active; stopped after e4 as partial-positive/not-promoted.,/mnt/i/Github/Latent_Style/SchrodingerBridge/exp/aaai2027_phase2_i2sb_orthogonal_lowhigh_k070_e3_sigma0p02_b8a2_vlen010/full_eval_fast10/epoch_0003/summary.json
phase2::i2sb_orthogonal_lowhigh_k070_e3_sigma0p02::epoch_0004::transfer,wikiarts5_full_notest_train__distinct5_512_classview_test,transfer,ours_phase2_full_notest,FiberBundle,i2sb_orthogonal_lowhigh_k070_e3_sigma0p02,Orth e4,i2sb_orthogonal_lowhigh_k070_e3_sigma0p02,epoch_0004,0.698244890273,0.3908260012,0.6091739988,0.0583240650101,,,18,-18,Geometry-aware I2SB endpoint projection: content lowpass + absolute endpoint highpass; mechanism active; stopped after e4 as partial-positive/not-promoted.,/mnt/i/Github/Latent_Style/SchrodingerBridge/exp/aaai2027_phase2_i2sb_orthogonal_lowhigh_k070_e3_sigma0p02_b8a2_vlen010/full_eval_fast10/epoch_0004/summary.json
phase2::i2sb_pnp_fiber_sde_k070::epoch_0001::transfer,wikiarts5_full_notest_train__distinct5_512_classview_test,transfer,ours_phase2_full_notest,FiberBundle,i2sb_pnp_fiber_sde_k070,I2SB e1,i2sb_pnp_fiber_sde_k070,epoch_0001,0.684072796206,0.394578108167,0.605421891833,0.0441519709431,,,8,-8,I2SB+PnP+fiberwise combined run; style-positive but LPIPS out-of-band early signal,docs\experiments\phase2_fiber_bundle\curves\i2sb_pnp_fiber_sde_k070_remote_clip_lpips_curve.csv
phase2::i2sb_pnp_fiber_sde_k070::epoch_0002::transfer,wikiarts5_full_notest_train__distinct5_512_classview_test,transfer,ours_phase2_full_notest,FiberBundle,i2sb_pnp_fiber_sde_k070,I2SB e2,i2sb_pnp_fiber_sde_k070,epoch_0002,0.683612462481,0.40786033185,0.59213966815,0.0436916372181,,,8,-8,I2SB+PnP+fiberwise combined run; style-positive but LPIPS worsens at e2,docs\experiments\phase2_fiber_bundle\curves\i2sb_pnp_fiber_sde_k070_remote_clip_lpips_curve.csv
phase2::i2sb_slerp_orthogonal_lowhigh::epoch_0001::transfer,wikiarts5_full_notest_train__distinct5_512_classview_test,transfer,ours_phase2_full_notest,FiberBundle,i2sb_slerp_orthogonal_lowhigh,,i2sb_slerp_orthogonal_lowhigh_k070_e3,epoch_0001,0.704827819467,0.4466763934,0.5533236066,0.0649069942041,,,8,10,I2SB latent-slerp plus orthogonal-lowhigh endpoint transfer-only curve; early e1-e5 shows structure improvement but style does not preserve slerp e2 shock.,/mnt/i/Github/Latent_Style/exp/aaai2027_phase2_i2sb_slerp_orthogonal_lowhigh_k070_e3_sigma0p02_b8a2_vlen010/full_eval_fast10/epoch_0001/summary.json
phase2::i2sb_slerp_orthogonal_lowhigh_k070_e3::epoch_0001::transfer,wikiarts5_full_notest_train__distinct5_512_classview_test,transfer,ours_phase2_full_notest,FiberBundle,i2sb_slerp_orthogonal_lowhigh_k070_e3,,i2sb_slerp_orthogonal_lowhigh_k070_e3,epoch_0001,0.704827819467,0.4466763934,0.5533236066,0.0649069942041,,,8,10,I2SB latent-slerp path plus orthogonal low/high endpoint projection; stopped at e16 after style-first negative tail.,/mnt/i/Github/Latent_Style/exp/aaai2027_phase2_i2sb_slerp_orthogonal_lowhigh_k070_e3_sigma0p02_b8a2_vlen010/full_eval_fast10/epoch_0001/summary.json
phase2::i2sb_slerp_orthogonal_lowhigh::epoch_0002::transfer,wikiarts5_full_notest_train__distinct5_512_classview_test,transfer,ours_phase2_full_notest,FiberBundle,i2sb_slerp_orthogonal_lowhigh,,i2sb_slerp_orthogonal_lowhigh_k070_e3,epoch_0002,0.697411596179,0.4192974448,0.5807025552,0.0574907709161,,,8,10,I2SB latent-slerp plus orthogonal-lowhigh endpoint transfer-only curve; early e1-e5 shows structure improvement but style does not preserve slerp e2 shock.,/mnt/i/Github/Latent_Style/exp/aaai2027_phase2_i2sb_slerp_orthogonal_lowhigh_k070_e3_sigma0p02_b8a2_vlen010/full_eval_fast10/epoch_0002/summary.json
phase2::i2sb_slerp_orthogonal_lowhigh_k070_e3::epoch_0002::transfer,wikiarts5_full_notest_train__distinct5_512_classview_test,transfer,ours_phase2_full_notest,FiberBundle,i2sb_slerp_orthogonal_lowhigh_k070_e3,,i2sb_slerp_orthogonal_lowhigh_k070_e3,epoch_0002,0.697411596179,0.4192974448,0.5807025552,0.0574907709161,,,8,10,I2SB latent-slerp path plus orthogonal low/high endpoint projection; stopped at e16 after style-first negative tail.,/mnt/i/Github/Latent_Style/exp/aaai2027_phase2_i2sb_slerp_orthogonal_lowhigh_k070_e3_sigma0p02_b8a2_vlen010/full_eval_fast10/epoch_0002/summary.json
phase2::i2sb_slerp_orthogonal_lowhigh::epoch_0003::transfer,wikiarts5_full_notest_train__distinct5_512_classview_test,transfer,ours_phase2_full_notest,FiberBundle,i2sb_slerp_orthogonal_lowhigh,,i2sb_slerp_orthogonal_lowhigh_k070_e3,epoch_0003,0.698710476756,0.3928492493,0.6071507507,0.0587896514931,,,8,10,I2SB latent-slerp plus orthogonal-lowhigh endpoint transfer-only curve; early e1-e5 shows structure improvement but style does not preserve slerp e2 shock.,/mnt/i/Github/Latent_Style/exp/aaai2027_phase2_i2sb_slerp_orthogonal_lowhigh_k070_e3_sigma0p02_b8a2_vlen010/full_eval_fast10/epoch_0003/summary.json
phase2::i2sb_slerp_orthogonal_lowhigh_k070_e3::epoch_0003::transfer,wikiarts5_full_notest_train__distinct5_512_classview_test,transfer,ours_phase2_full_notest,FiberBundle,i2sb_slerp_orthogonal_lowhigh_k070_e3,,i2sb_slerp_orthogonal_lowhigh_k070_e3,epoch_0003,0.698710476756,0.3928492493,0.6071507507,0.0587896514931,,,8,10,I2SB latent-slerp path plus orthogonal low/high endpoint projection; stopped at e16 after style-first negative tail.,/mnt/i/Github/Latent_Style/exp/aaai2027_phase2_i2sb_slerp_orthogonal_lowhigh_k070_e3_sigma0p02_b8a2_vlen010/full_eval_fast10/epoch_0003/summary.json
phase2::i2sb_slerp_orthogonal_lowhigh::epoch_0004::transfer,wikiarts5_full_notest_train__distinct5_512_classview_test,transfer,ours_phase2_full_notest,FiberBundle,i2sb_slerp_orthogonal_lowhigh,,i2sb_slerp_orthogonal_lowhigh_k070_e3,epoch_0004,0.69429210335,0.40831037665,0.59168962335,0.0543712780871,,,8,10,I2SB latent-slerp plus orthogonal-lowhigh endpoint transfer-only curve; early e1-e5 shows structure improvement but style does not preserve slerp e2 shock.,/mnt/i/Github/Latent_Style/exp/aaai2027_phase2_i2sb_slerp_orthogonal_lowhigh_k070_e3_sigma0p02_b8a2_vlen010/full_eval_fast10/epoch_0004/summary.json
phase2::i2sb_slerp_orthogonal_lowhigh_k070_e3::epoch_0004::transfer,wikiarts5_full_notest_train__distinct5_512_classview_test,transfer,ours_phase2_full_notest,FiberBundle,i2sb_slerp_orthogonal_lowhigh_k070_e3,,i2sb_slerp_orthogonal_lowhigh_k070_e3,epoch_0004,0.69429210335,0.40831037665,0.59168962335,0.0543712780871,,,8,10,I2SB latent-slerp path plus orthogonal low/high endpoint projection; stopped at e16 after style-first negative tail.,/mnt/i/Github/Latent_Style/exp/aaai2027_phase2_i2sb_slerp_orthogonal_lowhigh_k070_e3_sigma0p02_b8a2_vlen010/full_eval_fast10/epoch_0004/summary.json
phase2::i2sb_slerp_orthogonal_lowhigh::epoch_0005::transfer,wikiarts5_full_notest_train__distinct5_512_classview_test,transfer,ours_phase2_full_notest,FiberBundle,i2sb_slerp_orthogonal_lowhigh,,i2sb_slerp_orthogonal_lowhigh_k070_e3,epoch_0005,0.689087893367,0.39600768055,0.60399231945,0.0491670681041,,,8,10,I2SB latent-slerp plus orthogonal-lowhigh endpoint transfer-only curve; early e1-e5 shows structure improvement but style does not preserve slerp e2 shock.,/mnt/i/Github/Latent_Style/exp/aaai2027_phase2_i2sb_slerp_orthogonal_lowhigh_k070_e3_sigma0p02_b8a2_vlen010/full_eval_fast10/epoch_0005/summary.json
phase2::i2sb_slerp_orthogonal_lowhigh_k070_e3::epoch_0005::transfer,wikiarts5_full_notest_train__distinct5_512_classview_test,transfer,ours_phase2_full_notest,FiberBundle,i2sb_slerp_orthogonal_lowhigh_k070_e3,,i2sb_slerp_orthogonal_lowhigh_k070_e3,epoch_0005,0.689087893367,0.39600768055,0.60399231945,0.0491670681041,,,8,10,I2SB latent-slerp path plus orthogonal low/high endpoint projection; stopped at e16 after style-first negative tail.,/mnt/i/Github/Latent_Style/exp/aaai2027_phase2_i2sb_slerp_orthogonal_lowhigh_k070_e3_sigma0p02_b8a2_vlen010/full_eval_fast10/epoch_0005/summary.json
phase2::i2sb_slerp_orthogonal_lowhigh_k070_e3::epoch_0006::transfer,wikiarts5_full_notest_train__distinct5_512_classview_test,transfer,ours_phase2_full_notest,FiberBundle,i2sb_slerp_orthogonal_lowhigh_k070_e3,,i2sb_slerp_orthogonal_lowhigh_k070_e3,epoch_0006,0.688025260866,0.3617917767,0.6382082233,0.0481044356031,,,8,10,I2SB latent-slerp path plus orthogonal low/high endpoint projection; stopped at e16 after style-first negative tail.,/mnt/i/Github/Latent_Style/exp/aaai2027_phase2_i2sb_slerp_orthogonal_lowhigh_k070_e3_sigma0p02_b8a2_vlen010/full_eval_fast10/epoch_0006/summary.json
phase2::i2sb_slerp_orthogonal_lowhigh_k070_e3::epoch_0007::transfer,wikiarts5_full_notest_train__distinct5_512_classview_test,transfer,ours_phase2_full_notest,FiberBundle,i2sb_slerp_orthogonal_lowhigh_k070_e3,,i2sb_slerp_orthogonal_lowhigh_k070_e3,epoch_0007,0.682186269164,0.3682999221,0.6317000779,0.0422654439011,,,8,10,I2SB latent-slerp path plus orthogonal low/high endpoint projection; stopped at e16 after style-first negative tail.,/mnt/i/Github/Latent_Style/exp/aaai2027_phase2_i2sb_slerp_orthogonal_lowhigh_k070_e3_sigma0p02_b8a2_vlen010/full_eval_fast10/epoch_0007/summary.json
phase2::i2sb_slerp_orthogonal_lowhigh_k070_e3::epoch_0008::transfer,wikiarts5_full_notest_train__distinct5_512_classview_test,transfer,ours_phase2_full_notest,FiberBundle,i2sb_slerp_orthogonal_lowhigh_k070_e3,,i2sb_slerp_orthogonal_lowhigh_k070_e3,epoch_0008,0.685025190115,0.3528067994,0.6471932006,0.0451043648521,,,8,10,I2SB latent-slerp path plus orthogonal low/high endpoint projection; stopped at e16 after style-first negative tail.,/mnt/i/Github/Latent_Style/exp/aaai2027_phase2_i2sb_slerp_orthogonal_lowhigh_k070_e3_sigma0p02_b8a2_vlen010/full_eval_fast10/epoch_0008/summary.json
phase2::i2sb_slerp_orthogonal_lowhigh_k070_e3::epoch_0009::transfer,wikiarts5_full_notest_train__distinct5_512_classview_test,transfer,ours_phase2_full_notest,FiberBundle,i2sb_slerp_orthogonal_lowhigh_k070_e3,,i2sb_slerp_orthogonal_lowhigh_k070_e3,epoch_0009,0.682723872066,0.38176967155,0.61823032845,0.0428030468031,,,8,10,I2SB latent-slerp path plus orthogonal low/high endpoint projection; stopped at e16 after style-first negative tail.,/mnt/i/Github/Latent_Style/exp/aaai2027_phase2_i2sb_slerp_orthogonal_lowhigh_k070_e3_sigma0p02_b8a2_vlen010/full_eval_fast10/epoch_0009/summary.json
phase2::i2sb_slerp_orthogonal_lowhigh_k070_e3::epoch_0010::transfer,wikiarts5_full_notest_train__distinct5_512_classview_test,transfer,ours_phase2_full_notest,FiberBundle,i2sb_slerp_orthogonal_lowhigh_k070_e3,,i2sb_slerp_orthogonal_lowhigh_k070_e3,epoch_0010,0.682407976985,0.36859596895,0.63140403105,0.0424871517221,,,8,10,I2SB latent-slerp path plus orthogonal low/high endpoint projection; stopped at e16 after style-first negative tail.,/mnt/i/Github/Latent_Style/exp/aaai2027_phase2_i2sb_slerp_orthogonal_lowhigh_k070_e3_sigma0p02_b8a2_vlen010/full_eval_fast10/epoch_0010/summary.json
phase2::i2sb_slerp_orthogonal_lowhigh_k070_e3::epoch_0011::transfer,wikiarts5_full_notest_train__distinct5_512_classview_test,transfer,ours_phase2_full_notest,FiberBundle,i2sb_slerp_orthogonal_lowhigh_k070_e3,,i2sb_slerp_orthogonal_lowhigh_k070_e3,epoch_0011,0.683137118816,0.3553128402,0.6446871598,0.0432162935531,,,8,10,I2SB latent-slerp path plus orthogonal low/high endpoint projection; stopped at e16 after style-first negative tail.,/mnt/i/Github/Latent_Style/exp/aaai2027_phase2_i2sb_slerp_orthogonal_lowhigh_k070_e3_sigma0p02_b8a2_vlen010/full_eval_fast10/epoch_0011/summary.json
phase2::i2sb_slerp_orthogonal_lowhigh_k070_e3::epoch_0012::transfer,wikiarts5_full_notest_train__distinct5_512_classview_test,transfer,ours_phase2_full_notest,FiberBundle,i2sb_slerp_orthogonal_lowhigh_k070_e3,,i2sb_slerp_orthogonal_lowhigh_k070_e3,epoch_0012,0.683381928205,0.3582366659,0.6417633341,0.0434611029421,,,8,10,I2SB latent-slerp path plus orthogonal low/high endpoint projection; stopped at e16 after style-first negative tail.,/mnt/i/Github/Latent_Style/exp/aaai2027_phase2_i2sb_slerp_orthogonal_lowhigh_k070_e3_sigma0p02_b8a2_vlen010/full_eval_fast10/epoch_0012/summary.json
phase2::i2sb_slerp_orthogonal_lowhigh_k070_e3::epoch_0013::transfer,wikiarts5_full_notest_train__distinct5_512_classview_test,transfer,ours_phase2_full_notest,FiberBundle,i2sb_slerp_orthogonal_lowhigh_k070_e3,,i2sb_slerp_orthogonal_lowhigh_k070_e3,epoch_0013,0.679402002394,0.3774089746,0.6225910254,0.0394811771311,,,8,10,I2SB latent-slerp path plus orthogonal low/high endpoint projection; stopped at e16 after style-first negative tail.,/mnt/i/Github/Latent_Style/exp/aaai2027_phase2_i2sb_slerp_orthogonal_lowhigh_k070_e3_sigma0p02_b8a2_vlen010/full_eval_fast10/epoch_0013/summary.json
phase2::i2sb_slerp_orthogonal_lowhigh_k070_e3::epoch_0014::transfer,wikiarts5_full_notest_train__distinct5_512_classview_test,transfer,ours_phase2_full_notest,FiberBundle,i2sb_slerp_orthogonal_lowhigh_k070_e3,,i2sb_slerp_orthogonal_lowhigh_k070_e3,epoch_0014,0.682619970739,0.3623562193,0.6376437807,0.0426991454761,,,8,10,I2SB latent-slerp path plus orthogonal low/high endpoint projection; stopped at e16 after style-first negative tail.,/mnt/i/Github/Latent_Style/exp/aaai2027_phase2_i2sb_slerp_orthogonal_lowhigh_k070_e3_sigma0p02_b8a2_vlen010/full_eval_fast10/epoch_0014/summary.json
phase2::i2sb_slerp_orthogonal_lowhigh_k070_e3::epoch_0015::transfer,wikiarts5_full_notest_train__distinct5_512_classview_test,transfer,ours_phase2_full_notest,FiberBundle,i2sb_slerp_orthogonal_lowhigh_k070_e3,,i2sb_slerp_orthogonal_lowhigh_k070_e3,epoch_0015,0.678109111488,0.3504210564,0.6495789436,0.0381882862251,,,8,10,I2SB latent-slerp path plus orthogonal low/high endpoint projection; stopped at e16 after style-first negative tail.,/mnt/i/Github/Latent_Style/exp/aaai2027_phase2_i2sb_slerp_orthogonal_lowhigh_k070_e3_sigma0p02_b8a2_vlen010/full_eval_fast10/epoch_0015/summary.json
phase2::i2sb_slerp_orthogonal_lowhigh_k070_e3::epoch_0016::transfer,wikiarts5_full_notest_train__distinct5_512_classview_test,transfer,ours_phase2_full_notest,FiberBundle,i2sb_slerp_orthogonal_lowhigh_k070_e3,,i2sb_slerp_orthogonal_lowhigh_k070_e3,epoch_0016,0.678956711292,0.3712217467,0.6287782533,0.0390358860291,,,8,10,I2SB latent-slerp path plus orthogonal low/high endpoint projection; stopped at e16 after style-first negative tail.,/mnt/i/Github/Latent_Style/exp/aaai2027_phase2_i2sb_slerp_orthogonal_lowhigh_k070_e3_sigma0p02_b8a2_vlen010/full_eval_fast10/epoch_0016/summary.json
phase2::phase2_k070::epoch_0001::transfer,wikiarts5_full_notest_train__distinct5_512_classview_test,transfer,ours_phase2_full_notest,FiberBundle,k070,k070 e1,k070_e1_e5,epoch_0001,0.672664287637,0.336344099417,0.663655900583,0.0327434623741,25.394283545,1523.6570127,-34,8,remote k070 epoch 1-5 all-ckpt eval; epoch 6 stopped by VRAM guard before closure,/mnt/i/Github/Latent_Style/exp/aaai2027_phase2_vel_tok32_safe_semantic_topogate_k070_seed42_b12a1/full_eval/epoch_0001/summary.json
phase2::phase2_k070::epoch_0002::transfer,wikiarts5_full_notest_train__distinct5_512_classview_test,transfer,ours_phase2_full_notest,FiberBundle,k070,,k070_e1_e5,epoch_0002,0.671813611587,0.315877647883,0.684122352117,0.0318927863241,23.9569282055,1437.41569233,0,0,remote k070 epoch 1-5 all-ckpt eval; epoch 6 stopped by VRAM guard before closure,/mnt/i/Github/Latent_Style/exp/aaai2027_phase2_vel_tok32_safe_semantic_topogate_k070_seed42_b12a1/full_eval/epoch_0002/summary.json
phase2::phase2_k070::epoch_0003::transfer,wikiarts5_full_notest_train__distinct5_512_classview_test,transfer,ours_phase2_full_notest,FiberBundle,k070,e3 best LPIPS,k070_e1_e5,epoch_0003,0.671820352425,0.314618110807,0.685381889193,0.0318995271621,23.8622721394,1431.73632836,7,-12,remote k070 epoch 1-5 all-ckpt eval; epoch 6 stopped by VRAM guard before closure,/mnt/i/Github/Latent_Style/exp/aaai2027_phase2_vel_tok32_safe_semantic_topogate_k070_seed42_b12a1/full_eval/epoch_0003/summary.json
phase2::phase2_k070::epoch_0004::transfer,wikiarts5_full_notest_train__distinct5_512_classview_test,transfer,ours_phase2_full_notest,FiberBundle,k070,,k070_e1_e5,epoch_0004,0.669782079756,0.323409295583,0.676590704417,0.0298612544931,23.8184013168,1429.10407901,0,0,remote k070 epoch 1-5 all-ckpt eval; epoch 6 stopped by VRAM guard before closure,/mnt/i/Github/Latent_Style/exp/aaai2027_phase2_vel_tok32_safe_semantic_topogate_k070_seed42_b12a1/full_eval/epoch_0004/summary.json
phase2::phase2_k070::epoch_0005::transfer,wikiarts5_full_notest_train__distinct5_512_classview_test,transfer,ours_phase2_full_notest,FiberBundle,k070,,k070_e1_e5,epoch_0005,0.671103842507,0.3256374102,0.6743625898,0.0311830172441,23.8352625489,1430.11575294,0,0,remote k070 epoch 1-5 all-ckpt eval; epoch 6 stopped by VRAM guard before closure,/mnt/i/Github/Latent_Style/exp/aaai2027_phase2_vel_tok32_safe_semantic_topogate_k070_seed42_b12a1/full_eval/epoch_0005/summary.json
phase2::k070_kin070_vlen010::epoch_0001::transfer,wikiarts5_full_notest_train__distinct5_512_classview_test,transfer,ours_phase2_full_notest,Kinetic-Release,k070_kin070_vlen010,,k070_kin070_vlen010,epoch_0001,0.672150232395,0.3369105095,0.6630894905,0.0322294071321,2.47118829886,148.271297932,8,10,Short vlen=0.10 kinetic-release probe; cost-stopped after e3 because style gain was too small for the LPIPS/runtime cost.,SchrodingerBridge\docs\experiments\phase2_fiber_bundle\eval\k070_kin070_vlen010\epoch_0001\summary.json
phase2::k070_kin070_vlen010::epoch_0002::transfer,wikiarts5_full_notest_train__distinct5_512_classview_test,transfer,ours_phase2_full_notest,Kinetic-Release,k070_kin070_vlen010,,k070_kin070_vlen010,epoch_0002,0.674130826443,0.340593334767,0.659406665233,0.0342100011801,2.48134673436,148.880804062,8,10,Short vlen=0.10 kinetic-release probe; e2 was best style but LPIPS cost remained too high.,SchrodingerBridge\docs\experiments\phase2_fiber_bundle\eval\k070_kin070_vlen010\epoch_0002\summary.json
phase2::k070_kin070_vlen010::epoch_0003::transfer,wikiarts5_full_notest_train__distinct5_512_classview_test,transfer,ours_phase2_full_notest,Kinetic-Release,k070_kin070_vlen010,,k070_kin070_vlen010,epoch_0003,0.67332963109,0.35233848615,0.64766151385,0.0334088058271,2.45430377324,147.258226395,8,10,Short vlen=0.10 kinetic-release probe; e3 worsened LPIPS and confirmed cost stop.,SchrodingerBridge\docs\experiments\phase2_fiber_bundle\eval\k070_kin070_vlen010\epoch_0003\summary.json
phase2::latent_affine_k070_e3::s025::transfer,wikiarts5_full_notest_train__distinct5_512_classview_test,transfer,ours_phase2_full_notest,FiberBundle,latent_affine_k070_e3,,latent_affine_k070_e3,s025,0.674867713402,0.310584292392,0.689415707608,0.0349468881391,,,8,10,Eval-only latent-space style-affine scan from k070 epoch_0003; only latent postprocess strength changes.,SchrodingerBridge\docs\experiments\phase2_fiber_bundle\eval\latent_affine_k070_e3\s025\summary.json
phase2::latent_affine_k070_e3::s050::transfer,wikiarts5_full_notest_train__distinct5_512_classview_test,transfer,ours_phase2_full_notest,FiberBundle,latent_affine_k070_e3,LatAff s0.50,latent_affine_k070_e3,s050,0.680303112417,0.322202480617,0.677797519383,0.0403822871541,,,12,22,Eval-only latent-space style-affine scan from k070 epoch_0003; s050 gives a clear style gain with modest LPIPS cost.,SchrodingerBridge\docs\experiments\phase2_fiber_bundle\eval\latent_affine_k070_e3\s050\summary.json
phase2::latent_affine_k070_e3::s075::transfer,wikiarts5_full_notest_train__distinct5_512_classview_test,transfer,ours_phase2_full_notest,FiberBundle,latent_affine_k070_e3,LatAff s0.75,latent_affine_k070_e3,s075,0.685443543196,0.344579891933,0.655420108067,0.0455227179331,,,18,-20,Eval-only latent-space style-affine scan from k070 epoch_0003; current phase2 style ceiling but LPIPS cost rises.,SchrodingerBridge\docs\experiments\phase2_fiber_bundle\eval\latent_affine_k070_e3\s075\summary.json
phase2::latent_affine_refine_k070_e3::s050_pc010::transfer,wikiarts5_full_notest_train__distinct5_512_classview_test,transfer,ours_phase2_full_notest,FiberBundle,latent_affine_refine_k070_e3,,latent_affine_pc_k070_e3,s050_pc010,0.680160333117,0.320104198217,0.679895801783,0.0402395078541,2.61389971073,156.833982644,8,10,Latent affine refinement/PC combo eval-only from k070 epoch_0003 on WikiArt-5 surface.,SchrodingerBridge\docs\experiments\phase2_fiber_bundle\eval\latent_affine_refine_k070_e3\s050_pc010\summary.json
phase2::latent_affine_refine_k070_e3::s075_pc010::transfer,wikiarts5_full_notest_train__distinct5_512_classview_test,transfer,ours_phase2_full_notest,FiberBundle,latent_affine_refine_k070_e3,,latent_affine_pc_k070_e3,s075_pc010,0.685303832789,0.343517035033,0.656482964967,0.0453830075261,2.61785780908,157.071468545,8,10,Latent affine refinement/PC combo eval-only from k070 epoch_0003 on WikiArt-5 surface.,SchrodingerBridge\docs\experiments\phase2_fiber_bundle\eval\latent_affine_refine_k070_e3\s075_pc010\summary.json
phase2::latent_affine_refine_k070_e3::s035::transfer,wikiarts5_full_notest_train__distinct5_512_classview_test,transfer,ours_phase2_full_notest,FiberBundle,latent_affine_refine_k070_e3,,latent_affine_refine_k070_e3,s035,0.676780535628,0.31360564195,0.68639435805,0.0368597103651,2.58698744415,155.219246649,8,10,Latent affine refinement/PC combo eval-only from k070 epoch_0003 on WikiArt-5 surface.,SchrodingerBridge\docs\experiments\phase2_fiber_bundle\eval\latent_affine_refine_k070_e3\s035\summary.json
phase2::latent_affine_refine_k070_e3::s045::transfer,wikiarts5_full_notest_train__distinct5_512_classview_test,transfer,ours_phase2_full_notest,FiberBundle,latent_affine_refine_k070_e3,LatAff s0.45,latent_affine_refine_k070_e3,s045,0.679109842281,0.318817679833,0.681182320167,0.0391890170181,2.55938443775,153.563066265,14,24,Latent affine refinement/PC combo eval-only from k070 epoch_0003 on WikiArt-5 surface.,SchrodingerBridge\docs\experiments\phase2_fiber_bundle\eval\latent_affine_refine_k070_e3\s045\summary.json
phase2::latent_affine_refine_k070_e3::s060::transfer,wikiarts5_full_notest_train__distinct5_512_classview_test,transfer,ours_phase2_full_notest,FiberBundle,latent_affine_refine_k070_e3,,latent_affine_refine_k070_e3,s060,0.682389750481,0.33005643765,0.66994356235,0.0424689252181,2.59514329375,155.708597625,8,10,Latent affine refinement/PC combo eval-only from k070 epoch_0003 on WikiArt-5 surface.,SchrodingerBridge\docs\experiments\phase2_fiber_bundle\eval\latent_affine_refine_k070_e3\s060\summary.json
phase2::phase2_pattn_enhanced_tok::epoch_0001::transfer,wikiarts5_full_notest_train__distinct5_512_classview_test,transfer,ours_phase2_full_notest,Phase2,pattn_enhanced_tok,,pattn_enhanced_tok_e1_e10,epoch_0001,0.670199382305,0.368480404833,0.631519595167,0.0302785570421,17.2276223461,1033.65734076,0,0,remote pattn_enhanced_tok epoch 1-10 all-ckpt eval; stopped before Fiber-SDE queue,/mnt/i/Github/Latent_Style/exp/aaai2027_phase2_vel_pattn_enhanced_tok_seed42_b22a1/full_eval/epoch_0001/summary.json
phase2::phase2_pattn_enhanced_tok::epoch_0002::transfer,wikiarts5_full_notest_train__distinct5_512_classview_test,transfer,ours_phase2_full_notest,Phase2,pattn_enhanced_tok,pattn e2 best style,pattn_enhanced_tok_e1_e10,epoch_0002,0.673934032768,0.3843404249,0.6156595751,0.0340132075051,17.6139776389,1056.83865833,-78,7,remote pattn_enhanced_tok epoch 1-10 all-ckpt eval; stopped before Fiber-SDE queue,/mnt/i/Github/Latent_Style/exp/aaai2027_phase2_vel_pattn_enhanced_tok_seed42_b22a1/full_eval/epoch_0002/summary.json
phase2::phase2_pattn_enhanced_tok::epoch_0003::transfer,wikiarts5_full_notest_train__distinct5_512_classview_test,transfer,ours_phase2_full_notest,Phase2,pattn_enhanced_tok,,pattn_enhanced_tok_e1_e10,epoch_0003,0.670266297857,0.381765184933,0.618234815067,0.0303454725941,17.5972676595,1055.83605957,0,0,remote pattn_enhanced_tok epoch 1-10 all-ckpt eval; stopped before Fiber-SDE queue,/mnt/i/Github/Latent_Style/exp/aaai2027_phase2_vel_pattn_enhanced_tok_seed42_b22a1/full_eval/epoch_0003/summary.json
phase2::phase2_pattn_enhanced_tok::epoch_0004::transfer,wikiarts5_full_notest_train__distinct5_512_classview_test,transfer,ours_phase2_full_notest,Phase2,pattn_enhanced_tok,,pattn_enhanced_tok_e1_e10,epoch_0004,0.670364487867,0.3738133022,0.6261866978,0.0304436626041,17.5953422586,1055.72053552,0,0,remote pattn_enhanced_tok epoch 1-10 all-ckpt eval; stopped before Fiber-SDE queue,/mnt/i/Github/Latent_Style/exp/aaai2027_phase2_vel_pattn_enhanced_tok_seed42_b22a1/full_eval/epoch_0004/summary.json
phase2::phase2_pattn_enhanced_tok::epoch_0005::transfer,wikiarts5_full_notest_train__distinct5_512_classview_test,transfer,ours_phase2_full_notest,Phase2,pattn_enhanced_tok,,pattn_enhanced_tok_e1_e10,epoch_0005,0.671282611936,0.377019610817,0.622980389183,0.0313617866731,17.5801602244,1054.80961347,0,0,remote pattn_enhanced_tok epoch 1-10 all-ckpt eval; stopped before Fiber-SDE queue,/mnt/i/Github/Latent_Style/exp/aaai2027_phase2_vel_pattn_enhanced_tok_seed42_b22a1/full_eval/epoch_0005/summary.json
phase2::phase2_pattn_enhanced_tok::epoch_0006::transfer,wikiarts5_full_notest_train__distinct5_512_classview_test,transfer,ours_phase2_full_notest,Phase2,pattn_enhanced_tok,,pattn_enhanced_tok_e1_e10,epoch_0006,0.668830771893,0.37065061115,0.62934938885,0.0289099466301,17.5995648861,1055.97389317,0,0,remote pattn_enhanced_tok epoch 1-10 all-ckpt eval; stopped before Fiber-SDE queue,/mnt/i/Github/Latent_Style/exp/aaai2027_phase2_vel_pattn_enhanced_tok_seed42_b22a1/full_eval/epoch_0006/summary.json
phase2::phase2_pattn_enhanced_tok::epoch_0007::transfer,wikiarts5_full_notest_train__distinct5_512_classview_test,transfer,ours_phase2_full_notest,Phase2,pattn_enhanced_tok,,pattn_enhanced_tok_e1_e10,epoch_0007,0.668986346424,0.361137717433,0.638862282567,0.0290655211611,18.3997919679,1103.98751807,0,0,remote pattn_enhanced_tok epoch 1-10 all-ckpt eval; stopped before Fiber-SDE queue,/mnt/i/Github/Latent_Style/exp/aaai2027_phase2_vel_pattn_enhanced_tok_seed42_b22a1/full_eval/epoch_0007/summary.json
phase2::phase2_pattn_enhanced_tok::epoch_0008::transfer,wikiarts5_full_notest_train__distinct5_512_classview_test,transfer,ours_phase2_full_notest,Phase2,pattn_enhanced_tok,pattn e8 low LPIPS,pattn_enhanced_tok_e1_e10,epoch_0008,0.667859170437,0.3614828111,0.6385171889,0.0279383451741,18.2641013503,1095.84608102,8,-17,remote pattn_enhanced_tok epoch 1-10 all-ckpt eval; stopped before Fiber-SDE queue,/mnt/i/Github/Latent_Style/exp/aaai2027_phase2_vel_pattn_enhanced_tok_seed42_b22a1/full_eval/epoch_0008/summary.json
phase2::phase2_pattn_enhanced_tok::epoch_0009::transfer,wikiarts5_full_notest_train__distinct5_512_classview_test,transfer,ours_phase2_full_notest,Phase2,pattn_enhanced_tok,,pattn_enhanced_tok_e1_e10,epoch_0009,0.673337248862,0.384972113767,0.615027886233,0.0334164235991,18.2256133278,1093.53679967,0,0,remote pattn_enhanced_tok epoch 1-10 all-ckpt eval; stopped before Fiber-SDE queue,/mnt/i/Github/Latent_Style/exp/aaai2027_phase2_vel_pattn_enhanced_tok_seed42_b22a1/full_eval/epoch_0009/summary.json
phase2::phase2_pattn_enhanced_tok::epoch_0010::transfer,wikiarts5_full_notest_train__distinct5_512_classview_test,transfer,ours_phase2_full_notest,Phase2,pattn_enhanced_tok,,pattn_enhanced_tok_e1_e10,epoch_0010,0.670516276757,0.364172357933,0.635827642067,0.0305954514941,18.2082647244,1092.49588346,0,0,remote pattn_enhanced_tok epoch 1-10 all-ckpt eval; stopped before Fiber-SDE queue,/mnt/i/Github/Latent_Style/exp/aaai2027_phase2_vel_pattn_enhanced_tok_seed42_b22a1/full_eval/epoch_0010/summary.json
phase2::pc_lowpass_k070_e3::step0p03::transfer,wikiarts5_full_notest_train__distinct5_512_classview_test,transfer,ours_phase2_full_notest,FiberBundle,pc_lowpass_k070_e3,,pc_lowpass_k070_e3,step0p03,0.671606489718,0.313593545823,0.686406454177,0.0316856644551,,,8,10,Eval-only solver_pc latent_lowpass scan from k070 epoch_0003; only corrector step size changes.,SchrodingerBridge\docs\experiments\phase2_fiber_bundle\eval\pc_lowpass_k070_e3\step0p03\summary.json
phase2::pc_lowpass_k070_e3::step0p06::transfer,wikiarts5_full_notest_train__distinct5_512_classview_test,transfer,ours_phase2_full_notest,FiberBundle,pc_lowpass_k070_e3,,pc_lowpass_k070_e3,step0p06,0.671214334915,0.312732620607,0.687267379393,0.0312935096521,,,8,10,Eval-only solver_pc latent_lowpass scan from k070 epoch_0003; only corrector step size changes.,SchrodingerBridge\docs\experiments\phase2_fiber_bundle\eval\pc_lowpass_k070_e3\step0p06\summary.json
phase2::pc_lowpass_k070_e3::step0p10::transfer,wikiarts5_full_notest_train__distinct5_512_classview_test,transfer,ours_phase2_full_notest,FiberBundle,pc_lowpass_k070_e3,,pc_lowpass_k070_e3,step0p10,0.671095734487,0.311748250935,0.688251749065,0.0311749092241,,,8,10,Eval-only solver_pc latent_lowpass scan from k070 epoch_0003; step=0.10 improves LPIPS but lowers style.,SchrodingerBridge\docs\experiments\phase2_fiber_bundle\eval\pc_lowpass_k070_e3\step0p10\summary.json
phase2::rgbcal_k070_e3::s025::transfer,wikiarts5_full_notest_train__distinct5_512_classview_test,transfer,ours_phase2_full_notest,LBM-Phase2,rgbcal_k070_e3,RGBCal,rgbcal_k070_e3,s025,0.654740067025,0.3086252581,0.6913747419,0.0148192417621,,,10,12,Eval-only decoded RGB style-affine calibration from k070 epoch_0003; negative style result.,SchrodingerBridge\docs\experiments\phase2_fiber_bundle\eval\rgbcal_k070_e3\s025\summary.json
phase2::rgbcal_k070_e3::s050::transfer,wikiarts5_full_notest_train__distinct5_512_classview_test,transfer,ours_phase2_full_notest,LBM-Phase2,rgbcal_k070_e3,,rgbcal_k070_e3,s050,0.645429650247,0.328337674867,0.671662325133,0.00550882498414,,,0,0,Eval-only decoded RGB style-affine calibration from k070 epoch_0003; negative style result.,SchrodingerBridge\docs\experiments\phase2_fiber_bundle\eval\rgbcal_k070_e3\s050\summary.json
phase2::rgbcal_k070_e3::s075::transfer,wikiarts5_full_notest_train__distinct5_512_classview_test,transfer,ours_phase2_full_notest,LBM-Phase2,rgbcal_k070_e3,,rgbcal_k070_e3,s075,0.641210740258,0.35298338795,0.64701661205,0.00128991499514,,,0,0,Eval-only decoded RGB style-affine calibration from k070 epoch_0003; negative style result.,SchrodingerBridge\docs\experiments\phase2_fiber_bundle\eval\rgbcal_k070_e3\s075\summary.json
phase2::smoe_translator_k070_e3::epoch_0001::transfer,wikiarts5_full_notest_train__distinct5_512_classview_test,transfer,ours_phase2_full_notest,FiberBundle,smoe_translator_k070_e3,SMoE e1,smoe_translator_k070_e3,epoch_0001,0.672378600041,0.333173092283,0.666826907717,0.0324577747781,24.1770867268,1450.62520361,-42,-18,SMoE-only from k070 epoch_0003; e1 full eval; train 1450.6s eval 265.1s,/mnt/i/Github/Latent_Style/exp/aaai2027_phase2_smoe_translator_k070_e3_seed42_b12a1/full_eval/epoch_0001/summary.json
phase2::smoe_translator_k070_e3::epoch_0002::transfer,wikiarts5_full_notest_train__distinct5_512_classview_test,transfer,ours_phase2_full_notest,FiberBundle,smoe_translator_k070_e3,SMoE e2,smoe_translator_k070_e3,epoch_0002,0.670477835685,0.331322781117,0.668677218883,0.0305570104221,24.4716667,1468.3,12,18,SMoE-only from k070 epoch_0003; e2 full eval; train 1468.3s eval 240.4s curve wall,SchrodingerBridge\docs\experiments\phase2_fiber_bundle\eval\smoe_translator_k070_e3\epoch_0002\summary.json
phase2::smoe_translator_k070_e3::epoch_0003::transfer,wikiarts5_full_notest_train__distinct5_512_classview_test,transfer,ours_phase2_full_notest,FiberBundle,smoe_translator_k070_e3,,smoe_translator_k070_e3,epoch_0003,0.668567764064,0.323320047173,0.676679952827,0.0286469388011,24.3616667,1461.7,0,0,SMoE-only from k070 epoch_0003; e3 full eval; train 1461.7s eval 244.4s curve wall,SchrodingerBridge\docs\experiments\phase2_fiber_bundle\eval\smoe_translator_k070_e3\epoch_0003\summary.json
phase2::smoe_translator_k070_e3::epoch_0004::transfer,wikiarts5_full_notest_train__distinct5_512_classview_test,transfer,ours_phase2_full_notest,FiberBundle,smoe_translator_k070_e3,,smoe_translator_k070_e3,epoch_0004,0.669259405434,0.322103132683,0.677896867317,0.0293385801711,24.6166667,1477,0,0,SMoE-only from k070 epoch_0003; e4 full eval; train 1477.0s eval 259.9s curve wall,SchrodingerBridge\docs\experiments\phase2_fiber_bundle\eval\smoe_translator_k070_e3\epoch_0004\summary.json
phase2::smoe_translator_k070_e3::epoch_0005::transfer,wikiarts5_full_notest_train__distinct5_512_classview_test,transfer,ours_phase2_full_notest,FiberBundle,smoe_translator_k070_e3,,smoe_translator_k070_e3,epoch_0005,0.6709978803,0.326648291417,0.673351708583,0.0310770550371,26.0666667,1564,0,0,SMoE-only from k070 epoch_0003; e5 full eval; train 1564.0s eval 261.0s curve wall,SchrodingerBridge\docs\experiments\phase2_fiber_bundle\eval\smoe_translator_k070_e3\epoch_0005\summary.json
phase2::smoe_translator_k070_e3::epoch_0006::transfer,wikiarts5_full_notest_train__distinct5_512_classview_test,transfer,ours_phase2_full_notest,FiberBundle,smoe_translator_k070_e3,,smoe_translator_k070_e3,epoch_0006,0.669504146377,0.33502199795,0.66497800205,0.0295833211141,25.97,1558.2,0,0,SMoE-only from k070 epoch_0003; e6 full eval; train 1558.2s eval 256.6s curve wall; first non-Pareto tail point,SchrodingerBridge\docs\experiments\phase2_fiber_bundle\eval\smoe_translator_k070_e3\epoch_0006\summary.json
phase2::smoe_translator_k070_e3::epoch_0007::transfer,wikiarts5_full_notest_train__distinct5_512_classview_test,transfer,ours_phase2_full_notest,FiberBundle,smoe_translator_k070_e3,,smoe_translator_k070_e3,epoch_0007,0.670730126003,0.33329640525,0.66670359475,0.0308093007401,25.19,1511.5,0,0,SMoE-only from k070 epoch_0003; e7 full eval; train 1511.5s eval 249.8s curve wall; non-Pareto tail since_last_pareto=2,SchrodingerBridge\docs\experiments\phase2_fiber_bundle\eval\smoe_translator_k070_e3\epoch_0007\summary.json
phase2::smoe_translator_k070_e3::epoch_0008::transfer,wikiarts5_full_notest_train__distinct5_512_classview_test,transfer,ours_phase2_full_notest,FiberBundle,smoe_translator_k070_e3,,smoe_translator_k070_e3,epoch_0008,0.669985461583,0.3178076079,0.6821923921,0.0300646363201,25.23,1514,0,0,SMoE-only from k070 epoch_0003; e8 full eval; train 1514.0s eval 241.0s curve wall; new candidate-curve Pareto but still dominated by parent,SchrodingerBridge\docs\experiments\phase2_fiber_bundle\eval\smoe_translator_k070_e3\epoch_0008\summary.json
phase2::smoe_translator_k070_e3::epoch_0009::transfer,wikiarts5_full_notest_train__distinct5_512_classview_test,transfer,ours_phase2_full_notest,FiberBundle,smoe_translator_k070_e3,e9 style,smoe_translator_k070_e3,epoch_0009,0.672773671051,0.327154528183,0.672845471817,0.0328528457881,24.43,1465.7,20,26,SMoE-only from k070 epoch_0003; e9 full eval; train 1465.7s eval 242.5s curve wall; new best transfer/all-pairs style but LPIPS regresses,SchrodingerBridge\docs\experiments\phase2_fiber_bundle\eval\smoe_translator_k070_e3\epoch_0009\summary.json
phase2::smoe_translator_k070_e3::epoch_0010::transfer,wikiarts5_full_notest_train__distinct5_512_classview_test,transfer,ours_phase2_full_notest,FiberBundle,smoe_translator_k070_e3,,smoe_translator_k070_e3,epoch_0010,0.670014303128,0.323924960933,0.676075039067,0.0300934778651,25.48,1528.6,0,0,SMoE-only from k070 epoch_0003; e10 full eval; train 1528.6s eval 257.4s curve wall; curve Pareto but style falls from e9,SchrodingerBridge\docs\experiments\phase2_fiber_bundle\eval\smoe_translator_k070_e3\epoch_0010\summary.json
phase2::smoe_translator_k070_e3::epoch_0011::transfer,wikiarts5_full_notest_train__distinct5_512_classview_test,transfer,ours_phase2_full_notest,FiberBundle,smoe_translator_k070_e3,,smoe_translator_k070_e3,epoch_0011,0.66966738378,0.327547530933,0.672452469067,0.0297465585171,25.9633333,1557.8,8,10,SMoE-only from k070 epoch_0003; e11 full eval; train 1557.8s eval 253.4s curve wall; non-Pareto tail since_last_pareto=1,SchrodingerBridge\docs\experiments\phase2_fiber_bundle\eval\smoe_translator_k070_e3\epoch_0011\summary.json
phase2::smoe_translator_k070_e3::epoch_0012::transfer,wikiarts5_full_notest_train__distinct5_512_classview_test,transfer,ours_phase2_full_notest,FiberBundle,smoe_translator_k070_e3,,smoe_translator_k070_e3,epoch_0012,0.670048182358,0.331772796233,0.668227203767,0.0301273570951,25.5866667,1535.2,8,10,SMoE-only from k070 epoch_0003; e12 full eval; train 1535.2s eval 254.0s curve wall; non-Pareto tail since_last_pareto=2,SchrodingerBridge\docs\experiments\phase2_fiber_bundle\eval\smoe_translator_k070_e3\epoch_0012\summary.json
phase2::smoe_translator_k070_e3::epoch_0013::transfer,wikiarts5_full_notest_train__distinct5_512_classview_test,transfer,ours_phase2_full_notest,FiberBundle,smoe_translator_k070_e3,,smoe_translator_k070_e3,epoch_0013,0.671564645171,0.336138799683,0.663861200317,0.0316438199081,25.94,1556.4,8,10,SMoE-only from k070 epoch_0003; e13 full eval; train 1556.4s eval 268.5s curve wall; non-Pareto tail since_last_pareto=3,SchrodingerBridge\docs\experiments\phase2_fiber_bundle\eval\smoe_translator_k070_e3\epoch_0013\summary.json
phase2::smoe_translator_k070_e3::epoch_0014::transfer,wikiarts5_full_notest_train__distinct5_512_classview_test,transfer,ours_phase2_full_notest,FiberBundle,smoe_translator_k070_e3,e14 pareto,smoe_translator_k070_e3,epoch_0014,0.672184895327,0.324834055177,0.675165944823,0.0322640700641,26.7283333,1603.7,18,-24,SMoE-only from k070 epoch_0003; e14 full eval; train 1603.7s eval 266.5s curve wall; new candidate-curve Pareto but still LPIPS-costly vs parent,SchrodingerBridge\docs\experiments\phase2_fiber_bundle\eval\smoe_translator_k070_e3\epoch_0014\summary.json
phase2::smoe_translator_k070_e3::epoch_0015::transfer,wikiarts5_full_notest_train__distinct5_512_classview_test,transfer,ours_phase2_full_notest,FiberBundle,smoe_translator_k070_e3,stop e15,smoe_translator_k070_e3,epoch_0015,0.671284326911,0.333646822817,0.666353177183,0.0313635016481,26.6266667,1597.6,24,-12,SMoE-only from k070 epoch_0003; e15 full eval; train 1597.6s eval 268.7s summary wall / 294.9s trainer log; cost-stopped after user review because the line remains LPIPS-costly and too slow,SchrodingerBridge\docs\experiments\phase2_fiber_bundle\eval\smoe_translator_k070_e3\epoch_0015\summary.json
phase2::topology_release_k070_e3::blend0p0::transfer,wikiarts5_full_notest_train__distinct5_512_classview_test,transfer,ours_phase2_full_notest,FiberBundle,topology_release_k070_e3,,topology_release_k070_e3,blend0p0,0.671696273436,0.314660494517,0.685339505483,0.0317754481731,,,8,10,"Eval-only semantic topology blend release from k070 epoch_0003; flat style response, no training.",SchrodingerBridge\docs\experiments\phase2_fiber_bundle\eval\topology_release_k070_e3\blend0p0\summary.json
phase2::topology_release_k070_e3::blend0p3::transfer,wikiarts5_full_notest_train__distinct5_512_classview_test,transfer,ours_phase2_full_notest,FiberBundle,topology_release_k070_e3,,topology_release_k070_e3,blend0p3,0.671899243742,0.314675393067,0.685324606933,0.0319784184791,,,8,10,"Eval-only semantic topology blend release from k070 epoch_0003; flat style response, no training.",SchrodingerBridge\docs\experiments\phase2_fiber_bundle\eval\topology_release_k070_e3\blend0p3\summary.json
phase2::topology_release_k070_e3::blend0p5::transfer,wikiarts5_full_notest_train__distinct5_512_classview_test,transfer,ours_phase2_full_notest,FiberBundle,topology_release_k070_e3,,topology_release_k070_e3,blend0p5,0.671887433678,0.314607852233,0.685392147767,0.0319666084151,,,8,10,"Eval-only semantic topology blend release from k070 epoch_0003; flat style response, no training.",SchrodingerBridge\docs\experiments\phase2_fiber_bundle\eval\topology_release_k070_e3\blend0p5\summary.json
