{
  "checkpoint": "../AdaGN-patch-500ep/epoch_0150.pt",
  "timestamp": "2026-02-01 03:41:11",
  "matrix_breakdown": {
    "monet": {
      "monet": {
        "count": 30,
        "clip_style": 0.719921875,
        "style_lpips": 0.6994791666666667,
        "content_lpips": 0.45462239666666665,
        "clip_content": 0.8356279070000002
      },
      "photo": {
        "count": 30,
        "clip_style": 0.5537760416666667,
        "style_lpips": 0.7497395833333333,
        "content_lpips": 0.42584635466666665,
        "clip_content": 0.8605146280000001
      },
      "vangogh": {
        "count": 30,
        "clip_style": 0.680078125,
        "style_lpips": 0.7490885416666667,
        "content_lpips": 0.4768229166666666,
        "clip_content": 0.8124140596666666
      },
      "cezanne": {
        "count": 30,
        "clip_style": 0.656640625,
        "style_lpips": 0.7243489583333333,
        "content_lpips": 0.4850911463333334,
        "clip_content": 0.8004333293333333
      }
    },
    "photo": {
      "monet": {
        "count": 30,
        "clip_style": 0.5557942708333333,
        "style_lpips": 0.7317708333333334,
        "content_lpips": 0.4208984373333333,
        "clip_content": 0.7742088933333332
      },
      "photo": {
        "count": 30,
        "clip_style": 0.59609375,
        "style_lpips": 0.7298177083333334,
        "content_lpips": 0.364583333,
        "clip_content": 0.7991495569999999
      },
      "vangogh": {
        "count": 30,
        "clip_style": 0.5724609375,
        "style_lpips": 0.7733072916666667,
        "content_lpips": 0.45436197866666667,
        "clip_content": 0.7611483693333334
      },
      "cezanne": {
        "count": 30,
        "clip_style": 0.5367838541666666,
        "style_lpips": 0.7407552083333333,
        "content_lpips": 0.45423177133333337,
        "clip_content": 0.761096017
      }
    },
    "vangogh": {
      "monet": {
        "count": 30,
        "clip_style": 0.6736979166666667,
        "style_lpips": 0.7158854166666667,
        "content_lpips": 0.479492188,
        "clip_content": 0.8120341819999999
      },
      "photo": {
        "count": 30,
        "clip_style": 0.5243489583333333,
        "style_lpips": 0.7790364583333333,
        "content_lpips": 0.4186197913333333,
        "clip_content": 0.8611960903333334
      },
      "vangogh": {
        "count": 30,
        "clip_style": 0.6897135416666667,
        "style_lpips": 0.728515625,
        "content_lpips": 0.46679687466666664,
        "clip_content": 0.8234158223333333
      },
      "cezanne": {
        "count": 30,
        "clip_style": 0.6623697916666667,
        "style_lpips": 0.7248697916666667,
        "content_lpips": 0.49309895866666664,
        "clip_content": 0.804868899
      }
    },
    "cezanne": {
      "monet": {
        "count": 30,
        "clip_style": 0.6649739583333333,
        "style_lpips": 0.7127604166666667,
        "content_lpips": 0.4470703126666667,
        "clip_content": 0.805521602
      },
      "photo": {
        "count": 30,
        "clip_style": 0.5104166666666666,
        "style_lpips": 0.751953125,
        "content_lpips": 0.42565104233333334,
        "clip_content": 0.8424030913333331
      },
      "vangogh": {
        "count": 30,
        "clip_style": 0.6598958333333333,
        "style_lpips": 0.7430989583333333,
        "content_lpips": 0.44602864466666664,
        "clip_content": 0.8002368639999999
      },
      "cezanne": {
        "count": 30,
        "clip_style": 0.6575520833333334,
        "style_lpips": 0.7138020833333333,
        "content_lpips": 0.4632812493333334,
        "clip_content": 0.7731922053333334
      }
    }
  },
  "analysis": {
    "style_transfer_ability": {
      "clip_style": 0.6042697482638889,
      "content_lpips": 0.45226779522222227
    },
    "photo_to_art_performance": {
      "clip_style": 0.5550130208333334,
      "valid": true
    }
  }
}