{
  "checkpoint": "../AdaGN-patch-500ep/epoch_0200.pt",
  "timestamp": "2026-02-01 05:15:15",
  "matrix_breakdown": {
    "monet": {
      "monet": {
        "count": 30,
        "clip_style": 0.7098958333333333,
        "style_lpips": 0.7018229166666666,
        "content_lpips": 0.47076823,
        "clip_content": 0.806016161
      },
      "photo": {
        "count": 30,
        "clip_style": 0.56796875,
        "style_lpips": 0.748828125,
        "content_lpips": 0.43808593733333334,
        "clip_content": 0.8493922886666667
      },
      "vangogh": {
        "count": 30,
        "clip_style": 0.6712239583333334,
        "style_lpips": 0.7494791666666667,
        "content_lpips": 0.47916666599999996,
        "clip_content": 0.7943386506666666
      },
      "cezanne": {
        "count": 30,
        "clip_style": 0.649609375,
        "style_lpips": 0.7274739583333333,
        "content_lpips": 0.49524739633333337,
        "clip_content": 0.7819687273333332
      }
    },
    "photo": {
      "monet": {
        "count": 30,
        "clip_style": 0.559375,
        "style_lpips": 0.7359375,
        "content_lpips": 0.42460937533333337,
        "clip_content": 0.77764556
      },
      "photo": {
        "count": 30,
        "clip_style": 0.5990885416666667,
        "style_lpips": 0.7305989583333333,
        "content_lpips": 0.3745442706666667,
        "clip_content": 0.8082252713333332
      },
      "vangogh": {
        "count": 30,
        "clip_style": 0.5719401041666666,
        "style_lpips": 0.7787760416666667,
        "content_lpips": 0.4517578116666667,
        "clip_content": 0.7659770726666667
      },
      "cezanne": {
        "count": 30,
        "clip_style": 0.543359375,
        "style_lpips": 0.7484375,
        "content_lpips": 0.4531901046666667,
        "clip_content": 0.7635674013333333
      }
    },
    "vangogh": {
      "monet": {
        "count": 30,
        "clip_style": 0.6682942708333334,
        "style_lpips": 0.7205729166666667,
        "content_lpips": 0.49368489600000004,
        "clip_content": 0.8005187243333333
      },
      "photo": {
        "count": 30,
        "clip_style": 0.5401041666666667,
        "style_lpips": 0.7778645833333333,
        "content_lpips": 0.434635416,
        "clip_content": 0.8409461726666668
      },
      "vangogh": {
        "count": 30,
        "clip_style": 0.6899739583333333,
        "style_lpips": 0.7309895833333333,
        "content_lpips": 0.47675781300000003,
        "clip_content": 0.8063926433333334
      },
      "cezanne": {
        "count": 30,
        "clip_style": 0.6563802083333333,
        "style_lpips": 0.7302083333333333,
        "content_lpips": 0.5064453130000001,
        "clip_content": 0.7718545853333334
      }
    },
    "cezanne": {
      "monet": {
        "count": 30,
        "clip_style": 0.6734375,
        "style_lpips": 0.715234375,
        "content_lpips": 0.4557291663333334,
        "clip_content": 0.8064839273333334
      },
      "photo": {
        "count": 30,
        "clip_style": 0.5141927083333333,
        "style_lpips": 0.7536458333333333,
        "content_lpips": 0.4192708333333333,
        "clip_content": 0.8449930779999999
      },
      "vangogh": {
        "count": 30,
        "clip_style": 0.663671875,
        "style_lpips": 0.7428385416666666,
        "content_lpips": 0.451171875,
        "clip_content": 0.798166517
      },
      "cezanne": {
        "count": 30,
        "clip_style": 0.6580729166666667,
        "style_lpips": 0.7153645833333333,
        "content_lpips": 0.4744791656666667,
        "clip_content": 0.7662254703333333
      }
    }
  },
  "analysis": {
    "style_transfer_ability": {
      "clip_style": 0.6066297743055555,
      "content_lpips": 0.45858289925000006
    },
    "photo_to_art_performance": {
      "clip_style": 0.5582248263888889,
      "valid": true
    }
  }
}