{
  "checkpoint": "G:\\GitHub\\Latent_Style\\Cycle-NCE\\ssim-optun-nce\\trial_0245\\epoch_0001.pt",
  "timestamp": "2026-02-20 14:17:21",
  "matrix_breakdown": {
    "photo": {
      "photo": {
        "count": 10,
        "style_swd": 1.825421404838562,
        "content_ssim": 0.327303615,
        "classifier_acc": null
      },
      "Hayao": {
        "count": 10,
        "style_swd": 2.1759509295225143,
        "content_ssim": 0.353574331,
        "classifier_acc": null
      },
      "monet": {
        "count": 10,
        "style_swd": 1.1053691655397415,
        "content_ssim": 0.337695269,
        "classifier_acc": null
      },
      "cezanne": {
        "count": 10,
        "style_swd": 1.1983176052570343,
        "content_ssim": 0.316376954,
        "classifier_acc": null
      },
      "vangogh": {
        "count": 10,
        "style_swd": 2.1859141170978544,
        "content_ssim": 0.312574621,
        "classifier_acc": null
      }
    },
    "Hayao": {
      "photo": {
        "count": 10,
        "style_swd": 1.8290937840938568,
        "content_ssim": 0.468524311,
        "classifier_acc": null
      },
      "Hayao": {
        "count": 10,
        "style_swd": 1.8977257490158081,
        "content_ssim": 0.498641602,
        "classifier_acc": null
      },
      "monet": {
        "count": 10,
        "style_swd": 1.1501815497875214,
        "content_ssim": 0.5805324780000001,
        "classifier_acc": null
      },
      "cezanne": {
        "count": 10,
        "style_swd": 1.2249278992414474,
        "content_ssim": 0.5634311889999999,
        "classifier_acc": null
      },
      "vangogh": {
        "count": 10,
        "style_swd": 2.0862366020679475,
        "content_ssim": 0.5336388559999999,
        "classifier_acc": null
      }
    },
    "monet": {
      "photo": {
        "count": 10,
        "style_swd": 1.8611116468906403,
        "content_ssim": 0.31695313399999997,
        "classifier_acc": null
      },
      "Hayao": {
        "count": 10,
        "style_swd": 2.3181089520454408,
        "content_ssim": 0.410276756,
        "classifier_acc": null
      },
      "monet": {
        "count": 10,
        "style_swd": 1.2326526015996933,
        "content_ssim": 0.376791722,
        "classifier_acc": null
      },
      "cezanne": {
        "count": 10,
        "style_swd": 1.0315771728754044,
        "content_ssim": 0.305586287,
        "classifier_acc": null
      },
      "vangogh": {
        "count": 10,
        "style_swd": 2.1680226624011993,
        "content_ssim": 0.33433568300000005,
        "classifier_acc": null
      }
    },
    "cezanne": {
      "photo": {
        "count": 10,
        "style_swd": 1.8513728439807893,
        "content_ssim": 0.37355655099999996,
        "classifier_acc": null
      },
      "Hayao": {
        "count": 10,
        "style_swd": 2.0061888486146926,
        "content_ssim": 0.49230610499999994,
        "classifier_acc": null
      },
      "monet": {
        "count": 10,
        "style_swd": 1.1387005031108857,
        "content_ssim": 0.458919717,
        "classifier_acc": null
      },
      "cezanne": {
        "count": 10,
        "style_swd": 1.068709608912468,
        "content_ssim": 0.405223364,
        "classifier_acc": null
      },
      "vangogh": {
        "count": 10,
        "style_swd": 2.079371637105942,
        "content_ssim": 0.421532844,
        "classifier_acc": null
      }
    },
    "vangogh": {
      "photo": {
        "count": 10,
        "style_swd": 1.9134657680988312,
        "content_ssim": 0.267982736,
        "classifier_acc": null
      },
      "Hayao": {
        "count": 10,
        "style_swd": 1.8653837084770202,
        "content_ssim": 0.389940837,
        "classifier_acc": null
      },
      "monet": {
        "count": 10,
        "style_swd": 1.1905441641807557,
        "content_ssim": 0.34053621799999995,
        "classifier_acc": null
      },
      "cezanne": {
        "count": 10,
        "style_swd": 1.0270099639892578,
        "content_ssim": 0.2960559705,
        "classifier_acc": null
      },
      "vangogh": {
        "count": 10,
        "style_swd": 1.9005269706249237,
        "content_ssim": 0.309667257,
        "classifier_acc": null
      }
    }
  },
  "analysis": {
    "style_transfer_ability": {
      "style_swd": 1.670342476218939,
      "content_ssim": 0.39371654237500003,
      "classifier_acc": 0.0
    },
    "photo_to_art_performance": {
      "style_swd": 1.666387954354286,
      "valid": true,
      "classifier_acc": 0.0
    }
  },
  "classification_report": null,
  "detailed_style_metrics": {}
}