{
  "checkpoint": "..\\full-adagn-map16-statloss\\epoch_0100.pt",
  "timestamp": "2026-02-21 22:27:17",
  "matrix_breakdown": {
    "photo": {
      "photo": {
        "count": 50,
        "clip_style": 0.636222984790802,
        "style_lpips": 0.7506454968452454,
        "content_lpips": 0.29599398979999997,
        "clip_content": 0.9015735289999999,
        "classifier_acc": null
      },
      "Hayao": {
        "count": 50,
        "clip_style": 0.5262304359674453,
        "style_lpips": 0.7505422329902649,
        "content_lpips": 0.5106385586000001,
        "clip_content": 0.7898277150000002,
        "classifier_acc": null
      }
    },
    "Hayao": {
      "photo": {
        "count": 50,
        "clip_style": 0.4556520104408264,
        "style_lpips": 0.7662022745609284,
        "content_lpips": 0.4100769056,
        "clip_content": 0.863868589,
        "classifier_acc": null
      },
      "Hayao": {
        "count": 50,
        "clip_style": 0.716824266910553,
        "style_lpips": 0.727426563501358,
        "content_lpips": 0.207620626,
        "clip_content": 0.9445264170000001,
        "classifier_acc": null
      }
    }
  },
  "analysis": {
    "style_transfer_ability": {
      "clip_style": 0.4909412232041359,
      "content_lpips": 0.4603577321,
      "classifier_acc": 0.0
    },
    "photo_to_art_performance": {
      "clip_style": 0.5262304359674453,
      "valid": true,
      "classifier_acc": 0.0
    }
  },
  "classification_report": null,
  "detailed_style_metrics": {}
}