{
  "checkpoint": "/mnt/g/GitHub/Latent_Style/Cycle-NCE/style_ablation-50/inj_no_decoder_spatial/epoch_0050.pt",
  "timestamp": "2026-02-14 17:08:57",
  "matrix_breakdown": {
    "photo": {
      "photo": {
        "count": 50,
        "clip_style": 0.6336053919792175,
        "style_lpips": 0.7351756799221039,
        "content_lpips": 0.4243435806,
        "clip_content": 0.8102195741999999,
        "classifier_acc": 0.94
      },
      "Hayao": {
        "count": 50,
        "clip_style": 0.5406001204252243,
        "style_lpips": 0.7372737324237824,
        "content_lpips": 0.4810242102,
        "clip_content": 0.7655178026,
        "classifier_acc": 0.16
      }
    },
    "Hayao": {
      "photo": {
        "count": 50,
        "clip_style": 0.45907928645610807,
        "style_lpips": 0.7630226802825928,
        "content_lpips": 0.3749541748,
        "clip_content": 0.8461254436000002,
        "classifier_acc": 0.08
      },
      "Hayao": {
        "count": 50,
        "clip_style": 0.7027354764938355,
        "style_lpips": 0.7116421020030975,
        "content_lpips": 0.3175050572,
        "clip_content": 0.8636919036,
        "classifier_acc": 0.92
      }
    }
  },
  "analysis": {
    "style_transfer_ability": {
      "clip_style": 0.4998397034406662,
      "content_lpips": 0.4279891925,
      "classifier_acc": 0.12
    },
    "photo_to_art_performance": {
      "clip_style": 0.5406001204252243,
      "valid": true,
      "classifier_acc": 0.16
    }
  },
  "classification_report": {
    "Hayao": {
      "precision": 0.5242718446601942,
      "recall": 0.54,
      "f1-score": 0.5320197044334976,
      "support": 100.0
    },
    "photo": {
      "precision": 0.5257731958762887,
      "recall": 0.51,
      "f1-score": 0.5177664974619289,
      "support": 100.0
    },
    "accuracy": 0.525,
    "macro avg": {
      "precision": 0.5250225202682415,
      "recall": 0.525,
      "f1-score": 0.5248931009477132,
      "support": 200.0
    },
    "weighted avg": {
      "precision": 0.5250225202682415,
      "recall": 0.525,
      "f1-score": 0.5248931009477132,
      "support": 200.0
    }
  },
  "detailed_style_metrics": {
    "Hayao": {
      "precision": 0.5242718446601942,
      "recall": 0.54,
      "f1_score": 0.5320197044334976,
      "support": 100
    },
    "photo": {
      "precision": 0.5257731958762887,
      "recall": 0.51,
      "f1_score": 0.5177664974619289,
      "support": 100
    }
  }
}