epoch,loss,swd,repulsive,color,identity,identity_ratio,sched_factor,idt_anchor,topo_align,idt_repel,aent,amax,lr,data_time_sec,transfer_time_sec,fwd_loss_time_sec,backward_time_sec,optimizer_time_sec,step_overhead_time_sec,compute_time_sec,epoch_time_sec,samples_seen,samples_per_sec,compute_samples_per_sec
1,62.2336311340332,13.169242858886719,22.342208862304688,2.8057219982147217,23.916458129882812,0.25,1.0,4.2051591873168945,1.3876813650131226,18.323617935180664,0.9536073803901672,0.019256090745329857,8.000000000000001e-06,0.5357970995828509,0.004808999830856919,37.0249036999885,6.553657501004636,0.11541669978760183,0.04511389811523259,43.698786900611594,45.10487627983093,10240,227.02645134133562,234.33144776512512
2,60.559871673583984,12.97361946105957,22.251018524169922,2.689207077026367,22.64601707458496,0.25,1.0,2.9003548622131348,0.9323655366897583,18.81329917907715,0.9552085995674133,0.01847914792597294,1.6000000000000003e-05,0.4918055993039161,0.00448060012422502,30.570074099116027,2.2339626003522426,0.08558249939233065,0.04039490153081715,32.894099798984826,34.25739932060242,10240,298.91352534287853,311.3020287095993
