{
  "checkpoint": "../pyramid.1-1-29/epoch_0400.pt",
  "timestamp": "2026-01-30 09:29:59",
  "matrix_breakdown": {
    "monet": {
      "monet": {
        "count": 30,
        "clip_style": 0.7312607684731485,
        "style_lpips": 0.7054654784003893,
        "content_lpips": 0.432952281832695,
        "clip_content": 0.8677016536394755
      },
      "photo": {
        "count": 30,
        "clip_style": 0.5591007319291432,
        "style_lpips": 0.7489676942825318,
        "content_lpips": 0.4409114797910055,
        "clip_content": 0.8475866675376892
      },
      "vangogh": {
        "count": 30,
        "clip_style": 0.6865318742394447,
        "style_lpips": 0.7655781564315158,
        "content_lpips": 0.428791939218839,
        "clip_content": 0.8565657516320546
      },
      "cezanne": {
        "count": 30,
        "clip_style": 0.6749251417120296,
        "style_lpips": 0.7381819593509037,
        "content_lpips": 0.43937667409578957,
        "clip_content": 0.8539738078912099
      }
    },
    "photo": {
      "monet": {
        "count": 30,
        "clip_style": 0.5398114186326662,
        "style_lpips": 0.750077265183131,
        "content_lpips": 0.382721687356631,
        "clip_content": 0.7920205215613048
      },
      "photo": {
        "count": 30,
        "clip_style": 0.5902593138813972,
        "style_lpips": 0.7346855447093644,
        "content_lpips": 0.3728185365597407,
        "clip_content": 0.7979335427284241
      },
      "vangogh": {
        "count": 30,
        "clip_style": 0.522968328913053,
        "style_lpips": 0.8176645102898281,
        "content_lpips": 0.3771774192651113,
        "clip_content": 0.7903545578320821
      },
      "cezanne": {
        "count": 30,
        "clip_style": 0.5166989274223646,
        "style_lpips": 0.7701588737169902,
        "content_lpips": 0.3831207364797592,
        "clip_content": 0.7806200166543324
      }
    },
    "vangogh": {
      "monet": {
        "count": 30,
        "clip_style": 0.685997312128544,
        "style_lpips": 0.7369128249486286,
        "content_lpips": 0.4276651571194331,
        "clip_content": 0.8372336149215698
      },
      "photo": {
        "count": 30,
        "clip_style": 0.5325573502381643,
        "style_lpips": 0.7841277958949407,
        "content_lpips": 0.4388829876979192,
        "clip_content": 0.8347251256306966
      },
      "vangogh": {
        "count": 30,
        "clip_style": 0.6920387001037599,
        "style_lpips": 0.7337151374618213,
        "content_lpips": 0.4191239923238754,
        "clip_content": 0.8495888312657675
      },
      "cezanne": {
        "count": 30,
        "clip_style": 0.6787253357768058,
        "style_lpips": 0.7384990287224452,
        "content_lpips": 0.4369426707426707,
        "clip_content": 0.8437582135200501
      }
    },
    "cezanne": {
      "monet": {
        "count": 30,
        "clip_style": 0.6771098670562109,
        "style_lpips": 0.7246519493261975,
        "content_lpips": 0.4330971211194992,
        "clip_content": 0.8366974850495656
      },
      "photo": {
        "count": 30,
        "clip_style": 0.5156003330548604,
        "style_lpips": 0.7543977924585341,
        "content_lpips": 0.44347178836663564,
        "clip_content": 0.8227499981721242
      },
      "vangogh": {
        "count": 30,
        "clip_style": 0.652941971898079,
        "style_lpips": 0.7650122075478235,
        "content_lpips": 0.42341497441132864,
        "clip_content": 0.840485527118047
      },
      "cezanne": {
        "count": 30,
        "clip_style": 0.6818346304893493,
        "style_lpips": 0.7196602427959444,
        "content_lpips": 0.43497400879859927,
        "clip_content": 0.8357838710149129
      }
    }
  },
  "analysis": {
    "style_transfer_ability": {
      "clip_style": 0.6035807160834471,
      "content_lpips": 0.42129788630538517
    },
    "photo_to_art_performance": {
      "clip_style": 0.526492891656028,
      "valid": true
    }
  }
}