{
  "num_rounds": 3,
  "latest": {
    "epoch": 60,
    "summary_path": "..\\abl_no_skip_filter\\full_eval\\epoch_0060\\summary.json",
    "transfer_clip_style": 0.6936498114466667,
    "transfer_content_lpips": 0.53091834485,
    "transfer_fid": 313.03116169396145,
    "transfer_art_fid": 491.12729708499364,
    "transfer_classifier_acc": 0.0,
    "photo_to_art_clip_style": 0.6825243035952251,
    "photo_to_art_fid": 313.03116169396145,
    "photo_to_art_art_fid": 491.12729708499364,
    "photo_to_art_classifier_acc": 0.0
  },
  "mean": {
    "transfer_clip_style": 0.684212223490079,
    "transfer_content_lpips": 0.512244524261111,
    "transfer_fid": 307.0060948926659,
    "transfer_art_fid": 477.3135988479571,
    "transfer_classifier_acc": 0.0,
    "photo_to_art_clip_style": 0.6706903586784998,
    "photo_to_art_fid": 307.0060948926659,
    "photo_to_art_art_fid": 477.3135988479571,
    "photo_to_art_classifier_acc": 0.0
  },
  "best": {
    "best_transfer_classifier_acc": {
      "epoch": 20,
      "summary_path": "..\\abl_no_skip_filter\\full_eval\\epoch_0020\\summary.json",
      "transfer_clip_style": 0.6766998323798179,
      "transfer_content_lpips": 0.4818098107166667,
      "transfer_fid": 295.3618405702632,
      "transfer_art_fid": 454.8037124665803,
      "transfer_classifier_acc": 0.0,
      "photo_to_art_clip_style": 0.6636819442113241,
      "photo_to_art_fid": 295.3618405702632,
      "photo_to_art_art_fid": 454.8037124665803,
      "photo_to_art_classifier_acc": 0.0
    },
    "best_transfer_clip_style": {
      "epoch": 60,
      "summary_path": "..\\abl_no_skip_filter\\full_eval\\epoch_0060\\summary.json",
      "transfer_clip_style": 0.6936498114466667,
      "transfer_content_lpips": 0.53091834485,
      "transfer_fid": 313.03116169396145,
      "transfer_art_fid": 491.12729708499364,
      "transfer_classifier_acc": 0.0,
      "photo_to_art_clip_style": 0.6825243035952251,
      "photo_to_art_fid": 313.03116169396145,
      "photo_to_art_art_fid": 491.12729708499364,
      "photo_to_art_classifier_acc": 0.0
    },
    "best_transfer_fid": {
      "epoch": 20,
      "summary_path": "..\\abl_no_skip_filter\\full_eval\\epoch_0020\\summary.json",
      "transfer_clip_style": 0.6766998323798179,
      "transfer_content_lpips": 0.4818098107166667,
      "transfer_fid": 295.3618405702632,
      "transfer_art_fid": 454.8037124665803,
      "transfer_classifier_acc": 0.0,
      "photo_to_art_clip_style": 0.6636819442113241,
      "photo_to_art_fid": 295.3618405702632,
      "photo_to_art_art_fid": 454.8037124665803,
      "photo_to_art_classifier_acc": 0.0
    },
    "best_transfer_art_fid": {
      "epoch": 20,
      "summary_path": "..\\abl_no_skip_filter\\full_eval\\epoch_0020\\summary.json",
      "transfer_clip_style": 0.6766998323798179,
      "transfer_content_lpips": 0.4818098107166667,
      "transfer_fid": 295.3618405702632,
      "transfer_art_fid": 454.8037124665803,
      "transfer_classifier_acc": 0.0,
      "photo_to_art_clip_style": 0.6636819442113241,
      "photo_to_art_fid": 295.3618405702632,
      "photo_to_art_art_fid": 454.8037124665803,
      "photo_to_art_classifier_acc": 0.0
    },
    "best_photo_to_art_classifier_acc": {
      "epoch": 20,
      "summary_path": "..\\abl_no_skip_filter\\full_eval\\epoch_0020\\summary.json",
      "transfer_clip_style": 0.6766998323798179,
      "transfer_content_lpips": 0.4818098107166667,
      "transfer_fid": 295.3618405702632,
      "transfer_art_fid": 454.8037124665803,
      "transfer_classifier_acc": 0.0,
      "photo_to_art_clip_style": 0.6636819442113241,
      "photo_to_art_fid": 295.3618405702632,
      "photo_to_art_art_fid": 454.8037124665803,
      "photo_to_art_classifier_acc": 0.0
    },
    "best_photo_to_art_clip_style": {
      "epoch": 60,
      "summary_path": "..\\abl_no_skip_filter\\full_eval\\epoch_0060\\summary.json",
      "transfer_clip_style": 0.6936498114466667,
      "transfer_content_lpips": 0.53091834485,
      "transfer_fid": 313.03116169396145,
      "transfer_art_fid": 491.12729708499364,
      "transfer_classifier_acc": 0.0,
      "photo_to_art_clip_style": 0.6825243035952251,
      "photo_to_art_fid": 313.03116169396145,
      "photo_to_art_art_fid": 491.12729708499364,
      "photo_to_art_classifier_acc": 0.0
    },
    "best_photo_to_art_fid": {
      "epoch": 20,
      "summary_path": "..\\abl_no_skip_filter\\full_eval\\epoch_0020\\summary.json",
      "transfer_clip_style": 0.6766998323798179,
      "transfer_content_lpips": 0.4818098107166667,
      "transfer_fid": 295.3618405702632,
      "transfer_art_fid": 454.8037124665803,
      "transfer_classifier_acc": 0.0,
      "photo_to_art_clip_style": 0.6636819442113241,
      "photo_to_art_fid": 295.3618405702632,
      "photo_to_art_art_fid": 454.8037124665803,
      "photo_to_art_classifier_acc": 0.0
    },
    "best_photo_to_art_art_fid": {
      "epoch": 20,
      "summary_path": "..\\abl_no_skip_filter\\full_eval\\epoch_0020\\summary.json",
      "transfer_clip_style": 0.6766998323798179,
      "transfer_content_lpips": 0.4818098107166667,
      "transfer_fid": 295.3618405702632,
      "transfer_art_fid": 454.8037124665803,
      "transfer_classifier_acc": 0.0,
      "photo_to_art_clip_style": 0.6636819442113241,
      "photo_to_art_fid": 295.3618405702632,
      "photo_to_art_art_fid": 454.8037124665803,
      "photo_to_art_classifier_acc": 0.0
    },
    "best_transfer_content_lpips": {
      "epoch": 20,
      "summary_path": "..\\abl_no_skip_filter\\full_eval\\epoch_0020\\summary.json",
      "transfer_clip_style": 0.6766998323798179,
      "transfer_content_lpips": 0.4818098107166667,
      "transfer_fid": 295.3618405702632,
      "transfer_art_fid": 454.8037124665803,
      "transfer_classifier_acc": 0.0,
      "photo_to_art_clip_style": 0.6636819442113241,
      "photo_to_art_fid": 295.3618405702632,
      "photo_to_art_art_fid": 454.8037124665803,
      "photo_to_art_classifier_acc": 0.0
    }
  },
  "rounds": [
    {
      "epoch": 20,
      "summary_path": "..\\abl_no_skip_filter\\full_eval\\epoch_0020\\summary.json",
      "transfer_clip_style": 0.6766998323798179,
      "transfer_content_lpips": 0.4818098107166667,
      "transfer_fid": 295.3618405702632,
      "transfer_art_fid": 454.8037124665803,
      "transfer_classifier_acc": 0.0,
      "photo_to_art_clip_style": 0.6636819442113241,
      "photo_to_art_fid": 295.3618405702632,
      "photo_to_art_art_fid": 454.8037124665803,
      "photo_to_art_classifier_acc": 0.0
    },
    {
      "epoch": 40,
      "summary_path": "..\\abl_no_skip_filter\\full_eval\\epoch_0040\\summary.json",
      "transfer_clip_style": 0.682287026643753,
      "transfer_content_lpips": 0.5240054172166666,
      "transfer_fid": 312.62528241377294,
      "transfer_art_fid": 486.0097869922973,
      "transfer_classifier_acc": 0.0,
      "photo_to_art_clip_style": 0.6658648282289505,
      "photo_to_art_fid": 312.62528241377294,
      "photo_to_art_art_fid": 486.0097869922973,
      "photo_to_art_classifier_acc": 0.0
    },
    {
      "epoch": 60,
      "summary_path": "..\\abl_no_skip_filter\\full_eval\\epoch_0060\\summary.json",
      "transfer_clip_style": 0.6936498114466667,
      "transfer_content_lpips": 0.53091834485,
      "transfer_fid": 313.03116169396145,
      "transfer_art_fid": 491.12729708499364,
      "transfer_classifier_acc": 0.0,
      "photo_to_art_clip_style": 0.6825243035952251,
      "photo_to_art_fid": 313.03116169396145,
      "photo_to_art_art_fid": 491.12729708499364,
      "photo_to_art_classifier_acc": 0.0
    }
  ],
  "updated_at": "2026-03-17 00:23:40"
}