epoch,loss,gram,moment,code,push,cycle,nce,idt,w_cycle_eff,w_idt_eff,lr,epoch_time_sec
1,0.45209230296611785,0.001749258776078932,0.05916227762922645,0.0,0.0,0.0,0.0,0.008170105748251081,0.0,2.0,0.0002,27.568066120147705
2,0.08067249372452498,0.0004061738745192997,0.008736800945177675,0.0,0.0,0.0,0.0,0.002247289336286485,0.0,2.0,0.0001988303923565381,20.750184059143066
3,0.0485630698800087,0.0002552064446848817,0.005123023186437785,0.0,0.0,0.0,0.0,0.0012657191337551923,0.0,2.0,0.0001953503690480396,23.391470193862915
4,0.03670735273063183,0.0001908813163987361,0.0038214300403371453,0.0,0.0,0.0,0.0,0.001164848544728011,0.0,2.0,0.00018964561979789495,23.482454776763916
5,0.03225369375348091,0.00016909657483338378,0.0033829298245720567,0.0,0.0,0.0,0.0,0.00090565925182309,0.0,2.0,0.00018185661446562003,20.809913873672485
6,0.1245598034799099,0.0002499890506034717,0.004624237520992756,0.0,0.0,0.07954140166342258,0.0,0.0009490450738696382,1.0,2.0,0.00017217514421272203,28.93898868560791
7,0.12480267100334168,0.0002443442304444034,0.004064848425798118,0.0,0.0,0.04157035008817911,0.0,0.0008950951127335429,2.0,2.0,0.00016083959896778498,28.934316873550415
