{
  "checkpoint": "../overfit50-upscale-styleid-v2/epoch_0040.pt",
  "timestamp": "2026-02-08 21:35:05",
  "matrix_breakdown": {
    "photo": {
      "photo": {
        "count": 50,
        "clip_style": 0.6347050696611405,
        "style_lpips": 0.0,
        "content_lpips": 0.0,
        "clip_content": 0.900354016,
        "classifier_acc": 0.96
      },
      "Hayao": {
        "count": 50,
        "clip_style": 0.47396612346172334,
        "style_lpips": 0.0,
        "content_lpips": 0.0,
        "clip_content": 0.900129107,
        "classifier_acc": 0.04
      }
    },
    "Hayao": {
      "photo": {
        "count": 50,
        "clip_style": 0.41062030792236326,
        "style_lpips": 0.0,
        "content_lpips": 0.0,
        "clip_content": 0.9427004809999999,
        "classifier_acc": 0.16
      },
      "Hayao": {
        "count": 50,
        "clip_style": 0.7204888236522674,
        "style_lpips": 0.0,
        "content_lpips": 0.0,
        "clip_content": 0.9427007208,
        "classifier_acc": 0.84
      }
    }
  },
  "analysis": {
    "style_transfer_ability": {
      "clip_style": 0.4422932156920433,
      "content_lpips": 0.0,
      "classifier_acc": 0.1
    },
    "photo_to_art_performance": {
      "clip_style": 0.47396612346172334,
      "valid": true,
      "classifier_acc": 0.04
    }
  },
  "classification_report": {
    "Hayao": {
      "precision": 0.5,
      "recall": 0.44,
      "f1-score": 0.46808510638297873,
      "support": 100.0
    },
    "photo": {
      "precision": 0.5,
      "recall": 0.56,
      "f1-score": 0.5283018867924528,
      "support": 100.0
    },
    "accuracy": 0.5,
    "macro avg": {
      "precision": 0.5,
      "recall": 0.5,
      "f1-score": 0.4981934965877158,
      "support": 200.0
    },
    "weighted avg": {
      "precision": 0.5,
      "recall": 0.5,
      "f1-score": 0.4981934965877158,
      "support": 200.0
    }
  },
  "detailed_style_metrics": {
    "Hayao": {
      "precision": 0.5,
      "recall": 0.44,
      "f1_score": 0.46808510638297873,
      "support": 100
    },
    "photo": {
      "precision": 0.5,
      "recall": 0.56,
      "f1_score": 0.5283018867924528,
      "support": 100
    }
  }
}