{
  "checkpoint": "/mnt/i/Github/Latent_Style/Cycle-NCE/no-edge/epoch_0100.pt",
  "timestamp": "2026-02-15 09:21:04",
  "matrix_breakdown": {
    "photo": {
      "photo": {
        "count": 30,
        "clip_style": 0.6043402910232544,
        "style_lpips": 0.7347160200277965,
        "content_lpips": 0.6376617893333333,
        "clip_content": 0.6230590326666666,
        "classifier_acc": 0.9666666666666667
      },
      "Hayao": {
        "count": 30,
        "clip_style": 0.562028956413269,
        "style_lpips": 0.7251363158226013,
        "content_lpips": 0.6725199686666666,
        "clip_content": 0.6275394443333333,
        "classifier_acc": 0.8666666666666667
      }
    },
    "Hayao": {
      "photo": {
        "count": 30,
        "clip_style": 0.5687606662511826,
        "style_lpips": 0.7391549646854401,
        "content_lpips": 0.6413918200000001,
        "clip_content": 0.6132101076666667,
        "classifier_acc": 0.43333333333333335
      },
      "Hayao": {
        "count": 30,
        "clip_style": 0.5989396969477335,
        "style_lpips": 0.7140983462333679,
        "content_lpips": 0.5925871096666666,
        "clip_content": 0.6308740706666668,
        "classifier_acc": 0.9666666666666667
      }
    }
  },
  "analysis": {
    "style_transfer_ability": {
      "clip_style": 0.5653948113322258,
      "content_lpips": 0.6569558943333333,
      "classifier_acc": 0.65
    },
    "photo_to_art_performance": {
      "clip_style": 0.562028956413269,
      "valid": true,
      "classifier_acc": 0.8666666666666667
    }
  },
  "classification_report": {
    "Hayao": {
      "precision": 0.7534246575342466,
      "recall": 0.9166666666666666,
      "f1-score": 0.8270676691729323,
      "support": 60.0
    },
    "photo": {
      "precision": 0.8936170212765957,
      "recall": 0.7,
      "f1-score": 0.7850467289719626,
      "support": 60.0
    },
    "accuracy": 0.8083333333333333,
    "macro avg": {
      "precision": 0.8235208394054212,
      "recall": 0.8083333333333333,
      "f1-score": 0.8060571990724474,
      "support": 120.0
    },
    "weighted avg": {
      "precision": 0.8235208394054212,
      "recall": 0.8083333333333333,
      "f1-score": 0.8060571990724473,
      "support": 120.0
    }
  },
  "detailed_style_metrics": {
    "Hayao": {
      "precision": 0.7534246575342466,
      "recall": 0.9166666666666666,
      "f1_score": 0.8270676691729323,
      "support": 60
    },
    "photo": {
      "precision": 0.8936170212765957,
      "recall": 0.7,
      "f1_score": 0.7850467289719626,
      "support": 60
    }
  }
}