{
  "checkpoint": "G:\\GitHub\\Latent_Style\\Cycle-NCE\\ssim-optun-nce\\trial_0208\\epoch_0001.pt",
  "timestamp": "2026-02-20 12:01:16",
  "matrix_breakdown": {
    "photo": {
      "photo": {
        "count": 10,
        "style_swd": 1.9365435361862182,
        "content_ssim": 0.31521688300000006,
        "classifier_acc": null
      },
      "Hayao": {
        "count": 10,
        "style_swd": 2.5603805631399155,
        "content_ssim": 0.32515807700000005,
        "classifier_acc": null
      },
      "monet": {
        "count": 10,
        "style_swd": 1.225744554400444,
        "content_ssim": 0.332735409,
        "classifier_acc": null
      },
      "cezanne": {
        "count": 10,
        "style_swd": 1.103933385014534,
        "content_ssim": 0.276143956,
        "classifier_acc": null
      },
      "vangogh": {
        "count": 10,
        "style_swd": 2.426977890729904,
        "content_ssim": 0.32882902399999997,
        "classifier_acc": null
      }
    },
    "Hayao": {
      "photo": {
        "count": 10,
        "style_swd": 1.8435783743858338,
        "content_ssim": 0.47022054299999994,
        "classifier_acc": null
      },
      "Hayao": {
        "count": 10,
        "style_swd": 2.069841796159744,
        "content_ssim": 0.5349157840000001,
        "classifier_acc": null
      },
      "monet": {
        "count": 10,
        "style_swd": 1.2208774626255035,
        "content_ssim": 0.5748839319999999,
        "classifier_acc": null
      },
      "cezanne": {
        "count": 10,
        "style_swd": 1.126945787668228,
        "content_ssim": 0.4801347129999999,
        "classifier_acc": null
      },
      "vangogh": {
        "count": 10,
        "style_swd": 2.424397128820419,
        "content_ssim": 0.5449994950000001,
        "classifier_acc": null
      }
    },
    "monet": {
      "photo": {
        "count": 10,
        "style_swd": 1.994983571767807,
        "content_ssim": 0.329571348,
        "classifier_acc": null
      },
      "Hayao": {
        "count": 10,
        "style_swd": 2.599542665481567,
        "content_ssim": 0.398768158,
        "classifier_acc": null
      },
      "monet": {
        "count": 10,
        "style_swd": 1.1352307111024857,
        "content_ssim": 0.36531994700000003,
        "classifier_acc": null
      },
      "cezanne": {
        "count": 10,
        "style_swd": 0.9424648493528366,
        "content_ssim": 0.266224425,
        "classifier_acc": null
      },
      "vangogh": {
        "count": 10,
        "style_swd": 2.3772459626197815,
        "content_ssim": 0.342905915,
        "classifier_acc": null
      }
    },
    "cezanne": {
      "photo": {
        "count": 10,
        "style_swd": 1.9290904521942138,
        "content_ssim": 0.36632137900000006,
        "classifier_acc": null
      },
      "Hayao": {
        "count": 10,
        "style_swd": 2.3104127526283262,
        "content_ssim": 0.467674199,
        "classifier_acc": null
      },
      "monet": {
        "count": 10,
        "style_swd": 1.1622774809598924,
        "content_ssim": 0.448440334,
        "classifier_acc": null
      },
      "cezanne": {
        "count": 10,
        "style_swd": 0.9699817150831223,
        "content_ssim": 0.35154609299999995,
        "classifier_acc": null
      },
      "vangogh": {
        "count": 10,
        "style_swd": 2.228070116043091,
        "content_ssim": 0.4286796570000001,
        "classifier_acc": null
      }
    },
    "vangogh": {
      "photo": {
        "count": 10,
        "style_swd": 1.9890575110912323,
        "content_ssim": 0.276321224,
        "classifier_acc": null
      },
      "Hayao": {
        "count": 10,
        "style_swd": 1.908438605070114,
        "content_ssim": 0.393776192,
        "classifier_acc": null
      },
      "monet": {
        "count": 10,
        "style_swd": 1.183192452788353,
        "content_ssim": 0.332830322,
        "classifier_acc": null
      },
      "cezanne": {
        "count": 10,
        "style_swd": 0.9908033192157746,
        "content_ssim": 0.265751186,
        "classifier_acc": null
      },
      "vangogh": {
        "count": 10,
        "style_swd": 2.0753003001213073,
        "content_ssim": 0.31431500399999995,
        "classifier_acc": null
      }
    }
  },
  "analysis": {
    "style_transfer_ability": {
      "style_swd": 1.7774207442998886,
      "content_ssim": 0.3825184744,
      "classifier_acc": 0.0
    },
    "photo_to_art_performance": {
      "style_swd": 1.8292590983211994,
      "valid": true,
      "classifier_acc": 0.0
    }
  },
  "classification_report": null,
  "detailed_style_metrics": {}
}