{
  "num_rounds": 3,
  "latest": {
    "epoch": 60,
    "summary_path": "..\\baseline\\full_eval\\epoch_0060\\summary.json",
    "transfer_clip_style": 0.6905222463607789,
    "transfer_content_lpips": 0.5167484227333333,
    "transfer_fid": 317.5371190707812,
    "transfer_art_fid": 494.0506660687899,
    "transfer_classifier_acc": 0.0,
    "photo_to_art_clip_style": 0.6816128308574358,
    "photo_to_art_fid": 317.5371190707812,
    "photo_to_art_art_fid": 494.0506660687899,
    "photo_to_art_classifier_acc": 0.0
  },
  "mean": {
    "transfer_clip_style": 0.6823034893638559,
    "transfer_content_lpips": 0.5035943731722222,
    "transfer_fid": 311.3790003977271,
    "transfer_art_fid": 481.3964890738161,
    "transfer_classifier_acc": 0.0,
    "photo_to_art_clip_style": 0.6713665909237333,
    "photo_to_art_fid": 311.3790003977271,
    "photo_to_art_art_fid": 481.3964890738161,
    "photo_to_art_classifier_acc": 0.0
  },
  "best": {
    "best_transfer_classifier_acc": {
      "epoch": 20,
      "summary_path": "..\\baseline\\full_eval\\epoch_0020\\summary.json",
      "transfer_clip_style": 0.6754022019108137,
      "transfer_content_lpips": 0.4782576072833333,
      "transfer_fid": 304.1873093525989,
      "transfer_art_fid": 466.84391738230767,
      "transfer_classifier_acc": 0.0,
      "photo_to_art_clip_style": 0.6635826279719671,
      "photo_to_art_fid": 304.1873093525989,
      "photo_to_art_art_fid": 466.84391738230767,
      "photo_to_art_classifier_acc": 0.0
    },
    "best_transfer_clip_style": {
      "epoch": 60,
      "summary_path": "..\\baseline\\full_eval\\epoch_0060\\summary.json",
      "transfer_clip_style": 0.6905222463607789,
      "transfer_content_lpips": 0.5167484227333333,
      "transfer_fid": 317.5371190707812,
      "transfer_art_fid": 494.0506660687899,
      "transfer_classifier_acc": 0.0,
      "photo_to_art_clip_style": 0.6816128308574358,
      "photo_to_art_fid": 317.5371190707812,
      "photo_to_art_art_fid": 494.0506660687899,
      "photo_to_art_classifier_acc": 0.0
    },
    "best_transfer_fid": {
      "epoch": 20,
      "summary_path": "..\\baseline\\full_eval\\epoch_0020\\summary.json",
      "transfer_clip_style": 0.6754022019108137,
      "transfer_content_lpips": 0.4782576072833333,
      "transfer_fid": 304.1873093525989,
      "transfer_art_fid": 466.84391738230767,
      "transfer_classifier_acc": 0.0,
      "photo_to_art_clip_style": 0.6635826279719671,
      "photo_to_art_fid": 304.1873093525989,
      "photo_to_art_art_fid": 466.84391738230767,
      "photo_to_art_classifier_acc": 0.0
    },
    "best_transfer_art_fid": {
      "epoch": 20,
      "summary_path": "..\\baseline\\full_eval\\epoch_0020\\summary.json",
      "transfer_clip_style": 0.6754022019108137,
      "transfer_content_lpips": 0.4782576072833333,
      "transfer_fid": 304.1873093525989,
      "transfer_art_fid": 466.84391738230767,
      "transfer_classifier_acc": 0.0,
      "photo_to_art_clip_style": 0.6635826279719671,
      "photo_to_art_fid": 304.1873093525989,
      "photo_to_art_art_fid": 466.84391738230767,
      "photo_to_art_classifier_acc": 0.0
    },
    "best_photo_to_art_classifier_acc": {
      "epoch": 20,
      "summary_path": "..\\baseline\\full_eval\\epoch_0020\\summary.json",
      "transfer_clip_style": 0.6754022019108137,
      "transfer_content_lpips": 0.4782576072833333,
      "transfer_fid": 304.1873093525989,
      "transfer_art_fid": 466.84391738230767,
      "transfer_classifier_acc": 0.0,
      "photo_to_art_clip_style": 0.6635826279719671,
      "photo_to_art_fid": 304.1873093525989,
      "photo_to_art_art_fid": 466.84391738230767,
      "photo_to_art_classifier_acc": 0.0
    },
    "best_photo_to_art_clip_style": {
      "epoch": 60,
      "summary_path": "..\\baseline\\full_eval\\epoch_0060\\summary.json",
      "transfer_clip_style": 0.6905222463607789,
      "transfer_content_lpips": 0.5167484227333333,
      "transfer_fid": 317.5371190707812,
      "transfer_art_fid": 494.0506660687899,
      "transfer_classifier_acc": 0.0,
      "photo_to_art_clip_style": 0.6816128308574358,
      "photo_to_art_fid": 317.5371190707812,
      "photo_to_art_art_fid": 494.0506660687899,
      "photo_to_art_classifier_acc": 0.0
    },
    "best_photo_to_art_fid": {
      "epoch": 20,
      "summary_path": "..\\baseline\\full_eval\\epoch_0020\\summary.json",
      "transfer_clip_style": 0.6754022019108137,
      "transfer_content_lpips": 0.4782576072833333,
      "transfer_fid": 304.1873093525989,
      "transfer_art_fid": 466.84391738230767,
      "transfer_classifier_acc": 0.0,
      "photo_to_art_clip_style": 0.6635826279719671,
      "photo_to_art_fid": 304.1873093525989,
      "photo_to_art_art_fid": 466.84391738230767,
      "photo_to_art_classifier_acc": 0.0
    },
    "best_photo_to_art_art_fid": {
      "epoch": 20,
      "summary_path": "..\\baseline\\full_eval\\epoch_0020\\summary.json",
      "transfer_clip_style": 0.6754022019108137,
      "transfer_content_lpips": 0.4782576072833333,
      "transfer_fid": 304.1873093525989,
      "transfer_art_fid": 466.84391738230767,
      "transfer_classifier_acc": 0.0,
      "photo_to_art_clip_style": 0.6635826279719671,
      "photo_to_art_fid": 304.1873093525989,
      "photo_to_art_art_fid": 466.84391738230767,
      "photo_to_art_classifier_acc": 0.0
    },
    "best_transfer_content_lpips": {
      "epoch": 20,
      "summary_path": "..\\baseline\\full_eval\\epoch_0020\\summary.json",
      "transfer_clip_style": 0.6754022019108137,
      "transfer_content_lpips": 0.4782576072833333,
      "transfer_fid": 304.1873093525989,
      "transfer_art_fid": 466.84391738230767,
      "transfer_classifier_acc": 0.0,
      "photo_to_art_clip_style": 0.6635826279719671,
      "photo_to_art_fid": 304.1873093525989,
      "photo_to_art_art_fid": 466.84391738230767,
      "photo_to_art_classifier_acc": 0.0
    }
  },
  "rounds": [
    {
      "epoch": 20,
      "summary_path": "..\\baseline\\full_eval\\epoch_0020\\summary.json",
      "transfer_clip_style": 0.6754022019108137,
      "transfer_content_lpips": 0.4782576072833333,
      "transfer_fid": 304.1873093525989,
      "transfer_art_fid": 466.84391738230767,
      "transfer_classifier_acc": 0.0,
      "photo_to_art_clip_style": 0.6635826279719671,
      "photo_to_art_fid": 304.1873093525989,
      "photo_to_art_art_fid": 466.84391738230767,
      "photo_to_art_classifier_acc": 0.0
    },
    {
      "epoch": 40,
      "summary_path": "..\\baseline\\full_eval\\epoch_0040\\summary.json",
      "transfer_clip_style": 0.680986019819975,
      "transfer_content_lpips": 0.5157770895,
      "transfer_fid": 312.4125727698011,
      "transfer_art_fid": 483.29488377035057,
      "transfer_classifier_acc": 0.0,
      "photo_to_art_clip_style": 0.6689043139417966,
      "photo_to_art_fid": 312.4125727698011,
      "photo_to_art_art_fid": 483.29488377035057,
      "photo_to_art_classifier_acc": 0.0
    },
    {
      "epoch": 60,
      "summary_path": "..\\baseline\\full_eval\\epoch_0060\\summary.json",
      "transfer_clip_style": 0.6905222463607789,
      "transfer_content_lpips": 0.5167484227333333,
      "transfer_fid": 317.5371190707812,
      "transfer_art_fid": 494.0506660687899,
      "transfer_classifier_acc": 0.0,
      "photo_to_art_clip_style": 0.6816128308574358,
      "photo_to_art_fid": 317.5371190707812,
      "photo_to_art_art_fid": 494.0506660687899,
      "photo_to_art_classifier_acc": 0.0
    }
  ],
  "updated_at": "2026-03-17 14:37:59"
}