{
  "checkpoint": "/mnt/g/GitHub/Latent_Style/Cycle-NCE/style_ablation-50/inj_no_delta_gate/epoch_0050.pt",
  "timestamp": "2026-02-14 17:12:03",
  "matrix_breakdown": {
    "photo": {
      "photo": {
        "count": 50,
        "clip_style": 0.6362344890832901,
        "style_lpips": 0.7361554729938508,
        "content_lpips": 0.4216640131999999,
        "clip_content": 0.8166762334,
        "classifier_acc": 0.92
      },
      "Hayao": {
        "count": 50,
        "clip_style": 0.5433877050876618,
        "style_lpips": 0.7367236173152923,
        "content_lpips": 0.4745266822,
        "clip_content": 0.7586591672,
        "classifier_acc": 0.14
      }
    },
    "Hayao": {
      "photo": {
        "count": 50,
        "clip_style": 0.45400842547416687,
        "style_lpips": 0.7654859089851379,
        "content_lpips": 0.3672629533999999,
        "clip_content": 0.85292487,
        "classifier_acc": 0.08
      },
      "Hayao": {
        "count": 50,
        "clip_style": 0.7045298552513123,
        "style_lpips": 0.711525274515152,
        "content_lpips": 0.3083180468,
        "clip_content": 0.8742047678,
        "classifier_acc": 0.92
      }
    }
  },
  "analysis": {
    "style_transfer_ability": {
      "clip_style": 0.4986980652809143,
      "content_lpips": 0.42089481779999993,
      "classifier_acc": 0.11000000000000001
    },
    "photo_to_art_performance": {
      "clip_style": 0.5433877050876618,
      "valid": true,
      "classifier_acc": 0.14
    }
  },
  "classification_report": {
    "Hayao": {
      "precision": 0.5145631067961165,
      "recall": 0.53,
      "f1-score": 0.5221674876847291,
      "support": 100.0
    },
    "photo": {
      "precision": 0.5154639175257731,
      "recall": 0.5,
      "f1-score": 0.5076142131979695,
      "support": 100.0
    },
    "accuracy": 0.515,
    "macro avg": {
      "precision": 0.5150135121609448,
      "recall": 0.515,
      "f1-score": 0.5148908504413493,
      "support": 200.0
    },
    "weighted avg": {
      "precision": 0.5150135121609448,
      "recall": 0.515,
      "f1-score": 0.5148908504413493,
      "support": 200.0
    }
  },
  "detailed_style_metrics": {
    "Hayao": {
      "precision": 0.5145631067961165,
      "recall": 0.53,
      "f1_score": 0.5221674876847291,
      "support": 100
    },
    "photo": {
      "precision": 0.5154639175257731,
      "recall": 0.5,
      "f1_score": 0.5076142131979695,
      "support": 100
    }
  }
}