{
  "checkpoint": "..\\exp_A_baseline\\epoch_0060.pt",
  "timestamp": "2026-02-26 00:36:42",
  "metrics_note": {
    "clip_dir": "cos( CLIP(gen)-CLIP(src), CLIP(target_style_proto)-CLIP(src) ) - Measures edit direction.",
    "clip_style": "cos( CLIP(gen), CLIP(target_style_proto) ) - Measures absolute style similarity.",
    "fid_baseline": "FID between source-domain images and target-style references.",
    "fid": "FID between generated images and target-style real references (Inception features).",
    "delta_fid": "fid_baseline - fid (higher is better).",
    "delta_fid_ratio": "delta_fid / fid_baseline (relative improvement ratio).",
    "art_fid": "computed as (1 + fid_style) * (1 + content_lpips)"
  },
  "matrix_breakdown": {
    "photo": {
      "photo": {
        "count": 30,
        "clip_dir": 0.41069847494363787,
        "clip_style": 0.8044278721014658,
        "style_lpips": 0.7475364327430725,
        "content_lpips": 0.3315143660000001,
        "clip_content": 0.8770906893333336,
        "fid_style": null,
        "art_fid": null,
        "fid_baseline": null,
        "delta_fid": null,
        "delta_fid_ratio": null,
        "classifier_acc": null
      },
      "Hayao": {
        "count": 30,
        "clip_dir": 0.47382921874523165,
        "clip_style": 0.599377856651942,
        "style_lpips": 0.752655170361201,
        "content_lpips": 0.41000488833333343,
        "clip_content": 0.8467072526666668,
        "fid_style": 327.5949686532864,
        "art_fid": 463.32051208287226,
        "fid_baseline": 334.729000932728,
        "delta_fid": 7.1340322794416124,
        "delta_fid_ratio": 0.02131285983456023,
        "classifier_acc": null
      },
      "monet": {
        "count": 30,
        "clip_dir": 0.3171901389956474,
        "clip_style": 0.6125674307346344,
        "style_lpips": 0.7449238161245982,
        "content_lpips": 0.30385024433333324,
        "clip_content": 0.8914832303333334,
        "fid_style": 231.16324701537388,
        "art_fid": 302.7061063462153,
        "fid_baseline": 237.55478896111822,
        "delta_fid": 6.391541945744336,
        "delta_fid_ratio": 0.026905548710240784,
        "classifier_acc": null
      },
      "vangogh": {
        "count": 30,
        "clip_dir": 0.4673249433437983,
        "clip_style": 0.6618410189946492,
        "style_lpips": 0.7944985489050548,
        "content_lpips": 0.4598075606666667,
        "clip_content": 0.8382097636666668,
        "fid_style": 306.36948299480224,
        "art_fid": 448.70029519401675,
        "fid_baseline": 313.3414404549672,
        "delta_fid": 6.971957460164958,
        "delta_fid_ratio": 0.022250352363357293,
        "classifier_acc": null
      },
      "cezanne": {
        "count": 30,
        "clip_dir": 0.41964088678359984,
        "clip_style": 0.6187849700450897,
        "style_lpips": 0.7517861982186635,
        "content_lpips": 0.392785732,
        "clip_content": 0.8599194966666666,
        "fid_style": 300.6640942236724,
        "art_fid": 420.1534462914346,
        "fid_baseline": 317.94764662800304,
        "delta_fid": 17.283552404330635,
        "delta_fid_ratio": 0.0543597431452364,
        "classifier_acc": null
      }
    },
    "Hayao": {
      "photo": {
        "count": 30,
        "clip_dir": 0.2820631423344215,
        "clip_style": 0.5445719222227733,
        "style_lpips": 0.7866933226585389,
        "content_lpips": 0.3102166846666667,
        "clip_content": 0.9102120426666666,
        "fid_style": null,
        "art_fid": null,
        "fid_baseline": null,
        "delta_fid": null,
        "delta_fid_ratio": null,
        "classifier_acc": null
      },
      "Hayao": {
        "count": 30,
        "clip_dir": 0.320754585104684,
        "clip_style": 0.8565533280372619,
        "style_lpips": 0.7260278046131134,
        "content_lpips": 0.21300551033333334,
        "clip_content": 0.937800473,
        "fid_style": null,
        "art_fid": null,
        "fid_baseline": null,
        "delta_fid": null,
        "delta_fid_ratio": null,
        "classifier_acc": null
      },
      "monet": {
        "count": 30,
        "clip_dir": 0.20651596157501143,
        "clip_style": 0.47116152147452034,
        "style_lpips": 0.7854116876920064,
        "content_lpips": 0.28622766866666677,
        "clip_content": 0.920001589,
        "fid_style": null,
        "art_fid": null,
        "fid_baseline": null,
        "delta_fid": null,
        "delta_fid_ratio": null,
        "classifier_acc": null
      },
      "vangogh": {
        "count": 30,
        "clip_dir": 0.343899741768837,
        "clip_style": 0.5764397750298182,
        "style_lpips": 0.790018896261851,
        "content_lpips": 0.36383415366666666,
        "clip_content": 0.8711196416666667,
        "fid_style": null,
        "art_fid": null,
        "fid_baseline": null,
        "delta_fid": null,
        "delta_fid_ratio": null,
        "classifier_acc": null
      },
      "cezanne": {
        "count": 30,
        "clip_dir": 0.22246017505725224,
        "clip_style": 0.5131051818529765,
        "style_lpips": 0.7642783999443055,
        "content_lpips": 0.29051330766666666,
        "clip_content": 0.919496114,
        "fid_style": null,
        "art_fid": null,
        "fid_baseline": null,
        "delta_fid": null,
        "delta_fid_ratio": null,
        "classifier_acc": null
      }
    },
    "monet": {
      "photo": {
        "count": 30,
        "clip_dir": 0.48825498471657436,
        "clip_style": 0.721280970176061,
        "style_lpips": 0.7567665000756582,
        "content_lpips": 0.37163221800000007,
        "clip_content": 0.8694672063333332,
        "fid_style": null,
        "art_fid": null,
        "fid_baseline": null,
        "delta_fid": null,
        "delta_fid_ratio": null,
        "classifier_acc": null
      },
      "Hayao": {
        "count": 30,
        "clip_dir": 0.4794119526942571,
        "clip_style": 0.5987950424353282,
        "style_lpips": 0.7554075400034587,
        "content_lpips": 0.4280162273333334,
        "clip_content": 0.8438640363333333,
        "fid_style": null,
        "art_fid": null,
        "fid_baseline": null,
        "delta_fid": null,
        "delta_fid_ratio": null,
        "classifier_acc": null
      },
      "monet": {
        "count": 30,
        "clip_dir": 0.291988980025053,
        "clip_style": 0.8336688439051311,
        "style_lpips": 0.7067566096782685,
        "content_lpips": 0.334831104,
        "clip_content": 0.899539289,
        "fid_style": null,
        "art_fid": null,
        "fid_baseline": null,
        "delta_fid": null,
        "delta_fid_ratio": null,
        "classifier_acc": null
      },
      "vangogh": {
        "count": 30,
        "clip_dir": 0.38925992672642074,
        "clip_style": 0.7969521403312683,
        "style_lpips": 0.7662722130616506,
        "content_lpips": 0.42597133499999995,
        "clip_content": 0.8458675590000001,
        "fid_style": null,
        "art_fid": null,
        "fid_baseline": null,
        "delta_fid": null,
        "delta_fid_ratio": null,
        "classifier_acc": null
      },
      "cezanne": {
        "count": 30,
        "clip_dir": 0.341402730345726,
        "clip_style": 0.7873742779095968,
        "style_lpips": 0.7279754022757212,
        "content_lpips": 0.37859712366666665,
        "clip_content": 0.8711400873333335,
        "fid_style": null,
        "art_fid": null,
        "fid_baseline": null,
        "delta_fid": null,
        "delta_fid_ratio": null,
        "classifier_acc": null
      }
    },
    "vangogh": {
      "photo": {
        "count": 30,
        "clip_dir": 0.45851858307917914,
        "clip_style": 0.6886655926704407,
        "style_lpips": 0.7611002842585246,
        "content_lpips": 0.39752712900000003,
        "clip_content": 0.8546382203333334,
        "fid_style": null,
        "art_fid": null,
        "fid_baseline": null,
        "delta_fid": null,
        "delta_fid_ratio": null,