{
  "checkpoint": "../adacut_overfit50/epoch_0100.pt",
  "timestamp": "2026-02-08 17:09:16",
  "matrix_breakdown": {
    "photo": {
      "photo": {
        "count": 50,
        "clip_style": 0.6351509243249893,
        "style_lpips": 0.0,
        "content_lpips": 0.0,
        "clip_content": 0.9038452764,
        "classifier_acc": 0.96
      },
      "Hayao": {
        "count": 50,
        "clip_style": 0.4730967491865158,
        "style_lpips": 0.0,
        "content_lpips": 0.0,
        "clip_content": 0.9037650858,
        "classifier_acc": 0.04
      }
    },
    "Hayao": {
      "photo": {
        "count": 50,
        "clip_style": 0.4092754191160202,
        "style_lpips": 0.0,
        "content_lpips": 0.0,
        "clip_content": 0.9446796752000001,
        "classifier_acc": 0.16
      },
      "Hayao": {
        "count": 50,
        "clip_style": 0.719301518201828,
        "style_lpips": 0.0,
        "content_lpips": 0.0,
        "clip_content": 0.9447132053999998,
        "classifier_acc": 0.84
      }
    }
  },
  "analysis": {
    "style_transfer_ability": {
      "clip_style": 0.44118608415126803,
      "content_lpips": 0.0,
      "classifier_acc": 0.1
    },
    "photo_to_art_performance": {
      "clip_style": 0.4730967491865158,
      "valid": true,
      "classifier_acc": 0.04
    }
  },
  "classification_report": {
    "Hayao": {
      "precision": 0.5,
      "recall": 0.44,
      "f1-score": 0.46808510638297873,
      "support": 100.0
    },
    "photo": {
      "precision": 0.5,
      "recall": 0.56,
      "f1-score": 0.5283018867924528,
      "support": 100.0
    },
    "accuracy": 0.5,
    "macro avg": {
      "precision": 0.5,
      "recall": 0.5,
      "f1-score": 0.4981934965877158,
      "support": 200.0
    },
    "weighted avg": {
      "precision": 0.5,
      "recall": 0.5,
      "f1-score": 0.4981934965877158,
      "support": 200.0
    }
  },
  "detailed_style_metrics": {
    "Hayao": {
      "precision": 0.5,
      "recall": 0.44,
      "f1_score": 0.46808510638297873,
      "support": 100
    },
    "photo": {
      "precision": 0.5,
      "recall": 0.56,
      "f1_score": 0.5283018867924528,
      "support": 100
    }
  }
}