{
  "checkpoint": "I:\\Github\\Latent_Style\\Cycle-NCE\\experiments\\20260223-micro5style-bs384\\runs\\exp00-phase1_60e-baseline_bs384_lr2e4_bd64_sd256\\artifacts\\epoch_0040.pt",
  "timestamp": "2026-02-24 00:47:36",
  "metrics_note": {
    "clip_dir": "cos( CLIP(gen)-CLIP(src), CLIP(target_style_proto)-CLIP(src) ) - Measures edit direction.",
    "clip_style": "cos( CLIP(gen), CLIP(target_style_proto) ) - Measures absolute style similarity.",
    "art_fid": "computed as (1 + fid_style) * (1 + content_lpips)"
  },
  "matrix_breakdown": {
    "photo": {
      "photo": {
        "count": 50,
        "clip_dir": 0.3288135150074959,
        "clip_style": 0.7925524580478668,
        "style_lpips": 0.7490541362762451,
        "content_lpips": 0.30699712619999997,
        "clip_content": 0.89677761,
        "fid_style": null,
        "art_fid": null,
        "classifier_acc": null
      },
      "Hayao": {
        "count": 50,
        "clip_dir": 0.4750000140070915,
        "clip_style": 0.6053724360466003,
        "style_lpips": 0.7522380089759827,
        "content_lpips": 0.3777377308,
        "clip_content": 0.8478340663999999,
        "fid_style": null,
        "art_fid": null,
        "classifier_acc": null
      },
      "monet": {
        "count": 50,
        "clip_dir": 0.26386727184057235,
        "clip_style": 0.592582426071167,
        "style_lpips": 0.754225161075592,
        "content_lpips": 0.2975613648,
        "clip_content": 0.9028086682,
        "fid_style": null,
        "art_fid": null,
        "classifier_acc": null
      },
      "vangogh": {
        "count": 50,
        "clip_dir": 0.4112329617142677,
        "clip_style": 0.6382109606266022,
        "style_lpips": 0.7861982882022858,
        "content_lpips": 0.43160237819999997,
        "clip_content": 0.8618015705999998,
        "fid_style": null,
        "art_fid": null,
        "classifier_acc": null
      },
      "cezanne": {
        "count": 50,
        "clip_dir": 0.35618789434432985,
        "clip_style": 0.5882684624195099,
        "style_lpips": 0.7547026145458221,
        "content_lpips": 0.3407872344,
        "clip_content": 0.8647006038,
        "fid_style": null,
        "art_fid": null,
        "classifier_acc": null
      }
    },
    "Hayao": {
      "photo": {
        "count": 50,
        "clip_dir": 0.2032492898404598,
        "clip_style": 0.5180305343866348,
        "style_lpips": 0.7819941282272339,
        "content_lpips": 0.33938811199999996,
        "clip_content": 0.9204757068,
        "fid_style": null,
        "art_fid": null,
        "classifier_acc": null
      },
      "Hayao": {
        "count": 50,
        "clip_dir": 0.2713911896944046,
        "clip_style": 0.8475365853309631,
        "style_lpips": 0.7268041157722473,
        "content_lpips": 0.19985318159999998,
        "clip_content": 0.9442196495999999,
        "fid_style": null,
        "art_fid": null,
        "classifier_acc": null
      },
      "monet": {
        "count": 50,
        "clip_dir": 0.14375002034008502,
        "clip_style": 0.44393899500370027,
        "style_lpips": 0.7786899840831757,
        "content_lpips": 0.2666452082,
        "clip_content": 0.9326840729999999,
        "fid_style": null,
        "art_fid": null,
        "classifier_acc": null
      },
      "vangogh": {
        "count": 50,
        "clip_dir": 0.2544132855534553,
        "clip_style": 0.5505508261919022,
        "style_lpips": 0.8143913304805755,
        "content_lpips": 0.3111783996,
        "clip_content": 0.9265828032000001,
        "fid_style": null,
        "art_fid": null,
        "classifier_acc": null
      },
      "cezanne": {
        "count": 50,
        "clip_dir": 0.1647689828649163,
        "clip_style": 0.4931998109817505,
        "style_lpips": 0.7686082231998443,
        "content_lpips": 0.21395698332,
        "clip_content": 0.9347315263999999,
        "fid_style": null,
        "art_fid": null,
        "classifier_acc": null
      }
    },
    "monet": {
      "photo": {
        "count": 50,
        "clip_dir": 0.43156560719013215,
        "clip_style": 0.6953545355796814,
        "style_lpips": 0.7493359100818634,
        "content_lpips": 0.38705046159999995,
        "clip_content": 0.8866727823999999,
        "fid_style": null,
        "art_fid": null,
        "classifier_acc": null
      },
      "Hayao": {
        "count": 50,
        "clip_dir": 0.4897641980648041,
        "clip_style": 0.596973295211792,
        "style_lpips": 0.748795862197876,
        "content_lpips": 0.4263278776,
        "clip_content": 0.8661019262000003,
        "fid_style": null,
        "art_fid": null,
        "classifier_acc": null
      },
      "monet": {
        "count": 50,
        "clip_dir": 0.2834632408618927,
        "clip_style": 0.8335411822795868,
        "style_lpips": 0.7116128170490265,
        "content_lpips": 0.33944132280000006,
        "clip_content": 0.902888473,
        "fid_style": null,
        "art_fid": null,
        "classifier_acc": null
      },
      "vangogh": {
        "count": 50,
        "clip_dir": 0.37458443000912667,
        "clip_style": 0.8014682590961456,
        "style_lpips": 0.7589903938770294,
        "content_lpips": 0.3973889034,
        "clip_content": 0.8800429676,
        "fid_style": null,
        "art_fid": null,
        "classifier_acc": null
      },
      "cezanne": {
        "count": 50,
        "clip_dir": 0.3202920699119568,
        "clip_style": 0.785439383983612,
        "style_lpips": 0.7300381660461426,
        "content_lpips": 0.36723107460000004,
        "clip_content": 0.8881718432,
        "fid_style": null,
        "art_fid": null,
        "classifier_acc": null
      }
    },
    "vangogh": {
      "photo": {
        "count": 50,
        "clip_dir": 0.42928085595369336,
        "clip_style": 0.6721568763256073,
        "style_lpips": 0.7597860944271088,
        "content_lpips": 0.421076841,
        "clip_content": 0.8571214031999999,
        "fid_style": null,
        "art_fid": null,
        "classifier_acc": null
      },
      "Hayao": {
        "count": 50,
        "clip_dir": 0.45919728100299834,
        "clip_style": 0.6295906019210815,
        "style_lpips": 0.7500593066215515,
        "content_lpips": 0.38970952760000005,
        "clip_content": 0.8567686710000001,
        "fid_style": null,
        "art_fid": null,
        "classifier_acc": null
      },
      "monet": {
        "count": 50,
        "clip_dir": 0.2654183186590672,
        "clip_style": 0.7593921947479249,
        "style_lpips": 0.7394259679317474,
        "content_lpips": 0.3280713212,
        "clip_content": 0.889445673,
        "fid_style": null,
        "art_fid": null,
        "classifier_acc": null
      },
      "vangogh": {
        "count": 50,
        "clip_dir": 0.25106751710176467,
        "clip_style": 0.8027920854091645,
        "style_lpips": 0.7409874093532562,
        "content_lpips": 0.3305726432,
        "clip_content": 0.8873689628,
        "fid_style": null,
        "art_fid": null,
        "classifier_acc": null
      },
      "cezanne": {
        "count": 50,
        "clip_dir": 0.2809829516708851,
        "clip_style": 0.7744778680801392,
        "style_lpips": 0.7385459053516388,
        "content_lpips": 0.3347986811999999,
        "clip_content": 0.8818624495999998,
        "fid_style": null,
        "art_fid": null,
        "classifier_acc": null
      }
    },
    "cezanne": {
      "photo": {
        "count": 50,
        "clip_dir": 0.41151932179927825,
        "clip_style": 0.6335341823101044,
        "style_lpips": 0.7570922267436981,
        "content_lpips": 0.4216759838,
        "clip_content": 0.8657588768,
        "fid_style": null,
        "art_fid": null,
        "classifier_acc": null
      },
      "Hayao": {
        "count": 50,
        "clip_dir": 0.46694224417209623,
        "clip_style": 0.6038634449243545,
        "style_lpips": 0.7342288422584534,
        "content_lpips": 0.35226442900000005,