epoch,loss,code,cycle,gram,moment,push,nce,idt,w_cycle_eff,w_nce_eff,w_idt_eff,transfer_ratio,lr,epoch_time_sec
1,12.670015392303467,0.7671711853705346,0.0,0.03282330252230167,0.0728027805685997,0.005007279887795448,0.0,0.0,0.0,0.0,0.0,1.0,0.0002,21.302582025527954
2,12.240371131896973,0.7180878540873528,0.0,0.03268632676452398,0.07131655551493168,0.0,0.0,0.0,0.0,0.0,0.0,1.0,0.0001997071467046472,14.540885925292969
3,11.878150959014892,0.6806931367516518,0.0,0.03238680241629481,0.06977836217731237,0.0,0.0,0.0,0.0,0.0,0.0,1.0,0.00019883039235653812,13.649170637130737
4,11.446497402191163,0.6352436366677284,0.0,0.032079807315021754,0.06734625056385994,0.0,0.0,0.0,0.0,0.0,0.0,1.0,0.0001973751424377793,14.468597173690796
5,11.515367546081542,0.6398113664984703,0.0,0.032249456513673065,0.06736995927989482,0.0,0.0,0.0,0.0,0.0,0.0,1.0,0.0001953503690480396,15.480762243270874
