epoch,loss,code,cycle,gram,moment,push,nce,idt,w_cycle_eff,w_nce_eff,w_idt_eff,transfer_ratio,lr,epoch_time_sec
1,53.67447608947754,2.6153047005459666,0.0,0.03245281783863902,0.07352154284715652,0.005134619300079067,0.0,0.0,0.0,0.0,0.0,1.0,0.0002,22.289955615997314
2,63.031363563537596,3.8045877408981323,0.0,0.032306372821331024,0.07207218483090401,0.0,0.0,0.0,0.0,0.0,0.0,1.0,0.00019998168784579617,13.772392272949219
3,77.48582145690918,5.610574803352356,0.0,0.032313679568469526,0.07188601583242417,0.0,0.0,0.0,0.0,0.0,0.0,1.0,0.00019992675844286869,15.377607107162476
4,79.67981414794922,5.8941924238204955,0.0,0.03224199740216136,0.07106940139085055,0.0,0.0,0.0,0.0,0.0,0.0,1.0,0.00019983523296754802,13.75197458267212
5,83.30694496154786,6.3344560766220095,0.0,0.03234848475083709,0.07070304159075022,0.0,0.0,0.0,0.0,0.0,0.0,1.0,0.00019970714670464716,13.978806495666504
6,75.25461753845215,5.327644560337067,0.0,0.032351220324635506,0.07056005742400885,0.0,0.0,0.0,0.0,0.0,0.0,1.0,0.0001995425490338587,15.435548782348633
