epoch,loss,swd,color,identity,identity_ratio,lr,data_time_sec,transfer_time_sec,fwd_loss_time_sec,backward_time_sec,optimizer_time_sec,step_overhead_time_sec,compute_time_sec,epoch_time_sec,samples_seen,samples_per_sec,compute_samples_per_sec,gradcos_swd_color,gradcos_swd_identity,gradcos_color_identity
1,35.861724853515625,0.3458632826805115,0.24341313540935516,0.02840397320687771,0.20185546576976776,4.3363899347408047e-05,2.8264820000331383,0.008925499991164543,84.67381439996097,22.61786270001903,0.15445800001907628,6.536744300014107,107.45506059999025,116.88984537124634,10240,87.60384588992648,95.29565143627056,0.44870837565982724,-0.8748515987634781,-0.4292119748553483
2,33.52027893066406,0.2916504740715027,0.21062350273132324,0.13284309208393097,0.20136718451976776,8.672779869481609e-05,0.09214339999016374,0.008488799976476002,73.01733450000756,3.500470700004371,0.12924509998993017,6.5244622000536765,76.65553909997834,83.27430295944214,10240,122.96710553058946,133.58460615148022,0.6374728729994971,-0.5486017784589603,-0.33564312376707545
3,30.88570213317871,0.26654252409935,0.1941608339548111,0.12964360415935516,0.2016601413488388,0.00013009169804222413,0.10764600000402424,0.008494599998812191,72.9780180999951,3.4592784000269603,0.12860839998757,6.544857699969725,76.57439950000844,83.22972464561462,10240,123.03296741159585,133.72615478360848,0.6663342707085074,0.014814576934206587,-0.4599649438517212
4,29.054576873779297,0.2652705907821655,0.19174538552761078,0.07302084565162659,0.20136718451976776,0.00017345559738963219,0.09780099999625236,0.008381199993891641,72.99816149999242,3.498288600007072,0.12612909996823873,6.539186000045447,76.63096039996162,83.26976156234741,10240,122.97381195613129,133.6274522275872,0.6112904817913914,0.06140316727667022,0.09537377304268697
