{
  "checkpoint": "../ca_grad_1-30/epoch_0100.pt",
  "timestamp": "2026-01-30 12:35:52",
  "matrix_breakdown": {
    "monet": {
      "monet": {
        "count": 30,
        "clip_style": 0.7030410879453023,
        "style_lpips": 0.7123192680279414,
        "content_lpips": 0.5494205753008524,
        "clip_content": 0.7680572470029196
      },
      "photo": {
        "count": 30,
        "clip_style": 0.5816251736084621,
        "style_lpips": 0.7708684695164362,
        "content_lpips": 0.6057058930397033,
        "clip_content": 0.7243660926818848
      },
      "vangogh": {
        "count": 30,
        "clip_style": 0.6734979360699653,
        "style_lpips": 0.7585589126348495,
        "content_lpips": 0.5475714604059855,
        "clip_content": 0.775333148241043
      },
      "cezanne": {
        "count": 30,
        "clip_style": 0.6658491479555766,
        "style_lpips": 0.7357323207855225,
        "content_lpips": 0.5510907779137294,
        "clip_content": 0.7623597979545593
      }
    },
    "photo": {
      "monet": {
        "count": 30,
        "clip_style": 0.6505731528798737,
        "style_lpips": 0.731668241461118,
        "content_lpips": 0.544697783390681,
        "clip_content": 0.6589012463887532
      },
      "photo": {
        "count": 30,
        "clip_style": 0.5979650168021519,
        "style_lpips": 0.7593426150878269,
        "content_lpips": 0.5342687964439392,
        "clip_content": 0.6793944279352824
      },
      "vangogh": {
        "count": 30,
        "clip_style": 0.6202404621640841,
        "style_lpips": 0.78477232670784,
        "content_lpips": 0.5399504959583282,
        "clip_content": 0.6724601765473683
      },
      "cezanne": {
        "count": 30,
        "clip_style": 0.6197106005748112,
        "style_lpips": 0.7487557663520177,
        "content_lpips": 0.5398048222064972,
        "clip_content": 0.6652069389820099
      }
    },
    "vangogh": {
      "monet": {
        "count": 30,
        "clip_style": 0.6782036601305007,
        "style_lpips": 0.7389202595154443,
        "content_lpips": 0.5581657886505127,
        "clip_content": 0.7412882387638092
      },
      "photo": {
        "count": 30,
        "clip_style": 0.5705525264938671,
        "style_lpips": 0.8065550961891808,
        "content_lpips": 0.6317384799321493,
        "clip_content": 0.6895516256491343
      },
      "vangogh": {
        "count": 30,
        "clip_style": 0.672096006989479,
        "style_lpips": 0.7391508397658666,
        "content_lpips": 0.5522374173005422,
        "clip_content": 0.751863572994868
      },
      "cezanne": {
        "count": 30,
        "clip_style": 0.6610975869297983,
        "style_lpips": 0.7425295333464939,
        "content_lpips": 0.5583324035008749,
        "clip_content": 0.7447505414485931
      }
    },
    "cezanne": {
      "monet": {
        "count": 30,
        "clip_style": 0.6745643947323162,
        "style_lpips": 0.7250892652670544,
        "content_lpips": 0.5343400498231252,
        "clip_content": 0.7608385026454926
      },
      "photo": {
        "count": 30,
        "clip_style": 0.561644758462906,
        "style_lpips": 0.7878269915978113,
        "content_lpips": 0.6102579832077026,
        "clip_content": 0.6757366359233856
      },
      "vangogh": {
        "count": 30,
        "clip_style": 0.6613102224866549,
        "style_lpips": 0.7562537270387015,
        "content_lpips": 0.5324917425711949,
        "clip_content": 0.7511289358139038
      },
      "cezanne": {
        "count": 30,
        "clip_style": 0.6756598637501399,
        "style_lpips": 0.7179392676353455,
        "content_lpips": 0.5316970745722452,
        "clip_content": 0.7615676601727803
      }
    }
  },
  "analysis": {
    "style_transfer_ability": {
      "clip_style": 0.634905801874068,
      "content_lpips": 0.5628456400500403
    },
    "photo_to_art_performance": {
      "clip_style": 0.6301747385395897,
      "valid": true
    }
  }
}