{
  "checkpoint": "../overfit50-style-distill-struct-v4-mse/epoch_0060.pt",
  "timestamp": "2026-02-10 22:08:29",
  "matrix_breakdown": {
    "photo": {
      "photo": {
        "count": 50,
        "clip_style": 0.6057503700256348,
        "style_lpips": 0.7478979694843292,
        "content_lpips": 0.42442126459999996,
        "clip_content": 0.791529496,
        "classifier_acc": 1.0
      },
      "Hayao": {
        "count": 50,
        "clip_style": 0.5401826918125152,
        "style_lpips": 0.7442369508743286,
        "content_lpips": 0.4669189574,
        "clip_content": 0.7370914880000001,
        "classifier_acc": 0.44
      }
    },
    "Hayao": {
      "photo": {
        "count": 50,
        "clip_style": 0.45489582121372224,
        "style_lpips": 0.7773867428302765,
        "content_lpips": 0.4090766525999999,
        "clip_content": 0.8274285776000001,
        "classifier_acc": 0.84
      },
      "Hayao": {
        "count": 50,
        "clip_style": 0.707952824831009,
        "style_lpips": 0.7154102277755737,
        "content_lpips": 0.25750721759999995,
        "clip_content": 0.8968989086000001,
        "classifier_acc": 0.98
      }
    }
  },
  "analysis": {
    "style_transfer_ability": {
      "clip_style": 0.4975392565131187,
      "content_lpips": 0.43799780499999996,
      "classifier_acc": 0.64
    },
    "photo_to_art_performance": {
      "clip_style": 0.5401826918125152,
      "valid": true,
      "classifier_acc": 0.44
    }
  },
  "classification_report": {
    "Hayao": {
      "precision": 0.8987341772151899,
      "recall": 0.71,
      "f1-score": 0.7932960893854749,
      "support": 100.0
    },
    "photo": {
      "precision": 0.7603305785123967,
      "recall": 0.92,
      "f1-score": 0.832579185520362,
      "support": 100.0
    },
    "accuracy": 0.815,
    "macro avg": {
      "precision": 0.8295323778637933,
      "recall": 0.815,
      "f1-score": 0.8129376374529185,
      "support": 200.0
    },
    "weighted avg": {
      "precision": 0.8295323778637933,
      "recall": 0.815,
      "f1-score": 0.8129376374529184,
      "support": 200.0
    }
  },
  "detailed_style_metrics": {
    "Hayao": {
      "precision": 0.8987341772151899,
      "recall": 0.71,
      "f1_score": 0.7932960893854749,
      "support": 100
    },
    "photo": {
      "precision": 0.7603305785123967,
      "recall": 0.92,
      "f1_score": 0.832579185520362,
      "support": 100
    }
  }
}