{
  "num_rounds": 1,
  "latest": {
    "epoch": 150,
    "summary_path": "..\\exp_S1_zero_id\\full_eval\\epoch_0150\\summary.json",
    "transfer_clip_style": 0.7208060079813003,
    "transfer_content_lpips": 0.6248659133,
    "transfer_fid": 345.5292298574435,
    "transfer_art_fid": 575.9916835552482,
    "transfer_classifier_acc": 0.0,
    "photo_to_art_clip_style": 0.722547350327174,
    "photo_to_art_fid": 345.5292298574435,
    "photo_to_art_art_fid": 575.9916835552482,
    "photo_to_art_classifier_acc": 0.0
  },
  "mean": {
    "transfer_clip_style": 0.7208060079813003,
    "transfer_content_lpips": 0.6248659133,
    "transfer_fid": 345.5292298574435,
    "transfer_art_fid": 575.9916835552482,
    "transfer_classifier_acc": 0.0,
    "photo_to_art_clip_style": 0.722547350327174,
    "photo_to_art_fid": 345.5292298574435,
    "photo_to_art_art_fid": 575.9916835552482,
    "photo_to_art_classifier_acc": 0.0
  },
  "best": {
    "best_transfer_classifier_acc": {
      "epoch": 150,
      "summary_path": "..\\exp_S1_zero_id\\full_eval\\epoch_0150\\summary.json",
      "transfer_clip_style": 0.7208060079813003,
      "transfer_content_lpips": 0.6248659133,
      "transfer_fid": 345.5292298574435,
      "transfer_art_fid": 575.9916835552482,
      "transfer_classifier_acc": 0.0,
      "photo_to_art_clip_style": 0.722547350327174,
      "photo_to_art_fid": 345.5292298574435,
      "photo_to_art_art_fid": 575.9916835552482,
      "photo_to_art_classifier_acc": 0.0
    },
    "best_transfer_clip_style": {
      "epoch": 150,
      "summary_path": "..\\exp_S1_zero_id\\full_eval\\epoch_0150\\summary.json",
      "transfer_clip_style": 0.7208060079813003,
      "transfer_content_lpips": 0.6248659133,
      "transfer_fid": 345.5292298574435,
      "transfer_art_fid": 575.9916835552482,
      "transfer_classifier_acc": 0.0,
      "photo_to_art_clip_style": 0.722547350327174,
      "photo_to_art_fid": 345.5292298574435,
      "photo_to_art_art_fid": 575.9916835552482,
      "photo_to_art_classifier_acc": 0.0
    },
    "best_transfer_fid": {
      "epoch": 150,
      "summary_path": "..\\exp_S1_zero_id\\full_eval\\epoch_0150\\summary.json",
      "transfer_clip_style": 0.7208060079813003,
      "transfer_content_lpips": 0.6248659133,
      "transfer_fid": 345.5292298574435,
      "transfer_art_fid": 575.9916835552482,
      "transfer_classifier_acc": 0.0,
      "photo_to_art_clip_style": 0.722547350327174,
      "photo_to_art_fid": 345.5292298574435,
      "photo_to_art_art_fid": 575.9916835552482,
      "photo_to_art_classifier_acc": 0.0
    },
    "best_transfer_art_fid": {
      "epoch": 150,
      "summary_path": "..\\exp_S1_zero_id\\full_eval\\epoch_0150\\summary.json",
      "transfer_clip_style": 0.7208060079813003,
      "transfer_content_lpips": 0.6248659133,
      "transfer_fid": 345.5292298574435,
      "transfer_art_fid": 575.9916835552482,
      "transfer_classifier_acc": 0.0,
      "photo_to_art_clip_style": 0.722547350327174,
      "photo_to_art_fid": 345.5292298574435,
      "photo_to_art_art_fid": 575.9916835552482,
      "photo_to_art_classifier_acc": 0.0
    },
    "best_photo_to_art_classifier_acc": {
      "epoch": 150,
      "summary_path": "..\\exp_S1_zero_id\\full_eval\\epoch_0150\\summary.json",
      "transfer_clip_style": 0.7208060079813003,
      "transfer_content_lpips": 0.6248659133,
      "transfer_fid": 345.5292298574435,
      "transfer_art_fid": 575.9916835552482,
      "transfer_classifier_acc": 0.0,
      "photo_to_art_clip_style": 0.722547350327174,
      "photo_to_art_fid": 345.5292298574435,
      "photo_to_art_art_fid": 575.9916835552482,
      "photo_to_art_classifier_acc": 0.0
    },
    "best_photo_to_art_clip_style": {
      "epoch": 150,
      "summary_path": "..\\exp_S1_zero_id\\full_eval\\epoch_0150\\summary.json",
      "transfer_clip_style": 0.7208060079813003,
      "transfer_content_lpips": 0.6248659133,
      "transfer_fid": 345.5292298574435,
      "transfer_art_fid": 575.9916835552482,
      "transfer_classifier_acc": 0.0,
      "photo_to_art_clip_style": 0.722547350327174,
      "photo_to_art_fid": 345.5292298574435,
      "photo_to_art_art_fid": 575.9916835552482,
      "photo_to_art_classifier_acc": 0.0
    },
    "best_photo_to_art_fid": {
      "epoch": 150,
      "summary_path": "..\\exp_S1_zero_id\\full_eval\\epoch_0150\\summary.json",
      "transfer_clip_style": 0.7208060079813003,
      "transfer_content_lpips": 0.6248659133,
      "transfer_fid": 345.5292298574435,
      "transfer_art_fid": 575.9916835552482,
      "transfer_classifier_acc": 0.0,
      "photo_to_art_clip_style": 0.722547350327174,
      "photo_to_art_fid": 345.5292298574435,
      "photo_to_art_art_fid": 575.9916835552482,
      "photo_to_art_classifier_acc": 0.0
    },
    "best_photo_to_art_art_fid": {
      "epoch": 150,
      "summary_path": "..\\exp_S1_zero_id\\full_eval\\epoch_0150\\summary.json",
      "transfer_clip_style": 0.7208060079813003,
      "transfer_content_lpips": 0.6248659133,
      "transfer_fid": 345.5292298574435,
      "transfer_art_fid": 575.9916835552482,
      "transfer_classifier_acc": 0.0,
      "photo_to_art_clip_style": 0.722547350327174,
      "photo_to_art_fid": 345.5292298574435,
      "photo_to_art_art_fid": 575.9916835552482,
      "photo_to_art_classifier_acc": 0.0
    },
    "best_transfer_content_lpips": {
      "epoch": 150,
      "summary_path": "..\\exp_S1_zero_id\\full_eval\\epoch_0150\\summary.json",
      "transfer_clip_style": 0.7208060079813003,
      "transfer_content_lpips": 0.6248659133,
      "transfer_fid": 345.5292298574435,
      "transfer_art_fid": 575.9916835552482,
      "transfer_classifier_acc": 0.0,
      "photo_to_art_clip_style": 0.722547350327174,
      "photo_to_art_fid": 345.5292298574435,
      "photo_to_art_art_fid": 575.9916835552482,
      "photo_to_art_classifier_acc": 0.0
    }
  },
  "rounds": [
    {
      "epoch": 150,
      "summary_path": "..\\exp_S1_zero_id\\full_eval\\epoch_0150\\summary.json",
      "transfer_clip_style": 0.7208060079813003,
      "transfer_content_lpips": 0.6248659133,
      "transfer_fid": 345.5292298574435,
      "transfer_art_fid": 575.9916835552482,
      "transfer_classifier_acc": 0.0,
      "photo_to_art_clip_style": 0.722547350327174,
      "photo_to_art_fid": 345.5292298574435,
      "photo_to_art_art_fid": 575.9916835552482,
      "photo_to_art_classifier_acc": 0.0
    }
  ],
  "updated_at": "2026-03-03 05:33:42"
}