{
  "checkpoint": "G:\\GitHub\\Latent_Style\\Cycle-NCE\\ssim-optun-nce\\trial_0227\\epoch_0001.pt",
  "timestamp": "2026-02-20 13:11:07",
  "matrix_breakdown": {
    "photo": {
      "photo": {
        "count": 10,
        "style_swd": 2.3509394586086274,
        "content_ssim": 0.29151711799999996,
        "classifier_acc": null
      },
      "Hayao": {
        "count": 10,
        "style_swd": 2.3152971833944322,
        "content_ssim": 0.301987348,
        "classifier_acc": null
      },
      "monet": {
        "count": 10,
        "style_swd": 1.1968560606241225,
        "content_ssim": 0.319398361,
        "classifier_acc": null
      },
      "cezanne": {
        "count": 10,
        "style_swd": 1.2911869063973427,
        "content_ssim": 0.35448693299999995,
        "classifier_acc": null
      },
      "vangogh": {
        "count": 10,
        "style_swd": 2.252749812602997,
        "content_ssim": 0.287744635,
        "classifier_acc": null
      }
    },
    "Hayao": {
      "photo": {
        "count": 10,
        "style_swd": 2.110168236494064,
        "content_ssim": 0.40151225100000004,
        "classifier_acc": null
      },
      "Hayao": {
        "count": 10,
        "style_swd": 2.3706960916519164,
        "content_ssim": 0.49882094299999996,
        "classifier_acc": null
      },
      "monet": {
        "count": 10,
        "style_swd": 1.1835666179656983,
        "content_ssim": 0.48781624900000004,
        "classifier_acc": null
      },
      "cezanne": {
        "count": 10,
        "style_swd": 1.4321176290512085,
        "content_ssim": 0.579863916,
        "classifier_acc": null
      },
      "vangogh": {
        "count": 10,
        "style_swd": 2.2475297331809996,
        "content_ssim": 0.505321648,
        "classifier_acc": null
      }
    },
    "monet": {
      "photo": {
        "count": 10,
        "style_swd": 2.1747221410274507,
        "content_ssim": 0.31772013699999996,
        "classifier_acc": null
      },
      "Hayao": {
        "count": 10,
        "style_swd": 2.611528193950653,
        "content_ssim": 0.39641678700000005,
        "classifier_acc": null
      },
      "monet": {
        "count": 10,
        "style_swd": 1.1265087068080901,
        "content_ssim": 0.342918524,
        "classifier_acc": null
      },
      "cezanne": {
        "count": 10,
        "style_swd": 1.2922277003526688,
        "content_ssim": 0.3392440870000001,
        "classifier_acc": null
      },
      "vangogh": {
        "count": 10,
        "style_swd": 2.490843391418457,
        "content_ssim": 0.304207361,
        "classifier_acc": null
      }
    },
    "cezanne": {
      "photo": {
        "count": 10,
        "style_swd": 2.189114212989807,
        "content_ssim": 0.367819847,
        "classifier_acc": null
      },
      "Hayao": {
        "count": 10,
        "style_swd": 2.1817094922065734,
        "content_ssim": 0.467283247,
        "classifier_acc": null
      },
      "monet": {
        "count": 10,
        "style_swd": 1.1404597759246826,
        "content_ssim": 0.398614602,
        "classifier_acc": null
      },
      "cezanne": {
        "count": 10,
        "style_swd": 1.240773582458496,
        "content_ssim": 0.430093238,
        "classifier_acc": null
      },
      "vangogh": {
        "count": 10,
        "style_swd": 2.37752383351326,
        "content_ssim": 0.38514957,
        "classifier_acc": null
      }
    },
    "vangogh": {
      "photo": {
        "count": 10,
        "style_swd": 2.145848971605301,
        "content_ssim": 0.271037102,
        "classifier_acc": null
      },
      "Hayao": {
        "count": 10,
        "style_swd": 2.1022987067699432,
        "content_ssim": 0.38213832699999994,
        "classifier_acc": null
      },
      "monet": {
        "count": 10,
        "style_swd": 1.2046936124563217,
        "content_ssim": 0.291112961,
        "classifier_acc": null
      },
      "cezanne": {
        "count": 10,
        "style_swd": 0.9344006597995758,
        "content_ssim": 0.381004688,
        "classifier_acc": null
      },
      "vangogh": {
        "count": 10,
        "style_swd": 2.296548229455948,
        "content_ssim": 0.271081947,
        "classifier_acc": null
      }
    }
  },
  "analysis": {
    "style_transfer_ability": {
      "style_swd": 1.8437421435862784,
      "content_ssim": 0.37699400284999995,
      "classifier_acc": 0.0
    },
    "photo_to_art_performance": {
      "style_swd": 1.7640224907547235,
      "valid": true,
      "classifier_acc": 0.0
    }
  },
  "classification_report": null,
  "detailed_style_metrics": {}
}