{
  "checkpoint": "G:\\GitHub\\Latent_Style\\Cycle-NCE\\ssim-optun-nce\\trial_0214\\epoch_0001.pt",
  "timestamp": "2026-02-20 12:23:22",
  "matrix_breakdown": {
    "photo": {
      "photo": {
        "count": 10,
        "style_swd": 1.8580195307731628,
        "content_ssim": 0.338229215,
        "classifier_acc": null
      },
      "Hayao": {
        "count": 10,
        "style_swd": 2.2585479378700257,
        "content_ssim": 0.34891041700000003,
        "classifier_acc": null
      },
      "monet": {
        "count": 10,
        "style_swd": 1.1433288395404815,
        "content_ssim": 0.33205891600000004,
        "classifier_acc": null
      },
      "cezanne": {
        "count": 10,
        "style_swd": 1.2255210071802138,
        "content_ssim": 0.28743926499999994,
        "classifier_acc": null
      },
      "vangogh": {
        "count": 10,
        "style_swd": 2.2745738863945006,
        "content_ssim": 0.301498379,
        "classifier_acc": null
      }
    },
    "Hayao": {
      "photo": {
        "count": 10,
        "style_swd": 1.8872313618659973,
        "content_ssim": 0.487093665,
        "classifier_acc": null
      },
      "Hayao": {
        "count": 10,
        "style_swd": 1.9610304594039918,
        "content_ssim": 0.5325652589999998,
        "classifier_acc": null
      },
      "monet": {
        "count": 10,
        "style_swd": 1.170343080163002,
        "content_ssim": 0.557134559,
        "classifier_acc": null
      },
      "cezanne": {
        "count": 10,
        "style_swd": 1.2808684766292573,
        "content_ssim": 0.525935639,
        "classifier_acc": null
      },
      "vangogh": {
        "count": 10,
        "style_swd": 2.2810243904590606,
        "content_ssim": 0.49311839599999996,
        "classifier_acc": null
      }
    },
    "monet": {
      "photo": {
        "count": 10,
        "style_swd": 1.8735720694065094,
        "content_ssim": 0.33755440999999997,
        "classifier_acc": null
      },
      "Hayao": {
        "count": 10,
        "style_swd": 2.3735380440950395,
        "content_ssim": 0.406143217,
        "classifier_acc": null
      },
      "monet": {
        "count": 10,
        "style_swd": 1.1987717419862747,
        "content_ssim": 0.35671157900000006,
        "classifier_acc": null
      },
      "cezanne": {
        "count": 10,
        "style_swd": 1.120539116859436,
        "content_ssim": 0.281797735,
        "classifier_acc": null
      },
      "vangogh": {
        "count": 10,
        "style_swd": 2.273833990097046,
        "content_ssim": 0.30797187500000006,
        "classifier_acc": null
      }
    },
    "cezanne": {
      "photo": {
        "count": 10,
        "style_swd": 1.803783506155014,
        "content_ssim": 0.402661243,
        "classifier_acc": null
      },
      "Hayao": {
        "count": 10,
        "style_swd": 1.9788706451654434,
        "content_ssim": 0.49437096500000005,
        "classifier_acc": null
      },
      "monet": {
        "count": 10,
        "style_swd": 1.1600496143102645,
        "content_ssim": 0.441813151,
        "classifier_acc": null
      },
      "cezanne": {
        "count": 10,
        "style_swd": 1.1053647875785828,
        "content_ssim": 0.37276988,
        "classifier_acc": null
      },
      "vangogh": {
        "count": 10,
        "style_swd": 2.166006350517273,
        "content_ssim": 0.394007623,
        "classifier_acc": null
      }
    },
    "vangogh": {
      "photo": {
        "count": 10,
        "style_swd": 1.970875906944275,
        "content_ssim": 0.285280411,
        "classifier_acc": null
      },
      "Hayao": {
        "count": 10,
        "style_swd": 1.8116591900587082,
        "content_ssim": 0.396763447,
        "classifier_acc": null
      },
      "monet": {
        "count": 10,
        "style_swd": 1.211097040772438,
        "content_ssim": 0.32082081999999995,
        "classifier_acc": null
      },
      "cezanne": {
        "count": 10,
        "style_swd": 1.0508198380470275,
        "content_ssim": 0.28458759499999997,
        "classifier_acc": null
      },
      "vangogh": {
        "count": 10,
        "style_swd": 2.098792499303818,
        "content_ssim": 0.28914080499999995,
        "classifier_acc": null
      }
    }
  },
  "analysis": {
    "style_transfer_ability": {
      "style_swd": 1.7158042146265504,
      "content_ssim": 0.3843480864,
      "classifier_acc": 0.0
    },
    "photo_to_art_performance": {
      "style_swd": 1.7254929177463056,
      "valid": true,
      "classifier_acc": 0.0
    }
  },
  "classification_report": null,
  "detailed_style_metrics": {}
}