epoch,loss,swd,color,oob,identity,identity_ratio,lr,data_time_sec,transfer_time_sec,fwd_loss_time_sec,backward_time_sec,optimizer_time_sec,step_overhead_time_sec,compute_time_sec,epoch_time_sec,samples_seen,samples_per_sec,compute_samples_per_sec
1,7.589557647705078,2.1099417209625244,0.06545154005289078,4.4299911678535864e-05,0.27582433819770813,0.20205079019069672,0.0001111111111111111,0.6894328995840624,0.006305599818006158,63.33160909998696,14.600775599712506,0.302711000200361,0.051964500453323126,78.24140129971784,80.67906951904297,10240,126.92263385093969,130.87700156051434
2,6.016086101531982,2.058880090713501,0.033050283789634705,0.0005469457246363163,0.28740283846855164,0.20400391519069672,0.0002222222222222222,0.5886789999203756,0.0065330000361427665,51.82462460035458,4.343823000090197,0.2604998992756009,0.05477480008266866,56.43548049975652,58.766634702682495,10240,174.24853493495314,181.44613830379592
