{
  "checkpoint": "../AdaGN-patch-500ep/epoch_0100.pt",
  "timestamp": "2026-02-01 02:06:54",
  "matrix_breakdown": {
    "monet": {
      "monet": {
        "count": 30,
        "clip_style": 0.7055989583333333,
        "style_lpips": 0.705078125,
        "content_lpips": 0.5005208333333333,
        "clip_content": 0.7821119673333333
      },
      "photo": {
        "count": 30,
        "clip_style": 0.5583333333333333,
        "style_lpips": 0.7522135416666667,
        "content_lpips": 0.442317708,
        "clip_content": 0.856674891
      },
      "vangogh": {
        "count": 30,
        "clip_style": 0.6756510416666667,
        "style_lpips": 0.7458333333333333,
        "content_lpips": 0.5186197913333334,
        "clip_content": 0.7817376076666667
      },
      "cezanne": {
        "count": 30,
        "clip_style": 0.6483072916666667,
        "style_lpips": 0.7264322916666667,
        "content_lpips": 0.5319010416666666,
        "clip_content": 0.7667038093333335
      }
    },
    "photo": {
      "monet": {
        "count": 30,
        "clip_style": 0.585546875,
        "style_lpips": 0.729296875,
        "content_lpips": 0.4617838546666667,
        "clip_content": 0.7568911123333333
      },
      "photo": {
        "count": 30,
        "clip_style": 0.5979166666666667,
        "style_lpips": 0.7315104166666667,
        "content_lpips": 0.37799479233333333,
        "clip_content": 0.7967448443333333
      },
      "vangogh": {
        "count": 30,
        "clip_style": 0.5944010416666666,
        "style_lpips": 0.7641927083333333,
        "content_lpips": 0.5042968746666666,
        "clip_content": 0.7370902953333331
      },
      "cezanne": {
        "count": 30,
        "clip_style": 0.5538411458333333,
        "style_lpips": 0.73515625,
        "content_lpips": 0.5012369796666667,
        "clip_content": 0.7254708253333333
      }
    },
    "vangogh": {
      "monet": {
        "count": 30,
        "clip_style": 0.6717447916666667,
        "style_lpips": 0.7235677083333333,
        "content_lpips": 0.5295572916666667,
        "clip_content": 0.7719739466666665
      },
      "photo": {
        "count": 30,
        "clip_style": 0.5328125,
        "style_lpips": 0.7865885416666667,
        "content_lpips": 0.44238281300000004,
        "clip_content": 0.8324547066666667
      },
      "vangogh": {
        "count": 30,
        "clip_style": 0.6829427083333334,
        "style_lpips": 0.7325520833333333,
        "content_lpips": 0.50859375,
        "clip_content": 0.787066515
      },
      "cezanne": {
        "count": 30,
        "clip_style": 0.6576822916666667,
        "style_lpips": 0.731640625,
        "content_lpips": 0.5352864583333333,
        "clip_content": 0.772116564
      }
    },
    "cezanne": {
      "monet": {
        "count": 30,
        "clip_style": 0.666796875,
        "style_lpips": 0.7151041666666667,
        "content_lpips": 0.49433593766666667,
        "clip_content": 0.7615926040000001
      },
      "photo": {
        "count": 30,
        "clip_style": 0.5262369791666667,
        "style_lpips": 0.7532552083333334,
        "content_lpips": 0.47330729200000005,
        "clip_content": 0.8113314603333334
      },
      "vangogh": {
        "count": 30,
        "clip_style": 0.6575520833333334,
        "style_lpips": 0.740625,
        "content_lpips": 0.49173177,
        "clip_content": 0.7590558040000002
      },
      "cezanne": {
        "count": 30,
        "clip_style": 0.6451822916666666,
        "style_lpips": 0.7153645833333333,
        "content_lpips": 0.5067057293333334,
        "clip_content": 0.7244524146666668
      }
    }
  },
  "analysis": {
    "style_transfer_ability": {
      "clip_style": 0.6107421875,
      "content_lpips": 0.4938964843888889
    },
    "photo_to_art_performance": {
      "clip_style": 0.5779296875000001,
      "valid": true
    }
  }
}