{
  "checkpoint": "/mnt/g/GitHub/Latent_Style/Cycle-NCE/style_ablation-50/loss_no_cycle/epoch_0050.pt",
  "timestamp": "2026-02-14 17:39:57",
  "matrix_breakdown": {
    "photo": {
      "photo": {
        "count": 50,
        "clip_style": 0.6353186011314392,
        "style_lpips": 0.7360801756381988,
        "content_lpips": 0.4241560998,
        "clip_content": 0.8140897827999999,
        "classifier_acc": 0.92
      },
      "Hayao": {
        "count": 50,
        "clip_style": 0.5432441306114196,
        "style_lpips": 0.7358487510681152,
        "content_lpips": 0.47847657,
        "clip_content": 0.7581462514,
        "classifier_acc": 0.16
      }
    },
    "Hayao": {
      "photo": {
        "count": 50,
        "clip_style": 0.45481463968753816,
        "style_lpips": 0.7650731348991394,
        "content_lpips": 0.369783112,
        "clip_content": 0.8507954388000001,
        "classifier_acc": 0.08
      },
      "Hayao": {
        "count": 50,
        "clip_style": 0.7042029786109925,
        "style_lpips": 0.711364494562149,
        "content_lpips": 0.3113366924,
        "clip_content": 0.8719002634,
        "classifier_acc": 0.92
      }
    }
  },
  "analysis": {
    "style_transfer_ability": {
      "clip_style": 0.4990293851494789,
      "content_lpips": 0.424129841,
      "classifier_acc": 0.12
    },
    "photo_to_art_performance": {
      "clip_style": 0.5432441306114196,
      "valid": true,
      "classifier_acc": 0.16
    }
  },
  "classification_report": {
    "Hayao": {
      "precision": 0.5192307692307693,
      "recall": 0.54,
      "f1-score": 0.5294117647058824,
      "support": 100.0
    },
    "photo": {
      "precision": 0.5208333333333334,
      "recall": 0.5,
      "f1-score": 0.5102040816326531,
      "support": 100.0
    },
    "accuracy": 0.52,
    "macro avg": {
      "precision": 0.5200320512820513,
      "recall": 0.52,
      "f1-score": 0.5198079231692677,
      "support": 200.0
    },
    "weighted avg": {
      "precision": 0.5200320512820513,
      "recall": 0.52,
      "f1-score": 0.5198079231692677,
      "support": 200.0
    }
  },
  "detailed_style_metrics": {
    "Hayao": {
      "precision": 0.5192307692307693,
      "recall": 0.54,
      "f1_score": 0.5294117647058824,
      "support": 100
    },
    "photo": {
      "precision": 0.5208333333333334,
      "recall": 0.5,
      "f1_score": 0.5102040816326531,
      "support": 100
    }
  }
}