experiment_id,epoch,epoch_num,skip_routing_mode,skip_fusion_mode,semantic_attn_temperature,style_attn_temperature,base_dim,num_res_blocks,w_kinetic,w_cycle,terminal_swd_weight,w_color,w_low_freq,w_repulsive,w_nce,low_freq_kernel_size,swd_use_high_freq,swd_patch_sizes,swd_num_projections,semantic_swd_num_projections,batch_size,learning_rate,num_epochs,save_interval,virtual_length_multiplier,clip_style,clip_content,content_lpips,one_minus_content_lpips,all_clip_style,all_clip_content,all_content_lpips,one_minus_all_content_lpips,transfer_clip_style,transfer_clip_content,transfer_content_lpips,one_minus_transfer_content_lpips,clip_style_photo_to_art,clip_content_photo_to_art,content_lpips_photo_to_art,delta_lpips_1_to_3,cmmd_all,dino_structure_all,gram_micro_all,gram_macro_all,cmmd_transfer,dino_structure_transfer,gram_micro_transfer,gram_macro_transfer,cmmd_photo_to_art,dino_structure_photo_to_art,gram_micro_photo_to_art,gram_macro_photo_to_art,status,returncode,summary_exists
E001,epoch_0001,1,normalized,add_proj,0.12,0.08,64,4,2.0,0.5,10.0,0.0,0.0,0.0,0.0,7,False,3|5|7|15,64,64,32,0.0002,8,1,1.0,0.6926341841220855,0.8887192863200001,0.35536054904,0.64463945096,0.6926341841220855,0.8887192863200001,0.35536054904,0.64463945096,0.6590195403496424,0.8848699013833332,0.3644919322333333,0.6355080677666667,0.6276853375136853,0.8567055768333333,0.3846659994166667,0.004740636759999972,,,,,,,,,,,,,ok,0,True
E001,epoch_0002,2,normalized,add_proj,0.12,0.08,64,4,2.0,0.5,10.0,0.0,0.0,0.0,0.0,7,False,3|5|7|15,64,64,32,0.0002,8,1,1.0,0.6939006962378821,0.8868694336,0.35790317742666666,0.6420968225733333,0.6939006962378821,0.8868694336,0.35790317742666666,0.6420968225733333,0.6603930515547594,0.8823637176833332,0.3676467942,0.6323532058,0.627273760487636,0.8587001323333332,0.389343952,0.004740636759999972,,,,,,,,,,,,,ok,0,True
E001,epoch_0003,3,normalized,add_proj,0.12,0.08,64,4,2.0,0.5,10.0,0.0,0.0,0.0,0.0,7,False,3|5|7|15,64,64,32,0.0002,8,1,1.0,0.6954550660451254,0.8851956610799999,0.36010118579999995,0.6398988142,0.6954550660451254,0.8851956610799999,0.36010118579999995,0.6398988142,0.6623349708318711,0.88053577225,0.37005349964999995,0.62994650035,0.6292205323775609,0.8578413083333334,0.39436777525,0.004740636759999972,,,,,,,,,,,,,ok,0,True
E001,epoch_0004,4,normalized,add_proj,0.12,0.08,64,4,2.0,0.5,10.0,0.0,0.0,0.0,0.0,7,False,3|5|7|15,64,64,32,0.0002,8,1,1.0,0.6957050650517147,0.8830339109466668,0.36075841223999994,0.6392415877600001,0.6957050650517147,0.8830339109466668,0.36075841223999994,0.6392415877600001,0.6627561179300148,0.8783450906000001,0.3705854482666666,0.6294145517333334,0.6293264210224152,0.8553801095,0.39218949916666673,0.004740636759999972,,,,,,,,,,,,,ok,0,True
E001,epoch_0005,5,normalized,add_proj,0.12,0.08,64,4,2.0,0.5,10.0,0.0,0.0,0.0,0.0,7,False,3|5|7|15,64,64,32,0.0002,8,1,1.0,0.6955766874949137,0.8812272501866666,0.36202751672000005,0.63797248328,0.6955766874949137,0.8812272501866666,0.36202751672000005,0.63797248328,0.6626695424318314,0.8763405294833335,0.3716128761666667,0.6283871238333333,0.6297930106520653,0.851634808,0.3884352324166667,0.004740636759999972,,,,,,,,,,,,,ok,0,True
E001,epoch_0006,6,normalized,add_proj,0.12,0.08,64,4,2.0,0.5,10.0,0.0,0.0,0.0,0.0,7,False,3|5|7|15,64,64,32,0.0002,8,1,1.0,0.6956749472220739,0.8788711002666666,0.36407282313333333,0.6359271768666667,0.6956749472220739,0.8788711002666666,0.36407282313333333,0.6359271768666667,0.6629386517902216,0.8738880878333333,0.37353659829999997,0.6264634017,0.6310830441613992,0.8492199769166666,0.3887654878333334,0.004740636759999972,,,,,,,,,,,,,ok,0,True
E001,epoch_0007,7,normalized,add_proj,0.12,0.08,64,4,2.0,0.5,10.0,0.0,0.0,0.0,0.0,7,False,3|5|7|15,64,64,32,0.0002,8,1,1.0,0.6953819921811422,0.87879453712,0.3653387394666667,0.6346612605333333,0.6953819921811422,0.87879453712,0.3653387394666667,0.6346612605333333,0.6625253714124362,0.8738495706166667,0.3748771323166667,0.6251228676833334,0.6294807200630506,0.84936557475,0.38706622500000004,0.004740636759999972,,,,,,,,,,,,,ok,0,True
E001,epoch_0008,8,normalized,add_proj,0.12,0.08,64,4,2.0,0.5,10.0,0.0,0.0,0.0,0.0,7,False,3|5|7|15,64,64,32,0.0002,8,1,1.0,0.6944602833191554,0.8804775778533334,0.36480288853333326,0.6351971114666668,0.6944602833191554,0.8804775778533334,0.36480288853333326,0.6351971114666668,0.6612473155558108,0.8754321577333333,0.37439880706666656,0.6256011929333334,0.627173121025165,0.8520383090833333,0.3811517903333333,0.004740636759999972,,,,,,,,,,,,,ok,0,True
E002,epoch_0001,1,normalized,add_proj,0.12,0.08,64,4,2.0,0.5,12.5,0.0,0.0,0.0,0.0,7,False,3|5|7|15,64,64,32,0.0002,8,1,1.0,0.6945621633927027,0.8840052765333334,0.36235312897333327,0.6376468710266667,0.6945621633927027,0.8840052765333334,0.36235312897333327,0.6376468710266667,0.6613251984616121,0.8794915614166665,0.37170499116666667,0.6282950088333333,0.6311567261815071,0.8494155184166666,0.3925186724166667,0.00781823434666673,,,,,,,,,,,,,ok,0,True
E002,epoch_0002,2,normalized,add_proj,0.12,0.08,64,4,2.0,0.5,12.5,0.0,0.0,0.0,0.0,7,False,3|5|7|15,64,64,32,0.0002,8,1,1.0,0.6954387443463007,0.8826295997066667,0.36528054290666667,0.6347194570933333,0.6954387443463007,0.8826295997066667,0.36528054290666667,0.6347194570933333,0.6622559455533823,0.8779912469,0.3748951796,0.6251048204,0.6301058453818162,0.8528900255833334,0.3992353106666666,0.00781823434666673,,,,,,,,,,,,,ok,0,True
E002,epoch_0003,3,normalized,add_proj,0.12,0.08,64,4,2.0,0.5,12.5,0.0,0.0,0.0,0.0,7,False,3|5|7|15,64,64,32,0.0002,8,1,1.0,0.6965430256525675,0.87928273536,0.37017136332,0.62982863668,0.6965430256525675,0.87928273536,0.37017136332,0.62982863668,0.6639428838094077,0.8743990161666668,0.38030837841666665,0.6196916215833334,0.6329674512147903,0.8504462351666666,0.4055511079166666,0.00781823434666673,,,,,,,,,,,,,ok,0,True
E002,epoch_0004,4,normalized,add_proj,0.12,0.08,64,4,2.0,0.5,12.5,0.0,0.0,0.0,0.0,7,False,3|5|7|15,64,64,32,0.0002,8,1,1.0,0.6976934065818786,0.8766910537866667,0.37334642628,0.6266535737200001,0.6976934065818786,0.8766910537866667,0.37334642628,0.6266535737200001,0.6652913644909859,0.8716020178833335,0.3833988930166667,0.6166011069833333,0.63666889021794,0.8454461983333333,0.41071685300000005,0.00781823434666673,,,,,,,,,,,,,ok,0,True
E002,epoch_0005,5,normalized,add_proj,0.12,0.08,64,4,2.0,0.5,12.5,0.0,0.0,0.0,0.0,7,False,3|5|7|15,64,64,32,0.0002,8,1,1.0,0.6973983384370804,0.8743296794266666,0.37434086245333326,0.6256591375466667,0.6973983384370804,0.8743296794266666,0.37434086245333326,0.6256591375466667,0.6650866765280564,0.8691760306666667,0.3841658109,0.6158341891,0.6377066714068254,0.8439822692500001,0.4071458065,0.00781823434666673,,,,,,,,,,,,,ok,0,True
E002,epoch_0006,6,normalized,add_proj,0.12,0.08,64,4,2.0,0.5,12.5,0.0,0.0,0.0,0.0,7,False,3|5|7|15,64,64,32,0.0002,8,1,1.0,0.6977147604624432,0.8717628328799999,0.3758259805733333,0.6241740194266667,0.6977147604624432,0.8717628328799999,0.3758259805733333,0.6241740194266667,0.6656211470564207,0.8664206466166668,0.3857459819166667,0.6142540180833334,0.6373473418255647,0.8418972585833334,0.40364559925000004,0.00781823434666673,,,,,,,,,,,,,ok,0,True
E002,epoch_0007,7,normalized,add_proj,0.12,0.08,64,4,2.0,0.5,12.5,0.0,0.0,0.0,0.0,7,False,3|5|7|15,64,64,32,0.0002,8,1,1.0,0.6976966413656871,0.8716765277333333,0.37718978716,0.6228102128399999,0.6976966413656871,0.8716765277333333,0.37718978716,0.6228102128399999,0.6654456472396849,0.8663652498833334,0.3872600629833334,0.6127399370166666,0.6376767203211784,0.84175100525,0.403115119,0.00781823434666673,,,,,,,,,,,,,ok,0,True
E002,epoch_0008,8,normalized,add_proj,0.12,0.08,64,4,2.0,0.5,12.5,0.0,0.0,0.0,0.0,7,False,3|5|7|15,64,64,32,0.0002,8,1,1.0,0.6966702275276184,0.8731461265066666,0.37602588952,0.6239741104800001,0.6966702275276184,0.8731461265066666,0.37602588952,0.6239741104800001,0.6641105458140373,0.8679207269999999,0.38611046991666664,0.6138895300833334,0.6351155524452528,0.8439870980000002,0.39626839399999997,0.00781823434666673,,,,,,,,,,,,,ok,0,True
E003,epoch_0001,1,normalized,add_proj,0.12,0.08,64,4,2.0,0.5,15.0,0.0,0.0,0.0,0.0,7,False,3|5|7|15,64,64,32,0.0002,8,1,1.0,0.6960824354489644,0.87878688572,0.36979761654666676,0.6302023834533332,0.6960824354489644,0.87878688572,0.36979761654666676,0.6302023834533332,0.6633886936306952,0.8740292162333334,0.37915267651666673,0.6208473234833333,0.6358523763716222,0.8411920319999999,0.402416233,0.007971385653333163,,,,,,,,,,,,,ok,0,True
E003,epoch_0002,2,normalized,add_proj,0.12,0.08,64,4,2.0,0.5,15.0,0.0,0.0,0.0,0.0,7,False,3|5|7|15,64,64,32,0.0002,8,1,1.0,0.6970132543643315,0.8772639867866667,0.37411683611999996,0.62588316388,0.6970132543643315,0.8772639867866667,0.37411683611999996,0.62588316388,0.664383858392636,0.8724897990333333,0.38374419785,0.61625580215,0.6366167689363162,0.8435048439166666,0.41257665849999997,0.007971385653333163,,,,,,,,,,,,,ok,0,True
E003,epoch_0003,3,normalized,add_proj,0.12,0.08,64,4,2.0,0.5,15.0,0.0,0.0,0.0,0.0,7,False,3|5|7|15,64,64,32,0.0002,8,1,1.0,0.6985311297972997,0.8736818060533333,0.3777690021999999,0.6222309978,0.6985311297972997,0.8736818060533333,0.3777690021999999,0.6222309978,0.6663990524907908,0.8686033634166668,0.3875144462666667,0.6124855537333334,0.6386531330645084,0.8410206166666666,0.41774512433333333,0.007971385653333163,,,,,,,,,,,,,ok,0,True
E003,epoch_0004,4,normalized,add_proj,0.12,0.08,64,4,2.0,0.5,15.0,0.0,0.0,0.0,0.0,7,False,3|5|7|15,64,64,32,0.0002,8,1,1.0,0.6990735548337301,0.8711781302666668,0.3807323000533333,0.6192676999466666,0.6990735548337301,0.8711781302666668,0.3807323000533333,0.6192676999466666,0.6672127396861712,0.8660696401499999,0.3905109570833333,0.6094890429166667,0.6405047843853633,0.8388654498333334,0.4195704104166667,0.007971385653333163,,,,,,,,,,,,,ok,0,True
E003,epoch_0005,5,normalized,add_proj,0.12,0.08,64,4,2.0,0.5,15.0,0.0,0.0,0.0,0.0,7,False,3|5|7|15,64,64,32,0.0002,8,1,1.0,0.6992776932319006,0.8691349492666666,0.3810251853333334,0.6189748146666666,0.6992776932319006,0.8691349492666666,0.3810251853333334,0.6189748146666666,0.6675450117886068,0.8639508743333334,0.39067412971666665,0.6093258702833333,0.6400236239035925,0.838979857,0.414538472,0.007971385653333163,,,,,,,,,,,,,ok,0,True
E003,epoch_0006,6,normalized,add_proj,0.12,0.08,64,4,2.0,0.5,15.0,0.0,0.0,0.0,0.0,7,False,3|5|7|15,64,64,32,0.0002,8,1,1.0,0.6991999480724336,0.8668755383600001,0.3820407577733333,0.6179592422266666,0.6991999480724336,0.8668755383600001,0.3820407577733333,0.6179592422266666,0.6675361133615175,0.8614589424999999,0.39176497713333325,0.6082350228666668,0.6398322882751624,0.83832534675,0.4110201366666667,0.007971385653333163,,,,,,,,,,,,,ok,0,True
E003,epoch_0007,7,normalized,add_proj,0.12,0.08,64,4,2.0,0.5,15.0,0.0,0.0,0.0,0.0,7,False,3|5|7|15,64,64,32,0.0002,8,1,1.0,0.6995750759442647,0.86583070004,0.3838896102,0.6161103898,0.6995750759442647,0.86583070004,0.3838896102,0.6161103898,0.6678697405258814,0.8601226072333334,0.3938641998,0.6061358002,0.6403694175183773,0.8364419765,0.41047881383333334,0.007971385653333163,,,,,,,,,,,,,ok,0,True
E003,epoch_0008,8,normalized,add_proj,0.12,0.08,64,4,2.0,0.5,15.0,0.0,0.0,0.0,0.0,7,False,3|5|7|15,64,64,32,0.0002,8,1,1.0,0.6989344284534456,0.8670765965333334,0.38283603668,0.61716396332,0.6989344284534456,0.8670765965333334,0.38283603668,0.61716396332,0.6670025210579237,0.8614475690833332,0.3929298044833333,0.6070701955166666,0.6382260245581468,0.8381292199166667,0.4042884881666666,0.007971385653333163,,,,,,,,,,,,,ok,0,True
E004,epoch_0001,1,normalized,add_proj,0.12,0.08,64,4,2.0,1.0,10.0,0.0,0.0,0.0,0.0,7,False,3|5|7|15,64,64,32,0.0002,8,1,1.0,0.6897604650259018,0.8923004137733334,0.3473221315866666,0.6526778684133334,0.6897604650259018,0.8923004137733334,0.3473221315866666,0.6526778684133334,0.6556087984144686,0.8887458576666667,0.3561866919,0.6438133080999999,0.6207928344607354,0.8660064393333333,0.3668864513333333,0.006650893986666795,,,,,,,,,,,,,ok,0,True
E004,epoch_0002,2,normalized,add_proj,0.12,0.08,64,4,2.0,1.0,10.0,0.0,0.0,0.0,0.0,7,False,3|5|7|15,64,64,32,0.0002,8,1,1.0,0.6919654168685279,0.8900313326266667,0.3522134522533332,0.6477865477466668,0.6919654168685279,0.8900313326266667,0.3522134522533332,0.6477865477466668,0.6582479055225848,0.8859116480000001,0.36241732098333335,0.6375826790166667,0.6229431293904781,0.8671594485833334,0.37582485941666666,0.006650893986666795,,,,,,,,,,,,,ok,0,True
E004,epoch_0003,3,normalized,add_proj,0.12,0.08,64,4,2.0,1.0,10.0,0.0,0.0,0.0,0.0,7,False,3|5|7|15,64,64,32,0.0002,8,1,1.0,0.6933049372434616,0.8886433990399999,0.3539730255733334,0.6460269744266667,0.6933049372434616,0.8886433990399999,0.3539730255733334,0.6460269744266667,0.6600277578334015,0.8844668930833335,0.3643025823833334,0.6356974176166665,0.6238865735630194,0.8656611147500001,0.38296321308333336,0.006650893986666795,,,,,,,,,,,,,ok,0,True
E004,epoch_0004,4,normalized,add_proj,0.12,0.08,64,4,2.0,1.0,10.0,0.0,0.0,0.0,0.0,7,False,3|5|7|15,64,64,32,0.0002,8,1,1.0,0.6939519103765488,0.8880837924933332,0.3544495227066667,0.6455504772933334,0.6939519103765488,0.8880837924933332,0.3544495227066667,0.6455504772933334,0.6606369427343209,0.8836956351000002,0.3646923716,0.6353076284,0.6247112892568112,0.86421049025,0.38395249858333336,0.006650893986666795,,,,,,,,,,,,,ok,0,True
E004,epoch_0005,5,normalized,add_proj,0.12,0.08,64,4,2.0,1.0,10.0,0.0,0.0,0.0,0.0,7,False,3|5|7|15,64,64,32,0.0002,8,1,1.0,0.6941884107589722,0.8869632833733333,0.3554017990933333,0.6445982009066666,0.6941884107589722,0.8869632833733333,0.3554017990933333,0.6445982009066666,0.6608444152275721,0.8824073377999999,0.36528848606666664,0.6347115139333334,0.6244712171455225,0.8632903727500001,0.3810908595,0.006650893986666795,,,,,,,,,,,,,ok,0,True
E004,epoch_0006,6,normalized,add_proj,0.12,0.08,64,4,2.0,1.0,10.0,0.0,0.0,0.0,0.0,7,False,3|5|7|15,64,64,32,0.0002,8,1,1.0,0.6940522257089614,0.8841888406666666,0.35709380696,0.64290619304,0.6940522257089614,0.8841888406666666,0.35709380696,0.64290619304,0.6609652387599151,0.8793805875,0.3668915262333333,0.6331084737666667,0.6259223138292631,0.8592666561666665,0.3800153635833333,0.006650893986666795,,,,,,,,,,,,,ok,0,True
E004,epoch_0007,7,normalized,add_proj,0.12,0.08,64,4,2.0,1.0,10.0,0.0,0.0,0.0,0.0,7,False,3|5|7|15,64,64,32,0.0002,8,1,1.0,0.6946505835056304,0.8825676301466666,0.3595249087066667,0.6404750912933332,0.6946505835056304,0.8825676301466666,0.3595249087066667,0.6404750912933332,0.6615431780616442,0.8776211789833332,0.36948817171666665,0.6305118282833333,0.6267391967276732,0.8568803105,0.3835939711666667,0.006650893986666795,,,,,,,,,,,,,ok,0,True
E004,epoch_0008,8,normalized,add_proj,0.12,0.08,64,4,2.0,1.0,10.0,0.0,0.0,0.0,0.0,7,False,3|5|7|15,64,64,32,0.0002,8,1,1.0,0.6933517204523086,0.8853377078266667,0.3569774243733333,0.6430225756266668,0.6933517204523086,0.8853377078266667,0.3569774243733333,0.6430225756266668,0.6598239457110564,0.8805819131833333,0.36676935891666673,0.6332306410833333,0.6238294328252475,0.8607782944166668,0.374536836,0.006650893986666795,,,,,,,,,,,,,ok,0,True
E005,epoch_0001,1,normalized,add_proj,0.12,0.08,64,4,2.0,1.0,12.5,0.0,0.0,0.0,0.0,7,False,3|5|7|15,64,64,32,0.0002,8,1,1.0,0.6928639390468596,0.8877458862666667,0.3569103607466667,0.6430896392533333,0.6928639390468596,0.8877458862666667,0.3569103607466667,0.6430896392533333,0.6593936249613763,0.8836034332666667,0.36628740753333333,0.6337125924666667,0.6269845356543859,0.8572046882500001,0.38468403375,0.005863198586666618,,,,,,,,,,,,,ok,0,True
E005,epoch_0002,2,normalized,add_proj,0.12,0.08,64,4,2.0,1.0,12.5,0.0,0.0,0.0,0.0,7,False,3|5|7|15,64,64,32,0.0002,8,1,1.0,0.6947504418691,0.8858395191466667,0.36121473576,0.63878526424,0.6947504418691,0.8858395191466667,0.36121473576,0.63878526424,0.6614973305662473,0.8813208234166666,0.37144029264999995,0.62855970735,0.6275500863790512,0.8595614645833332,0.3910507769166667,0.005863198586666618,,,,,,,,,,,,,ok,0,True
E005,epoch_0003,3,normalized,add_proj,0.12,0.08,64,4,2.0,1.0,12.5,0.0,0.0,0.0,0.0,7,False,3|5|7|15,64,64,32,0.0002,8,1,1.0,0.6953990503549576,0.8841355507466667,0.36277355933333333,0.6372264406666667,0.6953990503549576,0.8841355507466667,0.36277355933333333,0.6372264406666667,0.6624832643568516,0.8794475813166669,0.37330977258333337,0.6266902274166666,0.6288291566073894,0.858803996,0.3975654233333334,0.005863198586666618,,,,,,,,,,,,,ok,0,True
E005,epoch_0004,4,normalized,add_proj,0.12,0.08,64,4,2.0,1.0,12.5,0.0,0.0,0.0,0.0,7,False,3|5|7|15,64,64,32,0.0002,8,1,1.0,0.6965188546180727,0.8817613986666666,0.3665204827333334,0.6334795172666666,0.6965188546180727,0.8817613986666666,0.3665204827333334,0.6334795172666666,0.6638651448488235,0.8769674477833334,0.37702430458333336,0.6229756954166666,0.631359526515007,0.85479379925,0.40362809675000005,0.005863198586666618,,,,,,,,,,,,,ok,0,True
E005,epoch_0005,5,normalized,add_proj,0.12,0.08,64,4,2.0,1.0,12.5,0.0,0.0,0.0,0.0,7,False,3|5|7|15,64,64,32,0.0002,8,1,1.0,0.696530091961225,0.8797815099199999,0.36690483912,0.63309516088,0.696530091961225,0.8797815099199999,0.36690483912,0.63309516088,0.6640540338059266,0.8749305808666665,0.37709793989999996,0.6229020601,0.6318549955884616,0.8532091993333334,0.3989533580833333,0.005863198586666618,,,,,,,,,,,,,ok,0,True
E005,epoch_0006,6,normalized,add_proj,0.12,0.08,64,4,2.0,1.0,12.5,0.0,0.0,0.0,0.0,7,False,3|5|7|15,64,64,32,0.0002,8,1,1.0,0.6972491034269334,0.8761405487733334,0.37014221903999994,0.6298577809600001,0.6972491034269334,0.8761405487733334,0.37014221903999994,0.6298577809600001,0.6650724660853545,0.87092710765,0.3803351864833333,0.6196648135166667,0.6341206520795822,0.8484115817500001,0.39878716233333333,0.005863198586666618,,,,,,,,,,,,,ok,0,True
E005,epoch_0007,7,normalized,add_proj,0.12,0.08,64,4,2.0,1.0,12.5,0.0,0.0,0.0,0.0,7,False,3|5|7|15,64,64,32,0.0002,8,1,1.0,0.6974374307394028,0.8753431604533333,0.37156094969333336,0.6284390503066666,0.6974374307394028,0.8753431604533333,0.37156094969333336,0.6284390503066666,0.6652146015067896,0.8702708281666667,0.38175970030000006,0.6182402996999999,0.6351115942001343,0.8466710465833333,0.3990443233333334,0.005863198586666618,,,,,,,,,,,,,ok,0,True
E005,epoch_0008,8,normalized,add_proj,0.12,0.08,64,4,2.0,1.0,12.5,0.0,0.0,0.0,0.0,7,False,3|5|7|15,64,64,32,0.0002,8,1,1.0,0.6964275718132654,0.8770201626799999,0.37105800732,0.62894199268,0.6964275718132654,0.8770201626799999,0.37105800732,0.62894199268,0.6638079564273357,0.8719029704666668,0.3812622,0.6187378,0.632205879688263,0.8504442174166668,0.3923903267500001,0.005863198586666618,,,,,,,,,,,,,ok,0,True
E006,epoch_0001,1,normalized,add_proj,0.12,0.08,64,4,2.0,1.0,15.0,0.0,0.0,0.0,0.0,7,False,3|5|7|15,64,64,32,0.0002,8,1,1.0,0.6940734929243724,0.8840916052266665,0.36233166870666667,0.6376683312933333,0.6940734929243724,0.8840916052266665,0.36233166870666667,0.6376683312933333,0.6609804732600848,0.8796929370333333,0.3718217173500001,0.62817828265,0.6298957640926044,0.8516431921666667,0.39064881208333335,0.00864551717333334,,,,,,,,,,,,,ok,0,True
E006,epoch_0002,2,normalized,add_proj,0.12,0.08,64,4,2.0,1.0,15.0,0.0,0.0,0.0,0.0,7,False,3|5|7|15,64,64,32,0.0002,8,1,1.0,0.6951867870489755,0.8822339125466668,0.36594314387999993,0.6340568561200001,0.6951867870489755,0.8822339125466668,0.36594314387999993,0.6340568561200001,0.6621440192063651,0.8774545642333333,0.37607711699999996,0.6239228830000001,0.6301891709367434,0.8544210980833332,0.3988232964999999,0.00864551717333334,,,,,,,,,,,,,ok,0,True
E006,epoch_0003,3,normalized,add_proj,0.12,0.08,64,4,2.0,1.0,15.0,0.0,0.0,0.0,0.0,7,False,3|5|7|15,64,64,32,0.0002,8,1,1.0,0.6966906307538351,0.8796320702399999,0.37097718588,0.62902281412,0.6966906307538351,0.8796320702399999,0.37097718588,0.62902281412,0.664038816690445,0.8748210962499998,0.38131459231666665,0.6186854076833334,0.6330152722696463,0.8528534301666666,0.4087425308333334,0.00864551717333334,,,,,,,,,,,,,ok,0,True
E006,epoch_0004,4,normalized,add_proj,0.12,0.08,64,4,2.0,1.0,15.0,0.0,0.0,0.0,0.0,7,False,3|5|7|15,64,64,32,0.0002,8,1,1.0,0.6979632822275161,0.8769676371866667,0.37444585589333335,0.6255541441066667,0.6979632822275161,0.8769676371866667,0.37444585589333335,0.6255541441066667,0.6656377073625724,0.8720666502166668,0.3847143280833333,0.6152856719166667,0.6360504689315954,0.8482737165833334,0.41555381399999997,0.00864551717333334,,,,,,,,,,,,,ok,0,True
E006,epoch_0005,5,normalized,add_proj,0.12,0.08,64,4,2.0,1.0,15.0,0.0,0.0,0.0,0.0,7,False,3|5|7|15,64,64,32,0.0002,8,1,1.0,0.6976403030554456,0.8746163298933333,0.3748226057599999,0.6251773942400001,0.6976403030554456,0.8746163298933333,0.3748226057599999,0.6251773942400001,0.6652814853191376,0.8694801358833333,0.3849362052666666,0.6150637947333334,0.6364007065693538,0.8446156364166667,0.4104149100833333,0.00864551717333334,,,,,,,,,,,,,ok,0,True
E006,epoch_0006,6,normalized,add_proj,0.12,0.08,64,4,2.0,1.0,15.0,0.0,0.0,0.0,0.0,7,False,3|5|7|15,64,64,32,0.0002,8,1,1.0,0.6983160318930944,0.8715052632533333,0.37612707140000007,0.6238729286,0.6983160318930944,0.8715052632533333,0.37612707140000007,0.6238729286,0.666264457354943,0.86622430445,0.3861679809333333,0.6138320190666666,0.6376476377248763,0.8413512898333334,0.40775215249999996,0.00864551717333334,,,,,,,,,,,,,ok,0,True
E006,epoch_0007,7,normalized,add_proj,0.12,0.08,64,4,2.0,1.0,15.0,0.0,0.0,0.0,0.0,7,False,3|5|7|15,64,64,32,0.0002,8,1,1.0,0.6986669756571452,0.8709480240533334,0.3775457895333333,0.6224542104666667,0.6986669756571452,0.8709480240533334,0.3775457895333333,0.6224542104666667,0.6665988627076149,0.8657171980833333,0.3876889100333334,0.6123110899666666,0.6384311586618424,0.8412227868333334,0.4070994235,0.00864551717333334,,,,,,,,,,,,,ok,0,True
E006,epoch_0008,8,normalized,add_proj,0.12,0.08,64,4,2.0,1.0,15.0,0.0,0.0,0.0,0.0,7,False,3|5|7|15,64,64,32,0.0002,8,1,1.0,0.6977504293123882,0.8725694649733333,0.3770896897066666,0.6229103102933333,0.6977504293123882,0.8725694649733333,0.3770896897066666,0.6229103102933333,0.6654201257228851,0.86725907725,0.38727183266666665,0.6127281673333334,0.6356190676490465,0.8443594575833333,0.4004654925,0.00864551717333334,,,,,,,,,,,,,ok,0,True
E007,epoch_0001,1,normalized,add_proj,0.12,0.08,64,4,2.0,1.5,10.0,0.0,0.0,0.0,0.0,7,False,3|5|7|15,64,64,32,0.0002,8,1,1.0,0.6885521805286408,0.89380939272,0.34630093736,0.65369906264,0.6885521805286408,0.89380939272,0.34630093736,0.65369906264,0.6542308527231218,0.8904829484833334,0.35528672201666667,0.6447132779833333,0.6177067582805951,0.8692748603333333,0.36424675108333326,0.0017480607466666132,,,,,,,,,,,,,ok,0,True
E007,epoch_0002,2,normalized,add_proj,0.12,0.08,64,4,2.0,1.5,10.0,0.0,0.0,0.0,0.0,7,False,3|5|7|15,64,64,32,0.0002,8,1,1.0,0.6904849069515865,0.89164159048,0.35056910773333333,0.6494308922666667,0.6904849069515865,0.89164159048,0.35056910773333333,0.6494308922666667,0.6566469250619412,0.8877039135,0.3609373725833334,0.6390626274166666,0.6195798282821973,0.8722294584166665,0.3695311921666667,0.0017480607466666132,,,,,,,,,,,,,ok,0,True
E007,epoch_0003,3,normalized,add_proj,0.12,0.08,64,4,2.0,1.5,10.0,0.0,0.0,0.0,0.0,7,False,3|5|7|15,64,64,32,0.0002,8,1,1.0,0.6912205860217412,0.8929897450533333,0.3480489981066666,0.6519510018933334,0.6912205860217412,0.8929897450533333,0.3480489981066666,0.6519510018933334,0.6572910812993843,0.8889764323,0.3584356797666667,0.6415643202333333,0.6191536563138167,0.8738044331666667,0.37167915241666666,0.0017480607466666132,,,,,,,,,,,,,ok,0,True
E007,epoch_0004,4,normalized,add_proj,0.12,0.08,64,4,2.0,1.5,10.0,0.0,0.0,0.0,0.0,7,False,3|5|7|15,64,64,32,0.0002,8,1,1.0,0.691169553319613,0.8928114486933333,0.34639477021333337,0.6536052297866666,0.691169553319613,0.8928114486933333,0.34639477021333337,0.6536052297866666,0.6572130068639914,0.8887627654333332,0.35652445555,0.64347554445,0.6182754004995028,0.8730491388333335,0.36906287341666666,0.0017480607466666132,,,,,,,,,,,,,ok,0,True
E007,epoch_0005,5,normalized,add_proj,0.12,0.08,64,4,2.0,1.5,10.0,0.0,0.0,0.0,0.0,7,False,3|5|7|15,64,64,32,0.0002,8,1,1.0,0.6916810967922211,0.8914433705200001,0.34889122464000005,0.65110877536,0.6916810967922211,0.8914433705200001,0.34889122464000005,0.65110877536,0.6578183737397193,0.8872756160833333,0.3586612596,0.6413387403999999,0.62016623194019,0.869766944,0.37102009700000005,0.0017480607466666132,,,,,,,,,,,,,ok,0,True
E007,epoch_0006,6,normalized,add_proj,0.12,0.08,64,4,2.0,1.5,10.0,0.0,0.0,0.0,0.0,7,False,3|5|7|15,64,64,32,0.0002,8,1,1.0,0.6919549041986466,0.8882127360933333,0.3521187601333333,0.6478812398666667,0.6919549041986466,0.8882127360933333,0.3521187601333333,0.6478812398666667,0.6584313389162222,0.8839168692833335,0.3618717300666666,0.6381282699333334,0.6217684494952361,0.865288872,0.37233455974999996,0.0017480607466666132,,,,,,,,,,,,,ok,0,True
E007,epoch_0007,7,normalized,add_proj,0.12,0.08,64,4,2.0,1.5,10.0,0.0,0.0,0.0,0.0,7,False,3|5|7|15,64,64,32,0.0002,8,1,1.0,0.6927727141777674,0.88621507548,0.3549142770266666,0.6450857229733333,0.6927727141777674,0.88621507548,0.3549142770266666,0.6450857229733333,0.6593735315899054,0.8818039136833333,0.36479215936666665,0.6352078406333334,0.6235031505425771,0.86227905775,0.3759561416666667,0.0017480607466666132,,,,,,,,,,,,,ok,0,True
E007,epoch_0008,8,normalized,add_proj,0.12,0.08,64,4,2.0,1.5,10.0,0.0,0.0,0.0,0.0,7,False,3|5|7|15,64,64,32,0.0002,8,1,1.0,0.6914442491531374,0.8880740465733332,0.3534825026666666,0.6465174973333334,0.6914442491531374,0.8880740465733332,0.3534825026666666,0.6465174973333334,0.6576768600940704,0.8838224446666667,0.3632683786833333,0.6367316213166667,0.6205746869246165,0.86606149175,0.36868893424999993,0.0017480607466666132,,,,,,,,,,,,,ok,0,True
E008,epoch_0001,1,normalized,add_proj,0.12,0.08,64,4,2.0,1.5,12.5,0.0,0.0,0.0,0.0,7,False,3|5|7|15,64,64,32,0.0002,8,1,1.0,0.6907747722069424,0.8909901214133332,0.3515894558933333,0.6484105441066668,0.6907747722069424,0.8909901214133332,0.3515894558933333,0.6484105441066668,0.6568443757792314,0.8872559618500002,0.3608381010666667,0.6391618989333333,0.6226091856757799,0.8640622275833333,0.37365761833333333,0.0051322389866666485,,,,,,,,,,,,,ok,0,True
E008,epoch_0002,2,normalized,add_proj,0.12,0.08,64,4,2.0,1.5,12.5,0.0,0.0,0.0,0.0,7,False,3|5|7|15,64,64,32,0.0002,8,1,1.0,0.6931860539913177,0.88885360228,0.35495122550666663,0.6450487744933333,0.6931860539913177,0.88885360228,0.35495122550666663,0.6450487744933333,0.6595881897211074,0.8844725587833333,0.36533117093333334,0.6346688290666667,0.624247583001852,0.8673888097499999,0.38028929491666663,0.0051322389866666485,,,,,,,,,,,,,ok,0,True
E008,epoch_0003,3,normalized,add_proj,0.12,0.08,64,4,2.0,1.5,12.5,0.0,0.0,0.0,0.0,7,False,3|5|7|15,64,64,32,0.0002,8,1,1.0,0.6939370222886403,0.8875758846266666,0.35672169487999994,0.6432783051200001,0.6939370222886403,0.8875758846266666,0.35672169487999994,0.6432783051200001,0.6607481551170349,0.8831891699666666,0.36720318396666674,0.6327968160333333,0.6254525894920031,0.86550343375,0.38642191991666663,0.0051322389866666485,,,,,,,,,,,,,ok,0,True
E008,epoch_0004,4,normalized,add_proj,0.12,0.08,64,4,2.0,1.5,12.5,0.0,0.0,0.0,0.0,7,False,3|5|7|15,64,64,32,0.0002,8,1,1.0,0.6952570657332738,0.8859030470266667,0.3590291364266667,0.6409708635733333,0.6952570657332738,0.8859030470266667,0.3590291364266667,0.6409708635733333,0.6622622409959634,0.8813589310000001,0.3694487232,0.6305512768,0.6279838254054387,0.8629622553333333,0.39141997900000003,0.0051322389866666485,,,,,,,,,,,,,ok,0,True
E008,epoch_0005,5,normalized,add_proj,0.12,0.08,64,4,2.0,1.5,12.5,0.0,0.0,0.0,0.0,7,False,3|5|7|15,64,64,32,0.0002,8,1,1.0,0.6953953226804732,0.8841579812,0.3609131757866667,0.6390868242133333,0.6953953226804732,0.8841579812,0.3609131757866667,0.6390868242133333,0.6625603706141312,0.8795552303833334,0.37092403806666663,0.6290759619333334,0.6288782042761644,0.86137082525,0.39028972358333336,0.0051322389866666485,,,,,,,,,,,,,ok,0,True
E008,epoch_0006,6,normalized,add_proj,0.12,0.08,64,4,2.0,1.5,12.5,0.0,0.0,0.0,0.0,7,False,3|5|7|15,64,64,32,0.0002,8,1,1.0,0.6956038474241893,0.88100165308,0.36298343194666666,0.6370165680533333,0.6956038474241893,0.88100165308,0.36298343194666666,0.6370165680533333,0.6629211670160295,0.8761515791833334,0.3729463291166667,0.6270536708833333,0.6303154821197192,0.8577264054166667,0.38912211816666664,0.0051322389866666485,,,,,,,,,,,,,ok,0,True
E008,epoch_0007,7,normalized,add_proj,0.12,0.08,64,4,2.0,1.5,12.5,0.0,0.0,0.0,0.0,7,False,3|5|7|15,64,64,32,0.0002,8,1,1.0,0.6955639946460724,0.8802141845199999,0.36410045284,0.63589954716,0.6955639946460724,0.8802141845199999,0.36410045284,0.63589954716,0.6628624789913495,0.8753708586666666,0.37430063086666665,0.6256993691333333,0.6308455223838487,0.8549359160000001,0.39040686441666667,0.0051322389866666485,,,,,,,,,,,,,ok,0,True
E008,epoch_0008,8,normalized,add_proj,0.12,0.08,64,4,2.0,1.5,12.5,0.0,0.0,0.0,0.0,7,False,3|5|7|15,64,64,32,0.0002,8,1,1.0,0.6942838505506517,0.8822287335466666,0.3628464695866667,0.6371535304133333,0.6942838505506517,0.8822287335466666,0.3628464695866667,0.6371535304133333,0.6611419933537643,0.8775151446166666,0.3730223031666666,0.6269776968333334,0.627298295746247,0.8596769225,0.3827033310000001,0.0051322389866666485,,,,,,,,,,,,,ok,0,True
E009,epoch_0001,1,normalized,add_proj,0.12,0.08,64,4,2.0,1.5,15.0,0.0,0.0,0.0,0.0,7,False,3|5|7|15,64,64,32,0.0002,8,1,1.0,0.6934591746330261,0.8865337309733333,0.36067363020000004,0.6393263698,0.6934591746330261,0.8865337309733333,0.36067363020000004,0.6393263698,0.6601050514976184,0.882194623,0.37036660936666665,0.6296333906333333,0.6281827032566071,0.8568120875,0.38734948016666665,0.002039021986666667,,,,,,,,,,,,,ok,0,True
E009,epoch_0002,2,normalized,add_proj,0.12,0.08,64,4,2.0,1.5,15.0,0.0,0.0,0.0,0.0,7,False,3|5|7|15,64,64,32,0.0002,8,1,1.0,0.6942707260449729,0.8856408961199999,0.36033208821333335,0.6396679117866666,0.6942707260449729,0.8856408961199999,0.36033208821333335,0.6396679117866666,0.6608453875780106,0.8808707153000002,0.37068630453333334,0.6293136954666667,0.6260443372031053,0.8612223300833335,0.38827692908333333,0.002039021986666667,,,,,,,,,,,,,ok,0,True
E009,epoch_0003,3,normalized,add_proj,0.12,0.08,64,4,2.0,1.5,15.0,0.0,0.0,0.0,0.0,7,False,3|5|7|15,64,64,32,0.0002,8,1,1.0,0.6951578164498011,0.88344381976,0.3627126521866667,0.6372873478133333,0.6951578164498011,0.88344381976,0.3627126521866667,0.6372873478133333,0.6620531598230203,0.8787224527666668,0.3733689489666667,0.6266310510333333,0.6274890887240568,0.8603313868333333,0.39493603575,0.002039021986666667,,,,,,,,,,,,,ok,0,True
E009,epoch_0004,4,normalized,add_proj,0.12,0.08,64,4,2.0,1.5,15.0,0.0,0.0,0.0,0.0,7,False,3|5|7|15,64,64,32,0.0002,8,1,1.0,0.6969894426663715,0.8803976562533333,0.36742992652,0.6325700734799999,0.6969894426663715,0.8803976562533333,0.36742992652,0.6325700734799999,0.6643870395421981,0.87554472785,0.37813876006666663,0.6218612399333334,0.6311779926220575,0.8555528513333334,0.4028705543333333,0.002039021986666667,,,,,,,,,,,,,ok,0,True
E009,epoch_0005,5,normalized,add_proj,0.12,0.08,64,4,2.0,1.5,15.0,0.0,0.0,0.0,0.0,7,False,3|5|7|15,64,64,32,0.0002,8,1,1.0,0.6977558796405792,0.8778493354933333,0.3700463032666667,0.6299536967333332,0.6977558796405792,0.8778493354933333,0.3700463032666667,0.6299536967333332,0.6653652833898862,0.8727157839166667,0.38057815943333334,0.6194218405666667,0.6331941902637482,0.8520007535,0.40381821041666666,0.002039021986666667,,,,,,,,,,,,,ok,0,True
E009,epoch_0006,6,normalized,add_proj,0.12,0.08,64,4,2.0,1.5,15.0,0.0,0.0,0.0,0.0,7,False,3|5|7|15,64,64,32,0.0002,8,1,1.0,0.6979657436609267,0.87355516584,0.3730701872933333,0.6269298127066667,0.6979657436609267,0.87355516584,0.3730701872933333,0.6269298127066667,0.6656935660541057,0.8681001788333333,0.38358750736666664,0.6164124926333334,0.6350454136729241,0.8468903066666666,0.40443296075,0.002039021986666667,,,,,,,,,,,,,ok,0,True
E009,epoch_0007,7,normalized,add_proj,0.12,0.08,64,4,2.0,1.5,15.0,0.0,0.0,0.0,0.0,7,False,3|5|7|15,64,64,32,0.0002,8,1,1.0,0.6983937684694926,0.87247506456,0.37480889841333337,0.6251911015866667,0.6983937684694926,0.87247506456,0.37480889841333337,0.6251911015866667,0.6662738278508186,0.8669869706,0.38546621125,0.61453378875,0.6355074678858121,0.8453630619166667,0.40408052858333343,0.002039021986666667,,,,,,,,,,,,,ok,0,True
E009,epoch_0008,8,normalized,add_proj,0.12,0.08,64,4,2.0,1.5,15.0,0.0,0.0,0.0,0.0,7,False,3|5|7|15,64,64,32,0.0002,8,1,1.0,0.6971187631289163,0.8744394692933334,0.3735449073866667,0.6264550926133333,0.6971187631289163,0.8744394692933334,0.3735449073866667,0.6264550926133333,0.6646176329255102,0.8692213051000002,0.38419260115000003,0.6158073988499999,0.6319834515452385,0.8491842152500001,0.396053513,0.002039021986666667,,,,,,,,,,,,,ok,0,True
E010,epoch_0001,1,normalized,add_proj,0.12,0.08,64,4,3.0,0.5,10.0,0.0,0.0,0.0,0.0,7,False,3|5|7|15,64,64,32,0.0002,8,1,1.0,0.6883394898573557,0.8948703853733333,0.3409223578933333,0.6590776421066666,0.6883394898573557,0.8948703853733333,0.3409223578933333,0.6590776421066666,0.6539068004488944,0.8917374499500003,0.3491593251166667,0.6508406748833333,0.6195585889120897,0.8675583444166667,0.36398302216666667,0.0024272759866666993,,,,,,,,,,,,,ok,0,True
E010,epoch_0002,2,normalized,add_proj,0.12,0.08,64,4,3.0,0.5,10.0,0.0,0.0,0.0,0.0,7,False,3|5|7|15,64,64,32,0.0002,8,1,1.0,0.6899875122308731,0.8933618801200001,0.3435864234666666,0.6564135765333334,0.6899875122308731,0.8933618801200001,0.3435864234666666,0.6564135765333334,0.655725596199433,0.8896371526500001,0.35279201778333336,0.6472079822166666,0.6217129771908123,0.8681789224166665,0.36931031016666666,0.0024272759866666993,,,,,,,,,,,,,ok,0,True
E010,epoch_0003,3,normalized,add_proj,0.12,0.08,64,4,3.0,0.5,10.0,0.0,0.0,0.0,0.0,7,False,3|5|7|15,64,64,32,0.0002,8,1,1.0,0.6907266393105189,0.8935940607466667,0.34334963388,0.65665036612,0.6907266393105189,0.8935940607466667,0.34334963388,0.65665036612,0.6565615721046925,0.8896158009666667,0.35255730384999995,0.64744269615,0.6208508734901745,0.86918898475,0.36875378875000003,0.0024272759866666993,,,,,,,,,,,,,ok,0,True
E010,epoch_0004,4,normalized,add_proj,0.12,0.08,64,4,3.0,0.5,10.0,0.0,0.0,0.0,0.0,7,False,3|5|7|15,64,64,32,0.0002,8,1,1.0,0.6911925588051478,0.8932378425999999,0.34340603204,0.65659396796,0.6911925588051478,0.8932378425999999,0.34340603204,0.65659396796,0.657112384289503,0.8891741018166666,0.3526054217833333,0.6473945782166667,0.620358337710301,0.8681976793333332,0.3676878189166667,0.0024272759866666993,,,,,,,,,,,,,ok,0,True
E010,epoch_0005,5,normalized,add_proj,0.12,0.08,64,4,3.0,0.5,10.0,0.0,0.0,0.0,0.0,7,False,3|5|7|15,64,64,32,0.0002,8,1,1.0,0.690850783030192,0.8933078956933334,0.34230755676,0.65769244324,0.690850783030192,0.8933078956933334,0.34230755676,0.65769244324,0.6565487498044967,0.8892435377333335,0.3510329534666667,0.6489670465333333,0.6189214957257113,0.8676341511666666,0.3622398168333334,0.0024272759866666993,,,,,,,,,,,,,ok,0,True
E010,epoch_0006,6,normalized,add_proj,0.12,0.08,64,4,3.0,0.5,10.0,0.0,0.0,0.0,0.0,7,False,3|5|7|15,64,64,32,0.0002,8,1,1.0,0.6904319139321646,0.8906065066933333,0.34441420390666666,0.6555857960933333,0.6904319139321646,0.8906065066933333,0.34441420390666666,0.6555857960933333,0.6565109681089718,0.8865899023499999,0.35292620610000003,0.6470737939,0.6196869870026906,0.8640843884166667,0.3605742409166666,0.0024272759866666993,,,,,,,,,,,,,ok,0,True
E010,epoch_0007,7,normalized,add_proj,0.12,0.08,64,4,3.0,0.5,10.0,0.0,0.0,0.0,0.0,7,False,3|5|7|15,64,64,32,0.0002,8,1,1.0,0.6905692052443823,0.8904049667733333,0.34519008483999997,0.65480991516,0.6905692052443823,0.8904049667733333,0.34519008483999997,0.65480991516,0.6564531171818575,0.8863413238833333,0.3537501122833334,0.6462498877166666,0.6203822245200475,0.8624812355,0.36274343483333327,0.0024272759866666993,,,,,,,,,,,,,ok,0,True
E010,epoch_0008,8,normalized,add_proj,0.12,0.08,64,4,3.0,0.5,10.0,0.0,0.0,0.0,0.0,7,False,3|5|7|15,64,64,32,0.0002,8,1,1.0,0.689296973546346,0.8922248314533333,0.3439866299866667,0.6560133700133333,0.689296973546346,0.8922248314533333,0.3439866299866667,0.6560133700133333,0.6549607773621876,0.8883017438833335,0.3525383838166667,0.6474616161833333,0.6172675058245658,0.866663533,0.35626274,0.0024272759866666993,,,,,,,,,,,,,ok,0,True
E011,epoch_0001,1,normalized,add_proj,0.12,0.08,64,4,3.0,0.5,12.5,0.0,0.0,0.0,0.0,7,False,3|5|7|15,64,64,32,0.0002,8,1,1.0,0.6912447104056676,0.89121371736,0.3490956383333333,0.6509043616666668,0.6912447104056676,0.89121371736,0.3490956383333333,0.6509043616666668,0.6572374939421812,0.8876625886999999,0.357751708,0.642248292,0.6246856523056825,0.860323148,0.37604076908333334,0.0030188115199999976,,,,,,,,,,,,,ok,0,True
E011,epoch_0002,2,normalized,add_proj,0.12,0.08,64,4,3.0,0.5,12.5,0.0,0.0,0.0,0.0,7,False,3|5|7|15,64,64,32,0.0002,8,1,1.0,0.6922069784402848,0.8895996134533333,0.35162364485333325,0.6483763551466668,0.6922069784402848,0.8895996134533333,0.35162364485333325,0.6483763551466668,0.6583804871141911,0.8856144069666664,0.36090046365,0.63909953635,0.6240643692513307,0.8631690255833333,0.379070997,0.0030188115199999976,,,,,,,,,,,,,ok,0,True
E011,epoch_0003,3,normalized,add_proj,0.12,0.08,64,4,3.0,0.5,12.5,0.0,0.0,0.0,0.0,7,False,3|5|7|15,64,64,32,0.0002,8,1,1.0,0.692969509402911,0.8894156933866667,0.3521144498533333,0.6478855501466667,0.692969509402911,0.8894156933866667,0.3521144498533333,0.6478855501466667,0.6592516360183558,0.8852578626333333,0.3614604064333333,0.6385395935666667,0.6236842711766561,0.8635084796666667,0.38032295675,0.0030188115199999976,,,,,,,,,,,,,ok,0,True
E011,epoch_0004,4,normalized,add_proj,0.12,0.08,64,4,3.0,0.5,12.5,0.0,0.0,0.0,0.0,7,False,3|5|7|15,64,64,32,0.0002,8,1,1.0,0.6940838250716527,0.8877995733599999,0.3541080261066667,0.6458919738933333,0.6940838250716527,0.8877995733599999,0.3541080261066667,0.6458919738933333,0.6604347115258377,0.8832260295166666,0.3634706644,0.6365293356,0.6258982658386231,0.8594005048333334,0.38301129349999996,0.0030188115199999976,,,,,,,,,,,,,ok,0,True
E011,epoch_0005,5,normalized,add_proj,0.12,0.08,64,4,3.0,0.5,12.5,0.0,0.0,0.0,0.0,7,False,3|5|7|15,64,64,32,0.0002,8,1,1.0,0.6942313056786855,0.8861895685333334,0.3548265456933333,0.6451734543066667,0.6942313056786855,0.8861895685333334,0.3548265456933333,0.6451734543066667,0.6605821939309439,0.8813880690666667,0.36395658908333334,0.6360434109166666,0.6258591895302137,0.8577579915,0.37834107175000004,0.0030188115199999976,,,,,,,,,,,,,ok,0,True
E011,epoch_0006,6,normalized,add_proj,0.12,0.08,64,4,3.0,0.5,12.5,0.0,0.0,0.0,0.0,7,False,3|5|7|15,64,64,32,0.0002,8,1,1.0,0.6944562555948894,0.8836159907733332,0.35737141130666666,0.6426285886933334,0.6944562555948894,0.8836159907733332,0.35737141130666666,0.6426285886933334,0.6610738549629848,0.8785601364666669,0.3665045183833333,0.6334954816166667,0.6258336337904136,0.8536752776666667,0.37750825549999995,0.0030188115199999976,,,,,,,,,,,,,ok,0,True
E011,epoch_0007,7,normalized,add_proj,0.12,0.08,64,4,3.0,0.5,12.5,0.0,0.0,0.0,0.0,7,False,3|5|7|15,64,64,32,0.0002,8,1,1.0,0.6944800560077034,0.8829422750266667,0.35908901452,0.6409109854799999,0.6944800560077034,0.8829422750266667,0.35908901452,0.6409109854799999,0.661155627022187,0.8779439467666666,0.36834061301666665,0.6316593869833333,0.6270448433856168,0.8523937960000001,0.37838013316666663,0.0030188115199999976,,,,,,,,,,,,,ok,0,True
E011,epoch_0008,8,normalized,add_proj,0.12,0.08,64,4,3.0,0.5,12.5,0.0,0.0,0.0,0.0,7,False,3|5|7|15,64,64,32,0.0002,8,1,1.0,0.693309447725614,0.88484105328,0.3577072345733333,0.6422927654266667,0.693309447725614,0.88484105328,0.3577072345733333,0.6422927654266667,0.6596504795054595,0.8799865412833332,0.3669140687333334,0.6330859312666666,0.6248229168355465,0.8559912938333334,0.37196704333333336,0.0030188115199999976,,,,,,,,,,,,,ok,0,True
E012,epoch_0001,1,normalized,add_proj,0.12,0.08,64,4,3.0,0.5,15.0,0.0,0.0,0.0,0.0,7,False,3|5|7|15,64,64,32,0.0002,8,1,1.0,0.6926922094027202,0.8871387694933333,0.35579919485333333,0.6442008051466667,0.6926922094027202,0.8871387694933333,0.35579919485333333,0.6442008051466667,0.6591558251778286,0.8832092925500001,0.36473367484999997,0.63526632515,0.6279458915193875,0.8550324655000001,0.38339925975,0.005666592319999941,,,,,,,,,,,,,ok,0,True
E012,epoch_0002,2,normalized,add_proj,0.12,0.08,64,4,3.0,0.5,15.0,0.0,0.0,0.0,0.0,7,False,3|5|7|15,64,64,32,0.0002,8,1,1.0,0.6936571216980616,0.8860811254400001,0.35952886009333335,0.6404711399066667,0.6936571216980616,0.8860811254400001,0.35952886009333335,0.6404711399066667,0.6601912773152192,0.8817878897833331,0.3689972648166667,0.6310027351833333,0.6273878569404284,0.8565093975833333,0.39090147458333335,0.005666592319999941,,,,,,,,,,,,,ok,0,True
E012,epoch_0003,3,normalized,add_proj,0.12,0.08,64,4,3.0,0.5,15.0,0.0,0.0,0.0,0.0,7,False,3|5|7|15,64,64,32,0.0002,8,1,1.0,0.695193799773852,0.8845422767733333,0.3614657871733333,0.6385342128266667,0.695193799773852,0.8845422767733333,0.3614657871733333,0.6385342128266667,0.6621115331351757,0.8799856926166667,0.3710611491,0.6289388509,0.6291238191227119,0.8560617680833333,0.3948272076666667,0.005666592319999941,,,,,,,,,,,,,ok,0,True
E012,epoch_0004,4,normalized,add_proj,0.12,0.08,64,4,3.0,0.5,15.0,0.0,0.0,0.0,0.0,7,False,3|5|7|15,64,64,32,0.0002,8,1,1.0,0.6963835754394531,0.8826126619600001,0.36353852839999995,0.6364614716000001,0.6963835754394531,0.8826126619600001,0.36353852839999995,0.6364614716000001,0.6634762399395309,0.8777106760333332,0.37313335441666673,0.6268666455833333,0.6314531452953815,0.8526668155,0.39593335575,0.005666592319999941,,,,,,,,,,,,,ok,0,True
E012,epoch_0005,5,normalized,add_proj,0.12,0.08,64,4,3.0,0.5,15.0,0.0,0.0,0.0,0.0,7,False,3|5|7|15,64,64,32,0.0002,8,1,1.0,0.6956378074089686,0.8801960650400001,0.36433072430666663,0.6356692756933333,0.6956378074089686,0.8801960650400001,0.36433072430666663,0.6356692756933333,0.662739012191693,0.8751660370833333,0.37370850863333327,0.6262914913666667,0.6310572003324826,0.8499710011666668,0.39149209291666665,0.005666592319999941,,,,,,,,,,,,,ok,0,True
E012,epoch_0006,6,normalized,add_proj,0.12,0.08,64,4,3.0,0.5,15.0,0.0,0.0,0.0,0.0,7,False,3|5|7|15,64,64,32,0.0002,8,1,1.0,0.6956689917246501,0.8775401151066667,0.36666854374666663,0.6333314562533334,0.6956689917246501,0.8775401151066667,0.36666854374666663,0.6333314562533334,0.6629251990715661,0.8723031656833331,0.37601752180000003,0.6239824782,0.6314332668979963,0.8475533702499999,0.38932632391666666,0.005666592319999941,,,,,,,,,,,,,ok,0,True
E012,epoch_0007,7,normalized,add_proj,0.12,0.08,64,4,3.0,0.5,15.0,0.0,0.0,0.0,0.0,7,False,3|5|7|15,64,64,32,0.0002,8,1,1.0,0.6962905758221943,0.8767276809200001,0.3691583428266667,0.6308416571733333,0.6962905758221943,0.8767276809200001,0.3691583428266667,0.6308416571733333,0.6634643271565438,0.8713797455666666,0.37870326995000003,0.62129673005,0.6330807976424695,0.8450097731666666,0.3915132018333333,0.005666592319999941,,,,,,,,,,,,,ok,0,True
E012,epoch_0008,8,normalized,add_proj,0.12,0.08,64,4,3.0,0.5,15.0,0.0,0.0,0.0,0.0,7,False,3|5|7|15,64,64,32,0.0002,8,1,1.0,0.6960574012200037,0.8783942220933334,0.36865926052,0.63134073948,0.6960574012200037,0.8783942220933334,0.36865926052,0.63134073948,0.6629643706977367,0.8730780882000001,0.3783125515833333,0.6216874484166667,0.6310875073075295,0.8481589713333335,0.3860317321666667,0.005666592319999941,,,,,,,,,,,,,ok,0,True
E013,epoch_0001,1,normalized,add_proj,0.12,0.08,64,4,3.0,1.0,10.0,0.0,0.0,0.0,0.0,7,False,3|5|7|15,64,64,32,0.0002,8,1,1.0,0.685728003025055,0.89811862128,0.33491706093333334,0.6650829390666666,0.685728003025055,0.89811862128,0.33491706093333334,0.6650829390666666,0.6508027229706446,0.8953558419333334,0.3428428692,0.6571571307999999,0.6132825238009294,0.8752326688333334,0.35135457575000006,0.0034597321733332853,,,,,,,,,,,,,ok,0,True
E013,epoch_0002,2,normalized,add_proj,0.12,0.08,64,4,3.0,1.0,10.0,0.0,0.0,0.0,0.0,7,False,3|5|7|15,64,64,32,0.0002,8,1,1.0,0.6883974822362265,0.8954814601066667,0.3409213145733333,0.6590786854266667,0.6883974822362265,0.8954814601066667,0.3409213145733333,0.6590786854266667,0.6540036629637084,0.8919601163833335,0.35017761166666667,0.6498223883333334,0.616926841189464,0.8739769815,0.36065216266666666,0.0034597321733332853,,,,,,,,,,,,,ok,0,True
E013,epoch_0003,3,normalized,add_proj,0.12,0.08,64,4,3.0,1.0,10.0,0.0,0.0,0.0,0.0,7,False,3|5|7|15,64,64,32,0.0002,8,1,1.0,0.688840650876363,0.8966608276133333,0.33837679310666663,0.6616232068933334,0.688840650876363,0.8966608276133333,0.33837679310666663,0.6616232068933334,0.6542546765009563,0.8930120471833334,0.3476056051333334,0.6523943948666666,0.6155294405917326,0.8761730073333334,0.3586975464166666,0.0034597321733332853,,,,,,,,,,,,,ok,0,True
E013,epoch_0004,4,normalized,add_proj,0.12,0.08,64,4,3.0,1.0,10.0,0.0,0.0,0.0,0.0,7,False,3|5|7|15,64,64,32,0.0002,8,1,1.0,0.6890756096045177,0.8968455427600002,0.33774851312000004,0.66225148688,0.6890756096045177,0.8968455427600002,0.33774851312000004,0.66225148688,0.6546900908152262,0.8931475915833333,0.34683655615000003,0.65316344385,0.6156901863714059,0.8754008198333334,0.35831798191666664,0.0034597321733332853,,,,,,,,,,,,,ok,0,True
E013,epoch_0005,5,normalized,add_proj,0.12,0.08,64,4,3.0,1.0,10.0,0.0,0.0,0.0,0.0,7,False,3|5|7|15,64,64,32,0.0002,8,1,1.0,0.6893810308376948,0.8963904927333334,0.33719667000000003,0.66280333,0.6893810308376948,0.8963904927333334,0.33719667000000003,0.66280333,0.6547774177292982,0.8924311104666666,0.34592807200000003,0.654071928,0.6155849461754164,0.8745582881666666,0.35486852366666666,0.0034597321733332853,,,,,,,,,,,,,ok,0,True
E013,epoch_0006,6,normalized,add_proj,0.12,0.08,64,4,3.0,1.0,10.0,0.0,0.0,0.0,0.0,7,False,3|5|7|15,64,64,32,0.0002,8,1,1.0,0.6892444124221803,0.8936349420266667,0.33971046535999994,0.6602895346400001,0.6892444124221803,0.8936349420266667,0.33971046535999994,0.6602895346400001,0.6547645727793375,0.8895270099666666,0.3483122471833333,0.6516877528166667,0.6157312648991744,0.87007494425,0.3544295750833333,0.0034597321733332853,,,,,,,,,,,,,ok,0,True
E013,epoch_0007,7,normalized,add_proj,0.12,0.08,64,4,3.0,1.0,10.0,0.0,0.0,0.0,0.0,7,False,3|5|7|15,64,64,32,0.0002,8,1,1.0,0.689676795164744,0.8922426835733335,0.3427375366266666,0.6572624633733334,0.689676795164744,0.8922426835733335,0.3427375366266666,0.6572624633733334,0.6552434263626734,0.8880558899666667,0.35150500340000007,0.6484949966,0.6167177731792133,0.8674043143333334,0.35784645558333333,0.0034597321733332853,,,,,,,,,,,,,ok,0,True
E013,epoch_0008,8,normalized,add_proj,0.12,0.08,64,4,3.0,1.0,10.0,0.0,0.0,0.0,0.0,7,False,3|5|7|15,64,64,32,0.0002,8,1,1.0,0.6882946963707605,0.8937030575066668,0.34186072744,0.6581392725599999,0.6882946963707605,0.8937030575066668,0.34186072744,0.6581392725599999,0.6537382012108963,0.8897599281999999,0.35049413571666665,0.6495058642833333,0.613938104858001,0.8714911266666667,0.35185310566666667,0.0034597321733332853,,,,,,,,,,,,,ok,0,True
E014,epoch_0001,1,normalized,add_proj,0.12,0.08,64,4,3.0,1.0,12.5,0.0,0.0,0.0,0.0,7,False,3|5|7|15,64,64,32,0.0002,8,1,1.0,0.6896487527688343,0.8932536473333333,0.34585277619999993,0.6541472238000001,0.6896487527688343,0.8932536473333333,0.34585277619999993,0.6541472238000001,0.6554206086198489,0.8898148331166666,0.3545486134166667,0.6454513865833333,0.6210037738084793,0.8664404673333335,0.368198626,0.0034978532400000706,,,,,,,,,,,,,ok,0,True
E014,epoch_0002,2,normalized,add_proj,0.12,0.08,64,4,3.0,1.0,12.5,0.0,0.0,0.0,0.0,7,False,3|5|7|15,64,64,32,0.0002,8,1,1.0,0.691428429365158,0.8913592116933333,0.34931776701333334,0.6506822329866666,0.691428429365158,0.8913592116933333,0.34931776701333334,0.6506822329866666,0.6575696677962939,0.8874561120166667,0.3589589619166667,0.6410410380833333,0.6222330130636692,0.8680363197499998,0.3745925603333334,0.0034978532400000706,,,,,,,,,,,,,ok,0,True
E014,epoch_0003,3,normalized,add_proj,0.12,0.08,64,4,3.0,1.0,12.5,0.0,0.0,0.0,0.0,7,False,3|5|7|15,64,64,32,0.0002,8,1,1.0,0.6924241838852565,0.8912962579866668,0.34935062944,0.65064937056,0.6924241838852565,0.8912962579866668,0.34935062944,0.65064937056,0.6586430583894252,0.8871787767500001,0.35904102449999986,0.6409589755000001,0.6229246551791827,0.8678389595833333,0.3770439530833333,0.0034978532400000706,,,,,,,,,,,,,ok,0,True
E014,epoch_0004,4,normalized,add_proj,0.12,0.08,64,4,3.0,1.0,12.5,0.0,0.0,0.0,0.0,7,False,3|5|7|15,64,64,32,0.0002,8,1,1.0,0.6932455568710963,0.8906885413066666,0.34974877368,0.65025122632,0.6932455568710963,0.8906885413066666,0.34974877368,0.65025122632,0.659633656591177,0.8863692517666667,0.35933940835,0.64066059165,0.6239350743591785,0.8663965084166667,0.37716839816666664,0.0034978532400000706,,,,,,,,,,,,,ok,0,True
E014,epoch_0005,5,normalized,add_proj,0.12,0.08,64,4,3.0,1.0,12.5,0.0,0.0,0.0,0.0,7,False,3|5|7|15,64,64,32,0.0002,8,1,1.0,0.6933360384305318,0.8894893132133334,0.3502509388533334,0.6497490611466665,0.6933360384305318,0.8894893132133334,0.3502509388533334,0.6497490611466665,0.6596042422453563,0.8849840201666668,0.3596161120333333,0.6403838879666667,0.6238111073772112,0.8642661176666667,0.37398670116666666,0.0034978532400000706,,,,,,,,,,,,,ok,0,True
E014,epoch_0006,6,normalized,add_proj,0.12,0.08,64,4,3.0,1.0,12.5,0.0,0.0,0.0,0.0,7,False,3|5|7|15,64,64,32,0.0002,8,1,1.0,0.6931408168077471,0.88698182636,0.35180963883999994,0.6481903611600001,0.6931408168077471,0.88698182636,0.35180963883999994,0.6481903611600001,0.6596586035192014,0.88239464835,0.3610200842666667,0.6389799157333333,0.6241117919484774,0.86113295275,0.37188263066666666,0.0034978532400000706,,,,,,,,,,,,,ok,0,True
E014,epoch_0007,7,normalized,add_proj,0.12,0.08,64,4,3.0,1.0,12.5,0.0,0.0,0.0,0.0,7,False,3|5|7|15,64,64,32,0.0002,8,1,1.0,0.6936080554326375,0.8855771562133333,0.35418161670666665,0.6458183832933333,0.6936080554326375,0.8855771562133333,0.35418161670666665,0.6458183832933333,0.6601925225059192,0.8808904466666666,0.3635665688,0.6364334312,0.6254380571345488,0.8581759964166666,0.3746753246666667,0.0034978532400000706,,,,,,,,,,,,,ok,0,True
E014,epoch_0008,8,normalized,add_proj,0.12,0.08,64,4,3.0,1.0,12.5,0.0,0.0,0.0,0.0,7,False,3|5|7|15,64,64,32,0.0002,8,1,1.0,0.6917695148785908,0.8879456908533334,0.3524721974266666,0.6475278025733334,0.6917695148785908,0.8879456908533334,0.3524721974266666,0.6475278025733334,0.6579042773445447,0.8834729907000002,0.3617502346,0.6382497654,0.6220333988467852,0.8626115654166667,0.36663210474999997,0.0034978532400000706,,,,,,,,,,,,,ok,0,True
E015,epoch_0001,1,normalized,add_proj,0.12,0.08,64,4,3.0,1.0,15.0,0.0,0.0,0.0,0.0,7,False,3|5|7|15,64,64,32,0.0002,8,1,1.0,0.6915421408812205,0.89045881068,0.35180039130666674,0.6481996086933333,0.6915421408812205,0.89045881068,0.35180039130666674,0.6481996086933333,0.6576181199153266,0.8865722659333333,0.360908484,0.639091516,0.6237768446405729,0.8610951596666667,0.3772588303333333,0.005360629533333272,,,,,,,,,,,,,ok,0,True
E015,epoch_0002,2,normalized,add_proj,0.12,0.08,64,4,3.0,1.0,15.0,0.0,0.0,0.0,0.0,7,False,3|5|7|15,64,64,32,0.0002,8,1,1.0,0.6930165760119756,0.8880574128133334,0.35550367464,0.64449632536,0.6930165760119756,0.8880574128133334,0.35550367464,0.64449632536,0.6594496015210946,0.8837643352833332,0.36542850634999996,0.63457149365,0.6252974510192871,0.8627738181666667,0.38339270275,0.005360629533333272,,,,,,,,,,,,,ok,0,True
E015,epoch_0003,3,normalized,add_proj,0.12,0.08,64,4,3.0,1.0,15.0,0.0,0.0,0.0,0.0,7,False,3|5|7|15,64,64,32,0.0002,8,1,1.0,0.6941319148540497,0.8870491368400001,0.35716102084,0.64283897916,0.6941319148540497,0.8870491368400001,0.35716102084,0.64283897916,0.6607963438828788,0.8826619447333333,0.36728770986666665,0.6327122901333333,0.6269793522854645,0.861995679,0.38883225749999994,0.005360629533333272,,,,,,,,,,,,,ok,0,True
E015,epoch_0004,4,normalized,add_proj,0.12,0.08,64,4,3.0,1.0,15.0,0.0,0.0,0.0,0.0,7,False,3|5|7|15,64,64,32,0.0002,8,1,1.0,0.6957159506877264,0.8849581963466666,0.36012949862666666,0.6398705013733333,0.6957159506877264,0.8849581963466666,0.36012949862666666,0.6398705013733333,0.6625290378431478,0.8801827780666664,0.3702973711833334,0.6297026288166666,0.6288353860378265,0.85861828025,0.3925862078333333,0.005360629533333272,,,,,,,,,,,,,ok,0,True
E015,epoch_0005,5,normalized,add_proj,0.12,0.08,64,4,3.0,1.0,15.0,0.0,0.0,0.0,0.0,7,False,3|5|7|15,64,64,32,0.0002,8,1,1.0,0.6952599553267161,0.8842785012133332,0.35953374532,0.64046625468,0.6952599553267161,0.8842785012133332,0.35953374532,0.64046625468,0.6618657782673835,0.8793253285166667,0.36930030611666675,0.6306996938833332,0.6283289529383183,0.8572353588333333,0.3859440038333333,0.005360629533333272,,,,,,,,,,,,,ok,0,True
E015,epoch_0006,6,normalized,add_proj,0.12,0.08,64,4,3.0,1.0,15.0,0.0,0.0,0.0,0.0,7,False,3|5|7|15,64,64,32,0.0002,8,1,1.0,0.6955772456725439,0.8810239348000001,0.36237824238666666,0.6376217576133334,0.6955772456725439,0.8810239348000001,0.36237824238666666,0.6376217576133334,0.662469829370578,0.8757942249666668,0.3721366054166667,0.6278633945833333,0.6295494481921196,0.8528954145833335,0.38650044225,0.005360629533333272,,,,,,,,,,,,,ok,0,True
E015,epoch_0007,7,normalized,add_proj,0.12,0.08,64,4,3.0,1.0,15.0,0.0,0.0,0.0,0.0,7,False,3|5|7|15,64,64,32,0.0002,8,1,1.0,0.6959417459964752,0.8799264138533335,0.36443457852,0.63556542148,0.6959417459964752,0.8799264138533335,0.36443457852,0.63556542148,0.6628879620631536,0.87469397575,0.3743789513166667,0.6256210486833333,0.6302352830767632,0.8510374969166666,0.38764153700000004,0.005360629533333272,,,,,,,,,,,,,ok,0,True
E015,epoch_0008,8,normalized,add_proj,0.12,0.08,64,4,3.0,1.0,15.0,0.0,0.0,0.0,0.0,7,False,3|5|7|15,64,64,32,0.0002,8,1,1.0,0.6945515557924906,0.8812413012666669,0.36328814444,0.63671185556,0.6945515557924906,0.8812413012666669,0.36328814444,0.63671185556,0.6612371867895127,0.8760295386333332,0.37318632879999997,0.6268136712000001,0.6268970961372058,0.8540586113333334,0.3805034296666667,0.005360629533333272,,,,,,,,,,,,,ok,0,True
E016,epoch_0001,1,normalized,add_proj,0.12,0.08,64,4,3.0,1.5,10.0,0.0,0.0,0.0,0.0,7,False,3|5|7|15,64,64,32,0.0002,8,1,1.0,0.6843205602566401,0.89929055256,0.33381625498666667,0.6661837450133333,0.6843205602566401,0.89929055256,0.33381625498666667,0.6661837450133333,0.6491924284398556,0.8966722143833332,0.34136272926666666,0.6586372707333333,0.611476013312737,0.8782857904999999,0.34490295066666665,0.001127891200000064,,,,,,,,,,,,,ok,0,True
E016,epoch_0002,2,normalized,add_proj,0.12,0.08,64,4,3.0,1.5,10.0,0.0,0.0,0.0,0.0,7,False,3|5|7|15,64,64,32,0.0002,8,1,1.0,0.6866123801072438,0.89609997776,0.34035068724,0.65964931276,0.6866123801072438,0.89609997776,0.34035068724,0.65964931276,0.6521014585097631,0.8926268939166666,0.3496255325,0.6503744675,0.6133791193366052,0.8767312717500001,0.3534231895833333,0.001127891200000064,,,,,,,,,,,,,ok,0,True
E016,epoch_0003,3,normalized,add_proj,0.12,0.08,64,4,3.0,1.5,10.0,0.0,0.0,0.0,0.0,7,False,3|5|7|15,64,64,32,0.0002,8,1,1.0,0.6869171694517133,0.8986388727466667,0.33494414618666674,0.6650558538133333,0.6869171694517133,0.8986388727466667,0.33494414618666674,0.6650558538133333,0.652136432180802,0.8951453539000003,0.3442440574,0.6557559425999999,0.6126341946423054,0.879256483,0.35124381908333335,0.001127891200000064,,,,,,,,,,,,,ok,0,True
E016,epoch_0004,4,normalized,add_proj,0.12,0.08,64,4,3.0,1.5,10.0,0.0,0.0,0.0,0.0,7,False,3|5|7|15,64,64,32,0.0002,8,1,1.0,0.6866639150778453,0.8991330209200002,0.3326803356266667,0.6673196643733332,0.6866639150778453,0.8991330209200002,0.3326803356266667,0.6673196643733332,0.6517876792947451,0.8956523033833333,0.34166312968333334,0.6583368703166667,0.611580399920543,0.8794432036666666,0.34955575083333335,0.001127891200000064,,,,,,,,,,,,,ok,0,True
E016,epoch_0005,5,normalized,add_proj,0.12,0.08,64,4,3.0,1.5,10.0,0.0,0.0,0.0,0.0,7,False,3|5|7|15,64,64,32,0.0002,8,1,1.0,0.6871048212051392,0.8984253454933332,0.33435407366666664,0.6656459263333334,0.6871048212051392,0.8984253454933332,0.33435407366666664,0.6656459263333334,0.6522513994574547,0.8947886999166668,0.3430995408333333,0.6569004591666667,0.6120124059418837,0.8778722500833332,0.35072006641666664,0.001127891200000064,,,,,,,,,,,,,ok,0,True
E016,epoch_0006,6,normalized,add_proj,0.12,0.08,64,4,3.0,1.5,10.0,0.0,0.0,0.0,0.0,7,False,3|5|7|15,64,64,32,0.0002,8,1,1.0,0.6872988240321477,0.8961530381466667,0.33686955374666666,0.6631304462533334,0.6872988240321477,0.8961530381466667,0.33686955374666666,0.6631304462533334,0.6527052230139574,0.8923406393833334,0.34553634765,0.65446365235,0.6130123222867647,0.8742519077500002,0.3503895404166667,0.001127891200000064,,,,,,,,,,,,,ok,0,True
E016,epoch_0007,7,normalized,add_proj,0.12,0.08,64,4,3.0,1.5,10.0,0.0,0.0,0.0,0.0,7,False,3|5|7|15,64,64,32,0.0002,8,1,1.0,0.688043280561765,0.8941235260266667,0.33954709172,0.6604529082799999,0.688043280561765,0.8941235260266667,0.33954709172,0.6604529082799999,0.6536128398279348,0.89006504655,0.34839007869999994,0.6516099213000001,0.6146379334231218,0.8706473352499999,0.3539208681666667,0.001127891200000064,,,,,,,,,,,,,ok,0,True
E016,epoch_0008,8,normalized,add_proj,0.12,0.08,64,4,3.0,1.5,10.0,0.0,0.0,0.0,0.0,7,False,3|5|7|15,64,64,32,0.0002,8,1,1.0,0.6864802262385687,0.8951972283999998,0.33906935594666665,0.6609306440533333,0.6864802262385687,0.8951972283999998,0.33906935594666665,0.6609306440533333,0.65172995125254,0.8914797244833332,0.34772852428333334,0.6522714757166667,0.6122672123213608,0.8733265375000001,0.3490666260833334,0.001127891200000064,,,,,,,,,,,,,ok,0,True
E017,epoch_0001,1,normalized,add_proj,0.12,0.08,64,4,3.0,1.5,12.5,0.0,0.0,0.0,0.0,7,False,3|5|7|15,64,64,32,0.0002,8,1,1.0,0.6875090543429058,0.8953651743866666,0.34231948277333335,0.6576805172266666,0.6875090543429058,0.8953651743866666,0.34231948277333335,0.6576805172266666,0.6530355223019917,0.8922939939166668,0.35086427491666666,0.6491357250833334,0.616464962810278,0.8713192661666667,0.3590095305833333,0.001271791560000013,,,,,,,,,,,,,ok,0,True
E017,epoch_0002,2,normalized,add_proj,0.12,0.08,64,4,3.0,1.5,12.5,0.0,0.0,0.0,0.0,7,False,3|5|7|15,64,64,32,0.0002,8,1,1.0,0.6897882940371831,0.8932982264799999,0.34607686112,0.65392313888,0.6897882940371831,0.8932982264799999,0.34607686112,0.65392313888,0.6555068937440713,0.8894541243999999,0.3559591994500001,0.6440408005499999,0.6190011948347092,0.872518314,0.365494362,0.001271791560000013,,,,,,,,,,,,,ok,0,True
E017,epoch_0003,3,normalized,add_proj,0.12,0.08,64,4,3.0,1.5,12.5,0.0,0.0,0.0,0.0,7,False,3|5|7|15,64,64,32,0.0002,8,1,1.0,0.6904893211126325,0.8943350497466668,0.34359127433333336,0.6564087256666666,0.6904893211126325,0.8943350497466668,0.34359127433333336,0.6564087256666666,0.6563409840563933,0.8905501784833334,0.3533179701,0.6466820299,0.6181010069946448,0.873543005,0.36655646625,0.001271791560000013,,,,,,,,,,,,,ok,0,True
E017,epoch_0004,4,normalized,add_proj,0.12,0.08,64,4,3.0,1.5,12.5,0.0,0.0,0.0,0.0,7,False,3|5|7|15,64,64,32,0.0002,8,1,1.0,0.6906800272862118,0.89421453416,0.3435258836933333,0.6564741163066667,0.6906800272862118,0.89421453416,0.3435258836933333,0.6564741163066667,0.6566353703041872,0.8904027786333334,0.3530696941,0.6469303059,0.6182465491195519,0.8730254989166667,0.36730152416666667,0.001271791560000013,,,,,,,,,,,,,ok,0,True
E017,epoch_0005,5,normalized,add_proj,0.12,0.08,64,4,3.0,1.5,12.5,0.0,0.0,0.0,0.0,7,False,3|5|7|15,64,64,32,0.0002,8,1,1.0,0.6905692135492961,0.8936243236133332,0.34264436393333336,0.6573556360666666,0.6905692135492961,0.8936243236133332,0.34264436393333336,0.6573556360666666,0.6564008451501528,0.8896662266833333,0.35176874724999996,0.64823125275,0.6175473670164744,0.8717665905833334,0.3631399030833333,0.001271791560000013,,,,,,,,,,,,,ok,0,True
E017,epoch_0006,6,normalized,add_proj,0.12,0.08,64,4,3.0,1.5,12.5,0.0,0.0,0.0,0.0,7,False,3|5|7|15,64,64,32,0.0002,8,1,1.0,0.6910144323110581,0.89023591752,0.3457432108,0.6542567892,0.6910144323110581,0.89023591752,0.3457432108,0.6542567892,0.6570846189558506,0.8859726798333334,0.3547470389833333,0.6452529610166666,0.6195151805877686,0.867061648,0.36377502166666664,0.001271791560000013,,,,,,,,,,,,,ok,0,True
E017,epoch_0007,7,normalized,add_proj,0.12,0.08,64,4,3.0,1.5,12.5,0.0,0.0,0.0,0.0,7,False,3|5|7|15,64,64,32,0.0002,8,1,1.0,0.6915034679174424,0.88853498,0.3481642271199999,0.6518357728800002,0.6915034679174424,0.88853498,0.3481642271199999,0.6518357728800002,0.6577184043824672,0.8842299768833334,0.35735809596666657,0.6426419040333334,0.6203881176809469,0.86345634575,0.36591808475000004,0.001271791560000013,,,,,,,,,,,,,ok,0,True
E017,epoch_0008,8,normalized,add_proj,0.12,0.08,64,4,3.0,1.5,12.5,0.0,0.0,0.0,0.0,7,False,3|5|7|15,64,64,32,0.0002,8,1,1.0,0.690014007727305,0.8902476403466666,0.34726435424,0.65273564576,0.690014007727305,0.8902476403466666,0.34726435424,0.65273564576,0.6559037201603254,0.8860900681833332,0.3563581422833334,0.6436418577166666,0.6175927470127741,0.8672329384166668,0.3597948290833333,0.001271791560000013,,,,,,,,,,,,,ok,0,True
E018,epoch_0001,1,normalized,add_proj,0.12,0.08,64,4,3.0,1.5,15.0,0.0,0.0,0.0,0.0,7,False,3|5|7|15,64,64,32,0.0002,8,1,1.0,0.6898976684014002,0.8928206853333333,0.3472705985333333,0.6527294014666667,0.6898976684014002,0.8928206853333333,0.3472705985333333,0.6527294014666667,0.6556542891760667,0.8892533772333333,0.35618668601666664,0.6438133139833333,0.6210895200570424,0.8657673281666666,0.36827814316666657,0.0031751518133333323,,,,,,,,,,,,,ok,0,True
E018,epoch_0002,2,normalized,add_proj,0.12,0.08,64,4,3.0,1.5,15.0,0.0,0.0,0.0,0.0,7,False,3|5|7|15,64,64,32,0.0002,8,1,1.0,0.6917346182664236,0.8902866649733333,0.35027092200000004,0.649729078,0.6917346182664236,0.8902866649733333,0.35027092200000004,0.649729078,0.6579066428542137,0.8861710299833334,0.36019861415,0.63980138585,0.6221899266044298,0.867873785,0.3735629488333333,0.0031751518133333323,,,,,,,,,,,,,ok,0,True
E018,epoch_0003,3,normalized,add_proj,0.12,0.08,64,4,3.0,1.5,15.0,0.0,0.0,0.0,0.0,7,False,3|5|7|15,64,64,32,0.0002,8,1,1.0,0.6923942785660425,0.8902423567733332,0.35044575034666664,0.6495542496533333,0.6923942785660425,0.8902423567733332,0.35044575034666664,0.6495542496533333,0.658704107751449,0.8860543881333334,0.36046821011666663,0.6395317898833334,0.6218566492199898,0.8687206204166666,0.3764489698333333,0.0031751518133333323,,,,,,,,,,,,,ok,0,True
E018,epoch_0004,4,normalized,add_proj,0.12,0.08,64,4,3.0,1.5,15.0,0.0,0.0,0.0,0.0,7,False,3|5|7|15,64,64,32,0.0002,8,1,1.0,0.6938311924139657,0.8893634238933333,0.3518986366266666,0.6481013633733335,0.6938311924139657,0.8893634238933333,0.3518986366266666,0.6481013633733335,0.6603514290849367,0.8848926528333335,0.3619362693666667,0.6380637306333333,0.6241567562023799,0.8664577384166667,0.37862222175,0.0031751518133333323,,,,,,,,,,,,,ok,0,True
E018,epoch_0005,5,normalized,add_proj,0.12,0.08,64,4,3.0,1.5,15.0,0.0,0.0,0.0,0.0,7,False,3|5|7|15,64,64,32,0.0002,8,1,1.0,0.6939881101051967,0.8876364659199999,0.35348626471999994,0.6465137352800001,0.6939881101051967,0.8876364659199999,0.35348626471999994,0.6465137352800001,0.6605502845346928,0.8830131517333333,0.36334170728333326,0.6366582927166667,0.6248453768591086,0.8631018355833333,0.377522434,0.0031751518133333323,,,,,,,,,,,,,ok,0,True
E018,epoch_0006,6,normalized,add_proj,0.12,0.08,64,4,3.0,1.5,15.0,0.0,0.0,0.0,0.0,7,False,3|5|7|15,64,64,32,0.0002,8,1,1.0,0.6942780635356904,0.88498284864,0.35564059094666667,0.6443594090533333,0.6942780635356904,0.88498284864,0.35564059094666667,0.6443594090533333,0.6610672622919084,0.8802073605333334,0.36544235231666666,0.6345576476833333,0.6265596814453602,0.8594685760833332,0.37760913974999993,0.0031751518133333323,,,,,,,,,,,,,ok,0,True
E018,epoch_0007,7,normalized,add_proj,0.12,0.08,64,4,3.0,1.5,15.0,0.0,0.0,0.0,0.0,7,False,3|5|7|15,64,64,32,0.0002,8,1,1.0,0.6945779372056324,0.8834203532399999,0.3584828491733333,0.6415171508266667,0.6945779372056324,0.8834203532399999,0.3584828491733333,0.6415171508266667,0.6613796098033586,0.8784858101000002,0.36841314216666665,0.6315868578333333,0.6282109176119168,0.8563045819999999,0.38124178175,0.0031751518133333323,,,,,,,,,,,,,ok,0,True
E018,epoch_0008,8,normalized,add_proj,0.12,0.08,64,4,3.0,1.5,15.0,0.0,0.0,0.0,0.0,7,False,3|5|7|15,64,64,32,0.0002,8,1,1.0,0.6931879140933356,0.8850574210133334,0.3574211589466667,0.6425788410533333,0.6931879140933356,0.8850574210133334,0.3574211589466667,0.6425788410533333,0.6595690687994162,0.8802023378333332,0.3673629632,0.6326370368,0.6248375068108241,0.8597835551666667,0.37461018991666667,0.0031751518133333323,,,,,,,,,,,,,ok,0,True
E019,epoch_0001,1,normalized,add_proj,0.12,0.08,64,4,4.0,0.5,10.0,0.0,0.0,0.0,0.0,7,False,3|5|7|15,64,64,32,0.0002,8,1,1.0,0.6838566286166509,0.9001726440133332,0.32872065928,0.67127934072,0.6838566286166509,0.9001726440133332,0.32872065928,0.67127934072,0.6485851003229618,0.8977436147833334,0.33569738081666667,0.6643026191833333,0.6116445168852807,0.8770883986666665,0.34540581108333335,0.0031046919466666267,,,,,,,,,,,,,ok,0,True
E019,epoch_0002,2,normalized,add_proj,0.12,0.08,64,4,4.0,0.5,10.0,0.0,0.0,0.0,0.0,7,False,3|5|7|15,64,64,32,0.0002,8,1,1.0,0.6866773028771083,0.8980871193066667,0.33358273979999997,0.6664172602,0.6866773028771083,0.8980871193066667,0.33358273979999997,0.6664172602,0.6517800310750802,0.8948430584333336,0.34194494825000005,0.6580550517499999,0.6147744615872701,0.8752887736666668,0.35347925849999995,0.0031046919466666267,,,,,,,,,,,,,ok,0,True
E019,epoch_0003,3,normalized,add_proj,0.12,0.08,64,4,4.0,0.5,10.0,0.0,0.0,0.0,0.0,7,False,3|5|7|15,64,64,32,0.0002,8,1,1.0,0.6868742491404217,0.8990089316266666,0.3318253512266666,0.6681746487733333,0.6868742491404217,0.8990089316266666,0.3318253512266666,0.6681746487733333,0.6519983803232511,0.8957089219333332,0.34020148964999997,0.65979851035,0.6137967196603616,0.8772624256666666,0.35110052091666666,0.0031046919466666267,,,,,,,,,,,,,ok,0,True
E019,epoch_0004,4,normalized,add_proj,0.12,0.08,64,4,4.0,0.5,10.0,0.0,0.0,0.0,0.0,7,False,3|5|7|15,64,64,32,0.0002,8,1,1.0,0.6866402133703231,0.8992565335866667,0.33034996241333336,0.6696500375866666,0.6866402133703231,0.8992565335866667,0.33034996241333336,0.6696500375866666,0.6517364072302977,0.8959558437,0.3384883286166666,0.6615116713833333,0.6122490038474401,0.8770992427500001,0.34819957100000004,0.0031046919466666267,,,,,,,,,,,,,ok,0,True
E019,epoch_0005,5,normalized,add_proj,0.12,0.08,64,4,4.0,0.5,10.0,0.0,0.0,0.0,0.0,7,False,3|5|7|15,64,64,32,0.0002,8,1,1.0,0.6861927025318145,0.8990273785733334,0.3301501068266666,0.6698498931733334,0.6861927025318145,0.8990273785733334,0.3301501068266666,0.6698498931733334,0.6511014187335968,0.8956671425500001,0.33796560323333336,0.6620343967666666,0.6115678283075492,0.8773885850833333,0.34528985491666664,0.0031046919466666267,,,,,,,,,,,,,ok,0,True
E019,epoch_0006,6,normalized,add_proj,0.12,0.08,64,4,4.0,0.5,10.0,0.0,0.0,0.0,0.0,7,False,3|5|7|15,64,64,32,0.0002,8,1,1.0,0.6862165103356043,0.89634347736,0.3325998567333333,0.6674001432666667,0.6862165103356043,0.89634347736,0.3325998567333333,0.6674001432666667,0.6513616715371608,0.8928208312333332,0.34019991536666666,0.6598000846333334,0.6120420212546985,0.8728014168333333,0.34489245041666666,0.0031046919466666267,,,,,,,,,,,,,ok,0,True
E019,epoch_0007,7,normalized,add_proj,0.12,0.08,64,4,4.0,0.5,10.0,0.0,0.0,0.0,0.0,7,False,3|5|7|15,64,64,32,0.0002,8,1,1.0,0.6865647551616033,0.8953521050400001,0.3342989851733333,0.6657010148266667,0.6865647551616033,0.8953521050400001,0.3342989851733333,0.6657010148266667,0.6517025684813659,0.8917832326833335,0.3420321790833333,0.6579678209166667,0.6116608910262584,0.8705517194999998,0.34688894116666663,0.0031046919466666267,,,,,,,,,,,,,ok,0,True
E019,epoch_0008,8,normalized,add_proj,0.12,0.08,64,4,4.0,0.5,10.0,0.0,0.0,0.0,0.0,7,False,3|5|7|15,64,64,32,0.0002,8,1,1.0,0.6854982459545136,0.8965355897333334,0.33366496234666665,0.6663350376533334,0.6854982459545136,0.8965355897333334,0.33366496234666665,0.6663350376533334,0.6504617136716841,0.8931922182,0.34133875123333335,0.6586612487666667,0.6092224059005578,0.8732497934999999,0.3420588428333333,0.0031046919466666267,,,,,,,,,,,,,ok,0,True
E020,epoch_0001,1,normalized,add_proj,0.12,0.08,64,4,4.0,0.5,12.5,0.0,0.0,0.0,0.0,7,False,3|5|7|15,64,64,32,0.0002,8,1,1.0,0.6882865161498387,0.89578525824,0.3393036589333333,0.6606963410666666,0.6882865161498387,0.89578525824,0.3393036589333333,0.6606963410666666,0.6537065525352955,0.892669895266667,0.3472148740166667,0.6527851259833333,0.6194456661740939,0.86829987675,0.36267871283333336,0.00240359421333336,,,,,,,,,,,,,ok,0,True
E020,epoch_0002,2,normalized,add_proj,0.12,0.08,64,4,4.0,0.5,12.5,0.0,0.0,0.0,0.0,7,False,3|5|7|15,64,64,32,0.0002,8,1,1.0,0.6893229238986969,0.8939418834133334,0.3426260184,0.6573739815999999,0.6893229238986969,0.8939418834133334,0.3426260184,0.6573739815999999,0.65507395307223,0.8903148917166668,0.35140039465,0.64859960535,0.6202946829299132,0.8688714465,0.36701810991666667,0.00240359421333336,,,,,,,,,,,,,ok,0,True
E020,epoch_0003,3,normalized,add_proj,0.12,0.08,64,4,4.0,0.5,12.5,0.0,0.0,0.0,0.0,7,False,3|5|7|15,64,64,32,0.0002,8,1,1.0,0.6898623827695846,0.8942310869199999,0.34170725314666667,0.6582927468533333,0.6898623827695846,0.8942310869199999,0.34170725314666667,0.6582927468533333,0.6556846652925016,0.8903958195000001,0.35065792733333334,0.6493420726666667,0.6193469027678172,0.8704294618333333,0.365347068,0.00240359421333336,,,,,,,,,,,,,ok,0,True
E020,epoch_0004,4,normalized,add_proj,0.12,0.08,64,4,4.0,0.5,12.5,0.0,0.0,0.0,0.0,7,False,3|5|7|15,64,64,32,0.0002,8,1,1.0,0.6907674670616786,0.8937178136133334,0.34150105729333335,0.6584989427066666,0.6907674670616786,0.8937178136133334,0.34150105729333335,0.6584989427066666,0.6566850970685484,0.8898362763333335,0.3503129064,0.6496870936,0.6200064964592458,0.8685465493333333,0.36484248416666665,0.00240359421333336,,,,,,,,,,,,,ok,0,True
E020,epoch_0005,5,normalized,add_proj,0.12,0.08,64,4,4.0,0.5,12.5,0.0,0.0,0.0,0.0,7,False,3|5|7|15,64,64,32,0.0002,8,1,1.0,0.6903823609749477,0.8928070908533334,0.3411856226400001,0.6588143773599999,0.6903823609749477,0.8928070908533334,0.3411856226400001,0.6588143773599999,0.6561429779231548,0.8888061647166667,0.34964799271666663,0.6503520072833333,0.6190393226842086,0.86690384175,0.36032664108333334,0.00240359421333336,,,,,,,,,,,,,ok,0,True
E020,epoch_0006,6,normalized,add_proj,0.12,0.08,64,4,4.0,0.5,12.5,0.0,0.0,0.0,0.0,7,False,3|5|7|15,64,64,32,0.0002,8,1,1.0,0.6900084912379583,0.8912319456933333,0.34301683405333333,0.6569831659466667,0.6900084912379583,0.8912319456933333,0.34301683405333333,0.6569831659466667,0.6558694574733576,0.8871743728,0.35140875275,0.64859124725,0.6199626572430135,0.86278211525,0.3607893068333333,0.00240359421333336,,,,,,,,,,,,,ok,0,True
E020,epoch_0007,7,normalized,add_proj,0.12,0.08,64,4,4.0,0.5,12.5,0.0,0.0,0.0,0.0,7,False,3|5|7|15,64,64,32,0.0002,8,1,1.0,0.6904905636310578,0.8914013461599999,0.34394133624,0.65605866376,0.6904905636310578,0.8914013461599999,0.34394133624,0.65605866376,0.6563067920009295,0.8873295029833332,0.3524477543166667,0.6475522456833334,0.619689046094815,0.8621415136666667,0.36116125216666667,0.00240359421333336,,,,,,,,,,,,,ok,0,True
E020,epoch_0008,8,normalized,add_proj,0.12,0.08,64,4,4.0,0.5,12.5,0.0,0.0,0.0,0.0,7,False,3|5|7|15,64,64,32,0.0002,8,1,1.0,0.6889284468491873,0.8928960930266666,0.34276325138666663,0.6572367486133334,0.6889284468491873,0.8928960930266666,0.34276325138666663,0.6572367486133334,0.6544114447633426,0.8889060198333334,0.3512631088,0.6487368912,0.6162197331587473,0.8653071025000001,0.35510359833333327,0.00240359421333336,,,,,,,,,,,,,ok,0,True
E021,epoch_0001,1,normalized,add_proj,0.12,0.08,64,4,4.0,0.5,15.0,0.0,0.0,0.0,0.0,7,False,3|5|7|15,64,64,32,0.0002,8,1,1.0,0.6907042281627654,0.8917644802,0.3469563119733333,0.6530436880266667,0.6907042281627654,0.8917644802,0.3469563119733333,0.6530436880266667,0.6567423494656881,0.8882532561666666,0.35551835424999995,0.64448164575,0.6238470360636711,0.8618000860833334,0.3727976415,0.0038382366933332746,,,,,,,,,,,,,ok,0,True
E021,epoch_0002,2,normalized,add_proj,0.12,0.08,64,4,4.0,0.5,15.0,0.0,0.0,0.0,0.0,7,False,3|5|7|15,64,64,32,0.0002,8,1,1.0,0.692002602895101,0.8905252530133333,0.35030138895999996,0.64969861104,0.692002602895101,0.8905252530133333,0.35030138895999996,0.64969861104,0.6582110056281091,0.8867072985833333,0.3593143821166667,0.6406856178833333,0.6242408894002438,0.8632937821666667,0.3791263570833333,0.0038382366933332746,,,,,,,,,,,,,ok,0,True
E021,epoch_0003,3,normalized,add_proj,0.12,0.08,64,4,4.0,0.5,15.0,0.0,0.0,0.0,0.0,7,False,3|5|7|15,64,64,32,0.0002,8,1,1.0,0.6921006656090418,0.8909407768933333,0.3507945486666666,0.6492054513333334,0.6921006656090418,0.8909407768933333,0.3507945486666666,0.6492054513333334,0.6582974197963873,0.8868938153,0.3599870419333333,0.6400129580666667,0.6234011513491472,0.8645703585833333,0.3793885511666667,0.0038382366933332746,,,,,,,,,,,,,ok,0,True
E021,epoch_0004,4,normalized,add_proj,0.12,0.08,64,4,4.0,0.5,15.0,0.0,0.0,0.0,0.0,7,False,3|5|7|15,64,64,32,0.0002,8,1,1.0,0.6933321683009467,0.8891742499199999,0.35136705106666666,0.6486329489333333,0.6933321683009467,0.8891742499199999,0.35136705106666666,0.6486329489333333,0.6596150624255339,0.8846973325166665,0.36056593555000005,0.63943406445,0.62437227293849,0.8615506937499999,0.3774188525833334,0.0038382366933332746,,,,,,,,,,,,,ok,0,True
E021,epoch_0005,5,normalized,add_proj,0.12,0.08,64,4,4.0,0.5,15.0,0.0,0.0,0.0,0.0,7,False,3|5|7|15,64,64,32,0.0002,8,1,1.0,0.6935863492091499,0.8874847191066665,0.35247608101333333,0.6475239189866666,0.6935863492091499,0.8874847191066665,0.35247608101333333,0.6475239189866666,0.6599686547617118,0.8829489023166666,0.3614244477333334,0.6385755522666666,0.6245593103269735,0.8581391651666667,0.3741137965,0.0038382366933332746,,,,,,,,,,,,,ok,0,True
E021,epoch_0006,6,normalized,add_proj,0.12,0.08,64,4,4.0,0.5,15.0,0.0,0.0,0.0,0.0,7,False,3|5|7|15,64,64,32,0.0002,8,1,1.0,0.6936263078053791,0.8854000060133334,0.35412831304000003,0.64587168696,0.6936263078053791,0.8854000060133334,0.35412831304000003,0.64587168696,0.6602395447095235,0.8806557072166665,0.3629115682166667,0.6370884317833333,0.6245211203893026,0.8556046233333332,0.37254350733333336,0.0038382366933332746,,,,,,,,,,,,,ok,0,True
E021,epoch_0007,7,normalized,add_proj,0.12,0.08,64,4,4.0,0.5,15.0,0.0,0.0,0.0,0.0,7,False,3|5|7|15,64,64,32,0.0002,8,1,1.0,0.6941914136012395,0.8850447130133332,0.35562983676000004,0.64437016324,0.6941914136012395,0.8850447130133332,0.35562983676000004,0.64437016324,0.6608206173280876,0.8803243577,0.36456467085,0.63543532915,0.6261582359671592,0.8546318529999999,0.3740287140833334,0.0038382366933332746,,,,,,,,,,,,,ok,0,True
E021,epoch_0008,8,normalized,add_proj,0.12,0.08,64,4,4.0,0.5,15.0,0.0,0.0,0.0,0.0,7,False,3|5|7|15,64,64,32,0.0002,8,1,1.0,0.6928797596693039,0.8869343734533334,0.3541203296133333,0.6458796703866667,0.6928797596693039,0.8869343734533334,0.3541203296133333,0.6458796703866667,0.6591595425705115,0.88225177925,0.3631095882833333,0.6368904117166667,0.6229538775980472,0.8577137168333333,0.368214849,0.0038382366933332746,,,,,,,,,,,,,ok,0,True
E022,epoch_0001,1,normalized,add_proj,0.12,0.08,64,4,4.0,1.0,10.0,0.0,0.0,0.0,0.0,7,False,3|5|7|15,64,64,32,0.0002,8,1,1.0,0.6821583541631699,0.9010874188800001,0.3272006829333333,0.6727993170666666,0.6821583541631699,0.9010874188800001,0.3272006829333333,0.6727993170666666,0.6467033444344997,0.8988600167333335,0.33395125188333336,0.6660487481166666,0.6079272126158078,0.8804295762500001,0.3399053494166667,0.0010234024933333252,,,,,,,,,,,,,ok,0,True
E022,epoch_0002,2,normalized,add_proj,0.12,0.08,64,4,4.0,1.0,10.0,0.0,0.0,0.0,0.0,7,False,3|5|7|15,64,64,32,0.0002,8,1,1.0,0.684388314048449,0.8994226046533335,0.33113045193333335,0.6688695480666667,0.684388314048449,0.8994226046533335,0.33113045193333335,0.6688695480666667,0.6494506206611792,0.8965424085999999,0.33928152175,0.66071847825,0.6099051999549071,0.8801103471666667,0.3450866714166667,0.0010234024933333252,,,,,,,,,,,,,ok,0,True
E022,epoch_0003,3,normalized,add_proj,0.12,0.08,64,4,4.0,1.0,10.0,0.0,0.0,0.0,0.0,7,False,3|5|7|15,64,64,32,0.0002,8,1,1.0,0.6849832101662954,0.9010801094,0.32822408542666665,0.6717759145733333,0.6849832101662954,0.9010801094,0.32822408542666665,0.6717759145733333,0.6498407635092736,0.8980168615666667,0.3364826692,0.6635173308,0.6094899199903011,0.8823406649166666,0.3423176900833333,0.0010234024933333252,,,,,,,,,,,,,ok,0,True
E022,epoch_0004,4,normalized,add_proj,0.12,0.08,64,4,4.0,1.0,10.0,0.0,0.0,0.0,0.0,7,False,3|5|7|15,64,64,32,0.0002,8,1,1.0,0.6847941554784776,0.9014823534133334,0.3265142013733333,0.6734857986266667,0.6847941554784776,0.9014823534133334,0.3265142013733333,0.6734857986266667,0.6495935653150082,0.8983469596499999,0.3344987146666667,0.6655012853333333,0.6085836360851924,0.8820963115833333,0.341189392,0.0010234024933333252,,,,,,,,,,,,,ok,0,True
E022,epoch_0005,5,normalized,add_proj,0.12,0.08,64,4,4.0,1.0,10.0,0.0,0.0,0.0,0.0,7,False,3|5|7|15,64,64,32,0.0002,8,1,1.0,0.6850160826047262,0.9011100345733334,0.32692987954666664,0.6730701204533334,0.6850160826047262,0.9011100345733334,0.32692987954666664,0.6730701204533334,0.6497992124160131,0.8979082509166666,0.3346216816333333,0.6653783183666667,0.608626742909352,0.8825294878333334,0.3394832891666667,0.0010234024933333252,,,,,,,,,,,,,ok,0,True
E022,epoch_0006,6,normalized,add_proj,0.12,0.08,64,4,4.0,1.0,10.0,0.0,0.0,0.0,0.0,7,False,3|5|7|15,64,64,32,0.0002,8,1,1.0,0.6852304845650992,0.8986682242533334,0.33000954932,0.6699904506800001,0.6852304845650992,0.8986682242533334,0.33000954932,0.6699904506800001,0.6501009038090706,0.8952286059666668,0.3375664523666667,0.6624335476333333,0.6089172420402368,0.8783830548333332,0.3394380311666667,0.0010234024933333252,,,,,,,,,,,,,ok,0,True
E022,epoch_0007,7,normalized,add_proj,0.12,0.08,64,4,4.0,1.0,10.0,0.0,0.0,0.0,0.0,7,False,3|5|7|15,64,64,32,0.0002,8,1,1.0,0.6862751536766687,0.8969077973999999,0.33285748956,0.66714251044,0.6862751536766687,0.8969077973999999,0.33285748956,0.66714251044,0.6513515634834767,0.8933335264333333,0.3406992370666667,0.6593007629333333,0.6112850258747736,0.8737431571666665,0.3448887846666666,0.0010234024933333252,,,,,,,,,,,,,ok,0,True
E022,epoch_0008,8,normalized,add_proj,0.12,0.08,64,4,4.0,1.0,10.0,0.0,0.0,0.0,0.0,7,False,3|5|7|15,64,64,32,0.0002,8,1,1.0,0.6849583112398784,0.89829377916,0.33155750758666663,0.6684424924133334,0.6849583112398784,0.89829377916,0.33155750758666663,0.6684424924133334,0.6497166419029237,0.8949088134500001,0.33931994116666664,0.6606800588333334,0.6088743867973487,0.87672360675,0.3403099911666667,0.0010234024933333252,,,,,,,,,,,,,ok,0,True
E023,epoch_0001,1,normalized,add_proj,0.12,0.08,64,4,4.0,1.0,12.5,0.0,0.0,0.0,0.0,7,False,3|5|7|15,64,64,32,0.0002,8,1,1.0,0.6861935578187307,0.8979929897066667,0.3346299983333333,0.6653700016666667,0.6861935578187307,0.8979929897066667,0.3346299983333333,0.6653700016666667,0.6513687576850256,0.8952391028833333,0.34250325005,0.65749674995,0.6144492181638876,0.8742548234166667,0.35316657533333334,0.002469758746666717,,,,,,,,,,,,,ok,0,True
E023,epoch_0002,2,normalized,add_proj,0.12,0.08,64,4,4.0,1.0,12.5,0.0,0.0,0.0,0.0,7,False,3|5|7|15,64,64,32,0.0002,8,1,1.0,0.6881746569474538,0.8961203636133334,0.3377618068666667,0.6622381931333333,0.6881746569474538,0.8961203636133334,0.3377618068666667,0.6622381931333333,0.6535933419068654,0.89268255765,0.3467734758333333,0.6532265241666667,0.6173389616111914,0.8733588666666666,0.359676821,0.002469758746666717,,,,,,,,,,,,,ok,0,True
E023,epoch_0003,3,normalized,add_proj,0.12,0.08,64,4,4.0,1.0,12.5,0.0,0.0,0.0,0.0,7,False,3|5|7|15,64,64,32,0.0002,8,1,1.0,0.6883889265855154,0.8964101732533334,0.33709975708,0.6629002429199999,0.6883889265855154,0.8964101732533334,0.33709975708,0.6629002429199999,0.6538003964225451,0.8927394561833333,0.34623453618333333,0.6537654638166667,0.6158581602076689,0.8754401858333334,0.35766973283333336,0.002469758746666717,,,,,,,,,,,,,ok,0,True
E023,epoch_0004,4,normalized,add_proj,0.12,0.08,64,4,4.0,1.0,12.5,0.0,0.0,0.0,0.0,7,False,3|5|7|15,64,64,32,0.0002,8,1,1.0,0.6889822779099145,0.8965486197066668,0.33650374328,0.66349625672,0.6889822779099145,0.8965486197066668,0.33650374328,0.66349625672,0.654479380796353,0.8927952207833334,0.3455918588166666,0.6544081411833333,0.6154695476094881,0.8741291901666668,0.3574718225,0.002469758746666717,,,,,,,,,,,,,ok,0,True
E023,epoch_0005,5,normalized,add_proj,0.12,0.08,64,4,4.0,1.0,12.5,0.0,0.0,0.0,0.0,7,False,3|5|7|15,64,64,32,0.0002,8,1,1.0,0.6884131733576456,0.8961074465466666,0.33678981694666665,0.6632101830533333,0.6884131733576456,0.8961074465466666,0.33678981694666665,0.6632101830533333,0.6538320833444595,0.8923795884500001,0.3454009994166667,0.6545990005833333,0.6145290891329447,0.8740192768333332,0.35334455358333333,0.002469758746666717,,,,,,,,,,,,,ok,0,True
E023,epoch_0006,6,normalized,add_proj,0.12,0.08,64,4,4.0,1.0,12.5,0.0,0.0,0.0,0.0,7,False,3|5|7|15,64,64,32,0.0002,8,1,1.0,0.6885498964389165,0.8935834497466666,0.33979059506666665,0.6602094049333334,0.6885498964389165,0.8935834497466666,0.33979059506666665,0.6602094049333334,0.6542162211239337,0.8897968673666667,0.3482770686833333,0.6517229313166667,0.6156768468519052,0.8700514669166666,0.3544194180833333,0.002469758746666717,,,,,,,,,,,,,ok,0,True
E023,epoch_0007,7,normalized,add_proj,0.12,0.08,64,4,4.0,1.0,12.5,0.0,0.0,0.0,0.0,7,False,3|5|7|15,64,64,32,0.0002,8,1,1.0,0.6890942119757334,0.8925719240933333,0.34194252368,0.65805747632,0.6890942119757334,0.8925719240933333,0.34194252368,0.65805747632,0.654699794948101,0.8886051203,0.35053015691666667,0.6494698430833333,0.6165289672712485,0.8671591425833335,0.35735367883333335,0.002469758746666717,,,,,,,,,,,,,ok,0,True
E023,epoch_0008,8,normalized,add_proj,0.12,0.08,64,4,4.0,1.0,12.5,0.0,0.0,0.0,0.0,7,False,3|5|7|15,64,64,32,0.0002,8,1,1.0,0.687636083960533,0.8939540565466666,0.34069688797333336,0.6593031120266666,0.687636083960533,0.8939540565466666,0.34069688797333336,0.6593031120266666,0.6529633228480816,0.8902569773166666,0.3491335871333333,0.6508664128666667,0.6136828911801179,0.87018263575,0.35130127699999997,0.002469758746666717,,,,,,,,,,,,,ok,0,True
E024,epoch_0001,1,normalized,add_proj,0.12,0.08,64,4,4.0,1.0,15.0,0.0,0.0,0.0,0.0,7,False,3|5|7|15,64,64,32,0.0002,8,1,1.0,0.6892467471758523,0.8941830682000002,0.3425431627333333,0.6574568372666667,0.6892467471758523,0.8941830682000002,0.3425431627333333,0.6574568372666667,0.6549365753928821,0.8909041909166667,0.3510929693833333,0.6489070306166667,0.6208875566720963,0.8677247910000001,0.3641902673333333,0.0030356989066667173,,,,,,,,,,,,,ok,0,True
E024,epoch_0002,2,normalized,add_proj,0.12,0.08,64,4,4.0,1.0,15.0,0.0,0.0,0.0,0.0,7,False,3|5|7|15,64,64,32,0.0002,8,1,1.0,0.6906558073361714,0.8922745655866667,0.34607353096,0.65392646904,0.6906558073361714,0.8922745655866667,0.34607353096,0.65392646904,0.6566926857829094,0.8884375480500001,0.3555799940333334,0.6444200059666666,0.6213570654392242,0.8680319000833334,0.37082746800000005,0.0030356989066667173,,,,,,,,,,,,,ok,0,True
E024,epoch_0003,3,normalized,add_proj,0.12,0.08,64,4,4.0,1.0,15.0,0.0,0.0,0.0,0.0,7,False,3|5|7|15,64,64,32,0.0002,8,1,1.0,0.6913883790572484,0.8924628739733333,0.34557886164,0.65442113836,0.6913883790572484,0.8924628739733333,0.34557886164,0.65442113836,0.6575201551616192,0.8884675229666668,0.3550418771166667,0.6449581228833333,0.6214952404300372,0.8694935529166667,0.37104123433333336,0.0030356989066667173,,,,,,,,,,,,,ok,0,True
E024,epoch_0004,4,normalized,add_proj,0.12,0.08,64,4,4.0,1.0,15.0,0.0,0.0,0.0,0.0,7,False,3|5|7|15,64,64,32,0.0002,8,1,1.0,0.6921732344230017,0.8922321406266667,0.3463411562533333,0.6536588437466667,0.6921732344230017,0.8922321406266667,0.3463411562533333,0.6536588437466667,0.6582977670927843,0.8880734697499999,0.35558265050000004,0.6444173495,0.6214380189776421,0.8678600465833334,0.37141184958333334,0.0030356989066667173,,,,,,,,,,,,,ok,0,True
E024,epoch_0005,5,normalized,add_proj,0.12,0.08,64,4,4.0,1.0,15.0,0.0,0.0,0.0,0.0,7,False,3|5|7|15,64,64,32,0.0002,8,1,1.0,0.6911366089582444,0.89180697448,0.34534941180000006,0.6546505882,0.6911366089582444,0.89180697448,0.34534941180000006,0.6546505882,0.6570255926748116,0.8877033424666665,0.3541964544,0.6458035456,0.6198367357254029,0.8677344773333333,0.36429904525000006,0.0030356989066667173,,,,,,,,,,,,,ok,0,True
E024,epoch_0006,6,normalized,add_proj,0.12,0.08,64,4,4.0,1.0,15.0,0.0,0.0,0.0,0.0,7,False,3|5|7|15,64,64,32,0.0002,8,1,1.0,0.6914372361501059,0.8890295372133333,0.34699059798666665,0.6530094020133334,0.6914372361501059,0.8890295372133333,0.34699059798666665,0.6530094020133334,0.6575976165135702,0.8846294742999999,0.35573257128333335,0.6442674287166666,0.6208263427019118,0.8633082320000001,0.36412179224999996,0.0030356989066667173,,,,,,,,,,,,,ok,0,True
E024,epoch_0007,7,normalized,add_proj,0.12,0.08,64,4,4.0,1.0,15.0,0.0,0.0,0.0,0.0,7,False,3|5|7|15,64,64,32,0.0002,8,1,1.0,0.6918765408992766,0.8883529860133332,0.34916803658666656,0.6508319634133335,0.6918765408992766,0.8883529860133332,0.34916803658666656,0.6508319634133335,0.6580592680970828,0.8839792127666666,0.35814387439999995,0.6418561256,0.6224773834149042,0.859958991,0.3679861493333333,0.0030356989066667173,,,,,,,,,,,,,ok,0,True
E024,epoch_0008,8,normalized,add_proj,0.12,0.08,64,4,4.0,1.0,15.0,0.0,0.0,0.0,0.0,7,False,3|5|7|15,64,64,32,0.0002,8,1,1.0,0.6906144095659257,0.8896968057733335,0.3480065629466666,0.6519934370533333,0.6906144095659257,0.8896968057733335,0.3480065629466666,0.6519934370533333,0.6565517796576023,0.8854164550333333,0.3569549451833333,0.6430450548166666,0.61967736830314,0.8627810309166667,0.36201069108333334,0.0030356989066667173,,,,,,,,,,,,,ok,0,True
E025,epoch_0001,1,add_proj,add_proj,0.12,0.08,64,4,2.0,1.0,12.5,0.0,0.0,0.0,0.0,7,False,3|5|7|15,64,64,32,0.0002,8,1,1.0,0.6930565042893092,0.8876472449733334,0.3581628873466666,0.6418371126533333,0.6930565042893092,0.8876472449733334,0.3581628873466666,0.6418371126533333,0.6596788280705612,0.8835307764833333,0.3676032441833333,0.6323967558166668,0.6276818794508775,0.8573280706666666,0.3854121908333333,0.0032305598266667013,,,,,,,,,,,,,ok,0,True
E025,epoch_0002,2,add_proj,add_proj,0.12,0.08,64,4,2.0,1.0,12.5,0.0,0.0,0.0,0.0,7,False,3|5|7|15,64,64,32,0.0002,8,1,1.0,0.6936965550978978,0.8861246537333334,0.3592568685333334,0.6407431314666666,0.6936965550978978,0.8861246537333334,0.3592568685333334,0.6407431314666666,0.6602252202729384,0.8817013286,0.36942653398333336,0.6305734660166666,0.6264768595496815,0.8597821395,0.3885490478333334,0.0032305598266667013,,,,,,,,,,,,,ok,0,True
E025,epoch_0003,3,add_proj,add_proj,0.12,0.08,64,4,2.0,1.0,12.5,0.0,0.0,0.0,0.0,7,False,3|5|7|15,64,64,32,0.0002,8,1,1.0,0.6947068381309509,0.8848040812800001,0.3613934471733333,0.6386065528266667,0.6947068381309509,0.8848040812800001,0.3613934471733333,0.6386065528266667,0.6615548474589985,0.8802413792999999,0.3718074365833333,0.6281925634166667,0.6278236957887808,0.8597395674999999,0.39552862391666666,0.0032305598266667013,,,,,,,,,,,,,ok,0,True
E025,epoch_0004,4,add_proj,add_proj,0.12,0.08,64,4,2.0,1.0,12.5,0.0,0.0,0.0,0.0,7,False,3|5|7|15,64,64,32,0.0002,8,1,1.0,0.6961380003293356,0.8819040632933333,0.36446838150666666,0.6355316184933333,0.6961380003293356,0.8819040632933333,0.36446838150666666,0.6355316184933333,0.6633918330073356,0.8770950582666666,0.37487327228333334,0.6251267277166667,0.6298164042333763,0.8558391468333333,0.39922224716666666,0.0032305598266667013,,,,,,,,,,,,,ok,0,True
E025,epoch_0005,5,add_proj,add_proj,0.12,0.08,64,4,2.0,1.0,12.5,0.0,0.0,0.0,0.0,7,False,3|5|7|15,64,64,32,0.0002,8,1,1.0,0.6962368150154749,0.87997727504,0.3658582860533333,0.6341417139466667,0.6962368150154749,0.87997727504,0.3658582860533333,0.6341417139466667,0.6634441452721754,0.8750192959166666,0.37605726041666665,0.6239427395833334,0.6307610780000686,0.85334755625,0.39457193916666666,0.0032305598266667013,,,,,,,,,,,,,ok,0,True
E025,epoch_0006,6,add_proj,add_proj,0.12,0.08,64,4,2.0,1.0,12.5,0.0,0.0,0.0,0.0,7,False,3|5|7|15,64,64,32,0.0002,8,1,1.0,0.6963521357377371,0.8766253850533333,0.36878992746666667,0.6312100725333334,0.6963521357377371,0.8766253850533333,0.36878992746666667,0.6312100725333334,0.6638198501865069,0.8714468421999999,0.3788476808833333,0.6211523191166667,0.6326058380305768,0.8502505025833333,0.39478548466666663,0.0032305598266667013,,,,,,,,,,,,,ok,0,True
E025,epoch_0007,7,add_proj,add_proj,0.12,0.08,64,4,2.0,1.0,12.5,0.0,0.0,0.0,0.0,7,False,3|5|7|15,64,64,32,0.0002,8,1,1.0,0.6969971800247827,0.8755494736666667,0.37099659928,0.62900340072,0.6969971800247827,0.8755494736666667,0.37099659928,0.62900340072,0.66447464838624,0.8704278917666667,0.38119144125,0.6188085587500001,0.6337442410488923,0.8473156380833333,0.39823279991666666,0.0032305598266667013,,,,,,,,,,,,,ok,0,True
E025,epoch_0008,8,add_proj,add_proj,0.12,0.08,64,4,2.0,1.0,12.5,0.0,0.0,0.0,0.0,7,False,3|5|7|15,64,64,32,0.0002,8,1,1.0,0.6962024169762931,0.8769169446799999,0.37078935758666676,0.6292106424133332,0.6962024169762931,0.8769169446799999,0.37078935758666676,0.6292106424133332,0.663471273481846,0.8717288971666667,0.38104361843333334,0.6189563815666667,0.6318789298335711,0.8493199455,0.39213067783333333,0.0032305598266667013,,,,,,,,,,,,,ok,0,True
E026,epoch_0001,1,none,add_proj,0.12,0.08,64,4,2.0,1.0,12.5,0.0,0.0,0.0,0.0,7,False,3|5|7|15,64,64,32,0.0002,8,1,1.0,0.6912232932647068,0.8869779001466667,0.35943756547999994,0.6405624345200001,0.6912232932647068,0.8869779001466667,0.35943756547999994,0.6405624345200001,0.6575496178368727,0.8827679113666667,0.3692856304666667,0.6307143695333333,0.6226370672384898,0.8631614068333333,0.37979992783333333,0.009090788413333328,,,,,,,,,,,,,ok,0,True
E026,epoch_0002,2,none,add_proj,0.12,0.08,64,4,2.0,1.0,12.5,0.0,0.0,0.0,0.0,7,False,3|5|7|15,64,64,32,0.0002,8,1,1.0,0.6940751088460287,0.8839712168266665,0.3662203196666667,0.6337796803333333,0.6940751088460287,0.8839712168266665,0.3662203196666667,0.6337796803333333,0.6610121562083562,0.8792392716333334,0.37732964593333335,0.6226703540666667,0.6275302805006504,0.8608058059166666,0.39598170108333336,0.009090788413333328,,,,,,,,,,,,,ok,0,True
E026,epoch_0003,3,none,add_proj,0.12,0.08,64,4,2.0,1.0,12.5,0.0,0.0,0.0,0.0,7,False,3|5|7|15,64,64,32,0.0002,8,1,1.0,0.6941751871109009,0.8832736207199998,0.36852835389333327,0.6314716461066667,0.6941751871109009,0.8832736207199998,0.36852835389333327,0.6314716461066667,0.6610947041710217,0.8785933666,0.37927998101666666,0.6207200189833333,0.6275006686647733,0.8610201363333334,0.4006881179166667,0.009090788413333328,,,,,,,,,,,,,ok,0,True
E026,epoch_0004,4,none,add_proj,0.12,0.08,64,4,2.0,1.0,12.5,0.0,0.0,0.0,0.0,7,False,3|5|7|15,64,64,32,0.0002,8,1,1.0,0.6948218917449316,0.8819166799733335,0.37278590009333334,0.6272140999066667,0.6948218917449316,0.8819166799733335,0.37278590009333334,0.6272140999066667,0.6620581865807375,0.8773771455833332,0.3834773113,0.6165226886999999,0.6292929540077845,0.86013141575,0.4063509075833333,0.009090788413333328,,,,,,,,,,,,,ok,0,True
E026,epoch_0005,5,none,add_proj,0.12,0.08,64,4,2.0,1.0,12.5,0.0,0.0,0.0,0.0,7,False,3|5|7|15,64,64,32,0.0002,8,1,1.0,0.6944851403236388,0.8804003256133334,0.37359752088,0.62640247912,0.6944851403236388,0.8804003256133334,0.37359752088,0.62640247912,0.6616205520431201,0.8757835109000001,0.38398439245000004,0.61601560755,0.629249352713426,0.8601673169166666,0.40252608283333335,0.009090788413333328,,,,,,,,,,,,,ok,0,True
E026,epoch_0006,6,none,add_proj,0.12,0.08,64,4,2.0,1.0,12.5,0.0,0.0,0.0,0.0,7,False,3|5|7|15,64,64,32,0.0002,8,1,1.0,0.6946342395941417,0.8766462176533332,0.37651728124,0.62348271876,0.6946342395941417,0.8766462176533332,0.37651728124,0.62348271876,0.661993695795536,0.8716959196333333,0.38710060515,0.61289939485,0.6288868350287279,0.8577017369166666,0.3994478645,0.009090788413333328,,,,,,,,,,,,,ok,0,True
E026,epoch_0007,7,none,add_proj,0.12,0.08,64,4,2.0,1.0,12.5,0.0,0.0,0.0,0.0,7,False,3|5|7|15,64,64,32,0.0002,8,1,1.0,0.6960070811907451,0.8723534395599999,0.3822280980799999,0.6177719019200001,0.6960070811907451,0.8723534395599999,0.3822280980799999,0.6177719019200001,0.6637817299365998,0.8672716058666667,0.39316862210000003,0.6068313779,0.6320778625706832,0.8545607344166667,0.40773493924999993,0.009090788413333328,,,,,,,,,,,,,ok,0,True
E026,epoch_0008,8,none,add_proj,0.12,0.08,64,4,2.0,1.0,12.5,0.0,0.0,0.0,0.0,7,False,3|5|7|15,64,64,32,0.0002,8,1,1.0,0.6946297863324484,0.8730791469466667,0.38020660594666666,0.6197933940533333,0.6946297863324484,0.8730791469466667,0.38020660594666666,0.6197933940533333,0.6620320494969686,0.8681028676166666,0.39098500785,0.60901499215,0.629733236382405,0.8558578793333333,0.4007253393333333,0.009090788413333328,,,,,,,,,,,,,ok,0,True
E027,epoch_0001,1,add_proj,add_proj,0.12,0.08,64,4,3.0,1.0,12.5,0.0,0.0,0.0,0.0,7,False,3|5|7|15,64,64,32,0.0002,8,1,1.0,0.689780523777008,0.8933520578533333,0.34583946033333335,0.6541605396666667,0.689780523777008,0.8933520578533333,0.34583946033333335,0.6541605396666667,0.6554898687203725,0.8899343631833334,0.3544467968,0.6455532032,0.621527681996425,0.86671171575,0.36743561275,0.0044754239066666646,,,,,,,,,,,,,ok,0,True
E027,epoch_0002,2,add_proj,add_proj,0.12,0.08,64,4,3.0,1.0,12.5,0.0,0.0,0.0,0.0,7,False,3|5|7|15,64,64,32,0.0002,8,1,1.0,0.6913719077905018,0.8912303606133335,0.34814886970666664,0.6518511302933334,0.6913719077905018,0.8912303606133335,0.34814886970666664,0.6518511302933334,0.6574771754940351,0.8872264773333335,0.3578437874666667,0.6421562125333333,0.6219526747862498,0.868442549,0.37213323725,0.0044754239066666646,,,,,,,,,,,,,ok,0,True
E027,epoch_0003,3,add_proj,add_proj,0.12,0.08,64,4,3.0,1.0,12.5,0.0,0.0,0.0,0.0,7,False,3|5|7|15,64,64,32,0.0002,8,1,1.0,0.6925374138752619,0.8911194961866667,0.35031488424,0.64968511576,0.6925374138752619,0.8911194961866667,0.35031488424,0.64968511576,0.6587997149924437,0.8869748633833334,0.36038023685,0.63961976315,0.6231092038253943,0.8676891958333334,0.37994188816666663,0.0044754239066666646,,,,,,,,,,,,,ok,0,True
E027,epoch_0004,4,add_proj,add_proj,0.12,0.08,64,4,3.0,1.0,12.5,0.0,0.0,0.0,0.0,7,False,3|5|7|15,64,64,32,0.0002,8,1,1.0,0.6930368975798289,0.8909626631733335,0.35046899550666666,0.6495310044933333,0.6930368975798289,0.8909626631733335,0.35046899550666666,0.6495310044933333,0.6593412994345029,0.8867641364333334,0.36012057635,0.6398794236500001,0.6240252584218979,0.8656383935,0.37890788175,0.0044754239066666646,,,,,,,,,,,,,ok,0,True
E027,epoch_0005,5,add_proj,add_proj,0.12,0.08,64,4,3.0,1.0,12.5,0.0,0.0,0.0,0.0,7,False,3|5|7|15,64,64,32,0.0002,8,1,1.0,0.6928111830155056,0.8901645958533335,0.3500484219333334,0.6499515780666666,0.6928111830155056,0.8901645958533335,0.3500484219333334,0.6499515780666666,0.6590728979806105,0.8859439118999999,0.3593560993833333,0.6406439006166667,0.6236707905928294,0.8650999456666667,0.3739497488333333,0.0044754239066666646,,,,,,,,,,,,,ok,0,True
E027,epoch_0006,6,add_proj,add_proj,0.12,0.08,64,4,3.0,1.0,12.5,0.0,0.0,0.0,0.0,7,False,3|5|7|15,64,64,32,0.0002,8,1,1.0,0.6924530592362086,0.8880883578,0.3508300380266667,0.6491699619733333,0.6924530592362086,0.8880883578,0.3508300380266667,0.6491699619733333,0.6588213401536147,0.8836811587,0.3600252465166667,0.6399747534833333,0.6234596704443296,0.8623512461666667,0.37129884808333335,0.0044754239066666646,,,,,,,,,,,,,ok,0,True
E027,epoch_0007,7,add_proj,add_proj,0.12,0.08,64,4,3.0,1.0,12.5,0.0,0.0,0.0,0.0,7,False,3|5|7|15,64,64,32,0.0002,8,1,1.0,0.6930674559672674,0.8868524747466666,0.3531611331733333,0.6468388668266667,0.6930674559672674,0.8868524747466666,0.3531611331733333,0.6468388668266667,0.6594457542399565,0.88225710865,0.3625736275666666,0.6374263724333333,0.6250051120917002,0.8597830053333333,0.3737672340833333,0.0044754239066666646,,,,,,,,,,,,,ok,0,True
E027,epoch_0008,8,add_proj,add_proj,0.12,0.08,64,4,3.0,1.0,12.5,0.0,0.0,0.0,0.0,7,False,3|5|7|15,64,64,32,0.0002,8,1,1.0,0.6912646511395772,0.8884236808666666,0.35210213314666666,0.6478978668533333,0.6912646511395772,0.8884236808666666,0.35210213314666666,0.6478978668533333,0.6573268618186315,0.8840711559666667,0.3614891230833333,0.6385108769166667,0.6212279995282491,0.8628787009999999,0.3670753695833333,0.0044754239066666646,,,,,,,,,,,,,ok,0,True
E028,epoch_0001,1,none,add_proj,0.12,0.08,64,4,3.0,1.0,12.5,0.0,0.0,0.0,0.0,7,False,3|5|7|15,64,64,32,0.0002,8,1,1.0,0.687933989882469,0.8918857771333333,0.34946505456000004,0.65053494544,0.687933989882469,0.8918857771333333,0.34946505456000004,0.65053494544,0.653691611935695,0.8883540816166666,0.3582973238666667,0.6417026761333333,0.6170148206253846,0.8692008994166667,0.36311654824999995,0.0032087403866665754,,,,,,,,,,,,,ok,0,True
E028,epoch_0002,2,none,add_proj,0.12,0.08,64,4,3.0,1.0,12.5,0.0,0.0,0.0,0.0,7,False,3|5|7|15,64,64,32,0.0002,8,1,1.0,0.6905006613334019,0.8894732972666667,0.35254881588000003,0.6474511841199999,0.6905006613334019,0.8894732972666667,0.35254881588000003,0.6474511841199999,0.6567680408060552,0.8852324229833334,0.362630258,0.637369742,0.6214988032976786,0.8667863998333332,0.371588319,0.0032087403866665754,,,,,,,,,,,,,ok,0,True
E028,epoch_0003,3,none,add_proj,0.12,0.08,64,4,3.0,1.0,12.5,0.0,0.0,0.0,0.0,7,False,3|5|7|15,64,64,32,0.0002,8,1,1.0,0.690879277030627,0.8906210705599998,0.3526737949466666,0.6473262050533334,0.690879277030627,0.8906210705599998,0.3526737949466666,0.6473262050533334,0.6570485163231691,0.8865056299166667,0.36246692025,0.6375330797500001,0.621106430143118,0.86897843375,0.37255196924999995,0.0032087403866665754,,,,,,,,,,,,,ok,0,True
E028,epoch_0004,4,none,add_proj,0.12,0.08,64,4,3.0,1.0,12.5,0.0,0.0,0.0,0.0,7,False,3|5|7|15,64,64,32,0.0002,8,1,1.0,0.6920957406759262,0.8892378970666668,0.3557915184533333,0.6442084815466667,0.6920957406759262,0.8892378970666668,0.3557915184533333,0.6442084815466667,0.6584868521988392,0.8849664353333333,0.36558841356666666,0.6344115864333333,0.6232343100011349,0.8673508571666666,0.37825178675,0.0032087403866665754,,,,,,,,,,,,,ok,0,True
E028,epoch_0005,5,none,add_proj,0.12,0.08,64,4,3.0,1.0,12.5,0.0,0.0,0.0,0.0,7,False,3|5|7|15,64,64,32,0.0002,8,1,1.0,0.6922338668107986,0.8882392667066666,0.35882698782666667,0.6411730121733333,0.6922338668107986,0.8882392667066666,0.35882698782666667,0.6411730121733333,0.6587842895090581,0.8839217680500001,0.3686287414666666,0.6313712585333334,0.6243710326651732,0.8661146700833333,0.38095947249999995,0.0032087403866665754,,,,,,,,,,,,,ok,0,True
E028,epoch_0006,6,none,add_proj,0.12,0.08,64,4,3.0,1.0,12.5,0.0,0.0,0.0,0.0,7,False,3|5|7|15,64,64,32,0.0002,8,1,1.0,0.6927831218640008,0.8853263763466667,0.36152450360000005,0.6384754963999999,0.6927831218640008,0.8853263763466667,0.36152450360000005,0.6384754963999999,0.659435466080904,0.8808538883000001,0.37141807461666676,0.6285819253833332,0.6245188876986504,0.8646881960833334,0.3778670981666667,0.0032087403866665754,,,,,,,,,,,,,ok,0,True
E028,epoch_0007,7,none,add_proj,0.12,0.08,64,4,3.0,1.0,12.5,0.0,0.0,0.0,0.0,7,False,3|5|7|15,64,64,32,0.0002,8,1,1.0,0.6933643610080084,0.8826384123600001,0.3653370361333333,0.6346629638666668,0.6933643610080084,0.8826384123600001,0.3653370361333333,0.6346629638666668,0.6602314887940886,0.8779407599333332,0.3754591402833333,0.6245408597166666,0.6263024295369783,0.8619548463333334,0.38428427991666675,0.0032087403866665754,,,,,,,,,,,,,ok,0,True
E028,epoch_0008,8,none,add_proj,0.12,0.08,64,4,3.0,1.0,12.5,0.0,0.0,0.0,0.0,7,False,3|5|7|15,64,64,32,0.0002,8,1,1.0,0.692193107485771,0.8840220891866666,0.3630307776266667,0.6369692223733333,0.692193107485771,0.8840220891866666,0.3630307776266667,0.6369692223733333,0.6586298397680125,0.8794175907666666,0.37285712618333333,0.6271428738166667,0.6237735023101171,0.8645397445,0.3758222875,0.0032087403866665754,,,,,,,,,,,,,ok,0,True
E029,epoch_0001,1,normalized,add_proj,0.12,0.08,64,4,2.0,0.5,12.5,0.0,0.0,0.0,0.0,7,True,1|3|5|9,64,64,32,0.0002,8,1,1.0,0.6854623962640762,0.8635328542133334,0.3622765821866667,0.6377234178133333,0.6854623962640762,0.8635328542133334,0.3622765821866667,0.6377234178133333,0.653519201129675,0.8606593287666666,0.36687789248333336,0.6331221075166666,0.6183973227938016,0.8434501190833333,0.3721379765833333,-0.00452084130666669,,,,,,,,,,,,,ok,0,True
E029,epoch_0002,2,normalized,add_proj,0.12,0.08,64,4,2.0,0.5,12.5,0.0,0.0,0.0,0.0,7,True,1|3|5|9,64,64,32,0.0002,8,1,1.0,0.686354283650716,0.8606384809733334,0.36253226892,0.63746773108,0.686354283650716,0.8606384809733334,0.36253226892,0.63746773108,0.6546130898594856,0.8574908860166668,0.3673444065333334,0.6326555934666667,0.6219712679584821,0.8360763290833334,0.37837864683333333,-0.00452084130666669,,,,,,,,,,,,,ok,0,True
E029,epoch_0003,3,normalized,add_proj,0.12,0.08,64,4,2.0,0.5,12.5,0.0,0.0,0.0,0.0,7,True,1|3|5|9,64,64,32,0.0002,8,1,1.0,0.6860237179994584,0.8655539294266665,0.35775574088,0.6422442591199999,0.6860237179994584,0.8655539294266665,0.35775574088,0.6422442591199999,0.6538544916609923,0.8621822689166667,0.3625613698833333,0.6374386301166667,0.6193120621144772,0.8385023539166666,0.37196820925000007,-0.00452084130666669,,,,,,,,,,,,,ok,0,True
E029,epoch_0004,4,normalized,add_proj,0.12,0.08,64,4,2.0,0.5,12.5,0.0,0.0,0.0,0.0,7,True,1|3|5|9,64,64,32,0.0002,8,1,1.0,0.6852522784868875,0.8688333638399999,0.35459253847999994,0.6454074615200001,0.6852522784868875,0.8688333638399999,0.35459253847999994,0.6454074615200001,0.6524027626713117,0.8653876686166665,0.35948251784999996,0.64051748215,0.6158395409584045,0.8414591494999999,0.3655568690833333,-0.00452084130666669,,,,,,,,,,,,,ok,0,True
E029,epoch_0005,5,normalized,add_proj,0.12,0.08,64,4,2.0,0.5,12.5,0.0,0.0,0.0,0.0,7,True,1|3|5|9,64,64,32,0.0002,8,1,1.0,0.6837814240455627,0.8709578386533333,0.3522145143866667,0.6477854856133334,0.6837814240455627,0.8709578386533333,0.3522145143866667,0.6477854856133334,0.650352623263995,0.8675544051999999,0.3571485513666667,0.6428514486333333,0.6138010223706564,0.84264012025,0.3599293621666666,-0.00452084130666669,,,,,,,,,,,,,ok,0,True
E029,epoch_0006,6,normalized,add_proj,0.12,0.08,64,4,2.0,0.5,12.5,0.0,0.0,0.0,0.0,7,True,1|3|5|9,64,64,32,0.0002,8,1,1.0,0.6845282293160757,0.86829377692,0.3555662630133334,0.6444337369866666,0.6845282293160757,0.86829377692,0.3555662630133334,0.6444337369866666,0.6514991541703541,0.8647522841333333,0.3610282421166667,0.6389717578833334,0.6160948445399602,0.8379743780833333,0.36492137300000005,-0.00452084130666669,,,,,,,,,,,,,ok,0,True
E029,epoch_0007,7,normalized,add_proj,0.12,0.08,64,4,2.0,0.5,12.5,0.0,0.0,0.0,0.0,7,True,1|3|5|9,64,64,32,0.0002,8,1,1.0,0.6852745079199473,0.8660452421066667,0.35868675708,0.64131324292,0.6852745079199473,0.8660452421066667,0.35868675708,0.64131324292,0.6524066743254662,0.8622012445333332,0.3643391174166667,0.6356608825833333,0.6176149601737657,0.8362461157499999,0.36837491325000005,-0.00452084130666669,,,,,,,,,,,,,ok,0,True
E029,epoch_0008,8,normalized,add_proj,0.12,0.08,64,4,2.0,0.5,12.5,0.0,0.0,0.0,0.0,7,True,1|3|5|9,64,64,32,0.0002,8,1,1.0,0.6842570602099101,0.8635751136266667,0.35975006276000004,0.6402499372399999,0.6842570602099101,0.8635751136266667,0.35975006276000004,0.6402499372399999,0.6517062034209569,0.8600741175333333,0.36532187006666667,0.6346781299333333,0.6168138712644577,0.8361769984166667,0.3669805510833334,-0.00452084130666669,,,,,,,,,,,,,ok,0,True
E030,epoch_0001,1,normalized,add_proj,0.12,0.08,64,4,2.0,1.0,12.5,0.0,0.0,0.0,0.0,7,True,1|3|5|9,64,64,32,0.0002,8,1,1.0,0.6816894872983298,0.8737414390399999,0.34756977601333333,0.6524302239866666,0.6816894872983298,0.8737414390399999,0.34756977601333333,0.6524302239866666,0.6485749814907709,0.8711196871166667,0.35220919475,0.64779080525,0.6086169078946113,0.8550258685000001,0.35705570875000003,0.003280832000000067,,,,,,,,,,,,,ok,0,True
E030,epoch_0002,2,normalized,add_proj,0.12,0.08,64,4,2.0,1.0,12.5,0.0,0.0,0.0,0.0,7,True,1|3|5|9,64,64,32,0.0002,8,1,1.0,0.6846805906295776,0.8684769964399999,0.35231456724,0.64768543276,0.6846805906295776,0.8684769964399999,0.35231456724,0.64768543276,0.6521675462524097,0.86533236405,0.35729771088333334,0.6427022891166667,0.6139485215147336,0.8475698837499999,0.36022513200000006,0.003280832000000067,,,,,,,,,,,,,ok,0,True
E030,epoch_0003,3,normalized,add_proj,0.12,0.08,64,4,2.0,1.0,12.5,0.0,0.0,0.0,0.0,7,True,1|3|5|9,64,64,32,0.0002,8,1,1.0,0.6853603493769963,0.8712446866533334,0.3508506080133334,0.6491493919866667,0.6853603493769963,0.8712446866533334,0.3508506080133334,0.6491493919866667,0.6526272941132387,0.86820243045,0.35591682351666665,0.6440831764833334,0.6153209584454696,0.8493389561666665,0.3578859108333334,0.003280832000000067,,,,,,,,,,,,,ok,0,True
E030,epoch_0004,4,normalized,add_proj,0.12,0.08,64,4,2.0,1.0,12.5,0.0,0.0,0.0,0.0,7,True,1|3|5|9,64,64,32,0.0002,8,1,1.0,0.6842770760059357,0.87487387764,0.34589546396000004,0.65410453604,0.6842770760059357,0.87487387764,0.34589546396000004,0.65410453604,0.6509041252732277,0.8719521668500001,0.3509701717833333,0.6490298282166667,0.6127685571710269,0.8511633579166666,0.35294008941666655,0.003280832000000067,,,,,,,,,,,,,ok,0,True
E030,epoch_0005,5,normalized,add_proj,0.12,0.08,64,4,2.0,1.0,12.5,0.0,0.0,0.0,0.0,7,True,1|3|5|9,64,64,32,0.0002,8,1,1.0,0.682305899699529,0.87502454992,0.34467842369333335,0.6553215763066667,0.682305899699529,0.87502454992,0.34467842369333335,0.6553215763066667,0.6485818122824033,0.8723994993333333,0.34955361065,0.65044638935,0.6094501167535782,0.8518669673333333,0.3496020370833334,0.003280832000000067,,,,,,,,,,,,,ok,0,True
E030,epoch_0006,6,normalized,add_proj,0.12,0.08,64,4,2.0,1.0,12.5,0.0,0.0,0.0,0.0,7,True,1|3|5|9,64,64,32,0.0002,8,1,1.0,0.6828520451784135,0.8703443747066667,0.3508437645866666,0.6491562354133333,0.6828520451784135,0.8703443747066667,0.3508437645866666,0.6491562354133333,0.6495779397586982,0.8673785294833332,0.35621261335,0.64378738665,0.6102411399284999,0.84580284025,0.35517014341666664,0.003280832000000067,,,,,,,,,,,,,ok,0,True
E030,epoch_0007,7,normalized,add_proj,0.12,0.08,64,4,2.0,1.0,12.5,0.0,0.0,0.0,0.0,7,True,1|3|5|9,64,64,32,0.0002,8,1,1.0,0.6834158151547115,0.8683506116533333,0.35350873295999996,0.64649126704,0.6834158151547115,0.8683506116533333,0.35350873295999996,0.64649126704,0.6504636035859584,0.8653478891999999,0.35912048534999996,0.64087951465,0.6111082650721072,0.845006854,0.35848295075000003,0.003280832000000067,,,,,,,,,,,,,ok,0,True
E030,epoch_0008,8,normalized,add_proj,0.12,0.08,64,4,2.0,1.0,12.5,0.0,0.0,0.0,0.0,7,True,1|3|5|9,64,64,32,0.0002,8,1,1.0,0.6827594081163406,0.8667688851866666,0.3528823564533333,0.6471176435466667,0.6827594081163406,0.8667688851866666,0.3528823564533333,0.6471176435466667,0.6497158350050449,0.8636239629833332,0.35830647135000004,0.64169352865,0.6096477754414081,0.8424572127500001,0.3588205993333333,0.003280832000000067,,,,,,,,,,,,,ok,0,True
E031,epoch_0001,1,normalized,add_proj,0.12,0.08,64,4,3.0,0.5,12.5,0.0,0.0,0.0,0.0,7,True,1|3|5|9,64,64,32,0.0002,8,1,1.0,0.6810994946161907,0.8767885317200002,0.34241944664,0.65758055336,0.6810994946161907,0.8767885317200002,0.34241944664,0.65758055336,0.647136936187744,0.8743797162499998,0.3463293259,0.6536706741,0.6067235807577769,0.8514785169166668,0.3544217685833333,-0.0037495572266666444,,,,,,,,,,,,,ok,0,True
E031,epoch_0002,2,normalized,add_proj,0.12,0.08,64,4,3.0,0.5,12.5,0.0,0.0,0.0,0.0,7,True,1|3|5|9,64,64,32,0.0002,8,1,1.0,0.6830123643080394,0.8748395304800001,0.3459704245333334,0.6540295754666666,0.6830123643080394,0.8748395304800001,0.3459704245333334,0.6540295754666666,0.6496539879838626,0.8725414882166665,0.35020761166666664,0.6497923883333334,0.6117576402922471,0.85077911325,0.3552812654166666,-0.0037495572266666444,,,,,,,,,,,,,ok,0,True
E031,epoch_0003,3,normalized,add_proj,0.12,0.08,64,4,3.0,0.5,12.5,0.0,0.0,0.0,0.0,7,True,1|3|5|9,64,64,32,0.0002,8,1,1.0,0.6814675158262253,0.8793588935600001,0.33866988941333337,0.6613301105866667,0.6814675158262253,0.8793588935600001,0.33866988941333337,0.6613301105866667,0.6474869916339715,0.8769502137166667,0.3426306001,0.6573693999,0.6058427405854065,0.8540269436666666,0.3472608594166666,-0.0037495572266666444,,,,,,,,,,,,,ok,0,True
E031,epoch_0004,4,normalized,add_proj,0.12,0.08,64,4,3.0,0.5,12.5,0.0,0.0,0.0,0.0,7,True,1|3|5|9,64,64,32,0.0002,8,1,1.0,0.6806691389481228,0.8806039876266667,0.33664279754666665,0.6633572024533334,0.6806691389481228,0.8806039876266667,0.33664279754666665,0.6633572024533334,0.646341641098261,0.8781558982166666,0.3406109614166667,0.6593890385833333,0.6035428906480471,0.8566694458333334,0.3422299420833333,-0.0037495572266666444,,,,,,,,,,,,,ok,0,True
E031,epoch_0005,5,normalized,add_proj,0.12,0.08,64,4,3.0,0.5,12.5,0.0,0.0,0.0,0.0,7,True,1|3|5|9,64,64,32,0.0002,8,1,1.0,0.6799892920255662,0.8826689110133333,0.33365822226666664,0.6663417777333334,0.6799892920255662,0.8826689110133333,0.33365822226666664,0.6663417777333334,0.6453235871096452,0.8802838875666668,0.33763492,0.66236508,0.6026993135611216,0.85822530525,0.33815645316666665,-0.0037495572266666444,,,,,,,,,,,,,ok,0,True
E031,epoch_0006,6,normalized,add_proj,0.12,0.08,64,4,3.0,0.5,12.5,0.0,0.0,0.0,0.0,7,True,1|3|5|9,64,64,32,0.0002,8,1,1.0,0.6813557606140773,0.8796376855200001,0.33811754295999996,0.66188245704,0.6813557606140773,0.8796376855200001,0.33811754295999996,0.66188245704,0.6469647278885048,0.8768250712666668,0.34274607633333326,0.6572539236666668,0.6064956006904443,0.8504277834166666,0.34751903075,-0.0037495572266666444,,,,,,,,,,,,,ok,0,True
E031,epoch_0007,7,normalized,add_proj,0.12,0.08,64,4,3.0,0.5,12.5,0.0,0.0,0.0,0.0,7,True,1|3|5|9,64,64,32,0.0002,8,1,1.0,0.6821438225905101,0.8771888723466666,0.34194682812,0.65805317188,0.6821438225905101,0.8771888723466666,0.34194682812,0.65805317188,0.648097154299418,0.8742595826,0.34671458255000004,0.65328541745,0.6085466486712297,0.8472265855833333,0.3522742321666667,-0.0037495572266666444,,,,,,,,,,,,,ok,0,True
E031,epoch_0008,8,normalized,add_proj,0.12,0.08,64,4,3.0,0.5,12.5,0.0,0.0,0.0,0.0,7,True,1|3|5|9,64,64,32,0.0002,8,1,1.0,0.6818884897629419,0.8756820304133334,0.34252001596,0.6574799840400001,0.6818884897629419,0.8756820304133334,0.34252001596,0.6574799840400001,0.6480554315944513,0.8729436325,0.3470704350166666,0.6529295649833333,0.6084293104708194,0.8478500603333334,0.34994131175,-0.0037495572266666444,,,,,,,,,,,,,ok,0,True
E032,epoch_0001,1,normalized,add_proj,0.12,0.08,64,4,3.0,1.0,12.5,0.0,0.0,0.0,0.0,7,True,1|3|5|9,64,64,32,0.0002,8,1,1.0,0.6803193943897884,0.8826087744933332,0.3348252790666666,0.6651747209333334,0.6803193943897884,0.8826087744933332,0.3348252790666666,0.6651747209333334,0.6458357224365076,0.8800967815166667,0.33877263231666666,0.6612273676833333,0.6014707595109939,0.8615684051666667,0.3424694119166667,-0.0025398910133332953,,,,,,,,,,,,,ok,0,True
E032,epoch_0002,2,normalized,add_proj,0.12,0.08,64,4,3.0,1.0,12.5,0.0,0.0,0.0,0.0,7,True,1|3|5|9,64,64,32,0.0002,8,1,1.0,0.6808027713298798,0.88090797412,0.3366433998133333,0.6633566001866666,0.6808027713298798,0.88090797412,0.3366433998133333,0.6633566001866666,0.6466234190265336,0.87840469685,0.34082585675,0.65917414325,0.6044676214456559,0.8585657525,0.34339865950000004,-0.0025398910133332953,,,,,,,,,,,,,ok,0,True
E032,epoch_0003,3,normalized,add_proj,0.12,0.08,64,4,3.0,1.0,12.5,0.0,0.0,0.0,0.0,7,True,1|3|5|9,64,64,32,0.0002,8,1,1.0,0.6797282696962356,0.88408222956,0.3322853880533333,0.6677146119466667,0.6797282696962356,0.88408222956,0.3322853880533333,0.6677146119466667,0.6452108871440093,0.8816774580166665,0.33633969570000005,0.6636603043,0.6028642368813356,0.8627648113333334,0.33749589333333335,-0.0025398910133332953,,,,,,,,,,,,,ok,0,True
E032,epoch_0004,4,normalized,add_proj,0.12,0.08,64,4,3.0,1.0,12.5,0.0,0.0,0.0,0.0,7,True,1|3|5|9,64,64,32,0.0002,8,1,1.0,0.679658172527949,0.8846815081733334,0.3306493810933333,0.6693506189066667,0.679658172527949,0.8846815081733334,0.3306493810933333,0.6693506189066667,0.6448180571198463,0.8823593888166668,0.3347710234333333,0.6652289765666667,0.6013546412189801,0.8620484951666666,0.33660544091666666,-0.0025398910133332953,,,,,,,,,,,,,ok,0,True
E032,epoch_0005,5,normalized,add_proj,0.12,0.08,64,4,3.0,1.0,12.5,0.0,0.0,0.0,0.0,7,True,1|3|5|9,64,64,32,0.0002,8,1,1.0,0.6789361100594202,0.8837142195200001,0.33119307928,0.66880692072,0.6789361100594202,0.8837142195200001,0.33119307928,0.66880692072,0.6439834173023701,0.8813064619500001,0.33533708971666665,0.6646629102833334,0.6022017166018485,0.8608879128333332,0.3363697299166667,-0.0025398910133332953,,,,,,,,,,,,,ok,0,True
E032,epoch_0006,6,normalized,add_proj,0.12,0.08,64,4,3.0,1.0,12.5,0.0,0.0,0.0,0.0,7,True,1|3|5|9,64,64,32,0.0002,8,1,1.0,0.6802510352929433,0.8788415413466667,0.33807839933333333,0.6619216006666666,0.6802510352929433,0.8788415413466667,0.33807839933333333,0.6619216006666666,0.645803516805172,0.87612644805,0.34264427445000006,0.65735572555,0.6056629575788975,0.8516139284166666,0.3452799773333333,-0.0025398910133332953,,,,,,,,,,,,,ok,0,True
E032,epoch_0007,7,normalized,add_proj,0.12,0.08,64,4,3.0,1.0,12.5,0.0,0.0,0.0,0.0,7,True,1|3|5|9,64,64,32,0.0002,8,1,1.0,0.6802873992522558,0.8782866442799999,0.34016355698666667,0.6598364430133333,0.6802873992522558,0.8782866442799999,0.34016355698666667,0.6598364430133333,0.645782997061809,0.8753916086666667,0.3449778466833333,0.6550221533166667,0.606950883815686,0.8504092398333333,0.34762396266666673,-0.0025398910133332953,,,,,,,,,,,,,ok,0,True
E032,epoch_0008,8,normalized,add_proj,0.12,0.08,64,4,3.0,1.0,12.5,0.0,0.0,0.0,0.0,7,True,1|3|5|9,64,64,32,0.0002,8,1,1.0,0.6799517407019933,0.8784168824533333,0.33842073836,0.66157926164,0.6799517407019933,0.8784168824533333,0.33842073836,0.66157926164,0.6456833642224471,0.8757971654666665,0.3429841871166666,0.6570158128833334,0.6060906785229841,0.8519127573333334,0.34557780475,-0.0025398910133332953,,,,,,,,,,,,,ok,0,True
E033,epoch_0001,1,normalized,add_proj,0.12,0.08,64,4,2.0,0.5,15.0,0.0,0.0,0.0,0.0,7,True,1|3|5|9,64,64,32,0.0002,8,1,1.0,0.6846333936850229,0.8552069758666667,0.37331915164,0.6266808483599999,0.6846333936850229,0.8552069758666667,0.37331915164,0.6266808483599999,0.6532328276832898,0.8525360455833333,0.3778779607666667,0.6221220392333333,0.6224502697587013,0.83443124,0.3854071313333334,-0.0033098659466667124,,,,,,,,,,,,,ok,0,True
E033,epoch_0002,2,normalized,add_proj,0.12,0.08,64,4,2.0,0.5,15.0,0.0,0.0,0.0,0.0,7,True,1|3|5|9,64,64,32,0.0002,8,1,1.0,0.6869523958762487,0.8531618407333333,0.37477492343999996,0.62522507656,0.6869523958762487,0.8531618407333333,0.37477492343999996,0.62522507656,0.6559642753501734,0.8498922616,0.3796905328666667,0.6203094671333333,0.6257330633699895,0.8305338615,0.38825707108333335,-0.0033098659466667124,,,,,,,,,,,,,ok,0,True
E033,epoch_0003,3,normalized,add_proj,0.12,0.08,64,4,2.0,0.5,15.0,0.0,0.0,0.0,0.0,7,True,1|3|5|9,64,64,32,0.0002,8,1,1.0,0.6873255915641786,0.8580870883733334,0.3700092856933333,0.6299907143066668,0.6873255915641786,0.8580870883733334,0.3700092856933333,0.6299907143066668,0.6554995483160019,0.8543355771833333,0.3751658427833333,0.6248341572166667,0.6232958850761254,0.8322205346666666,0.3827733295,-0.0033098659466667124,,,,,,,,,,,,,ok,0,True
E033,epoch_0004,4,normalized,add_proj,0.12,0.08,64,4,2.0,0.5,15.0,0.0,0.0,0.0,0.0,7,True,1|3|5|9,64,64,32,0.0002,8,1,1.0,0.6865539528131486,0.8628716195333332,0.36525804368,0.6347419563200001,0.6865539528131486,0.8628716195333332,0.36525804368,0.6347419563200001,0.6540260896583399,0.8591813725166666,0.3706168550333333,0.6293831449666667,0.6201445112625759,0.8349668254166666,0.37615232925,-0.0033098659466667124,,,,,,,,,,,,,ok,0,True
E033,epoch_0005,5,normalized,add_proj,0.12,0.08,64,4,2.0,0.5,15.0,0.0,0.0,0.0,0.0,7,True,1|3|5|9,64,64,32,0.0002,8,1,1.0,0.6854330606063208,0.8668773602800001,0.35964969070666664,0.6403503092933334,0.6854330606063208,0.8668773602800001,0.35964969070666664,0.6403503092933334,0.6521703173220158,0.8632284487833335,0.3650269043666666,0.6349730956333334,0.6182243170837561,0.8375388331666667,0.3686446205833333,-0.0033098659466667124,,,,,,,,,,,,,ok,0,True
E033,epoch_0006,6,normalized,add_proj,0.12,0.08,64,4,2.0,0.5,15.0,0.0,0.0,0.0,0.0,7,True,1|3|5|9,64,64,32,0.0002,8,1,1.0,0.6860379053354262,0.8638617440133334,0.3634301721866667,0.6365698278133334,0.6860379053354262,0.8638617440133334,0.3634301721866667,0.6365698278133334,0.6531495316326618,0.8599513597999999,0.36927815973333333,0.6307218402666667,0.6207249102493128,0.83220877175,0.3743521361666667,-0.0033098659466667124,,,,,,,,,,,,,ok,0,True
E033,epoch_0007,7,normalized,add_proj,0.12,0.08,64,4,2.0,0.5,15.0,0.0,0.0,0.0,0.0,7,True,1|3|5|9,64,64,32,0.0002,8,1,1.0,0.6866788665056228,0.86038010176,0.3684254910133334,0.6315745089866667,0.6866788665056228,0.86038010176,0.3684254910133334,0.6315745089866667,0.6542504294216633,0.85636437065,0.37444242071666667,0.6255575792833333,0.6215969954927762,0.8302342126666666,0.37839956008333336,-0.0033098659466667124,,,,,,,,,,,,,ok,0,True
E033,epoch_0008,8,normalized,add_proj,0.12,0.08,64,4,2.0,0.5,15.0,0.0,0.0,0.0,0.0,7,True,1|3|5|9,64,64,32,0.0002,8,1,1.0,0.6862175695896149,0.8583329489599998,0.36926056775999994,0.6307394322400001,0.6862175695896149,0.8583329489599998,0.36926056775999994,0.6307394322400001,0.6540956615408262,0.8544984265666666,0.3751446768,0.6248553232,0.621007396777471,0.82986799075,0.3765976835,-0.0033098659466667124,,,,,,,,,,,,,ok,0,True
E034,epoch_0001,1,normalized,add_proj,0.12,0.08,64,4,2.0,1.0,15.0,0.0,0.0,0.0,0.0,7,True,1|3|5|9,64,64,32,0.0002,8,1,1.0,0.6837825370232262,0.8672210801466668,0.3569546085466666,0.6430453914533334,0.6837825370232262,0.8672210801466668,0.3569546085466666,0.6430453914533334,0.6511676022907097,0.8642229861499999,0.36185098001666666,0.6381490199833333,0.6142694003880024,0.8490409958333331,0.364951724,0.0023668590400000578,,,,,,,,,,,,,ok,0,True
E034,epoch_0002,2,normalized,add_proj,0.12,0.08,64,4,2.0,1.0,15.0,0.0,0.0,0.0,0.0,7,True,1|3|5|9,64,64,32,0.0002,8,1,1.0,0.6860338740746181,0.8608353741466667,0.36323249796,0.63676750204,0.6860338740746181,0.8608353741466667,0.36323249796,0.63676750204,0.6545782502988975,0.8578190530666665,0.3685688675833333,0.6314311324166667,0.6207945597668488,0.8413334813333334,0.3727011335833333,0.0023668590400000578,,,,,,,,,,,,,ok,0,True
E034,epoch_0003,3,normalized,add_proj,0.12,0.08,64,4,2.0,1.0,15.0,0.0,0.0,0.0,0.0,7,True,1|3|5|9,64,64,32,0.0002,8,1,1.0,0.685416959563891,0.86344318776,0.35932146758666667,0.6406785324133333,0.685416959563891,0.86344318776,0.35932146758666667,0.6406785324133333,0.6533419887721539,0.8600799033000002,0.3645835750833334,0.6354164249166666,0.6182443380355834,0.8398708663333334,0.36952875425000004,0.0023668590400000578,,,,,,,,,,,,,ok,0,True
E034,epoch_0004,4,normalized,add_proj,0.12,0.08,64,4,2.0,1.0,15.0,0.0,0.0,0.0,0.0,7,True,1|3|5|9,64,64,32,0.0002,8,1,1.0,0.6839132430950801,0.8668298895466667,0.35478353588000006,0.64521646412,0.6839132430950801,0.8668298895466667,0.35478353588000006,0.64521646412,0.6512062720954418,0.8634840649166667,0.3599995607166667,0.6400004392833333,0.6138760725657144,0.8431170777500001,0.3626563299166667,0.0023668590400000578,,,,,,,,,,,,,ok,0,True
E034,epoch_0005,5,normalized,add_proj,0.12,0.08,64,4,2.0,1.0,15.0,0.0,0.0,0.0,0.0,7,True,1|3|5|9,64,64,32,0.0002,8,1,1.0,0.6830573068062464,0.8666768334000001,0.35483612269333337,0.6451638773066666,0.6830573068062464,0.8666768334000001,0.35483612269333337,0.6451638773066666,0.649925569842259,0.8633132110333334,0.36017253093333335,0.6398274690666667,0.6121786010762056,0.8405154090000001,0.36226684541666665,0.0023668590400000578,,,,,,,,,,,,,ok,0,True
E034,epoch_0006,6,normalized,add_proj,0.12,0.08,64,4,2.0,1.0,15.0,0.0,0.0,0.0,0.0,7,True,1|3|5|9,64,64,32,0.0002,8,1,1.0,0.6840577185153961,0.8631811501466666,0.3591644372133333,0.6408355627866666,0.6840577185153961,0.8631811501466666,0.3591644372133333,0.6408355627866666,0.6513369314869244,0.8594420521333331,0.36499448813333335,0.6350055118666666,0.6139525815844535,0.8366762613333332,0.3669047155,0.0023668590400000578,,,,,,,,,,,,,ok,0,True
E034,epoch_0007,7,normalized,add_proj,0.12,0.08,64,4,2.0,1.0,15.0,0.0,0.0,0.0,0.0,7,True,1|3|5|9,64,64,32,0.0002,8,1,1.0,0.6838558118343353,0.8620140106266667,0.3616790899066666,0.6383209100933334,0.6838558118343353,0.8620140106266667,0.3616790899066666,0.6383209100933334,0.6512011980017026,0.8581278930666667,0.3677614631333333,0.6322385368666668,0.6143109766145548,0.8364173792499999,0.36783074108333336,0.0023668590400000578,,,,,,,,,,,,,ok,0,True
E034,epoch_0008,8,normalized,add_proj,0.12,0.08,64,4,2.0,1.0,15.0,0.0,0.0,0.0,0.0,7,True,1|3|5|9,64,64,32,0.0002,8,1,1.0,0.6838160942395528,0.8597779030533332,0.3624343606933333,0.6375656393066667,0.6838160942395528,0.8597779030533332,0.3624343606933333,0.6375656393066667,0.6513346625367801,0.8557913067166668,0.3684647415333333,0.6315352584666667,0.6134561032056809,0.8330295542500001,0.3688240671666666,0.0023668590400000578,,,,,,,,,,,,,ok,0,True
E035,epoch_0001,1,normalized,add_proj,0.12,0.08,64,4,3.0,0.5,15.0,0.0,0.0,0.0,0.0,7,True,1|3|5|9,64,64,32,0.0002,8,1,1.0,0.6837553685903549,0.8678539158399999,0.3541555359733334,0.6458444640266666,0.6837553685903549,0.8678539158399999,0.3541555359733334,0.6458444640266666,0.6512763510644435,0.8654776393833334,0.35835986876666664,0.6416401312333333,0.6155948701004188,0.8435290685833334,0.36619624041666665,-0.006427758213333412,,,,,,,,,,,,,ok,0,True
E035,epoch_0002,2,normalized,add_proj,0.12,0.08,64,4,3.0,0.5,15.0,0.0,0.0,0.0,0.0,7,True,1|3|5|9,64,64,32,0.0002,8,1,1.0,0.6855139546791713,0.8680037239066667,0.3553791386266667,0.6446208613733333,0.6855139546791713,0.8680037239066667,0.3553791386266667,0.6446208613733333,0.6531508959829807,0.8651396585833334,0.35992822636666666,0.6400717736333333,0.6171624799569448,0.8437081129166666,0.3663192184166667,-0.006427758213333412,,,,,,,,,,,,,ok,0,True
E035,epoch_0003,3,normalized,add_proj,0.12,0.08,64,4,3.0,0.5,15.0,0.0,0.0,0.0,0.0,7,True,1|3|5|9,64,64,32,0.0002,8,1,1.0,0.6847132818301518,0.8735989298533333,0.34772777775999997,0.65227222224,0.6847132818301518,0.8735989298533333,0.34772777775999997,0.65227222224,0.6513629451890787,0.8705981083000001,0.35217110578333327,0.6478288942166668,0.6136748810609182,0.84620384025,0.3593180437499999,-0.006427758213333412,,,,,,,,,,,,,ok,0,True
E035,epoch_0004,4,normalized,add_proj,0.12,0.08,64,4,3.0,0.5,15.0,0.0,0.0,0.0,0.0,7,True,1|3|5|9,64,64,32,0.0002,8,1,1.0,0.6832548888921737,0.8742020903066667,0.34612706505333335,0.6538729349466667,0.6832548888921737,0.8742020903066667,0.34612706505333335,0.6538729349466667,0.649807945539554,0.8713240950333334,0.35049367659999997,0.6495063234,0.6107360914349557,0.8485549763333333,0.35394495375,-0.006427758213333412,,,,,,,,,,,,,ok,0,True
E035,epoch_0005,5,normalized,add_proj,0.12,0.08,64,4,3.0,0.5,15.0,0.0,0.0,0.0,0.0,7,True,1|3|5|9,64,64,32,0.0002,8,1,1.0,0.6819999301433564,0.8775634280133333,0.34183236312,0.65816763688,0.6819999301433564,0.8775634280133333,0.34183236312,0.65816763688,0.6480739827950796,0.8749253074833334,0.3461943580833334,0.6538056419166667,0.6066318474709987,0.8519390770833334,0.34759647258333337,-0.006427758213333412,,,,,,,,,,,,,ok,0,True
E035,epoch_0006,6,normalized,add_proj,0.12,0.08,64,4,3.0,0.5,15.0,0.0,0.0,0.0,0.0,7,True,1|3|5|9,64,64,32,0.0002,8,1,1.0,0.682473173379898,0.8748126630266667,0.34467085333333336,0.6553291466666666,0.682473173379898,0.8748126630266667,0.34467085333333336,0.6553291466666666,0.6487287766734757,0.8718252813499999,0.34955114291666667,0.6504488570833333,0.6096501119434833,0.8463790109166667,0.35346862791666667,-0.006427758213333412,,,,,,,,,,,,,ok,0,True
E035,epoch_0007,7,normalized,add_proj,0.12,0.08,64,4,3.0,0.5,15.0,0.0,0.0,0.0,0.0,7,True,1|3|5|9,64,64,32,0.0002,8,1,1.0,0.6831073936223983,0.8716133152399999,0.34929372590666674,0.6507062740933333,0.6831073936223983,0.8716133152399999,0.34929372590666674,0.6507062740933333,0.6497229827940463,0.8686211155666665,0.35435100438333333,0.6456489956166667,0.6118375832835833,0.8423891864166666,0.3581817514166667,-0.006427758213333412,,,,,,,,,,,,,ok,0,True
E035,epoch_0008,8,normalized,add_proj,0.12,0.08,64,4,3.0,0.5,15.0,0.0,0.0,0.0,0.0,7,True,1|3|5|9,64,64,32,0.0002,8,1,1.0,0.682831802646319,0.8692567275466666,0.35128826012000003,0.64871173988,0.682831802646319,0.8692567275466666,0.35128826012000003,0.64871173988,0.6496309844156105,0.86615695025,0.3562001913333334,0.6437998086666665,0.6116109895209472,0.8419414895833334,0.35671894833333334,-0.006427758213333412,,,,,,,,,,,,,ok,0,True
E036,epoch_0001,1,normalized,add_proj,0.12,0.08,64,4,3.0,1.0,15.0,0.0,0.0,0.0,0.0,7,True,1|3|5|9,64,64,32,0.0002,8,1,1.0,0.6812558816274007,0.8767534642533333,0.34243892088000005,0.65756107912,0.6812558816274007,0.8767534642533333,0.34243892088000005,0.65756107912,0.6477110435565313,0.8744484448833335,0.3464330521,0.6535669478999999,0.6049997883538405,0.8575674870000001,0.35041527991666666,-0.0024166745599999984,,,,,,,,,,,,,ok,0,True
E036,epoch_0002,2,normalized,add_proj,0.12,0.08,64,4,3.0,1.0,15.0,0.0,0.0,0.0,0.0,7,True,1|3|5|9,64,64,32,0.0002,8,1,1.0,0.6819175828297933,0.8765248743733334,0.3404377254133334,0.6595622745866666,0.6819175828297933,0.8765248743733334,0.3404377254133334,0.6595622745866666,0.6483572792013487,0.8738816036333334,0.3448485504666666,0.6551514495333334,0.6093960692485174,0.85631887875,0.34878119733333335,-0.0024166745599999984,,,,,,,,,,,,,ok,0,True
E036,epoch_0003,3,normalized,add_proj,0.12,0.08,64,4,3.0,1.0,15.0,0.0,0.0,0.0,0.0,7,True,1|3|5|9,64,64,32,0.0002,8,1,1.0,0.6815847808122635,0.8775470744666667,0.34002224632000005,0.65997775368,0.6815847808122635,0.8775470744666667,0.34002224632000005,0.65997775368,0.6474958278238774,0.8747664677666668,0.3443627696833334,0.6556372303166667,0.6081986593703429,0.85575363,0.3463373592500001,-0.0024166745599999984,,,,,,,,,,,,,ok,0,True
E036,epoch_0004,4,normalized,add_proj,0.12,0.08,64,4,3.0,1.0,15.0,0.0,0.0,0.0,0.0,7,True,1|3|5|9,64,64,32,0.0002,8,1,1.0,0.6813766492207844,0.8783371379466667,0.33854546946666664,0.6614545305333334,0.6813766492207844,0.8783371379466667,0.33854546946666664,0.6614545305333334,0.6471504350503287,0.8755191226500001,0.34303231013333335,0.6569676898666666,0.6073585574825605,0.8561092863333333,0.34529902975,-0.0024166745599999984,,,,,,,,,,,,,ok,0,True
E036,epoch_0005,5,normalized,add_proj,0.12,0.08,64,4,3.0,1.0,15.0,0.0,0.0,0.0,0.0,7,True,1|3|5|9,64,64,32,0.0002,8,1,1.0,0.6802642546892166,0.8785278958266666,0.3383360387466666,0.6616639612533334,0.6802642546892166,0.8785278958266666,0.3383360387466666,0.6616639612533334,0.6457290992637476,0.87583285615,0.34274425001666664,0.6572557499833334,0.60596341441075,0.8548105283333334,0.3431465726666667,-0.0024166745599999984,,,,,,,,,,,,,ok,0,True
E036,epoch_0006,6,normalized,add_proj,0.12,0.08,64,4,3.0,1.0,15.0,0.0,0.0,0.0,0.0,7,True,1|3|5|9,64,64,32,0.0002,8,1,1.0,0.6810545060237247,0.8747787250266665,0.34433869474666673,0.6556613052533333,0.6810545060237247,0.8747787250266665,0.34433869474666673,0.6556613052533333,0.6466137616336346,0.8716089513666668,0.34935788278333335,0.6506421172166666,0.6078197968502839,0.8491739514999999,0.34890056075,-0.0024166745599999984,,,,,,,,,,,,,ok,0,True
E036,epoch_0007,7,normalized,add_proj,0.12,0.08,64,4,3.0,1.0,15.0,0.0,0.0,0.0,0.0,7,True,1|3|5|9,64,64,32,0.0002,8,1,1.0,0.681889784137408,0.8732784486266668,0.34733109446666666,0.6526689055333333,0.681889784137408,0.8732784486266668,0.34733109446666666,0.6526689055333333,0.6477338358263176,0.8700392621333334,0.35263330383333336,0.6473666961666666,0.6091327620049318,0.8471663615833334,0.35266137099999995,-0.0024166745599999984,,,,,,,,,,,,,ok,0,True
E036,epoch_0008,8,normalized,add_proj,0.12,0.08,64,4,3.0,1.0,15.0,0.0,0.0,0.0,0.0,7,True,1|3|5|9,64,64,32,0.0002,8,1,1.0,0.6814618816375733,0.8722712525866667,0.34657330955999993,0.6534266904400001,0.6814618816375733,0.8722712525866667,0.34657330955999993,0.6534266904400001,0.6473124715685844,0.8689058040333334,0.35179964201666664,0.6482003579833333,0.6083416196207205,0.8466294008333333,0.3517939588333333,-0.0024166745599999984,,,,,,,,,,,,,ok,0,True
E037,epoch_0001,1,normalized,add_proj,0.12,0.08,64,4,2.0,0.5,15.0,0.0,0.0,0.0,0.0,7,True,1|3|5|7|15,64,64,32,0.0002,8,1,1.0,0.6848847188949584,0.8562960216000001,0.3701928986,0.6298071014,0.6848847188949584,0.8562960216000001,0.3701928986,0.6298071014,0.6535017873843512,0.8536350808666668,0.37481634905000005,0.62518365095,0.6224989543358485,0.8347620811666666,0.38224252375,-0.0006147755333333893,,,,,,,,,,,,,ok,0,True
E037,epoch_0002,2,normalized,add_proj,0.12,0.08,64,4,2.0,0.5,15.0,0.0,0.0,0.0,0.0,7,True,1|3|5|7|15,64,64,32,0.0002,8,1,1.0,0.6878305430809655,0.8535391964133333,0.371987387,0.628012613,0.6878305430809655,0.8535391964133333,0.371987387,0.628012613,0.657065390596787,0.8503442459999999,0.3768392860333334,0.6231607139666666,0.6257309471567472,0.8304802960000001,0.38419855541666675,-0.0006147755333333893,,,,,,,,,,,,,ok,0,True
E037,epoch_0003,3,normalized,add_proj,0.12,0.08,64,4,2.0,0.5,15.0,0.0,0.0,0.0,0.0,7,True,1|3|5|7|15,64,64,32,0.0002,8,1,1.0,0.6872030095656712,0.8582575348133332,0.3695781230666666,0.6304218769333334,0.6872030095656712,0.8582575348133332,0.3695781230666666,0.6304218769333334,0.6557682903110982,0.8548661683833334,0.37469872103333335,0.6253012789666667,0.6245752582947413,0.8307134834166667,0.38178855641666665,-0.0006147755333333893,,,,,,,,,,,,,ok,0,True
E037,epoch_0004,4,normalized,add_proj,0.12,0.08,64,4,2.0,0.5,15.0,0.0,0.0,0.0,0.0,7,True,1|3|5|7|15,64,64,32,0.0002,8,1,1.0,0.6871793982187907,0.8614237985600001,0.3678364638666667,0.6321635361333333,0.6871793982187907,0.8614237985600001,0.3678364638666667,0.6321635361333333,0.6552237540483474,0.8578891307833334,0.37325370995,0.62674629005,0.6228767829636733,0.8334240041666666,0.3779923441666667,-0.0006147755333333893,,,,,,,,,,,,,ok,0,True
E037,epoch_0005,5,normalized,add_proj,0.12,0.08,64,4,2.0,0.5,15.0,0.0,0.0,0.0,0.0,7,True,1|3|5|7|15,64,64,32,0.0002,8,1,1.0,0.6865001271168392,0.8645562684133334,0.36270942364,0.6372905763600001,0.6865001271168392,0.8645562684133334,0.36270942364,0.6372905763600001,0.6539475190142789,0.8608611491666668,0.3681437538,0.6318562462,0.6191970112423102,0.8345171463333334,0.37084198725,-0.0006147755333333893,,,,,,,,,,,,,ok,0,True
E037,epoch_0006,6,normalized,add_proj,0.12,0.08,64,4,2.0,0.5,15.0,0.0,0.0,0.0,0.0,7,True,1|3|5|7|15,64,64,32,0.0002,8,1,1.0,0.6868449919223784,0.8629751816933333,0.3662601242933334,0.6337398757066666,0.6868449919223784,0.8629751816933333,0.3662601242933334,0.6337398757066666,0.6543034161130586,0.8591192224333332,0.37212045676666666,0.6278795432333333,0.622230223317941,0.832462665,0.37482785858333334,-0.0006147755333333893,,,,,,,,,,,,,ok,0,True
E037,epoch_0007,7,normalized,add_proj,0.12,0.08,64,4,2.0,0.5,15.0,0.0,0.0,0.0,0.0,7,True,1|3|5|7|15,64,64,32,0.0002,8,1,1.0,0.6874303949276606,0.8601850439466667,0.36883034459999997,0.6311696554,0.6874303949276606,0.8601850439466667,0.36883034459999997,0.6311696554,0.6552344638605913,0.85617357075,0.37479879903333335,0.6252012009666666,0.6223588027060032,0.8306274225,0.37717020691666664,-0.0006147755333333893,,,,,,,,,,,,,ok,0,True
E037,epoch_0008,8,normalized,add_proj,0.12,0.08,64,4,2.0,0.5,15.0,0.0,0.0,0.0,0.0,7,True,1|3|5|7|15,64,64,32,0.0002,8,1,1.0,0.6871962093114854,0.85761696796,0.36949884624000007,0.6305011537599999,0.6871962093114854,0.85761696796,0.36949884624000007,0.6305011537599999,0.6552518987158934,0.8538165539666667,0.37530605506666664,0.6246939449333333,0.621758866061767,0.8282070666666665,0.3757058195833334,-0.0006147755333333893,,,,,,,,,,,,,ok,0,True
E038,epoch_0001,1,normalized,add_proj,0.12,0.08,64,4,3.0,0.5,15.0,0.0,0.0,0.0,0.0,7,True,1|3|5|7|15,64,64,32,0.0002,8,1,1.0,0.6831187882423402,0.8699214175333334,0.3518133340533333,0.6481866659466666,0.6831187882423402,0.8699214175333334,0.3518133340533333,0.6481866659466666,0.6504369302590688,0.8676175428166666,0.35577073900000006,0.644229261,0.6136342890560627,0.8477922444999999,0.3622145070833333,-0.002379347746666649,,,,,,,,,,,,,ok,0,True
E038,epoch_0002,2,normalized,add_proj,0.12,0.08,64,4,3.0,0.5,15.0,0.0,0.0,0.0,0.0,7,True,1|3|5|7|15,64,64,32,0.0002,8,1,1.0,0.6854530211687089,0.8687617001466666,0.35393351460000005,0.6460664854,0.6854530211687089,0.8687617001466666,0.35393351460000005,0.6460664854,0.653130434503158,0.8661678108666667,0.35833006018333335,0.6416699398166666,0.6160931584735712,0.844272615,0.36429131416666666,-0.002379347746666649,,,,,,,,,,,,,ok,0,True
E038,epoch_0003,3,normalized,add_proj,0.12,0.08,64,4,3.0,0.5,15.0,0.0,0.0,0.0,0.0,7,True,1|3|5|7|15,64,64,32,0.0002,8,1,1.0,0.684202158610026,0.8717370959999999,0.34943398630666667,0.6505660136933333,0.684202158610026,0.8717370959999999,0.34943398630666667,0.6505660136933333,0.6513965752720833,0.8689875949166668,0.3538635338166667,0.6461364661833333,0.61300960034132,0.84427313375,0.36138005158333325,-0.002379347746666649,,,,,,,,,,,,,ok,0,True
E038,epoch_0004,4,normalized,add_proj,0.12,0.08,64,4,3.0,0.5,15.0,0.0,0.0,0.0,0.0,7,True,1|3|5|7|15,64,64,32,0.0002,8,1,1.0,0.6836327077945075,0.8758619110666666,0.34491908718666664,0.6550809128133334,0.6836327077945075,0.8758619110666666,0.34491908718666664,0.6550809128133334,0.6502240784466267,0.8729952616333332,0.3493958907666667,0.6506041092333332,0.61119149128596,0.8476526103333333,0.3555242816666667,-0.002379347746666649,,,,,,,,,,,,,ok,0,True
E038,epoch_0005,5,normalized,add_proj,0.12,0.08,64,4,3.0,0.5,15.0,0.0,0.0,0.0,0.0,7,True,1|3|5|7|15,64,64,32,0.0002,8,1,1.0,0.681830675760905,0.8772952640933331,0.34109911911999996,0.6589008808800001,0.681830675760905,0.8772952640933331,0.34109911911999996,0.6589008808800001,0.6478254522879918,0.8745950767499998,0.34552341173333334,0.6544765882666667,0.6078785466651122,0.8496810024999999,0.34878639850000004,-0.002379347746666649,,,,,,,,,,,,,ok,0,True
E038,epoch_0006,6,normalized,add_proj,0.12,0.08,64,4,3.0,0.5,15.0,0.0,0.0,0.0,0.0,7,True,1|3|5|7|15,64,64,32,0.0002,8,1,1.0,0.6826362216472625,0.8737511800533335,0.34588298488,0.65411701512,0.6826362216472625,0.8737511800533335,0.34588298488,0.65411701512,0.6489427762230238,0.8707618938333332,0.3508538511,0.6491461489,0.6095748022198677,0.8443621809166666,0.35567111058333334,-0.002379347746666649,,,,,,,,,,,,,ok,0,True
E038,epoch_0007,7,normalized,add_proj,0.12,0.08,64,4,3.0,0.5,15.0,0.0,0.0,0.0,0.0,7,True,1|3|5|7|15,64,64,32,0.0002,8,1,1.0,0.6836975212891897,0.8712699784799999,0.3497856960133333,0.6502143039866667,0.6836975212891897,0.8712699784799999,0.3497856960133333,0.6502143039866667,0.6504205244779586,0.8681926878166667,0.3550950029333334,0.6449049970666666,0.6122611485421658,0.8415353938333333,0.36113702050000007,-0.002379347746666649,,,,,,,,,,,,,ok,0,True
E038,epoch_0008,8,normalized,add_proj,0.12,0.08,64,4,3.0,0.5,15.0,0.0,0.0,0.0,0.0,7,True,1|3|5|7|15,64,64,32,0.0002,8,1,1.0,0.6828066881895066,0.8686962917333334,0.35125237934666664,0.6487476206533334,0.6828066881895066,0.8686962917333334,0.35125237934666664,0.6487476206533334,0.6497620204587777,0.8656045943999999,0.3564071924833333,0.6435928075166667,0.6112449708084265,0.8416926841666665,0.35958753308333335,-0.002379347746666649,,,,,,,,,,,,,ok,0,True
E039,epoch_0001,1,normalized,add_proj,0.12,0.08,64,4,4.0,1.0,12.5,0.0,0.0,0.0,0.0,7,True,1|3|5|9,64,64,32,0.0002,8,1,1.0,0.6781679079135259,0.8839345039066667,0.33530095150666667,0.6646990484933333,0.6781679079135259,0.8839345039066667,0.33530095150666667,0.6646990484933333,0.6435211290419103,0.8819047570833334,0.3388510357833333,0.6611489642166667,0.5967316376666228,0.8679928604166667,0.341935145,-0.01047182487999998,,,,,,,,,,,,,ok,0,True
E039,epoch_0002,2,normalized,add_proj,0.12,0.08,64,4,4.0,1.0,12.5,0.0,0.0,0.0,0.0,7,True,1|3|5|9,64,64,32,0.0002,8,1,1.0,0.6772639080286027,0.8865078495466666,0.3277128507866667,0.6722871492133333,0.6772639080286027,0.8865078495466666,0.3277128507866667,0.6722871492133333,0.6423288316031297,0.8842646569166668,0.3314298984833334,0.6685701015166666,0.5973329477012158,0.8622023609166667,0.3358769434999999,-0.01047182487999998,,,,,,,,,,,,,ok,0,True
E039,epoch_0003,3,normalized,add_proj,0.12,0.08,64,4,4.0,1.0,12.5,0.0,0.0,0.0,0.0,7,True,1|3|5|9,64,64,32,0.0002,8,1,1.0,0.6767176234324773,0.8889342398533334,0.3248291266266667,0.6751708733733333,0.6767176234324773,0.8889342398533334,0.3248291266266667,0.6751708733733333,0.6413458715379238,0.8867915869499999,0.3283395904333334,0.6716604095666666,0.5966497572759787,0.8673781120833334,0.3308206345,-0.01047182487999998,,,,,,,,,,,,,ok,0,True
E039,epoch_0004,4,normalized,add_proj,0.12,0.08,64,4,4.0,1.0,12.5,0.0,0.0,0.0,0.0,7,True,1|3|5|9,64,64,32,0.0002,8,1,1.0,0.6760394720236459,0.8909214840666668,0.3205218094933333,0.6794781905066667,0.6760394720236459,0.8909214840666668,0.3205218094933333,0.6794781905066667,0.6405154083172481,0.8891381837333332,0.32382246151666666,0.6761775384833333,0.5963472453256449,0.8718955254999999,0.3272748683333333,-0.01047182487999998,,,,,,,,,,,,,ok,0,True
E039,epoch_0005,5,normalized,add_proj,0.12,0.08,64,4,4.0,1.0,12.5,0.0,0.0,0.0,0.0,7,True,1|3|5|9,64,64,32,0.0002,8,1,1.0,0.6750373573700587,0.8897648380933333,0.32085808850666664,0.6791419114933334,0.6750373573700587,0.8897648380933333,0.32085808850666664,0.6791419114933334,0.6392818788190682,0.8878795876166666,0.32424726833333334,0.6757527316666667,0.5952849455177784,0.8687312383333334,0.32830843033333335,-0.01047182487999998,,,,,,,,,,,,,ok,0,True
E039,epoch_0006,6,normalized,add_proj,0.12,0.08,64,4,4.0,1.0,12.5,0.0,0.0,0.0,0.0,7,True,1|3|5|9,64,64,32,0.0002,8,1,1.0,0.6763109452327092,0.8864288178133333,0.32559507665333337,0.6744049233466667,0.6763109452327092,0.8864288178133333,0.32559507665333337,0.6744049233466667,0.6408227590223153,0.8840130587499999,0.3295219987333333,0.6704780012666667,0.5975399014850458,0.8616107858333333,0.3344198675,-0.01047182487999998,,,,,,,,,,,,,ok,0,True
E039,epoch_0007,7,normalized,add_proj,0.12,0.08,64,4,4.0,1.0,12.5,0.0,0.0,0.0,0.0,7,True,1|3|5|9,64,64,32,0.0002,8,1,1.0,0.6765347209374108,0.8866189769466666,0.3281921898933334,0.6718078101066667,0.6765347209374108,0.8866189769466666,0.3281921898933334,0.6718078101066667,0.6409406897922357,0.8840184770666667,0.3323861187833333,0.6676138812166668,0.5984504791597525,0.8605493075,0.33597392133333337,-0.01047182487999998,,,,,,,,,,,,,ok,0,True
E039,epoch_0008,8,normalized,add_proj,0.12,0.08,64,4,4.0,1.0,12.5,0.0,0.0,0.0,0.0,7,True,1|3|5|9,64,64,32,0.0002,8,1,1.0,0.676401105205218,0.8860254729866667,0.3274192398266667,0.6725807601733333,0.676401105205218,0.8860254729866667,0.3274192398266667,0.6725807601733333,0.640867398728927,0.8835190595499999,0.3313042714166667,0.6686957285833333,0.5973584587375323,0.86197027525,0.33345124458333336,-0.01047182487999998,,,,,,,,,,,,,ok,0,True
E040,epoch_0001,1,normalized,add_proj,0.12,0.08,64,4,4.0,1.0,15.0,0.0,0.0,0.0,0.0,7,True,1|3|5|9,64,64,32,0.0002,8,1,1.0,0.6804718730052312,0.8813628758666667,0.33642463380000004,0.6635753661999999,0.6804718730052312,0.8813628758666667,0.33642463380000004,0.6635753661999999,0.6463063278297583,0.87910690705,0.34027087415,0.65972912585,0.6013673819601536,0.86010821175,0.34507807375,-0.006019627040000031,,,,,,,,,,,,,ok,0,True
E040,epoch_0002,2,normalized,add_proj,0.12,0.08,64,4,4.0,1.0,15.0,0.0,0.0,0.0,0.0,7,True,1|3|5|9,64,64,32,0.0002,8,1,1.0,0.6805076994498571,0.8806225545733334,0.3350996238266666,0.6649003761733334,0.6805076994498571,0.8806225545733334,0.3350996238266666,0.6649003761733334,0.646538663059473,0.8781400610166668,0.3391193245333334,0.6608806754666666,0.6042041569948197,0.8562909851666667,0.3450224196666666,-0.006019627040000031,,,,,,,,,,,,,ok,0,True
E040,epoch_0003,3,normalized,add_proj,0.12,0.08,64,4,4.0,1.0,15.0,0.0,0.0,0.0,0.0,7,True,1|3|5|9,64,64,32,0.0002,8,1,1.0,0.6795970166126887,0.8850078416800002,0.33040500676,0.66959499324,0.6795970166126887,0.8850078416800002,0.33040500676,0.66959499324,0.644795745164156,0.8826818237833333,0.3342486089333333,0.6657513910666667,0.6015581220388413,0.8634141945833333,0.3379201423333333,-0.006019627040000031,,,,,,,,,,,,,ok,0,True
E040,epoch_0004,4,normalized,add_proj,0.12,0.08,64,4,4.0,1.0,15.0,0.0,0.0,0.0,0.0,7,True,1|3|5|9,64,64,32,0.0002,8,1,1.0,0.6790098156929016,0.8873108768533332,0.32733654058666667,0.6726634594133334,0.6790098156929016,0.8873108768533332,0.32733654058666667,0.6726634594133334,0.6436648283402127,0.8849526420833334,0.3311125138,0.6688874862,0.5994621691604456,0.866177659,0.3342545410833333,-0.006019627040000031,,,,,,,,,,,,,ok,0,True
E040,epoch_0005,5,normalized,add_proj,0.12,0.08,64,4,4.0,1.0,15.0,0.0,0.0,0.0,0.0,7,True,1|3|5|9,64,64,32,0.0002,8,1,1.0,0.6785869036118188,0.8863406517866668,0.3276384129066667,0.6723615870933333,0.6785869036118188,0.8863406517866668,0.3276384129066667,0.6723615870933333,0.6431926122804482,0.8840324083333332,0.33146025591666667,0.6685397440833334,0.5990373067557812,0.8642034658333334,0.33411214175000004,-0.006019627040000031,,,,,,,,,,,,,ok,0,True
E040,epoch_0006,6,normalized,add_proj,0.12,0.08,64,4,4.0,1.0,15.0,0.0,0.0,0.0,0.0,7,True,1|3|5|9,64,64,32,0.0002,8,1,1.0,0.6796321345567704,0.8832068184266667,0.33256711248000004,0.66743288752,0.6796321345567704,0.8832068184266667,0.33256711248000004,0.66743288752,0.6445581699907781,0.8805476963166667,0.3370320135666666,0.6629679864333333,0.6024825120965639,0.8572026020833333,0.3413820278333334,-0.006019627040000031,,,,,,,,,,,,,ok,0,True
E040,epoch_0007,7,normalized,add_proj,0.12,0.08,64,4,4.0,1.0,15.0,0.0,0.0,0.0,0.0,7,True,1|3|5|9,64,64,32,0.0002,8,1,1.0,0.6802727026939392,0.8822935607466666,0.3348024815200001,0.6651975184799999,0.6802727026939392,0.8822935607466666,0.3348024815200001,0.6651975184799999,0.6451504098375639,0.87939366885,0.33947047560000004,0.6605295244,0.6033637469013533,0.8555569055000001,0.3434111116666667,-0.006019627040000031,,,,,,,,,,,,,ok,0,True
E040,epoch_0008,8,normalized,add_proj,0.12,0.08,64,4,4.0,1.0,15.0,0.0,0.0,0.0,0.0,7,True,1|3|5|9,64,64,32,0.0002,8,1,1.0,0.6795292713244756,0.8811676911866667,0.33477468902666657,0.6652253109733335,0.6795292713244756,0.8811676911866667,0.33477468902666657,0.6652253109733335,0.6446236452956995,0.8784422115833334,0.3391714371666666,0.6608285628333335,0.6022915991644064,0.8568048444166666,0.34060487366666664,-0.006019627040000031,,,,,,,,,,,,,ok,0,True
E041,epoch_0001,1,normalized,add_proj,0.12,0.08,64,4,2.0,0.5,15.0,0.0,0.15,0.0,0.0,7,False,3|5|7|15,64,64,32,0.0002,8,1,1.0,0.6961570738156637,0.8789377213600001,0.36984198679999997,0.6301580132,0.6961570738156637,0.8789377213600001,0.36984198679999997,0.6301580132,0.6633750566840172,0.8741631251000002,0.3791515195,0.6208484805000001,0.6357276983559131,0.841129875,0.40229027575,0.007921986320000018,,,,,,,,,,,,,ok,0,True
E041,epoch_0002,2,normalized,add_proj,0.12,0.08,64,4,2.0,0.5,15.0,0.0,0.15,0.0,0.0,7,False,3|5|7|15,64,64,32,0.0002,8,1,1.0,0.6968480859200159,0.8775864519200001,0.37440623321333333,0.6255937667866667,0.6968480859200159,0.8775864519200001,0.37440623321333333,0.6255937667866667,0.6642209930717945,0.8727967977000002,0.38412467756666674,0.6158753224333333,0.6357216735680898,0.8437372972499999,0.4116867064166666,0.007921986320000018,,,,,,,,,,,,,ok,0,True
E041,epoch_0003,3,normalized,add_proj,0.12,0.08,64,4,2.0,0.5,15.0,0.0,0.15,0.0,0.0,7,False,3|5|7|15,64,64,32,0.0002,8,1,1.0,0.6984337395032247,0.8742288035999999,0.37776397312,0.62223602688,0.6984337395032247,0.8742288035999999,0.37776397312,0.62223602688,0.6663379380106925,0.8691553439999999,0.38770661424999997,0.61229338575,0.6391714975237845,0.8423298532500001,0.41623970208333333,0.007921986320000018,,,,,,,,,,,,,ok,0,True
E041,epoch_0004,4,normalized,add_proj,0.12,0.08,64,4,2.0,0.5,15.0,0.0,0.15,0.0,0.0,7,False,3|5|7|15,64,64,32,0.0002,8,1,1.0,0.6995126405556998,0.8704057204400002,0.38112038891999994,0.6188796110800001,0.6995126405556998,0.8704057204400002,0.38112038891999994,0.6188796110800001,0.6677789450685183,0.8652047029833334,0.3909567532666667,0.6090432467333333,0.6411072062949339,0.8382330658333332,0.41958482666666663,0.007921986320000018,,,,,,,,,,,,,ok,0,True
E041,epoch_0005,5,normalized,add_proj,0.12,0.08,64,4,2.0,0.5,15.0,0.0,0.15,0.0,0.0,7,False,3|5|7|15,64,64,32,0.0002,8,1,1.0,0.6985718462069831,0.8689381840533333,0.38066864354666663,0.6193313564533334,0.6985718462069831,0.8689381840533333,0.38066864354666663,0.6193313564533334,0.666758963316679,0.8637134033166666,0.3902647257333333,0.6097352742666666,0.639761632680893,0.8385367748333333,0.4124699313333333,0.007921986320000018,,,,,,,,,,,,,ok,0,True
E041,epoch_0006,6,normalized,add_proj,0.12,0.08,64,4,2.0,0.5,15.0,0.0,0.15,0.0,0.0,7,False,3|5|7|15,64,64,32,0.0002,8,1,1.0,0.699053857843081,0.8656104648,0.38304238172,0.6169576182800001,0.699053857843081,0.8656104648,0.38304238172,0.6169576182800001,0.6674746789038182,0.8601213414833333,0.39282015535,0.6071798446500001,0.6412025295197964,0.8357246833333335,0.41071898508333327,0.007921986320000018,,,,,,,,,,,,,ok,0,True
E041,epoch_0007,7,normalized,add_proj,0.12,0.08,64,4,2.0,0.5,15.0,0.0,0.15,0.0,0.0,7,False,3|5|7|15,64,64,32,0.0002,8,1,1.0,0.6992997086842854,0.8656843783866668,0.38395123284,0.61604876716,0.6992997086842854,0.8656843783866668,0.38395123284,0.61604876716,0.6677766390641531,0.86006317265,0.39387668461666664,0.6061233153833334,0.6422779493033886,0.8352967185833333,0.4094353484166667,0.007921986320000018,,,,,,,,,,,,,ok,0,True
E041,epoch_0008,8,normalized,add_proj,0.12,0.08,64,4,2.0,0.5,15.0,0.0,0.15,0.0,0.0,7,False,3|5|7|15,64,64,32,0.0002,8,1,1.0,0.6983574983676274,0.8671645227066668,0.3831088011333334,0.6168911988666665,0.6983574983676274,0.8671645227066668,0.3831088011333334,0.6168911988666665,0.6665098173916341,0.8616616846500001,0.39308653860000003,0.6069134614,0.6401053590079149,0.8366913381666667,0.40346558066666666,0.007921986320000018,,,,,,,,,,,,,ok,0,True
E042,epoch_0001,1,normalized,add_proj,0.12,0.08,64,4,2.0,0.5,15.0,0.0,0.3,0.0,0.0,7,False,3|5|7|15,64,64,32,0.0002,8,1,1.0,0.6957605083386105,0.8789829037999999,0.36896611805333335,0.6310338819466667,0.6957605083386105,0.8789829037999999,0.36896611805333335,0.6310338819466667,0.6629250917335352,0.8742574064166666,0.37824002745000007,0.6217599725499999,0.6349872509638468,0.8422672170833333,0.40054208958333337,0.009099042653333334,,,,,,,,,,,,,ok,0,True
E042,epoch_0002,2,normalized,add_proj,0.12,0.08,64,4,2.0,0.5,15.0,0.0,0.3,0.0,0.0,7,False,3|5|7|15,64,64,32,0.0002,8,1,1.0,0.6975667963822683,0.87763209692,0.37478704177333333,0.6252129582266667,0.6975667963822683,0.87763209692,0.37478704177333333,0.6252129582266667,0.6649223466714222,0.8728647121499999,0.38432747098333336,0.6156725290166667,0.6372747600078582,0.8440212035833334,0.4136690531666667,0.009099042653333334,,,,,,,,,,,,,ok,0,True
E042,epoch_0003,3,normalized,add_proj,0.12,0.08,64,4,2.0,0.5,15.0,0.0,0.3,0.0,0.0,7,False,3|5|7|15,64,64,32,0.0002,8,1,1.0,0.6983693610827129,0.8733936465066666,0.3780651607066667,0.6219348392933333,0.6983693610827129,0.8733936465066666,0.3780651607066667,0.6219348392933333,0.6661353980501493,0.8683491054333334,0.3878847278666667,0.6121152721333333,0.6389622072378793,0.8408470203333334,0.41864237483333333,0.009099042653333334,,,,,,,,,,,,,ok,0,True
E042,epoch_0004,4,normalized,add_proj,0.12,0.08,64,4,2.0,0.5,15.0,0.0,0.3,0.0,0.0,7,False,3|5|7|15,64,64,32,0.0002,8,1,1.0,0.6999069636265438,0.8701690165466667,0.3830271896533333,0.6169728103466667,0.6999069636265438,0.8701690165466667,0.3830271896533333,0.6169728103466667,0.6679779099921385,0.8648360758166668,0.3929142118333333,0.6070857881666667,0.6414766604701678,0.8380975465833334,0.4241450184166667,0.009099042653333334,,,,,,,,,,,,,ok,0,True
E042,epoch_0005,5,normalized,add_proj,0.12,0.08,64,4,2.0,0.5,15.0,0.0,0.3,0.0,0.0,7,False,3|5|7|15,64,64,32,0.0002,8,1,1.0,0.6996661754846574,0.8673953295733332,0.38403478158666665,0.6159652184133333,0.6996661754846574,0.8673953295733332,0.38403478158666665,0.6159652184133333,0.6678846144179503,0.8618037050333331,0.39406222514999995,0.6059377748500001,0.6416348174214364,0.8353325779166667,0.41865397600000004,0.009099042653333334,,,,,,,,,,,,,ok,0,True
E042,epoch_0006,6,normalized,add_proj,0.12,0.08,64,4,2.0,0.5,15.0,0.0,0.3,0.0,0.0,7,False,3|5|7|15,64,64,32,0.0002,8,1,1.0,0.699947793841362,0.8650451110133333,0.3845942497866667,0.6154057502133333,0.699947793841362,0.8650451110133333,0.3845942497866667,0.6154057502133333,0.6684001149237156,0.8592402215166665,0.3947986498,0.6052013502,0.6418995335698128,0.8337546483333333,0.41424737525000005,0.009099042653333334,,,,,,,,,,,,,ok,0,True
E042,epoch_0007,7,normalized,add_proj,0.12,0.08,64,4,2.0,0.5,15.0,0.0,0.3,0.0,0.0,7,False,3|5|7|15,64,64,32,0.0002,8,1,1.0,0.6999985992113749,0.8651441184266667,0.3853102252400001,0.61468977476,0.6999985992113749,0.8651441184266667,0.3853102252400001,0.61468977476,0.6682056109110514,0.8591182940666666,0.395636188,0.604363812,0.641604107618332,0.8337523596666667,0.4119969654166667,0.009099042653333334,,,,,,,,,,,,,ok,0,True
E042,epoch_0008,8,normalized,add_proj,0.12,0.08,64,4,2.0,0.5,15.0,0.0,0.3,0.0,0.0,7,False,3|5|7|15,64,64,32,0.0002,8,1,1.0,0.6990898905595144,0.8670178366933334,0.38369265785333334,0.6163073421466667,0.6990898905595144,0.8670178366933334,0.38369265785333334,0.6163073421466667,0.6671468620498975,0.8611674372833333,0.3940810479833333,0.6059189520166667,0.6390855006873608,0.8366095520833334,0.4044858843333334,0.009099042653333334,,,,,,,,,,,,,ok,0,True
E043,epoch_0001,1,normalized,add_proj,0.12,0.08,64,4,3.0,0.5,15.0,0.0,0.15,0.0,0.0,7,False,3|5|7|15,64,64,32,0.0002,8,1,1.0,0.6930060838858286,0.8875879263466666,0.35532880532000005,0.6446711946799999,0.6930060838858286,0.8875879263466666,0.35532880532000005,0.6446711946799999,0.6593816299239796,0.8836455328833333,0.3641892836333333,0.6358107163666666,0.6279638926188151,0.8551560759166668,0.383099407,0.00720333576000004,,,,,,,,,,,,,ok,0,True
E043,epoch_0002,2,normalized,add_proj,0.12,0.08,64,4,3.0,0.5,15.0,0.0,0.15,0.0,0.0,7,False,3|5|7|15,64,64,32,0.0002,8,1,1.0,0.6944443649450937,0.8855851020000002,0.35952132200000003,0.640478678,0.6944443649450937,0.8855851020000002,0.35952132200000003,0.640478678,0.661143237054348,0.8812733108499999,0.368959619,0.631040381,0.6292546307047209,0.8560158987500001,0.393191172,0.00720333576000004,,,,,,,,,,,,,ok,0,True
E043,epoch_0003,3,normalized,add_proj,0.12,0.08,64,4,3.0,0.5,15.0,0.0,0.15,0.0,0.0,7,False,3|5|7|15,64,64,32,0.0002,8,1,1.0,0.6951702614625295,0.8832286067066667,0.3625321410800001,0.6374678589199999,0.6951702614625295,0.8832286067066667,0.3625321410800001,0.6374678589199999,0.66225653976202,0.8786798233666667,0.37222000005,0.62777999995,0.6296731332937877,0.8548483000000001,0.39637989349999997,0.00720333576000004,,,,,,,,,,,,,ok,0,True
E043,epoch_0004,4,normalized,add_proj,0.12,0.08,64,4,3.0,0.5,15.0,0.0,0.15,0.0,0.0,7,False,3|5|7|15,64,64,32,0.0002,8,1,1.0,0.696923808336258,0.8811568896533335,0.36571410268,0.6342858973200001,0.696923808336258,0.8811568896533335,0.36571410268,0.6342858973200001,0.6642094472050667,0.8763015692833334,0.3754923548833333,0.6245076451166667,0.6323718977471192,0.85084591525,0.4004024288333333,0.00720333576000004,,,,,,,,,,,,,ok,0,True
E043,epoch_0005,5,normalized,add_proj,0.12,0.08,64,4,3.0,0.5,15.0,0.0,0.15,0.0,0.0,7,False,3|5|7|15,64,64,32,0.0002,8,1,1.0,0.6958843401670457,0.8805296000666665,0.36452065029333336,0.6354793497066666,0.6958843401670457,0.8805296000666665,0.36452065029333336,0.6354793497066666,0.6630553342401981,0.8757489028166667,0.37385073760000004,0.6261492624,0.6318824710945288,0.8507721129166669,0.39269120358333337,0.00720333576000004,,,,,,,,,,,,,ok,0,True
E043,epoch_0006,6,normalized,add_proj,0.12,0.08,64,4,3.0,0.5,15.0,0.0,0.15,0.0,0.0,7,False,3|5|7|15,64,64,32,0.0002,8,1,1.0,0.6960749890406928,0.8779475191066668,0.3666543938266667,0.6333456061733334,0.6960749890406928,0.8779475191066668,0.3666543938266667,0.6333456061733334,0.6634403019646804,0.8729849835666667,0.3760066234,0.6239933766,0.6317992433905602,0.84759020325,0.3904963880833333,0.00720333576000004,,,,,,,,,,,,,ok,0,True
E043,epoch_0007,7,normalized,add_proj,0.12,0.08,64,4,3.0,0.5,15.0,0.0,0.15,0.0,0.0,7,False,3|5|7|15,64,64,32,0.0002,8,1,1.0,0.6963404762347539,0.8768325734533333,0.3691002623333333,0.6308997376666667,0.6963404762347539,0.8768325734533333,0.3691002623333333,0.6308997376666667,0.6637269241114457,0.8717473495166667,0.3786037832333333,0.6213962167666667,0.6330100504060586,0.845437381,0.39202760324999997,0.00720333576000004,,,,,,,,,,,,,ok,0,True
E043,epoch_0008,8,normalized,add_proj,0.12,0.08,64,4,3.0,0.5,15.0,0.0,0.15,0.0,0.0,7,False,3|5|7|15,64,64,32,0.0002,8,1,1.0,0.695585977355639,0.8783452268933333,0.3681306974933333,0.6318693025066666,0.695585977355639,0.8783452268933333,0.3681306974933333,0.6318693025066666,0.6626586047311623,0.8733150244500001,0.37773827625,0.62226172375,0.6304353515307108,0.8480987486666667,0.38557228925000003,0.00720333576000004,,,,,,,,,,,,,ok,0,True
E044,epoch_0001,1,normalized,add_proj,0.12,0.08,64,4,3.0,1.0,15.0,0.0,0.3,0.0,0.0,7,False,3|5|7|15,64,64,32,0.0002,8,1,1.0,0.6917528538703919,0.8903682563199999,0.35173205523999995,0.64826794476,0.6917528538703919,0.8903682563199999,0.35173205523999995,0.64826794476,0.6579480980833371,0.8865482251166666,0.36080237238333335,0.6391976276166667,0.6244206771254539,0.8608256445,0.377045171,0.005322501613333364,,,,,,,,,,,,,ok,0,True
E044,epoch_0002,2,normalized,add_proj,0.12,0.08,64,4,3.0,1.0,15.0,0.0,0.3,0.0,0.0,7,False,3|5|7|15,64,64,32,0.0002,8,1,1.0,0.6931705267826714,0.8878370556666667,0.3559466489733334,0.6440533510266666,0.6931705267826714,0.8878370556666667,0.3559466489733334,0.6440533510266666,0.659586564153433,0.8834707423000001,0.36595907614999995,0.63404092385,0.6255668873588245,0.86308866225,0.38644991591666666,0.005322501613333364,,,,,,,,,,,,,ok,0,True
E044,epoch_0003,3,normalized,add_proj,0.12,0.08,64,4,3.0,1.0,15.0,0.0,0.3,0.0,0.0,7,False,3|5|7|15,64,64,32,0.0002,8,1,1.0,0.6940801876783371,0.8871404616799999,0.3570545568533333,0.6429454431466667,0.6940801876783371,0.8871404616799999,0.3570545568533333,0.6429454431466667,0.6606599179406961,0.8828517435166667,0.36688877028333333,0.6331112297166667,0.6265463973085085,0.8626476116666666,0.38854429408333335,0.005322501613333364,,,,,,,,,,,,,ok,0,True
E044,epoch_0004,4,normalized,add_proj,0.12,0.08,64,4,3.0,1.0,15.0,0.0,0.3,0.0,0.0,7,False,3|5|7|15,64,64,32,0.0002,8,1,1.0,0.69534990187486,0.8854367068400001,0.3595382971066667,0.6404617028933333,0.69534990187486,0.8854367068400001,0.3595382971066667,0.6404617028933333,0.6621414075791835,0.8809524759333331,0.3693542048833333,0.6306457951166666,0.628534293671449,0.8592363985833332,0.39140616333333333,0.005322501613333364,,,,,,,,,,,,,ok,0,True
E044,epoch_0005,5,normalized,add_proj,0.12,0.08,64,4,3.0,1.0,15.0,0.0,0.3,0.0,0.0,7,False,3|5|7|15,64,64,32,0.0002,8,1,1.0,0.6957913251717884,0.8834300251733334,0.3612166219466667,0.6387833780533333,0.6957913251717884,0.8834300251733334,0.3612166219466667,0.6387833780533333,0.662770942946275,0.8786902374833332,0.37096171074999995,0.62903828925,0.6291091226041318,0.8568955394166666,0.3883869575,0.005322501613333364,,,,,,,,,,,,,ok,0,True
E044,epoch_0006,6,normalized,add_proj,0.12,0.08,64,4,3.0,1.0,15.0,0.0,0.3,0.0,0.0,7,False,3|5|7|15,64,64,32,0.0002,8,1,1.0,0.6954544845024745,0.8807211453866667,0.3627147662666666,0.6372852337333335,0.6954544845024745,0.8807211453866667,0.3627147662666666,0.6372852337333335,0.6625960932672024,0.8758302144999999,0.3724065734333334,0.6275934265666666,0.6306374703844388,0.8522471145,0.3880024689166667,0.005322501613333364,,,,,,,,,,,,,ok,0,True
E044,epoch_0007,7,normalized,add_proj,0.12,0.08,64,4,3.0,1.0,15.0,0.0,0.3,0.0,0.0,7,False,3|5|7|15,64,64,32,0.0002,8,1,1.0,0.6958181122938791,0.87985327476,0.3643753322800001,0.6356246677199999,0.6958181122938791,0.87985327476,0.3643753322800001,0.6356246677199999,0.6627821312348048,0.8747438707,0.37415692064999995,0.62584307935,0.6309055862327417,0.85052652,0.3875576881666667,0.005322501613333364,,,,,,,,,,,,,ok,0,True
E044,epoch_0008,8,normalized,add_proj,0.12,0.08,64,4,3.0,1.0,15.0,0.0,0.3,0.0,0.0,7,False,3|5|7|15,64,64,32,0.0002,8,1,1.0,0.6945781886577607,0.8817237982533334,0.36347735629333333,0.6365226437066667,0.6945781886577607,0.8817237982533334,0.36347735629333333,0.6365226437066667,0.661299602886041,0.8768759850666668,0.37324681308333335,0.6267531869166667,0.6282829294602077,0.8542017130833334,0.38009260425,0.005322501613333364,,,,,,,,,,,,,ok,0,True
E045,epoch_0001,1,normalized,add_proj,0.12,0.08,64,4,2.0,0.5,15.0,0.0,0.0,0.0,0.03,7,False,3|5|7|15,64,64,32,0.0002,8,1,1.0,0.6948644373416901,0.8825366561733332,0.36392254688000003,0.63607745312,0.6948644373416901,0.8825366561733332,0.36392254688000003,0.63607745312,0.6617580476403236,0.8781025638333333,0.3730631674666666,0.6269368325333333,0.6324184333284696,0.8459617580833333,0.3951694245,0.008770009026666636,,,,,,,,,,,,,ok,0,True
E045,epoch_0002,2,normalized,add_proj,0.12,0.08,64,4,2.0,0.5,15.0,0.0,0.0,0.0,0.03,7,False,3|5|7|15,64,64,32,0.0002,8,1,1.0,0.6968924738168717,0.8802607807066668,0.37016524852,0.62983475148,0.6968924738168717,0.8802607807066668,0.37016524852,0.62983475148,0.6641503625611465,0.8756780561333335,0.37983430735,0.62016569265,0.6336242030064265,0.8481839401666668,0.40728017208333334,0.008770009026666636,,,,,,,,,,,,,ok,0,True
E045,epoch_0003,3,normalized,add_proj,0.12,0.08,64,4,2.0,0.5,15.0,0.0,0.0,0.0,0.03,7,False,3|5|7|15,64,64,32,0.0002,8,1,1.0,0.697618215640386,0.8774739379333334,0.37269255590666667,0.6273074440933333,0.697618215640386,0.8774739379333334,0.37269255590666667,0.6273074440933333,0.6651524846752485,0.8724985900166666,0.3826177160333334,0.6173822839666666,0.6348793402314186,0.8462772984166667,0.4094421985833333,0.008770009026666636,,,,,,,,,,,,,ok,0,True
E045,epoch_0004,4,normalized,add_proj,0.12,0.08,64,4,2.0,0.5,15.0,0.0,0.0,0.0,0.03,7,False,3|5|7|15,64,64,32,0.0002,8,1,1.0,0.6987557472785315,0.8739234416666668,0.37684931798666665,0.6231506820133333,0.6987557472785315,0.8739234416666668,0.37684931798666665,0.6231506820133333,0.6665857928494613,0.8686833772333333,0.38671469326666663,0.6132853067333334,0.6377306086321672,0.8419299239166667,0.4152796381666667,0.008770009026666636,,,,,,,,,,,,,ok,0,True
E045,epoch_0005,5,normalized,add_proj,0.12,0.08,64,4,2.0,0.5,15.0,0.0,0.0,0.0,0.03,7,False,3|5|7|15,64,64,32,0.0002,8,1,1.0,0.69837302672863,0.8722596866266666,0.3778426386400001,0.6221573613599999,0.69837302672863,0.8722596866266666,0.3778426386400001,0.6221573613599999,0.6662233176330725,0.8668985780166667,0.3875632208333334,0.6124367791666666,0.6381168238818645,0.8408600974166667,0.41047897358333335,0.008770009026666636,,,,,,,,,,,,,ok,0,True
E045,epoch_0006,6,normalized,add_proj,0.12,0.08,64,4,2.0,0.5,15.0,0.0,0.0,0.0,0.03,7,False,3|5|7|15,64,64,32,0.0002,8,1,1.0,0.6986362814108531,0.8700515514133332,0.37892136683999994,0.62107863316,0.6986362814108531,0.8700515514133332,0.37892136683999994,0.62107863316,0.6665477839112282,0.8644385951166665,0.38866514295,0.61133485705,0.6385375286142032,0.8390776901666667,0.40700680741666667,0.008770009026666636,,,,,,,,,,,,,ok,0,True
E045,epoch_0007,7,normalized,add_proj,0.12,0.08,64,4,2.0,0.5,15.0,0.0,0.0,0.0,0.03,7,False,3|5|7|15,64,64,32,0.0002,8,1,1.0,0.6988801025152206,0.8693564452666668,0.3806481524133333,0.6193518475866667,0.6988801025152206,0.8693564452666668,0.3806481524133333,0.6193518475866667,0.6669178735713163,0.8638956619499998,0.3905426815666667,0.6094573184333333,0.6389067841072876,0.8384994786666667,0.4067486564166667,0.008770009026666636,,,,,,,,,,,,,ok,0,True
E045,epoch_0008,8,normalized,add_proj,0.12,0.08,64,4,2.0,0.5,15.0,0.0,0.0,0.0,0.03,7,False,3|5|7|15,64,64,32,0.0002,8,1,1.0,0.6981942760547001,0.8707454136666665,0.37951314033333333,0.6204868596666666,0.6981942760547001,0.8707454136666665,0.37951314033333333,0.6204868596666666,0.6658315133551757,0.8652170961333333,0.38946540436666666,0.6105345956333333,0.6361942484974861,0.8405531602499998,0.40020032949999995,0.008770009026666636,,,,,,,,,,,,,ok,0,True
E046,epoch_0001,1,normalized,add_proj,0.12,0.08,64,4,2.0,1.0,15.0,0.0,0.0,0.0,0.06,7,False,3|5|7|15,64,64,32,0.0002,8,1,1.0,0.6928061587413152,0.8879638963733334,0.3554251466933333,0.6445748533066666,0.6928061587413152,0.8879638963733334,0.3554251466933333,0.6445748533066666,0.6593038449188074,0.8839816626666666,0.3645905483333333,0.6354094516666666,0.6274076168735823,0.8571422668333334,0.38245711225,0.00637471642666676,,,,,,,,,,,,,ok,0,True
E046,epoch_0002,2,normalized,add_proj,0.12,0.08,64,4,2.0,1.0,15.0,0.0,0.0,0.0,0.06,7,False,3|5|7|15,64,64,32,0.0002,8,1,1.0,0.6944987124602,0.8851987067733333,0.3601831336800001,0.6398168663199999,0.6944987124602,0.8851987067733333,0.3601831336800001,0.6398168663199999,0.6612497747937838,0.8805448023166667,0.3701366396833334,0.6298633603166666,0.6268776158491771,0.8590255189166667,0.3881131646666667,0.00637471642666676,,,,,,,,,,,,,ok,0,True
E046,epoch_0003,3,normalized,add_proj,0.12,0.08,64,4,2.0,1.0,15.0,0.0,0.0,0.0,0.06,7,False,3|5|7|15,64,64,32,0.0002,8,1,1.0,0.6954443107048671,0.88414304636,0.36179986312000006,0.6382001368799999,0.6954443107048671,0.88414304636,0.36179986312000006,0.6382001368799999,0.6623673184216022,0.8794958279000001,0.37185623603333334,0.6281437639666667,0.6278266817331314,0.8590728739166669,0.3943962900833333,0.00637471642666676,,,,,,,,,,,,,ok,0,True
E046,epoch_0004,4,normalized,add_proj,0.12,0.08,64,4,2.0,1.0,15.0,0.0,0.0,0.0,0.06,7,False,3|5|7|15,64,64,32,0.0002,8,1,1.0,0.6968667569557827,0.8816579634266667,0.3654509667333333,0.6345490332666667,0.6968667569557827,0.8816579634266667,0.3654509667333333,0.6345490332666667,0.6640463021894295,0.8766765454166666,0.37565645049999996,0.6243435495,0.6300054701666037,0.8546738944166666,0.3989666231666667,0.00637471642666676,,,,,,,,,,,,,ok,0,True
E046,epoch_0005,5,normalized,add_proj,0.12,0.08,64,4,2.0,1.0,15.0,0.0,0.0,0.0,0.06,7,False,3|5|7|15,64,64,32,0.0002,8,1,1.0,0.6970058757066725,0.8797969640800001,0.36614130928,0.63385869072,0.6970058757066725,0.8797969640800001,0.36614130928,0.63385869072,0.6643962864577772,0.8747406562833333,0.37598981523333336,0.6240101847666666,0.6317308912674586,0.8527209171666668,0.395704466,0.00637471642666676,,,,,,,,,,,,,ok,0,True
E046,epoch_0006,6,normalized,add_proj,0.12,0.08,64,4,2.0,1.0,15.0,0.0,0.0,0.0,0.06,7,False,3|5|7|15,64,64,32,0.0002,8,1,1.0,0.6971537231604258,0.8761612463866665,0.36841529436000003,0.6315847056399999,0.6971537231604258,0.8761612463866665,0.36841529436000003,0.6315847056399999,0.6647844676176706,0.8707855471,0.37828899010000006,0.6217110099,0.6331685118377208,0.8473792292500001,0.39541969475,0.00637471642666676,,,,,,,,,,,,,ok,0,True
E046,epoch_0007,7,normalized,add_proj,0.12,0.08,64,4,2.0,1.0,15.0,0.0,0.0,0.0,0.06,7,False,3|5|7|15,64,64,32,0.0002,8,1,1.0,0.6975508541663489,0.8752543464666667,0.37040401706666665,0.6295959829333333,0.6975508541663489,0.8752543464666667,0.37040401706666665,0.6295959829333333,0.6651521401107312,0.8698172526333334,0.38033331591666664,0.6196666840833334,0.6340270554025967,0.8458142616666666,0.3972742169166667,0.00637471642666676,,,,,,,,,,,,,ok,0,True
E046,epoch_0008,8,normalized,add_proj,0.12,0.08,64,4,2.0,1.0,15.0,0.0,0.0,0.0,0.06,7,False,3|5|7|15,64,64,32,0.0002,8,1,1.0,0.696721593062083,0.87668057148,0.3704792445333334,0.6295207554666666,0.696721593062083,0.87668057148,0.3704792445333334,0.6295207554666666,0.6640063040455182,0.8712327037333333,0.38055253671666667,0.6194474632833333,0.6314769933621089,0.8488622404999999,0.39138975475,0.00637471642666676,,,,,,,,,,,,,ok,0,True
E047,epoch_0001,1,normalized,add_proj,0.12,0.08,64,4,3.0,0.5,15.0,0.0,0.0,0.0,0.03,7,False,3|5|7|15,64,64,32,0.0002,8,1,1.0,0.6922712859312693,0.8891413774266665,0.35142085765333336,0.6485791423466667,0.6922712859312693,0.8891413774266665,0.35142085765333336,0.6485791423466667,0.6585083725055059,0.8852381719166666,0.3600751986833334,0.6399248013166666,0.6268280756970246,0.8575053609999999,0.3782636903333333,0.006112551733333305,,,,,,,,,,,,,ok,0,True
E047,epoch_0002,2,normalized,add_proj,0.12,0.08,64,4,3.0,0.5,15.0,0.0,0.0,0.0,0.03,7,False,3|5|7|15,64,64,32,0.0002,8,1,1.0,0.6942049169540404,0.88655609544,0.3564134943200001,0.6435865056799999,0.6942049169540404,0.88655609544,0.3564134943200001,0.6435865056799999,0.6609130208690962,0.8822373736,0.3656175252833333,0.6343824747166666,0.6273235326011976,0.8589606699166668,0.38606207141666665,0.006112551733333305,,,,,,,,,,,,,ok,0,True
E047,epoch_0003,3,normalized,add_proj,0.12,0.08,64,4,3.0,0.5,15.0,0.0,0.0,0.0,0.03,7,False,3|5|7|15,64,64,32,0.0002,8,1,1.0,0.6949230735699337,0.8850290724133333,0.35753340938666667,0.6424665906133333,0.6949230735699337,0.8850290724133333,0.35753340938666667,0.6424665906133333,0.6619520697494348,0.8806162055666666,0.36696078670000004,0.6330392133,0.6272952079772949,0.8574055042500001,0.38914283475,0.006112551733333305,,,,,,,,,,,,,ok,0,True
E047,epoch_0004,4,normalized,add_proj,0.12,0.08,64,4,3.0,0.5,15.0,0.0,0.0,0.0,0.03,7,False,3|5|7|15,64,64,32,0.0002,8,1,1.0,0.6955344423055649,0.88341053796,0.3597489692533334,0.6402510307466667,0.6955344423055649,0.88341053796,0.3597489692533334,0.6402510307466667,0.6626544932027658,0.8787584845166665,0.3692568489166667,0.6307431510833332,0.6279404287536938,0.8540593014166666,0.39096985516666666,0.006112551733333305,,,,,,,,,,,,,ok,0,True
E047,epoch_0005,5,normalized,add_proj,0.12,0.08,64,4,3.0,0.5,15.0,0.0,0.0,0.0,0.03,7,False,3|5|7|15,64,64,32,0.0002,8,1,1.0,0.6957832417885463,0.8817068453466668,0.36105552243999994,0.6389444775600001,0.6957832417885463,0.8817068453466668,0.36105552243999994,0.6389444775600001,0.6629674294094245,0.8768990857333334,0.3703231648,0.6296768352,0.629608079046011,0.8514726478333334,0.3869230838333333,0.006112551733333305,,,,,,,,,,,,,ok,0,True
E047,epoch_0006,6,normalized,add_proj,0.12,0.08,64,4,3.0,0.5,15.0,0.0,0.0,0.0,0.03,7,False,3|5|7|15,64,64,32,0.0002,8,1,1.0,0.6958490269184113,0.8795192664666667,0.36394071148,0.63605928852,0.6958490269184113,0.8795192664666667,0.36394071148,0.63605928852,0.6630367385347684,0.8744608074666665,0.37324558675,0.62675441325,0.63097494567434,0.848725695,0.3870268318333333,0.006112551733333305,,,,,,,,,,,,,ok,0,True
E047,epoch_0007,7,normalized,add_proj,0.12,0.08,64,4,3.0,0.5,15.0,0.0,0.0,0.0,0.03,7,False,3|5|7|15,64,64,32,0.0002,8,1,1.0,0.6955836448669435,0.8795647834399999,0.36526405339999996,0.6347359466,0.6955836448669435,0.8795647834399999,0.36526405339999996,0.6347359466,0.6626571859916051,0.8745588316666666,0.37461155471666663,0.6253884452833334,0.6306039929389954,0.8485146557499998,0.3867842111666666,0.006112551733333305,,,,,,,,,,,,,ok,0,True
E047,epoch_0008,8,normalized,add_proj,0.12,0.08,64,4,3.0,0.5,15.0,0.0,0.0,0.0,0.03,7,False,3|5|7|15,64,64,32,0.0002,8,1,1.0,0.6949941620031993,0.8806344359600001,0.3644632836,0.6355367164,0.6949941620031993,0.8806344359600001,0.3644632836,0.6355367164,0.6618582717577616,0.8756186780666667,0.37383146333333334,0.6261685366666667,0.6291689457992713,0.8517035530833335,0.3809062495833333,0.006112551733333305,,,,,,,,,,,,,ok,0,True
E048,epoch_0001,1,normalized,add_proj,0.12,0.08,64,4,3.0,1.0,15.0,0.0,0.0,0.0,0.06,7,False,3|5|7|15,64,64,32,0.0002,8,1,1.0,0.6900709320704143,0.89291922544,0.34506200605333326,0.6549379939466667,0.6900709320704143,0.89291922544,0.34506200605333326,0.6549379939466667,0.6559565789500872,0.8895044244333332,0.3536545846833334,0.6463454153166666,0.6215965564052264,0.8651966688333333,0.36749734950000007,0.004954581173333417,,,,,,,,,,,,,ok,0,True
E048,epoch_0002,2,normalized,add_proj,0.12,0.08,64,4,3.0,1.0,15.0,0.0,0.0,0.0,0.06,7,False,3|5|7|15,64,64,32,0.0002,8,1,1.0,0.692148163874944,0.8906482820399999,0.34953494844000005,0.6504650515599999,0.692148163874944,0.8906482820399999,0.34953494844000005,0.6504650515599999,0.6583745297789574,0.8866684973833333,0.3590456171,0.6409543829,0.6232314643760523,0.8661158935,0.37570754149999996,0.004954581173333417,,,,,,,,,,,,,ok,0,True
E048,epoch_0003,3,normalized,add_proj,0.12,0.08,64,4,3.0,1.0,15.0,0.0,0.0,0.0,0.06,7,False,3|5|7|15,64,64,32,0.0002,8,1,1.0,0.6932764871517816,0.8908796205466666,0.3500165872266667,0.6499834127733333,0.6932764871517816,0.8908796205466666,0.3500165872266667,0.6499834127733333,0.6596631719171999,0.8868150491666666,0.35958505478333336,0.6404149452166666,0.6228485561907291,0.8678261555833333,0.37794960908333336,0.004954581173333417,,,,,,,,,,,,,ok,0,True
E048,epoch_0004,4,normalized,add_proj,0.12,0.08,64,4,3.0,1.0,15.0,0.0,0.0,0.0,0.06,7,False,3|5|7|15,64,64,32,0.0002,8,1,1.0,0.6938454047838847,0.8905170126266668,0.3505594091333333,0.6494405908666667,0.6938454047838847,0.8905170126266668,0.3505594091333333,0.6494405908666667,0.6600741164882978,0.8861649902166666,0.36000395296666665,0.6399960470333333,0.6226944322387378,0.8664821045833334,0.3776675668333333,0.004954581173333417,,,,,,,,,,,,,ok,0,True
E048,epoch_0005,5,normalized,add_proj,0.12,0.08,64,4,3.0,1.0,15.0,0.0,0.0,0.0,0.06,7,False,3|5|7|15,64,64,32,0.0002,8,1,1.0,0.693742150425911,0.8888712760666667,0.35049170197333335,0.6495082980266667,0.693742150425911,0.8888712760666667,0.35049170197333335,0.6495082980266667,0.6600490486125151,0.8843835551166667,0.35967625008333337,0.6403237499166666,0.6220098719000817,0.8636136095,0.37286511641666664,0.004954581173333417,,,,,,,,,,,,,ok,0,True
E048,epoch_0006,6,normalized,add_proj,0.12,0.08,64,4,3.0,1.0,15.0,0.0,0.0,0.0,0.06,7,False,3|5|7|15,64,64,32,0.0002,8,1,1.0,0.6938105449676515,0.8863526780933333,0.35282446980000004,0.6471755302,0.6938105449676515,0.8863526780933333,0.35282446980000004,0.6471755302,0.660378786722819,0.8818083021166666,0.3618847785,0.6381152215,0.6238593384623528,0.8601567963333333,0.3731992715,0.004954581173333417,,,,,,,,,,,,,ok,0,True
E048,epoch_0007,7,normalized,add_proj,0.12,0.08,64,4,3.0,1.0,15.0,0.0,0.0,0.0,0.06,7,False,3|5|7|15,64,64,32,0.0002,8,1,1.0,0.6942373082240423,0.8851106699866667,0.3553511559066667,0.6446488440933333,0.6942373082240423,0.8851106699866667,0.3553511559066667,0.6446488440933333,0.6607531543076037,0.8804190520333334,0.36460647960000003,0.6353935204,0.6249093207220237,0.85738230925,0.3759544260833333,0.004954581173333417,,,,,,,,,,,,,ok,0,True
E048,epoch_0008,8,normalized,add_proj,0.12,0.08,64,4,3.0,1.0,15.0,0.0,0.0,0.0,0.06,7,False,3|5|7|15,64,64,32,0.0002,8,1,1.0,0.6927340784470241,0.8869041698,0.35396057897333333,0.6460394210266667,0.6927340784470241,0.8869041698,0.35396057897333333,0.6460394210266667,0.6589820944766204,0.8823038427166667,0.36312206863333335,0.6368779313666666,0.6215276839832465,0.8610876775,0.368960797,0.004954581173333417,,,,,,,,,,,,,ok,0,True
E049,epoch_0001,1,normalized,add_proj,0.12,0.08,64,4,2.0,0.5,17.5,0.0,0.15,0.0,0.03,7,False,3|5|7|15,64,64,32,0.0002,8,1,1.0,0.6964528826077779,0.8770827349066667,0.37145455673333333,0.6285454432666666,0.6964528826077779,0.8770827349066667,0.37145455673333333,0.6285454432666666,0.6639498257637023,0.8723863794166666,0.380759781,0.6192402189999999,0.6372259693841139,0.8380917796666667,0.4039535124166667,0.007749824999999988,,,,,,,,,,,,,ok,0,True
E049,epoch_0002,2,normalized,add_proj,0.12,0.08,64,4,2.0,0.5,17.5,0.0,0.15,0.0,0.03,7,False,3|5|7|15,64,64,32,0.0002,8,1,1.0,0.6979432495435078,0.8757478897866666,0.3766261289333333,0.6233738710666668,0.6979432495435078,0.8757478897866666,0.3766261289333333,0.6233738710666668,0.6655291320880253,0.8709190529166666,0.3860731828833333,0.6139268171166667,0.6368939658006032,0.8421137905,0.41461227050000005,0.007749824999999988,,,,,,,,,,,,,ok,0,True
E049,epoch_0003,3,normalized,add_proj,0.12,0.08,64,4,2.0,0.5,17.5,0.0,0.15,0.0,0.03,7,False,3|5|7|15,64,64,32,0.0002,8,1,1.0,0.6992882542212804,0.87162866216,0.3792043817333333,0.6207956182666667,0.6992882542212804,0.87162866216,0.3792043817333333,0.6207956182666667,0.6672885310153167,0.8665060714499999,0.3888099191333333,0.6111900808666667,0.6397156203786531,0.8394154399166667,0.4185666615,0.007749824999999988,,,,,,,,,,,,,ok,0,True
E049,epoch_0004,4,normalized,add_proj,0.12,0.08,64,4,2.0,0.5,17.5,0.0,0.15,0.0,0.03,7,False,3|5|7|15,64,64,32,0.0002,8,1,1.0,0.7004650775988899,0.8678704462399999,0.38392267904,0.61607732096,0.7004650775988899,0.8678704462399999,0.38392267904,0.61607732096,0.6691242073476313,0.8624690465499999,0.3936615924833334,0.6063384075166667,0.6424182442327341,0.8364927779166667,0.42448202474999996,0.007749824999999988,,,,,,,,,,,,,ok,0,True
E049,epoch_0005,5,normalized,add_proj,0.12,0.08,64,4,2.0,0.5,17.5,0.0,0.15,0.0,0.03,7,False,3|5|7|15,64,64,32,0.0002,8,1,1.0,0.7003976649045945,0.8651742097733335,0.3856874923200001,0.6143125076799999,0.7003976649045945,0.8651742097733335,0.3856874923200001,0.6143125076799999,0.6691505152483781,0.8595249348666666,0.39530958796666665,0.6046904120333334,0.6429426578183968,0.834274366,0.41961599941666666,0.007749824999999988,,,,,,,,,,,,,ok,0,True
E049,epoch_0006,6,normalized,add_proj,0.12,0.08,64,4,2.0,0.5,17.5,0.0,0.15,0.0,0.03,7,False,3|5|7|15,64,64,32,0.0002,8,1,1.0,0.7000369658470155,0.8633638344266668,0.38622867694666674,0.6137713230533333,0.7000369658470155,0.8633638344266668,0.38622867694666674,0.6137713230533333,0.6687736516197523,0.8574982592500001,0.39593959785,0.60406040215,0.6424511149525642,0.8339280043333334,0.4155901735,0.007749824999999988,,,,,,,,,,,,,ok,0,True
E049,epoch_0007,7,normalized,add_proj,0.12,0.08,64,4,2.0,0.5,17.5,0.0,0.15,0.0,0.03,7,False,3|5|7|15,64,64,32,0.0002,8,1,1.0,0.7000491345723471,0.8622715966933333,0.38810859512000007,0.6118914048799999,0.7000491345723471,0.8622715966933333,0.38810859512000007,0.6118914048799999,0.6686955607930819,0.8562829991166666,0.3980849335833333,0.6019150664166667,0.6426614900430043,0.8332203589166666,0.41556299625000004,0.007749824999999988,,,,,,,,,,,,,ok,0,True
E049,epoch_0008,8,normalized,add_proj,0.12,0.08,64,4,2.0,0.5,17.5,0.0,0.15,0.0,0.03,7,False,3|5|7|15,64,64,32,0.0002,8,1,1.0,0.6997496135234833,0.8643981492,0.3866317402799999,0.6133682597200001,0.6997496135234833,0.8643981492,0.3866317402799999,0.6133682597200001,0.6680952607591948,0.8583242824833333,0.39672687843333326,0.6032731215666667,0.6407301848133405,0.8351473599166668,0.4081427138333334,0.007749824999999988,,,,,,,,,,,,,ok,0,True
E050,epoch_0001,1,normalized,add_proj,0.12,0.08,64,4,2.0,1.0,17.5,0.0,0.3,0.0,0.03,7,False,3|5|7|15,64,64,32,0.0002,8,1,1.0,0.6946405459642411,0.8830011977600001,0.36305511024,0.6369448897600001,0.6946405459642411,0.8830011977600001,0.36305511024,0.6369448897600001,0.661701603382826,0.8785520631333332,0.37248880905,0.62751119095,0.6317057763536771,0.84919306475,0.3927335084166667,0.0082763070800001,,,,,,,,,,,,,ok,0,True
E050,epoch_0002,2,normalized,add_proj,0.12,0.08,64,4,2.0,1.0,17.5,0.0,0.3,0.0,0.03,7,False,3|5|7|15,64,64,32,0.0002,8,1,1.0,0.696335356871287,0.8809229864399998,0.3684494218933334,0.6315505781066666,0.696335356871287,0.8809229864399998,0.3684494218933334,0.6315505781066666,0.6634008889396985,0.8760437826166669,0.3785535807666666,0.6214464192333333,0.6317985465129217,0.8522551263333332,0.40271440575,0.0082763070800001,,,,,,,,,,,,,ok,0,True
E050,epoch_0003,3,normalized,add_proj,0.12,0.08,64,4,2.0,1.0,17.5,0.0,0.3,0.0,0.03,7,False,3|5|7|15,64,64,32,0.0002,8,1,1.0,0.6972257566054663,0.8782360813733334,0.3713314173200001,0.6286685826799999,0.6972257566054663,0.8782360813733334,0.3713314173200001,0.6286685826799999,0.6647991435229778,0.8733269117833334,0.3816140263833333,0.6183859736166667,0.6334772924582164,0.85055659,0.4093921806666667,0.0082763070800001,,,,,,,,,,,,,ok,0,True
E050,epoch_0004,4,normalized,add_proj,0.12,0.08,64,4,2.0,1.0,17.5,0.0,0.3,0.0,0.03,7,False,3|5|7|15,64,64,32,0.0002,8,1,1.0,0.6986711951096852,0.8739117412533335,0.37604938924,0.62395061076,0.6986711951096852,0.8739117412533335,0.37604938924,0.62395061076,0.6667297845085461,0.8686929141166667,0.38635376841666663,0.6136462315833333,0.637234058479468,0.8443141814166667,0.41682720100000004,0.0082763070800001,,,,,,,,,,,,,ok,0,True
E050,epoch_0005,5,normalized,add_proj,0.12,0.08,64,4,2.0,1.0,17.5,0.0,0.3,0.0,0.03,7,False,3|5|7|15,64,64,32,0.0002,8,1,1.0,0.6985363680124281,0.8721824051066666,0.37625173473333334,0.6237482652666666,0.6985363680124281,0.8721824051066666,0.37625173473333334,0.6237482652666666,0.6664231694241364,0.8667077568333331,0.38620858588333334,0.6137914141166667,0.6378793579836687,0.8424598165833334,0.41186344208333336,0.0082763070800001,,,,,,,,,,,,,ok,0,True
E050,epoch_0006,6,normalized,add_proj,0.12,0.08,64,4,2.0,1.0,17.5,0.0,0.3,0.0,0.03,7,False,3|5|7|15,64,64,32,0.0002,8,1,1.0,0.6984748116731643,0.8703087721333332,0.37754605418666665,0.6224539458133334,0.6984748116731643,0.8703087721333332,0.37754605418666665,0.6224539458133334,0.666494186470906,0.8647007510666667,0.3875696187833333,0.6124303812166667,0.6386703461408615,0.8401866399166666,0.4090123203333334,0.0082763070800001,,,,,,,,,,,,,ok,0,True
E050,epoch_0007,7,normalized,add_proj,0.12,0.08,64,4,2.0,1.0,17.5,0.0,0.3,0.0,0.03,7,False,3|5|7|15,64,64,32,0.0002,8,1,1.0,0.6987694692214329,0.8698508022,0.37955900036,0.62044099964,0.6987694692214329,0.8698508022,0.37955900036,0.62044099964,0.6666542408366998,0.8641451743833333,0.3897552388166666,0.6102447611833334,0.639649111777544,0.8385298350833333,0.4104322848333333,0.0082763070800001,,,,,,,,,,,,,ok,0,True
E050,epoch_0008,8,normalized,add_proj,0.12,0.08,64,4,2.0,1.0,17.5,0.0,0.3,0.0,0.03,7,False,3|5|7|15,64,64,32,0.0002,8,1,1.0,0.6981959834098815,0.8707787139466666,0.37893768320000004,0.6210623168,0.6981959834098815,0.8707787139466666,0.37893768320000004,0.6210623168,0.6658849175771079,0.8650369414833335,0.38920229533333334,0.6107977046666666,0.6366439861555895,0.8403247944999999,0.4033144046666667,0.0082763070800001,,,,,,,,,,,,,ok,0,True
E051,epoch_0001,1,normalized,add_proj,0.12,0.08,64,4,3.0,0.5,17.5,0.0,0.15,0.0,0.06,7,False,3|5|7|15,64,64,32,0.0002,8,1,1.0,0.6931730862458546,0.8870837091866668,0.35458643901333337,0.6454135609866667,0.6931730862458546,0.8870837091866668,0.35458643901333337,0.6454135609866667,0.6596323342124621,0.8830959617666666,0.36326329045,0.6367367095500001,0.6282026906808218,0.8531882251666667,0.38300638666666664,0.008062612239999989,,,,,,,,,,,,,ok,0,True
E051,epoch_0002,2,normalized,add_proj,0.12,0.08,64,4,3.0,0.5,17.5,0.0,0.15,0.0,0.06,7,False,3|5|7|15,64,64,32,0.0002,8,1,1.0,0.6946914021174113,0.8854893088933333,0.35998346876,0.64001653124,0.6946914021174113,0.8854893088933333,0.35998346876,0.64001653124,0.6613020318746566,0.8811358320833333,0.3693197877333334,0.6306802122666666,0.6282948419451714,0.8557407990833333,0.3934244846666667,0.008062612239999989,,,,,,,,,,,,,ok,0,True
E051,epoch_0003,3,normalized,add_proj,0.12,0.08,64,4,3.0,0.5,17.5,0.0,0.15,0.0,0.06,7,False,3|5|7|15,64,64,32,0.0002,8,1,1.0,0.6958098401625951,0.8831164982666667,0.36264905125333335,0.6373509487466666,0.6958098401625951,0.8831164982666667,0.36264905125333335,0.6373509487466666,0.6628263132274151,0.87862379645,0.37213307091666664,0.6278669290833334,0.6296002864837646,0.8542890573333333,0.3978376660833333,0.008062612239999989,,,,,,,,,,,,,ok,0,True
E051,epoch_0004,4,normalized,add_proj,0.12,0.08,64,4,3.0,0.5,17.5,0.0,0.15,0.0,0.06,7,False,3|5|7|15,64,64,32,0.0002,8,1,1.0,0.6969635046323139,0.8810211249466665,0.36482471935999994,0.6351752806400001,0.6969635046323139,0.8810211249466665,0.36482471935999994,0.6351752806400001,0.6642229158679644,0.8762799992166667,0.3743285356166667,0.6256714643833333,0.6315200909972191,0.8510280119166667,0.39811405741666667,0.008062612239999989,,,,,,,,,,,,,ok,0,True
E051,epoch_0005,5,normalized,add_proj,0.12,0.08,64,4,3.0,0.5,17.5,0.0,0.15,0.0,0.06,7,False,3|5|7|15,64,64,32,0.0002,8,1,1.0,0.697061516404152,0.87912829864,0.36689589712,0.63310410288,0.697061516404152,0.87912829864,0.36689589712,0.63310410288,0.6643962527811527,0.8741828772833333,0.37620308203333336,0.6237969179666667,0.6324766432245572,0.8492115505,0.3951237505,0.008062612239999989,,,,,,,,,,,,,ok,0,True
E051,epoch_0006,6,normalized,add_proj,0.12,0.08,64,4,3.0,0.5,17.5,0.0,0.15,0.0,0.06,7,False,3|5|7|15,64,64,32,0.0002,8,1,1.0,0.6967539482911428,0.8768007185999999,0.3695273943866667,0.6304726056133333,0.6967539482911428,0.8768007185999999,0.3695273943866667,0.6304726056133333,0.664112665851911,0.8716290730666666,0.37887327285000005,0.62112672715,0.6320503423611322,0.8470209364166668,0.39326076600000004,0.008062612239999989,,,,,,,,,,,,,ok,0,True
E051,epoch_0007,7,normalized,add_proj,0.12,0.08,64,4,3.0,0.5,17.5,0.0,0.15,0.0,0.06,7,False,3|5|7|15,64,64,32,0.0002,8,1,1.0,0.6966728353500364,0.8774781123733334,0.3700835136133333,0.6299164863866666,0.6966728353500364,0.8774781123733334,0.3700835136133333,0.6299164863866666,0.6639793293674787,0.8724266527000001,0.3795466012666667,0.6204533987333333,0.6327013534804184,0.8465605224166667,0.3925351254166667,0.008062612239999989,,,,,,,,,,,,,ok,0,True
E051,epoch_0008,8,normalized,add_proj,0.12,0.08,64,4,3.0,0.5,17.5,0.0,0.15,0.0,0.06,7,False,3|5|7|15,64,64,32,0.0002,8,1,1.0,0.6955324152708053,0.87873215676,0.3693765171733333,0.6306234828266667,0.6955324152708053,0.87873215676,0.3693765171733333,0.6306234828266667,0.6624106980860234,0.8736126604333332,0.37891176885,0.62108823115,0.6296493398646513,0.84881125125,0.38625198775,0.008062612239999989,,,,,,,,,,,,,ok,0,True
E052,epoch_0001,1,normalized,add_proj,0.12,0.08,64,4,3.0,1.0,17.5,0.0,0.3,0.0,0.06,7,False,3|5|7|15,64,64,32,0.0002,8,1,1.0,0.6918860030174255,0.8905618097866668,0.3513617526,0.6486382474,0.6918860030174255,0.8905618097866668,0.3513617526,0.6486382474,0.6580276923378308,0.88690435745,0.3602967390333333,0.6397032609666666,0.6254027863343556,0.8604950923333333,0.378201148,0.006846985520000015,,,,,,,,,,,,,ok,0,True
E052,epoch_0002,2,normalized,add_proj,0.12,0.08,64,4,3.0,1.0,17.5,0.0,0.3,0.0,0.06,7,False,3|5|7|15,64,64,32,0.0002,8,1,1.0,0.6935791991949083,0.8868806432666666,0.35664529124,0.64335470876,0.6935791991949083,0.8868806432666666,0.35664529124,0.64335470876,0.660054515848557,0.8825203133333334,0.3666014387,0.6333985612999999,0.6259461984038353,0.8600240904166667,0.3859390808333333,0.006846985520000015,,,,,,,,,,,,,ok,0,True
E052,epoch_0003,3,normalized,add_proj,0.12,0.08,64,4,3.0,1.0,17.5,0.0,0.3,0.0,0.06,7,False,3|5|7|15,64,64,32,0.0002,8,1,1.0,0.6950260554949442,0.8864773995733334,0.35820873812000004,0.6417912618799999,0.6950260554949442,0.8864773995733334,0.35820873812000004,0.6417912618799999,0.6615711639324824,0.8818534551166668,0.36820174215,0.63179825785,0.6273244934777419,0.8605370136666667,0.3907461555000001,0.006846985520000015,,,,,,,,,,,,,ok,0,True
E052,epoch_0004,4,normalized,add_proj,0.12,0.08,64,4,3.0,1.0,17.5,0.0,0.3,0.0,0.06,7,False,3|5|7|15,64,64,32,0.0002,8,1,1.0,0.6960439879099529,0.8848914040266667,0.35958554412,0.64041445588,0.6960439879099529,0.8848914040266667,0.35958554412,0.64041445588,0.662885819276174,0.8801992308500001,0.36959704639999996,0.6304029536,0.6279983818531036,0.85833631025,0.38980049541666667,0.006846985520000015,,,,,,,,,,,,,ok,0,True
E052,epoch_0005,5,normalized,add_proj,0.12,0.08,64,4,3.0,1.0,17.5,0.0,0.3,0.0,0.06,7,False,3|5|7|15,64,64,32,0.0002,8,1,1.0,0.6959679477214814,0.8836451395600001,0.3605226652933334,0.6394773347066667,0.6959679477214814,0.8836451395600001,0.3605226652933334,0.6394773347066667,0.6627260144551597,0.8786242065666668,0.37017409863333334,0.6298259013666667,0.628273186335961,0.8566002235000001,0.38596720016666664,0.006846985520000015,,,,,,,,,,,,,ok,0,True
E052,epoch_0006,6,normalized,add_proj,0.12,0.08,64,4,3.0,1.0,17.5,0.0,0.3,0.0,0.06,7,False,3|5|7|15,64,64,32,0.0002,8,1,1.0,0.6957524507443109,0.8812886853466666,0.36254749864,0.63745250136,0.6957524507443109,0.8812886853466666,0.36254749864,0.63745250136,0.6627316653231781,0.8763248185333335,0.37204691231666664,0.6279530876833334,0.6295532176891963,0.8538476574166668,0.38590013833333336,0.006846985520000015,,,,,,,,,,,,,ok,0,True
E052,epoch_0007,7,normalized,add_proj,0.12,0.08,64,4,3.0,1.0,17.5,0.0,0.3,0.0,0.06,7,False,3|5|7|15,64,64,32,0.0002,8,1,1.0,0.6960662026802699,0.8798815300666668,0.36513047571999996,0.63486952428,0.6960662026802699,0.8798815300666668,0.36513047571999996,0.63486952428,0.6630541356901327,0.8749143328999999,0.37477002043333335,0.6252299795666667,0.6302131168544293,0.8509989191666667,0.38932108583333336,0.006846985520000015,,,,,,,,,,,,,ok,0,True
E052,epoch_0008,8,normalized,add_proj,0.12,0.08,64,4,3.0,1.0,17.5,0.0,0.3,0.0,0.06,7,False,3|5|7|15,64,64,32,0.0002,8,1,1.0,0.6952339491049447,0.8813454267199999,0.36412578772000004,0.63587421228,0.6952339491049447,0.8813454267199999,0.36412578772000004,0.63587421228,0.6619595500826836,0.8763303261666666,0.37377617036666666,0.6262238296333333,0.6272058462103208,0.8537781735833333,0.38180259599999994,0.006846985520000015,,,,,,,,,,,,,ok,0,True
E053,epoch_0001,1,normalized,add_proj,0.12,0.08,64,4,3.0,1.0,12.5,0.5,0.15,0.0,0.0,7,False,3|5|7|15,64,64,32,0.0002,8,1,1.0,0.690048734386762,0.8921364707866667,0.3473585248933334,0.6526414751066666,0.690048734386762,0.8921364707866667,0.3473585248933334,0.6526414751066666,0.6559396150211493,0.8887028758666666,0.35596345141666663,0.6440365485833334,0.6230331954856714,0.8628907834166667,0.37279534983333334,0.005136432706666527,,,,,,,,,,,,,ok,0,True
E053,epoch_0002,2,normalized,add_proj,0.12,0.08,64,4,3.0,1.0,12.5,0.5,0.15,0.0,0.0,7,False,3|5|7|15,64,64,32,0.0002,8,1,1.0,0.6924589729706446,0.8884586660266666,0.35368603627999995,0.64631396372,0.6924589729706446,0.8884586660266666,0.35368603627999995,0.64631396372,0.6589988833169141,0.8843966702166666,0.3636112471833333,0.6363887528166667,0.6255122768382231,0.8607796134999999,0.38278164366666667,0.005136432706666527,,,,,,,,,,,,,ok,0,True
E053,epoch_0003,3,normalized,add_proj,0.12,0.08,64,4,3.0,1.0,12.5,0.5,0.15,0.0,0.0,7,False,3|5|7|15,64,64,32,0.0002,8,1,1.0,0.6931252958774567,0.8888688022266666,0.35249495759999994,0.6475050424000001,0.6931252958774567,0.8888688022266666,0.35249495759999994,0.6475050424000001,0.6597781014442444,0.8846489599999998,0.36247262486666665,0.6375273751333334,0.6251236689587434,0.8615173814999999,0.382889601,0.005136432706666527,,,,,,,,,,,,,ok,0,True
E053,epoch_0004,4,normalized,add_proj,0.12,0.08,64,4,3.0,1.0,12.5,0.5,0.15,0.0,0.0,7,False,3|5|7|15,64,64,32,0.0002,8,1,1.0,0.6930240470170975,0.8881072673333332,0.3517345373333333,0.6482654626666666,0.6930240470170975,0.8881072673333332,0.3517345373333333,0.6482654626666666,0.6595211933553218,0.8837189350333332,0.3614885786333333,0.6385114213666667,0.6245418831706047,0.86046865725,0.38000296166666675,0.005136432706666527,,,,,,,,,,,,,ok,0,True
E053,epoch_0005,5,normalized,add_proj,0.12,0.08,64,4,3.0,1.0,12.5,0.5,0.15,0.0,0.0,7,False,3|5|7|15,64,64,32,0.0002,8,1,1.0,0.693320247133573,0.88669528556,0.35221713924,0.64778286076,0.693320247133573,0.88669528556,0.35221713924,0.64778286076,0.6597380498548349,0.8822268094999999,0.3615173792333334,0.6384826207666666,0.62452647164464,0.8579762805833333,0.37686552441666665,0.005136432706666527,,,,,,,,,,,,,ok,0,True
E053,epoch_0006,6,normalized,add_proj,0.12,0.08,64,4,3.0,1.0,12.5,0.5,0.15,0.0,0.0,7,False,3|5|7|15,64,64,32,0.0002,8,1,1.0,0.6933884454170864,0.8834624604,0.35540799864,0.6445920013599999,0.6933884454170864,0.8834624604,0.35540799864,0.6445920013599999,0.6599119872351487,0.8787662102333336,0.3645833887166666,0.6354166112833334,0.6255922265350818,0.8542306265833334,0.3774662299166667,0.005136432706666527,,,,,,,,,,,,,ok,0,True
E053,epoch_0007,7,normalized,add_proj,0.12,0.08,64,4,3.0,1.0,12.5,0.5,0.15,0.0,0.0,7,False,3|5|7|15,64,64,32,0.0002,8,1,1.0,0.6941335045099258,0.8822258938133334,0.3581457697333334,0.6418542302666665,0.6941335045099258,0.8822258938133334,0.3581457697333334,0.6418542302666665,0.6607060769697031,0.8773041027333333,0.36753406443333336,0.6324659355666666,0.6266730432709058,0.8513045216666668,0.37975778000000004,0.005136432706666527,,,,,,,,,,,,,ok,0,True
E053,epoch_0008,8,normalized,add_proj,0.12,0.08,64,4,3.0,1.0,12.5,0.5,0.15,0.0,0.0,7,False,3|5|7|15,64,64,32,0.0002,8,1,1.0,0.6930278093417486,0.8837918938266667,0.35692899909333337,0.6430710009066667,0.6930278093417486,0.8837918938266667,0.35692899909333337,0.6430710009066667,0.6593210195998351,0.8790247689833333,0.36618082674999997,0.63381917325,0.6237545395890871,0.8549730125,0.3723179949166667,0.005136432706666527,,,,,,,,,,,,,ok,0,True
E054,epoch_0001,1,normalized,add_proj,0.12,0.08,64,4,3.0,1.0,12.5,1.0,0.15,0.0,0.0,7,False,3|5|7|15,64,64,32,0.0002,8,1,1.0,0.6912833658854167,0.8902573804133332,0.3520855411733333,0.6479144588266668,0.6912833658854167,0.8902573804133332,0.3520855411733333,0.6479144588266668,0.6574019254247347,0.8867382168500001,0.36079991916666665,0.6392000808333334,0.6270668695370356,0.8565196984166665,0.384744752,0.004343431559999944,,,,,,,,,,,,,ok,0,True
E054,epoch_0002,2,normalized,add_proj,0.12,0.08,64,4,3.0,1.0,12.5,1.0,0.15,0.0,0.0,7,False,3|5|7|15,64,64,32,0.0002,8,1,1.0,0.6934988778034846,0.8861680219200001,0.3577932696933333,0.6422067303066668,0.6934988778034846,0.8861680219200001,0.3577932696933333,0.6422067303066668,0.6601393057405949,0.8819778077166667,0.36764577619999994,0.6323542238000001,0.6286098035673301,0.8547809993333333,0.3930583963333333,0.004343431559999944,,,,,,,,,,,,,ok,0,True
E054,epoch_0003,3,normalized,add_proj,0.12,0.08,64,4,3.0,1.0,12.5,1.0,0.15,0.0,0.0,7,False,3|5|7|15,64,64,32,0.0002,8,1,1.0,0.6937662016153335,0.8863606591733334,0.35642897273333324,0.6435710272666668,0.6937662016153335,0.8863606591733334,0.35642897273333324,0.6435710272666668,0.6604361809790135,0.8820305806166667,0.36619770285,0.63380229715,0.6268375548223655,0.8550679278333333,0.3913423995833334,0.004343431559999944,,,,,,,,,,,,,ok,0,True
E054,epoch_0004,4,normalized,add_proj,0.12,0.08,64,4,3.0,1.0,12.5,1.0,0.15,0.0,0.0,7,False,3|5|7|15,64,64,32,0.0002,8,1,1.0,0.693598347902298,0.8862196731599999,0.3558026872533333,0.6441973127466667,0.693598347902298,0.8862196731599999,0.3558026872533333,0.6441973127466667,0.6601234485705694,0.8817589135333334,0.36528261873333334,0.6347173812666667,0.6267957371970018,0.85385237225,0.3892469888333333,0.004343431559999944,,,,,,,,,,,,,ok,0,True
E054,epoch_0005,5,normalized,add_proj,0.12,0.08,64,4,3.0,1.0,12.5,1.0,0.15,0.0,0.0,7,False,3|5|7|15,64,64,32,0.0002,8,1,1.0,0.6934275769790014,0.8846818117466668,0.3566624204266667,0.6433375795733334,0.6934275769790014,0.8846818117466668,0.3566624204266667,0.6433375795733334,0.6600282437105973,0.8802204624666666,0.36560890538333335,0.6343910946166667,0.6271604023873806,0.8518228470000001,0.3859247006666667,0.004343431559999944,,,,,,,,,,,,,ok,0,True
E054,epoch_0006,6,normalized,add_proj,0.12,0.08,64,4,3.0,1.0,12.5,1.0,0.15,0.0,0.0,7,False,3|5|7|15,64,64,32,0.0002,8,1,1.0,0.6935569671789804,0.8810783754666666,0.3598627266133333,0.6401372733866667,0.6935569671789804,0.8810783754666666,0.3598627266133333,0.6401372733866667,0.6604468210538228,0.8764742436166667,0.36882744165,0.6311725583500001,0.6275453882912795,0.84730253375,0.38713661508333336,0.004343431559999944,,,,,,,,,,,,,ok,0,True
E054,epoch_0007,7,normalized,add_proj,0.12,0.08,64,4,3.0,1.0,12.5,1.0,0.15,0.0,0.0,7,False,3|5|7|15,64,64,32,0.0002,8,1,1.0,0.6946258076032003,0.8783929762800001,0.36378573838666667,0.6362142616133333,0.6946258076032003,0.8783929762800001,0.36378573838666667,0.6362142616133333,0.6618126466870307,0.8735727379999998,0.37309052900000006,0.6269094709999999,0.6299858649571737,0.8431985832500001,0.3916053899166667,0.004343431559999944,,,,,,,,,,,,,ok,0,True
E054,epoch_0008,8,normalized,add_proj,0.12,0.08,64,4,3.0,1.0,12.5,1.0,0.15,0.0,0.0,7,False,3|5|7|15,64,64,32,0.0002,8,1,1.0,0.6939754388729731,0.87961615564,0.36295547838666664,0.6370445216133334,0.6939754388729731,0.87961615564,0.36295547838666664,0.6370445216133334,0.660957741489013,0.8748097973166666,0.37230394400000005,0.627696056,0.6265375949442387,0.8472274745833333,0.3843348988333334,0.004343431559999944,,,,,,,,,,,,,ok,0,True
E055,epoch_0001,1,normalized,add_proj,0.12,0.08,64,4,3.0,1.0,12.5,2.0,0.15,0.0,0.03,7,False,3|5|7|15,64,64,32,0.0002,8,1,1.0,0.6921390827496846,0.8864980611066666,0.35489854409333327,0.6451014559066668,0.6921390827496846,0.8864980611066666,0.35489854409333327,0.6451014559066668,0.6586422866582871,0.8829929855833335,0.36350545331666667,0.6364945466833334,0.6297245594362417,0.8487499055833332,0.39339015299999996,0.00765948329333338,,,,,,,,,,,,,ok,0,True
E055,epoch_0002,2,normalized,add_proj,0.12,0.08,64,4,3.0,1.0,12.5,2.0,0.15,0.0,0.03,7,False,3|5|7|15,64,64,32,0.0002,8,1,1.0,0.6929757558902103,0.8815619749733332,0.3599637478266666,0.6400362521733334,0.6929757558902103,0.8815619749733332,0.3599637478266666,0.6400362521733334,0.6599465490877627,0.8775028029166666,0.36962589118333333,0.6303741088166667,0.62863747899731,0.8458331420833334,0.39753634525000003,0.00765948329333338,,,,,,,,,,,,,ok,0,True
E055,epoch_0003,3,normalized,add_proj,0.12,0.08,64,4,3.0,1.0,12.5,2.0,0.15,0.0,0.03,7,False,3|5|7|15,64,64,32,0.0002,8,1,1.0,0.6939670570294062,0.8805556355333334,0.36255802738666665,0.6374419726133334,0.6939670570294062,0.8805556355333334,0.36255802738666665,0.6374419726133334,0.6612152647475402,0.8762419056833333,0.3724801723500001,0.6275198276499999,0.6292939444382986,0.8443243910833332,0.4020684659166667,0.00765948329333338,,,,,,,,,,,,,ok,0,True
E055,epoch_0004,4,normalized,add_proj,0.12,0.08,64,4,3.0,1.0,12.5,2.0,0.15,0.0,0.03,7,False,3|5|7|15,64,64,32,0.0002,8,1,1.0,0.6947050519784292,0.8789626008799999,0.3651549960666667,0.6348450039333333,0.6947050519784292,0.8789626008799999,0.3651549960666667,0.6348450039333333,0.6620478545626005,0.8745141625166667,0.37484122778333334,0.6251587722166667,0.6306758508086204,0.8417937581666667,0.40409407408333337,0.00765948329333338,,,,,,,,,,,,,ok,0,True
E055,epoch_0005,5,normalized,add_proj,0.12,0.08,64,4,3.0,1.0,12.5,2.0,0.15,0.0,0.03,7,False,3|5|7|15,64,64,32,0.0002,8,1,1.0,0.6938427747090656,0.8779824626666667,0.3651632796133334,0.6348367203866666,0.6938427747090656,0.8779824626666667,0.3651632796133334,0.6348367203866666,0.6610281801223755,0.8735213394000001,0.37434414711666664,0.6256558528833334,0.6286706139643987,0.842639004,0.39733488699999997,0.00765948329333338,,,,,,,,,,,,,ok,0,True
E055,epoch_0006,6,normalized,add_proj,0.12,0.08,64,4,3.0,1.0,12.5,2.0,0.15,0.0,0.03,7,False,3|5|7|15,64,64,32,0.0002,8,1,1.0,0.6937238728205363,0.8742986676933333,0.3691081013466666,0.6308918986533334,0.6937238728205363,0.8742986676933333,0.3691081013466666,0.6308918986533334,0.6611384335160255,0.8697070147333333,0.37829039789999996,0.6217096021,0.6288024812936783,0.8386652059166666,0.39762560241666667,0.00765948329333338,,,,,,,,,,,,,ok,0,True
E055,epoch_0007,7,normalized,add_proj,0.12,0.08,64,4,3.0,1.0,12.5,2.0,0.15,0.0,0.03,7,False,3|5|7|15,64,64,32,0.0002,8,1,1.0,0.6949527107477189,0.8702455696933333,0.37426719529333335,0.6257328047066666,0.6949527107477189,0.8702455696933333,0.37426719529333335,0.6257328047066666,0.6627990909914175,0.8653688337500001,0.3837101479666667,0.6162898520333333,0.6307813492914041,0.8351732938333333,0.40347010591666665,0.00765948329333338,,,,,,,,,,,,,ok,0,True
E055,epoch_0008,8,normalized,add_proj,0.12,0.08,64,4,3.0,1.0,12.5,2.0,0.15,0.0,0.03,7,False,3|5|7|15,64,64,32,0.0002,8,1,1.0,0.694468620101611,0.87177060356,0.37287186549333334,0.6271281345066666,0.694468620101611,0.87177060356,0.37287186549333334,0.6271281345066666,0.6620158312221369,0.8668936398500001,0.38228367416666675,0.6177163258333332,0.628538652509451,0.8376325230833335,0.3957931545,0.00765948329333338,,,,,,,,,,,,,ok,0,True
E056,epoch_0001,1,normalized,add_proj,0.12,0.08,64,4,3.0,1.0,12.5,3.0,0.3,0.0,0.03,7,False,3|5|7|15,64,64,32,0.0002,8,1,1.0,0.693431472301483,0.8810013650133331,0.36290566297333327,0.6370943370266667,0.693431472301483,0.8810013650133331,0.36290566297333327,0.6370943370266667,0.660435225168864,0.8773591737666667,0.3714984508333333,0.6285015491666667,0.6344084414343039,0.8384265516666666,0.4085231205,0.010585130386666697,,,,,,,,,,,,,ok,0,True
E056,epoch_0002,2,normalized,add_proj,0.12,0.08,64,4,3.0,1.0,12.5,3.0,0.3,0.0,0.03,7,False,3|5|7|15,64,64,32,0.0002,8,1,1.0,0.6951067547400792,0.8738104606799999,0.36940463681333335,0.6305953631866666,0.6951067547400792,0.8738104606799999,0.36940463681333335,0.6305953631866666,0.662913789798816,0.8694569928500002,0.37928934673333337,0.6207106532666666,0.6345419456561405,0.8312477693333333,0.4166805787500001,0.010585130386666697,,,,,,,,,,,,,ok,0,True
E056,epoch_0003,3,normalized,add_proj,0.12,0.08,64,4,3.0,1.0,12.5,3.0,0.3,0.0,0.03,7,False,3|5|7|15,64,64,32,0.0002,8,1,1.0,0.69530453423659,0.8716141988666668,0.37349079335999996,0.62650920664,0.69530453423659,0.8716141988666668,0.37349079335999996,0.62650920664,0.6633125579853852,0.8669806360999999,0.3836745659833333,0.6163254340166666,0.6333344255884489,0.8321453051666667,0.4183117270833333,0.010585130386666697,,,,,,,,,,,,,ok,0,True
E056,epoch_0004,4,normalized,add_proj,0.12,0.08,64,4,3.0,1.0,12.5,3.0,0.3,0.0,0.03,7,False,3|5|7|15,64,64,32,0.0002,8,1,1.0,0.6953266651233038,0.8704685080533333,0.3750107146933334,0.6249892853066665,0.6953266651233038,0.8704685080533333,0.3750107146933334,0.6249892853066665,0.6633944891393185,0.8658659169833334,0.3849060635,0.6150939365,0.6335966192185878,0.8314141316666667,0.41835371908333335,0.010585130386666697,,,,,,,,,,,,,ok,0,True
E056,epoch_0005,5,normalized,add_proj,0.12,0.08,64,4,3.0,1.0,12.5,3.0,0.3,0.0,0.03,7,False,3|5|7|15,64,64,32,0.0002,8,1,1.0,0.6951041970650356,0.8680887303733335,0.3770320055066667,0.6229679944933333,0.6951041970650356,0.8680887303733335,0.3770320055066667,0.6229679944933333,0.6631503791113694,0.8634277578666667,0.3863823966166667,0.6136176033833334,0.6327657327055931,0.8311436799166667,0.41470592891666674,0.010585130386666697,,,,,,,,,,,,,ok,0,True
E056,epoch_0006,6,normalized,add_proj,0.12,0.08,64,4,3.0,1.0,12.5,3.0,0.3,0.0,0.03,7,False,3|5|7|15,64,64,32,0.0002,8,1,1.0,0.6950929030577342,0.8636954027466668,0.38129443826666665,0.6187055617333334,0.6950929030577342,0.8636954027466668,0.38129443826666665,0.6187055617333334,0.6635247312982877,0.8588432500333333,0.3905342284833333,0.6094657715166667,0.6327020275096099,0.8278476407500001,0.41446653941666667,0.010585130386666697,,,,,,,,,,,,,ok,0,True
E056,epoch_0007,7,normalized,add_proj,0.12,0.08,64,4,3.0,1.0,12.5,3.0,0.3,0.0,0.03,7,False,3|5|7|15,64,64,32,0.0002,8,1,1.0,0.6964082059462865,0.8587560896266666,0.3864886593600001,0.6135113406399999,0.6964082059462865,0.8587560896266666,0.3864886593600001,0.6135113406399999,0.6654630955557028,0.8535622239333334,0.39604696613333334,0.6039530338666667,0.6354063508411248,0.8224004344166667,0.42075183899999996,0.010585130386666697,,,,,,,,,,,,,ok,0,True
E056,epoch_0008,8,normalized,add_proj,0.12,0.08,64,4,3.0,1.0,12.5,3.0,0.3,0.0,0.03,7,False,3|5|7|15,64,64,32,0.0002,8,1,1.0,0.6959370685418446,0.8593055602133333,0.3862905292,0.6137094707999999,0.6959370685418446,0.8593055602133333,0.3862905292,0.6137094707999999,0.6648060182730358,0.8541119354333333,0.39593681995,0.60406318005,0.6334263247748216,0.8239808935833334,0.415220237,0.010585130386666697,,,,,,,,,,,,,ok,0,True
E057,epoch_0001,1,normalized,add_proj,0.12,0.08,64,4,2.0,1.0,15.0,0.5,0.15,0.0,0.03,7,False,3|5|7|15,64,64,32,0.0002,8,1,1.0,0.6942160470088323,0.8848258552933334,0.36246200038666665,0.6375379996133334,0.6942160470088323,0.8848258552933334,0.36246200038666665,0.6375379996133334,0.6609555620451768,0.8805406162666666,0.37165779785,0.62834220215,0.6307523265480995,0.8496591714166666,0.39532088400000004,0.007692713853333255,,,,,,,,,,,,,ok,0,True
E057,epoch_0002,2,normalized,add_proj,0.12,0.08,64,4,2.0,1.0,15.0,0.5,0.15,0.0,0.03,7,False,3|5|7|15,64,64,32,0.0002,8,1,1.0,0.6951209676663082,0.8810766751333334,0.3663003253466667,0.6336996746533333,0.6951209676663082,0.8810766751333334,0.3663003253466667,0.6336996746533333,0.6621562077105047,0.8763385555500001,0.3763742130166666,0.6236257869833334,0.6300428380568822,0.8508796620833333,0.39949149175,0.007692713853333255,,,,,,,,,,,,,ok,0,True
E057,epoch_0003,3,normalized,add_proj,0.12,0.08,64,4,2.0,1.0,15.0,0.5,0.15,0.0,0.03,7,False,3|5|7|15,64,64,32,0.0002,8,1,1.0,0.6966909430821737,0.8785529221466666,0.3701547142399999,0.6298452857600001,0.6966909430821737,0.8785529221466666,0.3701547142399999,0.6298452857600001,0.6640670415759087,0.8736374122999997,0.38057894111666657,0.6194210588833334,0.6325442065795264,0.8481713136666665,0.40910678858333327,0.007692713853333255,,,,,,,,,,,,,ok,0,True
E057,epoch_0004,4,normalized,add_proj,0.12,0.08,64,4,2.0,1.0,15.0,0.5,0.15,0.0,0.03,7,False,3|5|7|15,64,64,32,0.0002,8,1,1.0,0.6978303704659145,0.8754966146533333,0.3737497333733334,0.6262502666266666,0.6978303704659145,0.8754966146533333,0.3737497333733334,0.6262502666266666,0.6656053166091443,0.8703033476666666,0.3842457192333334,0.6157542807666666,0.634855081140995,0.8441880710833334,0.41451050275,0.007692713853333255,,,,,,,,,,,,,ok,0,True
E057,epoch_0005,5,normalized,add_proj,0.12,0.08,64,4,2.0,1.0,15.0,0.5,0.15,0.0,0.03,7,False,3|5|7|15,64,64,32,0.0002,8,1,1.0,0.6985277836322784,0.8724852598933333,0.3766034548133333,0.6233965451866668,0.6985277836322784,0.8724852598933333,0.3766034548133333,0.6233965451866668,0.6665387283762296,0.8671062761666667,0.3867994490833333,0.6132005509166667,0.636385673781236,0.8399513192500001,0.4129720933333333,0.007692713853333255,,,,,,,,,,,,,ok,0,True
E057,epoch_0006,6,normalized,add_proj,0.12,0.08,64,4,2.0,1.0,15.0,0.5,0.15,0.0,0.03,7,False,3|5|7|15,64,64,32,0.0002,8,1,1.0,0.6985342294772465,0.8694770212133333,0.37854303650666665,0.6214569634933333,0.6985342294772465,0.8694770212133333,0.37854303650666665,0.6214569634933333,0.6666449512541295,0.8639679071666668,0.38869489776666666,0.6113051022333333,0.6376107042034467,0.8365934381666665,0.41104919083333336,0.007692713853333255,,,,,,,,,,,,,ok,0,True
E057,epoch_0007,7,normalized,add_proj,0.12,0.08,64,4,2.0,1.0,15.0,0.5,0.15,0.0,0.03,7,False,3|5|7|15,64,64,32,0.0002,8,1,1.0,0.6986516583760579,0.86756199924,0.38120160336,0.61879839664,0.6986516583760579,0.86756199924,0.38120160336,0.61879839664,0.6668459147214889,0.8619768410166666,0.39153054768333334,0.6084694523166667,0.6383891793588797,0.8340619584166667,0.4114306729166667,0.007692713853333255,,,,,,,,,,,,,ok,0,True
E057,epoch_0008,8,normalized,add_proj,0.12,0.08,64,4,2.0,1.0,15.0,0.5,0.15,0.0,0.03,7,False,3|5|7|15,64,64,32,0.0002,8,1,1.0,0.6978791269063949,0.8694640465466668,0.37981183038666666,0.6201881696133333,0.6978791269063949,0.8694640465466668,0.37981183038666666,0.6201881696133333,0.6657023008167744,0.8639091896666666,0.3901766008833334,0.6098233991166666,0.6358580023050309,0.8376990779166668,0.4030927947499999,0.007692713853333255,,,,,,,,,,,,,ok,0,True
E058,epoch_0001,1,normalized,add_proj,0.12,0.08,64,4,2.0,1.0,15.0,1.0,0.15,0.0,0.03,7,False,3|5|7|15,64,64,32,0.0002,8,1,1.0,0.6953030314048131,0.8806712572266667,0.36805654789333336,0.6319434521066667,0.6953030314048131,0.8806712572266667,0.36805654789333336,0.6319434521066667,0.6625004391372202,0.8763718911166667,0.37740007103333334,0.6225999289666666,0.6339974905053773,0.8419221109166666,0.4062976450833334,0.006733835986666714,,,,,,,,,,,,,ok,0,True
E058,epoch_0002,2,normalized,add_proj,0.12,0.08,64,4,2.0,1.0,15.0,1.0,0.15,0.0,0.03,7,False,3|5|7|15,64,64,32,0.0002,8,1,1.0,0.6968774436712266,0.8772148197866667,0.3719882788933333,0.6280117211066667,0.6968774436712266,0.8772148197866667,0.3719882788933333,0.6280117211066667,0.6645129023492335,0.8724928061,0.3819844417166667,0.6180155582833333,0.634033697595199,0.8426660593333333,0.4122562250833333,0.006733835986666714,,,,,,,,,,,,,ok,0,True
E058,epoch_0003,3,normalized,add_proj,0.12,0.08,64,4,2.0,1.0,15.0,1.0,0.15,0.0,0.03,7,False,3|5|7|15,64,64,32,0.0002,8,1,1.0,0.6970849062601725,0.8745608437999999,0.3747903838800001,0.6252096161199999,0.6970849062601725,0.8745608437999999,0.3747903838800001,0.6252096161199999,0.6649034939209619,0.8697251784833334,0.38498175568333337,0.6150182443166666,0.6343138739466667,0.8404267345833333,0.4153020444166666,0.006733835986666714,,,,,,,,,,,,,ok,0,True
E058,epoch_0004,4,normalized,add_proj,0.12,0.08,64,4,2.0,1.0,15.0,1.0,0.15,0.0,0.03,7,False,3|5|7|15,64,64,32,0.0002,8,1,1.0,0.6983230673074723,0.8717267271600001,0.3773550760133334,0.6226449239866666,0.6983230673074723,0.8717267271600001,0.3773550760133334,0.6226449239866666,0.6664139775931834,0.8665033046666666,0.3873510358833333,0.6126489641166667,0.6366538919508457,0.8357893520833333,0.41812008308333337,0.006733835986666714,,,,,,,,,,,,,ok,0,True
E058,epoch_0005,5,normalized,add_proj,0.12,0.08,64,4,2.0,1.0,15.0,1.0,0.15,0.0,0.03,7,False,3|5|7|15,64,64,32,0.0002,8,1,1.0,0.698532692193985,0.8683949121466666,0.38121411808000005,0.61878588192,0.698532692193985,0.8683949121466666,0.38121411808000005,0.61878588192,0.6668288698792457,0.862992049,0.39111238805000004,0.60888761195,0.6376357175409794,0.8319099930833334,0.4173297085833333,0.006733835986666714,,,,,,,,,,,,,ok,0,True
E058,epoch_0006,6,normalized,add_proj,0.12,0.08,64,4,2.0,1.0,15.0,1.0,0.15,0.0,0.03,7,False,3|5|7|15,64,64,32,0.0002,8,1,1.0,0.6988418115377426,0.86526298236,0.38495351640000003,0.6150464836,0.6988418115377426,0.86526298236,0.38495351640000003,0.6150464836,0.6673704900840918,0.8596888898499999,0.39497074624999995,0.60502925375,0.6391717781623205,0.82846924525,0.4176920465,0.006733835986666714,,,,,,,,,,,,,ok,0,True
E058,epoch_0007,7,normalized,add_proj,0.12,0.08,64,4,2.0,1.0,15.0,1.0,0.15,0.0,0.03,7,False,3|5|7|15,64,64,32,0.0002,8,1,1.0,0.6991872569719949,0.8623889345866667,0.38793329765333334,0.6120667023466666,0.6991872569719949,0.8623889345866667,0.38793329765333334,0.6120667023466666,0.6679508928457896,0.8566639515666665,0.39820094575000003,0.60179905425,0.6399464791019758,0.8255865585833333,0.41876562700000003,0.006733835986666714,,,,,,,,,,,,,ok,0,True
E058,epoch_0008,8,normalized,add_proj,0.12,0.08,64,4,2.0,1.0,15.0,1.0,0.15,0.0,0.03,7,False,3|5|7|15,64,64,32,0.0002,8,1,1.0,0.6990363357861837,0.8629568591066668,0.38801850171999996,0.61198149828,0.6990363357861837,0.8629568591066668,0.38801850171999996,0.61198149828,0.6675391317407291,0.8569861394666667,0.39845211441666667,0.6015478855833334,0.6384625367820262,0.8276433518333334,0.4128612642499999,0.006733835986666714,,,,,,,,,,,,,ok,0,True
E059,epoch_0001,1,normalized,add_proj,0.12,0.08,64,4,2.0,1.0,15.0,2.0,0.3,0.0,0.06,7,False,3|5|7|15,64,64,32,0.0002,8,1,1.0,0.6968491148153941,0.8763491854666665,0.37226754324,0.62773245676,0.6968491148153941,0.8763491854666665,0.37226754324,0.62773245676,0.6646286564071973,0.8720695698833334,0.38141702445,0.6185829755500001,0.6386411803464095,0.83313937725,0.417612974,0.008628044093333342,,,,,,,,,,,,,ok,0,True
E059,epoch_0002,2,normalized,add_proj,0.12,0.08,64,4,2.0,1.0,15.0,2.0,0.3,0.0,0.06,7,False,3|5|7|15,64,64,32,0.0002,8,1,1.0,0.6969999188582103,0.8718609600000002,0.3748847763866667,0.6251152236133333,0.6969999188582103,0.8718609600000002,0.3748847763866667,0.6251152236133333,0.6650604949394862,0.8671728084166667,0.3846253714666667,0.6153746285333332,0.6352445684373379,0.8326123848333334,0.4174259031666666,0.008628044093333342,,,,,,,,,,,,,ok,0,True
E059,epoch_0003,3,normalized,add_proj,0.12,0.08,64,4,2.0,1.0,15.0,2.0,0.3,0.0,0.06,7,False,3|5|7|15,64,64,32,0.0002,8,1,1.0,0.6976962647438049,0.8675678408,0.38089558733333334,0.6191044126666667,0.6976962647438049,0.8675678408,0.38089558733333334,0.6191044126666667,0.6661886392037075,0.8626555151666668,0.39097471323333327,0.6090252867666668,0.6372915302713712,0.8294401799166667,0.42626576741666666,0.008628044093333342,,,,,,,,,,,,,ok,0,True
E059,epoch_0004,4,normalized,add_proj,0.12,0.08,64,4,2.0,1.0,15.0,2.0,0.3,0.0,0.06,7,False,3|5|7|15,64,64,32,0.0002,8,1,1.0,0.6990092336336773,0.8636773277199999,0.38591201968,0.61408798032,0.6990092336336773,0.8636773277199999,0.38591201968,0.61408798032,0.6678618767857551,0.8586604545500001,0.39582782741666667,0.6041721725833333,0.6391997178395589,0.8267036489166667,0.4312610805833333,0.008628044093333342,,,,,,,,,,,,,ok,0,True
E059,epoch_0005,5,normalized,add_proj,0.12,0.08,64,4,2.0,1.0,15.0,2.0,0.3,0.0,0.06,7,False,3|5|7|15,64,64,32,0.0002,8,1,1.0,0.6991708198785783,0.8597063016933332,0.38950547548000003,0.61049452452,0.6991708198785783,0.8597063016933332,0.38950547548000003,0.61049452452,0.6682026938100655,0.8544990255833336,0.39928508591666667,0.6007149140833333,0.6397148112456004,0.8242166740833333,0.4299669410833334,0.008628044093333342,,,,,,,,,,,,,ok,0,True
E059,epoch_0006,6,normalized,add_proj,0.12,0.08,64,4,2.0,1.0,15.0,2.0,0.3,0.0,0.06,7,False,3|5|7|15,64,64,32,0.0002,8,1,1.0,0.6995613691409429,0.8553931308400001,0.3931391344000001,0.6068608655999999,0.6995613691409429,0.8553931308400001,0.3931391344000001,0.6068608655999999,0.6688641738394898,0.8498474217000002,0.40293183773333335,0.5970681622666667,0.6411393302182357,0.8194288026666666,0.42958442933333335,0.008628044093333342,,,,,,,,,,,,,ok,0,True
E059,epoch_0007,7,normalized,add_proj,0.12,0.08,64,4,2.0,1.0,15.0,2.0,0.3,0.0,0.06,7,False,3|5|7|15,64,64,32,0.0002,8,1,1.0,0.6999750762780508,0.8513113393600001,0.39762261769333335,0.6023773823066667,0.6999750762780508,0.8513113393600001,0.39762261769333335,0.6023773823066667,0.6697028229633968,0.8454446554166667,0.40760286118333333,0.5923971388166667,0.642547807097435,0.8156492145833333,0.43277882124999995,0.008628044093333342,,,,,,,,,,,,,ok,0,True
E059,epoch_0008,8,normalized,add_proj,0.12,0.08,64,4,2.0,1.0,15.0,2.0,0.3,0.0,0.06,7,False,3|5|7|15,64,64,32,0.0002,8,1,1.0,0.7000496060450873,0.8532568135066667,0.3965114574933334,0.6034885425066666,0.7000496060450873,0.8532568135066667,0.3965114574933334,0.6034885425066666,0.6695418753723303,0.8473232399166667,0.4066674766666667,0.5933325233333333,0.6401012162367503,0.8193089503333334,0.4249810385,0.008628044093333342,,,,,,,,,,,,,ok,0,True
E060,epoch_0001,1,normalized,add_proj,0.12,0.08,64,4,2.0,1.0,15.0,5.0,0.3,0.0,0.06,7,False,3|5|7|15,64,64,32,0.0002,8,1,1.0,0.6976073200305302,0.8578755325599999,0.39069400157333334,0.6093059984266667,0.6976073200305302,0.8578755325599999,0.39069400157333334,0.6093059984266667,0.6673544285198052,0.8540824022166668,0.39898924724999996,0.60101075275,0.6455654673278332,0.80704783875,0.446917276,0.018380727399999963,,,,,,,,,,,,,ok,0,True
E060,epoch_0002,2,normalized,add_proj,0.12,0.08,64,4,2.0,1.0,15.0,5.0,0.3,0.0,0.06,7,False,3|5|7|15,64,64,32,0.0002,8,1,1.0,0.6989099400838217,0.8460332538800001,0.4015830972933334,0.5984169027066666,0.6989099400838217,0.8460332538800001,0.4015830972933334,0.5984169027066666,0.6695871650179226,0.8414794886333332,0.4106050219666666,0.5893949780333334,0.6457345200081667,0.7983631214166667,0.45881402358333334,0.018380727399999963,,,,,,,,,,,,,ok,0,True
E060,epoch_0003,3,normalized,add_proj,0.12,0.08,64,4,2.0,1.0,15.0,5.0,0.3,0.0,0.06,7,False,3|5|7|15,64,64,32,0.0002,8,1,1.0,0.6999056167205175,0.8398500011333333,0.4090747289733333,0.5909252710266667,0.6999056167205175,0.8398500011333333,0.4090747289733333,0.5909252710266667,0.6711102445423603,0.8349248178166666,0.41851188078333335,0.5814881192166667,0.6476646048327287,0.7951425153333332,0.4638209225833333,0.018380727399999963,,,,,,,,,,,,,ok,0,True
E060,epoch_0004,4,normalized,add_proj,0.12,0.08,64,4,2.0,1.0,15.0,5.0,0.3,0.0,0.06,7,False,3|5|7|15,64,64,32,0.0002,8,1,1.0,0.7005373403231303,0.8351494198533334,0.41405428934666666,0.5859457106533333,0.7005373403231303,0.8351494198533334,0.41405428934666666,0.5859457106533333,0.6722288979093233,0.8303346605499999,0.4233256451,0.5766743549,0.6493112442394098,0.7941716439166666,0.46687258833333334,0.018380727399999963,,,,,,,,,,,,,ok,0,True
E060,epoch_0005,5,normalized,add_proj,0.12,0.08,64,4,2.0,1.0,15.0,5.0,0.3,0.0,0.06,7,False,3|5|7|15,64,64,32,0.0002,8,1,1.0,0.700871483405431,0.8305362528533334,0.4189747644,0.5810252356000001,0.700871483405431,0.8305362528533334,0.4189747644,0.5810252356000001,0.6728823151191076,0.8255703311833335,0.42795587575000005,0.57204412425,0.6493422091007233,0.7926906674166667,0.4668338020833333,0.018380727399999963,,,,,,,,,,,,,ok,0,True
E060,epoch_0006,6,normalized,add_proj,0.12,0.08,64,4,2.0,1.0,15.0,5.0,0.3,0.0,0.06,7,False,3|5|7|15,64,64,32,0.0002,8,1,1.0,0.7009463122288386,0.82344140256,0.4240031147733333,0.5759968852266667,0.7009463122288386,0.82344140256,0.4240031147733333,0.5759968852266667,0.6736958989997706,0.8182912408666667,0.43293690310000005,0.5670630968999999,0.6495286737879118,0.7871187184166667,0.46835370875000004,0.018380727399999963,,,,,,,,,,,,,ok,0,True
E060,epoch_0007,7,normalized,add_proj,0.12,0.08,64,4,2.0,1.0,15.0,5.0,0.3,0.0,0.06,7,False,3|5|7|15,64,64,32,0.0002,8,1,1.0,0.7008983862002691,0.8182172534933333,0.42815835777333333,0.5718416422266667,0.7008983862002691,0.8182172534933333,0.42815835777333333,0.5718416422266667,0.6739083867768447,0.8125518839333333,0.43723608615,0.56276391385,0.6493912393848101,0.7817246055833333,0.46894454575000005,0.018380727399999963,,,,,,,,,,,,,ok,0,True
E060,epoch_0008,8,normalized,add_proj,0.12,0.08,64,4,2.0,1.0,15.0,5.0,0.3,0.0,0.06,7,False,3|5|7|15,64,64,32,0.0002,8,1,1.0,0.7017878482739132,0.8198851763333334,0.42732086362666655,0.5726791363733335,0.7017878482739132,0.8198851763333334,0.42732086362666655,0.5726791363733335,0.6746813063323497,0.8140245497666665,0.43667017675,0.5633298232499999,0.6483069772521655,0.7840974084166668,0.4637230165833333,0.018380727399999963,,,,,,,,,,,,,ok,0,True
