epoch,loss,swd,color,identity,identity_ratio,lr,data_time_sec,transfer_time_sec,fwd_loss_time_sec,backward_time_sec,optimizer_time_sec,step_overhead_time_sec,compute_time_sec,epoch_time_sec,samples_seen,samples_per_sec,compute_samples_per_sec,gradcos_swd_color,gradcos_swd_identity,gradcos_color_identity
1,120.69962310791016,0.25912749767303467,1.6118818521499634,0.0412132553756237,0.20185546576976776,5.555555555555555e-05,3.081024799728766,0.011670599866192788,55.255497000180185,9.231033900170587,0.24860469985287637,7.099752499721944,64.74680620006984,74.99920797348022,10240,136.5347751888376,158.1545191334697,0.6211606432354526,-0.4079008165944352,-0.38845418108214813
2,101.03672790527344,0.24047982692718506,1.22728431224823,0.12001713365316391,0.20136718451976776,0.0001111111111111111,0.07798310014186427,0.011402100091800094,47.65936230006628,3.4187168000498787,0.2081781997694634,6.995479000092018,51.29765939997742,58.37312364578247,10240,175.42319753415924,199.6192442262679,0.7401363510217054,-0.1048417039453104,-0.10389407118682958
