{
  "num_rounds": 3,
  "latest": {
    "epoch": 150,
    "summary_path": "..\\exp_G1_edge_rush\\full_eval\\epoch_0150\\summary.json",
    "transfer_clip_style": 0.6660482574005921,
    "transfer_content_lpips": 0.3908338524666667,
    "transfer_fid": 284.62518569914903,
    "transfer_art_fid": 400.8148225858752,
    "transfer_classifier_acc": 0.0,
    "photo_to_art_clip_style": 0.6322051944832008,
    "photo_to_art_fid": 284.62518569914903,
    "photo_to_art_art_fid": 400.8148225858752,
    "photo_to_art_classifier_acc": 0.0
  },
  "mean": {
    "transfer_clip_style": 0.6661983336342706,
    "transfer_content_lpips": 0.38882300965,
    "transfer_fid": 283.7498406210592,
    "transfer_art_fid": 400.18174578068897,
    "transfer_classifier_acc": 0.0,
    "photo_to_art_clip_style": 0.6331820574071673,
    "photo_to_art_fid": 283.7498406210592,
    "photo_to_art_art_fid": 400.18174578068897,
    "photo_to_art_classifier_acc": 0.0
  },
  "best": {
    "best_transfer_classifier_acc": {
      "epoch": 60,
      "summary_path": "..\\exp_G1_edge_rush\\full_eval\\epoch_0060\\summary.json",
      "transfer_clip_style": 0.6656092908978463,
      "transfer_content_lpips": 0.38031674246666664,
      "transfer_fid": 282.9816016883981,
      "transfer_art_fid": 399.12288621391826,
      "transfer_classifier_acc": 0.0,
      "photo_to_art_clip_style": 0.6329489804804325,
      "photo_to_art_fid": 282.9816016883981,
      "photo_to_art_art_fid": 399.12288621391826,
      "photo_to_art_classifier_acc": 0.0
    },
    "best_transfer_clip_style": {
      "epoch": 120,
      "summary_path": "..\\exp_G1_edge_rush\\full_eval\\epoch_0120\\summary.json",
      "transfer_clip_style": 0.6669374526043734,
      "transfer_content_lpips": 0.3953184340166666,
      "transfer_fid": 283.6427344756305,
      "transfer_art_fid": 400.6075285422734,
      "transfer_classifier_acc": 0.0,
      "photo_to_art_clip_style": 0.6343919972578684,
      "photo_to_art_fid": 283.6427344756305,
      "photo_to_art_art_fid": 400.6075285422734,
      "photo_to_art_classifier_acc": 0.0
    },
    "best_transfer_fid": {
      "epoch": 60,
      "summary_path": "..\\exp_G1_edge_rush\\full_eval\\epoch_0060\\summary.json",
      "transfer_clip_style": 0.6656092908978463,
      "transfer_content_lpips": 0.38031674246666664,
      "transfer_fid": 282.9816016883981,
      "transfer_art_fid": 399.12288621391826,
      "transfer_classifier_acc": 0.0,
      "photo_to_art_clip_style": 0.6329489804804325,
      "photo_to_art_fid": 282.9816016883981,
      "photo_to_art_art_fid": 399.12288621391826,
      "photo_to_art_classifier_acc": 0.0
    },
    "best_transfer_art_fid": {
      "epoch": 60,
      "summary_path": "..\\exp_G1_edge_rush\\full_eval\\epoch_0060\\summary.json",
      "transfer_clip_style": 0.6656092908978463,
      "transfer_content_lpips": 0.38031674246666664,
      "transfer_fid": 282.9816016883981,
      "transfer_art_fid": 399.12288621391826,
      "transfer_classifier_acc": 0.0,
      "photo_to_art_clip_style": 0.6329489804804325,
      "photo_to_art_fid": 282.9816016883981,
      "photo_to_art_art_fid": 399.12288621391826,
      "photo_to_art_classifier_acc": 0.0
    },
    "best_photo_to_art_classifier_acc": {
      "epoch": 60,
      "summary_path": "..\\exp_G1_edge_rush\\full_eval\\epoch_0060\\summary.json",
      "transfer_clip_style": 0.6656092908978463,
      "transfer_content_lpips": 0.38031674246666664,
      "transfer_fid": 282.9816016883981,
      "transfer_art_fid": 399.12288621391826,
      "transfer_classifier_acc": 0.0,
      "photo_to_art_clip_style": 0.6329489804804325,
      "photo_to_art_fid": 282.9816016883981,
      "photo_to_art_art_fid": 399.12288621391826,
      "photo_to_art_classifier_acc": 0.0
    },
    "best_photo_to_art_clip_style": {
      "epoch": 120,
      "summary_path": "..\\exp_G1_edge_rush\\full_eval\\epoch_0120\\summary.json",
      "transfer_clip_style": 0.6669374526043734,
      "transfer_content_lpips": 0.3953184340166666,
      "transfer_fid": 283.6427344756305,
      "transfer_art_fid": 400.6075285422734,
      "transfer_classifier_acc": 0.0,
      "photo_to_art_clip_style": 0.6343919972578684,
      "photo_to_art_fid": 283.6427344756305,
      "photo_to_art_art_fid": 400.6075285422734,
      "photo_to_art_classifier_acc": 0.0
    },
    "best_photo_to_art_fid": {
      "epoch": 60,
      "summary_path": "..\\exp_G1_edge_rush\\full_eval\\epoch_0060\\summary.json",
      "transfer_clip_style": 0.6656092908978463,
      "transfer_content_lpips": 0.38031674246666664,
      "transfer_fid": 282.9816016883981,
      "transfer_art_fid": 399.12288621391826,
      "transfer_classifier_acc": 0.0,
      "photo_to_art_clip_style": 0.6329489804804325,
      "photo_to_art_fid": 282.9816016883981,
      "photo_to_art_art_fid": 399.12288621391826,
      "photo_to_art_classifier_acc": 0.0
    },
    "best_photo_to_art_art_fid": {
      "epoch": 60,
      "summary_path": "..\\exp_G1_edge_rush\\full_eval\\epoch_0060\\summary.json",
      "transfer_clip_style": 0.6656092908978463,
      "transfer_content_lpips": 0.38031674246666664,
      "transfer_fid": 282.9816016883981,
      "transfer_art_fid": 399.12288621391826,
      "transfer_classifier_acc": 0.0,
      "photo_to_art_clip_style": 0.6329489804804325,
      "photo_to_art_fid": 282.9816016883981,
      "photo_to_art_art_fid": 399.12288621391826,
      "photo_to_art_classifier_acc": 0.0
    },
    "best_transfer_content_lpips": {
      "epoch": 60,
      "summary_path": "..\\exp_G1_edge_rush\\full_eval\\epoch_0060\\summary.json",
      "transfer_clip_style": 0.6656092908978463,
      "transfer_content_lpips": 0.38031674246666664,
      "transfer_fid": 282.9816016883981,
      "transfer_art_fid": 399.12288621391826,
      "transfer_classifier_acc": 0.0,
      "photo_to_art_clip_style": 0.6329489804804325,
      "photo_to_art_fid": 282.9816016883981,
      "photo_to_art_art_fid": 399.12288621391826,
      "photo_to_art_classifier_acc": 0.0
    }
  },
  "rounds": [
    {
      "epoch": 60,
      "summary_path": "..\\exp_G1_edge_rush\\full_eval\\epoch_0060\\summary.json",
      "transfer_clip_style": 0.6656092908978463,
      "transfer_content_lpips": 0.38031674246666664,
      "transfer_fid": 282.9816016883981,
      "transfer_art_fid": 399.12288621391826,
      "transfer_classifier_acc": 0.0,
      "photo_to_art_clip_style": 0.6329489804804325,
      "photo_to_art_fid": 282.9816016883981,
      "photo_to_art_art_fid": 399.12288621391826,
      "photo_to_art_classifier_acc": 0.0
    },
    {
      "epoch": 120,
      "summary_path": "..\\exp_G1_edge_rush\\full_eval\\epoch_0120\\summary.json",
      "transfer_clip_style": 0.6669374526043734,
      "transfer_content_lpips": 0.3953184340166666,
      "transfer_fid": 283.6427344756305,
      "transfer_art_fid": 400.6075285422734,
      "transfer_classifier_acc": 0.0,
      "photo_to_art_clip_style": 0.6343919972578684,
      "photo_to_art_fid": 283.6427344756305,
      "photo_to_art_art_fid": 400.6075285422734,
      "photo_to_art_classifier_acc": 0.0
    },
    {
      "epoch": 150,
      "summary_path": "..\\exp_G1_edge_rush\\full_eval\\epoch_0150\\summary.json",
      "transfer_clip_style": 0.6660482574005921,
      "transfer_content_lpips": 0.3908338524666667,
      "transfer_fid": 284.62518569914903,
      "transfer_art_fid": 400.8148225858752,
      "transfer_classifier_acc": 0.0,
      "photo_to_art_clip_style": 0.6322051944832008,
      "photo_to_art_fid": 284.62518569914903,
      "photo_to_art_art_fid": 400.8148225858752,
      "photo_to_art_classifier_acc": 0.0
    }
  ],
  "updated_at": "2026-03-02 23:30:34"
}