{
  "checkpoint": "/mnt/i/Github/Latent_Style/Cycle-NCE/style_ablation-50/bundle_content_guard_strict/epoch_0050.pt",
  "timestamp": "2026-02-14 18:26:26",
  "matrix_breakdown": {
    "Hayao": {
      "Hayao": {
        "count": 50,
        "clip_style": 0.0,
        "style_lpips": 0.7126518452167511,
        "content_lpips": 0.326842479,
        "clip_content": 0.0,
        "classifier_acc": 0.94
      },
      "photo": {
        "count": 50,
        "clip_style": 0.0,
        "style_lpips": 0.7640036690235138,
        "content_lpips": 0.3645540952,
        "clip_content": 0.0,
        "classifier_acc": 0.08
      }
    },
    "photo": {
      "Hayao": {
        "count": 50,
        "clip_style": 0.0,
        "style_lpips": 0.7367951154708863,
        "content_lpips": 0.4901170776,
        "clip_content": 0.0,
        "classifier_acc": 0.16
      },
      "photo": {
        "count": 50,
        "clip_style": 0.0,
        "style_lpips": 0.7381797075271607,
        "content_lpips": 0.442278389,
        "clip_content": 0.0,
        "classifier_acc": 0.94
      }
    }
  },
  "analysis": {
    "style_transfer_ability": {
      "clip_style": 0.0,
      "content_lpips": 0.4273355864,
      "classifier_acc": 0.12
    },
    "photo_to_art_performance": {
      "clip_style": 0.0,
      "valid": true,
      "classifier_acc": 0.16
    }
  },
  "classification_report": {
    "Hayao": {
      "precision": 0.5288461538461539,
      "recall": 0.55,
      "f1-score": 0.5392156862745098,
      "support": 100.0
    },
    "photo": {
      "precision": 0.53125,
      "recall": 0.51,
      "f1-score": 0.5204081632653061,
      "support": 100.0
    },
    "accuracy": 0.53,
    "macro avg": {
      "precision": 0.5300480769230769,
      "recall": 0.53,
      "f1-score": 0.529811924769908,
      "support": 200.0
    },
    "weighted avg": {
      "precision": 0.530048076923077,
      "recall": 0.53,
      "f1-score": 0.529811924769908,
      "support": 200.0
    }
  },
  "detailed_style_metrics": {
    "Hayao": {
      "precision": 0.5288461538461539,
      "recall": 0.55,
      "f1_score": 0.5392156862745098,
      "support": 100
    },
    "photo": {
      "precision": 0.53125,
      "recall": 0.51,
      "f1_score": 0.5204081632653061,
      "support": 100
    }
  }
}