{
  "C": 4,
  "top_channels": [
    {
      "ch": 3,
      "score": 0.5608839094638824
    },
    {
      "ch": 0,
      "score": 0.4529304504394531
    },
    {
      "ch": 2,
      "score": 0.3452724516391754
    },
    {
      "ch": 1,
      "score": 0.24690476059913635
    }
  ]
}