{
  "num_rounds": 2,
  "latest": {
    "epoch": 80,
    "summary_path": "..\\abl_naive_skip\\full_eval\\epoch_0080\\summary.json",
    "transfer_clip_style": 0.7061084746321042,
    "transfer_content_lpips": 0.6041445840999999,
    "transfer_fid": 330.40558159636475,
    "transfer_art_fid": 538.0465795216367,
    "transfer_classifier_acc": 0.0,
    "photo_to_art_clip_style": 0.6851516380906105,
    "photo_to_art_fid": 330.40558159636475,
    "photo_to_art_art_fid": 538.0465795216367,
    "photo_to_art_classifier_acc": 0.0
  },
  "mean": {
    "transfer_clip_style": 0.7022601780295372,
    "transfer_content_lpips": 0.5990340094083333,
    "transfer_fid": 328.38209083935357,
    "transfer_art_fid": 532.3455572271328,
    "transfer_classifier_acc": 0.0,
    "photo_to_art_clip_style": 0.6848037853837012,
    "photo_to_art_fid": 328.38209083935357,
    "photo_to_art_art_fid": 532.3455572271328,
    "photo_to_art_classifier_acc": 0.0
  },
  "best": {
    "best_transfer_classifier_acc": {
      "epoch": 40,
      "summary_path": "..\\abl_naive_skip\\full_eval\\epoch_0040\\summary.json",
      "transfer_clip_style": 0.6984118814269701,
      "transfer_content_lpips": 0.5939234347166668,
      "transfer_fid": 326.3586000823424,
      "transfer_art_fid": 526.6445349326287,
      "transfer_classifier_acc": 0.0,
      "photo_to_art_clip_style": 0.6844559326767921,
      "photo_to_art_fid": 326.3586000823424,
      "photo_to_art_art_fid": 526.6445349326287,
      "photo_to_art_classifier_acc": 0.0
    },
    "best_transfer_clip_style": {
      "epoch": 80,
      "summary_path": "..\\abl_naive_skip\\full_eval\\epoch_0080\\summary.json",
      "transfer_clip_style": 0.7061084746321042,
      "transfer_content_lpips": 0.6041445840999999,
      "transfer_fid": 330.40558159636475,
      "transfer_art_fid": 538.0465795216367,
      "transfer_classifier_acc": 0.0,
      "photo_to_art_clip_style": 0.6851516380906105,
      "photo_to_art_fid": 330.40558159636475,
      "photo_to_art_art_fid": 538.0465795216367,
      "photo_to_art_classifier_acc": 0.0
    },
    "best_transfer_fid": {
      "epoch": 40,
      "summary_path": "..\\abl_naive_skip\\full_eval\\epoch_0040\\summary.json",
      "transfer_clip_style": 0.6984118814269701,
      "transfer_content_lpips": 0.5939234347166668,
      "transfer_fid": 326.3586000823424,
      "transfer_art_fid": 526.6445349326287,
      "transfer_classifier_acc": 0.0,
      "photo_to_art_clip_style": 0.6844559326767921,
      "photo_to_art_fid": 326.3586000823424,
      "photo_to_art_art_fid": 526.6445349326287,
      "photo_to_art_classifier_acc": 0.0
    },
    "best_transfer_art_fid": {
      "epoch": 40,
      "summary_path": "..\\abl_naive_skip\\full_eval\\epoch_0040\\summary.json",
      "transfer_clip_style": 0.6984118814269701,
      "transfer_content_lpips": 0.5939234347166668,
      "transfer_fid": 326.3586000823424,
      "transfer_art_fid": 526.6445349326287,
      "transfer_classifier_acc": 0.0,
      "photo_to_art_clip_style": 0.6844559326767921,
      "photo_to_art_fid": 326.3586000823424,
      "photo_to_art_art_fid": 526.6445349326287,
      "photo_to_art_classifier_acc": 0.0
    },
    "best_photo_to_art_classifier_acc": {
      "epoch": 40,
      "summary_path": "..\\abl_naive_skip\\full_eval\\epoch_0040\\summary.json",
      "transfer_clip_style": 0.6984118814269701,
      "transfer_content_lpips": 0.5939234347166668,
      "transfer_fid": 326.3586000823424,
      "transfer_art_fid": 526.6445349326287,
      "transfer_classifier_acc": 0.0,
      "photo_to_art_clip_style": 0.6844559326767921,
      "photo_to_art_fid": 326.3586000823424,
      "photo_to_art_art_fid": 526.6445349326287,
      "photo_to_art_classifier_acc": 0.0
    },
    "best_photo_to_art_clip_style": {
      "epoch": 80,
      "summary_path": "..\\abl_naive_skip\\full_eval\\epoch_0080\\summary.json",
      "transfer_clip_style": 0.7061084746321042,
      "transfer_content_lpips": 0.6041445840999999,
      "transfer_fid": 330.40558159636475,
      "transfer_art_fid": 538.0465795216367,
      "transfer_classifier_acc": 0.0,
      "photo_to_art_clip_style": 0.6851516380906105,
      "photo_to_art_fid": 330.40558159636475,
      "photo_to_art_art_fid": 538.0465795216367,
      "photo_to_art_classifier_acc": 0.0
    },
    "best_photo_to_art_fid": {
      "epoch": 40,
      "summary_path": "..\\abl_naive_skip\\full_eval\\epoch_0040\\summary.json",
      "transfer_clip_style": 0.6984118814269701,
      "transfer_content_lpips": 0.5939234347166668,
      "transfer_fid": 326.3586000823424,
      "transfer_art_fid": 526.6445349326287,
      "transfer_classifier_acc": 0.0,
      "photo_to_art_clip_style": 0.6844559326767921,
      "photo_to_art_fid": 326.3586000823424,
      "photo_to_art_art_fid": 526.6445349326287,
      "photo_to_art_classifier_acc": 0.0
    },
    "best_photo_to_art_art_fid": {
      "epoch": 40,
      "summary_path": "..\\abl_naive_skip\\full_eval\\epoch_0040\\summary.json",
      "transfer_clip_style": 0.6984118814269701,
      "transfer_content_lpips": 0.5939234347166668,
      "transfer_fid": 326.3586000823424,
      "transfer_art_fid": 526.6445349326287,
      "transfer_classifier_acc": 0.0,
      "photo_to_art_clip_style": 0.6844559326767921,
      "photo_to_art_fid": 326.3586000823424,
      "photo_to_art_art_fid": 526.6445349326287,
      "photo_to_art_classifier_acc": 0.0
    },
    "best_transfer_content_lpips": {
      "epoch": 40,
      "summary_path": "..\\abl_naive_skip\\full_eval\\epoch_0040\\summary.json",
      "transfer_clip_style": 0.6984118814269701,
      "transfer_content_lpips": 0.5939234347166668,
      "transfer_fid": 326.3586000823424,
      "transfer_art_fid": 526.6445349326287,
      "transfer_classifier_acc": 0.0,
      "photo_to_art_clip_style": 0.6844559326767921,
      "photo_to_art_fid": 326.3586000823424,
      "photo_to_art_art_fid": 526.6445349326287,
      "photo_to_art_classifier_acc": 0.0
    }
  },
  "rounds": [
    {
      "epoch": 40,
      "summary_path": "..\\abl_naive_skip\\full_eval\\epoch_0040\\summary.json",
      "transfer_clip_style": 0.6984118814269701,
      "transfer_content_lpips": 0.5939234347166668,
      "transfer_fid": 326.3586000823424,
      "transfer_art_fid": 526.6445349326287,
      "transfer_classifier_acc": 0.0,
      "photo_to_art_clip_style": 0.6844559326767921,
      "photo_to_art_fid": 326.3586000823424,
      "photo_to_art_art_fid": 526.6445349326287,
      "photo_to_art_classifier_acc": 0.0
    },
    {
      "epoch": 80,
      "summary_path": "..\\abl_naive_skip\\full_eval\\epoch_0080\\summary.json",
      "transfer_clip_style": 0.7061084746321042,
      "transfer_content_lpips": 0.6041445840999999,
      "transfer_fid": 330.40558159636475,
      "transfer_art_fid": 538.0465795216367,
      "transfer_classifier_acc": 0.0,
      "photo_to_art_clip_style": 0.6851516380906105,
      "photo_to_art_fid": 330.40558159636475,
      "photo_to_art_art_fid": 538.0465795216367,
      "photo_to_art_classifier_acc": 0.0
    }
  ],
  "updated_at": "2026-03-19 02:58:12"
}