{
  "checkpoint": "../AdaGN-patch-500ep/epoch_0350.pt",
  "timestamp": "2026-02-01 09:44:40",
  "matrix_breakdown": {
    "monet": {
      "monet": {
        "count": 30,
        "clip_style": 0.7171875,
        "style_lpips": 0.6981770833333333,
        "content_lpips": 0.42949218733333333,
        "clip_content": 0.8447481799999998
      },
      "photo": {
        "count": 30,
        "clip_style": 0.5572265625,
        "style_lpips": 0.7471354166666667,
        "content_lpips": 0.41621093766666667,
        "clip_content": 0.8664538363333333
      },
      "vangogh": {
        "count": 30,
        "clip_style": 0.6720052083333333,
        "style_lpips": 0.7483072916666667,
        "content_lpips": 0.450520834,
        "clip_content": 0.8283312453333331
      },
      "cezanne": {
        "count": 30,
        "clip_style": 0.6473958333333333,
        "style_lpips": 0.724609375,
        "content_lpips": 0.46601562533333335,
        "clip_content": 0.8052492203333333
      }
    },
    "photo": {
      "monet": {
        "count": 30,
        "clip_style": 0.5445963541666666,
        "style_lpips": 0.7385416666666667,
        "content_lpips": 0.391015625,
        "clip_content": 0.808363365
      },
      "photo": {
        "count": 30,
        "clip_style": 0.5893880208333333,
        "style_lpips": 0.7307291666666667,
        "content_lpips": 0.3608072913333333,
        "clip_content": 0.8130434363333335
      },
      "vangogh": {
        "count": 30,
        "clip_style": 0.5555989583333333,
        "style_lpips": 0.785546875,
        "content_lpips": 0.41276041700000005,
        "clip_content": 0.7888675966666666
      },
      "cezanne": {
        "count": 30,
        "clip_style": 0.521875,
        "style_lpips": 0.7501302083333333,
        "content_lpips": 0.42128906166666663,
        "clip_content": 0.785057185
      }
    },
    "vangogh": {
      "monet": {
        "count": 30,
        "clip_style": 0.6739583333333333,
        "style_lpips": 0.7192708333333333,
        "content_lpips": 0.44824218666666665,
        "clip_content": 0.835345689
      },
      "photo": {
        "count": 30,
        "clip_style": 0.5320963541666667,
        "style_lpips": 0.7776041666666667,
        "content_lpips": 0.41484375033333337,
        "clip_content": 0.8645208656666665
      },
      "vangogh": {
        "count": 30,
        "clip_style": 0.692578125,
        "style_lpips": 0.7298177083333334,
        "content_lpips": 0.43671874933333327,
        "clip_content": 0.8360585876666666
      },
      "cezanne": {
        "count": 30,
        "clip_style": 0.6634765625,
        "style_lpips": 0.7276041666666667,
        "content_lpips": 0.471484375,
        "clip_content": 0.8104269343333335
      }
    },
    "cezanne": {
      "monet": {
        "count": 30,
        "clip_style": 0.6716145833333333,
        "style_lpips": 0.713671875,
        "content_lpips": 0.4225260413333334,
        "clip_content": 0.8276414433333332
      },
      "photo": {
        "count": 30,
        "clip_style": 0.5106119791666667,
        "style_lpips": 0.74921875,
        "content_lpips": 0.41549479100000003,
        "clip_content": 0.8560444136666665
      },
      "vangogh": {
        "count": 30,
        "clip_style": 0.6610677083333333,
        "style_lpips": 0.743359375,
        "content_lpips": 0.4223958326666667,
        "clip_content": 0.820415745
      },
      "cezanne": {
        "count": 30,
        "clip_style": 0.666015625,
        "style_lpips": 0.7098958333333333,
        "content_lpips": 0.44205729099999996,
        "clip_content": 0.7975482053333333
      }
    }
  },
  "analysis": {
    "style_transfer_ability": {
      "clip_style": 0.6009602864583333,
      "content_lpips": 0.42939995647222234
    },
    "photo_to_art_performance": {
      "clip_style": 0.5406901041666666,
      "valid": true
    }
  }
}