{
  "checkpoint": "../AdaGN-patch-500ep/epoch_0250.pt",
  "timestamp": "2026-02-01 06:49:46",
  "matrix_breakdown": {
    "monet": {
      "monet": {
        "count": 30,
        "clip_style": 0.7071614583333333,
        "style_lpips": 0.6990885416666667,
        "content_lpips": 0.4479817716666667,
        "clip_content": 0.8233808366666667
      },
      "photo": {
        "count": 30,
        "clip_style": 0.5658854166666667,
        "style_lpips": 0.7466145833333333,
        "content_lpips": 0.4370442703333333,
        "clip_content": 0.8499844436666667
      },
      "vangogh": {
        "count": 30,
        "clip_style": 0.672265625,
        "style_lpips": 0.744921875,
        "content_lpips": 0.47734375,
        "clip_content": 0.8094584293333332
      },
      "cezanne": {
        "count": 30,
        "clip_style": 0.6430989583333333,
        "style_lpips": 0.7247395833333333,
        "content_lpips": 0.4859375003333334,
        "clip_content": 0.7885929346666667
      }
    },
    "photo": {
      "monet": {
        "count": 30,
        "clip_style": 0.559765625,
        "style_lpips": 0.7319010416666667,
        "content_lpips": 0.41158854233333336,
        "clip_content": 0.8000735333333334
      },
      "photo": {
        "count": 30,
        "clip_style": 0.5909505208333333,
        "style_lpips": 0.7305989583333333,
        "content_lpips": 0.3730794269999999,
        "clip_content": 0.7954661390000001
      },
      "vangogh": {
        "count": 30,
        "clip_style": 0.5757161458333333,
        "style_lpips": 0.7703125,
        "content_lpips": 0.4594401046666667,
        "clip_content": 0.765485892
      },
      "cezanne": {
        "count": 30,
        "clip_style": 0.5412760416666667,
        "style_lpips": 0.7397135416666667,
        "content_lpips": 0.45631510433333333,
        "clip_content": 0.757374983
      }
    },
    "vangogh": {
      "monet": {
        "count": 30,
        "clip_style": 0.6723958333333333,
        "style_lpips": 0.71953125,
        "content_lpips": 0.46569010433333335,
        "clip_content": 0.8223344593333335
      },
      "photo": {
        "count": 30,
        "clip_style": 0.5468098958333333,
        "style_lpips": 0.7765625,
        "content_lpips": 0.448372396,
        "clip_content": 0.8331529609999999
      },
      "vangogh": {
        "count": 30,
        "clip_style": 0.6891927083333333,
        "style_lpips": 0.7291666666666666,
        "content_lpips": 0.4654947916666667,
        "clip_content": 0.8173340469999999
      },
      "cezanne": {
        "count": 30,
        "clip_style": 0.6674479166666667,
        "style_lpips": 0.728125,
        "content_lpips": 0.4889973953333333,
        "clip_content": 0.8019523143333334
      }
    },
    "cezanne": {
      "monet": {
        "count": 30,
        "clip_style": 0.6654947916666667,
        "style_lpips": 0.7140625,
        "content_lpips": 0.43567708299999997,
        "clip_content": 0.8112205606666668
      },
      "photo": {
        "count": 30,
        "clip_style": 0.5111979166666667,
        "style_lpips": 0.7454427083333334,
        "content_lpips": 0.43404947899999996,
        "clip_content": 0.8440773793333333
      },
      "vangogh": {
        "count": 30,
        "clip_style": 0.6588541666666666,
        "style_lpips": 0.7407552083333333,
        "content_lpips": 0.4492187493333333,
        "clip_content": 0.7935705213333334
      },
      "cezanne": {
        "count": 30,
        "clip_style": 0.660546875,
        "style_lpips": 0.7106770833333333,
        "content_lpips": 0.46035156266666666,
        "clip_content": 0.7726541426666667
      }
    }
  },
  "analysis": {
    "style_transfer_ability": {
      "clip_style": 0.606684027777778,
      "content_lpips": 0.4541395399166666
    },
    "photo_to_art_performance": {
      "clip_style": 0.5589192708333334,
      "valid": true
    }
  }
}