{
  "checkpoint": "G:\\GitHub\\Latent_Style\\Cycle-NCE\\ssim-optun-nce\\trial_0228\\epoch_0001.pt",
  "timestamp": "2026-02-20 13:14:46",
  "matrix_breakdown": {
    "photo": {
      "photo": {
        "count": 10,
        "style_swd": 1.8622270941734314,
        "content_ssim": 0.32352562900000004,
        "classifier_acc": null
      },
      "Hayao": {
        "count": 10,
        "style_swd": 2.2032500922679903,
        "content_ssim": 0.345986061,
        "classifier_acc": null
      },
      "monet": {
        "count": 10,
        "style_swd": 1.1080877125263213,
        "content_ssim": 0.339929645,
        "classifier_acc": null
      },
      "cezanne": {
        "count": 10,
        "style_swd": 1.2028167217969894,
        "content_ssim": 0.329327386,
        "classifier_acc": null
      },
      "vangogh": {
        "count": 10,
        "style_swd": 2.2541910827159883,
        "content_ssim": 0.320190194,
        "classifier_acc": null
      }
    },
    "Hayao": {
      "photo": {
        "count": 10,
        "style_swd": 1.868306005001068,
        "content_ssim": 0.47109201799999995,
        "classifier_acc": null
      },
      "Hayao": {
        "count": 10,
        "style_swd": 1.9196008026599884,
        "content_ssim": 0.501579985,
        "classifier_acc": null
      },
      "monet": {
        "count": 10,
        "style_swd": 1.1899225294589997,
        "content_ssim": 0.577573,
        "classifier_acc": null
      },
      "cezanne": {
        "count": 10,
        "style_swd": 1.2335596531629562,
        "content_ssim": 0.566040093,
        "classifier_acc": null
      },
      "vangogh": {
        "count": 10,
        "style_swd": 2.209660106897354,
        "content_ssim": 0.545192615,
        "classifier_acc": null
      }
    },
    "monet": {
      "photo": {
        "count": 10,
        "style_swd": 1.8662597477436065,
        "content_ssim": 0.32476510999999997,
        "classifier_acc": null
      },
      "Hayao": {
        "count": 10,
        "style_swd": 2.296840265393257,
        "content_ssim": 0.40710807400000004,
        "classifier_acc": null
      },
      "monet": {
        "count": 10,
        "style_swd": 1.127646166086197,
        "content_ssim": 0.38647321199999995,
        "classifier_acc": null
      },
      "cezanne": {
        "count": 10,
        "style_swd": 0.9989952325820923,
        "content_ssim": 0.32493045,
        "classifier_acc": null
      },
      "vangogh": {
        "count": 10,
        "style_swd": 2.267110341787338,
        "content_ssim": 0.344768165,
        "classifier_acc": null
      }
    },
    "cezanne": {
      "photo": {
        "count": 10,
        "style_swd": 1.821348452568054,
        "content_ssim": 0.38062346700000005,
        "classifier_acc": null
      },
      "Hayao": {
        "count": 10,
        "style_swd": 1.9837595582008363,
        "content_ssim": 0.4829306239999999,
        "classifier_acc": null
      },
      "monet": {
        "count": 10,
        "style_swd": 1.1369451940059663,
        "content_ssim": 0.465771794,
        "classifier_acc": null
      },
      "cezanne": {
        "count": 10,
        "style_swd": 1.0028159618377686,
        "content_ssim": 0.41886303199999997,
        "classifier_acc": null
      },
      "vangogh": {
        "count": 10,
        "style_swd": 2.092144191265106,
        "content_ssim": 0.430563903,
        "classifier_acc": null
      }
    },
    "vangogh": {
      "photo": {
        "count": 10,
        "style_swd": 1.935706865787506,
        "content_ssim": 0.2685465906,
        "classifier_acc": null
      },
      "Hayao": {
        "count": 10,
        "style_swd": 1.8785196095705032,
        "content_ssim": 0.384981334,
        "classifier_acc": null
      },
      "monet": {
        "count": 10,
        "style_swd": 1.149061980843544,
        "content_ssim": 0.34926865399999996,
        "classifier_acc": null
      },
      "cezanne": {
        "count": 10,
        "style_swd": 1.0346794039011002,
        "content_ssim": 0.315275343,
        "classifier_acc": null
      },
      "vangogh": {
        "count": 10,
        "style_swd": 1.996813130378723,
        "content_ssim": 0.317262264,
        "classifier_acc": null
      }
    }
  },
  "analysis": {
    "style_transfer_ability": {
      "style_swd": 1.6865582373738288,
      "content_ssim": 0.39874322602999995,
      "classifier_acc": 0.0
    },
    "photo_to_art_performance": {
      "style_swd": 1.6920864023268223,
      "valid": true,
      "classifier_acc": 0.0
    }
  },
  "classification_report": null,
  "detailed_style_metrics": {}
}