src_style,tgt_style,src_image,gen_image,content_lpips,clip_dir,clip_style,clip_content
Early_Renaissance,Early_Renaissance,Early_Renaissance__fra-angelico_saint-cosmas-and-saint-damian-before-lisius-1440.jpg,Early_Renaissance_Early_Renaissance__fra-angelico_saint-cosmas-and-saint-damian-before-lisius-1440_to_Early_Renaissance.png,0.41702753,0.0,0.8476121425628662,0.0
Early_Renaissance,Early_Renaissance,Early_Renaissance__domenico-veneziano_not-detected-269819.jpg,Early_Renaissance_Early_Renaissance__domenico-veneziano_not-detected-269819_to_Early_Renaissance.png,0.41186613,0.0,0.764940083026886,0.0
Early_Renaissance,Early_Renaissance,Early_Renaissance__carlo-crivelli_saint-thomas-aquinas-1476.jpg,Early_Renaissance_Early_Renaissance__carlo-crivelli_saint-thomas-aquinas-1476_to_Early_Renaissance.png,0.41130897,0.0,0.7407650947570801,0.0
Early_Renaissance,Early_Renaissance,Early_Renaissance__pietro-perugino_giovanni-colombini.jpg,Early_Renaissance_Early_Renaissance__pietro-perugino_giovanni-colombini_to_Early_Renaissance.png,0.46607965,0.0,0.7961511015892029,0.0
Early_Renaissance,Impressionism,Early_Renaissance__fra-angelico_saint-cosmas-and-saint-damian-before-lisius-1440.jpg,Early_Renaissance_Early_Renaissance__fra-angelico_saint-cosmas-and-saint-damian-before-lisius-1440_to_Impressionism.png,0.42285097,0.0,0.7386074066162109,0.0
Early_Renaissance,Impressionism,Early_Renaissance__domenico-veneziano_not-detected-269819.jpg,Early_Renaissance_Early_Renaissance__domenico-veneziano_not-detected-269819_to_Impressionism.png,0.41207284,0.0,0.7789640426635742,0.0
Early_Renaissance,Impressionism,Early_Renaissance__carlo-crivelli_saint-thomas-aquinas-1476.jpg,Early_Renaissance_Early_Renaissance__carlo-crivelli_saint-thomas-aquinas-1476_to_Impressionism.png,0.40602458,0.0,0.6162254214286804,0.0
Early_Renaissance,Impressionism,Early_Renaissance__pietro-perugino_giovanni-colombini.jpg,Early_Renaissance_Early_Renaissance__pietro-perugino_giovanni-colombini_to_Impressionism.png,0.47620574,0.0,0.763992428779602,0.0
Early_Renaissance,Minimalism,Early_Renaissance__fra-angelico_saint-cosmas-and-saint-damian-before-lisius-1440.jpg,Early_Renaissance_Early_Renaissance__fra-angelico_saint-cosmas-and-saint-damian-before-lisius-1440_to_Minimalism.png,0.53794956,0.0,0.7671617269515991,0.0
Early_Renaissance,Minimalism,Early_Renaissance__domenico-veneziano_not-detected-269819.jpg,Early_Renaissance_Early_Renaissance__domenico-veneziano_not-detected-269819_to_Minimalism.png,0.5201477,0.0,0.7995556592941284,0.0
Early_Renaissance,Minimalism,Early_Renaissance__carlo-crivelli_saint-thomas-aquinas-1476.jpg,Early_Renaissance_Early_Renaissance__carlo-crivelli_saint-thomas-aquinas-1476_to_Minimalism.png,0.45621902,0.0,0.769294023513794,0.0
Early_Renaissance,Minimalism,Early_Renaissance__pietro-perugino_giovanni-colombini.jpg,Early_Renaissance_Early_Renaissance__pietro-perugino_giovanni-colombini_to_Minimalism.png,0.5375163,0.0,0.7886537909507751,0.0
Early_Renaissance,Rococo,Early_Renaissance__fra-angelico_saint-cosmas-and-saint-damian-before-lisius-1440.jpg,Early_Renaissance_Early_Renaissance__fra-angelico_saint-cosmas-and-saint-damian-before-lisius-1440_to_Rococo.png,0.44967386,0.0,0.7634778022766113,0.0
Early_Renaissance,Rococo,Early_Renaissance__domenico-veneziano_not-detected-269819.jpg,Early_Renaissance_Early_Renaissance__domenico-veneziano_not-detected-269819_to_Rococo.png,0.44031608,0.0,0.6849331855773926,0.0
Early_Renaissance,Rococo,Early_Renaissance__carlo-crivelli_saint-thomas-aquinas-1476.jpg,Early_Renaissance_Early_Renaissance__carlo-crivelli_saint-thomas-aquinas-1476_to_Rococo.png,0.44316003,0.0,0.6851805448532104,0.0
Early_Renaissance,Rococo,Early_Renaissance__pietro-perugino_giovanni-colombini.jpg,Early_Renaissance_Early_Renaissance__pietro-perugino_giovanni-colombini_to_Rococo.png,0.48963338,0.0,0.7055636644363403,0.0
Early_Renaissance,Ukiyo_e,Early_Renaissance__fra-angelico_saint-cosmas-and-saint-damian-before-lisius-1440.jpg,Early_Renaissance_Early_Renaissance__fra-angelico_saint-cosmas-and-saint-damian-before-lisius-1440_to_Ukiyo_e.png,0.41135582,0.0,0.7227310538291931,0.0
Early_Renaissance,Ukiyo_e,Early_Renaissance__domenico-veneziano_not-detected-269819.jpg,Early_Renaissance_Early_Renaissance__domenico-veneziano_not-detected-269819_to_Ukiyo_e.png,0.4032968,0.0,0.7822520732879639,0.0
Early_Renaissance,Ukiyo_e,Early_Renaissance__carlo-crivelli_saint-thomas-aquinas-1476.jpg,Early_Renaissance_Early_Renaissance__carlo-crivelli_saint-thomas-aquinas-1476_to_Ukiyo_e.png,0.35517198,0.0,0.6618415117263794,0.0
Early_Renaissance,Ukiyo_e,Early_Renaissance__pietro-perugino_giovanni-colombini.jpg,Early_Renaissance_Early_Renaissance__pietro-perugino_giovanni-colombini_to_Ukiyo_e.png,0.43980548,0.0,0.7571972012519836,0.0
Early_Renaissance,Early_Renaissance,Early_Renaissance__leonardo-da-vinci_studies-of-a-bewalking.jpg,Early_Renaissance_Early_Renaissance__leonardo-da-vinci_studies-of-a-bewalking_to_Early_Renaissance.png,0.43939498,0.0,0.7261494398117065,0.0
Early_Renaissance,Early_Renaissance,Early_Renaissance__benozzo-gozzoli_madonna-and-child-1485.jpg,Early_Renaissance_Early_Renaissance__benozzo-gozzoli_madonna-and-child-1485_to_Early_Renaissance.png,0.41771275,0.0,0.8429425358772278,0.0
Early_Renaissance,Early_Renaissance,Early_Renaissance__bartolome-bermejo_death-of-the-virgin-1462.jpg,Early_Renaissance_Early_Renaissance__bartolome-bermejo_death-of-the-virgin-1462_to_Early_Renaissance.png,0.47152215,0.0,0.818818211555481,0.0
Early_Renaissance,Early_Renaissance,Early_Renaissance__domenico-ghirlandaio_st-stephen-st-jacobo-st-peter.jpg,Early_Renaissance_Early_Renaissance__domenico-ghirlandaio_st-stephen-st-jacobo-st-peter_to_Early_Renaissance.png,0.41755947,0.0,0.8450082540512085,0.0
Early_Renaissance,Impressionism,Early_Renaissance__leonardo-da-vinci_studies-of-a-bewalking.jpg,Early_Renaissance_Early_Renaissance__leonardo-da-vinci_studies-of-a-bewalking_to_Impressionism.png,0.408121,0.0,0.702764630317688,0.0
Early_Renaissance,Impressionism,Early_Renaissance__benozzo-gozzoli_madonna-and-child-1485.jpg,Early_Renaissance_Early_Renaissance__benozzo-gozzoli_madonna-and-child-1485_to_Impressionism.png,0.4311083,0.0,0.6639987826347351,0.0
Early_Renaissance,Impressionism,Early_Renaissance__bartolome-bermejo_death-of-the-virgin-1462.jpg,Early_Renaissance_Early_Renaissance__bartolome-bermejo_death-of-the-virgin-1462_to_Impressionism.png,0.5143873,0.0,0.7776259183883667,0.0
Early_Renaissance,Impressionism,Early_Renaissance__domenico-ghirlandaio_st-stephen-st-jacobo-st-peter.jpg,Early_Renaissance_Early_Renaissance__domenico-ghirlandaio_st-stephen-st-jacobo-st-peter_to_Impressionism.png,0.4235736,0.0,0.6623430252075195,0.0
Early_Renaissance,Minimalism,Early_Renaissance__leonardo-da-vinci_studies-of-a-bewalking.jpg,Early_Renaissance_Early_Renaissance__leonardo-da-vinci_studies-of-a-bewalking_to_Minimalism.png,0.47681627,0.0,0.7497118711471558,0.0
Early_Renaissance,Minimalism,Early_Renaissance__benozzo-gozzoli_madonna-and-child-1485.jpg,Early_Renaissance_Early_Renaissance__benozzo-gozzoli_madonna-and-child-1485_to_Minimalism.png,0.5103409,0.0,0.6990301609039307,0.0
Early_Renaissance,Minimalism,Early_Renaissance__bartolome-bermejo_death-of-the-virgin-1462.jpg,Early_Renaissance_Early_Renaissance__bartolome-bermejo_death-of-the-virgin-1462_to_Minimalism.png,0.5802966,0.0,0.7804768085479736,0.0
Early_Renaissance,Minimalism,Early_Renaissance__domenico-ghirlandaio_st-stephen-st-jacobo-st-peter.jpg,Early_Renaissance_Early_Renaissance__domenico-ghirlandaio_st-stephen-st-jacobo-st-peter_to_Minimalism.png,0.5140305,0.0,0.7609281539916992,0.0
Early_Renaissance,Rococo,Early_Renaissance__leonardo-da-vinci_studies-of-a-bewalking.jpg,Early_Renaissance_Early_Renaissance__leonardo-da-vinci_studies-of-a-bewalking_to_Rococo.png,0.4630896,0.0,0.6393753290176392,0.0
Early_Renaissance,Rococo,Early_Renaissance__benozzo-gozzoli_madonna-and-child-1485.jpg,Early_Renaissance_Early_Renaissance__benozzo-gozzoli_madonna-and-child-1485_to_Rococo.png,0.43849772,0.0,0.6815217137336731,0.0
Early_Renaissance,Rococo,Early_Renaissance__bartolome-bermejo_death-of-the-virgin-1462.jpg,Early_Renaissance_Early_Renaissance__bartolome-bermejo_death-of-the-virgin-1462_to_Rococo.png,0.50204885,0.0,0.7612228393554688,0.0
Early_Renaissance,Rococo,Early_Renaissance__domenico-ghirlandaio_st-stephen-st-jacobo-st-peter.jpg,Early_Renaissance_Early_Renaissance__domenico-ghirlandaio_st-stephen-st-jacobo-st-peter_to_Rococo.png,0.44165847,0.0,0.7207556962966919,0.0
Early_Renaissance,Ukiyo_e,Early_Renaissance__leonardo-da-vinci_studies-of-a-bewalking.jpg,Early_Renaissance_Early_Renaissance__leonardo-da-vinci_studies-of-a-bewalking_to_Ukiyo_e.png,0.37370113,0.0,0.640489935874939,0.0
Early_Renaissance,Ukiyo_e,Early_Renaissance__benozzo-gozzoli_madonna-and-child-1485.jpg,Early_Renaissance_Early_Renaissance__benozzo-gozzoli_madonna-and-child-1485_to_Ukiyo_e.png,0.41817132,0.0,0.6604586839675903,0.0
Early_Renaissance,Ukiyo_e,Early_Renaissance__bartolome-bermejo_death-of-the-virgin-1462.jpg,Early_Renaissance_Early_Renaissance__bartolome-bermejo_death-of-the-virgin-1462_to_Ukiyo_e.png,0.49865142,0.0,0.7555206418037415,0.0
Early_Renaissance,Ukiyo_e,Early_Renaissance__domenico-ghirlandaio_st-stephen-st-jacobo-st-peter.jpg,Early_Renaissance_Early_Renaissance__domenico-ghirlandaio_st-stephen-st-jacobo-st-peter_to_Ukiyo_e.png,0.40753633,0.0,0.7031280994415283,0.0
Early_Renaissance,Early_Renaissance,Early_Renaissance__domenico-ghirlandaio_st-jerome.jpg,Early_Renaissance_Early_Renaissance__domenico-ghirlandaio_st-jerome_to_Early_Renaissance.png,0.39526075,0.0,0.7879771590232849,0.0
Early_Renaissance,Early_Renaissance,Early_Renaissance__filippo-lippi_adoration-of-the-magi-detail-2.jpg,Early_Renaissance_Early_Renaissance__filippo-lippi_adoration-of-the-magi-detail-2_to_Early_Renaissance.png,0.4715729,0.0,0.7336869835853577,0.0
Early_Renaissance,Early_Renaissance,Early_Renaissance__carlo-crivelli_piet-1.jpg,Early_Renaissance_Early_Renaissance__carlo-crivelli_piet-1_to_Early_Renaissance.png,0.41632843,0.0,0.7569539546966553,0.0
Early_Renaissance,Early_Renaissance,Early_Renaissance__piero-della-francesca_portrait-of-a-boy.jpg,Early_Renaissance_Early_Renaissance__piero-della-francesca_portrait-of-a-boy_to_Early_Renaissance.png,0.4441003,0.0,0.6679204702377319,0.0
Early_Renaissance,Impressionism,Early_Renaissance__domenico-ghirlandaio_st-jerome.jpg,Early_Renaissance_Early_Renaissance__domenico-ghirlandaio_st-jerome_to_Impressionism.png,0.41179082,0.0,0.6374272704124451,0.0
Early_Renaissance,Impressionism,Early_Renaissance__filippo-lippi_adoration-of-the-magi-detail-2.jpg,Early_Renaissance_Early_Renaissance__filippo-lippi_adoration-of-the-magi-detail-2_to_Impressionism.png,0.48703316,0.0,0.732399582862854,0.0
Early_Renaissance,Impressionism,Early_Renaissance__carlo-crivelli_piet-1.jpg,Early_Renaissance_Early_Renaissance__carlo-crivelli_piet-1_to_Impressionism.png,0.41026312,0.0,0.648918092250824,0.0
Early_Renaissance,Impressionism,Early_Renaissance__piero-della-francesca_portrait-of-a-boy.jpg,Early_Renaissance_Early_Renaissance__piero-della-francesca_portrait-of-a-boy_to_Impressionism.png,0.48081827,0.0,0.6588970422744751,0.0
Early_Renaissance,Minimalism,Early_Renaissance__domenico-ghirlandaio_st-jerome.jpg,Early_Renaissance_Early_Renaissance__domenico-ghirlandaio_st-jerome_to_Minimalism.png,0.50847214,0.0,0.7401255369186401,0.0
Early_Renaissance,Minimalism,Early_Renaissance__filippo-lippi_adoration-of-the-magi-detail-2.jpg,Early_Renaissance_Early_Renaissance__filippo-lippi_adoration-of-the-magi-detail-2_to_Minimalism.png,0.55126834,0.0,0.8767915368080139,0.0
Early_Renaissance,Minimalism,Early_Renaissance__carlo-crivelli_piet-1.jpg,Early_Renaissance_Early_Renaissance__carlo-crivelli_piet-1_to_Minimalism.png,0.39948177,0.0,0.8042414784431458,0.0
Early_Renaissance,Minimalism,Early_Renaissance__piero-della-francesca_portrait-of-a-boy.jpg,Early_Renaissance_Early_Renaissance__piero-della-francesca_portrait-of-a-boy_to_Minimalism.png,0.524417,0.0,0.7868636846542358,0.0
Early_Renaissance,Rococo,Early_Renaissance__domenico-ghirlandaio_st-jerome.jpg,Early_Renaissance_Early_Renaissance__domenico-ghirlandaio_st-jerome_to_Rococo.png,0.41503328,0.0,0.6867333650588989,0.0
Early_Renaissance,Rococo,Early_Renaissance__filippo-lippi_adoration-of-the-magi-detail-2.jpg,Early_Renaissance_Early_Renaissance__filippo-lippi_adoration-of-the-magi-detail-2_to_Rococo.png,0.47366667,0.0,0.6761246919631958,0.0
Early_Renaissance,Rococo,Early_Renaissance__carlo-crivelli_piet-1.jpg,Early_Renaissance_Early_Renaissance__carlo-crivelli_piet-1_to_Rococo.png,0.44088864,0.0,0.7021077275276184,0.0
Early_Renaissance,Rococo,Early_Renaissance__piero-della-francesca_portrait-of-a-boy.jpg,Early_Renaissance_Early_Renaissance__piero-della-francesca_portrait-of-a-boy_to_Rococo.png,0.4542432,0.0,0.6750528812408447,0.0
Early_Renaissance,Ukiyo_e,Early_Renaissance__domenico-ghirlandaio_st-jerome.jpg,Early_Renaissance_Early_Renaissance__domenico-ghirlandaio_st-jerome_to_Ukiyo_e.png,0.4106694,0.0,0.7245598435401917,0.0
Early_Renaissance,Ukiyo_e,Early_Renaissance__filippo-lippi_adoration-of-the-magi-detail-2.jpg,Early_Renaissance_Early_Renaissance__filippo-lippi_adoration-of-the-magi-detail-2_to_Ukiyo_e.png,0.4741638,0.0,0.6898217797279358,0.0
Early_Renaissance,Ukiyo_e,Early_Renaissance__carlo-crivelli_piet-1.jpg,Early_Renaissance_Early_Renaissance__carlo-crivelli_piet-1_to_Ukiyo_e.png,0.3366717,0.0,0.7334545850753784,0.0
Early_Renaissance,Ukiyo_e,Early_Renaissance__piero-della-francesca_portrait-of-a-boy.jpg,Early_Renaissance_Early_Renaissance__piero-della-francesca_portrait-of-a-boy_to_Ukiyo_e.png,0.4892164,0.0,0.6469400525093079,0.0
Early_Renaissance,Early_Renaissance,Early_Renaissance__sandro-botticelli_trinity(1).jpg,Early_Renaissance_Early_Renaissance__sandro-botticelli_trinity(1)_to_Early_Renaissance.png,0.43580073,0.0,0.8540888428688049,0.0
Early_Renaissance,Early_Renaissance,Early_Renaissance__jacopo-bellini_view-of-a-fortification-of-jerusalem(1).jpg,Early_Renaissance_Early_Renaissance__jacopo-bellini_view-of-a-fortification-of-jerusalem(1)_to_Early_Renaissance.png,0.3637445,0.0,0.7578891515731812,0.0
Early_Renaissance,Early_Renaissance,Early_Renaissance__filippo-lippi_confirmation-of-the-carmelite-rule.jpg,Early_Renaissance_Early_Renaissance__filippo-lippi_confirmation-of-the-carmelite-rule_to_Early_Renaissance.png,0.42826906,0.0,0.8457236289978027,0.0
Early_Renaissance,Early_Renaissance,Early_Renaissance__pisanello_stork-1430.jpg,Early_Renaissance_Early_Renaissance__pisanello_stork-1430_to_Early_Renaissance.png,0.39482513,0.0,0.6940805912017822,0.0
Early_Renaissance,Impressionism,Early_Renaissance__sandro-botticelli_trinity(1).jpg,Early_Renaissance_Early_Renaissance__sandro-botticelli_trinity(1)_to_Impressionism.png,0.45120665,0.0,0.7574073076248169,0.0
Early_Renaissance,Impressionism,Early_Renaissance__jacopo-bellini_view-of-a-fortification-of-jerusalem(1).jpg,Early_Renaissance_Early_Renaissance__jacopo-bellini_view-of-a-fortification-of-jerusalem(1)_to_Impressionism.png,0.34436262,0.0,0.7720882296562195,0.0
Early_Renaissance,Impressionism,Early_Renaissance__filippo-lippi_confirmation-of-the-carmelite-rule.jpg,Early_Renaissance_Early_Renaissance__filippo-lippi_confirmation-of-the-carmelite-rule_to_Impressionism.png,0.42580315,0.0,0.7738202810287476,0.0
Early_Renaissance,Impressionism,Early_Renaissance__pisanello_stork-1430.jpg,Early_Renaissance_Early_Renaissance__pisanello_stork-1430_to_Impressionism.png,0.38098067,0.0,0.6772066354751587,0.0
Early_Renaissance,Minimalism,Early_Renaissance__sandro-botticelli_trinity(1).jpg,Early_Renaissance_Early_Renaissance__sandro-botticelli_trinity(1)_to_Minimalism.png,0.54140264,0.0,0.8145760893821716,0.0
Early_Renaissance,Minimalism,Early_Renaissance__jacopo-bellini_view-of-a-fortification-of-jerusalem(1).jpg,Early_Renaissance_Early_Renaissance__jacopo-bellini_view-of-a-fortification-of-jerusalem(1)_to_Minimalism.png,0.40142763,0.0,0.854177713394165,0.0
Early_Renaissance,Minimalism,Early_Renaissance__filippo-lippi_confirmation-of-the-carmelite-rule.jpg,Early_Renaissance_Early_Renaissance__filippo-lippi_confirmation-of-the-carmelite-rule_to_Minimalism.png,0.52492595,0.0,0.8366697430610657,0.0
Early_Renaissance,Minimalism,Early_Renaissance__pisanello_stork-1430.jpg,Early_Renaissance_Early_Renaissance__pisanello_stork-1430_to_Minimalism.png,0.4331999,0.0,0.6900147199630737,0.0
Early_Renaissance,Rococo,Early_Renaissance__sandro-botticelli_trinity(1).jpg,Early_Renaissance_Early_Renaissance__sandro-botticelli_trinity(1)_to_Rococo.png,0.4527799,0.0,0.7160676121711731,0.0
Early_Renaissance,Rococo,Early_Renaissance__jacopo-bellini_view-of-a-fortification-of-jerusalem(1).jpg,Early_Renaissance_Early_Renaissance__jacopo-bellini_view-of-a-fortification-of-jerusalem(1)_to_Rococo.png,0.37785232,0.0,0.6988006830215454,0.0
Early_Renaissance,Rococo,Early_Renaissance__filippo-lippi_confirmation-of-the-carmelite-rule.jpg,Early_Renaissance_Early_Renaissance__filippo-lippi_confirmation-of-the-carmelite-rule_to_Rococo.png,0.45597327,0.0,0.715843141078949,0.0
Early_Renaissance,Rococo,Early_Renaissance__pisanello_stork-1430.jpg,Early_Renaissance_Early_Renaissance__pisanello_stork-1430_to_Rococo.png,0.4303484,0.0,0.6598814725875854,0.0
Early_Renaissance,Ukiyo_e,Early_Renaissance__sandro-botticelli_trinity(1).jpg,Early_Renaissance_Early_Renaissance__sandro-botticelli_trinity(1)_to_Ukiyo_e.png,0.44723487,0.0,0.6759517192840576,0.0
Early_Renaissance,Ukiyo_e,Early_Renaissance__jacopo-bellini_view-of-a-fortification-of-jerusalem(1).jpg,Early_Renaissance_Early_Renaissance__jacopo-bellini_view-of-a-fortification-of-jerusalem(1)_to_Ukiyo_e.png,0.32147777,0.0,0.7033483386039734,0.0
Early_Renaissance,Ukiyo_e,Early_Renaissance__filippo-lippi_confirmation-of-the-carmelite-rule.jpg,Early_Renaissance_Early_Renaissance__filippo-lippi_confirmation-of-the-carmelite-rule_to_Ukiyo_e.png,0.4111672,0.0,0.7578747868537903,0.0
Early_Renaissance,Ukiyo_e,Early_Renaissance__pisanello_stork-1430.jpg,Early_Renaissance_Early_Renaissance__pisanello_stork-1430_to_Ukiyo_e.png,0.32811642,0.0,0.6459632515907288,0.0
Early_Renaissance,Early_Renaissance,Early_Renaissance__andrea-mantegna_maria-with-the-sleeping-child-1455.jpg,Early_Renaissance_Early_Renaissance__andrea-mantegna_maria-with-the-sleeping-child-1455_to_Early_Renaissance.png,0.4290033,0.0,0.7974455952644348,0.0
Early_Renaissance,Early_Renaissance,Early_Renaissance__domenico-ghirlandaio_the-nativity-1.jpg,Early_Renaissance_Early_Renaissance__domenico-ghirlandaio_the-nativity-1_to_Early_Renaissance.png,0.388453,0.0,0.9042472243309021,0.0
Early_Renaissance,Early_Renaissance,Early_Renaissance__fra-angelico_coronation-of-the-virgin-detail-1435-1.jpg,Early_Renaissance_Early_Renaissance__fra-angelico_coronation-of-the-virgin-detail-1435-1_to_Early_Renaissance.png,0.40076026,0.0,0.7943360805511475,0.0
Early_Renaissance,Early_Renaissance,Early_Renaissance__andrea-mantegna_scenes-from-the-life-of-st-james-1448-2.jpg,Early_Renaissance_Early_Renaissance__andrea-mantegna_scenes-from-the-life-of-st-james-1448-2_to_Early_Renaissance.png,0.40010914,0.0,0.7884231805801392,0.0
Early_Renaissance,Impressionism,Early_Renaissance__andrea-mantegna_maria-with-the-sleeping-child-1455.jpg,Early_Renaissance_Early_Renaissance__andrea-mantegna_maria-with-the-sleeping-child-1455_to_Impressionism.png,0.46236962,0.0,0.6504603028297424,0.0
Early_Renaissance,Impressionism,Early_Renaissance__domenico-ghirlandaio_the-nativity-1.jpg,Early_Renaissance_Early_Renaissance__domenico-ghirlandaio_the-nativity-1_to_Impressionism.png,0.4082644,0.0,0.7200601100921631,0.0
Early_Renaissance,Impressionism,Early_Renaissance__fra-angelico_coronation-of-the-virgin-detail-1435-1.jpg,Early_Renaissance_Early_Renaissance__fra-angelico_coronation-of-the-virgin-detail-1435-1_to_Impressionism.png,0.4006616,0.0,0.7579408884048462,0.0
Early_Renaissance,Impressionism,Early_Renaissance__andrea-mantegna_scenes-from-the-life-of-st-james-1448-2.jpg,Early_Renaissance_Early_Renaissance__andrea-mantegna_scenes-from-the-life-of-st-james-1448-2_to_Impressionism.png,0.4122004,0.0,0.7811945080757141,0.0
Early_Renaissance,Minimalism,Early_Renaissance__andrea-mantegna_maria-with-the-sleeping-child-1455.jpg,Early_Renaissance_Early_Renaissance__andrea-mantegna_maria-with-the-sleeping-child-1455_to_Minimalism.png,0.56447405,0.0,0.651114821434021,0.0
Early_Renaissance,Minimalism,Early_Renaissance__domenico-ghirlandaio_the-nativity-1.jpg,Early_Renaissance_Early_Renaissance__domenico-ghirlandaio_the-nativity-1_to_Minimalism.png,0.52185297,0.0,0.8178461790084839,0.0
Early_Renaissance,Minimalism,Early_Renaissance__fra-angelico_coronation-of-the-virgin-detail-1435-1.jpg,Early_Renaissance_Early_Renaissance__fra-angelico_coronation-of-the-virgin-detail-1435-1_to_Minimalism.png,0.5048359,0.0,0.7860623598098755,0.0
Early_Renaissance,Minimalism,Early_Renaissance__andrea-mantegna_scenes-from-the-life-of-st-james-1448-2.jpg,Early_Renaissance_Early_Renaissance__andrea-mantegna_scenes-from-the-life-of-st-james-1448-2_to_Minimalism.png,0.5293993,0.0,0.7845259308815002,0.0
Early_Renaissance,Rococo,Early_Renaissance__andrea-mantegna_maria-with-the-sleeping-child-1455.jpg,Early_Renaissance_Early_Renaissance__andrea-mantegna_maria-with-the-sleeping-child-1455_to_Rococo.png,0.4552933,0.0,0.6990534067153931,0.0
Early_Renaissance,Rococo,Early_Renaissance__domenico-ghirlandaio_the-nativity-1.jpg,Early_Renaissance_Early_Renaissance__domenico-ghirlandaio_the-nativity-1_to_Rococo.png,0.4188453,0.0,0.7366645932197571,0.0
Early_Renaissance,Rococo,Early_Renaissance__fra-angelico_coronation-of-the-virgin-detail-1435-1.jpg,Early_Renaissance_Early_Renaissance__fra-angelico_coronation-of-the-virgin-detail-1435-1_to_Rococo.png,0.4268238,0.0,0.6541769504547119,0.0
Early_Renaissance,Rococo,Early_Renaissance__andrea-mantegna_scenes-from-the-life-of-st-james-1448-2.jpg,Early_Renaissance_Early_Renaissance__andrea-mantegna_scenes-from-the-life-of-st-james-1448-2_to_Rococo.png,0.43036014,0.0,0.7532318830490112,0.0
Early_Renaissance,Ukiyo_e,Early_Renaissance__andrea-mantegna_maria-with-the-sleeping-child-1455.jpg,Early_Renaissance_Early_Renaissance__andrea-mantegna_maria-with-the-sleeping-child-1455_to_Ukiyo_e.png,0.46207678,0.0,0.6194838881492615,0.0
Early_Renaissance,Ukiyo_e,Early_Renaissance__domenico-ghirlandaio_the-nativity-1.jpg,Early_Renaissance_Early_Renaissance__domenico-ghirlandaio_the-nativity-1_to_Ukiyo_e.png,0.40697747,0.0,0.707950234413147,0.0
Early_Renaissance,Ukiyo_e,Early_Renaissance__fra-angelico_coronation-of-the-virgin-detail-1435-1.jpg,Early_Renaissance_Early_Renaissance__fra-angelico_coronation-of-the-virgin-detail-1435-1_to_Ukiyo_e.png,0.38057253,0.0,0.6946614980697632,0.0
Early_Renaissance,Ukiyo_e,Early_Renaissance__andrea-mantegna_scenes-from-the-life-of-st-james-1448-2.jpg,Early_Renaissance_Early_Renaissance__andrea-mantegna_scenes-from-the-life-of-st-james-1448-2_to_Ukiyo_e.png,0.39085358,0.0,0.701835572719574,0.0
Early_Renaissance,Early_Renaissance,Early_Renaissance__fra-angelico_bosco-ai-frati-altarpiece.jpg,Early_Renaissance_Early_Renaissance__fra-angelico_bosco-ai-frati-altarpiece_to_Early_Renaissance.png,0.41154736,0.0,0.8863184452056885,0.0
Early_Renaissance,Early_Renaissance,Early_Renaissance__sandro-botticelli_inferno-canto-xviii-1480(1).jpg,Early_Renaissance_Early_Renaissance__sandro-botticelli_inferno-canto-xviii-1480(1)_to_Early_Renaissance.png,0.48517254,0.0,0.7390543222427368,0.0
Early_Renaissance,Early_Renaissance,Early_Renaissance__antonello-da-messina_painter-self-portrait.jpg,Early_Renaissance_Early_Renaissance__antonello-da-messina_painter-self-portrait_to_Early_Renaissance.png,0.41660494,0.0,0.7550817131996155,0.0
Early_Renaissance,Early_Renaissance,Early_Renaissance__paolo-uccello_scene-adoration-of-the-three-kings-1440.jpg,Early_Renaissance_Early_Renaissance__paolo-uccello_scene-adoration-of-the-three-kings-1440_to_Early_Renaissance.png,0.4294811,0.0,0.7330070734024048,0.0
Early_Renaissance,Impressionism,Early_Renaissance__fra-angelico_bosco-ai-frati-altarpiece.jpg,Early_Renaissance_Early_Renaissance__fra-angelico_bosco-ai-frati-altarpiece_to_Impressionism.png,0.42584792,0.0,0.732112467288971,0.0
Early_Renaissance,Impressionism,Early_Renaissance__sandro-botticelli_inferno-canto-xviii-1480(1).jpg,Early_Renaissance_Early_Renaissance__sandro-botticelli_inferno-canto-xviii-1480(1)_to_Impressionism.png,0.49238387,0.0,0.7940133213996887,0.0
Early_Renaissance,Impressionism,Early_Renaissance__antonello-da-messina_painter-self-portrait.jpg,Early_Renaissance_Early_Renaissance__antonello-da-messina_painter-self-portrait_to_Impressionism.png,0.42325824,0.0,0.6226820945739746,0.0
Early_Renaissance,Impressionism,Early_Renaissance__paolo-uccello_scene-adoration-of-the-three-kings-1440.jpg,Early_Renaissance_Early_Renaissance__paolo-uccello_scene-adoration-of-the-three-kings-1440_to_Impressionism.png,0.4225182,0.0,0.7397567629814148,0.0
Early_Renaissance,Minimalism,Early_Renaissance__fra-angelico_bosco-ai-frati-altarpiece.jpg,Early_Renaissance_Early_Renaissance__fra-angelico_bosco-ai-frati-altarpiece_to_Minimalism.png,0.53091013,0.0,0.7468476295471191,0.0
Early_Renaissance,Minimalism,Early_Renaissance__sandro-botticelli_inferno-canto-xviii-1480(1).jpg,Early_Renaissance_Early_Renaissance__sandro-botticelli_inferno-canto-xviii-1480(1)_to_Minimalism.png,0.5902401,0.0,0.8937873840332031,0.0
Early_Renaissance,Minimalism,Early_Renaissance__antonello-da-messina_painter-self-portrait.jpg,Early_Renaissance_Early_Renaissance__antonello-da-messina_painter-self-portrait_to_Minimalism.png,0.47541592,0.0,0.7840461730957031,0.0
Early_Renaissance,Minimalism,Early_Renaissance__paolo-uccello_scene-adoration-of-the-three-kings-1440.jpg,Early_Renaissance_Early_Renaissance__paolo-uccello_scene-adoration-of-the-three-kings-1440_to_Minimalism.png,0.49447563,0.0,0.8502935171127319,0.0
Early_Renaissance,Rococo,Early_Renaissance__fra-angelico_bosco-ai-frati-altarpiece.jpg,Early_Renaissance_Early_Renaissance__fra-angelico_bosco-ai-frati-altarpiece_to_Rococo.png,0.44195494,0.0,0.7282865047454834,0.0
Early_Renaissance,Rococo,Early_Renaissance__sandro-botticelli_inferno-canto-xviii-1480(1).jpg,Early_Renaissance_Early_Renaissance__sandro-botticelli_inferno-canto-xviii-1480(1)_to_Rococo.png,0.51872945,0.0,0.6385895013809204,0.0
Early_Renaissance,Rococo,Early_Renaissance__antonello-da-messina_painter-self-portrait.jpg,Early_Renaissance_Early_Renaissance__antonello-da-messina_painter-self-portrait_to_Rococo.png,0.4488256,0.0,0.7565454244613647,0.0
Early_Renaissance,Rococo,Early_Renaissance__paolo-uccello_scene-adoration-of-the-three-kings-1440.jpg,Early_Renaissance_Early_Renaissance__paolo-uccello_scene-adoration-of-the-three-kings-1440_to_Rococo.png,0.45128727,0.0,0.6443818211555481,0.0
Early_Renaissance,Ukiyo_e,Early_Renaissance__fra-angelico_bosco-ai-frati-altarpiece.jpg,Early_Renaissance_Early_Renaissance__fra-angelico_bosco-ai-frati-altarpiece_to_Ukiyo_e.png,0.390519,0.0,0.7386961579322815,0.0
Early_Renaissance,Ukiyo_e,Early_Renaissance__sandro-botticelli_inferno-canto-xviii-1480(1).jpg,Early_Renaissance_Early_Renaissance__sandro-botticelli_inferno-canto-xviii-1480(1)_to_Ukiyo_e.png,0.47395322,0.0,0.7397335767745972,0.0
Early_Renaissance,Ukiyo_e,Early_Renaissance__antonello-da-messina_painter-self-portrait.jpg,Early_Renaissance_Early_Renaissance__antonello-da-messina_painter-self-portrait_to_Ukiyo_e.png,0.3724316,0.0,0.7038708925247192,0.0
Early_Renaissance,Ukiyo_e,Early_Renaissance__paolo-uccello_scene-adoration-of-the-three-kings-1440.jpg,Early_Renaissance_Early_Renaissance__paolo-uccello_scene-adoration-of-the-three-kings-1440_to_Ukiyo_e.png,0.40328357,0.0,0.6882748007774353,0.0
Early_Renaissance,Early_Renaissance,Early_Renaissance__benozzo-gozzoli_procession-of-the-magus-caspar-detail-1461-4.jpg,Early_Renaissance_Early_Renaissance__benozzo-gozzoli_procession-of-the-magus-caspar-detail-1461-4_to_Early_Renaissance.png,0.45028198,0.0,0.7517868280410767,0.0
Early_Renaissance,Early_Renaissance,Early_Renaissance__benozzo-gozzoli_the-school-of-tagaste-1465-1.jpg,Early_Renaissance_Early_Renaissance__benozzo-gozzoli_the-school-of-tagaste-1465-1_to_Early_Renaissance.png,0.42873353,0.0,0.8448759317398071,0.0
Early_Renaissance,Early_Renaissance,Early_Renaissance__leonardo-da-vinci_study-of-the-effect-of-light-on-a-profile-head-facsimile.jpg,Early_Renaissance_Early_Renaissance__leonardo-da-vinci_study-of-the-effect-of-light-on-a-profile-head-facsimile_to_Early_Renaissance.png,0.35473084,0.0,0.7732462286949158,0.0
Early_Renaissance,Early_Renaissance,Early_Renaissance__andrea-mantegna_adoration-of-the-magi-central-panel-from-the-altarpiece.jpg,Early_Renaissance_Early_Renaissance__andrea-mantegna_adoration-of-the-magi-central-panel-from-the-altarpiece_to_Early_Renaissance.png,0.44557714,0.0,0.7902581691741943,0.0
Early_Renaissance,Impressionism,Early_Renaissance__benozzo-gozzoli_procession-of-the-magus-caspar-detail-1461-4.jpg,Early_Renaissance_Early_Renaissance__benozzo-gozzoli_procession-of-the-magus-caspar-detail-1461-4_to_Impressionism.png,0.46864814,0.0,0.6670858263969421,0.0
Early_Renaissance,Impressionism,Early_Renaissance__benozzo-gozzoli_the-school-of-tagaste-1465-1.jpg,Early_Renaissance_Early_Renaissance__benozzo-gozzoli_the-school-of-tagaste-1465-1_to_Impressionism.png,0.44016278,0.0,0.7425055503845215,0.0
Early_Renaissance,Impressionism,Early_Renaissance__leonardo-da-vinci_study-of-the-effect-of-light-on-a-profile-head-facsimile.jpg,Early_Renaissance_Early_Renaissance__leonardo-da-vinci_study-of-the-effect-of-light-on-a-profile-head-facsimile_to_Impressionism.png,0.34366763,0.0,0.6211684346199036,0.0
Early_Renaissance,Impressionism,Early_Renaissance__andrea-mantegna_adoration-of-the-magi-central-panel-from-the-altarpiece.jpg,Early_Renaissance_Early_Renaissance__andrea-mantegna_adoration-of-the-magi-central-panel-from-the-altarpiece_to_Impressionism.png,0.4605482,0.0,0.8122780323028564,0.0
Early_Renaissance,Minimalism,Early_Renaissance__benozzo-gozzoli_procession-of-the-magus-caspar-detail-1461-4.jpg,Early_Renaissance_Early_Renaissance__benozzo-gozzoli_procession-of-the-magus-caspar-detail-1461-4_to_Minimalism.png,0.58068466,0.0,0.7117588520050049,0.0
Early_Renaissance,Minimalism,Early_Renaissance__benozzo-gozzoli_the-school-of-tagaste-1465-1.jpg,Early_Renaissance_Early_Renaissance__benozzo-gozzoli_the-school-of-tagaste-1465-1_to_Minimalism.png,0.5444792,0.0,0.7499032020568848,0.0
Early_Renaissance,Minimalism,Early_Renaissance__leonardo-da-vinci_study-of-the-effect-of-light-on-a-profile-head-facsimile.jpg,Early_Renaissance_Early_Renaissance__leonardo-da-vinci_study-of-the-effect-of-light-on-a-profile-head-facsimile_to_Minimalism.png,0.40999007,0.0,0.8107603788375854,0.0
Early_Renaissance,Minimalism,Early_Renaissance__andrea-mantegna_adoration-of-the-magi-central-panel-from-the-altarpiece.jpg,Early_Renaissance_Early_Renaissance__andrea-mantegna_adoration-of-the-magi-central-panel-from-the-altarpiece_to_Minimalism.png,0.53960407,0.0,0.8312040567398071,0.0
Early_Renaissance,Rococo,Early_Renaissance__benozzo-gozzoli_procession-of-the-magus-caspar-detail-1461-4.jpg,Early_Renaissance_Early_Renaissance__benozzo-gozzoli_procession-of-the-magus-caspar-detail-1461-4_to_Rococo.png,0.487292,0.0,0.7328535914421082,0.0
Early_Renaissance,Rococo,Early_Renaissance__benozzo-gozzoli_the-school-of-tagaste-1465-1.jpg,Early_Renaissance_Early_Renaissance__benozzo-gozzoli_the-school-of-tagaste-1465-1_to_Rococo.png,0.46279377,0.0,0.7419577240943909,0.0
Early_Renaissance,Rococo,Early_Renaissance__leonardo-da-vinci_study-of-the-effect-of-light-on-a-profile-head-facsimile.jpg,Early_Renaissance_Early_Renaissance__leonardo-da-vinci_study-of-the-effect-of-light-on-a-profile-head-facsimile_to_Rococo.png,0.40101278,0.0,0.6627871990203857,0.0
Early_Renaissance,Rococo,Early_Renaissance__andrea-mantegna_adoration-of-the-magi-central-panel-from-the-altarpiece.jpg,Early_Renaissance_Early_Renaissance__andrea-mantegna_adoration-of-the-magi-central-panel-from-the-altarpiece_to_Rococo.png,0.4625948,0.0,0.7417534589767456,0.0
Early_Renaissance,Ukiyo_e,Early_Renaissance__benozzo-gozzoli_procession-of-the-magus-caspar-detail-1461-4.jpg,Early_Renaissance_Early_Renaissance__benozzo-gozzoli_procession-of-the-magus-caspar-detail-1461-4_to_Ukiyo_e.png,0.45289192,0.0,0.6770454049110413,0.0
Early_Renaissance,Ukiyo_e,Early_Renaissance__benozzo-gozzoli_the-school-of-tagaste-1465-1.jpg,Early_Renaissance_Early_Renaissance__benozzo-gozzoli_the-school-of-tagaste-1465-1_to_Ukiyo_e.png,0.41315418,0.0,0.7527238130569458,0.0
Early_Renaissance,Ukiyo_e,Early_Renaissance__leonardo-da-vinci_study-of-the-effect-of-light-on-a-profile-head-facsimile.jpg,Early_Renaissance_Early_Renaissance__leonardo-da-vinci_study-of-the-effect-of-light-on-a-profile-head-facsimile_to_Ukiyo_e.png,0.28015217,0.0,0.6940858364105225,0.0
Early_Renaissance,Ukiyo_e,Early_Renaissance__andrea-mantegna_adoration-of-the-magi-central-panel-from-the-altarpiece.jpg,Early_Renaissance_Early_Renaissance__andrea-mantegna_adoration-of-the-magi-central-panel-from-the-altarpiece_to_Ukiyo_e.png,0.4562864,0.0,0.7748706936836243,0.0
Early_Renaissance,Early_Renaissance,Early_Renaissance__andrea-mantegna_the-circumcision-of-christ-1464.jpg,Early_Renaissance_Early_Renaissance__andrea-mantegna_the-circumcision-of-christ-1464_to_Early_Renaissance.png,0.41931462,0.0,0.8172706961631775,0.0
Early_Renaissance,Early_Renaissance,Early_Renaissance__giovanni-bellini_virgin-and-child-1488.jpg,Early_Renaissance_Early_Renaissance__giovanni-bellini_virgin-and-child-1488_to_Early_Renaissance.png,0.42034796,0.0,0.7609081268310547,0.0
Impressionism,Early_Renaissance,Impressionism__john-singer-sargent_lake-in-the-tyrol.jpg,Impressionism_Impressionism__john-singer-sargent_lake-in-the-tyrol_to_Early_Renaissance.png,0.43245694,0.0,0.6070426106452942,0.0
Impressionism,Early_Renaissance,Impressionism__eugene-boudin_laundresses-on-the-banks-of-the-touques-9.jpg,Impressionism_Impressionism__eugene-boudin_laundresses-on-the-banks-of-the-touques-9_to_Early_Renaissance.png,0.45923203,0.0,0.7161555290222168,0.0
Early_Renaissance,Impressionism,Early_Renaissance__andrea-mantegna_the-circumcision-of-christ-1464.jpg,Early_Renaissance_Early_Renaissance__andrea-mantegna_the-circumcision-of-christ-1464_to_Impressionism.png,0.43948978,0.0,0.8019858002662659,0.0
Early_Renaissance,Impressionism,Early_Renaissance__giovanni-bellini_virgin-and-child-1488.jpg,Early_Renaissance_Early_Renaissance__giovanni-bellini_virgin-and-child-1488_to_Impressionism.png,0.46298584,0.0,0.668411374092102,0.0
Impressionism,Impressionism,Impressionism__john-singer-sargent_lake-in-the-tyrol.jpg,Impressionism_Impressionism__john-singer-sargent_lake-in-the-tyrol_to_Impressionism.png,0.42158797,0.0,0.8123505115509033,0.0
Impressionism,Impressionism,Impressionism__eugene-boudin_laundresses-on-the-banks-of-the-touques-9.jpg,Impressionism_Impressionism__eugene-boudin_laundresses-on-the-banks-of-the-touques-9_to_Impressionism.png,0.47061056,0.0,0.8665823936462402,0.0
Early_Renaissance,Minimalism,Early_Renaissance__andrea-mantegna_the-circumcision-of-christ-1464.jpg,Early_Renaissance_Early_Renaissance__andrea-mantegna_the-circumcision-of-christ-1464_to_Minimalism.png,0.5270542,0.0,0.7943208813667297,0.0
Early_Renaissance,Minimalism,Early_Renaissance__giovanni-bellini_virgin-and-child-1488.jpg,Early_Renaissance_Early_Renaissance__giovanni-bellini_virgin-and-child-1488_to_Minimalism.png,0.54212207,0.0,0.735016405582428,0.0
Impressionism,Minimalism,Impressionism__john-singer-sargent_lake-in-the-tyrol.jpg,Impressionism_Impressionism__john-singer-sargent_lake-in-the-tyrol_to_Minimalism.png,0.4789439,0.0,0.7908770442008972,0.0
Impressionism,Minimalism,Impressionism__eugene-boudin_laundresses-on-the-banks-of-the-touques-9.jpg,Impressionism_Impressionism__eugene-boudin_laundresses-on-the-banks-of-the-touques-9_to_Minimalism.png,0.5720625,0.0,0.7549634575843811,0.0
Early_Renaissance,Rococo,Early_Renaissance__andrea-mantegna_the-circumcision-of-christ-1464.jpg,Early_Renaissance_Early_Renaissance__andrea-mantegna_the-circumcision-of-christ-1464_to_Rococo.png,0.44946837,0.0,0.7349469661712646,0.0
Early_Renaissance,Rococo,Early_Renaissance__giovanni-bellini_virgin-and-child-1488.jpg,Early_Renaissance_Early_Renaissance__giovanni-bellini_virgin-and-child-1488_to_Rococo.png,0.44241616,0.0,0.6734210848808289,0.0
Impressionism,Rococo,Impressionism__john-singer-sargent_lake-in-the-tyrol.jpg,Impressionism_Impressionism__john-singer-sargent_lake-in-the-tyrol_to_Rococo.png,0.44905815,0.0,0.6036651134490967,0.0
Impressionism,Rococo,Impressionism__eugene-boudin_laundresses-on-the-banks-of-the-touques-9.jpg,Impressionism_Impressionism__eugene-boudin_laundresses-on-the-banks-of-the-touques-9_to_Rococo.png,0.4856577,0.0,0.7236427068710327,0.0
Early_Renaissance,Ukiyo_e,Early_Renaissance__andrea-mantegna_the-circumcision-of-christ-1464.jpg,Early_Renaissance_Early_Renaissance__andrea-mantegna_the-circumcision-of-christ-1464_to_Ukiyo_e.png,0.40833768,0.0,0.7080109715461731,0.0
Early_Renaissance,Ukiyo_e,Early_Renaissance__giovanni-bellini_virgin-and-child-1488.jpg,Early_Renaissance_Early_Renaissance__giovanni-bellini_virgin-and-child-1488_to_Ukiyo_e.png,0.4541497,0.0,0.6865216493606567,0.0
Impressionism,Ukiyo_e,Impressionism__john-singer-sargent_lake-in-the-tyrol.jpg,Impressionism_Impressionism__john-singer-sargent_lake-in-the-tyrol_to_Ukiyo_e.png,0.39783293,0.0,0.6930022239685059,0.0
Impressionism,Ukiyo_e,Impressionism__eugene-boudin_laundresses-on-the-banks-of-the-touques-9.jpg,Impressionism_Impressionism__eugene-boudin_laundresses-on-the-banks-of-the-touques-9_to_Ukiyo_e.png,0.4469806,0.0,0.7165809273719788,0.0
Impressionism,Early_Renaissance,Impressionism__claude-monet_rouen-cathedral-the-portal-at-midday.jpg,Impressionism_Impressionism__claude-monet_rouen-cathedral-the-portal-at-midday_to_Early_Renaissance.png,0.46428388,0.0,0.7268312573432922,0.0
Impressionism,Early_Renaissance,Impressionism__stefan-dimitrescu_cabaret.jpg,Impressionism_Impressionism__stefan-dimitrescu_cabaret_to_Early_Renaissance.png,0.4836601,0.0,0.648202657699585,0.0
Impressionism,Early_Renaissance,Impressionism__nicolae-vermont_rotterdam-port-1928.jpg,Impressionism_Impressionism__nicolae-vermont_rotterdam-port-1928_to_Early_Renaissance.png,0.45449662,0.0,0.6349670886993408,0.0
Impressionism,Early_Renaissance,Impressionism__childe-hassam_evening-champs-elysees-aka-pres-du-louvre.jpg,Impressionism_Impressionism__childe-hassam_evening-champs-elysees-aka-pres-du-louvre_to_Early_Renaissance.png,0.45725173,0.0,0.685077428817749,0.0
Impressionism,Impressionism,Impressionism__claude-monet_rouen-cathedral-the-portal-at-midday.jpg,Impressionism_Impressionism__claude-monet_rouen-cathedral-the-portal-at-midday_to_Impressionism.png,0.46457058,0.0,0.7710864543914795,0.0
Impressionism,Impressionism,Impressionism__stefan-dimitrescu_cabaret.jpg,Impressionism_Impressionism__stefan-dimitrescu_cabaret_to_Impressionism.png,0.4898971,0.0,0.7574971318244934,0.0
Impressionism,Impressionism,Impressionism__nicolae-vermont_rotterdam-port-1928.jpg,Impressionism_Impressionism__nicolae-vermont_rotterdam-port-1928_to_Impressionism.png,0.44431967,0.0,0.8799129128456116,0.0
Impressionism,Impressionism,Impressionism__childe-hassam_evening-champs-elysees-aka-pres-du-louvre.jpg,Impressionism_Impressionism__childe-hassam_evening-champs-elysees-aka-pres-du-louvre_to_Impressionism.png,0.4688213,0.0,0.8511598706245422,0.0
Impressionism,Minimalism,Impressionism__claude-monet_rouen-cathedral-the-portal-at-midday.jpg,Impressionism_Impressionism__claude-monet_rouen-cathedral-the-portal-at-midday_to_Minimalism.png,0.5862318,0.0,0.8899060487747192,0.0
Impressionism,Minimalism,Impressionism__stefan-dimitrescu_cabaret.jpg,Impressionism_Impressionism__stefan-dimitrescu_cabaret_to_Minimalism.png,0.59735787,0.0,0.7842389941215515,0.0
Impressionism,Minimalism,Impressionism__nicolae-vermont_rotterdam-port-1928.jpg,Impressionism_Impressionism__nicolae-vermont_rotterdam-port-1928_to_Minimalism.png,0.55020994,0.0,0.8201675415039062,0.0
Impressionism,Minimalism,Impressionism__childe-hassam_evening-champs-elysees-aka-pres-du-louvre.jpg,Impressionism_Impressionism__childe-hassam_evening-champs-elysees-aka-pres-du-louvre_to_Minimalism.png,0.59235555,0.0,0.7565208673477173,0.0
Impressionism,Rococo,Impressionism__claude-monet_rouen-cathedral-the-portal-at-midday.jpg,Impressionism_Impressionism__claude-monet_rouen-cathedral-the-portal-at-midday_to_Rococo.png,0.49733153,0.0,0.6368253231048584,0.0
Impressionism,Rococo,Impressionism__stefan-dimitrescu_cabaret.jpg,Impressionism_Impressionism__stefan-dimitrescu_cabaret_to_Rococo.png,0.5095742,0.0,0.6471332907676697,0.0
Impressionism,Rococo,Impressionism__nicolae-vermont_rotterdam-port-1928.jpg,Impressionism_Impressionism__nicolae-vermont_rotterdam-port-1928_to_Rococo.png,0.4822322,0.0,0.6989802122116089,0.0
Impressionism,Rococo,Impressionism__childe-hassam_evening-champs-elysees-aka-pres-du-louvre.jpg,Impressionism_Impressionism__childe-hassam_evening-champs-elysees-aka-pres-du-louvre_to_Rococo.png,0.5077424,0.0,0.7389853596687317,0.0
Impressionism,Ukiyo_e,Impressionism__claude-monet_rouen-cathedral-the-portal-at-midday.jpg,Impressionism_Impressionism__claude-monet_rouen-cathedral-the-portal-at-midday_to_Ukiyo_e.png,0.46470964,0.0,0.7094963788986206,0.0
Impressionism,Ukiyo_e,Impressionism__stefan-dimitrescu_cabaret.jpg,Impressionism_Impressionism__stefan-dimitrescu_cabaret_to_Ukiyo_e.png,0.48883116,0.0,0.7579526901245117,0.0
Impressionism,Ukiyo_e,Impressionism__nicolae-vermont_rotterdam-port-1928.jpg,Impressionism_Impressionism__nicolae-vermont_rotterdam-port-1928_to_Ukiyo_e.png,0.41906965,0.0,0.669543445110321,0.0
Impressionism,Ukiyo_e,Impressionism__childe-hassam_evening-champs-elysees-aka-pres-du-louvre.jpg,Impressionism_Impressionism__childe-hassam_evening-champs-elysees-aka-pres-du-louvre_to_Ukiyo_e.png,0.46916288,0.0,0.7140164971351624,0.0
Impressionism,Early_Renaissance,Impressionism__camille-pissarro_the-gardener-afternoon-sun-eragny-1899.jpg,Impressionism_Impressionism__camille-pissarro_the-gardener-afternoon-sun-eragny-1899_to_Early_Renaissance.png,0.51546514,0.0,0.5988544225692749,0.0
Impressionism,Early_Renaissance,Impressionism__edgar-degas_study-of-gentile-bellini-1855.jpg,Impressionism_Impressionism__edgar-degas_study-of-gentile-bellini-1855_to_Early_Renaissance.png,0.4734451,0.0,0.6789986491203308,0.0
Impressionism,Early_Renaissance,Impressionism__edgar-degas_ancer-with-red-stockings.jpg,Impressionism_Impressionism__edgar-degas_ancer-with-red-stockings_to_Early_Renaissance.png,0.39168918,0.0,0.7139022946357727,0.0
Impressionism,Early_Renaissance,Impressionism__eugene-boudin_the-port-ships-at-dock.jpg,Impressionism_Impressionism__eugene-boudin_the-port-ships-at-dock_to_Early_Renaissance.png,0.46737546,0.0,0.633941650390625,0.0
Impressionism,Impressionism,Impressionism__camille-pissarro_the-gardener-afternoon-sun-eragny-1899.jpg,Impressionism_Impressionism__camille-pissarro_the-gardener-afternoon-sun-eragny-1899_to_Impressionism.png,0.51370144,0.0,0.762721061706543,0.0
Impressionism,Impressionism,Impressionism__edgar-degas_study-of-gentile-bellini-1855.jpg,Impressionism_Impressionism__edgar-degas_study-of-gentile-bellini-1855_to_Impressionism.png,0.4444451,0.0,0.6847482919692993,0.0
Impressionism,Impressionism,Impressionism__edgar-degas_ancer-with-red-stockings.jpg,Impressionism_Impressionism__edgar-degas_ancer-with-red-stockings_to_Impressionism.png,0.38942665,0.0,0.7789100408554077,0.0
Impressionism,Impressionism,Impressionism__eugene-boudin_the-port-ships-at-dock.jpg,Impressionism_Impressionism__eugene-boudin_the-port-ships-at-dock_to_Impressionism.png,0.46133757,0.0,0.7872875928878784,0.0
Impressionism,Minimalism,Impressionism__camille-pissarro_the-gardener-afternoon-sun-eragny-1899.jpg,Impressionism_Impressionism__camille-pissarro_the-gardener-afternoon-sun-eragny-1899_to_Minimalism.png,0.60811347,0.0,0.7647603750228882,0.0
Impressionism,Minimalism,Impressionism__edgar-degas_study-of-gentile-bellini-1855.jpg,Impressionism_Impressionism__edgar-degas_study-of-gentile-bellini-1855_to_Minimalism.png,0.3838397,0.0,0.8141353130340576,0.0
Impressionism,Minimalism,Impressionism__edgar-degas_ancer-with-red-stockings.jpg,Impressionism_Impressionism__edgar-degas_ancer-with-red-stockings_to_Minimalism.png,0.4998303,0.0,0.8208638429641724,0.0
Impressionism,Minimalism,Impressionism__eugene-boudin_the-port-ships-at-dock.jpg,Impressionism_Impressionism__eugene-boudin_the-port-ships-at-dock_to_Minimalism.png,0.5139216,0.0,0.763926088809967,0.0
Impressionism,Rococo,Impressionism__camille-pissarro_the-gardener-afternoon-sun-eragny-1899.jpg,Impressionism_Impressionism__camille-pissarro_the-gardener-afternoon-sun-eragny-1899_to_Rococo.png,0.54501486,0.0,0.6115607619285583,0.0
Impressionism,Rococo,Impressionism__edgar-degas_study-of-gentile-bellini-1855.jpg,Impressionism_Impressionism__edgar-degas_study-of-gentile-bellini-1855_to_Rococo.png,0.49697697,0.0,0.6501785516738892,0.0
Impressionism,Rococo,Impressionism__edgar-degas_ancer-with-red-stockings.jpg,Impressionism_Impressionism__edgar-degas_ancer-with-red-stockings_to_Rococo.png,0.4346319,0.0,0.6993340849876404,0.0
Impressionism,Rococo,Impressionism__eugene-boudin_the-port-ships-at-dock.jpg,Impressionism_Impressionism__eugene-boudin_the-port-ships-at-dock_to_Rococo.png,0.50437033,0.0,0.7330193519592285,0.0
Impressionism,Ukiyo_e,Impressionism__camille-pissarro_the-gardener-afternoon-sun-eragny-1899.jpg,Impressionism_Impressionism__camille-pissarro_the-gardener-afternoon-sun-eragny-1899_to_Ukiyo_e.png,0.50633645,0.0,0.647803783416748,0.0
Impressionism,Ukiyo_e,Impressionism__edgar-degas_study-of-gentile-bellini-1855.jpg,Impressionism_Impressionism__edgar-degas_study-of-gentile-bellini-1855_to_Ukiyo_e.png,0.3256194,0.0,0.6965547800064087,0.0
Impressionism,Ukiyo_e,Impressionism__edgar-degas_ancer-with-red-stockings.jpg,Impressionism_Impressionism__edgar-degas_ancer-with-red-stockings_to_Ukiyo_e.png,0.36238766,0.0,0.7635680437088013,0.0
Impressionism,Ukiyo_e,Impressionism__eugene-boudin_the-port-ships-at-dock.jpg,Impressionism_Impressionism__eugene-boudin_the-port-ships-at-dock_to_Ukiyo_e.png,0.39837778,0.0,0.6537474393844604,0.0
Impressionism,Early_Renaissance,Impressionism__claude-monet_palazzo-contarini-2.jpg,Impressionism_Impressionism__claude-monet_palazzo-contarini-2_to_Early_Renaissance.png,0.4728086,0.0,0.6971527338027954,0.0
Impressionism,Early_Renaissance,Impressionism__rudolf-schweitzer-cumpana_str-du-n-atena.jpg,Impressionism_Impressionism__rudolf-schweitzer-cumpana_str-du-n-atena_to_Early_Renaissance.png,0.47687012,0.0,0.685445249080658,0.0
Impressionism,Early_Renaissance,Impressionism__winston-churchill_distant-view-of-the-pyramids-1921-1(1).jpg,Impressionism_Impressionism__winston-churchill_distant-view-of-the-pyramids-1921-1(1)_to_Early_Renaissance.png,0.41193205,0.0,0.7478482723236084,0.0
Impressionism,Early_Renaissance,Impressionism__mihaly-munkacsy_dusty-country-road-ii-1883.jpg,Impressionism_Impressionism__mihaly-munkacsy_dusty-country-road-ii-1883_to_Early_Renaissance.png,0.43949488,0.0,0.7168533205986023,0.0
Impressionism,Impressionism,Impressionism__claude-monet_palazzo-contarini-2.jpg,Impressionism_Impressionism__claude-monet_palazzo-contarini-2_to_Impressionism.png,0.46417344,0.0,0.8160651922225952,0.0
Impressionism,Impressionism,Impressionism__rudolf-schweitzer-cumpana_str-du-n-atena.jpg,Impressionism_Impressionism__rudolf-schweitzer-cumpana_str-du-n-atena_to_Impressionism.png,0.46271214,0.0,0.8695213794708252,0.0
Impressionism,Impressionism,Impressionism__winston-churchill_distant-view-of-the-pyramids-1921-1(1).jpg,Impressionism_Impressionism__winston-churchill_distant-view-of-the-pyramids-1921-1(1)_to_Impressionism.png,0.41281915,0.0,0.8742799162864685,0.0
Impressionism,Impressionism,Impressionism__mihaly-munkacsy_dusty-country-road-ii-1883.jpg,Impressionism_Impressionism__mihaly-munkacsy_dusty-country-road-ii-1883_to_Impressionism.png,0.4425969,0.0,0.8791148662567139,0.0
Impressionism,Minimalism,Impressionism__claude-monet_palazzo-contarini-2.jpg,Impressionism_Impressionism__claude-monet_palazzo-contarini-2_to_Minimalism.png,0.52979344,0.0,0.8174360990524292,0.0
Impressionism,Minimalism,Impressionism__rudolf-schweitzer-cumpana_str-du-n-atena.jpg,Impressionism_Impressionism__rudolf-schweitzer-cumpana_str-du-n-atena_to_Minimalism.png,0.5639161,0.0,0.8642709255218506,0.0
Impressionism,Minimalism,Impressionism__winston-churchill_distant-view-of-the-pyramids-1921-1(1).jpg,Impressionism_Impressionism__winston-churchill_distant-view-of-the-pyramids-1921-1(1)_to_Minimalism.png,0.5217455,0.0,0.8783393502235413,0.0
Impressionism,Minimalism,Impressionism__mihaly-munkacsy_dusty-country-road-ii-1883.jpg,Impressionism_Impressionism__mihaly-munkacsy_dusty-country-road-ii-1883_to_Minimalism.png,0.5464922,0.0,0.8722231984138489,0.0
Impressionism,Rococo,Impressionism__claude-monet_palazzo-contarini-2.jpg,Impressionism_Impressionism__claude-monet_palazzo-contarini-2_to_Rococo.png,0.49162722,0.0,0.6356081962585449,0.0
Impressionism,Rococo,Impressionism__rudolf-schweitzer-cumpana_str-du-n-atena.jpg,Impressionism_Impressionism__rudolf-schweitzer-cumpana_str-du-n-atena_to_Rococo.png,0.4971863,0.0,0.6716570258140564,0.0
Impressionism,Rococo,Impressionism__winston-churchill_distant-view-of-the-pyramids-1921-1(1).jpg,Impressionism_Impressionism__winston-churchill_distant-view-of-the-pyramids-1921-1(1)_to_Rococo.png,0.4328165,0.0,0.697809636592865,0.0
Impressionism,Rococo,Impressionism__mihaly-munkacsy_dusty-country-road-ii-1883.jpg,Impressionism_Impressionism__mihaly-munkacsy_dusty-country-road-ii-1883_to_Rococo.png,0.4511848,0.0,0.6970024108886719,0.0
Impressionism,Ukiyo_e,Impressionism__claude-monet_palazzo-contarini-2.jpg,Impressionism_Impressionism__claude-monet_palazzo-contarini-2_to_Ukiyo_e.png,0.44177204,0.0,0.6848840713500977,0.0
Impressionism,Ukiyo_e,Impressionism__rudolf-schweitzer-cumpana_str-du-n-atena.jpg,Impressionism_Impressionism__rudolf-schweitzer-cumpana_str-du-n-atena_to_Ukiyo_e.png,0.44398838,0.0,0.6913321614265442,0.0
Impressionism,Ukiyo_e,Impressionism__winston-churchill_distant-view-of-the-pyramids-1921-1(1).jpg,Impressionism_Impressionism__winston-churchill_distant-view-of-the-pyramids-1921-1(1)_to_Ukiyo_e.png,0.4097314,0.0,0.7405074834823608,0.0
Impressionism,Ukiyo_e,Impressionism__mihaly-munkacsy_dusty-country-road-ii-1883.jpg,Impressionism_Impressionism__mihaly-munkacsy_dusty-country-road-ii-1883_to_Ukiyo_e.png,0.43245482,0.0,0.7222233414649963,0.0
Impressionism,Early_Renaissance,Impressionism__eugene-boudin_trouville-the-fish-market-1884.jpg,Impressionism_Impressionism__eugene-boudin_trouville-the-fish-market-1884_to_Early_Renaissance.png,0.44755796,0.0,0.6539944410324097,0.0
Impressionism,Early_Renaissance,Impressionism__william-merritt-chase_at-the-boat-landing.jpg,Impressionism_Impressionism__william-merritt-chase_at-the-boat-landing_to_Early_Renaissance.png,0.4512727,0.0,0.6289304494857788,0.0
Impressionism,Early_Renaissance,Impressionism__alfred-sisley_the-banks-of-the-oise-1878.jpg,Impressionism_Impressionism__alfred-sisley_the-banks-of-the-oise-1878_to_Early_Renaissance.png,0.532205,0.0,0.6624312400817871,0.0
Impressionism,Early_Renaissance,Impressionism__edouard-manet_tarring-the-boat-1873.jpg,Impressionism_Impressionism__edouard-manet_tarring-the-boat-1873_to_Early_Renaissance.png,0.4237296,0.0,0.7161641120910645,0.0
Impressionism,Impressionism,Impressionism__eugene-boudin_trouville-the-fish-market-1884.jpg,Impressionism_Impressionism__eugene-boudin_trouville-the-fish-market-1884_to_Impressionism.png,0.46218246,0.0,0.8104934692382812,0.0
Impressionism,Impressionism,Impressionism__william-merritt-chase_at-the-boat-landing.jpg,Impressionism_Impressionism__william-merritt-chase_at-the-boat-landing_to_Impressionism.png,0.42884696,0.0,0.8777657747268677,0.0
Impressionism,Impressionism,Impressionism__alfred-sisley_the-banks-of-the-oise-1878.jpg,Impressionism_Impressionism__alfred-sisley_the-banks-of-the-oise-1878_to_Impressionism.png,0.5088672,0.0,0.8793195486068726,0.0
Impressionism,Impressionism,Impressionism__edouard-manet_tarring-the-boat-1873.jpg,Impressionism_Impressionism__edouard-manet_tarring-the-boat-1873_to_Impressionism.png,0.4265879,0.0,0.8181201219558716,0.0
Impressionism,Minimalism,Impressionism__eugene-boudin_trouville-the-fish-market-1884.jpg,Impressionism_Impressionism__eugene-boudin_trouville-the-fish-market-1884_to_Minimalism.png,0.5553527,0.0,0.7261183261871338,0.0
Impressionism,Minimalism,Impressionism__william-merritt-chase_at-the-boat-landing.jpg,Impressionism_Impressionism__william-merritt-chase_at-the-boat-landing_to_Minimalism.png,0.50148606,0.0,0.7972451448440552,0.0
Impressionism,Minimalism,Impressionism__alfred-sisley_the-banks-of-the-oise-1878.jpg,Impressionism_Impressionism__alfred-sisley_the-banks-of-the-oise-1878_to_Minimalism.png,0.537343,0.0,0.8035193085670471,0.0
Impressionism,Minimalism,Impressionism__edouard-manet_tarring-the-boat-1873.jpg,Impressionism_Impressionism__edouard-manet_tarring-the-boat-1873_to_Minimalism.png,0.5343099,0.0,0.8192179799079895,0.0
Impressionism,Rococo,Impressionism__eugene-boudin_trouville-the-fish-market-1884.jpg,Impressionism_Impressionism__eugene-boudin_trouville-the-fish-market-1884_to_Rococo.png,0.47442815,0.0,0.7116053700447083,0.0
Impressionism,Rococo,Impressionism__william-merritt-chase_at-the-boat-landing.jpg,Impressionism_Impressionism__william-merritt-chase_at-the-boat-landing_to_Rococo.png,0.4659707,0.0,0.6630597710609436,0.0
Impressionism,Rococo,Impressionism__alfred-sisley_the-banks-of-the-oise-1878.jpg,Impressionism_Impressionism__alfred-sisley_the-banks-of-the-oise-1878_to_Rococo.png,0.5457743,0.0,0.6698841452598572,0.0
Impressionism,Rococo,Impressionism__edouard-manet_tarring-the-boat-1873.jpg,Impressionism_Impressionism__edouard-manet_tarring-the-boat-1873_to_Rococo.png,0.445032,0.0,0.6934971213340759,0.0
Impressionism,Ukiyo_e,Impressionism__eugene-boudin_trouville-the-fish-market-1884.jpg,Impressionism_Impressionism__eugene-boudin_trouville-the-fish-market-1884_to_Ukiyo_e.png,0.44536102,0.0,0.613347589969635,0.0
Impressionism,Ukiyo_e,Impressionism__william-merritt-chase_at-the-boat-landing.jpg,Impressionism_Impressionism__william-merritt-chase_at-the-boat-landing_to_Ukiyo_e.png,0.4074386,0.0,0.6632388830184937,0.0
Impressionism,Ukiyo_e,Impressionism__alfred-sisley_the-banks-of-the-oise-1878.jpg,Impressionism_Impressionism__alfred-sisley_the-banks-of-the-oise-1878_to_Ukiyo_e.png,0.46806085,0.0,0.6679784059524536,0.0
Impressionism,Ukiyo_e,Impressionism__edouard-manet_tarring-the-boat-1873.jpg,Impressionism_Impressionism__edouard-manet_tarring-the-boat-1873_to_Ukiyo_e.png,0.41372603,0.0,0.7285608649253845,0.0
Impressionism,Early_Renaissance,Impressionism__joaquã­n-sorolla_study-of-vineyard.jpg,Impressionism_Impressionism__joaquã­n-sorolla_study-of-vineyard_to_Early_Renaissance.png,0.5357786,0.0,0.665115475654602,0.0
Impressionism,Early_Renaissance,Impressionism__antoine-blanchard_place-de-la-madeleine-hiver.jpg,Impressionism_Impressionism__antoine-blanchard_place-de-la-madeleine-hiver_to_Early_Renaissance.png,0.45620745,0.0,0.6116952300071716,0.0
Impressionism,Early_Renaissance,Impressionism__henri-matisse_brittany-also-known-as-boat-1896.jpg,Impressionism_Impressionism__henri-matisse_brittany-also-known-as-boat-1896_to_Early_Renaissance.png,0.47004467,0.0,0.705187201499939,0.0
Impressionism,Early_Renaissance,Impressionism__william-merritt-chase_gray-day-on-the-lagoon-a-passenger-boat-venice.jpg,Impressionism_Impressionism__william-merritt-chase_gray-day-on-the-lagoon-a-passenger-boat-venice_to_Early_Renaissance.png,0.4583073,0.0,0.6342657804489136,0.0
Impressionism,Impressionism,Impressionism__joaquã­n-sorolla_study-of-vineyard.jpg,Impressionism_Impressionism__joaquã­n-sorolla_study-of-vineyard_to_Impressionism.png,0.54071766,0.0,0.8100883960723877,0.0
Impressionism,Impressionism,Impressionism__antoine-blanchard_place-de-la-madeleine-hiver.jpg,Impressionism_Impressionism__antoine-blanchard_place-de-la-madeleine-hiver_to_Impressionism.png,0.44883934,0.0,0.8068792819976807,0.0
Impressionism,Impressionism,Impressionism__henri-matisse_brittany-also-known-as-boat-1896.jpg,Impressionism_Impressionism__henri-matisse_brittany-also-known-as-boat-1896_to_Impressionism.png,0.45305765,0.0,0.8757786750793457,0.0
Impressionism,Impressionism,Impressionism__william-merritt-chase_gray-day-on-the-lagoon-a-passenger-boat-venice.jpg,Impressionism_Impressionism__william-merritt-chase_gray-day-on-the-lagoon-a-passenger-boat-venice_to_Impressionism.png,0.44511396,0.0,0.8359407186508179,0.0
Impressionism,Minimalism,Impressionism__joaquã­n-sorolla_study-of-vineyard.jpg,Impressionism_Impressionism__joaquã­n-sorolla_study-of-vineyard_to_Minimalism.png,0.5916493,0.0,0.8976795673370361,0.0
Impressionism,Minimalism,Impressionism__antoine-blanchard_place-de-la-madeleine-hiver.jpg,Impressionism_Impressionism__antoine-blanchard_place-de-la-madeleine-hiver_to_Minimalism.png,0.5431291,0.0,0.7249847650527954,0.0
Impressionism,Minimalism,Impressionism__henri-matisse_brittany-also-known-as-boat-1896.jpg,Impressionism_Impressionism__henri-matisse_brittany-also-known-as-boat-1896_to_Minimalism.png,0.5417466,0.0,0.8936691284179688,0.0
Impressionism,Minimalism,Impressionism__william-merritt-chase_gray-day-on-the-lagoon-a-passenger-boat-venice.jpg,Impressionism_Impressionism__william-merritt-chase_gray-day-on-the-lagoon-a-passenger-boat-venice_to_Minimalism.png,0.5381015,0.0,0.7687603235244751,0.0
Impressionism,Rococo,Impressionism__joaquã­n-sorolla_study-of-vineyard.jpg,Impressionism_Impressionism__joaquã­n-sorolla_study-of-vineyard_to_Rococo.png,0.5628062,0.0,0.6369370818138123,0.0
Impressionism,Rococo,Impressionism__antoine-blanchard_place-de-la-madeleine-hiver.jpg,Impressionism_Impressionism__antoine-blanchard_place-de-la-madeleine-hiver_to_Rococo.png,0.48127735,0.0,0.6791759729385376,0.0
Impressionism,Rococo,Impressionism__henri-matisse_brittany-also-known-as-boat-1896.jpg,Impressionism_Impressionism__henri-matisse_brittany-also-known-as-boat-1896_to_Rococo.png,0.49673808,0.0,0.6707105040550232,0.0
Impressionism,Rococo,Impressionism__william-merritt-chase_gray-day-on-the-lagoon-a-passenger-boat-venice.jpg,Impressionism_Impressionism__william-merritt-chase_gray-day-on-the-lagoon-a-passenger-boat-venice_to_Rococo.png,0.4807238,0.0,0.6483941078186035,0.0
Impressionism,Ukiyo_e,Impressionism__joaquã­n-sorolla_study-of-vineyard.jpg,Impressionism_Impressionism__joaquã­n-sorolla_study-of-vineyard_to_Ukiyo_e.png,0.5057027,0.0,0.7198778390884399,0.0
Impressionism,Ukiyo_e,Impressionism__antoine-blanchard_place-de-la-madeleine-hiver.jpg,Impressionism_Impressionism__antoine-blanchard_place-de-la-madeleine-hiver_to_Ukiyo_e.png,0.42408383,0.0,0.5919008255004883,0.0
Impressionism,Ukiyo_e,Impressionism__henri-matisse_brittany-also-known-as-boat-1896.jpg,Impressionism_Impressionism__henri-matisse_brittany-also-known-as-boat-1896_to_Ukiyo_e.png,0.4261532,0.0,0.7132922410964966,0.0
Impressionism,Ukiyo_e,Impressionism__william-merritt-chase_gray-day-on-the-lagoon-a-passenger-boat-venice.jpg,Impressionism_Impressionism__william-merritt-chase_gray-day-on-the-lagoon-a-passenger-boat-venice_to_Ukiyo_e.png,0.42053494,0.0,0.6418688297271729,0.0
Impressionism,Early_Renaissance,Impressionism__augustus-john_proven-al-landscape.jpg,Impressionism_Impressionism__augustus-john_proven-al-landscape_to_Early_Renaissance.png,0.46362856,0.0,0.6947073936462402,0.0
Impressionism,Early_Renaissance,Impressionism__pierre-auguste-renoir_still-life-with-apples-and-pomegranates-1901.jpg,Impressionism_Impressionism__pierre-auguste-renoir_still-life-with-apples-and-pomegranates-1901_to_Early_Renaissance.png,0.42440853,0.0,0.6663256883621216,0.0
Impressionism,Early_Renaissance,Impressionism__childe-hassam_september-moonrise.jpg,Impressionism_Impressionism__childe-hassam_september-moonrise_to_Early_Renaissance.png,0.46726197,0.0,0.6710386276245117,0.0
Impressionism,Early_Renaissance,Impressionism__claude-monet_bordighera-the-house-of-gardener.jpg,Impressionism_Impressionism__claude-monet_bordighera-the-house-of-gardener_to_Early_Renaissance.png,0.5163786,0.0,0.7149782180786133,0.0
Impressionism,Impressionism,Impressionism__augustus-john_proven-al-landscape.jpg,Impressionism_Impressionism__augustus-john_proven-al-landscape_to_Impressionism.png,0.45250636,0.0,0.829319953918457,0.0
Impressionism,Impressionism,Impressionism__pierre-auguste-renoir_still-life-with-apples-and-pomegranates-1901.jpg,Impressionism_Impressionism__pierre-auguste-renoir_still-life-with-apples-and-pomegranates-1901_to_Impressionism.png,0.40557373,0.0,0.7911285161972046,0.0
Impressionism,Impressionism,Impressionism__childe-hassam_september-moonrise.jpg,Impressionism_Impressionism__childe-hassam_september-moonrise_to_Impressionism.png,0.44126478,0.0,0.8133489489555359,0.0
Impressionism,Impressionism,Impressionism__claude-monet_bordighera-the-house-of-gardener.jpg,Impressionism_Impressionism__claude-monet_bordighera-the-house-of-gardener_to_Impressionism.png,0.5124867,0.0,0.8916372060775757,0.0
Impressionism,Minimalism,Impressionism__augustus-john_proven-al-landscape.jpg,Impressionism_Impressionism__augustus-john_proven-al-landscape_to_Minimalism.png,0.53376997,0.0,0.8119759559631348,0.0
Impressionism,Minimalism,Impressionism__pierre-auguste-renoir_still-life-with-apples-and-pomegranates-1901.jpg,Impressionism_Impressionism__pierre-auguste-renoir_still-life-with-apples-and-pomegranates-1901_to_Minimalism.png,0.47848225,0.0,0.835110068321228,0.0
Impressionism,Minimalism,Impressionism__childe-hassam_september-moonrise.jpg,Impressionism_Impressionism__childe-hassam_september-moonrise_to_Minimalism.png,0.46341413,0.0,0.8765285611152649,0.0
Impressionism,Minimalism,Impressionism__claude-monet_bordighera-the-house-of-gardener.jpg,Impressionism_Impressionism__claude-monet_bordighera-the-house-of-gardener_to_Minimalism.png,0.62320447,0.0,0.8195398449897766,0.0
Impressionism,Rococo,Impressionism__augustus-john_proven-al-landscape.jpg,Impressionism_Impressionism__augustus-john_proven-al-landscape_to_Rococo.png,0.47314388,0.0,0.7021073698997498,0.0
Impressionism,Rococo,Impressionism__pierre-auguste-renoir_still-life-with-apples-and-pomegranates-1901.jpg,Impressionism_Impressionism__pierre-auguste-renoir_still-life-with-apples-and-pomegranates-1901_to_Rococo.png,0.45150748,0.0,0.6184689998626709,0.0
Impressionism,Rococo,Impressionism__childe-hassam_september-moonrise.jpg,Impressionism_Impressionism__childe-hassam_september-moonrise_to_Rococo.png,0.4745344,0.0,0.6522414684295654,0.0
Impressionism,Rococo,Impressionism__claude-monet_bordighera-the-house-of-gardener.jpg,Impressionism_Impressionism__claude-monet_bordighera-the-house-of-gardener_to_Rococo.png,0.54000574,0.0,0.6985279321670532,0.0
Impressionism,Ukiyo_e,Impressionism__augustus-john_proven-al-landscape.jpg,Impressionism_Impressionism__augustus-john_proven-al-landscape_to_Ukiyo_e.png,0.43560266,0.0,0.6818546056747437,0.0
Impressionism,Ukiyo_e,Impressionism__pierre-auguste-renoir_still-life-with-apples-and-pomegranates-1901.jpg,Impressionism_Impressionism__pierre-auguste-renoir_still-life-with-apples-and-pomegranates-1901_to_Ukiyo_e.png,0.38695043,0.0,0.6727522015571594,0.0
Impressionism,Ukiyo_e,Impressionism__childe-hassam_september-moonrise.jpg,Impressionism_Impressionism__childe-hassam_september-moonrise_to_Ukiyo_e.png,0.38721192,0.0,0.7120646238327026,0.0
Impressionism,Ukiyo_e,Impressionism__claude-monet_bordighera-the-house-of-gardener.jpg,Impressionism_Impressionism__claude-monet_bordighera-the-house-of-gardener_to_Ukiyo_e.png,0.5164827,0.0,0.6935369968414307,0.0
Impressionism,Early_Renaissance,Impressionism__nikolay-bogdanov-belsky_connoisseurs-of-books-knowledge-is-power.jpg,Impressionism_Impressionism__nikolay-bogdanov-belsky_connoisseurs-of-books-knowledge-is-power_to_Early_Renaissance.png,0.46669412,0.0,0.5716690421104431,0.0
Impressionism,Early_Renaissance,Impressionism__alfred-sisley_riverbank-at-veneux-1881.jpg,Impressionism_Impressionism__alfred-sisley_riverbank-at-veneux-1881_to_Early_Renaissance.png,0.4014673,0.0,0.6796002388000488,0.0
Impressionism,Early_Renaissance,Impressionism__armand-guillaumin_valley-in-pontgibaud-1890.jpg,Impressionism_Impressionism__armand-guillaumin_valley-in-pontgibaud-1890_to_Early_Renaissance.png,0.47765738,0.0,0.6725935339927673,0.0
Impressionism,Early_Renaissance,Impressionism__konstantin-korovin_arctic-ocean-1913.jpg,Impressionism_Impressionism__konstantin-korovin_arctic-ocean-1913_to_Early_Renaissance.png,0.42464238,0.0,0.6608390212059021,0.0
Impressionism,Impressionism,Impressionism__nikolay-bogdanov-belsky_connoisseurs-of-books-knowledge-is-power.jpg,Impressionism_Impressionism__nikolay-bogdanov-belsky_connoisseurs-of-books-knowledge-is-power_to_Impressionism.png,0.47323626,0.0,0.5976406931877136,0.0
Impressionism,Impressionism,Impressionism__alfred-sisley_riverbank-at-veneux-1881.jpg,Impressionism_Impressionism__alfred-sisley_riverbank-at-veneux-1881_to_Impressionism.png,0.38984197,0.0,0.7889642715454102,0.0
Impressionism,Impressionism,Impressionism__armand-guillaumin_valley-in-pontgibaud-1890.jpg,Impressionism_Impressionism__armand-guillaumin_valley-in-pontgibaud-1890_to_Impressionism.png,0.4726928,0.0,0.8718472123146057,0.0
Impressionism,Impressionism,Impressionism__konstantin-korovin_arctic-ocean-1913.jpg,Impressionism_Impressionism__konstantin-korovin_arctic-ocean-1913_to_Impressionism.png,0.40718496,0.0,0.8638588786125183,0.0
Impressionism,Minimalism,Impressionism__nikolay-bogdanov-belsky_connoisseurs-of-books-knowledge-is-power.jpg,Impressionism_Impressionism__nikolay-bogdanov-belsky_connoisseurs-of-books-knowledge-is-power_to_Minimalism.png,0.5434599,0.0,0.7038876414299011,0.0
Impressionism,Minimalism,Impressionism__alfred-sisley_riverbank-at-veneux-1881.jpg,Impressionism_Impressionism__alfred-sisley_riverbank-at-veneux-1881_to_Minimalism.png,0.53501725,0.0,0.8243691325187683,0.0
Impressionism,Minimalism,Impressionism__armand-guillaumin_valley-in-pontgibaud-1890.jpg,Impressionism_Impressionism__armand-guillaumin_valley-in-pontgibaud-1890_to_Minimalism.png,0.55101097,0.0,0.8268035650253296,0.0
Impressionism,Minimalism,Impressionism__konstantin-korovin_arctic-ocean-1913.jpg,Impressionism_Impressionism__konstantin-korovin_arctic-ocean-1913_to_Minimalism.png,0.5246114,0.0,0.8478440046310425,0.0
Impressionism,Rococo,Impressionism__nikolay-bogdanov-belsky_connoisseurs-of-books-knowledge-is-power.jpg,Impressionism_Impressionism__nikolay-bogdanov-belsky_connoisseurs-of-books-knowledge-is-power_to_Rococo.png,0.50224805,0.0,0.6010313034057617,0.0
Impressionism,Rococo,Impressionism__alfred-sisley_riverbank-at-veneux-1881.jpg,Impressionism_Impressionism__alfred-sisley_riverbank-at-veneux-1881_to_Rococo.png,0.43439043,0.0,0.6454439163208008,0.0
Impressionism,Rococo,Impressionism__armand-guillaumin_valley-in-pontgibaud-1890.jpg,Impressionism_Impressionism__armand-guillaumin_valley-in-pontgibaud-1890_to_Rococo.png,0.49650407,0.0,0.6878572106361389,0.0
Impressionism,Rococo,Impressionism__konstantin-korovin_arctic-ocean-1913.jpg,Impressionism_Impressionism__konstantin-korovin_arctic-ocean-1913_to_Rococo.png,0.4462158,0.0,0.6518058776855469,0.0
Impressionism,Ukiyo_e,Impressionism__nikolay-bogdanov-belsky_connoisseurs-of-books-knowledge-is-power.jpg,Impressionism_Impressionism__nikolay-bogdanov-belsky_connoisseurs-of-books-knowledge-is-power_to_Ukiyo_e.png,0.46173418,0.0,0.6716556549072266,0.0
Impressionism,Ukiyo_e,Impressionism__alfred-sisley_riverbank-at-veneux-1881.jpg,Impressionism_Impressionism__alfred-sisley_riverbank-at-veneux-1881_to_Ukiyo_e.png,0.39740822,0.0,0.715880811214447,0.0
Impressionism,Ukiyo_e,Impressionism__armand-guillaumin_valley-in-pontgibaud-1890.jpg,Impressionism_Impressionism__armand-guillaumin_valley-in-pontgibaud-1890_to_Ukiyo_e.png,0.45949677,0.0,0.7051488161087036,0.0
Impressionism,Ukiyo_e,Impressionism__konstantin-korovin_arctic-ocean-1913.jpg,Impressionism_Impressionism__konstantin-korovin_arctic-ocean-1913_to_Ukiyo_e.png,0.38995588,0.0,0.6996034383773804,0.0
Minimalism,Early_Renaissance,Minimalism__robert-mangold_untitled-fcpa-1995.jpg,Minimalism_Minimalism__robert-mangold_untitled-fcpa-1995_to_Early_Renaissance.png,0.3293431,0.0,0.6748985648155212,0.0
Minimalism,Early_Renaissance,Minimalism__judy-chicago_morning-fan-1971.jpg,Minimalism_Minimalism__judy-chicago_morning-fan-1971_to_Early_Renaissance.png,0.33910364,0.0,0.6098734140396118,0.0
Minimalism,Early_Renaissance,Minimalism__joan-hernandez-pijuan_nuvol-rosa-2-1990.jpg,Minimalism_Minimalism__joan-hernandez-pijuan_nuvol-rosa-2-1990_to_Early_Renaissance.png,0.34978163,0.0,0.6685326099395752,0.0
Minimalism,Early_Renaissance,Minimalism__tony-smith_die-1968.jpg,Minimalism_Minimalism__tony-smith_die-1968_to_Early_Renaissance.png,0.420434,0.0,0.6397034525871277,0.0
Minimalism,Impressionism,Minimalism__robert-mangold_untitled-fcpa-1995.jpg,Minimalism_Minimalism__robert-mangold_untitled-fcpa-1995_to_Impressionism.png,0.3018903,0.0,0.6808265447616577,0.0
Minimalism,Impressionism,Minimalism__judy-chicago_morning-fan-1971.jpg,Minimalism_Minimalism__judy-chicago_morning-fan-1971_to_Impressionism.png,0.31603807,0.0,0.6604167819023132,0.0
Minimalism,Impressionism,Minimalism__joan-hernandez-pijuan_nuvol-rosa-2-1990.jpg,Minimalism_Minimalism__joan-hernandez-pijuan_nuvol-rosa-2-1990_to_Impressionism.png,0.3250537,0.0,0.7213172912597656,0.0
Minimalism,Impressionism,Minimalism__tony-smith_die-1968.jpg,Minimalism_Minimalism__tony-smith_die-1968_to_Impressionism.png,0.43112737,0.0,0.6547302603721619,0.0
Minimalism,Minimalism,Minimalism__robert-mangold_untitled-fcpa-1995.jpg,Minimalism_Minimalism__robert-mangold_untitled-fcpa-1995_to_Minimalism.png,0.22055095,0.0,0.894869327545166,0.0
Minimalism,Minimalism,Minimalism__judy-chicago_morning-fan-1971.jpg,Minimalism_Minimalism__judy-chicago_morning-fan-1971_to_Minimalism.png,0.3329668,0.0,0.8984067440032959,0.0
Minimalism,Minimalism,Minimalism__joan-hernandez-pijuan_nuvol-rosa-2-1990.jpg,Minimalism_Minimalism__joan-hernandez-pijuan_nuvol-rosa-2-1990_to_Minimalism.png,0.41473776,0.0,0.9220839738845825,0.0
Minimalism,Minimalism,Minimalism__tony-smith_die-1968.jpg,Minimalism_Minimalism__tony-smith_die-1968_to_Minimalism.png,0.4442219,0.0,0.8705613017082214,0.0
Minimalism,Rococo,Minimalism__robert-mangold_untitled-fcpa-1995.jpg,Minimalism_Minimalism__robert-mangold_untitled-fcpa-1995_to_Rococo.png,0.34853968,0.0,0.5838949680328369,0.0
Minimalism,Rococo,Minimalism__judy-chicago_morning-fan-1971.jpg,Minimalism_Minimalism__judy-chicago_morning-fan-1971_to_Rococo.png,0.3425023,0.0,0.5902488827705383,0.0
Minimalism,Rococo,Minimalism__joan-hernandez-pijuan_nuvol-rosa-2-1990.jpg,Minimalism_Minimalism__joan-hernandez-pijuan_nuvol-rosa-2-1990_to_Rococo.png,0.3507094,0.0,0.6310713887214661,0.0
Minimalism,Rococo,Minimalism__tony-smith_die-1968.jpg,Minimalism_Minimalism__tony-smith_die-1968_to_Rococo.png,0.44392228,0.0,0.6148186922073364,0.0
Minimalism,Ukiyo_e,Minimalism__robert-mangold_untitled-fcpa-1995.jpg,Minimalism_Minimalism__robert-mangold_untitled-fcpa-1995_to_Ukiyo_e.png,0.217132,0.0,0.6833679676055908,0.0
Minimalism,Ukiyo_e,Minimalism__judy-chicago_morning-fan-1971.jpg,Minimalism_Minimalism__judy-chicago_morning-fan-1971_to_Ukiyo_e.png,0.27060315,0.0,0.6590744853019714,0.0
Minimalism,Ukiyo_e,Minimalism__joan-hernandez-pijuan_nuvol-rosa-2-1990.jpg,Minimalism_Minimalism__joan-hernandez-pijuan_nuvol-rosa-2-1990_to_Ukiyo_e.png,0.31475332,0.0,0.6854636073112488,0.0
Minimalism,Ukiyo_e,Minimalism__tony-smith_die-1968.jpg,Minimalism_Minimalism__tony-smith_die-1968_to_Ukiyo_e.png,0.4003711,0.0,0.6114744544029236,0.0
Minimalism,Early_Renaissance,Minimalism__robert-ryman_surface-veil-1970.jpg,Minimalism_Minimalism__robert-ryman_surface-veil-1970_to_Early_Renaissance.png,0.40685272,0.0,0.6241906881332397,0.0
Minimalism,Early_Renaissance,Minimalism__eva-hesse_expanded-expansion-1969.jpg,Minimalism_Minimalism__eva-hesse_expanded-expansion-1969_to_Early_Renaissance.png,0.39441502,0.0,0.6576060652732849,0.0
Minimalism,Early_Renaissance,Minimalism__ellsworth-kelly_diagonal-1951.jpg,Minimalism_Minimalism__ellsworth-kelly_diagonal-1951_to_Early_Renaissance.png,0.38606718,0.0,0.6849427223205566,0.0
Minimalism,Early_Renaissance,Minimalism__john-mclaughlin_number-13-1973.jpg,Minimalism_Minimalism__john-mclaughlin_number-13-1973_to_Early_Renaissance.png,0.5463211,0.0,0.6385789513587952,0.0
Minimalism,Impressionism,Minimalism__robert-ryman_surface-veil-1970.jpg,Minimalism_Minimalism__robert-ryman_surface-veil-1970_to_Impressionism.png,0.37563112,0.0,0.6520700454711914,0.0
Minimalism,Impressionism,Minimalism__eva-hesse_expanded-expansion-1969.jpg,Minimalism_Minimalism__eva-hesse_expanded-expansion-1969_to_Impressionism.png,0.35984075,0.0,0.6839938163757324,0.0
Minimalism,Impressionism,Minimalism__ellsworth-kelly_diagonal-1951.jpg,Minimalism_Minimalism__ellsworth-kelly_diagonal-1951_to_Impressionism.png,0.35987216,0.0,0.6780236959457397,0.0
Minimalism,Impressionism,Minimalism__john-mclaughlin_number-13-1973.jpg,Minimalism_Minimalism__john-mclaughlin_number-13-1973_to_Impressionism.png,0.59021807,0.0,0.6866695284843445,0.0
Minimalism,Minimalism,Minimalism__robert-ryman_surface-veil-1970.jpg,Minimalism_Minimalism__robert-ryman_surface-veil-1970_to_Minimalism.png,0.33071616,0.0,0.911963164806366,0.0
Minimalism,Minimalism,Minimalism__eva-hesse_expanded-expansion-1969.jpg,Minimalism_Minimalism__eva-hesse_expanded-expansion-1969_to_Minimalism.png,0.34833854,0.0,0.8855141401290894,0.0
Minimalism,Minimalism,Minimalism__ellsworth-kelly_diagonal-1951.jpg,Minimalism_Minimalism__ellsworth-kelly_diagonal-1951_to_Minimalism.png,0.27416107,0.0,0.7851507663726807,0.0
Minimalism,Minimalism,Minimalism__john-mclaughlin_number-13-1973.jpg,Minimalism_Minimalism__john-mclaughlin_number-13-1973_to_Minimalism.png,0.64501035,0.0,0.8193373680114746,0.0
Minimalism,Rococo,Minimalism__robert-ryman_surface-veil-1970.jpg,Minimalism_Minimalism__robert-ryman_surface-veil-1970_to_Rococo.png,0.43011373,0.0,0.5756803750991821,0.0
Minimalism,Rococo,Minimalism__eva-hesse_expanded-expansion-1969.jpg,Minimalism_Minimalism__eva-hesse_expanded-expansion-1969_to_Rococo.png,0.4043514,0.0,0.5627474784851074,0.0
Minimalism,Rococo,Minimalism__ellsworth-kelly_diagonal-1951.jpg,Minimalism_Minimalism__ellsworth-kelly_diagonal-1951_to_Rococo.png,0.4365622,0.0,0.6223126649856567,0.0
Minimalism,Rococo,Minimalism__john-mclaughlin_number-13-1973.jpg,Minimalism_Minimalism__john-mclaughlin_number-13-1973_to_Rococo.png,0.53892124,0.0,0.6078845262527466,0.0
Minimalism,Ukiyo_e,Minimalism__robert-ryman_surface-veil-1970.jpg,Minimalism_Minimalism__robert-ryman_surface-veil-1970_to_Ukiyo_e.png,0.30385673,0.0,0.6513164043426514,0.0
Minimalism,Ukiyo_e,Minimalism__eva-hesse_expanded-expansion-1969.jpg,Minimalism_Minimalism__eva-hesse_expanded-expansion-1969_to_Ukiyo_e.png,0.295094,0.0,0.6702448129653931,0.0
Minimalism,Ukiyo_e,Minimalism__ellsworth-kelly_diagonal-1951.jpg,Minimalism_Minimalism__ellsworth-kelly_diagonal-1951_to_Ukiyo_e.png,0.26031828,0.0,0.6816272735595703,0.0
Minimalism,Ukiyo_e,Minimalism__john-mclaughlin_number-13-1973.jpg,Minimalism_Minimalism__john-mclaughlin_number-13-1973_to_Ukiyo_e.png,0.58384466,0.0,0.6399567723274231,0.0
Minimalism,Early_Renaissance,Minimalism__joan-hernandez-pijuan_untitled-120-1999.jpg,Minimalism_Minimalism__joan-hernandez-pijuan_untitled-120-1999_to_Early_Renaissance.png,0.2963882,0.0,0.6401327252388,0.0
Minimalism,Early_Renaissance,Minimalism__mira-schendel_untitled-1984.jpg,Minimalism_Minimalism__mira-schendel_untitled-1984_to_Early_Renaissance.png,0.47664136,0.0,0.652884304523468,0.0
Minimalism,Early_Renaissance,Minimalism__imi-knoebel_weiss-und-schwarz-4-2009.jpg,Minimalism_Minimalism__imi-knoebel_weiss-und-schwarz-4-2009_to_Early_Renaissance.png,0.3121303,0.0,0.6190680861473083,0.0
Minimalism,Early_Renaissance,Minimalism__sean-scully_untitled-1973.jpg,Minimalism_Minimalism__sean-scully_untitled-1973_to_Early_Renaissance.png,0.46698266,0.0,0.6429219841957092,0.0
Minimalism,Impressionism,Minimalism__joan-hernandez-pijuan_untitled-120-1999.jpg,Minimalism_Minimalism__joan-hernandez-pijuan_untitled-120-1999_to_Impressionism.png,0.28700864,0.0,0.6509554982185364,0.0
Minimalism,Impressionism,Minimalism__mira-schendel_untitled-1984.jpg,Minimalism_Minimalism__mira-schendel_untitled-1984_to_Impressionism.png,0.40903175,0.0,0.6517489552497864,0.0
Minimalism,Impressionism,Minimalism__imi-knoebel_weiss-und-schwarz-4-2009.jpg,Minimalism_Minimalism__imi-knoebel_weiss-und-schwarz-4-2009_to_Impressionism.png,0.28524303,0.0,0.6599159240722656,0.0
Minimalism,Impressionism,Minimalism__sean-scully_untitled-1973.jpg,Minimalism_Minimalism__sean-scully_untitled-1973_to_Impressionism.png,0.4349246,0.0,0.6913778185844421,0.0
Minimalism,Minimalism,Minimalism__joan-hernandez-pijuan_untitled-120-1999.jpg,Minimalism_Minimalism__joan-hernandez-pijuan_untitled-120-1999_to_Minimalism.png,0.3665982,0.0,0.8474974036216736,0.0
Minimalism,Minimalism,Minimalism__mira-schendel_untitled-1984.jpg,Minimalism_Minimalism__mira-schendel_untitled-1984_to_Minimalism.png,0.49577457,0.0,0.8228726387023926,0.0
Minimalism,Minimalism,Minimalism__imi-knoebel_weiss-und-schwarz-4-2009.jpg,Minimalism_Minimalism__imi-knoebel_weiss-und-schwarz-4-2009_to_Minimalism.png,0.31324717,0.0,0.8878067135810852,0.0
Minimalism,Minimalism,Minimalism__sean-scully_untitled-1973.jpg,Minimalism_Minimalism__sean-scully_untitled-1973_to_Minimalism.png,0.49351865,0.0,0.8808844089508057,0.0
Minimalism,Rococo,Minimalism__joan-hernandez-pijuan_untitled-120-1999.jpg,Minimalism_Minimalism__joan-hernandez-pijuan_untitled-120-1999_to_Rococo.png,0.33542925,0.0,0.6019361019134521,0.0
Minimalism,Rococo,Minimalism__mira-schendel_untitled-1984.jpg,Minimalism_Minimalism__mira-schendel_untitled-1984_to_Rococo.png,0.49408668,0.0,0.5380277037620544,0.0
Minimalism,Rococo,Minimalism__imi-knoebel_weiss-und-schwarz-4-2009.jpg,Minimalism_Minimalism__imi-knoebel_weiss-und-schwarz-4-2009_to_Rococo.png,0.33955225,0.0,0.5419238209724426,0.0
Minimalism,Rococo,Minimalism__sean-scully_untitled-1973.jpg,Minimalism_Minimalism__sean-scully_untitled-1973_to_Rococo.png,0.4906455,0.0,0.5919216871261597,0.0
Minimalism,Ukiyo_e,Minimalism__joan-hernandez-pijuan_untitled-120-1999.jpg,Minimalism_Minimalism__joan-hernandez-pijuan_untitled-120-1999_to_Ukiyo_e.png,0.2565443,0.0,0.6628506779670715,0.0
Minimalism,Ukiyo_e,Minimalism__mira-schendel_untitled-1984.jpg,Minimalism_Minimalism__mira-schendel_untitled-1984_to_Ukiyo_e.png,0.48282564,0.0,0.5968203544616699,0.0
Minimalism,Ukiyo_e,Minimalism__imi-knoebel_weiss-und-schwarz-4-2009.jpg,Minimalism_Minimalism__imi-knoebel_weiss-und-schwarz-4-2009_to_Ukiyo_e.png,0.2342295,0.0,0.6553987264633179,0.0
Minimalism,Ukiyo_e,Minimalism__sean-scully_untitled-1973.jpg,Minimalism_Minimalism__sean-scully_untitled-1973_to_Ukiyo_e.png,0.3685333,0.0,0.6763331890106201,0.0
Minimalism,Early_Renaissance,Minimalism__yves-klein_untitled-yellow-monochrome-1956.jpg,Minimalism_Minimalism__yves-klein_untitled-yellow-monochrome-1956_to_Early_Renaissance.png,0.42547837,0.0,0.675294041633606,0.0
Minimalism,Early_Renaissance,Minimalism__robert-ryman_conversion-2003.jpg,Minimalism_Minimalism__robert-ryman_conversion-2003_to_Early_Renaissance.png,0.43538833,0.0,0.6303670406341553,0.0
Minimalism,Early_Renaissance,Minimalism__pino-pinelli_pittura-r-1993.jpg,Minimalism_Minimalism__pino-pinelli_pittura-r-1993_to_Early_Renaissance.png,0.4567608,0.0,0.6207001805305481,0.0
Minimalism,Early_Renaissance,Minimalism__william-scott_bowl-white-on-grey-1962.jpg,Minimalism_Minimalism__william-scott_bowl-white-on-grey-1962_to_Early_Renaissance.png,0.4049907,0.0,0.6752036809921265,0.0
Minimalism,Impressionism,Minimalism__yves-klein_untitled-yellow-monochrome-1956.jpg,Minimalism_Minimalism__yves-klein_untitled-yellow-monochrome-1956_to_Impressionism.png,0.39083818,0.0,0.7471025586128235,0.0
Minimalism,Impressionism,Minimalism__robert-ryman_conversion-2003.jpg,Minimalism_Minimalism__robert-ryman_conversion-2003_to_Impressionism.png,0.38047972,0.0,0.644737184047699,0.0
Minimalism,Impressionism,Minimalism__pino-pinelli_pittura-r-1993.jpg,Minimalism_Minimalism__pino-pinelli_pittura-r-1993_to_Impressionism.png,0.40439054,0.0,0.6192477345466614,0.0
Minimalism,Impressionism,Minimalism__william-scott_bowl-white-on-grey-1962.jpg,Minimalism_Minimalism__william-scott_bowl-white-on-grey-1962_to_Impressionism.png,0.37546337,0.0,0.7125304937362671,0.0
Minimalism,Minimalism,Minimalism__yves-klein_untitled-yellow-monochrome-1956.jpg,Minimalism_Minimalism__yves-klein_untitled-yellow-monochrome-1956_to_Minimalism.png,0.482782,0.0,0.8517615795135498,0.0
Minimalism,Minimalism,Minimalism__robert-ryman_conversion-2003.jpg,Minimalism_Minimalism__robert-ryman_conversion-2003_to_Minimalism.png,0.33880866,0.0,0.8792281150817871,0.0
Minimalism,Minimalism,Minimalism__pino-pinelli_pittura-r-1993.jpg,Minimalism_Minimalism__pino-pinelli_pittura-r-1993_to_Minimalism.png,0.5531985,0.0,0.8903704881668091,0.0
Minimalism,Minimalism,Minimalism__william-scott_bowl-white-on-grey-1962.jpg,Minimalism_Minimalism__william-scott_bowl-white-on-grey-1962_to_Minimalism.png,0.45616013,0.0,0.9291427135467529,0.0
Minimalism,Rococo,Minimalism__yves-klein_untitled-yellow-monochrome-1956.jpg,Minimalism_Minimalism__yves-klein_untitled-yellow-monochrome-1956_to_Rococo.png,0.49415356,0.0,0.5981870293617249,0.0
Minimalism,Rococo,Minimalism__robert-ryman_conversion-2003.jpg,Minimalism_Minimalism__robert-ryman_conversion-2003_to_Rococo.png,0.50452876,0.0,0.5952066779136658,0.0
Minimalism,Rococo,Minimalism__pino-pinelli_pittura-r-1993.jpg,Minimalism_Minimalism__pino-pinelli_pittura-r-1993_to_Rococo.png,0.48989597,0.0,0.5717612504959106,0.0
Minimalism,Rococo,Minimalism__william-scott_bowl-white-on-grey-1962.jpg,Minimalism_Minimalism__william-scott_bowl-white-on-grey-1962_to_Rococo.png,0.45107803,0.0,0.64750736951828,0.0
Minimalism,Ukiyo_e,Minimalism__yves-klein_untitled-yellow-monochrome-1956.jpg,Minimalism_Minimalism__yves-klein_untitled-yellow-monochrome-1956_to_Ukiyo_e.png,0.39032453,0.0,0.7032105922698975,0.0
Minimalism,Ukiyo_e,Minimalism__robert-ryman_conversion-2003.jpg,Minimalism_Minimalism__robert-ryman_conversion-2003_to_Ukiyo_e.png,0.35862905,0.0,0.6442480087280273,0.0
Minimalism,Ukiyo_e,Minimalism__pino-pinelli_pittura-r-1993.jpg,Minimalism_Minimalism__pino-pinelli_pittura-r-1993_to_Ukiyo_e.png,0.398862,0.0,0.6464586853981018,0.0
Minimalism,Ukiyo_e,Minimalism__william-scott_bowl-white-on-grey-1962.jpg,Minimalism_Minimalism__william-scott_bowl-white-on-grey-1962_to_Ukiyo_e.png,0.3499905,0.0,0.6690161824226379,0.0
Minimalism,Early_Renaissance,Minimalism__alvaro-lapa_criminals-and-their-properties-1974.jpg,Minimalism_Minimalism__alvaro-lapa_criminals-and-their-properties-1974_to_Early_Renaissance.png,0.3753422,0.0,0.6643238663673401,0.0
Minimalism,Early_Renaissance,Minimalism__john-mclaughlin_number-4.jpg,Minimalism_Minimalism__john-mclaughlin_number-4_to_Early_Renaissance.png,0.40146583,0.0,0.6353039741516113,0.0
Minimalism,Early_Renaissance,Minimalism__robert-mangold_ellow-black-zone-painting-iv-1996.jpg,Minimalism_Minimalism__robert-mangold_ellow-black-zone-painting-iv-1996_to_Early_Renaissance.png,0.37768227,0.0,0.6130982637405396,0.0
Minimalism,Early_Renaissance,Minimalism__brice-marden_joined-2011.jpg,Minimalism_Minimalism__brice-marden_joined-2011_to_Early_Renaissance.png,0.34710297,0.0,0.6551129817962646,0.0
Minimalism,Impressionism,Minimalism__alvaro-lapa_criminals-and-their-properties-1974.jpg,Minimalism_Minimalism__alvaro-lapa_criminals-and-their-properties-1974_to_Impressionism.png,0.34544164,0.0,0.7179665565490723,0.0
Minimalism,Impressionism,Minimalism__john-mclaughlin_number-4.jpg,Minimalism_Minimalism__john-mclaughlin_number-4_to_Impressionism.png,0.35903525,0.0,0.6799232959747314,0.0
Minimalism,Impressionism,Minimalism__robert-mangold_ellow-black-zone-painting-iv-1996.jpg,Minimalism_Minimalism__robert-mangold_ellow-black-zone-painting-iv-1996_to_Impressionism.png,0.35131758,0.0,0.6420249938964844,0.0
Minimalism,Impressionism,Minimalism__brice-marden_joined-2011.jpg,Minimalism_Minimalism__brice-marden_joined-2011_to_Impressionism.png,0.33035743,0.0,0.6991022229194641,0.0
Minimalism,Minimalism,Minimalism__alvaro-lapa_criminals-and-their-properties-1974.jpg,Minimalism_Minimalism__alvaro-lapa_criminals-and-their-properties-1974_to_Minimalism.png,0.45586562,0.0,0.8973068594932556,0.0
Minimalism,Minimalism,Minimalism__john-mclaughlin_number-4.jpg,Minimalism_Minimalism__john-mclaughlin_number-4_to_Minimalism.png,0.40099537,0.0,0.8019959330558777,0.0
Minimalism,Minimalism,Minimalism__robert-mangold_ellow-black-zone-painting-iv-1996.jpg,Minimalism_Minimalism__robert-mangold_ellow-black-zone-painting-iv-1996_to_Minimalism.png,0.35060593,0.0,0.88377845287323,0.0
Minimalism,Minimalism,Minimalism__brice-marden_joined-2011.jpg,Minimalism_Minimalism__brice-marden_joined-2011_to_Minimalism.png,0.24684918,0.0,0.8750096559524536,0.0
Minimalism,Rococo,Minimalism__alvaro-lapa_criminals-and-their-properties-1974.jpg,Minimalism_Minimalism__alvaro-lapa_criminals-and-their-properties-1974_to_Rococo.png,0.40309462,0.0,0.6293796896934509,0.0
Minimalism,Rococo,Minimalism__john-mclaughlin_number-4.jpg,Minimalism_Minimalism__john-mclaughlin_number-4_to_Rococo.png,0.45604396,0.0,0.5972481966018677,0.0
Minimalism,Rococo,Minimalism__robert-mangold_ellow-black-zone-painting-iv-1996.jpg,Minimalism_Minimalism__robert-mangold_ellow-black-zone-painting-iv-1996_to_Rococo.png,0.39639765,0.0,0.5120232701301575,0.0
Minimalism,Rococo,Minimalism__brice-marden_joined-2011.jpg,Minimalism_Minimalism__brice-marden_joined-2011_to_Rococo.png,0.39061046,0.0,0.6502462029457092,0.0
Minimalism,Ukiyo_e,Minimalism__alvaro-lapa_criminals-and-their-properties-1974.jpg,Minimalism_Minimalism__alvaro-lapa_criminals-and-their-properties-1974_to_Ukiyo_e.png,0.35934812,0.0,0.6995532512664795,0.0
Minimalism,Ukiyo_e,Minimalism__john-mclaughlin_number-4.jpg,Minimalism_Minimalism__john-mclaughlin_number-4_to_Ukiyo_e.png,0.35867977,0.0,0.6308510303497314,0.0
Minimalism,Ukiyo_e,Minimalism__robert-mangold_ellow-black-zone-painting-iv-1996.jpg,Minimalism_Minimalism__robert-mangold_ellow-black-zone-painting-iv-1996_to_Ukiyo_e.png,0.3124824,0.0,0.6505556702613831,0.0
Minimalism,Ukiyo_e,Minimalism__brice-marden_joined-2011.jpg,Minimalism_Minimalism__brice-marden_joined-2011_to_Ukiyo_e.png,0.23973376,0.0,0.6589238047599792,0.0
Minimalism,Early_Renaissance,Minimalism__richard-tuttle_relative-to-our-society-1990.jpg,Minimalism_Minimalism__richard-tuttle_relative-to-our-society-1990_to_Early_Renaissance.png,0.38834912,0.0,0.6795845031738281,0.0
Minimalism,Early_Renaissance,Minimalism__yves-gaucher_traces-2000.jpg,Minimalism_Minimalism__yves-gaucher_traces-2000_to_Early_Renaissance.png,0.33383727,0.0,0.6529756784439087,0.0
Minimalism,Early_Renaissance,Minimalism__dan-flavin_greens-crossing-greens-to-piet-mondrian-who-lacked-green-1966.jpg,Minimalism_Minimalism__dan-flavin_greens-crossing-greens-to-piet-mondrian-who-lacked-green-1966_to_Early_Renaissance.png,0.42130005,0.0,0.6341218948364258,0.0
Minimalism,Early_Renaissance,Minimalism__ruth-vollmer_trimer-monomer-dimer-1965.jpg,Minimalism_Minimalism__ruth-vollmer_trimer-monomer-dimer-1965_to_Early_Renaissance.png,0.44010067,0.0,0.5803254842758179,0.0
Minimalism,Impressionism,Minimalism__richard-tuttle_relative-to-our-society-1990.jpg,Minimalism_Minimalism__richard-tuttle_relative-to-our-society-1990_to_Impressionism.png,0.35875118,0.0,0.6727086901664734,0.0
Minimalism,Impressionism,Minimalism__yves-gaucher_traces-2000.jpg,Minimalism_Minimalism__yves-gaucher_traces-2000_to_Impressionism.png,0.3152782,0.0,0.7289461493492126,0.0
Minimalism,Impressionism,Minimalism__dan-flavin_greens-crossing-greens-to-piet-mondrian-who-lacked-green-1966.jpg,Minimalism_Minimalism__dan-flavin_greens-crossing-greens-to-piet-mondrian-who-lacked-green-1966_to_Impressionism.png,0.3924536,0.0,0.7116565704345703,0.0
Minimalism,Impressionism,Minimalism__ruth-vollmer_trimer-monomer-dimer-1965.jpg,Minimalism_Minimalism__ruth-vollmer_trimer-monomer-dimer-1965_to_Impressionism.png,0.417896,0.0,0.513572096824646,0.0
Minimalism,Minimalism,Minimalism__richard-tuttle_relative-to-our-society-1990.jpg,Minimalism_Minimalism__richard-tuttle_relative-to-our-society-1990_to_Minimalism.png,0.39452112,0.0,0.8719613552093506,0.0
Minimalism,Minimalism,Minimalism__yves-gaucher_traces-2000.jpg,Minimalism_Minimalism__yves-gaucher_traces-2000_to_Minimalism.png,0.3406508,0.0,0.9036874771118164,0.0
Minimalism,Minimalism,Minimalism__dan-flavin_greens-crossing-greens-to-piet-mondrian-who-lacked-green-1966.jpg,Minimalism_Minimalism__dan-flavin_greens-crossing-greens-to-piet-mondrian-who-lacked-green-1966_to_Minimalism.png,0.45447376,0.0,0.8592632412910461,0.0
Minimalism,Minimalism,Minimalism__ruth-vollmer_trimer-monomer-dimer-1965.jpg,Minimalism_Minimalism__ruth-vollmer_trimer-monomer-dimer-1965_to_Minimalism.png,0.5133071,0.0,0.7348870038986206,0.0
Minimalism,Rococo,Minimalism__richard-tuttle_relative-to-our-society-1990.jpg,Minimalism_Minimalism__richard-tuttle_relative-to-our-society-1990_to_Rococo.png,0.41239178,0.0,0.6384345889091492,0.0
Minimalism,Rococo,Minimalism__yves-gaucher_traces-2000.jpg,Minimalism_Minimalism__yves-gaucher_traces-2000_to_Rococo.png,0.36480537,0.0,0.6372491121292114,0.0
Minimalism,Rococo,Minimalism__dan-flavin_greens-crossing-greens-to-piet-mondrian-who-lacked-green-1966.jpg,Minimalism_Minimalism__dan-flavin_greens-crossing-greens-to-piet-mondrian-who-lacked-green-1966_to_Rococo.png,0.43060637,0.0,0.6057642102241516,0.0
Minimalism,Rococo,Minimalism__ruth-vollmer_trimer-monomer-dimer-1965.jpg,Minimalism_Minimalism__ruth-vollmer_trimer-monomer-dimer-1965_to_Rococo.png,0.4730022,0.0,0.5157947540283203,0.0
Minimalism,Ukiyo_e,Minimalism__richard-tuttle_relative-to-our-society-1990.jpg,Minimalism_Minimalism__richard-tuttle_relative-to-our-society-1990_to_Ukiyo_e.png,0.32080013,0.0,0.6890014410018921,0.0
Minimalism,Ukiyo_e,Minimalism__yves-gaucher_traces-2000.jpg,Minimalism_Minimalism__yves-gaucher_traces-2000_to_Ukiyo_e.png,0.31760538,0.0,0.6810144782066345,0.0
Minimalism,Ukiyo_e,Minimalism__dan-flavin_greens-crossing-greens-to-piet-mondrian-who-lacked-green-1966.jpg,Minimalism_Minimalism__dan-flavin_greens-crossing-greens-to-piet-mondrian-who-lacked-green-1966_to_Ukiyo_e.png,0.39380085,0.0,0.6654826998710632,0.0
Minimalism,Ukiyo_e,Minimalism__ruth-vollmer_trimer-monomer-dimer-1965.jpg,Minimalism_Minimalism__ruth-vollmer_trimer-monomer-dimer-1965_to_Ukiyo_e.png,0.3989554,0.0,0.6460156440734863,0.0
Minimalism,Early_Renaissance,Minimalism__fernando-lanhas_o39-68-1968.jpg,Minimalism_Minimalism__fernando-lanhas_o39-68-1968_to_Early_Renaissance.png,0.31490874,0.0,0.6811481714248657,0.0
Minimalism,Early_Renaissance,Minimalism__frank-stella_gezira-from-black-series-ii-1967.jpg,Minimalism_Minimalism__frank-stella_gezira-from-black-series-ii-1967_to_Early_Renaissance.png,0.30018488,0.0,0.6721466183662415,0.0
Minimalism,Early_Renaissance,Minimalism__ronald-davis_zig-zag-times-two-1966.jpg,Minimalism_Minimalism__ronald-davis_zig-zag-times-two-1966_to_Early_Renaissance.png,0.3602836,0.0,0.6409940123558044,0.0
Minimalism,Early_Renaissance,Minimalism__agnes-martin_happy-valley-1967.jpg,Minimalism_Minimalism__agnes-martin_happy-valley-1967_to_Early_Renaissance.png,0.355846,0.0,0.6759905219078064,0.0
Minimalism,Impressionism,Minimalism__fernando-lanhas_o39-68-1968.jpg,Minimalism_Minimalism__fernando-lanhas_o39-68-1968_to_Impressionism.png,0.29678008,0.0,0.7271265387535095,0.0
Minimalism,Impressionism,Minimalism__frank-stella_gezira-from-black-series-ii-1967.jpg,Minimalism_Minimalism__frank-stella_gezira-from-black-series-ii-1967_to_Impressionism.png,0.2882368,0.0,0.6870871782302856,0.0
Minimalism,Impressionism,Minimalism__ronald-davis_zig-zag-times-two-1966.jpg,Minimalism_Minimalism__ronald-davis_zig-zag-times-two-1966_to_Impressionism.png,0.3398659,0.0,0.6491870284080505,0.0
Minimalism,Impressionism,Minimalism__agnes-martin_happy-valley-1967.jpg,Minimalism_Minimalism__agnes-martin_happy-valley-1967_to_Impressionism.png,0.31386507,0.0,0.7095487117767334,0.0
Minimalism,Minimalism,Minimalism__fernando-lanhas_o39-68-1968.jpg,Minimalism_Minimalism__fernando-lanhas_o39-68-1968_to_Minimalism.png,0.4198494,0.0,0.8763783574104309,0.0
Minimalism,Minimalism,Minimalism__frank-stella_gezira-from-black-series-ii-1967.jpg,Minimalism_Minimalism__frank-stella_gezira-from-black-series-ii-1967_to_Minimalism.png,0.27703744,0.0,0.8706659078598022,0.0
Minimalism,Minimalism,Minimalism__ronald-davis_zig-zag-times-two-1966.jpg,Minimalism_Minimalism__ronald-davis_zig-zag-times-two-1966_to_Minimalism.png,0.26158804,0.0,0.860891580581665,0.0
Minimalism,Minimalism,Minimalism__agnes-martin_happy-valley-1967.jpg,Minimalism_Minimalism__agnes-martin_happy-valley-1967_to_Minimalism.png,0.33396542,0.0,0.8600510358810425,0.0
Minimalism,Rococo,Minimalism__fernando-lanhas_o39-68-1968.jpg,Minimalism_Minimalism__fernando-lanhas_o39-68-1968_to_Rococo.png,0.36231625,0.0,0.5939298272132874,0.0
Minimalism,Rococo,Minimalism__frank-stella_gezira-from-black-series-ii-1967.jpg,Minimalism_Minimalism__frank-stella_gezira-from-black-series-ii-1967_to_Rococo.png,0.37221172,0.0,0.5991976857185364,0.0
Minimalism,Rococo,Minimalism__ronald-davis_zig-zag-times-two-1966.jpg,Minimalism_Minimalism__ronald-davis_zig-zag-times-two-1966_to_Rococo.png,0.3910934,0.0,0.599980354309082,0.0
Minimalism,Rococo,Minimalism__agnes-martin_happy-valley-1967.jpg,Minimalism_Minimalism__agnes-martin_happy-valley-1967_to_Rococo.png,0.41416013,0.0,0.6050841808319092,0.0
Minimalism,Ukiyo_e,Minimalism__fernando-lanhas_o39-68-1968.jpg,Minimalism_Minimalism__fernando-lanhas_o39-68-1968_to_Ukiyo_e.png,0.2728795,0.0,0.7207818031311035,0.0
Minimalism,Ukiyo_e,Minimalism__frank-stella_gezira-from-black-series-ii-1967.jpg,Minimalism_Minimalism__frank-stella_gezira-from-black-series-ii-1967_to_Ukiyo_e.png,0.21073031,0.0,0.7065566778182983,0.0
Minimalism,Ukiyo_e,Minimalism__ronald-davis_zig-zag-times-two-1966.jpg,Minimalism_Minimalism__ronald-davis_zig-zag-times-two-1966_to_Ukiyo_e.png,0.26561967,0.0,0.6246355772018433,0.0
Minimalism,Ukiyo_e,Minimalism__agnes-martin_happy-valley-1967.jpg,Minimalism_Minimalism__agnes-martin_happy-valley-1967_to_Ukiyo_e.png,0.2647068,0.0,0.681084930896759,0.0
Minimalism,Early_Renaissance,Minimalism__bruce-nauman_la-brea-art-tips-rat-spit-tar-pits-1972.jpg,Minimalism_Minimalism__bruce-nauman_la-brea-art-tips-rat-spit-tar-pits-1972_to_Early_Renaissance.png,0.38065648,0.0,0.6052694916725159,0.0
Minimalism,Early_Renaissance,Minimalism__robert-morris_box-with-the-sound-of-its-own-making-1961.jpg,Minimalism_Minimalism__robert-morris_box-with-the-sound-of-its-own-making-1961_to_Early_Renaissance.png,0.36806774,0.0,0.6229887008666992,0.0
Rococo,Early_Renaissance,Rococo__joshua-reynolds_colonel-george-k-h-coussmaker-grenadier-guards.jpg,Rococo_Rococo__joshua-reynolds_colonel-george-k-h-coussmaker-grenadier-guards_to_Early_Renaissance.png,0.51025313,0.0,0.7513500452041626,0.0
Rococo,Early_Renaissance,Rococo__giovanni-domenico-tiepolo_christ-s-fall-on-the-way-to-calvary-1772.jpg,Rococo_Rococo__giovanni-domenico-tiepolo_christ-s-fall-on-the-way-to-calvary-1772_to_Early_Renaissance.png,0.46232873,0.0,0.8163807988166809,0.0
Minimalism,Impressionism,Minimalism__bruce-nauman_la-brea-art-tips-rat-spit-tar-pits-1972.jpg,Minimalism_Minimalism__bruce-nauman_la-brea-art-tips-rat-spit-tar-pits-1972_to_Impressionism.png,0.3740555,0.0,0.6035674810409546,0.0
Minimalism,Impressionism,Minimalism__robert-morris_box-with-the-sound-of-its-own-making-1961.jpg,Minimalism_Minimalism__robert-morris_box-with-the-sound-of-its-own-making-1961_to_Impressionism.png,0.35459608,0.0,0.5969696044921875,0.0
Rococo,Impressionism,Rococo__joshua-reynolds_colonel-george-k-h-coussmaker-grenadier-guards.jpg,Rococo_Rococo__joshua-reynolds_colonel-george-k-h-coussmaker-grenadier-guards_to_Impressionism.png,0.5247978,0.0,0.7844153046607971,0.0
Rococo,Impressionism,Rococo__giovanni-domenico-tiepolo_christ-s-fall-on-the-way-to-calvary-1772.jpg,Rococo_Rococo__giovanni-domenico-tiepolo_christ-s-fall-on-the-way-to-calvary-1772_to_Impressionism.png,0.4810856,0.0,0.7663400769233704,0.0
Minimalism,Minimalism,Minimalism__bruce-nauman_la-brea-art-tips-rat-spit-tar-pits-1972.jpg,Minimalism_Minimalism__bruce-nauman_la-brea-art-tips-rat-spit-tar-pits-1972_to_Minimalism.png,0.45986646,0.0,0.8261780738830566,0.0
Minimalism,Minimalism,Minimalism__robert-morris_box-with-the-sound-of-its-own-making-1961.jpg,Minimalism_Minimalism__robert-morris_box-with-the-sound-of-its-own-making-1961_to_Minimalism.png,0.39155376,0.0,0.8787723779678345,0.0
Rococo,Minimalism,Rococo__joshua-reynolds_colonel-george-k-h-coussmaker-grenadier-guards.jpg,Rococo_Rococo__joshua-reynolds_colonel-george-k-h-coussmaker-grenadier-guards_to_Minimalism.png,0.5824596,0.0,0.7946833372116089,0.0
Rococo,Minimalism,Rococo__giovanni-domenico-tiepolo_christ-s-fall-on-the-way-to-calvary-1772.jpg,Rococo_Rococo__giovanni-domenico-tiepolo_christ-s-fall-on-the-way-to-calvary-1772_to_Minimalism.png,0.55805326,0.0,0.8104308843612671,0.0
Minimalism,Rococo,Minimalism__bruce-nauman_la-brea-art-tips-rat-spit-tar-pits-1972.jpg,Minimalism_Minimalism__bruce-nauman_la-brea-art-tips-rat-spit-tar-pits-1972_to_Rococo.png,0.3805355,0.0,0.5611270070075989,0.0
Minimalism,Rococo,Minimalism__robert-morris_box-with-the-sound-of-its-own-making-1961.jpg,Minimalism_Minimalism__robert-morris_box-with-the-sound-of-its-own-making-1961_to_Rococo.png,0.40345824,0.0,0.5789862871170044,0.0
Rococo,Rococo,Rococo__joshua-reynolds_colonel-george-k-h-coussmaker-grenadier-guards.jpg,Rococo_Rococo__joshua-reynolds_colonel-george-k-h-coussmaker-grenadier-guards_to_Rococo.png,0.53700435,0.0,0.7776347398757935,0.0
Rococo,Rococo,Rococo__giovanni-domenico-tiepolo_christ-s-fall-on-the-way-to-calvary-1772.jpg,Rococo_Rococo__giovanni-domenico-tiepolo_christ-s-fall-on-the-way-to-calvary-1772_to_Rococo.png,0.49638563,0.0,0.7299004793167114,0.0
Minimalism,Ukiyo_e,Minimalism__bruce-nauman_la-brea-art-tips-rat-spit-tar-pits-1972.jpg,Minimalism_Minimalism__bruce-nauman_la-brea-art-tips-rat-spit-tar-pits-1972_to_Ukiyo_e.png,0.37211192,0.0,0.6628237962722778,0.0
Minimalism,Ukiyo_e,Minimalism__robert-morris_box-with-the-sound-of-its-own-making-1961.jpg,Minimalism_Minimalism__robert-morris_box-with-the-sound-of-its-own-making-1961_to_Ukiyo_e.png,0.3024143,0.0,0.6491899490356445,0.0
Rococo,Ukiyo_e,Rococo__joshua-reynolds_colonel-george-k-h-coussmaker-grenadier-guards.jpg,Rococo_Rococo__joshua-reynolds_colonel-george-k-h-coussmaker-grenadier-guards_to_Ukiyo_e.png,0.4999994,0.0,0.7327137589454651,0.0
Rococo,Ukiyo_e,Rococo__giovanni-domenico-tiepolo_christ-s-fall-on-the-way-to-calvary-1772.jpg,Rococo_Rococo__giovanni-domenico-tiepolo_christ-s-fall-on-the-way-to-calvary-1772_to_Ukiyo_e.png,0.45904344,0.0,0.7598838806152344,0.0
Rococo,Early_Renaissance,Rococo__dmitry-levitzky_maria-feodorovna.jpg,Rococo_Rococo__dmitry-levitzky_maria-feodorovna_to_Early_Renaissance.png,0.42445803,0.0,0.6928960680961609,0.0
Rococo,Early_Renaissance,Rococo__thomas-gainsborough_a-peasant-girl-with-dog-and-jug-1785.jpg,Rococo_Rococo__thomas-gainsborough_a-peasant-girl-with-dog-and-jug-1785_to_Early_Renaissance.png,0.4562543,0.0,0.6871845126152039,0.0
Rococo,Early_Renaissance,Rococo__maurice-quentin-de-la-tour_marie-josephe-of-saxony-1.jpg,Rococo_Rococo__maurice-quentin-de-la-tour_marie-josephe-of-saxony-1_to_Early_Renaissance.png,0.39802915,0.0,0.6983316540718079,0.0
Rococo,Early_Renaissance,Rococo__bernardo-bellotto_view-of-dresden-the-dresden-fortifications-moat-with-a-bridge-between-gate-and-post-mile-pillar.jpg,Rococo_Rococo__bernardo-bellotto_view-of-dresden-the-dresden-fortifications-moat-with-a-bridge-between-gate-and-post-mile-pillar_to_Early_Renaissance.png,0.44108778,0.0,0.7071021199226379,0.0
Rococo,Impressionism,Rococo__dmitry-levitzky_maria-feodorovna.jpg,Rococo_Rococo__dmitry-levitzky_maria-feodorovna_to_Impressionism.png,0.41885972,0.0,0.6723178029060364,0.0
Rococo,Impressionism,Rococo__thomas-gainsborough_a-peasant-girl-with-dog-and-jug-1785.jpg,Rococo_Rococo__thomas-gainsborough_a-peasant-girl-with-dog-and-jug-1785_to_Impressionism.png,0.467183,0.0,0.7890024185180664,0.0
Rococo,Impressionism,Rococo__maurice-quentin-de-la-tour_marie-josephe-of-saxony-1.jpg,Rococo_Rococo__maurice-quentin-de-la-tour_marie-josephe-of-saxony-1_to_Impressionism.png,0.42334062,0.0,0.6939508318901062,0.0
Rococo,Impressionism,Rococo__bernardo-bellotto_view-of-dresden-the-dresden-fortifications-moat-with-a-bridge-between-gate-and-post-mile-pillar.jpg,Rococo_Rococo__bernardo-bellotto_view-of-dresden-the-dresden-fortifications-moat-with-a-bridge-between-gate-and-post-mile-pillar_to_Impressionism.png,0.42130214,0.0,0.7885857820510864,0.0
Rococo,Minimalism,Rococo__dmitry-levitzky_maria-feodorovna.jpg,Rococo_Rococo__dmitry-levitzky_maria-feodorovna_to_Minimalism.png,0.4555366,0.0,0.7081103324890137,0.0
Rococo,Minimalism,Rococo__thomas-gainsborough_a-peasant-girl-with-dog-and-jug-1785.jpg,Rococo_Rococo__thomas-gainsborough_a-peasant-girl-with-dog-and-jug-1785_to_Minimalism.png,0.5765879,0.0,0.8183377385139465,0.0
Rococo,Minimalism,Rococo__maurice-quentin-de-la-tour_marie-josephe-of-saxony-1.jpg,Rococo_Rococo__maurice-quentin-de-la-tour_marie-josephe-of-saxony-1_to_Minimalism.png,0.5375538,0.0,0.6827251315116882,0.0
Rococo,Minimalism,Rococo__bernardo-bellotto_view-of-dresden-the-dresden-fortifications-moat-with-a-bridge-between-gate-and-post-mile-pillar.jpg,Rococo_Rococo__bernardo-bellotto_view-of-dresden-the-dresden-fortifications-moat-with-a-bridge-between-gate-and-post-mile-pillar_to_Minimalism.png,0.5032846,0.0,0.855939507484436,0.0
Rococo,Rococo,Rococo__dmitry-levitzky_maria-feodorovna.jpg,Rococo_Rococo__dmitry-levitzky_maria-feodorovna_to_Rococo.png,0.44038603,0.0,0.8768413066864014,0.0
Rococo,Rococo,Rococo__thomas-gainsborough_a-peasant-girl-with-dog-and-jug-1785.jpg,Rococo_Rococo__thomas-gainsborough_a-peasant-girl-with-dog-and-jug-1785_to_Rococo.png,0.46145308,0.0,0.7386314272880554,0.0
Rococo,Rococo,Rococo__maurice-quentin-de-la-tour_marie-josephe-of-saxony-1.jpg,Rococo_Rococo__maurice-quentin-de-la-tour_marie-josephe-of-saxony-1_to_Rococo.png,0.40929222,0.0,0.813740611076355,0.0
Rococo,Rococo,Rococo__bernardo-bellotto_view-of-dresden-the-dresden-fortifications-moat-with-a-bridge-between-gate-and-post-mile-pillar.jpg,Rococo_Rococo__bernardo-bellotto_view-of-dresden-the-dresden-fortifications-moat-with-a-bridge-between-gate-and-post-mile-pillar_to_Rococo.png,0.46123224,0.0,0.6754262447357178,0.0
Rococo,Ukiyo_e,Rococo__dmitry-levitzky_maria-feodorovna.jpg,Rococo_Rococo__dmitry-levitzky_maria-feodorovna_to_Ukiyo_e.png,0.39085427,0.0,0.6482683420181274,0.0
Rococo,Ukiyo_e,Rococo__thomas-gainsborough_a-peasant-girl-with-dog-and-jug-1785.jpg,Rococo_Rococo__thomas-gainsborough_a-peasant-girl-with-dog-and-jug-1785_to_Ukiyo_e.png,0.4832443,0.0,0.697867751121521,0.0
Rococo,Ukiyo_e,Rococo__maurice-quentin-de-la-tour_marie-josephe-of-saxony-1.jpg,Rococo_Rococo__maurice-quentin-de-la-tour_marie-josephe-of-saxony-1_to_Ukiyo_e.png,0.43355948,0.0,0.651782214641571,0.0
Rococo,Ukiyo_e,Rococo__bernardo-bellotto_view-of-dresden-the-dresden-fortifications-moat-with-a-bridge-between-gate-and-post-mile-pillar.jpg,Rococo_Rococo__bernardo-bellotto_view-of-dresden-the-dresden-fortifications-moat-with-a-bridge-between-gate-and-post-mile-pillar_to_Ukiyo_e.png,0.39311254,0.0,0.7026698589324951,0.0
Rococo,Early_Renaissance,Rococo__bernardo-bellotto_pirna-seen-from-the-right-bank-of-the-elbe.jpg,Rococo_Rococo__bernardo-bellotto_pirna-seen-from-the-right-bank-of-the-elbe_to_Early_Renaissance.png,0.44841984,0.0,0.7155776023864746,0.0
Rococo,Early_Renaissance,Rococo__dmitry-levitzky_portrait-of-unknown-woman-with-a-rose-1788.jpg,Rococo_Rococo__dmitry-levitzky_portrait-of-unknown-woman-with-a-rose-1788_to_Early_Renaissance.png,0.4373977,0.0,0.6563926339149475,0.0
Rococo,Early_Renaissance,Rococo__dmitry-levitzky_portrait-of-maria-palovna-narychkina-1773.jpg,Rococo_Rococo__dmitry-levitzky_portrait-of-maria-palovna-narychkina-1773_to_Early_Renaissance.png,0.38869613,0.0,0.6835458874702454,0.0
Rococo,Early_Renaissance,Rococo__giovanni-domenico-tiepolo_the-new-world-1797.jpg,Rococo_Rococo__giovanni-domenico-tiepolo_the-new-world-1797_to_Early_Renaissance.png,0.4005545,0.0,0.7286952137947083,0.0
Rococo,Impressionism,Rococo__bernardo-bellotto_pirna-seen-from-the-right-bank-of-the-elbe.jpg,Rococo_Rococo__bernardo-bellotto_pirna-seen-from-the-right-bank-of-the-elbe_to_Impressionism.png,0.429898,0.0,0.8556684851646423,0.0
Rococo,Impressionism,Rococo__dmitry-levitzky_portrait-of-unknown-woman-with-a-rose-1788.jpg,Rococo_Rococo__dmitry-levitzky_portrait-of-unknown-woman-with-a-rose-1788_to_Impressionism.png,0.43953755,0.0,0.6451848745346069,0.0
Rococo,Impressionism,Rococo__dmitry-levitzky_portrait-of-maria-palovna-narychkina-1773.jpg,Rococo_Rococo__dmitry-levitzky_portrait-of-maria-palovna-narychkina-1773_to_Impressionism.png,0.4384126,0.0,0.6681617498397827,0.0
Rococo,Impressionism,Rococo__giovanni-domenico-tiepolo_the-new-world-1797.jpg,Rococo_Rococo__giovanni-domenico-tiepolo_the-new-world-1797_to_Impressionism.png,0.3989777,0.0,0.8250742554664612,0.0
Rococo,Minimalism,Rococo__bernardo-bellotto_pirna-seen-from-the-right-bank-of-the-elbe.jpg,Rococo_Rococo__bernardo-bellotto_pirna-seen-from-the-right-bank-of-the-elbe_to_Minimalism.png,0.5434818,0.0,0.8385871648788452,0.0
Rococo,Minimalism,Rococo__dmitry-levitzky_portrait-of-unknown-woman-with-a-rose-1788.jpg,Rococo_Rococo__dmitry-levitzky_portrait-of-unknown-woman-with-a-rose-1788_to_Minimalism.png,0.54751164,0.0,0.6389097571372986,0.0
Rococo,Minimalism,Rococo__dmitry-levitzky_portrait-of-maria-palovna-narychkina-1773.jpg,Rococo_Rococo__dmitry-levitzky_portrait-of-maria-palovna-narychkina-1773_to_Minimalism.png,0.54477483,0.0,0.7447745203971863,0.0
Rococo,Minimalism,Rococo__giovanni-domenico-tiepolo_the-new-world-1797.jpg,Rococo_Rococo__giovanni-domenico-tiepolo_the-new-world-1797_to_Minimalism.png,0.49613822,0.0,0.8614493608474731,0.0
Rococo,Rococo,Rococo__bernardo-bellotto_pirna-seen-from-the-right-bank-of-the-elbe.jpg,Rococo_Rococo__bernardo-bellotto_pirna-seen-from-the-right-bank-of-the-elbe_to_Rococo.png,0.44627154,0.0,0.69038325548172,0.0
Rococo,Rococo,Rococo__dmitry-levitzky_portrait-of-unknown-woman-with-a-rose-1788.jpg,Rococo_Rococo__dmitry-levitzky_portrait-of-unknown-woman-with-a-rose-1788_to_Rococo.png,0.44444412,0.0,0.8261860013008118,0.0
Rococo,Rococo,Rococo__dmitry-levitzky_portrait-of-maria-palovna-narychkina-1773.jpg,Rococo_Rococo__dmitry-levitzky_portrait-of-maria-palovna-narychkina-1773_to_Rococo.png,0.3925535,0.0,0.8593173623085022,0.0
Rococo,Rococo,Rococo__giovanni-domenico-tiepolo_the-new-world-1797.jpg,Rococo_Rococo__giovanni-domenico-tiepolo_the-new-world-1797_to_Rococo.png,0.41911215,0.0,0.6569275856018066,0.0
Rococo,Ukiyo_e,Rococo__bernardo-bellotto_pirna-seen-from-the-right-bank-of-the-elbe.jpg,Rococo_Rococo__bernardo-bellotto_pirna-seen-from-the-right-bank-of-the-elbe_to_Ukiyo_e.png,0.44326273,0.0,0.710627555847168,0.0
Rococo,Ukiyo_e,Rococo__dmitry-levitzky_portrait-of-unknown-woman-with-a-rose-1788.jpg,Rococo_Rococo__dmitry-levitzky_portrait-of-unknown-woman-with-a-rose-1788_to_Ukiyo_e.png,0.4378876,0.0,0.6120538711547852,0.0
Rococo,Ukiyo_e,Rococo__dmitry-levitzky_portrait-of-maria-palovna-narychkina-1773.jpg,Rococo_Rococo__dmitry-levitzky_portrait-of-maria-palovna-narychkina-1773_to_Ukiyo_e.png,0.46440226,0.0,0.6128701567649841,0.0
Rococo,Ukiyo_e,Rococo__giovanni-domenico-tiepolo_the-new-world-1797.jpg,Rococo_Rococo__giovanni-domenico-tiepolo_the-new-world-1797_to_Ukiyo_e.png,0.39776933,0.0,0.6908578872680664,0.0
Rococo,Early_Renaissance,Rococo__carl-ludwig-johann-christineck_portrait-of-paul-of-russia-dressed-as-chevalier-of-the-order-of-st-andrew-1760.jpg,Rococo_Rococo__carl-ludwig-johann-christineck_portrait-of-paul-of-russia-dressed-as-chevalier-of-the-order-of-st-andrew-1760_to_Early_Renaissance.png,0.42166406,0.0,0.6762598156929016,0.0
Rococo,Early_Renaissance,Rococo__thomas-gainsborough_a-coastal-landscape-1782.jpg,Rococo_Rococo__thomas-gainsborough_a-coastal-landscape-1782_to_Early_Renaissance.png,0.43835402,0.0,0.7130828499794006,0.0
Rococo,Early_Renaissance,Rococo__william-hogarth_the-countess-s-morning-levee.jpg,Rococo_Rococo__william-hogarth_the-countess-s-morning-levee_to_Early_Renaissance.png,0.4003803,0.0,0.7319523096084595,0.0
Rococo,Early_Renaissance,Rococo__louise-elisabeth-vigee-le-brun_the-bather-1792.jpg,Rococo_Rococo__louise-elisabeth-vigee-le-brun_the-bather-1792_to_Early_Renaissance.png,0.4049599,0.0,0.7158645391464233,0.0
Rococo,Impressionism,Rococo__carl-ludwig-johann-christineck_portrait-of-paul-of-russia-dressed-as-chevalier-of-the-order-of-st-andrew-1760.jpg,Rococo_Rococo__carl-ludwig-johann-christineck_portrait-of-paul-of-russia-dressed-as-chevalier-of-the-order-of-st-andrew-1760_to_Impressionism.png,0.4371716,0.0,0.6856405735015869,0.0
Rococo,Impressionism,Rococo__thomas-gainsborough_a-coastal-landscape-1782.jpg,Rococo_Rococo__thomas-gainsborough_a-coastal-landscape-1782_to_Impressionism.png,0.4388568,0.0,0.801700234413147,0.0
Rococo,Impressionism,Rococo__william-hogarth_the-countess-s-morning-levee.jpg,Rococo_Rococo__william-hogarth_the-countess-s-morning-levee_to_Impressionism.png,0.42651445,0.0,0.725410521030426,0.0
Rococo,Impressionism,Rococo__louise-elisabeth-vigee-le-brun_the-bather-1792.jpg,Rococo_Rococo__louise-elisabeth-vigee-le-brun_the-bather-1792_to_Impressionism.png,0.4326237,0.0,0.7572171092033386,0.0
Rococo,Minimalism,Rococo__carl-ludwig-johann-christineck_portrait-of-paul-of-russia-dressed-as-chevalier-of-the-order-of-st-andrew-1760.jpg,Rococo_Rococo__carl-ludwig-johann-christineck_portrait-of-paul-of-russia-dressed-as-chevalier-of-the-order-of-st-andrew-1760_to_Minimalism.png,0.5559778,0.0,0.7210980653762817,0.0
Rococo,Minimalism,Rococo__thomas-gainsborough_a-coastal-landscape-1782.jpg,Rococo_Rococo__thomas-gainsborough_a-coastal-landscape-1782_to_Minimalism.png,0.53505695,0.0,0.8051605224609375,0.0
Rococo,Minimalism,Rococo__william-hogarth_the-countess-s-morning-levee.jpg,Rococo_Rococo__william-hogarth_the-countess-s-morning-levee_to_Minimalism.png,0.50718194,0.0,0.7561996579170227,0.0
Rococo,Minimalism,Rococo__louise-elisabeth-vigee-le-brun_the-bather-1792.jpg,Rococo_Rococo__louise-elisabeth-vigee-le-brun_the-bather-1792_to_Minimalism.png,0.5136494,0.0,0.7258293628692627,0.0
Rococo,Rococo,Rococo__carl-ludwig-johann-christineck_portrait-of-paul-of-russia-dressed-as-chevalier-of-the-order-of-st-andrew-1760.jpg,Rococo_Rococo__carl-ludwig-johann-christineck_portrait-of-paul-of-russia-dressed-as-chevalier-of-the-order-of-st-andrew-1760_to_Rococo.png,0.44381028,0.0,0.8082976341247559,0.0
Rococo,Rococo,Rococo__thomas-gainsborough_a-coastal-landscape-1782.jpg,Rococo_Rococo__thomas-gainsborough_a-coastal-landscape-1782_to_Rococo.png,0.46356407,0.0,0.689842700958252,0.0
Rococo,Rococo,Rococo__william-hogarth_the-countess-s-morning-levee.jpg,Rococo_Rococo__william-hogarth_the-countess-s-morning-levee_to_Rococo.png,0.41973895,0.0,0.7761335372924805,0.0
Rococo,Rococo,Rococo__louise-elisabeth-vigee-le-brun_the-bather-1792.jpg,Rococo_Rococo__louise-elisabeth-vigee-le-brun_the-bather-1792_to_Rococo.png,0.42055762,0.0,0.7901317477226257,0.0
Rococo,Ukiyo_e,Rococo__carl-ludwig-johann-christineck_portrait-of-paul-of-russia-dressed-as-chevalier-of-the-order-of-st-andrew-1760.jpg,Rococo_Rococo__carl-ludwig-johann-christineck_portrait-of-paul-of-russia-dressed-as-chevalier-of-the-order-of-st-andrew-1760_to_Ukiyo_e.png,0.43139312,0.0,0.6741318702697754,0.0
Rococo,Ukiyo_e,Rococo__thomas-gainsborough_a-coastal-landscape-1782.jpg,Rococo_Rococo__thomas-gainsborough_a-coastal-landscape-1782_to_Ukiyo_e.png,0.429956,0.0,0.6965352296829224,0.0
Rococo,Ukiyo_e,Rococo__william-hogarth_the-countess-s-morning-levee.jpg,Rococo_Rococo__william-hogarth_the-countess-s-morning-levee_to_Ukiyo_e.png,0.41446325,0.0,0.6599081754684448,0.0
Rococo,Ukiyo_e,Rococo__louise-elisabeth-vigee-le-brun_the-bather-1792.jpg,Rococo_Rococo__louise-elisabeth-vigee-le-brun_the-bather-1792_to_Ukiyo_e.png,0.41716695,0.0,0.6867420673370361,0.0
Rococo,Early_Renaissance,Rococo__jean-marc-nattier_portrait-of-louis-tocqu-1762.jpg,Rococo_Rococo__jean-marc-nattier_portrait-of-louis-tocqu-1762_to_Early_Renaissance.png,0.4512701,0.0,0.6424797177314758,0.0
Rococo,Early_Renaissance,Rococo__thomas-gainsborough_john-plampin.jpg,Rococo_Rococo__thomas-gainsborough_john-plampin_to_Early_Renaissance.png,0.43401018,0.0,0.6687196493148804,0.0
Rococo,Early_Renaissance,Rococo__antoine-watteau_head-of-a-man.jpg,Rococo_Rococo__antoine-watteau_head-of-a-man_to_Early_Renaissance.png,0.4220908,0.0,0.8004599809646606,0.0
Rococo,Early_Renaissance,Rococo__francois-boucher_portrait-of-madame-boucher-1745.jpg,Rococo_Rococo__francois-boucher_portrait-of-madame-boucher-1745_to_Early_Renaissance.png,0.45597166,0.0,0.7401694059371948,0.0
Rococo,Impressionism,Rococo__jean-marc-nattier_portrait-of-louis-tocqu-1762.jpg,Rococo_Rococo__jean-marc-nattier_portrait-of-louis-tocqu-1762_to_Impressionism.png,0.48069537,0.0,0.6292539238929749,0.0
Rococo,Impressionism,Rococo__thomas-gainsborough_john-plampin.jpg,Rococo_Rococo__thomas-gainsborough_john-plampin_to_Impressionism.png,0.4455641,0.0,0.7529593706130981,0.0
Rococo,Impressionism,Rococo__antoine-watteau_head-of-a-man.jpg,Rococo_Rococo__antoine-watteau_head-of-a-man_to_Impressionism.png,0.40616018,0.0,0.7417559623718262,0.0
Rococo,Impressionism,Rococo__francois-boucher_portrait-of-madame-boucher-1745.jpg,Rococo_Rococo__francois-boucher_portrait-of-madame-boucher-1745_to_Impressionism.png,0.4658461,0.0,0.6936054825782776,0.0
Rococo,Minimalism,Rococo__jean-marc-nattier_portrait-of-louis-tocqu-1762.jpg,Rococo_Rococo__jean-marc-nattier_portrait-of-louis-tocqu-1762_to_Minimalism.png,0.57475996,0.0,0.6902899742126465,0.0
Rococo,Minimalism,Rococo__thomas-gainsborough_john-plampin.jpg,Rococo_Rococo__thomas-gainsborough_john-plampin_to_Minimalism.png,0.53964347,0.0,0.7933000326156616,0.0
Rococo,Minimalism,Rococo__antoine-watteau_head-of-a-man.jpg,Rococo_Rococo__antoine-watteau_head-of-a-man_to_Minimalism.png,0.46294254,0.0,0.816240668296814,0.0
Rococo,Minimalism,Rococo__francois-boucher_portrait-of-madame-boucher-1745.jpg,Rococo_Rococo__francois-boucher_portrait-of-madame-boucher-1745_to_Minimalism.png,0.5082395,0.0,0.785136878490448,0.0
Rococo,Rococo,Rococo__jean-marc-nattier_portrait-of-louis-tocqu-1762.jpg,Rococo_Rococo__jean-marc-nattier_portrait-of-louis-tocqu-1762_to_Rococo.png,0.47702593,0.0,0.8587976694107056,0.0
Rococo,Rococo,Rococo__thomas-gainsborough_john-plampin.jpg,Rococo_Rococo__thomas-gainsborough_john-plampin_to_Rococo.png,0.45793134,0.0,0.7693338394165039,0.0
Rococo,Rococo,Rococo__antoine-watteau_head-of-a-man.jpg,Rococo_Rococo__antoine-watteau_head-of-a-man_to_Rococo.png,0.46447998,0.0,0.7327059507369995,0.0
Rococo,Rococo,Rococo__francois-boucher_portrait-of-madame-boucher-1745.jpg,Rococo_Rococo__francois-boucher_portrait-of-madame-boucher-1745_to_Rococo.png,0.49745464,0.0,0.8168429732322693,0.0
Rococo,Ukiyo_e,Rococo__jean-marc-nattier_portrait-of-louis-tocqu-1762.jpg,Rococo_Rococo__jean-marc-nattier_portrait-of-louis-tocqu-1762_to_Ukiyo_e.png,0.4656674,0.0,0.5771428942680359,0.0
Rococo,Ukiyo_e,Rococo__thomas-gainsborough_john-plampin.jpg,Rococo_Rococo__thomas-gainsborough_john-plampin_to_Ukiyo_e.png,0.4293991,0.0,0.7305934429168701,0.0
Rococo,Ukiyo_e,Rococo__antoine-watteau_head-of-a-man.jpg,Rococo_Rococo__antoine-watteau_head-of-a-man_to_Ukiyo_e.png,0.3537535,0.0,0.7154467701911926,0.0
Rococo,Ukiyo_e,Rococo__francois-boucher_portrait-of-madame-boucher-1745.jpg,Rococo_Rococo__francois-boucher_portrait-of-madame-boucher-1745_to_Ukiyo_e.png,0.41441795,0.0,0.7404577732086182,0.0
Rococo,Early_Renaissance,Rococo__joseph-wright_mr-and-mrs-thomas-coltman.jpg,Rococo_Rococo__joseph-wright_mr-and-mrs-thomas-coltman_to_Early_Renaissance.png,0.4724484,0.0,0.6915181875228882,0.0
Rococo,Early_Renaissance,Rococo__antoine-watteau_the-delicate-musician.jpg,Rococo_Rococo__antoine-watteau_the-delicate-musician_to_Early_Renaissance.png,0.48330486,0.0,0.6935571432113647,0.0
Rococo,Early_Renaissance,Rococo__joseph-wright_d-ewes-coke-his-wife-hannah-and-daniel-parker-coke.jpg,Rococo_Rococo__joseph-wright_d-ewes-coke-his-wife-hannah-and-daniel-parker-coke_to_Early_Renaissance.png,0.47227108,0.0,0.6899685859680176,0.0
Rococo,Early_Renaissance,Rococo__thomas-gainsborough_robert-butcher-of-walthamstan.jpg,Rococo_Rococo__thomas-gainsborough_robert-butcher-of-walthamstan_to_Early_Renaissance.png,0.48847985,0.0,0.6348901987075806,0.0
Rococo,Impressionism,Rococo__joseph-wright_mr-and-mrs-thomas-coltman.jpg,Rococo_Rococo__joseph-wright_mr-and-mrs-thomas-coltman_to_Impressionism.png,0.47997993,0.0,0.8127890229225159,0.0
Rococo,Impressionism,Rococo__antoine-watteau_the-delicate-musician.jpg,Rococo_Rococo__antoine-watteau_the-delicate-musician_to_Impressionism.png,0.5101947,0.0,0.7755052447319031,0.0
Rococo,Impressionism,Rococo__joseph-wright_d-ewes-coke-his-wife-hannah-and-daniel-parker-coke.jpg,Rococo_Rococo__joseph-wright_d-ewes-coke-his-wife-hannah-and-daniel-parker-coke_to_Impressionism.png,0.49961114,0.0,0.6730231046676636,0.0
Rococo,Impressionism,Rococo__thomas-gainsborough_robert-butcher-of-walthamstan.jpg,Rococo_Rococo__thomas-gainsborough_robert-butcher-of-walthamstan_to_Impressionism.png,0.5221299,0.0,0.6001880764961243,0.0
Rococo,Minimalism,Rococo__joseph-wright_mr-and-mrs-thomas-coltman.jpg,Rococo_Rococo__joseph-wright_mr-and-mrs-thomas-coltman_to_Minimalism.png,0.5672171,0.0,0.8139337301254272,0.0
Rococo,Minimalism,Rococo__antoine-watteau_the-delicate-musician.jpg,Rococo_Rococo__antoine-watteau_the-delicate-musician_to_Minimalism.png,0.60413814,0.0,0.7428611516952515,0.0
Rococo,Minimalism,Rococo__joseph-wright_d-ewes-coke-his-wife-hannah-and-daniel-parker-coke.jpg,Rococo_Rococo__joseph-wright_d-ewes-coke-his-wife-hannah-and-daniel-parker-coke_to_Minimalism.png,0.5789914,0.0,0.6689565181732178,0.0
Rococo,Minimalism,Rococo__thomas-gainsborough_robert-butcher-of-walthamstan.jpg,Rococo_Rococo__thomas-gainsborough_robert-butcher-of-walthamstan_to_Minimalism.png,0.5749471,0.0,0.8152464628219604,0.0
Rococo,Rococo,Rococo__joseph-wright_mr-and-mrs-thomas-coltman.jpg,Rococo_Rococo__joseph-wright_mr-and-mrs-thomas-coltman_to_Rococo.png,0.5062183,0.0,0.7681108117103577,0.0
Rococo,Rococo,Rococo__antoine-watteau_the-delicate-musician.jpg,Rococo_Rococo__antoine-watteau_the-delicate-musician_to_Rococo.png,0.5204432,0.0,0.7454921007156372,0.0
Rococo,Rococo,Rococo__joseph-wright_d-ewes-coke-his-wife-hannah-and-daniel-parker-coke.jpg,Rococo_Rococo__joseph-wright_d-ewes-coke-his-wife-hannah-and-daniel-parker-coke_to_Rococo.png,0.5035715,0.0,0.7923202514648438,0.0
Rococo,Rococo,Rococo__thomas-gainsborough_robert-butcher-of-walthamstan.jpg,Rococo_Rococo__thomas-gainsborough_robert-butcher-of-walthamstan_to_Rococo.png,0.5160471,0.0,0.8126349449157715,0.0
Rococo,Ukiyo_e,Rococo__joseph-wright_mr-and-mrs-thomas-coltman.jpg,Rococo_Rococo__joseph-wright_mr-and-mrs-thomas-coltman_to_Ukiyo_e.png,0.46989542,0.0,0.7268194556236267,0.0
Rococo,Ukiyo_e,Rococo__antoine-watteau_the-delicate-musician.jpg,Rococo_Rococo__antoine-watteau_the-delicate-musician_to_Ukiyo_e.png,0.4965852,0.0,0.6521337628364563,0.0
Rococo,Ukiyo_e,Rococo__joseph-wright_d-ewes-coke-his-wife-hannah-and-daniel-parker-coke.jpg,Rococo_Rococo__joseph-wright_d-ewes-coke-his-wife-hannah-and-daniel-parker-coke_to_Ukiyo_e.png,0.47760603,0.0,0.6649895310401917,0.0
Rococo,Ukiyo_e,Rococo__thomas-gainsborough_robert-butcher-of-walthamstan.jpg,Rococo_Rococo__thomas-gainsborough_robert-butcher-of-walthamstan_to_Ukiyo_e.png,0.5141206,0.0,0.5645328760147095,0.0
Rococo,Early_Renaissance,Rococo__benjamin-west_the-angel-of-the-lord-announcing-the-resurrection-1805.jpg,Rococo_Rococo__benjamin-west_the-angel-of-the-lord-announcing-the-resurrection-1805_to_Early_Renaissance.png,0.42051893,0.0,0.8305603861808777,0.0
Rococo,Early_Renaissance,Rococo__pietro-longhi_the-tooth-extractor.jpg,Rococo_Rococo__pietro-longhi_the-tooth-extractor_to_Early_Renaissance.png,0.41592675,0.0,0.7725374698638916,0.0
Rococo,Early_Renaissance,Rococo__canaletto_london-the-thames-and-the-city-of-london-from-the-terrace-of-richmond-house.jpg,Rococo_Rococo__canaletto_london-the-thames-and-the-city-of-london-from-the-terrace-of-richmond-house_to_Early_Renaissance.png,0.38988993,0.0,0.6237469911575317,0.0
Rococo,Early_Renaissance,Rococo__carl-ludwig-johann-christineck_nikolai-mordvinov-1771.jpg,Rococo_Rococo__carl-ludwig-johann-christineck_nikolai-mordvinov-1771_to_Early_Renaissance.png,0.4659316,0.0,0.7359061241149902,0.0
Rococo,Impressionism,Rococo__benjamin-west_the-angel-of-the-lord-announcing-the-resurrection-1805.jpg,Rococo_Rococo__benjamin-west_the-angel-of-the-lord-announcing-the-resurrection-1805_to_Impressionism.png,0.4483345,0.0,0.7712209224700928,0.0
Rococo,Impressionism,Rococo__pietro-longhi_the-tooth-extractor.jpg,Rococo_Rococo__pietro-longhi_the-tooth-extractor_to_Impressionism.png,0.43791953,0.0,0.7570818662643433,0.0
Rococo,Impressionism,Rococo__canaletto_london-the-thames-and-the-city-of-london-from-the-terrace-of-richmond-house.jpg,Rococo_Rococo__canaletto_london-the-thames-and-the-city-of-london-from-the-terrace-of-richmond-house_to_Impressionism.png,0.37265277,0.0,0.7364082336425781,0.0
Rococo,Impressionism,Rococo__carl-ludwig-johann-christineck_nikolai-mordvinov-1771.jpg,Rococo_Rococo__carl-ludwig-johann-christineck_nikolai-mordvinov-1771_to_Impressionism.png,0.4831021,0.0,0.7343491911888123,0.0
Rococo,Minimalism,Rococo__benjamin-west_the-angel-of-the-lord-announcing-the-resurrection-1805.jpg,Rococo_Rococo__benjamin-west_the-angel-of-the-lord-announcing-the-resurrection-1805_to_Minimalism.png,0.54398143,0.0,0.779258131980896,0.0
Rococo,Minimalism,Rococo__pietro-longhi_the-tooth-extractor.jpg,Rococo_Rococo__pietro-longhi_the-tooth-extractor_to_Minimalism.png,0.5331931,0.0,0.8348070383071899,0.0
Rococo,Minimalism,Rococo__canaletto_london-the-thames-and-the-city-of-london-from-the-terrace-of-richmond-house.jpg,Rococo_Rococo__canaletto_london-the-thames-and-the-city-of-london-from-the-terrace-of-richmond-house_to_Minimalism.png,0.4025588,0.0,0.8673461079597473,0.0
Rococo,Minimalism,Rococo__carl-ludwig-johann-christineck_nikolai-mordvinov-1771.jpg,Rococo_Rococo__carl-ludwig-johann-christineck_nikolai-mordvinov-1771_to_Minimalism.png,0.5752653,0.0,0.7503029108047485,0.0
Rococo,Rococo,Rococo__benjamin-west_the-angel-of-the-lord-announcing-the-resurrection-1805.jpg,Rococo_Rococo__benjamin-west_the-angel-of-the-lord-announcing-the-resurrection-1805_to_Rococo.png,0.44512725,0.0,0.7490651607513428,0.0
Rococo,Rococo,Rococo__pietro-longhi_the-tooth-extractor.jpg,Rococo_Rococo__pietro-longhi_the-tooth-extractor_to_Rococo.png,0.44659373,0.0,0.7709987759590149,0.0
Rococo,Rococo,Rococo__canaletto_london-the-thames-and-the-city-of-london-from-the-terrace-of-richmond-house.jpg,Rococo_Rococo__canaletto_london-the-thames-and-the-city-of-london-from-the-terrace-of-richmond-house_to_Rococo.png,0.41569328,0.0,0.6166344285011292,0.0
Rococo,Rococo,Rococo__carl-ludwig-johann-christineck_nikolai-mordvinov-1771.jpg,Rococo_Rococo__carl-ludwig-johann-christineck_nikolai-mordvinov-1771_to_Rococo.png,0.48830846,0.0,0.8136416673660278,0.0
Rococo,Ukiyo_e,Rococo__benjamin-west_the-angel-of-the-lord-announcing-the-resurrection-1805.jpg,Rococo_Rococo__benjamin-west_the-angel-of-the-lord-announcing-the-resurrection-1805_to_Ukiyo_e.png,0.4368403,0.0,0.6947497129440308,0.0
Rococo,Ukiyo_e,Rococo__pietro-longhi_the-tooth-extractor.jpg,Rococo_Rococo__pietro-longhi_the-tooth-extractor_to_Ukiyo_e.png,0.41625473,0.0,0.718199610710144,0.0
Rococo,Ukiyo_e,Rococo__canaletto_london-the-thames-and-the-city-of-london-from-the-terrace-of-richmond-house.jpg,Rococo_Rococo__canaletto_london-the-thames-and-the-city-of-london-from-the-terrace-of-richmond-house_to_Ukiyo_e.png,0.30180207,0.0,0.6878888607025146,0.0
Rococo,Ukiyo_e,Rococo__carl-ludwig-johann-christineck_nikolai-mordvinov-1771.jpg,Rococo_Rococo__carl-ludwig-johann-christineck_nikolai-mordvinov-1771_to_Ukiyo_e.png,0.46524268,0.0,0.7218672037124634,0.0
Rococo,Early_Renaissance,Rococo__maurice-quentin-de-la-tour_study-for-portrait-of-mademoiselle-dangeville-1.jpg,Rococo_Rococo__maurice-quentin-de-la-tour_study-for-portrait-of-mademoiselle-dangeville-1_to_Early_Renaissance.png,0.41210848,0.0,0.6860969066619873,0.0
Rococo,Early_Renaissance,Rococo__antoine-pesne_carl-heinrich-graun.jpg,Rococo_Rococo__antoine-pesne_carl-heinrich-graun_to_Early_Renaissance.png,0.4040238,0.0,0.6760849356651306,0.0
Rococo,Early_Renaissance,Rococo__benjamin-west_self-portrait-1770.jpg,Rococo_Rococo__benjamin-west_self-portrait-1770_to_Early_Renaissance.png,0.3894584,0.0,0.6446287035942078,0.0
Rococo,Early_Renaissance,Rococo__louise-elisabeth-vigee-le-brun_portrait-of-joseph-vernet-1778.jpg,Rococo_Rococo__louise-elisabeth-vigee-le-brun_portrait-of-joseph-vernet-1778_to_Early_Renaissance.png,0.4458886,0.0,0.6863972544670105,0.0
Rococo,Impressionism,Rococo__maurice-quentin-de-la-tour_study-for-portrait-of-mademoiselle-dangeville-1.jpg,Rococo_Rococo__maurice-quentin-de-la-tour_study-for-portrait-of-mademoiselle-dangeville-1_to_Impressionism.png,0.41558546,0.0,0.6594637632369995,0.0
Rococo,Impressionism,Rococo__antoine-pesne_carl-heinrich-graun.jpg,Rococo_Rococo__antoine-pesne_carl-heinrich-graun_to_Impressionism.png,0.4101828,0.0,0.6771191358566284,0.0
Rococo,Impressionism,Rococo__benjamin-west_self-portrait-1770.jpg,Rococo_Rococo__benjamin-west_self-portrait-1770_to_Impressionism.png,0.41103697,0.0,0.6543389558792114,0.0
Rococo,Impressionism,Rococo__louise-elisabeth-vigee-le-brun_portrait-of-joseph-vernet-1778.jpg,Rococo_Rococo__louise-elisabeth-vigee-le-brun_portrait-of-joseph-vernet-1778_to_Impressionism.png,0.459434,0.0,0.6632505655288696,0.0
Rococo,Minimalism,Rococo__maurice-quentin-de-la-tour_study-for-portrait-of-mademoiselle-dangeville-1.jpg,Rococo_Rococo__maurice-quentin-de-la-tour_study-for-portrait-of-mademoiselle-dangeville-1_to_Minimalism.png,0.5198178,0.0,0.6455720067024231,0.0
Rococo,Minimalism,Rococo__antoine-pesne_carl-heinrich-graun.jpg,Rococo_Rococo__antoine-pesne_carl-heinrich-graun_to_Minimalism.png,0.54114556,0.0,0.7162516713142395,0.0
Rococo,Minimalism,Rococo__benjamin-west_self-portrait-1770.jpg,Rococo_Rococo__benjamin-west_self-portrait-1770_to_Minimalism.png,0.5425177,0.0,0.6982225775718689,0.0
Rococo,Minimalism,Rococo__louise-elisabeth-vigee-le-brun_portrait-of-joseph-vernet-1778.jpg,Rococo_Rococo__louise-elisabeth-vigee-le-brun_portrait-of-joseph-vernet-1778_to_Minimalism.png,0.5554192,0.0,0.7186176180839539,0.0
Rococo,Rococo,Rococo__maurice-quentin-de-la-tour_study-for-portrait-of-mademoiselle-dangeville-1.jpg,Rococo_Rococo__maurice-quentin-de-la-tour_study-for-portrait-of-mademoiselle-dangeville-1_to_Rococo.png,0.42722315,0.0,0.7663943767547607,0.0
Rococo,Rococo,Rococo__antoine-pesne_carl-heinrich-graun.jpg,Rococo_Rococo__antoine-pesne_carl-heinrich-graun_to_Rococo.png,0.41152096,0.0,0.8111992478370667,0.0
Rococo,Rococo,Rococo__benjamin-west_self-portrait-1770.jpg,Rococo_Rococo__benjamin-west_self-portrait-1770_to_Rococo.png,0.413571,0.0,0.8151737451553345,0.0
Rococo,Rococo,Rococo__louise-elisabeth-vigee-le-brun_portrait-of-joseph-vernet-1778.jpg,Rococo_Rococo__louise-elisabeth-vigee-le-brun_portrait-of-joseph-vernet-1778_to_Rococo.png,0.4545105,0.0,0.8367500305175781,0.0
Rococo,Ukiyo_e,Rococo__maurice-quentin-de-la-tour_study-for-portrait-of-mademoiselle-dangeville-1.jpg,Rococo_Rococo__maurice-quentin-de-la-tour_study-for-portrait-of-mademoiselle-dangeville-1_to_Ukiyo_e.png,0.404258,0.0,0.6025267839431763,0.0
Rococo,Ukiyo_e,Rococo__antoine-pesne_carl-heinrich-graun.jpg,Rococo_Rococo__antoine-pesne_carl-heinrich-graun_to_Ukiyo_e.png,0.39501524,0.0,0.6676005721092224,0.0
Rococo,Ukiyo_e,Rococo__benjamin-west_self-portrait-1770.jpg,Rococo_Rococo__benjamin-west_self-portrait-1770_to_Ukiyo_e.png,0.4204096,0.0,0.6728235483169556,0.0
Rococo,Ukiyo_e,Rococo__louise-elisabeth-vigee-le-brun_portrait-of-joseph-vernet-1778.jpg,Rococo_Rococo__louise-elisabeth-vigee-le-brun_portrait-of-joseph-vernet-1778_to_Ukiyo_e.png,0.4590058,0.0,0.6486127376556396,0.0
Ukiyo_e,Early_Renaissance,Ukiyo_e__utagawa-kunisada_not_detected_240381(1).jpg,Ukiyo_e_Ukiyo_e__utagawa-kunisada_not_detected_240381(1)_to_Early_Renaissance.png,0.44469786,0.0,0.7287655472755432,0.0
Ukiyo_e,Early_Renaissance,Ukiyo_e__tsukioka-yoshitoshi_not_detected_242419.jpg,Ukiyo_e_Ukiyo_e__tsukioka-yoshitoshi_not_detected_242419_to_Early_Renaissance.png,0.39562845,0.0,0.6330036520957947,0.0
Ukiyo_e,Early_Renaissance,Ukiyo_e__kitagawa-utamaro_upon-my-oath.jpg,Ukiyo_e_Ukiyo_e__kitagawa-utamaro_upon-my-oath_to_Early_Renaissance.png,0.35645044,0.0,0.6133639812469482,0.0
Ukiyo_e,Early_Renaissance,Ukiyo_e__utagawa-kuniyoshi_tamatori-being-pursued-bya-dragon.jpg,Ukiyo_e_Ukiyo_e__utagawa-kuniyoshi_tamatori-being-pursued-bya-dragon_to_Early_Renaissance.png,0.46111473,0.0,0.7484525442123413,0.0
Ukiyo_e,Impressionism,Ukiyo_e__utagawa-kunisada_not_detected_240381(1).jpg,Ukiyo_e_Ukiyo_e__utagawa-kunisada_not_detected_240381(1)_to_Impressionism.png,0.43650448,0.0,0.7458035945892334,0.0
Ukiyo_e,Impressionism,Ukiyo_e__tsukioka-yoshitoshi_not_detected_242419.jpg,Ukiyo_e_Ukiyo_e__tsukioka-yoshitoshi_not_detected_242419_to_Impressionism.png,0.3822158,0.0,0.7128635048866272,0.0
Ukiyo_e,Impressionism,Ukiyo_e__kitagawa-utamaro_upon-my-oath.jpg,Ukiyo_e_Ukiyo_e__kitagawa-utamaro_upon-my-oath_to_Impressionism.png,0.34716332,0.0,0.6432888507843018,0.0
Ukiyo_e,Impressionism,Ukiyo_e__utagawa-kuniyoshi_tamatori-being-pursued-bya-dragon.jpg,Ukiyo_e_Ukiyo_e__utagawa-kuniyoshi_tamatori-being-pursued-bya-dragon_to_Impressionism.png,0.4596354,0.0,0.767974853515625,0.0
Ukiyo_e,Minimalism,Ukiyo_e__utagawa-kunisada_not_detected_240381(1).jpg,Ukiyo_e_Ukiyo_e__utagawa-kunisada_not_detected_240381(1)_to_Minimalism.png,0.5163452,0.0,0.8696452975273132,0.0
Ukiyo_e,Minimalism,Ukiyo_e__tsukioka-yoshitoshi_not_detected_242419.jpg,Ukiyo_e_Ukiyo_e__tsukioka-yoshitoshi_not_detected_242419_to_Minimalism.png,0.4920361,0.0,0.854067325592041,0.0
Ukiyo_e,Minimalism,Ukiyo_e__kitagawa-utamaro_upon-my-oath.jpg,Ukiyo_e_Ukiyo_e__kitagawa-utamaro_upon-my-oath_to_Minimalism.png,0.41681647,0.0,0.8014533519744873,0.0
Ukiyo_e,Minimalism,Ukiyo_e__utagawa-kuniyoshi_tamatori-being-pursued-bya-dragon.jpg,Ukiyo_e_Ukiyo_e__utagawa-kuniyoshi_tamatori-being-pursued-bya-dragon_to_Minimalism.png,0.55840874,0.0,0.8170377016067505,0.0
Ukiyo_e,Rococo,Ukiyo_e__utagawa-kunisada_not_detected_240381(1).jpg,Ukiyo_e_Ukiyo_e__utagawa-kunisada_not_detected_240381(1)_to_Rococo.png,0.47065237,0.0,0.7244168519973755,0.0
Ukiyo_e,Rococo,Ukiyo_e__tsukioka-yoshitoshi_not_detected_242419.jpg,Ukiyo_e_Ukiyo_e__tsukioka-yoshitoshi_not_detected_242419_to_Rococo.png,0.41937578,0.0,0.548215389251709,0.0
Ukiyo_e,Rococo,Ukiyo_e__kitagawa-utamaro_upon-my-oath.jpg,Ukiyo_e_Ukiyo_e__kitagawa-utamaro_upon-my-oath_to_Rococo.png,0.38544118,0.0,0.6218605041503906,0.0
Ukiyo_e,Rococo,Ukiyo_e__utagawa-kuniyoshi_tamatori-being-pursued-bya-dragon.jpg,Ukiyo_e_Ukiyo_e__utagawa-kuniyoshi_tamatori-being-pursued-bya-dragon_to_Rococo.png,0.48291725,0.0,0.666801929473877,0.0
Ukiyo_e,Ukiyo_e,Ukiyo_e__utagawa-kunisada_not_detected_240381(1).jpg,Ukiyo_e_Ukiyo_e__utagawa-kunisada_not_detected_240381(1)_to_Ukiyo_e.png,0.40330404,0.0,0.8930185437202454,0.0
Ukiyo_e,Ukiyo_e,Ukiyo_e__tsukioka-yoshitoshi_not_detected_242419.jpg,Ukiyo_e_Ukiyo_e__tsukioka-yoshitoshi_not_detected_242419_to_Ukiyo_e.png,0.3653289,0.0,0.7812480926513672,0.0
Ukiyo_e,Ukiyo_e,Ukiyo_e__kitagawa-utamaro_upon-my-oath.jpg,Ukiyo_e_Ukiyo_e__kitagawa-utamaro_upon-my-oath_to_Ukiyo_e.png,0.30115935,0.0,0.8436408042907715,0.0
Ukiyo_e,Ukiyo_e,Ukiyo_e__utagawa-kuniyoshi_tamatori-being-pursued-bya-dragon.jpg,Ukiyo_e_Ukiyo_e__utagawa-kuniyoshi_tamatori-being-pursued-bya-dragon_to_Ukiyo_e.png,0.45537376,0.0,0.7872244119644165,0.0
Ukiyo_e,Early_Renaissance,Ukiyo_e__utagawa-kuniyoshi_a-record-of-origins-of-the-great-country-of-japan.jpg,Ukiyo_e_Ukiyo_e__utagawa-kuniyoshi_a-record-of-origins-of-the-great-country-of-japan_to_Early_Renaissance.png,0.37459996,0.0,0.7476084232330322,0.0
Ukiyo_e,Early_Renaissance,Ukiyo_e__katsushika-hokusai_woman-looking-at-herself-in-a-mirror.jpg,Ukiyo_e_Ukiyo_e__katsushika-hokusai_woman-looking-at-herself-in-a-mirror_to_Early_Renaissance.png,0.40234917,0.0,0.7201492190361023,0.0
Ukiyo_e,Early_Renaissance,Ukiyo_e__katsushika-hokusai_ono-shindon-in-the-suraga-province.jpg,Ukiyo_e_Ukiyo_e__katsushika-hokusai_ono-shindon-in-the-suraga-province_to_Early_Renaissance.png,0.3866217,0.0,0.6745541095733643,0.0
Ukiyo_e,Early_Renaissance,Ukiyo_e__ogata-gekko_nihon-hana-zue-1896.jpg,Ukiyo_e_Ukiyo_e__ogata-gekko_nihon-hana-zue-1896_to_Early_Renaissance.png,0.4292064,0.0,0.6758495569229126,0.0
Ukiyo_e,Impressionism,Ukiyo_e__utagawa-kuniyoshi_a-record-of-origins-of-the-great-country-of-japan.jpg,Ukiyo_e_Ukiyo_e__utagawa-kuniyoshi_a-record-of-origins-of-the-great-country-of-japan_to_Impressionism.png,0.38563532,0.0,0.7277841567993164,0.0
Ukiyo_e,Impressionism,Ukiyo_e__katsushika-hokusai_woman-looking-at-herself-in-a-mirror.jpg,Ukiyo_e_Ukiyo_e__katsushika-hokusai_woman-looking-at-herself-in-a-mirror_to_Impressionism.png,0.3895734,0.0,0.7418996095657349,0.0
Ukiyo_e,Impressionism,Ukiyo_e__katsushika-hokusai_ono-shindon-in-the-suraga-province.jpg,Ukiyo_e_Ukiyo_e__katsushika-hokusai_ono-shindon-in-the-suraga-province_to_Impressionism.png,0.37700155,0.0,0.6892286539077759,0.0
Ukiyo_e,Impressionism,Ukiyo_e__ogata-gekko_nihon-hana-zue-1896.jpg,Ukiyo_e_Ukiyo_e__ogata-gekko_nihon-hana-zue-1896_to_Impressionism.png,0.39924031,0.0,0.742864727973938,0.0
Ukiyo_e,Minimalism,Ukiyo_e__utagawa-kuniyoshi_a-record-of-origins-of-the-great-country-of-japan.jpg,Ukiyo_e_Ukiyo_e__utagawa-kuniyoshi_a-record-of-origins-of-the-great-country-of-japan_to_Minimalism.png,0.47989178,0.0,0.8344197273254395,0.0
Ukiyo_e,Minimalism,Ukiyo_e__katsushika-hokusai_woman-looking-at-herself-in-a-mirror.jpg,Ukiyo_e_Ukiyo_e__katsushika-hokusai_woman-looking-at-herself-in-a-mirror_to_Minimalism.png,0.5146659,0.0,0.8758522868156433,0.0
Ukiyo_e,Minimalism,Ukiyo_e__katsushika-hokusai_ono-shindon-in-the-suraga-province.jpg,Ukiyo_e_Ukiyo_e__katsushika-hokusai_ono-shindon-in-the-suraga-province_to_Minimalism.png,0.45579284,0.0,0.7653830051422119,0.0
Ukiyo_e,Minimalism,Ukiyo_e__ogata-gekko_nihon-hana-zue-1896.jpg,Ukiyo_e_Ukiyo_e__ogata-gekko_nihon-hana-zue-1896_to_Minimalism.png,0.43326068,0.0,0.8312268257141113,0.0
Ukiyo_e,Rococo,Ukiyo_e__utagawa-kuniyoshi_a-record-of-origins-of-the-great-country-of-japan.jpg,Ukiyo_e_Ukiyo_e__utagawa-kuniyoshi_a-record-of-origins-of-the-great-country-of-japan_to_Rococo.png,0.40839148,0.0,0.6438026428222656,0.0
Ukiyo_e,Rococo,Ukiyo_e__katsushika-hokusai_woman-looking-at-herself-in-a-mirror.jpg,Ukiyo_e_Ukiyo_e__katsushika-hokusai_woman-looking-at-herself-in-a-mirror_to_Rococo.png,0.42422265,0.0,0.6565889120101929,0.0
Ukiyo_e,Rococo,Ukiyo_e__katsushika-hokusai_ono-shindon-in-the-suraga-province.jpg,Ukiyo_e_Ukiyo_e__katsushika-hokusai_ono-shindon-in-the-suraga-province_to_Rococo.png,0.41977245,0.0,0.5907012820243835,0.0
Ukiyo_e,Rococo,Ukiyo_e__ogata-gekko_nihon-hana-zue-1896.jpg,Ukiyo_e_Ukiyo_e__ogata-gekko_nihon-hana-zue-1896_to_Rococo.png,0.45108435,0.0,0.6766706705093384,0.0
Ukiyo_e,Ukiyo_e,Ukiyo_e__utagawa-kuniyoshi_a-record-of-origins-of-the-great-country-of-japan.jpg,Ukiyo_e_Ukiyo_e__utagawa-kuniyoshi_a-record-of-origins-of-the-great-country-of-japan_to_Ukiyo_e.png,0.35054976,0.0,0.8048232793807983,0.0
Ukiyo_e,Ukiyo_e,Ukiyo_e__katsushika-hokusai_woman-looking-at-herself-in-a-mirror.jpg,Ukiyo_e_Ukiyo_e__katsushika-hokusai_woman-looking-at-herself-in-a-mirror_to_Ukiyo_e.png,0.36439538,0.0,0.8326942920684814,0.0
Ukiyo_e,Ukiyo_e,Ukiyo_e__katsushika-hokusai_ono-shindon-in-the-suraga-province.jpg,Ukiyo_e_Ukiyo_e__katsushika-hokusai_ono-shindon-in-the-suraga-province_to_Ukiyo_e.png,0.33882713,0.0,0.8621740937232971,0.0
Ukiyo_e,Ukiyo_e,Ukiyo_e__ogata-gekko_nihon-hana-zue-1896.jpg,Ukiyo_e_Ukiyo_e__ogata-gekko_nihon-hana-zue-1896_to_Ukiyo_e.png,0.32333755,0.0,0.8705168962478638,0.0
Ukiyo_e,Early_Renaissance,Ukiyo_e__kitagawa-utamaro_yama-uba-and-kintaro-1.jpg,Ukiyo_e_Ukiyo_e__kitagawa-utamaro_yama-uba-and-kintaro-1_to_Early_Renaissance.png,0.4279571,0.0,0.6337377429008484,0.0
Ukiyo_e,Early_Renaissance,Ukiyo_e__utagawa-kunisada-ii_oichi-from-the-beauties-of-tokyo-series.jpg,Ukiyo_e_Ukiyo_e__utagawa-kunisada-ii_oichi-from-the-beauties-of-tokyo-series_to_Early_Renaissance.png,0.42970186,0.0,0.7540023326873779,0.0
Ukiyo_e,Early_Renaissance,Ukiyo_e__kitagawa-utamaro_the-hour-of-the-horse.jpg,Ukiyo_e_Ukiyo_e__kitagawa-utamaro_the-hour-of-the-horse_to_Early_Renaissance.png,0.4090293,0.0,0.6855564117431641,0.0
Ukiyo_e,Early_Renaissance,Ukiyo_e__utagawa-kuniyoshi_kuzunoha.jpg,Ukiyo_e_Ukiyo_e__utagawa-kuniyoshi_kuzunoha_to_Early_Renaissance.png,0.39742047,0.0,0.7282111644744873,0.0
Ukiyo_e,Impressionism,Ukiyo_e__kitagawa-utamaro_yama-uba-and-kintaro-1.jpg,Ukiyo_e_Ukiyo_e__kitagawa-utamaro_yama-uba-and-kintaro-1_to_Impressionism.png,0.40884268,0.0,0.658289909362793,0.0
Ukiyo_e,Impressionism,Ukiyo_e__utagawa-kunisada-ii_oichi-from-the-beauties-of-tokyo-series.jpg,Ukiyo_e_Ukiyo_e__utagawa-kunisada-ii_oichi-from-the-beauties-of-tokyo-series_to_Impressionism.png,0.41457683,0.0,0.761412501335144,0.0
Ukiyo_e,Impressionism,Ukiyo_e__kitagawa-utamaro_the-hour-of-the-horse.jpg,Ukiyo_e_Ukiyo_e__kitagawa-utamaro_the-hour-of-the-horse_to_Impressionism.png,0.42267182,0.0,0.7172755599021912,0.0
Ukiyo_e,Impressionism,Ukiyo_e__utagawa-kuniyoshi_kuzunoha.jpg,Ukiyo_e_Ukiyo_e__utagawa-kuniyoshi_kuzunoha_to_Impressionism.png,0.40871602,0.0,0.6845797300338745,0.0
Ukiyo_e,Minimalism,Ukiyo_e__kitagawa-utamaro_yama-uba-and-kintaro-1.jpg,Ukiyo_e_Ukiyo_e__kitagawa-utamaro_yama-uba-and-kintaro-1_to_Minimalism.png,0.35851634,0.0,0.7756012678146362,0.0
Ukiyo_e,Minimalism,Ukiyo_e__utagawa-kunisada-ii_oichi-from-the-beauties-of-tokyo-series.jpg,Ukiyo_e_Ukiyo_e__utagawa-kunisada-ii_oichi-from-the-beauties-of-tokyo-series_to_Minimalism.png,0.5185572,0.0,0.7042859792709351,0.0
Ukiyo_e,Minimalism,Ukiyo_e__kitagawa-utamaro_the-hour-of-the-horse.jpg,Ukiyo_e_Ukiyo_e__kitagawa-utamaro_the-hour-of-the-horse_to_Minimalism.png,0.52125466,0.0,0.7624358534812927,0.0
Ukiyo_e,Minimalism,Ukiyo_e__utagawa-kuniyoshi_kuzunoha.jpg,Ukiyo_e_Ukiyo_e__utagawa-kuniyoshi_kuzunoha_to_Minimalism.png,0.46718162,0.0,0.8653294444084167,0.0
Ukiyo_e,Rococo,Ukiyo_e__kitagawa-utamaro_yama-uba-and-kintaro-1.jpg,Ukiyo_e_Ukiyo_e__kitagawa-utamaro_yama-uba-and-kintaro-1_to_Rococo.png,0.4454515,0.0,0.6364108324050903,0.0
Ukiyo_e,Rococo,Ukiyo_e__utagawa-kunisada-ii_oichi-from-the-beauties-of-tokyo-series.jpg,Ukiyo_e_Ukiyo_e__utagawa-kunisada-ii_oichi-from-the-beauties-of-tokyo-series_to_Rococo.png,0.4345451,0.0,0.6989644169807434,0.0
Ukiyo_e,Rococo,Ukiyo_e__kitagawa-utamaro_the-hour-of-the-horse.jpg,Ukiyo_e_Ukiyo_e__kitagawa-utamaro_the-hour-of-the-horse_to_Rococo.png,0.44050252,0.0,0.7133135795593262,0.0
Ukiyo_e,Rococo,Ukiyo_e__utagawa-kuniyoshi_kuzunoha.jpg,Ukiyo_e_Ukiyo_e__utagawa-kuniyoshi_kuzunoha_to_Rococo.png,0.41205156,0.0,0.6227675676345825,0.0
Ukiyo_e,Ukiyo_e,Ukiyo_e__kitagawa-utamaro_yama-uba-and-kintaro-1.jpg,Ukiyo_e_Ukiyo_e__kitagawa-utamaro_yama-uba-and-kintaro-1_to_Ukiyo_e.png,0.30682528,0.0,0.7538244128227234,0.0
Ukiyo_e,Ukiyo_e,Ukiyo_e__utagawa-kunisada-ii_oichi-from-the-beauties-of-tokyo-series.jpg,Ukiyo_e_Ukiyo_e__utagawa-kunisada-ii_oichi-from-the-beauties-of-tokyo-series_to_Ukiyo_e.png,0.40421563,0.0,0.8911868333816528,0.0
Ukiyo_e,Ukiyo_e,Ukiyo_e__kitagawa-utamaro_the-hour-of-the-horse.jpg,Ukiyo_e_Ukiyo_e__kitagawa-utamaro_the-hour-of-the-horse_to_Ukiyo_e.png,0.38776731,0.0,0.8357908129692078,0.0
Ukiyo_e,Ukiyo_e,Ukiyo_e__utagawa-kuniyoshi_kuzunoha.jpg,Ukiyo_e_Ukiyo_e__utagawa-kuniyoshi_kuzunoha_to_Ukiyo_e.png,0.35696632,0.0,0.8426609635353088,0.0
Ukiyo_e,Early_Renaissance,Ukiyo_e__utagawa-toyokuni_the-heian-courtier.jpg,Ukiyo_e_Ukiyo_e__utagawa-toyokuni_the-heian-courtier_to_Early_Renaissance.png,0.38304064,0.0,0.652281641960144,0.0
Ukiyo_e,Early_Renaissance,Ukiyo_e__utagawa-kuniyoshi_a-man-confronted-with-an-apparition-of-the-fox-goddess.jpg,Ukiyo_e_Ukiyo_e__utagawa-kuniyoshi_a-man-confronted-with-an-apparition-of-the-fox-goddess_to_Early_Renaissance.png,0.44645208,0.0,0.7172390818595886,0.0
Ukiyo_e,Early_Renaissance,Ukiyo_e__utagawa-kunisada_not_detected_240333.jpg,Ukiyo_e_Ukiyo_e__utagawa-kunisada_not_detected_240333_to_Early_Renaissance.png,0.427226,0.0,0.7237016558647156,0.0
Ukiyo_e,Early_Renaissance,Ukiyo_e__utagawa-kuniyoshi_tsuchigumo.jpg,Ukiyo_e_Ukiyo_e__utagawa-kuniyoshi_tsuchigumo_to_Early_Renaissance.png,0.44240645,0.0,0.7180182933807373,0.0
Ukiyo_e,Impressionism,Ukiyo_e__utagawa-toyokuni_the-heian-courtier.jpg,Ukiyo_e_Ukiyo_e__utagawa-toyokuni_the-heian-courtier_to_Impressionism.png,0.36811334,0.0,0.6814253926277161,0.0
Ukiyo_e,Impressionism,Ukiyo_e__utagawa-kuniyoshi_a-man-confronted-with-an-apparition-of-the-fox-goddess.jpg,Ukiyo_e_Ukiyo_e__utagawa-kuniyoshi_a-man-confronted-with-an-apparition-of-the-fox-goddess_to_Impressionism.png,0.44327363,0.0,0.6796161532402039,0.0
Ukiyo_e,Impressionism,Ukiyo_e__utagawa-kunisada_not_detected_240333.jpg,Ukiyo_e_Ukiyo_e__utagawa-kunisada_not_detected_240333_to_Impressionism.png,0.42189887,0.0,0.7798599004745483,0.0
Ukiyo_e,Impressionism,Ukiyo_e__utagawa-kuniyoshi_tsuchigumo.jpg,Ukiyo_e_Ukiyo_e__utagawa-kuniyoshi_tsuchigumo_to_Impressionism.png,0.45175752,0.0,0.7569543719291687,0.0
Ukiyo_e,Minimalism,Ukiyo_e__utagawa-toyokuni_the-heian-courtier.jpg,Ukiyo_e_Ukiyo_e__utagawa-toyokuni_the-heian-courtier_to_Minimalism.png,0.46403557,0.0,0.7770587205886841,0.0
Ukiyo_e,Minimalism,Ukiyo_e__utagawa-kuniyoshi_a-man-confronted-with-an-apparition-of-the-fox-goddess.jpg,Ukiyo_e_Ukiyo_e__utagawa-kuniyoshi_a-man-confronted-with-an-apparition-of-the-fox-goddess_to_Minimalism.png,0.56795526,0.0,0.8273686170578003,0.0
Ukiyo_e,Minimalism,Ukiyo_e__utagawa-kunisada_not_detected_240333.jpg,Ukiyo_e_Ukiyo_e__utagawa-kunisada_not_detected_240333_to_Minimalism.png,0.5219207,0.0,0.8697212934494019,0.0
Ukiyo_e,Minimalism,Ukiyo_e__utagawa-kuniyoshi_tsuchigumo.jpg,Ukiyo_e_Ukiyo_e__utagawa-kuniyoshi_tsuchigumo_to_Minimalism.png,0.54979104,0.0,0.8919105529785156,0.0
Ukiyo_e,Rococo,Ukiyo_e__utagawa-toyokuni_the-heian-courtier.jpg,Ukiyo_e_Ukiyo_e__utagawa-toyokuni_the-heian-courtier_to_Rococo.png,0.4284708,0.0,0.6383482813835144,0.0
Ukiyo_e,Rococo,Ukiyo_e__utagawa-kuniyoshi_a-man-confronted-with-an-apparition-of-the-fox-goddess.jpg,Ukiyo_e_Ukiyo_e__utagawa-kuniyoshi_a-man-confronted-with-an-apparition-of-the-fox-goddess_to_Rococo.png,0.48612785,0.0,0.6626713871955872,0.0
Ukiyo_e,Rococo,Ukiyo_e__utagawa-kunisada_not_detected_240333.jpg,Ukiyo_e_Ukiyo_e__utagawa-kunisada_not_detected_240333_to_Rococo.png,0.47489917,0.0,0.671919047832489,0.0
Ukiyo_e,Rococo,Ukiyo_e__utagawa-kuniyoshi_tsuchigumo.jpg,Ukiyo_e_Ukiyo_e__utagawa-kuniyoshi_tsuchigumo_to_Rococo.png,0.48310798,0.0,0.693191409111023,0.0
Ukiyo_e,Ukiyo_e,Ukiyo_e__utagawa-toyokuni_the-heian-courtier.jpg,Ukiyo_e_Ukiyo_e__utagawa-toyokuni_the-heian-courtier_to_Ukiyo_e.png,0.3366517,0.0,0.8983464241027832,0.0
Ukiyo_e,Ukiyo_e,Ukiyo_e__utagawa-kuniyoshi_a-man-confronted-with-an-apparition-of-the-fox-goddess.jpg,Ukiyo_e_Ukiyo_e__utagawa-kuniyoshi_a-man-confronted-with-an-apparition-of-the-fox-goddess_to_Ukiyo_e.png,0.43004242,0.0,0.9320629239082336,0.0
Ukiyo_e,Ukiyo_e,Ukiyo_e__utagawa-kunisada_not_detected_240333.jpg,Ukiyo_e_Ukiyo_e__utagawa-kunisada_not_detected_240333_to_Ukiyo_e.png,0.4029101,0.0,0.8181323409080505,0.0
Ukiyo_e,Ukiyo_e,Ukiyo_e__utagawa-kuniyoshi_tsuchigumo.jpg,Ukiyo_e_Ukiyo_e__utagawa-kuniyoshi_tsuchigumo_to_Ukiyo_e.png,0.41136536,0.0,0.8640637993812561,0.0
Ukiyo_e,Early_Renaissance,Ukiyo_e__hiroshige_oiso-toraga-ame-shower-1835.jpg,Ukiyo_e_Ukiyo_e__hiroshige_oiso-toraga-ame-shower-1835_to_Early_Renaissance.png,0.40515345,0.0,0.6790566444396973,0.0
Ukiyo_e,Early_Renaissance,Ukiyo_e__ogata-gekko_print-from-series-women-s-customs-and-manners-1895-1.jpg,Ukiyo_e_Ukiyo_e__ogata-gekko_print-from-series-women-s-customs-and-manners-1895-1_to_Early_Renaissance.png,0.40690687,0.0,0.5914831161499023,0.0
Ukiyo_e,Early_Renaissance,Ukiyo_e__utagawa-kunisada_not_detected_240353.jpg,Ukiyo_e_Ukiyo_e__utagawa-kunisada_not_detected_240353_to_Early_Renaissance.png,0.4298567,0.0,0.7375895380973816,0.0
Ukiyo_e,Early_Renaissance,Ukiyo_e__katsushika-hokusai_cargo-ship-and-wave.jpg,Ukiyo_e_Ukiyo_e__katsushika-hokusai_cargo-ship-and-wave_to_Early_Renaissance.png,0.31738716,0.0,0.6988227963447571,0.0
Ukiyo_e,Impressionism,Ukiyo_e__hiroshige_oiso-toraga-ame-shower-1835.jpg,Ukiyo_e_Ukiyo_e__hiroshige_oiso-toraga-ame-shower-1835_to_Impressionism.png,0.41241917,0.0,0.754980206489563,0.0
Ukiyo_e,Impressionism,Ukiyo_e__ogata-gekko_print-from-series-women-s-customs-and-manners-1895-1.jpg,Ukiyo_e_Ukiyo_e__ogata-gekko_print-from-series-women-s-customs-and-manners-1895-1_to_Impressionism.png,0.39720616,0.0,0.6718136668205261,0.0
Ukiyo_e,Impressionism,Ukiyo_e__utagawa-kunisada_not_detected_240353.jpg,Ukiyo_e_Ukiyo_e__utagawa-kunisada_not_detected_240353_to_Impressionism.png,0.43121773,0.0,0.7969621419906616,0.0
Ukiyo_e,Impressionism,Ukiyo_e__katsushika-hokusai_cargo-ship-and-wave.jpg,Ukiyo_e_Ukiyo_e__katsushika-hokusai_cargo-ship-and-wave_to_Impressionism.png,0.32375747,0.0,0.7233867049217224,0.0
Ukiyo_e,Minimalism,Ukiyo_e__hiroshige_oiso-toraga-ame-shower-1835.jpg,Ukiyo_e_Ukiyo_e__hiroshige_oiso-toraga-ame-shower-1835_to_Minimalism.png,0.5100944,0.0,0.8464486002922058,0.0
Ukiyo_e,Minimalism,Ukiyo_e__ogata-gekko_print-from-series-women-s-customs-and-manners-1895-1.jpg,Ukiyo_e_Ukiyo_e__ogata-gekko_print-from-series-women-s-customs-and-manners-1895-1_to_Minimalism.png,0.4459809,0.0,0.8164017796516418,0.0
Ukiyo_e,Minimalism,Ukiyo_e__utagawa-kunisada_not_detected_240353.jpg,Ukiyo_e_Ukiyo_e__utagawa-kunisada_not_detected_240353_to_Minimalism.png,0.5232628,0.0,0.7532310485839844,0.0
Ukiyo_e,Minimalism,Ukiyo_e__katsushika-hokusai_cargo-ship-and-wave.jpg,Ukiyo_e_Ukiyo_e__katsushika-hokusai_cargo-ship-and-wave_to_Minimalism.png,0.42936152,0.0,0.8070019483566284,0.0
Ukiyo_e,Rococo,Ukiyo_e__hiroshige_oiso-toraga-ame-shower-1835.jpg,Ukiyo_e_Ukiyo_e__hiroshige_oiso-toraga-ame-shower-1835_to_Rococo.png,0.4245739,0.0,0.6723471879959106,0.0
Ukiyo_e,Rococo,Ukiyo_e__ogata-gekko_print-from-series-women-s-customs-and-manners-1895-1.jpg,Ukiyo_e_Ukiyo_e__ogata-gekko_print-from-series-women-s-customs-and-manners-1895-1_to_Rococo.png,0.42872405,0.0,0.587669312953949,0.0
Ukiyo_e,Rococo,Ukiyo_e__utagawa-kunisada_not_detected_240353.jpg,Ukiyo_e_Ukiyo_e__utagawa-kunisada_not_detected_240353_to_Rococo.png,0.45419103,0.0,0.6700040102005005,0.0
Ukiyo_e,Rococo,Ukiyo_e__katsushika-hokusai_cargo-ship-and-wave.jpg,Ukiyo_e_Ukiyo_e__katsushika-hokusai_cargo-ship-and-wave_to_Rococo.png,0.34413373,0.0,0.6542539596557617,0.0
Ukiyo_e,Ukiyo_e,Ukiyo_e__hiroshige_oiso-toraga-ame-shower-1835.jpg,Ukiyo_e_Ukiyo_e__hiroshige_oiso-toraga-ame-shower-1835_to_Ukiyo_e.png,0.38005078,0.0,0.7810952663421631,0.0
Ukiyo_e,Ukiyo_e,Ukiyo_e__ogata-gekko_print-from-series-women-s-customs-and-manners-1895-1.jpg,Ukiyo_e_Ukiyo_e__ogata-gekko_print-from-series-women-s-customs-and-manners-1895-1_to_Ukiyo_e.png,0.33218825,0.0,0.8348890542984009,0.0
Ukiyo_e,Ukiyo_e,Ukiyo_e__utagawa-kunisada_not_detected_240353.jpg,Ukiyo_e_Ukiyo_e__utagawa-kunisada_not_detected_240353_to_Ukiyo_e.png,0.41718823,0.0,0.7905131578445435,0.0
Ukiyo_e,Ukiyo_e,Ukiyo_e__katsushika-hokusai_cargo-ship-and-wave.jpg,Ukiyo_e_Ukiyo_e__katsushika-hokusai_cargo-ship-and-wave_to_Ukiyo_e.png,0.30791098,0.0,0.7310930490493774,0.0
Ukiyo_e,Early_Renaissance,Ukiyo_e__utagawa-kunisada_not_detected_240347.jpg,Ukiyo_e_Ukiyo_e__utagawa-kunisada_not_detected_240347_to_Early_Renaissance.png,0.39417014,0.0,0.6842154264450073,0.0
Ukiyo_e,Early_Renaissance,Ukiyo_e__utagawa-kuniyoshi_woman-seated-under-a-cherry-blossoms.jpg,Ukiyo_e_Ukiyo_e__utagawa-kuniyoshi_woman-seated-under-a-cherry-blossoms_to_Early_Renaissance.png,0.36663723,0.0,0.7155396342277527,0.0
Ukiyo_e,Early_Renaissance,Ukiyo_e__katsushika-hokusai_fishing-in-the-river-kinu.jpg,Ukiyo_e_Ukiyo_e__katsushika-hokusai_fishing-in-the-river-kinu_to_Early_Renaissance.png,0.38930908,0.0,0.7171421647071838,0.0
Ukiyo_e,Early_Renaissance,Ukiyo_e__utagawa-kuniyoshi_ishiyakushi.jpg,Ukiyo_e_Ukiyo_e__utagawa-kuniyoshi_ishiyakushi_to_Early_Renaissance.png,0.4274078,0.0,0.6324365139007568,0.0
Ukiyo_e,Impressionism,Ukiyo_e__utagawa-kunisada_not_detected_240347.jpg,Ukiyo_e_Ukiyo_e__utagawa-kunisada_not_detected_240347_to_Impressionism.png,0.38424104,0.0,0.7407017350196838,0.0
Ukiyo_e,Impressionism,Ukiyo_e__utagawa-kuniyoshi_woman-seated-under-a-cherry-blossoms.jpg,Ukiyo_e_Ukiyo_e__utagawa-kuniyoshi_woman-seated-under-a-cherry-blossoms_to_Impressionism.png,0.3676652,0.0,0.7213422060012817,0.0
Ukiyo_e,Impressionism,Ukiyo_e__katsushika-hokusai_fishing-in-the-river-kinu.jpg,Ukiyo_e_Ukiyo_e__katsushika-hokusai_fishing-in-the-river-kinu_to_Impressionism.png,0.37482214,0.0,0.7630753517150879,0.0
Ukiyo_e,Impressionism,Ukiyo_e__utagawa-kuniyoshi_ishiyakushi.jpg,Ukiyo_e_Ukiyo_e__utagawa-kuniyoshi_ishiyakushi_to_Impressionism.png,0.42699644,0.0,0.6358642578125,0.0
Ukiyo_e,Minimalism,Ukiyo_e__utagawa-kunisada_not_detected_240347.jpg,Ukiyo_e_Ukiyo_e__utagawa-kunisada_not_detected_240347_to_Minimalism.png,0.47026128,0.0,0.8676265478134155,0.0
Ukiyo_e,Minimalism,Ukiyo_e__utagawa-kuniyoshi_woman-seated-under-a-cherry-blossoms.jpg,Ukiyo_e_Ukiyo_e__utagawa-kuniyoshi_woman-seated-under-a-cherry-blossoms_to_Minimalism.png,0.4930122,0.0,0.8669843673706055,0.0
Ukiyo_e,Minimalism,Ukiyo_e__katsushika-hokusai_fishing-in-the-river-kinu.jpg,Ukiyo_e_Ukiyo_e__katsushika-hokusai_fishing-in-the-river-kinu_to_Minimalism.png,0.49796182,0.0,0.8071156144142151,0.0
Ukiyo_e,Minimalism,Ukiyo_e__utagawa-kuniyoshi_ishiyakushi.jpg,Ukiyo_e_Ukiyo_e__utagawa-kuniyoshi_ishiyakushi_to_Minimalism.png,0.53565156,0.0,0.7274806499481201,0.0
Ukiyo_e,Rococo,Ukiyo_e__utagawa-kunisada_not_detected_240347.jpg,Ukiyo_e_Ukiyo_e__utagawa-kunisada_not_detected_240347_to_Rococo.png,0.44022194,0.0,0.6521766781806946,0.0
Ukiyo_e,Rococo,Ukiyo_e__utagawa-kuniyoshi_woman-seated-under-a-cherry-blossoms.jpg,Ukiyo_e_Ukiyo_e__utagawa-kuniyoshi_woman-seated-under-a-cherry-blossoms_to_Rococo.png,0.41271868,0.0,0.6632761359214783,0.0
Ukiyo_e,Rococo,Ukiyo_e__katsushika-hokusai_fishing-in-the-river-kinu.jpg,Ukiyo_e_Ukiyo_e__katsushika-hokusai_fishing-in-the-river-kinu_to_Rococo.png,0.41220966,0.0,0.6161536574363708,0.0
Ukiyo_e,Rococo,Ukiyo_e__utagawa-kuniyoshi_ishiyakushi.jpg,Ukiyo_e_Ukiyo_e__utagawa-kuniyoshi_ishiyakushi_to_Rococo.png,0.46017414,0.0,0.6050766706466675,0.0
Ukiyo_e,Ukiyo_e,Ukiyo_e__utagawa-kunisada_not_detected_240347.jpg,Ukiyo_e_Ukiyo_e__utagawa-kunisada_not_detected_240347_to_Ukiyo_e.png,0.33199698,0.0,0.8881016373634338,0.0
Ukiyo_e,Ukiyo_e,Ukiyo_e__utagawa-kuniyoshi_woman-seated-under-a-cherry-blossoms.jpg,Ukiyo_e_Ukiyo_e__utagawa-kuniyoshi_woman-seated-under-a-cherry-blossoms_to_Ukiyo_e.png,0.33422774,0.0,0.8449947834014893,0.0
Ukiyo_e,Ukiyo_e,Ukiyo_e__katsushika-hokusai_fishing-in-the-river-kinu.jpg,Ukiyo_e_Ukiyo_e__katsushika-hokusai_fishing-in-the-river-kinu_to_Ukiyo_e.png,0.36803043,0.0,0.7942017316818237,0.0
Ukiyo_e,Ukiyo_e,Ukiyo_e__utagawa-kuniyoshi_ishiyakushi.jpg,Ukiyo_e_Ukiyo_e__utagawa-kuniyoshi_ishiyakushi_to_Ukiyo_e.png,0.4020837,0.0,0.8880608677864075,0.0
Ukiyo_e,Early_Renaissance,Ukiyo_e__keisai-eisen_the-courtesan-kaoru-of-owariya-matched-with-okitsu-1825(1).jpg,Ukiyo_e_Ukiyo_e__keisai-eisen_the-courtesan-kaoru-of-owariya-matched-with-okitsu-1825(1)_to_Early_Renaissance.png,0.42602098,0.0,0.693086564540863,0.0
Ukiyo_e,Early_Renaissance,Ukiyo_e__keisai-eisen_yabai-with-two-women-1840.jpg,Ukiyo_e_Ukiyo_e__keisai-eisen_yabai-with-two-women-1840_to_Early_Renaissance.png,0.3442357,0.0,0.6958564519882202,0.0
Ukiyo_e,Early_Renaissance,Ukiyo_e__utagawa-kuniyoshi_high-noon-at-kasumigaseki.jpg,Ukiyo_e_Ukiyo_e__utagawa-kuniyoshi_high-noon-at-kasumigaseki_to_Early_Renaissance.png,0.3774706,0.0,0.661213755607605,0.0
Ukiyo_e,Early_Renaissance,Ukiyo_e__hiroshige_hakone-kosuizu.jpg,Ukiyo_e_Ukiyo_e__hiroshige_hakone-kosuizu_to_Early_Renaissance.png,0.3818198,0.0,0.6971918344497681,0.0
Ukiyo_e,Impressionism,Ukiyo_e__keisai-eisen_the-courtesan-kaoru-of-owariya-matched-with-okitsu-1825(1).jpg,Ukiyo_e_Ukiyo_e__keisai-eisen_the-courtesan-kaoru-of-owariya-matched-with-okitsu-1825(1)_to_Impressionism.png,0.41973895,0.0,0.746186375617981,0.0
Ukiyo_e,Impressionism,Ukiyo_e__keisai-eisen_yabai-with-two-women-1840.jpg,Ukiyo_e_Ukiyo_e__keisai-eisen_yabai-with-two-women-1840_to_Impressionism.png,0.34826666,0.0,0.7137407660484314,0.0
Ukiyo_e,Impressionism,Ukiyo_e__utagawa-kuniyoshi_high-noon-at-kasumigaseki.jpg,Ukiyo_e_Ukiyo_e__utagawa-kuniyoshi_high-noon-at-kasumigaseki_to_Impressionism.png,0.37873888,0.0,0.7427328824996948,0.0
Ukiyo_e,Impressionism,Ukiyo_e__hiroshige_hakone-kosuizu.jpg,Ukiyo_e_Ukiyo_e__hiroshige_hakone-kosuizu_to_Impressionism.png,0.3754664,0.0,0.7387306690216064,0.0
Ukiyo_e,Minimalism,Ukiyo_e__keisai-eisen_the-courtesan-kaoru-of-owariya-matched-with-okitsu-1825(1).jpg,Ukiyo_e_Ukiyo_e__keisai-eisen_the-courtesan-kaoru-of-owariya-matched-with-okitsu-1825(1)_to_Minimalism.png,0.5221589,0.0,0.8702822327613831,0.0
Ukiyo_e,Minimalism,Ukiyo_e__keisai-eisen_yabai-with-two-women-1840.jpg,Ukiyo_e_Ukiyo_e__keisai-eisen_yabai-with-two-women-1840_to_Minimalism.png,0.47310394,0.0,0.8594013452529907,0.0
Ukiyo_e,Minimalism,Ukiyo_e__utagawa-kuniyoshi_high-noon-at-kasumigaseki.jpg,Ukiyo_e_Ukiyo_e__utagawa-kuniyoshi_high-noon-at-kasumigaseki_to_Minimalism.png,0.48839858,0.0,0.777309238910675,0.0
Ukiyo_e,Minimalism,Ukiyo_e__hiroshige_hakone-kosuizu.jpg,Ukiyo_e_Ukiyo_e__hiroshige_hakone-kosuizu_to_Minimalism.png,0.45444143,0.0,0.8188706040382385,0.0
Ukiyo_e,Rococo,Ukiyo_e__keisai-eisen_the-courtesan-kaoru-of-owariya-matched-with-okitsu-1825(1).jpg,Ukiyo_e_Ukiyo_e__keisai-eisen_the-courtesan-kaoru-of-owariya-matched-with-okitsu-1825(1)_to_Rococo.png,0.4546805,0.0,0.6171233057975769,0.0
Ukiyo_e,Rococo,Ukiyo_e__keisai-eisen_yabai-with-two-women-1840.jpg,Ukiyo_e_Ukiyo_e__keisai-eisen_yabai-with-two-women-1840_to_Rococo.png,0.36169648,0.0,0.6673709154129028,0.0
Ukiyo_e,Rococo,Ukiyo_e__utagawa-kuniyoshi_high-noon-at-kasumigaseki.jpg,Ukiyo_e_Ukiyo_e__utagawa-kuniyoshi_high-noon-at-kasumigaseki_to_Rococo.png,0.38485807,0.0,0.6353799700737,0.0
Ukiyo_e,Rococo,Ukiyo_e__hiroshige_hakone-kosuizu.jpg,Ukiyo_e_Ukiyo_e__hiroshige_hakone-kosuizu_to_Rococo.png,0.40217513,0.0,0.6116811633110046,0.0
Ukiyo_e,Ukiyo_e,Ukiyo_e__keisai-eisen_the-courtesan-kaoru-of-owariya-matched-with-okitsu-1825(1).jpg,Ukiyo_e_Ukiyo_e__keisai-eisen_the-courtesan-kaoru-of-owariya-matched-with-okitsu-1825(1)_to_Ukiyo_e.png,0.37632996,0.0,0.8856605887413025,0.0
Ukiyo_e,Ukiyo_e,Ukiyo_e__keisai-eisen_yabai-with-two-women-1840.jpg,Ukiyo_e_Ukiyo_e__keisai-eisen_yabai-with-two-women-1840_to_Ukiyo_e.png,0.33961397,0.0,0.8712741136550903,0.0
Ukiyo_e,Ukiyo_e,Ukiyo_e__utagawa-kuniyoshi_high-noon-at-kasumigaseki.jpg,Ukiyo_e_Ukiyo_e__utagawa-kuniyoshi_high-noon-at-kasumigaseki_to_Ukiyo_e.png,0.36916918,0.0,0.8039379119873047,0.0
Ukiyo_e,Ukiyo_e,Ukiyo_e__hiroshige_hakone-kosuizu.jpg,Ukiyo_e_Ukiyo_e__hiroshige_hakone-kosuizu_to_Ukiyo_e.png,0.33389872,0.0,0.844276487827301,0.0
Ukiyo_e,Early_Renaissance,Ukiyo_e__katsushika-hokusai_fishing-in-the-bay-uraga.jpg,Ukiyo_e_Ukiyo_e__katsushika-hokusai_fishing-in-the-bay-uraga_to_Early_Renaissance.png,0.4086964,0.0,0.692237138748169,0.0
Ukiyo_e,Early_Renaissance,Ukiyo_e__utagawa-kunisada_the-actor.jpg,Ukiyo_e_Ukiyo_e__utagawa-kunisada_the-actor_to_Early_Renaissance.png,0.43806177,0.0,0.7001785635948181,0.0
Ukiyo_e,Impressionism,Ukiyo_e__katsushika-hokusai_fishing-in-the-bay-uraga.jpg,Ukiyo_e_Ukiyo_e__katsushika-hokusai_fishing-in-the-bay-uraga_to_Impressionism.png,0.40425843,0.0,0.7965192794799805,0.0
Ukiyo_e,Impressionism,Ukiyo_e__utagawa-kunisada_the-actor.jpg,Ukiyo_e_Ukiyo_e__utagawa-kunisada_the-actor_to_Impressionism.png,0.4331177,0.0,0.7144460082054138,0.0
Ukiyo_e,Minimalism,Ukiyo_e__katsushika-hokusai_fishing-in-the-bay-uraga.jpg,Ukiyo_e_Ukiyo_e__katsushika-hokusai_fishing-in-the-bay-uraga_to_Minimalism.png,0.51203173,0.0,0.8745269775390625,0.0
Ukiyo_e,Minimalism,Ukiyo_e__utagawa-kunisada_the-actor.jpg,Ukiyo_e_Ukiyo_e__utagawa-kunisada_the-actor_to_Minimalism.png,0.49886325,0.0,0.8367451429367065,0.0
Ukiyo_e,Rococo,Ukiyo_e__katsushika-hokusai_fishing-in-the-bay-uraga.jpg,Ukiyo_e_Ukiyo_e__katsushika-hokusai_fishing-in-the-bay-uraga_to_Rococo.png,0.44005716,0.0,0.6516219973564148,0.0
Ukiyo_e,Rococo,Ukiyo_e__utagawa-kunisada_the-actor.jpg,Ukiyo_e_Ukiyo_e__utagawa-kunisada_the-actor_to_Rococo.png,0.4805885,0.0,0.6126255393028259,0.0
Ukiyo_e,Ukiyo_e,Ukiyo_e__katsushika-hokusai_fishing-in-the-bay-uraga.jpg,Ukiyo_e_Ukiyo_e__katsushika-hokusai_fishing-in-the-bay-uraga_to_Ukiyo_e.png,0.36720636,0.0,0.7997556328773499,0.0
Ukiyo_e,Ukiyo_e,Ukiyo_e__utagawa-kunisada_the-actor.jpg,Ukiyo_e_Ukiyo_e__utagawa-kunisada_the-actor_to_Ukiyo_e.png,0.37435305,0.0,0.8734840154647827,0.0
