{
  "checkpoint": "/mnt/g/GitHub/Latent_Style/Cycle-NCE/style_ablation-50/inj_spatial_map_norm_off/epoch_0050.pt",
  "timestamp": "2026-02-14 17:30:40",
  "matrix_breakdown": {
    "photo": {
      "photo": {
        "count": 50,
        "clip_style": 0.6280628263950347,
        "style_lpips": 0.7370697343349457,
        "content_lpips": 0.40692586259999997,
        "clip_content": 0.8107219355999998,
        "classifier_acc": 0.92
      },
      "Hayao": {
        "count": 50,
        "clip_style": 0.5436074352264404,
        "style_lpips": 0.7383485865592957,
        "content_lpips": 0.46923816859999995,
        "clip_content": 0.7681889984,
        "classifier_acc": 0.16
      }
    },
    "Hayao": {
      "photo": {
        "count": 50,
        "clip_style": 0.44230129063129425,
        "style_lpips": 0.7657348012924194,
        "content_lpips": 0.3631593576,
        "clip_content": 0.8710154504000002,
        "classifier_acc": 0.08
      },
      "Hayao": {
        "count": 50,
        "clip_style": 0.7117620778083801,
        "style_lpips": 0.711491003036499,
        "content_lpips": 0.3087153342000001,
        "clip_content": 0.8840089304,
        "classifier_acc": 0.92
      }
    }
  },
  "analysis": {
    "style_transfer_ability": {
      "clip_style": 0.4929543629288673,
      "content_lpips": 0.4161987631,
      "classifier_acc": 0.12
    },
    "photo_to_art_performance": {
      "clip_style": 0.5436074352264404,
      "valid": true,
      "classifier_acc": 0.16
    }
  },
  "classification_report": {
    "Hayao": {
      "precision": 0.5192307692307693,
      "recall": 0.54,
      "f1-score": 0.5294117647058824,
      "support": 100.0
    },
    "photo": {
      "precision": 0.5208333333333334,
      "recall": 0.5,
      "f1-score": 0.5102040816326531,
      "support": 100.0
    },
    "accuracy": 0.52,
    "macro avg": {
      "precision": 0.5200320512820513,
      "recall": 0.52,
      "f1-score": 0.5198079231692677,
      "support": 200.0
    },
    "weighted avg": {
      "precision": 0.5200320512820513,
      "recall": 0.52,
      "f1-score": 0.5198079231692677,
      "support": 200.0
    }
  },
  "detailed_style_metrics": {
    "Hayao": {
      "precision": 0.5192307692307693,
      "recall": 0.54,
      "f1_score": 0.5294117647058824,
      "support": 100
    },
    "photo": {
      "precision": 0.5208333333333334,
      "recall": 0.5,
      "f1_score": 0.5102040816326531,
      "support": 100
    }
  }
}