{
  "checkpoint": "..\\2style-8momnet-1_3swd\\epoch_0020.pt",
  "timestamp": "2026-02-23 09:56:12",
  "metrics_note": {
    "clip_style": "backward-compatible alias of clip_dir (CLIP directional similarity)",
    "clip_dir": "cos( CLIP(gen)-CLIP(src), CLIP(target_style_proto)-CLIP(src) )",
    "art_fid": "computed as (1 + fid_style) * (1 + content_lpips)"
  },
  "matrix_breakdown": {
    "photo": {
      "photo": {
        "count": 50,
        "clip_dir": 0.32581572920084,
        "clip_style": 0.32581572920084,
        "style_lpips": 0.7480660140514374,
        "content_lpips": 0.298968178,
        "clip_content": 0.8995838401999999,
        "fid_style": null,
        "art_fid": null,
        "classifier_acc": null
      },
      "Hayao": {
        "count": 50,
        "clip_dir": 0.4919862854480743,
        "clip_style": 0.4919862854480743,
        "style_lpips": 0.7468539261817932,
        "content_lpips": 0.4427891735999999,
        "clip_content": 0.8234528069999999,
        "fid_style": null,
        "art_fid": null,
        "classifier_acc": null
      }
    },
    "Hayao": {
      "photo": {
        "count": 50,
        "clip_dir": 0.3000142925977707,
        "clip_style": 0.3000142925977707,
        "style_lpips": 0.7705086719989777,
        "content_lpips": 0.36961774560000005,
        "clip_content": 0.8879066284,
        "fid_style": null,
        "art_fid": null,
        "classifier_acc": null
      },
      "Hayao": {
        "count": 50,
        "clip_dir": 0.2686633639037609,
        "clip_style": 0.2686633639037609,
        "style_lpips": 0.7285489475727082,
        "content_lpips": 0.1978334608,
        "clip_content": 0.9449529813999998,
        "fid_style": null,
        "art_fid": null,
        "classifier_acc": null
      }
    }
  },
  "analysis": {
    "style_transfer_ability": {
      "clip_dir": 0.3960002890229225,
      "clip_style": 0.3960002890229225,
      "content_lpips": 0.4062034596,
      "art_fid": 0.0,
      "classifier_acc": 0.0
    },
    "photo_to_art_performance": {
      "clip_dir": 0.4919862854480743,
      "clip_style": 0.4919862854480743,
      "art_fid": 0.0,
      "valid": true,
      "classifier_acc": 0.0
    }
  },
  "classification_report": null,
  "detailed_style_metrics": {}
}