epoch,loss,style_swd,style_moment,structure,tv,identity,train_num_steps,train_step_size,train_style_strength,lr,data_time_sec,compute_time_sec,epoch_time_sec,samples_seen,samples_per_sec
1,3066.297066285438,30.409364778970936,0.571718639319705,0.7388907564232683,0.0,0.26267570759272973,1.0,1.0,0.8959835906004169,0.0002,3.457416000041121,142.45321740004874,145.91658282279968,62080,425.4485597116102
2,2307.730015705541,21.973383166126368,0.5216544436425278,3.914318180575813,0.0,1.0126725355374444,1.0,1.0,0.9054531660891071,0.00019999479108972367,3.327977099979762,141.05194119999942,144.38535976409912,62080,429.9604897714564
3,2066.3333652142396,19.1550923770236,0.4905467062574072,5.618714499719364,0.0,1.3112466888329417,1.0,1.0,0.8999855745698988,0.00019997916493011034,3.372142899905157,141.95734489997994,145.33590030670166,62080,427.1484187251248
