rank,trial,snr,num_patches,patches
1,2,1.10672390,13,"1,2,3,4,5,6,13,16,18,20,21,24,25"
2,0,1.10624558,10,"2,3,4,8,9,10,12,13,18,21"
3,1,1.10480654,12,"1,3,4,6,9,10,11,14,19,21,23,24"
