epoch,loss,distill,code,code_pred_norm,code_ref_norm,cycle,struct,edge,stroke_gram,color_moment,push,delta_tv,style_spatial_tv,nce,semigroup,semigroup_samples,train_num_steps,train_step_size,train_style_strength,heavy_loss_slot_id,path_teacher_active,path_cycle_active,path_stroke_active,path_nce_active,path_semigroup_active,w_cycle_eff,w_struct_eff,w_edge_eff,w_nce_eff,w_semigroup_eff,transfer_ratio,lr,data_time_sec,compute_time_sec,epoch_time_sec
1,3.9331109523773193,0.0,0.0,0.0,0.0,0.0,0.39414167404174805,0.5646909475326538,0.026097040623426437,0.1669524908065796,0.0,0.13770192861557007,0.08860217779874802,0.0,0.0,0.0,2.0,1.1463872194290161,1.0,0.0,0.0,0.0,1.0,0.0,0.0,0.0,0.20000027120113373,0.29999956488609314,0.0,0.0,1.0,0.0002,1.1154986000010467,98.39468849999776,99.51591563224792
2,3.373210906982422,0.0,0.0,0.0,0.0,0.0,0.5673758387565613,1.0106747150421143,0.02057577110826969,0.1379840075969696,0.0,0.2684478163719177,0.08479207754135132,0.0,0.0,0.0,2.0,1.1506826877593994,1.0,0.0,0.0,0.0,1.0,0.0,0.0,0.0,0.20000027120113373,0.29999956488609314,0.0,0.0,1.0,0.00019981253920068581,1.090093299992077,88.47220900000411,89.56574892997742
3,3.310868501663208,0.0,0.0,0.0,0.0,0.0,0.5806794166564941,1.067700743675232,0.019681759178638458,0.13777172565460205,0.0,0.28959864377975464,0.08356353640556335,0.0,0.0,0.0,2.0,1.1556447744369507,1.0,0.0,0.0,0.0,1.0,0.0,0.0,0.0,0.20000027120113373,0.29999956488609314,0.0,0.0,1.0,0.0001992508966248754,1.1010310000028767,88.5359581000057,89.64035773277283
4,3.2652769088745117,0.0,0.0,0.0,0.0,0.0,0.5822075605392456,1.0869239568710327,0.019299069419503212,0.1356165111064911,0.0,0.297709584236145,0.08279077708721161,0.0,0.0,0.0,2.0,1.149187684059143,1.0,0.0,0.0,0.0,1.0,0.0,0.0,0.0,0.20000027120113373,0.29999956488609314,0.0,0.0,1.0,0.00019831728881922545,1.0968105000047217,88.72376899999199,89.82424688339233
