{
  "checkpoint": "../photo-vangogh/epoch_0500.pt",
  "timestamp": "2026-02-04 12:29:41",
  "matrix_breakdown": {
    "photo": {
      "photo": {
        "count": 270,
        "clip_style": 0.0,
        "style_lpips": 0.0,
        "content_lpips": 0.0,
        "clip_content": 0.0,
        "classifier_acc": 1.0
      },
      "vangogh": {
        "count": 270,
        "clip_style": 0.0,
        "style_lpips": 0.0,
        "content_lpips": 0.0,
        "clip_content": 0.0,
        "classifier_acc": 0.0
      }
    },
    "vangogh": {
      "photo": {
        "count": 270,
        "clip_style": 0.0,
        "style_lpips": 0.0,
        "content_lpips": 0.0,
        "clip_content": 0.0,
        "classifier_acc": 0.7166666666666667
      },
      "vangogh": {
        "count": 270,
        "clip_style": 0.0,
        "style_lpips": 0.0,
        "content_lpips": 0.0,
        "clip_content": 0.0,
        "classifier_acc": 0.1111111111111111
      }
    }
  },
  "analysis": {
    "style_transfer_ability": {
      "clip_style": 0.0,
      "content_lpips": 0.0,
      "classifier_acc": 0.35833333333333334
    },
    "photo_to_art_performance": {
      "clip_style": 0.0,
      "valid": true,
      "classifier_acc": 0.0
    }
  },
  "classification_report": {
    "cezanne": {
      "precision": 0.0,
      "recall": 0.0,
      "f1-score": 0.0,
      "support": 0.0
    },
    "monet": {
      "precision": 0.0,
      "recall": 0.0,
      "f1-score": 0.0,
      "support": 0.0
    },
    "photo": {
      "precision": 0.5057283142389526,
      "recall": 0.8583333333333333,
      "f1-score": 0.6364572605561277,
      "support": 360.0
    },
    "vangogh": {
      "precision": 0.6060606060606061,
      "recall": 0.05555555555555555,
      "f1-score": 0.10178117048346055,
      "support": 360.0
    },
    "accuracy": 0.45694444444444443,
    "macro avg": {
      "precision": 0.27794723007488964,
      "recall": 0.22847222222222222,
      "f1-score": 0.18455960775989708,
      "support": 720.0
    },
    "weighted avg": {
      "precision": 0.5558944601497793,
      "recall": 0.45694444444444443,
      "f1-score": 0.36911921551979415,
      "support": 720.0
    }
  },
  "detailed_style_metrics": {
    "cezanne": {
      "precision": 0.0,
      "recall": 0.0,
      "f1_score": 0.0,
      "support": 0
    },
    "monet": {
      "precision": 0.0,
      "recall": 0.0,
      "f1_score": 0.0,
      "support": 0
    },
    "photo": {
      "precision": 0.5057283142389526,
      "recall": 0.8583333333333333,
      "f1_score": 0.6364572605561277,
      "support": 360
    },
    "vangogh": {
      "precision": 0.6060606060606061,
      "recall": 0.05555555555555555,
      "f1_score": 0.10178117048346055,
      "support": 360
    }
  }
}