epoch,loss,swd,color,identity,identity_ratio,lr,data_time_sec,transfer_time_sec,fwd_loss_time_sec,backward_time_sec,optimizer_time_sec,step_overhead_time_sec,compute_time_sec,epoch_time_sec,samples_seen,samples_per_sec,compute_samples_per_sec
1,121.03726959228516,0.22937428951263428,1.5776909589767456,0.028844749554991722,0.20185546576976776,4.1666666666666665e-05,3.032359799835831,0.010440800455398858,54.18358090030961,8.34021040017251,0.20184939971659333,0.03500349947717041,62.73608150065411,67.2669107913971,10240,152.22937815229082,163.22345538736323
2,106.58992004394531,0.22221748530864716,1.2713426351547241,0.10078825801610947,0.20136718451976776,8.333333333333333e-05,0.08068570028990507,0.010548099875450134,47.100703300209716,2.9085792996920645,0.17149519990198314,0.03557920048478991,50.191325899679214,51.71417307853699,10240,198.0114810005523,204.0193164147004
3,99.82037353515625,0.2094397395849228,1.158178687095642,0.14040963351726532,0.20166015625,0.000125,0.08387439977377653,0.010610800120048225,47.490550200105645,2.9177343999035656,0.17832580022513866,0.03636199969332665,50.5972212003544,52.12093734741211,10240,196.46615201383045,202.3826557480646
4,92.31436157226562,0.19642432034015656,1.0264204740524292,0.18789827823638916,0.20136718451976776,0.00016666666666666666,0.08310580009128898,0.010024899384006858,46.85117750056088,2.9340934997890145,0.17437620041891932,0.03505499952007085,49.96967210015282,51.47118902206421,10240,198.94624924266677,204.92429847200626
