src_style,tgt_style,src_image,gen_image,content_lpips,clip_dir,clip_style,clip_content
Expressionism,Expressionism,balthus_young-girl-at-the-window-1957.jpg,Expressionism_balthus_young-girl-at-the-window-1957_to_Expressionism.jpg,0.0,0.0,0.8168832659721375,0.0
Expressionism,Impressionism,balthus_young-girl-at-the-window-1957.jpg,Expressionism_balthus_young-girl-at-the-window-1957_to_Impressionism.jpg,0.0,0.0,0.804568886756897,0.0
Expressionism,Post_Impressionism,balthus_young-girl-at-the-window-1957.jpg,Expressionism_balthus_young-girl-at-the-window-1957_to_Post_Impressionism.jpg,0.0,0.0,0.8187702894210815,0.0
Expressionism,Realism,balthus_young-girl-at-the-window-1957.jpg,Expressionism_balthus_young-girl-at-the-window-1957_to_Realism.jpg,0.0,0.0,0.7580524682998657,0.0
Expressionism,Symbolism,balthus_young-girl-at-the-window-1957.jpg,Expressionism_balthus_young-girl-at-the-window-1957_to_Symbolism.jpg,0.0,0.0,0.7890156507492065,0.0
Expressionism,Expressionism,david-alfaro-siqueiros_from-the-dictatorship-of-porfirio-diaz-to-the-revolution-the-people-in-arms-1957.jpg,Expressionism_david-alfaro-siqueiros_from-the-dictatorship-of-porfirio-diaz-to-the-revolution-the-people-in-arms-1957_to_Expressionism.jpg,0.0,0.0,0.8555760979652405,0.0
Expressionism,Impressionism,david-alfaro-siqueiros_from-the-dictatorship-of-porfirio-diaz-to-the-revolution-the-people-in-arms-1957.jpg,Expressionism_david-alfaro-siqueiros_from-the-dictatorship-of-porfirio-diaz-to-the-revolution-the-people-in-arms-1957_to_Impressionism.jpg,0.0,0.0,0.7636761665344238,0.0
Expressionism,Post_Impressionism,david-alfaro-siqueiros_from-the-dictatorship-of-porfirio-diaz-to-the-revolution-the-people-in-arms-1957.jpg,Expressionism_david-alfaro-siqueiros_from-the-dictatorship-of-porfirio-diaz-to-the-revolution-the-people-in-arms-1957_to_Post_Impressionism.jpg,0.0,0.0,0.8211206793785095,0.0
Expressionism,Realism,david-alfaro-siqueiros_from-the-dictatorship-of-porfirio-diaz-to-the-revolution-the-people-in-arms-1957.jpg,Expressionism_david-alfaro-siqueiros_from-the-dictatorship-of-porfirio-diaz-to-the-revolution-the-people-in-arms-1957_to_Realism.jpg,0.0,0.0,0.7454416155815125,0.0
Expressionism,Symbolism,david-alfaro-siqueiros_from-the-dictatorship-of-porfirio-diaz-to-the-revolution-the-people-in-arms-1957.jpg,Expressionism_david-alfaro-siqueiros_from-the-dictatorship-of-porfirio-diaz-to-the-revolution-the-people-in-arms-1957_to_Symbolism.jpg,0.0,0.0,0.8148921728134155,0.0
Expressionism,Expressionism,emil-nolde_jesus-christ-and-the-sinner-1926.jpg,Expressionism_emil-nolde_jesus-christ-and-the-sinner-1926_to_Expressionism.jpg,0.0,0.0,0.8656880855560303,0.0
Expressionism,Impressionism,emil-nolde_jesus-christ-and-the-sinner-1926.jpg,Expressionism_emil-nolde_jesus-christ-and-the-sinner-1926_to_Impressionism.jpg,0.0,0.0,0.7683632373809814,0.0
Expressionism,Post_Impressionism,emil-nolde_jesus-christ-and-the-sinner-1926.jpg,Expressionism_emil-nolde_jesus-christ-and-the-sinner-1926_to_Post_Impressionism.jpg,0.0,0.0,0.8221390247344971,0.0
Expressionism,Realism,emil-nolde_jesus-christ-and-the-sinner-1926.jpg,Expressionism_emil-nolde_jesus-christ-and-the-sinner-1926_to_Realism.jpg,0.0,0.0,0.7212857007980347,0.0
Expressionism,Symbolism,emil-nolde_jesus-christ-and-the-sinner-1926.jpg,Expressionism_emil-nolde_jesus-christ-and-the-sinner-1926_to_Symbolism.jpg,0.0,0.0,0.813012957572937,0.0
Expressionism,Expressionism,ernst-ludwig-kirchner_female-nude-kneeling-before-a-red-screen.jpg,Expressionism_ernst-ludwig-kirchner_female-nude-kneeling-before-a-red-screen_to_Expressionism.jpg,0.0,0.0,0.8623619675636292,0.0
Expressionism,Impressionism,ernst-ludwig-kirchner_female-nude-kneeling-before-a-red-screen.jpg,Expressionism_ernst-ludwig-kirchner_female-nude-kneeling-before-a-red-screen_to_Impressionism.jpg,0.0,0.0,0.7734689712524414,0.0
Expressionism,Post_Impressionism,ernst-ludwig-kirchner_female-nude-kneeling-before-a-red-screen.jpg,Expressionism_ernst-ludwig-kirchner_female-nude-kneeling-before-a-red-screen_to_Post_Impressionism.jpg,0.0,0.0,0.8356200456619263,0.0
Expressionism,Realism,ernst-ludwig-kirchner_female-nude-kneeling-before-a-red-screen.jpg,Expressionism_ernst-ludwig-kirchner_female-nude-kneeling-before-a-red-screen_to_Realism.jpg,0.0,0.0,0.7128583788871765,0.0
Expressionism,Symbolism,ernst-ludwig-kirchner_female-nude-kneeling-before-a-red-screen.jpg,Expressionism_ernst-ludwig-kirchner_female-nude-kneeling-before-a-red-screen_to_Symbolism.jpg,0.0,0.0,0.7827242016792297,0.0
Expressionism,Expressionism,george-bouzianis_portrait-1927(2).jpg,Expressionism_george-bouzianis_portrait-1927(2)_to_Expressionism.jpg,0.0,0.0,0.840457558631897,0.0
Expressionism,Impressionism,george-bouzianis_portrait-1927(2).jpg,Expressionism_george-bouzianis_portrait-1927(2)_to_Impressionism.jpg,0.0,0.0,0.7968003749847412,0.0
Expressionism,Post_Impressionism,george-bouzianis_portrait-1927(2).jpg,Expressionism_george-bouzianis_portrait-1927(2)_to_Post_Impressionism.jpg,0.0,0.0,0.8378333449363708,0.0
Expressionism,Realism,george-bouzianis_portrait-1927(2).jpg,Expressionism_george-bouzianis_portrait-1927(2)_to_Realism.jpg,0.0,0.0,0.7653864026069641,0.0
Expressionism,Symbolism,george-bouzianis_portrait-1927(2).jpg,Expressionism_george-bouzianis_portrait-1927(2)_to_Symbolism.jpg,0.0,0.0,0.7988983988761902,0.0
Expressionism,Expressionism,george-mavroides_ydra.jpg,Expressionism_george-mavroides_ydra_to_Expressionism.jpg,0.0,0.0,0.8347896337509155,0.0
Expressionism,Impressionism,george-mavroides_ydra.jpg,Expressionism_george-mavroides_ydra_to_Impressionism.jpg,0.0,0.0,0.8202325701713562,0.0
Expressionism,Post_Impressionism,george-mavroides_ydra.jpg,Expressionism_george-mavroides_ydra_to_Post_Impressionism.jpg,0.0,0.0,0.8390556573867798,0.0
Expressionism,Realism,george-mavroides_ydra.jpg,Expressionism_george-mavroides_ydra_to_Realism.jpg,0.0,0.0,0.780850887298584,0.0
Expressionism,Symbolism,george-mavroides_ydra.jpg,Expressionism_george-mavroides_ydra_to_Symbolism.jpg,0.0,0.0,0.8121241927146912,0.0
Expressionism,Expressionism,georges-braque_boats-on-the-seashore-1929.jpg,Expressionism_georges-braque_boats-on-the-seashore-1929_to_Expressionism.jpg,0.0,0.0,0.8312745094299316,0.0
Expressionism,Impressionism,georges-braque_boats-on-the-seashore-1929.jpg,Expressionism_georges-braque_boats-on-the-seashore-1929_to_Impressionism.jpg,0.0,0.0,0.7517775297164917,0.0
Expressionism,Post_Impressionism,georges-braque_boats-on-the-seashore-1929.jpg,Expressionism_georges-braque_boats-on-the-seashore-1929_to_Post_Impressionism.jpg,0.0,0.0,0.7797529697418213,0.0
Expressionism,Realism,georges-braque_boats-on-the-seashore-1929.jpg,Expressionism_georges-braque_boats-on-the-seashore-1929_to_Realism.jpg,0.0,0.0,0.766098141670227,0.0
Expressionism,Symbolism,georges-braque_boats-on-the-seashore-1929.jpg,Expressionism_georges-braque_boats-on-the-seashore-1929_to_Symbolism.jpg,0.0,0.0,0.8461974859237671,0.0
Expressionism,Expressionism,ilka-gedo_self-portrait-1947.jpg,Expressionism_ilka-gedo_self-portrait-1947_to_Expressionism.jpg,0.0,0.0,0.8620309233665466,0.0
Expressionism,Impressionism,ilka-gedo_self-portrait-1947.jpg,Expressionism_ilka-gedo_self-portrait-1947_to_Impressionism.jpg,0.0,0.0,0.841577410697937,0.0
Expressionism,Post_Impressionism,ilka-gedo_self-portrait-1947.jpg,Expressionism_ilka-gedo_self-portrait-1947_to_Post_Impressionism.jpg,0.0,0.0,0.8587828874588013,0.0
Expressionism,Realism,ilka-gedo_self-portrait-1947.jpg,Expressionism_ilka-gedo_self-portrait-1947_to_Realism.jpg,0.0,0.0,0.8195602893829346,0.0
Expressionism,Symbolism,ilka-gedo_self-portrait-1947.jpg,Expressionism_ilka-gedo_self-portrait-1947_to_Symbolism.jpg,0.0,0.0,0.8473431468009949,0.0
Expressionism,Expressionism,lucian-freud_evening-in-the-studio.jpg,Expressionism_lucian-freud_evening-in-the-studio_to_Expressionism.jpg,0.0,0.0,0.8339453935623169,0.0
Expressionism,Impressionism,lucian-freud_evening-in-the-studio.jpg,Expressionism_lucian-freud_evening-in-the-studio_to_Impressionism.jpg,0.0,0.0,0.7826933860778809,0.0
Expressionism,Post_Impressionism,lucian-freud_evening-in-the-studio.jpg,Expressionism_lucian-freud_evening-in-the-studio_to_Post_Impressionism.jpg,0.0,0.0,0.7959185838699341,0.0
Expressionism,Realism,lucian-freud_evening-in-the-studio.jpg,Expressionism_lucian-freud_evening-in-the-studio_to_Realism.jpg,0.0,0.0,0.7594093084335327,0.0
Expressionism,Symbolism,lucian-freud_evening-in-the-studio.jpg,Expressionism_lucian-freud_evening-in-the-studio_to_Symbolism.jpg,0.0,0.0,0.781254231929779,0.0
Expressionism,Expressionism,lucian-freud_head-of-a-child.jpg,Expressionism_lucian-freud_head-of-a-child_to_Expressionism.jpg,0.0,0.0,0.8369001150131226,0.0
Expressionism,Impressionism,lucian-freud_head-of-a-child.jpg,Expressionism_lucian-freud_head-of-a-child_to_Impressionism.jpg,0.0,0.0,0.7646190524101257,0.0
Expressionism,Post_Impressionism,lucian-freud_head-of-a-child.jpg,Expressionism_lucian-freud_head-of-a-child_to_Post_Impressionism.jpg,0.0,0.0,0.8031743168830872,0.0
Expressionism,Realism,lucian-freud_head-of-a-child.jpg,Expressionism_lucian-freud_head-of-a-child_to_Realism.jpg,0.0,0.0,0.7294371128082275,0.0
Expressionism,Symbolism,lucian-freud_head-of-a-child.jpg,Expressionism_lucian-freud_head-of-a-child_to_Symbolism.jpg,0.0,0.0,0.8008303642272949,0.0
Expressionism,Expressionism,lucian-freud_solicitors-head.jpg,Expressionism_lucian-freud_solicitors-head_to_Expressionism.jpg,0.0,0.0,0.6870945692062378,0.0
Expressionism,Impressionism,lucian-freud_solicitors-head.jpg,Expressionism_lucian-freud_solicitors-head_to_Impressionism.jpg,0.0,0.0,0.5724597573280334,0.0
Expressionism,Post_Impressionism,lucian-freud_solicitors-head.jpg,Expressionism_lucian-freud_solicitors-head_to_Post_Impressionism.jpg,0.0,0.0,0.6075196266174316,0.0
Expressionism,Realism,lucian-freud_solicitors-head.jpg,Expressionism_lucian-freud_solicitors-head_to_Realism.jpg,0.0,0.0,0.5573588609695435,0.0
Expressionism,Symbolism,lucian-freud_solicitors-head.jpg,Expressionism_lucian-freud_solicitors-head_to_Symbolism.jpg,0.0,0.0,0.6417032480239868,0.0
Expressionism,Expressionism,lucian-freud_woman-in-a-butterfly-jersey-1991.jpg,Expressionism_lucian-freud_woman-in-a-butterfly-jersey-1991_to_Expressionism.jpg,0.0,0.0,0.7811635732650757,0.0
Expressionism,Impressionism,lucian-freud_woman-in-a-butterfly-jersey-1991.jpg,Expressionism_lucian-freud_woman-in-a-butterfly-jersey-1991_to_Impressionism.jpg,0.0,0.0,0.7229183912277222,0.0
Expressionism,Post_Impressionism,lucian-freud_woman-in-a-butterfly-jersey-1991.jpg,Expressionism_lucian-freud_woman-in-a-butterfly-jersey-1991_to_Post_Impressionism.jpg,0.0,0.0,0.7590512037277222,0.0
Expressionism,Realism,lucian-freud_woman-in-a-butterfly-jersey-1991.jpg,Expressionism_lucian-freud_woman-in-a-butterfly-jersey-1991_to_Realism.jpg,0.0,0.0,0.7107388973236084,0.0
Expressionism,Symbolism,lucian-freud_woman-in-a-butterfly-jersey-1991.jpg,Expressionism_lucian-freud_woman-in-a-butterfly-jersey-1991_to_Symbolism.jpg,0.0,0.0,0.7297462224960327,0.0
Expressionism,Expressionism,lynd-ward_not-detected-272484.jpg,Expressionism_lynd-ward_not-detected-272484_to_Expressionism.jpg,0.0,0.0,0.8013882040977478,0.0
Expressionism,Impressionism,lynd-ward_not-detected-272484.jpg,Expressionism_lynd-ward_not-detected-272484_to_Impressionism.jpg,0.0,0.0,0.7326778173446655,0.0
Expressionism,Post_Impressionism,lynd-ward_not-detected-272484.jpg,Expressionism_lynd-ward_not-detected-272484_to_Post_Impressionism.jpg,0.0,0.0,0.7496930360794067,0.0
Expressionism,Realism,lynd-ward_not-detected-272484.jpg,Expressionism_lynd-ward_not-detected-272484_to_Realism.jpg,0.0,0.0,0.7494013905525208,0.0
Expressionism,Symbolism,lynd-ward_not-detected-272484.jpg,Expressionism_lynd-ward_not-detected-272484_to_Symbolism.jpg,0.0,0.0,0.8390421867370605,0.0
Expressionism,Expressionism,martiros-saryan_moscow-still-life-1956.jpg,Expressionism_martiros-saryan_moscow-still-life-1956_to_Expressionism.jpg,0.0,0.0,0.7476868629455566,0.0
Expressionism,Impressionism,martiros-saryan_moscow-still-life-1956.jpg,Expressionism_martiros-saryan_moscow-still-life-1956_to_Impressionism.jpg,0.0,0.0,0.7698890566825867,0.0
Expressionism,Post_Impressionism,martiros-saryan_moscow-still-life-1956.jpg,Expressionism_martiros-saryan_moscow-still-life-1956_to_Post_Impressionism.jpg,0.0,0.0,0.7548511624336243,0.0
Expressionism,Realism,martiros-saryan_moscow-still-life-1956.jpg,Expressionism_martiros-saryan_moscow-still-life-1956_to_Realism.jpg,0.0,0.0,0.741913914680481,0.0
Expressionism,Symbolism,martiros-saryan_moscow-still-life-1956.jpg,Expressionism_martiros-saryan_moscow-still-life-1956_to_Symbolism.jpg,0.0,0.0,0.7239785194396973,0.0
Expressionism,Expressionism,max-beckmann_night-1918.jpg,Expressionism_max-beckmann_night-1918_to_Expressionism.jpg,0.0,0.0,0.8640960454940796,0.0
Expressionism,Impressionism,max-beckmann_night-1918.jpg,Expressionism_max-beckmann_night-1918_to_Impressionism.jpg,0.0,0.0,0.7416774034500122,0.0
Expressionism,Post_Impressionism,max-beckmann_night-1918.jpg,Expressionism_max-beckmann_night-1918_to_Post_Impressionism.jpg,0.0,0.0,0.8100181221961975,0.0
Expressionism,Realism,max-beckmann_night-1918.jpg,Expressionism_max-beckmann_night-1918_to_Realism.jpg,0.0,0.0,0.7234024405479431,0.0
Expressionism,Symbolism,max-beckmann_night-1918.jpg,Expressionism_max-beckmann_night-1918_to_Symbolism.jpg,0.0,0.0,0.8144799470901489,0.0
Expressionism,Expressionism,max-beckmann_the-little-fish-1933.jpg,Expressionism_max-beckmann_the-little-fish-1933_to_Expressionism.jpg,0.0,0.0,0.8135905861854553,0.0
Expressionism,Impressionism,max-beckmann_the-little-fish-1933.jpg,Expressionism_max-beckmann_the-little-fish-1933_to_Impressionism.jpg,0.0,0.0,0.7670343518257141,0.0
Expressionism,Post_Impressionism,max-beckmann_the-little-fish-1933.jpg,Expressionism_max-beckmann_the-little-fish-1933_to_Post_Impressionism.jpg,0.0,0.0,0.7971901297569275,0.0
Expressionism,Realism,max-beckmann_the-little-fish-1933.jpg,Expressionism_max-beckmann_the-little-fish-1933_to_Realism.jpg,0.0,0.0,0.7385209798812866,0.0
Expressionism,Symbolism,max-beckmann_the-little-fish-1933.jpg,Expressionism_max-beckmann_the-little-fish-1933_to_Symbolism.jpg,0.0,0.0,0.7835705280303955,0.0
Expressionism,Expressionism,max-weber_still-life-with-two-tables.jpg,Expressionism_max-weber_still-life-with-two-tables_to_Expressionism.jpg,0.0,0.0,0.8385337591171265,0.0
Expressionism,Impressionism,max-weber_still-life-with-two-tables.jpg,Expressionism_max-weber_still-life-with-two-tables_to_Impressionism.jpg,0.0,0.0,0.8453605771064758,0.0
Expressionism,Post_Impressionism,max-weber_still-life-with-two-tables.jpg,Expressionism_max-weber_still-life-with-two-tables_to_Post_Impressionism.jpg,0.0,0.0,0.8585614562034607,0.0
Expressionism,Realism,max-weber_still-life-with-two-tables.jpg,Expressionism_max-weber_still-life-with-two-tables_to_Realism.jpg,0.0,0.0,0.8045922517776489,0.0
Expressionism,Symbolism,max-weber_still-life-with-two-tables.jpg,Expressionism_max-weber_still-life-with-two-tables_to_Symbolism.jpg,0.0,0.0,0.7899798154830933,0.0
Expressionism,Expressionism,natalia-goncharova_nativity.jpg,Expressionism_natalia-goncharova_nativity_to_Expressionism.jpg,0.0,0.0,0.7631886601448059,0.0
Expressionism,Impressionism,natalia-goncharova_nativity.jpg,Expressionism_natalia-goncharova_nativity_to_Impressionism.jpg,0.0,0.0,0.6887310743331909,0.0
Expressionism,Post_Impressionism,natalia-goncharova_nativity.jpg,Expressionism_natalia-goncharova_nativity_to_Post_Impressionism.jpg,0.0,0.0,0.7221934795379639,0.0
Expressionism,Realism,natalia-goncharova_nativity.jpg,Expressionism_natalia-goncharova_nativity_to_Realism.jpg,0.0,0.0,0.6889095306396484,0.0
Expressionism,Symbolism,natalia-goncharova_nativity.jpg,Expressionism_natalia-goncharova_nativity_to_Symbolism.jpg,0.0,0.0,0.7305834293365479,0.0
Expressionism,Expressionism,nicolae-tonitza_turk-women-in-balcic-1936.jpg,Expressionism_nicolae-tonitza_turk-women-in-balcic-1936_to_Expressionism.jpg,0.0,0.0,0.8310302495956421,0.0
Expressionism,Impressionism,nicolae-tonitza_turk-women-in-balcic-1936.jpg,Expressionism_nicolae-tonitza_turk-women-in-balcic-1936_to_Impressionism.jpg,0.0,0.0,0.8313350677490234,0.0
Expressionism,Post_Impressionism,nicolae-tonitza_turk-women-in-balcic-1936.jpg,Expressionism_nicolae-tonitza_turk-women-in-balcic-1936_to_Post_Impressionism.jpg,0.0,0.0,0.8215192556381226,0.0
Expressionism,Realism,nicolae-tonitza_turk-women-in-balcic-1936.jpg,Expressionism_nicolae-tonitza_turk-women-in-balcic-1936_to_Realism.jpg,0.0,0.0,0.7926079630851746,0.0
Expressionism,Symbolism,nicolae-tonitza_turk-women-in-balcic-1936.jpg,Expressionism_nicolae-tonitza_turk-women-in-balcic-1936_to_Symbolism.jpg,0.0,0.0,0.8087995052337646,0.0
Expressionism,Expressionism,otto-dix_myself-in-brussels(1).jpg,Expressionism_otto-dix_myself-in-brussels(1)_to_Expressionism.jpg,0.0,0.0,0.8422186374664307,0.0
Expressionism,Impressionism,otto-dix_myself-in-brussels(1).jpg,Expressionism_otto-dix_myself-in-brussels(1)_to_Impressionism.jpg,0.0,0.0,0.7699360847473145,0.0
Expressionism,Post_Impressionism,otto-dix_myself-in-brussels(1).jpg,Expressionism_otto-dix_myself-in-brussels(1)_to_Post_Impressionism.jpg,0.0,0.0,0.8024696707725525,0.0
Expressionism,Realism,otto-dix_myself-in-brussels(1).jpg,Expressionism_otto-dix_myself-in-brussels(1)_to_Realism.jpg,0.0,0.0,0.761275053024292,0.0
Expressionism,Symbolism,otto-dix_myself-in-brussels(1).jpg,Expressionism_otto-dix_myself-in-brussels(1)_to_Symbolism.jpg,0.0,0.0,0.8061080574989319,0.0
Expressionism,Expressionism,pablo-picasso_family-of-jugglers-1905.jpg,Expressionism_pablo-picasso_family-of-jugglers-1905_to_Expressionism.jpg,0.0,0.0,0.8393881320953369,0.0
Expressionism,Impressionism,pablo-picasso_family-of-jugglers-1905.jpg,Expressionism_pablo-picasso_family-of-jugglers-1905_to_Impressionism.jpg,0.0,0.0,0.8003705739974976,0.0
Expressionism,Post_Impressionism,pablo-picasso_family-of-jugglers-1905.jpg,Expressionism_pablo-picasso_family-of-jugglers-1905_to_Post_Impressionism.jpg,0.0,0.0,0.8356817364692688,0.0
Expressionism,Realism,pablo-picasso_family-of-jugglers-1905.jpg,Expressionism_pablo-picasso_family-of-jugglers-1905_to_Realism.jpg,0.0,0.0,0.7572007775306702,0.0
Expressionism,Symbolism,pablo-picasso_family-of-jugglers-1905.jpg,Expressionism_pablo-picasso_family-of-jugglers-1905_to_Symbolism.jpg,0.0,0.0,0.8059961795806885,0.0
Expressionism,Expressionism,paul-klee_flora-on-rocks-sun-1940(1).jpg,Expressionism_paul-klee_flora-on-rocks-sun-1940(1)_to_Expressionism.jpg,0.0,0.0,0.8247065544128418,0.0
Expressionism,Impressionism,paul-klee_flora-on-rocks-sun-1940(1).jpg,Expressionism_paul-klee_flora-on-rocks-sun-1940(1)_to_Impressionism.jpg,0.0,0.0,0.7393982410430908,0.0
Expressionism,Post_Impressionism,paul-klee_flora-on-rocks-sun-1940(1).jpg,Expressionism_paul-klee_flora-on-rocks-sun-1940(1)_to_Post_Impressionism.jpg,0.0,0.0,0.7943888902664185,0.0
Expressionism,Realism,paul-klee_flora-on-rocks-sun-1940(1).jpg,Expressionism_paul-klee_flora-on-rocks-sun-1940(1)_to_Realism.jpg,0.0,0.0,0.6988096237182617,0.0
Expressionism,Symbolism,paul-klee_flora-on-rocks-sun-1940(1).jpg,Expressionism_paul-klee_flora-on-rocks-sun-1940(1)_to_Symbolism.jpg,0.0,0.0,0.7968307733535767,0.0
Expressionism,Expressionism,paul-klee_still-life-with-dove-1931(1).jpg,Expressionism_paul-klee_still-life-with-dove-1931(1)_to_Expressionism.jpg,0.0,0.0,0.8940393924713135,0.0
Expressionism,Impressionism,paul-klee_still-life-with-dove-1931(1).jpg,Expressionism_paul-klee_still-life-with-dove-1931(1)_to_Impressionism.jpg,0.0,0.0,0.8226709961891174,0.0
Expressionism,Post_Impressionism,paul-klee_still-life-with-dove-1931(1).jpg,Expressionism_paul-klee_still-life-with-dove-1931(1)_to_Post_Impressionism.jpg,0.0,0.0,0.8521353602409363,0.0
Expressionism,Realism,paul-klee_still-life-with-dove-1931(1).jpg,Expressionism_paul-klee_still-life-with-dove-1931(1)_to_Realism.jpg,0.0,0.0,0.7976197004318237,0.0
Expressionism,Symbolism,paul-klee_still-life-with-dove-1931(1).jpg,Expressionism_paul-klee_still-life-with-dove-1931(1)_to_Symbolism.jpg,0.0,0.0,0.8809938430786133,0.0
Expressionism,Expressionism,paula-modersohn-becker_self-portrait-1.jpg,Expressionism_paula-modersohn-becker_self-portrait-1_to_Expressionism.jpg,0.0,0.0,0.8419960141181946,0.0
Expressionism,Impressionism,paula-modersohn-becker_self-portrait-1.jpg,Expressionism_paula-modersohn-becker_self-portrait-1_to_Impressionism.jpg,0.0,0.0,0.7678738236427307,0.0
Expressionism,Post_Impressionism,paula-modersohn-becker_self-portrait-1.jpg,Expressionism_paula-modersohn-becker_self-portrait-1_to_Post_Impressionism.jpg,0.0,0.0,0.8170685768127441,0.0
Expressionism,Realism,paula-modersohn-becker_self-portrait-1.jpg,Expressionism_paula-modersohn-becker_self-portrait-1_to_Realism.jpg,0.0,0.0,0.7374633550643921,0.0
Expressionism,Symbolism,paula-modersohn-becker_self-portrait-1.jpg,Expressionism_paula-modersohn-becker_self-portrait-1_to_Symbolism.jpg,0.0,0.0,0.7893465757369995,0.0
Expressionism,Expressionism,richard-diebenkorn_bottles.jpg,Expressionism_richard-diebenkorn_bottles_to_Expressionism.jpg,0.0,0.0,0.8397451639175415,0.0
Expressionism,Impressionism,richard-diebenkorn_bottles.jpg,Expressionism_richard-diebenkorn_bottles_to_Impressionism.jpg,0.0,0.0,0.7917147874832153,0.0
Expressionism,Post_Impressionism,richard-diebenkorn_bottles.jpg,Expressionism_richard-diebenkorn_bottles_to_Post_Impressionism.jpg,0.0,0.0,0.8213731050491333,0.0
Expressionism,Realism,richard-diebenkorn_bottles.jpg,Expressionism_richard-diebenkorn_bottles_to_Realism.jpg,0.0,0.0,0.7332369685173035,0.0
Expressionism,Symbolism,richard-diebenkorn_bottles.jpg,Expressionism_richard-diebenkorn_bottles_to_Symbolism.jpg,0.0,0.0,0.8053302764892578,0.0
Expressionism,Expressionism,richard-gerstl_self-portrait-2.jpg,Expressionism_richard-gerstl_self-portrait-2_to_Expressionism.jpg,0.0,0.0,0.6528401374816895,0.0
Expressionism,Impressionism,richard-gerstl_self-portrait-2.jpg,Expressionism_richard-gerstl_self-portrait-2_to_Impressionism.jpg,0.0,0.0,0.5433752536773682,0.0
Expressionism,Post_Impressionism,richard-gerstl_self-portrait-2.jpg,Expressionism_richard-gerstl_self-portrait-2_to_Post_Impressionism.jpg,0.0,0.0,0.5833528637886047,0.0
Expressionism,Realism,richard-gerstl_self-portrait-2.jpg,Expressionism_richard-gerstl_self-portrait-2_to_Realism.jpg,0.0,0.0,0.566081702709198,0.0
Expressionism,Symbolism,richard-gerstl_self-portrait-2.jpg,Expressionism_richard-gerstl_self-portrait-2_to_Symbolism.jpg,0.0,0.0,0.6270498037338257,0.0
Expressionism,Expressionism,salvador-dali_roger-freeing-angelica-st-george-and-the-damsel.jpg,Expressionism_salvador-dali_roger-freeing-angelica-st-george-and-the-damsel_to_Expressionism.jpg,0.0,0.0,0.8110125064849854,0.0
Expressionism,Impressionism,salvador-dali_roger-freeing-angelica-st-george-and-the-damsel.jpg,Expressionism_salvador-dali_roger-freeing-angelica-st-george-and-the-damsel_to_Impressionism.jpg,0.0,0.0,0.7416855692863464,0.0
Expressionism,Post_Impressionism,salvador-dali_roger-freeing-angelica-st-george-and-the-damsel.jpg,Expressionism_salvador-dali_roger-freeing-angelica-st-george-and-the-damsel_to_Post_Impressionism.jpg,0.0,0.0,0.7760212421417236,0.0
Expressionism,Realism,salvador-dali_roger-freeing-angelica-st-george-and-the-damsel.jpg,Expressionism_salvador-dali_roger-freeing-angelica-st-george-and-the-damsel_to_Realism.jpg,0.0,0.0,0.720884382724762,0.0
Expressionism,Symbolism,salvador-dali_roger-freeing-angelica-st-george-and-the-damsel.jpg,Expressionism_salvador-dali_roger-freeing-angelica-st-george-and-the-damsel_to_Symbolism.jpg,0.0,0.0,0.8254714012145996,0.0
Expressionism,Expressionism,salvador-dali_satirical-composition-the-dance-by-matisse.jpg,Expressionism_salvador-dali_satirical-composition-the-dance-by-matisse_to_Expressionism.jpg,0.0,0.0,0.8470742702484131,0.0
Expressionism,Impressionism,salvador-dali_satirical-composition-the-dance-by-matisse.jpg,Expressionism_salvador-dali_satirical-composition-the-dance-by-matisse_to_Impressionism.jpg,0.0,0.0,0.7827064990997314,0.0
Expressionism,Post_Impressionism,salvador-dali_satirical-composition-the-dance-by-matisse.jpg,Expressionism_salvador-dali_satirical-composition-the-dance-by-matisse_to_Post_Impressionism.jpg,0.0,0.0,0.8354542255401611,0.0
Expressionism,Realism,salvador-dali_satirical-composition-the-dance-by-matisse.jpg,Expressionism_salvador-dali_satirical-composition-the-dance-by-matisse_to_Realism.jpg,0.0,0.0,0.7465800046920776,0.0
Expressionism,Symbolism,salvador-dali_satirical-composition-the-dance-by-matisse.jpg,Expressionism_salvador-dali_satirical-composition-the-dance-by-matisse_to_Symbolism.jpg,0.0,0.0,0.8143441677093506,0.0
Expressionism,Expressionism,vladimir-tatlin_artist-s-model.jpg,Expressionism_vladimir-tatlin_artist-s-model_to_Expressionism.jpg,0.0,0.0,0.860185980796814,0.0
Expressionism,Impressionism,vladimir-tatlin_artist-s-model.jpg,Expressionism_vladimir-tatlin_artist-s-model_to_Impressionism.jpg,0.0,0.0,0.7671732902526855,0.0
Expressionism,Post_Impressionism,vladimir-tatlin_artist-s-model.jpg,Expressionism_vladimir-tatlin_artist-s-model_to_Post_Impressionism.jpg,0.0,0.0,0.8235543370246887,0.0
Expressionism,Realism,vladimir-tatlin_artist-s-model.jpg,Expressionism_vladimir-tatlin_artist-s-model_to_Realism.jpg,0.0,0.0,0.7077993750572205,0.0
Expressionism,Symbolism,vladimir-tatlin_artist-s-model.jpg,Expressionism_vladimir-tatlin_artist-s-model_to_Symbolism.jpg,0.0,0.0,0.7814102172851562,0.0
Expressionism,Expressionism,zinaida-serebriakova_self-portrait-with-a-brush-1924.jpg,Expressionism_zinaida-serebriakova_self-portrait-with-a-brush-1924_to_Expressionism.jpg,0.0,0.0,0.8088672757148743,0.0
Expressionism,Impressionism,zinaida-serebriakova_self-portrait-with-a-brush-1924.jpg,Expressionism_zinaida-serebriakova_self-portrait-with-a-brush-1924_to_Impressionism.jpg,0.0,0.0,0.7764190435409546,0.0
Expressionism,Post_Impressionism,zinaida-serebriakova_self-portrait-with-a-brush-1924.jpg,Expressionism_zinaida-serebriakova_self-portrait-with-a-brush-1924_to_Post_Impressionism.jpg,0.0,0.0,0.7959805130958557,0.0
Expressionism,Realism,zinaida-serebriakova_self-portrait-with-a-brush-1924.jpg,Expressionism_zinaida-serebriakova_self-portrait-with-a-brush-1924_to_Realism.jpg,0.0,0.0,0.764824628829956,0.0
Expressionism,Symbolism,zinaida-serebriakova_self-portrait-with-a-brush-1924.jpg,Expressionism_zinaida-serebriakova_self-portrait-with-a-brush-1924_to_Symbolism.jpg,0.0,0.0,0.7803171277046204,0.0
Impressionism,Expressionism,berthe-morisot_the-artist-s-sister-edma-with-her-daughter-jeanne.jpg,Impressionism_berthe-morisot_the-artist-s-sister-edma-with-her-daughter-jeanne_to_Expressionism.jpg,0.0,0.0,0.767607569694519,0.0
Impressionism,Impressionism,berthe-morisot_the-artist-s-sister-edma-with-her-daughter-jeanne.jpg,Impressionism_berthe-morisot_the-artist-s-sister-edma-with-her-daughter-jeanne_to_Impressionism.jpg,0.0,0.0,0.8109235763549805,0.0
Impressionism,Post_Impressionism,berthe-morisot_the-artist-s-sister-edma-with-her-daughter-jeanne.jpg,Impressionism_berthe-morisot_the-artist-s-sister-edma-with-her-daughter-jeanne_to_Post_Impressionism.jpg,0.0,0.0,0.796586275100708,0.0
Impressionism,Realism,berthe-morisot_the-artist-s-sister-edma-with-her-daughter-jeanne.jpg,Impressionism_berthe-morisot_the-artist-s-sister-edma-with-her-daughter-jeanne_to_Realism.jpg,0.0,0.0,0.7579358220100403,0.0
Impressionism,Symbolism,berthe-morisot_the-artist-s-sister-edma-with-her-daughter-jeanne.jpg,Impressionism_berthe-morisot_the-artist-s-sister-edma-with-her-daughter-jeanne_to_Symbolism.jpg,0.0,0.0,0.7376484870910645,0.0
Impressionism,Expressionism,berthe-morisot_young-girl-with-a-bird.jpg,Impressionism_berthe-morisot_young-girl-with-a-bird_to_Expressionism.jpg,0.0,0.0,0.735019326210022,0.0
Impressionism,Impressionism,berthe-morisot_young-girl-with-a-bird.jpg,Impressionism_berthe-morisot_young-girl-with-a-bird_to_Impressionism.jpg,0.0,0.0,0.8285880088806152,0.0
Impressionism,Post_Impressionism,berthe-morisot_young-girl-with-a-bird.jpg,Impressionism_berthe-morisot_young-girl-with-a-bird_to_Post_Impressionism.jpg,0.0,0.0,0.8039388656616211,0.0
Impressionism,Realism,berthe-morisot_young-girl-with-a-bird.jpg,Impressionism_berthe-morisot_young-girl-with-a-bird_to_Realism.jpg,0.0,0.0,0.7716483473777771,0.0
Impressionism,Symbolism,berthe-morisot_young-girl-with-a-bird.jpg,Impressionism_berthe-morisot_young-girl-with-a-bird_to_Symbolism.jpg,0.0,0.0,0.7199636697769165,0.0
Impressionism,Expressionism,camille-pissarro_haymaking-1874.jpg,Impressionism_camille-pissarro_haymaking-1874_to_Expressionism.jpg,0.0,0.0,0.7190654277801514,0.0
Impressionism,Impressionism,camille-pissarro_haymaking-1874.jpg,Impressionism_camille-pissarro_haymaking-1874_to_Impressionism.jpg,0.0,0.0,0.8476194143295288,0.0
Impressionism,Post_Impressionism,camille-pissarro_haymaking-1874.jpg,Impressionism_camille-pissarro_haymaking-1874_to_Post_Impressionism.jpg,0.0,0.0,0.8117983937263489,0.0
Impressionism,Realism,camille-pissarro_haymaking-1874.jpg,Impressionism_camille-pissarro_haymaking-1874_to_Realism.jpg,0.0,0.0,0.8335305452346802,0.0
Impressionism,Symbolism,camille-pissarro_haymaking-1874.jpg,Impressionism_camille-pissarro_haymaking-1874_to_Symbolism.jpg,0.0,0.0,0.7467710375785828,0.0
Impressionism,Expressionism,camille-pissarro_the-carrousel-autumn-morning-1899.jpg,Impressionism_camille-pissarro_the-carrousel-autumn-morning-1899_to_Expressionism.jpg,0.0,0.0,0.7190051078796387,0.0
Impressionism,Impressionism,camille-pissarro_the-carrousel-autumn-morning-1899.jpg,Impressionism_camille-pissarro_the-carrousel-autumn-morning-1899_to_Impressionism.jpg,0.0,0.0,0.8212127685546875,0.0
Impressionism,Post_Impressionism,camille-pissarro_the-carrousel-autumn-morning-1899.jpg,Impressionism_camille-pissarro_the-carrousel-autumn-morning-1899_to_Post_Impressionism.jpg,0.0,0.0,0.7929251790046692,0.0
Impressionism,Realism,camille-pissarro_the-carrousel-autumn-morning-1899.jpg,Impressionism_camille-pissarro_the-carrousel-autumn-morning-1899_to_Realism.jpg,0.0,0.0,0.8184449672698975,0.0
Impressionism,Symbolism,camille-pissarro_the-carrousel-autumn-morning-1899.jpg,Impressionism_camille-pissarro_the-carrousel-autumn-morning-1899_to_Symbolism.jpg,0.0,0.0,0.7555745840072632,0.0
Impressionism,Expressionism,camille-pissarro_the-tuileries-gardens-1900.jpg,Impressionism_camille-pissarro_the-tuileries-gardens-1900_to_Expressionism.jpg,0.0,0.0,0.6731699109077454,0.0
Impressionism,Impressionism,camille-pissarro_the-tuileries-gardens-1900.jpg,Impressionism_camille-pissarro_the-tuileries-gardens-1900_to_Impressionism.jpg,0.0,0.0,0.8042298555374146,0.0
Impressionism,Post_Impressionism,camille-pissarro_the-tuileries-gardens-1900.jpg,Impressionism_camille-pissarro_the-tuileries-gardens-1900_to_Post_Impressionism.jpg,0.0,0.0,0.7580832242965698,0.0
Impressionism,Realism,camille-pissarro_the-tuileries-gardens-1900.jpg,Impressionism_camille-pissarro_the-tuileries-gardens-1900_to_Realism.jpg,0.0,0.0,0.8027787804603577,0.0
Impressionism,Symbolism,camille-pissarro_the-tuileries-gardens-1900.jpg,Impressionism_camille-pissarro_the-tuileries-gardens-1900_to_Symbolism.jpg,0.0,0.0,0.7240716814994812,0.0
Impressionism,Expressionism,childe-hassam_afternoon-in-nantucket.jpg,Impressionism_childe-hassam_afternoon-in-nantucket_to_Expressionism.jpg,0.0,0.0,0.7395524978637695,0.0
Impressionism,Impressionism,childe-hassam_afternoon-in-nantucket.jpg,Impressionism_childe-hassam_afternoon-in-nantucket_to_Impressionism.jpg,0.0,0.0,0.8406476974487305,0.0
Impressionism,Post_Impressionism,childe-hassam_afternoon-in-nantucket.jpg,Impressionism_childe-hassam_afternoon-in-nantucket_to_Post_Impressionism.jpg,0.0,0.0,0.8086465001106262,0.0
Impressionism,Realism,childe-hassam_afternoon-in-nantucket.jpg,Impressionism_childe-hassam_afternoon-in-nantucket_to_Realism.jpg,0.0,0.0,0.7847752571105957,0.0
Impressionism,Symbolism,childe-hassam_afternoon-in-nantucket.jpg,Impressionism_childe-hassam_afternoon-in-nantucket_to_Symbolism.jpg,0.0,0.0,0.7386377453804016,0.0
Impressionism,Expressionism,childe-hassam_paris-street-scene.jpg,Impressionism_childe-hassam_paris-street-scene_to_Expressionism.jpg,0.0,0.0,0.7166258096694946,0.0
Impressionism,Impressionism,childe-hassam_paris-street-scene.jpg,Impressionism_childe-hassam_paris-street-scene_to_Impressionism.jpg,0.0,0.0,0.8053202629089355,0.0
Impressionism,Post_Impressionism,childe-hassam_paris-street-scene.jpg,Impressionism_childe-hassam_paris-street-scene_to_Post_Impressionism.jpg,0.0,0.0,0.7784140110015869,0.0
Impressionism,Realism,childe-hassam_paris-street-scene.jpg,Impressionism_childe-hassam_paris-street-scene_to_Realism.jpg,0.0,0.0,0.8067409992218018,0.0
Impressionism,Symbolism,childe-hassam_paris-street-scene.jpg,Impressionism_childe-hassam_paris-street-scene_to_Symbolism.jpg,0.0,0.0,0.7334427237510681,0.0
Impressionism,Expressionism,edgar-degas_dancer-with-a-fan-study.jpg,Impressionism_edgar-degas_dancer-with-a-fan-study_to_Expressionism.jpg,0.0,0.0,0.8124554753303528,0.0
Impressionism,Impressionism,edgar-degas_dancer-with-a-fan-study.jpg,Impressionism_edgar-degas_dancer-with-a-fan-study_to_Impressionism.jpg,0.0,0.0,0.7960538864135742,0.0
Impressionism,Post_Impressionism,edgar-degas_dancer-with-a-fan-study.jpg,Impressionism_edgar-degas_dancer-with-a-fan-study_to_Post_Impressionism.jpg,0.0,0.0,0.804344654083252,0.0
Impressionism,Realism,edgar-degas_dancer-with-a-fan-study.jpg,Impressionism_edgar-degas_dancer-with-a-fan-study_to_Realism.jpg,0.0,0.0,0.7413104772567749,0.0
Impressionism,Symbolism,edgar-degas_dancer-with-a-fan-study.jpg,Impressionism_edgar-degas_dancer-with-a-fan-study_to_Symbolism.jpg,0.0,0.0,0.7677265405654907,0.0
Impressionism,Expressionism,edgar-degas_jockey-1882.jpg,Impressionism_edgar-degas_jockey-1882_to_Expressionism.jpg,0.0,0.0,0.8404108285903931,0.0
Impressionism,Impressionism,edgar-degas_jockey-1882.jpg,Impressionism_edgar-degas_jockey-1882_to_Impressionism.jpg,0.0,0.0,0.7972453236579895,0.0
Impressionism,Post_Impressionism,edgar-degas_jockey-1882.jpg,Impressionism_edgar-degas_jockey-1882_to_Post_Impressionism.jpg,0.0,0.0,0.8166095018386841,0.0
Impressionism,Realism,edgar-degas_jockey-1882.jpg,Impressionism_edgar-degas_jockey-1882_to_Realism.jpg,0.0,0.0,0.7631884217262268,0.0
Impressionism,Symbolism,edgar-degas_jockey-1882.jpg,Impressionism_edgar-degas_jockey-1882_to_Symbolism.jpg,0.0,0.0,0.8310043811798096,0.0
Impressionism,Expressionism,edgar-degas_view-of-saint-valery-sur-somme.jpg,Impressionism_edgar-degas_view-of-saint-valery-sur-somme_to_Expressionism.jpg,0.0,0.0,0.7861649394035339,0.0
Impressionism,Impressionism,edgar-degas_view-of-saint-valery-sur-somme.jpg,Impressionism_edgar-degas_view-of-saint-valery-sur-somme_to_Impressionism.jpg,0.0,0.0,0.838105320930481,0.0
Impressionism,Post_Impressionism,edgar-degas_view-of-saint-valery-sur-somme.jpg,Impressionism_edgar-degas_view-of-saint-valery-sur-somme_to_Post_Impressionism.jpg,0.0,0.0,0.8325763940811157,0.0
Impressionism,Realism,edgar-degas_view-of-saint-valery-sur-somme.jpg,Impressionism_edgar-degas_view-of-saint-valery-sur-somme_to_Realism.jpg,0.0,0.0,0.8094145059585571,0.0
Impressionism,Symbolism,edgar-degas_view-of-saint-valery-sur-somme.jpg,Impressionism_edgar-degas_view-of-saint-valery-sur-somme_to_Symbolism.jpg,0.0,0.0,0.8025717735290527,0.0
Impressionism,Expressionism,edouard-manet_swallows-1873.jpg,Impressionism_edouard-manet_swallows-1873_to_Expressionism.jpg,0.0,0.0,0.7151602506637573,0.0
Impressionism,Impressionism,edouard-manet_swallows-1873.jpg,Impressionism_edouard-manet_swallows-1873_to_Impressionism.jpg,0.0,0.0,0.8030093908309937,0.0
Impressionism,Post_Impressionism,edouard-manet_swallows-1873.jpg,Impressionism_edouard-manet_swallows-1873_to_Post_Impressionism.jpg,0.0,0.0,0.7797012329101562,0.0
Impressionism,Realism,edouard-manet_swallows-1873.jpg,Impressionism_edouard-manet_swallows-1873_to_Realism.jpg,0.0,0.0,0.7936871647834778,0.0
Impressionism,Symbolism,edouard-manet_swallows-1873.jpg,Impressionism_edouard-manet_swallows-1873_to_Symbolism.jpg,0.0,0.0,0.7325959205627441,0.0
Impressionism,Expressionism,georges-seurat_a-canoes-1885.jpg,Impressionism_georges-seurat_a-canoes-1885_to_Expressionism.jpg,0.0,0.0,0.791440486907959,0.0
Impressionism,Impressionism,georges-seurat_a-canoes-1885.jpg,Impressionism_georges-seurat_a-canoes-1885_to_Impressionism.jpg,0.0,0.0,0.8644741773605347,0.0
Impressionism,Post_Impressionism,georges-seurat_a-canoes-1885.jpg,Impressionism_georges-seurat_a-canoes-1885_to_Post_Impressionism.jpg,0.0,0.0,0.851705014705658,0.0
Impressionism,Realism,georges-seurat_a-canoes-1885.jpg,Impressionism_georges-seurat_a-canoes-1885_to_Realism.jpg,0.0,0.0,0.8226147890090942,0.0
Impressionism,Symbolism,georges-seurat_a-canoes-1885.jpg,Impressionism_georges-seurat_a-canoes-1885_to_Symbolism.jpg,0.0,0.0,0.8015979528427124,0.0
Impressionism,Expressionism,giovanni-boldini_portrait-of-sarah-bernhardt-1.jpg,Impressionism_giovanni-boldini_portrait-of-sarah-bernhardt-1_to_Expressionism.jpg,0.0,0.0,0.8127938508987427,0.0
Impressionism,Impressionism,giovanni-boldini_portrait-of-sarah-bernhardt-1.jpg,Impressionism_giovanni-boldini_portrait-of-sarah-bernhardt-1_to_Impressionism.jpg,0.0,0.0,0.8335364460945129,0.0
Impressionism,Post_Impressionism,giovanni-boldini_portrait-of-sarah-bernhardt-1.jpg,Impressionism_giovanni-boldini_portrait-of-sarah-bernhardt-1_to_Post_Impressionism.jpg,0.0,0.0,0.8240180015563965,0.0
Impressionism,Realism,giovanni-boldini_portrait-of-sarah-bernhardt-1.jpg,Impressionism_giovanni-boldini_portrait-of-sarah-bernhardt-1_to_Realism.jpg,0.0,0.0,0.8052605986595154,0.0
Impressionism,Symbolism,giovanni-boldini_portrait-of-sarah-bernhardt-1.jpg,Impressionism_giovanni-boldini_portrait-of-sarah-bernhardt-1_to_Symbolism.jpg,0.0,0.0,0.811255931854248,0.0
Impressionism,Expressionism,giovanni-boldini_the-sisters-laskaraki.jpg,Impressionism_giovanni-boldini_the-sisters-laskaraki_to_Expressionism.jpg,0.0,0.0,0.7916469573974609,0.0
Impressionism,Impressionism,giovanni-boldini_the-sisters-laskaraki.jpg,Impressionism_giovanni-boldini_the-sisters-laskaraki_to_Impressionism.jpg,0.0,0.0,0.8368635773658752,0.0
Impressionism,Post_Impressionism,giovanni-boldini_the-sisters-laskaraki.jpg,Impressionism_giovanni-boldini_the-sisters-laskaraki_to_Post_Impressionism.jpg,0.0,0.0,0.8173165321350098,0.0
Impressionism,Realism,giovanni-boldini_the-sisters-laskaraki.jpg,Impressionism_giovanni-boldini_the-sisters-laskaraki_to_Realism.jpg,0.0,0.0,0.8166141510009766,0.0
Impressionism,Symbolism,giovanni-boldini_the-sisters-laskaraki.jpg,Impressionism_giovanni-boldini_the-sisters-laskaraki_to_Symbolism.jpg,0.0,0.0,0.7981239557266235,0.0
Impressionism,Expressionism,henri-catargi_pansies-1974.jpg,Impressionism_henri-catargi_pansies-1974_to_Expressionism.jpg,0.0,0.0,0.7799868583679199,0.0
Impressionism,Impressionism,henri-catargi_pansies-1974.jpg,Impressionism_henri-catargi_pansies-1974_to_Impressionism.jpg,0.0,0.0,0.8158667087554932,0.0
Impressionism,Post_Impressionism,henri-catargi_pansies-1974.jpg,Impressionism_henri-catargi_pansies-1974_to_Post_Impressionism.jpg,0.0,0.0,0.8077282309532166,0.0
Impressionism,Realism,henri-catargi_pansies-1974.jpg,Impressionism_henri-catargi_pansies-1974_to_Realism.jpg,0.0,0.0,0.7700169086456299,0.0
Impressionism,Symbolism,henri-catargi_pansies-1974.jpg,Impressionism_henri-catargi_pansies-1974_to_Symbolism.jpg,0.0,0.0,0.7652565836906433,0.0
Impressionism,Expressionism,henri-martin_fishing-boats-at-collioure.jpg,Impressionism_henri-martin_fishing-boats-at-collioure_to_Expressionism.jpg,0.0,0.0,0.7562136054039001,0.0
Impressionism,Impressionism,henri-martin_fishing-boats-at-collioure.jpg,Impressionism_henri-martin_fishing-boats-at-collioure_to_Impressionism.jpg,0.0,0.0,0.8209942579269409,0.0
Impressionism,Post_Impressionism,henri-martin_fishing-boats-at-collioure.jpg,Impressionism_henri-martin_fishing-boats-at-collioure_to_Post_Impressionism.jpg,0.0,0.0,0.8118793964385986,0.0
Impressionism,Realism,henri-martin_fishing-boats-at-collioure.jpg,Impressionism_henri-martin_fishing-boats-at-collioure_to_Realism.jpg,0.0,0.0,0.7993729710578918,0.0
Impressionism,Symbolism,henri-martin_fishing-boats-at-collioure.jpg,Impressionism_henri-martin_fishing-boats-at-collioure_to_Symbolism.jpg,0.0,0.0,0.7743480205535889,0.0
Impressionism,Expressionism,joaquã­n-sorolla_furnace-of-elche-palm.jpg,Impressionism_joaquã­n-sorolla_furnace-of-elche-palm_to_Expressionism.jpg,0.0,0.0,0.8224937319755554,0.0
Impressionism,Impressionism,joaquã­n-sorolla_furnace-of-elche-palm.jpg,Impressionism_joaquã­n-sorolla_furnace-of-elche-palm_to_Impressionism.jpg,0.0,0.0,0.8360123038291931,0.0
Impressionism,Post_Impressionism,joaquã­n-sorolla_furnace-of-elche-palm.jpg,Impressionism_joaquã­n-sorolla_furnace-of-elche-palm_to_Post_Impressionism.jpg,0.0,0.0,0.82733553647995,0.0
Impressionism,Realism,joaquã­n-sorolla_furnace-of-elche-palm.jpg,Impressionism_joaquã­n-sorolla_furnace-of-elche-palm_to_Realism.jpg,0.0,0.0,0.794055700302124,0.0
Impressionism,Symbolism,joaquã­n-sorolla_furnace-of-elche-palm.jpg,Impressionism_joaquã­n-sorolla_furnace-of-elche-palm_to_Symbolism.jpg,0.0,0.0,0.8122385740280151,0.0
Impressionism,Expressionism,john-singer-sargent_carrara-workmen-1911.jpg,Impressionism_john-singer-sargent_carrara-workmen-1911_to_Expressionism.jpg,0.0,0.0,0.8077133297920227,0.0
Impressionism,Impressionism,john-singer-sargent_carrara-workmen-1911.jpg,Impressionism_john-singer-sargent_carrara-workmen-1911_to_Impressionism.jpg,0.0,0.0,0.8169542551040649,0.0
Impressionism,Post_Impressionism,john-singer-sargent_carrara-workmen-1911.jpg,Impressionism_john-singer-sargent_carrara-workmen-1911_to_Post_Impressionism.jpg,0.0,0.0,0.7935498952865601,0.0
Impressionism,Realism,john-singer-sargent_carrara-workmen-1911.jpg,Impressionism_john-singer-sargent_carrara-workmen-1911_to_Realism.jpg,0.0,0.0,0.8021421432495117,0.0
Impressionism,Symbolism,john-singer-sargent_carrara-workmen-1911.jpg,Impressionism_john-singer-sargent_carrara-workmen-1911_to_Symbolism.jpg,0.0,0.0,0.8211109638214111,0.0
Impressionism,Expressionism,john-singer-sargent_the-simplon-large-rocks.jpg,Impressionism_john-singer-sargent_the-simplon-large-rocks_to_Expressionism.jpg,0.0,0.0,0.7058348059654236,0.0
Impressionism,Impressionism,john-singer-sargent_the-simplon-large-rocks.jpg,Impressionism_john-singer-sargent_the-simplon-large-rocks_to_Impressionism.jpg,0.0,0.0,0.7598528861999512,0.0
Impressionism,Post_Impressionism,john-singer-sargent_the-simplon-large-rocks.jpg,Impressionism_john-singer-sargent_the-simplon-large-rocks_to_Post_Impressionism.jpg,0.0,0.0,0.7217541337013245,0.0
Impressionism,Realism,john-singer-sargent_the-simplon-large-rocks.jpg,Impressionism_john-singer-sargent_the-simplon-large-rocks_to_Realism.jpg,0.0,0.0,0.7301788330078125,0.0
Impressionism,Symbolism,john-singer-sargent_the-simplon-large-rocks.jpg,Impressionism_john-singer-sargent_the-simplon-large-rocks_to_Symbolism.jpg,0.0,0.0,0.7563939690589905,0.0
Impressionism,Expressionism,konstantin-korovin_in-the-caucasus-sitting-mountaineers-1889.jpg,Impressionism_konstantin-korovin_in-the-caucasus-sitting-mountaineers-1889_to_Expressionism.jpg,0.0,0.0,0.7879626750946045,0.0
Impressionism,Impressionism,konstantin-korovin_in-the-caucasus-sitting-mountaineers-1889.jpg,Impressionism_konstantin-korovin_in-the-caucasus-sitting-mountaineers-1889_to_Impressionism.jpg,0.0,0.0,0.8344934582710266,0.0
Impressionism,Post_Impressionism,konstantin-korovin_in-the-caucasus-sitting-mountaineers-1889.jpg,Impressionism_konstantin-korovin_in-the-caucasus-sitting-mountaineers-1889_to_Post_Impressionism.jpg,0.0,0.0,0.8079844117164612,0.0
Impressionism,Realism,konstantin-korovin_in-the-caucasus-sitting-mountaineers-1889.jpg,Impressionism_konstantin-korovin_in-the-caucasus-sitting-mountaineers-1889_to_Realism.jpg,0.0,0.0,0.8558188676834106,0.0
Impressionism,Symbolism,konstantin-korovin_in-the-caucasus-sitting-mountaineers-1889.jpg,Impressionism_konstantin-korovin_in-the-caucasus-sitting-mountaineers-1889_to_Symbolism.jpg,0.0,0.0,0.8507688641548157,0.0
Impressionism,Expressionism,konstantin-korovin_roses-and-fruit-1917.jpg,Impressionism_konstantin-korovin_roses-and-fruit-1917_to_Expressionism.jpg,0.0,0.0,0.7632738351821899,0.0
Impressionism,Impressionism,konstantin-korovin_roses-and-fruit-1917.jpg,Impressionism_konstantin-korovin_roses-and-fruit-1917_to_Impressionism.jpg,0.0,0.0,0.8578870296478271,0.0
Impressionism,Post_Impressionism,konstantin-korovin_roses-and-fruit-1917.jpg,Impressionism_konstantin-korovin_roses-and-fruit-1917_to_Post_Impressionism.jpg,0.0,0.0,0.814306378364563,0.0
Impressionism,Realism,konstantin-korovin_roses-and-fruit-1917.jpg,Impressionism_konstantin-korovin_roses-and-fruit-1917_to_Realism.jpg,0.0,0.0,0.8042014241218567,0.0
Impressionism,Symbolism,konstantin-korovin_roses-and-fruit-1917.jpg,Impressionism_konstantin-korovin_roses-and-fruit-1917_to_Symbolism.jpg,0.0,0.0,0.7668380737304688,0.0
Impressionism,Expressionism,octav-bancila_flori-de-m-r.jpg,Impressionism_octav-bancila_flori-de-m-r_to_Expressionism.jpg,0.0,0.0,0.7948256731033325,0.0
Impressionism,Impressionism,octav-bancila_flori-de-m-r.jpg,Impressionism_octav-bancila_flori-de-m-r_to_Impressionism.jpg,0.0,0.0,0.8470795154571533,0.0
Impressionism,Post_Impressionism,octav-bancila_flori-de-m-r.jpg,Impressionism_octav-bancila_flori-de-m-r_to_Post_Impressionism.jpg,0.0,0.0,0.8404293656349182,0.0
Impressionism,Realism,octav-bancila_flori-de-m-r.jpg,Impressionism_octav-bancila_flori-de-m-r_to_Realism.jpg,0.0,0.0,0.8125593066215515,0.0
Impressionism,Symbolism,octav-bancila_flori-de-m-r.jpg,Impressionism_octav-bancila_flori-de-m-r_to_Symbolism.jpg,0.0,0.0,0.8252480030059814,0.0
Impressionism,Expressionism,paul-cezanne_the-orchard-1877.jpg,Impressionism_paul-cezanne_the-orchard-1877_to_Expressionism.jpg,0.0,0.0,0.7739037275314331,0.0
Impressionism,Impressionism,paul-cezanne_the-orchard-1877.jpg,Impressionism_paul-cezanne_the-orchard-1877_to_Impressionism.jpg,0.0,0.0,0.8561813831329346,0.0
Impressionism,Post_Impressionism,paul-cezanne_the-orchard-1877.jpg,Impressionism_paul-cezanne_the-orchard-1877_to_Post_Impressionism.jpg,0.0,0.0,0.8241819739341736,0.0
Impressionism,Realism,paul-cezanne_the-orchard-1877.jpg,Impressionism_paul-cezanne_the-orchard-1877_to_Realism.jpg,0.0,0.0,0.8125606775283813,0.0
Impressionism,Symbolism,paul-cezanne_the-orchard-1877.jpg,Impressionism_paul-cezanne_the-orchard-1877_to_Symbolism.jpg,0.0,0.0,0.7774660587310791,0.0
Impressionism,Expressionism,paul-gauguin_chicken-coup.jpg,Impressionism_paul-gauguin_chicken-coup_to_Expressionism.jpg,0.0,0.0,0.76479572057724,0.0
Impressionism,Impressionism,paul-gauguin_chicken-coup.jpg,Impressionism_paul-gauguin_chicken-coup_to_Impressionism.jpg,0.0,0.0,0.8172550201416016,0.0
Impressionism,Post_Impressionism,paul-gauguin_chicken-coup.jpg,Impressionism_paul-gauguin_chicken-coup_to_Post_Impressionism.jpg,0.0,0.0,0.7919994592666626,0.0
Impressionism,Realism,paul-gauguin_chicken-coup.jpg,Impressionism_paul-gauguin_chicken-coup_to_Realism.jpg,0.0,0.0,0.80345219373703,0.0
Impressionism,Symbolism,paul-gauguin_chicken-coup.jpg,Impressionism_paul-gauguin_chicken-coup_to_Symbolism.jpg,0.0,0.0,0.7846258282661438,0.0
Impressionism,Expressionism,pierre-auguste-renoir_gladiolas-in-a-vase-1875.jpg,Impressionism_pierre-auguste-renoir_gladiolas-in-a-vase-1875_to_Expressionism.jpg,0.0,0.0,0.7289363741874695,0.0
Impressionism,Impressionism,pierre-auguste-renoir_gladiolas-in-a-vase-1875.jpg,Impressionism_pierre-auguste-renoir_gladiolas-in-a-vase-1875_to_Impressionism.jpg,0.0,0.0,0.8570261597633362,0.0
Impressionism,Post_Impressionism,pierre-auguste-renoir_gladiolas-in-a-vase-1875.jpg,Impressionism_pierre-auguste-renoir_gladiolas-in-a-vase-1875_to_Post_Impressionism.jpg,0.0,0.0,0.795048713684082,0.0
Impressionism,Realism,pierre-auguste-renoir_gladiolas-in-a-vase-1875.jpg,Impressionism_pierre-auguste-renoir_gladiolas-in-a-vase-1875_to_Realism.jpg,0.0,0.0,0.8292665481567383,0.0
Impressionism,Symbolism,pierre-auguste-renoir_gladiolas-in-a-vase-1875.jpg,Impressionism_pierre-auguste-renoir_gladiolas-in-a-vase-1875_to_Symbolism.jpg,0.0,0.0,0.7535079717636108,0.0
Impressionism,Expressionism,pierre-auguste-renoir_profile-of-a-young-woman-in-a-hat.jpg,Impressionism_pierre-auguste-renoir_profile-of-a-young-woman-in-a-hat_to_Expressionism.jpg,0.0,0.0,0.8140031099319458,0.0
Impressionism,Impressionism,pierre-auguste-renoir_profile-of-a-young-woman-in-a-hat.jpg,Impressionism_pierre-auguste-renoir_profile-of-a-young-woman-in-a-hat_to_Impressionism.jpg,0.0,0.0,0.8759461045265198,0.0
Impressionism,Post_Impressionism,pierre-auguste-renoir_profile-of-a-young-woman-in-a-hat.jpg,Impressionism_pierre-auguste-renoir_profile-of-a-young-woman-in-a-hat_to_Post_Impressionism.jpg,0.0,0.0,0.8695952892303467,0.0
Impressionism,Realism,pierre-auguste-renoir_profile-of-a-young-woman-in-a-hat.jpg,Impressionism_pierre-auguste-renoir_profile-of-a-young-woman-in-a-hat_to_Realism.jpg,0.0,0.0,0.8095035552978516,0.0
Impressionism,Symbolism,pierre-auguste-renoir_profile-of-a-young-woman-in-a-hat.jpg,Impressionism_pierre-auguste-renoir_profile-of-a-young-woman-in-a-hat_to_Symbolism.jpg,0.0,0.0,0.7885220646858215,0.0
Impressionism,Expressionism,pierre-auguste-renoir_seated-nude-in-profile-gabrielle-1913.jpg,Impressionism_pierre-auguste-renoir_seated-nude-in-profile-gabrielle-1913_to_Expressionism.jpg,0.0,0.0,0.828278660774231,0.0
Impressionism,Impressionism,pierre-auguste-renoir_seated-nude-in-profile-gabrielle-1913.jpg,Impressionism_pierre-auguste-renoir_seated-nude-in-profile-gabrielle-1913_to_Impressionism.jpg,0.0,0.0,0.84592205286026,0.0
Impressionism,Post_Impressionism,pierre-auguste-renoir_seated-nude-in-profile-gabrielle-1913.jpg,Impressionism_pierre-auguste-renoir_seated-nude-in-profile-gabrielle-1913_to_Post_Impressionism.jpg,0.0,0.0,0.8474879264831543,0.0
Impressionism,Realism,pierre-auguste-renoir_seated-nude-in-profile-gabrielle-1913.jpg,Impressionism_pierre-auguste-renoir_seated-nude-in-profile-gabrielle-1913_to_Realism.jpg,0.0,0.0,0.7915194034576416,0.0
Impressionism,Symbolism,pierre-auguste-renoir_seated-nude-in-profile-gabrielle-1913.jpg,Impressionism_pierre-auguste-renoir_seated-nude-in-profile-gabrielle-1913_to_Symbolism.jpg,0.0,0.0,0.8131021857261658,0.0
Impressionism,Expressionism,pierre-auguste-renoir_three-young-girls-sitting-in-the-grass-1897.jpg,Impressionism_pierre-auguste-renoir_three-young-girls-sitting-in-the-grass-1897_to_Expressionism.jpg,0.0,0.0,0.8303871750831604,0.0
Impressionism,Impressionism,pierre-auguste-renoir_three-young-girls-sitting-in-the-grass-1897.jpg,Impressionism_pierre-auguste-renoir_three-young-girls-sitting-in-the-grass-1897_to_Impressionism.jpg,0.0,0.0,0.8863763809204102,0.0
Impressionism,Post_Impressionism,pierre-auguste-renoir_three-young-girls-sitting-in-the-grass-1897.jpg,Impressionism_pierre-auguste-renoir_three-young-girls-sitting-in-the-grass-1897_to_Post_Impressionism.jpg,0.0,0.0,0.8850346207618713,0.0
Impressionism,Realism,pierre-auguste-renoir_three-young-girls-sitting-in-the-grass-1897.jpg,Impressionism_pierre-auguste-renoir_three-young-girls-sitting-in-the-grass-1897_to_Realism.jpg,0.0,0.0,0.8161449432373047,0.0
Impressionism,Symbolism,pierre-auguste-renoir_three-young-girls-sitting-in-the-grass-1897.jpg,Impressionism_pierre-auguste-renoir_three-young-girls-sitting-in-the-grass-1897_to_Symbolism.jpg,0.0,0.0,0.8016144037246704,0.0
Impressionism,Expressionism,stefan-popescu_landscape-with-stronghold.jpg,Impressionism_stefan-popescu_landscape-with-stronghold_to_Expressionism.jpg,0.0,0.0,0.7568013668060303,0.0
Impressionism,Impressionism,stefan-popescu_landscape-with-stronghold.jpg,Impressionism_stefan-popescu_landscape-with-stronghold_to_Impressionism.jpg,0.0,0.0,0.8539919853210449,0.0
Impressionism,Post_Impressionism,stefan-popescu_landscape-with-stronghold.jpg,Impressionism_stefan-popescu_landscape-with-stronghold_to_Post_Impressionism.jpg,0.0,0.0,0.8021209239959717,0.0
Impressionism,Realism,stefan-popescu_landscape-with-stronghold.jpg,Impressionism_stefan-popescu_landscape-with-stronghold_to_Realism.jpg,0.0,0.0,0.8579875230789185,0.0
Impressionism,Symbolism,stefan-popescu_landscape-with-stronghold.jpg,Impressionism_stefan-popescu_landscape-with-stronghold_to_Symbolism.jpg,0.0,0.0,0.8188408017158508,0.0
Impressionism,Expressionism,walter-battiss_portrait-of-the-artist-s-wife-the-artist-grace-anderson-1945.jpg,Impressionism_walter-battiss_portrait-of-the-artist-s-wife-the-artist-grace-anderson-1945_to_Expressionism.jpg,0.0,0.0,0.837447464466095,0.0
Impressionism,Impressionism,walter-battiss_portrait-of-the-artist-s-wife-the-artist-grace-anderson-1945.jpg,Impressionism_walter-battiss_portrait-of-the-artist-s-wife-the-artist-grace-anderson-1945_to_Impressionism.jpg,0.0,0.0,0.8480605483055115,0.0
Impressionism,Post_Impressionism,walter-battiss_portrait-of-the-artist-s-wife-the-artist-grace-anderson-1945.jpg,Impressionism_walter-battiss_portrait-of-the-artist-s-wife-the-artist-grace-anderson-1945_to_Post_Impressionism.jpg,0.0,0.0,0.8431171774864197,0.0
Impressionism,Realism,walter-battiss_portrait-of-the-artist-s-wife-the-artist-grace-anderson-1945.jpg,Impressionism_walter-battiss_portrait-of-the-artist-s-wife-the-artist-grace-anderson-1945_to_Realism.jpg,0.0,0.0,0.8076494336128235,0.0
Impressionism,Symbolism,walter-battiss_portrait-of-the-artist-s-wife-the-artist-grace-anderson-1945.jpg,Impressionism_walter-battiss_portrait-of-the-artist-s-wife-the-artist-grace-anderson-1945_to_Symbolism.jpg,0.0,0.0,0.7988652586936951,0.0
Post_Impressionism,Expressionism,amrita-sher-gil_shringaar-1940.jpg,Post_Impressionism_amrita-sher-gil_shringaar-1940_to_Expressionism.jpg,0.0,0.0,0.7926921844482422,0.0
Post_Impressionism,Impressionism,amrita-sher-gil_shringaar-1940.jpg,Post_Impressionism_amrita-sher-gil_shringaar-1940_to_Impressionism.jpg,0.0,0.0,0.7307923436164856,0.0
Post_Impressionism,Post_Impressionism,amrita-sher-gil_shringaar-1940.jpg,Post_Impressionism_amrita-sher-gil_shringaar-1940_to_Post_Impressionism.jpg,0.0,0.0,0.766173243522644,0.0
Post_Impressionism,Realism,amrita-sher-gil_shringaar-1940.jpg,Post_Impressionism_amrita-sher-gil_shringaar-1940_to_Realism.jpg,0.0,0.0,0.690443217754364,0.0
Post_Impressionism,Symbolism,amrita-sher-gil_shringaar-1940.jpg,Post_Impressionism_amrita-sher-gil_shringaar-1940_to_Symbolism.jpg,0.0,0.0,0.7617365121841431,0.0
Post_Impressionism,Expressionism,amrita-sher-gil_south-indian-villagers-going-to-a-market-1937.jpg,Post_Impressionism_amrita-sher-gil_south-indian-villagers-going-to-a-market-1937_to_Expressionism.jpg,0.0,0.0,0.8465726375579834,0.0
Post_Impressionism,Impressionism,amrita-sher-gil_south-indian-villagers-going-to-a-market-1937.jpg,Post_Impressionism_amrita-sher-gil_south-indian-villagers-going-to-a-market-1937_to_Impressionism.jpg,0.0,0.0,0.7832397818565369,0.0
Post_Impressionism,Post_Impressionism,amrita-sher-gil_south-indian-villagers-going-to-a-market-1937.jpg,Post_Impressionism_amrita-sher-gil_south-indian-villagers-going-to-a-market-1937_to_Post_Impressionism.jpg,0.0,0.0,0.8155428171157837,0.0
Post_Impressionism,Realism,amrita-sher-gil_south-indian-villagers-going-to-a-market-1937.jpg,Post_Impressionism_amrita-sher-gil_south-indian-villagers-going-to-a-market-1937_to_Realism.jpg,0.0,0.0,0.7471586465835571,0.0
Post_Impressionism,Symbolism,amrita-sher-gil_south-indian-villagers-going-to-a-market-1937.jpg,Post_Impressionism_amrita-sher-gil_south-indian-villagers-going-to-a-market-1937_to_Symbolism.jpg,0.0,0.0,0.8022249937057495,0.0
Post_Impressionism,Expressionism,edouard-cortes_st-martin-3.jpg,Post_Impressionism_edouard-cortes_st-martin-3_to_Expressionism.jpg,0.0,0.0,0.6423829197883606,0.0
Post_Impressionism,Impressionism,edouard-cortes_st-martin-3.jpg,Post_Impressionism_edouard-cortes_st-martin-3_to_Impressionism.jpg,0.0,0.0,0.724839985370636,0.0
Post_Impressionism,Post_Impressionism,edouard-cortes_st-martin-3.jpg,Post_Impressionism_edouard-cortes_st-martin-3_to_Post_Impressionism.jpg,0.0,0.0,0.720706582069397,0.0
Post_Impressionism,Realism,edouard-cortes_st-martin-3.jpg,Post_Impressionism_edouard-cortes_st-martin-3_to_Realism.jpg,0.0,0.0,0.6854649782180786,0.0
Post_Impressionism,Symbolism,edouard-cortes_st-martin-3.jpg,Post_Impressionism_edouard-cortes_st-martin-3_to_Symbolism.jpg,0.0,0.0,0.6335573792457581,0.0
Post_Impressionism,Expressionism,felix-vallotton_the-laundress-1895.jpg,Post_Impressionism_felix-vallotton_the-laundress-1895_to_Expressionism.jpg,0.0,0.0,0.778841495513916,0.0
Post_Impressionism,Impressionism,felix-vallotton_the-laundress-1895.jpg,Post_Impressionism_felix-vallotton_the-laundress-1895_to_Impressionism.jpg,0.0,0.0,0.8074582815170288,0.0
Post_Impressionism,Post_Impressionism,felix-vallotton_the-laundress-1895.jpg,Post_Impressionism_felix-vallotton_the-laundress-1895_to_Post_Impressionism.jpg,0.0,0.0,0.8138082027435303,0.0
Post_Impressionism,Realism,felix-vallotton_the-laundress-1895.jpg,Post_Impressionism_felix-vallotton_the-laundress-1895_to_Realism.jpg,0.0,0.0,0.766543984413147,0.0
Post_Impressionism,Symbolism,felix-vallotton_the-laundress-1895.jpg,Post_Impressionism_felix-vallotton_the-laundress-1895_to_Symbolism.jpg,0.0,0.0,0.7455090284347534,0.0
Post_Impressionism,Expressionism,gustave-loiseau_place-de-la-bastille.jpg,Post_Impressionism_gustave-loiseau_place-de-la-bastille_to_Expressionism.jpg,0.0,0.0,0.7014427781105042,0.0
Post_Impressionism,Impressionism,gustave-loiseau_place-de-la-bastille.jpg,Post_Impressionism_gustave-loiseau_place-de-la-bastille_to_Impressionism.jpg,0.0,0.0,0.7806154489517212,0.0
Post_Impressionism,Post_Impressionism,gustave-loiseau_place-de-la-bastille.jpg,Post_Impressionism_gustave-loiseau_place-de-la-bastille_to_Post_Impressionism.jpg,0.0,0.0,0.7861192226409912,0.0
Post_Impressionism,Realism,gustave-loiseau_place-de-la-bastille.jpg,Post_Impressionism_gustave-loiseau_place-de-la-bastille_to_Realism.jpg,0.0,0.0,0.7377933859825134,0.0
Post_Impressionism,Symbolism,gustave-loiseau_place-de-la-bastille.jpg,Post_Impressionism_gustave-loiseau_place-de-la-bastille_to_Symbolism.jpg,0.0,0.0,0.7020582556724548,0.0
Post_Impressionism,Expressionism,henri-de-toulouse-lautrec_at-the-rat-mort-1899.jpg,Post_Impressionism_henri-de-toulouse-lautrec_at-the-rat-mort-1899_to_Expressionism.jpg,0.0,0.0,0.8411067724227905,0.0
Post_Impressionism,Impressionism,henri-de-toulouse-lautrec_at-the-rat-mort-1899.jpg,Post_Impressionism_henri-de-toulouse-lautrec_at-the-rat-mort-1899_to_Impressionism.jpg,0.0,0.0,0.8015726804733276,0.0
Post_Impressionism,Post_Impressionism,henri-de-toulouse-lautrec_at-the-rat-mort-1899.jpg,Post_Impressionism_henri-de-toulouse-lautrec_at-the-rat-mort-1899_to_Post_Impressionism.jpg,0.0,0.0,0.8477327823638916,0.0
Post_Impressionism,Realism,henri-de-toulouse-lautrec_at-the-rat-mort-1899.jpg,Post_Impressionism_henri-de-toulouse-lautrec_at-the-rat-mort-1899_to_Realism.jpg,0.0,0.0,0.7527905702590942,0.0
Post_Impressionism,Symbolism,henri-de-toulouse-lautrec_at-the-rat-mort-1899.jpg,Post_Impressionism_henri-de-toulouse-lautrec_at-the-rat-mort-1899_to_Symbolism.jpg,0.0,0.0,0.7987627983093262,0.0
Post_Impressionism,Expressionism,henri-de-toulouse-lautrec_madame-lili-grenier-1888.jpg,Post_Impressionism_henri-de-toulouse-lautrec_madame-lili-grenier-1888_to_Expressionism.jpg,0.0,0.0,0.8117406964302063,0.0
Post_Impressionism,Impressionism,henri-de-toulouse-lautrec_madame-lili-grenier-1888.jpg,Post_Impressionism_henri-de-toulouse-lautrec_madame-lili-grenier-1888_to_Impressionism.jpg,0.0,0.0,0.8269385099411011,0.0
Post_Impressionism,Post_Impressionism,henri-de-toulouse-lautrec_madame-lili-grenier-1888.jpg,Post_Impressionism_henri-de-toulouse-lautrec_madame-lili-grenier-1888_to_Post_Impressionism.jpg,0.0,0.0,0.8423064947128296,0.0
Post_Impressionism,Realism,henri-de-toulouse-lautrec_madame-lili-grenier-1888.jpg,Post_Impressionism_henri-de-toulouse-lautrec_madame-lili-grenier-1888_to_Realism.jpg,0.0,0.0,0.7852511405944824,0.0
Post_Impressionism,Symbolism,henri-de-toulouse-lautrec_madame-lili-grenier-1888.jpg,Post_Impressionism_henri-de-toulouse-lautrec_madame-lili-grenier-1888_to_Symbolism.jpg,0.0,0.0,0.7821372747421265,0.0
Post_Impressionism,Expressionism,henri-de-toulouse-lautrec_portrait-of-countess-a-de-toulouse-lautrec.jpg,Post_Impressionism_henri-de-toulouse-lautrec_portrait-of-countess-a-de-toulouse-lautrec_to_Expressionism.jpg,0.0,0.0,0.7593220472335815,0.0
Post_Impressionism,Impressionism,henri-de-toulouse-lautrec_portrait-of-countess-a-de-toulouse-lautrec.jpg,Post_Impressionism_henri-de-toulouse-lautrec_portrait-of-countess-a-de-toulouse-lautrec_to_Impressionism.jpg,0.0,0.0,0.7985613942146301,0.0
Post_Impressionism,Post_Impressionism,henri-de-toulouse-lautrec_portrait-of-countess-a-de-toulouse-lautrec.jpg,Post_Impressionism_henri-de-toulouse-lautrec_portrait-of-countess-a-de-toulouse-lautrec_to_Post_Impressionism.jpg,0.0,0.0,0.8143513202667236,0.0
Post_Impressionism,Realism,henri-de-toulouse-lautrec_portrait-of-countess-a-de-toulouse-lautrec.jpg,Post_Impressionism_henri-de-toulouse-lautrec_portrait-of-countess-a-de-toulouse-lautrec_to_Realism.jpg,0.0,0.0,0.7745380401611328,0.0
Post_Impressionism,Symbolism,henri-de-toulouse-lautrec_portrait-of-countess-a-de-toulouse-lautrec.jpg,Post_Impressionism_henri-de-toulouse-lautrec_portrait-of-countess-a-de-toulouse-lautrec_to_Symbolism.jpg,0.0,0.0,0.7526842951774597,0.0
Post_Impressionism,Expressionism,ilya-mashkov_nude-1918.jpg,Post_Impressionism_ilya-mashkov_nude-1918_to_Expressionism.jpg,0.0,0.0,0.8402029275894165,0.0
Post_Impressionism,Impressionism,ilya-mashkov_nude-1918.jpg,Post_Impressionism_ilya-mashkov_nude-1918_to_Impressionism.jpg,0.0,0.0,0.8164529204368591,0.0
Post_Impressionism,Post_Impressionism,ilya-mashkov_nude-1918.jpg,Post_Impressionism_ilya-mashkov_nude-1918_to_Post_Impressionism.jpg,0.0,0.0,0.856407642364502,0.0
Post_Impressionism,Realism,ilya-mashkov_nude-1918.jpg,Post_Impressionism_ilya-mashkov_nude-1918_to_Realism.jpg,0.0,0.0,0.771973729133606,0.0
Post_Impressionism,Symbolism,ilya-mashkov_nude-1918.jpg,Post_Impressionism_ilya-mashkov_nude-1918_to_Symbolism.jpg,0.0,0.0,0.8027755618095398,0.0
Post_Impressionism,Expressionism,kuzma-petrov-vodkin_neighborhoods-khvalynsk.jpg,Post_Impressionism_kuzma-petrov-vodkin_neighborhoods-khvalynsk_to_Expressionism.jpg,0.0,0.0,0.7989758849143982,0.0
Post_Impressionism,Impressionism,kuzma-petrov-vodkin_neighborhoods-khvalynsk.jpg,Post_Impressionism_kuzma-petrov-vodkin_neighborhoods-khvalynsk_to_Impressionism.jpg,0.0,0.0,0.82448410987854,0.0
Post_Impressionism,Post_Impressionism,kuzma-petrov-vodkin_neighborhoods-khvalynsk.jpg,Post_Impressionism_kuzma-petrov-vodkin_neighborhoods-khvalynsk_to_Post_Impressionism.jpg,0.0,0.0,0.8380659222602844,0.0
Post_Impressionism,Realism,kuzma-petrov-vodkin_neighborhoods-khvalynsk.jpg,Post_Impressionism_kuzma-petrov-vodkin_neighborhoods-khvalynsk_to_Realism.jpg,0.0,0.0,0.801947295665741,0.0
Post_Impressionism,Symbolism,kuzma-petrov-vodkin_neighborhoods-khvalynsk.jpg,Post_Impressionism_kuzma-petrov-vodkin_neighborhoods-khvalynsk_to_Symbolism.jpg,0.0,0.0,0.8126776218414307,0.0
Post_Impressionism,Expressionism,le-pho_woman-in-a-garden.jpg,Post_Impressionism_le-pho_woman-in-a-garden_to_Expressionism.jpg,0.0,0.0,0.8156689405441284,0.0
Post_Impressionism,Impressionism,le-pho_woman-in-a-garden.jpg,Post_Impressionism_le-pho_woman-in-a-garden_to_Impressionism.jpg,0.0,0.0,0.8341763019561768,0.0
Post_Impressionism,Post_Impressionism,le-pho_woman-in-a-garden.jpg,Post_Impressionism_le-pho_woman-in-a-garden_to_Post_Impressionism.jpg,0.0,0.0,0.8350913524627686,0.0
Post_Impressionism,Realism,le-pho_woman-in-a-garden.jpg,Post_Impressionism_le-pho_woman-in-a-garden_to_Realism.jpg,0.0,0.0,0.7571864128112793,0.0
Post_Impressionism,Symbolism,le-pho_woman-in-a-garden.jpg,Post_Impressionism_le-pho_woman-in-a-garden_to_Symbolism.jpg,0.0,0.0,0.7891329526901245,0.0
Post_Impressionism,Expressionism,maurice-prendergast_floral-still-life-1913.jpg,Post_Impressionism_maurice-prendergast_floral-still-life-1913_to_Expressionism.jpg,0.0,0.0,0.8411073684692383,0.0
Post_Impressionism,Impressionism,maurice-prendergast_floral-still-life-1913.jpg,Post_Impressionism_maurice-prendergast_floral-still-life-1913_to_Impressionism.jpg,0.0,0.0,0.8225023150444031,0.0
Post_Impressionism,Post_Impressionism,maurice-prendergast_floral-still-life-1913.jpg,Post_Impressionism_maurice-prendergast_floral-still-life-1913_to_Post_Impressionism.jpg,0.0,0.0,0.848250687122345,0.0
Post_Impressionism,Realism,maurice-prendergast_floral-still-life-1913.jpg,Post_Impressionism_maurice-prendergast_floral-still-life-1913_to_Realism.jpg,0.0,0.0,0.7688865661621094,0.0
Post_Impressionism,Symbolism,maurice-prendergast_floral-still-life-1913.jpg,Post_Impressionism_maurice-prendergast_floral-still-life-1913_to_Symbolism.jpg,0.0,0.0,0.8082172274589539,0.0
Post_Impressionism,Expressionism,maurice-prendergast_little-bridge-venice.jpg,Post_Impressionism_maurice-prendergast_little-bridge-venice_to_Expressionism.jpg,0.0,0.0,0.7534228563308716,0.0
Post_Impressionism,Impressionism,maurice-prendergast_little-bridge-venice.jpg,Post_Impressionism_maurice-prendergast_little-bridge-venice_to_Impressionism.jpg,0.0,0.0,0.7697002291679382,0.0
Post_Impressionism,Post_Impressionism,maurice-prendergast_little-bridge-venice.jpg,Post_Impressionism_maurice-prendergast_little-bridge-venice_to_Post_Impressionism.jpg,0.0,0.0,0.7906827330589294,0.0
Post_Impressionism,Realism,maurice-prendergast_little-bridge-venice.jpg,Post_Impressionism_maurice-prendergast_little-bridge-venice_to_Realism.jpg,0.0,0.0,0.7449662685394287,0.0
Post_Impressionism,Symbolism,maurice-prendergast_little-bridge-venice.jpg,Post_Impressionism_maurice-prendergast_little-bridge-venice_to_Symbolism.jpg,0.0,0.0,0.7408551573753357,0.0
Post_Impressionism,Expressionism,maurice-prendergast_st-malo-1.jpg,Post_Impressionism_maurice-prendergast_st-malo-1_to_Expressionism.jpg,0.0,0.0,0.814516544342041,0.0
Post_Impressionism,Impressionism,maurice-prendergast_st-malo-1.jpg,Post_Impressionism_maurice-prendergast_st-malo-1_to_Impressionism.jpg,0.0,0.0,0.8406449556350708,0.0
Post_Impressionism,Post_Impressionism,maurice-prendergast_st-malo-1.jpg,Post_Impressionism_maurice-prendergast_st-malo-1_to_Post_Impressionism.jpg,0.0,0.0,0.8643585443496704,0.0
Post_Impressionism,Realism,maurice-prendergast_st-malo-1.jpg,Post_Impressionism_maurice-prendergast_st-malo-1_to_Realism.jpg,0.0,0.0,0.7934192419052124,0.0
Post_Impressionism,Symbolism,maurice-prendergast_st-malo-1.jpg,Post_Impressionism_maurice-prendergast_st-malo-1_to_Symbolism.jpg,0.0,0.0,0.8130370378494263,0.0
Post_Impressionism,Expressionism,pablo-picasso_motherhood-1901.jpg,Post_Impressionism_pablo-picasso_motherhood-1901_to_Expressionism.jpg,0.0,0.0,0.8752081990242004,0.0
Post_Impressionism,Impressionism,pablo-picasso_motherhood-1901.jpg,Post_Impressionism_pablo-picasso_motherhood-1901_to_Impressionism.jpg,0.0,0.0,0.8385105133056641,0.0
Post_Impressionism,Post_Impressionism,pablo-picasso_motherhood-1901.jpg,Post_Impressionism_pablo-picasso_motherhood-1901_to_Post_Impressionism.jpg,0.0,0.0,0.887664258480072,0.0
Post_Impressionism,Realism,pablo-picasso_motherhood-1901.jpg,Post_Impressionism_pablo-picasso_motherhood-1901_to_Realism.jpg,0.0,0.0,0.7720937132835388,0.0
Post_Impressionism,Symbolism,pablo-picasso_motherhood-1901.jpg,Post_Impressionism_pablo-picasso_motherhood-1901_to_Symbolism.jpg,0.0,0.0,0.8160260319709778,0.0
Post_Impressionism,Expressionism,pablo-picasso_nude-youth-1906.jpg,Post_Impressionism_pablo-picasso_nude-youth-1906_to_Expressionism.jpg,0.0,0.0,0.8307417631149292,0.0
Post_Impressionism,Impressionism,pablo-picasso_nude-youth-1906.jpg,Post_Impressionism_pablo-picasso_nude-youth-1906_to_Impressionism.jpg,0.0,0.0,0.7737047672271729,0.0
Post_Impressionism,Post_Impressionism,pablo-picasso_nude-youth-1906.jpg,Post_Impressionism_pablo-picasso_nude-youth-1906_to_Post_Impressionism.jpg,0.0,0.0,0.8232921957969666,0.0
Post_Impressionism,Realism,pablo-picasso_nude-youth-1906.jpg,Post_Impressionism_pablo-picasso_nude-youth-1906_to_Realism.jpg,0.0,0.0,0.7487080097198486,0.0
Post_Impressionism,Symbolism,pablo-picasso_nude-youth-1906.jpg,Post_Impressionism_pablo-picasso_nude-youth-1906_to_Symbolism.jpg,0.0,0.0,0.8070422410964966,0.0
Post_Impressionism,Expressionism,pablo-picasso_profile-of-a-young-girl-girl-with-red-flower-in-her-hair-1901.jpg,Post_Impressionism_pablo-picasso_profile-of-a-young-girl-girl-with-red-flower-in-her-hair-1901_to_Expressionism.jpg,0.0,0.0,0.8057280778884888,0.0
Post_Impressionism,Impressionism,pablo-picasso_profile-of-a-young-girl-girl-with-red-flower-in-her-hair-1901.jpg,Post_Impressionism_pablo-picasso_profile-of-a-young-girl-girl-with-red-flower-in-her-hair-1901_to_Impressionism.jpg,0.0,0.0,0.8311251997947693,0.0
Post_Impressionism,Post_Impressionism,pablo-picasso_profile-of-a-young-girl-girl-with-red-flower-in-her-hair-1901.jpg,Post_Impressionism_pablo-picasso_profile-of-a-young-girl-girl-with-red-flower-in-her-hair-1901_to_Post_Impressionism.jpg,0.0,0.0,0.8604011535644531,0.0
Post_Impressionism,Realism,pablo-picasso_profile-of-a-young-girl-girl-with-red-flower-in-her-hair-1901.jpg,Post_Impressionism_pablo-picasso_profile-of-a-young-girl-girl-with-red-flower-in-her-hair-1901_to_Realism.jpg,0.0,0.0,0.7562516927719116,0.0
Post_Impressionism,Symbolism,pablo-picasso_profile-of-a-young-girl-girl-with-red-flower-in-her-hair-1901.jpg,Post_Impressionism_pablo-picasso_profile-of-a-young-girl-girl-with-red-flower-in-her-hair-1901_to_Symbolism.jpg,0.0,0.0,0.7853986024856567,0.0
Post_Impressionism,Expressionism,paul-cezanne_seated-woman-1879.jpg,Post_Impressionism_paul-cezanne_seated-woman-1879_to_Expressionism.jpg,0.0,0.0,0.7941713333129883,0.0
Post_Impressionism,Impressionism,paul-cezanne_seated-woman-1879.jpg,Post_Impressionism_paul-cezanne_seated-woman-1879_to_Impressionism.jpg,0.0,0.0,0.8147435188293457,0.0
Post_Impressionism,Post_Impressionism,paul-cezanne_seated-woman-1879.jpg,Post_Impressionism_paul-cezanne_seated-woman-1879_to_Post_Impressionism.jpg,0.0,0.0,0.850475013256073,0.0
Post_Impressionism,Realism,paul-cezanne_seated-woman-1879.jpg,Post_Impressionism_paul-cezanne_seated-woman-1879_to_Realism.jpg,0.0,0.0,0.765444278717041,0.0
Post_Impressionism,Symbolism,paul-cezanne_seated-woman-1879.jpg,Post_Impressionism_paul-cezanne_seated-woman-1879_to_Symbolism.jpg,0.0,0.0,0.7465589642524719,0.0
Post_Impressionism,Expressionism,paul-cezanne_the-card-players-1893.jpg,Post_Impressionism_paul-cezanne_the-card-players-1893_to_Expressionism.jpg,0.0,0.0,0.7499516606330872,0.0
Post_Impressionism,Impressionism,paul-cezanne_the-card-players-1893.jpg,Post_Impressionism_paul-cezanne_the-card-players-1893_to_Impressionism.jpg,0.0,0.0,0.724371612071991,0.0
Post_Impressionism,Post_Impressionism,paul-cezanne_the-card-players-1893.jpg,Post_Impressionism_paul-cezanne_the-card-players-1893_to_Post_Impressionism.jpg,0.0,0.0,0.7747536301612854,0.0
Post_Impressionism,Realism,paul-cezanne_the-card-players-1893.jpg,Post_Impressionism_paul-cezanne_the-card-players-1893_to_Realism.jpg,0.0,0.0,0.7264230251312256,0.0
Post_Impressionism,Symbolism,paul-cezanne_the-card-players-1893.jpg,Post_Impressionism_paul-cezanne_the-card-players-1893_to_Symbolism.jpg,0.0,0.0,0.7201867699623108,0.0
Post_Impressionism,Expressionism,paul-gauguin_path-down-to-the-aven-1888.jpg,Post_Impressionism_paul-gauguin_path-down-to-the-aven-1888_to_Expressionism.jpg,0.0,0.0,0.7274705171585083,0.0
Post_Impressionism,Impressionism,paul-gauguin_path-down-to-the-aven-1888.jpg,Post_Impressionism_paul-gauguin_path-down-to-the-aven-1888_to_Impressionism.jpg,0.0,0.0,0.8517072796821594,0.0
Post_Impressionism,Post_Impressionism,paul-gauguin_path-down-to-the-aven-1888.jpg,Post_Impressionism_paul-gauguin_path-down-to-the-aven-1888_to_Post_Impressionism.jpg,0.0,0.0,0.8122456669807434,0.0
Post_Impressionism,Realism,paul-gauguin_path-down-to-the-aven-1888.jpg,Post_Impressionism_paul-gauguin_path-down-to-the-aven-1888_to_Realism.jpg,0.0,0.0,0.839032769203186,0.0
Post_Impressionism,Symbolism,paul-gauguin_path-down-to-the-aven-1888.jpg,Post_Impressionism_paul-gauguin_path-down-to-the-aven-1888_to_Symbolism.jpg,0.0,0.0,0.7876027822494507,0.0
Post_Impressionism,Expressionism,pierre-bonnard_girl-with-a-dog-in-the-park-at-grand-lemps-also-known-as-dauphine-1900.jpg,Post_Impressionism_pierre-bonnard_girl-with-a-dog-in-the-park-at-grand-lemps-also-known-as-dauphine-1900_to_Expressionism.jpg,0.0,0.0,0.7483960390090942,0.0
Post_Impressionism,Impressionism,pierre-bonnard_girl-with-a-dog-in-the-park-at-grand-lemps-also-known-as-dauphine-1900.jpg,Post_Impressionism_pierre-bonnard_girl-with-a-dog-in-the-park-at-grand-lemps-also-known-as-dauphine-1900_to_Impressionism.jpg,0.0,0.0,0.8453973531723022,0.0
Post_Impressionism,Post_Impressionism,pierre-bonnard_girl-with-a-dog-in-the-park-at-grand-lemps-also-known-as-dauphine-1900.jpg,Post_Impressionism_pierre-bonnard_girl-with-a-dog-in-the-park-at-grand-lemps-also-known-as-dauphine-1900_to_Post_Impressionism.jpg,0.0,0.0,0.8366327881813049,0.0
Post_Impressionism,Realism,pierre-bonnard_girl-with-a-dog-in-the-park-at-grand-lemps-also-known-as-dauphine-1900.jpg,Post_Impressionism_pierre-bonnard_girl-with-a-dog-in-the-park-at-grand-lemps-also-known-as-dauphine-1900_to_Realism.jpg,0.0,0.0,0.8226203918457031,0.0
Post_Impressionism,Symbolism,pierre-bonnard_girl-with-a-dog-in-the-park-at-grand-lemps-also-known-as-dauphine-1900.jpg,Post_Impressionism_pierre-bonnard_girl-with-a-dog-in-the-park-at-grand-lemps-also-known-as-dauphine-1900_to_Symbolism.jpg,0.0,0.0,0.7571910619735718,0.0
Post_Impressionism,Expressionism,piet-mondrian_dune-landscape-1911.jpg,Post_Impressionism_piet-mondrian_dune-landscape-1911_to_Expressionism.jpg,0.0,0.0,0.7875934839248657,0.0
Post_Impressionism,Impressionism,piet-mondrian_dune-landscape-1911.jpg,Post_Impressionism_piet-mondrian_dune-landscape-1911_to_Impressionism.jpg,0.0,0.0,0.8074406981468201,0.0
Post_Impressionism,Post_Impressionism,piet-mondrian_dune-landscape-1911.jpg,Post_Impressionism_piet-mondrian_dune-landscape-1911_to_Post_Impressionism.jpg,0.0,0.0,0.8281925916671753,0.0
Post_Impressionism,Realism,piet-mondrian_dune-landscape-1911.jpg,Post_Impressionism_piet-mondrian_dune-landscape-1911_to_Realism.jpg,0.0,0.0,0.796471893787384,0.0
Post_Impressionism,Symbolism,piet-mondrian_dune-landscape-1911.jpg,Post_Impressionism_piet-mondrian_dune-landscape-1911_to_Symbolism.jpg,0.0,0.0,0.8184046745300293,0.0
Post_Impressionism,Expressionism,pyotr-konchalovsky_evening-on-the-pier-1920.jpg,Post_Impressionism_pyotr-konchalovsky_evening-on-the-pier-1920_to_Expressionism.jpg,0.0,0.0,0.7910274863243103,0.0
Post_Impressionism,Impressionism,pyotr-konchalovsky_evening-on-the-pier-1920.jpg,Post_Impressionism_pyotr-konchalovsky_evening-on-the-pier-1920_to_Impressionism.jpg,0.0,0.0,0.7796307802200317,0.0
Post_Impressionism,Post_Impressionism,pyotr-konchalovsky_evening-on-the-pier-1920.jpg,Post_Impressionism_pyotr-konchalovsky_evening-on-the-pier-1920_to_Post_Impressionism.jpg,0.0,0.0,0.7998117208480835,0.0
Post_Impressionism,Realism,pyotr-konchalovsky_evening-on-the-pier-1920.jpg,Post_Impressionism_pyotr-konchalovsky_evening-on-the-pier-1920_to_Realism.jpg,0.0,0.0,0.7561317682266235,0.0
Post_Impressionism,Symbolism,pyotr-konchalovsky_evening-on-the-pier-1920.jpg,Post_Impressionism_pyotr-konchalovsky_evening-on-the-pier-1920_to_Symbolism.jpg,0.0,0.0,0.7822931408882141,0.0
Post_Impressionism,Expressionism,raoul-dufy_interior-with-fruit-bowl-1908.jpg,Post_Impressionism_raoul-dufy_interior-with-fruit-bowl-1908_to_Expressionism.jpg,0.0,0.0,0.8529667258262634,0.0
Post_Impressionism,Impressionism,raoul-dufy_interior-with-fruit-bowl-1908.jpg,Post_Impressionism_raoul-dufy_interior-with-fruit-bowl-1908_to_Impressionism.jpg,0.0,0.0,0.8277921676635742,0.0
Post_Impressionism,Post_Impressionism,raoul-dufy_interior-with-fruit-bowl-1908.jpg,Post_Impressionism_raoul-dufy_interior-with-fruit-bowl-1908_to_Post_Impressionism.jpg,0.0,0.0,0.865574836730957,0.0
Post_Impressionism,Realism,raoul-dufy_interior-with-fruit-bowl-1908.jpg,Post_Impressionism_raoul-dufy_interior-with-fruit-bowl-1908_to_Realism.jpg,0.0,0.0,0.7806746363639832,0.0
Post_Impressionism,Symbolism,raoul-dufy_interior-with-fruit-bowl-1908.jpg,Post_Impressionism_raoul-dufy_interior-with-fruit-bowl-1908_to_Symbolism.jpg,0.0,0.0,0.8092750310897827,0.0
Post_Impressionism,Expressionism,raoul-dufy_the-jetty-at-sainte-adresse-1906.jpg,Post_Impressionism_raoul-dufy_the-jetty-at-sainte-adresse-1906_to_Expressionism.jpg,0.0,0.0,0.7822543382644653,0.0
Post_Impressionism,Impressionism,raoul-dufy_the-jetty-at-sainte-adresse-1906.jpg,Post_Impressionism_raoul-dufy_the-jetty-at-sainte-adresse-1906_to_Impressionism.jpg,0.0,0.0,0.7749805450439453,0.0
Post_Impressionism,Post_Impressionism,raoul-dufy_the-jetty-at-sainte-adresse-1906.jpg,Post_Impressionism_raoul-dufy_the-jetty-at-sainte-adresse-1906_to_Post_Impressionism.jpg,0.0,0.0,0.8161404132843018,0.0
Post_Impressionism,Realism,raoul-dufy_the-jetty-at-sainte-adresse-1906.jpg,Post_Impressionism_raoul-dufy_the-jetty-at-sainte-adresse-1906_to_Realism.jpg,0.0,0.0,0.7445873022079468,0.0
Post_Impressionism,Symbolism,raoul-dufy_the-jetty-at-sainte-adresse-1906.jpg,Post_Impressionism_raoul-dufy_the-jetty-at-sainte-adresse-1906_to_Symbolism.jpg,0.0,0.0,0.7455005049705505,0.0
Post_Impressionism,Expressionism,vincent-van-gogh_mother-roulin-with-her-baby-1888.jpg,Post_Impressionism_vincent-van-gogh_mother-roulin-with-her-baby-1888_to_Expressionism.jpg,0.0,0.0,0.8057851195335388,0.0
Post_Impressionism,Impressionism,vincent-van-gogh_mother-roulin-with-her-baby-1888.jpg,Post_Impressionism_vincent-van-gogh_mother-roulin-with-her-baby-1888_to_Impressionism.jpg,0.0,0.0,0.7467615008354187,0.0
Post_Impressionism,Post_Impressionism,vincent-van-gogh_mother-roulin-with-her-baby-1888.jpg,Post_Impressionism_vincent-van-gogh_mother-roulin-with-her-baby-1888_to_Post_Impressionism.jpg,0.0,0.0,0.7968918085098267,0.0
Post_Impressionism,Realism,vincent-van-gogh_mother-roulin-with-her-baby-1888.jpg,Post_Impressionism_vincent-van-gogh_mother-roulin-with-her-baby-1888_to_Realism.jpg,0.0,0.0,0.7210565805435181,0.0
Post_Impressionism,Symbolism,vincent-van-gogh_mother-roulin-with-her-baby-1888.jpg,Post_Impressionism_vincent-van-gogh_mother-roulin-with-her-baby-1888_to_Symbolism.jpg,0.0,0.0,0.7780060172080994,0.0
Post_Impressionism,Expressionism,vincent-van-gogh_road-with-cypresses-1890.jpg,Post_Impressionism_vincent-van-gogh_road-with-cypresses-1890_to_Expressionism.jpg,0.0,0.0,0.7407715320587158,0.0
Post_Impressionism,Impressionism,vincent-van-gogh_road-with-cypresses-1890.jpg,Post_Impressionism_vincent-van-gogh_road-with-cypresses-1890_to_Impressionism.jpg,0.0,0.0,0.7842626571655273,0.0
Post_Impressionism,Post_Impressionism,vincent-van-gogh_road-with-cypresses-1890.jpg,Post_Impressionism_vincent-van-gogh_road-with-cypresses-1890_to_Post_Impressionism.jpg,0.0,0.0,0.8264098763465881,0.0
Post_Impressionism,Realism,vincent-van-gogh_road-with-cypresses-1890.jpg,Post_Impressionism_vincent-van-gogh_road-with-cypresses-1890_to_Realism.jpg,0.0,0.0,0.7524114847183228,0.0
Post_Impressionism,Symbolism,vincent-van-gogh_road-with-cypresses-1890.jpg,Post_Impressionism_vincent-van-gogh_road-with-cypresses-1890_to_Symbolism.jpg,0.0,0.0,0.745593786239624,0.0
Post_Impressionism,Expressionism,vincent-van-gogh_silhouette-of-a-peasant-woman-digging-carrots.jpg,Post_Impressionism_vincent-van-gogh_silhouette-of-a-peasant-woman-digging-carrots_to_Expressionism.jpg,0.0,0.0,0.787784993648529,0.0
Post_Impressionism,Impressionism,vincent-van-gogh_silhouette-of-a-peasant-woman-digging-carrots.jpg,Post_Impressionism_vincent-van-gogh_silhouette-of-a-peasant-woman-digging-carrots_to_Impressionism.jpg,0.0,0.0,0.7514302730560303,0.0
Post_Impressionism,Post_Impressionism,vincent-van-gogh_silhouette-of-a-peasant-woman-digging-carrots.jpg,Post_Impressionism_vincent-van-gogh_silhouette-of-a-peasant-woman-digging-carrots_to_Post_Impressionism.jpg,0.0,0.0,0.7818204164505005,0.0
Post_Impressionism,Realism,vincent-van-gogh_silhouette-of-a-peasant-woman-digging-carrots.jpg,Post_Impressionism_vincent-van-gogh_silhouette-of-a-peasant-woman-digging-carrots_to_Realism.jpg,0.0,0.0,0.7361041307449341,0.0
Post_Impressionism,Symbolism,vincent-van-gogh_silhouette-of-a-peasant-woman-digging-carrots.jpg,Post_Impressionism_vincent-van-gogh_silhouette-of-a-peasant-woman-digging-carrots_to_Symbolism.jpg,0.0,0.0,0.7946670055389404,0.0
Post_Impressionism,Expressionism,vincent-van-gogh_the-zouave-half-length-1888.jpg,Post_Impressionism_vincent-van-gogh_the-zouave-half-length-1888_to_Expressionism.jpg,0.0,0.0,0.7573055028915405,0.0
Post_Impressionism,Impressionism,vincent-van-gogh_the-zouave-half-length-1888.jpg,Post_Impressionism_vincent-van-gogh_the-zouave-half-length-1888_to_Impressionism.jpg,0.0,0.0,0.6823296546936035,0.0
Post_Impressionism,Post_Impressionism,vincent-van-gogh_the-zouave-half-length-1888.jpg,Post_Impressionism_vincent-van-gogh_the-zouave-half-length-1888_to_Post_Impressionism.jpg,0.0,0.0,0.7415822148323059,0.0
Post_Impressionism,Realism,vincent-van-gogh_the-zouave-half-length-1888.jpg,Post_Impressionism_vincent-van-gogh_the-zouave-half-length-1888_to_Realism.jpg,0.0,0.0,0.6985346674919128,0.0
Post_Impressionism,Symbolism,vincent-van-gogh_the-zouave-half-length-1888.jpg,Post_Impressionism_vincent-van-gogh_the-zouave-half-length-1888_to_Symbolism.jpg,0.0,0.0,0.7571582794189453,0.0
Post_Impressionism,Expressionism,vincent-van-gogh_two-women-working-in-wheat-field-1890.jpg,Post_Impressionism_vincent-van-gogh_two-women-working-in-wheat-field-1890_to_Expressionism.jpg,0.0,0.0,0.8390754461288452,0.0
Post_Impressionism,Impressionism,vincent-van-gogh_two-women-working-in-wheat-field-1890.jpg,Post_Impressionism_vincent-van-gogh_two-women-working-in-wheat-field-1890_to_Impressionism.jpg,0.0,0.0,0.8011793494224548,0.0
Post_Impressionism,Post_Impressionism,vincent-van-gogh_two-women-working-in-wheat-field-1890.jpg,Post_Impressionism_vincent-van-gogh_two-women-working-in-wheat-field-1890_to_Post_Impressionism.jpg,0.0,0.0,0.8273885846138,0.0
Post_Impressionism,Realism,vincent-van-gogh_two-women-working-in-wheat-field-1890.jpg,Post_Impressionism_vincent-van-gogh_two-women-working-in-wheat-field-1890_to_Realism.jpg,0.0,0.0,0.7929953336715698,0.0
Post_Impressionism,Symbolism,vincent-van-gogh_two-women-working-in-wheat-field-1890.jpg,Post_Impressionism_vincent-van-gogh_two-women-working-in-wheat-field-1890_to_Symbolism.jpg,0.0,0.0,0.8485944271087646,0.0
Realism,Expressionism,adolf-hitler_the-munich-opera-house.jpg,Realism_adolf-hitler_the-munich-opera-house_to_Expressionism.jpg,0.0,0.0,0.6908011436462402,0.0
Realism,Impressionism,adolf-hitler_the-munich-opera-house.jpg,Realism_adolf-hitler_the-munich-opera-house_to_Impressionism.jpg,0.0,0.0,0.702773928642273,0.0
Realism,Post_Impressionism,adolf-hitler_the-munich-opera-house.jpg,Realism_adolf-hitler_the-munich-opera-house_to_Post_Impressionism.jpg,0.0,0.0,0.7118833661079407,0.0
Realism,Realism,adolf-hitler_the-munich-opera-house.jpg,Realism_adolf-hitler_the-munich-opera-house_to_Realism.jpg,0.0,0.0,0.7230069637298584,0.0
Realism,Symbolism,adolf-hitler_the-munich-opera-house.jpg,Realism_adolf-hitler_the-munich-opera-house_to_Symbolism.jpg,0.0,0.0,0.7089856863021851,0.0
Realism,Expressionism,aleksey-savrasov_spring-2.jpg,Realism_aleksey-savrasov_spring-2_to_Expressionism.jpg,0.0,0.0,0.7278130054473877,0.0
Realism,Impressionism,aleksey-savrasov_spring-2.jpg,Realism_aleksey-savrasov_spring-2_to_Impressionism.jpg,0.0,0.0,0.8211119771003723,0.0
Realism,Post_Impressionism,aleksey-savrasov_spring-2.jpg,Realism_aleksey-savrasov_spring-2_to_Post_Impressionism.jpg,0.0,0.0,0.7717364430427551,0.0
Realism,Realism,aleksey-savrasov_spring-2.jpg,Realism_aleksey-savrasov_spring-2_to_Realism.jpg,0.0,0.0,0.8518019914627075,0.0
Realism,Symbolism,aleksey-savrasov_spring-2.jpg,Realism_aleksey-savrasov_spring-2_to_Symbolism.jpg,0.0,0.0,0.775467038154602,0.0
Realism,Expressionism,aleksey-savrasov_spring-the-rooks-have-arrived-1872.jpg,Realism_aleksey-savrasov_spring-the-rooks-have-arrived-1872_to_Expressionism.jpg,0.0,0.0,0.7275104522705078,0.0
Realism,Impressionism,aleksey-savrasov_spring-the-rooks-have-arrived-1872.jpg,Realism_aleksey-savrasov_spring-the-rooks-have-arrived-1872_to_Impressionism.jpg,0.0,0.0,0.8233197927474976,0.0
Realism,Post_Impressionism,aleksey-savrasov_spring-the-rooks-have-arrived-1872.jpg,Realism_aleksey-savrasov_spring-the-rooks-have-arrived-1872_to_Post_Impressionism.jpg,0.0,0.0,0.7673400640487671,0.0
Realism,Realism,aleksey-savrasov_spring-the-rooks-have-arrived-1872.jpg,Realism_aleksey-savrasov_spring-the-rooks-have-arrived-1872_to_Realism.jpg,0.0,0.0,0.8607258200645447,0.0
Realism,Symbolism,aleksey-savrasov_spring-the-rooks-have-arrived-1872.jpg,Realism_aleksey-savrasov_spring-the-rooks-have-arrived-1872_to_Symbolism.jpg,0.0,0.0,0.7909573316574097,0.0
Realism,Expressionism,aleksey-savrasov_swiss-form-1862.jpg,Realism_aleksey-savrasov_swiss-form-1862_to_Expressionism.jpg,0.0,0.0,0.6457156538963318,0.0
Realism,Impressionism,aleksey-savrasov_swiss-form-1862.jpg,Realism_aleksey-savrasov_swiss-form-1862_to_Impressionism.jpg,0.0,0.0,0.7369204759597778,0.0
Realism,Post_Impressionism,aleksey-savrasov_swiss-form-1862.jpg,Realism_aleksey-savrasov_swiss-form-1862_to_Post_Impressionism.jpg,0.0,0.0,0.6839395761489868,0.0
Realism,Realism,aleksey-savrasov_swiss-form-1862.jpg,Realism_aleksey-savrasov_swiss-form-1862_to_Realism.jpg,0.0,0.0,0.7987416386604309,0.0
Realism,Symbolism,aleksey-savrasov_swiss-form-1862.jpg,Realism_aleksey-savrasov_swiss-form-1862_to_Symbolism.jpg,0.0,0.0,0.7416384816169739,0.0
Realism,Expressionism,camille-corot_landscape-1.jpg,Realism_camille-corot_landscape-1_to_Expressionism.jpg,0.0,0.0,0.7398418188095093,0.0
Realism,Impressionism,camille-corot_landscape-1.jpg,Realism_camille-corot_landscape-1_to_Impressionism.jpg,0.0,0.0,0.8657200336456299,0.0
Realism,Post_Impressionism,camille-corot_landscape-1.jpg,Realism_camille-corot_landscape-1_to_Post_Impressionism.jpg,0.0,0.0,0.8136253356933594,0.0
Realism,Realism,camille-corot_landscape-1.jpg,Realism_camille-corot_landscape-1_to_Realism.jpg,0.0,0.0,0.8644065856933594,0.0
Realism,Symbolism,camille-corot_landscape-1.jpg,Realism_camille-corot_landscape-1_to_Symbolism.jpg,0.0,0.0,0.7928589582443237,0.0
Realism,Expressionism,camille-corot_the-artist-s-studio.jpg,Realism_camille-corot_the-artist-s-studio_to_Expressionism.jpg,0.0,0.0,0.7729030847549438,0.0
Realism,Impressionism,camille-corot_the-artist-s-studio.jpg,Realism_camille-corot_the-artist-s-studio_to_Impressionism.jpg,0.0,0.0,0.8274750709533691,0.0
Realism,Post_Impressionism,camille-corot_the-artist-s-studio.jpg,Realism_camille-corot_the-artist-s-studio_to_Post_Impressionism.jpg,0.0,0.0,0.7987521886825562,0.0
Realism,Realism,camille-corot_the-artist-s-studio.jpg,Realism_camille-corot_the-artist-s-studio_to_Realism.jpg,0.0,0.0,0.8290650844573975,0.0
Realism,Symbolism,camille-corot_the-artist-s-studio.jpg,Realism_camille-corot_the-artist-s-studio_to_Symbolism.jpg,0.0,0.0,0.7696239948272705,0.0
Realism,Expressionism,charles-francois-daubigny_the-banks-of-the-oise-1877.jpg,Realism_charles-francois-daubigny_the-banks-of-the-oise-1877_to_Expressionism.jpg,0.0,0.0,0.7182083129882812,0.0
Realism,Impressionism,charles-francois-daubigny_the-banks-of-the-oise-1877.jpg,Realism_charles-francois-daubigny_the-banks-of-the-oise-1877_to_Impressionism.jpg,0.0,0.0,0.8612978458404541,0.0
Realism,Post_Impressionism,charles-francois-daubigny_the-banks-of-the-oise-1877.jpg,Realism_charles-francois-daubigny_the-banks-of-the-oise-1877_to_Post_Impressionism.jpg,0.0,0.0,0.8119840025901794,0.0
Realism,Realism,charles-francois-daubigny_the-banks-of-the-oise-1877.jpg,Realism_charles-francois-daubigny_the-banks-of-the-oise-1877_to_Realism.jpg,0.0,0.0,0.8654798269271851,0.0
Realism,Symbolism,charles-francois-daubigny_the-banks-of-the-oise-1877.jpg,Realism_charles-francois-daubigny_the-banks-of-the-oise-1877_to_Symbolism.jpg,0.0,0.0,0.7685460448265076,0.0
Realism,Expressionism,constantin-guys_two-grisettes.jpg,Realism_constantin-guys_two-grisettes_to_Expressionism.jpg,0.0,0.0,0.7683107852935791,0.0
Realism,Impressionism,constantin-guys_two-grisettes.jpg,Realism_constantin-guys_two-grisettes_to_Impressionism.jpg,0.0,0.0,0.7967114448547363,0.0
Realism,Post_Impressionism,constantin-guys_two-grisettes.jpg,Realism_constantin-guys_two-grisettes_to_Post_Impressionism.jpg,0.0,0.0,0.7905803322792053,0.0
Realism,Realism,constantin-guys_two-grisettes.jpg,Realism_constantin-guys_two-grisettes_to_Realism.jpg,0.0,0.0,0.7864490747451782,0.0
Realism,Symbolism,constantin-guys_two-grisettes.jpg,Realism_constantin-guys_two-grisettes_to_Symbolism.jpg,0.0,0.0,0.775618314743042,0.0
Realism,Expressionism,eugene-boudin_le-havre-francais-tower.jpg,Realism_eugene-boudin_le-havre-francais-tower_to_Expressionism.jpg,0.0,0.0,0.6122740507125854,0.0
Realism,Impressionism,eugene-boudin_le-havre-francais-tower.jpg,Realism_eugene-boudin_le-havre-francais-tower_to_Impressionism.jpg,0.0,0.0,0.7242330312728882,0.0
Realism,Post_Impressionism,eugene-boudin_le-havre-francais-tower.jpg,Realism_eugene-boudin_le-havre-francais-tower_to_Post_Impressionism.jpg,0.0,0.0,0.6747652292251587,0.0
Realism,Realism,eugene-boudin_le-havre-francais-tower.jpg,Realism_eugene-boudin_le-havre-francais-tower_to_Realism.jpg,0.0,0.0,0.7697777152061462,0.0
Realism,Symbolism,eugene-boudin_le-havre-francais-tower.jpg,Realism_eugene-boudin_le-havre-francais-tower_to_Symbolism.jpg,0.0,0.0,0.6523663997650146,0.0
Realism,Expressionism,frederic-remington_attack-on-the-supply-train-1885.jpg,Realism_frederic-remington_attack-on-the-supply-train-1885_to_Expressionism.jpg,0.0,0.0,0.7734739780426025,0.0
Realism,Impressionism,frederic-remington_attack-on-the-supply-train-1885.jpg,Realism_frederic-remington_attack-on-the-supply-train-1885_to_Impressionism.jpg,0.0,0.0,0.7624313831329346,0.0
Realism,Post_Impressionism,frederic-remington_attack-on-the-supply-train-1885.jpg,Realism_frederic-remington_attack-on-the-supply-train-1885_to_Post_Impressionism.jpg,0.0,0.0,0.7583340406417847,0.0
Realism,Realism,frederic-remington_attack-on-the-supply-train-1885.jpg,Realism_frederic-remington_attack-on-the-supply-train-1885_to_Realism.jpg,0.0,0.0,0.7992981672286987,0.0
Realism,Symbolism,frederic-remington_attack-on-the-supply-train-1885.jpg,Realism_frederic-remington_attack-on-the-supply-train-1885_to_Symbolism.jpg,0.0,0.0,0.8039135932922363,0.0
Realism,Expressionism,fyodor-vasilyev_poplars-lit-by-the-sun.jpg,Realism_fyodor-vasilyev_poplars-lit-by-the-sun_to_Expressionism.jpg,0.0,0.0,0.7418351173400879,0.0
Realism,Impressionism,fyodor-vasilyev_poplars-lit-by-the-sun.jpg,Realism_fyodor-vasilyev_poplars-lit-by-the-sun_to_Impressionism.jpg,0.0,0.0,0.8222293853759766,0.0
Realism,Post_Impressionism,fyodor-vasilyev_poplars-lit-by-the-sun.jpg,Realism_fyodor-vasilyev_poplars-lit-by-the-sun_to_Post_Impressionism.jpg,0.0,0.0,0.7728533744812012,0.0
Realism,Realism,fyodor-vasilyev_poplars-lit-by-the-sun.jpg,Realism_fyodor-vasilyev_poplars-lit-by-the-sun_to_Realism.jpg,0.0,0.0,0.8723629713058472,0.0
Realism,Symbolism,fyodor-vasilyev_poplars-lit-by-the-sun.jpg,Realism_fyodor-vasilyev_poplars-lit-by-the-sun_to_Symbolism.jpg,0.0,0.0,0.801880955696106,0.0
Realism,Expressionism,fyodor-vasilyev_the-shore-cloudy-day-1869.jpg,Realism_fyodor-vasilyev_the-shore-cloudy-day-1869_to_Expressionism.jpg,0.0,0.0,0.7123754620552063,0.0
Realism,Impressionism,fyodor-vasilyev_the-shore-cloudy-day-1869.jpg,Realism_fyodor-vasilyev_the-shore-cloudy-day-1869_to_Impressionism.jpg,0.0,0.0,0.8181114196777344,0.0
Realism,Post_Impressionism,fyodor-vasilyev_the-shore-cloudy-day-1869.jpg,Realism_fyodor-vasilyev_the-shore-cloudy-day-1869_to_Post_Impressionism.jpg,0.0,0.0,0.7681190967559814,0.0
Realism,Realism,fyodor-vasilyev_the-shore-cloudy-day-1869.jpg,Realism_fyodor-vasilyev_the-shore-cloudy-day-1869_to_Realism.jpg,0.0,0.0,0.8611940145492554,0.0
Realism,Symbolism,fyodor-vasilyev_the-shore-cloudy-day-1869.jpg,Realism_fyodor-vasilyev_the-shore-cloudy-day-1869_to_Symbolism.jpg,0.0,0.0,0.7789236307144165,0.0
Realism,Expressionism,gustave-courbet_lake-leman-1874.jpg,Realism_gustave-courbet_lake-leman-1874_to_Expressionism.jpg,0.0,0.0,0.6695907711982727,0.0
Realism,Impressionism,gustave-courbet_lake-leman-1874.jpg,Realism_gustave-courbet_lake-leman-1874_to_Impressionism.jpg,0.0,0.0,0.7566007971763611,0.0
Realism,Post_Impressionism,gustave-courbet_lake-leman-1874.jpg,Realism_gustave-courbet_lake-leman-1874_to_Post_Impressionism.jpg,0.0,0.0,0.7212579250335693,0.0
Realism,Realism,gustave-courbet_lake-leman-1874.jpg,Realism_gustave-courbet_lake-leman-1874_to_Realism.jpg,0.0,0.0,0.7983741760253906,0.0
Realism,Symbolism,gustave-courbet_lake-leman-1874.jpg,Realism_gustave-courbet_lake-leman-1874_to_Symbolism.jpg,0.0,0.0,0.7563697099685669,0.0
Realism,Expressionism,henri-fantin-latour_carnations-1.jpg,Realism_henri-fantin-latour_carnations-1_to_Expressionism.jpg,0.0,0.0,0.7175638675689697,0.0
Realism,Impressionism,henri-fantin-latour_carnations-1.jpg,Realism_henri-fantin-latour_carnations-1_to_Impressionism.jpg,0.0,0.0,0.7774252891540527,0.0
Realism,Post_Impressionism,henri-fantin-latour_carnations-1.jpg,Realism_henri-fantin-latour_carnations-1_to_Post_Impressionism.jpg,0.0,0.0,0.749228835105896,0.0
Realism,Realism,henri-fantin-latour_carnations-1.jpg,Realism_henri-fantin-latour_carnations-1_to_Realism.jpg,0.0,0.0,0.7525019645690918,0.0
Realism,Symbolism,henri-fantin-latour_carnations-1.jpg,Realism_henri-fantin-latour_carnations-1_to_Symbolism.jpg,0.0,0.0,0.7313377857208252,0.0
Realism,Expressionism,ilya-repin_portrait-of-a-woman-e-d-botkina-1881.jpg,Realism_ilya-repin_portrait-of-a-woman-e-d-botkina-1881_to_Expressionism.jpg,0.0,0.0,0.6985563039779663,0.0
Realism,Impressionism,ilya-repin_portrait-of-a-woman-e-d-botkina-1881.jpg,Realism_ilya-repin_portrait-of-a-woman-e-d-botkina-1881_to_Impressionism.jpg,0.0,0.0,0.7828224897384644,0.0
Realism,Post_Impressionism,ilya-repin_portrait-of-a-woman-e-d-botkina-1881.jpg,Realism_ilya-repin_portrait-of-a-woman-e-d-botkina-1881_to_Post_Impressionism.jpg,0.0,0.0,0.7490942478179932,0.0
Realism,Realism,ilya-repin_portrait-of-a-woman-e-d-botkina-1881.jpg,Realism_ilya-repin_portrait-of-a-woman-e-d-botkina-1881_to_Realism.jpg,0.0,0.0,0.7726327776908875,0.0
Realism,Symbolism,ilya-repin_portrait-of-a-woman-e-d-botkina-1881.jpg,Realism_ilya-repin_portrait-of-a-woman-e-d-botkina-1881_to_Symbolism.jpg,0.0,0.0,0.7097753882408142,0.0
Realism,Expressionism,isaac-levitan_landscape-1.jpg,Realism_isaac-levitan_landscape-1_to_Expressionism.jpg,0.0,0.0,0.7361167073249817,0.0
Realism,Impressionism,isaac-levitan_landscape-1.jpg,Realism_isaac-levitan_landscape-1_to_Impressionism.jpg,0.0,0.0,0.8402529358863831,0.0
Realism,Post_Impressionism,isaac-levitan_landscape-1.jpg,Realism_isaac-levitan_landscape-1_to_Post_Impressionism.jpg,0.0,0.0,0.805574893951416,0.0
Realism,Realism,isaac-levitan_landscape-1.jpg,Realism_isaac-levitan_landscape-1_to_Realism.jpg,0.0,0.0,0.8640232682228088,0.0
Realism,Symbolism,isaac-levitan_landscape-1.jpg,Realism_isaac-levitan_landscape-1_to_Symbolism.jpg,0.0,0.0,0.7835428714752197,0.0
Realism,Expressionism,isaac-levitan_plyos.jpg,Realism_isaac-levitan_plyos_to_Expressionism.jpg,0.0,0.0,0.7684416174888611,0.0
Realism,Impressionism,isaac-levitan_plyos.jpg,Realism_isaac-levitan_plyos_to_Impressionism.jpg,0.0,0.0,0.8253342509269714,0.0
Realism,Post_Impressionism,isaac-levitan_plyos.jpg,Realism_isaac-levitan_plyos_to_Post_Impressionism.jpg,0.0,0.0,0.8069108128547668,0.0
Realism,Realism,isaac-levitan_plyos.jpg,Realism_isaac-levitan_plyos_to_Realism.jpg,0.0,0.0,0.8486908674240112,0.0
Realism,Symbolism,isaac-levitan_plyos.jpg,Realism_isaac-levitan_plyos_to_Symbolism.jpg,0.0,0.0,0.8270772099494934,0.0
Realism,Expressionism,ivan-shishkin_rocky-shore-1879.jpg,Realism_ivan-shishkin_rocky-shore-1879_to_Expressionism.jpg,0.0,0.0,0.6692097187042236,0.0
Realism,Impressionism,ivan-shishkin_rocky-shore-1879.jpg,Realism_ivan-shishkin_rocky-shore-1879_to_Impressionism.jpg,0.0,0.0,0.7849311232566833,0.0
Realism,Post_Impressionism,ivan-shishkin_rocky-shore-1879.jpg,Realism_ivan-shishkin_rocky-shore-1879_to_Post_Impressionism.jpg,0.0,0.0,0.733869194984436,0.0
Realism,Realism,ivan-shishkin_rocky-shore-1879.jpg,Realism_ivan-shishkin_rocky-shore-1879_to_Realism.jpg,0.0,0.0,0.8126637935638428,0.0
Realism,Symbolism,ivan-shishkin_rocky-shore-1879.jpg,Realism_ivan-shishkin_rocky-shore-1879_to_Symbolism.jpg,0.0,0.0,0.744746208190918,0.0
Realism,Expressionism,ivan-vladimirov_the-seizure-of-german-automobiles.jpg,Realism_ivan-vladimirov_the-seizure-of-german-automobiles_to_Expressionism.jpg,0.0,0.0,0.6570048332214355,0.0
Realism,Impressionism,ivan-vladimirov_the-seizure-of-german-automobiles.jpg,Realism_ivan-vladimirov_the-seizure-of-german-automobiles_to_Impressionism.jpg,0.0,0.0,0.629509687423706,0.0
Realism,Post_Impressionism,ivan-vladimirov_the-seizure-of-german-automobiles.jpg,Realism_ivan-vladimirov_the-seizure-of-german-automobiles_to_Post_Impressionism.jpg,0.0,0.0,0.6382128596305847,0.0
Realism,Realism,ivan-vladimirov_the-seizure-of-german-automobiles.jpg,Realism_ivan-vladimirov_the-seizure-of-german-automobiles_to_Realism.jpg,0.0,0.0,0.7039061188697815,0.0
Realism,Symbolism,ivan-vladimirov_the-seizure-of-german-automobiles.jpg,Realism_ivan-vladimirov_the-seizure-of-german-automobiles_to_Symbolism.jpg,0.0,0.0,0.7042409777641296,0.0
Realism,Expressionism,john-singer-sargent_the-acheson-sisters-1902.jpg,Realism_john-singer-sargent_the-acheson-sisters-1902_to_Expressionism.jpg,0.0,0.0,0.7406207323074341,0.0
Realism,Impressionism,john-singer-sargent_the-acheson-sisters-1902.jpg,Realism_john-singer-sargent_the-acheson-sisters-1902_to_Impressionism.jpg,0.0,0.0,0.7808893322944641,0.0
Realism,Post_Impressionism,john-singer-sargent_the-acheson-sisters-1902.jpg,Realism_john-singer-sargent_the-acheson-sisters-1902_to_Post_Impressionism.jpg,0.0,0.0,0.7523947954177856,0.0
Realism,Realism,john-singer-sargent_the-acheson-sisters-1902.jpg,Realism_john-singer-sargent_the-acheson-sisters-1902_to_Realism.jpg,0.0,0.0,0.7878168821334839,0.0
Realism,Symbolism,john-singer-sargent_the-acheson-sisters-1902.jpg,Realism_john-singer-sargent_the-acheson-sisters-1902_to_Symbolism.jpg,0.0,0.0,0.7549196481704712,0.0
Realism,Expressionism,mikhail-vrubel_portrait-of-a-businessman-k-artsybushev.jpg,Realism_mikhail-vrubel_portrait-of-a-businessman-k-artsybushev_to_Expressionism.jpg,0.0,0.0,0.6601078510284424,0.0
Realism,Impressionism,mikhail-vrubel_portrait-of-a-businessman-k-artsybushev.jpg,Realism_mikhail-vrubel_portrait-of-a-businessman-k-artsybushev_to_Impressionism.jpg,0.0,0.0,0.6720397472381592,0.0
Realism,Post_Impressionism,mikhail-vrubel_portrait-of-a-businessman-k-artsybushev.jpg,Realism_mikhail-vrubel_portrait-of-a-businessman-k-artsybushev_to_Post_Impressionism.jpg,0.0,0.0,0.6929603815078735,0.0
Realism,Realism,mikhail-vrubel_portrait-of-a-businessman-k-artsybushev.jpg,Realism_mikhail-vrubel_portrait-of-a-businessman-k-artsybushev_to_Realism.jpg,0.0,0.0,0.7106123566627502,0.0
Realism,Symbolism,mikhail-vrubel_portrait-of-a-businessman-k-artsybushev.jpg,Realism_mikhail-vrubel_portrait-of-a-businessman-k-artsybushev_to_Symbolism.jpg,0.0,0.0,0.6602091789245605,0.0
Realism,Expressionism,n.c.-wyeth_captain-nemo.jpg,Realism_n.c.-wyeth_captain-nemo_to_Expressionism.jpg,0.0,0.0,0.7388656139373779,0.0
Realism,Impressionism,n.c.-wyeth_captain-nemo.jpg,Realism_n.c.-wyeth_captain-nemo_to_Impressionism.jpg,0.0,0.0,0.68504798412323,0.0
Realism,Post_Impressionism,n.c.-wyeth_captain-nemo.jpg,Realism_n.c.-wyeth_captain-nemo_to_Post_Impressionism.jpg,0.0,0.0,0.7187838554382324,0.0
Realism,Realism,n.c.-wyeth_captain-nemo.jpg,Realism_n.c.-wyeth_captain-nemo_to_Realism.jpg,0.0,0.0,0.723524808883667,0.0
Realism,Symbolism,n.c.-wyeth_captain-nemo.jpg,Realism_n.c.-wyeth_captain-nemo_to_Symbolism.jpg,0.0,0.0,0.7613273859024048,0.0
Realism,Expressionism,nikolai-ge_oak-grove-at-san-terenzo.jpg,Realism_nikolai-ge_oak-grove-at-san-terenzo_to_Expressionism.jpg,0.0,0.0,0.7557005286216736,0.0
Realism,Impressionism,nikolai-ge_oak-grove-at-san-terenzo.jpg,Realism_nikolai-ge_oak-grove-at-san-terenzo_to_Impressionism.jpg,0.0,0.0,0.7932161688804626,0.0
Realism,Post_Impressionism,nikolai-ge_oak-grove-at-san-terenzo.jpg,Realism_nikolai-ge_oak-grove-at-san-terenzo_to_Post_Impressionism.jpg,0.0,0.0,0.7737311124801636,0.0
Realism,Realism,nikolai-ge_oak-grove-at-san-terenzo.jpg,Realism_nikolai-ge_oak-grove-at-san-terenzo_to_Realism.jpg,0.0,0.0,0.8012915849685669,0.0
Realism,Symbolism,nikolai-ge_oak-grove-at-san-terenzo.jpg,Realism_nikolai-ge_oak-grove-at-san-terenzo_to_Symbolism.jpg,0.0,0.0,0.8101423978805542,0.0
Realism,Expressionism,paul-mathiopoulos_nude-standing.jpg,Realism_paul-mathiopoulos_nude-standing_to_Expressionism.jpg,0.0,0.0,0.7601823210716248,0.0
Realism,Impressionism,paul-mathiopoulos_nude-standing.jpg,Realism_paul-mathiopoulos_nude-standing_to_Impressionism.jpg,0.0,0.0,0.7400119304656982,0.0
Realism,Post_Impressionism,paul-mathiopoulos_nude-standing.jpg,Realism_paul-mathiopoulos_nude-standing_to_Post_Impressionism.jpg,0.0,0.0,0.7590019702911377,0.0
Realism,Realism,paul-mathiopoulos_nude-standing.jpg,Realism_paul-mathiopoulos_nude-standing_to_Realism.jpg,0.0,0.0,0.754385232925415,0.0
Realism,Symbolism,paul-mathiopoulos_nude-standing.jpg,Realism_paul-mathiopoulos_nude-standing_to_Symbolism.jpg,0.0,0.0,0.7590912580490112,0.0
Realism,Expressionism,pyotr-konchalovsky_still-life-apples-on-a-table-near-the-stove-1947.jpg,Realism_pyotr-konchalovsky_still-life-apples-on-a-table-near-the-stove-1947_to_Expressionism.jpg,0.0,0.0,0.7665826678276062,0.0
Realism,Impressionism,pyotr-konchalovsky_still-life-apples-on-a-table-near-the-stove-1947.jpg,Realism_pyotr-konchalovsky_still-life-apples-on-a-table-near-the-stove-1947_to_Impressionism.jpg,0.0,0.0,0.8076934814453125,0.0
Realism,Post_Impressionism,pyotr-konchalovsky_still-life-apples-on-a-table-near-the-stove-1947.jpg,Realism_pyotr-konchalovsky_still-life-apples-on-a-table-near-the-stove-1947_to_Post_Impressionism.jpg,0.0,0.0,0.7884843945503235,0.0
Realism,Realism,pyotr-konchalovsky_still-life-apples-on-a-table-near-the-stove-1947.jpg,Realism_pyotr-konchalovsky_still-life-apples-on-a-table-near-the-stove-1947_to_Realism.jpg,0.0,0.0,0.7782208919525146,0.0
Realism,Symbolism,pyotr-konchalovsky_still-life-apples-on-a-table-near-the-stove-1947.jpg,Realism_pyotr-konchalovsky_still-life-apples-on-a-table-near-the-stove-1947_to_Symbolism.jpg,0.0,0.0,0.7286114692687988,0.0
Realism,Expressionism,pyotr-konchalovsky_still-life-red-tray-and-ash-1947.jpg,Realism_pyotr-konchalovsky_still-life-red-tray-and-ash-1947_to_Expressionism.jpg,0.0,0.0,0.8359431028366089,0.0
Realism,Impressionism,pyotr-konchalovsky_still-life-red-tray-and-ash-1947.jpg,Realism_pyotr-konchalovsky_still-life-red-tray-and-ash-1947_to_Impressionism.jpg,0.0,0.0,0.8121939897537231,0.0
Realism,Post_Impressionism,pyotr-konchalovsky_still-life-red-tray-and-ash-1947.jpg,Realism_pyotr-konchalovsky_still-life-red-tray-and-ash-1947_to_Post_Impressionism.jpg,0.0,0.0,0.8340182304382324,0.0
Realism,Realism,pyotr-konchalovsky_still-life-red-tray-and-ash-1947.jpg,Realism_pyotr-konchalovsky_still-life-red-tray-and-ash-1947_to_Realism.jpg,0.0,0.0,0.7719192504882812,0.0
Realism,Symbolism,pyotr-konchalovsky_still-life-red-tray-and-ash-1947.jpg,Realism_pyotr-konchalovsky_still-life-red-tray-and-ash-1947_to_Symbolism.jpg,0.0,0.0,0.8106136322021484,0.0
Realism,Expressionism,thomas-eakins_music-1904.jpg,Realism_thomas-eakins_music-1904_to_Expressionism.jpg,0.0,0.0,0.7335169315338135,0.0
Realism,Impressionism,thomas-eakins_music-1904.jpg,Realism_thomas-eakins_music-1904_to_Impressionism.jpg,0.0,0.0,0.7356914281845093,0.0
Realism,Post_Impressionism,thomas-eakins_music-1904.jpg,Realism_thomas-eakins_music-1904_to_Post_Impressionism.jpg,0.0,0.0,0.7473787069320679,0.0
Realism,Realism,thomas-eakins_music-1904.jpg,Realism_thomas-eakins_music-1904_to_Realism.jpg,0.0,0.0,0.742804765701294,0.0
Realism,Symbolism,thomas-eakins_music-1904.jpg,Realism_thomas-eakins_music-1904_to_Symbolism.jpg,0.0,0.0,0.7318857908248901,0.0
Realism,Expressionism,valentin-serov_the-wolf-and-the-crane.jpg,Realism_valentin-serov_the-wolf-and-the-crane_to_Expressionism.jpg,0.0,0.0,0.7319706082344055,0.0
Realism,Impressionism,valentin-serov_the-wolf-and-the-crane.jpg,Realism_valentin-serov_the-wolf-and-the-crane_to_Impressionism.jpg,0.0,0.0,0.7057315111160278,0.0
Realism,Post_Impressionism,valentin-serov_the-wolf-and-the-crane.jpg,Realism_valentin-serov_the-wolf-and-the-crane_to_Post_Impressionism.jpg,0.0,0.0,0.7078567743301392,0.0
Realism,Realism,valentin-serov_the-wolf-and-the-crane.jpg,Realism_valentin-serov_the-wolf-and-the-crane_to_Realism.jpg,0.0,0.0,0.7287771701812744,0.0
Realism,Symbolism,valentin-serov_the-wolf-and-the-crane.jpg,Realism_valentin-serov_the-wolf-and-the-crane_to_Symbolism.jpg,0.0,0.0,0.7638776898384094,0.0
Realism,Expressionism,vasily-perov_return-of-the-peasants-from-a-funeral-in-the-winter.jpg,Realism_vasily-perov_return-of-the-peasants-from-a-funeral-in-the-winter_to_Expressionism.jpg,0.0,0.0,0.6814541816711426,0.0
Realism,Impressionism,vasily-perov_return-of-the-peasants-from-a-funeral-in-the-winter.jpg,Realism_vasily-perov_return-of-the-peasants-from-a-funeral-in-the-winter_to_Impressionism.jpg,0.0,0.0,0.6657901406288147,0.0
Realism,Post_Impressionism,vasily-perov_return-of-the-peasants-from-a-funeral-in-the-winter.jpg,Realism_vasily-perov_return-of-the-peasants-from-a-funeral-in-the-winter_to_Post_Impressionism.jpg,0.0,0.0,0.655836820602417,0.0
Realism,Realism,vasily-perov_return-of-the-peasants-from-a-funeral-in-the-winter.jpg,Realism_vasily-perov_return-of-the-peasants-from-a-funeral-in-the-winter_to_Realism.jpg,0.0,0.0,0.7538236975669861,0.0
Realism,Symbolism,vasily-perov_return-of-the-peasants-from-a-funeral-in-the-winter.jpg,Realism_vasily-perov_return-of-the-peasants-from-a-funeral-in-the-winter_to_Symbolism.jpg,0.0,0.0,0.7299313545227051,0.0
Realism,Expressionism,vincent-van-gogh_peasant-girl-half-figure.jpg,Realism_vincent-van-gogh_peasant-girl-half-figure_to_Expressionism.jpg,0.0,0.0,0.8623300790786743,0.0
Realism,Impressionism,vincent-van-gogh_peasant-girl-half-figure.jpg,Realism_vincent-van-gogh_peasant-girl-half-figure_to_Impressionism.jpg,0.0,0.0,0.8326138854026794,0.0
Realism,Post_Impressionism,vincent-van-gogh_peasant-girl-half-figure.jpg,Realism_vincent-van-gogh_peasant-girl-half-figure_to_Post_Impressionism.jpg,0.0,0.0,0.857684850692749,0.0
Realism,Realism,vincent-van-gogh_peasant-girl-half-figure.jpg,Realism_vincent-van-gogh_peasant-girl-half-figure_to_Realism.jpg,0.0,0.0,0.8227393627166748,0.0
Realism,Symbolism,vincent-van-gogh_peasant-girl-half-figure.jpg,Realism_vincent-van-gogh_peasant-girl-half-figure_to_Symbolism.jpg,0.0,0.0,0.869369626045227,0.0
Symbolism,Expressionism,arnold-bã¶cklin_meerestille-calm-sea-1887.jpg,Symbolism_arnold-bã¶cklin_meerestille-calm-sea-1887_to_Expressionism.jpg,0.0,0.0,0.7968553304672241,0.0
Symbolism,Impressionism,arnold-bã¶cklin_meerestille-calm-sea-1887.jpg,Symbolism_arnold-bã¶cklin_meerestille-calm-sea-1887_to_Impressionism.jpg,0.0,0.0,0.7686055898666382,0.0
Symbolism,Post_Impressionism,arnold-bã¶cklin_meerestille-calm-sea-1887.jpg,Symbolism_arnold-bã¶cklin_meerestille-calm-sea-1887_to_Post_Impressionism.jpg,0.0,0.0,0.769996702671051,0.0
Symbolism,Realism,arnold-bã¶cklin_meerestille-calm-sea-1887.jpg,Symbolism_arnold-bã¶cklin_meerestille-calm-sea-1887_to_Realism.jpg,0.0,0.0,0.7868741750717163,0.0
Symbolism,Symbolism,arnold-bã¶cklin_meerestille-calm-sea-1887.jpg,Symbolism_arnold-bã¶cklin_meerestille-calm-sea-1887_to_Symbolism.jpg,0.0,0.0,0.8406147956848145,0.0
Symbolism,Expressionism,arnold-bã¶cklin_the-isle-of-the-dead-1880.jpg,Symbolism_arnold-bã¶cklin_the-isle-of-the-dead-1880_to_Expressionism.jpg,0.0,0.0,0.7447909116744995,0.0
Symbolism,Impressionism,arnold-bã¶cklin_the-isle-of-the-dead-1880.jpg,Symbolism_arnold-bã¶cklin_the-isle-of-the-dead-1880_to_Impressionism.jpg,0.0,0.0,0.7584237456321716,0.0
Symbolism,Post_Impressionism,arnold-bã¶cklin_the-isle-of-the-dead-1880.jpg,Symbolism_arnold-bã¶cklin_the-isle-of-the-dead-1880_to_Post_Impressionism.jpg,0.0,0.0,0.7417615652084351,0.0
Symbolism,Realism,arnold-bã¶cklin_the-isle-of-the-dead-1880.jpg,Symbolism_arnold-bã¶cklin_the-isle-of-the-dead-1880_to_Realism.jpg,0.0,0.0,0.7800536155700684,0.0
Symbolism,Symbolism,arnold-bã¶cklin_the-isle-of-the-dead-1880.jpg,Symbolism_arnold-bã¶cklin_the-isle-of-the-dead-1880_to_Symbolism.jpg,0.0,0.0,0.8180171251296997,0.0
Symbolism,Expressionism,eliseu-visconti_the-charte.jpg,Symbolism_eliseu-visconti_the-charte_to_Expressionism.jpg,0.0,0.0,0.8093835115432739,0.0
Symbolism,Impressionism,eliseu-visconti_the-charte.jpg,Symbolism_eliseu-visconti_the-charte_to_Impressionism.jpg,0.0,0.0,0.8396610021591187,0.0
Symbolism,Post_Impressionism,eliseu-visconti_the-charte.jpg,Symbolism_eliseu-visconti_the-charte_to_Post_Impressionism.jpg,0.0,0.0,0.8383190631866455,0.0
Symbolism,Realism,eliseu-visconti_the-charte.jpg,Symbolism_eliseu-visconti_the-charte_to_Realism.jpg,0.0,0.0,0.7931978702545166,0.0
Symbolism,Symbolism,eliseu-visconti_the-charte.jpg,Symbolism_eliseu-visconti_the-charte_to_Symbolism.jpg,0.0,0.0,0.8085520267486572,0.0
Symbolism,Expressionism,felicien-rops_the-satanic-satan-sowing-tares.jpg,Symbolism_felicien-rops_the-satanic-satan-sowing-tares_to_Expressionism.jpg,0.0,0.0,0.8058091998100281,0.0
Symbolism,Impressionism,felicien-rops_the-satanic-satan-sowing-tares.jpg,Symbolism_felicien-rops_the-satanic-satan-sowing-tares_to_Impressionism.jpg,0.0,0.0,0.741261899471283,0.0
Symbolism,Post_Impressionism,felicien-rops_the-satanic-satan-sowing-tares.jpg,Symbolism_felicien-rops_the-satanic-satan-sowing-tares_to_Post_Impressionism.jpg,0.0,0.0,0.7654385566711426,0.0
Symbolism,Realism,felicien-rops_the-satanic-satan-sowing-tares.jpg,Symbolism_felicien-rops_the-satanic-satan-sowing-tares_to_Realism.jpg,0.0,0.0,0.7470203638076782,0.0
Symbolism,Symbolism,felicien-rops_the-satanic-satan-sowing-tares.jpg,Symbolism_felicien-rops_the-satanic-satan-sowing-tares_to_Symbolism.jpg,0.0,0.0,0.8301876783370972,0.0
Symbolism,Expressionism,ferdinand-hodler_compositional-study-to-retreat-from-marignano.jpg,Symbolism_ferdinand-hodler_compositional-study-to-retreat-from-marignano_to_Expressionism.jpg,0.0,0.0,0.8260852694511414,0.0
Symbolism,Impressionism,ferdinand-hodler_compositional-study-to-retreat-from-marignano.jpg,Symbolism_ferdinand-hodler_compositional-study-to-retreat-from-marignano_to_Impressionism.jpg,0.0,0.0,0.7782759666442871,0.0
Symbolism,Post_Impressionism,ferdinand-hodler_compositional-study-to-retreat-from-marignano.jpg,Symbolism_ferdinand-hodler_compositional-study-to-retreat-from-marignano_to_Post_Impressionism.jpg,0.0,0.0,0.8031991720199585,0.0
Symbolism,Realism,ferdinand-hodler_compositional-study-to-retreat-from-marignano.jpg,Symbolism_ferdinand-hodler_compositional-study-to-retreat-from-marignano_to_Realism.jpg,0.0,0.0,0.7516112327575684,0.0
Symbolism,Symbolism,ferdinand-hodler_compositional-study-to-retreat-from-marignano.jpg,Symbolism_ferdinand-hodler_compositional-study-to-retreat-from-marignano_to_Symbolism.jpg,0.0,0.0,0.8313099145889282,0.0
Symbolism,Expressionism,ferdinand-hodler_the-dying-valentine-gode-darel.jpg,Symbolism_ferdinand-hodler_the-dying-valentine-gode-darel_to_Expressionism.jpg,0.0,0.0,0.8220562934875488,0.0
Symbolism,Impressionism,ferdinand-hodler_the-dying-valentine-gode-darel.jpg,Symbolism_ferdinand-hodler_the-dying-valentine-gode-darel_to_Impressionism.jpg,0.0,0.0,0.782455325126648,0.0
Symbolism,Post_Impressionism,ferdinand-hodler_the-dying-valentine-gode-darel.jpg,Symbolism_ferdinand-hodler_the-dying-valentine-gode-darel_to_Post_Impressionism.jpg,0.0,0.0,0.8234277963638306,0.0
Symbolism,Realism,ferdinand-hodler_the-dying-valentine-gode-darel.jpg,Symbolism_ferdinand-hodler_the-dying-valentine-gode-darel_to_Realism.jpg,0.0,0.0,0.7487390637397766,0.0
Symbolism,Symbolism,ferdinand-hodler_the-dying-valentine-gode-darel.jpg,Symbolism_ferdinand-hodler_the-dying-valentine-gode-darel_to_Symbolism.jpg,0.0,0.0,0.7936133146286011,0.0
Symbolism,Expressionism,franz-stuck_susanna-and-the-elders-1913.jpg,Symbolism_franz-stuck_susanna-and-the-elders-1913_to_Expressionism.jpg,0.0,0.0,0.8267683386802673,0.0
Symbolism,Impressionism,franz-stuck_susanna-and-the-elders-1913.jpg,Symbolism_franz-stuck_susanna-and-the-elders-1913_to_Impressionism.jpg,0.0,0.0,0.7725905179977417,0.0
Symbolism,Post_Impressionism,franz-stuck_susanna-and-the-elders-1913.jpg,Symbolism_franz-stuck_susanna-and-the-elders-1913_to_Post_Impressionism.jpg,0.0,0.0,0.8123424649238586,0.0
Symbolism,Realism,franz-stuck_susanna-and-the-elders-1913.jpg,Symbolism_franz-stuck_susanna-and-the-elders-1913_to_Realism.jpg,0.0,0.0,0.7367954254150391,0.0
Symbolism,Symbolism,franz-stuck_susanna-and-the-elders-1913.jpg,Symbolism_franz-stuck_susanna-and-the-elders-1913_to_Symbolism.jpg,0.0,0.0,0.8174854516983032,0.0
Symbolism,Expressionism,george-frederick-watts_alfred-lord-tennyson(1).jpg,Symbolism_george-frederick-watts_alfred-lord-tennyson(1)_to_Expressionism.jpg,0.0,0.0,0.7002061605453491,0.0
Symbolism,Impressionism,george-frederick-watts_alfred-lord-tennyson(1).jpg,Symbolism_george-frederick-watts_alfred-lord-tennyson(1)_to_Impressionism.jpg,0.0,0.0,0.6465176343917847,0.0
Symbolism,Post_Impressionism,george-frederick-watts_alfred-lord-tennyson(1).jpg,Symbolism_george-frederick-watts_alfred-lord-tennyson(1)_to_Post_Impressionism.jpg,0.0,0.0,0.6733636260032654,0.0
Symbolism,Realism,george-frederick-watts_alfred-lord-tennyson(1).jpg,Symbolism_george-frederick-watts_alfred-lord-tennyson(1)_to_Realism.jpg,0.0,0.0,0.6782482266426086,0.0
Symbolism,Symbolism,george-frederick-watts_alfred-lord-tennyson(1).jpg,Symbolism_george-frederick-watts_alfred-lord-tennyson(1)_to_Symbolism.jpg,0.0,0.0,0.719415545463562,0.0
Symbolism,Expressionism,george-frederick-watts_genius-of-greek-poetry-1878(1).jpg,Symbolism_george-frederick-watts_genius-of-greek-poetry-1878(1)_to_Expressionism.jpg,0.0,0.0,0.7333348393440247,0.0
Symbolism,Impressionism,george-frederick-watts_genius-of-greek-poetry-1878(1).jpg,Symbolism_george-frederick-watts_genius-of-greek-poetry-1878(1)_to_Impressionism.jpg,0.0,0.0,0.7378778457641602,0.0
Symbolism,Post_Impressionism,george-frederick-watts_genius-of-greek-poetry-1878(1).jpg,Symbolism_george-frederick-watts_genius-of-greek-poetry-1878(1)_to_Post_Impressionism.jpg,0.0,0.0,0.7264871001243591,0.0
Symbolism,Realism,george-frederick-watts_genius-of-greek-poetry-1878(1).jpg,Symbolism_george-frederick-watts_genius-of-greek-poetry-1878(1)_to_Realism.jpg,0.0,0.0,0.7541030645370483,0.0
Symbolism,Symbolism,george-frederick-watts_genius-of-greek-poetry-1878(1).jpg,Symbolism_george-frederick-watts_genius-of-greek-poetry-1878(1)_to_Symbolism.jpg,0.0,0.0,0.7888040542602539,0.0
Symbolism,Expressionism,gustave-moreau_a-esfinge-vencedora.jpg,Symbolism_gustave-moreau_a-esfinge-vencedora_to_Expressionism.jpg,0.0,0.0,0.8128300905227661,0.0
Symbolism,Impressionism,gustave-moreau_a-esfinge-vencedora.jpg,Symbolism_gustave-moreau_a-esfinge-vencedora_to_Impressionism.jpg,0.0,0.0,0.8306996822357178,0.0
Symbolism,Post_Impressionism,gustave-moreau_a-esfinge-vencedora.jpg,Symbolism_gustave-moreau_a-esfinge-vencedora_to_Post_Impressionism.jpg,0.0,0.0,0.8148912191390991,0.0
Symbolism,Realism,gustave-moreau_a-esfinge-vencedora.jpg,Symbolism_gustave-moreau_a-esfinge-vencedora_to_Realism.jpg,0.0,0.0,0.8184589743614197,0.0
Symbolism,Symbolism,gustave-moreau_a-esfinge-vencedora.jpg,Symbolism_gustave-moreau_a-esfinge-vencedora_to_Symbolism.jpg,0.0,0.0,0.8651951551437378,0.0
Symbolism,Expressionism,gustave-moreau_sappho-on-the-rocks-1872.jpg,Symbolism_gustave-moreau_sappho-on-the-rocks-1872_to_Expressionism.jpg,0.0,0.0,0.73004150390625,0.0
Symbolism,Impressionism,gustave-moreau_sappho-on-the-rocks-1872.jpg,Symbolism_gustave-moreau_sappho-on-the-rocks-1872_to_Impressionism.jpg,0.0,0.0,0.7345763444900513,0.0
Symbolism,Post_Impressionism,gustave-moreau_sappho-on-the-rocks-1872.jpg,Symbolism_gustave-moreau_sappho-on-the-rocks-1872_to_Post_Impressionism.jpg,0.0,0.0,0.7372822761535645,0.0
Symbolism,Realism,gustave-moreau_sappho-on-the-rocks-1872.jpg,Symbolism_gustave-moreau_sappho-on-the-rocks-1872_to_Realism.jpg,0.0,0.0,0.7415168285369873,0.0
Symbolism,Symbolism,gustave-moreau_sappho-on-the-rocks-1872.jpg,Symbolism_gustave-moreau_sappho-on-the-rocks-1872_to_Symbolism.jpg,0.0,0.0,0.7976191639900208,0.0
Symbolism,Expressionism,gustave-moreau_self-portrait-1872.jpg,Symbolism_gustave-moreau_self-portrait-1872_to_Expressionism.jpg,0.0,0.0,0.6996320486068726,0.0
Symbolism,Impressionism,gustave-moreau_self-portrait-1872.jpg,Symbolism_gustave-moreau_self-portrait-1872_to_Impressionism.jpg,0.0,0.0,0.6742227673530579,0.0
Symbolism,Post_Impressionism,gustave-moreau_self-portrait-1872.jpg,Symbolism_gustave-moreau_self-portrait-1872_to_Post_Impressionism.jpg,0.0,0.0,0.7014845609664917,0.0
Symbolism,Realism,gustave-moreau_self-portrait-1872.jpg,Symbolism_gustave-moreau_self-portrait-1872_to_Realism.jpg,0.0,0.0,0.7092175483703613,0.0
Symbolism,Symbolism,gustave-moreau_self-portrait-1872.jpg,Symbolism_gustave-moreau_self-portrait-1872_to_Symbolism.jpg,0.0,0.0,0.7411913871765137,0.0
Symbolism,Expressionism,henri-fantin-latour_bathers-i.jpg,Symbolism_henri-fantin-latour_bathers-i_to_Expressionism.jpg,0.0,0.0,0.7978483438491821,0.0
Symbolism,Impressionism,henri-fantin-latour_bathers-i.jpg,Symbolism_henri-fantin-latour_bathers-i_to_Impressionism.jpg,0.0,0.0,0.8789860010147095,0.0
Symbolism,Post_Impressionism,henri-fantin-latour_bathers-i.jpg,Symbolism_henri-fantin-latour_bathers-i_to_Post_Impressionism.jpg,0.0,0.0,0.8499477505683899,0.0
Symbolism,Realism,henri-fantin-latour_bathers-i.jpg,Symbolism_henri-fantin-latour_bathers-i_to_Realism.jpg,0.0,0.0,0.8512933850288391,0.0
Symbolism,Symbolism,henri-fantin-latour_bathers-i.jpg,Symbolism_henri-fantin-latour_bathers-i_to_Symbolism.jpg,0.0,0.0,0.8262690901756287,0.0
Symbolism,Expressionism,jacek-malczewski_melancholia-1894.jpg,Symbolism_jacek-malczewski_melancholia-1894_to_Expressionism.jpg,0.0,0.0,0.776843786239624,0.0
Symbolism,Impressionism,jacek-malczewski_melancholia-1894.jpg,Symbolism_jacek-malczewski_melancholia-1894_to_Impressionism.jpg,0.0,0.0,0.7530787587165833,0.0
Symbolism,Post_Impressionism,jacek-malczewski_melancholia-1894.jpg,Symbolism_jacek-malczewski_melancholia-1894_to_Post_Impressionism.jpg,0.0,0.0,0.7566603422164917,0.0
Symbolism,Realism,jacek-malczewski_melancholia-1894.jpg,Symbolism_jacek-malczewski_melancholia-1894_to_Realism.jpg,0.0,0.0,0.7717185020446777,0.0
Symbolism,Symbolism,jacek-malczewski_melancholia-1894.jpg,Symbolism_jacek-malczewski_melancholia-1894_to_Symbolism.jpg,0.0,0.0,0.8020851016044617,0.0
Symbolism,Expressionism,koloman-moser_wotan-and-brunhilde.jpg,Symbolism_koloman-moser_wotan-and-brunhilde_to_Expressionism.jpg,0.0,0.0,0.8606281280517578,0.0
Symbolism,Impressionism,koloman-moser_wotan-and-brunhilde.jpg,Symbolism_koloman-moser_wotan-and-brunhilde_to_Impressionism.jpg,0.0,0.0,0.799239456653595,0.0
Symbolism,Post_Impressionism,koloman-moser_wotan-and-brunhilde.jpg,Symbolism_koloman-moser_wotan-and-brunhilde_to_Post_Impressionism.jpg,0.0,0.0,0.8429355025291443,0.0
Symbolism,Realism,koloman-moser_wotan-and-brunhilde.jpg,Symbolism_koloman-moser_wotan-and-brunhilde_to_Realism.jpg,0.0,0.0,0.7468486428260803,0.0
Symbolism,Symbolism,koloman-moser_wotan-and-brunhilde.jpg,Symbolism_koloman-moser_wotan-and-brunhilde_to_Symbolism.jpg,0.0,0.0,0.8467627763748169,0.0
Symbolism,Expressionism,kuzma-petrov-vodkin_ivan-karamazov-1927.jpg,Symbolism_kuzma-petrov-vodkin_ivan-karamazov-1927_to_Expressionism.jpg,0.0,0.0,0.708404541015625,0.0
Symbolism,Impressionism,kuzma-petrov-vodkin_ivan-karamazov-1927.jpg,Symbolism_kuzma-petrov-vodkin_ivan-karamazov-1927_to_Impressionism.jpg,0.0,0.0,0.6261941194534302,0.0
Symbolism,Post_Impressionism,kuzma-petrov-vodkin_ivan-karamazov-1927.jpg,Symbolism_kuzma-petrov-vodkin_ivan-karamazov-1927_to_Post_Impressionism.jpg,0.0,0.0,0.6664148569107056,0.0
Symbolism,Realism,kuzma-petrov-vodkin_ivan-karamazov-1927.jpg,Symbolism_kuzma-petrov-vodkin_ivan-karamazov-1927_to_Realism.jpg,0.0,0.0,0.6350435614585876,0.0
Symbolism,Symbolism,kuzma-petrov-vodkin_ivan-karamazov-1927.jpg,Symbolism_kuzma-petrov-vodkin_ivan-karamazov-1927_to_Symbolism.jpg,0.0,0.0,0.7082844972610474,0.0
Symbolism,Expressionism,mikhail-nesterov_youth-of-st-sergius-1897.jpg,Symbolism_mikhail-nesterov_youth-of-st-sergius-1897_to_Expressionism.jpg,0.0,0.0,0.7528325319290161,0.0
Symbolism,Impressionism,mikhail-nesterov_youth-of-st-sergius-1897.jpg,Symbolism_mikhail-nesterov_youth-of-st-sergius-1897_to_Impressionism.jpg,0.0,0.0,0.7716770768165588,0.0
Symbolism,Post_Impressionism,mikhail-nesterov_youth-of-st-sergius-1897.jpg,Symbolism_mikhail-nesterov_youth-of-st-sergius-1897_to_Post_Impressionism.jpg,0.0,0.0,0.7565537691116333,0.0
Symbolism,Realism,mikhail-nesterov_youth-of-st-sergius-1897.jpg,Symbolism_mikhail-nesterov_youth-of-st-sergius-1897_to_Realism.jpg,0.0,0.0,0.8060089945793152,0.0
Symbolism,Symbolism,mikhail-nesterov_youth-of-st-sergius-1897.jpg,Symbolism_mikhail-nesterov_youth-of-st-sergius-1897_to_Symbolism.jpg,0.0,0.0,0.8024477362632751,0.0
Symbolism,Expressionism,mikhail-vrubel_italian-night-sketch-for-the-curtain-in-russian-private-opera-1891.jpg,Symbolism_mikhail-vrubel_italian-night-sketch-for-the-curtain-in-russian-private-opera-1891_to_Expressionism.jpg,0.0,0.0,0.8338813185691833,0.0
Symbolism,Impressionism,mikhail-vrubel_italian-night-sketch-for-the-curtain-in-russian-private-opera-1891.jpg,Symbolism_mikhail-vrubel_italian-night-sketch-for-the-curtain-in-russian-private-opera-1891_to_Impressionism.jpg,0.0,0.0,0.8365041613578796,0.0
Symbolism,Post_Impressionism,mikhail-vrubel_italian-night-sketch-for-the-curtain-in-russian-private-opera-1891.jpg,Symbolism_mikhail-vrubel_italian-night-sketch-for-the-curtain-in-russian-private-opera-1891_to_Post_Impressionism.jpg,0.0,0.0,0.8454204797744751,0.0
Symbolism,Realism,mikhail-vrubel_italian-night-sketch-for-the-curtain-in-russian-private-opera-1891.jpg,Symbolism_mikhail-vrubel_italian-night-sketch-for-the-curtain-in-russian-private-opera-1891_to_Realism.jpg,0.0,0.0,0.8140074014663696,0.0
Symbolism,Symbolism,mikhail-vrubel_italian-night-sketch-for-the-curtain-in-russian-private-opera-1891.jpg,Symbolism_mikhail-vrubel_italian-night-sketch-for-the-curtain-in-russian-private-opera-1891_to_Symbolism.jpg,0.0,0.0,0.8532914519309998,0.0
Symbolism,Expressionism,mstislav-dobuzhinsky_dredger-1923.jpg,Symbolism_mstislav-dobuzhinsky_dredger-1923_to_Expressionism.jpg,0.0,0.0,0.7228845357894897,0.0
Symbolism,Impressionism,mstislav-dobuzhinsky_dredger-1923.jpg,Symbolism_mstislav-dobuzhinsky_dredger-1923_to_Impressionism.jpg,0.0,0.0,0.7232898473739624,0.0
Symbolism,Post_Impressionism,mstislav-dobuzhinsky_dredger-1923.jpg,Symbolism_mstislav-dobuzhinsky_dredger-1923_to_Post_Impressionism.jpg,0.0,0.0,0.7258093357086182,0.0
Symbolism,Realism,mstislav-dobuzhinsky_dredger-1923.jpg,Symbolism_mstislav-dobuzhinsky_dredger-1923_to_Realism.jpg,0.0,0.0,0.7315241098403931,0.0
Symbolism,Symbolism,mstislav-dobuzhinsky_dredger-1923.jpg,Symbolism_mstislav-dobuzhinsky_dredger-1923_to_Symbolism.jpg,0.0,0.0,0.7731527090072632,0.0
Symbolism,Expressionism,nicholas-roerich_giant-s-tomb-1915.jpg,Symbolism_nicholas-roerich_giant-s-tomb-1915_to_Expressionism.jpg,0.0,0.0,0.7790009379386902,0.0
Symbolism,Impressionism,nicholas-roerich_giant-s-tomb-1915.jpg,Symbolism_nicholas-roerich_giant-s-tomb-1915_to_Impressionism.jpg,0.0,0.0,0.7538448572158813,0.0
Symbolism,Post_Impressionism,nicholas-roerich_giant-s-tomb-1915.jpg,Symbolism_nicholas-roerich_giant-s-tomb-1915_to_Post_Impressionism.jpg,0.0,0.0,0.7654904127120972,0.0
Symbolism,Realism,nicholas-roerich_giant-s-tomb-1915.jpg,Symbolism_nicholas-roerich_giant-s-tomb-1915_to_Realism.jpg,0.0,0.0,0.7601970434188843,0.0
Symbolism,Symbolism,nicholas-roerich_giant-s-tomb-1915.jpg,Symbolism_nicholas-roerich_giant-s-tomb-1915_to_Symbolism.jpg,0.0,0.0,0.8229206800460815,0.0
Symbolism,Expressionism,nicholas-roerich_mongolian-horseman.jpg,Symbolism_nicholas-roerich_mongolian-horseman_to_Expressionism.jpg,0.0,0.0,0.7992960810661316,0.0
Symbolism,Impressionism,nicholas-roerich_mongolian-horseman.jpg,Symbolism_nicholas-roerich_mongolian-horseman_to_Impressionism.jpg,0.0,0.0,0.7571892142295837,0.0
Symbolism,Post_Impressionism,nicholas-roerich_mongolian-horseman.jpg,Symbolism_nicholas-roerich_mongolian-horseman_to_Post_Impressionism.jpg,0.0,0.0,0.7791673541069031,0.0
Symbolism,Realism,nicholas-roerich_mongolian-horseman.jpg,Symbolism_nicholas-roerich_mongolian-horseman_to_Realism.jpg,0.0,0.0,0.7828356027603149,0.0
Symbolism,Symbolism,nicholas-roerich_mongolian-horseman.jpg,Symbolism_nicholas-roerich_mongolian-horseman_to_Symbolism.jpg,0.0,0.0,0.8517598509788513,0.0
Symbolism,Expressionism,nicholas-roerich_monhigan-fairytale-1922.jpg,Symbolism_nicholas-roerich_monhigan-fairytale-1922_to_Expressionism.jpg,0.0,0.0,0.7940807342529297,0.0
Symbolism,Impressionism,nicholas-roerich_monhigan-fairytale-1922.jpg,Symbolism_nicholas-roerich_monhigan-fairytale-1922_to_Impressionism.jpg,0.0,0.0,0.8243714570999146,0.0
Symbolism,Post_Impressionism,nicholas-roerich_monhigan-fairytale-1922.jpg,Symbolism_nicholas-roerich_monhigan-fairytale-1922_to_Post_Impressionism.jpg,0.0,0.0,0.8259016871452332,0.0
Symbolism,Realism,nicholas-roerich_monhigan-fairytale-1922.jpg,Symbolism_nicholas-roerich_monhigan-fairytale-1922_to_Realism.jpg,0.0,0.0,0.814058244228363,0.0
Symbolism,Symbolism,nicholas-roerich_monhigan-fairytale-1922.jpg,Symbolism_nicholas-roerich_monhigan-fairytale-1922_to_Symbolism.jpg,0.0,0.0,0.848046600818634,0.0
Symbolism,Expressionism,nicholas-roerich_santana-1944.jpg,Symbolism_nicholas-roerich_santana-1944_to_Expressionism.jpg,0.0,0.0,0.7963010668754578,0.0
Symbolism,Impressionism,nicholas-roerich_santana-1944.jpg,Symbolism_nicholas-roerich_santana-1944_to_Impressionism.jpg,0.0,0.0,0.771215558052063,0.0
Symbolism,Post_Impressionism,nicholas-roerich_santana-1944.jpg,Symbolism_nicholas-roerich_santana-1944_to_Post_Impressionism.jpg,0.0,0.0,0.7772150039672852,0.0
Symbolism,Realism,nicholas-roerich_santana-1944.jpg,Symbolism_nicholas-roerich_santana-1944_to_Realism.jpg,0.0,0.0,0.7836586833000183,0.0
Symbolism,Symbolism,nicholas-roerich_santana-1944.jpg,Symbolism_nicholas-roerich_santana-1944_to_Symbolism.jpg,0.0,0.0,0.843684732913971,0.0
Symbolism,Expressionism,nicholas-roerich_sharugen-monastery-1932.jpg,Symbolism_nicholas-roerich_sharugen-monastery-1932_to_Expressionism.jpg,0.0,0.0,0.7839776873588562,0.0
Symbolism,Impressionism,nicholas-roerich_sharugen-monastery-1932.jpg,Symbolism_nicholas-roerich_sharugen-monastery-1932_to_Impressionism.jpg,0.0,0.0,0.7335619330406189,0.0
Symbolism,Post_Impressionism,nicholas-roerich_sharugen-monastery-1932.jpg,Symbolism_nicholas-roerich_sharugen-monastery-1932_to_Post_Impressionism.jpg,0.0,0.0,0.7564016580581665,0.0
Symbolism,Realism,nicholas-roerich_sharugen-monastery-1932.jpg,Symbolism_nicholas-roerich_sharugen-monastery-1932_to_Realism.jpg,0.0,0.0,0.7310484647750854,0.0
Symbolism,Symbolism,nicholas-roerich_sharugen-monastery-1932.jpg,Symbolism_nicholas-roerich_sharugen-monastery-1932_to_Symbolism.jpg,0.0,0.0,0.8129147887229919,0.0
Symbolism,Expressionism,nicholas-roerich_study-of-mountains.jpg,Symbolism_nicholas-roerich_study-of-mountains_to_Expressionism.jpg,0.0,0.0,0.802308201789856,0.0
Symbolism,Impressionism,nicholas-roerich_study-of-mountains.jpg,Symbolism_nicholas-roerich_study-of-mountains_to_Impressionism.jpg,0.0,0.0,0.7658788561820984,0.0
Symbolism,Post_Impressionism,nicholas-roerich_study-of-mountains.jpg,Symbolism_nicholas-roerich_study-of-mountains_to_Post_Impressionism.jpg,0.0,0.0,0.7886167168617249,0.0
Symbolism,Realism,nicholas-roerich_study-of-mountains.jpg,Symbolism_nicholas-roerich_study-of-mountains_to_Realism.jpg,0.0,0.0,0.752727210521698,0.0
Symbolism,Symbolism,nicholas-roerich_study-of-mountains.jpg,Symbolism_nicholas-roerich_study-of-mountains_to_Symbolism.jpg,0.0,0.0,0.8433693647384644,0.0
Symbolism,Expressionism,odilon-redon_bouquet-of-flowers-3.jpg,Symbolism_odilon-redon_bouquet-of-flowers-3_to_Expressionism.jpg,0.0,0.0,0.7774263024330139,0.0
Symbolism,Impressionism,odilon-redon_bouquet-of-flowers-3.jpg,Symbolism_odilon-redon_bouquet-of-flowers-3_to_Impressionism.jpg,0.0,0.0,0.8520637154579163,0.0
Symbolism,Post_Impressionism,odilon-redon_bouquet-of-flowers-3.jpg,Symbolism_odilon-redon_bouquet-of-flowers-3_to_Post_Impressionism.jpg,0.0,0.0,0.8471214175224304,0.0
Symbolism,Realism,odilon-redon_bouquet-of-flowers-3.jpg,Symbolism_odilon-redon_bouquet-of-flowers-3_to_Realism.jpg,0.0,0.0,0.7841393947601318,0.0
Symbolism,Symbolism,odilon-redon_bouquet-of-flowers-3.jpg,Symbolism_odilon-redon_bouquet-of-flowers-3_to_Symbolism.jpg,0.0,0.0,0.7566335201263428,0.0
Symbolism,Expressionism,odilon-redon_faust-and-mephistopheles-1880.jpg,Symbolism_odilon-redon_faust-and-mephistopheles-1880_to_Expressionism.jpg,0.0,0.0,0.8257966637611389,0.0
Symbolism,Impressionism,odilon-redon_faust-and-mephistopheles-1880.jpg,Symbolism_odilon-redon_faust-and-mephistopheles-1880_to_Impressionism.jpg,0.0,0.0,0.7640169858932495,0.0
Symbolism,Post_Impressionism,odilon-redon_faust-and-mephistopheles-1880.jpg,Symbolism_odilon-redon_faust-and-mephistopheles-1880_to_Post_Impressionism.jpg,0.0,0.0,0.7881092429161072,0.0
Symbolism,Realism,odilon-redon_faust-and-mephistopheles-1880.jpg,Symbolism_odilon-redon_faust-and-mephistopheles-1880_to_Realism.jpg,0.0,0.0,0.7639595866203308,0.0
Symbolism,Symbolism,odilon-redon_faust-and-mephistopheles-1880.jpg,Symbolism_odilon-redon_faust-and-mephistopheles-1880_to_Symbolism.jpg,0.0,0.0,0.8489155173301697,0.0
Symbolism,Expressionism,odilon-redon_the-boat.jpg,Symbolism_odilon-redon_the-boat_to_Expressionism.jpg,0.0,0.0,0.813151478767395,0.0
Symbolism,Impressionism,odilon-redon_the-boat.jpg,Symbolism_odilon-redon_the-boat_to_Impressionism.jpg,0.0,0.0,0.7975988388061523,0.0
Symbolism,Post_Impressionism,odilon-redon_the-boat.jpg,Symbolism_odilon-redon_the-boat_to_Post_Impressionism.jpg,0.0,0.0,0.8057050704956055,0.0
Symbolism,Realism,odilon-redon_the-boat.jpg,Symbolism_odilon-redon_the-boat_to_Realism.jpg,0.0,0.0,0.8036497235298157,0.0
Symbolism,Symbolism,odilon-redon_the-boat.jpg,Symbolism_odilon-redon_the-boat_to_Symbolism.jpg,0.0,0.0,0.8548132181167603,0.0
Symbolism,Expressionism,salvador-dali_untitled-landscape-with-celestial-beings.jpg,Symbolism_salvador-dali_untitled-landscape-with-celestial-beings_to_Expressionism.jpg,0.0,0.0,0.8359600901603699,0.0
Symbolism,Impressionism,salvador-dali_untitled-landscape-with-celestial-beings.jpg,Symbolism_salvador-dali_untitled-landscape-with-celestial-beings_to_Impressionism.jpg,0.0,0.0,0.7981663942337036,0.0
Symbolism,Post_Impressionism,salvador-dali_untitled-landscape-with-celestial-beings.jpg,Symbolism_salvador-dali_untitled-landscape-with-celestial-beings_to_Post_Impressionism.jpg,0.0,0.0,0.8015825748443604,0.0
Symbolism,Realism,salvador-dali_untitled-landscape-with-celestial-beings.jpg,Symbolism_salvador-dali_untitled-landscape-with-celestial-beings_to_Realism.jpg,0.0,0.0,0.7821589708328247,0.0
Symbolism,Symbolism,salvador-dali_untitled-landscape-with-celestial-beings.jpg,Symbolism_salvador-dali_untitled-landscape-with-celestial-beings_to_Symbolism.jpg,0.0,0.0,0.8593096733093262,0.0
Symbolism,Expressionism,victor-hugo_lace-and-ghosts-1856.jpg,Symbolism_victor-hugo_lace-and-ghosts-1856_to_Expressionism.jpg,0.0,0.0,0.7293986678123474,0.0
Symbolism,Impressionism,victor-hugo_lace-and-ghosts-1856.jpg,Symbolism_victor-hugo_lace-and-ghosts-1856_to_Impressionism.jpg,0.0,0.0,0.6443486213684082,0.0
Symbolism,Post_Impressionism,victor-hugo_lace-and-ghosts-1856.jpg,Symbolism_victor-hugo_lace-and-ghosts-1856_to_Post_Impressionism.jpg,0.0,0.0,0.68805992603302,0.0
Symbolism,Realism,victor-hugo_lace-and-ghosts-1856.jpg,Symbolism_victor-hugo_lace-and-ghosts-1856_to_Realism.jpg,0.0,0.0,0.6402479410171509,0.0
Symbolism,Symbolism,victor-hugo_lace-and-ghosts-1856.jpg,Symbolism_victor-hugo_lace-and-ghosts-1856_to_Symbolism.jpg,0.0,0.0,0.7556598782539368,0.0
