{
  "checkpoint": "..\\patch-1-3-5\\epoch_0020.pt",
  "timestamp": "2026-02-24 19:48:00",
  "metrics_note": {
    "clip_dir": "cos( CLIP(gen)-CLIP(src), CLIP(target_style_proto)-CLIP(src) ) - Measures edit direction.",
    "clip_style": "cos( CLIP(gen), CLIP(target_style_proto) ) - Measures absolute style similarity.",
    "fid": "FID between generated images and target-style real references (Inception features).",
    "art_fid": "computed as (1 + fid_style) * (1 + content_lpips)"
  },
  "matrix_breakdown": {
    "photo": {
      "photo": {
        "count": 30,
        "clip_dir": 0.3320986583828926,
        "clip_style": 0.7945701201756795,
        "style_lpips": 0.7550304750601451,
        "content_lpips": 0.2987091383333333,
        "clip_content": 0.9047503733333334,
        "fid_style": null,
        "art_fid": null,
        "classifier_acc": null
      },
      "Hayao": {
        "count": 30,
        "clip_dir": 0.49113364418347677,
        "clip_style": 0.608831912279129,
        "style_lpips": 0.750406676530838,
        "content_lpips": 0.40088687,
        "clip_content": 0.8458082739999997,
        "fid_style": 329.0010703595728,
        "art_fid": 462.2941665526717,
        "classifier_acc": null
      },
      "monet": {
        "count": 30,
        "clip_dir": 0.26642346680164336,
        "clip_style": 0.5939266552527745,
        "style_lpips": 0.7467979689439138,
        "content_lpips": 0.30480210900000004,
        "clip_content": 0.8962189506666666,
        "fid_style": 222.6803038103624,
        "art_fid": 291.85853215352165,
        "classifier_acc": null
      },
      "vangogh": {
        "count": 30,
        "clip_dir": 0.43942955136299133,
        "clip_style": 0.6489516397317251,
        "style_lpips": 0.7812477628389994,
        "content_lpips": 0.43352183033333336,
        "clip_content": 0.851385233,
        "fid_style": 304.9775603629738,
        "art_fid": 438.6255123724582,
        "classifier_acc": null
      },
      "cezanne": {
        "count": 30,
        "clip_dir": 0.3717155312498411,
        "clip_style": 0.5968891640504201,
        "style_lpips": 0.7570413966973623,
        "content_lpips": 0.36643535833333324,
        "clip_content": 0.8636197653333333,
        "fid_style": 293.5614789374615,
        "art_fid": 402.49922002310683,
        "classifier_acc": null
      }
    },
    "Hayao": {
      "photo": {
        "count": 30,
        "clip_dir": 0.16707440887888272,
        "clip_style": 0.5074739664793014,
        "style_lpips": 0.7934680581092834,
        "content_lpips": 0.28174279633333327,
        "clip_content": 0.9295204556666666,
        "fid_style": null,
        "art_fid": null,
        "classifier_acc": null
      },
      "Hayao": {
        "count": 30,
        "clip_dir": 0.28013021213312944,
        "clip_style": 0.84804039200147,
        "style_lpips": 0.7253861566384633,
        "content_lpips": 0.202159536,
        "clip_content": 0.9411405610000002,
        "fid_style": null,
        "art_fid": null,
        "classifier_acc": null
      },
      "monet": {
        "count": 30,
        "clip_dir": 0.1688669561718901,
        "clip_style": 0.4530381143093109,
        "style_lpips": 0.7666027307510376,
        "content_lpips": 0.3390143313333333,
        "clip_content": 0.9216007103333334,
        "fid_style": null,
        "art_fid": null,
        "classifier_acc": null
      },
      "vangogh": {
        "count": 30,
        "clip_dir": 0.2626730134089788,
        "clip_style": 0.5550975779692332,
        "style_lpips": 0.8147316773732504,
        "content_lpips": 0.33887313399999996,
        "clip_content": 0.9206554426666667,
        "fid_style": null,
        "art_fid": null,
        "classifier_acc": null
      },
      "cezanne": {
        "count": 30,
        "clip_dir": 0.10969454335669676,
        "clip_style": 0.48150742749373115,
        "style_lpips": 0.7688211778799693,
        "content_lpips": 0.19815287633333334,
        "clip_content": 0.9415507166666666,
        "fid_style": null,
        "art_fid": null,
        "classifier_acc": null
      }
    },
    "monet": {
      "photo": {
        "count": 30,
        "clip_dir": 0.3842126131057739,
        "clip_style": 0.6851648529370625,
        "style_lpips": 0.7633781294027965,
        "content_lpips": 0.34999875233333333,
        "clip_content": 0.8993271449999997,
        "fid_style": null,
        "art_fid": null,
        "classifier_acc": null
      },
      "Hayao": {
        "count": 30,
        "clip_dir": 0.5112546712160111,
        "clip_style": 0.6161743710438411,
        "style_lpips": 0.758058120807012,
        "content_lpips": 0.4366620153333333,
        "clip_content": 0.8600903323333333,
        "fid_style": null,
        "art_fid": null,
        "classifier_acc": null
      },
      "monet": {
        "count": 30,
        "clip_dir": 0.282539539039135,
        "clip_style": 0.8313575466473897,
        "style_lpips": 0.7138740281263988,
        "content_lpips": 0.34543659199999993,
        "clip_content": 0.8986111003333334,
        "fid_style": null,
        "art_fid": null,
        "classifier_acc": null
      },
      "vangogh": {
        "count": 30,
        "clip_dir": 0.347910163551569,
        "clip_style": 0.8036291102568308,
        "style_lpips": 0.769765559832255,
        "content_lpips": 0.38649277833333334,
        "clip_content": 0.8860157700000002,
        "fid_style": null,
        "art_fid": null,
        "classifier_acc": null
      },
      "cezanne": {
        "count": 30,
        "clip_dir": 0.2977114056547483,
        "clip_style": 0.7858629047870636,
        "style_lpips": 0.7350030322869618,
        "content_lpips": 0.3557500133333333,
        "clip_content": 0.8919560133333333,
        "fid_style": null,
        "art_fid": null,
        "classifier_acc": null
      }
    },
    "vangogh": {
      "photo": {
        "count": 30,
        "clip_dir": 0.3722688471277555,
        "clip_style": 0.6575255175431569,
        "style_lpips": 0.7671865224838257,
        "content_lpips": 0.39340161833333337,
        "clip_content": 0.8807032796666665,
        "fid_style": null,
        "art_fid": null,
        "classifier_acc": null
      },
      "Hayao": {
        "count": 30,
        "clip_dir": 0.4991105313102404,
        "clip_style": 0.6482789933681488,
        "style_lpips": 0.7535111327966054,
        "content_lpips": 0.4066177646666666,
        "clip_content": 0.8473897313333334,
        "fid_style": null,
        "art_fid": null,
        "classifier_acc": null
      },
      "monet": {
        "count": 30,
        "clip_dir": 0.2557642007867495,
        "clip_style": 0.7550040483474731,
        "style_lpips": 0.7502186377843221,
        "content_lpips": 0.32532658900000005,
        "clip_content": 0.8896447113333336,
        "fid_style": null,
        "art_fid": null,
        "classifier_acc": null
      },
      "vangogh": {
        "count": 30,
        "clip_dir": 0.2298074682553609,
        "clip_style": 0.7976464668909709,
        "style_lpips": 0.7509498457113902,
        "content_lpips": 0.3262255433333333,
        "clip_content": 0.8906061926666667,
        "fid_style": null,
        "art_fid": null,
        "classifier_acc": null
      },
      "cezanne": {
        "count": 30,
        "clip_dir": 0.25622343868017194,
        "clip_style": 0.7757163604100545,
        "style_lpips": 0.7349794725577037,
        "content_lpips": 0.31650324800000007,
        "clip_content": 0.8926258919999999,
        "fid_style": null,
        "art_fid": null,
        "classifier_acc": null
      }
    },
    "cezanne": {
      "photo": {
        "count": 30,
        "clip_dir": 0.3782213588555654,
        "clip_style": 0.6221258242925009,
        "style_lpips": 0.7624548216660817,
        "content_lpips": 0.3553014433333333,
        "clip_content": 0.8773516436666665,
        "fid_style": null,
        "art_fid": null,
        "classifier_acc": null
      },
      "Hayao": {
        "count": 30,