epoch,loss,distill,code,code_pred_norm,code_ref_norm,cycle,struct,edge,stroke_gram,color_moment,push,delta_tv,style_spatial_tv,nce,semigroup,semigroup_samples,train_num_steps,train_step_size,train_style_strength,heavy_loss_slot_id,path_teacher_active,path_cycle_active,path_stroke_active,path_nce_active,path_semigroup_active,w_cycle_eff,w_struct_eff,w_edge_eff,w_nce_eff,w_semigroup_eff,transfer_ratio,lr,data_time_sec,compute_time_sec,epoch_time_sec
1,1.0207200050354004,0.0,0.0,0.0,0.0,0.0,0.0,0.0,0.010387308895587921,0.11230668425559998,0.0,0.0121574392542243,0.08040015399456024,0.0,0.0,0.0,1.4301074743270874,0.9612160325050354,0.9257593750953674,2.0,0.0,0.0,0.3333333432674408,0.0,0.0,0.0,0.0,0.0,0.0,0.0,1.0,0.00015,0.7149917429924244,199.0645817120021,216.79120588302612
2,0.9480991959571838,0.0,0.0,0.0,0.0,0.0,0.0,0.0,0.009930994361639023,0.10040687024593353,0.0,0.05440413951873779,0.06537038087844849,0.0,0.0,0.0,1.5268816947937012,0.9732555150985718,0.9270771741867065,2.0,0.0,0.0,0.3333333432674408,0.0,0.0,0.0,0.0,0.0,0.0,0.0,1.0,0.00014999616185558582,0.7655357720359461,200.30981393004186,221.962566614151
3,0.8903409242630005,0.0,0.0,0.0,0.0,0.0,0.0,0.0,0.009504358284175396,0.09180133789777756,0.0,0.11156683415174484,0.058543745428323746,0.0,0.0,0.0,1.5376343727111816,0.9711997509002686,0.9319950938224792,2.0,0.0,0.0,0.3333333432674408,0.0,0.0,0.0,0.0,0.0,0.0,0.0,1.0,0.00014998464784323916,0.8453376079996815,201.9110577569736,220.7303330898285
4,0.8022016882896423,0.0,0.0,0.0,0.0,0.0,0.0,0.0,0.009162656962871552,0.07442803680896759,0.0,0.1731288880109787,0.05509160831570625,0.0,0.0,0.0,1.5268816947937012,0.9810650944709778,0.9268525838851929,2.0,0.0,0.0,0.3333333432674408,0.0,0.0,0.0,0.0,0.0,0.0,0.0,1.0,0.00014996545922560118,0.8473482869958389,200.9480368020013,219.17410922050476
