{
  "checkpoint": "..\\style8-\\epoch_0050.pt",
  "timestamp": "2026-02-22 02:28:10",
  "matrix_breakdown": {
    "photo": {
      "photo": {
        "count": 50,
        "clip_style": 0.6352420860528946,
        "style_lpips": 0.7526359796524048,
        "content_lpips": 0.29007199040000003,
        "clip_content": 0.9036960581999999,
        "classifier_acc": null
      },
      "Hayao": {
        "count": 50,
        "clip_style": 0.4735227119922638,
        "style_lpips": 0.7974815309047699,
        "content_lpips": 0.2900746482,
        "clip_content": 0.903618216,
        "classifier_acc": null
      }
    },
    "Hayao": {
      "photo": {
        "count": 50,
        "clip_style": 0.4086382728815079,
        "style_lpips": 0.8046353709697723,
        "content_lpips": 0.19772422209999996,
        "clip_content": 0.9447898586,
        "classifier_acc": null
      },
      "Hayao": {
        "count": 50,
        "clip_style": 0.7196075177192688,
        "style_lpips": 0.7285156023502349,
        "content_lpips": 0.19769088309999996,
        "clip_content": 0.944900755,
        "classifier_acc": null
      }
    }
  },
  "analysis": {
    "style_transfer_ability": {
      "clip_style": 0.44108049243688585,
      "content_lpips": 0.24389943514999998,
      "classifier_acc": 0.0
    },
    "photo_to_art_performance": {
      "clip_style": 0.4735227119922638,
      "valid": true,
      "classifier_acc": 0.0
    }
  },
  "classification_report": null,
  "detailed_style_metrics": {}
}