source_root,period,method,dataset_or_setting,dataset_key,resolution,variant_or_run,scope,images,clip_style,content_lpips,clip_content,ssim_y,edge_f1,musiq,hf_patch_kid,plain_kid,aggregate_art_fid,train_time_value,train_time_unit,train_time_label,infer_time_value,infer_time_unit,infer_time_label,params_m,hardware,status,source_path,source_kind,validity_class,note
G:/GitHub/Latent_Style,,LANCET/LBM,schrodingerbridge_grid_search,schrodingerbridge_grid_search,,full_eval,,,0.6861361982027689,0.40848115570666665,0.8636065122,,,,,,,,,,,,,3.91,,,SchrodingerBridge/archives/old_experiment_dirs/grid_search_3epoch/S-none_K-1_C-0_W-10_Col-0/full_eval/batch_summary.csv,generic_csv,metric_evidence,Parsed from SchrodingerBridge/archives/old_experiment_dirs/grid_search_3epoch/S-none_K-1_C-0_W-10_Col-0/full_eval/batch_summary.csv
G:/GitHub/Latent_Style,,LANCET/LBM,schrodingerbridge_grid_search,schrodingerbridge_grid_search,,full_eval,,,0.6981367489099501,0.3969745975066667,0.8661039449466668,,,,,,,,,,,,,3.91,,,SchrodingerBridge/archives/old_experiment_dirs/grid_search_3epoch/S-none_K-1_C-0_W-10_Col-0/full_eval/batch_summary.csv,generic_csv,metric_evidence,Parsed from SchrodingerBridge/archives/old_experiment_dirs/grid_search_3epoch/S-none_K-1_C-0_W-10_Col-0/full_eval/batch_summary.csv
G:/GitHub/Latent_Style,,LANCET/LBM,schrodingerbridge_grid_search,schrodingerbridge_grid_search,,full_eval,,,0.6978852835098901,0.3925990782266668,0.8633861008266667,,,,,,,,,,,,,3.91,,,SchrodingerBridge/archives/old_experiment_dirs/grid_search_3epoch/S-none_K-1_C-0_W-10_Col-0/full_eval/batch_summary.csv,generic_csv,metric_evidence,Parsed from SchrodingerBridge/archives/old_experiment_dirs/grid_search_3epoch/S-none_K-1_C-0_W-10_Col-0/full_eval/batch_summary.csv
G:/GitHub/Latent_Style,,LANCET/LBM,schrodingerbridge_grid_search,schrodingerbridge_grid_search,,full_eval,,,0.6944732377529145,0.3901976771733333,0.86763907868,,,,,,,,,,,,,3.91,,,SchrodingerBridge/archives/old_experiment_dirs/grid_search_3epoch/S-none_K-1_C-0_W-10_Col-0/full_eval/batch_summary.csv,generic_csv,metric_evidence,Parsed from SchrodingerBridge/archives/old_experiment_dirs/grid_search_3epoch/S-none_K-1_C-0_W-10_Col-0/full_eval/batch_summary.csv
G:/GitHub/Latent_Style,,LANCET/LBM,schrodingerbridge_grid_search,schrodingerbridge_grid_search,,full_eval,,,0.6956855719486873,0.4032348376266667,0.8624441734266667,,,,,,,,,,,,,3.91,,,SchrodingerBridge/archives/old_experiment_dirs/grid_search_3epoch/S-none_K-1_C-0_W-10_Col-0/full_eval/batch_summary.csv,generic_csv,metric_evidence,Parsed from SchrodingerBridge/archives/old_experiment_dirs/grid_search_3epoch/S-none_K-1_C-0_W-10_Col-0/full_eval/batch_summary.csv
G:/GitHub/Latent_Style,,LANCET/LBM,schrodingerbridge_grid_search,schrodingerbridge_grid_search,,full_eval,,,0.6923095932006835,0.39217584076,0.868641292,,,,,,,,,,,,,3.91,,,SchrodingerBridge/archives/old_experiment_dirs/grid_search_3epoch/S-none_K-1_C-0_W-10_Col-0/full_eval/batch_summary.csv,generic_csv,metric_evidence,Parsed from SchrodingerBridge/archives/old_experiment_dirs/grid_search_3epoch/S-none_K-1_C-0_W-10_Col-0/full_eval/batch_summary.csv
G:/GitHub/Latent_Style,,LANCET/LBM,schrodingerbridge_grid_search,schrodingerbridge_grid_search,,full_eval,,,0.6931604599555332,0.39586901221333337,0.8690856314533335,,,,,,,,,,,,,3.91,,,SchrodingerBridge/archives/old_experiment_dirs/grid_search_3epoch/S-none_K-1_C-0_W-10_Col-0/full_eval/batch_summary.csv,generic_csv,metric_evidence,Parsed from SchrodingerBridge/archives/old_experiment_dirs/grid_search_3epoch/S-none_K-1_C-0_W-10_Col-0/full_eval/batch_summary.csv
G:/GitHub/Latent_Style,,LANCET/LBM,schrodingerbridge_grid_search,schrodingerbridge_grid_search,,full_eval,,,0.691885490377744,0.39449320996,0.8663376687866667,,,,,,,,,,,,,3.91,,,SchrodingerBridge/archives/old_experiment_dirs/grid_search_3epoch/S-none_K-1_C-0_W-10_Col-0/full_eval/batch_summary.csv,generic_csv,metric_evidence,Parsed from SchrodingerBridge/archives/old_experiment_dirs/grid_search_3epoch/S-none_K-1_C-0_W-10_Col-0/full_eval/batch_summary.csv
G:/GitHub/Latent_Style,,LANCET/LBM,schrodingerbridge_grid_search,schrodingerbridge_grid_search,,full_eval,,,0.6861361982027689,0.40848115570666665,0.8636065122,,,,,,,,,,,,,3.91,,,SchrodingerBridge/archives/old_experiment_dirs/grid_search_3epoch/S-none_K-1_C-0_W-10_Col-0/full_eval/batch_summary_viewer.csv,generic_csv,metric_evidence,Parsed from SchrodingerBridge/archives/old_experiment_dirs/grid_search_3epoch/S-none_K-1_C-0_W-10_Col-0/full_eval/batch_summary_viewer.csv
G:/GitHub/Latent_Style,,LANCET/LBM,schrodingerbridge_grid_search,schrodingerbridge_grid_search,,full_eval,,,0.6981367489099501,0.3969745975066667,0.8661039449466668,,,,,,,,,,,,,3.91,,,SchrodingerBridge/archives/old_experiment_dirs/grid_search_3epoch/S-none_K-1_C-0_W-10_Col-0/full_eval/batch_summary_viewer.csv,generic_csv,metric_evidence,Parsed from SchrodingerBridge/archives/old_experiment_dirs/grid_search_3epoch/S-none_K-1_C-0_W-10_Col-0/full_eval/batch_summary_viewer.csv
G:/GitHub/Latent_Style,,LANCET/LBM,schrodingerbridge_grid_search,schrodingerbridge_grid_search,,full_eval,,,0.6978852835098901,0.3925990782266668,0.8633861008266667,,,,,,,,,,,,,3.91,,,SchrodingerBridge/archives/old_experiment_dirs/grid_search_3epoch/S-none_K-1_C-0_W-10_Col-0/full_eval/batch_summary_viewer.csv,generic_csv,metric_evidence,Parsed from SchrodingerBridge/archives/old_experiment_dirs/grid_search_3epoch/S-none_K-1_C-0_W-10_Col-0/full_eval/batch_summary_viewer.csv
G:/GitHub/Latent_Style,,LANCET/LBM,schrodingerbridge_grid_search,schrodingerbridge_grid_search,,full_eval,,,0.6944732377529145,0.3901976771733333,0.86763907868,,,,,,,,,,,,,3.91,,,SchrodingerBridge/archives/old_experiment_dirs/grid_search_3epoch/S-none_K-1_C-0_W-10_Col-0/full_eval/batch_summary_viewer.csv,generic_csv,metric_evidence,Parsed from SchrodingerBridge/archives/old_experiment_dirs/grid_search_3epoch/S-none_K-1_C-0_W-10_Col-0/full_eval/batch_summary_viewer.csv
G:/GitHub/Latent_Style,,LANCET/LBM,schrodingerbridge_grid_search,schrodingerbridge_grid_search,,full_eval,,,0.6956855719486873,0.4032348376266667,0.8624441734266667,,,,,,,,,,,,,3.91,,,SchrodingerBridge/archives/old_experiment_dirs/grid_search_3epoch/S-none_K-1_C-0_W-10_Col-0/full_eval/batch_summary_viewer.csv,generic_csv,metric_evidence,Parsed from SchrodingerBridge/archives/old_experiment_dirs/grid_search_3epoch/S-none_K-1_C-0_W-10_Col-0/full_eval/batch_summary_viewer.csv
G:/GitHub/Latent_Style,,LANCET/LBM,schrodingerbridge_grid_search,schrodingerbridge_grid_search,,full_eval,,,0.6923095932006835,0.39217584076,0.868641292,,,,,,,,,,,,,3.91,,,SchrodingerBridge/archives/old_experiment_dirs/grid_search_3epoch/S-none_K-1_C-0_W-10_Col-0/full_eval/batch_summary_viewer.csv,generic_csv,metric_evidence,Parsed from SchrodingerBridge/archives/old_experiment_dirs/grid_search_3epoch/S-none_K-1_C-0_W-10_Col-0/full_eval/batch_summary_viewer.csv
G:/GitHub/Latent_Style,,LANCET/LBM,schrodingerbridge_grid_search,schrodingerbridge_grid_search,,full_eval,,,0.6931604599555332,0.39586901221333337,0.8690856314533335,,,,,,,,,,,,,3.91,,,SchrodingerBridge/archives/old_experiment_dirs/grid_search_3epoch/S-none_K-1_C-0_W-10_Col-0/full_eval/batch_summary_viewer.csv,generic_csv,metric_evidence,Parsed from SchrodingerBridge/archives/old_experiment_dirs/grid_search_3epoch/S-none_K-1_C-0_W-10_Col-0/full_eval/batch_summary_viewer.csv
G:/GitHub/Latent_Style,,LANCET/LBM,schrodingerbridge_grid_search,schrodingerbridge_grid_search,,full_eval,,,0.691885490377744,0.39449320996,0.8663376687866667,,,,,,,,,,,,,3.91,,,SchrodingerBridge/archives/old_experiment_dirs/grid_search_3epoch/S-none_K-1_C-0_W-10_Col-0/full_eval/batch_summary_viewer.csv,generic_csv,metric_evidence,Parsed from SchrodingerBridge/archives/old_experiment_dirs/grid_search_3epoch/S-none_K-1_C-0_W-10_Col-0/full_eval/batch_summary_viewer.csv
G:/GitHub/Latent_Style,,LANCET/LBM,schrodingerbridge_grid_search,schrodingerbridge_grid_search,,full_eval,,,0.6967091699043909,0.4339533533866667,0.8382434744266668,,,,,,,,,,,,,3.91,,,SchrodingerBridge/archives/old_experiment_dirs/grid_search_3epoch/S-none_K-1_C-0_W-10_Col-15/full_eval/batch_summary.csv,generic_csv,metric_evidence,Parsed from SchrodingerBridge/archives/old_experiment_dirs/grid_search_3epoch/S-none_K-1_C-0_W-10_Col-15/full_eval/batch_summary.csv
G:/GitHub/Latent_Style,,LANCET/LBM,schrodingerbridge_grid_search,schrodingerbridge_grid_search,,full_eval,,,0.6961012013753254,0.42677656361333327,0.8347609051333332,,,,,,,,,,,,,3.91,,,SchrodingerBridge/archives/old_experiment_dirs/grid_search_3epoch/S-none_K-1_C-0_W-10_Col-15/full_eval/batch_summary.csv,generic_csv,metric_evidence,Parsed from SchrodingerBridge/archives/old_experiment_dirs/grid_search_3epoch/S-none_K-1_C-0_W-10_Col-15/full_eval/batch_summary.csv
G:/GitHub/Latent_Style,,LANCET/LBM,schrodingerbridge_grid_search,schrodingerbridge_grid_search,,full_eval,,,0.7003113825321197,0.45441790431999995,0.8121641544666669,,,,,,,,,,,,,3.91,,,SchrodingerBridge/archives/old_experiment_dirs/grid_search_3epoch/S-none_K-1_C-0_W-10_Col-15/full_eval/batch_summary.csv,generic_csv,metric_evidence,Parsed from SchrodingerBridge/archives/old_experiment_dirs/grid_search_3epoch/S-none_K-1_C-0_W-10_Col-15/full_eval/batch_summary.csv
G:/GitHub/Latent_Style,,LANCET/LBM,schrodingerbridge_grid_search,schrodingerbridge_grid_search,,full_eval,,,0.7022525004148483,0.4647530477466666,0.8058415523066667,,,,,,,,,,,,,3.91,,,SchrodingerBridge/archives/old_experiment_dirs/grid_search_3epoch/S-none_K-1_C-0_W-10_Col-15/full_eval/batch_summary.csv,generic_csv,metric_evidence,Parsed from SchrodingerBridge/archives/old_experiment_dirs/grid_search_3epoch/S-none_K-1_C-0_W-10_Col-15/full_eval/batch_summary.csv
G:/GitHub/Latent_Style,,LANCET/LBM,schrodingerbridge_grid_search,schrodingerbridge_grid_search,,full_eval,,,0.7069031799236933,0.4883170179733333,0.7912307300133334,,,,,,,,,,,,,3.91,,,SchrodingerBridge/archives/old_experiment_dirs/grid_search_3epoch/S-none_K-1_C-0_W-10_Col-15/full_eval/batch_summary.csv,generic_csv,metric_evidence,Parsed from SchrodingerBridge/archives/old_experiment_dirs/grid_search_3epoch/S-none_K-1_C-0_W-10_Col-15/full_eval/batch_summary.csv
G:/GitHub/Latent_Style,,LANCET/LBM,schrodingerbridge_grid_search,schrodingerbridge_grid_search,,full_eval,,,0.7076487858692805,0.4957954740266666,0.7785932783333332,,,,,,,,,,,,,3.91,,,SchrodingerBridge/archives/old_experiment_dirs/grid_search_3epoch/S-none_K-1_C-0_W-10_Col-15/full_eval/batch_summary.csv,generic_csv,metric_evidence,Parsed from SchrodingerBridge/archives/old_experiment_dirs/grid_search_3epoch/S-none_K-1_C-0_W-10_Col-15/full_eval/batch_summary.csv
G:/GitHub/Latent_Style,,LANCET/LBM,schrodingerbridge_grid_search,schrodingerbridge_grid_search,,full_eval,,,0.7077673052151997,0.5115947721066667,0.7661339247466666,,,,,,,,,,,,,3.91,,,SchrodingerBridge/archives/old_experiment_dirs/grid_search_3epoch/S-none_K-1_C-0_W-10_Col-15/full_eval/batch_summary.csv,generic_csv,metric_evidence,Parsed from SchrodingerBridge/archives/old_experiment_dirs/grid_search_3epoch/S-none_K-1_C-0_W-10_Col-15/full_eval/batch_summary.csv
G:/GitHub/Latent_Style,,LANCET/LBM,schrodingerbridge_grid_search,schrodingerbridge_grid_search,,full_eval,,,0.7066781351168951,0.5111916990400001,0.7598433187599999,,,,,,,,,,,,,3.91,,,SchrodingerBridge/archives/old_experiment_dirs/grid_search_3epoch/S-none_K-1_C-0_W-10_Col-15/full_eval/batch_summary.csv,generic_csv,metric_evidence,Parsed from SchrodingerBridge/archives/old_experiment_dirs/grid_search_3epoch/S-none_K-1_C-0_W-10_Col-15/full_eval/batch_summary.csv
G:/GitHub/Latent_Style,,LANCET/LBM,schrodingerbridge_grid_search,schrodingerbridge_grid_search,,full_eval,,,0.6967091699043909,0.4339533533866667,0.8382434744266668,,,,,,,,,,,,,3.91,,,SchrodingerBridge/archives/old_experiment_dirs/grid_search_3epoch/S-none_K-1_C-0_W-10_Col-15/full_eval/batch_summary_viewer.csv,generic_csv,metric_evidence,Parsed from SchrodingerBridge/archives/old_experiment_dirs/grid_search_3epoch/S-none_K-1_C-0_W-10_Col-15/full_eval/batch_summary_viewer.csv
G:/GitHub/Latent_Style,,LANCET/LBM,schrodingerbridge_grid_search,schrodingerbridge_grid_search,,full_eval,,,0.6961012013753254,0.42677656361333327,0.8347609051333332,,,,,,,,,,,,,3.91,,,SchrodingerBridge/archives/old_experiment_dirs/grid_search_3epoch/S-none_K-1_C-0_W-10_Col-15/full_eval/batch_summary_viewer.csv,generic_csv,metric_evidence,Parsed from SchrodingerBridge/archives/old_experiment_dirs/grid_search_3epoch/S-none_K-1_C-0_W-10_Col-15/full_eval/batch_summary_viewer.csv
G:/GitHub/Latent_Style,,LANCET/LBM,schrodingerbridge_grid_search,schrodingerbridge_grid_search,,full_eval,,,0.7003113825321197,0.45441790431999995,0.8121641544666669,,,,,,,,,,,,,3.91,,,SchrodingerBridge/archives/old_experiment_dirs/grid_search_3epoch/S-none_K-1_C-0_W-10_Col-15/full_eval/batch_summary_viewer.csv,generic_csv,metric_evidence,Parsed from SchrodingerBridge/archives/old_experiment_dirs/grid_search_3epoch/S-none_K-1_C-0_W-10_Col-15/full_eval/batch_summary_viewer.csv
G:/GitHub/Latent_Style,,LANCET/LBM,schrodingerbridge_grid_search,schrodingerbridge_grid_search,,full_eval,,,0.7022525004148483,0.4647530477466666,0.8058415523066667,,,,,,,,,,,,,3.91,,,SchrodingerBridge/archives/old_experiment_dirs/grid_search_3epoch/S-none_K-1_C-0_W-10_Col-15/full_eval/batch_summary_viewer.csv,generic_csv,metric_evidence,Parsed from SchrodingerBridge/archives/old_experiment_dirs/grid_search_3epoch/S-none_K-1_C-0_W-10_Col-15/full_eval/batch_summary_viewer.csv
G:/GitHub/Latent_Style,,LANCET/LBM,schrodingerbridge_grid_search,schrodingerbridge_grid_search,,full_eval,,,0.7069031799236933,0.4883170179733333,0.7912307300133334,,,,,,,,,,,,,3.91,,,SchrodingerBridge/archives/old_experiment_dirs/grid_search_3epoch/S-none_K-1_C-0_W-10_Col-15/full_eval/batch_summary_viewer.csv,generic_csv,metric_evidence,Parsed from SchrodingerBridge/archives/old_experiment_dirs/grid_search_3epoch/S-none_K-1_C-0_W-10_Col-15/full_eval/batch_summary_viewer.csv
G:/GitHub/Latent_Style,,LANCET/LBM,schrodingerbridge_grid_search,schrodingerbridge_grid_search,,full_eval,,,0.7076487858692805,0.4957954740266666,0.7785932783333332,,,,,,,,,,,,,3.91,,,SchrodingerBridge/archives/old_experiment_dirs/grid_search_3epoch/S-none_K-1_C-0_W-10_Col-15/full_eval/batch_summary_viewer.csv,generic_csv,metric_evidence,Parsed from SchrodingerBridge/archives/old_experiment_dirs/grid_search_3epoch/S-none_K-1_C-0_W-10_Col-15/full_eval/batch_summary_viewer.csv
G:/GitHub/Latent_Style,,LANCET/LBM,schrodingerbridge_grid_search,schrodingerbridge_grid_search,,full_eval,,,0.7077673052151997,0.5115947721066667,0.7661339247466666,,,,,,,,,,,,,3.91,,,SchrodingerBridge/archives/old_experiment_dirs/grid_search_3epoch/S-none_K-1_C-0_W-10_Col-15/full_eval/batch_summary_viewer.csv,generic_csv,metric_evidence,Parsed from SchrodingerBridge/archives/old_experiment_dirs/grid_search_3epoch/S-none_K-1_C-0_W-10_Col-15/full_eval/batch_summary_viewer.csv
G:/GitHub/Latent_Style,,LANCET/LBM,schrodingerbridge_grid_search,schrodingerbridge_grid_search,,full_eval,,,0.7066781351168951,0.5111916990400001,0.7598433187599999,,,,,,,,,,,,,3.91,,,SchrodingerBridge/archives/old_experiment_dirs/grid_search_3epoch/S-none_K-1_C-0_W-10_Col-15/full_eval/batch_summary_viewer.csv,generic_csv,metric_evidence,Parsed from SchrodingerBridge/archives/old_experiment_dirs/grid_search_3epoch/S-none_K-1_C-0_W-10_Col-15/full_eval/batch_summary_viewer.csv
G:/GitHub/Latent_Style,,LANCET/LBM,schrodingerbridge_grid_search,schrodingerbridge_grid_search,,full_eval,,,0.6881277045408885,0.3934247270933333,0.8630527380133333,,,,,,,,,,,,,3.91,,,SchrodingerBridge/archives/old_experiment_dirs/grid_search_3epoch/S-none_K-1_C-0_W-20_Col-0/full_eval/batch_summary.csv,generic_csv,metric_evidence,Parsed from SchrodingerBridge/archives/old_experiment_dirs/grid_search_3epoch/S-none_K-1_C-0_W-20_Col-0/full_eval/batch_summary.csv
G:/GitHub/Latent_Style,,LANCET/LBM,schrodingerbridge_grid_search,schrodingerbridge_grid_search,,full_eval,,,0.7012530012925466,0.43247967188,0.8382420929733334,,,,,,,,,,,,,3.91,,,SchrodingerBridge/archives/old_experiment_dirs/grid_search_3epoch/S-none_K-1_C-0_W-20_Col-0/full_eval/batch_summary.csv,generic_csv,metric_evidence,Parsed from SchrodingerBridge/archives/old_experiment_dirs/grid_search_3epoch/S-none_K-1_C-0_W-20_Col-0/full_eval/batch_summary.csv
G:/GitHub/Latent_Style,,LANCET/LBM,schrodingerbridge_grid_search,schrodingerbridge_grid_search,,full_eval,,,0.7032303955157597,0.44574002005333335,0.8279339403066668,,,,,,,,,,,,,3.91,,,SchrodingerBridge/archives/old_experiment_dirs/grid_search_3epoch/S-none_K-1_C-0_W-20_Col-0/full_eval/batch_summary.csv,generic_csv,metric_evidence,Parsed from SchrodingerBridge/archives/old_experiment_dirs/grid_search_3epoch/S-none_K-1_C-0_W-20_Col-0/full_eval/batch_summary.csv
G:/GitHub/Latent_Style,,LANCET/LBM,schrodingerbridge_grid_search,schrodingerbridge_grid_search,,full_eval,,,0.7039547982613246,0.44428106818666663,0.8249676882666667,,,,,,,,,,,,,3.91,,,SchrodingerBridge/archives/old_experiment_dirs/grid_search_3epoch/S-none_K-1_C-0_W-20_Col-0/full_eval/batch_summary.csv,generic_csv,metric_evidence,Parsed from SchrodingerBridge/archives/old_experiment_dirs/grid_search_3epoch/S-none_K-1_C-0_W-20_Col-0/full_eval/batch_summary.csv
G:/GitHub/Latent_Style,,LANCET/LBM,schrodingerbridge_grid_search,schrodingerbridge_grid_search,,full_eval,,,0.7038926627635956,0.44836992386666663,0.8245701842533333,,,,,,,,,,,,,3.91,,,SchrodingerBridge/archives/old_experiment_dirs/grid_search_3epoch/S-none_K-1_C-0_W-20_Col-0/full_eval/batch_summary.csv,generic_csv,metric_evidence,Parsed from SchrodingerBridge/archives/old_experiment_dirs/grid_search_3epoch/S-none_K-1_C-0_W-20_Col-0/full_eval/batch_summary.csv
G:/GitHub/Latent_Style,,LANCET/LBM,schrodingerbridge_grid_search,schrodingerbridge_grid_search,,full_eval,,,0.7036632390419642,0.44391127072,0.8280158381466666,,,,,,,,,,,,,3.91,,,SchrodingerBridge/archives/old_experiment_dirs/grid_search_3epoch/S-none_K-1_C-0_W-20_Col-0/full_eval/batch_summary.csv,generic_csv,metric_evidence,Parsed from SchrodingerBridge/archives/old_experiment_dirs/grid_search_3epoch/S-none_K-1_C-0_W-20_Col-0/full_eval/batch_summary.csv
G:/GitHub/Latent_Style,,LANCET/LBM,schrodingerbridge_grid_search,schrodingerbridge_grid_search,,full_eval,,,0.703508348663648,0.4426572581466667,0.8262639796399999,,,,,,,,,,,,,3.91,,,SchrodingerBridge/archives/old_experiment_dirs/grid_search_3epoch/S-none_K-1_C-0_W-20_Col-0/full_eval/batch_summary.csv,generic_csv,metric_evidence,Parsed from SchrodingerBridge/archives/old_experiment_dirs/grid_search_3epoch/S-none_K-1_C-0_W-20_Col-0/full_eval/batch_summary.csv
G:/GitHub/Latent_Style,,LANCET/LBM,schrodingerbridge_grid_search,schrodingerbridge_grid_search,,full_eval,,,0.7036010053555171,0.44816957577333333,0.8234227672666665,,,,,,,,,,,,,3.91,,,SchrodingerBridge/archives/old_experiment_dirs/grid_search_3epoch/S-none_K-1_C-0_W-20_Col-0/full_eval/batch_summary.csv,generic_csv,metric_evidence,Parsed from SchrodingerBridge/archives/old_experiment_dirs/grid_search_3epoch/S-none_K-1_C-0_W-20_Col-0/full_eval/batch_summary.csv
G:/GitHub/Latent_Style,,LANCET/LBM,schrodingerbridge_grid_search,schrodingerbridge_grid_search,,full_eval,,,0.6881277045408885,0.3934247270933333,0.8630527380133333,,,,,,,,,,,,,3.91,,,SchrodingerBridge/archives/old_experiment_dirs/grid_search_3epoch/S-none_K-1_C-0_W-20_Col-0/full_eval/batch_summary_viewer.csv,generic_csv,metric_evidence,Parsed from SchrodingerBridge/archives/old_experiment_dirs/grid_search_3epoch/S-none_K-1_C-0_W-20_Col-0/full_eval/batch_summary_viewer.csv
G:/GitHub/Latent_Style,,LANCET/LBM,schrodingerbridge_grid_search,schrodingerbridge_grid_search,,full_eval,,,0.7012530012925466,0.43247967188,0.8382420929733334,,,,,,,,,,,,,3.91,,,SchrodingerBridge/archives/old_experiment_dirs/grid_search_3epoch/S-none_K-1_C-0_W-20_Col-0/full_eval/batch_summary_viewer.csv,generic_csv,metric_evidence,Parsed from SchrodingerBridge/archives/old_experiment_dirs/grid_search_3epoch/S-none_K-1_C-0_W-20_Col-0/full_eval/batch_summary_viewer.csv
G:/GitHub/Latent_Style,,LANCET/LBM,schrodingerbridge_grid_search,schrodingerbridge_grid_search,,full_eval,,,0.7032303955157597,0.44574002005333335,0.8279339403066668,,,,,,,,,,,,,3.91,,,SchrodingerBridge/archives/old_experiment_dirs/grid_search_3epoch/S-none_K-1_C-0_W-20_Col-0/full_eval/batch_summary_viewer.csv,generic_csv,metric_evidence,Parsed from SchrodingerBridge/archives/old_experiment_dirs/grid_search_3epoch/S-none_K-1_C-0_W-20_Col-0/full_eval/batch_summary_viewer.csv
G:/GitHub/Latent_Style,,LANCET/LBM,schrodingerbridge_grid_search,schrodingerbridge_grid_search,,full_eval,,,0.7039547982613246,0.44428106818666663,0.8249676882666667,,,,,,,,,,,,,3.91,,,SchrodingerBridge/archives/old_experiment_dirs/grid_search_3epoch/S-none_K-1_C-0_W-20_Col-0/full_eval/batch_summary_viewer.csv,generic_csv,metric_evidence,Parsed from SchrodingerBridge/archives/old_experiment_dirs/grid_search_3epoch/S-none_K-1_C-0_W-20_Col-0/full_eval/batch_summary_viewer.csv
G:/GitHub/Latent_Style,,LANCET/LBM,schrodingerbridge_grid_search,schrodingerbridge_grid_search,,full_eval,,,0.7038926627635956,0.44836992386666663,0.8245701842533333,,,,,,,,,,,,,3.91,,,SchrodingerBridge/archives/old_experiment_dirs/grid_search_3epoch/S-none_K-1_C-0_W-20_Col-0/full_eval/batch_summary_viewer.csv,generic_csv,metric_evidence,Parsed from SchrodingerBridge/archives/old_experiment_dirs/grid_search_3epoch/S-none_K-1_C-0_W-20_Col-0/full_eval/batch_summary_viewer.csv
G:/GitHub/Latent_Style,,LANCET/LBM,schrodingerbridge_grid_search,schrodingerbridge_grid_search,,full_eval,,,0.7036632390419642,0.44391127072,0.8280158381466666,,,,,,,,,,,,,3.91,,,SchrodingerBridge/archives/old_experiment_dirs/grid_search_3epoch/S-none_K-1_C-0_W-20_Col-0/full_eval/batch_summary_viewer.csv,generic_csv,metric_evidence,Parsed from SchrodingerBridge/archives/old_experiment_dirs/grid_search_3epoch/S-none_K-1_C-0_W-20_Col-0/full_eval/batch_summary_viewer.csv
G:/GitHub/Latent_Style,,LANCET/LBM,schrodingerbridge_grid_search,schrodingerbridge_grid_search,,full_eval,,,0.703508348663648,0.4426572581466667,0.8262639796399999,,,,,,,,,,,,,3.91,,,SchrodingerBridge/archives/old_experiment_dirs/grid_search_3epoch/S-none_K-1_C-0_W-20_Col-0/full_eval/batch_summary_viewer.csv,generic_csv,metric_evidence,Parsed from SchrodingerBridge/archives/old_experiment_dirs/grid_search_3epoch/S-none_K-1_C-0_W-20_Col-0/full_eval/batch_summary_viewer.csv
G:/GitHub/Latent_Style,,LANCET/LBM,schrodingerbridge_grid_search,schrodingerbridge_grid_search,,full_eval,,,0.7036010053555171,0.44816957577333333,0.8234227672666665,,,,,,,,,,,,,3.91,,,SchrodingerBridge/archives/old_experiment_dirs/grid_search_3epoch/S-none_K-1_C-0_W-20_Col-0/full_eval/batch_summary_viewer.csv,generic_csv,metric_evidence,Parsed from SchrodingerBridge/archives/old_experiment_dirs/grid_search_3epoch/S-none_K-1_C-0_W-20_Col-0/full_eval/batch_summary_viewer.csv
G:/GitHub/Latent_Style,,LANCET/LBM,schrodingerbridge_grid_search,schrodingerbridge_grid_search,,full_eval,,,0.6930531783501307,0.41559552599999994,0.8423574052666667,,,,,,,,,,,,,3.91,,,SchrodingerBridge/archives/old_experiment_dirs/grid_search_3epoch/S-none_K-1_C-0_W-20_Col-15/full_eval/batch_summary.csv,generic_csv,metric_evidence,Parsed from SchrodingerBridge/archives/old_experiment_dirs/grid_search_3epoch/S-none_K-1_C-0_W-20_Col-15/full_eval/batch_summary.csv
G:/GitHub/Latent_Style,,LANCET/LBM,schrodingerbridge_grid_search,schrodingerbridge_grid_search,,full_eval,,,0.6968255446354549,0.4258637981866667,0.8270064838533334,,,,,,,,,,,,,3.91,,,SchrodingerBridge/archives/old_experiment_dirs/grid_search_3epoch/S-none_K-1_C-0_W-20_Col-15/full_eval/batch_summary.csv,generic_csv,metric_evidence,Parsed from SchrodingerBridge/archives/old_experiment_dirs/grid_search_3epoch/S-none_K-1_C-0_W-20_Col-15/full_eval/batch_summary.csv
G:/GitHub/Latent_Style,,LANCET/LBM,schrodingerbridge_grid_search,schrodingerbridge_grid_search,,full_eval,,,0.7054749672412873,0.46594735965333345,0.79716118804,,,,,,,,,,,,,3.91,,,SchrodingerBridge/archives/old_experiment_dirs/grid_search_3epoch/S-none_K-1_C-0_W-20_Col-15/full_eval/batch_summary.csv,generic_csv,metric_evidence,Parsed from SchrodingerBridge/archives/old_experiment_dirs/grid_search_3epoch/S-none_K-1_C-0_W-20_Col-15/full_eval/batch_summary.csv
G:/GitHub/Latent_Style,,LANCET/LBM,schrodingerbridge_grid_search,schrodingerbridge_grid_search,,full_eval,,,0.710381352742513,0.4955969215066666,0.7741512198266666,,,,,,,,,,,,,3.91,,,SchrodingerBridge/archives/old_experiment_dirs/grid_search_3epoch/S-none_K-1_C-0_W-20_Col-15/full_eval/batch_summary.csv,generic_csv,metric_evidence,Parsed from SchrodingerBridge/archives/old_experiment_dirs/grid_search_3epoch/S-none_K-1_C-0_W-20_Col-15/full_eval/batch_summary.csv
G:/GitHub/Latent_Style,,LANCET/LBM,schrodingerbridge_grid_search,schrodingerbridge_grid_search,,full_eval,,,0.7107921185493469,0.5114576284,0.7553713461866666,,,,,,,,,,,,,3.91,,,SchrodingerBridge/archives/old_experiment_dirs/grid_search_3epoch/S-none_K-1_C-0_W-20_Col-15/full_eval/batch_summary.csv,generic_csv,metric_evidence,Parsed from SchrodingerBridge/archives/old_experiment_dirs/grid_search_3epoch/S-none_K-1_C-0_W-20_Col-15/full_eval/batch_summary.csv
G:/GitHub/Latent_Style,,LANCET/LBM,schrodingerbridge_grid_search,schrodingerbridge_grid_search,,full_eval,,,0.7108778852621712,0.5111373474133334,0.7542495101733333,,,,,,,,,,,,,3.91,,,SchrodingerBridge/archives/old_experiment_dirs/grid_search_3epoch/S-none_K-1_C-0_W-20_Col-15/full_eval/batch_summary.csv,generic_csv,metric_evidence,Parsed from SchrodingerBridge/archives/old_experiment_dirs/grid_search_3epoch/S-none_K-1_C-0_W-20_Col-15/full_eval/batch_summary.csv
G:/GitHub/Latent_Style,,LANCET/LBM,schrodingerbridge_grid_search,schrodingerbridge_grid_search,,full_eval,,,0.7119705825249354,0.5271585159066666,0.7386087184266666,,,,,,,,,,,,,3.91,,,SchrodingerBridge/archives/old_experiment_dirs/grid_search_3epoch/S-none_K-1_C-0_W-20_Col-15/full_eval/batch_summary.csv,generic_csv,metric_evidence,Parsed from SchrodingerBridge/archives/old_experiment_dirs/grid_search_3epoch/S-none_K-1_C-0_W-20_Col-15/full_eval/batch_summary.csv
G:/GitHub/Latent_Style,,LANCET/LBM,schrodingerbridge_grid_search,schrodingerbridge_grid_search,,full_eval,,,0.7115642338991164,0.5377391515333333,0.7270846872666665,,,,,,,,,,,,,3.91,,,SchrodingerBridge/archives/old_experiment_dirs/grid_search_3epoch/S-none_K-1_C-0_W-20_Col-15/full_eval/batch_summary.csv,generic_csv,metric_evidence,Parsed from SchrodingerBridge/archives/old_experiment_dirs/grid_search_3epoch/S-none_K-1_C-0_W-20_Col-15/full_eval/batch_summary.csv
G:/GitHub/Latent_Style,,LANCET/LBM,schrodingerbridge_grid_search,schrodingerbridge_grid_search,,full_eval,,,0.6930531783501307,0.41559552599999994,0.8423574052666667,,,,,,,,,,,,,3.91,,,SchrodingerBridge/archives/old_experiment_dirs/grid_search_3epoch/S-none_K-1_C-0_W-20_Col-15/full_eval/batch_summary_viewer.csv,generic_csv,metric_evidence,Parsed from SchrodingerBridge/archives/old_experiment_dirs/grid_search_3epoch/S-none_K-1_C-0_W-20_Col-15/full_eval/batch_summary_viewer.csv
G:/GitHub/Latent_Style,,LANCET/LBM,schrodingerbridge_grid_search,schrodingerbridge_grid_search,,full_eval,,,0.6968255446354549,0.4258637981866667,0.8270064838533334,,,,,,,,,,,,,3.91,,,SchrodingerBridge/archives/old_experiment_dirs/grid_search_3epoch/S-none_K-1_C-0_W-20_Col-15/full_eval/batch_summary_viewer.csv,generic_csv,metric_evidence,Parsed from SchrodingerBridge/archives/old_experiment_dirs/grid_search_3epoch/S-none_K-1_C-0_W-20_Col-15/full_eval/batch_summary_viewer.csv
G:/GitHub/Latent_Style,,LANCET/LBM,schrodingerbridge_grid_search,schrodingerbridge_grid_search,,full_eval,,,0.7054749672412873,0.46594735965333345,0.79716118804,,,,,,,,,,,,,3.91,,,SchrodingerBridge/archives/old_experiment_dirs/grid_search_3epoch/S-none_K-1_C-0_W-20_Col-15/full_eval/batch_summary_viewer.csv,generic_csv,metric_evidence,Parsed from SchrodingerBridge/archives/old_experiment_dirs/grid_search_3epoch/S-none_K-1_C-0_W-20_Col-15/full_eval/batch_summary_viewer.csv
G:/GitHub/Latent_Style,,LANCET/LBM,schrodingerbridge_grid_search,schrodingerbridge_grid_search,,full_eval,,,0.710381352742513,0.4955969215066666,0.7741512198266666,,,,,,,,,,,,,3.91,,,SchrodingerBridge/archives/old_experiment_dirs/grid_search_3epoch/S-none_K-1_C-0_W-20_Col-15/full_eval/batch_summary_viewer.csv,generic_csv,metric_evidence,Parsed from SchrodingerBridge/archives/old_experiment_dirs/grid_search_3epoch/S-none_K-1_C-0_W-20_Col-15/full_eval/batch_summary_viewer.csv
G:/GitHub/Latent_Style,,LANCET/LBM,schrodingerbridge_grid_search,schrodingerbridge_grid_search,,full_eval,,,0.7107921185493469,0.5114576284,0.7553713461866666,,,,,,,,,,,,,3.91,,,SchrodingerBridge/archives/old_experiment_dirs/grid_search_3epoch/S-none_K-1_C-0_W-20_Col-15/full_eval/batch_summary_viewer.csv,generic_csv,metric_evidence,Parsed from SchrodingerBridge/archives/old_experiment_dirs/grid_search_3epoch/S-none_K-1_C-0_W-20_Col-15/full_eval/batch_summary_viewer.csv
G:/GitHub/Latent_Style,,LANCET/LBM,schrodingerbridge_grid_search,schrodingerbridge_grid_search,,full_eval,,,0.7108778852621712,0.5111373474133334,0.7542495101733333,,,,,,,,,,,,,3.91,,,SchrodingerBridge/archives/old_experiment_dirs/grid_search_3epoch/S-none_K-1_C-0_W-20_Col-15/full_eval/batch_summary_viewer.csv,generic_csv,metric_evidence,Parsed from SchrodingerBridge/archives/old_experiment_dirs/grid_search_3epoch/S-none_K-1_C-0_W-20_Col-15/full_eval/batch_summary_viewer.csv
G:/GitHub/Latent_Style,,LANCET/LBM,schrodingerbridge_grid_search,schrodingerbridge_grid_search,,full_eval,,,0.7119705825249354,0.5271585159066666,0.7386087184266666,,,,,,,,,,,,,3.91,,,SchrodingerBridge/archives/old_experiment_dirs/grid_search_3epoch/S-none_K-1_C-0_W-20_Col-15/full_eval/batch_summary_viewer.csv,generic_csv,metric_evidence,Parsed from SchrodingerBridge/archives/old_experiment_dirs/grid_search_3epoch/S-none_K-1_C-0_W-20_Col-15/full_eval/batch_summary_viewer.csv
G:/GitHub/Latent_Style,,LANCET/LBM,schrodingerbridge_grid_search,schrodingerbridge_grid_search,,full_eval,,,0.7115642338991164,0.5377391515333333,0.7270846872666665,,,,,,,,,,,,,3.91,,,SchrodingerBridge/archives/old_experiment_dirs/grid_search_3epoch/S-none_K-1_C-0_W-20_Col-15/full_eval/batch_summary_viewer.csv,generic_csv,metric_evidence,Parsed from SchrodingerBridge/archives/old_experiment_dirs/grid_search_3epoch/S-none_K-1_C-0_W-20_Col-15/full_eval/batch_summary_viewer.csv
G:/GitHub/Latent_Style,,LANCET/LBM,schrodingerbridge_grid_search,schrodingerbridge_grid_search,,full_eval,,,0.6791756596962611,0.3437717555466666,0.89463987784,,,,,,,,,,,,,3.91,,,SchrodingerBridge/archives/old_experiment_dirs/grid_search_3epoch/S-none_K-1_C-2_W-10_Col-0/full_eval/batch_summary.csv,generic_csv,metric_evidence,Parsed from SchrodingerBridge/archives/old_experiment_dirs/grid_search_3epoch/S-none_K-1_C-2_W-10_Col-0/full_eval/batch_summary.csv
G:/GitHub/Latent_Style,,LANCET/LBM,schrodingerbridge_grid_search,schrodingerbridge_grid_search,,full_eval,,,0.6803116980791092,0.33484635817333336,0.8970024564800001,,,,,,,,,,,,,3.91,,,SchrodingerBridge/archives/old_experiment_dirs/grid_search_3epoch/S-none_K-1_C-2_W-10_Col-0/full_eval/batch_summary.csv,generic_csv,metric_evidence,Parsed from SchrodingerBridge/archives/old_experiment_dirs/grid_search_3epoch/S-none_K-1_C-2_W-10_Col-0/full_eval/batch_summary.csv
G:/GitHub/Latent_Style,,LANCET/LBM,schrodingerbridge_grid_search,schrodingerbridge_grid_search,,full_eval,,,0.6833322610855102,0.3475327061466667,0.89344127388,,,,,,,,,,,,,3.91,,,SchrodingerBridge/archives/old_experiment_dirs/grid_search_3epoch/S-none_K-1_C-2_W-10_Col-0/full_eval/batch_summary.csv,generic_csv,metric_evidence,Parsed from SchrodingerBridge/archives/old_experiment_dirs/grid_search_3epoch/S-none_K-1_C-2_W-10_Col-0/full_eval/batch_summary.csv
G:/GitHub/Latent_Style,,LANCET/LBM,schrodingerbridge_grid_search,schrodingerbridge_grid_search,,full_eval,,,0.6840415480534235,0.34540414403999997,0.8932473793866668,,,,,,,,,,,,,3.91,,,SchrodingerBridge/archives/old_experiment_dirs/grid_search_3epoch/S-none_K-1_C-2_W-10_Col-0/full_eval/batch_summary.csv,generic_csv,metric_evidence,Parsed from SchrodingerBridge/archives/old_experiment_dirs/grid_search_3epoch/S-none_K-1_C-2_W-10_Col-0/full_eval/batch_summary.csv
G:/GitHub/Latent_Style,,LANCET/LBM,schrodingerbridge_grid_search,schrodingerbridge_grid_search,,full_eval,,,0.6879258578221004,0.3585361374266667,0.8844341242666667,,,,,,,,,,,,,3.91,,,SchrodingerBridge/archives/old_experiment_dirs/grid_search_3epoch/S-none_K-1_C-2_W-10_Col-0/full_eval/batch_summary.csv,generic_csv,metric_evidence,Parsed from SchrodingerBridge/archives/old_experiment_dirs/grid_search_3epoch/S-none_K-1_C-2_W-10_Col-0/full_eval/batch_summary.csv
G:/GitHub/Latent_Style,,LANCET/LBM,schrodingerbridge_grid_search,schrodingerbridge_grid_search,,full_eval,,,0.6923034940560661,0.3667382599466667,0.8807414905333333,,,,,,,,,,,,,3.91,,,SchrodingerBridge/archives/old_experiment_dirs/grid_search_3epoch/S-none_K-1_C-2_W-10_Col-0/full_eval/batch_summary.csv,generic_csv,metric_evidence,Parsed from SchrodingerBridge/archives/old_experiment_dirs/grid_search_3epoch/S-none_K-1_C-2_W-10_Col-0/full_eval/batch_summary.csv
G:/GitHub/Latent_Style,,LANCET/LBM,schrodingerbridge_grid_search,schrodingerbridge_grid_search,,full_eval,,,0.6928386456171671,0.3738216468,0.8769764287066667,,,,,,,,,,,,,3.91,,,SchrodingerBridge/archives/old_experiment_dirs/grid_search_3epoch/S-none_K-1_C-2_W-10_Col-0/full_eval/batch_summary.csv,generic_csv,metric_evidence,Parsed from SchrodingerBridge/archives/old_experiment_dirs/grid_search_3epoch/S-none_K-1_C-2_W-10_Col-0/full_eval/batch_summary.csv
G:/GitHub/Latent_Style,,LANCET/LBM,schrodingerbridge_grid_search,schrodingerbridge_grid_search,,full_eval,,,0.6916385562022527,0.3761741376133333,0.8742055092400001,,,,,,,,,,,,,3.91,,,SchrodingerBridge/archives/old_experiment_dirs/grid_search_3epoch/S-none_K-1_C-2_W-10_Col-0/full_eval/batch_summary.csv,generic_csv,metric_evidence,Parsed from SchrodingerBridge/archives/old_experiment_dirs/grid_search_3epoch/S-none_K-1_C-2_W-10_Col-0/full_eval/batch_summary.csv
G:/GitHub/Latent_Style,,LANCET/LBM,schrodingerbridge_grid_search,schrodingerbridge_grid_search,,full_eval,,,0.6791756596962611,0.3437717555466666,0.89463987784,,,,,,,,,,,,,3.91,,,SchrodingerBridge/archives/old_experiment_dirs/grid_search_3epoch/S-none_K-1_C-2_W-10_Col-0/full_eval/batch_summary_viewer.csv,generic_csv,metric_evidence,Parsed from SchrodingerBridge/archives/old_experiment_dirs/grid_search_3epoch/S-none_K-1_C-2_W-10_Col-0/full_eval/batch_summary_viewer.csv
G:/GitHub/Latent_Style,,LANCET/LBM,schrodingerbridge_grid_search,schrodingerbridge_grid_search,,full_eval,,,0.6803116980791092,0.33484635817333336,0.8970024564800001,,,,,,,,,,,,,3.91,,,SchrodingerBridge/archives/old_experiment_dirs/grid_search_3epoch/S-none_K-1_C-2_W-10_Col-0/full_eval/batch_summary_viewer.csv,generic_csv,metric_evidence,Parsed from SchrodingerBridge/archives/old_experiment_dirs/grid_search_3epoch/S-none_K-1_C-2_W-10_Col-0/full_eval/batch_summary_viewer.csv
G:/GitHub/Latent_Style,,LANCET/LBM,schrodingerbridge_grid_search,schrodingerbridge_grid_search,,full_eval,,,0.6833322610855102,0.3475327061466667,0.89344127388,,,,,,,,,,,,,3.91,,,SchrodingerBridge/archives/old_experiment_dirs/grid_search_3epoch/S-none_K-1_C-2_W-10_Col-0/full_eval/batch_summary_viewer.csv,generic_csv,metric_evidence,Parsed from SchrodingerBridge/archives/old_experiment_dirs/grid_search_3epoch/S-none_K-1_C-2_W-10_Col-0/full_eval/batch_summary_viewer.csv
G:/GitHub/Latent_Style,,LANCET/LBM,schrodingerbridge_grid_search,schrodingerbridge_grid_search,,full_eval,,,0.6840415480534235,0.34540414403999997,0.8932473793866668,,,,,,,,,,,,,3.91,,,SchrodingerBridge/archives/old_experiment_dirs/grid_search_3epoch/S-none_K-1_C-2_W-10_Col-0/full_eval/batch_summary_viewer.csv,generic_csv,metric_evidence,Parsed from SchrodingerBridge/archives/old_experiment_dirs/grid_search_3epoch/S-none_K-1_C-2_W-10_Col-0/full_eval/batch_summary_viewer.csv
G:/GitHub/Latent_Style,,LANCET/LBM,schrodingerbridge_grid_search,schrodingerbridge_grid_search,,full_eval,,,0.6879258578221004,0.3585361374266667,0.8844341242666667,,,,,,,,,,,,,3.91,,,SchrodingerBridge/archives/old_experiment_dirs/grid_search_3epoch/S-none_K-1_C-2_W-10_Col-0/full_eval/batch_summary_viewer.csv,generic_csv,metric_evidence,Parsed from SchrodingerBridge/archives/old_experiment_dirs/grid_search_3epoch/S-none_K-1_C-2_W-10_Col-0/full_eval/batch_summary_viewer.csv
G:/GitHub/Latent_Style,,LANCET/LBM,schrodingerbridge_grid_search,schrodingerbridge_grid_search,,full_eval,,,0.6923034940560661,0.3667382599466667,0.8807414905333333,,,,,,,,,,,,,3.91,,,SchrodingerBridge/archives/old_experiment_dirs/grid_search_3epoch/S-none_K-1_C-2_W-10_Col-0/full_eval/batch_summary_viewer.csv,generic_csv,metric_evidence,Parsed from SchrodingerBridge/archives/old_experiment_dirs/grid_search_3epoch/S-none_K-1_C-2_W-10_Col-0/full_eval/batch_summary_viewer.csv
G:/GitHub/Latent_Style,,LANCET/LBM,schrodingerbridge_grid_search,schrodingerbridge_grid_search,,full_eval,,,0.6928386456171671,0.3738216468,0.8769764287066667,,,,,,,,,,,,,3.91,,,SchrodingerBridge/archives/old_experiment_dirs/grid_search_3epoch/S-none_K-1_C-2_W-10_Col-0/full_eval/batch_summary_viewer.csv,generic_csv,metric_evidence,Parsed from SchrodingerBridge/archives/old_experiment_dirs/grid_search_3epoch/S-none_K-1_C-2_W-10_Col-0/full_eval/batch_summary_viewer.csv
G:/GitHub/Latent_Style,,LANCET/LBM,schrodingerbridge_grid_search,schrodingerbridge_grid_search,,full_eval,,,0.6916385562022527,0.3761741376133333,0.8742055092400001,,,,,,,,,,,,,3.91,,,SchrodingerBridge/archives/old_experiment_dirs/grid_search_3epoch/S-none_K-1_C-2_W-10_Col-0/full_eval/batch_summary_viewer.csv,generic_csv,metric_evidence,Parsed from SchrodingerBridge/archives/old_experiment_dirs/grid_search_3epoch/S-none_K-1_C-2_W-10_Col-0/full_eval/batch_summary_viewer.csv
G:/GitHub/Latent_Style,,LANCET/LBM,schrodingerbridge_grid_search,schrodingerbridge_grid_search,,full_eval,,,0.6928154867490133,0.4204509115333333,0.8474399937466667,,,,,,,,,,,,,3.91,,,SchrodingerBridge/archives/old_experiment_dirs/grid_search_3epoch/S-none_K-1_C-2_W-10_Col-15/full_eval/batch_summary.csv,generic_csv,metric_evidence,Parsed from SchrodingerBridge/archives/old_experiment_dirs/grid_search_3epoch/S-none_K-1_C-2_W-10_Col-15/full_eval/batch_summary.csv
G:/GitHub/Latent_Style,,LANCET/LBM,schrodingerbridge_grid_search,schrodingerbridge_grid_search,,full_eval,,,0.6956793603102366,0.42790837356,0.8422451655600001,,,,,,,,,,,,,3.91,,,SchrodingerBridge/archives/old_experiment_dirs/grid_search_3epoch/S-none_K-1_C-2_W-10_Col-15/full_eval/batch_summary.csv,generic_csv,metric_evidence,Parsed from SchrodingerBridge/archives/old_experiment_dirs/grid_search_3epoch/S-none_K-1_C-2_W-10_Col-15/full_eval/batch_summary.csv
G:/GitHub/Latent_Style,,LANCET/LBM,schrodingerbridge_grid_search,schrodingerbridge_grid_search,,full_eval,,,0.6954849552710851,0.41633475692,0.8482577903466667,,,,,,,,,,,,,3.91,,,SchrodingerBridge/archives/old_experiment_dirs/grid_search_3epoch/S-none_K-1_C-2_W-10_Col-15/full_eval/batch_summary.csv,generic_csv,metric_evidence,Parsed from SchrodingerBridge/archives/old_experiment_dirs/grid_search_3epoch/S-none_K-1_C-2_W-10_Col-15/full_eval/batch_summary.csv
G:/GitHub/Latent_Style,,LANCET/LBM,schrodingerbridge_grid_search,schrodingerbridge_grid_search,,full_eval,,,0.6972797037363052,0.43361979900000003,0.8353629013333332,,,,,,,,,,,,,3.91,,,SchrodingerBridge/archives/old_experiment_dirs/grid_search_3epoch/S-none_K-1_C-2_W-10_Col-15/full_eval/batch_summary.csv,generic_csv,metric_evidence,Parsed from SchrodingerBridge/archives/old_experiment_dirs/grid_search_3epoch/S-none_K-1_C-2_W-10_Col-15/full_eval/batch_summary.csv
G:/GitHub/Latent_Style,,LANCET/LBM,schrodingerbridge_grid_search,schrodingerbridge_grid_search,,full_eval,,,0.7000022836128871,0.44283119919999997,0.8249120597333333,,,,,,,,,,,,,3.91,,,SchrodingerBridge/archives/old_experiment_dirs/grid_search_3epoch/S-none_K-1_C-2_W-10_Col-15/full_eval/batch_summary.csv,generic_csv,metric_evidence,Parsed from SchrodingerBridge/archives/old_experiment_dirs/grid_search_3epoch/S-none_K-1_C-2_W-10_Col-15/full_eval/batch_summary.csv
G:/GitHub/Latent_Style,,LANCET/LBM,schrodingerbridge_grid_search,schrodingerbridge_grid_search,,full_eval,,,0.7002378986279169,0.4449626609866666,0.8218807128533334,,,,,,,,,,,,,3.91,,,SchrodingerBridge/archives/old_experiment_dirs/grid_search_3epoch/S-none_K-1_C-2_W-10_Col-15/full_eval/batch_summary.csv,generic_csv,metric_evidence,Parsed from SchrodingerBridge/archives/old_experiment_dirs/grid_search_3epoch/S-none_K-1_C-2_W-10_Col-15/full_eval/batch_summary.csv
G:/GitHub/Latent_Style,,LANCET/LBM,schrodingerbridge_grid_search,schrodingerbridge_grid_search,,full_eval,,,0.7021440569162368,0.4504102766266667,0.81854633248,,,,,,,,,,,,,3.91,,,SchrodingerBridge/archives/old_experiment_dirs/grid_search_3epoch/S-none_K-1_C-2_W-10_Col-15/full_eval/batch_summary.csv,generic_csv,metric_evidence,Parsed from SchrodingerBridge/archives/old_experiment_dirs/grid_search_3epoch/S-none_K-1_C-2_W-10_Col-15/full_eval/batch_summary.csv
G:/GitHub/Latent_Style,,LANCET/LBM,schrodingerbridge_grid_search,schrodingerbridge_grid_search,,full_eval,,,0.7026374373435975,0.45572844742666674,0.8124737932400001,,,,,,,,,,,,,3.91,,,SchrodingerBridge/archives/old_experiment_dirs/grid_search_3epoch/S-none_K-1_C-2_W-10_Col-15/full_eval/batch_summary.csv,generic_csv,metric_evidence,Parsed from SchrodingerBridge/archives/old_experiment_dirs/grid_search_3epoch/S-none_K-1_C-2_W-10_Col-15/full_eval/batch_summary.csv
G:/GitHub/Latent_Style,,LANCET/LBM,schrodingerbridge_grid_search,schrodingerbridge_grid_search,,full_eval,,,0.6928154867490133,0.4204509115333333,0.8474399937466667,,,,,,,,,,,,,3.91,,,SchrodingerBridge/archives/old_experiment_dirs/grid_search_3epoch/S-none_K-1_C-2_W-10_Col-15/full_eval/batch_summary_viewer.csv,generic_csv,metric_evidence,Parsed from SchrodingerBridge/archives/old_experiment_dirs/grid_search_3epoch/S-none_K-1_C-2_W-10_Col-15/full_eval/batch_summary_viewer.csv
G:/GitHub/Latent_Style,,LANCET/LBM,schrodingerbridge_grid_search,schrodingerbridge_grid_search,,full_eval,,,0.6956793603102366,0.42790837356,0.8422451655600001,,,,,,,,,,,,,3.91,,,SchrodingerBridge/archives/old_experiment_dirs/grid_search_3epoch/S-none_K-1_C-2_W-10_Col-15/full_eval/batch_summary_viewer.csv,generic_csv,metric_evidence,Parsed from SchrodingerBridge/archives/old_experiment_dirs/grid_search_3epoch/S-none_K-1_C-2_W-10_Col-15/full_eval/batch_summary_viewer.csv
G:/GitHub/Latent_Style,,LANCET/LBM,schrodingerbridge_grid_search,schrodingerbridge_grid_search,,full_eval,,,0.6954849552710851,0.41633475692,0.8482577903466667,,,,,,,,,,,,,3.91,,,SchrodingerBridge/archives/old_experiment_dirs/grid_search_3epoch/S-none_K-1_C-2_W-10_Col-15/full_eval/batch_summary_viewer.csv,generic_csv,metric_evidence,Parsed from SchrodingerBridge/archives/old_experiment_dirs/grid_search_3epoch/S-none_K-1_C-2_W-10_Col-15/full_eval/batch_summary_viewer.csv
G:/GitHub/Latent_Style,,LANCET/LBM,schrodingerbridge_grid_search,schrodingerbridge_grid_search,,full_eval,,,0.6972797037363052,0.43361979900000003,0.8353629013333332,,,,,,,,,,,,,3.91,,,SchrodingerBridge/archives/old_experiment_dirs/grid_search_3epoch/S-none_K-1_C-2_W-10_Col-15/full_eval/batch_summary_viewer.csv,generic_csv,metric_evidence,Parsed from SchrodingerBridge/archives/old_experiment_dirs/grid_search_3epoch/S-none_K-1_C-2_W-10_Col-15/full_eval/batch_summary_viewer.csv
G:/GitHub/Latent_Style,,LANCET/LBM,schrodingerbridge_grid_search,schrodingerbridge_grid_search,,full_eval,,,0.7000022836128871,0.44283119919999997,0.8249120597333333,,,,,,,,,,,,,3.91,,,SchrodingerBridge/archives/old_experiment_dirs/grid_search_3epoch/S-none_K-1_C-2_W-10_Col-15/full_eval/batch_summary_viewer.csv,generic_csv,metric_evidence,Parsed from SchrodingerBridge/archives/old_experiment_dirs/grid_search_3epoch/S-none_K-1_C-2_W-10_Col-15/full_eval/batch_summary_viewer.csv
G:/GitHub/Latent_Style,,LANCET/LBM,schrodingerbridge_grid_search,schrodingerbridge_grid_search,,full_eval,,,0.7002378986279169,0.4449626609866666,0.8218807128533334,,,,,,,,,,,,,3.91,,,SchrodingerBridge/archives/old_experiment_dirs/grid_search_3epoch/S-none_K-1_C-2_W-10_Col-15/full_eval/batch_summary_viewer.csv,generic_csv,metric_evidence,Parsed from SchrodingerBridge/archives/old_experiment_dirs/grid_search_3epoch/S-none_K-1_C-2_W-10_Col-15/full_eval/batch_summary_viewer.csv
G:/GitHub/Latent_Style,,LANCET/LBM,schrodingerbridge_grid_search,schrodingerbridge_grid_search,,full_eval,,,0.7021440569162368,0.4504102766266667,0.81854633248,,,,,,,,,,,,,3.91,,,SchrodingerBridge/archives/old_experiment_dirs/grid_search_3epoch/S-none_K-1_C-2_W-10_Col-15/full_eval/batch_summary_viewer.csv,generic_csv,metric_evidence,Parsed from SchrodingerBridge/archives/old_experiment_dirs/grid_search_3epoch/S-none_K-1_C-2_W-10_Col-15/full_eval/batch_summary_viewer.csv
G:/GitHub/Latent_Style,,LANCET/LBM,schrodingerbridge_grid_search,schrodingerbridge_grid_search,,full_eval,,,0.7026374373435975,0.45572844742666674,0.8124737932400001,,,,,,,,,,,,,3.91,,,SchrodingerBridge/archives/old_experiment_dirs/grid_search_3epoch/S-none_K-1_C-2_W-10_Col-15/full_eval/batch_summary_viewer.csv,generic_csv,metric_evidence,Parsed from SchrodingerBridge/archives/old_experiment_dirs/grid_search_3epoch/S-none_K-1_C-2_W-10_Col-15/full_eval/batch_summary_viewer.csv
G:/GitHub/Latent_Style,,LANCET/LBM,schrodingerbridge_grid_search,schrodingerbridge_grid_search,,full_eval,,,0.6853178857962291,0.374015653,0.8861697530399999,,,,,,,,,,,,,3.91,,,SchrodingerBridge/archives/old_experiment_dirs/grid_search_3epoch/S-none_K-1_C-2_W-20_Col-0/full_eval/batch_summary.csv,generic_csv,metric_evidence,Parsed from SchrodingerBridge/archives/old_experiment_dirs/grid_search_3epoch/S-none_K-1_C-2_W-20_Col-0/full_eval/batch_summary.csv
G:/GitHub/Latent_Style,,LANCET/LBM,schrodingerbridge_grid_search,schrodingerbridge_grid_search,,full_eval,,,0.6876621357599894,0.35596933526666674,0.8924942808799998,,,,,,,,,,,,,3.91,,,SchrodingerBridge/archives/old_experiment_dirs/grid_search_3epoch/S-none_K-1_C-2_W-20_Col-0/full_eval/batch_summary.csv,generic_csv,metric_evidence,Parsed from SchrodingerBridge/archives/old_experiment_dirs/grid_search_3epoch/S-none_K-1_C-2_W-20_Col-0/full_eval/batch_summary.csv
G:/GitHub/Latent_Style,,LANCET/LBM,schrodingerbridge_grid_search,schrodingerbridge_grid_search,,full_eval,,,0.6896911065975825,0.35915261089333333,0.8899467419466667,,,,,,,,,,,,,3.91,,,SchrodingerBridge/archives/old_experiment_dirs/grid_search_3epoch/S-none_K-1_C-2_W-20_Col-0/full_eval/batch_summary.csv,generic_csv,metric_evidence,Parsed from SchrodingerBridge/archives/old_experiment_dirs/grid_search_3epoch/S-none_K-1_C-2_W-20_Col-0/full_eval/batch_summary.csv
G:/GitHub/Latent_Style,,LANCET/LBM,schrodingerbridge_grid_search,schrodingerbridge_grid_search,,full_eval,,,0.6950544236501058,0.38416233693333324,0.8740866404133333,,,,,,,,,,,,,3.91,,,SchrodingerBridge/archives/old_experiment_dirs/grid_search_3epoch/S-none_K-1_C-2_W-20_Col-0/full_eval/batch_summary.csv,generic_csv,metric_evidence,Parsed from SchrodingerBridge/archives/old_experiment_dirs/grid_search_3epoch/S-none_K-1_C-2_W-20_Col-0/full_eval/batch_summary.csv
G:/GitHub/Latent_Style,,LANCET/LBM,schrodingerbridge_grid_search,schrodingerbridge_grid_search,,full_eval,,,0.6993057808876038,0.4007170869733333,0.8650851264400002,,,,,,,,,,,,,3.91,,,SchrodingerBridge/archives/old_experiment_dirs/grid_search_3epoch/S-none_K-1_C-2_W-20_Col-0/full_eval/batch_summary.csv,generic_csv,metric_evidence,Parsed from SchrodingerBridge/archives/old_experiment_dirs/grid_search_3epoch/S-none_K-1_C-2_W-20_Col-0/full_eval/batch_summary.csv
G:/GitHub/Latent_Style,,LANCET/LBM,schrodingerbridge_grid_search,schrodingerbridge_grid_search,,full_eval,,,0.7008365405400593,0.4109163046933333,0.8604854817466666,,,,,,,,,,,,,3.91,,,SchrodingerBridge/archives/old_experiment_dirs/grid_search_3epoch/S-none_K-1_C-2_W-20_Col-0/full_eval/batch_summary.csv,generic_csv,metric_evidence,Parsed from SchrodingerBridge/archives/old_experiment_dirs/grid_search_3epoch/S-none_K-1_C-2_W-20_Col-0/full_eval/batch_summary.csv
G:/GitHub/Latent_Style,,LANCET/LBM,schrodingerbridge_grid_search,schrodingerbridge_grid_search,,full_eval,,,0.7000377620458603,0.41088035610666673,0.8579212507999999,,,,,,,,,,,,,3.91,,,SchrodingerBridge/archives/old_experiment_dirs/grid_search_3epoch/S-none_K-1_C-2_W-20_Col-0/full_eval/batch_summary.csv,generic_csv,metric_evidence,Parsed from SchrodingerBridge/archives/old_experiment_dirs/grid_search_3epoch/S-none_K-1_C-2_W-20_Col-0/full_eval/batch_summary.csv
G:/GitHub/Latent_Style,,LANCET/LBM,schrodingerbridge_grid_search,schrodingerbridge_grid_search,,full_eval,,,0.6993441187143326,0.40553647231999995,0.8582730821200001,,,,,,,,,,,,,3.91,,,SchrodingerBridge/archives/old_experiment_dirs/grid_search_3epoch/S-none_K-1_C-2_W-20_Col-0/full_eval/batch_summary.csv,generic_csv,metric_evidence,Parsed from SchrodingerBridge/archives/old_experiment_dirs/grid_search_3epoch/S-none_K-1_C-2_W-20_Col-0/full_eval/batch_summary.csv
G:/GitHub/Latent_Style,,LANCET/LBM,schrodingerbridge_grid_search,schrodingerbridge_grid_search,,full_eval,,,0.6853178857962291,0.374015653,0.8861697530399999,,,,,,,,,,,,,3.91,,,SchrodingerBridge/archives/old_experiment_dirs/grid_search_3epoch/S-none_K-1_C-2_W-20_Col-0/full_eval/batch_summary_viewer.csv,generic_csv,metric_evidence,Parsed from SchrodingerBridge/archives/old_experiment_dirs/grid_search_3epoch/S-none_K-1_C-2_W-20_Col-0/full_eval/batch_summary_viewer.csv
G:/GitHub/Latent_Style,,LANCET/LBM,schrodingerbridge_grid_search,schrodingerbridge_grid_search,,full_eval,,,0.6876621357599894,0.35596933526666674,0.8924942808799998,,,,,,,,,,,,,3.91,,,SchrodingerBridge/archives/old_experiment_dirs/grid_search_3epoch/S-none_K-1_C-2_W-20_Col-0/full_eval/batch_summary_viewer.csv,generic_csv,metric_evidence,Parsed from SchrodingerBridge/archives/old_experiment_dirs/grid_search_3epoch/S-none_K-1_C-2_W-20_Col-0/full_eval/batch_summary_viewer.csv
G:/GitHub/Latent_Style,,LANCET/LBM,schrodingerbridge_grid_search,schrodingerbridge_grid_search,,full_eval,,,0.6896911065975825,0.35915261089333333,0.8899467419466667,,,,,,,,,,,,,3.91,,,SchrodingerBridge/archives/old_experiment_dirs/grid_search_3epoch/S-none_K-1_C-2_W-20_Col-0/full_eval/batch_summary_viewer.csv,generic_csv,metric_evidence,Parsed from SchrodingerBridge/archives/old_experiment_dirs/grid_search_3epoch/S-none_K-1_C-2_W-20_Col-0/full_eval/batch_summary_viewer.csv
G:/GitHub/Latent_Style,,LANCET/LBM,schrodingerbridge_grid_search,schrodingerbridge_grid_search,,full_eval,,,0.6950544236501058,0.38416233693333324,0.8740866404133333,,,,,,,,,,,,,3.91,,,SchrodingerBridge/archives/old_experiment_dirs/grid_search_3epoch/S-none_K-1_C-2_W-20_Col-0/full_eval/batch_summary_viewer.csv,generic_csv,metric_evidence,Parsed from SchrodingerBridge/archives/old_experiment_dirs/grid_search_3epoch/S-none_K-1_C-2_W-20_Col-0/full_eval/batch_summary_viewer.csv
G:/GitHub/Latent_Style,,LANCET/LBM,schrodingerbridge_grid_search,schrodingerbridge_grid_search,,full_eval,,,0.6993057808876038,0.4007170869733333,0.8650851264400002,,,,,,,,,,,,,3.91,,,SchrodingerBridge/archives/old_experiment_dirs/grid_search_3epoch/S-none_K-1_C-2_W-20_Col-0/full_eval/batch_summary_viewer.csv,generic_csv,metric_evidence,Parsed from SchrodingerBridge/archives/old_experiment_dirs/grid_search_3epoch/S-none_K-1_C-2_W-20_Col-0/full_eval/batch_summary_viewer.csv
G:/GitHub/Latent_Style,,LANCET/LBM,schrodingerbridge_grid_search,schrodingerbridge_grid_search,,full_eval,,,0.7008365405400593,0.4109163046933333,0.8604854817466666,,,,,,,,,,,,,3.91,,,SchrodingerBridge/archives/old_experiment_dirs/grid_search_3epoch/S-none_K-1_C-2_W-20_Col-0/full_eval/batch_summary_viewer.csv,generic_csv,metric_evidence,Parsed from SchrodingerBridge/archives/old_experiment_dirs/grid_search_3epoch/S-none_K-1_C-2_W-20_Col-0/full_eval/batch_summary_viewer.csv
G:/GitHub/Latent_Style,,LANCET/LBM,schrodingerbridge_grid_search,schrodingerbridge_grid_search,,full_eval,,,0.7000377620458603,0.41088035610666673,0.8579212507999999,,,,,,,,,,,,,3.91,,,SchrodingerBridge/archives/old_experiment_dirs/grid_search_3epoch/S-none_K-1_C-2_W-20_Col-0/full_eval/batch_summary_viewer.csv,generic_csv,metric_evidence,Parsed from SchrodingerBridge/archives/old_experiment_dirs/grid_search_3epoch/S-none_K-1_C-2_W-20_Col-0/full_eval/batch_summary_viewer.csv
G:/GitHub/Latent_Style,,LANCET/LBM,schrodingerbridge_grid_search,schrodingerbridge_grid_search,,full_eval,,,0.6993441187143326,0.40553647231999995,0.8582730821200001,,,,,,,,,,,,,3.91,,,SchrodingerBridge/archives/old_experiment_dirs/grid_search_3epoch/S-none_K-1_C-2_W-20_Col-0/full_eval/batch_summary_viewer.csv,generic_csv,metric_evidence,Parsed from SchrodingerBridge/archives/old_experiment_dirs/grid_search_3epoch/S-none_K-1_C-2_W-20_Col-0/full_eval/batch_summary_viewer.csv
G:/GitHub/Latent_Style,,LANCET/LBM,schrodingerbridge_grid_search,schrodingerbridge_grid_search,,full_eval,,,0.6910640451113383,0.40764151264000004,0.8611894662133333,,,,,,,,,,,,,3.91,,,SchrodingerBridge/archives/old_experiment_dirs/grid_search_3epoch/S-none_K-1_C-2_W-20_Col-15/full_eval/batch_summary.csv,generic_csv,metric_evidence,Parsed from SchrodingerBridge/archives/old_experiment_dirs/grid_search_3epoch/S-none_K-1_C-2_W-20_Col-15/full_eval/batch_summary.csv
G:/GitHub/Latent_Style,,LANCET/LBM,schrodingerbridge_grid_search,schrodingerbridge_grid_search,,full_eval,,,0.6904279443820317,0.4010439067333333,0.8546620576666666,,,,,,,,,,,,,3.91,,,SchrodingerBridge/archives/old_experiment_dirs/grid_search_3epoch/S-none_K-1_C-2_W-20_Col-15/full_eval/batch_summary.csv,generic_csv,metric_evidence,Parsed from SchrodingerBridge/archives/old_experiment_dirs/grid_search_3epoch/S-none_K-1_C-2_W-20_Col-15/full_eval/batch_summary.csv
G:/GitHub/Latent_Style,,LANCET/LBM,schrodingerbridge_grid_search,schrodingerbridge_grid_search,,full_eval,,,0.6953356159528096,0.41414736426666665,0.8463409296666667,,,,,,,,,,,,,3.91,,,SchrodingerBridge/archives/old_experiment_dirs/grid_search_3epoch/S-none_K-1_C-2_W-20_Col-15/full_eval/batch_summary.csv,generic_csv,metric_evidence,Parsed from SchrodingerBridge/archives/old_experiment_dirs/grid_search_3epoch/S-none_K-1_C-2_W-20_Col-15/full_eval/batch_summary.csv
G:/GitHub/Latent_Style,,LANCET/LBM,schrodingerbridge_grid_search,schrodingerbridge_grid_search,,full_eval,,,0.6989987538655599,0.43085639101333334,0.8366320191733333,,,,,,,,,,,,,3.91,,,SchrodingerBridge/archives/old_experiment_dirs/grid_search_3epoch/S-none_K-1_C-2_W-20_Col-15/full_eval/batch_summary.csv,generic_csv,metric_evidence,Parsed from SchrodingerBridge/archives/old_experiment_dirs/grid_search_3epoch/S-none_K-1_C-2_W-20_Col-15/full_eval/batch_summary.csv
G:/GitHub/Latent_Style,,LANCET/LBM,schrodingerbridge_grid_search,schrodingerbridge_grid_search,,full_eval,,,0.7016601243813833,0.44600950881333334,0.8210672007333332,,,,,,,,,,,,,3.91,,,SchrodingerBridge/archives/old_experiment_dirs/grid_search_3epoch/S-none_K-1_C-2_W-20_Col-15/full_eval/batch_summary.csv,generic_csv,metric_evidence,Parsed from SchrodingerBridge/archives/old_experiment_dirs/grid_search_3epoch/S-none_K-1_C-2_W-20_Col-15/full_eval/batch_summary.csv
G:/GitHub/Latent_Style,,LANCET/LBM,schrodingerbridge_grid_search,schrodingerbridge_grid_search,,full_eval,,,0.7035169348716737,0.4506474474666667,0.8174549576666668,,,,,,,,,,,,,3.91,,,SchrodingerBridge/archives/old_experiment_dirs/grid_search_3epoch/S-none_K-1_C-2_W-20_Col-15/full_eval/batch_summary.csv,generic_csv,metric_evidence,Parsed from SchrodingerBridge/archives/old_experiment_dirs/grid_search_3epoch/S-none_K-1_C-2_W-20_Col-15/full_eval/batch_summary.csv
G:/GitHub/Latent_Style,,LANCET/LBM,schrodingerbridge_grid_search,schrodingerbridge_grid_search,,full_eval,,,0.7057240469455719,0.46248457761333334,0.8070528308666667,,,,,,,,,,,,,3.91,,,SchrodingerBridge/archives/old_experiment_dirs/grid_search_3epoch/S-none_K-1_C-2_W-20_Col-15/full_eval/batch_summary.csv,generic_csv,metric_evidence,Parsed from SchrodingerBridge/archives/old_experiment_dirs/grid_search_3epoch/S-none_K-1_C-2_W-20_Col-15/full_eval/batch_summary.csv
G:/GitHub/Latent_Style,,LANCET/LBM,schrodingerbridge_grid_search,schrodingerbridge_grid_search,,full_eval,,,0.7052884600559871,0.46692240428,0.79941685096,,,,,,,,,,,,,3.91,,,SchrodingerBridge/archives/old_experiment_dirs/grid_search_3epoch/S-none_K-1_C-2_W-20_Col-15/full_eval/batch_summary.csv,generic_csv,metric_evidence,Parsed from SchrodingerBridge/archives/old_experiment_dirs/grid_search_3epoch/S-none_K-1_C-2_W-20_Col-15/full_eval/batch_summary.csv
G:/GitHub/Latent_Style,,LANCET/LBM,schrodingerbridge_grid_search,schrodingerbridge_grid_search,,full_eval,,,0.6910640451113383,0.40764151264000004,0.8611894662133333,,,,,,,,,,,,,3.91,,,SchrodingerBridge/archives/old_experiment_dirs/grid_search_3epoch/S-none_K-1_C-2_W-20_Col-15/full_eval/batch_summary_viewer.csv,generic_csv,metric_evidence,Parsed from SchrodingerBridge/archives/old_experiment_dirs/grid_search_3epoch/S-none_K-1_C-2_W-20_Col-15/full_eval/batch_summary_viewer.csv
G:/GitHub/Latent_Style,,LANCET/LBM,schrodingerbridge_grid_search,schrodingerbridge_grid_search,,full_eval,,,0.6904279443820317,0.4010439067333333,0.8546620576666666,,,,,,,,,,,,,3.91,,,SchrodingerBridge/archives/old_experiment_dirs/grid_search_3epoch/S-none_K-1_C-2_W-20_Col-15/full_eval/batch_summary_viewer.csv,generic_csv,metric_evidence,Parsed from SchrodingerBridge/archives/old_experiment_dirs/grid_search_3epoch/S-none_K-1_C-2_W-20_Col-15/full_eval/batch_summary_viewer.csv
G:/GitHub/Latent_Style,,LANCET/LBM,schrodingerbridge_grid_search,schrodingerbridge_grid_search,,full_eval,,,0.6953356159528096,0.41414736426666665,0.8463409296666667,,,,,,,,,,,,,3.91,,,SchrodingerBridge/archives/old_experiment_dirs/grid_search_3epoch/S-none_K-1_C-2_W-20_Col-15/full_eval/batch_summary_viewer.csv,generic_csv,metric_evidence,Parsed from SchrodingerBridge/archives/old_experiment_dirs/grid_search_3epoch/S-none_K-1_C-2_W-20_Col-15/full_eval/batch_summary_viewer.csv
G:/GitHub/Latent_Style,,LANCET/LBM,schrodingerbridge_grid_search,schrodingerbridge_grid_search,,full_eval,,,0.6989987538655599,0.43085639101333334,0.8366320191733333,,,,,,,,,,,,,3.91,,,SchrodingerBridge/archives/old_experiment_dirs/grid_search_3epoch/S-none_K-1_C-2_W-20_Col-15/full_eval/batch_summary_viewer.csv,generic_csv,metric_evidence,Parsed from SchrodingerBridge/archives/old_experiment_dirs/grid_search_3epoch/S-none_K-1_C-2_W-20_Col-15/full_eval/batch_summary_viewer.csv
G:/GitHub/Latent_Style,,LANCET/LBM,schrodingerbridge_grid_search,schrodingerbridge_grid_search,,full_eval,,,0.7016601243813833,0.44600950881333334,0.8210672007333332,,,,,,,,,,,,,3.91,,,SchrodingerBridge/archives/old_experiment_dirs/grid_search_3epoch/S-none_K-1_C-2_W-20_Col-15/full_eval/batch_summary_viewer.csv,generic_csv,metric_evidence,Parsed from SchrodingerBridge/archives/old_experiment_dirs/grid_search_3epoch/S-none_K-1_C-2_W-20_Col-15/full_eval/batch_summary_viewer.csv
G:/GitHub/Latent_Style,,LANCET/LBM,schrodingerbridge_grid_search,schrodingerbridge_grid_search,,full_eval,,,0.7035169348716737,0.4506474474666667,0.8174549576666668,,,,,,,,,,,,,3.91,,,SchrodingerBridge/archives/old_experiment_dirs/grid_search_3epoch/S-none_K-1_C-2_W-20_Col-15/full_eval/batch_summary_viewer.csv,generic_csv,metric_evidence,Parsed from SchrodingerBridge/archives/old_experiment_dirs/grid_search_3epoch/S-none_K-1_C-2_W-20_Col-15/full_eval/batch_summary_viewer.csv
G:/GitHub/Latent_Style,,LANCET/LBM,schrodingerbridge_grid_search,schrodingerbridge_grid_search,,full_eval,,,0.7057240469455719,0.46248457761333334,0.8070528308666667,,,,,,,,,,,,,3.91,,,SchrodingerBridge/archives/old_experiment_dirs/grid_search_3epoch/S-none_K-1_C-2_W-20_Col-15/full_eval/batch_summary_viewer.csv,generic_csv,metric_evidence,Parsed from SchrodingerBridge/archives/old_experiment_dirs/grid_search_3epoch/S-none_K-1_C-2_W-20_Col-15/full_eval/batch_summary_viewer.csv
G:/GitHub/Latent_Style,,LANCET/LBM,schrodingerbridge_grid_search,schrodingerbridge_grid_search,,full_eval,,,0.7052884600559871,0.46692240428,0.79941685096,,,,,,,,,,,,,3.91,,,SchrodingerBridge/archives/old_experiment_dirs/grid_search_3epoch/S-none_K-1_C-2_W-20_Col-15/full_eval/batch_summary_viewer.csv,generic_csv,metric_evidence,Parsed from SchrodingerBridge/archives/old_experiment_dirs/grid_search_3epoch/S-none_K-1_C-2_W-20_Col-15/full_eval/batch_summary_viewer.csv
G:/GitHub/Latent_Style,,LANCET/LBM,schrodingerbridge_grid_search,schrodingerbridge_grid_search,,full_eval,,,0.6776291589339575,0.36125970154666676,0.88931145716,,,,,,,,,,,,,3.91,,,SchrodingerBridge/archives/old_experiment_dirs/grid_search_3epoch/S-none_K-1_C-5_W-10_Col-0/full_eval/batch_summary.csv,generic_csv,metric_evidence,Parsed from SchrodingerBridge/archives/old_experiment_dirs/grid_search_3epoch/S-none_K-1_C-5_W-10_Col-0/full_eval/batch_summary.csv
G:/GitHub/Latent_Style,,LANCET/LBM,schrodingerbridge_grid_search,schrodingerbridge_grid_search,,full_eval,,,0.6770650835037232,0.36430444028000003,0.8895838500666667,,,,,,,,,,,,,3.91,,,SchrodingerBridge/archives/old_experiment_dirs/grid_search_3epoch/S-none_K-1_C-5_W-10_Col-0/full_eval/batch_summary.csv,generic_csv,metric_evidence,Parsed from SchrodingerBridge/archives/old_experiment_dirs/grid_search_3epoch/S-none_K-1_C-5_W-10_Col-0/full_eval/batch_summary.csv
G:/GitHub/Latent_Style,,LANCET/LBM,schrodingerbridge_grid_search,schrodingerbridge_grid_search,,full_eval,,,0.6826233855088552,0.3594062087333334,0.8837529826533335,,,,,,,,,,,,,3.91,,,SchrodingerBridge/archives/old_experiment_dirs/grid_search_3epoch/S-none_K-1_C-5_W-10_Col-0/full_eval/batch_summary.csv,generic_csv,metric_evidence,Parsed from SchrodingerBridge/archives/old_experiment_dirs/grid_search_3epoch/S-none_K-1_C-5_W-10_Col-0/full_eval/batch_summary.csv
G:/GitHub/Latent_Style,,LANCET/LBM,schrodingerbridge_grid_search,schrodingerbridge_grid_search,,full_eval,,,0.6815154331127802,0.36751758258666667,0.87908297932,,,,,,,,,,,,,3.91,,,SchrodingerBridge/archives/old_experiment_dirs/grid_search_3epoch/S-none_K-1_C-5_W-10_Col-0/full_eval/batch_summary.csv,generic_csv,metric_evidence,Parsed from SchrodingerBridge/archives/old_experiment_dirs/grid_search_3epoch/S-none_K-1_C-5_W-10_Col-0/full_eval/batch_summary.csv
G:/GitHub/Latent_Style,,LANCET/LBM,schrodingerbridge_grid_search,schrodingerbridge_grid_search,,full_eval,,,0.684796973745028,0.3621924802000001,0.8726700197066667,,,,,,,,,,,,,3.91,,,SchrodingerBridge/archives/old_experiment_dirs/grid_search_3epoch/S-none_K-1_C-5_W-10_Col-0/full_eval/batch_summary.csv,generic_csv,metric_evidence,Parsed from SchrodingerBridge/archives/old_experiment_dirs/grid_search_3epoch/S-none_K-1_C-5_W-10_Col-0/full_eval/batch_summary.csv
G:/GitHub/Latent_Style,,LANCET/LBM,schrodingerbridge_grid_search,schrodingerbridge_grid_search,,full_eval,,,0.68623970135053,0.3614689927466666,0.8710399803466666,,,,,,,,,,,,,3.91,,,SchrodingerBridge/archives/old_experiment_dirs/grid_search_3epoch/S-none_K-1_C-5_W-10_Col-0/full_eval/batch_summary.csv,generic_csv,metric_evidence,Parsed from SchrodingerBridge/archives/old_experiment_dirs/grid_search_3epoch/S-none_K-1_C-5_W-10_Col-0/full_eval/batch_summary.csv
G:/GitHub/Latent_Style,,LANCET/LBM,schrodingerbridge_grid_search,schrodingerbridge_grid_search,,full_eval,,,0.6886431332826617,0.37421224896,0.8647251070666667,,,,,,,,,,,,,3.91,,,SchrodingerBridge/archives/old_experiment_dirs/grid_search_3epoch/S-none_K-1_C-5_W-10_Col-0/full_eval/batch_summary.csv,generic_csv,metric_evidence,Parsed from SchrodingerBridge/archives/old_experiment_dirs/grid_search_3epoch/S-none_K-1_C-5_W-10_Col-0/full_eval/batch_summary.csv
G:/GitHub/Latent_Style,,LANCET/LBM,schrodingerbridge_grid_search,schrodingerbridge_grid_search,,full_eval,,,0.6884697746833166,0.38457576247999997,0.85883052268,,,,,,,,,,,,,3.91,,,SchrodingerBridge/archives/old_experiment_dirs/grid_search_3epoch/S-none_K-1_C-5_W-10_Col-0/full_eval/batch_summary.csv,generic_csv,metric_evidence,Parsed from SchrodingerBridge/archives/old_experiment_dirs/grid_search_3epoch/S-none_K-1_C-5_W-10_Col-0/full_eval/batch_summary.csv
G:/GitHub/Latent_Style,,LANCET/LBM,schrodingerbridge_grid_search,schrodingerbridge_grid_search,,full_eval,,,0.6776291589339575,0.36125970154666676,0.88931145716,,,,,,,,,,,,,3.91,,,SchrodingerBridge/archives/old_experiment_dirs/grid_search_3epoch/S-none_K-1_C-5_W-10_Col-0/full_eval/batch_summary_viewer.csv,generic_csv,metric_evidence,Parsed from SchrodingerBridge/archives/old_experiment_dirs/grid_search_3epoch/S-none_K-1_C-5_W-10_Col-0/full_eval/batch_summary_viewer.csv
G:/GitHub/Latent_Style,,LANCET/LBM,schrodingerbridge_grid_search,schrodingerbridge_grid_search,,full_eval,,,0.6770650835037232,0.36430444028000003,0.8895838500666667,,,,,,,,,,,,,3.91,,,SchrodingerBridge/archives/old_experiment_dirs/grid_search_3epoch/S-none_K-1_C-5_W-10_Col-0/full_eval/batch_summary_viewer.csv,generic_csv,metric_evidence,Parsed from SchrodingerBridge/archives/old_experiment_dirs/grid_search_3epoch/S-none_K-1_C-5_W-10_Col-0/full_eval/batch_summary_viewer.csv
G:/GitHub/Latent_Style,,LANCET/LBM,schrodingerbridge_grid_search,schrodingerbridge_grid_search,,full_eval,,,0.6826233855088552,0.3594062087333334,0.8837529826533335,,,,,,,,,,,,,3.91,,,SchrodingerBridge/archives/old_experiment_dirs/grid_search_3epoch/S-none_K-1_C-5_W-10_Col-0/full_eval/batch_summary_viewer.csv,generic_csv,metric_evidence,Parsed from SchrodingerBridge/archives/old_experiment_dirs/grid_search_3epoch/S-none_K-1_C-5_W-10_Col-0/full_eval/batch_summary_viewer.csv
G:/GitHub/Latent_Style,,LANCET/LBM,schrodingerbridge_grid_search,schrodingerbridge_grid_search,,full_eval,,,0.6815154331127802,0.36751758258666667,0.87908297932,,,,,,,,,,,,,3.91,,,SchrodingerBridge/archives/old_experiment_dirs/grid_search_3epoch/S-none_K-1_C-5_W-10_Col-0/full_eval/batch_summary_viewer.csv,generic_csv,metric_evidence,Parsed from SchrodingerBridge/archives/old_experiment_dirs/grid_search_3epoch/S-none_K-1_C-5_W-10_Col-0/full_eval/batch_summary_viewer.csv
G:/GitHub/Latent_Style,,LANCET/LBM,schrodingerbridge_grid_search,schrodingerbridge_grid_search,,full_eval,,,0.684796973745028,0.3621924802000001,0.8726700197066667,,,,,,,,,,,,,3.91,,,SchrodingerBridge/archives/old_experiment_dirs/grid_search_3epoch/S-none_K-1_C-5_W-10_Col-0/full_eval/batch_summary_viewer.csv,generic_csv,metric_evidence,Parsed from SchrodingerBridge/archives/old_experiment_dirs/grid_search_3epoch/S-none_K-1_C-5_W-10_Col-0/full_eval/batch_summary_viewer.csv
G:/GitHub/Latent_Style,,LANCET/LBM,schrodingerbridge_grid_search,schrodingerbridge_grid_search,,full_eval,,,0.68623970135053,0.3614689927466666,0.8710399803466666,,,,,,,,,,,,,3.91,,,SchrodingerBridge/archives/old_experiment_dirs/grid_search_3epoch/S-none_K-1_C-5_W-10_Col-0/full_eval/batch_summary_viewer.csv,generic_csv,metric_evidence,Parsed from SchrodingerBridge/archives/old_experiment_dirs/grid_search_3epoch/S-none_K-1_C-5_W-10_Col-0/full_eval/batch_summary_viewer.csv
G:/GitHub/Latent_Style,,LANCET/LBM,schrodingerbridge_grid_search,schrodingerbridge_grid_search,,full_eval,,,0.6886431332826617,0.37421224896,0.8647251070666667,,,,,,,,,,,,,3.91,,,SchrodingerBridge/archives/old_experiment_dirs/grid_search_3epoch/S-none_K-1_C-5_W-10_Col-0/full_eval/batch_summary_viewer.csv,generic_csv,metric_evidence,Parsed from SchrodingerBridge/archives/old_experiment_dirs/grid_search_3epoch/S-none_K-1_C-5_W-10_Col-0/full_eval/batch_summary_viewer.csv
G:/GitHub/Latent_Style,,LANCET/LBM,schrodingerbridge_grid_search,schrodingerbridge_grid_search,,full_eval,,,0.6884697746833166,0.38457576247999997,0.85883052268,,,,,,,,,,,,,3.91,,,SchrodingerBridge/archives/old_experiment_dirs/grid_search_3epoch/S-none_K-1_C-5_W-10_Col-0/full_eval/batch_summary_viewer.csv,generic_csv,metric_evidence,Parsed from SchrodingerBridge/archives/old_experiment_dirs/grid_search_3epoch/S-none_K-1_C-5_W-10_Col-0/full_eval/batch_summary_viewer.csv
G:/GitHub/Latent_Style,,LANCET/LBM,schrodingerbridge_grid_search,schrodingerbridge_grid_search,,full_eval,,,0.6923685117562611,0.41882554387999993,0.8525721208533333,,,,,,,,,,,,,3.91,,,SchrodingerBridge/archives/old_experiment_dirs/grid_search_3epoch/S-none_K-1_C-5_W-10_Col-15/full_eval/batch_summary.csv,generic_csv,metric_evidence,Parsed from SchrodingerBridge/archives/old_experiment_dirs/grid_search_3epoch/S-none_K-1_C-5_W-10_Col-15/full_eval/batch_summary.csv
G:/GitHub/Latent_Style,,LANCET/LBM,schrodingerbridge_grid_search,schrodingerbridge_grid_search,,full_eval,,,0.6961261878410974,0.4313823320266667,0.8445164675733333,,,,,,,,,,,,,3.91,,,SchrodingerBridge/archives/old_experiment_dirs/grid_search_3epoch/S-none_K-1_C-5_W-10_Col-15/full_eval/batch_summary.csv,generic_csv,metric_evidence,Parsed from SchrodingerBridge/archives/old_experiment_dirs/grid_search_3epoch/S-none_K-1_C-5_W-10_Col-15/full_eval/batch_summary.csv
G:/GitHub/Latent_Style,,LANCET/LBM,schrodingerbridge_grid_search,schrodingerbridge_grid_search,,full_eval,,,0.6948775724172591,0.41323008230666664,0.8518029955733333,,,,,,,,,,,,,3.91,,,SchrodingerBridge/archives/old_experiment_dirs/grid_search_3epoch/S-none_K-1_C-5_W-10_Col-15/full_eval/batch_summary.csv,generic_csv,metric_evidence,Parsed from SchrodingerBridge/archives/old_experiment_dirs/grid_search_3epoch/S-none_K-1_C-5_W-10_Col-15/full_eval/batch_summary.csv
G:/GitHub/Latent_Style,,LANCET/LBM,schrodingerbridge_grid_search,schrodingerbridge_grid_search,,full_eval,,,0.6970189176797867,0.4163273200133334,0.8508756904533334,,,,,,,,,,,,,3.91,,,SchrodingerBridge/archives/old_experiment_dirs/grid_search_3epoch/S-none_K-1_C-5_W-10_Col-15/full_eval/batch_summary.csv,generic_csv,metric_evidence,Parsed from SchrodingerBridge/archives/old_experiment_dirs/grid_search_3epoch/S-none_K-1_C-5_W-10_Col-15/full_eval/batch_summary.csv
G:/GitHub/Latent_Style,,LANCET/LBM,schrodingerbridge_grid_search,schrodingerbridge_grid_search,,full_eval,,,0.6972860510349274,0.42701158897333336,0.8397385936133334,,,,,,,,,,,,,3.91,,,SchrodingerBridge/archives/old_experiment_dirs/grid_search_3epoch/S-none_K-1_C-5_W-10_Col-15/full_eval/batch_summary.csv,generic_csv,metric_evidence,Parsed from SchrodingerBridge/archives/old_experiment_dirs/grid_search_3epoch/S-none_K-1_C-5_W-10_Col-15/full_eval/batch_summary.csv
G:/GitHub/Latent_Style,,LANCET/LBM,schrodingerbridge_grid_search,schrodingerbridge_grid_search,,full_eval,,,0.696457643389702,0.4239029998133333,0.8393887017599999,,,,,,,,,,,,,3.91,,,SchrodingerBridge/archives/old_experiment_dirs/grid_search_3epoch/S-none_K-1_C-5_W-10_Col-15/full_eval/batch_summary.csv,generic_csv,metric_evidence,Parsed from SchrodingerBridge/archives/old_experiment_dirs/grid_search_3epoch/S-none_K-1_C-5_W-10_Col-15/full_eval/batch_summary.csv
G:/GitHub/Latent_Style,,LANCET/LBM,schrodingerbridge_grid_search,schrodingerbridge_grid_search,,full_eval,,,0.6975170625050862,0.42458295017333325,0.8413579011600001,,,,,,,,,,,,,3.91,,,SchrodingerBridge/archives/old_experiment_dirs/grid_search_3epoch/S-none_K-1_C-5_W-10_Col-15/full_eval/batch_summary.csv,generic_csv,metric_evidence,Parsed from SchrodingerBridge/archives/old_experiment_dirs/grid_search_3epoch/S-none_K-1_C-5_W-10_Col-15/full_eval/batch_summary.csv
G:/GitHub/Latent_Style,,LANCET/LBM,schrodingerbridge_grid_search,schrodingerbridge_grid_search,,full_eval,,,0.6995513337453206,0.4373471292666667,0.8336157082000001,,,,,,,,,,,,,3.91,,,SchrodingerBridge/archives/old_experiment_dirs/grid_search_3epoch/S-none_K-1_C-5_W-10_Col-15/full_eval/batch_summary.csv,generic_csv,metric_evidence,Parsed from SchrodingerBridge/archives/old_experiment_dirs/grid_search_3epoch/S-none_K-1_C-5_W-10_Col-15/full_eval/batch_summary.csv
G:/GitHub/Latent_Style,,LANCET/LBM,schrodingerbridge_grid_search,schrodingerbridge_grid_search,,full_eval,,,0.6923685117562611,0.41882554387999993,0.8525721208533333,,,,,,,,,,,,,3.91,,,SchrodingerBridge/archives/old_experiment_dirs/grid_search_3epoch/S-none_K-1_C-5_W-10_Col-15/full_eval/batch_summary_viewer.csv,generic_csv,metric_evidence,Parsed from SchrodingerBridge/archives/old_experiment_dirs/grid_search_3epoch/S-none_K-1_C-5_W-10_Col-15/full_eval/batch_summary_viewer.csv
G:/GitHub/Latent_Style,,LANCET/LBM,schrodingerbridge_grid_search,schrodingerbridge_grid_search,,full_eval,,,0.6961261878410974,0.4313823320266667,0.8445164675733333,,,,,,,,,,,,,3.91,,,SchrodingerBridge/archives/old_experiment_dirs/grid_search_3epoch/S-none_K-1_C-5_W-10_Col-15/full_eval/batch_summary_viewer.csv,generic_csv,metric_evidence,Parsed from SchrodingerBridge/archives/old_experiment_dirs/grid_search_3epoch/S-none_K-1_C-5_W-10_Col-15/full_eval/batch_summary_viewer.csv
G:/GitHub/Latent_Style,,LANCET/LBM,schrodingerbridge_grid_search,schrodingerbridge_grid_search,,full_eval,,,0.6948775724172591,0.41323008230666664,0.8518029955733333,,,,,,,,,,,,,3.91,,,SchrodingerBridge/archives/old_experiment_dirs/grid_search_3epoch/S-none_K-1_C-5_W-10_Col-15/full_eval/batch_summary_viewer.csv,generic_csv,metric_evidence,Parsed from SchrodingerBridge/archives/old_experiment_dirs/grid_search_3epoch/S-none_K-1_C-5_W-10_Col-15/full_eval/batch_summary_viewer.csv
G:/GitHub/Latent_Style,,LANCET/LBM,schrodingerbridge_grid_search,schrodingerbridge_grid_search,,full_eval,,,0.6970189176797867,0.4163273200133334,0.8508756904533334,,,,,,,,,,,,,3.91,,,SchrodingerBridge/archives/old_experiment_dirs/grid_search_3epoch/S-none_K-1_C-5_W-10_Col-15/full_eval/batch_summary_viewer.csv,generic_csv,metric_evidence,Parsed from SchrodingerBridge/archives/old_experiment_dirs/grid_search_3epoch/S-none_K-1_C-5_W-10_Col-15/full_eval/batch_summary_viewer.csv
G:/GitHub/Latent_Style,,LANCET/LBM,schrodingerbridge_grid_search,schrodingerbridge_grid_search,,full_eval,,,0.6972860510349274,0.42701158897333336,0.8397385936133334,,,,,,,,,,,,,3.91,,,SchrodingerBridge/archives/old_experiment_dirs/grid_search_3epoch/S-none_K-1_C-5_W-10_Col-15/full_eval/batch_summary_viewer.csv,generic_csv,metric_evidence,Parsed from SchrodingerBridge/archives/old_experiment_dirs/grid_search_3epoch/S-none_K-1_C-5_W-10_Col-15/full_eval/batch_summary_viewer.csv
G:/GitHub/Latent_Style,,LANCET/LBM,schrodingerbridge_grid_search,schrodingerbridge_grid_search,,full_eval,,,0.696457643389702,0.4239029998133333,0.8393887017599999,,,,,,,,,,,,,3.91,,,SchrodingerBridge/archives/old_experiment_dirs/grid_search_3epoch/S-none_K-1_C-5_W-10_Col-15/full_eval/batch_summary_viewer.csv,generic_csv,metric_evidence,Parsed from SchrodingerBridge/archives/old_experiment_dirs/grid_search_3epoch/S-none_K-1_C-5_W-10_Col-15/full_eval/batch_summary_viewer.csv
G:/GitHub/Latent_Style,,LANCET/LBM,schrodingerbridge_grid_search,schrodingerbridge_grid_search,,full_eval,,,0.6975170625050862,0.42458295017333325,0.8413579011600001,,,,,,,,,,,,,3.91,,,SchrodingerBridge/archives/old_experiment_dirs/grid_search_3epoch/S-none_K-1_C-5_W-10_Col-15/full_eval/batch_summary_viewer.csv,generic_csv,metric_evidence,Parsed from SchrodingerBridge/archives/old_experiment_dirs/grid_search_3epoch/S-none_K-1_C-5_W-10_Col-15/full_eval/batch_summary_viewer.csv
G:/GitHub/Latent_Style,,LANCET/LBM,schrodingerbridge_grid_search,schrodingerbridge_grid_search,,full_eval,,,0.6995513337453206,0.4373471292666667,0.8336157082000001,,,,,,,,,,,,,3.91,,,SchrodingerBridge/archives/old_experiment_dirs/grid_search_3epoch/S-none_K-1_C-5_W-10_Col-15/full_eval/batch_summary_viewer.csv,generic_csv,metric_evidence,Parsed from SchrodingerBridge/archives/old_experiment_dirs/grid_search_3epoch/S-none_K-1_C-5_W-10_Col-15/full_eval/batch_summary_viewer.csv
G:/GitHub/Latent_Style,,LANCET/LBM,schrodingerbridge_grid_search,schrodingerbridge_grid_search,,full_eval,,,0.6772617513338725,0.34991578058666667,0.8945888268133334,,,,,,,,,,,,,3.91,,,SchrodingerBridge/archives/old_experiment_dirs/grid_search_3epoch/S-none_K-1_C-5_W-20_Col-0/full_eval/batch_summary.csv,generic_csv,metric_evidence,Parsed from SchrodingerBridge/archives/old_experiment_dirs/grid_search_3epoch/S-none_K-1_C-5_W-20_Col-0/full_eval/batch_summary.csv
G:/GitHub/Latent_Style,,LANCET/LBM,schrodingerbridge_grid_search,schrodingerbridge_grid_search,,full_eval,,,0.6829618231058121,0.34219825662666664,0.8955239083733332,,,,,,,,,,,,,3.91,,,SchrodingerBridge/archives/old_experiment_dirs/grid_search_3epoch/S-none_K-1_C-5_W-20_Col-0/full_eval/batch_summary.csv,generic_csv,metric_evidence,Parsed from SchrodingerBridge/archives/old_experiment_dirs/grid_search_3epoch/S-none_K-1_C-5_W-20_Col-0/full_eval/batch_summary.csv
G:/GitHub/Latent_Style,,LANCET/LBM,schrodingerbridge_grid_search,schrodingerbridge_grid_search,,full_eval,,,0.6855519845485687,0.36190853860000005,0.8863752390933333,,,,,,,,,,,,,3.91,,,SchrodingerBridge/archives/old_experiment_dirs/grid_search_3epoch/S-none_K-1_C-5_W-20_Col-0/full_eval/batch_summary.csv,generic_csv,metric_evidence,Parsed from SchrodingerBridge/archives/old_experiment_dirs/grid_search_3epoch/S-none_K-1_C-5_W-20_Col-0/full_eval/batch_summary.csv
G:/GitHub/Latent_Style,,LANCET/LBM,schrodingerbridge_grid_search,schrodingerbridge_grid_search,,full_eval,,,0.6861751575867333,0.35801126144,0.88523495496,,,,,,,,,,,,,3.91,,,SchrodingerBridge/archives/old_experiment_dirs/grid_search_3epoch/S-none_K-1_C-5_W-20_Col-0/full_eval/batch_summary.csv,generic_csv,metric_evidence,Parsed from SchrodingerBridge/archives/old_experiment_dirs/grid_search_3epoch/S-none_K-1_C-5_W-20_Col-0/full_eval/batch_summary.csv
G:/GitHub/Latent_Style,,LANCET/LBM,schrodingerbridge_grid_search,schrodingerbridge_grid_search,,full_eval,,,0.6890401808023452,0.36563934377333335,0.8787149151599999,,,,,,,,,,,,,3.91,,,SchrodingerBridge/archives/old_experiment_dirs/grid_search_3epoch/S-none_K-1_C-5_W-20_Col-0/full_eval/batch_summary.csv,generic_csv,metric_evidence,Parsed from SchrodingerBridge/archives/old_experiment_dirs/grid_search_3epoch/S-none_K-1_C-5_W-20_Col-0/full_eval/batch_summary.csv
G:/GitHub/Latent_Style,,LANCET/LBM,schrodingerbridge_grid_search,schrodingerbridge_grid_search,,full_eval,,,0.6933226859172186,0.37738235408000004,0.8730184677866667,,,,,,,,,,,,,3.91,,,SchrodingerBridge/archives/old_experiment_dirs/grid_search_3epoch/S-none_K-1_C-5_W-20_Col-0/full_eval/batch_summary.csv,generic_csv,metric_evidence,Parsed from SchrodingerBridge/archives/old_experiment_dirs/grid_search_3epoch/S-none_K-1_C-5_W-20_Col-0/full_eval/batch_summary.csv
G:/GitHub/Latent_Style,,LANCET/LBM,schrodingerbridge_grid_search,schrodingerbridge_grid_search,,full_eval,,,0.6944820206165315,0.39010908884,0.8657243404933334,,,,,,,,,,,,,3.91,,,SchrodingerBridge/archives/old_experiment_dirs/grid_search_3epoch/S-none_K-1_C-5_W-20_Col-0/full_eval/batch_summary.csv,generic_csv,metric_evidence,Parsed from SchrodingerBridge/archives/old_experiment_dirs/grid_search_3epoch/S-none_K-1_C-5_W-20_Col-0/full_eval/batch_summary.csv
G:/GitHub/Latent_Style,,LANCET/LBM,schrodingerbridge_grid_search,schrodingerbridge_grid_search,,full_eval,,,0.69354076508681,0.39249427694666655,0.8617612316266665,,,,,,,,,,,,,3.91,,,SchrodingerBridge/archives/old_experiment_dirs/grid_search_3epoch/S-none_K-1_C-5_W-20_Col-0/full_eval/batch_summary.csv,generic_csv,metric_evidence,Parsed from SchrodingerBridge/archives/old_experiment_dirs/grid_search_3epoch/S-none_K-1_C-5_W-20_Col-0/full_eval/batch_summary.csv
G:/GitHub/Latent_Style,,LANCET/LBM,schrodingerbridge_grid_search,schrodingerbridge_grid_search,,full_eval,,,0.6772617513338725,0.34991578058666667,0.8945888268133334,,,,,,,,,,,,,3.91,,,SchrodingerBridge/archives/old_experiment_dirs/grid_search_3epoch/S-none_K-1_C-5_W-20_Col-0/full_eval/batch_summary_viewer.csv,generic_csv,metric_evidence,Parsed from SchrodingerBridge/archives/old_experiment_dirs/grid_search_3epoch/S-none_K-1_C-5_W-20_Col-0/full_eval/batch_summary_viewer.csv
G:/GitHub/Latent_Style,,LANCET/LBM,schrodingerbridge_grid_search,schrodingerbridge_grid_search,,full_eval,,,0.6829618231058121,0.34219825662666664,0.8955239083733332,,,,,,,,,,,,,3.91,,,SchrodingerBridge/archives/old_experiment_dirs/grid_search_3epoch/S-none_K-1_C-5_W-20_Col-0/full_eval/batch_summary_viewer.csv,generic_csv,metric_evidence,Parsed from SchrodingerBridge/archives/old_experiment_dirs/grid_search_3epoch/S-none_K-1_C-5_W-20_Col-0/full_eval/batch_summary_viewer.csv
G:/GitHub/Latent_Style,,LANCET/LBM,schrodingerbridge_grid_search,schrodingerbridge_grid_search,,full_eval,,,0.6855519845485687,0.36190853860000005,0.8863752390933333,,,,,,,,,,,,,3.91,,,SchrodingerBridge/archives/old_experiment_dirs/grid_search_3epoch/S-none_K-1_C-5_W-20_Col-0/full_eval/batch_summary_viewer.csv,generic_csv,metric_evidence,Parsed from SchrodingerBridge/archives/old_experiment_dirs/grid_search_3epoch/S-none_K-1_C-5_W-20_Col-0/full_eval/batch_summary_viewer.csv
G:/GitHub/Latent_Style,,LANCET/LBM,schrodingerbridge_grid_search,schrodingerbridge_grid_search,,full_eval,,,0.6861751575867333,0.35801126144,0.88523495496,,,,,,,,,,,,,3.91,,,SchrodingerBridge/archives/old_experiment_dirs/grid_search_3epoch/S-none_K-1_C-5_W-20_Col-0/full_eval/batch_summary_viewer.csv,generic_csv,metric_evidence,Parsed from SchrodingerBridge/archives/old_experiment_dirs/grid_search_3epoch/S-none_K-1_C-5_W-20_Col-0/full_eval/batch_summary_viewer.csv
G:/GitHub/Latent_Style,,LANCET/LBM,schrodingerbridge_grid_search,schrodingerbridge_grid_search,,full_eval,,,0.6890401808023452,0.36563934377333335,0.8787149151599999,,,,,,,,,,,,,3.91,,,SchrodingerBridge/archives/old_experiment_dirs/grid_search_3epoch/S-none_K-1_C-5_W-20_Col-0/full_eval/batch_summary_viewer.csv,generic_csv,metric_evidence,Parsed from SchrodingerBridge/archives/old_experiment_dirs/grid_search_3epoch/S-none_K-1_C-5_W-20_Col-0/full_eval/batch_summary_viewer.csv
G:/GitHub/Latent_Style,,LANCET/LBM,schrodingerbridge_grid_search,schrodingerbridge_grid_search,,full_eval,,,0.6933226859172186,0.37738235408000004,0.8730184677866667,,,,,,,,,,,,,3.91,,,SchrodingerBridge/archives/old_experiment_dirs/grid_search_3epoch/S-none_K-1_C-5_W-20_Col-0/full_eval/batch_summary_viewer.csv,generic_csv,metric_evidence,Parsed from SchrodingerBridge/archives/old_experiment_dirs/grid_search_3epoch/S-none_K-1_C-5_W-20_Col-0/full_eval/batch_summary_viewer.csv
G:/GitHub/Latent_Style,,LANCET/LBM,schrodingerbridge_grid_search,schrodingerbridge_grid_search,,full_eval,,,0.6944820206165315,0.39010908884,0.8657243404933334,,,,,,,,,,,,,3.91,,,SchrodingerBridge/archives/old_experiment_dirs/grid_search_3epoch/S-none_K-1_C-5_W-20_Col-0/full_eval/batch_summary_viewer.csv,generic_csv,metric_evidence,Parsed from SchrodingerBridge/archives/old_experiment_dirs/grid_search_3epoch/S-none_K-1_C-5_W-20_Col-0/full_eval/batch_summary_viewer.csv
G:/GitHub/Latent_Style,,LANCET/LBM,schrodingerbridge_grid_search,schrodingerbridge_grid_search,,full_eval,,,0.69354076508681,0.39249427694666655,0.8617612316266665,,,,,,,,,,,,,3.91,,,SchrodingerBridge/archives/old_experiment_dirs/grid_search_3epoch/S-none_K-1_C-5_W-20_Col-0/full_eval/batch_summary_viewer.csv,generic_csv,metric_evidence,Parsed from SchrodingerBridge/archives/old_experiment_dirs/grid_search_3epoch/S-none_K-1_C-5_W-20_Col-0/full_eval/batch_summary_viewer.csv
G:/GitHub/Latent_Style,,LANCET/LBM,schrodingerbridge_grid_search,schrodingerbridge_grid_search,,full_eval,,,0.6919131252368291,0.4013588612,0.8612484323600001,,,,,,,,,,,,,3.91,,,SchrodingerBridge/archives/old_experiment_dirs/grid_search_3epoch/S-none_K-1_C-5_W-20_Col-15/full_eval/batch_summary.csv,generic_csv,metric_evidence,Parsed from SchrodingerBridge/archives/old_experiment_dirs/grid_search_3epoch/S-none_K-1_C-5_W-20_Col-15/full_eval/batch_summary.csv
G:/GitHub/Latent_Style,,LANCET/LBM,schrodingerbridge_grid_search,schrodingerbridge_grid_search,,full_eval,,,0.6887039271195731,0.3946799565333334,0.86418784068,,,,,,,,,,,,,3.91,,,SchrodingerBridge/archives/old_experiment_dirs/grid_search_3epoch/S-none_K-1_C-5_W-20_Col-15/full_eval/batch_summary.csv,generic_csv,metric_evidence,Parsed from SchrodingerBridge/archives/old_experiment_dirs/grid_search_3epoch/S-none_K-1_C-5_W-20_Col-15/full_eval/batch_summary.csv
G:/GitHub/Latent_Style,,LANCET/LBM,schrodingerbridge_grid_search,schrodingerbridge_grid_search,,full_eval,,,0.6939829688866932,0.40136579352000007,0.8592484610133334,,,,,,,,,,,,,3.91,,,SchrodingerBridge/archives/old_experiment_dirs/grid_search_3epoch/S-none_K-1_C-5_W-20_Col-15/full_eval/batch_summary.csv,generic_csv,metric_evidence,Parsed from SchrodingerBridge/archives/old_experiment_dirs/grid_search_3epoch/S-none_K-1_C-5_W-20_Col-15/full_eval/batch_summary.csv
G:/GitHub/Latent_Style,,LANCET/LBM,schrodingerbridge_grid_search,schrodingerbridge_grid_search,,full_eval,,,0.6953766252597172,0.41335081133333335,0.8531403220666667,,,,,,,,,,,,,3.91,,,SchrodingerBridge/archives/old_experiment_dirs/grid_search_3epoch/S-none_K-1_C-5_W-20_Col-15/full_eval/batch_summary.csv,generic_csv,metric_evidence,Parsed from SchrodingerBridge/archives/old_experiment_dirs/grid_search_3epoch/S-none_K-1_C-5_W-20_Col-15/full_eval/batch_summary.csv
G:/GitHub/Latent_Style,,LANCET/LBM,schrodingerbridge_grid_search,schrodingerbridge_grid_search,,full_eval,,,0.6973275003433228,0.4211252885066667,0.8449848007066667,,,,,,,,,,,,,3.91,,,SchrodingerBridge/archives/old_experiment_dirs/grid_search_3epoch/S-none_K-1_C-5_W-20_Col-15/full_eval/batch_summary.csv,generic_csv,metric_evidence,Parsed from SchrodingerBridge/archives/old_experiment_dirs/grid_search_3epoch/S-none_K-1_C-5_W-20_Col-15/full_eval/batch_summary.csv
G:/GitHub/Latent_Style,,LANCET/LBM,schrodingerbridge_grid_search,schrodingerbridge_grid_search,,full_eval,,,0.6984380880991619,0.41800396932,0.8468850852533333,,,,,,,,,,,,,3.91,,,SchrodingerBridge/archives/old_experiment_dirs/grid_search_3epoch/S-none_K-1_C-5_W-20_Col-15/full_eval/batch_summary.csv,generic_csv,metric_evidence,Parsed from SchrodingerBridge/archives/old_experiment_dirs/grid_search_3epoch/S-none_K-1_C-5_W-20_Col-15/full_eval/batch_summary.csv
G:/GitHub/Latent_Style,,LANCET/LBM,schrodingerbridge_grid_search,schrodingerbridge_grid_search,,full_eval,,,0.70067977587382,0.4285307442133333,0.8400268022266666,,,,,,,,,,,,,3.91,,,SchrodingerBridge/archives/old_experiment_dirs/grid_search_3epoch/S-none_K-1_C-5_W-20_Col-15/full_eval/batch_summary.csv,generic_csv,metric_evidence,Parsed from SchrodingerBridge/archives/old_experiment_dirs/grid_search_3epoch/S-none_K-1_C-5_W-20_Col-15/full_eval/batch_summary.csv
G:/GitHub/Latent_Style,,LANCET/LBM,schrodingerbridge_grid_search,schrodingerbridge_grid_search,,full_eval,,,0.7011615643501281,0.43927317174666664,0.82993471184,,,,,,,,,,,,,3.91,,,SchrodingerBridge/archives/old_experiment_dirs/grid_search_3epoch/S-none_K-1_C-5_W-20_Col-15/full_eval/batch_summary.csv,generic_csv,metric_evidence,Parsed from SchrodingerBridge/archives/old_experiment_dirs/grid_search_3epoch/S-none_K-1_C-5_W-20_Col-15/full_eval/batch_summary.csv
G:/GitHub/Latent_Style,,LANCET/LBM,schrodingerbridge_grid_search,schrodingerbridge_grid_search,,full_eval,,,0.6919131252368291,0.4013588612,0.8612484323600001,,,,,,,,,,,,,3.91,,,SchrodingerBridge/archives/old_experiment_dirs/grid_search_3epoch/S-none_K-1_C-5_W-20_Col-15/full_eval/batch_summary_viewer.csv,generic_csv,metric_evidence,Parsed from SchrodingerBridge/archives/old_experiment_dirs/grid_search_3epoch/S-none_K-1_C-5_W-20_Col-15/full_eval/batch_summary_viewer.csv
G:/GitHub/Latent_Style,,LANCET/LBM,schrodingerbridge_grid_search,schrodingerbridge_grid_search,,full_eval,,,0.6887039271195731,0.3946799565333334,0.86418784068,,,,,,,,,,,,,3.91,,,SchrodingerBridge/archives/old_experiment_dirs/grid_search_3epoch/S-none_K-1_C-5_W-20_Col-15/full_eval/batch_summary_viewer.csv,generic_csv,metric_evidence,Parsed from SchrodingerBridge/archives/old_experiment_dirs/grid_search_3epoch/S-none_K-1_C-5_W-20_Col-15/full_eval/batch_summary_viewer.csv
G:/GitHub/Latent_Style,,LANCET/LBM,schrodingerbridge_grid_search,schrodingerbridge_grid_search,,full_eval,,,0.6939829688866932,0.40136579352000007,0.8592484610133334,,,,,,,,,,,,,3.91,,,SchrodingerBridge/archives/old_experiment_dirs/grid_search_3epoch/S-none_K-1_C-5_W-20_Col-15/full_eval/batch_summary_viewer.csv,generic_csv,metric_evidence,Parsed from SchrodingerBridge/archives/old_experiment_dirs/grid_search_3epoch/S-none_K-1_C-5_W-20_Col-15/full_eval/batch_summary_viewer.csv
G:/GitHub/Latent_Style,,LANCET/LBM,schrodingerbridge_grid_search,schrodingerbridge_grid_search,,full_eval,,,0.6953766252597172,0.41335081133333335,0.8531403220666667,,,,,,,,,,,,,3.91,,,SchrodingerBridge/archives/old_experiment_dirs/grid_search_3epoch/S-none_K-1_C-5_W-20_Col-15/full_eval/batch_summary_viewer.csv,generic_csv,metric_evidence,Parsed from SchrodingerBridge/archives/old_experiment_dirs/grid_search_3epoch/S-none_K-1_C-5_W-20_Col-15/full_eval/batch_summary_viewer.csv
G:/GitHub/Latent_Style,,LANCET/LBM,schrodingerbridge_grid_search,schrodingerbridge_grid_search,,full_eval,,,0.6973275003433228,0.4211252885066667,0.8449848007066667,,,,,,,,,,,,,3.91,,,SchrodingerBridge/archives/old_experiment_dirs/grid_search_3epoch/S-none_K-1_C-5_W-20_Col-15/full_eval/batch_summary_viewer.csv,generic_csv,metric_evidence,Parsed from SchrodingerBridge/archives/old_experiment_dirs/grid_search_3epoch/S-none_K-1_C-5_W-20_Col-15/full_eval/batch_summary_viewer.csv
G:/GitHub/Latent_Style,,LANCET/LBM,schrodingerbridge_grid_search,schrodingerbridge_grid_search,,full_eval,,,0.6984380880991619,0.41800396932,0.8468850852533333,,,,,,,,,,,,,3.91,,,SchrodingerBridge/archives/old_experiment_dirs/grid_search_3epoch/S-none_K-1_C-5_W-20_Col-15/full_eval/batch_summary_viewer.csv,generic_csv,metric_evidence,Parsed from SchrodingerBridge/archives/old_experiment_dirs/grid_search_3epoch/S-none_K-1_C-5_W-20_Col-15/full_eval/batch_summary_viewer.csv
G:/GitHub/Latent_Style,,LANCET/LBM,schrodingerbridge_grid_search,schrodingerbridge_grid_search,,full_eval,,,0.70067977587382,0.4285307442133333,0.8400268022266666,,,,,,,,,,,,,3.91,,,SchrodingerBridge/archives/old_experiment_dirs/grid_search_3epoch/S-none_K-1_C-5_W-20_Col-15/full_eval/batch_summary_viewer.csv,generic_csv,metric_evidence,Parsed from SchrodingerBridge/archives/old_experiment_dirs/grid_search_3epoch/S-none_K-1_C-5_W-20_Col-15/full_eval/batch_summary_viewer.csv
G:/GitHub/Latent_Style,,LANCET/LBM,schrodingerbridge_grid_search,schrodingerbridge_grid_search,,full_eval,,,0.7011615643501281,0.43927317174666664,0.82993471184,,,,,,,,,,,,,3.91,,,SchrodingerBridge/archives/old_experiment_dirs/grid_search_3epoch/S-none_K-1_C-5_W-20_Col-15/full_eval/batch_summary_viewer.csv,generic_csv,metric_evidence,Parsed from SchrodingerBridge/archives/old_experiment_dirs/grid_search_3epoch/S-none_K-1_C-5_W-20_Col-15/full_eval/batch_summary_viewer.csv
G:/GitHub/Latent_Style,,LANCET/LBM,schrodingerbridge_grid_search,schrodingerbridge_grid_search,,full_eval,,,0.6779913414319355,0.35258716399999995,0.8919424414799999,,,,,,,,,,,,,3.91,,,SchrodingerBridge/archives/old_experiment_dirs/grid_search_3epoch/S-none_K-2_C-0_W-10_Col-0/full_eval/batch_summary.csv,generic_csv,metric_evidence,Parsed from SchrodingerBridge/archives/old_experiment_dirs/grid_search_3epoch/S-none_K-2_C-0_W-10_Col-0/full_eval/batch_summary.csv
G:/GitHub/Latent_Style,,LANCET/LBM,schrodingerbridge_grid_search,schrodingerbridge_grid_search,,full_eval,,,0.6842238728602728,0.3441820150266666,0.89200282196,,,,,,,,,,,,,3.91,,,SchrodingerBridge/archives/old_experiment_dirs/grid_search_3epoch/S-none_K-2_C-0_W-10_Col-0/full_eval/batch_summary.csv,generic_csv,metric_evidence,Parsed from SchrodingerBridge/archives/old_experiment_dirs/grid_search_3epoch/S-none_K-2_C-0_W-10_Col-0/full_eval/batch_summary.csv
G:/GitHub/Latent_Style,,LANCET/LBM,schrodingerbridge_grid_search,schrodingerbridge_grid_search,,full_eval,,,0.6846931705474855,0.34167278016,0.8930507703066667,,,,,,,,,,,,,3.91,,,SchrodingerBridge/archives/old_experiment_dirs/grid_search_3epoch/S-none_K-2_C-0_W-10_Col-0/full_eval/batch_summary.csv,generic_csv,metric_evidence,Parsed from SchrodingerBridge/archives/old_experiment_dirs/grid_search_3epoch/S-none_K-2_C-0_W-10_Col-0/full_eval/batch_summary.csv
G:/GitHub/Latent_Style,,LANCET/LBM,schrodingerbridge_grid_search,schrodingerbridge_grid_search,,full_eval,,,0.6898772581020991,0.36229836021333334,0.8829327206400001,,,,,,,,,,,,,3.91,,,SchrodingerBridge/archives/old_experiment_dirs/grid_search_3epoch/S-none_K-2_C-0_W-10_Col-0/full_eval/batch_summary.csv,generic_csv,metric_evidence,Parsed from SchrodingerBridge/archives/old_experiment_dirs/grid_search_3epoch/S-none_K-2_C-0_W-10_Col-0/full_eval/batch_summary.csv
G:/GitHub/Latent_Style,,LANCET/LBM,schrodingerbridge_grid_search,schrodingerbridge_grid_search,,full_eval,,,0.692881925145785,0.36741331466666666,0.8802160556399999,,,,,,,,,,,,,3.91,,,SchrodingerBridge/archives/old_experiment_dirs/grid_search_3epoch/S-none_K-2_C-0_W-10_Col-0/full_eval/batch_summary.csv,generic_csv,metric_evidence,Parsed from SchrodingerBridge/archives/old_experiment_dirs/grid_search_3epoch/S-none_K-2_C-0_W-10_Col-0/full_eval/batch_summary.csv
G:/GitHub/Latent_Style,,LANCET/LBM,schrodingerbridge_grid_search,schrodingerbridge_grid_search,,full_eval,,,0.6969177633523941,0.3799703603866667,0.8721252502,,,,,,,,,,,,,3.91,,,SchrodingerBridge/archives/old_experiment_dirs/grid_search_3epoch/S-none_K-2_C-0_W-10_Col-0/full_eval/batch_summary.csv,generic_csv,metric_evidence,Parsed from SchrodingerBridge/archives/old_experiment_dirs/grid_search_3epoch/S-none_K-2_C-0_W-10_Col-0/full_eval/batch_summary.csv
G:/GitHub/Latent_Style,,LANCET/LBM,schrodingerbridge_grid_search,schrodingerbridge_grid_search,,full_eval,,,0.6963394125302632,0.38108803560000004,0.87087584572,,,,,,,,,,,,,3.91,,,SchrodingerBridge/archives/old_experiment_dirs/grid_search_3epoch/S-none_K-2_C-0_W-10_Col-0/full_eval/batch_summary.csv,generic_csv,metric_evidence,Parsed from SchrodingerBridge/archives/old_experiment_dirs/grid_search_3epoch/S-none_K-2_C-0_W-10_Col-0/full_eval/batch_summary.csv
G:/GitHub/Latent_Style,,LANCET/LBM,schrodingerbridge_grid_search,schrodingerbridge_grid_search,,full_eval,,,0.6954849292834601,0.3808265913066667,0.8692952499599998,,,,,,,,,,,,,3.91,,,SchrodingerBridge/archives/old_experiment_dirs/grid_search_3epoch/S-none_K-2_C-0_W-10_Col-0/full_eval/batch_summary.csv,generic_csv,metric_evidence,Parsed from SchrodingerBridge/archives/old_experiment_dirs/grid_search_3epoch/S-none_K-2_C-0_W-10_Col-0/full_eval/batch_summary.csv
G:/GitHub/Latent_Style,,LANCET/LBM,schrodingerbridge_grid_search,schrodingerbridge_grid_search,,full_eval,,,0.6779913414319355,0.35258716399999995,0.8919424414799999,,,,,,,,,,,,,3.91,,,SchrodingerBridge/archives/old_experiment_dirs/grid_search_3epoch/S-none_K-2_C-0_W-10_Col-0/full_eval/batch_summary_viewer.csv,generic_csv,metric_evidence,Parsed from SchrodingerBridge/archives/old_experiment_dirs/grid_search_3epoch/S-none_K-2_C-0_W-10_Col-0/full_eval/batch_summary_viewer.csv
G:/GitHub/Latent_Style,,LANCET/LBM,schrodingerbridge_grid_search,schrodingerbridge_grid_search,,full_eval,,,0.6842238728602728,0.3441820150266666,0.89200282196,,,,,,,,,,,,,3.91,,,SchrodingerBridge/archives/old_experiment_dirs/grid_search_3epoch/S-none_K-2_C-0_W-10_Col-0/full_eval/batch_summary_viewer.csv,generic_csv,metric_evidence,Parsed from SchrodingerBridge/archives/old_experiment_dirs/grid_search_3epoch/S-none_K-2_C-0_W-10_Col-0/full_eval/batch_summary_viewer.csv
G:/GitHub/Latent_Style,,LANCET/LBM,schrodingerbridge_grid_search,schrodingerbridge_grid_search,,full_eval,,,0.6846931705474855,0.34167278016,0.8930507703066667,,,,,,,,,,,,,3.91,,,SchrodingerBridge/archives/old_experiment_dirs/grid_search_3epoch/S-none_K-2_C-0_W-10_Col-0/full_eval/batch_summary_viewer.csv,generic_csv,metric_evidence,Parsed from SchrodingerBridge/archives/old_experiment_dirs/grid_search_3epoch/S-none_K-2_C-0_W-10_Col-0/full_eval/batch_summary_viewer.csv
G:/GitHub/Latent_Style,,LANCET/LBM,schrodingerbridge_grid_search,schrodingerbridge_grid_search,,full_eval,,,0.6898772581020991,0.36229836021333334,0.8829327206400001,,,,,,,,,,,,,3.91,,,SchrodingerBridge/archives/old_experiment_dirs/grid_search_3epoch/S-none_K-2_C-0_W-10_Col-0/full_eval/batch_summary_viewer.csv,generic_csv,metric_evidence,Parsed from SchrodingerBridge/archives/old_experiment_dirs/grid_search_3epoch/S-none_K-2_C-0_W-10_Col-0/full_eval/batch_summary_viewer.csv
G:/GitHub/Latent_Style,,LANCET/LBM,schrodingerbridge_grid_search,schrodingerbridge_grid_search,,full_eval,,,0.692881925145785,0.36741331466666666,0.8802160556399999,,,,,,,,,,,,,3.91,,,SchrodingerBridge/archives/old_experiment_dirs/grid_search_3epoch/S-none_K-2_C-0_W-10_Col-0/full_eval/batch_summary_viewer.csv,generic_csv,metric_evidence,Parsed from SchrodingerBridge/archives/old_experiment_dirs/grid_search_3epoch/S-none_K-2_C-0_W-10_Col-0/full_eval/batch_summary_viewer.csv
G:/GitHub/Latent_Style,,LANCET/LBM,schrodingerbridge_grid_search,schrodingerbridge_grid_search,,full_eval,,,0.6969177633523941,0.3799703603866667,0.8721252502,,,,,,,,,,,,,3.91,,,SchrodingerBridge/archives/old_experiment_dirs/grid_search_3epoch/S-none_K-2_C-0_W-10_Col-0/full_eval/batch_summary_viewer.csv,generic_csv,metric_evidence,Parsed from SchrodingerBridge/archives/old_experiment_dirs/grid_search_3epoch/S-none_K-2_C-0_W-10_Col-0/full_eval/batch_summary_viewer.csv
G:/GitHub/Latent_Style,,LANCET/LBM,schrodingerbridge_grid_search,schrodingerbridge_grid_search,,full_eval,,,0.6963394125302632,0.38108803560000004,0.87087584572,,,,,,,,,,,,,3.91,,,SchrodingerBridge/archives/old_experiment_dirs/grid_search_3epoch/S-none_K-2_C-0_W-10_Col-0/full_eval/batch_summary_viewer.csv,generic_csv,metric_evidence,Parsed from SchrodingerBridge/archives/old_experiment_dirs/grid_search_3epoch/S-none_K-2_C-0_W-10_Col-0/full_eval/batch_summary_viewer.csv
G:/GitHub/Latent_Style,,LANCET/LBM,schrodingerbridge_grid_search,schrodingerbridge_grid_search,,full_eval,,,0.6954849292834601,0.3808265913066667,0.8692952499599998,,,,,,,,,,,,,3.91,,,SchrodingerBridge/archives/old_experiment_dirs/grid_search_3epoch/S-none_K-2_C-0_W-10_Col-0/full_eval/batch_summary_viewer.csv,generic_csv,metric_evidence,Parsed from SchrodingerBridge/archives/old_experiment_dirs/grid_search_3epoch/S-none_K-2_C-0_W-10_Col-0/full_eval/batch_summary_viewer.csv
G:/GitHub/Latent_Style,,LANCET/LBM,schrodingerbridge_grid_search,schrodingerbridge_grid_search,,full_eval,,,0.6952243327299754,0.41693169377333333,0.8455617515599999,,,,,,,,,,,,,3.91,,,SchrodingerBridge/archives/old_experiment_dirs/grid_search_3epoch/S-none_K-2_C-0_W-10_Col-15/full_eval/batch_summary.csv,generic_csv,metric_evidence,Parsed from SchrodingerBridge/archives/old_experiment_dirs/grid_search_3epoch/S-none_K-2_C-0_W-10_Col-15/full_eval/batch_summary.csv
G:/GitHub/Latent_Style,,LANCET/LBM,schrodingerbridge_grid_search,schrodingerbridge_grid_search,,full_eval,,,0.6945322533051173,0.40943581368,0.8456933548266667,,,,,,,,,,,,,3.91,,,SchrodingerBridge/archives/old_experiment_dirs/grid_search_3epoch/S-none_K-2_C-0_W-10_Col-15/full_eval/batch_summary.csv,generic_csv,metric_evidence,Parsed from SchrodingerBridge/archives/old_experiment_dirs/grid_search_3epoch/S-none_K-2_C-0_W-10_Col-15/full_eval/batch_summary.csv
G:/GitHub/Latent_Style,,LANCET/LBM,schrodingerbridge_grid_search,schrodingerbridge_grid_search,,full_eval,,,0.6980076643625895,0.42138496022666666,0.8368718686666667,,,,,,,,,,,,,3.91,,,SchrodingerBridge/archives/old_experiment_dirs/grid_search_3epoch/S-none_K-2_C-0_W-10_Col-15/full_eval/batch_summary.csv,generic_csv,metric_evidence,Parsed from SchrodingerBridge/archives/old_experiment_dirs/grid_search_3epoch/S-none_K-2_C-0_W-10_Col-15/full_eval/batch_summary.csv
G:/GitHub/Latent_Style,,LANCET/LBM,schrodingerbridge_grid_search,schrodingerbridge_grid_search,,full_eval,,,0.702789036432902,0.4434297163466666,0.8245437795466667,,,,,,,,,,,,,3.91,,,SchrodingerBridge/archives/old_experiment_dirs/grid_search_3epoch/S-none_K-2_C-0_W-10_Col-15/full_eval/batch_summary.csv,generic_csv,metric_evidence,Parsed from SchrodingerBridge/archives/old_experiment_dirs/grid_search_3epoch/S-none_K-2_C-0_W-10_Col-15/full_eval/batch_summary.csv
G:/GitHub/Latent_Style,,LANCET/LBM,schrodingerbridge_grid_search,schrodingerbridge_grid_search,,full_eval,,,0.7046831709543865,0.45552497614666665,0.80872609704,,,,,,,,,,,,,3.91,,,SchrodingerBridge/archives/old_experiment_dirs/grid_search_3epoch/S-none_K-2_C-0_W-10_Col-15/full_eval/batch_summary.csv,generic_csv,metric_evidence,Parsed from SchrodingerBridge/archives/old_experiment_dirs/grid_search_3epoch/S-none_K-2_C-0_W-10_Col-15/full_eval/batch_summary.csv
G:/GitHub/Latent_Style,,LANCET/LBM,schrodingerbridge_grid_search,schrodingerbridge_grid_search,,full_eval,,,0.7052992966572446,0.4608806330133334,0.804185004,,,,,,,,,,,,,3.91,,,SchrodingerBridge/archives/old_experiment_dirs/grid_search_3epoch/S-none_K-2_C-0_W-10_Col-15/full_eval/batch_summary.csv,generic_csv,metric_evidence,Parsed from SchrodingerBridge/archives/old_experiment_dirs/grid_search_3epoch/S-none_K-2_C-0_W-10_Col-15/full_eval/batch_summary.csv
G:/GitHub/Latent_Style,,LANCET/LBM,schrodingerbridge_grid_search,schrodingerbridge_grid_search,,full_eval,,,0.7063727161089579,0.4664240289066667,0.7993530113866666,,,,,,,,,,,,,3.91,,,SchrodingerBridge/archives/old_experiment_dirs/grid_search_3epoch/S-none_K-2_C-0_W-10_Col-15/full_eval/batch_summary.csv,generic_csv,metric_evidence,Parsed from SchrodingerBridge/archives/old_experiment_dirs/grid_search_3epoch/S-none_K-2_C-0_W-10_Col-15/full_eval/batch_summary.csv
G:/GitHub/Latent_Style,,LANCET/LBM,schrodingerbridge_grid_search,schrodingerbridge_grid_search,,full_eval,,,0.707026506582896,0.47178064508,0.7934902017733333,,,,,,,,,,,,,3.91,,,SchrodingerBridge/archives/old_experiment_dirs/grid_search_3epoch/S-none_K-2_C-0_W-10_Col-15/full_eval/batch_summary.csv,generic_csv,metric_evidence,Parsed from SchrodingerBridge/archives/old_experiment_dirs/grid_search_3epoch/S-none_K-2_C-0_W-10_Col-15/full_eval/batch_summary.csv
G:/GitHub/Latent_Style,,LANCET/LBM,schrodingerbridge_grid_search,schrodingerbridge_grid_search,,full_eval,,,0.6952243327299754,0.41693169377333333,0.8455617515599999,,,,,,,,,,,,,3.91,,,SchrodingerBridge/archives/old_experiment_dirs/grid_search_3epoch/S-none_K-2_C-0_W-10_Col-15/full_eval/batch_summary_viewer.csv,generic_csv,metric_evidence,Parsed from SchrodingerBridge/archives/old_experiment_dirs/grid_search_3epoch/S-none_K-2_C-0_W-10_Col-15/full_eval/batch_summary_viewer.csv
G:/GitHub/Latent_Style,,LANCET/LBM,schrodingerbridge_grid_search,schrodingerbridge_grid_search,,full_eval,,,0.6945322533051173,0.40943581368,0.8456933548266667,,,,,,,,,,,,,3.91,,,SchrodingerBridge/archives/old_experiment_dirs/grid_search_3epoch/S-none_K-2_C-0_W-10_Col-15/full_eval/batch_summary_viewer.csv,generic_csv,metric_evidence,Parsed from SchrodingerBridge/archives/old_experiment_dirs/grid_search_3epoch/S-none_K-2_C-0_W-10_Col-15/full_eval/batch_summary_viewer.csv
G:/GitHub/Latent_Style,,LANCET/LBM,schrodingerbridge_grid_search,schrodingerbridge_grid_search,,full_eval,,,0.6980076643625895,0.42138496022666666,0.8368718686666667,,,,,,,,,,,,,3.91,,,SchrodingerBridge/archives/old_experiment_dirs/grid_search_3epoch/S-none_K-2_C-0_W-10_Col-15/full_eval/batch_summary_viewer.csv,generic_csv,metric_evidence,Parsed from SchrodingerBridge/archives/old_experiment_dirs/grid_search_3epoch/S-none_K-2_C-0_W-10_Col-15/full_eval/batch_summary_viewer.csv
G:/GitHub/Latent_Style,,LANCET/LBM,schrodingerbridge_grid_search,schrodingerbridge_grid_search,,full_eval,,,0.702789036432902,0.4434297163466666,0.8245437795466667,,,,,,,,,,,,,3.91,,,SchrodingerBridge/archives/old_experiment_dirs/grid_search_3epoch/S-none_K-2_C-0_W-10_Col-15/full_eval/batch_summary_viewer.csv,generic_csv,metric_evidence,Parsed from SchrodingerBridge/archives/old_experiment_dirs/grid_search_3epoch/S-none_K-2_C-0_W-10_Col-15/full_eval/batch_summary_viewer.csv
G:/GitHub/Latent_Style,,LANCET/LBM,schrodingerbridge_grid_search,schrodingerbridge_grid_search,,full_eval,,,0.7046831709543865,0.45552497614666665,0.80872609704,,,,,,,,,,,,,3.91,,,SchrodingerBridge/archives/old_experiment_dirs/grid_search_3epoch/S-none_K-2_C-0_W-10_Col-15/full_eval/batch_summary_viewer.csv,generic_csv,metric_evidence,Parsed from SchrodingerBridge/archives/old_experiment_dirs/grid_search_3epoch/S-none_K-2_C-0_W-10_Col-15/full_eval/batch_summary_viewer.csv
G:/GitHub/Latent_Style,,LANCET/LBM,schrodingerbridge_grid_search,schrodingerbridge_grid_search,,full_eval,,,0.7052992966572446,0.4608806330133334,0.804185004,,,,,,,,,,,,,3.91,,,SchrodingerBridge/archives/old_experiment_dirs/grid_search_3epoch/S-none_K-2_C-0_W-10_Col-15/full_eval/batch_summary_viewer.csv,generic_csv,metric_evidence,Parsed from SchrodingerBridge/archives/old_experiment_dirs/grid_search_3epoch/S-none_K-2_C-0_W-10_Col-15/full_eval/batch_summary_viewer.csv
G:/GitHub/Latent_Style,,LANCET/LBM,schrodingerbridge_grid_search,schrodingerbridge_grid_search,,full_eval,,,0.7063727161089579,0.4664240289066667,0.7993530113866666,,,,,,,,,,,,,3.91,,,SchrodingerBridge/archives/old_experiment_dirs/grid_search_3epoch/S-none_K-2_C-0_W-10_Col-15/full_eval/batch_summary_viewer.csv,generic_csv,metric_evidence,Parsed from SchrodingerBridge/archives/old_experiment_dirs/grid_search_3epoch/S-none_K-2_C-0_W-10_Col-15/full_eval/batch_summary_viewer.csv
G:/GitHub/Latent_Style,,LANCET/LBM,schrodingerbridge_grid_search,schrodingerbridge_grid_search,,full_eval,,,0.707026506582896,0.47178064508,0.7934902017733333,,,,,,,,,,,,,3.91,,,SchrodingerBridge/archives/old_experiment_dirs/grid_search_3epoch/S-none_K-2_C-0_W-10_Col-15/full_eval/batch_summary_viewer.csv,generic_csv,metric_evidence,Parsed from SchrodingerBridge/archives/old_experiment_dirs/grid_search_3epoch/S-none_K-2_C-0_W-10_Col-15/full_eval/batch_summary_viewer.csv
G:/GitHub/Latent_Style,,LANCET/LBM,schrodingerbridge_grid_search,schrodingerbridge_grid_search,,full_eval,,,0.6826176742315292,0.35593784143999996,0.8873781440933333,,,,,,,,,,,,,3.91,,,SchrodingerBridge/archives/old_experiment_dirs/grid_search_3epoch/S-none_K-2_C-0_W-20_Col-0/full_eval/batch_summary.csv,generic_csv,metric_evidence,Parsed from SchrodingerBridge/archives/old_experiment_dirs/grid_search_3epoch/S-none_K-2_C-0_W-20_Col-0/full_eval/batch_summary.csv
G:/GitHub/Latent_Style,,LANCET/LBM,schrodingerbridge_grid_search,schrodingerbridge_grid_search,,full_eval,,,0.6899166777133943,0.35960122032,0.8853585498133333,,,,,,,,,,,,,3.91,,,SchrodingerBridge/archives/old_experiment_dirs/grid_search_3epoch/S-none_K-2_C-0_W-20_Col-0/full_eval/batch_summary.csv,generic_csv,metric_evidence,Parsed from SchrodingerBridge/archives/old_experiment_dirs/grid_search_3epoch/S-none_K-2_C-0_W-20_Col-0/full_eval/batch_summary.csv
G:/GitHub/Latent_Style,,LANCET/LBM,schrodingerbridge_grid_search,schrodingerbridge_grid_search,,full_eval,,,0.6923616325855255,0.3669324524533333,0.8799403484266668,,,,,,,,,,,,,3.91,,,SchrodingerBridge/archives/old_experiment_dirs/grid_search_3epoch/S-none_K-2_C-0_W-20_Col-0/full_eval/batch_summary.csv,generic_csv,metric_evidence,Parsed from SchrodingerBridge/archives/old_experiment_dirs/grid_search_3epoch/S-none_K-2_C-0_W-20_Col-0/full_eval/batch_summary.csv
G:/GitHub/Latent_Style,,LANCET/LBM,schrodingerbridge_grid_search,schrodingerbridge_grid_search,,full_eval,,,0.6943307172457378,0.3796649040266667,0.8719068362666667,,,,,,,,,,,,,3.91,,,SchrodingerBridge/archives/old_experiment_dirs/grid_search_3epoch/S-none_K-2_C-0_W-20_Col-0/full_eval/batch_summary.csv,generic_csv,metric_evidence,Parsed from SchrodingerBridge/archives/old_experiment_dirs/grid_search_3epoch/S-none_K-2_C-0_W-20_Col-0/full_eval/batch_summary.csv
G:/GitHub/Latent_Style,,LANCET/LBM,schrodingerbridge_grid_search,schrodingerbridge_grid_search,,full_eval,,,0.6974530941645304,0.38752101967999997,0.8667033631866665,,,,,,,,,,,,,3.91,,,SchrodingerBridge/archives/old_experiment_dirs/grid_search_3epoch/S-none_K-2_C-0_W-20_Col-0/full_eval/batch_summary.csv,generic_csv,metric_evidence,Parsed from SchrodingerBridge/archives/old_experiment_dirs/grid_search_3epoch/S-none_K-2_C-0_W-20_Col-0/full_eval/batch_summary.csv
G:/GitHub/Latent_Style,,LANCET/LBM,schrodingerbridge_grid_search,schrodingerbridge_grid_search,,full_eval,,,0.7018256240288417,0.40351390483999994,0.8564738841600001,,,,,,,,,,,,,3.91,,,SchrodingerBridge/archives/old_experiment_dirs/grid_search_3epoch/S-none_K-2_C-0_W-20_Col-0/full_eval/batch_summary.csv,generic_csv,metric_evidence,Parsed from SchrodingerBridge/archives/old_experiment_dirs/grid_search_3epoch/S-none_K-2_C-0_W-20_Col-0/full_eval/batch_summary.csv
G:/GitHub/Latent_Style,,LANCET/LBM,schrodingerbridge_grid_search,schrodingerbridge_grid_search,,full_eval,,,0.7027880112330118,0.41449864740000003,0.8493066416133334,,,,,,,,,,,,,3.91,,,SchrodingerBridge/archives/old_experiment_dirs/grid_search_3epoch/S-none_K-2_C-0_W-20_Col-0/full_eval/batch_summary.csv,generic_csv,metric_evidence,Parsed from SchrodingerBridge/archives/old_experiment_dirs/grid_search_3epoch/S-none_K-2_C-0_W-20_Col-0/full_eval/batch_summary.csv
G:/GitHub/Latent_Style,,LANCET/LBM,schrodingerbridge_grid_search,schrodingerbridge_grid_search,,full_eval,,,0.7016411415735881,0.4101704897866667,0.8488287737733335,,,,,,,,,,,,,3.91,,,SchrodingerBridge/archives/old_experiment_dirs/grid_search_3epoch/S-none_K-2_C-0_W-20_Col-0/full_eval/batch_summary.csv,generic_csv,metric_evidence,Parsed from SchrodingerBridge/archives/old_experiment_dirs/grid_search_3epoch/S-none_K-2_C-0_W-20_Col-0/full_eval/batch_summary.csv
G:/GitHub/Latent_Style,,LANCET/LBM,schrodingerbridge_grid_search,schrodingerbridge_grid_search,,full_eval,,,0.6826176742315292,0.35593784143999996,0.8873781440933333,,,,,,,,,,,,,3.91,,,SchrodingerBridge/archives/old_experiment_dirs/grid_search_3epoch/S-none_K-2_C-0_W-20_Col-0/full_eval/batch_summary_viewer.csv,generic_csv,metric_evidence,Parsed from SchrodingerBridge/archives/old_experiment_dirs/grid_search_3epoch/S-none_K-2_C-0_W-20_Col-0/full_eval/batch_summary_viewer.csv
G:/GitHub/Latent_Style,,LANCET/LBM,schrodingerbridge_grid_search,schrodingerbridge_grid_search,,full_eval,,,0.6899166777133943,0.35960122032,0.8853585498133333,,,,,,,,,,,,,3.91,,,SchrodingerBridge/archives/old_experiment_dirs/grid_search_3epoch/S-none_K-2_C-0_W-20_Col-0/full_eval/batch_summary_viewer.csv,generic_csv,metric_evidence,Parsed from SchrodingerBridge/archives/old_experiment_dirs/grid_search_3epoch/S-none_K-2_C-0_W-20_Col-0/full_eval/batch_summary_viewer.csv
G:/GitHub/Latent_Style,,LANCET/LBM,schrodingerbridge_grid_search,schrodingerbridge_grid_search,,full_eval,,,0.6923616325855255,0.3669324524533333,0.8799403484266668,,,,,,,,,,,,,3.91,,,SchrodingerBridge/archives/old_experiment_dirs/grid_search_3epoch/S-none_K-2_C-0_W-20_Col-0/full_eval/batch_summary_viewer.csv,generic_csv,metric_evidence,Parsed from SchrodingerBridge/archives/old_experiment_dirs/grid_search_3epoch/S-none_K-2_C-0_W-20_Col-0/full_eval/batch_summary_viewer.csv
G:/GitHub/Latent_Style,,LANCET/LBM,schrodingerbridge_grid_search,schrodingerbridge_grid_search,,full_eval,,,0.6943307172457378,0.3796649040266667,0.8719068362666667,,,,,,,,,,,,,3.91,,,SchrodingerBridge/archives/old_experiment_dirs/grid_search_3epoch/S-none_K-2_C-0_W-20_Col-0/full_eval/batch_summary_viewer.csv,generic_csv,metric_evidence,Parsed from SchrodingerBridge/archives/old_experiment_dirs/grid_search_3epoch/S-none_K-2_C-0_W-20_Col-0/full_eval/batch_summary_viewer.csv
G:/GitHub/Latent_Style,,LANCET/LBM,schrodingerbridge_grid_search,schrodingerbridge_grid_search,,full_eval,,,0.6974530941645304,0.38752101967999997,0.8667033631866665,,,,,,,,,,,,,3.91,,,SchrodingerBridge/archives/old_experiment_dirs/grid_search_3epoch/S-none_K-2_C-0_W-20_Col-0/full_eval/batch_summary_viewer.csv,generic_csv,metric_evidence,Parsed from SchrodingerBridge/archives/old_experiment_dirs/grid_search_3epoch/S-none_K-2_C-0_W-20_Col-0/full_eval/batch_summary_viewer.csv
G:/GitHub/Latent_Style,,LANCET/LBM,schrodingerbridge_grid_search,schrodingerbridge_grid_search,,full_eval,,,0.7018256240288417,0.40351390483999994,0.8564738841600001,,,,,,,,,,,,,3.91,,,SchrodingerBridge/archives/old_experiment_dirs/grid_search_3epoch/S-none_K-2_C-0_W-20_Col-0/full_eval/batch_summary_viewer.csv,generic_csv,metric_evidence,Parsed from SchrodingerBridge/archives/old_experiment_dirs/grid_search_3epoch/S-none_K-2_C-0_W-20_Col-0/full_eval/batch_summary_viewer.csv
G:/GitHub/Latent_Style,,LANCET/LBM,schrodingerbridge_grid_search,schrodingerbridge_grid_search,,full_eval,,,0.7027880112330118,0.41449864740000003,0.8493066416133334,,,,,,,,,,,,,3.91,,,SchrodingerBridge/archives/old_experiment_dirs/grid_search_3epoch/S-none_K-2_C-0_W-20_Col-0/full_eval/batch_summary_viewer.csv,generic_csv,metric_evidence,Parsed from SchrodingerBridge/archives/old_experiment_dirs/grid_search_3epoch/S-none_K-2_C-0_W-20_Col-0/full_eval/batch_summary_viewer.csv
G:/GitHub/Latent_Style,,LANCET/LBM,schrodingerbridge_grid_search,schrodingerbridge_grid_search,,full_eval,,,0.7016411415735881,0.4101704897866667,0.8488287737733335,,,,,,,,,,,,,3.91,,,SchrodingerBridge/archives/old_experiment_dirs/grid_search_3epoch/S-none_K-2_C-0_W-20_Col-0/full_eval/batch_summary_viewer.csv,generic_csv,metric_evidence,Parsed from SchrodingerBridge/archives/old_experiment_dirs/grid_search_3epoch/S-none_K-2_C-0_W-20_Col-0/full_eval/batch_summary_viewer.csv
G:/GitHub/Latent_Style,,LANCET/LBM,schrodingerbridge_grid_search,schrodingerbridge_grid_search,,full_eval,,,0.6950515008370082,0.4121310107066667,0.8500408104799999,,,,,,,,,,,,,3.91,,,SchrodingerBridge/archives/old_experiment_dirs/grid_search_3epoch/S-none_K-2_C-0_W-20_Col-15/full_eval/batch_summary.csv,generic_csv,metric_evidence,Parsed from SchrodingerBridge/archives/old_experiment_dirs/grid_search_3epoch/S-none_K-2_C-0_W-20_Col-15/full_eval/batch_summary.csv
G:/GitHub/Latent_Style,,LANCET/LBM,schrodingerbridge_grid_search,schrodingerbridge_grid_search,,full_eval,,,0.6946617808341979,0.40532530093333335,0.8458548835066666,,,,,,,,,,,,,3.91,,,SchrodingerBridge/archives/old_experiment_dirs/grid_search_3epoch/S-none_K-2_C-0_W-20_Col-15/full_eval/batch_summary.csv,generic_csv,metric_evidence,Parsed from SchrodingerBridge/archives/old_experiment_dirs/grid_search_3epoch/S-none_K-2_C-0_W-20_Col-15/full_eval/batch_summary.csv
G:/GitHub/Latent_Style,,LANCET/LBM,schrodingerbridge_grid_search,schrodingerbridge_grid_search,,full_eval,,,0.7029663746754329,0.44229474067999996,0.8199907863733332,,,,,,,,,,,,,3.91,,,SchrodingerBridge/archives/old_experiment_dirs/grid_search_3epoch/S-none_K-2_C-0_W-20_Col-15/full_eval/batch_summary.csv,generic_csv,metric_evidence,Parsed from SchrodingerBridge/archives/old_experiment_dirs/grid_search_3epoch/S-none_K-2_C-0_W-20_Col-15/full_eval/batch_summary.csv
G:/GitHub/Latent_Style,,LANCET/LBM,schrodingerbridge_grid_search,schrodingerbridge_grid_search,,full_eval,,,0.7080147931178411,0.46719846932,0.8025296612133332,,,,,,,,,,,,,3.91,,,SchrodingerBridge/archives/old_experiment_dirs/grid_search_3epoch/S-none_K-2_C-0_W-20_Col-15/full_eval/batch_summary.csv,generic_csv,metric_evidence,Parsed from SchrodingerBridge/archives/old_experiment_dirs/grid_search_3epoch/S-none_K-2_C-0_W-20_Col-15/full_eval/batch_summary.csv
G:/GitHub/Latent_Style,,LANCET/LBM,schrodingerbridge_grid_search,schrodingerbridge_grid_search,,full_eval,,,0.709089428861936,0.4799850483333333,0.78595549952,,,,,,,,,,,,,3.91,,,SchrodingerBridge/archives/old_experiment_dirs/grid_search_3epoch/S-none_K-2_C-0_W-20_Col-15/full_eval/batch_summary.csv,generic_csv,metric_evidence,Parsed from SchrodingerBridge/archives/old_experiment_dirs/grid_search_3epoch/S-none_K-2_C-0_W-20_Col-15/full_eval/batch_summary.csv
G:/GitHub/Latent_Style,,LANCET/LBM,schrodingerbridge_grid_search,schrodingerbridge_grid_search,,full_eval,,,0.7097837330102921,0.48549460436,0.78208913416,,,,,,,,,,,,,3.91,,,SchrodingerBridge/archives/old_experiment_dirs/grid_search_3epoch/S-none_K-2_C-0_W-20_Col-15/full_eval/batch_summary.csv,generic_csv,metric_evidence,Parsed from SchrodingerBridge/archives/old_experiment_dirs/grid_search_3epoch/S-none_K-2_C-0_W-20_Col-15/full_eval/batch_summary.csv
G:/GitHub/Latent_Style,,LANCET/LBM,schrodingerbridge_grid_search,schrodingerbridge_grid_search,,full_eval,,,0.7114487874905268,0.49691251131999997,0.7713153500000002,,,,,,,,,,,,,3.91,,,SchrodingerBridge/archives/old_experiment_dirs/grid_search_3epoch/S-none_K-2_C-0_W-20_Col-15/full_eval/batch_summary.csv,generic_csv,metric_evidence,Parsed from SchrodingerBridge/archives/old_experiment_dirs/grid_search_3epoch/S-none_K-2_C-0_W-20_Col-15/full_eval/batch_summary.csv
G:/GitHub/Latent_Style,,LANCET/LBM,schrodingerbridge_grid_search,schrodingerbridge_grid_search,,full_eval,,,0.710875095963478,0.50010558176,0.76580412056,,,,,,,,,,,,,3.91,,,SchrodingerBridge/archives/old_experiment_dirs/grid_search_3epoch/S-none_K-2_C-0_W-20_Col-15/full_eval/batch_summary.csv,generic_csv,metric_evidence,Parsed from SchrodingerBridge/archives/old_experiment_dirs/grid_search_3epoch/S-none_K-2_C-0_W-20_Col-15/full_eval/batch_summary.csv
G:/GitHub/Latent_Style,,LANCET/LBM,schrodingerbridge_grid_search,schrodingerbridge_grid_search,,full_eval,,,0.6950515008370082,0.4121310107066667,0.8500408104799999,,,,,,,,,,,,,3.91,,,SchrodingerBridge/archives/old_experiment_dirs/grid_search_3epoch/S-none_K-2_C-0_W-20_Col-15/full_eval/batch_summary_viewer.csv,generic_csv,metric_evidence,Parsed from SchrodingerBridge/archives/old_experiment_dirs/grid_search_3epoch/S-none_K-2_C-0_W-20_Col-15/full_eval/batch_summary_viewer.csv
G:/GitHub/Latent_Style,,LANCET/LBM,schrodingerbridge_grid_search,schrodingerbridge_grid_search,,full_eval,,,0.6946617808341979,0.40532530093333335,0.8458548835066666,,,,,,,,,,,,,3.91,,,SchrodingerBridge/archives/old_experiment_dirs/grid_search_3epoch/S-none_K-2_C-0_W-20_Col-15/full_eval/batch_summary_viewer.csv,generic_csv,metric_evidence,Parsed from SchrodingerBridge/archives/old_experiment_dirs/grid_search_3epoch/S-none_K-2_C-0_W-20_Col-15/full_eval/batch_summary_viewer.csv
G:/GitHub/Latent_Style,,LANCET/LBM,schrodingerbridge_grid_search,schrodingerbridge_grid_search,,full_eval,,,0.7029663746754329,0.44229474067999996,0.8199907863733332,,,,,,,,,,,,,3.91,,,SchrodingerBridge/archives/old_experiment_dirs/grid_search_3epoch/S-none_K-2_C-0_W-20_Col-15/full_eval/batch_summary_viewer.csv,generic_csv,metric_evidence,Parsed from SchrodingerBridge/archives/old_experiment_dirs/grid_search_3epoch/S-none_K-2_C-0_W-20_Col-15/full_eval/batch_summary_viewer.csv
G:/GitHub/Latent_Style,,LANCET/LBM,schrodingerbridge_grid_search,schrodingerbridge_grid_search,,full_eval,,,0.7080147931178411,0.46719846932,0.8025296612133332,,,,,,,,,,,,,3.91,,,SchrodingerBridge/archives/old_experiment_dirs/grid_search_3epoch/S-none_K-2_C-0_W-20_Col-15/full_eval/batch_summary_viewer.csv,generic_csv,metric_evidence,Parsed from SchrodingerBridge/archives/old_experiment_dirs/grid_search_3epoch/S-none_K-2_C-0_W-20_Col-15/full_eval/batch_summary_viewer.csv
G:/GitHub/Latent_Style,,LANCET/LBM,schrodingerbridge_grid_search,schrodingerbridge_grid_search,,full_eval,,,0.709089428861936,0.4799850483333333,0.78595549952,,,,,,,,,,,,,3.91,,,SchrodingerBridge/archives/old_experiment_dirs/grid_search_3epoch/S-none_K-2_C-0_W-20_Col-15/full_eval/batch_summary_viewer.csv,generic_csv,metric_evidence,Parsed from SchrodingerBridge/archives/old_experiment_dirs/grid_search_3epoch/S-none_K-2_C-0_W-20_Col-15/full_eval/batch_summary_viewer.csv
G:/GitHub/Latent_Style,,LANCET/LBM,schrodingerbridge_grid_search,schrodingerbridge_grid_search,,full_eval,,,0.7097837330102921,0.48549460436,0.78208913416,,,,,,,,,,,,,3.91,,,SchrodingerBridge/archives/old_experiment_dirs/grid_search_3epoch/S-none_K-2_C-0_W-20_Col-15/full_eval/batch_summary_viewer.csv,generic_csv,metric_evidence,Parsed from SchrodingerBridge/archives/old_experiment_dirs/grid_search_3epoch/S-none_K-2_C-0_W-20_Col-15/full_eval/batch_summary_viewer.csv
G:/GitHub/Latent_Style,,LANCET/LBM,schrodingerbridge_grid_search,schrodingerbridge_grid_search,,full_eval,,,0.7114487874905268,0.49691251131999997,0.7713153500000002,,,,,,,,,,,,,3.91,,,SchrodingerBridge/archives/old_experiment_dirs/grid_search_3epoch/S-none_K-2_C-0_W-20_Col-15/full_eval/batch_summary_viewer.csv,generic_csv,metric_evidence,Parsed from SchrodingerBridge/archives/old_experiment_dirs/grid_search_3epoch/S-none_K-2_C-0_W-20_Col-15/full_eval/batch_summary_viewer.csv
G:/GitHub/Latent_Style,,LANCET/LBM,schrodingerbridge_grid_search,schrodingerbridge_grid_search,,full_eval,,,0.710875095963478,0.50010558176,0.76580412056,,,,,,,,,,,,,3.91,,,SchrodingerBridge/archives/old_experiment_dirs/grid_search_3epoch/S-none_K-2_C-0_W-20_Col-15/full_eval/batch_summary_viewer.csv,generic_csv,metric_evidence,Parsed from SchrodingerBridge/archives/old_experiment_dirs/grid_search_3epoch/S-none_K-2_C-0_W-20_Col-15/full_eval/batch_summary_viewer.csv
G:/GitHub/Latent_Style,,LANCET/LBM,schrodingerbridge_grid_search,schrodingerbridge_grid_search,,full_eval,,,0.6741544713576634,0.3403373238933334,0.8979937695866669,,,,,,,,,,,,,3.91,,,SchrodingerBridge/archives/old_experiment_dirs/grid_search_3epoch/S-none_K-2_C-2_W-10_Col-0/full_eval/batch_summary.csv,generic_csv,metric_evidence,Parsed from SchrodingerBridge/archives/old_experiment_dirs/grid_search_3epoch/S-none_K-2_C-2_W-10_Col-0/full_eval/batch_summary.csv
G:/GitHub/Latent_Style,,LANCET/LBM,schrodingerbridge_grid_search,schrodingerbridge_grid_search,,full_eval,,,0.6763371177117031,0.32249320369333334,0.9017809271733332,,,,,,,,,,,,,3.91,,,SchrodingerBridge/archives/old_experiment_dirs/grid_search_3epoch/S-none_K-2_C-2_W-10_Col-0/full_eval/batch_summary.csv,generic_csv,metric_evidence,Parsed from SchrodingerBridge/archives/old_experiment_dirs/grid_search_3epoch/S-none_K-2_C-2_W-10_Col-0/full_eval/batch_summary.csv
G:/GitHub/Latent_Style,,LANCET/LBM,schrodingerbridge_grid_search,schrodingerbridge_grid_search,,full_eval,,,0.6800974553823471,0.33952588141333334,0.8970532532933332,,,,,,,,,,,,,3.91,,,SchrodingerBridge/archives/old_experiment_dirs/grid_search_3epoch/S-none_K-2_C-2_W-10_Col-0/full_eval/batch_summary.csv,generic_csv,metric_evidence,Parsed from SchrodingerBridge/archives/old_experiment_dirs/grid_search_3epoch/S-none_K-2_C-2_W-10_Col-0/full_eval/batch_summary.csv
G:/GitHub/Latent_Style,,LANCET/LBM,schrodingerbridge_grid_search,schrodingerbridge_grid_search,,full_eval,,,0.6799115988016129,0.3324439885066667,0.8988518931466666,,,,,,,,,,,,,3.91,,,SchrodingerBridge/archives/old_experiment_dirs/grid_search_3epoch/S-none_K-2_C-2_W-10_Col-0/full_eval/batch_summary.csv,generic_csv,metric_evidence,Parsed from SchrodingerBridge/archives/old_experiment_dirs/grid_search_3epoch/S-none_K-2_C-2_W-10_Col-0/full_eval/batch_summary.csv
G:/GitHub/Latent_Style,,LANCET/LBM,schrodingerbridge_grid_search,schrodingerbridge_grid_search,,full_eval,,,0.6850168365637461,0.34598713865333336,0.8913908953066665,,,,,,,,,,,,,3.91,,,SchrodingerBridge/archives/old_experiment_dirs/grid_search_3epoch/S-none_K-2_C-2_W-10_Col-0/full_eval/batch_summary.csv,generic_csv,metric_evidence,Parsed from SchrodingerBridge/archives/old_experiment_dirs/grid_search_3epoch/S-none_K-2_C-2_W-10_Col-0/full_eval/batch_summary.csv
G:/GitHub/Latent_Style,,LANCET/LBM,schrodingerbridge_grid_search,schrodingerbridge_grid_search,,full_eval,,,0.6897100105285644,0.35358402608,0.8884047695466667,,,,,,,,,,,,,3.91,,,SchrodingerBridge/archives/old_experiment_dirs/grid_search_3epoch/S-none_K-2_C-2_W-10_Col-0/full_eval/batch_summary.csv,generic_csv,metric_evidence,Parsed from SchrodingerBridge/archives/old_experiment_dirs/grid_search_3epoch/S-none_K-2_C-2_W-10_Col-0/full_eval/batch_summary.csv
G:/GitHub/Latent_Style,,LANCET/LBM,schrodingerbridge_grid_search,schrodingerbridge_grid_search,,full_eval,,,0.6887092729409535,0.35579029905333326,0.8874600677333333,,,,,,,,,,,,,3.91,,,SchrodingerBridge/archives/old_experiment_dirs/grid_search_3epoch/S-none_K-2_C-2_W-10_Col-0/full_eval/batch_summary.csv,generic_csv,metric_evidence,Parsed from SchrodingerBridge/archives/old_experiment_dirs/grid_search_3epoch/S-none_K-2_C-2_W-10_Col-0/full_eval/batch_summary.csv
G:/GitHub/Latent_Style,,LANCET/LBM,schrodingerbridge_grid_search,schrodingerbridge_grid_search,,full_eval,,,0.6877527318795522,0.35893558793333336,0.8848582720666667,,,,,,,,,,,,,3.91,,,SchrodingerBridge/archives/old_experiment_dirs/grid_search_3epoch/S-none_K-2_C-2_W-10_Col-0/full_eval/batch_summary.csv,generic_csv,metric_evidence,Parsed from SchrodingerBridge/archives/old_experiment_dirs/grid_search_3epoch/S-none_K-2_C-2_W-10_Col-0/full_eval/batch_summary.csv
G:/GitHub/Latent_Style,,LANCET/LBM,schrodingerbridge_grid_search,schrodingerbridge_grid_search,,full_eval,,,0.6741544713576634,0.3403373238933334,0.8979937695866669,,,,,,,,,,,,,3.91,,,SchrodingerBridge/archives/old_experiment_dirs/grid_search_3epoch/S-none_K-2_C-2_W-10_Col-0/full_eval/batch_summary_viewer.csv,generic_csv,metric_evidence,Parsed from SchrodingerBridge/archives/old_experiment_dirs/grid_search_3epoch/S-none_K-2_C-2_W-10_Col-0/full_eval/batch_summary_viewer.csv
G:/GitHub/Latent_Style,,LANCET/LBM,schrodingerbridge_grid_search,schrodingerbridge_grid_search,,full_eval,,,0.6763371177117031,0.32249320369333334,0.9017809271733332,,,,,,,,,,,,,3.91,,,SchrodingerBridge/archives/old_experiment_dirs/grid_search_3epoch/S-none_K-2_C-2_W-10_Col-0/full_eval/batch_summary_viewer.csv,generic_csv,metric_evidence,Parsed from SchrodingerBridge/archives/old_experiment_dirs/grid_search_3epoch/S-none_K-2_C-2_W-10_Col-0/full_eval/batch_summary_viewer.csv
G:/GitHub/Latent_Style,,LANCET/LBM,schrodingerbridge_grid_search,schrodingerbridge_grid_search,,full_eval,,,0.6800974553823471,0.33952588141333334,0.8970532532933332,,,,,,,,,,,,,3.91,,,SchrodingerBridge/archives/old_experiment_dirs/grid_search_3epoch/S-none_K-2_C-2_W-10_Col-0/full_eval/batch_summary_viewer.csv,generic_csv,metric_evidence,Parsed from SchrodingerBridge/archives/old_experiment_dirs/grid_search_3epoch/S-none_K-2_C-2_W-10_Col-0/full_eval/batch_summary_viewer.csv
G:/GitHub/Latent_Style,,LANCET/LBM,schrodingerbridge_grid_search,schrodingerbridge_grid_search,,full_eval,,,0.6799115988016129,0.3324439885066667,0.8988518931466666,,,,,,,,,,,,,3.91,,,SchrodingerBridge/archives/old_experiment_dirs/grid_search_3epoch/S-none_K-2_C-2_W-10_Col-0/full_eval/batch_summary_viewer.csv,generic_csv,metric_evidence,Parsed from SchrodingerBridge/archives/old_experiment_dirs/grid_search_3epoch/S-none_K-2_C-2_W-10_Col-0/full_eval/batch_summary_viewer.csv
G:/GitHub/Latent_Style,,LANCET/LBM,schrodingerbridge_grid_search,schrodingerbridge_grid_search,,full_eval,,,0.6850168365637461,0.34598713865333336,0.8913908953066665,,,,,,,,,,,,,3.91,,,SchrodingerBridge/archives/old_experiment_dirs/grid_search_3epoch/S-none_K-2_C-2_W-10_Col-0/full_eval/batch_summary_viewer.csv,generic_csv,metric_evidence,Parsed from SchrodingerBridge/archives/old_experiment_dirs/grid_search_3epoch/S-none_K-2_C-2_W-10_Col-0/full_eval/batch_summary_viewer.csv
G:/GitHub/Latent_Style,,LANCET/LBM,schrodingerbridge_grid_search,schrodingerbridge_grid_search,,full_eval,,,0.6897100105285644,0.35358402608,0.8884047695466667,,,,,,,,,,,,,3.91,,,SchrodingerBridge/archives/old_experiment_dirs/grid_search_3epoch/S-none_K-2_C-2_W-10_Col-0/full_eval/batch_summary_viewer.csv,generic_csv,metric_evidence,Parsed from SchrodingerBridge/archives/old_experiment_dirs/grid_search_3epoch/S-none_K-2_C-2_W-10_Col-0/full_eval/batch_summary_viewer.csv
G:/GitHub/Latent_Style,,LANCET/LBM,schrodingerbridge_grid_search,schrodingerbridge_grid_search,,full_eval,,,0.6887092729409535,0.35579029905333326,0.8874600677333333,,,,,,,,,,,,,3.91,,,SchrodingerBridge/archives/old_experiment_dirs/grid_search_3epoch/S-none_K-2_C-2_W-10_Col-0/full_eval/batch_summary_viewer.csv,generic_csv,metric_evidence,Parsed from SchrodingerBridge/archives/old_experiment_dirs/grid_search_3epoch/S-none_K-2_C-2_W-10_Col-0/full_eval/batch_summary_viewer.csv
G:/GitHub/Latent_Style,,LANCET/LBM,schrodingerbridge_grid_search,schrodingerbridge_grid_search,,full_eval,,,0.6877527318795522,0.35893558793333336,0.8848582720666667,,,,,,,,,,,,,3.91,,,SchrodingerBridge/archives/old_experiment_dirs/grid_search_3epoch/S-none_K-2_C-2_W-10_Col-0/full_eval/batch_summary_viewer.csv,generic_csv,metric_evidence,Parsed from SchrodingerBridge/archives/old_experiment_dirs/grid_search_3epoch/S-none_K-2_C-2_W-10_Col-0/full_eval/batch_summary_viewer.csv
G:/GitHub/Latent_Style,,LANCET/LBM,schrodingerbridge_grid_search,schrodingerbridge_grid_search,,full_eval,,,0.6948758414586385,0.42069019993333334,0.8506569791333334,,,,,,,,,,,,,3.91,,,SchrodingerBridge/archives/old_experiment_dirs/grid_search_3epoch/S-none_K-2_C-2_W-10_Col-15/full_eval/batch_summary.csv,generic_csv,metric_evidence,Parsed from SchrodingerBridge/archives/old_experiment_dirs/grid_search_3epoch/S-none_K-2_C-2_W-10_Col-15/full_eval/batch_summary.csv
G:/GitHub/Latent_Style,,LANCET/LBM,schrodingerbridge_grid_search,schrodingerbridge_grid_search,,full_eval,,,0.6933096004724502,0.4139240074533334,0.8528913612666666,,,,,,,,,,,,,3.91,,,SchrodingerBridge/archives/old_experiment_dirs/grid_search_3epoch/S-none_K-2_C-2_W-10_Col-15/full_eval/batch_summary.csv,generic_csv,metric_evidence,Parsed from SchrodingerBridge/archives/old_experiment_dirs/grid_search_3epoch/S-none_K-2_C-2_W-10_Col-15/full_eval/batch_summary.csv
G:/GitHub/Latent_Style,,LANCET/LBM,schrodingerbridge_grid_search,schrodingerbridge_grid_search,,full_eval,,,0.6935100359519324,0.40324220586666665,0.8567978457866665,,,,,,,,,,,,,3.91,,,SchrodingerBridge/archives/old_experiment_dirs/grid_search_3epoch/S-none_K-2_C-2_W-10_Col-15/full_eval/batch_summary.csv,generic_csv,metric_evidence,Parsed from SchrodingerBridge/archives/old_experiment_dirs/grid_search_3epoch/S-none_K-2_C-2_W-10_Col-15/full_eval/batch_summary.csv
G:/GitHub/Latent_Style,,LANCET/LBM,schrodingerbridge_grid_search,schrodingerbridge_grid_search,,full_eval,,,0.6966402606566748,0.42344465459999997,0.8431950865733333,,,,,,,,,,,,,3.91,,,SchrodingerBridge/archives/old_experiment_dirs/grid_search_3epoch/S-none_K-2_C-2_W-10_Col-15/full_eval/batch_summary.csv,generic_csv,metric_evidence,Parsed from SchrodingerBridge/archives/old_experiment_dirs/grid_search_3epoch/S-none_K-2_C-2_W-10_Col-15/full_eval/batch_summary.csv
G:/GitHub/Latent_Style,,LANCET/LBM,schrodingerbridge_grid_search,schrodingerbridge_grid_search,,full_eval,,,0.6974896866877874,0.4274986454399999,0.8374123376533333,,,,,,,,,,,,,3.91,,,SchrodingerBridge/archives/old_experiment_dirs/grid_search_3epoch/S-none_K-2_C-2_W-10_Col-15/full_eval/batch_summary.csv,generic_csv,metric_evidence,Parsed from SchrodingerBridge/archives/old_experiment_dirs/grid_search_3epoch/S-none_K-2_C-2_W-10_Col-15/full_eval/batch_summary.csv
G:/GitHub/Latent_Style,,LANCET/LBM,schrodingerbridge_grid_search,schrodingerbridge_grid_search,,full_eval,,,0.6983495093981424,0.4297761310533334,0.8353065926800001,,,,,,,,,,,,,3.91,,,SchrodingerBridge/archives/old_experiment_dirs/grid_search_3epoch/S-none_K-2_C-2_W-10_Col-15/full_eval/batch_summary.csv,generic_csv,metric_evidence,Parsed from SchrodingerBridge/archives/old_experiment_dirs/grid_search_3epoch/S-none_K-2_C-2_W-10_Col-15/full_eval/batch_summary.csv
G:/GitHub/Latent_Style,,LANCET/LBM,schrodingerbridge_grid_search,schrodingerbridge_grid_search,,full_eval,,,0.6996263519525527,0.4338999974,0.8326301285066667,,,,,,,,,,,,,3.91,,,SchrodingerBridge/archives/old_experiment_dirs/grid_search_3epoch/S-none_K-2_C-2_W-10_Col-15/full_eval/batch_summary.csv,generic_csv,metric_evidence,Parsed from SchrodingerBridge/archives/old_experiment_dirs/grid_search_3epoch/S-none_K-2_C-2_W-10_Col-15/full_eval/batch_summary.csv
G:/GitHub/Latent_Style,,LANCET/LBM,schrodingerbridge_grid_search,schrodingerbridge_grid_search,,full_eval,,,0.7002445929050445,0.43708336028,0.8283036876533335,,,,,,,,,,,,,3.91,,,SchrodingerBridge/archives/old_experiment_dirs/grid_search_3epoch/S-none_K-2_C-2_W-10_Col-15/full_eval/batch_summary.csv,generic_csv,metric_evidence,Parsed from SchrodingerBridge/archives/old_experiment_dirs/grid_search_3epoch/S-none_K-2_C-2_W-10_Col-15/full_eval/batch_summary.csv
G:/GitHub/Latent_Style,,LANCET/LBM,schrodingerbridge_grid_search,schrodingerbridge_grid_search,,full_eval,,,0.6948758414586385,0.42069019993333334,0.8506569791333334,,,,,,,,,,,,,3.91,,,SchrodingerBridge/archives/old_experiment_dirs/grid_search_3epoch/S-none_K-2_C-2_W-10_Col-15/full_eval/batch_summary_viewer.csv,generic_csv,metric_evidence,Parsed from SchrodingerBridge/archives/old_experiment_dirs/grid_search_3epoch/S-none_K-2_C-2_W-10_Col-15/full_eval/batch_summary_viewer.csv
G:/GitHub/Latent_Style,,LANCET/LBM,schrodingerbridge_grid_search,schrodingerbridge_grid_search,,full_eval,,,0.6933096004724502,0.4139240074533334,0.8528913612666666,,,,,,,,,,,,,3.91,,,SchrodingerBridge/archives/old_experiment_dirs/grid_search_3epoch/S-none_K-2_C-2_W-10_Col-15/full_eval/batch_summary_viewer.csv,generic_csv,metric_evidence,Parsed from SchrodingerBridge/archives/old_experiment_dirs/grid_search_3epoch/S-none_K-2_C-2_W-10_Col-15/full_eval/batch_summary_viewer.csv
G:/GitHub/Latent_Style,,LANCET/LBM,schrodingerbridge_grid_search,schrodingerbridge_grid_search,,full_eval,,,0.6935100359519324,0.40324220586666665,0.8567978457866665,,,,,,,,,,,,,3.91,,,SchrodingerBridge/archives/old_experiment_dirs/grid_search_3epoch/S-none_K-2_C-2_W-10_Col-15/full_eval/batch_summary_viewer.csv,generic_csv,metric_evidence,Parsed from SchrodingerBridge/archives/old_experiment_dirs/grid_search_3epoch/S-none_K-2_C-2_W-10_Col-15/full_eval/batch_summary_viewer.csv
G:/GitHub/Latent_Style,,LANCET/LBM,schrodingerbridge_grid_search,schrodingerbridge_grid_search,,full_eval,,,0.6966402606566748,0.42344465459999997,0.8431950865733333,,,,,,,,,,,,,3.91,,,SchrodingerBridge/archives/old_experiment_dirs/grid_search_3epoch/S-none_K-2_C-2_W-10_Col-15/full_eval/batch_summary_viewer.csv,generic_csv,metric_evidence,Parsed from SchrodingerBridge/archives/old_experiment_dirs/grid_search_3epoch/S-none_K-2_C-2_W-10_Col-15/full_eval/batch_summary_viewer.csv
G:/GitHub/Latent_Style,,LANCET/LBM,schrodingerbridge_grid_search,schrodingerbridge_grid_search,,full_eval,,,0.6974896866877874,0.4274986454399999,0.8374123376533333,,,,,,,,,,,,,3.91,,,SchrodingerBridge/archives/old_experiment_dirs/grid_search_3epoch/S-none_K-2_C-2_W-10_Col-15/full_eval/batch_summary_viewer.csv,generic_csv,metric_evidence,Parsed from SchrodingerBridge/archives/old_experiment_dirs/grid_search_3epoch/S-none_K-2_C-2_W-10_Col-15/full_eval/batch_summary_viewer.csv
G:/GitHub/Latent_Style,,LANCET/LBM,schrodingerbridge_grid_search,schrodingerbridge_grid_search,,full_eval,,,0.6983495093981424,0.4297761310533334,0.8353065926800001,,,,,,,,,,,,,3.91,,,SchrodingerBridge/archives/old_experiment_dirs/grid_search_3epoch/S-none_K-2_C-2_W-10_Col-15/full_eval/batch_summary_viewer.csv,generic_csv,metric_evidence,Parsed from SchrodingerBridge/archives/old_experiment_dirs/grid_search_3epoch/S-none_K-2_C-2_W-10_Col-15/full_eval/batch_summary_viewer.csv
G:/GitHub/Latent_Style,,LANCET/LBM,schrodingerbridge_grid_search,schrodingerbridge_grid_search,,full_eval,,,0.6996263519525527,0.4338999974,0.8326301285066667,,,,,,,,,,,,,3.91,,,SchrodingerBridge/archives/old_experiment_dirs/grid_search_3epoch/S-none_K-2_C-2_W-10_Col-15/full_eval/batch_summary_viewer.csv,generic_csv,metric_evidence,Parsed from SchrodingerBridge/archives/old_experiment_dirs/grid_search_3epoch/S-none_K-2_C-2_W-10_Col-15/full_eval/batch_summary_viewer.csv
G:/GitHub/Latent_Style,,LANCET/LBM,schrodingerbridge_grid_search,schrodingerbridge_grid_search,,full_eval,,,0.7002445929050445,0.43708336028,0.8283036876533335,,,,,,,,,,,,,3.91,,,SchrodingerBridge/archives/old_experiment_dirs/grid_search_3epoch/S-none_K-2_C-2_W-10_Col-15/full_eval/batch_summary_viewer.csv,generic_csv,metric_evidence,Parsed from SchrodingerBridge/archives/old_experiment_dirs/grid_search_3epoch/S-none_K-2_C-2_W-10_Col-15/full_eval/batch_summary_viewer.csv
G:/GitHub/Latent_Style,,LANCET/LBM,schrodingerbridge_grid_search,schrodingerbridge_grid_search,,full_eval,,,0.6827737276951471,0.3461147149333334,0.8948709577066666,,,,,,,,,,,,,3.91,,,SchrodingerBridge/archives/old_experiment_dirs/grid_search_3epoch/S-none_K-2_C-2_W-20_Col-0/full_eval/batch_summary.csv,generic_csv,metric_evidence,Parsed from SchrodingerBridge/archives/old_experiment_dirs/grid_search_3epoch/S-none_K-2_C-2_W-20_Col-0/full_eval/batch_summary.csv
G:/GitHub/Latent_Style,,LANCET/LBM,schrodingerbridge_grid_search,schrodingerbridge_grid_search,,full_eval,,,0.6831447943051657,0.34116901026133334,0.8962200576933332,,,,,,,,,,,,,3.91,,,SchrodingerBridge/archives/old_experiment_dirs/grid_search_3epoch/S-none_K-2_C-2_W-20_Col-0/full_eval/batch_summary.csv,generic_csv,metric_evidence,Parsed from SchrodingerBridge/archives/old_experiment_dirs/grid_search_3epoch/S-none_K-2_C-2_W-20_Col-0/full_eval/batch_summary.csv
G:/GitHub/Latent_Style,,LANCET/LBM,schrodingerbridge_grid_search,schrodingerbridge_grid_search,,full_eval,,,0.6847107766469321,0.3446825272533333,0.89437391368,,,,,,,,,,,,,3.91,,,SchrodingerBridge/archives/old_experiment_dirs/grid_search_3epoch/S-none_K-2_C-2_W-20_Col-0/full_eval/batch_summary.csv,generic_csv,metric_evidence,Parsed from SchrodingerBridge/archives/old_experiment_dirs/grid_search_3epoch/S-none_K-2_C-2_W-20_Col-0/full_eval/batch_summary.csv
G:/GitHub/Latent_Style,,LANCET/LBM,schrodingerbridge_grid_search,schrodingerbridge_grid_search,,full_eval,,,0.6887093489964804,0.36049168294666667,0.8849991753733332,,,,,,,,,,,,,3.91,,,SchrodingerBridge/archives/old_experiment_dirs/grid_search_3epoch/S-none_K-2_C-2_W-20_Col-0/full_eval/batch_summary.csv,generic_csv,metric_evidence,Parsed from SchrodingerBridge/archives/old_experiment_dirs/grid_search_3epoch/S-none_K-2_C-2_W-20_Col-0/full_eval/batch_summary.csv
G:/GitHub/Latent_Style,,LANCET/LBM,schrodingerbridge_grid_search,schrodingerbridge_grid_search,,full_eval,,,0.6911129407485328,0.36017325543999995,0.8827739709999999,,,,,,,,,,,,,3.91,,,SchrodingerBridge/archives/old_experiment_dirs/grid_search_3epoch/S-none_K-2_C-2_W-20_Col-0/full_eval/batch_summary.csv,generic_csv,metric_evidence,Parsed from SchrodingerBridge/archives/old_experiment_dirs/grid_search_3epoch/S-none_K-2_C-2_W-20_Col-0/full_eval/batch_summary.csv
G:/GitHub/Latent_Style,,LANCET/LBM,schrodingerbridge_grid_search,schrodingerbridge_grid_search,,full_eval,,,0.6955758251349132,0.3738635566533333,0.8757638236933333,,,,,,,,,,,,,3.91,,,SchrodingerBridge/archives/old_experiment_dirs/grid_search_3epoch/S-none_K-2_C-2_W-20_Col-0/full_eval/batch_summary.csv,generic_csv,metric_evidence,Parsed from SchrodingerBridge/archives/old_experiment_dirs/grid_search_3epoch/S-none_K-2_C-2_W-20_Col-0/full_eval/batch_summary.csv
G:/GitHub/Latent_Style,,LANCET/LBM,schrodingerbridge_grid_search,schrodingerbridge_grid_search,,full_eval,,,0.6962575358549755,0.38318121224,0.8712189212266668,,,,,,,,,,,,,3.91,,,SchrodingerBridge/archives/old_experiment_dirs/grid_search_3epoch/S-none_K-2_C-2_W-20_Col-0/full_eval/batch_summary.csv,generic_csv,metric_evidence,Parsed from SchrodingerBridge/archives/old_experiment_dirs/grid_search_3epoch/S-none_K-2_C-2_W-20_Col-0/full_eval/batch_summary.csv
G:/GitHub/Latent_Style,,LANCET/LBM,schrodingerbridge_grid_search,schrodingerbridge_grid_search,,full_eval,,,0.6959532681306204,0.38604995715999996,0.8686181162933333,,,,,,,,,,,,,3.91,,,SchrodingerBridge/archives/old_experiment_dirs/grid_search_3epoch/S-none_K-2_C-2_W-20_Col-0/full_eval/batch_summary.csv,generic_csv,metric_evidence,Parsed from SchrodingerBridge/archives/old_experiment_dirs/grid_search_3epoch/S-none_K-2_C-2_W-20_Col-0/full_eval/batch_summary.csv
G:/GitHub/Latent_Style,,LANCET/LBM,schrodingerbridge_grid_search,schrodingerbridge_grid_search,,full_eval,,,0.6827737276951471,0.3461147149333334,0.8948709577066666,,,,,,,,,,,,,3.91,,,SchrodingerBridge/archives/old_experiment_dirs/grid_search_3epoch/S-none_K-2_C-2_W-20_Col-0/full_eval/batch_summary_viewer.csv,generic_csv,metric_evidence,Parsed from SchrodingerBridge/archives/old_experiment_dirs/grid_search_3epoch/S-none_K-2_C-2_W-20_Col-0/full_eval/batch_summary_viewer.csv
G:/GitHub/Latent_Style,,LANCET/LBM,schrodingerbridge_grid_search,schrodingerbridge_grid_search,,full_eval,,,0.6831447943051657,0.34116901026133334,0.8962200576933332,,,,,,,,,,,,,3.91,,,SchrodingerBridge/archives/old_experiment_dirs/grid_search_3epoch/S-none_K-2_C-2_W-20_Col-0/full_eval/batch_summary_viewer.csv,generic_csv,metric_evidence,Parsed from SchrodingerBridge/archives/old_experiment_dirs/grid_search_3epoch/S-none_K-2_C-2_W-20_Col-0/full_eval/batch_summary_viewer.csv
G:/GitHub/Latent_Style,,LANCET/LBM,schrodingerbridge_grid_search,schrodingerbridge_grid_search,,full_eval,,,0.6847107766469321,0.3446825272533333,0.89437391368,,,,,,,,,,,,,3.91,,,SchrodingerBridge/archives/old_experiment_dirs/grid_search_3epoch/S-none_K-2_C-2_W-20_Col-0/full_eval/batch_summary_viewer.csv,generic_csv,metric_evidence,Parsed from SchrodingerBridge/archives/old_experiment_dirs/grid_search_3epoch/S-none_K-2_C-2_W-20_Col-0/full_eval/batch_summary_viewer.csv
G:/GitHub/Latent_Style,,LANCET/LBM,schrodingerbridge_grid_search,schrodingerbridge_grid_search,,full_eval,,,0.6887093489964804,0.36049168294666667,0.8849991753733332,,,,,,,,,,,,,3.91,,,SchrodingerBridge/archives/old_experiment_dirs/grid_search_3epoch/S-none_K-2_C-2_W-20_Col-0/full_eval/batch_summary_viewer.csv,generic_csv,metric_evidence,Parsed from SchrodingerBridge/archives/old_experiment_dirs/grid_search_3epoch/S-none_K-2_C-2_W-20_Col-0/full_eval/batch_summary_viewer.csv
G:/GitHub/Latent_Style,,LANCET/LBM,schrodingerbridge_grid_search,schrodingerbridge_grid_search,,full_eval,,,0.6911129407485328,0.36017325543999995,0.8827739709999999,,,,,,,,,,,,,3.91,,,SchrodingerBridge/archives/old_experiment_dirs/grid_search_3epoch/S-none_K-2_C-2_W-20_Col-0/full_eval/batch_summary_viewer.csv,generic_csv,metric_evidence,Parsed from SchrodingerBridge/archives/old_experiment_dirs/grid_search_3epoch/S-none_K-2_C-2_W-20_Col-0/full_eval/batch_summary_viewer.csv
G:/GitHub/Latent_Style,,LANCET/LBM,schrodingerbridge_grid_search,schrodingerbridge_grid_search,,full_eval,,,0.6955758251349132,0.3738635566533333,0.8757638236933333,,,,,,,,,,,,,3.91,,,SchrodingerBridge/archives/old_experiment_dirs/grid_search_3epoch/S-none_K-2_C-2_W-20_Col-0/full_eval/batch_summary_viewer.csv,generic_csv,metric_evidence,Parsed from SchrodingerBridge/archives/old_experiment_dirs/grid_search_3epoch/S-none_K-2_C-2_W-20_Col-0/full_eval/batch_summary_viewer.csv
G:/GitHub/Latent_Style,,LANCET/LBM,schrodingerbridge_grid_search,schrodingerbridge_grid_search,,full_eval,,,0.6962575358549755,0.38318121224,0.8712189212266668,,,,,,,,,,,,,3.91,,,SchrodingerBridge/archives/old_experiment_dirs/grid_search_3epoch/S-none_K-2_C-2_W-20_Col-0/full_eval/batch_summary_viewer.csv,generic_csv,metric_evidence,Parsed from SchrodingerBridge/archives/old_experiment_dirs/grid_search_3epoch/S-none_K-2_C-2_W-20_Col-0/full_eval/batch_summary_viewer.csv
G:/GitHub/Latent_Style,,LANCET/LBM,schrodingerbridge_grid_search,schrodingerbridge_grid_search,,full_eval,,,0.6959532681306204,0.38604995715999996,0.8686181162933333,,,,,,,,,,,,,3.91,,,SchrodingerBridge/archives/old_experiment_dirs/grid_search_3epoch/S-none_K-2_C-2_W-20_Col-0/full_eval/batch_summary_viewer.csv,generic_csv,metric_evidence,Parsed from SchrodingerBridge/archives/old_experiment_dirs/grid_search_3epoch/S-none_K-2_C-2_W-20_Col-0/full_eval/batch_summary_viewer.csv
G:/GitHub/Latent_Style,,LANCET/LBM,schrodingerbridge_grid_search,schrodingerbridge_grid_search,,full_eval,,,0.6886158585945765,0.39363712073333335,0.8677426158,,,,,,,,,,,,,3.91,,,SchrodingerBridge/archives/old_experiment_dirs/grid_search_3epoch/S-none_K-2_C-2_W-20_Col-15/full_eval/batch_summary.csv,generic_csv,metric_evidence,Parsed from SchrodingerBridge/archives/old_experiment_dirs/grid_search_3epoch/S-none_K-2_C-2_W-20_Col-15/full_eval/batch_summary.csv
G:/GitHub/Latent_Style,,LANCET/LBM,schrodingerbridge_grid_search,schrodingerbridge_grid_search,,full_eval,,,0.6915436577002209,0.39586603602666665,0.85842744348,,,,,,,,,,,,,3.91,,,SchrodingerBridge/archives/old_experiment_dirs/grid_search_3epoch/S-none_K-2_C-2_W-20_Col-15/full_eval/batch_summary.csv,generic_csv,metric_evidence,Parsed from SchrodingerBridge/archives/old_experiment_dirs/grid_search_3epoch/S-none_K-2_C-2_W-20_Col-15/full_eval/batch_summary.csv
G:/GitHub/Latent_Style,,LANCET/LBM,schrodingerbridge_grid_search,schrodingerbridge_grid_search,,full_eval,,,0.6940035344362259,0.40653266130666665,0.8527628980266667,,,,,,,,,,,,,3.91,,,SchrodingerBridge/archives/old_experiment_dirs/grid_search_3epoch/S-none_K-2_C-2_W-20_Col-15/full_eval/batch_summary.csv,generic_csv,metric_evidence,Parsed from SchrodingerBridge/archives/old_experiment_dirs/grid_search_3epoch/S-none_K-2_C-2_W-20_Col-15/full_eval/batch_summary.csv
G:/GitHub/Latent_Style,,LANCET/LBM,schrodingerbridge_grid_search,schrodingerbridge_grid_search,,full_eval,,,0.6961027562618256,0.41285177273333334,0.84919855372,,,,,,,,,,,,,3.91,,,SchrodingerBridge/archives/old_experiment_dirs/grid_search_3epoch/S-none_K-2_C-2_W-20_Col-15/full_eval/batch_summary.csv,generic_csv,metric_evidence,Parsed from SchrodingerBridge/archives/old_experiment_dirs/grid_search_3epoch/S-none_K-2_C-2_W-20_Col-15/full_eval/batch_summary.csv
G:/GitHub/Latent_Style,,LANCET/LBM,schrodingerbridge_grid_search,schrodingerbridge_grid_search,,full_eval,,,0.6991408654054005,0.4274370935066667,0.8359775250533334,,,,,,,,,,,,,3.91,,,SchrodingerBridge/archives/old_experiment_dirs/grid_search_3epoch/S-none_K-2_C-2_W-20_Col-15/full_eval/batch_summary.csv,generic_csv,metric_evidence,Parsed from SchrodingerBridge/archives/old_experiment_dirs/grid_search_3epoch/S-none_K-2_C-2_W-20_Col-15/full_eval/batch_summary.csv
G:/GitHub/Latent_Style,,LANCET/LBM,schrodingerbridge_grid_search,schrodingerbridge_grid_search,,full_eval,,,0.7011350657542548,0.43377473676,0.8326152172133334,,,,,,,,,,,,,3.91,,,SchrodingerBridge/archives/old_experiment_dirs/grid_search_3epoch/S-none_K-2_C-2_W-20_Col-15/full_eval/batch_summary.csv,generic_csv,metric_evidence,Parsed from SchrodingerBridge/archives/old_experiment_dirs/grid_search_3epoch/S-none_K-2_C-2_W-20_Col-15/full_eval/batch_summary.csv
G:/GitHub/Latent_Style,,LANCET/LBM,schrodingerbridge_grid_search,schrodingerbridge_grid_search,,full_eval,,,0.7034330813884736,0.4443614351066667,0.8234792444533333,,,,,,,,,,,,,3.91,,,SchrodingerBridge/archives/old_experiment_dirs/grid_search_3epoch/S-none_K-2_C-2_W-20_Col-15/full_eval/batch_summary.csv,generic_csv,metric_evidence,Parsed from SchrodingerBridge/archives/old_experiment_dirs/grid_search_3epoch/S-none_K-2_C-2_W-20_Col-15/full_eval/batch_summary.csv
G:/GitHub/Latent_Style,,LANCET/LBM,schrodingerbridge_grid_search,schrodingerbridge_grid_search,,full_eval,,,0.7026767563819886,0.44582042165333335,0.818765141,,,,,,,,,,,,,3.91,,,SchrodingerBridge/archives/old_experiment_dirs/grid_search_3epoch/S-none_K-2_C-2_W-20_Col-15/full_eval/batch_summary.csv,generic_csv,metric_evidence,Parsed from SchrodingerBridge/archives/old_experiment_dirs/grid_search_3epoch/S-none_K-2_C-2_W-20_Col-15/full_eval/batch_summary.csv
G:/GitHub/Latent_Style,,LANCET/LBM,schrodingerbridge_grid_search,schrodingerbridge_grid_search,,full_eval,,,0.6886158585945765,0.39363712073333335,0.8677426158,,,,,,,,,,,,,3.91,,,SchrodingerBridge/archives/old_experiment_dirs/grid_search_3epoch/S-none_K-2_C-2_W-20_Col-15/full_eval/batch_summary_viewer.csv,generic_csv,metric_evidence,Parsed from SchrodingerBridge/archives/old_experiment_dirs/grid_search_3epoch/S-none_K-2_C-2_W-20_Col-15/full_eval/batch_summary_viewer.csv
G:/GitHub/Latent_Style,,LANCET/LBM,schrodingerbridge_grid_search,schrodingerbridge_grid_search,,full_eval,,,0.6915436577002209,0.39586603602666665,0.85842744348,,,,,,,,,,,,,3.91,,,SchrodingerBridge/archives/old_experiment_dirs/grid_search_3epoch/S-none_K-2_C-2_W-20_Col-15/full_eval/batch_summary_viewer.csv,generic_csv,metric_evidence,Parsed from SchrodingerBridge/archives/old_experiment_dirs/grid_search_3epoch/S-none_K-2_C-2_W-20_Col-15/full_eval/batch_summary_viewer.csv
G:/GitHub/Latent_Style,,LANCET/LBM,schrodingerbridge_grid_search,schrodingerbridge_grid_search,,full_eval,,,0.6940035344362259,0.40653266130666665,0.8527628980266667,,,,,,,,,,,,,3.91,,,SchrodingerBridge/archives/old_experiment_dirs/grid_search_3epoch/S-none_K-2_C-2_W-20_Col-15/full_eval/batch_summary_viewer.csv,generic_csv,metric_evidence,Parsed from SchrodingerBridge/archives/old_experiment_dirs/grid_search_3epoch/S-none_K-2_C-2_W-20_Col-15/full_eval/batch_summary_viewer.csv
G:/GitHub/Latent_Style,,LANCET/LBM,schrodingerbridge_grid_search,schrodingerbridge_grid_search,,full_eval,,,0.6961027562618256,0.41285177273333334,0.84919855372,,,,,,,,,,,,,3.91,,,SchrodingerBridge/archives/old_experiment_dirs/grid_search_3epoch/S-none_K-2_C-2_W-20_Col-15/full_eval/batch_summary_viewer.csv,generic_csv,metric_evidence,Parsed from SchrodingerBridge/archives/old_experiment_dirs/grid_search_3epoch/S-none_K-2_C-2_W-20_Col-15/full_eval/batch_summary_viewer.csv
G:/GitHub/Latent_Style,,LANCET/LBM,schrodingerbridge_grid_search,schrodingerbridge_grid_search,,full_eval,,,0.6991408654054005,0.4274370935066667,0.8359775250533334,,,,,,,,,,,,,3.91,,,SchrodingerBridge/archives/old_experiment_dirs/grid_search_3epoch/S-none_K-2_C-2_W-20_Col-15/full_eval/batch_summary_viewer.csv,generic_csv,metric_evidence,Parsed from SchrodingerBridge/archives/old_experiment_dirs/grid_search_3epoch/S-none_K-2_C-2_W-20_Col-15/full_eval/batch_summary_viewer.csv
G:/GitHub/Latent_Style,,LANCET/LBM,schrodingerbridge_grid_search,schrodingerbridge_grid_search,,full_eval,,,0.7011350657542548,0.43377473676,0.8326152172133334,,,,,,,,,,,,,3.91,,,SchrodingerBridge/archives/old_experiment_dirs/grid_search_3epoch/S-none_K-2_C-2_W-20_Col-15/full_eval/batch_summary_viewer.csv,generic_csv,metric_evidence,Parsed from SchrodingerBridge/archives/old_experiment_dirs/grid_search_3epoch/S-none_K-2_C-2_W-20_Col-15/full_eval/batch_summary_viewer.csv
G:/GitHub/Latent_Style,,LANCET/LBM,schrodingerbridge_grid_search,schrodingerbridge_grid_search,,full_eval,,,0.7034330813884736,0.4443614351066667,0.8234792444533333,,,,,,,,,,,,,3.91,,,SchrodingerBridge/archives/old_experiment_dirs/grid_search_3epoch/S-none_K-2_C-2_W-20_Col-15/full_eval/batch_summary_viewer.csv,generic_csv,metric_evidence,Parsed from SchrodingerBridge/archives/old_experiment_dirs/grid_search_3epoch/S-none_K-2_C-2_W-20_Col-15/full_eval/batch_summary_viewer.csv
G:/GitHub/Latent_Style,,LANCET/LBM,schrodingerbridge_grid_search,schrodingerbridge_grid_search,,full_eval,,,0.7026767563819886,0.44582042165333335,0.818765141,,,,,,,,,,,,,3.91,,,SchrodingerBridge/archives/old_experiment_dirs/grid_search_3epoch/S-none_K-2_C-2_W-20_Col-15/full_eval/batch_summary_viewer.csv,generic_csv,metric_evidence,Parsed from SchrodingerBridge/archives/old_experiment_dirs/grid_search_3epoch/S-none_K-2_C-2_W-20_Col-15/full_eval/batch_summary_viewer.csv
G:/GitHub/Latent_Style,,LANCET/LBM,schrodingerbridge_grid_search,schrodingerbridge_grid_search,,full_eval,,,0.6449059115846951,0.3541673584666667,0.8693479076666666,,,,,,,,,,,,,3.91,,,SchrodingerBridge/exp/configs/orthogonal_phase_space_sweep_60/full_eval/batch_summary.csv,generic_csv,metric_evidence,Parsed from SchrodingerBridge/exp/configs/orthogonal_phase_space_sweep_60/full_eval/batch_summary.csv
G:/GitHub/Latent_Style,,LANCET/LBM,schrodingerbridge_grid_search,schrodingerbridge_grid_search,,full_eval,,,0.6460470213989418,0.3550892660333333,0.8705335045166667,,,,,,,,,,,,,3.91,,,SchrodingerBridge/exp/configs/orthogonal_phase_space_sweep_60/full_eval/batch_summary.csv,generic_csv,metric_evidence,Parsed from SchrodingerBridge/exp/configs/orthogonal_phase_space_sweep_60/full_eval/batch_summary.csv
G:/GitHub/Latent_Style,,LANCET/LBM,schrodingerbridge_grid_search,schrodingerbridge_grid_search,,full_eval,,,0.6501874884963035,0.3635676510333334,0.8620863207999999,,,,,,,,,,,,,3.91,,,SchrodingerBridge/exp/configs/orthogonal_phase_space_sweep_60/full_eval/batch_summary.csv,generic_csv,metric_evidence,Parsed from SchrodingerBridge/exp/configs/orthogonal_phase_space_sweep_60/full_eval/batch_summary.csv
G:/GitHub/Latent_Style,,LANCET/LBM,schrodingerbridge_grid_search,schrodingerbridge_grid_search,,full_eval,,,0.6480549950897694,0.35714692815000004,0.8677592732333332,,,,,,,,,,,,,3.91,,,SchrodingerBridge/exp/configs/orthogonal_phase_space_sweep_60/full_eval/batch_summary.csv,generic_csv,metric_evidence,Parsed from SchrodingerBridge/exp/configs/orthogonal_phase_space_sweep_60/full_eval/batch_summary.csv
G:/GitHub/Latent_Style,,LANCET/LBM,schrodingerbridge_grid_search,schrodingerbridge_grid_search,,full_eval,,,0.6497568873067696,0.36404233188333335,0.8610471394666666,,,,,,,,,,,,,3.91,,,SchrodingerBridge/exp/configs/orthogonal_phase_space_sweep_60/full_eval/batch_summary.csv,generic_csv,metric_evidence,Parsed from SchrodingerBridge/exp/configs/orthogonal_phase_space_sweep_60/full_eval/batch_summary.csv
G:/GitHub/Latent_Style,,LANCET/LBM,schrodingerbridge_grid_search,schrodingerbridge_grid_search,,full_eval,,,0.6495762327810128,0.3603689435166667,0.8642990497500002,,,,,,,,,,,,,3.91,,,SchrodingerBridge/exp/configs/orthogonal_phase_space_sweep_60/full_eval/batch_summary.csv,generic_csv,metric_evidence,Parsed from SchrodingerBridge/exp/configs/orthogonal_phase_space_sweep_60/full_eval/batch_summary.csv
G:/GitHub/Latent_Style,,LANCET/LBM,schrodingerbridge_grid_search,schrodingerbridge_grid_search,,full_eval,,,0.6569009771446386,0.39203594331666664,0.8305626494,,,,,,,,,,,,,3.91,,,SchrodingerBridge/exp/configs/orthogonal_phase_space_sweep_60/full_eval/batch_summary.csv,generic_csv,metric_evidence,Parsed from SchrodingerBridge/exp/configs/orthogonal_phase_space_sweep_60/full_eval/batch_summary.csv
G:/GitHub/Latent_Style,,LANCET/LBM,schrodingerbridge_grid_search,schrodingerbridge_grid_search,,full_eval,,,0.6578377986947694,0.41156129083333326,0.8094892187166666,,,,,,,,,,,,,3.91,,,SchrodingerBridge/exp/configs/orthogonal_phase_space_sweep_60/full_eval/batch_summary.csv,generic_csv,metric_evidence,Parsed from SchrodingerBridge/exp/configs/orthogonal_phase_space_sweep_60/full_eval/batch_summary.csv
G:/GitHub/Latent_Style,,LANCET/LBM,schrodingerbridge_grid_search,schrodingerbridge_grid_search,,full_eval,,,0.6573758308589458,0.40066924403333337,0.8239665586500001,,,,,,,,,,,,,3.91,,,SchrodingerBridge/exp/configs/orthogonal_phase_space_sweep_60/full_eval/batch_summary.csv,generic_csv,metric_evidence,Parsed from SchrodingerBridge/exp/configs/orthogonal_phase_space_sweep_60/full_eval/batch_summary.csv
G:/GitHub/Latent_Style,,LANCET/LBM,schrodingerbridge_grid_search,schrodingerbridge_grid_search,,full_eval,,,0.6591613498330117,0.4198229962000001,0.8036346730166665,,,,,,,,,,,,,3.91,,,SchrodingerBridge/exp/configs/orthogonal_phase_space_sweep_60/full_eval/batch_summary.csv,generic_csv,metric_evidence,Parsed from SchrodingerBridge/exp/configs/orthogonal_phase_space_sweep_60/full_eval/batch_summary.csv
G:/GitHub/Latent_Style,,LANCET/LBM,schrodingerbridge_grid_search,schrodingerbridge_grid_search,,full_eval,,,0.6595869873464107,0.41472192198333335,0.8100300722666665,,,,,,,,,,,,,3.91,,,SchrodingerBridge/exp/configs/orthogonal_phase_space_sweep_60/full_eval/batch_summary.csv,generic_csv,metric_evidence,Parsed from SchrodingerBridge/exp/configs/orthogonal_phase_space_sweep_60/full_eval/batch_summary.csv
G:/GitHub/Latent_Style,,LANCET/LBM,schrodingerbridge_grid_search,schrodingerbridge_grid_search,,full_eval,,,0.6624195984999339,0.42174447005,0.8067251982666667,,,,,,,,,,,,,3.91,,,SchrodingerBridge/exp/configs/orthogonal_phase_space_sweep_60/full_eval/batch_summary.csv,generic_csv,metric_evidence,Parsed from SchrodingerBridge/exp/configs/orthogonal_phase_space_sweep_60/full_eval/batch_summary.csv
G:/GitHub/Latent_Style,,LANCET/LBM,schrodingerbridge_grid_search,schrodingerbridge_grid_search,,full_eval,,,0.6345202725629012,0.3187848200833333,0.89406642665,,,,,,,,,,,,,3.91,,,SchrodingerBridge/exp/configs/orthogonal_phase_space_sweep_60/full_eval/batch_summary.csv,generic_csv,metric_evidence,Parsed from SchrodingerBridge/exp/configs/orthogonal_phase_space_sweep_60/full_eval/batch_summary.csv
G:/GitHub/Latent_Style,,LANCET/LBM,schrodingerbridge_grid_search,schrodingerbridge_grid_search,,full_eval,,,0.6339237181345622,0.3217271673166667,0.8889060594666667,,,,,,,,,,,,,3.91,,,SchrodingerBridge/exp/configs/orthogonal_phase_space_sweep_60/full_eval/batch_summary.csv,generic_csv,metric_evidence,Parsed from SchrodingerBridge/exp/configs/orthogonal_phase_space_sweep_60/full_eval/batch_summary.csv
G:/GitHub/Latent_Style,,LANCET/LBM,schrodingerbridge_grid_search,schrodingerbridge_grid_search,,full_eval,,,0.6335840452214081,0.31801973214999996,0.89511945125,,,,,,,,,,,,,3.91,,,SchrodingerBridge/exp/configs/orthogonal_phase_space_sweep_60/full_eval/batch_summary.csv,generic_csv,metric_evidence,Parsed from SchrodingerBridge/exp/configs/orthogonal_phase_space_sweep_60/full_eval/batch_summary.csv
G:/GitHub/Latent_Style,,LANCET/LBM,schrodingerbridge_grid_search,schrodingerbridge_grid_search,,full_eval,,,0.6347618168095747,0.31943957695,0.8923880611166668,,,,,,,,,,,,,3.91,,,SchrodingerBridge/exp/configs/orthogonal_phase_space_sweep_60/full_eval/batch_summary.csv,generic_csv,metric_evidence,Parsed from SchrodingerBridge/exp/configs/orthogonal_phase_space_sweep_60/full_eval/batch_summary.csv
G:/GitHub/Latent_Style,,LANCET/LBM,schrodingerbridge_grid_search,schrodingerbridge_grid_search,,full_eval,,,0.6357810424268245,0.32495767065000003,0.8897561436999999,,,,,,,,,,,,,3.91,,,SchrodingerBridge/exp/configs/orthogonal_phase_space_sweep_60/full_eval/batch_summary.csv,generic_csv,metric_evidence,Parsed from SchrodingerBridge/exp/configs/orthogonal_phase_space_sweep_60/full_eval/batch_summary.csv
G:/GitHub/Latent_Style,,LANCET/LBM,schrodingerbridge_grid_search,schrodingerbridge_grid_search,,full_eval,,,0.6353896616895993,0.32307979094999995,0.8916539578333333,,,,,,,,,,,,,3.91,,,SchrodingerBridge/exp/configs/orthogonal_phase_space_sweep_60/full_eval/batch_summary.csv,generic_csv,metric_evidence,Parsed from SchrodingerBridge/exp/configs/orthogonal_phase_space_sweep_60/full_eval/batch_summary.csv
G:/GitHub/Latent_Style,,LANCET/LBM,schrodingerbridge_grid_search,schrodingerbridge_grid_search,,full_eval,,,0.6603848051528136,0.4018593420166667,0.82747725515,,,,,,,,,,,,,3.91,,,SchrodingerBridge/exp/configs/orthogonal_phase_space_sweep_60/full_eval/batch_summary.csv,generic_csv,metric_evidence,Parsed from SchrodingerBridge/exp/configs/orthogonal_phase_space_sweep_60/full_eval/batch_summary.csv
G:/GitHub/Latent_Style,,LANCET/LBM,schrodingerbridge_grid_search,schrodingerbridge_grid_search,,full_eval,,,0.6641561039288838,0.4116731908166667,0.8249392388166668,,,,,,,,,,,,,3.91,,,SchrodingerBridge/exp/configs/orthogonal_phase_space_sweep_60/full_eval/batch_summary.csv,generic_csv,metric_evidence,Parsed from SchrodingerBridge/exp/configs/orthogonal_phase_space_sweep_60/full_eval/batch_summary.csv
G:/GitHub/Latent_Style,,LANCET/LBM,schrodingerbridge_grid_search,schrodingerbridge_grid_search,,full_eval,,,0.664296748538812,0.41679454176666664,0.8208590995666668,,,,,,,,,,,,,3.91,,,SchrodingerBridge/exp/configs/orthogonal_phase_space_sweep_60/full_eval/batch_summary.csv,generic_csv,metric_evidence,Parsed from SchrodingerBridge/exp/configs/orthogonal_phase_space_sweep_60/full_eval/batch_summary.csv
G:/GitHub/Latent_Style,,LANCET/LBM,schrodingerbridge_grid_search,schrodingerbridge_grid_search,,full_eval,,,0.6677289503812791,0.43649115138333333,0.8033580629333334,,,,,,,,,,,,,3.91,,,SchrodingerBridge/exp/configs/orthogonal_phase_space_sweep_60/full_eval/batch_summary.csv,generic_csv,metric_evidence,Parsed from SchrodingerBridge/exp/configs/orthogonal_phase_space_sweep_60/full_eval/batch_summary.csv
G:/GitHub/Latent_Style,,LANCET/LBM,schrodingerbridge_grid_search,schrodingerbridge_grid_search,,full_eval,,,0.6675435517728328,0.43390076656666665,0.8076265637166665,,,,,,,,,,,,,3.91,,,SchrodingerBridge/exp/configs/orthogonal_phase_space_sweep_60/full_eval/batch_summary.csv,generic_csv,metric_evidence,Parsed from SchrodingerBridge/exp/configs/orthogonal_phase_space_sweep_60/full_eval/batch_summary.csv
G:/GitHub/Latent_Style,,LANCET/LBM,schrodingerbridge_grid_search,schrodingerbridge_grid_search,,full_eval,,,0.6669385135670505,0.4319445976,0.8114024799166668,,,,,,,,,,,,,3.91,,,SchrodingerBridge/exp/configs/orthogonal_phase_space_sweep_60/full_eval/batch_summary.csv,generic_csv,metric_evidence,Parsed from SchrodingerBridge/exp/configs/orthogonal_phase_space_sweep_60/full_eval/batch_summary.csv
G:/GitHub/Latent_Style,,LANCET/LBM,schrodingerbridge_grid_search,schrodingerbridge_grid_search,,full_eval,,,0.6278892404337725,0.3046896472766666,0.9002957607833334,,,,,,,,,,,,,3.91,,,SchrodingerBridge/exp/configs/orthogonal_phase_space_sweep_60/full_eval/batch_summary.csv,generic_csv,metric_evidence,Parsed from SchrodingerBridge/exp/configs/orthogonal_phase_space_sweep_60/full_eval/batch_summary.csv
G:/GitHub/Latent_Style,,LANCET/LBM,schrodingerbridge_grid_search,schrodingerbridge_grid_search,,full_eval,,,0.6297371393442155,0.3077741586333333,0.8984197602,,,,,,,,,,,,,3.91,,,SchrodingerBridge/exp/configs/orthogonal_phase_space_sweep_60/full_eval/batch_summary.csv,generic_csv,metric_evidence,Parsed from SchrodingerBridge/exp/configs/orthogonal_phase_space_sweep_60/full_eval/batch_summary.csv
G:/GitHub/Latent_Style,,LANCET/LBM,schrodingerbridge_grid_search,schrodingerbridge_grid_search,,full_eval,,,0.6306654890378316,0.31014444686666665,0.8965129269000001,,,,,,,,,,,,,3.91,,,SchrodingerBridge/exp/configs/orthogonal_phase_space_sweep_60/full_eval/batch_summary.csv,generic_csv,metric_evidence,Parsed from SchrodingerBridge/exp/configs/orthogonal_phase_space_sweep_60/full_eval/batch_summary.csv
G:/GitHub/Latent_Style,,LANCET/LBM,schrodingerbridge_grid_search,schrodingerbridge_grid_search,,full_eval,,,0.6304035248359046,0.3117586784666667,0.8942907413166667,,,,,,,,,,,,,3.91,,,SchrodingerBridge/exp/configs/orthogonal_phase_space_sweep_60/full_eval/batch_summary.csv,generic_csv,metric_evidence,Parsed from SchrodingerBridge/exp/configs/orthogonal_phase_space_sweep_60/full_eval/batch_summary.csv
G:/GitHub/Latent_Style,,LANCET/LBM,schrodingerbridge_grid_search,schrodingerbridge_grid_search,,full_eval,,,0.629919426292181,0.3093401177166667,0.8976271548166667,,,,,,,,,,,,,3.91,,,SchrodingerBridge/exp/configs/orthogonal_phase_space_sweep_60/full_eval/batch_summary.csv,generic_csv,metric_evidence,Parsed from SchrodingerBridge/exp/configs/orthogonal_phase_space_sweep_60/full_eval/batch_summary.csv
G:/GitHub/Latent_Style,,LANCET/LBM,schrodingerbridge_grid_search,schrodingerbridge_grid_search,,full_eval,,,0.6306019374231497,0.31096834654999994,0.8962441121333333,,,,,,,,,,,,,3.91,,,SchrodingerBridge/exp/configs/orthogonal_phase_space_sweep_60/full_eval/batch_summary.csv,generic_csv,metric_evidence,Parsed from SchrodingerBridge/exp/configs/orthogonal_phase_space_sweep_60/full_eval/batch_summary.csv
G:/GitHub/Latent_Style,,LANCET/LBM,schrodingerbridge_grid_search,schrodingerbridge_grid_search,,full_eval,,,0.6317415201167266,0.32436474595,0.8965589969,,,,,,,,,,,,,3.91,,,SchrodingerBridge/exp/configs/orthogonal_phase_space_sweep_60/full_eval/batch_summary.csv,generic_csv,metric_evidence,Parsed from SchrodingerBridge/exp/configs/orthogonal_phase_space_sweep_60/full_eval/batch_summary.csv
G:/GitHub/Latent_Style,,LANCET/LBM,schrodingerbridge_grid_search,schrodingerbridge_grid_search,,full_eval,,,0.6342058908939362,0.3262296321166666,0.8953316720833335,,,,,,,,,,,,,3.91,,,SchrodingerBridge/exp/configs/orthogonal_phase_space_sweep_60/full_eval/batch_summary.csv,generic_csv,metric_evidence,Parsed from SchrodingerBridge/exp/configs/orthogonal_phase_space_sweep_60/full_eval/batch_summary.csv
G:/GitHub/Latent_Style,,LANCET/LBM,schrodingerbridge_grid_search,schrodingerbridge_grid_search,,full_eval,,,0.6369100514551003,0.3360683747666666,0.8907138354833334,,,,,,,,,,,,,3.91,,,SchrodingerBridge/exp/configs/orthogonal_phase_space_sweep_60/full_eval/batch_summary.csv,generic_csv,metric_evidence,Parsed from SchrodingerBridge/exp/configs/orthogonal_phase_space_sweep_60/full_eval/batch_summary.csv
G:/GitHub/Latent_Style,,LANCET/LBM,schrodingerbridge_grid_search,schrodingerbridge_grid_search,,full_eval,,,0.6367675326267879,0.33381897304999997,0.8888671924166666,,,,,,,,,,,,,3.91,,,SchrodingerBridge/exp/configs/orthogonal_phase_space_sweep_60/full_eval/batch_summary.csv,generic_csv,metric_evidence,Parsed from SchrodingerBridge/exp/configs/orthogonal_phase_space_sweep_60/full_eval/batch_summary.csv
G:/GitHub/Latent_Style,,LANCET/LBM,schrodingerbridge_grid_search,schrodingerbridge_grid_search,,full_eval,,,0.6388346834977469,0.3405784304666667,0.8855542099333332,,,,,,,,,,,,,3.91,,,SchrodingerBridge/exp/configs/orthogonal_phase_space_sweep_60/full_eval/batch_summary.csv,generic_csv,metric_evidence,Parsed from SchrodingerBridge/exp/configs/orthogonal_phase_space_sweep_60/full_eval/batch_summary.csv
G:/GitHub/Latent_Style,,LANCET/LBM,schrodingerbridge_grid_search,schrodingerbridge_grid_search,,full_eval,,,0.6397413858771325,0.341378261,0.8847080179499999,,,,,,,,,,,,,3.91,,,SchrodingerBridge/exp/configs/orthogonal_phase_space_sweep_60/full_eval/batch_summary.csv,generic_csv,metric_evidence,Parsed from SchrodingerBridge/exp/configs/orthogonal_phase_space_sweep_60/full_eval/batch_summary.csv
G:/GitHub/Latent_Style,,LANCET/LBM,schrodingerbridge_grid_search,schrodingerbridge_grid_search,,full_eval,,,0.6546367564797402,0.3682234196333333,0.8554538666500001,,,,,,,,,,,,,3.91,,,SchrodingerBridge/exp/configs/orthogonal_phase_space_sweep_60/full_eval/batch_summary.csv,generic_csv,metric_evidence,Parsed from SchrodingerBridge/exp/configs/orthogonal_phase_space_sweep_60/full_eval/batch_summary.csv
G:/GitHub/Latent_Style,,LANCET/LBM,schrodingerbridge_grid_search,schrodingerbridge_grid_search,,full_eval,,,0.6578394200404485,0.3747933818166667,0.8522616532166667,,,,,,,,,,,,,3.91,,,SchrodingerBridge/exp/configs/orthogonal_phase_space_sweep_60/full_eval/batch_summary.csv,generic_csv,metric_evidence,Parsed from SchrodingerBridge/exp/configs/orthogonal_phase_space_sweep_60/full_eval/batch_summary.csv
G:/GitHub/Latent_Style,,LANCET/LBM,schrodingerbridge_grid_search,schrodingerbridge_grid_search,,full_eval,,,0.656262298822403,0.3770805390333334,0.8513847177333336,,,,,,,,,,,,,3.91,,,SchrodingerBridge/exp/configs/orthogonal_phase_space_sweep_60/full_eval/batch_summary.csv,generic_csv,metric_evidence,Parsed from SchrodingerBridge/exp/configs/orthogonal_phase_space_sweep_60/full_eval/batch_summary.csv
G:/GitHub/Latent_Style,,LANCET/LBM,schrodingerbridge_grid_search,schrodingerbridge_grid_search,,full_eval,,,0.6545985999206703,0.37542850185,0.85289940635,,,,,,,,,,,,,3.91,,,SchrodingerBridge/exp/configs/orthogonal_phase_space_sweep_60/full_eval/batch_summary.csv,generic_csv,metric_evidence,Parsed from SchrodingerBridge/exp/configs/orthogonal_phase_space_sweep_60/full_eval/batch_summary.csv
G:/GitHub/Latent_Style,,LANCET/LBM,schrodingerbridge_grid_search,schrodingerbridge_grid_search,,full_eval,,,0.6559703304370246,0.37742002811666675,0.8522578171499999,,,,,,,,,,,,,3.91,,,SchrodingerBridge/exp/configs/orthogonal_phase_space_sweep_60/full_eval/batch_summary.csv,generic_csv,metric_evidence,Parsed from SchrodingerBridge/exp/configs/orthogonal_phase_space_sweep_60/full_eval/batch_summary.csv
G:/GitHub/Latent_Style,,LANCET/LBM,schrodingerbridge_grid_search,schrodingerbridge_grid_search,,full_eval,,,0.6572607365747294,0.3781535604833334,0.8521724823333333,,,,,,,,,,,,,3.91,,,SchrodingerBridge/exp/configs/orthogonal_phase_space_sweep_60/full_eval/batch_summary.csv,generic_csv,metric_evidence,Parsed from SchrodingerBridge/exp/configs/orthogonal_phase_space_sweep_60/full_eval/batch_summary.csv
G:/GitHub/Latent_Style,,LANCET/LBM,schrodingerbridge_grid_search,schrodingerbridge_grid_search,,full_eval,,,0.6499910741051037,0.3648734458333334,0.8595716668,,,,,,,,,,,,,3.91,,,SchrodingerBridge/exp/configs/orthogonal_phase_space_sweep_60/full_eval/batch_summary.csv,generic_csv,metric_evidence,Parsed from SchrodingerBridge/exp/configs/orthogonal_phase_space_sweep_60/full_eval/batch_summary.csv
G:/GitHub/Latent_Style,,LANCET/LBM,schrodingerbridge_grid_search,schrodingerbridge_grid_search,,full_eval,,,0.6527227438986302,0.37782950098333334,0.853495154,,,,,,,,,,,,,3.91,,,SchrodingerBridge/exp/configs/orthogonal_phase_space_sweep_60/full_eval/batch_summary.csv,generic_csv,metric_evidence,Parsed from SchrodingerBridge/exp/configs/orthogonal_phase_space_sweep_60/full_eval/batch_summary.csv
G:/GitHub/Latent_Style,,LANCET/LBM,schrodingerbridge_grid_search,schrodingerbridge_grid_search,,full_eval,,,0.6540410304069519,0.37857295471666663,0.8496230332833333,,,,,,,,,,,,,3.91,,,SchrodingerBridge/exp/configs/orthogonal_phase_space_sweep_60/full_eval/batch_summary.csv,generic_csv,metric_evidence,Parsed from SchrodingerBridge/exp/configs/orthogonal_phase_space_sweep_60/full_eval/batch_summary.csv
G:/GitHub/Latent_Style,,LANCET/LBM,schrodingerbridge_grid_search,schrodingerbridge_grid_search,,full_eval,,,0.6562035006284714,0.3911816777166667,0.8384461431,,,,,,,,,,,,,3.91,,,SchrodingerBridge/exp/configs/orthogonal_phase_space_sweep_60/full_eval/batch_summary.csv,generic_csv,metric_evidence,Parsed from SchrodingerBridge/exp/configs/orthogonal_phase_space_sweep_60/full_eval/batch_summary.csv
G:/GitHub/Latent_Style,,LANCET/LBM,schrodingerbridge_grid_search,schrodingerbridge_grid_search,,full_eval,,,0.6559448790053526,0.3895294716,0.8425036836500001,,,,,,,,,,,,,3.91,,,SchrodingerBridge/exp/configs/orthogonal_phase_space_sweep_60/full_eval/batch_summary.csv,generic_csv,metric_evidence,Parsed from SchrodingerBridge/exp/configs/orthogonal_phase_space_sweep_60/full_eval/batch_summary.csv
G:/GitHub/Latent_Style,,LANCET/LBM,schrodingerbridge_grid_search,schrodingerbridge_grid_search,,full_eval,,,0.655972168147564,0.3869911829166667,0.8443909770000001,,,,,,,,,,,,,3.91,,,SchrodingerBridge/exp/configs/orthogonal_phase_space_sweep_60/full_eval/batch_summary.csv,generic_csv,metric_evidence,Parsed from SchrodingerBridge/exp/configs/orthogonal_phase_space_sweep_60/full_eval/batch_summary.csv
G:/GitHub/Latent_Style,,LANCET/LBM,schrodingerbridge_grid_search,schrodingerbridge_grid_search,,full_eval,,,0.635632813970248,0.3300432878666667,0.8895066361166668,,,,,,,,,,,,,3.91,,,SchrodingerBridge/exp/configs/orthogonal_phase_space_sweep_60/full_eval/batch_summary.csv,generic_csv,metric_evidence,Parsed from SchrodingerBridge/exp/configs/orthogonal_phase_space_sweep_60/full_eval/batch_summary.csv
G:/GitHub/Latent_Style,,LANCET/LBM,schrodingerbridge_grid_search,schrodingerbridge_grid_search,,full_eval,,,0.6390571809808414,0.3377558268,0.8803788641999999,,,,,,,,,,,,,3.91,,,SchrodingerBridge/exp/configs/orthogonal_phase_space_sweep_60/full_eval/batch_summary.csv,generic_csv,metric_evidence,Parsed from SchrodingerBridge/exp/configs/orthogonal_phase_space_sweep_60/full_eval/batch_summary.csv
G:/GitHub/Latent_Style,,LANCET/LBM,schrodingerbridge_grid_search,schrodingerbridge_grid_search,,full_eval,,,0.6411475688219069,0.34440526331666665,0.8764360332999999,,,,,,,,,,,,,3.91,,,SchrodingerBridge/exp/configs/orthogonal_phase_space_sweep_60/full_eval/batch_summary.csv,generic_csv,metric_evidence,Parsed from SchrodingerBridge/exp/configs/orthogonal_phase_space_sweep_60/full_eval/batch_summary.csv
G:/GitHub/Latent_Style,,LANCET/LBM,schrodingerbridge_grid_search,schrodingerbridge_grid_search,,full_eval,,,0.6419131598373253,0.3411723573666667,0.8762528782999999,,,,,,,,,,,,,3.91,,,SchrodingerBridge/exp/configs/orthogonal_phase_space_sweep_60/full_eval/batch_summary.csv,generic_csv,metric_evidence,Parsed from SchrodingerBridge/exp/configs/orthogonal_phase_space_sweep_60/full_eval/batch_summary.csv
G:/GitHub/Latent_Style,,LANCET/LBM,schrodingerbridge_grid_search,schrodingerbridge_grid_search,,full_eval,,,0.6423631910483042,0.34709498908333336,0.8723698827999999,,,,,,,,,,,,,3.91,,,SchrodingerBridge/exp/configs/orthogonal_phase_space_sweep_60/full_eval/batch_summary.csv,generic_csv,metric_evidence,Parsed from SchrodingerBridge/exp/configs/orthogonal_phase_space_sweep_60/full_eval/batch_summary.csv
G:/GitHub/Latent_Style,,LANCET/LBM,schrodingerbridge_grid_search,schrodingerbridge_grid_search,,full_eval,,,0.6428301612039407,0.3480784790833334,0.8702269066499999,,,,,,,,,,,,,3.91,,,SchrodingerBridge/exp/configs/orthogonal_phase_space_sweep_60/full_eval/batch_summary.csv,generic_csv,metric_evidence,Parsed from SchrodingerBridge/exp/configs/orthogonal_phase_space_sweep_60/full_eval/batch_summary.csv
G:/GitHub/Latent_Style,,LANCET/LBM,schrodingerbridge_grid_search,schrodingerbridge_grid_search,,full_eval,,,0.641308441311121,0.3426997183,0.8757733689333331,,,,,,,,,,,,,3.91,,,SchrodingerBridge/exp/configs/orthogonal_phase_space_sweep_60/full_eval/batch_summary.csv,generic_csv,metric_evidence,Parsed from SchrodingerBridge/exp/configs/orthogonal_phase_space_sweep_60/full_eval/batch_summary.csv
G:/GitHub/Latent_Style,,LANCET/LBM,schrodingerbridge_grid_search,schrodingerbridge_grid_search,,full_eval,,,0.6438486484189829,0.34390126585,0.8741324971333333,,,,,,,,,,,,,3.91,,,SchrodingerBridge/exp/configs/orthogonal_phase_space_sweep_60/full_eval/batch_summary.csv,generic_csv,metric_evidence,Parsed from SchrodingerBridge/exp/configs/orthogonal_phase_space_sweep_60/full_eval/batch_summary.csv
G:/GitHub/Latent_Style,,LANCET/LBM,schrodingerbridge_grid_search,schrodingerbridge_grid_search,,full_eval,,,0.6449059115846951,0.3541673584666667,0.8693479076666666,,,,,,,,,,,,,3.91,,,SchrodingerBridge/exp/configs/orthogonal_phase_space_sweep_60/full_eval/batch_summary_viewer.csv,generic_csv,metric_evidence,Parsed from SchrodingerBridge/exp/configs/orthogonal_phase_space_sweep_60/full_eval/batch_summary_viewer.csv
G:/GitHub/Latent_Style,,LANCET/LBM,schrodingerbridge_grid_search,schrodingerbridge_grid_search,,full_eval,,,0.6460470213989418,0.3550892660333333,0.8705335045166667,,,,,,,,,,,,,3.91,,,SchrodingerBridge/exp/configs/orthogonal_phase_space_sweep_60/full_eval/batch_summary_viewer.csv,generic_csv,metric_evidence,Parsed from SchrodingerBridge/exp/configs/orthogonal_phase_space_sweep_60/full_eval/batch_summary_viewer.csv
G:/GitHub/Latent_Style,,LANCET/LBM,schrodingerbridge_grid_search,schrodingerbridge_grid_search,,full_eval,,,0.6501874884963035,0.3635676510333334,0.8620863207999999,,,,,,,,,,,,,3.91,,,SchrodingerBridge/exp/configs/orthogonal_phase_space_sweep_60/full_eval/batch_summary_viewer.csv,generic_csv,metric_evidence,Parsed from SchrodingerBridge/exp/configs/orthogonal_phase_space_sweep_60/full_eval/batch_summary_viewer.csv
G:/GitHub/Latent_Style,,LANCET/LBM,schrodingerbridge_grid_search,schrodingerbridge_grid_search,,full_eval,,,0.6480549950897694,0.35714692815000004,0.8677592732333332,,,,,,,,,,,,,3.91,,,SchrodingerBridge/exp/configs/orthogonal_phase_space_sweep_60/full_eval/batch_summary_viewer.csv,generic_csv,metric_evidence,Parsed from SchrodingerBridge/exp/configs/orthogonal_phase_space_sweep_60/full_eval/batch_summary_viewer.csv
G:/GitHub/Latent_Style,,LANCET/LBM,schrodingerbridge_grid_search,schrodingerbridge_grid_search,,full_eval,,,0.6497568873067696,0.36404233188333335,0.8610471394666666,,,,,,,,,,,,,3.91,,,SchrodingerBridge/exp/configs/orthogonal_phase_space_sweep_60/full_eval/batch_summary_viewer.csv,generic_csv,metric_evidence,Parsed from SchrodingerBridge/exp/configs/orthogonal_phase_space_sweep_60/full_eval/batch_summary_viewer.csv
G:/GitHub/Latent_Style,,LANCET/LBM,schrodingerbridge_grid_search,schrodingerbridge_grid_search,,full_eval,,,0.6495762327810128,0.3603689435166667,0.8642990497500002,,,,,,,,,,,,,3.91,,,SchrodingerBridge/exp/configs/orthogonal_phase_space_sweep_60/full_eval/batch_summary_viewer.csv,generic_csv,metric_evidence,Parsed from SchrodingerBridge/exp/configs/orthogonal_phase_space_sweep_60/full_eval/batch_summary_viewer.csv
G:/GitHub/Latent_Style,,LANCET/LBM,schrodingerbridge_grid_search,schrodingerbridge_grid_search,,full_eval,,,0.6569009771446386,0.39203594331666664,0.8305626494,,,,,,,,,,,,,3.91,,,SchrodingerBridge/exp/configs/orthogonal_phase_space_sweep_60/full_eval/batch_summary_viewer.csv,generic_csv,metric_evidence,Parsed from SchrodingerBridge/exp/configs/orthogonal_phase_space_sweep_60/full_eval/batch_summary_viewer.csv
G:/GitHub/Latent_Style,,LANCET/LBM,schrodingerbridge_grid_search,schrodingerbridge_grid_search,,full_eval,,,0.6578377986947694,0.41156129083333326,0.8094892187166666,,,,,,,,,,,,,3.91,,,SchrodingerBridge/exp/configs/orthogonal_phase_space_sweep_60/full_eval/batch_summary_viewer.csv,generic_csv,metric_evidence,Parsed from SchrodingerBridge/exp/configs/orthogonal_phase_space_sweep_60/full_eval/batch_summary_viewer.csv
G:/GitHub/Latent_Style,,LANCET/LBM,schrodingerbridge_grid_search,schrodingerbridge_grid_search,,full_eval,,,0.6573758308589458,0.40066924403333337,0.8239665586500001,,,,,,,,,,,,,3.91,,,SchrodingerBridge/exp/configs/orthogonal_phase_space_sweep_60/full_eval/batch_summary_viewer.csv,generic_csv,metric_evidence,Parsed from SchrodingerBridge/exp/configs/orthogonal_phase_space_sweep_60/full_eval/batch_summary_viewer.csv
G:/GitHub/Latent_Style,,LANCET/LBM,schrodingerbridge_grid_search,schrodingerbridge_grid_search,,full_eval,,,0.6591613498330117,0.4198229962000001,0.8036346730166665,,,,,,,,,,,,,3.91,,,SchrodingerBridge/exp/configs/orthogonal_phase_space_sweep_60/full_eval/batch_summary_viewer.csv,generic_csv,metric_evidence,Parsed from SchrodingerBridge/exp/configs/orthogonal_phase_space_sweep_60/full_eval/batch_summary_viewer.csv
G:/GitHub/Latent_Style,,LANCET/LBM,schrodingerbridge_grid_search,schrodingerbridge_grid_search,,full_eval,,,0.6595869873464107,0.41472192198333335,0.8100300722666665,,,,,,,,,,,,,3.91,,,SchrodingerBridge/exp/configs/orthogonal_phase_space_sweep_60/full_eval/batch_summary_viewer.csv,generic_csv,metric_evidence,Parsed from SchrodingerBridge/exp/configs/orthogonal_phase_space_sweep_60/full_eval/batch_summary_viewer.csv
G:/GitHub/Latent_Style,,LANCET/LBM,schrodingerbridge_grid_search,schrodingerbridge_grid_search,,full_eval,,,0.6624195984999339,0.42174447005,0.8067251982666667,,,,,,,,,,,,,3.91,,,SchrodingerBridge/exp/configs/orthogonal_phase_space_sweep_60/full_eval/batch_summary_viewer.csv,generic_csv,metric_evidence,Parsed from SchrodingerBridge/exp/configs/orthogonal_phase_space_sweep_60/full_eval/batch_summary_viewer.csv
G:/GitHub/Latent_Style,,LANCET/LBM,schrodingerbridge_grid_search,schrodingerbridge_grid_search,,full_eval,,,0.6345202725629012,0.3187848200833333,0.89406642665,,,,,,,,,,,,,3.91,,,SchrodingerBridge/exp/configs/orthogonal_phase_space_sweep_60/full_eval/batch_summary_viewer.csv,generic_csv,metric_evidence,Parsed from SchrodingerBridge/exp/configs/orthogonal_phase_space_sweep_60/full_eval/batch_summary_viewer.csv
G:/GitHub/Latent_Style,,LANCET/LBM,schrodingerbridge_grid_search,schrodingerbridge_grid_search,,full_eval,,,0.6339237181345622,0.3217271673166667,0.8889060594666667,,,,,,,,,,,,,3.91,,,SchrodingerBridge/exp/configs/orthogonal_phase_space_sweep_60/full_eval/batch_summary_viewer.csv,generic_csv,metric_evidence,Parsed from SchrodingerBridge/exp/configs/orthogonal_phase_space_sweep_60/full_eval/batch_summary_viewer.csv
G:/GitHub/Latent_Style,,LANCET/LBM,schrodingerbridge_grid_search,schrodingerbridge_grid_search,,full_eval,,,0.6335840452214081,0.31801973214999996,0.89511945125,,,,,,,,,,,,,3.91,,,SchrodingerBridge/exp/configs/orthogonal_phase_space_sweep_60/full_eval/batch_summary_viewer.csv,generic_csv,metric_evidence,Parsed from SchrodingerBridge/exp/configs/orthogonal_phase_space_sweep_60/full_eval/batch_summary_viewer.csv
G:/GitHub/Latent_Style,,LANCET/LBM,schrodingerbridge_grid_search,schrodingerbridge_grid_search,,full_eval,,,0.6347618168095747,0.31943957695,0.8923880611166668,,,,,,,,,,,,,3.91,,,SchrodingerBridge/exp/configs/orthogonal_phase_space_sweep_60/full_eval/batch_summary_viewer.csv,generic_csv,metric_evidence,Parsed from SchrodingerBridge/exp/configs/orthogonal_phase_space_sweep_60/full_eval/batch_summary_viewer.csv
G:/GitHub/Latent_Style,,LANCET/LBM,schrodingerbridge_grid_search,schrodingerbridge_grid_search,,full_eval,,,0.6357810424268245,0.32495767065000003,0.8897561436999999,,,,,,,,,,,,,3.91,,,SchrodingerBridge/exp/configs/orthogonal_phase_space_sweep_60/full_eval/batch_summary_viewer.csv,generic_csv,metric_evidence,Parsed from SchrodingerBridge/exp/configs/orthogonal_phase_space_sweep_60/full_eval/batch_summary_viewer.csv
G:/GitHub/Latent_Style,,LANCET/LBM,schrodingerbridge_grid_search,schrodingerbridge_grid_search,,full_eval,,,0.6353896616895993,0.32307979094999995,0.8916539578333333,,,,,,,,,,,,,3.91,,,SchrodingerBridge/exp/configs/orthogonal_phase_space_sweep_60/full_eval/batch_summary_viewer.csv,generic_csv,metric_evidence,Parsed from SchrodingerBridge/exp/configs/orthogonal_phase_space_sweep_60/full_eval/batch_summary_viewer.csv
G:/GitHub/Latent_Style,,LANCET/LBM,schrodingerbridge_grid_search,schrodingerbridge_grid_search,,full_eval,,,0.6603848051528136,0.4018593420166667,0.82747725515,,,,,,,,,,,,,3.91,,,SchrodingerBridge/exp/configs/orthogonal_phase_space_sweep_60/full_eval/batch_summary_viewer.csv,generic_csv,metric_evidence,Parsed from SchrodingerBridge/exp/configs/orthogonal_phase_space_sweep_60/full_eval/batch_summary_viewer.csv
G:/GitHub/Latent_Style,,LANCET/LBM,schrodingerbridge_grid_search,schrodingerbridge_grid_search,,full_eval,,,0.6641561039288838,0.4116731908166667,0.8249392388166668,,,,,,,,,,,,,3.91,,,SchrodingerBridge/exp/configs/orthogonal_phase_space_sweep_60/full_eval/batch_summary_viewer.csv,generic_csv,metric_evidence,Parsed from SchrodingerBridge/exp/configs/orthogonal_phase_space_sweep_60/full_eval/batch_summary_viewer.csv
G:/GitHub/Latent_Style,,LANCET/LBM,schrodingerbridge_grid_search,schrodingerbridge_grid_search,,full_eval,,,0.664296748538812,0.41679454176666664,0.8208590995666668,,,,,,,,,,,,,3.91,,,SchrodingerBridge/exp/configs/orthogonal_phase_space_sweep_60/full_eval/batch_summary_viewer.csv,generic_csv,metric_evidence,Parsed from SchrodingerBridge/exp/configs/orthogonal_phase_space_sweep_60/full_eval/batch_summary_viewer.csv
G:/GitHub/Latent_Style,,LANCET/LBM,schrodingerbridge_grid_search,schrodingerbridge_grid_search,,full_eval,,,0.6677289503812791,0.43649115138333333,0.8033580629333334,,,,,,,,,,,,,3.91,,,SchrodingerBridge/exp/configs/orthogonal_phase_space_sweep_60/full_eval/batch_summary_viewer.csv,generic_csv,metric_evidence,Parsed from SchrodingerBridge/exp/configs/orthogonal_phase_space_sweep_60/full_eval/batch_summary_viewer.csv
G:/GitHub/Latent_Style,,LANCET/LBM,schrodingerbridge_grid_search,schrodingerbridge_grid_search,,full_eval,,,0.6675435517728328,0.43390076656666665,0.8076265637166665,,,,,,,,,,,,,3.91,,,SchrodingerBridge/exp/configs/orthogonal_phase_space_sweep_60/full_eval/batch_summary_viewer.csv,generic_csv,metric_evidence,Parsed from SchrodingerBridge/exp/configs/orthogonal_phase_space_sweep_60/full_eval/batch_summary_viewer.csv
G:/GitHub/Latent_Style,,LANCET/LBM,schrodingerbridge_grid_search,schrodingerbridge_grid_search,,full_eval,,,0.6669385135670505,0.4319445976,0.8114024799166668,,,,,,,,,,,,,3.91,,,SchrodingerBridge/exp/configs/orthogonal_phase_space_sweep_60/full_eval/batch_summary_viewer.csv,generic_csv,metric_evidence,Parsed from SchrodingerBridge/exp/configs/orthogonal_phase_space_sweep_60/full_eval/batch_summary_viewer.csv
G:/GitHub/Latent_Style,,LANCET/LBM,schrodingerbridge_grid_search,schrodingerbridge_grid_search,,full_eval,,,0.6278892404337725,0.3046896472766666,0.9002957607833334,,,,,,,,,,,,,3.91,,,SchrodingerBridge/exp/configs/orthogonal_phase_space_sweep_60/full_eval/batch_summary_viewer.csv,generic_csv,metric_evidence,Parsed from SchrodingerBridge/exp/configs/orthogonal_phase_space_sweep_60/full_eval/batch_summary_viewer.csv
G:/GitHub/Latent_Style,,LANCET/LBM,schrodingerbridge_grid_search,schrodingerbridge_grid_search,,full_eval,,,0.6297371393442155,0.3077741586333333,0.8984197602,,,,,,,,,,,,,3.91,,,SchrodingerBridge/exp/configs/orthogonal_phase_space_sweep_60/full_eval/batch_summary_viewer.csv,generic_csv,metric_evidence,Parsed from SchrodingerBridge/exp/configs/orthogonal_phase_space_sweep_60/full_eval/batch_summary_viewer.csv
G:/GitHub/Latent_Style,,LANCET/LBM,schrodingerbridge_grid_search,schrodingerbridge_grid_search,,full_eval,,,0.6306654890378316,0.31014444686666665,0.8965129269000001,,,,,,,,,,,,,3.91,,,SchrodingerBridge/exp/configs/orthogonal_phase_space_sweep_60/full_eval/batch_summary_viewer.csv,generic_csv,metric_evidence,Parsed from SchrodingerBridge/exp/configs/orthogonal_phase_space_sweep_60/full_eval/batch_summary_viewer.csv
G:/GitHub/Latent_Style,,LANCET/LBM,schrodingerbridge_grid_search,schrodingerbridge_grid_search,,full_eval,,,0.6304035248359046,0.3117586784666667,0.8942907413166667,,,,,,,,,,,,,3.91,,,SchrodingerBridge/exp/configs/orthogonal_phase_space_sweep_60/full_eval/batch_summary_viewer.csv,generic_csv,metric_evidence,Parsed from SchrodingerBridge/exp/configs/orthogonal_phase_space_sweep_60/full_eval/batch_summary_viewer.csv
G:/GitHub/Latent_Style,,LANCET/LBM,schrodingerbridge_grid_search,schrodingerbridge_grid_search,,full_eval,,,0.629919426292181,0.3093401177166667,0.8976271548166667,,,,,,,,,,,,,3.91,,,SchrodingerBridge/exp/configs/orthogonal_phase_space_sweep_60/full_eval/batch_summary_viewer.csv,generic_csv,metric_evidence,Parsed from SchrodingerBridge/exp/configs/orthogonal_phase_space_sweep_60/full_eval/batch_summary_viewer.csv
G:/GitHub/Latent_Style,,LANCET/LBM,schrodingerbridge_grid_search,schrodingerbridge_grid_search,,full_eval,,,0.6306019374231497,0.31096834654999994,0.8962441121333333,,,,,,,,,,,,,3.91,,,SchrodingerBridge/exp/configs/orthogonal_phase_space_sweep_60/full_eval/batch_summary_viewer.csv,generic_csv,metric_evidence,Parsed from SchrodingerBridge/exp/configs/orthogonal_phase_space_sweep_60/full_eval/batch_summary_viewer.csv
G:/GitHub/Latent_Style,,LANCET/LBM,schrodingerbridge_grid_search,schrodingerbridge_grid_search,,full_eval,,,0.6317415201167266,0.32436474595,0.8965589969,,,,,,,,,,,,,3.91,,,SchrodingerBridge/exp/configs/orthogonal_phase_space_sweep_60/full_eval/batch_summary_viewer.csv,generic_csv,metric_evidence,Parsed from SchrodingerBridge/exp/configs/orthogonal_phase_space_sweep_60/full_eval/batch_summary_viewer.csv
G:/GitHub/Latent_Style,,LANCET/LBM,schrodingerbridge_grid_search,schrodingerbridge_grid_search,,full_eval,,,0.6342058908939362,0.3262296321166666,0.8953316720833335,,,,,,,,,,,,,3.91,,,SchrodingerBridge/exp/configs/orthogonal_phase_space_sweep_60/full_eval/batch_summary_viewer.csv,generic_csv,metric_evidence,Parsed from SchrodingerBridge/exp/configs/orthogonal_phase_space_sweep_60/full_eval/batch_summary_viewer.csv
G:/GitHub/Latent_Style,,LANCET/LBM,schrodingerbridge_grid_search,schrodingerbridge_grid_search,,full_eval,,,0.6369100514551003,0.3360683747666666,0.8907138354833334,,,,,,,,,,,,,3.91,,,SchrodingerBridge/exp/configs/orthogonal_phase_space_sweep_60/full_eval/batch_summary_viewer.csv,generic_csv,metric_evidence,Parsed from SchrodingerBridge/exp/configs/orthogonal_phase_space_sweep_60/full_eval/batch_summary_viewer.csv
G:/GitHub/Latent_Style,,LANCET/LBM,schrodingerbridge_grid_search,schrodingerbridge_grid_search,,full_eval,,,0.6367675326267879,0.33381897304999997,0.8888671924166666,,,,,,,,,,,,,3.91,,,SchrodingerBridge/exp/configs/orthogonal_phase_space_sweep_60/full_eval/batch_summary_viewer.csv,generic_csv,metric_evidence,Parsed from SchrodingerBridge/exp/configs/orthogonal_phase_space_sweep_60/full_eval/batch_summary_viewer.csv
G:/GitHub/Latent_Style,,LANCET/LBM,schrodingerbridge_grid_search,schrodingerbridge_grid_search,,full_eval,,,0.6388346834977469,0.3405784304666667,0.8855542099333332,,,,,,,,,,,,,3.91,,,SchrodingerBridge/exp/configs/orthogonal_phase_space_sweep_60/full_eval/batch_summary_viewer.csv,generic_csv,metric_evidence,Parsed from SchrodingerBridge/exp/configs/orthogonal_phase_space_sweep_60/full_eval/batch_summary_viewer.csv
G:/GitHub/Latent_Style,,LANCET/LBM,schrodingerbridge_grid_search,schrodingerbridge_grid_search,,full_eval,,,0.6397413858771325,0.341378261,0.8847080179499999,,,,,,,,,,,,,3.91,,,SchrodingerBridge/exp/configs/orthogonal_phase_space_sweep_60/full_eval/batch_summary_viewer.csv,generic_csv,metric_evidence,Parsed from SchrodingerBridge/exp/configs/orthogonal_phase_space_sweep_60/full_eval/batch_summary_viewer.csv
G:/GitHub/Latent_Style,,LANCET/LBM,schrodingerbridge_grid_search,schrodingerbridge_grid_search,,full_eval,,,0.6546367564797402,0.3682234196333333,0.8554538666500001,,,,,,,,,,,,,3.91,,,SchrodingerBridge/exp/configs/orthogonal_phase_space_sweep_60/full_eval/batch_summary_viewer.csv,generic_csv,metric_evidence,Parsed from SchrodingerBridge/exp/configs/orthogonal_phase_space_sweep_60/full_eval/batch_summary_viewer.csv
G:/GitHub/Latent_Style,,LANCET/LBM,schrodingerbridge_grid_search,schrodingerbridge_grid_search,,full_eval,,,0.6578394200404485,0.3747933818166667,0.8522616532166667,,,,,,,,,,,,,3.91,,,SchrodingerBridge/exp/configs/orthogonal_phase_space_sweep_60/full_eval/batch_summary_viewer.csv,generic_csv,metric_evidence,Parsed from SchrodingerBridge/exp/configs/orthogonal_phase_space_sweep_60/full_eval/batch_summary_viewer.csv
G:/GitHub/Latent_Style,,LANCET/LBM,schrodingerbridge_grid_search,schrodingerbridge_grid_search,,full_eval,,,0.656262298822403,0.3770805390333334,0.8513847177333336,,,,,,,,,,,,,3.91,,,SchrodingerBridge/exp/configs/orthogonal_phase_space_sweep_60/full_eval/batch_summary_viewer.csv,generic_csv,metric_evidence,Parsed from SchrodingerBridge/exp/configs/orthogonal_phase_space_sweep_60/full_eval/batch_summary_viewer.csv
G:/GitHub/Latent_Style,,LANCET/LBM,schrodingerbridge_grid_search,schrodingerbridge_grid_search,,full_eval,,,0.6545985999206703,0.37542850185,0.85289940635,,,,,,,,,,,,,3.91,,,SchrodingerBridge/exp/configs/orthogonal_phase_space_sweep_60/full_eval/batch_summary_viewer.csv,generic_csv,metric_evidence,Parsed from SchrodingerBridge/exp/configs/orthogonal_phase_space_sweep_60/full_eval/batch_summary_viewer.csv
G:/GitHub/Latent_Style,,LANCET/LBM,schrodingerbridge_grid_search,schrodingerbridge_grid_search,,full_eval,,,0.6559703304370246,0.37742002811666675,0.8522578171499999,,,,,,,,,,,,,3.91,,,SchrodingerBridge/exp/configs/orthogonal_phase_space_sweep_60/full_eval/batch_summary_viewer.csv,generic_csv,metric_evidence,Parsed from SchrodingerBridge/exp/configs/orthogonal_phase_space_sweep_60/full_eval/batch_summary_viewer.csv
G:/GitHub/Latent_Style,,LANCET/LBM,schrodingerbridge_grid_search,schrodingerbridge_grid_search,,full_eval,,,0.6572607365747294,0.3781535604833334,0.8521724823333333,,,,,,,,,,,,,3.91,,,SchrodingerBridge/exp/configs/orthogonal_phase_space_sweep_60/full_eval/batch_summary_viewer.csv,generic_csv,metric_evidence,Parsed from SchrodingerBridge/exp/configs/orthogonal_phase_space_sweep_60/full_eval/batch_summary_viewer.csv
G:/GitHub/Latent_Style,,LANCET/LBM,schrodingerbridge_grid_search,schrodingerbridge_grid_search,,full_eval,,,0.6499910741051037,0.3648734458333334,0.8595716668,,,,,,,,,,,,,3.91,,,SchrodingerBridge/exp/configs/orthogonal_phase_space_sweep_60/full_eval/batch_summary_viewer.csv,generic_csv,metric_evidence,Parsed from SchrodingerBridge/exp/configs/orthogonal_phase_space_sweep_60/full_eval/batch_summary_viewer.csv
G:/GitHub/Latent_Style,,LANCET/LBM,schrodingerbridge_grid_search,schrodingerbridge_grid_search,,full_eval,,,0.6527227438986302,0.37782950098333334,0.853495154,,,,,,,,,,,,,3.91,,,SchrodingerBridge/exp/configs/orthogonal_phase_space_sweep_60/full_eval/batch_summary_viewer.csv,generic_csv,metric_evidence,Parsed from SchrodingerBridge/exp/configs/orthogonal_phase_space_sweep_60/full_eval/batch_summary_viewer.csv
G:/GitHub/Latent_Style,,LANCET/LBM,schrodingerbridge_grid_search,schrodingerbridge_grid_search,,full_eval,,,0.6540410304069519,0.37857295471666663,0.8496230332833333,,,,,,,,,,,,,3.91,,,SchrodingerBridge/exp/configs/orthogonal_phase_space_sweep_60/full_eval/batch_summary_viewer.csv,generic_csv,metric_evidence,Parsed from SchrodingerBridge/exp/configs/orthogonal_phase_space_sweep_60/full_eval/batch_summary_viewer.csv
G:/GitHub/Latent_Style,,LANCET/LBM,schrodingerbridge_grid_search,schrodingerbridge_grid_search,,full_eval,,,0.6562035006284714,0.3911816777166667,0.8384461431,,,,,,,,,,,,,3.91,,,SchrodingerBridge/exp/configs/orthogonal_phase_space_sweep_60/full_eval/batch_summary_viewer.csv,generic_csv,metric_evidence,Parsed from SchrodingerBridge/exp/configs/orthogonal_phase_space_sweep_60/full_eval/batch_summary_viewer.csv
G:/GitHub/Latent_Style,,LANCET/LBM,schrodingerbridge_grid_search,schrodingerbridge_grid_search,,full_eval,,,0.6559448790053526,0.3895294716,0.8425036836500001,,,,,,,,,,,,,3.91,,,SchrodingerBridge/exp/configs/orthogonal_phase_space_sweep_60/full_eval/batch_summary_viewer.csv,generic_csv,metric_evidence,Parsed from SchrodingerBridge/exp/configs/orthogonal_phase_space_sweep_60/full_eval/batch_summary_viewer.csv
G:/GitHub/Latent_Style,,LANCET/LBM,schrodingerbridge_grid_search,schrodingerbridge_grid_search,,full_eval,,,0.655972168147564,0.3869911829166667,0.8443909770000001,,,,,,,,,,,,,3.91,,,SchrodingerBridge/exp/configs/orthogonal_phase_space_sweep_60/full_eval/batch_summary_viewer.csv,generic_csv,metric_evidence,Parsed from SchrodingerBridge/exp/configs/orthogonal_phase_space_sweep_60/full_eval/batch_summary_viewer.csv
G:/GitHub/Latent_Style,,LANCET/LBM,schrodingerbridge_grid_search,schrodingerbridge_grid_search,,full_eval,,,0.635632813970248,0.3300432878666667,0.8895066361166668,,,,,,,,,,,,,3.91,,,SchrodingerBridge/exp/configs/orthogonal_phase_space_sweep_60/full_eval/batch_summary_viewer.csv,generic_csv,metric_evidence,Parsed from SchrodingerBridge/exp/configs/orthogonal_phase_space_sweep_60/full_eval/batch_summary_viewer.csv
G:/GitHub/Latent_Style,,LANCET/LBM,schrodingerbridge_grid_search,schrodingerbridge_grid_search,,full_eval,,,0.6390571809808414,0.3377558268,0.8803788641999999,,,,,,,,,,,,,3.91,,,SchrodingerBridge/exp/configs/orthogonal_phase_space_sweep_60/full_eval/batch_summary_viewer.csv,generic_csv,metric_evidence,Parsed from SchrodingerBridge/exp/configs/orthogonal_phase_space_sweep_60/full_eval/batch_summary_viewer.csv
G:/GitHub/Latent_Style,,LANCET/LBM,schrodingerbridge_grid_search,schrodingerbridge_grid_search,,full_eval,,,0.6411475688219069,0.34440526331666665,0.8764360332999999,,,,,,,,,,,,,3.91,,,SchrodingerBridge/exp/configs/orthogonal_phase_space_sweep_60/full_eval/batch_summary_viewer.csv,generic_csv,metric_evidence,Parsed from SchrodingerBridge/exp/configs/orthogonal_phase_space_sweep_60/full_eval/batch_summary_viewer.csv
G:/GitHub/Latent_Style,,LANCET/LBM,schrodingerbridge_grid_search,schrodingerbridge_grid_search,,full_eval,,,0.6419131598373253,0.3411723573666667,0.8762528782999999,,,,,,,,,,,,,3.91,,,SchrodingerBridge/exp/configs/orthogonal_phase_space_sweep_60/full_eval/batch_summary_viewer.csv,generic_csv,metric_evidence,Parsed from SchrodingerBridge/exp/configs/orthogonal_phase_space_sweep_60/full_eval/batch_summary_viewer.csv
G:/GitHub/Latent_Style,,LANCET/LBM,schrodingerbridge_grid_search,schrodingerbridge_grid_search,,full_eval,,,0.6423631910483042,0.34709498908333336,0.8723698827999999,,,,,,,,,,,,,3.91,,,SchrodingerBridge/exp/configs/orthogonal_phase_space_sweep_60/full_eval/batch_summary_viewer.csv,generic_csv,metric_evidence,Parsed from SchrodingerBridge/exp/configs/orthogonal_phase_space_sweep_60/full_eval/batch_summary_viewer.csv
G:/GitHub/Latent_Style,,LANCET/LBM,schrodingerbridge_grid_search,schrodingerbridge_grid_search,,full_eval,,,0.6428301612039407,0.3480784790833334,0.8702269066499999,,,,,,,,,,,,,3.91,,,SchrodingerBridge/exp/configs/orthogonal_phase_space_sweep_60/full_eval/batch_summary_viewer.csv,generic_csv,metric_evidence,Parsed from SchrodingerBridge/exp/configs/orthogonal_phase_space_sweep_60/full_eval/batch_summary_viewer.csv
G:/GitHub/Latent_Style,,LANCET/LBM,schrodingerbridge_grid_search,schrodingerbridge_grid_search,,full_eval,,,0.641308441311121,0.3426997183,0.8757733689333331,,,,,,,,,,,,,3.91,,,SchrodingerBridge/exp/configs/orthogonal_phase_space_sweep_60/full_eval/batch_summary_viewer.csv,generic_csv,metric_evidence,Parsed from SchrodingerBridge/exp/configs/orthogonal_phase_space_sweep_60/full_eval/batch_summary_viewer.csv
G:/GitHub/Latent_Style,,LANCET/LBM,schrodingerbridge_grid_search,schrodingerbridge_grid_search,,full_eval,,,0.6438486484189829,0.34390126585,0.8741324971333333,,,,,,,,,,,,,3.91,,,SchrodingerBridge/exp/configs/orthogonal_phase_space_sweep_60/full_eval/batch_summary_viewer.csv,generic_csv,metric_evidence,Parsed from SchrodingerBridge/exp/configs/orthogonal_phase_space_sweep_60/full_eval/batch_summary_viewer.csv
G:/GitHub/Latent_Style,,LANCET/LBM,schrodingerbridge_grid_search,schrodingerbridge_grid_search,,g0_universe_center,,,0.6449059115846951,0.3541673584666667,0.8693479076666666,,,,,,,,,,,,,3.91,,,SchrodingerBridge/exp/configs/orthogonal_phase_space_sweep_60/full_eval/g0_universe_center/batch_summary.csv,generic_csv,metric_evidence,Parsed from SchrodingerBridge/exp/configs/orthogonal_phase_space_sweep_60/full_eval/g0_universe_center/batch_summary.csv
G:/GitHub/Latent_Style,,LANCET/LBM,schrodingerbridge_grid_search,schrodingerbridge_grid_search,,g0_universe_center,,,0.6460470213989418,0.3550892660333333,0.8705335045166667,,,,,,,,,,,,,3.91,,,SchrodingerBridge/exp/configs/orthogonal_phase_space_sweep_60/full_eval/g0_universe_center/batch_summary.csv,generic_csv,metric_evidence,Parsed from SchrodingerBridge/exp/configs/orthogonal_phase_space_sweep_60/full_eval/g0_universe_center/batch_summary.csv
G:/GitHub/Latent_Style,,LANCET/LBM,schrodingerbridge_grid_search,schrodingerbridge_grid_search,,g0_universe_center,,,0.6501874884963035,0.3635676510333334,0.8620863207999999,,,,,,,,,,,,,3.91,,,SchrodingerBridge/exp/configs/orthogonal_phase_space_sweep_60/full_eval/g0_universe_center/batch_summary.csv,generic_csv,metric_evidence,Parsed from SchrodingerBridge/exp/configs/orthogonal_phase_space_sweep_60/full_eval/g0_universe_center/batch_summary.csv
G:/GitHub/Latent_Style,,LANCET/LBM,schrodingerbridge_grid_search,schrodingerbridge_grid_search,,g0_universe_center,,,0.6480549950897694,0.35714692815000004,0.8677592732333332,,,,,,,,,,,,,3.91,,,SchrodingerBridge/exp/configs/orthogonal_phase_space_sweep_60/full_eval/g0_universe_center/batch_summary.csv,generic_csv,metric_evidence,Parsed from SchrodingerBridge/exp/configs/orthogonal_phase_space_sweep_60/full_eval/g0_universe_center/batch_summary.csv
G:/GitHub/Latent_Style,,LANCET/LBM,schrodingerbridge_grid_search,schrodingerbridge_grid_search,,g0_universe_center,,,0.6497568873067696,0.36404233188333335,0.8610471394666666,,,,,,,,,,,,,3.91,,,SchrodingerBridge/exp/configs/orthogonal_phase_space_sweep_60/full_eval/g0_universe_center/batch_summary.csv,generic_csv,metric_evidence,Parsed from SchrodingerBridge/exp/configs/orthogonal_phase_space_sweep_60/full_eval/g0_universe_center/batch_summary.csv
G:/GitHub/Latent_Style,,LANCET/LBM,schrodingerbridge_grid_search,schrodingerbridge_grid_search,,g0_universe_center,,,0.6495762327810128,0.3603689435166667,0.8642990497500002,,,,,,,,,,,,,3.91,,,SchrodingerBridge/exp/configs/orthogonal_phase_space_sweep_60/full_eval/g0_universe_center/batch_summary.csv,generic_csv,metric_evidence,Parsed from SchrodingerBridge/exp/configs/orthogonal_phase_space_sweep_60/full_eval/g0_universe_center/batch_summary.csv
G:/GitHub/Latent_Style,,LANCET/LBM,schrodingerbridge_grid_search,schrodingerbridge_grid_search,,g0_universe_center,,,0.6449059115846951,0.3541673584666667,0.8693479076666666,,,,,,,,,,,,,3.91,,,SchrodingerBridge/exp/configs/orthogonal_phase_space_sweep_60/full_eval/g0_universe_center/batch_summary_viewer.csv,generic_csv,metric_evidence,Parsed from SchrodingerBridge/exp/configs/orthogonal_phase_space_sweep_60/full_eval/g0_universe_center/batch_summary_viewer.csv
G:/GitHub/Latent_Style,,LANCET/LBM,schrodingerbridge_grid_search,schrodingerbridge_grid_search,,g0_universe_center,,,0.6460470213989418,0.3550892660333333,0.8705335045166667,,,,,,,,,,,,,3.91,,,SchrodingerBridge/exp/configs/orthogonal_phase_space_sweep_60/full_eval/g0_universe_center/batch_summary_viewer.csv,generic_csv,metric_evidence,Parsed from SchrodingerBridge/exp/configs/orthogonal_phase_space_sweep_60/full_eval/g0_universe_center/batch_summary_viewer.csv
G:/GitHub/Latent_Style,,LANCET/LBM,schrodingerbridge_grid_search,schrodingerbridge_grid_search,,g0_universe_center,,,0.6501874884963035,0.3635676510333334,0.8620863207999999,,,,,,,,,,,,,3.91,,,SchrodingerBridge/exp/configs/orthogonal_phase_space_sweep_60/full_eval/g0_universe_center/batch_summary_viewer.csv,generic_csv,metric_evidence,Parsed from SchrodingerBridge/exp/configs/orthogonal_phase_space_sweep_60/full_eval/g0_universe_center/batch_summary_viewer.csv
G:/GitHub/Latent_Style,,LANCET/LBM,schrodingerbridge_grid_search,schrodingerbridge_grid_search,,g0_universe_center,,,0.6480549950897694,0.35714692815000004,0.8677592732333332,,,,,,,,,,,,,3.91,,,SchrodingerBridge/exp/configs/orthogonal_phase_space_sweep_60/full_eval/g0_universe_center/batch_summary_viewer.csv,generic_csv,metric_evidence,Parsed from SchrodingerBridge/exp/configs/orthogonal_phase_space_sweep_60/full_eval/g0_universe_center/batch_summary_viewer.csv
G:/GitHub/Latent_Style,,LANCET/LBM,schrodingerbridge_grid_search,schrodingerbridge_grid_search,,g0_universe_center,,,0.6497568873067696,0.36404233188333335,0.8610471394666666,,,,,,,,,,,,,3.91,,,SchrodingerBridge/exp/configs/orthogonal_phase_space_sweep_60/full_eval/g0_universe_center/batch_summary_viewer.csv,generic_csv,metric_evidence,Parsed from SchrodingerBridge/exp/configs/orthogonal_phase_space_sweep_60/full_eval/g0_universe_center/batch_summary_viewer.csv
G:/GitHub/Latent_Style,,LANCET/LBM,schrodingerbridge_grid_search,schrodingerbridge_grid_search,,g0_universe_center,,,0.6495762327810128,0.3603689435166667,0.8642990497500002,,,,,,,,,,,,,3.91,,,SchrodingerBridge/exp/configs/orthogonal_phase_space_sweep_60/full_eval/g0_universe_center/batch_summary_viewer.csv,generic_csv,metric_evidence,Parsed from SchrodingerBridge/exp/configs/orthogonal_phase_space_sweep_60/full_eval/g0_universe_center/batch_summary_viewer.csv
G:/GitHub/Latent_Style,,LANCET/LBM,schrodingerbridge_grid_search,schrodingerbridge_grid_search,,g1_absolute_release,,,0.6569009771446386,0.39203594331666664,0.8305626494,,,,,,,,,,,,,3.91,,,SchrodingerBridge/exp/configs/orthogonal_phase_space_sweep_60/full_eval/g1_absolute_release/batch_summary.csv,generic_csv,metric_evidence,Parsed from SchrodingerBridge/exp/configs/orthogonal_phase_space_sweep_60/full_eval/g1_absolute_release/batch_summary.csv
G:/GitHub/Latent_Style,,LANCET/LBM,schrodingerbridge_grid_search,schrodingerbridge_grid_search,,g1_absolute_release,,,0.6578377986947694,0.41156129083333326,0.8094892187166666,,,,,,,,,,,,,3.91,,,SchrodingerBridge/exp/configs/orthogonal_phase_space_sweep_60/full_eval/g1_absolute_release/batch_summary.csv,generic_csv,metric_evidence,Parsed from SchrodingerBridge/exp/configs/orthogonal_phase_space_sweep_60/full_eval/g1_absolute_release/batch_summary.csv
G:/GitHub/Latent_Style,,LANCET/LBM,schrodingerbridge_grid_search,schrodingerbridge_grid_search,,g1_absolute_release,,,0.6573758308589458,0.40066924403333337,0.8239665586500001,,,,,,,,,,,,,3.91,,,SchrodingerBridge/exp/configs/orthogonal_phase_space_sweep_60/full_eval/g1_absolute_release/batch_summary.csv,generic_csv,metric_evidence,Parsed from SchrodingerBridge/exp/configs/orthogonal_phase_space_sweep_60/full_eval/g1_absolute_release/batch_summary.csv
G:/GitHub/Latent_Style,,LANCET/LBM,schrodingerbridge_grid_search,schrodingerbridge_grid_search,,g1_absolute_release,,,0.6591613498330117,0.4198229962000001,0.8036346730166665,,,,,,,,,,,,,3.91,,,SchrodingerBridge/exp/configs/orthogonal_phase_space_sweep_60/full_eval/g1_absolute_release/batch_summary.csv,generic_csv,metric_evidence,Parsed from SchrodingerBridge/exp/configs/orthogonal_phase_space_sweep_60/full_eval/g1_absolute_release/batch_summary.csv
G:/GitHub/Latent_Style,,LANCET/LBM,schrodingerbridge_grid_search,schrodingerbridge_grid_search,,g1_absolute_release,,,0.6595869873464107,0.41472192198333335,0.8100300722666665,,,,,,,,,,,,,3.91,,,SchrodingerBridge/exp/configs/orthogonal_phase_space_sweep_60/full_eval/g1_absolute_release/batch_summary.csv,generic_csv,metric_evidence,Parsed from SchrodingerBridge/exp/configs/orthogonal_phase_space_sweep_60/full_eval/g1_absolute_release/batch_summary.csv
G:/GitHub/Latent_Style,,LANCET/LBM,schrodingerbridge_grid_search,schrodingerbridge_grid_search,,g1_absolute_release,,,0.6624195984999339,0.42174447005,0.8067251982666667,,,,,,,,,,,,,3.91,,,SchrodingerBridge/exp/configs/orthogonal_phase_space_sweep_60/full_eval/g1_absolute_release/batch_summary.csv,generic_csv,metric_evidence,Parsed from SchrodingerBridge/exp/configs/orthogonal_phase_space_sweep_60/full_eval/g1_absolute_release/batch_summary.csv
G:/GitHub/Latent_Style,,LANCET/LBM,schrodingerbridge_grid_search,schrodingerbridge_grid_search,,g1_absolute_release,,,0.6569009771446386,0.39203594331666664,0.8305626494,,,,,,,,,,,,,3.91,,,SchrodingerBridge/exp/configs/orthogonal_phase_space_sweep_60/full_eval/g1_absolute_release/batch_summary_viewer.csv,generic_csv,metric_evidence,Parsed from SchrodingerBridge/exp/configs/orthogonal_phase_space_sweep_60/full_eval/g1_absolute_release/batch_summary_viewer.csv
G:/GitHub/Latent_Style,,LANCET/LBM,schrodingerbridge_grid_search,schrodingerbridge_grid_search,,g1_absolute_release,,,0.6578377986947694,0.41156129083333326,0.8094892187166666,,,,,,,,,,,,,3.91,,,SchrodingerBridge/exp/configs/orthogonal_phase_space_sweep_60/full_eval/g1_absolute_release/batch_summary_viewer.csv,generic_csv,metric_evidence,Parsed from SchrodingerBridge/exp/configs/orthogonal_phase_space_sweep_60/full_eval/g1_absolute_release/batch_summary_viewer.csv
G:/GitHub/Latent_Style,,LANCET/LBM,schrodingerbridge_grid_search,schrodingerbridge_grid_search,,g1_absolute_release,,,0.6573758308589458,0.40066924403333337,0.8239665586500001,,,,,,,,,,,,,3.91,,,SchrodingerBridge/exp/configs/orthogonal_phase_space_sweep_60/full_eval/g1_absolute_release/batch_summary_viewer.csv,generic_csv,metric_evidence,Parsed from SchrodingerBridge/exp/configs/orthogonal_phase_space_sweep_60/full_eval/g1_absolute_release/batch_summary_viewer.csv
G:/GitHub/Latent_Style,,LANCET/LBM,schrodingerbridge_grid_search,schrodingerbridge_grid_search,,g1_absolute_release,,,0.6591613498330117,0.4198229962000001,0.8036346730166665,,,,,,,,,,,,,3.91,,,SchrodingerBridge/exp/configs/orthogonal_phase_space_sweep_60/full_eval/g1_absolute_release/batch_summary_viewer.csv,generic_csv,metric_evidence,Parsed from SchrodingerBridge/exp/configs/orthogonal_phase_space_sweep_60/full_eval/g1_absolute_release/batch_summary_viewer.csv
G:/GitHub/Latent_Style,,LANCET/LBM,schrodingerbridge_grid_search,schrodingerbridge_grid_search,,g1_absolute_release,,,0.6595869873464107,0.41472192198333335,0.8100300722666665,,,,,,,,,,,,,3.91,,,SchrodingerBridge/exp/configs/orthogonal_phase_space_sweep_60/full_eval/g1_absolute_release/batch_summary_viewer.csv,generic_csv,metric_evidence,Parsed from SchrodingerBridge/exp/configs/orthogonal_phase_space_sweep_60/full_eval/g1_absolute_release/batch_summary_viewer.csv
G:/GitHub/Latent_Style,,LANCET/LBM,schrodingerbridge_grid_search,schrodingerbridge_grid_search,,g1_absolute_release,,,0.6624195984999339,0.42174447005,0.8067251982666667,,,,,,,,,,,,,3.91,,,SchrodingerBridge/exp/configs/orthogonal_phase_space_sweep_60/full_eval/g1_absolute_release/batch_summary_viewer.csv,generic_csv,metric_evidence,Parsed from SchrodingerBridge/exp/configs/orthogonal_phase_space_sweep_60/full_eval/g1_absolute_release/batch_summary_viewer.csv
G:/GitHub/Latent_Style,,LANCET/LBM,schrodingerbridge_grid_search,schrodingerbridge_grid_search,,g2_absolute_freeze,,,0.6345202725629012,0.3187848200833333,0.89406642665,,,,,,,,,,,,,3.91,,,SchrodingerBridge/exp/configs/orthogonal_phase_space_sweep_60/full_eval/g2_absolute_freeze/batch_summary.csv,generic_csv,metric_evidence,Parsed from SchrodingerBridge/exp/configs/orthogonal_phase_space_sweep_60/full_eval/g2_absolute_freeze/batch_summary.csv
G:/GitHub/Latent_Style,,LANCET/LBM,schrodingerbridge_grid_search,schrodingerbridge_grid_search,,g2_absolute_freeze,,,0.6339237181345622,0.3217271673166667,0.8889060594666667,,,,,,,,,,,,,3.91,,,SchrodingerBridge/exp/configs/orthogonal_phase_space_sweep_60/full_eval/g2_absolute_freeze/batch_summary.csv,generic_csv,metric_evidence,Parsed from SchrodingerBridge/exp/configs/orthogonal_phase_space_sweep_60/full_eval/g2_absolute_freeze/batch_summary.csv
G:/GitHub/Latent_Style,,LANCET/LBM,schrodingerbridge_grid_search,schrodingerbridge_grid_search,,g2_absolute_freeze,,,0.6335840452214081,0.31801973214999996,0.89511945125,,,,,,,,,,,,,3.91,,,SchrodingerBridge/exp/configs/orthogonal_phase_space_sweep_60/full_eval/g2_absolute_freeze/batch_summary.csv,generic_csv,metric_evidence,Parsed from SchrodingerBridge/exp/configs/orthogonal_phase_space_sweep_60/full_eval/g2_absolute_freeze/batch_summary.csv
G:/GitHub/Latent_Style,,LANCET/LBM,schrodingerbridge_grid_search,schrodingerbridge_grid_search,,g2_absolute_freeze,,,0.6347618168095747,0.31943957695,0.8923880611166668,,,,,,,,,,,,,3.91,,,SchrodingerBridge/exp/configs/orthogonal_phase_space_sweep_60/full_eval/g2_absolute_freeze/batch_summary.csv,generic_csv,metric_evidence,Parsed from SchrodingerBridge/exp/configs/orthogonal_phase_space_sweep_60/full_eval/g2_absolute_freeze/batch_summary.csv
G:/GitHub/Latent_Style,,LANCET/LBM,schrodingerbridge_grid_search,schrodingerbridge_grid_search,,g2_absolute_freeze,,,0.6357810424268245,0.32495767065000003,0.8897561436999999,,,,,,,,,,,,,3.91,,,SchrodingerBridge/exp/configs/orthogonal_phase_space_sweep_60/full_eval/g2_absolute_freeze/batch_summary.csv,generic_csv,metric_evidence,Parsed from SchrodingerBridge/exp/configs/orthogonal_phase_space_sweep_60/full_eval/g2_absolute_freeze/batch_summary.csv
G:/GitHub/Latent_Style,,LANCET/LBM,schrodingerbridge_grid_search,schrodingerbridge_grid_search,,g2_absolute_freeze,,,0.6353896616895993,0.32307979094999995,0.8916539578333333,,,,,,,,,,,,,3.91,,,SchrodingerBridge/exp/configs/orthogonal_phase_space_sweep_60/full_eval/g2_absolute_freeze/batch_summary.csv,generic_csv,metric_evidence,Parsed from SchrodingerBridge/exp/configs/orthogonal_phase_space_sweep_60/full_eval/g2_absolute_freeze/batch_summary.csv
G:/GitHub/Latent_Style,,LANCET/LBM,schrodingerbridge_grid_search,schrodingerbridge_grid_search,,g2_absolute_freeze,,,0.6345202725629012,0.3187848200833333,0.89406642665,,,,,,,,,,,,,3.91,,,SchrodingerBridge/exp/configs/orthogonal_phase_space_sweep_60/full_eval/g2_absolute_freeze/batch_summary_viewer.csv,generic_csv,metric_evidence,Parsed from SchrodingerBridge/exp/configs/orthogonal_phase_space_sweep_60/full_eval/g2_absolute_freeze/batch_summary_viewer.csv
G:/GitHub/Latent_Style,,LANCET/LBM,schrodingerbridge_grid_search,schrodingerbridge_grid_search,,g2_absolute_freeze,,,0.6339237181345622,0.3217271673166667,0.8889060594666667,,,,,,,,,,,,,3.91,,,SchrodingerBridge/exp/configs/orthogonal_phase_space_sweep_60/full_eval/g2_absolute_freeze/batch_summary_viewer.csv,generic_csv,metric_evidence,Parsed from SchrodingerBridge/exp/configs/orthogonal_phase_space_sweep_60/full_eval/g2_absolute_freeze/batch_summary_viewer.csv
G:/GitHub/Latent_Style,,LANCET/LBM,schrodingerbridge_grid_search,schrodingerbridge_grid_search,,g2_absolute_freeze,,,0.6335840452214081,0.31801973214999996,0.89511945125,,,,,,,,,,,,,3.91,,,SchrodingerBridge/exp/configs/orthogonal_phase_space_sweep_60/full_eval/g2_absolute_freeze/batch_summary_viewer.csv,generic_csv,metric_evidence,Parsed from SchrodingerBridge/exp/configs/orthogonal_phase_space_sweep_60/full_eval/g2_absolute_freeze/batch_summary_viewer.csv
G:/GitHub/Latent_Style,,LANCET/LBM,schrodingerbridge_grid_search,schrodingerbridge_grid_search,,g2_absolute_freeze,,,0.6347618168095747,0.31943957695,0.8923880611166668,,,,,,,,,,,,,3.91,,,SchrodingerBridge/exp/configs/orthogonal_phase_space_sweep_60/full_eval/g2_absolute_freeze/batch_summary_viewer.csv,generic_csv,metric_evidence,Parsed from SchrodingerBridge/exp/configs/orthogonal_phase_space_sweep_60/full_eval/g2_absolute_freeze/batch_summary_viewer.csv
G:/GitHub/Latent_Style,,LANCET/LBM,schrodingerbridge_grid_search,schrodingerbridge_grid_search,,g2_absolute_freeze,,,0.6357810424268245,0.32495767065000003,0.8897561436999999,,,,,,,,,,,,,3.91,,,SchrodingerBridge/exp/configs/orthogonal_phase_space_sweep_60/full_eval/g2_absolute_freeze/batch_summary_viewer.csv,generic_csv,metric_evidence,Parsed from SchrodingerBridge/exp/configs/orthogonal_phase_space_sweep_60/full_eval/g2_absolute_freeze/batch_summary_viewer.csv
G:/GitHub/Latent_Style,,LANCET/LBM,schrodingerbridge_grid_search,schrodingerbridge_grid_search,,g2_absolute_freeze,,,0.6353896616895993,0.32307979094999995,0.8916539578333333,,,,,,,,,,,,,3.91,,,SchrodingerBridge/exp/configs/orthogonal_phase_space_sweep_60/full_eval/g2_absolute_freeze/batch_summary_viewer.csv,generic_csv,metric_evidence,Parsed from SchrodingerBridge/exp/configs/orthogonal_phase_space_sweep_60/full_eval/g2_absolute_freeze/batch_summary_viewer.csv
G:/GitHub/Latent_Style,,LANCET/LBM,schrodingerbridge_grid_search,schrodingerbridge_grid_search,,g3_gravity_black_hole,,,0.6603848051528136,0.4018593420166667,0.82747725515,,,,,,,,,,,,,3.91,,,SchrodingerBridge/exp/configs/orthogonal_phase_space_sweep_60/full_eval/g3_gravity_black_hole/batch_summary.csv,generic_csv,metric_evidence,Parsed from SchrodingerBridge/exp/configs/orthogonal_phase_space_sweep_60/full_eval/g3_gravity_black_hole/batch_summary.csv
G:/GitHub/Latent_Style,,LANCET/LBM,schrodingerbridge_grid_search,schrodingerbridge_grid_search,,g3_gravity_black_hole,,,0.6641561039288838,0.4116731908166667,0.8249392388166668,,,,,,,,,,,,,3.91,,,SchrodingerBridge/exp/configs/orthogonal_phase_space_sweep_60/full_eval/g3_gravity_black_hole/batch_summary.csv,generic_csv,metric_evidence,Parsed from SchrodingerBridge/exp/configs/orthogonal_phase_space_sweep_60/full_eval/g3_gravity_black_hole/batch_summary.csv
G:/GitHub/Latent_Style,,LANCET/LBM,schrodingerbridge_grid_search,schrodingerbridge_grid_search,,g3_gravity_black_hole,,,0.664296748538812,0.41679454176666664,0.8208590995666668,,,,,,,,,,,,,3.91,,,SchrodingerBridge/exp/configs/orthogonal_phase_space_sweep_60/full_eval/g3_gravity_black_hole/batch_summary.csv,generic_csv,metric_evidence,Parsed from SchrodingerBridge/exp/configs/orthogonal_phase_space_sweep_60/full_eval/g3_gravity_black_hole/batch_summary.csv
G:/GitHub/Latent_Style,,LANCET/LBM,schrodingerbridge_grid_search,schrodingerbridge_grid_search,,g3_gravity_black_hole,,,0.6677289503812791,0.43649115138333333,0.8033580629333334,,,,,,,,,,,,,3.91,,,SchrodingerBridge/exp/configs/orthogonal_phase_space_sweep_60/full_eval/g3_gravity_black_hole/batch_summary.csv,generic_csv,metric_evidence,Parsed from SchrodingerBridge/exp/configs/orthogonal_phase_space_sweep_60/full_eval/g3_gravity_black_hole/batch_summary.csv
G:/GitHub/Latent_Style,,LANCET/LBM,schrodingerbridge_grid_search,schrodingerbridge_grid_search,,g3_gravity_black_hole,,,0.6675435517728328,0.43390076656666665,0.8076265637166665,,,,,,,,,,,,,3.91,,,SchrodingerBridge/exp/configs/orthogonal_phase_space_sweep_60/full_eval/g3_gravity_black_hole/batch_summary.csv,generic_csv,metric_evidence,Parsed from SchrodingerBridge/exp/configs/orthogonal_phase_space_sweep_60/full_eval/g3_gravity_black_hole/batch_summary.csv
G:/GitHub/Latent_Style,,LANCET/LBM,schrodingerbridge_grid_search,schrodingerbridge_grid_search,,g3_gravity_black_hole,,,0.6669385135670505,0.4319445976,0.8114024799166668,,,,,,,,,,,,,3.91,,,SchrodingerBridge/exp/configs/orthogonal_phase_space_sweep_60/full_eval/g3_gravity_black_hole/batch_summary.csv,generic_csv,metric_evidence,Parsed from SchrodingerBridge/exp/configs/orthogonal_phase_space_sweep_60/full_eval/g3_gravity_black_hole/batch_summary.csv
G:/GitHub/Latent_Style,,LANCET/LBM,schrodingerbridge_grid_search,schrodingerbridge_grid_search,,g3_gravity_black_hole,,,0.6603848051528136,0.4018593420166667,0.82747725515,,,,,,,,,,,,,3.91,,,SchrodingerBridge/exp/configs/orthogonal_phase_space_sweep_60/full_eval/g3_gravity_black_hole/batch_summary_viewer.csv,generic_csv,metric_evidence,Parsed from SchrodingerBridge/exp/configs/orthogonal_phase_space_sweep_60/full_eval/g3_gravity_black_hole/batch_summary_viewer.csv
G:/GitHub/Latent_Style,,LANCET/LBM,schrodingerbridge_grid_search,schrodingerbridge_grid_search,,g3_gravity_black_hole,,,0.6641561039288838,0.4116731908166667,0.8249392388166668,,,,,,,,,,,,,3.91,,,SchrodingerBridge/exp/configs/orthogonal_phase_space_sweep_60/full_eval/g3_gravity_black_hole/batch_summary_viewer.csv,generic_csv,metric_evidence,Parsed from SchrodingerBridge/exp/configs/orthogonal_phase_space_sweep_60/full_eval/g3_gravity_black_hole/batch_summary_viewer.csv
G:/GitHub/Latent_Style,,LANCET/LBM,schrodingerbridge_grid_search,schrodingerbridge_grid_search,,g3_gravity_black_hole,,,0.664296748538812,0.41679454176666664,0.8208590995666668,,,,,,,,,,,,,3.91,,,SchrodingerBridge/exp/configs/orthogonal_phase_space_sweep_60/full_eval/g3_gravity_black_hole/batch_summary_viewer.csv,generic_csv,metric_evidence,Parsed from SchrodingerBridge/exp/configs/orthogonal_phase_space_sweep_60/full_eval/g3_gravity_black_hole/batch_summary_viewer.csv
G:/GitHub/Latent_Style,,LANCET/LBM,schrodingerbridge_grid_search,schrodingerbridge_grid_search,,g3_gravity_black_hole,,,0.6677289503812791,0.43649115138333333,0.8033580629333334,,,,,,,,,,,,,3.91,,,SchrodingerBridge/exp/configs/orthogonal_phase_space_sweep_60/full_eval/g3_gravity_black_hole/batch_summary_viewer.csv,generic_csv,metric_evidence,Parsed from SchrodingerBridge/exp/configs/orthogonal_phase_space_sweep_60/full_eval/g3_gravity_black_hole/batch_summary_viewer.csv
G:/GitHub/Latent_Style,,LANCET/LBM,schrodingerbridge_grid_search,schrodingerbridge_grid_search,,g3_gravity_black_hole,,,0.6675435517728328,0.43390076656666665,0.8076265637166665,,,,,,,,,,,,,3.91,,,SchrodingerBridge/exp/configs/orthogonal_phase_space_sweep_60/full_eval/g3_gravity_black_hole/batch_summary_viewer.csv,generic_csv,metric_evidence,Parsed from SchrodingerBridge/exp/configs/orthogonal_phase_space_sweep_60/full_eval/g3_gravity_black_hole/batch_summary_viewer.csv
G:/GitHub/Latent_Style,,LANCET/LBM,schrodingerbridge_grid_search,schrodingerbridge_grid_search,,g3_gravity_black_hole,,,0.6669385135670505,0.4319445976,0.8114024799166668,,,,,,,,,,,,,3.91,,,SchrodingerBridge/exp/configs/orthogonal_phase_space_sweep_60/full_eval/g3_gravity_black_hole/batch_summary_viewer.csv,generic_csv,metric_evidence,Parsed from SchrodingerBridge/exp/configs/orthogonal_phase_space_sweep_60/full_eval/g3_gravity_black_hole/batch_summary_viewer.csv
G:/GitHub/Latent_Style,,LANCET/LBM,schrodingerbridge_grid_search,schrodingerbridge_grid_search,,g4_gravity_vacuum,,,0.6278892404337725,0.3046896472766666,0.9002957607833334,,,,,,,,,,,,,3.91,,,SchrodingerBridge/exp/configs/orthogonal_phase_space_sweep_60/full_eval/g4_gravity_vacuum/batch_summary.csv,generic_csv,metric_evidence,Parsed from SchrodingerBridge/exp/configs/orthogonal_phase_space_sweep_60/full_eval/g4_gravity_vacuum/batch_summary.csv
G:/GitHub/Latent_Style,,LANCET/LBM,schrodingerbridge_grid_search,schrodingerbridge_grid_search,,g4_gravity_vacuum,,,0.6297371393442155,0.3077741586333333,0.8984197602,,,,,,,,,,,,,3.91,,,SchrodingerBridge/exp/configs/orthogonal_phase_space_sweep_60/full_eval/g4_gravity_vacuum/batch_summary.csv,generic_csv,metric_evidence,Parsed from SchrodingerBridge/exp/configs/orthogonal_phase_space_sweep_60/full_eval/g4_gravity_vacuum/batch_summary.csv
G:/GitHub/Latent_Style,,LANCET/LBM,schrodingerbridge_grid_search,schrodingerbridge_grid_search,,g4_gravity_vacuum,,,0.6306654890378316,0.31014444686666665,0.8965129269000001,,,,,,,,,,,,,3.91,,,SchrodingerBridge/exp/configs/orthogonal_phase_space_sweep_60/full_eval/g4_gravity_vacuum/batch_summary.csv,generic_csv,metric_evidence,Parsed from SchrodingerBridge/exp/configs/orthogonal_phase_space_sweep_60/full_eval/g4_gravity_vacuum/batch_summary.csv
G:/GitHub/Latent_Style,,LANCET/LBM,schrodingerbridge_grid_search,schrodingerbridge_grid_search,,g4_gravity_vacuum,,,0.6304035248359046,0.3117586784666667,0.8942907413166667,,,,,,,,,,,,,3.91,,,SchrodingerBridge/exp/configs/orthogonal_phase_space_sweep_60/full_eval/g4_gravity_vacuum/batch_summary.csv,generic_csv,metric_evidence,Parsed from SchrodingerBridge/exp/configs/orthogonal_phase_space_sweep_60/full_eval/g4_gravity_vacuum/batch_summary.csv
G:/GitHub/Latent_Style,,LANCET/LBM,schrodingerbridge_grid_search,schrodingerbridge_grid_search,,g4_gravity_vacuum,,,0.629919426292181,0.3093401177166667,0.8976271548166667,,,,,,,,,,,,,3.91,,,SchrodingerBridge/exp/configs/orthogonal_phase_space_sweep_60/full_eval/g4_gravity_vacuum/batch_summary.csv,generic_csv,metric_evidence,Parsed from SchrodingerBridge/exp/configs/orthogonal_phase_space_sweep_60/full_eval/g4_gravity_vacuum/batch_summary.csv
G:/GitHub/Latent_Style,,LANCET/LBM,schrodingerbridge_grid_search,schrodingerbridge_grid_search,,g4_gravity_vacuum,,,0.6306019374231497,0.31096834654999994,0.8962441121333333,,,,,,,,,,,,,3.91,,,SchrodingerBridge/exp/configs/orthogonal_phase_space_sweep_60/full_eval/g4_gravity_vacuum/batch_summary.csv,generic_csv,metric_evidence,Parsed from SchrodingerBridge/exp/configs/orthogonal_phase_space_sweep_60/full_eval/g4_gravity_vacuum/batch_summary.csv
G:/GitHub/Latent_Style,,LANCET/LBM,schrodingerbridge_grid_search,schrodingerbridge_grid_search,,g4_gravity_vacuum,,,0.6278892404337725,0.3046896472766666,0.9002957607833334,,,,,,,,,,,,,3.91,,,SchrodingerBridge/exp/configs/orthogonal_phase_space_sweep_60/full_eval/g4_gravity_vacuum/batch_summary_viewer.csv,generic_csv,metric_evidence,Parsed from SchrodingerBridge/exp/configs/orthogonal_phase_space_sweep_60/full_eval/g4_gravity_vacuum/batch_summary_viewer.csv
G:/GitHub/Latent_Style,,LANCET/LBM,schrodingerbridge_grid_search,schrodingerbridge_grid_search,,g4_gravity_vacuum,,,0.6297371393442155,0.3077741586333333,0.8984197602,,,,,,,,,,,,,3.91,,,SchrodingerBridge/exp/configs/orthogonal_phase_space_sweep_60/full_eval/g4_gravity_vacuum/batch_summary_viewer.csv,generic_csv,metric_evidence,Parsed from SchrodingerBridge/exp/configs/orthogonal_phase_space_sweep_60/full_eval/g4_gravity_vacuum/batch_summary_viewer.csv
G:/GitHub/Latent_Style,,LANCET/LBM,schrodingerbridge_grid_search,schrodingerbridge_grid_search,,g4_gravity_vacuum,,,0.6306654890378316,0.31014444686666665,0.8965129269000001,,,,,,,,,,,,,3.91,,,SchrodingerBridge/exp/configs/orthogonal_phase_space_sweep_60/full_eval/g4_gravity_vacuum/batch_summary_viewer.csv,generic_csv,metric_evidence,Parsed from SchrodingerBridge/exp/configs/orthogonal_phase_space_sweep_60/full_eval/g4_gravity_vacuum/batch_summary_viewer.csv
G:/GitHub/Latent_Style,,LANCET/LBM,schrodingerbridge_grid_search,schrodingerbridge_grid_search,,g4_gravity_vacuum,,,0.6304035248359046,0.3117586784666667,0.8942907413166667,,,,,,,,,,,,,3.91,,,SchrodingerBridge/exp/configs/orthogonal_phase_space_sweep_60/full_eval/g4_gravity_vacuum/batch_summary_viewer.csv,generic_csv,metric_evidence,Parsed from SchrodingerBridge/exp/configs/orthogonal_phase_space_sweep_60/full_eval/g4_gravity_vacuum/batch_summary_viewer.csv
G:/GitHub/Latent_Style,,LANCET/LBM,schrodingerbridge_grid_search,schrodingerbridge_grid_search,,g4_gravity_vacuum,,,0.629919426292181,0.3093401177166667,0.8976271548166667,,,,,,,,,,,,,3.91,,,SchrodingerBridge/exp/configs/orthogonal_phase_space_sweep_60/full_eval/g4_gravity_vacuum/batch_summary_viewer.csv,generic_csv,metric_evidence,Parsed from SchrodingerBridge/exp/configs/orthogonal_phase_space_sweep_60/full_eval/g4_gravity_vacuum/batch_summary_viewer.csv
G:/GitHub/Latent_Style,,LANCET/LBM,schrodingerbridge_grid_search,schrodingerbridge_grid_search,,g4_gravity_vacuum,,,0.6306019374231497,0.31096834654999994,0.8962441121333333,,,,,,,,,,,,,3.91,,,SchrodingerBridge/exp/configs/orthogonal_phase_space_sweep_60/full_eval/g4_gravity_vacuum/batch_summary_viewer.csv,generic_csv,metric_evidence,Parsed from SchrodingerBridge/exp/configs/orthogonal_phase_space_sweep_60/full_eval/g4_gravity_vacuum/batch_summary_viewer.csv
G:/GitHub/Latent_Style,,LANCET/LBM,schrodingerbridge_grid_search,schrodingerbridge_grid_search,,g5_midfreq_strangulation,,,0.6317415201167266,0.32436474595,0.8965589969,,,,,,,,,,,,,3.91,,,SchrodingerBridge/exp/configs/orthogonal_phase_space_sweep_60/full_eval/g5_midfreq_strangulation/batch_summary.csv,generic_csv,metric_evidence,Parsed from SchrodingerBridge/exp/configs/orthogonal_phase_space_sweep_60/full_eval/g5_midfreq_strangulation/batch_summary.csv
G:/GitHub/Latent_Style,,LANCET/LBM,schrodingerbridge_grid_search,schrodingerbridge_grid_search,,g5_midfreq_strangulation,,,0.6342058908939362,0.3262296321166666,0.8953316720833335,,,,,,,,,,,,,3.91,,,SchrodingerBridge/exp/configs/orthogonal_phase_space_sweep_60/full_eval/g5_midfreq_strangulation/batch_summary.csv,generic_csv,metric_evidence,Parsed from SchrodingerBridge/exp/configs/orthogonal_phase_space_sweep_60/full_eval/g5_midfreq_strangulation/batch_summary.csv
G:/GitHub/Latent_Style,,LANCET/LBM,schrodingerbridge_grid_search,schrodingerbridge_grid_search,,g5_midfreq_strangulation,,,0.6369100514551003,0.3360683747666666,0.8907138354833334,,,,,,,,,,,,,3.91,,,SchrodingerBridge/exp/configs/orthogonal_phase_space_sweep_60/full_eval/g5_midfreq_strangulation/batch_summary.csv,generic_csv,metric_evidence,Parsed from SchrodingerBridge/exp/configs/orthogonal_phase_space_sweep_60/full_eval/g5_midfreq_strangulation/batch_summary.csv
G:/GitHub/Latent_Style,,LANCET/LBM,schrodingerbridge_grid_search,schrodingerbridge_grid_search,,g5_midfreq_strangulation,,,0.6367675326267879,0.33381897304999997,0.8888671924166666,,,,,,,,,,,,,3.91,,,SchrodingerBridge/exp/configs/orthogonal_phase_space_sweep_60/full_eval/g5_midfreq_strangulation/batch_summary.csv,generic_csv,metric_evidence,Parsed from SchrodingerBridge/exp/configs/orthogonal_phase_space_sweep_60/full_eval/g5_midfreq_strangulation/batch_summary.csv
G:/GitHub/Latent_Style,,LANCET/LBM,schrodingerbridge_grid_search,schrodingerbridge_grid_search,,g5_midfreq_strangulation,,,0.6388346834977469,0.3405784304666667,0.8855542099333332,,,,,,,,,,,,,3.91,,,SchrodingerBridge/exp/configs/orthogonal_phase_space_sweep_60/full_eval/g5_midfreq_strangulation/batch_summary.csv,generic_csv,metric_evidence,Parsed from SchrodingerBridge/exp/configs/orthogonal_phase_space_sweep_60/full_eval/g5_midfreq_strangulation/batch_summary.csv
G:/GitHub/Latent_Style,,LANCET/LBM,schrodingerbridge_grid_search,schrodingerbridge_grid_search,,g5_midfreq_strangulation,,,0.6397413858771325,0.341378261,0.8847080179499999,,,,,,,,,,,,,3.91,,,SchrodingerBridge/exp/configs/orthogonal_phase_space_sweep_60/full_eval/g5_midfreq_strangulation/batch_summary.csv,generic_csv,metric_evidence,Parsed from SchrodingerBridge/exp/configs/orthogonal_phase_space_sweep_60/full_eval/g5_midfreq_strangulation/batch_summary.csv
G:/GitHub/Latent_Style,,LANCET/LBM,schrodingerbridge_grid_search,schrodingerbridge_grid_search,,g5_midfreq_strangulation,,,0.6317415201167266,0.32436474595,0.8965589969,,,,,,,,,,,,,3.91,,,SchrodingerBridge/exp/configs/orthogonal_phase_space_sweep_60/full_eval/g5_midfreq_strangulation/batch_summary_viewer.csv,generic_csv,metric_evidence,Parsed from SchrodingerBridge/exp/configs/orthogonal_phase_space_sweep_60/full_eval/g5_midfreq_strangulation/batch_summary_viewer.csv
G:/GitHub/Latent_Style,,LANCET/LBM,schrodingerbridge_grid_search,schrodingerbridge_grid_search,,g5_midfreq_strangulation,,,0.6342058908939362,0.3262296321166666,0.8953316720833335,,,,,,,,,,,,,3.91,,,SchrodingerBridge/exp/configs/orthogonal_phase_space_sweep_60/full_eval/g5_midfreq_strangulation/batch_summary_viewer.csv,generic_csv,metric_evidence,Parsed from SchrodingerBridge/exp/configs/orthogonal_phase_space_sweep_60/full_eval/g5_midfreq_strangulation/batch_summary_viewer.csv
G:/GitHub/Latent_Style,,LANCET/LBM,schrodingerbridge_grid_search,schrodingerbridge_grid_search,,g5_midfreq_strangulation,,,0.6369100514551003,0.3360683747666666,0.8907138354833334,,,,,,,,,,,,,3.91,,,SchrodingerBridge/exp/configs/orthogonal_phase_space_sweep_60/full_eval/g5_midfreq_strangulation/batch_summary_viewer.csv,generic_csv,metric_evidence,Parsed from SchrodingerBridge/exp/configs/orthogonal_phase_space_sweep_60/full_eval/g5_midfreq_strangulation/batch_summary_viewer.csv
G:/GitHub/Latent_Style,,LANCET/LBM,schrodingerbridge_grid_search,schrodingerbridge_grid_search,,g5_midfreq_strangulation,,,0.6367675326267879,0.33381897304999997,0.8888671924166666,,,,,,,,,,,,,3.91,,,SchrodingerBridge/exp/configs/orthogonal_phase_space_sweep_60/full_eval/g5_midfreq_strangulation/batch_summary_viewer.csv,generic_csv,metric_evidence,Parsed from SchrodingerBridge/exp/configs/orthogonal_phase_space_sweep_60/full_eval/g5_midfreq_strangulation/batch_summary_viewer.csv
G:/GitHub/Latent_Style,,LANCET/LBM,schrodingerbridge_grid_search,schrodingerbridge_grid_search,,g5_midfreq_strangulation,,,0.6388346834977469,0.3405784304666667,0.8855542099333332,,,,,,,,,,,,,3.91,,,SchrodingerBridge/exp/configs/orthogonal_phase_space_sweep_60/full_eval/g5_midfreq_strangulation/batch_summary_viewer.csv,generic_csv,metric_evidence,Parsed from SchrodingerBridge/exp/configs/orthogonal_phase_space_sweep_60/full_eval/g5_midfreq_strangulation/batch_summary_viewer.csv
G:/GitHub/Latent_Style,,LANCET/LBM,schrodingerbridge_grid_search,schrodingerbridge_grid_search,,g5_midfreq_strangulation,,,0.6397413858771325,0.341378261,0.8847080179499999,,,,,,,,,,,,,3.91,,,SchrodingerBridge/exp/configs/orthogonal_phase_space_sweep_60/full_eval/g5_midfreq_strangulation/batch_summary_viewer.csv,generic_csv,metric_evidence,Parsed from SchrodingerBridge/exp/configs/orthogonal_phase_space_sweep_60/full_eval/g5_midfreq_strangulation/batch_summary_viewer.csv
G:/GitHub/Latent_Style,,LANCET/LBM,schrodingerbridge_grid_search,schrodingerbridge_grid_search,,g6_structure_amnesty,,,0.6546367564797402,0.3682234196333333,0.8554538666500001,,,,,,,,,,,,,3.91,,,SchrodingerBridge/exp/configs/orthogonal_phase_space_sweep_60/full_eval/g6_structure_amnesty/batch_summary.csv,generic_csv,metric_evidence,Parsed from SchrodingerBridge/exp/configs/orthogonal_phase_space_sweep_60/full_eval/g6_structure_amnesty/batch_summary.csv
G:/GitHub/Latent_Style,,LANCET/LBM,schrodingerbridge_grid_search,schrodingerbridge_grid_search,,g6_structure_amnesty,,,0.6578394200404485,0.3747933818166667,0.8522616532166667,,,,,,,,,,,,,3.91,,,SchrodingerBridge/exp/configs/orthogonal_phase_space_sweep_60/full_eval/g6_structure_amnesty/batch_summary.csv,generic_csv,metric_evidence,Parsed from SchrodingerBridge/exp/configs/orthogonal_phase_space_sweep_60/full_eval/g6_structure_amnesty/batch_summary.csv
G:/GitHub/Latent_Style,,LANCET/LBM,schrodingerbridge_grid_search,schrodingerbridge_grid_search,,g6_structure_amnesty,,,0.656262298822403,0.3770805390333334,0.8513847177333336,,,,,,,,,,,,,3.91,,,SchrodingerBridge/exp/configs/orthogonal_phase_space_sweep_60/full_eval/g6_structure_amnesty/batch_summary.csv,generic_csv,metric_evidence,Parsed from SchrodingerBridge/exp/configs/orthogonal_phase_space_sweep_60/full_eval/g6_structure_amnesty/batch_summary.csv
G:/GitHub/Latent_Style,,LANCET/LBM,schrodingerbridge_grid_search,schrodingerbridge_grid_search,,g6_structure_amnesty,,,0.6545985999206703,0.37542850185,0.85289940635,,,,,,,,,,,,,3.91,,,SchrodingerBridge/exp/configs/orthogonal_phase_space_sweep_60/full_eval/g6_structure_amnesty/batch_summary.csv,generic_csv,metric_evidence,Parsed from SchrodingerBridge/exp/configs/orthogonal_phase_space_sweep_60/full_eval/g6_structure_amnesty/batch_summary.csv
G:/GitHub/Latent_Style,,LANCET/LBM,schrodingerbridge_grid_search,schrodingerbridge_grid_search,,g6_structure_amnesty,,,0.6559703304370246,0.37742002811666675,0.8522578171499999,,,,,,,,,,,,,3.91,,,SchrodingerBridge/exp/configs/orthogonal_phase_space_sweep_60/full_eval/g6_structure_amnesty/batch_summary.csv,generic_csv,metric_evidence,Parsed from SchrodingerBridge/exp/configs/orthogonal_phase_space_sweep_60/full_eval/g6_structure_amnesty/batch_summary.csv
G:/GitHub/Latent_Style,,LANCET/LBM,schrodingerbridge_grid_search,schrodingerbridge_grid_search,,g6_structure_amnesty,,,0.6572607365747294,0.3781535604833334,0.8521724823333333,,,,,,,,,,,,,3.91,,,SchrodingerBridge/exp/configs/orthogonal_phase_space_sweep_60/full_eval/g6_structure_amnesty/batch_summary.csv,generic_csv,metric_evidence,Parsed from SchrodingerBridge/exp/configs/orthogonal_phase_space_sweep_60/full_eval/g6_structure_amnesty/batch_summary.csv
G:/GitHub/Latent_Style,,LANCET/LBM,schrodingerbridge_grid_search,schrodingerbridge_grid_search,,g6_structure_amnesty,,,0.6546367564797402,0.3682234196333333,0.8554538666500001,,,,,,,,,,,,,3.91,,,SchrodingerBridge/exp/configs/orthogonal_phase_space_sweep_60/full_eval/g6_structure_amnesty/batch_summary_viewer.csv,generic_csv,metric_evidence,Parsed from SchrodingerBridge/exp/configs/orthogonal_phase_space_sweep_60/full_eval/g6_structure_amnesty/batch_summary_viewer.csv
G:/GitHub/Latent_Style,,LANCET/LBM,schrodingerbridge_grid_search,schrodingerbridge_grid_search,,g6_structure_amnesty,,,0.6578394200404485,0.3747933818166667,0.8522616532166667,,,,,,,,,,,,,3.91,,,SchrodingerBridge/exp/configs/orthogonal_phase_space_sweep_60/full_eval/g6_structure_amnesty/batch_summary_viewer.csv,generic_csv,metric_evidence,Parsed from SchrodingerBridge/exp/configs/orthogonal_phase_space_sweep_60/full_eval/g6_structure_amnesty/batch_summary_viewer.csv
G:/GitHub/Latent_Style,,LANCET/LBM,schrodingerbridge_grid_search,schrodingerbridge_grid_search,,g6_structure_amnesty,,,0.656262298822403,0.3770805390333334,0.8513847177333336,,,,,,,,,,,,,3.91,,,SchrodingerBridge/exp/configs/orthogonal_phase_space_sweep_60/full_eval/g6_structure_amnesty/batch_summary_viewer.csv,generic_csv,metric_evidence,Parsed from SchrodingerBridge/exp/configs/orthogonal_phase_space_sweep_60/full_eval/g6_structure_amnesty/batch_summary_viewer.csv
G:/GitHub/Latent_Style,,LANCET/LBM,schrodingerbridge_grid_search,schrodingerbridge_grid_search,,g6_structure_amnesty,,,0.6545985999206703,0.37542850185,0.85289940635,,,,,,,,,,,,,3.91,,,SchrodingerBridge/exp/configs/orthogonal_phase_space_sweep_60/full_eval/g6_structure_amnesty/batch_summary_viewer.csv,generic_csv,metric_evidence,Parsed from SchrodingerBridge/exp/configs/orthogonal_phase_space_sweep_60/full_eval/g6_structure_amnesty/batch_summary_viewer.csv
G:/GitHub/Latent_Style,,LANCET/LBM,schrodingerbridge_grid_search,schrodingerbridge_grid_search,,g6_structure_amnesty,,,0.6559703304370246,0.37742002811666675,0.8522578171499999,,,,,,,,,,,,,3.91,,,SchrodingerBridge/exp/configs/orthogonal_phase_space_sweep_60/full_eval/g6_structure_amnesty/batch_summary_viewer.csv,generic_csv,metric_evidence,Parsed from SchrodingerBridge/exp/configs/orthogonal_phase_space_sweep_60/full_eval/g6_structure_amnesty/batch_summary_viewer.csv
G:/GitHub/Latent_Style,,LANCET/LBM,schrodingerbridge_grid_search,schrodingerbridge_grid_search,,g6_structure_amnesty,,,0.6572607365747294,0.3781535604833334,0.8521724823333333,,,,,,,,,,,,,3.91,,,SchrodingerBridge/exp/configs/orthogonal_phase_space_sweep_60/full_eval/g6_structure_amnesty/batch_summary_viewer.csv,generic_csv,metric_evidence,Parsed from SchrodingerBridge/exp/configs/orthogonal_phase_space_sweep_60/full_eval/g6_structure_amnesty/batch_summary_viewer.csv
G:/GitHub/Latent_Style,,LANCET/LBM,schrodingerbridge_grid_search,schrodingerbridge_grid_search,,g7_flesh_stripping,,,0.6499910741051037,0.3648734458333334,0.8595716668,,,,,,,,,,,,,3.91,,,SchrodingerBridge/exp/configs/orthogonal_phase_space_sweep_60/full_eval/g7_flesh_stripping/batch_summary.csv,generic_csv,metric_evidence,Parsed from SchrodingerBridge/exp/configs/orthogonal_phase_space_sweep_60/full_eval/g7_flesh_stripping/batch_summary.csv
G:/GitHub/Latent_Style,,LANCET/LBM,schrodingerbridge_grid_search,schrodingerbridge_grid_search,,g7_flesh_stripping,,,0.6527227438986302,0.37782950098333334,0.853495154,,,,,,,,,,,,,3.91,,,SchrodingerBridge/exp/configs/orthogonal_phase_space_sweep_60/full_eval/g7_flesh_stripping/batch_summary.csv,generic_csv,metric_evidence,Parsed from SchrodingerBridge/exp/configs/orthogonal_phase_space_sweep_60/full_eval/g7_flesh_stripping/batch_summary.csv
G:/GitHub/Latent_Style,,LANCET/LBM,schrodingerbridge_grid_search,schrodingerbridge_grid_search,,g7_flesh_stripping,,,0.6540410304069519,0.37857295471666663,0.8496230332833333,,,,,,,,,,,,,3.91,,,SchrodingerBridge/exp/configs/orthogonal_phase_space_sweep_60/full_eval/g7_flesh_stripping/batch_summary.csv,generic_csv,metric_evidence,Parsed from SchrodingerBridge/exp/configs/orthogonal_phase_space_sweep_60/full_eval/g7_flesh_stripping/batch_summary.csv
G:/GitHub/Latent_Style,,LANCET/LBM,schrodingerbridge_grid_search,schrodingerbridge_grid_search,,g7_flesh_stripping,,,0.6562035006284714,0.3911816777166667,0.8384461431,,,,,,,,,,,,,3.91,,,SchrodingerBridge/exp/configs/orthogonal_phase_space_sweep_60/full_eval/g7_flesh_stripping/batch_summary.csv,generic_csv,metric_evidence,Parsed from SchrodingerBridge/exp/configs/orthogonal_phase_space_sweep_60/full_eval/g7_flesh_stripping/batch_summary.csv
G:/GitHub/Latent_Style,,LANCET/LBM,schrodingerbridge_grid_search,schrodingerbridge_grid_search,,g7_flesh_stripping,,,0.6559448790053526,0.3895294716,0.8425036836500001,,,,,,,,,,,,,3.91,,,SchrodingerBridge/exp/configs/orthogonal_phase_space_sweep_60/full_eval/g7_flesh_stripping/batch_summary.csv,generic_csv,metric_evidence,Parsed from SchrodingerBridge/exp/configs/orthogonal_phase_space_sweep_60/full_eval/g7_flesh_stripping/batch_summary.csv
G:/GitHub/Latent_Style,,LANCET/LBM,schrodingerbridge_grid_search,schrodingerbridge_grid_search,,g7_flesh_stripping,,,0.655972168147564,0.3869911829166667,0.8443909770000001,,,,,,,,,,,,,3.91,,,SchrodingerBridge/exp/configs/orthogonal_phase_space_sweep_60/full_eval/g7_flesh_stripping/batch_summary.csv,generic_csv,metric_evidence,Parsed from SchrodingerBridge/exp/configs/orthogonal_phase_space_sweep_60/full_eval/g7_flesh_stripping/batch_summary.csv
G:/GitHub/Latent_Style,,LANCET/LBM,schrodingerbridge_grid_search,schrodingerbridge_grid_search,,g7_flesh_stripping,,,0.6499910741051037,0.3648734458333334,0.8595716668,,,,,,,,,,,,,3.91,,,SchrodingerBridge/exp/configs/orthogonal_phase_space_sweep_60/full_eval/g7_flesh_stripping/batch_summary_viewer.csv,generic_csv,metric_evidence,Parsed from SchrodingerBridge/exp/configs/orthogonal_phase_space_sweep_60/full_eval/g7_flesh_stripping/batch_summary_viewer.csv
G:/GitHub/Latent_Style,,LANCET/LBM,schrodingerbridge_grid_search,schrodingerbridge_grid_search,,g7_flesh_stripping,,,0.6527227438986302,0.37782950098333334,0.853495154,,,,,,,,,,,,,3.91,,,SchrodingerBridge/exp/configs/orthogonal_phase_space_sweep_60/full_eval/g7_flesh_stripping/batch_summary_viewer.csv,generic_csv,metric_evidence,Parsed from SchrodingerBridge/exp/configs/orthogonal_phase_space_sweep_60/full_eval/g7_flesh_stripping/batch_summary_viewer.csv
G:/GitHub/Latent_Style,,LANCET/LBM,schrodingerbridge_grid_search,schrodingerbridge_grid_search,,g7_flesh_stripping,,,0.6540410304069519,0.37857295471666663,0.8496230332833333,,,,,,,,,,,,,3.91,,,SchrodingerBridge/exp/configs/orthogonal_phase_space_sweep_60/full_eval/g7_flesh_stripping/batch_summary_viewer.csv,generic_csv,metric_evidence,Parsed from SchrodingerBridge/exp/configs/orthogonal_phase_space_sweep_60/full_eval/g7_flesh_stripping/batch_summary_viewer.csv
G:/GitHub/Latent_Style,,LANCET/LBM,schrodingerbridge_grid_search,schrodingerbridge_grid_search,,g7_flesh_stripping,,,0.6562035006284714,0.3911816777166667,0.8384461431,,,,,,,,,,,,,3.91,,,SchrodingerBridge/exp/configs/orthogonal_phase_space_sweep_60/full_eval/g7_flesh_stripping/batch_summary_viewer.csv,generic_csv,metric_evidence,Parsed from SchrodingerBridge/exp/configs/orthogonal_phase_space_sweep_60/full_eval/g7_flesh_stripping/batch_summary_viewer.csv
G:/GitHub/Latent_Style,,LANCET/LBM,schrodingerbridge_grid_search,schrodingerbridge_grid_search,,g7_flesh_stripping,,,0.6559448790053526,0.3895294716,0.8425036836500001,,,,,,,,,,,,,3.91,,,SchrodingerBridge/exp/configs/orthogonal_phase_space_sweep_60/full_eval/g7_flesh_stripping/batch_summary_viewer.csv,generic_csv,metric_evidence,Parsed from SchrodingerBridge/exp/configs/orthogonal_phase_space_sweep_60/full_eval/g7_flesh_stripping/batch_summary_viewer.csv
G:/GitHub/Latent_Style,,LANCET/LBM,schrodingerbridge_grid_search,schrodingerbridge_grid_search,,g7_flesh_stripping,,,0.655972168147564,0.3869911829166667,0.8443909770000001,,,,,,,,,,,,,3.91,,,SchrodingerBridge/exp/configs/orthogonal_phase_space_sweep_60/full_eval/g7_flesh_stripping/batch_summary_viewer.csv,generic_csv,metric_evidence,Parsed from SchrodingerBridge/exp/configs/orthogonal_phase_space_sweep_60/full_eval/g7_flesh_stripping/batch_summary_viewer.csv
G:/GitHub/Latent_Style,,LANCET/LBM,schrodingerbridge_grid_search,schrodingerbridge_grid_search,,g8_absolute_nailgun,,,0.635632813970248,0.3300432878666667,0.8895066361166668,,,,,,,,,,,,,3.91,,,SchrodingerBridge/exp/configs/orthogonal_phase_space_sweep_60/full_eval/g8_absolute_nailgun/batch_summary.csv,generic_csv,metric_evidence,Parsed from SchrodingerBridge/exp/configs/orthogonal_phase_space_sweep_60/full_eval/g8_absolute_nailgun/batch_summary.csv
G:/GitHub/Latent_Style,,LANCET/LBM,schrodingerbridge_grid_search,schrodingerbridge_grid_search,,g8_absolute_nailgun,,,0.6390571809808414,0.3377558268,0.8803788641999999,,,,,,,,,,,,,3.91,,,SchrodingerBridge/exp/configs/orthogonal_phase_space_sweep_60/full_eval/g8_absolute_nailgun/batch_summary.csv,generic_csv,metric_evidence,Parsed from SchrodingerBridge/exp/configs/orthogonal_phase_space_sweep_60/full_eval/g8_absolute_nailgun/batch_summary.csv
G:/GitHub/Latent_Style,,LANCET/LBM,schrodingerbridge_grid_search,schrodingerbridge_grid_search,,g8_absolute_nailgun,,,0.6411475688219069,0.34440526331666665,0.8764360332999999,,,,,,,,,,,,,3.91,,,SchrodingerBridge/exp/configs/orthogonal_phase_space_sweep_60/full_eval/g8_absolute_nailgun/batch_summary.csv,generic_csv,metric_evidence,Parsed from SchrodingerBridge/exp/configs/orthogonal_phase_space_sweep_60/full_eval/g8_absolute_nailgun/batch_summary.csv
G:/GitHub/Latent_Style,,LANCET/LBM,schrodingerbridge_grid_search,schrodingerbridge_grid_search,,g8_absolute_nailgun,,,0.6419131598373253,0.3411723573666667,0.8762528782999999,,,,,,,,,,,,,3.91,,,SchrodingerBridge/exp/configs/orthogonal_phase_space_sweep_60/full_eval/g8_absolute_nailgun/batch_summary.csv,generic_csv,metric_evidence,Parsed from SchrodingerBridge/exp/configs/orthogonal_phase_space_sweep_60/full_eval/g8_absolute_nailgun/batch_summary.csv
G:/GitHub/Latent_Style,,LANCET/LBM,schrodingerbridge_grid_search,schrodingerbridge_grid_search,,g8_absolute_nailgun,,,0.6423631910483042,0.34709498908333336,0.8723698827999999,,,,,,,,,,,,,3.91,,,SchrodingerBridge/exp/configs/orthogonal_phase_space_sweep_60/full_eval/g8_absolute_nailgun/batch_summary.csv,generic_csv,metric_evidence,Parsed from SchrodingerBridge/exp/configs/orthogonal_phase_space_sweep_60/full_eval/g8_absolute_nailgun/batch_summary.csv
G:/GitHub/Latent_Style,,LANCET/LBM,schrodingerbridge_grid_search,schrodingerbridge_grid_search,,g8_absolute_nailgun,,,0.6428301612039407,0.3480784790833334,0.8702269066499999,,,,,,,,,,,,,3.91,,,SchrodingerBridge/exp/configs/orthogonal_phase_space_sweep_60/full_eval/g8_absolute_nailgun/batch_summary.csv,generic_csv,metric_evidence,Parsed from SchrodingerBridge/exp/configs/orthogonal_phase_space_sweep_60/full_eval/g8_absolute_nailgun/batch_summary.csv
G:/GitHub/Latent_Style,,LANCET/LBM,schrodingerbridge_grid_search,schrodingerbridge_grid_search,,g8_absolute_nailgun,,,0.635632813970248,0.3300432878666667,0.8895066361166668,,,,,,,,,,,,,3.91,,,SchrodingerBridge/exp/configs/orthogonal_phase_space_sweep_60/full_eval/g8_absolute_nailgun/batch_summary_viewer.csv,generic_csv,metric_evidence,Parsed from SchrodingerBridge/exp/configs/orthogonal_phase_space_sweep_60/full_eval/g8_absolute_nailgun/batch_summary_viewer.csv
G:/GitHub/Latent_Style,,LANCET/LBM,schrodingerbridge_grid_search,schrodingerbridge_grid_search,,g8_absolute_nailgun,,,0.6390571809808414,0.3377558268,0.8803788641999999,,,,,,,,,,,,,3.91,,,SchrodingerBridge/exp/configs/orthogonal_phase_space_sweep_60/full_eval/g8_absolute_nailgun/batch_summary_viewer.csv,generic_csv,metric_evidence,Parsed from SchrodingerBridge/exp/configs/orthogonal_phase_space_sweep_60/full_eval/g8_absolute_nailgun/batch_summary_viewer.csv
G:/GitHub/Latent_Style,,LANCET/LBM,schrodingerbridge_grid_search,schrodingerbridge_grid_search,,g8_absolute_nailgun,,,0.6411475688219069,0.34440526331666665,0.8764360332999999,,,,,,,,,,,,,3.91,,,SchrodingerBridge/exp/configs/orthogonal_phase_space_sweep_60/full_eval/g8_absolute_nailgun/batch_summary_viewer.csv,generic_csv,metric_evidence,Parsed from SchrodingerBridge/exp/configs/orthogonal_phase_space_sweep_60/full_eval/g8_absolute_nailgun/batch_summary_viewer.csv
G:/GitHub/Latent_Style,,LANCET/LBM,schrodingerbridge_grid_search,schrodingerbridge_grid_search,,g8_absolute_nailgun,,,0.6419131598373253,0.3411723573666667,0.8762528782999999,,,,,,,,,,,,,3.91,,,SchrodingerBridge/exp/configs/orthogonal_phase_space_sweep_60/full_eval/g8_absolute_nailgun/batch_summary_viewer.csv,generic_csv,metric_evidence,Parsed from SchrodingerBridge/exp/configs/orthogonal_phase_space_sweep_60/full_eval/g8_absolute_nailgun/batch_summary_viewer.csv
G:/GitHub/Latent_Style,,LANCET/LBM,schrodingerbridge_grid_search,schrodingerbridge_grid_search,,g8_absolute_nailgun,,,0.6423631910483042,0.34709498908333336,0.8723698827999999,,,,,,,,,,,,,3.91,,,SchrodingerBridge/exp/configs/orthogonal_phase_space_sweep_60/full_eval/g8_absolute_nailgun/batch_summary_viewer.csv,generic_csv,metric_evidence,Parsed from SchrodingerBridge/exp/configs/orthogonal_phase_space_sweep_60/full_eval/g8_absolute_nailgun/batch_summary_viewer.csv
G:/GitHub/Latent_Style,,LANCET/LBM,schrodingerbridge_grid_search,schrodingerbridge_grid_search,,g8_absolute_nailgun,,,0.6428301612039407,0.3480784790833334,0.8702269066499999,,,,,,,,,,,,,3.91,,,SchrodingerBridge/exp/configs/orthogonal_phase_space_sweep_60/full_eval/g8_absolute_nailgun/batch_summary_viewer.csv,generic_csv,metric_evidence,Parsed from SchrodingerBridge/exp/configs/orthogonal_phase_space_sweep_60/full_eval/g8_absolute_nailgun/batch_summary_viewer.csv
G:/GitHub/Latent_Style,,LANCET/LBM,schrodingerbridge_grid_search,schrodingerbridge_grid_search,,g9_cryogenic_hard_match,,,0.641308441311121,0.3426997183,0.8757733689333331,,,,,,,,,,,,,3.91,,,SchrodingerBridge/exp/configs/orthogonal_phase_space_sweep_60/full_eval/g9_cryogenic_hard_match/batch_summary.csv,generic_csv,metric_evidence,Parsed from SchrodingerBridge/exp/configs/orthogonal_phase_space_sweep_60/full_eval/g9_cryogenic_hard_match/batch_summary.csv
G:/GitHub/Latent_Style,,LANCET/LBM,schrodingerbridge_grid_search,schrodingerbridge_grid_search,,g9_cryogenic_hard_match,,,0.6438486484189829,0.34390126585,0.8741324971333333,,,,,,,,,,,,,3.91,,,SchrodingerBridge/exp/configs/orthogonal_phase_space_sweep_60/full_eval/g9_cryogenic_hard_match/batch_summary.csv,generic_csv,metric_evidence,Parsed from SchrodingerBridge/exp/configs/orthogonal_phase_space_sweep_60/full_eval/g9_cryogenic_hard_match/batch_summary.csv
G:/GitHub/Latent_Style,,LANCET/LBM,schrodingerbridge_grid_search,schrodingerbridge_grid_search,,g9_cryogenic_hard_match,,,0.641308441311121,0.3426997183,0.8757733689333331,,,,,,,,,,,,,3.91,,,SchrodingerBridge/exp/configs/orthogonal_phase_space_sweep_60/full_eval/g9_cryogenic_hard_match/batch_summary_viewer.csv,generic_csv,metric_evidence,Parsed from SchrodingerBridge/exp/configs/orthogonal_phase_space_sweep_60/full_eval/g9_cryogenic_hard_match/batch_summary_viewer.csv
G:/GitHub/Latent_Style,,LANCET/LBM,schrodingerbridge_grid_search,schrodingerbridge_grid_search,,g9_cryogenic_hard_match,,,0.6438486484189829,0.34390126585,0.8741324971333333,,,,,,,,,,,,,3.91,,,SchrodingerBridge/exp/configs/orthogonal_phase_space_sweep_60/full_eval/g9_cryogenic_hard_match/batch_summary_viewer.csv,generic_csv,metric_evidence,Parsed from SchrodingerBridge/exp/configs/orthogonal_phase_space_sweep_60/full_eval/g9_cryogenic_hard_match/batch_summary_viewer.csv
I:\,2026-05-09,LANCET/LBM,schrodingerbridge_grid_search,schrodingerbridge_grid_search,,logs,train_or_eval_log,,,,,,,,,,,,s,,,,,,,log_found,I:\Github\Latent_Style\SchrodingerBridge\orthogonal_phase_space_sweep_60\g0_universe_center\logs\training_20260509_030841.csv,remote_training_log_curated,log_evidence,Remote curated train/eval log after experiment-path filter.
I:\,2026-05-09,LANCET/LBM,schrodingerbridge_grid_search,schrodingerbridge_grid_search,,logs,train_or_eval_log,,,,,,,,,,,,s,,,,,,,log_found,I:\Github\Latent_Style\SchrodingerBridge\orthogonal_phase_space_sweep_60\g10_thermal_soft_collapse\logs\training_20260509_122441.csv,remote_training_log_curated,log_evidence,Remote curated train/eval log after experiment-path filter.
I:\,2026-05-09,LANCET/LBM,schrodingerbridge_grid_search,schrodingerbridge_grid_search,,logs,train_or_eval_log,,,,,,,,,,,,s,,,,,,,log_found,I:\Github\Latent_Style\SchrodingerBridge\orthogonal_phase_space_sweep_60\g11_blind_men_slicing\logs\training_20260509_132239.csv,remote_training_log_curated,log_evidence,Remote curated train/eval log after experiment-path filter.
I:\,2026-05-09,LANCET/LBM,schrodingerbridge_grid_search,schrodingerbridge_grid_search,,logs,train_or_eval_log,,,,,,,,,,,,s,,,,,,,log_found,I:\Github\Latent_Style\SchrodingerBridge\orthogonal_phase_space_sweep_60\g12_limit_approximation\logs\training_20260509_142023.csv,remote_training_log_curated,log_evidence,Remote curated train/eval log after experiment-path filter.
I:\,2026-05-09,LANCET/LBM,schrodingerbridge_grid_search,schrodingerbridge_grid_search,,logs,train_or_eval_log,,,,,,,,,,,,s,,,,,,,log_found,I:\Github\Latent_Style\SchrodingerBridge\orthogonal_phase_space_sweep_60\g1_absolute_release\logs\training_20260509_040819.csv,remote_training_log_curated,log_evidence,Remote curated train/eval log after experiment-path filter.
I:\,2026-05-09,LANCET/LBM,schrodingerbridge_grid_search,schrodingerbridge_grid_search,,logs,train_or_eval_log,,,,,,,,,,,,s,,,,,,,log_found,I:\Github\Latent_Style\SchrodingerBridge\orthogonal_phase_space_sweep_60\g2_absolute_freeze\logs\training_20260509_050754.csv,remote_training_log_curated,log_evidence,Remote curated train/eval log after experiment-path filter.
I:\,2026-05-09,LANCET/LBM,schrodingerbridge_grid_search,schrodingerbridge_grid_search,,logs,train_or_eval_log,,,,,,,,,,,,s,,,,,,,log_found,I:\Github\Latent_Style\SchrodingerBridge\orthogonal_phase_space_sweep_60\g3_gravity_black_hole\logs\training_20260509_060744.csv,remote_training_log_curated,log_evidence,Remote curated train/eval log after experiment-path filter.
I:\,2026-05-09,LANCET/LBM,schrodingerbridge_grid_search,schrodingerbridge_grid_search,,logs,train_or_eval_log,,,,,,,,,,,,s,,,,,,,log_found,I:\Github\Latent_Style\SchrodingerBridge\orthogonal_phase_space_sweep_60\g4_gravity_vacuum\logs\training_20260509_070540.csv,remote_training_log_curated,log_evidence,Remote curated train/eval log after experiment-path filter.
I:\,2026-05-09,LANCET/LBM,schrodingerbridge_grid_search,schrodingerbridge_grid_search,,logs,train_or_eval_log,,,,,,,,,,,,s,,,,,,,log_found,I:\Github\Latent_Style\SchrodingerBridge\orthogonal_phase_space_sweep_60\g5_midfreq_strangulation\logs\training_20260509_080333.csv,remote_training_log_curated,log_evidence,Remote curated train/eval log after experiment-path filter.
I:\,2026-05-09,LANCET/LBM,schrodingerbridge_grid_search,schrodingerbridge_grid_search,,logs,train_or_eval_log,,,,,,,,,,,,s,,,,,,,log_found,I:\Github\Latent_Style\SchrodingerBridge\orthogonal_phase_space_sweep_60\g6_structure_amnesty\logs\training_20260509_090125.csv,remote_training_log_curated,log_evidence,Remote curated train/eval log after experiment-path filter.
I:\,2026-05-09,LANCET/LBM,schrodingerbridge_grid_search,schrodingerbridge_grid_search,,logs,train_or_eval_log,,,,,,,,,,,,s,,,,,,,log_found,I:\Github\Latent_Style\SchrodingerBridge\orthogonal_phase_space_sweep_60\g7_flesh_stripping\logs\training_20260509_095916.csv,remote_training_log_curated,log_evidence,Remote curated train/eval log after experiment-path filter.
I:\,2026-05-09,LANCET/LBM,schrodingerbridge_grid_search,schrodingerbridge_grid_search,,logs,train_or_eval_log,,,,,,,,,,,,s,,,,,,,log_found,I:\Github\Latent_Style\SchrodingerBridge\orthogonal_phase_space_sweep_60\g8_absolute_nailgun\logs\training_20260509_102853.csv,remote_training_log_curated,log_evidence,Remote curated train/eval log after experiment-path filter.
I:\,2026-05-09,LANCET/LBM,schrodingerbridge_grid_search,schrodingerbridge_grid_search,,logs,train_or_eval_log,,,,,,,,,,,,s,,,,,,,log_found,I:\Github\Latent_Style\SchrodingerBridge\orthogonal_phase_space_sweep_60\g9_cryogenic_hard_match\logs\training_20260509_112646.csv,remote_training_log_curated,log_evidence,Remote curated train/eval log after experiment-path filter.
I:\,2026-05-10,LANCET/LBM,schrodingerbridge_grid_search,schrodingerbridge_grid_search,,logs,train_or_eval_log,,,,,,,,,,,,s,,,,,,,log_found,I:\Github\Latent_Style\SchrodingerBridge\archives\exp_archive_20260526_051703\remote_exp_legacy\grid_search_3epoch\S-add__K-1_C-0_W-10_Col-0\logs\training_20260510_181810.csv,remote_training_log_curated,log_evidence,Remote curated train/eval log after experiment-path filter.
I:\,2026-05-10,LANCET/LBM,schrodingerbridge_grid_search,schrodingerbridge_grid_search,,logs,train_or_eval_log,,,,,,,,,,,,s,,,,,,,log_found,I:\Github\Latent_Style\SchrodingerBridge\archives\exp_archive_20260526_051703\remote_exp_legacy\grid_search_3epoch\S-add__K-1_C-0_W-10_Col-15\logs\training_20260510_183625.csv,remote_training_log_curated,log_evidence,Remote curated train/eval log after experiment-path filter.
I:\,2026-05-10,LANCET/LBM,schrodingerbridge_grid_search,schrodingerbridge_grid_search,,logs,train_or_eval_log,,,,,,,,,,,,s,,,,,,,log_found,I:\Github\Latent_Style\SchrodingerBridge\archives\exp_archive_20260526_051703\remote_exp_legacy\grid_search_3epoch\S-add__K-1_C-0_W-20_Col-0\logs\training_20260510_185442.csv,remote_training_log_curated,log_evidence,Remote curated train/eval log after experiment-path filter.
I:\,2026-05-10,LANCET/LBM,schrodingerbridge_grid_search,schrodingerbridge_grid_search,,logs,train_or_eval_log,,,,,,,,,,,,s,,,,,,,log_found,I:\Github\Latent_Style\SchrodingerBridge\archives\exp_archive_20260526_051703\remote_exp_legacy\grid_search_3epoch\S-add__K-1_C-0_W-20_Col-15\logs\training_20260510_191300.csv,remote_training_log_curated,log_evidence,Remote curated train/eval log after experiment-path filter.
I:\,2026-05-10,LANCET/LBM,schrodingerbridge_grid_search,schrodingerbridge_grid_search,,logs,train_or_eval_log,,,,,,,,,,,,s,,,,,,,log_found,I:\Github\Latent_Style\SchrodingerBridge\archives\exp_archive_20260526_051703\remote_exp_legacy\grid_search_3epoch\S-add__K-1_C-2_W-10_Col-0\logs\training_20260510_193055.csv,remote_training_log_curated,log_evidence,Remote curated train/eval log after experiment-path filter.
I:\,2026-05-10,LANCET/LBM,schrodingerbridge_grid_search,schrodingerbridge_grid_search,,logs,train_or_eval_log,,,,,,,,,,,,s,,,,,,,log_found,I:\Github\Latent_Style\SchrodingerBridge\archives\exp_archive_20260526_051703\remote_exp_legacy\grid_search_3epoch\S-add__K-1_C-2_W-10_Col-15\logs\training_20260510_195236.csv,remote_training_log_curated,log_evidence,Remote curated train/eval log after experiment-path filter.
I:\,2026-05-10,LANCET/LBM,schrodingerbridge_grid_search,schrodingerbridge_grid_search,,logs,train_or_eval_log,,,,,,,,,,,,s,,,,,,,log_found,I:\Github\Latent_Style\SchrodingerBridge\archives\exp_archive_20260526_051703\remote_exp_legacy\grid_search_3epoch\S-add__K-1_C-2_W-20_Col-0\logs\training_20260510_201513.csv,remote_training_log_curated,log_evidence,Remote curated train/eval log after experiment-path filter.
I:\,2026-05-10,LANCET/LBM,schrodingerbridge_grid_search,schrodingerbridge_grid_search,,logs,train_or_eval_log,,,,,,,,,,,,s,,,,,,,log_found,I:\Github\Latent_Style\SchrodingerBridge\archives\exp_archive_20260526_051703\remote_exp_legacy\grid_search_3epoch\S-add__K-1_C-2_W-20_Col-15\logs\training_20260510_203809.csv,remote_training_log_curated,log_evidence,Remote curated train/eval log after experiment-path filter.
I:\,2026-05-10,LANCET/LBM,schrodingerbridge_grid_search,schrodingerbridge_grid_search,,logs,train_or_eval_log,,,,,,,,,,,,s,,,,,,,log_found,I:\Github\Latent_Style\SchrodingerBridge\archives\exp_archive_20260526_051703\remote_exp_legacy\grid_search_3epoch\S-add__K-1_C-5_W-10_Col-0\logs\training_20260510_210110.csv,remote_training_log_curated,log_evidence,Remote curated train/eval log after experiment-path filter.
I:\,2026-05-10,LANCET/LBM,schrodingerbridge_grid_search,schrodingerbridge_grid_search,,logs,train_or_eval_log,,,,,,,,,,,,s,,,,,,,log_found,I:\Github\Latent_Style\SchrodingerBridge\archives\exp_archive_20260526_051703\remote_exp_legacy\grid_search_3epoch\S-add__K-1_C-5_W-10_Col-15\logs\training_20260510_212414.csv,remote_training_log_curated,log_evidence,Remote curated train/eval log after experiment-path filter.
I:\,2026-05-10,LANCET/LBM,schrodingerbridge_grid_search,schrodingerbridge_grid_search,,logs,train_or_eval_log,,,,,,,,,,,,s,,,,,,,log_found,I:\Github\Latent_Style\SchrodingerBridge\archives\exp_archive_20260526_051703\remote_exp_legacy\grid_search_3epoch\S-add__K-1_C-5_W-20_Col-0\logs\training_20260510_214706.csv,remote_training_log_curated,log_evidence,Remote curated train/eval log after experiment-path filter.
I:\,2026-05-10,LANCET/LBM,schrodingerbridge_grid_search,schrodingerbridge_grid_search,,logs,train_or_eval_log,,,,,,,,,,,,s,,,,,,,log_found,I:\Github\Latent_Style\SchrodingerBridge\archives\exp_archive_20260526_051703\remote_exp_legacy\grid_search_3epoch\S-add__K-1_C-5_W-20_Col-15\logs\training_20260510_220946.csv,remote_training_log_curated,log_evidence,Remote curated train/eval log after experiment-path filter.
I:\,2026-05-10,LANCET/LBM,schrodingerbridge_grid_search,schrodingerbridge_grid_search,,logs,train_or_eval_log,,,,,,,,,,,,s,,,,,,,log_found,I:\Github\Latent_Style\SchrodingerBridge\archives\exp_archive_20260526_051703\remote_exp_legacy\grid_search_3epoch\S-add__K-2_C-0_W-10_Col-0\logs\training_20260510_223224.csv,remote_training_log_curated,log_evidence,Remote curated train/eval log after experiment-path filter.
I:\,2026-05-10,LANCET/LBM,schrodingerbridge_grid_search,schrodingerbridge_grid_search,,logs,train_or_eval_log,,,,,,,,,,,,s,,,,,,,log_found,I:\Github\Latent_Style\SchrodingerBridge\archives\exp_archive_20260526_051703\remote_exp_legacy\grid_search_3epoch\S-add__K-2_C-0_W-10_Col-15\logs\training_20260510_225055.csv,remote_training_log_curated,log_evidence,Remote curated train/eval log after experiment-path filter.
I:\,2026-05-10,LANCET/LBM,schrodingerbridge_grid_search,schrodingerbridge_grid_search,,logs,train_or_eval_log,,,,,,,,,,,,s,,,,,,,log_found,I:\Github\Latent_Style\SchrodingerBridge\archives\exp_archive_20260526_051703\remote_exp_legacy\grid_search_3epoch\S-add__K-2_C-0_W-20_Col-0\logs\training_20260510_230914.csv,remote_training_log_curated,log_evidence,Remote curated train/eval log after experiment-path filter.
I:\,2026-05-10,LANCET/LBM,schrodingerbridge_grid_search,schrodingerbridge_grid_search,,logs,train_or_eval_log,,,,,,,,,,,,s,,,,,,,log_found,I:\Github\Latent_Style\SchrodingerBridge\archives\exp_archive_20260526_051703\remote_exp_legacy\grid_search_3epoch\S-add__K-2_C-0_W-20_Col-15\logs\training_20260510_232707.csv,remote_training_log_curated,log_evidence,Remote curated train/eval log after experiment-path filter.
I:\,2026-05-10,LANCET/LBM,schrodingerbridge_grid_search,schrodingerbridge_grid_search,,logs,train_or_eval_log,,,,,,,,,,,,s,,,,,,,log_found,I:\Github\Latent_Style\SchrodingerBridge\archives\exp_archive_20260526_051703\remote_exp_legacy\grid_search_3epoch\S-add__K-2_C-2_W-10_Col-0\logs\training_20260510_234420.csv,remote_training_log_curated,log_evidence,Remote curated train/eval log after experiment-path filter.
I:\,2026-05-10,LANCET/LBM,schrodingerbridge_grid_search,schrodingerbridge_grid_search,,logs,train_or_eval_log,,,,,,,,,,,,s,,,,,,,log_found,I:\Github\Latent_Style\SchrodingerBridge\archives\exp_archive_20260526_051703\remote_exp_legacy\grid_search_3epoch\S-none_K-1_C-0_W-10_Col-0\logs\training_20260510_053953.csv,remote_training_log_curated,log_evidence,Remote curated train/eval log after experiment-path filter.
I:\,2026-05-10,LANCET/LBM,schrodingerbridge_grid_search,schrodingerbridge_grid_search,,logs,train_or_eval_log,,,,,,,,,,,,s,,,,,,,log_found,I:\Github\Latent_Style\SchrodingerBridge\archives\exp_archive_20260526_051703\remote_exp_legacy\grid_search_3epoch\S-none_K-1_C-0_W-10_Col-0\logs\training_20260510_055522.csv,remote_training_log_curated,log_evidence,Remote curated train/eval log after experiment-path filter.
I:\,2026-05-10,LANCET/LBM,schrodingerbridge_grid_search,schrodingerbridge_grid_search,,logs,train_or_eval_log,,,,,,,,,,,,s,,,,,,,log_found,I:\Github\Latent_Style\SchrodingerBridge\archives\exp_archive_20260526_051703\remote_exp_legacy\grid_search_3epoch\S-none_K-1_C-0_W-10_Col-0\logs\training_20260510_055951.csv,remote_training_log_curated,log_evidence,Remote curated train/eval log after experiment-path filter.
I:\,2026-05-10,LANCET/LBM,schrodingerbridge_grid_search,schrodingerbridge_grid_search,,logs,train_or_eval_log,,,,,,,,,,,,s,,,,,,,log_found,I:\Github\Latent_Style\SchrodingerBridge\archives\exp_archive_20260526_051703\remote_exp_legacy\grid_search_3epoch\S-none_K-1_C-0_W-10_Col-0\logs\training_20260510_060327.csv,remote_training_log_curated,log_evidence,Remote curated train/eval log after experiment-path filter.
I:\,2026-05-10,LANCET/LBM,schrodingerbridge_grid_search,schrodingerbridge_grid_search,,logs,train_or_eval_log,,,,,,,,,,,,s,,,,,,,log_found,I:\Github\Latent_Style\SchrodingerBridge\archives\exp_archive_20260526_051703\remote_exp_legacy\grid_search_3epoch\S-none_K-1_C-0_W-10_Col-0\logs\training_20260510_061010.csv,remote_training_log_curated,log_evidence,Remote curated train/eval log after experiment-path filter.
I:\,2026-05-10,LANCET/LBM,schrodingerbridge_grid_search,schrodingerbridge_grid_search,,logs,train_or_eval_log,,,,,,,,,,,,s,,,,,,,log_found,I:\Github\Latent_Style\SchrodingerBridge\archives\exp_archive_20260526_051703\remote_exp_legacy\grid_search_3epoch\S-none_K-1_C-0_W-10_Col-15\logs\training_20260510_055837.csv,remote_training_log_curated,log_evidence,Remote curated train/eval log after experiment-path filter.
I:\,2026-05-10,LANCET/LBM,schrodingerbridge_grid_search,schrodingerbridge_grid_search,,logs,train_or_eval_log,,,,,,,,,,,,s,,,,,,,log_found,I:\Github\Latent_Style\SchrodingerBridge\archives\exp_archive_20260526_051703\remote_exp_legacy\grid_search_3epoch\S-none_K-1_C-0_W-10_Col-15\logs\training_20260510_060002.csv,remote_training_log_curated,log_evidence,Remote curated train/eval log after experiment-path filter.
I:\,2026-05-10,LANCET/LBM,schrodingerbridge_grid_search,schrodingerbridge_grid_search,,logs,train_or_eval_log,,,,,,,,,,,,s,,,,,,,log_found,I:\Github\Latent_Style\SchrodingerBridge\archives\exp_archive_20260526_051703\remote_exp_legacy\grid_search_3epoch\S-none_K-1_C-0_W-10_Col-15\logs\training_20260510_060339.csv,remote_training_log_curated,log_evidence,Remote curated train/eval log after experiment-path filter.
I:\,2026-05-10,LANCET/LBM,schrodingerbridge_grid_search,schrodingerbridge_grid_search,,logs,train_or_eval_log,,,,,,,,,,,,s,,,,,,,log_found,I:\Github\Latent_Style\SchrodingerBridge\archives\exp_archive_20260526_051703\remote_exp_legacy\grid_search_3epoch\S-none_K-1_C-0_W-10_Col-15\logs\training_20260510_062119.csv,remote_training_log_curated,log_evidence,Remote curated train/eval log after experiment-path filter.
I:\,2026-05-10,LANCET/LBM,schrodingerbridge_grid_search,schrodingerbridge_grid_search,,logs,train_or_eval_log,,,,,,,,,,,,s,,,,,,,log_found,I:\Github\Latent_Style\SchrodingerBridge\archives\exp_archive_20260526_051703\remote_exp_legacy\grid_search_3epoch\S-none_K-1_C-0_W-20_Col-0\logs\training_20260510_060817.csv,remote_training_log_curated,log_evidence,Remote curated train/eval log after experiment-path filter.
I:\,2026-05-10,LANCET/LBM,schrodingerbridge_grid_search,schrodingerbridge_grid_search,,logs,train_or_eval_log,,,,,,,,,,,,s,,,,,,,log_found,I:\Github\Latent_Style\SchrodingerBridge\archives\exp_archive_20260526_051703\remote_exp_legacy\grid_search_3epoch\S-none_K-1_C-0_W-20_Col-0\logs\training_20260510_063223.csv,remote_training_log_curated,log_evidence,Remote curated train/eval log after experiment-path filter.
I:\,2026-05-10,LANCET/LBM,schrodingerbridge_grid_search,schrodingerbridge_grid_search,,logs,train_or_eval_log,,,,,,,,,,,,s,,,,,,,log_found,I:\Github\Latent_Style\SchrodingerBridge\archives\exp_archive_20260526_051703\remote_exp_legacy\grid_search_3epoch\S-none_K-1_C-0_W-20_Col-15\logs\training_20260510_064836.csv,remote_training_log_curated,log_evidence,Remote curated train/eval log after experiment-path filter.
I:\,2026-05-10,LANCET/LBM,schrodingerbridge_grid_search,schrodingerbridge_grid_search,,logs,train_or_eval_log,,,,,,,,,,,,s,,,,,,,log_found,I:\Github\Latent_Style\SchrodingerBridge\archives\exp_archive_20260526_051703\remote_exp_legacy\grid_search_3epoch\S-none_K-1_C-2_W-10_Col-0\logs\training_20260510_070527.csv,remote_training_log_curated,log_evidence,Remote curated train/eval log after experiment-path filter.
I:\,2026-05-10,LANCET/LBM,schrodingerbridge_grid_search,schrodingerbridge_grid_search,,logs,train_or_eval_log,,,,,,,,,,,,s,,,,,,,log_found,I:\Github\Latent_Style\SchrodingerBridge\archives\exp_archive_20260526_051703\remote_exp_legacy\grid_search_3epoch\S-none_K-1_C-2_W-10_Col-15\logs\training_20260510_072628.csv,remote_training_log_curated,log_evidence,Remote curated train/eval log after experiment-path filter.
I:\,2026-05-10,LANCET/LBM,schrodingerbridge_grid_search,schrodingerbridge_grid_search,,logs,train_or_eval_log,,,,,,,,,,,,s,,,,,,,log_found,I:\Github\Latent_Style\SchrodingerBridge\archives\exp_archive_20260526_051703\remote_exp_legacy\grid_search_3epoch\S-none_K-1_C-2_W-20_Col-0\logs\training_20260510_074742.csv,remote_training_log_curated,log_evidence,Remote curated train/eval log after experiment-path filter.
I:\,2026-05-10,LANCET/LBM,schrodingerbridge_grid_search,schrodingerbridge_grid_search,,logs,train_or_eval_log,,,,,,,,,,,,s,,,,,,,log_found,I:\Github\Latent_Style\SchrodingerBridge\archives\exp_archive_20260526_051703\remote_exp_legacy\grid_search_3epoch\S-none_K-1_C-2_W-20_Col-15\logs\training_20260510_080919.csv,remote_training_log_curated,log_evidence,Remote curated train/eval log after experiment-path filter.
I:\,2026-05-10,LANCET/LBM,schrodingerbridge_grid_search,schrodingerbridge_grid_search,,logs,train_or_eval_log,,,,,,,,,,,,s,,,,,,,log_found,I:\Github\Latent_Style\SchrodingerBridge\archives\exp_archive_20260526_051703\remote_exp_legacy\grid_search_3epoch\S-none_K-1_C-5_W-10_Col-0\logs\training_20260510_083021.csv,remote_training_log_curated,log_evidence,Remote curated train/eval log after experiment-path filter.
I:\,2026-05-10,LANCET/LBM,schrodingerbridge_grid_search,schrodingerbridge_grid_search,512,logs,train_or_eval_log,,,,,,,,,,,,s,,,,,,,log_found,I:\Github\Latent_Style\SchrodingerBridge\archives\exp_archive_20260526_051703\remote_exp_legacy\grid_search_3epoch\S-none_K-1_C-5_W-10_Col-15\logs\training_20260510_085127.csv,remote_training_log_curated,log_evidence,Remote curated train/eval log after experiment-path filter.
I:\,2026-05-10,LANCET/LBM,schrodingerbridge_grid_search,schrodingerbridge_grid_search,,logs,train_or_eval_log,,,,,,,,,,,,s,,,,,,,log_found,I:\Github\Latent_Style\SchrodingerBridge\archives\exp_archive_20260526_051703\remote_exp_legacy\grid_search_3epoch\S-none_K-1_C-5_W-20_Col-0\logs\training_20260510_091239.csv,remote_training_log_curated,log_evidence,Remote curated train/eval log after experiment-path filter.
I:\,2026-05-10,LANCET/LBM,schrodingerbridge_grid_search,schrodingerbridge_grid_search,,logs,train_or_eval_log,,,,,,,,,,,,s,,,,,,,log_found,I:\Github\Latent_Style\SchrodingerBridge\archives\exp_archive_20260526_051703\remote_exp_legacy\grid_search_3epoch\S-none_K-1_C-5_W-20_Col-15\logs\training_20260510_093349.csv,remote_training_log_curated,log_evidence,Remote curated train/eval log after experiment-path filter.
I:\,2026-05-10,LANCET/LBM,schrodingerbridge_grid_search,schrodingerbridge_grid_search,,logs,train_or_eval_log,,,,,,,,,,,,s,,,,,,,log_found,I:\Github\Latent_Style\SchrodingerBridge\archives\exp_archive_20260526_051703\remote_exp_legacy\grid_search_3epoch\S-none_K-2_C-0_W-10_Col-0\logs\training_20260510_095515.csv,remote_training_log_curated,log_evidence,Remote curated train/eval log after experiment-path filter.
I:\,2026-05-10,LANCET/LBM,schrodingerbridge_grid_search,schrodingerbridge_grid_search,,logs,train_or_eval_log,,,,,,,,,,,,s,,,,,,,log_found,I:\Github\Latent_Style\SchrodingerBridge\archives\exp_archive_20260526_051703\remote_exp_legacy\grid_search_3epoch\S-none_K-2_C-0_W-10_Col-15\logs\training_20260510_101148.csv,remote_training_log_curated,log_evidence,Remote curated train/eval log after experiment-path filter.
I:\,2026-05-10,LANCET/LBM,schrodingerbridge_grid_search,schrodingerbridge_grid_search,,logs,train_or_eval_log,,,,,,,,,,,,s,,,,,,,log_found,I:\Github\Latent_Style\SchrodingerBridge\archives\exp_archive_20260526_051703\remote_exp_legacy\grid_search_3epoch\S-none_K-2_C-0_W-20_Col-0\logs\training_20260510_102819.csv,remote_training_log_curated,log_evidence,Remote curated train/eval log after experiment-path filter.
I:\,2026-05-10,LANCET/LBM,schrodingerbridge_grid_search,schrodingerbridge_grid_search,,logs,train_or_eval_log,,,,,,,,,,,,s,,,,,,,log_found,I:\Github\Latent_Style\SchrodingerBridge\archives\exp_archive_20260526_051703\remote_exp_legacy\grid_search_3epoch\S-none_K-2_C-0_W-20_Col-15\logs\training_20260510_104451.csv,remote_training_log_curated,log_evidence,Remote curated train/eval log after experiment-path filter.
I:\,2026-05-10,LANCET/LBM,schrodingerbridge_grid_search,schrodingerbridge_grid_search,,logs,train_or_eval_log,,,,,,,,,,,,s,,,,,,,log_found,I:\Github\Latent_Style\SchrodingerBridge\archives\exp_archive_20260526_051703\remote_exp_legacy\grid_search_3epoch\S-none_K-2_C-2_W-10_Col-0\logs\training_20260510_110129.csv,remote_training_log_curated,log_evidence,Remote curated train/eval log after experiment-path filter.
I:\,2026-05-10,LANCET/LBM,schrodingerbridge_grid_search,schrodingerbridge_grid_search,,logs,train_or_eval_log,,,,,,,,,,,,s,,,,,,,log_found,I:\Github\Latent_Style\SchrodingerBridge\archives\exp_archive_20260526_051703\remote_exp_legacy\grid_search_3epoch\S-none_K-2_C-2_W-10_Col-15\logs\training_20260510_112305.csv,remote_training_log_curated,log_evidence,Remote curated train/eval log after experiment-path filter.
I:\,2026-05-10,LANCET/LBM,schrodingerbridge_grid_search,schrodingerbridge_grid_search,,logs,train_or_eval_log,,,,,,,,,,,,s,,,,,,,log_found,I:\Github\Latent_Style\SchrodingerBridge\archives\exp_archive_20260526_051703\remote_exp_legacy\grid_search_3epoch\S-none_K-2_C-2_W-20_Col-0\logs\training_20260510_114429.csv,remote_training_log_curated,log_evidence,Remote curated train/eval log after experiment-path filter.
I:\,2026-05-10,LANCET/LBM,schrodingerbridge_grid_search,schrodingerbridge_grid_search,,logs,train_or_eval_log,,,,,,,,,,,,s,,,,,,,log_found,I:\Github\Latent_Style\SchrodingerBridge\archives\exp_archive_20260526_051703\remote_exp_legacy\grid_search_3epoch\S-none_K-2_C-2_W-20_Col-15\logs\training_20260510_120543.csv,remote_training_log_curated,log_evidence,Remote curated train/eval log after experiment-path filter.
I:\,2026-05-10,LANCET/LBM,schrodingerbridge_grid_search,schrodingerbridge_grid_search,,logs,train_or_eval_log,,,,,,,,,,,,s,,,,,,,log_found,I:\Github\Latent_Style\SchrodingerBridge\archives\exp_archive_20260526_051703\remote_exp_legacy\grid_search_3epoch\S-none_K-2_C-5_W-10_Col-0\logs\training_20260510_122855.csv,remote_training_log_curated,log_evidence,Remote curated train/eval log after experiment-path filter.
I:\,2026-05-10,LANCET/LBM,schrodingerbridge_grid_search,schrodingerbridge_grid_search,,logs,train_or_eval_log,,,,,,,,,,,,s,,,,,,,log_found,I:\Github\Latent_Style\SchrodingerBridge\archives\exp_archive_20260526_051703\remote_exp_legacy\grid_search_3epoch\S-none_K-2_C-5_W-10_Col-15\logs\training_20260510_125238.csv,remote_training_log_curated,log_evidence,Remote curated train/eval log after experiment-path filter.
I:\,2026-05-10,LANCET/LBM,schrodingerbridge_grid_search,schrodingerbridge_grid_search,,logs,train_or_eval_log,,,,,,,,,,,,s,,,,,,,log_found,I:\Github\Latent_Style\SchrodingerBridge\archives\exp_archive_20260526_051703\remote_exp_legacy\grid_search_3epoch\S-none_K-2_C-5_W-20_Col-0\logs\training_20260510_131522.csv,remote_training_log_curated,log_evidence,Remote curated train/eval log after experiment-path filter.
I:\,2026-05-10,LANCET/LBM,schrodingerbridge_grid_search,schrodingerbridge_grid_search,,logs,train_or_eval_log,,,,,,,,,,,,s,,,,,,,log_found,I:\Github\Latent_Style\SchrodingerBridge\archives\exp_archive_20260526_051703\remote_exp_legacy\grid_search_3epoch\S-none_K-2_C-5_W-20_Col-15\logs\training_20260510_133834.csv,remote_training_log_curated,log_evidence,Remote curated train/eval log after experiment-path filter.
I:\,2026-05-10,LANCET/LBM,schrodingerbridge_grid_search,schrodingerbridge_grid_search,,logs,train_or_eval_log,,,,,,,,,,,,s,,,,,,,log_found,I:\Github\Latent_Style\SchrodingerBridge\archives\exp_archive_20260526_051703\remote_exp_legacy\grid_search_3epoch\S-none_K-4_C-0_W-10_Col-0\logs\training_20260510_140217.csv,remote_training_log_curated,log_evidence,Remote curated train/eval log after experiment-path filter.
I:\,2026-05-10,LANCET/LBM,schrodingerbridge_grid_search,schrodingerbridge_grid_search,,logs,train_or_eval_log,,,,,,,,,,,,s,,,,,,,log_found,I:\Github\Latent_Style\SchrodingerBridge\archives\exp_archive_20260526_051703\remote_exp_legacy\grid_search_3epoch\S-none_K-4_C-0_W-10_Col-15\logs\training_20260510_142124.csv,remote_training_log_curated,log_evidence,Remote curated train/eval log after experiment-path filter.
I:\,2026-05-10,LANCET/LBM,schrodingerbridge_grid_search,schrodingerbridge_grid_search,,logs,train_or_eval_log,,,,,,,,,,,,s,,,,,,,log_found,I:\Github\Latent_Style\SchrodingerBridge\archives\exp_archive_20260526_051703\remote_exp_legacy\grid_search_3epoch\S-none_K-4_C-0_W-20_Col-0\logs\training_20260510_144033.csv,remote_training_log_curated,log_evidence,Remote curated train/eval log after experiment-path filter.
I:\,2026-05-10,LANCET/LBM,schrodingerbridge_grid_search,schrodingerbridge_grid_search,,logs,train_or_eval_log,,,,,,,,,,,,s,,,,,,,log_found,I:\Github\Latent_Style\SchrodingerBridge\archives\exp_archive_20260526_051703\remote_exp_legacy\grid_search_3epoch\S-none_K-4_C-0_W-20_Col-15\logs\training_20260510_145935.csv,remote_training_log_curated,log_evidence,Remote curated train/eval log after experiment-path filter.
I:\,2026-05-10,LANCET/LBM,schrodingerbridge_grid_search,schrodingerbridge_grid_search,,logs,train_or_eval_log,,,,,,,,,,,,s,,,,,,,log_found,I:\Github\Latent_Style\SchrodingerBridge\archives\exp_archive_20260526_051703\remote_exp_legacy\grid_search_3epoch\S-none_K-4_C-2_W-10_Col-0\logs\training_20260510_151828.csv,remote_training_log_curated,log_evidence,Remote curated train/eval log after experiment-path filter.
I:\,2026-05-10,LANCET/LBM,schrodingerbridge_grid_search,schrodingerbridge_grid_search,,logs,train_or_eval_log,,,,,,,,,,,,s,,,,,,,log_found,I:\Github\Latent_Style\SchrodingerBridge\archives\exp_archive_20260526_051703\remote_exp_legacy\grid_search_3epoch\S-none_K-4_C-2_W-10_Col-15\logs\training_20260510_154147.csv,remote_training_log_curated,log_evidence,Remote curated train/eval log after experiment-path filter.
I:\,2026-05-10,LANCET/LBM,schrodingerbridge_grid_search,schrodingerbridge_grid_search,,logs,train_or_eval_log,,,,,,,,,,,,s,,,,,,,log_found,I:\Github\Latent_Style\SchrodingerBridge\archives\exp_archive_20260526_051703\remote_exp_legacy\grid_search_3epoch\S-none_K-4_C-2_W-20_Col-0\logs\training_20260510_160427.csv,remote_training_log_curated,log_evidence,Remote curated train/eval log after experiment-path filter.
I:\,2026-05-10,LANCET/LBM,schrodingerbridge_grid_search,schrodingerbridge_grid_search,,logs,train_or_eval_log,,,,,,,,,,,,s,,,,,,,log_found,I:\Github\Latent_Style\SchrodingerBridge\archives\exp_archive_20260526_051703\remote_exp_legacy\grid_search_3epoch\S-none_K-4_C-2_W-20_Col-15\logs\training_20260510_162645.csv,remote_training_log_curated,log_evidence,Remote curated train/eval log after experiment-path filter.
I:\,2026-05-10,LANCET/LBM,schrodingerbridge_grid_search,schrodingerbridge_grid_search,,logs,train_or_eval_log,,,,,,,,,,,,s,,,,,,,log_found,I:\Github\Latent_Style\SchrodingerBridge\archives\exp_archive_20260526_051703\remote_exp_legacy\grid_search_3epoch\S-none_K-4_C-5_W-10_Col-0\logs\training_20260510_164903.csv,remote_training_log_curated,log_evidence,Remote curated train/eval log after experiment-path filter.
I:\,2026-05-10,LANCET/LBM,schrodingerbridge_grid_search,schrodingerbridge_grid_search,,logs,train_or_eval_log,,,,,,,,,,,,s,,,,,,,log_found,I:\Github\Latent_Style\SchrodingerBridge\archives\exp_archive_20260526_051703\remote_exp_legacy\grid_search_3epoch\S-none_K-4_C-5_W-10_Col-15\logs\training_20260510_171121.csv,remote_training_log_curated,log_evidence,Remote curated train/eval log after experiment-path filter.
I:\,2026-05-10,LANCET/LBM,schrodingerbridge_grid_search,schrodingerbridge_grid_search,,logs,train_or_eval_log,,,,,,,,,,,,s,,,,,,,log_found,I:\Github\Latent_Style\SchrodingerBridge\archives\exp_archive_20260526_051703\remote_exp_legacy\grid_search_3epoch\S-none_K-4_C-5_W-20_Col-0\logs\training_20260510_173338.csv,remote_training_log_curated,log_evidence,Remote curated train/eval log after experiment-path filter.
I:\,2026-05-10,LANCET/LBM,schrodingerbridge_grid_search,schrodingerbridge_grid_search,,logs,train_or_eval_log,,,,,,,,,,,,s,,,,,,,log_found,I:\Github\Latent_Style\SchrodingerBridge\archives\exp_archive_20260526_051703\remote_exp_legacy\grid_search_3epoch\S-none_K-4_C-5_W-20_Col-15\logs\training_20260510_175554.csv,remote_training_log_curated,log_evidence,Remote curated train/eval log after experiment-path filter.
I:\,2026-05-11,LANCET/LBM,schrodingerbridge_grid_search,schrodingerbridge_grid_search,,logs,train_or_eval_log,,,,,,,,,,,,s,,,,,,,log_found,I:\Github\Latent_Style\SchrodingerBridge\archives\exp_archive_20260526_051703\remote_exp_legacy\grid_search_3epoch\S-add__K-2_C-2_W-10_Col-15\logs\training_20260511_000532.csv,remote_training_log_curated,log_evidence,Remote curated train/eval log after experiment-path filter.
I:\,2026-05-11,LANCET/LBM,schrodingerbridge_grid_search,schrodingerbridge_grid_search,,logs,train_or_eval_log,,,,,,,,,,,,s,,,,,,,log_found,I:\Github\Latent_Style\SchrodingerBridge\archives\exp_archive_20260526_051703\remote_exp_legacy\grid_search_3epoch\S-add__K-2_C-2_W-20_Col-0\logs\training_20260511_002644.csv,remote_training_log_curated,log_evidence,Remote curated train/eval log after experiment-path filter.
I:\,2026-05-11,LANCET/LBM,schrodingerbridge_grid_search,schrodingerbridge_grid_search,,logs,train_or_eval_log,,,,,,,,,,,,s,,,,,,,log_found,I:\Github\Latent_Style\SchrodingerBridge\archives\exp_archive_20260526_051703\remote_exp_legacy\grid_search_3epoch\S-add__K-2_C-2_W-20_Col-15\logs\training_20260511_004757.csv,remote_training_log_curated,log_evidence,Remote curated train/eval log after experiment-path filter.
I:\,2026-05-11,LANCET/LBM,schrodingerbridge_grid_search,schrodingerbridge_grid_search,,logs,train_or_eval_log,,,,,,,,,,,,s,,,,,,,log_found,I:\Github\Latent_Style\SchrodingerBridge\archives\exp_archive_20260526_051703\remote_exp_legacy\grid_search_3epoch\S-add__K-2_C-5_W-10_Col-0\logs\training_20260511_010910.csv,remote_training_log_curated,log_evidence,Remote curated train/eval log after experiment-path filter.
I:\,2026-05-11,LANCET/LBM,schrodingerbridge_grid_search,schrodingerbridge_grid_search,,logs,train_or_eval_log,,,,,,,,,,,,s,,,,,,,log_found,I:\Github\Latent_Style\SchrodingerBridge\archives\exp_archive_20260526_051703\remote_exp_legacy\grid_search_3epoch\S-add__K-2_C-5_W-10_Col-15\logs\training_20260511_013023.csv,remote_training_log_curated,log_evidence,Remote curated train/eval log after experiment-path filter.
I:\,2026-05-11,LANCET/LBM,schrodingerbridge_grid_search,schrodingerbridge_grid_search,,logs,train_or_eval_log,,,,,,,,,,,,s,,,,,,,log_found,I:\Github\Latent_Style\SchrodingerBridge\archives\exp_archive_20260526_051703\remote_exp_legacy\grid_search_3epoch\S-add__K-2_C-5_W-20_Col-0\logs\training_20260511_015137.csv,remote_training_log_curated,log_evidence,Remote curated train/eval log after experiment-path filter.
I:\,2026-05-11,LANCET/LBM,schrodingerbridge_grid_search,schrodingerbridge_grid_search,,logs,train_or_eval_log,,,,,,,,,,,,s,,,,,,,log_found,I:\Github\Latent_Style\SchrodingerBridge\archives\exp_archive_20260526_051703\remote_exp_legacy\grid_search_3epoch\S-add__K-2_C-5_W-20_Col-15\logs\training_20260511_021251.csv,remote_training_log_curated,log_evidence,Remote curated train/eval log after experiment-path filter.
I:\,2026-05-11,LANCET/LBM,schrodingerbridge_grid_search,schrodingerbridge_grid_search,,logs,train_or_eval_log,,,,,,,,,,,,s,,,,,,,log_found,I:\Github\Latent_Style\SchrodingerBridge\archives\exp_archive_20260526_051703\remote_exp_legacy\grid_search_3epoch\S-add__K-4_C-0_W-10_Col-0\logs\training_20260511_023334.csv,remote_training_log_curated,log_evidence,Remote curated train/eval log after experiment-path filter.
I:\,2026-05-11,LANCET/LBM,schrodingerbridge_grid_search,schrodingerbridge_grid_search,,logs,train_or_eval_log,,,,,,,,,,,,s,,,,,,,log_found,I:\Github\Latent_Style\SchrodingerBridge\archives\exp_archive_20260526_051703\remote_exp_legacy\grid_search_3epoch\S-add__K-4_C-0_W-10_Col-15\logs\training_20260511_025016.csv,remote_training_log_curated,log_evidence,Remote curated train/eval log after experiment-path filter.
I:\,2026-05-11,LANCET/LBM,schrodingerbridge_grid_search,schrodingerbridge_grid_search,,logs,train_or_eval_log,,,,,,,,,,,,s,,,,,,,log_found,I:\Github\Latent_Style\SchrodingerBridge\archives\exp_archive_20260526_051703\remote_exp_legacy\grid_search_3epoch\S-add__K-4_C-0_W-20_Col-0\logs\training_20260511_030657.csv,remote_training_log_curated,log_evidence,Remote curated train/eval log after experiment-path filter.
I:\,2026-05-11,LANCET/LBM,schrodingerbridge_grid_search,schrodingerbridge_grid_search,,logs,train_or_eval_log,,,,,,,,,,,,s,,,,,,,log_found,I:\Github\Latent_Style\SchrodingerBridge\archives\exp_archive_20260526_051703\remote_exp_legacy\grid_search_3epoch\S-add__K-4_C-0_W-20_Col-15\logs\training_20260511_032344.csv,remote_training_log_curated,log_evidence,Remote curated train/eval log after experiment-path filter.
I:\,2026-05-11,LANCET/LBM,schrodingerbridge_grid_search,schrodingerbridge_grid_search,,epoch_0002,full_eval_or_summary,,,,,,,,,,,,,,,,,,,summary_found,I:\Github\Latent_Style\SchrodingerBridge\archives\exp_archive_20260526_051703\remote_exp_legacy\grid_search_3epoch\S-add__K-4_C-2_W-10_Col-0\full_eval\epoch_0002\summary.json,remote_summary_json_curated,summary_evidence,Remote curated summary.json after experiment-path filter.
I:\,2026-05-11,LANCET/LBM,schrodingerbridge_grid_search,schrodingerbridge_grid_search,,logs,train_or_eval_log,,,,,,,,,,,,s,,,,,,,log_found,I:\Github\Latent_Style\SchrodingerBridge\archives\exp_archive_20260526_051703\remote_exp_legacy\grid_search_3epoch\S-add__K-4_C-2_W-10_Col-0\logs\training_20260511_034041.csv,remote_training_log_curated,log_evidence,Remote curated train/eval log after experiment-path filter.
I:\,2026-05-11,LANCET/LBM,schrodingerbridge_grid_search,schrodingerbridge_grid_search,,logs,train_or_eval_log,,,,,,,,,,,,s,,,,,,,log_found,I:\Github\Latent_Style\SchrodingerBridge\archives\exp_archive_20260526_051703\remote_exp_legacy\grid_search_3epoch\S-add__K-4_C-2_W-10_Col-15\logs\training_20260511_040131.csv,remote_training_log_curated,log_evidence,Remote curated train/eval log after experiment-path filter.
I:\,2026-05-11,LANCET/LBM,schrodingerbridge_grid_search,schrodingerbridge_grid_search,,logs,train_or_eval_log,,,,,,,,,,,,s,,,,,,,log_found,I:\Github\Latent_Style\SchrodingerBridge\archives\exp_archive_20260526_051703\remote_exp_legacy\grid_search_3epoch\S-add__K-4_C-2_W-20_Col-0\logs\training_20260511_042222.csv,remote_training_log_curated,log_evidence,Remote curated train/eval log after experiment-path filter.
I:\,2026-05-11,LANCET/LBM,schrodingerbridge_grid_search,schrodingerbridge_grid_search,,logs,train_or_eval_log,,,,,,,,,,,,s,,,,,,,log_found,I:\Github\Latent_Style\SchrodingerBridge\archives\exp_archive_20260526_051703\remote_exp_legacy\grid_search_3epoch\S-add__K-4_C-2_W-20_Col-15\logs\training_20260511_044314.csv,remote_training_log_curated,log_evidence,Remote curated train/eval log after experiment-path filter.
I:\,2026-05-11,LANCET/LBM,schrodingerbridge_grid_search,schrodingerbridge_grid_search,,logs,train_or_eval_log,,,,,,,,,,,,s,,,,,,,log_found,I:\Github\Latent_Style\SchrodingerBridge\archives\exp_archive_20260526_051703\remote_exp_legacy\grid_search_3epoch\S-add__K-4_C-5_W-10_Col-0\logs\training_20260511_050404.csv,remote_training_log_curated,log_evidence,Remote curated train/eval log after experiment-path filter.
I:\,2026-05-11,LANCET/LBM,schrodingerbridge_grid_search,schrodingerbridge_grid_search,,logs,train_or_eval_log,,,,,,,,,,,,s,,,,,,,log_found,I:\Github\Latent_Style\SchrodingerBridge\archives\exp_archive_20260526_051703\remote_exp_legacy\grid_search_3epoch\S-add__K-4_C-5_W-10_Col-15\logs\training_20260511_052454.csv,remote_training_log_curated,log_evidence,Remote curated train/eval log after experiment-path filter.
I:\,2026-05-11,LANCET/LBM,schrodingerbridge_grid_search,schrodingerbridge_grid_search,,logs,train_or_eval_log,,,,,,,,,,,,s,,,,,,,log_found,I:\Github\Latent_Style\SchrodingerBridge\archives\exp_archive_20260526_051703\remote_exp_legacy\grid_search_3epoch\S-add__K-4_C-5_W-20_Col-0\logs\training_20260511_054546.csv,remote_training_log_curated,log_evidence,Remote curated train/eval log after experiment-path filter.
I:\,2026-05-11,LANCET/LBM,schrodingerbridge_grid_search,schrodingerbridge_grid_search,,logs,train_or_eval_log,,,,,,,,,,,,s,,,,,,,log_found,I:\Github\Latent_Style\SchrodingerBridge\archives\exp_archive_20260526_051703\remote_exp_legacy\grid_search_3epoch\S-add__K-4_C-5_W-20_Col-15\logs\training_20260511_060635.csv,remote_training_log_curated,log_evidence,Remote curated train/eval log after experiment-path filter.
I:\,2026-05-11,LANCET/LBM,schrodingerbridge_grid_search,schrodingerbridge_grid_search,,logs,train_or_eval_log,,,,,,,,,,,,s,,,,,,,log_found,I:\Github\Latent_Style\SchrodingerBridge\archives\exp_archive_20260526_051703\remote_exp_legacy\grid_search_3epoch\S-norm_K-1_C-0_W-10_Col-0\logs\training_20260511_062726.csv,remote_training_log_curated,log_evidence,Remote curated train/eval log after experiment-path filter.
I:\,2026-05-11,LANCET/LBM,schrodingerbridge_grid_search,schrodingerbridge_grid_search,,logs,train_or_eval_log,,,,,,,,,,,,s,,,,,,,log_found,I:\Github\Latent_Style\SchrodingerBridge\archives\exp_archive_20260526_051703\remote_exp_legacy\grid_search_3epoch\S-norm_K-1_C-0_W-10_Col-15\logs\training_20260511_064420.csv,remote_training_log_curated,log_evidence,Remote curated train/eval log after experiment-path filter.
I:\,2026-05-11,LANCET/LBM,schrodingerbridge_grid_search,schrodingerbridge_grid_search,,logs,train_or_eval_log,,,,,,,,,,,,s,,,,,,,log_found,I:\Github\Latent_Style\SchrodingerBridge\archives\exp_archive_20260526_051703\remote_exp_legacy\grid_search_3epoch\S-norm_K-1_C-0_W-20_Col-0\logs\training_20260511_070124.csv,remote_training_log_curated,log_evidence,Remote curated train/eval log after experiment-path filter.
I:\,2026-05-11,LANCET/LBM,schrodingerbridge_grid_search,schrodingerbridge_grid_search,,logs,train_or_eval_log,,,,,,,,,,,,s,,,,,,,log_found,I:\Github\Latent_Style\SchrodingerBridge\archives\exp_archive_20260526_051703\remote_exp_legacy\grid_search_3epoch\S-norm_K-1_C-0_W-20_Col-15\logs\training_20260511_071840.csv,remote_training_log_curated,log_evidence,Remote curated train/eval log after experiment-path filter.
I:\,2026-05-11,LANCET/LBM,schrodingerbridge_grid_search,schrodingerbridge_grid_search,,logs,train_or_eval_log,,,,,,,,,,,,s,,,,,,,log_found,I:\Github\Latent_Style\SchrodingerBridge\archives\exp_archive_20260526_051703\remote_exp_legacy\grid_search_3epoch\S-norm_K-1_C-2_W-10_Col-0\logs\training_20260511_073603.csv,remote_training_log_curated,log_evidence,Remote curated train/eval log after experiment-path filter.
I:\,2026-05-11,LANCET/LBM,schrodingerbridge_grid_search,schrodingerbridge_grid_search,,logs,train_or_eval_log,,,,,,,,,,,,s,,,,,,,log_found,I:\Github\Latent_Style\SchrodingerBridge\archives\exp_archive_20260526_051703\remote_exp_legacy\grid_search_3epoch\S-norm_K-1_C-2_W-10_Col-15\logs\training_20260511_075712.csv,remote_training_log_curated,log_evidence,Remote curated train/eval log after experiment-path filter.
I:\,2026-05-11,LANCET/LBM,schrodingerbridge_grid_search,schrodingerbridge_grid_search,,logs,train_or_eval_log,,,,,,,,,,,,s,,,,,,,log_found,I:\Github\Latent_Style\SchrodingerBridge\archives\exp_archive_20260526_051703\remote_exp_legacy\grid_search_3epoch\S-norm_K-1_C-2_W-20_Col-0\logs\training_20260511_081822.csv,remote_training_log_curated,log_evidence,Remote curated train/eval log after experiment-path filter.
I:\,2026-05-11,LANCET/LBM,schrodingerbridge_grid_search,schrodingerbridge_grid_search,,logs,train_or_eval_log,,,,,,,,,,,,s,,,,,,,log_found,I:\Github\Latent_Style\SchrodingerBridge\archives\exp_archive_20260526_051703\remote_exp_legacy\grid_search_3epoch\S-norm_K-1_C-2_W-20_Col-15\logs\training_20260511_083927.csv,remote_training_log_curated,log_evidence,Remote curated train/eval log after experiment-path filter.
I:\,2026-05-11,LANCET/LBM,schrodingerbridge_grid_search,schrodingerbridge_grid_search,,logs,train_or_eval_log,,,,,,,,,,,,s,,,,,,,log_found,I:\Github\Latent_Style\SchrodingerBridge\archives\exp_archive_20260526_051703\remote_exp_legacy\grid_search_3epoch\S-norm_K-1_C-5_W-10_Col-0\logs\training_20260511_090029.csv,remote_training_log_curated,log_evidence,Remote curated train/eval log after experiment-path filter.
I:\,2026-05-11,LANCET/LBM,schrodingerbridge_grid_search,schrodingerbridge_grid_search,,logs,train_or_eval_log,,,,,,,,,,,,s,,,,,,,log_found,I:\Github\Latent_Style\SchrodingerBridge\archives\exp_archive_20260526_051703\remote_exp_legacy\grid_search_3epoch\S-norm_K-1_C-5_W-10_Col-15\logs\training_20260511_092133.csv,remote_training_log_curated,log_evidence,Remote curated train/eval log after experiment-path filter.
I:\,2026-05-11,LANCET/LBM,schrodingerbridge_grid_search,schrodingerbridge_grid_search,,logs,train_or_eval_log,,,,,,,,,,,,s,,,,,,,log_found,I:\Github\Latent_Style\SchrodingerBridge\archives\exp_archive_20260526_051703\remote_exp_legacy\grid_search_3epoch\S-norm_K-1_C-5_W-20_Col-0\logs\training_20260511_094240.csv,remote_training_log_curated,log_evidence,Remote curated train/eval log after experiment-path filter.
I:\,2026-05-11,LANCET/LBM,schrodingerbridge_grid_search,schrodingerbridge_grid_search,,logs,train_or_eval_log,,,,,,,,,,,,s,,,,,,,log_found,I:\Github\Latent_Style\SchrodingerBridge\archives\exp_archive_20260526_051703\remote_exp_legacy\grid_search_3epoch\S-norm_K-1_C-5_W-20_Col-15\logs\training_20260511_100351.csv,remote_training_log_curated,log_evidence,Remote curated train/eval log after experiment-path filter.
I:\,2026-05-11,LANCET/LBM,schrodingerbridge_grid_search,schrodingerbridge_grid_search,,logs,train_or_eval_log,,,,,,,,,,,,s,,,,,,,log_found,I:\Github\Latent_Style\SchrodingerBridge\archives\exp_archive_20260526_051703\remote_exp_legacy\grid_search_3epoch\S-norm_K-2_C-0_W-10_Col-0\logs\training_20260511_102510.csv,remote_training_log_curated,log_evidence,Remote curated train/eval log after experiment-path filter.
I:\,2026-05-11,LANCET/LBM,schrodingerbridge_grid_search,schrodingerbridge_grid_search,,logs,train_or_eval_log,,,,,,,,,,,,s,,,,,,,log_found,I:\Github\Latent_Style\SchrodingerBridge\archives\exp_archive_20260526_051703\remote_exp_legacy\grid_search_3epoch\S-norm_K-2_C-0_W-10_Col-15\logs\training_20260511_104229.csv,remote_training_log_curated,log_evidence,Remote curated train/eval log after experiment-path filter.
I:\,2026-05-11,LANCET/LBM,schrodingerbridge_grid_search,schrodingerbridge_grid_search,,logs,train_or_eval_log,,,,,,,,,,,,s,,,,,,,log_found,I:\Github\Latent_Style\SchrodingerBridge\archives\exp_archive_20260526_051703\remote_exp_legacy\grid_search_3epoch\S-norm_K-2_C-0_W-20_Col-0\logs\training_20260511_105948.csv,remote_training_log_curated,log_evidence,Remote curated train/eval log after experiment-path filter.
I:\,2026-05-11,LANCET/LBM,schrodingerbridge_grid_search,schrodingerbridge_grid_search,,logs,train_or_eval_log,,,,,,,,,,,,s,,,,,,,log_found,I:\Github\Latent_Style\SchrodingerBridge\archives\exp_archive_20260526_051703\remote_exp_legacy\grid_search_3epoch\S-norm_K-2_C-0_W-20_Col-15\logs\training_20260511_111707.csv,remote_training_log_curated,log_evidence,Remote curated train/eval log after experiment-path filter.
I:\,2026-05-11,LANCET/LBM,schrodingerbridge_grid_search,schrodingerbridge_grid_search,,logs,train_or_eval_log,,,,,,,,,,,,s,,,,,,,log_found,I:\Github\Latent_Style\SchrodingerBridge\archives\exp_archive_20260526_051703\remote_exp_legacy\grid_search_3epoch\S-norm_K-2_C-2_W-10_Col-0\logs\training_20260511_113408.csv,remote_training_log_curated,log_evidence,Remote curated train/eval log after experiment-path filter.
I:\,2026-05-11,LANCET/LBM,schrodingerbridge_grid_search,schrodingerbridge_grid_search,,logs,train_or_eval_log,,,,,,,,,,,,s,,,,,,,log_found,I:\Github\Latent_Style\SchrodingerBridge\archives\exp_archive_20260526_051703\remote_exp_legacy\grid_search_3epoch\S-norm_K-2_C-2_W-10_Col-15\logs\training_20260511_115537.csv,remote_training_log_curated,log_evidence,Remote curated train/eval log after experiment-path filter.
I:\,2026-05-11,LANCET/LBM,schrodingerbridge_grid_search,schrodingerbridge_grid_search,,logs,train_or_eval_log,,,,,,,,,,,,s,,,,,,,log_found,I:\Github\Latent_Style\SchrodingerBridge\archives\exp_archive_20260526_051703\remote_exp_legacy\grid_search_3epoch\S-norm_K-2_C-2_W-20_Col-0\logs\training_20260511_121714.csv,remote_training_log_curated,log_evidence,Remote curated train/eval log after experiment-path filter.
I:\,2026-05-11,LANCET/LBM,schrodingerbridge_grid_search,schrodingerbridge_grid_search,,logs,train_or_eval_log,,,,,,,,,,,,s,,,,,,,log_found,I:\Github\Latent_Style\SchrodingerBridge\archives\exp_archive_20260526_051703\remote_exp_legacy\grid_search_3epoch\S-norm_K-2_C-2_W-20_Col-15\logs\training_20260511_123848.csv,remote_training_log_curated,log_evidence,Remote curated train/eval log after experiment-path filter.
I:\,2026-05-11,LANCET/LBM,schrodingerbridge_grid_search,schrodingerbridge_grid_search,,logs,train_or_eval_log,,,,,,,,,,,,s,,,,,,,log_found,I:\Github\Latent_Style\SchrodingerBridge\archives\exp_archive_20260526_051703\remote_exp_legacy\grid_search_3epoch\S-norm_K-2_C-5_W-10_Col-0\logs\training_20260511_130016.csv,remote_training_log_curated,log_evidence,Remote curated train/eval log after experiment-path filter.
I:\,2026-05-11,LANCET/LBM,schrodingerbridge_grid_search,schrodingerbridge_grid_search,,logs,train_or_eval_log,,,,,,,,,,,,s,,,,,,,log_found,I:\Github\Latent_Style\SchrodingerBridge\archives\exp_archive_20260526_051703\remote_exp_legacy\grid_search_3epoch\S-norm_K-2_C-5_W-10_Col-15\logs\training_20260511_132137.csv,remote_training_log_curated,log_evidence,Remote curated train/eval log after experiment-path filter.
I:\,2026-05-11,LANCET/LBM,schrodingerbridge_grid_search,schrodingerbridge_grid_search,,logs,train_or_eval_log,,,,,,,,,,,,s,,,,,,,log_found,I:\Github\Latent_Style\SchrodingerBridge\archives\exp_archive_20260526_051703\remote_exp_legacy\grid_search_3epoch\S-norm_K-2_C-5_W-20_Col-0\logs\training_20260511_134238.csv,remote_training_log_curated,log_evidence,Remote curated train/eval log after experiment-path filter.
I:\,2026-05-11,LANCET/LBM,schrodingerbridge_grid_search,schrodingerbridge_grid_search,,logs,train_or_eval_log,,,,,,,,,,,,s,,,,,,,log_found,I:\Github\Latent_Style\SchrodingerBridge\archives\exp_archive_20260526_051703\remote_exp_legacy\grid_search_3epoch\S-norm_K-2_C-5_W-20_Col-15\logs\training_20260511_140300.csv,remote_training_log_curated,log_evidence,Remote curated train/eval log after experiment-path filter.
I:\,2026-05-11,LANCET/LBM,schrodingerbridge_grid_search,schrodingerbridge_grid_search,,logs,train_or_eval_log,,,,,,,,,,,,s,,,,,,,log_found,I:\Github\Latent_Style\SchrodingerBridge\archives\exp_archive_20260526_051703\remote_exp_legacy\grid_search_3epoch\S-norm_K-4_C-0_W-10_Col-0\logs\training_20260511_142323.csv,remote_training_log_curated,log_evidence,Remote curated train/eval log after experiment-path filter.
I:\,2026-05-11,LANCET/LBM,schrodingerbridge_grid_search,schrodingerbridge_grid_search,,logs,train_or_eval_log,,,,,,,,,,,,s,,,,,,,log_found,I:\Github\Latent_Style\SchrodingerBridge\archives\exp_archive_20260526_051703\remote_exp_legacy\grid_search_3epoch\S-norm_K-4_C-0_W-10_Col-15\logs\training_20260511_143955.csv,remote_training_log_curated,log_evidence,Remote curated train/eval log after experiment-path filter.
I:\,2026-05-11,LANCET/LBM,schrodingerbridge_grid_search,schrodingerbridge_grid_search,,logs,train_or_eval_log,,,,,,,,,,,,s,,,,,,,log_found,I:\Github\Latent_Style\SchrodingerBridge\archives\exp_archive_20260526_051703\remote_exp_legacy\grid_search_3epoch\S-norm_K-4_C-0_W-20_Col-0\logs\training_20260511_145643.csv,remote_training_log_curated,log_evidence,Remote curated train/eval log after experiment-path filter.
I:\,2026-05-11,LANCET/LBM,schrodingerbridge_grid_search,schrodingerbridge_grid_search,,logs,train_or_eval_log,,,,,,,,,,,,s,,,,,,,log_found,I:\Github\Latent_Style\SchrodingerBridge\archives\exp_archive_20260526_051703\remote_exp_legacy\grid_search_3epoch\S-norm_K-4_C-0_W-20_Col-15\logs\training_20260511_151345.csv,remote_training_log_curated,log_evidence,Remote curated train/eval log after experiment-path filter.
I:\,2026-05-11,LANCET/LBM,schrodingerbridge_grid_search,schrodingerbridge_grid_search,,logs,train_or_eval_log,,,,,,,,,,,,s,,,,,,,log_found,I:\Github\Latent_Style\SchrodingerBridge\archives\exp_archive_20260526_051703\remote_exp_legacy\grid_search_3epoch\S-norm_K-4_C-2_W-10_Col-0\logs\training_20260511_153048.csv,remote_training_log_curated,log_evidence,Remote curated train/eval log after experiment-path filter.
I:\,2026-05-11,LANCET/LBM,schrodingerbridge_grid_search,schrodingerbridge_grid_search,,logs,train_or_eval_log,,,,,,,,,,,,s,,,,,,,log_found,I:\Github\Latent_Style\SchrodingerBridge\archives\exp_archive_20260526_051703\remote_exp_legacy\grid_search_3epoch\S-norm_K-4_C-2_W-10_Col-15\logs\training_20260511_155150.csv,remote_training_log_curated,log_evidence,Remote curated train/eval log after experiment-path filter.
I:\,2026-05-11,LANCET/LBM,schrodingerbridge_grid_search,schrodingerbridge_grid_search,,logs,train_or_eval_log,,,,,,,,,,,,s,,,,,,,log_found,I:\Github\Latent_Style\SchrodingerBridge\archives\exp_archive_20260526_051703\remote_exp_legacy\grid_search_3epoch\S-norm_K-4_C-2_W-20_Col-0\logs\training_20260511_161314.csv,remote_training_log_curated,log_evidence,Remote curated train/eval log after experiment-path filter.
I:\,2026-05-11,LANCET/LBM,schrodingerbridge_grid_search,schrodingerbridge_grid_search,,logs,train_or_eval_log,,,,,,,,,,,,s,,,,,,,log_found,I:\Github\Latent_Style\SchrodingerBridge\archives\exp_archive_20260526_051703\remote_exp_legacy\grid_search_3epoch\S-norm_K-4_C-2_W-20_Col-15\logs\training_20260511_163431.csv,remote_training_log_curated,log_evidence,Remote curated train/eval log after experiment-path filter.
I:\,2026-05-11,LANCET/LBM,schrodingerbridge_grid_search,schrodingerbridge_grid_search,,logs,train_or_eval_log,,,,,,,,,,,,s,,,,,,,log_found,I:\Github\Latent_Style\SchrodingerBridge\archives\exp_archive_20260526_051703\remote_exp_legacy\grid_search_3epoch\S-norm_K-4_C-5_W-10_Col-0\logs\training_20260511_165726.csv,remote_training_log_curated,log_evidence,Remote curated train/eval log after experiment-path filter.
I:\,2026-05-11,LANCET/LBM,schrodingerbridge_grid_search,schrodingerbridge_grid_search,,logs,train_or_eval_log,,,,,,,,,,,,s,,,,,,,log_found,I:\Github\Latent_Style\SchrodingerBridge\archives\exp_archive_20260526_051703\remote_exp_legacy\grid_search_3epoch\S-norm_K-4_C-5_W-10_Col-15\logs\training_20260511_172005.csv,remote_training_log_curated,log_evidence,Remote curated train/eval log after experiment-path filter.
I:\,2026-05-11,LANCET/LBM,schrodingerbridge_grid_search,schrodingerbridge_grid_search,,logs,train_or_eval_log,,,,,,,,,,,,s,,,,,,,log_found,I:\Github\Latent_Style\SchrodingerBridge\archives\exp_archive_20260526_051703\remote_exp_legacy\grid_search_3epoch\S-norm_K-4_C-5_W-20_Col-0\logs\training_20260511_174255.csv,remote_training_log_curated,log_evidence,Remote curated train/eval log after experiment-path filter.
I:\,2026-05-11,LANCET/LBM,schrodingerbridge_grid_search,schrodingerbridge_grid_search,,logs,train_or_eval_log,,,,,,,,,,,,s,,,,,,,log_found,I:\Github\Latent_Style\SchrodingerBridge\archives\exp_archive_20260526_051703\remote_exp_legacy\grid_search_3epoch\S-norm_K-4_C-5_W-20_Col-15\logs\training_20260511_180549.csv,remote_training_log_curated,log_evidence,Remote curated train/eval log after experiment-path filter.
I:\,2026-05-12,LANCET/LBM,schrodingerbridge_grid_search,schrodingerbridge_grid_search,512,logs,train_or_eval_log,,,,,,,,,,,,s,,,,,,,log_found,I:\Github\Latent_Style\SchrodingerBridge\archives\exp_archive_20260526_051703\remote_exp_legacy\next_round_80\E001\logs\training_20260512_002930.csv,remote_training_log_curated,log_evidence,Remote curated train/eval log after experiment-path filter.
I:\,2026-05-12,LANCET/LBM,schrodingerbridge_grid_search,schrodingerbridge_grid_search,512,logs,train_or_eval_log,,,,,,,,,,,,s,,,,,,,log_found,I:\Github\Latent_Style\SchrodingerBridge\archives\exp_archive_20260526_051703\remote_exp_legacy\next_round_80\E002\logs\training_20260512_005219.csv,remote_training_log_curated,log_evidence,Remote curated train/eval log after experiment-path filter.
I:\,2026-05-12,LANCET/LBM,schrodingerbridge_grid_search,schrodingerbridge_grid_search,512,logs,train_or_eval_log,,,,,,,,,,,,s,,,,,,,log_found,I:\Github\Latent_Style\SchrodingerBridge\archives\exp_archive_20260526_051703\remote_exp_legacy\next_round_80\E003\logs\training_20260512_011450.csv,remote_training_log_curated,log_evidence,Remote curated train/eval log after experiment-path filter.
I:\,2026-05-12,LANCET/LBM,schrodingerbridge_grid_search,schrodingerbridge_grid_search,512,logs,train_or_eval_log,,,,,,,,,,,,s,,,,,,,log_found,I:\Github\Latent_Style\SchrodingerBridge\archives\exp_archive_20260526_051703\remote_exp_legacy\next_round_80\E004\logs\training_20260512_013715.csv,remote_training_log_curated,log_evidence,Remote curated train/eval log after experiment-path filter.
I:\,2026-05-12,LANCET/LBM,schrodingerbridge_grid_search,schrodingerbridge_grid_search,512,logs,train_or_eval_log,,,,,,,,,,,,s,,,,,,,log_found,I:\Github\Latent_Style\SchrodingerBridge\archives\exp_archive_20260526_051703\remote_exp_legacy\next_round_80\E005\logs\training_20260512_015937.csv,remote_training_log_curated,log_evidence,Remote curated train/eval log after experiment-path filter.
I:\,2026-05-12,LANCET/LBM,schrodingerbridge_grid_search,schrodingerbridge_grid_search,512,logs,train_or_eval_log,,,,,,,,,,,,s,,,,,,,log_found,I:\Github\Latent_Style\SchrodingerBridge\archives\exp_archive_20260526_051703\remote_exp_legacy\next_round_80\E006\logs\training_20260512_022200.csv,remote_training_log_curated,log_evidence,Remote curated train/eval log after experiment-path filter.
I:\,2026-05-12,LANCET/LBM,schrodingerbridge_grid_search,schrodingerbridge_grid_search,512,logs,train_or_eval_log,,,,,,,,,,,,s,,,,,,,log_found,I:\Github\Latent_Style\SchrodingerBridge\archives\exp_archive_20260526_051703\remote_exp_legacy\next_round_80\E007\logs\training_20260512_024424.csv,remote_training_log_curated,log_evidence,Remote curated train/eval log after experiment-path filter.
I:\,2026-05-12,LANCET/LBM,schrodingerbridge_grid_search,schrodingerbridge_grid_search,512,logs,train_or_eval_log,,,,,,,,,,,,s,,,,,,,log_found,I:\Github\Latent_Style\SchrodingerBridge\archives\exp_archive_20260526_051703\remote_exp_legacy\next_round_80\E008\logs\training_20260512_030646.csv,remote_training_log_curated,log_evidence,Remote curated train/eval log after experiment-path filter.
I:\,2026-05-12,LANCET/LBM,schrodingerbridge_grid_search,schrodingerbridge_grid_search,512,logs,train_or_eval_log,,,,,,,,,,,,s,,,,,,,log_found,I:\Github\Latent_Style\SchrodingerBridge\archives\exp_archive_20260526_051703\remote_exp_legacy\next_round_80\E009\logs\training_20260512_032909.csv,remote_training_log_curated,log_evidence,Remote curated train/eval log after experiment-path filter.
I:\,2026-05-12,LANCET/LBM,schrodingerbridge_grid_search,schrodingerbridge_grid_search,512,logs,train_or_eval_log,,,,,,,,,,,,s,,,,,,,log_found,I:\Github\Latent_Style\SchrodingerBridge\archives\exp_archive_20260526_051703\remote_exp_legacy\next_round_80\E010\logs\training_20260512_035132.csv,remote_training_log_curated,log_evidence,Remote curated train/eval log after experiment-path filter.
I:\,2026-05-12,LANCET/LBM,schrodingerbridge_grid_search,schrodingerbridge_grid_search,512,logs,train_or_eval_log,,,,,,,,,,,,s,,,,,,,log_found,I:\Github\Latent_Style\SchrodingerBridge\archives\exp_archive_20260526_051703\remote_exp_legacy\next_round_80\E011\logs\training_20260512_041355.csv,remote_training_log_curated,log_evidence,Remote curated train/eval log after experiment-path filter.
I:\,2026-05-12,LANCET/LBM,schrodingerbridge_grid_search,schrodingerbridge_grid_search,512,logs,train_or_eval_log,,,,,,,,,,,,s,,,,,,,log_found,I:\Github\Latent_Style\SchrodingerBridge\archives\exp_archive_20260526_051703\remote_exp_legacy\next_round_80\E012\logs\training_20260512_043618.csv,remote_training_log_curated,log_evidence,Remote curated train/eval log after experiment-path filter.
I:\,2026-05-12,LANCET/LBM,schrodingerbridge_grid_search,schrodingerbridge_grid_search,512,logs,train_or_eval_log,,,,,,,,,,,,s,,,,,,,log_found,I:\Github\Latent_Style\SchrodingerBridge\archives\exp_archive_20260526_051703\remote_exp_legacy\next_round_80\E013\logs\training_20260512_045843.csv,remote_training_log_curated,log_evidence,Remote curated train/eval log after experiment-path filter.
I:\,2026-05-12,LANCET/LBM,schrodingerbridge_grid_search,schrodingerbridge_grid_search,512,logs,train_or_eval_log,,,,,,,,,,,,s,,,,,,,log_found,I:\Github\Latent_Style\SchrodingerBridge\archives\exp_archive_20260526_051703\remote_exp_legacy\next_round_80\E014\logs\training_20260512_052107.csv,remote_training_log_curated,log_evidence,Remote curated train/eval log after experiment-path filter.
I:\,2026-05-12,LANCET/LBM,schrodingerbridge_grid_search,schrodingerbridge_grid_search,512,logs,train_or_eval_log,,,,,,,,,,,,s,,,,,,,log_found,I:\Github\Latent_Style\SchrodingerBridge\archives\exp_archive_20260526_051703\remote_exp_legacy\next_round_80\E015\logs\training_20260512_054331.csv,remote_training_log_curated,log_evidence,Remote curated train/eval log after experiment-path filter.
I:\,2026-05-12,LANCET/LBM,schrodingerbridge_grid_search,schrodingerbridge_grid_search,512,logs,train_or_eval_log,,,,,,,,,,,,s,,,,,,,log_found,I:\Github\Latent_Style\SchrodingerBridge\archives\exp_archive_20260526_051703\remote_exp_legacy\next_round_80\E016\logs\training_20260512_060556.csv,remote_training_log_curated,log_evidence,Remote curated train/eval log after experiment-path filter.
I:\,2026-05-12,LANCET/LBM,schrodingerbridge_grid_search,schrodingerbridge_grid_search,512,logs,train_or_eval_log,,,,,,,,,,,,s,,,,,,,log_found,I:\Github\Latent_Style\SchrodingerBridge\archives\exp_archive_20260526_051703\remote_exp_legacy\next_round_80\E017\logs\training_20260512_062821.csv,remote_training_log_curated,log_evidence,Remote curated train/eval log after experiment-path filter.
I:\,2026-05-12,LANCET/LBM,schrodingerbridge_grid_search,schrodingerbridge_grid_search,512,logs,train_or_eval_log,,,,,,,,,,,,s,,,,,,,log_found,I:\Github\Latent_Style\SchrodingerBridge\archives\exp_archive_20260526_051703\remote_exp_legacy\next_round_80\E018\logs\training_20260512_065047.csv,remote_training_log_curated,log_evidence,Remote curated train/eval log after experiment-path filter.
I:\,2026-05-12,LANCET/LBM,schrodingerbridge_grid_search,schrodingerbridge_grid_search,512,logs,train_or_eval_log,,,,,,,,,,,,s,,,,,,,log_found,I:\Github\Latent_Style\SchrodingerBridge\archives\exp_archive_20260526_051703\remote_exp_legacy\next_round_80\E019\logs\training_20260512_071314.csv,remote_training_log_curated,log_evidence,Remote curated train/eval log after experiment-path filter.
I:\,2026-05-12,LANCET/LBM,schrodingerbridge_grid_search,schrodingerbridge_grid_search,512,logs,train_or_eval_log,,,,,,,,,,,,s,,,,,,,log_found,I:\Github\Latent_Style\SchrodingerBridge\archives\exp_archive_20260526_051703\remote_exp_legacy\next_round_80\E020\logs\training_20260512_073537.csv,remote_training_log_curated,log_evidence,Remote curated train/eval log after experiment-path filter.
I:\,2026-05-12,LANCET/LBM,schrodingerbridge_grid_search,schrodingerbridge_grid_search,512,logs,train_or_eval_log,,,,,,,,,,,,s,,,,,,,log_found,I:\Github\Latent_Style\SchrodingerBridge\archives\exp_archive_20260526_051703\remote_exp_legacy\next_round_80\E021\logs\training_20260512_075802.csv,remote_training_log_curated,log_evidence,Remote curated train/eval log after experiment-path filter.
I:\,2026-05-12,LANCET/LBM,schrodingerbridge_grid_search,schrodingerbridge_grid_search,,epoch_0004,full_eval_or_summary,,,,,,,,,,,,,,,,,,,summary_found,I:\Github\Latent_Style\SchrodingerBridge\archives\exp_archive_20260526_051703\remote_exp_legacy\next_round_80\E022\full_eval\epoch_0004\summary.json,remote_summary_json_curated,summary_evidence,Remote curated summary.json after experiment-path filter.
I:\,2026-05-12,LANCET/LBM,schrodingerbridge_grid_search,schrodingerbridge_grid_search,512,logs,train_or_eval_log,,,,,,,,,,,,s,,,,,,,log_found,I:\Github\Latent_Style\SchrodingerBridge\archives\exp_archive_20260526_051703\remote_exp_legacy\next_round_80\E022\logs\training_20260512_082028.csv,remote_training_log_curated,log_evidence,Remote curated train/eval log after experiment-path filter.
I:\,2026-05-12,LANCET/LBM,schrodingerbridge_grid_search,schrodingerbridge_grid_search,512,logs,train_or_eval_log,,,,,,,,,,,,s,,,,,,,log_found,I:\Github\Latent_Style\SchrodingerBridge\archives\exp_archive_20260526_051703\remote_exp_legacy\next_round_80\E023\logs\training_20260512_084257.csv,remote_training_log_curated,log_evidence,Remote curated train/eval log after experiment-path filter.
I:\,2026-05-12,LANCET/LBM,schrodingerbridge_grid_search,schrodingerbridge_grid_search,512,logs,train_or_eval_log,,,,,,,,,,,,s,,,,,,,log_found,I:\Github\Latent_Style\SchrodingerBridge\archives\exp_archive_20260526_051703\remote_exp_legacy\next_round_80\E024\logs\training_20260512_090524.csv,remote_training_log_curated,log_evidence,Remote curated train/eval log after experiment-path filter.
I:\,2026-05-12,LANCET/LBM,schrodingerbridge_grid_search,schrodingerbridge_grid_search,512,logs,train_or_eval_log,,,,,,,,,,,,s,,,,,,,log_found,I:\Github\Latent_Style\SchrodingerBridge\archives\exp_archive_20260526_051703\remote_exp_legacy\next_round_80\E025\logs\training_20260512_092755.csv,remote_training_log_curated,log_evidence,Remote curated train/eval log after experiment-path filter.
I:\,2026-05-12,LANCET/LBM,schrodingerbridge_grid_search,schrodingerbridge_grid_search,512,logs,train_or_eval_log,,,,,,,,,,,,s,,,,,,,log_found,I:\Github\Latent_Style\SchrodingerBridge\archives\exp_archive_20260526_051703\remote_exp_legacy\next_round_80\E026\logs\training_20260512_095021.csv,remote_training_log_curated,log_evidence,Remote curated train/eval log after experiment-path filter.
I:\,2026-05-12,LANCET/LBM,schrodingerbridge_grid_search,schrodingerbridge_grid_search,512,logs,train_or_eval_log,,,,,,,,,,,,s,,,,,,,log_found,I:\Github\Latent_Style\SchrodingerBridge\archives\exp_archive_20260526_051703\remote_exp_legacy\next_round_80\E027\logs\training_20260512_101231.csv,remote_training_log_curated,log_evidence,Remote curated train/eval log after experiment-path filter.
I:\,2026-05-12,LANCET/LBM,schrodingerbridge_grid_search,schrodingerbridge_grid_search,512,logs,train_or_eval_log,,,,,,,,,,,,s,,,,,,,log_found,I:\Github\Latent_Style\SchrodingerBridge\archives\exp_archive_20260526_051703\remote_exp_legacy\next_round_80\E028\logs\training_20260512_103458.csv,remote_training_log_curated,log_evidence,Remote curated train/eval log after experiment-path filter.
I:\,2026-05-12,LANCET/LBM,schrodingerbridge_grid_search,schrodingerbridge_grid_search,512,logs,train_or_eval_log,,,,,,,,,,,,s,,,,,,,log_found,I:\Github\Latent_Style\SchrodingerBridge\archives\exp_archive_20260526_051703\remote_exp_legacy\next_round_80\E029\logs\training_20260512_105705.csv,remote_training_log_curated,log_evidence,Remote curated train/eval log after experiment-path filter.
I:\,2026-05-12,LANCET/LBM,schrodingerbridge_grid_search,schrodingerbridge_grid_search,512,logs,train_or_eval_log,,,,,,,,,,,,s,,,,,,,log_found,I:\Github\Latent_Style\SchrodingerBridge\archives\exp_archive_20260526_051703\remote_exp_legacy\next_round_80\E030\logs\training_20260512_111932.csv,remote_training_log_curated,log_evidence,Remote curated train/eval log after experiment-path filter.
I:\,2026-05-12,LANCET/LBM,schrodingerbridge_grid_search,schrodingerbridge_grid_search,512,logs,train_or_eval_log,,,,,,,,,,,,s,,,,,,,log_found,I:\Github\Latent_Style\SchrodingerBridge\archives\exp_archive_20260526_051703\remote_exp_legacy\next_round_80\E031\logs\training_20260512_114130.csv,remote_training_log_curated,log_evidence,Remote curated train/eval log after experiment-path filter.
I:\,2026-05-12,LANCET/LBM,schrodingerbridge_grid_search,schrodingerbridge_grid_search,512,logs,train_or_eval_log,,,,,,,,,,,,s,,,,,,,log_found,I:\Github\Latent_Style\SchrodingerBridge\archives\exp_archive_20260526_051703\remote_exp_legacy\next_round_80\E032\logs\training_20260512_120300.csv,remote_training_log_curated,log_evidence,Remote curated train/eval log after experiment-path filter.
I:\,2026-05-12,LANCET/LBM,schrodingerbridge_grid_search,schrodingerbridge_grid_search,512,logs,train_or_eval_log,,,,,,,,,,,,s,,,,,,,log_found,I:\Github\Latent_Style\SchrodingerBridge\archives\exp_archive_20260526_051703\remote_exp_legacy\next_round_80\E033\logs\training_20260512_122434.csv,remote_training_log_curated,log_evidence,Remote curated train/eval log after experiment-path filter.
I:\,2026-05-12,LANCET/LBM,schrodingerbridge_grid_search,schrodingerbridge_grid_search,512,logs,train_or_eval_log,,,,,,,,,,,,s,,,,,,,log_found,I:\Github\Latent_Style\SchrodingerBridge\archives\exp_archive_20260526_051703\remote_exp_legacy\next_round_80\E034\logs\training_20260512_124606.csv,remote_training_log_curated,log_evidence,Remote curated train/eval log after experiment-path filter.
I:\,2026-05-12,LANCET/LBM,schrodingerbridge_grid_search,schrodingerbridge_grid_search,512,logs,train_or_eval_log,,,,,,,,,,,,s,,,,,,,log_found,I:\Github\Latent_Style\SchrodingerBridge\archives\exp_archive_20260526_051703\remote_exp_legacy\next_round_80\E035\logs\training_20260512_130737.csv,remote_training_log_curated,log_evidence,Remote curated train/eval log after experiment-path filter.
I:\,2026-05-12,LANCET/LBM,schrodingerbridge_grid_search,schrodingerbridge_grid_search,512,logs,train_or_eval_log,,,,,,,,,,,,s,,,,,,,log_found,I:\Github\Latent_Style\SchrodingerBridge\archives\exp_archive_20260526_051703\remote_exp_legacy\next_round_80\E036\logs\training_20260512_132908.csv,remote_training_log_curated,log_evidence,Remote curated train/eval log after experiment-path filter.
I:\,2026-05-12,LANCET/LBM,schrodingerbridge_grid_search,schrodingerbridge_grid_search,512,logs,train_or_eval_log,,,,,,,,,,,,s,,,,,,,log_found,I:\Github\Latent_Style\SchrodingerBridge\archives\exp_archive_20260526_051703\remote_exp_legacy\next_round_80\E037\logs\training_20260512_135041.csv,remote_training_log_curated,log_evidence,Remote curated train/eval log after experiment-path filter.
I:\,2026-05-12,LANCET/LBM,schrodingerbridge_grid_search,schrodingerbridge_grid_search,512,logs,train_or_eval_log,,,,,,,,,,,,s,,,,,,,log_found,I:\Github\Latent_Style\SchrodingerBridge\archives\exp_archive_20260526_051703\remote_exp_legacy\next_round_80\E038\logs\training_20260512_141212.csv,remote_training_log_curated,log_evidence,Remote curated train/eval log after experiment-path filter.
I:\,2026-05-12,LANCET/LBM,schrodingerbridge_grid_search,schrodingerbridge_grid_search,512,logs,train_or_eval_log,,,,,,,,,,,,s,,,,,,,log_found,I:\Github\Latent_Style\SchrodingerBridge\archives\exp_archive_20260526_051703\remote_exp_legacy\next_round_80\E039\logs\training_20260512_143345.csv,remote_training_log_curated,log_evidence,Remote curated train/eval log after experiment-path filter.
I:\,2026-05-12,LANCET/LBM,schrodingerbridge_grid_search,schrodingerbridge_grid_search,512,logs,train_or_eval_log,,,,,,,,,,,,s,,,,,,,log_found,I:\Github\Latent_Style\SchrodingerBridge\archives\exp_archive_20260526_051703\remote_exp_legacy\next_round_80\E040\logs\training_20260512_145518.csv,remote_training_log_curated,log_evidence,Remote curated train/eval log after experiment-path filter.
I:\,2026-05-12,LANCET/LBM,schrodingerbridge_grid_search,schrodingerbridge_grid_search,512,logs,train_or_eval_log,,,,,,,,,,,,s,,,,,,,log_found,I:\Github\Latent_Style\SchrodingerBridge\archives\exp_archive_20260526_051703\remote_exp_legacy\next_round_80\E041\logs\training_20260512_151659.csv,remote_training_log_curated,log_evidence,Remote curated train/eval log after experiment-path filter.
I:\,2026-05-12,LANCET/LBM,schrodingerbridge_grid_search,schrodingerbridge_grid_search,512,logs,train_or_eval_log,,,,,,,,,,,,s,,,,,,,log_found,I:\Github\Latent_Style\SchrodingerBridge\archives\exp_archive_20260526_051703\remote_exp_legacy\next_round_80\E042\logs\training_20260512_153826.csv,remote_training_log_curated,log_evidence,Remote curated train/eval log after experiment-path filter.
I:\,2026-05-12,LANCET/LBM,schrodingerbridge_grid_search,schrodingerbridge_grid_search,512,logs,train_or_eval_log,,,,,,,,,,,,s,,,,,,,log_found,I:\Github\Latent_Style\SchrodingerBridge\archives\exp_archive_20260526_051703\remote_exp_legacy\next_round_80\E043\logs\training_20260512_155945.csv,remote_training_log_curated,log_evidence,Remote curated train/eval log after experiment-path filter.
I:\,2026-05-12,LANCET/LBM,schrodingerbridge_grid_search,schrodingerbridge_grid_search,512,logs,train_or_eval_log,,,,,,,,,,,,s,,,,,,,log_found,I:\Github\Latent_Style\SchrodingerBridge\archives\exp_archive_20260526_051703\remote_exp_legacy\next_round_80\E044\logs\training_20260512_162057.csv,remote_training_log_curated,log_evidence,Remote curated train/eval log after experiment-path filter.
I:\,2026-05-12,LANCET/LBM,schrodingerbridge_grid_search,schrodingerbridge_grid_search,512,logs,train_or_eval_log,,,,,,,,,,,,s,,,,,,,log_found,I:\Github\Latent_Style\SchrodingerBridge\archives\exp_archive_20260526_051703\remote_exp_legacy\next_round_80\E045\logs\training_20260512_164212.csv,remote_training_log_curated,log_evidence,Remote curated train/eval log after experiment-path filter.
I:\,2026-05-12,LANCET/LBM,schrodingerbridge_grid_search,schrodingerbridge_grid_search,512,logs,train_or_eval_log,,,,,,,,,,,,s,,,,,,,log_found,I:\Github\Latent_Style\SchrodingerBridge\archives\exp_archive_20260526_051703\remote_exp_legacy\next_round_80\E046\logs\training_20260512_170327.csv,remote_training_log_curated,log_evidence,Remote curated train/eval log after experiment-path filter.
I:\,2026-05-12,LANCET/LBM,schrodingerbridge_grid_search,schrodingerbridge_grid_search,512,logs,train_or_eval_log,,,,,,,,,,,,s,,,,,,,log_found,I:\Github\Latent_Style\SchrodingerBridge\archives\exp_archive_20260526_051703\remote_exp_legacy\next_round_80\E047\logs\training_20260512_172448.csv,remote_training_log_curated,log_evidence,Remote curated train/eval log after experiment-path filter.
I:\,2026-05-12,LANCET/LBM,schrodingerbridge_grid_search,schrodingerbridge_grid_search,512,logs,train_or_eval_log,,,,,,,,,,,,s,,,,,,,log_found,I:\Github\Latent_Style\SchrodingerBridge\archives\exp_archive_20260526_051703\remote_exp_legacy\next_round_80\E048\logs\training_20260512_174614.csv,remote_training_log_curated,log_evidence,Remote curated train/eval log after experiment-path filter.
I:\,2026-05-12,LANCET/LBM,schrodingerbridge_grid_search,schrodingerbridge_grid_search,512,logs,train_or_eval_log,,,,,,,,,,,,s,,,,,,,log_found,I:\Github\Latent_Style\SchrodingerBridge\archives\exp_archive_20260526_051703\remote_exp_legacy\next_round_80\E049\logs\training_20260512_180813.csv,remote_training_log_curated,log_evidence,Remote curated train/eval log after experiment-path filter.
I:\,2026-05-12,LANCET/LBM,schrodingerbridge_grid_search,schrodingerbridge_grid_search,512,logs,train_or_eval_log,,,,,,,,,,,,s,,,,,,,log_found,I:\Github\Latent_Style\SchrodingerBridge\archives\exp_archive_20260526_051703\remote_exp_legacy\next_round_80\E050\logs\training_20260512_183014.csv,remote_training_log_curated,log_evidence,Remote curated train/eval log after experiment-path filter.
I:\,2026-05-12,LANCET/LBM,schrodingerbridge_grid_search,schrodingerbridge_grid_search,512,logs,train_or_eval_log,,,,,,,,,,,,s,,,,,,,log_found,I:\Github\Latent_Style\SchrodingerBridge\archives\exp_archive_20260526_051703\remote_exp_legacy\next_round_80\E051\logs\training_20260512_185214.csv,remote_training_log_curated,log_evidence,Remote curated train/eval log after experiment-path filter.
I:\,2026-05-12,LANCET/LBM,schrodingerbridge_grid_search,schrodingerbridge_grid_search,512,logs,train_or_eval_log,,,,,,,,,,,,s,,,,,,,log_found,I:\Github\Latent_Style\SchrodingerBridge\archives\exp_archive_20260526_051703\remote_exp_legacy\next_round_80\E052\logs\training_20260512_191412.csv,remote_training_log_curated,log_evidence,Remote curated train/eval log after experiment-path filter.
I:\,2026-05-12,LANCET/LBM,schrodingerbridge_grid_search,schrodingerbridge_grid_search,512,logs,train_or_eval_log,,,,,,,,,,,,s,,,,,,,log_found,I:\Github\Latent_Style\SchrodingerBridge\archives\exp_archive_20260526_051703\remote_exp_legacy\next_round_80\E053\logs\training_20260512_193632.csv,remote_training_log_curated,log_evidence,Remote curated train/eval log after experiment-path filter.
I:\,2026-05-12,LANCET/LBM,schrodingerbridge_grid_search,schrodingerbridge_grid_search,512,logs,train_or_eval_log,,,,,,,,,,,,s,,,,,,,log_found,I:\Github\Latent_Style\SchrodingerBridge\archives\exp_archive_20260526_051703\remote_exp_legacy\next_round_80\E054\logs\training_20260512_200006.csv,remote_training_log_curated,log_evidence,Remote curated train/eval log after experiment-path filter.
I:\,2026-05-12,LANCET/LBM,schrodingerbridge_grid_search,schrodingerbridge_grid_search,512,logs,train_or_eval_log,,,,,,,,,,,,s,,,,,,,log_found,I:\Github\Latent_Style\SchrodingerBridge\archives\exp_archive_20260526_051703\remote_exp_legacy\next_round_80\E055\logs\training_20260512_202356.csv,remote_training_log_curated,log_evidence,Remote curated train/eval log after experiment-path filter.
I:\,2026-05-12,LANCET/LBM,schrodingerbridge_grid_search,schrodingerbridge_grid_search,512,logs,train_or_eval_log,,,,,,,,,,,,s,,,,,,,log_found,I:\Github\Latent_Style\SchrodingerBridge\archives\exp_archive_20260526_051703\remote_exp_legacy\next_round_80\E056\logs\training_20260512_204750.csv,remote_training_log_curated,log_evidence,Remote curated train/eval log after experiment-path filter.
I:\,2026-05-12,LANCET/LBM,schrodingerbridge_grid_search,schrodingerbridge_grid_search,512,logs,train_or_eval_log,,,,,,,,,,,,s,,,,,,,log_found,I:\Github\Latent_Style\SchrodingerBridge\archives\exp_archive_20260526_051703\remote_exp_legacy\next_round_80\E057\logs\training_20260512_211139.csv,remote_training_log_curated,log_evidence,Remote curated train/eval log after experiment-path filter.
I:\,2026-05-12,LANCET/LBM,schrodingerbridge_grid_search,schrodingerbridge_grid_search,512,logs,train_or_eval_log,,,,,,,,,,,,s,,,,,,,log_found,I:\Github\Latent_Style\SchrodingerBridge\archives\exp_archive_20260526_051703\remote_exp_legacy\next_round_80\E058\logs\training_20260512_213532.csv,remote_training_log_curated,log_evidence,Remote curated train/eval log after experiment-path filter.
I:\,2026-05-12,LANCET/LBM,schrodingerbridge_grid_search,schrodingerbridge_grid_search,512,logs,train_or_eval_log,,,,,,,,,,,,s,,,,,,,log_found,I:\Github\Latent_Style\SchrodingerBridge\archives\exp_archive_20260526_051703\remote_exp_legacy\next_round_80\E059\logs\training_20260512_220029.csv,remote_training_log_curated,log_evidence,Remote curated train/eval log after experiment-path filter.
I:\,2026-05-12,LANCET/LBM,schrodingerbridge_grid_search,schrodingerbridge_grid_search,512,logs,train_or_eval_log,,,,,,,,,,,,s,,,,,,,log_found,I:\Github\Latent_Style\SchrodingerBridge\archives\exp_archive_20260526_051703\remote_exp_legacy\next_round_80\E060\logs\training_20260512_222518.csv,remote_training_log_curated,log_evidence,Remote curated train/eval log after experiment-path filter.
I:\,2026-05-12,LANCET/LBM,schrodingerbridge_grid_search,schrodingerbridge_grid_search,512,logs,train_or_eval_log,,,,,,,,,,,,s,,,,,,,log_found,I:\Github\Latent_Style\SchrodingerBridge\archives\exp_archive_20260526_051703\remote_exp_legacy\next_round_80\E061\logs\training_20260512_224958.csv,remote_training_log_curated,log_evidence,Remote curated train/eval log after experiment-path filter.
I:\,2026-05-12,LANCET/LBM,schrodingerbridge_grid_search,schrodingerbridge_grid_search,512,logs,train_or_eval_log,,,,,,,,,,,,s,,,,,,,log_found,I:\Github\Latent_Style\SchrodingerBridge\archives\exp_archive_20260526_051703\remote_exp_legacy\next_round_80\E062\logs\training_20260512_231339.csv,remote_training_log_curated,log_evidence,Remote curated train/eval log after experiment-path filter.
I:\,2026-05-12,LANCET/LBM,schrodingerbridge_grid_search,schrodingerbridge_grid_search,512,logs,train_or_eval_log,,,,,,,,,,,,s,,,,,,,log_found,I:\Github\Latent_Style\SchrodingerBridge\archives\exp_archive_20260526_051703\remote_exp_legacy\next_round_80\E063\logs\training_20260512_233556.csv,remote_training_log_curated,log_evidence,Remote curated train/eval log after experiment-path filter.
I:\,2026-05-13,LANCET/LBM,schrodingerbridge_grid_search,schrodingerbridge_grid_search,512,logs,train_or_eval_log,,,,,,,,,,,,s,,,,,,,log_found,I:\Github\Latent_Style\SchrodingerBridge\archives\exp_archive_20260526_051703\remote_exp_legacy\next_round_80\E064\logs\training_20260512_235804.csv,remote_training_log_curated,log_evidence,Remote curated train/eval log after experiment-path filter.
I:\,2026-05-13,LANCET/LBM,schrodingerbridge_grid_search,schrodingerbridge_grid_search,,logs,train_or_eval_log,,,,,,,,,,,,s,,,,,,,log_found,I:\Github\Latent_Style\SchrodingerBridge\archives\exp_archive_20260526_051703\remote_exp_legacy\next_round_80\E065\logs\training_20260513_002013.csv,remote_training_log_curated,log_evidence,Remote curated train/eval log after experiment-path filter.
I:\,2026-05-13,LANCET/LBM,schrodingerbridge_grid_search,schrodingerbridge_grid_search,,logs,train_or_eval_log,,,,,,,,,,,,s,,,,,,,log_found,I:\Github\Latent_Style\SchrodingerBridge\archives\exp_archive_20260526_051703\remote_exp_legacy\next_round_80\E066\logs\training_20260513_004223.csv,remote_training_log_curated,log_evidence,Remote curated train/eval log after experiment-path filter.
I:\,2026-05-13,LANCET/LBM,schrodingerbridge_grid_search,schrodingerbridge_grid_search,,logs,train_or_eval_log,,,,,,,,,,,,s,,,,,,,log_found,I:\Github\Latent_Style\SchrodingerBridge\archives\exp_archive_20260526_051703\remote_exp_legacy\next_round_80\E067\logs\training_20260513_010439.csv,remote_training_log_curated,log_evidence,Remote curated train/eval log after experiment-path filter.
I:\,2026-05-13,LANCET/LBM,schrodingerbridge_grid_search,schrodingerbridge_grid_search,,logs,train_or_eval_log,,,,,,,,,,,,s,,,,,,,log_found,I:\Github\Latent_Style\SchrodingerBridge\archives\exp_archive_20260526_051703\remote_exp_legacy\next_round_80\E068\logs\training_20260513_012710.csv,remote_training_log_curated,log_evidence,Remote curated train/eval log after experiment-path filter.
I:\,2026-05-13,LANCET/LBM,schrodingerbridge_grid_search,schrodingerbridge_grid_search,,logs,train_or_eval_log,,,,,,,,,,,,s,,,,,,,log_found,I:\Github\Latent_Style\SchrodingerBridge\archives\exp_archive_20260526_051703\remote_exp_legacy\next_round_80\E069\logs\training_20260513_014953.csv,remote_training_log_curated,log_evidence,Remote curated train/eval log after experiment-path filter.
I:\,2026-05-13,LANCET/LBM,schrodingerbridge_grid_search,schrodingerbridge_grid_search,,logs,train_or_eval_log,,,,,,,,,,,,s,,,,,,,log_found,I:\Github\Latent_Style\SchrodingerBridge\archives\exp_archive_20260526_051703\remote_exp_legacy\next_round_80\E070\logs\training_20260513_021336.csv,remote_training_log_curated,log_evidence,Remote curated train/eval log after experiment-path filter.
I:\,2026-05-13,LANCET/LBM,schrodingerbridge_grid_search,schrodingerbridge_grid_search,,logs,train_or_eval_log,,,,,,,,,,,,s,,,,,,,log_found,I:\Github\Latent_Style\SchrodingerBridge\archives\exp_archive_20260526_051703\remote_exp_legacy\next_round_80\E071\logs\training_20260513_023717.csv,remote_training_log_curated,log_evidence,Remote curated train/eval log after experiment-path filter.
I:\,2026-05-13,LANCET/LBM,schrodingerbridge_grid_search,schrodingerbridge_grid_search,,logs,train_or_eval_log,,,,,,,,,,,,s,,,,,,,log_found,I:\Github\Latent_Style\SchrodingerBridge\archives\exp_archive_20260526_051703\remote_exp_legacy\next_round_80\E072\logs\training_20260513_030234.csv,remote_training_log_curated,log_evidence,Remote curated train/eval log after experiment-path filter.
I:\,2026-05-13,LANCET/LBM,schrodingerbridge_grid_search,schrodingerbridge_grid_search,,logs,train_or_eval_log,,,,,,,,,,,,s,,,,,,,log_found,I:\Github\Latent_Style\SchrodingerBridge\archives\exp_archive_20260526_051703\remote_exp_legacy\next_round_80\E073\logs\training_20260513_032646.csv,remote_training_log_curated,log_evidence,Remote curated train/eval log after experiment-path filter.
I:\,2026-05-13,LANCET/LBM,schrodingerbridge_grid_search,schrodingerbridge_grid_search,,logs,train_or_eval_log,,,,,,,,,,,,s,,,,,,,log_found,I:\Github\Latent_Style\SchrodingerBridge\archives\exp_archive_20260526_051703\remote_exp_legacy\next_round_80\E074\logs\training_20260513_034945.csv,remote_training_log_curated,log_evidence,Remote curated train/eval log after experiment-path filter.
I:\,2026-05-13,LANCET/LBM,schrodingerbridge_grid_search,schrodingerbridge_grid_search,,logs,train_or_eval_log,,,,,,,,,,,,s,,,,,,,log_found,I:\Github\Latent_Style\SchrodingerBridge\archives\exp_archive_20260526_051703\remote_exp_legacy\next_round_80\E075\logs\training_20260513_041331.csv,remote_training_log_curated,log_evidence,Remote curated train/eval log after experiment-path filter.
I:\,2026-05-13,LANCET/LBM,schrodingerbridge_grid_search,schrodingerbridge_grid_search,,logs,train_or_eval_log,,,,,,,,,,,,s,,,,,,,log_found,I:\Github\Latent_Style\SchrodingerBridge\archives\exp_archive_20260526_051703\remote_exp_legacy\next_round_80\E076\logs\training_20260513_043628.csv,remote_training_log_curated,log_evidence,Remote curated train/eval log after experiment-path filter.
I:\,2026-05-13,LANCET/LBM,schrodingerbridge_grid_search,schrodingerbridge_grid_search,,logs,train_or_eval_log,,,,,,,,,,,,s,,,,,,,log_found,I:\Github\Latent_Style\SchrodingerBridge\archives\exp_archive_20260526_051703\remote_exp_legacy\next_round_80\E077\logs\training_20260513_045935.csv,remote_training_log_curated,log_evidence,Remote curated train/eval log after experiment-path filter.
I:\,2026-05-13,LANCET/LBM,schrodingerbridge_grid_search,schrodingerbridge_grid_search,,logs,train_or_eval_log,,,,,,,,,,,,s,,,,,,,log_found,I:\Github\Latent_Style\SchrodingerBridge\archives\exp_archive_20260526_051703\remote_exp_legacy\next_round_80\E078\logs\training_20260513_052246.csv,remote_training_log_curated,log_evidence,Remote curated train/eval log after experiment-path filter.
I:\,2026-05-13,LANCET/LBM,schrodingerbridge_grid_search,schrodingerbridge_grid_search,,logs,train_or_eval_log,,,,,,,,,,,,s,,,,,,,log_found,I:\Github\Latent_Style\SchrodingerBridge\archives\exp_archive_20260526_051703\remote_exp_legacy\next_round_80\E079\logs\training_20260513_054558.csv,remote_training_log_curated,log_evidence,Remote curated train/eval log after experiment-path filter.
I:\,2026-05-13,LANCET/LBM,schrodingerbridge_grid_search,schrodingerbridge_grid_search,,logs,train_or_eval_log,,,,,,,,,,,,s,,,,,,,log_found,I:\Github\Latent_Style\SchrodingerBridge\archives\exp_archive_20260526_051703\remote_exp_legacy\next_round_80\E080\logs\training_20260513_060903.csv,remote_training_log_curated,log_evidence,Remote curated train/eval log after experiment-path filter.
I:\,2026-05-30,LANCET/LBM,schrodingerbridge_grid_search,schrodingerbridge_grid_search,,epoch_0001,full_eval_or_summary,,,,,,,,,,,,,,,,,,,summary_found,I:\Github\Latent_Style_TokenizerClean\SchrodingerBridge\archives\old_experiment_dirs\grid_search_3epoch\S-none_K-1_C-0_W-10_Col-0\full_eval\epoch_0001\summary.json,remote_summary_json_curated,summary_evidence,Remote curated summary.json after experiment-path filter.
I:\,2026-05-30,LANCET/LBM,schrodingerbridge_grid_search,schrodingerbridge_grid_search,,epoch_0002,full_eval_or_summary,,,,,,,,,,,,,,,,,,,summary_found,I:\Github\Latent_Style_TokenizerClean\SchrodingerBridge\archives\old_experiment_dirs\grid_search_3epoch\S-none_K-1_C-0_W-10_Col-0\full_eval\epoch_0002\summary.json,remote_summary_json_curated,summary_evidence,Remote curated summary.json after experiment-path filter.
I:\,2026-05-30,LANCET/LBM,schrodingerbridge_grid_search,schrodingerbridge_grid_search,,epoch_0003,full_eval_or_summary,,,,,,,,,,,,,,,,,,,summary_found,I:\Github\Latent_Style_TokenizerClean\SchrodingerBridge\archives\old_experiment_dirs\grid_search_3epoch\S-none_K-1_C-0_W-10_Col-0\full_eval\epoch_0003\summary.json,remote_summary_json_curated,summary_evidence,Remote curated summary.json after experiment-path filter.
I:\,2026-05-30,LANCET/LBM,schrodingerbridge_grid_search,schrodingerbridge_grid_search,,epoch_0004,full_eval_or_summary,,,,,,,,,,,,,,,,,,,summary_found,I:\Github\Latent_Style_TokenizerClean\SchrodingerBridge\archives\old_experiment_dirs\grid_search_3epoch\S-none_K-1_C-0_W-10_Col-0\full_eval\epoch_0004\summary.json,remote_summary_json_curated,summary_evidence,Remote curated summary.json after experiment-path filter.
I:\,2026-05-30,LANCET/LBM,schrodingerbridge_grid_search,schrodingerbridge_grid_search,,epoch_0005,full_eval_or_summary,,,,,,,,,,,,,,,,,,,summary_found,I:\Github\Latent_Style_TokenizerClean\SchrodingerBridge\archives\old_experiment_dirs\grid_search_3epoch\S-none_K-1_C-0_W-10_Col-0\full_eval\epoch_0005\summary.json,remote_summary_json_curated,summary_evidence,Remote curated summary.json after experiment-path filter.
I:\,2026-05-30,LANCET/LBM,schrodingerbridge_grid_search,schrodingerbridge_grid_search,,epoch_0006,full_eval_or_summary,,,,,,,,,,,,,,,,,,,summary_found,I:\Github\Latent_Style_TokenizerClean\SchrodingerBridge\archives\old_experiment_dirs\grid_search_3epoch\S-none_K-1_C-0_W-10_Col-0\full_eval\epoch_0006\summary.json,remote_summary_json_curated,summary_evidence,Remote curated summary.json after experiment-path filter.
I:\,2026-05-30,LANCET/LBM,schrodingerbridge_grid_search,schrodingerbridge_grid_search,,epoch_0007,full_eval_or_summary,,,,,,,,,,,,,,,,,,,summary_found,I:\Github\Latent_Style_TokenizerClean\SchrodingerBridge\archives\old_experiment_dirs\grid_search_3epoch\S-none_K-1_C-0_W-10_Col-0\full_eval\epoch_0007\summary.json,remote_summary_json_curated,summary_evidence,Remote curated summary.json after experiment-path filter.
I:\,2026-05-30,LANCET/LBM,schrodingerbridge_grid_search,schrodingerbridge_grid_search,,epoch_0008,full_eval_or_summary,,,,,,,,,,,,,,,,,,,summary_found,I:\Github\Latent_Style_TokenizerClean\SchrodingerBridge\archives\old_experiment_dirs\grid_search_3epoch\S-none_K-1_C-0_W-10_Col-0\full_eval\epoch_0008\summary.json,remote_summary_json_curated,summary_evidence,Remote curated summary.json after experiment-path filter.
I:\,2026-05-30,LANCET/LBM,schrodingerbridge_grid_search,schrodingerbridge_grid_search,,logs,train_or_eval_log,,,,,,,,,,,,s,,,,,,,log_found,I:\Github\Latent_Style_TokenizerClean\SchrodingerBridge\archives\old_experiment_dirs\grid_search_3epoch\S-none_K-1_C-0_W-10_Col-0\logs\training_20260510_053953.csv,remote_training_log_curated,log_evidence,Remote curated train/eval log after experiment-path filter.
I:\,2026-05-30,LANCET/LBM,schrodingerbridge_grid_search,schrodingerbridge_grid_search,,logs,train_or_eval_log,,,,,,,,,,,,s,,,,,,,log_found,I:\Github\Latent_Style_TokenizerClean\SchrodingerBridge\archives\old_experiment_dirs\grid_search_3epoch\S-none_K-1_C-0_W-10_Col-0\logs\training_20260510_055522.csv,remote_training_log_curated,log_evidence,Remote curated train/eval log after experiment-path filter.
I:\,2026-05-30,LANCET/LBM,schrodingerbridge_grid_search,schrodingerbridge_grid_search,,logs,train_or_eval_log,,,,,,,,,,,,s,,,,,,,log_found,I:\Github\Latent_Style_TokenizerClean\SchrodingerBridge\archives\old_experiment_dirs\grid_search_3epoch\S-none_K-1_C-0_W-10_Col-0\logs\training_20260510_055951.csv,remote_training_log_curated,log_evidence,Remote curated train/eval log after experiment-path filter.
I:\,2026-05-30,LANCET/LBM,schrodingerbridge_grid_search,schrodingerbridge_grid_search,,logs,train_or_eval_log,,,,,,,,,,,,s,,,,,,,log_found,I:\Github\Latent_Style_TokenizerClean\SchrodingerBridge\archives\old_experiment_dirs\grid_search_3epoch\S-none_K-1_C-0_W-10_Col-0\logs\training_20260510_060327.csv,remote_training_log_curated,log_evidence,Remote curated train/eval log after experiment-path filter.
I:\,2026-05-30,LANCET/LBM,schrodingerbridge_grid_search,schrodingerbridge_grid_search,,logs,train_or_eval_log,,,,,,,,,,,,s,,,,,,,log_found,I:\Github\Latent_Style_TokenizerClean\SchrodingerBridge\archives\old_experiment_dirs\grid_search_3epoch\S-none_K-1_C-0_W-10_Col-0\logs\training_20260510_061010.csv,remote_training_log_curated,log_evidence,Remote curated train/eval log after experiment-path filter.
I:\,2026-05-30,LANCET/LBM,schrodingerbridge_grid_search,schrodingerbridge_grid_search,,epoch_0001,full_eval_or_summary,,,,,,,,,,,,,,,,,,,summary_found,I:\Github\Latent_Style_TokenizerClean\SchrodingerBridge\archives\old_experiment_dirs\grid_search_3epoch\S-none_K-1_C-0_W-10_Col-15\full_eval\epoch_0001\summary.json,remote_summary_json_curated,summary_evidence,Remote curated summary.json after experiment-path filter.
I:\,2026-05-30,LANCET/LBM,schrodingerbridge_grid_search,schrodingerbridge_grid_search,,epoch_0002,full_eval_or_summary,,,,,,,,,,,,,,,,,,,summary_found,I:\Github\Latent_Style_TokenizerClean\SchrodingerBridge\archives\old_experiment_dirs\grid_search_3epoch\S-none_K-1_C-0_W-10_Col-15\full_eval\epoch_0002\summary.json,remote_summary_json_curated,summary_evidence,Remote curated summary.json after experiment-path filter.
I:\,2026-05-30,LANCET/LBM,schrodingerbridge_grid_search,schrodingerbridge_grid_search,,epoch_0003,full_eval_or_summary,,,,,,,,,,,,,,,,,,,summary_found,I:\Github\Latent_Style_TokenizerClean\SchrodingerBridge\archives\old_experiment_dirs\grid_search_3epoch\S-none_K-1_C-0_W-10_Col-15\full_eval\epoch_0003\summary.json,remote_summary_json_curated,summary_evidence,Remote curated summary.json after experiment-path filter.
I:\,2026-05-30,LANCET/LBM,schrodingerbridge_grid_search,schrodingerbridge_grid_search,,epoch_0004,full_eval_or_summary,,,,,,,,,,,,,,,,,,,summary_found,I:\Github\Latent_Style_TokenizerClean\SchrodingerBridge\archives\old_experiment_dirs\grid_search_3epoch\S-none_K-1_C-0_W-10_Col-15\full_eval\epoch_0004\summary.json,remote_summary_json_curated,summary_evidence,Remote curated summary.json after experiment-path filter.
I:\,2026-05-30,LANCET/LBM,schrodingerbridge_grid_search,schrodingerbridge_grid_search,,epoch_0005,full_eval_or_summary,,,,,,,,,,,,,,,,,,,summary_found,I:\Github\Latent_Style_TokenizerClean\SchrodingerBridge\archives\old_experiment_dirs\grid_search_3epoch\S-none_K-1_C-0_W-10_Col-15\full_eval\epoch_0005\summary.json,remote_summary_json_curated,summary_evidence,Remote curated summary.json after experiment-path filter.
I:\,2026-05-30,LANCET/LBM,schrodingerbridge_grid_search,schrodingerbridge_grid_search,,epoch_0006,full_eval_or_summary,,,,,,,,,,,,,,,,,,,summary_found,I:\Github\Latent_Style_TokenizerClean\SchrodingerBridge\archives\old_experiment_dirs\grid_search_3epoch\S-none_K-1_C-0_W-10_Col-15\full_eval\epoch_0006\summary.json,remote_summary_json_curated,summary_evidence,Remote curated summary.json after experiment-path filter.
I:\,2026-05-30,LANCET/LBM,schrodingerbridge_grid_search,schrodingerbridge_grid_search,,epoch_0007,full_eval_or_summary,,,,,,,,,,,,,,,,,,,summary_found,I:\Github\Latent_Style_TokenizerClean\SchrodingerBridge\archives\old_experiment_dirs\grid_search_3epoch\S-none_K-1_C-0_W-10_Col-15\full_eval\epoch_0007\summary.json,remote_summary_json_curated,summary_evidence,Remote curated summary.json after experiment-path filter.
I:\,2026-05-30,LANCET/LBM,schrodingerbridge_grid_search,schrodingerbridge_grid_search,,epoch_0008,full_eval_or_summary,,,,,,,,,,,,,,,,,,,summary_found,I:\Github\Latent_Style_TokenizerClean\SchrodingerBridge\archives\old_experiment_dirs\grid_search_3epoch\S-none_K-1_C-0_W-10_Col-15\full_eval\epoch_0008\summary.json,remote_summary_json_curated,summary_evidence,Remote curated summary.json after experiment-path filter.
I:\,2026-05-30,LANCET/LBM,schrodingerbridge_grid_search,schrodingerbridge_grid_search,,logs,train_or_eval_log,,,,,,,,,,,,s,,,,,,,log_found,I:\Github\Latent_Style_TokenizerClean\SchrodingerBridge\archives\old_experiment_dirs\grid_search_3epoch\S-none_K-1_C-0_W-10_Col-15\logs\training_20260510_055837.csv,remote_training_log_curated,log_evidence,Remote curated train/eval log after experiment-path filter.
I:\,2026-05-30,LANCET/LBM,schrodingerbridge_grid_search,schrodingerbridge_grid_search,,logs,train_or_eval_log,,,,,,,,,,,,s,,,,,,,log_found,I:\Github\Latent_Style_TokenizerClean\SchrodingerBridge\archives\old_experiment_dirs\grid_search_3epoch\S-none_K-1_C-0_W-10_Col-15\logs\training_20260510_060002.csv,remote_training_log_curated,log_evidence,Remote curated train/eval log after experiment-path filter.
I:\,2026-05-30,LANCET/LBM,schrodingerbridge_grid_search,schrodingerbridge_grid_search,,logs,train_or_eval_log,,,,,,,,,,,,s,,,,,,,log_found,I:\Github\Latent_Style_TokenizerClean\SchrodingerBridge\archives\old_experiment_dirs\grid_search_3epoch\S-none_K-1_C-0_W-10_Col-15\logs\training_20260510_060339.csv,remote_training_log_curated,log_evidence,Remote curated train/eval log after experiment-path filter.
I:\,2026-05-30,LANCET/LBM,schrodingerbridge_grid_search,schrodingerbridge_grid_search,,logs,train_or_eval_log,,,,,,,,,,,,s,,,,,,,log_found,I:\Github\Latent_Style_TokenizerClean\SchrodingerBridge\archives\old_experiment_dirs\grid_search_3epoch\S-none_K-1_C-0_W-10_Col-15\logs\training_20260510_062119.csv,remote_training_log_curated,log_evidence,Remote curated train/eval log after experiment-path filter.
I:\,2026-05-30,LANCET/LBM,schrodingerbridge_grid_search,schrodingerbridge_grid_search,,epoch_0001,full_eval_or_summary,,,,,,,,,,,,,,,,,,,summary_found,I:\Github\Latent_Style_TokenizerClean\SchrodingerBridge\archives\old_experiment_dirs\grid_search_3epoch\S-none_K-1_C-0_W-20_Col-0\full_eval\epoch_0001\summary.json,remote_summary_json_curated,summary_evidence,Remote curated summary.json after experiment-path filter.
I:\,2026-05-30,LANCET/LBM,schrodingerbridge_grid_search,schrodingerbridge_grid_search,,epoch_0002,full_eval_or_summary,,,,,,,,,,,,,,,,,,,summary_found,I:\Github\Latent_Style_TokenizerClean\SchrodingerBridge\archives\old_experiment_dirs\grid_search_3epoch\S-none_K-1_C-0_W-20_Col-0\full_eval\epoch_0002\summary.json,remote_summary_json_curated,summary_evidence,Remote curated summary.json after experiment-path filter.
I:\,2026-05-30,LANCET/LBM,schrodingerbridge_grid_search,schrodingerbridge_grid_search,,epoch_0003,full_eval_or_summary,,,,,,,,,,,,,,,,,,,summary_found,I:\Github\Latent_Style_TokenizerClean\SchrodingerBridge\archives\old_experiment_dirs\grid_search_3epoch\S-none_K-1_C-0_W-20_Col-0\full_eval\epoch_0003\summary.json,remote_summary_json_curated,summary_evidence,Remote curated summary.json after experiment-path filter.
I:\,2026-05-30,LANCET/LBM,schrodingerbridge_grid_search,schrodingerbridge_grid_search,,epoch_0004,full_eval_or_summary,,,,,,,,,,,,,,,,,,,summary_found,I:\Github\Latent_Style_TokenizerClean\SchrodingerBridge\archives\old_experiment_dirs\grid_search_3epoch\S-none_K-1_C-0_W-20_Col-0\full_eval\epoch_0004\summary.json,remote_summary_json_curated,summary_evidence,Remote curated summary.json after experiment-path filter.
I:\,2026-05-30,LANCET/LBM,schrodingerbridge_grid_search,schrodingerbridge_grid_search,,epoch_0005,full_eval_or_summary,,,,,,,,,,,,,,,,,,,summary_found,I:\Github\Latent_Style_TokenizerClean\SchrodingerBridge\archives\old_experiment_dirs\grid_search_3epoch\S-none_K-1_C-0_W-20_Col-0\full_eval\epoch_0005\summary.json,remote_summary_json_curated,summary_evidence,Remote curated summary.json after experiment-path filter.
I:\,2026-05-30,LANCET/LBM,schrodingerbridge_grid_search,schrodingerbridge_grid_search,,epoch_0006,full_eval_or_summary,,,,,,,,,,,,,,,,,,,summary_found,I:\Github\Latent_Style_TokenizerClean\SchrodingerBridge\archives\old_experiment_dirs\grid_search_3epoch\S-none_K-1_C-0_W-20_Col-0\full_eval\epoch_0006\summary.json,remote_summary_json_curated,summary_evidence,Remote curated summary.json after experiment-path filter.
I:\,2026-05-30,LANCET/LBM,schrodingerbridge_grid_search,schrodingerbridge_grid_search,,epoch_0007,full_eval_or_summary,,,,,,,,,,,,,,,,,,,summary_found,I:\Github\Latent_Style_TokenizerClean\SchrodingerBridge\archives\old_experiment_dirs\grid_search_3epoch\S-none_K-1_C-0_W-20_Col-0\full_eval\epoch_0007\summary.json,remote_summary_json_curated,summary_evidence,Remote curated summary.json after experiment-path filter.
I:\,2026-05-30,LANCET/LBM,schrodingerbridge_grid_search,schrodingerbridge_grid_search,,epoch_0008,full_eval_or_summary,,,,,,,,,,,,,,,,,,,summary_found,I:\Github\Latent_Style_TokenizerClean\SchrodingerBridge\archives\old_experiment_dirs\grid_search_3epoch\S-none_K-1_C-0_W-20_Col-0\full_eval\epoch_0008\summary.json,remote_summary_json_curated,summary_evidence,Remote curated summary.json after experiment-path filter.
I:\,2026-05-30,LANCET/LBM,schrodingerbridge_grid_search,schrodingerbridge_grid_search,,logs,train_or_eval_log,,,,,,,,,,,,s,,,,,,,log_found,I:\Github\Latent_Style_TokenizerClean\SchrodingerBridge\archives\old_experiment_dirs\grid_search_3epoch\S-none_K-1_C-0_W-20_Col-0\logs\training_20260510_060817.csv,remote_training_log_curated,log_evidence,Remote curated train/eval log after experiment-path filter.
I:\,2026-05-30,LANCET/LBM,schrodingerbridge_grid_search,schrodingerbridge_grid_search,,logs,train_or_eval_log,,,,,,,,,,,,s,,,,,,,log_found,I:\Github\Latent_Style_TokenizerClean\SchrodingerBridge\archives\old_experiment_dirs\grid_search_3epoch\S-none_K-1_C-0_W-20_Col-0\logs\training_20260510_063223.csv,remote_training_log_curated,log_evidence,Remote curated train/eval log after experiment-path filter.
I:\,2026-05-30,LANCET/LBM,schrodingerbridge_grid_search,schrodingerbridge_grid_search,,epoch_0001,full_eval_or_summary,,,,,,,,,,,,,,,,,,,summary_found,I:\Github\Latent_Style_TokenizerClean\SchrodingerBridge\archives\old_experiment_dirs\grid_search_3epoch\S-none_K-1_C-0_W-20_Col-15\full_eval\epoch_0001\summary.json,remote_summary_json_curated,summary_evidence,Remote curated summary.json after experiment-path filter.
I:\,2026-05-30,LANCET/LBM,schrodingerbridge_grid_search,schrodingerbridge_grid_search,,epoch_0002,full_eval_or_summary,,,,,,,,,,,,,,,,,,,summary_found,I:\Github\Latent_Style_TokenizerClean\SchrodingerBridge\archives\old_experiment_dirs\grid_search_3epoch\S-none_K-1_C-0_W-20_Col-15\full_eval\epoch_0002\summary.json,remote_summary_json_curated,summary_evidence,Remote curated summary.json after experiment-path filter.
I:\,2026-05-30,LANCET/LBM,schrodingerbridge_grid_search,schrodingerbridge_grid_search,,epoch_0003,full_eval_or_summary,,,,,,,,,,,,,,,,,,,summary_found,I:\Github\Latent_Style_TokenizerClean\SchrodingerBridge\archives\old_experiment_dirs\grid_search_3epoch\S-none_K-1_C-0_W-20_Col-15\full_eval\epoch_0003\summary.json,remote_summary_json_curated,summary_evidence,Remote curated summary.json after experiment-path filter.
I:\,2026-05-30,LANCET/LBM,schrodingerbridge_grid_search,schrodingerbridge_grid_search,,epoch_0004,full_eval_or_summary,,,,,,,,,,,,,,,,,,,summary_found,I:\Github\Latent_Style_TokenizerClean\SchrodingerBridge\archives\old_experiment_dirs\grid_search_3epoch\S-none_K-1_C-0_W-20_Col-15\full_eval\epoch_0004\summary.json,remote_summary_json_curated,summary_evidence,Remote curated summary.json after experiment-path filter.
I:\,2026-05-30,LANCET/LBM,schrodingerbridge_grid_search,schrodingerbridge_grid_search,,epoch_0005,full_eval_or_summary,,,,,,,,,,,,,,,,,,,summary_found,I:\Github\Latent_Style_TokenizerClean\SchrodingerBridge\archives\old_experiment_dirs\grid_search_3epoch\S-none_K-1_C-0_W-20_Col-15\full_eval\epoch_0005\summary.json,remote_summary_json_curated,summary_evidence,Remote curated summary.json after experiment-path filter.
I:\,2026-05-30,LANCET/LBM,schrodingerbridge_grid_search,schrodingerbridge_grid_search,,epoch_0006,full_eval_or_summary,,,,,,,,,,,,,,,,,,,summary_found,I:\Github\Latent_Style_TokenizerClean\SchrodingerBridge\archives\old_experiment_dirs\grid_search_3epoch\S-none_K-1_C-0_W-20_Col-15\full_eval\epoch_0006\summary.json,remote_summary_json_curated,summary_evidence,Remote curated summary.json after experiment-path filter.
I:\,2026-05-30,LANCET/LBM,schrodingerbridge_grid_search,schrodingerbridge_grid_search,,epoch_0007,full_eval_or_summary,,,,,,,,,,,,,,,,,,,summary_found,I:\Github\Latent_Style_TokenizerClean\SchrodingerBridge\archives\old_experiment_dirs\grid_search_3epoch\S-none_K-1_C-0_W-20_Col-15\full_eval\epoch_0007\summary.json,remote_summary_json_curated,summary_evidence,Remote curated summary.json after experiment-path filter.
I:\,2026-05-30,LANCET/LBM,schrodingerbridge_grid_search,schrodingerbridge_grid_search,,epoch_0008,full_eval_or_summary,,,,,,,,,,,,,,,,,,,summary_found,I:\Github\Latent_Style_TokenizerClean\SchrodingerBridge\archives\old_experiment_dirs\grid_search_3epoch\S-none_K-1_C-0_W-20_Col-15\full_eval\epoch_0008\summary.json,remote_summary_json_curated,summary_evidence,Remote curated summary.json after experiment-path filter.
I:\,2026-05-30,LANCET/LBM,schrodingerbridge_grid_search,schrodingerbridge_grid_search,,logs,train_or_eval_log,,,,,,,,,,,,s,,,,,,,log_found,I:\Github\Latent_Style_TokenizerClean\SchrodingerBridge\archives\old_experiment_dirs\grid_search_3epoch\S-none_K-1_C-0_W-20_Col-15\logs\training_20260510_064836.csv,remote_training_log_curated,log_evidence,Remote curated train/eval log after experiment-path filter.
I:\,2026-05-30,LANCET/LBM,schrodingerbridge_grid_search,schrodingerbridge_grid_search,,epoch_0001,full_eval_or_summary,,,,,,,,,,,,,,,,,,,summary_found,I:\Github\Latent_Style_TokenizerClean\SchrodingerBridge\archives\old_experiment_dirs\grid_search_3epoch\S-none_K-1_C-2_W-10_Col-0\full_eval\epoch_0001\summary.json,remote_summary_json_curated,summary_evidence,Remote curated summary.json after experiment-path filter.
I:\,2026-05-30,LANCET/LBM,schrodingerbridge_grid_search,schrodingerbridge_grid_search,,epoch_0002,full_eval_or_summary,,,,,,,,,,,,,,,,,,,summary_found,I:\Github\Latent_Style_TokenizerClean\SchrodingerBridge\archives\old_experiment_dirs\grid_search_3epoch\S-none_K-1_C-2_W-10_Col-0\full_eval\epoch_0002\summary.json,remote_summary_json_curated,summary_evidence,Remote curated summary.json after experiment-path filter.
I:\,2026-05-30,LANCET/LBM,schrodingerbridge_grid_search,schrodingerbridge_grid_search,,epoch_0003,full_eval_or_summary,,,,,,,,,,,,,,,,,,,summary_found,I:\Github\Latent_Style_TokenizerClean\SchrodingerBridge\archives\old_experiment_dirs\grid_search_3epoch\S-none_K-1_C-2_W-10_Col-0\full_eval\epoch_0003\summary.json,remote_summary_json_curated,summary_evidence,Remote curated summary.json after experiment-path filter.
I:\,2026-05-30,LANCET/LBM,schrodingerbridge_grid_search,schrodingerbridge_grid_search,,epoch_0004,full_eval_or_summary,,,,,,,,,,,,,,,,,,,summary_found,I:\Github\Latent_Style_TokenizerClean\SchrodingerBridge\archives\old_experiment_dirs\grid_search_3epoch\S-none_K-1_C-2_W-10_Col-0\full_eval\epoch_0004\summary.json,remote_summary_json_curated,summary_evidence,Remote curated summary.json after experiment-path filter.
I:\,2026-05-30,LANCET/LBM,schrodingerbridge_grid_search,schrodingerbridge_grid_search,,epoch_0005,full_eval_or_summary,,,,,,,,,,,,,,,,,,,summary_found,I:\Github\Latent_Style_TokenizerClean\SchrodingerBridge\archives\old_experiment_dirs\grid_search_3epoch\S-none_K-1_C-2_W-10_Col-0\full_eval\epoch_0005\summary.json,remote_summary_json_curated,summary_evidence,Remote curated summary.json after experiment-path filter.
I:\,2026-05-30,LANCET/LBM,schrodingerbridge_grid_search,schrodingerbridge_grid_search,,epoch_0006,full_eval_or_summary,,,,,,,,,,,,,,,,,,,summary_found,I:\Github\Latent_Style_TokenizerClean\SchrodingerBridge\archives\old_experiment_dirs\grid_search_3epoch\S-none_K-1_C-2_W-10_Col-0\full_eval\epoch_0006\summary.json,remote_summary_json_curated,summary_evidence,Remote curated summary.json after experiment-path filter.
I:\,2026-05-30,LANCET/LBM,schrodingerbridge_grid_search,schrodingerbridge_grid_search,,epoch_0007,full_eval_or_summary,,,,,,,,,,,,,,,,,,,summary_found,I:\Github\Latent_Style_TokenizerClean\SchrodingerBridge\archives\old_experiment_dirs\grid_search_3epoch\S-none_K-1_C-2_W-10_Col-0\full_eval\epoch_0007\summary.json,remote_summary_json_curated,summary_evidence,Remote curated summary.json after experiment-path filter.
I:\,2026-05-30,LANCET/LBM,schrodingerbridge_grid_search,schrodingerbridge_grid_search,,epoch_0008,full_eval_or_summary,,,,,,,,,,,,,,,,,,,summary_found,I:\Github\Latent_Style_TokenizerClean\SchrodingerBridge\archives\old_experiment_dirs\grid_search_3epoch\S-none_K-1_C-2_W-10_Col-0\full_eval\epoch_0008\summary.json,remote_summary_json_curated,summary_evidence,Remote curated summary.json after experiment-path filter.
I:\,2026-05-30,LANCET/LBM,schrodingerbridge_grid_search,schrodingerbridge_grid_search,,logs,train_or_eval_log,,,,,,,,,,,,s,,,,,,,log_found,I:\Github\Latent_Style_TokenizerClean\SchrodingerBridge\archives\old_experiment_dirs\grid_search_3epoch\S-none_K-1_C-2_W-10_Col-0\logs\training_20260510_070527.csv,remote_training_log_curated,log_evidence,Remote curated train/eval log after experiment-path filter.
I:\,2026-05-30,LANCET/LBM,schrodingerbridge_grid_search,schrodingerbridge_grid_search,,epoch_0001,full_eval_or_summary,,,,,,,,,,,,,,,,,,,summary_found,I:\Github\Latent_Style_TokenizerClean\SchrodingerBridge\archives\old_experiment_dirs\grid_search_3epoch\S-none_K-1_C-2_W-10_Col-15\full_eval\epoch_0001\summary.json,remote_summary_json_curated,summary_evidence,Remote curated summary.json after experiment-path filter.
I:\,2026-05-30,LANCET/LBM,schrodingerbridge_grid_search,schrodingerbridge_grid_search,,epoch_0002,full_eval_or_summary,,,,,,,,,,,,,,,,,,,summary_found,I:\Github\Latent_Style_TokenizerClean\SchrodingerBridge\archives\old_experiment_dirs\grid_search_3epoch\S-none_K-1_C-2_W-10_Col-15\full_eval\epoch_0002\summary.json,remote_summary_json_curated,summary_evidence,Remote curated summary.json after experiment-path filter.
I:\,2026-05-30,LANCET/LBM,schrodingerbridge_grid_search,schrodingerbridge_grid_search,,epoch_0003,full_eval_or_summary,,,,,,,,,,,,,,,,,,,summary_found,I:\Github\Latent_Style_TokenizerClean\SchrodingerBridge\archives\old_experiment_dirs\grid_search_3epoch\S-none_K-1_C-2_W-10_Col-15\full_eval\epoch_0003\summary.json,remote_summary_json_curated,summary_evidence,Remote curated summary.json after experiment-path filter.
I:\,2026-05-30,LANCET/LBM,schrodingerbridge_grid_search,schrodingerbridge_grid_search,,epoch_0004,full_eval_or_summary,,,,,,,,,,,,,,,,,,,summary_found,I:\Github\Latent_Style_TokenizerClean\SchrodingerBridge\archives\old_experiment_dirs\grid_search_3epoch\S-none_K-1_C-2_W-10_Col-15\full_eval\epoch_0004\summary.json,remote_summary_json_curated,summary_evidence,Remote curated summary.json after experiment-path filter.
I:\,2026-05-30,LANCET/LBM,schrodingerbridge_grid_search,schrodingerbridge_grid_search,,epoch_0005,full_eval_or_summary,,,,,,,,,,,,,,,,,,,summary_found,I:\Github\Latent_Style_TokenizerClean\SchrodingerBridge\archives\old_experiment_dirs\grid_search_3epoch\S-none_K-1_C-2_W-10_Col-15\full_eval\epoch_0005\summary.json,remote_summary_json_curated,summary_evidence,Remote curated summary.json after experiment-path filter.
I:\,2026-05-30,LANCET/LBM,schrodingerbridge_grid_search,schrodingerbridge_grid_search,,epoch_0006,full_eval_or_summary,,,,,,,,,,,,,,,,,,,summary_found,I:\Github\Latent_Style_TokenizerClean\SchrodingerBridge\archives\old_experiment_dirs\grid_search_3epoch\S-none_K-1_C-2_W-10_Col-15\full_eval\epoch_0006\summary.json,remote_summary_json_curated,summary_evidence,Remote curated summary.json after experiment-path filter.
I:\,2026-05-30,LANCET/LBM,schrodingerbridge_grid_search,schrodingerbridge_grid_search,,epoch_0007,full_eval_or_summary,,,,,,,,,,,,,,,,,,,summary_found,I:\Github\Latent_Style_TokenizerClean\SchrodingerBridge\archives\old_experiment_dirs\grid_search_3epoch\S-none_K-1_C-2_W-10_Col-15\full_eval\epoch_0007\summary.json,remote_summary_json_curated,summary_evidence,Remote curated summary.json after experiment-path filter.
I:\,2026-05-30,LANCET/LBM,schrodingerbridge_grid_search,schrodingerbridge_grid_search,,epoch_0008,full_eval_or_summary,,,,,,,,,,,,,,,,,,,summary_found,I:\Github\Latent_Style_TokenizerClean\SchrodingerBridge\archives\old_experiment_dirs\grid_search_3epoch\S-none_K-1_C-2_W-10_Col-15\full_eval\epoch_0008\summary.json,remote_summary_json_curated,summary_evidence,Remote curated summary.json after experiment-path filter.
I:\,2026-05-30,LANCET/LBM,schrodingerbridge_grid_search,schrodingerbridge_grid_search,,logs,train_or_eval_log,,,,,,,,,,,,s,,,,,,,log_found,I:\Github\Latent_Style_TokenizerClean\SchrodingerBridge\archives\old_experiment_dirs\grid_search_3epoch\S-none_K-1_C-2_W-10_Col-15\logs\training_20260510_072628.csv,remote_training_log_curated,log_evidence,Remote curated train/eval log after experiment-path filter.
I:\,2026-05-30,LANCET/LBM,schrodingerbridge_grid_search,schrodingerbridge_grid_search,,epoch_0001,full_eval_or_summary,,,,,,,,,,,,,,,,,,,summary_found,I:\Github\Latent_Style_TokenizerClean\SchrodingerBridge\archives\old_experiment_dirs\grid_search_3epoch\S-none_K-1_C-2_W-20_Col-0\full_eval\epoch_0001\summary.json,remote_summary_json_curated,summary_evidence,Remote curated summary.json after experiment-path filter.
I:\,2026-05-30,LANCET/LBM,schrodingerbridge_grid_search,schrodingerbridge_grid_search,,epoch_0002,full_eval_or_summary,,,,,,,,,,,,,,,,,,,summary_found,I:\Github\Latent_Style_TokenizerClean\SchrodingerBridge\archives\old_experiment_dirs\grid_search_3epoch\S-none_K-1_C-2_W-20_Col-0\full_eval\epoch_0002\summary.json,remote_summary_json_curated,summary_evidence,Remote curated summary.json after experiment-path filter.
I:\,2026-05-30,LANCET/LBM,schrodingerbridge_grid_search,schrodingerbridge_grid_search,,epoch_0003,full_eval_or_summary,,,,,,,,,,,,,,,,,,,summary_found,I:\Github\Latent_Style_TokenizerClean\SchrodingerBridge\archives\old_experiment_dirs\grid_search_3epoch\S-none_K-1_C-2_W-20_Col-0\full_eval\epoch_0003\summary.json,remote_summary_json_curated,summary_evidence,Remote curated summary.json after experiment-path filter.
I:\,2026-05-30,LANCET/LBM,schrodingerbridge_grid_search,schrodingerbridge_grid_search,,epoch_0004,full_eval_or_summary,,,,,,,,,,,,,,,,,,,summary_found,I:\Github\Latent_Style_TokenizerClean\SchrodingerBridge\archives\old_experiment_dirs\grid_search_3epoch\S-none_K-1_C-2_W-20_Col-0\full_eval\epoch_0004\summary.json,remote_summary_json_curated,summary_evidence,Remote curated summary.json after experiment-path filter.
I:\,2026-05-30,LANCET/LBM,schrodingerbridge_grid_search,schrodingerbridge_grid_search,,epoch_0005,full_eval_or_summary,,,,,,,,,,,,,,,,,,,summary_found,I:\Github\Latent_Style_TokenizerClean\SchrodingerBridge\archives\old_experiment_dirs\grid_search_3epoch\S-none_K-1_C-2_W-20_Col-0\full_eval\epoch_0005\summary.json,remote_summary_json_curated,summary_evidence,Remote curated summary.json after experiment-path filter.
I:\,2026-05-30,LANCET/LBM,schrodingerbridge_grid_search,schrodingerbridge_grid_search,,epoch_0006,full_eval_or_summary,,,,,,,,,,,,,,,,,,,summary_found,I:\Github\Latent_Style_TokenizerClean\SchrodingerBridge\archives\old_experiment_dirs\grid_search_3epoch\S-none_K-1_C-2_W-20_Col-0\full_eval\epoch_0006\summary.json,remote_summary_json_curated,summary_evidence,Remote curated summary.json after experiment-path filter.
I:\,2026-05-30,LANCET/LBM,schrodingerbridge_grid_search,schrodingerbridge_grid_search,,epoch_0007,full_eval_or_summary,,,,,,,,,,,,,,,,,,,summary_found,I:\Github\Latent_Style_TokenizerClean\SchrodingerBridge\archives\old_experiment_dirs\grid_search_3epoch\S-none_K-1_C-2_W-20_Col-0\full_eval\epoch_0007\summary.json,remote_summary_json_curated,summary_evidence,Remote curated summary.json after experiment-path filter.
I:\,2026-05-30,LANCET/LBM,schrodingerbridge_grid_search,schrodingerbridge_grid_search,,epoch_0008,full_eval_or_summary,,,,,,,,,,,,,,,,,,,summary_found,I:\Github\Latent_Style_TokenizerClean\SchrodingerBridge\archives\old_experiment_dirs\grid_search_3epoch\S-none_K-1_C-2_W-20_Col-0\full_eval\epoch_0008\summary.json,remote_summary_json_curated,summary_evidence,Remote curated summary.json after experiment-path filter.
I:\,2026-05-30,LANCET/LBM,schrodingerbridge_grid_search,schrodingerbridge_grid_search,,logs,train_or_eval_log,,,,,,,,,,,,s,,,,,,,log_found,I:\Github\Latent_Style_TokenizerClean\SchrodingerBridge\archives\old_experiment_dirs\grid_search_3epoch\S-none_K-1_C-2_W-20_Col-0\logs\training_20260510_074742.csv,remote_training_log_curated,log_evidence,Remote curated train/eval log after experiment-path filter.
I:\,2026-05-30,LANCET/LBM,schrodingerbridge_grid_search,schrodingerbridge_grid_search,,epoch_0001,full_eval_or_summary,,,,,,,,,,,,,,,,,,,summary_found,I:\Github\Latent_Style_TokenizerClean\SchrodingerBridge\archives\old_experiment_dirs\grid_search_3epoch\S-none_K-1_C-2_W-20_Col-15\full_eval\epoch_0001\summary.json,remote_summary_json_curated,summary_evidence,Remote curated summary.json after experiment-path filter.
I:\,2026-05-30,LANCET/LBM,schrodingerbridge_grid_search,schrodingerbridge_grid_search,,epoch_0002,full_eval_or_summary,,,,,,,,,,,,,,,,,,,summary_found,I:\Github\Latent_Style_TokenizerClean\SchrodingerBridge\archives\old_experiment_dirs\grid_search_3epoch\S-none_K-1_C-2_W-20_Col-15\full_eval\epoch_0002\summary.json,remote_summary_json_curated,summary_evidence,Remote curated summary.json after experiment-path filter.
I:\,2026-05-30,LANCET/LBM,schrodingerbridge_grid_search,schrodingerbridge_grid_search,,epoch_0003,full_eval_or_summary,,,,,,,,,,,,,,,,,,,summary_found,I:\Github\Latent_Style_TokenizerClean\SchrodingerBridge\archives\old_experiment_dirs\grid_search_3epoch\S-none_K-1_C-2_W-20_Col-15\full_eval\epoch_0003\summary.json,remote_summary_json_curated,summary_evidence,Remote curated summary.json after experiment-path filter.
I:\,2026-05-30,LANCET/LBM,schrodingerbridge_grid_search,schrodingerbridge_grid_search,,epoch_0004,full_eval_or_summary,,,,,,,,,,,,,,,,,,,summary_found,I:\Github\Latent_Style_TokenizerClean\SchrodingerBridge\archives\old_experiment_dirs\grid_search_3epoch\S-none_K-1_C-2_W-20_Col-15\full_eval\epoch_0004\summary.json,remote_summary_json_curated,summary_evidence,Remote curated summary.json after experiment-path filter.
I:\,2026-05-30,LANCET/LBM,schrodingerbridge_grid_search,schrodingerbridge_grid_search,,epoch_0005,full_eval_or_summary,,,,,,,,,,,,,,,,,,,summary_found,I:\Github\Latent_Style_TokenizerClean\SchrodingerBridge\archives\old_experiment_dirs\grid_search_3epoch\S-none_K-1_C-2_W-20_Col-15\full_eval\epoch_0005\summary.json,remote_summary_json_curated,summary_evidence,Remote curated summary.json after experiment-path filter.
I:\,2026-05-30,LANCET/LBM,schrodingerbridge_grid_search,schrodingerbridge_grid_search,,epoch_0006,full_eval_or_summary,,,,,,,,,,,,,,,,,,,summary_found,I:\Github\Latent_Style_TokenizerClean\SchrodingerBridge\archives\old_experiment_dirs\grid_search_3epoch\S-none_K-1_C-2_W-20_Col-15\full_eval\epoch_0006\summary.json,remote_summary_json_curated,summary_evidence,Remote curated summary.json after experiment-path filter.
I:\,2026-05-30,LANCET/LBM,schrodingerbridge_grid_search,schrodingerbridge_grid_search,,epoch_0007,full_eval_or_summary,,,,,,,,,,,,,,,,,,,summary_found,I:\Github\Latent_Style_TokenizerClean\SchrodingerBridge\archives\old_experiment_dirs\grid_search_3epoch\S-none_K-1_C-2_W-20_Col-15\full_eval\epoch_0007\summary.json,remote_summary_json_curated,summary_evidence,Remote curated summary.json after experiment-path filter.
I:\,2026-05-30,LANCET/LBM,schrodingerbridge_grid_search,schrodingerbridge_grid_search,,epoch_0008,full_eval_or_summary,,,,,,,,,,,,,,,,,,,summary_found,I:\Github\Latent_Style_TokenizerClean\SchrodingerBridge\archives\old_experiment_dirs\grid_search_3epoch\S-none_K-1_C-2_W-20_Col-15\full_eval\epoch_0008\summary.json,remote_summary_json_curated,summary_evidence,Remote curated summary.json after experiment-path filter.
I:\,2026-05-30,LANCET/LBM,schrodingerbridge_grid_search,schrodingerbridge_grid_search,,logs,train_or_eval_log,,,,,,,,,,,,s,,,,,,,log_found,I:\Github\Latent_Style_TokenizerClean\SchrodingerBridge\archives\old_experiment_dirs\grid_search_3epoch\S-none_K-1_C-2_W-20_Col-15\logs\training_20260510_080919.csv,remote_training_log_curated,log_evidence,Remote curated train/eval log after experiment-path filter.
I:\,2026-05-30,LANCET/LBM,schrodingerbridge_grid_search,schrodingerbridge_grid_search,,epoch_0001,full_eval_or_summary,,,,,,,,,,,,,,,,,,,summary_found,I:\Github\Latent_Style_TokenizerClean\SchrodingerBridge\archives\old_experiment_dirs\grid_search_3epoch\S-none_K-1_C-5_W-10_Col-0\full_eval\epoch_0001\summary.json,remote_summary_json_curated,summary_evidence,Remote curated summary.json after experiment-path filter.
I:\,2026-05-30,LANCET/LBM,schrodingerbridge_grid_search,schrodingerbridge_grid_search,,epoch_0002,full_eval_or_summary,,,,,,,,,,,,,,,,,,,summary_found,I:\Github\Latent_Style_TokenizerClean\SchrodingerBridge\archives\old_experiment_dirs\grid_search_3epoch\S-none_K-1_C-5_W-10_Col-0\full_eval\epoch_0002\summary.json,remote_summary_json_curated,summary_evidence,Remote curated summary.json after experiment-path filter.
I:\,2026-05-30,LANCET/LBM,schrodingerbridge_grid_search,schrodingerbridge_grid_search,,epoch_0003,full_eval_or_summary,,,,,,,,,,,,,,,,,,,summary_found,I:\Github\Latent_Style_TokenizerClean\SchrodingerBridge\archives\old_experiment_dirs\grid_search_3epoch\S-none_K-1_C-5_W-10_Col-0\full_eval\epoch_0003\summary.json,remote_summary_json_curated,summary_evidence,Remote curated summary.json after experiment-path filter.
I:\,2026-05-30,LANCET/LBM,schrodingerbridge_grid_search,schrodingerbridge_grid_search,,epoch_0004,full_eval_or_summary,,,,,,,,,,,,,,,,,,,summary_found,I:\Github\Latent_Style_TokenizerClean\SchrodingerBridge\archives\old_experiment_dirs\grid_search_3epoch\S-none_K-1_C-5_W-10_Col-0\full_eval\epoch_0004\summary.json,remote_summary_json_curated,summary_evidence,Remote curated summary.json after experiment-path filter.
I:\,2026-05-30,LANCET/LBM,schrodingerbridge_grid_search,schrodingerbridge_grid_search,,epoch_0005,full_eval_or_summary,,,,,,,,,,,,,,,,,,,summary_found,I:\Github\Latent_Style_TokenizerClean\SchrodingerBridge\archives\old_experiment_dirs\grid_search_3epoch\S-none_K-1_C-5_W-10_Col-0\full_eval\epoch_0005\summary.json,remote_summary_json_curated,summary_evidence,Remote curated summary.json after experiment-path filter.
I:\,2026-05-30,LANCET/LBM,schrodingerbridge_grid_search,schrodingerbridge_grid_search,,epoch_0006,full_eval_or_summary,,,,,,,,,,,,,,,,,,,summary_found,I:\Github\Latent_Style_TokenizerClean\SchrodingerBridge\archives\old_experiment_dirs\grid_search_3epoch\S-none_K-1_C-5_W-10_Col-0\full_eval\epoch_0006\summary.json,remote_summary_json_curated,summary_evidence,Remote curated summary.json after experiment-path filter.
I:\,2026-05-30,LANCET/LBM,schrodingerbridge_grid_search,schrodingerbridge_grid_search,,epoch_0007,full_eval_or_summary,,,,,,,,,,,,,,,,,,,summary_found,I:\Github\Latent_Style_TokenizerClean\SchrodingerBridge\archives\old_experiment_dirs\grid_search_3epoch\S-none_K-1_C-5_W-10_Col-0\full_eval\epoch_0007\summary.json,remote_summary_json_curated,summary_evidence,Remote curated summary.json after experiment-path filter.
I:\,2026-05-30,LANCET/LBM,schrodingerbridge_grid_search,schrodingerbridge_grid_search,,epoch_0008,full_eval_or_summary,,,,,,,,,,,,,,,,,,,summary_found,I:\Github\Latent_Style_TokenizerClean\SchrodingerBridge\archives\old_experiment_dirs\grid_search_3epoch\S-none_K-1_C-5_W-10_Col-0\full_eval\epoch_0008\summary.json,remote_summary_json_curated,summary_evidence,Remote curated summary.json after experiment-path filter.
I:\,2026-05-30,LANCET/LBM,schrodingerbridge_grid_search,schrodingerbridge_grid_search,,logs,train_or_eval_log,,,,,,,,,,,,s,,,,,,,log_found,I:\Github\Latent_Style_TokenizerClean\SchrodingerBridge\archives\old_experiment_dirs\grid_search_3epoch\S-none_K-1_C-5_W-10_Col-0\logs\training_20260510_083021.csv,remote_training_log_curated,log_evidence,Remote curated train/eval log after experiment-path filter.
I:\,2026-05-30,LANCET/LBM,schrodingerbridge_grid_search,schrodingerbridge_grid_search,,epoch_0001,full_eval_or_summary,,,,,,,,,,,,,,,,,,,summary_found,I:\Github\Latent_Style_TokenizerClean\SchrodingerBridge\archives\old_experiment_dirs\grid_search_3epoch\S-none_K-1_C-5_W-10_Col-15\full_eval\epoch_0001\summary.json,remote_summary_json_curated,summary_evidence,Remote curated summary.json after experiment-path filter.
I:\,2026-05-30,LANCET/LBM,schrodingerbridge_grid_search,schrodingerbridge_grid_search,,epoch_0002,full_eval_or_summary,,,,,,,,,,,,,,,,,,,summary_found,I:\Github\Latent_Style_TokenizerClean\SchrodingerBridge\archives\old_experiment_dirs\grid_search_3epoch\S-none_K-1_C-5_W-10_Col-15\full_eval\epoch_0002\summary.json,remote_summary_json_curated,summary_evidence,Remote curated summary.json after experiment-path filter.
I:\,2026-05-30,LANCET/LBM,schrodingerbridge_grid_search,schrodingerbridge_grid_search,,epoch_0003,full_eval_or_summary,,,,,,,,,,,,,,,,,,,summary_found,I:\Github\Latent_Style_TokenizerClean\SchrodingerBridge\archives\old_experiment_dirs\grid_search_3epoch\S-none_K-1_C-5_W-10_Col-15\full_eval\epoch_0003\summary.json,remote_summary_json_curated,summary_evidence,Remote curated summary.json after experiment-path filter.
I:\,2026-05-30,LANCET/LBM,schrodingerbridge_grid_search,schrodingerbridge_grid_search,,epoch_0004,full_eval_or_summary,,,,,,,,,,,,,,,,,,,summary_found,I:\Github\Latent_Style_TokenizerClean\SchrodingerBridge\archives\old_experiment_dirs\grid_search_3epoch\S-none_K-1_C-5_W-10_Col-15\full_eval\epoch_0004\summary.json,remote_summary_json_curated,summary_evidence,Remote curated summary.json after experiment-path filter.
I:\,2026-05-30,LANCET/LBM,schrodingerbridge_grid_search,schrodingerbridge_grid_search,,epoch_0005,full_eval_or_summary,,,,,,,,,,,,,,,,,,,summary_found,I:\Github\Latent_Style_TokenizerClean\SchrodingerBridge\archives\old_experiment_dirs\grid_search_3epoch\S-none_K-1_C-5_W-10_Col-15\full_eval\epoch_0005\summary.json,remote_summary_json_curated,summary_evidence,Remote curated summary.json after experiment-path filter.
I:\,2026-05-30,LANCET/LBM,schrodingerbridge_grid_search,schrodingerbridge_grid_search,,epoch_0006,full_eval_or_summary,,,,,,,,,,,,,,,,,,,summary_found,I:\Github\Latent_Style_TokenizerClean\SchrodingerBridge\archives\old_experiment_dirs\grid_search_3epoch\S-none_K-1_C-5_W-10_Col-15\full_eval\epoch_0006\summary.json,remote_summary_json_curated,summary_evidence,Remote curated summary.json after experiment-path filter.
I:\,2026-05-30,LANCET/LBM,schrodingerbridge_grid_search,schrodingerbridge_grid_search,,epoch_0007,full_eval_or_summary,,,,,,,,,,,,,,,,,,,summary_found,I:\Github\Latent_Style_TokenizerClean\SchrodingerBridge\archives\old_experiment_dirs\grid_search_3epoch\S-none_K-1_C-5_W-10_Col-15\full_eval\epoch_0007\summary.json,remote_summary_json_curated,summary_evidence,Remote curated summary.json after experiment-path filter.
I:\,2026-05-30,LANCET/LBM,schrodingerbridge_grid_search,schrodingerbridge_grid_search,,epoch_0008,full_eval_or_summary,,,,,,,,,,,,,,,,,,,summary_found,I:\Github\Latent_Style_TokenizerClean\SchrodingerBridge\archives\old_experiment_dirs\grid_search_3epoch\S-none_K-1_C-5_W-10_Col-15\full_eval\epoch_0008\summary.json,remote_summary_json_curated,summary_evidence,Remote curated summary.json after experiment-path filter.
I:\,2026-05-30,LANCET/LBM,schrodingerbridge_grid_search,schrodingerbridge_grid_search,512,logs,train_or_eval_log,,,,,,,,,,,,s,,,,,,,log_found,I:\Github\Latent_Style_TokenizerClean\SchrodingerBridge\archives\old_experiment_dirs\grid_search_3epoch\S-none_K-1_C-5_W-10_Col-15\logs\training_20260510_085127.csv,remote_training_log_curated,log_evidence,Remote curated train/eval log after experiment-path filter.
I:\,2026-05-30,LANCET/LBM,schrodingerbridge_grid_search,schrodingerbridge_grid_search,,epoch_0001,full_eval_or_summary,,,,,,,,,,,,,,,,,,,summary_found,I:\Github\Latent_Style_TokenizerClean\SchrodingerBridge\archives\old_experiment_dirs\grid_search_3epoch\S-none_K-1_C-5_W-20_Col-0\full_eval\epoch_0001\summary.json,remote_summary_json_curated,summary_evidence,Remote curated summary.json after experiment-path filter.
I:\,2026-05-30,LANCET/LBM,schrodingerbridge_grid_search,schrodingerbridge_grid_search,,epoch_0002,full_eval_or_summary,,,,,,,,,,,,,,,,,,,summary_found,I:\Github\Latent_Style_TokenizerClean\SchrodingerBridge\archives\old_experiment_dirs\grid_search_3epoch\S-none_K-1_C-5_W-20_Col-0\full_eval\epoch_0002\summary.json,remote_summary_json_curated,summary_evidence,Remote curated summary.json after experiment-path filter.
I:\,2026-05-30,LANCET/LBM,schrodingerbridge_grid_search,schrodingerbridge_grid_search,,epoch_0003,full_eval_or_summary,,,,,,,,,,,,,,,,,,,summary_found,I:\Github\Latent_Style_TokenizerClean\SchrodingerBridge\archives\old_experiment_dirs\grid_search_3epoch\S-none_K-1_C-5_W-20_Col-0\full_eval\epoch_0003\summary.json,remote_summary_json_curated,summary_evidence,Remote curated summary.json after experiment-path filter.
I:\,2026-05-30,LANCET/LBM,schrodingerbridge_grid_search,schrodingerbridge_grid_search,,epoch_0004,full_eval_or_summary,,,,,,,,,,,,,,,,,,,summary_found,I:\Github\Latent_Style_TokenizerClean\SchrodingerBridge\archives\old_experiment_dirs\grid_search_3epoch\S-none_K-1_C-5_W-20_Col-0\full_eval\epoch_0004\summary.json,remote_summary_json_curated,summary_evidence,Remote curated summary.json after experiment-path filter.
I:\,2026-05-30,LANCET/LBM,schrodingerbridge_grid_search,schrodingerbridge_grid_search,,epoch_0005,full_eval_or_summary,,,,,,,,,,,,,,,,,,,summary_found,I:\Github\Latent_Style_TokenizerClean\SchrodingerBridge\archives\old_experiment_dirs\grid_search_3epoch\S-none_K-1_C-5_W-20_Col-0\full_eval\epoch_0005\summary.json,remote_summary_json_curated,summary_evidence,Remote curated summary.json after experiment-path filter.
I:\,2026-05-30,LANCET/LBM,schrodingerbridge_grid_search,schrodingerbridge_grid_search,,epoch_0006,full_eval_or_summary,,,,,,,,,,,,,,,,,,,summary_found,I:\Github\Latent_Style_TokenizerClean\SchrodingerBridge\archives\old_experiment_dirs\grid_search_3epoch\S-none_K-1_C-5_W-20_Col-0\full_eval\epoch_0006\summary.json,remote_summary_json_curated,summary_evidence,Remote curated summary.json after experiment-path filter.
I:\,2026-05-30,LANCET/LBM,schrodingerbridge_grid_search,schrodingerbridge_grid_search,,epoch_0007,full_eval_or_summary,,,,,,,,,,,,,,,,,,,summary_found,I:\Github\Latent_Style_TokenizerClean\SchrodingerBridge\archives\old_experiment_dirs\grid_search_3epoch\S-none_K-1_C-5_W-20_Col-0\full_eval\epoch_0007\summary.json,remote_summary_json_curated,summary_evidence,Remote curated summary.json after experiment-path filter.
I:\,2026-05-30,LANCET/LBM,schrodingerbridge_grid_search,schrodingerbridge_grid_search,,epoch_0008,full_eval_or_summary,,,,,,,,,,,,,,,,,,,summary_found,I:\Github\Latent_Style_TokenizerClean\SchrodingerBridge\archives\old_experiment_dirs\grid_search_3epoch\S-none_K-1_C-5_W-20_Col-0\full_eval\epoch_0008\summary.json,remote_summary_json_curated,summary_evidence,Remote curated summary.json after experiment-path filter.
I:\,2026-05-30,LANCET/LBM,schrodingerbridge_grid_search,schrodingerbridge_grid_search,,logs,train_or_eval_log,,,,,,,,,,,,s,,,,,,,log_found,I:\Github\Latent_Style_TokenizerClean\SchrodingerBridge\archives\old_experiment_dirs\grid_search_3epoch\S-none_K-1_C-5_W-20_Col-0\logs\training_20260510_091239.csv,remote_training_log_curated,log_evidence,Remote curated train/eval log after experiment-path filter.
I:\,2026-05-30,LANCET/LBM,schrodingerbridge_grid_search,schrodingerbridge_grid_search,,epoch_0001,full_eval_or_summary,,,,,,,,,,,,,,,,,,,summary_found,I:\Github\Latent_Style_TokenizerClean\SchrodingerBridge\archives\old_experiment_dirs\grid_search_3epoch\S-none_K-1_C-5_W-20_Col-15\full_eval\epoch_0001\summary.json,remote_summary_json_curated,summary_evidence,Remote curated summary.json after experiment-path filter.
I:\,2026-05-30,LANCET/LBM,schrodingerbridge_grid_search,schrodingerbridge_grid_search,,epoch_0002,full_eval_or_summary,,,,,,,,,,,,,,,,,,,summary_found,I:\Github\Latent_Style_TokenizerClean\SchrodingerBridge\archives\old_experiment_dirs\grid_search_3epoch\S-none_K-1_C-5_W-20_Col-15\full_eval\epoch_0002\summary.json,remote_summary_json_curated,summary_evidence,Remote curated summary.json after experiment-path filter.
I:\,2026-05-30,LANCET/LBM,schrodingerbridge_grid_search,schrodingerbridge_grid_search,,epoch_0003,full_eval_or_summary,,,,,,,,,,,,,,,,,,,summary_found,I:\Github\Latent_Style_TokenizerClean\SchrodingerBridge\archives\old_experiment_dirs\grid_search_3epoch\S-none_K-1_C-5_W-20_Col-15\full_eval\epoch_0003\summary.json,remote_summary_json_curated,summary_evidence,Remote curated summary.json after experiment-path filter.
I:\,2026-05-30,LANCET/LBM,schrodingerbridge_grid_search,schrodingerbridge_grid_search,,epoch_0004,full_eval_or_summary,,,,,,,,,,,,,,,,,,,summary_found,I:\Github\Latent_Style_TokenizerClean\SchrodingerBridge\archives\old_experiment_dirs\grid_search_3epoch\S-none_K-1_C-5_W-20_Col-15\full_eval\epoch_0004\summary.json,remote_summary_json_curated,summary_evidence,Remote curated summary.json after experiment-path filter.
I:\,2026-05-30,LANCET/LBM,schrodingerbridge_grid_search,schrodingerbridge_grid_search,,epoch_0005,full_eval_or_summary,,,,,,,,,,,,,,,,,,,summary_found,I:\Github\Latent_Style_TokenizerClean\SchrodingerBridge\archives\old_experiment_dirs\grid_search_3epoch\S-none_K-1_C-5_W-20_Col-15\full_eval\epoch_0005\summary.json,remote_summary_json_curated,summary_evidence,Remote curated summary.json after experiment-path filter.
I:\,2026-05-30,LANCET/LBM,schrodingerbridge_grid_search,schrodingerbridge_grid_search,,epoch_0006,full_eval_or_summary,,,,,,,,,,,,,,,,,,,summary_found,I:\Github\Latent_Style_TokenizerClean\SchrodingerBridge\archives\old_experiment_dirs\grid_search_3epoch\S-none_K-1_C-5_W-20_Col-15\full_eval\epoch_0006\summary.json,remote_summary_json_curated,summary_evidence,Remote curated summary.json after experiment-path filter.
I:\,2026-05-30,LANCET/LBM,schrodingerbridge_grid_search,schrodingerbridge_grid_search,,epoch_0007,full_eval_or_summary,,,,,,,,,,,,,,,,,,,summary_found,I:\Github\Latent_Style_TokenizerClean\SchrodingerBridge\archives\old_experiment_dirs\grid_search_3epoch\S-none_K-1_C-5_W-20_Col-15\full_eval\epoch_0007\summary.json,remote_summary_json_curated,summary_evidence,Remote curated summary.json after experiment-path filter.
I:\,2026-05-30,LANCET/LBM,schrodingerbridge_grid_search,schrodingerbridge_grid_search,,epoch_0008,full_eval_or_summary,,,,,,,,,,,,,,,,,,,summary_found,I:\Github\Latent_Style_TokenizerClean\SchrodingerBridge\archives\old_experiment_dirs\grid_search_3epoch\S-none_K-1_C-5_W-20_Col-15\full_eval\epoch_0008\summary.json,remote_summary_json_curated,summary_evidence,Remote curated summary.json after experiment-path filter.
I:\,2026-05-30,LANCET/LBM,schrodingerbridge_grid_search,schrodingerbridge_grid_search,,logs,train_or_eval_log,,,,,,,,,,,,s,,,,,,,log_found,I:\Github\Latent_Style_TokenizerClean\SchrodingerBridge\archives\old_experiment_dirs\grid_search_3epoch\S-none_K-1_C-5_W-20_Col-15\logs\training_20260510_093349.csv,remote_training_log_curated,log_evidence,Remote curated train/eval log after experiment-path filter.
I:\,2026-05-30,LANCET/LBM,schrodingerbridge_grid_search,schrodingerbridge_grid_search,,epoch_0001,full_eval_or_summary,,,,,,,,,,,,,,,,,,,summary_found,I:\Github\Latent_Style_TokenizerClean\SchrodingerBridge\archives\old_experiment_dirs\grid_search_3epoch\S-none_K-2_C-0_W-10_Col-0\full_eval\epoch_0001\summary.json,remote_summary_json_curated,summary_evidence,Remote curated summary.json after experiment-path filter.
I:\,2026-05-30,LANCET/LBM,schrodingerbridge_grid_search,schrodingerbridge_grid_search,,epoch_0002,full_eval_or_summary,,,,,,,,,,,,,,,,,,,summary_found,I:\Github\Latent_Style_TokenizerClean\SchrodingerBridge\archives\old_experiment_dirs\grid_search_3epoch\S-none_K-2_C-0_W-10_Col-0\full_eval\epoch_0002\summary.json,remote_summary_json_curated,summary_evidence,Remote curated summary.json after experiment-path filter.
I:\,2026-05-30,LANCET/LBM,schrodingerbridge_grid_search,schrodingerbridge_grid_search,,epoch_0003,full_eval_or_summary,,,,,,,,,,,,,,,,,,,summary_found,I:\Github\Latent_Style_TokenizerClean\SchrodingerBridge\archives\old_experiment_dirs\grid_search_3epoch\S-none_K-2_C-0_W-10_Col-0\full_eval\epoch_0003\summary.json,remote_summary_json_curated,summary_evidence,Remote curated summary.json after experiment-path filter.
I:\,2026-05-30,LANCET/LBM,schrodingerbridge_grid_search,schrodingerbridge_grid_search,,epoch_0004,full_eval_or_summary,,,,,,,,,,,,,,,,,,,summary_found,I:\Github\Latent_Style_TokenizerClean\SchrodingerBridge\archives\old_experiment_dirs\grid_search_3epoch\S-none_K-2_C-0_W-10_Col-0\full_eval\epoch_0004\summary.json,remote_summary_json_curated,summary_evidence,Remote curated summary.json after experiment-path filter.
I:\,2026-05-30,LANCET/LBM,schrodingerbridge_grid_search,schrodingerbridge_grid_search,,epoch_0005,full_eval_or_summary,,,,,,,,,,,,,,,,,,,summary_found,I:\Github\Latent_Style_TokenizerClean\SchrodingerBridge\archives\old_experiment_dirs\grid_search_3epoch\S-none_K-2_C-0_W-10_Col-0\full_eval\epoch_0005\summary.json,remote_summary_json_curated,summary_evidence,Remote curated summary.json after experiment-path filter.
I:\,2026-05-30,LANCET/LBM,schrodingerbridge_grid_search,schrodingerbridge_grid_search,,epoch_0006,full_eval_or_summary,,,,,,,,,,,,,,,,,,,summary_found,I:\Github\Latent_Style_TokenizerClean\SchrodingerBridge\archives\old_experiment_dirs\grid_search_3epoch\S-none_K-2_C-0_W-10_Col-0\full_eval\epoch_0006\summary.json,remote_summary_json_curated,summary_evidence,Remote curated summary.json after experiment-path filter.
I:\,2026-05-30,LANCET/LBM,schrodingerbridge_grid_search,schrodingerbridge_grid_search,,epoch_0007,full_eval_or_summary,,,,,,,,,,,,,,,,,,,summary_found,I:\Github\Latent_Style_TokenizerClean\SchrodingerBridge\archives\old_experiment_dirs\grid_search_3epoch\S-none_K-2_C-0_W-10_Col-0\full_eval\epoch_0007\summary.json,remote_summary_json_curated,summary_evidence,Remote curated summary.json after experiment-path filter.
I:\,2026-05-30,LANCET/LBM,schrodingerbridge_grid_search,schrodingerbridge_grid_search,,epoch_0008,full_eval_or_summary,,,,,,,,,,,,,,,,,,,summary_found,I:\Github\Latent_Style_TokenizerClean\SchrodingerBridge\archives\old_experiment_dirs\grid_search_3epoch\S-none_K-2_C-0_W-10_Col-0\full_eval\epoch_0008\summary.json,remote_summary_json_curated,summary_evidence,Remote curated summary.json after experiment-path filter.
I:\,2026-05-30,LANCET/LBM,schrodingerbridge_grid_search,schrodingerbridge_grid_search,,logs,train_or_eval_log,,,,,,,,,,,,s,,,,,,,log_found,I:\Github\Latent_Style_TokenizerClean\SchrodingerBridge\archives\old_experiment_dirs\grid_search_3epoch\S-none_K-2_C-0_W-10_Col-0\logs\training_20260510_095515.csv,remote_training_log_curated,log_evidence,Remote curated train/eval log after experiment-path filter.
I:\,2026-05-30,LANCET/LBM,schrodingerbridge_grid_search,schrodingerbridge_grid_search,,epoch_0001,full_eval_or_summary,,,,,,,,,,,,,,,,,,,summary_found,I:\Github\Latent_Style_TokenizerClean\SchrodingerBridge\archives\old_experiment_dirs\grid_search_3epoch\S-none_K-2_C-0_W-10_Col-15\full_eval\epoch_0001\summary.json,remote_summary_json_curated,summary_evidence,Remote curated summary.json after experiment-path filter.
I:\,2026-05-30,LANCET/LBM,schrodingerbridge_grid_search,schrodingerbridge_grid_search,,epoch_0002,full_eval_or_summary,,,,,,,,,,,,,,,,,,,summary_found,I:\Github\Latent_Style_TokenizerClean\SchrodingerBridge\archives\old_experiment_dirs\grid_search_3epoch\S-none_K-2_C-0_W-10_Col-15\full_eval\epoch_0002\summary.json,remote_summary_json_curated,summary_evidence,Remote curated summary.json after experiment-path filter.
I:\,2026-05-30,LANCET/LBM,schrodingerbridge_grid_search,schrodingerbridge_grid_search,,epoch_0003,full_eval_or_summary,,,,,,,,,,,,,,,,,,,summary_found,I:\Github\Latent_Style_TokenizerClean\SchrodingerBridge\archives\old_experiment_dirs\grid_search_3epoch\S-none_K-2_C-0_W-10_Col-15\full_eval\epoch_0003\summary.json,remote_summary_json_curated,summary_evidence,Remote curated summary.json after experiment-path filter.
I:\,2026-05-30,LANCET/LBM,schrodingerbridge_grid_search,schrodingerbridge_grid_search,,epoch_0004,full_eval_or_summary,,,,,,,,,,,,,,,,,,,summary_found,I:\Github\Latent_Style_TokenizerClean\SchrodingerBridge\archives\old_experiment_dirs\grid_search_3epoch\S-none_K-2_C-0_W-10_Col-15\full_eval\epoch_0004\summary.json,remote_summary_json_curated,summary_evidence,Remote curated summary.json after experiment-path filter.
I:\,2026-05-30,LANCET/LBM,schrodingerbridge_grid_search,schrodingerbridge_grid_search,,epoch_0005,full_eval_or_summary,,,,,,,,,,,,,,,,,,,summary_found,I:\Github\Latent_Style_TokenizerClean\SchrodingerBridge\archives\old_experiment_dirs\grid_search_3epoch\S-none_K-2_C-0_W-10_Col-15\full_eval\epoch_0005\summary.json,remote_summary_json_curated,summary_evidence,Remote curated summary.json after experiment-path filter.
I:\,2026-05-30,LANCET/LBM,schrodingerbridge_grid_search,schrodingerbridge_grid_search,,epoch_0006,full_eval_or_summary,,,,,,,,,,,,,,,,,,,summary_found,I:\Github\Latent_Style_TokenizerClean\SchrodingerBridge\archives\old_experiment_dirs\grid_search_3epoch\S-none_K-2_C-0_W-10_Col-15\full_eval\epoch_0006\summary.json,remote_summary_json_curated,summary_evidence,Remote curated summary.json after experiment-path filter.
I:\,2026-05-30,LANCET/LBM,schrodingerbridge_grid_search,schrodingerbridge_grid_search,,epoch_0007,full_eval_or_summary,,,,,,,,,,,,,,,,,,,summary_found,I:\Github\Latent_Style_TokenizerClean\SchrodingerBridge\archives\old_experiment_dirs\grid_search_3epoch\S-none_K-2_C-0_W-10_Col-15\full_eval\epoch_0007\summary.json,remote_summary_json_curated,summary_evidence,Remote curated summary.json after experiment-path filter.
I:\,2026-05-30,LANCET/LBM,schrodingerbridge_grid_search,schrodingerbridge_grid_search,,epoch_0008,full_eval_or_summary,,,,,,,,,,,,,,,,,,,summary_found,I:\Github\Latent_Style_TokenizerClean\SchrodingerBridge\archives\old_experiment_dirs\grid_search_3epoch\S-none_K-2_C-0_W-10_Col-15\full_eval\epoch_0008\summary.json,remote_summary_json_curated,summary_evidence,Remote curated summary.json after experiment-path filter.
I:\,2026-05-30,LANCET/LBM,schrodingerbridge_grid_search,schrodingerbridge_grid_search,,logs,train_or_eval_log,,,,,,,,,,,,s,,,,,,,log_found,I:\Github\Latent_Style_TokenizerClean\SchrodingerBridge\archives\old_experiment_dirs\grid_search_3epoch\S-none_K-2_C-0_W-10_Col-15\logs\training_20260510_101148.csv,remote_training_log_curated,log_evidence,Remote curated train/eval log after experiment-path filter.
I:\,2026-05-30,LANCET/LBM,schrodingerbridge_grid_search,schrodingerbridge_grid_search,,epoch_0001,full_eval_or_summary,,,,,,,,,,,,,,,,,,,summary_found,I:\Github\Latent_Style_TokenizerClean\SchrodingerBridge\archives\old_experiment_dirs\grid_search_3epoch\S-none_K-2_C-0_W-20_Col-0\full_eval\epoch_0001\summary.json,remote_summary_json_curated,summary_evidence,Remote curated summary.json after experiment-path filter.
I:\,2026-05-30,LANCET/LBM,schrodingerbridge_grid_search,schrodingerbridge_grid_search,,epoch_0002,full_eval_or_summary,,,,,,,,,,,,,,,,,,,summary_found,I:\Github\Latent_Style_TokenizerClean\SchrodingerBridge\archives\old_experiment_dirs\grid_search_3epoch\S-none_K-2_C-0_W-20_Col-0\full_eval\epoch_0002\summary.json,remote_summary_json_curated,summary_evidence,Remote curated summary.json after experiment-path filter.
I:\,2026-05-30,LANCET/LBM,schrodingerbridge_grid_search,schrodingerbridge_grid_search,,epoch_0003,full_eval_or_summary,,,,,,,,,,,,,,,,,,,summary_found,I:\Github\Latent_Style_TokenizerClean\SchrodingerBridge\archives\old_experiment_dirs\grid_search_3epoch\S-none_K-2_C-0_W-20_Col-0\full_eval\epoch_0003\summary.json,remote_summary_json_curated,summary_evidence,Remote curated summary.json after experiment-path filter.
I:\,2026-05-30,LANCET/LBM,schrodingerbridge_grid_search,schrodingerbridge_grid_search,,epoch_0004,full_eval_or_summary,,,,,,,,,,,,,,,,,,,summary_found,I:\Github\Latent_Style_TokenizerClean\SchrodingerBridge\archives\old_experiment_dirs\grid_search_3epoch\S-none_K-2_C-0_W-20_Col-0\full_eval\epoch_0004\summary.json,remote_summary_json_curated,summary_evidence,Remote curated summary.json after experiment-path filter.
I:\,2026-05-30,LANCET/LBM,schrodingerbridge_grid_search,schrodingerbridge_grid_search,,epoch_0005,full_eval_or_summary,,,,,,,,,,,,,,,,,,,summary_found,I:\Github\Latent_Style_TokenizerClean\SchrodingerBridge\archives\old_experiment_dirs\grid_search_3epoch\S-none_K-2_C-0_W-20_Col-0\full_eval\epoch_0005\summary.json,remote_summary_json_curated,summary_evidence,Remote curated summary.json after experiment-path filter.
I:\,2026-05-30,LANCET/LBM,schrodingerbridge_grid_search,schrodingerbridge_grid_search,,epoch_0006,full_eval_or_summary,,,,,,,,,,,,,,,,,,,summary_found,I:\Github\Latent_Style_TokenizerClean\SchrodingerBridge\archives\old_experiment_dirs\grid_search_3epoch\S-none_K-2_C-0_W-20_Col-0\full_eval\epoch_0006\summary.json,remote_summary_json_curated,summary_evidence,Remote curated summary.json after experiment-path filter.
I:\,2026-05-30,LANCET/LBM,schrodingerbridge_grid_search,schrodingerbridge_grid_search,,epoch_0007,full_eval_or_summary,,,,,,,,,,,,,,,,,,,summary_found,I:\Github\Latent_Style_TokenizerClean\SchrodingerBridge\archives\old_experiment_dirs\grid_search_3epoch\S-none_K-2_C-0_W-20_Col-0\full_eval\epoch_0007\summary.json,remote_summary_json_curated,summary_evidence,Remote curated summary.json after experiment-path filter.
I:\,2026-05-30,LANCET/LBM,schrodingerbridge_grid_search,schrodingerbridge_grid_search,,epoch_0008,full_eval_or_summary,,,,,,,,,,,,,,,,,,,summary_found,I:\Github\Latent_Style_TokenizerClean\SchrodingerBridge\archives\old_experiment_dirs\grid_search_3epoch\S-none_K-2_C-0_W-20_Col-0\full_eval\epoch_0008\summary.json,remote_summary_json_curated,summary_evidence,Remote curated summary.json after experiment-path filter.
I:\,2026-05-30,LANCET/LBM,schrodingerbridge_grid_search,schrodingerbridge_grid_search,,logs,train_or_eval_log,,,,,,,,,,,,s,,,,,,,log_found,I:\Github\Latent_Style_TokenizerClean\SchrodingerBridge\archives\old_experiment_dirs\grid_search_3epoch\S-none_K-2_C-0_W-20_Col-0\logs\training_20260510_102819.csv,remote_training_log_curated,log_evidence,Remote curated train/eval log after experiment-path filter.
I:\,2026-05-30,LANCET/LBM,schrodingerbridge_grid_search,schrodingerbridge_grid_search,,epoch_0001,full_eval_or_summary,,,,,,,,,,,,,,,,,,,summary_found,I:\Github\Latent_Style_TokenizerClean\SchrodingerBridge\archives\old_experiment_dirs\grid_search_3epoch\S-none_K-2_C-0_W-20_Col-15\full_eval\epoch_0001\summary.json,remote_summary_json_curated,summary_evidence,Remote curated summary.json after experiment-path filter.
I:\,2026-05-30,LANCET/LBM,schrodingerbridge_grid_search,schrodingerbridge_grid_search,,epoch_0002,full_eval_or_summary,,,,,,,,,,,,,,,,,,,summary_found,I:\Github\Latent_Style_TokenizerClean\SchrodingerBridge\archives\old_experiment_dirs\grid_search_3epoch\S-none_K-2_C-0_W-20_Col-15\full_eval\epoch_0002\summary.json,remote_summary_json_curated,summary_evidence,Remote curated summary.json after experiment-path filter.
I:\,2026-05-30,LANCET/LBM,schrodingerbridge_grid_search,schrodingerbridge_grid_search,,epoch_0003,full_eval_or_summary,,,,,,,,,,,,,,,,,,,summary_found,I:\Github\Latent_Style_TokenizerClean\SchrodingerBridge\archives\old_experiment_dirs\grid_search_3epoch\S-none_K-2_C-0_W-20_Col-15\full_eval\epoch_0003\summary.json,remote_summary_json_curated,summary_evidence,Remote curated summary.json after experiment-path filter.
I:\,2026-05-30,LANCET/LBM,schrodingerbridge_grid_search,schrodingerbridge_grid_search,,epoch_0004,full_eval_or_summary,,,,,,,,,,,,,,,,,,,summary_found,I:\Github\Latent_Style_TokenizerClean\SchrodingerBridge\archives\old_experiment_dirs\grid_search_3epoch\S-none_K-2_C-0_W-20_Col-15\full_eval\epoch_0004\summary.json,remote_summary_json_curated,summary_evidence,Remote curated summary.json after experiment-path filter.
I:\,2026-05-30,LANCET/LBM,schrodingerbridge_grid_search,schrodingerbridge_grid_search,,epoch_0005,full_eval_or_summary,,,,,,,,,,,,,,,,,,,summary_found,I:\Github\Latent_Style_TokenizerClean\SchrodingerBridge\archives\old_experiment_dirs\grid_search_3epoch\S-none_K-2_C-0_W-20_Col-15\full_eval\epoch_0005\summary.json,remote_summary_json_curated,summary_evidence,Remote curated summary.json after experiment-path filter.
I:\,2026-05-30,LANCET/LBM,schrodingerbridge_grid_search,schrodingerbridge_grid_search,,epoch_0006,full_eval_or_summary,,,,,,,,,,,,,,,,,,,summary_found,I:\Github\Latent_Style_TokenizerClean\SchrodingerBridge\archives\old_experiment_dirs\grid_search_3epoch\S-none_K-2_C-0_W-20_Col-15\full_eval\epoch_0006\summary.json,remote_summary_json_curated,summary_evidence,Remote curated summary.json after experiment-path filter.
I:\,2026-05-30,LANCET/LBM,schrodingerbridge_grid_search,schrodingerbridge_grid_search,,epoch_0007,full_eval_or_summary,,,,,,,,,,,,,,,,,,,summary_found,I:\Github\Latent_Style_TokenizerClean\SchrodingerBridge\archives\old_experiment_dirs\grid_search_3epoch\S-none_K-2_C-0_W-20_Col-15\full_eval\epoch_0007\summary.json,remote_summary_json_curated,summary_evidence,Remote curated summary.json after experiment-path filter.
I:\,2026-05-30,LANCET/LBM,schrodingerbridge_grid_search,schrodingerbridge_grid_search,,epoch_0008,full_eval_or_summary,,,,,,,,,,,,,,,,,,,summary_found,I:\Github\Latent_Style_TokenizerClean\SchrodingerBridge\archives\old_experiment_dirs\grid_search_3epoch\S-none_K-2_C-0_W-20_Col-15\full_eval\epoch_0008\summary.json,remote_summary_json_curated,summary_evidence,Remote curated summary.json after experiment-path filter.
I:\,2026-05-30,LANCET/LBM,schrodingerbridge_grid_search,schrodingerbridge_grid_search,,logs,train_or_eval_log,,,,,,,,,,,,s,,,,,,,log_found,I:\Github\Latent_Style_TokenizerClean\SchrodingerBridge\archives\old_experiment_dirs\grid_search_3epoch\S-none_K-2_C-0_W-20_Col-15\logs\training_20260510_104451.csv,remote_training_log_curated,log_evidence,Remote curated train/eval log after experiment-path filter.
I:\,2026-05-30,LANCET/LBM,schrodingerbridge_grid_search,schrodingerbridge_grid_search,,epoch_0001,full_eval_or_summary,,,,,,,,,,,,,,,,,,,summary_found,I:\Github\Latent_Style_TokenizerClean\SchrodingerBridge\archives\old_experiment_dirs\grid_search_3epoch\S-none_K-2_C-2_W-10_Col-0\full_eval\epoch_0001\summary.json,remote_summary_json_curated,summary_evidence,Remote curated summary.json after experiment-path filter.
I:\,2026-05-30,LANCET/LBM,schrodingerbridge_grid_search,schrodingerbridge_grid_search,,epoch_0002,full_eval_or_summary,,,,,,,,,,,,,,,,,,,summary_found,I:\Github\Latent_Style_TokenizerClean\SchrodingerBridge\archives\old_experiment_dirs\grid_search_3epoch\S-none_K-2_C-2_W-10_Col-0\full_eval\epoch_0002\summary.json,remote_summary_json_curated,summary_evidence,Remote curated summary.json after experiment-path filter.
I:\,2026-05-30,LANCET/LBM,schrodingerbridge_grid_search,schrodingerbridge_grid_search,,epoch_0003,full_eval_or_summary,,,,,,,,,,,,,,,,,,,summary_found,I:\Github\Latent_Style_TokenizerClean\SchrodingerBridge\archives\old_experiment_dirs\grid_search_3epoch\S-none_K-2_C-2_W-10_Col-0\full_eval\epoch_0003\summary.json,remote_summary_json_curated,summary_evidence,Remote curated summary.json after experiment-path filter.
I:\,2026-05-30,LANCET/LBM,schrodingerbridge_grid_search,schrodingerbridge_grid_search,,epoch_0004,full_eval_or_summary,,,,,,,,,,,,,,,,,,,summary_found,I:\Github\Latent_Style_TokenizerClean\SchrodingerBridge\archives\old_experiment_dirs\grid_search_3epoch\S-none_K-2_C-2_W-10_Col-0\full_eval\epoch_0004\summary.json,remote_summary_json_curated,summary_evidence,Remote curated summary.json after experiment-path filter.
I:\,2026-05-30,LANCET/LBM,schrodingerbridge_grid_search,schrodingerbridge_grid_search,,epoch_0005,full_eval_or_summary,,,,,,,,,,,,,,,,,,,summary_found,I:\Github\Latent_Style_TokenizerClean\SchrodingerBridge\archives\old_experiment_dirs\grid_search_3epoch\S-none_K-2_C-2_W-10_Col-0\full_eval\epoch_0005\summary.json,remote_summary_json_curated,summary_evidence,Remote curated summary.json after experiment-path filter.
I:\,2026-05-30,LANCET/LBM,schrodingerbridge_grid_search,schrodingerbridge_grid_search,,epoch_0006,full_eval_or_summary,,,,,,,,,,,,,,,,,,,summary_found,I:\Github\Latent_Style_TokenizerClean\SchrodingerBridge\archives\old_experiment_dirs\grid_search_3epoch\S-none_K-2_C-2_W-10_Col-0\full_eval\epoch_0006\summary.json,remote_summary_json_curated,summary_evidence,Remote curated summary.json after experiment-path filter.
I:\,2026-05-30,LANCET/LBM,schrodingerbridge_grid_search,schrodingerbridge_grid_search,,epoch_0007,full_eval_or_summary,,,,,,,,,,,,,,,,,,,summary_found,I:\Github\Latent_Style_TokenizerClean\SchrodingerBridge\archives\old_experiment_dirs\grid_search_3epoch\S-none_K-2_C-2_W-10_Col-0\full_eval\epoch_0007\summary.json,remote_summary_json_curated,summary_evidence,Remote curated summary.json after experiment-path filter.
I:\,2026-05-30,LANCET/LBM,schrodingerbridge_grid_search,schrodingerbridge_grid_search,,epoch_0008,full_eval_or_summary,,,,,,,,,,,,,,,,,,,summary_found,I:\Github\Latent_Style_TokenizerClean\SchrodingerBridge\archives\old_experiment_dirs\grid_search_3epoch\S-none_K-2_C-2_W-10_Col-0\full_eval\epoch_0008\summary.json,remote_summary_json_curated,summary_evidence,Remote curated summary.json after experiment-path filter.
I:\,2026-05-30,LANCET/LBM,schrodingerbridge_grid_search,schrodingerbridge_grid_search,,logs,train_or_eval_log,,,,,,,,,,,,s,,,,,,,log_found,I:\Github\Latent_Style_TokenizerClean\SchrodingerBridge\archives\old_experiment_dirs\grid_search_3epoch\S-none_K-2_C-2_W-10_Col-0\logs\training_20260510_110129.csv,remote_training_log_curated,log_evidence,Remote curated train/eval log after experiment-path filter.
I:\,2026-05-30,LANCET/LBM,schrodingerbridge_grid_search,schrodingerbridge_grid_search,,epoch_0001,full_eval_or_summary,,,,,,,,,,,,,,,,,,,summary_found,I:\Github\Latent_Style_TokenizerClean\SchrodingerBridge\archives\old_experiment_dirs\grid_search_3epoch\S-none_K-2_C-2_W-10_Col-15\full_eval\epoch_0001\summary.json,remote_summary_json_curated,summary_evidence,Remote curated summary.json after experiment-path filter.
I:\,2026-05-30,LANCET/LBM,schrodingerbridge_grid_search,schrodingerbridge_grid_search,,epoch_0002,full_eval_or_summary,,,,,,,,,,,,,,,,,,,summary_found,I:\Github\Latent_Style_TokenizerClean\SchrodingerBridge\archives\old_experiment_dirs\grid_search_3epoch\S-none_K-2_C-2_W-10_Col-15\full_eval\epoch_0002\summary.json,remote_summary_json_curated,summary_evidence,Remote curated summary.json after experiment-path filter.
I:\,2026-05-30,LANCET/LBM,schrodingerbridge_grid_search,schrodingerbridge_grid_search,,epoch_0003,full_eval_or_summary,,,,,,,,,,,,,,,,,,,summary_found,I:\Github\Latent_Style_TokenizerClean\SchrodingerBridge\archives\old_experiment_dirs\grid_search_3epoch\S-none_K-2_C-2_W-10_Col-15\full_eval\epoch_0003\summary.json,remote_summary_json_curated,summary_evidence,Remote curated summary.json after experiment-path filter.
I:\,2026-05-30,LANCET/LBM,schrodingerbridge_grid_search,schrodingerbridge_grid_search,,epoch_0004,full_eval_or_summary,,,,,,,,,,,,,,,,,,,summary_found,I:\Github\Latent_Style_TokenizerClean\SchrodingerBridge\archives\old_experiment_dirs\grid_search_3epoch\S-none_K-2_C-2_W-10_Col-15\full_eval\epoch_0004\summary.json,remote_summary_json_curated,summary_evidence,Remote curated summary.json after experiment-path filter.
I:\,2026-05-30,LANCET/LBM,schrodingerbridge_grid_search,schrodingerbridge_grid_search,,epoch_0005,full_eval_or_summary,,,,,,,,,,,,,,,,,,,summary_found,I:\Github\Latent_Style_TokenizerClean\SchrodingerBridge\archives\old_experiment_dirs\grid_search_3epoch\S-none_K-2_C-2_W-10_Col-15\full_eval\epoch_0005\summary.json,remote_summary_json_curated,summary_evidence,Remote curated summary.json after experiment-path filter.
I:\,2026-05-30,LANCET/LBM,schrodingerbridge_grid_search,schrodingerbridge_grid_search,,epoch_0006,full_eval_or_summary,,,,,,,,,,,,,,,,,,,summary_found,I:\Github\Latent_Style_TokenizerClean\SchrodingerBridge\archives\old_experiment_dirs\grid_search_3epoch\S-none_K-2_C-2_W-10_Col-15\full_eval\epoch_0006\summary.json,remote_summary_json_curated,summary_evidence,Remote curated summary.json after experiment-path filter.
I:\,2026-05-30,LANCET/LBM,schrodingerbridge_grid_search,schrodingerbridge_grid_search,,epoch_0007,full_eval_or_summary,,,,,,,,,,,,,,,,,,,summary_found,I:\Github\Latent_Style_TokenizerClean\SchrodingerBridge\archives\old_experiment_dirs\grid_search_3epoch\S-none_K-2_C-2_W-10_Col-15\full_eval\epoch_0007\summary.json,remote_summary_json_curated,summary_evidence,Remote curated summary.json after experiment-path filter.
I:\,2026-05-30,LANCET/LBM,schrodingerbridge_grid_search,schrodingerbridge_grid_search,,epoch_0008,full_eval_or_summary,,,,,,,,,,,,,,,,,,,summary_found,I:\Github\Latent_Style_TokenizerClean\SchrodingerBridge\archives\old_experiment_dirs\grid_search_3epoch\S-none_K-2_C-2_W-10_Col-15\full_eval\epoch_0008\summary.json,remote_summary_json_curated,summary_evidence,Remote curated summary.json after experiment-path filter.
I:\,2026-05-30,LANCET/LBM,schrodingerbridge_grid_search,schrodingerbridge_grid_search,,logs,train_or_eval_log,,,,,,,,,,,,s,,,,,,,log_found,I:\Github\Latent_Style_TokenizerClean\SchrodingerBridge\archives\old_experiment_dirs\grid_search_3epoch\S-none_K-2_C-2_W-10_Col-15\logs\training_20260510_112305.csv,remote_training_log_curated,log_evidence,Remote curated train/eval log after experiment-path filter.
I:\,2026-05-30,LANCET/LBM,schrodingerbridge_grid_search,schrodingerbridge_grid_search,,epoch_0001,full_eval_or_summary,,,,,,,,,,,,,,,,,,,summary_found,I:\Github\Latent_Style_TokenizerClean\SchrodingerBridge\archives\old_experiment_dirs\grid_search_3epoch\S-none_K-2_C-2_W-20_Col-0\full_eval\epoch_0001\summary.json,remote_summary_json_curated,summary_evidence,Remote curated summary.json after experiment-path filter.
I:\,2026-05-30,LANCET/LBM,schrodingerbridge_grid_search,schrodingerbridge_grid_search,,epoch_0002,full_eval_or_summary,,,,,,,,,,,,,,,,,,,summary_found,I:\Github\Latent_Style_TokenizerClean\SchrodingerBridge\archives\old_experiment_dirs\grid_search_3epoch\S-none_K-2_C-2_W-20_Col-0\full_eval\epoch_0002\summary.json,remote_summary_json_curated,summary_evidence,Remote curated summary.json after experiment-path filter.
I:\,2026-05-30,LANCET/LBM,schrodingerbridge_grid_search,schrodingerbridge_grid_search,,epoch_0003,full_eval_or_summary,,,,,,,,,,,,,,,,,,,summary_found,I:\Github\Latent_Style_TokenizerClean\SchrodingerBridge\archives\old_experiment_dirs\grid_search_3epoch\S-none_K-2_C-2_W-20_Col-0\full_eval\epoch_0003\summary.json,remote_summary_json_curated,summary_evidence,Remote curated summary.json after experiment-path filter.
I:\,2026-05-30,LANCET/LBM,schrodingerbridge_grid_search,schrodingerbridge_grid_search,,epoch_0004,full_eval_or_summary,,,,,,,,,,,,,,,,,,,summary_found,I:\Github\Latent_Style_TokenizerClean\SchrodingerBridge\archives\old_experiment_dirs\grid_search_3epoch\S-none_K-2_C-2_W-20_Col-0\full_eval\epoch_0004\summary.json,remote_summary_json_curated,summary_evidence,Remote curated summary.json after experiment-path filter.
I:\,2026-05-30,LANCET/LBM,schrodingerbridge_grid_search,schrodingerbridge_grid_search,,epoch_0005,full_eval_or_summary,,,,,,,,,,,,,,,,,,,summary_found,I:\Github\Latent_Style_TokenizerClean\SchrodingerBridge\archives\old_experiment_dirs\grid_search_3epoch\S-none_K-2_C-2_W-20_Col-0\full_eval\epoch_0005\summary.json,remote_summary_json_curated,summary_evidence,Remote curated summary.json after experiment-path filter.
I:\,2026-05-30,LANCET/LBM,schrodingerbridge_grid_search,schrodingerbridge_grid_search,,epoch_0006,full_eval_or_summary,,,,,,,,,,,,,,,,,,,summary_found,I:\Github\Latent_Style_TokenizerClean\SchrodingerBridge\archives\old_experiment_dirs\grid_search_3epoch\S-none_K-2_C-2_W-20_Col-0\full_eval\epoch_0006\summary.json,remote_summary_json_curated,summary_evidence,Remote curated summary.json after experiment-path filter.
I:\,2026-05-30,LANCET/LBM,schrodingerbridge_grid_search,schrodingerbridge_grid_search,,epoch_0007,full_eval_or_summary,,,,,,,,,,,,,,,,,,,summary_found,I:\Github\Latent_Style_TokenizerClean\SchrodingerBridge\archives\old_experiment_dirs\grid_search_3epoch\S-none_K-2_C-2_W-20_Col-0\full_eval\epoch_0007\summary.json,remote_summary_json_curated,summary_evidence,Remote curated summary.json after experiment-path filter.
I:\,2026-05-30,LANCET/LBM,schrodingerbridge_grid_search,schrodingerbridge_grid_search,,epoch_0008,full_eval_or_summary,,,,,,,,,,,,,,,,,,,summary_found,I:\Github\Latent_Style_TokenizerClean\SchrodingerBridge\archives\old_experiment_dirs\grid_search_3epoch\S-none_K-2_C-2_W-20_Col-0\full_eval\epoch_0008\summary.json,remote_summary_json_curated,summary_evidence,Remote curated summary.json after experiment-path filter.
I:\,2026-05-30,LANCET/LBM,schrodingerbridge_grid_search,schrodingerbridge_grid_search,,logs,train_or_eval_log,,,,,,,,,,,,s,,,,,,,log_found,I:\Github\Latent_Style_TokenizerClean\SchrodingerBridge\archives\old_experiment_dirs\grid_search_3epoch\S-none_K-2_C-2_W-20_Col-0\logs\training_20260510_114429.csv,remote_training_log_curated,log_evidence,Remote curated train/eval log after experiment-path filter.
I:\,2026-05-30,LANCET/LBM,schrodingerbridge_grid_search,schrodingerbridge_grid_search,,epoch_0001,full_eval_or_summary,,,,,,,,,,,,,,,,,,,summary_found,I:\Github\Latent_Style_TokenizerClean\SchrodingerBridge\archives\old_experiment_dirs\grid_search_3epoch\S-none_K-2_C-2_W-20_Col-15\full_eval\epoch_0001\summary.json,remote_summary_json_curated,summary_evidence,Remote curated summary.json after experiment-path filter.
I:\,2026-05-30,LANCET/LBM,schrodingerbridge_grid_search,schrodingerbridge_grid_search,,epoch_0002,full_eval_or_summary,,,,,,,,,,,,,,,,,,,summary_found,I:\Github\Latent_Style_TokenizerClean\SchrodingerBridge\archives\old_experiment_dirs\grid_search_3epoch\S-none_K-2_C-2_W-20_Col-15\full_eval\epoch_0002\summary.json,remote_summary_json_curated,summary_evidence,Remote curated summary.json after experiment-path filter.
I:\,2026-05-30,LANCET/LBM,schrodingerbridge_grid_search,schrodingerbridge_grid_search,,epoch_0003,full_eval_or_summary,,,,,,,,,,,,,,,,,,,summary_found,I:\Github\Latent_Style_TokenizerClean\SchrodingerBridge\archives\old_experiment_dirs\grid_search_3epoch\S-none_K-2_C-2_W-20_Col-15\full_eval\epoch_0003\summary.json,remote_summary_json_curated,summary_evidence,Remote curated summary.json after experiment-path filter.
I:\,2026-05-30,LANCET/LBM,schrodingerbridge_grid_search,schrodingerbridge_grid_search,,epoch_0004,full_eval_or_summary,,,,,,,,,,,,,,,,,,,summary_found,I:\Github\Latent_Style_TokenizerClean\SchrodingerBridge\archives\old_experiment_dirs\grid_search_3epoch\S-none_K-2_C-2_W-20_Col-15\full_eval\epoch_0004\summary.json,remote_summary_json_curated,summary_evidence,Remote curated summary.json after experiment-path filter.
I:\,2026-05-30,LANCET/LBM,schrodingerbridge_grid_search,schrodingerbridge_grid_search,,epoch_0005,full_eval_or_summary,,,,,,,,,,,,,,,,,,,summary_found,I:\Github\Latent_Style_TokenizerClean\SchrodingerBridge\archives\old_experiment_dirs\grid_search_3epoch\S-none_K-2_C-2_W-20_Col-15\full_eval\epoch_0005\summary.json,remote_summary_json_curated,summary_evidence,Remote curated summary.json after experiment-path filter.
I:\,2026-05-30,LANCET/LBM,schrodingerbridge_grid_search,schrodingerbridge_grid_search,,epoch_0006,full_eval_or_summary,,,,,,,,,,,,,,,,,,,summary_found,I:\Github\Latent_Style_TokenizerClean\SchrodingerBridge\archives\old_experiment_dirs\grid_search_3epoch\S-none_K-2_C-2_W-20_Col-15\full_eval\epoch_0006\summary.json,remote_summary_json_curated,summary_evidence,Remote curated summary.json after experiment-path filter.
I:\,2026-05-30,LANCET/LBM,schrodingerbridge_grid_search,schrodingerbridge_grid_search,,epoch_0007,full_eval_or_summary,,,,,,,,,,,,,,,,,,,summary_found,I:\Github\Latent_Style_TokenizerClean\SchrodingerBridge\archives\old_experiment_dirs\grid_search_3epoch\S-none_K-2_C-2_W-20_Col-15\full_eval\epoch_0007\summary.json,remote_summary_json_curated,summary_evidence,Remote curated summary.json after experiment-path filter.
I:\,2026-05-30,LANCET/LBM,schrodingerbridge_grid_search,schrodingerbridge_grid_search,,epoch_0008,full_eval_or_summary,,,,,,,,,,,,,,,,,,,summary_found,I:\Github\Latent_Style_TokenizerClean\SchrodingerBridge\archives\old_experiment_dirs\grid_search_3epoch\S-none_K-2_C-2_W-20_Col-15\full_eval\epoch_0008\summary.json,remote_summary_json_curated,summary_evidence,Remote curated summary.json after experiment-path filter.
I:\,2026-05-30,LANCET/LBM,schrodingerbridge_grid_search,schrodingerbridge_grid_search,,logs,train_or_eval_log,,,,,,,,,,,,s,,,,,,,log_found,I:\Github\Latent_Style_TokenizerClean\SchrodingerBridge\archives\old_experiment_dirs\grid_search_3epoch\S-none_K-2_C-2_W-20_Col-15\logs\training_20260510_120543.csv,remote_training_log_curated,log_evidence,Remote curated train/eval log after experiment-path filter.
I:\,2026-05-30,LANCET/LBM,schrodingerbridge_grid_search,schrodingerbridge_grid_search,,logs,train_or_eval_log,,,,,,,,,,,,s,,,,,,,log_found,I:\Github\Latent_Style_TokenizerClean\SchrodingerBridge\archives\old_experiment_dirs\grid_search_3epoch\S-none_K-2_C-5_W-10_Col-0\logs\training_20260510_122855.csv,remote_training_log_curated,log_evidence,Remote curated train/eval log after experiment-path filter.
I:\,2026-05-30,LANCET/LBM,schrodingerbridge_grid_search,schrodingerbridge_grid_search,,epoch_0010,full_eval_or_summary,,,,,,,,,,,,,,,,,,,summary_found,I:\Github\Latent_Style_TokenizerClean\SchrodingerBridge\exp\configs\orthogonal_phase_space_sweep_30_validation\full_eval\g0_universe_center_ste_fix\epoch_0010\summary.json,remote_summary_json_curated,summary_evidence,Remote curated summary.json after experiment-path filter.
I:\,2026-05-30,LANCET/LBM,schrodingerbridge_grid_search,schrodingerbridge_grid_search,,epoch_0020,full_eval_or_summary,,,,,,,,,,,,,,,,,,,summary_found,I:\Github\Latent_Style_TokenizerClean\SchrodingerBridge\exp\configs\orthogonal_phase_space_sweep_30_validation\full_eval\g0_universe_center_ste_fix\epoch_0020\summary.json,remote_summary_json_curated,summary_evidence,Remote curated summary.json after experiment-path filter.
I:\,2026-05-30,LANCET/LBM,schrodingerbridge_grid_search,schrodingerbridge_grid_search,,logs,train_or_eval_log,,,,,,,,,,,,s,,,,,,,log_found,I:\Github\Latent_Style_TokenizerClean\SchrodingerBridge\exp\configs\orthogonal_phase_space_sweep_30_validation\g0_universe_center_ste_fix\logs\training_20260509_141049.csv,remote_training_log_curated,log_evidence,Remote curated train/eval log after experiment-path filter.
I:\,2026-05-30,LANCET/LBM,schrodingerbridge_grid_search,schrodingerbridge_grid_search,,epoch_0010,full_eval_or_summary,,,,,,,,,,,,,,,,,,,summary_found,I:\Github\Latent_Style_TokenizerClean\SchrodingerBridge\exp\configs\orthogonal_phase_space_sweep_60\full_eval\g0_universe_center\epoch_0010\summary.json,remote_summary_json_curated,summary_evidence,Remote curated summary.json after experiment-path filter.
I:\,2026-05-30,LANCET/LBM,schrodingerbridge_grid_search,schrodingerbridge_grid_search,,epoch_0020,full_eval_or_summary,,,,,,,,,,,,,,,,,,,summary_found,I:\Github\Latent_Style_TokenizerClean\SchrodingerBridge\exp\configs\orthogonal_phase_space_sweep_60\full_eval\g0_universe_center\epoch_0020\summary.json,remote_summary_json_curated,summary_evidence,Remote curated summary.json after experiment-path filter.
I:\,2026-05-30,LANCET/LBM,schrodingerbridge_grid_search,schrodingerbridge_grid_search,,epoch_0030,full_eval_or_summary,,,,,,,,,,,,,,,,,,,summary_found,I:\Github\Latent_Style_TokenizerClean\SchrodingerBridge\exp\configs\orthogonal_phase_space_sweep_60\full_eval\g0_universe_center\epoch_0030\summary.json,remote_summary_json_curated,summary_evidence,Remote curated summary.json after experiment-path filter.
I:\,2026-05-30,LANCET/LBM,schrodingerbridge_grid_search,schrodingerbridge_grid_search,,epoch_0040,full_eval_or_summary,,,,,,,,,,,,,,,,,,,summary_found,I:\Github\Latent_Style_TokenizerClean\SchrodingerBridge\exp\configs\orthogonal_phase_space_sweep_60\full_eval\g0_universe_center\epoch_0040\summary.json,remote_summary_json_curated,summary_evidence,Remote curated summary.json after experiment-path filter.
I:\,2026-05-30,LANCET/LBM,schrodingerbridge_grid_search,schrodingerbridge_grid_search,,epoch_0050,full_eval_or_summary,,,,,,,,,,,,,,,,,,,summary_found,I:\Github\Latent_Style_TokenizerClean\SchrodingerBridge\exp\configs\orthogonal_phase_space_sweep_60\full_eval\g0_universe_center\epoch_0050\summary.json,remote_summary_json_curated,summary_evidence,Remote curated summary.json after experiment-path filter.
I:\,2026-05-30,LANCET/LBM,schrodingerbridge_grid_search,schrodingerbridge_grid_search,,epoch_0060,full_eval_or_summary,,,,,,,,,,,,,,,,,,,summary_found,I:\Github\Latent_Style_TokenizerClean\SchrodingerBridge\exp\configs\orthogonal_phase_space_sweep_60\full_eval\g0_universe_center\epoch_0060\summary.json,remote_summary_json_curated,summary_evidence,Remote curated summary.json after experiment-path filter.
I:\,2026-05-30,LANCET/LBM,schrodingerbridge_grid_search,schrodingerbridge_grid_search,,epoch_0010,full_eval_or_summary,,,,,,,,,,,,,,,,,,,summary_found,I:\Github\Latent_Style_TokenizerClean\SchrodingerBridge\exp\configs\orthogonal_phase_space_sweep_60\full_eval\g1_absolute_release\epoch_0010\summary.json,remote_summary_json_curated,summary_evidence,Remote curated summary.json after experiment-path filter.
I:\,2026-05-30,LANCET/LBM,schrodingerbridge_grid_search,schrodingerbridge_grid_search,,epoch_0020,full_eval_or_summary,,,,,,,,,,,,,,,,,,,summary_found,I:\Github\Latent_Style_TokenizerClean\SchrodingerBridge\exp\configs\orthogonal_phase_space_sweep_60\full_eval\g1_absolute_release\epoch_0020\summary.json,remote_summary_json_curated,summary_evidence,Remote curated summary.json after experiment-path filter.
I:\,2026-05-30,LANCET/LBM,schrodingerbridge_grid_search,schrodingerbridge_grid_search,,epoch_0030,full_eval_or_summary,,,,,,,,,,,,,,,,,,,summary_found,I:\Github\Latent_Style_TokenizerClean\SchrodingerBridge\exp\configs\orthogonal_phase_space_sweep_60\full_eval\g1_absolute_release\epoch_0030\summary.json,remote_summary_json_curated,summary_evidence,Remote curated summary.json after experiment-path filter.
I:\,2026-05-30,LANCET/LBM,schrodingerbridge_grid_search,schrodingerbridge_grid_search,,epoch_0040,full_eval_or_summary,,,,,,,,,,,,,,,,,,,summary_found,I:\Github\Latent_Style_TokenizerClean\SchrodingerBridge\exp\configs\orthogonal_phase_space_sweep_60\full_eval\g1_absolute_release\epoch_0040\summary.json,remote_summary_json_curated,summary_evidence,Remote curated summary.json after experiment-path filter.
I:\,2026-05-30,LANCET/LBM,schrodingerbridge_grid_search,schrodingerbridge_grid_search,,epoch_0050,full_eval_or_summary,,,,,,,,,,,,,,,,,,,summary_found,I:\Github\Latent_Style_TokenizerClean\SchrodingerBridge\exp\configs\orthogonal_phase_space_sweep_60\full_eval\g1_absolute_release\epoch_0050\summary.json,remote_summary_json_curated,summary_evidence,Remote curated summary.json after experiment-path filter.
I:\,2026-05-30,LANCET/LBM,schrodingerbridge_grid_search,schrodingerbridge_grid_search,,epoch_0060,full_eval_or_summary,,,,,,,,,,,,,,,,,,,summary_found,I:\Github\Latent_Style_TokenizerClean\SchrodingerBridge\exp\configs\orthogonal_phase_space_sweep_60\full_eval\g1_absolute_release\epoch_0060\summary.json,remote_summary_json_curated,summary_evidence,Remote curated summary.json after experiment-path filter.
I:\,2026-05-30,LANCET/LBM,schrodingerbridge_grid_search,schrodingerbridge_grid_search,,epoch_0010,full_eval_or_summary,,,,,,,,,,,,,,,,,,,summary_found,I:\Github\Latent_Style_TokenizerClean\SchrodingerBridge\exp\configs\orthogonal_phase_space_sweep_60\full_eval\g2_absolute_freeze\epoch_0010\summary.json,remote_summary_json_curated,summary_evidence,Remote curated summary.json after experiment-path filter.
I:\,2026-05-30,LANCET/LBM,schrodingerbridge_grid_search,schrodingerbridge_grid_search,,epoch_0020,full_eval_or_summary,,,,,,,,,,,,,,,,,,,summary_found,I:\Github\Latent_Style_TokenizerClean\SchrodingerBridge\exp\configs\orthogonal_phase_space_sweep_60\full_eval\g2_absolute_freeze\epoch_0020\summary.json,remote_summary_json_curated,summary_evidence,Remote curated summary.json after experiment-path filter.
I:\,2026-05-30,LANCET/LBM,schrodingerbridge_grid_search,schrodingerbridge_grid_search,,epoch_0030,full_eval_or_summary,,,,,,,,,,,,,,,,,,,summary_found,I:\Github\Latent_Style_TokenizerClean\SchrodingerBridge\exp\configs\orthogonal_phase_space_sweep_60\full_eval\g2_absolute_freeze\epoch_0030\summary.json,remote_summary_json_curated,summary_evidence,Remote curated summary.json after experiment-path filter.
I:\,2026-05-30,LANCET/LBM,schrodingerbridge_grid_search,schrodingerbridge_grid_search,,epoch_0040,full_eval_or_summary,,,,,,,,,,,,,,,,,,,summary_found,I:\Github\Latent_Style_TokenizerClean\SchrodingerBridge\exp\configs\orthogonal_phase_space_sweep_60\full_eval\g2_absolute_freeze\epoch_0040\summary.json,remote_summary_json_curated,summary_evidence,Remote curated summary.json after experiment-path filter.
I:\,2026-05-30,LANCET/LBM,schrodingerbridge_grid_search,schrodingerbridge_grid_search,,epoch_0050,full_eval_or_summary,,,,,,,,,,,,,,,,,,,summary_found,I:\Github\Latent_Style_TokenizerClean\SchrodingerBridge\exp\configs\orthogonal_phase_space_sweep_60\full_eval\g2_absolute_freeze\epoch_0050\summary.json,remote_summary_json_curated,summary_evidence,Remote curated summary.json after experiment-path filter.
I:\,2026-05-30,LANCET/LBM,schrodingerbridge_grid_search,schrodingerbridge_grid_search,,epoch_0060,full_eval_or_summary,,,,,,,,,,,,,,,,,,,summary_found,I:\Github\Latent_Style_TokenizerClean\SchrodingerBridge\exp\configs\orthogonal_phase_space_sweep_60\full_eval\g2_absolute_freeze\epoch_0060\summary.json,remote_summary_json_curated,summary_evidence,Remote curated summary.json after experiment-path filter.
I:\,2026-05-30,LANCET/LBM,schrodingerbridge_grid_search,schrodingerbridge_grid_search,,epoch_0010,full_eval_or_summary,,,,,,,,,,,,,,,,,,,summary_found,I:\Github\Latent_Style_TokenizerClean\SchrodingerBridge\exp\configs\orthogonal_phase_space_sweep_60\full_eval\g3_gravity_black_hole\epoch_0010\summary.json,remote_summary_json_curated,summary_evidence,Remote curated summary.json after experiment-path filter.
I:\,2026-05-30,LANCET/LBM,schrodingerbridge_grid_search,schrodingerbridge_grid_search,,epoch_0020,full_eval_or_summary,,,,,,,,,,,,,,,,,,,summary_found,I:\Github\Latent_Style_TokenizerClean\SchrodingerBridge\exp\configs\orthogonal_phase_space_sweep_60\full_eval\g3_gravity_black_hole\epoch_0020\summary.json,remote_summary_json_curated,summary_evidence,Remote curated summary.json after experiment-path filter.
I:\,2026-05-30,LANCET/LBM,schrodingerbridge_grid_search,schrodingerbridge_grid_search,,epoch_0030,full_eval_or_summary,,,,,,,,,,,,,,,,,,,summary_found,I:\Github\Latent_Style_TokenizerClean\SchrodingerBridge\exp\configs\orthogonal_phase_space_sweep_60\full_eval\g3_gravity_black_hole\epoch_0030\summary.json,remote_summary_json_curated,summary_evidence,Remote curated summary.json after experiment-path filter.
I:\,2026-05-30,LANCET/LBM,schrodingerbridge_grid_search,schrodingerbridge_grid_search,,epoch_0040,full_eval_or_summary,,,,,,,,,,,,,,,,,,,summary_found,I:\Github\Latent_Style_TokenizerClean\SchrodingerBridge\exp\configs\orthogonal_phase_space_sweep_60\full_eval\g3_gravity_black_hole\epoch_0040\summary.json,remote_summary_json_curated,summary_evidence,Remote curated summary.json after experiment-path filter.
I:\,2026-05-30,LANCET/LBM,schrodingerbridge_grid_search,schrodingerbridge_grid_search,,epoch_0050,full_eval_or_summary,,,,,,,,,,,,,,,,,,,summary_found,I:\Github\Latent_Style_TokenizerClean\SchrodingerBridge\exp\configs\orthogonal_phase_space_sweep_60\full_eval\g3_gravity_black_hole\epoch_0050\summary.json,remote_summary_json_curated,summary_evidence,Remote curated summary.json after experiment-path filter.
I:\,2026-05-30,LANCET/LBM,schrodingerbridge_grid_search,schrodingerbridge_grid_search,,epoch_0060,full_eval_or_summary,,,,,,,,,,,,,,,,,,,summary_found,I:\Github\Latent_Style_TokenizerClean\SchrodingerBridge\exp\configs\orthogonal_phase_space_sweep_60\full_eval\g3_gravity_black_hole\epoch_0060\summary.json,remote_summary_json_curated,summary_evidence,Remote curated summary.json after experiment-path filter.
I:\,2026-05-30,LANCET/LBM,schrodingerbridge_grid_search,schrodingerbridge_grid_search,,epoch_0010,full_eval_or_summary,,,,,,,,,,,,,,,,,,,summary_found,I:\Github\Latent_Style_TokenizerClean\SchrodingerBridge\exp\configs\orthogonal_phase_space_sweep_60\full_eval\g4_gravity_vacuum\epoch_0010\summary.json,remote_summary_json_curated,summary_evidence,Remote curated summary.json after experiment-path filter.
I:\,2026-05-30,LANCET/LBM,schrodingerbridge_grid_search,schrodingerbridge_grid_search,,epoch_0020,full_eval_or_summary,,,,,,,,,,,,,,,,,,,summary_found,I:\Github\Latent_Style_TokenizerClean\SchrodingerBridge\exp\configs\orthogonal_phase_space_sweep_60\full_eval\g4_gravity_vacuum\epoch_0020\summary.json,remote_summary_json_curated,summary_evidence,Remote curated summary.json after experiment-path filter.
I:\,2026-05-30,LANCET/LBM,schrodingerbridge_grid_search,schrodingerbridge_grid_search,,epoch_0030,full_eval_or_summary,,,,,,,,,,,,,,,,,,,summary_found,I:\Github\Latent_Style_TokenizerClean\SchrodingerBridge\exp\configs\orthogonal_phase_space_sweep_60\full_eval\g4_gravity_vacuum\epoch_0030\summary.json,remote_summary_json_curated,summary_evidence,Remote curated summary.json after experiment-path filter.
I:\,2026-05-30,LANCET/LBM,schrodingerbridge_grid_search,schrodingerbridge_grid_search,,epoch_0040,full_eval_or_summary,,,,,,,,,,,,,,,,,,,summary_found,I:\Github\Latent_Style_TokenizerClean\SchrodingerBridge\exp\configs\orthogonal_phase_space_sweep_60\full_eval\g4_gravity_vacuum\epoch_0040\summary.json,remote_summary_json_curated,summary_evidence,Remote curated summary.json after experiment-path filter.
I:\,2026-05-30,LANCET/LBM,schrodingerbridge_grid_search,schrodingerbridge_grid_search,,epoch_0050,full_eval_or_summary,,,,,,,,,,,,,,,,,,,summary_found,I:\Github\Latent_Style_TokenizerClean\SchrodingerBridge\exp\configs\orthogonal_phase_space_sweep_60\full_eval\g4_gravity_vacuum\epoch_0050\summary.json,remote_summary_json_curated,summary_evidence,Remote curated summary.json after experiment-path filter.
I:\,2026-05-30,LANCET/LBM,schrodingerbridge_grid_search,schrodingerbridge_grid_search,,epoch_0060,full_eval_or_summary,,,,,,,,,,,,,,,,,,,summary_found,I:\Github\Latent_Style_TokenizerClean\SchrodingerBridge\exp\configs\orthogonal_phase_space_sweep_60\full_eval\g4_gravity_vacuum\epoch_0060\summary.json,remote_summary_json_curated,summary_evidence,Remote curated summary.json after experiment-path filter.
I:\,2026-05-30,LANCET/LBM,schrodingerbridge_grid_search,schrodingerbridge_grid_search,,epoch_0010,full_eval_or_summary,,,,,,,,,,,,,,,,,,,summary_found,I:\Github\Latent_Style_TokenizerClean\SchrodingerBridge\exp\configs\orthogonal_phase_space_sweep_60\full_eval\g5_midfreq_strangulation\epoch_0010\summary.json,remote_summary_json_curated,summary_evidence,Remote curated summary.json after experiment-path filter.
I:\,2026-05-30,LANCET/LBM,schrodingerbridge_grid_search,schrodingerbridge_grid_search,,epoch_0020,full_eval_or_summary,,,,,,,,,,,,,,,,,,,summary_found,I:\Github\Latent_Style_TokenizerClean\SchrodingerBridge\exp\configs\orthogonal_phase_space_sweep_60\full_eval\g5_midfreq_strangulation\epoch_0020\summary.json,remote_summary_json_curated,summary_evidence,Remote curated summary.json after experiment-path filter.
I:\,2026-05-30,LANCET/LBM,schrodingerbridge_grid_search,schrodingerbridge_grid_search,,epoch_0030,full_eval_or_summary,,,,,,,,,,,,,,,,,,,summary_found,I:\Github\Latent_Style_TokenizerClean\SchrodingerBridge\exp\configs\orthogonal_phase_space_sweep_60\full_eval\g5_midfreq_strangulation\epoch_0030\summary.json,remote_summary_json_curated,summary_evidence,Remote curated summary.json after experiment-path filter.
I:\,2026-05-30,LANCET/LBM,schrodingerbridge_grid_search,schrodingerbridge_grid_search,,epoch_0040,full_eval_or_summary,,,,,,,,,,,,,,,,,,,summary_found,I:\Github\Latent_Style_TokenizerClean\SchrodingerBridge\exp\configs\orthogonal_phase_space_sweep_60\full_eval\g5_midfreq_strangulation\epoch_0040\summary.json,remote_summary_json_curated,summary_evidence,Remote curated summary.json after experiment-path filter.
I:\,2026-05-30,LANCET/LBM,schrodingerbridge_grid_search,schrodingerbridge_grid_search,,epoch_0050,full_eval_or_summary,,,,,,,,,,,,,,,,,,,summary_found,I:\Github\Latent_Style_TokenizerClean\SchrodingerBridge\exp\configs\orthogonal_phase_space_sweep_60\full_eval\g5_midfreq_strangulation\epoch_0050\summary.json,remote_summary_json_curated,summary_evidence,Remote curated summary.json after experiment-path filter.
I:\,2026-05-30,LANCET/LBM,schrodingerbridge_grid_search,schrodingerbridge_grid_search,,epoch_0060,full_eval_or_summary,,,,,,,,,,,,,,,,,,,summary_found,I:\Github\Latent_Style_TokenizerClean\SchrodingerBridge\exp\configs\orthogonal_phase_space_sweep_60\full_eval\g5_midfreq_strangulation\epoch_0060\summary.json,remote_summary_json_curated,summary_evidence,Remote curated summary.json after experiment-path filter.
I:\,2026-05-30,LANCET/LBM,schrodingerbridge_grid_search,schrodingerbridge_grid_search,,epoch_0010,full_eval_or_summary,,,,,,,,,,,,,,,,,,,summary_found,I:\Github\Latent_Style_TokenizerClean\SchrodingerBridge\exp\configs\orthogonal_phase_space_sweep_60\full_eval\g6_structure_amnesty\epoch_0010\summary.json,remote_summary_json_curated,summary_evidence,Remote curated summary.json after experiment-path filter.
I:\,2026-05-30,LANCET/LBM,schrodingerbridge_grid_search,schrodingerbridge_grid_search,,epoch_0020,full_eval_or_summary,,,,,,,,,,,,,,,,,,,summary_found,I:\Github\Latent_Style_TokenizerClean\SchrodingerBridge\exp\configs\orthogonal_phase_space_sweep_60\full_eval\g6_structure_amnesty\epoch_0020\summary.json,remote_summary_json_curated,summary_evidence,Remote curated summary.json after experiment-path filter.
I:\,2026-05-30,LANCET/LBM,schrodingerbridge_grid_search,schrodingerbridge_grid_search,,epoch_0030,full_eval_or_summary,,,,,,,,,,,,,,,,,,,summary_found,I:\Github\Latent_Style_TokenizerClean\SchrodingerBridge\exp\configs\orthogonal_phase_space_sweep_60\full_eval\g6_structure_amnesty\epoch_0030\summary.json,remote_summary_json_curated,summary_evidence,Remote curated summary.json after experiment-path filter.
I:\,2026-05-30,LANCET/LBM,schrodingerbridge_grid_search,schrodingerbridge_grid_search,,epoch_0040,full_eval_or_summary,,,,,,,,,,,,,,,,,,,summary_found,I:\Github\Latent_Style_TokenizerClean\SchrodingerBridge\exp\configs\orthogonal_phase_space_sweep_60\full_eval\g6_structure_amnesty\epoch_0040\summary.json,remote_summary_json_curated,summary_evidence,Remote curated summary.json after experiment-path filter.
I:\,2026-05-30,LANCET/LBM,schrodingerbridge_grid_search,schrodingerbridge_grid_search,,epoch_0050,full_eval_or_summary,,,,,,,,,,,,,,,,,,,summary_found,I:\Github\Latent_Style_TokenizerClean\SchrodingerBridge\exp\configs\orthogonal_phase_space_sweep_60\full_eval\g6_structure_amnesty\epoch_0050\summary.json,remote_summary_json_curated,summary_evidence,Remote curated summary.json after experiment-path filter.
I:\,2026-05-30,LANCET/LBM,schrodingerbridge_grid_search,schrodingerbridge_grid_search,,epoch_0060,full_eval_or_summary,,,,,,,,,,,,,,,,,,,summary_found,I:\Github\Latent_Style_TokenizerClean\SchrodingerBridge\exp\configs\orthogonal_phase_space_sweep_60\full_eval\g6_structure_amnesty\epoch_0060\summary.json,remote_summary_json_curated,summary_evidence,Remote curated summary.json after experiment-path filter.
I:\,2026-05-30,LANCET/LBM,schrodingerbridge_grid_search,schrodingerbridge_grid_search,,epoch_0010,full_eval_or_summary,,,,,,,,,,,,,,,,,,,summary_found,I:\Github\Latent_Style_TokenizerClean\SchrodingerBridge\exp\configs\orthogonal_phase_space_sweep_60\full_eval\g7_flesh_stripping\epoch_0010\summary.json,remote_summary_json_curated,summary_evidence,Remote curated summary.json after experiment-path filter.
I:\,2026-05-30,LANCET/LBM,schrodingerbridge_grid_search,schrodingerbridge_grid_search,,epoch_0020,full_eval_or_summary,,,,,,,,,,,,,,,,,,,summary_found,I:\Github\Latent_Style_TokenizerClean\SchrodingerBridge\exp\configs\orthogonal_phase_space_sweep_60\full_eval\g7_flesh_stripping\epoch_0020\summary.json,remote_summary_json_curated,summary_evidence,Remote curated summary.json after experiment-path filter.
I:\,2026-05-30,LANCET/LBM,schrodingerbridge_grid_search,schrodingerbridge_grid_search,,epoch_0030,full_eval_or_summary,,,,,,,,,,,,,,,,,,,summary_found,I:\Github\Latent_Style_TokenizerClean\SchrodingerBridge\exp\configs\orthogonal_phase_space_sweep_60\full_eval\g7_flesh_stripping\epoch_0030\summary.json,remote_summary_json_curated,summary_evidence,Remote curated summary.json after experiment-path filter.
I:\,2026-05-30,LANCET/LBM,schrodingerbridge_grid_search,schrodingerbridge_grid_search,,epoch_0040,full_eval_or_summary,,,,,,,,,,,,,,,,,,,summary_found,I:\Github\Latent_Style_TokenizerClean\SchrodingerBridge\exp\configs\orthogonal_phase_space_sweep_60\full_eval\g7_flesh_stripping\epoch_0040\summary.json,remote_summary_json_curated,summary_evidence,Remote curated summary.json after experiment-path filter.
I:\,2026-05-30,LANCET/LBM,schrodingerbridge_grid_search,schrodingerbridge_grid_search,,epoch_0050,full_eval_or_summary,,,,,,,,,,,,,,,,,,,summary_found,I:\Github\Latent_Style_TokenizerClean\SchrodingerBridge\exp\configs\orthogonal_phase_space_sweep_60\full_eval\g7_flesh_stripping\epoch_0050\summary.json,remote_summary_json_curated,summary_evidence,Remote curated summary.json after experiment-path filter.
I:\,2026-05-30,LANCET/LBM,schrodingerbridge_grid_search,schrodingerbridge_grid_search,,epoch_0060,full_eval_or_summary,,,,,,,,,,,,,,,,,,,summary_found,I:\Github\Latent_Style_TokenizerClean\SchrodingerBridge\exp\configs\orthogonal_phase_space_sweep_60\full_eval\g7_flesh_stripping\epoch_0060\summary.json,remote_summary_json_curated,summary_evidence,Remote curated summary.json after experiment-path filter.
I:\,2026-05-30,LANCET/LBM,schrodingerbridge_grid_search,schrodingerbridge_grid_search,,epoch_0010,full_eval_or_summary,,,,,,,,,,,,,,,,,,,summary_found,I:\Github\Latent_Style_TokenizerClean\SchrodingerBridge\exp\configs\orthogonal_phase_space_sweep_60\full_eval\g8_absolute_nailgun\epoch_0010\summary.json,remote_summary_json_curated,summary_evidence,Remote curated summary.json after experiment-path filter.
I:\,2026-05-30,LANCET/LBM,schrodingerbridge_grid_search,schrodingerbridge_grid_search,,epoch_0020,full_eval_or_summary,,,,,,,,,,,,,,,,,,,summary_found,I:\Github\Latent_Style_TokenizerClean\SchrodingerBridge\exp\configs\orthogonal_phase_space_sweep_60\full_eval\g8_absolute_nailgun\epoch_0020\summary.json,remote_summary_json_curated,summary_evidence,Remote curated summary.json after experiment-path filter.
I:\,2026-05-30,LANCET/LBM,schrodingerbridge_grid_search,schrodingerbridge_grid_search,,epoch_0030,full_eval_or_summary,,,,,,,,,,,,,,,,,,,summary_found,I:\Github\Latent_Style_TokenizerClean\SchrodingerBridge\exp\configs\orthogonal_phase_space_sweep_60\full_eval\g8_absolute_nailgun\epoch_0030\summary.json,remote_summary_json_curated,summary_evidence,Remote curated summary.json after experiment-path filter.
I:\,2026-05-30,LANCET/LBM,schrodingerbridge_grid_search,schrodingerbridge_grid_search,,epoch_0040,full_eval_or_summary,,,,,,,,,,,,,,,,,,,summary_found,I:\Github\Latent_Style_TokenizerClean\SchrodingerBridge\exp\configs\orthogonal_phase_space_sweep_60\full_eval\g8_absolute_nailgun\epoch_0040\summary.json,remote_summary_json_curated,summary_evidence,Remote curated summary.json after experiment-path filter.
I:\,2026-05-30,LANCET/LBM,schrodingerbridge_grid_search,schrodingerbridge_grid_search,,epoch_0050,full_eval_or_summary,,,,,,,,,,,,,,,,,,,summary_found,I:\Github\Latent_Style_TokenizerClean\SchrodingerBridge\exp\configs\orthogonal_phase_space_sweep_60\full_eval\g8_absolute_nailgun\epoch_0050\summary.json,remote_summary_json_curated,summary_evidence,Remote curated summary.json after experiment-path filter.
I:\,2026-05-30,LANCET/LBM,schrodingerbridge_grid_search,schrodingerbridge_grid_search,,epoch_0060,full_eval_or_summary,,,,,,,,,,,,,,,,,,,summary_found,I:\Github\Latent_Style_TokenizerClean\SchrodingerBridge\exp\configs\orthogonal_phase_space_sweep_60\full_eval\g8_absolute_nailgun\epoch_0060\summary.json,remote_summary_json_curated,summary_evidence,Remote curated summary.json after experiment-path filter.
I:\,2026-05-30,LANCET/LBM,schrodingerbridge_grid_search,schrodingerbridge_grid_search,,epoch_0010,full_eval_or_summary,,,,,,,,,,,,,,,,,,,summary_found,I:\Github\Latent_Style_TokenizerClean\SchrodingerBridge\exp\configs\orthogonal_phase_space_sweep_60\full_eval\g9_cryogenic_hard_match\epoch_0010\summary.json,remote_summary_json_curated,summary_evidence,Remote curated summary.json after experiment-path filter.
I:\,2026-05-30,LANCET/LBM,schrodingerbridge_grid_search,schrodingerbridge_grid_search,,epoch_0020,full_eval_or_summary,,,,,,,,,,,,,,,,,,,summary_found,I:\Github\Latent_Style_TokenizerClean\SchrodingerBridge\exp\configs\orthogonal_phase_space_sweep_60\full_eval\g9_cryogenic_hard_match\epoch_0020\summary.json,remote_summary_json_curated,summary_evidence,Remote curated summary.json after experiment-path filter.
I:\,2026-05-30,LANCET/LBM,schrodingerbridge_grid_search,schrodingerbridge_grid_search,,logs,train_or_eval_log,,,,,,,,,,,,s,,,,,,,log_found,I:\Github\Latent_Style_TokenizerClean\SchrodingerBridge\exp\configs\orthogonal_phase_space_sweep_60\g0_universe_center\logs\training_20260509_030841.csv,remote_training_log_curated,log_evidence,Remote curated train/eval log after experiment-path filter.
I:\,2026-05-30,LANCET/LBM,schrodingerbridge_grid_search,schrodingerbridge_grid_search,,logs,train_or_eval_log,,,,,,,,,,,,s,,,,,,,log_found,I:\Github\Latent_Style_TokenizerClean\SchrodingerBridge\exp\configs\orthogonal_phase_space_sweep_60\g1_absolute_release\logs\training_20260509_040819.csv,remote_training_log_curated,log_evidence,Remote curated train/eval log after experiment-path filter.
I:\,2026-05-30,LANCET/LBM,schrodingerbridge_grid_search,schrodingerbridge_grid_search,,logs,train_or_eval_log,,,,,,,,,,,,s,,,,,,,log_found,I:\Github\Latent_Style_TokenizerClean\SchrodingerBridge\exp\configs\orthogonal_phase_space_sweep_60\g2_absolute_freeze\logs\training_20260509_050754.csv,remote_training_log_curated,log_evidence,Remote curated train/eval log after experiment-path filter.
I:\,2026-05-30,LANCET/LBM,schrodingerbridge_grid_search,schrodingerbridge_grid_search,,logs,train_or_eval_log,,,,,,,,,,,,s,,,,,,,log_found,I:\Github\Latent_Style_TokenizerClean\SchrodingerBridge\exp\configs\orthogonal_phase_space_sweep_60\g3_gravity_black_hole\logs\training_20260509_060744.csv,remote_training_log_curated,log_evidence,Remote curated train/eval log after experiment-path filter.
I:\,2026-05-30,LANCET/LBM,schrodingerbridge_grid_search,schrodingerbridge_grid_search,,logs,train_or_eval_log,,,,,,,,,,,,s,,,,,,,log_found,I:\Github\Latent_Style_TokenizerClean\SchrodingerBridge\exp\configs\orthogonal_phase_space_sweep_60\g4_gravity_vacuum\logs\training_20260509_070540.csv,remote_training_log_curated,log_evidence,Remote curated train/eval log after experiment-path filter.
I:\,2026-05-30,LANCET/LBM,schrodingerbridge_grid_search,schrodingerbridge_grid_search,,logs,train_or_eval_log,,,,,,,,,,,,s,,,,,,,log_found,I:\Github\Latent_Style_TokenizerClean\SchrodingerBridge\exp\configs\orthogonal_phase_space_sweep_60\g5_midfreq_strangulation\logs\training_20260509_080333.csv,remote_training_log_curated,log_evidence,Remote curated train/eval log after experiment-path filter.
I:\,2026-05-30,LANCET/LBM,schrodingerbridge_grid_search,schrodingerbridge_grid_search,,logs,train_or_eval_log,,,,,,,,,,,,s,,,,,,,log_found,I:\Github\Latent_Style_TokenizerClean\SchrodingerBridge\exp\configs\orthogonal_phase_space_sweep_60\g6_structure_amnesty\logs\training_20260509_090125.csv,remote_training_log_curated,log_evidence,Remote curated train/eval log after experiment-path filter.
I:\,2026-05-30,LANCET/LBM,schrodingerbridge_grid_search,schrodingerbridge_grid_search,,logs,train_or_eval_log,,,,,,,,,,,,s,,,,,,,log_found,I:\Github\Latent_Style_TokenizerClean\SchrodingerBridge\exp\configs\orthogonal_phase_space_sweep_60\g7_flesh_stripping\logs\training_20260509_095916.csv,remote_training_log_curated,log_evidence,Remote curated train/eval log after experiment-path filter.
I:\,2026-05-30,LANCET/LBM,schrodingerbridge_grid_search,schrodingerbridge_grid_search,,logs,train_or_eval_log,,,,,,,,,,,,s,,,,,,,log_found,I:\Github\Latent_Style_TokenizerClean\SchrodingerBridge\exp\configs\orthogonal_phase_space_sweep_60\g8_absolute_nailgun\logs\training_20260509_102853.csv,remote_training_log_curated,log_evidence,Remote curated train/eval log after experiment-path filter.
I:\,2026-05-30,LANCET/LBM,schrodingerbridge_grid_search,schrodingerbridge_grid_search,,logs,train_or_eval_log,,,,,,,,,,,,s,,,,,,,log_found,I:\Github\Latent_Style_TokenizerClean\SchrodingerBridge\exp\configs\orthogonal_phase_space_sweep_60\g9_cryogenic_hard_match\logs\training_20260509_112646.csv,remote_training_log_curated,log_evidence,Remote curated train/eval log after experiment-path filter.
