{
  "num_rounds": 1,
  "latest": {
    "epoch": 60,
    "summary_path": "..\\ablate_A5_p5_id045_tv003\\full_eval\\epoch_0060\\summary.json",
    "transfer_clip_style": 0.6897283313175042,
    "transfer_content_lpips": 0.4978160808666667,
    "transfer_fid": 315.75341344229423,
    "transfer_art_fid": 490.80804681942925,
    "transfer_classifier_acc": 0.0,
    "photo_to_art_clip_style": 0.6786251614491144,
    "photo_to_art_fid": 315.75341344229423,
    "photo_to_art_art_fid": 490.80804681942925,
    "photo_to_art_classifier_acc": 0.0
  },
  "mean": {
    "transfer_clip_style": 0.6897283313175042,
    "transfer_content_lpips": 0.4978160808666667,
    "transfer_fid": 315.75341344229423,
    "transfer_art_fid": 490.80804681942925,
    "transfer_classifier_acc": 0.0,
    "photo_to_art_clip_style": 0.6786251614491144,
    "photo_to_art_fid": 315.75341344229423,
    "photo_to_art_art_fid": 490.80804681942925,
    "photo_to_art_classifier_acc": 0.0
  },
  "best": {
    "best_transfer_classifier_acc": {
      "epoch": 60,
      "summary_path": "..\\ablate_A5_p5_id045_tv003\\full_eval\\epoch_0060\\summary.json",
      "transfer_clip_style": 0.6897283313175042,
      "transfer_content_lpips": 0.4978160808666667,
      "transfer_fid": 315.75341344229423,
      "transfer_art_fid": 490.80804681942925,
      "transfer_classifier_acc": 0.0,
      "photo_to_art_clip_style": 0.6786251614491144,
      "photo_to_art_fid": 315.75341344229423,
      "photo_to_art_art_fid": 490.80804681942925,
      "photo_to_art_classifier_acc": 0.0
    },
    "best_transfer_clip_style": {
      "epoch": 60,
      "summary_path": "..\\ablate_A5_p5_id045_tv003\\full_eval\\epoch_0060\\summary.json",
      "transfer_clip_style": 0.6897283313175042,
      "transfer_content_lpips": 0.4978160808666667,
      "transfer_fid": 315.75341344229423,
      "transfer_art_fid": 490.80804681942925,
      "transfer_classifier_acc": 0.0,
      "photo_to_art_clip_style": 0.6786251614491144,
      "photo_to_art_fid": 315.75341344229423,
      "photo_to_art_art_fid": 490.80804681942925,
      "photo_to_art_classifier_acc": 0.0
    },
    "best_transfer_fid": {
      "epoch": 60,
      "summary_path": "..\\ablate_A5_p5_id045_tv003\\full_eval\\epoch_0060\\summary.json",
      "transfer_clip_style": 0.6897283313175042,
      "transfer_content_lpips": 0.4978160808666667,
      "transfer_fid": 315.75341344229423,
      "transfer_art_fid": 490.80804681942925,
      "transfer_classifier_acc": 0.0,
      "photo_to_art_clip_style": 0.6786251614491144,
      "photo_to_art_fid": 315.75341344229423,
      "photo_to_art_art_fid": 490.80804681942925,
      "photo_to_art_classifier_acc": 0.0
    },
    "best_transfer_art_fid": {
      "epoch": 60,
      "summary_path": "..\\ablate_A5_p5_id045_tv003\\full_eval\\epoch_0060\\summary.json",
      "transfer_clip_style": 0.6897283313175042,
      "transfer_content_lpips": 0.4978160808666667,
      "transfer_fid": 315.75341344229423,
      "transfer_art_fid": 490.80804681942925,
      "transfer_classifier_acc": 0.0,
      "photo_to_art_clip_style": 0.6786251614491144,
      "photo_to_art_fid": 315.75341344229423,
      "photo_to_art_art_fid": 490.80804681942925,
      "photo_to_art_classifier_acc": 0.0
    },
    "best_photo_to_art_classifier_acc": {
      "epoch": 60,
      "summary_path": "..\\ablate_A5_p5_id045_tv003\\full_eval\\epoch_0060\\summary.json",
      "transfer_clip_style": 0.6897283313175042,
      "transfer_content_lpips": 0.4978160808666667,
      "transfer_fid": 315.75341344229423,
      "transfer_art_fid": 490.80804681942925,
      "transfer_classifier_acc": 0.0,
      "photo_to_art_clip_style": 0.6786251614491144,
      "photo_to_art_fid": 315.75341344229423,
      "photo_to_art_art_fid": 490.80804681942925,
      "photo_to_art_classifier_acc": 0.0
    },
    "best_photo_to_art_clip_style": {
      "epoch": 60,
      "summary_path": "..\\ablate_A5_p5_id045_tv003\\full_eval\\epoch_0060\\summary.json",
      "transfer_clip_style": 0.6897283313175042,
      "transfer_content_lpips": 0.4978160808666667,
      "transfer_fid": 315.75341344229423,
      "transfer_art_fid": 490.80804681942925,
      "transfer_classifier_acc": 0.0,
      "photo_to_art_clip_style": 0.6786251614491144,
      "photo_to_art_fid": 315.75341344229423,
      "photo_to_art_art_fid": 490.80804681942925,
      "photo_to_art_classifier_acc": 0.0
    },
    "best_photo_to_art_fid": {
      "epoch": 60,
      "summary_path": "..\\ablate_A5_p5_id045_tv003\\full_eval\\epoch_0060\\summary.json",
      "transfer_clip_style": 0.6897283313175042,
      "transfer_content_lpips": 0.4978160808666667,
      "transfer_fid": 315.75341344229423,
      "transfer_art_fid": 490.80804681942925,
      "transfer_classifier_acc": 0.0,
      "photo_to_art_clip_style": 0.6786251614491144,
      "photo_to_art_fid": 315.75341344229423,
      "photo_to_art_art_fid": 490.80804681942925,
      "photo_to_art_classifier_acc": 0.0
    },
    "best_photo_to_art_art_fid": {
      "epoch": 60,
      "summary_path": "..\\ablate_A5_p5_id045_tv003\\full_eval\\epoch_0060\\summary.json",
      "transfer_clip_style": 0.6897283313175042,
      "transfer_content_lpips": 0.4978160808666667,
      "transfer_fid": 315.75341344229423,
      "transfer_art_fid": 490.80804681942925,
      "transfer_classifier_acc": 0.0,
      "photo_to_art_clip_style": 0.6786251614491144,
      "photo_to_art_fid": 315.75341344229423,
      "photo_to_art_art_fid": 490.80804681942925,
      "photo_to_art_classifier_acc": 0.0
    },
    "best_transfer_content_lpips": {
      "epoch": 60,
      "summary_path": "..\\ablate_A5_p5_id045_tv003\\full_eval\\epoch_0060\\summary.json",
      "transfer_clip_style": 0.6897283313175042,
      "transfer_content_lpips": 0.4978160808666667,
      "transfer_fid": 315.75341344229423,
      "transfer_art_fid": 490.80804681942925,
      "transfer_classifier_acc": 0.0,
      "photo_to_art_clip_style": 0.6786251614491144,
      "photo_to_art_fid": 315.75341344229423,
      "photo_to_art_art_fid": 490.80804681942925,
      "photo_to_art_classifier_acc": 0.0
    }
  },
  "rounds": [
    {
      "epoch": 60,
      "summary_path": "..\\ablate_A5_p5_id045_tv003\\full_eval\\epoch_0060\\summary.json",
      "transfer_clip_style": 0.6897283313175042,
      "transfer_content_lpips": 0.4978160808666667,
      "transfer_fid": 315.75341344229423,
      "transfer_art_fid": 490.80804681942925,
      "transfer_classifier_acc": 0.0,
      "photo_to_art_clip_style": 0.6786251614491144,
      "photo_to_art_fid": 315.75341344229423,
      "photo_to_art_art_fid": 490.80804681942925,
      "photo_to_art_classifier_acc": 0.0
    }
  ],
  "updated_at": "2026-03-04 11:05:40"
}