{
  "num_rounds": 1,
  "latest": {
    "epoch": 60,
    "summary_path": "..\\ablate_A2_p11_id045_tv005\\full_eval\\epoch_0060\\summary.json",
    "transfer_clip_style": 0.6887425909936429,
    "transfer_content_lpips": 0.4841050721166667,
    "transfer_fid": 301.9908537370726,
    "transfer_art_fid": 464.10522917623064,
    "transfer_classifier_acc": 0.0,
    "photo_to_art_clip_style": 0.6803647354245187,
    "photo_to_art_fid": 301.9908537370726,
    "photo_to_art_art_fid": 464.10522917623064,
    "photo_to_art_classifier_acc": 0.0
  },
  "mean": {
    "transfer_clip_style": 0.6887425909936429,
    "transfer_content_lpips": 0.4841050721166667,
    "transfer_fid": 301.9908537370726,
    "transfer_art_fid": 464.10522917623064,
    "transfer_classifier_acc": 0.0,
    "photo_to_art_clip_style": 0.6803647354245187,
    "photo_to_art_fid": 301.9908537370726,
    "photo_to_art_art_fid": 464.10522917623064,
    "photo_to_art_classifier_acc": 0.0
  },
  "best": {
    "best_transfer_classifier_acc": {
      "epoch": 60,
      "summary_path": "..\\ablate_A2_p11_id045_tv005\\full_eval\\epoch_0060\\summary.json",
      "transfer_clip_style": 0.6887425909936429,
      "transfer_content_lpips": 0.4841050721166667,
      "transfer_fid": 301.9908537370726,
      "transfer_art_fid": 464.10522917623064,
      "transfer_classifier_acc": 0.0,
      "photo_to_art_clip_style": 0.6803647354245187,
      "photo_to_art_fid": 301.9908537370726,
      "photo_to_art_art_fid": 464.10522917623064,
      "photo_to_art_classifier_acc": 0.0
    },
    "best_transfer_clip_style": {
      "epoch": 60,
      "summary_path": "..\\ablate_A2_p11_id045_tv005\\full_eval\\epoch_0060\\summary.json",
      "transfer_clip_style": 0.6887425909936429,
      "transfer_content_lpips": 0.4841050721166667,
      "transfer_fid": 301.9908537370726,
      "transfer_art_fid": 464.10522917623064,
      "transfer_classifier_acc": 0.0,
      "photo_to_art_clip_style": 0.6803647354245187,
      "photo_to_art_fid": 301.9908537370726,
      "photo_to_art_art_fid": 464.10522917623064,
      "photo_to_art_classifier_acc": 0.0
    },
    "best_transfer_fid": {
      "epoch": 60,
      "summary_path": "..\\ablate_A2_p11_id045_tv005\\full_eval\\epoch_0060\\summary.json",
      "transfer_clip_style": 0.6887425909936429,
      "transfer_content_lpips": 0.4841050721166667,
      "transfer_fid": 301.9908537370726,
      "transfer_art_fid": 464.10522917623064,
      "transfer_classifier_acc": 0.0,
      "photo_to_art_clip_style": 0.6803647354245187,
      "photo_to_art_fid": 301.9908537370726,
      "photo_to_art_art_fid": 464.10522917623064,
      "photo_to_art_classifier_acc": 0.0
    },
    "best_transfer_art_fid": {
      "epoch": 60,
      "summary_path": "..\\ablate_A2_p11_id045_tv005\\full_eval\\epoch_0060\\summary.json",
      "transfer_clip_style": 0.6887425909936429,
      "transfer_content_lpips": 0.4841050721166667,
      "transfer_fid": 301.9908537370726,
      "transfer_art_fid": 464.10522917623064,
      "transfer_classifier_acc": 0.0,
      "photo_to_art_clip_style": 0.6803647354245187,
      "photo_to_art_fid": 301.9908537370726,
      "photo_to_art_art_fid": 464.10522917623064,
      "photo_to_art_classifier_acc": 0.0
    },
    "best_photo_to_art_classifier_acc": {
      "epoch": 60,
      "summary_path": "..\\ablate_A2_p11_id045_tv005\\full_eval\\epoch_0060\\summary.json",
      "transfer_clip_style": 0.6887425909936429,
      "transfer_content_lpips": 0.4841050721166667,
      "transfer_fid": 301.9908537370726,
      "transfer_art_fid": 464.10522917623064,
      "transfer_classifier_acc": 0.0,
      "photo_to_art_clip_style": 0.6803647354245187,
      "photo_to_art_fid": 301.9908537370726,
      "photo_to_art_art_fid": 464.10522917623064,
      "photo_to_art_classifier_acc": 0.0
    },
    "best_photo_to_art_clip_style": {
      "epoch": 60,
      "summary_path": "..\\ablate_A2_p11_id045_tv005\\full_eval\\epoch_0060\\summary.json",
      "transfer_clip_style": 0.6887425909936429,
      "transfer_content_lpips": 0.4841050721166667,
      "transfer_fid": 301.9908537370726,
      "transfer_art_fid": 464.10522917623064,
      "transfer_classifier_acc": 0.0,
      "photo_to_art_clip_style": 0.6803647354245187,
      "photo_to_art_fid": 301.9908537370726,
      "photo_to_art_art_fid": 464.10522917623064,
      "photo_to_art_classifier_acc": 0.0
    },
    "best_photo_to_art_fid": {
      "epoch": 60,
      "summary_path": "..\\ablate_A2_p11_id045_tv005\\full_eval\\epoch_0060\\summary.json",
      "transfer_clip_style": 0.6887425909936429,
      "transfer_content_lpips": 0.4841050721166667,
      "transfer_fid": 301.9908537370726,
      "transfer_art_fid": 464.10522917623064,
      "transfer_classifier_acc": 0.0,
      "photo_to_art_clip_style": 0.6803647354245187,
      "photo_to_art_fid": 301.9908537370726,
      "photo_to_art_art_fid": 464.10522917623064,
      "photo_to_art_classifier_acc": 0.0
    },
    "best_photo_to_art_art_fid": {
      "epoch": 60,
      "summary_path": "..\\ablate_A2_p11_id045_tv005\\full_eval\\epoch_0060\\summary.json",
      "transfer_clip_style": 0.6887425909936429,
      "transfer_content_lpips": 0.4841050721166667,
      "transfer_fid": 301.9908537370726,
      "transfer_art_fid": 464.10522917623064,
      "transfer_classifier_acc": 0.0,
      "photo_to_art_clip_style": 0.6803647354245187,
      "photo_to_art_fid": 301.9908537370726,
      "photo_to_art_art_fid": 464.10522917623064,
      "photo_to_art_classifier_acc": 0.0
    },
    "best_transfer_content_lpips": {
      "epoch": 60,
      "summary_path": "..\\ablate_A2_p11_id045_tv005\\full_eval\\epoch_0060\\summary.json",
      "transfer_clip_style": 0.6887425909936429,
      "transfer_content_lpips": 0.4841050721166667,
      "transfer_fid": 301.9908537370726,
      "transfer_art_fid": 464.10522917623064,
      "transfer_classifier_acc": 0.0,
      "photo_to_art_clip_style": 0.6803647354245187,
      "photo_to_art_fid": 301.9908537370726,
      "photo_to_art_art_fid": 464.10522917623064,
      "photo_to_art_classifier_acc": 0.0
    }
  },
  "rounds": [
    {
      "epoch": 60,
      "summary_path": "..\\ablate_A2_p11_id045_tv005\\full_eval\\epoch_0060\\summary.json",
      "transfer_clip_style": 0.6887425909936429,
      "transfer_content_lpips": 0.4841050721166667,
      "transfer_fid": 301.9908537370726,
      "transfer_art_fid": 464.10522917623064,
      "transfer_classifier_acc": 0.0,
      "photo_to_art_clip_style": 0.6803647354245187,
      "photo_to_art_fid": 301.9908537370726,
      "photo_to_art_art_fid": 464.10522917623064,
      "photo_to_art_classifier_acc": 0.0
    }
  ],
  "updated_at": "2026-03-04 05:53:25"
}