{
  "num_rounds": 2,
  "latest": {
    "epoch": 80,
    "summary_path": "..\\decoder-B-hf-strict-id\\full_eval\\epoch_0080\\summary.json",
    "transfer_clip_style": 0.7045183711747328,
    "transfer_content_lpips": 0.5291853739833333,
    "transfer_fid": 309.34440022095265,
    "transfer_art_fid": 485.01149959119573,
    "transfer_classifier_acc": 0.44333333333333336,
    "photo_to_art_clip_style": 0.6902633485694727,
    "photo_to_art_fid": 309.34440022095265,
    "photo_to_art_art_fid": 485.01149959119573,
    "photo_to_art_classifier_acc": 0.175
  },
  "mean": {
    "transfer_clip_style": 0.7017791309952736,
    "transfer_content_lpips": 0.5210214814583334,
    "transfer_fid": 306.41674982919056,
    "transfer_art_fid": 478.268949897232,
    "transfer_classifier_acc": 0.43333333333333335,
    "photo_to_art_clip_style": 0.6874778289347887,
    "photo_to_art_fid": 306.41674982919056,
    "photo_to_art_art_fid": 478.268949897232,
    "photo_to_art_classifier_acc": 0.16249999999999998
  },
  "best": {
    "best_transfer_classifier_acc": {
      "epoch": 80,
      "summary_path": "..\\decoder-B-hf-strict-id\\full_eval\\epoch_0080\\summary.json",
      "transfer_clip_style": 0.7045183711747328,
      "transfer_content_lpips": 0.5291853739833333,
      "transfer_fid": 309.34440022095265,
      "transfer_art_fid": 485.01149959119573,
      "transfer_classifier_acc": 0.44333333333333336,
      "photo_to_art_clip_style": 0.6902633485694727,
      "photo_to_art_fid": 309.34440022095265,
      "photo_to_art_art_fid": 485.01149959119573,
      "photo_to_art_classifier_acc": 0.175
    },
    "best_transfer_clip_style": {
      "epoch": 80,
      "summary_path": "..\\decoder-B-hf-strict-id\\full_eval\\epoch_0080\\summary.json",
      "transfer_clip_style": 0.7045183711747328,
      "transfer_content_lpips": 0.5291853739833333,
      "transfer_fid": 309.34440022095265,
      "transfer_art_fid": 485.01149959119573,
      "transfer_classifier_acc": 0.44333333333333336,
      "photo_to_art_clip_style": 0.6902633485694727,
      "photo_to_art_fid": 309.34440022095265,
      "photo_to_art_art_fid": 485.01149959119573,
      "photo_to_art_classifier_acc": 0.175
    },
    "best_transfer_fid": {
      "epoch": 40,
      "summary_path": "..\\decoder-B-hf-strict-id\\full_eval\\epoch_0040\\summary.json",
      "transfer_clip_style": 0.6990398908158143,
      "transfer_content_lpips": 0.5128575889333333,
      "transfer_fid": 303.4890994374285,
      "transfer_art_fid": 471.5264002032682,
      "transfer_classifier_acc": 0.42333333333333334,
      "photo_to_art_clip_style": 0.6846923093001048,
      "photo_to_art_fid": 303.4890994374285,
      "photo_to_art_art_fid": 471.5264002032682,
      "photo_to_art_classifier_acc": 0.15
    },
    "best_transfer_art_fid": {
      "epoch": 40,
      "summary_path": "..\\decoder-B-hf-strict-id\\full_eval\\epoch_0040\\summary.json",
      "transfer_clip_style": 0.6990398908158143,
      "transfer_content_lpips": 0.5128575889333333,
      "transfer_fid": 303.4890994374285,
      "transfer_art_fid": 471.5264002032682,
      "transfer_classifier_acc": 0.42333333333333334,
      "photo_to_art_clip_style": 0.6846923093001048,
      "photo_to_art_fid": 303.4890994374285,
      "photo_to_art_art_fid": 471.5264002032682,
      "photo_to_art_classifier_acc": 0.15
    },
    "best_photo_to_art_classifier_acc": {
      "epoch": 80,
      "summary_path": "..\\decoder-B-hf-strict-id\\full_eval\\epoch_0080\\summary.json",
      "transfer_clip_style": 0.7045183711747328,
      "transfer_content_lpips": 0.5291853739833333,
      "transfer_fid": 309.34440022095265,
      "transfer_art_fid": 485.01149959119573,
      "transfer_classifier_acc": 0.44333333333333336,
      "photo_to_art_clip_style": 0.6902633485694727,
      "photo_to_art_fid": 309.34440022095265,
      "photo_to_art_art_fid": 485.01149959119573,
      "photo_to_art_classifier_acc": 0.175
    },
    "best_photo_to_art_clip_style": {
      "epoch": 80,
      "summary_path": "..\\decoder-B-hf-strict-id\\full_eval\\epoch_0080\\summary.json",
      "transfer_clip_style": 0.7045183711747328,
      "transfer_content_lpips": 0.5291853739833333,
      "transfer_fid": 309.34440022095265,
      "transfer_art_fid": 485.01149959119573,
      "transfer_classifier_acc": 0.44333333333333336,
      "photo_to_art_clip_style": 0.6902633485694727,
      "photo_to_art_fid": 309.34440022095265,
      "photo_to_art_art_fid": 485.01149959119573,
      "photo_to_art_classifier_acc": 0.175
    },
    "best_photo_to_art_fid": {
      "epoch": 40,
      "summary_path": "..\\decoder-B-hf-strict-id\\full_eval\\epoch_0040\\summary.json",
      "transfer_clip_style": 0.6990398908158143,
      "transfer_content_lpips": 0.5128575889333333,
      "transfer_fid": 303.4890994374285,
      "transfer_art_fid": 471.5264002032682,
      "transfer_classifier_acc": 0.42333333333333334,
      "photo_to_art_clip_style": 0.6846923093001048,
      "photo_to_art_fid": 303.4890994374285,
      "photo_to_art_art_fid": 471.5264002032682,
      "photo_to_art_classifier_acc": 0.15
    },
    "best_photo_to_art_art_fid": {
      "epoch": 40,
      "summary_path": "..\\decoder-B-hf-strict-id\\full_eval\\epoch_0040\\summary.json",
      "transfer_clip_style": 0.6990398908158143,
      "transfer_content_lpips": 0.5128575889333333,
      "transfer_fid": 303.4890994374285,
      "transfer_art_fid": 471.5264002032682,
      "transfer_classifier_acc": 0.42333333333333334,
      "photo_to_art_clip_style": 0.6846923093001048,
      "photo_to_art_fid": 303.4890994374285,
      "photo_to_art_art_fid": 471.5264002032682,
      "photo_to_art_classifier_acc": 0.15
    },
    "best_transfer_content_lpips": {
      "epoch": 40,
      "summary_path": "..\\decoder-B-hf-strict-id\\full_eval\\epoch_0040\\summary.json",
      "transfer_clip_style": 0.6990398908158143,
      "transfer_content_lpips": 0.5128575889333333,
      "transfer_fid": 303.4890994374285,
      "transfer_art_fid": 471.5264002032682,
      "transfer_classifier_acc": 0.42333333333333334,
      "photo_to_art_clip_style": 0.6846923093001048,
      "photo_to_art_fid": 303.4890994374285,
      "photo_to_art_art_fid": 471.5264002032682,
      "photo_to_art_classifier_acc": 0.15
    }
  },
  "rounds": [
    {
      "epoch": 40,
      "summary_path": "..\\decoder-B-hf-strict-id\\full_eval\\epoch_0040\\summary.json",
      "transfer_clip_style": 0.6990398908158143,
      "transfer_content_lpips": 0.5128575889333333,
      "transfer_fid": 303.4890994374285,
      "transfer_art_fid": 471.5264002032682,
      "transfer_classifier_acc": 0.42333333333333334,
      "photo_to_art_clip_style": 0.6846923093001048,
      "photo_to_art_fid": 303.4890994374285,
      "photo_to_art_art_fid": 471.5264002032682,
      "photo_to_art_classifier_acc": 0.15
    },
    {
      "epoch": 80,
      "summary_path": "..\\decoder-B-hf-strict-id\\full_eval\\epoch_0080\\summary.json",
      "transfer_clip_style": 0.7045183711747328,
      "transfer_content_lpips": 0.5291853739833333,
      "transfer_fid": 309.34440022095265,
      "transfer_art_fid": 485.01149959119573,
      "transfer_classifier_acc": 0.44333333333333336,
      "photo_to_art_clip_style": 0.6902633485694727,
      "photo_to_art_fid": 309.34440022095265,
      "photo_to_art_art_fid": 485.01149959119573,
      "photo_to_art_classifier_acc": 0.175
    }
  ],
  "updated_at": "2026-03-06 07:07:58"
}