{
  "num_rounds": 2,
  "latest": {
    "epoch": 80,
    "summary_path": "..\\decoder-E-extreme-brush\\full_eval\\epoch_0080\\summary.json",
    "transfer_clip_style": 0.7063964407642682,
    "transfer_content_lpips": 0.5439834172166667,
    "transfer_fid": 301.68285502406565,
    "transfer_art_fid": 476.3628848037388,
    "transfer_classifier_acc": 0.4766666666666667,
    "photo_to_art_clip_style": 0.6929791549841562,
    "photo_to_art_fid": 301.68285502406565,
    "photo_to_art_art_fid": 476.3628848037388,
    "photo_to_art_classifier_acc": 0.2
  },
  "mean": {
    "transfer_clip_style": 0.7061186468352874,
    "transfer_content_lpips": 0.5374032148083333,
    "transfer_fid": 301.78145850918656,
    "transfer_art_fid": 474.99393311143524,
    "transfer_classifier_acc": 0.4833333333333334,
    "photo_to_art_clip_style": 0.6887557019790014,
    "photo_to_art_fid": 301.78145850918656,
    "photo_to_art_art_fid": 474.99393311143524,
    "photo_to_art_classifier_acc": 0.2
  },
  "best": {
    "best_transfer_classifier_acc": {
      "epoch": 40,
      "summary_path": "..\\decoder-E-extreme-brush\\full_eval\\epoch_0040\\summary.json",
      "transfer_clip_style": 0.7058408529063065,
      "transfer_content_lpips": 0.5308230124,
      "transfer_fid": 301.8800619943075,
      "transfer_art_fid": 473.62498141913164,
      "transfer_classifier_acc": 0.49000000000000005,
      "photo_to_art_clip_style": 0.6845322489738465,
      "photo_to_art_fid": 301.8800619943075,
      "photo_to_art_art_fid": 473.62498141913164,
      "photo_to_art_classifier_acc": 0.2
    },
    "best_transfer_clip_style": {
      "epoch": 80,
      "summary_path": "..\\decoder-E-extreme-brush\\full_eval\\epoch_0080\\summary.json",
      "transfer_clip_style": 0.7063964407642682,
      "transfer_content_lpips": 0.5439834172166667,
      "transfer_fid": 301.68285502406565,
      "transfer_art_fid": 476.3628848037388,
      "transfer_classifier_acc": 0.4766666666666667,
      "photo_to_art_clip_style": 0.6929791549841562,
      "photo_to_art_fid": 301.68285502406565,
      "photo_to_art_art_fid": 476.3628848037388,
      "photo_to_art_classifier_acc": 0.2
    },
    "best_transfer_fid": {
      "epoch": 80,
      "summary_path": "..\\decoder-E-extreme-brush\\full_eval\\epoch_0080\\summary.json",
      "transfer_clip_style": 0.7063964407642682,
      "transfer_content_lpips": 0.5439834172166667,
      "transfer_fid": 301.68285502406565,
      "transfer_art_fid": 476.3628848037388,
      "transfer_classifier_acc": 0.4766666666666667,
      "photo_to_art_clip_style": 0.6929791549841562,
      "photo_to_art_fid": 301.68285502406565,
      "photo_to_art_art_fid": 476.3628848037388,
      "photo_to_art_classifier_acc": 0.2
    },
    "best_transfer_art_fid": {
      "epoch": 40,
      "summary_path": "..\\decoder-E-extreme-brush\\full_eval\\epoch_0040\\summary.json",
      "transfer_clip_style": 0.7058408529063065,
      "transfer_content_lpips": 0.5308230124,
      "transfer_fid": 301.8800619943075,
      "transfer_art_fid": 473.62498141913164,
      "transfer_classifier_acc": 0.49000000000000005,
      "photo_to_art_clip_style": 0.6845322489738465,
      "photo_to_art_fid": 301.8800619943075,
      "photo_to_art_art_fid": 473.62498141913164,
      "photo_to_art_classifier_acc": 0.2
    },
    "best_photo_to_art_classifier_acc": {
      "epoch": 40,
      "summary_path": "..\\decoder-E-extreme-brush\\full_eval\\epoch_0040\\summary.json",
      "transfer_clip_style": 0.7058408529063065,
      "transfer_content_lpips": 0.5308230124,
      "transfer_fid": 301.8800619943075,
      "transfer_art_fid": 473.62498141913164,
      "transfer_classifier_acc": 0.49000000000000005,
      "photo_to_art_clip_style": 0.6845322489738465,
      "photo_to_art_fid": 301.8800619943075,
      "photo_to_art_art_fid": 473.62498141913164,
      "photo_to_art_classifier_acc": 0.2
    },
    "best_photo_to_art_clip_style": {
      "epoch": 80,
      "summary_path": "..\\decoder-E-extreme-brush\\full_eval\\epoch_0080\\summary.json",
      "transfer_clip_style": 0.7063964407642682,
      "transfer_content_lpips": 0.5439834172166667,
      "transfer_fid": 301.68285502406565,
      "transfer_art_fid": 476.3628848037388,
      "transfer_classifier_acc": 0.4766666666666667,
      "photo_to_art_clip_style": 0.6929791549841562,
      "photo_to_art_fid": 301.68285502406565,
      "photo_to_art_art_fid": 476.3628848037388,
      "photo_to_art_classifier_acc": 0.2
    },
    "best_photo_to_art_fid": {
      "epoch": 80,
      "summary_path": "..\\decoder-E-extreme-brush\\full_eval\\epoch_0080\\summary.json",
      "transfer_clip_style": 0.7063964407642682,
      "transfer_content_lpips": 0.5439834172166667,
      "transfer_fid": 301.68285502406565,
      "transfer_art_fid": 476.3628848037388,
      "transfer_classifier_acc": 0.4766666666666667,
      "photo_to_art_clip_style": 0.6929791549841562,
      "photo_to_art_fid": 301.68285502406565,
      "photo_to_art_art_fid": 476.3628848037388,
      "photo_to_art_classifier_acc": 0.2
    },
    "best_photo_to_art_art_fid": {
      "epoch": 40,
      "summary_path": "..\\decoder-E-extreme-brush\\full_eval\\epoch_0040\\summary.json",
      "transfer_clip_style": 0.7058408529063065,
      "transfer_content_lpips": 0.5308230124,
      "transfer_fid": 301.8800619943075,
      "transfer_art_fid": 473.62498141913164,
      "transfer_classifier_acc": 0.49000000000000005,
      "photo_to_art_clip_style": 0.6845322489738465,
      "photo_to_art_fid": 301.8800619943075,
      "photo_to_art_art_fid": 473.62498141913164,
      "photo_to_art_classifier_acc": 0.2
    },
    "best_transfer_content_lpips": {
      "epoch": 40,
      "summary_path": "..\\decoder-E-extreme-brush\\full_eval\\epoch_0040\\summary.json",
      "transfer_clip_style": 0.7058408529063065,
      "transfer_content_lpips": 0.5308230124,
      "transfer_fid": 301.8800619943075,
      "transfer_art_fid": 473.62498141913164,
      "transfer_classifier_acc": 0.49000000000000005,
      "photo_to_art_clip_style": 0.6845322489738465,
      "photo_to_art_fid": 301.8800619943075,
      "photo_to_art_art_fid": 473.62498141913164,
      "photo_to_art_classifier_acc": 0.2
    }
  },
  "rounds": [
    {
      "epoch": 40,
      "summary_path": "..\\decoder-E-extreme-brush\\full_eval\\epoch_0040\\summary.json",
      "transfer_clip_style": 0.7058408529063065,
      "transfer_content_lpips": 0.5308230124,
      "transfer_fid": 301.8800619943075,
      "transfer_art_fid": 473.62498141913164,
      "transfer_classifier_acc": 0.49000000000000005,
      "photo_to_art_clip_style": 0.6845322489738465,
      "photo_to_art_fid": 301.8800619943075,
      "photo_to_art_art_fid": 473.62498141913164,
      "photo_to_art_classifier_acc": 0.2
    },
    {
      "epoch": 80,
      "summary_path": "..\\decoder-E-extreme-brush\\full_eval\\epoch_0080\\summary.json",
      "transfer_clip_style": 0.7063964407642682,
      "transfer_content_lpips": 0.5439834172166667,
      "transfer_fid": 301.68285502406565,
      "transfer_art_fid": 476.3628848037388,
      "transfer_classifier_acc": 0.4766666666666667,
      "photo_to_art_clip_style": 0.6929791549841562,
      "photo_to_art_fid": 301.68285502406565,
      "photo_to_art_art_fid": 476.3628848037388,
      "photo_to_art_classifier_acc": 0.2
    }
  ],
  "updated_at": "2026-03-06 18:15:03"
}