{
  "num_rounds": 2,
  "latest": {
    "epoch": 80,
    "summary_path": "..\\decoder-A-anchor-nohf\\full_eval\\epoch_0080\\summary.json",
    "transfer_clip_style": 0.0,
    "transfer_content_lpips": 0.44105202974999996,
    "transfer_fid": 286.3265010116002,
    "transfer_art_fid": 422.13585981355556,
    "transfer_classifier_acc": 0.32666666666666677,
    "photo_to_art_clip_style": 0.0,
    "photo_to_art_fid": 286.3265010116002,
    "photo_to_art_art_fid": 422.13585981355556,
    "photo_to_art_classifier_acc": 0.2333333333333333
  },
  "mean": {
    "transfer_clip_style": 0.0,
    "transfer_content_lpips": 0.44307497127500006,
    "transfer_fid": 288.4153927448207,
    "transfer_art_fid": 427.1274749380435,
    "transfer_classifier_acc": 0.3133333333333334,
    "photo_to_art_clip_style": 0.0,
    "photo_to_art_fid": 288.4153927448207,
    "photo_to_art_art_fid": 427.1274749380435,
    "photo_to_art_classifier_acc": 0.2375
  },
  "best": {
    "best_transfer_classifier_acc": {
      "epoch": 80,
      "summary_path": "..\\decoder-A-anchor-nohf\\full_eval\\epoch_0080\\summary.json",
      "transfer_clip_style": 0.0,
      "transfer_content_lpips": 0.44105202974999996,
      "transfer_fid": 286.3265010116002,
      "transfer_art_fid": 422.13585981355556,
      "transfer_classifier_acc": 0.32666666666666677,
      "photo_to_art_clip_style": 0.0,
      "photo_to_art_fid": 286.3265010116002,
      "photo_to_art_art_fid": 422.13585981355556,
      "photo_to_art_classifier_acc": 0.2333333333333333
    },
    "best_transfer_clip_style": {
      "epoch": 40,
      "summary_path": "..\\decoder-A-anchor-nohf\\full_eval\\epoch_0040\\summary.json",
      "transfer_clip_style": 0.0,
      "transfer_content_lpips": 0.4450979128000001,
      "transfer_fid": 290.5042844780411,
      "transfer_art_fid": 432.11909006253154,
      "transfer_classifier_acc": 0.30000000000000004,
      "photo_to_art_clip_style": 0.0,
      "photo_to_art_fid": 290.5042844780411,
      "photo_to_art_art_fid": 432.11909006253154,
      "photo_to_art_classifier_acc": 0.24166666666666664
    },
    "best_transfer_fid": {
      "epoch": 80,
      "summary_path": "..\\decoder-A-anchor-nohf\\full_eval\\epoch_0080\\summary.json",
      "transfer_clip_style": 0.0,
      "transfer_content_lpips": 0.44105202974999996,
      "transfer_fid": 286.3265010116002,
      "transfer_art_fid": 422.13585981355556,
      "transfer_classifier_acc": 0.32666666666666677,
      "photo_to_art_clip_style": 0.0,
      "photo_to_art_fid": 286.3265010116002,
      "photo_to_art_art_fid": 422.13585981355556,
      "photo_to_art_classifier_acc": 0.2333333333333333
    },
    "best_transfer_art_fid": {
      "epoch": 80,
      "summary_path": "..\\decoder-A-anchor-nohf\\full_eval\\epoch_0080\\summary.json",
      "transfer_clip_style": 0.0,
      "transfer_content_lpips": 0.44105202974999996,
      "transfer_fid": 286.3265010116002,
      "transfer_art_fid": 422.13585981355556,
      "transfer_classifier_acc": 0.32666666666666677,
      "photo_to_art_clip_style": 0.0,
      "photo_to_art_fid": 286.3265010116002,
      "photo_to_art_art_fid": 422.13585981355556,
      "photo_to_art_classifier_acc": 0.2333333333333333
    },
    "best_photo_to_art_classifier_acc": {
      "epoch": 40,
      "summary_path": "..\\decoder-A-anchor-nohf\\full_eval\\epoch_0040\\summary.json",
      "transfer_clip_style": 0.0,
      "transfer_content_lpips": 0.4450979128000001,
      "transfer_fid": 290.5042844780411,
      "transfer_art_fid": 432.11909006253154,
      "transfer_classifier_acc": 0.30000000000000004,
      "photo_to_art_clip_style": 0.0,
      "photo_to_art_fid": 290.5042844780411,
      "photo_to_art_art_fid": 432.11909006253154,
      "photo_to_art_classifier_acc": 0.24166666666666664
    },
    "best_photo_to_art_clip_style": {
      "epoch": 40,
      "summary_path": "..\\decoder-A-anchor-nohf\\full_eval\\epoch_0040\\summary.json",
      "transfer_clip_style": 0.0,
      "transfer_content_lpips": 0.4450979128000001,
      "transfer_fid": 290.5042844780411,
      "transfer_art_fid": 432.11909006253154,
      "transfer_classifier_acc": 0.30000000000000004,
      "photo_to_art_clip_style": 0.0,
      "photo_to_art_fid": 290.5042844780411,
      "photo_to_art_art_fid": 432.11909006253154,
      "photo_to_art_classifier_acc": 0.24166666666666664
    },
    "best_photo_to_art_fid": {
      "epoch": 80,
      "summary_path": "..\\decoder-A-anchor-nohf\\full_eval\\epoch_0080\\summary.json",
      "transfer_clip_style": 0.0,
      "transfer_content_lpips": 0.44105202974999996,
      "transfer_fid": 286.3265010116002,
      "transfer_art_fid": 422.13585981355556,
      "transfer_classifier_acc": 0.32666666666666677,
      "photo_to_art_clip_style": 0.0,
      "photo_to_art_fid": 286.3265010116002,
      "photo_to_art_art_fid": 422.13585981355556,
      "photo_to_art_classifier_acc": 0.2333333333333333
    },
    "best_photo_to_art_art_fid": {
      "epoch": 80,
      "summary_path": "..\\decoder-A-anchor-nohf\\full_eval\\epoch_0080\\summary.json",
      "transfer_clip_style": 0.0,
      "transfer_content_lpips": 0.44105202974999996,
      "transfer_fid": 286.3265010116002,
      "transfer_art_fid": 422.13585981355556,
      "transfer_classifier_acc": 0.32666666666666677,
      "photo_to_art_clip_style": 0.0,
      "photo_to_art_fid": 286.3265010116002,
      "photo_to_art_art_fid": 422.13585981355556,
      "photo_to_art_classifier_acc": 0.2333333333333333
    },
    "best_transfer_content_lpips": {
      "epoch": 80,
      "summary_path": "..\\decoder-A-anchor-nohf\\full_eval\\epoch_0080\\summary.json",
      "transfer_clip_style": 0.0,
      "transfer_content_lpips": 0.44105202974999996,
      "transfer_fid": 286.3265010116002,
      "transfer_art_fid": 422.13585981355556,
      "transfer_classifier_acc": 0.32666666666666677,
      "photo_to_art_clip_style": 0.0,
      "photo_to_art_fid": 286.3265010116002,
      "photo_to_art_art_fid": 422.13585981355556,
      "photo_to_art_classifier_acc": 0.2333333333333333
    }
  },
  "rounds": [
    {
      "epoch": 40,
      "summary_path": "..\\decoder-A-anchor-nohf\\full_eval\\epoch_0040\\summary.json",
      "transfer_clip_style": 0.0,
      "transfer_content_lpips": 0.4450979128000001,
      "transfer_fid": 290.5042844780411,
      "transfer_art_fid": 432.11909006253154,
      "transfer_classifier_acc": 0.30000000000000004,
      "photo_to_art_clip_style": 0.0,
      "photo_to_art_fid": 290.5042844780411,
      "photo_to_art_art_fid": 432.11909006253154,
      "photo_to_art_classifier_acc": 0.24166666666666664
    },
    {
      "epoch": 80,
      "summary_path": "..\\decoder-A-anchor-nohf\\full_eval\\epoch_0080\\summary.json",
      "transfer_clip_style": 0.0,
      "transfer_content_lpips": 0.44105202974999996,
      "transfer_fid": 286.3265010116002,
      "transfer_art_fid": 422.13585981355556,
      "transfer_classifier_acc": 0.32666666666666677,
      "photo_to_art_clip_style": 0.0,
      "photo_to_art_fid": 286.3265010116002,
      "photo_to_art_art_fid": 422.13585981355556,
      "photo_to_art_classifier_acc": 0.2333333333333333
    }
  ],
  "updated_at": "2026-03-06 01:30:41"
}