{
  "checkpoint": "..\\exp_5_signal_overdrive\\epoch_0100.pt",
  "timestamp": "2026-02-27 08:57:34",
  "metrics_note": {
    "clip_dir": "cos( CLIP(gen)-CLIP(src), CLIP(target_style_proto)-CLIP(src) ) - Measures edit direction.",
    "clip_style": "cos( CLIP(gen), CLIP(target_style_proto) ) - Measures absolute style similarity.",
    "fid_baseline": "FID between source-domain images and target-style references.",
    "fid": "FID between generated images and target-style real references (Inception features).",
    "delta_fid": "fid_baseline - fid (higher is better).",
    "delta_fid_ratio": "delta_fid / fid_baseline (relative improvement ratio).",
    "art_fid": "computed as (1 + fid_style) * (1 + content_lpips)"
  },
  "matrix_breakdown": {
    "photo": {
      "photo": {
        "count": 30,
        "clip_dir": 0.4123056948184967,
        "clip_style": 0.8074275076389312,
        "style_lpips": 0.7495237489541372,
        "content_lpips": 0.332659324,
        "clip_content": 0.8842565406666666,
        "fid_style": null,
        "art_fid": null,
        "fid_baseline": null,
        "delta_fid": null,
        "delta_fid_ratio": null,
        "classifier_acc": null
      },
      "Hayao": {
        "count": 30,
        "clip_dir": 0.47666888137658436,
        "clip_style": 0.6001316328843435,
        "style_lpips": 0.7668655574321747,
        "content_lpips": 0.4226322246666667,
        "clip_content": 0.8396157723333333,
        "fid_style": 321.37127182782626,
        "art_fid": 458.6157596090432,
        "fid_baseline": 334.729000932728,
        "delta_fid": 13.35772910490175,
        "delta_fid_ratio": 0.039906100360829845,
        "classifier_acc": null
      },
      "monet": {
        "count": 30,
        "clip_dir": 0.3510806694626808,
        "clip_style": 0.6242171704769135,
        "style_lpips": 0.7436515231927235,
        "content_lpips": 0.33181830866666656,
        "clip_content": 0.8796445383333334,
        "fid_style": 232.34127590607372,
        "art_fid": 310.7681834193491,
        "fid_baseline": 237.55478896111822,
        "delta_fid": 5.213513055044501,
        "delta_fid_ratio": 0.021946571053542613,
        "classifier_acc": null
      },
      "vangogh": {
        "count": 30,
        "clip_dir": 0.47258361577987673,
        "clip_style": 0.66075931986173,
        "style_lpips": 0.8043744822343191,
        "content_lpips": 0.475798899,
        "clip_content": 0.8279098826666668,
        "fid_style": 322.27164635841217,
        "art_fid": 477.083939773662,
        "fid_baseline": 313.3414404549672,
        "delta_fid": -8.930205903444971,
        "delta_fid_ratio": -0.02849991973764607,
        "classifier_acc": null
      },
      "cezanne": {
        "count": 30,
        "clip_dir": 0.4419055332740148,
        "clip_style": 0.6241264035304387,
        "style_lpips": 0.768116440375646,
        "content_lpips": 0.43748823699999995,
        "clip_content": 0.8357405833333335,
        "fid_style": 305.8184005285461,
        "art_fid": 441.04784165493953,
        "fid_baseline": 317.94764662800304,
        "delta_fid": 12.129246099456964,
        "delta_fid_ratio": 0.038148563853495396,
        "classifier_acc": null
      }
    },
    "Hayao": {
      "photo": {
        "count": 30,
        "clip_dir": 0.28137992396950723,
        "clip_style": 0.5443458378314971,
        "style_lpips": 0.787630707025528,
        "content_lpips": 0.35010920033333337,
        "clip_content": 0.9039248296666665,
        "fid_style": null,
        "art_fid": null,
        "fid_baseline": null,
        "delta_fid": null,
        "delta_fid_ratio": null,
        "classifier_acc": null
      },
      "Hayao": {
        "count": 30,
        "clip_dir": 0.3474155401190122,
        "clip_style": 0.8533518155415852,
        "style_lpips": 0.7330140749613444,
        "content_lpips": 0.23039156866666666,
        "clip_content": 0.929894352,
        "fid_style": null,
        "art_fid": null,
        "fid_baseline": null,
        "delta_fid": null,
        "delta_fid_ratio": null,
        "classifier_acc": null
      },
      "monet": {
        "count": 30,
        "clip_dir": 0.23959796875715256,
        "clip_style": 0.4755227088928223,
        "style_lpips": 0.7771101733048756,
        "content_lpips": 0.33825284799999994,
        "clip_content": 0.9010918923333334,
        "fid_style": null,
        "art_fid": null,
        "fid_baseline": null,
        "delta_fid": null,
        "delta_fid_ratio": null,
        "classifier_acc": null
      },
      "vangogh": {
        "count": 30,
        "clip_dir": 0.3779497762521108,
        "clip_style": 0.5899514019489288,
        "style_lpips": 0.8026797930399577,
        "content_lpips": 0.4062698856666666,
        "clip_content": 0.8658343386666666,
        "fid_style": null,
        "art_fid": null,
        "fid_baseline": null,
        "delta_fid": null,
        "delta_fid_ratio": null,
        "classifier_acc": null
      },
      "cezanne": {
        "count": 30,
        "clip_dir": 0.25781349564592043,
        "clip_style": 0.5232792774836222,
        "style_lpips": 0.7712879300117492,
        "content_lpips": 0.32468365133333327,
        "clip_content": 0.9063553853333334,
        "fid_style": null,
        "art_fid": null,
        "fid_baseline": null,
        "delta_fid": null,
        "delta_fid_ratio": null,
        "classifier_acc": null
      }
    },
    "monet": {
      "photo": {
        "count": 30,
        "clip_dir": 0.4739630957444509,
        "clip_style": 0.7151083966096242,
        "style_lpips": 0.7559445758660635,
        "content_lpips": 0.37323864100000004,
        "clip_content": 0.8713354773333334,
        "fid_style": null,
        "art_fid": null,
        "fid_baseline": null,
        "delta_fid": null,
        "delta_fid_ratio": null,
        "classifier_acc": null
      },
      "Hayao": {
        "count": 30,
        "clip_dir": 0.4690554211537043,
        "clip_style": 0.5924643854300181,
        "style_lpips": 0.7673322280248006,
        "content_lpips": 0.43495493266666674,
        "clip_content": 0.8497824556666668,
        "fid_style": null,
        "art_fid": null,
        "fid_baseline": null,
        "delta_fid": null,
        "delta_fid_ratio": null,
        "classifier_acc": null
      },
      "monet": {
        "count": 30,
        "clip_dir": 0.2959886925915877,
        "clip_style": 0.8245525022347768,
        "style_lpips": 0.7027489602565765,
        "content_lpips": 0.3506912133333334,
        "clip_content": 0.8843941563333334,
        "fid_style": null,
        "art_fid": null,
        "fid_baseline": null,
        "delta_fid": null,
        "delta_fid_ratio": null,
        "classifier_acc": null
      },
      "vangogh": {
        "count": 30,
        "clip_dir": 0.3970826998353004,
        "clip_style": 0.784875480333964,
        "style_lpips": 0.776738049586614,
        "content_lpips": 0.44562493833333333,
        "clip_content": 0.8203176449999999,
        "fid_style": null,
        "art_fid": null,
        "fid_baseline": null,
        "delta_fid": null,
        "delta_fid_ratio": null,
        "classifier_acc": null
      },
      "cezanne": {
        "count": 30,
        "clip_dir": 0.36387094259262087,
        "clip_style": 0.7852689127127329,
        "style_lpips": 0.741347606976827,
        "content_lpips": 0.41329809666666656,
        "clip_content": 0.856375284,
        "fid_style": null,
        "art_fid": null,
        "fid_baseline": null,
        "delta_fid": null,
        "delta_fid_ratio": null,
        "classifier_acc": null
      }
    },
    "vangogh": {
      "photo": {
        "count": 30,
        "clip_dir": 0.4648203879594803,
        "clip_style": 0.690152092774709,
        "style_lpips": 0.7557045062383015,
        "content_lpips": 0.4145644963333333,
        "clip_content": 0.8477450630000002,
        "fid_style": null,
        "art_fid": null,
        "fid_baseline": null,
        "delta_fid": null,