{
  "num_rounds": 1,
  "latest": {
    "epoch": 100,
    "summary_path": "..\\exp_2_zero_id\\full_eval\\epoch_0100\\summary.json",
    "transfer_clip_style": 0.6509758176406225,
    "transfer_content_lpips": 0.38921050165000004,
    "transfer_fid": 289.16228737229864,
    "transfer_art_fid": 412.34168692380797,
    "transfer_classifier_acc": 0.0,
    "photo_to_art_clip_style": 0.6282008486489454,
    "photo_to_art_fid": 289.16228737229864,
    "photo_to_art_art_fid": 412.34168692380797,
    "photo_to_art_classifier_acc": 0.0
  },
  "mean": {
    "transfer_clip_style": 0.6509758176406225,
    "transfer_content_lpips": 0.38921050165000004,
    "transfer_fid": 289.16228737229864,
    "transfer_art_fid": 412.34168692380797,
    "transfer_classifier_acc": 0.0,
    "photo_to_art_clip_style": 0.6282008486489454,
    "photo_to_art_fid": 289.16228737229864,
    "photo_to_art_art_fid": 412.34168692380797,
    "photo_to_art_classifier_acc": 0.0
  },
  "best": {
    "best_transfer_classifier_acc": {
      "epoch": 100,
      "summary_path": "..\\exp_2_zero_id\\full_eval\\epoch_0100\\summary.json",
      "transfer_clip_style": 0.6509758176406225,
      "transfer_content_lpips": 0.38921050165000004,
      "transfer_fid": 289.16228737229864,
      "transfer_art_fid": 412.34168692380797,
      "transfer_classifier_acc": 0.0,
      "photo_to_art_clip_style": 0.6282008486489454,
      "photo_to_art_fid": 289.16228737229864,
      "photo_to_art_art_fid": 412.34168692380797,
      "photo_to_art_classifier_acc": 0.0
    },
    "best_transfer_clip_style": {
      "epoch": 100,
      "summary_path": "..\\exp_2_zero_id\\full_eval\\epoch_0100\\summary.json",
      "transfer_clip_style": 0.6509758176406225,
      "transfer_content_lpips": 0.38921050165000004,
      "transfer_fid": 289.16228737229864,
      "transfer_art_fid": 412.34168692380797,
      "transfer_classifier_acc": 0.0,
      "photo_to_art_clip_style": 0.6282008486489454,
      "photo_to_art_fid": 289.16228737229864,
      "photo_to_art_art_fid": 412.34168692380797,
      "photo_to_art_classifier_acc": 0.0
    },
    "best_transfer_fid": {
      "epoch": 100,
      "summary_path": "..\\exp_2_zero_id\\full_eval\\epoch_0100\\summary.json",
      "transfer_clip_style": 0.6509758176406225,
      "transfer_content_lpips": 0.38921050165000004,
      "transfer_fid": 289.16228737229864,
      "transfer_art_fid": 412.34168692380797,
      "transfer_classifier_acc": 0.0,
      "photo_to_art_clip_style": 0.6282008486489454,
      "photo_to_art_fid": 289.16228737229864,
      "photo_to_art_art_fid": 412.34168692380797,
      "photo_to_art_classifier_acc": 0.0
    },
    "best_transfer_art_fid": {
      "epoch": 100,
      "summary_path": "..\\exp_2_zero_id\\full_eval\\epoch_0100\\summary.json",
      "transfer_clip_style": 0.6509758176406225,
      "transfer_content_lpips": 0.38921050165000004,
      "transfer_fid": 289.16228737229864,
      "transfer_art_fid": 412.34168692380797,
      "transfer_classifier_acc": 0.0,
      "photo_to_art_clip_style": 0.6282008486489454,
      "photo_to_art_fid": 289.16228737229864,
      "photo_to_art_art_fid": 412.34168692380797,
      "photo_to_art_classifier_acc": 0.0
    },
    "best_photo_to_art_classifier_acc": {
      "epoch": 100,
      "summary_path": "..\\exp_2_zero_id\\full_eval\\epoch_0100\\summary.json",
      "transfer_clip_style": 0.6509758176406225,
      "transfer_content_lpips": 0.38921050165000004,
      "transfer_fid": 289.16228737229864,
      "transfer_art_fid": 412.34168692380797,
      "transfer_classifier_acc": 0.0,
      "photo_to_art_clip_style": 0.6282008486489454,
      "photo_to_art_fid": 289.16228737229864,
      "photo_to_art_art_fid": 412.34168692380797,
      "photo_to_art_classifier_acc": 0.0
    },
    "best_photo_to_art_clip_style": {
      "epoch": 100,
      "summary_path": "..\\exp_2_zero_id\\full_eval\\epoch_0100\\summary.json",
      "transfer_clip_style": 0.6509758176406225,
      "transfer_content_lpips": 0.38921050165000004,
      "transfer_fid": 289.16228737229864,
      "transfer_art_fid": 412.34168692380797,
      "transfer_classifier_acc": 0.0,
      "photo_to_art_clip_style": 0.6282008486489454,
      "photo_to_art_fid": 289.16228737229864,
      "photo_to_art_art_fid": 412.34168692380797,
      "photo_to_art_classifier_acc": 0.0
    },
    "best_photo_to_art_fid": {
      "epoch": 100,
      "summary_path": "..\\exp_2_zero_id\\full_eval\\epoch_0100\\summary.json",
      "transfer_clip_style": 0.6509758176406225,
      "transfer_content_lpips": 0.38921050165000004,
      "transfer_fid": 289.16228737229864,
      "transfer_art_fid": 412.34168692380797,
      "transfer_classifier_acc": 0.0,
      "photo_to_art_clip_style": 0.6282008486489454,
      "photo_to_art_fid": 289.16228737229864,
      "photo_to_art_art_fid": 412.34168692380797,
      "photo_to_art_classifier_acc": 0.0
    },
    "best_photo_to_art_art_fid": {
      "epoch": 100,
      "summary_path": "..\\exp_2_zero_id\\full_eval\\epoch_0100\\summary.json",
      "transfer_clip_style": 0.6509758176406225,
      "transfer_content_lpips": 0.38921050165000004,
      "transfer_fid": 289.16228737229864,
      "transfer_art_fid": 412.34168692380797,
      "transfer_classifier_acc": 0.0,
      "photo_to_art_clip_style": 0.6282008486489454,
      "photo_to_art_fid": 289.16228737229864,
      "photo_to_art_art_fid": 412.34168692380797,
      "photo_to_art_classifier_acc": 0.0
    },
    "best_transfer_content_lpips": {
      "epoch": 100,
      "summary_path": "..\\exp_2_zero_id\\full_eval\\epoch_0100\\summary.json",
      "transfer_clip_style": 0.6509758176406225,
      "transfer_content_lpips": 0.38921050165000004,
      "transfer_fid": 289.16228737229864,
      "transfer_art_fid": 412.34168692380797,
      "transfer_classifier_acc": 0.0,
      "photo_to_art_clip_style": 0.6282008486489454,
      "photo_to_art_fid": 289.16228737229864,
      "photo_to_art_art_fid": 412.34168692380797,
      "photo_to_art_classifier_acc": 0.0
    }
  },
  "rounds": [
    {
      "epoch": 100,
      "summary_path": "..\\exp_2_zero_id\\full_eval\\epoch_0100\\summary.json",
      "transfer_clip_style": 0.6509758176406225,
      "transfer_content_lpips": 0.38921050165000004,
      "transfer_fid": 289.16228737229864,
      "transfer_art_fid": 412.34168692380797,
      "transfer_classifier_acc": 0.0,
      "photo_to_art_clip_style": 0.6282008486489454,
      "photo_to_art_fid": 289.16228737229864,
      "photo_to_art_art_fid": 412.34168692380797,
      "photo_to_art_classifier_acc": 0.0
    }
  ],
  "updated_at": "2026-02-27 01:44:52"
}