{
  "num_rounds": 1,
  "latest": {
    "epoch": 60,
    "summary_path": "..\\exp_E_safe_anchor\\full_eval\\epoch_0060\\summary.json",
    "transfer_clip_style": 0.655329701602459,
    "transfer_content_lpips": 0.38171962688333333,
    "transfer_fid": 292.82678808533456,
    "transfer_art_fid": 414.5605632287777,
    "transfer_classifier_acc": 0.0,
    "photo_to_art_clip_style": 0.629019196331501,
    "photo_to_art_fid": 292.82678808533456,
    "photo_to_art_art_fid": 414.5605632287777,
    "photo_to_art_classifier_acc": 0.0
  },
  "mean": {
    "transfer_clip_style": 0.655329701602459,
    "transfer_content_lpips": 0.38171962688333333,
    "transfer_fid": 292.82678808533456,
    "transfer_art_fid": 414.5605632287777,
    "transfer_classifier_acc": 0.0,
    "photo_to_art_clip_style": 0.629019196331501,
    "photo_to_art_fid": 292.82678808533456,
    "photo_to_art_art_fid": 414.5605632287777,
    "photo_to_art_classifier_acc": 0.0
  },
  "best": {
    "best_transfer_classifier_acc": {
      "epoch": 60,
      "summary_path": "..\\exp_E_safe_anchor\\full_eval\\epoch_0060\\summary.json",
      "transfer_clip_style": 0.655329701602459,
      "transfer_content_lpips": 0.38171962688333333,
      "transfer_fid": 292.82678808533456,
      "transfer_art_fid": 414.5605632287777,
      "transfer_classifier_acc": 0.0,
      "photo_to_art_clip_style": 0.629019196331501,
      "photo_to_art_fid": 292.82678808533456,
      "photo_to_art_art_fid": 414.5605632287777,
      "photo_to_art_classifier_acc": 0.0
    },
    "best_transfer_clip_style": {
      "epoch": 60,
      "summary_path": "..\\exp_E_safe_anchor\\full_eval\\epoch_0060\\summary.json",
      "transfer_clip_style": 0.655329701602459,
      "transfer_content_lpips": 0.38171962688333333,
      "transfer_fid": 292.82678808533456,
      "transfer_art_fid": 414.5605632287777,
      "transfer_classifier_acc": 0.0,
      "photo_to_art_clip_style": 0.629019196331501,
      "photo_to_art_fid": 292.82678808533456,
      "photo_to_art_art_fid": 414.5605632287777,
      "photo_to_art_classifier_acc": 0.0
    },
    "best_transfer_fid": {
      "epoch": 60,
      "summary_path": "..\\exp_E_safe_anchor\\full_eval\\epoch_0060\\summary.json",
      "transfer_clip_style": 0.655329701602459,
      "transfer_content_lpips": 0.38171962688333333,
      "transfer_fid": 292.82678808533456,
      "transfer_art_fid": 414.5605632287777,
      "transfer_classifier_acc": 0.0,
      "photo_to_art_clip_style": 0.629019196331501,
      "photo_to_art_fid": 292.82678808533456,
      "photo_to_art_art_fid": 414.5605632287777,
      "photo_to_art_classifier_acc": 0.0
    },
    "best_transfer_art_fid": {
      "epoch": 60,
      "summary_path": "..\\exp_E_safe_anchor\\full_eval\\epoch_0060\\summary.json",
      "transfer_clip_style": 0.655329701602459,
      "transfer_content_lpips": 0.38171962688333333,
      "transfer_fid": 292.82678808533456,
      "transfer_art_fid": 414.5605632287777,
      "transfer_classifier_acc": 0.0,
      "photo_to_art_clip_style": 0.629019196331501,
      "photo_to_art_fid": 292.82678808533456,
      "photo_to_art_art_fid": 414.5605632287777,
      "photo_to_art_classifier_acc": 0.0
    },
    "best_photo_to_art_classifier_acc": {
      "epoch": 60,
      "summary_path": "..\\exp_E_safe_anchor\\full_eval\\epoch_0060\\summary.json",
      "transfer_clip_style": 0.655329701602459,
      "transfer_content_lpips": 0.38171962688333333,
      "transfer_fid": 292.82678808533456,
      "transfer_art_fid": 414.5605632287777,
      "transfer_classifier_acc": 0.0,
      "photo_to_art_clip_style": 0.629019196331501,
      "photo_to_art_fid": 292.82678808533456,
      "photo_to_art_art_fid": 414.5605632287777,
      "photo_to_art_classifier_acc": 0.0
    },
    "best_photo_to_art_clip_style": {
      "epoch": 60,
      "summary_path": "..\\exp_E_safe_anchor\\full_eval\\epoch_0060\\summary.json",
      "transfer_clip_style": 0.655329701602459,
      "transfer_content_lpips": 0.38171962688333333,
      "transfer_fid": 292.82678808533456,
      "transfer_art_fid": 414.5605632287777,
      "transfer_classifier_acc": 0.0,
      "photo_to_art_clip_style": 0.629019196331501,
      "photo_to_art_fid": 292.82678808533456,
      "photo_to_art_art_fid": 414.5605632287777,
      "photo_to_art_classifier_acc": 0.0
    },
    "best_photo_to_art_fid": {
      "epoch": 60,
      "summary_path": "..\\exp_E_safe_anchor\\full_eval\\epoch_0060\\summary.json",
      "transfer_clip_style": 0.655329701602459,
      "transfer_content_lpips": 0.38171962688333333,
      "transfer_fid": 292.82678808533456,
      "transfer_art_fid": 414.5605632287777,
      "transfer_classifier_acc": 0.0,
      "photo_to_art_clip_style": 0.629019196331501,
      "photo_to_art_fid": 292.82678808533456,
      "photo_to_art_art_fid": 414.5605632287777,
      "photo_to_art_classifier_acc": 0.0
    },
    "best_photo_to_art_art_fid": {
      "epoch": 60,
      "summary_path": "..\\exp_E_safe_anchor\\full_eval\\epoch_0060\\summary.json",
      "transfer_clip_style": 0.655329701602459,
      "transfer_content_lpips": 0.38171962688333333,
      "transfer_fid": 292.82678808533456,
      "transfer_art_fid": 414.5605632287777,
      "transfer_classifier_acc": 0.0,
      "photo_to_art_clip_style": 0.629019196331501,
      "photo_to_art_fid": 292.82678808533456,
      "photo_to_art_art_fid": 414.5605632287777,
      "photo_to_art_classifier_acc": 0.0
    },
    "best_transfer_content_lpips": {
      "epoch": 60,
      "summary_path": "..\\exp_E_safe_anchor\\full_eval\\epoch_0060\\summary.json",
      "transfer_clip_style": 0.655329701602459,
      "transfer_content_lpips": 0.38171962688333333,
      "transfer_fid": 292.82678808533456,
      "transfer_art_fid": 414.5605632287777,
      "transfer_classifier_acc": 0.0,
      "photo_to_art_clip_style": 0.629019196331501,
      "photo_to_art_fid": 292.82678808533456,
      "photo_to_art_art_fid": 414.5605632287777,
      "photo_to_art_classifier_acc": 0.0
    }
  },
  "rounds": [
    {
      "epoch": 60,
      "summary_path": "..\\exp_E_safe_anchor\\full_eval\\epoch_0060\\summary.json",
      "transfer_clip_style": 0.655329701602459,
      "transfer_content_lpips": 0.38171962688333333,
      "transfer_fid": 292.82678808533456,
      "transfer_art_fid": 414.5605632287777,
      "transfer_classifier_acc": 0.0,
      "photo_to_art_clip_style": 0.629019196331501,
      "photo_to_art_fid": 292.82678808533456,
      "photo_to_art_art_fid": 414.5605632287777,
      "photo_to_art_classifier_acc": 0.0
    }
  ],
  "updated_at": "2026-02-26 06:31:25"
}