{
  "num_rounds": 1,
  "latest": {
    "epoch": 100,
    "summary_path": "..\\exp_4_zero_tv\\full_eval\\epoch_0100\\summary.json",
    "transfer_clip_style": 0.6493961105744044,
    "transfer_content_lpips": 0.3750534805833333,
    "transfer_fid": 291.15313972862305,
    "transfer_art_fid": 407.37692752108853,
    "transfer_classifier_acc": 0.0,
    "photo_to_art_clip_style": 0.6187316596508026,
    "photo_to_art_fid": 291.15313972862305,
    "photo_to_art_art_fid": 407.37692752108853,
    "photo_to_art_classifier_acc": 0.0
  },
  "mean": {
    "transfer_clip_style": 0.6493961105744044,
    "transfer_content_lpips": 0.3750534805833333,
    "transfer_fid": 291.15313972862305,
    "transfer_art_fid": 407.37692752108853,
    "transfer_classifier_acc": 0.0,
    "photo_to_art_clip_style": 0.6187316596508026,
    "photo_to_art_fid": 291.15313972862305,
    "photo_to_art_art_fid": 407.37692752108853,
    "photo_to_art_classifier_acc": 0.0
  },
  "best": {
    "best_transfer_classifier_acc": {
      "epoch": 100,
      "summary_path": "..\\exp_4_zero_tv\\full_eval\\epoch_0100\\summary.json",
      "transfer_clip_style": 0.6493961105744044,
      "transfer_content_lpips": 0.3750534805833333,
      "transfer_fid": 291.15313972862305,
      "transfer_art_fid": 407.37692752108853,
      "transfer_classifier_acc": 0.0,
      "photo_to_art_clip_style": 0.6187316596508026,
      "photo_to_art_fid": 291.15313972862305,
      "photo_to_art_art_fid": 407.37692752108853,
      "photo_to_art_classifier_acc": 0.0
    },
    "best_transfer_clip_style": {
      "epoch": 100,
      "summary_path": "..\\exp_4_zero_tv\\full_eval\\epoch_0100\\summary.json",
      "transfer_clip_style": 0.6493961105744044,
      "transfer_content_lpips": 0.3750534805833333,
      "transfer_fid": 291.15313972862305,
      "transfer_art_fid": 407.37692752108853,
      "transfer_classifier_acc": 0.0,
      "photo_to_art_clip_style": 0.6187316596508026,
      "photo_to_art_fid": 291.15313972862305,
      "photo_to_art_art_fid": 407.37692752108853,
      "photo_to_art_classifier_acc": 0.0
    },
    "best_transfer_fid": {
      "epoch": 100,
      "summary_path": "..\\exp_4_zero_tv\\full_eval\\epoch_0100\\summary.json",
      "transfer_clip_style": 0.6493961105744044,
      "transfer_content_lpips": 0.3750534805833333,
      "transfer_fid": 291.15313972862305,
      "transfer_art_fid": 407.37692752108853,
      "transfer_classifier_acc": 0.0,
      "photo_to_art_clip_style": 0.6187316596508026,
      "photo_to_art_fid": 291.15313972862305,
      "photo_to_art_art_fid": 407.37692752108853,
      "photo_to_art_classifier_acc": 0.0
    },
    "best_transfer_art_fid": {
      "epoch": 100,
      "summary_path": "..\\exp_4_zero_tv\\full_eval\\epoch_0100\\summary.json",
      "transfer_clip_style": 0.6493961105744044,
      "transfer_content_lpips": 0.3750534805833333,
      "transfer_fid": 291.15313972862305,
      "transfer_art_fid": 407.37692752108853,
      "transfer_classifier_acc": 0.0,
      "photo_to_art_clip_style": 0.6187316596508026,
      "photo_to_art_fid": 291.15313972862305,
      "photo_to_art_art_fid": 407.37692752108853,
      "photo_to_art_classifier_acc": 0.0
    },
    "best_photo_to_art_classifier_acc": {
      "epoch": 100,
      "summary_path": "..\\exp_4_zero_tv\\full_eval\\epoch_0100\\summary.json",
      "transfer_clip_style": 0.6493961105744044,
      "transfer_content_lpips": 0.3750534805833333,
      "transfer_fid": 291.15313972862305,
      "transfer_art_fid": 407.37692752108853,
      "transfer_classifier_acc": 0.0,
      "photo_to_art_clip_style": 0.6187316596508026,
      "photo_to_art_fid": 291.15313972862305,
      "photo_to_art_art_fid": 407.37692752108853,
      "photo_to_art_classifier_acc": 0.0
    },
    "best_photo_to_art_clip_style": {
      "epoch": 100,
      "summary_path": "..\\exp_4_zero_tv\\full_eval\\epoch_0100\\summary.json",
      "transfer_clip_style": 0.6493961105744044,
      "transfer_content_lpips": 0.3750534805833333,
      "transfer_fid": 291.15313972862305,
      "transfer_art_fid": 407.37692752108853,
      "transfer_classifier_acc": 0.0,
      "photo_to_art_clip_style": 0.6187316596508026,
      "photo_to_art_fid": 291.15313972862305,
      "photo_to_art_art_fid": 407.37692752108853,
      "photo_to_art_classifier_acc": 0.0
    },
    "best_photo_to_art_fid": {
      "epoch": 100,
      "summary_path": "..\\exp_4_zero_tv\\full_eval\\epoch_0100\\summary.json",
      "transfer_clip_style": 0.6493961105744044,
      "transfer_content_lpips": 0.3750534805833333,
      "transfer_fid": 291.15313972862305,
      "transfer_art_fid": 407.37692752108853,
      "transfer_classifier_acc": 0.0,
      "photo_to_art_clip_style": 0.6187316596508026,
      "photo_to_art_fid": 291.15313972862305,
      "photo_to_art_art_fid": 407.37692752108853,
      "photo_to_art_classifier_acc": 0.0
    },
    "best_photo_to_art_art_fid": {
      "epoch": 100,
      "summary_path": "..\\exp_4_zero_tv\\full_eval\\epoch_0100\\summary.json",
      "transfer_clip_style": 0.6493961105744044,
      "transfer_content_lpips": 0.3750534805833333,
      "transfer_fid": 291.15313972862305,
      "transfer_art_fid": 407.37692752108853,
      "transfer_classifier_acc": 0.0,
      "photo_to_art_clip_style": 0.6187316596508026,
      "photo_to_art_fid": 291.15313972862305,
      "photo_to_art_art_fid": 407.37692752108853,
      "photo_to_art_classifier_acc": 0.0
    },
    "best_transfer_content_lpips": {
      "epoch": 100,
      "summary_path": "..\\exp_4_zero_tv\\full_eval\\epoch_0100\\summary.json",
      "transfer_clip_style": 0.6493961105744044,
      "transfer_content_lpips": 0.3750534805833333,
      "transfer_fid": 291.15313972862305,
      "transfer_art_fid": 407.37692752108853,
      "transfer_classifier_acc": 0.0,
      "photo_to_art_clip_style": 0.6187316596508026,
      "photo_to_art_fid": 291.15313972862305,
      "photo_to_art_art_fid": 407.37692752108853,
      "photo_to_art_classifier_acc": 0.0
    }
  },
  "rounds": [
    {
      "epoch": 100,
      "summary_path": "..\\exp_4_zero_tv\\full_eval\\epoch_0100\\summary.json",
      "transfer_clip_style": 0.6493961105744044,
      "transfer_content_lpips": 0.3750534805833333,
      "transfer_fid": 291.15313972862305,
      "transfer_art_fid": 407.37692752108853,
      "transfer_classifier_acc": 0.0,
      "photo_to_art_clip_style": 0.6187316596508026,
      "photo_to_art_fid": 291.15313972862305,
      "photo_to_art_art_fid": 407.37692752108853,
      "photo_to_art_classifier_acc": 0.0
    }
  ],
  "updated_at": "2026-02-27 06:42:11"
}