{
  "checkpoint": "..\\exp_4_zero_tv\\epoch_0100.pt",
  "timestamp": "2026-02-27 06:41:21",
  "metrics_note": {
    "clip_dir": "cos( CLIP(gen)-CLIP(src), CLIP(target_style_proto)-CLIP(src) ) - Measures edit direction.",
    "clip_style": "cos( CLIP(gen), CLIP(target_style_proto) ) - Measures absolute style similarity.",
    "fid_baseline": "FID between source-domain images and target-style references.",
    "fid": "FID between generated images and target-style real references (Inception features).",
    "delta_fid": "fid_baseline - fid (higher is better).",
    "delta_fid_ratio": "delta_fid / fid_baseline (relative improvement ratio).",
    "art_fid": "computed as (1 + fid_style) * (1 + content_lpips)"
  },
  "matrix_breakdown": {
    "photo": {
      "photo": {
        "count": 30,
        "clip_dir": 0.3870860526959101,
        "clip_style": 0.8001756767431895,
        "style_lpips": 0.7487850765387217,
        "content_lpips": 0.32644116300000003,
        "clip_content": 0.884508199,
        "fid_style": null,
        "art_fid": null,
        "fid_baseline": null,
        "delta_fid": null,
        "delta_fid_ratio": null,
        "classifier_acc": null
      },
      "Hayao": {
        "count": 30,
        "clip_dir": 0.4619985292355219,
        "clip_style": 0.5930113077163697,
        "style_lpips": 0.7581825931866963,
        "content_lpips": 0.4069223866666666,
        "clip_content": 0.8531002956666666,
        "fid_style": 324.37877570715955,
        "art_fid": 457.7826836885949,
        "fid_baseline": 334.729000932728,
        "delta_fid": 10.350225225568465,
        "delta_fid_ratio": 0.030921208490233557,
        "classifier_acc": null
      },
      "monet": {
        "count": 30,
        "clip_dir": 0.32167396396398545,
        "clip_style": 0.6122445940971375,
        "style_lpips": 0.7443054815133413,
        "content_lpips": 0.3154445623333333,
        "clip_content": 0.8866630703333332,
        "fid_style": 227.87517138521264,
        "art_fid": 301.0725996517877,
        "fid_baseline": 237.55478896111822,
        "delta_fid": 9.679617575905581,
        "delta_fid_ratio": 0.04074688461654163,
        "classifier_acc": null
      },
      "vangogh": {
        "count": 30,
        "clip_dir": 0.4659677525361379,
        "clip_style": 0.6567774653434754,
        "style_lpips": 0.7987586836020152,
        "content_lpips": 0.4561921546666666,
        "clip_content": 0.8291067210000003,
        "fid_style": 313.8125781901265,
        "art_fid": 458.4276065508488,
        "fid_baseline": 313.3414404549672,
        "delta_fid": -0.4711377351592887,
        "delta_fid_ratio": -0.0015035921660256735,
        "classifier_acc": null
      },
      "cezanne": {
        "count": 30,
        "clip_dir": 0.4062067652742068,
        "clip_style": 0.6128932714462281,
        "style_lpips": 0.7559776822725932,
        "content_lpips": 0.3761651763333333,
        "clip_content": 0.8651626513333331,
        "fid_style": 298.5460336319934,
        "art_fid": 412.2248201931228,
        "fid_baseline": 317.94764662800304,
        "delta_fid": 19.401612996009646,
        "delta_fid_ratio": 0.061021407775065005,
        "classifier_acc": null
      }
    },
    "Hayao": {
      "photo": {
        "count": 30,
        "clip_dir": 0.24883078411221504,
        "clip_style": 0.5338854104280472,
        "style_lpips": 0.7889777898788453,
        "content_lpips": 0.32152827433333336,
        "clip_content": 0.9180878213333332,
        "fid_style": null,
        "art_fid": null,
        "fid_baseline": null,
        "delta_fid": null,
        "delta_fid_ratio": null,
        "classifier_acc": null
      },
      "Hayao": {
        "count": 30,
        "clip_dir": 0.3158791915824016,
        "clip_style": 0.8562461078166962,
        "style_lpips": 0.7296732346216838,
        "content_lpips": 0.20811401466666665,
        "clip_content": 0.9371521606666666,
        "fid_style": null,
        "art_fid": null,
        "fid_baseline": null,
        "delta_fid": null,
        "delta_fid_ratio": null,
        "classifier_acc": null
      },
      "monet": {
        "count": 30,
        "clip_dir": 0.19737937711179257,
        "clip_style": 0.464595436056455,
        "style_lpips": 0.7813510000705719,
        "content_lpips": 0.3107769283333333,
        "clip_content": 0.9190611466666668,
        "fid_style": null,
        "art_fid": null,
        "fid_baseline": null,
        "delta_fid": null,
        "delta_fid_ratio": null,
        "classifier_acc": null
      },
      "vangogh": {
        "count": 30,
        "clip_dir": 0.3529544616738955,
        "clip_style": 0.5730330129464467,
        "style_lpips": 0.8009980976581573,
        "content_lpips": 0.3777748696666666,
        "clip_content": 0.852709574,
        "fid_style": null,
        "art_fid": null,
        "fid_baseline": null,
        "delta_fid": null,
        "delta_fid_ratio": null,
        "classifier_acc": null
      },
      "cezanne": {
        "count": 30,
        "clip_dir": 0.2092083009580771,
        "clip_style": 0.5086604038874308,
        "style_lpips": 0.7666330595811208,
        "content_lpips": 0.29982705299999995,
        "clip_content": 0.9202635756666668,
        "fid_style": null,
        "art_fid": null,
        "fid_baseline": null,
        "delta_fid": null,
        "delta_fid_ratio": null,
        "classifier_acc": null
      }
    },
    "monet": {
      "photo": {
        "count": 30,
        "clip_dir": 0.4339664101600647,
        "clip_style": 0.7007508913675944,
        "style_lpips": 0.7554197033246358,
        "content_lpips": 0.37135439333333325,
        "clip_content": 0.8852648790000003,
        "fid_style": null,
        "art_fid": null,
        "fid_baseline": null,
        "delta_fid": null,
        "delta_fid_ratio": null,
        "classifier_acc": null
      },
      "Hayao": {
        "count": 30,
        "clip_dir": 0.47077255447705585,
        "clip_style": 0.5935821702082952,
        "style_lpips": 0.7603188335895539,
        "content_lpips": 0.4299808556666667,
        "clip_content": 0.847495787333333,
        "fid_style": null,
        "art_fid": null,
        "fid_baseline": null,
        "delta_fid": null,
        "delta_fid_ratio": null,
        "classifier_acc": null
      },
      "monet": {
        "count": 30,
        "clip_dir": 0.2886547469844421,
        "clip_style": 0.828261532386144,
        "style_lpips": 0.7038168092568715,
        "content_lpips": 0.3391040586666667,
        "clip_content": 0.8930408550000002,
        "fid_style": null,
        "art_fid": null,
        "fid_baseline": null,
        "delta_fid": null,
        "delta_fid_ratio": null,
        "classifier_acc": null
      },
      "vangogh": {
        "count": 30,
        "clip_dir": 0.40358686645825703,
        "clip_style": 0.7902082045873006,
        "style_lpips": 0.7659103731314342,
        "content_lpips": 0.42503687733333334,
        "clip_content": 0.8254611943333334,
        "fid_style": null,
        "art_fid": null,
        "fid_baseline": null,
        "delta_fid": null,
        "delta_fid_ratio": null,
        "classifier_acc": null
      },
      "cezanne": {
        "count": 30,
        "clip_dir": 0.3365071470538775,
        "clip_style": 0.78787988225619,
        "style_lpips": 0.730732129017512,
        "content_lpips": 0.3702931446666667,
        "clip_content": 0.8762254483333334,
        "fid_style": null,
        "art_fid": null,
        "fid_baseline": null,
        "delta_fid": null,
        "delta_fid_ratio": null,
        "classifier_acc": null
      }
    },
    "vangogh": {
      "photo": {
        "count": 30,
        "clip_dir": 0.4214488456646601,
        "clip_style": 0.6749249935150147,
        "style_lpips": 0.7591736157735188,
        "content_lpips": 0.41242194266666665,
        "clip_content": 0.865751239,
        "fid_style": null,
        "art_fid": null,
        "fid_baseline": null,
        "delta_fid": null,