{
  "num_rounds": 2,
  "latest": {
    "epoch": 80,
    "summary_path": "..\\final_demodulation\\full_eval\\epoch_0080\\summary.json",
    "transfer_clip_style": 0.6986483848094941,
    "transfer_content_lpips": 0.7188968239333333,
    "transfer_fid": 456.81669076252376,
    "transfer_art_fid": 798.874966967107,
    "transfer_classifier_acc": 0.0,
    "photo_to_art_clip_style": 0.6956543842951457,
    "photo_to_art_fid": 456.81669076252376,
    "photo_to_art_art_fid": 798.874966967107,
    "photo_to_art_classifier_acc": 0.0
  },
  "mean": {
    "transfer_clip_style": 0.7062679090102515,
    "transfer_content_lpips": 0.709010611425,
    "transfer_fid": 429.0845068086249,
    "transfer_art_fid": 747.2836341219057,
    "transfer_classifier_acc": 0.0,
    "photo_to_art_clip_style": 0.7018133600552877,
    "photo_to_art_fid": 429.0845068086249,
    "photo_to_art_art_fid": 747.2836341219057,
    "photo_to_art_classifier_acc": 0.0
  },
  "best": {
    "best_transfer_classifier_acc": {
      "epoch": 40,
      "summary_path": "..\\final_demodulation\\full_eval\\epoch_0040\\summary.json",
      "transfer_clip_style": 0.7138874332110088,
      "transfer_content_lpips": 0.6991243989166667,
      "transfer_fid": 401.352322854726,
      "transfer_art_fid": 695.6923012767045,
      "transfer_classifier_acc": 0.0,
      "photo_to_art_clip_style": 0.7079723358154297,
      "photo_to_art_fid": 401.352322854726,
      "photo_to_art_art_fid": 695.6923012767045,
      "photo_to_art_classifier_acc": 0.0
    },
    "best_transfer_clip_style": {
      "epoch": 40,
      "summary_path": "..\\final_demodulation\\full_eval\\epoch_0040\\summary.json",
      "transfer_clip_style": 0.7138874332110088,
      "transfer_content_lpips": 0.6991243989166667,
      "transfer_fid": 401.352322854726,
      "transfer_art_fid": 695.6923012767045,
      "transfer_classifier_acc": 0.0,
      "photo_to_art_clip_style": 0.7079723358154297,
      "photo_to_art_fid": 401.352322854726,
      "photo_to_art_art_fid": 695.6923012767045,
      "photo_to_art_classifier_acc": 0.0
    },
    "best_transfer_fid": {
      "epoch": 40,
      "summary_path": "..\\final_demodulation\\full_eval\\epoch_0040\\summary.json",
      "transfer_clip_style": 0.7138874332110088,
      "transfer_content_lpips": 0.6991243989166667,
      "transfer_fid": 401.352322854726,
      "transfer_art_fid": 695.6923012767045,
      "transfer_classifier_acc": 0.0,
      "photo_to_art_clip_style": 0.7079723358154297,
      "photo_to_art_fid": 401.352322854726,
      "photo_to_art_art_fid": 695.6923012767045,
      "photo_to_art_classifier_acc": 0.0
    },
    "best_transfer_art_fid": {
      "epoch": 40,
      "summary_path": "..\\final_demodulation\\full_eval\\epoch_0040\\summary.json",
      "transfer_clip_style": 0.7138874332110088,
      "transfer_content_lpips": 0.6991243989166667,
      "transfer_fid": 401.352322854726,
      "transfer_art_fid": 695.6923012767045,
      "transfer_classifier_acc": 0.0,
      "photo_to_art_clip_style": 0.7079723358154297,
      "photo_to_art_fid": 401.352322854726,
      "photo_to_art_art_fid": 695.6923012767045,
      "photo_to_art_classifier_acc": 0.0
    },
    "best_photo_to_art_classifier_acc": {
      "epoch": 40,
      "summary_path": "..\\final_demodulation\\full_eval\\epoch_0040\\summary.json",
      "transfer_clip_style": 0.7138874332110088,
      "transfer_content_lpips": 0.6991243989166667,
      "transfer_fid": 401.352322854726,
      "transfer_art_fid": 695.6923012767045,
      "transfer_classifier_acc": 0.0,
      "photo_to_art_clip_style": 0.7079723358154297,
      "photo_to_art_fid": 401.352322854726,
      "photo_to_art_art_fid": 695.6923012767045,
      "photo_to_art_classifier_acc": 0.0
    },
    "best_photo_to_art_clip_style": {
      "epoch": 40,
      "summary_path": "..\\final_demodulation\\full_eval\\epoch_0040\\summary.json",
      "transfer_clip_style": 0.7138874332110088,
      "transfer_content_lpips": 0.6991243989166667,
      "transfer_fid": 401.352322854726,
      "transfer_art_fid": 695.6923012767045,
      "transfer_classifier_acc": 0.0,
      "photo_to_art_clip_style": 0.7079723358154297,
      "photo_to_art_fid": 401.352322854726,
      "photo_to_art_art_fid": 695.6923012767045,
      "photo_to_art_classifier_acc": 0.0
    },
    "best_photo_to_art_fid": {
      "epoch": 40,
      "summary_path": "..\\final_demodulation\\full_eval\\epoch_0040\\summary.json",
      "transfer_clip_style": 0.7138874332110088,
      "transfer_content_lpips": 0.6991243989166667,
      "transfer_fid": 401.352322854726,
      "transfer_art_fid": 695.6923012767045,
      "transfer_classifier_acc": 0.0,
      "photo_to_art_clip_style": 0.7079723358154297,
      "photo_to_art_fid": 401.352322854726,
      "photo_to_art_art_fid": 695.6923012767045,
      "photo_to_art_classifier_acc": 0.0
    },
    "best_photo_to_art_art_fid": {
      "epoch": 40,
      "summary_path": "..\\final_demodulation\\full_eval\\epoch_0040\\summary.json",
      "transfer_clip_style": 0.7138874332110088,
      "transfer_content_lpips": 0.6991243989166667,
      "transfer_fid": 401.352322854726,
      "transfer_art_fid": 695.6923012767045,
      "transfer_classifier_acc": 0.0,
      "photo_to_art_clip_style": 0.7079723358154297,
      "photo_to_art_fid": 401.352322854726,
      "photo_to_art_art_fid": 695.6923012767045,
      "photo_to_art_classifier_acc": 0.0
    },
    "best_transfer_content_lpips": {
      "epoch": 40,
      "summary_path": "..\\final_demodulation\\full_eval\\epoch_0040\\summary.json",
      "transfer_clip_style": 0.7138874332110088,
      "transfer_content_lpips": 0.6991243989166667,
      "transfer_fid": 401.352322854726,
      "transfer_art_fid": 695.6923012767045,
      "transfer_classifier_acc": 0.0,
      "photo_to_art_clip_style": 0.7079723358154297,
      "photo_to_art_fid": 401.352322854726,
      "photo_to_art_art_fid": 695.6923012767045,
      "photo_to_art_classifier_acc": 0.0
    }
  },
  "rounds": [
    {
      "epoch": 40,
      "summary_path": "..\\final_demodulation\\full_eval\\epoch_0040\\summary.json",
      "transfer_clip_style": 0.7138874332110088,
      "transfer_content_lpips": 0.6991243989166667,
      "transfer_fid": 401.352322854726,
      "transfer_art_fid": 695.6923012767045,
      "transfer_classifier_acc": 0.0,
      "photo_to_art_clip_style": 0.7079723358154297,
      "photo_to_art_fid": 401.352322854726,
      "photo_to_art_art_fid": 695.6923012767045,
      "photo_to_art_classifier_acc": 0.0
    },
    {
      "epoch": 80,
      "summary_path": "..\\final_demodulation\\full_eval\\epoch_0080\\summary.json",
      "transfer_clip_style": 0.6986483848094941,
      "transfer_content_lpips": 0.7188968239333333,
      "transfer_fid": 456.81669076252376,
      "transfer_art_fid": 798.874966967107,
      "transfer_classifier_acc": 0.0,
      "photo_to_art_clip_style": 0.6956543842951457,
      "photo_to_art_fid": 456.81669076252376,
      "photo_to_art_art_fid": 798.874966967107,
      "photo_to_art_classifier_acc": 0.0
    }
  ],
  "updated_at": "2026-03-03 21:29:54"
}