{
  "num_rounds": 1,
  "latest": {
    "epoch": 20,
    "summary_path": "..\\full-adagn-map16-skipfix-hires1-lossv2\\full_eval\\epoch_0020\\summary.json",
    "transfer_clip_dir": 0.43014260567724705,
    "transfer_clip_style": 0.43014260567724705,
    "transfer_content_lpips": 0.4279034103,
    "transfer_art_fid": 464.7221278694353,
    "transfer_classifier_acc": 0.0,
    "photo_to_art_clip_dir": 0.5528570747375489,
    "photo_to_art_clip_style": 0.5528570747375489,
    "photo_to_art_art_fid": 477.3169024693058,
    "photo_to_art_classifier_acc": 0.0
  },
  "mean": {
    "transfer_clip_dir": 0.43014260567724705,
    "transfer_clip_style": 0.43014260567724705,
    "transfer_content_lpips": 0.4279034103,
    "transfer_art_fid": 464.7221278694353,
    "transfer_classifier_acc": 0.0,
    "photo_to_art_clip_dir": 0.5528570747375489,
    "photo_to_art_clip_style": 0.5528570747375489,
    "photo_to_art_art_fid": 477.3169024693058,
    "photo_to_art_classifier_acc": 0.0
  },
  "best": {
    "best_transfer_classifier_acc": {
      "epoch": 20,
      "summary_path": "..\\full-adagn-map16-skipfix-hires1-lossv2\\full_eval\\epoch_0020\\summary.json",
      "transfer_clip_dir": 0.43014260567724705,
      "transfer_clip_style": 0.43014260567724705,
      "transfer_content_lpips": 0.4279034103,
      "transfer_art_fid": 464.7221278694353,
      "transfer_classifier_acc": 0.0,
      "photo_to_art_clip_dir": 0.5528570747375489,
      "photo_to_art_clip_style": 0.5528570747375489,
      "photo_to_art_art_fid": 477.3169024693058,
      "photo_to_art_classifier_acc": 0.0
    },
    "best_transfer_clip_dir": {
      "epoch": 20,
      "summary_path": "..\\full-adagn-map16-skipfix-hires1-lossv2\\full_eval\\epoch_0020\\summary.json",
      "transfer_clip_dir": 0.43014260567724705,
      "transfer_clip_style": 0.43014260567724705,
      "transfer_content_lpips": 0.4279034103,
      "transfer_art_fid": 464.7221278694353,
      "transfer_classifier_acc": 0.0,
      "photo_to_art_clip_dir": 0.5528570747375489,
      "photo_to_art_clip_style": 0.5528570747375489,
      "photo_to_art_art_fid": 477.3169024693058,
      "photo_to_art_classifier_acc": 0.0
    },
    "best_transfer_clip_style": {
      "epoch": 20,
      "summary_path": "..\\full-adagn-map16-skipfix-hires1-lossv2\\full_eval\\epoch_0020\\summary.json",
      "transfer_clip_dir": 0.43014260567724705,
      "transfer_clip_style": 0.43014260567724705,
      "transfer_content_lpips": 0.4279034103,
      "transfer_art_fid": 464.7221278694353,
      "transfer_classifier_acc": 0.0,
      "photo_to_art_clip_dir": 0.5528570747375489,
      "photo_to_art_clip_style": 0.5528570747375489,
      "photo_to_art_art_fid": 477.3169024693058,
      "photo_to_art_classifier_acc": 0.0
    },
    "best_transfer_art_fid": {
      "epoch": 20,
      "summary_path": "..\\full-adagn-map16-skipfix-hires1-lossv2\\full_eval\\epoch_0020\\summary.json",
      "transfer_clip_dir": 0.43014260567724705,
      "transfer_clip_style": 0.43014260567724705,
      "transfer_content_lpips": 0.4279034103,
      "transfer_art_fid": 464.7221278694353,
      "transfer_classifier_acc": 0.0,
      "photo_to_art_clip_dir": 0.5528570747375489,
      "photo_to_art_clip_style": 0.5528570747375489,
      "photo_to_art_art_fid": 477.3169024693058,
      "photo_to_art_classifier_acc": 0.0
    },
    "best_photo_to_art_classifier_acc": {
      "epoch": 20,
      "summary_path": "..\\full-adagn-map16-skipfix-hires1-lossv2\\full_eval\\epoch_0020\\summary.json",
      "transfer_clip_dir": 0.43014260567724705,
      "transfer_clip_style": 0.43014260567724705,
      "transfer_content_lpips": 0.4279034103,
      "transfer_art_fid": 464.7221278694353,
      "transfer_classifier_acc": 0.0,
      "photo_to_art_clip_dir": 0.5528570747375489,
      "photo_to_art_clip_style": 0.5528570747375489,
      "photo_to_art_art_fid": 477.3169024693058,
      "photo_to_art_classifier_acc": 0.0
    },
    "best_photo_to_art_clip_dir": {
      "epoch": 20,
      "summary_path": "..\\full-adagn-map16-skipfix-hires1-lossv2\\full_eval\\epoch_0020\\summary.json",
      "transfer_clip_dir": 0.43014260567724705,
      "transfer_clip_style": 0.43014260567724705,
      "transfer_content_lpips": 0.4279034103,
      "transfer_art_fid": 464.7221278694353,
      "transfer_classifier_acc": 0.0,
      "photo_to_art_clip_dir": 0.5528570747375489,
      "photo_to_art_clip_style": 0.5528570747375489,
      "photo_to_art_art_fid": 477.3169024693058,
      "photo_to_art_classifier_acc": 0.0
    },
    "best_photo_to_art_clip_style": {
      "epoch": 20,
      "summary_path": "..\\full-adagn-map16-skipfix-hires1-lossv2\\full_eval\\epoch_0020\\summary.json",
      "transfer_clip_dir": 0.43014260567724705,
      "transfer_clip_style": 0.43014260567724705,
      "transfer_content_lpips": 0.4279034103,
      "transfer_art_fid": 464.7221278694353,
      "transfer_classifier_acc": 0.0,
      "photo_to_art_clip_dir": 0.5528570747375489,
      "photo_to_art_clip_style": 0.5528570747375489,
      "photo_to_art_art_fid": 477.3169024693058,
      "photo_to_art_classifier_acc": 0.0
    },
    "best_photo_to_art_art_fid": {
      "epoch": 20,
      "summary_path": "..\\full-adagn-map16-skipfix-hires1-lossv2\\full_eval\\epoch_0020\\summary.json",
      "transfer_clip_dir": 0.43014260567724705,
      "transfer_clip_style": 0.43014260567724705,
      "transfer_content_lpips": 0.4279034103,
      "transfer_art_fid": 464.7221278694353,
      "transfer_classifier_acc": 0.0,
      "photo_to_art_clip_dir": 0.5528570747375489,
      "photo_to_art_clip_style": 0.5528570747375489,
      "photo_to_art_art_fid": 477.3169024693058,
      "photo_to_art_classifier_acc": 0.0
    },
    "best_transfer_content_lpips": {
      "epoch": 20,
      "summary_path": "..\\full-adagn-map16-skipfix-hires1-lossv2\\full_eval\\epoch_0020\\summary.json",
      "transfer_clip_dir": 0.43014260567724705,
      "transfer_clip_style": 0.43014260567724705,
      "transfer_content_lpips": 0.4279034103,
      "transfer_art_fid": 464.7221278694353,
      "transfer_classifier_acc": 0.0,
      "photo_to_art_clip_dir": 0.5528570747375489,
      "photo_to_art_clip_style": 0.5528570747375489,
      "photo_to_art_art_fid": 477.3169024693058,
      "photo_to_art_classifier_acc": 0.0
    }
  },
  "rounds": [
    {
      "epoch": 20,
      "summary_path": "..\\full-adagn-map16-skipfix-hires1-lossv2\\full_eval\\epoch_0020\\summary.json",
      "transfer_clip_dir": 0.43014260567724705,
      "transfer_clip_style": 0.43014260567724705,
      "transfer_content_lpips": 0.4279034103,
      "transfer_art_fid": 464.7221278694353,
      "transfer_classifier_acc": 0.0,
      "photo_to_art_clip_dir": 0.5528570747375489,
      "photo_to_art_clip_style": 0.5528570747375489,
      "photo_to_art_art_fid": 477.3169024693058,
      "photo_to_art_classifier_acc": 0.0
    }
  ],
  "updated_at": "2026-02-22 21:29:14"
}