{
  "num_rounds": 2,
  "latest": {
    "epoch": 80,
    "summary_path": "..\\inject_I4_body_hires\\full_eval\\epoch_0080\\summary.json",
    "transfer_clip_style": 0.6869747967024644,
    "transfer_content_lpips": 0.49274185673333326,
    "transfer_fid": 314.76221628012297,
    "transfer_art_fid": 487.7703903621201,
    "transfer_classifier_acc": 0.0,
    "photo_to_art_clip_style": 0.6742803449432055,
    "photo_to_art_fid": 314.76221628012297,
    "photo_to_art_art_fid": 487.7703903621201,
    "photo_to_art_classifier_acc": 0.0
  },
  "mean": {
    "transfer_clip_style": 0.6860223641246557,
    "transfer_content_lpips": 0.4941435557249999,
    "transfer_fid": 312.73442734397014,
    "transfer_art_fid": 486.0990801685517,
    "transfer_classifier_acc": 0.0,
    "photo_to_art_clip_style": 0.675703988224268,
    "photo_to_art_fid": 312.73442734397014,
    "photo_to_art_art_fid": 486.0990801685517,
    "photo_to_art_classifier_acc": 0.0
  },
  "best": {
    "best_transfer_classifier_acc": {
      "epoch": 40,
      "summary_path": "..\\inject_I4_body_hires\\full_eval\\epoch_0040\\summary.json",
      "transfer_clip_style": 0.685069931546847,
      "transfer_content_lpips": 0.4955452547166666,
      "transfer_fid": 310.7066384078173,
      "transfer_art_fid": 484.42776997498333,
      "transfer_classifier_acc": 0.0,
      "photo_to_art_clip_style": 0.6771276315053305,
      "photo_to_art_fid": 310.7066384078173,
      "photo_to_art_art_fid": 484.42776997498333,
      "photo_to_art_classifier_acc": 0.0
    },
    "best_transfer_clip_style": {
      "epoch": 80,
      "summary_path": "..\\inject_I4_body_hires\\full_eval\\epoch_0080\\summary.json",
      "transfer_clip_style": 0.6869747967024644,
      "transfer_content_lpips": 0.49274185673333326,
      "transfer_fid": 314.76221628012297,
      "transfer_art_fid": 487.7703903621201,
      "transfer_classifier_acc": 0.0,
      "photo_to_art_clip_style": 0.6742803449432055,
      "photo_to_art_fid": 314.76221628012297,
      "photo_to_art_art_fid": 487.7703903621201,
      "photo_to_art_classifier_acc": 0.0
    },
    "best_transfer_fid": {
      "epoch": 40,
      "summary_path": "..\\inject_I4_body_hires\\full_eval\\epoch_0040\\summary.json",
      "transfer_clip_style": 0.685069931546847,
      "transfer_content_lpips": 0.4955452547166666,
      "transfer_fid": 310.7066384078173,
      "transfer_art_fid": 484.42776997498333,
      "transfer_classifier_acc": 0.0,
      "photo_to_art_clip_style": 0.6771276315053305,
      "photo_to_art_fid": 310.7066384078173,
      "photo_to_art_art_fid": 484.42776997498333,
      "photo_to_art_classifier_acc": 0.0
    },
    "best_transfer_art_fid": {
      "epoch": 40,
      "summary_path": "..\\inject_I4_body_hires\\full_eval\\epoch_0040\\summary.json",
      "transfer_clip_style": 0.685069931546847,
      "transfer_content_lpips": 0.4955452547166666,
      "transfer_fid": 310.7066384078173,
      "transfer_art_fid": 484.42776997498333,
      "transfer_classifier_acc": 0.0,
      "photo_to_art_clip_style": 0.6771276315053305,
      "photo_to_art_fid": 310.7066384078173,
      "photo_to_art_art_fid": 484.42776997498333,
      "photo_to_art_classifier_acc": 0.0
    },
    "best_photo_to_art_classifier_acc": {
      "epoch": 40,
      "summary_path": "..\\inject_I4_body_hires\\full_eval\\epoch_0040\\summary.json",
      "transfer_clip_style": 0.685069931546847,
      "transfer_content_lpips": 0.4955452547166666,
      "transfer_fid": 310.7066384078173,
      "transfer_art_fid": 484.42776997498333,
      "transfer_classifier_acc": 0.0,
      "photo_to_art_clip_style": 0.6771276315053305,
      "photo_to_art_fid": 310.7066384078173,
      "photo_to_art_art_fid": 484.42776997498333,
      "photo_to_art_classifier_acc": 0.0
    },
    "best_photo_to_art_clip_style": {
      "epoch": 40,
      "summary_path": "..\\inject_I4_body_hires\\full_eval\\epoch_0040\\summary.json",
      "transfer_clip_style": 0.685069931546847,
      "transfer_content_lpips": 0.4955452547166666,
      "transfer_fid": 310.7066384078173,
      "transfer_art_fid": 484.42776997498333,
      "transfer_classifier_acc": 0.0,
      "photo_to_art_clip_style": 0.6771276315053305,
      "photo_to_art_fid": 310.7066384078173,
      "photo_to_art_art_fid": 484.42776997498333,
      "photo_to_art_classifier_acc": 0.0
    },
    "best_photo_to_art_fid": {
      "epoch": 40,
      "summary_path": "..\\inject_I4_body_hires\\full_eval\\epoch_0040\\summary.json",
      "transfer_clip_style": 0.685069931546847,
      "transfer_content_lpips": 0.4955452547166666,
      "transfer_fid": 310.7066384078173,
      "transfer_art_fid": 484.42776997498333,
      "transfer_classifier_acc": 0.0,
      "photo_to_art_clip_style": 0.6771276315053305,
      "photo_to_art_fid": 310.7066384078173,
      "photo_to_art_art_fid": 484.42776997498333,
      "photo_to_art_classifier_acc": 0.0
    },
    "best_photo_to_art_art_fid": {
      "epoch": 40,
      "summary_path": "..\\inject_I4_body_hires\\full_eval\\epoch_0040\\summary.json",
      "transfer_clip_style": 0.685069931546847,
      "transfer_content_lpips": 0.4955452547166666,
      "transfer_fid": 310.7066384078173,
      "transfer_art_fid": 484.42776997498333,
      "transfer_classifier_acc": 0.0,
      "photo_to_art_clip_style": 0.6771276315053305,
      "photo_to_art_fid": 310.7066384078173,
      "photo_to_art_art_fid": 484.42776997498333,
      "photo_to_art_classifier_acc": 0.0
    },
    "best_transfer_content_lpips": {
      "epoch": 80,
      "summary_path": "..\\inject_I4_body_hires\\full_eval\\epoch_0080\\summary.json",
      "transfer_clip_style": 0.6869747967024644,
      "transfer_content_lpips": 0.49274185673333326,
      "transfer_fid": 314.76221628012297,
      "transfer_art_fid": 487.7703903621201,
      "transfer_classifier_acc": 0.0,
      "photo_to_art_clip_style": 0.6742803449432055,
      "photo_to_art_fid": 314.76221628012297,
      "photo_to_art_art_fid": 487.7703903621201,
      "photo_to_art_classifier_acc": 0.0
    }
  },
  "rounds": [
    {
      "epoch": 40,
      "summary_path": "..\\inject_I4_body_hires\\full_eval\\epoch_0040\\summary.json",
      "transfer_clip_style": 0.685069931546847,
      "transfer_content_lpips": 0.4955452547166666,
      "transfer_fid": 310.7066384078173,
      "transfer_art_fid": 484.42776997498333,
      "transfer_classifier_acc": 0.0,
      "photo_to_art_clip_style": 0.6771276315053305,
      "photo_to_art_fid": 310.7066384078173,
      "photo_to_art_art_fid": 484.42776997498333,
      "photo_to_art_classifier_acc": 0.0
    },
    {
      "epoch": 80,
      "summary_path": "..\\inject_I4_body_hires\\full_eval\\epoch_0080\\summary.json",
      "transfer_clip_style": 0.6869747967024644,
      "transfer_content_lpips": 0.49274185673333326,
      "transfer_fid": 314.76221628012297,
      "transfer_art_fid": 487.7703903621201,
      "transfer_classifier_acc": 0.0,
      "photo_to_art_clip_style": 0.6742803449432055,
      "photo_to_art_fid": 314.76221628012297,
      "photo_to_art_art_fid": 487.7703903621201,
      "photo_to_art_classifier_acc": 0.0
    }
  ],
  "updated_at": "2026-03-05 07:11:03"
}