{
  "num_rounds": 2,
  "latest": {
    "epoch": 80,
    "summary_path": "..\\inject_I1_body_only\\full_eval\\epoch_0080\\summary.json",
    "transfer_clip_style": 0.6857520479957262,
    "transfer_content_lpips": 0.48556482406666673,
    "transfer_fid": 312.47890117561224,
    "transfer_art_fid": 481.0345104572938,
    "transfer_classifier_acc": 0.0,
    "photo_to_art_clip_style": 0.6745220959186553,
    "photo_to_art_fid": 312.47890117561224,
    "photo_to_art_art_fid": 481.0345104572938,
    "photo_to_art_classifier_acc": 0.0
  },
  "mean": {
    "transfer_clip_style": 0.6854557605336109,
    "transfer_content_lpips": 0.48861637550000003,
    "transfer_fid": 309.9322505974231,
    "transfer_art_fid": 479.65905657240137,
    "transfer_classifier_acc": 0.0,
    "photo_to_art_clip_style": 0.6747450811167558,
    "photo_to_art_fid": 309.9322505974231,
    "photo_to_art_art_fid": 479.65905657240137,
    "photo_to_art_classifier_acc": 0.0
  },
  "best": {
    "best_transfer_classifier_acc": {
      "epoch": 40,
      "summary_path": "..\\inject_I1_body_only\\full_eval\\epoch_0040\\summary.json",
      "transfer_clip_style": 0.6851594730714957,
      "transfer_content_lpips": 0.4916679269333333,
      "transfer_fid": 307.38560001923395,
      "transfer_art_fid": 478.2836026875089,
      "transfer_classifier_acc": 0.0,
      "photo_to_art_clip_style": 0.6749680663148563,
      "photo_to_art_fid": 307.38560001923395,
      "photo_to_art_art_fid": 478.2836026875089,
      "photo_to_art_classifier_acc": 0.0
    },
    "best_transfer_clip_style": {
      "epoch": 80,
      "summary_path": "..\\inject_I1_body_only\\full_eval\\epoch_0080\\summary.json",
      "transfer_clip_style": 0.6857520479957262,
      "transfer_content_lpips": 0.48556482406666673,
      "transfer_fid": 312.47890117561224,
      "transfer_art_fid": 481.0345104572938,
      "transfer_classifier_acc": 0.0,
      "photo_to_art_clip_style": 0.6745220959186553,
      "photo_to_art_fid": 312.47890117561224,
      "photo_to_art_art_fid": 481.0345104572938,
      "photo_to_art_classifier_acc": 0.0
    },
    "best_transfer_fid": {
      "epoch": 40,
      "summary_path": "..\\inject_I1_body_only\\full_eval\\epoch_0040\\summary.json",
      "transfer_clip_style": 0.6851594730714957,
      "transfer_content_lpips": 0.4916679269333333,
      "transfer_fid": 307.38560001923395,
      "transfer_art_fid": 478.2836026875089,
      "transfer_classifier_acc": 0.0,
      "photo_to_art_clip_style": 0.6749680663148563,
      "photo_to_art_fid": 307.38560001923395,
      "photo_to_art_art_fid": 478.2836026875089,
      "photo_to_art_classifier_acc": 0.0
    },
    "best_transfer_art_fid": {
      "epoch": 40,
      "summary_path": "..\\inject_I1_body_only\\full_eval\\epoch_0040\\summary.json",
      "transfer_clip_style": 0.6851594730714957,
      "transfer_content_lpips": 0.4916679269333333,
      "transfer_fid": 307.38560001923395,
      "transfer_art_fid": 478.2836026875089,
      "transfer_classifier_acc": 0.0,
      "photo_to_art_clip_style": 0.6749680663148563,
      "photo_to_art_fid": 307.38560001923395,
      "photo_to_art_art_fid": 478.2836026875089,
      "photo_to_art_classifier_acc": 0.0
    },
    "best_photo_to_art_classifier_acc": {
      "epoch": 40,
      "summary_path": "..\\inject_I1_body_only\\full_eval\\epoch_0040\\summary.json",
      "transfer_clip_style": 0.6851594730714957,
      "transfer_content_lpips": 0.4916679269333333,
      "transfer_fid": 307.38560001923395,
      "transfer_art_fid": 478.2836026875089,
      "transfer_classifier_acc": 0.0,
      "photo_to_art_clip_style": 0.6749680663148563,
      "photo_to_art_fid": 307.38560001923395,
      "photo_to_art_art_fid": 478.2836026875089,
      "photo_to_art_classifier_acc": 0.0
    },
    "best_photo_to_art_clip_style": {
      "epoch": 40,
      "summary_path": "..\\inject_I1_body_only\\full_eval\\epoch_0040\\summary.json",
      "transfer_clip_style": 0.6851594730714957,
      "transfer_content_lpips": 0.4916679269333333,
      "transfer_fid": 307.38560001923395,
      "transfer_art_fid": 478.2836026875089,
      "transfer_classifier_acc": 0.0,
      "photo_to_art_clip_style": 0.6749680663148563,
      "photo_to_art_fid": 307.38560001923395,
      "photo_to_art_art_fid": 478.2836026875089,
      "photo_to_art_classifier_acc": 0.0
    },
    "best_photo_to_art_fid": {
      "epoch": 40,
      "summary_path": "..\\inject_I1_body_only\\full_eval\\epoch_0040\\summary.json",
      "transfer_clip_style": 0.6851594730714957,
      "transfer_content_lpips": 0.4916679269333333,
      "transfer_fid": 307.38560001923395,
      "transfer_art_fid": 478.2836026875089,
      "transfer_classifier_acc": 0.0,
      "photo_to_art_clip_style": 0.6749680663148563,
      "photo_to_art_fid": 307.38560001923395,
      "photo_to_art_art_fid": 478.2836026875089,
      "photo_to_art_classifier_acc": 0.0
    },
    "best_photo_to_art_art_fid": {
      "epoch": 40,
      "summary_path": "..\\inject_I1_body_only\\full_eval\\epoch_0040\\summary.json",
      "transfer_clip_style": 0.6851594730714957,
      "transfer_content_lpips": 0.4916679269333333,
      "transfer_fid": 307.38560001923395,
      "transfer_art_fid": 478.2836026875089,
      "transfer_classifier_acc": 0.0,
      "photo_to_art_clip_style": 0.6749680663148563,
      "photo_to_art_fid": 307.38560001923395,
      "photo_to_art_art_fid": 478.2836026875089,
      "photo_to_art_classifier_acc": 0.0
    },
    "best_transfer_content_lpips": {
      "epoch": 80,
      "summary_path": "..\\inject_I1_body_only\\full_eval\\epoch_0080\\summary.json",
      "transfer_clip_style": 0.6857520479957262,
      "transfer_content_lpips": 0.48556482406666673,
      "transfer_fid": 312.47890117561224,
      "transfer_art_fid": 481.0345104572938,
      "transfer_classifier_acc": 0.0,
      "photo_to_art_clip_style": 0.6745220959186553,
      "photo_to_art_fid": 312.47890117561224,
      "photo_to_art_art_fid": 481.0345104572938,
      "photo_to_art_classifier_acc": 0.0
    }
  },
  "rounds": [
    {
      "epoch": 40,
      "summary_path": "..\\inject_I1_body_only\\full_eval\\epoch_0040\\summary.json",
      "transfer_clip_style": 0.6851594730714957,
      "transfer_content_lpips": 0.4916679269333333,
      "transfer_fid": 307.38560001923395,
      "transfer_art_fid": 478.2836026875089,
      "transfer_classifier_acc": 0.0,
      "photo_to_art_clip_style": 0.6749680663148563,
      "photo_to_art_fid": 307.38560001923395,
      "photo_to_art_art_fid": 478.2836026875089,
      "photo_to_art_classifier_acc": 0.0
    },
    {
      "epoch": 80,
      "summary_path": "..\\inject_I1_body_only\\full_eval\\epoch_0080\\summary.json",
      "transfer_clip_style": 0.6857520479957262,
      "transfer_content_lpips": 0.48556482406666673,
      "transfer_fid": 312.47890117561224,
      "transfer_art_fid": 481.0345104572938,
      "transfer_classifier_acc": 0.0,
      "photo_to_art_clip_style": 0.6745220959186553,
      "photo_to_art_fid": 312.47890117561224,
      "photo_to_art_art_fid": 481.0345104572938,
      "photo_to_art_classifier_acc": 0.0
    }
  ],
  "updated_at": "2026-03-04 23:31:44"
}