{
  "num_rounds": 2,
  "latest": {
    "epoch": 80,
    "summary_path": "..\\inject_I2_hires_decoder_only\\full_eval\\epoch_0080\\summary.json",
    "transfer_clip_style": 0.6898021767536798,
    "transfer_content_lpips": 0.4961005760166666,
    "transfer_fid": 315.605792590218,
    "transfer_art_fid": 488.27053408394397,
    "transfer_classifier_acc": 0.0,
    "photo_to_art_clip_style": 0.6761536399523417,
    "photo_to_art_fid": 315.605792590218,
    "photo_to_art_art_fid": 488.27053408394397,
    "photo_to_art_classifier_acc": 0.0
  },
  "mean": {
    "transfer_clip_style": 0.6887981292357046,
    "transfer_content_lpips": 0.4948453994166666,
    "transfer_fid": 312.7462890716934,
    "transfer_art_fid": 484.4705275022541,
    "transfer_classifier_acc": 0.0,
    "photo_to_art_clip_style": 0.6747579259177049,
    "photo_to_art_fid": 312.7462890716934,
    "photo_to_art_art_fid": 484.4705275022541,
    "photo_to_art_classifier_acc": 0.0
  },
  "best": {
    "best_transfer_classifier_acc": {
      "epoch": 40,
      "summary_path": "..\\inject_I2_hires_decoder_only\\full_eval\\epoch_0040\\summary.json",
      "transfer_clip_style": 0.6877940817177295,
      "transfer_content_lpips": 0.49359022281666665,
      "transfer_fid": 309.8867855531688,
      "transfer_art_fid": 480.6705209205641,
      "transfer_classifier_acc": 0.0,
      "photo_to_art_clip_style": 0.6733622118830681,
      "photo_to_art_fid": 309.8867855531688,
      "photo_to_art_art_fid": 480.6705209205641,
      "photo_to_art_classifier_acc": 0.0
    },
    "best_transfer_clip_style": {
      "epoch": 80,
      "summary_path": "..\\inject_I2_hires_decoder_only\\full_eval\\epoch_0080\\summary.json",
      "transfer_clip_style": 0.6898021767536798,
      "transfer_content_lpips": 0.4961005760166666,
      "transfer_fid": 315.605792590218,
      "transfer_art_fid": 488.27053408394397,
      "transfer_classifier_acc": 0.0,
      "photo_to_art_clip_style": 0.6761536399523417,
      "photo_to_art_fid": 315.605792590218,
      "photo_to_art_art_fid": 488.27053408394397,
      "photo_to_art_classifier_acc": 0.0
    },
    "best_transfer_fid": {
      "epoch": 40,
      "summary_path": "..\\inject_I2_hires_decoder_only\\full_eval\\epoch_0040\\summary.json",
      "transfer_clip_style": 0.6877940817177295,
      "transfer_content_lpips": 0.49359022281666665,
      "transfer_fid": 309.8867855531688,
      "transfer_art_fid": 480.6705209205641,
      "transfer_classifier_acc": 0.0,
      "photo_to_art_clip_style": 0.6733622118830681,
      "photo_to_art_fid": 309.8867855531688,
      "photo_to_art_art_fid": 480.6705209205641,
      "photo_to_art_classifier_acc": 0.0
    },
    "best_transfer_art_fid": {
      "epoch": 40,
      "summary_path": "..\\inject_I2_hires_decoder_only\\full_eval\\epoch_0040\\summary.json",
      "transfer_clip_style": 0.6877940817177295,
      "transfer_content_lpips": 0.49359022281666665,
      "transfer_fid": 309.8867855531688,
      "transfer_art_fid": 480.6705209205641,
      "transfer_classifier_acc": 0.0,
      "photo_to_art_clip_style": 0.6733622118830681,
      "photo_to_art_fid": 309.8867855531688,
      "photo_to_art_art_fid": 480.6705209205641,
      "photo_to_art_classifier_acc": 0.0
    },
    "best_photo_to_art_classifier_acc": {
      "epoch": 40,
      "summary_path": "..\\inject_I2_hires_decoder_only\\full_eval\\epoch_0040\\summary.json",
      "transfer_clip_style": 0.6877940817177295,
      "transfer_content_lpips": 0.49359022281666665,
      "transfer_fid": 309.8867855531688,
      "transfer_art_fid": 480.6705209205641,
      "transfer_classifier_acc": 0.0,
      "photo_to_art_clip_style": 0.6733622118830681,
      "photo_to_art_fid": 309.8867855531688,
      "photo_to_art_art_fid": 480.6705209205641,
      "photo_to_art_classifier_acc": 0.0
    },
    "best_photo_to_art_clip_style": {
      "epoch": 80,
      "summary_path": "..\\inject_I2_hires_decoder_only\\full_eval\\epoch_0080\\summary.json",
      "transfer_clip_style": 0.6898021767536798,
      "transfer_content_lpips": 0.4961005760166666,
      "transfer_fid": 315.605792590218,
      "transfer_art_fid": 488.27053408394397,
      "transfer_classifier_acc": 0.0,
      "photo_to_art_clip_style": 0.6761536399523417,
      "photo_to_art_fid": 315.605792590218,
      "photo_to_art_art_fid": 488.27053408394397,
      "photo_to_art_classifier_acc": 0.0
    },
    "best_photo_to_art_fid": {
      "epoch": 40,
      "summary_path": "..\\inject_I2_hires_decoder_only\\full_eval\\epoch_0040\\summary.json",
      "transfer_clip_style": 0.6877940817177295,
      "transfer_content_lpips": 0.49359022281666665,
      "transfer_fid": 309.8867855531688,
      "transfer_art_fid": 480.6705209205641,
      "transfer_classifier_acc": 0.0,
      "photo_to_art_clip_style": 0.6733622118830681,
      "photo_to_art_fid": 309.8867855531688,
      "photo_to_art_art_fid": 480.6705209205641,
      "photo_to_art_classifier_acc": 0.0
    },
    "best_photo_to_art_art_fid": {
      "epoch": 40,
      "summary_path": "..\\inject_I2_hires_decoder_only\\full_eval\\epoch_0040\\summary.json",
      "transfer_clip_style": 0.6877940817177295,
      "transfer_content_lpips": 0.49359022281666665,
      "transfer_fid": 309.8867855531688,
      "transfer_art_fid": 480.6705209205641,
      "transfer_classifier_acc": 0.0,
      "photo_to_art_clip_style": 0.6733622118830681,
      "photo_to_art_fid": 309.8867855531688,
      "photo_to_art_art_fid": 480.6705209205641,
      "photo_to_art_classifier_acc": 0.0
    },
    "best_transfer_content_lpips": {
      "epoch": 40,
      "summary_path": "..\\inject_I2_hires_decoder_only\\full_eval\\epoch_0040\\summary.json",
      "transfer_clip_style": 0.6877940817177295,
      "transfer_content_lpips": 0.49359022281666665,
      "transfer_fid": 309.8867855531688,
      "transfer_art_fid": 480.6705209205641,
      "transfer_classifier_acc": 0.0,
      "photo_to_art_clip_style": 0.6733622118830681,
      "photo_to_art_fid": 309.8867855531688,
      "photo_to_art_art_fid": 480.6705209205641,
      "photo_to_art_classifier_acc": 0.0
    }
  },
  "rounds": [
    {
      "epoch": 40,
      "summary_path": "..\\inject_I2_hires_decoder_only\\full_eval\\epoch_0040\\summary.json",
      "transfer_clip_style": 0.6877940817177295,
      "transfer_content_lpips": 0.49359022281666665,
      "transfer_fid": 309.8867855531688,
      "transfer_art_fid": 480.6705209205641,
      "transfer_classifier_acc": 0.0,
      "photo_to_art_clip_style": 0.6733622118830681,
      "photo_to_art_fid": 309.8867855531688,
      "photo_to_art_art_fid": 480.6705209205641,
      "photo_to_art_classifier_acc": 0.0
    },
    {
      "epoch": 80,
      "summary_path": "..\\inject_I2_hires_decoder_only\\full_eval\\epoch_0080\\summary.json",
      "transfer_clip_style": 0.6898021767536798,
      "transfer_content_lpips": 0.4961005760166666,
      "transfer_fid": 315.605792590218,
      "transfer_art_fid": 488.27053408394397,
      "transfer_classifier_acc": 0.0,
      "photo_to_art_clip_style": 0.6761536399523417,
      "photo_to_art_fid": 315.605792590218,
      "photo_to_art_art_fid": 488.27053408394397,
      "photo_to_art_classifier_acc": 0.0
    }
  ],
  "updated_at": "2026-03-05 02:04:43"
}