{
  "num_rounds": 1,
  "latest": {
    "epoch": 100,
    "summary_path": "..\\master_sweep_01_cap_64\\full_eval\\epoch_0100\\summary.json",
    "transfer_clip_style": 0.6699828543265659,
    "transfer_content_lpips": 0.43030392565,
    "transfer_fid": 294.6270999585593,
    "transfer_art_fid": 431.4060139480399,
    "transfer_classifier_acc": 0.0,
    "photo_to_art_clip_style": 0.6394271306693555,
    "photo_to_art_fid": 294.6270999585593,
    "photo_to_art_art_fid": 431.4060139480399,
    "photo_to_art_classifier_acc": 0.0
  },
  "mean": {
    "transfer_clip_style": 0.6699828543265659,
    "transfer_content_lpips": 0.43030392565,
    "transfer_fid": 294.6270999585593,
    "transfer_art_fid": 431.4060139480399,
    "transfer_classifier_acc": 0.0,
    "photo_to_art_clip_style": 0.6394271306693555,
    "photo_to_art_fid": 294.6270999585593,
    "photo_to_art_art_fid": 431.4060139480399,
    "photo_to_art_classifier_acc": 0.0
  },
  "best": {
    "best_transfer_classifier_acc": {
      "epoch": 100,
      "summary_path": "..\\master_sweep_01_cap_64\\full_eval\\epoch_0100\\summary.json",
      "transfer_clip_style": 0.6699828543265659,
      "transfer_content_lpips": 0.43030392565,
      "transfer_fid": 294.6270999585593,
      "transfer_art_fid": 431.4060139480399,
      "transfer_classifier_acc": 0.0,
      "photo_to_art_clip_style": 0.6394271306693555,
      "photo_to_art_fid": 294.6270999585593,
      "photo_to_art_art_fid": 431.4060139480399,
      "photo_to_art_classifier_acc": 0.0
    },
    "best_transfer_clip_style": {
      "epoch": 100,
      "summary_path": "..\\master_sweep_01_cap_64\\full_eval\\epoch_0100\\summary.json",
      "transfer_clip_style": 0.6699828543265659,
      "transfer_content_lpips": 0.43030392565,
      "transfer_fid": 294.6270999585593,
      "transfer_art_fid": 431.4060139480399,
      "transfer_classifier_acc": 0.0,
      "photo_to_art_clip_style": 0.6394271306693555,
      "photo_to_art_fid": 294.6270999585593,
      "photo_to_art_art_fid": 431.4060139480399,
      "photo_to_art_classifier_acc": 0.0
    },
    "best_transfer_fid": {
      "epoch": 100,
      "summary_path": "..\\master_sweep_01_cap_64\\full_eval\\epoch_0100\\summary.json",
      "transfer_clip_style": 0.6699828543265659,
      "transfer_content_lpips": 0.43030392565,
      "transfer_fid": 294.6270999585593,
      "transfer_art_fid": 431.4060139480399,
      "transfer_classifier_acc": 0.0,
      "photo_to_art_clip_style": 0.6394271306693555,
      "photo_to_art_fid": 294.6270999585593,
      "photo_to_art_art_fid": 431.4060139480399,
      "photo_to_art_classifier_acc": 0.0
    },
    "best_transfer_art_fid": {
      "epoch": 100,
      "summary_path": "..\\master_sweep_01_cap_64\\full_eval\\epoch_0100\\summary.json",
      "transfer_clip_style": 0.6699828543265659,
      "transfer_content_lpips": 0.43030392565,
      "transfer_fid": 294.6270999585593,
      "transfer_art_fid": 431.4060139480399,
      "transfer_classifier_acc": 0.0,
      "photo_to_art_clip_style": 0.6394271306693555,
      "photo_to_art_fid": 294.6270999585593,
      "photo_to_art_art_fid": 431.4060139480399,
      "photo_to_art_classifier_acc": 0.0
    },
    "best_photo_to_art_classifier_acc": {
      "epoch": 100,
      "summary_path": "..\\master_sweep_01_cap_64\\full_eval\\epoch_0100\\summary.json",
      "transfer_clip_style": 0.6699828543265659,
      "transfer_content_lpips": 0.43030392565,
      "transfer_fid": 294.6270999585593,
      "transfer_art_fid": 431.4060139480399,
      "transfer_classifier_acc": 0.0,
      "photo_to_art_clip_style": 0.6394271306693555,
      "photo_to_art_fid": 294.6270999585593,
      "photo_to_art_art_fid": 431.4060139480399,
      "photo_to_art_classifier_acc": 0.0
    },
    "best_photo_to_art_clip_style": {
      "epoch": 100,
      "summary_path": "..\\master_sweep_01_cap_64\\full_eval\\epoch_0100\\summary.json",
      "transfer_clip_style": 0.6699828543265659,
      "transfer_content_lpips": 0.43030392565,
      "transfer_fid": 294.6270999585593,
      "transfer_art_fid": 431.4060139480399,
      "transfer_classifier_acc": 0.0,
      "photo_to_art_clip_style": 0.6394271306693555,
      "photo_to_art_fid": 294.6270999585593,
      "photo_to_art_art_fid": 431.4060139480399,
      "photo_to_art_classifier_acc": 0.0
    },
    "best_photo_to_art_fid": {
      "epoch": 100,
      "summary_path": "..\\master_sweep_01_cap_64\\full_eval\\epoch_0100\\summary.json",
      "transfer_clip_style": 0.6699828543265659,
      "transfer_content_lpips": 0.43030392565,
      "transfer_fid": 294.6270999585593,
      "transfer_art_fid": 431.4060139480399,
      "transfer_classifier_acc": 0.0,
      "photo_to_art_clip_style": 0.6394271306693555,
      "photo_to_art_fid": 294.6270999585593,
      "photo_to_art_art_fid": 431.4060139480399,
      "photo_to_art_classifier_acc": 0.0
    },
    "best_photo_to_art_art_fid": {
      "epoch": 100,
      "summary_path": "..\\master_sweep_01_cap_64\\full_eval\\epoch_0100\\summary.json",
      "transfer_clip_style": 0.6699828543265659,
      "transfer_content_lpips": 0.43030392565,
      "transfer_fid": 294.6270999585593,
      "transfer_art_fid": 431.4060139480399,
      "transfer_classifier_acc": 0.0,
      "photo_to_art_clip_style": 0.6394271306693555,
      "photo_to_art_fid": 294.6270999585593,
      "photo_to_art_art_fid": 431.4060139480399,
      "photo_to_art_classifier_acc": 0.0
    },
    "best_transfer_content_lpips": {
      "epoch": 100,
      "summary_path": "..\\master_sweep_01_cap_64\\full_eval\\epoch_0100\\summary.json",
      "transfer_clip_style": 0.6699828543265659,
      "transfer_content_lpips": 0.43030392565,
      "transfer_fid": 294.6270999585593,
      "transfer_art_fid": 431.4060139480399,
      "transfer_classifier_acc": 0.0,
      "photo_to_art_clip_style": 0.6394271306693555,
      "photo_to_art_fid": 294.6270999585593,
      "photo_to_art_art_fid": 431.4060139480399,
      "photo_to_art_classifier_acc": 0.0
    }
  },
  "rounds": [
    {
      "epoch": 100,
      "summary_path": "..\\master_sweep_01_cap_64\\full_eval\\epoch_0100\\summary.json",
      "transfer_clip_style": 0.6699828543265659,
      "transfer_content_lpips": 0.43030392565,
      "transfer_fid": 294.6270999585593,
      "transfer_art_fid": 431.4060139480399,
      "transfer_classifier_acc": 0.0,
      "photo_to_art_clip_style": 0.6394271306693555,
      "photo_to_art_fid": 294.6270999585593,
      "photo_to_art_art_fid": 431.4060139480399,
      "photo_to_art_classifier_acc": 0.0
    }
  ],
  "updated_at": "2026-02-27 12:40:36"
}