{
  "checkpoint": "..\\master_sweep_03_cap_192\\epoch_0100.pt",
  "timestamp": "2026-02-27 20:15:33",
  "metrics_note": {
    "clip_dir": "cos( CLIP(gen)-CLIP(src), CLIP(target_style_proto)-CLIP(src) ) - Measures edit direction.",
    "clip_style": "cos( CLIP(gen), CLIP(target_style_proto) ) - Measures absolute style similarity.",
    "fid_baseline": "FID between source-domain images and target-style references.",
    "fid": "FID between generated images and target-style real references (Inception features).",
    "delta_fid": "fid_baseline - fid (higher is better).",
    "delta_fid_ratio": "delta_fid / fid_baseline (relative improvement ratio).",
    "art_fid": "computed as (1 + fid_style) * (1 + content_lpips)"
  },
  "matrix_breakdown": {
    "photo": {
      "photo": {
        "count": 30,
        "clip_dir": 0.49134072760740916,
        "clip_style": 0.8157887558142344,
        "style_lpips": 0.7403967499732971,
        "content_lpips": 0.3922253353333333,
        "clip_content": 0.8444523276666668,
        "fid_style": null,
        "art_fid": null,
        "fid_baseline": null,
        "delta_fid": null,
        "delta_fid_ratio": null,
        "classifier_acc": null
      },
      "Hayao": {
        "count": 30,
        "clip_dir": 0.5358306308587392,
        "clip_style": 0.6285129090150198,
        "style_lpips": 0.7541645963986715,
        "content_lpips": 0.5065239626666667,
        "clip_content": 0.7767968896666667,
        "fid_style": 334.69227337025563,
        "art_fid": 505.72845391433947,
        "fid_baseline": 334.729000932728,
        "delta_fid": 0.03672756247237885,
        "delta_fid_ratio": 0.00010972327575452642,
        "classifier_acc": null
      },
      "monet": {
        "count": 30,
        "clip_dir": 0.4322703202565511,
        "clip_style": 0.6471368908882141,
        "style_lpips": 0.7415322840213776,
        "content_lpips": 0.3970082153333333,
        "clip_content": 0.8333202130000001,
        "fid_style": 244.7859676239961,
        "art_fid": 343.36501598437525,
        "fid_baseline": 237.55478896111822,
        "delta_fid": -7.2311786628778805,
        "delta_fid_ratio": -0.030440045829012708,
        "classifier_acc": null
      },
      "vangogh": {
        "count": 30,
        "clip_dir": 0.5374954789876938,
        "clip_style": 0.6869499564170838,
        "style_lpips": 0.7950199087460835,
        "content_lpips": 0.525703218,
        "clip_content": 0.7767073163333332,
        "fid_style": 327.6746826067139,
        "art_fid": 501.46002092819197,
        "fid_baseline": 313.3414404549672,
        "delta_fid": -14.333242151746674,
        "delta_fid_ratio": -0.0457432062957744,
        "classifier_acc": null
      },
      "cezanne": {
        "count": 30,
        "clip_dir": 0.48965901831785835,
        "clip_style": 0.6421840627988179,
        "style_lpips": 0.752350244919459,
        "content_lpips": 0.4723362433333333,
        "clip_content": 0.7960569713333334,
        "fid_style": 297.78448625524663,
        "art_fid": 439.9112280593298,
        "fid_baseline": 317.94764662800304,
        "delta_fid": 20.16316037275641,
        "delta_fid_ratio": 0.06341660517571684,
        "classifier_acc": null
      }
    },
    "Hayao": {
      "photo": {
        "count": 30,
        "clip_dir": 0.3975707985460758,
        "clip_style": 0.5822941094636918,
        "style_lpips": 0.7647595266501109,
        "content_lpips": 0.40416833999999996,
        "clip_content": 0.8587587226666666,
        "fid_style": null,
        "art_fid": null,
        "fid_baseline": null,
        "delta_fid": null,
        "delta_fid_ratio": null,
        "classifier_acc": null
      },
      "Hayao": {
        "count": 30,
        "clip_dir": 0.29719164917866386,
        "clip_style": 0.8475700418154398,
        "style_lpips": 0.7250040729840597,
        "content_lpips": 0.21972415166666664,
        "clip_content": 0.9357055850000001,
        "fid_style": null,
        "art_fid": null,
        "fid_baseline": null,
        "delta_fid": null,
        "delta_fid_ratio": null,
        "classifier_acc": null
      },
      "monet": {
        "count": 30,
        "clip_dir": 0.29814397792021435,
        "clip_style": 0.4840552806854248,
        "style_lpips": 0.7550144731998444,
        "content_lpips": 0.43185226433333324,
        "clip_content": 0.8510116770000001,
        "fid_style": null,
        "art_fid": null,
        "fid_baseline": null,
        "delta_fid": null,
        "delta_fid_ratio": null,
        "classifier_acc": null
      },
      "vangogh": {
        "count": 30,
        "clip_dir": 0.42271215120951333,
        "clip_style": 0.598616647720337,
        "style_lpips": 0.7965979218482971,
        "content_lpips": 0.45297054966666667,
        "clip_content": 0.8077203563333336,
        "fid_style": null,
        "art_fid": null,
        "fid_baseline": null,
        "delta_fid": null,
        "delta_fid_ratio": null,
        "classifier_acc": null
      },
      "cezanne": {
        "count": 30,
        "clip_dir": 0.3251738379398982,
        "clip_style": 0.537111962834994,
        "style_lpips": 0.7601248482863109,
        "content_lpips": 0.4095930026666667,
        "clip_content": 0.8536871810000001,
        "fid_style": null,
        "art_fid": null,
        "fid_baseline": null,
        "delta_fid": null,
        "delta_fid_ratio": null,
        "classifier_acc": null
      }
    },
    "monet": {
      "photo": {
        "count": 30,
        "clip_dir": 0.566834578414758,
        "clip_style": 0.748273475964864,
        "style_lpips": 0.7447235385576884,
        "content_lpips": 0.44344777199999996,
        "clip_content": 0.8076338656666666,
        "fid_style": null,
        "art_fid": null,
        "fid_baseline": null,
        "delta_fid": null,
        "delta_fid_ratio": null,
        "classifier_acc": null
      },
      "Hayao": {
        "count": 30,
        "clip_dir": 0.5454878658056259,
        "clip_style": 0.634328164656957,
        "style_lpips": 0.7502976655960083,
        "content_lpips": 0.49983169800000016,
        "clip_content": 0.7753197129999999,
        "fid_style": null,
        "art_fid": null,
        "fid_baseline": null,
        "delta_fid": null,
        "delta_fid_ratio": null,
        "classifier_acc": null
      },
      "monet": {
        "count": 30,
        "clip_dir": 0.34188309212525686,
        "clip_style": 0.8095047652721405,
        "style_lpips": 0.704414693514506,
        "content_lpips": 0.39728543633333324,
        "clip_content": 0.8426074536666667,
        "fid_style": null,
        "art_fid": null,
        "fid_baseline": null,
        "delta_fid": null,
        "delta_fid_ratio": null,
        "classifier_acc": null
      },
      "vangogh": {
        "count": 30,
        "clip_dir": 0.41688817714651427,
        "clip_style": 0.7832005580266317,
        "style_lpips": 0.7694862365722657,
        "content_lpips": 0.48059348199999996,
        "clip_content": 0.8027537463333334,
        "fid_style": null,
        "art_fid": null,
        "fid_baseline": null,
        "delta_fid": null,
        "delta_fid_ratio": null,
        "classifier_acc": null
      },
      "cezanne": {
        "count": 30,
        "clip_dir": 0.3698703790704409,
        "clip_style": 0.7655805150667826,
        "style_lpips": 0.7333647569020589,
        "content_lpips": 0.45339756633333334,
        "clip_content": 0.8180259163333333,
        "fid_style": null,
        "art_fid": null,
        "fid_baseline": null,
        "delta_fid": null,
        "delta_fid_ratio": null,
        "classifier_acc": null
      }
    },
    "vangogh": {
      "photo": {
        "count": 30,
        "clip_dir": 0.543902721007665,
        "clip_style": 0.712811928987503,
        "style_lpips": 0.7462800562381744,
        "content_lpips": 0.4893688279999999,
        "clip_content": 0.7737235276666667,
        "fid_style": null,
        "art_fid": null,
        "fid_baseline": null,
        "delta_fid": null,