{
  "num_rounds": 1,
  "latest": {
    "epoch": 100,
    "summary_path": "..\\master_sweep_14_narrow_micro\\full_eval\\epoch_0100\\summary.json",
    "transfer_clip_style": 0.6633765571316084,
    "transfer_content_lpips": 0.40734103736666666,
    "transfer_fid": 292.5755928526586,
    "transfer_art_fid": 421.7289703685366,
    "transfer_classifier_acc": 0.0,
    "photo_to_art_clip_style": 0.6302136580149333,
    "photo_to_art_fid": 292.5755928526586,
    "photo_to_art_art_fid": 421.7289703685366,
    "photo_to_art_classifier_acc": 0.0
  },
  "mean": {
    "transfer_clip_style": 0.6633765571316084,
    "transfer_content_lpips": 0.40734103736666666,
    "transfer_fid": 292.5755928526586,
    "transfer_art_fid": 421.7289703685366,
    "transfer_classifier_acc": 0.0,
    "photo_to_art_clip_style": 0.6302136580149333,
    "photo_to_art_fid": 292.5755928526586,
    "photo_to_art_art_fid": 421.7289703685366,
    "photo_to_art_classifier_acc": 0.0
  },
  "best": {
    "best_transfer_classifier_acc": {
      "epoch": 100,
      "summary_path": "..\\master_sweep_14_narrow_micro\\full_eval\\epoch_0100\\summary.json",
      "transfer_clip_style": 0.6633765571316084,
      "transfer_content_lpips": 0.40734103736666666,
      "transfer_fid": 292.5755928526586,
      "transfer_art_fid": 421.7289703685366,
      "transfer_classifier_acc": 0.0,
      "photo_to_art_clip_style": 0.6302136580149333,
      "photo_to_art_fid": 292.5755928526586,
      "photo_to_art_art_fid": 421.7289703685366,
      "photo_to_art_classifier_acc": 0.0
    },
    "best_transfer_clip_style": {
      "epoch": 100,
      "summary_path": "..\\master_sweep_14_narrow_micro\\full_eval\\epoch_0100\\summary.json",
      "transfer_clip_style": 0.6633765571316084,
      "transfer_content_lpips": 0.40734103736666666,
      "transfer_fid": 292.5755928526586,
      "transfer_art_fid": 421.7289703685366,
      "transfer_classifier_acc": 0.0,
      "photo_to_art_clip_style": 0.6302136580149333,
      "photo_to_art_fid": 292.5755928526586,
      "photo_to_art_art_fid": 421.7289703685366,
      "photo_to_art_classifier_acc": 0.0
    },
    "best_transfer_fid": {
      "epoch": 100,
      "summary_path": "..\\master_sweep_14_narrow_micro\\full_eval\\epoch_0100\\summary.json",
      "transfer_clip_style": 0.6633765571316084,
      "transfer_content_lpips": 0.40734103736666666,
      "transfer_fid": 292.5755928526586,
      "transfer_art_fid": 421.7289703685366,
      "transfer_classifier_acc": 0.0,
      "photo_to_art_clip_style": 0.6302136580149333,
      "photo_to_art_fid": 292.5755928526586,
      "photo_to_art_art_fid": 421.7289703685366,
      "photo_to_art_classifier_acc": 0.0
    },
    "best_transfer_art_fid": {
      "epoch": 100,
      "summary_path": "..\\master_sweep_14_narrow_micro\\full_eval\\epoch_0100\\summary.json",
      "transfer_clip_style": 0.6633765571316084,
      "transfer_content_lpips": 0.40734103736666666,
      "transfer_fid": 292.5755928526586,
      "transfer_art_fid": 421.7289703685366,
      "transfer_classifier_acc": 0.0,
      "photo_to_art_clip_style": 0.6302136580149333,
      "photo_to_art_fid": 292.5755928526586,
      "photo_to_art_art_fid": 421.7289703685366,
      "photo_to_art_classifier_acc": 0.0
    },
    "best_photo_to_art_classifier_acc": {
      "epoch": 100,
      "summary_path": "..\\master_sweep_14_narrow_micro\\full_eval\\epoch_0100\\summary.json",
      "transfer_clip_style": 0.6633765571316084,
      "transfer_content_lpips": 0.40734103736666666,
      "transfer_fid": 292.5755928526586,
      "transfer_art_fid": 421.7289703685366,
      "transfer_classifier_acc": 0.0,
      "photo_to_art_clip_style": 0.6302136580149333,
      "photo_to_art_fid": 292.5755928526586,
      "photo_to_art_art_fid": 421.7289703685366,
      "photo_to_art_classifier_acc": 0.0
    },
    "best_photo_to_art_clip_style": {
      "epoch": 100,
      "summary_path": "..\\master_sweep_14_narrow_micro\\full_eval\\epoch_0100\\summary.json",
      "transfer_clip_style": 0.6633765571316084,
      "transfer_content_lpips": 0.40734103736666666,
      "transfer_fid": 292.5755928526586,
      "transfer_art_fid": 421.7289703685366,
      "transfer_classifier_acc": 0.0,
      "photo_to_art_clip_style": 0.6302136580149333,
      "photo_to_art_fid": 292.5755928526586,
      "photo_to_art_art_fid": 421.7289703685366,
      "photo_to_art_classifier_acc": 0.0
    },
    "best_photo_to_art_fid": {
      "epoch": 100,
      "summary_path": "..\\master_sweep_14_narrow_micro\\full_eval\\epoch_0100\\summary.json",
      "transfer_clip_style": 0.6633765571316084,
      "transfer_content_lpips": 0.40734103736666666,
      "transfer_fid": 292.5755928526586,
      "transfer_art_fid": 421.7289703685366,
      "transfer_classifier_acc": 0.0,
      "photo_to_art_clip_style": 0.6302136580149333,
      "photo_to_art_fid": 292.5755928526586,
      "photo_to_art_art_fid": 421.7289703685366,
      "photo_to_art_classifier_acc": 0.0
    },
    "best_photo_to_art_art_fid": {
      "epoch": 100,
      "summary_path": "..\\master_sweep_14_narrow_micro\\full_eval\\epoch_0100\\summary.json",
      "transfer_clip_style": 0.6633765571316084,
      "transfer_content_lpips": 0.40734103736666666,
      "transfer_fid": 292.5755928526586,
      "transfer_art_fid": 421.7289703685366,
      "transfer_classifier_acc": 0.0,
      "photo_to_art_clip_style": 0.6302136580149333,
      "photo_to_art_fid": 292.5755928526586,
      "photo_to_art_art_fid": 421.7289703685366,
      "photo_to_art_classifier_acc": 0.0
    },
    "best_transfer_content_lpips": {
      "epoch": 100,
      "summary_path": "..\\master_sweep_14_narrow_micro\\full_eval\\epoch_0100\\summary.json",
      "transfer_clip_style": 0.6633765571316084,
      "transfer_content_lpips": 0.40734103736666666,
      "transfer_fid": 292.5755928526586,
      "transfer_art_fid": 421.7289703685366,
      "transfer_classifier_acc": 0.0,
      "photo_to_art_clip_style": 0.6302136580149333,
      "photo_to_art_fid": 292.5755928526586,
      "photo_to_art_art_fid": 421.7289703685366,
      "photo_to_art_classifier_acc": 0.0
    }
  },
  "rounds": [
    {
      "epoch": 100,
      "summary_path": "..\\master_sweep_14_narrow_micro\\full_eval\\epoch_0100\\summary.json",
      "transfer_clip_style": 0.6633765571316084,
      "transfer_content_lpips": 0.40734103736666666,
      "transfer_fid": 292.5755928526586,
      "transfer_art_fid": 421.7289703685366,
      "transfer_classifier_acc": 0.0,
      "photo_to_art_clip_style": 0.6302136580149333,
      "photo_to_art_fid": 292.5755928526586,
      "photo_to_art_art_fid": 421.7289703685366,
      "photo_to_art_classifier_acc": 0.0
    }
  ],
  "updated_at": "2026-03-01 06:52:47"
}