{
  "checkpoint": "..\\master_sweep_02_cap_128\\epoch_0100.pt",
  "timestamp": "2026-02-27 16:20:00",
  "metrics_note": {
    "clip_dir": "cos( CLIP(gen)-CLIP(src), CLIP(target_style_proto)-CLIP(src) ) - Measures edit direction.",
    "clip_style": "cos( CLIP(gen), CLIP(target_style_proto) ) - Measures absolute style similarity.",
    "fid_baseline": "FID between source-domain images and target-style references.",
    "fid": "FID between generated images and target-style real references (Inception features).",
    "delta_fid": "fid_baseline - fid (higher is better).",
    "delta_fid_ratio": "delta_fid / fid_baseline (relative improvement ratio).",
    "art_fid": "computed as (1 + fid_style) * (1 + content_lpips)"
  },
  "matrix_breakdown": {
    "photo": {
      "photo": {
        "count": 30,
        "clip_dir": 0.46847066283226013,
        "clip_style": 0.8174899975458781,
        "style_lpips": 0.7437277873357137,
        "content_lpips": 0.37830926933333325,
        "clip_content": 0.8641636639999998,
        "fid_style": null,
        "art_fid": null,
        "fid_baseline": null,
        "delta_fid": null,
        "delta_fid_ratio": null,
        "classifier_acc": null
      },
      "Hayao": {
        "count": 30,
        "clip_dir": 0.4981965720653534,
        "clip_style": 0.6120627522468567,
        "style_lpips": 0.7532432556152344,
        "content_lpips": 0.47323984866666663,
        "clip_content": 0.817803958,
        "fid_style": 335.2285206359795,
        "art_fid": 495.3452548591677,
        "fid_baseline": 334.729000932728,
        "delta_fid": -0.49951970325150796,
        "delta_fid_ratio": -0.001492310800258083,
        "classifier_acc": null
      },
      "monet": {
        "count": 30,
        "clip_dir": 0.37013037701447804,
        "clip_style": 0.6308385610580445,
        "style_lpips": 0.7453014930089314,
        "content_lpips": 0.355155735,
        "clip_content": 0.8769178973333333,
        "fid_style": 225.85251148889347,
        "art_fid": 307.42048194332733,
        "fid_baseline": 237.55478896111822,
        "delta_fid": 11.70227747222475,
        "delta_fid_ratio": 0.04926138312513717,
        "classifier_acc": null
      },
      "vangogh": {
        "count": 30,
        "clip_dir": 0.4814035634199778,
        "clip_style": 0.6633137961228689,
        "style_lpips": 0.7898222585519155,
        "content_lpips": 0.4801946306666667,
        "clip_content": 0.8143431926666669,
        "fid_style": 314.3613246145206,
        "art_fid": 466.7961394143411,
        "fid_baseline": 313.3414404549672,
        "delta_fid": -1.019884159553385,
        "delta_fid_ratio": -0.003254865229675743,
        "classifier_acc": null
      },
      "cezanne": {
        "count": 30,
        "clip_dir": 0.45374852617581685,
        "clip_style": 0.6311773777008056,
        "style_lpips": 0.7489455660184224,
        "content_lpips": 0.4340989433333334,
        "clip_content": 0.8318690703333333,
        "fid_style": 300.1177384702797,
        "art_fid": 431.8326305591511,
        "fid_baseline": 317.94764662800304,
        "delta_fid": 17.829908157723366,
        "delta_fid_ratio": 0.05607812590160247,
        "classifier_acc": null
      }
    },
    "Hayao": {
      "photo": {
        "count": 30,
        "clip_dir": 0.3939103071888288,
        "clip_style": 0.582232442498207,
        "style_lpips": 0.773011201620102,
        "content_lpips": 0.38883864733333334,
        "clip_content": 0.8657050446666668,
        "fid_style": null,
        "art_fid": null,
        "fid_baseline": null,
        "delta_fid": null,
        "delta_fid_ratio": null,
        "classifier_acc": null
      },
      "Hayao": {
        "count": 30,
        "clip_dir": 0.3013414479792118,
        "clip_style": 0.8481441636880239,
        "style_lpips": 0.728693300485611,
        "content_lpips": 0.2075627106666667,
        "clip_content": 0.9346562669999999,
        "fid_style": null,
        "art_fid": null,
        "fid_baseline": null,
        "delta_fid": null,
        "delta_fid_ratio": null,
        "classifier_acc": null
      },
      "monet": {
        "count": 30,
        "clip_dir": 0.28568712746103603,
        "clip_style": 0.48856599231561026,
        "style_lpips": 0.7789417286713918,
        "content_lpips": 0.35315191466666673,
        "clip_content": 0.8780666956666665,
        "fid_style": null,
        "art_fid": null,
        "fid_baseline": null,
        "delta_fid": null,
        "delta_fid_ratio": null,
        "classifier_acc": null
      },
      "vangogh": {
        "count": 30,
        "clip_dir": 0.35594479093949,
        "clip_style": 0.5799876650174459,
        "style_lpips": 0.7913714349269867,
        "content_lpips": 0.3918149026666667,
        "clip_content": 0.8664314466666666,
        "fid_style": null,
        "art_fid": null,
        "fid_baseline": null,
        "delta_fid": null,
        "delta_fid_ratio": null,
        "classifier_acc": null
      },
      "cezanne": {
        "count": 30,
        "clip_dir": 0.2785175154606501,
        "clip_style": 0.5253411849339803,
        "style_lpips": 0.7578386286894481,
        "content_lpips": 0.33899385666666665,
        "clip_content": 0.8879686640000001,
        "fid_style": null,
        "art_fid": null,
        "fid_baseline": null,
        "delta_fid": null,
        "delta_fid_ratio": null,
        "classifier_acc": null
      }
    },
    "monet": {
      "photo": {
        "count": 30,
        "clip_dir": 0.545139362414678,
        "clip_style": 0.7391456921895345,
        "style_lpips": 0.7486160933971405,
        "content_lpips": 0.42339673399999994,
        "clip_content": 0.8276338836666668,
        "fid_style": null,
        "art_fid": null,
        "fid_baseline": null,
        "delta_fid": null,
        "delta_fid_ratio": null,
        "classifier_acc": null
      },
      "Hayao": {
        "count": 30,
        "clip_dir": 0.5223480890194575,
        "clip_style": 0.6230087906122208,
        "style_lpips": 0.7531524459520976,
        "content_lpips": 0.4692778906666666,
        "clip_content": 0.811842893,
        "fid_style": null,
        "art_fid": null,
        "fid_baseline": null,
        "delta_fid": null,
        "delta_fid_ratio": null,
        "classifier_acc": null
      },
      "monet": {
        "count": 30,
        "clip_dir": 0.322830227514108,
        "clip_style": 0.8238151590029399,
        "style_lpips": 0.703912740945816,
        "content_lpips": 0.3690547176666667,
        "clip_content": 0.873082621,
        "fid_style": null,
        "art_fid": null,
        "fid_baseline": null,
        "delta_fid": null,
        "delta_fid_ratio": null,
        "classifier_acc": null
      },
      "vangogh": {
        "count": 30,
        "clip_dir": 0.39471992999315264,
        "clip_style": 0.7877856830755869,
        "style_lpips": 0.7643613696098328,
        "content_lpips": 0.43244460933333334,
        "clip_content": 0.826666826,
        "fid_style": null,
        "art_fid": null,
        "fid_baseline": null,
        "delta_fid": null,
        "delta_fid_ratio": null,
        "classifier_acc": null
      },
      "cezanne": {
        "count": 30,
        "clip_dir": 0.37837640146414436,
        "clip_style": 0.7791984140872955,
        "style_lpips": 0.7258614401022593,
        "content_lpips": 0.42044262266666654,
        "clip_content": 0.8349448353333334,
        "fid_style": null,
        "art_fid": null,
        "fid_baseline": null,
        "delta_fid": null,
        "delta_fid_ratio": null,
        "classifier_acc": null
      }
    },
    "vangogh": {
      "photo": {
        "count": 30,
        "clip_dir": 0.5066323002179464,
        "clip_style": 0.6979341586430867,
        "style_lpips": 0.7550240993499756,
        "content_lpips": 0.4582022156666667,
        "clip_content": 0.7981962150000002,
        "fid_style": null,
        "art_fid": null,
        "fid_baseline": null,
        "delta_fid": null,
        "delta_fid_ratio": null,