{
  "num_rounds": 1,
  "latest": {
    "epoch": 60,
    "summary_path": "..\\ablate_A0_base_p5_id045_tv005\\full_eval\\epoch_0060\\summary.json",
    "transfer_clip_style": 0.6900004352629184,
    "transfer_content_lpips": 0.4939571438666667,
    "transfer_fid": 315.7182792196458,
    "transfer_art_fid": 489.6866001078777,
    "transfer_classifier_acc": 0.0,
    "photo_to_art_clip_style": 0.6790380915006001,
    "photo_to_art_fid": 315.7182792196458,
    "photo_to_art_art_fid": 489.6866001078777,
    "photo_to_art_classifier_acc": 0.0
  },
  "mean": {
    "transfer_clip_style": 0.6900004352629184,
    "transfer_content_lpips": 0.4939571438666667,
    "transfer_fid": 315.7182792196458,
    "transfer_art_fid": 489.6866001078777,
    "transfer_classifier_acc": 0.0,
    "photo_to_art_clip_style": 0.6790380915006001,
    "photo_to_art_fid": 315.7182792196458,
    "photo_to_art_art_fid": 489.6866001078777,
    "photo_to_art_classifier_acc": 0.0
  },
  "best": {
    "best_transfer_classifier_acc": {
      "epoch": 60,
      "summary_path": "..\\ablate_A0_base_p5_id045_tv005\\full_eval\\epoch_0060\\summary.json",
      "transfer_clip_style": 0.6900004352629184,
      "transfer_content_lpips": 0.4939571438666667,
      "transfer_fid": 315.7182792196458,
      "transfer_art_fid": 489.6866001078777,
      "transfer_classifier_acc": 0.0,
      "photo_to_art_clip_style": 0.6790380915006001,
      "photo_to_art_fid": 315.7182792196458,
      "photo_to_art_art_fid": 489.6866001078777,
      "photo_to_art_classifier_acc": 0.0
    },
    "best_transfer_clip_style": {
      "epoch": 60,
      "summary_path": "..\\ablate_A0_base_p5_id045_tv005\\full_eval\\epoch_0060\\summary.json",
      "transfer_clip_style": 0.6900004352629184,
      "transfer_content_lpips": 0.4939571438666667,
      "transfer_fid": 315.7182792196458,
      "transfer_art_fid": 489.6866001078777,
      "transfer_classifier_acc": 0.0,
      "photo_to_art_clip_style": 0.6790380915006001,
      "photo_to_art_fid": 315.7182792196458,
      "photo_to_art_art_fid": 489.6866001078777,
      "photo_to_art_classifier_acc": 0.0
    },
    "best_transfer_fid": {
      "epoch": 60,
      "summary_path": "..\\ablate_A0_base_p5_id045_tv005\\full_eval\\epoch_0060\\summary.json",
      "transfer_clip_style": 0.6900004352629184,
      "transfer_content_lpips": 0.4939571438666667,
      "transfer_fid": 315.7182792196458,
      "transfer_art_fid": 489.6866001078777,
      "transfer_classifier_acc": 0.0,
      "photo_to_art_clip_style": 0.6790380915006001,
      "photo_to_art_fid": 315.7182792196458,
      "photo_to_art_art_fid": 489.6866001078777,
      "photo_to_art_classifier_acc": 0.0
    },
    "best_transfer_art_fid": {
      "epoch": 60,
      "summary_path": "..\\ablate_A0_base_p5_id045_tv005\\full_eval\\epoch_0060\\summary.json",
      "transfer_clip_style": 0.6900004352629184,
      "transfer_content_lpips": 0.4939571438666667,
      "transfer_fid": 315.7182792196458,
      "transfer_art_fid": 489.6866001078777,
      "transfer_classifier_acc": 0.0,
      "photo_to_art_clip_style": 0.6790380915006001,
      "photo_to_art_fid": 315.7182792196458,
      "photo_to_art_art_fid": 489.6866001078777,
      "photo_to_art_classifier_acc": 0.0
    },
    "best_photo_to_art_classifier_acc": {
      "epoch": 60,
      "summary_path": "..\\ablate_A0_base_p5_id045_tv005\\full_eval\\epoch_0060\\summary.json",
      "transfer_clip_style": 0.6900004352629184,
      "transfer_content_lpips": 0.4939571438666667,
      "transfer_fid": 315.7182792196458,
      "transfer_art_fid": 489.6866001078777,
      "transfer_classifier_acc": 0.0,
      "photo_to_art_clip_style": 0.6790380915006001,
      "photo_to_art_fid": 315.7182792196458,
      "photo_to_art_art_fid": 489.6866001078777,
      "photo_to_art_classifier_acc": 0.0
    },
    "best_photo_to_art_clip_style": {
      "epoch": 60,
      "summary_path": "..\\ablate_A0_base_p5_id045_tv005\\full_eval\\epoch_0060\\summary.json",
      "transfer_clip_style": 0.6900004352629184,
      "transfer_content_lpips": 0.4939571438666667,
      "transfer_fid": 315.7182792196458,
      "transfer_art_fid": 489.6866001078777,
      "transfer_classifier_acc": 0.0,
      "photo_to_art_clip_style": 0.6790380915006001,
      "photo_to_art_fid": 315.7182792196458,
      "photo_to_art_art_fid": 489.6866001078777,
      "photo_to_art_classifier_acc": 0.0
    },
    "best_photo_to_art_fid": {
      "epoch": 60,
      "summary_path": "..\\ablate_A0_base_p5_id045_tv005\\full_eval\\epoch_0060\\summary.json",
      "transfer_clip_style": 0.6900004352629184,
      "transfer_content_lpips": 0.4939571438666667,
      "transfer_fid": 315.7182792196458,
      "transfer_art_fid": 489.6866001078777,
      "transfer_classifier_acc": 0.0,
      "photo_to_art_clip_style": 0.6790380915006001,
      "photo_to_art_fid": 315.7182792196458,
      "photo_to_art_art_fid": 489.6866001078777,
      "photo_to_art_classifier_acc": 0.0
    },
    "best_photo_to_art_art_fid": {
      "epoch": 60,
      "summary_path": "..\\ablate_A0_base_p5_id045_tv005\\full_eval\\epoch_0060\\summary.json",
      "transfer_clip_style": 0.6900004352629184,
      "transfer_content_lpips": 0.4939571438666667,
      "transfer_fid": 315.7182792196458,
      "transfer_art_fid": 489.6866001078777,
      "transfer_classifier_acc": 0.0,
      "photo_to_art_clip_style": 0.6790380915006001,
      "photo_to_art_fid": 315.7182792196458,
      "photo_to_art_art_fid": 489.6866001078777,
      "photo_to_art_classifier_acc": 0.0
    },
    "best_transfer_content_lpips": {
      "epoch": 60,
      "summary_path": "..\\ablate_A0_base_p5_id045_tv005\\full_eval\\epoch_0060\\summary.json",
      "transfer_clip_style": 0.6900004352629184,
      "transfer_content_lpips": 0.4939571438666667,
      "transfer_fid": 315.7182792196458,
      "transfer_art_fid": 489.6866001078777,
      "transfer_classifier_acc": 0.0,
      "photo_to_art_clip_style": 0.6790380915006001,
      "photo_to_art_fid": 315.7182792196458,
      "photo_to_art_art_fid": 489.6866001078777,
      "photo_to_art_classifier_acc": 0.0
    }
  },
  "rounds": [
    {
      "epoch": 60,
      "summary_path": "..\\ablate_A0_base_p5_id045_tv005\\full_eval\\epoch_0060\\summary.json",
      "transfer_clip_style": 0.6900004352629184,
      "transfer_content_lpips": 0.4939571438666667,
      "transfer_fid": 315.7182792196458,
      "transfer_art_fid": 489.6866001078777,
      "transfer_classifier_acc": 0.0,
      "photo_to_art_clip_style": 0.6790380915006001,
      "photo_to_art_fid": 315.7182792196458,
      "photo_to_art_art_fid": 489.6866001078777,
      "photo_to_art_classifier_acc": 0.0
    }
  ],
  "updated_at": "2026-03-04 02:30:30"
}