run_name,source,checkpoint,source_style,target_style,top_layer_name,top_layer_stage,top_layer_max_ma_ratio,top_layer_mean_ma_ratio,num_layers,stem_max,stem_mean,hires_max,hires_mean,body_max,body_mean,skip_max,skip_mean,decoder_max,decoder_mean,output_max,output_mean,other_max,other_mean
photo -> Hayao,photo->Hayao,G:\GitHub\Latent_Style\Cycle-NCE\epoch_0060.pt,photo,Hayao,hires_body.0,hires,18.002199172973633,7.419791221618652,25,7.6579790115356445,7.012826919555664,18.002199172973633,13.184598128000895,6.118303298950195,5.799346129099528,15.553544044494629,10.879210948944092,11.940325736999512,8.47976598739624,,,,
photo -> monet,photo->monet,G:\GitHub\Latent_Style\Cycle-NCE\epoch_0060.pt,photo,monet,hires_body.0,hires,15.741459846496582,7.4094929695129395,25,6.734146595001221,6.248929738998413,15.741459846496582,11.226898352305094,6.303826808929443,5.976747512817383,11.958059310913086,9.053747773170471,12.516890525817871,8.509973907470703,,,,
photo -> vangogh,photo->vangogh,G:\GitHub\Latent_Style\Cycle-NCE\epoch_0060.pt,photo,vangogh,hires_body.0,hires,27.185068130493164,7.962722301483154,25,11.582205772399902,9.811851978302002,27.185068130493164,17.647202650705974,8.44167709350586,7.9411031405131025,18.57194709777832,12.904102206230164,11.59769058227539,8.037033319473267,,,,
photo -> cezanne,photo->cezanne,G:\GitHub\Latent_Style\Cycle-NCE\epoch_0060.pt,photo,cezanne,skip_fusion,skip,15.219649314880371,5.822157859802246,25,6.103507995605469,5.9891393184661865,10.97531509399414,8.532424767812094,6.721588134765625,5.9693277676900225,15.219649314880371,8.874120235443115,10.61186695098877,8.076199579238892,,,,
