{
  "checkpoint": "../256-3decoder-20style-1mse/epoch_0050.pt",
  "timestamp": "2026-02-01 20:50:36",
  "matrix_breakdown": {
    "monet": {
      "monet": {
        "count": 30,
        "clip_style": 0.6953674415747325,
        "style_lpips": 0.7065049111843109,
        "content_lpips": 0.4892353706666667,
        "clip_content": 0.7799838800000001
      },
      "photo": {
        "count": 30,
        "clip_style": 0.553235454360644,
        "style_lpips": 0.7497191150983175,
        "content_lpips": 0.419697696,
        "clip_content": 0.865966369
      },
      "vangogh": {
        "count": 30,
        "clip_style": 0.6661064922809601,
        "style_lpips": 0.7498394807179769,
        "content_lpips": 0.5155785686666666,
        "clip_content": 0.7665760476666666
      },
      "cezanne": {
        "count": 30,
        "clip_style": 0.6315358837445577,
        "style_lpips": 0.7292625466982524,
        "content_lpips": 0.533294228,
        "clip_content": 0.7368379706666666
      }
    },
    "photo": {
      "monet": {
        "count": 30,
        "clip_style": 0.5651026924451192,
        "style_lpips": 0.7316054940223694,
        "content_lpips": 0.4629529406666667,
        "clip_content": 0.7519999340000001
      },
      "photo": {
        "count": 30,
        "clip_style": 0.6050382216771444,
        "style_lpips": 0.7293187459309896,
        "content_lpips": 0.3679991979999999,
        "clip_content": 0.8150773683333334
      },
      "vangogh": {
        "count": 30,
        "clip_style": 0.5792555809020996,
        "style_lpips": 0.7669465978940327,
        "content_lpips": 0.510663437,
        "clip_content": 0.7233465983333333
      },
      "cezanne": {
        "count": 30,
        "clip_style": 0.5489579200744629,
        "style_lpips": 0.7374544620513916,
        "content_lpips": 0.5114932983333333,
        "clip_content": 0.719634572
      }
    },
    "vangogh": {
      "monet": {
        "count": 30,
        "clip_style": 0.6667333523432414,
        "style_lpips": 0.7225519597530365,
        "content_lpips": 0.5117976426666666,
        "clip_content": 0.7847472780000001
      },
      "photo": {
        "count": 30,
        "clip_style": 0.5352748235066732,
        "style_lpips": 0.7722844243049621,
        "content_lpips": 0.4344146643333333,
        "clip_content": 0.8463025299999999
      },
      "vangogh": {
        "count": 30,
        "clip_style": 0.6783917407194774,
        "style_lpips": 0.7366592665513356,
        "content_lpips": 0.5094695413333333,
        "clip_content": 0.7859280483333334
      },
      "cezanne": {
        "count": 30,
        "clip_style": 0.6432855268319447,
        "style_lpips": 0.7324756383895874,
        "content_lpips": 0.5409230833333333,
        "clip_content": 0.7600101276666666
      }
    },
    "cezanne": {
      "monet": {
        "count": 30,
        "clip_style": 0.6551981608072917,
        "style_lpips": 0.7202543099721272,
        "content_lpips": 0.47547048,
        "clip_content": 0.7783180966666666
      },
      "photo": {
        "count": 30,
        "clip_style": 0.5150078445672989,
        "style_lpips": 0.7471394121646882,
        "content_lpips": 0.44528237899999995,
        "clip_content": 0.836175147
      },
      "vangogh": {
        "count": 30,
        "clip_style": 0.6523228486378988,
        "style_lpips": 0.7479883154233297,
        "content_lpips": 0.4831414633333334,
        "clip_content": 0.7617341746666665
      },
      "cezanne": {
        "count": 30,
        "clip_style": 0.637622332572937,
        "style_lpips": 0.7193682293097178,
        "content_lpips": 0.5062797433333334,
        "clip_content": 0.7309115013333335
      }
    }
  },
  "analysis": {
    "style_transfer_ability": {
      "clip_style": 0.601001381708516,
      "content_lpips": 0.4870591567777778
    },
    "photo_to_art_performance": {
      "clip_style": 0.5644387311405605,
      "valid": true
    }
  }
}