{
  "checkpoint": "I:\\Github\\Latent_Style\\Cycle-NCE\\experiments\\20260223-micro5style-bs384\\runs\\exp09-phase2_150e-flat_lr3e4\\artifacts\\epoch_0040.pt",
  "timestamp": "2026-02-24 15:51:04",
  "metrics_note": {
    "clip_dir": "cos( CLIP(gen)-CLIP(src), CLIP(target_style_proto)-CLIP(src) ) - Measures edit direction.",
    "clip_style": "cos( CLIP(gen), CLIP(target_style_proto) ) - Measures absolute style similarity.",
    "art_fid": "computed as (1 + fid_style) * (1 + content_lpips)"
  },
  "matrix_breakdown": {
    "photo": {
      "photo": {
        "count": 50,
        "clip_dir": 0.32631340965628625,
        "clip_style": 0.7923478007316589,
        "style_lpips": 0.7492189133167266,
        "content_lpips": 0.302844369,
        "clip_content": 0.8981870136000001,
        "fid_style": null,
        "art_fid": null,
        "classifier_acc": null
      },
      "Hayao": {
        "count": 50,
        "clip_dir": 0.49060090363025666,
        "clip_style": 0.6145097136497497,
        "style_lpips": 0.7635382497310639,
        "content_lpips": 0.3999253998,
        "clip_content": 0.8415524963999998,
        "fid_style": null,
        "art_fid": null,
        "classifier_acc": null
      },
      "monet": {
        "count": 50,
        "clip_dir": 0.26894636034965513,
        "clip_style": 0.5941785985231399,
        "style_lpips": 0.7512201166152954,
        "content_lpips": 0.3073464218,
        "clip_content": 0.9003312118,
        "fid_style": null,
        "art_fid": null,
        "classifier_acc": null
      },
      "vangogh": {
        "count": 50,
        "clip_dir": 0.4210504907369614,
        "clip_style": 0.6412353944778443,
        "style_lpips": 0.7848788940906525,
        "content_lpips": 0.4463584694,
        "clip_content": 0.8529034737999999,
        "fid_style": null,
        "art_fid": null,
        "classifier_acc": null
      },
      "cezanne": {
        "count": 50,
        "clip_dir": 0.3630637103319168,
        "clip_style": 0.5923747318983078,
        "style_lpips": 0.7644291722774506,
        "content_lpips": 0.3631616636,
        "clip_content": 0.8640438086000002,
        "fid_style": null,
        "art_fid": null,
        "classifier_acc": null
      }
    },
    "Hayao": {
      "photo": {
        "count": 50,
        "clip_dir": 0.22203803583979606,
        "clip_style": 0.5231249529123306,
        "style_lpips": 0.7815279638767243,
        "content_lpips": 0.3707102448,
        "clip_content": 0.913921394,
        "fid_style": null,
        "art_fid": null,
        "classifier_acc": null
      },
      "Hayao": {
        "count": 50,
        "clip_dir": 0.2688192806765437,
        "clip_style": 0.8473955261707306,
        "style_lpips": 0.728491816520691,
        "content_lpips": 0.19776980311999995,
        "clip_content": 0.9449017929999998,
        "fid_style": null,
        "art_fid": null,
        "classifier_acc": null
      },
      "monet": {
        "count": 50,
        "clip_dir": 0.15846860244870187,
        "clip_style": 0.4484979283809662,
        "style_lpips": 0.7742514753341675,
        "content_lpips": 0.2904653448,
        "clip_content": 0.9288394477999998,
        "fid_style": null,
        "art_fid": null,
        "classifier_acc": null
      },
      "vangogh": {
        "count": 50,
        "clip_dir": 0.26502331867814066,
        "clip_style": 0.5525476497411728,
        "style_lpips": 0.8062506330013275,
        "content_lpips": 0.3203462162,
        "clip_content": 0.9209778644000001,
        "fid_style": null,
        "art_fid": null,
        "classifier_acc": null
      },
      "cezanne": {
        "count": 50,
        "clip_dir": 0.16210819985717534,
        "clip_style": 0.4916632032394409,
        "style_lpips": 0.7625144958496094,
        "content_lpips": 0.2490517954,
        "clip_content": 0.9320593136,
        "fid_style": null,
        "art_fid": null,
        "classifier_acc": null
      }
    },
    "monet": {
      "photo": {
        "count": 50,
        "clip_dir": 0.42099957466125487,
        "clip_style": 0.692398669719696,
        "style_lpips": 0.7478005278110504,
        "content_lpips": 0.37148708939999997,
        "clip_content": 0.8895671566,
        "fid_style": null,
        "art_fid": null,
        "classifier_acc": null
      },
      "Hayao": {
        "count": 50,
        "clip_dir": 0.4946319741010666,
        "clip_style": 0.6011054849624634,
        "style_lpips": 0.7581006181240082,
        "content_lpips": 0.4460686912,
        "clip_content": 0.8670014655999999,
        "fid_style": null,
        "art_fid": null,
        "classifier_acc": null
      },
      "monet": {
        "count": 50,
        "clip_dir": 0.2834903572499752,
        "clip_style": 0.8339048099517822,
        "style_lpips": 0.7116379642486572,
        "content_lpips": 0.33943845120000005,
        "clip_content": 0.9032651658000002,
        "fid_style": null,
        "art_fid": null,
        "classifier_acc": null
      },
      "vangogh": {
        "count": 50,
        "clip_dir": 0.39546332865953443,
        "clip_style": 0.8092853176593781,
        "style_lpips": 0.7548840343952179,
        "content_lpips": 0.40450577619999994,
        "clip_content": 0.8816932194,
        "fid_style": null,
        "art_fid": null,
        "classifier_acc": null
      },
      "cezanne": {
        "count": 50,
        "clip_dir": 0.3090775418281555,
        "clip_style": 0.7889287006855011,
        "style_lpips": 0.7366073930263519,
        "content_lpips": 0.35164244720000004,
        "clip_content": 0.9019995706,
        "fid_style": null,
        "art_fid": null,
        "classifier_acc": null
      }
    },
    "vangogh": {
      "photo": {
        "count": 50,
        "clip_dir": 0.41828386098146436,
        "clip_style": 0.6696412563323975,
        "style_lpips": 0.7586191964149475,
        "content_lpips": 0.39875846280000005,
        "clip_content": 0.8587848805999999,
        "fid_style": null,
        "art_fid": null,
        "classifier_acc": null
      },
      "Hayao": {
        "count": 50,
        "clip_dir": 0.4812796914577484,
        "clip_style": 0.6412753880023956,
        "style_lpips": 0.7606866145133973,
        "content_lpips": 0.3988735595999999,
        "clip_content": 0.8476442978000001,
        "fid_style": null,
        "art_fid": null,
        "classifier_acc": null
      },
      "monet": {
        "count": 50,
        "clip_dir": 0.26511234864592553,
        "clip_style": 0.7573713225126266,
        "style_lpips": 0.7415187168121338,
        "content_lpips": 0.327371575,
        "clip_content": 0.8869919740000001,
        "fid_style": null,
        "art_fid": null,
        "classifier_acc": null
      },
      "vangogh": {
        "count": 50,
        "clip_dir": 0.2608696046471596,
        "clip_style": 0.8060077548027038,
        "style_lpips": 0.7406719744205474,
        "content_lpips": 0.33615828999999997,
        "clip_content": 0.8883025921999999,
        "fid_style": null,
        "art_fid": null,
        "classifier_acc": null
      },
      "cezanne": {
        "count": 50,
        "clip_dir": 0.26243882328271867,
        "clip_style": 0.7741610109806061,
        "style_lpips": 0.7429168236255645,
        "content_lpips": 0.32127879820000005,
        "clip_content": 0.8893055401999999,
        "fid_style": null,
        "art_fid": null,
        "classifier_acc": null
      }
    },
    "cezanne": {
      "photo": {
        "count": 50,
        "clip_dir": 0.40626833468675616,
        "clip_style": 0.631350907087326,
        "style_lpips": 0.7553510665893555,
        "content_lpips": 0.3780114225999999,
        "clip_content": 0.8641488171999999,
        "fid_style": null,
        "art_fid": null,
        "classifier_acc": null
      },
      "Hayao": {
        "count": 50,
        "clip_dir": 0.43606280446052553,
        "clip_style": 0.5901292145252228,
        "style_lpips": 0.7496620714664459,
        "content_lpips": 0.3519208361999999,