{
  "checkpoint": "../overfit50-no-idt/epoch_0020.pt",
  "timestamp": "2026-02-08 17:44:48",
  "matrix_breakdown": {
    "photo": {
      "photo": {
        "count": 50,
        "clip_style": 0.639477681517601,
        "style_lpips": 0.0,
        "content_lpips": 0.0,
        "clip_content": 0.8890331664,
        "classifier_acc": 0.98
      },
      "Hayao": {
        "count": 50,
        "clip_style": 0.4976221799850464,
        "style_lpips": 0.0,
        "content_lpips": 0.0,
        "clip_content": 0.8745020934000002,
        "classifier_acc": 0.14
      }
    },
    "Hayao": {
      "photo": {
        "count": 50,
        "clip_style": 0.41290011644363406,
        "style_lpips": 0.0,
        "content_lpips": 0.0,
        "clip_content": 0.9357423335999999,
        "classifier_acc": 0.6
      },
      "Hayao": {
        "count": 50,
        "clip_style": 0.7218897259235382,
        "style_lpips": 0.0,
        "content_lpips": 0.0,
        "clip_content": 0.9391411074,
        "classifier_acc": 0.8
      }
    }
  },
  "analysis": {
    "style_transfer_ability": {
      "clip_style": 0.4552611482143402,
      "content_lpips": 0.0,
      "classifier_acc": 0.37
    },
    "photo_to_art_performance": {
      "clip_style": 0.4976221799850464,
      "valid": true,
      "classifier_acc": 0.14
    }
  },
  "classification_report": {
    "Hayao": {
      "precision": 0.6911764705882353,
      "recall": 0.47,
      "f1-score": 0.5595238095238095,
      "support": 100.0
    },
    "photo": {
      "precision": 0.5984848484848485,
      "recall": 0.79,
      "f1-score": 0.6810344827586207,
      "support": 100.0
    },
    "accuracy": 0.63,
    "macro avg": {
      "precision": 0.6448306595365418,
      "recall": 0.63,
      "f1-score": 0.6202791461412152,
      "support": 200.0
    },
    "weighted avg": {
      "precision": 0.644830659536542,
      "recall": 0.63,
      "f1-score": 0.6202791461412152,
      "support": 200.0
    }
  },
  "detailed_style_metrics": {
    "Hayao": {
      "precision": 0.6911764705882353,
      "recall": 0.47,
      "f1_score": 0.5595238095238095,
      "support": 100
    },
    "photo": {
      "precision": 0.5984848484848485,
      "recall": 0.79,
      "f1_score": 0.6810344827586207,
      "support": 100
    }
  }
}