{
  "plan": "G:\\GitHub\\Latent_Style\\Cycle-NCE\\src\\utils\\engine.plan",
  "engine": {
    "image_tensor": "input_rgb_uint8",
    "style_tensor": "style_id",
    "output_tensor": "output_rgb_uint8",
    "input_shape": [
      1,
      3,
      256,
      256
    ],
    "output_shape": [
      1,
      3,
      256,
      256
    ],
    "input_dtype": "torch.uint8",
    "style_dtype": "torch.int64",
    "output_dtype": "torch.uint8"
  },
  "dataset": {
    "test_dir": "G:\\GitHub\\Latent_Style\\style_data\\overfit50",
    "num_images": 250,
    "warmup": 20,
    "style_id": 1
  },
  "timing_ms": {
    "h2d": {
      "mean_ms": 0.07313984008133412,
      "std_ms": 0.04398508624586034,
      "p50_ms": 0.05920000001788139,
      "p90_ms": 0.13564479649066924,
      "p95_ms": 0.17268480286002158,
      "p99_ms": 0.2518521623313426,
      "min_ms": 0.03270399942994118,
      "max_ms": 0.3009600043296814
    },
    "enqueue": {
      "mean_ms": 1.9504499197006226,
      "std_ms": 0.21255292893586542,
      "p50_ms": 1.9205600023269653,
      "p90_ms": 2.247782349586487,
      "p95_ms": 2.314188778400421,
      "p99_ms": 2.4474624395370483,
      "min_ms": 1.6270400285720825,
      "max_ms": 2.48524808883667
    },
    "d2h": {
      "mean_ms": 0.017806208121124656,
      "std_ms": 0.04345558900019786,
      "p50_ms": 0.002047999994829297,
      "p90_ms": 0.09758079722523688,
      "p95_ms": 0.1304656058549881,
      "p99_ms": 0.17554336428642242,
      "min_ms": 0.0010239999974146485,
      "max_ms": 0.22924800217151642
    },
    "total": {
      "mean_ms": 2.041395966053009,
      "std_ms": 0.25704136816443973,
      "p50_ms": 1.9972479343414307,
      "p90_ms": 2.4538176536560057,
      "p95_ms": 2.558081579208374,
      "p99_ms": 2.6463247919082638,
      "min_ms": 1.6784640550613403,
      "max_ms": 2.763711929321289
    }
  },
  "throughput": {
    "fps": 489.8608680673923,
    "qps": 489.8608680673923
  },
  "wall_time_total_sec": 0.8793599000200629,
  "timings_csv": "G:\\GitHub\\Latent_Style\\Cycle-NCE\\src\\trt_plan_bench_uv\\timings.csv",
  "images_dir": "G:\\GitHub\\Latent_Style\\Cycle-NCE\\src\\trt_plan_bench_uv\\images",
  "saved_images": 32
}