{
  "checkpoint": "..\\exp_E_safe_anchor\\epoch_0060.pt",
  "timestamp": "2026-02-26 06:31:22",
  "metrics_note": {
    "clip_dir": "cos( CLIP(gen)-CLIP(src), CLIP(target_style_proto)-CLIP(src) ) - Measures edit direction.",
    "clip_style": "cos( CLIP(gen), CLIP(target_style_proto) ) - Measures absolute style similarity.",
    "fid_baseline": "FID between source-domain images and target-style references.",
    "fid": "FID between generated images and target-style real references (Inception features).",
    "delta_fid": "fid_baseline - fid (higher is better).",
    "delta_fid_ratio": "delta_fid / fid_baseline (relative improvement ratio).",
    "art_fid": "computed as (1 + fid_style) * (1 + content_lpips)"
  },
  "matrix_breakdown": {
    "photo": {
      "photo": {
        "count": 30,
        "clip_dir": 0.37153886606295905,
        "clip_style": 0.7996678392092387,
        "style_lpips": 0.7515803416570027,
        "content_lpips": 0.31811948800000006,
        "clip_content": 0.8926420610000001,
        "fid_style": null,
        "art_fid": null,
        "fid_baseline": null,
        "delta_fid": null,
        "delta_fid_ratio": null,
        "classifier_acc": null
      },
      "Hayao": {
        "count": 30,
        "clip_dir": 0.5034058312575023,
        "clip_style": 0.6158134122689565,
        "style_lpips": 0.7506424387296041,
        "content_lpips": 0.43674122733333326,
        "clip_content": 0.8312757803333333,
        "fid_style": 329.7230054393467,
        "art_fid": 475.16337674229567,
        "fid_baseline": 334.729000932728,
        "delta_fid": 5.005995493381306,
        "delta_fid_ratio": 0.014955368311177147,
        "classifier_acc": null
      },
      "monet": {
        "count": 30,
        "clip_dir": 0.31526922384897865,
        "clip_style": 0.613905264933904,
        "style_lpips": 0.7443616271018982,
        "content_lpips": 0.3139870773333333,
        "clip_content": 0.8985491626666667,
        "fid_style": 226.2663884032164,
        "art_fid": 298.6250974740445,
        "fid_baseline": 237.55478896111822,
        "delta_fid": 11.28840055790181,
        "delta_fid_ratio": 0.04751914540333446,
        "classifier_acc": null
      },
      "vangogh": {
        "count": 30,
        "clip_dir": 0.4830281466245651,
        "clip_style": 0.6680409332116445,
        "style_lpips": 0.8027015805244446,
        "content_lpips": 0.47670686633333337,
        "clip_content": 0.8354190393333332,
        "fid_style": 309.66529696037003,
        "art_fid": 458.76157715286246,
        "fid_baseline": 313.3414404549672,
        "delta_fid": 3.67614349459717,
        "delta_fid_ratio": 0.011732069301971241,
        "classifier_acc": null
      },
      "cezanne": {
        "count": 30,
        "clip_dir": 0.421750474969546,
        "clip_style": 0.6183171749114991,
        "style_lpips": 0.7500792225201924,
        "content_lpips": 0.3881910466666667,
        "clip_content": 0.8573722173333334,
        "fid_style": 305.65246153840513,
        "art_fid": 425.6922015459084,
        "fid_baseline": 317.94764662800304,
        "delta_fid": 12.295185089597908,
        "delta_fid_ratio": 0.038670470500394065,
        "classifier_acc": null
      }
    },
    "Hayao": {
      "photo": {
        "count": 30,
        "clip_dir": 0.2306559796134631,
        "clip_style": 0.5284659584363302,
        "style_lpips": 0.7905901372432709,
        "content_lpips": 0.3106259749999999,
        "clip_content": 0.9225554269999997,
        "fid_style": null,
        "art_fid": null,
        "fid_baseline": null,
        "delta_fid": null,
        "delta_fid_ratio": null,
        "classifier_acc": null
      },
      "Hayao": {
        "count": 30,
        "clip_dir": 0.27950035557150843,
        "clip_style": 0.8479188005129497,
        "style_lpips": 0.7261773665746053,
        "content_lpips": 0.19994684283333333,
        "clip_content": 0.9387552073333333,
        "fid_style": null,
        "art_fid": null,
        "fid_baseline": null,
        "delta_fid": null,
        "delta_fid_ratio": null,
        "classifier_acc": null
      },
      "monet": {
        "count": 30,
        "clip_dir": 0.20662989144523938,
        "clip_style": 0.46838665107885996,
        "style_lpips": 0.7791340390841166,
        "content_lpips": 0.29240982299999996,
        "clip_content": 0.9197747039999999,
        "fid_style": null,
        "art_fid": null,
        "fid_baseline": null,
        "delta_fid": null,
        "delta_fid_ratio": null,
        "classifier_acc": null
      },
      "vangogh": {
        "count": 30,
        "clip_dir": 0.3530866195758184,
        "clip_style": 0.5832838257153828,
        "style_lpips": 0.8092492441336314,
        "content_lpips": 0.3713068216666667,
        "clip_content": 0.8812251600000001,
        "fid_style": null,
        "art_fid": null,
        "fid_baseline": null,
        "delta_fid": null,
        "delta_fid_ratio": null,
        "classifier_acc": null
      },
      "cezanne": {
        "count": 30,
        "clip_dir": 0.23983938594659168,
        "clip_style": 0.5183749983708064,
        "style_lpips": 0.76675084233284,
        "content_lpips": 0.3110533783333334,
        "clip_content": 0.9149866730000001,
        "fid_style": null,
        "art_fid": null,
        "fid_baseline": null,
        "delta_fid": null,
        "delta_fid_ratio": null,
        "classifier_acc": null
      }
    },
    "monet": {
      "photo": {
        "count": 30,
        "clip_dir": 0.46667266885439557,
        "clip_style": 0.7127276817957561,
        "style_lpips": 0.7613608241081238,
        "content_lpips": 0.37427161666666664,
        "clip_content": 0.8761145193333334,
        "fid_style": null,
        "art_fid": null,
        "fid_baseline": null,
        "delta_fid": null,
        "delta_fid_ratio": null,
        "classifier_acc": null
      },
      "Hayao": {
        "count": 30,
        "clip_dir": 0.5074500272671382,
        "clip_style": 0.61323481798172,
        "style_lpips": 0.7530636489391327,
        "content_lpips": 0.4537079710000001,
        "clip_content": 0.8276144463333335,
        "fid_style": null,
        "art_fid": null,
        "fid_baseline": null,
        "delta_fid": null,
        "delta_fid_ratio": null,
        "classifier_acc": null
      },
      "monet": {
        "count": 30,
        "clip_dir": 0.30113748721778394,
        "clip_style": 0.8288769543170929,
        "style_lpips": 0.7091412524382273,
        "content_lpips": 0.3481760186666666,
        "clip_content": 0.8901714813333332,
        "fid_style": null,
        "art_fid": null,
        "fid_baseline": null,
        "delta_fid": null,
        "delta_fid_ratio": null,
        "classifier_acc": null
      },
      "vangogh": {
        "count": 30,
        "clip_dir": 0.39269869948426883,
        "clip_style": 0.7894747654596964,
        "style_lpips": 0.7711147805054982,
        "content_lpips": 0.4439954643333333,
        "clip_content": 0.8293677930000001,
        "fid_style": null,
        "art_fid": null,
        "fid_baseline": null,
        "delta_fid": null,
        "delta_fid_ratio": null,
        "classifier_acc": null
      },
      "cezanne": {
        "count": 30,
        "clip_dir": 0.3493177567919095,
        "clip_style": 0.7782393038272858,
        "style_lpips": 0.727251668771108,
        "content_lpips": 0.38645061666666647,
        "clip_content": 0.8531871643333333,
        "fid_style": null,
        "art_fid": null,
        "fid_baseline": null,
        "delta_fid": null,
        "delta_fid_ratio": null,
        "classifier_acc": null
      }
    },
    "vangogh": {
      "photo": {
        "count": 30,
        "clip_dir": 0.457022950053215,
        "clip_style": 0.6875074128309886,
        "style_lpips": 0.7668279945850373,
        "content_lpips": 0.4047866833333334,
        "clip_content": 0.8550906316666667,
        "fid_style": null,
        "art_fid": null,
        "fid_baseline": null,
        "delta_fid": null,