{
  "checkpoint": "../pyramid-1-29/epoch_0050.pt",
  "timestamp": "2026-01-29 12:44:53",
  "matrix_breakdown": {
    "monet": {
      "monet": {
        "count": 50,
        "clip_style": 0.7347885993361473,
        "clip_content": 0.8613890528678894,
        "style_lpips": 0.6947223336577416,
        "content_lpips": 0.4178853267431259
      },
      "photo": {
        "count": 50,
        "clip_style": 0.5712449694752694,
        "clip_content": 0.858488906621933,
        "style_lpips": 0.7429604730844497,
        "content_lpips": 0.42028958797454835
      },
      "vangogh": {
        "count": 50,
        "clip_style": 0.6904011645317076,
        "clip_content": 0.8671632063388824,
        "style_lpips": 0.7521269433021547,
        "content_lpips": 0.416793891787529
      },
      "cezanne": {
        "count": 50,
        "clip_style": 0.678162944304943,
        "clip_content": 0.864235942363739,
        "style_lpips": 0.7208933769226075,
        "content_lpips": 0.4176677441596985
      }
    },
    "photo": {
      "monet": {
        "count": 50,
        "clip_style": 0.5775717496037484,
        "clip_content": 0.7858667612075806,
        "style_lpips": 0.734792275428772,
        "content_lpips": 0.40250273525714875
      },
      "photo": {
        "count": 50,
        "clip_style": 0.6084514856100082,
        "clip_content": 0.8083689832687377,
        "style_lpips": 0.7294560670733452,
        "content_lpips": 0.37968396246433256
      },
      "vangogh": {
        "count": 50,
        "clip_style": 0.555451699078083,
        "clip_content": 0.7808274173736572,
        "style_lpips": 0.7997383227586746,
        "content_lpips": 0.4013014400005341
      },
      "cezanne": {
        "count": 50,
        "clip_style": 0.5366519298315048,
        "clip_content": 0.7846505200862884,
        "style_lpips": 0.7503805342912674,
        "content_lpips": 0.40560850501060486
      }
    },
    "vangogh": {
      "monet": {
        "count": 50,
        "clip_style": 0.68713748742342,
        "clip_content": 0.8618785190582275,
        "style_lpips": 0.7223094129323959,
        "content_lpips": 0.4216415339708328
      },
      "photo": {
        "count": 50,
        "clip_style": 0.5498618700146675,
        "clip_content": 0.8451221442222595,
        "style_lpips": 0.7750740604639053,
        "content_lpips": 0.4296760183572769
      },
      "vangogh": {
        "count": 50,
        "clip_style": 0.7026097384452819,
        "clip_content": 0.8587082636356353,
        "style_lpips": 0.7259549005866048,
        "content_lpips": 0.4206101471185684
      },
      "cezanne": {
        "count": 50,
        "clip_style": 0.6787444603204728,
        "clip_content": 0.8572222459316253,
        "style_lpips": 0.72115531270504,
        "content_lpips": 0.41739981710910795
      }
    },
    "cezanne": {
      "monet": {
        "count": 50,
        "clip_style": 0.6656285102844238,
        "clip_content": 0.8398278200626373,
        "style_lpips": 0.7183732420682907,
        "content_lpips": 0.41724390268325806
      },
      "photo": {
        "count": 50,
        "clip_style": 0.5295771161556243,
        "clip_content": 0.8352148246765136,
        "style_lpips": 0.7538993314743042,
        "content_lpips": 0.421999346613884
      },
      "vangogh": {
        "count": 50,
        "clip_style": 0.6669820442676544,
        "clip_content": 0.8435703468322754,
        "style_lpips": 0.7578969426870346,
        "content_lpips": 0.41789899885654447
      },
      "cezanne": {
        "count": 50,
        "clip_style": 0.6815491589903832,
        "clip_content": 0.8379195308685303,
        "style_lpips": 0.7080932280540467,
        "content_lpips": 0.41801247239112854
      }
    }
  },
  "analysis": {
    "style_transfer_ability": {
      "clip_style": 0.6156179954409599,
      "clip_content": 0.835339054564635,
      "note": "Metrics for Off-Diagonal pairs (Source != Target)"
    },
    "identity_reconstruction": {
      "clip_content": 0.8415964576601982,
      "note": "Metrics for Diagonal pairs (Source == Target)"
    },
    "photo_to_art_performance": {
      "clip_style": 0.5565584595044454,
      "valid": true
    }
  },
  "target_style_ranking": {
    "monet": 0.6662815866619348,
    "photo": 0.5647838603138924,
    "vangogh": 0.6538611615806817,
    "cezanne": 0.6437771233618259
  }
}