{
  "checkpoint": "/mnt/i/Github/Latent_Style/Cycle-NCE/style_ablation-50/baseline_50e/epoch_0050.pt",
  "timestamp": "2026-02-14 18:19:12",
  "matrix_breakdown": {
    "photo": {
      "photo": {
        "count": 50,
        "clip_style": 0.0,
        "style_lpips": 0.7360974550247192,
        "content_lpips": 0.42139905219999996,
        "clip_content": 0.0,
        "classifier_acc": 0.92
      },
      "Hayao": {
        "count": 50,
        "clip_style": 0.0,
        "style_lpips": 0.7363787698745727,
        "content_lpips": 0.47518152779999995,
        "clip_content": 0.0,
        "classifier_acc": 0.16
      }
    },
    "Hayao": {
      "photo": {
        "count": 50,
        "clip_style": 0.0,
        "style_lpips": 0.765680284500122,
        "content_lpips": 0.3661263044,
        "clip_content": 0.0,
        "classifier_acc": 0.08
      },
      "Hayao": {
        "count": 50,
        "clip_style": 0.0,
        "style_lpips": 0.7114096426963806,
        "content_lpips": 0.3097078686,
        "clip_content": 0.0,
        "classifier_acc": 0.92
      }
    }
  },
  "analysis": {
    "style_transfer_ability": {
      "clip_style": 0.0,
      "content_lpips": 0.42065391609999997,
      "classifier_acc": 0.12
    },
    "photo_to_art_performance": {
      "clip_style": 0.0,
      "valid": true,
      "classifier_acc": 0.16
    }
  },
  "classification_report": {
    "Hayao": {
      "precision": 0.5192307692307693,
      "recall": 0.54,
      "f1-score": 0.5294117647058824,
      "support": 100.0
    },
    "photo": {
      "precision": 0.5208333333333334,
      "recall": 0.5,
      "f1-score": 0.5102040816326531,
      "support": 100.0
    },
    "accuracy": 0.52,
    "macro avg": {
      "precision": 0.5200320512820513,
      "recall": 0.52,
      "f1-score": 0.5198079231692677,
      "support": 200.0
    },
    "weighted avg": {
      "precision": 0.5200320512820513,
      "recall": 0.52,
      "f1-score": 0.5198079231692677,
      "support": 200.0
    }
  },
  "detailed_style_metrics": {
    "Hayao": {
      "precision": 0.5192307692307693,
      "recall": 0.54,
      "f1_score": 0.5294117647058824,
      "support": 100
    },
    "photo": {
      "precision": 0.5208333333333334,
      "recall": 0.5,
      "f1_score": 0.5102040816326531,
      "support": 100
    }
  }
}