{
  "checkpoint": "..\\exp_B_capacity\\epoch_0060.pt",
  "timestamp": "2026-02-26 02:14:46",
  "metrics_note": {
    "clip_dir": "cos( CLIP(gen)-CLIP(src), CLIP(target_style_proto)-CLIP(src) ) - Measures edit direction.",
    "clip_style": "cos( CLIP(gen), CLIP(target_style_proto) ) - Measures absolute style similarity.",
    "fid_baseline": "FID between source-domain images and target-style references.",
    "fid": "FID between generated images and target-style real references (Inception features).",
    "delta_fid": "fid_baseline - fid (higher is better).",
    "delta_fid_ratio": "delta_fid / fid_baseline (relative improvement ratio).",
    "art_fid": "computed as (1 + fid_style) * (1 + content_lpips)"
  },
  "matrix_breakdown": {
    "photo": {
      "photo": {
        "count": 30,
        "clip_dir": 0.3824026862780253,
        "clip_style": 0.8007142980893452,
        "style_lpips": 0.7455080370108287,
        "content_lpips": 0.33022785000000004,
        "clip_content": 0.8882736740000001,
        "fid_style": null,
        "art_fid": null,
        "fid_baseline": null,
        "delta_fid": null,
        "delta_fid_ratio": null,
        "classifier_acc": null
      },
      "Hayao": {
        "count": 30,
        "clip_dir": 0.49677217404047647,
        "clip_style": 0.6114152669906616,
        "style_lpips": 0.7502065002918243,
        "content_lpips": 0.435994838,
        "clip_content": 0.8311764606666666,
        "fid_style": 326.39813292630504,
        "art_fid": 470.1420288530119,
        "fid_baseline": 334.729000932728,
        "delta_fid": 8.330868006422975,
        "delta_fid_ratio": 0.024888396234592373,
        "classifier_acc": null
      },
      "monet": {
        "count": 30,
        "clip_dir": 0.3740338861942291,
        "clip_style": 0.6329942444960276,
        "style_lpips": 0.7414674480756124,
        "content_lpips": 0.3426041046666667,
        "clip_content": 0.8801517236666665,
        "fid_style": 223.44374626937093,
        "art_fid": 301.3390950080213,
        "fid_baseline": 237.55478896111822,
        "delta_fid": 14.111042691747286,
        "delta_fid_ratio": 0.059401213309393276,
        "classifier_acc": null
      },
      "vangogh": {
        "count": 30,
        "clip_dir": 0.4827211519082387,
        "clip_style": 0.6686409533023834,
        "style_lpips": 0.7972212672233582,
        "content_lpips": 0.46874072699999997,
        "clip_content": 0.8418839316666666,
        "fid_style": 313.4647002014891,
        "art_fid": 461.86711238977216,
        "fid_baseline": 313.3414404549672,
        "delta_fid": -0.12325974652191007,
        "delta_fid_ratio": -0.00039337199172550787,
        "classifier_acc": null
      },
      "cezanne": {
        "count": 30,
        "clip_dir": 0.4192432890335719,
        "clip_style": 0.6202122926712036,
        "style_lpips": 0.7529544254144033,
        "content_lpips": 0.38051124633333333,
        "clip_content": 0.8697935736666668,
        "fid_style": 301.9705059971882,
        "art_fid": 418.2541908364189,
        "fid_baseline": 317.94764662800304,
        "delta_fid": 15.977140630814858,
        "delta_fid_ratio": 0.05025085356114626,
        "classifier_acc": null
      }
    },
    "Hayao": {
      "photo": {
        "count": 30,
        "clip_dir": 0.2755870113770167,
        "clip_style": 0.541993205746015,
        "style_lpips": 0.7754722098509471,
        "content_lpips": 0.33542885699999997,
        "clip_content": 0.9110034106666666,
        "fid_style": null,
        "art_fid": null,
        "fid_baseline": null,
        "delta_fid": null,
        "delta_fid_ratio": null,
        "classifier_acc": null
      },
      "Hayao": {
        "count": 30,
        "clip_dir": 0.3240194272249937,
        "clip_style": 0.8565525492032369,
        "style_lpips": 0.7285483340422313,
        "content_lpips": 0.220297054,
        "clip_content": 0.9326969533333334,
        "fid_style": null,
        "art_fid": null,
        "fid_baseline": null,
        "delta_fid": null,
        "delta_fid_ratio": null,
        "classifier_acc": null
      },
      "monet": {
        "count": 30,
        "clip_dir": 0.23070036886880796,
        "clip_style": 0.4751577576001485,
        "style_lpips": 0.7836235344409943,
        "content_lpips": 0.33066171766666674,
        "clip_content": 0.9129051646666668,
        "fid_style": null,
        "art_fid": null,
        "fid_baseline": null,
        "delta_fid": null,
        "delta_fid_ratio": null,
        "classifier_acc": null
      },
      "vangogh": {
        "count": 30,
        "clip_dir": 0.34629706690708795,
        "clip_style": 0.5803930819034576,
        "style_lpips": 0.8036994119485219,
        "content_lpips": 0.3680192446666668,
        "clip_content": 0.8869674436666668,
        "fid_style": null,
        "art_fid": null,
        "fid_baseline": null,
        "delta_fid": null,
        "delta_fid_ratio": null,
        "classifier_acc": null
      },
      "cezanne": {
        "count": 30,
        "clip_dir": 0.26788705388704936,
        "clip_style": 0.5269835084676743,
        "style_lpips": 0.7663100838661194,
        "content_lpips": 0.3403864193333333,
        "clip_content": 0.9085520796666667,
        "fid_style": null,
        "art_fid": null,
        "fid_baseline": null,
        "delta_fid": null,
        "delta_fid_ratio": null,
        "classifier_acc": null
      }
    },
    "monet": {
      "photo": {
        "count": 30,
        "clip_dir": 0.4874356210231781,
        "clip_style": 0.7188594778378804,
        "style_lpips": 0.7505655984083811,
        "content_lpips": 0.3810983146666667,
        "clip_content": 0.8616679623333333,
        "fid_style": null,
        "art_fid": null,
        "fid_baseline": null,
        "delta_fid": null,
        "delta_fid_ratio": null,
        "classifier_acc": null
      },
      "Hayao": {
        "count": 30,
        "clip_dir": 0.5137322217226028,
        "clip_style": 0.616669750213623,
        "style_lpips": 0.7515767216682434,
        "content_lpips": 0.4547188126666667,
        "clip_content": 0.819104459,
        "fid_style": null,
        "art_fid": null,
        "fid_baseline": null,
        "delta_fid": null,
        "delta_fid_ratio": null,
        "classifier_acc": null
      },
      "monet": {
        "count": 30,
        "clip_dir": 0.31172764375805856,
        "clip_style": 0.8259970903396606,
        "style_lpips": 0.7011590937773386,
        "content_lpips": 0.3602420163333333,
        "clip_content": 0.881194523,
        "fid_style": null,
        "art_fid": null,
        "fid_baseline": null,
        "delta_fid": null,
        "delta_fid_ratio": null,
        "classifier_acc": null
      },
      "vangogh": {
        "count": 30,
        "clip_dir": 0.391569218536218,
        "clip_style": 0.7904463787873586,
        "style_lpips": 0.7695834775765736,
        "content_lpips": 0.439535322,
        "clip_content": 0.8328437316666667,
        "fid_style": null,
        "art_fid": null,
        "fid_baseline": null,
        "delta_fid": null,
        "delta_fid_ratio": null,
        "classifier_acc": null
      },
      "cezanne": {
        "count": 30,
        "clip_dir": 0.3457102835178375,
        "clip_style": 0.7876694480578105,
        "style_lpips": 0.7276880979537964,
        "content_lpips": 0.3743798366666667,
        "clip_content": 0.8705018456666667,
        "fid_style": null,
        "art_fid": null,
        "fid_baseline": null,
        "delta_fid": null,
        "delta_fid_ratio": null,
        "classifier_acc": null
      }
    },
    "vangogh": {
      "photo": {
        "count": 30,
        "clip_dir": 0.4766831859946251,
        "clip_style": 0.6913600941499074,
        "style_lpips": 0.7496967355410258,
        "content_lpips": 0.4374896136666668,
        "clip_content": 0.8276295410000001,
        "fid_style": null,
        "art_fid": null,
        "fid_baseline": null,
        "delta_fid": null,
        "delta_fid_ratio": null,