{
  "checkpoint": "G:\\GitHub\\Latent_Style\\Cycle-NCE\\ssim-optun-nce\\trial_0221\\epoch_0001.pt",
  "timestamp": "2026-02-20 12:49:05",
  "matrix_breakdown": {
    "photo": {
      "photo": {
        "count": 10,
        "style_swd": 1.894630604982376,
        "content_ssim": 0.323378273,
        "classifier_acc": null
      },
      "Hayao": {
        "count": 10,
        "style_swd": 2.5478493511676787,
        "content_ssim": 0.32517375,
        "classifier_acc": null
      },
      "monet": {
        "count": 10,
        "style_swd": 1.1403194963932037,
        "content_ssim": 0.309661439,
        "classifier_acc": null
      },
      "cezanne": {
        "count": 10,
        "style_swd": 1.107562893629074,
        "content_ssim": 0.233457692,
        "classifier_acc": null
      },
      "vangogh": {
        "count": 10,
        "style_swd": 2.283396142721176,
        "content_ssim": 0.29903008,
        "classifier_acc": null
      }
    },
    "Hayao": {
      "photo": {
        "count": 10,
        "style_swd": 1.8819878160953523,
        "content_ssim": 0.504172157,
        "classifier_acc": null
      },
      "Hayao": {
        "count": 10,
        "style_swd": 2.2325409829616545,
        "content_ssim": 0.528548612,
        "classifier_acc": null
      },
      "monet": {
        "count": 10,
        "style_swd": 1.1603795498609544,
        "content_ssim": 0.5283573500000001,
        "classifier_acc": null
      },
      "cezanne": {
        "count": 10,
        "style_swd": 1.059267994761467,
        "content_ssim": 0.35970271499999995,
        "classifier_acc": null
      },
      "vangogh": {
        "count": 10,
        "style_swd": 2.1832879304885866,
        "content_ssim": 0.510358345,
        "classifier_acc": null
      }
    },
    "monet": {
      "photo": {
        "count": 10,
        "style_swd": 1.9045130431652069,
        "content_ssim": 0.352847032,
        "classifier_acc": null
      },
      "Hayao": {
        "count": 10,
        "style_swd": 2.6781593799591064,
        "content_ssim": 0.38460806900000005,
        "classifier_acc": null
      },
      "monet": {
        "count": 10,
        "style_swd": 1.0908786237239838,
        "content_ssim": 0.32062076500000003,
        "classifier_acc": null
      },
      "cezanne": {
        "count": 10,
        "style_swd": 1.0193281888961792,
        "content_ssim": 0.20896694799999999,
        "classifier_acc": null
      },
      "vangogh": {
        "count": 10,
        "style_swd": 2.240440309047699,
        "content_ssim": 0.31183208,
        "classifier_acc": null
      }
    },
    "cezanne": {
      "photo": {
        "count": 10,
        "style_swd": 1.8857463717460632,
        "content_ssim": 0.39387335100000004,
        "classifier_acc": null
      },
      "Hayao": {
        "count": 10,
        "style_swd": 2.3667602241039276,
        "content_ssim": 0.460839868,
        "classifier_acc": null
      },
      "monet": {
        "count": 10,
        "style_swd": 1.137653198838234,
        "content_ssim": 0.393225035,
        "classifier_acc": null
      },
      "cezanne": {
        "count": 10,
        "style_swd": 0.9789719492197037,
        "content_ssim": 0.275996245,
        "classifier_acc": null
      },
      "vangogh": {
        "count": 10,
        "style_swd": 2.1674087941646576,
        "content_ssim": 0.407831091,
        "classifier_acc": null
      }
    },
    "vangogh": {
      "photo": {
        "count": 10,
        "style_swd": 1.8973933219909669,
        "content_ssim": 0.31545205299999995,
        "classifier_acc": null
      },
      "Hayao": {
        "count": 10,
        "style_swd": 1.9984200179576874,
        "content_ssim": 0.39245663000000003,
        "classifier_acc": null
      },
      "monet": {
        "count": 10,
        "style_swd": 1.1916179656982422,
        "content_ssim": 0.30661899600000003,
        "classifier_acc": null
      },
      "cezanne": {
        "count": 10,
        "style_swd": 1.2051686733961104,
        "content_ssim": 0.20785139900000002,
        "classifier_acc": null
      },
      "vangogh": {
        "count": 10,
        "style_swd": 1.9576529920101167,
        "content_ssim": 0.298290059,
        "classifier_acc": null
      }
    }
  },
  "analysis": {
    "style_transfer_ability": {
      "style_swd": 1.7528330332040785,
      "content_ssim": 0.36031580399999996,
      "classifier_acc": 0.0
    },
    "photo_to_art_performance": {
      "style_swd": 1.7697819709777831,
      "valid": true,
      "classifier_acc": 0.0
    }
  },
  "classification_report": null,
  "detailed_style_metrics": {}
}