{
  "checkpoint": "/mnt/g/GitHub/Latent_Style/Cycle-NCE/style_ablation-50/bundle_style_losses_off/epoch_0050.pt",
  "timestamp": "2026-02-14 16:50:19",
  "matrix_breakdown": {
    "photo": {
      "photo": {
        "count": 50,
        "clip_style": 0.6349173837900162,
        "style_lpips": 0.7525596129894256,
        "content_lpips": 0.2900704544,
        "clip_content": 0.9037625288,
        "classifier_acc": 0.96
      },
      "Hayao": {
        "count": 50,
        "clip_style": 0.4736946415901184,
        "style_lpips": 0.7974709248542786,
        "content_lpips": 0.29005541360000003,
        "clip_content": 0.9037482386,
        "classifier_acc": 0.04
      }
    },
    "Hayao": {
      "photo": {
        "count": 50,
        "clip_style": 0.4091571146249771,
        "style_lpips": 0.8046341788768768,
        "content_lpips": 0.19778939380000002,
        "clip_content": 0.9443977169999997,
        "classifier_acc": 0.08
      },
      "Hayao": {
        "count": 50,
        "clip_style": 0.7195792889595032,
        "style_lpips": 0.7285231411457062,
        "content_lpips": 0.19778448200000004,
        "clip_content": 0.9447941280000001,
        "classifier_acc": 0.92
      }
    }
  },
  "analysis": {
    "style_transfer_ability": {
      "clip_style": 0.44142587810754774,
      "content_lpips": 0.2439224037,
      "classifier_acc": 0.06
    },
    "photo_to_art_performance": {
      "clip_style": 0.4736946415901184,
      "valid": true,
      "classifier_acc": 0.04
    }
  },
  "classification_report": {
    "Hayao": {
      "precision": 0.5,
      "recall": 0.48,
      "f1-score": 0.4897959183673469,
      "support": 100.0
    },
    "photo": {
      "precision": 0.5,
      "recall": 0.52,
      "f1-score": 0.5098039215686274,
      "support": 100.0
    },
    "accuracy": 0.5,
    "macro avg": {
      "precision": 0.5,
      "recall": 0.5,
      "f1-score": 0.49979991996798717,
      "support": 200.0
    },
    "weighted avg": {
      "precision": 0.5,
      "recall": 0.5,
      "f1-score": 0.49979991996798717,
      "support": 200.0
    }
  },
  "detailed_style_metrics": {
    "Hayao": {
      "precision": 0.5,
      "recall": 0.48,
      "f1_score": 0.4897959183673469,
      "support": 100
    },
    "photo": {
      "precision": 0.5,
      "recall": 0.52,
      "f1_score": 0.5098039215686274,
      "support": 100
    }
  }
}