{
  "checkpoint": "..\\spatial-adagn-expC-reg\\epoch_0040.pt",
  "timestamp": "2026-02-25 04:42:46",
  "metrics_note": {
    "clip_dir": "cos( CLIP(gen)-CLIP(src), CLIP(target_style_proto)-CLIP(src) ) - Measures edit direction.",
    "clip_style": "cos( CLIP(gen), CLIP(target_style_proto) ) - Measures absolute style similarity.",
    "fid_baseline": "FID between source-domain images and target-style references.",
    "fid": "FID between generated images and target-style real references (Inception features).",
    "delta_fid": "fid_baseline - fid (higher is better).",
    "delta_fid_ratio": "delta_fid / fid_baseline (relative improvement ratio).",
    "art_fid": "computed as (1 + fid_style) * (1 + content_lpips)"
  },
  "matrix_breakdown": {
    "photo": {
      "photo": {
        "count": 30,
        "clip_dir": 0.35433300311366717,
        "clip_style": 0.7931100368499756,
        "style_lpips": 0.7559020082155864,
        "content_lpips": 0.33854641333333346,
        "clip_content": 0.8921678306666666,
        "fid_style": null,
        "art_fid": null,
        "fid_baseline": null,
        "delta_fid": null,
        "delta_fid_ratio": null,
        "classifier_acc": null
      },
      "Hayao": {
        "count": 30,
        "clip_dir": 0.49305506646633146,
        "clip_style": 0.6097367227077484,
        "style_lpips": 0.7690532565116882,
        "content_lpips": 0.40054891466666664,
        "clip_content": 0.8509408050000002,
        "fid_style": 324.95766715374464,
        "art_fid": 456.5196569594556,
        "fid_baseline": 334.729000932728,
        "delta_fid": 9.771333778983376,
        "delta_fid_ratio": 0.02919177529211807,
        "classifier_acc": null
      },
      "monet": {
        "count": 30,
        "clip_dir": 0.2874746670325597,
        "clip_style": 0.6008092800776164,
        "style_lpips": 0.7474170247713725,
        "content_lpips": 0.32576958633333336,
        "clip_content": 0.8931782963333333,
        "fid_style": 225.86657556381,
        "art_fid": 300.7728060380923,
        "fid_baseline": 237.55478896111822,
        "delta_fid": 11.688213397308232,
        "delta_fid_ratio": 0.049202179625270785,
        "classifier_acc": null
      },
      "vangogh": {
        "count": 30,
        "clip_dir": 0.42135226527849834,
        "clip_style": 0.6444061199824015,
        "style_lpips": 0.7937946240107219,
        "content_lpips": 0.42581013533333323,
        "clip_content": 0.8649113976666666,
        "fid_style": 310.8272923375632,
        "art_fid": 444.60651388844786,
        "fid_baseline": 313.3414404549672,
        "delta_fid": 2.514148117403977,
        "delta_fid_ratio": 0.00802366936768233,
        "classifier_acc": null
      },
      "cezanne": {
        "count": 30,
        "clip_dir": 0.35939614524443947,
        "clip_style": 0.591010057926178,
        "style_lpips": 0.7640821874141693,
        "content_lpips": 0.363437946,
        "clip_content": 0.8687194620000002,
        "fid_style": 294.9330353372801,
        "art_fid": 403.4863298538066,
        "fid_baseline": 317.94764662800304,
        "delta_fid": 23.01461129072294,
        "delta_fid_ratio": 0.07238490844264656,
        "classifier_acc": null
      }
    },
    "Hayao": {
      "photo": {
        "count": 30,
        "clip_dir": 0.17526927193005878,
        "clip_style": 0.5100458910067877,
        "style_lpips": 0.7904643058776856,
        "content_lpips": 0.3169531416666667,
        "clip_content": 0.9322655983333331,
        "fid_style": null,
        "art_fid": null,
        "fid_baseline": null,
        "delta_fid": null,
        "delta_fid_ratio": null,
        "classifier_acc": null
      },
      "Hayao": {
        "count": 30,
        "clip_dir": 0.3110525069137414,
        "clip_style": 0.8549538254737854,
        "style_lpips": 0.741474046309789,
        "content_lpips": 0.2200906445333333,
        "clip_content": 0.934958458,
        "fid_style": null,
        "art_fid": null,
        "fid_baseline": null,
        "delta_fid": null,
        "delta_fid_ratio": null,
        "classifier_acc": null
      },
      "monet": {
        "count": 30,
        "clip_dir": 0.14491591546684504,
        "clip_style": 0.4468228538831075,
        "style_lpips": 0.7770111401875813,
        "content_lpips": 0.2984260043333334,
        "clip_content": 0.92969587,
        "fid_style": null,
        "art_fid": null,
        "fid_baseline": null,
        "delta_fid": null,
        "delta_fid_ratio": null,
        "classifier_acc": null
      },
      "vangogh": {
        "count": 30,
        "clip_dir": 0.2313257577518622,
        "clip_style": 0.5480399151643117,
        "style_lpips": 0.7966993927955628,
        "content_lpips": 0.2609783883333333,
        "clip_content": 0.9317283163333335,
        "fid_style": null,
        "art_fid": null,
        "fid_baseline": null,
        "delta_fid": null,
        "delta_fid_ratio": null,
        "classifier_acc": null
      },
      "cezanne": {
        "count": 30,
        "clip_dir": 0.12046241828550895,
        "clip_style": 0.4832780957221985,
        "style_lpips": 0.7741424103577932,
        "content_lpips": 0.22318481383333333,
        "clip_content": 0.9377053209999999,
        "fid_style": null,
        "art_fid": null,
        "fid_baseline": null,
        "delta_fid": null,
        "delta_fid_ratio": null,
        "classifier_acc": null
      }
    },
    "monet": {
      "photo": {
        "count": 30,
        "clip_dir": 0.4214683329065641,
        "clip_style": 0.6985272487004598,
        "style_lpips": 0.759445716937383,
        "content_lpips": 0.386640398,
        "clip_content": 0.8900913506666667,
        "fid_style": null,
        "art_fid": null,
        "fid_baseline": null,
        "delta_fid": null,
        "delta_fid_ratio": null,
        "classifier_acc": null
      },
      "Hayao": {
        "count": 30,
        "clip_dir": 0.4873020132382711,
        "clip_style": 0.6060195922851562,
        "style_lpips": 0.7720791598161062,
        "content_lpips": 0.4155603386666666,
        "clip_content": 0.8661517333333334,
        "fid_style": null,
        "art_fid": null,
        "fid_baseline": null,
        "delta_fid": null,
        "delta_fid_ratio": null,
        "classifier_acc": null
      },
      "monet": {
        "count": 30,
        "clip_dir": 0.2921599470078945,
        "clip_style": 0.830585257212321,
        "style_lpips": 0.7056230525175731,
        "content_lpips": 0.363108587,
        "clip_content": 0.8955610676666667,
        "fid_style": null,
        "art_fid": null,
        "fid_baseline": null,
        "delta_fid": null,
        "delta_fid_ratio": null,
        "classifier_acc": null
      },
      "vangogh": {
        "count": 30,
        "clip_dir": 0.35507117162148155,
        "clip_style": 0.8042332828044891,
        "style_lpips": 0.7669976274172465,
        "content_lpips": 0.38931760099999996,
        "clip_content": 0.88166997,
        "fid_style": null,
        "art_fid": null,
        "fid_baseline": null,
        "delta_fid": null,
        "delta_fid_ratio": null,
        "classifier_acc": null
      },
      "cezanne": {
        "count": 30,
        "clip_dir": 0.3177006353934606,
        "clip_style": 0.7874660313129425,
        "style_lpips": 0.7369360705216725,
        "content_lpips": 0.36622997166666676,
        "clip_content": 0.8864671693333332,
        "fid_style": null,
        "art_fid": null,
        "fid_baseline": null,
        "delta_fid": null,
        "delta_fid_ratio": null,
        "classifier_acc": null
      }
    },
    "vangogh": {
      "photo": {
        "count": 30,
        "clip_dir": 0.3949311395486196,
        "clip_style": 0.6664913137753804,
        "style_lpips": 0.7625659545262654,
        "content_lpips": 0.391476019,
        "clip_content": 0.8795146640000001,
        "fid_style": null,
        "art_fid": null,
        "fid_baseline": null,
        "delta_fid": null,
        "delta_fid_ratio": null,