{
  "checkpoint": "../overfit50-style-distill-struct-v3/epoch_0020.pt",
  "timestamp": "2026-02-10 12:13:28",
  "matrix_breakdown": {
    "photo": {
      "photo": {
        "count": 50,
        "clip_style": 0.5998068225383758,
        "style_lpips": 0.751322454214096,
        "content_lpips": 0.5128927196,
        "clip_content": 0.7064211826000001,
        "classifier_acc": 1.0
      },
      "Hayao": {
        "count": 50,
        "clip_style": 0.5295738726854324,
        "style_lpips": 0.750458562374115,
        "content_lpips": 0.4936248056,
        "clip_content": 0.7157783968000002,
        "classifier_acc": 0.36
      }
    },
    "Hayao": {
      "photo": {
        "count": 50,
        "clip_style": 0.5033371984958649,
        "style_lpips": 0.7678110158443451,
        "content_lpips": 0.5274396078,
        "clip_content": 0.7061647606,
        "classifier_acc": 0.98
      },
      "Hayao": {
        "count": 50,
        "clip_style": 0.6749619019031524,
        "style_lpips": 0.7178555488586426,
        "content_lpips": 0.33094253439999993,
        "clip_content": 0.8259754340000001,
        "classifier_acc": 0.98
      }
    }
  },
  "analysis": {
    "style_transfer_ability": {
      "clip_style": 0.5164555355906486,
      "content_lpips": 0.5105322067,
      "classifier_acc": 0.6699999999999999
    },
    "photo_to_art_performance": {
      "clip_style": 0.5295738726854324,
      "valid": true,
      "classifier_acc": 0.36
    }
  },
  "classification_report": {
    "Hayao": {
      "precision": 0.9852941176470589,
      "recall": 0.67,
      "f1-score": 0.7976190476190477,
      "support": 100.0
    },
    "photo": {
      "precision": 0.75,
      "recall": 0.99,
      "f1-score": 0.853448275862069,
      "support": 100.0
    },
    "accuracy": 0.83,
    "macro avg": {
      "precision": 0.8676470588235294,
      "recall": 0.8300000000000001,
      "f1-score": 0.8255336617405583,
      "support": 200.0
    },
    "weighted avg": {
      "precision": 0.8676470588235294,
      "recall": 0.83,
      "f1-score": 0.8255336617405584,
      "support": 200.0
    }
  },
  "detailed_style_metrics": {
    "Hayao": {
      "precision": 0.9852941176470589,
      "recall": 0.67,
      "f1_score": 0.7976190476190477,
      "support": 100
    },
    "photo": {
      "precision": 0.75,
      "recall": 0.99,
      "f1_score": 0.853448275862069,
      "support": 100
    }
  }
}