epoch,loss,swd,moment,nce,idt,lr,epoch_time_sec
1,66.07759002844493,0.1379852294921875,0.39328098700692254,4.5787723660469055,0.5123617959519228,0.00025,174.9084792137146
