epoch,loss,swd,moment,nce,idt,lr,epoch_time_sec
1,64.2599823474884,0.126220703125,0.38783266115933657,4.533639748891194,0.4841168060277899,0.00015,174.85451936721802
