{
  "checkpoint": "../stage_weight/epoch_0150.pt",
  "timestamp": "2026-01-31 03:00:12",
  "matrix_breakdown": {
    "monet": {
      "monet": {
        "count": 30,
        "clip_style": 0.6633266510963439,
        "style_lpips": 0.7183258903423944,
        "content_lpips": 0.596274596452713,
        "clip_content": 0.6965687215328217
      },
      "photo": {
        "count": 30,
        "clip_style": 0.5720574495196344,
        "style_lpips": 0.7696962341070175,
        "content_lpips": 0.6081355035305023,
        "clip_content": 0.7109972218672435
      },
      "vangogh": {
        "count": 30,
        "clip_style": 0.6573838663895926,
        "style_lpips": 0.762102091193199,
        "content_lpips": 0.6092438638210297,
        "clip_content": 0.6826460103193919
      },
      "cezanne": {
        "count": 30,
        "clip_style": 0.6117417414188385,
        "style_lpips": 0.7364393790562948,
        "content_lpips": 0.6081212123235067,
        "clip_content": 0.6681377559900283
      }
    },
    "photo": {
      "monet": {
        "count": 30,
        "clip_style": 0.5999017893870672,
        "style_lpips": 0.7278138275543848,
        "content_lpips": 0.6330110331376394,
        "clip_content": 0.6316689014434814
      },
      "photo": {
        "count": 30,
        "clip_style": 0.6001735291282336,
        "style_lpips": 0.7564753624598185,
        "content_lpips": 0.5298987408479054,
        "clip_content": 0.679582953453064
      },
      "vangogh": {
        "count": 30,
        "clip_style": 0.6184322036703429,
        "style_lpips": 0.7661908016999561,
        "content_lpips": 0.6437125921249389,
        "clip_content": 0.6268274694681167
      },
      "cezanne": {
        "count": 30,
        "clip_style": 0.573046394586563,
        "style_lpips": 0.7357207717498144,
        "content_lpips": 0.6329659601052602,
        "clip_content": 0.6141178131103515
      }
    },
    "vangogh": {
      "monet": {
        "count": 30,
        "clip_style": 0.6457541107535362,
        "style_lpips": 0.7284835981925328,
        "content_lpips": 0.5974081377188365,
        "clip_content": 0.7167449533939362
      },
      "photo": {
        "count": 30,
        "clip_style": 0.5666168570717177,
        "style_lpips": 0.797392999649048,
        "content_lpips": 0.6418421069780985,
        "clip_content": 0.6885003725687663
      },
      "vangogh": {
        "count": 30,
        "clip_style": 0.6651434701681137,
        "style_lpips": 0.7464340229829152,
        "content_lpips": 0.6035676598548889,
        "clip_content": 0.7147265533606212
      },
      "cezanne": {
        "count": 30,
        "clip_style": 0.6374722285072009,
        "style_lpips": 0.7402720234394073,
        "content_lpips": 0.6025593380133311,
        "clip_content": 0.7218982577323914
      }
    },
    "cezanne": {
      "monet": {
        "count": 30,
        "clip_style": 0.6246266797582307,
        "style_lpips": 0.7288696287473042,
        "content_lpips": 0.5919344782829284,
        "clip_content": 0.6627005716164907
      },
      "photo": {
        "count": 30,
        "clip_style": 0.5596926211714746,
        "style_lpips": 0.7721619723240533,
        "content_lpips": 0.6285884002844493,
        "clip_content": 0.6838508069515228
      },
      "vangogh": {
        "count": 30,
        "clip_style": 0.6426444498697916,
        "style_lpips": 0.7606804106235503,
        "content_lpips": 0.6023733655611674,
        "clip_content": 0.6638011713822682
      },
      "cezanne": {
        "count": 30,
        "clip_style": 0.6171842588980992,
        "style_lpips": 0.7312055627504984,
        "content_lpips": 0.597014170885086,
        "clip_content": 0.6535906811555227
      }
    }
  },
  "analysis": {
    "style_transfer_ability": {
      "clip_style": 0.6091141993419992,
      "content_lpips": 0.6166579993234739
    },
    "photo_to_art_performance": {
      "clip_style": 0.5971267958813243,
      "valid": true
    }
  }
}