{
  "checkpoint": "../stage_weight/epoch_0300.pt",
  "timestamp": "2026-01-31 06:36:28",
  "matrix_breakdown": {
    "monet": {
      "monet": {
        "count": 30,
        "clip_style": 0.6745249651273093,
        "style_lpips": 0.7102555079460142,
        "content_lpips": 0.5689421633879344,
        "clip_content": 0.7151764353116353
      },
      "photo": {
        "count": 30,
        "clip_style": 0.5723548589944839,
        "style_lpips": 0.7642965329488118,
        "content_lpips": 0.5955772658189138,
        "clip_content": 0.7278716584046682
      },
      "vangogh": {
        "count": 30,
        "clip_style": 0.663409555077553,
        "style_lpips": 0.758661085089048,
        "content_lpips": 0.5865899900595347,
        "clip_content": 0.7135108431180318
      },
      "cezanne": {
        "count": 30,
        "clip_style": 0.6377451696793238,
        "style_lpips": 0.729631234804789,
        "content_lpips": 0.5828853368759155,
        "clip_content": 0.7092055519421895
      }
    },
    "photo": {
      "monet": {
        "count": 30,
        "clip_style": 0.613361270328363,
        "style_lpips": 0.7245299464861551,
        "content_lpips": 0.5990928689638774,
        "clip_content": 0.6592439323663711
      },
      "photo": {
        "count": 30,
        "clip_style": 0.5952295971711477,
        "style_lpips": 0.7546779336531958,
        "content_lpips": 0.5325326542059581,
        "clip_content": 0.6762484828631083
      },
      "vangogh": {
        "count": 30,
        "clip_style": 0.6166663962602617,
        "style_lpips": 0.7656536877950032,
        "content_lpips": 0.6105565627415975,
        "clip_content": 0.6390346546967824
      },
      "cezanne": {
        "count": 30,
        "clip_style": 0.5833228479027748,
        "style_lpips": 0.7349157679875692,
        "content_lpips": 0.6052281300226847,
        "clip_content": 0.6373117307821909
      }
    },
    "vangogh": {
      "monet": {
        "count": 30,
        "clip_style": 0.6577522248625755,
        "style_lpips": 0.7266419738531111,
        "content_lpips": 0.5721280008554459,
        "clip_content": 0.7365703225135803
      },
      "photo": {
        "count": 30,
        "clip_style": 0.5646290772358575,
        "style_lpips": 0.7968932474454244,
        "content_lpips": 0.6279142965873082,
        "clip_content": 0.700235786040624
      },
      "vangogh": {
        "count": 30,
        "clip_style": 0.6700553003549575,
        "style_lpips": 0.7401660956343014,
        "content_lpips": 0.5810673942168554,
        "clip_content": 0.732916651169459
      },
      "cezanne": {
        "count": 30,
        "clip_style": 0.6379527766903241,
        "style_lpips": 0.7340334161520002,
        "content_lpips": 0.5845107118288676,
        "clip_content": 0.7253228982289632
      }
    },
    "cezanne": {
      "monet": {
        "count": 30,
        "clip_style": 0.6447584874629976,
        "style_lpips": 0.7253547994295755,
        "content_lpips": 0.5657663702964782,
        "clip_content": 0.6873061736424764
      },
      "photo": {
        "count": 30,
        "clip_style": 0.5535054307778676,
        "style_lpips": 0.770489274541537,
        "content_lpips": 0.6122332533200582,
        "clip_content": 0.7031176904837291
      },
      "vangogh": {
        "count": 30,
        "clip_style": 0.6507046141227089,
        "style_lpips": 0.7583251422246299,
        "content_lpips": 0.5806245148181916,
        "clip_content": 0.681215637922287
      },
      "cezanne": {
        "count": 30,
        "clip_style": 0.6280548626581827,
        "style_lpips": 0.7244727811614673,
        "content_lpips": 0.574591001868248,
        "clip_content": 0.6690249621868134
      }
    }
  },
  "analysis": {
    "style_transfer_ability": {
      "clip_style": 0.6163468924495908,
      "content_lpips": 0.5935922751824061
    },
    "photo_to_art_performance": {
      "clip_style": 0.6044501714971331,
      "valid": true
    }
  }
}