{
  "checkpoint": "../full_strong_style/epoch_0050.pt",
  "timestamp": "2026-02-12 12:13:08",
  "matrix_breakdown": {
    "photo": {
      "photo": {
        "count": 50,
        "clip_style": 0.6207862251996994,
        "style_lpips": 0.7455046010017395,
        "content_lpips": 0.335566968,
        "clip_content": 0.8442005246000001,
        "classifier_acc": 0.96
      },
      "Hayao": {
        "count": 50,
        "clip_style": 0.5213695120811462,
        "style_lpips": 0.7706959438323975,
        "content_lpips": 0.37301910699999996,
        "clip_content": 0.8007064002000002,
        "classifier_acc": 0.12
      }
    },
    "Hayao": {
      "photo": {
        "count": 50,
        "clip_style": 0.4300220149755478,
        "style_lpips": 0.7891276693344116,
        "content_lpips": 0.2782037886,
        "clip_content": 0.9066186701999999,
        "classifier_acc": 0.1
      },
      "Hayao": {
        "count": 50,
        "clip_style": 0.7052623724937439,
        "style_lpips": 0.7222133338451385,
        "content_lpips": 0.27011560819999997,
        "clip_content": 0.8899511106000001,
        "classifier_acc": 1.0
      }
    }
  },
  "analysis": {
    "style_transfer_ability": {
      "clip_style": 0.475695763528347,
      "content_lpips": 0.32561144779999995,
      "classifier_acc": 0.11
    },
    "photo_to_art_performance": {
      "clip_style": 0.5213695120811462,
      "valid": true,
      "classifier_acc": 0.12
    }
  },
  "classification_report": {
    "Hayao": {
      "precision": 0.5436893203883495,
      "recall": 0.56,
      "f1-score": 0.5517241379310345,
      "support": 100.0
    },
    "photo": {
      "precision": 0.5463917525773195,
      "recall": 0.53,
      "f1-score": 0.5380710659898477,
      "support": 100.0
    },
    "accuracy": 0.545,
    "macro avg": {
      "precision": 0.5450405364828346,
      "recall": 0.545,
      "f1-score": 0.544897601960441,
      "support": 200.0
    },
    "weighted avg": {
      "precision": 0.5450405364828346,
      "recall": 0.545,
      "f1-score": 0.544897601960441,
      "support": 200.0
    }
  },
  "detailed_style_metrics": {
    "Hayao": {
      "precision": 0.5436893203883495,
      "recall": 0.56,
      "f1_score": 0.5517241379310345,
      "support": 100
    },
    "photo": {
      "precision": 0.5463917525773195,
      "recall": 0.53,
      "f1_score": 0.5380710659898477,
      "support": 100
    }
  }
}