{
  "checkpoint": "../400-cos_lr_ca_grad_1-30/epoch_0050.pt",
  "timestamp": "2026-01-30 19:15:05",
  "matrix_breakdown": {
    "monet": {
      "monet": {
        "count": 30,
        "clip_style": 0.6913194078803065,
        "style_lpips": 0.7075276167392731,
        "content_lpips": 0.5072928051153819,
        "clip_content": 0.7776574532190959
      },
      "photo": {
        "count": 30,
        "clip_style": 0.5931529551347097,
        "style_lpips": 0.764318905631701,
        "content_lpips": 0.5109022935231526,
        "clip_content": 0.755186386903127
      },
      "vangogh": {
        "count": 30,
        "clip_style": 0.66678981701533,
        "style_lpips": 0.756557930111885,
        "content_lpips": 0.5345265686511993,
        "clip_content": 0.75010853211085
      },
      "cezanne": {
        "count": 30,
        "clip_style": 0.6435043879548707,
        "style_lpips": 0.7311645841598511,
        "content_lpips": 0.5211550970872243,
        "clip_content": 0.7579336980978648
      }
    },
    "photo": {
      "monet": {
        "count": 30,
        "clip_style": 0.5925266629457473,
        "style_lpips": 0.7270058145523071,
        "content_lpips": 0.4940688480933507,
        "clip_content": 0.7228278776009878
      },
      "photo": {
        "count": 30,
        "clip_style": 0.6057602972586948,
        "style_lpips": 0.7376704930464426,
        "content_lpips": 0.41960026025772096,
        "clip_content": 0.7757661660512288
      },
      "vangogh": {
        "count": 30,
        "clip_style": 0.5876832360625266,
        "style_lpips": 0.7724802652200062,
        "content_lpips": 0.540082260966301,
        "clip_content": 0.6840882559617361
      },
      "cezanne": {
        "count": 30,
        "clip_style": 0.5509664344191552,
        "style_lpips": 0.7406357396841049,
        "content_lpips": 0.5051009714603424,
        "clip_content": 0.7152474780877431
      }
    },
    "vangogh": {
      "monet": {
        "count": 30,
        "clip_style": 0.6690936878323553,
        "style_lpips": 0.7276472784678141,
        "content_lpips": 0.5033446510632833,
        "clip_content": 0.7815245568752289
      },
      "photo": {
        "count": 30,
        "clip_style": 0.5832161058982214,
        "style_lpips": 0.7944339136679968,
        "content_lpips": 0.5389262864987056,
        "clip_content": 0.741555247704188
      },
      "vangogh": {
        "count": 30,
        "clip_style": 0.6754410098393759,
        "style_lpips": 0.732671655158202,
        "content_lpips": 0.5225184231996536,
        "clip_content": 0.7572824776172637
      },
      "cezanne": {
        "count": 30,
        "clip_style": 0.6562292529940605,
        "style_lpips": 0.7301796810229619,
        "content_lpips": 0.5117977301279704,
        "clip_content": 0.7744332075119018
      }
    },
    "cezanne": {
      "monet": {
        "count": 30,
        "clip_style": 0.6570890807509423,
        "style_lpips": 0.7215301900307338,
        "content_lpips": 0.49676283995310466,
        "clip_content": 0.7522382795810699
      },
      "photo": {
        "count": 30,
        "clip_style": 0.5582945332924525,
        "style_lpips": 0.7752192243337632,
        "content_lpips": 0.5111902346213658,
        "clip_content": 0.7371686200300852
      },
      "vangogh": {
        "count": 30,
        "clip_style": 0.6532126518487932,
        "style_lpips": 0.7519923103253049,
        "content_lpips": 0.5205155313014984,
        "clip_content": 0.7205317278703054
      },
      "cezanne": {
        "count": 30,
        "clip_style": 0.6521142352620761,
        "style_lpips": 0.716877581655979,
        "content_lpips": 0.49755297005176546,
        "clip_content": 0.7469729701677958
      }
    }
  },
  "analysis": {
    "style_transfer_ability": {
      "clip_style": 0.6176465671790972,
      "content_lpips": 0.5156977761122915
    },
    "photo_to_art_performance": {
      "clip_style": 0.577058777809143,
      "valid": true
    }
  }
}