{
  "checkpoint": "../overfit50-upscale-styleid-v1/epoch_0040.pt",
  "timestamp": "2026-02-08 21:06:58",
  "matrix_breakdown": {
    "photo": {
      "photo": {
        "count": 50,
        "clip_style": 0.6328579759597779,
        "style_lpips": 0.7498090529441833,
        "content_lpips": 0.3305856768,
        "clip_content": 0.8574651760000002,
        "classifier_acc": 1.0
      },
      "Hayao": {
        "count": 50,
        "clip_style": 0.5209327107667923,
        "style_lpips": 0.7894252419471741,
        "content_lpips": 0.37406142879999993,
        "clip_content": 0.8142001512,
        "classifier_acc": 0.04
      }
    },
    "Hayao": {
      "photo": {
        "count": 50,
        "clip_style": 0.4434666687250137,
        "style_lpips": 0.778325731754303,
        "content_lpips": 0.35955399559999995,
        "clip_content": 0.8648387748,
        "classifier_acc": 0.86
      },
      "Hayao": {
        "count": 50,
        "clip_style": 0.7133135211467743,
        "style_lpips": 0.7388265430927277,
        "content_lpips": 0.2277159016,
        "clip_content": 0.9299109735999999,
        "classifier_acc": 0.64
      }
    }
  },
  "analysis": {
    "style_transfer_ability": {
      "clip_style": 0.482199689745903,
      "content_lpips": 0.36680771219999997,
      "classifier_acc": 0.45
    },
    "photo_to_art_performance": {
      "clip_style": 0.5209327107667923,
      "valid": true,
      "classifier_acc": 0.04
    }
  },
  "classification_report": {
    "Hayao": {
      "precision": 0.8292682926829268,
      "recall": 0.34,
      "f1-score": 0.48226950354609927,
      "support": 100.0
    },
    "photo": {
      "precision": 0.5849056603773585,
      "recall": 0.93,
      "f1-score": 0.7181467181467182,
      "support": 100.0
    },
    "accuracy": 0.635,
    "macro avg": {
      "precision": 0.7070869765301426,
      "recall": 0.635,
      "f1-score": 0.6002081108464087,
      "support": 200.0
    },
    "weighted avg": {
      "precision": 0.7070869765301427,
      "recall": 0.635,
      "f1-score": 0.6002081108464087,
      "support": 200.0
    }
  },
  "detailed_style_metrics": {
    "Hayao": {
      "precision": 0.8292682926829268,
      "recall": 0.34,
      "f1_score": 0.48226950354609927,
      "support": 100
    },
    "photo": {
      "precision": 0.5849056603773585,
      "recall": 0.93,
      "f1_score": 0.7181467181467182,
      "support": 100
    }
  }
}