{
  "checkpoint": "../overfit50-upscale-balance-v2-re-0.1cycle/epoch_0080.pt",
  "timestamp": "2026-02-09 20:33:11",
  "matrix_breakdown": {
    "photo": {
      "photo": {
        "count": 50,
        "clip_style": 0.6165246844291687,
        "style_lpips": 0.7631051421165467,
        "content_lpips": 0.49350209240000004,
        "clip_content": 0.7245328254000001,
        "classifier_acc": 0.82
      },
      "Hayao": {
        "count": 50,
        "clip_style": 0.5433711606264114,
        "style_lpips": 0.7846893751621247,
        "content_lpips": 0.5118487068,
        "clip_content": 0.7030205683999998,
        "classifier_acc": 0.42
      }
    },
    "Hayao": {
      "photo": {
        "count": 50,
        "clip_style": 0.46917361080646514,
        "style_lpips": 0.8156575524806976,
        "content_lpips": 0.3576205334,
        "clip_content": 0.828684586,
        "classifier_acc": 0.04
      },
      "Hayao": {
        "count": 50,
        "clip_style": 0.6888595271110535,
        "style_lpips": 0.7219624209403992,
        "content_lpips": 0.35541256400000004,
        "clip_content": 0.8304984834000001,
        "classifier_acc": 1.0
      }
    }
  },
  "analysis": {
    "style_transfer_ability": {
      "clip_style": 0.5062723857164383,
      "content_lpips": 0.4347346201,
      "classifier_acc": 0.22999999999999998
    },
    "photo_to_art_performance": {
      "clip_style": 0.5433711606264114,
      "valid": true,
      "classifier_acc": 0.42
    }
  },
  "classification_report": {
    "Hayao": {
      "precision": 0.5546875,
      "recall": 0.71,
      "f1-score": 0.6228070175438597,
      "support": 100.0
    },
    "photo": {
      "precision": 0.5972222222222222,
      "recall": 0.43,
      "f1-score": 0.5,
      "support": 100.0
    },
    "accuracy": 0.57,
    "macro avg": {
      "precision": 0.5759548611111112,
      "recall": 0.57,
      "f1-score": 0.5614035087719298,
      "support": 200.0
    },
    "weighted avg": {
      "precision": 0.5759548611111112,
      "recall": 0.57,
      "f1-score": 0.5614035087719299,
      "support": 200.0
    }
  },
  "detailed_style_metrics": {
    "Hayao": {
      "precision": 0.5546875,
      "recall": 0.71,
      "f1_score": 0.6228070175438597,
      "support": 100
    },
    "photo": {
      "precision": 0.5972222222222222,
      "recall": 0.43,
      "f1_score": 0.5,
      "support": 100
    }
  }
}