{
  "checkpoint": "../overfit50-style-force/epoch_0010.pt",
  "timestamp": "2026-02-09 20:48:53",
  "matrix_breakdown": {
    "photo": {
      "photo": {
        "count": 50,
        "clip_style": 0.6282828855514526,
        "style_lpips": 0.7495159089565278,
        "content_lpips": 0.3022581016,
        "clip_content": 0.8923171918,
        "classifier_acc": 0.96
      },
      "Hayao": {
        "count": 50,
        "clip_style": 0.4805199533700943,
        "style_lpips": 0.7937011170387268,
        "content_lpips": 0.3023782996,
        "clip_content": 0.8919144132000001,
        "classifier_acc": 0.04
      }
    },
    "Hayao": {
      "photo": {
        "count": 50,
        "clip_style": 0.4053161376714706,
        "style_lpips": 0.7998577880859375,
        "content_lpips": 0.20967157539999998,
        "clip_content": 0.937793057,
        "classifier_acc": 0.08
      },
      "Hayao": {
        "count": 50,
        "clip_style": 0.7182948660850524,
        "style_lpips": 0.7245690715312958,
        "content_lpips": 0.21008831388000002,
        "clip_content": 0.9372199518,
        "classifier_acc": 0.9
      }
    }
  },
  "analysis": {
    "style_transfer_ability": {
      "clip_style": 0.44291804552078246,
      "content_lpips": 0.2560249375,
      "classifier_acc": 0.06
    },
    "photo_to_art_performance": {
      "clip_style": 0.4805199533700943,
      "valid": true,
      "classifier_acc": 0.04
    }
  },
  "classification_report": {
    "Hayao": {
      "precision": 0.49473684210526314,
      "recall": 0.47,
      "f1-score": 0.48205128205128206,
      "support": 100.0
    },
    "photo": {
      "precision": 0.49523809523809526,
      "recall": 0.52,
      "f1-score": 0.5073170731707317,
      "support": 100.0
    },
    "accuracy": 0.495,
    "macro avg": {
      "precision": 0.4949874686716792,
      "recall": 0.495,
      "f1-score": 0.4946841776110069,
      "support": 200.0
    },
    "weighted avg": {
      "precision": 0.49498746867167925,
      "recall": 0.495,
      "f1-score": 0.4946841776110069,
      "support": 200.0
    }
  },
  "detailed_style_metrics": {
    "Hayao": {
      "precision": 0.49473684210526314,
      "recall": 0.47,
      "f1_score": 0.48205128205128206,
      "support": 100
    },
    "photo": {
      "precision": 0.49523809523809526,
      "recall": 0.52,
      "f1_score": 0.5073170731707317,
      "support": 100
    }
  }
}