{
  "checkpoint": "../overfit50-style-force-schedule/epoch_0020.pt",
  "timestamp": "2026-02-09 21:46:54",
  "matrix_breakdown": {
    "photo": {
      "photo": {
        "count": 50,
        "clip_style": 0.6213095104694366,
        "style_lpips": 0.7695074796676635,
        "content_lpips": 0.5880746018,
        "clip_content": 0.6739806885999999,
        "classifier_acc": 0.86
      },
      "Hayao": {
        "count": 50,
        "clip_style": 0.5449970990419388,
        "style_lpips": 0.8009522950649262,
        "content_lpips": 0.6199901154,
        "clip_content": 0.6425255154,
        "classifier_acc": 0.26
      }
    },
    "Hayao": {
      "photo": {
        "count": 50,
        "clip_style": 0.542463606595993,
        "style_lpips": 0.8153231847286224,
        "content_lpips": 0.5447128576,
        "clip_content": 0.6775753022,
        "classifier_acc": 0.26
      },
      "Hayao": {
        "count": 50,
        "clip_style": 0.6039191257953643,
        "style_lpips": 0.7727038085460662,
        "content_lpips": 0.5522776042,
        "clip_content": 0.6685471025999999,
        "classifier_acc": 0.82
      }
    }
  },
  "analysis": {
    "style_transfer_ability": {
      "clip_style": 0.5437303528189659,
      "content_lpips": 0.5823514865,
      "classifier_acc": 0.26
    },
    "photo_to_art_performance": {
      "clip_style": 0.5449970990419388,
      "valid": true,
      "classifier_acc": 0.26
    }
  },
  "classification_report": {
    "Hayao": {
      "precision": 0.5510204081632653,
      "recall": 0.54,
      "f1-score": 0.5454545454545454,
      "support": 100.0
    },
    "photo": {
      "precision": 0.5490196078431373,
      "recall": 0.56,
      "f1-score": 0.5544554455445545,
      "support": 100.0
    },
    "accuracy": 0.55,
    "macro avg": {
      "precision": 0.5500200080032013,
      "recall": 0.55,
      "f1-score": 0.54995499549955,
      "support": 200.0
    },
    "weighted avg": {
      "precision": 0.5500200080032013,
      "recall": 0.55,
      "f1-score": 0.54995499549955,
      "support": 200.0
    }
  },
  "detailed_style_metrics": {
    "Hayao": {
      "precision": 0.5510204081632653,
      "recall": 0.54,
      "f1_score": 0.5454545454545454,
      "support": 100
    },
    "photo": {
      "precision": 0.5490196078431373,
      "recall": 0.56,
      "f1_score": 0.5544554455445545,
      "support": 100
    }
  }
}