src_style,tgt_style,src_image,gen_image,content_lpips,clip_dir,clip_style,clip_content
Early_Renaissance,Early_Renaissance,Early_Renaissance__andrea-mantegna_adoration-of-the-magi-central-panel-from-the-altarpiece.jpg,Early_Renaissance__Early_Renaissance__andrea-mantegna_adoration-of-the-magi-central-panel-from-the-altarpiece__to__Early_Renaissance.png,0.86678374,0.0,0.6604812145233154,0.0
Early_Renaissance,Impressionism,Early_Renaissance__andrea-mantegna_adoration-of-the-magi-central-panel-from-the-altarpiece.jpg,Early_Renaissance__Early_Renaissance__andrea-mantegna_adoration-of-the-magi-central-panel-from-the-altarpiece__to__Impressionism.png,0.8737839,0.0,0.6873120069503784,0.0
Early_Renaissance,Minimalism,Early_Renaissance__andrea-mantegna_adoration-of-the-magi-central-panel-from-the-altarpiece.jpg,Early_Renaissance__Early_Renaissance__andrea-mantegna_adoration-of-the-magi-central-panel-from-the-altarpiece__to__Minimalism.png,0.87925994,0.0,0.831443727016449,0.0
Early_Renaissance,Rococo,Early_Renaissance__andrea-mantegna_adoration-of-the-magi-central-panel-from-the-altarpiece.jpg,Early_Renaissance__Early_Renaissance__andrea-mantegna_adoration-of-the-magi-central-panel-from-the-altarpiece__to__Rococo.png,0.88583994,0.0,0.6093844175338745,0.0
Early_Renaissance,Ukiyo_e,Early_Renaissance__andrea-mantegna_adoration-of-the-magi-central-panel-from-the-altarpiece.jpg,Early_Renaissance__Early_Renaissance__andrea-mantegna_adoration-of-the-magi-central-panel-from-the-altarpiece__to__Ukiyo_e.png,0.866572,0.0,0.6727891564369202,0.0
Early_Renaissance,Early_Renaissance,Early_Renaissance__andrea-mantegna_maria-with-the-sleeping-child-1455.jpg,Early_Renaissance__Early_Renaissance__andrea-mantegna_maria-with-the-sleeping-child-1455__to__Early_Renaissance.png,0.83187735,0.0,0.6569858193397522,0.0
Early_Renaissance,Impressionism,Early_Renaissance__andrea-mantegna_maria-with-the-sleeping-child-1455.jpg,Early_Renaissance__Early_Renaissance__andrea-mantegna_maria-with-the-sleeping-child-1455__to__Impressionism.png,0.83770937,0.0,0.6816202402114868,0.0
Early_Renaissance,Minimalism,Early_Renaissance__andrea-mantegna_maria-with-the-sleeping-child-1455.jpg,Early_Renaissance__Early_Renaissance__andrea-mantegna_maria-with-the-sleeping-child-1455__to__Minimalism.png,0.8233628,0.0,0.8053269386291504,0.0
Early_Renaissance,Rococo,Early_Renaissance__andrea-mantegna_maria-with-the-sleeping-child-1455.jpg,Early_Renaissance__Early_Renaissance__andrea-mantegna_maria-with-the-sleeping-child-1455__to__Rococo.png,0.83840203,0.0,0.6180631518363953,0.0
Early_Renaissance,Ukiyo_e,Early_Renaissance__andrea-mantegna_maria-with-the-sleeping-child-1455.jpg,Early_Renaissance__Early_Renaissance__andrea-mantegna_maria-with-the-sleeping-child-1455__to__Ukiyo_e.png,0.8267157,0.0,0.6511573791503906,0.0
Early_Renaissance,Early_Renaissance,Early_Renaissance__andrea-mantegna_scenes-from-the-life-of-st-james-1448-2.jpg,Early_Renaissance__Early_Renaissance__andrea-mantegna_scenes-from-the-life-of-st-james-1448-2__to__Early_Renaissance.png,0.89377874,0.0,0.6271616816520691,0.0
Early_Renaissance,Impressionism,Early_Renaissance__andrea-mantegna_scenes-from-the-life-of-st-james-1448-2.jpg,Early_Renaissance__Early_Renaissance__andrea-mantegna_scenes-from-the-life-of-st-james-1448-2__to__Impressionism.png,0.8946912,0.0,0.6745467185974121,0.0
Early_Renaissance,Minimalism,Early_Renaissance__andrea-mantegna_scenes-from-the-life-of-st-james-1448-2.jpg,Early_Renaissance__Early_Renaissance__andrea-mantegna_scenes-from-the-life-of-st-james-1448-2__to__Minimalism.png,0.89326334,0.0,0.8299007415771484,0.0
Early_Renaissance,Rococo,Early_Renaissance__andrea-mantegna_scenes-from-the-life-of-st-james-1448-2.jpg,Early_Renaissance__Early_Renaissance__andrea-mantegna_scenes-from-the-life-of-st-james-1448-2__to__Rococo.png,0.8729013,0.0,0.5637277960777283,0.0
Early_Renaissance,Ukiyo_e,Early_Renaissance__andrea-mantegna_scenes-from-the-life-of-st-james-1448-2.jpg,Early_Renaissance__Early_Renaissance__andrea-mantegna_scenes-from-the-life-of-st-james-1448-2__to__Ukiyo_e.png,0.87242645,0.0,0.6106551885604858,0.0
Early_Renaissance,Early_Renaissance,Early_Renaissance__andrea-mantegna_the-circumcision-of-christ-1464.jpg,Early_Renaissance__Early_Renaissance__andrea-mantegna_the-circumcision-of-christ-1464__to__Early_Renaissance.png,0.8742918,0.0,0.6225829720497131,0.0
Early_Renaissance,Impressionism,Early_Renaissance__andrea-mantegna_the-circumcision-of-christ-1464.jpg,Early_Renaissance__Early_Renaissance__andrea-mantegna_the-circumcision-of-christ-1464__to__Impressionism.png,0.9001341,0.0,0.5878147482872009,0.0
Early_Renaissance,Minimalism,Early_Renaissance__andrea-mantegna_the-circumcision-of-christ-1464.jpg,Early_Renaissance__Early_Renaissance__andrea-mantegna_the-circumcision-of-christ-1464__to__Minimalism.png,0.87765276,0.0,0.7596899271011353,0.0
Early_Renaissance,Rococo,Early_Renaissance__andrea-mantegna_the-circumcision-of-christ-1464.jpg,Early_Renaissance__Early_Renaissance__andrea-mantegna_the-circumcision-of-christ-1464__to__Rococo.png,0.88579667,0.0,0.5406673550605774,0.0
Early_Renaissance,Ukiyo_e,Early_Renaissance__andrea-mantegna_the-circumcision-of-christ-1464.jpg,Early_Renaissance__Early_Renaissance__andrea-mantegna_the-circumcision-of-christ-1464__to__Ukiyo_e.png,0.88695055,0.0,0.6253911256790161,0.0
Early_Renaissance,Early_Renaissance,Early_Renaissance__antonello-da-messina_painter-self-portrait.jpg,Early_Renaissance__Early_Renaissance__antonello-da-messina_painter-self-portrait__to__Early_Renaissance.png,0.8870094,0.0,0.661194920539856,0.0
Early_Renaissance,Impressionism,Early_Renaissance__antonello-da-messina_painter-self-portrait.jpg,Early_Renaissance__Early_Renaissance__antonello-da-messina_painter-self-portrait__to__Impressionism.png,0.9043202,0.0,0.7163729667663574,0.0
Early_Renaissance,Minimalism,Early_Renaissance__antonello-da-messina_painter-self-portrait.jpg,Early_Renaissance__Early_Renaissance__antonello-da-messina_painter-self-portrait__to__Minimalism.png,0.9102727,0.0,0.8393753170967102,0.0
Early_Renaissance,Rococo,Early_Renaissance__antonello-da-messina_painter-self-portrait.jpg,Early_Renaissance__Early_Renaissance__antonello-da-messina_painter-self-portrait__to__Rococo.png,0.8928036,0.0,0.6071381568908691,0.0
Early_Renaissance,Ukiyo_e,Early_Renaissance__antonello-da-messina_painter-self-portrait.jpg,Early_Renaissance__Early_Renaissance__antonello-da-messina_painter-self-portrait__to__Ukiyo_e.png,0.8785672,0.0,0.6531044244766235,0.0
Early_Renaissance,Early_Renaissance,Early_Renaissance__bartolome-bermejo_death-of-the-virgin-1462.jpg,Early_Renaissance__Early_Renaissance__bartolome-bermejo_death-of-the-virgin-1462__to__Early_Renaissance.png,0.87371886,0.0,0.653174877166748,0.0
Early_Renaissance,Impressionism,Early_Renaissance__bartolome-bermejo_death-of-the-virgin-1462.jpg,Early_Renaissance__Early_Renaissance__bartolome-bermejo_death-of-the-virgin-1462__to__Impressionism.png,0.8820219,0.0,0.6998924612998962,0.0
Early_Renaissance,Minimalism,Early_Renaissance__bartolome-bermejo_death-of-the-virgin-1462.jpg,Early_Renaissance__Early_Renaissance__bartolome-bermejo_death-of-the-virgin-1462__to__Minimalism.png,0.87449193,0.0,0.8282625079154968,0.0
Early_Renaissance,Rococo,Early_Renaissance__bartolome-bermejo_death-of-the-virgin-1462.jpg,Early_Renaissance__Early_Renaissance__bartolome-bermejo_death-of-the-virgin-1462__to__Rococo.png,0.88539636,0.0,0.585540771484375,0.0
Early_Renaissance,Ukiyo_e,Early_Renaissance__bartolome-bermejo_death-of-the-virgin-1462.jpg,Early_Renaissance__Early_Renaissance__bartolome-bermejo_death-of-the-virgin-1462__to__Ukiyo_e.png,0.8762382,0.0,0.6492553353309631,0.0
Early_Renaissance,Early_Renaissance,Early_Renaissance__benozzo-gozzoli_madonna-and-child-1485.jpg,Early_Renaissance__Early_Renaissance__benozzo-gozzoli_madonna-and-child-1485__to__Early_Renaissance.png,0.86466444,0.0,0.6359177827835083,0.0
Early_Renaissance,Impressionism,Early_Renaissance__benozzo-gozzoli_madonna-and-child-1485.jpg,Early_Renaissance__Early_Renaissance__benozzo-gozzoli_madonna-and-child-1485__to__Impressionism.png,0.86862516,0.0,0.6749648451805115,0.0
Early_Renaissance,Minimalism,Early_Renaissance__benozzo-gozzoli_madonna-and-child-1485.jpg,Early_Renaissance__Early_Renaissance__benozzo-gozzoli_madonna-and-child-1485__to__Minimalism.png,0.87749505,0.0,0.8201773762702942,0.0
Early_Renaissance,Rococo,Early_Renaissance__benozzo-gozzoli_madonna-and-child-1485.jpg,Early_Renaissance__Early_Renaissance__benozzo-gozzoli_madonna-and-child-1485__to__Rococo.png,0.8708698,0.0,0.570343554019928,0.0
Early_Renaissance,Ukiyo_e,Early_Renaissance__benozzo-gozzoli_madonna-and-child-1485.jpg,Early_Renaissance__Early_Renaissance__benozzo-gozzoli_madonna-and-child-1485__to__Ukiyo_e.png,0.88308084,0.0,0.6417361497879028,0.0
Early_Renaissance,Early_Renaissance,Early_Renaissance__benozzo-gozzoli_procession-of-the-magus-caspar-detail-1461-4.jpg,Early_Renaissance__Early_Renaissance__benozzo-gozzoli_procession-of-the-magus-caspar-detail-1461-4__to__Early_Renaissance.png,0.8277755,0.0,0.661192774772644,0.0
Early_Renaissance,Impressionism,Early_Renaissance__benozzo-gozzoli_procession-of-the-magus-caspar-detail-1461-4.jpg,Early_Renaissance__Early_Renaissance__benozzo-gozzoli_procession-of-the-magus-caspar-detail-1461-4__to__Impressionism.png,0.84215003,0.0,0.6958027482032776,0.0
Early_Renaissance,Minimalism,Early_Renaissance__benozzo-gozzoli_procession-of-the-magus-caspar-detail-1461-4.jpg,Early_Renaissance__Early_Renaissance__benozzo-gozzoli_procession-of-the-magus-caspar-detail-1461-4__to__Minimalism.png,0.81687135,0.0,0.829175591468811,0.0
Early_Renaissance,Rococo,Early_Renaissance__benozzo-gozzoli_procession-of-the-magus-caspar-detail-1461-4.jpg,Early_Renaissance__Early_Renaissance__benozzo-gozzoli_procession-of-the-magus-caspar-detail-1461-4__to__Rococo.png,0.8254113,0.0,0.603888750076294,0.0
Early_Renaissance,Ukiyo_e,Early_Renaissance__benozzo-gozzoli_procession-of-the-magus-caspar-detail-1461-4.jpg,Early_Renaissance__Early_Renaissance__benozzo-gozzoli_procession-of-the-magus-caspar-detail-1461-4__to__Ukiyo_e.png,0.8216957,0.0,0.6622071266174316,0.0
Early_Renaissance,Early_Renaissance,Early_Renaissance__benozzo-gozzoli_the-school-of-tagaste-1465-1.jpg,Early_Renaissance__Early_Renaissance__benozzo-gozzoli_the-school-of-tagaste-1465-1__to__Early_Renaissance.png,0.89820945,0.0,0.6783765554428101,0.0
Early_Renaissance,Impressionism,Early_Renaissance__benozzo-gozzoli_the-school-of-tagaste-1465-1.jpg,Early_Renaissance__Early_Renaissance__benozzo-gozzoli_the-school-of-tagaste-1465-1__to__Impressionism.png,0.9192567,0.0,0.7118843793869019,0.0
Early_Renaissance,Minimalism,Early_Renaissance__benozzo-gozzoli_the-school-of-tagaste-1465-1.jpg,Early_Renaissance__Early_Renaissance__benozzo-gozzoli_the-school-of-tagaste-1465-1__to__Minimalism.png,0.9139925,0.0,0.8335850238800049,0.0
Early_Renaissance,Rococo,Early_Renaissance__benozzo-gozzoli_the-school-of-tagaste-1465-1.jpg,Early_Renaissance__Early_Renaissance__benozzo-gozzoli_the-school-of-tagaste-1465-1__to__Rococo.png,0.9335529,0.0,0.6126347184181213,0.0
Early_Renaissance,Ukiyo_e,Early_Renaissance__benozzo-gozzoli_the-school-of-tagaste-1465-1.jpg,Early_Renaissance__Early_Renaissance__benozzo-gozzoli_the-school-of-tagaste-1465-1__to__Ukiyo_e.png,0.903199,0.0,0.6683166027069092,0.0
Early_Renaissance,Early_Renaissance,Early_Renaissance__carlo-crivelli_piet-1.jpg,Early_Renaissance__Early_Renaissance__carlo-crivelli_piet-1__to__Early_Renaissance.png,0.88278604,0.0,0.6387577652931213,0.0
Early_Renaissance,Impressionism,Early_Renaissance__carlo-crivelli_piet-1.jpg,Early_Renaissance__Early_Renaissance__carlo-crivelli_piet-1__to__Impressionism.png,0.9056585,0.0,0.6833449006080627,0.0
Early_Renaissance,Minimalism,Early_Renaissance__carlo-crivelli_piet-1.jpg,Early_Renaissance__Early_Renaissance__carlo-crivelli_piet-1__to__Minimalism.png,0.8564505,0.0,0.8364589810371399,0.0
Early_Renaissance,Rococo,Early_Renaissance__carlo-crivelli_piet-1.jpg,Early_Renaissance__Early_Renaissance__carlo-crivelli_piet-1__to__Rococo.png,0.8682051,0.0,0.5970309972763062,0.0
Early_Renaissance,Ukiyo_e,Early_Renaissance__carlo-crivelli_piet-1.jpg,Early_Renaissance__Early_Renaissance__carlo-crivelli_piet-1__to__Ukiyo_e.png,0.86971754,0.0,0.6464313864707947,0.0
Early_Renaissance,Early_Renaissance,Early_Renaissance__carlo-crivelli_saint-thomas-aquinas-1476.jpg,Early_Renaissance__Early_Renaissance__carlo-crivelli_saint-thomas-aquinas-1476__to__Early_Renaissance.png,0.89367545,0.0,0.641494631767273,0.0
Early_Renaissance,Impressionism,Early_Renaissance__carlo-crivelli_saint-thomas-aquinas-1476.jpg,Early_Renaissance__Early_Renaissance__carlo-crivelli_saint-thomas-aquinas-1476__to__Impressionism.png,0.89483225,0.0,0.6879019141197205,0.0
Early_Renaissance,Minimalism,Early_Renaissance__carlo-crivelli_saint-thomas-aquinas-1476.jpg,Early_Renaissance__Early_Renaissance__carlo-crivelli_saint-thomas-aquinas-1476__to__Minimalism.png,0.87184227,0.0,0.8229271173477173,0.0
Early_Renaissance,Rococo,Early_Renaissance__carlo-crivelli_saint-thomas-aquinas-1476.jpg,Early_Renaissance__Early_Renaissance__carlo-crivelli_saint-thomas-aquinas-1476__to__Rococo.png,0.8774238,0.0,0.5797029137611389,0.0
Early_Renaissance,Ukiyo_e,Early_Renaissance__carlo-crivelli_saint-thomas-aquinas-1476.jpg,Early_Renaissance__Early_Renaissance__carlo-crivelli_saint-thomas-aquinas-1476__to__Ukiyo_e.png,0.8711301,0.0,0.6484798789024353,0.0
Early_Renaissance,Early_Renaissance,Early_Renaissance__domenico-ghirlandaio_st-jerome.jpg,Early_Renaissance__Early_Renaissance__domenico-ghirlandaio_st-jerome__to__Early_Renaissance.png,0.806605,0.0,0.6735191345214844,0.0
Early_Renaissance,Impressionism,Early_Renaissance__domenico-ghirlandaio_st-jerome.jpg,Early_Renaissance__Early_Renaissance__domenico-ghirlandaio_st-jerome__to__Impressionism.png,0.8116237,0.0,0.7174217700958252,0.0
Early_Renaissance,Minimalism,Early_Renaissance__domenico-ghirlandaio_st-jerome.jpg,Early_Renaissance__Early_Renaissance__domenico-ghirlandaio_st-jerome__to__Minimalism.png,0.7971183,0.0,0.8482872843742371,0.0
Early_Renaissance,Rococo,Early_Renaissance__domenico-ghirlandaio_st-jerome.jpg,Early_Renaissance__Early_Renaissance__domenico-ghirlandaio_st-jerome__to__Rococo.png,0.81581545,0.0,0.6178107857704163,0.0
Early_Renaissance,Ukiyo_e,Early_Renaissance__domenico-ghirlandaio_st-jerome.jpg,Early_Renaissance__Early_Renaissance__domenico-ghirlandaio_st-jerome__to__Ukiyo_e.png,0.8058918,0.0,0.66851407289505,0.0
Early_Renaissance,Early_Renaissance,Early_Renaissance__domenico-ghirlandaio_st-stephen-st-jacobo-st-peter.jpg,Early_Renaissance__Early_Renaissance__domenico-ghirlandaio_st-stephen-st-jacobo-st-peter__to__Early_Renaissance.png,0.82678396,0.0,0.6195166707038879,0.0
Early_Renaissance,Impressionism,Early_Renaissance__domenico-ghirlandaio_st-stephen-st-jacobo-st-peter.jpg,Early_Renaissance__Early_Renaissance__domenico-ghirlandaio_st-stephen-st-jacobo-st-peter__to__Impressionism.png,0.8350241,0.0,0.6265482306480408,0.0
Early_Renaissance,Minimalism,Early_Renaissance__domenico-ghirlandaio_st-stephen-st-jacobo-st-peter.jpg,Early_Renaissance__Early_Renaissance__domenico-ghirlandaio_st-stephen-st-jacobo-st-peter__to__Minimalism.png,0.8195552,0.0,0.8075436353683472,0.0
Early_Renaissance,Rococo,Early_Renaissance__domenico-ghirlandaio_st-stephen-st-jacobo-st-peter.jpg,Early_Renaissance__Early_Renaissance__domenico-ghirlandaio_st-stephen-st-jacobo-st-peter__to__Rococo.png,0.82965505,0.0,0.5703250169754028,0.0
Early_Renaissance,Ukiyo_e,Early_Renaissance__domenico-ghirlandaio_st-stephen-st-jacobo-st-peter.jpg,Early_Renaissance__Early_Renaissance__domenico-ghirlandaio_st-stephen-st-jacobo-st-peter__to__Ukiyo_e.png,0.8172692,0.0,0.6350435018539429,0.0
Early_Renaissance,Early_Renaissance,Early_Renaissance__domenico-ghirlandaio_the-nativity-1.jpg,Early_Renaissance__Early_Renaissance__domenico-ghirlandaio_the-nativity-1__to__Early_Renaissance.png,0.84961694,0.0,0.6356242895126343,0.0
Early_Renaissance,Impressionism,Early_Renaissance__domenico-ghirlandaio_the-nativity-1.jpg,Early_Renaissance__Early_Renaissance__domenico-ghirlandaio_the-nativity-1__to__Impressionism.png,0.84553516,0.0,0.6711872816085815,0.0
Early_Renaissance,Minimalism,Early_Renaissance__domenico-ghirlandaio_the-nativity-1.jpg,Early_Renaissance__Early_Renaissance__domenico-ghirlandaio_the-nativity-1__to__Minimalism.png,0.8384538,0.0,0.828579306602478,0.0
Early_Renaissance,Rococo,Early_Renaissance__domenico-ghirlandaio_the-nativity-1.jpg,Early_Renaissance__Early_Renaissance__domenico-ghirlandaio_the-nativity-1__to__Rococo.png,0.83634615,0.0,0.5639417171478271,0.0
Early_Renaissance,Ukiyo_e,Early_Renaissance__domenico-ghirlandaio_the-nativity-1.jpg,Early_Renaissance__Early_Renaissance__domenico-ghirlandaio_the-nativity-1__to__Ukiyo_e.png,0.834316,0.0,0.6763724088668823,0.0
Early_Renaissance,Early_Renaissance,Early_Renaissance__domenico-veneziano_not-detected-269819.jpg,Early_Renaissance__Early_Renaissance__domenico-veneziano_not-detected-269819__to__Early_Renaissance.png,0.8328438,0.0,0.6550877094268799,0.0
Early_Renaissance,Impressionism,Early_Renaissance__domenico-veneziano_not-detected-269819.jpg,Early_Renaissance__Early_Renaissance__domenico-veneziano_not-detected-269819__to__Impressionism.png,0.8255296,0.0,0.7222981452941895,0.0
Early_Renaissance,Minimalism,Early_Renaissance__domenico-veneziano_not-detected-269819.jpg,Early_Renaissance__Early_Renaissance__domenico-veneziano_not-detected-269819__to__Minimalism.png,0.8188859,0.0,0.8327251672744751,0.0
Early_Renaissance,Rococo,Early_Renaissance__domenico-veneziano_not-detected-269819.jpg,Early_Renaissance__Early_Renaissance__domenico-veneziano_not-detected-269819__to__Rococo.png,0.8354286,0.0,0.596564531326294,0.0
Early_Renaissance,Ukiyo_e,Early_Renaissance__domenico-veneziano_not-detected-269819.jpg,Early_Renaissance__Early_Renaissance__domenico-veneziano_not-detected-269819__to__Ukiyo_e.png,0.8236185,0.0,0.6499620676040649,0.0
Early_Renaissance,Early_Renaissance,Early_Renaissance__filippo-lippi_adoration-of-the-magi-detail-2.jpg,Early_Renaissance__Early_Renaissance__filippo-lippi_adoration-of-the-magi-detail-2__to__Early_Renaissance.png,0.84292245,0.0,0.6608330607414246,0.0
Early_Renaissance,Impressionism,Early_Renaissance__filippo-lippi_adoration-of-the-magi-detail-2.jpg,Early_Renaissance__Early_Renaissance__filippo-lippi_adoration-of-the-magi-detail-2__to__Impressionism.png,0.8517821,0.0,0.6638833284378052,0.0
Early_Renaissance,Minimalism,Early_Renaissance__filippo-lippi_adoration-of-the-magi-detail-2.jpg,Early_Renaissance__Early_Renaissance__filippo-lippi_adoration-of-the-magi-detail-2__to__Minimalism.png,0.8504337,0.0,0.8148067593574524,0.0
Early_Renaissance,Rococo,Early_Renaissance__filippo-lippi_adoration-of-the-magi-detail-2.jpg,Early_Renaissance__Early_Renaissance__filippo-lippi_adoration-of-the-magi-detail-2__to__Rococo.png,0.85168594,0.0,0.5778443813323975,0.0
Early_Renaissance,Ukiyo_e,Early_Renaissance__filippo-lippi_adoration-of-the-magi-detail-2.jpg,Early_Renaissance__Early_Renaissance__filippo-lippi_adoration-of-the-magi-detail-2__to__Ukiyo_e.png,0.8495419,0.0,0.6637990474700928,0.0
Early_Renaissance,Early_Renaissance,Early_Renaissance__filippo-lippi_confirmation-of-the-carmelite-rule.jpg,Early_Renaissance__Early_Renaissance__filippo-lippi_confirmation-of-the-carmelite-rule__to__Early_Renaissance.png,0.84340847,0.0,0.6422786712646484,0.0
Early_Renaissance,Impressionism,Early_Renaissance__filippo-lippi_confirmation-of-the-carmelite-rule.jpg,Early_Renaissance__Early_Renaissance__filippo-lippi_confirmation-of-the-carmelite-rule__to__Impressionism.png,0.85651344,0.0,0.6863628625869751,0.0
Early_Renaissance,Minimalism,Early_Renaissance__filippo-lippi_confirmation-of-the-carmelite-rule.jpg,Early_Renaissance__Early_Renaissance__filippo-lippi_confirmation-of-the-carmelite-rule__to__Minimalism.png,0.832343,0.0,0.8330000638961792,0.0
Early_Renaissance,Rococo,Early_Renaissance__filippo-lippi_confirmation-of-the-carmelite-rule.jpg,Early_Renaissance__Early_Renaissance__filippo-lippi_confirmation-of-the-carmelite-rule__to__Rococo.png,0.8565213,0.0,0.5704473257064819,0.0
Early_Renaissance,Ukiyo_e,Early_Renaissance__filippo-lippi_confirmation-of-the-carmelite-rule.jpg,Early_Renaissance__Early_Renaissance__filippo-lippi_confirmation-of-the-carmelite-rule__to__Ukiyo_e.png,0.8337137,0.0,0.6538257002830505,0.0
Early_Renaissance,Early_Renaissance,Early_Renaissance__fra-angelico_bosco-ai-frati-altarpiece.jpg,Early_Renaissance__Early_Renaissance__fra-angelico_bosco-ai-frati-altarpiece__to__Early_Renaissance.png,0.8507981,0.0,0.6544113755226135,0.0
Early_Renaissance,Impressionism,Early_Renaissance__fra-angelico_bosco-ai-frati-altarpiece.jpg,Early_Renaissance__Early_Renaissance__fra-angelico_bosco-ai-frati-altarpiece__to__Impressionism.png,0.8519198,0.0,0.7162838578224182,0.0
Early_Renaissance,Minimalism,Early_Renaissance__fra-angelico_bosco-ai-frati-altarpiece.jpg,Early_Renaissance__Early_Renaissance__fra-angelico_bosco-ai-frati-altarpiece__to__Minimalism.png,0.8384683,0.0,0.8627985715866089,0.0
Early_Renaissance,Rococo,Early_Renaissance__fra-angelico_bosco-ai-frati-altarpiece.jpg,Early_Renaissance__Early_Renaissance__fra-angelico_bosco-ai-frati-altarpiece__to__Rococo.png,0.85222703,0.0,0.6047455072402954,0.0
Early_Renaissance,Ukiyo_e,Early_Renaissance__fra-angelico_bosco-ai-frati-altarpiece.jpg,Early_Renaissance__Early_Renaissance__fra-angelico_bosco-ai-frati-altarpiece__to__Ukiyo_e.png,0.84112734,0.0,0.6704763174057007,0.0
Early_Renaissance,Early_Renaissance,Early_Renaissance__fra-angelico_coronation-of-the-virgin-detail-1435-1.jpg,Early_Renaissance__Early_Renaissance__fra-angelico_coronation-of-the-virgin-detail-1435-1__to__Early_Renaissance.png,0.7860348,0.0,0.6258867979049683,0.0
Early_Renaissance,Impressionism,Early_Renaissance__fra-angelico_coronation-of-the-virgin-detail-1435-1.jpg,Early_Renaissance__Early_Renaissance__fra-angelico_coronation-of-the-virgin-detail-1435-1__to__Impressionism.png,0.77602404,0.0,0.6816588044166565,0.0
Early_Renaissance,Minimalism,Early_Renaissance__fra-angelico_coronation-of-the-virgin-detail-1435-1.jpg,Early_Renaissance__Early_Renaissance__fra-angelico_coronation-of-the-virgin-detail-1435-1__to__Minimalism.png,0.7777995,0.0,0.8148747682571411,0.0
Early_Renaissance,Rococo,Early_Renaissance__fra-angelico_coronation-of-the-virgin-detail-1435-1.jpg,Early_Renaissance__Early_Renaissance__fra-angelico_coronation-of-the-virgin-detail-1435-1__to__Rococo.png,0.7826654,0.0,0.5805997252464294,0.0
Early_Renaissance,Ukiyo_e,Early_Renaissance__fra-angelico_coronation-of-the-virgin-detail-1435-1.jpg,Early_Renaissance__Early_Renaissance__fra-angelico_coronation-of-the-virgin-detail-1435-1__to__Ukiyo_e.png,0.7728164,0.0,0.6233134865760803,0.0
Early_Renaissance,Early_Renaissance,Early_Renaissance__fra-angelico_saint-cosmas-and-saint-damian-before-lisius-1440.jpg,Early_Renaissance__Early_Renaissance__fra-angelico_saint-cosmas-and-saint-damian-before-lisius-1440__to__Early_Renaissance.png,0.85093457,0.0,0.6265665888786316,0.0
Early_Renaissance,Impressionism,Early_Renaissance__fra-angelico_saint-cosmas-and-saint-damian-before-lisius-1440.jpg,Early_Renaissance__Early_Renaissance__fra-angelico_saint-cosmas-and-saint-damian-before-lisius-1440__to__Impressionism.png,0.86733395,0.0,0.6708977222442627,0.0
Early_Renaissance,Minimalism,Early_Renaissance__fra-angelico_saint-cosmas-and-saint-damian-before-lisius-1440.jpg,Early_Renaissance__Early_Renaissance__fra-angelico_saint-cosmas-and-saint-damian-before-lisius-1440__to__Minimalism.png,0.8526727,0.0,0.80614173412323,0.0
Early_Renaissance,Rococo,Early_Renaissance__fra-angelico_saint-cosmas-and-saint-damian-before-lisius-1440.jpg,Early_Renaissance__Early_Renaissance__fra-angelico_saint-cosmas-and-saint-damian-before-lisius-1440__to__Rococo.png,0.8754351,0.0,0.5726234912872314,0.0
Early_Renaissance,Ukiyo_e,Early_Renaissance__fra-angelico_saint-cosmas-and-saint-damian-before-lisius-1440.jpg,Early_Renaissance__Early_Renaissance__fra-angelico_saint-cosmas-and-saint-damian-before-lisius-1440__to__Ukiyo_e.png,0.85289866,0.0,0.6374297738075256,0.0
Early_Renaissance,Early_Renaissance,Early_Renaissance__giovanni-bellini_virgin-and-child-1488.jpg,Early_Renaissance__Early_Renaissance__giovanni-bellini_virgin-and-child-1488__to__Early_Renaissance.png,0.83412766,0.0,0.6707513928413391,0.0
Early_Renaissance,Impressionism,Early_Renaissance__giovanni-bellini_virgin-and-child-1488.jpg,Early_Renaissance__Early_Renaissance__giovanni-bellini_virgin-and-child-1488__to__Impressionism.png,0.82111746,0.0,0.682373046875,0.0
Early_Renaissance,Minimalism,Early_Renaissance__giovanni-bellini_virgin-and-child-1488.jpg,Early_Renaissance__Early_Renaissance__giovanni-bellini_virgin-and-child-1488__to__Minimalism.png,0.82004565,0.0,0.8221352100372314,0.0
Early_Renaissance,Rococo,Early_Renaissance__giovanni-bellini_virgin-and-child-1488.jpg,Early_Renaissance__Early_Renaissance__giovanni-bellini_virgin-and-child-1488__to__Rococo.png,0.8324255,0.0,0.6180222630500793,0.0
Early_Renaissance,Ukiyo_e,Early_Renaissance__giovanni-bellini_virgin-and-child-1488.jpg,Early_Renaissance__Early_Renaissance__giovanni-bellini_virgin-and-child-1488__to__Ukiyo_e.png,0.8117136,0.0,0.653952956199646,0.0
Early_Renaissance,Early_Renaissance,Early_Renaissance__jacopo-bellini_view-of-a-fortification-of-jerusalem(1).jpg,Early_Renaissance__Early_Renaissance__jacopo-bellini_view-of-a-fortification-of-jerusalem(1)__to__Early_Renaissance.png,0.7897824,0.0,0.650772213935852,0.0
Early_Renaissance,Impressionism,Early_Renaissance__jacopo-bellini_view-of-a-fortification-of-jerusalem(1).jpg,Early_Renaissance__Early_Renaissance__jacopo-bellini_view-of-a-fortification-of-jerusalem(1)__to__Impressionism.png,0.7968044,0.0,0.7135106921195984,0.0
Early_Renaissance,Minimalism,Early_Renaissance__jacopo-bellini_view-of-a-fortification-of-jerusalem(1).jpg,Early_Renaissance__Early_Renaissance__jacopo-bellini_view-of-a-fortification-of-jerusalem(1)__to__Minimalism.png,0.7817608,0.0,0.8635963201522827,0.0
Early_Renaissance,Rococo,Early_Renaissance__jacopo-bellini_view-of-a-fortification-of-jerusalem(1).jpg,Early_Renaissance__Early_Renaissance__jacopo-bellini_view-of-a-fortification-of-jerusalem(1)__to__Rococo.png,0.78930247,0.0,0.5873914957046509,0.0
Early_Renaissance,Ukiyo_e,Early_Renaissance__jacopo-bellini_view-of-a-fortification-of-jerusalem(1).jpg,Early_Renaissance__Early_Renaissance__jacopo-bellini_view-of-a-fortification-of-jerusalem(1)__to__Ukiyo_e.png,0.78142005,0.0,0.6425460577011108,0.0
Early_Renaissance,Early_Renaissance,Early_Renaissance__leonardo-da-vinci_studies-of-a-bewalking.jpg,Early_Renaissance__Early_Renaissance__leonardo-da-vinci_studies-of-a-bewalking__to__Early_Renaissance.png,0.82200265,0.0,0.6521629691123962,0.0
Early_Renaissance,Impressionism,Early_Renaissance__leonardo-da-vinci_studies-of-a-bewalking.jpg,Early_Renaissance__Early_Renaissance__leonardo-da-vinci_studies-of-a-bewalking__to__Impressionism.png,0.830421,0.0,0.7420533299446106,0.0
Early_Renaissance,Minimalism,Early_Renaissance__leonardo-da-vinci_studies-of-a-bewalking.jpg,Early_Renaissance__Early_Renaissance__leonardo-da-vinci_studies-of-a-bewalking__to__Minimalism.png,0.7989396,0.0,0.839188814163208,0.0
Early_Renaissance,Rococo,Early_Renaissance__leonardo-da-vinci_studies-of-a-bewalking.jpg,Early_Renaissance__Early_Renaissance__leonardo-da-vinci_studies-of-a-bewalking__to__Rococo.png,0.8216935,0.0,0.6033954620361328,0.0
Early_Renaissance,Ukiyo_e,Early_Renaissance__leonardo-da-vinci_studies-of-a-bewalking.jpg,Early_Renaissance__Early_Renaissance__leonardo-da-vinci_studies-of-a-bewalking__to__Ukiyo_e.png,0.8267979,0.0,0.6584540605545044,0.0
Early_Renaissance,Early_Renaissance,Early_Renaissance__leonardo-da-vinci_study-of-the-effect-of-light-on-a-profile-head-facsimile.jpg,Early_Renaissance__Early_Renaissance__leonardo-da-vinci_study-of-the-effect-of-light-on-a-profile-head-facsimile__to__Early_Renaissance.png,0.87440825,0.0,0.6596845388412476,0.0
Early_Renaissance,Impressionism,Early_Renaissance__leonardo-da-vinci_study-of-the-effect-of-light-on-a-profile-head-facsimile.jpg,Early_Renaissance__Early_Renaissance__leonardo-da-vinci_study-of-the-effect-of-light-on-a-profile-head-facsimile__to__Impressionism.png,0.89340967,0.0,0.7217233180999756,0.0
Early_Renaissance,Minimalism,Early_Renaissance__leonardo-da-vinci_study-of-the-effect-of-light-on-a-profile-head-facsimile.jpg,Early_Renaissance__Early_Renaissance__leonardo-da-vinci_study-of-the-effect-of-light-on-a-profile-head-facsimile__to__Minimalism.png,0.8663612,0.0,0.8568812608718872,0.0
Early_Renaissance,Rococo,Early_Renaissance__leonardo-da-vinci_study-of-the-effect-of-light-on-a-profile-head-facsimile.jpg,Early_Renaissance__Early_Renaissance__leonardo-da-vinci_study-of-the-effect-of-light-on-a-profile-head-facsimile__to__Rococo.png,0.8826134,0.0,0.613540768623352,0.0
Early_Renaissance,Ukiyo_e,Early_Renaissance__leonardo-da-vinci_study-of-the-effect-of-light-on-a-profile-head-facsimile.jpg,Early_Renaissance__Early_Renaissance__leonardo-da-vinci_study-of-the-effect-of-light-on-a-profile-head-facsimile__to__Ukiyo_e.png,0.8847245,0.0,0.6602932810783386,0.0
Early_Renaissance,Early_Renaissance,Early_Renaissance__paolo-uccello_scene-adoration-of-the-three-kings-1440.jpg,Early_Renaissance__Early_Renaissance__paolo-uccello_scene-adoration-of-the-three-kings-1440__to__Early_Renaissance.png,0.8374301,0.0,0.6582927703857422,0.0
Early_Renaissance,Impressionism,Early_Renaissance__paolo-uccello_scene-adoration-of-the-three-kings-1440.jpg,Early_Renaissance__Early_Renaissance__paolo-uccello_scene-adoration-of-the-three-kings-1440__to__Impressionism.png,0.8378227,0.0,0.659995973110199,0.0
Early_Renaissance,Minimalism,Early_Renaissance__paolo-uccello_scene-adoration-of-the-three-kings-1440.jpg,Early_Renaissance__Early_Renaissance__paolo-uccello_scene-adoration-of-the-three-kings-1440__to__Minimalism.png,0.8302375,0.0,0.825769305229187,0.0
Early_Renaissance,Rococo,Early_Renaissance__paolo-uccello_scene-adoration-of-the-three-kings-1440.jpg,Early_Renaissance__Early_Renaissance__paolo-uccello_scene-adoration-of-the-three-kings-1440__to__Rococo.png,0.8288964,0.0,0.573652446269989,0.0
Early_Renaissance,Ukiyo_e,Early_Renaissance__paolo-uccello_scene-adoration-of-the-three-kings-1440.jpg,Early_Renaissance__Early_Renaissance__paolo-uccello_scene-adoration-of-the-three-kings-1440__to__Ukiyo_e.png,0.8152249,0.0,0.6621497273445129,0.0
Early_Renaissance,Early_Renaissance,Early_Renaissance__piero-della-francesca_portrait-of-a-boy.jpg,Early_Renaissance__Early_Renaissance__piero-della-francesca_portrait-of-a-boy__to__Early_Renaissance.png,0.8161554,0.0,0.6686627864837646,0.0
Early_Renaissance,Impressionism,Early_Renaissance__piero-della-francesca_portrait-of-a-boy.jpg,Early_Renaissance__Early_Renaissance__piero-della-francesca_portrait-of-a-boy__to__Impressionism.png,0.8131348,0.0,0.693141520023346,0.0
Early_Renaissance,Minimalism,Early_Renaissance__piero-della-francesca_portrait-of-a-boy.jpg,Early_Renaissance__Early_Renaissance__piero-della-francesca_portrait-of-a-boy__to__Minimalism.png,0.80248916,0.0,0.8076053261756897,0.0
Early_Renaissance,Rococo,Early_Renaissance__piero-della-francesca_portrait-of-a-boy.jpg,Early_Renaissance__Early_Renaissance__piero-della-francesca_portrait-of-a-boy__to__Rococo.png,0.80427617,0.0,0.6180304288864136,0.0
Early_Renaissance,Ukiyo_e,Early_Renaissance__piero-della-francesca_portrait-of-a-boy.jpg,Early_Renaissance__Early_Renaissance__piero-della-francesca_portrait-of-a-boy__to__Ukiyo_e.png,0.8158086,0.0,0.660189688205719,0.0
Early_Renaissance,Early_Renaissance,Early_Renaissance__pietro-perugino_giovanni-colombini.jpg,Early_Renaissance__Early_Renaissance__pietro-perugino_giovanni-colombini__to__Early_Renaissance.png,0.8785274,0.0,0.6239383816719055,0.0
Early_Renaissance,Impressionism,Early_Renaissance__pietro-perugino_giovanni-colombini.jpg,Early_Renaissance__Early_Renaissance__pietro-perugino_giovanni-colombini__to__Impressionism.png,0.8896161,0.0,0.6548235416412354,0.0
Early_Renaissance,Minimalism,Early_Renaissance__pietro-perugino_giovanni-colombini.jpg,Early_Renaissance__Early_Renaissance__pietro-perugino_giovanni-colombini__to__Minimalism.png,0.8845695,0.0,0.8008980751037598,0.0
Early_Renaissance,Rococo,Early_Renaissance__pietro-perugino_giovanni-colombini.jpg,Early_Renaissance__Early_Renaissance__pietro-perugino_giovanni-colombini__to__Rococo.png,0.877204,0.0,0.5691958665847778,0.0
Early_Renaissance,Ukiyo_e,Early_Renaissance__pietro-perugino_giovanni-colombini.jpg,Early_Renaissance__Early_Renaissance__pietro-perugino_giovanni-colombini__to__Ukiyo_e.png,0.876065,0.0,0.62685626745224,0.0
Early_Renaissance,Early_Renaissance,Early_Renaissance__pisanello_stork-1430.jpg,Early_Renaissance__Early_Renaissance__pisanello_stork-1430__to__Early_Renaissance.png,0.79491353,0.0,0.6627499461174011,0.0
Early_Renaissance,Impressionism,Early_Renaissance__pisanello_stork-1430.jpg,Early_Renaissance__Early_Renaissance__pisanello_stork-1430__to__Impressionism.png,0.7824333,0.0,0.6824243068695068,0.0
Early_Renaissance,Minimalism,Early_Renaissance__pisanello_stork-1430.jpg,Early_Renaissance__Early_Renaissance__pisanello_stork-1430__to__Minimalism.png,0.76146543,0.0,0.8424170017242432,0.0
Early_Renaissance,Rococo,Early_Renaissance__pisanello_stork-1430.jpg,Early_Renaissance__Early_Renaissance__pisanello_stork-1430__to__Rococo.png,0.7754969,0.0,0.6109949350357056,0.0
Early_Renaissance,Ukiyo_e,Early_Renaissance__pisanello_stork-1430.jpg,Early_Renaissance__Early_Renaissance__pisanello_stork-1430__to__Ukiyo_e.png,0.77514136,0.0,0.6760767102241516,0.0
Early_Renaissance,Early_Renaissance,Early_Renaissance__sandro-botticelli_inferno-canto-xviii-1480(1).jpg,Early_Renaissance__Early_Renaissance__sandro-botticelli_inferno-canto-xviii-1480(1)__to__Early_Renaissance.png,0.87770027,0.0,0.6528958082199097,0.0
Early_Renaissance,Impressionism,Early_Renaissance__sandro-botticelli_inferno-canto-xviii-1480(1).jpg,Early_Renaissance__Early_Renaissance__sandro-botticelli_inferno-canto-xviii-1480(1)__to__Impressionism.png,0.8776015,0.0,0.7011309862136841,0.0
Early_Renaissance,Minimalism,Early_Renaissance__sandro-botticelli_inferno-canto-xviii-1480(1).jpg,Early_Renaissance__Early_Renaissance__sandro-botticelli_inferno-canto-xviii-1480(1)__to__Minimalism.png,0.85578525,0.0,0.8348143696784973,0.0
Early_Renaissance,Rococo,Early_Renaissance__sandro-botticelli_inferno-canto-xviii-1480(1).jpg,Early_Renaissance__Early_Renaissance__sandro-botticelli_inferno-canto-xviii-1480(1)__to__Rococo.png,0.880041,0.0,0.5889772176742554,0.0
Early_Renaissance,Ukiyo_e,Early_Renaissance__sandro-botticelli_inferno-canto-xviii-1480(1).jpg,Early_Renaissance__Early_Renaissance__sandro-botticelli_inferno-canto-xviii-1480(1)__to__Ukiyo_e.png,0.85241723,0.0,0.6499068737030029,0.0
Early_Renaissance,Early_Renaissance,Early_Renaissance__sandro-botticelli_trinity(1).jpg,Early_Renaissance__Early_Renaissance__sandro-botticelli_trinity(1)__to__Early_Renaissance.png,0.85458326,0.0,0.6553431153297424,0.0
Early_Renaissance,Impressionism,Early_Renaissance__sandro-botticelli_trinity(1).jpg,Early_Renaissance__Early_Renaissance__sandro-botticelli_trinity(1)__to__Impressionism.png,0.8593078,0.0,0.6862663626670837,0.0
Early_Renaissance,Minimalism,Early_Renaissance__sandro-botticelli_trinity(1).jpg,Early_Renaissance__Early_Renaissance__sandro-botticelli_trinity(1)__to__Minimalism.png,0.8409824,0.0,0.8141143321990967,0.0
Early_Renaissance,Rococo,Early_Renaissance__sandro-botticelli_trinity(1).jpg,Early_Renaissance__Early_Renaissance__sandro-botticelli_trinity(1)__to__Rococo.png,0.8647988,0.0,0.6008815765380859,0.0
Early_Renaissance,Ukiyo_e,Early_Renaissance__sandro-botticelli_trinity(1).jpg,Early_Renaissance__Early_Renaissance__sandro-botticelli_trinity(1)__to__Ukiyo_e.png,0.85729206,0.0,0.6408204436302185,0.0
Impressionism,Early_Renaissance,Impressionism__alfred-sisley_riverbank-at-veneux-1881.jpg,Impressionism__Impressionism__alfred-sisley_riverbank-at-veneux-1881__to__Early_Renaissance.png,0.90127164,0.0,0.6692330241203308,0.0
Impressionism,Impressionism,Impressionism__alfred-sisley_riverbank-at-veneux-1881.jpg,Impressionism__Impressionism__alfred-sisley_riverbank-at-veneux-1881__to__Impressionism.png,0.89229125,0.0,0.7258461117744446,0.0
Impressionism,Minimalism,Impressionism__alfred-sisley_riverbank-at-veneux-1881.jpg,Impressionism__Impressionism__alfred-sisley_riverbank-at-veneux-1881__to__Minimalism.png,0.88910913,0.0,0.8276346921920776,0.0
Impressionism,Rococo,Impressionism__alfred-sisley_riverbank-at-veneux-1881.jpg,Impressionism__Impressionism__alfred-sisley_riverbank-at-veneux-1881__to__Rococo.png,0.89225703,0.0,0.601784884929657,0.0
Impressionism,Ukiyo_e,Impressionism__alfred-sisley_riverbank-at-veneux-1881.jpg,Impressionism__Impressionism__alfred-sisley_riverbank-at-veneux-1881__to__Ukiyo_e.png,0.88533926,0.0,0.6631404757499695,0.0
Impressionism,Early_Renaissance,Impressionism__alfred-sisley_the-banks-of-the-oise-1878.jpg,Impressionism__Impressionism__alfred-sisley_the-banks-of-the-oise-1878__to__Early_Renaissance.png,0.78161997,0.0,0.6531732082366943,0.0
Impressionism,Impressionism,Impressionism__alfred-sisley_the-banks-of-the-oise-1878.jpg,Impressionism__Impressionism__alfred-sisley_the-banks-of-the-oise-1878__to__Impressionism.png,0.785625,0.0,0.7135381102561951,0.0
Impressionism,Minimalism,Impressionism__alfred-sisley_the-banks-of-the-oise-1878.jpg,Impressionism__Impressionism__alfred-sisley_the-banks-of-the-oise-1878__to__Minimalism.png,0.76844233,0.0,0.8467092514038086,0.0
Impressionism,Rococo,Impressionism__alfred-sisley_the-banks-of-the-oise-1878.jpg,Impressionism__Impressionism__alfred-sisley_the-banks-of-the-oise-1878__to__Rococo.png,0.77606833,0.0,0.5899741649627686,0.0
Impressionism,Ukiyo_e,Impressionism__alfred-sisley_the-banks-of-the-oise-1878.jpg,Impressionism__Impressionism__alfred-sisley_the-banks-of-the-oise-1878__to__Ukiyo_e.png,0.77838767,0.0,0.6559079885482788,0.0
Impressionism,Early_Renaissance,Impressionism__antoine-blanchard_place-de-la-madeleine-hiver.jpg,Impressionism__Impressionism__antoine-blanchard_place-de-la-madeleine-hiver__to__Early_Renaissance.png,0.85470533,0.0,0.6230108737945557,0.0
Impressionism,Impressionism,Impressionism__antoine-blanchard_place-de-la-madeleine-hiver.jpg,Impressionism__Impressionism__antoine-blanchard_place-de-la-madeleine-hiver__to__Impressionism.png,0.86691916,0.0,0.6366798281669617,0.0
Impressionism,Minimalism,Impressionism__antoine-blanchard_place-de-la-madeleine-hiver.jpg,Impressionism__Impressionism__antoine-blanchard_place-de-la-madeleine-hiver__to__Minimalism.png,0.859924,0.0,0.8066123127937317,0.0
Impressionism,Rococo,Impressionism__antoine-blanchard_place-de-la-madeleine-hiver.jpg,Impressionism__Impressionism__antoine-blanchard_place-de-la-madeleine-hiver__to__Rococo.png,0.85876334,0.0,0.5590838193893433,0.0
Impressionism,Ukiyo_e,Impressionism__antoine-blanchard_place-de-la-madeleine-hiver.jpg,Impressionism__Impressionism__antoine-blanchard_place-de-la-madeleine-hiver__to__Ukiyo_e.png,0.8619684,0.0,0.6460926532745361,0.0
Impressionism,Early_Renaissance,Impressionism__armand-guillaumin_valley-in-pontgibaud-1890.jpg,Impressionism__Impressionism__armand-guillaumin_valley-in-pontgibaud-1890__to__Early_Renaissance.png,0.817978,0.0,0.6525514125823975,0.0
Impressionism,Impressionism,Impressionism__armand-guillaumin_valley-in-pontgibaud-1890.jpg,Impressionism__Impressionism__armand-guillaumin_valley-in-pontgibaud-1890__to__Impressionism.png,0.8327237,0.0,0.7029394507408142,0.0
Impressionism,Minimalism,Impressionism__armand-guillaumin_valley-in-pontgibaud-1890.jpg,Impressionism__Impressionism__armand-guillaumin_valley-in-pontgibaud-1890__to__Minimalism.png,0.82343405,0.0,0.8514217138290405,0.0
Impressionism,Rococo,Impressionism__armand-guillaumin_valley-in-pontgibaud-1890.jpg,Impressionism__Impressionism__armand-guillaumin_valley-in-pontgibaud-1890__to__Rococo.png,0.8402059,0.0,0.5838709473609924,0.0
Impressionism,Ukiyo_e,Impressionism__armand-guillaumin_valley-in-pontgibaud-1890.jpg,Impressionism__Impressionism__armand-guillaumin_valley-in-pontgibaud-1890__to__Ukiyo_e.png,0.8250377,0.0,0.6621087193489075,0.0
Impressionism,Early_Renaissance,Impressionism__augustus-john_proven-al-landscape.jpg,Impressionism__Impressionism__augustus-john_proven-al-landscape__to__Early_Renaissance.png,0.84406364,0.0,0.6589137315750122,0.0
Impressionism,Impressionism,Impressionism__augustus-john_proven-al-landscape.jpg,Impressionism__Impressionism__augustus-john_proven-al-landscape__to__Impressionism.png,0.84918165,0.0,0.7006491422653198,0.0
Impressionism,Minimalism,Impressionism__augustus-john_proven-al-landscape.jpg,Impressionism__Impressionism__augustus-john_proven-al-landscape__to__Minimalism.png,0.8264189,0.0,0.8209391236305237,0.0
Impressionism,Rococo,Impressionism__augustus-john_proven-al-landscape.jpg,Impressionism__Impressionism__augustus-john_proven-al-landscape__to__Rococo.png,0.84479785,0.0,0.5860285758972168,0.0
Impressionism,Ukiyo_e,Impressionism__augustus-john_proven-al-landscape.jpg,Impressionism__Impressionism__augustus-john_proven-al-landscape__to__Ukiyo_e.png,0.8380818,0.0,0.6424797773361206,0.0
Impressionism,Early_Renaissance,Impressionism__camille-pissarro_the-gardener-afternoon-sun-eragny-1899.jpg,Impressionism__Impressionism__camille-pissarro_the-gardener-afternoon-sun-eragny-1899__to__Early_Renaissance.png,0.83645123,0.0,0.6336473822593689,0.0
Impressionism,Impressionism,Impressionism__camille-pissarro_the-gardener-afternoon-sun-eragny-1899.jpg,Impressionism__Impressionism__camille-pissarro_the-gardener-afternoon-sun-eragny-1899__to__Impressionism.png,0.8414556,0.0,0.7128344774246216,0.0
Impressionism,Minimalism,Impressionism__camille-pissarro_the-gardener-afternoon-sun-eragny-1899.jpg,Impressionism__Impressionism__camille-pissarro_the-gardener-afternoon-sun-eragny-1899__to__Minimalism.png,0.83084965,0.0,0.8478146195411682,0.0
Impressionism,Rococo,Impressionism__camille-pissarro_the-gardener-afternoon-sun-eragny-1899.jpg,Impressionism__Impressionism__camille-pissarro_the-gardener-afternoon-sun-eragny-1899__to__Rococo.png,0.83547163,0.0,0.5753598213195801,0.0
Impressionism,Ukiyo_e,Impressionism__camille-pissarro_the-gardener-afternoon-sun-eragny-1899.jpg,Impressionism__Impressionism__camille-pissarro_the-gardener-afternoon-sun-eragny-1899__to__Ukiyo_e.png,0.83673257,0.0,0.6523610353469849,0.0
Impressionism,Early_Renaissance,Impressionism__childe-hassam_evening-champs-elysees-aka-pres-du-louvre.jpg,Impressionism__Impressionism__childe-hassam_evening-champs-elysees-aka-pres-du-louvre__to__Early_Renaissance.png,0.84502274,0.0,0.6285701990127563,0.0
Impressionism,Impressionism,Impressionism__childe-hassam_evening-champs-elysees-aka-pres-du-louvre.jpg,Impressionism__Impressionism__childe-hassam_evening-champs-elysees-aka-pres-du-louvre__to__Impressionism.png,0.8423431,0.0,0.6359744071960449,0.0
Impressionism,Minimalism,Impressionism__childe-hassam_evening-champs-elysees-aka-pres-du-louvre.jpg,Impressionism__Impressionism__childe-hassam_evening-champs-elysees-aka-pres-du-louvre__to__Minimalism.png,0.8380106,0.0,0.7857973575592041,0.0
Impressionism,Rococo,Impressionism__childe-hassam_evening-champs-elysees-aka-pres-du-louvre.jpg,Impressionism__Impressionism__childe-hassam_evening-champs-elysees-aka-pres-du-louvre__to__Rococo.png,0.8496048,0.0,0.5465278625488281,0.0
Impressionism,Ukiyo_e,Impressionism__childe-hassam_evening-champs-elysees-aka-pres-du-louvre.jpg,Impressionism__Impressionism__childe-hassam_evening-champs-elysees-aka-pres-du-louvre__to__Ukiyo_e.png,0.8286698,0.0,0.6249204277992249,0.0
Impressionism,Early_Renaissance,Impressionism__childe-hassam_september-moonrise.jpg,Impressionism__Impressionism__childe-hassam_september-moonrise__to__Early_Renaissance.png,0.8501265,0.0,0.6158159375190735,0.0
Impressionism,Impressionism,Impressionism__childe-hassam_september-moonrise.jpg,Impressionism__Impressionism__childe-hassam_september-moonrise__to__Impressionism.png,0.8453573,0.0,0.7072369456291199,0.0
Impressionism,Minimalism,Impressionism__childe-hassam_september-moonrise.jpg,Impressionism__Impressionism__childe-hassam_september-moonrise__to__Minimalism.png,0.8717409,0.0,0.8132728338241577,0.0
Impressionism,Rococo,Impressionism__childe-hassam_september-moonrise.jpg,Impressionism__Impressionism__childe-hassam_september-moonrise__to__Rococo.png,0.8501483,0.0,0.56398606300354,0.0
Impressionism,Ukiyo_e,Impressionism__childe-hassam_september-moonrise.jpg,Impressionism__Impressionism__childe-hassam_september-moonrise__to__Ukiyo_e.png,0.82999545,0.0,0.645065188407898,0.0
Impressionism,Early_Renaissance,Impressionism__claude-monet_bordighera-the-house-of-gardener.jpg,Impressionism__Impressionism__claude-monet_bordighera-the-house-of-gardener__to__Early_Renaissance.png,0.86612165,0.0,0.6227002739906311,0.0
Impressionism,Impressionism,Impressionism__claude-monet_bordighera-the-house-of-gardener.jpg,Impressionism__Impressionism__claude-monet_bordighera-the-house-of-gardener__to__Impressionism.png,0.85660577,0.0,0.6264058947563171,0.0
Impressionism,Minimalism,Impressionism__claude-monet_bordighera-the-house-of-gardener.jpg,Impressionism__Impressionism__claude-monet_bordighera-the-house-of-gardener__to__Minimalism.png,0.8262627,0.0,0.7955642938613892,0.0
Impressionism,Rococo,Impressionism__claude-monet_bordighera-the-house-of-gardener.jpg,Impressionism__Impressionism__claude-monet_bordighera-the-house-of-gardener__to__Rococo.png,0.8621284,0.0,0.565436065196991,0.0
Impressionism,Ukiyo_e,Impressionism__claude-monet_bordighera-the-house-of-gardener.jpg,Impressionism__Impressionism__claude-monet_bordighera-the-house-of-gardener__to__Ukiyo_e.png,0.84616053,0.0,0.6088331341743469,0.0
Impressionism,Early_Renaissance,Impressionism__claude-monet_palazzo-contarini-2.jpg,Impressionism__Impressionism__claude-monet_palazzo-contarini-2__to__Early_Renaissance.png,0.9171784,0.0,0.6367419362068176,0.0
Impressionism,Impressionism,Impressionism__claude-monet_palazzo-contarini-2.jpg,Impressionism__Impressionism__claude-monet_palazzo-contarini-2__to__Impressionism.png,0.92557067,0.0,0.6870822906494141,0.0
Impressionism,Minimalism,Impressionism__claude-monet_palazzo-contarini-2.jpg,Impressionism__Impressionism__claude-monet_palazzo-contarini-2__to__Minimalism.png,0.90603465,0.0,0.8242345452308655,0.0
Impressionism,Rococo,Impressionism__claude-monet_palazzo-contarini-2.jpg,Impressionism__Impressionism__claude-monet_palazzo-contarini-2__to__Rococo.png,0.9145668,0.0,0.5668874979019165,0.0
Impressionism,Ukiyo_e,Impressionism__claude-monet_palazzo-contarini-2.jpg,Impressionism__Impressionism__claude-monet_palazzo-contarini-2__to__Ukiyo_e.png,0.9051836,0.0,0.6426900625228882,0.0
Impressionism,Early_Renaissance,Impressionism__claude-monet_rouen-cathedral-the-portal-at-midday.jpg,Impressionism__Impressionism__claude-monet_rouen-cathedral-the-portal-at-midday__to__Early_Renaissance.png,0.89879113,0.0,0.6540388464927673,0.0
Impressionism,Impressionism,Impressionism__claude-monet_rouen-cathedral-the-portal-at-midday.jpg,Impressionism__Impressionism__claude-monet_rouen-cathedral-the-portal-at-midday__to__Impressionism.png,0.903498,0.0,0.7242392301559448,0.0
Impressionism,Minimalism,Impressionism__claude-monet_rouen-cathedral-the-portal-at-midday.jpg,Impressionism__Impressionism__claude-monet_rouen-cathedral-the-portal-at-midday__to__Minimalism.png,0.8793998,0.0,0.8282302021980286,0.0
Impressionism,Rococo,Impressionism__claude-monet_rouen-cathedral-the-portal-at-midday.jpg,Impressionism__Impressionism__claude-monet_rouen-cathedral-the-portal-at-midday__to__Rococo.png,0.9037292,0.0,0.6138145923614502,0.0
Impressionism,Ukiyo_e,Impressionism__claude-monet_rouen-cathedral-the-portal-at-midday.jpg,Impressionism__Impressionism__claude-monet_rouen-cathedral-the-portal-at-midday__to__Ukiyo_e.png,0.88723814,0.0,0.6557992696762085,0.0
Impressionism,Early_Renaissance,Impressionism__edgar-degas_ancer-with-red-stockings.jpg,Impressionism__Impressionism__edgar-degas_ancer-with-red-stockings__to__Early_Renaissance.png,0.8587113,0.0,0.6586971879005432,0.0
Impressionism,Impressionism,Impressionism__edgar-degas_ancer-with-red-stockings.jpg,Impressionism__Impressionism__edgar-degas_ancer-with-red-stockings__to__Impressionism.png,0.8552634,0.0,0.695044219493866,0.0
Impressionism,Minimalism,Impressionism__edgar-degas_ancer-with-red-stockings.jpg,Impressionism__Impressionism__edgar-degas_ancer-with-red-stockings__to__Minimalism.png,0.8407475,0.0,0.8578277826309204,0.0
Impressionism,Rococo,Impressionism__edgar-degas_ancer-with-red-stockings.jpg,Impressionism__Impressionism__edgar-degas_ancer-with-red-stockings__to__Rococo.png,0.8578635,0.0,0.6079477071762085,0.0
Impressionism,Ukiyo_e,Impressionism__edgar-degas_ancer-with-red-stockings.jpg,Impressionism__Impressionism__edgar-degas_ancer-with-red-stockings__to__Ukiyo_e.png,0.8571135,0.0,0.6732786893844604,0.0
Impressionism,Early_Renaissance,Impressionism__edgar-degas_study-of-gentile-bellini-1855.jpg,Impressionism__Impressionism__edgar-degas_study-of-gentile-bellini-1855__to__Early_Renaissance.png,0.84149367,0.0,0.6469902992248535,0.0
Impressionism,Impressionism,Impressionism__edgar-degas_study-of-gentile-bellini-1855.jpg,Impressionism__Impressionism__edgar-degas_study-of-gentile-bellini-1855__to__Impressionism.png,0.84404993,0.0,0.6932598948478699,0.0
Impressionism,Minimalism,Impressionism__edgar-degas_study-of-gentile-bellini-1855.jpg,Impressionism__Impressionism__edgar-degas_study-of-gentile-bellini-1855__to__Minimalism.png,0.8544741,0.0,0.8637728691101074,0.0
Impressionism,Rococo,Impressionism__edgar-degas_study-of-gentile-bellini-1855.jpg,Impressionism__Impressionism__edgar-degas_study-of-gentile-bellini-1855__to__Rococo.png,0.8566958,0.0,0.6029469966888428,0.0
Impressionism,Ukiyo_e,Impressionism__edgar-degas_study-of-gentile-bellini-1855.jpg,Impressionism__Impressionism__edgar-degas_study-of-gentile-bellini-1855__to__Ukiyo_e.png,0.83941126,0.0,0.648512065410614,0.0
Impressionism,Early_Renaissance,Impressionism__edouard-manet_tarring-the-boat-1873.jpg,Impressionism__Impressionism__edouard-manet_tarring-the-boat-1873__to__Early_Renaissance.png,0.85362697,0.0,0.6577035188674927,0.0
Impressionism,Impressionism,Impressionism__edouard-manet_tarring-the-boat-1873.jpg,Impressionism__Impressionism__edouard-manet_tarring-the-boat-1873__to__Impressionism.png,0.8338077,0.0,0.7557275295257568,0.0
Impressionism,Minimalism,Impressionism__edouard-manet_tarring-the-boat-1873.jpg,Impressionism__Impressionism__edouard-manet_tarring-the-boat-1873__to__Minimalism.png,0.8397986,0.0,0.8523069620132446,0.0
Impressionism,Rococo,Impressionism__edouard-manet_tarring-the-boat-1873.jpg,Impressionism__Impressionism__edouard-manet_tarring-the-boat-1873__to__Rococo.png,0.84773207,0.0,0.6128761172294617,0.0
Impressionism,Ukiyo_e,Impressionism__edouard-manet_tarring-the-boat-1873.jpg,Impressionism__Impressionism__edouard-manet_tarring-the-boat-1873__to__Ukiyo_e.png,0.8540663,0.0,0.6650218367576599,0.0
Impressionism,Early_Renaissance,Impressionism__eugene-boudin_laundresses-on-the-banks-of-the-touques-9.jpg,Impressionism__Impressionism__eugene-boudin_laundresses-on-the-banks-of-the-touques-9__to__Early_Renaissance.png,0.8134634,0.0,0.6451553702354431,0.0
Impressionism,Impressionism,Impressionism__eugene-boudin_laundresses-on-the-banks-of-the-touques-9.jpg,Impressionism__Impressionism__eugene-boudin_laundresses-on-the-banks-of-the-touques-9__to__Impressionism.png,0.79858446,0.0,0.6299037933349609,0.0
Impressionism,Minimalism,Impressionism__eugene-boudin_laundresses-on-the-banks-of-the-touques-9.jpg,Impressionism__Impressionism__eugene-boudin_laundresses-on-the-banks-of-the-touques-9__to__Minimalism.png,0.80335206,0.0,0.8022667169570923,0.0
Impressionism,Rococo,Impressionism__eugene-boudin_laundresses-on-the-banks-of-the-touques-9.jpg,Impressionism__Impressionism__eugene-boudin_laundresses-on-the-banks-of-the-touques-9__to__Rococo.png,0.8045535,0.0,0.556939423084259,0.0
Impressionism,Ukiyo_e,Impressionism__eugene-boudin_laundresses-on-the-banks-of-the-touques-9.jpg,Impressionism__Impressionism__eugene-boudin_laundresses-on-the-banks-of-the-touques-9__to__Ukiyo_e.png,0.79649997,0.0,0.6237308382987976,0.0
Impressionism,Early_Renaissance,Impressionism__eugene-boudin_the-port-ships-at-dock.jpg,Impressionism__Impressionism__eugene-boudin_the-port-ships-at-dock__to__Early_Renaissance.png,0.86364406,0.0,0.6376432776451111,0.0
Impressionism,Impressionism,Impressionism__eugene-boudin_the-port-ships-at-dock.jpg,Impressionism__Impressionism__eugene-boudin_the-port-ships-at-dock__to__Impressionism.png,0.8853536,0.0,0.7247362732887268,0.0
Impressionism,Minimalism,Impressionism__eugene-boudin_the-port-ships-at-dock.jpg,Impressionism__Impressionism__eugene-boudin_the-port-ships-at-dock__to__Minimalism.png,0.8650539,0.0,0.8139525055885315,0.0
Impressionism,Rococo,Impressionism__eugene-boudin_the-port-ships-at-dock.jpg,Impressionism__Impressionism__eugene-boudin_the-port-ships-at-dock__to__Rococo.png,0.870464,0.0,0.585058331489563,0.0
Impressionism,Ukiyo_e,Impressionism__eugene-boudin_the-port-ships-at-dock.jpg,Impressionism__Impressionism__eugene-boudin_the-port-ships-at-dock__to__Ukiyo_e.png,0.8828194,0.0,0.6304805874824524,0.0
Impressionism,Early_Renaissance,Impressionism__eugene-boudin_trouville-the-fish-market-1884.jpg,Impressionism__Impressionism__eugene-boudin_trouville-the-fish-market-1884__to__Early_Renaissance.png,0.8576471,0.0,0.656505823135376,0.0
Impressionism,Impressionism,Impressionism__eugene-boudin_trouville-the-fish-market-1884.jpg,Impressionism__Impressionism__eugene-boudin_trouville-the-fish-market-1884__to__Impressionism.png,0.8867608,0.0,0.7178528308868408,0.0
Impressionism,Minimalism,Impressionism__eugene-boudin_trouville-the-fish-market-1884.jpg,Impressionism__Impressionism__eugene-boudin_trouville-the-fish-market-1884__to__Minimalism.png,0.8656121,0.0,0.8423014283180237,0.0
Impressionism,Rococo,Impressionism__eugene-boudin_trouville-the-fish-market-1884.jpg,Impressionism__Impressionism__eugene-boudin_trouville-the-fish-market-1884__to__Rococo.png,0.85709476,0.0,0.5843368768692017,0.0
Impressionism,Ukiyo_e,Impressionism__eugene-boudin_trouville-the-fish-market-1884.jpg,Impressionism__Impressionism__eugene-boudin_trouville-the-fish-market-1884__to__Ukiyo_e.png,0.8717445,0.0,0.6478946208953857,0.0
Impressionism,Early_Renaissance,Impressionism__henri-matisse_brittany-also-known-as-boat-1896.jpg,Impressionism__Impressionism__henri-matisse_brittany-also-known-as-boat-1896__to__Early_Renaissance.png,0.7590203,0.0,0.6372547149658203,0.0
Impressionism,Impressionism,Impressionism__henri-matisse_brittany-also-known-as-boat-1896.jpg,Impressionism__Impressionism__henri-matisse_brittany-also-known-as-boat-1896__to__Impressionism.png,0.75892603,0.0,0.6761596202850342,0.0
Impressionism,Minimalism,Impressionism__henri-matisse_brittany-also-known-as-boat-1896.jpg,Impressionism__Impressionism__henri-matisse_brittany-also-known-as-boat-1896__to__Minimalism.png,0.7661822,0.0,0.7994664907455444,0.0
Impressionism,Rococo,Impressionism__henri-matisse_brittany-also-known-as-boat-1896.jpg,Impressionism__Impressionism__henri-matisse_brittany-also-known-as-boat-1896__to__Rococo.png,0.7603293,0.0,0.5663766264915466,0.0
Impressionism,Ukiyo_e,Impressionism__henri-matisse_brittany-also-known-as-boat-1896.jpg,Impressionism__Impressionism__henri-matisse_brittany-also-known-as-boat-1896__to__Ukiyo_e.png,0.75082123,0.0,0.6132819056510925,0.0
Impressionism,Early_Renaissance,Impressionism__joaquã­n-sorolla_study-of-vineyard.jpg,Impressionism__Impressionism__joaquã­n-sorolla_study-of-vineyard__to__Early_Renaissance.png,0.8848867,0.0,0.6562235355377197,0.0
Impressionism,Impressionism,Impressionism__joaquã­n-sorolla_study-of-vineyard.jpg,Impressionism__Impressionism__joaquã­n-sorolla_study-of-vineyard__to__Impressionism.png,0.86051583,0.0,0.6896587610244751,0.0
Impressionism,Minimalism,Impressionism__joaquã­n-sorolla_study-of-vineyard.jpg,Impressionism__Impressionism__joaquã­n-sorolla_study-of-vineyard__to__Minimalism.png,0.87890023,0.0,0.8280093669891357,0.0
Impressionism,Rococo,Impressionism__joaquã­n-sorolla_study-of-vineyard.jpg,Impressionism__Impressionism__joaquã­n-sorolla_study-of-vineyard__to__Rococo.png,0.8475985,0.0,0.583506166934967,0.0
Impressionism,Ukiyo_e,Impressionism__joaquã­n-sorolla_study-of-vineyard.jpg,Impressionism__Impressionism__joaquã­n-sorolla_study-of-vineyard__to__Ukiyo_e.png,0.8817964,0.0,0.6257306933403015,0.0
Impressionism,Early_Renaissance,Impressionism__john-singer-sargent_lake-in-the-tyrol.jpg,Impressionism__Impressionism__john-singer-sargent_lake-in-the-tyrol__to__Early_Renaissance.png,0.7917818,0.0,0.6699168682098389,0.0
Impressionism,Impressionism,Impressionism__john-singer-sargent_lake-in-the-tyrol.jpg,Impressionism__Impressionism__john-singer-sargent_lake-in-the-tyrol__to__Impressionism.png,0.7895297,0.0,0.7074358463287354,0.0
Impressionism,Minimalism,Impressionism__john-singer-sargent_lake-in-the-tyrol.jpg,Impressionism__Impressionism__john-singer-sargent_lake-in-the-tyrol__to__Minimalism.png,0.78128433,0.0,0.8539136648178101,0.0
Impressionism,Rococo,Impressionism__john-singer-sargent_lake-in-the-tyrol.jpg,Impressionism__Impressionism__john-singer-sargent_lake-in-the-tyrol__to__Rococo.png,0.776585,0.0,0.6022946834564209,0.0
Impressionism,Ukiyo_e,Impressionism__john-singer-sargent_lake-in-the-tyrol.jpg,Impressionism__Impressionism__john-singer-sargent_lake-in-the-tyrol__to__Ukiyo_e.png,0.78441024,0.0,0.6629534363746643,0.0
Impressionism,Early_Renaissance,Impressionism__konstantin-korovin_arctic-ocean-1913.jpg,Impressionism__Impressionism__konstantin-korovin_arctic-ocean-1913__to__Early_Renaissance.png,0.7533698,0.0,0.6533339023590088,0.0
Impressionism,Impressionism,Impressionism__konstantin-korovin_arctic-ocean-1913.jpg,Impressionism__Impressionism__konstantin-korovin_arctic-ocean-1913__to__Impressionism.png,0.7512727,0.0,0.6563109159469604,0.0
Impressionism,Minimalism,Impressionism__konstantin-korovin_arctic-ocean-1913.jpg,Impressionism__Impressionism__konstantin-korovin_arctic-ocean-1913__to__Minimalism.png,0.76152873,0.0,0.8253886699676514,0.0
Impressionism,Rococo,Impressionism__konstantin-korovin_arctic-ocean-1913.jpg,Impressionism__Impressionism__konstantin-korovin_arctic-ocean-1913__to__Rococo.png,0.7368503,0.0,0.5818783044815063,0.0
Impressionism,Ukiyo_e,Impressionism__konstantin-korovin_arctic-ocean-1913.jpg,Impressionism__Impressionism__konstantin-korovin_arctic-ocean-1913__to__Ukiyo_e.png,0.7687357,0.0,0.6418086886405945,0.0
Impressionism,Early_Renaissance,Impressionism__mihaly-munkacsy_dusty-country-road-ii-1883.jpg,Impressionism__Impressionism__mihaly-munkacsy_dusty-country-road-ii-1883__to__Early_Renaissance.png,0.75467235,0.0,0.6404046416282654,0.0
Impressionism,Impressionism,Impressionism__mihaly-munkacsy_dusty-country-road-ii-1883.jpg,Impressionism__Impressionism__mihaly-munkacsy_dusty-country-road-ii-1883__to__Impressionism.png,0.7608536,0.0,0.7008769512176514,0.0
Impressionism,Minimalism,Impressionism__mihaly-munkacsy_dusty-country-road-ii-1883.jpg,Impressionism__Impressionism__mihaly-munkacsy_dusty-country-road-ii-1883__to__Minimalism.png,0.7520925,0.0,0.7915580868721008,0.0
Impressionism,Rococo,Impressionism__mihaly-munkacsy_dusty-country-road-ii-1883.jpg,Impressionism__Impressionism__mihaly-munkacsy_dusty-country-road-ii-1883__to__Rococo.png,0.7591309,0.0,0.5958979725837708,0.0
Impressionism,Ukiyo_e,Impressionism__mihaly-munkacsy_dusty-country-road-ii-1883.jpg,Impressionism__Impressionism__mihaly-munkacsy_dusty-country-road-ii-1883__to__Ukiyo_e.png,0.7541679,0.0,0.6560453176498413,0.0
Impressionism,Early_Renaissance,Impressionism__nicolae-vermont_rotterdam-port-1928.jpg,Impressionism__Impressionism__nicolae-vermont_rotterdam-port-1928__to__Early_Renaissance.png,0.7437328,0.0,0.6511505842208862,0.0
Impressionism,Impressionism,Impressionism__nicolae-vermont_rotterdam-port-1928.jpg,Impressionism__Impressionism__nicolae-vermont_rotterdam-port-1928__to__Impressionism.png,0.7558788,0.0,0.6731547117233276,0.0
Impressionism,Minimalism,Impressionism__nicolae-vermont_rotterdam-port-1928.jpg,Impressionism__Impressionism__nicolae-vermont_rotterdam-port-1928__to__Minimalism.png,0.7428046,0.0,0.850166916847229,0.0
Impressionism,Rococo,Impressionism__nicolae-vermont_rotterdam-port-1928.jpg,Impressionism__Impressionism__nicolae-vermont_rotterdam-port-1928__to__Rococo.png,0.7628126,0.0,0.6197483539581299,0.0
Impressionism,Ukiyo_e,Impressionism__nicolae-vermont_rotterdam-port-1928.jpg,Impressionism__Impressionism__nicolae-vermont_rotterdam-port-1928__to__Ukiyo_e.png,0.74356383,0.0,0.6540963053703308,0.0
Impressionism,Early_Renaissance,Impressionism__nikolay-bogdanov-belsky_connoisseurs-of-books-knowledge-is-power.jpg,Impressionism__Impressionism__nikolay-bogdanov-belsky_connoisseurs-of-books-knowledge-is-power__to__Early_Renaissance.png,0.8353579,0.0,0.6343703269958496,0.0
Impressionism,Impressionism,Impressionism__nikolay-bogdanov-belsky_connoisseurs-of-books-knowledge-is-power.jpg,Impressionism__Impressionism__nikolay-bogdanov-belsky_connoisseurs-of-books-knowledge-is-power__to__Impressionism.png,0.8308418,0.0,0.6653158068656921,0.0
Impressionism,Minimalism,Impressionism__nikolay-bogdanov-belsky_connoisseurs-of-books-knowledge-is-power.jpg,Impressionism__Impressionism__nikolay-bogdanov-belsky_connoisseurs-of-books-knowledge-is-power__to__Minimalism.png,0.8289108,0.0,0.7823908925056458,0.0
Impressionism,Rococo,Impressionism__nikolay-bogdanov-belsky_connoisseurs-of-books-knowledge-is-power.jpg,Impressionism__Impressionism__nikolay-bogdanov-belsky_connoisseurs-of-books-knowledge-is-power__to__Rococo.png,0.8320791,0.0,0.5747531056404114,0.0
Impressionism,Ukiyo_e,Impressionism__nikolay-bogdanov-belsky_connoisseurs-of-books-knowledge-is-power.jpg,Impressionism__Impressionism__nikolay-bogdanov-belsky_connoisseurs-of-books-knowledge-is-power__to__Ukiyo_e.png,0.8173233,0.0,0.6340397596359253,0.0
Impressionism,Early_Renaissance,Impressionism__pierre-auguste-renoir_still-life-with-apples-and-pomegranates-1901.jpg,Impressionism__Impressionism__pierre-auguste-renoir_still-life-with-apples-and-pomegranates-1901__to__Early_Renaissance.png,0.76243526,0.0,0.6729780435562134,0.0
Impressionism,Impressionism,Impressionism__pierre-auguste-renoir_still-life-with-apples-and-pomegranates-1901.jpg,Impressionism__Impressionism__pierre-auguste-renoir_still-life-with-apples-and-pomegranates-1901__to__Impressionism.png,0.77907443,0.0,0.7081201076507568,0.0
Impressionism,Minimalism,Impressionism__pierre-auguste-renoir_still-life-with-apples-and-pomegranates-1901.jpg,Impressionism__Impressionism__pierre-auguste-renoir_still-life-with-apples-and-pomegranates-1901__to__Minimalism.png,0.74434346,0.0,0.849402129650116,0.0
Impressionism,Rococo,Impressionism__pierre-auguste-renoir_still-life-with-apples-and-pomegranates-1901.jpg,Impressionism__Impressionism__pierre-auguste-renoir_still-life-with-apples-and-pomegranates-1901__to__Rococo.png,0.7636609,0.0,0.6255918741226196,0.0
Impressionism,Ukiyo_e,Impressionism__pierre-auguste-renoir_still-life-with-apples-and-pomegranates-1901.jpg,Impressionism__Impressionism__pierre-auguste-renoir_still-life-with-apples-and-pomegranates-1901__to__Ukiyo_e.png,0.75148225,0.0,0.6686442494392395,0.0
Impressionism,Early_Renaissance,Impressionism__rudolf-schweitzer-cumpana_str-du-n-atena.jpg,Impressionism__Impressionism__rudolf-schweitzer-cumpana_str-du-n-atena__to__Early_Renaissance.png,0.7862408,0.0,0.6775206923484802,0.0
Impressionism,Impressionism,Impressionism__rudolf-schweitzer-cumpana_str-du-n-atena.jpg,Impressionism__Impressionism__rudolf-schweitzer-cumpana_str-du-n-atena__to__Impressionism.png,0.7941294,0.0,0.7335813045501709,0.0
Impressionism,Minimalism,Impressionism__rudolf-schweitzer-cumpana_str-du-n-atena.jpg,Impressionism__Impressionism__rudolf-schweitzer-cumpana_str-du-n-atena__to__Minimalism.png,0.7994864,0.0,0.8418698310852051,0.0
Impressionism,Rococo,Impressionism__rudolf-schweitzer-cumpana_str-du-n-atena.jpg,Impressionism__Impressionism__rudolf-schweitzer-cumpana_str-du-n-atena__to__Rococo.png,0.79445183,0.0,0.6201189756393433,0.0
Impressionism,Ukiyo_e,Impressionism__rudolf-schweitzer-cumpana_str-du-n-atena.jpg,Impressionism__Impressionism__rudolf-schweitzer-cumpana_str-du-n-atena__to__Ukiyo_e.png,0.7953347,0.0,0.6601243019104004,0.0
Impressionism,Early_Renaissance,Impressionism__stefan-dimitrescu_cabaret.jpg,Impressionism__Impressionism__stefan-dimitrescu_cabaret__to__Early_Renaissance.png,0.78150177,0.0,0.6699524521827698,0.0
Impressionism,Impressionism,Impressionism__stefan-dimitrescu_cabaret.jpg,Impressionism__Impressionism__stefan-dimitrescu_cabaret__to__Impressionism.png,0.8000115,0.0,0.7292155623435974,0.0
Impressionism,Minimalism,Impressionism__stefan-dimitrescu_cabaret.jpg,Impressionism__Impressionism__stefan-dimitrescu_cabaret__to__Minimalism.png,0.78716147,0.0,0.8569848537445068,0.0
Impressionism,Rococo,Impressionism__stefan-dimitrescu_cabaret.jpg,Impressionism__Impressionism__stefan-dimitrescu_cabaret__to__Rococo.png,0.78520596,0.0,0.6027604341506958,0.0
Impressionism,Ukiyo_e,Impressionism__stefan-dimitrescu_cabaret.jpg,Impressionism__Impressionism__stefan-dimitrescu_cabaret__to__Ukiyo_e.png,0.7861546,0.0,0.6665875911712646,0.0
Impressionism,Early_Renaissance,Impressionism__william-merritt-chase_at-the-boat-landing.jpg,Impressionism__Impressionism__william-merritt-chase_at-the-boat-landing__to__Early_Renaissance.png,0.91340077,0.0,0.6619534492492676,0.0
Impressionism,Impressionism,Impressionism__william-merritt-chase_at-the-boat-landing.jpg,Impressionism__Impressionism__william-merritt-chase_at-the-boat-landing__to__Impressionism.png,0.92927074,0.0,0.7080881595611572,0.0
Impressionism,Minimalism,Impressionism__william-merritt-chase_at-the-boat-landing.jpg,Impressionism__Impressionism__william-merritt-chase_at-the-boat-landing__to__Minimalism.png,0.91315985,0.0,0.8575245141983032,0.0
Impressionism,Rococo,Impressionism__william-merritt-chase_at-the-boat-landing.jpg,Impressionism__Impressionism__william-merritt-chase_at-the-boat-landing__to__Rococo.png,0.9190571,0.0,0.5802364349365234,0.0
Impressionism,Ukiyo_e,Impressionism__william-merritt-chase_at-the-boat-landing.jpg,Impressionism__Impressionism__william-merritt-chase_at-the-boat-landing__to__Ukiyo_e.png,0.9045174,0.0,0.6237252950668335,0.0
Impressionism,Early_Renaissance,Impressionism__william-merritt-chase_gray-day-on-the-lagoon-a-passenger-boat-venice.jpg,Impressionism__Impressionism__william-merritt-chase_gray-day-on-the-lagoon-a-passenger-boat-venice__to__Early_Renaissance.png,0.82610613,0.0,0.6486129760742188,0.0
Impressionism,Impressionism,Impressionism__william-merritt-chase_gray-day-on-the-lagoon-a-passenger-boat-venice.jpg,Impressionism__Impressionism__william-merritt-chase_gray-day-on-the-lagoon-a-passenger-boat-venice__to__Impressionism.png,0.82317173,0.0,0.757591724395752,0.0
Impressionism,Minimalism,Impressionism__william-merritt-chase_gray-day-on-the-lagoon-a-passenger-boat-venice.jpg,Impressionism__Impressionism__william-merritt-chase_gray-day-on-the-lagoon-a-passenger-boat-venice__to__Minimalism.png,0.82825446,0.0,0.8366400003433228,0.0
Impressionism,Rococo,Impressionism__william-merritt-chase_gray-day-on-the-lagoon-a-passenger-boat-venice.jpg,Impressionism__Impressionism__william-merritt-chase_gray-day-on-the-lagoon-a-passenger-boat-venice__to__Rococo.png,0.82448536,0.0,0.609497606754303,0.0
Impressionism,Ukiyo_e,Impressionism__william-merritt-chase_gray-day-on-the-lagoon-a-passenger-boat-venice.jpg,Impressionism__Impressionism__william-merritt-chase_gray-day-on-the-lagoon-a-passenger-boat-venice__to__Ukiyo_e.png,0.8312886,0.0,0.6655999422073364,0.0
Impressionism,Early_Renaissance,Impressionism__winston-churchill_distant-view-of-the-pyramids-1921-1(1).jpg,Impressionism__Impressionism__winston-churchill_distant-view-of-the-pyramids-1921-1(1)__to__Early_Renaissance.png,0.77701616,0.0,0.643649160861969,0.0
Impressionism,Impressionism,Impressionism__winston-churchill_distant-view-of-the-pyramids-1921-1(1).jpg,Impressionism__Impressionism__winston-churchill_distant-view-of-the-pyramids-1921-1(1)__to__Impressionism.png,0.79687226,0.0,0.7017543315887451,0.0
Impressionism,Minimalism,Impressionism__winston-churchill_distant-view-of-the-pyramids-1921-1(1).jpg,Impressionism__Impressionism__winston-churchill_distant-view-of-the-pyramids-1921-1(1)__to__Minimalism.png,0.77960885,0.0,0.8322254419326782,0.0
Impressionism,Rococo,Impressionism__winston-churchill_distant-view-of-the-pyramids-1921-1(1).jpg,Impressionism__Impressionism__winston-churchill_distant-view-of-the-pyramids-1921-1(1)__to__Rococo.png,0.77727866,0.0,0.5993951559066772,0.0
Impressionism,Ukiyo_e,Impressionism__winston-churchill_distant-view-of-the-pyramids-1921-1(1).jpg,Impressionism__Impressionism__winston-churchill_distant-view-of-the-pyramids-1921-1(1)__to__Ukiyo_e.png,0.7917454,0.0,0.6386762857437134,0.0
Minimalism,Early_Renaissance,Minimalism__agnes-martin_happy-valley-1967.jpg,Minimalism__Minimalism__agnes-martin_happy-valley-1967__to__Early_Renaissance.png,0.8397255,0.0,0.6577402353286743,0.0
Minimalism,Impressionism,Minimalism__agnes-martin_happy-valley-1967.jpg,Minimalism__Minimalism__agnes-martin_happy-valley-1967__to__Impressionism.png,0.82043743,0.0,0.7103495001792908,0.0
Minimalism,Minimalism,Minimalism__agnes-martin_happy-valley-1967.jpg,Minimalism__Minimalism__agnes-martin_happy-valley-1967__to__Minimalism.png,0.82545674,0.0,0.8348559141159058,0.0
Minimalism,Rococo,Minimalism__agnes-martin_happy-valley-1967.jpg,Minimalism__Minimalism__agnes-martin_happy-valley-1967__to__Rococo.png,0.819433,0.0,0.5968925356864929,0.0
Minimalism,Ukiyo_e,Minimalism__agnes-martin_happy-valley-1967.jpg,Minimalism__Minimalism__agnes-martin_happy-valley-1967__to__Ukiyo_e.png,0.8297864,0.0,0.6606007814407349,0.0
Minimalism,Early_Renaissance,Minimalism__alvaro-lapa_criminals-and-their-properties-1974.jpg,Minimalism__Minimalism__alvaro-lapa_criminals-and-their-properties-1974__to__Early_Renaissance.png,0.71930623,0.0,0.6699257493019104,0.0
Minimalism,Impressionism,Minimalism__alvaro-lapa_criminals-and-their-properties-1974.jpg,Minimalism__Minimalism__alvaro-lapa_criminals-and-their-properties-1974__to__Impressionism.png,0.7156957,0.0,0.7396377325057983,0.0
Minimalism,Minimalism,Minimalism__alvaro-lapa_criminals-and-their-properties-1974.jpg,Minimalism__Minimalism__alvaro-lapa_criminals-and-their-properties-1974__to__Minimalism.png,0.7131208,0.0,0.8690442442893982,0.0
Minimalism,Rococo,Minimalism__alvaro-lapa_criminals-and-their-properties-1974.jpg,Minimalism__Minimalism__alvaro-lapa_criminals-and-their-properties-1974__to__Rococo.png,0.709888,0.0,0.617364227771759,0.0
Minimalism,Ukiyo_e,Minimalism__alvaro-lapa_criminals-and-their-properties-1974.jpg,Minimalism__Minimalism__alvaro-lapa_criminals-and-their-properties-1974__to__Ukiyo_e.png,0.7260146,0.0,0.6806901693344116,0.0
Minimalism,Early_Renaissance,Minimalism__brice-marden_joined-2011.jpg,Minimalism__Minimalism__brice-marden_joined-2011__to__Early_Renaissance.png,0.87413704,0.0,0.6777276992797852,0.0
Minimalism,Impressionism,Minimalism__brice-marden_joined-2011.jpg,Minimalism__Minimalism__brice-marden_joined-2011__to__Impressionism.png,0.87790334,0.0,0.7209890484809875,0.0
Minimalism,Minimalism,Minimalism__brice-marden_joined-2011.jpg,Minimalism__Minimalism__brice-marden_joined-2011__to__Minimalism.png,0.8802905,0.0,0.8519957065582275,0.0
Minimalism,Rococo,Minimalism__brice-marden_joined-2011.jpg,Minimalism__Minimalism__brice-marden_joined-2011__to__Rococo.png,0.8810034,0.0,0.6245848536491394,0.0
Minimalism,Ukiyo_e,Minimalism__brice-marden_joined-2011.jpg,Minimalism__Minimalism__brice-marden_joined-2011__to__Ukiyo_e.png,0.87611145,0.0,0.6832256317138672,0.0
Minimalism,Early_Renaissance,Minimalism__bruce-nauman_la-brea-art-tips-rat-spit-tar-pits-1972.jpg,Minimalism__Minimalism__bruce-nauman_la-brea-art-tips-rat-spit-tar-pits-1972__to__Early_Renaissance.png,0.8264035,0.0,0.647895097732544,0.0
Minimalism,Impressionism,Minimalism__bruce-nauman_la-brea-art-tips-rat-spit-tar-pits-1972.jpg,Minimalism__Minimalism__bruce-nauman_la-brea-art-tips-rat-spit-tar-pits-1972__to__Impressionism.png,0.8338771,0.0,0.7052640914916992,0.0
Minimalism,Minimalism,Minimalism__bruce-nauman_la-brea-art-tips-rat-spit-tar-pits-1972.jpg,Minimalism__Minimalism__bruce-nauman_la-brea-art-tips-rat-spit-tar-pits-1972__to__Minimalism.png,0.84864557,0.0,0.8200867176055908,0.0
Minimalism,Rococo,Minimalism__bruce-nauman_la-brea-art-tips-rat-spit-tar-pits-1972.jpg,Minimalism__Minimalism__bruce-nauman_la-brea-art-tips-rat-spit-tar-pits-1972__to__Rococo.png,0.8426306,0.0,0.6025246381759644,0.0
Minimalism,Ukiyo_e,Minimalism__bruce-nauman_la-brea-art-tips-rat-spit-tar-pits-1972.jpg,Minimalism__Minimalism__bruce-nauman_la-brea-art-tips-rat-spit-tar-pits-1972__to__Ukiyo_e.png,0.83839357,0.0,0.647203803062439,0.0
Minimalism,Early_Renaissance,Minimalism__dan-flavin_greens-crossing-greens-to-piet-mondrian-who-lacked-green-1966.jpg,Minimalism__Minimalism__dan-flavin_greens-crossing-greens-to-piet-mondrian-who-lacked-green-1966__to__Early_Renaissance.png,0.80410796,0.0,0.6392520666122437,0.0
Minimalism,Impressionism,Minimalism__dan-flavin_greens-crossing-greens-to-piet-mondrian-who-lacked-green-1966.jpg,Minimalism__Minimalism__dan-flavin_greens-crossing-greens-to-piet-mondrian-who-lacked-green-1966__to__Impressionism.png,0.8064295,0.0,0.6823849081993103,0.0
Minimalism,Minimalism,Minimalism__dan-flavin_greens-crossing-greens-to-piet-mondrian-who-lacked-green-1966.jpg,Minimalism__Minimalism__dan-flavin_greens-crossing-greens-to-piet-mondrian-who-lacked-green-1966__to__Minimalism.png,0.79371566,0.0,0.8390854597091675,0.0
Minimalism,Rococo,Minimalism__dan-flavin_greens-crossing-greens-to-piet-mondrian-who-lacked-green-1966.jpg,Minimalism__Minimalism__dan-flavin_greens-crossing-greens-to-piet-mondrian-who-lacked-green-1966__to__Rococo.png,0.79956937,0.0,0.5915432572364807,0.0
Minimalism,Ukiyo_e,Minimalism__dan-flavin_greens-crossing-greens-to-piet-mondrian-who-lacked-green-1966.jpg,Minimalism__Minimalism__dan-flavin_greens-crossing-greens-to-piet-mondrian-who-lacked-green-1966__to__Ukiyo_e.png,0.825471,0.0,0.6342750191688538,0.0
Minimalism,Early_Renaissance,Minimalism__ellsworth-kelly_diagonal-1951.jpg,Minimalism__Minimalism__ellsworth-kelly_diagonal-1951__to__Early_Renaissance.png,0.7916981,0.0,0.6652148962020874,0.0
Minimalism,Impressionism,Minimalism__ellsworth-kelly_diagonal-1951.jpg,Minimalism__Minimalism__ellsworth-kelly_diagonal-1951__to__Impressionism.png,0.7843026,0.0,0.7252422571182251,0.0
Minimalism,Minimalism,Minimalism__ellsworth-kelly_diagonal-1951.jpg,Minimalism__Minimalism__ellsworth-kelly_diagonal-1951__to__Minimalism.png,0.7804938,0.0,0.8630950450897217,0.0
Minimalism,Rococo,Minimalism__ellsworth-kelly_diagonal-1951.jpg,Minimalism__Minimalism__ellsworth-kelly_diagonal-1951__to__Rococo.png,0.79403955,0.0,0.6123335361480713,0.0
Minimalism,Ukiyo_e,Minimalism__ellsworth-kelly_diagonal-1951.jpg,Minimalism__Minimalism__ellsworth-kelly_diagonal-1951__to__Ukiyo_e.png,0.7865062,0.0,0.6747537851333618,0.0
Minimalism,Early_Renaissance,Minimalism__eva-hesse_expanded-expansion-1969.jpg,Minimalism__Minimalism__eva-hesse_expanded-expansion-1969__to__Early_Renaissance.png,0.8927395,0.0,0.6491971611976624,0.0
Minimalism,Impressionism,Minimalism__eva-hesse_expanded-expansion-1969.jpg,Minimalism__Minimalism__eva-hesse_expanded-expansion-1969__to__Impressionism.png,0.89790404,0.0,0.6625737547874451,0.0
Minimalism,Minimalism,Minimalism__eva-hesse_expanded-expansion-1969.jpg,Minimalism__Minimalism__eva-hesse_expanded-expansion-1969__to__Minimalism.png,0.8876292,0.0,0.8364858627319336,0.0
Minimalism,Rococo,Minimalism__eva-hesse_expanded-expansion-1969.jpg,Minimalism__Minimalism__eva-hesse_expanded-expansion-1969__to__Rococo.png,0.88065857,0.0,0.5606928467750549,0.0
Minimalism,Ukiyo_e,Minimalism__eva-hesse_expanded-expansion-1969.jpg,Minimalism__Minimalism__eva-hesse_expanded-expansion-1969__to__Ukiyo_e.png,0.8892293,0.0,0.6522601842880249,0.0
Minimalism,Early_Renaissance,Minimalism__fernando-lanhas_o39-68-1968.jpg,Minimalism__Minimalism__fernando-lanhas_o39-68-1968__to__Early_Renaissance.png,0.7706022,0.0,0.6419370174407959,0.0
Minimalism,Impressionism,Minimalism__fernando-lanhas_o39-68-1968.jpg,Minimalism__Minimalism__fernando-lanhas_o39-68-1968__to__Impressionism.png,0.7651242,0.0,0.6663830280303955,0.0
Minimalism,Minimalism,Minimalism__fernando-lanhas_o39-68-1968.jpg,Minimalism__Minimalism__fernando-lanhas_o39-68-1968__to__Minimalism.png,0.7597585,0.0,0.836958646774292,0.0
Minimalism,Rococo,Minimalism__fernando-lanhas_o39-68-1968.jpg,Minimalism__Minimalism__fernando-lanhas_o39-68-1968__to__Rococo.png,0.7607733,0.0,0.5771925449371338,0.0
Minimalism,Ukiyo_e,Minimalism__fernando-lanhas_o39-68-1968.jpg,Minimalism__Minimalism__fernando-lanhas_o39-68-1968__to__Ukiyo_e.png,0.7654592,0.0,0.642234742641449,0.0
Minimalism,Early_Renaissance,Minimalism__frank-stella_gezira-from-black-series-ii-1967.jpg,Minimalism__Minimalism__frank-stella_gezira-from-black-series-ii-1967__to__Early_Renaissance.png,0.8120161,0.0,0.6645960211753845,0.0
Minimalism,Impressionism,Minimalism__frank-stella_gezira-from-black-series-ii-1967.jpg,Minimalism__Minimalism__frank-stella_gezira-from-black-series-ii-1967__to__Impressionism.png,0.83141625,0.0,0.665684700012207,0.0
Minimalism,Minimalism,Minimalism__frank-stella_gezira-from-black-series-ii-1967.jpg,Minimalism__Minimalism__frank-stella_gezira-from-black-series-ii-1967__to__Minimalism.png,0.8356466,0.0,0.8585614562034607,0.0
Minimalism,Rococo,Minimalism__frank-stella_gezira-from-black-series-ii-1967.jpg,Minimalism__Minimalism__frank-stella_gezira-from-black-series-ii-1967__to__Rococo.png,0.8377718,0.0,0.5972196459770203,0.0
Minimalism,Ukiyo_e,Minimalism__frank-stella_gezira-from-black-series-ii-1967.jpg,Minimalism__Minimalism__frank-stella_gezira-from-black-series-ii-1967__to__Ukiyo_e.png,0.83667517,0.0,0.6524665951728821,0.0
Minimalism,Early_Renaissance,Minimalism__imi-knoebel_weiss-und-schwarz-4-2009.jpg,Minimalism__Minimalism__imi-knoebel_weiss-und-schwarz-4-2009__to__Early_Renaissance.png,0.86883193,0.0,0.6624504327774048,0.0
Minimalism,Impressionism,Minimalism__imi-knoebel_weiss-und-schwarz-4-2009.jpg,Minimalism__Minimalism__imi-knoebel_weiss-und-schwarz-4-2009__to__Impressionism.png,0.8709721,0.0,0.6695824265480042,0.0
Minimalism,Minimalism,Minimalism__imi-knoebel_weiss-und-schwarz-4-2009.jpg,Minimalism__Minimalism__imi-knoebel_weiss-und-schwarz-4-2009__to__Minimalism.png,0.8648147,0.0,0.8352859020233154,0.0
Minimalism,Rococo,Minimalism__imi-knoebel_weiss-und-schwarz-4-2009.jpg,Minimalism__Minimalism__imi-knoebel_weiss-und-schwarz-4-2009__to__Rococo.png,0.8524724,0.0,0.5997624397277832,0.0
Minimalism,Ukiyo_e,Minimalism__imi-knoebel_weiss-und-schwarz-4-2009.jpg,Minimalism__Minimalism__imi-knoebel_weiss-und-schwarz-4-2009__to__Ukiyo_e.png,0.8796703,0.0,0.6614931225776672,0.0
Minimalism,Early_Renaissance,Minimalism__joan-hernandez-pijuan_nuvol-rosa-2-1990.jpg,Minimalism__Minimalism__joan-hernandez-pijuan_nuvol-rosa-2-1990__to__Early_Renaissance.png,0.92443204,0.0,0.6417316198348999,0.0
Minimalism,Impressionism,Minimalism__joan-hernandez-pijuan_nuvol-rosa-2-1990.jpg,Minimalism__Minimalism__joan-hernandez-pijuan_nuvol-rosa-2-1990__to__Impressionism.png,0.93604714,0.0,0.7019148468971252,0.0
Minimalism,Minimalism,Minimalism__joan-hernandez-pijuan_nuvol-rosa-2-1990.jpg,Minimalism__Minimalism__joan-hernandez-pijuan_nuvol-rosa-2-1990__to__Minimalism.png,0.971919,0.0,0.8193241953849792,0.0
Minimalism,Rococo,Minimalism__joan-hernandez-pijuan_nuvol-rosa-2-1990.jpg,Minimalism__Minimalism__joan-hernandez-pijuan_nuvol-rosa-2-1990__to__Rococo.png,0.952837,0.0,0.5738039016723633,0.0
Minimalism,Ukiyo_e,Minimalism__joan-hernandez-pijuan_nuvol-rosa-2-1990.jpg,Minimalism__Minimalism__joan-hernandez-pijuan_nuvol-rosa-2-1990__to__Ukiyo_e.png,0.92253697,0.0,0.6458350419998169,0.0
Minimalism,Early_Renaissance,Minimalism__joan-hernandez-pijuan_untitled-120-1999.jpg,Minimalism__Minimalism__joan-hernandez-pijuan_untitled-120-1999__to__Early_Renaissance.png,0.7938068,0.0,0.6426597237586975,0.0
Minimalism,Impressionism,Minimalism__joan-hernandez-pijuan_untitled-120-1999.jpg,Minimalism__Minimalism__joan-hernandez-pijuan_untitled-120-1999__to__Impressionism.png,0.7967988,0.0,0.6920995712280273,0.0
Minimalism,Minimalism,Minimalism__joan-hernandez-pijuan_untitled-120-1999.jpg,Minimalism__Minimalism__joan-hernandez-pijuan_untitled-120-1999__to__Minimalism.png,0.7927934,0.0,0.8187049627304077,0.0
Minimalism,Rococo,Minimalism__joan-hernandez-pijuan_untitled-120-1999.jpg,Minimalism__Minimalism__joan-hernandez-pijuan_untitled-120-1999__to__Rococo.png,0.80391383,0.0,0.598193883895874,0.0
Minimalism,Ukiyo_e,Minimalism__joan-hernandez-pijuan_untitled-120-1999.jpg,Minimalism__Minimalism__joan-hernandez-pijuan_untitled-120-1999__to__Ukiyo_e.png,0.7900175,0.0,0.6210161447525024,0.0
Minimalism,Early_Renaissance,Minimalism__john-mclaughlin_number-13-1973.jpg,Minimalism__Minimalism__john-mclaughlin_number-13-1973__to__Early_Renaissance.png,0.8697567,0.0,0.6542927622795105,0.0
Minimalism,Impressionism,Minimalism__john-mclaughlin_number-13-1973.jpg,Minimalism__Minimalism__john-mclaughlin_number-13-1973__to__Impressionism.png,0.8624258,0.0,0.7259073257446289,0.0
Minimalism,Minimalism,Minimalism__john-mclaughlin_number-13-1973.jpg,Minimalism__Minimalism__john-mclaughlin_number-13-1973__to__Minimalism.png,0.85895014,0.0,0.8615205883979797,0.0
Minimalism,Rococo,Minimalism__john-mclaughlin_number-13-1973.jpg,Minimalism__Minimalism__john-mclaughlin_number-13-1973__to__Rococo.png,0.8549942,0.0,0.605923593044281,0.0
Minimalism,Ukiyo_e,Minimalism__john-mclaughlin_number-13-1973.jpg,Minimalism__Minimalism__john-mclaughlin_number-13-1973__to__Ukiyo_e.png,0.86201286,0.0,0.667796790599823,0.0
Minimalism,Early_Renaissance,Minimalism__john-mclaughlin_number-4.jpg,Minimalism__Minimalism__john-mclaughlin_number-4__to__Early_Renaissance.png,1.1057055,0.0,0.6398826241493225,0.0
Minimalism,Impressionism,Minimalism__john-mclaughlin_number-4.jpg,Minimalism__Minimalism__john-mclaughlin_number-4__to__Impressionism.png,1.1000683,0.0,0.6498769521713257,0.0
Minimalism,Minimalism,Minimalism__john-mclaughlin_number-4.jpg,Minimalism__Minimalism__john-mclaughlin_number-4__to__Minimalism.png,1.1015414,0.0,0.8620480895042419,0.0
Minimalism,Rococo,Minimalism__john-mclaughlin_number-4.jpg,Minimalism__Minimalism__john-mclaughlin_number-4__to__Rococo.png,1.0940993,0.0,0.5840897560119629,0.0
Minimalism,Ukiyo_e,Minimalism__john-mclaughlin_number-4.jpg,Minimalism__Minimalism__john-mclaughlin_number-4__to__Ukiyo_e.png,1.0812019,0.0,0.6639347076416016,0.0
Minimalism,Early_Renaissance,Minimalism__judy-chicago_morning-fan-1971.jpg,Minimalism__Minimalism__judy-chicago_morning-fan-1971__to__Early_Renaissance.png,0.80622214,0.0,0.6485743522644043,0.0
Minimalism,Impressionism,Minimalism__judy-chicago_morning-fan-1971.jpg,Minimalism__Minimalism__judy-chicago_morning-fan-1971__to__Impressionism.png,0.8082781,0.0,0.6896803379058838,0.0
Minimalism,Minimalism,Minimalism__judy-chicago_morning-fan-1971.jpg,Minimalism__Minimalism__judy-chicago_morning-fan-1971__to__Minimalism.png,0.8124183,0.0,0.8368635773658752,0.0
Minimalism,Rococo,Minimalism__judy-chicago_morning-fan-1971.jpg,Minimalism__Minimalism__judy-chicago_morning-fan-1971__to__Rococo.png,0.7968445,0.0,0.5853181481361389,0.0
Minimalism,Ukiyo_e,Minimalism__judy-chicago_morning-fan-1971.jpg,Minimalism__Minimalism__judy-chicago_morning-fan-1971__to__Ukiyo_e.png,0.78135246,0.0,0.6272750496864319,0.0
Minimalism,Early_Renaissance,Minimalism__mira-schendel_untitled-1984.jpg,Minimalism__Minimalism__mira-schendel_untitled-1984__to__Early_Renaissance.png,1.1599351,0.0,0.6284388303756714,0.0
Minimalism,Impressionism,Minimalism__mira-schendel_untitled-1984.jpg,Minimalism__Minimalism__mira-schendel_untitled-1984__to__Impressionism.png,1.164477,0.0,0.6854904890060425,0.0
Minimalism,Minimalism,Minimalism__mira-schendel_untitled-1984.jpg,Minimalism__Minimalism__mira-schendel_untitled-1984__to__Minimalism.png,1.1370806,0.0,0.8075964450836182,0.0
Minimalism,Rococo,Minimalism__mira-schendel_untitled-1984.jpg,Minimalism__Minimalism__mira-schendel_untitled-1984__to__Rococo.png,1.1602328,0.0,0.5734219551086426,0.0
Minimalism,Ukiyo_e,Minimalism__mira-schendel_untitled-1984.jpg,Minimalism__Minimalism__mira-schendel_untitled-1984__to__Ukiyo_e.png,1.1571798,0.0,0.6404868960380554,0.0
Minimalism,Early_Renaissance,Minimalism__pino-pinelli_pittura-r-1993.jpg,Minimalism__Minimalism__pino-pinelli_pittura-r-1993__to__Early_Renaissance.png,0.7205995,0.0,0.6400263905525208,0.0
Minimalism,Impressionism,Minimalism__pino-pinelli_pittura-r-1993.jpg,Minimalism__Minimalism__pino-pinelli_pittura-r-1993__to__Impressionism.png,0.71135086,0.0,0.6931058168411255,0.0
Minimalism,Minimalism,Minimalism__pino-pinelli_pittura-r-1993.jpg,Minimalism__Minimalism__pino-pinelli_pittura-r-1993__to__Minimalism.png,0.7195072,0.0,0.846407413482666,0.0
Minimalism,Rococo,Minimalism__pino-pinelli_pittura-r-1993.jpg,Minimalism__Minimalism__pino-pinelli_pittura-r-1993__to__Rococo.png,0.7229648,0.0,0.5806507468223572,0.0
Minimalism,Ukiyo_e,Minimalism__pino-pinelli_pittura-r-1993.jpg,Minimalism__Minimalism__pino-pinelli_pittura-r-1993__to__Ukiyo_e.png,0.71053475,0.0,0.6464573740959167,0.0
Minimalism,Early_Renaissance,Minimalism__richard-tuttle_relative-to-our-society-1990.jpg,Minimalism__Minimalism__richard-tuttle_relative-to-our-society-1990__to__Early_Renaissance.png,0.72207797,0.0,0.6684529781341553,0.0
Minimalism,Impressionism,Minimalism__richard-tuttle_relative-to-our-society-1990.jpg,Minimalism__Minimalism__richard-tuttle_relative-to-our-society-1990__to__Impressionism.png,0.7168826,0.0,0.7224891185760498,0.0
Minimalism,Minimalism,Minimalism__richard-tuttle_relative-to-our-society-1990.jpg,Minimalism__Minimalism__richard-tuttle_relative-to-our-society-1990__to__Minimalism.png,0.72051173,0.0,0.8234720230102539,0.0
Minimalism,Rococo,Minimalism__richard-tuttle_relative-to-our-society-1990.jpg,Minimalism__Minimalism__richard-tuttle_relative-to-our-society-1990__to__Rococo.png,0.72626925,0.0,0.6417889595031738,0.0
Minimalism,Ukiyo_e,Minimalism__richard-tuttle_relative-to-our-society-1990.jpg,Minimalism__Minimalism__richard-tuttle_relative-to-our-society-1990__to__Ukiyo_e.png,0.71809256,0.0,0.6731441020965576,0.0
Minimalism,Early_Renaissance,Minimalism__robert-mangold_ellow-black-zone-painting-iv-1996.jpg,Minimalism__Minimalism__robert-mangold_ellow-black-zone-painting-iv-1996__to__Early_Renaissance.png,0.86309564,0.0,0.6583679914474487,0.0
Minimalism,Impressionism,Minimalism__robert-mangold_ellow-black-zone-painting-iv-1996.jpg,Minimalism__Minimalism__robert-mangold_ellow-black-zone-painting-iv-1996__to__Impressionism.png,0.8498748,0.0,0.7054688930511475,0.0
Minimalism,Minimalism,Minimalism__robert-mangold_ellow-black-zone-painting-iv-1996.jpg,Minimalism__Minimalism__robert-mangold_ellow-black-zone-painting-iv-1996__to__Minimalism.png,0.8549228,0.0,0.863297700881958,0.0
Minimalism,Rococo,Minimalism__robert-mangold_ellow-black-zone-painting-iv-1996.jpg,Minimalism__Minimalism__robert-mangold_ellow-black-zone-painting-iv-1996__to__Rococo.png,0.8685546,0.0,0.5967044830322266,0.0
Minimalism,Ukiyo_e,Minimalism__robert-mangold_ellow-black-zone-painting-iv-1996.jpg,Minimalism__Minimalism__robert-mangold_ellow-black-zone-painting-iv-1996__to__Ukiyo_e.png,0.87792516,0.0,0.6598566174507141,0.0
Minimalism,Early_Renaissance,Minimalism__robert-mangold_untitled-fcpa-1995.jpg,Minimalism__Minimalism__robert-mangold_untitled-fcpa-1995__to__Early_Renaissance.png,0.84335995,0.0,0.6321583986282349,0.0
Minimalism,Impressionism,Minimalism__robert-mangold_untitled-fcpa-1995.jpg,Minimalism__Minimalism__robert-mangold_untitled-fcpa-1995__to__Impressionism.png,0.8617651,0.0,0.6815818548202515,0.0
Minimalism,Minimalism,Minimalism__robert-mangold_untitled-fcpa-1995.jpg,Minimalism__Minimalism__robert-mangold_untitled-fcpa-1995__to__Minimalism.png,0.8822571,0.0,0.850528359413147,0.0
Minimalism,Rococo,Minimalism__robert-mangold_untitled-fcpa-1995.jpg,Minimalism__Minimalism__robert-mangold_untitled-fcpa-1995__to__Rococo.png,0.8557567,0.0,0.5867488384246826,0.0
Minimalism,Ukiyo_e,Minimalism__robert-mangold_untitled-fcpa-1995.jpg,Minimalism__Minimalism__robert-mangold_untitled-fcpa-1995__to__Ukiyo_e.png,0.8576971,0.0,0.6442043781280518,0.0
Minimalism,Early_Renaissance,Minimalism__robert-morris_box-with-the-sound-of-its-own-making-1961.jpg,Minimalism__Minimalism__robert-morris_box-with-the-sound-of-its-own-making-1961__to__Early_Renaissance.png,0.79563195,0.0,0.6413595676422119,0.0
Minimalism,Impressionism,Minimalism__robert-morris_box-with-the-sound-of-its-own-making-1961.jpg,Minimalism__Minimalism__robert-morris_box-with-the-sound-of-its-own-making-1961__to__Impressionism.png,0.7998872,0.0,0.6856746077537537,0.0
Minimalism,Minimalism,Minimalism__robert-morris_box-with-the-sound-of-its-own-making-1961.jpg,Minimalism__Minimalism__robert-morris_box-with-the-sound-of-its-own-making-1961__to__Minimalism.png,0.78506863,0.0,0.8267530798912048,0.0
Minimalism,Rococo,Minimalism__robert-morris_box-with-the-sound-of-its-own-making-1961.jpg,Minimalism__Minimalism__robert-morris_box-with-the-sound-of-its-own-making-1961__to__Rococo.png,0.81750506,0.0,0.5922061800956726,0.0
Minimalism,Ukiyo_e,Minimalism__robert-morris_box-with-the-sound-of-its-own-making-1961.jpg,Minimalism__Minimalism__robert-morris_box-with-the-sound-of-its-own-making-1961__to__Ukiyo_e.png,0.8084121,0.0,0.6376068592071533,0.0
Minimalism,Early_Renaissance,Minimalism__robert-ryman_conversion-2003.jpg,Minimalism__Minimalism__robert-ryman_conversion-2003__to__Early_Renaissance.png,0.828514,0.0,0.6588878631591797,0.0
Minimalism,Impressionism,Minimalism__robert-ryman_conversion-2003.jpg,Minimalism__Minimalism__robert-ryman_conversion-2003__to__Impressionism.png,0.82814795,0.0,0.7271871566772461,0.0
Minimalism,Minimalism,Minimalism__robert-ryman_conversion-2003.jpg,Minimalism__Minimalism__robert-ryman_conversion-2003__to__Minimalism.png,0.8294561,0.0,0.8734884262084961,0.0
Minimalism,Rococo,Minimalism__robert-ryman_conversion-2003.jpg,Minimalism__Minimalism__robert-ryman_conversion-2003__to__Rococo.png,0.8219855,0.0,0.5994902849197388,0.0
Minimalism,Ukiyo_e,Minimalism__robert-ryman_conversion-2003.jpg,Minimalism__Minimalism__robert-ryman_conversion-2003__to__Ukiyo_e.png,0.8379673,0.0,0.6624370813369751,0.0
Minimalism,Early_Renaissance,Minimalism__robert-ryman_surface-veil-1970.jpg,Minimalism__Minimalism__robert-ryman_surface-veil-1970__to__Early_Renaissance.png,0.80517197,0.0,0.6391884088516235,0.0
Minimalism,Impressionism,Minimalism__robert-ryman_surface-veil-1970.jpg,Minimalism__Minimalism__robert-ryman_surface-veil-1970__to__Impressionism.png,0.8107986,0.0,0.7112035155296326,0.0
Minimalism,Minimalism,Minimalism__robert-ryman_surface-veil-1970.jpg,Minimalism__Minimalism__robert-ryman_surface-veil-1970__to__Minimalism.png,0.8034923,0.0,0.7681775093078613,0.0
Minimalism,Rococo,Minimalism__robert-ryman_surface-veil-1970.jpg,Minimalism__Minimalism__robert-ryman_surface-veil-1970__to__Rococo.png,0.80907714,0.0,0.5867010354995728,0.0
Minimalism,Ukiyo_e,Minimalism__robert-ryman_surface-veil-1970.jpg,Minimalism__Minimalism__robert-ryman_surface-veil-1970__to__Ukiyo_e.png,0.8109139,0.0,0.6249732375144958,0.0
Minimalism,Early_Renaissance,Minimalism__ronald-davis_zig-zag-times-two-1966.jpg,Minimalism__Minimalism__ronald-davis_zig-zag-times-two-1966__to__Early_Renaissance.png,0.8852219,0.0,0.6470497846603394,0.0
Minimalism,Impressionism,Minimalism__ronald-davis_zig-zag-times-two-1966.jpg,Minimalism__Minimalism__ronald-davis_zig-zag-times-two-1966__to__Impressionism.png,0.92924774,0.0,0.6801573038101196,0.0
Minimalism,Minimalism,Minimalism__ronald-davis_zig-zag-times-two-1966.jpg,Minimalism__Minimalism__ronald-davis_zig-zag-times-two-1966__to__Minimalism.png,0.9093385,0.0,0.8320634961128235,0.0
Minimalism,Rococo,Minimalism__ronald-davis_zig-zag-times-two-1966.jpg,Minimalism__Minimalism__ronald-davis_zig-zag-times-two-1966__to__Rococo.png,0.9292606,0.0,0.6090644598007202,0.0
Minimalism,Ukiyo_e,Minimalism__ronald-davis_zig-zag-times-two-1966.jpg,Minimalism__Minimalism__ronald-davis_zig-zag-times-two-1966__to__Ukiyo_e.png,0.91581094,0.0,0.673468291759491,0.0
Minimalism,Early_Renaissance,Minimalism__ruth-vollmer_trimer-monomer-dimer-1965.jpg,Minimalism__Minimalism__ruth-vollmer_trimer-monomer-dimer-1965__to__Early_Renaissance.png,0.7028215,0.0,0.670907199382782,0.0
Minimalism,Impressionism,Minimalism__ruth-vollmer_trimer-monomer-dimer-1965.jpg,Minimalism__Minimalism__ruth-vollmer_trimer-monomer-dimer-1965__to__Impressionism.png,0.69897664,0.0,0.7159770727157593,0.0
Minimalism,Minimalism,Minimalism__ruth-vollmer_trimer-monomer-dimer-1965.jpg,Minimalism__Minimalism__ruth-vollmer_trimer-monomer-dimer-1965__to__Minimalism.png,0.70791644,0.0,0.8374465107917786,0.0
Minimalism,Rococo,Minimalism__ruth-vollmer_trimer-monomer-dimer-1965.jpg,Minimalism__Minimalism__ruth-vollmer_trimer-monomer-dimer-1965__to__Rococo.png,0.7075966,0.0,0.618575930595398,0.0
Minimalism,Ukiyo_e,Minimalism__ruth-vollmer_trimer-monomer-dimer-1965.jpg,Minimalism__Minimalism__ruth-vollmer_trimer-monomer-dimer-1965__to__Ukiyo_e.png,0.70049417,0.0,0.6667853593826294,0.0
Minimalism,Early_Renaissance,Minimalism__sean-scully_untitled-1973.jpg,Minimalism__Minimalism__sean-scully_untitled-1973__to__Early_Renaissance.png,0.8958905,0.0,0.6476103067398071,0.0
Minimalism,Impressionism,Minimalism__sean-scully_untitled-1973.jpg,Minimalism__Minimalism__sean-scully_untitled-1973__to__Impressionism.png,0.8924085,0.0,0.715279221534729,0.0
Minimalism,Minimalism,Minimalism__sean-scully_untitled-1973.jpg,Minimalism__Minimalism__sean-scully_untitled-1973__to__Minimalism.png,0.9164124,0.0,0.8672559261322021,0.0
Minimalism,Rococo,Minimalism__sean-scully_untitled-1973.jpg,Minimalism__Minimalism__sean-scully_untitled-1973__to__Rococo.png,0.9059485,0.0,0.6026629209518433,0.0
Minimalism,Ukiyo_e,Minimalism__sean-scully_untitled-1973.jpg,Minimalism__Minimalism__sean-scully_untitled-1973__to__Ukiyo_e.png,0.90800154,0.0,0.6531370282173157,0.0
Minimalism,Early_Renaissance,Minimalism__tony-smith_die-1968.jpg,Minimalism__Minimalism__tony-smith_die-1968__to__Early_Renaissance.png,0.9595851,0.0,0.655078649520874,0.0
Minimalism,Impressionism,Minimalism__tony-smith_die-1968.jpg,Minimalism__Minimalism__tony-smith_die-1968__to__Impressionism.png,0.96625924,0.0,0.6955035328865051,0.0
Minimalism,Minimalism,Minimalism__tony-smith_die-1968.jpg,Minimalism__Minimalism__tony-smith_die-1968__to__Minimalism.png,0.9547155,0.0,0.8754373788833618,0.0
Minimalism,Rococo,Minimalism__tony-smith_die-1968.jpg,Minimalism__Minimalism__tony-smith_die-1968__to__Rococo.png,0.9578176,0.0,0.5957515239715576,0.0
Minimalism,Ukiyo_e,Minimalism__tony-smith_die-1968.jpg,Minimalism__Minimalism__tony-smith_die-1968__to__Ukiyo_e.png,0.9539374,0.0,0.6706922650337219,0.0
Minimalism,Early_Renaissance,Minimalism__william-scott_bowl-white-on-grey-1962.jpg,Minimalism__Minimalism__william-scott_bowl-white-on-grey-1962__to__Early_Renaissance.png,0.7515346,0.0,0.6402789354324341,0.0
Minimalism,Impressionism,Minimalism__william-scott_bowl-white-on-grey-1962.jpg,Minimalism__Minimalism__william-scott_bowl-white-on-grey-1962__to__Impressionism.png,0.7616339,0.0,0.6438884139060974,0.0
Minimalism,Minimalism,Minimalism__william-scott_bowl-white-on-grey-1962.jpg,Minimalism__Minimalism__william-scott_bowl-white-on-grey-1962__to__Minimalism.png,0.77136624,0.0,0.7777696847915649,0.0
Minimalism,Rococo,Minimalism__william-scott_bowl-white-on-grey-1962.jpg,Minimalism__Minimalism__william-scott_bowl-white-on-grey-1962__to__Rococo.png,0.7517637,0.0,0.5724557638168335,0.0
Minimalism,Ukiyo_e,Minimalism__william-scott_bowl-white-on-grey-1962.jpg,Minimalism__Minimalism__william-scott_bowl-white-on-grey-1962__to__Ukiyo_e.png,0.75155723,0.0,0.6298258900642395,0.0
Minimalism,Early_Renaissance,Minimalism__yves-gaucher_traces-2000.jpg,Minimalism__Minimalism__yves-gaucher_traces-2000__to__Early_Renaissance.png,0.8773643,0.0,0.6422465443611145,0.0
Minimalism,Impressionism,Minimalism__yves-gaucher_traces-2000.jpg,Minimalism__Minimalism__yves-gaucher_traces-2000__to__Impressionism.png,0.8886379,0.0,0.6858111619949341,0.0
Minimalism,Minimalism,Minimalism__yves-gaucher_traces-2000.jpg,Minimalism__Minimalism__yves-gaucher_traces-2000__to__Minimalism.png,0.85507596,0.0,0.8405427932739258,0.0
Minimalism,Rococo,Minimalism__yves-gaucher_traces-2000.jpg,Minimalism__Minimalism__yves-gaucher_traces-2000__to__Rococo.png,0.876186,0.0,0.5787712335586548,0.0
Minimalism,Ukiyo_e,Minimalism__yves-gaucher_traces-2000.jpg,Minimalism__Minimalism__yves-gaucher_traces-2000__to__Ukiyo_e.png,0.89035463,0.0,0.6616420149803162,0.0
Minimalism,Early_Renaissance,Minimalism__yves-klein_untitled-yellow-monochrome-1956.jpg,Minimalism__Minimalism__yves-klein_untitled-yellow-monochrome-1956__to__Early_Renaissance.png,1.0140021,0.0,0.6386875510215759,0.0
Minimalism,Impressionism,Minimalism__yves-klein_untitled-yellow-monochrome-1956.jpg,Minimalism__Minimalism__yves-klein_untitled-yellow-monochrome-1956__to__Impressionism.png,0.98870337,0.0,0.7111614346504211,0.0
Minimalism,Minimalism,Minimalism__yves-klein_untitled-yellow-monochrome-1956.jpg,Minimalism__Minimalism__yves-klein_untitled-yellow-monochrome-1956__to__Minimalism.png,1.011337,0.0,0.812188446521759,0.0
Minimalism,Rococo,Minimalism__yves-klein_untitled-yellow-monochrome-1956.jpg,Minimalism__Minimalism__yves-klein_untitled-yellow-monochrome-1956__to__Rococo.png,1.003541,0.0,0.5771820545196533,0.0
Minimalism,Ukiyo_e,Minimalism__yves-klein_untitled-yellow-monochrome-1956.jpg,Minimalism__Minimalism__yves-klein_untitled-yellow-monochrome-1956__to__Ukiyo_e.png,1.0195966,0.0,0.6510146856307983,0.0
Rococo,Early_Renaissance,Rococo__antoine-pesne_carl-heinrich-graun.jpg,Rococo__Rococo__antoine-pesne_carl-heinrich-graun__to__Early_Renaissance.png,0.7966471,0.0,0.6609877943992615,0.0
Rococo,Impressionism,Rococo__antoine-pesne_carl-heinrich-graun.jpg,Rococo__Rococo__antoine-pesne_carl-heinrich-graun__to__Impressionism.png,0.8075682,0.0,0.6954387426376343,0.0
Rococo,Minimalism,Rococo__antoine-pesne_carl-heinrich-graun.jpg,Rococo__Rococo__antoine-pesne_carl-heinrich-graun__to__Minimalism.png,0.79873884,0.0,0.8291985988616943,0.0
Rococo,Rococo,Rococo__antoine-pesne_carl-heinrich-graun.jpg,Rococo__Rococo__antoine-pesne_carl-heinrich-graun__to__Rococo.png,0.80018395,0.0,0.5855938196182251,0.0
Rococo,Ukiyo_e,Rococo__antoine-pesne_carl-heinrich-graun.jpg,Rococo__Rococo__antoine-pesne_carl-heinrich-graun__to__Ukiyo_e.png,0.79707396,0.0,0.6547992825508118,0.0
Rococo,Early_Renaissance,Rococo__antoine-watteau_head-of-a-man.jpg,Rococo__Rococo__antoine-watteau_head-of-a-man__to__Early_Renaissance.png,0.78549945,0.0,0.6669408082962036,0.0
Rococo,Impressionism,Rococo__antoine-watteau_head-of-a-man.jpg,Rococo__Rococo__antoine-watteau_head-of-a-man__to__Impressionism.png,0.8042321,0.0,0.700696587562561,0.0
Rococo,Minimalism,Rococo__antoine-watteau_head-of-a-man.jpg,Rococo__Rococo__antoine-watteau_head-of-a-man__to__Minimalism.png,0.7827423,0.0,0.8126406669616699,0.0
Rococo,Rococo,Rococo__antoine-watteau_head-of-a-man.jpg,Rococo__Rococo__antoine-watteau_head-of-a-man__to__Rococo.png,0.78339064,0.0,0.5913666486740112,0.0
Rococo,Ukiyo_e,Rococo__antoine-watteau_head-of-a-man.jpg,Rococo__Rococo__antoine-watteau_head-of-a-man__to__Ukiyo_e.png,0.78408635,0.0,0.6494565606117249,0.0
Rococo,Early_Renaissance,Rococo__antoine-watteau_the-delicate-musician.jpg,Rococo__Rococo__antoine-watteau_the-delicate-musician__to__Early_Renaissance.png,0.7857156,0.0,0.6593023538589478,0.0
Rococo,Impressionism,Rococo__antoine-watteau_the-delicate-musician.jpg,Rococo__Rococo__antoine-watteau_the-delicate-musician__to__Impressionism.png,0.78331447,0.0,0.6479992866516113,0.0
Rococo,Minimalism,Rococo__antoine-watteau_the-delicate-musician.jpg,Rococo__Rococo__antoine-watteau_the-delicate-musician__to__Minimalism.png,0.76967376,0.0,0.8129723072052002,0.0
Rococo,Rococo,Rococo__antoine-watteau_the-delicate-musician.jpg,Rococo__Rococo__antoine-watteau_the-delicate-musician__to__Rococo.png,0.7978803,0.0,0.5796741247177124,0.0
Rococo,Ukiyo_e,Rococo__antoine-watteau_the-delicate-musician.jpg,Rococo__Rococo__antoine-watteau_the-delicate-musician__to__Ukiyo_e.png,0.7652773,0.0,0.6509841680526733,0.0
Rococo,Early_Renaissance,Rococo__benjamin-west_self-portrait-1770.jpg,Rococo__Rococo__benjamin-west_self-portrait-1770__to__Early_Renaissance.png,0.804109,0.0,0.6556655764579773,0.0
Rococo,Impressionism,Rococo__benjamin-west_self-portrait-1770.jpg,Rococo__Rococo__benjamin-west_self-portrait-1770__to__Impressionism.png,0.80363894,0.0,0.6773422360420227,0.0
Rococo,Minimalism,Rococo__benjamin-west_self-portrait-1770.jpg,Rococo__Rococo__benjamin-west_self-portrait-1770__to__Minimalism.png,0.8015319,0.0,0.8239557147026062,0.0
Rococo,Rococo,Rococo__benjamin-west_self-portrait-1770.jpg,Rococo__Rococo__benjamin-west_self-portrait-1770__to__Rococo.png,0.7965284,0.0,0.6285065412521362,0.0
Rococo,Ukiyo_e,Rococo__benjamin-west_self-portrait-1770.jpg,Rococo__Rococo__benjamin-west_self-portrait-1770__to__Ukiyo_e.png,0.80751914,0.0,0.6704551577568054,0.0
Rococo,Early_Renaissance,Rococo__benjamin-west_the-angel-of-the-lord-announcing-the-resurrection-1805.jpg,Rococo__Rococo__benjamin-west_the-angel-of-the-lord-announcing-the-resurrection-1805__to__Early_Renaissance.png,0.788411,0.0,0.6663638353347778,0.0
Rococo,Impressionism,Rococo__benjamin-west_the-angel-of-the-lord-announcing-the-resurrection-1805.jpg,Rococo__Rococo__benjamin-west_the-angel-of-the-lord-announcing-the-resurrection-1805__to__Impressionism.png,0.795465,0.0,0.714992105960846,0.0
Rococo,Minimalism,Rococo__benjamin-west_the-angel-of-the-lord-announcing-the-resurrection-1805.jpg,Rococo__Rococo__benjamin-west_the-angel-of-the-lord-announcing-the-resurrection-1805__to__Minimalism.png,0.7869482,0.0,0.850221574306488,0.0
Rococo,Rococo,Rococo__benjamin-west_the-angel-of-the-lord-announcing-the-resurrection-1805.jpg,Rococo__Rococo__benjamin-west_the-angel-of-the-lord-announcing-the-resurrection-1805__to__Rococo.png,0.7908847,0.0,0.6093536019325256,0.0
Rococo,Ukiyo_e,Rococo__benjamin-west_the-angel-of-the-lord-announcing-the-resurrection-1805.jpg,Rococo__Rococo__benjamin-west_the-angel-of-the-lord-announcing-the-resurrection-1805__to__Ukiyo_e.png,0.7828032,0.0,0.6677456498146057,0.0
Rococo,Early_Renaissance,Rococo__bernardo-bellotto_pirna-seen-from-the-right-bank-of-the-elbe.jpg,Rococo__Rococo__bernardo-bellotto_pirna-seen-from-the-right-bank-of-the-elbe__to__Early_Renaissance.png,0.7895486,0.0,0.6451306343078613,0.0
Rococo,Impressionism,Rococo__bernardo-bellotto_pirna-seen-from-the-right-bank-of-the-elbe.jpg,Rococo__Rococo__bernardo-bellotto_pirna-seen-from-the-right-bank-of-the-elbe__to__Impressionism.png,0.777698,0.0,0.6949695348739624,0.0
Rococo,Minimalism,Rococo__bernardo-bellotto_pirna-seen-from-the-right-bank-of-the-elbe.jpg,Rococo__Rococo__bernardo-bellotto_pirna-seen-from-the-right-bank-of-the-elbe__to__Minimalism.png,0.8021394,0.0,0.8195207118988037,0.0
Rococo,Rococo,Rococo__bernardo-bellotto_pirna-seen-from-the-right-bank-of-the-elbe.jpg,Rococo__Rococo__bernardo-bellotto_pirna-seen-from-the-right-bank-of-the-elbe__to__Rococo.png,0.78344315,0.0,0.5650277137756348,0.0
Rococo,Ukiyo_e,Rococo__bernardo-bellotto_pirna-seen-from-the-right-bank-of-the-elbe.jpg,Rococo__Rococo__bernardo-bellotto_pirna-seen-from-the-right-bank-of-the-elbe__to__Ukiyo_e.png,0.7953603,0.0,0.629145622253418,0.0
Rococo,Early_Renaissance,Rococo__bernardo-bellotto_view-of-dresden-the-dresden-fortifications-moat-with-a-bridge-between-gate-and-post-mile-pillar.jpg,Rococo__Rococo__bernardo-bellotto_view-of-dresden-the-dresden-fortifications-moat-with-a-bridge-between-gate-and-post-mile-pillar__to__Early_Renaissance.png,0.7971545,0.0,0.6233282685279846,0.0
Rococo,Impressionism,Rococo__bernardo-bellotto_view-of-dresden-the-dresden-fortifications-moat-with-a-bridge-between-gate-and-post-mile-pillar.jpg,Rococo__Rococo__bernardo-bellotto_view-of-dresden-the-dresden-fortifications-moat-with-a-bridge-between-gate-and-post-mile-pillar__to__Impressionism.png,0.8098033,0.0,0.7010945081710815,0.0
Rococo,Minimalism,Rococo__bernardo-bellotto_view-of-dresden-the-dresden-fortifications-moat-with-a-bridge-between-gate-and-post-mile-pillar.jpg,Rococo__Rococo__bernardo-bellotto_view-of-dresden-the-dresden-fortifications-moat-with-a-bridge-between-gate-and-post-mile-pillar__to__Minimalism.png,0.7877876,0.0,0.817944347858429,0.0
Rococo,Rococo,Rococo__bernardo-bellotto_view-of-dresden-the-dresden-fortifications-moat-with-a-bridge-between-gate-and-post-mile-pillar.jpg,Rococo__Rococo__bernardo-bellotto_view-of-dresden-the-dresden-fortifications-moat-with-a-bridge-between-gate-and-post-mile-pillar__to__Rococo.png,0.7706971,0.0,0.5694031715393066,0.0
Rococo,Ukiyo_e,Rococo__bernardo-bellotto_view-of-dresden-the-dresden-fortifications-moat-with-a-bridge-between-gate-and-post-mile-pillar.jpg,Rococo__Rococo__bernardo-bellotto_view-of-dresden-the-dresden-fortifications-moat-with-a-bridge-between-gate-and-post-mile-pillar__to__Ukiyo_e.png,0.78677124,0.0,0.632503867149353,0.0
Rococo,Early_Renaissance,Rococo__canaletto_london-the-thames-and-the-city-of-london-from-the-terrace-of-richmond-house.jpg,Rococo__Rococo__canaletto_london-the-thames-and-the-city-of-london-from-the-terrace-of-richmond-house__to__Early_Renaissance.png,0.856269,0.0,0.6260614395141602,0.0
Rococo,Impressionism,Rococo__canaletto_london-the-thames-and-the-city-of-london-from-the-terrace-of-richmond-house.jpg,Rococo__Rococo__canaletto_london-the-thames-and-the-city-of-london-from-the-terrace-of-richmond-house__to__Impressionism.png,0.84234416,0.0,0.6487191915512085,0.0
Rococo,Minimalism,Rococo__canaletto_london-the-thames-and-the-city-of-london-from-the-terrace-of-richmond-house.jpg,Rococo__Rococo__canaletto_london-the-thames-and-the-city-of-london-from-the-terrace-of-richmond-house__to__Minimalism.png,0.8329516,0.0,0.8121203780174255,0.0
Rococo,Rococo,Rococo__canaletto_london-the-thames-and-the-city-of-london-from-the-terrace-of-richmond-house.jpg,Rococo__Rococo__canaletto_london-the-thames-and-the-city-of-london-from-the-terrace-of-richmond-house__to__Rococo.png,0.8581879,0.0,0.5383694171905518,0.0
Rococo,Ukiyo_e,Rococo__canaletto_london-the-thames-and-the-city-of-london-from-the-terrace-of-richmond-house.jpg,Rococo__Rococo__canaletto_london-the-thames-and-the-city-of-london-from-the-terrace-of-richmond-house__to__Ukiyo_e.png,0.83207035,0.0,0.6004135012626648,0.0
Rococo,Early_Renaissance,Rococo__carl-ludwig-johann-christineck_nikolai-mordvinov-1771.jpg,Rococo__Rococo__carl-ludwig-johann-christineck_nikolai-mordvinov-1771__to__Early_Renaissance.png,0.79045975,0.0,0.6483126878738403,0.0
Rococo,Impressionism,Rococo__carl-ludwig-johann-christineck_nikolai-mordvinov-1771.jpg,Rococo__Rococo__carl-ludwig-johann-christineck_nikolai-mordvinov-1771__to__Impressionism.png,0.7911418,0.0,0.6525748372077942,0.0
Rococo,Minimalism,Rococo__carl-ludwig-johann-christineck_nikolai-mordvinov-1771.jpg,Rococo__Rococo__carl-ludwig-johann-christineck_nikolai-mordvinov-1771__to__Minimalism.png,0.7793407,0.0,0.7939549684524536,0.0
Rococo,Rococo,Rococo__carl-ludwig-johann-christineck_nikolai-mordvinov-1771.jpg,Rococo__Rococo__carl-ludwig-johann-christineck_nikolai-mordvinov-1771__to__Rococo.png,0.77789545,0.0,0.5817148089408875,0.0
Rococo,Ukiyo_e,Rococo__carl-ludwig-johann-christineck_nikolai-mordvinov-1771.jpg,Rococo__Rococo__carl-ludwig-johann-christineck_nikolai-mordvinov-1771__to__Ukiyo_e.png,0.79922277,0.0,0.6177382469177246,0.0
Rococo,Early_Renaissance,Rococo__carl-ludwig-johann-christineck_portrait-of-paul-of-russia-dressed-as-chevalier-of-the-order-of-st-andrew-1760.jpg,Rococo__Rococo__carl-ludwig-johann-christineck_portrait-of-paul-of-russia-dressed-as-chevalier-of-the-order-of-st-andrew-1760__to__Early_Renaissance.png,0.7510391,0.0,0.6497862339019775,0.0
Rococo,Impressionism,Rococo__carl-ludwig-johann-christineck_portrait-of-paul-of-russia-dressed-as-chevalier-of-the-order-of-st-andrew-1760.jpg,Rococo__Rococo__carl-ludwig-johann-christineck_portrait-of-paul-of-russia-dressed-as-chevalier-of-the-order-of-st-andrew-1760__to__Impressionism.png,0.75731206,0.0,0.6818874478340149,0.0
Rococo,Minimalism,Rococo__carl-ludwig-johann-christineck_portrait-of-paul-of-russia-dressed-as-chevalier-of-the-order-of-st-andrew-1760.jpg,Rococo__Rococo__carl-ludwig-johann-christineck_portrait-of-paul-of-russia-dressed-as-chevalier-of-the-order-of-st-andrew-1760__to__Minimalism.png,0.74281824,0.0,0.7970564365386963,0.0
Rococo,Rococo,Rococo__carl-ludwig-johann-christineck_portrait-of-paul-of-russia-dressed-as-chevalier-of-the-order-of-st-andrew-1760.jpg,Rococo__Rococo__carl-ludwig-johann-christineck_portrait-of-paul-of-russia-dressed-as-chevalier-of-the-order-of-st-andrew-1760__to__Rococo.png,0.75489426,0.0,0.5868238210678101,0.0
Rococo,Ukiyo_e,Rococo__carl-ludwig-johann-christineck_portrait-of-paul-of-russia-dressed-as-chevalier-of-the-order-of-st-andrew-1760.jpg,Rococo__Rococo__carl-ludwig-johann-christineck_portrait-of-paul-of-russia-dressed-as-chevalier-of-the-order-of-st-andrew-1760__to__Ukiyo_e.png,0.7457056,0.0,0.6118566989898682,0.0
Rococo,Early_Renaissance,Rococo__dmitry-levitzky_maria-feodorovna.jpg,Rococo__Rococo__dmitry-levitzky_maria-feodorovna__to__Early_Renaissance.png,0.78301036,0.0,0.6491402387619019,0.0
Rococo,Impressionism,Rococo__dmitry-levitzky_maria-feodorovna.jpg,Rococo__Rococo__dmitry-levitzky_maria-feodorovna__to__Impressionism.png,0.78435135,0.0,0.6613367795944214,0.0
Rococo,Minimalism,Rococo__dmitry-levitzky_maria-feodorovna.jpg,Rococo__Rococo__dmitry-levitzky_maria-feodorovna__to__Minimalism.png,0.78666186,0.0,0.8474830389022827,0.0
Rococo,Rococo,Rococo__dmitry-levitzky_maria-feodorovna.jpg,Rococo__Rococo__dmitry-levitzky_maria-feodorovna__to__Rococo.png,0.7846153,0.0,0.5683234333992004,0.0
Rococo,Ukiyo_e,Rococo__dmitry-levitzky_maria-feodorovna.jpg,Rococo__Rococo__dmitry-levitzky_maria-feodorovna__to__Ukiyo_e.png,0.786711,0.0,0.6564338207244873,0.0
Rococo,Early_Renaissance,Rococo__dmitry-levitzky_portrait-of-maria-palovna-narychkina-1773.jpg,Rococo__Rococo__dmitry-levitzky_portrait-of-maria-palovna-narychkina-1773__to__Early_Renaissance.png,0.8218201,0.0,0.6503546833992004,0.0
Rococo,Impressionism,Rococo__dmitry-levitzky_portrait-of-maria-palovna-narychkina-1773.jpg,Rococo__Rococo__dmitry-levitzky_portrait-of-maria-palovna-narychkina-1773__to__Impressionism.png,0.8235396,0.0,0.6321339011192322,0.0
Rococo,Minimalism,Rococo__dmitry-levitzky_portrait-of-maria-palovna-narychkina-1773.jpg,Rococo__Rococo__dmitry-levitzky_portrait-of-maria-palovna-narychkina-1773__to__Minimalism.png,0.8067637,0.0,0.8085225224494934,0.0
Rococo,Rococo,Rococo__dmitry-levitzky_portrait-of-maria-palovna-narychkina-1773.jpg,Rococo__Rococo__dmitry-levitzky_portrait-of-maria-palovna-narychkina-1773__to__Rococo.png,0.82313734,0.0,0.570754885673523,0.0
Rococo,Ukiyo_e,Rococo__dmitry-levitzky_portrait-of-maria-palovna-narychkina-1773.jpg,Rococo__Rococo__dmitry-levitzky_portrait-of-maria-palovna-narychkina-1773__to__Ukiyo_e.png,0.7843637,0.0,0.6360944509506226,0.0
Rococo,Early_Renaissance,Rococo__dmitry-levitzky_portrait-of-unknown-woman-with-a-rose-1788.jpg,Rococo__Rococo__dmitry-levitzky_portrait-of-unknown-woman-with-a-rose-1788__to__Early_Renaissance.png,0.75312567,0.0,0.6781425476074219,0.0
Rococo,Impressionism,Rococo__dmitry-levitzky_portrait-of-unknown-woman-with-a-rose-1788.jpg,Rococo__Rococo__dmitry-levitzky_portrait-of-unknown-woman-with-a-rose-1788__to__Impressionism.png,0.7769448,0.0,0.6794072985649109,0.0
Rococo,Minimalism,Rococo__dmitry-levitzky_portrait-of-unknown-woman-with-a-rose-1788.jpg,Rococo__Rococo__dmitry-levitzky_portrait-of-unknown-woman-with-a-rose-1788__to__Minimalism.png,0.78309095,0.0,0.8274987936019897,0.0
Rococo,Rococo,Rococo__dmitry-levitzky_portrait-of-unknown-woman-with-a-rose-1788.jpg,Rococo__Rococo__dmitry-levitzky_portrait-of-unknown-woman-with-a-rose-1788__to__Rococo.png,0.7863072,0.0,0.5849045515060425,0.0
Rococo,Ukiyo_e,Rococo__dmitry-levitzky_portrait-of-unknown-woman-with-a-rose-1788.jpg,Rococo__Rococo__dmitry-levitzky_portrait-of-unknown-woman-with-a-rose-1788__to__Ukiyo_e.png,0.78225684,0.0,0.6421005129814148,0.0
Rococo,Early_Renaissance,Rococo__francois-boucher_portrait-of-madame-boucher-1745.jpg,Rococo__Rococo__francois-boucher_portrait-of-madame-boucher-1745__to__Early_Renaissance.png,0.8491368,0.0,0.6460451483726501,0.0
Rococo,Impressionism,Rococo__francois-boucher_portrait-of-madame-boucher-1745.jpg,Rococo__Rococo__francois-boucher_portrait-of-madame-boucher-1745__to__Impressionism.png,0.84285164,0.0,0.7091147899627686,0.0
Rococo,Minimalism,Rococo__francois-boucher_portrait-of-madame-boucher-1745.jpg,Rococo__Rococo__francois-boucher_portrait-of-madame-boucher-1745__to__Minimalism.png,0.82217693,0.0,0.853443443775177,0.0
Rococo,Rococo,Rococo__francois-boucher_portrait-of-madame-boucher-1745.jpg,Rococo__Rococo__francois-boucher_portrait-of-madame-boucher-1745__to__Rococo.png,0.8461888,0.0,0.6007034778594971,0.0
Rococo,Ukiyo_e,Rococo__francois-boucher_portrait-of-madame-boucher-1745.jpg,Rococo__Rococo__francois-boucher_portrait-of-madame-boucher-1745__to__Ukiyo_e.png,0.8267993,0.0,0.6529619097709656,0.0
Rococo,Early_Renaissance,Rococo__giovanni-domenico-tiepolo_christ-s-fall-on-the-way-to-calvary-1772.jpg,Rococo__Rococo__giovanni-domenico-tiepolo_christ-s-fall-on-the-way-to-calvary-1772__to__Early_Renaissance.png,0.8479549,0.0,0.6649442315101624,0.0
Rococo,Impressionism,Rococo__giovanni-domenico-tiepolo_christ-s-fall-on-the-way-to-calvary-1772.jpg,Rococo__Rococo__giovanni-domenico-tiepolo_christ-s-fall-on-the-way-to-calvary-1772__to__Impressionism.png,0.8420421,0.0,0.697394073009491,0.0
Rococo,Minimalism,Rococo__giovanni-domenico-tiepolo_christ-s-fall-on-the-way-to-calvary-1772.jpg,Rococo__Rococo__giovanni-domenico-tiepolo_christ-s-fall-on-the-way-to-calvary-1772__to__Minimalism.png,0.84323406,0.0,0.851040244102478,0.0
Rococo,Rococo,Rococo__giovanni-domenico-tiepolo_christ-s-fall-on-the-way-to-calvary-1772.jpg,Rococo__Rococo__giovanni-domenico-tiepolo_christ-s-fall-on-the-way-to-calvary-1772__to__Rococo.png,0.8368634,0.0,0.6060156226158142,0.0
Rococo,Ukiyo_e,Rococo__giovanni-domenico-tiepolo_christ-s-fall-on-the-way-to-calvary-1772.jpg,Rococo__Rococo__giovanni-domenico-tiepolo_christ-s-fall-on-the-way-to-calvary-1772__to__Ukiyo_e.png,0.8447733,0.0,0.663001537322998,0.0
Rococo,Early_Renaissance,Rococo__giovanni-domenico-tiepolo_the-new-world-1797.jpg,Rococo__Rococo__giovanni-domenico-tiepolo_the-new-world-1797__to__Early_Renaissance.png,0.88450706,0.0,0.6325066089630127,0.0
Rococo,Impressionism,Rococo__giovanni-domenico-tiepolo_the-new-world-1797.jpg,Rococo__Rococo__giovanni-domenico-tiepolo_the-new-world-1797__to__Impressionism.png,0.8901056,0.0,0.6577187776565552,0.0
Rococo,Minimalism,Rococo__giovanni-domenico-tiepolo_the-new-world-1797.jpg,Rococo__Rococo__giovanni-domenico-tiepolo_the-new-world-1797__to__Minimalism.png,0.8896446,0.0,0.8077494502067566,0.0
Rococo,Rococo,Rococo__giovanni-domenico-tiepolo_the-new-world-1797.jpg,Rococo__Rococo__giovanni-domenico-tiepolo_the-new-world-1797__to__Rococo.png,0.88138574,0.0,0.5742499828338623,0.0
Rococo,Ukiyo_e,Rococo__giovanni-domenico-tiepolo_the-new-world-1797.jpg,Rococo__Rococo__giovanni-domenico-tiepolo_the-new-world-1797__to__Ukiyo_e.png,0.88084406,0.0,0.6360377669334412,0.0
Rococo,Early_Renaissance,Rococo__jean-marc-nattier_portrait-of-louis-tocqu-1762.jpg,Rococo__Rococo__jean-marc-nattier_portrait-of-louis-tocqu-1762__to__Early_Renaissance.png,0.7614634,0.0,0.6304014325141907,0.0
Rococo,Impressionism,Rococo__jean-marc-nattier_portrait-of-louis-tocqu-1762.jpg,Rococo__Rococo__jean-marc-nattier_portrait-of-louis-tocqu-1762__to__Impressionism.png,0.7606665,0.0,0.6394847631454468,0.0
Rococo,Minimalism,Rococo__jean-marc-nattier_portrait-of-louis-tocqu-1762.jpg,Rococo__Rococo__jean-marc-nattier_portrait-of-louis-tocqu-1762__to__Minimalism.png,0.7628151,0.0,0.783922016620636,0.0
Rococo,Rococo,Rococo__jean-marc-nattier_portrait-of-louis-tocqu-1762.jpg,Rococo__Rococo__jean-marc-nattier_portrait-of-louis-tocqu-1762__to__Rococo.png,0.7652138,0.0,0.6212216019630432,0.0
Rococo,Ukiyo_e,Rococo__jean-marc-nattier_portrait-of-louis-tocqu-1762.jpg,Rococo__Rococo__jean-marc-nattier_portrait-of-louis-tocqu-1762__to__Ukiyo_e.png,0.7559031,0.0,0.6563841104507446,0.0
Rococo,Early_Renaissance,Rococo__joseph-wright_d-ewes-coke-his-wife-hannah-and-daniel-parker-coke.jpg,Rococo__Rococo__joseph-wright_d-ewes-coke-his-wife-hannah-and-daniel-parker-coke__to__Early_Renaissance.png,0.79470825,0.0,0.6771777272224426,0.0
Rococo,Impressionism,Rococo__joseph-wright_d-ewes-coke-his-wife-hannah-and-daniel-parker-coke.jpg,Rococo__Rococo__joseph-wright_d-ewes-coke-his-wife-hannah-and-daniel-parker-coke__to__Impressionism.png,0.8115123,0.0,0.7408037185668945,0.0
Rococo,Minimalism,Rococo__joseph-wright_d-ewes-coke-his-wife-hannah-and-daniel-parker-coke.jpg,Rococo__Rococo__joseph-wright_d-ewes-coke-his-wife-hannah-and-daniel-parker-coke__to__Minimalism.png,0.7866645,0.0,0.843563973903656,0.0
Rococo,Rococo,Rococo__joseph-wright_d-ewes-coke-his-wife-hannah-and-daniel-parker-coke.jpg,Rococo__Rococo__joseph-wright_d-ewes-coke-his-wife-hannah-and-daniel-parker-coke__to__Rococo.png,0.80656135,0.0,0.6258106827735901,0.0
Rococo,Ukiyo_e,Rococo__joseph-wright_d-ewes-coke-his-wife-hannah-and-daniel-parker-coke.jpg,Rococo__Rococo__joseph-wright_d-ewes-coke-his-wife-hannah-and-daniel-parker-coke__to__Ukiyo_e.png,0.7974602,0.0,0.6829420328140259,0.0
Rococo,Early_Renaissance,Rococo__joseph-wright_mr-and-mrs-thomas-coltman.jpg,Rococo__Rococo__joseph-wright_mr-and-mrs-thomas-coltman__to__Early_Renaissance.png,0.82515275,0.0,0.6424599885940552,0.0
Rococo,Impressionism,Rococo__joseph-wright_mr-and-mrs-thomas-coltman.jpg,Rococo__Rococo__joseph-wright_mr-and-mrs-thomas-coltman__to__Impressionism.png,0.80872864,0.0,0.7152382135391235,0.0
Rococo,Minimalism,Rococo__joseph-wright_mr-and-mrs-thomas-coltman.jpg,Rococo__Rococo__joseph-wright_mr-and-mrs-thomas-coltman__to__Minimalism.png,0.8074783,0.0,0.8403574824333191,0.0
Rococo,Rococo,Rococo__joseph-wright_mr-and-mrs-thomas-coltman.jpg,Rococo__Rococo__joseph-wright_mr-and-mrs-thomas-coltman__to__Rococo.png,0.813289,0.0,0.5838088989257812,0.0
Rococo,Ukiyo_e,Rococo__joseph-wright_mr-and-mrs-thomas-coltman.jpg,Rococo__Rococo__joseph-wright_mr-and-mrs-thomas-coltman__to__Ukiyo_e.png,0.81327474,0.0,0.6468009352684021,0.0
Rococo,Early_Renaissance,Rococo__joshua-reynolds_colonel-george-k-h-coussmaker-grenadier-guards.jpg,Rococo__Rococo__joshua-reynolds_colonel-george-k-h-coussmaker-grenadier-guards__to__Early_Renaissance.png,0.8815867,0.0,0.631344199180603,0.0
Rococo,Impressionism,Rococo__joshua-reynolds_colonel-george-k-h-coussmaker-grenadier-guards.jpg,Rococo__Rococo__joshua-reynolds_colonel-george-k-h-coussmaker-grenadier-guards__to__Impressionism.png,0.87863564,0.0,0.650457501411438,0.0
Rococo,Minimalism,Rococo__joshua-reynolds_colonel-george-k-h-coussmaker-grenadier-guards.jpg,Rococo__Rococo__joshua-reynolds_colonel-george-k-h-coussmaker-grenadier-guards__to__Minimalism.png,0.86196876,0.0,0.8071375489234924,0.0
Rococo,Rococo,Rococo__joshua-reynolds_colonel-george-k-h-coussmaker-grenadier-guards.jpg,Rococo__Rococo__joshua-reynolds_colonel-george-k-h-coussmaker-grenadier-guards__to__Rococo.png,0.8608113,0.0,0.5683001279830933,0.0
Rococo,Ukiyo_e,Rococo__joshua-reynolds_colonel-george-k-h-coussmaker-grenadier-guards.jpg,Rococo__Rococo__joshua-reynolds_colonel-george-k-h-coussmaker-grenadier-guards__to__Ukiyo_e.png,0.85389423,0.0,0.6171387434005737,0.0
Rococo,Early_Renaissance,Rococo__louise-elisabeth-vigee-le-brun_portrait-of-joseph-vernet-1778.jpg,Rococo__Rococo__louise-elisabeth-vigee-le-brun_portrait-of-joseph-vernet-1778__to__Early_Renaissance.png,0.83185995,0.0,0.642602801322937,0.0
Rococo,Impressionism,Rococo__louise-elisabeth-vigee-le-brun_portrait-of-joseph-vernet-1778.jpg,Rococo__Rococo__louise-elisabeth-vigee-le-brun_portrait-of-joseph-vernet-1778__to__Impressionism.png,0.8430604,0.0,0.6840989589691162,0.0
Rococo,Minimalism,Rococo__louise-elisabeth-vigee-le-brun_portrait-of-joseph-vernet-1778.jpg,Rococo__Rococo__louise-elisabeth-vigee-le-brun_portrait-of-joseph-vernet-1778__to__Minimalism.png,0.8404214,0.0,0.810139536857605,0.0
Rococo,Rococo,Rococo__louise-elisabeth-vigee-le-brun_portrait-of-joseph-vernet-1778.jpg,Rococo__Rococo__louise-elisabeth-vigee-le-brun_portrait-of-joseph-vernet-1778__to__Rococo.png,0.8203461,0.0,0.57610684633255,0.0
Rococo,Ukiyo_e,Rococo__louise-elisabeth-vigee-le-brun_portrait-of-joseph-vernet-1778.jpg,Rococo__Rococo__louise-elisabeth-vigee-le-brun_portrait-of-joseph-vernet-1778__to__Ukiyo_e.png,0.8358425,0.0,0.6547743082046509,0.0
Rococo,Early_Renaissance,Rococo__louise-elisabeth-vigee-le-brun_the-bather-1792.jpg,Rococo__Rococo__louise-elisabeth-vigee-le-brun_the-bather-1792__to__Early_Renaissance.png,0.7619656,0.0,0.6587960720062256,0.0
Rococo,Impressionism,Rococo__louise-elisabeth-vigee-le-brun_the-bather-1792.jpg,Rococo__Rococo__louise-elisabeth-vigee-le-brun_the-bather-1792__to__Impressionism.png,0.764364,0.0,0.641775906085968,0.0
Rococo,Minimalism,Rococo__louise-elisabeth-vigee-le-brun_the-bather-1792.jpg,Rococo__Rococo__louise-elisabeth-vigee-le-brun_the-bather-1792__to__Minimalism.png,0.74938,0.0,0.7977384328842163,0.0
Rococo,Rococo,Rococo__louise-elisabeth-vigee-le-brun_the-bather-1792.jpg,Rococo__Rococo__louise-elisabeth-vigee-le-brun_the-bather-1792__to__Rococo.png,0.77392524,0.0,0.5887928605079651,0.0
Rococo,Ukiyo_e,Rococo__louise-elisabeth-vigee-le-brun_the-bather-1792.jpg,Rococo__Rococo__louise-elisabeth-vigee-le-brun_the-bather-1792__to__Ukiyo_e.png,0.740621,0.0,0.6488001942634583,0.0
Rococo,Early_Renaissance,Rococo__maurice-quentin-de-la-tour_marie-josephe-of-saxony-1.jpg,Rococo__Rococo__maurice-quentin-de-la-tour_marie-josephe-of-saxony-1__to__Early_Renaissance.png,0.83483076,0.0,0.6526706218719482,0.0
Rococo,Impressionism,Rococo__maurice-quentin-de-la-tour_marie-josephe-of-saxony-1.jpg,Rococo__Rococo__maurice-quentin-de-la-tour_marie-josephe-of-saxony-1__to__Impressionism.png,0.8676944,0.0,0.6382889151573181,0.0
Rococo,Minimalism,Rococo__maurice-quentin-de-la-tour_marie-josephe-of-saxony-1.jpg,Rococo__Rococo__maurice-quentin-de-la-tour_marie-josephe-of-saxony-1__to__Minimalism.png,0.8673117,0.0,0.8004133701324463,0.0
Rococo,Rococo,Rococo__maurice-quentin-de-la-tour_marie-josephe-of-saxony-1.jpg,Rococo__Rococo__maurice-quentin-de-la-tour_marie-josephe-of-saxony-1__to__Rococo.png,0.8417134,0.0,0.591700553894043,0.0
Rococo,Ukiyo_e,Rococo__maurice-quentin-de-la-tour_marie-josephe-of-saxony-1.jpg,Rococo__Rococo__maurice-quentin-de-la-tour_marie-josephe-of-saxony-1__to__Ukiyo_e.png,0.8520973,0.0,0.6468318104743958,0.0
Rococo,Early_Renaissance,Rococo__maurice-quentin-de-la-tour_study-for-portrait-of-mademoiselle-dangeville-1.jpg,Rococo__Rococo__maurice-quentin-de-la-tour_study-for-portrait-of-mademoiselle-dangeville-1__to__Early_Renaissance.png,0.80197036,0.0,0.6777102947235107,0.0
Rococo,Impressionism,Rococo__maurice-quentin-de-la-tour_study-for-portrait-of-mademoiselle-dangeville-1.jpg,Rococo__Rococo__maurice-quentin-de-la-tour_study-for-portrait-of-mademoiselle-dangeville-1__to__Impressionism.png,0.8032689,0.0,0.696706235408783,0.0
Rococo,Minimalism,Rococo__maurice-quentin-de-la-tour_study-for-portrait-of-mademoiselle-dangeville-1.jpg,Rococo__Rococo__maurice-quentin-de-la-tour_study-for-portrait-of-mademoiselle-dangeville-1__to__Minimalism.png,0.78721124,0.0,0.8251874446868896,0.0
Rococo,Rococo,Rococo__maurice-quentin-de-la-tour_study-for-portrait-of-mademoiselle-dangeville-1.jpg,Rococo__Rococo__maurice-quentin-de-la-tour_study-for-portrait-of-mademoiselle-dangeville-1__to__Rococo.png,0.80911547,0.0,0.6393603086471558,0.0
Rococo,Ukiyo_e,Rococo__maurice-quentin-de-la-tour_study-for-portrait-of-mademoiselle-dangeville-1.jpg,Rococo__Rococo__maurice-quentin-de-la-tour_study-for-portrait-of-mademoiselle-dangeville-1__to__Ukiyo_e.png,0.766202,0.0,0.6641668081283569,0.0
Rococo,Early_Renaissance,Rococo__pietro-longhi_the-tooth-extractor.jpg,Rococo__Rococo__pietro-longhi_the-tooth-extractor__to__Early_Renaissance.png,0.82750046,0.0,0.6405439376831055,0.0
Rococo,Impressionism,Rococo__pietro-longhi_the-tooth-extractor.jpg,Rococo__Rococo__pietro-longhi_the-tooth-extractor__to__Impressionism.png,0.8383057,0.0,0.6817998886108398,0.0
Rococo,Minimalism,Rococo__pietro-longhi_the-tooth-extractor.jpg,Rococo__Rococo__pietro-longhi_the-tooth-extractor__to__Minimalism.png,0.82422876,0.0,0.8103750348091125,0.0
Rococo,Rococo,Rococo__pietro-longhi_the-tooth-extractor.jpg,Rococo__Rococo__pietro-longhi_the-tooth-extractor__to__Rococo.png,0.8380257,0.0,0.5668018460273743,0.0
Rococo,Ukiyo_e,Rococo__pietro-longhi_the-tooth-extractor.jpg,Rococo__Rococo__pietro-longhi_the-tooth-extractor__to__Ukiyo_e.png,0.8244028,0.0,0.6573217511177063,0.0
Rococo,Early_Renaissance,Rococo__thomas-gainsborough_a-coastal-landscape-1782.jpg,Rococo__Rococo__thomas-gainsborough_a-coastal-landscape-1782__to__Early_Renaissance.png,0.7996266,0.0,0.6044602990150452,0.0
Rococo,Impressionism,Rococo__thomas-gainsborough_a-coastal-landscape-1782.jpg,Rococo__Rococo__thomas-gainsborough_a-coastal-landscape-1782__to__Impressionism.png,0.8005444,0.0,0.6720988750457764,0.0
Rococo,Minimalism,Rococo__thomas-gainsborough_a-coastal-landscape-1782.jpg,Rococo__Rococo__thomas-gainsborough_a-coastal-landscape-1782__to__Minimalism.png,0.78187084,0.0,0.8170945048332214,0.0
Rococo,Rococo,Rococo__thomas-gainsborough_a-coastal-landscape-1782.jpg,Rococo__Rococo__thomas-gainsborough_a-coastal-landscape-1782__to__Rococo.png,0.791676,0.0,0.5586819648742676,0.0
Rococo,Ukiyo_e,Rococo__thomas-gainsborough_a-coastal-landscape-1782.jpg,Rococo__Rococo__thomas-gainsborough_a-coastal-landscape-1782__to__Ukiyo_e.png,0.78452706,0.0,0.6070597767829895,0.0
Rococo,Early_Renaissance,Rococo__thomas-gainsborough_a-peasant-girl-with-dog-and-jug-1785.jpg,Rococo__Rococo__thomas-gainsborough_a-peasant-girl-with-dog-and-jug-1785__to__Early_Renaissance.png,0.7494379,0.0,0.6510311961174011,0.0
Rococo,Impressionism,Rococo__thomas-gainsborough_a-peasant-girl-with-dog-and-jug-1785.jpg,Rococo__Rococo__thomas-gainsborough_a-peasant-girl-with-dog-and-jug-1785__to__Impressionism.png,0.74801517,0.0,0.6830101013183594,0.0
Rococo,Minimalism,Rococo__thomas-gainsborough_a-peasant-girl-with-dog-and-jug-1785.jpg,Rococo__Rococo__thomas-gainsborough_a-peasant-girl-with-dog-and-jug-1785__to__Minimalism.png,0.75844324,0.0,0.814851701259613,0.0
Rococo,Rococo,Rococo__thomas-gainsborough_a-peasant-girl-with-dog-and-jug-1785.jpg,Rococo__Rococo__thomas-gainsborough_a-peasant-girl-with-dog-and-jug-1785__to__Rococo.png,0.763034,0.0,0.5653595328330994,0.0
Rococo,Ukiyo_e,Rococo__thomas-gainsborough_a-peasant-girl-with-dog-and-jug-1785.jpg,Rococo__Rococo__thomas-gainsborough_a-peasant-girl-with-dog-and-jug-1785__to__Ukiyo_e.png,0.7523521,0.0,0.6350849270820618,0.0
Rococo,Early_Renaissance,Rococo__thomas-gainsborough_john-plampin.jpg,Rococo__Rococo__thomas-gainsborough_john-plampin__to__Early_Renaissance.png,0.82486856,0.0,0.6690088510513306,0.0
Rococo,Impressionism,Rococo__thomas-gainsborough_john-plampin.jpg,Rococo__Rococo__thomas-gainsborough_john-plampin__to__Impressionism.png,0.83745235,0.0,0.7017163634300232,0.0
Rococo,Minimalism,Rococo__thomas-gainsborough_john-plampin.jpg,Rococo__Rococo__thomas-gainsborough_john-plampin__to__Minimalism.png,0.8254229,0.0,0.8481738567352295,0.0
Rococo,Rococo,Rococo__thomas-gainsborough_john-plampin.jpg,Rococo__Rococo__thomas-gainsborough_john-plampin__to__Rococo.png,0.8240509,0.0,0.610403835773468,0.0
Rococo,Ukiyo_e,Rococo__thomas-gainsborough_john-plampin.jpg,Rococo__Rococo__thomas-gainsborough_john-plampin__to__Ukiyo_e.png,0.8183032,0.0,0.6740363240242004,0.0
Rococo,Early_Renaissance,Rococo__thomas-gainsborough_robert-butcher-of-walthamstan.jpg,Rococo__Rococo__thomas-gainsborough_robert-butcher-of-walthamstan__to__Early_Renaissance.png,0.870601,0.0,0.6563174724578857,0.0
Rococo,Impressionism,Rococo__thomas-gainsborough_robert-butcher-of-walthamstan.jpg,Rococo__Rococo__thomas-gainsborough_robert-butcher-of-walthamstan__to__Impressionism.png,0.8770484,0.0,0.6809087991714478,0.0
Rococo,Minimalism,Rococo__thomas-gainsborough_robert-butcher-of-walthamstan.jpg,Rococo__Rococo__thomas-gainsborough_robert-butcher-of-walthamstan__to__Minimalism.png,0.8669286,0.0,0.7715292572975159,0.0
Rococo,Rococo,Rococo__thomas-gainsborough_robert-butcher-of-walthamstan.jpg,Rococo__Rococo__thomas-gainsborough_robert-butcher-of-walthamstan__to__Rococo.png,0.8748305,0.0,0.6211546659469604,0.0
Rococo,Ukiyo_e,Rococo__thomas-gainsborough_robert-butcher-of-walthamstan.jpg,Rococo__Rococo__thomas-gainsborough_robert-butcher-of-walthamstan__to__Ukiyo_e.png,0.8546571,0.0,0.6574257016181946,0.0
Rococo,Early_Renaissance,Rococo__william-hogarth_the-countess-s-morning-levee.jpg,Rococo__Rococo__william-hogarth_the-countess-s-morning-levee__to__Early_Renaissance.png,0.8793547,0.0,0.6766345500946045,0.0
Rococo,Impressionism,Rococo__william-hogarth_the-countess-s-morning-levee.jpg,Rococo__Rococo__william-hogarth_the-countess-s-morning-levee__to__Impressionism.png,0.8755431,0.0,0.6739840507507324,0.0
Rococo,Minimalism,Rococo__william-hogarth_the-countess-s-morning-levee.jpg,Rococo__Rococo__william-hogarth_the-countess-s-morning-levee__to__Minimalism.png,0.8723142,0.0,0.802560031414032,0.0
Rococo,Rococo,Rococo__william-hogarth_the-countess-s-morning-levee.jpg,Rococo__Rococo__william-hogarth_the-countess-s-morning-levee__to__Rococo.png,0.8781285,0.0,0.5988135933876038,0.0
Rococo,Ukiyo_e,Rococo__william-hogarth_the-countess-s-morning-levee.jpg,Rococo__Rococo__william-hogarth_the-countess-s-morning-levee__to__Ukiyo_e.png,0.8524796,0.0,0.6679563522338867,0.0
Ukiyo_e,Early_Renaissance,Ukiyo_e__hiroshige_hakone-kosuizu.jpg,Ukiyo_e__Ukiyo_e__hiroshige_hakone-kosuizu__to__Early_Renaissance.png,0.83088875,0.0,0.6501017212867737,0.0
Ukiyo_e,Impressionism,Ukiyo_e__hiroshige_hakone-kosuizu.jpg,Ukiyo_e__Ukiyo_e__hiroshige_hakone-kosuizu__to__Impressionism.png,0.8316475,0.0,0.6876999139785767,0.0
Ukiyo_e,Minimalism,Ukiyo_e__hiroshige_hakone-kosuizu.jpg,Ukiyo_e__Ukiyo_e__hiroshige_hakone-kosuizu__to__Minimalism.png,0.81643105,0.0,0.8413779139518738,0.0
Ukiyo_e,Rococo,Ukiyo_e__hiroshige_hakone-kosuizu.jpg,Ukiyo_e__Ukiyo_e__hiroshige_hakone-kosuizu__to__Rococo.png,0.8298308,0.0,0.5723698139190674,0.0
Ukiyo_e,Ukiyo_e,Ukiyo_e__hiroshige_hakone-kosuizu.jpg,Ukiyo_e__Ukiyo_e__hiroshige_hakone-kosuizu__to__Ukiyo_e.png,0.8175124,0.0,0.6394110918045044,0.0
Ukiyo_e,Early_Renaissance,Ukiyo_e__hiroshige_oiso-toraga-ame-shower-1835.jpg,Ukiyo_e__Ukiyo_e__hiroshige_oiso-toraga-ame-shower-1835__to__Early_Renaissance.png,0.8313091,0.0,0.6737802624702454,0.0
Ukiyo_e,Impressionism,Ukiyo_e__hiroshige_oiso-toraga-ame-shower-1835.jpg,Ukiyo_e__Ukiyo_e__hiroshige_oiso-toraga-ame-shower-1835__to__Impressionism.png,0.8546014,0.0,0.7160254716873169,0.0
Ukiyo_e,Minimalism,Ukiyo_e__hiroshige_oiso-toraga-ame-shower-1835.jpg,Ukiyo_e__Ukiyo_e__hiroshige_oiso-toraga-ame-shower-1835__to__Minimalism.png,0.8458031,0.0,0.8298557996749878,0.0
Ukiyo_e,Rococo,Ukiyo_e__hiroshige_oiso-toraga-ame-shower-1835.jpg,Ukiyo_e__Ukiyo_e__hiroshige_oiso-toraga-ame-shower-1835__to__Rococo.png,0.85051775,0.0,0.6129555702209473,0.0
Ukiyo_e,Ukiyo_e,Ukiyo_e__hiroshige_oiso-toraga-ame-shower-1835.jpg,Ukiyo_e__Ukiyo_e__hiroshige_oiso-toraga-ame-shower-1835__to__Ukiyo_e.png,0.8279927,0.0,0.6543369889259338,0.0
Ukiyo_e,Early_Renaissance,Ukiyo_e__katsushika-hokusai_cargo-ship-and-wave.jpg,Ukiyo_e__Ukiyo_e__katsushika-hokusai_cargo-ship-and-wave__to__Early_Renaissance.png,0.89974636,0.0,0.6422601342201233,0.0
Ukiyo_e,Impressionism,Ukiyo_e__katsushika-hokusai_cargo-ship-and-wave.jpg,Ukiyo_e__Ukiyo_e__katsushika-hokusai_cargo-ship-and-wave__to__Impressionism.png,0.92670584,0.0,0.6951539516448975,0.0
Ukiyo_e,Minimalism,Ukiyo_e__katsushika-hokusai_cargo-ship-and-wave.jpg,Ukiyo_e__Ukiyo_e__katsushika-hokusai_cargo-ship-and-wave__to__Minimalism.png,0.8903537,0.0,0.8282604813575745,0.0
Ukiyo_e,Rococo,Ukiyo_e__katsushika-hokusai_cargo-ship-and-wave.jpg,Ukiyo_e__Ukiyo_e__katsushika-hokusai_cargo-ship-and-wave__to__Rococo.png,0.9164432,0.0,0.5829558372497559,0.0
Ukiyo_e,Ukiyo_e,Ukiyo_e__katsushika-hokusai_cargo-ship-and-wave.jpg,Ukiyo_e__Ukiyo_e__katsushika-hokusai_cargo-ship-and-wave__to__Ukiyo_e.png,0.90248126,0.0,0.6467003226280212,0.0
Ukiyo_e,Early_Renaissance,Ukiyo_e__katsushika-hokusai_fishing-in-the-bay-uraga.jpg,Ukiyo_e__Ukiyo_e__katsushika-hokusai_fishing-in-the-bay-uraga__to__Early_Renaissance.png,0.8029449,0.0,0.6377582550048828,0.0
Ukiyo_e,Impressionism,Ukiyo_e__katsushika-hokusai_fishing-in-the-bay-uraga.jpg,Ukiyo_e__Ukiyo_e__katsushika-hokusai_fishing-in-the-bay-uraga__to__Impressionism.png,0.7963212,0.0,0.7128934860229492,0.0
Ukiyo_e,Minimalism,Ukiyo_e__katsushika-hokusai_fishing-in-the-bay-uraga.jpg,Ukiyo_e__Ukiyo_e__katsushika-hokusai_fishing-in-the-bay-uraga__to__Minimalism.png,0.79348487,0.0,0.8285740613937378,0.0
Ukiyo_e,Rococo,Ukiyo_e__katsushika-hokusai_fishing-in-the-bay-uraga.jpg,Ukiyo_e__Ukiyo_e__katsushika-hokusai_fishing-in-the-bay-uraga__to__Rococo.png,0.79531753,0.0,0.5927634239196777,0.0
Ukiyo_e,Ukiyo_e,Ukiyo_e__katsushika-hokusai_fishing-in-the-bay-uraga.jpg,Ukiyo_e__Ukiyo_e__katsushika-hokusai_fishing-in-the-bay-uraga__to__Ukiyo_e.png,0.80114913,0.0,0.6498763561248779,0.0
Ukiyo_e,Early_Renaissance,Ukiyo_e__katsushika-hokusai_fishing-in-the-river-kinu.jpg,Ukiyo_e__Ukiyo_e__katsushika-hokusai_fishing-in-the-river-kinu__to__Early_Renaissance.png,0.8237802,0.0,0.6441380381584167,0.0
Ukiyo_e,Impressionism,Ukiyo_e__katsushika-hokusai_fishing-in-the-river-kinu.jpg,Ukiyo_e__Ukiyo_e__katsushika-hokusai_fishing-in-the-river-kinu__to__Impressionism.png,0.81390893,0.0,0.6941819190979004,0.0
Ukiyo_e,Minimalism,Ukiyo_e__katsushika-hokusai_fishing-in-the-river-kinu.jpg,Ukiyo_e__Ukiyo_e__katsushika-hokusai_fishing-in-the-river-kinu__to__Minimalism.png,0.82038534,0.0,0.8168086409568787,0.0
Ukiyo_e,Rococo,Ukiyo_e__katsushika-hokusai_fishing-in-the-river-kinu.jpg,Ukiyo_e__Ukiyo_e__katsushika-hokusai_fishing-in-the-river-kinu__to__Rococo.png,0.812853,0.0,0.5863116383552551,0.0
Ukiyo_e,Ukiyo_e,Ukiyo_e__katsushika-hokusai_fishing-in-the-river-kinu.jpg,Ukiyo_e__Ukiyo_e__katsushika-hokusai_fishing-in-the-river-kinu__to__Ukiyo_e.png,0.8096007,0.0,0.6326251029968262,0.0
Ukiyo_e,Early_Renaissance,Ukiyo_e__katsushika-hokusai_ono-shindon-in-the-suraga-province.jpg,Ukiyo_e__Ukiyo_e__katsushika-hokusai_ono-shindon-in-the-suraga-province__to__Early_Renaissance.png,0.7890775,0.0,0.6393024921417236,0.0
Ukiyo_e,Impressionism,Ukiyo_e__katsushika-hokusai_ono-shindon-in-the-suraga-province.jpg,Ukiyo_e__Ukiyo_e__katsushika-hokusai_ono-shindon-in-the-suraga-province__to__Impressionism.png,0.7943517,0.0,0.6871788501739502,0.0
Ukiyo_e,Minimalism,Ukiyo_e__katsushika-hokusai_ono-shindon-in-the-suraga-province.jpg,Ukiyo_e__Ukiyo_e__katsushika-hokusai_ono-shindon-in-the-suraga-province__to__Minimalism.png,0.7919533,0.0,0.8501858711242676,0.0
Ukiyo_e,Rococo,Ukiyo_e__katsushika-hokusai_ono-shindon-in-the-suraga-province.jpg,Ukiyo_e__Ukiyo_e__katsushika-hokusai_ono-shindon-in-the-suraga-province__to__Rococo.png,0.79685915,0.0,0.5946990251541138,0.0
Ukiyo_e,Ukiyo_e,Ukiyo_e__katsushika-hokusai_ono-shindon-in-the-suraga-province.jpg,Ukiyo_e__Ukiyo_e__katsushika-hokusai_ono-shindon-in-the-suraga-province__to__Ukiyo_e.png,0.7940904,0.0,0.6689227819442749,0.0
Ukiyo_e,Early_Renaissance,Ukiyo_e__katsushika-hokusai_woman-looking-at-herself-in-a-mirror.jpg,Ukiyo_e__Ukiyo_e__katsushika-hokusai_woman-looking-at-herself-in-a-mirror__to__Early_Renaissance.png,0.7438054,0.0,0.6482449173927307,0.0
Ukiyo_e,Impressionism,Ukiyo_e__katsushika-hokusai_woman-looking-at-herself-in-a-mirror.jpg,Ukiyo_e__Ukiyo_e__katsushika-hokusai_woman-looking-at-herself-in-a-mirror__to__Impressionism.png,0.7612767,0.0,0.6924293637275696,0.0
Ukiyo_e,Minimalism,Ukiyo_e__katsushika-hokusai_woman-looking-at-herself-in-a-mirror.jpg,Ukiyo_e__Ukiyo_e__katsushika-hokusai_woman-looking-at-herself-in-a-mirror__to__Minimalism.png,0.75663793,0.0,0.8014721274375916,0.0
Ukiyo_e,Rococo,Ukiyo_e__katsushika-hokusai_woman-looking-at-herself-in-a-mirror.jpg,Ukiyo_e__Ukiyo_e__katsushika-hokusai_woman-looking-at-herself-in-a-mirror__to__Rococo.png,0.7608403,0.0,0.6046633124351501,0.0
Ukiyo_e,Ukiyo_e,Ukiyo_e__katsushika-hokusai_woman-looking-at-herself-in-a-mirror.jpg,Ukiyo_e__Ukiyo_e__katsushika-hokusai_woman-looking-at-herself-in-a-mirror__to__Ukiyo_e.png,0.7501271,0.0,0.6502870917320251,0.0
Ukiyo_e,Early_Renaissance,Ukiyo_e__keisai-eisen_the-courtesan-kaoru-of-owariya-matched-with-okitsu-1825(1).jpg,Ukiyo_e__Ukiyo_e__keisai-eisen_the-courtesan-kaoru-of-owariya-matched-with-okitsu-1825(1)__to__Early_Renaissance.png,0.83956784,0.0,0.6706493496894836,0.0
Ukiyo_e,Impressionism,Ukiyo_e__keisai-eisen_the-courtesan-kaoru-of-owariya-matched-with-okitsu-1825(1).jpg,Ukiyo_e__Ukiyo_e__keisai-eisen_the-courtesan-kaoru-of-owariya-matched-with-okitsu-1825(1)__to__Impressionism.png,0.85898906,0.0,0.6903542876243591,0.0
Ukiyo_e,Minimalism,Ukiyo_e__keisai-eisen_the-courtesan-kaoru-of-owariya-matched-with-okitsu-1825(1).jpg,Ukiyo_e__Ukiyo_e__keisai-eisen_the-courtesan-kaoru-of-owariya-matched-with-okitsu-1825(1)__to__Minimalism.png,0.83633685,0.0,0.8340221047401428,0.0
Ukiyo_e,Rococo,Ukiyo_e__keisai-eisen_the-courtesan-kaoru-of-owariya-matched-with-okitsu-1825(1).jpg,Ukiyo_e__Ukiyo_e__keisai-eisen_the-courtesan-kaoru-of-owariya-matched-with-okitsu-1825(1)__to__Rococo.png,0.8423023,0.0,0.5954105257987976,0.0
Ukiyo_e,Ukiyo_e,Ukiyo_e__keisai-eisen_the-courtesan-kaoru-of-owariya-matched-with-okitsu-1825(1).jpg,Ukiyo_e__Ukiyo_e__keisai-eisen_the-courtesan-kaoru-of-owariya-matched-with-okitsu-1825(1)__to__Ukiyo_e.png,0.8472957,0.0,0.6350023150444031,0.0
Ukiyo_e,Early_Renaissance,Ukiyo_e__keisai-eisen_yabai-with-two-women-1840.jpg,Ukiyo_e__Ukiyo_e__keisai-eisen_yabai-with-two-women-1840__to__Early_Renaissance.png,0.8000982,0.0,0.6486804485321045,0.0
Ukiyo_e,Impressionism,Ukiyo_e__keisai-eisen_yabai-with-two-women-1840.jpg,Ukiyo_e__Ukiyo_e__keisai-eisen_yabai-with-two-women-1840__to__Impressionism.png,0.8048681,0.0,0.7089270353317261,0.0
Ukiyo_e,Minimalism,Ukiyo_e__keisai-eisen_yabai-with-two-women-1840.jpg,Ukiyo_e__Ukiyo_e__keisai-eisen_yabai-with-two-women-1840__to__Minimalism.png,0.7996813,0.0,0.8147594332695007,0.0
Ukiyo_e,Rococo,Ukiyo_e__keisai-eisen_yabai-with-two-women-1840.jpg,Ukiyo_e__Ukiyo_e__keisai-eisen_yabai-with-two-women-1840__to__Rococo.png,0.8023018,0.0,0.5813995003700256,0.0
Ukiyo_e,Ukiyo_e,Ukiyo_e__keisai-eisen_yabai-with-two-women-1840.jpg,Ukiyo_e__Ukiyo_e__keisai-eisen_yabai-with-two-women-1840__to__Ukiyo_e.png,0.8012339,0.0,0.6417028903961182,0.0
Ukiyo_e,Early_Renaissance,Ukiyo_e__kitagawa-utamaro_the-hour-of-the-horse.jpg,Ukiyo_e__Ukiyo_e__kitagawa-utamaro_the-hour-of-the-horse__to__Early_Renaissance.png,0.8680857,0.0,0.650330662727356,0.0
Ukiyo_e,Impressionism,Ukiyo_e__kitagawa-utamaro_the-hour-of-the-horse.jpg,Ukiyo_e__Ukiyo_e__kitagawa-utamaro_the-hour-of-the-horse__to__Impressionism.png,0.86511284,0.0,0.7056586742401123,0.0
Ukiyo_e,Minimalism,Ukiyo_e__kitagawa-utamaro_the-hour-of-the-horse.jpg,Ukiyo_e__Ukiyo_e__kitagawa-utamaro_the-hour-of-the-horse__to__Minimalism.png,0.85567373,0.0,0.8178120851516724,0.0
Ukiyo_e,Rococo,Ukiyo_e__kitagawa-utamaro_the-hour-of-the-horse.jpg,Ukiyo_e__Ukiyo_e__kitagawa-utamaro_the-hour-of-the-horse__to__Rococo.png,0.8866783,0.0,0.5622292757034302,0.0
Ukiyo_e,Ukiyo_e,Ukiyo_e__kitagawa-utamaro_the-hour-of-the-horse.jpg,Ukiyo_e__Ukiyo_e__kitagawa-utamaro_the-hour-of-the-horse__to__Ukiyo_e.png,0.87551343,0.0,0.6466050148010254,0.0
Ukiyo_e,Early_Renaissance,Ukiyo_e__kitagawa-utamaro_upon-my-oath.jpg,Ukiyo_e__Ukiyo_e__kitagawa-utamaro_upon-my-oath__to__Early_Renaissance.png,0.8237363,0.0,0.6731446981430054,0.0
Ukiyo_e,Impressionism,Ukiyo_e__kitagawa-utamaro_upon-my-oath.jpg,Ukiyo_e__Ukiyo_e__kitagawa-utamaro_upon-my-oath__to__Impressionism.png,0.824719,0.0,0.6931718587875366,0.0
Ukiyo_e,Minimalism,Ukiyo_e__kitagawa-utamaro_upon-my-oath.jpg,Ukiyo_e__Ukiyo_e__kitagawa-utamaro_upon-my-oath__to__Minimalism.png,0.8235855,0.0,0.8275319337844849,0.0
Ukiyo_e,Rococo,Ukiyo_e__kitagawa-utamaro_upon-my-oath.jpg,Ukiyo_e__Ukiyo_e__kitagawa-utamaro_upon-my-oath__to__Rococo.png,0.83033466,0.0,0.6104008555412292,0.0
Ukiyo_e,Ukiyo_e,Ukiyo_e__kitagawa-utamaro_upon-my-oath.jpg,Ukiyo_e__Ukiyo_e__kitagawa-utamaro_upon-my-oath__to__Ukiyo_e.png,0.8099229,0.0,0.6653724908828735,0.0
Ukiyo_e,Early_Renaissance,Ukiyo_e__kitagawa-utamaro_yama-uba-and-kintaro-1.jpg,Ukiyo_e__Ukiyo_e__kitagawa-utamaro_yama-uba-and-kintaro-1__to__Early_Renaissance.png,0.8221851,0.0,0.6596958041191101,0.0
Ukiyo_e,Impressionism,Ukiyo_e__kitagawa-utamaro_yama-uba-and-kintaro-1.jpg,Ukiyo_e__Ukiyo_e__kitagawa-utamaro_yama-uba-and-kintaro-1__to__Impressionism.png,0.83004606,0.0,0.6768732070922852,0.0
Ukiyo_e,Minimalism,Ukiyo_e__kitagawa-utamaro_yama-uba-and-kintaro-1.jpg,Ukiyo_e__Ukiyo_e__kitagawa-utamaro_yama-uba-and-kintaro-1__to__Minimalism.png,0.82261384,0.0,0.8386352062225342,0.0
Ukiyo_e,Rococo,Ukiyo_e__kitagawa-utamaro_yama-uba-and-kintaro-1.jpg,Ukiyo_e__Ukiyo_e__kitagawa-utamaro_yama-uba-and-kintaro-1__to__Rococo.png,0.8232584,0.0,0.5842679738998413,0.0
Ukiyo_e,Ukiyo_e,Ukiyo_e__kitagawa-utamaro_yama-uba-and-kintaro-1.jpg,Ukiyo_e__Ukiyo_e__kitagawa-utamaro_yama-uba-and-kintaro-1__to__Ukiyo_e.png,0.81658405,0.0,0.637850821018219,0.0
Ukiyo_e,Early_Renaissance,Ukiyo_e__ogata-gekko_nihon-hana-zue-1896.jpg,Ukiyo_e__Ukiyo_e__ogata-gekko_nihon-hana-zue-1896__to__Early_Renaissance.png,0.78494054,0.0,0.6323273777961731,0.0
Ukiyo_e,Impressionism,Ukiyo_e__ogata-gekko_nihon-hana-zue-1896.jpg,Ukiyo_e__Ukiyo_e__ogata-gekko_nihon-hana-zue-1896__to__Impressionism.png,0.77869993,0.0,0.7063331007957458,0.0
Ukiyo_e,Minimalism,Ukiyo_e__ogata-gekko_nihon-hana-zue-1896.jpg,Ukiyo_e__Ukiyo_e__ogata-gekko_nihon-hana-zue-1896__to__Minimalism.png,0.773002,0.0,0.8438977599143982,0.0
Ukiyo_e,Rococo,Ukiyo_e__ogata-gekko_nihon-hana-zue-1896.jpg,Ukiyo_e__Ukiyo_e__ogata-gekko_nihon-hana-zue-1896__to__Rococo.png,0.78076065,0.0,0.5729619264602661,0.0
Ukiyo_e,Ukiyo_e,Ukiyo_e__ogata-gekko_nihon-hana-zue-1896.jpg,Ukiyo_e__Ukiyo_e__ogata-gekko_nihon-hana-zue-1896__to__Ukiyo_e.png,0.77867854,0.0,0.6295231580734253,0.0
Ukiyo_e,Early_Renaissance,Ukiyo_e__ogata-gekko_print-from-series-women-s-customs-and-manners-1895-1.jpg,Ukiyo_e__Ukiyo_e__ogata-gekko_print-from-series-women-s-customs-and-manners-1895-1__to__Early_Renaissance.png,0.7731172,0.0,0.6640555262565613,0.0
Ukiyo_e,Impressionism,Ukiyo_e__ogata-gekko_print-from-series-women-s-customs-and-manners-1895-1.jpg,Ukiyo_e__Ukiyo_e__ogata-gekko_print-from-series-women-s-customs-and-manners-1895-1__to__Impressionism.png,0.7956363,0.0,0.7294985055923462,0.0
Ukiyo_e,Minimalism,Ukiyo_e__ogata-gekko_print-from-series-women-s-customs-and-manners-1895-1.jpg,Ukiyo_e__Ukiyo_e__ogata-gekko_print-from-series-women-s-customs-and-manners-1895-1__to__Minimalism.png,0.772701,0.0,0.8682982325553894,0.0
Ukiyo_e,Rococo,Ukiyo_e__ogata-gekko_print-from-series-women-s-customs-and-manners-1895-1.jpg,Ukiyo_e__Ukiyo_e__ogata-gekko_print-from-series-women-s-customs-and-manners-1895-1__to__Rococo.png,0.77656996,0.0,0.6049155592918396,0.0
Ukiyo_e,Ukiyo_e,Ukiyo_e__ogata-gekko_print-from-series-women-s-customs-and-manners-1895-1.jpg,Ukiyo_e__Ukiyo_e__ogata-gekko_print-from-series-women-s-customs-and-manners-1895-1__to__Ukiyo_e.png,0.7726029,0.0,0.6705142855644226,0.0
Ukiyo_e,Early_Renaissance,Ukiyo_e__tsukioka-yoshitoshi_not_detected_242419.jpg,Ukiyo_e__Ukiyo_e__tsukioka-yoshitoshi_not_detected_242419__to__Early_Renaissance.png,0.7905189,0.0,0.6604470610618591,0.0
Ukiyo_e,Impressionism,Ukiyo_e__tsukioka-yoshitoshi_not_detected_242419.jpg,Ukiyo_e__Ukiyo_e__tsukioka-yoshitoshi_not_detected_242419__to__Impressionism.png,0.79085827,0.0,0.6997890472412109,0.0
Ukiyo_e,Minimalism,Ukiyo_e__tsukioka-yoshitoshi_not_detected_242419.jpg,Ukiyo_e__Ukiyo_e__tsukioka-yoshitoshi_not_detected_242419__to__Minimalism.png,0.7769973,0.0,0.8337889909744263,0.0
Ukiyo_e,Rococo,Ukiyo_e__tsukioka-yoshitoshi_not_detected_242419.jpg,Ukiyo_e__Ukiyo_e__tsukioka-yoshitoshi_not_detected_242419__to__Rococo.png,0.790763,0.0,0.6013844609260559,0.0
Ukiyo_e,Ukiyo_e,Ukiyo_e__tsukioka-yoshitoshi_not_detected_242419.jpg,Ukiyo_e__Ukiyo_e__tsukioka-yoshitoshi_not_detected_242419__to__Ukiyo_e.png,0.79116535,0.0,0.6579773426055908,0.0
Ukiyo_e,Early_Renaissance,Ukiyo_e__utagawa-kunisada-ii_oichi-from-the-beauties-of-tokyo-series.jpg,Ukiyo_e__Ukiyo_e__utagawa-kunisada-ii_oichi-from-the-beauties-of-tokyo-series__to__Early_Renaissance.png,0.7689563,0.0,0.6412221193313599,0.0
Ukiyo_e,Impressionism,Ukiyo_e__utagawa-kunisada-ii_oichi-from-the-beauties-of-tokyo-series.jpg,Ukiyo_e__Ukiyo_e__utagawa-kunisada-ii_oichi-from-the-beauties-of-tokyo-series__to__Impressionism.png,0.7716559,0.0,0.6767125725746155,0.0
Ukiyo_e,Minimalism,Ukiyo_e__utagawa-kunisada-ii_oichi-from-the-beauties-of-tokyo-series.jpg,Ukiyo_e__Ukiyo_e__utagawa-kunisada-ii_oichi-from-the-beauties-of-tokyo-series__to__Minimalism.png,0.77222,0.0,0.8079738020896912,0.0
Ukiyo_e,Rococo,Ukiyo_e__utagawa-kunisada-ii_oichi-from-the-beauties-of-tokyo-series.jpg,Ukiyo_e__Ukiyo_e__utagawa-kunisada-ii_oichi-from-the-beauties-of-tokyo-series__to__Rococo.png,0.77370954,0.0,0.565138578414917,0.0
Ukiyo_e,Ukiyo_e,Ukiyo_e__utagawa-kunisada-ii_oichi-from-the-beauties-of-tokyo-series.jpg,Ukiyo_e__Ukiyo_e__utagawa-kunisada-ii_oichi-from-the-beauties-of-tokyo-series__to__Ukiyo_e.png,0.76944005,0.0,0.6396794319152832,0.0
Ukiyo_e,Early_Renaissance,Ukiyo_e__utagawa-kunisada_not_detected_240333.jpg,Ukiyo_e__Ukiyo_e__utagawa-kunisada_not_detected_240333__to__Early_Renaissance.png,0.8305179,0.0,0.6602713465690613,0.0
Ukiyo_e,Impressionism,Ukiyo_e__utagawa-kunisada_not_detected_240333.jpg,Ukiyo_e__Ukiyo_e__utagawa-kunisada_not_detected_240333__to__Impressionism.png,0.83114964,0.0,0.6583400964736938,0.0
Ukiyo_e,Minimalism,Ukiyo_e__utagawa-kunisada_not_detected_240333.jpg,Ukiyo_e__Ukiyo_e__utagawa-kunisada_not_detected_240333__to__Minimalism.png,0.82888067,0.0,0.8181529641151428,0.0
Ukiyo_e,Rococo,Ukiyo_e__utagawa-kunisada_not_detected_240333.jpg,Ukiyo_e__Ukiyo_e__utagawa-kunisada_not_detected_240333__to__Rococo.png,0.8227446,0.0,0.5848097205162048,0.0
Ukiyo_e,Ukiyo_e,Ukiyo_e__utagawa-kunisada_not_detected_240333.jpg,Ukiyo_e__Ukiyo_e__utagawa-kunisada_not_detected_240333__to__Ukiyo_e.png,0.82476366,0.0,0.650922954082489,0.0
Ukiyo_e,Early_Renaissance,Ukiyo_e__utagawa-kunisada_not_detected_240347.jpg,Ukiyo_e__Ukiyo_e__utagawa-kunisada_not_detected_240347__to__Early_Renaissance.png,0.81168145,0.0,0.6708989143371582,0.0
Ukiyo_e,Impressionism,Ukiyo_e__utagawa-kunisada_not_detected_240347.jpg,Ukiyo_e__Ukiyo_e__utagawa-kunisada_not_detected_240347__to__Impressionism.png,0.80886084,0.0,0.7295562028884888,0.0
Ukiyo_e,Minimalism,Ukiyo_e__utagawa-kunisada_not_detected_240347.jpg,Ukiyo_e__Ukiyo_e__utagawa-kunisada_not_detected_240347__to__Minimalism.png,0.7909313,0.0,0.8680826425552368,0.0
Ukiyo_e,Rococo,Ukiyo_e__utagawa-kunisada_not_detected_240347.jpg,Ukiyo_e__Ukiyo_e__utagawa-kunisada_not_detected_240347__to__Rococo.png,0.80984306,0.0,0.629790186882019,0.0
Ukiyo_e,Ukiyo_e,Ukiyo_e__utagawa-kunisada_not_detected_240347.jpg,Ukiyo_e__Ukiyo_e__utagawa-kunisada_not_detected_240347__to__Ukiyo_e.png,0.795174,0.0,0.6768874526023865,0.0
Ukiyo_e,Early_Renaissance,Ukiyo_e__utagawa-kunisada_not_detected_240353.jpg,Ukiyo_e__Ukiyo_e__utagawa-kunisada_not_detected_240353__to__Early_Renaissance.png,0.8482975,0.0,0.6475673317909241,0.0
Ukiyo_e,Impressionism,Ukiyo_e__utagawa-kunisada_not_detected_240353.jpg,Ukiyo_e__Ukiyo_e__utagawa-kunisada_not_detected_240353__to__Impressionism.png,0.87538075,0.0,0.6904561519622803,0.0
Ukiyo_e,Minimalism,Ukiyo_e__utagawa-kunisada_not_detected_240353.jpg,Ukiyo_e__Ukiyo_e__utagawa-kunisada_not_detected_240353__to__Minimalism.png,0.850765,0.0,0.8149404525756836,0.0
Ukiyo_e,Rococo,Ukiyo_e__utagawa-kunisada_not_detected_240353.jpg,Ukiyo_e__Ukiyo_e__utagawa-kunisada_not_detected_240353__to__Rococo.png,0.86401975,0.0,0.6140991449356079,0.0
Ukiyo_e,Ukiyo_e,Ukiyo_e__utagawa-kunisada_not_detected_240353.jpg,Ukiyo_e__Ukiyo_e__utagawa-kunisada_not_detected_240353__to__Ukiyo_e.png,0.84564096,0.0,0.648973286151886,0.0
Ukiyo_e,Early_Renaissance,Ukiyo_e__utagawa-kunisada_not_detected_240381(1).jpg,Ukiyo_e__Ukiyo_e__utagawa-kunisada_not_detected_240381(1)__to__Early_Renaissance.png,0.76909477,0.0,0.6566423177719116,0.0
Ukiyo_e,Impressionism,Ukiyo_e__utagawa-kunisada_not_detected_240381(1).jpg,Ukiyo_e__Ukiyo_e__utagawa-kunisada_not_detected_240381(1)__to__Impressionism.png,0.7725379,0.0,0.6899591684341431,0.0
Ukiyo_e,Minimalism,Ukiyo_e__utagawa-kunisada_not_detected_240381(1).jpg,Ukiyo_e__Ukiyo_e__utagawa-kunisada_not_detected_240381(1)__to__Minimalism.png,0.7684262,0.0,0.8143317103385925,0.0
Ukiyo_e,Rococo,Ukiyo_e__utagawa-kunisada_not_detected_240381(1).jpg,Ukiyo_e__Ukiyo_e__utagawa-kunisada_not_detected_240381(1)__to__Rococo.png,0.7646054,0.0,0.5912625193595886,0.0
Ukiyo_e,Ukiyo_e,Ukiyo_e__utagawa-kunisada_not_detected_240381(1).jpg,Ukiyo_e__Ukiyo_e__utagawa-kunisada_not_detected_240381(1)__to__Ukiyo_e.png,0.76406056,0.0,0.6687304973602295,0.0
Ukiyo_e,Early_Renaissance,Ukiyo_e__utagawa-kunisada_the-actor.jpg,Ukiyo_e__Ukiyo_e__utagawa-kunisada_the-actor__to__Early_Renaissance.png,0.83213216,0.0,0.6674364805221558,0.0
Ukiyo_e,Impressionism,Ukiyo_e__utagawa-kunisada_the-actor.jpg,Ukiyo_e__Ukiyo_e__utagawa-kunisada_the-actor__to__Impressionism.png,0.8414179,0.0,0.7325810194015503,0.0
Ukiyo_e,Minimalism,Ukiyo_e__utagawa-kunisada_the-actor.jpg,Ukiyo_e__Ukiyo_e__utagawa-kunisada_the-actor__to__Minimalism.png,0.8147032,0.0,0.8600043058395386,0.0
Ukiyo_e,Rococo,Ukiyo_e__utagawa-kunisada_the-actor.jpg,Ukiyo_e__Ukiyo_e__utagawa-kunisada_the-actor__to__Rococo.png,0.84599054,0.0,0.6149548292160034,0.0
Ukiyo_e,Ukiyo_e,Ukiyo_e__utagawa-kunisada_the-actor.jpg,Ukiyo_e__Ukiyo_e__utagawa-kunisada_the-actor__to__Ukiyo_e.png,0.8411426,0.0,0.6730520129203796,0.0
Ukiyo_e,Early_Renaissance,Ukiyo_e__utagawa-kuniyoshi_a-man-confronted-with-an-apparition-of-the-fox-goddess.jpg,Ukiyo_e__Ukiyo_e__utagawa-kuniyoshi_a-man-confronted-with-an-apparition-of-the-fox-goddess__to__Early_Renaissance.png,0.85640246,0.0,0.6572876572608948,0.0
Ukiyo_e,Impressionism,Ukiyo_e__utagawa-kuniyoshi_a-man-confronted-with-an-apparition-of-the-fox-goddess.jpg,Ukiyo_e__Ukiyo_e__utagawa-kuniyoshi_a-man-confronted-with-an-apparition-of-the-fox-goddess__to__Impressionism.png,0.8592335,0.0,0.6879761219024658,0.0
Ukiyo_e,Minimalism,Ukiyo_e__utagawa-kuniyoshi_a-man-confronted-with-an-apparition-of-the-fox-goddess.jpg,Ukiyo_e__Ukiyo_e__utagawa-kuniyoshi_a-man-confronted-with-an-apparition-of-the-fox-goddess__to__Minimalism.png,0.8465919,0.0,0.8288525938987732,0.0
Ukiyo_e,Rococo,Ukiyo_e__utagawa-kuniyoshi_a-man-confronted-with-an-apparition-of-the-fox-goddess.jpg,Ukiyo_e__Ukiyo_e__utagawa-kuniyoshi_a-man-confronted-with-an-apparition-of-the-fox-goddess__to__Rococo.png,0.8776914,0.0,0.6022622585296631,0.0
Ukiyo_e,Ukiyo_e,Ukiyo_e__utagawa-kuniyoshi_a-man-confronted-with-an-apparition-of-the-fox-goddess.jpg,Ukiyo_e__Ukiyo_e__utagawa-kuniyoshi_a-man-confronted-with-an-apparition-of-the-fox-goddess__to__Ukiyo_e.png,0.8639289,0.0,0.6465975046157837,0.0
Ukiyo_e,Early_Renaissance,Ukiyo_e__utagawa-kuniyoshi_a-record-of-origins-of-the-great-country-of-japan.jpg,Ukiyo_e__Ukiyo_e__utagawa-kuniyoshi_a-record-of-origins-of-the-great-country-of-japan__to__Early_Renaissance.png,0.8251089,0.0,0.6678083539009094,0.0
Ukiyo_e,Impressionism,Ukiyo_e__utagawa-kuniyoshi_a-record-of-origins-of-the-great-country-of-japan.jpg,Ukiyo_e__Ukiyo_e__utagawa-kuniyoshi_a-record-of-origins-of-the-great-country-of-japan__to__Impressionism.png,0.82043487,0.0,0.7157140970230103,0.0
Ukiyo_e,Minimalism,Ukiyo_e__utagawa-kuniyoshi_a-record-of-origins-of-the-great-country-of-japan.jpg,Ukiyo_e__Ukiyo_e__utagawa-kuniyoshi_a-record-of-origins-of-the-great-country-of-japan__to__Minimalism.png,0.8142954,0.0,0.8543906807899475,0.0
Ukiyo_e,Rococo,Ukiyo_e__utagawa-kuniyoshi_a-record-of-origins-of-the-great-country-of-japan.jpg,Ukiyo_e__Ukiyo_e__utagawa-kuniyoshi_a-record-of-origins-of-the-great-country-of-japan__to__Rococo.png,0.8270837,0.0,0.62397700548172,0.0
Ukiyo_e,Ukiyo_e,Ukiyo_e__utagawa-kuniyoshi_a-record-of-origins-of-the-great-country-of-japan.jpg,Ukiyo_e__Ukiyo_e__utagawa-kuniyoshi_a-record-of-origins-of-the-great-country-of-japan__to__Ukiyo_e.png,0.81082004,0.0,0.6718015074729919,0.0
Ukiyo_e,Early_Renaissance,Ukiyo_e__utagawa-kuniyoshi_high-noon-at-kasumigaseki.jpg,Ukiyo_e__Ukiyo_e__utagawa-kuniyoshi_high-noon-at-kasumigaseki__to__Early_Renaissance.png,0.8025508,0.0,0.6462306976318359,0.0
Ukiyo_e,Impressionism,Ukiyo_e__utagawa-kuniyoshi_high-noon-at-kasumigaseki.jpg,Ukiyo_e__Ukiyo_e__utagawa-kuniyoshi_high-noon-at-kasumigaseki__to__Impressionism.png,0.80407155,0.0,0.7351168394088745,0.0
Ukiyo_e,Minimalism,Ukiyo_e__utagawa-kuniyoshi_high-noon-at-kasumigaseki.jpg,Ukiyo_e__Ukiyo_e__utagawa-kuniyoshi_high-noon-at-kasumigaseki__to__Minimalism.png,0.7946444,0.0,0.8124462366104126,0.0
Ukiyo_e,Rococo,Ukiyo_e__utagawa-kuniyoshi_high-noon-at-kasumigaseki.jpg,Ukiyo_e__Ukiyo_e__utagawa-kuniyoshi_high-noon-at-kasumigaseki__to__Rococo.png,0.7940128,0.0,0.6037319898605347,0.0
Ukiyo_e,Ukiyo_e,Ukiyo_e__utagawa-kuniyoshi_high-noon-at-kasumigaseki.jpg,Ukiyo_e__Ukiyo_e__utagawa-kuniyoshi_high-noon-at-kasumigaseki__to__Ukiyo_e.png,0.8048687,0.0,0.6668972373008728,0.0
Ukiyo_e,Early_Renaissance,Ukiyo_e__utagawa-kuniyoshi_ishiyakushi.jpg,Ukiyo_e__Ukiyo_e__utagawa-kuniyoshi_ishiyakushi__to__Early_Renaissance.png,0.83704203,0.0,0.6604633331298828,0.0
Ukiyo_e,Impressionism,Ukiyo_e__utagawa-kuniyoshi_ishiyakushi.jpg,Ukiyo_e__Ukiyo_e__utagawa-kuniyoshi_ishiyakushi__to__Impressionism.png,0.83727103,0.0,0.6677194833755493,0.0
Ukiyo_e,Minimalism,Ukiyo_e__utagawa-kuniyoshi_ishiyakushi.jpg,Ukiyo_e__Ukiyo_e__utagawa-kuniyoshi_ishiyakushi__to__Minimalism.png,0.83746773,0.0,0.8061321377754211,0.0
Ukiyo_e,Rococo,Ukiyo_e__utagawa-kuniyoshi_ishiyakushi.jpg,Ukiyo_e__Ukiyo_e__utagawa-kuniyoshi_ishiyakushi__to__Rococo.png,0.84962165,0.0,0.5834343433380127,0.0
Ukiyo_e,Ukiyo_e,Ukiyo_e__utagawa-kuniyoshi_ishiyakushi.jpg,Ukiyo_e__Ukiyo_e__utagawa-kuniyoshi_ishiyakushi__to__Ukiyo_e.png,0.84762466,0.0,0.6486973166465759,0.0
Ukiyo_e,Early_Renaissance,Ukiyo_e__utagawa-kuniyoshi_kuzunoha.jpg,Ukiyo_e__Ukiyo_e__utagawa-kuniyoshi_kuzunoha__to__Early_Renaissance.png,0.88622093,0.0,0.657616913318634,0.0
Ukiyo_e,Impressionism,Ukiyo_e__utagawa-kuniyoshi_kuzunoha.jpg,Ukiyo_e__Ukiyo_e__utagawa-kuniyoshi_kuzunoha__to__Impressionism.png,0.8853779,0.0,0.702290415763855,0.0
Ukiyo_e,Minimalism,Ukiyo_e__utagawa-kuniyoshi_kuzunoha.jpg,Ukiyo_e__Ukiyo_e__utagawa-kuniyoshi_kuzunoha__to__Minimalism.png,0.88492197,0.0,0.854985773563385,0.0
Ukiyo_e,Rococo,Ukiyo_e__utagawa-kuniyoshi_kuzunoha.jpg,Ukiyo_e__Ukiyo_e__utagawa-kuniyoshi_kuzunoha__to__Rococo.png,0.9011842,0.0,0.597217321395874,0.0
Ukiyo_e,Ukiyo_e,Ukiyo_e__utagawa-kuniyoshi_kuzunoha.jpg,Ukiyo_e__Ukiyo_e__utagawa-kuniyoshi_kuzunoha__to__Ukiyo_e.png,0.87555504,0.0,0.6477288603782654,0.0
Ukiyo_e,Early_Renaissance,Ukiyo_e__utagawa-kuniyoshi_tamatori-being-pursued-bya-dragon.jpg,Ukiyo_e__Ukiyo_e__utagawa-kuniyoshi_tamatori-being-pursued-bya-dragon__to__Early_Renaissance.png,0.87010324,0.0,0.6521293520927429,0.0
Ukiyo_e,Impressionism,Ukiyo_e__utagawa-kuniyoshi_tamatori-being-pursued-bya-dragon.jpg,Ukiyo_e__Ukiyo_e__utagawa-kuniyoshi_tamatori-being-pursued-bya-dragon__to__Impressionism.png,0.8611007,0.0,0.6911078691482544,0.0
Ukiyo_e,Minimalism,Ukiyo_e__utagawa-kuniyoshi_tamatori-being-pursued-bya-dragon.jpg,Ukiyo_e__Ukiyo_e__utagawa-kuniyoshi_tamatori-being-pursued-bya-dragon__to__Minimalism.png,0.84730905,0.0,0.8372589349746704,0.0
Ukiyo_e,Rococo,Ukiyo_e__utagawa-kuniyoshi_tamatori-being-pursued-bya-dragon.jpg,Ukiyo_e__Ukiyo_e__utagawa-kuniyoshi_tamatori-being-pursued-bya-dragon__to__Rococo.png,0.8649566,0.0,0.5889074206352234,0.0
Ukiyo_e,Ukiyo_e,Ukiyo_e__utagawa-kuniyoshi_tamatori-being-pursued-bya-dragon.jpg,Ukiyo_e__Ukiyo_e__utagawa-kuniyoshi_tamatori-being-pursued-bya-dragon__to__Ukiyo_e.png,0.8552592,0.0,0.6640098094940186,0.0
Ukiyo_e,Early_Renaissance,Ukiyo_e__utagawa-kuniyoshi_tsuchigumo.jpg,Ukiyo_e__Ukiyo_e__utagawa-kuniyoshi_tsuchigumo__to__Early_Renaissance.png,0.8704911,0.0,0.6681684255599976,0.0
Ukiyo_e,Impressionism,Ukiyo_e__utagawa-kuniyoshi_tsuchigumo.jpg,Ukiyo_e__Ukiyo_e__utagawa-kuniyoshi_tsuchigumo__to__Impressionism.png,0.88187224,0.0,0.7192649245262146,0.0
Ukiyo_e,Minimalism,Ukiyo_e__utagawa-kuniyoshi_tsuchigumo.jpg,Ukiyo_e__Ukiyo_e__utagawa-kuniyoshi_tsuchigumo__to__Minimalism.png,0.8596318,0.0,0.877656877040863,0.0
Ukiyo_e,Rococo,Ukiyo_e__utagawa-kuniyoshi_tsuchigumo.jpg,Ukiyo_e__Ukiyo_e__utagawa-kuniyoshi_tsuchigumo__to__Rococo.png,0.8973585,0.0,0.5932474732398987,0.0
Ukiyo_e,Ukiyo_e,Ukiyo_e__utagawa-kuniyoshi_tsuchigumo.jpg,Ukiyo_e__Ukiyo_e__utagawa-kuniyoshi_tsuchigumo__to__Ukiyo_e.png,0.8721147,0.0,0.6601952314376831,0.0
Ukiyo_e,Early_Renaissance,Ukiyo_e__utagawa-kuniyoshi_woman-seated-under-a-cherry-blossoms.jpg,Ukiyo_e__Ukiyo_e__utagawa-kuniyoshi_woman-seated-under-a-cherry-blossoms__to__Early_Renaissance.png,0.81622076,0.0,0.6367558240890503,0.0
Ukiyo_e,Impressionism,Ukiyo_e__utagawa-kuniyoshi_woman-seated-under-a-cherry-blossoms.jpg,Ukiyo_e__Ukiyo_e__utagawa-kuniyoshi_woman-seated-under-a-cherry-blossoms__to__Impressionism.png,0.8033545,0.0,0.6791684627532959,0.0
Ukiyo_e,Minimalism,Ukiyo_e__utagawa-kuniyoshi_woman-seated-under-a-cherry-blossoms.jpg,Ukiyo_e__Ukiyo_e__utagawa-kuniyoshi_woman-seated-under-a-cherry-blossoms__to__Minimalism.png,0.8241795,0.0,0.8303361535072327,0.0
Ukiyo_e,Rococo,Ukiyo_e__utagawa-kuniyoshi_woman-seated-under-a-cherry-blossoms.jpg,Ukiyo_e__Ukiyo_e__utagawa-kuniyoshi_woman-seated-under-a-cherry-blossoms__to__Rococo.png,0.80847746,0.0,0.5828658938407898,0.0
Ukiyo_e,Ukiyo_e,Ukiyo_e__utagawa-kuniyoshi_woman-seated-under-a-cherry-blossoms.jpg,Ukiyo_e__Ukiyo_e__utagawa-kuniyoshi_woman-seated-under-a-cherry-blossoms__to__Ukiyo_e.png,0.79663885,0.0,0.6405909061431885,0.0
Ukiyo_e,Early_Renaissance,Ukiyo_e__utagawa-toyokuni_the-heian-courtier.jpg,Ukiyo_e__Ukiyo_e__utagawa-toyokuni_the-heian-courtier__to__Early_Renaissance.png,0.79758245,0.0,0.6747676730155945,0.0
Ukiyo_e,Impressionism,Ukiyo_e__utagawa-toyokuni_the-heian-courtier.jpg,Ukiyo_e__Ukiyo_e__utagawa-toyokuni_the-heian-courtier__to__Impressionism.png,0.79229146,0.0,0.7144321203231812,0.0
Ukiyo_e,Minimalism,Ukiyo_e__utagawa-toyokuni_the-heian-courtier.jpg,Ukiyo_e__Ukiyo_e__utagawa-toyokuni_the-heian-courtier__to__Minimalism.png,0.7909106,0.0,0.8209762573242188,0.0
Ukiyo_e,Rococo,Ukiyo_e__utagawa-toyokuni_the-heian-courtier.jpg,Ukiyo_e__Ukiyo_e__utagawa-toyokuni_the-heian-courtier__to__Rococo.png,0.7949006,0.0,0.6078991889953613,0.0
Ukiyo_e,Ukiyo_e,Ukiyo_e__utagawa-toyokuni_the-heian-courtier.jpg,Ukiyo_e__Ukiyo_e__utagawa-toyokuni_the-heian-courtier__to__Ukiyo_e.png,0.79875356,0.0,0.6440474390983582,0.0
