{
  "num_rounds": 3,
  "latest": {
    "epoch": 60,
    "summary_path": "..\\abl_heavy_decoder\\full_eval\\epoch_0060\\summary.json",
    "transfer_clip_style": 0.702779666731755,
    "transfer_content_lpips": 0.5347104474333333,
    "transfer_fid": 310.61496572266356,
    "transfer_art_fid": 488.2423330411977,
    "transfer_classifier_acc": 0.0,
    "photo_to_art_clip_style": 0.6971099625031152,
    "photo_to_art_fid": 310.61496572266356,
    "photo_to_art_art_fid": 488.2423330411977,
    "photo_to_art_classifier_acc": 0.0
  },
  "mean": {
    "transfer_clip_style": 0.69500286479791,
    "transfer_content_lpips": 0.5252284199222222,
    "transfer_fid": 314.9751815066864,
    "transfer_art_fid": 493.3542042644802,
    "transfer_classifier_acc": 0.0,
    "photo_to_art_clip_style": 0.6847816737989584,
    "photo_to_art_fid": 314.9751815066864,
    "photo_to_art_art_fid": 493.3542042644802,
    "photo_to_art_classifier_acc": 0.0
  },
  "best": {
    "best_transfer_classifier_acc": {
      "epoch": 20,
      "summary_path": "..\\abl_heavy_decoder\\full_eval\\epoch_0020\\summary.json",
      "transfer_clip_style": 0.6812273483475049,
      "transfer_content_lpips": 0.5026005887833332,
      "transfer_fid": 318.22148145419766,
      "transfer_art_fid": 490.46890019807347,
      "transfer_classifier_acc": 0.0,
      "photo_to_art_clip_style": 0.6662485259274641,
      "photo_to_art_fid": 318.22148145419766,
      "photo_to_art_art_fid": 490.46890019807347,
      "photo_to_art_classifier_acc": 0.0
    },
    "best_transfer_clip_style": {
      "epoch": 60,
      "summary_path": "..\\abl_heavy_decoder\\full_eval\\epoch_0060\\summary.json",
      "transfer_clip_style": 0.702779666731755,
      "transfer_content_lpips": 0.5347104474333333,
      "transfer_fid": 310.61496572266356,
      "transfer_art_fid": 488.2423330411977,
      "transfer_classifier_acc": 0.0,
      "photo_to_art_clip_style": 0.6971099625031152,
      "photo_to_art_fid": 310.61496572266356,
      "photo_to_art_art_fid": 488.2423330411977,
      "photo_to_art_classifier_acc": 0.0
    },
    "best_transfer_fid": {
      "epoch": 60,
      "summary_path": "..\\abl_heavy_decoder\\full_eval\\epoch_0060\\summary.json",
      "transfer_clip_style": 0.702779666731755,
      "transfer_content_lpips": 0.5347104474333333,
      "transfer_fid": 310.61496572266356,
      "transfer_art_fid": 488.2423330411977,
      "transfer_classifier_acc": 0.0,
      "photo_to_art_clip_style": 0.6971099625031152,
      "photo_to_art_fid": 310.61496572266356,
      "photo_to_art_art_fid": 488.2423330411977,
      "photo_to_art_classifier_acc": 0.0
    },
    "best_transfer_art_fid": {
      "epoch": 60,
      "summary_path": "..\\abl_heavy_decoder\\full_eval\\epoch_0060\\summary.json",
      "transfer_clip_style": 0.702779666731755,
      "transfer_content_lpips": 0.5347104474333333,
      "transfer_fid": 310.61496572266356,
      "transfer_art_fid": 488.2423330411977,
      "transfer_classifier_acc": 0.0,
      "photo_to_art_clip_style": 0.6971099625031152,
      "photo_to_art_fid": 310.61496572266356,
      "photo_to_art_art_fid": 488.2423330411977,
      "photo_to_art_classifier_acc": 0.0
    },
    "best_photo_to_art_classifier_acc": {
      "epoch": 20,
      "summary_path": "..\\abl_heavy_decoder\\full_eval\\epoch_0020\\summary.json",
      "transfer_clip_style": 0.6812273483475049,
      "transfer_content_lpips": 0.5026005887833332,
      "transfer_fid": 318.22148145419766,
      "transfer_art_fid": 490.46890019807347,
      "transfer_classifier_acc": 0.0,
      "photo_to_art_clip_style": 0.6662485259274641,
      "photo_to_art_fid": 318.22148145419766,
      "photo_to_art_art_fid": 490.46890019807347,
      "photo_to_art_classifier_acc": 0.0
    },
    "best_photo_to_art_clip_style": {
      "epoch": 60,
      "summary_path": "..\\abl_heavy_decoder\\full_eval\\epoch_0060\\summary.json",
      "transfer_clip_style": 0.702779666731755,
      "transfer_content_lpips": 0.5347104474333333,
      "transfer_fid": 310.61496572266356,
      "transfer_art_fid": 488.2423330411977,
      "transfer_classifier_acc": 0.0,
      "photo_to_art_clip_style": 0.6971099625031152,
      "photo_to_art_fid": 310.61496572266356,
      "photo_to_art_art_fid": 488.2423330411977,
      "photo_to_art_classifier_acc": 0.0
    },
    "best_photo_to_art_fid": {
      "epoch": 60,
      "summary_path": "..\\abl_heavy_decoder\\full_eval\\epoch_0060\\summary.json",
      "transfer_clip_style": 0.702779666731755,
      "transfer_content_lpips": 0.5347104474333333,
      "transfer_fid": 310.61496572266356,
      "transfer_art_fid": 488.2423330411977,
      "transfer_classifier_acc": 0.0,
      "photo_to_art_clip_style": 0.6971099625031152,
      "photo_to_art_fid": 310.61496572266356,
      "photo_to_art_art_fid": 488.2423330411977,
      "photo_to_art_classifier_acc": 0.0
    },
    "best_photo_to_art_art_fid": {
      "epoch": 60,
      "summary_path": "..\\abl_heavy_decoder\\full_eval\\epoch_0060\\summary.json",
      "transfer_clip_style": 0.702779666731755,
      "transfer_content_lpips": 0.5347104474333333,
      "transfer_fid": 310.61496572266356,
      "transfer_art_fid": 488.2423330411977,
      "transfer_classifier_acc": 0.0,
      "photo_to_art_clip_style": 0.6971099625031152,
      "photo_to_art_fid": 310.61496572266356,
      "photo_to_art_art_fid": 488.2423330411977,
      "photo_to_art_classifier_acc": 0.0
    },
    "best_transfer_content_lpips": {
      "epoch": 20,
      "summary_path": "..\\abl_heavy_decoder\\full_eval\\epoch_0020\\summary.json",
      "transfer_clip_style": 0.6812273483475049,
      "transfer_content_lpips": 0.5026005887833332,
      "transfer_fid": 318.22148145419766,
      "transfer_art_fid": 490.46890019807347,
      "transfer_classifier_acc": 0.0,
      "photo_to_art_clip_style": 0.6662485259274641,
      "photo_to_art_fid": 318.22148145419766,
      "photo_to_art_art_fid": 490.46890019807347,
      "photo_to_art_classifier_acc": 0.0
    }
  },
  "rounds": [
    {
      "epoch": 20,
      "summary_path": "..\\abl_heavy_decoder\\full_eval\\epoch_0020\\summary.json",
      "transfer_clip_style": 0.6812273483475049,
      "transfer_content_lpips": 0.5026005887833332,
      "transfer_fid": 318.22148145419766,
      "transfer_art_fid": 490.46890019807347,
      "transfer_classifier_acc": 0.0,
      "photo_to_art_clip_style": 0.6662485259274641,
      "photo_to_art_fid": 318.22148145419766,
      "photo_to_art_art_fid": 490.46890019807347,
      "photo_to_art_classifier_acc": 0.0
    },
    {
      "epoch": 40,
      "summary_path": "..\\abl_heavy_decoder\\full_eval\\epoch_0040\\summary.json",
      "transfer_clip_style": 0.7010015793144704,
      "transfer_content_lpips": 0.53837422355,
      "transfer_fid": 316.0890973431981,
      "transfer_art_fid": 501.35137955416945,
      "transfer_classifier_acc": 0.0,
      "photo_to_art_clip_style": 0.6909865329662959,
      "photo_to_art_fid": 316.0890973431981,
      "photo_to_art_art_fid": 501.35137955416945,
      "photo_to_art_classifier_acc": 0.0
    },
    {
      "epoch": 60,
      "summary_path": "..\\abl_heavy_decoder\\full_eval\\epoch_0060\\summary.json",
      "transfer_clip_style": 0.702779666731755,
      "transfer_content_lpips": 0.5347104474333333,
      "transfer_fid": 310.61496572266356,
      "transfer_art_fid": 488.2423330411977,
      "transfer_classifier_acc": 0.0,
      "photo_to_art_clip_style": 0.6971099625031152,
      "photo_to_art_fid": 310.61496572266356,
      "photo_to_art_art_fid": 488.2423330411977,
      "photo_to_art_classifier_acc": 0.0
    }
  ],
  "updated_at": "2026-03-16 19:26:29"
}