epoch,loss_total,loss_style_swd,loss_style_swd_weighted,loss_mse,loss_mse_weighted,loss_layout,loss_mse_raw,learning_rate,epoch_time
1,4.526179,42.658299,0.133664,2.18e-05,0.00
2,2.867255,42.838126,0.101551,4.16e-05,0.00
3,2.951639,42.979938,0.086115,6.14e-05,0.00
4,2.968649,43.100032,0.078605,8.12e-05,0.00
5,2.980847,43.257631,0.074139,1.01e-04,0.00
6,2.988886,43.341824,0.072027,1.21e-04,0.00
7,2.982812,43.317153,0.069864,1.41e-04,0.00
8,2.986518,43.302690,0.067894,1.60e-04,0.00
9,2.988047,43.283772,0.066125,1.80e-04,0.00
