epoch,loss,style_swd,identity,train_num_steps,train_step_size,train_style_strength,lr,data_time_sec,compute_time_sec,epoch_time_sec,samples_seen,samples_per_sec
1,78.51577061462402,0.03894987512379885,0.0,1.0,1.0,0.8984528591632843,0.0002,0.2181878070041421,27.652193404985155,28.563270807266235,12500,437.6249514400891
2,62.94423580932617,0.031164902225136758,0.0,1.0,1.0,0.9021240646839142,0.00019999988279847182,0.22086844904333702,27.810744510985387,28.73373031616211,12500,435.02879237956154
3,54.218986419677734,0.026791252054274083,0.0,1.0,1.0,0.8995437672138215,0.00019999953119417653,0.21297439501722693,25.76433470394477,26.68419361114502,12500,468.442111541988
