{
  "num_rounds": 1,
  "latest": {
    "epoch": 60,
    "summary_path": "..\\exp_B_capacity\\full_eval\\epoch_0060\\summary.json",
    "transfer_clip_style": 0.6606415489315987,
    "transfer_content_lpips": 0.39072005545,
    "transfer_fid": 291.31927134858836,
    "transfer_art_fid": 412.90060677180605,
    "transfer_classifier_acc": 0.0,
    "photo_to_art_clip_style": 0.633315689365069,
    "photo_to_art_fid": 291.31927134858836,
    "photo_to_art_art_fid": 412.90060677180605,
    "photo_to_art_classifier_acc": 0.0
  },
  "mean": {
    "transfer_clip_style": 0.6606415489315987,
    "transfer_content_lpips": 0.39072005545,
    "transfer_fid": 291.31927134858836,
    "transfer_art_fid": 412.90060677180605,
    "transfer_classifier_acc": 0.0,
    "photo_to_art_clip_style": 0.633315689365069,
    "photo_to_art_fid": 291.31927134858836,
    "photo_to_art_art_fid": 412.90060677180605,
    "photo_to_art_classifier_acc": 0.0
  },
  "best": {
    "best_transfer_classifier_acc": {
      "epoch": 60,
      "summary_path": "..\\exp_B_capacity\\full_eval\\epoch_0060\\summary.json",
      "transfer_clip_style": 0.6606415489315987,
      "transfer_content_lpips": 0.39072005545,
      "transfer_fid": 291.31927134858836,
      "transfer_art_fid": 412.90060677180605,
      "transfer_classifier_acc": 0.0,
      "photo_to_art_clip_style": 0.633315689365069,
      "photo_to_art_fid": 291.31927134858836,
      "photo_to_art_art_fid": 412.90060677180605,
      "photo_to_art_classifier_acc": 0.0
    },
    "best_transfer_clip_style": {
      "epoch": 60,
      "summary_path": "..\\exp_B_capacity\\full_eval\\epoch_0060\\summary.json",
      "transfer_clip_style": 0.6606415489315987,
      "transfer_content_lpips": 0.39072005545,
      "transfer_fid": 291.31927134858836,
      "transfer_art_fid": 412.90060677180605,
      "transfer_classifier_acc": 0.0,
      "photo_to_art_clip_style": 0.633315689365069,
      "photo_to_art_fid": 291.31927134858836,
      "photo_to_art_art_fid": 412.90060677180605,
      "photo_to_art_classifier_acc": 0.0
    },
    "best_transfer_fid": {
      "epoch": 60,
      "summary_path": "..\\exp_B_capacity\\full_eval\\epoch_0060\\summary.json",
      "transfer_clip_style": 0.6606415489315987,
      "transfer_content_lpips": 0.39072005545,
      "transfer_fid": 291.31927134858836,
      "transfer_art_fid": 412.90060677180605,
      "transfer_classifier_acc": 0.0,
      "photo_to_art_clip_style": 0.633315689365069,
      "photo_to_art_fid": 291.31927134858836,
      "photo_to_art_art_fid": 412.90060677180605,
      "photo_to_art_classifier_acc": 0.0
    },
    "best_transfer_art_fid": {
      "epoch": 60,
      "summary_path": "..\\exp_B_capacity\\full_eval\\epoch_0060\\summary.json",
      "transfer_clip_style": 0.6606415489315987,
      "transfer_content_lpips": 0.39072005545,
      "transfer_fid": 291.31927134858836,
      "transfer_art_fid": 412.90060677180605,
      "transfer_classifier_acc": 0.0,
      "photo_to_art_clip_style": 0.633315689365069,
      "photo_to_art_fid": 291.31927134858836,
      "photo_to_art_art_fid": 412.90060677180605,
      "photo_to_art_classifier_acc": 0.0
    },
    "best_photo_to_art_classifier_acc": {
      "epoch": 60,
      "summary_path": "..\\exp_B_capacity\\full_eval\\epoch_0060\\summary.json",
      "transfer_clip_style": 0.6606415489315987,
      "transfer_content_lpips": 0.39072005545,
      "transfer_fid": 291.31927134858836,
      "transfer_art_fid": 412.90060677180605,
      "transfer_classifier_acc": 0.0,
      "photo_to_art_clip_style": 0.633315689365069,
      "photo_to_art_fid": 291.31927134858836,
      "photo_to_art_art_fid": 412.90060677180605,
      "photo_to_art_classifier_acc": 0.0
    },
    "best_photo_to_art_clip_style": {
      "epoch": 60,
      "summary_path": "..\\exp_B_capacity\\full_eval\\epoch_0060\\summary.json",
      "transfer_clip_style": 0.6606415489315987,
      "transfer_content_lpips": 0.39072005545,
      "transfer_fid": 291.31927134858836,
      "transfer_art_fid": 412.90060677180605,
      "transfer_classifier_acc": 0.0,
      "photo_to_art_clip_style": 0.633315689365069,
      "photo_to_art_fid": 291.31927134858836,
      "photo_to_art_art_fid": 412.90060677180605,
      "photo_to_art_classifier_acc": 0.0
    },
    "best_photo_to_art_fid": {
      "epoch": 60,
      "summary_path": "..\\exp_B_capacity\\full_eval\\epoch_0060\\summary.json",
      "transfer_clip_style": 0.6606415489315987,
      "transfer_content_lpips": 0.39072005545,
      "transfer_fid": 291.31927134858836,
      "transfer_art_fid": 412.90060677180605,
      "transfer_classifier_acc": 0.0,
      "photo_to_art_clip_style": 0.633315689365069,
      "photo_to_art_fid": 291.31927134858836,
      "photo_to_art_art_fid": 412.90060677180605,
      "photo_to_art_classifier_acc": 0.0
    },
    "best_photo_to_art_art_fid": {
      "epoch": 60,
      "summary_path": "..\\exp_B_capacity\\full_eval\\epoch_0060\\summary.json",
      "transfer_clip_style": 0.6606415489315987,
      "transfer_content_lpips": 0.39072005545,
      "transfer_fid": 291.31927134858836,
      "transfer_art_fid": 412.90060677180605,
      "transfer_classifier_acc": 0.0,
      "photo_to_art_clip_style": 0.633315689365069,
      "photo_to_art_fid": 291.31927134858836,
      "photo_to_art_art_fid": 412.90060677180605,
      "photo_to_art_classifier_acc": 0.0
    },
    "best_transfer_content_lpips": {
      "epoch": 60,
      "summary_path": "..\\exp_B_capacity\\full_eval\\epoch_0060\\summary.json",
      "transfer_clip_style": 0.6606415489315987,
      "transfer_content_lpips": 0.39072005545,
      "transfer_fid": 291.31927134858836,
      "transfer_art_fid": 412.90060677180605,
      "transfer_classifier_acc": 0.0,
      "photo_to_art_clip_style": 0.633315689365069,
      "photo_to_art_fid": 291.31927134858836,
      "photo_to_art_art_fid": 412.90060677180605,
      "photo_to_art_classifier_acc": 0.0
    }
  },
  "rounds": [
    {
      "epoch": 60,
      "summary_path": "..\\exp_B_capacity\\full_eval\\epoch_0060\\summary.json",
      "transfer_clip_style": 0.6606415489315987,
      "transfer_content_lpips": 0.39072005545,
      "transfer_fid": 291.31927134858836,
      "transfer_art_fid": 412.90060677180605,
      "transfer_classifier_acc": 0.0,
      "photo_to_art_clip_style": 0.633315689365069,
      "photo_to_art_fid": 291.31927134858836,
      "photo_to_art_art_fid": 412.90060677180605,
      "photo_to_art_classifier_acc": 0.0
    }
  ],
  "updated_at": "2026-02-26 02:14:49"
}