{
  "checkpoint": "G:\\GitHub\\Latent_Style\\Cycle-NCE\\ssim-optun-nce\\trial_0237\\epoch_0001.pt",
  "timestamp": "2026-02-20 13:47:55",
  "matrix_breakdown": {
    "photo": {
      "photo": {
        "count": 10,
        "style_swd": 1.812430465221405,
        "content_ssim": 0.327753871,
        "classifier_acc": null
      },
      "Hayao": {
        "count": 10,
        "style_swd": 2.1356635093688965,
        "content_ssim": 0.352118074,
        "classifier_acc": null
      },
      "monet": {
        "count": 10,
        "style_swd": 1.1242133498191833,
        "content_ssim": 0.337866241,
        "classifier_acc": null
      },
      "cezanne": {
        "count": 10,
        "style_swd": 1.2105805903673172,
        "content_ssim": 0.317518021,
        "classifier_acc": null
      },
      "vangogh": {
        "count": 10,
        "style_swd": 2.1810651421546936,
        "content_ssim": 0.31259142,
        "classifier_acc": null
      }
    },
    "Hayao": {
      "photo": {
        "count": 10,
        "style_swd": 1.819092833995819,
        "content_ssim": 0.46885213099999995,
        "classifier_acc": null
      },
      "Hayao": {
        "count": 10,
        "style_swd": 1.87685084939003,
        "content_ssim": 0.49537848,
        "classifier_acc": null
      },
      "monet": {
        "count": 10,
        "style_swd": 1.2297100126743317,
        "content_ssim": 0.580460778,
        "classifier_acc": null
      },
      "cezanne": {
        "count": 10,
        "style_swd": 1.2044530630111694,
        "content_ssim": 0.564395415,
        "classifier_acc": null
      },
      "vangogh": {
        "count": 10,
        "style_swd": 2.143191319704056,
        "content_ssim": 0.533548371,
        "classifier_acc": null
      }
    },
    "monet": {
      "photo": {
        "count": 10,
        "style_swd": 1.871859872341156,
        "content_ssim": 0.318319193,
        "classifier_acc": null
      },
      "Hayao": {
        "count": 10,
        "style_swd": 2.282628172636032,
        "content_ssim": 0.408259431,
        "classifier_acc": null
      },
      "monet": {
        "count": 10,
        "style_swd": 1.1932379841804504,
        "content_ssim": 0.378237777,
        "classifier_acc": null
      },
      "cezanne": {
        "count": 10,
        "style_swd": 1.0108202576637269,
        "content_ssim": 0.308192405,
        "classifier_acc": null
      },
      "vangogh": {
        "count": 10,
        "style_swd": 2.156251972913742,
        "content_ssim": 0.333923912,
        "classifier_acc": null
      }
    },
    "cezanne": {
      "photo": {
        "count": 10,
        "style_swd": 1.8084088027477265,
        "content_ssim": 0.374755546,
        "classifier_acc": null
      },
      "Hayao": {
        "count": 10,
        "style_swd": 2.028012830018997,
        "content_ssim": 0.48966385900000003,
        "classifier_acc": null
      },
      "monet": {
        "count": 10,
        "style_swd": 1.1486260622739792,
        "content_ssim": 0.459936949,
        "classifier_acc": null
      },
      "cezanne": {
        "count": 10,
        "style_swd": 1.0669275254011155,
        "content_ssim": 0.40754263800000007,
        "classifier_acc": null
      },
      "vangogh": {
        "count": 10,
        "style_swd": 2.1120865881443023,
        "content_ssim": 0.421386109,
        "classifier_acc": null
      }
    },
    "vangogh": {
      "photo": {
        "count": 10,
        "style_swd": 1.904971754550934,
        "content_ssim": 0.268492759,
        "classifier_acc": null
      },
      "Hayao": {
        "count": 10,
        "style_swd": 1.8458912700414658,
        "content_ssim": 0.38798528600000004,
        "classifier_acc": null
      },
      "monet": {
        "count": 10,
        "style_swd": 1.2190166145563126,
        "content_ssim": 0.341542548,
        "classifier_acc": null
      },
      "cezanne": {
        "count": 10,
        "style_swd": 1.0264213591814042,
        "content_ssim": 0.298589552,
        "classifier_acc": null
      },
      "vangogh": {
        "count": 10,
        "style_swd": 1.9270439386367797,
        "content_ssim": 0.309782491,
        "classifier_acc": null
      }
    }
  },
  "analysis": {
    "style_transfer_ability": {
      "style_swd": 1.6731482689082622,
      "content_ssim": 0.39391989999999993,
      "classifier_acc": 0.0
    },
    "photo_to_art_performance": {
      "style_swd": 1.6628806479275227,
      "valid": true,
      "classifier_acc": 0.0
    }
  },
  "classification_report": null,
  "detailed_style_metrics": {}
}