{
  "checkpoint": "../swd-balanced-over50/epoch_0050.pt",
  "timestamp": "2026-02-17 21:08:52",
  "matrix_breakdown": {
    "photo": {
      "photo": {
        "count": 10,
        "clip_style": 0.6159873902797699,
        "style_lpips": 0.7495843946933747,
        "content_lpips": 0.33001458100000003,
        "clip_content": 0.88578763,
        "classifier_acc": null
      },
      "Hayao": {
        "count": 10,
        "clip_style": 0.4614730805158615,
        "style_lpips": 0.8095515549182892,
        "content_lpips": 0.330133218,
        "clip_content": 0.886176289,
        "classifier_acc": null
      }
    },
    "Hayao": {
      "photo": {
        "count": 10,
        "clip_style": 0.42857158482074736,
        "style_lpips": 0.7982280850410461,
        "content_lpips": 0.22626033899999998,
        "clip_content": 0.9303546669999999,
        "classifier_acc": null
      },
      "Hayao": {
        "count": 10,
        "clip_style": 0.7053053498268127,
        "style_lpips": 0.7379339277744293,
        "content_lpips": 0.22623659100000001,
        "clip_content": 0.9319769299999999,
        "classifier_acc": null
      }
    }
  },
  "analysis": {
    "style_transfer_ability": {
      "clip_style": 0.44502233266830443,
      "content_lpips": 0.2781967785,
      "classifier_acc": 0.0
    },
    "photo_to_art_performance": {
      "clip_style": 0.4614730805158615,
      "valid": true,
      "classifier_acc": 0.0
    }
  },
  "classification_report": null,
  "detailed_style_metrics": {}
}