epoch,loss,distill,code,code_ref,code_proto,cycle,gram,moment,push,nce,idt,w_cycle_eff,w_nce_eff,w_idt_eff,style_ref_alpha,transfer_ratio,lr,epoch_time_sec
1,0.4352050669491291,0.0010797897783049847,0.029673710558563472,0.011494081374257803,0.018179629603400825,0.011687217187136412,0.0,0.0,0.0,0.0,0.0,10.0,0.0,0.0,1.0,1.0,0.0002,15.12421178817749
2,0.1590689167380333,0.00016418032682850026,0.014079868234694004,0.005782418395392596,0.008297449792735279,0.0014986627764301374,0.0,0.0,0.0,0.0,0.0,10.0,0.0,0.0,1.0,1.0,0.0001997071467046472,11.164612770080566
3,0.11169537268579006,0.00012296381282794755,0.00985475592315197,0.0042148057604208585,0.005639950162731111,0.0010688539274269714,0.0,0.0,0.0,0.0,0.0,10.0,0.0,0.0,1.0,1.0,0.00019883039235653812,7.486096143722534
4,0.08734017908573151,0.00010890151534113102,0.007080316008068621,0.003037781163584441,0.004042534925974906,0.001435898954514414,0.0,0.0,0.0,0.0,0.0,10.0,0.0,0.0,1.0,1.0,0.0001973751424377793,7.490322113037109
