{
  "num_rounds": 1,
  "latest": {
    "epoch": 100,
    "summary_path": "..\\exp_1_control\\full_eval\\epoch_0100\\summary.json",
    "transfer_clip_style": 0.6502712479233742,
    "transfer_content_lpips": 0.3731396070833333,
    "transfer_fid": 290.7709695258771,
    "transfer_art_fid": 405.2762802982277,
    "transfer_classifier_acc": 0.0,
    "photo_to_art_clip_style": 0.6209399672845999,
    "photo_to_art_fid": 290.7709695258771,
    "photo_to_art_art_fid": 405.2762802982277,
    "photo_to_art_classifier_acc": 0.0
  },
  "mean": {
    "transfer_clip_style": 0.6502712479233742,
    "transfer_content_lpips": 0.3731396070833333,
    "transfer_fid": 290.7709695258771,
    "transfer_art_fid": 405.2762802982277,
    "transfer_classifier_acc": 0.0,
    "photo_to_art_clip_style": 0.6209399672845999,
    "photo_to_art_fid": 290.7709695258771,
    "photo_to_art_art_fid": 405.2762802982277,
    "photo_to_art_classifier_acc": 0.0
  },
  "best": {
    "best_transfer_classifier_acc": {
      "epoch": 100,
      "summary_path": "..\\exp_1_control\\full_eval\\epoch_0100\\summary.json",
      "transfer_clip_style": 0.6502712479233742,
      "transfer_content_lpips": 0.3731396070833333,
      "transfer_fid": 290.7709695258771,
      "transfer_art_fid": 405.2762802982277,
      "transfer_classifier_acc": 0.0,
      "photo_to_art_clip_style": 0.6209399672845999,
      "photo_to_art_fid": 290.7709695258771,
      "photo_to_art_art_fid": 405.2762802982277,
      "photo_to_art_classifier_acc": 0.0
    },
    "best_transfer_clip_style": {
      "epoch": 100,
      "summary_path": "..\\exp_1_control\\full_eval\\epoch_0100\\summary.json",
      "transfer_clip_style": 0.6502712479233742,
      "transfer_content_lpips": 0.3731396070833333,
      "transfer_fid": 290.7709695258771,
      "transfer_art_fid": 405.2762802982277,
      "transfer_classifier_acc": 0.0,
      "photo_to_art_clip_style": 0.6209399672845999,
      "photo_to_art_fid": 290.7709695258771,
      "photo_to_art_art_fid": 405.2762802982277,
      "photo_to_art_classifier_acc": 0.0
    },
    "best_transfer_fid": {
      "epoch": 100,
      "summary_path": "..\\exp_1_control\\full_eval\\epoch_0100\\summary.json",
      "transfer_clip_style": 0.6502712479233742,
      "transfer_content_lpips": 0.3731396070833333,
      "transfer_fid": 290.7709695258771,
      "transfer_art_fid": 405.2762802982277,
      "transfer_classifier_acc": 0.0,
      "photo_to_art_clip_style": 0.6209399672845999,
      "photo_to_art_fid": 290.7709695258771,
      "photo_to_art_art_fid": 405.2762802982277,
      "photo_to_art_classifier_acc": 0.0
    },
    "best_transfer_art_fid": {
      "epoch": 100,
      "summary_path": "..\\exp_1_control\\full_eval\\epoch_0100\\summary.json",
      "transfer_clip_style": 0.6502712479233742,
      "transfer_content_lpips": 0.3731396070833333,
      "transfer_fid": 290.7709695258771,
      "transfer_art_fid": 405.2762802982277,
      "transfer_classifier_acc": 0.0,
      "photo_to_art_clip_style": 0.6209399672845999,
      "photo_to_art_fid": 290.7709695258771,
      "photo_to_art_art_fid": 405.2762802982277,
      "photo_to_art_classifier_acc": 0.0
    },
    "best_photo_to_art_classifier_acc": {
      "epoch": 100,
      "summary_path": "..\\exp_1_control\\full_eval\\epoch_0100\\summary.json",
      "transfer_clip_style": 0.6502712479233742,
      "transfer_content_lpips": 0.3731396070833333,
      "transfer_fid": 290.7709695258771,
      "transfer_art_fid": 405.2762802982277,
      "transfer_classifier_acc": 0.0,
      "photo_to_art_clip_style": 0.6209399672845999,
      "photo_to_art_fid": 290.7709695258771,
      "photo_to_art_art_fid": 405.2762802982277,
      "photo_to_art_classifier_acc": 0.0
    },
    "best_photo_to_art_clip_style": {
      "epoch": 100,
      "summary_path": "..\\exp_1_control\\full_eval\\epoch_0100\\summary.json",
      "transfer_clip_style": 0.6502712479233742,
      "transfer_content_lpips": 0.3731396070833333,
      "transfer_fid": 290.7709695258771,
      "transfer_art_fid": 405.2762802982277,
      "transfer_classifier_acc": 0.0,
      "photo_to_art_clip_style": 0.6209399672845999,
      "photo_to_art_fid": 290.7709695258771,
      "photo_to_art_art_fid": 405.2762802982277,
      "photo_to_art_classifier_acc": 0.0
    },
    "best_photo_to_art_fid": {
      "epoch": 100,
      "summary_path": "..\\exp_1_control\\full_eval\\epoch_0100\\summary.json",
      "transfer_clip_style": 0.6502712479233742,
      "transfer_content_lpips": 0.3731396070833333,
      "transfer_fid": 290.7709695258771,
      "transfer_art_fid": 405.2762802982277,
      "transfer_classifier_acc": 0.0,
      "photo_to_art_clip_style": 0.6209399672845999,
      "photo_to_art_fid": 290.7709695258771,
      "photo_to_art_art_fid": 405.2762802982277,
      "photo_to_art_classifier_acc": 0.0
    },
    "best_photo_to_art_art_fid": {
      "epoch": 100,
      "summary_path": "..\\exp_1_control\\full_eval\\epoch_0100\\summary.json",
      "transfer_clip_style": 0.6502712479233742,
      "transfer_content_lpips": 0.3731396070833333,
      "transfer_fid": 290.7709695258771,
      "transfer_art_fid": 405.2762802982277,
      "transfer_classifier_acc": 0.0,
      "photo_to_art_clip_style": 0.6209399672845999,
      "photo_to_art_fid": 290.7709695258771,
      "photo_to_art_art_fid": 405.2762802982277,
      "photo_to_art_classifier_acc": 0.0
    },
    "best_transfer_content_lpips": {
      "epoch": 100,
      "summary_path": "..\\exp_1_control\\full_eval\\epoch_0100\\summary.json",
      "transfer_clip_style": 0.6502712479233742,
      "transfer_content_lpips": 0.3731396070833333,
      "transfer_fid": 290.7709695258771,
      "transfer_art_fid": 405.2762802982277,
      "transfer_classifier_acc": 0.0,
      "photo_to_art_clip_style": 0.6209399672845999,
      "photo_to_art_fid": 290.7709695258771,
      "photo_to_art_art_fid": 405.2762802982277,
      "photo_to_art_classifier_acc": 0.0
    }
  },
  "rounds": [
    {
      "epoch": 100,
      "summary_path": "..\\exp_1_control\\full_eval\\epoch_0100\\summary.json",
      "transfer_clip_style": 0.6502712479233742,
      "transfer_content_lpips": 0.3731396070833333,
      "transfer_fid": 290.7709695258771,
      "transfer_art_fid": 405.2762802982277,
      "transfer_classifier_acc": 0.0,
      "photo_to_art_clip_style": 0.6209399672845999,
      "photo_to_art_fid": 290.7709695258771,
      "photo_to_art_art_fid": 405.2762802982277,
      "photo_to_art_classifier_acc": 0.0
    }
  ],
  "updated_at": "2026-02-26 23:29:37"
}