{
  "checkpoint": "..\\exp_G1_edge_rush\\epoch_0060.pt",
  "timestamp": "2026-03-02 21:34:53",
  "metrics_note": {
    "clip_dir": "cos( CLIP(gen)-CLIP(src), CLIP(target_style_proto)-CLIP(src) ) - Measures edit direction.",
    "clip_style": "cos( CLIP(gen), CLIP(target_style_proto) ) - Measures absolute style similarity.",
    "fid_baseline": "FID between source-domain images and target-style references.",
    "fid": "FID between generated images and target-style real references (Inception features).",
    "delta_fid": "fid_baseline - fid (higher is better).",
    "delta_fid_ratio": "delta_fid / fid_baseline (relative improvement ratio).",
    "art_fid": "computed as (1 + fid_style) * (1 + content_lpips)"
  },
  "matrix_breakdown": {
    "photo": {
      "photo": {
        "count": 30,
        "clip_dir": 0.36891842087109883,
        "clip_style": 0.7952702641487122,
        "style_lpips": 0.749477485815684,
        "content_lpips": 0.3258431786666666,
        "clip_content": 0.8854750753333335,
        "fid_style": null,
        "art_fid": null,
        "fid_baseline": null,
        "delta_fid": null,
        "delta_fid_ratio": null,
        "classifier_acc": null
      },
      "Hayao": {
        "count": 30,
        "clip_dir": 0.501081865032514,
        "clip_style": 0.6133682529131571,
        "style_lpips": 0.7405017753442128,
        "content_lpips": 0.43729876466666673,
        "clip_content": 0.8314702946666667,
        "fid_style": 325.2198496550193,
        "art_fid": 468.87538691890495,
        "fid_baseline": 334.729000932728,
        "delta_fid": 9.509151277708725,
        "delta_fid_ratio": 0.028408507333428874,
        "classifier_acc": null
      },
      "monet": {
        "count": 30,
        "clip_dir": 0.3360752532879511,
        "clip_style": 0.6173467576503754,
        "style_lpips": 0.7309681634108226,
        "content_lpips": 0.33029812999999997,
        "clip_content": 0.8801196016666667,
        "fid_style": 221.8218050474969,
        "art_fid": 296.4194305779097,
        "fid_baseline": 237.55478896111822,
        "delta_fid": 15.732983913621325,
        "delta_fid_ratio": 0.06622886443344411,
        "classifier_acc": null
      },
      "vangogh": {
        "count": 30,
        "clip_dir": 0.49218083918094635,
        "clip_style": 0.6693224151929219,
        "style_lpips": 0.7463433305422466,
        "content_lpips": 0.4294173483333334,
        "clip_content": 0.8316589079999999,
        "fid_style": 297.8248644744632,
        "art_fid": 427.14544539315494,
        "fid_baseline": 313.3414404549672,
        "delta_fid": 15.516575980504001,
        "delta_fid_ratio": 0.049519705909228474,
        "classifier_acc": null
      },
      "cezanne": {
        "count": 30,
        "clip_dir": 0.45782824556032814,
        "clip_style": 0.6317584961652756,
        "style_lpips": 0.7173250854015351,
        "content_lpips": 0.40266416599999993,
        "clip_content": 0.8383036500000001,
        "fid_style": 287.0598875766129,
        "art_fid": 404.0512819657034,
        "fid_baseline": 317.94764662800304,
        "delta_fid": 30.887759051390162,
        "delta_fid_ratio": 0.09714731144882059,
        "classifier_acc": null
      }
    },
    "Hayao": {
      "photo": {
        "count": 30,
        "clip_dir": 0.23810546758274237,
        "clip_style": 0.5291099498669306,
        "style_lpips": 0.7791135311126709,
        "content_lpips": 0.2924632653333334,
        "clip_content": 0.9160726863333334,
        "fid_style": null,
        "art_fid": null,
        "fid_baseline": null,
        "delta_fid": null,
        "delta_fid_ratio": null,
        "classifier_acc": null
      },
      "Hayao": {
        "count": 30,
        "clip_dir": 0.3032312495013078,
        "clip_style": 0.852981181939443,
        "style_lpips": 0.7172781904538472,
        "content_lpips": 0.20282166433333332,
        "clip_content": 0.9432136113333331,
        "fid_style": null,
        "art_fid": null,
        "fid_baseline": null,
        "delta_fid": null,
        "delta_fid_ratio": null,
        "classifier_acc": null
      },
      "monet": {
        "count": 30,
        "clip_dir": 0.2827841254572074,
        "clip_style": 0.49816004633903505,
        "style_lpips": 0.7470618764559428,
        "content_lpips": 0.31323294566666665,
        "clip_content": 0.9100964259999998,
        "fid_style": null,
        "art_fid": null,
        "fid_baseline": null,
        "delta_fid": null,
        "delta_fid_ratio": null,
        "classifier_acc": null
      },
      "vangogh": {
        "count": 30,
        "clip_dir": 0.3520479217171669,
        "clip_style": 0.5873936931292216,
        "style_lpips": 0.7500652412573496,
        "content_lpips": 0.3325673053333334,
        "clip_content": 0.8977730126666668,
        "fid_style": null,
        "art_fid": null,
        "fid_baseline": null,
        "delta_fid": null,
        "delta_fid_ratio": null,
        "classifier_acc": null
      },
      "cezanne": {
        "count": 30,
        "clip_dir": 0.3137272323171298,
        "clip_style": 0.5497862776120503,
        "style_lpips": 0.7252277215321858,
        "content_lpips": 0.3029871886666668,
        "clip_content": 0.9122597920000001,
        "fid_style": null,
        "art_fid": null,
        "fid_baseline": null,
        "delta_fid": null,
        "delta_fid_ratio": null,
        "classifier_acc": null
      }
    },
    "monet": {
      "photo": {
        "count": 30,
        "clip_dir": 0.4744064132372538,
        "clip_style": 0.7116819282372793,
        "style_lpips": 0.7580329636732738,
        "content_lpips": 0.39393418899999993,
        "clip_content": 0.855383798,
        "fid_style": null,
        "art_fid": null,
        "fid_baseline": null,
        "delta_fid": null,
        "delta_fid_ratio": null,
        "classifier_acc": null
      },
      "Hayao": {
        "count": 30,
        "clip_dir": 0.5455705920855204,
        "clip_style": 0.6356872161229451,
        "style_lpips": 0.7483188271522522,
        "content_lpips": 0.4865077549999999,
        "clip_content": 0.8204960753333334,
        "fid_style": null,
        "art_fid": null,
        "fid_baseline": null,
        "delta_fid": null,
        "delta_fid_ratio": null,
        "classifier_acc": null
      },
      "monet": {
        "count": 30,
        "clip_dir": 0.285778754701217,
        "clip_style": 0.829224956035614,
        "style_lpips": 0.7038279354572297,
        "content_lpips": 0.342721067,
        "clip_content": 0.8960980443333332,
        "fid_style": null,
        "art_fid": null,
        "fid_baseline": null,
        "delta_fid": null,
        "delta_fid_ratio": null,
        "classifier_acc": null
      },
      "vangogh": {
        "count": 30,
        "clip_dir": 0.3731489489475886,
        "clip_style": 0.8089867393175761,
        "style_lpips": 0.7382780750592549,
        "content_lpips": 0.3889726826666667,
        "clip_content": 0.8803343273333334,
        "fid_style": null,
        "art_fid": null,
        "fid_baseline": null,
        "delta_fid": null,
        "delta_fid_ratio": null,
        "classifier_acc": null
      },
      "cezanne": {
        "count": 30,
        "clip_dir": 0.3689652706185977,
        "clip_style": 0.7977989117304484,
        "style_lpips": 0.7091025014718374,
        "content_lpips": 0.39155259433333334,
        "clip_content": 0.8762417466666665,
        "fid_style": null,
        "art_fid": null,
        "fid_baseline": null,
        "delta_fid": null,
        "delta_fid_ratio": null,
        "classifier_acc": null
      }
    },
    "vangogh": {
      "photo": {
        "count": 30,
        "clip_dir": 0.4481289217869441,
        "clip_style": 0.6773874183495839,
        "style_lpips": 0.7569544275601705,
        "content_lpips": 0.44168516833333343,
        "clip_content": 0.8297717050000001,
        "fid_style": null,
        "art_fid": null,
        "fid_baseline": null,
        "delta_fid": null,