{
  "checkpoint": "../full_250_strong-style/epoch_0250.pt",
  "timestamp": "2026-02-10 19:09:54",
  "matrix_breakdown": {
    "photo": {
      "photo": {
        "count": 50,
        "clip_style": 0.5619800364971161,
        "style_lpips": 0.0,
        "content_lpips": 0.0,
        "clip_content": 0.5788277960000001,
        "classifier_acc": 0.74
      },
      "Hayao": {
        "count": 50,
        "clip_style": 0.0,
        "style_lpips": 0.0,
        "content_lpips": 0.0,
        "clip_content": 0.6138638884000001,
        "classifier_acc": 0.46
      }
    }
  },
  "analysis": {
    "style_transfer_ability": {
      "clip_style": 0.0,
      "content_lpips": 0.0,
      "classifier_acc": 0.46
    },
    "photo_to_art_performance": {
      "clip_style": 0.0,
      "valid": true,
      "classifier_acc": 0.46
    }
  },
  "classification_report": {
    "Hayao": {
      "precision": 0.6388888888888888,
      "recall": 0.46,
      "f1-score": 0.5348837209302325,
      "support": 50.0
    },
    "photo": {
      "precision": 0.578125,
      "recall": 0.74,
      "f1-score": 0.6491228070175439,
      "support": 50.0
    },
    "accuracy": 0.6,
    "macro avg": {
      "precision": 0.6085069444444444,
      "recall": 0.6,
      "f1-score": 0.5920032639738881,
      "support": 100.0
    },
    "weighted avg": {
      "precision": 0.6085069444444444,
      "recall": 0.6,
      "f1-score": 0.5920032639738882,
      "support": 100.0
    }
  },
  "detailed_style_metrics": {
    "Hayao": {
      "precision": 0.6388888888888888,
      "recall": 0.46,
      "f1_score": 0.5348837209302325,
      "support": 50
    },
    "photo": {
      "precision": 0.578125,
      "recall": 0.74,
      "f1_score": 0.6491228070175439,
      "support": 50
    }
  }
}