epoch,loss,semigroup,swd,identity,identity_ratio,delta_tv,delta_l1,output_tv,train_num_steps,train_step_size,train_style_strength,lr,data_time_sec,transfer_time_sec,fwd_loss_time_sec,backward_time_sec,optimizer_time_sec,step_overhead_time_sec,compute_time_sec,epoch_time_sec,samples_seen,samples_per_sec,compute_samples_per_sec
1,2.765437602996826,0.0,0.12312288582324982,0.030109088867902756,0.4987657070159912,0.0,0.09450259804725647,0.0,1.0,1.0,1.0,0.0002,3.4365919000010763,0.01971300001241616,44.08020079999915,12.789781199990102,0.4083519000050728,50.03876809999929,57.29804690000674,110.78107023239136,63200,570.4945787887948,1103.0044376607289
2,1.5238510370254517,0.0,0.0732450857758522,0.005658161826431751,0.5008544921875,0.0,0.11837287247180939,0.0,1.0,1.0,1.0,0.00019986980580168453,3.3611944000294898,0.01988890001666732,36.86491019999812,3.2756866999989143,0.3516443000007712,49.593507699963084,40.512130100014474,93.473641872406,63200,676.1264323719158,1560.026585715803
3,1.4066287279129028,0.0,0.0682319924235344,0.003955978434532881,0.5018355250358582,0.0,0.12147509306669235,0.0,1.0,1.0,1.0,0.00019947958005998598,3.338604000000487,0.01945189997422858,36.54855690002296,3.2672147000012046,0.34968050000679796,49.087443599972175,40.18490400000519,92.60344672203064,63200,682.4799965568077,1572.729898769743
4,1.2980968952178955,0.0,0.06325994431972504,0.0030408198945224285,0.5014082193374634,0.0,0.12448882311582565,0.0,1.0,1.0,1.0,0.00019883039235653812,3.3461910000078205,0.019465299985313322,36.62889150004412,3.2817900000118243,0.35057790000064415,49.1958235999773,40.2807247000419,92.83794260025024,63200,680.7561459233549,1568.988653273516
