{
  "basic": {
    "acc": 0.5744186043739319,
    "macro_recall": 0.5800249576568604,
    "macro_f1": 0.4755743741989136,
    "recall_per_class": [
      0.5633116960525513,
      0.5647059082984924,
      0.43939393758773804,
      0.7526881694793701
    ],
    "precision_per_class": [
      0.9857954382896423,
      0.208695650100708,
      0.3717948794364929,
      0.3499999940395355
    ],
    "f1_per_class": [
      0.7169421315193176,
      0.3047619163990021,
      0.402777761220932,
      0.4778156578540802
    ],
    "min_recall": 0.43939393758773804,
    "recall_std": 0.11191925406455994,
    "confusion_matrix": [
      [
        347,
        155,
        41,
        73
      ],
      [
        2,
        48,
        4,
        31
      ],
      [
        1,
        10,
        29,
        26
      ],
      [
        2,
        17,
        4,
        70
      ]
    ]
  },
  "calibration": {
    "ece": 0.09064507484436035,
    "mean_confidence": 0.5518137812614441
  },
  "invariance": {
    "top1_agreement": 0.868359375,
    "mean_kl": 0.07156752347946167
  },
  "teacher_usable": false,
  "fail_reasons": [
    "macro_recall<0.85 (0.580)",
    "min_recall<0.75 (0.439)",
    "ece>0.08 (0.091)"
  ],
  "temperature_scaling": {
    "enabled": true,
    "temperature": 1.4260249137878418,
    "nll_raw": 1.237083911895752,
    "nll_calibrated": 1.2123955488204956,
    "ece_raw": 0.09064507484436035,
    "ece_calibrated": 0.1491304337978363,
    "mean_confidence_raw": 0.5518137812614441,
    "mean_confidence_calibrated": 0.4680440425872803
  },
  "teacher_usable_calibrated": false,
  "fail_reasons_calibrated": [
    "macro_recall<0.85 (0.580)",
    "min_recall<0.75 (0.439)",
    "ece_calibrated>0.08 (0.149)"
  ]
}