{
  "checkpoint": "G:\\GitHub\\Latent_Style\\Cycle-NCE\\ssim-optun-nce\\trial_0246\\epoch_0001.pt",
  "timestamp": "2026-02-20 14:21:02",
  "matrix_breakdown": {
    "photo": {
      "photo": {
        "count": 10,
        "style_swd": 1.885199785232544,
        "content_ssim": 0.323757682,
        "classifier_acc": null
      },
      "Hayao": {
        "count": 10,
        "style_swd": 2.359558421373367,
        "content_ssim": 0.345648956,
        "classifier_acc": null
      },
      "monet": {
        "count": 10,
        "style_swd": 1.1491609752178191,
        "content_ssim": 0.33925461300000004,
        "classifier_acc": null
      },
      "cezanne": {
        "count": 10,
        "style_swd": 1.1162413477897644,
        "content_ssim": 0.28539484000000004,
        "classifier_acc": null
      },
      "vangogh": {
        "count": 10,
        "style_swd": 2.3382550537586213,
        "content_ssim": 0.319715872,
        "classifier_acc": null
      }
    },
    "Hayao": {
      "photo": {
        "count": 10,
        "style_swd": 1.84313263297081,
        "content_ssim": 0.47590952300000006,
        "classifier_acc": null
      },
      "Hayao": {
        "count": 10,
        "style_swd": 1.949386292695999,
        "content_ssim": 0.536534581,
        "classifier_acc": null
      },
      "monet": {
        "count": 10,
        "style_swd": 1.20278657078743,
        "content_ssim": 0.574841048,
        "classifier_acc": null
      },
      "cezanne": {
        "count": 10,
        "style_swd": 1.1854880809783936,
        "content_ssim": 0.516163299,
        "classifier_acc": null
      },
      "vangogh": {
        "count": 10,
        "style_swd": 2.286059981584549,
        "content_ssim": 0.5397890750000001,
        "classifier_acc": null
      }
    },
    "monet": {
      "photo": {
        "count": 10,
        "style_swd": 1.8667386054992676,
        "content_ssim": 0.32858903100000003,
        "classifier_acc": null
      },
      "Hayao": {
        "count": 10,
        "style_swd": 2.4331107556819918,
        "content_ssim": 0.41002591600000005,
        "classifier_acc": null
      },
      "monet": {
        "count": 10,
        "style_swd": 1.1092583566904068,
        "content_ssim": 0.374054424,
        "classifier_acc": null
      },
      "cezanne": {
        "count": 10,
        "style_swd": 0.9259895324707031,
        "content_ssim": 0.26651371,
        "classifier_acc": null
      },
      "vangogh": {
        "count": 10,
        "style_swd": 2.2164034605026246,
        "content_ssim": 0.339110948,
        "classifier_acc": null
      }
    },
    "cezanne": {
      "photo": {
        "count": 10,
        "style_swd": 1.80154487490654,
        "content_ssim": 0.38024984500000003,
        "classifier_acc": null
      },
      "Hayao": {
        "count": 10,
        "style_swd": 2.147159457206726,
        "content_ssim": 0.487260753,
        "classifier_acc": null
      },
      "monet": {
        "count": 10,
        "style_swd": 1.0857650727033614,
        "content_ssim": 0.45820444499999996,
        "classifier_acc": null
      },
      "cezanne": {
        "count": 10,
        "style_swd": 0.9244121521711349,
        "content_ssim": 0.343116437,
        "classifier_acc": null
      },
      "vangogh": {
        "count": 10,
        "style_swd": 2.0803253948688507,
        "content_ssim": 0.42617077299999995,
        "classifier_acc": null
      }
    },
    "vangogh": {
      "photo": {
        "count": 10,
        "style_swd": 1.9717957556247712,
        "content_ssim": 0.272422282,
        "classifier_acc": null
      },
      "Hayao": {
        "count": 10,
        "style_swd": 1.845802503824234,
        "content_ssim": 0.400267437,
        "classifier_acc": null
      },
      "monet": {
        "count": 10,
        "style_swd": 1.1410051584243774,
        "content_ssim": 0.342031097,
        "classifier_acc": null
      },
      "cezanne": {
        "count": 10,
        "style_swd": 0.9478345274925232,
        "content_ssim": 0.26114954100000004,
        "classifier_acc": null
      },
      "vangogh": {
        "count": 10,
        "style_swd": 2.059439319372177,
        "content_ssim": 0.314316375,
        "classifier_acc": null
      }
    }
  },
  "analysis": {
    "style_transfer_ability": {
      "style_swd": 1.6972079081833364,
      "content_ssim": 0.38843565020000004,
      "classifier_acc": 0.0
    },
    "photo_to_art_performance": {
      "style_swd": 1.740803949534893,
      "valid": true,
      "classifier_acc": 0.0
    }
  },
  "classification_report": null,
  "detailed_style_metrics": {}
}