{
  "checkpoint": "G:\\GitHub\\Latent_Style\\Cycle-NCE\\ssim-optun-nce\\trial_0206\\epoch_0001.pt",
  "timestamp": "2026-02-20 11:53:57",
  "matrix_breakdown": {
    "photo": {
      "photo": {
        "count": 10,
        "style_swd": 1.7139192521572113,
        "content_ssim": 0.337011839,
        "classifier_acc": null
      },
      "Hayao": {
        "count": 10,
        "style_swd": 2.299201500415802,
        "content_ssim": 0.336030652,
        "classifier_acc": null
      },
      "monet": {
        "count": 10,
        "style_swd": 1.1213270097970962,
        "content_ssim": 0.337971978,
        "classifier_acc": null
      },
      "cezanne": {
        "count": 10,
        "style_swd": 1.2321986556053162,
        "content_ssim": 0.240370141,
        "classifier_acc": null
      },
      "vangogh": {
        "count": 10,
        "style_swd": 2.388492166996002,
        "content_ssim": 0.307772108,
        "classifier_acc": null
      }
    },
    "Hayao": {
      "photo": {
        "count": 10,
        "style_swd": 1.7795149564743042,
        "content_ssim": 0.45095562000000006,
        "classifier_acc": null
      },
      "Hayao": {
        "count": 10,
        "style_swd": 2.0161106050014497,
        "content_ssim": 0.494796535,
        "classifier_acc": null
      },
      "monet": {
        "count": 10,
        "style_swd": 1.1539014399051666,
        "content_ssim": 0.587169718,
        "classifier_acc": null
      },
      "cezanne": {
        "count": 10,
        "style_swd": 1.2337738305330277,
        "content_ssim": 0.508770972,
        "classifier_acc": null
      },
      "vangogh": {
        "count": 10,
        "style_swd": 2.3914531826972962,
        "content_ssim": 0.549975932,
        "classifier_acc": null
      }
    },
    "monet": {
      "photo": {
        "count": 10,
        "style_swd": 1.7750570595264434,
        "content_ssim": 0.31683996000000003,
        "classifier_acc": null
      },
      "Hayao": {
        "count": 10,
        "style_swd": 2.512974980473518,
        "content_ssim": 0.3980130190000001,
        "classifier_acc": null
      },
      "monet": {
        "count": 10,
        "style_swd": 1.013725832104683,
        "content_ssim": 0.390985665,
        "classifier_acc": null
      },
      "cezanne": {
        "count": 10,
        "style_swd": 1.0785977035760879,
        "content_ssim": 0.20857389200000004,
        "classifier_acc": null
      },
      "vangogh": {
        "count": 10,
        "style_swd": 2.3241553604602814,
        "content_ssim": 0.33754248400000003,
        "classifier_acc": null
      }
    },
    "cezanne": {
      "photo": {
        "count": 10,
        "style_swd": 1.7482788980007171,
        "content_ssim": 0.358346824,
        "classifier_acc": null
      },
      "Hayao": {
        "count": 10,
        "style_swd": 2.174814671278,
        "content_ssim": 0.479587877,
        "classifier_acc": null
      },
      "monet": {
        "count": 10,
        "style_swd": 1.0471455127000808,
        "content_ssim": 0.48862916399999995,
        "classifier_acc": null
      },
      "cezanne": {
        "count": 10,
        "style_swd": 1.1005550503730774,
        "content_ssim": 0.285583467,
        "classifier_acc": null
      },
      "vangogh": {
        "count": 10,
        "style_swd": 2.2294307947158813,
        "content_ssim": 0.41753195400000004,
        "classifier_acc": null
      }
    },
    "vangogh": {
      "photo": {
        "count": 10,
        "style_swd": 1.7756208896636962,
        "content_ssim": 0.28192425540000005,
        "classifier_acc": null
      },
      "Hayao": {
        "count": 10,
        "style_swd": 2.138381230831146,
        "content_ssim": 0.38527976500000005,
        "classifier_acc": null
      },
      "monet": {
        "count": 10,
        "style_swd": 1.0960201412439345,
        "content_ssim": 0.372977311,
        "classifier_acc": null
      },
      "cezanne": {
        "count": 10,
        "style_swd": 1.033973577618599,
        "content_ssim": 0.22489107149999996,
        "classifier_acc": null
      },
      "vangogh": {
        "count": 10,
        "style_swd": 2.1406734108924867,
        "content_ssim": 0.314449262,
        "classifier_acc": null
      }
    }
  },
  "analysis": {
    "style_transfer_ability": {
      "style_swd": 1.7267156781256197,
      "content_ssim": 0.379457734895,
      "classifier_acc": 0.0
    },
    "photo_to_art_performance": {
      "style_swd": 1.7603048332035542,
      "valid": true,
      "classifier_acc": 0.0
    }
  },
  "classification_report": null,
  "detailed_style_metrics": {}
}