{
  "checkpoint": "/mnt/i/Github/Latent_Style/Cycle-NCE/style_ablation-50/bundle_content_guard_relaxed/epoch_0050.pt",
  "timestamp": "2026-02-14 18:24:02",
  "matrix_breakdown": {
    "Hayao": {
      "Hayao": {
        "count": 50,
        "clip_style": 0.0,
        "style_lpips": 0.712949060201645,
        "content_lpips": 0.3729435608000001,
        "clip_content": 0.0,
        "classifier_acc": 0.92
      },
      "photo": {
        "count": 50,
        "clip_style": 0.0,
        "style_lpips": 0.7596351730823517,
        "content_lpips": 0.40599538799999996,
        "clip_content": 0.0,
        "classifier_acc": 0.1
      }
    },
    "photo": {
      "Hayao": {
        "count": 50,
        "clip_style": 0.0,
        "style_lpips": 0.7358713769912719,
        "content_lpips": 0.526780228,
        "clip_content": 0.0,
        "classifier_acc": 0.14
      },
      "photo": {
        "count": 50,
        "clip_style": 0.0,
        "style_lpips": 0.7393662118911744,
        "content_lpips": 0.47881222259999995,
        "clip_content": 0.0,
        "classifier_acc": 0.88
      }
    }
  },
  "analysis": {
    "style_transfer_ability": {
      "clip_style": 0.0,
      "content_lpips": 0.466387808,
      "classifier_acc": 0.12000000000000001
    },
    "photo_to_art_performance": {
      "clip_style": 0.0,
      "valid": true,
      "classifier_acc": 0.14
    }
  },
  "classification_report": {
    "Hayao": {
      "precision": 0.5096153846153846,
      "recall": 0.53,
      "f1-score": 0.5196078431372549,
      "support": 100.0
    },
    "photo": {
      "precision": 0.5104166666666666,
      "recall": 0.49,
      "f1-score": 0.5,
      "support": 100.0
    },
    "accuracy": 0.51,
    "macro avg": {
      "precision": 0.5100160256410255,
      "recall": 0.51,
      "f1-score": 0.5098039215686274,
      "support": 200.0
    },
    "weighted avg": {
      "precision": 0.5100160256410257,
      "recall": 0.51,
      "f1-score": 0.5098039215686275,
      "support": 200.0
    }
  },
  "detailed_style_metrics": {
    "Hayao": {
      "precision": 0.5096153846153846,
      "recall": 0.53,
      "f1_score": 0.5196078431372549,
      "support": 100
    },
    "photo": {
      "precision": 0.5104166666666666,
      "recall": 0.49,
      "f1_score": 0.5,
      "support": 100
    }
  }
}