{
  "num_rounds": 2,
  "latest": {
    "epoch": 80,
    "summary_path": "..\\inject_I3_progressive_1_05_01\\full_eval\\epoch_0080\\summary.json",
    "transfer_clip_style": 0.6892852522432803,
    "transfer_content_lpips": 0.49236751329999995,
    "transfer_fid": 313.60572438819804,
    "transfer_art_fid": 485.6560475399003,
    "transfer_classifier_acc": 0.0,
    "photo_to_art_clip_style": 0.6776228164633115,
    "photo_to_art_fid": 313.60572438819804,
    "photo_to_art_art_fid": 485.6560475399003,
    "photo_to_art_classifier_acc": 0.0
  },
  "mean": {
    "transfer_clip_style": 0.6880568496634563,
    "transfer_content_lpips": 0.4951679489333333,
    "transfer_fid": 311.8636942007964,
    "transfer_art_fid": 484.9798853713544,
    "transfer_classifier_acc": 0.0,
    "photo_to_art_clip_style": 0.6788679520289103,
    "photo_to_art_fid": 311.8636942007964,
    "photo_to_art_art_fid": 484.9798853713544,
    "photo_to_art_classifier_acc": 0.0
  },
  "best": {
    "best_transfer_classifier_acc": {
      "epoch": 40,
      "summary_path": "..\\inject_I3_progressive_1_05_01\\full_eval\\epoch_0040\\summary.json",
      "transfer_clip_style": 0.6868284470836323,
      "transfer_content_lpips": 0.4979683845666667,
      "transfer_fid": 310.1216640133947,
      "transfer_art_fid": 484.3037232028084,
      "transfer_classifier_acc": 0.0,
      "photo_to_art_clip_style": 0.6801130875945092,
      "photo_to_art_fid": 310.1216640133947,
      "photo_to_art_art_fid": 484.3037232028084,
      "photo_to_art_classifier_acc": 0.0
    },
    "best_transfer_clip_style": {
      "epoch": 80,
      "summary_path": "..\\inject_I3_progressive_1_05_01\\full_eval\\epoch_0080\\summary.json",
      "transfer_clip_style": 0.6892852522432803,
      "transfer_content_lpips": 0.49236751329999995,
      "transfer_fid": 313.60572438819804,
      "transfer_art_fid": 485.6560475399003,
      "transfer_classifier_acc": 0.0,
      "photo_to_art_clip_style": 0.6776228164633115,
      "photo_to_art_fid": 313.60572438819804,
      "photo_to_art_art_fid": 485.6560475399003,
      "photo_to_art_classifier_acc": 0.0
    },
    "best_transfer_fid": {
      "epoch": 40,
      "summary_path": "..\\inject_I3_progressive_1_05_01\\full_eval\\epoch_0040\\summary.json",
      "transfer_clip_style": 0.6868284470836323,
      "transfer_content_lpips": 0.4979683845666667,
      "transfer_fid": 310.1216640133947,
      "transfer_art_fid": 484.3037232028084,
      "transfer_classifier_acc": 0.0,
      "photo_to_art_clip_style": 0.6801130875945092,
      "photo_to_art_fid": 310.1216640133947,
      "photo_to_art_art_fid": 484.3037232028084,
      "photo_to_art_classifier_acc": 0.0
    },
    "best_transfer_art_fid": {
      "epoch": 40,
      "summary_path": "..\\inject_I3_progressive_1_05_01\\full_eval\\epoch_0040\\summary.json",
      "transfer_clip_style": 0.6868284470836323,
      "transfer_content_lpips": 0.4979683845666667,
      "transfer_fid": 310.1216640133947,
      "transfer_art_fid": 484.3037232028084,
      "transfer_classifier_acc": 0.0,
      "photo_to_art_clip_style": 0.6801130875945092,
      "photo_to_art_fid": 310.1216640133947,
      "photo_to_art_art_fid": 484.3037232028084,
      "photo_to_art_classifier_acc": 0.0
    },
    "best_photo_to_art_classifier_acc": {
      "epoch": 40,
      "summary_path": "..\\inject_I3_progressive_1_05_01\\full_eval\\epoch_0040\\summary.json",
      "transfer_clip_style": 0.6868284470836323,
      "transfer_content_lpips": 0.4979683845666667,
      "transfer_fid": 310.1216640133947,
      "transfer_art_fid": 484.3037232028084,
      "transfer_classifier_acc": 0.0,
      "photo_to_art_clip_style": 0.6801130875945092,
      "photo_to_art_fid": 310.1216640133947,
      "photo_to_art_art_fid": 484.3037232028084,
      "photo_to_art_classifier_acc": 0.0
    },
    "best_photo_to_art_clip_style": {
      "epoch": 40,
      "summary_path": "..\\inject_I3_progressive_1_05_01\\full_eval\\epoch_0040\\summary.json",
      "transfer_clip_style": 0.6868284470836323,
      "transfer_content_lpips": 0.4979683845666667,
      "transfer_fid": 310.1216640133947,
      "transfer_art_fid": 484.3037232028084,
      "transfer_classifier_acc": 0.0,
      "photo_to_art_clip_style": 0.6801130875945092,
      "photo_to_art_fid": 310.1216640133947,
      "photo_to_art_art_fid": 484.3037232028084,
      "photo_to_art_classifier_acc": 0.0
    },
    "best_photo_to_art_fid": {
      "epoch": 40,
      "summary_path": "..\\inject_I3_progressive_1_05_01\\full_eval\\epoch_0040\\summary.json",
      "transfer_clip_style": 0.6868284470836323,
      "transfer_content_lpips": 0.4979683845666667,
      "transfer_fid": 310.1216640133947,
      "transfer_art_fid": 484.3037232028084,
      "transfer_classifier_acc": 0.0,
      "photo_to_art_clip_style": 0.6801130875945092,
      "photo_to_art_fid": 310.1216640133947,
      "photo_to_art_art_fid": 484.3037232028084,
      "photo_to_art_classifier_acc": 0.0
    },
    "best_photo_to_art_art_fid": {
      "epoch": 40,
      "summary_path": "..\\inject_I3_progressive_1_05_01\\full_eval\\epoch_0040\\summary.json",
      "transfer_clip_style": 0.6868284470836323,
      "transfer_content_lpips": 0.4979683845666667,
      "transfer_fid": 310.1216640133947,
      "transfer_art_fid": 484.3037232028084,
      "transfer_classifier_acc": 0.0,
      "photo_to_art_clip_style": 0.6801130875945092,
      "photo_to_art_fid": 310.1216640133947,
      "photo_to_art_art_fid": 484.3037232028084,
      "photo_to_art_classifier_acc": 0.0
    },
    "best_transfer_content_lpips": {
      "epoch": 80,
      "summary_path": "..\\inject_I3_progressive_1_05_01\\full_eval\\epoch_0080\\summary.json",
      "transfer_clip_style": 0.6892852522432803,
      "transfer_content_lpips": 0.49236751329999995,
      "transfer_fid": 313.60572438819804,
      "transfer_art_fid": 485.6560475399003,
      "transfer_classifier_acc": 0.0,
      "photo_to_art_clip_style": 0.6776228164633115,
      "photo_to_art_fid": 313.60572438819804,
      "photo_to_art_art_fid": 485.6560475399003,
      "photo_to_art_classifier_acc": 0.0
    }
  },
  "rounds": [
    {
      "epoch": 40,
      "summary_path": "..\\inject_I3_progressive_1_05_01\\full_eval\\epoch_0040\\summary.json",
      "transfer_clip_style": 0.6868284470836323,
      "transfer_content_lpips": 0.4979683845666667,
      "transfer_fid": 310.1216640133947,
      "transfer_art_fid": 484.3037232028084,
      "transfer_classifier_acc": 0.0,
      "photo_to_art_clip_style": 0.6801130875945092,
      "photo_to_art_fid": 310.1216640133947,
      "photo_to_art_art_fid": 484.3037232028084,
      "photo_to_art_classifier_acc": 0.0
    },
    {
      "epoch": 80,
      "summary_path": "..\\inject_I3_progressive_1_05_01\\full_eval\\epoch_0080\\summary.json",
      "transfer_clip_style": 0.6892852522432803,
      "transfer_content_lpips": 0.49236751329999995,
      "transfer_fid": 313.60572438819804,
      "transfer_art_fid": 485.6560475399003,
      "transfer_classifier_acc": 0.0,
      "photo_to_art_clip_style": 0.6776228164633115,
      "photo_to_art_fid": 313.60572438819804,
      "photo_to_art_art_fid": 485.6560475399003,
      "photo_to_art_classifier_acc": 0.0
    }
  ],
  "updated_at": "2026-03-05 04:37:42"
}