{
  "checkpoint": "../full_300-map16+32/epoch_0200.pt",
  "timestamp": "2026-02-12 17:12:41",
  "matrix_breakdown": {
    "photo": {
      "photo": {
        "count": 50,
        "clip_style": 0.6319589269161224,
        "style_lpips": 0.7288318049907684,
        "content_lpips": 0.4113792608,
        "clip_content": 0.7989894281999999,
        "classifier_acc": 1.0
      },
      "Hayao": {
        "count": 50,
        "clip_style": 0.5468732994794846,
        "style_lpips": 0.7398289966583252,
        "content_lpips": 0.4633572650000001,
        "clip_content": 0.7242522208000001,
        "classifier_acc": 0.54
      }
    },
    "Hayao": {
      "photo": {
        "count": 50,
        "clip_style": 0.4729692816734314,
        "style_lpips": 0.7596513605117798,
        "content_lpips": 0.3916109018,
        "clip_content": 0.8380259716,
        "classifier_acc": 0.98
      },
      "Hayao": {
        "count": 50,
        "clip_style": 0.672754282951355,
        "style_lpips": 0.7151260876655579,
        "content_lpips": 0.3437411544,
        "clip_content": 0.8255737085999999,
        "classifier_acc": 1.0
      }
    }
  },
  "analysis": {
    "style_transfer_ability": {
      "clip_style": 0.509921290576458,
      "content_lpips": 0.42748408340000005,
      "classifier_acc": 0.76
    },
    "photo_to_art_performance": {
      "clip_style": 0.5468732994794846,
      "valid": true,
      "classifier_acc": 0.54
    }
  },
  "classification_report": {
    "Hayao": {
      "precision": 0.9871794871794872,
      "recall": 0.77,
      "f1-score": 0.8651685393258427,
      "support": 100.0
    },
    "photo": {
      "precision": 0.8114754098360656,
      "recall": 0.99,
      "f1-score": 0.8918918918918919,
      "support": 100.0
    },
    "accuracy": 0.88,
    "macro avg": {
      "precision": 0.8993274485077765,
      "recall": 0.88,
      "f1-score": 0.8785302156088672,
      "support": 200.0
    },
    "weighted avg": {
      "precision": 0.8993274485077766,
      "recall": 0.88,
      "f1-score": 0.8785302156088673,
      "support": 200.0
    }
  },
  "detailed_style_metrics": {
    "Hayao": {
      "precision": 0.9871794871794872,
      "recall": 0.77,
      "f1_score": 0.8651685393258427,
      "support": 100
    },
    "photo": {
      "precision": 0.8114754098360656,
      "recall": 0.99,
      "f1_score": 0.8918918918918919,
      "support": 100
    }
  }
}