{
  "checkpoint": "..\\style8-\\epoch_0250.pt",
  "timestamp": "2026-02-22 09:17:25",
  "matrix_breakdown": {
    "photo": {
      "photo": {
        "count": 50,
        "clip_style": 0.6352799618244171,
        "style_lpips": 0.7525903952121734,
        "content_lpips": 0.2900686344,
        "clip_content": 0.9033211498,
        "classifier_acc": null
      },
      "Hayao": {
        "count": 50,
        "clip_style": 0.4732224529981613,
        "style_lpips": 0.7974997413158417,
        "content_lpips": 0.29009807179999997,
        "clip_content": 0.9035743436,
        "classifier_acc": null
      }
    },
    "Hayao": {
      "photo": {
        "count": 50,
        "clip_style": 0.4085620766878128,
        "style_lpips": 0.8046548449993134,
        "content_lpips": 0.19773274232,
        "clip_content": 0.9445517663999999,
        "classifier_acc": null
      },
      "Hayao": {
        "count": 50,
        "clip_style": 0.7198907649517059,
        "style_lpips": 0.7284996151924134,
        "content_lpips": 0.19776291489999998,
        "clip_content": 0.9444763986000001,
        "classifier_acc": null
      }
    }
  },
  "analysis": {
    "style_transfer_ability": {
      "clip_style": 0.44089226484298705,
      "content_lpips": 0.24391540705999998,
      "classifier_acc": 0.0
    },
    "photo_to_art_performance": {
      "clip_style": 0.4732224529981613,
      "valid": true,
      "classifier_acc": 0.0
    }
  },
  "classification_report": null,
  "detailed_style_metrics": {}
}