{
  "checkpoint": "../stage_weight/epoch_0250.pt",
  "timestamp": "2026-01-31 05:20:19",
  "matrix_breakdown": {
    "monet": {
      "monet": {
        "count": 30,
        "clip_style": 0.673493482251962,
        "style_lpips": 0.7106919771035514,
        "content_lpips": 0.5754625856876373,
        "clip_content": 0.7187895019849141
      },
      "photo": {
        "count": 30,
        "clip_style": 0.5683964641491573,
        "style_lpips": 0.7666778303782145,
        "content_lpips": 0.5917533357938131,
        "clip_content": 0.7342239439487457
      },
      "vangogh": {
        "count": 30,
        "clip_style": 0.6621335924863814,
        "style_lpips": 0.7581164532105128,
        "content_lpips": 0.5926945348580678,
        "clip_content": 0.7032771507898966
      },
      "cezanne": {
        "count": 30,
        "clip_style": 0.6293180685838063,
        "style_lpips": 0.7306202443043388,
        "content_lpips": 0.591361153125763,
        "clip_content": 0.7030139029026031
      }
    },
    "photo": {
      "monet": {
        "count": 30,
        "clip_style": 0.6044814820686977,
        "style_lpips": 0.7262941594918568,
        "content_lpips": 0.6087726593017578,
        "clip_content": 0.6482526630163192
      },
      "photo": {
        "count": 30,
        "clip_style": 0.6007678730686506,
        "style_lpips": 0.7553453543782234,
        "content_lpips": 0.5376480291287105,
        "clip_content": 0.6754947324593862
      },
      "vangogh": {
        "count": 30,
        "clip_style": 0.6216944901943208,
        "style_lpips": 0.7671715273062389,
        "content_lpips": 0.6180571814378103,
        "clip_content": 0.6484139422575633
      },
      "cezanne": {
        "count": 30,
        "clip_style": 0.5890110092163087,
        "style_lpips": 0.7351761911710105,
        "content_lpips": 0.6130497833093007,
        "clip_content": 0.6386027296384176
      }
    },
    "vangogh": {
      "monet": {
        "count": 30,
        "clip_style": 0.651583881477515,
        "style_lpips": 0.7263483740091323,
        "content_lpips": 0.5789965778589249,
        "clip_content": 0.7243286569913229
      },
      "photo": {
        "count": 30,
        "clip_style": 0.5651631916562716,
        "style_lpips": 0.7990651668707529,
        "content_lpips": 0.6247552772363026,
        "clip_content": 0.6967380066712697
      },
      "vangogh": {
        "count": 30,
        "clip_style": 0.6702108418941497,
        "style_lpips": 0.7411502975622813,
        "content_lpips": 0.5863930722077687,
        "clip_content": 0.7283235669136048
      },
      "cezanne": {
        "count": 30,
        "clip_style": 0.6416645600994428,
        "style_lpips": 0.7366535741885502,
        "content_lpips": 0.5893975913524627,
        "clip_content": 0.7265712161858876
      }
    },
    "cezanne": {
      "monet": {
        "count": 30,
        "clip_style": 0.6396862625877061,
        "style_lpips": 0.7246802870432535,
        "content_lpips": 0.5722946484883626,
        "clip_content": 0.6808849195639293
      },
      "photo": {
        "count": 30,
        "clip_style": 0.5541136085589727,
        "style_lpips": 0.7739458878835043,
        "content_lpips": 0.6077198425928751,
        "clip_content": 0.6952369610468546
      },
      "vangogh": {
        "count": 30,
        "clip_style": 0.6471564702987671,
        "style_lpips": 0.7577755090395609,
        "content_lpips": 0.5866509308417638,
        "clip_content": 0.675887777407964
      },
      "cezanne": {
        "count": 30,
        "clip_style": 0.6301715277234713,
        "style_lpips": 0.7256881377895674,
        "content_lpips": 0.5804698755343755,
        "clip_content": 0.6691818217436473
      }
    }
  },
  "analysis": {
    "style_transfer_ability": {
      "clip_style": 0.614533590114779,
      "content_lpips": 0.597958626349767
    },
    "photo_to_art_performance": {
      "clip_style": 0.6050623271597758,
      "valid": true
    }
  }
}