{
  "checkpoint": "/mnt/g/GitHub/Latent_Style/NCE_SWD/adacut/epoch_0200.pt",
  "timestamp": "2026-02-08 10:11:35",
  "matrix_breakdown": {
    "photo": {
      "photo": {
        "count": 50,
        "clip_style": 0.6141424190998077,
        "style_lpips": 0.7306657445430755,
        "content_lpips": 0.2885192392,
        "clip_content": 0.8846144842,
        "classifier_acc": 0.9
      },
      "monet": {
        "count": 50,
        "clip_style": 0.527519496679306,
        "style_lpips": 0.7799640607833862,
        "content_lpips": 0.6821683437999999,
        "clip_content": 0.5417816564,
        "classifier_acc": 0.08
      },
      "vangogh": {
        "count": 50,
        "clip_style": 0.5273803400993348,
        "style_lpips": 0.8349735450744629,
        "content_lpips": 0.6915842592,
        "clip_content": 0.5275563166,
        "classifier_acc": 0.02
      },
      "cezanne": {
        "count": 50,
        "clip_style": 0.49855095326900484,
        "style_lpips": 0.7930739903450013,
        "content_lpips": 0.6890197136,
        "clip_content": 0.528698152,
        "classifier_acc": 0.02
      }
    },
    "monet": {
      "photo": {
        "count": 50,
        "clip_style": 0.5419632220268249,
        "style_lpips": 0.747158772945404,
        "content_lpips": 0.36818491020000005,
        "clip_content": 0.8945550776000001,
        "classifier_acc": 0.44
      },
      "monet": {
        "count": 50,
        "clip_style": 0.5464485245943069,
        "style_lpips": 0.7741688001155853,
        "content_lpips": 0.6931728356,
        "clip_content": 0.5547957748000001,
        "classifier_acc": 0.44
      },
      "vangogh": {
        "count": 50,
        "clip_style": 0.5462871664762496,
        "style_lpips": 0.8156803715229034,
        "content_lpips": 0.697588782,
        "clip_content": 0.5454125524000001,
        "classifier_acc": 0.1
      },
      "cezanne": {
        "count": 50,
        "clip_style": 0.518351076245308,
        "style_lpips": 0.7849860799312591,
        "content_lpips": 0.6992396166,
        "clip_content": 0.5458857356000001,
        "classifier_acc": 0.0
      }
    },
    "vangogh": {
      "photo": {
        "count": 50,
        "clip_style": 0.5120390862226486,
        "style_lpips": 0.7883132076263428,
        "content_lpips": 0.36419869080000006,
        "clip_content": 0.8899105085999999,
        "classifier_acc": 0.24
      },
      "monet": {
        "count": 50,
        "clip_style": 0.5324032294750214,
        "style_lpips": 0.8024014031887055,
        "content_lpips": 0.7167629226,
        "clip_content": 0.553531179,
        "classifier_acc": 0.22
      },
      "vangogh": {
        "count": 50,
        "clip_style": 0.5361214226484299,
        "style_lpips": 0.8110976135730743,
        "content_lpips": 0.7213973732000001,
        "clip_content": 0.5441851073999999,
        "classifier_acc": 0.48
      },
      "cezanne": {
        "count": 50,
        "clip_style": 0.5097858542203904,
        "style_lpips": 0.7975786352157592,
        "content_lpips": 0.7210946377999998,
        "clip_content": 0.5507102371999999,
        "classifier_acc": 0.0
      }
    },
    "cezanne": {
      "photo": {
        "count": 50,
        "clip_style": 0.49520403444766997,
        "style_lpips": 0.759424854516983,
        "content_lpips": 0.3624349332,
        "clip_content": 0.8883828079999999,
        "classifier_acc": 0.16
      },
      "monet": {
        "count": 50,
        "clip_style": 0.5291367363929749,
        "style_lpips": 0.7837379598617553,
        "content_lpips": 0.7051528914,
        "clip_content": 0.521353116,
        "classifier_acc": 0.44
      },
      "vangogh": {
        "count": 50,
        "clip_style": 0.5317001926898957,
        "style_lpips": 0.8214579129219055,
        "content_lpips": 0.7107892202000001,
        "clip_content": 0.5112520832,
        "classifier_acc": 0.22
      },
      "cezanne": {
        "count": 50,
        "clip_style": 0.5074811780452728,
        "style_lpips": 0.7841643571853638,
        "content_lpips": 0.7090849636000001,
        "clip_content": 0.5169130424000001,
        "classifier_acc": 0.14
      }
    }
  },
  "analysis": {
    "style_transfer_ability": {
      "clip_style": 0.5225267823537191,
      "content_lpips": 0.6173515767833334,
      "classifier_acc": 0.16166666666666665
    },
    "photo_to_art_performance": {
      "clip_style": 0.5178169300158819,
      "valid": true,
      "classifier_acc": 0.04
    }
  },
  "classification_report": {
    "cezanne": {
      "precision": 0.18181818181818182,
      "recall": 0.04,
      "f1-score": 0.06557377049180328,
      "support": 200.0
    },
    "monet": {
      "precision": 0.25877192982456143,
      "recall": 0.295,
      "f1-score": 0.2757009345794392,
      "support": 200.0
    },
    "photo": {
      "precision": 0.24369747899159663,
      "recall": 0.435,
      "f1-score": 0.3123877917414722,
      "support": 200.0
    },
    "vangogh": {
      "precision": 0.23976608187134502,
      "recall": 0.205,
      "f1-score": 0.2210242587601078,
      "support": 200.0
    },
    "accuracy": 0.24375,
    "macro avg": {
      "precision": 0.23101341812642123,
      "recall": 0.24375,
      "f1-score": 0.21867168889320562,
      "support": 800.0
    },
    "weighted avg": {
      "precision": 0.23101341812642123,
      "recall": 0.24375,
      "f1-score": 0.21867168889320562,
      "support": 800.0
    }
  },
  "detailed_style_metrics": {
    "cezanne": {
      "precision": 0.18181818181818182,
      "recall": 0.04,
      "f1_score": 0.06557377049180328,
      "support": 200
    },
    "monet": {
      "precision": 0.25877192982456143,
      "recall": 0.295,
      "f1_score": 0.2757009345794392,
      "support": 200
    },
    "photo": {
      "precision": 0.24369747899159663,
      "recall": 0.435,
      "f1_score": 0.3123877917414722,
      "support": 200
    },
    "vangogh": {
      "precision": 0.23976608187134502,
      "recall": 0.205,
      "f1_score": 0.2210242587601078,
      "support": 200
    }
  }
}