{
  "checkpoint": "../full_300-map16+32/epoch_0300.pt",
  "timestamp": "2026-02-12 18:05:39",
  "matrix_breakdown": {
    "photo": {
      "photo": {
        "count": 50,
        "clip_style": 0.6314967703819275,
        "style_lpips": 0.729013751745224,
        "content_lpips": 0.41024712720000006,
        "clip_content": 0.8008170422,
        "classifier_acc": 1.0
      },
      "Hayao": {
        "count": 50,
        "clip_style": 0.5451152491569519,
        "style_lpips": 0.7414437580108643,
        "content_lpips": 0.46044300200000005,
        "clip_content": 0.7287826899999998,
        "classifier_acc": 0.54
      }
    },
    "Hayao": {
      "photo": {
        "count": 50,
        "clip_style": 0.47203010082244873,
        "style_lpips": 0.7603243243694305,
        "content_lpips": 0.3879906074,
        "clip_content": 0.8405960952000001,
        "classifier_acc": 0.98
      },
      "Hayao": {
        "count": 50,
        "clip_style": 0.6743915271759033,
        "style_lpips": 0.7149534606933594,
        "content_lpips": 0.3411026458,
        "clip_content": 0.8244794646000001,
        "classifier_acc": 1.0
      }
    }
  },
  "analysis": {
    "style_transfer_ability": {
      "clip_style": 0.5085726749897003,
      "content_lpips": 0.4242168047,
      "classifier_acc": 0.76
    },
    "photo_to_art_performance": {
      "clip_style": 0.5451152491569519,
      "valid": true,
      "classifier_acc": 0.54
    }
  },
  "classification_report": {
    "Hayao": {
      "precision": 0.9871794871794872,
      "recall": 0.77,
      "f1-score": 0.8651685393258427,
      "support": 100.0
    },
    "photo": {
      "precision": 0.8114754098360656,
      "recall": 0.99,
      "f1-score": 0.8918918918918919,
      "support": 100.0
    },
    "accuracy": 0.88,
    "macro avg": {
      "precision": 0.8993274485077765,
      "recall": 0.88,
      "f1-score": 0.8785302156088672,
      "support": 200.0
    },
    "weighted avg": {
      "precision": 0.8993274485077766,
      "recall": 0.88,
      "f1-score": 0.8785302156088673,
      "support": 200.0
    }
  },
  "detailed_style_metrics": {
    "Hayao": {
      "precision": 0.9871794871794872,
      "recall": 0.77,
      "f1_score": 0.8651685393258427,
      "support": 100
    },
    "photo": {
      "precision": 0.8114754098360656,
      "recall": 0.99,
      "f1_score": 0.8918918918918919,
      "support": 100
    }
  }
}