{
  "checkpoint": "..\\inject_I1_body_only\\epoch_0080.pt",
  "timestamp": "2026-03-04 23:31:40",
  "metrics_note": {
    "clip_dir": "cos( CLIP(gen)-CLIP(src), CLIP(target_style_proto)-CLIP(src) ) - Measures edit direction.",
    "clip_style": "cos( CLIP(gen), CLIP(target_style_proto) ) - Measures absolute style similarity.",
    "fid_baseline": "FID between source-domain images and target-style references.",
    "fid": "FID between generated images and target-style real references (Inception features).",
    "delta_fid": "fid_baseline - fid (higher is better).",
    "delta_fid_ratio": "delta_fid / fid_baseline (relative improvement ratio).",
    "art_fid": "computed as (1 + fid_style) * (1 + content_lpips)"
  },
  "matrix_breakdown": {
    "photo": {
      "photo": {
        "count": 30,
        "clip_dir": 0.5195729345083236,
        "clip_style": 0.7930807113647461,
        "style_lpips": 0.7286311904589335,
        "content_lpips": 0.45755871200000003,
        "clip_content": 0.775740525,
        "fid_style": null,
        "art_fid": null,
        "fid_baseline": null,
        "delta_fid": null,
        "delta_fid_ratio": null,
        "classifier_acc": null
      },
      "Hayao": {
        "count": 30,
        "clip_dir": 0.5953446626663208,
        "clip_style": 0.6580527385075887,
        "style_lpips": 0.720496674378713,
        "content_lpips": 0.5626066513333334,
        "clip_content": 0.7065869879999999,
        "fid_style": 355.31298174744467,
        "art_fid": 556.7770352349696,
        "fid_baseline": 334.729000932728,
        "delta_fid": -20.583980814716654,
        "delta_fid_ratio": -0.061494464947342606,
        "classifier_acc": null
      },
      "monet": {
        "count": 30,
        "clip_dir": 0.5114074379205704,
        "clip_style": 0.6679603437582652,
        "style_lpips": 0.7162417848904927,
        "content_lpips": 0.4743526063333334,
        "clip_content": 0.7671572080000001,
        "fid_style": 248.76120220301658,
        "art_fid": 368.2360794289642,
        "fid_baseline": 237.55478896111822,
        "delta_fid": -11.20641324189836,
        "delta_fid_ratio": -0.047174015269936614,
        "classifier_acc": null
      },
      "vangogh": {
        "count": 30,
        "clip_dir": 0.5850406418244044,
        "clip_style": 0.7050144672393799,
        "style_lpips": 0.7385445872942606,
        "content_lpips": 0.548789718,
        "clip_content": 0.7366108300000002,
        "fid_style": 323.3894552149081,
        "art_fid": 502.4110528644712,
        "fid_baseline": 313.3414404549672,
        "delta_fid": -10.048014759940884,
        "delta_fid_ratio": -0.03206730250984777,
        "classifier_acc": null
      },
      "cezanne": {
        "count": 30,
        "clip_dir": 0.5605541249116262,
        "clip_style": 0.6670608341693878,
        "style_lpips": 0.7084880451361338,
        "content_lpips": 0.535665036,
        "clip_content": 0.7215410339999998,
        "fid_style": 322.4519655370797,
        "art_fid": 496.71387430077027,
        "fid_baseline": 317.94764662800304,
        "delta_fid": -4.5043189090766305,
        "delta_fid_ratio": -0.01416685720698747,
        "classifier_acc": null
      }
    },
    "Hayao": {
      "photo": {
        "count": 30,
        "clip_dir": 0.3955901712179184,
        "clip_style": 0.5764920711517334,
        "style_lpips": 0.7434940735499064,
        "content_lpips": 0.4442464606666668,
        "clip_content": 0.831320318,
        "fid_style": null,
        "art_fid": null,
        "fid_baseline": null,
        "delta_fid": null,
        "delta_fid_ratio": null,
        "classifier_acc": null
      },
      "Hayao": {
        "count": 30,
        "clip_dir": 0.35436910688877105,
        "clip_style": 0.8443789899349212,
        "style_lpips": 0.709594335158666,
        "content_lpips": 0.28232316,
        "clip_content": 0.9126609846666668,
        "fid_style": null,
        "art_fid": null,
        "fid_baseline": null,
        "delta_fid": null,
        "delta_fid_ratio": null,
        "classifier_acc": null
      },
      "monet": {
        "count": 30,
        "clip_dir": 0.37902462780475615,
        "clip_style": 0.5214646726846695,
        "style_lpips": 0.7296575764815013,
        "content_lpips": 0.44003635833333327,
        "clip_content": 0.8196054329999999,
        "fid_style": null,
        "art_fid": null,
        "fid_baseline": null,
        "delta_fid": null,
        "delta_fid_ratio": null,
        "classifier_acc": null
      },
      "vangogh": {
        "count": 30,
        "clip_dir": 0.4457466334104538,
        "clip_style": 0.6150196651617686,
        "style_lpips": 0.7422651847203573,
        "content_lpips": 0.438582077,
        "clip_content": 0.8204247959999998,
        "fid_style": null,
        "art_fid": null,
        "fid_baseline": null,
        "delta_fid": null,
        "delta_fid_ratio": null,
        "classifier_acc": null
      },
      "cezanne": {
        "count": 30,
        "clip_dir": 0.38937117407719296,
        "clip_style": 0.5640867282946904,
        "style_lpips": 0.7126923084259034,
        "content_lpips": 0.4146960799999999,
        "clip_content": 0.8361747780000001,
        "fid_style": null,
        "art_fid": null,
        "fid_baseline": null,
        "delta_fid": null,
        "delta_fid_ratio": null,
        "classifier_acc": null
      }
    },
    "monet": {
      "photo": {
        "count": 30,
        "clip_dir": 0.5671680221954981,
        "clip_style": 0.7407104313373566,
        "style_lpips": 0.7340164661407471,
        "content_lpips": 0.47883211633333345,
        "clip_content": 0.7859589103333333,
        "fid_style": null,
        "art_fid": null,
        "fid_baseline": null,
        "delta_fid": null,
        "delta_fid_ratio": null,
        "classifier_acc": null
      },
      "Hayao": {
        "count": 30,
        "clip_dir": 0.591565810640653,
        "clip_style": 0.6561364392439525,
        "style_lpips": 0.7333069165547689,
        "content_lpips": 0.555360198,
        "clip_content": 0.7330001163333334,
        "fid_style": null,
        "art_fid": null,
        "fid_baseline": null,
        "delta_fid": null,
        "delta_fid_ratio": null,
        "classifier_acc": null
      },
      "monet": {
        "count": 30,
        "clip_dir": 0.4265304212768873,
        "clip_style": 0.8240384062131246,
        "style_lpips": 0.6932240049044291,
        "content_lpips": 0.4532120216666667,
        "clip_content": 0.8287647006666667,
        "fid_style": null,
        "art_fid": null,
        "fid_baseline": null,
        "delta_fid": null,
        "delta_fid_ratio": null,
        "classifier_acc": null
      },
      "vangogh": {
        "count": 30,
        "clip_dir": 0.45502256900072097,
        "clip_style": 0.7989672462145487,
        "style_lpips": 0.7302796125411988,
        "content_lpips": 0.48549521066666673,
        "clip_content": 0.8084786850000001,
        "fid_style": null,
        "art_fid": null,
        "fid_baseline": null,
        "delta_fid": null,
        "delta_fid_ratio": null,
        "classifier_acc": null
      },
      "cezanne": {
        "count": 30,
        "clip_dir": 0.4611417104800542,
        "clip_style": 0.7684718469778696,
        "style_lpips": 0.703060793876648,
        "content_lpips": 0.5070683086666666,
        "clip_content": 0.7650626429999998,
        "fid_style": null,
        "art_fid": null,
        "fid_baseline": null,
        "delta_fid": null,
        "delta_fid_ratio": null,
        "classifier_acc": null
      }
    },
    "vangogh": {
      "photo": {
        "count": 30,
        "clip_dir": 0.5517657866080602,
        "clip_style": 0.7132134993871053,
        "style_lpips": 0.7336515466372172,
        "content_lpips": 0.5090264386666666,
        "clip_content": 0.7615324806666667,
        "fid_style": null,
        "art_fid": null,
        "fid_baseline": null,
        "delta_fid": null,
        "delta_fid_ratio": null,