{
  "checkpoint": "..\\swd-256-fix-gates\\epoch_0050.pt",
  "timestamp": "2026-02-18 11:53:07",
  "matrix_breakdown": {
    "photo": {
      "photo": {
        "count": 10,
        "clip_style": 0.5625972867012023,
        "style_lpips": 0.8951230764389038,
        "content_lpips": 0.8232866150000001,
        "clip_content": 0.5595888510000001,
        "classifier_acc": null
      },
      "Hayao": {
        "count": 10,
        "clip_style": 0.5642592430114746,
        "style_lpips": 0.8363545060157775,
        "content_lpips": 0.787923931,
        "clip_content": 0.5608231850000001,
        "classifier_acc": null
      },
      "monet": {
        "count": 10,
        "clip_style": 0.5504168272018433,
        "style_lpips": 0.9179052352905274,
        "content_lpips": 0.8702628070000001,
        "clip_content": 0.567812808,
        "classifier_acc": null
      },
      "cezanne": {
        "count": 10,
        "clip_style": 0.5329456388950348,
        "style_lpips": 0.8192281007766724,
        "content_lpips": 0.790497639,
        "clip_content": 0.550766342,
        "classifier_acc": null
      },
      "vangogh": {
        "count": 10,
        "clip_style": 0.5850819051265717,
        "style_lpips": 0.8622023463249207,
        "content_lpips": 0.8406318340000001,
        "clip_content": 0.566572921,
        "classifier_acc": null
      }
    },
    "Hayao": {
      "photo": {
        "count": 10,
        "clip_style": 0.5520923674106598,
        "style_lpips": 0.916618674993515,
        "content_lpips": 0.7699766109999999,
        "clip_content": 0.568641628,
        "classifier_acc": null
      },
      "Hayao": {
        "count": 10,
        "clip_style": 0.5659358024597168,
        "style_lpips": 0.8216524720191956,
        "content_lpips": 0.7423059790000001,
        "clip_content": 0.5713720780000001,
        "classifier_acc": null
      },
      "monet": {
        "count": 10,
        "clip_style": 0.5160859078168869,
        "style_lpips": 0.9175846338272095,
        "content_lpips": 0.7806031710000001,
        "clip_content": 0.5965144160000001,
        "classifier_acc": null
      },
      "cezanne": {
        "count": 10,
        "clip_style": 0.5126614481210708,
        "style_lpips": 0.8188645124435425,
        "content_lpips": 0.751470842,
        "clip_content": 0.571637611,
        "classifier_acc": null
      },
      "vangogh": {
        "count": 10,
        "clip_style": 0.5606303036212921,
        "style_lpips": 0.8659379541873932,
        "content_lpips": 0.7790327610000001,
        "clip_content": 0.583498332,
        "classifier_acc": null
      }
    },
    "monet": {
      "photo": {
        "count": 10,
        "clip_style": 0.5591250836849213,
        "style_lpips": 0.9103380620479584,
        "content_lpips": 0.786552711,
        "clip_content": 0.5584131559999999,
        "classifier_acc": null
      },
      "Hayao": {
        "count": 10,
        "clip_style": 0.5579157888889312,
        "style_lpips": 0.8446539461612701,
        "content_lpips": 0.7426835,
        "clip_content": 0.5693845639999999,
        "classifier_acc": null
      },
      "monet": {
        "count": 10,
        "clip_style": 0.548700213432312,
        "style_lpips": 0.9101107895374299,
        "content_lpips": 0.8055903750000001,
        "clip_content": 0.567130236,
        "classifier_acc": null
      },
      "cezanne": {
        "count": 10,
        "clip_style": 0.5342196524143219,
        "style_lpips": 0.8225430071353912,
        "content_lpips": 0.749268434,
        "clip_content": 0.559385901,
        "classifier_acc": null
      },
      "vangogh": {
        "count": 10,
        "clip_style": 0.5854700982570649,
        "style_lpips": 0.8675312042236328,
        "content_lpips": 0.7898813849999999,
        "clip_content": 0.5739588640000001,
        "classifier_acc": null
      }
    },
    "cezanne": {
      "photo": {
        "count": 10,
        "clip_style": 0.5452516794204711,
        "style_lpips": 0.9129946947097778,
        "content_lpips": 0.754571949,
        "clip_content": 0.527255327,
        "classifier_acc": null
      },
      "Hayao": {
        "count": 10,
        "clip_style": 0.566235613822937,
        "style_lpips": 0.8317330658435822,
        "content_lpips": 0.7315142479999999,
        "clip_content": 0.5139637529999999,
        "classifier_acc": null
      },
      "monet": {
        "count": 10,
        "clip_style": 0.5091220259666442,
        "style_lpips": 0.9153504431247711,
        "content_lpips": 0.7687186039999999,
        "clip_content": 0.5262465860000001,
        "classifier_acc": null
      },
      "cezanne": {
        "count": 10,
        "clip_style": 0.5123282253742218,
        "style_lpips": 0.8133729577064515,
        "content_lpips": 0.7412269100000001,
        "clip_content": 0.5076750010000002,
        "classifier_acc": null
      },
      "vangogh": {
        "count": 10,
        "clip_style": 0.5661696076393128,
        "style_lpips": 0.8567267954349518,
        "content_lpips": 0.769990508,
        "clip_content": 0.5392399309999999,
        "classifier_acc": null
      }
    },
    "vangogh": {
      "photo": {
        "count": 10,
        "clip_style": 0.5464726030826569,
        "style_lpips": 0.9142285168170929,
        "content_lpips": 0.767979718,
        "clip_content": 0.585256489,
        "classifier_acc": null
      },
      "Hayao": {
        "count": 10,
        "clip_style": 0.5540890097618103,
        "style_lpips": 0.8325986862182617,
        "content_lpips": 0.731283276,
        "clip_content": 0.5938753109999999,
        "classifier_acc": null
      },
      "monet": {
        "count": 10,
        "clip_style": 0.5301628291606904,
        "style_lpips": 0.9223856151103973,
        "content_lpips": 0.7804999950000001,
        "clip_content": 0.5912443199999999,
        "classifier_acc": null
      },
      "cezanne": {
        "count": 10,
        "clip_style": 0.5274238675832749,
        "style_lpips": 0.8150447249412537,
        "content_lpips": 0.744574961,
        "clip_content": 0.5820530359999999,
        "classifier_acc": null
      },
      "vangogh": {
        "count": 10,
        "clip_style": 0.5824421942234039,
        "style_lpips": 0.8561601519584656,
        "content_lpips": 0.749580058,
        "clip_content": 0.6025129000000001,
        "classifier_acc": null
      }
    }
  },
  "analysis": {
    "style_transfer_ability": {
      "clip_style": 0.5477915750443936,
      "content_lpips": 0.7743959442499999,
      "classifier_acc": 0.0
    },
    "photo_to_art_performance": {
      "clip_style": 0.558175903558731,
      "valid": true,
      "classifier_acc": 0.0
    }
  },
  "classification_report": null,
  "detailed_style_metrics": {}
}