{
  "checkpoint": "/mnt/g/GitHub/Latent_Style/Cycle-NCE/style_ablation-50/dyn_flat_step_schedule/epoch_0050.pt",
  "timestamp": "2026-02-14 16:56:32",
  "matrix_breakdown": {
    "photo": {
      "photo": {
        "count": 50,
        "clip_style": 0.6355914348363876,
        "style_lpips": 0.7349506092071533,
        "content_lpips": 0.420515832,
        "clip_content": 0.8157170634,
        "classifier_acc": 0.94
      },
      "Hayao": {
        "count": 50,
        "clip_style": 0.5401149296760559,
        "style_lpips": 0.7367779457569122,
        "content_lpips": 0.48252987159999994,
        "clip_content": 0.7618894848000001,
        "classifier_acc": 0.12
      }
    },
    "Hayao": {
      "photo": {
        "count": 50,
        "clip_style": 0.4581540125608444,
        "style_lpips": 0.766198902130127,
        "content_lpips": 0.3662262968,
        "clip_content": 0.8539186078000001,
        "classifier_acc": 0.1
      },
      "Hayao": {
        "count": 50,
        "clip_style": 0.7022723758220673,
        "style_lpips": 0.7119772017002106,
        "content_lpips": 0.3220126808,
        "clip_content": 0.8647053964000001,
        "classifier_acc": 0.92
      }
    }
  },
  "analysis": {
    "style_transfer_ability": {
      "clip_style": 0.49913447111845016,
      "content_lpips": 0.4243780842,
      "classifier_acc": 0.11
    },
    "photo_to_art_performance": {
      "clip_style": 0.5401149296760559,
      "valid": true,
      "classifier_acc": 0.12
    }
  },
  "classification_report": {
    "Hayao": {
      "precision": 0.52,
      "recall": 0.52,
      "f1-score": 0.52,
      "support": 100.0
    },
    "photo": {
      "precision": 0.52,
      "recall": 0.52,
      "f1-score": 0.52,
      "support": 100.0
    },
    "accuracy": 0.52,
    "macro avg": {
      "precision": 0.52,
      "recall": 0.52,
      "f1-score": 0.52,
      "support": 200.0
    },
    "weighted avg": {
      "precision": 0.52,
      "recall": 0.52,
      "f1-score": 0.52,
      "support": 200.0
    }
  },
  "detailed_style_metrics": {
    "Hayao": {
      "precision": 0.52,
      "recall": 0.52,
      "f1_score": 0.52,
      "support": 100
    },
    "photo": {
      "precision": 0.52,
      "recall": 0.52,
      "f1_score": 0.52,
      "support": 100
    }
  }
}