{
  "checkpoint": "..\\5style-domain-swd-64-96-128-idt3\\epoch_0020.pt",
  "timestamp": "2026-02-23 13:19:41",
  "metrics_note": {
    "clip_style": "backward-compatible alias of clip_dir (CLIP directional similarity)",
    "clip_dir": "cos( CLIP(gen)-CLIP(src), CLIP(target_style_proto)-CLIP(src) )",
    "art_fid": "computed as (1 + fid_style) * (1 + content_lpips)"
  },
  "matrix_breakdown": {
    "photo": {
      "photo": {
        "count": 50,
        "clip_dir": 0.32514579325914383,
        "clip_style": 0.32514579325914383,
        "style_lpips": 0.7476369440555573,
        "content_lpips": 0.3128453702,
        "clip_content": 0.8956692852,
        "fid_style": null,
        "art_fid": null,
        "classifier_acc": null
      },
      "Hayao": {
        "count": 50,
        "clip_dir": 0.488039191365242,
        "clip_style": 0.488039191365242,
        "style_lpips": 0.7505256247520447,
        "content_lpips": 0.3978784824000001,
        "clip_content": 0.8426692188,
        "fid_style": null,
        "art_fid": null,
        "classifier_acc": null
      },
      "monet": {
        "count": 50,
        "clip_dir": 0.2753749719262123,
        "clip_style": 0.2753749719262123,
        "style_lpips": 0.7509794235229492,
        "content_lpips": 0.30957569640000004,
        "clip_content": 0.898060112,
        "fid_style": null,
        "art_fid": null,
        "classifier_acc": null
      },
      "cezanne": {
        "count": 50,
        "clip_dir": 0.3553179994225502,
        "clip_style": 0.3553179994225502,
        "style_lpips": 0.7560479009151458,
        "content_lpips": 0.368147489,
        "clip_content": 0.8679794336,
        "fid_style": null,
        "art_fid": null,
        "classifier_acc": null
      },
      "vangogh": {
        "count": 50,
        "clip_dir": 0.3905236518383026,
        "clip_style": 0.3905236518383026,
        "style_lpips": 0.7848115193843842,
        "content_lpips": 0.39350300000000005,
        "clip_content": 0.8716550382,
        "fid_style": null,
        "art_fid": null,
        "classifier_acc": null
      }
    },
    "Hayao": {
      "photo": {
        "count": 50,
        "clip_dir": 0.18214661158621312,
        "clip_style": 0.18214661158621312,
        "style_lpips": 0.7843681919574738,
        "content_lpips": 0.3240264088,
        "clip_content": 0.9257667378,
        "fid_style": null,
        "art_fid": null,
        "classifier_acc": null
      },
      "Hayao": {
        "count": 50,
        "clip_dir": 0.2758858007565141,
        "clip_style": 0.2758858007565141,
        "style_lpips": 0.7257487189769745,
        "content_lpips": 0.20240936852000005,
        "clip_content": 0.9414237087999999,
        "fid_style": null,
        "art_fid": null,
        "classifier_acc": null
      },
      "monet": {
        "count": 50,
        "clip_dir": 0.16282972011715174,
        "clip_style": 0.16282972011715174,
        "style_lpips": 0.7776531505584717,
        "content_lpips": 0.330662983,
        "clip_content": 0.926568404,
        "fid_style": null,
        "art_fid": null,
        "classifier_acc": null
      },
      "cezanne": {
        "count": 50,
        "clip_dir": 0.14716319147497414,
        "clip_style": 0.14716319147497414,
        "style_lpips": 0.7626342225074768,
        "content_lpips": 0.2155759557,
        "clip_content": 0.9415757290000001,
        "fid_style": null,
        "art_fid": null,
        "classifier_acc": null
      },
      "vangogh": {
        "count": 50,
        "clip_dir": 0.23675882190465927,
        "clip_style": 0.23675882190465927,
        "style_lpips": 0.8037190425395966,
        "content_lpips": 0.29187965779999997,
        "clip_content": 0.92729781,
        "fid_style": null,
        "art_fid": null,
        "classifier_acc": null
      }
    },
    "monet": {
      "photo": {
        "count": 50,
        "clip_dir": 0.3804726079106331,
        "clip_style": 0.3804726079106331,
        "style_lpips": 0.7500048458576203,
        "content_lpips": 0.364476613,
        "clip_content": 0.9009326043999999,
        "fid_style": null,
        "art_fid": null,
        "classifier_acc": null
      },
      "Hayao": {
        "count": 50,
        "clip_dir": 0.49684959173202514,
        "clip_style": 0.49684959173202514,
        "style_lpips": 0.7483522462844848,
        "content_lpips": 0.426907121,
        "clip_content": 0.8665477550000001,
        "fid_style": null,
        "art_fid": null,
        "classifier_acc": null
      },
      "monet": {
        "count": 50,
        "clip_dir": 0.2862352874875069,
        "clip_style": 0.2862352874875069,
        "style_lpips": 0.7097052443027496,
        "content_lpips": 0.33926462379999994,
        "clip_content": 0.903418029,
        "fid_style": null,
        "art_fid": null,
        "classifier_acc": null
      },
      "cezanne": {
        "count": 50,
        "clip_dir": 0.3308576127886772,
        "clip_style": 0.3308576127886772,
        "style_lpips": 0.7316934895515442,
        "content_lpips": 0.3713037377999999,
        "clip_content": 0.8774676042,
        "fid_style": null,
        "art_fid": null,
        "classifier_acc": null
      },
      "vangogh": {
        "count": 50,
        "clip_dir": 0.3612798810005188,
        "clip_style": 0.3612798810005188,
        "style_lpips": 0.754257595539093,
        "content_lpips": 0.376492532,
        "clip_content": 0.8830970934,
        "fid_style": null,
        "art_fid": null,
        "classifier_acc": null
      }
    },
    "cezanne": {
      "photo": {
        "count": 50,
        "clip_dir": 0.37594367504119874,
        "clip_style": 0.37594367504119874,
        "style_lpips": 0.7569509637355805,
        "content_lpips": 0.3925727412000001,
        "clip_content": 0.8803419311999999,
        "fid_style": null,
        "art_fid": null,
        "classifier_acc": null
      },
      "Hayao": {
        "count": 50,
        "clip_dir": 0.5141046422719956,
        "clip_style": 0.5141046422719956,
        "style_lpips": 0.7308144640922546,
        "content_lpips": 0.38313109319999994,
        "clip_content": 0.8468678836000001,
        "fid_style": null,
        "art_fid": null,
        "classifier_acc": null
      },
      "monet": {
        "count": 50,
        "clip_dir": 0.25837404996156693,
        "clip_style": 0.25837404996156693,
        "style_lpips": 0.726436766386032,
        "content_lpips": 0.3523116058,
        "clip_content": 0.8820525857999999,
        "fid_style": null,
        "art_fid": null,
        "classifier_acc": null
      },
      "cezanne": {
        "count": 50,
        "clip_dir": 0.2639913535118103,
        "clip_style": 0.2639913535118103,
        "style_lpips": 0.7188842511177063,
        "content_lpips": 0.34123755919999993,
        "clip_content": 0.8786971248000001,
        "fid_style": null,
        "art_fid": null,
        "classifier_acc": null
      },
      "vangogh": {
        "count": 50,
        "clip_dir": 0.31205854669213295,
        "clip_style": 0.31205854669213295,
        "style_lpips": 0.7568170464038849,
        "content_lpips": 0.37336969419999994,
        "clip_content": 0.8655521556000001,
        "fid_style": null,
        "art_fid": null,
        "classifier_acc": null
      }
    },
    "vangogh": {
      "photo": {
        "count": 50,
        "clip_dir": 0.3692284271121025,
        "clip_style": 0.3692284271121025,
        "style_lpips": 0.7594854152202606,
        "content_lpips": 0.3734762156,
        "clip_content": 0.8833989581999998,
        "fid_style": null,
        "art_fid": null,
        "classifier_acc": null
      },
      "Hayao": {
        "count": 50,
        "clip_dir": 0.4939106711745262,
        "clip_style": 0.4939106711745262,
        "style_lpips": 0.748252272605896,
        "content_lpips": 0.40334947899999996,
        "clip_content": 0.848632993,
        "fid_style": null,
        "art_fid": null,
        "classifier_acc": null
      },