epoch,loss,style_swd,style_moment,structure,tv,identity,train_num_steps,train_step_size,train_style_strength,lr,data_time_sec,compute_time_sec,epoch_time_sec,samples_seen,samples_per_sec
1,3466.224639577964,34.62016092870653,0.5864008459233746,0.009984114600979175,10.27149896523387,0.000994430167976162,1.0,1.0,0.8959835906004169,5.000000000000001e-07,3.1995809000045483,149.3009975000059,152.50660061836243,62080,407.06434835139396
2,3430.9785571540756,34.26072343845957,0.5862344518764732,0.03156533639052326,10.27219233562037,0.006330869465432677,1.0,1.0,0.9054531660891071,2.9750000000000003e-06,3.079583199993067,147.8216414999979,150.9068169593811,62080,411.3796927855803
3,3419.6100155545264,34.143170779513326,0.5875128421586814,0.042128482295833915,10.273012923211166,0.009709623347026939,1.0,1.0,0.8999855745698988,5.450000000000001e-06,3.0990007999971567,147.89947739999207,151.0047092437744,62080,411.1130064147944
