{
  "checkpoint": "I:\\Github\\Latent_Style\\Cycle-NCE\\experiments\\20260223-micro5style-bs384\\runs\\exp06-phase1_60e-l1_relax_wdl1_0p01\\artifacts\\epoch_0060.pt",
  "timestamp": "2026-02-24 10:13:01",
  "metrics_note": {
    "clip_dir": "cos( CLIP(gen)-CLIP(src), CLIP(target_style_proto)-CLIP(src) ) - Measures edit direction.",
    "clip_style": "cos( CLIP(gen), CLIP(target_style_proto) ) - Measures absolute style similarity.",
    "art_fid": "computed as (1 + fid_style) * (1 + content_lpips)"
  },
  "matrix_breakdown": {
    "photo": {
      "photo": {
        "count": 50,
        "clip_dir": 0.32280129566788673,
        "clip_style": 0.7927196800708771,
        "style_lpips": 0.7506738340854645,
        "content_lpips": 0.2952554884,
        "clip_content": 0.9010825970000002,
        "fid_style": null,
        "art_fid": null,
        "classifier_acc": null
      },
      "Hayao": {
        "count": 50,
        "clip_dir": 0.4990964448451996,
        "clip_style": 0.6176052129268647,
        "style_lpips": 0.7594195508956909,
        "content_lpips": 0.390934454,
        "clip_content": 0.8369591382,
        "fid_style": null,
        "art_fid": null,
        "classifier_acc": null
      },
      "monet": {
        "count": 50,
        "clip_dir": 0.27454775959253314,
        "clip_style": 0.5949767410755158,
        "style_lpips": 0.7523266899585724,
        "content_lpips": 0.302118007,
        "clip_content": 0.9002000400000001,
        "fid_style": null,
        "art_fid": null,
        "classifier_acc": null
      },
      "vangogh": {
        "count": 50,
        "clip_dir": 0.40457514256238936,
        "clip_style": 0.6371051931381225,
        "style_lpips": 0.7827893912792205,
        "content_lpips": 0.41470529040000004,
        "clip_content": 0.8685597042000002,
        "fid_style": null,
        "art_fid": null,
        "classifier_acc": null
      },
      "cezanne": {
        "count": 50,
        "clip_dir": 0.34589988738298416,
        "clip_style": 0.5848090994358063,
        "style_lpips": 0.7588366055488587,
        "content_lpips": 0.32896855440000006,
        "clip_content": 0.8710546805999999,
        "fid_style": null,
        "art_fid": null,
        "classifier_acc": null
      }
    },
    "Hayao": {
      "photo": {
        "count": 50,
        "clip_dir": 0.2042531906068325,
        "clip_style": 0.518251816034317,
        "style_lpips": 0.7808723020553588,
        "content_lpips": 0.32066027580000006,
        "clip_content": 0.9204235088,
        "fid_style": null,
        "art_fid": null,
        "classifier_acc": null
      },
      "Hayao": {
        "count": 50,
        "clip_dir": 0.26915465645492076,
        "clip_style": 0.8470090973377228,
        "style_lpips": 0.7280738401412964,
        "content_lpips": 0.198576894,
        "clip_content": 0.944578629,
        "fid_style": null,
        "art_fid": null,
        "classifier_acc": null
      },
      "monet": {
        "count": 50,
        "clip_dir": 0.1534877298399806,
        "clip_style": 0.4466920644044876,
        "style_lpips": 0.7801437723636627,
        "content_lpips": 0.25303886408,
        "clip_content": 0.9304447210000001,
        "fid_style": null,
        "art_fid": null,
        "classifier_acc": null
      },
      "vangogh": {
        "count": 50,
        "clip_dir": 0.23337947219610214,
        "clip_style": 0.5440455567836762,
        "style_lpips": 0.8145394384860992,
        "content_lpips": 0.30236180628,
        "clip_content": 0.9311225958,
        "fid_style": null,
        "art_fid": null,
        "classifier_acc": null
      },
      "cezanne": {
        "count": 50,
        "clip_dir": 0.1678715332597494,
        "clip_style": 0.4946831911802292,
        "style_lpips": 0.7657065784931183,
        "content_lpips": 0.218576375,
        "clip_content": 0.9344781953999999,
        "fid_style": null,
        "art_fid": null,
        "classifier_acc": null
      }
    },
    "monet": {
      "photo": {
        "count": 50,
        "clip_dir": 0.4371043026447296,
        "clip_style": 0.6970040428638459,
        "style_lpips": 0.7460063779354096,
        "content_lpips": 0.3778516374,
        "clip_content": 0.8840889246,
        "fid_style": null,
        "art_fid": null,
        "classifier_acc": null
      },
      "Hayao": {
        "count": 50,
        "clip_dir": 0.4767310333251953,
        "clip_style": 0.590417851805687,
        "style_lpips": 0.7536337900161744,
        "content_lpips": 0.4195885117999999,
        "clip_content": 0.8737689306,
        "fid_style": null,
        "art_fid": null,
        "classifier_acc": null
      },
      "monet": {
        "count": 50,
        "clip_dir": 0.2845206120610237,
        "clip_style": 0.8339950561523437,
        "style_lpips": 0.711637737751007,
        "content_lpips": 0.33945012220000004,
        "clip_content": 0.9030719864000001,
        "fid_style": null,
        "art_fid": null,
        "classifier_acc": null
      },
      "vangogh": {
        "count": 50,
        "clip_dir": 0.3860953423380852,
        "clip_style": 0.8073603737354279,
        "style_lpips": 0.7499427807331085,
        "content_lpips": 0.3870874816,
        "clip_content": 0.8863973342000001,
        "fid_style": null,
        "art_fid": null,
        "classifier_acc": null
      },
      "cezanne": {
        "count": 50,
        "clip_dir": 0.3208786764740944,
        "clip_style": 0.7906607115268707,
        "style_lpips": 0.731473582983017,
        "content_lpips": 0.35761328919999996,
        "clip_content": 0.897065334,
        "fid_style": null,
        "art_fid": null,
        "classifier_acc": null
      }
    },
    "vangogh": {
      "photo": {
        "count": 50,
        "clip_dir": 0.4300397899746895,
        "clip_style": 0.675205751657486,
        "style_lpips": 0.7592108011245727,
        "content_lpips": 0.3975571754,
        "clip_content": 0.8608363016000001,
        "fid_style": null,
        "art_fid": null,
        "classifier_acc": null
      },
      "Hayao": {
        "count": 50,
        "clip_dir": 0.46403777062892915,
        "clip_style": 0.6339177739620209,
        "style_lpips": 0.7508684134483338,
        "content_lpips": 0.3882810624,
        "clip_content": 0.8617451963999998,
        "fid_style": null,
        "art_fid": null,
        "classifier_acc": null
      },
      "monet": {
        "count": 50,
        "clip_dir": 0.2671897700428963,
        "clip_style": 0.7616232061386108,
        "style_lpips": 0.7400946581363678,
        "content_lpips": 0.32708677999999997,
        "clip_content": 0.8915392475999999,
        "fid_style": null,
        "art_fid": null,
        "classifier_acc": null
      },
      "vangogh": {
        "count": 50,
        "clip_dir": 0.2561567568778992,
        "clip_style": 0.8044540953636169,
        "style_lpips": 0.7407077491283417,
        "content_lpips": 0.3297776778,
        "clip_content": 0.8884231627999999,
        "fid_style": null,
        "art_fid": null,
        "classifier_acc": null
      },
      "cezanne": {
        "count": 50,
        "clip_dir": 0.2818979696929455,
        "clip_style": 0.7763312137126923,
        "style_lpips": 0.737841227054596,
        "content_lpips": 0.3344845942,
        "clip_content": 0.8841663676,
        "fid_style": null,
        "art_fid": null,
        "classifier_acc": null
      }
    },
    "cezanne": {
      "photo": {
        "count": 50,
        "clip_dir": 0.3911734330654144,
        "clip_style": 0.6268425381183624,
        "style_lpips": 0.7533351910114289,
        "content_lpips": 0.375414818,
        "clip_content": 0.8737421246000001,
        "fid_style": null,
        "art_fid": null,
        "classifier_acc": null
      },
      "Hayao": {
        "count": 50,
        "clip_dir": 0.4598738586902618,
        "clip_style": 0.5996654570102692,
        "style_lpips": 0.7370073199272156,
        "content_lpips": 0.35373636239999995,
        "clip_content": 0.8704409597999999,