{
  "checkpoint": "G:\\GitHub\\Latent_Style\\Cycle-NCE\\ssim-optun-nce\\trial_0251\\epoch_0001.pt",
  "timestamp": "2026-02-20 14:38:17",
  "matrix_breakdown": {
    "photo": {
      "photo": {
        "count": 10,
        "style_swd": 1.9153339207172393,
        "content_ssim": 0.34372685399999997,
        "classifier_acc": null
      },
      "Hayao": {
        "count": 10,
        "style_swd": 2.154755488038063,
        "content_ssim": 0.33143190999999994,
        "classifier_acc": null
      },
      "monet": {
        "count": 10,
        "style_swd": 1.130248385667801,
        "content_ssim": 0.342261348,
        "classifier_acc": null
      },
      "cezanne": {
        "count": 10,
        "style_swd": 1.4134394973516464,
        "content_ssim": 0.339761807,
        "classifier_acc": null
      },
      "vangogh": {
        "count": 10,
        "style_swd": 2.4378021597862243,
        "content_ssim": 0.310093837,
        "classifier_acc": null
      }
    },
    "Hayao": {
      "photo": {
        "count": 10,
        "style_swd": 1.9233314752578736,
        "content_ssim": 0.47920036800000004,
        "classifier_acc": null
      },
      "Hayao": {
        "count": 10,
        "style_swd": 1.9876318991184234,
        "content_ssim": 0.462433682,
        "classifier_acc": null
      },
      "monet": {
        "count": 10,
        "style_swd": 1.096872016787529,
        "content_ssim": 0.52432165,
        "classifier_acc": null
      },
      "cezanne": {
        "count": 10,
        "style_swd": 1.1976159065961838,
        "content_ssim": 0.5500713599999999,
        "classifier_acc": null
      },
      "vangogh": {
        "count": 10,
        "style_swd": 2.324780547618866,
        "content_ssim": 0.5186048679999999,
        "classifier_acc": null
      }
    },
    "monet": {
      "photo": {
        "count": 10,
        "style_swd": 1.8159661173820496,
        "content_ssim": 0.323238776,
        "classifier_acc": null
      },
      "Hayao": {
        "count": 10,
        "style_swd": 1.9317936450242996,
        "content_ssim": 0.337543102,
        "classifier_acc": null
      },
      "monet": {
        "count": 10,
        "style_swd": 1.016094920039177,
        "content_ssim": 0.379935494,
        "classifier_acc": null
      },
      "cezanne": {
        "count": 10,
        "style_swd": 1.1365971952676772,
        "content_ssim": 0.39078826,
        "classifier_acc": null
      },
      "vangogh": {
        "count": 10,
        "style_swd": 2.2193857371807098,
        "content_ssim": 0.32993399700000003,
        "classifier_acc": null
      }
    },
    "cezanne": {
      "photo": {
        "count": 10,
        "style_swd": 1.788850235939026,
        "content_ssim": 0.368453331,
        "classifier_acc": null
      },
      "Hayao": {
        "count": 10,
        "style_swd": 1.8363168388605118,
        "content_ssim": 0.380475397,
        "classifier_acc": null
      },
      "monet": {
        "count": 10,
        "style_swd": 1.0684464514255523,
        "content_ssim": 0.46021575800000003,
        "classifier_acc": null
      },
      "cezanne": {
        "count": 10,
        "style_swd": 1.134623372554779,
        "content_ssim": 0.48344039600000005,
        "classifier_acc": null
      },
      "vangogh": {
        "count": 10,
        "style_swd": 2.2286814391613006,
        "content_ssim": 0.410621347,
        "classifier_acc": null
      }
    },
    "vangogh": {
      "photo": {
        "count": 10,
        "style_swd": 1.8163455903530121,
        "content_ssim": 0.2808511935,
        "classifier_acc": null
      },
      "Hayao": {
        "count": 10,
        "style_swd": 1.9500914067029953,
        "content_ssim": 0.29814958299999994,
        "classifier_acc": null
      },
      "monet": {
        "count": 10,
        "style_swd": 1.0594371944665908,
        "content_ssim": 0.330847925,
        "classifier_acc": null
      },
      "cezanne": {
        "count": 10,
        "style_swd": 1.0721906691789627,
        "content_ssim": 0.37447614200000007,
        "classifier_acc": null
      },
      "vangogh": {
        "count": 10,
        "style_swd": 2.2071689903736114,
        "content_ssim": 0.303499541,
        "classifier_acc": null
      }
    }
  },
  "analysis": {
    "style_transfer_ability": {
      "style_swd": 1.680147399902344,
      "content_ssim": 0.38406709797499994,
      "classifier_acc": 0.0
    },
    "photo_to_art_performance": {
      "style_swd": 1.7840613827109335,
      "valid": true,
      "classifier_acc": 0.0
    }
  },
  "classification_report": null,
  "detailed_style_metrics": {}
}