src_style,tgt_style,src_image,gen_image,content_lpips,clip_dir,clip_style,clip_content
Early_Renaissance,Early_Renaissance,Early_Renaissance__fra-angelico_saint-cosmas-and-saint-damian-before-lisius-1440.jpg,images/Early_Renaissance_Early_Renaissance__fra-angelico_saint-cosmas-and-saint-damian-before-lisius-1440_to_Early_Renaissance.png,0.41526157,0.0,0.8616316318511963,0.0
Early_Renaissance,Early_Renaissance,Early_Renaissance__domenico-veneziano_not-detected-269819.jpg,images/Early_Renaissance_Early_Renaissance__domenico-veneziano_not-detected-269819_to_Early_Renaissance.png,0.41018033,0.0,0.7810356616973877,0.0
Early_Renaissance,Early_Renaissance,Early_Renaissance__carlo-crivelli_saint-thomas-aquinas-1476.jpg,images/Early_Renaissance_Early_Renaissance__carlo-crivelli_saint-thomas-aquinas-1476_to_Early_Renaissance.png,0.41556662,0.0,0.7538324594497681,0.0
Early_Renaissance,Early_Renaissance,Early_Renaissance__pietro-perugino_giovanni-colombini.jpg,images/Early_Renaissance_Early_Renaissance__pietro-perugino_giovanni-colombini_to_Early_Renaissance.png,0.4695753,0.0,0.7890390157699585,0.0
Early_Renaissance,Impressionism,Early_Renaissance__fra-angelico_saint-cosmas-and-saint-damian-before-lisius-1440.jpg,images/Early_Renaissance_Early_Renaissance__fra-angelico_saint-cosmas-and-saint-damian-before-lisius-1440_to_Impressionism.png,0.42409354,0.0,0.7386057376861572,0.0
Early_Renaissance,Impressionism,Early_Renaissance__domenico-veneziano_not-detected-269819.jpg,images/Early_Renaissance_Early_Renaissance__domenico-veneziano_not-detected-269819_to_Impressionism.png,0.41066146,0.0,0.7573695778846741,0.0
Early_Renaissance,Impressionism,Early_Renaissance__carlo-crivelli_saint-thomas-aquinas-1476.jpg,images/Early_Renaissance_Early_Renaissance__carlo-crivelli_saint-thomas-aquinas-1476_to_Impressionism.png,0.4076048,0.0,0.6281620264053345,0.0
Early_Renaissance,Impressionism,Early_Renaissance__pietro-perugino_giovanni-colombini.jpg,images/Early_Renaissance_Early_Renaissance__pietro-perugino_giovanni-colombini_to_Impressionism.png,0.4754459,0.0,0.7612167596817017,0.0
Early_Renaissance,Minimalism,Early_Renaissance__fra-angelico_saint-cosmas-and-saint-damian-before-lisius-1440.jpg,images/Early_Renaissance_Early_Renaissance__fra-angelico_saint-cosmas-and-saint-damian-before-lisius-1440_to_Minimalism.png,0.5323504,0.0,0.772878885269165,0.0
Early_Renaissance,Minimalism,Early_Renaissance__domenico-veneziano_not-detected-269819.jpg,images/Early_Renaissance_Early_Renaissance__domenico-veneziano_not-detected-269819_to_Minimalism.png,0.51136076,0.0,0.8257036209106445,0.0
Early_Renaissance,Minimalism,Early_Renaissance__carlo-crivelli_saint-thomas-aquinas-1476.jpg,images/Early_Renaissance_Early_Renaissance__carlo-crivelli_saint-thomas-aquinas-1476_to_Minimalism.png,0.4499933,0.0,0.7587077617645264,0.0
Early_Renaissance,Minimalism,Early_Renaissance__pietro-perugino_giovanni-colombini.jpg,images/Early_Renaissance_Early_Renaissance__pietro-perugino_giovanni-colombini_to_Minimalism.png,0.53268194,0.0,0.785263180732727,0.0
Early_Renaissance,Rococo,Early_Renaissance__fra-angelico_saint-cosmas-and-saint-damian-before-lisius-1440.jpg,images/Early_Renaissance_Early_Renaissance__fra-angelico_saint-cosmas-and-saint-damian-before-lisius-1440_to_Rococo.png,0.43978566,0.0,0.7651724219322205,0.0
Early_Renaissance,Rococo,Early_Renaissance__domenico-veneziano_not-detected-269819.jpg,images/Early_Renaissance_Early_Renaissance__domenico-veneziano_not-detected-269819_to_Rococo.png,0.43846643,0.0,0.6684265732765198,0.0
Early_Renaissance,Rococo,Early_Renaissance__carlo-crivelli_saint-thomas-aquinas-1476.jpg,images/Early_Renaissance_Early_Renaissance__carlo-crivelli_saint-thomas-aquinas-1476_to_Rococo.png,0.4412652,0.0,0.6473217010498047,0.0
Early_Renaissance,Rococo,Early_Renaissance__pietro-perugino_giovanni-colombini.jpg,images/Early_Renaissance_Early_Renaissance__pietro-perugino_giovanni-colombini_to_Rococo.png,0.48717785,0.0,0.7007150053977966,0.0
Early_Renaissance,Ukiyo_e,Early_Renaissance__fra-angelico_saint-cosmas-and-saint-damian-before-lisius-1440.jpg,images/Early_Renaissance_Early_Renaissance__fra-angelico_saint-cosmas-and-saint-damian-before-lisius-1440_to_Ukiyo_e.png,0.40971726,0.0,0.711458683013916,0.0
Early_Renaissance,Ukiyo_e,Early_Renaissance__domenico-veneziano_not-detected-269819.jpg,images/Early_Renaissance_Early_Renaissance__domenico-veneziano_not-detected-269819_to_Ukiyo_e.png,0.39876562,0.0,0.7659683227539062,0.0
Early_Renaissance,Ukiyo_e,Early_Renaissance__carlo-crivelli_saint-thomas-aquinas-1476.jpg,images/Early_Renaissance_Early_Renaissance__carlo-crivelli_saint-thomas-aquinas-1476_to_Ukiyo_e.png,0.35455537,0.0,0.6735262870788574,0.0
Early_Renaissance,Ukiyo_e,Early_Renaissance__pietro-perugino_giovanni-colombini.jpg,images/Early_Renaissance_Early_Renaissance__pietro-perugino_giovanni-colombini_to_Ukiyo_e.png,0.43747118,0.0,0.7497766017913818,0.0
Early_Renaissance,Early_Renaissance,Early_Renaissance__leonardo-da-vinci_studies-of-a-bewalking.jpg,images/Early_Renaissance_Early_Renaissance__leonardo-da-vinci_studies-of-a-bewalking_to_Early_Renaissance.png,0.43932286,0.0,0.7384459972381592,0.0
Early_Renaissance,Early_Renaissance,Early_Renaissance__benozzo-gozzoli_madonna-and-child-1485.jpg,images/Early_Renaissance_Early_Renaissance__benozzo-gozzoli_madonna-and-child-1485_to_Early_Renaissance.png,0.41872483,0.0,0.8404655456542969,0.0
Early_Renaissance,Early_Renaissance,Early_Renaissance__bartolome-bermejo_death-of-the-virgin-1462.jpg,images/Early_Renaissance_Early_Renaissance__bartolome-bermejo_death-of-the-virgin-1462_to_Early_Renaissance.png,0.46760255,0.0,0.8069049119949341,0.0
Early_Renaissance,Early_Renaissance,Early_Renaissance__domenico-ghirlandaio_st-stephen-st-jacobo-st-peter.jpg,images/Early_Renaissance_Early_Renaissance__domenico-ghirlandaio_st-stephen-st-jacobo-st-peter_to_Early_Renaissance.png,0.41209316,0.0,0.8451915979385376,0.0
Early_Renaissance,Impressionism,Early_Renaissance__leonardo-da-vinci_studies-of-a-bewalking.jpg,images/Early_Renaissance_Early_Renaissance__leonardo-da-vinci_studies-of-a-bewalking_to_Impressionism.png,0.40884495,0.0,0.7015125751495361,0.0
Early_Renaissance,Impressionism,Early_Renaissance__benozzo-gozzoli_madonna-and-child-1485.jpg,images/Early_Renaissance_Early_Renaissance__benozzo-gozzoli_madonna-and-child-1485_to_Impressionism.png,0.43207234,0.0,0.6803311705589294,0.0
Early_Renaissance,Impressionism,Early_Renaissance__bartolome-bermejo_death-of-the-virgin-1462.jpg,images/Early_Renaissance_Early_Renaissance__bartolome-bermejo_death-of-the-virgin-1462_to_Impressionism.png,0.51399493,0.0,0.7763174772262573,0.0
Early_Renaissance,Impressionism,Early_Renaissance__domenico-ghirlandaio_st-stephen-st-jacobo-st-peter.jpg,images/Early_Renaissance_Early_Renaissance__domenico-ghirlandaio_st-stephen-st-jacobo-st-peter_to_Impressionism.png,0.4200163,0.0,0.6663337349891663,0.0
Early_Renaissance,Minimalism,Early_Renaissance__leonardo-da-vinci_studies-of-a-bewalking.jpg,images/Early_Renaissance_Early_Renaissance__leonardo-da-vinci_studies-of-a-bewalking_to_Minimalism.png,0.47694814,0.0,0.7536859512329102,0.0
Early_Renaissance,Minimalism,Early_Renaissance__benozzo-gozzoli_madonna-and-child-1485.jpg,images/Early_Renaissance_Early_Renaissance__benozzo-gozzoli_madonna-and-child-1485_to_Minimalism.png,0.5069548,0.0,0.6941898465156555,0.0
Early_Renaissance,Minimalism,Early_Renaissance__bartolome-bermejo_death-of-the-virgin-1462.jpg,images/Early_Renaissance_Early_Renaissance__bartolome-bermejo_death-of-the-virgin-1462_to_Minimalism.png,0.5778458,0.0,0.7803805470466614,0.0
Early_Renaissance,Minimalism,Early_Renaissance__domenico-ghirlandaio_st-stephen-st-jacobo-st-peter.jpg,images/Early_Renaissance_Early_Renaissance__domenico-ghirlandaio_st-stephen-st-jacobo-st-peter_to_Minimalism.png,0.5054002,0.0,0.7472242116928101,0.0
Early_Renaissance,Rococo,Early_Renaissance__leonardo-da-vinci_studies-of-a-bewalking.jpg,images/Early_Renaissance_Early_Renaissance__leonardo-da-vinci_studies-of-a-bewalking_to_Rococo.png,0.46025372,0.0,0.6219298839569092,0.0
Early_Renaissance,Rococo,Early_Renaissance__benozzo-gozzoli_madonna-and-child-1485.jpg,images/Early_Renaissance_Early_Renaissance__benozzo-gozzoli_madonna-and-child-1485_to_Rococo.png,0.4366297,0.0,0.6781173944473267,0.0
Early_Renaissance,Rococo,Early_Renaissance__bartolome-bermejo_death-of-the-virgin-1462.jpg,images/Early_Renaissance_Early_Renaissance__bartolome-bermejo_death-of-the-virgin-1462_to_Rococo.png,0.5024714,0.0,0.7650169730186462,0.0
Early_Renaissance,Rococo,Early_Renaissance__domenico-ghirlandaio_st-stephen-st-jacobo-st-peter.jpg,images/Early_Renaissance_Early_Renaissance__domenico-ghirlandaio_st-stephen-st-jacobo-st-peter_to_Rococo.png,0.43261507,0.0,0.7109975218772888,0.0
Early_Renaissance,Ukiyo_e,Early_Renaissance__leonardo-da-vinci_studies-of-a-bewalking.jpg,images/Early_Renaissance_Early_Renaissance__leonardo-da-vinci_studies-of-a-bewalking_to_Ukiyo_e.png,0.3753618,0.0,0.6412301063537598,0.0
Early_Renaissance,Ukiyo_e,Early_Renaissance__benozzo-gozzoli_madonna-and-child-1485.jpg,images/Early_Renaissance_Early_Renaissance__benozzo-gozzoli_madonna-and-child-1485_to_Ukiyo_e.png,0.4209789,0.0,0.6579513549804688,0.0
Early_Renaissance,Ukiyo_e,Early_Renaissance__bartolome-bermejo_death-of-the-virgin-1462.jpg,images/Early_Renaissance_Early_Renaissance__bartolome-bermejo_death-of-the-virgin-1462_to_Ukiyo_e.png,0.49993768,0.0,0.7594122886657715,0.0
Early_Renaissance,Ukiyo_e,Early_Renaissance__domenico-ghirlandaio_st-stephen-st-jacobo-st-peter.jpg,images/Early_Renaissance_Early_Renaissance__domenico-ghirlandaio_st-stephen-st-jacobo-st-peter_to_Ukiyo_e.png,0.40807694,0.0,0.6834230422973633,0.0
Early_Renaissance,Early_Renaissance,Early_Renaissance__domenico-ghirlandaio_st-jerome.jpg,images/Early_Renaissance_Early_Renaissance__domenico-ghirlandaio_st-jerome_to_Early_Renaissance.png,0.39630353,0.0,0.7744795680046082,0.0
Early_Renaissance,Early_Renaissance,Early_Renaissance__filippo-lippi_adoration-of-the-magi-detail-2.jpg,images/Early_Renaissance_Early_Renaissance__filippo-lippi_adoration-of-the-magi-detail-2_to_Early_Renaissance.png,0.4713242,0.0,0.7357249855995178,0.0
Early_Renaissance,Early_Renaissance,Early_Renaissance__carlo-crivelli_piet-1.jpg,images/Early_Renaissance_Early_Renaissance__carlo-crivelli_piet-1_to_Early_Renaissance.png,0.41938454,0.0,0.7814971804618835,0.0
Early_Renaissance,Early_Renaissance,Early_Renaissance__piero-della-francesca_portrait-of-a-boy.jpg,images/Early_Renaissance_Early_Renaissance__piero-della-francesca_portrait-of-a-boy_to_Early_Renaissance.png,0.44054252,0.0,0.6626126170158386,0.0
Early_Renaissance,Impressionism,Early_Renaissance__domenico-ghirlandaio_st-jerome.jpg,images/Early_Renaissance_Early_Renaissance__domenico-ghirlandaio_st-jerome_to_Impressionism.png,0.41123146,0.0,0.633729100227356,0.0
Early_Renaissance,Impressionism,Early_Renaissance__filippo-lippi_adoration-of-the-magi-detail-2.jpg,images/Early_Renaissance_Early_Renaissance__filippo-lippi_adoration-of-the-magi-detail-2_to_Impressionism.png,0.48113346,0.0,0.738796055316925,0.0
Early_Renaissance,Impressionism,Early_Renaissance__carlo-crivelli_piet-1.jpg,images/Early_Renaissance_Early_Renaissance__carlo-crivelli_piet-1_to_Impressionism.png,0.40930635,0.0,0.654457688331604,0.0
Early_Renaissance,Impressionism,Early_Renaissance__piero-della-francesca_portrait-of-a-boy.jpg,images/Early_Renaissance_Early_Renaissance__piero-della-francesca_portrait-of-a-boy_to_Impressionism.png,0.47072622,0.0,0.6758232712745667,0.0
Early_Renaissance,Minimalism,Early_Renaissance__domenico-ghirlandaio_st-jerome.jpg,images/Early_Renaissance_Early_Renaissance__domenico-ghirlandaio_st-jerome_to_Minimalism.png,0.5061532,0.0,0.7437062859535217,0.0
Early_Renaissance,Minimalism,Early_Renaissance__filippo-lippi_adoration-of-the-magi-detail-2.jpg,images/Early_Renaissance_Early_Renaissance__filippo-lippi_adoration-of-the-magi-detail-2_to_Minimalism.png,0.54696023,0.0,0.8672054409980774,0.0
Early_Renaissance,Minimalism,Early_Renaissance__carlo-crivelli_piet-1.jpg,images/Early_Renaissance_Early_Renaissance__carlo-crivelli_piet-1_to_Minimalism.png,0.4014286,0.0,0.7994370460510254,0.0
Early_Renaissance,Minimalism,Early_Renaissance__piero-della-francesca_portrait-of-a-boy.jpg,images/Early_Renaissance_Early_Renaissance__piero-della-francesca_portrait-of-a-boy_to_Minimalism.png,0.5252345,0.0,0.7985906004905701,0.0
Early_Renaissance,Rococo,Early_Renaissance__domenico-ghirlandaio_st-jerome.jpg,images/Early_Renaissance_Early_Renaissance__domenico-ghirlandaio_st-jerome_to_Rococo.png,0.4130243,0.0,0.6804956197738647,0.0
Early_Renaissance,Rococo,Early_Renaissance__filippo-lippi_adoration-of-the-magi-detail-2.jpg,images/Early_Renaissance_Early_Renaissance__filippo-lippi_adoration-of-the-magi-detail-2_to_Rococo.png,0.47114164,0.0,0.691338300704956,0.0
Early_Renaissance,Rococo,Early_Renaissance__carlo-crivelli_piet-1.jpg,images/Early_Renaissance_Early_Renaissance__carlo-crivelli_piet-1_to_Rococo.png,0.44577494,0.0,0.7136111259460449,0.0
Early_Renaissance,Rococo,Early_Renaissance__piero-della-francesca_portrait-of-a-boy.jpg,images/Early_Renaissance_Early_Renaissance__piero-della-francesca_portrait-of-a-boy_to_Rococo.png,0.45455492,0.0,0.7022881507873535,0.0
Early_Renaissance,Ukiyo_e,Early_Renaissance__domenico-ghirlandaio_st-jerome.jpg,images/Early_Renaissance_Early_Renaissance__domenico-ghirlandaio_st-jerome_to_Ukiyo_e.png,0.41064245,0.0,0.7190331220626831,0.0
Early_Renaissance,Ukiyo_e,Early_Renaissance__filippo-lippi_adoration-of-the-magi-detail-2.jpg,images/Early_Renaissance_Early_Renaissance__filippo-lippi_adoration-of-the-magi-detail-2_to_Ukiyo_e.png,0.4784575,0.0,0.700410008430481,0.0
Early_Renaissance,Ukiyo_e,Early_Renaissance__carlo-crivelli_piet-1.jpg,images/Early_Renaissance_Early_Renaissance__carlo-crivelli_piet-1_to_Ukiyo_e.png,0.34252608,0.0,0.7314971685409546,0.0
Early_Renaissance,Ukiyo_e,Early_Renaissance__piero-della-francesca_portrait-of-a-boy.jpg,images/Early_Renaissance_Early_Renaissance__piero-della-francesca_portrait-of-a-boy_to_Ukiyo_e.png,0.48667288,0.0,0.6785159111022949,0.0
Early_Renaissance,Early_Renaissance,Early_Renaissance__sandro-botticelli_trinity(1).jpg,images/Early_Renaissance_Early_Renaissance__sandro-botticelli_trinity(1)_to_Early_Renaissance.png,0.43200392,0.0,0.8411200046539307,0.0
Early_Renaissance,Early_Renaissance,Early_Renaissance__jacopo-bellini_view-of-a-fortification-of-jerusalem(1).jpg,images/Early_Renaissance_Early_Renaissance__jacopo-bellini_view-of-a-fortification-of-jerusalem(1)_to_Early_Renaissance.png,0.36583877,0.0,0.7635965347290039,0.0
Early_Renaissance,Early_Renaissance,Early_Renaissance__filippo-lippi_confirmation-of-the-carmelite-rule.jpg,images/Early_Renaissance_Early_Renaissance__filippo-lippi_confirmation-of-the-carmelite-rule_to_Early_Renaissance.png,0.42625985,0.0,0.8359277844429016,0.0
Early_Renaissance,Early_Renaissance,Early_Renaissance__pisanello_stork-1430.jpg,images/Early_Renaissance_Early_Renaissance__pisanello_stork-1430_to_Early_Renaissance.png,0.39685965,0.0,0.7007843255996704,0.0
Early_Renaissance,Impressionism,Early_Renaissance__sandro-botticelli_trinity(1).jpg,images/Early_Renaissance_Early_Renaissance__sandro-botticelli_trinity(1)_to_Impressionism.png,0.4507181,0.0,0.7488696575164795,0.0
Early_Renaissance,Impressionism,Early_Renaissance__jacopo-bellini_view-of-a-fortification-of-jerusalem(1).jpg,images/Early_Renaissance_Early_Renaissance__jacopo-bellini_view-of-a-fortification-of-jerusalem(1)_to_Impressionism.png,0.34406477,0.0,0.7781772017478943,0.0
Early_Renaissance,Impressionism,Early_Renaissance__filippo-lippi_confirmation-of-the-carmelite-rule.jpg,images/Early_Renaissance_Early_Renaissance__filippo-lippi_confirmation-of-the-carmelite-rule_to_Impressionism.png,0.42771542,0.0,0.7662578821182251,0.0
Early_Renaissance,Impressionism,Early_Renaissance__pisanello_stork-1430.jpg,images/Early_Renaissance_Early_Renaissance__pisanello_stork-1430_to_Impressionism.png,0.3790089,0.0,0.6704909801483154,0.0
Early_Renaissance,Minimalism,Early_Renaissance__sandro-botticelli_trinity(1).jpg,images/Early_Renaissance_Early_Renaissance__sandro-botticelli_trinity(1)_to_Minimalism.png,0.538733,0.0,0.8019541501998901,0.0
Early_Renaissance,Minimalism,Early_Renaissance__jacopo-bellini_view-of-a-fortification-of-jerusalem(1).jpg,images/Early_Renaissance_Early_Renaissance__jacopo-bellini_view-of-a-fortification-of-jerusalem(1)_to_Minimalism.png,0.39728382,0.0,0.8690481185913086,0.0
Early_Renaissance,Minimalism,Early_Renaissance__filippo-lippi_confirmation-of-the-carmelite-rule.jpg,images/Early_Renaissance_Early_Renaissance__filippo-lippi_confirmation-of-the-carmelite-rule_to_Minimalism.png,0.5246298,0.0,0.8442014455795288,0.0
Early_Renaissance,Minimalism,Early_Renaissance__pisanello_stork-1430.jpg,images/Early_Renaissance_Early_Renaissance__pisanello_stork-1430_to_Minimalism.png,0.42866087,0.0,0.6846676468849182,0.0
Early_Renaissance,Rococo,Early_Renaissance__sandro-botticelli_trinity(1).jpg,images/Early_Renaissance_Early_Renaissance__sandro-botticelli_trinity(1)_to_Rococo.png,0.45123813,0.0,0.7087515592575073,0.0
Early_Renaissance,Rococo,Early_Renaissance__jacopo-bellini_view-of-a-fortification-of-jerusalem(1).jpg,images/Early_Renaissance_Early_Renaissance__jacopo-bellini_view-of-a-fortification-of-jerusalem(1)_to_Rococo.png,0.3793051,0.0,0.6956101059913635,0.0
Early_Renaissance,Rococo,Early_Renaissance__filippo-lippi_confirmation-of-the-carmelite-rule.jpg,images/Early_Renaissance_Early_Renaissance__filippo-lippi_confirmation-of-the-carmelite-rule_to_Rococo.png,0.4562142,0.0,0.7126542329788208,0.0
Early_Renaissance,Rococo,Early_Renaissance__pisanello_stork-1430.jpg,images/Early_Renaissance_Early_Renaissance__pisanello_stork-1430_to_Rococo.png,0.42749238,0.0,0.6558230519294739,0.0
Early_Renaissance,Ukiyo_e,Early_Renaissance__sandro-botticelli_trinity(1).jpg,images/Early_Renaissance_Early_Renaissance__sandro-botticelli_trinity(1)_to_Ukiyo_e.png,0.44467175,0.0,0.6672555208206177,0.0
Early_Renaissance,Ukiyo_e,Early_Renaissance__jacopo-bellini_view-of-a-fortification-of-jerusalem(1).jpg,images/Early_Renaissance_Early_Renaissance__jacopo-bellini_view-of-a-fortification-of-jerusalem(1)_to_Ukiyo_e.png,0.32819727,0.0,0.701740026473999,0.0
Early_Renaissance,Ukiyo_e,Early_Renaissance__filippo-lippi_confirmation-of-the-carmelite-rule.jpg,images/Early_Renaissance_Early_Renaissance__filippo-lippi_confirmation-of-the-carmelite-rule_to_Ukiyo_e.png,0.41468054,0.0,0.7569582462310791,0.0
Early_Renaissance,Ukiyo_e,Early_Renaissance__pisanello_stork-1430.jpg,images/Early_Renaissance_Early_Renaissance__pisanello_stork-1430_to_Ukiyo_e.png,0.33454296,0.0,0.6443593502044678,0.0
Early_Renaissance,Early_Renaissance,Early_Renaissance__andrea-mantegna_maria-with-the-sleeping-child-1455.jpg,images/Early_Renaissance_Early_Renaissance__andrea-mantegna_maria-with-the-sleeping-child-1455_to_Early_Renaissance.png,0.42960492,0.0,0.8053222894668579,0.0
Early_Renaissance,Early_Renaissance,Early_Renaissance__domenico-ghirlandaio_the-nativity-1.jpg,images/Early_Renaissance_Early_Renaissance__domenico-ghirlandaio_the-nativity-1_to_Early_Renaissance.png,0.3882445,0.0,0.897315263748169,0.0
Early_Renaissance,Early_Renaissance,Early_Renaissance__fra-angelico_coronation-of-the-virgin-detail-1435-1.jpg,images/Early_Renaissance_Early_Renaissance__fra-angelico_coronation-of-the-virgin-detail-1435-1_to_Early_Renaissance.png,0.39762044,0.0,0.7715538144111633,0.0
Early_Renaissance,Early_Renaissance,Early_Renaissance__andrea-mantegna_scenes-from-the-life-of-st-james-1448-2.jpg,images/Early_Renaissance_Early_Renaissance__andrea-mantegna_scenes-from-the-life-of-st-james-1448-2_to_Early_Renaissance.png,0.3952755,0.0,0.7809360027313232,0.0
Early_Renaissance,Impressionism,Early_Renaissance__andrea-mantegna_maria-with-the-sleeping-child-1455.jpg,images/Early_Renaissance_Early_Renaissance__andrea-mantegna_maria-with-the-sleeping-child-1455_to_Impressionism.png,0.46427697,0.0,0.6378234624862671,0.0
Early_Renaissance,Impressionism,Early_Renaissance__domenico-ghirlandaio_the-nativity-1.jpg,images/Early_Renaissance_Early_Renaissance__domenico-ghirlandaio_the-nativity-1_to_Impressionism.png,0.4032517,0.0,0.7028545141220093,0.0
Early_Renaissance,Impressionism,Early_Renaissance__fra-angelico_coronation-of-the-virgin-detail-1435-1.jpg,images/Early_Renaissance_Early_Renaissance__fra-angelico_coronation-of-the-virgin-detail-1435-1_to_Impressionism.png,0.40002698,0.0,0.7585325837135315,0.0
Early_Renaissance,Impressionism,Early_Renaissance__andrea-mantegna_scenes-from-the-life-of-st-james-1448-2.jpg,images/Early_Renaissance_Early_Renaissance__andrea-mantegna_scenes-from-the-life-of-st-james-1448-2_to_Impressionism.png,0.40914232,0.0,0.772526741027832,0.0
Early_Renaissance,Minimalism,Early_Renaissance__andrea-mantegna_maria-with-the-sleeping-child-1455.jpg,images/Early_Renaissance_Early_Renaissance__andrea-mantegna_maria-with-the-sleeping-child-1455_to_Minimalism.png,0.56123215,0.0,0.6541092991828918,0.0
Early_Renaissance,Minimalism,Early_Renaissance__domenico-ghirlandaio_the-nativity-1.jpg,images/Early_Renaissance_Early_Renaissance__domenico-ghirlandaio_the-nativity-1_to_Minimalism.png,0.5202447,0.0,0.8132280111312866,0.0
Early_Renaissance,Minimalism,Early_Renaissance__fra-angelico_coronation-of-the-virgin-detail-1435-1.jpg,images/Early_Renaissance_Early_Renaissance__fra-angelico_coronation-of-the-virgin-detail-1435-1_to_Minimalism.png,0.5005748,0.0,0.7798546552658081,0.0
Early_Renaissance,Minimalism,Early_Renaissance__andrea-mantegna_scenes-from-the-life-of-st-james-1448-2.jpg,images/Early_Renaissance_Early_Renaissance__andrea-mantegna_scenes-from-the-life-of-st-james-1448-2_to_Minimalism.png,0.523382,0.0,0.7652557492256165,0.0
Early_Renaissance,Rococo,Early_Renaissance__andrea-mantegna_maria-with-the-sleeping-child-1455.jpg,images/Early_Renaissance_Early_Renaissance__andrea-mantegna_maria-with-the-sleeping-child-1455_to_Rococo.png,0.45111525,0.0,0.7012431025505066,0.0
Early_Renaissance,Rococo,Early_Renaissance__domenico-ghirlandaio_the-nativity-1.jpg,images/Early_Renaissance_Early_Renaissance__domenico-ghirlandaio_the-nativity-1_to_Rococo.png,0.41588888,0.0,0.7374477386474609,0.0
Early_Renaissance,Rococo,Early_Renaissance__fra-angelico_coronation-of-the-virgin-detail-1435-1.jpg,images/Early_Renaissance_Early_Renaissance__fra-angelico_coronation-of-the-virgin-detail-1435-1_to_Rococo.png,0.42329767,0.0,0.6673062443733215,0.0
Early_Renaissance,Rococo,Early_Renaissance__andrea-mantegna_scenes-from-the-life-of-st-james-1448-2.jpg,images/Early_Renaissance_Early_Renaissance__andrea-mantegna_scenes-from-the-life-of-st-james-1448-2_to_Rococo.png,0.4234709,0.0,0.7331732511520386,0.0
Early_Renaissance,Ukiyo_e,Early_Renaissance__andrea-mantegna_maria-with-the-sleeping-child-1455.jpg,images/Early_Renaissance_Early_Renaissance__andrea-mantegna_maria-with-the-sleeping-child-1455_to_Ukiyo_e.png,0.46206188,0.0,0.6155101656913757,0.0
Early_Renaissance,Ukiyo_e,Early_Renaissance__domenico-ghirlandaio_the-nativity-1.jpg,images/Early_Renaissance_Early_Renaissance__domenico-ghirlandaio_the-nativity-1_to_Ukiyo_e.png,0.4093061,0.0,0.7080751061439514,0.0
Early_Renaissance,Ukiyo_e,Early_Renaissance__fra-angelico_coronation-of-the-virgin-detail-1435-1.jpg,images/Early_Renaissance_Early_Renaissance__fra-angelico_coronation-of-the-virgin-detail-1435-1_to_Ukiyo_e.png,0.3848258,0.0,0.7149566411972046,0.0
Early_Renaissance,Ukiyo_e,Early_Renaissance__andrea-mantegna_scenes-from-the-life-of-st-james-1448-2.jpg,images/Early_Renaissance_Early_Renaissance__andrea-mantegna_scenes-from-the-life-of-st-james-1448-2_to_Ukiyo_e.png,0.3877469,0.0,0.6938669085502625,0.0
Early_Renaissance,Early_Renaissance,Early_Renaissance__fra-angelico_bosco-ai-frati-altarpiece.jpg,images/Early_Renaissance_Early_Renaissance__fra-angelico_bosco-ai-frati-altarpiece_to_Early_Renaissance.png,0.41314837,0.0,0.8914535641670227,0.0
Early_Renaissance,Early_Renaissance,Early_Renaissance__sandro-botticelli_inferno-canto-xviii-1480(1).jpg,images/Early_Renaissance_Early_Renaissance__sandro-botticelli_inferno-canto-xviii-1480(1)_to_Early_Renaissance.png,0.4806143,0.0,0.7477593421936035,0.0
Early_Renaissance,Early_Renaissance,Early_Renaissance__antonello-da-messina_painter-self-portrait.jpg,images/Early_Renaissance_Early_Renaissance__antonello-da-messina_painter-self-portrait_to_Early_Renaissance.png,0.41769135,0.0,0.7538127899169922,0.0
Early_Renaissance,Early_Renaissance,Early_Renaissance__paolo-uccello_scene-adoration-of-the-three-kings-1440.jpg,images/Early_Renaissance_Early_Renaissance__paolo-uccello_scene-adoration-of-the-three-kings-1440_to_Early_Renaissance.png,0.42709842,0.0,0.7225955724716187,0.0
Early_Renaissance,Impressionism,Early_Renaissance__fra-angelico_bosco-ai-frati-altarpiece.jpg,images/Early_Renaissance_Early_Renaissance__fra-angelico_bosco-ai-frati-altarpiece_to_Impressionism.png,0.4257567,0.0,0.7228966355323792,0.0
Early_Renaissance,Impressionism,Early_Renaissance__sandro-botticelli_inferno-canto-xviii-1480(1).jpg,images/Early_Renaissance_Early_Renaissance__sandro-botticelli_inferno-canto-xviii-1480(1)_to_Impressionism.png,0.49277756,0.0,0.7878300547599792,0.0
Early_Renaissance,Impressionism,Early_Renaissance__antonello-da-messina_painter-self-portrait.jpg,images/Early_Renaissance_Early_Renaissance__antonello-da-messina_painter-self-portrait_to_Impressionism.png,0.41788122,0.0,0.657324492931366,0.0
Early_Renaissance,Impressionism,Early_Renaissance__paolo-uccello_scene-adoration-of-the-three-kings-1440.jpg,images/Early_Renaissance_Early_Renaissance__paolo-uccello_scene-adoration-of-the-three-kings-1440_to_Impressionism.png,0.4186142,0.0,0.7221480011940002,0.0
Early_Renaissance,Minimalism,Early_Renaissance__fra-angelico_bosco-ai-frati-altarpiece.jpg,images/Early_Renaissance_Early_Renaissance__fra-angelico_bosco-ai-frati-altarpiece_to_Minimalism.png,0.5235957,0.0,0.7604355216026306,0.0
Early_Renaissance,Minimalism,Early_Renaissance__sandro-botticelli_inferno-canto-xviii-1480(1).jpg,images/Early_Renaissance_Early_Renaissance__sandro-botticelli_inferno-canto-xviii-1480(1)_to_Minimalism.png,0.5831665,0.0,0.8860959410667419,0.0
Early_Renaissance,Minimalism,Early_Renaissance__antonello-da-messina_painter-self-portrait.jpg,images/Early_Renaissance_Early_Renaissance__antonello-da-messina_painter-self-portrait_to_Minimalism.png,0.4659271,0.0,0.7702705264091492,0.0
Early_Renaissance,Minimalism,Early_Renaissance__paolo-uccello_scene-adoration-of-the-three-kings-1440.jpg,images/Early_Renaissance_Early_Renaissance__paolo-uccello_scene-adoration-of-the-three-kings-1440_to_Minimalism.png,0.48370618,0.0,0.8461754322052002,0.0
Early_Renaissance,Rococo,Early_Renaissance__fra-angelico_bosco-ai-frati-altarpiece.jpg,images/Early_Renaissance_Early_Renaissance__fra-angelico_bosco-ai-frati-altarpiece_to_Rococo.png,0.4386671,0.0,0.734363317489624,0.0
Early_Renaissance,Rococo,Early_Renaissance__sandro-botticelli_inferno-canto-xviii-1480(1).jpg,images/Early_Renaissance_Early_Renaissance__sandro-botticelli_inferno-canto-xviii-1480(1)_to_Rococo.png,0.5144416,0.0,0.6521832942962646,0.0
Early_Renaissance,Rococo,Early_Renaissance__antonello-da-messina_painter-self-portrait.jpg,images/Early_Renaissance_Early_Renaissance__antonello-da-messina_painter-self-portrait_to_Rococo.png,0.44737,0.0,0.748142421245575,0.0
Early_Renaissance,Rococo,Early_Renaissance__paolo-uccello_scene-adoration-of-the-three-kings-1440.jpg,images/Early_Renaissance_Early_Renaissance__paolo-uccello_scene-adoration-of-the-three-kings-1440_to_Rococo.png,0.44448256,0.0,0.6306246519088745,0.0
Early_Renaissance,Ukiyo_e,Early_Renaissance__fra-angelico_bosco-ai-frati-altarpiece.jpg,images/Early_Renaissance_Early_Renaissance__fra-angelico_bosco-ai-frati-altarpiece_to_Ukiyo_e.png,0.38990867,0.0,0.7385760545730591,0.0
Early_Renaissance,Ukiyo_e,Early_Renaissance__sandro-botticelli_inferno-canto-xviii-1480(1).jpg,images/Early_Renaissance_Early_Renaissance__sandro-botticelli_inferno-canto-xviii-1480(1)_to_Ukiyo_e.png,0.47441593,0.0,0.7309964299201965,0.0
Early_Renaissance,Ukiyo_e,Early_Renaissance__antonello-da-messina_painter-self-portrait.jpg,images/Early_Renaissance_Early_Renaissance__antonello-da-messina_painter-self-portrait_to_Ukiyo_e.png,0.35980454,0.0,0.6800318360328674,0.0
Early_Renaissance,Ukiyo_e,Early_Renaissance__paolo-uccello_scene-adoration-of-the-three-kings-1440.jpg,images/Early_Renaissance_Early_Renaissance__paolo-uccello_scene-adoration-of-the-three-kings-1440_to_Ukiyo_e.png,0.39844882,0.0,0.6769663095474243,0.0
Early_Renaissance,Early_Renaissance,Early_Renaissance__benozzo-gozzoli_procession-of-the-magus-caspar-detail-1461-4.jpg,images/Early_Renaissance_Early_Renaissance__benozzo-gozzoli_procession-of-the-magus-caspar-detail-1461-4_to_Early_Renaissance.png,0.4468344,0.0,0.779512882232666,0.0
Early_Renaissance,Early_Renaissance,Early_Renaissance__benozzo-gozzoli_the-school-of-tagaste-1465-1.jpg,images/Early_Renaissance_Early_Renaissance__benozzo-gozzoli_the-school-of-tagaste-1465-1_to_Early_Renaissance.png,0.42193282,0.0,0.828925609588623,0.0
Early_Renaissance,Early_Renaissance,Early_Renaissance__leonardo-da-vinci_study-of-the-effect-of-light-on-a-profile-head-facsimile.jpg,images/Early_Renaissance_Early_Renaissance__leonardo-da-vinci_study-of-the-effect-of-light-on-a-profile-head-facsimile_to_Early_Renaissance.png,0.35197738,0.0,0.7738974094390869,0.0
Early_Renaissance,Early_Renaissance,Early_Renaissance__andrea-mantegna_adoration-of-the-magi-central-panel-from-the-altarpiece.jpg,images/Early_Renaissance_Early_Renaissance__andrea-mantegna_adoration-of-the-magi-central-panel-from-the-altarpiece_to_Early_Renaissance.png,0.44478422,0.0,0.794022798538208,0.0
Early_Renaissance,Impressionism,Early_Renaissance__benozzo-gozzoli_procession-of-the-magus-caspar-detail-1461-4.jpg,images/Early_Renaissance_Early_Renaissance__benozzo-gozzoli_procession-of-the-magus-caspar-detail-1461-4_to_Impressionism.png,0.4643523,0.0,0.6826099157333374,0.0
Early_Renaissance,Impressionism,Early_Renaissance__benozzo-gozzoli_the-school-of-tagaste-1465-1.jpg,images/Early_Renaissance_Early_Renaissance__benozzo-gozzoli_the-school-of-tagaste-1465-1_to_Impressionism.png,0.4371038,0.0,0.7255640029907227,0.0
Early_Renaissance,Impressionism,Early_Renaissance__leonardo-da-vinci_study-of-the-effect-of-light-on-a-profile-head-facsimile.jpg,images/Early_Renaissance_Early_Renaissance__leonardo-da-vinci_study-of-the-effect-of-light-on-a-profile-head-facsimile_to_Impressionism.png,0.3368578,0.0,0.6118131279945374,0.0
Early_Renaissance,Impressionism,Early_Renaissance__andrea-mantegna_adoration-of-the-magi-central-panel-from-the-altarpiece.jpg,images/Early_Renaissance_Early_Renaissance__andrea-mantegna_adoration-of-the-magi-central-panel-from-the-altarpiece_to_Impressionism.png,0.45746645,0.0,0.806377112865448,0.0
Early_Renaissance,Minimalism,Early_Renaissance__benozzo-gozzoli_procession-of-the-magus-caspar-detail-1461-4.jpg,images/Early_Renaissance_Early_Renaissance__benozzo-gozzoli_procession-of-the-magus-caspar-detail-1461-4_to_Minimalism.png,0.57651263,0.0,0.7033167481422424,0.0
Early_Renaissance,Minimalism,Early_Renaissance__benozzo-gozzoli_the-school-of-tagaste-1465-1.jpg,images/Early_Renaissance_Early_Renaissance__benozzo-gozzoli_the-school-of-tagaste-1465-1_to_Minimalism.png,0.5364742,0.0,0.7805768847465515,0.0
Early_Renaissance,Minimalism,Early_Renaissance__leonardo-da-vinci_study-of-the-effect-of-light-on-a-profile-head-facsimile.jpg,images/Early_Renaissance_Early_Renaissance__leonardo-da-vinci_study-of-the-effect-of-light-on-a-profile-head-facsimile_to_Minimalism.png,0.40118963,0.0,0.8075672388076782,0.0
Early_Renaissance,Minimalism,Early_Renaissance__andrea-mantegna_adoration-of-the-magi-central-panel-from-the-altarpiece.jpg,images/Early_Renaissance_Early_Renaissance__andrea-mantegna_adoration-of-the-magi-central-panel-from-the-altarpiece_to_Minimalism.png,0.5320485,0.0,0.8318851590156555,0.0
Early_Renaissance,Rococo,Early_Renaissance__benozzo-gozzoli_procession-of-the-magus-caspar-detail-1461-4.jpg,images/Early_Renaissance_Early_Renaissance__benozzo-gozzoli_procession-of-the-magus-caspar-detail-1461-4_to_Rococo.png,0.4835159,0.0,0.7149487733840942,0.0
Early_Renaissance,Rococo,Early_Renaissance__benozzo-gozzoli_the-school-of-tagaste-1465-1.jpg,images/Early_Renaissance_Early_Renaissance__benozzo-gozzoli_the-school-of-tagaste-1465-1_to_Rococo.png,0.45776504,0.0,0.7332353591918945,0.0
Early_Renaissance,Rococo,Early_Renaissance__leonardo-da-vinci_study-of-the-effect-of-light-on-a-profile-head-facsimile.jpg,images/Early_Renaissance_Early_Renaissance__leonardo-da-vinci_study-of-the-effect-of-light-on-a-profile-head-facsimile_to_Rococo.png,0.39236218,0.0,0.6615374088287354,0.0
Early_Renaissance,Rococo,Early_Renaissance__andrea-mantegna_adoration-of-the-magi-central-panel-from-the-altarpiece.jpg,images/Early_Renaissance_Early_Renaissance__andrea-mantegna_adoration-of-the-magi-central-panel-from-the-altarpiece_to_Rococo.png,0.45803094,0.0,0.7516482472419739,0.0
Early_Renaissance,Ukiyo_e,Early_Renaissance__benozzo-gozzoli_procession-of-the-magus-caspar-detail-1461-4.jpg,images/Early_Renaissance_Early_Renaissance__benozzo-gozzoli_procession-of-the-magus-caspar-detail-1461-4_to_Ukiyo_e.png,0.45582807,0.0,0.6736558079719543,0.0
Early_Renaissance,Ukiyo_e,Early_Renaissance__benozzo-gozzoli_the-school-of-tagaste-1465-1.jpg,images/Early_Renaissance_Early_Renaissance__benozzo-gozzoli_the-school-of-tagaste-1465-1_to_Ukiyo_e.png,0.41053718,0.0,0.7526829242706299,0.0
Early_Renaissance,Ukiyo_e,Early_Renaissance__leonardo-da-vinci_study-of-the-effect-of-light-on-a-profile-head-facsimile.jpg,images/Early_Renaissance_Early_Renaissance__leonardo-da-vinci_study-of-the-effect-of-light-on-a-profile-head-facsimile_to_Ukiyo_e.png,0.2741472,0.0,0.6982412338256836,0.0
Early_Renaissance,Ukiyo_e,Early_Renaissance__andrea-mantegna_adoration-of-the-magi-central-panel-from-the-altarpiece.jpg,images/Early_Renaissance_Early_Renaissance__andrea-mantegna_adoration-of-the-magi-central-panel-from-the-altarpiece_to_Ukiyo_e.png,0.4582128,0.0,0.7654065489768982,0.0
Early_Renaissance,Early_Renaissance,Early_Renaissance__andrea-mantegna_the-circumcision-of-christ-1464.jpg,images/Early_Renaissance_Early_Renaissance__andrea-mantegna_the-circumcision-of-christ-1464_to_Early_Renaissance.png,0.41691965,0.0,0.820114016532898,0.0
Early_Renaissance,Early_Renaissance,Early_Renaissance__giovanni-bellini_virgin-and-child-1488.jpg,images/Early_Renaissance_Early_Renaissance__giovanni-bellini_virgin-and-child-1488_to_Early_Renaissance.png,0.4160501,0.0,0.7574225068092346,0.0
Impressionism,Early_Renaissance,Impressionism__john-singer-sargent_lake-in-the-tyrol.jpg,images/Impressionism_Impressionism__john-singer-sargent_lake-in-the-tyrol_to_Early_Renaissance.png,0.4308558,0.0,0.6161633133888245,0.0
Impressionism,Early_Renaissance,Impressionism__eugene-boudin_laundresses-on-the-banks-of-the-touques-9.jpg,images/Impressionism_Impressionism__eugene-boudin_laundresses-on-the-banks-of-the-touques-9_to_Early_Renaissance.png,0.45663536,0.0,0.7081290483474731,0.0
Early_Renaissance,Impressionism,Early_Renaissance__andrea-mantegna_the-circumcision-of-christ-1464.jpg,images/Early_Renaissance_Early_Renaissance__andrea-mantegna_the-circumcision-of-christ-1464_to_Impressionism.png,0.4407712,0.0,0.808570146560669,0.0
Early_Renaissance,Impressionism,Early_Renaissance__giovanni-bellini_virgin-and-child-1488.jpg,images/Early_Renaissance_Early_Renaissance__giovanni-bellini_virgin-and-child-1488_to_Impressionism.png,0.45893392,0.0,0.6730676889419556,0.0
Impressionism,Impressionism,Impressionism__john-singer-sargent_lake-in-the-tyrol.jpg,images/Impressionism_Impressionism__john-singer-sargent_lake-in-the-tyrol_to_Impressionism.png,0.4197339,0.0,0.8221573233604431,0.0
Impressionism,Impressionism,Impressionism__eugene-boudin_laundresses-on-the-banks-of-the-touques-9.jpg,images/Impressionism_Impressionism__eugene-boudin_laundresses-on-the-banks-of-the-touques-9_to_Impressionism.png,0.46857172,0.0,0.870712161064148,0.0
Early_Renaissance,Minimalism,Early_Renaissance__andrea-mantegna_the-circumcision-of-christ-1464.jpg,images/Early_Renaissance_Early_Renaissance__andrea-mantegna_the-circumcision-of-christ-1464_to_Minimalism.png,0.5177964,0.0,0.7966940402984619,0.0
Early_Renaissance,Minimalism,Early_Renaissance__giovanni-bellini_virgin-and-child-1488.jpg,images/Early_Renaissance_Early_Renaissance__giovanni-bellini_virgin-and-child-1488_to_Minimalism.png,0.5394909,0.0,0.7185515761375427,0.0
Impressionism,Minimalism,Impressionism__john-singer-sargent_lake-in-the-tyrol.jpg,images/Impressionism_Impressionism__john-singer-sargent_lake-in-the-tyrol_to_Minimalism.png,0.47651237,0.0,0.7919362783432007,0.0
Impressionism,Minimalism,Impressionism__eugene-boudin_laundresses-on-the-banks-of-the-touques-9.jpg,images/Impressionism_Impressionism__eugene-boudin_laundresses-on-the-banks-of-the-touques-9_to_Minimalism.png,0.5665138,0.0,0.7525050640106201,0.0
Early_Renaissance,Rococo,Early_Renaissance__andrea-mantegna_the-circumcision-of-christ-1464.jpg,images/Early_Renaissance_Early_Renaissance__andrea-mantegna_the-circumcision-of-christ-1464_to_Rococo.png,0.44682318,0.0,0.7146288752555847,0.0
Early_Renaissance,Rococo,Early_Renaissance__giovanni-bellini_virgin-and-child-1488.jpg,images/Early_Renaissance_Early_Renaissance__giovanni-bellini_virgin-and-child-1488_to_Rococo.png,0.4413821,0.0,0.6745889782905579,0.0
Impressionism,Rococo,Impressionism__john-singer-sargent_lake-in-the-tyrol.jpg,images/Impressionism_Impressionism__john-singer-sargent_lake-in-the-tyrol_to_Rococo.png,0.44603354,0.0,0.5872218608856201,0.0
Impressionism,Rococo,Impressionism__eugene-boudin_laundresses-on-the-banks-of-the-touques-9.jpg,images/Impressionism_Impressionism__eugene-boudin_laundresses-on-the-banks-of-the-touques-9_to_Rococo.png,0.47993827,0.0,0.7150976061820984,0.0
Early_Renaissance,Ukiyo_e,Early_Renaissance__andrea-mantegna_the-circumcision-of-christ-1464.jpg,images/Early_Renaissance_Early_Renaissance__andrea-mantegna_the-circumcision-of-christ-1464_to_Ukiyo_e.png,0.40600562,0.0,0.7040267586708069,0.0
Early_Renaissance,Ukiyo_e,Early_Renaissance__giovanni-bellini_virgin-and-child-1488.jpg,images/Early_Renaissance_Early_Renaissance__giovanni-bellini_virgin-and-child-1488_to_Ukiyo_e.png,0.4543699,0.0,0.6897623538970947,0.0
Impressionism,Ukiyo_e,Impressionism__john-singer-sargent_lake-in-the-tyrol.jpg,images/Impressionism_Impressionism__john-singer-sargent_lake-in-the-tyrol_to_Ukiyo_e.png,0.3988084,0.0,0.6864631175994873,0.0
Impressionism,Ukiyo_e,Impressionism__eugene-boudin_laundresses-on-the-banks-of-the-touques-9.jpg,images/Impressionism_Impressionism__eugene-boudin_laundresses-on-the-banks-of-the-touques-9_to_Ukiyo_e.png,0.44539022,0.0,0.7300967574119568,0.0
Impressionism,Early_Renaissance,Impressionism__claude-monet_rouen-cathedral-the-portal-at-midday.jpg,images/Impressionism_Impressionism__claude-monet_rouen-cathedral-the-portal-at-midday_to_Early_Renaissance.png,0.46607995,0.0,0.7023812532424927,0.0
Impressionism,Early_Renaissance,Impressionism__stefan-dimitrescu_cabaret.jpg,images/Impressionism_Impressionism__stefan-dimitrescu_cabaret_to_Early_Renaissance.png,0.48108858,0.0,0.658937394618988,0.0
Impressionism,Early_Renaissance,Impressionism__nicolae-vermont_rotterdam-port-1928.jpg,images/Impressionism_Impressionism__nicolae-vermont_rotterdam-port-1928_to_Early_Renaissance.png,0.45566988,0.0,0.6267200112342834,0.0
Impressionism,Early_Renaissance,Impressionism__childe-hassam_evening-champs-elysees-aka-pres-du-louvre.jpg,images/Impressionism_Impressionism__childe-hassam_evening-champs-elysees-aka-pres-du-louvre_to_Early_Renaissance.png,0.45611653,0.0,0.6700478792190552,0.0
Impressionism,Impressionism,Impressionism__claude-monet_rouen-cathedral-the-portal-at-midday.jpg,images/Impressionism_Impressionism__claude-monet_rouen-cathedral-the-portal-at-midday_to_Impressionism.png,0.4640431,0.0,0.7441558241844177,0.0
Impressionism,Impressionism,Impressionism__stefan-dimitrescu_cabaret.jpg,images/Impressionism_Impressionism__stefan-dimitrescu_cabaret_to_Impressionism.png,0.49111852,0.0,0.771788477897644,0.0
Impressionism,Impressionism,Impressionism__nicolae-vermont_rotterdam-port-1928.jpg,images/Impressionism_Impressionism__nicolae-vermont_rotterdam-port-1928_to_Impressionism.png,0.4413017,0.0,0.8718529343605042,0.0
Impressionism,Impressionism,Impressionism__childe-hassam_evening-champs-elysees-aka-pres-du-louvre.jpg,images/Impressionism_Impressionism__childe-hassam_evening-champs-elysees-aka-pres-du-louvre_to_Impressionism.png,0.47042477,0.0,0.8611922860145569,0.0
Impressionism,Minimalism,Impressionism__claude-monet_rouen-cathedral-the-portal-at-midday.jpg,images/Impressionism_Impressionism__claude-monet_rouen-cathedral-the-portal-at-midday_to_Minimalism.png,0.58038735,0.0,0.8896162509918213,0.0
Impressionism,Minimalism,Impressionism__stefan-dimitrescu_cabaret.jpg,images/Impressionism_Impressionism__stefan-dimitrescu_cabaret_to_Minimalism.png,0.59528375,0.0,0.7598391175270081,0.0
Impressionism,Minimalism,Impressionism__nicolae-vermont_rotterdam-port-1928.jpg,images/Impressionism_Impressionism__nicolae-vermont_rotterdam-port-1928_to_Minimalism.png,0.5422801,0.0,0.8207132816314697,0.0
Impressionism,Minimalism,Impressionism__childe-hassam_evening-champs-elysees-aka-pres-du-louvre.jpg,images/Impressionism_Impressionism__childe-hassam_evening-champs-elysees-aka-pres-du-louvre_to_Minimalism.png,0.5892751,0.0,0.7633161544799805,0.0
Impressionism,Rococo,Impressionism__claude-monet_rouen-cathedral-the-portal-at-midday.jpg,images/Impressionism_Impressionism__claude-monet_rouen-cathedral-the-portal-at-midday_to_Rococo.png,0.49007916,0.0,0.6230933666229248,0.0
Impressionism,Rococo,Impressionism__stefan-dimitrescu_cabaret.jpg,images/Impressionism_Impressionism__stefan-dimitrescu_cabaret_to_Rococo.png,0.5066105,0.0,0.6299335360527039,0.0
Impressionism,Rococo,Impressionism__nicolae-vermont_rotterdam-port-1928.jpg,images/Impressionism_Impressionism__nicolae-vermont_rotterdam-port-1928_to_Rococo.png,0.47689098,0.0,0.7043099403381348,0.0
Impressionism,Rococo,Impressionism__childe-hassam_evening-champs-elysees-aka-pres-du-louvre.jpg,images/Impressionism_Impressionism__childe-hassam_evening-champs-elysees-aka-pres-du-louvre_to_Rococo.png,0.50422376,0.0,0.7298251390457153,0.0
Impressionism,Ukiyo_e,Impressionism__claude-monet_rouen-cathedral-the-portal-at-midday.jpg,images/Impressionism_Impressionism__claude-monet_rouen-cathedral-the-portal-at-midday_to_Ukiyo_e.png,0.46048558,0.0,0.6987882852554321,0.0
Impressionism,Ukiyo_e,Impressionism__stefan-dimitrescu_cabaret.jpg,images/Impressionism_Impressionism__stefan-dimitrescu_cabaret_to_Ukiyo_e.png,0.4931252,0.0,0.7532668113708496,0.0
Impressionism,Ukiyo_e,Impressionism__nicolae-vermont_rotterdam-port-1928.jpg,images/Impressionism_Impressionism__nicolae-vermont_rotterdam-port-1928_to_Ukiyo_e.png,0.42377514,0.0,0.66701740026474,0.0
Impressionism,Ukiyo_e,Impressionism__childe-hassam_evening-champs-elysees-aka-pres-du-louvre.jpg,images/Impressionism_Impressionism__childe-hassam_evening-champs-elysees-aka-pres-du-louvre_to_Ukiyo_e.png,0.46893537,0.0,0.7196371555328369,0.0
Impressionism,Early_Renaissance,Impressionism__camille-pissarro_the-gardener-afternoon-sun-eragny-1899.jpg,images/Impressionism_Impressionism__camille-pissarro_the-gardener-afternoon-sun-eragny-1899_to_Early_Renaissance.png,0.50809216,0.0,0.6149296164512634,0.0
Impressionism,Early_Renaissance,Impressionism__edgar-degas_study-of-gentile-bellini-1855.jpg,images/Impressionism_Impressionism__edgar-degas_study-of-gentile-bellini-1855_to_Early_Renaissance.png,0.4718632,0.0,0.6745142936706543,0.0
Impressionism,Early_Renaissance,Impressionism__edgar-degas_ancer-with-red-stockings.jpg,images/Impressionism_Impressionism__edgar-degas_ancer-with-red-stockings_to_Early_Renaissance.png,0.39207506,0.0,0.724618673324585,0.0
Impressionism,Early_Renaissance,Impressionism__eugene-boudin_the-port-ships-at-dock.jpg,images/Impressionism_Impressionism__eugene-boudin_the-port-ships-at-dock_to_Early_Renaissance.png,0.46343148,0.0,0.6224871277809143,0.0
Impressionism,Impressionism,Impressionism__camille-pissarro_the-gardener-afternoon-sun-eragny-1899.jpg,images/Impressionism_Impressionism__camille-pissarro_the-gardener-afternoon-sun-eragny-1899_to_Impressionism.png,0.5075889,0.0,0.782340407371521,0.0
Impressionism,Impressionism,Impressionism__edgar-degas_study-of-gentile-bellini-1855.jpg,images/Impressionism_Impressionism__edgar-degas_study-of-gentile-bellini-1855_to_Impressionism.png,0.43905175,0.0,0.6788653135299683,0.0
Impressionism,Impressionism,Impressionism__edgar-degas_ancer-with-red-stockings.jpg,images/Impressionism_Impressionism__edgar-degas_ancer-with-red-stockings_to_Impressionism.png,0.38808262,0.0,0.7826827168464661,0.0
Impressionism,Impressionism,Impressionism__eugene-boudin_the-port-ships-at-dock.jpg,images/Impressionism_Impressionism__eugene-boudin_the-port-ships-at-dock_to_Impressionism.png,0.45909527,0.0,0.8112471103668213,0.0
Impressionism,Minimalism,Impressionism__camille-pissarro_the-gardener-afternoon-sun-eragny-1899.jpg,images/Impressionism_Impressionism__camille-pissarro_the-gardener-afternoon-sun-eragny-1899_to_Minimalism.png,0.60743403,0.0,0.7742193341255188,0.0
Impressionism,Minimalism,Impressionism__edgar-degas_study-of-gentile-bellini-1855.jpg,images/Impressionism_Impressionism__edgar-degas_study-of-gentile-bellini-1855_to_Minimalism.png,0.38695717,0.0,0.8123693466186523,0.0
Impressionism,Minimalism,Impressionism__edgar-degas_ancer-with-red-stockings.jpg,images/Impressionism_Impressionism__edgar-degas_ancer-with-red-stockings_to_Minimalism.png,0.496974,0.0,0.8312212228775024,0.0
Impressionism,Minimalism,Impressionism__eugene-boudin_the-port-ships-at-dock.jpg,images/Impressionism_Impressionism__eugene-boudin_the-port-ships-at-dock_to_Minimalism.png,0.50966287,0.0,0.767806887626648,0.0
Impressionism,Rococo,Impressionism__camille-pissarro_the-gardener-afternoon-sun-eragny-1899.jpg,images/Impressionism_Impressionism__camille-pissarro_the-gardener-afternoon-sun-eragny-1899_to_Rococo.png,0.5389997,0.0,0.6257535815238953,0.0
Impressionism,Rococo,Impressionism__edgar-degas_study-of-gentile-bellini-1855.jpg,images/Impressionism_Impressionism__edgar-degas_study-of-gentile-bellini-1855_to_Rococo.png,0.49649203,0.0,0.6451568603515625,0.0
Impressionism,Rococo,Impressionism__edgar-degas_ancer-with-red-stockings.jpg,images/Impressionism_Impressionism__edgar-degas_ancer-with-red-stockings_to_Rococo.png,0.43844423,0.0,0.6964897513389587,0.0
Impressionism,Rococo,Impressionism__eugene-boudin_the-port-ships-at-dock.jpg,images/Impressionism_Impressionism__eugene-boudin_the-port-ships-at-dock_to_Rococo.png,0.5021289,0.0,0.7330963611602783,0.0
Impressionism,Ukiyo_e,Impressionism__camille-pissarro_the-gardener-afternoon-sun-eragny-1899.jpg,images/Impressionism_Impressionism__camille-pissarro_the-gardener-afternoon-sun-eragny-1899_to_Ukiyo_e.png,0.50480974,0.0,0.6460244655609131,0.0
Impressionism,Ukiyo_e,Impressionism__edgar-degas_study-of-gentile-bellini-1855.jpg,images/Impressionism_Impressionism__edgar-degas_study-of-gentile-bellini-1855_to_Ukiyo_e.png,0.32218328,0.0,0.6887210607528687,0.0
Impressionism,Ukiyo_e,Impressionism__edgar-degas_ancer-with-red-stockings.jpg,images/Impressionism_Impressionism__edgar-degas_ancer-with-red-stockings_to_Ukiyo_e.png,0.37069795,0.0,0.7597556114196777,0.0
Impressionism,Ukiyo_e,Impressionism__eugene-boudin_the-port-ships-at-dock.jpg,images/Impressionism_Impressionism__eugene-boudin_the-port-ships-at-dock_to_Ukiyo_e.png,0.39791512,0.0,0.6611757278442383,0.0
Impressionism,Early_Renaissance,Impressionism__claude-monet_palazzo-contarini-2.jpg,images/Impressionism_Impressionism__claude-monet_palazzo-contarini-2_to_Early_Renaissance.png,0.47133332,0.0,0.6867347359657288,0.0
Impressionism,Early_Renaissance,Impressionism__rudolf-schweitzer-cumpana_str-du-n-atena.jpg,images/Impressionism_Impressionism__rudolf-schweitzer-cumpana_str-du-n-atena_to_Early_Renaissance.png,0.4773882,0.0,0.6879730224609375,0.0
Impressionism,Early_Renaissance,Impressionism__winston-churchill_distant-view-of-the-pyramids-1921-1(1).jpg,images/Impressionism_Impressionism__winston-churchill_distant-view-of-the-pyramids-1921-1(1)_to_Early_Renaissance.png,0.4107112,0.0,0.7303061485290527,0.0
Impressionism,Early_Renaissance,Impressionism__mihaly-munkacsy_dusty-country-road-ii-1883.jpg,images/Impressionism_Impressionism__mihaly-munkacsy_dusty-country-road-ii-1883_to_Early_Renaissance.png,0.4367271,0.0,0.7148575782775879,0.0
Impressionism,Impressionism,Impressionism__claude-monet_palazzo-contarini-2.jpg,images/Impressionism_Impressionism__claude-monet_palazzo-contarini-2_to_Impressionism.png,0.46060514,0.0,0.8436190485954285,0.0
Impressionism,Impressionism,Impressionism__rudolf-schweitzer-cumpana_str-du-n-atena.jpg,images/Impressionism_Impressionism__rudolf-schweitzer-cumpana_str-du-n-atena_to_Impressionism.png,0.4599475,0.0,0.8807225227355957,0.0
Impressionism,Impressionism,Impressionism__winston-churchill_distant-view-of-the-pyramids-1921-1(1).jpg,images/Impressionism_Impressionism__winston-churchill_distant-view-of-the-pyramids-1921-1(1)_to_Impressionism.png,0.40651062,0.0,0.8535694479942322,0.0
Impressionism,Impressionism,Impressionism__mihaly-munkacsy_dusty-country-road-ii-1883.jpg,images/Impressionism_Impressionism__mihaly-munkacsy_dusty-country-road-ii-1883_to_Impressionism.png,0.4376688,0.0,0.8926213979721069,0.0
Impressionism,Minimalism,Impressionism__claude-monet_palazzo-contarini-2.jpg,images/Impressionism_Impressionism__claude-monet_palazzo-contarini-2_to_Minimalism.png,0.52453923,0.0,0.8143689036369324,0.0
Impressionism,Minimalism,Impressionism__rudolf-schweitzer-cumpana_str-du-n-atena.jpg,images/Impressionism_Impressionism__rudolf-schweitzer-cumpana_str-du-n-atena_to_Minimalism.png,0.55807954,0.0,0.873828649520874,0.0
Impressionism,Minimalism,Impressionism__winston-churchill_distant-view-of-the-pyramids-1921-1(1).jpg,images/Impressionism_Impressionism__winston-churchill_distant-view-of-the-pyramids-1921-1(1)_to_Minimalism.png,0.51699626,0.0,0.8805352449417114,0.0
Impressionism,Minimalism,Impressionism__mihaly-munkacsy_dusty-country-road-ii-1883.jpg,images/Impressionism_Impressionism__mihaly-munkacsy_dusty-country-road-ii-1883_to_Minimalism.png,0.5402894,0.0,0.8717030882835388,0.0
Impressionism,Rococo,Impressionism__claude-monet_palazzo-contarini-2.jpg,images/Impressionism_Impressionism__claude-monet_palazzo-contarini-2_to_Rococo.png,0.48695564,0.0,0.6439833641052246,0.0
Impressionism,Rococo,Impressionism__rudolf-schweitzer-cumpana_str-du-n-atena.jpg,images/Impressionism_Impressionism__rudolf-schweitzer-cumpana_str-du-n-atena_to_Rococo.png,0.4912747,0.0,0.675815224647522,0.0
Impressionism,Rococo,Impressionism__winston-churchill_distant-view-of-the-pyramids-1921-1(1).jpg,images/Impressionism_Impressionism__winston-churchill_distant-view-of-the-pyramids-1921-1(1)_to_Rococo.png,0.42527843,0.0,0.6961419582366943,0.0
Impressionism,Rococo,Impressionism__mihaly-munkacsy_dusty-country-road-ii-1883.jpg,images/Impressionism_Impressionism__mihaly-munkacsy_dusty-country-road-ii-1883_to_Rococo.png,0.447175,0.0,0.7097799181938171,0.0
Impressionism,Ukiyo_e,Impressionism__claude-monet_palazzo-contarini-2.jpg,images/Impressionism_Impressionism__claude-monet_palazzo-contarini-2_to_Ukiyo_e.png,0.44457388,0.0,0.6845594644546509,0.0
Impressionism,Ukiyo_e,Impressionism__rudolf-schweitzer-cumpana_str-du-n-atena.jpg,images/Impressionism_Impressionism__rudolf-schweitzer-cumpana_str-du-n-atena_to_Ukiyo_e.png,0.44325128,0.0,0.6907153129577637,0.0
Impressionism,Ukiyo_e,Impressionism__winston-churchill_distant-view-of-the-pyramids-1921-1(1).jpg,images/Impressionism_Impressionism__winston-churchill_distant-view-of-the-pyramids-1921-1(1)_to_Ukiyo_e.png,0.40764728,0.0,0.7504773139953613,0.0
Impressionism,Ukiyo_e,Impressionism__mihaly-munkacsy_dusty-country-road-ii-1883.jpg,images/Impressionism_Impressionism__mihaly-munkacsy_dusty-country-road-ii-1883_to_Ukiyo_e.png,0.4354833,0.0,0.7174424529075623,0.0
Impressionism,Early_Renaissance,Impressionism__eugene-boudin_trouville-the-fish-market-1884.jpg,images/Impressionism_Impressionism__eugene-boudin_trouville-the-fish-market-1884_to_Early_Renaissance.png,0.44915077,0.0,0.6666886806488037,0.0
Impressionism,Early_Renaissance,Impressionism__william-merritt-chase_at-the-boat-landing.jpg,images/Impressionism_Impressionism__william-merritt-chase_at-the-boat-landing_to_Early_Renaissance.png,0.44795895,0.0,0.6321553587913513,0.0
Impressionism,Early_Renaissance,Impressionism__alfred-sisley_the-banks-of-the-oise-1878.jpg,images/Impressionism_Impressionism__alfred-sisley_the-banks-of-the-oise-1878_to_Early_Renaissance.png,0.52509123,0.0,0.6775522232055664,0.0
Impressionism,Early_Renaissance,Impressionism__edouard-manet_tarring-the-boat-1873.jpg,images/Impressionism_Impressionism__edouard-manet_tarring-the-boat-1873_to_Early_Renaissance.png,0.4201907,0.0,0.725273609161377,0.0
Impressionism,Impressionism,Impressionism__eugene-boudin_trouville-the-fish-market-1884.jpg,images/Impressionism_Impressionism__eugene-boudin_trouville-the-fish-market-1884_to_Impressionism.png,0.46188796,0.0,0.8013173341751099,0.0
Impressionism,Impressionism,Impressionism__william-merritt-chase_at-the-boat-landing.jpg,images/Impressionism_Impressionism__william-merritt-chase_at-the-boat-landing_to_Impressionism.png,0.42530417,0.0,0.8651418685913086,0.0
Impressionism,Impressionism,Impressionism__alfred-sisley_the-banks-of-the-oise-1878.jpg,images/Impressionism_Impressionism__alfred-sisley_the-banks-of-the-oise-1878_to_Impressionism.png,0.5047505,0.0,0.8719466924667358,0.0
Impressionism,Impressionism,Impressionism__edouard-manet_tarring-the-boat-1873.jpg,images/Impressionism_Impressionism__edouard-manet_tarring-the-boat-1873_to_Impressionism.png,0.4240759,0.0,0.8190807104110718,0.0
Impressionism,Minimalism,Impressionism__eugene-boudin_trouville-the-fish-market-1884.jpg,images/Impressionism_Impressionism__eugene-boudin_trouville-the-fish-market-1884_to_Minimalism.png,0.5524086,0.0,0.7327108383178711,0.0
Impressionism,Minimalism,Impressionism__william-merritt-chase_at-the-boat-landing.jpg,images/Impressionism_Impressionism__william-merritt-chase_at-the-boat-landing_to_Minimalism.png,0.49582496,0.0,0.8020095229148865,0.0
Impressionism,Minimalism,Impressionism__alfred-sisley_the-banks-of-the-oise-1878.jpg,images/Impressionism_Impressionism__alfred-sisley_the-banks-of-the-oise-1878_to_Minimalism.png,0.53216696,0.0,0.7976205348968506,0.0
Impressionism,Minimalism,Impressionism__edouard-manet_tarring-the-boat-1873.jpg,images/Impressionism_Impressionism__edouard-manet_tarring-the-boat-1873_to_Minimalism.png,0.52927303,0.0,0.8210538625717163,0.0
Impressionism,Rococo,Impressionism__eugene-boudin_trouville-the-fish-market-1884.jpg,images/Impressionism_Impressionism__eugene-boudin_trouville-the-fish-market-1884_to_Rococo.png,0.47539657,0.0,0.7081984281539917,0.0
Impressionism,Rococo,Impressionism__william-merritt-chase_at-the-boat-landing.jpg,images/Impressionism_Impressionism__william-merritt-chase_at-the-boat-landing_to_Rococo.png,0.45672128,0.0,0.653580367565155,0.0
Impressionism,Rococo,Impressionism__alfred-sisley_the-banks-of-the-oise-1878.jpg,images/Impressionism_Impressionism__alfred-sisley_the-banks-of-the-oise-1878_to_Rococo.png,0.5399582,0.0,0.6669814586639404,0.0
Impressionism,Rococo,Impressionism__edouard-manet_tarring-the-boat-1873.jpg,images/Impressionism_Impressionism__edouard-manet_tarring-the-boat-1873_to_Rococo.png,0.43885246,0.0,0.7041320204734802,0.0
Impressionism,Ukiyo_e,Impressionism__eugene-boudin_trouville-the-fish-market-1884.jpg,images/Impressionism_Impressionism__eugene-boudin_trouville-the-fish-market-1884_to_Ukiyo_e.png,0.44970986,0.0,0.6144676804542542,0.0
Impressionism,Ukiyo_e,Impressionism__william-merritt-chase_at-the-boat-landing.jpg,images/Impressionism_Impressionism__william-merritt-chase_at-the-boat-landing_to_Ukiyo_e.png,0.41010442,0.0,0.6554725170135498,0.0
Impressionism,Ukiyo_e,Impressionism__alfred-sisley_the-banks-of-the-oise-1878.jpg,images/Impressionism_Impressionism__alfred-sisley_the-banks-of-the-oise-1878_to_Ukiyo_e.png,0.4606074,0.0,0.6719185709953308,0.0
Impressionism,Ukiyo_e,Impressionism__edouard-manet_tarring-the-boat-1873.jpg,images/Impressionism_Impressionism__edouard-manet_tarring-the-boat-1873_to_Ukiyo_e.png,0.41458184,0.0,0.7301006317138672,0.0
Impressionism,Early_Renaissance,Impressionism__joaquã­n-sorolla_study-of-vineyard.jpg,images/Impressionism_Impressionism__joaquã­n-sorolla_study-of-vineyard_to_Early_Renaissance.png,0.5366782,0.0,0.6674960255622864,0.0
Impressionism,Early_Renaissance,Impressionism__antoine-blanchard_place-de-la-madeleine-hiver.jpg,images/Impressionism_Impressionism__antoine-blanchard_place-de-la-madeleine-hiver_to_Early_Renaissance.png,0.44860128,0.0,0.610008955001831,0.0
Impressionism,Early_Renaissance,Impressionism__henri-matisse_brittany-also-known-as-boat-1896.jpg,images/Impressionism_Impressionism__henri-matisse_brittany-also-known-as-boat-1896_to_Early_Renaissance.png,0.46776742,0.0,0.7044068574905396,0.0
Impressionism,Early_Renaissance,Impressionism__william-merritt-chase_gray-day-on-the-lagoon-a-passenger-boat-venice.jpg,images/Impressionism_Impressionism__william-merritt-chase_gray-day-on-the-lagoon-a-passenger-boat-venice_to_Early_Renaissance.png,0.4535969,0.0,0.628026008605957,0.0
Impressionism,Impressionism,Impressionism__joaquã­n-sorolla_study-of-vineyard.jpg,images/Impressionism_Impressionism__joaquã­n-sorolla_study-of-vineyard_to_Impressionism.png,0.53436327,0.0,0.8120009303092957,0.0
Impressionism,Impressionism,Impressionism__antoine-blanchard_place-de-la-madeleine-hiver.jpg,images/Impressionism_Impressionism__antoine-blanchard_place-de-la-madeleine-hiver_to_Impressionism.png,0.44191015,0.0,0.8048537373542786,0.0
Impressionism,Impressionism,Impressionism__henri-matisse_brittany-also-known-as-boat-1896.jpg,images/Impressionism_Impressionism__henri-matisse_brittany-also-known-as-boat-1896_to_Impressionism.png,0.45622367,0.0,0.8596347570419312,0.0
Impressionism,Impressionism,Impressionism__william-merritt-chase_gray-day-on-the-lagoon-a-passenger-boat-venice.jpg,images/Impressionism_Impressionism__william-merritt-chase_gray-day-on-the-lagoon-a-passenger-boat-venice_to_Impressionism.png,0.44376752,0.0,0.8392822742462158,0.0
Impressionism,Minimalism,Impressionism__joaquã­n-sorolla_study-of-vineyard.jpg,images/Impressionism_Impressionism__joaquã­n-sorolla_study-of-vineyard_to_Minimalism.png,0.5831348,0.0,0.8950990438461304,0.0
Impressionism,Minimalism,Impressionism__antoine-blanchard_place-de-la-madeleine-hiver.jpg,images/Impressionism_Impressionism__antoine-blanchard_place-de-la-madeleine-hiver_to_Minimalism.png,0.5373826,0.0,0.7127586007118225,0.0
Impressionism,Minimalism,Impressionism__henri-matisse_brittany-also-known-as-boat-1896.jpg,images/Impressionism_Impressionism__henri-matisse_brittany-also-known-as-boat-1896_to_Minimalism.png,0.5373837,0.0,0.8883851766586304,0.0
Impressionism,Minimalism,Impressionism__william-merritt-chase_gray-day-on-the-lagoon-a-passenger-boat-venice.jpg,images/Impressionism_Impressionism__william-merritt-chase_gray-day-on-the-lagoon-a-passenger-boat-venice_to_Minimalism.png,0.52802813,0.0,0.7644243240356445,0.0
Impressionism,Rococo,Impressionism__joaquã­n-sorolla_study-of-vineyard.jpg,images/Impressionism_Impressionism__joaquã­n-sorolla_study-of-vineyard_to_Rococo.png,0.56455827,0.0,0.6489374041557312,0.0
Impressionism,Rococo,Impressionism__antoine-blanchard_place-de-la-madeleine-hiver.jpg,images/Impressionism_Impressionism__antoine-blanchard_place-de-la-madeleine-hiver_to_Rococo.png,0.4721721,0.0,0.676590085029602,0.0
Impressionism,Rococo,Impressionism__henri-matisse_brittany-also-known-as-boat-1896.jpg,images/Impressionism_Impressionism__henri-matisse_brittany-also-known-as-boat-1896_to_Rococo.png,0.49017623,0.0,0.6697243452072144,0.0
Impressionism,Rococo,Impressionism__william-merritt-chase_gray-day-on-the-lagoon-a-passenger-boat-venice.jpg,images/Impressionism_Impressionism__william-merritt-chase_gray-day-on-the-lagoon-a-passenger-boat-venice_to_Rococo.png,0.47546256,0.0,0.6550716161727905,0.0
Impressionism,Ukiyo_e,Impressionism__joaquã­n-sorolla_study-of-vineyard.jpg,images/Impressionism_Impressionism__joaquã­n-sorolla_study-of-vineyard_to_Ukiyo_e.png,0.50237715,0.0,0.7294251918792725,0.0
Impressionism,Ukiyo_e,Impressionism__antoine-blanchard_place-de-la-madeleine-hiver.jpg,images/Impressionism_Impressionism__antoine-blanchard_place-de-la-madeleine-hiver_to_Ukiyo_e.png,0.42643976,0.0,0.5816524624824524,0.0
Impressionism,Ukiyo_e,Impressionism__henri-matisse_brittany-also-known-as-boat-1896.jpg,images/Impressionism_Impressionism__henri-matisse_brittany-also-known-as-boat-1896_to_Ukiyo_e.png,0.4254723,0.0,0.7161716222763062,0.0
Impressionism,Ukiyo_e,Impressionism__william-merritt-chase_gray-day-on-the-lagoon-a-passenger-boat-venice.jpg,images/Impressionism_Impressionism__william-merritt-chase_gray-day-on-the-lagoon-a-passenger-boat-venice_to_Ukiyo_e.png,0.4163533,0.0,0.6270180940628052,0.0
Impressionism,Early_Renaissance,Impressionism__augustus-john_proven-al-landscape.jpg,images/Impressionism_Impressionism__augustus-john_proven-al-landscape_to_Early_Renaissance.png,0.460703,0.0,0.6920751333236694,0.0
Impressionism,Early_Renaissance,Impressionism__pierre-auguste-renoir_still-life-with-apples-and-pomegranates-1901.jpg,images/Impressionism_Impressionism__pierre-auguste-renoir_still-life-with-apples-and-pomegranates-1901_to_Early_Renaissance.png,0.4245895,0.0,0.6686286330223083,0.0
Impressionism,Early_Renaissance,Impressionism__childe-hassam_september-moonrise.jpg,images/Impressionism_Impressionism__childe-hassam_september-moonrise_to_Early_Renaissance.png,0.46180135,0.0,0.6572383046150208,0.0
Impressionism,Early_Renaissance,Impressionism__claude-monet_bordighera-the-house-of-gardener.jpg,images/Impressionism_Impressionism__claude-monet_bordighera-the-house-of-gardener_to_Early_Renaissance.png,0.5128126,0.0,0.7145686149597168,0.0
Impressionism,Impressionism,Impressionism__augustus-john_proven-al-landscape.jpg,images/Impressionism_Impressionism__augustus-john_proven-al-landscape_to_Impressionism.png,0.44869626,0.0,0.8276586532592773,0.0
Impressionism,Impressionism,Impressionism__pierre-auguste-renoir_still-life-with-apples-and-pomegranates-1901.jpg,images/Impressionism_Impressionism__pierre-auguste-renoir_still-life-with-apples-and-pomegranates-1901_to_Impressionism.png,0.40348497,0.0,0.7999944090843201,0.0
Impressionism,Impressionism,Impressionism__childe-hassam_september-moonrise.jpg,images/Impressionism_Impressionism__childe-hassam_september-moonrise_to_Impressionism.png,0.4333568,0.0,0.8329716324806213,0.0
Impressionism,Impressionism,Impressionism__claude-monet_bordighera-the-house-of-gardener.jpg,images/Impressionism_Impressionism__claude-monet_bordighera-the-house-of-gardener_to_Impressionism.png,0.5052224,0.0,0.8906859159469604,0.0
Impressionism,Minimalism,Impressionism__augustus-john_proven-al-landscape.jpg,images/Impressionism_Impressionism__augustus-john_proven-al-landscape_to_Minimalism.png,0.53068054,0.0,0.81391841173172,0.0
Impressionism,Minimalism,Impressionism__pierre-auguste-renoir_still-life-with-apples-and-pomegranates-1901.jpg,images/Impressionism_Impressionism__pierre-auguste-renoir_still-life-with-apples-and-pomegranates-1901_to_Minimalism.png,0.47709686,0.0,0.8367429971694946,0.0
Impressionism,Minimalism,Impressionism__childe-hassam_september-moonrise.jpg,images/Impressionism_Impressionism__childe-hassam_september-moonrise_to_Minimalism.png,0.4625523,0.0,0.8788989782333374,0.0
Impressionism,Minimalism,Impressionism__claude-monet_bordighera-the-house-of-gardener.jpg,images/Impressionism_Impressionism__claude-monet_bordighera-the-house-of-gardener_to_Minimalism.png,0.6186095,0.0,0.8195201754570007,0.0
Impressionism,Rococo,Impressionism__augustus-john_proven-al-landscape.jpg,images/Impressionism_Impressionism__augustus-john_proven-al-landscape_to_Rococo.png,0.46481967,0.0,0.686069905757904,0.0
Impressionism,Rococo,Impressionism__pierre-auguste-renoir_still-life-with-apples-and-pomegranates-1901.jpg,images/Impressionism_Impressionism__pierre-auguste-renoir_still-life-with-apples-and-pomegranates-1901_to_Rococo.png,0.44807237,0.0,0.6061208248138428,0.0
Impressionism,Rococo,Impressionism__childe-hassam_september-moonrise.jpg,images/Impressionism_Impressionism__childe-hassam_september-moonrise_to_Rococo.png,0.46548086,0.0,0.6670456528663635,0.0
Impressionism,Rococo,Impressionism__claude-monet_bordighera-the-house-of-gardener.jpg,images/Impressionism_Impressionism__claude-monet_bordighera-the-house-of-gardener_to_Rococo.png,0.5328044,0.0,0.6893532872200012,0.0
Impressionism,Ukiyo_e,Impressionism__augustus-john_proven-al-landscape.jpg,images/Impressionism_Impressionism__augustus-john_proven-al-landscape_to_Ukiyo_e.png,0.44315702,0.0,0.6877865791320801,0.0
Impressionism,Ukiyo_e,Impressionism__pierre-auguste-renoir_still-life-with-apples-and-pomegranates-1901.jpg,images/Impressionism_Impressionism__pierre-auguste-renoir_still-life-with-apples-and-pomegranates-1901_to_Ukiyo_e.png,0.39065486,0.0,0.6842564344406128,0.0
Impressionism,Ukiyo_e,Impressionism__childe-hassam_september-moonrise.jpg,images/Impressionism_Impressionism__childe-hassam_september-moonrise_to_Ukiyo_e.png,0.38388813,0.0,0.7168537974357605,0.0
Impressionism,Ukiyo_e,Impressionism__claude-monet_bordighera-the-house-of-gardener.jpg,images/Impressionism_Impressionism__claude-monet_bordighera-the-house-of-gardener_to_Ukiyo_e.png,0.51274246,0.0,0.701844334602356,0.0
Impressionism,Early_Renaissance,Impressionism__nikolay-bogdanov-belsky_connoisseurs-of-books-knowledge-is-power.jpg,images/Impressionism_Impressionism__nikolay-bogdanov-belsky_connoisseurs-of-books-knowledge-is-power_to_Early_Renaissance.png,0.46334705,0.0,0.5970847010612488,0.0
Impressionism,Early_Renaissance,Impressionism__alfred-sisley_riverbank-at-veneux-1881.jpg,images/Impressionism_Impressionism__alfred-sisley_riverbank-at-veneux-1881_to_Early_Renaissance.png,0.3983795,0.0,0.6776201128959656,0.0
Impressionism,Early_Renaissance,Impressionism__armand-guillaumin_valley-in-pontgibaud-1890.jpg,images/Impressionism_Impressionism__armand-guillaumin_valley-in-pontgibaud-1890_to_Early_Renaissance.png,0.47685567,0.0,0.678982138633728,0.0
Impressionism,Early_Renaissance,Impressionism__konstantin-korovin_arctic-ocean-1913.jpg,images/Impressionism_Impressionism__konstantin-korovin_arctic-ocean-1913_to_Early_Renaissance.png,0.42229873,0.0,0.6597449779510498,0.0
Impressionism,Impressionism,Impressionism__nikolay-bogdanov-belsky_connoisseurs-of-books-knowledge-is-power.jpg,images/Impressionism_Impressionism__nikolay-bogdanov-belsky_connoisseurs-of-books-knowledge-is-power_to_Impressionism.png,0.46943903,0.0,0.5937084555625916,0.0
Impressionism,Impressionism,Impressionism__alfred-sisley_riverbank-at-veneux-1881.jpg,images/Impressionism_Impressionism__alfred-sisley_riverbank-at-veneux-1881_to_Impressionism.png,0.38895297,0.0,0.7839984893798828,0.0
Impressionism,Impressionism,Impressionism__armand-guillaumin_valley-in-pontgibaud-1890.jpg,images/Impressionism_Impressionism__armand-guillaumin_valley-in-pontgibaud-1890_to_Impressionism.png,0.46930084,0.0,0.892375111579895,0.0
Impressionism,Impressionism,Impressionism__konstantin-korovin_arctic-ocean-1913.jpg,images/Impressionism_Impressionism__konstantin-korovin_arctic-ocean-1913_to_Impressionism.png,0.4050619,0.0,0.866889476776123,0.0
Impressionism,Minimalism,Impressionism__nikolay-bogdanov-belsky_connoisseurs-of-books-knowledge-is-power.jpg,images/Impressionism_Impressionism__nikolay-bogdanov-belsky_connoisseurs-of-books-knowledge-is-power_to_Minimalism.png,0.5374116,0.0,0.6831137537956238,0.0
Impressionism,Minimalism,Impressionism__alfred-sisley_riverbank-at-veneux-1881.jpg,images/Impressionism_Impressionism__alfred-sisley_riverbank-at-veneux-1881_to_Minimalism.png,0.5304179,0.0,0.8324688076972961,0.0
Impressionism,Minimalism,Impressionism__armand-guillaumin_valley-in-pontgibaud-1890.jpg,images/Impressionism_Impressionism__armand-guillaumin_valley-in-pontgibaud-1890_to_Minimalism.png,0.5425287,0.0,0.8324226140975952,0.0
Impressionism,Minimalism,Impressionism__konstantin-korovin_arctic-ocean-1913.jpg,images/Impressionism_Impressionism__konstantin-korovin_arctic-ocean-1913_to_Minimalism.png,0.5212791,0.0,0.8506420850753784,0.0
Impressionism,Rococo,Impressionism__nikolay-bogdanov-belsky_connoisseurs-of-books-knowledge-is-power.jpg,images/Impressionism_Impressionism__nikolay-bogdanov-belsky_connoisseurs-of-books-knowledge-is-power_to_Rococo.png,0.49689683,0.0,0.5372235178947449,0.0
Impressionism,Rococo,Impressionism__alfred-sisley_riverbank-at-veneux-1881.jpg,images/Impressionism_Impressionism__alfred-sisley_riverbank-at-veneux-1881_to_Rococo.png,0.42924786,0.0,0.6456436514854431,0.0
Impressionism,Rococo,Impressionism__armand-guillaumin_valley-in-pontgibaud-1890.jpg,images/Impressionism_Impressionism__armand-guillaumin_valley-in-pontgibaud-1890_to_Rococo.png,0.4914435,0.0,0.6863800287246704,0.0
Impressionism,Rococo,Impressionism__konstantin-korovin_arctic-ocean-1913.jpg,images/Impressionism_Impressionism__konstantin-korovin_arctic-ocean-1913_to_Rococo.png,0.43960363,0.0,0.6570523977279663,0.0
Impressionism,Ukiyo_e,Impressionism__nikolay-bogdanov-belsky_connoisseurs-of-books-knowledge-is-power.jpg,images/Impressionism_Impressionism__nikolay-bogdanov-belsky_connoisseurs-of-books-knowledge-is-power_to_Ukiyo_e.png,0.45964324,0.0,0.6558374166488647,0.0
Impressionism,Ukiyo_e,Impressionism__alfred-sisley_riverbank-at-veneux-1881.jpg,images/Impressionism_Impressionism__alfred-sisley_riverbank-at-veneux-1881_to_Ukiyo_e.png,0.39929923,0.0,0.7010250091552734,0.0
Impressionism,Ukiyo_e,Impressionism__armand-guillaumin_valley-in-pontgibaud-1890.jpg,images/Impressionism_Impressionism__armand-guillaumin_valley-in-pontgibaud-1890_to_Ukiyo_e.png,0.45676732,0.0,0.6901473999023438,0.0
Impressionism,Ukiyo_e,Impressionism__konstantin-korovin_arctic-ocean-1913.jpg,images/Impressionism_Impressionism__konstantin-korovin_arctic-ocean-1913_to_Ukiyo_e.png,0.39813137,0.0,0.7035489082336426,0.0
Minimalism,Early_Renaissance,Minimalism__robert-mangold_untitled-fcpa-1995.jpg,images/Minimalism_Minimalism__robert-mangold_untitled-fcpa-1995_to_Early_Renaissance.png,0.33448094,0.0,0.6673548221588135,0.0
Minimalism,Early_Renaissance,Minimalism__judy-chicago_morning-fan-1971.jpg,images/Minimalism_Minimalism__judy-chicago_morning-fan-1971_to_Early_Renaissance.png,0.34309733,0.0,0.6164261102676392,0.0
Minimalism,Early_Renaissance,Minimalism__joan-hernandez-pijuan_nuvol-rosa-2-1990.jpg,images/Minimalism_Minimalism__joan-hernandez-pijuan_nuvol-rosa-2-1990_to_Early_Renaissance.png,0.35152203,0.0,0.6698365211486816,0.0
Minimalism,Early_Renaissance,Minimalism__tony-smith_die-1968.jpg,images/Minimalism_Minimalism__tony-smith_die-1968_to_Early_Renaissance.png,0.4279682,0.0,0.6409543752670288,0.0
Minimalism,Impressionism,Minimalism__robert-mangold_untitled-fcpa-1995.jpg,images/Minimalism_Minimalism__robert-mangold_untitled-fcpa-1995_to_Impressionism.png,0.30408707,0.0,0.6635907292366028,0.0
Minimalism,Impressionism,Minimalism__judy-chicago_morning-fan-1971.jpg,images/Minimalism_Minimalism__judy-chicago_morning-fan-1971_to_Impressionism.png,0.31372875,0.0,0.6797590255737305,0.0
Minimalism,Impressionism,Minimalism__joan-hernandez-pijuan_nuvol-rosa-2-1990.jpg,images/Minimalism_Minimalism__joan-hernandez-pijuan_nuvol-rosa-2-1990_to_Impressionism.png,0.32386056,0.0,0.7100166082382202,0.0
Minimalism,Impressionism,Minimalism__tony-smith_die-1968.jpg,images/Minimalism_Minimalism__tony-smith_die-1968_to_Impressionism.png,0.43178165,0.0,0.6625326871871948,0.0
Minimalism,Minimalism,Minimalism__robert-mangold_untitled-fcpa-1995.jpg,images/Minimalism_Minimalism__robert-mangold_untitled-fcpa-1995_to_Minimalism.png,0.23549473,0.0,0.8883906602859497,0.0
Minimalism,Minimalism,Minimalism__judy-chicago_morning-fan-1971.jpg,images/Minimalism_Minimalism__judy-chicago_morning-fan-1971_to_Minimalism.png,0.3422634,0.0,0.896647036075592,0.0
Minimalism,Minimalism,Minimalism__joan-hernandez-pijuan_nuvol-rosa-2-1990.jpg,images/Minimalism_Minimalism__joan-hernandez-pijuan_nuvol-rosa-2-1990_to_Minimalism.png,0.41051245,0.0,0.9235841035842896,0.0
Minimalism,Minimalism,Minimalism__tony-smith_die-1968.jpg,images/Minimalism_Minimalism__tony-smith_die-1968_to_Minimalism.png,0.44920245,0.0,0.8682217597961426,0.0
Minimalism,Rococo,Minimalism__robert-mangold_untitled-fcpa-1995.jpg,images/Minimalism_Minimalism__robert-mangold_untitled-fcpa-1995_to_Rococo.png,0.35927245,0.0,0.6014857292175293,0.0
Minimalism,Rococo,Minimalism__judy-chicago_morning-fan-1971.jpg,images/Minimalism_Minimalism__judy-chicago_morning-fan-1971_to_Rococo.png,0.34574825,0.0,0.5947327017784119,0.0
Minimalism,Rococo,Minimalism__joan-hernandez-pijuan_nuvol-rosa-2-1990.jpg,images/Minimalism_Minimalism__joan-hernandez-pijuan_nuvol-rosa-2-1990_to_Rococo.png,0.35104245,0.0,0.6240812540054321,0.0
Minimalism,Rococo,Minimalism__tony-smith_die-1968.jpg,images/Minimalism_Minimalism__tony-smith_die-1968_to_Rococo.png,0.4544909,0.0,0.5958642959594727,0.0
Minimalism,Ukiyo_e,Minimalism__robert-mangold_untitled-fcpa-1995.jpg,images/Minimalism_Minimalism__robert-mangold_untitled-fcpa-1995_to_Ukiyo_e.png,0.21835299,0.0,0.6922153234481812,0.0
Minimalism,Ukiyo_e,Minimalism__judy-chicago_morning-fan-1971.jpg,images/Minimalism_Minimalism__judy-chicago_morning-fan-1971_to_Ukiyo_e.png,0.27361673,0.0,0.6549592614173889,0.0
Minimalism,Ukiyo_e,Minimalism__joan-hernandez-pijuan_nuvol-rosa-2-1990.jpg,images/Minimalism_Minimalism__joan-hernandez-pijuan_nuvol-rosa-2-1990_to_Ukiyo_e.png,0.3106356,0.0,0.6795123219490051,0.0
Minimalism,Ukiyo_e,Minimalism__tony-smith_die-1968.jpg,images/Minimalism_Minimalism__tony-smith_die-1968_to_Ukiyo_e.png,0.4063143,0.0,0.6183059215545654,0.0
Minimalism,Early_Renaissance,Minimalism__robert-ryman_surface-veil-1970.jpg,images/Minimalism_Minimalism__robert-ryman_surface-veil-1970_to_Early_Renaissance.png,0.41305262,0.0,0.6254492402076721,0.0
Minimalism,Early_Renaissance,Minimalism__eva-hesse_expanded-expansion-1969.jpg,images/Minimalism_Minimalism__eva-hesse_expanded-expansion-1969_to_Early_Renaissance.png,0.3876427,0.0,0.6566269993782043,0.0
Minimalism,Early_Renaissance,Minimalism__ellsworth-kelly_diagonal-1951.jpg,images/Minimalism_Minimalism__ellsworth-kelly_diagonal-1951_to_Early_Renaissance.png,0.39915404,0.0,0.6748024225234985,0.0
Minimalism,Early_Renaissance,Minimalism__john-mclaughlin_number-13-1973.jpg,images/Minimalism_Minimalism__john-mclaughlin_number-13-1973_to_Early_Renaissance.png,0.5622716,0.0,0.636413037776947,0.0
Minimalism,Impressionism,Minimalism__robert-ryman_surface-veil-1970.jpg,images/Minimalism_Minimalism__robert-ryman_surface-veil-1970_to_Impressionism.png,0.3793388,0.0,0.6686988472938538,0.0
Minimalism,Impressionism,Minimalism__eva-hesse_expanded-expansion-1969.jpg,images/Minimalism_Minimalism__eva-hesse_expanded-expansion-1969_to_Impressionism.png,0.35407582,0.0,0.6809517741203308,0.0
Minimalism,Impressionism,Minimalism__ellsworth-kelly_diagonal-1951.jpg,images/Minimalism_Minimalism__ellsworth-kelly_diagonal-1951_to_Impressionism.png,0.3616805,0.0,0.660700798034668,0.0
Minimalism,Impressionism,Minimalism__john-mclaughlin_number-13-1973.jpg,images/Minimalism_Minimalism__john-mclaughlin_number-13-1973_to_Impressionism.png,0.59389704,0.0,0.6843379735946655,0.0
Minimalism,Minimalism,Minimalism__robert-ryman_surface-veil-1970.jpg,images/Minimalism_Minimalism__robert-ryman_surface-veil-1970_to_Minimalism.png,0.3378927,0.0,0.9067590236663818,0.0
Minimalism,Minimalism,Minimalism__eva-hesse_expanded-expansion-1969.jpg,images/Minimalism_Minimalism__eva-hesse_expanded-expansion-1969_to_Minimalism.png,0.3465038,0.0,0.870250403881073,0.0
Minimalism,Minimalism,Minimalism__ellsworth-kelly_diagonal-1951.jpg,images/Minimalism_Minimalism__ellsworth-kelly_diagonal-1951_to_Minimalism.png,0.2830373,0.0,0.763477623462677,0.0
Minimalism,Minimalism,Minimalism__john-mclaughlin_number-13-1973.jpg,images/Minimalism_Minimalism__john-mclaughlin_number-13-1973_to_Minimalism.png,0.649034,0.0,0.8180254697799683,0.0
Minimalism,Rococo,Minimalism__robert-ryman_surface-veil-1970.jpg,images/Minimalism_Minimalism__robert-ryman_surface-veil-1970_to_Rococo.png,0.44039452,0.0,0.5699241161346436,0.0
Minimalism,Rococo,Minimalism__eva-hesse_expanded-expansion-1969.jpg,images/Minimalism_Minimalism__eva-hesse_expanded-expansion-1969_to_Rococo.png,0.40851194,0.0,0.5762870907783508,0.0
Minimalism,Rococo,Minimalism__ellsworth-kelly_diagonal-1951.jpg,images/Minimalism_Minimalism__ellsworth-kelly_diagonal-1951_to_Rococo.png,0.44749498,0.0,0.6263360381126404,0.0
Minimalism,Rococo,Minimalism__john-mclaughlin_number-13-1973.jpg,images/Minimalism_Minimalism__john-mclaughlin_number-13-1973_to_Rococo.png,0.5604545,0.0,0.5985525250434875,0.0
Minimalism,Ukiyo_e,Minimalism__robert-ryman_surface-veil-1970.jpg,images/Minimalism_Minimalism__robert-ryman_surface-veil-1970_to_Ukiyo_e.png,0.3056355,0.0,0.6493186950683594,0.0
Minimalism,Ukiyo_e,Minimalism__eva-hesse_expanded-expansion-1969.jpg,images/Minimalism_Minimalism__eva-hesse_expanded-expansion-1969_to_Ukiyo_e.png,0.29241282,0.0,0.6718029379844666,0.0
Minimalism,Ukiyo_e,Minimalism__ellsworth-kelly_diagonal-1951.jpg,images/Minimalism_Minimalism__ellsworth-kelly_diagonal-1951_to_Ukiyo_e.png,0.25569865,0.0,0.6862886548042297,0.0
Minimalism,Ukiyo_e,Minimalism__john-mclaughlin_number-13-1973.jpg,images/Minimalism_Minimalism__john-mclaughlin_number-13-1973_to_Ukiyo_e.png,0.6064165,0.0,0.6254066228866577,0.0
Minimalism,Early_Renaissance,Minimalism__joan-hernandez-pijuan_untitled-120-1999.jpg,images/Minimalism_Minimalism__joan-hernandez-pijuan_untitled-120-1999_to_Early_Renaissance.png,0.2999946,0.0,0.6547445058822632,0.0
Minimalism,Early_Renaissance,Minimalism__mira-schendel_untitled-1984.jpg,images/Minimalism_Minimalism__mira-schendel_untitled-1984_to_Early_Renaissance.png,0.48303092,0.0,0.6570070385932922,0.0
Minimalism,Early_Renaissance,Minimalism__imi-knoebel_weiss-und-schwarz-4-2009.jpg,images/Minimalism_Minimalism__imi-knoebel_weiss-und-schwarz-4-2009_to_Early_Renaissance.png,0.31233335,0.0,0.637211799621582,0.0
Minimalism,Early_Renaissance,Minimalism__sean-scully_untitled-1973.jpg,images/Minimalism_Minimalism__sean-scully_untitled-1973_to_Early_Renaissance.png,0.46596676,0.0,0.632810652256012,0.0
Minimalism,Impressionism,Minimalism__joan-hernandez-pijuan_untitled-120-1999.jpg,images/Minimalism_Minimalism__joan-hernandez-pijuan_untitled-120-1999_to_Impressionism.png,0.2870534,0.0,0.6566315293312073,0.0
Minimalism,Impressionism,Minimalism__mira-schendel_untitled-1984.jpg,images/Minimalism_Minimalism__mira-schendel_untitled-1984_to_Impressionism.png,0.4213394,0.0,0.6446465253829956,0.0
Minimalism,Impressionism,Minimalism__imi-knoebel_weiss-und-schwarz-4-2009.jpg,images/Minimalism_Minimalism__imi-knoebel_weiss-und-schwarz-4-2009_to_Impressionism.png,0.27841598,0.0,0.6832072734832764,0.0
Minimalism,Impressionism,Minimalism__sean-scully_untitled-1973.jpg,images/Minimalism_Minimalism__sean-scully_untitled-1973_to_Impressionism.png,0.43239257,0.0,0.6511445641517639,0.0
Minimalism,Minimalism,Minimalism__joan-hernandez-pijuan_untitled-120-1999.jpg,images/Minimalism_Minimalism__joan-hernandez-pijuan_untitled-120-1999_to_Minimalism.png,0.36876088,0.0,0.8430358171463013,0.0
Minimalism,Minimalism,Minimalism__mira-schendel_untitled-1984.jpg,images/Minimalism_Minimalism__mira-schendel_untitled-1984_to_Minimalism.png,0.4914006,0.0,0.8268330097198486,0.0
Minimalism,Minimalism,Minimalism__imi-knoebel_weiss-und-schwarz-4-2009.jpg,images/Minimalism_Minimalism__imi-knoebel_weiss-und-schwarz-4-2009_to_Minimalism.png,0.31774116,0.0,0.8888835906982422,0.0
Minimalism,Minimalism,Minimalism__sean-scully_untitled-1973.jpg,images/Minimalism_Minimalism__sean-scully_untitled-1973_to_Minimalism.png,0.49154532,0.0,0.8779776096343994,0.0
Minimalism,Rococo,Minimalism__joan-hernandez-pijuan_untitled-120-1999.jpg,images/Minimalism_Minimalism__joan-hernandez-pijuan_untitled-120-1999_to_Rococo.png,0.34383923,0.0,0.6000415086746216,0.0
Minimalism,Rococo,Minimalism__mira-schendel_untitled-1984.jpg,images/Minimalism_Minimalism__mira-schendel_untitled-1984_to_Rococo.png,0.5029807,0.0,0.5602224469184875,0.0
Minimalism,Rococo,Minimalism__imi-knoebel_weiss-und-schwarz-4-2009.jpg,images/Minimalism_Minimalism__imi-knoebel_weiss-und-schwarz-4-2009_to_Rococo.png,0.33959588,0.0,0.5592681765556335,0.0
Minimalism,Rococo,Minimalism__sean-scully_untitled-1973.jpg,images/Minimalism_Minimalism__sean-scully_untitled-1973_to_Rococo.png,0.49568862,0.0,0.5878561735153198,0.0
Minimalism,Ukiyo_e,Minimalism__joan-hernandez-pijuan_untitled-120-1999.jpg,images/Minimalism_Minimalism__joan-hernandez-pijuan_untitled-120-1999_to_Ukiyo_e.png,0.25985402,0.0,0.6534500122070312,0.0
Minimalism,Ukiyo_e,Minimalism__mira-schendel_untitled-1984.jpg,images/Minimalism_Minimalism__mira-schendel_untitled-1984_to_Ukiyo_e.png,0.50191915,0.0,0.5921813249588013,0.0
Minimalism,Ukiyo_e,Minimalism__imi-knoebel_weiss-und-schwarz-4-2009.jpg,images/Minimalism_Minimalism__imi-knoebel_weiss-und-schwarz-4-2009_to_Ukiyo_e.png,0.24664211,0.0,0.6483911275863647,0.0
Minimalism,Ukiyo_e,Minimalism__sean-scully_untitled-1973.jpg,images/Minimalism_Minimalism__sean-scully_untitled-1973_to_Ukiyo_e.png,0.37317935,0.0,0.6438424587249756,0.0
Minimalism,Early_Renaissance,Minimalism__yves-klein_untitled-yellow-monochrome-1956.jpg,images/Minimalism_Minimalism__yves-klein_untitled-yellow-monochrome-1956_to_Early_Renaissance.png,0.42805365,0.0,0.6891610622406006,0.0
Minimalism,Early_Renaissance,Minimalism__robert-ryman_conversion-2003.jpg,images/Minimalism_Minimalism__robert-ryman_conversion-2003_to_Early_Renaissance.png,0.46269208,0.0,0.6281505227088928,0.0
Minimalism,Early_Renaissance,Minimalism__pino-pinelli_pittura-r-1993.jpg,images/Minimalism_Minimalism__pino-pinelli_pittura-r-1993_to_Early_Renaissance.png,0.45239902,0.0,0.6041202545166016,0.0
Minimalism,Early_Renaissance,Minimalism__william-scott_bowl-white-on-grey-1962.jpg,images/Minimalism_Minimalism__william-scott_bowl-white-on-grey-1962_to_Early_Renaissance.png,0.40489686,0.0,0.6793375015258789,0.0
Minimalism,Impressionism,Minimalism__yves-klein_untitled-yellow-monochrome-1956.jpg,images/Minimalism_Minimalism__yves-klein_untitled-yellow-monochrome-1956_to_Impressionism.png,0.39899087,0.0,0.7564637660980225,0.0
Minimalism,Impressionism,Minimalism__robert-ryman_conversion-2003.jpg,images/Minimalism_Minimalism__robert-ryman_conversion-2003_to_Impressionism.png,0.39323136,0.0,0.6507319808006287,0.0
Minimalism,Impressionism,Minimalism__pino-pinelli_pittura-r-1993.jpg,images/Minimalism_Minimalism__pino-pinelli_pittura-r-1993_to_Impressionism.png,0.4053905,0.0,0.6000660061836243,0.0
Minimalism,Impressionism,Minimalism__william-scott_bowl-white-on-grey-1962.jpg,images/Minimalism_Minimalism__william-scott_bowl-white-on-grey-1962_to_Impressionism.png,0.36937928,0.0,0.7300032377243042,0.0
Minimalism,Minimalism,Minimalism__yves-klein_untitled-yellow-monochrome-1956.jpg,images/Minimalism_Minimalism__yves-klein_untitled-yellow-monochrome-1956_to_Minimalism.png,0.4806059,0.0,0.8489341735839844,0.0
Minimalism,Minimalism,Minimalism__robert-ryman_conversion-2003.jpg,images/Minimalism_Minimalism__robert-ryman_conversion-2003_to_Minimalism.png,0.34517467,0.0,0.8772315979003906,0.0
Minimalism,Minimalism,Minimalism__pino-pinelli_pittura-r-1993.jpg,images/Minimalism_Minimalism__pino-pinelli_pittura-r-1993_to_Minimalism.png,0.5515681,0.0,0.8873070478439331,0.0
Minimalism,Minimalism,Minimalism__william-scott_bowl-white-on-grey-1962.jpg,images/Minimalism_Minimalism__william-scott_bowl-white-on-grey-1962_to_Minimalism.png,0.46145064,0.0,0.9295049905776978,0.0
Minimalism,Rococo,Minimalism__yves-klein_untitled-yellow-monochrome-1956.jpg,images/Minimalism_Minimalism__yves-klein_untitled-yellow-monochrome-1956_to_Rococo.png,0.49696997,0.0,0.6241394281387329,0.0
Minimalism,Rococo,Minimalism__robert-ryman_conversion-2003.jpg,images/Minimalism_Minimalism__robert-ryman_conversion-2003_to_Rococo.png,0.51291966,0.0,0.5945444703102112,0.0
Minimalism,Rococo,Minimalism__pino-pinelli_pittura-r-1993.jpg,images/Minimalism_Minimalism__pino-pinelli_pittura-r-1993_to_Rococo.png,0.48876023,0.0,0.5795612335205078,0.0
Minimalism,Rococo,Minimalism__william-scott_bowl-white-on-grey-1962.jpg,images/Minimalism_Minimalism__william-scott_bowl-white-on-grey-1962_to_Rococo.png,0.4533599,0.0,0.6335171461105347,0.0
Minimalism,Ukiyo_e,Minimalism__yves-klein_untitled-yellow-monochrome-1956.jpg,images/Minimalism_Minimalism__yves-klein_untitled-yellow-monochrome-1956_to_Ukiyo_e.png,0.39378506,0.0,0.6957953572273254,0.0
Minimalism,Ukiyo_e,Minimalism__robert-ryman_conversion-2003.jpg,images/Minimalism_Minimalism__robert-ryman_conversion-2003_to_Ukiyo_e.png,0.371045,0.0,0.6441452503204346,0.0
Minimalism,Ukiyo_e,Minimalism__pino-pinelli_pittura-r-1993.jpg,images/Minimalism_Minimalism__pino-pinelli_pittura-r-1993_to_Ukiyo_e.png,0.4101458,0.0,0.6447431445121765,0.0
Minimalism,Ukiyo_e,Minimalism__william-scott_bowl-white-on-grey-1962.jpg,images/Minimalism_Minimalism__william-scott_bowl-white-on-grey-1962_to_Ukiyo_e.png,0.36389095,0.0,0.6670730113983154,0.0
Minimalism,Early_Renaissance,Minimalism__alvaro-lapa_criminals-and-their-properties-1974.jpg,images/Minimalism_Minimalism__alvaro-lapa_criminals-and-their-properties-1974_to_Early_Renaissance.png,0.38169217,0.0,0.6639816164970398,0.0
Minimalism,Early_Renaissance,Minimalism__john-mclaughlin_number-4.jpg,images/Minimalism_Minimalism__john-mclaughlin_number-4_to_Early_Renaissance.png,0.41935796,0.0,0.6374581456184387,0.0
Minimalism,Early_Renaissance,Minimalism__robert-mangold_ellow-black-zone-painting-iv-1996.jpg,images/Minimalism_Minimalism__robert-mangold_ellow-black-zone-painting-iv-1996_to_Early_Renaissance.png,0.37824988,0.0,0.6069507598876953,0.0
Minimalism,Early_Renaissance,Minimalism__brice-marden_joined-2011.jpg,images/Minimalism_Minimalism__brice-marden_joined-2011_to_Early_Renaissance.png,0.3540457,0.0,0.6517640352249146,0.0
Minimalism,Impressionism,Minimalism__alvaro-lapa_criminals-and-their-properties-1974.jpg,images/Minimalism_Minimalism__alvaro-lapa_criminals-and-their-properties-1974_to_Impressionism.png,0.34232324,0.0,0.7442113161087036,0.0
Minimalism,Impressionism,Minimalism__john-mclaughlin_number-4.jpg,images/Minimalism_Minimalism__john-mclaughlin_number-4_to_Impressionism.png,0.3778093,0.0,0.6766470074653625,0.0
Minimalism,Impressionism,Minimalism__robert-mangold_ellow-black-zone-painting-iv-1996.jpg,images/Minimalism_Minimalism__robert-mangold_ellow-black-zone-painting-iv-1996_to_Impressionism.png,0.35168678,0.0,0.6262468695640564,0.0
Minimalism,Impressionism,Minimalism__brice-marden_joined-2011.jpg,images/Minimalism_Minimalism__brice-marden_joined-2011_to_Impressionism.png,0.33022425,0.0,0.6974384784698486,0.0
Minimalism,Minimalism,Minimalism__alvaro-lapa_criminals-and-their-properties-1974.jpg,images/Minimalism_Minimalism__alvaro-lapa_criminals-and-their-properties-1974_to_Minimalism.png,0.46136588,0.0,0.897104024887085,0.0
Minimalism,Minimalism,Minimalism__john-mclaughlin_number-4.jpg,images/Minimalism_Minimalism__john-mclaughlin_number-4_to_Minimalism.png,0.41632748,0.0,0.8145599961280823,0.0
Minimalism,Minimalism,Minimalism__robert-mangold_ellow-black-zone-painting-iv-1996.jpg,images/Minimalism_Minimalism__robert-mangold_ellow-black-zone-painting-iv-1996_to_Minimalism.png,0.35909402,0.0,0.8721138834953308,0.0
Minimalism,Minimalism,Minimalism__brice-marden_joined-2011.jpg,images/Minimalism_Minimalism__brice-marden_joined-2011_to_Minimalism.png,0.26031548,0.0,0.8677266836166382,0.0
Minimalism,Rococo,Minimalism__alvaro-lapa_criminals-and-their-properties-1974.jpg,images/Minimalism_Minimalism__alvaro-lapa_criminals-and-their-properties-1974_to_Rococo.png,0.4100601,0.0,0.6312991380691528,0.0
Minimalism,Rococo,Minimalism__john-mclaughlin_number-4.jpg,images/Minimalism_Minimalism__john-mclaughlin_number-4_to_Rococo.png,0.46830434,0.0,0.5924535989761353,0.0
Minimalism,Rococo,Minimalism__robert-mangold_ellow-black-zone-painting-iv-1996.jpg,images/Minimalism_Minimalism__robert-mangold_ellow-black-zone-painting-iv-1996_to_Rococo.png,0.40406033,0.0,0.5177271366119385,0.0
Minimalism,Rococo,Minimalism__brice-marden_joined-2011.jpg,images/Minimalism_Minimalism__brice-marden_joined-2011_to_Rococo.png,0.3999012,0.0,0.6452968716621399,0.0
Minimalism,Ukiyo_e,Minimalism__alvaro-lapa_criminals-and-their-properties-1974.jpg,images/Minimalism_Minimalism__alvaro-lapa_criminals-and-their-properties-1974_to_Ukiyo_e.png,0.38018942,0.0,0.6928965449333191,0.0
Minimalism,Ukiyo_e,Minimalism__john-mclaughlin_number-4.jpg,images/Minimalism_Minimalism__john-mclaughlin_number-4_to_Ukiyo_e.png,0.3762741,0.0,0.6493908166885376,0.0
Minimalism,Ukiyo_e,Minimalism__robert-mangold_ellow-black-zone-painting-iv-1996.jpg,images/Minimalism_Minimalism__robert-mangold_ellow-black-zone-painting-iv-1996_to_Ukiyo_e.png,0.3120798,0.0,0.6358788013458252,0.0
Minimalism,Ukiyo_e,Minimalism__brice-marden_joined-2011.jpg,images/Minimalism_Minimalism__brice-marden_joined-2011_to_Ukiyo_e.png,0.24151213,0.0,0.6554906368255615,0.0
Minimalism,Early_Renaissance,Minimalism__richard-tuttle_relative-to-our-society-1990.jpg,images/Minimalism_Minimalism__richard-tuttle_relative-to-our-society-1990_to_Early_Renaissance.png,0.3881285,0.0,0.6663006544113159,0.0
Minimalism,Early_Renaissance,Minimalism__yves-gaucher_traces-2000.jpg,images/Minimalism_Minimalism__yves-gaucher_traces-2000_to_Early_Renaissance.png,0.34732246,0.0,0.6617907285690308,0.0
Minimalism,Early_Renaissance,Minimalism__dan-flavin_greens-crossing-greens-to-piet-mondrian-who-lacked-green-1966.jpg,images/Minimalism_Minimalism__dan-flavin_greens-crossing-greens-to-piet-mondrian-who-lacked-green-1966_to_Early_Renaissance.png,0.42138022,0.0,0.632964015007019,0.0
Minimalism,Early_Renaissance,Minimalism__ruth-vollmer_trimer-monomer-dimer-1965.jpg,images/Minimalism_Minimalism__ruth-vollmer_trimer-monomer-dimer-1965_to_Early_Renaissance.png,0.4371741,0.0,0.5820005536079407,0.0
Minimalism,Impressionism,Minimalism__richard-tuttle_relative-to-our-society-1990.jpg,images/Minimalism_Minimalism__richard-tuttle_relative-to-our-society-1990_to_Impressionism.png,0.35387868,0.0,0.6688237190246582,0.0
Minimalism,Impressionism,Minimalism__yves-gaucher_traces-2000.jpg,images/Minimalism_Minimalism__yves-gaucher_traces-2000_to_Impressionism.png,0.31669226,0.0,0.7325101494789124,0.0
Minimalism,Impressionism,Minimalism__dan-flavin_greens-crossing-greens-to-piet-mondrian-who-lacked-green-1966.jpg,images/Minimalism_Minimalism__dan-flavin_greens-crossing-greens-to-piet-mondrian-who-lacked-green-1966_to_Impressionism.png,0.39249855,0.0,0.7088789343833923,0.0
Minimalism,Impressionism,Minimalism__ruth-vollmer_trimer-monomer-dimer-1965.jpg,images/Minimalism_Minimalism__ruth-vollmer_trimer-monomer-dimer-1965_to_Impressionism.png,0.41528082,0.0,0.5079481601715088,0.0
Minimalism,Minimalism,Minimalism__richard-tuttle_relative-to-our-society-1990.jpg,images/Minimalism_Minimalism__richard-tuttle_relative-to-our-society-1990_to_Minimalism.png,0.39917904,0.0,0.8658833503723145,0.0
Minimalism,Minimalism,Minimalism__yves-gaucher_traces-2000.jpg,images/Minimalism_Minimalism__yves-gaucher_traces-2000_to_Minimalism.png,0.35062915,0.0,0.8929517865180969,0.0
Minimalism,Minimalism,Minimalism__dan-flavin_greens-crossing-greens-to-piet-mondrian-who-lacked-green-1966.jpg,images/Minimalism_Minimalism__dan-flavin_greens-crossing-greens-to-piet-mondrian-who-lacked-green-1966_to_Minimalism.png,0.46058136,0.0,0.864741325378418,0.0
Minimalism,Minimalism,Minimalism__ruth-vollmer_trimer-monomer-dimer-1965.jpg,images/Minimalism_Minimalism__ruth-vollmer_trimer-monomer-dimer-1965_to_Minimalism.png,0.51743996,0.0,0.7446075081825256,0.0
Minimalism,Rococo,Minimalism__richard-tuttle_relative-to-our-society-1990.jpg,images/Minimalism_Minimalism__richard-tuttle_relative-to-our-society-1990_to_Rococo.png,0.40739703,0.0,0.6414204835891724,0.0
Minimalism,Rococo,Minimalism__yves-gaucher_traces-2000.jpg,images/Minimalism_Minimalism__yves-gaucher_traces-2000_to_Rococo.png,0.37246105,0.0,0.6487672924995422,0.0
Minimalism,Rococo,Minimalism__dan-flavin_greens-crossing-greens-to-piet-mondrian-who-lacked-green-1966.jpg,images/Minimalism_Minimalism__dan-flavin_greens-crossing-greens-to-piet-mondrian-who-lacked-green-1966_to_Rococo.png,0.43534908,0.0,0.6221451163291931,0.0
Minimalism,Rococo,Minimalism__ruth-vollmer_trimer-monomer-dimer-1965.jpg,images/Minimalism_Minimalism__ruth-vollmer_trimer-monomer-dimer-1965_to_Rococo.png,0.47234946,0.0,0.48642808198928833,0.0
Minimalism,Ukiyo_e,Minimalism__richard-tuttle_relative-to-our-society-1990.jpg,images/Minimalism_Minimalism__richard-tuttle_relative-to-our-society-1990_to_Ukiyo_e.png,0.32542562,0.0,0.6716197729110718,0.0
Minimalism,Ukiyo_e,Minimalism__yves-gaucher_traces-2000.jpg,images/Minimalism_Minimalism__yves-gaucher_traces-2000_to_Ukiyo_e.png,0.332471,0.0,0.673882246017456,0.0
Minimalism,Ukiyo_e,Minimalism__dan-flavin_greens-crossing-greens-to-piet-mondrian-who-lacked-green-1966.jpg,images/Minimalism_Minimalism__dan-flavin_greens-crossing-greens-to-piet-mondrian-who-lacked-green-1966_to_Ukiyo_e.png,0.40571636,0.0,0.6681728363037109,0.0
Minimalism,Ukiyo_e,Minimalism__ruth-vollmer_trimer-monomer-dimer-1965.jpg,images/Minimalism_Minimalism__ruth-vollmer_trimer-monomer-dimer-1965_to_Ukiyo_e.png,0.40996376,0.0,0.5963242053985596,0.0
Minimalism,Early_Renaissance,Minimalism__fernando-lanhas_o39-68-1968.jpg,images/Minimalism_Minimalism__fernando-lanhas_o39-68-1968_to_Early_Renaissance.png,0.31513894,0.0,0.6866305470466614,0.0
Minimalism,Early_Renaissance,Minimalism__frank-stella_gezira-from-black-series-ii-1967.jpg,images/Minimalism_Minimalism__frank-stella_gezira-from-black-series-ii-1967_to_Early_Renaissance.png,0.31498933,0.0,0.6710666418075562,0.0
Minimalism,Early_Renaissance,Minimalism__ronald-davis_zig-zag-times-two-1966.jpg,images/Minimalism_Minimalism__ronald-davis_zig-zag-times-two-1966_to_Early_Renaissance.png,0.38843763,0.0,0.6461423635482788,0.0
Minimalism,Early_Renaissance,Minimalism__agnes-martin_happy-valley-1967.jpg,images/Minimalism_Minimalism__agnes-martin_happy-valley-1967_to_Early_Renaissance.png,0.36691973,0.0,0.6775311231613159,0.0
Minimalism,Impressionism,Minimalism__fernando-lanhas_o39-68-1968.jpg,images/Minimalism_Minimalism__fernando-lanhas_o39-68-1968_to_Impressionism.png,0.29506314,0.0,0.7253490686416626,0.0
Minimalism,Impressionism,Minimalism__frank-stella_gezira-from-black-series-ii-1967.jpg,images/Minimalism_Minimalism__frank-stella_gezira-from-black-series-ii-1967_to_Impressionism.png,0.28818524,0.0,0.6832475066184998,0.0
Minimalism,Impressionism,Minimalism__ronald-davis_zig-zag-times-two-1966.jpg,images/Minimalism_Minimalism__ronald-davis_zig-zag-times-two-1966_to_Impressionism.png,0.3656987,0.0,0.6499072313308716,0.0
Minimalism,Impressionism,Minimalism__agnes-martin_happy-valley-1967.jpg,images/Minimalism_Minimalism__agnes-martin_happy-valley-1967_to_Impressionism.png,0.32123455,0.0,0.7200725078582764,0.0
Minimalism,Minimalism,Minimalism__fernando-lanhas_o39-68-1968.jpg,images/Minimalism_Minimalism__fernando-lanhas_o39-68-1968_to_Minimalism.png,0.4254689,0.0,0.8810503482818604,0.0
Minimalism,Minimalism,Minimalism__frank-stella_gezira-from-black-series-ii-1967.jpg,images/Minimalism_Minimalism__frank-stella_gezira-from-black-series-ii-1967_to_Minimalism.png,0.28739494,0.0,0.8712151050567627,0.0
Minimalism,Minimalism,Minimalism__ronald-davis_zig-zag-times-two-1966.jpg,images/Minimalism_Minimalism__ronald-davis_zig-zag-times-two-1966_to_Minimalism.png,0.27380347,0.0,0.8672986626625061,0.0
Minimalism,Minimalism,Minimalism__agnes-martin_happy-valley-1967.jpg,images/Minimalism_Minimalism__agnes-martin_happy-valley-1967_to_Minimalism.png,0.34600902,0.0,0.8787511587142944,0.0
Minimalism,Rococo,Minimalism__fernando-lanhas_o39-68-1968.jpg,images/Minimalism_Minimalism__fernando-lanhas_o39-68-1968_to_Rococo.png,0.3654427,0.0,0.5826840400695801,0.0
Minimalism,Rococo,Minimalism__frank-stella_gezira-from-black-series-ii-1967.jpg,images/Minimalism_Minimalism__frank-stella_gezira-from-black-series-ii-1967_to_Rococo.png,0.38867676,0.0,0.6056858897209167,0.0
Minimalism,Rococo,Minimalism__ronald-davis_zig-zag-times-two-1966.jpg,images/Minimalism_Minimalism__ronald-davis_zig-zag-times-two-1966_to_Rococo.png,0.4113189,0.0,0.5982523560523987,0.0
Minimalism,Rococo,Minimalism__agnes-martin_happy-valley-1967.jpg,images/Minimalism_Minimalism__agnes-martin_happy-valley-1967_to_Rococo.png,0.43014342,0.0,0.6426474452018738,0.0
Minimalism,Ukiyo_e,Minimalism__fernando-lanhas_o39-68-1968.jpg,images/Minimalism_Minimalism__fernando-lanhas_o39-68-1968_to_Ukiyo_e.png,0.28755683,0.0,0.7023811340332031,0.0
Minimalism,Ukiyo_e,Minimalism__frank-stella_gezira-from-black-series-ii-1967.jpg,images/Minimalism_Minimalism__frank-stella_gezira-from-black-series-ii-1967_to_Ukiyo_e.png,0.22464554,0.0,0.6992882490158081,0.0
Minimalism,Ukiyo_e,Minimalism__ronald-davis_zig-zag-times-two-1966.jpg,images/Minimalism_Minimalism__ronald-davis_zig-zag-times-two-1966_to_Ukiyo_e.png,0.27794957,0.0,0.6358649134635925,0.0
Minimalism,Ukiyo_e,Minimalism__agnes-martin_happy-valley-1967.jpg,images/Minimalism_Minimalism__agnes-martin_happy-valley-1967_to_Ukiyo_e.png,0.28156805,0.0,0.668908953666687,0.0
Minimalism,Early_Renaissance,Minimalism__bruce-nauman_la-brea-art-tips-rat-spit-tar-pits-1972.jpg,images/Minimalism_Minimalism__bruce-nauman_la-brea-art-tips-rat-spit-tar-pits-1972_to_Early_Renaissance.png,0.38102242,0.0,0.6174834966659546,0.0
Minimalism,Early_Renaissance,Minimalism__robert-morris_box-with-the-sound-of-its-own-making-1961.jpg,images/Minimalism_Minimalism__robert-morris_box-with-the-sound-of-its-own-making-1961_to_Early_Renaissance.png,0.36877635,0.0,0.6427577137947083,0.0
Rococo,Early_Renaissance,Rococo__joshua-reynolds_colonel-george-k-h-coussmaker-grenadier-guards.jpg,images/Rococo_Rococo__joshua-reynolds_colonel-george-k-h-coussmaker-grenadier-guards_to_Early_Renaissance.png,0.50747514,0.0,0.7417365312576294,0.0
Rococo,Early_Renaissance,Rococo__giovanni-domenico-tiepolo_christ-s-fall-on-the-way-to-calvary-1772.jpg,images/Rococo_Rococo__giovanni-domenico-tiepolo_christ-s-fall-on-the-way-to-calvary-1772_to_Early_Renaissance.png,0.46284822,0.0,0.8069488406181335,0.0
Minimalism,Impressionism,Minimalism__bruce-nauman_la-brea-art-tips-rat-spit-tar-pits-1972.jpg,images/Minimalism_Minimalism__bruce-nauman_la-brea-art-tips-rat-spit-tar-pits-1972_to_Impressionism.png,0.3797431,0.0,0.5959926843643188,0.0
Minimalism,Impressionism,Minimalism__robert-morris_box-with-the-sound-of-its-own-making-1961.jpg,images/Minimalism_Minimalism__robert-morris_box-with-the-sound-of-its-own-making-1961_to_Impressionism.png,0.35502124,0.0,0.5998557806015015,0.0
Rococo,Impressionism,Rococo__joshua-reynolds_colonel-george-k-h-coussmaker-grenadier-guards.jpg,images/Rococo_Rococo__joshua-reynolds_colonel-george-k-h-coussmaker-grenadier-guards_to_Impressionism.png,0.52285486,0.0,0.786587655544281,0.0
Rococo,Impressionism,Rococo__giovanni-domenico-tiepolo_christ-s-fall-on-the-way-to-calvary-1772.jpg,images/Rococo_Rococo__giovanni-domenico-tiepolo_christ-s-fall-on-the-way-to-calvary-1772_to_Impressionism.png,0.4806751,0.0,0.772371768951416,0.0
Minimalism,Minimalism,Minimalism__bruce-nauman_la-brea-art-tips-rat-spit-tar-pits-1972.jpg,images/Minimalism_Minimalism__bruce-nauman_la-brea-art-tips-rat-spit-tar-pits-1972_to_Minimalism.png,0.46248388,0.0,0.8353767395019531,0.0
Minimalism,Minimalism,Minimalism__robert-morris_box-with-the-sound-of-its-own-making-1961.jpg,images/Minimalism_Minimalism__robert-morris_box-with-the-sound-of-its-own-making-1961_to_Minimalism.png,0.40022528,0.0,0.8937739133834839,0.0
Rococo,Minimalism,Rococo__joshua-reynolds_colonel-george-k-h-coussmaker-grenadier-guards.jpg,images/Rococo_Rococo__joshua-reynolds_colonel-george-k-h-coussmaker-grenadier-guards_to_Minimalism.png,0.5810602,0.0,0.809329628944397,0.0
Rococo,Minimalism,Rococo__giovanni-domenico-tiepolo_christ-s-fall-on-the-way-to-calvary-1772.jpg,images/Rococo_Rococo__giovanni-domenico-tiepolo_christ-s-fall-on-the-way-to-calvary-1772_to_Minimalism.png,0.55629826,0.0,0.8159372210502625,0.0
Minimalism,Rococo,Minimalism__bruce-nauman_la-brea-art-tips-rat-spit-tar-pits-1972.jpg,images/Minimalism_Minimalism__bruce-nauman_la-brea-art-tips-rat-spit-tar-pits-1972_to_Rococo.png,0.3830923,0.0,0.5893651843070984,0.0
Minimalism,Rococo,Minimalism__robert-morris_box-with-the-sound-of-its-own-making-1961.jpg,images/Minimalism_Minimalism__robert-morris_box-with-the-sound-of-its-own-making-1961_to_Rococo.png,0.40507114,0.0,0.5882231593132019,0.0
Rococo,Rococo,Rococo__joshua-reynolds_colonel-george-k-h-coussmaker-grenadier-guards.jpg,images/Rococo_Rococo__joshua-reynolds_colonel-george-k-h-coussmaker-grenadier-guards_to_Rococo.png,0.5401706,0.0,0.754496693611145,0.0
Rococo,Rococo,Rococo__giovanni-domenico-tiepolo_christ-s-fall-on-the-way-to-calvary-1772.jpg,images/Rococo_Rococo__giovanni-domenico-tiepolo_christ-s-fall-on-the-way-to-calvary-1772_to_Rococo.png,0.49890423,0.0,0.7253225445747375,0.0
Minimalism,Ukiyo_e,Minimalism__bruce-nauman_la-brea-art-tips-rat-spit-tar-pits-1972.jpg,images/Minimalism_Minimalism__bruce-nauman_la-brea-art-tips-rat-spit-tar-pits-1972_to_Ukiyo_e.png,0.38776198,0.0,0.6646637916564941,0.0
Minimalism,Ukiyo_e,Minimalism__robert-morris_box-with-the-sound-of-its-own-making-1961.jpg,images/Minimalism_Minimalism__robert-morris_box-with-the-sound-of-its-own-making-1961_to_Ukiyo_e.png,0.31959718,0.0,0.6537419557571411,0.0
Rococo,Ukiyo_e,Rococo__joshua-reynolds_colonel-george-k-h-coussmaker-grenadier-guards.jpg,images/Rococo_Rococo__joshua-reynolds_colonel-george-k-h-coussmaker-grenadier-guards_to_Ukiyo_e.png,0.50265455,0.0,0.7348816394805908,0.0
Rococo,Ukiyo_e,Rococo__giovanni-domenico-tiepolo_christ-s-fall-on-the-way-to-calvary-1772.jpg,images/Rococo_Rococo__giovanni-domenico-tiepolo_christ-s-fall-on-the-way-to-calvary-1772_to_Ukiyo_e.png,0.46093288,0.0,0.7423403263092041,0.0
Rococo,Early_Renaissance,Rococo__dmitry-levitzky_maria-feodorovna.jpg,images/Rococo_Rococo__dmitry-levitzky_maria-feodorovna_to_Early_Renaissance.png,0.423511,0.0,0.6908191442489624,0.0
Rococo,Early_Renaissance,Rococo__thomas-gainsborough_a-peasant-girl-with-dog-and-jug-1785.jpg,images/Rococo_Rococo__thomas-gainsborough_a-peasant-girl-with-dog-and-jug-1785_to_Early_Renaissance.png,0.45452428,0.0,0.6830386519432068,0.0
Rococo,Early_Renaissance,Rococo__maurice-quentin-de-la-tour_marie-josephe-of-saxony-1.jpg,images/Rococo_Rococo__maurice-quentin-de-la-tour_marie-josephe-of-saxony-1_to_Early_Renaissance.png,0.39817291,0.0,0.6964486241340637,0.0
Rococo,Early_Renaissance,Rococo__bernardo-bellotto_view-of-dresden-the-dresden-fortifications-moat-with-a-bridge-between-gate-and-post-mile-pillar.jpg,images/Rococo_Rococo__bernardo-bellotto_view-of-dresden-the-dresden-fortifications-moat-with-a-bridge-between-gate-and-post-mile-pillar_to_Early_Renaissance.png,0.43843833,0.0,0.7070015668869019,0.0
Rococo,Impressionism,Rococo__dmitry-levitzky_maria-feodorovna.jpg,images/Rococo_Rococo__dmitry-levitzky_maria-feodorovna_to_Impressionism.png,0.41799217,0.0,0.6709411144256592,0.0
Rococo,Impressionism,Rococo__thomas-gainsborough_a-peasant-girl-with-dog-and-jug-1785.jpg,images/Rococo_Rococo__thomas-gainsborough_a-peasant-girl-with-dog-and-jug-1785_to_Impressionism.png,0.46760133,0.0,0.7677866816520691,0.0
Rococo,Impressionism,Rococo__maurice-quentin-de-la-tour_marie-josephe-of-saxony-1.jpg,images/Rococo_Rococo__maurice-quentin-de-la-tour_marie-josephe-of-saxony-1_to_Impressionism.png,0.4268697,0.0,0.6953442096710205,0.0
Rococo,Impressionism,Rococo__bernardo-bellotto_view-of-dresden-the-dresden-fortifications-moat-with-a-bridge-between-gate-and-post-mile-pillar.jpg,images/Rococo_Rococo__bernardo-bellotto_view-of-dresden-the-dresden-fortifications-moat-with-a-bridge-between-gate-and-post-mile-pillar_to_Impressionism.png,0.41795734,0.0,0.7980104684829712,0.0
Rococo,Minimalism,Rococo__dmitry-levitzky_maria-feodorovna.jpg,images/Rococo_Rococo__dmitry-levitzky_maria-feodorovna_to_Minimalism.png,0.45412445,0.0,0.7002514600753784,0.0
Rococo,Minimalism,Rococo__thomas-gainsborough_a-peasant-girl-with-dog-and-jug-1785.jpg,images/Rococo_Rococo__thomas-gainsborough_a-peasant-girl-with-dog-and-jug-1785_to_Minimalism.png,0.57625186,0.0,0.8188656568527222,0.0
Rococo,Minimalism,Rococo__maurice-quentin-de-la-tour_marie-josephe-of-saxony-1.jpg,images/Rococo_Rococo__maurice-quentin-de-la-tour_marie-josephe-of-saxony-1_to_Minimalism.png,0.5319957,0.0,0.6811085343360901,0.0
Rococo,Minimalism,Rococo__bernardo-bellotto_view-of-dresden-the-dresden-fortifications-moat-with-a-bridge-between-gate-and-post-mile-pillar.jpg,images/Rococo_Rococo__bernardo-bellotto_view-of-dresden-the-dresden-fortifications-moat-with-a-bridge-between-gate-and-post-mile-pillar_to_Minimalism.png,0.5015123,0.0,0.8539658188819885,0.0
Rococo,Rococo,Rococo__dmitry-levitzky_maria-feodorovna.jpg,images/Rococo_Rococo__dmitry-levitzky_maria-feodorovna_to_Rococo.png,0.4405074,0.0,0.8743840456008911,0.0
Rococo,Rococo,Rococo__thomas-gainsborough_a-peasant-girl-with-dog-and-jug-1785.jpg,images/Rococo_Rococo__thomas-gainsborough_a-peasant-girl-with-dog-and-jug-1785_to_Rococo.png,0.45646363,0.0,0.7364472150802612,0.0
Rococo,Rococo,Rococo__maurice-quentin-de-la-tour_marie-josephe-of-saxony-1.jpg,images/Rococo_Rococo__maurice-quentin-de-la-tour_marie-josephe-of-saxony-1_to_Rococo.png,0.40813553,0.0,0.8155158162117004,0.0
Rococo,Rococo,Rococo__bernardo-bellotto_view-of-dresden-the-dresden-fortifications-moat-with-a-bridge-between-gate-and-post-mile-pillar.jpg,images/Rococo_Rococo__bernardo-bellotto_view-of-dresden-the-dresden-fortifications-moat-with-a-bridge-between-gate-and-post-mile-pillar_to_Rococo.png,0.45488146,0.0,0.6661618947982788,0.0
Rococo,Ukiyo_e,Rococo__dmitry-levitzky_maria-feodorovna.jpg,images/Rococo_Rococo__dmitry-levitzky_maria-feodorovna_to_Ukiyo_e.png,0.39446574,0.0,0.6467717885971069,0.0
Rococo,Ukiyo_e,Rococo__thomas-gainsborough_a-peasant-girl-with-dog-and-jug-1785.jpg,images/Rococo_Rococo__thomas-gainsborough_a-peasant-girl-with-dog-and-jug-1785_to_Ukiyo_e.png,0.49103248,0.0,0.7088802456855774,0.0
Rococo,Ukiyo_e,Rococo__maurice-quentin-de-la-tour_marie-josephe-of-saxony-1.jpg,images/Rococo_Rococo__maurice-quentin-de-la-tour_marie-josephe-of-saxony-1_to_Ukiyo_e.png,0.43897063,0.0,0.6453988552093506,0.0
Rococo,Ukiyo_e,Rococo__bernardo-bellotto_view-of-dresden-the-dresden-fortifications-moat-with-a-bridge-between-gate-and-post-mile-pillar.jpg,images/Rococo_Rococo__bernardo-bellotto_view-of-dresden-the-dresden-fortifications-moat-with-a-bridge-between-gate-and-post-mile-pillar_to_Ukiyo_e.png,0.3988927,0.0,0.7007321119308472,0.0
Rococo,Early_Renaissance,Rococo__bernardo-bellotto_pirna-seen-from-the-right-bank-of-the-elbe.jpg,images/Rococo_Rococo__bernardo-bellotto_pirna-seen-from-the-right-bank-of-the-elbe_to_Early_Renaissance.png,0.44657046,0.0,0.7171394228935242,0.0
Rococo,Early_Renaissance,Rococo__dmitry-levitzky_portrait-of-unknown-woman-with-a-rose-1788.jpg,images/Rococo_Rococo__dmitry-levitzky_portrait-of-unknown-woman-with-a-rose-1788_to_Early_Renaissance.png,0.4357192,0.0,0.66983962059021,0.0
Rococo,Early_Renaissance,Rococo__dmitry-levitzky_portrait-of-maria-palovna-narychkina-1773.jpg,images/Rococo_Rococo__dmitry-levitzky_portrait-of-maria-palovna-narychkina-1773_to_Early_Renaissance.png,0.3934682,0.0,0.6856421232223511,0.0
Rococo,Early_Renaissance,Rococo__giovanni-domenico-tiepolo_the-new-world-1797.jpg,images/Rococo_Rococo__giovanni-domenico-tiepolo_the-new-world-1797_to_Early_Renaissance.png,0.40044346,0.0,0.7233731746673584,0.0
Rococo,Impressionism,Rococo__bernardo-bellotto_pirna-seen-from-the-right-bank-of-the-elbe.jpg,images/Rococo_Rococo__bernardo-bellotto_pirna-seen-from-the-right-bank-of-the-elbe_to_Impressionism.png,0.43000227,0.0,0.854244589805603,0.0
Rococo,Impressionism,Rococo__dmitry-levitzky_portrait-of-unknown-woman-with-a-rose-1788.jpg,images/Rococo_Rococo__dmitry-levitzky_portrait-of-unknown-woman-with-a-rose-1788_to_Impressionism.png,0.43701252,0.0,0.6516693830490112,0.0
Rococo,Impressionism,Rococo__dmitry-levitzky_portrait-of-maria-palovna-narychkina-1773.jpg,images/Rococo_Rococo__dmitry-levitzky_portrait-of-maria-palovna-narychkina-1773_to_Impressionism.png,0.43719876,0.0,0.6639040112495422,0.0
Rococo,Impressionism,Rococo__giovanni-domenico-tiepolo_the-new-world-1797.jpg,images/Rococo_Rococo__giovanni-domenico-tiepolo_the-new-world-1797_to_Impressionism.png,0.393654,0.0,0.8173877000808716,0.0
Rococo,Minimalism,Rococo__bernardo-bellotto_pirna-seen-from-the-right-bank-of-the-elbe.jpg,images/Rococo_Rococo__bernardo-bellotto_pirna-seen-from-the-right-bank-of-the-elbe_to_Minimalism.png,0.5356759,0.0,0.8466804623603821,0.0
Rococo,Minimalism,Rococo__dmitry-levitzky_portrait-of-unknown-woman-with-a-rose-1788.jpg,images/Rococo_Rococo__dmitry-levitzky_portrait-of-unknown-woman-with-a-rose-1788_to_Minimalism.png,0.5424843,0.0,0.6376280188560486,0.0
Rococo,Minimalism,Rococo__dmitry-levitzky_portrait-of-maria-palovna-narychkina-1773.jpg,images/Rococo_Rococo__dmitry-levitzky_portrait-of-maria-palovna-narychkina-1773_to_Minimalism.png,0.5383542,0.0,0.7600938081741333,0.0
Rococo,Minimalism,Rococo__giovanni-domenico-tiepolo_the-new-world-1797.jpg,images/Rococo_Rococo__giovanni-domenico-tiepolo_the-new-world-1797_to_Minimalism.png,0.4903907,0.0,0.8611729741096497,0.0
Rococo,Rococo,Rococo__bernardo-bellotto_pirna-seen-from-the-right-bank-of-the-elbe.jpg,images/Rococo_Rococo__bernardo-bellotto_pirna-seen-from-the-right-bank-of-the-elbe_to_Rococo.png,0.443013,0.0,0.7145460844039917,0.0
Rococo,Rococo,Rococo__dmitry-levitzky_portrait-of-unknown-woman-with-a-rose-1788.jpg,images/Rococo_Rococo__dmitry-levitzky_portrait-of-unknown-woman-with-a-rose-1788_to_Rococo.png,0.4410089,0.0,0.7872630953788757,0.0
Rococo,Rococo,Rococo__dmitry-levitzky_portrait-of-maria-palovna-narychkina-1773.jpg,images/Rococo_Rococo__dmitry-levitzky_portrait-of-maria-palovna-narychkina-1773_to_Rococo.png,0.4000625,0.0,0.8651828765869141,0.0
Rococo,Rococo,Rococo__giovanni-domenico-tiepolo_the-new-world-1797.jpg,images/Rococo_Rococo__giovanni-domenico-tiepolo_the-new-world-1797_to_Rococo.png,0.4131621,0.0,0.659027099609375,0.0
Rococo,Ukiyo_e,Rococo__bernardo-bellotto_pirna-seen-from-the-right-bank-of-the-elbe.jpg,images/Rococo_Rococo__bernardo-bellotto_pirna-seen-from-the-right-bank-of-the-elbe_to_Ukiyo_e.png,0.4500371,0.0,0.7225516438484192,0.0
Rococo,Ukiyo_e,Rococo__dmitry-levitzky_portrait-of-unknown-woman-with-a-rose-1788.jpg,images/Rococo_Rococo__dmitry-levitzky_portrait-of-unknown-woman-with-a-rose-1788_to_Ukiyo_e.png,0.43484148,0.0,0.6019836664199829,0.0
Rococo,Ukiyo_e,Rococo__dmitry-levitzky_portrait-of-maria-palovna-narychkina-1773.jpg,images/Rococo_Rococo__dmitry-levitzky_portrait-of-maria-palovna-narychkina-1773_to_Ukiyo_e.png,0.46843758,0.0,0.6124695539474487,0.0
Rococo,Ukiyo_e,Rococo__giovanni-domenico-tiepolo_the-new-world-1797.jpg,images/Rococo_Rococo__giovanni-domenico-tiepolo_the-new-world-1797_to_Ukiyo_e.png,0.39084986,0.0,0.6850090026855469,0.0
Rococo,Early_Renaissance,Rococo__carl-ludwig-johann-christineck_portrait-of-paul-of-russia-dressed-as-chevalier-of-the-order-of-st-andrew-1760.jpg,images/Rococo_Rococo__carl-ludwig-johann-christineck_portrait-of-paul-of-russia-dressed-as-chevalier-of-the-order-of-st-andrew-1760_to_Early_Renaissance.png,0.4185449,0.0,0.6705453395843506,0.0
Rococo,Early_Renaissance,Rococo__thomas-gainsborough_a-coastal-landscape-1782.jpg,images/Rococo_Rococo__thomas-gainsborough_a-coastal-landscape-1782_to_Early_Renaissance.png,0.43707418,0.0,0.719493567943573,0.0
Rococo,Early_Renaissance,Rococo__william-hogarth_the-countess-s-morning-levee.jpg,images/Rococo_Rococo__william-hogarth_the-countess-s-morning-levee_to_Early_Renaissance.png,0.3944426,0.0,0.7370731234550476,0.0
Rococo,Early_Renaissance,Rococo__louise-elisabeth-vigee-le-brun_the-bather-1792.jpg,images/Rococo_Rococo__louise-elisabeth-vigee-le-brun_the-bather-1792_to_Early_Renaissance.png,0.40174738,0.0,0.7173299789428711,0.0
Rococo,Impressionism,Rococo__carl-ludwig-johann-christineck_portrait-of-paul-of-russia-dressed-as-chevalier-of-the-order-of-st-andrew-1760.jpg,images/Rococo_Rococo__carl-ludwig-johann-christineck_portrait-of-paul-of-russia-dressed-as-chevalier-of-the-order-of-st-andrew-1760_to_Impressionism.png,0.4362787,0.0,0.6821938157081604,0.0
Rococo,Impressionism,Rococo__thomas-gainsborough_a-coastal-landscape-1782.jpg,images/Rococo_Rococo__thomas-gainsborough_a-coastal-landscape-1782_to_Impressionism.png,0.4376959,0.0,0.8217473030090332,0.0
Rococo,Impressionism,Rococo__william-hogarth_the-countess-s-morning-levee.jpg,images/Rococo_Rococo__william-hogarth_the-countess-s-morning-levee_to_Impressionism.png,0.4267469,0.0,0.7265244722366333,0.0
Rococo,Impressionism,Rococo__louise-elisabeth-vigee-le-brun_the-bather-1792.jpg,images/Rococo_Rococo__louise-elisabeth-vigee-le-brun_the-bather-1792_to_Impressionism.png,0.43158925,0.0,0.7658425569534302,0.0
Rococo,Minimalism,Rococo__carl-ludwig-johann-christineck_portrait-of-paul-of-russia-dressed-as-chevalier-of-the-order-of-st-andrew-1760.jpg,images/Rococo_Rococo__carl-ludwig-johann-christineck_portrait-of-paul-of-russia-dressed-as-chevalier-of-the-order-of-st-andrew-1760_to_Minimalism.png,0.55604,0.0,0.7323823571205139,0.0
Rococo,Minimalism,Rococo__thomas-gainsborough_a-coastal-landscape-1782.jpg,images/Rococo_Rococo__thomas-gainsborough_a-coastal-landscape-1782_to_Minimalism.png,0.53383785,0.0,0.8034918308258057,0.0
Rococo,Minimalism,Rococo__william-hogarth_the-countess-s-morning-levee.jpg,images/Rococo_Rococo__william-hogarth_the-countess-s-morning-levee_to_Minimalism.png,0.5028162,0.0,0.7430630922317505,0.0
Rococo,Minimalism,Rococo__louise-elisabeth-vigee-le-brun_the-bather-1792.jpg,images/Rococo_Rococo__louise-elisabeth-vigee-le-brun_the-bather-1792_to_Minimalism.png,0.5117337,0.0,0.7293124198913574,0.0
Rococo,Rococo,Rococo__carl-ludwig-johann-christineck_portrait-of-paul-of-russia-dressed-as-chevalier-of-the-order-of-st-andrew-1760.jpg,images/Rococo_Rococo__carl-ludwig-johann-christineck_portrait-of-paul-of-russia-dressed-as-chevalier-of-the-order-of-st-andrew-1760_to_Rococo.png,0.4414624,0.0,0.8121316432952881,0.0
Rococo,Rococo,Rococo__thomas-gainsborough_a-coastal-landscape-1782.jpg,images/Rococo_Rococo__thomas-gainsborough_a-coastal-landscape-1782_to_Rococo.png,0.4555874,0.0,0.6916174292564392,0.0
Rococo,Rococo,Rococo__william-hogarth_the-countess-s-morning-levee.jpg,images/Rococo_Rococo__william-hogarth_the-countess-s-morning-levee_to_Rococo.png,0.41846356,0.0,0.7504238486289978,0.0
Rococo,Rococo,Rococo__louise-elisabeth-vigee-le-brun_the-bather-1792.jpg,images/Rococo_Rococo__louise-elisabeth-vigee-le-brun_the-bather-1792_to_Rococo.png,0.41935194,0.0,0.7801769375801086,0.0
Rococo,Ukiyo_e,Rococo__carl-ludwig-johann-christineck_portrait-of-paul-of-russia-dressed-as-chevalier-of-the-order-of-st-andrew-1760.jpg,images/Rococo_Rococo__carl-ludwig-johann-christineck_portrait-of-paul-of-russia-dressed-as-chevalier-of-the-order-of-st-andrew-1760_to_Ukiyo_e.png,0.44259024,0.0,0.6872644424438477,0.0
Rococo,Ukiyo_e,Rococo__thomas-gainsborough_a-coastal-landscape-1782.jpg,images/Rococo_Rococo__thomas-gainsborough_a-coastal-landscape-1782_to_Ukiyo_e.png,0.43371603,0.0,0.6983939409255981,0.0
Rococo,Ukiyo_e,Rococo__william-hogarth_the-countess-s-morning-levee.jpg,images/Rococo_Rococo__william-hogarth_the-countess-s-morning-levee_to_Ukiyo_e.png,0.41779155,0.0,0.6673746705055237,0.0
Rococo,Ukiyo_e,Rococo__louise-elisabeth-vigee-le-brun_the-bather-1792.jpg,images/Rococo_Rococo__louise-elisabeth-vigee-le-brun_the-bather-1792_to_Ukiyo_e.png,0.42076924,0.0,0.6978786587715149,0.0
Rococo,Early_Renaissance,Rococo__jean-marc-nattier_portrait-of-louis-tocqu-1762.jpg,images/Rococo_Rococo__jean-marc-nattier_portrait-of-louis-tocqu-1762_to_Early_Renaissance.png,0.45019826,0.0,0.6444222927093506,0.0
Rococo,Early_Renaissance,Rococo__thomas-gainsborough_john-plampin.jpg,images/Rococo_Rococo__thomas-gainsborough_john-plampin_to_Early_Renaissance.png,0.4329595,0.0,0.6759927272796631,0.0
Rococo,Early_Renaissance,Rococo__antoine-watteau_head-of-a-man.jpg,images/Rococo_Rococo__antoine-watteau_head-of-a-man_to_Early_Renaissance.png,0.4220296,0.0,0.7886866331100464,0.0
Rococo,Early_Renaissance,Rococo__francois-boucher_portrait-of-madame-boucher-1745.jpg,images/Rococo_Rococo__francois-boucher_portrait-of-madame-boucher-1745_to_Early_Renaissance.png,0.45188868,0.0,0.7390319108963013,0.0
Rococo,Impressionism,Rococo__jean-marc-nattier_portrait-of-louis-tocqu-1762.jpg,images/Rococo_Rococo__jean-marc-nattier_portrait-of-louis-tocqu-1762_to_Impressionism.png,0.4772197,0.0,0.6205815672874451,0.0
Rococo,Impressionism,Rococo__thomas-gainsborough_john-plampin.jpg,images/Rococo_Rococo__thomas-gainsborough_john-plampin_to_Impressionism.png,0.4439221,0.0,0.7783024311065674,0.0
Rococo,Impressionism,Rococo__antoine-watteau_head-of-a-man.jpg,images/Rococo_Rococo__antoine-watteau_head-of-a-man_to_Impressionism.png,0.40667793,0.0,0.7247186899185181,0.0
Rococo,Impressionism,Rococo__francois-boucher_portrait-of-madame-boucher-1745.jpg,images/Rococo_Rococo__francois-boucher_portrait-of-madame-boucher-1745_to_Impressionism.png,0.46339494,0.0,0.6896945834159851,0.0
Rococo,Minimalism,Rococo__jean-marc-nattier_portrait-of-louis-tocqu-1762.jpg,images/Rococo_Rococo__jean-marc-nattier_portrait-of-louis-tocqu-1762_to_Minimalism.png,0.57333183,0.0,0.6877180933952332,0.0
Rococo,Minimalism,Rococo__thomas-gainsborough_john-plampin.jpg,images/Rococo_Rococo__thomas-gainsborough_john-plampin_to_Minimalism.png,0.53873646,0.0,0.8130103349685669,0.0
Rococo,Minimalism,Rococo__antoine-watteau_head-of-a-man.jpg,images/Rococo_Rococo__antoine-watteau_head-of-a-man_to_Minimalism.png,0.46617153,0.0,0.8313064575195312,0.0
Rococo,Minimalism,Rococo__francois-boucher_portrait-of-madame-boucher-1745.jpg,images/Rococo_Rococo__francois-boucher_portrait-of-madame-boucher-1745_to_Minimalism.png,0.5068165,0.0,0.7967779040336609,0.0
Rococo,Rococo,Rococo__jean-marc-nattier_portrait-of-louis-tocqu-1762.jpg,images/Rococo_Rococo__jean-marc-nattier_portrait-of-louis-tocqu-1762_to_Rococo.png,0.47413737,0.0,0.8548372983932495,0.0
Rococo,Rococo,Rococo__thomas-gainsborough_john-plampin.jpg,images/Rococo_Rococo__thomas-gainsborough_john-plampin_to_Rococo.png,0.45467392,0.0,0.7712923884391785,0.0
Rococo,Rococo,Rococo__antoine-watteau_head-of-a-man.jpg,images/Rococo_Rococo__antoine-watteau_head-of-a-man_to_Rococo.png,0.4678722,0.0,0.7213174104690552,0.0
Rococo,Rococo,Rococo__francois-boucher_portrait-of-madame-boucher-1745.jpg,images/Rococo_Rococo__francois-boucher_portrait-of-madame-boucher-1745_to_Rococo.png,0.49531168,0.0,0.8210626840591431,0.0
Rococo,Ukiyo_e,Rococo__jean-marc-nattier_portrait-of-louis-tocqu-1762.jpg,images/Rococo_Rococo__jean-marc-nattier_portrait-of-louis-tocqu-1762_to_Ukiyo_e.png,0.47175312,0.0,0.6002412438392639,0.0
Rococo,Ukiyo_e,Rococo__thomas-gainsborough_john-plampin.jpg,images/Rococo_Rococo__thomas-gainsborough_john-plampin_to_Ukiyo_e.png,0.4366874,0.0,0.7418188452720642,0.0
Rococo,Ukiyo_e,Rococo__antoine-watteau_head-of-a-man.jpg,images/Rococo_Rococo__antoine-watteau_head-of-a-man_to_Ukiyo_e.png,0.36582366,0.0,0.7161288261413574,0.0
Rococo,Ukiyo_e,Rococo__francois-boucher_portrait-of-madame-boucher-1745.jpg,images/Rococo_Rococo__francois-boucher_portrait-of-madame-boucher-1745_to_Ukiyo_e.png,0.40786555,0.0,0.7118954658508301,0.0
Rococo,Early_Renaissance,Rococo__joseph-wright_mr-and-mrs-thomas-coltman.jpg,images/Rococo_Rococo__joseph-wright_mr-and-mrs-thomas-coltman_to_Early_Renaissance.png,0.46735317,0.0,0.692622184753418,0.0
Rococo,Early_Renaissance,Rococo__antoine-watteau_the-delicate-musician.jpg,images/Rococo_Rococo__antoine-watteau_the-delicate-musician_to_Early_Renaissance.png,0.47932488,0.0,0.6844821572303772,0.0
Rococo,Early_Renaissance,Rococo__joseph-wright_d-ewes-coke-his-wife-hannah-and-daniel-parker-coke.jpg,images/Rococo_Rococo__joseph-wright_d-ewes-coke-his-wife-hannah-and-daniel-parker-coke_to_Early_Renaissance.png,0.47379506,0.0,0.6899005174636841,0.0
Rococo,Early_Renaissance,Rococo__thomas-gainsborough_robert-butcher-of-walthamstan.jpg,images/Rococo_Rococo__thomas-gainsborough_robert-butcher-of-walthamstan_to_Early_Renaissance.png,0.48721576,0.0,0.6256986260414124,0.0
Rococo,Impressionism,Rococo__joseph-wright_mr-and-mrs-thomas-coltman.jpg,images/Rococo_Rococo__joseph-wright_mr-and-mrs-thomas-coltman_to_Impressionism.png,0.4827501,0.0,0.8110922574996948,0.0
Rococo,Impressionism,Rococo__antoine-watteau_the-delicate-musician.jpg,images/Rococo_Rococo__antoine-watteau_the-delicate-musician_to_Impressionism.png,0.50729835,0.0,0.7801327705383301,0.0
Rococo,Impressionism,Rococo__joseph-wright_d-ewes-coke-his-wife-hannah-and-daniel-parker-coke.jpg,images/Rococo_Rococo__joseph-wright_d-ewes-coke-his-wife-hannah-and-daniel-parker-coke_to_Impressionism.png,0.5005512,0.0,0.6897445917129517,0.0
Rococo,Impressionism,Rococo__thomas-gainsborough_robert-butcher-of-walthamstan.jpg,images/Rococo_Rococo__thomas-gainsborough_robert-butcher-of-walthamstan_to_Impressionism.png,0.52220476,0.0,0.6144098043441772,0.0
Rococo,Minimalism,Rococo__joseph-wright_mr-and-mrs-thomas-coltman.jpg,images/Rococo_Rococo__joseph-wright_mr-and-mrs-thomas-coltman_to_Minimalism.png,0.55923444,0.0,0.8116081953048706,0.0
Rococo,Minimalism,Rococo__antoine-watteau_the-delicate-musician.jpg,images/Rococo_Rococo__antoine-watteau_the-delicate-musician_to_Minimalism.png,0.6016205,0.0,0.7390302419662476,0.0
Rococo,Minimalism,Rococo__joseph-wright_d-ewes-coke-his-wife-hannah-and-daniel-parker-coke.jpg,images/Rococo_Rococo__joseph-wright_d-ewes-coke-his-wife-hannah-and-daniel-parker-coke_to_Minimalism.png,0.57734084,0.0,0.6836769580841064,0.0
Rococo,Minimalism,Rococo__thomas-gainsborough_robert-butcher-of-walthamstan.jpg,images/Rococo_Rococo__thomas-gainsborough_robert-butcher-of-walthamstan_to_Minimalism.png,0.5783416,0.0,0.8084219098091125,0.0
Rococo,Rococo,Rococo__joseph-wright_mr-and-mrs-thomas-coltman.jpg,images/Rococo_Rococo__joseph-wright_mr-and-mrs-thomas-coltman_to_Rococo.png,0.4991781,0.0,0.7548654079437256,0.0
Rococo,Rococo,Rococo__antoine-watteau_the-delicate-musician.jpg,images/Rococo_Rococo__antoine-watteau_the-delicate-musician_to_Rococo.png,0.5173409,0.0,0.7252132296562195,0.0
Rococo,Rococo,Rococo__joseph-wright_d-ewes-coke-his-wife-hannah-and-daniel-parker-coke.jpg,images/Rococo_Rococo__joseph-wright_d-ewes-coke-his-wife-hannah-and-daniel-parker-coke_to_Rococo.png,0.5041561,0.0,0.7854113578796387,0.0
Rococo,Rococo,Rococo__thomas-gainsborough_robert-butcher-of-walthamstan.jpg,images/Rococo_Rococo__thomas-gainsborough_robert-butcher-of-walthamstan_to_Rococo.png,0.5132668,0.0,0.7986189723014832,0.0
Rococo,Ukiyo_e,Rococo__joseph-wright_mr-and-mrs-thomas-coltman.jpg,images/Rococo_Rococo__joseph-wright_mr-and-mrs-thomas-coltman_to_Ukiyo_e.png,0.47532645,0.0,0.738561749458313,0.0
Rococo,Ukiyo_e,Rococo__antoine-watteau_the-delicate-musician.jpg,images/Rococo_Rococo__antoine-watteau_the-delicate-musician_to_Ukiyo_e.png,0.5007621,0.0,0.6560807228088379,0.0
Rococo,Ukiyo_e,Rococo__joseph-wright_d-ewes-coke-his-wife-hannah-and-daniel-parker-coke.jpg,images/Rococo_Rococo__joseph-wright_d-ewes-coke-his-wife-hannah-and-daniel-parker-coke_to_Ukiyo_e.png,0.47985235,0.0,0.6740602254867554,0.0
Rococo,Ukiyo_e,Rococo__thomas-gainsborough_robert-butcher-of-walthamstan.jpg,images/Rococo_Rococo__thomas-gainsborough_robert-butcher-of-walthamstan_to_Ukiyo_e.png,0.5215387,0.0,0.5750377774238586,0.0
Rococo,Early_Renaissance,Rococo__benjamin-west_the-angel-of-the-lord-announcing-the-resurrection-1805.jpg,images/Rococo_Rococo__benjamin-west_the-angel-of-the-lord-announcing-the-resurrection-1805_to_Early_Renaissance.png,0.4213106,0.0,0.8325759172439575,0.0
Rococo,Early_Renaissance,Rococo__pietro-longhi_the-tooth-extractor.jpg,images/Rococo_Rococo__pietro-longhi_the-tooth-extractor_to_Early_Renaissance.png,0.4140337,0.0,0.7849717140197754,0.0
Rococo,Early_Renaissance,Rococo__canaletto_london-the-thames-and-the-city-of-london-from-the-terrace-of-richmond-house.jpg,images/Rococo_Rococo__canaletto_london-the-thames-and-the-city-of-london-from-the-terrace-of-richmond-house_to_Early_Renaissance.png,0.39358604,0.0,0.6371442675590515,0.0
Rococo,Early_Renaissance,Rococo__carl-ludwig-johann-christineck_nikolai-mordvinov-1771.jpg,images/Rococo_Rococo__carl-ludwig-johann-christineck_nikolai-mordvinov-1771_to_Early_Renaissance.png,0.46227768,0.0,0.7379021644592285,0.0
Rococo,Impressionism,Rococo__benjamin-west_the-angel-of-the-lord-announcing-the-resurrection-1805.jpg,images/Rococo_Rococo__benjamin-west_the-angel-of-the-lord-announcing-the-resurrection-1805_to_Impressionism.png,0.4461221,0.0,0.7652846574783325,0.0
Rococo,Impressionism,Rococo__pietro-longhi_the-tooth-extractor.jpg,images/Rococo_Rococo__pietro-longhi_the-tooth-extractor_to_Impressionism.png,0.43458527,0.0,0.7390732765197754,0.0
Rococo,Impressionism,Rococo__canaletto_london-the-thames-and-the-city-of-london-from-the-terrace-of-richmond-house.jpg,images/Rococo_Rococo__canaletto_london-the-thames-and-the-city-of-london-from-the-terrace-of-richmond-house_to_Impressionism.png,0.36563492,0.0,0.744500994682312,0.0
Rococo,Impressionism,Rococo__carl-ludwig-johann-christineck_nikolai-mordvinov-1771.jpg,images/Rococo_Rococo__carl-ludwig-johann-christineck_nikolai-mordvinov-1771_to_Impressionism.png,0.4822889,0.0,0.7127940058708191,0.0
Rococo,Minimalism,Rococo__benjamin-west_the-angel-of-the-lord-announcing-the-resurrection-1805.jpg,images/Rococo_Rococo__benjamin-west_the-angel-of-the-lord-announcing-the-resurrection-1805_to_Minimalism.png,0.5453677,0.0,0.7683689594268799,0.0
Rococo,Minimalism,Rococo__pietro-longhi_the-tooth-extractor.jpg,images/Rococo_Rococo__pietro-longhi_the-tooth-extractor_to_Minimalism.png,0.5298421,0.0,0.8230119943618774,0.0
Rococo,Minimalism,Rococo__canaletto_london-the-thames-and-the-city-of-london-from-the-terrace-of-richmond-house.jpg,images/Rococo_Rococo__canaletto_london-the-thames-and-the-city-of-london-from-the-terrace-of-richmond-house_to_Minimalism.png,0.40220907,0.0,0.8631818890571594,0.0
Rococo,Minimalism,Rococo__carl-ludwig-johann-christineck_nikolai-mordvinov-1771.jpg,images/Rococo_Rococo__carl-ludwig-johann-christineck_nikolai-mordvinov-1771_to_Minimalism.png,0.5763756,0.0,0.7296011447906494,0.0
Rococo,Rococo,Rococo__benjamin-west_the-angel-of-the-lord-announcing-the-resurrection-1805.jpg,images/Rococo_Rococo__benjamin-west_the-angel-of-the-lord-announcing-the-resurrection-1805_to_Rococo.png,0.44857025,0.0,0.7384462952613831,0.0
Rococo,Rococo,Rococo__pietro-longhi_the-tooth-extractor.jpg,images/Rococo_Rococo__pietro-longhi_the-tooth-extractor_to_Rococo.png,0.4485931,0.0,0.7475911378860474,0.0
Rococo,Rococo,Rococo__canaletto_london-the-thames-and-the-city-of-london-from-the-terrace-of-richmond-house.jpg,images/Rococo_Rococo__canaletto_london-the-thames-and-the-city-of-london-from-the-terrace-of-richmond-house_to_Rococo.png,0.4143209,0.0,0.6239523887634277,0.0
Rococo,Rococo,Rococo__carl-ludwig-johann-christineck_nikolai-mordvinov-1771.jpg,images/Rococo_Rococo__carl-ludwig-johann-christineck_nikolai-mordvinov-1771_to_Rococo.png,0.48370397,0.0,0.837939977645874,0.0
Rococo,Ukiyo_e,Rococo__benjamin-west_the-angel-of-the-lord-announcing-the-resurrection-1805.jpg,images/Rococo_Rococo__benjamin-west_the-angel-of-the-lord-announcing-the-resurrection-1805_to_Ukiyo_e.png,0.43925083,0.0,0.6922029256820679,0.0
Rococo,Ukiyo_e,Rococo__pietro-longhi_the-tooth-extractor.jpg,images/Rococo_Rococo__pietro-longhi_the-tooth-extractor_to_Ukiyo_e.png,0.42587316,0.0,0.7075845003128052,0.0
Rococo,Ukiyo_e,Rococo__canaletto_london-the-thames-and-the-city-of-london-from-the-terrace-of-richmond-house.jpg,images/Rococo_Rococo__canaletto_london-the-thames-and-the-city-of-london-from-the-terrace-of-richmond-house_to_Ukiyo_e.png,0.3095461,0.0,0.6851770877838135,0.0
Rococo,Ukiyo_e,Rococo__carl-ludwig-johann-christineck_nikolai-mordvinov-1771.jpg,images/Rococo_Rococo__carl-ludwig-johann-christineck_nikolai-mordvinov-1771_to_Ukiyo_e.png,0.4725341,0.0,0.718256413936615,0.0
Rococo,Early_Renaissance,Rococo__maurice-quentin-de-la-tour_study-for-portrait-of-mademoiselle-dangeville-1.jpg,images/Rococo_Rococo__maurice-quentin-de-la-tour_study-for-portrait-of-mademoiselle-dangeville-1_to_Early_Renaissance.png,0.4090107,0.0,0.6697428226470947,0.0
Rococo,Early_Renaissance,Rococo__antoine-pesne_carl-heinrich-graun.jpg,images/Rococo_Rococo__antoine-pesne_carl-heinrich-graun_to_Early_Renaissance.png,0.39995837,0.0,0.6727129817008972,0.0
Rococo,Early_Renaissance,Rococo__benjamin-west_self-portrait-1770.jpg,images/Rococo_Rococo__benjamin-west_self-portrait-1770_to_Early_Renaissance.png,0.39311832,0.0,0.6573571562767029,0.0
Rococo,Early_Renaissance,Rococo__louise-elisabeth-vigee-le-brun_portrait-of-joseph-vernet-1778.jpg,images/Rococo_Rococo__louise-elisabeth-vigee-le-brun_portrait-of-joseph-vernet-1778_to_Early_Renaissance.png,0.4427888,0.0,0.6904860734939575,0.0
Rococo,Impressionism,Rococo__maurice-quentin-de-la-tour_study-for-portrait-of-mademoiselle-dangeville-1.jpg,images/Rococo_Rococo__maurice-quentin-de-la-tour_study-for-portrait-of-mademoiselle-dangeville-1_to_Impressionism.png,0.41222304,0.0,0.6794354915618896,0.0
Rococo,Impressionism,Rococo__antoine-pesne_carl-heinrich-graun.jpg,images/Rococo_Rococo__antoine-pesne_carl-heinrich-graun_to_Impressionism.png,0.40828043,0.0,0.6864272356033325,0.0
Rococo,Impressionism,Rococo__benjamin-west_self-portrait-1770.jpg,images/Rococo_Rococo__benjamin-west_self-portrait-1770_to_Impressionism.png,0.40983266,0.0,0.6709317564964294,0.0
Rococo,Impressionism,Rococo__louise-elisabeth-vigee-le-brun_portrait-of-joseph-vernet-1778.jpg,images/Rococo_Rococo__louise-elisabeth-vigee-le-brun_portrait-of-joseph-vernet-1778_to_Impressionism.png,0.45708942,0.0,0.664033055305481,0.0
Rococo,Minimalism,Rococo__maurice-quentin-de-la-tour_study-for-portrait-of-mademoiselle-dangeville-1.jpg,images/Rococo_Rococo__maurice-quentin-de-la-tour_study-for-portrait-of-mademoiselle-dangeville-1_to_Minimalism.png,0.5159744,0.0,0.6458537578582764,0.0
Rococo,Minimalism,Rococo__antoine-pesne_carl-heinrich-graun.jpg,images/Rococo_Rococo__antoine-pesne_carl-heinrich-graun_to_Minimalism.png,0.5375557,0.0,0.7096516489982605,0.0
Rococo,Minimalism,Rococo__benjamin-west_self-portrait-1770.jpg,images/Rococo_Rococo__benjamin-west_self-portrait-1770_to_Minimalism.png,0.539783,0.0,0.7005810737609863,0.0
Rococo,Minimalism,Rococo__louise-elisabeth-vigee-le-brun_portrait-of-joseph-vernet-1778.jpg,images/Rococo_Rococo__louise-elisabeth-vigee-le-brun_portrait-of-joseph-vernet-1778_to_Minimalism.png,0.5496283,0.0,0.6994134187698364,0.0
Rococo,Rococo,Rococo__maurice-quentin-de-la-tour_study-for-portrait-of-mademoiselle-dangeville-1.jpg,images/Rococo_Rococo__maurice-quentin-de-la-tour_study-for-portrait-of-mademoiselle-dangeville-1_to_Rococo.png,0.4191171,0.0,0.7596526145935059,0.0
Rococo,Rococo,Rococo__antoine-pesne_carl-heinrich-graun.jpg,images/Rococo_Rococo__antoine-pesne_carl-heinrich-graun_to_Rococo.png,0.4061796,0.0,0.8174012303352356,0.0
Rococo,Rococo,Rococo__benjamin-west_self-portrait-1770.jpg,images/Rococo_Rococo__benjamin-west_self-portrait-1770_to_Rococo.png,0.41177368,0.0,0.8040885925292969,0.0
Rococo,Rococo,Rococo__louise-elisabeth-vigee-le-brun_portrait-of-joseph-vernet-1778.jpg,images/Rococo_Rococo__louise-elisabeth-vigee-le-brun_portrait-of-joseph-vernet-1778_to_Rococo.png,0.45231247,0.0,0.8334367871284485,0.0
Rococo,Ukiyo_e,Rococo__maurice-quentin-de-la-tour_study-for-portrait-of-mademoiselle-dangeville-1.jpg,images/Rococo_Rococo__maurice-quentin-de-la-tour_study-for-portrait-of-mademoiselle-dangeville-1_to_Ukiyo_e.png,0.4042363,0.0,0.5694846510887146,0.0
Rococo,Ukiyo_e,Rococo__antoine-pesne_carl-heinrich-graun.jpg,images/Rococo_Rococo__antoine-pesne_carl-heinrich-graun_to_Ukiyo_e.png,0.39814,0.0,0.6464890241622925,0.0
Rococo,Ukiyo_e,Rococo__benjamin-west_self-portrait-1770.jpg,images/Rococo_Rococo__benjamin-west_self-portrait-1770_to_Ukiyo_e.png,0.43044573,0.0,0.6755751371383667,0.0
Rococo,Ukiyo_e,Rococo__louise-elisabeth-vigee-le-brun_portrait-of-joseph-vernet-1778.jpg,images/Rococo_Rococo__louise-elisabeth-vigee-le-brun_portrait-of-joseph-vernet-1778_to_Ukiyo_e.png,0.46042594,0.0,0.6452125310897827,0.0
Ukiyo_e,Early_Renaissance,Ukiyo_e__utagawa-kunisada_not_detected_240381(1).jpg,images/Ukiyo_e_Ukiyo_e__utagawa-kunisada_not_detected_240381(1)_to_Early_Renaissance.png,0.4448308,0.0,0.7283414602279663,0.0
Ukiyo_e,Early_Renaissance,Ukiyo_e__tsukioka-yoshitoshi_not_detected_242419.jpg,images/Ukiyo_e_Ukiyo_e__tsukioka-yoshitoshi_not_detected_242419_to_Early_Renaissance.png,0.3922038,0.0,0.6747760772705078,0.0
Ukiyo_e,Early_Renaissance,Ukiyo_e__kitagawa-utamaro_upon-my-oath.jpg,images/Ukiyo_e_Ukiyo_e__kitagawa-utamaro_upon-my-oath_to_Early_Renaissance.png,0.3585958,0.0,0.6040387153625488,0.0
Ukiyo_e,Early_Renaissance,Ukiyo_e__utagawa-kuniyoshi_tamatori-being-pursued-bya-dragon.jpg,images/Ukiyo_e_Ukiyo_e__utagawa-kuniyoshi_tamatori-being-pursued-bya-dragon_to_Early_Renaissance.png,0.45612377,0.0,0.7585375905036926,0.0
Ukiyo_e,Impressionism,Ukiyo_e__utagawa-kunisada_not_detected_240381(1).jpg,images/Ukiyo_e_Ukiyo_e__utagawa-kunisada_not_detected_240381(1)_to_Impressionism.png,0.43353003,0.0,0.7483453154563904,0.0
Ukiyo_e,Impressionism,Ukiyo_e__tsukioka-yoshitoshi_not_detected_242419.jpg,images/Ukiyo_e_Ukiyo_e__tsukioka-yoshitoshi_not_detected_242419_to_Impressionism.png,0.37909997,0.0,0.7237553000450134,0.0
Ukiyo_e,Impressionism,Ukiyo_e__kitagawa-utamaro_upon-my-oath.jpg,images/Ukiyo_e_Ukiyo_e__kitagawa-utamaro_upon-my-oath_to_Impressionism.png,0.34769765,0.0,0.6467496156692505,0.0
Ukiyo_e,Impressionism,Ukiyo_e__utagawa-kuniyoshi_tamatori-being-pursued-bya-dragon.jpg,images/Ukiyo_e_Ukiyo_e__utagawa-kuniyoshi_tamatori-being-pursued-bya-dragon_to_Impressionism.png,0.45724958,0.0,0.7684570550918579,0.0
Ukiyo_e,Minimalism,Ukiyo_e__utagawa-kunisada_not_detected_240381(1).jpg,images/Ukiyo_e_Ukiyo_e__utagawa-kunisada_not_detected_240381(1)_to_Minimalism.png,0.50762606,0.0,0.8663195371627808,0.0
Ukiyo_e,Minimalism,Ukiyo_e__tsukioka-yoshitoshi_not_detected_242419.jpg,images/Ukiyo_e_Ukiyo_e__tsukioka-yoshitoshi_not_detected_242419_to_Minimalism.png,0.48738697,0.0,0.8504452109336853,0.0
Ukiyo_e,Minimalism,Ukiyo_e__kitagawa-utamaro_upon-my-oath.jpg,images/Ukiyo_e_Ukiyo_e__kitagawa-utamaro_upon-my-oath_to_Minimalism.png,0.41371828,0.0,0.7857388854026794,0.0
Ukiyo_e,Minimalism,Ukiyo_e__utagawa-kuniyoshi_tamatori-being-pursued-bya-dragon.jpg,images/Ukiyo_e_Ukiyo_e__utagawa-kuniyoshi_tamatori-being-pursued-bya-dragon_to_Minimalism.png,0.55318975,0.0,0.808245062828064,0.0
Ukiyo_e,Rococo,Ukiyo_e__utagawa-kunisada_not_detected_240381(1).jpg,images/Ukiyo_e_Ukiyo_e__utagawa-kunisada_not_detected_240381(1)_to_Rococo.png,0.46584588,0.0,0.7212469577789307,0.0
Ukiyo_e,Rococo,Ukiyo_e__tsukioka-yoshitoshi_not_detected_242419.jpg,images/Ukiyo_e_Ukiyo_e__tsukioka-yoshitoshi_not_detected_242419_to_Rococo.png,0.4151907,0.0,0.5849974155426025,0.0
Ukiyo_e,Rococo,Ukiyo_e__kitagawa-utamaro_upon-my-oath.jpg,images/Ukiyo_e_Ukiyo_e__kitagawa-utamaro_upon-my-oath_to_Rococo.png,0.38153538,0.0,0.6116327047348022,0.0
Ukiyo_e,Rococo,Ukiyo_e__utagawa-kuniyoshi_tamatori-being-pursued-bya-dragon.jpg,images/Ukiyo_e_Ukiyo_e__utagawa-kuniyoshi_tamatori-being-pursued-bya-dragon_to_Rococo.png,0.47319746,0.0,0.664067804813385,0.0
Ukiyo_e,Ukiyo_e,Ukiyo_e__utagawa-kunisada_not_detected_240381(1).jpg,images/Ukiyo_e_Ukiyo_e__utagawa-kunisada_not_detected_240381(1)_to_Ukiyo_e.png,0.4048255,0.0,0.8878936767578125,0.0
Ukiyo_e,Ukiyo_e,Ukiyo_e__tsukioka-yoshitoshi_not_detected_242419.jpg,images/Ukiyo_e_Ukiyo_e__tsukioka-yoshitoshi_not_detected_242419_to_Ukiyo_e.png,0.36794263,0.0,0.7736594676971436,0.0
Ukiyo_e,Ukiyo_e,Ukiyo_e__kitagawa-utamaro_upon-my-oath.jpg,images/Ukiyo_e_Ukiyo_e__kitagawa-utamaro_upon-my-oath_to_Ukiyo_e.png,0.30295217,0.0,0.8626757860183716,0.0
Ukiyo_e,Ukiyo_e,Ukiyo_e__utagawa-kuniyoshi_tamatori-being-pursued-bya-dragon.jpg,images/Ukiyo_e_Ukiyo_e__utagawa-kuniyoshi_tamatori-being-pursued-bya-dragon_to_Ukiyo_e.png,0.45379382,0.0,0.7650827169418335,0.0
Ukiyo_e,Early_Renaissance,Ukiyo_e__utagawa-kuniyoshi_a-record-of-origins-of-the-great-country-of-japan.jpg,images/Ukiyo_e_Ukiyo_e__utagawa-kuniyoshi_a-record-of-origins-of-the-great-country-of-japan_to_Early_Renaissance.png,0.37969896,0.0,0.739331841468811,0.0
Ukiyo_e,Early_Renaissance,Ukiyo_e__katsushika-hokusai_woman-looking-at-herself-in-a-mirror.jpg,images/Ukiyo_e_Ukiyo_e__katsushika-hokusai_woman-looking-at-herself-in-a-mirror_to_Early_Renaissance.png,0.4049179,0.0,0.7174995541572571,0.0
Ukiyo_e,Early_Renaissance,Ukiyo_e__katsushika-hokusai_ono-shindon-in-the-suraga-province.jpg,images/Ukiyo_e_Ukiyo_e__katsushika-hokusai_ono-shindon-in-the-suraga-province_to_Early_Renaissance.png,0.38718095,0.0,0.6796596646308899,0.0
Ukiyo_e,Early_Renaissance,Ukiyo_e__ogata-gekko_nihon-hana-zue-1896.jpg,images/Ukiyo_e_Ukiyo_e__ogata-gekko_nihon-hana-zue-1896_to_Early_Renaissance.png,0.4352059,0.0,0.682988166809082,0.0
Ukiyo_e,Impressionism,Ukiyo_e__utagawa-kuniyoshi_a-record-of-origins-of-the-great-country-of-japan.jpg,images/Ukiyo_e_Ukiyo_e__utagawa-kuniyoshi_a-record-of-origins-of-the-great-country-of-japan_to_Impressionism.png,0.3893338,0.0,0.7292035818099976,0.0
Ukiyo_e,Impressionism,Ukiyo_e__katsushika-hokusai_woman-looking-at-herself-in-a-mirror.jpg,images/Ukiyo_e_Ukiyo_e__katsushika-hokusai_woman-looking-at-herself-in-a-mirror_to_Impressionism.png,0.38931718,0.0,0.7149800062179565,0.0
Ukiyo_e,Impressionism,Ukiyo_e__katsushika-hokusai_ono-shindon-in-the-suraga-province.jpg,images/Ukiyo_e_Ukiyo_e__katsushika-hokusai_ono-shindon-in-the-suraga-province_to_Impressionism.png,0.3775043,0.0,0.7003530263900757,0.0
Ukiyo_e,Impressionism,Ukiyo_e__ogata-gekko_nihon-hana-zue-1896.jpg,images/Ukiyo_e_Ukiyo_e__ogata-gekko_nihon-hana-zue-1896_to_Impressionism.png,0.40412813,0.0,0.7535516619682312,0.0
Ukiyo_e,Minimalism,Ukiyo_e__utagawa-kuniyoshi_a-record-of-origins-of-the-great-country-of-japan.jpg,images/Ukiyo_e_Ukiyo_e__utagawa-kuniyoshi_a-record-of-origins-of-the-great-country-of-japan_to_Minimalism.png,0.47704738,0.0,0.8254339694976807,0.0
Ukiyo_e,Minimalism,Ukiyo_e__katsushika-hokusai_woman-looking-at-herself-in-a-mirror.jpg,images/Ukiyo_e_Ukiyo_e__katsushika-hokusai_woman-looking-at-herself-in-a-mirror_to_Minimalism.png,0.5121653,0.0,0.8697012662887573,0.0
Ukiyo_e,Minimalism,Ukiyo_e__katsushika-hokusai_ono-shindon-in-the-suraga-province.jpg,images/Ukiyo_e_Ukiyo_e__katsushika-hokusai_ono-shindon-in-the-suraga-province_to_Minimalism.png,0.45566058,0.0,0.7775532603263855,0.0
Ukiyo_e,Minimalism,Ukiyo_e__ogata-gekko_nihon-hana-zue-1896.jpg,images/Ukiyo_e_Ukiyo_e__ogata-gekko_nihon-hana-zue-1896_to_Minimalism.png,0.42834932,0.0,0.8361322283744812,0.0
Ukiyo_e,Rococo,Ukiyo_e__utagawa-kuniyoshi_a-record-of-origins-of-the-great-country-of-japan.jpg,images/Ukiyo_e_Ukiyo_e__utagawa-kuniyoshi_a-record-of-origins-of-the-great-country-of-japan_to_Rococo.png,0.40866038,0.0,0.6485052704811096,0.0
Ukiyo_e,Rococo,Ukiyo_e__katsushika-hokusai_woman-looking-at-herself-in-a-mirror.jpg,images/Ukiyo_e_Ukiyo_e__katsushika-hokusai_woman-looking-at-herself-in-a-mirror_to_Rococo.png,0.42393795,0.0,0.6632514595985413,0.0
Ukiyo_e,Rococo,Ukiyo_e__katsushika-hokusai_ono-shindon-in-the-suraga-province.jpg,images/Ukiyo_e_Ukiyo_e__katsushika-hokusai_ono-shindon-in-the-suraga-province_to_Rococo.png,0.4171735,0.0,0.6001793742179871,0.0
Ukiyo_e,Rococo,Ukiyo_e__ogata-gekko_nihon-hana-zue-1896.jpg,images/Ukiyo_e_Ukiyo_e__ogata-gekko_nihon-hana-zue-1896_to_Rococo.png,0.45398694,0.0,0.6541969776153564,0.0
Ukiyo_e,Ukiyo_e,Ukiyo_e__utagawa-kuniyoshi_a-record-of-origins-of-the-great-country-of-japan.jpg,images/Ukiyo_e_Ukiyo_e__utagawa-kuniyoshi_a-record-of-origins-of-the-great-country-of-japan_to_Ukiyo_e.png,0.3534768,0.0,0.8263343572616577,0.0
Ukiyo_e,Ukiyo_e,Ukiyo_e__katsushika-hokusai_woman-looking-at-herself-in-a-mirror.jpg,images/Ukiyo_e_Ukiyo_e__katsushika-hokusai_woman-looking-at-herself-in-a-mirror_to_Ukiyo_e.png,0.3670461,0.0,0.8096945285797119,0.0
Ukiyo_e,Ukiyo_e,Ukiyo_e__katsushika-hokusai_ono-shindon-in-the-suraga-province.jpg,images/Ukiyo_e_Ukiyo_e__katsushika-hokusai_ono-shindon-in-the-suraga-province_to_Ukiyo_e.png,0.33747384,0.0,0.838367760181427,0.0
Ukiyo_e,Ukiyo_e,Ukiyo_e__ogata-gekko_nihon-hana-zue-1896.jpg,images/Ukiyo_e_Ukiyo_e__ogata-gekko_nihon-hana-zue-1896_to_Ukiyo_e.png,0.3230128,0.0,0.8819606304168701,0.0
Ukiyo_e,Early_Renaissance,Ukiyo_e__kitagawa-utamaro_yama-uba-and-kintaro-1.jpg,images/Ukiyo_e_Ukiyo_e__kitagawa-utamaro_yama-uba-and-kintaro-1_to_Early_Renaissance.png,0.43450427,0.0,0.6139963865280151,0.0
Ukiyo_e,Early_Renaissance,Ukiyo_e__utagawa-kunisada-ii_oichi-from-the-beauties-of-tokyo-series.jpg,images/Ukiyo_e_Ukiyo_e__utagawa-kunisada-ii_oichi-from-the-beauties-of-tokyo-series_to_Early_Renaissance.png,0.4266665,0.0,0.748151421546936,0.0
Ukiyo_e,Early_Renaissance,Ukiyo_e__kitagawa-utamaro_the-hour-of-the-horse.jpg,images/Ukiyo_e_Ukiyo_e__kitagawa-utamaro_the-hour-of-the-horse_to_Early_Renaissance.png,0.41253555,0.0,0.6960594654083252,0.0
Ukiyo_e,Early_Renaissance,Ukiyo_e__utagawa-kuniyoshi_kuzunoha.jpg,images/Ukiyo_e_Ukiyo_e__utagawa-kuniyoshi_kuzunoha_to_Early_Renaissance.png,0.39424646,0.0,0.7358095645904541,0.0
Ukiyo_e,Impressionism,Ukiyo_e__kitagawa-utamaro_yama-uba-and-kintaro-1.jpg,images/Ukiyo_e_Ukiyo_e__kitagawa-utamaro_yama-uba-and-kintaro-1_to_Impressionism.png,0.40860158,0.0,0.6651118993759155,0.0
Ukiyo_e,Impressionism,Ukiyo_e__utagawa-kunisada-ii_oichi-from-the-beauties-of-tokyo-series.jpg,images/Ukiyo_e_Ukiyo_e__utagawa-kunisada-ii_oichi-from-the-beauties-of-tokyo-series_to_Impressionism.png,0.40932077,0.0,0.7445074319839478,0.0
Ukiyo_e,Impressionism,Ukiyo_e__kitagawa-utamaro_the-hour-of-the-horse.jpg,images/Ukiyo_e_Ukiyo_e__kitagawa-utamaro_the-hour-of-the-horse_to_Impressionism.png,0.42377046,0.0,0.7188736200332642,0.0
Ukiyo_e,Impressionism,Ukiyo_e__utagawa-kuniyoshi_kuzunoha.jpg,images/Ukiyo_e_Ukiyo_e__utagawa-kuniyoshi_kuzunoha_to_Impressionism.png,0.4048685,0.0,0.6808571219444275,0.0
Ukiyo_e,Minimalism,Ukiyo_e__kitagawa-utamaro_yama-uba-and-kintaro-1.jpg,images/Ukiyo_e_Ukiyo_e__kitagawa-utamaro_yama-uba-and-kintaro-1_to_Minimalism.png,0.35187367,0.0,0.7968413829803467,0.0
Ukiyo_e,Minimalism,Ukiyo_e__utagawa-kunisada-ii_oichi-from-the-beauties-of-tokyo-series.jpg,images/Ukiyo_e_Ukiyo_e__utagawa-kunisada-ii_oichi-from-the-beauties-of-tokyo-series_to_Minimalism.png,0.5104543,0.0,0.7565816044807434,0.0
Ukiyo_e,Minimalism,Ukiyo_e__kitagawa-utamaro_the-hour-of-the-horse.jpg,images/Ukiyo_e_Ukiyo_e__kitagawa-utamaro_the-hour-of-the-horse_to_Minimalism.png,0.5209607,0.0,0.752708911895752,0.0
Ukiyo_e,Minimalism,Ukiyo_e__utagawa-kuniyoshi_kuzunoha.jpg,images/Ukiyo_e_Ukiyo_e__utagawa-kuniyoshi_kuzunoha_to_Minimalism.png,0.46430567,0.0,0.8603610992431641,0.0
Ukiyo_e,Rococo,Ukiyo_e__kitagawa-utamaro_yama-uba-and-kintaro-1.jpg,images/Ukiyo_e_Ukiyo_e__kitagawa-utamaro_yama-uba-and-kintaro-1_to_Rococo.png,0.4521884,0.0,0.6132088899612427,0.0
Ukiyo_e,Rococo,Ukiyo_e__utagawa-kunisada-ii_oichi-from-the-beauties-of-tokyo-series.jpg,images/Ukiyo_e_Ukiyo_e__utagawa-kunisada-ii_oichi-from-the-beauties-of-tokyo-series_to_Rococo.png,0.43112108,0.0,0.687166154384613,0.0
Ukiyo_e,Rococo,Ukiyo_e__kitagawa-utamaro_the-hour-of-the-horse.jpg,images/Ukiyo_e_Ukiyo_e__kitagawa-utamaro_the-hour-of-the-horse_to_Rococo.png,0.44442838,0.0,0.7179886698722839,0.0
Ukiyo_e,Rococo,Ukiyo_e__utagawa-kuniyoshi_kuzunoha.jpg,images/Ukiyo_e_Ukiyo_e__utagawa-kuniyoshi_kuzunoha_to_Rococo.png,0.41136312,0.0,0.627718448638916,0.0
Ukiyo_e,Ukiyo_e,Ukiyo_e__kitagawa-utamaro_yama-uba-and-kintaro-1.jpg,images/Ukiyo_e_Ukiyo_e__kitagawa-utamaro_yama-uba-and-kintaro-1_to_Ukiyo_e.png,0.30155224,0.0,0.7555890083312988,0.0
Ukiyo_e,Ukiyo_e,Ukiyo_e__utagawa-kunisada-ii_oichi-from-the-beauties-of-tokyo-series.jpg,images/Ukiyo_e_Ukiyo_e__utagawa-kunisada-ii_oichi-from-the-beauties-of-tokyo-series_to_Ukiyo_e.png,0.40216786,0.0,0.904445230960846,0.0
Ukiyo_e,Ukiyo_e,Ukiyo_e__kitagawa-utamaro_the-hour-of-the-horse.jpg,images/Ukiyo_e_Ukiyo_e__kitagawa-utamaro_the-hour-of-the-horse_to_Ukiyo_e.png,0.39457783,0.0,0.8490287661552429,0.0
Ukiyo_e,Ukiyo_e,Ukiyo_e__utagawa-kuniyoshi_kuzunoha.jpg,images/Ukiyo_e_Ukiyo_e__utagawa-kuniyoshi_kuzunoha_to_Ukiyo_e.png,0.36017236,0.0,0.8459233641624451,0.0
Ukiyo_e,Early_Renaissance,Ukiyo_e__utagawa-toyokuni_the-heian-courtier.jpg,images/Ukiyo_e_Ukiyo_e__utagawa-toyokuni_the-heian-courtier_to_Early_Renaissance.png,0.3926669,0.0,0.6631370782852173,0.0
Ukiyo_e,Early_Renaissance,Ukiyo_e__utagawa-kuniyoshi_a-man-confronted-with-an-apparition-of-the-fox-goddess.jpg,images/Ukiyo_e_Ukiyo_e__utagawa-kuniyoshi_a-man-confronted-with-an-apparition-of-the-fox-goddess_to_Early_Renaissance.png,0.44472116,0.0,0.7041523456573486,0.0
Ukiyo_e,Early_Renaissance,Ukiyo_e__utagawa-kunisada_not_detected_240333.jpg,images/Ukiyo_e_Ukiyo_e__utagawa-kunisada_not_detected_240333_to_Early_Renaissance.png,0.4324086,0.0,0.7333909869194031,0.0
Ukiyo_e,Early_Renaissance,Ukiyo_e__utagawa-kuniyoshi_tsuchigumo.jpg,images/Ukiyo_e_Ukiyo_e__utagawa-kuniyoshi_tsuchigumo_to_Early_Renaissance.png,0.44855955,0.0,0.7317073345184326,0.0
Ukiyo_e,Impressionism,Ukiyo_e__utagawa-toyokuni_the-heian-courtier.jpg,images/Ukiyo_e_Ukiyo_e__utagawa-toyokuni_the-heian-courtier_to_Impressionism.png,0.37567067,0.0,0.6901143789291382,0.0
Ukiyo_e,Impressionism,Ukiyo_e__utagawa-kuniyoshi_a-man-confronted-with-an-apparition-of-the-fox-goddess.jpg,images/Ukiyo_e_Ukiyo_e__utagawa-kuniyoshi_a-man-confronted-with-an-apparition-of-the-fox-goddess_to_Impressionism.png,0.44228745,0.0,0.6794935464859009,0.0
Ukiyo_e,Impressionism,Ukiyo_e__utagawa-kunisada_not_detected_240333.jpg,images/Ukiyo_e_Ukiyo_e__utagawa-kunisada_not_detected_240333_to_Impressionism.png,0.42369166,0.0,0.7685348391532898,0.0
Ukiyo_e,Impressionism,Ukiyo_e__utagawa-kuniyoshi_tsuchigumo.jpg,images/Ukiyo_e_Ukiyo_e__utagawa-kuniyoshi_tsuchigumo_to_Impressionism.png,0.45620733,0.0,0.7523527145385742,0.0
Ukiyo_e,Minimalism,Ukiyo_e__utagawa-toyokuni_the-heian-courtier.jpg,images/Ukiyo_e_Ukiyo_e__utagawa-toyokuni_the-heian-courtier_to_Minimalism.png,0.46239522,0.0,0.7853962182998657,0.0
Ukiyo_e,Minimalism,Ukiyo_e__utagawa-kuniyoshi_a-man-confronted-with-an-apparition-of-the-fox-goddess.jpg,images/Ukiyo_e_Ukiyo_e__utagawa-kuniyoshi_a-man-confronted-with-an-apparition-of-the-fox-goddess_to_Minimalism.png,0.56298476,0.0,0.8124189376831055,0.0
Ukiyo_e,Minimalism,Ukiyo_e__utagawa-kunisada_not_detected_240333.jpg,images/Ukiyo_e_Ukiyo_e__utagawa-kunisada_not_detected_240333_to_Minimalism.png,0.5149876,0.0,0.8740832805633545,0.0
Ukiyo_e,Minimalism,Ukiyo_e__utagawa-kuniyoshi_tsuchigumo.jpg,images/Ukiyo_e_Ukiyo_e__utagawa-kuniyoshi_tsuchigumo_to_Minimalism.png,0.5438359,0.0,0.8881111741065979,0.0
Ukiyo_e,Rococo,Ukiyo_e__utagawa-toyokuni_the-heian-courtier.jpg,images/Ukiyo_e_Ukiyo_e__utagawa-toyokuni_the-heian-courtier_to_Rococo.png,0.4262414,0.0,0.6348575353622437,0.0
Ukiyo_e,Rococo,Ukiyo_e__utagawa-kuniyoshi_a-man-confronted-with-an-apparition-of-the-fox-goddess.jpg,images/Ukiyo_e_Ukiyo_e__utagawa-kuniyoshi_a-man-confronted-with-an-apparition-of-the-fox-goddess_to_Rococo.png,0.480565,0.0,0.6778979897499084,0.0
Ukiyo_e,Rococo,Ukiyo_e__utagawa-kunisada_not_detected_240333.jpg,images/Ukiyo_e_Ukiyo_e__utagawa-kunisada_not_detected_240333_to_Rococo.png,0.47182387,0.0,0.6697458624839783,0.0
Ukiyo_e,Rococo,Ukiyo_e__utagawa-kuniyoshi_tsuchigumo.jpg,images/Ukiyo_e_Ukiyo_e__utagawa-kuniyoshi_tsuchigumo_to_Rococo.png,0.4791243,0.0,0.6929484009742737,0.0
Ukiyo_e,Ukiyo_e,Ukiyo_e__utagawa-toyokuni_the-heian-courtier.jpg,images/Ukiyo_e_Ukiyo_e__utagawa-toyokuni_the-heian-courtier_to_Ukiyo_e.png,0.3401726,0.0,0.8961749076843262,0.0
Ukiyo_e,Ukiyo_e,Ukiyo_e__utagawa-kuniyoshi_a-man-confronted-with-an-apparition-of-the-fox-goddess.jpg,images/Ukiyo_e_Ukiyo_e__utagawa-kuniyoshi_a-man-confronted-with-an-apparition-of-the-fox-goddess_to_Ukiyo_e.png,0.43238866,0.0,0.9206297993659973,0.0
Ukiyo_e,Ukiyo_e,Ukiyo_e__utagawa-kunisada_not_detected_240333.jpg,images/Ukiyo_e_Ukiyo_e__utagawa-kunisada_not_detected_240333_to_Ukiyo_e.png,0.39492404,0.0,0.7864712476730347,0.0
Ukiyo_e,Ukiyo_e,Ukiyo_e__utagawa-kuniyoshi_tsuchigumo.jpg,images/Ukiyo_e_Ukiyo_e__utagawa-kuniyoshi_tsuchigumo_to_Ukiyo_e.png,0.40768,0.0,0.839327335357666,0.0
Ukiyo_e,Early_Renaissance,Ukiyo_e__hiroshige_oiso-toraga-ame-shower-1835.jpg,images/Ukiyo_e_Ukiyo_e__hiroshige_oiso-toraga-ame-shower-1835_to_Early_Renaissance.png,0.4091763,0.0,0.6639140844345093,0.0
Ukiyo_e,Early_Renaissance,Ukiyo_e__ogata-gekko_print-from-series-women-s-customs-and-manners-1895-1.jpg,images/Ukiyo_e_Ukiyo_e__ogata-gekko_print-from-series-women-s-customs-and-manners-1895-1_to_Early_Renaissance.png,0.40990877,0.0,0.617792010307312,0.0
Ukiyo_e,Early_Renaissance,Ukiyo_e__utagawa-kunisada_not_detected_240353.jpg,images/Ukiyo_e_Ukiyo_e__utagawa-kunisada_not_detected_240353_to_Early_Renaissance.png,0.42755657,0.0,0.7290192246437073,0.0
Ukiyo_e,Early_Renaissance,Ukiyo_e__katsushika-hokusai_cargo-ship-and-wave.jpg,images/Ukiyo_e_Ukiyo_e__katsushika-hokusai_cargo-ship-and-wave_to_Early_Renaissance.png,0.31854892,0.0,0.6930051445960999,0.0
Ukiyo_e,Impressionism,Ukiyo_e__hiroshige_oiso-toraga-ame-shower-1835.jpg,images/Ukiyo_e_Ukiyo_e__hiroshige_oiso-toraga-ame-shower-1835_to_Impressionism.png,0.41701835,0.0,0.7461619973182678,0.0
Ukiyo_e,Impressionism,Ukiyo_e__ogata-gekko_print-from-series-women-s-customs-and-manners-1895-1.jpg,images/Ukiyo_e_Ukiyo_e__ogata-gekko_print-from-series-women-s-customs-and-manners-1895-1_to_Impressionism.png,0.39881238,0.0,0.681869387626648,0.0
Ukiyo_e,Impressionism,Ukiyo_e__utagawa-kunisada_not_detected_240353.jpg,images/Ukiyo_e_Ukiyo_e__utagawa-kunisada_not_detected_240353_to_Impressionism.png,0.42894298,0.0,0.7986158132553101,0.0
Ukiyo_e,Impressionism,Ukiyo_e__katsushika-hokusai_cargo-ship-and-wave.jpg,images/Ukiyo_e_Ukiyo_e__katsushika-hokusai_cargo-ship-and-wave_to_Impressionism.png,0.32371157,0.0,0.7367933392524719,0.0
Ukiyo_e,Minimalism,Ukiyo_e__hiroshige_oiso-toraga-ame-shower-1835.jpg,images/Ukiyo_e_Ukiyo_e__hiroshige_oiso-toraga-ame-shower-1835_to_Minimalism.png,0.50320137,0.0,0.838590145111084,0.0
Ukiyo_e,Minimalism,Ukiyo_e__ogata-gekko_print-from-series-women-s-customs-and-manners-1895-1.jpg,images/Ukiyo_e_Ukiyo_e__ogata-gekko_print-from-series-women-s-customs-and-manners-1895-1_to_Minimalism.png,0.43893626,0.0,0.8268706798553467,0.0
Ukiyo_e,Minimalism,Ukiyo_e__utagawa-kunisada_not_detected_240353.jpg,images/Ukiyo_e_Ukiyo_e__utagawa-kunisada_not_detected_240353_to_Minimalism.png,0.5217899,0.0,0.7626447677612305,0.0
Ukiyo_e,Minimalism,Ukiyo_e__katsushika-hokusai_cargo-ship-and-wave.jpg,images/Ukiyo_e_Ukiyo_e__katsushika-hokusai_cargo-ship-and-wave_to_Minimalism.png,0.42856362,0.0,0.8038029074668884,0.0
Ukiyo_e,Rococo,Ukiyo_e__hiroshige_oiso-toraga-ame-shower-1835.jpg,images/Ukiyo_e_Ukiyo_e__hiroshige_oiso-toraga-ame-shower-1835_to_Rococo.png,0.42138466,0.0,0.654326319694519,0.0
Ukiyo_e,Rococo,Ukiyo_e__ogata-gekko_print-from-series-women-s-customs-and-manners-1895-1.jpg,images/Ukiyo_e_Ukiyo_e__ogata-gekko_print-from-series-women-s-customs-and-manners-1895-1_to_Rococo.png,0.42850184,0.0,0.5873996019363403,0.0
Ukiyo_e,Rococo,Ukiyo_e__utagawa-kunisada_not_detected_240353.jpg,images/Ukiyo_e_Ukiyo_e__utagawa-kunisada_not_detected_240353_to_Rococo.png,0.45022768,0.0,0.6785656213760376,0.0
Ukiyo_e,Rococo,Ukiyo_e__katsushika-hokusai_cargo-ship-and-wave.jpg,images/Ukiyo_e_Ukiyo_e__katsushika-hokusai_cargo-ship-and-wave_to_Rococo.png,0.34630883,0.0,0.627507209777832,0.0
Ukiyo_e,Ukiyo_e,Ukiyo_e__hiroshige_oiso-toraga-ame-shower-1835.jpg,images/Ukiyo_e_Ukiyo_e__hiroshige_oiso-toraga-ame-shower-1835_to_Ukiyo_e.png,0.37549978,0.0,0.761887788772583,0.0
Ukiyo_e,Ukiyo_e,Ukiyo_e__ogata-gekko_print-from-series-women-s-customs-and-manners-1895-1.jpg,images/Ukiyo_e_Ukiyo_e__ogata-gekko_print-from-series-women-s-customs-and-manners-1895-1_to_Ukiyo_e.png,0.3275934,0.0,0.8498289585113525,0.0
Ukiyo_e,Ukiyo_e,Ukiyo_e__utagawa-kunisada_not_detected_240353.jpg,images/Ukiyo_e_Ukiyo_e__utagawa-kunisada_not_detected_240353_to_Ukiyo_e.png,0.4173929,0.0,0.7704364061355591,0.0
Ukiyo_e,Ukiyo_e,Ukiyo_e__katsushika-hokusai_cargo-ship-and-wave.jpg,images/Ukiyo_e_Ukiyo_e__katsushika-hokusai_cargo-ship-and-wave_to_Ukiyo_e.png,0.31284004,0.0,0.7293624877929688,0.0
Ukiyo_e,Early_Renaissance,Ukiyo_e__utagawa-kunisada_not_detected_240347.jpg,images/Ukiyo_e_Ukiyo_e__utagawa-kunisada_not_detected_240347_to_Early_Renaissance.png,0.40186206,0.0,0.6783086061477661,0.0
Ukiyo_e,Early_Renaissance,Ukiyo_e__utagawa-kuniyoshi_woman-seated-under-a-cherry-blossoms.jpg,images/Ukiyo_e_Ukiyo_e__utagawa-kuniyoshi_woman-seated-under-a-cherry-blossoms_to_Early_Renaissance.png,0.37210482,0.0,0.7078733444213867,0.0
Ukiyo_e,Early_Renaissance,Ukiyo_e__katsushika-hokusai_fishing-in-the-river-kinu.jpg,images/Ukiyo_e_Ukiyo_e__katsushika-hokusai_fishing-in-the-river-kinu_to_Early_Renaissance.png,0.38962585,0.0,0.7132957577705383,0.0
Ukiyo_e,Early_Renaissance,Ukiyo_e__utagawa-kuniyoshi_ishiyakushi.jpg,images/Ukiyo_e_Ukiyo_e__utagawa-kuniyoshi_ishiyakushi_to_Early_Renaissance.png,0.43217355,0.0,0.6079280376434326,0.0
Ukiyo_e,Impressionism,Ukiyo_e__utagawa-kunisada_not_detected_240347.jpg,images/Ukiyo_e_Ukiyo_e__utagawa-kunisada_not_detected_240347_to_Impressionism.png,0.3900677,0.0,0.7487531900405884,0.0
Ukiyo_e,Impressionism,Ukiyo_e__utagawa-kuniyoshi_woman-seated-under-a-cherry-blossoms.jpg,images/Ukiyo_e_Ukiyo_e__utagawa-kuniyoshi_woman-seated-under-a-cherry-blossoms_to_Impressionism.png,0.37380686,0.0,0.7345343232154846,0.0
Ukiyo_e,Impressionism,Ukiyo_e__katsushika-hokusai_fishing-in-the-river-kinu.jpg,images/Ukiyo_e_Ukiyo_e__katsushika-hokusai_fishing-in-the-river-kinu_to_Impressionism.png,0.38093477,0.0,0.7674964666366577,0.0
Ukiyo_e,Impressionism,Ukiyo_e__utagawa-kuniyoshi_ishiyakushi.jpg,images/Ukiyo_e_Ukiyo_e__utagawa-kuniyoshi_ishiyakushi_to_Impressionism.png,0.4298879,0.0,0.6202846765518188,0.0
Ukiyo_e,Minimalism,Ukiyo_e__utagawa-kunisada_not_detected_240347.jpg,images/Ukiyo_e_Ukiyo_e__utagawa-kunisada_not_detected_240347_to_Minimalism.png,0.46843535,0.0,0.8607767820358276,0.0
Ukiyo_e,Minimalism,Ukiyo_e__utagawa-kuniyoshi_woman-seated-under-a-cherry-blossoms.jpg,images/Ukiyo_e_Ukiyo_e__utagawa-kuniyoshi_woman-seated-under-a-cherry-blossoms_to_Minimalism.png,0.49187028,0.0,0.8660234808921814,0.0
Ukiyo_e,Minimalism,Ukiyo_e__katsushika-hokusai_fishing-in-the-river-kinu.jpg,images/Ukiyo_e_Ukiyo_e__katsushika-hokusai_fishing-in-the-river-kinu_to_Minimalism.png,0.49398747,0.0,0.8187736868858337,0.0
Ukiyo_e,Minimalism,Ukiyo_e__utagawa-kuniyoshi_ishiyakushi.jpg,images/Ukiyo_e_Ukiyo_e__utagawa-kuniyoshi_ishiyakushi_to_Minimalism.png,0.525771,0.0,0.7244712710380554,0.0
Ukiyo_e,Rococo,Ukiyo_e__utagawa-kunisada_not_detected_240347.jpg,images/Ukiyo_e_Ukiyo_e__utagawa-kunisada_not_detected_240347_to_Rococo.png,0.43474072,0.0,0.6417374610900879,0.0
Ukiyo_e,Rococo,Ukiyo_e__utagawa-kuniyoshi_woman-seated-under-a-cherry-blossoms.jpg,images/Ukiyo_e_Ukiyo_e__utagawa-kuniyoshi_woman-seated-under-a-cherry-blossoms_to_Rococo.png,0.41037232,0.0,0.6750302314758301,0.0
Ukiyo_e,Rococo,Ukiyo_e__katsushika-hokusai_fishing-in-the-river-kinu.jpg,images/Ukiyo_e_Ukiyo_e__katsushika-hokusai_fishing-in-the-river-kinu_to_Rococo.png,0.4081717,0.0,0.6288881897926331,0.0
Ukiyo_e,Rococo,Ukiyo_e__utagawa-kuniyoshi_ishiyakushi.jpg,images/Ukiyo_e_Ukiyo_e__utagawa-kuniyoshi_ishiyakushi_to_Rococo.png,0.457093,0.0,0.5939722061157227,0.0
Ukiyo_e,Ukiyo_e,Ukiyo_e__utagawa-kunisada_not_detected_240347.jpg,images/Ukiyo_e_Ukiyo_e__utagawa-kunisada_not_detected_240347_to_Ukiyo_e.png,0.33569744,0.0,0.8949629664421082,0.0
Ukiyo_e,Ukiyo_e,Ukiyo_e__utagawa-kuniyoshi_woman-seated-under-a-cherry-blossoms.jpg,images/Ukiyo_e_Ukiyo_e__utagawa-kuniyoshi_woman-seated-under-a-cherry-blossoms_to_Ukiyo_e.png,0.34708783,0.0,0.8563123345375061,0.0
Ukiyo_e,Ukiyo_e,Ukiyo_e__katsushika-hokusai_fishing-in-the-river-kinu.jpg,images/Ukiyo_e_Ukiyo_e__katsushika-hokusai_fishing-in-the-river-kinu_to_Ukiyo_e.png,0.37085056,0.0,0.8050025701522827,0.0
Ukiyo_e,Ukiyo_e,Ukiyo_e__utagawa-kuniyoshi_ishiyakushi.jpg,images/Ukiyo_e_Ukiyo_e__utagawa-kuniyoshi_ishiyakushi_to_Ukiyo_e.png,0.39767024,0.0,0.8848315477371216,0.0
Ukiyo_e,Early_Renaissance,Ukiyo_e__keisai-eisen_the-courtesan-kaoru-of-owariya-matched-with-okitsu-1825(1).jpg,images/Ukiyo_e_Ukiyo_e__keisai-eisen_the-courtesan-kaoru-of-owariya-matched-with-okitsu-1825(1)_to_Early_Renaissance.png,0.42934865,0.0,0.702894926071167,0.0
Ukiyo_e,Early_Renaissance,Ukiyo_e__keisai-eisen_yabai-with-two-women-1840.jpg,images/Ukiyo_e_Ukiyo_e__keisai-eisen_yabai-with-two-women-1840_to_Early_Renaissance.png,0.3482672,0.0,0.6847001314163208,0.0
Ukiyo_e,Early_Renaissance,Ukiyo_e__utagawa-kuniyoshi_high-noon-at-kasumigaseki.jpg,images/Ukiyo_e_Ukiyo_e__utagawa-kuniyoshi_high-noon-at-kasumigaseki_to_Early_Renaissance.png,0.3803643,0.0,0.6794668436050415,0.0
Ukiyo_e,Early_Renaissance,Ukiyo_e__hiroshige_hakone-kosuizu.jpg,images/Ukiyo_e_Ukiyo_e__hiroshige_hakone-kosuizu_to_Early_Renaissance.png,0.38489208,0.0,0.69520103931427,0.0
Ukiyo_e,Impressionism,Ukiyo_e__keisai-eisen_the-courtesan-kaoru-of-owariya-matched-with-okitsu-1825(1).jpg,images/Ukiyo_e_Ukiyo_e__keisai-eisen_the-courtesan-kaoru-of-owariya-matched-with-okitsu-1825(1)_to_Impressionism.png,0.42404184,0.0,0.7628864049911499,0.0
Ukiyo_e,Impressionism,Ukiyo_e__keisai-eisen_yabai-with-two-women-1840.jpg,images/Ukiyo_e_Ukiyo_e__keisai-eisen_yabai-with-two-women-1840_to_Impressionism.png,0.34849364,0.0,0.7320998907089233,0.0
Ukiyo_e,Impressionism,Ukiyo_e__utagawa-kuniyoshi_high-noon-at-kasumigaseki.jpg,images/Ukiyo_e_Ukiyo_e__utagawa-kuniyoshi_high-noon-at-kasumigaseki_to_Impressionism.png,0.38273883,0.0,0.735445499420166,0.0
Ukiyo_e,Impressionism,Ukiyo_e__hiroshige_hakone-kosuizu.jpg,images/Ukiyo_e_Ukiyo_e__hiroshige_hakone-kosuizu_to_Impressionism.png,0.37828565,0.0,0.7350399494171143,0.0
Ukiyo_e,Minimalism,Ukiyo_e__keisai-eisen_the-courtesan-kaoru-of-owariya-matched-with-okitsu-1825(1).jpg,images/Ukiyo_e_Ukiyo_e__keisai-eisen_the-courtesan-kaoru-of-owariya-matched-with-okitsu-1825(1)_to_Minimalism.png,0.5184967,0.0,0.8682442903518677,0.0
Ukiyo_e,Minimalism,Ukiyo_e__keisai-eisen_yabai-with-two-women-1840.jpg,images/Ukiyo_e_Ukiyo_e__keisai-eisen_yabai-with-two-women-1840_to_Minimalism.png,0.4702091,0.0,0.8615180253982544,0.0
Ukiyo_e,Minimalism,Ukiyo_e__utagawa-kuniyoshi_high-noon-at-kasumigaseki.jpg,images/Ukiyo_e_Ukiyo_e__utagawa-kuniyoshi_high-noon-at-kasumigaseki_to_Minimalism.png,0.48306906,0.0,0.7806625962257385,0.0
Ukiyo_e,Minimalism,Ukiyo_e__hiroshige_hakone-kosuizu.jpg,images/Ukiyo_e_Ukiyo_e__hiroshige_hakone-kosuizu_to_Minimalism.png,0.4472555,0.0,0.8163669109344482,0.0
Ukiyo_e,Rococo,Ukiyo_e__keisai-eisen_the-courtesan-kaoru-of-owariya-matched-with-okitsu-1825(1).jpg,images/Ukiyo_e_Ukiyo_e__keisai-eisen_the-courtesan-kaoru-of-owariya-matched-with-okitsu-1825(1)_to_Rococo.png,0.45358112,0.0,0.6003296971321106,0.0
Ukiyo_e,Rococo,Ukiyo_e__keisai-eisen_yabai-with-two-women-1840.jpg,images/Ukiyo_e_Ukiyo_e__keisai-eisen_yabai-with-two-women-1840_to_Rococo.png,0.36243463,0.0,0.6718622446060181,0.0
Ukiyo_e,Rococo,Ukiyo_e__utagawa-kuniyoshi_high-noon-at-kasumigaseki.jpg,images/Ukiyo_e_Ukiyo_e__utagawa-kuniyoshi_high-noon-at-kasumigaseki_to_Rococo.png,0.3804939,0.0,0.6435770392417908,0.0
Ukiyo_e,Rococo,Ukiyo_e__hiroshige_hakone-kosuizu.jpg,images/Ukiyo_e_Ukiyo_e__hiroshige_hakone-kosuizu_to_Rococo.png,0.39843327,0.0,0.622157633304596,0.0
Ukiyo_e,Ukiyo_e,Ukiyo_e__keisai-eisen_the-courtesan-kaoru-of-owariya-matched-with-okitsu-1825(1).jpg,images/Ukiyo_e_Ukiyo_e__keisai-eisen_the-courtesan-kaoru-of-owariya-matched-with-okitsu-1825(1)_to_Ukiyo_e.png,0.38262177,0.0,0.884492039680481,0.0
Ukiyo_e,Ukiyo_e,Ukiyo_e__keisai-eisen_yabai-with-two-women-1840.jpg,images/Ukiyo_e_Ukiyo_e__keisai-eisen_yabai-with-two-women-1840_to_Ukiyo_e.png,0.3393199,0.0,0.8861804008483887,0.0
Ukiyo_e,Ukiyo_e,Ukiyo_e__utagawa-kuniyoshi_high-noon-at-kasumigaseki.jpg,images/Ukiyo_e_Ukiyo_e__utagawa-kuniyoshi_high-noon-at-kasumigaseki_to_Ukiyo_e.png,0.37071803,0.0,0.8110549449920654,0.0
Ukiyo_e,Ukiyo_e,Ukiyo_e__hiroshige_hakone-kosuizu.jpg,images/Ukiyo_e_Ukiyo_e__hiroshige_hakone-kosuizu_to_Ukiyo_e.png,0.33488965,0.0,0.8499939441680908,0.0
Ukiyo_e,Early_Renaissance,Ukiyo_e__katsushika-hokusai_fishing-in-the-bay-uraga.jpg,images/Ukiyo_e_Ukiyo_e__katsushika-hokusai_fishing-in-the-bay-uraga_to_Early_Renaissance.png,0.40841317,0.0,0.6941907405853271,0.0
Ukiyo_e,Early_Renaissance,Ukiyo_e__utagawa-kunisada_the-actor.jpg,images/Ukiyo_e_Ukiyo_e__utagawa-kunisada_the-actor_to_Early_Renaissance.png,0.4379164,0.0,0.6862261891365051,0.0
Ukiyo_e,Impressionism,Ukiyo_e__katsushika-hokusai_fishing-in-the-bay-uraga.jpg,images/Ukiyo_e_Ukiyo_e__katsushika-hokusai_fishing-in-the-bay-uraga_to_Impressionism.png,0.40636507,0.0,0.7766413688659668,0.0
Ukiyo_e,Impressionism,Ukiyo_e__utagawa-kunisada_the-actor.jpg,images/Ukiyo_e_Ukiyo_e__utagawa-kunisada_the-actor_to_Impressionism.png,0.43272352,0.0,0.69376140832901,0.0
Ukiyo_e,Minimalism,Ukiyo_e__katsushika-hokusai_fishing-in-the-bay-uraga.jpg,images/Ukiyo_e_Ukiyo_e__katsushika-hokusai_fishing-in-the-bay-uraga_to_Minimalism.png,0.5057905,0.0,0.8703022599220276,0.0
Ukiyo_e,Minimalism,Ukiyo_e__utagawa-kunisada_the-actor.jpg,images/Ukiyo_e_Ukiyo_e__utagawa-kunisada_the-actor_to_Minimalism.png,0.48986405,0.0,0.8519959449768066,0.0
Ukiyo_e,Rococo,Ukiyo_e__katsushika-hokusai_fishing-in-the-bay-uraga.jpg,images/Ukiyo_e_Ukiyo_e__katsushika-hokusai_fishing-in-the-bay-uraga_to_Rococo.png,0.44172654,0.0,0.6545587778091431,0.0
Ukiyo_e,Rococo,Ukiyo_e__utagawa-kunisada_the-actor.jpg,images/Ukiyo_e_Ukiyo_e__utagawa-kunisada_the-actor_to_Rococo.png,0.4779554,0.0,0.6214800477027893,0.0
Ukiyo_e,Ukiyo_e,Ukiyo_e__katsushika-hokusai_fishing-in-the-bay-uraga.jpg,images/Ukiyo_e_Ukiyo_e__katsushika-hokusai_fishing-in-the-bay-uraga_to_Ukiyo_e.png,0.36312753,0.0,0.8058789968490601,0.0
Ukiyo_e,Ukiyo_e,Ukiyo_e__utagawa-kunisada_the-actor.jpg,images/Ukiyo_e_Ukiyo_e__utagawa-kunisada_the-actor_to_Ukiyo_e.png,0.37113208,0.0,0.8268205523490906,0.0
