{
  "checkpoint": "..\\spatial-adagn\\epoch_0020.pt",
  "timestamp": "2026-02-24 20:35:52",
  "metrics_note": {
    "clip_dir": "cos( CLIP(gen)-CLIP(src), CLIP(target_style_proto)-CLIP(src) ) - Measures edit direction.",
    "clip_style": "cos( CLIP(gen), CLIP(target_style_proto) ) - Measures absolute style similarity.",
    "fid": "FID between generated images and target-style real references (Inception features).",
    "art_fid": "computed as (1 + fid_style) * (1 + content_lpips)"
  },
  "matrix_breakdown": {
    "photo": {
      "photo": {
        "count": 30,
        "clip_dir": 0.32817848200599353,
        "clip_style": 0.7905380646387736,
        "style_lpips": 0.752753480275472,
        "content_lpips": 0.3113990876666667,
        "clip_content": 0.9002450466666667,
        "fid_style": null,
        "art_fid": null,
        "classifier_acc": null
      },
      "Hayao": {
        "count": 30,
        "clip_dir": 0.4839714119831721,
        "clip_style": 0.6063595622777939,
        "style_lpips": 0.7513844668865204,
        "content_lpips": 0.41648344966666667,
        "clip_content": 0.8502932459999999,
        "fid_style": 322.5306024125334,
        "art_fid": 458.2757437780402,
        "classifier_acc": null
      },
      "monet": {
        "count": 30,
        "clip_dir": 0.2762108936905861,
        "clip_style": 0.5993729174137116,
        "style_lpips": 0.7431389570236206,
        "content_lpips": 0.3140827266666666,
        "clip_content": 0.9014725403333335,
        "fid_style": 221.11328621636952,
        "art_fid": 291.8752327801006,
        "classifier_acc": null
      },
      "vangogh": {
        "count": 30,
        "clip_dir": 0.41687070628007256,
        "clip_style": 0.6410872161388397,
        "style_lpips": 0.7893747429052989,
        "content_lpips": 0.42322835033333334,
        "clip_content": 0.8622071036666666,
        "fid_style": 305.6999358473834,
        "art_fid": 436.5040437434107,
        "classifier_acc": null
      },
      "cezanne": {
        "count": 30,
        "clip_dir": 0.34040691157182057,
        "clip_style": 0.5869175841410955,
        "style_lpips": 0.754092687368393,
        "content_lpips": 0.3480784760000001,
        "clip_content": 0.882276365,
        "fid_style": 293.01771179755275,
        "art_fid": 396.35894883705214,
        "classifier_acc": null
      }
    },
    "Hayao": {
      "photo": {
        "count": 30,
        "clip_dir": 0.17509870020051796,
        "clip_style": 0.5094651907682419,
        "style_lpips": 0.7905444443225861,
        "content_lpips": 0.2972735906666666,
        "clip_content": 0.928161177,
        "fid_style": null,
        "art_fid": null,
        "classifier_acc": null
      },
      "Hayao": {
        "count": 30,
        "clip_dir": 0.29059179524580636,
        "clip_style": 0.847981584072113,
        "style_lpips": 0.7230221152305603,
        "content_lpips": 0.20473529866666668,
        "clip_content": 0.9391009233333333,
        "fid_style": null,
        "art_fid": null,
        "classifier_acc": null
      },
      "monet": {
        "count": 30,
        "clip_dir": 0.16054735624541838,
        "clip_style": 0.45065998037656146,
        "style_lpips": 0.7681150376796723,
        "content_lpips": 0.31947270966666674,
        "clip_content": 0.9222756689999999,
        "fid_style": null,
        "art_fid": null,
        "classifier_acc": null
      },
      "vangogh": {
        "count": 30,
        "clip_dir": 0.274192942182223,
        "clip_style": 0.559291293223699,
        "style_lpips": 0.8212639411290487,
        "content_lpips": 0.35799609399999993,
        "clip_content": 0.9207799103333334,
        "fid_style": null,
        "art_fid": null,
        "classifier_acc": null
      },
      "cezanne": {
        "count": 30,
        "clip_dir": 0.19548595094432433,
        "clip_style": 0.5044768631458283,
        "style_lpips": 0.7872581879297892,
        "content_lpips": 0.2700392983333334,
        "clip_content": 0.926035103,
        "fid_style": null,
        "art_fid": null,
        "classifier_acc": null
      }
    },
    "monet": {
      "photo": {
        "count": 30,
        "clip_dir": 0.38737940390904746,
        "clip_style": 0.686333280801773,
        "style_lpips": 0.7603975315888722,
        "content_lpips": 0.35951098066666665,
        "clip_content": 0.9016072173333333,
        "fid_style": null,
        "art_fid": null,
        "classifier_acc": null
      },
      "Hayao": {
        "count": 30,
        "clip_dir": 0.5140653262535732,
        "clip_style": 0.6165346999963125,
        "style_lpips": 0.7602258741855621,
        "content_lpips": 0.44316467,
        "clip_content": 0.8598096316666667,
        "fid_style": null,
        "art_fid": null,
        "classifier_acc": null
      },
      "monet": {
        "count": 30,
        "clip_dir": 0.28862970930834614,
        "clip_style": 0.8312678198019664,
        "style_lpips": 0.7095100025335948,
        "content_lpips": 0.3500918933333334,
        "clip_content": 0.8963931956666669,
        "fid_style": null,
        "art_fid": null,
        "classifier_acc": null
      },
      "vangogh": {
        "count": 30,
        "clip_dir": 0.34967904910445213,
        "clip_style": 0.8056322356065114,
        "style_lpips": 0.7681957165400187,
        "content_lpips": 0.399466552,
        "clip_content": 0.8866136376666668,
        "fid_style": null,
        "art_fid": null,
        "classifier_acc": null
      },
      "cezanne": {
        "count": 30,
        "clip_dir": 0.31099930554628374,
        "clip_style": 0.7930863499641418,
        "style_lpips": 0.7336704631646475,
        "content_lpips": 0.364164909,
        "clip_content": 0.8972902653333334,
        "fid_style": null,
        "art_fid": null,
        "classifier_acc": null
      }
    },
    "vangogh": {
      "photo": {
        "count": 30,
        "clip_dir": 0.3737209369738897,
        "clip_style": 0.6599417308966319,
        "style_lpips": 0.7678512771924336,
        "content_lpips": 0.3764629886666667,
        "clip_content": 0.8859393283333336,
        "fid_style": null,
        "art_fid": null,
        "classifier_acc": null
      },
      "Hayao": {
        "count": 30,
        "clip_dir": 0.49853060841560365,
        "clip_style": 0.6481860140959422,
        "style_lpips": 0.753760576248169,
        "content_lpips": 0.4052495969999999,
        "clip_content": 0.8490681373333334,
        "fid_style": null,
        "art_fid": null,
        "classifier_acc": null
      },
      "monet": {
        "count": 30,
        "clip_dir": 0.27562165235479674,
        "clip_style": 0.7620968441168467,
        "style_lpips": 0.7292081316312155,
        "content_lpips": 0.352525551,
        "clip_content": 0.8894648266666667,
        "fid_style": null,
        "art_fid": null,
        "classifier_acc": null
      },
      "vangogh": {
        "count": 30,
        "clip_dir": 0.24555447349945705,
        "clip_style": 0.8028549234072367,
        "style_lpips": 0.7482174336910248,
        "content_lpips": 0.31940605866666666,
        "clip_content": 0.8925830786666666,
        "fid_style": null,
        "art_fid": null,
        "classifier_acc": null
      },
      "cezanne": {
        "count": 30,
        "clip_dir": 0.26707473322749137,
        "clip_style": 0.7792328317960103,
        "style_lpips": 0.7334203700224559,
        "content_lpips": 0.32027660699999994,
        "clip_content": 0.8938509070000001,
        "fid_style": null,
        "art_fid": null,
        "classifier_acc": null
      }
    },
    "cezanne": {
      "photo": {
        "count": 30,
        "clip_dir": 0.3747703149914742,
        "clip_style": 0.6209702809651693,
        "style_lpips": 0.7573103805383047,
        "content_lpips": 0.3822859926666667,
        "clip_content": 0.8812519106666666,
        "fid_style": null,
        "art_fid": null,
        "classifier_acc": null
      },
      "Hayao": {
        "count": 30,