{
  "num_rounds": 2,
  "latest": {
    "epoch": 80,
    "summary_path": "..\\abl_rank1\\full_eval\\epoch_0080\\summary.json",
    "transfer_clip_style": 0.6967839918037255,
    "transfer_content_lpips": 0.5356131045,
    "transfer_fid": 305.37773393098496,
    "transfer_art_fid": 479.2037388557039,
    "transfer_classifier_acc": 0.0,
    "photo_to_art_clip_style": 0.6920865416526794,
    "photo_to_art_fid": 305.37773393098496,
    "photo_to_art_art_fid": 479.2037388557039,
    "photo_to_art_classifier_acc": 0.0
  },
  "mean": {
    "transfer_clip_style": 0.6873125454286734,
    "transfer_content_lpips": 0.5224445930249999,
    "transfer_fid": 301.2903121798249,
    "transfer_art_fid": 469.37911579143884,
    "transfer_classifier_acc": 0.0,
    "photo_to_art_clip_style": 0.6800009521345296,
    "photo_to_art_fid": 301.2903121798249,
    "photo_to_art_art_fid": 469.37911579143884,
    "photo_to_art_classifier_acc": 0.0
  },
  "best": {
    "best_transfer_classifier_acc": {
      "epoch": 40,
      "summary_path": "..\\abl_rank1\\full_eval\\epoch_0040\\summary.json",
      "transfer_clip_style": 0.6778410990536212,
      "transfer_content_lpips": 0.5092760815499999,
      "transfer_fid": 297.2028904286649,
      "transfer_art_fid": 459.55449272717385,
      "transfer_classifier_acc": 0.0,
      "photo_to_art_clip_style": 0.66791536261638,
      "photo_to_art_fid": 297.2028904286649,
      "photo_to_art_art_fid": 459.55449272717385,
      "photo_to_art_classifier_acc": 0.0
    },
    "best_transfer_clip_style": {
      "epoch": 80,
      "summary_path": "..\\abl_rank1\\full_eval\\epoch_0080\\summary.json",
      "transfer_clip_style": 0.6967839918037255,
      "transfer_content_lpips": 0.5356131045,
      "transfer_fid": 305.37773393098496,
      "transfer_art_fid": 479.2037388557039,
      "transfer_classifier_acc": 0.0,
      "photo_to_art_clip_style": 0.6920865416526794,
      "photo_to_art_fid": 305.37773393098496,
      "photo_to_art_art_fid": 479.2037388557039,
      "photo_to_art_classifier_acc": 0.0
    },
    "best_transfer_fid": {
      "epoch": 40,
      "summary_path": "..\\abl_rank1\\full_eval\\epoch_0040\\summary.json",
      "transfer_clip_style": 0.6778410990536212,
      "transfer_content_lpips": 0.5092760815499999,
      "transfer_fid": 297.2028904286649,
      "transfer_art_fid": 459.55449272717385,
      "transfer_classifier_acc": 0.0,
      "photo_to_art_clip_style": 0.66791536261638,
      "photo_to_art_fid": 297.2028904286649,
      "photo_to_art_art_fid": 459.55449272717385,
      "photo_to_art_classifier_acc": 0.0
    },
    "best_transfer_art_fid": {
      "epoch": 40,
      "summary_path": "..\\abl_rank1\\full_eval\\epoch_0040\\summary.json",
      "transfer_clip_style": 0.6778410990536212,
      "transfer_content_lpips": 0.5092760815499999,
      "transfer_fid": 297.2028904286649,
      "transfer_art_fid": 459.55449272717385,
      "transfer_classifier_acc": 0.0,
      "photo_to_art_clip_style": 0.66791536261638,
      "photo_to_art_fid": 297.2028904286649,
      "photo_to_art_art_fid": 459.55449272717385,
      "photo_to_art_classifier_acc": 0.0
    },
    "best_photo_to_art_classifier_acc": {
      "epoch": 40,
      "summary_path": "..\\abl_rank1\\full_eval\\epoch_0040\\summary.json",
      "transfer_clip_style": 0.6778410990536212,
      "transfer_content_lpips": 0.5092760815499999,
      "transfer_fid": 297.2028904286649,
      "transfer_art_fid": 459.55449272717385,
      "transfer_classifier_acc": 0.0,
      "photo_to_art_clip_style": 0.66791536261638,
      "photo_to_art_fid": 297.2028904286649,
      "photo_to_art_art_fid": 459.55449272717385,
      "photo_to_art_classifier_acc": 0.0
    },
    "best_photo_to_art_clip_style": {
      "epoch": 80,
      "summary_path": "..\\abl_rank1\\full_eval\\epoch_0080\\summary.json",
      "transfer_clip_style": 0.6967839918037255,
      "transfer_content_lpips": 0.5356131045,
      "transfer_fid": 305.37773393098496,
      "transfer_art_fid": 479.2037388557039,
      "transfer_classifier_acc": 0.0,
      "photo_to_art_clip_style": 0.6920865416526794,
      "photo_to_art_fid": 305.37773393098496,
      "photo_to_art_art_fid": 479.2037388557039,
      "photo_to_art_classifier_acc": 0.0
    },
    "best_photo_to_art_fid": {
      "epoch": 40,
      "summary_path": "..\\abl_rank1\\full_eval\\epoch_0040\\summary.json",
      "transfer_clip_style": 0.6778410990536212,
      "transfer_content_lpips": 0.5092760815499999,
      "transfer_fid": 297.2028904286649,
      "transfer_art_fid": 459.55449272717385,
      "transfer_classifier_acc": 0.0,
      "photo_to_art_clip_style": 0.66791536261638,
      "photo_to_art_fid": 297.2028904286649,
      "photo_to_art_art_fid": 459.55449272717385,
      "photo_to_art_classifier_acc": 0.0
    },
    "best_photo_to_art_art_fid": {
      "epoch": 40,
      "summary_path": "..\\abl_rank1\\full_eval\\epoch_0040\\summary.json",
      "transfer_clip_style": 0.6778410990536212,
      "transfer_content_lpips": 0.5092760815499999,
      "transfer_fid": 297.2028904286649,
      "transfer_art_fid": 459.55449272717385,
      "transfer_classifier_acc": 0.0,
      "photo_to_art_clip_style": 0.66791536261638,
      "photo_to_art_fid": 297.2028904286649,
      "photo_to_art_art_fid": 459.55449272717385,
      "photo_to_art_classifier_acc": 0.0
    },
    "best_transfer_content_lpips": {
      "epoch": 40,
      "summary_path": "..\\abl_rank1\\full_eval\\epoch_0040\\summary.json",
      "transfer_clip_style": 0.6778410990536212,
      "transfer_content_lpips": 0.5092760815499999,
      "transfer_fid": 297.2028904286649,
      "transfer_art_fid": 459.55449272717385,
      "transfer_classifier_acc": 0.0,
      "photo_to_art_clip_style": 0.66791536261638,
      "photo_to_art_fid": 297.2028904286649,
      "photo_to_art_art_fid": 459.55449272717385,
      "photo_to_art_classifier_acc": 0.0
    }
  },
  "rounds": [
    {
      "epoch": 40,
      "summary_path": "..\\abl_rank1\\full_eval\\epoch_0040\\summary.json",
      "transfer_clip_style": 0.6778410990536212,
      "transfer_content_lpips": 0.5092760815499999,
      "transfer_fid": 297.2028904286649,
      "transfer_art_fid": 459.55449272717385,
      "transfer_classifier_acc": 0.0,
      "photo_to_art_clip_style": 0.66791536261638,
      "photo_to_art_fid": 297.2028904286649,
      "photo_to_art_art_fid": 459.55449272717385,
      "photo_to_art_classifier_acc": 0.0
    },
    {
      "epoch": 80,
      "summary_path": "..\\abl_rank1\\full_eval\\epoch_0080\\summary.json",
      "transfer_clip_style": 0.6967839918037255,
      "transfer_content_lpips": 0.5356131045,
      "transfer_fid": 305.37773393098496,
      "transfer_art_fid": 479.2037388557039,
      "transfer_classifier_acc": 0.0,
      "photo_to_art_clip_style": 0.6920865416526794,
      "photo_to_art_fid": 305.37773393098496,
      "photo_to_art_art_fid": 479.2037388557039,
      "photo_to_art_classifier_acc": 0.0
    }
  ],
  "updated_at": "2026-03-18 14:05:04"
}