{
  "num_rounds": 2,
  "latest": {
    "epoch": 60,
    "summary_path": "..\\1-decoder-patch5-15\\full_eval\\epoch_0060\\summary.json",
    "transfer_clip_style": 0.0,
    "transfer_content_lpips": 0.49305377176666665,
    "transfer_fid": 305.5085049469092,
    "transfer_art_fid": 473.6163989450661,
    "transfer_classifier_acc": 0.4216666666666666,
    "photo_to_art_clip_style": 0.0,
    "photo_to_art_fid": 305.5085049469092,
    "photo_to_art_art_fid": 473.6163989450661,
    "photo_to_art_classifier_acc": 0.2333333333333333
  },
  "mean": {
    "transfer_clip_style": 0.0,
    "transfer_content_lpips": 0.484685341475,
    "transfer_fid": 301.1502823133278,
    "transfer_art_fid": 463.07124138826964,
    "transfer_classifier_acc": 0.40416666666666656,
    "photo_to_art_clip_style": 0.0,
    "photo_to_art_fid": 301.1502823133278,
    "photo_to_art_art_fid": 463.07124138826964,
    "photo_to_art_classifier_acc": 0.22916666666666663
  },
  "best": {
    "best_transfer_classifier_acc": {
      "epoch": 60,
      "summary_path": "..\\1-decoder-patch5-15\\full_eval\\epoch_0060\\summary.json",
      "transfer_clip_style": 0.0,
      "transfer_content_lpips": 0.49305377176666665,
      "transfer_fid": 305.5085049469092,
      "transfer_art_fid": 473.6163989450661,
      "transfer_classifier_acc": 0.4216666666666666,
      "photo_to_art_clip_style": 0.0,
      "photo_to_art_fid": 305.5085049469092,
      "photo_to_art_art_fid": 473.6163989450661,
      "photo_to_art_classifier_acc": 0.2333333333333333
    },
    "best_transfer_clip_style": {
      "epoch": 30,
      "summary_path": "..\\1-decoder-patch5-15\\full_eval\\epoch_0030\\summary.json",
      "transfer_clip_style": 0.0,
      "transfer_content_lpips": 0.4763169111833333,
      "transfer_fid": 296.79205967974633,
      "transfer_art_fid": 452.5260838314731,
      "transfer_classifier_acc": 0.3866666666666666,
      "photo_to_art_clip_style": 0.0,
      "photo_to_art_fid": 296.79205967974633,
      "photo_to_art_art_fid": 452.5260838314731,
      "photo_to_art_classifier_acc": 0.22499999999999998
    },
    "best_transfer_fid": {
      "epoch": 30,
      "summary_path": "..\\1-decoder-patch5-15\\full_eval\\epoch_0030\\summary.json",
      "transfer_clip_style": 0.0,
      "transfer_content_lpips": 0.4763169111833333,
      "transfer_fid": 296.79205967974633,
      "transfer_art_fid": 452.5260838314731,
      "transfer_classifier_acc": 0.3866666666666666,
      "photo_to_art_clip_style": 0.0,
      "photo_to_art_fid": 296.79205967974633,
      "photo_to_art_art_fid": 452.5260838314731,
      "photo_to_art_classifier_acc": 0.22499999999999998
    },
    "best_transfer_art_fid": {
      "epoch": 30,
      "summary_path": "..\\1-decoder-patch5-15\\full_eval\\epoch_0030\\summary.json",
      "transfer_clip_style": 0.0,
      "transfer_content_lpips": 0.4763169111833333,
      "transfer_fid": 296.79205967974633,
      "transfer_art_fid": 452.5260838314731,
      "transfer_classifier_acc": 0.3866666666666666,
      "photo_to_art_clip_style": 0.0,
      "photo_to_art_fid": 296.79205967974633,
      "photo_to_art_art_fid": 452.5260838314731,
      "photo_to_art_classifier_acc": 0.22499999999999998
    },
    "best_photo_to_art_classifier_acc": {
      "epoch": 60,
      "summary_path": "..\\1-decoder-patch5-15\\full_eval\\epoch_0060\\summary.json",
      "transfer_clip_style": 0.0,
      "transfer_content_lpips": 0.49305377176666665,
      "transfer_fid": 305.5085049469092,
      "transfer_art_fid": 473.6163989450661,
      "transfer_classifier_acc": 0.4216666666666666,
      "photo_to_art_clip_style": 0.0,
      "photo_to_art_fid": 305.5085049469092,
      "photo_to_art_art_fid": 473.6163989450661,
      "photo_to_art_classifier_acc": 0.2333333333333333
    },
    "best_photo_to_art_clip_style": {
      "epoch": 30,
      "summary_path": "..\\1-decoder-patch5-15\\full_eval\\epoch_0030\\summary.json",
      "transfer_clip_style": 0.0,
      "transfer_content_lpips": 0.4763169111833333,
      "transfer_fid": 296.79205967974633,
      "transfer_art_fid": 452.5260838314731,
      "transfer_classifier_acc": 0.3866666666666666,
      "photo_to_art_clip_style": 0.0,
      "photo_to_art_fid": 296.79205967974633,
      "photo_to_art_art_fid": 452.5260838314731,
      "photo_to_art_classifier_acc": 0.22499999999999998
    },
    "best_photo_to_art_fid": {
      "epoch": 30,
      "summary_path": "..\\1-decoder-patch5-15\\full_eval\\epoch_0030\\summary.json",
      "transfer_clip_style": 0.0,
      "transfer_content_lpips": 0.4763169111833333,
      "transfer_fid": 296.79205967974633,
      "transfer_art_fid": 452.5260838314731,
      "transfer_classifier_acc": 0.3866666666666666,
      "photo_to_art_clip_style": 0.0,
      "photo_to_art_fid": 296.79205967974633,
      "photo_to_art_art_fid": 452.5260838314731,
      "photo_to_art_classifier_acc": 0.22499999999999998
    },
    "best_photo_to_art_art_fid": {
      "epoch": 30,
      "summary_path": "..\\1-decoder-patch5-15\\full_eval\\epoch_0030\\summary.json",
      "transfer_clip_style": 0.0,
      "transfer_content_lpips": 0.4763169111833333,
      "transfer_fid": 296.79205967974633,
      "transfer_art_fid": 452.5260838314731,
      "transfer_classifier_acc": 0.3866666666666666,
      "photo_to_art_clip_style": 0.0,
      "photo_to_art_fid": 296.79205967974633,
      "photo_to_art_art_fid": 452.5260838314731,
      "photo_to_art_classifier_acc": 0.22499999999999998
    },
    "best_transfer_content_lpips": {
      "epoch": 30,
      "summary_path": "..\\1-decoder-patch5-15\\full_eval\\epoch_0030\\summary.json",
      "transfer_clip_style": 0.0,
      "transfer_content_lpips": 0.4763169111833333,
      "transfer_fid": 296.79205967974633,
      "transfer_art_fid": 452.5260838314731,
      "transfer_classifier_acc": 0.3866666666666666,
      "photo_to_art_clip_style": 0.0,
      "photo_to_art_fid": 296.79205967974633,
      "photo_to_art_art_fid": 452.5260838314731,
      "photo_to_art_classifier_acc": 0.22499999999999998
    }
  },
  "rounds": [
    {
      "epoch": 30,
      "summary_path": "..\\1-decoder-patch5-15\\full_eval\\epoch_0030\\summary.json",
      "transfer_clip_style": 0.0,
      "transfer_content_lpips": 0.4763169111833333,
      "transfer_fid": 296.79205967974633,
      "transfer_art_fid": 452.5260838314731,
      "transfer_classifier_acc": 0.3866666666666666,
      "photo_to_art_clip_style": 0.0,
      "photo_to_art_fid": 296.79205967974633,
      "photo_to_art_art_fid": 452.5260838314731,
      "photo_to_art_classifier_acc": 0.22499999999999998
    },
    {
      "epoch": 60,
      "summary_path": "..\\1-decoder-patch5-15\\full_eval\\epoch_0060\\summary.json",
      "transfer_clip_style": 0.0,
      "transfer_content_lpips": 0.49305377176666665,
      "transfer_fid": 305.5085049469092,
      "transfer_art_fid": 473.6163989450661,
      "transfer_classifier_acc": 0.4216666666666666,
      "photo_to_art_clip_style": 0.0,
      "photo_to_art_fid": 305.5085049469092,
      "photo_to_art_art_fid": 473.6163989450661,
      "photo_to_art_classifier_acc": 0.2333333333333333
    }
  ],
  "updated_at": "2026-03-05 20:39:24"
}