{
  "num_rounds": 3,
  "latest": {
    "epoch": 120,
    "summary_path": "..\\ablate_M1-Aggressive-Fine\\full_eval\\epoch_0120\\summary.json",
    "transfer_clip_style": 0.7169979644318423,
    "transfer_content_lpips": 0.5979536700666667,
    "transfer_fid": 308.54567346957003,
    "transfer_art_fid": 500.1326649563108,
    "transfer_classifier_acc": 0.5616666666666666,
    "photo_to_art_clip_style": 0.7160460904240609,
    "photo_to_art_fid": 308.54567346957003,
    "photo_to_art_art_fid": 500.1326649563108,
    "photo_to_art_classifier_acc": 0.34166666666666673
  },
  "mean": {
    "transfer_clip_style": 0.7129639213449425,
    "transfer_content_lpips": 0.5866211973777777,
    "transfer_fid": 312.4611374480627,
    "transfer_art_fid": 502.91090658708544,
    "transfer_classifier_acc": 0.5072222222222221,
    "photo_to_art_clip_style": 0.7085665442877346,
    "photo_to_art_fid": 312.4611374480627,
    "photo_to_art_art_fid": 502.91090658708544,
    "photo_to_art_classifier_acc": 0.2333333333333333
  },
  "best": {
    "best_transfer_classifier_acc": {
      "epoch": 120,
      "summary_path": "..\\ablate_M1-Aggressive-Fine\\full_eval\\epoch_0120\\summary.json",
      "transfer_clip_style": 0.7169979644318423,
      "transfer_content_lpips": 0.5979536700666667,
      "transfer_fid": 308.54567346957003,
      "transfer_art_fid": 500.1326649563108,
      "transfer_classifier_acc": 0.5616666666666666,
      "photo_to_art_clip_style": 0.7160460904240609,
      "photo_to_art_fid": 308.54567346957003,
      "photo_to_art_art_fid": 500.1326649563108,
      "photo_to_art_classifier_acc": 0.34166666666666673
    },
    "best_transfer_clip_style": {
      "epoch": 120,
      "summary_path": "..\\ablate_M1-Aggressive-Fine\\full_eval\\epoch_0120\\summary.json",
      "transfer_clip_style": 0.7169979644318423,
      "transfer_content_lpips": 0.5979536700666667,
      "transfer_fid": 308.54567346957003,
      "transfer_art_fid": 500.1326649563108,
      "transfer_classifier_acc": 0.5616666666666666,
      "photo_to_art_clip_style": 0.7160460904240609,
      "photo_to_art_fid": 308.54567346957003,
      "photo_to_art_art_fid": 500.1326649563108,
      "photo_to_art_classifier_acc": 0.34166666666666673
    },
    "best_transfer_fid": {
      "epoch": 120,
      "summary_path": "..\\ablate_M1-Aggressive-Fine\\full_eval\\epoch_0120\\summary.json",
      "transfer_clip_style": 0.7169979644318423,
      "transfer_content_lpips": 0.5979536700666667,
      "transfer_fid": 308.54567346957003,
      "transfer_art_fid": 500.1326649563108,
      "transfer_classifier_acc": 0.5616666666666666,
      "photo_to_art_clip_style": 0.7160460904240609,
      "photo_to_art_fid": 308.54567346957003,
      "photo_to_art_art_fid": 500.1326649563108,
      "photo_to_art_classifier_acc": 0.34166666666666673
    },
    "best_transfer_art_fid": {
      "epoch": 120,
      "summary_path": "..\\ablate_M1-Aggressive-Fine\\full_eval\\epoch_0120\\summary.json",
      "transfer_clip_style": 0.7169979644318423,
      "transfer_content_lpips": 0.5979536700666667,
      "transfer_fid": 308.54567346957003,
      "transfer_art_fid": 500.1326649563108,
      "transfer_classifier_acc": 0.5616666666666666,
      "photo_to_art_clip_style": 0.7160460904240609,
      "photo_to_art_fid": 308.54567346957003,
      "photo_to_art_art_fid": 500.1326649563108,
      "photo_to_art_classifier_acc": 0.34166666666666673
    },
    "best_photo_to_art_classifier_acc": {
      "epoch": 120,
      "summary_path": "..\\ablate_M1-Aggressive-Fine\\full_eval\\epoch_0120\\summary.json",
      "transfer_clip_style": 0.7169979644318423,
      "transfer_content_lpips": 0.5979536700666667,
      "transfer_fid": 308.54567346957003,
      "transfer_art_fid": 500.1326649563108,
      "transfer_classifier_acc": 0.5616666666666666,
      "photo_to_art_clip_style": 0.7160460904240609,
      "photo_to_art_fid": 308.54567346957003,
      "photo_to_art_art_fid": 500.1326649563108,
      "photo_to_art_classifier_acc": 0.34166666666666673
    },
    "best_photo_to_art_clip_style": {
      "epoch": 120,
      "summary_path": "..\\ablate_M1-Aggressive-Fine\\full_eval\\epoch_0120\\summary.json",
      "transfer_clip_style": 0.7169979644318423,
      "transfer_content_lpips": 0.5979536700666667,
      "transfer_fid": 308.54567346957003,
      "transfer_art_fid": 500.1326649563108,
      "transfer_classifier_acc": 0.5616666666666666,
      "photo_to_art_clip_style": 0.7160460904240609,
      "photo_to_art_fid": 308.54567346957003,
      "photo_to_art_art_fid": 500.1326649563108,
      "photo_to_art_classifier_acc": 0.34166666666666673
    },
    "best_photo_to_art_fid": {
      "epoch": 120,
      "summary_path": "..\\ablate_M1-Aggressive-Fine\\full_eval\\epoch_0120\\summary.json",
      "transfer_clip_style": 0.7169979644318423,
      "transfer_content_lpips": 0.5979536700666667,
      "transfer_fid": 308.54567346957003,
      "transfer_art_fid": 500.1326649563108,
      "transfer_classifier_acc": 0.5616666666666666,
      "photo_to_art_clip_style": 0.7160460904240609,
      "photo_to_art_fid": 308.54567346957003,
      "photo_to_art_art_fid": 500.1326649563108,
      "photo_to_art_classifier_acc": 0.34166666666666673
    },
    "best_photo_to_art_art_fid": {
      "epoch": 120,
      "summary_path": "..\\ablate_M1-Aggressive-Fine\\full_eval\\epoch_0120\\summary.json",
      "transfer_clip_style": 0.7169979644318423,
      "transfer_content_lpips": 0.5979536700666667,
      "transfer_fid": 308.54567346957003,
      "transfer_art_fid": 500.1326649563108,
      "transfer_classifier_acc": 0.5616666666666666,
      "photo_to_art_clip_style": 0.7160460904240609,
      "photo_to_art_fid": 308.54567346957003,
      "photo_to_art_art_fid": 500.1326649563108,
      "photo_to_art_classifier_acc": 0.34166666666666673
    },
    "best_transfer_content_lpips": {
      "epoch": 40,
      "summary_path": "..\\ablate_M1-Aggressive-Fine\\full_eval\\epoch_0040\\summary.json",
      "transfer_clip_style": 0.7090002346535524,
      "transfer_content_lpips": 0.5713956280666667,
      "transfer_fid": 315.35027979759224,
      "transfer_art_fid": 503.1023836677565,
      "transfer_classifier_acc": 0.46333333333333326,
      "photo_to_art_clip_style": 0.7000781853993734,
      "photo_to_art_fid": 315.35027979759224,
      "photo_to_art_art_fid": 503.1023836677565,
      "photo_to_art_classifier_acc": 0.14166666666666666
    }
  },
  "rounds": [
    {
      "epoch": 40,
      "summary_path": "..\\ablate_M1-Aggressive-Fine\\full_eval\\epoch_0040\\summary.json",
      "transfer_clip_style": 0.7090002346535524,
      "transfer_content_lpips": 0.5713956280666667,
      "transfer_fid": 315.35027979759224,
      "transfer_art_fid": 503.1023836677565,
      "transfer_classifier_acc": 0.46333333333333326,
      "photo_to_art_clip_style": 0.7000781853993734,
      "photo_to_art_fid": 315.35027979759224,
      "photo_to_art_art_fid": 503.1023836677565,
      "photo_to_art_classifier_acc": 0.14166666666666666
    },
    {
      "epoch": 80,
      "summary_path": "..\\ablate_M1-Aggressive-Fine\\full_eval\\epoch_0080\\summary.json",
      "transfer_clip_style": 0.712893564949433,
      "transfer_content_lpips": 0.5905142940000001,
      "transfer_fid": 313.48745907702573,
      "transfer_art_fid": 505.49767113718895,
      "transfer_classifier_acc": 0.4966666666666667,
      "photo_to_art_clip_style": 0.7095753570397695,
      "photo_to_art_fid": 313.48745907702573,
      "photo_to_art_art_fid": 505.49767113718895,
      "photo_to_art_classifier_acc": 0.21666666666666665
    },
    {
      "epoch": 120,
      "summary_path": "..\\ablate_M1-Aggressive-Fine\\full_eval\\epoch_0120\\summary.json",
      "transfer_clip_style": 0.7169979644318423,
      "transfer_content_lpips": 0.5979536700666667,
      "transfer_fid": 308.54567346957003,
      "transfer_art_fid": 500.1326649563108,
      "transfer_classifier_acc": 0.5616666666666666,