{
  "num_rounds": 3,
  "latest": {
    "epoch": 120,
    "summary_path": "..\\ablate_M2-Smooth-Impasto\\full_eval\\epoch_0120\\summary.json",
    "transfer_clip_style": 0.706567041426897,
    "transfer_content_lpips": 0.5789611191,
    "transfer_fid": 310.49902907170895,
    "transfer_art_fid": 498.08332316119163,
    "transfer_classifier_acc": 0.5283333333333333,
    "photo_to_art_clip_style": 0.7031383991241456,
    "photo_to_art_fid": 310.49902907170895,
    "photo_to_art_art_fid": 498.08332316119163,
    "photo_to_art_classifier_acc": 0.25833333333333336
  },
  "mean": {
    "transfer_clip_style": 0.7071045697397654,
    "transfer_content_lpips": 0.5710911139888889,
    "transfer_fid": 310.74026513385,
    "transfer_art_fid": 496.53947373254005,
    "transfer_classifier_acc": 0.5011111111111112,
    "photo_to_art_clip_style": 0.6991676570640669,
    "photo_to_art_fid": 310.74026513385,
    "photo_to_art_art_fid": 496.53947373254005,
    "photo_to_art_classifier_acc": 0.23055555555555554
  },
  "best": {
    "best_transfer_classifier_acc": {
      "epoch": 120,
      "summary_path": "..\\ablate_M2-Smooth-Impasto\\full_eval\\epoch_0120\\summary.json",
      "transfer_clip_style": 0.706567041426897,
      "transfer_content_lpips": 0.5789611191,
      "transfer_fid": 310.49902907170895,
      "transfer_art_fid": 498.08332316119163,
      "transfer_classifier_acc": 0.5283333333333333,
      "photo_to_art_clip_style": 0.7031383991241456,
      "photo_to_art_fid": 310.49902907170895,
      "photo_to_art_art_fid": 498.08332316119163,
      "photo_to_art_classifier_acc": 0.25833333333333336
    },
    "best_transfer_clip_style": {
      "epoch": 40,
      "summary_path": "..\\ablate_M2-Smooth-Impasto\\full_eval\\epoch_0040\\summary.json",
      "transfer_clip_style": 0.7082120690246423,
      "transfer_content_lpips": 0.5548494145833334,
      "transfer_fid": 306.35036894784787,
      "transfer_art_fid": 485.66260183120073,
      "transfer_classifier_acc": 0.4750000000000001,
      "photo_to_art_clip_style": 0.6951502695679664,
      "photo_to_art_fid": 306.35036894784787,
      "photo_to_art_art_fid": 485.66260183120073,
      "photo_to_art_classifier_acc": 0.19999999999999998
    },
    "best_transfer_fid": {
      "epoch": 40,
      "summary_path": "..\\ablate_M2-Smooth-Impasto\\full_eval\\epoch_0040\\summary.json",
      "transfer_clip_style": 0.7082120690246423,
      "transfer_content_lpips": 0.5548494145833334,
      "transfer_fid": 306.35036894784787,
      "transfer_art_fid": 485.66260183120073,
      "transfer_classifier_acc": 0.4750000000000001,
      "photo_to_art_clip_style": 0.6951502695679664,
      "photo_to_art_fid": 306.35036894784787,
      "photo_to_art_art_fid": 485.66260183120073,
      "photo_to_art_classifier_acc": 0.19999999999999998
    },
    "best_transfer_art_fid": {
      "epoch": 40,
      "summary_path": "..\\ablate_M2-Smooth-Impasto\\full_eval\\epoch_0040\\summary.json",
      "transfer_clip_style": 0.7082120690246423,
      "transfer_content_lpips": 0.5548494145833334,
      "transfer_fid": 306.35036894784787,
      "transfer_art_fid": 485.66260183120073,
      "transfer_classifier_acc": 0.4750000000000001,
      "photo_to_art_clip_style": 0.6951502695679664,
      "photo_to_art_fid": 306.35036894784787,
      "photo_to_art_art_fid": 485.66260183120073,
      "photo_to_art_classifier_acc": 0.19999999999999998
    },
    "best_photo_to_art_classifier_acc": {
      "epoch": 120,
      "summary_path": "..\\ablate_M2-Smooth-Impasto\\full_eval\\epoch_0120\\summary.json",
      "transfer_clip_style": 0.706567041426897,
      "transfer_content_lpips": 0.5789611191,
      "transfer_fid": 310.49902907170895,
      "transfer_art_fid": 498.08332316119163,
      "transfer_classifier_acc": 0.5283333333333333,
      "photo_to_art_clip_style": 0.7031383991241456,
      "photo_to_art_fid": 310.49902907170895,
      "photo_to_art_art_fid": 498.08332316119163,
      "photo_to_art_classifier_acc": 0.25833333333333336
    },
    "best_photo_to_art_clip_style": {
      "epoch": 120,
      "summary_path": "..\\ablate_M2-Smooth-Impasto\\full_eval\\epoch_0120\\summary.json",
      "transfer_clip_style": 0.706567041426897,
      "transfer_content_lpips": 0.5789611191,
      "transfer_fid": 310.49902907170895,
      "transfer_art_fid": 498.08332316119163,
      "transfer_classifier_acc": 0.5283333333333333,
      "photo_to_art_clip_style": 0.7031383991241456,
      "photo_to_art_fid": 310.49902907170895,
      "photo_to_art_art_fid": 498.08332316119163,
      "photo_to_art_classifier_acc": 0.25833333333333336
    },
    "best_photo_to_art_fid": {
      "epoch": 40,
      "summary_path": "..\\ablate_M2-Smooth-Impasto\\full_eval\\epoch_0040\\summary.json",
      "transfer_clip_style": 0.7082120690246423,
      "transfer_content_lpips": 0.5548494145833334,
      "transfer_fid": 306.35036894784787,
      "transfer_art_fid": 485.66260183120073,
      "transfer_classifier_acc": 0.4750000000000001,
      "photo_to_art_clip_style": 0.6951502695679664,
      "photo_to_art_fid": 306.35036894784787,
      "photo_to_art_art_fid": 485.66260183120073,
      "photo_to_art_classifier_acc": 0.19999999999999998
    },
    "best_photo_to_art_art_fid": {
      "epoch": 40,
      "summary_path": "..\\ablate_M2-Smooth-Impasto\\full_eval\\epoch_0040\\summary.json",
      "transfer_clip_style": 0.7082120690246423,
      "transfer_content_lpips": 0.5548494145833334,
      "transfer_fid": 306.35036894784787,
      "transfer_art_fid": 485.66260183120073,
      "transfer_classifier_acc": 0.4750000000000001,
      "photo_to_art_clip_style": 0.6951502695679664,
      "photo_to_art_fid": 306.35036894784787,
      "photo_to_art_art_fid": 485.66260183120073,
      "photo_to_art_classifier_acc": 0.19999999999999998
    },
    "best_transfer_content_lpips": {
      "epoch": 40,
      "summary_path": "..\\ablate_M2-Smooth-Impasto\\full_eval\\epoch_0040\\summary.json",
      "transfer_clip_style": 0.7082120690246423,
      "transfer_content_lpips": 0.5548494145833334,
      "transfer_fid": 306.35036894784787,
      "transfer_art_fid": 485.66260183120073,
      "transfer_classifier_acc": 0.4750000000000001,
      "photo_to_art_clip_style": 0.6951502695679664,
      "photo_to_art_fid": 306.35036894784787,
      "photo_to_art_art_fid": 485.66260183120073,
      "photo_to_art_classifier_acc": 0.19999999999999998
    }
  },
  "rounds": [
    {
      "epoch": 40,
      "summary_path": "..\\ablate_M2-Smooth-Impasto\\full_eval\\epoch_0040\\summary.json",
      "transfer_clip_style": 0.7082120690246423,
      "transfer_content_lpips": 0.5548494145833334,
      "transfer_fid": 306.35036894784787,
      "transfer_art_fid": 485.66260183120073,
      "transfer_classifier_acc": 0.4750000000000001,
      "photo_to_art_clip_style": 0.6951502695679664,
      "photo_to_art_fid": 306.35036894784787,
      "photo_to_art_art_fid": 485.66260183120073,
      "photo_to_art_classifier_acc": 0.19999999999999998
    },
    {
      "epoch": 80,
      "summary_path": "..\\ablate_M2-Smooth-Impasto\\full_eval\\epoch_0080\\summary.json",
      "transfer_clip_style": 0.7065345987677574,
      "transfer_content_lpips": 0.5794628082833333,
      "transfer_fid": 315.3713973819932,
      "transfer_art_fid": 505.87249620522766,
      "transfer_classifier_acc": 0.5,
      "photo_to_art_clip_style": 0.699214302500089,
      "photo_to_art_fid": 315.3713973819932,
      "photo_to_art_art_fid": 505.87249620522766,
      "photo_to_art_classifier_acc": 0.2333333333333333
    },
    {
      "epoch": 120,
      "summary_path": "..\\ablate_M2-Smooth-Impasto\\full_eval\\epoch_0120\\summary.json",
      "transfer_clip_style": 0.706567041426897,
      "transfer_content_lpips": 0.5789611191,
      "transfer_fid": 310.49902907170895,
      "transfer_art_fid": 498.08332316119163,
      "transfer_classifier_acc": 0.5283333333333333,
      "photo_to_art_clip_style": 0.7031383991241456,
      "photo_to_art_fid": 310.49902907170895,