{
  "num_rounds": 1,
  "latest": {
    "epoch": 60,
    "summary_path": "..\\ablate_A1_p7_id045_tv005\\full_eval\\epoch_0060\\summary.json",
    "transfer_clip_style": 0.689244296103716,
    "transfer_content_lpips": 0.48972012698333334,
    "transfer_fid": 304.414080659088,
    "transfer_art_fid": 467.2558836595762,
    "transfer_classifier_acc": 0.0,
    "photo_to_art_clip_style": 0.6748146489262581,
    "photo_to_art_fid": 304.414080659088,
    "photo_to_art_art_fid": 467.2558836595762,
    "photo_to_art_classifier_acc": 0.0
  },
  "mean": {
    "transfer_clip_style": 0.689244296103716,
    "transfer_content_lpips": 0.48972012698333334,
    "transfer_fid": 304.414080659088,
    "transfer_art_fid": 467.2558836595762,
    "transfer_classifier_acc": 0.0,
    "photo_to_art_clip_style": 0.6748146489262581,
    "photo_to_art_fid": 304.414080659088,
    "photo_to_art_art_fid": 467.2558836595762,
    "photo_to_art_classifier_acc": 0.0
  },
  "best": {
    "best_transfer_classifier_acc": {
      "epoch": 60,
      "summary_path": "..\\ablate_A1_p7_id045_tv005\\full_eval\\epoch_0060\\summary.json",
      "transfer_clip_style": 0.689244296103716,
      "transfer_content_lpips": 0.48972012698333334,
      "transfer_fid": 304.414080659088,
      "transfer_art_fid": 467.2558836595762,
      "transfer_classifier_acc": 0.0,
      "photo_to_art_clip_style": 0.6748146489262581,
      "photo_to_art_fid": 304.414080659088,
      "photo_to_art_art_fid": 467.2558836595762,
      "photo_to_art_classifier_acc": 0.0
    },
    "best_transfer_clip_style": {
      "epoch": 60,
      "summary_path": "..\\ablate_A1_p7_id045_tv005\\full_eval\\epoch_0060\\summary.json",
      "transfer_clip_style": 0.689244296103716,
      "transfer_content_lpips": 0.48972012698333334,
      "transfer_fid": 304.414080659088,
      "transfer_art_fid": 467.2558836595762,
      "transfer_classifier_acc": 0.0,
      "photo_to_art_clip_style": 0.6748146489262581,
      "photo_to_art_fid": 304.414080659088,
      "photo_to_art_art_fid": 467.2558836595762,
      "photo_to_art_classifier_acc": 0.0
    },
    "best_transfer_fid": {
      "epoch": 60,
      "summary_path": "..\\ablate_A1_p7_id045_tv005\\full_eval\\epoch_0060\\summary.json",
      "transfer_clip_style": 0.689244296103716,
      "transfer_content_lpips": 0.48972012698333334,
      "transfer_fid": 304.414080659088,
      "transfer_art_fid": 467.2558836595762,
      "transfer_classifier_acc": 0.0,
      "photo_to_art_clip_style": 0.6748146489262581,
      "photo_to_art_fid": 304.414080659088,
      "photo_to_art_art_fid": 467.2558836595762,
      "photo_to_art_classifier_acc": 0.0
    },
    "best_transfer_art_fid": {
      "epoch": 60,
      "summary_path": "..\\ablate_A1_p7_id045_tv005\\full_eval\\epoch_0060\\summary.json",
      "transfer_clip_style": 0.689244296103716,
      "transfer_content_lpips": 0.48972012698333334,
      "transfer_fid": 304.414080659088,
      "transfer_art_fid": 467.2558836595762,
      "transfer_classifier_acc": 0.0,
      "photo_to_art_clip_style": 0.6748146489262581,
      "photo_to_art_fid": 304.414080659088,
      "photo_to_art_art_fid": 467.2558836595762,
      "photo_to_art_classifier_acc": 0.0
    },
    "best_photo_to_art_classifier_acc": {
      "epoch": 60,
      "summary_path": "..\\ablate_A1_p7_id045_tv005\\full_eval\\epoch_0060\\summary.json",
      "transfer_clip_style": 0.689244296103716,
      "transfer_content_lpips": 0.48972012698333334,
      "transfer_fid": 304.414080659088,
      "transfer_art_fid": 467.2558836595762,
      "transfer_classifier_acc": 0.0,
      "photo_to_art_clip_style": 0.6748146489262581,
      "photo_to_art_fid": 304.414080659088,
      "photo_to_art_art_fid": 467.2558836595762,
      "photo_to_art_classifier_acc": 0.0
    },
    "best_photo_to_art_clip_style": {
      "epoch": 60,
      "summary_path": "..\\ablate_A1_p7_id045_tv005\\full_eval\\epoch_0060\\summary.json",
      "transfer_clip_style": 0.689244296103716,
      "transfer_content_lpips": 0.48972012698333334,
      "transfer_fid": 304.414080659088,
      "transfer_art_fid": 467.2558836595762,
      "transfer_classifier_acc": 0.0,
      "photo_to_art_clip_style": 0.6748146489262581,
      "photo_to_art_fid": 304.414080659088,
      "photo_to_art_art_fid": 467.2558836595762,
      "photo_to_art_classifier_acc": 0.0
    },
    "best_photo_to_art_fid": {
      "epoch": 60,
      "summary_path": "..\\ablate_A1_p7_id045_tv005\\full_eval\\epoch_0060\\summary.json",
      "transfer_clip_style": 0.689244296103716,
      "transfer_content_lpips": 0.48972012698333334,
      "transfer_fid": 304.414080659088,
      "transfer_art_fid": 467.2558836595762,
      "transfer_classifier_acc": 0.0,
      "photo_to_art_clip_style": 0.6748146489262581,
      "photo_to_art_fid": 304.414080659088,
      "photo_to_art_art_fid": 467.2558836595762,
      "photo_to_art_classifier_acc": 0.0
    },
    "best_photo_to_art_art_fid": {
      "epoch": 60,
      "summary_path": "..\\ablate_A1_p7_id045_tv005\\full_eval\\epoch_0060\\summary.json",
      "transfer_clip_style": 0.689244296103716,
      "transfer_content_lpips": 0.48972012698333334,
      "transfer_fid": 304.414080659088,
      "transfer_art_fid": 467.2558836595762,
      "transfer_classifier_acc": 0.0,
      "photo_to_art_clip_style": 0.6748146489262581,
      "photo_to_art_fid": 304.414080659088,
      "photo_to_art_art_fid": 467.2558836595762,
      "photo_to_art_classifier_acc": 0.0
    },
    "best_transfer_content_lpips": {
      "epoch": 60,
      "summary_path": "..\\ablate_A1_p7_id045_tv005\\full_eval\\epoch_0060\\summary.json",
      "transfer_clip_style": 0.689244296103716,
      "transfer_content_lpips": 0.48972012698333334,
      "transfer_fid": 304.414080659088,
      "transfer_art_fid": 467.2558836595762,
      "transfer_classifier_acc": 0.0,
      "photo_to_art_clip_style": 0.6748146489262581,
      "photo_to_art_fid": 304.414080659088,
      "photo_to_art_art_fid": 467.2558836595762,
      "photo_to_art_classifier_acc": 0.0
    }
  },
  "rounds": [
    {
      "epoch": 60,
      "summary_path": "..\\ablate_A1_p7_id045_tv005\\full_eval\\epoch_0060\\summary.json",
      "transfer_clip_style": 0.689244296103716,
      "transfer_content_lpips": 0.48972012698333334,
      "transfer_fid": 304.414080659088,
      "transfer_art_fid": 467.2558836595762,
      "transfer_classifier_acc": 0.0,
      "photo_to_art_clip_style": 0.6748146489262581,
      "photo_to_art_fid": 304.414080659088,
      "photo_to_art_art_fid": 467.2558836595762,
      "photo_to_art_classifier_acc": 0.0
    }
  ],
  "updated_at": "2026-03-04 04:13:02"
}