{
  "num_rounds": 1,
  "latest": {
    "epoch": 50,
    "summary_path": "..\\coord-spade-50e\\full_eval\\epoch_0050\\summary.json",
    "transfer_clip_style": 0.6498331983884175,
    "transfer_content_lpips": 0.3758746546833333,
    "transfer_fid": 285.0600368864977,
    "transfer_art_fid": 397.71528734753315,
    "transfer_classifier_acc": 0.0,
    "photo_to_art_clip_style": 0.617826716353496,
    "photo_to_art_fid": 285.0600368864977,
    "photo_to_art_art_fid": 397.71528734753315,
    "photo_to_art_classifier_acc": 0.0
  },
  "mean": {
    "transfer_clip_style": 0.6498331983884175,
    "transfer_content_lpips": 0.3758746546833333,
    "transfer_fid": 285.0600368864977,
    "transfer_art_fid": 397.71528734753315,
    "transfer_classifier_acc": 0.0,
    "photo_to_art_clip_style": 0.617826716353496,
    "photo_to_art_fid": 285.0600368864977,
    "photo_to_art_art_fid": 397.71528734753315,
    "photo_to_art_classifier_acc": 0.0
  },
  "best": {
    "best_transfer_classifier_acc": {
      "epoch": 50,
      "summary_path": "..\\coord-spade-50e\\full_eval\\epoch_0050\\summary.json",
      "transfer_clip_style": 0.6498331983884175,
      "transfer_content_lpips": 0.3758746546833333,
      "transfer_fid": 285.0600368864977,
      "transfer_art_fid": 397.71528734753315,
      "transfer_classifier_acc": 0.0,
      "photo_to_art_clip_style": 0.617826716353496,
      "photo_to_art_fid": 285.0600368864977,
      "photo_to_art_art_fid": 397.71528734753315,
      "photo_to_art_classifier_acc": 0.0
    },
    "best_transfer_clip_style": {
      "epoch": 50,
      "summary_path": "..\\coord-spade-50e\\full_eval\\epoch_0050\\summary.json",
      "transfer_clip_style": 0.6498331983884175,
      "transfer_content_lpips": 0.3758746546833333,
      "transfer_fid": 285.0600368864977,
      "transfer_art_fid": 397.71528734753315,
      "transfer_classifier_acc": 0.0,
      "photo_to_art_clip_style": 0.617826716353496,
      "photo_to_art_fid": 285.0600368864977,
      "photo_to_art_art_fid": 397.71528734753315,
      "photo_to_art_classifier_acc": 0.0
    },
    "best_transfer_fid": {
      "epoch": 50,
      "summary_path": "..\\coord-spade-50e\\full_eval\\epoch_0050\\summary.json",
      "transfer_clip_style": 0.6498331983884175,
      "transfer_content_lpips": 0.3758746546833333,
      "transfer_fid": 285.0600368864977,
      "transfer_art_fid": 397.71528734753315,
      "transfer_classifier_acc": 0.0,
      "photo_to_art_clip_style": 0.617826716353496,
      "photo_to_art_fid": 285.0600368864977,
      "photo_to_art_art_fid": 397.71528734753315,
      "photo_to_art_classifier_acc": 0.0
    },
    "best_transfer_art_fid": {
      "epoch": 50,
      "summary_path": "..\\coord-spade-50e\\full_eval\\epoch_0050\\summary.json",
      "transfer_clip_style": 0.6498331983884175,
      "transfer_content_lpips": 0.3758746546833333,
      "transfer_fid": 285.0600368864977,
      "transfer_art_fid": 397.71528734753315,
      "transfer_classifier_acc": 0.0,
      "photo_to_art_clip_style": 0.617826716353496,
      "photo_to_art_fid": 285.0600368864977,
      "photo_to_art_art_fid": 397.71528734753315,
      "photo_to_art_classifier_acc": 0.0
    },
    "best_photo_to_art_classifier_acc": {
      "epoch": 50,
      "summary_path": "..\\coord-spade-50e\\full_eval\\epoch_0050\\summary.json",
      "transfer_clip_style": 0.6498331983884175,
      "transfer_content_lpips": 0.3758746546833333,
      "transfer_fid": 285.0600368864977,
      "transfer_art_fid": 397.71528734753315,
      "transfer_classifier_acc": 0.0,
      "photo_to_art_clip_style": 0.617826716353496,
      "photo_to_art_fid": 285.0600368864977,
      "photo_to_art_art_fid": 397.71528734753315,
      "photo_to_art_classifier_acc": 0.0
    },
    "best_photo_to_art_clip_style": {
      "epoch": 50,
      "summary_path": "..\\coord-spade-50e\\full_eval\\epoch_0050\\summary.json",
      "transfer_clip_style": 0.6498331983884175,
      "transfer_content_lpips": 0.3758746546833333,
      "transfer_fid": 285.0600368864977,
      "transfer_art_fid": 397.71528734753315,
      "transfer_classifier_acc": 0.0,
      "photo_to_art_clip_style": 0.617826716353496,
      "photo_to_art_fid": 285.0600368864977,
      "photo_to_art_art_fid": 397.71528734753315,
      "photo_to_art_classifier_acc": 0.0
    },
    "best_photo_to_art_fid": {
      "epoch": 50,
      "summary_path": "..\\coord-spade-50e\\full_eval\\epoch_0050\\summary.json",
      "transfer_clip_style": 0.6498331983884175,
      "transfer_content_lpips": 0.3758746546833333,
      "transfer_fid": 285.0600368864977,
      "transfer_art_fid": 397.71528734753315,
      "transfer_classifier_acc": 0.0,
      "photo_to_art_clip_style": 0.617826716353496,
      "photo_to_art_fid": 285.0600368864977,
      "photo_to_art_art_fid": 397.71528734753315,
      "photo_to_art_classifier_acc": 0.0
    },
    "best_photo_to_art_art_fid": {
      "epoch": 50,
      "summary_path": "..\\coord-spade-50e\\full_eval\\epoch_0050\\summary.json",
      "transfer_clip_style": 0.6498331983884175,
      "transfer_content_lpips": 0.3758746546833333,
      "transfer_fid": 285.0600368864977,
      "transfer_art_fid": 397.71528734753315,
      "transfer_classifier_acc": 0.0,
      "photo_to_art_clip_style": 0.617826716353496,
      "photo_to_art_fid": 285.0600368864977,
      "photo_to_art_art_fid": 397.71528734753315,
      "photo_to_art_classifier_acc": 0.0
    },
    "best_transfer_content_lpips": {
      "epoch": 50,
      "summary_path": "..\\coord-spade-50e\\full_eval\\epoch_0050\\summary.json",
      "transfer_clip_style": 0.6498331983884175,
      "transfer_content_lpips": 0.3758746546833333,
      "transfer_fid": 285.0600368864977,
      "transfer_art_fid": 397.71528734753315,
      "transfer_classifier_acc": 0.0,
      "photo_to_art_clip_style": 0.617826716353496,
      "photo_to_art_fid": 285.0600368864977,
      "photo_to_art_art_fid": 397.71528734753315,
      "photo_to_art_classifier_acc": 0.0
    }
  },
  "rounds": [
    {
      "epoch": 50,
      "summary_path": "..\\coord-spade-50e\\full_eval\\epoch_0050\\summary.json",
      "transfer_clip_style": 0.6498331983884175,
      "transfer_content_lpips": 0.3758746546833333,
      "transfer_fid": 285.0600368864977,
      "transfer_art_fid": 397.71528734753315,
      "transfer_classifier_acc": 0.0,
      "photo_to_art_clip_style": 0.617826716353496,
      "photo_to_art_fid": 285.0600368864977,
      "photo_to_art_art_fid": 397.71528734753315,
      "photo_to_art_classifier_acc": 0.0
    }
  ],
  "updated_at": "2026-02-25 18:53:49"
}