{
  "num_rounds": 2,
  "latest": {
    "epoch": 80,
    "summary_path": "..\\decoder-C-relaxed-id-nohf\\full_eval\\epoch_0080\\summary.json",
    "transfer_clip_style": 0.6795456480483214,
    "transfer_content_lpips": 0.46993829153333333,
    "transfer_fid": 290.29125319718975,
    "transfer_art_fid": 440.07883169581544,
    "transfer_classifier_acc": 0.37333333333333335,
    "photo_to_art_clip_style": 0.6716089278459548,
    "photo_to_art_fid": 290.29125319718975,
    "photo_to_art_art_fid": 440.07883169581544,
    "photo_to_art_classifier_acc": 0.25833333333333336
  },
  "mean": {
    "transfer_clip_style": 0.6763031689574321,
    "transfer_content_lpips": 0.4676946750833333,
    "transfer_fid": 289.4480055410462,
    "transfer_art_fid": 437.33420962937873,
    "transfer_classifier_acc": 0.36000000000000004,
    "photo_to_art_clip_style": 0.666667853295803,
    "photo_to_art_fid": 289.4480055410462,
    "photo_to_art_art_fid": 437.33420962937873,
    "photo_to_art_classifier_acc": 0.25833333333333336
  },
  "best": {
    "best_transfer_classifier_acc": {
      "epoch": 80,
      "summary_path": "..\\decoder-C-relaxed-id-nohf\\full_eval\\epoch_0080\\summary.json",
      "transfer_clip_style": 0.6795456480483214,
      "transfer_content_lpips": 0.46993829153333333,
      "transfer_fid": 290.29125319718975,
      "transfer_art_fid": 440.07883169581544,
      "transfer_classifier_acc": 0.37333333333333335,
      "photo_to_art_clip_style": 0.6716089278459548,
      "photo_to_art_fid": 290.29125319718975,
      "photo_to_art_art_fid": 440.07883169581544,
      "photo_to_art_classifier_acc": 0.25833333333333336
    },
    "best_transfer_clip_style": {
      "epoch": 80,
      "summary_path": "..\\decoder-C-relaxed-id-nohf\\full_eval\\epoch_0080\\summary.json",
      "transfer_clip_style": 0.6795456480483214,
      "transfer_content_lpips": 0.46993829153333333,
      "transfer_fid": 290.29125319718975,
      "transfer_art_fid": 440.07883169581544,
      "transfer_classifier_acc": 0.37333333333333335,
      "photo_to_art_clip_style": 0.6716089278459548,
      "photo_to_art_fid": 290.29125319718975,
      "photo_to_art_art_fid": 440.07883169581544,
      "photo_to_art_classifier_acc": 0.25833333333333336
    },
    "best_transfer_fid": {
      "epoch": 40,
      "summary_path": "..\\decoder-C-relaxed-id-nohf\\full_eval\\epoch_0040\\summary.json",
      "transfer_clip_style": 0.6730606898665428,
      "transfer_content_lpips": 0.4654510586333333,
      "transfer_fid": 288.6047578849027,
      "transfer_art_fid": 434.589587562942,
      "transfer_classifier_acc": 0.34666666666666673,
      "photo_to_art_clip_style": 0.6617267787456512,
      "photo_to_art_fid": 288.6047578849027,
      "photo_to_art_art_fid": 434.589587562942,
      "photo_to_art_classifier_acc": 0.25833333333333336
    },
    "best_transfer_art_fid": {
      "epoch": 40,
      "summary_path": "..\\decoder-C-relaxed-id-nohf\\full_eval\\epoch_0040\\summary.json",
      "transfer_clip_style": 0.6730606898665428,
      "transfer_content_lpips": 0.4654510586333333,
      "transfer_fid": 288.6047578849027,
      "transfer_art_fid": 434.589587562942,
      "transfer_classifier_acc": 0.34666666666666673,
      "photo_to_art_clip_style": 0.6617267787456512,
      "photo_to_art_fid": 288.6047578849027,
      "photo_to_art_art_fid": 434.589587562942,
      "photo_to_art_classifier_acc": 0.25833333333333336
    },
    "best_photo_to_art_classifier_acc": {
      "epoch": 40,
      "summary_path": "..\\decoder-C-relaxed-id-nohf\\full_eval\\epoch_0040\\summary.json",
      "transfer_clip_style": 0.6730606898665428,
      "transfer_content_lpips": 0.4654510586333333,
      "transfer_fid": 288.6047578849027,
      "transfer_art_fid": 434.589587562942,
      "transfer_classifier_acc": 0.34666666666666673,
      "photo_to_art_clip_style": 0.6617267787456512,
      "photo_to_art_fid": 288.6047578849027,
      "photo_to_art_art_fid": 434.589587562942,
      "photo_to_art_classifier_acc": 0.25833333333333336
    },
    "best_photo_to_art_clip_style": {
      "epoch": 80,
      "summary_path": "..\\decoder-C-relaxed-id-nohf\\full_eval\\epoch_0080\\summary.json",
      "transfer_clip_style": 0.6795456480483214,
      "transfer_content_lpips": 0.46993829153333333,
      "transfer_fid": 290.29125319718975,
      "transfer_art_fid": 440.07883169581544,
      "transfer_classifier_acc": 0.37333333333333335,
      "photo_to_art_clip_style": 0.6716089278459548,
      "photo_to_art_fid": 290.29125319718975,
      "photo_to_art_art_fid": 440.07883169581544,
      "photo_to_art_classifier_acc": 0.25833333333333336
    },
    "best_photo_to_art_fid": {
      "epoch": 40,
      "summary_path": "..\\decoder-C-relaxed-id-nohf\\full_eval\\epoch_0040\\summary.json",
      "transfer_clip_style": 0.6730606898665428,
      "transfer_content_lpips": 0.4654510586333333,
      "transfer_fid": 288.6047578849027,
      "transfer_art_fid": 434.589587562942,
      "transfer_classifier_acc": 0.34666666666666673,
      "photo_to_art_clip_style": 0.6617267787456512,
      "photo_to_art_fid": 288.6047578849027,
      "photo_to_art_art_fid": 434.589587562942,
      "photo_to_art_classifier_acc": 0.25833333333333336
    },
    "best_photo_to_art_art_fid": {
      "epoch": 40,
      "summary_path": "..\\decoder-C-relaxed-id-nohf\\full_eval\\epoch_0040\\summary.json",
      "transfer_clip_style": 0.6730606898665428,
      "transfer_content_lpips": 0.4654510586333333,
      "transfer_fid": 288.6047578849027,
      "transfer_art_fid": 434.589587562942,
      "transfer_classifier_acc": 0.34666666666666673,
      "photo_to_art_clip_style": 0.6617267787456512,
      "photo_to_art_fid": 288.6047578849027,
      "photo_to_art_art_fid": 434.589587562942,
      "photo_to_art_classifier_acc": 0.25833333333333336
    },
    "best_transfer_content_lpips": {
      "epoch": 40,
      "summary_path": "..\\decoder-C-relaxed-id-nohf\\full_eval\\epoch_0040\\summary.json",
      "transfer_clip_style": 0.6730606898665428,
      "transfer_content_lpips": 0.4654510586333333,
      "transfer_fid": 288.6047578849027,
      "transfer_art_fid": 434.589587562942,
      "transfer_classifier_acc": 0.34666666666666673,
      "photo_to_art_clip_style": 0.6617267787456512,
      "photo_to_art_fid": 288.6047578849027,
      "photo_to_art_art_fid": 434.589587562942,
      "photo_to_art_classifier_acc": 0.25833333333333336
    }
  },
  "rounds": [
    {
      "epoch": 40,
      "summary_path": "..\\decoder-C-relaxed-id-nohf\\full_eval\\epoch_0040\\summary.json",
      "transfer_clip_style": 0.6730606898665428,
      "transfer_content_lpips": 0.4654510586333333,
      "transfer_fid": 288.6047578849027,
      "transfer_art_fid": 434.589587562942,
      "transfer_classifier_acc": 0.34666666666666673,
      "photo_to_art_clip_style": 0.6617267787456512,
      "photo_to_art_fid": 288.6047578849027,
      "photo_to_art_art_fid": 434.589587562942,
      "photo_to_art_classifier_acc": 0.25833333333333336
    },
    {
      "epoch": 80,
      "summary_path": "..\\decoder-C-relaxed-id-nohf\\full_eval\\epoch_0080\\summary.json",
      "transfer_clip_style": 0.6795456480483214,
      "transfer_content_lpips": 0.46993829153333333,
      "transfer_fid": 290.29125319718975,
      "transfer_art_fid": 440.07883169581544,
      "transfer_classifier_acc": 0.37333333333333335,
      "photo_to_art_clip_style": 0.6716089278459548,
      "photo_to_art_fid": 290.29125319718975,
      "photo_to_art_art_fid": 440.07883169581544,
      "photo_to_art_classifier_acc": 0.25833333333333336
    }
  ],
  "updated_at": "2026-03-06 10:15:00"
}