{
  "checkpoint": "..\\exp_1_control\\epoch_0100.pt",
  "timestamp": "2026-02-26 23:29:34",
  "metrics_note": {
    "clip_dir": "cos( CLIP(gen)-CLIP(src), CLIP(target_style_proto)-CLIP(src) ) - Measures edit direction.",
    "clip_style": "cos( CLIP(gen), CLIP(target_style_proto) ) - Measures absolute style similarity.",
    "fid_baseline": "FID between source-domain images and target-style references.",
    "fid": "FID between generated images and target-style real references (Inception features).",
    "delta_fid": "fid_baseline - fid (higher is better).",
    "delta_fid_ratio": "delta_fid / fid_baseline (relative improvement ratio).",
    "art_fid": "computed as (1 + fid_style) * (1 + content_lpips)"
  },
  "matrix_breakdown": {
    "photo": {
      "photo": {
        "count": 30,
        "clip_dir": 0.3913004003465176,
        "clip_style": 0.8018152932325999,
        "style_lpips": 0.7479781607786814,
        "content_lpips": 0.32474660200000005,
        "clip_content": 0.882628256,
        "fid_style": null,
        "art_fid": null,
        "fid_baseline": null,
        "delta_fid": null,
        "delta_fid_ratio": null,
        "classifier_acc": null
      },
      "Hayao": {
        "count": 30,
        "clip_dir": 0.47213874061902367,
        "clip_style": 0.5991099576155344,
        "style_lpips": 0.7565127948919932,
        "content_lpips": 0.407730494,
        "clip_content": 0.8486099476666666,
        "fid_style": 321.90671180447913,
        "art_fid": 454.56562492443504,
        "fid_baseline": 334.729000932728,
        "delta_fid": 12.822289128248883,
        "delta_fid_ratio": 0.0383064780539462,
        "classifier_acc": null
      },
      "monet": {
        "count": 30,
        "clip_dir": 0.3391809180378914,
        "clip_style": 0.618577574690183,
        "style_lpips": 0.741523555914561,
        "content_lpips": 0.324577729,
        "clip_content": 0.882209451,
        "fid_style": 228.07673211819605,
        "art_fid": 303.4299375958615,
        "fid_baseline": 237.55478896111822,
        "delta_fid": 9.478056842922172,
        "delta_fid_ratio": 0.039898403582482575,
        "classifier_acc": null
      },
      "vangogh": {
        "count": 30,
        "clip_dir": 0.46020710865656533,
        "clip_style": 0.6559584240118662,
        "style_lpips": 0.798343712091446,
        "content_lpips": 0.4320429653333333,
        "clip_content": 0.839391627,
        "fid_style": 313.9336083380548,
        "art_fid": 450.9984583675546,
        "fid_baseline": 313.3414404549672,
        "delta_fid": -0.5921678830875976,
        "delta_fid_ratio": -0.0018898486016652584,
        "classifier_acc": null
      },
      "cezanne": {
        "count": 30,
        "clip_dir": 0.3977662235498428,
        "clip_style": 0.6101139128208161,
        "style_lpips": 0.7544857621192932,
        "content_lpips": 0.3729401946666666,
        "clip_content": 0.8708666836666665,
        "fid_style": 299.16682584277845,
        "art_fid": 412.11110030505967,
        "fid_baseline": 317.94764662800304,
        "delta_fid": 18.78082078522459,
        "delta_fid_ratio": 0.05906890956547336,
        "classifier_acc": null
      }
    },
    "Hayao": {
      "photo": {
        "count": 30,
        "clip_dir": 0.25584383482734363,
        "clip_style": 0.535922521352768,
        "style_lpips": 0.7883562167485555,
        "content_lpips": 0.3192821516666668,
        "clip_content": 0.9154144066666667,
        "fid_style": null,
        "art_fid": null,
        "fid_baseline": null,
        "delta_fid": null,
        "delta_fid_ratio": null,
        "classifier_acc": null
      },
      "Hayao": {
        "count": 30,
        "clip_dir": 0.28826736596723396,
        "clip_style": 0.8500789046287537,
        "style_lpips": 0.7299785157044728,
        "content_lpips": 0.20387661600000004,
        "clip_content": 0.9373166523333334,
        "fid_style": null,
        "art_fid": null,
        "fid_baseline": null,
        "delta_fid": null,
        "delta_fid_ratio": null,
        "classifier_acc": null
      },
      "monet": {
        "count": 30,
        "clip_dir": 0.21060652546584607,
        "clip_style": 0.46737194259961445,
        "style_lpips": 0.7813852767149607,
        "content_lpips": 0.31068304466666674,
        "clip_content": 0.9147347793333332,
        "fid_style": null,
        "art_fid": null,
        "fid_baseline": null,
        "delta_fid": null,
        "delta_fid_ratio": null,
        "classifier_acc": null
      },
      "vangogh": {
        "count": 30,
        "clip_dir": 0.35179409037033715,
        "clip_style": 0.577235201994578,
        "style_lpips": 0.7992249508698781,
        "content_lpips": 0.355967054,
        "clip_content": 0.8642255126666666,
        "fid_style": null,
        "art_fid": null,
        "fid_baseline": null,
        "delta_fid": null,
        "delta_fid_ratio": null,
        "classifier_acc": null
      },
      "cezanne": {
        "count": 30,
        "clip_dir": 0.22554125177363554,
        "clip_style": 0.5136447250843048,
        "style_lpips": 0.7702083826065064,
        "content_lpips": 0.31322494666666667,
        "clip_content": 0.9167973373333332,
        "fid_style": null,
        "art_fid": null,
        "fid_baseline": null,
        "delta_fid": null,
        "delta_fid_ratio": null,
        "classifier_acc": null
      }
    },
    "monet": {
      "photo": {
        "count": 30,
        "clip_dir": 0.4381635785102844,
        "clip_style": 0.7018778284390768,
        "style_lpips": 0.7552006065845489,
        "content_lpips": 0.3711461323333334,
        "clip_content": 0.883611695,
        "fid_style": null,
        "art_fid": null,
        "fid_baseline": null,
        "delta_fid": null,
        "delta_fid_ratio": null,
        "classifier_acc": null
      },
      "Hayao": {
        "count": 30,
        "clip_dir": 0.47888114502032597,
        "clip_style": 0.5984117368857066,
        "style_lpips": 0.7588260213534037,
        "content_lpips": 0.4298092636666667,
        "clip_content": 0.8485240916666666,
        "fid_style": null,
        "art_fid": null,
        "fid_baseline": null,
        "delta_fid": null,
        "delta_fid_ratio": null,
        "classifier_acc": null
      },
      "monet": {
        "count": 30,
        "clip_dir": 0.29154027650753656,
        "clip_style": 0.8289056122303009,
        "style_lpips": 0.703955074151357,
        "content_lpips": 0.34041598799999995,
        "clip_content": 0.8920323483333331,
        "fid_style": null,
        "art_fid": null,
        "fid_baseline": null,
        "delta_fid": null,
        "delta_fid_ratio": null,
        "classifier_acc": null
      },
      "vangogh": {
        "count": 30,
        "clip_dir": 0.38440456638733544,
        "clip_style": 0.7854315280914307,
        "style_lpips": 0.7671044071515402,
        "content_lpips": 0.41507658833333333,
        "clip_content": 0.830306341,
        "fid_style": null,
        "art_fid": null,
        "fid_baseline": null,
        "delta_fid": null,
        "delta_fid_ratio": null,
        "classifier_acc": null
      },
      "cezanne": {
        "count": 30,
        "clip_dir": 0.33258014420668286,
        "clip_style": 0.7797686835130055,
        "style_lpips": 0.7288991312185923,
        "content_lpips": 0.37134007733333335,
        "clip_content": 0.8641123733333332,
        "fid_style": null,
        "art_fid": null,
        "fid_baseline": null,
        "delta_fid": null,
        "delta_fid_ratio": null,
        "classifier_acc": null
      }
    },
    "vangogh": {
      "photo": {
        "count": 30,
        "clip_dir": 0.4250401720404625,
        "clip_style": 0.6760670761267344,
        "style_lpips": 0.7581059058507283,
        "content_lpips": 0.4129043036666667,
        "clip_content": 0.8629672626666668,
        "fid_style": null,
        "art_fid": null,
        "fid_baseline": null,
        "delta_fid": null,
        "delta_fid_ratio": null,