{
  "num_rounds": 2,
  "latest": {
    "epoch": 100,
    "summary_path": "..\\full-8-8monet\\full_eval\\epoch_0100\\summary.json",
    "transfer_clip_dir": 0.2799729294022545,
    "transfer_clip_style": 0.2799729294022545,
    "transfer_content_lpips": 0.2952822625099999,
    "transfer_art_fid": 366.18761418502436,
    "transfer_classifier_acc": 0.0,
    "photo_to_art_clip_dir": 0.2972734020277858,
    "photo_to_art_clip_style": 0.2972734020277858,
    "photo_to_art_art_fid": 355.4008593718308,
    "photo_to_art_classifier_acc": 0.0
  },
  "mean": {
    "transfer_clip_dir": 0.2798758409502916,
    "transfer_clip_style": 0.2798758409502916,
    "transfer_content_lpips": 0.29528362380499995,
    "transfer_art_fid": 366.6906476642862,
    "transfer_classifier_acc": 0.0,
    "photo_to_art_clip_dir": 0.29790789792314176,
    "photo_to_art_clip_style": 0.29790789792314176,
    "photo_to_art_art_fid": 355.44257643461594,
    "photo_to_art_classifier_acc": 0.0
  },
  "best": {
    "best_transfer_classifier_acc": {
      "epoch": 50,
      "summary_path": "..\\full-8-8monet\\full_eval\\epoch_0050\\summary.json",
      "transfer_clip_dir": 0.2797787524983287,
      "transfer_clip_style": 0.2797787524983287,
      "transfer_content_lpips": 0.29528498510000006,
      "transfer_art_fid": 367.1936811435481,
      "transfer_classifier_acc": 0.0,
      "photo_to_art_clip_dir": 0.2985423938184977,
      "photo_to_art_clip_style": 0.2985423938184977,
      "photo_to_art_art_fid": 355.48429349740104,
      "photo_to_art_classifier_acc": 0.0
    },
    "best_transfer_clip_dir": {
      "epoch": 100,
      "summary_path": "..\\full-8-8monet\\full_eval\\epoch_0100\\summary.json",
      "transfer_clip_dir": 0.2799729294022545,
      "transfer_clip_style": 0.2799729294022545,
      "transfer_content_lpips": 0.2952822625099999,
      "transfer_art_fid": 366.18761418502436,
      "transfer_classifier_acc": 0.0,
      "photo_to_art_clip_dir": 0.2972734020277858,
      "photo_to_art_clip_style": 0.2972734020277858,
      "photo_to_art_art_fid": 355.4008593718308,
      "photo_to_art_classifier_acc": 0.0
    },
    "best_transfer_clip_style": {
      "epoch": 100,
      "summary_path": "..\\full-8-8monet\\full_eval\\epoch_0100\\summary.json",
      "transfer_clip_dir": 0.2799729294022545,
      "transfer_clip_style": 0.2799729294022545,
      "transfer_content_lpips": 0.2952822625099999,
      "transfer_art_fid": 366.18761418502436,
      "transfer_classifier_acc": 0.0,
      "photo_to_art_clip_dir": 0.2972734020277858,
      "photo_to_art_clip_style": 0.2972734020277858,
      "photo_to_art_art_fid": 355.4008593718308,
      "photo_to_art_classifier_acc": 0.0
    },
    "best_transfer_art_fid": {
      "epoch": 100,
      "summary_path": "..\\full-8-8monet\\full_eval\\epoch_0100\\summary.json",
      "transfer_clip_dir": 0.2799729294022545,
      "transfer_clip_style": 0.2799729294022545,
      "transfer_content_lpips": 0.2952822625099999,
      "transfer_art_fid": 366.18761418502436,
      "transfer_classifier_acc": 0.0,
      "photo_to_art_clip_dir": 0.2972734020277858,
      "photo_to_art_clip_style": 0.2972734020277858,
      "photo_to_art_art_fid": 355.4008593718308,
      "photo_to_art_classifier_acc": 0.0
    },
    "best_photo_to_art_classifier_acc": {
      "epoch": 50,
      "summary_path": "..\\full-8-8monet\\full_eval\\epoch_0050\\summary.json",
      "transfer_clip_dir": 0.2797787524983287,
      "transfer_clip_style": 0.2797787524983287,
      "transfer_content_lpips": 0.29528498510000006,
      "transfer_art_fid": 367.1936811435481,
      "transfer_classifier_acc": 0.0,
      "photo_to_art_clip_dir": 0.2985423938184977,
      "photo_to_art_clip_style": 0.2985423938184977,
      "photo_to_art_art_fid": 355.48429349740104,
      "photo_to_art_classifier_acc": 0.0
    },
    "best_photo_to_art_clip_dir": {
      "epoch": 50,
      "summary_path": "..\\full-8-8monet\\full_eval\\epoch_0050\\summary.json",
      "transfer_clip_dir": 0.2797787524983287,
      "transfer_clip_style": 0.2797787524983287,
      "transfer_content_lpips": 0.29528498510000006,
      "transfer_art_fid": 367.1936811435481,
      "transfer_classifier_acc": 0.0,
      "photo_to_art_clip_dir": 0.2985423938184977,
      "photo_to_art_clip_style": 0.2985423938184977,
      "photo_to_art_art_fid": 355.48429349740104,
      "photo_to_art_classifier_acc": 0.0
    },
    "best_photo_to_art_clip_style": {
      "epoch": 50,
      "summary_path": "..\\full-8-8monet\\full_eval\\epoch_0050\\summary.json",
      "transfer_clip_dir": 0.2797787524983287,
      "transfer_clip_style": 0.2797787524983287,
      "transfer_content_lpips": 0.29528498510000006,
      "transfer_art_fid": 367.1936811435481,
      "transfer_classifier_acc": 0.0,
      "photo_to_art_clip_dir": 0.2985423938184977,
      "photo_to_art_clip_style": 0.2985423938184977,
      "photo_to_art_art_fid": 355.48429349740104,
      "photo_to_art_classifier_acc": 0.0
    },
    "best_photo_to_art_art_fid": {
      "epoch": 100,
      "summary_path": "..\\full-8-8monet\\full_eval\\epoch_0100\\summary.json",
      "transfer_clip_dir": 0.2799729294022545,
      "transfer_clip_style": 0.2799729294022545,
      "transfer_content_lpips": 0.2952822625099999,
      "transfer_art_fid": 366.18761418502436,
      "transfer_classifier_acc": 0.0,
      "photo_to_art_clip_dir": 0.2972734020277858,
      "photo_to_art_clip_style": 0.2972734020277858,
      "photo_to_art_art_fid": 355.4008593718308,
      "photo_to_art_classifier_acc": 0.0
    },
    "best_transfer_content_lpips": {
      "epoch": 100,
      "summary_path": "..\\full-8-8monet\\full_eval\\epoch_0100\\summary.json",
      "transfer_clip_dir": 0.2799729294022545,
      "transfer_clip_style": 0.2799729294022545,
      "transfer_content_lpips": 0.2952822625099999,
      "transfer_art_fid": 366.18761418502436,
      "transfer_classifier_acc": 0.0,
      "photo_to_art_clip_dir": 0.2972734020277858,
      "photo_to_art_clip_style": 0.2972734020277858,
      "photo_to_art_art_fid": 355.4008593718308,
      "photo_to_art_classifier_acc": 0.0
    }
  },
  "rounds": [
    {
      "epoch": 50,
      "summary_path": "..\\full-8-8monet\\full_eval\\epoch_0050\\summary.json",
      "transfer_clip_dir": 0.2797787524983287,
      "transfer_clip_style": 0.2797787524983287,
      "transfer_content_lpips": 0.29528498510000006,
      "transfer_art_fid": 367.1936811435481,
      "transfer_classifier_acc": 0.0,
      "photo_to_art_clip_dir": 0.2985423938184977,
      "photo_to_art_clip_style": 0.2985423938184977,
      "photo_to_art_art_fid": 355.48429349740104,
      "photo_to_art_classifier_acc": 0.0
    },
    {
      "epoch": 100,
      "summary_path": "..\\full-8-8monet\\full_eval\\epoch_0100\\summary.json",
      "transfer_clip_dir": 0.2799729294022545,
      "transfer_clip_style": 0.2799729294022545,
      "transfer_content_lpips": 0.2952822625099999,
      "transfer_art_fid": 366.18761418502436,
      "transfer_classifier_acc": 0.0,
      "photo_to_art_clip_dir": 0.2972734020277858,
      "photo_to_art_clip_style": 0.2972734020277858,
      "photo_to_art_art_fid": 355.4008593718308,
      "photo_to_art_classifier_acc": 0.0
    }
  ],
  "updated_at": "2026-02-23 06:21:30"
}