{
  "num_rounds": 2,
  "latest": {
    "epoch": 80,
    "summary_path": "..\\inject_I6_hires_only\\full_eval\\epoch_0080\\summary.json",
    "transfer_clip_style": 0.6886843848725158,
    "transfer_content_lpips": 0.4916619622333333,
    "transfer_fid": 315.0638429726109,
    "transfer_art_fid": 487.3138585017581,
    "transfer_classifier_acc": 0.0,
    "photo_to_art_clip_style": 0.6790105765064557,
    "photo_to_art_fid": 315.0638429726109,
    "photo_to_art_art_fid": 487.3138585017581,
    "photo_to_art_classifier_acc": 0.0
  },
  "mean": {
    "transfer_clip_style": 0.687626878718535,
    "transfer_content_lpips": 0.4927221324166666,
    "transfer_fid": 311.704156117443,
    "transfer_art_fid": 483.2709851007398,
    "transfer_classifier_acc": 0.0,
    "photo_to_art_clip_style": 0.6794249723354975,
    "photo_to_art_fid": 311.704156117443,
    "photo_to_art_art_fid": 483.2709851007398,
    "photo_to_art_classifier_acc": 0.0
  },
  "best": {
    "best_transfer_classifier_acc": {
      "epoch": 40,
      "summary_path": "..\\inject_I6_hires_only\\full_eval\\epoch_0040\\summary.json",
      "transfer_clip_style": 0.6865693725645542,
      "transfer_content_lpips": 0.4937823026,
      "transfer_fid": 308.3444692622751,
      "transfer_art_fid": 479.22811169972147,
      "transfer_classifier_acc": 0.0,
      "photo_to_art_clip_style": 0.6798393681645393,
      "photo_to_art_fid": 308.3444692622751,
      "photo_to_art_art_fid": 479.22811169972147,
      "photo_to_art_classifier_acc": 0.0
    },
    "best_transfer_clip_style": {
      "epoch": 80,
      "summary_path": "..\\inject_I6_hires_only\\full_eval\\epoch_0080\\summary.json",
      "transfer_clip_style": 0.6886843848725158,
      "transfer_content_lpips": 0.4916619622333333,
      "transfer_fid": 315.0638429726109,
      "transfer_art_fid": 487.3138585017581,
      "transfer_classifier_acc": 0.0,
      "photo_to_art_clip_style": 0.6790105765064557,
      "photo_to_art_fid": 315.0638429726109,
      "photo_to_art_art_fid": 487.3138585017581,
      "photo_to_art_classifier_acc": 0.0
    },
    "best_transfer_fid": {
      "epoch": 40,
      "summary_path": "..\\inject_I6_hires_only\\full_eval\\epoch_0040\\summary.json",
      "transfer_clip_style": 0.6865693725645542,
      "transfer_content_lpips": 0.4937823026,
      "transfer_fid": 308.3444692622751,
      "transfer_art_fid": 479.22811169972147,
      "transfer_classifier_acc": 0.0,
      "photo_to_art_clip_style": 0.6798393681645393,
      "photo_to_art_fid": 308.3444692622751,
      "photo_to_art_art_fid": 479.22811169972147,
      "photo_to_art_classifier_acc": 0.0
    },
    "best_transfer_art_fid": {
      "epoch": 40,
      "summary_path": "..\\inject_I6_hires_only\\full_eval\\epoch_0040\\summary.json",
      "transfer_clip_style": 0.6865693725645542,
      "transfer_content_lpips": 0.4937823026,
      "transfer_fid": 308.3444692622751,
      "transfer_art_fid": 479.22811169972147,
      "transfer_classifier_acc": 0.0,
      "photo_to_art_clip_style": 0.6798393681645393,
      "photo_to_art_fid": 308.3444692622751,
      "photo_to_art_art_fid": 479.22811169972147,
      "photo_to_art_classifier_acc": 0.0
    },
    "best_photo_to_art_classifier_acc": {
      "epoch": 40,
      "summary_path": "..\\inject_I6_hires_only\\full_eval\\epoch_0040\\summary.json",
      "transfer_clip_style": 0.6865693725645542,
      "transfer_content_lpips": 0.4937823026,
      "transfer_fid": 308.3444692622751,
      "transfer_art_fid": 479.22811169972147,
      "transfer_classifier_acc": 0.0,
      "photo_to_art_clip_style": 0.6798393681645393,
      "photo_to_art_fid": 308.3444692622751,
      "photo_to_art_art_fid": 479.22811169972147,
      "photo_to_art_classifier_acc": 0.0
    },
    "best_photo_to_art_clip_style": {
      "epoch": 40,
      "summary_path": "..\\inject_I6_hires_only\\full_eval\\epoch_0040\\summary.json",
      "transfer_clip_style": 0.6865693725645542,
      "transfer_content_lpips": 0.4937823026,
      "transfer_fid": 308.3444692622751,
      "transfer_art_fid": 479.22811169972147,
      "transfer_classifier_acc": 0.0,
      "photo_to_art_clip_style": 0.6798393681645393,
      "photo_to_art_fid": 308.3444692622751,
      "photo_to_art_art_fid": 479.22811169972147,
      "photo_to_art_classifier_acc": 0.0
    },
    "best_photo_to_art_fid": {
      "epoch": 40,
      "summary_path": "..\\inject_I6_hires_only\\full_eval\\epoch_0040\\summary.json",
      "transfer_clip_style": 0.6865693725645542,
      "transfer_content_lpips": 0.4937823026,
      "transfer_fid": 308.3444692622751,
      "transfer_art_fid": 479.22811169972147,
      "transfer_classifier_acc": 0.0,
      "photo_to_art_clip_style": 0.6798393681645393,
      "photo_to_art_fid": 308.3444692622751,
      "photo_to_art_art_fid": 479.22811169972147,
      "photo_to_art_classifier_acc": 0.0
    },
    "best_photo_to_art_art_fid": {
      "epoch": 40,
      "summary_path": "..\\inject_I6_hires_only\\full_eval\\epoch_0040\\summary.json",
      "transfer_clip_style": 0.6865693725645542,
      "transfer_content_lpips": 0.4937823026,
      "transfer_fid": 308.3444692622751,
      "transfer_art_fid": 479.22811169972147,
      "transfer_classifier_acc": 0.0,
      "photo_to_art_clip_style": 0.6798393681645393,
      "photo_to_art_fid": 308.3444692622751,
      "photo_to_art_art_fid": 479.22811169972147,
      "photo_to_art_classifier_acc": 0.0
    },
    "best_transfer_content_lpips": {
      "epoch": 80,
      "summary_path": "..\\inject_I6_hires_only\\full_eval\\epoch_0080\\summary.json",
      "transfer_clip_style": 0.6886843848725158,
      "transfer_content_lpips": 0.4916619622333333,
      "transfer_fid": 315.0638429726109,
      "transfer_art_fid": 487.3138585017581,
      "transfer_classifier_acc": 0.0,
      "photo_to_art_clip_style": 0.6790105765064557,
      "photo_to_art_fid": 315.0638429726109,
      "photo_to_art_art_fid": 487.3138585017581,
      "photo_to_art_classifier_acc": 0.0
    }
  },
  "rounds": [
    {
      "epoch": 40,
      "summary_path": "..\\inject_I6_hires_only\\full_eval\\epoch_0040\\summary.json",
      "transfer_clip_style": 0.6865693725645542,
      "transfer_content_lpips": 0.4937823026,
      "transfer_fid": 308.3444692622751,
      "transfer_art_fid": 479.22811169972147,
      "transfer_classifier_acc": 0.0,
      "photo_to_art_clip_style": 0.6798393681645393,
      "photo_to_art_fid": 308.3444692622751,
      "photo_to_art_art_fid": 479.22811169972147,
      "photo_to_art_classifier_acc": 0.0
    },
    {
      "epoch": 80,
      "summary_path": "..\\inject_I6_hires_only\\full_eval\\epoch_0080\\summary.json",
      "transfer_clip_style": 0.6886843848725158,
      "transfer_content_lpips": 0.4916619622333333,
      "transfer_fid": 315.0638429726109,
      "transfer_art_fid": 487.3138585017581,
      "transfer_classifier_acc": 0.0,
      "photo_to_art_clip_style": 0.6790105765064557,
      "photo_to_art_fid": 315.0638429726109,
      "photo_to_art_art_fid": 487.3138585017581,
      "photo_to_art_classifier_acc": 0.0
    }
  ],
  "updated_at": "2026-03-05 12:35:30"
}