{
  "num_rounds": 2,
  "latest": {
    "epoch": 80,
    "summary_path": "..\\inject_I0_all_open\\full_eval\\epoch_0080\\summary.json",
    "transfer_clip_style": 0.6903006587922572,
    "transfer_content_lpips": 0.4956928909499999,
    "transfer_fid": 316.85983394421766,
    "transfer_art_fid": 490.58006463918076,
    "transfer_classifier_acc": 0.0,
    "photo_to_art_clip_style": 0.6788897136847178,
    "photo_to_art_fid": 316.85983394421766,
    "photo_to_art_art_fid": 490.58006463918076,
    "photo_to_art_classifier_acc": 0.0
  },
  "mean": {
    "transfer_clip_style": 0.6900140437483786,
    "transfer_content_lpips": 0.4977445703333333,
    "transfer_fid": 313.56033965867994,
    "transfer_art_fid": 486.9753919994689,
    "transfer_classifier_acc": 0.0,
    "photo_to_art_clip_style": 0.6800427484015624,
    "photo_to_art_fid": 313.56033965867994,
    "photo_to_art_art_fid": 486.9753919994689,
    "photo_to_art_classifier_acc": 0.0
  },
  "best": {
    "best_transfer_classifier_acc": {
      "epoch": 40,
      "summary_path": "..\\inject_I0_all_open\\full_eval\\epoch_0040\\summary.json",
      "transfer_clip_style": 0.6897274287045001,
      "transfer_content_lpips": 0.49979624971666664,
      "transfer_fid": 310.2608453731423,
      "transfer_art_fid": 483.370719359757,
      "transfer_classifier_acc": 0.0,
      "photo_to_art_clip_style": 0.681195783118407,
      "photo_to_art_fid": 310.2608453731423,
      "photo_to_art_art_fid": 483.370719359757,
      "photo_to_art_classifier_acc": 0.0
    },
    "best_transfer_clip_style": {
      "epoch": 80,
      "summary_path": "..\\inject_I0_all_open\\full_eval\\epoch_0080\\summary.json",
      "transfer_clip_style": 0.6903006587922572,
      "transfer_content_lpips": 0.4956928909499999,
      "transfer_fid": 316.85983394421766,
      "transfer_art_fid": 490.58006463918076,
      "transfer_classifier_acc": 0.0,
      "photo_to_art_clip_style": 0.6788897136847178,
      "photo_to_art_fid": 316.85983394421766,
      "photo_to_art_art_fid": 490.58006463918076,
      "photo_to_art_classifier_acc": 0.0
    },
    "best_transfer_fid": {
      "epoch": 40,
      "summary_path": "..\\inject_I0_all_open\\full_eval\\epoch_0040\\summary.json",
      "transfer_clip_style": 0.6897274287045001,
      "transfer_content_lpips": 0.49979624971666664,
      "transfer_fid": 310.2608453731423,
      "transfer_art_fid": 483.370719359757,
      "transfer_classifier_acc": 0.0,
      "photo_to_art_clip_style": 0.681195783118407,
      "photo_to_art_fid": 310.2608453731423,
      "photo_to_art_art_fid": 483.370719359757,
      "photo_to_art_classifier_acc": 0.0
    },
    "best_transfer_art_fid": {
      "epoch": 40,
      "summary_path": "..\\inject_I0_all_open\\full_eval\\epoch_0040\\summary.json",
      "transfer_clip_style": 0.6897274287045001,
      "transfer_content_lpips": 0.49979624971666664,
      "transfer_fid": 310.2608453731423,
      "transfer_art_fid": 483.370719359757,
      "transfer_classifier_acc": 0.0,
      "photo_to_art_clip_style": 0.681195783118407,
      "photo_to_art_fid": 310.2608453731423,
      "photo_to_art_art_fid": 483.370719359757,
      "photo_to_art_classifier_acc": 0.0
    },
    "best_photo_to_art_classifier_acc": {
      "epoch": 40,
      "summary_path": "..\\inject_I0_all_open\\full_eval\\epoch_0040\\summary.json",
      "transfer_clip_style": 0.6897274287045001,
      "transfer_content_lpips": 0.49979624971666664,
      "transfer_fid": 310.2608453731423,
      "transfer_art_fid": 483.370719359757,
      "transfer_classifier_acc": 0.0,
      "photo_to_art_clip_style": 0.681195783118407,
      "photo_to_art_fid": 310.2608453731423,
      "photo_to_art_art_fid": 483.370719359757,
      "photo_to_art_classifier_acc": 0.0
    },
    "best_photo_to_art_clip_style": {
      "epoch": 40,
      "summary_path": "..\\inject_I0_all_open\\full_eval\\epoch_0040\\summary.json",
      "transfer_clip_style": 0.6897274287045001,
      "transfer_content_lpips": 0.49979624971666664,
      "transfer_fid": 310.2608453731423,
      "transfer_art_fid": 483.370719359757,
      "transfer_classifier_acc": 0.0,
      "photo_to_art_clip_style": 0.681195783118407,
      "photo_to_art_fid": 310.2608453731423,
      "photo_to_art_art_fid": 483.370719359757,
      "photo_to_art_classifier_acc": 0.0
    },
    "best_photo_to_art_fid": {
      "epoch": 40,
      "summary_path": "..\\inject_I0_all_open\\full_eval\\epoch_0040\\summary.json",
      "transfer_clip_style": 0.6897274287045001,
      "transfer_content_lpips": 0.49979624971666664,
      "transfer_fid": 310.2608453731423,
      "transfer_art_fid": 483.370719359757,
      "transfer_classifier_acc": 0.0,
      "photo_to_art_clip_style": 0.681195783118407,
      "photo_to_art_fid": 310.2608453731423,
      "photo_to_art_art_fid": 483.370719359757,
      "photo_to_art_classifier_acc": 0.0
    },
    "best_photo_to_art_art_fid": {
      "epoch": 40,
      "summary_path": "..\\inject_I0_all_open\\full_eval\\epoch_0040\\summary.json",
      "transfer_clip_style": 0.6897274287045001,
      "transfer_content_lpips": 0.49979624971666664,
      "transfer_fid": 310.2608453731423,
      "transfer_art_fid": 483.370719359757,
      "transfer_classifier_acc": 0.0,
      "photo_to_art_clip_style": 0.681195783118407,
      "photo_to_art_fid": 310.2608453731423,
      "photo_to_art_art_fid": 483.370719359757,
      "photo_to_art_classifier_acc": 0.0
    },
    "best_transfer_content_lpips": {
      "epoch": 80,
      "summary_path": "..\\inject_I0_all_open\\full_eval\\epoch_0080\\summary.json",
      "transfer_clip_style": 0.6903006587922572,
      "transfer_content_lpips": 0.4956928909499999,
      "transfer_fid": 316.85983394421766,
      "transfer_art_fid": 490.58006463918076,
      "transfer_classifier_acc": 0.0,
      "photo_to_art_clip_style": 0.6788897136847178,
      "photo_to_art_fid": 316.85983394421766,
      "photo_to_art_art_fid": 490.58006463918076,
      "photo_to_art_classifier_acc": 0.0
    }
  },
  "rounds": [
    {
      "epoch": 40,
      "summary_path": "..\\inject_I0_all_open\\full_eval\\epoch_0040\\summary.json",
      "transfer_clip_style": 0.6897274287045001,
      "transfer_content_lpips": 0.49979624971666664,
      "transfer_fid": 310.2608453731423,
      "transfer_art_fid": 483.370719359757,
      "transfer_classifier_acc": 0.0,
      "photo_to_art_clip_style": 0.681195783118407,
      "photo_to_art_fid": 310.2608453731423,
      "photo_to_art_art_fid": 483.370719359757,
      "photo_to_art_classifier_acc": 0.0
    },
    {
      "epoch": 80,
      "summary_path": "..\\inject_I0_all_open\\full_eval\\epoch_0080\\summary.json",
      "transfer_clip_style": 0.6903006587922572,
      "transfer_content_lpips": 0.4956928909499999,
      "transfer_fid": 316.85983394421766,
      "transfer_art_fid": 490.58006463918076,
      "transfer_classifier_acc": 0.0,
      "photo_to_art_clip_style": 0.6788897136847178,
      "photo_to_art_fid": 316.85983394421766,
      "photo_to_art_art_fid": 490.58006463918076,
      "photo_to_art_classifier_acc": 0.0
    }
  ],
  "updated_at": "2026-03-04 20:50:46"
}