{
  "checkpoint": "..\\master_sweep_05_patch_micro\\epoch_0100.pt",
  "timestamp": "2026-02-28 03:23:07",
  "metrics_note": {
    "clip_dir": "cos( CLIP(gen)-CLIP(src), CLIP(target_style_proto)-CLIP(src) ) - Measures edit direction.",
    "clip_style": "cos( CLIP(gen), CLIP(target_style_proto) ) - Measures absolute style similarity.",
    "fid_baseline": "FID between source-domain images and target-style references.",
    "fid": "FID between generated images and target-style real references (Inception features).",
    "delta_fid": "fid_baseline - fid (higher is better).",
    "delta_fid_ratio": "delta_fid / fid_baseline (relative improvement ratio).",
    "art_fid": "computed as (1 + fid_style) * (1 + content_lpips)"
  },
  "matrix_breakdown": {
    "photo": {
      "photo": {
        "count": 30,
        "clip_dir": 0.4861178418000539,
        "clip_style": 0.8200966477394104,
        "style_lpips": 0.7489421407381693,
        "content_lpips": 0.3993809156666666,
        "clip_content": 0.8535452276666666,
        "fid_style": null,
        "art_fid": null,
        "fid_baseline": null,
        "delta_fid": null,
        "delta_fid_ratio": null,
        "classifier_acc": null
      },
      "Hayao": {
        "count": 30,
        "clip_dir": 0.5105500568946203,
        "clip_style": 0.6181434839963913,
        "style_lpips": 0.7556907574335734,
        "content_lpips": 0.47636194733333337,
        "clip_content": 0.8074881453333332,
        "fid_style": 339.6560731439664,
        "art_fid": 502.9316635177527,
        "fid_baseline": 334.729000932728,
        "delta_fid": -4.9270722112383964,
        "delta_fid_ratio": -0.014719585687254545,
        "classifier_acc": null
      },
      "monet": {
        "count": 30,
        "clip_dir": 0.3920000617702802,
        "clip_style": 0.6378496944904327,
        "style_lpips": 0.7457757751146953,
        "content_lpips": 0.35891662233333327,
        "clip_content": 0.8705702839999998,
        "fid_style": 225.5477997895066,
        "art_fid": 307.85957088700457,
        "fid_baseline": 237.55478896111822,
        "delta_fid": 12.006989171611622,
        "delta_fid_ratio": 0.05054408384743978,
        "classifier_acc": null
      },
      "vangogh": {
        "count": 30,
        "clip_dir": 0.4681376943985621,
        "clip_style": 0.661941800514857,
        "style_lpips": 0.7890388051668803,
        "content_lpips": 0.45328225166666664,
        "clip_content": 0.8331657226666668,
        "fid_style": 314.13625746975526,
        "art_fid": 457.9819298374523,
        "fid_baseline": 313.3414404549672,
        "delta_fid": -0.794817014788066,
        "delta_fid_ratio": -0.002536584416137244,
        "classifier_acc": null
      },
      "cezanne": {
        "count": 30,
        "clip_dir": 0.4412528783082962,
        "clip_style": 0.6218437105417252,
        "style_lpips": 0.7462656994660696,
        "content_lpips": 0.41106421499999996,
        "clip_content": 0.8203056573333334,
        "fid_style": 316.2983258869835,
        "art_fid": 447.7283131385305,
        "fid_baseline": 317.94764662800304,
        "delta_fid": 1.649320741019551,
        "delta_fid_ratio": 0.005187397228793604,
        "classifier_acc": null
      }
    },
    "Hayao": {
      "photo": {
        "count": 30,
        "clip_dir": 0.42773203253746034,
        "clip_style": 0.5948572138945262,
        "style_lpips": 0.7696576158205668,
        "content_lpips": 0.42824963233333335,
        "clip_content": 0.8433501826666667,
        "fid_style": null,
        "art_fid": null,
        "fid_baseline": null,
        "delta_fid": null,
        "delta_fid_ratio": null,
        "classifier_acc": null
      },
      "Hayao": {
        "count": 30,
        "clip_dir": 0.3043367490172386,
        "clip_style": 0.8529377599557241,
        "style_lpips": 0.7273106157779694,
        "content_lpips": 0.20780974966666665,
        "clip_content": 0.936691565,
        "fid_style": null,
        "art_fid": null,
        "fid_baseline": null,
        "delta_fid": null,
        "delta_fid_ratio": null,
        "classifier_acc": null
      },
      "monet": {
        "count": 30,
        "clip_dir": 0.274263854076465,
        "clip_style": 0.4841772437095642,
        "style_lpips": 0.7696461896101634,
        "content_lpips": 0.3563744066666666,
        "clip_content": 0.8735623199999999,
        "fid_style": null,
        "art_fid": null,
        "fid_baseline": null,
        "delta_fid": null,
        "delta_fid_ratio": null,
        "classifier_acc": null
      },
      "vangogh": {
        "count": 30,
        "clip_dir": 0.34084715992212294,
        "clip_style": 0.5705835958321889,
        "style_lpips": 0.7993170122305552,
        "content_lpips": 0.3814979133333333,
        "clip_content": 0.8601559783333335,
        "fid_style": null,
        "art_fid": null,
        "fid_baseline": null,
        "delta_fid": null,
        "delta_fid_ratio": null,
        "classifier_acc": null
      },
      "cezanne": {
        "count": 30,
        "clip_dir": 0.2591216730574767,
        "clip_style": 0.514339143037796,
        "style_lpips": 0.7552976767222087,
        "content_lpips": 0.3463860493333332,
        "clip_content": 0.8803552236666666,
        "fid_style": null,
        "art_fid": null,
        "fid_baseline": null,
        "delta_fid": null,
        "delta_fid_ratio": null,
        "classifier_acc": null
      }
    },
    "monet": {
      "photo": {
        "count": 30,
        "clip_dir": 0.5588849643866222,
        "clip_style": 0.7435149729251862,
        "style_lpips": 0.7527462283770243,
        "content_lpips": 0.4425101126666666,
        "clip_content": 0.8184476350000001,
        "fid_style": null,
        "art_fid": null,
        "fid_baseline": null,
        "delta_fid": null,
        "delta_fid_ratio": null,
        "classifier_acc": null
      },
      "Hayao": {
        "count": 30,
        "clip_dir": 0.5236493547757467,
        "clip_style": 0.6225663046042125,
        "style_lpips": 0.7563405791918437,
        "content_lpips": 0.4837179236666666,
        "clip_content": 0.8046047216666669,
        "fid_style": null,
        "art_fid": null,
        "fid_baseline": null,
        "delta_fid": null,
        "delta_fid_ratio": null,
        "classifier_acc": null
      },
      "monet": {
        "count": 30,
        "clip_dir": 0.33087323904037474,
        "clip_style": 0.8348596096038818,
        "style_lpips": 0.7030202865600585,
        "content_lpips": 0.3645166713333333,
        "clip_content": 0.8857611453333333,
        "fid_style": null,
        "art_fid": null,
        "fid_baseline": null,
        "delta_fid": null,
        "delta_fid_ratio": null,
        "classifier_acc": null
      },
      "vangogh": {
        "count": 30,
        "clip_dir": 0.3735495962202549,
        "clip_style": 0.7870707472165426,
        "style_lpips": 0.7609476943810781,
        "content_lpips": 0.413684714,
        "clip_content": 0.8393560133333333,
        "fid_style": null,
        "art_fid": null,
        "fid_baseline": null,
        "delta_fid": null,
        "delta_fid_ratio": null,
        "classifier_acc": null
      },
      "cezanne": {
        "count": 30,
        "clip_dir": 0.368797042965889,
        "clip_style": 0.7613805135091146,
        "style_lpips": 0.7266587257385254,
        "content_lpips": 0.4137749296666666,
        "clip_content": 0.8157862216666666,
        "fid_style": null,
        "art_fid": null,
        "fid_baseline": null,
        "delta_fid": null,
        "delta_fid_ratio": null,
        "classifier_acc": null
      }
    },
    "vangogh": {
      "photo": {
        "count": 30,
        "clip_dir": 0.542021403213342,
        "clip_style": 0.7135932385921478,
        "style_lpips": 0.7566386739412944,
        "content_lpips": 0.4846989296666667,
        "clip_content": 0.7808901183333332,
        "fid_style": null,
        "art_fid": null,
        "fid_baseline": null,
        "delta_fid": null,