{
  "checkpoint": "..\\master_sweep_06_patch_std\\epoch_0100.pt",
  "timestamp": "2026-02-28 05:59:40",
  "metrics_note": {
    "clip_dir": "cos( CLIP(gen)-CLIP(src), CLIP(target_style_proto)-CLIP(src) ) - Measures edit direction.",
    "clip_style": "cos( CLIP(gen), CLIP(target_style_proto) ) - Measures absolute style similarity.",
    "fid_baseline": "FID between source-domain images and target-style references.",
    "fid": "FID between generated images and target-style real references (Inception features).",
    "delta_fid": "fid_baseline - fid (higher is better).",
    "delta_fid_ratio": "delta_fid / fid_baseline (relative improvement ratio).",
    "art_fid": "computed as (1 + fid_style) * (1 + content_lpips)"
  },
  "matrix_breakdown": {
    "photo": {
      "photo": {
        "count": 30,
        "clip_dir": 0.48964396814505257,
        "clip_style": 0.8228348612785339,
        "style_lpips": 0.7480910619099935,
        "content_lpips": 0.37751803166666664,
        "clip_content": 0.8586871623333333,
        "fid_style": null,
        "art_fid": null,
        "fid_baseline": null,
        "delta_fid": null,
        "delta_fid_ratio": null,
        "classifier_acc": null
      },
      "Hayao": {
        "count": 30,
        "clip_dir": 0.49712974826494855,
        "clip_style": 0.6102500418821971,
        "style_lpips": 0.7634119709332784,
        "content_lpips": 0.4718430423333333,
        "clip_content": 0.8179680856666667,
        "fid_style": 324.6837027498477,
        "art_fid": 479.35529189372085,
        "fid_baseline": 334.729000932728,
        "delta_fid": 10.045298182880288,
        "delta_fid_ratio": 0.030010241583158,
        "classifier_acc": null
      },
      "monet": {
        "count": 30,
        "clip_dir": 0.4164538691441218,
        "clip_style": 0.6460464934508006,
        "style_lpips": 0.7457829535007476,
        "content_lpips": 0.3778106356666667,
        "clip_content": 0.8556207413333331,
        "fid_style": 231.67159484706215,
        "art_fid": 320.5773979978078,
        "fid_baseline": 237.55478896111822,
        "delta_fid": 5.883194114056067,
        "delta_fid_ratio": 0.02476563044586316,
        "classifier_acc": null
      },
      "vangogh": {
        "count": 30,
        "clip_dir": 0.49691825807094575,
        "clip_style": 0.6737945854663849,
        "style_lpips": 0.7958704610665639,
        "content_lpips": 0.48763839400000003,
        "clip_content": 0.823410443,
        "fid_style": 325.0254361687947,
        "art_fid": 485.0079562652953,
        "fid_baseline": 313.3414404549672,
        "delta_fid": -11.683995713827528,
        "delta_fid_ratio": -0.03728838323096535,
        "classifier_acc": null
      },
      "cezanne": {
        "count": 30,
        "clip_dir": 0.4557645340760549,
        "clip_style": 0.6336309472719829,
        "style_lpips": 0.7575909753640493,
        "content_lpips": 0.4358952193333334,
        "clip_content": 0.8325124743333332,
        "fid_style": 300.57887975191653,
        "art_fid": 433.03567168767916,
        "fid_baseline": 317.94764662800304,
        "delta_fid": 17.36876687608651,
        "delta_fid_ratio": 0.054627757306245674,
        "classifier_acc": null
      }
    },
    "Hayao": {
      "photo": {
        "count": 30,
        "clip_dir": 0.40522108525037764,
        "clip_style": 0.5883044272661209,
        "style_lpips": 0.7816415727138519,
        "content_lpips": 0.371085782,
        "clip_content": 0.8651374113333331,
        "fid_style": null,
        "art_fid": null,
        "fid_baseline": null,
        "delta_fid": null,
        "delta_fid_ratio": null,
        "classifier_acc": null
      },
      "Hayao": {
        "count": 30,
        "clip_dir": 0.32939275229970616,
        "clip_style": 0.8505318880081176,
        "style_lpips": 0.7370226164658864,
        "content_lpips": 0.250002642,
        "clip_content": 0.929010675,
        "fid_style": null,
        "art_fid": null,
        "fid_baseline": null,
        "delta_fid": null,
        "delta_fid_ratio": null,
        "classifier_acc": null
      },
      "monet": {
        "count": 30,
        "clip_dir": 0.297761653115352,
        "clip_style": 0.4930727501710256,
        "style_lpips": 0.7791168431440989,
        "content_lpips": 0.3597554030000001,
        "clip_content": 0.8730694696666664,
        "fid_style": null,
        "art_fid": null,
        "fid_baseline": null,
        "delta_fid": null,
        "delta_fid_ratio": null,
        "classifier_acc": null
      },
      "vangogh": {
        "count": 30,
        "clip_dir": 0.3719576651851336,
        "clip_style": 0.583384120464325,
        "style_lpips": 0.7966654996077219,
        "content_lpips": 0.40016124266666664,
        "clip_content": 0.8563628616666665,
        "fid_style": null,
        "art_fid": null,
        "fid_baseline": null,
        "delta_fid": null,
        "delta_fid_ratio": null,
        "classifier_acc": null
      },
      "cezanne": {
        "count": 30,
        "clip_dir": 0.30341559449831645,
        "clip_style": 0.5353102594614029,
        "style_lpips": 0.7673586964607239,
        "content_lpips": 0.35775959366666665,
        "clip_content": 0.8804043586666667,
        "fid_style": null,
        "art_fid": null,
        "fid_baseline": null,
        "delta_fid": null,
        "delta_fid_ratio": null,
        "classifier_acc": null
      }
    },
    "monet": {
      "photo": {
        "count": 30,
        "clip_dir": 0.5351914356152216,
        "clip_style": 0.7366788546244304,
        "style_lpips": 0.7521049896876018,
        "content_lpips": 0.422924255,
        "clip_content": 0.8334881633333334,
        "fid_style": null,
        "art_fid": null,
        "fid_baseline": null,
        "delta_fid": null,
        "delta_fid_ratio": null,
        "classifier_acc": null
      },
      "Hayao": {
        "count": 30,
        "clip_dir": 0.5030886590480804,
        "clip_style": 0.6105469385782878,
        "style_lpips": 0.7639623026053111,
        "content_lpips": 0.48703860899999996,
        "clip_content": 0.8173486623333334,
        "fid_style": null,
        "art_fid": null,
        "fid_baseline": null,
        "delta_fid": null,
        "delta_fid_ratio": null,
        "classifier_acc": null
      },
      "monet": {
        "count": 30,
        "clip_dir": 0.34957897663116455,
        "clip_style": 0.8328122635682423,
        "style_lpips": 0.7051749249299367,
        "content_lpips": 0.38714814200000003,
        "clip_content": 0.8762541926666666,
        "fid_style": null,
        "art_fid": null,
        "fid_baseline": null,
        "delta_fid": null,
        "delta_fid_ratio": null,
        "classifier_acc": null
      },
      "vangogh": {
        "count": 30,
        "clip_dir": 0.406308069328467,
        "clip_style": 0.7959925989309947,
        "style_lpips": 0.770486056804657,
        "content_lpips": 0.4508976456666666,
        "clip_content": 0.8350178663333333,
        "fid_style": null,
        "art_fid": null,
        "fid_baseline": null,
        "delta_fid": null,
        "delta_fid_ratio": null,
        "classifier_acc": null
      },
      "cezanne": {
        "count": 30,
        "clip_dir": 0.3706537917256355,
        "clip_style": 0.7881778279940287,
        "style_lpips": 0.7328869680563609,
        "content_lpips": 0.41480678166666674,
        "clip_content": 0.8554700996666667,
        "fid_style": null,
        "art_fid": null,
        "fid_baseline": null,
        "delta_fid": null,
        "delta_fid_ratio": null,
        "classifier_acc": null
      }
    },
    "vangogh": {
      "photo": {
        "count": 30,
        "clip_dir": 0.5200083861748378,
        "clip_style": 0.7072575767834981,
        "style_lpips": 0.7579448262850443,
        "content_lpips": 0.46985833800000004,
        "clip_content": 0.8013238536666667,
        "fid_style": null,
        "art_fid": null,
        "fid_baseline": null,
        "delta_fid": null,