{
  "num_rounds": 1,
  "latest": {
    "epoch": 100,
    "summary_path": "..\\master_sweep_07_patch_xmax\\full_eval\\epoch_0100\\summary.json",
    "transfer_clip_style": 0.6736843087772528,
    "transfer_content_lpips": 0.4559428502,
    "transfer_fid": 294.4392605085045,
    "transfer_art_fid": 436.28460264039376,
    "transfer_classifier_acc": 0.0,
    "photo_to_art_clip_style": 0.6442354753613472,
    "photo_to_art_fid": 294.4392605085045,
    "photo_to_art_art_fid": 436.28460264039376,
    "photo_to_art_classifier_acc": 0.0
  },
  "mean": {
    "transfer_clip_style": 0.6736843087772528,
    "transfer_content_lpips": 0.4559428502,
    "transfer_fid": 294.4392605085045,
    "transfer_art_fid": 436.28460264039376,
    "transfer_classifier_acc": 0.0,
    "photo_to_art_clip_style": 0.6442354753613472,
    "photo_to_art_fid": 294.4392605085045,
    "photo_to_art_art_fid": 436.28460264039376,
    "photo_to_art_classifier_acc": 0.0
  },
  "best": {
    "best_transfer_classifier_acc": {
      "epoch": 100,
      "summary_path": "..\\master_sweep_07_patch_xmax\\full_eval\\epoch_0100\\summary.json",
      "transfer_clip_style": 0.6736843087772528,
      "transfer_content_lpips": 0.4559428502,
      "transfer_fid": 294.4392605085045,
      "transfer_art_fid": 436.28460264039376,
      "transfer_classifier_acc": 0.0,
      "photo_to_art_clip_style": 0.6442354753613472,
      "photo_to_art_fid": 294.4392605085045,
      "photo_to_art_art_fid": 436.28460264039376,
      "photo_to_art_classifier_acc": 0.0
    },
    "best_transfer_clip_style": {
      "epoch": 100,
      "summary_path": "..\\master_sweep_07_patch_xmax\\full_eval\\epoch_0100\\summary.json",
      "transfer_clip_style": 0.6736843087772528,
      "transfer_content_lpips": 0.4559428502,
      "transfer_fid": 294.4392605085045,
      "transfer_art_fid": 436.28460264039376,
      "transfer_classifier_acc": 0.0,
      "photo_to_art_clip_style": 0.6442354753613472,
      "photo_to_art_fid": 294.4392605085045,
      "photo_to_art_art_fid": 436.28460264039376,
      "photo_to_art_classifier_acc": 0.0
    },
    "best_transfer_fid": {
      "epoch": 100,
      "summary_path": "..\\master_sweep_07_patch_xmax\\full_eval\\epoch_0100\\summary.json",
      "transfer_clip_style": 0.6736843087772528,
      "transfer_content_lpips": 0.4559428502,
      "transfer_fid": 294.4392605085045,
      "transfer_art_fid": 436.28460264039376,
      "transfer_classifier_acc": 0.0,
      "photo_to_art_clip_style": 0.6442354753613472,
      "photo_to_art_fid": 294.4392605085045,
      "photo_to_art_art_fid": 436.28460264039376,
      "photo_to_art_classifier_acc": 0.0
    },
    "best_transfer_art_fid": {
      "epoch": 100,
      "summary_path": "..\\master_sweep_07_patch_xmax\\full_eval\\epoch_0100\\summary.json",
      "transfer_clip_style": 0.6736843087772528,
      "transfer_content_lpips": 0.4559428502,
      "transfer_fid": 294.4392605085045,
      "transfer_art_fid": 436.28460264039376,
      "transfer_classifier_acc": 0.0,
      "photo_to_art_clip_style": 0.6442354753613472,
      "photo_to_art_fid": 294.4392605085045,
      "photo_to_art_art_fid": 436.28460264039376,
      "photo_to_art_classifier_acc": 0.0
    },
    "best_photo_to_art_classifier_acc": {
      "epoch": 100,
      "summary_path": "..\\master_sweep_07_patch_xmax\\full_eval\\epoch_0100\\summary.json",
      "transfer_clip_style": 0.6736843087772528,
      "transfer_content_lpips": 0.4559428502,
      "transfer_fid": 294.4392605085045,
      "transfer_art_fid": 436.28460264039376,
      "transfer_classifier_acc": 0.0,
      "photo_to_art_clip_style": 0.6442354753613472,
      "photo_to_art_fid": 294.4392605085045,
      "photo_to_art_art_fid": 436.28460264039376,
      "photo_to_art_classifier_acc": 0.0
    },
    "best_photo_to_art_clip_style": {
      "epoch": 100,
      "summary_path": "..\\master_sweep_07_patch_xmax\\full_eval\\epoch_0100\\summary.json",
      "transfer_clip_style": 0.6736843087772528,
      "transfer_content_lpips": 0.4559428502,
      "transfer_fid": 294.4392605085045,
      "transfer_art_fid": 436.28460264039376,
      "transfer_classifier_acc": 0.0,
      "photo_to_art_clip_style": 0.6442354753613472,
      "photo_to_art_fid": 294.4392605085045,
      "photo_to_art_art_fid": 436.28460264039376,
      "photo_to_art_classifier_acc": 0.0
    },
    "best_photo_to_art_fid": {
      "epoch": 100,
      "summary_path": "..\\master_sweep_07_patch_xmax\\full_eval\\epoch_0100\\summary.json",
      "transfer_clip_style": 0.6736843087772528,
      "transfer_content_lpips": 0.4559428502,
      "transfer_fid": 294.4392605085045,
      "transfer_art_fid": 436.28460264039376,
      "transfer_classifier_acc": 0.0,
      "photo_to_art_clip_style": 0.6442354753613472,
      "photo_to_art_fid": 294.4392605085045,
      "photo_to_art_art_fid": 436.28460264039376,
      "photo_to_art_classifier_acc": 0.0
    },
    "best_photo_to_art_art_fid": {
      "epoch": 100,
      "summary_path": "..\\master_sweep_07_patch_xmax\\full_eval\\epoch_0100\\summary.json",
      "transfer_clip_style": 0.6736843087772528,
      "transfer_content_lpips": 0.4559428502,
      "transfer_fid": 294.4392605085045,
      "transfer_art_fid": 436.28460264039376,
      "transfer_classifier_acc": 0.0,
      "photo_to_art_clip_style": 0.6442354753613472,
      "photo_to_art_fid": 294.4392605085045,
      "photo_to_art_art_fid": 436.28460264039376,
      "photo_to_art_classifier_acc": 0.0
    },
    "best_transfer_content_lpips": {
      "epoch": 100,
      "summary_path": "..\\master_sweep_07_patch_xmax\\full_eval\\epoch_0100\\summary.json",
      "transfer_clip_style": 0.6736843087772528,
      "transfer_content_lpips": 0.4559428502,
      "transfer_fid": 294.4392605085045,
      "transfer_art_fid": 436.28460264039376,
      "transfer_classifier_acc": 0.0,
      "photo_to_art_clip_style": 0.6442354753613472,
      "photo_to_art_fid": 294.4392605085045,
      "photo_to_art_art_fid": 436.28460264039376,
      "photo_to_art_classifier_acc": 0.0
    }
  },
  "rounds": [
    {
      "epoch": 100,
      "summary_path": "..\\master_sweep_07_patch_xmax\\full_eval\\epoch_0100\\summary.json",
      "transfer_clip_style": 0.6736843087772528,
      "transfer_content_lpips": 0.4559428502,
      "transfer_fid": 294.4392605085045,
      "transfer_art_fid": 436.28460264039376,
      "transfer_classifier_acc": 0.0,
      "photo_to_art_clip_style": 0.6442354753613472,
      "photo_to_art_fid": 294.4392605085045,
      "photo_to_art_art_fid": 436.28460264039376,
      "photo_to_art_classifier_acc": 0.0
    }
  ],
  "updated_at": "2026-02-28 09:10:19"
}