{
  "checkpoint": "..\\master_sweep_07_patch_xmax\\epoch_0100.pt",
  "timestamp": "2026-02-28 09:10:16",
  "metrics_note": {
    "clip_dir": "cos( CLIP(gen)-CLIP(src), CLIP(target_style_proto)-CLIP(src) ) - Measures edit direction.",
    "clip_style": "cos( CLIP(gen), CLIP(target_style_proto) ) - Measures absolute style similarity.",
    "fid_baseline": "FID between source-domain images and target-style references.",
    "fid": "FID between generated images and target-style real references (Inception features).",
    "delta_fid": "fid_baseline - fid (higher is better).",
    "delta_fid_ratio": "delta_fid / fid_baseline (relative improvement ratio).",
    "art_fid": "computed as (1 + fid_style) * (1 + content_lpips)"
  },
  "matrix_breakdown": {
    "photo": {
      "photo": {
        "count": 30,
        "clip_dir": 0.4150286371509234,
        "clip_style": 0.8018224120140076,
        "style_lpips": 0.7455697238445282,
        "content_lpips": 0.35994645,
        "clip_content": 0.8633215386666666,
        "fid_style": null,
        "art_fid": null,
        "fid_baseline": null,
        "delta_fid": null,
        "delta_fid_ratio": null,
        "classifier_acc": null
      },
      "Hayao": {
        "count": 30,
        "clip_dir": 0.5289225061734517,
        "clip_style": 0.6263454536596934,
        "style_lpips": 0.7380509873231252,
        "content_lpips": 0.502320906,
        "clip_content": 0.7844464816666668,
        "fid_style": 333.4889712057491,
        "art_fid": 502.50977426882895,
        "fid_baseline": 334.729000932728,
        "delta_fid": 1.2400297269788894,
        "delta_fid_ratio": 0.003704578102057263,
        "classifier_acc": null
      },
      "monet": {
        "count": 30,
        "clip_dir": 0.40568580478429794,
        "clip_style": 0.6396588603655498,
        "style_lpips": 0.7337716499964396,
        "content_lpips": 0.38709271733333334,
        "clip_content": 0.8489759056666667,
        "fid_style": 226.60710649629138,
        "art_fid": 315.7121598343182,
        "fid_baseline": 237.55478896111822,
        "delta_fid": 10.94768246482684,
        "delta_fid_ratio": 0.04608487377881783,
        "classifier_acc": null
      },
      "vangogh": {
        "count": 30,
        "clip_dir": 0.5127686351537705,
        "clip_style": 0.6775843818982442,
        "style_lpips": 0.7720080812772115,
        "content_lpips": 0.5111067933333334,
        "clip_content": 0.7987210253333333,
        "fid_style": 314.9241833945838,
        "art_fid": 477.3951797058415,
        "fid_baseline": 313.3414404549672,
        "delta_fid": -1.582742939616594,
        "delta_fid_ratio": -0.005051176561001553,
        "classifier_acc": null
      },
      "cezanne": {
        "count": 30,
        "clip_dir": 0.4735639899969101,
        "clip_style": 0.6333532055219014,
        "style_lpips": 0.73910746773084,
        "content_lpips": 0.4799699113333334,
        "clip_content": 0.7958941339999999,
        "fid_style": 302.73678093739363,
        "art_fid": 449.5212967525865,
        "fid_baseline": 317.94764662800304,
        "delta_fid": 15.21086569060941,
        "delta_fid_ratio": 0.04784078716080587,
        "classifier_acc": null
      }
    },
    "Hayao": {
      "photo": {
        "count": 30,
        "clip_dir": 0.47507219612598417,
        "clip_style": 0.6136853863795598,
        "style_lpips": 0.7615505377451579,
        "content_lpips": 0.4557420173333334,
        "clip_content": 0.8081252130000001,
        "fid_style": null,
        "art_fid": null,
        "fid_baseline": null,
        "delta_fid": null,
        "delta_fid_ratio": null,
        "classifier_acc": null
      },
      "Hayao": {
        "count": 30,
        "clip_dir": 0.2874403124054273,
        "clip_style": 0.846836370229721,
        "style_lpips": 0.7249124983946482,
        "content_lpips": 0.21350901466666672,
        "clip_content": 0.9354932120000002,
        "fid_style": null,
        "art_fid": null,
        "fid_baseline": null,
        "delta_fid": null,
        "delta_fid_ratio": null,
        "classifier_acc": null
      },
      "monet": {
        "count": 30,
        "clip_dir": 0.3295944040020307,
        "clip_style": 0.5001958201328913,
        "style_lpips": 0.765162714322408,
        "content_lpips": 0.4184203176666666,
        "clip_content": 0.8479999756666667,
        "fid_style": null,
        "art_fid": null,
        "fid_baseline": null,
        "delta_fid": null,
        "delta_fid_ratio": null,
        "classifier_acc": null
      },
      "vangogh": {
        "count": 30,
        "clip_dir": 0.406204358736674,
        "clip_style": 0.5929664174715678,
        "style_lpips": 0.7847936789194743,
        "content_lpips": 0.46208299466666675,
        "clip_content": 0.8287623610000001,
        "fid_style": null,
        "art_fid": null,
        "fid_baseline": null,
        "delta_fid": null,
        "delta_fid_ratio": null,
        "classifier_acc": null
      },
      "cezanne": {
        "count": 30,
        "clip_dir": 0.3430561472972234,
        "clip_style": 0.5430630753437679,
        "style_lpips": 0.748251340786616,
        "content_lpips": 0.41815219200000003,
        "clip_content": 0.8468439146666669,
        "fid_style": null,
        "art_fid": null,
        "fid_baseline": null,
        "delta_fid": null,
        "delta_fid_ratio": null,
        "classifier_acc": null
      }
    },
    "monet": {
      "photo": {
        "count": 30,
        "clip_dir": 0.5796681265036265,
        "clip_style": 0.7485413352648417,
        "style_lpips": 0.7458917160828908,
        "content_lpips": 0.4760919663333333,
        "clip_content": 0.781042119,
        "fid_style": null,
        "art_fid": null,
        "fid_baseline": null,
        "delta_fid": null,
        "delta_fid_ratio": null,
        "classifier_acc": null
      },
      "Hayao": {
        "count": 30,
        "clip_dir": 0.5576976438363394,
        "clip_style": 0.6391199251015981,
        "style_lpips": 0.7429197251796722,
        "content_lpips": 0.5008277426666666,
        "clip_content": 0.7778404210000002,
        "fid_style": null,
        "art_fid": null,
        "fid_baseline": null,
        "delta_fid": null,
        "delta_fid_ratio": null,
        "classifier_acc": null
      },
      "monet": {
        "count": 30,
        "clip_dir": 0.33920536587635675,
        "clip_style": 0.8244889696439107,
        "style_lpips": 0.6989901979764302,
        "content_lpips": 0.3817962899999999,
        "clip_content": 0.8674760403333334,
        "fid_style": null,
        "art_fid": null,
        "fid_baseline": null,
        "delta_fid": null,
        "delta_fid_ratio": null,
        "classifier_acc": null
      },
      "vangogh": {
        "count": 30,
        "clip_dir": 0.41345555037260057,
        "clip_style": 0.7891456246376037,
        "style_lpips": 0.7540944655736287,
        "content_lpips": 0.46150486799999996,
        "clip_content": 0.8159612483333334,
        "fid_style": null,
        "art_fid": null,
        "fid_baseline": null,
        "delta_fid": null,
        "delta_fid_ratio": null,
        "classifier_acc": null
      },
      "cezanne": {
        "count": 30,
        "clip_dir": 0.4033408130208651,
        "clip_style": 0.7723201791445414,
        "style_lpips": 0.7200900534788768,
        "content_lpips": 0.4712502036666667,
        "clip_content": 0.8068423583333332,
        "fid_style": null,
        "art_fid": null,
        "fid_baseline": null,
        "delta_fid": null,
        "delta_fid_ratio": null,
        "classifier_acc": null
      }
    },
    "vangogh": {
      "photo": {
        "count": 30,
        "clip_dir": 0.5929054607947667,
        "clip_style": 0.7333501736323039,
        "style_lpips": 0.7457259436448415,
        "content_lpips": 0.5235518936666667,
        "clip_content": 0.738812611,
        "fid_style": null,
        "art_fid": null,
        "fid_baseline": null,
        "delta_fid": null,