{
  "num_rounds": 2,
  "latest": {
    "epoch": 80,
    "summary_path": "spatial-adagn-expA-texture\\full_eval\\epoch_0080\\summary.json",
    "transfer_clip_style": 0.6457471591234206,
    "transfer_content_lpips": 0.4018787762333334,
    "transfer_fid_baseline": 300.88946089756377,
    "transfer_fid": 295.2974158962398,
    "transfer_delta_fid": 5.59204500132401,
    "transfer_delta_fid_ratio": 0.019759212455991288,
    "transfer_art_fid": 431.9907944895057,
    "transfer_classifier_acc": 0.0,
    "photo_to_art_clip_style": 0.6169815674424172,
    "photo_to_art_fid_baseline": 300.88946089756377,
    "photo_to_art_fid": 295.2974158962398,
    "photo_to_art_delta_fid": 5.59204500132401,
    "photo_to_art_delta_fid_ratio": 0.019759212455991288,
    "photo_to_art_art_fid": 431.9907944895057,
    "photo_to_art_classifier_acc": 0.0
  },
  "mean": {
    "transfer_clip_style": 0.6451025243848562,
    "transfer_content_lpips": 0.3825287866791667,
    "transfer_fid_baseline": 300.8913400708839,
    "transfer_fid": 292.41212417475816,
    "transfer_delta_fid": 8.479215896125787,
    "transfer_delta_fid_ratio": 0.029266408339504425,
    "transfer_art_fid": 418.83629395614173,
    "transfer_classifier_acc": 0.0,
    "photo_to_art_clip_style": 0.6175726550320784,
    "photo_to_art_fid_baseline": 300.8913400708839,
    "photo_to_art_fid": 292.41212417475816,
    "photo_to_art_delta_fid": 8.479215896125787,
    "photo_to_art_delta_fid_ratio": 0.029266408339504425,
    "photo_to_art_art_fid": 418.83629395614173,
    "photo_to_art_classifier_acc": 0.0
  },
  "best": {
    "best_transfer_clip_style": {
      "epoch": 80,
      "summary_path": "spatial-adagn-expA-texture\\full_eval\\epoch_0080\\summary.json",
      "transfer_clip_style": 0.6457471591234206,
      "transfer_content_lpips": 0.4018787762333334,
      "transfer_fid_baseline": 300.88946089756377,
      "transfer_fid": 295.2974158962398,
      "transfer_delta_fid": 5.59204500132401,
      "transfer_delta_fid_ratio": 0.019759212455991288,
      "transfer_art_fid": 431.9907944895057,
      "transfer_classifier_acc": 0.0,
      "photo_to_art_clip_style": 0.6169815674424172,
      "photo_to_art_fid_baseline": 300.88946089756377,
      "photo_to_art_fid": 295.2974158962398,
      "photo_to_art_delta_fid": 5.59204500132401,
      "photo_to_art_delta_fid_ratio": 0.019759212455991288,
      "photo_to_art_art_fid": 431.9907944895057,
      "photo_to_art_classifier_acc": 0.0
    },
    "best_transfer_delta_fid": {
      "epoch": 40,
      "summary_path": "spatial-adagn-expA-texture\\full_eval\\epoch_0040\\summary.json",
      "transfer_clip_style": 0.6444578896462917,
      "transfer_content_lpips": 0.363178797125,
      "transfer_fid_baseline": 300.8932192442041,
      "transfer_fid": 289.52683245327654,
      "transfer_delta_fid": 11.366386790927564,
      "transfer_delta_fid_ratio": 0.038773604223017566,
      "transfer_art_fid": 405.68179342277784,
      "transfer_classifier_acc": 0.0,
      "photo_to_art_clip_style": 0.6181637426217397,
      "photo_to_art_fid_baseline": 300.8932192442041,
      "photo_to_art_fid": 289.52683245327654,
      "photo_to_art_delta_fid": 11.366386790927564,
      "photo_to_art_delta_fid_ratio": 0.038773604223017566,
      "photo_to_art_art_fid": 405.68179342277784,
      "photo_to_art_classifier_acc": 0.0
    },
    "best_transfer_content_lpips": {
      "epoch": 40,
      "summary_path": "spatial-adagn-expA-texture\\full_eval\\epoch_0040\\summary.json",
      "transfer_clip_style": 0.6444578896462917,
      "transfer_content_lpips": 0.363178797125,
      "transfer_fid_baseline": 300.8932192442041,
      "transfer_fid": 289.52683245327654,
      "transfer_delta_fid": 11.366386790927564,
      "transfer_delta_fid_ratio": 0.038773604223017566,
      "transfer_art_fid": 405.68179342277784,
      "transfer_classifier_acc": 0.0,
      "photo_to_art_clip_style": 0.6181637426217397,
      "photo_to_art_fid_baseline": 300.8932192442041,
      "photo_to_art_fid": 289.52683245327654,
      "photo_to_art_delta_fid": 11.366386790927564,
      "photo_to_art_delta_fid_ratio": 0.038773604223017566,
      "photo_to_art_art_fid": 405.68179342277784,
      "photo_to_art_classifier_acc": 0.0
    },
    "best_photo_to_art_clip_style": {
      "epoch": 40,
      "summary_path": "spatial-adagn-expA-texture\\full_eval\\epoch_0040\\summary.json",
      "transfer_clip_style": 0.6444578896462917,
      "transfer_content_lpips": 0.363178797125,
      "transfer_fid_baseline": 300.8932192442041,
      "transfer_fid": 289.52683245327654,
      "transfer_delta_fid": 11.366386790927564,
      "transfer_delta_fid_ratio": 0.038773604223017566,
      "transfer_art_fid": 405.68179342277784,
      "transfer_classifier_acc": 0.0,
      "photo_to_art_clip_style": 0.6181637426217397,
      "photo_to_art_fid_baseline": 300.8932192442041,
      "photo_to_art_fid": 289.52683245327654,
      "photo_to_art_delta_fid": 11.366386790927564,
      "photo_to_art_delta_fid_ratio": 0.038773604223017566,
      "photo_to_art_art_fid": 405.68179342277784,
      "photo_to_art_classifier_acc": 0.0
    },
    "best_photo_to_art_delta_fid": {
      "epoch": 40,
      "summary_path": "spatial-adagn-expA-texture\\full_eval\\epoch_0040\\summary.json",
      "transfer_clip_style": 0.6444578896462917,
      "transfer_content_lpips": 0.363178797125,
      "transfer_fid_baseline": 300.8932192442041,
      "transfer_fid": 289.52683245327654,
      "transfer_delta_fid": 11.366386790927564,
      "transfer_delta_fid_ratio": 0.038773604223017566,
      "transfer_art_fid": 405.68179342277784,
      "transfer_classifier_acc": 0.0,
      "photo_to_art_clip_style": 0.6181637426217397,
      "photo_to_art_fid_baseline": 300.8932192442041,
      "photo_to_art_fid": 289.52683245327654,
      "photo_to_art_delta_fid": 11.366386790927564,
      "photo_to_art_delta_fid_ratio": 0.038773604223017566,
      "photo_to_art_art_fid": 405.68179342277784,
      "photo_to_art_classifier_acc": 0.0
    }
  },
  "rounds": [
    {
      "epoch": 40,
      "summary_path": "spatial-adagn-expA-texture\\full_eval\\epoch_0040\\summary.json",
      "transfer_clip_style": 0.6444578896462917,
      "transfer_content_lpips": 0.363178797125,
      "transfer_fid_baseline": 300.8932192442041,
      "transfer_fid": 289.52683245327654,
      "transfer_delta_fid": 11.366386790927564,
      "transfer_delta_fid_ratio": 0.038773604223017566,
      "transfer_art_fid": 405.68179342277784,
      "transfer_classifier_acc": 0.0,
      "photo_to_art_clip_style": 0.6181637426217397,
      "photo_to_art_fid_baseline": 300.8932192442041,
      "photo_to_art_fid": 289.52683245327654,
      "photo_to_art_delta_fid": 11.366386790927564,
      "photo_to_art_delta_fid_ratio": 0.038773604223017566,
      "photo_to_art_art_fid": 405.68179342277784,
      "photo_to_art_classifier_acc": 0.0
    },
    {
      "epoch": 80,
      "summary_path": "spatial-adagn-expA-texture\\full_eval\\epoch_0080\\summary.json",
      "transfer_clip_style": 0.6457471591234206,
      "transfer_content_lpips": 0.4018787762333334,
      "transfer_fid_baseline": 300.88946089756377,
      "transfer_fid": 295.2974158962398,
      "transfer_delta_fid": 5.59204500132401,
      "transfer_delta_fid_ratio": 0.019759212455991288,
      "transfer_art_fid": 431.9907944895057,
      "transfer_classifier_acc": 0.0,
      "photo_to_art_clip_style": 0.6169815674424172,
      "photo_to_art_fid_baseline": 300.88946089756377,
      "photo_to_art_fid": 295.2974158962398,
      "photo_to_art_delta_fid": 5.59204500132401,
      "photo_to_art_delta_fid_ratio": 0.019759212455991288,
      "photo_to_art_art_fid": 431.9907944895057,
      "photo_to_art_classifier_acc": 0.0
    }
  ],
  "updated_at": "2026-02-25 09:31:59"
}