{
  "num_rounds": 2,
  "latest": {
    "epoch": 80,
    "summary_path": "spatial-adagn-expC-reg\\full_eval\\epoch_0080\\summary.json",
    "transfer_clip_style": 0.6440951887269815,
    "transfer_content_lpips": 0.3908658959333333,
    "transfer_fid_baseline": 300.88946089756377,
    "transfer_fid": 292.43790607252544,
    "transfer_delta_fid": 8.451554825038336,
    "transfer_delta_fid_ratio": 0.029175342891951086,
    "transfer_art_fid": 420.8019915319194,
    "transfer_classifier_acc": 0.0,
    "photo_to_art_clip_style": 0.6124854517479739,
    "photo_to_art_fid_baseline": 300.88946089756377,
    "photo_to_art_fid": 292.43790607252544,
    "photo_to_art_delta_fid": 8.451554825038336,
    "photo_to_art_delta_fid_ratio": 0.029175342891951086,
    "photo_to_art_art_fid": 420.8019915319194,
    "photo_to_art_classifier_acc": 0.0
  },
  "mean": {
    "transfer_clip_style": 0.6450088890641927,
    "transfer_content_lpips": 0.37471997842916666,
    "transfer_fid_baseline": 300.8913400708839,
    "transfer_fid": 290.7920243353125,
    "transfer_delta_fid": 10.099315735571484,
    "transfer_delta_fid_ratio": 0.03443798803694026,
    "transfer_art_fid": 411.07415910843497,
    "transfer_classifier_acc": 0.0,
    "photo_to_art_clip_style": 0.6119879984607299,
    "photo_to_art_fid_baseline": 300.8913400708839,
    "photo_to_art_fid": 290.7920243353125,
    "photo_to_art_delta_fid": 10.099315735571484,
    "photo_to_art_delta_fid_ratio": 0.03443798803694026,
    "photo_to_art_art_fid": 411.07415910843497,
    "photo_to_art_classifier_acc": 0.0
  },
  "best": {
    "best_transfer_clip_style": {
      "epoch": 40,
      "summary_path": "spatial-adagn-expC-reg\\full_eval\\epoch_0040\\summary.json",
      "transfer_clip_style": 0.6459225894014041,
      "transfer_content_lpips": 0.358574060925,
      "transfer_fid_baseline": 300.8932192442041,
      "transfer_fid": 289.14614259809946,
      "transfer_delta_fid": 11.747076646104631,
      "transfer_delta_fid_ratio": 0.03970063318192943,
      "transfer_art_fid": 401.3463266849506,
      "transfer_classifier_acc": 0.0,
      "photo_to_art_clip_style": 0.611490545173486,
      "photo_to_art_fid_baseline": 300.8932192442041,
      "photo_to_art_fid": 289.14614259809946,
      "photo_to_art_delta_fid": 11.747076646104631,
      "photo_to_art_delta_fid_ratio": 0.03970063318192943,
      "photo_to_art_art_fid": 401.3463266849506,
      "photo_to_art_classifier_acc": 0.0
    },
    "best_transfer_delta_fid": {
      "epoch": 40,
      "summary_path": "spatial-adagn-expC-reg\\full_eval\\epoch_0040\\summary.json",
      "transfer_clip_style": 0.6459225894014041,
      "transfer_content_lpips": 0.358574060925,
      "transfer_fid_baseline": 300.8932192442041,
      "transfer_fid": 289.14614259809946,
      "transfer_delta_fid": 11.747076646104631,
      "transfer_delta_fid_ratio": 0.03970063318192943,
      "transfer_art_fid": 401.3463266849506,
      "transfer_classifier_acc": 0.0,
      "photo_to_art_clip_style": 0.611490545173486,
      "photo_to_art_fid_baseline": 300.8932192442041,
      "photo_to_art_fid": 289.14614259809946,
      "photo_to_art_delta_fid": 11.747076646104631,
      "photo_to_art_delta_fid_ratio": 0.03970063318192943,
      "photo_to_art_art_fid": 401.3463266849506,
      "photo_to_art_classifier_acc": 0.0
    },
    "best_transfer_content_lpips": {
      "epoch": 40,
      "summary_path": "spatial-adagn-expC-reg\\full_eval\\epoch_0040\\summary.json",
      "transfer_clip_style": 0.6459225894014041,
      "transfer_content_lpips": 0.358574060925,
      "transfer_fid_baseline": 300.8932192442041,
      "transfer_fid": 289.14614259809946,
      "transfer_delta_fid": 11.747076646104631,
      "transfer_delta_fid_ratio": 0.03970063318192943,
      "transfer_art_fid": 401.3463266849506,
      "transfer_classifier_acc": 0.0,
      "photo_to_art_clip_style": 0.611490545173486,
      "photo_to_art_fid_baseline": 300.8932192442041,
      "photo_to_art_fid": 289.14614259809946,
      "photo_to_art_delta_fid": 11.747076646104631,
      "photo_to_art_delta_fid_ratio": 0.03970063318192943,
      "photo_to_art_art_fid": 401.3463266849506,
      "photo_to_art_classifier_acc": 0.0
    },
    "best_photo_to_art_clip_style": {
      "epoch": 80,
      "summary_path": "spatial-adagn-expC-reg\\full_eval\\epoch_0080\\summary.json",
      "transfer_clip_style": 0.6440951887269815,
      "transfer_content_lpips": 0.3908658959333333,
      "transfer_fid_baseline": 300.88946089756377,
      "transfer_fid": 292.43790607252544,
      "transfer_delta_fid": 8.451554825038336,
      "transfer_delta_fid_ratio": 0.029175342891951086,
      "transfer_art_fid": 420.8019915319194,
      "transfer_classifier_acc": 0.0,
      "photo_to_art_clip_style": 0.6124854517479739,
      "photo_to_art_fid_baseline": 300.88946089756377,
      "photo_to_art_fid": 292.43790607252544,
      "photo_to_art_delta_fid": 8.451554825038336,
      "photo_to_art_delta_fid_ratio": 0.029175342891951086,
      "photo_to_art_art_fid": 420.8019915319194,
      "photo_to_art_classifier_acc": 0.0
    },
    "best_photo_to_art_delta_fid": {
      "epoch": 40,
      "summary_path": "spatial-adagn-expC-reg\\full_eval\\epoch_0040\\summary.json",
      "transfer_clip_style": 0.6459225894014041,
      "transfer_content_lpips": 0.358574060925,
      "transfer_fid_baseline": 300.8932192442041,
      "transfer_fid": 289.14614259809946,
      "transfer_delta_fid": 11.747076646104631,
      "transfer_delta_fid_ratio": 0.03970063318192943,
      "transfer_art_fid": 401.3463266849506,
      "transfer_classifier_acc": 0.0,
      "photo_to_art_clip_style": 0.611490545173486,
      "photo_to_art_fid_baseline": 300.8932192442041,
      "photo_to_art_fid": 289.14614259809946,
      "photo_to_art_delta_fid": 11.747076646104631,
      "photo_to_art_delta_fid_ratio": 0.03970063318192943,
      "photo_to_art_art_fid": 401.3463266849506,
      "photo_to_art_classifier_acc": 0.0
    }
  },
  "rounds": [
    {
      "epoch": 40,
      "summary_path": "spatial-adagn-expC-reg\\full_eval\\epoch_0040\\summary.json",
      "transfer_clip_style": 0.6459225894014041,
      "transfer_content_lpips": 0.358574060925,
      "transfer_fid_baseline": 300.8932192442041,
      "transfer_fid": 289.14614259809946,
      "transfer_delta_fid": 11.747076646104631,
      "transfer_delta_fid_ratio": 0.03970063318192943,
      "transfer_art_fid": 401.3463266849506,
      "transfer_classifier_acc": 0.0,
      "photo_to_art_clip_style": 0.611490545173486,
      "photo_to_art_fid_baseline": 300.8932192442041,
      "photo_to_art_fid": 289.14614259809946,
      "photo_to_art_delta_fid": 11.747076646104631,
      "photo_to_art_delta_fid_ratio": 0.03970063318192943,
      "photo_to_art_art_fid": 401.3463266849506,
      "photo_to_art_classifier_acc": 0.0
    },
    {
      "epoch": 80,
      "summary_path": "spatial-adagn-expC-reg\\full_eval\\epoch_0080\\summary.json",
      "transfer_clip_style": 0.6440951887269815,
      "transfer_content_lpips": 0.3908658959333333,
      "transfer_fid_baseline": 300.88946089756377,
      "transfer_fid": 292.43790607252544,
      "transfer_delta_fid": 8.451554825038336,
      "transfer_delta_fid_ratio": 0.029175342891951086,
      "transfer_art_fid": 420.8019915319194,
      "transfer_classifier_acc": 0.0,
      "photo_to_art_clip_style": 0.6124854517479739,
      "photo_to_art_fid_baseline": 300.88946089756377,
      "photo_to_art_fid": 292.43790607252544,
      "photo_to_art_delta_fid": 8.451554825038336,
      "photo_to_art_delta_fid_ratio": 0.029175342891951086,
      "photo_to_art_art_fid": 420.8019915319194,
      "photo_to_art_classifier_acc": 0.0
    }
  ],
  "updated_at": "2026-02-25 09:31:59"
}