epoch,loss,swd,color,identity,identity_ratio,lr,data_time_sec,transfer_time_sec,fwd_loss_time_sec,backward_time_sec,optimizer_time_sec,step_overhead_time_sec,compute_time_sec,epoch_time_sec,samples_seen,samples_per_sec,compute_samples_per_sec
1,138.8024444580078,0.30366799235343933,1.5545648336410522,0.0681178942322731,0.20205079019069672,4.1666666666666665e-05,0.5181935001164675,0.004951799870468676,76.3168715002248,11.649136699736118,0.35644229978788644,0.051880499930121005,88.32740229961928,91.23513698577881,10240,112.23745958310064,115.9323124353238
2,116.65492248535156,0.27515122294425964,1.2148034572601318,0.1769016832113266,0.20400391519069672,8.333333333333333e-05,0.4779293998144567,0.0048585995100438595,70.49299390020315,4.61808539996855,0.34079729998484254,0.048848300240933895,75.45673519966658,78.29886031150818,10240,130.78095848727122,135.70690506160736
3,105.75174713134766,0.2513342797756195,1.080872893333435,0.28824496269226074,0.20283202826976776,0.000125,0.48476350016426295,0.00464029994327575,70.6764923002338,4.61380729964003,0.27788119995966554,0.04863550001755357,75.57282109977677,78.42826414108276,10240,130.56517458526818,135.4984483969495
4,98.73443603515625,0.23245032131671906,1.0161404609680176,0.2874665856361389,0.20126953721046448,0.00016666666666666666,0.4810780998086557,0.004660199978388846,70.691892099916,4.599309500190429,0.34337489993777126,0.04912340035662055,75.6392367000226,78.49684882164001,10240,130.4510964926408,135.3794729660055
5,93.42295837402344,0.22713187336921692,0.9307088851928711,0.29223036766052246,0.20097656548023224,0.00020833333333333335,0.48252039938233793,0.005252599949017167,70.78563999955077,4.620019700494595,0.3421255002031103,0.04891520005185157,75.75303780019749,78.54470825195312,10240,130.37160908603119,135.17609718845233
