{
  "checkpoint": "G:\\GitHub\\Latent_Style\\Cycle-NCE\\ssim-optun-nce\\trial_0217\\epoch_0001.pt",
  "timestamp": "2026-02-20 12:34:25",
  "matrix_breakdown": {
    "photo": {
      "photo": {
        "count": 10,
        "style_swd": 1.8238930225372314,
        "content_ssim": 0.326473039,
        "classifier_acc": null
      },
      "Hayao": {
        "count": 10,
        "style_swd": 2.1926859110593795,
        "content_ssim": 0.346574802,
        "classifier_acc": null
      },
      "monet": {
        "count": 10,
        "style_swd": 1.1087818443775177,
        "content_ssim": 0.338770825,
        "classifier_acc": null
      },
      "cezanne": {
        "count": 10,
        "style_swd": 1.1733161002397536,
        "content_ssim": 0.33021225000000004,
        "classifier_acc": null
      },
      "vangogh": {
        "count": 10,
        "style_swd": 2.292859023809433,
        "content_ssim": 0.316257162,
        "classifier_acc": null
      }
    },
    "Hayao": {
      "photo": {
        "count": 10,
        "style_swd": 1.8172261655330657,
        "content_ssim": 0.465532886,
        "classifier_acc": null
      },
      "Hayao": {
        "count": 10,
        "style_swd": 1.9147004514932633,
        "content_ssim": 0.491912934,
        "classifier_acc": null
      },
      "monet": {
        "count": 10,
        "style_swd": 1.1885328531265258,
        "content_ssim": 0.580143626,
        "classifier_acc": null
      },
      "cezanne": {
        "count": 10,
        "style_swd": 1.1895961463451385,
        "content_ssim": 0.5762795030000001,
        "classifier_acc": null
      },
      "vangogh": {
        "count": 10,
        "style_swd": 2.1247507333755493,
        "content_ssim": 0.539442306,
        "classifier_acc": null
      }
    },
    "monet": {
      "photo": {
        "count": 10,
        "style_swd": 1.8462879598140716,
        "content_ssim": 0.32442695199999994,
        "classifier_acc": null
      },
      "Hayao": {
        "count": 10,
        "style_swd": 2.325561025738716,
        "content_ssim": 0.40649038300000007,
        "classifier_acc": null
      },
      "monet": {
        "count": 10,
        "style_swd": 1.1154241144657135,
        "content_ssim": 0.385592183,
        "classifier_acc": null
      },
      "cezanne": {
        "count": 10,
        "style_swd": 1.003791692852974,
        "content_ssim": 0.326114777,
        "classifier_acc": null
      },
      "vangogh": {
        "count": 10,
        "style_swd": 2.225097244977951,
        "content_ssim": 0.339021436,
        "classifier_acc": null
      }
    },
    "cezanne": {
      "photo": {
        "count": 10,
        "style_swd": 1.8013146579265595,
        "content_ssim": 0.380235945,
        "classifier_acc": null
      },
      "Hayao": {
        "count": 10,
        "style_swd": 1.9941549807786942,
        "content_ssim": 0.48437286100000004,
        "classifier_acc": null
      },
      "monet": {
        "count": 10,
        "style_swd": 1.1453917324543,
        "content_ssim": 0.46550800500000006,
        "classifier_acc": null
      },
      "cezanne": {
        "count": 10,
        "style_swd": 1.0312391579151154,
        "content_ssim": 0.42549469,
        "classifier_acc": null
      },
      "vangogh": {
        "count": 10,
        "style_swd": 2.119956213235855,
        "content_ssim": 0.42607554300000006,
        "classifier_acc": null
      }
    },
    "vangogh": {
      "photo": {
        "count": 10,
        "style_swd": 1.890804797410965,
        "content_ssim": 0.26828314999999997,
        "classifier_acc": null
      },
      "Hayao": {
        "count": 10,
        "style_swd": 1.823189577460289,
        "content_ssim": 0.386392855,
        "classifier_acc": null
      },
      "monet": {
        "count": 10,
        "style_swd": 1.1424014538526535,
        "content_ssim": 0.349199327,
        "classifier_acc": null
      },
      "cezanne": {
        "count": 10,
        "style_swd": 1.0104781180620193,
        "content_ssim": 0.318878564,
        "classifier_acc": null
      },
      "vangogh": {
        "count": 10,
        "style_swd": 1.8816465735435486,
        "content_ssim": 0.31415007,
        "classifier_acc": null
      }
    }
  },
  "analysis": {
    "style_transfer_ability": {
      "style_swd": 1.6708089116215707,
      "content_ssim": 0.3984106579,
      "classifier_acc": 0.0
    },
    "photo_to_art_performance": {
      "style_swd": 1.691910719871521,
      "valid": true,
      "classifier_acc": 0.0
    }
  },
  "classification_report": null,
  "detailed_style_metrics": {}
}