{
  "checkpoint": "I:\\Github\\Latent_Style\\Cycle-NCE\\experiments\\20260223-micro5style-bs384\\runs\\exp07-phase1_60e-swd_patch_1_3\\artifacts\\epoch_0040.pt",
  "timestamp": "2026-02-24 11:08:01",
  "metrics_note": {
    "clip_dir": "cos( CLIP(gen)-CLIP(src), CLIP(target_style_proto)-CLIP(src) ) - Measures edit direction.",
    "clip_style": "cos( CLIP(gen), CLIP(target_style_proto) ) - Measures absolute style similarity.",
    "art_fid": "computed as (1 + fid_style) * (1 + content_lpips)"
  },
  "matrix_breakdown": {
    "photo": {
      "photo": {
        "count": 50,
        "clip_dir": 0.3237029749155045,
        "clip_style": 0.7908532190322876,
        "style_lpips": 0.7502937066555023,
        "content_lpips": 0.299589108,
        "clip_content": 0.8977391234,
        "fid_style": null,
        "art_fid": null,
        "classifier_acc": null
      },
      "Hayao": {
        "count": 50,
        "clip_dir": 0.5097289007902145,
        "clip_style": 0.622807400226593,
        "style_lpips": 0.7595357799530029,
        "content_lpips": 0.4013071426,
        "clip_content": 0.8281011242000001,
        "fid_style": null,
        "art_fid": null,
        "classifier_acc": null
      },
      "monet": {
        "count": 50,
        "clip_dir": 0.26758887618780136,
        "clip_style": 0.5918154811859131,
        "style_lpips": 0.7525175333023071,
        "content_lpips": 0.30110071159999996,
        "clip_content": 0.8991308544000001,
        "fid_style": null,
        "art_fid": null,
        "classifier_acc": null
      },
      "vangogh": {
        "count": 50,
        "clip_dir": 0.4077841770648956,
        "clip_style": 0.6386585032939911,
        "style_lpips": 0.78230877161026,
        "content_lpips": 0.4167683364,
        "clip_content": 0.8702786994000001,
        "fid_style": null,
        "art_fid": null,
        "classifier_acc": null
      },
      "cezanne": {
        "count": 50,
        "clip_dir": 0.3334409981966019,
        "clip_style": 0.5816068488359452,
        "style_lpips": 0.7590179204940796,
        "content_lpips": 0.3256888858,
        "clip_content": 0.8778772711999998,
        "fid_style": null,
        "art_fid": null,
        "classifier_acc": null
      }
    },
    "Hayao": {
      "photo": {
        "count": 50,
        "clip_dir": 0.1932731495797634,
        "clip_style": 0.5143860733509064,
        "style_lpips": 0.7833298444747925,
        "content_lpips": 0.3189101292,
        "clip_content": 0.920995677,
        "fid_style": null,
        "art_fid": null,
        "classifier_acc": null
      },
      "Hayao": {
        "count": 50,
        "clip_dir": 0.2687550492212176,
        "clip_style": 0.8469780206680297,
        "style_lpips": 0.7270124864578247,
        "content_lpips": 0.19976435100000003,
        "clip_content": 0.9446200553999999,
        "fid_style": null,
        "art_fid": null,
        "classifier_acc": null
      },
      "monet": {
        "count": 50,
        "clip_dir": 0.15232667192816735,
        "clip_style": 0.44584866642951965,
        "style_lpips": 0.781872410774231,
        "content_lpips": 0.25976225760000005,
        "clip_content": 0.9299609994,
        "fid_style": null,
        "art_fid": null,
        "classifier_acc": null
      },
      "vangogh": {
        "count": 50,
        "clip_dir": 0.24471131071448327,
        "clip_style": 0.5479693073034286,
        "style_lpips": 0.8106722176074982,
        "content_lpips": 0.30333348060000004,
        "clip_content": 0.928482925,
        "fid_style": null,
        "art_fid": null,
        "classifier_acc": null
      },
      "cezanne": {
        "count": 50,
        "clip_dir": 0.14976690677925944,
        "clip_style": 0.48845220923423766,
        "style_lpips": 0.7680135452747345,
        "content_lpips": 0.2062741268,
        "clip_content": 0.9372599944000001,
        "fid_style": null,
        "art_fid": null,
        "classifier_acc": null
      }
    },
    "monet": {
      "photo": {
        "count": 50,
        "clip_dir": 0.4436901253461838,
        "clip_style": 0.7000476324558258,
        "style_lpips": 0.7518339967727661,
        "content_lpips": 0.3768705738,
        "clip_content": 0.8805930032,
        "fid_style": null,
        "art_fid": null,
        "classifier_acc": null
      },
      "Hayao": {
        "count": 50,
        "clip_dir": 0.4867626565694809,
        "clip_style": 0.5951066637039184,
        "style_lpips": 0.7553789103031159,
        "content_lpips": 0.42789819439999993,
        "clip_content": 0.8722117166,
        "fid_style": null,
        "art_fid": null,
        "classifier_acc": null
      },
      "monet": {
        "count": 50,
        "clip_dir": 0.28380249068140984,
        "clip_style": 0.83373175740242,
        "style_lpips": 0.7116092014312744,
        "content_lpips": 0.33946980200000004,
        "clip_content": 0.9029790088,
        "fid_style": null,
        "art_fid": null,
        "classifier_acc": null
      },
      "vangogh": {
        "count": 50,
        "clip_dir": 0.3971941277384758,
        "clip_style": 0.804855934381485,
        "style_lpips": 0.7498028206825257,
        "content_lpips": 0.39941595240000005,
        "clip_content": 0.8747764080000002,
        "fid_style": null,
        "art_fid": null,
        "classifier_acc": null
      },
      "cezanne": {
        "count": 50,
        "clip_dir": 0.31689212411642076,
        "clip_style": 0.7906227719783783,
        "style_lpips": 0.7335687911510468,
        "content_lpips": 0.35846447179999996,
        "clip_content": 0.9000310323999998,
        "fid_style": null,
        "art_fid": null,
        "classifier_acc": null
      }
    },
    "vangogh": {
      "photo": {
        "count": 50,
        "clip_dir": 0.426099488735199,
        "clip_style": 0.6715148997306823,
        "style_lpips": 0.7614913785457611,
        "content_lpips": 0.39889074119999995,
        "clip_content": 0.8603813366000002,
        "fid_style": null,
        "art_fid": null,
        "classifier_acc": null
      },
      "Hayao": {
        "count": 50,
        "clip_dir": 0.4865807697176933,
        "clip_style": 0.6438247406482697,
        "style_lpips": 0.7544645762443543,
        "content_lpips": 0.39466021840000004,
        "clip_content": 0.8562072256000001,
        "fid_style": null,
        "art_fid": null,
        "classifier_acc": null
      },
      "monet": {
        "count": 50,
        "clip_dir": 0.2644761267304421,
        "clip_style": 0.7592715394496917,
        "style_lpips": 0.744854770898819,
        "content_lpips": 0.32166228779999995,
        "clip_content": 0.8902870208,
        "fid_style": null,
        "art_fid": null,
        "classifier_acc": null
      },
      "vangogh": {
        "count": 50,
        "clip_dir": 0.26191460371017455,
        "clip_style": 0.8012493550777435,
        "style_lpips": 0.7405563187599182,
        "content_lpips": 0.33620342379999996,
        "clip_content": 0.8818490372000001,
        "fid_style": null,
        "art_fid": null,
        "classifier_acc": null
      },
      "cezanne": {
        "count": 50,
        "clip_dir": 0.2705045600235462,
        "clip_style": 0.7756384980678558,
        "style_lpips": 0.7422555434703827,
        "content_lpips": 0.3261433668,
        "clip_content": 0.8883989432,
        "fid_style": null,
        "art_fid": null,
        "classifier_acc": null
      }
    },
    "cezanne": {
      "photo": {
        "count": 50,
        "clip_dir": 0.4073515313863754,
        "clip_style": 0.6317905467748642,
        "style_lpips": 0.75753342628479,
        "content_lpips": 0.3857574848,
        "clip_content": 0.8640084926,
        "fid_style": null,
        "art_fid": null,
        "classifier_acc": null
      },
      "Hayao": {
        "count": 50,
        "clip_dir": 0.4930199432373047,
        "clip_style": 0.6169047605991363,
        "style_lpips": 0.736442676782608,
        "content_lpips": 0.36595488879999993,