{
  "checkpoint": "..\\spatial-adagn-nuclear\\epoch_0100.pt",
  "timestamp": "2026-02-25 16:25:27",
  "metrics_note": {
    "clip_dir": "cos( CLIP(gen)-CLIP(src), CLIP(target_style_proto)-CLIP(src) ) - Measures edit direction.",
    "clip_style": "cos( CLIP(gen), CLIP(target_style_proto) ) - Measures absolute style similarity.",
    "fid_baseline": "FID between source-domain images and target-style references.",
    "fid": "FID between generated images and target-style real references (Inception features).",
    "delta_fid": "fid_baseline - fid (higher is better).",
    "delta_fid_ratio": "delta_fid / fid_baseline (relative improvement ratio).",
    "art_fid": "computed as (1 + fid_style) * (1 + content_lpips)"
  },
  "matrix_breakdown": {
    "photo": {
      "photo": {
        "count": 30,
        "clip_dir": 0.4509616603453954,
        "clip_style": 0.8009832978248597,
        "style_lpips": 0.7571959733963013,
        "content_lpips": 0.4012306383333334,
        "clip_content": 0.8442341959999999,
        "fid_style": null,
        "art_fid": null,
        "fid_baseline": null,
        "delta_fid": null,
        "delta_fid_ratio": null,
        "classifier_acc": null
      },
      "Hayao": {
        "count": 30,
        "clip_dir": 0.5102352261543274,
        "clip_style": 0.6152502000331879,
        "style_lpips": 0.7885028123855591,
        "content_lpips": 0.4452807066666666,
        "clip_content": 0.8140950713333335,
        "fid_style": 336.2360610707805,
        "art_fid": 487.40077265786084,
        "fid_baseline": 334.729000932728,
        "delta_fid": -1.507060138052509,
        "delta_fid_ratio": -0.0045023291494106,
        "classifier_acc": null
      },
      "monet": {
        "count": 30,
        "clip_dir": 0.3924832701683044,
        "clip_style": 0.6242516060670217,
        "style_lpips": 0.7463749647140503,
        "content_lpips": 0.409531531,
        "clip_content": 0.8322483026666667,
        "fid_style": 233.61384537180103,
        "art_fid": 330.695612660712,
        "fid_baseline": 237.55478896111822,
        "delta_fid": 3.940943589317186,
        "delta_fid_ratio": 0.016589619626494752,
        "classifier_acc": null
      },
      "vangogh": {
        "count": 30,
        "clip_dir": 0.46923986275990803,
        "clip_style": 0.6489379336436589,
        "style_lpips": 0.8106257498264313,
        "content_lpips": 0.4863390900000001,
        "clip_content": 0.7983985533333333,
        "fid_style": 316.0773695786991,
        "art_fid": 471.28448895919735,
        "fid_baseline": 313.3414404549672,
        "delta_fid": -2.735929123731921,
        "delta_fid_ratio": -0.008731462776705794,
        "classifier_acc": null
      },
      "cezanne": {
        "count": 30,
        "clip_dir": 0.4340782771507899,
        "clip_style": 0.6122782905896504,
        "style_lpips": 0.7725101073582967,
        "content_lpips": 0.44875930333333336,
        "clip_content": 0.8137166509999999,
        "fid_style": 305.40867451145755,
        "art_fid": 443.91241782050935,
        "fid_baseline": 317.94764662800304,
        "delta_fid": 12.538972116545494,
        "delta_fid_ratio": 0.03943722260418559,
        "classifier_acc": null
      }
    },
    "Hayao": {
      "photo": {
        "count": 30,
        "clip_dir": 0.25275259638826053,
        "clip_style": 0.5310988148053487,
        "style_lpips": 0.7868214984734853,
        "content_lpips": 0.37542963866666657,
        "clip_content": 0.9042322816666667,
        "fid_style": null,
        "art_fid": null,
        "fid_baseline": null,
        "delta_fid": null,
        "delta_fid_ratio": null,
        "classifier_acc": null
      },
      "Hayao": {
        "count": 30,
        "clip_dir": 0.41084728240966795,
        "clip_style": 0.8649137397607167,
        "style_lpips": 0.727936730782191,
        "content_lpips": 0.278417032,
        "clip_content": 0.9172543386666666,
        "fid_style": null,
        "art_fid": null,
        "fid_baseline": null,
        "delta_fid": null,
        "delta_fid_ratio": null,
        "classifier_acc": null
      },
      "monet": {
        "count": 30,
        "clip_dir": 0.21263449775675933,
        "clip_style": 0.46770383218924205,
        "style_lpips": 0.7743444701035818,
        "content_lpips": 0.34501967600000005,
        "clip_content": 0.9037637679999998,
        "fid_style": null,
        "art_fid": null,
        "fid_baseline": null,
        "delta_fid": null,
        "delta_fid_ratio": null,
        "classifier_acc": null
      },
      "vangogh": {
        "count": 30,
        "clip_dir": 0.3050270428260167,
        "clip_style": 0.562154288093249,
        "style_lpips": 0.7989776134490967,
        "content_lpips": 0.34481451366666666,
        "clip_content": 0.8854582253333334,
        "fid_style": null,
        "art_fid": null,
        "fid_baseline": null,
        "delta_fid": null,
        "delta_fid_ratio": null,
        "classifier_acc": null
      },
      "cezanne": {
        "count": 30,
        "clip_dir": 0.2593523673713207,
        "clip_style": 0.5225137799978257,
        "style_lpips": 0.766411300500234,
        "content_lpips": 0.3357929906666667,
        "clip_content": 0.899266132,
        "fid_style": null,
        "art_fid": null,
        "fid_baseline": null,
        "delta_fid": null,
        "delta_fid_ratio": null,
        "classifier_acc": null
      }
    },
    "monet": {
      "photo": {
        "count": 30,
        "clip_dir": 0.4993257800738017,
        "clip_style": 0.7239213029543559,
        "style_lpips": 0.7651538193225861,
        "content_lpips": 0.4451999036666667,
        "clip_content": 0.8502497086666666,
        "fid_style": null,
        "art_fid": null,
        "fid_baseline": null,
        "delta_fid": null,
        "delta_fid_ratio": null,
        "classifier_acc": null
      },
      "Hayao": {
        "count": 30,
        "clip_dir": 0.4936780790487925,
        "clip_style": 0.6056046277284622,
        "style_lpips": 0.7843360722064971,
        "content_lpips": 0.43780678366666675,
        "clip_content": 0.831131089,
        "fid_style": null,
        "art_fid": null,
        "fid_baseline": null,
        "delta_fid": null,
        "delta_fid_ratio": null,
        "classifier_acc": null
      },
      "monet": {
        "count": 30,
        "clip_dir": 0.3404172778129578,
        "clip_style": 0.8261642813682556,
        "style_lpips": 0.7056099355220795,
        "content_lpips": 0.4050587710000001,
        "clip_content": 0.8696653573333335,
        "fid_style": null,
        "art_fid": null,
        "fid_baseline": null,
        "delta_fid": null,
        "delta_fid_ratio": null,
        "classifier_acc": null
      },
      "vangogh": {
        "count": 30,
        "clip_dir": 0.40111207564671836,
        "clip_style": 0.7929318447907766,
        "style_lpips": 0.7739190598328908,
        "content_lpips": 0.4303502646666667,
        "clip_content": 0.8317665900000001,
        "fid_style": null,
        "art_fid": null,
        "fid_baseline": null,
        "delta_fid": null,
        "delta_fid_ratio": null,
        "classifier_acc": null
      },
      "cezanne": {
        "count": 30,
        "clip_dir": 0.3722112248341242,
        "clip_style": 0.7806259274482727,
        "style_lpips": 0.7397188087304433,
        "content_lpips": 0.42221628166666675,
        "clip_content": 0.8437569473333333,
        "fid_style": null,
        "art_fid": null,
        "fid_baseline": null,
        "delta_fid": null,
        "delta_fid_ratio": null,
        "classifier_acc": null
      }
    },
    "vangogh": {
      "photo": {
        "count": 30,
        "clip_dir": 0.4680986389517784,
        "clip_style": 0.687127810716629,
        "style_lpips": 0.7651267925898234,
        "content_lpips": 0.4627474116666666,
        "clip_content": 0.8311593239999998,
        "fid_style": null,
        "art_fid": null,
        "fid_baseline": null,
        "delta_fid": null,