{
  "num_rounds": 2,
  "latest": {
    "epoch": 80,
    "summary_path": "..\\spatial-adagn-expB-depth\\full_eval\\epoch_0080\\summary.json",
    "transfer_clip_style": 0.644301005154848,
    "transfer_content_lpips": 0.3621075314666667,
    "transfer_fid": 289.34321956119527,
    "transfer_art_fid": 401.24705997992606,
    "transfer_classifier_acc": 0.0,
    "photo_to_art_clip_style": 0.6088709883391856,
    "photo_to_art_fid": 289.34321956119527,
    "photo_to_art_art_fid": 401.24705997992606,
    "photo_to_art_classifier_acc": 0.0
  },
  "mean": {
    "transfer_clip_style": 0.6449902391433715,
    "transfer_content_lpips": 0.3625946167916667,
    "transfer_fid": 289.4522732426363,
    "transfer_art_fid": 403.7699884627257,
    "transfer_classifier_acc": 0.0,
    "photo_to_art_clip_style": 0.611841785783569,
    "photo_to_art_fid": 289.4522732426363,
    "photo_to_art_art_fid": 403.7699884627257,
    "photo_to_art_classifier_acc": 0.0
  },
  "best": {
    "best_transfer_classifier_acc": {
      "epoch": 40,
      "summary_path": "..\\spatial-adagn-expB-depth\\full_eval\\epoch_0040\\summary.json",
      "transfer_clip_style": 0.645679473131895,
      "transfer_content_lpips": 0.3630817021166667,
      "transfer_fid": 289.5613269240773,
      "transfer_art_fid": 406.29291694552535,
      "transfer_classifier_acc": 0.0,
      "photo_to_art_clip_style": 0.6148125832279523,
      "photo_to_art_fid": 289.5613269240773,
      "photo_to_art_art_fid": 406.29291694552535,
      "photo_to_art_classifier_acc": 0.0
    },
    "best_transfer_clip_style": {
      "epoch": 40,
      "summary_path": "..\\spatial-adagn-expB-depth\\full_eval\\epoch_0040\\summary.json",
      "transfer_clip_style": 0.645679473131895,
      "transfer_content_lpips": 0.3630817021166667,
      "transfer_fid": 289.5613269240773,
      "transfer_art_fid": 406.29291694552535,
      "transfer_classifier_acc": 0.0,
      "photo_to_art_clip_style": 0.6148125832279523,
      "photo_to_art_fid": 289.5613269240773,
      "photo_to_art_art_fid": 406.29291694552535,
      "photo_to_art_classifier_acc": 0.0
    },
    "best_transfer_fid": {
      "epoch": 80,
      "summary_path": "..\\spatial-adagn-expB-depth\\full_eval\\epoch_0080\\summary.json",
      "transfer_clip_style": 0.644301005154848,
      "transfer_content_lpips": 0.3621075314666667,
      "transfer_fid": 289.34321956119527,
      "transfer_art_fid": 401.24705997992606,
      "transfer_classifier_acc": 0.0,
      "photo_to_art_clip_style": 0.6088709883391856,
      "photo_to_art_fid": 289.34321956119527,
      "photo_to_art_art_fid": 401.24705997992606,
      "photo_to_art_classifier_acc": 0.0
    },
    "best_transfer_art_fid": {
      "epoch": 80,
      "summary_path": "..\\spatial-adagn-expB-depth\\full_eval\\epoch_0080\\summary.json",
      "transfer_clip_style": 0.644301005154848,
      "transfer_content_lpips": 0.3621075314666667,
      "transfer_fid": 289.34321956119527,
      "transfer_art_fid": 401.24705997992606,
      "transfer_classifier_acc": 0.0,
      "photo_to_art_clip_style": 0.6088709883391856,
      "photo_to_art_fid": 289.34321956119527,
      "photo_to_art_art_fid": 401.24705997992606,
      "photo_to_art_classifier_acc": 0.0
    },
    "best_photo_to_art_classifier_acc": {
      "epoch": 40,
      "summary_path": "..\\spatial-adagn-expB-depth\\full_eval\\epoch_0040\\summary.json",
      "transfer_clip_style": 0.645679473131895,
      "transfer_content_lpips": 0.3630817021166667,
      "transfer_fid": 289.5613269240773,
      "transfer_art_fid": 406.29291694552535,
      "transfer_classifier_acc": 0.0,
      "photo_to_art_clip_style": 0.6148125832279523,
      "photo_to_art_fid": 289.5613269240773,
      "photo_to_art_art_fid": 406.29291694552535,
      "photo_to_art_classifier_acc": 0.0
    },
    "best_photo_to_art_clip_style": {
      "epoch": 40,
      "summary_path": "..\\spatial-adagn-expB-depth\\full_eval\\epoch_0040\\summary.json",
      "transfer_clip_style": 0.645679473131895,
      "transfer_content_lpips": 0.3630817021166667,
      "transfer_fid": 289.5613269240773,
      "transfer_art_fid": 406.29291694552535,
      "transfer_classifier_acc": 0.0,
      "photo_to_art_clip_style": 0.6148125832279523,
      "photo_to_art_fid": 289.5613269240773,
      "photo_to_art_art_fid": 406.29291694552535,
      "photo_to_art_classifier_acc": 0.0
    },
    "best_photo_to_art_fid": {
      "epoch": 80,
      "summary_path": "..\\spatial-adagn-expB-depth\\full_eval\\epoch_0080\\summary.json",
      "transfer_clip_style": 0.644301005154848,
      "transfer_content_lpips": 0.3621075314666667,
      "transfer_fid": 289.34321956119527,
      "transfer_art_fid": 401.24705997992606,
      "transfer_classifier_acc": 0.0,
      "photo_to_art_clip_style": 0.6088709883391856,
      "photo_to_art_fid": 289.34321956119527,
      "photo_to_art_art_fid": 401.24705997992606,
      "photo_to_art_classifier_acc": 0.0
    },
    "best_photo_to_art_art_fid": {
      "epoch": 80,
      "summary_path": "..\\spatial-adagn-expB-depth\\full_eval\\epoch_0080\\summary.json",
      "transfer_clip_style": 0.644301005154848,
      "transfer_content_lpips": 0.3621075314666667,
      "transfer_fid": 289.34321956119527,
      "transfer_art_fid": 401.24705997992606,
      "transfer_classifier_acc": 0.0,
      "photo_to_art_clip_style": 0.6088709883391856,
      "photo_to_art_fid": 289.34321956119527,
      "photo_to_art_art_fid": 401.24705997992606,
      "photo_to_art_classifier_acc": 0.0
    },
    "best_transfer_content_lpips": {
      "epoch": 80,
      "summary_path": "..\\spatial-adagn-expB-depth\\full_eval\\epoch_0080\\summary.json",
      "transfer_clip_style": 0.644301005154848,
      "transfer_content_lpips": 0.3621075314666667,
      "transfer_fid": 289.34321956119527,
      "transfer_art_fid": 401.24705997992606,
      "transfer_classifier_acc": 0.0,
      "photo_to_art_clip_style": 0.6088709883391856,
      "photo_to_art_fid": 289.34321956119527,
      "photo_to_art_art_fid": 401.24705997992606,
      "photo_to_art_classifier_acc": 0.0
    }
  },
  "rounds": [
    {
      "epoch": 40,
      "summary_path": "..\\spatial-adagn-expB-depth\\full_eval\\epoch_0040\\summary.json",
      "transfer_clip_style": 0.645679473131895,
      "transfer_content_lpips": 0.3630817021166667,
      "transfer_fid": 289.5613269240773,
      "transfer_art_fid": 406.29291694552535,
      "transfer_classifier_acc": 0.0,
      "photo_to_art_clip_style": 0.6148125832279523,
      "photo_to_art_fid": 289.5613269240773,
      "photo_to_art_art_fid": 406.29291694552535,
      "photo_to_art_classifier_acc": 0.0
    },
    {
      "epoch": 80,
      "summary_path": "..\\spatial-adagn-expB-depth\\full_eval\\epoch_0080\\summary.json",
      "transfer_clip_style": 0.644301005154848,
      "transfer_content_lpips": 0.3621075314666667,
      "transfer_fid": 289.34321956119527,
      "transfer_art_fid": 401.24705997992606,
      "transfer_classifier_acc": 0.0,
      "photo_to_art_clip_style": 0.6088709883391856,
      "photo_to_art_fid": 289.34321956119527,
      "photo_to_art_art_fid": 401.24705997992606,
      "photo_to_art_classifier_acc": 0.0
    }
  ],
  "updated_at": "2026-02-25 03:25:50"
}