{
  "num_rounds": 2,
  "latest": {
    "epoch": 80,
    "summary_path": "..\\spatial-adagn-expC-reg\\full_eval\\epoch_0080\\summary.json",
    "transfer_clip_style": 0.6464930644631386,
    "transfer_content_lpips": 0.35659174375,
    "transfer_fid": 292.44228370817484,
    "transfer_art_fid": 403.8929237822705,
    "transfer_classifier_acc": 0.0,
    "photo_to_art_clip_style": 0.6149126855035623,
    "photo_to_art_fid": 292.44228370817484,
    "photo_to_art_art_fid": 403.8929237822705,
    "photo_to_art_classifier_acc": 0.0
  },
  "mean": {
    "transfer_clip_style": 0.6462078269322713,
    "transfer_content_lpips": 0.3575829023375,
    "transfer_fid": 290.79421315313715,
    "transfer_art_fid": 402.6196252336106,
    "transfer_classifier_acc": 0.0,
    "photo_to_art_clip_style": 0.6132016153385241,
    "photo_to_art_fid": 290.79421315313715,
    "photo_to_art_art_fid": 402.6196252336106,
    "photo_to_art_classifier_acc": 0.0
  },
  "best": {
    "best_transfer_classifier_acc": {
      "epoch": 40,
      "summary_path": "..\\spatial-adagn-expC-reg\\full_eval\\epoch_0040\\summary.json",
      "transfer_clip_style": 0.6459225894014041,
      "transfer_content_lpips": 0.358574060925,
      "transfer_fid": 289.14614259809946,
      "transfer_art_fid": 401.3463266849506,
      "transfer_classifier_acc": 0.0,
      "photo_to_art_clip_style": 0.611490545173486,
      "photo_to_art_fid": 289.14614259809946,
      "photo_to_art_art_fid": 401.3463266849506,
      "photo_to_art_classifier_acc": 0.0
    },
    "best_transfer_clip_style": {
      "epoch": 80,
      "summary_path": "..\\spatial-adagn-expC-reg\\full_eval\\epoch_0080\\summary.json",
      "transfer_clip_style": 0.6464930644631386,
      "transfer_content_lpips": 0.35659174375,
      "transfer_fid": 292.44228370817484,
      "transfer_art_fid": 403.8929237822705,
      "transfer_classifier_acc": 0.0,
      "photo_to_art_clip_style": 0.6149126855035623,
      "photo_to_art_fid": 292.44228370817484,
      "photo_to_art_art_fid": 403.8929237822705,
      "photo_to_art_classifier_acc": 0.0
    },
    "best_transfer_fid": {
      "epoch": 40,
      "summary_path": "..\\spatial-adagn-expC-reg\\full_eval\\epoch_0040\\summary.json",
      "transfer_clip_style": 0.6459225894014041,
      "transfer_content_lpips": 0.358574060925,
      "transfer_fid": 289.14614259809946,
      "transfer_art_fid": 401.3463266849506,
      "transfer_classifier_acc": 0.0,
      "photo_to_art_clip_style": 0.611490545173486,
      "photo_to_art_fid": 289.14614259809946,
      "photo_to_art_art_fid": 401.3463266849506,
      "photo_to_art_classifier_acc": 0.0
    },
    "best_transfer_art_fid": {
      "epoch": 40,
      "summary_path": "..\\spatial-adagn-expC-reg\\full_eval\\epoch_0040\\summary.json",
      "transfer_clip_style": 0.6459225894014041,
      "transfer_content_lpips": 0.358574060925,
      "transfer_fid": 289.14614259809946,
      "transfer_art_fid": 401.3463266849506,
      "transfer_classifier_acc": 0.0,
      "photo_to_art_clip_style": 0.611490545173486,
      "photo_to_art_fid": 289.14614259809946,
      "photo_to_art_art_fid": 401.3463266849506,
      "photo_to_art_classifier_acc": 0.0
    },
    "best_photo_to_art_classifier_acc": {
      "epoch": 40,
      "summary_path": "..\\spatial-adagn-expC-reg\\full_eval\\epoch_0040\\summary.json",
      "transfer_clip_style": 0.6459225894014041,
      "transfer_content_lpips": 0.358574060925,
      "transfer_fid": 289.14614259809946,
      "transfer_art_fid": 401.3463266849506,
      "transfer_classifier_acc": 0.0,
      "photo_to_art_clip_style": 0.611490545173486,
      "photo_to_art_fid": 289.14614259809946,
      "photo_to_art_art_fid": 401.3463266849506,
      "photo_to_art_classifier_acc": 0.0
    },
    "best_photo_to_art_clip_style": {
      "epoch": 80,
      "summary_path": "..\\spatial-adagn-expC-reg\\full_eval\\epoch_0080\\summary.json",
      "transfer_clip_style": 0.6464930644631386,
      "transfer_content_lpips": 0.35659174375,
      "transfer_fid": 292.44228370817484,
      "transfer_art_fid": 403.8929237822705,
      "transfer_classifier_acc": 0.0,
      "photo_to_art_clip_style": 0.6149126855035623,
      "photo_to_art_fid": 292.44228370817484,
      "photo_to_art_art_fid": 403.8929237822705,
      "photo_to_art_classifier_acc": 0.0
    },
    "best_photo_to_art_fid": {
      "epoch": 40,
      "summary_path": "..\\spatial-adagn-expC-reg\\full_eval\\epoch_0040\\summary.json",
      "transfer_clip_style": 0.6459225894014041,
      "transfer_content_lpips": 0.358574060925,
      "transfer_fid": 289.14614259809946,
      "transfer_art_fid": 401.3463266849506,
      "transfer_classifier_acc": 0.0,
      "photo_to_art_clip_style": 0.611490545173486,
      "photo_to_art_fid": 289.14614259809946,
      "photo_to_art_art_fid": 401.3463266849506,
      "photo_to_art_classifier_acc": 0.0
    },
    "best_photo_to_art_art_fid": {
      "epoch": 40,
      "summary_path": "..\\spatial-adagn-expC-reg\\full_eval\\epoch_0040\\summary.json",
      "transfer_clip_style": 0.6459225894014041,
      "transfer_content_lpips": 0.358574060925,
      "transfer_fid": 289.14614259809946,
      "transfer_art_fid": 401.3463266849506,
      "transfer_classifier_acc": 0.0,
      "photo_to_art_clip_style": 0.611490545173486,
      "photo_to_art_fid": 289.14614259809946,
      "photo_to_art_art_fid": 401.3463266849506,
      "photo_to_art_classifier_acc": 0.0
    },
    "best_transfer_content_lpips": {
      "epoch": 80,
      "summary_path": "..\\spatial-adagn-expC-reg\\full_eval\\epoch_0080\\summary.json",
      "transfer_clip_style": 0.6464930644631386,
      "transfer_content_lpips": 0.35659174375,
      "transfer_fid": 292.44228370817484,
      "transfer_art_fid": 403.8929237822705,
      "transfer_classifier_acc": 0.0,
      "photo_to_art_clip_style": 0.6149126855035623,
      "photo_to_art_fid": 292.44228370817484,
      "photo_to_art_art_fid": 403.8929237822705,
      "photo_to_art_classifier_acc": 0.0
    }
  },
  "rounds": [
    {
      "epoch": 40,
      "summary_path": "..\\spatial-adagn-expC-reg\\full_eval\\epoch_0040\\summary.json",
      "transfer_clip_style": 0.6459225894014041,
      "transfer_content_lpips": 0.358574060925,
      "transfer_fid": 289.14614259809946,
      "transfer_art_fid": 401.3463266849506,
      "transfer_classifier_acc": 0.0,
      "photo_to_art_clip_style": 0.611490545173486,
      "photo_to_art_fid": 289.14614259809946,
      "photo_to_art_art_fid": 401.3463266849506,
      "photo_to_art_classifier_acc": 0.0
    },
    {
      "epoch": 80,
      "summary_path": "..\\spatial-adagn-expC-reg\\full_eval\\epoch_0080\\summary.json",
      "transfer_clip_style": 0.6464930644631386,
      "transfer_content_lpips": 0.35659174375,
      "transfer_fid": 292.44228370817484,
      "transfer_art_fid": 403.8929237822705,
      "transfer_classifier_acc": 0.0,
      "photo_to_art_clip_style": 0.6149126855035623,
      "photo_to_art_fid": 292.44228370817484,
      "photo_to_art_art_fid": 403.8929237822705,
      "photo_to_art_classifier_acc": 0.0
    }
  ],
  "updated_at": "2026-02-25 06:06:27"
}