{
  "num_rounds": 2,
  "latest": {
    "epoch": 80,
    "summary_path": "..\\spatial-adagn-expA-texture\\full_eval\\epoch_0080\\summary.json",
    "transfer_clip_style": 0.649582128425439,
    "transfer_content_lpips": 0.3680895243,
    "transfer_fid": 295.2984401213834,
    "transfer_art_fid": 415.2356480351161,
    "transfer_classifier_acc": 0.0,
    "photo_to_art_clip_style": 0.6207919523119926,
    "photo_to_art_fid": 295.2984401213834,
    "photo_to_art_art_fid": 415.2356480351161,
    "photo_to_art_classifier_acc": 0.0
  },
  "mean": {
    "transfer_clip_style": 0.6470200090358653,
    "transfer_content_lpips": 0.3656341607125,
    "transfer_fid": 292.41263628733,
    "transfer_art_fid": 410.458720728947,
    "transfer_classifier_acc": 0.0,
    "photo_to_art_clip_style": 0.6194778474668661,
    "photo_to_art_fid": 292.41263628733,
    "photo_to_art_art_fid": 410.458720728947,
    "photo_to_art_classifier_acc": 0.0
  },
  "best": {
    "best_transfer_classifier_acc": {
      "epoch": 40,
      "summary_path": "..\\spatial-adagn-expA-texture\\full_eval\\epoch_0040\\summary.json",
      "transfer_clip_style": 0.6444578896462917,
      "transfer_content_lpips": 0.363178797125,
      "transfer_fid": 289.52683245327654,
      "transfer_art_fid": 405.68179342277784,
      "transfer_classifier_acc": 0.0,
      "photo_to_art_clip_style": 0.6181637426217397,
      "photo_to_art_fid": 289.52683245327654,
      "photo_to_art_art_fid": 405.68179342277784,
      "photo_to_art_classifier_acc": 0.0
    },
    "best_transfer_clip_style": {
      "epoch": 80,
      "summary_path": "..\\spatial-adagn-expA-texture\\full_eval\\epoch_0080\\summary.json",
      "transfer_clip_style": 0.649582128425439,
      "transfer_content_lpips": 0.3680895243,
      "transfer_fid": 295.2984401213834,
      "transfer_art_fid": 415.2356480351161,
      "transfer_classifier_acc": 0.0,
      "photo_to_art_clip_style": 0.6207919523119926,
      "photo_to_art_fid": 295.2984401213834,
      "photo_to_art_art_fid": 415.2356480351161,
      "photo_to_art_classifier_acc": 0.0
    },
    "best_transfer_fid": {
      "epoch": 40,
      "summary_path": "..\\spatial-adagn-expA-texture\\full_eval\\epoch_0040\\summary.json",
      "transfer_clip_style": 0.6444578896462917,
      "transfer_content_lpips": 0.363178797125,
      "transfer_fid": 289.52683245327654,
      "transfer_art_fid": 405.68179342277784,
      "transfer_classifier_acc": 0.0,
      "photo_to_art_clip_style": 0.6181637426217397,
      "photo_to_art_fid": 289.52683245327654,
      "photo_to_art_art_fid": 405.68179342277784,
      "photo_to_art_classifier_acc": 0.0
    },
    "best_transfer_art_fid": {
      "epoch": 40,
      "summary_path": "..\\spatial-adagn-expA-texture\\full_eval\\epoch_0040\\summary.json",
      "transfer_clip_style": 0.6444578896462917,
      "transfer_content_lpips": 0.363178797125,
      "transfer_fid": 289.52683245327654,
      "transfer_art_fid": 405.68179342277784,
      "transfer_classifier_acc": 0.0,
      "photo_to_art_clip_style": 0.6181637426217397,
      "photo_to_art_fid": 289.52683245327654,
      "photo_to_art_art_fid": 405.68179342277784,
      "photo_to_art_classifier_acc": 0.0
    },
    "best_photo_to_art_classifier_acc": {
      "epoch": 40,
      "summary_path": "..\\spatial-adagn-expA-texture\\full_eval\\epoch_0040\\summary.json",
      "transfer_clip_style": 0.6444578896462917,
      "transfer_content_lpips": 0.363178797125,
      "transfer_fid": 289.52683245327654,
      "transfer_art_fid": 405.68179342277784,
      "transfer_classifier_acc": 0.0,
      "photo_to_art_clip_style": 0.6181637426217397,
      "photo_to_art_fid": 289.52683245327654,
      "photo_to_art_art_fid": 405.68179342277784,
      "photo_to_art_classifier_acc": 0.0
    },
    "best_photo_to_art_clip_style": {
      "epoch": 80,
      "summary_path": "..\\spatial-adagn-expA-texture\\full_eval\\epoch_0080\\summary.json",
      "transfer_clip_style": 0.649582128425439,
      "transfer_content_lpips": 0.3680895243,
      "transfer_fid": 295.2984401213834,
      "transfer_art_fid": 415.2356480351161,
      "transfer_classifier_acc": 0.0,
      "photo_to_art_clip_style": 0.6207919523119926,
      "photo_to_art_fid": 295.2984401213834,
      "photo_to_art_art_fid": 415.2356480351161,
      "photo_to_art_classifier_acc": 0.0
    },
    "best_photo_to_art_fid": {
      "epoch": 40,
      "summary_path": "..\\spatial-adagn-expA-texture\\full_eval\\epoch_0040\\summary.json",
      "transfer_clip_style": 0.6444578896462917,
      "transfer_content_lpips": 0.363178797125,
      "transfer_fid": 289.52683245327654,
      "transfer_art_fid": 405.68179342277784,
      "transfer_classifier_acc": 0.0,
      "photo_to_art_clip_style": 0.6181637426217397,
      "photo_to_art_fid": 289.52683245327654,
      "photo_to_art_art_fid": 405.68179342277784,
      "photo_to_art_classifier_acc": 0.0
    },
    "best_photo_to_art_art_fid": {
      "epoch": 40,
      "summary_path": "..\\spatial-adagn-expA-texture\\full_eval\\epoch_0040\\summary.json",
      "transfer_clip_style": 0.6444578896462917,
      "transfer_content_lpips": 0.363178797125,
      "transfer_fid": 289.52683245327654,
      "transfer_art_fid": 405.68179342277784,
      "transfer_classifier_acc": 0.0,
      "photo_to_art_clip_style": 0.6181637426217397,
      "photo_to_art_fid": 289.52683245327654,
      "photo_to_art_art_fid": 405.68179342277784,
      "photo_to_art_classifier_acc": 0.0
    },
    "best_transfer_content_lpips": {
      "epoch": 40,
      "summary_path": "..\\spatial-adagn-expA-texture\\full_eval\\epoch_0040\\summary.json",
      "transfer_clip_style": 0.6444578896462917,
      "transfer_content_lpips": 0.363178797125,
      "transfer_fid": 289.52683245327654,
      "transfer_art_fid": 405.68179342277784,
      "transfer_classifier_acc": 0.0,
      "photo_to_art_clip_style": 0.6181637426217397,
      "photo_to_art_fid": 289.52683245327654,
      "photo_to_art_art_fid": 405.68179342277784,
      "photo_to_art_classifier_acc": 0.0
    }
  },
  "rounds": [
    {
      "epoch": 40,
      "summary_path": "..\\spatial-adagn-expA-texture\\full_eval\\epoch_0040\\summary.json",
      "transfer_clip_style": 0.6444578896462917,
      "transfer_content_lpips": 0.363178797125,
      "transfer_fid": 289.52683245327654,
      "transfer_art_fid": 405.68179342277784,
      "transfer_classifier_acc": 0.0,
      "photo_to_art_clip_style": 0.6181637426217397,
      "photo_to_art_fid": 289.52683245327654,
      "photo_to_art_art_fid": 405.68179342277784,
      "photo_to_art_classifier_acc": 0.0
    },
    {
      "epoch": 80,
      "summary_path": "..\\spatial-adagn-expA-texture\\full_eval\\epoch_0080\\summary.json",
      "transfer_clip_style": 0.649582128425439,
      "transfer_content_lpips": 0.3680895243,
      "transfer_fid": 295.2984401213834,
      "transfer_art_fid": 415.2356480351161,
      "transfer_classifier_acc": 0.0,
      "photo_to_art_clip_style": 0.6207919523119926,
      "photo_to_art_fid": 295.2984401213834,
      "photo_to_art_art_fid": 415.2356480351161,
      "photo_to_art_classifier_acc": 0.0
    }
  ],
  "updated_at": "2026-02-25 01:20:01"
}