{
  "num_rounds": 1,
  "latest": {
    "epoch": 60,
    "summary_path": "..\\no-tv\\full_eval\\epoch_0060\\summary.json",
    "transfer_clip_style": 0.6607484418650468,
    "transfer_content_lpips": 0.3814524962333333,
    "transfer_fid": 282.02215579737566,
    "transfer_art_fid": 399.17430365556356,
    "transfer_classifier_acc": 0.0,
    "photo_to_art_clip_style": 0.6351018038888773,
    "photo_to_art_fid": 282.02215579737566,
    "photo_to_art_art_fid": 399.17430365556356,
    "photo_to_art_classifier_acc": 0.0
  },
  "mean": {
    "transfer_clip_style": 0.6607484418650468,
    "transfer_content_lpips": 0.3814524962333333,
    "transfer_fid": 282.02215579737566,
    "transfer_art_fid": 399.17430365556356,
    "transfer_classifier_acc": 0.0,
    "photo_to_art_clip_style": 0.6351018038888773,
    "photo_to_art_fid": 282.02215579737566,
    "photo_to_art_art_fid": 399.17430365556356,
    "photo_to_art_classifier_acc": 0.0
  },
  "best": {
    "best_transfer_classifier_acc": {
      "epoch": 60,
      "summary_path": "..\\no-tv\\full_eval\\epoch_0060\\summary.json",
      "transfer_clip_style": 0.6607484418650468,
      "transfer_content_lpips": 0.3814524962333333,
      "transfer_fid": 282.02215579737566,
      "transfer_art_fid": 399.17430365556356,
      "transfer_classifier_acc": 0.0,
      "photo_to_art_clip_style": 0.6351018038888773,
      "photo_to_art_fid": 282.02215579737566,
      "photo_to_art_art_fid": 399.17430365556356,
      "photo_to_art_classifier_acc": 0.0
    },
    "best_transfer_clip_style": {
      "epoch": 60,
      "summary_path": "..\\no-tv\\full_eval\\epoch_0060\\summary.json",
      "transfer_clip_style": 0.6607484418650468,
      "transfer_content_lpips": 0.3814524962333333,
      "transfer_fid": 282.02215579737566,
      "transfer_art_fid": 399.17430365556356,
      "transfer_classifier_acc": 0.0,
      "photo_to_art_clip_style": 0.6351018038888773,
      "photo_to_art_fid": 282.02215579737566,
      "photo_to_art_art_fid": 399.17430365556356,
      "photo_to_art_classifier_acc": 0.0
    },
    "best_transfer_fid": {
      "epoch": 60,
      "summary_path": "..\\no-tv\\full_eval\\epoch_0060\\summary.json",
      "transfer_clip_style": 0.6607484418650468,
      "transfer_content_lpips": 0.3814524962333333,
      "transfer_fid": 282.02215579737566,
      "transfer_art_fid": 399.17430365556356,
      "transfer_classifier_acc": 0.0,
      "photo_to_art_clip_style": 0.6351018038888773,
      "photo_to_art_fid": 282.02215579737566,
      "photo_to_art_art_fid": 399.17430365556356,
      "photo_to_art_classifier_acc": 0.0
    },
    "best_transfer_art_fid": {
      "epoch": 60,
      "summary_path": "..\\no-tv\\full_eval\\epoch_0060\\summary.json",
      "transfer_clip_style": 0.6607484418650468,
      "transfer_content_lpips": 0.3814524962333333,
      "transfer_fid": 282.02215579737566,
      "transfer_art_fid": 399.17430365556356,
      "transfer_classifier_acc": 0.0,
      "photo_to_art_clip_style": 0.6351018038888773,
      "photo_to_art_fid": 282.02215579737566,
      "photo_to_art_art_fid": 399.17430365556356,
      "photo_to_art_classifier_acc": 0.0
    },
    "best_photo_to_art_classifier_acc": {
      "epoch": 60,
      "summary_path": "..\\no-tv\\full_eval\\epoch_0060\\summary.json",
      "transfer_clip_style": 0.6607484418650468,
      "transfer_content_lpips": 0.3814524962333333,
      "transfer_fid": 282.02215579737566,
      "transfer_art_fid": 399.17430365556356,
      "transfer_classifier_acc": 0.0,
      "photo_to_art_clip_style": 0.6351018038888773,
      "photo_to_art_fid": 282.02215579737566,
      "photo_to_art_art_fid": 399.17430365556356,
      "photo_to_art_classifier_acc": 0.0
    },
    "best_photo_to_art_clip_style": {
      "epoch": 60,
      "summary_path": "..\\no-tv\\full_eval\\epoch_0060\\summary.json",
      "transfer_clip_style": 0.6607484418650468,
      "transfer_content_lpips": 0.3814524962333333,
      "transfer_fid": 282.02215579737566,
      "transfer_art_fid": 399.17430365556356,
      "transfer_classifier_acc": 0.0,
      "photo_to_art_clip_style": 0.6351018038888773,
      "photo_to_art_fid": 282.02215579737566,
      "photo_to_art_art_fid": 399.17430365556356,
      "photo_to_art_classifier_acc": 0.0
    },
    "best_photo_to_art_fid": {
      "epoch": 60,
      "summary_path": "..\\no-tv\\full_eval\\epoch_0060\\summary.json",
      "transfer_clip_style": 0.6607484418650468,
      "transfer_content_lpips": 0.3814524962333333,
      "transfer_fid": 282.02215579737566,
      "transfer_art_fid": 399.17430365556356,
      "transfer_classifier_acc": 0.0,
      "photo_to_art_clip_style": 0.6351018038888773,
      "photo_to_art_fid": 282.02215579737566,
      "photo_to_art_art_fid": 399.17430365556356,
      "photo_to_art_classifier_acc": 0.0
    },
    "best_photo_to_art_art_fid": {
      "epoch": 60,
      "summary_path": "..\\no-tv\\full_eval\\epoch_0060\\summary.json",
      "transfer_clip_style": 0.6607484418650468,
      "transfer_content_lpips": 0.3814524962333333,
      "transfer_fid": 282.02215579737566,
      "transfer_art_fid": 399.17430365556356,
      "transfer_classifier_acc": 0.0,
      "photo_to_art_clip_style": 0.6351018038888773,
      "photo_to_art_fid": 282.02215579737566,
      "photo_to_art_art_fid": 399.17430365556356,
      "photo_to_art_classifier_acc": 0.0
    },
    "best_transfer_content_lpips": {
      "epoch": 60,
      "summary_path": "..\\no-tv\\full_eval\\epoch_0060\\summary.json",
      "transfer_clip_style": 0.6607484418650468,
      "transfer_content_lpips": 0.3814524962333333,
      "transfer_fid": 282.02215579737566,
      "transfer_art_fid": 399.17430365556356,
      "transfer_classifier_acc": 0.0,
      "photo_to_art_clip_style": 0.6351018038888773,
      "photo_to_art_fid": 282.02215579737566,
      "photo_to_art_art_fid": 399.17430365556356,
      "photo_to_art_classifier_acc": 0.0
    }
  },
  "rounds": [
    {
      "epoch": 60,
      "summary_path": "..\\no-tv\\full_eval\\epoch_0060\\summary.json",
      "transfer_clip_style": 0.6607484418650468,
      "transfer_content_lpips": 0.3814524962333333,
      "transfer_fid": 282.02215579737566,
      "transfer_art_fid": 399.17430365556356,
      "transfer_classifier_acc": 0.0,
      "photo_to_art_clip_style": 0.6351018038888773,
      "photo_to_art_fid": 282.02215579737566,
      "photo_to_art_art_fid": 399.17430365556356,
      "photo_to_art_classifier_acc": 0.0
    }
  ],
  "updated_at": "2026-03-02 19:51:28"
}