{
  "checkpoint": "../photo-vangogh/epoch_0400.pt",
  "timestamp": "2026-02-04 07:27:03",
  "matrix_breakdown": {
    "photo": {
      "photo": {
        "count": 30,
        "clip_style": 0.5986474285523097,
        "style_lpips": 0.7330216944217682,
        "content_lpips": 0.3582414669999999,
        "clip_content": 0.8133228433333333
      },
      "vangogh": {
        "count": 30,
        "clip_style": 0.5909935494263967,
        "style_lpips": 0.7346264362335205,
        "content_lpips": 0.4714225876666667,
        "clip_content": 0.7632164506666665
      }
    },
    "vangogh": {
      "photo": {
        "count": 30,
        "clip_style": 0.5457886387904485,
        "style_lpips": 0.7633517920970917,
        "content_lpips": 0.44630969100000006,
        "clip_content": 0.8342858196666667
      },
      "vangogh": {
        "count": 30,
        "clip_style": 0.6823606014251709,
        "style_lpips": 0.7414987921714783,
        "content_lpips": 0.4669757553333333,
        "clip_content": 0.8130948516666664
      }
    }
  },
  "analysis": {
    "style_transfer_ability": {
      "clip_style": 0.5683910941084226,
      "content_lpips": 0.4588661393333334
    },
    "photo_to_art_performance": {
      "clip_style": 0.5909935494263967,
      "valid": true
    }
  }
}