{
  "checkpoint": "G:\\GitHub\\Latent_Style\\Cycle-NCE\\ssim-optun-nce\\trial_0201\\epoch_0001.pt",
  "timestamp": "2026-02-20 11:35:33",
  "matrix_breakdown": {
    "photo": {
      "photo": {
        "count": 10,
        "style_swd": 1.8965020179748535,
        "content_ssim": 0.322343288,
        "classifier_acc": null
      },
      "Hayao": {
        "count": 10,
        "style_swd": 2.2871296107769012,
        "content_ssim": 0.343356625,
        "classifier_acc": null
      },
      "monet": {
        "count": 10,
        "style_swd": 1.1054011106491088,
        "content_ssim": 0.339382996,
        "classifier_acc": null
      },
      "cezanne": {
        "count": 10,
        "style_swd": 1.1159510672092439,
        "content_ssim": 0.288081957,
        "classifier_acc": null
      },
      "vangogh": {
        "count": 10,
        "style_swd": 2.278887462615967,
        "content_ssim": 0.324699444,
        "classifier_acc": null
      }
    },
    "Hayao": {
      "photo": {
        "count": 10,
        "style_swd": 1.8202270150184632,
        "content_ssim": 0.47483159500000005,
        "classifier_acc": null
      },
      "Hayao": {
        "count": 10,
        "style_swd": 1.9831055045127868,
        "content_ssim": 0.541139612,
        "classifier_acc": null
      },
      "monet": {
        "count": 10,
        "style_swd": 1.2231355279684066,
        "content_ssim": 0.575976351,
        "classifier_acc": null
      },
      "cezanne": {
        "count": 10,
        "style_swd": 1.1851919025182724,
        "content_ssim": 0.513606333,
        "classifier_acc": null
      },
      "vangogh": {
        "count": 10,
        "style_swd": 2.352259647846222,
        "content_ssim": 0.546107245,
        "classifier_acc": null
      }
    },
    "monet": {
      "photo": {
        "count": 10,
        "style_swd": 1.8557115972042084,
        "content_ssim": 0.3265374,
        "classifier_acc": null
      },
      "Hayao": {
        "count": 10,
        "style_swd": 2.3903168201446534,
        "content_ssim": 0.41051269,
        "classifier_acc": null
      },
      "monet": {
        "count": 10,
        "style_swd": 1.1566238462924958,
        "content_ssim": 0.372832025,
        "classifier_acc": null
      },
      "cezanne": {
        "count": 10,
        "style_swd": 0.9363366663455963,
        "content_ssim": 0.270091985,
        "classifier_acc": null
      },
      "vangogh": {
        "count": 10,
        "style_swd": 2.295529979467392,
        "content_ssim": 0.348093989,
        "classifier_acc": null
      }
    },
    "cezanne": {
      "photo": {
        "count": 10,
        "style_swd": 1.8330104053020477,
        "content_ssim": 0.374112707,
        "classifier_acc": null
      },
      "Hayao": {
        "count": 10,
        "style_swd": 2.1891454458236694,
        "content_ssim": 0.488763038,
        "classifier_acc": null
      },
      "monet": {
        "count": 10,
        "style_swd": 1.136887753009796,
        "content_ssim": 0.455317128,
        "classifier_acc": null
      },
      "cezanne": {
        "count": 10,
        "style_swd": 0.9357829213142395,
        "content_ssim": 0.346593987,
        "classifier_acc": null
      },
      "vangogh": {
        "count": 10,
        "style_swd": 2.2146254241466523,
        "content_ssim": 0.431777707,
        "classifier_acc": null
      }
    },
    "vangogh": {
      "photo": {
        "count": 10,
        "style_swd": 1.9679161727428436,
        "content_ssim": 0.272205198,
        "classifier_acc": null
      },
      "Hayao": {
        "count": 10,
        "style_swd": 1.801903322339058,
        "content_ssim": 0.3995012869999999,
        "classifier_acc": null
      },
      "monet": {
        "count": 10,
        "style_swd": 1.1351494580507278,
        "content_ssim": 0.34040244,
        "classifier_acc": null
      },
      "cezanne": {
        "count": 10,
        "style_swd": 0.9401151597499847,
        "content_ssim": 0.2644808034,
        "classifier_acc": null
      },
      "vangogh": {
        "count": 10,
        "style_swd": 2.155177336931229,
        "content_ssim": 0.31878474100000004,
        "classifier_acc": null
      }
    }
  },
  "analysis": {
    "style_transfer_ability": {
      "style_swd": 1.7032415774464607,
      "content_ssim": 0.38939194592,
      "classifier_acc": 0.0
    },
    "photo_to_art_performance": {
      "style_swd": 1.6968423128128054,
      "valid": true,
      "classifier_acc": 0.0
    }
  },
  "classification_report": null,
  "detailed_style_metrics": {}
}