epoch,loss,swd,color,identity,identity_ratio,lr,data_time_sec,transfer_time_sec,fwd_loss_time_sec,backward_time_sec,optimizer_time_sec,step_overhead_time_sec,compute_time_sec,epoch_time_sec,samples_seen,samples_per_sec,compute_samples_per_sec
1,32.670352935791016,0.3313145339488983,0.24406060576438904,0.005280652083456516,0.20205076038837433,4.828728147457295e-05,0.5963160996907391,0.010914099984802306,69.42043709987774,9.13938170002075,0.35474799998337403,9.620799700147472,78.92548089986667,89.14791297912598,10240,114.86528015970156,129.74263676633865
2,32.489952087402344,0.3317583501338959,0.24249839782714844,0.004690208937972784,0.20400388538837433,9.65745629491459e-05,0.6113125996780582,0.010277500026859343,70.11258230003295,7.248141000047326,0.3886244000168517,9.626551399880555,77.75962520012399,88.00030255317688,10240,116.36323629469531,131.68787752829436
3,31.353313446044922,0.304737389087677,0.22633396089076996,0.015065276995301247,0.20283202826976776,0.00014486184442371884,0.5948162997374311,0.00966040010098368,70.09389009996084,7.291883499885444,0.3433925998979248,9.608932000061031,77.7388265998452,87.94473099708557,10240,116.43676527180857,131.72310990375036
4,30.390979766845703,0.2885172367095947,0.2212255746126175,0.01763792894780636,0.20126952230930328,0.0001931491258982918,0.5732391001074575,0.009891000168863684,70.19683790014824,7.258088999951724,0.3270418002502993,9.657533499412239,77.79185970051913,88.02460670471191,10240,116.33110766800912,131.63331021294078
