epoch,loss,swd,color,identity,identity_ratio,lr,data_time_sec,transfer_time_sec,fwd_loss_time_sec,backward_time_sec,optimizer_time_sec,step_overhead_time_sec,compute_time_sec,epoch_time_sec,samples_seen,samples_per_sec,compute_samples_per_sec
1,32.60466766357422,0.3298876881599426,0.24328307807445526,0.007870469242334366,0.20205076038837433,6.560778414672884e-05,0.6506366999237798,0.01057689992012456,71.08497189998161,9.330130099900998,0.39324059983482584,9.905926300329156,80.81891949963756,91.37981224060059,10240,112.05976187648926,126.70300547690348
2,32.01385498046875,0.3159509003162384,0.23548226058483124,0.02227357216179371,0.20400388538837433,0.00013121556829345769,0.639133499993477,0.010075700003653765,72.05947939999169,7.461553099972662,0.33312239981023595,9.883430200337898,79.86423059977824,90.38995051383972,10240,113.28693003800396,128.21760033368975
