{
  "checkpoint": "/mnt/i/Github/Latent_Style/Cycle-NCE/no-edge/epoch_0050.pt",
  "timestamp": "2026-02-15 09:19:22",
  "matrix_breakdown": {
    "photo": {
      "photo": {
        "count": 30,
        "clip_style": 0.6095711787541708,
        "style_lpips": 0.7361928304036458,
        "content_lpips": 0.62820082,
        "clip_content": 0.6317077323333335,
        "classifier_acc": 0.9666666666666667
      },
      "Hayao": {
        "count": 30,
        "clip_style": 0.5543334086736044,
        "style_lpips": 0.725698725382487,
        "content_lpips": 0.6582885039999999,
        "clip_content": 0.6285034570000002,
        "classifier_acc": 0.5
      }
    },
    "Hayao": {
      "photo": {
        "count": 30,
        "clip_style": 0.5625517338514328,
        "style_lpips": 0.7416788657506307,
        "content_lpips": 0.6338733276666667,
        "clip_content": 0.6219976373333335,
        "classifier_acc": 0.3333333333333333
      },
      "Hayao": {
        "count": 30,
        "clip_style": 0.6093403438727061,
        "style_lpips": 0.7142703632513682,
        "content_lpips": 0.5703176703333334,
        "clip_content": 0.6619580119999999,
        "classifier_acc": 0.9333333333333333
      }
    }
  },
  "analysis": {
    "style_transfer_ability": {
      "clip_style": 0.5584425712625185,
      "content_lpips": 0.6460809158333334,
      "classifier_acc": 0.41666666666666663
    },
    "photo_to_art_performance": {
      "clip_style": 0.5543334086736044,
      "valid": true,
      "classifier_acc": 0.5
    }
  },
  "classification_report": {
    "Hayao": {
      "precision": 0.671875,
      "recall": 0.7166666666666667,
      "f1-score": 0.6935483870967742,
      "support": 60.0
    },
    "photo": {
      "precision": 0.6964285714285714,
      "recall": 0.65,
      "f1-score": 0.6724137931034483,
      "support": 60.0
    },
    "accuracy": 0.6833333333333333,
    "macro avg": {
      "precision": 0.6841517857142857,
      "recall": 0.6833333333333333,
      "f1-score": 0.6829810901001112,
      "support": 120.0
    },
    "weighted avg": {
      "precision": 0.6841517857142857,
      "recall": 0.6833333333333333,
      "f1-score": 0.6829810901001113,
      "support": 120.0
    }
  },
  "detailed_style_metrics": {
    "Hayao": {
      "precision": 0.671875,
      "recall": 0.7166666666666667,
      "f1_score": 0.6935483870967742,
      "support": 60
    },
    "photo": {
      "precision": 0.6964285714285714,
      "recall": 0.65,
      "f1_score": 0.6724137931034483,
      "support": 60
    }
  }
}