{
  "checkpoint": "I:\\Github\\Latent_Style\\Cycle-NCE\\experiments\\20260223-micro5style-bs384\\runs\\exp04-phase1_60e-lr4e4_speedup\\artifacts\\epoch_0040.pt",
  "timestamp": "2026-02-24 06:56:12",
  "metrics_note": {
    "clip_dir": "cos( CLIP(gen)-CLIP(src), CLIP(target_style_proto)-CLIP(src) ) - Measures edit direction.",
    "clip_style": "cos( CLIP(gen), CLIP(target_style_proto) ) - Measures absolute style similarity.",
    "art_fid": "computed as (1 + fid_style) * (1 + content_lpips)"
  },
  "matrix_breakdown": {
    "photo": {
      "photo": {
        "count": 50,
        "clip_dir": 0.3208241632580757,
        "clip_style": 0.7925337195396424,
        "style_lpips": 0.7504428994655609,
        "content_lpips": 0.300892025,
        "clip_content": 0.9015782658,
        "fid_style": null,
        "art_fid": null,
        "classifier_acc": null
      },
      "Hayao": {
        "count": 50,
        "clip_dir": 0.510039547085762,
        "clip_style": 0.6242827665805817,
        "style_lpips": 0.7638774847984314,
        "content_lpips": 0.41190026499999993,
        "clip_content": 0.8308195760000001,
        "fid_style": null,
        "art_fid": null,
        "classifier_acc": null
      },
      "monet": {
        "count": 50,
        "clip_dir": 0.27067376241087915,
        "clip_style": 0.5940540933609009,
        "style_lpips": 0.7522686088085174,
        "content_lpips": 0.3064288778,
        "clip_content": 0.8984631420000001,
        "fid_style": null,
        "art_fid": null,
        "classifier_acc": null
      },
      "vangogh": {
        "count": 50,
        "clip_dir": 0.42227654457092284,
        "clip_style": 0.6433420670032501,
        "style_lpips": 0.7882082796096802,
        "content_lpips": 0.45572441960000004,
        "clip_content": 0.8603836816,
        "fid_style": null,
        "art_fid": null,
        "classifier_acc": null
      },
      "cezanne": {
        "count": 50,
        "clip_dir": 0.35623227328062057,
        "clip_style": 0.5889123582839966,
        "style_lpips": 0.7559039676189423,
        "content_lpips": 0.34834561640000006,
        "clip_content": 0.8639949112,
        "fid_style": null,
        "art_fid": null,
        "classifier_acc": null
      }
    },
    "Hayao": {
      "photo": {
        "count": 50,
        "clip_dir": 0.21363191023468972,
        "clip_style": 0.5211894023418426,
        "style_lpips": 0.7832876014709472,
        "content_lpips": 0.384261524,
        "clip_content": 0.9189603531999998,
        "fid_style": null,
        "art_fid": null,
        "classifier_acc": null
      },
      "Hayao": {
        "count": 50,
        "clip_dir": 0.27082781624048946,
        "clip_style": 0.8474825608730316,
        "style_lpips": 0.72814732670784,
        "content_lpips": 0.19920245032,
        "clip_content": 0.9443809383999999,
        "fid_style": null,
        "art_fid": null,
        "classifier_acc": null
      },
      "monet": {
        "count": 50,
        "clip_dir": 0.1597823342308402,
        "clip_style": 0.44530238568782804,
        "style_lpips": 0.7745928990840912,
        "content_lpips": 0.2734879724,
        "clip_content": 0.9220612556000001,
        "fid_style": null,
        "art_fid": null,
        "classifier_acc": null
      },
      "vangogh": {
        "count": 50,
        "clip_dir": 0.2596559655666351,
        "clip_style": 0.5497136348485947,
        "style_lpips": 0.8186604464054108,
        "content_lpips": 0.3405477172,
        "clip_content": 0.9220376602,
        "fid_style": null,
        "art_fid": null,
        "classifier_acc": null
      },
      "cezanne": {
        "count": 50,
        "clip_dir": 0.19061521664261818,
        "clip_style": 0.5011606454849243,
        "style_lpips": 0.7783431386947632,
        "content_lpips": 0.2330270278,
        "clip_content": 0.9315757912000001,
        "fid_style": null,
        "art_fid": null,
        "classifier_acc": null
      }
    },
    "monet": {
      "photo": {
        "count": 50,
        "clip_dir": 0.41784122586250305,
        "clip_style": 0.6911626410484314,
        "style_lpips": 0.7498806571960449,
        "content_lpips": 0.3689177738,
        "clip_content": 0.8884898362,
        "fid_style": null,
        "art_fid": null,
        "classifier_acc": null
      },
      "Hayao": {
        "count": 50,
        "clip_dir": 0.47796204388141633,
        "clip_style": 0.5911179977655411,
        "style_lpips": 0.757022271156311,
        "content_lpips": 0.4415470748,
        "clip_content": 0.8742418912,
        "fid_style": null,
        "art_fid": null,
        "classifier_acc": null
      },
      "monet": {
        "count": 50,
        "clip_dir": 0.2846574009954929,
        "clip_style": 0.8339850854873657,
        "style_lpips": 0.7116043269634247,
        "content_lpips": 0.3394303214,
        "clip_content": 0.9032852750000001,
        "fid_style": null,
        "art_fid": null,
        "classifier_acc": null
      },
      "vangogh": {
        "count": 50,
        "clip_dir": 0.409950093626976,
        "clip_style": 0.8047218847274781,
        "style_lpips": 0.7553007650375366,
        "content_lpips": 0.42855845680000004,
        "clip_content": 0.8659178072,
        "fid_style": null,
        "art_fid": null,
        "classifier_acc": null
      },
      "cezanne": {
        "count": 50,
        "clip_dir": 0.3248745042085648,
        "clip_style": 0.792484849691391,
        "style_lpips": 0.7328321516513825,
        "content_lpips": 0.366569332,
        "clip_content": 0.8993030684000002,
        "fid_style": null,
        "art_fid": null,
        "classifier_acc": null
      }
    },
    "vangogh": {
      "photo": {
        "count": 50,
        "clip_dir": 0.446587475836277,
        "clip_style": 0.6781208527088165,
        "style_lpips": 0.75677969455719,
        "content_lpips": 0.41479095079999995,
        "clip_content": 0.8411654644,
        "fid_style": null,
        "art_fid": null,
        "classifier_acc": null
      },
      "Hayao": {
        "count": 50,
        "clip_dir": 0.48514097213745117,
        "clip_style": 0.6431724345684051,
        "style_lpips": 0.754153481721878,
        "content_lpips": 0.4053644724,
        "clip_content": 0.850690874,
        "fid_style": null,
        "art_fid": null,
        "classifier_acc": null
      },
      "monet": {
        "count": 50,
        "clip_dir": 0.2634604597091675,
        "clip_style": 0.7582061684131622,
        "style_lpips": 0.7447130084037781,
        "content_lpips": 0.3226129044,
        "clip_content": 0.8886721313999999,
        "fid_style": null,
        "art_fid": null,
        "classifier_acc": null
      },
      "vangogh": {
        "count": 50,
        "clip_dir": 0.2699718657135963,
        "clip_style": 0.7995264160633088,
        "style_lpips": 0.7416747570037842,
        "content_lpips": 0.34479600620000006,
        "clip_content": 0.8770584702,
        "fid_style": null,
        "art_fid": null,
        "classifier_acc": null
      },
      "cezanne": {
        "count": 50,
        "clip_dir": 0.27408836588263513,
        "clip_style": 0.7757586205005645,
        "style_lpips": 0.7419381380081177,
        "content_lpips": 0.32797204379999995,
        "clip_content": 0.8873980043999999,
        "fid_style": null,
        "art_fid": null,
        "classifier_acc": null
      }
    },
    "cezanne": {
      "photo": {
        "count": 50,
        "clip_dir": 0.4272670584917069,
        "clip_style": 0.6387418276071548,
        "style_lpips": 0.7566530013084412,
        "content_lpips": 0.4089893122,
        "clip_content": 0.8514197734000001,
        "fid_style": null,
        "art_fid": null,
        "classifier_acc": null
      },
      "Hayao": {
        "count": 50,
        "clip_dir": 0.46031873166561127,
        "clip_style": 0.6004517543315887,
        "style_lpips": 0.7389154696464538,
        "content_lpips": 0.37410117340000004,
        "clip_content": 0.8716456202,