{
  "checkpoint": "..\\spatial-adagn-expB-depth\\epoch_0040.pt",
  "timestamp": "2026-02-25 02:23:13",
  "metrics_note": {
    "clip_dir": "cos( CLIP(gen)-CLIP(src), CLIP(target_style_proto)-CLIP(src) ) - Measures edit direction.",
    "clip_style": "cos( CLIP(gen), CLIP(target_style_proto) ) - Measures absolute style similarity.",
    "fid_baseline": "FID between source-domain images and target-style references.",
    "fid": "FID between generated images and target-style real references (Inception features).",
    "delta_fid": "fid_baseline - fid (higher is better).",
    "delta_fid_ratio": "delta_fid / fid_baseline (relative improvement ratio).",
    "art_fid": "computed as (1 + fid_style) * (1 + content_lpips)"
  },
  "matrix_breakdown": {
    "photo": {
      "photo": {
        "count": 30,
        "clip_dir": 0.3630523438254992,
        "clip_style": 0.7954828957716624,
        "style_lpips": 0.7556192934513092,
        "content_lpips": 0.33350509533333333,
        "clip_content": 0.8908432283333333,
        "fid_style": null,
        "art_fid": null,
        "fid_baseline": null,
        "delta_fid": null,
        "delta_fid_ratio": null,
        "classifier_acc": null
      },
      "Hayao": {
        "count": 30,
        "clip_dir": 0.5048669954140981,
        "clip_style": 0.6161792993545532,
        "style_lpips": 0.775666332244873,
        "content_lpips": 0.41297373733333337,
        "clip_content": 0.843339148,
        "fid_style": 323.00027966227924,
        "art_fid": 457.8038860514559,
        "fid_baseline": 334.729000932728,
        "delta_fid": 11.728721270448773,
        "delta_fid_ratio": 0.035039453521405355,
        "classifier_acc": null
      },
      "monet": {
        "count": 30,
        "clip_dir": 0.30974048376083374,
        "clip_style": 0.6061363736788432,
        "style_lpips": 0.7492711345354716,
        "content_lpips": 0.3350577983333334,
        "clip_content": 0.8821879373333333,
        "fid_style": 220.24565397200547,
        "art_fid": 295.37573568268414,
        "fid_baseline": 237.55478896111822,
        "delta_fid": 17.30913498911275,
        "delta_fid_ratio": 0.0728637594081331,
        "classifier_acc": null
      },
      "vangogh": {
        "count": 30,
        "clip_dir": 0.42358478854099907,
        "clip_style": 0.6452654480934144,
        "style_lpips": 0.7965431332588195,
        "content_lpips": 0.45195098733333333,
        "clip_content": 0.8654779336666668,
        "fid_style": 315.782092454599,
        "art_fid": 459.95207190897435,
        "fid_baseline": 313.3414404549672,
        "delta_fid": -2.440651999631825,
        "delta_fid_ratio": -0.0077891133585395985,
        "classifier_acc": null
      },
      "cezanne": {
        "count": 30,
        "clip_dir": 0.35987931688626607,
        "clip_style": 0.5916692117849985,
        "style_lpips": 0.764651870727539,
        "content_lpips": 0.37247253700000005,
        "clip_content": 0.865959654,
        "fid_style": 299.21728160742566,
        "art_fid": 412.03997413898696,
        "fid_baseline": 317.94764662800304,
        "delta_fid": 18.73036502057738,
        "delta_fid_ratio": 0.05891021751292219,
        "classifier_acc": null
      }
    },
    "Hayao": {
      "photo": {
        "count": 30,
        "clip_dir": 0.16908553820103406,
        "clip_style": 0.508595222234726,
        "style_lpips": 0.7910094459851583,
        "content_lpips": 0.309114409,
        "clip_content": 0.9335448066666666,
        "fid_style": null,
        "art_fid": null,
        "fid_baseline": null,
        "delta_fid": null,
        "delta_fid_ratio": null,
        "classifier_acc": null
      },
      "Hayao": {
        "count": 30,
        "clip_dir": 0.3042487939198812,
        "clip_style": 0.8526231110095978,
        "style_lpips": 0.7520492315292359,
        "content_lpips": 0.2438170203333333,
        "clip_content": 0.9337008240000001,
        "fid_style": null,
        "art_fid": null,
        "fid_baseline": null,
        "delta_fid": null,
        "delta_fid_ratio": null,
        "classifier_acc": null
      },
      "monet": {
        "count": 30,
        "clip_dir": 0.13616007554034393,
        "clip_style": 0.4452867696682612,
        "style_lpips": 0.7746107796827952,
        "content_lpips": 0.30809009566666673,
        "clip_content": 0.9322061340000002,
        "fid_style": null,
        "art_fid": null,
        "fid_baseline": null,
        "delta_fid": null,
        "delta_fid_ratio": null,
        "classifier_acc": null
      },
      "vangogh": {
        "count": 30,
        "clip_dir": 0.218064226085941,
        "clip_style": 0.5437205533186594,
        "style_lpips": 0.7972955346107483,
        "content_lpips": 0.2612458423333333,
        "clip_content": 0.9318198713333332,
        "fid_style": null,
        "art_fid": null,
        "fid_baseline": null,
        "delta_fid": null,
        "delta_fid_ratio": null,
        "classifier_acc": null
      },
      "cezanne": {
        "count": 30,
        "clip_dir": 0.11122193026045958,
        "clip_style": 0.4802827040354411,
        "style_lpips": 0.7736062943935395,
        "content_lpips": 0.23038375666666663,
        "clip_content": 0.9377197616666667,
        "fid_style": null,
        "art_fid": null,
        "fid_baseline": null,
        "delta_fid": null,
        "delta_fid_ratio": null,
        "classifier_acc": null
      }
    },
    "monet": {
      "photo": {
        "count": 30,
        "clip_dir": 0.4191598231593768,
        "clip_style": 0.6968312780062358,
        "style_lpips": 0.7584101279576619,
        "content_lpips": 0.3791156846666667,
        "clip_content": 0.8880122296666667,
        "fid_style": null,
        "art_fid": null,
        "fid_baseline": null,
        "delta_fid": null,
        "delta_fid_ratio": null,
        "classifier_acc": null
      },
      "Hayao": {
        "count": 30,
        "clip_dir": 0.5105538507302602,
        "clip_style": 0.6183164338270823,
        "style_lpips": 0.7800556004047394,
        "content_lpips": 0.428359369,
        "clip_content": 0.8571927673333334,
        "fid_style": null,
        "art_fid": null,
        "fid_baseline": null,
        "delta_fid": null,
        "delta_fid_ratio": null,
        "classifier_acc": null
      },
      "monet": {
        "count": 30,
        "clip_dir": 0.300783430536588,
        "clip_style": 0.829789274930954,
        "style_lpips": 0.7104299982388814,
        "content_lpips": 0.36931982999999996,
        "clip_content": 0.891109404,
        "fid_style": null,
        "art_fid": null,
        "fid_baseline": null,
        "delta_fid": null,
        "delta_fid_ratio": null,
        "classifier_acc": null
      },
      "vangogh": {
        "count": 30,
        "clip_dir": 0.355976756910483,
        "clip_style": 0.8007725795110067,
        "style_lpips": 0.7734531501928965,
        "content_lpips": 0.4011010930000001,
        "clip_content": 0.8752449466666667,
        "fid_style": null,
        "art_fid": null,
        "fid_baseline": null,
        "delta_fid": null,
        "delta_fid_ratio": null,
        "classifier_acc": null
      },
      "cezanne": {
        "count": 30,
        "clip_dir": 0.3053221012155215,
        "clip_style": 0.7851083517074585,
        "style_lpips": 0.740788463751475,
        "content_lpips": 0.366549838,
        "clip_content": 0.8881319303333334,
        "fid_style": null,
        "art_fid": null,
        "fid_baseline": null,
        "delta_fid": null,
        "delta_fid_ratio": null,
        "classifier_acc": null
      }
    },
    "vangogh": {
      "photo": {
        "count": 30,
        "clip_dir": 0.38715358078479767,
        "clip_style": 0.6628867963949839,
        "style_lpips": 0.7617945969104767,
        "content_lpips": 0.3871965923333333,
        "clip_content": 0.8784823143333332,
        "fid_style": null,
        "art_fid": null,
        "fid_baseline": null,
        "delta_fid": null,
        "delta_fid_ratio": null,