{
  "checkpoint": "..\\full-v2-20\\epoch_0020.pt",
  "timestamp": "2026-02-22 23:31:23",
  "metrics_note": {
    "clip_style": "backward-compatible alias of clip_dir (CLIP directional similarity)",
    "clip_dir": "cos( CLIP(gen)-CLIP(src), CLIP(target_style_proto)-CLIP(src) )",
    "art_fid": "computed as (1 + fid_style) * (1 + content_lpips)"
  },
  "matrix_breakdown": {
    "photo": {
      "photo": {
        "count": 50,
        "clip_dir": 0.31945125728845597,
        "clip_style": 0.31945125728845597,
        "style_lpips": 0.74926429271698,
        "content_lpips": 0.29746143180000006,
        "clip_content": 0.9007606512000002,
        "fid_style": 101.24640134752309,
        "art_fid": 132.66076228875474,
        "classifier_acc": null
      },
      "Hayao": {
        "count": 50,
        "clip_dir": 0.48923841178417204,
        "clip_style": 0.48923841178417204,
        "style_lpips": 0.7452023708820343,
        "content_lpips": 0.43866942979999995,
        "clip_content": 0.8288679607999999,
        "fid_style": 313.43660708375967,
        "art_fid": 452.3703342214392,
        "classifier_acc": null
      }
    },
    "Hayao": {
      "photo": {
        "count": 50,
        "clip_dir": 0.24896319895982744,
        "clip_style": 0.24896319895982744,
        "style_lpips": 0.7809862148761749,
        "content_lpips": 0.3112739156,
        "clip_content": 0.9105343836,
        "fid_style": 330.05072363148946,
        "art_fid": 434.0981786384766,
        "classifier_acc": null
      },
      "Hayao": {
        "count": 50,
        "clip_dir": 0.2774675293639302,
        "clip_style": 0.2774675293639302,
        "style_lpips": 0.7266109669208527,
        "content_lpips": 0.21230314980000003,
        "clip_content": 0.9415610449999999,
        "fid_style": 98.01835875838566,
        "art_fid": 120.04026821081736,
        "classifier_acc": null
      }
    }
  },
  "analysis": {
    "style_transfer_ability": {
      "clip_dir": 0.36910080537199974,
      "clip_style": 0.36910080537199974,
      "content_lpips": 0.3749716727,
      "art_fid": 443.2342564299579,
      "classifier_acc": 0.0
    },
    "photo_to_art_performance": {
      "clip_dir": 0.48923841178417204,
      "clip_style": 0.48923841178417204,
      "art_fid": 452.3703342214392,
      "valid": true,
      "classifier_acc": 0.0
    }
  },
  "classification_report": null,
  "detailed_style_metrics": {}
}