{
  "checkpoint": "G:\\GitHub\\Latent_Style\\Cycle-NCE\\ssim-optun-nce\\trial_0236\\epoch_0001.pt",
  "timestamp": "2026-02-20 13:44:14",
  "matrix_breakdown": {
    "photo": {
      "photo": {
        "count": 10,
        "style_swd": 1.8046074628829956,
        "content_ssim": 0.335514422,
        "classifier_acc": null
      },
      "Hayao": {
        "count": 10,
        "style_swd": 2.035097575187683,
        "content_ssim": 0.32903005,
        "classifier_acc": null
      },
      "monet": {
        "count": 10,
        "style_swd": 1.1582991987466813,
        "content_ssim": 0.327820376,
        "classifier_acc": null
      },
      "cezanne": {
        "count": 10,
        "style_swd": 1.2867751926183701,
        "content_ssim": 0.35467228900000003,
        "classifier_acc": null
      },
      "vangogh": {
        "count": 10,
        "style_swd": 2.47524608373642,
        "content_ssim": 0.29841055,
        "classifier_acc": null
      }
    },
    "Hayao": {
      "photo": {
        "count": 10,
        "style_swd": 1.8020990371704102,
        "content_ssim": 0.444842112,
        "classifier_acc": null
      },
      "Hayao": {
        "count": 10,
        "style_swd": 1.8332394421100617,
        "content_ssim": 0.474236481,
        "classifier_acc": null
      },
      "monet": {
        "count": 10,
        "style_swd": 1.1449342727661134,
        "content_ssim": 0.5412487899999999,
        "classifier_acc": null
      },
      "cezanne": {
        "count": 10,
        "style_swd": 1.325122606754303,
        "content_ssim": 0.590226629,
        "classifier_acc": null
      },
      "vangogh": {
        "count": 10,
        "style_swd": 2.1853619992733,
        "content_ssim": 0.5348862679999999,
        "classifier_acc": null
      }
    },
    "monet": {
      "photo": {
        "count": 10,
        "style_swd": 1.8270891547203063,
        "content_ssim": 0.30572142300000005,
        "classifier_acc": null
      },
      "Hayao": {
        "count": 10,
        "style_swd": 2.067205864191055,
        "content_ssim": 0.34876513699999995,
        "classifier_acc": null
      },
      "monet": {
        "count": 10,
        "style_swd": 1.163992953300476,
        "content_ssim": 0.34348780700000003,
        "classifier_acc": null
      },
      "cezanne": {
        "count": 10,
        "style_swd": 1.227306917309761,
        "content_ssim": 0.33437012800000004,
        "classifier_acc": null
      },
      "vangogh": {
        "count": 10,
        "style_swd": 2.411797058582306,
        "content_ssim": 0.340865687,
        "classifier_acc": null
      }
    },
    "cezanne": {
      "photo": {
        "count": 10,
        "style_swd": 1.877828484773636,
        "content_ssim": 0.371868464,
        "classifier_acc": null
      },
      "Hayao": {
        "count": 10,
        "style_swd": 1.9726965188980103,
        "content_ssim": 0.38626796700000005,
        "classifier_acc": null
      },
      "monet": {
        "count": 10,
        "style_swd": 1.1603671163320541,
        "content_ssim": 0.42558522400000004,
        "classifier_acc": null
      },
      "cezanne": {
        "count": 10,
        "style_swd": 1.1626551419496536,
        "content_ssim": 0.44292150599999996,
        "classifier_acc": null
      },
      "vangogh": {
        "count": 10,
        "style_swd": 2.174449646472931,
        "content_ssim": 0.411267676,
        "classifier_acc": null
      }
    },
    "vangogh": {
      "photo": {
        "count": 10,
        "style_swd": 1.8243989646434784,
        "content_ssim": 0.2578823406,
        "classifier_acc": null
      },
      "Hayao": {
        "count": 10,
        "style_swd": 2.0724640607833864,
        "content_ssim": 0.298446525,
        "classifier_acc": null
      },
      "monet": {
        "count": 10,
        "style_swd": 1.1886816620826721,
        "content_ssim": 0.311280532,
        "classifier_acc": null
      },
      "cezanne": {
        "count": 10,
        "style_swd": 1.1231409013271332,
        "content_ssim": 0.329604162,
        "classifier_acc": null
      },
      "vangogh": {
        "count": 10,
        "style_swd": 2.2008458733558656,
        "content_ssim": 0.317109722,
        "classifier_acc": null
      }
    }
  },
  "analysis": {
    "style_transfer_ability": {
      "style_swd": 1.7170181158185005,
      "content_ssim": 0.37715311648,
      "classifier_acc": 0.0
    },
    "photo_to_art_performance": {
      "style_swd": 1.7388545125722887,
      "valid": true,
      "classifier_acc": 0.0
    }
  },
  "classification_report": null,
  "detailed_style_metrics": {}
}