{
  "checkpoint": "..\\spatial-adagn-expA-texture\\epoch_0040.pt",
  "timestamp": "2026-02-25 00:23:41",
  "metrics_note": {
    "clip_dir": "cos( CLIP(gen)-CLIP(src), CLIP(target_style_proto)-CLIP(src) ) - Measures edit direction.",
    "clip_style": "cos( CLIP(gen), CLIP(target_style_proto) ) - Measures absolute style similarity.",
    "fid_baseline": "FID between source-domain images and target-style references.",
    "fid": "FID between generated images and target-style real references (Inception features).",
    "delta_fid": "fid_baseline - fid (higher is better).",
    "delta_fid_ratio": "delta_fid / fid_baseline (relative improvement ratio).",
    "art_fid": "computed as (1 + fid_style) * (1 + content_lpips)"
  },
  "matrix_breakdown": {
    "photo": {
      "photo": {
        "count": 30,
        "clip_dir": 0.37848291421929997,
        "clip_style": 0.7964977860450745,
        "style_lpips": 0.7567859609921773,
        "content_lpips": 0.3473376903333333,
        "clip_content": 0.8837701363333335,
        "fid_style": null,
        "art_fid": null,
        "fid_baseline": null,
        "delta_fid": null,
        "delta_fid_ratio": null,
        "classifier_acc": null
      },
      "Hayao": {
        "count": 30,
        "clip_dir": 0.4994562794764837,
        "clip_style": 0.6132048785686492,
        "style_lpips": 0.7638101041316986,
        "content_lpips": 0.40808677866666654,
        "clip_content": 0.8467468993333334,
        "fid_style": 325.4004017401563,
        "art_fid": 459.6000902418026,
        "fid_baseline": 334.729000932728,
        "delta_fid": 9.328599192571687,
        "delta_fid_ratio": 0.027869109538096154,
        "classifier_acc": null
      },
      "monet": {
        "count": 30,
        "clip_dir": 0.32930188725392023,
        "clip_style": 0.6123267849286397,
        "style_lpips": 0.7511340121428172,
        "content_lpips": 0.351892929,
        "clip_content": 0.878054934,
        "fid_style": 224.8732750690466,
        "art_fid": 305.35648341591605,
        "fid_baseline": 237.55478896111822,
        "delta_fid": 12.68151389207162,
        "delta_fid_ratio": 0.053383532900055604,
        "classifier_acc": null
      },
      "vangogh": {
        "count": 30,
        "clip_dir": 0.41814741045236586,
        "clip_style": 0.6443053106466929,
        "style_lpips": 0.7945387423038482,
        "content_lpips": 0.4227459970000001,
        "clip_content": 0.8690209103333334,
        "fid_style": 311.8187255832095,
        "art_fid": 445.06158961015285,
        "fid_baseline": 313.3414404549672,
        "delta_fid": 1.522714871757671,
        "delta_fid_ratio": 0.004859602577771747,
        "classifier_acc": null
      },
      "cezanne": {
        "count": 30,
        "clip_dir": 0.385253769159317,
        "clip_style": 0.6028179963429768,
        "style_lpips": 0.7612274050712585,
        "content_lpips": 0.3895227893333333,
        "clip_content": 0.8625813513333332,
        "fid_style": 296.01492742069377,
        "art_fid": 412.70901042323993,
        "fid_baseline": 317.94764662800304,
        "delta_fid": 21.932719207309276,
        "delta_fid_ratio": 0.06898217187614675,
        "classifier_acc": null
      }
    },
    "Hayao": {
      "photo": {
        "count": 30,
        "clip_dir": 0.17305250329275926,
        "clip_style": 0.5087862839301427,
        "style_lpips": 0.7909459630648296,
        "content_lpips": 0.3096384786666666,
        "clip_content": 0.9313395533333334,
        "fid_style": null,
        "art_fid": null,
        "fid_baseline": null,
        "delta_fid": null,
        "delta_fid_ratio": null,
        "classifier_acc": null
      },
      "Hayao": {
        "count": 30,
        "clip_dir": 0.3201700528462728,
        "clip_style": 0.8556846737861633,
        "style_lpips": 0.7490881681442261,
        "content_lpips": 0.2495934486666667,
        "clip_content": 0.9323005456666668,
        "fid_style": null,
        "art_fid": null,
        "fid_baseline": null,
        "delta_fid": null,
        "delta_fid_ratio": null,
        "classifier_acc": null
      },
      "monet": {
        "count": 30,
        "clip_dir": 0.12557027942190568,
        "clip_style": 0.44175027310848236,
        "style_lpips": 0.7785796701908112,
        "content_lpips": 0.29407711166666667,
        "clip_content": 0.9335577833333333,
        "fid_style": null,
        "art_fid": null,
        "fid_baseline": null,
        "delta_fid": null,
        "delta_fid_ratio": null,
        "classifier_acc": null
      },
      "vangogh": {
        "count": 30,
        "clip_dir": 0.187818156555295,
        "clip_style": 0.5331087638934453,
        "style_lpips": 0.8025056958198548,
        "content_lpips": 0.24152333350000002,
        "clip_content": 0.9326875086666668,
        "fid_style": null,
        "art_fid": null,
        "fid_baseline": null,
        "delta_fid": null,
        "delta_fid_ratio": null,
        "classifier_acc": null
      },
      "cezanne": {
        "count": 30,
        "clip_dir": 0.10673907355715831,
        "clip_style": 0.47684805393218993,
        "style_lpips": 0.7813526650269826,
        "content_lpips": 0.265747992,
        "clip_content": 0.9351301229999999,
        "fid_style": null,
        "art_fid": null,
        "fid_baseline": null,
        "delta_fid": null,
        "delta_fid_ratio": null,
        "classifier_acc": null
      }
    },
    "monet": {
      "photo": {
        "count": 30,
        "clip_dir": 0.4268183335661888,
        "clip_style": 0.6990536133448283,
        "style_lpips": 0.7601219892501831,
        "content_lpips": 0.3841807373333334,
        "clip_content": 0.8835593733333333,
        "fid_style": null,
        "art_fid": null,
        "fid_baseline": null,
        "delta_fid": null,
        "delta_fid_ratio": null,
        "classifier_acc": null
      },
      "Hayao": {
        "count": 30,
        "clip_dir": 0.48777892589569094,
        "clip_style": 0.6044078429539999,
        "style_lpips": 0.7638684511184692,
        "content_lpips": 0.42021313033333335,
        "clip_content": 0.864473992,
        "fid_style": null,
        "art_fid": null,
        "fid_baseline": null,
        "delta_fid": null,
        "delta_fid_ratio": null,
        "classifier_acc": null
      },
      "monet": {
        "count": 30,
        "clip_dir": 0.30032266229391097,
        "clip_style": 0.8256628751754761,
        "style_lpips": 0.7097277939319611,
        "content_lpips": 0.3678434746666667,
        "clip_content": 0.8844302303333333,
        "fid_style": null,
        "art_fid": null,
        "fid_baseline": null,
        "delta_fid": null,
        "delta_fid_ratio": null,
        "classifier_acc": null
      },
      "vangogh": {
        "count": 30,
        "clip_dir": 0.3555957158406576,
        "clip_style": 0.8011833786964416,
        "style_lpips": 0.7674498160680135,
        "content_lpips": 0.39335011499999994,
        "clip_content": 0.876528752,
        "fid_style": null,
        "art_fid": null,
        "fid_baseline": null,
        "delta_fid": null,
        "delta_fid_ratio": null,
        "classifier_acc": null
      },
      "cezanne": {
        "count": 30,
        "clip_dir": 0.3233763550718625,
        "clip_style": 0.7805161297321319,
        "style_lpips": 0.7360816717147827,
        "content_lpips": 0.3824412533333333,
        "clip_content": 0.8706664946666667,
        "fid_style": null,
        "art_fid": null,
        "fid_baseline": null,
        "delta_fid": null,
        "delta_fid_ratio": null,
        "classifier_acc": null
      }
    },
    "vangogh": {
      "photo": {
        "count": 30,
        "clip_dir": 0.40517806460460026,
        "clip_style": 0.6698995212713877,
        "style_lpips": 0.7642124911149343,
        "content_lpips": 0.3868069536666667,
        "clip_content": 0.8754410666666667,
        "fid_style": null,
        "art_fid": null,
        "fid_baseline": null,
        "delta_fid": null,