{
  "checkpoint": "../photo-monet/epoch_0150.pt",
  "timestamp": "2026-02-03 12:48:00",
  "matrix_breakdown": {
    "monet": {
      "monet": {
        "count": 30,
        "clip_style": 0.5885080873966217,
        "style_lpips": 0.7346855640411377,
        "content_lpips": 0.4934536076666667,
        "clip_content": 0.7912072816666665
      },
      "photo": {
        "count": 30,
        "clip_style": 0.7258048991362254,
        "style_lpips": 0.7074991047382355,
        "content_lpips": 0.41381167433333327,
        "clip_content": 0.865982129
      }
    },
    "photo": {
      "monet": {
        "count": 30,
        "clip_style": 0.6053913692633311,
        "style_lpips": 0.7202854335308075,
        "content_lpips": 0.5199400003333332,
        "clip_content": 0.7133395756666665
      },
      "photo": {
        "count": 30,
        "clip_style": 0.5478619476159413,
        "style_lpips": 0.7374177038669586,
        "content_lpips": 0.376198256,
        "clip_content": 0.7982198276666667
      }
    }
  },
  "analysis": {
    "style_transfer_ability": {
      "clip_style": 0.6655981341997783,
      "content_lpips": 0.46687583733333327
    },
    "photo_to_art_performance": {
      "clip_style": 0.6053913692633311,
      "valid": true
    }
  }
}