"relative_path","bytes","mb","last_write"
"45\ma_probe_all_pairs.csv","2429","0.002316","2026/4/6 0:11:04"
"45\ma_probe_all_pairs.html","16693","0.01592","2026/4/6 0:11:04"
"45\ma_probe_all_pairs.json","4703028","4.485157","2026/4/6 0:11:04"
"45\45_01_golden_funnel\config.json","3667","0.003497","2026/4/5 21:59:30"
"45\45_01_golden_funnel\dataset.py","8572","0.008175","2026/4/1 16:18:14"
"45\45_01_golden_funnel\losses.py","18091","0.017253","2026/4/5 21:54:29"
"45\45_01_golden_funnel\ma_probe_all_pairs.csv","2429","0.002316","2026/4/6 0:11:04"
"45\45_01_golden_funnel\ma_probe_all_pairs.html","16693","0.01592","2026/4/6 0:11:04"
"45\45_01_golden_funnel\ma_probe_all_pairs.json","4703028","4.485157","2026/4/6 0:11:04"
"45\45_01_golden_funnel\ma_probe_epoch_0030.json","453637","0.432622","2026/4/6 0:10:29"
"45\45_01_golden_funnel\ma_probe_view.csv","711","0.000678","2026/4/6 0:10:32"
"45\45_01_golden_funnel\ma_probe_view.html","9794","0.00934","2026/4/6 0:10:32"
"45\45_01_golden_funnel\ma_probe_view.json","543259","0.518092","2026/4/6 0:10:32"
"45\45_01_golden_funnel\model.py","57884","0.055202","2026/4/5 21:54:29"
"45\45_01_golden_funnel\run.py","13227","0.012614","2026/4/5 21:56:26"
"45\45_01_golden_funnel\trainer.py","23137","0.022065","2026/4/5 21:56:26"
"45\45_01_golden_funnel\full_eval\epoch_0030\metrics.csv","97614","0.093092","2026/4/5 23:50:05"
"45\45_01_golden_funnel\full_eval\epoch_0030\summary.json","20380","0.019436","2026/4/5 23:50:07"
"45\45_01_golden_funnel\full_eval\epoch_0030\summary_grid.png","3202857","3.054482","2026/4/5 23:50:09"
"45\45_01_golden_funnel\full_eval\epoch_0030\images\cezanne_00057_to_cezanne.jpg","16305","0.01555","2026/4/5 23:49:40"
"45\45_01_golden_funnel\full_eval\epoch_0030\images\cezanne_00057_to_Hayao.jpg","15770","0.015039","2026/4/5 23:49:36"
"45\45_01_golden_funnel\full_eval\epoch_0030\images\cezanne_00057_to_monet.jpg","15645","0.01492","2026/4/5 23:49:38"
"45\45_01_golden_funnel\full_eval\epoch_0030\images\cezanne_00057_to_photo.jpg","15822","0.015089","2026/4/5 23:49:35"
"45\45_01_golden_funnel\full_eval\epoch_0030\images\cezanne_00057_to_vangogh.jpg","16175","0.015426","2026/4/5 23:49:39"
"45\45_01_golden_funnel\full_eval\epoch_0030\images\cezanne_00104_to_cezanne.jpg","16250","0.015497","2026/4/5 23:49:40"
"45\45_01_golden_funnel\full_eval\epoch_0030\images\cezanne_00104_to_Hayao.jpg","15362","0.01465","2026/4/5 23:49:36"
"45\45_01_golden_funnel\full_eval\epoch_0030\images\cezanne_00104_to_monet.jpg","16606","0.015837","2026/4/5 23:49:38"
"45\45_01_golden_funnel\full_eval\epoch_0030\images\cezanne_00104_to_photo.jpg","16573","0.015805","2026/4/5 23:49:35"
"45\45_01_golden_funnel\full_eval\epoch_0030\images\cezanne_00104_to_vangogh.jpg","17505","0.016694","2026/4/5 23:49:39"
"45\45_01_golden_funnel\full_eval\epoch_0030\images\cezanne_00123_to_cezanne.jpg","17056","0.016266","2026/4/5 23:49:40"
"45\45_01_golden_funnel\full_eval\epoch_0030\images\cezanne_00123_to_Hayao.jpg","16585","0.015817","2026/4/5 23:49:36"
"45\45_01_golden_funnel\full_eval\epoch_0030\images\cezanne_00123_to_monet.jpg","16327","0.015571","2026/4/5 23:49:38"
"45\45_01_golden_funnel\full_eval\epoch_0030\images\cezanne_00123_to_photo.jpg","16802","0.016024","2026/4/5 23:49:35"
"45\45_01_golden_funnel\full_eval\epoch_0030\images\cezanne_00123_to_vangogh.jpg","17225","0.016427","2026/4/5 23:49:39"
"45\45_01_golden_funnel\full_eval\epoch_0030\images\cezanne_00204_to_cezanne.jpg","17459","0.01665","2026/4/5 23:49:40"
"45\45_01_golden_funnel\full_eval\epoch_0030\images\cezanne_00204_to_Hayao.jpg","16516","0.015751","2026/4/5 23:49:36"
"45\45_01_golden_funnel\full_eval\epoch_0030\images\cezanne_00204_to_monet.jpg","16781","0.016004","2026/4/5 23:49:38"
"45\45_01_golden_funnel\full_eval\epoch_0030\images\cezanne_00204_to_photo.jpg","17169","0.016374","2026/4/5 23:49:35"
"45\45_01_golden_funnel\full_eval\epoch_0030\images\cezanne_00204_to_vangogh.jpg","17620","0.016804","2026/4/5 23:49:39"
"45\45_01_golden_funnel\full_eval\epoch_0030\images\cezanne_00212_to_cezanne.jpg","15830","0.015097","2026/4/5 23:49:40"
"45\45_01_golden_funnel\full_eval\epoch_0030\images\cezanne_00212_to_Hayao.jpg","14618","0.013941","2026/4/5 23:49:36"
"45\45_01_golden_funnel\full_eval\epoch_0030\images\cezanne_00212_to_monet.jpg","15527","0.014808","2026/4/5 23:49:38"
"45\45_01_golden_funnel\full_eval\epoch_0030\images\cezanne_00212_to_photo.jpg","16264","0.015511","2026/4/5 23:49:35"
"45\45_01_golden_funnel\full_eval\epoch_0030\images\cezanne_00212_to_vangogh.jpg","16667","0.015895","2026/4/5 23:49:39"
"45\45_01_golden_funnel\full_eval\epoch_0030\images\cezanne_00219_to_cezanne.jpg","16046","0.015303","2026/4/5 23:49:40"
"45\45_01_golden_funnel\full_eval\epoch_0030\images\cezanne_00219_to_Hayao.jpg","15154","0.014452","2026/4/5 23:49:36"
"45\45_01_golden_funnel\full_eval\epoch_0030\images\cezanne_00219_to_monet.jpg","15844","0.01511","2026/4/5 23:49:38"
"45\45_01_golden_funnel\full_eval\epoch_0030\images\cezanne_00219_to_photo.jpg","16284","0.01553","2026/4/5 23:49:35"
"45\45_01_golden_funnel\full_eval\epoch_0030\images\cezanne_00219_to_vangogh.jpg","16624","0.015854","2026/4/5 23:49:39"
"45\45_01_golden_funnel\full_eval\epoch_0030\images\cezanne_00223_to_cezanne.jpg","16497","0.015733","2026/4/5 23:49:40"
"45\45_01_golden_funnel\full_eval\epoch_0030\images\cezanne_00223_to_Hayao.jpg","15709","0.014981","2026/4/5 23:49:36"
"45\45_01_golden_funnel\full_eval\epoch_0030\images\cezanne_00223_to_monet.jpg","15261","0.014554","2026/4/5 23:49:38"
"45\45_01_golden_funnel\full_eval\epoch_0030\images\cezanne_00223_to_photo.jpg","15741","0.015012","2026/4/5 23:49:35"
"45\45_01_golden_funnel\full_eval\epoch_0030\images\cezanne_00223_to_vangogh.jpg","16145","0.015397","2026/4/5 23:49:39"
"45\45_01_golden_funnel\full_eval\epoch_0030\images\cezanne_00263_to_cezanne.jpg","15272","0.014565","2026/4/5 23:49:40"
"45\45_01_golden_funnel\full_eval\epoch_0030\images\cezanne_00263_to_Hayao.jpg","14055","0.013404","2026/4/5 23:49:36"
"45\45_01_golden_funnel\full_eval\epoch_0030\images\cezanne_00263_to_monet.jpg","14168","0.013512","2026/4/5 23:49:38"
"45\45_01_golden_funnel\full_eval\epoch_0030\images\cezanne_00263_to_photo.jpg","14292","0.01363","2026/4/5 23:49:35"
"45\45_01_golden_funnel\full_eval\epoch_0030\images\cezanne_00263_to_vangogh.jpg","15213","0.014508","2026/4/5 23:49:39"
"45\45_01_golden_funnel\full_eval\epoch_0030\images\cezanne_00271_to_cezanne.jpg","15562","0.014841","2026/4/5 23:49:44"
"45\45_01_golden_funnel\full_eval\epoch_0030\images\cezanne_00271_to_Hayao.jpg","14693","0.014012","2026/4/5 23:49:42"
"45\45_01_golden_funnel\full_eval\epoch_0030\images\cezanne_00271_to_monet.jpg","15252","0.014545","2026/4/5 23:49:43"
"45\45_01_golden_funnel\full_eval\epoch_0030\images\cezanne_00271_to_photo.jpg","15242","0.014536","2026/4/5 23:49:41"
"45\45_01_golden_funnel\full_eval\epoch_0030\images\cezanne_00271_to_vangogh.jpg","16063","0.015319","2026/4/5 23:49:44"
"45\45_01_golden_funnel\full_eval\epoch_0030\images\cezanne_00275_to_cezanne.jpg","15845","0.015111","2026/4/5 23:49:40"
"45\45_01_golden_funnel\full_eval\epoch_0030\images\cezanne_00275_to_Hayao.jpg","15024","0.014328","2026/4/5 23:49:36"
"45\45_01_golden_funnel\full_eval\epoch_0030\images\cezanne_00275_to_monet.jpg","15161","0.014459","2026/4/5 23:49:38"
"45\45_01_golden_funnel\full_eval\epoch_0030\images\cezanne_00275_to_photo.jpg","15432","0.014717","2026/4/5 23:49:35"
"45\45_01_golden_funnel\full_eval\epoch_0030\images\cezanne_00275_to_vangogh.jpg","15714","0.014986","2026/4/5 23:49:39"
"45\45_01_golden_funnel\full_eval\epoch_0030\images\cezanne_00286_to_cezanne.jpg","15395","0.014682","2026/4/5 23:49:44"
"45\45_01_golden_funnel\full_eval\epoch_0030\images\cezanne_00286_to_Hayao.jpg","14757","0.014073","2026/4/5 23:49:42"
"45\45_01_golden_funnel\full_eval\epoch_0030\images\cezanne_00286_to_monet.jpg","14830","0.014143","2026/4/5 23:49:43"
"45\45_01_golden_funnel\full_eval\epoch_0030\images\cezanne_00286_to_photo.jpg","15150","0.014448","2026/4/5 23:49:41"
"45\45_01_golden_funnel\full_eval\epoch_0030\images\cezanne_00286_to_vangogh.jpg","15863","0.015128","2026/4/5 23:49:44"
"45\45_01_golden_funnel\full_eval\epoch_0030\images\cezanne_00298_to_cezanne.jpg","16652","0.015881","2026/4/5 23:49:40"
"45\45_01_golden_funnel\full_eval\epoch_0030\images\cezanne_00298_to_Hayao.jpg","16175","0.015426","2026/4/5 23:49:36"
"45\45_01_golden_funnel\full_eval\epoch_0030\images\cezanne_00298_to_monet.jpg","16081","0.015336","2026/4/5 23:49:38"
"45\45_01_golden_funnel\full_eval\epoch_0030\images\cezanne_00298_to_photo.jpg","16057","0.015313","2026/4/5 23:49:35"
"45\45_01_golden_funnel\full_eval\epoch_0030\images\cezanne_00298_to_vangogh.jpg","16841","0.016061","2026/4/5 23:49:39"
"45\45_01_golden_funnel\full_eval\epoch_0030\images\cezanne_00303_to_cezanne.jpg","14790","0.014105","2026/4/5 23:49:44"
"45\45_01_golden_funnel\full_eval\epoch_0030\images\cezanne_00303_to_Hayao.jpg","13950","0.013304","2026/4/5 23:49:42"
"45\45_01_golden_funnel\full_eval\epoch_0030\images\cezanne_00303_to_monet.jpg","15194","0.01449","2026/4/5 23:49:43"
"45\45_01_golden_funnel\full_eval\epoch_0030\images\cezanne_00303_to_photo.jpg","15592","0.01487","2026/4/5 23:49:41"
"45\45_01_golden_funnel\full_eval\epoch_0030\images\cezanne_00303_to_vangogh.jpg","15554","0.014833","2026/4/5 23:49:44"
"45\45_01_golden_funnel\full_eval\epoch_0030\images\cezanne_00332_to_cezanne.jpg","15944","0.015205","2026/4/5 23:49:40"
"45\45_01_golden_funnel\full_eval\epoch_0030\images\cezanne_00332_to_Hayao.jpg","15382","0.014669","2026/4/5 23:49:36"
"45\45_01_golden_funnel\full_eval\epoch_0030\images\cezanne_00332_to_monet.jpg","15433","0.014718","2026/4/5 23:49:38"
"45\45_01_golden_funnel\full_eval\epoch_0030\images\cezanne_00332_to_photo.jpg","15642","0.014917","2026/4/5 23:49:35"
"45\45_01_golden_funnel\full_eval\epoch_0030\images\cezanne_00332_to_vangogh.jpg","16372","0.015614","2026/4/5 23:49:39"
"45\45_01_golden_funnel\full_eval\epoch_0030\images\cezanne_00335_to_cezanne.jpg","16213","0.015462","2026/4/5 23:49:40"
"45\45_01_golden_funnel\full_eval\epoch_0030\images\cezanne_00335_to_Hayao.jpg","15176","0.014473","2026/4/5 23:49:36"
"45\45_01_golden_funnel\full_eval\epoch_0030\images\cezanne_00335_to_monet.jpg","15820","0.015087","2026/4/5 23:49:38"
"45\45_01_golden_funnel\full_eval\epoch_0030\images\cezanne_00335_to_photo.jpg","16263","0.01551","2026/4/5 23:49:35"
"45\45_01_golden_funnel\full_eval\epoch_0030\images\cezanne_00335_to_vangogh.jpg","16406","0.015646","2026/4/5 23:49:39"
"45\45_01_golden_funnel\full_eval\epoch_0030\images\cezanne_00342_to_cezanne.jpg","15259","0.014552","2026/4/5 23:49:40"
"45\45_01_golden_funnel\full_eval\epoch_0030\images\cezanne_00342_to_Hayao.jpg","14838","0.014151","2026/4/5 23:49:36"
"45\45_01_golden_funnel\full_eval\epoch_0030\images\cezanne_00342_to_monet.jpg","14876","0.014187","2026/4/5 23:49:38"
"45\45_01_golden_funnel\full_eval\epoch_0030\images\cezanne_00342_to_photo.jpg","15629","0.014905","2026/4/5 23:49:35"
"45\45_01_golden_funnel\full_eval\epoch_0030\images\cezanne_00342_to_vangogh.jpg","15759","0.015029","2026/4/5 23:49:39"
"45\45_01_golden_funnel\full_eval\epoch_0030\images\cezanne_00348_to_cezanne.jpg","15791","0.015059","2026/4/5 23:49:40"
"45\45_01_golden_funnel\full_eval\epoch_0030\images\cezanne_00348_to_Hayao.jpg","14968","0.014275","2026/4/5 23:49:36"
"45\45_01_golden_funnel\full_eval\epoch_0030\images\cezanne_00348_to_monet.jpg","15361","0.014649","2026/4/5 23:49:38"
"45\45_01_golden_funnel\full_eval\epoch_0030\images\cezanne_00348_to_photo.jpg","15267","0.01456","2026/4/5 23:49:35"
"45\45_01_golden_funnel\full_eval\epoch_0030\images\cezanne_00348_to_vangogh.jpg","15897","0.015161","2026/4/5 23:49:39"
"45\45_01_golden_funnel\full_eval\epoch_0030\images\cezanne_00375_to_cezanne.jpg","15648","0.014923","2026/4/5 23:49:44"
"45\45_01_golden_funnel\full_eval\epoch_0030\images\cezanne_00375_to_Hayao.jpg","14636","0.013958","2026/4/5 23:49:42"
"45\45_01_golden_funnel\full_eval\epoch_0030\images\cezanne_00375_to_monet.jpg","15546","0.014826","2026/4/5 23:49:43"
"45\45_01_golden_funnel\full_eval\epoch_0030\images\cezanne_00375_to_photo.jpg","15635","0.014911","2026/4/5 23:49:41"
"45\45_01_golden_funnel\full_eval\epoch_0030\images\cezanne_00375_to_vangogh.jpg","15905","0.015168","2026/4/5 23:49:44"
"45\45_01_golden_funnel\full_eval\epoch_0030\images\cezanne_00379_to_cezanne.jpg","16119","0.015372","2026/4/5 23:49:40"
"45\45_01_golden_funnel\full_eval\epoch_0030\images\cezanne_00379_to_Hayao.jpg","15418","0.014704","2026/4/5 23:49:36"
"45\45_01_golden_funnel\full_eval\epoch_0030\images\cezanne_00379_to_monet.jpg","14866","0.014177","2026/4/5 23:49:38"
"45\45_01_golden_funnel\full_eval\epoch_0030\images\cezanne_00379_to_photo.jpg","15496","0.014778","2026/4/5 23:49:35"
"45\45_01_golden_funnel\full_eval\epoch_0030\images\cezanne_00379_to_vangogh.jpg","16123","0.015376","2026/4/5 23:49:39"
"45\45_01_golden_funnel\full_eval\epoch_0030\images\cezanne_00382_to_cezanne.jpg","16521","0.015756","2026/4/5 23:49:44"
"45\45_01_golden_funnel\full_eval\epoch_0030\images\cezanne_00382_to_Hayao.jpg","15758","0.015028","2026/4/5 23:49:42"
"45\45_01_golden_funnel\full_eval\epoch_0030\images\cezanne_00382_to_monet.jpg","15628","0.014904","2026/4/5 23:49:43"
"45\45_01_golden_funnel\full_eval\epoch_0030\images\cezanne_00382_to_photo.jpg","16148","0.0154","2026/4/5 23:49:41"
"45\45_01_golden_funnel\full_eval\epoch_0030\images\cezanne_00382_to_vangogh.jpg","16798","0.01602","2026/4/5 23:49:44"
"45\45_01_golden_funnel\full_eval\epoch_0030\images\cezanne_00388_to_cezanne.jpg","14668","0.013988","2026/4/5 23:49:40"
"45\45_01_golden_funnel\full_eval\epoch_0030\images\cezanne_00388_to_Hayao.jpg","14197","0.013539","2026/4/5 23:49:36"
"45\45_01_golden_funnel\full_eval\epoch_0030\images\cezanne_00388_to_monet.jpg","14843","0.014155","2026/4/5 23:49:38"
"45\45_01_golden_funnel\full_eval\epoch_0030\images\cezanne_00388_to_photo.jpg","15085","0.014386","2026/4/5 23:49:35"
"45\45_01_golden_funnel\full_eval\epoch_0030\images\cezanne_00388_to_vangogh.jpg","15508","0.01479","2026/4/5 23:49:39"
"45\45_01_golden_funnel\full_eval\epoch_0030\images\cezanne_00393_to_cezanne.jpg","16368","0.01561","2026/4/5 23:49:44"
"45\45_01_golden_funnel\full_eval\epoch_0030\images\cezanne_00393_to_Hayao.jpg","15212","0.014507","2026/4/5 23:49:42"
"45\45_01_golden_funnel\full_eval\epoch_0030\images\cezanne_00393_to_monet.jpg","15723","0.014995","2026/4/5 23:49:43"
"45\45_01_golden_funnel\full_eval\epoch_0030\images\cezanne_00393_to_photo.jpg","16031","0.015288","2026/4/5 23:49:41"
"45\45_01_golden_funnel\full_eval\epoch_0030\images\cezanne_00393_to_vangogh.jpg","16661","0.015889","2026/4/5 23:49:44"
"45\45_01_golden_funnel\full_eval\epoch_0030\images\cezanne_00411_to_cezanne.jpg","15910","0.015173","2026/4/5 23:49:40"
"45\45_01_golden_funnel\full_eval\epoch_0030\images\cezanne_00411_to_Hayao.jpg","15166","0.014463","2026/4/5 23:49:36"
"45\45_01_golden_funnel\full_eval\epoch_0030\images\cezanne_00411_to_monet.jpg","15468","0.014751","2026/4/5 23:49:38"
"45\45_01_golden_funnel\full_eval\epoch_0030\images\cezanne_00411_to_photo.jpg","16312","0.015556","2026/4/5 23:49:35"
"45\45_01_golden_funnel\full_eval\epoch_0030\images\cezanne_00411_to_vangogh.jpg","16005","0.015264","2026/4/5 23:49:39"
"45\45_01_golden_funnel\full_eval\epoch_0030\images\cezanne_00428_to_cezanne.jpg","15716","0.014988","2026/4/5 23:49:40"
"45\45_01_golden_funnel\full_eval\epoch_0030\images\cezanne_00428_to_Hayao.jpg","14776","0.014091","2026/4/5 23:49:36"
"45\45_01_golden_funnel\full_eval\epoch_0030\images\cezanne_00428_to_monet.jpg","15649","0.014924","2026/4/5 23:49:38"
"45\45_01_golden_funnel\full_eval\epoch_0030\images\cezanne_00428_to_photo.jpg","15925","0.015187","2026/4/5 23:49:35"
"45\45_01_golden_funnel\full_eval\epoch_0030\images\cezanne_00428_to_vangogh.jpg","16134","0.015387","2026/4/5 23:49:39"
"45\45_01_golden_funnel\full_eval\epoch_0030\images\cezanne_00437_to_cezanne.jpg","17081","0.01629","2026/4/5 23:49:40"
"45\45_01_golden_funnel\full_eval\epoch_0030\images\cezanne_00437_to_Hayao.jpg","16141","0.015393","2026/4/5 23:49:36"
"45\45_01_golden_funnel\full_eval\epoch_0030\images\cezanne_00437_to_monet.jpg","16602","0.015833","2026/4/5 23:49:38"
"45\45_01_golden_funnel\full_eval\epoch_0030\images\cezanne_00437_to_photo.jpg","17062","0.016272","2026/4/5 23:49:35"
"45\45_01_golden_funnel\full_eval\epoch_0030\images\cezanne_00437_to_vangogh.jpg","17337","0.016534","2026/4/5 23:49:39"
"45\45_01_golden_funnel\full_eval\epoch_0030\images\cezanne_00517_to_cezanne.jpg","16128","0.015381","2026/4/5 23:49:44"
"45\45_01_golden_funnel\full_eval\epoch_0030\images\cezanne_00517_to_Hayao.jpg","15443","0.014728","2026/4/5 23:49:42"
"45\45_01_golden_funnel\full_eval\epoch_0030\images\cezanne_00517_to_monet.jpg","15220","0.014515","2026/4/5 23:49:43"
"45\45_01_golden_funnel\full_eval\epoch_0030\images\cezanne_00517_to_photo.jpg","15656","0.014931","2026/4/5 23:49:41"
"45\45_01_golden_funnel\full_eval\epoch_0030\images\cezanne_00517_to_vangogh.jpg","16044","0.015301","2026/4/5 23:49:44"
"45\45_01_golden_funnel\full_eval\epoch_0030\images\cezanne_00546_to_cezanne.jpg","17180","0.016384","2026/4/5 23:49:44"
"45\45_01_golden_funnel\full_eval\epoch_0030\images\cezanne_00546_to_Hayao.jpg","16605","0.015836","2026/4/5 23:49:42"
"45\45_01_golden_funnel\full_eval\epoch_0030\images\cezanne_00546_to_monet.jpg","16236","0.015484","2026/4/5 23:49:43"
"45\45_01_golden_funnel\full_eval\epoch_0030\images\cezanne_00546_to_photo.jpg","16457","0.015695","2026/4/5 23:49:41"
"45\45_01_golden_funnel\full_eval\epoch_0030\images\cezanne_00546_to_vangogh.jpg","17422","0.016615","2026/4/5 23:49:44"
"45\45_01_golden_funnel\full_eval\epoch_0030\images\cezanne_00576_to_cezanne.jpg","16398","0.015638","2026/4/5 23:49:44"
"45\45_01_golden_funnel\full_eval\epoch_0030\images\cezanne_00576_to_Hayao.jpg","15716","0.014988","2026/4/5 23:49:42"
"45\45_01_golden_funnel\full_eval\epoch_0030\images\cezanne_00576_to_monet.jpg","16261","0.015508","2026/4/5 23:49:43"
"45\45_01_golden_funnel\full_eval\epoch_0030\images\cezanne_00576_to_photo.jpg","16323","0.015567","2026/4/5 23:49:41"
"45\45_01_golden_funnel\full_eval\epoch_0030\images\cezanne_00576_to_vangogh.jpg","16915","0.016131","2026/4/5 23:49:44"
"45\45_01_golden_funnel\full_eval\epoch_0030\images\cezanne_00582_to_cezanne.jpg","16904","0.016121","2026/4/5 23:49:40"
"45\45_01_golden_funnel\full_eval\epoch_0030\images\cezanne_00582_to_Hayao.jpg","16261","0.015508","2026/4/5 23:49:36"
"45\45_01_golden_funnel\full_eval\epoch_0030\images\cezanne_00582_to_monet.jpg","16795","0.016017","2026/4/5 23:49:38"
"45\45_01_golden_funnel\full_eval\epoch_0030\images\cezanne_00582_to_photo.jpg","16679","0.015906","2026/4/5 23:49:35"
"45\45_01_golden_funnel\full_eval\epoch_0030\images\cezanne_00582_to_vangogh.jpg","17524","0.016712","2026/4/5 23:49:39"
"45\45_01_golden_funnel\full_eval\epoch_0030\images\cezanne_00605_to_cezanne.jpg","16367","0.015609","2026/4/5 23:49:44"
"45\45_01_golden_funnel\full_eval\epoch_0030\images\cezanne_00605_to_Hayao.jpg","15733","0.015004","2026/4/5 23:49:42"
"45\45_01_golden_funnel\full_eval\epoch_0030\images\cezanne_00605_to_monet.jpg","15776","0.015045","2026/4/5 23:49:43"
"45\45_01_golden_funnel\full_eval\epoch_0030\images\cezanne_00605_to_photo.jpg","16056","0.015312","2026/4/5 23:49:41"
"45\45_01_golden_funnel\full_eval\epoch_0030\images\cezanne_00605_to_vangogh.jpg","16128","0.015381","2026/4/5 23:49:44"
"45\45_01_golden_funnel\full_eval\epoch_0030\images\Hayao_0_to_cezanne.jpg","15282","0.014574","2026/4/5 23:49:12"
"45\45_01_golden_funnel\full_eval\epoch_0030\images\Hayao_0_to_Hayao.jpg","14797","0.014112","2026/4/5 23:49:08"
"45\45_01_golden_funnel\full_eval\epoch_0030\images\Hayao_0_to_monet.jpg","15481","0.014764","2026/4/5 23:49:09"
"45\45_01_golden_funnel\full_eval\epoch_0030\images\Hayao_0_to_photo.jpg","15718","0.01499","2026/4/5 23:49:06"
"45\45_01_golden_funnel\full_eval\epoch_0030\images\Hayao_0_to_vangogh.jpg","16772","0.015995","2026/4/5 23:49:10"
"45\45_01_golden_funnel\full_eval\epoch_0030\images\Hayao_1000_to_cezanne.jpg","16504","0.015739","2026/4/5 23:49:12"
"45\45_01_golden_funnel\full_eval\epoch_0030\images\Hayao_1000_to_Hayao.jpg","15590","0.014868","2026/4/5 23:49:08"
"45\45_01_golden_funnel\full_eval\epoch_0030\images\Hayao_1000_to_monet.jpg","16540","0.015774","2026/4/5 23:49:09"
"45\45_01_golden_funnel\full_eval\epoch_0030\images\Hayao_1000_to_photo.jpg","16629","0.015859","2026/4/5 23:49:06"
"45\45_01_golden_funnel\full_eval\epoch_0030\images\Hayao_1000_to_vangogh.jpg","17279","0.016479","2026/4/5 23:49:10"
"45\45_01_golden_funnel\full_eval\epoch_0030\images\Hayao_1001_to_cezanne.jpg","13987","0.013339","2026/4/5 23:49:05"
"45\45_01_golden_funnel\full_eval\epoch_0030\images\Hayao_1001_to_Hayao.jpg","13062","0.012457","2026/4/5 23:49:00"
"45\45_01_golden_funnel\full_eval\epoch_0030\images\Hayao_1001_to_monet.jpg","14031","0.013381","2026/4/5 23:49:02"
"45\45_01_golden_funnel\full_eval\epoch_0030\images\Hayao_1001_to_photo.jpg","14679","0.013999","2026/4/5 23:48:59"
"45\45_01_golden_funnel\full_eval\epoch_0030\images\Hayao_1001_to_vangogh.jpg","15124","0.014423","2026/4/5 23:49:03"
"45\45_01_golden_funnel\full_eval\epoch_0030\images\Hayao_1006_to_cezanne.jpg","16038","0.015295","2026/4/5 23:49:05"
"45\45_01_golden_funnel\full_eval\epoch_0030\images\Hayao_1006_to_Hayao.jpg","15642","0.014917","2026/4/5 23:49:00"
"45\45_01_golden_funnel\full_eval\epoch_0030\images\Hayao_1006_to_monet.jpg","16180","0.01543","2026/4/5 23:49:02"
"45\45_01_golden_funnel\full_eval\epoch_0030\images\Hayao_1006_to_photo.jpg","16210","0.015459","2026/4/5 23:48:59"
"45\45_01_golden_funnel\full_eval\epoch_0030\images\Hayao_1006_to_vangogh.jpg","16563","0.015796","2026/4/5 23:49:03"
"45\45_01_golden_funnel\full_eval\epoch_0030\images\Hayao_1007_to_cezanne.jpg","15169","0.014466","2026/4/5 23:49:12"
"45\45_01_golden_funnel\full_eval\epoch_0030\images\Hayao_1007_to_Hayao.jpg","14411","0.013743","2026/4/5 23:49:08"
"45\45_01_golden_funnel\full_eval\epoch_0030\images\Hayao_1007_to_monet.jpg","15437","0.014722","2026/4/5 23:49:09"
"45\45_01_golden_funnel\full_eval\epoch_0030\images\Hayao_1007_to_photo.jpg","15232","0.014526","2026/4/5 23:49:06"
"45\45_01_golden_funnel\full_eval\epoch_0030\images\Hayao_1007_to_vangogh.jpg","16302","0.015547","2026/4/5 23:49:10"
"45\45_01_golden_funnel\full_eval\epoch_0030\images\Hayao_1008_to_cezanne.jpg","16159","0.01541","2026/4/5 23:49:05"
"45\45_01_golden_funnel\full_eval\epoch_0030\images\Hayao_1008_to_Hayao.jpg","15690","0.014963","2026/4/5 23:49:00"
"45\45_01_golden_funnel\full_eval\epoch_0030\images\Hayao_1008_to_monet.jpg","16196","0.015446","2026/4/5 23:49:02"
"45\45_01_golden_funnel\full_eval\epoch_0030\images\Hayao_1008_to_photo.jpg","16493","0.015729","2026/4/5 23:48:59"
"45\45_01_golden_funnel\full_eval\epoch_0030\images\Hayao_1008_to_vangogh.jpg","16730","0.015955","2026/4/5 23:49:03"
"45\45_01_golden_funnel\full_eval\epoch_0030\images\Hayao_1009_to_cezanne.jpg","16525","0.015759","2026/4/5 23:49:12"
"45\45_01_golden_funnel\full_eval\epoch_0030\images\Hayao_1009_to_Hayao.jpg","15630","0.014906","2026/4/5 23:49:08"
"45\45_01_golden_funnel\full_eval\epoch_0030\images\Hayao_1009_to_monet.jpg","15807","0.015075","2026/4/5 23:49:09"
"45\45_01_golden_funnel\full_eval\epoch_0030\images\Hayao_1009_to_photo.jpg","16008","0.015266","2026/4/5 23:49:06"
"45\45_01_golden_funnel\full_eval\epoch_0030\images\Hayao_1009_to_vangogh.jpg","16271","0.015517","2026/4/5 23:49:10"
"45\45_01_golden_funnel\full_eval\epoch_0030\images\Hayao_1012_to_cezanne.jpg","15898","0.015162","2026/4/5 23:49:05"
"45\45_01_golden_funnel\full_eval\epoch_0030\images\Hayao_1012_to_Hayao.jpg","14654","0.013975","2026/4/5 23:49:00"
"45\45_01_golden_funnel\full_eval\epoch_0030\images\Hayao_1012_to_monet.jpg","15268","0.014561","2026/4/5 23:49:02"
"45\45_01_golden_funnel\full_eval\epoch_0030\images\Hayao_1012_to_photo.jpg","15420","0.014706","2026/4/5 23:48:59"
"45\45_01_golden_funnel\full_eval\epoch_0030\images\Hayao_1012_to_vangogh.jpg","16567","0.0158","2026/4/5 23:49:03"
"45\45_01_golden_funnel\full_eval\epoch_0030\images\Hayao_1014_to_cezanne.jpg","13402","0.012781","2026/4/5 23:49:12"
"45\45_01_golden_funnel\full_eval\epoch_0030\images\Hayao_1014_to_Hayao.jpg","12922","0.012323","2026/4/5 23:49:08"
"45\45_01_golden_funnel\full_eval\epoch_0030\images\Hayao_1014_to_monet.jpg","12275","0.011706","2026/4/5 23:49:09"
"45\45_01_golden_funnel\full_eval\epoch_0030\images\Hayao_1014_to_photo.jpg","13173","0.012563","2026/4/5 23:49:06"
"45\45_01_golden_funnel\full_eval\epoch_0030\images\Hayao_1014_to_vangogh.jpg","12733","0.012143","2026/4/5 23:49:10"
"45\45_01_golden_funnel\full_eval\epoch_0030\images\Hayao_1015_to_cezanne.jpg","16989","0.016202","2026/4/5 23:49:05"
"45\45_01_golden_funnel\full_eval\epoch_0030\images\Hayao_1015_to_Hayao.jpg","16372","0.015614","2026/4/5 23:49:00"
"45\45_01_golden_funnel\full_eval\epoch_0030\images\Hayao_1015_to_monet.jpg","17097","0.016305","2026/4/5 23:49:02"
"45\45_01_golden_funnel\full_eval\epoch_0030\images\Hayao_1015_to_photo.jpg","17196","0.016399","2026/4/5 23:48:59"
"45\45_01_golden_funnel\full_eval\epoch_0030\images\Hayao_1015_to_vangogh.jpg","17183","0.016387","2026/4/5 23:49:03"
"45\45_01_golden_funnel\full_eval\epoch_0030\images\Hayao_1016_to_cezanne.jpg","15260","0.014553","2026/4/5 23:49:12"
"45\45_01_golden_funnel\full_eval\epoch_0030\images\Hayao_1016_to_Hayao.jpg","14550","0.013876","2026/4/5 23:49:08"
"45\45_01_golden_funnel\full_eval\epoch_0030\images\Hayao_1016_to_monet.jpg","14696","0.014015","2026/4/5 23:49:09"
"45\45_01_golden_funnel\full_eval\epoch_0030\images\Hayao_1016_to_photo.jpg","14935","0.014243","2026/4/5 23:49:06"
"45\45_01_golden_funnel\full_eval\epoch_0030\images\Hayao_1016_to_vangogh.jpg","15055","0.014358","2026/4/5 23:49:10"
"45\45_01_golden_funnel\full_eval\epoch_0030\images\Hayao_1017_to_cezanne.jpg","13447","0.012824","2026/4/5 23:49:12"
"45\45_01_golden_funnel\full_eval\epoch_0030\images\Hayao_1017_to_Hayao.jpg","12702","0.012114","2026/4/5 23:49:08"
"45\45_01_golden_funnel\full_eval\epoch_0030\images\Hayao_1017_to_monet.jpg","13646","0.013014","2026/4/5 23:49:09"
"45\45_01_golden_funnel\full_eval\epoch_0030\images\Hayao_1017_to_photo.jpg","13441","0.012818","2026/4/5 23:49:06"
"45\45_01_golden_funnel\full_eval\epoch_0030\images\Hayao_1017_to_vangogh.jpg","14586","0.01391","2026/4/5 23:49:10"
"45\45_01_golden_funnel\full_eval\epoch_0030\images\Hayao_1018_to_cezanne.jpg","15494","0.014776","2026/4/5 23:49:12"
"45\45_01_golden_funnel\full_eval\epoch_0030\images\Hayao_1018_to_Hayao.jpg","14704","0.014023","2026/4/5 23:49:08"
"45\45_01_golden_funnel\full_eval\epoch_0030\images\Hayao_1018_to_monet.jpg","15405","0.014691","2026/4/5 23:49:09"
"45\45_01_golden_funnel\full_eval\epoch_0030\images\Hayao_1018_to_photo.jpg","15170","0.014467","2026/4/5 23:49:06"
"45\45_01_golden_funnel\full_eval\epoch_0030\images\Hayao_1018_to_vangogh.jpg","17018","0.01623","2026/4/5 23:49:10"
"45\45_01_golden_funnel\full_eval\epoch_0030\images\Hayao_1019_to_cezanne.jpg","13603","0.012973","2026/4/5 23:49:05"
"45\45_01_golden_funnel\full_eval\epoch_0030\images\Hayao_1019_to_Hayao.jpg","13028","0.012424","2026/4/5 23:49:00"
"45\45_01_golden_funnel\full_eval\epoch_0030\images\Hayao_1019_to_monet.jpg","12494","0.011915","2026/4/5 23:49:02"
"45\45_01_golden_funnel\full_eval\epoch_0030\images\Hayao_1019_to_photo.jpg","13811","0.013171","2026/4/5 23:48:59"
"45\45_01_golden_funnel\full_eval\epoch_0030\images\Hayao_1019_to_vangogh.jpg","14110","0.013456","2026/4/5 23:49:03"
"45\45_01_golden_funnel\full_eval\epoch_0030\images\Hayao_1020_to_cezanne.jpg","15455","0.014739","2026/4/5 23:49:05"
"45\45_01_golden_funnel\full_eval\epoch_0030\images\Hayao_1020_to_Hayao.jpg","14695","0.014014","2026/4/5 23:49:00"
"45\45_01_golden_funnel\full_eval\epoch_0030\images\Hayao_1020_to_monet.jpg","15129","0.014428","2026/4/5 23:49:02"
"45\45_01_golden_funnel\full_eval\epoch_0030\images\Hayao_1020_to_photo.jpg","15379","0.014667","2026/4/5 23:48:59"
"45\45_01_golden_funnel\full_eval\epoch_0030\images\Hayao_1020_to_vangogh.jpg","15788","0.015057","2026/4/5 23:49:03"
"45\45_01_golden_funnel\full_eval\epoch_0030\images\Hayao_1021_to_cezanne.jpg","16187","0.015437","2026/4/5 23:49:05"
"45\45_01_golden_funnel\full_eval\epoch_0030\images\Hayao_1021_to_Hayao.jpg","15411","0.014697","2026/4/5 23:49:00"
"45\45_01_golden_funnel\full_eval\epoch_0030\images\Hayao_1021_to_monet.jpg","14967","0.014274","2026/4/5 23:49:02"
"45\45_01_golden_funnel\full_eval\epoch_0030\images\Hayao_1021_to_photo.jpg","14917","0.014226","2026/4/5 23:48:59"
"45\45_01_golden_funnel\full_eval\epoch_0030\images\Hayao_1021_to_vangogh.jpg","15410","0.014696","2026/4/5 23:49:03"
"45\45_01_golden_funnel\full_eval\epoch_0030\images\Hayao_1023_to_cezanne.jpg","16053","0.015309","2026/4/5 23:49:12"
"45\45_01_golden_funnel\full_eval\epoch_0030\images\Hayao_1023_to_Hayao.jpg","15014","0.014318","2026/4/5 23:49:08"
"45\45_01_golden_funnel\full_eval\epoch_0030\images\Hayao_1023_to_monet.jpg","16154","0.015406","2026/4/5 23:49:09"
"45\45_01_golden_funnel\full_eval\epoch_0030\images\Hayao_1023_to_photo.jpg","16339","0.015582","2026/4/5 23:49:06"
"45\45_01_golden_funnel\full_eval\epoch_0030\images\Hayao_1023_to_vangogh.jpg","16776","0.015999","2026/4/5 23:49:10"
"45\45_01_golden_funnel\full_eval\epoch_0030\images\Hayao_1024_to_cezanne.jpg","14074","0.013422","2026/4/5 23:49:05"
"45\45_01_golden_funnel\full_eval\epoch_0030\images\Hayao_1024_to_Hayao.jpg","13405","0.012784","2026/4/5 23:49:00"
"45\45_01_golden_funnel\full_eval\epoch_0030\images\Hayao_1024_to_monet.jpg","15064","0.014366","2026/4/5 23:49:02"
"45\45_01_golden_funnel\full_eval\epoch_0030\images\Hayao_1024_to_photo.jpg","14762","0.014078","2026/4/5 23:48:59"
"45\45_01_golden_funnel\full_eval\epoch_0030\images\Hayao_1024_to_vangogh.jpg","16135","0.015388","2026/4/5 23:49:03"
"45\45_01_golden_funnel\full_eval\epoch_0030\images\Hayao_1025_to_cezanne.jpg","14852","0.014164","2026/4/5 23:49:12"
"45\45_01_golden_funnel\full_eval\epoch_0030\images\Hayao_1025_to_Hayao.jpg","13856","0.013214","2026/4/5 23:49:08"
"45\45_01_golden_funnel\full_eval\epoch_0030\images\Hayao_1025_to_monet.jpg","13036","0.012432","2026/4/5 23:49:09"
"45\45_01_golden_funnel\full_eval\epoch_0030\images\Hayao_1025_to_photo.jpg","13745","0.013108","2026/4/5 23:49:06"
"45\45_01_golden_funnel\full_eval\epoch_0030\images\Hayao_1025_to_vangogh.jpg","14341","0.013677","2026/4/5 23:49:10"
"45\45_01_golden_funnel\full_eval\epoch_0030\images\Hayao_1026_to_cezanne.jpg","16333","0.015576","2026/4/5 23:49:12"
"45\45_01_golden_funnel\full_eval\epoch_0030\images\Hayao_1026_to_Hayao.jpg","15474","0.014757","2026/4/5 23:49:08"
"45\45_01_golden_funnel\full_eval\epoch_0030\images\Hayao_1026_to_monet.jpg","15912","0.015175","2026/4/5 23:49:09"
"45\45_01_golden_funnel\full_eval\epoch_0030\images\Hayao_1026_to_photo.jpg","15807","0.015075","2026/4/5 23:49:06"
"45\45_01_golden_funnel\full_eval\epoch_0030\images\Hayao_1026_to_vangogh.jpg","16276","0.015522","2026/4/5 23:49:10"
"45\45_01_golden_funnel\full_eval\epoch_0030\images\Hayao_1028_to_cezanne.jpg","14955","0.014262","2026/4/5 23:49:12"
"45\45_01_golden_funnel\full_eval\epoch_0030\images\Hayao_1028_to_Hayao.jpg","13927","0.013282","2026/4/5 23:49:08"
"45\45_01_golden_funnel\full_eval\epoch_0030\images\Hayao_1028_to_monet.jpg","15233","0.014527","2026/4/5 23:49:09"
"45\45_01_golden_funnel\full_eval\epoch_0030\images\Hayao_1028_to_photo.jpg","15367","0.014655","2026/4/5 23:49:06"
"45\45_01_golden_funnel\full_eval\epoch_0030\images\Hayao_1028_to_vangogh.jpg","15566","0.014845","2026/4/5 23:49:10"
"45\45_01_golden_funnel\full_eval\epoch_0030\images\Hayao_102_to_cezanne.jpg","14359","0.013694","2026/4/5 23:49:12"
"45\45_01_golden_funnel\full_eval\epoch_0030\images\Hayao_102_to_Hayao.jpg","13887","0.013244","2026/4/5 23:49:08"
"45\45_01_golden_funnel\full_eval\epoch_0030\images\Hayao_102_to_monet.jpg","15372","0.01466","2026/4/5 23:49:09"
"45\45_01_golden_funnel\full_eval\epoch_0030\images\Hayao_102_to_photo.jpg","15233","0.014527","2026/4/5 23:49:06"
"45\45_01_golden_funnel\full_eval\epoch_0030\images\Hayao_102_to_vangogh.jpg","15576","0.014854","2026/4/5 23:49:10"
"45\45_01_golden_funnel\full_eval\epoch_0030\images\Hayao_1033_to_cezanne.jpg","16505","0.01574","2026/4/5 23:49:12"
"45\45_01_golden_funnel\full_eval\epoch_0030\images\Hayao_1033_to_Hayao.jpg","15772","0.015041","2026/4/5 23:49:08"
"45\45_01_golden_funnel\full_eval\epoch_0030\images\Hayao_1033_to_monet.jpg","15585","0.014863","2026/4/5 23:49:09"
"45\45_01_golden_funnel\full_eval\epoch_0030\images\Hayao_1033_to_photo.jpg","15595","0.014873","2026/4/5 23:49:06"
"45\45_01_golden_funnel\full_eval\epoch_0030\images\Hayao_1033_to_vangogh.jpg","16491","0.015727","2026/4/5 23:49:10"
"45\45_01_golden_funnel\full_eval\epoch_0030\images\Hayao_1039_to_cezanne.jpg","14610","0.013933","2026/4/5 23:49:12"
"45\45_01_golden_funnel\full_eval\epoch_0030\images\Hayao_1039_to_Hayao.jpg","13787","0.013148","2026/4/5 23:49:08"
"45\45_01_golden_funnel\full_eval\epoch_0030\images\Hayao_1039_to_monet.jpg","14755","0.014071","2026/4/5 23:49:09"
"45\45_01_golden_funnel\full_eval\epoch_0030\images\Hayao_1039_to_photo.jpg","15146","0.014444","2026/4/5 23:49:06"
"45\45_01_golden_funnel\full_eval\epoch_0030\images\Hayao_1039_to_vangogh.jpg","15243","0.014537","2026/4/5 23:49:10"
"45\45_01_golden_funnel\full_eval\epoch_0030\images\Hayao_103_to_cezanne.jpg","16502","0.015738","2026/4/5 23:49:12"
"45\45_01_golden_funnel\full_eval\epoch_0030\images\Hayao_103_to_Hayao.jpg","15865","0.01513","2026/4/5 23:49:08"
"45\45_01_golden_funnel\full_eval\epoch_0030\images\Hayao_103_to_monet.jpg","16315","0.015559","2026/4/5 23:49:09"
"45\45_01_golden_funnel\full_eval\epoch_0030\images\Hayao_103_to_photo.jpg","16240","0.015488","2026/4/5 23:49:06"
"45\45_01_golden_funnel\full_eval\epoch_0030\images\Hayao_103_to_vangogh.jpg","17207","0.01641","2026/4/5 23:49:10"
"45\45_01_golden_funnel\full_eval\epoch_0030\images\Hayao_1040_to_cezanne.jpg","14735","0.014052","2026/4/5 23:49:12"
"45\45_01_golden_funnel\full_eval\epoch_0030\images\Hayao_1040_to_Hayao.jpg","13682","0.013048","2026/4/5 23:49:08"
"45\45_01_golden_funnel\full_eval\epoch_0030\images\Hayao_1040_to_monet.jpg","14883","0.014194","2026/4/5 23:49:09"
"45\45_01_golden_funnel\full_eval\epoch_0030\images\Hayao_1040_to_photo.jpg","15206","0.014502","2026/4/5 23:49:06"
"45\45_01_golden_funnel\full_eval\epoch_0030\images\Hayao_1040_to_vangogh.jpg","15238","0.014532","2026/4/5 23:49:10"
"45\45_01_golden_funnel\full_eval\epoch_0030\images\Hayao_1041_to_cezanne.jpg","15371","0.014659","2026/4/5 23:49:12"
"45\45_01_golden_funnel\full_eval\epoch_0030\images\Hayao_1041_to_Hayao.jpg","14599","0.013923","2026/4/5 23:49:08"
"45\45_01_golden_funnel\full_eval\epoch_0030\images\Hayao_1041_to_monet.jpg","15745","0.015016","2026/4/5 23:49:09"
"45\45_01_golden_funnel\full_eval\epoch_0030\images\Hayao_1041_to_photo.jpg","15498","0.01478","2026/4/5 23:49:06"
"45\45_01_golden_funnel\full_eval\epoch_0030\images\Hayao_1041_to_vangogh.jpg","16421","0.01566","2026/4/5 23:49:10"
"45\45_01_golden_funnel\full_eval\epoch_0030\images\Hayao_1042_to_cezanne.jpg","16323","0.015567","2026/4/5 23:49:12"
"45\45_01_golden_funnel\full_eval\epoch_0030\images\Hayao_1042_to_Hayao.jpg","15812","0.015079","2026/4/5 23:49:08"
"45\45_01_golden_funnel\full_eval\epoch_0030\images\Hayao_1042_to_monet.jpg","15630","0.014906","2026/4/5 23:49:09"
"45\45_01_golden_funnel\full_eval\epoch_0030\images\Hayao_1042_to_photo.jpg","16491","0.015727","2026/4/5 23:49:06"
"45\45_01_golden_funnel\full_eval\epoch_0030\images\Hayao_1042_to_vangogh.jpg","16098","0.015352","2026/4/5 23:49:10"
"45\45_01_golden_funnel\full_eval\epoch_0030\images\Hayao_1044_to_cezanne.jpg","14912","0.014221","2026/4/5 23:49:05"
"45\45_01_golden_funnel\full_eval\epoch_0030\images\Hayao_1044_to_Hayao.jpg","14277","0.013616","2026/4/5 23:49:00"
"45\45_01_golden_funnel\full_eval\epoch_0030\images\Hayao_1044_to_monet.jpg","14462","0.013792","2026/4/5 23:49:02"
"45\45_01_golden_funnel\full_eval\epoch_0030\images\Hayao_1044_to_photo.jpg","14897","0.014207","2026/4/5 23:48:59"
"45\45_01_golden_funnel\full_eval\epoch_0030\images\Hayao_1044_to_vangogh.jpg","15276","0.014568","2026/4/5 23:49:03"
"45\45_01_golden_funnel\full_eval\epoch_0030\images\Hayao_1049_to_cezanne.jpg","16056","0.015312","2026/4/5 23:49:12"
"45\45_01_golden_funnel\full_eval\epoch_0030\images\Hayao_1049_to_Hayao.jpg","15266","0.014559","2026/4/5 23:49:08"
"45\45_01_golden_funnel\full_eval\epoch_0030\images\Hayao_1049_to_monet.jpg","15450","0.014734","2026/4/5 23:49:09"
"45\45_01_golden_funnel\full_eval\epoch_0030\images\Hayao_1049_to_photo.jpg","15311","0.014602","2026/4/5 23:49:06"
"45\45_01_golden_funnel\full_eval\epoch_0030\images\Hayao_1049_to_vangogh.jpg","16193","0.015443","2026/4/5 23:49:10"
"45\45_01_golden_funnel\full_eval\epoch_0030\images\monet_00018_to_cezanne.jpg","16361","0.015603","2026/4/5 23:49:19"
"45\45_01_golden_funnel\full_eval\epoch_0030\images\monet_00018_to_Hayao.jpg","15478","0.014761","2026/4/5 23:49:15"
"45\45_01_golden_funnel\full_eval\epoch_0030\images\monet_00018_to_monet.jpg","15555","0.014834","2026/4/5 23:49:16"
"45\45_01_golden_funnel\full_eval\epoch_0030\images\monet_00018_to_photo.jpg","15836","0.015102","2026/4/5 23:49:13"
"45\45_01_golden_funnel\full_eval\epoch_0030\images\monet_00018_to_vangogh.jpg","16373","0.015615","2026/4/5 23:49:18"
"45\45_01_golden_funnel\full_eval\epoch_0030\images\monet_00075_to_cezanne.jpg","15154","0.014452","2026/4/5 23:49:19"
"45\45_01_golden_funnel\full_eval\epoch_0030\images\monet_00075_to_Hayao.jpg","13559","0.012931","2026/4/5 23:49:15"
"45\45_01_golden_funnel\full_eval\epoch_0030\images\monet_00075_to_monet.jpg","13043","0.012439","2026/4/5 23:49:16"
"45\45_01_golden_funnel\full_eval\epoch_0030\images\monet_00075_to_photo.jpg","12755","0.012164","2026/4/5 23:49:13"
"45\45_01_golden_funnel\full_eval\epoch_0030\images\monet_00075_to_vangogh.jpg","13696","0.013062","2026/4/5 23:49:18"
"45\45_01_golden_funnel\full_eval\epoch_0030\images\monet_00092_to_cezanne.jpg","15904","0.015167","2026/4/5 23:49:19"
"45\45_01_golden_funnel\full_eval\epoch_0030\images\monet_00092_to_Hayao.jpg","15360","0.014648","2026/4/5 23:49:15"
"45\45_01_golden_funnel\full_eval\epoch_0030\images\monet_00092_to_monet.jpg","15443","0.014728","2026/4/5 23:49:16"
"45\45_01_golden_funnel\full_eval\epoch_0030\images\monet_00092_to_photo.jpg","15691","0.014964","2026/4/5 23:49:13"
"45\45_01_golden_funnel\full_eval\epoch_0030\images\monet_00092_to_vangogh.jpg","16210","0.015459","2026/4/5 23:49:18"
"45\45_01_golden_funnel\full_eval\epoch_0030\images\monet_00278_to_cezanne.jpg","16803","0.016025","2026/4/5 23:49:19"
"45\45_01_golden_funnel\full_eval\epoch_0030\images\monet_00278_to_Hayao.jpg","16251","0.015498","2026/4/5 23:49:15"
"45\45_01_golden_funnel\full_eval\epoch_0030\images\monet_00278_to_monet.jpg","16516","0.015751","2026/4/5 23:49:16"
"45\45_01_golden_funnel\full_eval\epoch_0030\images\monet_00278_to_photo.jpg","16664","0.015892","2026/4/5 23:49:13"
"45\45_01_golden_funnel\full_eval\epoch_0030\images\monet_00278_to_vangogh.jpg","17273","0.016473","2026/4/5 23:49:18"
"45\45_01_golden_funnel\full_eval\epoch_0030\images\monet_00282_to_cezanne.jpg","16341","0.015584","2026/4/5 23:49:19"
"45\45_01_golden_funnel\full_eval\epoch_0030\images\monet_00282_to_Hayao.jpg","15082","0.014383","2026/4/5 23:49:15"
"45\45_01_golden_funnel\full_eval\epoch_0030\images\monet_00282_to_monet.jpg","15480","0.014763","2026/4/5 23:49:16"
"45\45_01_golden_funnel\full_eval\epoch_0030\images\monet_00282_to_photo.jpg","15538","0.014818","2026/4/5 23:49:13"
"45\45_01_golden_funnel\full_eval\epoch_0030\images\monet_00282_to_vangogh.jpg","15948","0.015209","2026/4/5 23:49:18"
"45\45_01_golden_funnel\full_eval\epoch_0030\images\monet_00286_to_cezanne.jpg","16670","0.015898","2026/4/5 23:49:19"
"45\45_01_golden_funnel\full_eval\epoch_0030\images\monet_00286_to_Hayao.jpg","15590","0.014868","2026/4/5 23:49:15"
"45\45_01_golden_funnel\full_eval\epoch_0030\images\monet_00286_to_monet.jpg","16215","0.015464","2026/4/5 23:49:16"
"45\45_01_golden_funnel\full_eval\epoch_0030\images\monet_00286_to_photo.jpg","16491","0.015727","2026/4/5 23:49:13"
"45\45_01_golden_funnel\full_eval\epoch_0030\images\monet_00286_to_vangogh.jpg","16855","0.016074","2026/4/5 23:49:18"
"45\45_01_golden_funnel\full_eval\epoch_0030\images\monet_00291_to_cezanne.jpg","16091","0.015346","2026/4/5 23:49:19"
"45\45_01_golden_funnel\full_eval\epoch_0030\images\monet_00291_to_Hayao.jpg","15024","0.014328","2026/4/5 23:49:15"
"45\45_01_golden_funnel\full_eval\epoch_0030\images\monet_00291_to_monet.jpg","15678","0.014952","2026/4/5 23:49:16"
"45\45_01_golden_funnel\full_eval\epoch_0030\images\monet_00291_to_photo.jpg","16190","0.01544","2026/4/5 23:49:13"
"45\45_01_golden_funnel\full_eval\epoch_0030\images\monet_00291_to_vangogh.jpg","16641","0.01587","2026/4/5 23:49:18"
"45\45_01_golden_funnel\full_eval\epoch_0030\images\monet_00389_to_cezanne.jpg","14951","0.014258","2026/4/5 23:49:19"
"45\45_01_golden_funnel\full_eval\epoch_0030\images\monet_00389_to_Hayao.jpg","14277","0.013616","2026/4/5 23:49:15"
"45\45_01_golden_funnel\full_eval\epoch_0030\images\monet_00389_to_monet.jpg","14637","0.013959","2026/4/5 23:49:16"
"45\45_01_golden_funnel\full_eval\epoch_0030\images\monet_00389_to_photo.jpg","14768","0.014084","2026/4/5 23:49:13"
"45\45_01_golden_funnel\full_eval\epoch_0030\images\monet_00389_to_vangogh.jpg","15288","0.01458","2026/4/5 23:49:18"
"45\45_01_golden_funnel\full_eval\epoch_0030\images\monet_00429_to_cezanne.jpg","14887","0.014197","2026/4/5 23:49:26"
"45\45_01_golden_funnel\full_eval\epoch_0030\images\monet_00429_to_Hayao.jpg","13890","0.013247","2026/4/5 23:49:22"
"45\45_01_golden_funnel\full_eval\epoch_0030\images\monet_00429_to_monet.jpg","15428","0.014713","2026/4/5 23:49:23"
"45\45_01_golden_funnel\full_eval\epoch_0030\images\monet_00429_to_photo.jpg","15672","0.014946","2026/4/5 23:49:21"
"45\45_01_golden_funnel\full_eval\epoch_0030\images\monet_00429_to_vangogh.jpg","15903","0.015166","2026/4/5 23:49:25"
"45\45_01_golden_funnel\full_eval\epoch_0030\images\monet_00444_to_cezanne.jpg","16770","0.015993","2026/4/5 23:49:19"
"45\45_01_golden_funnel\full_eval\epoch_0030\images\monet_00444_to_Hayao.jpg","15839","0.015105","2026/4/5 23:49:15"
"45\45_01_golden_funnel\full_eval\epoch_0030\images\monet_00444_to_monet.jpg","16260","0.015507","2026/4/5 23:49:16"
"45\45_01_golden_funnel\full_eval\epoch_0030\images\monet_00444_to_photo.jpg","16331","0.015574","2026/4/5 23:49:13"
"45\45_01_golden_funnel\full_eval\epoch_0030\images\monet_00444_to_vangogh.jpg","16998","0.016211","2026/4/5 23:49:18"
"45\45_01_golden_funnel\full_eval\epoch_0030\images\monet_00446_to_cezanne.jpg","16430","0.015669","2026/4/5 23:49:26"
"45\45_01_golden_funnel\full_eval\epoch_0030\images\monet_00446_to_Hayao.jpg","15207","0.014503","2026/4/5 23:49:22"
"45\45_01_golden_funnel\full_eval\epoch_0030\images\monet_00446_to_monet.jpg","16281","0.015527","2026/4/5 23:49:23"
"45\45_01_golden_funnel\full_eval\epoch_0030\images\monet_00446_to_photo.jpg","16638","0.015867","2026/4/5 23:49:21"
"45\45_01_golden_funnel\full_eval\epoch_0030\images\monet_00446_to_vangogh.jpg","17069","0.016278","2026/4/5 23:49:25"
"45\45_01_golden_funnel\full_eval\epoch_0030\images\monet_00542_to_cezanne.jpg","15411","0.014697","2026/4/5 23:49:19"
"45\45_01_golden_funnel\full_eval\epoch_0030\images\monet_00542_to_Hayao.jpg","14656","0.013977","2026/4/5 23:49:15"
"45\45_01_golden_funnel\full_eval\epoch_0030\images\monet_00542_to_monet.jpg","15195","0.014491","2026/4/5 23:49:16"
"45\45_01_golden_funnel\full_eval\epoch_0030\images\monet_00542_to_photo.jpg","15498","0.01478","2026/4/5 23:49:13"
"45\45_01_golden_funnel\full_eval\epoch_0030\images\monet_00542_to_vangogh.jpg","16313","0.015557","2026/4/5 23:49:18"
"45\45_01_golden_funnel\full_eval\epoch_0030\images\monet_00557_to_cezanne.jpg","17536","0.016724","2026/4/5 23:49:26"
"45\45_01_golden_funnel\full_eval\epoch_0030\images\monet_00557_to_Hayao.jpg","17196","0.016399","2026/4/5 23:49:22"
"45\45_01_golden_funnel\full_eval\epoch_0030\images\monet_00557_to_monet.jpg","17203","0.016406","2026/4/5 23:49:23"
"45\45_01_golden_funnel\full_eval\epoch_0030\images\monet_00557_to_photo.jpg","17169","0.016374","2026/4/5 23:49:21"
"45\45_01_golden_funnel\full_eval\epoch_0030\images\monet_00557_to_vangogh.jpg","18092","0.017254","2026/4/5 23:49:25"
"45\45_01_golden_funnel\full_eval\epoch_0030\images\monet_00607_to_cezanne.jpg","16575","0.015807","2026/4/5 23:49:19"
"45\45_01_golden_funnel\full_eval\epoch_0030\images\monet_00607_to_Hayao.jpg","15596","0.014874","2026/4/5 23:49:15"
"45\45_01_golden_funnel\full_eval\epoch_0030\images\monet_00607_to_monet.jpg","15760","0.01503","2026/4/5 23:49:16"
"45\45_01_golden_funnel\full_eval\epoch_0030\images\monet_00607_to_photo.jpg","15732","0.015003","2026/4/5 23:49:13"
"45\45_01_golden_funnel\full_eval\epoch_0030\images\monet_00607_to_vangogh.jpg","16712","0.015938","2026/4/5 23:49:18"
"45\45_01_golden_funnel\full_eval\epoch_0030\images\monet_00677_to_cezanne.jpg","16716","0.015942","2026/4/5 23:49:19"
"45\45_01_golden_funnel\full_eval\epoch_0030\images\monet_00677_to_Hayao.jpg","15930","0.015192","2026/4/5 23:49:15"
"45\45_01_golden_funnel\full_eval\epoch_0030\images\monet_00677_to_monet.jpg","16445","0.015683","2026/4/5 23:49:16"
"45\45_01_golden_funnel\full_eval\epoch_0030\images\monet_00677_to_photo.jpg","16926","0.016142","2026/4/5 23:49:13"
"45\45_01_golden_funnel\full_eval\epoch_0030\images\monet_00677_to_vangogh.jpg","17415","0.016608","2026/4/5 23:49:18"
"45\45_01_golden_funnel\full_eval\epoch_0030\images\monet_00695_to_cezanne.jpg","17581","0.016767","2026/4/5 23:49:19"
"45\45_01_golden_funnel\full_eval\epoch_0030\images\monet_00695_to_Hayao.jpg","16836","0.016056","2026/4/5 23:49:15"
"45\45_01_golden_funnel\full_eval\epoch_0030\images\monet_00695_to_monet.jpg","16706","0.015932","2026/4/5 23:49:16"
"45\45_01_golden_funnel\full_eval\epoch_0030\images\monet_00695_to_photo.jpg","17122","0.016329","2026/4/5 23:49:13"
"45\45_01_golden_funnel\full_eval\epoch_0030\images\monet_00695_to_vangogh.jpg","17261","0.016461","2026/4/5 23:49:18"
"45\45_01_golden_funnel\full_eval\epoch_0030\images\monet_00756_to_cezanne.jpg","15310","0.014601","2026/4/5 23:49:19"
"45\45_01_golden_funnel\full_eval\epoch_0030\images\monet_00756_to_Hayao.jpg","14480","0.013809","2026/4/5 23:49:15"
"45\45_01_golden_funnel\full_eval\epoch_0030\images\monet_00756_to_monet.jpg","15414","0.0147","2026/4/5 23:49:16"
"45\45_01_golden_funnel\full_eval\epoch_0030\images\monet_00756_to_photo.jpg","15918","0.015181","2026/4/5 23:49:13"
"45\45_01_golden_funnel\full_eval\epoch_0030\images\monet_00756_to_vangogh.jpg","16021","0.015279","2026/4/5 23:49:18"
"45\45_01_golden_funnel\full_eval\epoch_0030\images\monet_00776_to_cezanne.jpg","16674","0.015902","2026/4/5 23:49:26"
"45\45_01_golden_funnel\full_eval\epoch_0030\images\monet_00776_to_Hayao.jpg","15601","0.014878","2026/4/5 23:49:22"
"45\45_01_golden_funnel\full_eval\epoch_0030\images\monet_00776_to_monet.jpg","16295","0.01554","2026/4/5 23:49:23"
"45\45_01_golden_funnel\full_eval\epoch_0030\images\monet_00776_to_photo.jpg","16233","0.015481","2026/4/5 23:49:21"
"45\45_01_golden_funnel\full_eval\epoch_0030\images\monet_00776_to_vangogh.jpg","17015","0.016227","2026/4/5 23:49:25"
"45\45_01_golden_funnel\full_eval\epoch_0030\images\monet_00786_to_cezanne.jpg","17239","0.01644","2026/4/5 23:49:19"
"45\45_01_golden_funnel\full_eval\epoch_0030\images\monet_00786_to_Hayao.jpg","16492","0.015728","2026/4/5 23:49:15"
"45\45_01_golden_funnel\full_eval\epoch_0030\images\monet_00786_to_monet.jpg","16956","0.016171","2026/4/5 23:49:16"
"45\45_01_golden_funnel\full_eval\epoch_0030\images\monet_00786_to_photo.jpg","17255","0.016456","2026/4/5 23:49:13"
"45\45_01_golden_funnel\full_eval\epoch_0030\images\monet_00786_to_vangogh.jpg","17714","0.016893","2026/4/5 23:49:18"
"45\45_01_golden_funnel\full_eval\epoch_0030\images\monet_00789_to_cezanne.jpg","17133","0.016339","2026/4/5 23:49:26"
"45\45_01_golden_funnel\full_eval\epoch_0030\images\monet_00789_to_Hayao.jpg","16508","0.015743","2026/4/5 23:49:22"
"45\45_01_golden_funnel\full_eval\epoch_0030\images\monet_00789_to_monet.jpg","17134","0.01634","2026/4/5 23:49:23"
"45\45_01_golden_funnel\full_eval\epoch_0030\images\monet_00789_to_photo.jpg","17545","0.016732","2026/4/5 23:49:21"
"45\45_01_golden_funnel\full_eval\epoch_0030\images\monet_00789_to_vangogh.jpg","18005","0.017171","2026/4/5 23:49:25"
"45\45_01_golden_funnel\full_eval\epoch_0030\images\monet_00812_to_cezanne.jpg","17435","0.016627","2026/4/5 23:49:19"
"45\45_01_golden_funnel\full_eval\epoch_0030\images\monet_00812_to_Hayao.jpg","16626","0.015856","2026/4/5 23:49:15"
"45\45_01_golden_funnel\full_eval\epoch_0030\images\monet_00812_to_monet.jpg","17679","0.01686","2026/4/5 23:49:16"
"45\45_01_golden_funnel\full_eval\epoch_0030\images\monet_00812_to_photo.jpg","17647","0.016829","2026/4/5 23:49:13"
"45\45_01_golden_funnel\full_eval\epoch_0030\images\monet_00812_to_vangogh.jpg","18395","0.017543","2026/4/5 23:49:18"
"45\45_01_golden_funnel\full_eval\epoch_0030\images\monet_00928_to_cezanne.jpg","17212","0.016415","2026/4/5 23:49:26"
"45\45_01_golden_funnel\full_eval\epoch_0030\images\monet_00928_to_Hayao.jpg","16886","0.016104","2026/4/5 23:49:22"
"45\45_01_golden_funnel\full_eval\epoch_0030\images\monet_00928_to_monet.jpg","17615","0.016799","2026/4/5 23:49:23"
"45\45_01_golden_funnel\full_eval\epoch_0030\images\monet_00928_to_photo.jpg","17541","0.016728","2026/4/5 23:49:21"
"45\45_01_golden_funnel\full_eval\epoch_0030\images\monet_00928_to_vangogh.jpg","18188","0.017345","2026/4/5 23:49:25"
"45\45_01_golden_funnel\full_eval\epoch_0030\images\monet_00959_to_cezanne.jpg","15019","0.014323","2026/4/5 23:49:19"
"45\45_01_golden_funnel\full_eval\epoch_0030\images\monet_00959_to_Hayao.jpg","13962","0.013315","2026/4/5 23:49:15"
"45\45_01_golden_funnel\full_eval\epoch_0030\images\monet_00959_to_monet.jpg","14699","0.014018","2026/4/5 23:49:16"
"45\45_01_golden_funnel\full_eval\epoch_0030\images\monet_00959_to_photo.jpg","15275","0.014567","2026/4/5 23:49:13"
"45\45_01_golden_funnel\full_eval\epoch_0030\images\monet_00959_to_vangogh.jpg","15473","0.014756","2026/4/5 23:49:18"
"45\45_01_golden_funnel\full_eval\epoch_0030\images\monet_01039_to_cezanne.jpg","15512","0.014793","2026/4/5 23:49:19"
"45\45_01_golden_funnel\full_eval\epoch_0030\images\monet_01039_to_Hayao.jpg","14930","0.014238","2026/4/5 23:49:15"
"45\45_01_golden_funnel\full_eval\epoch_0030\images\monet_01039_to_monet.jpg","15059","0.014361","2026/4/5 23:49:16"
"45\45_01_golden_funnel\full_eval\epoch_0030\images\monet_01039_to_photo.jpg","15297","0.014588","2026/4/5 23:49:13"
"45\45_01_golden_funnel\full_eval\epoch_0030\images\monet_01039_to_vangogh.jpg","16244","0.015491","2026/4/5 23:49:18"
"45\45_01_golden_funnel\full_eval\epoch_0030\images\monet_01059_to_cezanne.jpg","16942","0.016157","2026/4/5 23:49:19"
"45\45_01_golden_funnel\full_eval\epoch_0030\images\monet_01059_to_Hayao.jpg","16446","0.015684","2026/4/5 23:49:15"
"45\45_01_golden_funnel\full_eval\epoch_0030\images\monet_01059_to_monet.jpg","16998","0.016211","2026/4/5 23:49:16"
"45\45_01_golden_funnel\full_eval\epoch_0030\images\monet_01059_to_photo.jpg","16985","0.016198","2026/4/5 23:49:13"
"45\45_01_golden_funnel\full_eval\epoch_0030\images\monet_01059_to_vangogh.jpg","17627","0.01681","2026/4/5 23:49:18"
"45\45_01_golden_funnel\full_eval\epoch_0030\images\monet_01127_to_cezanne.jpg","15478","0.014761","2026/4/5 23:49:26"
"45\45_01_golden_funnel\full_eval\epoch_0030\images\monet_01127_to_Hayao.jpg","14322","0.013659","2026/4/5 23:49:22"
"45\45_01_golden_funnel\full_eval\epoch_0030\images\monet_01127_to_monet.jpg","14670","0.01399","2026/4/5 23:49:23"
"45\45_01_golden_funnel\full_eval\epoch_0030\images\monet_01127_to_photo.jpg","14623","0.013946","2026/4/5 23:49:21"
"45\45_01_golden_funnel\full_eval\epoch_0030\images\monet_01127_to_vangogh.jpg","15729","0.015","2026/4/5 23:49:25"
"45\45_01_golden_funnel\full_eval\epoch_0030\images\monet_01151_to_cezanne.jpg","16353","0.015595","2026/4/5 23:49:26"
"45\45_01_golden_funnel\full_eval\epoch_0030\images\monet_01151_to_Hayao.jpg","15357","0.014646","2026/4/5 23:49:22"
"45\45_01_golden_funnel\full_eval\epoch_0030\images\monet_01151_to_monet.jpg","16340","0.015583","2026/4/5 23:49:23"
"45\45_01_golden_funnel\full_eval\epoch_0030\images\monet_01151_to_photo.jpg","16632","0.015862","2026/4/5 23:49:21"
"45\45_01_golden_funnel\full_eval\epoch_0030\images\monet_01151_to_vangogh.jpg","17069","0.016278","2026/4/5 23:49:25"
"45\45_01_golden_funnel\full_eval\epoch_0030\images\monet_01155_to_cezanne.jpg","15893","0.015157","2026/4/5 23:49:26"
"45\45_01_golden_funnel\full_eval\epoch_0030\images\monet_01155_to_Hayao.jpg","15172","0.014469","2026/4/5 23:49:22"
"45\45_01_golden_funnel\full_eval\epoch_0030\images\monet_01155_to_monet.jpg","16197","0.015447","2026/4/5 23:49:23"
"45\45_01_golden_funnel\full_eval\epoch_0030\images\monet_01155_to_photo.jpg","16372","0.015614","2026/4/5 23:49:21"
"45\45_01_golden_funnel\full_eval\epoch_0030\images\monet_01155_to_vangogh.jpg","17119","0.016326","2026/4/5 23:49:25"
"45\45_01_golden_funnel\full_eval\epoch_0030\images\monet_01208_to_cezanne.jpg","16855","0.016074","2026/4/5 23:49:19"
"45\45_01_golden_funnel\full_eval\epoch_0030\images\monet_01208_to_Hayao.jpg","16337","0.01558","2026/4/5 23:49:15"
"45\45_01_golden_funnel\full_eval\epoch_0030\images\monet_01208_to_monet.jpg","16344","0.015587","2026/4/5 23:49:16"
"45\45_01_golden_funnel\full_eval\epoch_0030\images\monet_01208_to_photo.jpg","16439","0.015677","2026/4/5 23:49:13"
"45\45_01_golden_funnel\full_eval\epoch_0030\images\monet_01208_to_vangogh.jpg","17024","0.016235","2026/4/5 23:49:18"
"45\45_01_golden_funnel\full_eval\epoch_0030\images\monet_01326_to_cezanne.jpg","16784","0.016006","2026/4/5 23:49:26"
"45\45_01_golden_funnel\full_eval\epoch_0030\images\monet_01326_to_Hayao.jpg","15864","0.015129","2026/4/5 23:49:22"
"45\45_01_golden_funnel\full_eval\epoch_0030\images\monet_01326_to_monet.jpg","17079","0.016288","2026/4/5 23:49:23"
"45\45_01_golden_funnel\full_eval\epoch_0030\images\monet_01326_to_photo.jpg","17303","0.016501","2026/4/5 23:49:21"
"45\45_01_golden_funnel\full_eval\epoch_0030\images\monet_01326_to_vangogh.jpg","17768","0.016945","2026/4/5 23:49:25"
"45\45_01_golden_funnel\full_eval\epoch_0030\images\photo_2013-11-08 16_45_24_to_cezanne.jpg","12976","0.012375","2026/4/5 23:48:57"
"45\45_01_golden_funnel\full_eval\epoch_0030\images\photo_2013-11-08 16_45_24_to_Hayao.jpg","12456","0.011879","2026/4/5 23:48:53"
"45\45_01_golden_funnel\full_eval\epoch_0030\images\photo_2013-11-08 16_45_24_to_monet.jpg","12271","0.011703","2026/4/5 23:48:55"
"45\45_01_golden_funnel\full_eval\epoch_0030\images\photo_2013-11-08 16_45_24_to_photo.jpg","12608","0.012024","2026/4/5 23:48:52"
"45\45_01_golden_funnel\full_eval\epoch_0030\images\photo_2013-11-08 16_45_24_to_vangogh.jpg","12591","0.012008","2026/4/5 23:48:56"
"45\45_01_golden_funnel\full_eval\epoch_0030\images\photo_2013-11-10 12_45_41_to_cezanne.jpg","14046","0.013395","2026/4/5 23:48:57"
"45\45_01_golden_funnel\full_eval\epoch_0030\images\photo_2013-11-10 12_45_41_to_Hayao.jpg","13458","0.012835","2026/4/5 23:48:53"
"45\45_01_golden_funnel\full_eval\epoch_0030\images\photo_2013-11-10 12_45_41_to_monet.jpg","14053","0.013402","2026/4/5 23:48:55"
"45\45_01_golden_funnel\full_eval\epoch_0030\images\photo_2013-11-10 12_45_41_to_photo.jpg","14421","0.013753","2026/4/5 23:48:52"
"45\45_01_golden_funnel\full_eval\epoch_0030\images\photo_2013-11-10 12_45_41_to_vangogh.jpg","14799","0.014113","2026/4/5 23:48:56"
"45\45_01_golden_funnel\full_eval\epoch_0030\images\photo_2013-11-10 19_30_53_to_cezanne.jpg","16377","0.015618","2026/4/5 23:48:57"
"45\45_01_golden_funnel\full_eval\epoch_0030\images\photo_2013-11-10 19_30_53_to_Hayao.jpg","15470","0.014753","2026/4/5 23:48:53"
"45\45_01_golden_funnel\full_eval\epoch_0030\images\photo_2013-11-10 19_30_53_to_monet.jpg","14882","0.014193","2026/4/5 23:48:55"
"45\45_01_golden_funnel\full_eval\epoch_0030\images\photo_2013-11-10 19_30_53_to_photo.jpg","15474","0.014757","2026/4/5 23:48:52"
"45\45_01_golden_funnel\full_eval\epoch_0030\images\photo_2013-11-10 19_30_53_to_vangogh.jpg","16079","0.015334","2026/4/5 23:48:56"
"45\45_01_golden_funnel\full_eval\epoch_0030\images\photo_2013-11-11 22_03_00_to_cezanne.jpg","16440","0.015678","2026/4/5 23:48:57"
"45\45_01_golden_funnel\full_eval\epoch_0030\images\photo_2013-11-11 22_03_00_to_Hayao.jpg","15622","0.014898","2026/4/5 23:48:53"
"45\45_01_golden_funnel\full_eval\epoch_0030\images\photo_2013-11-11 22_03_00_to_monet.jpg","15957","0.015218","2026/4/5 23:48:55"
"45\45_01_golden_funnel\full_eval\epoch_0030\images\photo_2013-11-11 22_03_00_to_photo.jpg","16254","0.015501","2026/4/5 23:48:52"
"45\45_01_golden_funnel\full_eval\epoch_0030\images\photo_2013-11-11 22_03_00_to_vangogh.jpg","15860","0.015125","2026/4/5 23:48:56"
"45\45_01_golden_funnel\full_eval\epoch_0030\images\photo_2013-11-12 01_54_20_to_cezanne.jpg","15573","0.014852","2026/4/5 23:48:57"
"45\45_01_golden_funnel\full_eval\epoch_0030\images\photo_2013-11-12 01_54_20_to_Hayao.jpg","15293","0.014585","2026/4/5 23:48:53"
"45\45_01_golden_funnel\full_eval\epoch_0030\images\photo_2013-11-12 01_54_20_to_monet.jpg","15752","0.015022","2026/4/5 23:48:55"
"45\45_01_golden_funnel\full_eval\epoch_0030\images\photo_2013-11-12 01_54_20_to_photo.jpg","15669","0.014943","2026/4/5 23:48:52"
"45\45_01_golden_funnel\full_eval\epoch_0030\images\photo_2013-11-12 01_54_20_to_vangogh.jpg","16484","0.01572","2026/4/5 23:48:56"
"45\45_01_golden_funnel\full_eval\epoch_0030\images\photo_2013-11-12 10_29_19_to_cezanne.jpg","15937","0.015199","2026/4/5 23:48:57"
"45\45_01_golden_funnel\full_eval\epoch_0030\images\photo_2013-11-12 10_29_19_to_Hayao.jpg","15421","0.014707","2026/4/5 23:48:53"
"45\45_01_golden_funnel\full_eval\epoch_0030\images\photo_2013-11-12 10_29_19_to_monet.jpg","16354","0.015596","2026/4/5 23:48:55"
"45\45_01_golden_funnel\full_eval\epoch_0030\images\photo_2013-11-12 10_29_19_to_photo.jpg","16817","0.016038","2026/4/5 23:48:52"
"45\45_01_golden_funnel\full_eval\epoch_0030\images\photo_2013-11-12 10_29_19_to_vangogh.jpg","17082","0.016291","2026/4/5 23:48:56"
"45\45_01_golden_funnel\full_eval\epoch_0030\images\photo_2013-11-12 16_58_40_to_cezanne.jpg","15471","0.014754","2026/4/5 23:48:57"
"45\45_01_golden_funnel\full_eval\epoch_0030\images\photo_2013-11-12 16_58_40_to_Hayao.jpg","14655","0.013976","2026/4/5 23:48:53"
"45\45_01_golden_funnel\full_eval\epoch_0030\images\photo_2013-11-12 16_58_40_to_monet.jpg","14748","0.014065","2026/4/5 23:48:55"
"45\45_01_golden_funnel\full_eval\epoch_0030\images\photo_2013-11-12 16_58_40_to_photo.jpg","14920","0.014229","2026/4/5 23:48:52"
"45\45_01_golden_funnel\full_eval\epoch_0030\images\photo_2013-11-12 16_58_40_to_vangogh.jpg","15475","0.014758","2026/4/5 23:48:56"
"45\45_01_golden_funnel\full_eval\epoch_0030\images\photo_2013-11-14 07_04_51_to_cezanne.jpg","14677","0.013997","2026/4/5 23:48:57"
"45\45_01_golden_funnel\full_eval\epoch_0030\images\photo_2013-11-14 07_04_51_to_Hayao.jpg","13922","0.013277","2026/4/5 23:48:53"
"45\45_01_golden_funnel\full_eval\epoch_0030\images\photo_2013-11-14 07_04_51_to_monet.jpg","13817","0.013177","2026/4/5 23:48:55"
"45\45_01_golden_funnel\full_eval\epoch_0030\images\photo_2013-11-14 07_04_51_to_photo.jpg","14256","0.013596","2026/4/5 23:48:52"
"45\45_01_golden_funnel\full_eval\epoch_0030\images\photo_2013-11-14 07_04_51_to_vangogh.jpg","14505","0.013833","2026/4/5 23:48:56"
"45\45_01_golden_funnel\full_eval\epoch_0030\images\photo_2013-11-14 14_11_02_to_cezanne.jpg","18215","0.017371","2026/4/5 23:49:04"
"45\45_01_golden_funnel\full_eval\epoch_0030\images\photo_2013-11-14 14_11_02_to_Hayao.jpg","17226","0.016428","2026/4/5 23:49:00"
"45\45_01_golden_funnel\full_eval\epoch_0030\images\photo_2013-11-14 14_11_02_to_monet.jpg","18566","0.017706","2026/4/5 23:49:02"
"45\45_01_golden_funnel\full_eval\epoch_0030\images\photo_2013-11-14 14_11_02_to_photo.jpg","18403","0.01755","2026/4/5 23:48:59"
"45\45_01_golden_funnel\full_eval\epoch_0030\images\photo_2013-11-14 14_11_02_to_vangogh.jpg","19242","0.018351","2026/4/5 23:49:03"
"45\45_01_golden_funnel\full_eval\epoch_0030\images\photo_2013-11-16 04_17_00_to_cezanne.jpg","11309","0.010785","2026/4/5 23:48:57"
"45\45_01_golden_funnel\full_eval\epoch_0030\images\photo_2013-11-16 04_17_00_to_Hayao.jpg","10764","0.010265","2026/4/5 23:48:53"
"45\45_01_golden_funnel\full_eval\epoch_0030\images\photo_2013-11-16 04_17_00_to_monet.jpg","13404","0.012783","2026/4/5 23:48:55"
"45\45_01_golden_funnel\full_eval\epoch_0030\images\photo_2013-11-16 04_17_00_to_photo.jpg","13467","0.012843","2026/4/5 23:48:52"
"45\45_01_golden_funnel\full_eval\epoch_0030\images\photo_2013-11-16 04_17_00_to_vangogh.jpg","13586","0.012957","2026/4/5 23:48:56"
"45\45_01_golden_funnel\full_eval\epoch_0030\images\photo_2013-11-17 09_05_09_to_cezanne.jpg","16144","0.015396","2026/4/5 23:49:04"
"45\45_01_golden_funnel\full_eval\epoch_0030\images\photo_2013-11-17 09_05_09_to_Hayao.jpg","15229","0.014524","2026/4/5 23:49:00"
"45\45_01_golden_funnel\full_eval\epoch_0030\images\photo_2013-11-17 09_05_09_to_monet.jpg","15562","0.014841","2026/4/5 23:49:02"
"45\45_01_golden_funnel\full_eval\epoch_0030\images\photo_2013-11-17 09_05_09_to_photo.jpg","15776","0.015045","2026/4/5 23:48:59"
"45\45_01_golden_funnel\full_eval\epoch_0030\images\photo_2013-11-17 09_05_09_to_vangogh.jpg","16502","0.015738","2026/4/5 23:49:03"
"45\45_01_golden_funnel\full_eval\epoch_0030\images\photo_2013-11-17 14_54_20_to_cezanne.jpg","15644","0.014919","2026/4/5 23:48:57"
"45\45_01_golden_funnel\full_eval\epoch_0030\images\photo_2013-11-17 14_54_20_to_Hayao.jpg","15199","0.014495","2026/4/5 23:48:53"
"45\45_01_golden_funnel\full_eval\epoch_0030\images\photo_2013-11-17 14_54_20_to_monet.jpg","16040","0.015297","2026/4/5 23:48:55"
"45\45_01_golden_funnel\full_eval\epoch_0030\images\photo_2013-11-17 14_54_20_to_photo.jpg","16441","0.015679","2026/4/5 23:48:52"
"45\45_01_golden_funnel\full_eval\epoch_0030\images\photo_2013-11-17 14_54_20_to_vangogh.jpg","16890","0.016108","2026/4/5 23:48:56"
"45\45_01_golden_funnel\full_eval\epoch_0030\images\photo_2013-11-17 16_40_10_to_cezanne.jpg","17150","0.016356","2026/4/5 23:49:05"
"45\45_01_golden_funnel\full_eval\epoch_0030\images\photo_2013-11-17 16_40_10_to_Hayao.jpg","16346","0.015589","2026/4/5 23:49:00"
"45\45_01_golden_funnel\full_eval\epoch_0030\images\photo_2013-11-17 16_40_10_to_monet.jpg","16224","0.015472","2026/4/5 23:49:02"
"45\45_01_golden_funnel\full_eval\epoch_0030\images\photo_2013-11-17 16_40_10_to_photo.jpg","16670","0.015898","2026/4/5 23:48:59"
"45\45_01_golden_funnel\full_eval\epoch_0030\images\photo_2013-11-17 16_40_10_to_vangogh.jpg","17094","0.016302","2026/4/5 23:49:03"
"45\45_01_golden_funnel\full_eval\epoch_0030\images\photo_2013-11-17 17_36_09_to_cezanne.jpg","17412","0.016605","2026/4/5 23:48:57"
"45\45_01_golden_funnel\full_eval\epoch_0030\images\photo_2013-11-17 17_36_09_to_Hayao.jpg","16311","0.015555","2026/4/5 23:48:53"
"45\45_01_golden_funnel\full_eval\epoch_0030\images\photo_2013-11-17 17_36_09_to_monet.jpg","16562","0.015795","2026/4/5 23:48:55"
"45\45_01_golden_funnel\full_eval\epoch_0030\images\photo_2013-11-17 17_36_09_to_photo.jpg","17099","0.016307","2026/4/5 23:48:52"
"45\45_01_golden_funnel\full_eval\epoch_0030\images\photo_2013-11-17 17_36_09_to_vangogh.jpg","17288","0.016487","2026/4/5 23:48:56"
"45\45_01_golden_funnel\full_eval\epoch_0030\images\photo_2013-11-17 18_08_26_to_cezanne.jpg","15561","0.01484","2026/4/5 23:48:57"
"45\45_01_golden_funnel\full_eval\epoch_0030\images\photo_2013-11-17 18_08_26_to_Hayao.jpg","14990","0.014296","2026/4/5 23:48:53"
"45\45_01_golden_funnel\full_eval\epoch_0030\images\photo_2013-11-17 18_08_26_to_monet.jpg","15234","0.014528","2026/4/5 23:48:55"
"45\45_01_golden_funnel\full_eval\epoch_0030\images\photo_2013-11-17 18_08_26_to_photo.jpg","15366","0.014654","2026/4/5 23:48:52"
"45\45_01_golden_funnel\full_eval\epoch_0030\images\photo_2013-11-17 18_08_26_to_vangogh.jpg","16474","0.015711","2026/4/5 23:48:56"
"45\45_01_golden_funnel\full_eval\epoch_0030\images\photo_2013-11-17 23_58_45_to_cezanne.jpg","17404","0.016598","2026/4/5 23:48:57"
"45\45_01_golden_funnel\full_eval\epoch_0030\images\photo_2013-11-17 23_58_45_to_Hayao.jpg","16522","0.015757","2026/4/5 23:48:53"
"45\45_01_golden_funnel\full_eval\epoch_0030\images\photo_2013-11-17 23_58_45_to_monet.jpg","16782","0.016005","2026/4/5 23:48:55"
"45\45_01_golden_funnel\full_eval\epoch_0030\images\photo_2013-11-17 23_58_45_to_photo.jpg","16960","0.016174","2026/4/5 23:48:52"
"45\45_01_golden_funnel\full_eval\epoch_0030\images\photo_2013-11-17 23_58_45_to_vangogh.jpg","17911","0.017081","2026/4/5 23:48:56"
"45\45_01_golden_funnel\full_eval\epoch_0030\images\photo_2013-11-18 02_42_31_to_cezanne.jpg","16733","0.015958","2026/4/5 23:48:57"
"45\45_01_golden_funnel\full_eval\epoch_0030\images\photo_2013-11-18 02_42_31_to_Hayao.jpg","16709","0.015935","2026/4/5 23:48:53"
"45\45_01_golden_funnel\full_eval\epoch_0030\images\photo_2013-11-18 02_42_31_to_monet.jpg","17579","0.016765","2026/4/5 23:48:55"
"45\45_01_golden_funnel\full_eval\epoch_0030\images\photo_2013-11-18 02_42_31_to_photo.jpg","17371","0.016566","2026/4/5 23:48:52"
"45\45_01_golden_funnel\full_eval\epoch_0030\images\photo_2013-11-18 02_42_31_to_vangogh.jpg","18019","0.017184","2026/4/5 23:48:56"
"45\45_01_golden_funnel\full_eval\epoch_0030\images\photo_2013-11-18 06_58_36_to_cezanne.jpg","15699","0.014972","2026/4/5 23:49:04"
"45\45_01_golden_funnel\full_eval\epoch_0030\images\photo_2013-11-18 06_58_36_to_Hayao.jpg","14998","0.014303","2026/4/5 23:49:00"
"45\45_01_golden_funnel\full_eval\epoch_0030\images\photo_2013-11-18 06_58_36_to_monet.jpg","15287","0.014579","2026/4/5 23:49:02"
"45\45_01_golden_funnel\full_eval\epoch_0030\images\photo_2013-11-18 06_58_36_to_photo.jpg","14979","0.014285","2026/4/5 23:48:59"
"45\45_01_golden_funnel\full_eval\epoch_0030\images\photo_2013-11-18 06_58_36_to_vangogh.jpg","15898","0.015162","2026/4/5 23:49:03"
"45\45_01_golden_funnel\full_eval\epoch_0030\images\photo_2013-11-18 08_52_05_to_cezanne.jpg","16819","0.01604","2026/4/5 23:48:57"
"45\45_01_golden_funnel\full_eval\epoch_0030\images\photo_2013-11-18 08_52_05_to_Hayao.jpg","16230","0.015478","2026/4/5 23:48:53"
"45\45_01_golden_funnel\full_eval\epoch_0030\images\photo_2013-11-18 08_52_05_to_monet.jpg","16340","0.015583","2026/4/5 23:48:55"
"45\45_01_golden_funnel\full_eval\epoch_0030\images\photo_2013-11-18 08_52_05_to_photo.jpg","16991","0.016204","2026/4/5 23:48:52"
"45\45_01_golden_funnel\full_eval\epoch_0030\images\photo_2013-11-18 08_52_05_to_vangogh.jpg","17281","0.01648","2026/4/5 23:48:56"
"45\45_01_golden_funnel\full_eval\epoch_0030\images\photo_2013-11-18 11_46_45_to_cezanne.jpg","14036","0.013386","2026/4/5 23:49:04"
"45\45_01_golden_funnel\full_eval\epoch_0030\images\photo_2013-11-18 11_46_45_to_Hayao.jpg","13008","0.012405","2026/4/5 23:49:00"
"45\45_01_golden_funnel\full_eval\epoch_0030\images\photo_2013-11-18 11_46_45_to_monet.jpg","13539","0.012912","2026/4/5 23:49:02"
"45\45_01_golden_funnel\full_eval\epoch_0030\images\photo_2013-11-18 11_46_45_to_photo.jpg","13593","0.012963","2026/4/5 23:48:59"
"45\45_01_golden_funnel\full_eval\epoch_0030\images\photo_2013-11-18 11_46_45_to_vangogh.jpg","13830","0.013189","2026/4/5 23:49:03"
"45\45_01_golden_funnel\full_eval\epoch_0030\images\photo_2013-11-19 00_58_04_to_cezanne.jpg","14330","0.013666","2026/4/5 23:48:57"
"45\45_01_golden_funnel\full_eval\epoch_0030\images\photo_2013-11-19 00_58_04_to_Hayao.jpg","13743","0.013106","2026/4/5 23:48:53"
"45\45_01_golden_funnel\full_eval\epoch_0030\images\photo_2013-11-19 00_58_04_to_monet.jpg","14891","0.014201","2026/4/5 23:48:55"
"45\45_01_golden_funnel\full_eval\epoch_0030\images\photo_2013-11-19 00_58_04_to_photo.jpg","14895","0.014205","2026/4/5 23:48:52"
"45\45_01_golden_funnel\full_eval\epoch_0030\images\photo_2013-11-19 00_58_04_to_vangogh.jpg","15380","0.014668","2026/4/5 23:48:56"
"45\45_01_golden_funnel\full_eval\epoch_0030\images\photo_2013-11-19 05_01_31_to_cezanne.jpg","15623","0.014899","2026/4/5 23:49:04"
"45\45_01_golden_funnel\full_eval\epoch_0030\images\photo_2013-11-19 05_01_31_to_Hayao.jpg","14966","0.014273","2026/4/5 23:49:00"
"45\45_01_golden_funnel\full_eval\epoch_0030\images\photo_2013-11-19 05_01_31_to_monet.jpg","15603","0.01488","2026/4/5 23:49:02"
"45\45_01_golden_funnel\full_eval\epoch_0030\images\photo_2013-11-19 05_01_31_to_photo.jpg","16425","0.015664","2026/4/5 23:48:59"
"45\45_01_golden_funnel\full_eval\epoch_0030\images\photo_2013-11-19 05_01_31_to_vangogh.jpg","16167","0.015418","2026/4/5 23:49:03"
"45\45_01_golden_funnel\full_eval\epoch_0030\images\photo_2013-11-20 11_21_32_to_cezanne.jpg","16729","0.015954","2026/4/5 23:48:57"
"45\45_01_golden_funnel\full_eval\epoch_0030\images\photo_2013-11-20 11_21_32_to_Hayao.jpg","16298","0.015543","2026/4/5 23:48:53"
"45\45_01_golden_funnel\full_eval\epoch_0030\images\photo_2013-11-20 11_21_32_to_monet.jpg","16695","0.015922","2026/4/5 23:48:55"
"45\45_01_golden_funnel\full_eval\epoch_0030\images\photo_2013-11-20 11_21_32_to_photo.jpg","17199","0.016402","2026/4/5 23:48:52"
"45\45_01_golden_funnel\full_eval\epoch_0030\images\photo_2013-11-20 11_21_32_to_vangogh.jpg","17453","0.016644","2026/4/5 23:48:56"
"45\45_01_golden_funnel\full_eval\epoch_0030\images\photo_2013-11-21 01_47_41_to_cezanne.jpg","14742","0.014059","2026/4/5 23:48:57"
"45\45_01_golden_funnel\full_eval\epoch_0030\images\photo_2013-11-21 01_47_41_to_Hayao.jpg","14151","0.013495","2026/4/5 23:48:53"
"45\45_01_golden_funnel\full_eval\epoch_0030\images\photo_2013-11-21 01_47_41_to_monet.jpg","14449","0.01378","2026/4/5 23:48:55"
"45\45_01_golden_funnel\full_eval\epoch_0030\images\photo_2013-11-21 01_47_41_to_photo.jpg","14604","0.013927","2026/4/5 23:48:52"
"45\45_01_golden_funnel\full_eval\epoch_0030\images\photo_2013-11-21 01_47_41_to_vangogh.jpg","15022","0.014326","2026/4/5 23:48:56"
"45\45_01_golden_funnel\full_eval\epoch_0030\images\photo_2013-11-21 05_56_32_to_cezanne.jpg","15082","0.014383","2026/4/5 23:48:57"
"45\45_01_golden_funnel\full_eval\epoch_0030\images\photo_2013-11-21 05_56_32_to_Hayao.jpg","14211","0.013553","2026/4/5 23:48:53"
"45\45_01_golden_funnel\full_eval\epoch_0030\images\photo_2013-11-21 05_56_32_to_monet.jpg","15103","0.014403","2026/4/5 23:48:55"
"45\45_01_golden_funnel\full_eval\epoch_0030\images\photo_2013-11-21 05_56_32_to_photo.jpg","15390","0.014677","2026/4/5 23:48:52"
"45\45_01_golden_funnel\full_eval\epoch_0030\images\photo_2013-11-21 05_56_32_to_vangogh.jpg","15815","0.015082","2026/4/5 23:48:56"
"45\45_01_golden_funnel\full_eval\epoch_0030\images\photo_2013-11-21 17_44_44_to_cezanne.jpg","16418","0.015657","2026/4/5 23:49:04"
"45\45_01_golden_funnel\full_eval\epoch_0030\images\photo_2013-11-21 17_44_44_to_Hayao.jpg","15721","0.014993","2026/4/5 23:49:00"
"45\45_01_golden_funnel\full_eval\epoch_0030\images\photo_2013-11-21 17_44_44_to_monet.jpg","15834","0.0151","2026/4/5 23:49:02"
"45\45_01_golden_funnel\full_eval\epoch_0030\images\photo_2013-11-21 17_44_44_to_photo.jpg","16337","0.01558","2026/4/5 23:48:59"
"45\45_01_golden_funnel\full_eval\epoch_0030\images\photo_2013-11-21 17_44_44_to_vangogh.jpg","16195","0.015445","2026/4/5 23:49:03"
"45\45_01_golden_funnel\full_eval\epoch_0030\images\photo_2013-11-22 14_12_35_to_cezanne.jpg","16172","0.015423","2026/4/5 23:49:05"
"45\45_01_golden_funnel\full_eval\epoch_0030\images\photo_2013-11-22 14_12_35_to_Hayao.jpg","15527","0.014808","2026/4/5 23:49:00"
"45\45_01_golden_funnel\full_eval\epoch_0030\images\photo_2013-11-22 14_12_35_to_monet.jpg","15860","0.015125","2026/4/5 23:49:02"
"45\45_01_golden_funnel\full_eval\epoch_0030\images\photo_2013-11-22 14_12_35_to_photo.jpg","16238","0.015486","2026/4/5 23:48:59"
"45\45_01_golden_funnel\full_eval\epoch_0030\images\photo_2013-11-22 14_12_35_to_vangogh.jpg","16493","0.015729","2026/4/5 23:49:03"
"45\45_01_golden_funnel\full_eval\epoch_0030\images\photo_2013-11-22 14_15_50_to_cezanne.jpg","15687","0.01496","2026/4/5 23:49:04"
"45\45_01_golden_funnel\full_eval\epoch_0030\images\photo_2013-11-22 14_15_50_to_Hayao.jpg","14454","0.013784","2026/4/5 23:49:00"
"45\45_01_golden_funnel\full_eval\epoch_0030\images\photo_2013-11-22 14_15_50_to_monet.jpg","15286","0.014578","2026/4/5 23:49:02"
"45\45_01_golden_funnel\full_eval\epoch_0030\images\photo_2013-11-22 14_15_50_to_photo.jpg","15293","0.014585","2026/4/5 23:48:59"
"45\45_01_golden_funnel\full_eval\epoch_0030\images\photo_2013-11-22 14_15_50_to_vangogh.jpg","15953","0.015214","2026/4/5 23:49:03"
"45\45_01_golden_funnel\full_eval\epoch_0030\images\photo_2013-11-23 13_03_15_to_cezanne.jpg","15651","0.014926","2026/4/5 23:48:57"
"45\45_01_golden_funnel\full_eval\epoch_0030\images\photo_2013-11-23 13_03_15_to_Hayao.jpg","15184","0.014481","2026/4/5 23:48:53"
"45\45_01_golden_funnel\full_eval\epoch_0030\images\photo_2013-11-23 13_03_15_to_monet.jpg","15008","0.014313","2026/4/5 23:48:55"
"45\45_01_golden_funnel\full_eval\epoch_0030\images\photo_2013-11-23 13_03_15_to_photo.jpg","15335","0.014625","2026/4/5 23:48:52"
"45\45_01_golden_funnel\full_eval\epoch_0030\images\photo_2013-11-23 13_03_15_to_vangogh.jpg","16218","0.015467","2026/4/5 23:48:56"
"45\45_01_golden_funnel\full_eval\epoch_0030\images\photo_2013-11-25 10_46_18_to_cezanne.jpg","14660","0.013981","2026/4/5 23:49:04"
"45\45_01_golden_funnel\full_eval\epoch_0030\images\photo_2013-11-25 10_46_18_to_Hayao.jpg","13811","0.013171","2026/4/5 23:49:00"
"45\45_01_golden_funnel\full_eval\epoch_0030\images\photo_2013-11-25 10_46_18_to_monet.jpg","13449","0.012826","2026/4/5 23:49:02"
"45\45_01_golden_funnel\full_eval\epoch_0030\images\photo_2013-11-25 10_46_18_to_photo.jpg","13235","0.012622","2026/4/5 23:48:59"
"45\45_01_golden_funnel\full_eval\epoch_0030\images\photo_2013-11-25 10_46_18_to_vangogh.jpg","14284","0.013622","2026/4/5 23:49:03"
"45\45_01_golden_funnel\full_eval\epoch_0030\images\vangogh_00005_to_cezanne.jpg","18425","0.017571","2026/4/5 23:49:33"
"45\45_01_golden_funnel\full_eval\epoch_0030\images\vangogh_00005_to_Hayao.jpg","17946","0.017115","2026/4/5 23:49:29"
"45\45_01_golden_funnel\full_eval\epoch_0030\images\vangogh_00005_to_monet.jpg","18356","0.017506","2026/4/5 23:49:30"
"45\45_01_golden_funnel\full_eval\epoch_0030\images\vangogh_00005_to_photo.jpg","18671","0.017806","2026/4/5 23:49:28"
"45\45_01_golden_funnel\full_eval\epoch_0030\images\vangogh_00005_to_vangogh.jpg","18694","0.017828","2026/4/5 23:49:32"
"45\45_01_golden_funnel\full_eval\epoch_0030\images\vangogh_00090_to_cezanne.jpg","17181","0.016385","2026/4/5 23:49:33"
"45\45_01_golden_funnel\full_eval\epoch_0030\images\vangogh_00090_to_Hayao.jpg","16212","0.015461","2026/4/5 23:49:29"
"45\45_01_golden_funnel\full_eval\epoch_0030\images\vangogh_00090_to_monet.jpg","17750","0.016928","2026/4/5 23:49:30"
"45\45_01_golden_funnel\full_eval\epoch_0030\images\vangogh_00090_to_photo.jpg","17359","0.016555","2026/4/5 23:49:28"
"45\45_01_golden_funnel\full_eval\epoch_0030\images\vangogh_00090_to_vangogh.jpg","18753","0.017884","2026/4/5 23:49:32"
"45\45_01_golden_funnel\full_eval\epoch_0030\images\vangogh_00098_to_cezanne.jpg","16989","0.016202","2026/4/5 23:49:26"
"45\45_01_golden_funnel\full_eval\epoch_0030\images\vangogh_00098_to_Hayao.jpg","16281","0.015527","2026/4/5 23:49:22"
"45\45_01_golden_funnel\full_eval\epoch_0030\images\vangogh_00098_to_monet.jpg","17304","0.016502","2026/4/5 23:49:23"
"45\45_01_golden_funnel\full_eval\epoch_0030\images\vangogh_00098_to_photo.jpg","16924","0.01614","2026/4/5 23:49:21"
"45\45_01_golden_funnel\full_eval\epoch_0030\images\vangogh_00098_to_vangogh.jpg","18564","0.017704","2026/4/5 23:49:25"
"45\45_01_golden_funnel\full_eval\epoch_0030\images\vangogh_00163_to_cezanne.jpg","14370","0.013704","2026/4/5 23:49:26"
"45\45_01_golden_funnel\full_eval\epoch_0030\images\vangogh_00163_to_Hayao.jpg","13637","0.013005","2026/4/5 23:49:22"
"45\45_01_golden_funnel\full_eval\epoch_0030\images\vangogh_00163_to_monet.jpg","14561","0.013886","2026/4/5 23:49:23"
"45\45_01_golden_funnel\full_eval\epoch_0030\images\vangogh_00163_to_photo.jpg","14665","0.013986","2026/4/5 23:49:21"
"45\45_01_golden_funnel\full_eval\epoch_0030\images\vangogh_00163_to_vangogh.jpg","15644","0.014919","2026/4/5 23:49:25"
"45\45_01_golden_funnel\full_eval\epoch_0030\images\vangogh_00167_to_cezanne.jpg","14613","0.013936","2026/4/5 23:49:33"
"45\45_01_golden_funnel\full_eval\epoch_0030\images\vangogh_00167_to_Hayao.jpg","14153","0.013497","2026/4/5 23:49:29"
"45\45_01_golden_funnel\full_eval\epoch_0030\images\vangogh_00167_to_monet.jpg","14991","0.014297","2026/4/5 23:49:30"
"45\45_01_golden_funnel\full_eval\epoch_0030\images\vangogh_00167_to_photo.jpg","15005","0.01431","2026/4/5 23:49:28"
"45\45_01_golden_funnel\full_eval\epoch_0030\images\vangogh_00167_to_vangogh.jpg","15699","0.014972","2026/4/5 23:49:32"
"45\45_01_golden_funnel\full_eval\epoch_0030\images\vangogh_00169_to_cezanne.jpg","18016","0.017181","2026/4/5 23:49:26"
"45\45_01_golden_funnel\full_eval\epoch_0030\images\vangogh_00169_to_Hayao.jpg","17513","0.016702","2026/4/5 23:49:22"
"45\45_01_golden_funnel\full_eval\epoch_0030\images\vangogh_00169_to_monet.jpg","17881","0.017053","2026/4/5 23:49:23"
"45\45_01_golden_funnel\full_eval\epoch_0030\images\vangogh_00169_to_photo.jpg","18318","0.017469","2026/4/5 23:49:21"
"45\45_01_golden_funnel\full_eval\epoch_0030\images\vangogh_00169_to_vangogh.jpg","18654","0.01779","2026/4/5 23:49:25"
"45\45_01_golden_funnel\full_eval\epoch_0030\images\vangogh_00177_to_cezanne.jpg","17029","0.01624","2026/4/5 23:49:33"
"45\45_01_golden_funnel\full_eval\epoch_0030\images\vangogh_00177_to_Hayao.jpg","16033","0.01529","2026/4/5 23:49:29"
"45\45_01_golden_funnel\full_eval\epoch_0030\images\vangogh_00177_to_monet.jpg","17059","0.016269","2026/4/5 23:49:30"
"45\45_01_golden_funnel\full_eval\epoch_0030\images\vangogh_00177_to_photo.jpg","17013","0.016225","2026/4/5 23:49:28"
"45\45_01_golden_funnel\full_eval\epoch_0030\images\vangogh_00177_to_vangogh.jpg","17749","0.016927","2026/4/5 23:49:32"
"45\45_01_golden_funnel\full_eval\epoch_0030\images\vangogh_00202_to_cezanne.jpg","17902","0.017073","2026/4/5 23:49:26"
"45\45_01_golden_funnel\full_eval\epoch_0030\images\vangogh_00202_to_Hayao.jpg","16673","0.015901","2026/4/5 23:49:22"
"45\45_01_golden_funnel\full_eval\epoch_0030\images\vangogh_00202_to_monet.jpg","17431","0.016623","2026/4/5 23:49:23"
"45\45_01_golden_funnel\full_eval\epoch_0030\images\vangogh_00202_to_photo.jpg","17362","0.016558","2026/4/5 23:49:21"
"45\45_01_golden_funnel\full_eval\epoch_0030\images\vangogh_00202_to_vangogh.jpg","18171","0.017329","2026/4/5 23:49:25"
"45\45_01_golden_funnel\full_eval\epoch_0030\images\vangogh_00220_to_cezanne.jpg","16596","0.015827","2026/4/5 23:49:33"
"45\45_01_golden_funnel\full_eval\epoch_0030\images\vangogh_00220_to_Hayao.jpg","15582","0.01486","2026/4/5 23:49:29"
"45\45_01_golden_funnel\full_eval\epoch_0030\images\vangogh_00220_to_monet.jpg","16827","0.016047","2026/4/5 23:49:30"
"45\45_01_golden_funnel\full_eval\epoch_0030\images\vangogh_00220_to_photo.jpg","16640","0.015869","2026/4/5 23:49:28"
"45\45_01_golden_funnel\full_eval\epoch_0030\images\vangogh_00220_to_vangogh.jpg","17661","0.016843","2026/4/5 23:49:32"
"45\45_01_golden_funnel\full_eval\epoch_0030\images\vangogh_00243_to_cezanne.jpg","16884","0.016102","2026/4/5 23:49:26"
"45\45_01_golden_funnel\full_eval\epoch_0030\images\vangogh_00243_to_Hayao.jpg","16971","0.016185","2026/4/5 23:49:22"
"45\45_01_golden_funnel\full_eval\epoch_0030\images\vangogh_00243_to_monet.jpg","16939","0.016154","2026/4/5 23:49:23"
"45\45_01_golden_funnel\full_eval\epoch_0030\images\vangogh_00243_to_photo.jpg","17158","0.016363","2026/4/5 23:49:21"
"45\45_01_golden_funnel\full_eval\epoch_0030\images\vangogh_00243_to_vangogh.jpg","18228","0.017384","2026/4/5 23:49:25"
"45\45_01_golden_funnel\full_eval\epoch_0030\images\vangogh_00264_to_cezanne.jpg","17575","0.016761","2026/4/5 23:49:33"
"45\45_01_golden_funnel\full_eval\epoch_0030\images\vangogh_00264_to_Hayao.jpg","16523","0.015758","2026/4/5 23:49:29"
"45\45_01_golden_funnel\full_eval\epoch_0030\images\vangogh_00264_to_monet.jpg","17532","0.01672","2026/4/5 23:49:30"
"45\45_01_golden_funnel\full_eval\epoch_0030\images\vangogh_00264_to_photo.jpg","17327","0.016524","2026/4/5 23:49:28"
"45\45_01_golden_funnel\full_eval\epoch_0030\images\vangogh_00264_to_vangogh.jpg","18432","0.017578","2026/4/5 23:49:32"
"45\45_01_golden_funnel\full_eval\epoch_0030\images\vangogh_00272_to_cezanne.jpg","17703","0.016883","2026/4/5 23:49:33"
"45\45_01_golden_funnel\full_eval\epoch_0030\images\vangogh_00272_to_Hayao.jpg","16945","0.01616","2026/4/5 23:49:29"
"45\45_01_golden_funnel\full_eval\epoch_0030\images\vangogh_00272_to_monet.jpg","18155","0.017314","2026/4/5 23:49:30"
"45\45_01_golden_funnel\full_eval\epoch_0030\images\vangogh_00272_to_photo.jpg","18281","0.017434","2026/4/5 23:49:28"
"45\45_01_golden_funnel\full_eval\epoch_0030\images\vangogh_00272_to_vangogh.jpg","18651","0.017787","2026/4/5 23:49:32"
"45\45_01_golden_funnel\full_eval\epoch_0030\images\vangogh_00277_to_cezanne.jpg","16570","0.015802","2026/4/5 23:49:33"
"45\45_01_golden_funnel\full_eval\epoch_0030\images\vangogh_00277_to_Hayao.jpg","15424","0.014709","2026/4/5 23:49:29"
"45\45_01_golden_funnel\full_eval\epoch_0030\images\vangogh_00277_to_monet.jpg","15513","0.014794","2026/4/5 23:49:30"
"45\45_01_golden_funnel\full_eval\epoch_0030\images\vangogh_00277_to_photo.jpg","15576","0.014854","2026/4/5 23:49:28"
"45\45_01_golden_funnel\full_eval\epoch_0030\images\vangogh_00277_to_vangogh.jpg","15873","0.015138","2026/4/5 23:49:32"
"45\45_01_golden_funnel\full_eval\epoch_0030\images\vangogh_00289_to_cezanne.jpg","17800","0.016975","2026/4/5 23:49:26"
"45\45_01_golden_funnel\full_eval\epoch_0030\images\vangogh_00289_to_Hayao.jpg","17980","0.017147","2026/4/5 23:49:22"
"45\45_01_golden_funnel\full_eval\epoch_0030\images\vangogh_00289_to_monet.jpg","18388","0.017536","2026/4/5 23:49:23"
"45\45_01_golden_funnel\full_eval\epoch_0030\images\vangogh_00289_to_photo.jpg","18599","0.017737","2026/4/5 23:49:21"
"45\45_01_golden_funnel\full_eval\epoch_0030\images\vangogh_00289_to_vangogh.jpg","18905","0.018029","2026/4/5 23:49:25"
"45\45_01_golden_funnel\full_eval\epoch_0030\images\vangogh_00292_to_cezanne.jpg","15944","0.015205","2026/4/5 23:49:33"
"45\45_01_golden_funnel\full_eval\epoch_0030\images\vangogh_00292_to_Hayao.jpg","15315","0.014606","2026/4/5 23:49:29"
"45\45_01_golden_funnel\full_eval\epoch_0030\images\vangogh_00292_to_monet.jpg","16866","0.016085","2026/4/5 23:49:30"
"45\45_01_golden_funnel\full_eval\epoch_0030\images\vangogh_00292_to_photo.jpg","16948","0.016163","2026/4/5 23:49:28"
"45\45_01_golden_funnel\full_eval\epoch_0030\images\vangogh_00292_to_vangogh.jpg","17552","0.016739","2026/4/5 23:49:32"
"45\45_01_golden_funnel\full_eval\epoch_0030\images\vangogh_00295_to_cezanne.jpg","17993","0.017159","2026/4/5 23:49:26"
"45\45_01_golden_funnel\full_eval\epoch_0030\images\vangogh_00295_to_Hayao.jpg","17526","0.016714","2026/4/5 23:49:22"
"45\45_01_golden_funnel\full_eval\epoch_0030\images\vangogh_00295_to_monet.jpg","17858","0.017031","2026/4/5 23:49:23"
"45\45_01_golden_funnel\full_eval\epoch_0030\images\vangogh_00295_to_photo.jpg","17761","0.016938","2026/4/5 23:49:21"
"45\45_01_golden_funnel\full_eval\epoch_0030\images\vangogh_00295_to_vangogh.jpg","18447","0.017592","2026/4/5 23:49:25"
"45\45_01_golden_funnel\full_eval\epoch_0030\images\vangogh_00321_to_cezanne.jpg","17024","0.016235","2026/4/5 23:49:26"
"45\45_01_golden_funnel\full_eval\epoch_0030\images\vangogh_00321_to_Hayao.jpg","16192","0.015442","2026/4/5 23:49:22"
"45\45_01_golden_funnel\full_eval\epoch_0030\images\vangogh_00321_to_monet.jpg","16470","0.015707","2026/4/5 23:49:23"
"45\45_01_golden_funnel\full_eval\epoch_0030\images\vangogh_00321_to_photo.jpg","16873","0.016091","2026/4/5 23:49:21"
"45\45_01_golden_funnel\full_eval\epoch_0030\images\vangogh_00321_to_vangogh.jpg","17227","0.016429","2026/4/5 23:49:25"
"45\45_01_golden_funnel\full_eval\epoch_0030\images\vangogh_00352_to_cezanne.jpg","16118","0.015371","2026/4/5 23:49:33"
"45\45_01_golden_funnel\full_eval\epoch_0030\images\vangogh_00352_to_Hayao.jpg","15257","0.01455","2026/4/5 23:49:29"
"45\45_01_golden_funnel\full_eval\epoch_0030\images\vangogh_00352_to_monet.jpg","16108","0.015362","2026/4/5 23:49:30"
"45\45_01_golden_funnel\full_eval\epoch_0030\images\vangogh_00352_to_photo.jpg","16425","0.015664","2026/4/5 23:49:28"
"45\45_01_golden_funnel\full_eval\epoch_0030\images\vangogh_00352_to_vangogh.jpg","17007","0.016219","2026/4/5 23:49:32"
"45\45_01_golden_funnel\full_eval\epoch_0030\images\vangogh_00412_to_cezanne.jpg","17765","0.016942","2026/4/5 23:49:26"
"45\45_01_golden_funnel\full_eval\epoch_0030\images\vangogh_00412_to_Hayao.jpg","16703","0.015929","2026/4/5 23:49:22"
"45\45_01_golden_funnel\full_eval\epoch_0030\images\vangogh_00412_to_monet.jpg","17122","0.016329","2026/4/5 23:49:23"
"45\45_01_golden_funnel\full_eval\epoch_0030\images\vangogh_00412_to_photo.jpg","17802","0.016977","2026/4/5 23:49:21"
"45\45_01_golden_funnel\full_eval\epoch_0030\images\vangogh_00412_to_vangogh.jpg","17863","0.017035","2026/4/5 23:49:25"
"45\45_01_golden_funnel\full_eval\epoch_0030\images\vangogh_00418_to_cezanne.jpg","17919","0.017089","2026/4/5 23:49:33"
"45\45_01_golden_funnel\full_eval\epoch_0030\images\vangogh_00418_to_Hayao.jpg","17604","0.016788","2026/4/5 23:49:29"
"45\45_01_golden_funnel\full_eval\epoch_0030\images\vangogh_00418_to_monet.jpg","17661","0.016843","2026/4/5 23:49:30"
"45\45_01_golden_funnel\full_eval\epoch_0030\images\vangogh_00418_to_photo.jpg","17810","0.016985","2026/4/5 23:49:28"
"45\45_01_golden_funnel\full_eval\epoch_0030\images\vangogh_00418_to_vangogh.jpg","18457","0.017602","2026/4/5 23:49:32"
"45\45_01_golden_funnel\full_eval\epoch_0030\images\vangogh_00427_to_cezanne.jpg","17659","0.016841","2026/4/5 23:49:33"
"45\45_01_golden_funnel\full_eval\epoch_0030\images\vangogh_00427_to_Hayao.jpg","17235","0.016437","2026/4/5 23:49:29"
"45\45_01_golden_funnel\full_eval\epoch_0030\images\vangogh_00427_to_monet.jpg","17745","0.016923","2026/4/5 23:49:30"
"45\45_01_golden_funnel\full_eval\epoch_0030\images\vangogh_00427_to_photo.jpg","17816","0.016991","2026/4/5 23:49:28"
"45\45_01_golden_funnel\full_eval\epoch_0030\images\vangogh_00427_to_vangogh.jpg","18100","0.017262","2026/4/5 23:49:32"
"45\45_01_golden_funnel\full_eval\epoch_0030\images\vangogh_00436_to_cezanne.jpg","18163","0.017322","2026/4/5 23:49:33"
"45\45_01_golden_funnel\full_eval\epoch_0030\images\vangogh_00436_to_Hayao.jpg","17035","0.016246","2026/4/5 23:49:29"
"45\45_01_golden_funnel\full_eval\epoch_0030\images\vangogh_00436_to_monet.jpg","17904","0.017075","2026/4/5 23:49:30"
"45\45_01_golden_funnel\full_eval\epoch_0030\images\vangogh_00436_to_photo.jpg","17851","0.017024","2026/4/5 23:49:28"
"45\45_01_golden_funnel\full_eval\epoch_0030\images\vangogh_00436_to_vangogh.jpg","18808","0.017937","2026/4/5 23:49:32"
"45\45_01_golden_funnel\full_eval\epoch_0030\images\vangogh_00455_to_cezanne.jpg","17375","0.01657","2026/4/5 23:49:33"
"45\45_01_golden_funnel\full_eval\epoch_0030\images\vangogh_00455_to_Hayao.jpg","16699","0.015925","2026/4/5 23:49:29"
"45\45_01_golden_funnel\full_eval\epoch_0030\images\vangogh_00455_to_monet.jpg","17020","0.016232","2026/4/5 23:49:30"
"45\45_01_golden_funnel\full_eval\epoch_0030\images\vangogh_00455_to_photo.jpg","17580","0.016766","2026/4/5 23:49:28"
"45\45_01_golden_funnel\full_eval\epoch_0030\images\vangogh_00455_to_vangogh.jpg","17886","0.017057","2026/4/5 23:49:32"
"45\45_01_golden_funnel\full_eval\epoch_0030\images\vangogh_00519_to_cezanne.jpg","17385","0.01658","2026/4/5 23:49:33"
"45\45_01_golden_funnel\full_eval\epoch_0030\images\vangogh_00519_to_Hayao.jpg","16768","0.015991","2026/4/5 23:49:29"
"45\45_01_golden_funnel\full_eval\epoch_0030\images\vangogh_00519_to_monet.jpg","17386","0.016581","2026/4/5 23:49:30"
"45\45_01_golden_funnel\full_eval\epoch_0030\images\vangogh_00519_to_photo.jpg","17531","0.016719","2026/4/5 23:49:28"
"45\45_01_golden_funnel\full_eval\epoch_0030\images\vangogh_00519_to_vangogh.jpg","18189","0.017346","2026/4/5 23:49:32"
"45\45_01_golden_funnel\full_eval\epoch_0030\images\vangogh_00528_to_cezanne.jpg","15536","0.014816","2026/4/5 23:49:33"
"45\45_01_golden_funnel\full_eval\epoch_0030\images\vangogh_00528_to_Hayao.jpg","14532","0.013859","2026/4/5 23:49:29"
"45\45_01_golden_funnel\full_eval\epoch_0030\images\vangogh_00528_to_monet.jpg","16214","0.015463","2026/4/5 23:49:30"
"45\45_01_golden_funnel\full_eval\epoch_0030\images\vangogh_00528_to_photo.jpg","16732","0.015957","2026/4/5 23:49:28"
"45\45_01_golden_funnel\full_eval\epoch_0030\images\vangogh_00528_to_vangogh.jpg","16869","0.016088","2026/4/5 23:49:32"
"45\45_01_golden_funnel\full_eval\epoch_0030\images\vangogh_00557_to_cezanne.jpg","16600","0.015831","2026/4/5 23:49:33"
"45\45_01_golden_funnel\full_eval\epoch_0030\images\vangogh_00557_to_Hayao.jpg","15184","0.014481","2026/4/5 23:49:29"
"45\45_01_golden_funnel\full_eval\epoch_0030\images\vangogh_00557_to_monet.jpg","16216","0.015465","2026/4/5 23:49:30"
"45\45_01_golden_funnel\full_eval\epoch_0030\images\vangogh_00557_to_photo.jpg","16250","0.015497","2026/4/5 23:49:28"
"45\45_01_golden_funnel\full_eval\epoch_0030\images\vangogh_00557_to_vangogh.jpg","17122","0.016329","2026/4/5 23:49:32"
"45\45_01_golden_funnel\full_eval\epoch_0030\images\vangogh_00561_to_cezanne.jpg","16334","0.015577","2026/4/5 23:49:33"
"45\45_01_golden_funnel\full_eval\epoch_0030\images\vangogh_00561_to_Hayao.jpg","15495","0.014777","2026/4/5 23:49:29"
"45\45_01_golden_funnel\full_eval\epoch_0030\images\vangogh_00561_to_monet.jpg","16854","0.016073","2026/4/5 23:49:30"
"45\45_01_golden_funnel\full_eval\epoch_0030\images\vangogh_00561_to_photo.jpg","16943","0.016158","2026/4/5 23:49:28"
"45\45_01_golden_funnel\full_eval\epoch_0030\images\vangogh_00561_to_vangogh.jpg","17738","0.016916","2026/4/5 23:49:32"
"45\45_01_golden_funnel\full_eval\epoch_0030\images\vangogh_00573_to_cezanne.jpg","18439","0.017585","2026/4/5 23:49:33"
"45\45_01_golden_funnel\full_eval\epoch_0030\images\vangogh_00573_to_Hayao.jpg","18068","0.017231","2026/4/5 23:49:29"
"45\45_01_golden_funnel\full_eval\epoch_0030\images\vangogh_00573_to_monet.jpg","18565","0.017705","2026/4/5 23:49:30"
"45\45_01_golden_funnel\full_eval\epoch_0030\images\vangogh_00573_to_photo.jpg","18098","0.01726","2026/4/5 23:49:28"
"45\45_01_golden_funnel\full_eval\epoch_0030\images\vangogh_00573_to_vangogh.jpg","18800","0.017929","2026/4/5 23:49:32"
"45\45_01_golden_funnel\full_eval\epoch_0030\images\vangogh_00668_to_cezanne.jpg","18016","0.017181","2026/4/5 23:49:26"
"45\45_01_golden_funnel\full_eval\epoch_0030\images\vangogh_00668_to_Hayao.jpg","17167","0.016372","2026/4/5 23:49:22"
"45\45_01_golden_funnel\full_eval\epoch_0030\images\vangogh_00668_to_monet.jpg","18125","0.017285","2026/4/5 23:49:23"
"45\45_01_golden_funnel\full_eval\epoch_0030\images\vangogh_00668_to_photo.jpg","18012","0.017178","2026/4/5 23:49:21"
"45\45_01_golden_funnel\full_eval\epoch_0030\images\vangogh_00668_to_vangogh.jpg","19678","0.018766","2026/4/5 23:49:25"
"45\45_01_golden_funnel\full_eval\epoch_0030\images\vangogh_00681_to_cezanne.jpg","18390","0.017538","2026/4/5 23:49:33"
"45\45_01_golden_funnel\full_eval\epoch_0030\images\vangogh_00681_to_Hayao.jpg","17189","0.016393","2026/4/5 23:49:29"
"45\45_01_golden_funnel\full_eval\epoch_0030\images\vangogh_00681_to_monet.jpg","18373","0.017522","2026/4/5 23:49:30"
"45\45_01_golden_funnel\full_eval\epoch_0030\images\vangogh_00681_to_photo.jpg","18557","0.017697","2026/4/5 23:49:28"
"45\45_01_golden_funnel\full_eval\epoch_0030\images\vangogh_00681_to_vangogh.jpg","19459","0.018558","2026/4/5 23:49:32"
"45\45_01_golden_funnel\full_eval\epoch_0030_tokenized_distill_epochs200\metrics.csv","97609","0.093087","2026/4/5 23:53:58"
"45\45_01_golden_funnel\full_eval\epoch_0030_tokenized_distill_epochs200\summary.json","20432","0.019485","2026/4/5 23:54:00"
"45\45_01_golden_funnel\full_eval\epoch_0030_tokenized_distill_epochs200\summary_grid.png","3084858","2.94195","2026/4/5 23:54:02"
"45\45_01_golden_funnel\full_eval\epoch_0030_tokenized_distill_epochs200\images\cezanne_00057_to_cezanne.jpg","17069","0.016278","2026/4/5 23:53:33"
"45\45_01_golden_funnel\full_eval\epoch_0030_tokenized_distill_epochs200\images\cezanne_00057_to_Hayao.jpg","16828","0.016048","2026/4/5 23:53:32"
"45\45_01_golden_funnel\full_eval\epoch_0030_tokenized_distill_epochs200\images\cezanne_00057_to_monet.jpg","17157","0.016362","2026/4/5 23:53:32"
"45\45_01_golden_funnel\full_eval\epoch_0030_tokenized_distill_epochs200\images\cezanne_00057_to_photo.jpg","17322","0.01652","2026/4/5 23:53:32"
"45\45_01_golden_funnel\full_eval\epoch_0030_tokenized_distill_epochs200\images\cezanne_00057_to_vangogh.jpg","17397","0.016591","2026/4/5 23:53:32"
"45\45_01_golden_funnel\full_eval\epoch_0030_tokenized_distill_epochs200\images\cezanne_00104_to_cezanne.jpg","17281","0.01648","2026/4/5 23:53:31"
"45\45_01_golden_funnel\full_eval\epoch_0030_tokenized_distill_epochs200\images\cezanne_00104_to_Hayao.jpg","17234","0.016436","2026/4/5 23:53:31"
"45\45_01_golden_funnel\full_eval\epoch_0030_tokenized_distill_epochs200\images\cezanne_00104_to_monet.jpg","17534","0.016722","2026/4/5 23:53:31"
"45\45_01_golden_funnel\full_eval\epoch_0030_tokenized_distill_epochs200\images\cezanne_00104_to_photo.jpg","17526","0.016714","2026/4/5 23:53:31"
"45\45_01_golden_funnel\full_eval\epoch_0030_tokenized_distill_epochs200\images\cezanne_00104_to_vangogh.jpg","17509","0.016698","2026/4/5 23:53:31"
"45\45_01_golden_funnel\full_eval\epoch_0030_tokenized_distill_epochs200\images\cezanne_00123_to_cezanne.jpg","17614","0.016798","2026/4/5 23:53:29"
"45\45_01_golden_funnel\full_eval\epoch_0030_tokenized_distill_epochs200\images\cezanne_00123_to_Hayao.jpg","16928","0.016144","2026/4/5 23:53:28"
"45\45_01_golden_funnel\full_eval\epoch_0030_tokenized_distill_epochs200\images\cezanne_00123_to_monet.jpg","17643","0.016826","2026/4/5 23:53:29"
"45\45_01_golden_funnel\full_eval\epoch_0030_tokenized_distill_epochs200\images\cezanne_00123_to_photo.jpg","17648","0.01683","2026/4/5 23:53:28"
"45\45_01_golden_funnel\full_eval\epoch_0030_tokenized_distill_epochs200\images\cezanne_00123_to_vangogh.jpg","17718","0.016897","2026/4/5 23:53:29"
"45\45_01_golden_funnel\full_eval\epoch_0030_tokenized_distill_epochs200\images\cezanne_00204_to_cezanne.jpg","17710","0.01689","2026/4/5 23:53:29"
"45\45_01_golden_funnel\full_eval\epoch_0030_tokenized_distill_epochs200\images\cezanne_00204_to_Hayao.jpg","17442","0.016634","2026/4/5 23:53:28"
"45\45_01_golden_funnel\full_eval\epoch_0030_tokenized_distill_epochs200\images\cezanne_00204_to_monet.jpg","17486","0.016676","2026/4/5 23:53:29"
"45\45_01_golden_funnel\full_eval\epoch_0030_tokenized_distill_epochs200\images\cezanne_00204_to_photo.jpg","17797","0.016973","2026/4/5 23:53:28"
"45\45_01_golden_funnel\full_eval\epoch_0030_tokenized_distill_epochs200\images\cezanne_00204_to_vangogh.jpg","17776","0.016953","2026/4/5 23:53:29"
"45\45_01_golden_funnel\full_eval\epoch_0030_tokenized_distill_epochs200\images\cezanne_00212_to_cezanne.jpg","16627","0.015857","2026/4/5 23:53:33"
"45\45_01_golden_funnel\full_eval\epoch_0030_tokenized_distill_epochs200\images\cezanne_00212_to_Hayao.jpg","16591","0.015822","2026/4/5 23:53:32"
"45\45_01_golden_funnel\full_eval\epoch_0030_tokenized_distill_epochs200\images\cezanne_00212_to_monet.jpg","17221","0.016423","2026/4/5 23:53:32"
"45\45_01_golden_funnel\full_eval\epoch_0030_tokenized_distill_epochs200\images\cezanne_00212_to_photo.jpg","16884","0.016102","2026/4/5 23:53:32"
"45\45_01_golden_funnel\full_eval\epoch_0030_tokenized_distill_epochs200\images\cezanne_00212_to_vangogh.jpg","17380","0.016575","2026/4/5 23:53:32"
"45\45_01_golden_funnel\full_eval\epoch_0030_tokenized_distill_epochs200\images\cezanne_00219_to_cezanne.jpg","16678","0.015905","2026/4/5 23:53:28"
"45\45_01_golden_funnel\full_eval\epoch_0030_tokenized_distill_epochs200\images\cezanne_00219_to_Hayao.jpg","16482","0.015718","2026/4/5 23:53:27"
"45\45_01_golden_funnel\full_eval\epoch_0030_tokenized_distill_epochs200\images\cezanne_00219_to_monet.jpg","17314","0.016512","2026/4/5 23:53:28"
"45\45_01_golden_funnel\full_eval\epoch_0030_tokenized_distill_epochs200\images\cezanne_00219_to_photo.jpg","17004","0.016216","2026/4/5 23:53:27"
"45\45_01_golden_funnel\full_eval\epoch_0030_tokenized_distill_epochs200\images\cezanne_00219_to_vangogh.jpg","17135","0.016341","2026/4/5 23:53:28"
"45\45_01_golden_funnel\full_eval\epoch_0030_tokenized_distill_epochs200\images\cezanne_00223_to_cezanne.jpg","17107","0.016315","2026/4/5 23:53:31"
"45\45_01_golden_funnel\full_eval\epoch_0030_tokenized_distill_epochs200\images\cezanne_00223_to_Hayao.jpg","16336","0.015579","2026/4/5 23:53:31"
"45\45_01_golden_funnel\full_eval\epoch_0030_tokenized_distill_epochs200\images\cezanne_00223_to_monet.jpg","16979","0.016192","2026/4/5 23:53:31"
"45\45_01_golden_funnel\full_eval\epoch_0030_tokenized_distill_epochs200\images\cezanne_00223_to_photo.jpg","17289","0.016488","2026/4/5 23:53:31"
"45\45_01_golden_funnel\full_eval\epoch_0030_tokenized_distill_epochs200\images\cezanne_00223_to_vangogh.jpg","16979","0.016192","2026/4/5 23:53:31"
"45\45_01_golden_funnel\full_eval\epoch_0030_tokenized_distill_epochs200\images\cezanne_00263_to_cezanne.jpg","16584","0.015816","2026/4/5 23:53:30"
"45\45_01_golden_funnel\full_eval\epoch_0030_tokenized_distill_epochs200\images\cezanne_00263_to_Hayao.jpg","16204","0.015453","2026/4/5 23:53:30"
"45\45_01_golden_funnel\full_eval\epoch_0030_tokenized_distill_epochs200\images\cezanne_00263_to_monet.jpg","16699","0.015925","2026/4/5 23:53:30"
"45\45_01_golden_funnel\full_eval\epoch_0030_tokenized_distill_epochs200\images\cezanne_00263_to_photo.jpg","16618","0.015848","2026/4/5 23:53:29"
"45\45_01_golden_funnel\full_eval\epoch_0030_tokenized_distill_epochs200\images\cezanne_00263_to_vangogh.jpg","16273","0.015519","2026/4/5 23:53:30"
"45\45_01_golden_funnel\full_eval\epoch_0030_tokenized_distill_epochs200\images\cezanne_00271_to_cezanne.jpg","15835","0.015101","2026/4/5 23:53:34"
"45\45_01_golden_funnel\full_eval\epoch_0030_tokenized_distill_epochs200\images\cezanne_00271_to_Hayao.jpg","15653","0.014928","2026/4/5 23:53:33"
"45\45_01_golden_funnel\full_eval\epoch_0030_tokenized_distill_epochs200\images\cezanne_00271_to_monet.jpg","16377","0.015618","2026/4/5 23:53:33"
"45\45_01_golden_funnel\full_eval\epoch_0030_tokenized_distill_epochs200\images\cezanne_00271_to_photo.jpg","16453","0.015691","2026/4/5 23:53:33"
"45\45_01_golden_funnel\full_eval\epoch_0030_tokenized_distill_epochs200\images\cezanne_00271_to_vangogh.jpg","16841","0.016061","2026/4/5 23:53:34"
"45\45_01_golden_funnel\full_eval\epoch_0030_tokenized_distill_epochs200\images\cezanne_00275_to_cezanne.jpg","16954","0.016169","2026/4/5 23:53:28"
"45\45_01_golden_funnel\full_eval\epoch_0030_tokenized_distill_epochs200\images\cezanne_00275_to_Hayao.jpg","16735","0.01596","2026/4/5 23:53:27"
"45\45_01_golden_funnel\full_eval\epoch_0030_tokenized_distill_epochs200\images\cezanne_00275_to_monet.jpg","17392","0.016586","2026/4/5 23:53:28"
"45\45_01_golden_funnel\full_eval\epoch_0030_tokenized_distill_epochs200\images\cezanne_00275_to_photo.jpg","17554","0.016741","2026/4/5 23:53:27"
"45\45_01_golden_funnel\full_eval\epoch_0030_tokenized_distill_epochs200\images\cezanne_00275_to_vangogh.jpg","17789","0.016965","2026/4/5 23:53:28"
"45\45_01_golden_funnel\full_eval\epoch_0030_tokenized_distill_epochs200\images\cezanne_00286_to_cezanne.jpg","17192","0.016396","2026/4/5 23:53:35"
"45\45_01_golden_funnel\full_eval\epoch_0030_tokenized_distill_epochs200\images\cezanne_00286_to_Hayao.jpg","16575","0.015807","2026/4/5 23:53:34"
"45\45_01_golden_funnel\full_eval\epoch_0030_tokenized_distill_epochs200\images\cezanne_00286_to_monet.jpg","17074","0.016283","2026/4/5 23:53:34"
"45\45_01_golden_funnel\full_eval\epoch_0030_tokenized_distill_epochs200\images\cezanne_00286_to_photo.jpg","16772","0.015995","2026/4/5 23:53:34"
"45\45_01_golden_funnel\full_eval\epoch_0030_tokenized_distill_epochs200\images\cezanne_00286_to_vangogh.jpg","17214","0.016417","2026/4/5 23:53:35"
"45\45_01_golden_funnel\full_eval\epoch_0030_tokenized_distill_epochs200\images\cezanne_00298_to_cezanne.jpg","17375","0.01657","2026/4/5 23:53:30"
"45\45_01_golden_funnel\full_eval\epoch_0030_tokenized_distill_epochs200\images\cezanne_00298_to_Hayao.jpg","17201","0.016404","2026/4/5 23:53:30"
"45\45_01_golden_funnel\full_eval\epoch_0030_tokenized_distill_epochs200\images\cezanne_00298_to_monet.jpg","17471","0.016662","2026/4/5 23:53:30"
"45\45_01_golden_funnel\full_eval\epoch_0030_tokenized_distill_epochs200\images\cezanne_00298_to_photo.jpg","17592","0.016777","2026/4/5 23:53:29"
"45\45_01_golden_funnel\full_eval\epoch_0030_tokenized_distill_epochs200\images\cezanne_00298_to_vangogh.jpg","17700","0.01688","2026/4/5 23:53:30"
"45\45_01_golden_funnel\full_eval\epoch_0030_tokenized_distill_epochs200\images\cezanne_00303_to_cezanne.jpg","15907","0.01517","2026/4/5 23:53:36"
"45\45_01_golden_funnel\full_eval\epoch_0030_tokenized_distill_epochs200\images\cezanne_00303_to_Hayao.jpg","15544","0.014824","2026/4/5 23:53:35"
"45\45_01_golden_funnel\full_eval\epoch_0030_tokenized_distill_epochs200\images\cezanne_00303_to_monet.jpg","16472","0.015709","2026/4/5 23:53:35"
"45\45_01_golden_funnel\full_eval\epoch_0030_tokenized_distill_epochs200\images\cezanne_00303_to_photo.jpg","15988","0.015247","2026/4/5 23:53:35"
"45\45_01_golden_funnel\full_eval\epoch_0030_tokenized_distill_epochs200\images\cezanne_00303_to_vangogh.jpg","16955","0.01617","2026/4/5 23:53:35"
"45\45_01_golden_funnel\full_eval\epoch_0030_tokenized_distill_epochs200\images\cezanne_00332_to_cezanne.jpg","17127","0.016334","2026/4/5 23:53:28"
"45\45_01_golden_funnel\full_eval\epoch_0030_tokenized_distill_epochs200\images\cezanne_00332_to_Hayao.jpg","16987","0.0162","2026/4/5 23:53:27"
"45\45_01_golden_funnel\full_eval\epoch_0030_tokenized_distill_epochs200\images\cezanne_00332_to_monet.jpg","17421","0.016614","2026/4/5 23:53:28"
"45\45_01_golden_funnel\full_eval\epoch_0030_tokenized_distill_epochs200\images\cezanne_00332_to_photo.jpg","17536","0.016724","2026/4/5 23:53:27"
"45\45_01_golden_funnel\full_eval\epoch_0030_tokenized_distill_epochs200\images\cezanne_00332_to_vangogh.jpg","18205","0.017362","2026/4/5 23:53:28"
"45\45_01_golden_funnel\full_eval\epoch_0030_tokenized_distill_epochs200\images\cezanne_00335_to_cezanne.jpg","17444","0.016636","2026/4/5 23:53:33"
"45\45_01_golden_funnel\full_eval\epoch_0030_tokenized_distill_epochs200\images\cezanne_00335_to_Hayao.jpg","17238","0.016439","2026/4/5 23:53:32"
"45\45_01_golden_funnel\full_eval\epoch_0030_tokenized_distill_epochs200\images\cezanne_00335_to_monet.jpg","17806","0.016981","2026/4/5 23:53:32"
"45\45_01_golden_funnel\full_eval\epoch_0030_tokenized_distill_epochs200\images\cezanne_00335_to_photo.jpg","17571","0.016757","2026/4/5 23:53:32"
"45\45_01_golden_funnel\full_eval\epoch_0030_tokenized_distill_epochs200\images\cezanne_00335_to_vangogh.jpg","18177","0.017335","2026/4/5 23:53:32"
"45\45_01_golden_funnel\full_eval\epoch_0030_tokenized_distill_epochs200\images\cezanne_00342_to_cezanne.jpg","16284","0.01553","2026/4/5 23:53:28"
"45\45_01_golden_funnel\full_eval\epoch_0030_tokenized_distill_epochs200\images\cezanne_00342_to_Hayao.jpg","16148","0.0154","2026/4/5 23:53:27"
"45\45_01_golden_funnel\full_eval\epoch_0030_tokenized_distill_epochs200\images\cezanne_00342_to_monet.jpg","16706","0.015932","2026/4/5 23:53:28"
"45\45_01_golden_funnel\full_eval\epoch_0030_tokenized_distill_epochs200\images\cezanne_00342_to_photo.jpg","16399","0.015639","2026/4/5 23:53:27"
"45\45_01_golden_funnel\full_eval\epoch_0030_tokenized_distill_epochs200\images\cezanne_00342_to_vangogh.jpg","17363","0.016559","2026/4/5 23:53:28"
"45\45_01_golden_funnel\full_eval\epoch_0030_tokenized_distill_epochs200\images\cezanne_00348_to_cezanne.jpg","16790","0.016012","2026/4/5 23:53:29"
"45\45_01_golden_funnel\full_eval\epoch_0030_tokenized_distill_epochs200\images\cezanne_00348_to_Hayao.jpg","16351","0.015594","2026/4/5 23:53:28"
"45\45_01_golden_funnel\full_eval\epoch_0030_tokenized_distill_epochs200\images\cezanne_00348_to_monet.jpg","16572","0.015804","2026/4/5 23:53:29"
"45\45_01_golden_funnel\full_eval\epoch_0030_tokenized_distill_epochs200\images\cezanne_00348_to_photo.jpg","16911","0.016128","2026/4/5 23:53:28"
"45\45_01_golden_funnel\full_eval\epoch_0030_tokenized_distill_epochs200\images\cezanne_00348_to_vangogh.jpg","17228","0.01643","2026/4/5 23:53:29"
"45\45_01_golden_funnel\full_eval\epoch_0030_tokenized_distill_epochs200\images\cezanne_00375_to_cezanne.jpg","17109","0.016316","2026/4/5 23:53:35"
"45\45_01_golden_funnel\full_eval\epoch_0030_tokenized_distill_epochs200\images\cezanne_00375_to_Hayao.jpg","16890","0.016108","2026/4/5 23:53:34"
"45\45_01_golden_funnel\full_eval\epoch_0030_tokenized_distill_epochs200\images\cezanne_00375_to_monet.jpg","17091","0.016299","2026/4/5 23:53:34"
"45\45_01_golden_funnel\full_eval\epoch_0030_tokenized_distill_epochs200\images\cezanne_00375_to_photo.jpg","17122","0.016329","2026/4/5 23:53:34"
"45\45_01_golden_funnel\full_eval\epoch_0030_tokenized_distill_epochs200\images\cezanne_00375_to_vangogh.jpg","17299","0.016498","2026/4/5 23:53:35"
"45\45_01_golden_funnel\full_eval\epoch_0030_tokenized_distill_epochs200\images\cezanne_00379_to_cezanne.jpg","17378","0.016573","2026/4/5 23:53:30"
"45\45_01_golden_funnel\full_eval\epoch_0030_tokenized_distill_epochs200\images\cezanne_00379_to_Hayao.jpg","16685","0.015912","2026/4/5 23:53:30"
"45\45_01_golden_funnel\full_eval\epoch_0030_tokenized_distill_epochs200\images\cezanne_00379_to_monet.jpg","17031","0.016242","2026/4/5 23:53:30"
"45\45_01_golden_funnel\full_eval\epoch_0030_tokenized_distill_epochs200\images\cezanne_00379_to_photo.jpg","17037","0.016248","2026/4/5 23:53:29"
"45\45_01_golden_funnel\full_eval\epoch_0030_tokenized_distill_epochs200\images\cezanne_00379_to_vangogh.jpg","16864","0.016083","2026/4/5 23:53:30"
"45\45_01_golden_funnel\full_eval\epoch_0030_tokenized_distill_epochs200\images\cezanne_00382_to_cezanne.jpg","16819","0.01604","2026/4/5 23:53:35"
"45\45_01_golden_funnel\full_eval\epoch_0030_tokenized_distill_epochs200\images\cezanne_00382_to_Hayao.jpg","16593","0.015824","2026/4/5 23:53:34"
"45\45_01_golden_funnel\full_eval\epoch_0030_tokenized_distill_epochs200\images\cezanne_00382_to_monet.jpg","16887","0.016105","2026/4/5 23:53:34"
"45\45_01_golden_funnel\full_eval\epoch_0030_tokenized_distill_epochs200\images\cezanne_00382_to_photo.jpg","17004","0.016216","2026/4/5 23:53:34"
"45\45_01_golden_funnel\full_eval\epoch_0030_tokenized_distill_epochs200\images\cezanne_00382_to_vangogh.jpg","17437","0.016629","2026/4/5 23:53:35"
"45\45_01_golden_funnel\full_eval\epoch_0030_tokenized_distill_epochs200\images\cezanne_00388_to_cezanne.jpg","16941","0.016156","2026/4/5 23:53:30"
"45\45_01_golden_funnel\full_eval\epoch_0030_tokenized_distill_epochs200\images\cezanne_00388_to_Hayao.jpg","16536","0.01577","2026/4/5 23:53:30"
"45\45_01_golden_funnel\full_eval\epoch_0030_tokenized_distill_epochs200\images\cezanne_00388_to_monet.jpg","17611","0.016795","2026/4/5 23:53:30"
"45\45_01_golden_funnel\full_eval\epoch_0030_tokenized_distill_epochs200\images\cezanne_00388_to_photo.jpg","17893","0.017064","2026/4/5 23:53:29"
"45\45_01_golden_funnel\full_eval\epoch_0030_tokenized_distill_epochs200\images\cezanne_00388_to_vangogh.jpg","17904","0.017075","2026/4/5 23:53:30"
"45\45_01_golden_funnel\full_eval\epoch_0030_tokenized_distill_epochs200\images\cezanne_00393_to_cezanne.jpg","17257","0.016458","2026/4/5 23:53:34"
"45\45_01_golden_funnel\full_eval\epoch_0030_tokenized_distill_epochs200\images\cezanne_00393_to_Hayao.jpg","17006","0.016218","2026/4/5 23:53:33"
"45\45_01_golden_funnel\full_eval\epoch_0030_tokenized_distill_epochs200\images\cezanne_00393_to_monet.jpg","17828","0.017002","2026/4/5 23:53:33"
"45\45_01_golden_funnel\full_eval\epoch_0030_tokenized_distill_epochs200\images\cezanne_00393_to_photo.jpg","18081","0.017243","2026/4/5 23:53:33"
"45\45_01_golden_funnel\full_eval\epoch_0030_tokenized_distill_epochs200\images\cezanne_00393_to_vangogh.jpg","17742","0.01692","2026/4/5 23:53:34"
"45\45_01_golden_funnel\full_eval\epoch_0030_tokenized_distill_epochs200\images\cezanne_00411_to_cezanne.jpg","16837","0.016057","2026/4/5 23:53:33"
"45\45_01_golden_funnel\full_eval\epoch_0030_tokenized_distill_epochs200\images\cezanne_00411_to_Hayao.jpg","16982","0.016195","2026/4/5 23:53:32"
"45\45_01_golden_funnel\full_eval\epoch_0030_tokenized_distill_epochs200\images\cezanne_00411_to_monet.jpg","17849","0.017022","2026/4/5 23:53:32"
"45\45_01_golden_funnel\full_eval\epoch_0030_tokenized_distill_epochs200\images\cezanne_00411_to_photo.jpg","18034","0.017199","2026/4/5 23:53:32"
"45\45_01_golden_funnel\full_eval\epoch_0030_tokenized_distill_epochs200\images\cezanne_00411_to_vangogh.jpg","17491","0.016681","2026/4/5 23:53:32"
"45\45_01_golden_funnel\full_eval\epoch_0030_tokenized_distill_epochs200\images\cezanne_00428_to_cezanne.jpg","16507","0.015742","2026/4/5 23:53:31"
"45\45_01_golden_funnel\full_eval\epoch_0030_tokenized_distill_epochs200\images\cezanne_00428_to_Hayao.jpg","15883","0.015147","2026/4/5 23:53:31"
"45\45_01_golden_funnel\full_eval\epoch_0030_tokenized_distill_epochs200\images\cezanne_00428_to_monet.jpg","16946","0.016161","2026/4/5 23:53:31"
"45\45_01_golden_funnel\full_eval\epoch_0030_tokenized_distill_epochs200\images\cezanne_00428_to_photo.jpg","16889","0.016107","2026/4/5 23:53:31"
"45\45_01_golden_funnel\full_eval\epoch_0030_tokenized_distill_epochs200\images\cezanne_00428_to_vangogh.jpg","17414","0.016607","2026/4/5 23:53:31"
"45\45_01_golden_funnel\full_eval\epoch_0030_tokenized_distill_epochs200\images\cezanne_00437_to_cezanne.jpg","17782","0.016958","2026/4/5 23:53:31"
"45\45_01_golden_funnel\full_eval\epoch_0030_tokenized_distill_epochs200\images\cezanne_00437_to_Hayao.jpg","17249","0.01645","2026/4/5 23:53:31"
"45\45_01_golden_funnel\full_eval\epoch_0030_tokenized_distill_epochs200\images\cezanne_00437_to_monet.jpg","17352","0.016548","2026/4/5 23:53:31"
"45\45_01_golden_funnel\full_eval\epoch_0030_tokenized_distill_epochs200\images\cezanne_00437_to_photo.jpg","17276","0.016476","2026/4/5 23:53:31"
"45\45_01_golden_funnel\full_eval\epoch_0030_tokenized_distill_epochs200\images\cezanne_00437_to_vangogh.jpg","17143","0.016349","2026/4/5 23:53:31"
"45\45_01_golden_funnel\full_eval\epoch_0030_tokenized_distill_epochs200\images\cezanne_00517_to_cezanne.jpg","16674","0.015902","2026/4/5 23:53:35"
"45\45_01_golden_funnel\full_eval\epoch_0030_tokenized_distill_epochs200\images\cezanne_00517_to_Hayao.jpg","15794","0.015062","2026/4/5 23:53:34"
"45\45_01_golden_funnel\full_eval\epoch_0030_tokenized_distill_epochs200\images\cezanne_00517_to_monet.jpg","17165","0.01637","2026/4/5 23:53:34"
"45\45_01_golden_funnel\full_eval\epoch_0030_tokenized_distill_epochs200\images\cezanne_00517_to_photo.jpg","16781","0.016004","2026/4/5 23:53:34"
"45\45_01_golden_funnel\full_eval\epoch_0030_tokenized_distill_epochs200\images\cezanne_00517_to_vangogh.jpg","17599","0.016784","2026/4/5 23:53:35"
"45\45_01_golden_funnel\full_eval\epoch_0030_tokenized_distill_epochs200\images\cezanne_00546_to_cezanne.jpg","17831","0.017005","2026/4/5 23:53:36"
"45\45_01_golden_funnel\full_eval\epoch_0030_tokenized_distill_epochs200\images\cezanne_00546_to_Hayao.jpg","17427","0.01662","2026/4/5 23:53:35"
"45\45_01_golden_funnel\full_eval\epoch_0030_tokenized_distill_epochs200\images\cezanne_00546_to_monet.jpg","18165","0.017323","2026/4/5 23:53:35"
"45\45_01_golden_funnel\full_eval\epoch_0030_tokenized_distill_epochs200\images\cezanne_00546_to_photo.jpg","17923","0.017093","2026/4/5 23:53:35"
"45\45_01_golden_funnel\full_eval\epoch_0030_tokenized_distill_epochs200\images\cezanne_00546_to_vangogh.jpg","17980","0.017147","2026/4/5 23:53:35"
"45\45_01_golden_funnel\full_eval\epoch_0030_tokenized_distill_epochs200\images\cezanne_00576_to_cezanne.jpg","17604","0.016788","2026/4/5 23:53:34"
"45\45_01_golden_funnel\full_eval\epoch_0030_tokenized_distill_epochs200\images\cezanne_00576_to_Hayao.jpg","17408","0.016602","2026/4/5 23:53:33"
"45\45_01_golden_funnel\full_eval\epoch_0030_tokenized_distill_epochs200\images\cezanne_00576_to_monet.jpg","17815","0.01699","2026/4/5 23:53:33"
"45\45_01_golden_funnel\full_eval\epoch_0030_tokenized_distill_epochs200\images\cezanne_00576_to_photo.jpg","17873","0.017045","2026/4/5 23:53:33"
"45\45_01_golden_funnel\full_eval\epoch_0030_tokenized_distill_epochs200\images\cezanne_00576_to_vangogh.jpg","18023","0.017188","2026/4/5 23:53:34"
"45\45_01_golden_funnel\full_eval\epoch_0030_tokenized_distill_epochs200\images\cezanne_00582_to_cezanne.jpg","17242","0.016443","2026/4/5 23:53:29"
"45\45_01_golden_funnel\full_eval\epoch_0030_tokenized_distill_epochs200\images\cezanne_00582_to_Hayao.jpg","17032","0.016243","2026/4/5 23:53:28"
"45\45_01_golden_funnel\full_eval\epoch_0030_tokenized_distill_epochs200\images\cezanne_00582_to_monet.jpg","17693","0.016873","2026/4/5 23:53:29"
"45\45_01_golden_funnel\full_eval\epoch_0030_tokenized_distill_epochs200\images\cezanne_00582_to_photo.jpg","17638","0.016821","2026/4/5 23:53:28"
"45\45_01_golden_funnel\full_eval\epoch_0030_tokenized_distill_epochs200\images\cezanne_00582_to_vangogh.jpg","17751","0.016929","2026/4/5 23:53:29"
"45\45_01_golden_funnel\full_eval\epoch_0030_tokenized_distill_epochs200\images\cezanne_00605_to_cezanne.jpg","17315","0.016513","2026/4/5 23:53:34"
"45\45_01_golden_funnel\full_eval\epoch_0030_tokenized_distill_epochs200\images\cezanne_00605_to_Hayao.jpg","17043","0.016253","2026/4/5 23:53:33"
"45\45_01_golden_funnel\full_eval\epoch_0030_tokenized_distill_epochs200\images\cezanne_00605_to_monet.jpg","17235","0.016437","2026/4/5 23:53:33"
"45\45_01_golden_funnel\full_eval\epoch_0030_tokenized_distill_epochs200\images\cezanne_00605_to_photo.jpg","17098","0.016306","2026/4/5 23:53:33"
"45\45_01_golden_funnel\full_eval\epoch_0030_tokenized_distill_epochs200\images\cezanne_00605_to_vangogh.jpg","17790","0.016966","2026/4/5 23:53:34"
"45\45_01_golden_funnel\full_eval\epoch_0030_tokenized_distill_epochs200\images\Hayao_0_to_cezanne.jpg","17993","0.017159","2026/4/5 23:53:07"
"45\45_01_golden_funnel\full_eval\epoch_0030_tokenized_distill_epochs200\images\Hayao_0_to_Hayao.jpg","16930","0.016146","2026/4/5 23:53:06"
"45\45_01_golden_funnel\full_eval\epoch_0030_tokenized_distill_epochs200\images\Hayao_0_to_monet.jpg","17265","0.016465","2026/4/5 23:53:07"
"45\45_01_golden_funnel\full_eval\epoch_0030_tokenized_distill_epochs200\images\Hayao_0_to_photo.jpg","17471","0.016662","2026/4/5 23:53:06"
"45\45_01_golden_funnel\full_eval\epoch_0030_tokenized_distill_epochs200\images\Hayao_0_to_vangogh.jpg","18166","0.017324","2026/4/5 23:53:07"
"45\45_01_golden_funnel\full_eval\epoch_0030_tokenized_distill_epochs200\images\Hayao_1000_to_cezanne.jpg","17805","0.01698","2026/4/5 23:53:05"
"45\45_01_golden_funnel\full_eval\epoch_0030_tokenized_distill_epochs200\images\Hayao_1000_to_Hayao.jpg","17487","0.016677","2026/4/5 23:53:04"
"45\45_01_golden_funnel\full_eval\epoch_0030_tokenized_distill_epochs200\images\Hayao_1000_to_monet.jpg","18284","0.017437","2026/4/5 23:53:04"
"45\45_01_golden_funnel\full_eval\epoch_0030_tokenized_distill_epochs200\images\Hayao_1000_to_photo.jpg","18115","0.017276","2026/4/5 23:53:04"
"45\45_01_golden_funnel\full_eval\epoch_0030_tokenized_distill_epochs200\images\Hayao_1000_to_vangogh.jpg","18589","0.017728","2026/4/5 23:53:04"
"45\45_01_golden_funnel\full_eval\epoch_0030_tokenized_distill_epochs200\images\Hayao_1001_to_cezanne.jpg","15879","0.015143","2026/4/5 23:53:02"
"45\45_01_golden_funnel\full_eval\epoch_0030_tokenized_distill_epochs200\images\Hayao_1001_to_Hayao.jpg","15336","0.014626","2026/4/5 23:53:02"
"45\45_01_golden_funnel\full_eval\epoch_0030_tokenized_distill_epochs200\images\Hayao_1001_to_monet.jpg","16459","0.015697","2026/4/5 23:53:02"
"45\45_01_golden_funnel\full_eval\epoch_0030_tokenized_distill_epochs200\images\Hayao_1001_to_photo.jpg","16248","0.015495","2026/4/5 23:53:02"
"45\45_01_golden_funnel\full_eval\epoch_0030_tokenized_distill_epochs200\images\Hayao_1001_to_vangogh.jpg","16870","0.016088","2026/4/5 23:53:02"
"45\45_01_golden_funnel\full_eval\epoch_0030_tokenized_distill_epochs200\images\Hayao_1006_to_cezanne.jpg","17249","0.01645","2026/4/5 23:53:04"
"45\45_01_golden_funnel\full_eval\epoch_0030_tokenized_distill_epochs200\images\Hayao_1006_to_Hayao.jpg","16767","0.01599","2026/4/5 23:53:03"
"45\45_01_golden_funnel\full_eval\epoch_0030_tokenized_distill_epochs200\images\Hayao_1006_to_monet.jpg","17704","0.016884","2026/4/5 23:53:03"
"45\45_01_golden_funnel\full_eval\epoch_0030_tokenized_distill_epochs200\images\Hayao_1006_to_photo.jpg","17705","0.016885","2026/4/5 23:53:03"
"45\45_01_golden_funnel\full_eval\epoch_0030_tokenized_distill_epochs200\images\Hayao_1006_to_vangogh.jpg","17657","0.016839","2026/4/5 23:53:03"
"45\45_01_golden_funnel\full_eval\epoch_0030_tokenized_distill_epochs200\images\Hayao_1007_to_cezanne.jpg","16583","0.015815","2026/4/5 23:53:06"
"45\45_01_golden_funnel\full_eval\epoch_0030_tokenized_distill_epochs200\images\Hayao_1007_to_Hayao.jpg","16597","0.015828","2026/4/5 23:53:05"
"45\45_01_golden_funnel\full_eval\epoch_0030_tokenized_distill_epochs200\images\Hayao_1007_to_monet.jpg","17474","0.016665","2026/4/5 23:53:05"
"45\45_01_golden_funnel\full_eval\epoch_0030_tokenized_distill_epochs200\images\Hayao_1007_to_photo.jpg","18194","0.017351","2026/4/5 23:53:05"
"45\45_01_golden_funnel\full_eval\epoch_0030_tokenized_distill_epochs200\images\Hayao_1007_to_vangogh.jpg","17548","0.016735","2026/4/5 23:53:06"
"45\45_01_golden_funnel\full_eval\epoch_0030_tokenized_distill_epochs200\images\Hayao_1008_to_cezanne.jpg","17582","0.016768","2026/4/5 23:53:02"
"45\45_01_golden_funnel\full_eval\epoch_0030_tokenized_distill_epochs200\images\Hayao_1008_to_Hayao.jpg","16981","0.016194","2026/4/5 23:53:02"
"45\45_01_golden_funnel\full_eval\epoch_0030_tokenized_distill_epochs200\images\Hayao_1008_to_monet.jpg","16921","0.016137","2026/4/5 23:53:02"
"45\45_01_golden_funnel\full_eval\epoch_0030_tokenized_distill_epochs200\images\Hayao_1008_to_photo.jpg","17428","0.016621","2026/4/5 23:53:02"
"45\45_01_golden_funnel\full_eval\epoch_0030_tokenized_distill_epochs200\images\Hayao_1008_to_vangogh.jpg","17231","0.016433","2026/4/5 23:53:02"
"45\45_01_golden_funnel\full_eval\epoch_0030_tokenized_distill_epochs200\images\Hayao_1009_to_cezanne.jpg","16801","0.016023","2026/4/5 23:53:05"
"45\45_01_golden_funnel\full_eval\epoch_0030_tokenized_distill_epochs200\images\Hayao_1009_to_Hayao.jpg","16243","0.015491","2026/4/5 23:53:04"
"45\45_01_golden_funnel\full_eval\epoch_0030_tokenized_distill_epochs200\images\Hayao_1009_to_monet.jpg","17307","0.016505","2026/4/5 23:53:04"
"45\45_01_golden_funnel\full_eval\epoch_0030_tokenized_distill_epochs200\images\Hayao_1009_to_photo.jpg","16961","0.016175","2026/4/5 23:53:04"
"45\45_01_golden_funnel\full_eval\epoch_0030_tokenized_distill_epochs200\images\Hayao_1009_to_vangogh.jpg","17577","0.016763","2026/4/5 23:53:04"
"45\45_01_golden_funnel\full_eval\epoch_0030_tokenized_distill_epochs200\images\Hayao_1012_to_cezanne.jpg","17007","0.016219","2026/4/5 23:53:04"
"45\45_01_golden_funnel\full_eval\epoch_0030_tokenized_distill_epochs200\images\Hayao_1012_to_Hayao.jpg","16800","0.016022","2026/4/5 23:53:03"
"45\45_01_golden_funnel\full_eval\epoch_0030_tokenized_distill_epochs200\images\Hayao_1012_to_monet.jpg","17323","0.016521","2026/4/5 23:53:03"
"45\45_01_golden_funnel\full_eval\epoch_0030_tokenized_distill_epochs200\images\Hayao_1012_to_photo.jpg","17467","0.016658","2026/4/5 23:53:03"
"45\45_01_golden_funnel\full_eval\epoch_0030_tokenized_distill_epochs200\images\Hayao_1012_to_vangogh.jpg","17516","0.016705","2026/4/5 23:53:03"
"45\45_01_golden_funnel\full_eval\epoch_0030_tokenized_distill_epochs200\images\Hayao_1014_to_cezanne.jpg","15001","0.014306","2026/4/5 23:53:07"
"45\45_01_golden_funnel\full_eval\epoch_0030_tokenized_distill_epochs200\images\Hayao_1014_to_Hayao.jpg","14649","0.01397","2026/4/5 23:53:06"
"45\45_01_golden_funnel\full_eval\epoch_0030_tokenized_distill_epochs200\images\Hayao_1014_to_monet.jpg","16581","0.015813","2026/4/5 23:53:07"
"45\45_01_golden_funnel\full_eval\epoch_0030_tokenized_distill_epochs200\images\Hayao_1014_to_photo.jpg","15904","0.015167","2026/4/5 23:53:06"
"45\45_01_golden_funnel\full_eval\epoch_0030_tokenized_distill_epochs200\images\Hayao_1014_to_vangogh.jpg","16756","0.01598","2026/4/5 23:53:07"
"45\45_01_golden_funnel\full_eval\epoch_0030_tokenized_distill_epochs200\images\Hayao_1015_to_cezanne.jpg","17286","0.016485","2026/4/5 23:53:02"
"45\45_01_golden_funnel\full_eval\epoch_0030_tokenized_distill_epochs200\images\Hayao_1015_to_Hayao.jpg","17458","0.016649","2026/4/5 23:53:02"
"45\45_01_golden_funnel\full_eval\epoch_0030_tokenized_distill_epochs200\images\Hayao_1015_to_monet.jpg","17798","0.016973","2026/4/5 23:53:02"
"45\45_01_golden_funnel\full_eval\epoch_0030_tokenized_distill_epochs200\images\Hayao_1015_to_photo.jpg","17837","0.017011","2026/4/5 23:53:02"
"45\45_01_golden_funnel\full_eval\epoch_0030_tokenized_distill_epochs200\images\Hayao_1015_to_vangogh.jpg","17909","0.017079","2026/4/5 23:53:02"
"45\45_01_golden_funnel\full_eval\epoch_0030_tokenized_distill_epochs200\images\Hayao_1016_to_cezanne.jpg","16397","0.015637","2026/4/5 23:53:09"
"45\45_01_golden_funnel\full_eval\epoch_0030_tokenized_distill_epochs200\images\Hayao_1016_to_Hayao.jpg","16149","0.015401","2026/4/5 23:53:09"
"45\45_01_golden_funnel\full_eval\epoch_0030_tokenized_distill_epochs200\images\Hayao_1016_to_monet.jpg","17167","0.016372","2026/4/5 23:53:09"
"45\45_01_golden_funnel\full_eval\epoch_0030_tokenized_distill_epochs200\images\Hayao_1016_to_photo.jpg","16711","0.015937","2026/4/5 23:53:08"
"45\45_01_golden_funnel\full_eval\epoch_0030_tokenized_distill_epochs200\images\Hayao_1016_to_vangogh.jpg","17363","0.016559","2026/4/5 23:53:09"
"45\45_01_golden_funnel\full_eval\epoch_0030_tokenized_distill_epochs200\images\Hayao_1017_to_cezanne.jpg","14460","0.01379","2026/4/5 23:53:05"
"45\45_01_golden_funnel\full_eval\epoch_0030_tokenized_distill_epochs200\images\Hayao_1017_to_Hayao.jpg","13896","0.013252","2026/4/5 23:53:04"
"45\45_01_golden_funnel\full_eval\epoch_0030_tokenized_distill_epochs200\images\Hayao_1017_to_monet.jpg","14936","0.014244","2026/4/5 23:53:04"
"45\45_01_golden_funnel\full_eval\epoch_0030_tokenized_distill_epochs200\images\Hayao_1017_to_photo.jpg","14342","0.013678","2026/4/5 23:53:04"
"45\45_01_golden_funnel\full_eval\epoch_0030_tokenized_distill_epochs200\images\Hayao_1017_to_vangogh.jpg","15927","0.015189","2026/4/5 23:53:04"
"45\45_01_golden_funnel\full_eval\epoch_0030_tokenized_distill_epochs200\images\Hayao_1018_to_cezanne.jpg","17217","0.016419","2026/4/5 23:53:09"
"45\45_01_golden_funnel\full_eval\epoch_0030_tokenized_distill_epochs200\images\Hayao_1018_to_Hayao.jpg","17274","0.016474","2026/4/5 23:53:09"
"45\45_01_golden_funnel\full_eval\epoch_0030_tokenized_distill_epochs200\images\Hayao_1018_to_monet.jpg","17937","0.017106","2026/4/5 23:53:09"
"45\45_01_golden_funnel\full_eval\epoch_0030_tokenized_distill_epochs200\images\Hayao_1018_to_photo.jpg","17789","0.016965","2026/4/5 23:53:08"
"45\45_01_golden_funnel\full_eval\epoch_0030_tokenized_distill_epochs200\images\Hayao_1018_to_vangogh.jpg","17964","0.017132","2026/4/5 23:53:09"
"45\45_01_golden_funnel\full_eval\epoch_0030_tokenized_distill_epochs200\images\Hayao_1019_to_cezanne.jpg","15333","0.014623","2026/4/5 23:53:01"
"45\45_01_golden_funnel\full_eval\epoch_0030_tokenized_distill_epochs200\images\Hayao_1019_to_Hayao.jpg","15038","0.014341","2026/4/5 23:53:01"
"45\45_01_golden_funnel\full_eval\epoch_0030_tokenized_distill_epochs200\images\Hayao_1019_to_monet.jpg","16528","0.015762","2026/4/5 23:53:01"
"45\45_01_golden_funnel\full_eval\epoch_0030_tokenized_distill_epochs200\images\Hayao_1019_to_photo.jpg","16193","0.015443","2026/4/5 23:53:00"
"45\45_01_golden_funnel\full_eval\epoch_0030_tokenized_distill_epochs200\images\Hayao_1019_to_vangogh.jpg","16575","0.015807","2026/4/5 23:53:01"
"45\45_01_golden_funnel\full_eval\epoch_0030_tokenized_distill_epochs200\images\Hayao_1020_to_cezanne.jpg","16939","0.016154","2026/4/5 23:53:01"
"45\45_01_golden_funnel\full_eval\epoch_0030_tokenized_distill_epochs200\images\Hayao_1020_to_Hayao.jpg","16434","0.015673","2026/4/5 23:53:01"
"45\45_01_golden_funnel\full_eval\epoch_0030_tokenized_distill_epochs200\images\Hayao_1020_to_monet.jpg","17505","0.016694","2026/4/5 23:53:01"
"45\45_01_golden_funnel\full_eval\epoch_0030_tokenized_distill_epochs200\images\Hayao_1020_to_photo.jpg","17155","0.01636","2026/4/5 23:53:00"
"45\45_01_golden_funnel\full_eval\epoch_0030_tokenized_distill_epochs200\images\Hayao_1020_to_vangogh.jpg","16933","0.016149","2026/4/5 23:53:01"
"45\45_01_golden_funnel\full_eval\epoch_0030_tokenized_distill_epochs200\images\Hayao_1021_to_cezanne.jpg","17013","0.016225","2026/4/5 23:53:04"
"45\45_01_golden_funnel\full_eval\epoch_0030_tokenized_distill_epochs200\images\Hayao_1021_to_Hayao.jpg","16962","0.016176","2026/4/5 23:53:03"
"45\45_01_golden_funnel\full_eval\epoch_0030_tokenized_distill_epochs200\images\Hayao_1021_to_monet.jpg","17858","0.017031","2026/4/5 23:53:03"
"45\45_01_golden_funnel\full_eval\epoch_0030_tokenized_distill_epochs200\images\Hayao_1021_to_photo.jpg","17570","0.016756","2026/4/5 23:53:03"
"45\45_01_golden_funnel\full_eval\epoch_0030_tokenized_distill_epochs200\images\Hayao_1021_to_vangogh.jpg","17911","0.017081","2026/4/5 23:53:03"
"45\45_01_golden_funnel\full_eval\epoch_0030_tokenized_distill_epochs200\images\Hayao_1023_to_cezanne.jpg","16946","0.016161","2026/4/5 23:53:09"
"45\45_01_golden_funnel\full_eval\epoch_0030_tokenized_distill_epochs200\images\Hayao_1023_to_Hayao.jpg","16496","0.015732","2026/4/5 23:53:09"
"45\45_01_golden_funnel\full_eval\epoch_0030_tokenized_distill_epochs200\images\Hayao_1023_to_monet.jpg","16884","0.016102","2026/4/5 23:53:09"
"45\45_01_golden_funnel\full_eval\epoch_0030_tokenized_distill_epochs200\images\Hayao_1023_to_photo.jpg","16457","0.015695","2026/4/5 23:53:08"
"45\45_01_golden_funnel\full_eval\epoch_0030_tokenized_distill_epochs200\images\Hayao_1023_to_vangogh.jpg","17665","0.016847","2026/4/5 23:53:09"
"45\45_01_golden_funnel\full_eval\epoch_0030_tokenized_distill_epochs200\images\Hayao_1024_to_cezanne.jpg","16453","0.015691","2026/4/5 23:53:04"
"45\45_01_golden_funnel\full_eval\epoch_0030_tokenized_distill_epochs200\images\Hayao_1024_to_Hayao.jpg","16250","0.015497","2026/4/5 23:53:03"
"45\45_01_golden_funnel\full_eval\epoch_0030_tokenized_distill_epochs200\images\Hayao_1024_to_monet.jpg","16169","0.01542","2026/4/5 23:53:03"
"45\45_01_golden_funnel\full_eval\epoch_0030_tokenized_distill_epochs200\images\Hayao_1024_to_photo.jpg","15063","0.014365","2026/4/5 23:53:03"
"45\45_01_golden_funnel\full_eval\epoch_0030_tokenized_distill_epochs200\images\Hayao_1024_to_vangogh.jpg","16177","0.015428","2026/4/5 23:53:03"
"45\45_01_golden_funnel\full_eval\epoch_0030_tokenized_distill_epochs200\images\Hayao_1025_to_cezanne.jpg","15346","0.014635","2026/4/5 23:53:08"
"45\45_01_golden_funnel\full_eval\epoch_0030_tokenized_distill_epochs200\images\Hayao_1025_to_Hayao.jpg","14393","0.013726","2026/4/5 23:53:08"
"45\45_01_golden_funnel\full_eval\epoch_0030_tokenized_distill_epochs200\images\Hayao_1025_to_monet.jpg","15693","0.014966","2026/4/5 23:53:08"
"45\45_01_golden_funnel\full_eval\epoch_0030_tokenized_distill_epochs200\images\Hayao_1025_to_photo.jpg","15574","0.014853","2026/4/5 23:53:07"
"45\45_01_golden_funnel\full_eval\epoch_0030_tokenized_distill_epochs200\images\Hayao_1025_to_vangogh.jpg","17173","0.016377","2026/4/5 23:53:08"
"45\45_01_golden_funnel\full_eval\epoch_0030_tokenized_distill_epochs200\images\Hayao_1026_to_cezanne.jpg","16940","0.016155","2026/4/5 23:53:05"
"45\45_01_golden_funnel\full_eval\epoch_0030_tokenized_distill_epochs200\images\Hayao_1026_to_Hayao.jpg","16367","0.015609","2026/4/5 23:53:04"
"45\45_01_golden_funnel\full_eval\epoch_0030_tokenized_distill_epochs200\images\Hayao_1026_to_monet.jpg","17369","0.016564","2026/4/5 23:53:04"
"45\45_01_golden_funnel\full_eval\epoch_0030_tokenized_distill_epochs200\images\Hayao_1026_to_photo.jpg","17509","0.016698","2026/4/5 23:53:04"
"45\45_01_golden_funnel\full_eval\epoch_0030_tokenized_distill_epochs200\images\Hayao_1026_to_vangogh.jpg","17568","0.016754","2026/4/5 23:53:04"
"45\45_01_golden_funnel\full_eval\epoch_0030_tokenized_distill_epochs200\images\Hayao_1028_to_cezanne.jpg","16492","0.015728","2026/4/5 23:53:08"
"45\45_01_golden_funnel\full_eval\epoch_0030_tokenized_distill_epochs200\images\Hayao_1028_to_Hayao.jpg","16307","0.015552","2026/4/5 23:53:08"
"45\45_01_golden_funnel\full_eval\epoch_0030_tokenized_distill_epochs200\images\Hayao_1028_to_monet.jpg","17507","0.016696","2026/4/5 23:53:08"
"45\45_01_golden_funnel\full_eval\epoch_0030_tokenized_distill_epochs200\images\Hayao_1028_to_photo.jpg","17483","0.016673","2026/4/5 23:53:07"
"45\45_01_golden_funnel\full_eval\epoch_0030_tokenized_distill_epochs200\images\Hayao_1028_to_vangogh.jpg","17542","0.016729","2026/4/5 23:53:08"
"45\45_01_golden_funnel\full_eval\epoch_0030_tokenized_distill_epochs200\images\Hayao_102_to_cezanne.jpg","17211","0.016414","2026/4/5 23:53:06"
"45\45_01_golden_funnel\full_eval\epoch_0030_tokenized_distill_epochs200\images\Hayao_102_to_Hayao.jpg","16088","0.015343","2026/4/5 23:53:05"
"45\45_01_golden_funnel\full_eval\epoch_0030_tokenized_distill_epochs200\images\Hayao_102_to_monet.jpg","17272","0.016472","2026/4/5 23:53:05"
"45\45_01_golden_funnel\full_eval\epoch_0030_tokenized_distill_epochs200\images\Hayao_102_to_photo.jpg","16514","0.015749","2026/4/5 23:53:05"
"45\45_01_golden_funnel\full_eval\epoch_0030_tokenized_distill_epochs200\images\Hayao_102_to_vangogh.jpg","16893","0.01611","2026/4/5 23:53:06"
"45\45_01_golden_funnel\full_eval\epoch_0030_tokenized_distill_epochs200\images\Hayao_1033_to_cezanne.jpg","16703","0.015929","2026/4/5 23:53:06"
"45\45_01_golden_funnel\full_eval\epoch_0030_tokenized_distill_epochs200\images\Hayao_1033_to_Hayao.jpg","16511","0.015746","2026/4/5 23:53:05"
"45\45_01_golden_funnel\full_eval\epoch_0030_tokenized_distill_epochs200\images\Hayao_1033_to_monet.jpg","16969","0.016183","2026/4/5 23:53:05"
"45\45_01_golden_funnel\full_eval\epoch_0030_tokenized_distill_epochs200\images\Hayao_1033_to_photo.jpg","16760","0.015984","2026/4/5 23:53:05"
"45\45_01_golden_funnel\full_eval\epoch_0030_tokenized_distill_epochs200\images\Hayao_1033_to_vangogh.jpg","17301","0.0165","2026/4/5 23:53:06"
"45\45_01_golden_funnel\full_eval\epoch_0030_tokenized_distill_epochs200\images\Hayao_1039_to_cezanne.jpg","16520","0.015755","2026/4/5 23:53:06"
"45\45_01_golden_funnel\full_eval\epoch_0030_tokenized_distill_epochs200\images\Hayao_1039_to_Hayao.jpg","16187","0.015437","2026/4/5 23:53:05"
"45\45_01_golden_funnel\full_eval\epoch_0030_tokenized_distill_epochs200\images\Hayao_1039_to_monet.jpg","16858","0.016077","2026/4/5 23:53:05"
"45\45_01_golden_funnel\full_eval\epoch_0030_tokenized_distill_epochs200\images\Hayao_1039_to_photo.jpg","16730","0.015955","2026/4/5 23:53:05"
"45\45_01_golden_funnel\full_eval\epoch_0030_tokenized_distill_epochs200\images\Hayao_1039_to_vangogh.jpg","17242","0.016443","2026/4/5 23:53:06"
"45\45_01_golden_funnel\full_eval\epoch_0030_tokenized_distill_epochs200\images\Hayao_103_to_cezanne.jpg","18020","0.017185","2026/4/5 23:53:07"
"45\45_01_golden_funnel\full_eval\epoch_0030_tokenized_distill_epochs200\images\Hayao_103_to_Hayao.jpg","17769","0.016946","2026/4/5 23:53:06"
"45\45_01_golden_funnel\full_eval\epoch_0030_tokenized_distill_epochs200\images\Hayao_103_to_monet.jpg","17082","0.016291","2026/4/5 23:53:07"
"45\45_01_golden_funnel\full_eval\epoch_0030_tokenized_distill_epochs200\images\Hayao_103_to_photo.jpg","17218","0.01642","2026/4/5 23:53:06"
"45\45_01_golden_funnel\full_eval\epoch_0030_tokenized_distill_epochs200\images\Hayao_103_to_vangogh.jpg","17756","0.016933","2026/4/5 23:53:07"
"45\45_01_golden_funnel\full_eval\epoch_0030_tokenized_distill_epochs200\images\Hayao_1040_to_cezanne.jpg","15611","0.014888","2026/4/5 23:53:08"
"45\45_01_golden_funnel\full_eval\epoch_0030_tokenized_distill_epochs200\images\Hayao_1040_to_Hayao.jpg","14938","0.014246","2026/4/5 23:53:08"
"45\45_01_golden_funnel\full_eval\epoch_0030_tokenized_distill_epochs200\images\Hayao_1040_to_monet.jpg","17434","0.016626","2026/4/5 23:53:08"
"45\45_01_golden_funnel\full_eval\epoch_0030_tokenized_distill_epochs200\images\Hayao_1040_to_photo.jpg","16891","0.016109","2026/4/5 23:53:07"
"45\45_01_golden_funnel\full_eval\epoch_0030_tokenized_distill_epochs200\images\Hayao_1040_to_vangogh.jpg","17046","0.016256","2026/4/5 23:53:08"
"45\45_01_golden_funnel\full_eval\epoch_0030_tokenized_distill_epochs200\images\Hayao_1041_to_cezanne.jpg","16987","0.0162","2026/4/5 23:53:09"
"45\45_01_golden_funnel\full_eval\epoch_0030_tokenized_distill_epochs200\images\Hayao_1041_to_Hayao.jpg","16310","0.015554","2026/4/5 23:53:09"
"45\45_01_golden_funnel\full_eval\epoch_0030_tokenized_distill_epochs200\images\Hayao_1041_to_monet.jpg","17024","0.016235","2026/4/5 23:53:09"
"45\45_01_golden_funnel\full_eval\epoch_0030_tokenized_distill_epochs200\images\Hayao_1041_to_photo.jpg","17000","0.016212","2026/4/5 23:53:08"
"45\45_01_golden_funnel\full_eval\epoch_0030_tokenized_distill_epochs200\images\Hayao_1041_to_vangogh.jpg","16829","0.016049","2026/4/5 23:53:09"
"45\45_01_golden_funnel\full_eval\epoch_0030_tokenized_distill_epochs200\images\Hayao_1042_to_cezanne.jpg","17031","0.016242","2026/4/5 23:53:07"
"45\45_01_golden_funnel\full_eval\epoch_0030_tokenized_distill_epochs200\images\Hayao_1042_to_Hayao.jpg","17113","0.01632","2026/4/5 23:53:06"
"45\45_01_golden_funnel\full_eval\epoch_0030_tokenized_distill_epochs200\images\Hayao_1042_to_monet.jpg","17340","0.016537","2026/4/5 23:53:07"
"45\45_01_golden_funnel\full_eval\epoch_0030_tokenized_distill_epochs200\images\Hayao_1042_to_photo.jpg","17576","0.016762","2026/4/5 23:53:06"
"45\45_01_golden_funnel\full_eval\epoch_0030_tokenized_distill_epochs200\images\Hayao_1042_to_vangogh.jpg","17632","0.016815","2026/4/5 23:53:07"
"45\45_01_golden_funnel\full_eval\epoch_0030_tokenized_distill_epochs200\images\Hayao_1044_to_cezanne.jpg","16833","0.016053","2026/4/5 23:53:02"
"45\45_01_golden_funnel\full_eval\epoch_0030_tokenized_distill_epochs200\images\Hayao_1044_to_Hayao.jpg","16358","0.0156","2026/4/5 23:53:02"
"45\45_01_golden_funnel\full_eval\epoch_0030_tokenized_distill_epochs200\images\Hayao_1044_to_monet.jpg","17196","0.016399","2026/4/5 23:53:02"
"45\45_01_golden_funnel\full_eval\epoch_0030_tokenized_distill_epochs200\images\Hayao_1044_to_photo.jpg","16969","0.016183","2026/4/5 23:53:02"
"45\45_01_golden_funnel\full_eval\epoch_0030_tokenized_distill_epochs200\images\Hayao_1044_to_vangogh.jpg","17220","0.016422","2026/4/5 23:53:02"
"45\45_01_golden_funnel\full_eval\epoch_0030_tokenized_distill_epochs200\images\Hayao_1049_to_cezanne.jpg","17148","0.016354","2026/4/5 23:53:08"
"45\45_01_golden_funnel\full_eval\epoch_0030_tokenized_distill_epochs200\images\Hayao_1049_to_Hayao.jpg","16812","0.016033","2026/4/5 23:53:08"
"45\45_01_golden_funnel\full_eval\epoch_0030_tokenized_distill_epochs200\images\Hayao_1049_to_monet.jpg","17972","0.017139","2026/4/5 23:53:08"
"45\45_01_golden_funnel\full_eval\epoch_0030_tokenized_distill_epochs200\images\Hayao_1049_to_photo.jpg","18054","0.017218","2026/4/5 23:53:07"
"45\45_01_golden_funnel\full_eval\epoch_0030_tokenized_distill_epochs200\images\Hayao_1049_to_vangogh.jpg","18050","0.017214","2026/4/5 23:53:08"
"45\45_01_golden_funnel\full_eval\epoch_0030_tokenized_distill_epochs200\images\monet_00018_to_cezanne.jpg","16066","0.015322","2026/4/5 23:53:15"
"45\45_01_golden_funnel\full_eval\epoch_0030_tokenized_distill_epochs200\images\monet_00018_to_Hayao.jpg","15861","0.015126","2026/4/5 23:53:15"
"45\45_01_golden_funnel\full_eval\epoch_0030_tokenized_distill_epochs200\images\monet_00018_to_monet.jpg","16171","0.015422","2026/4/5 23:53:15"
"45\45_01_golden_funnel\full_eval\epoch_0030_tokenized_distill_epochs200\images\monet_00018_to_photo.jpg","16557","0.01579","2026/4/5 23:53:14"
"45\45_01_golden_funnel\full_eval\epoch_0030_tokenized_distill_epochs200\images\monet_00018_to_vangogh.jpg","16503","0.015738","2026/4/5 23:53:15"
"45\45_01_golden_funnel\full_eval\epoch_0030_tokenized_distill_epochs200\images\monet_00075_to_cezanne.jpg","16065","0.015321","2026/4/5 23:53:14"
"45\45_01_golden_funnel\full_eval\epoch_0030_tokenized_distill_epochs200\images\monet_00075_to_Hayao.jpg","16116","0.015369","2026/4/5 23:53:13"
"45\45_01_golden_funnel\full_eval\epoch_0030_tokenized_distill_epochs200\images\monet_00075_to_monet.jpg","17312","0.01651","2026/4/5 23:53:14"
"45\45_01_golden_funnel\full_eval\epoch_0030_tokenized_distill_epochs200\images\monet_00075_to_photo.jpg","17187","0.016391","2026/4/5 23:53:13"
"45\45_01_golden_funnel\full_eval\epoch_0030_tokenized_distill_epochs200\images\monet_00075_to_vangogh.jpg","16704","0.01593","2026/4/5 23:53:14"
"45\45_01_golden_funnel\full_eval\epoch_0030_tokenized_distill_epochs200\images\monet_00092_to_cezanne.jpg","17045","0.016255","2026/4/5 23:53:12"
"45\45_01_golden_funnel\full_eval\epoch_0030_tokenized_distill_epochs200\images\monet_00092_to_Hayao.jpg","16708","0.015934","2026/4/5 23:53:11"
"45\45_01_golden_funnel\full_eval\epoch_0030_tokenized_distill_epochs200\images\monet_00092_to_monet.jpg","17197","0.0164","2026/4/5 23:53:11"
"45\45_01_golden_funnel\full_eval\epoch_0030_tokenized_distill_epochs200\images\monet_00092_to_photo.jpg","17403","0.016597","2026/4/5 23:53:11"
"45\45_01_golden_funnel\full_eval\epoch_0030_tokenized_distill_epochs200\images\monet_00092_to_vangogh.jpg","17659","0.016841","2026/4/5 23:53:11"
"45\45_01_golden_funnel\full_eval\epoch_0030_tokenized_distill_epochs200\images\monet_00278_to_cezanne.jpg","16501","0.015737","2026/4/5 23:53:12"
"45\45_01_golden_funnel\full_eval\epoch_0030_tokenized_distill_epochs200\images\monet_00278_to_Hayao.jpg","16447","0.015685","2026/4/5 23:53:11"
"45\45_01_golden_funnel\full_eval\epoch_0030_tokenized_distill_epochs200\images\monet_00278_to_monet.jpg","16945","0.01616","2026/4/5 23:53:11"
"45\45_01_golden_funnel\full_eval\epoch_0030_tokenized_distill_epochs200\images\monet_00278_to_photo.jpg","17047","0.016257","2026/4/5 23:53:11"
"45\45_01_golden_funnel\full_eval\epoch_0030_tokenized_distill_epochs200\images\monet_00278_to_vangogh.jpg","17276","0.016476","2026/4/5 23:53:11"
"45\45_01_golden_funnel\full_eval\epoch_0030_tokenized_distill_epochs200\images\monet_00282_to_cezanne.jpg","16810","0.016031","2026/4/5 23:53:15"
"45\45_01_golden_funnel\full_eval\epoch_0030_tokenized_distill_epochs200\images\monet_00282_to_Hayao.jpg","16504","0.015739","2026/4/5 23:53:15"
"45\45_01_golden_funnel\full_eval\epoch_0030_tokenized_distill_epochs200\images\monet_00282_to_monet.jpg","17672","0.016853","2026/4/5 23:53:15"
"45\45_01_golden_funnel\full_eval\epoch_0030_tokenized_distill_epochs200\images\monet_00282_to_photo.jpg","17631","0.016814","2026/4/5 23:53:14"
"45\45_01_golden_funnel\full_eval\epoch_0030_tokenized_distill_epochs200\images\monet_00282_to_vangogh.jpg","17433","0.016625","2026/4/5 23:53:15"
"45\45_01_golden_funnel\full_eval\epoch_0030_tokenized_distill_epochs200\images\monet_00286_to_cezanne.jpg","17228","0.01643","2026/4/5 23:53:11"
"45\45_01_golden_funnel\full_eval\epoch_0030_tokenized_distill_epochs200\images\monet_00286_to_Hayao.jpg","16670","0.015898","2026/4/5 23:53:10"
"45\45_01_golden_funnel\full_eval\epoch_0030_tokenized_distill_epochs200\images\monet_00286_to_monet.jpg","16957","0.016171","2026/4/5 23:53:10"
"45\45_01_golden_funnel\full_eval\epoch_0030_tokenized_distill_epochs200\images\monet_00286_to_photo.jpg","17415","0.016608","2026/4/5 23:53:10"
"45\45_01_golden_funnel\full_eval\epoch_0030_tokenized_distill_epochs200\images\monet_00286_to_vangogh.jpg","16936","0.016151","2026/4/5 23:53:10"
"45\45_01_golden_funnel\full_eval\epoch_0030_tokenized_distill_epochs200\images\monet_00291_to_cezanne.jpg","16879","0.016097","2026/4/5 23:53:14"
"45\45_01_golden_funnel\full_eval\epoch_0030_tokenized_distill_epochs200\images\monet_00291_to_Hayao.jpg","16165","0.015416","2026/4/5 23:53:13"
"45\45_01_golden_funnel\full_eval\epoch_0030_tokenized_distill_epochs200\images\monet_00291_to_monet.jpg","17125","0.016332","2026/4/5 23:53:14"
"45\45_01_golden_funnel\full_eval\epoch_0030_tokenized_distill_epochs200\images\monet_00291_to_photo.jpg","17569","0.016755","2026/4/5 23:53:13"
"45\45_01_golden_funnel\full_eval\epoch_0030_tokenized_distill_epochs200\images\monet_00291_to_vangogh.jpg","17195","0.016398","2026/4/5 23:53:14"
"45\45_01_golden_funnel\full_eval\epoch_0030_tokenized_distill_epochs200\images\monet_00389_to_cezanne.jpg","15904","0.015167","2026/4/5 23:53:13"
"45\45_01_golden_funnel\full_eval\epoch_0030_tokenized_distill_epochs200\images\monet_00389_to_Hayao.jpg","15682","0.014956","2026/4/5 23:53:12"
"45\45_01_golden_funnel\full_eval\epoch_0030_tokenized_distill_epochs200\images\monet_00389_to_monet.jpg","16589","0.015821","2026/4/5 23:53:12"
"45\45_01_golden_funnel\full_eval\epoch_0030_tokenized_distill_epochs200\images\monet_00389_to_photo.jpg","15702","0.014975","2026/4/5 23:53:12"
"45\45_01_golden_funnel\full_eval\epoch_0030_tokenized_distill_epochs200\images\monet_00389_to_vangogh.jpg","16105","0.015359","2026/4/5 23:53:13"
"45\45_01_golden_funnel\full_eval\epoch_0030_tokenized_distill_epochs200\images\monet_00429_to_cezanne.jpg","16681","0.015908","2026/4/5 23:53:16"
"45\45_01_golden_funnel\full_eval\epoch_0030_tokenized_distill_epochs200\images\monet_00429_to_Hayao.jpg","15990","0.015249","2026/4/5 23:53:16"
"45\45_01_golden_funnel\full_eval\epoch_0030_tokenized_distill_epochs200\images\monet_00429_to_monet.jpg","17385","0.01658","2026/4/5 23:53:16"
"45\45_01_golden_funnel\full_eval\epoch_0030_tokenized_distill_epochs200\images\monet_00429_to_photo.jpg","17248","0.016449","2026/4/5 23:53:15"
"45\45_01_golden_funnel\full_eval\epoch_0030_tokenized_distill_epochs200\images\monet_00429_to_vangogh.jpg","17542","0.016729","2026/4/5 23:53:16"
"45\45_01_golden_funnel\full_eval\epoch_0030_tokenized_distill_epochs200\images\monet_00444_to_cezanne.jpg","17083","0.016292","2026/4/5 23:53:11"
"45\45_01_golden_funnel\full_eval\epoch_0030_tokenized_distill_epochs200\images\monet_00444_to_Hayao.jpg","16750","0.015974","2026/4/5 23:53:10"
"45\45_01_golden_funnel\full_eval\epoch_0030_tokenized_distill_epochs200\images\monet_00444_to_monet.jpg","17202","0.016405","2026/4/5 23:53:10"
"45\45_01_golden_funnel\full_eval\epoch_0030_tokenized_distill_epochs200\images\monet_00444_to_photo.jpg","17510","0.016699","2026/4/5 23:53:10"
"45\45_01_golden_funnel\full_eval\epoch_0030_tokenized_distill_epochs200\images\monet_00444_to_vangogh.jpg","17025","0.016236","2026/4/5 23:53:10"
"45\45_01_golden_funnel\full_eval\epoch_0030_tokenized_distill_epochs200\images\monet_00446_to_cezanne.jpg","17095","0.016303","2026/4/5 23:53:17"
"45\45_01_golden_funnel\full_eval\epoch_0030_tokenized_distill_epochs200\images\monet_00446_to_Hayao.jpg","16600","0.015831","2026/4/5 23:53:17"
"45\45_01_golden_funnel\full_eval\epoch_0030_tokenized_distill_epochs200\images\monet_00446_to_monet.jpg","16942","0.016157","2026/4/5 23:53:17"
"45\45_01_golden_funnel\full_eval\epoch_0030_tokenized_distill_epochs200\images\monet_00446_to_photo.jpg","17447","0.016639","2026/4/5 23:53:17"
"45\45_01_golden_funnel\full_eval\epoch_0030_tokenized_distill_epochs200\images\monet_00446_to_vangogh.jpg","17445","0.016637","2026/4/5 23:53:17"
"45\45_01_golden_funnel\full_eval\epoch_0030_tokenized_distill_epochs200\images\monet_00542_to_cezanne.jpg","15623","0.014899","2026/4/5 23:53:13"
"45\45_01_golden_funnel\full_eval\epoch_0030_tokenized_distill_epochs200\images\monet_00542_to_Hayao.jpg","15795","0.015063","2026/4/5 23:53:12"
"45\45_01_golden_funnel\full_eval\epoch_0030_tokenized_distill_epochs200\images\monet_00542_to_monet.jpg","16033","0.01529","2026/4/5 23:53:12"
"45\45_01_golden_funnel\full_eval\epoch_0030_tokenized_distill_epochs200\images\monet_00542_to_photo.jpg","16051","0.015307","2026/4/5 23:53:12"
"45\45_01_golden_funnel\full_eval\epoch_0030_tokenized_distill_epochs200\images\monet_00542_to_vangogh.jpg","16019","0.015277","2026/4/5 23:53:13"
"45\45_01_golden_funnel\full_eval\epoch_0030_tokenized_distill_epochs200\images\monet_00557_to_cezanne.jpg","17838","0.017012","2026/4/5 23:53:19"
"45\45_01_golden_funnel\full_eval\epoch_0030_tokenized_distill_epochs200\images\monet_00557_to_Hayao.jpg","17529","0.016717","2026/4/5 23:53:18"
"45\45_01_golden_funnel\full_eval\epoch_0030_tokenized_distill_epochs200\images\monet_00557_to_monet.jpg","17595","0.01678","2026/4/5 23:53:18"
"45\45_01_golden_funnel\full_eval\epoch_0030_tokenized_distill_epochs200\images\monet_00557_to_photo.jpg","17592","0.016777","2026/4/5 23:53:18"
"45\45_01_golden_funnel\full_eval\epoch_0030_tokenized_distill_epochs200\images\monet_00557_to_vangogh.jpg","17998","0.017164","2026/4/5 23:53:18"
"45\45_01_golden_funnel\full_eval\epoch_0030_tokenized_distill_epochs200\images\monet_00607_to_cezanne.jpg","17225","0.016427","2026/4/5 23:53:11"
"45\45_01_golden_funnel\full_eval\epoch_0030_tokenized_distill_epochs200\images\monet_00607_to_Hayao.jpg","16717","0.015943","2026/4/5 23:53:10"
"45\45_01_golden_funnel\full_eval\epoch_0030_tokenized_distill_epochs200\images\monet_00607_to_monet.jpg","17815","0.01699","2026/4/5 23:53:10"
"45\45_01_golden_funnel\full_eval\epoch_0030_tokenized_distill_epochs200\images\monet_00607_to_photo.jpg","17461","0.016652","2026/4/5 23:53:10"
"45\45_01_golden_funnel\full_eval\epoch_0030_tokenized_distill_epochs200\images\monet_00607_to_vangogh.jpg","18113","0.017274","2026/4/5 23:53:10"
"45\45_01_golden_funnel\full_eval\epoch_0030_tokenized_distill_epochs200\images\monet_00677_to_cezanne.jpg","17377","0.016572","2026/4/5 23:53:15"
"45\45_01_golden_funnel\full_eval\epoch_0030_tokenized_distill_epochs200\images\monet_00677_to_Hayao.jpg","16770","0.015993","2026/4/5 23:53:15"
"45\45_01_golden_funnel\full_eval\epoch_0030_tokenized_distill_epochs200\images\monet_00677_to_monet.jpg","17693","0.016873","2026/4/5 23:53:15"
"45\45_01_golden_funnel\full_eval\epoch_0030_tokenized_distill_epochs200\images\monet_00677_to_photo.jpg","17544","0.016731","2026/4/5 23:53:14"
"45\45_01_golden_funnel\full_eval\epoch_0030_tokenized_distill_epochs200\images\monet_00677_to_vangogh.jpg","17510","0.016699","2026/4/5 23:53:15"
"45\45_01_golden_funnel\full_eval\epoch_0030_tokenized_distill_epochs200\images\monet_00695_to_cezanne.jpg","17700","0.01688","2026/4/5 23:53:11"
"45\45_01_golden_funnel\full_eval\epoch_0030_tokenized_distill_epochs200\images\monet_00695_to_Hayao.jpg","17418","0.016611","2026/4/5 23:53:10"
"45\45_01_golden_funnel\full_eval\epoch_0030_tokenized_distill_epochs200\images\monet_00695_to_monet.jpg","17967","0.017135","2026/4/5 23:53:10"
"45\45_01_golden_funnel\full_eval\epoch_0030_tokenized_distill_epochs200\images\monet_00695_to_photo.jpg","17901","0.017072","2026/4/5 23:53:10"
"45\45_01_golden_funnel\full_eval\epoch_0030_tokenized_distill_epochs200\images\monet_00695_to_vangogh.jpg","18519","0.017661","2026/4/5 23:53:10"
"45\45_01_golden_funnel\full_eval\epoch_0030_tokenized_distill_epochs200\images\monet_00756_to_cezanne.jpg","16091","0.015346","2026/4/5 23:53:12"
"45\45_01_golden_funnel\full_eval\epoch_0030_tokenized_distill_epochs200\images\monet_00756_to_Hayao.jpg","15994","0.015253","2026/4/5 23:53:11"
"45\45_01_golden_funnel\full_eval\epoch_0030_tokenized_distill_epochs200\images\monet_00756_to_monet.jpg","16758","0.015982","2026/4/5 23:53:11"
"45\45_01_golden_funnel\full_eval\epoch_0030_tokenized_distill_epochs200\images\monet_00756_to_photo.jpg","17020","0.016232","2026/4/5 23:53:11"
"45\45_01_golden_funnel\full_eval\epoch_0030_tokenized_distill_epochs200\images\monet_00756_to_vangogh.jpg","17044","0.016254","2026/4/5 23:53:11"
"45\45_01_golden_funnel\full_eval\epoch_0030_tokenized_distill_epochs200\images\monet_00776_to_cezanne.jpg","16884","0.016102","2026/4/5 23:53:17"
"45\45_01_golden_funnel\full_eval\epoch_0030_tokenized_distill_epochs200\images\monet_00776_to_Hayao.jpg","16876","0.016094","2026/4/5 23:53:17"
"45\45_01_golden_funnel\full_eval\epoch_0030_tokenized_distill_epochs200\images\monet_00776_to_monet.jpg","17257","0.016458","2026/4/5 23:53:17"
"45\45_01_golden_funnel\full_eval\epoch_0030_tokenized_distill_epochs200\images\monet_00776_to_photo.jpg","16899","0.016116","2026/4/5 23:53:17"
"45\45_01_golden_funnel\full_eval\epoch_0030_tokenized_distill_epochs200\images\monet_00776_to_vangogh.jpg","17265","0.016465","2026/4/5 23:53:17"
"45\45_01_golden_funnel\full_eval\epoch_0030_tokenized_distill_epochs200\images\monet_00786_to_cezanne.jpg","17988","0.017155","2026/4/5 23:53:13"
"45\45_01_golden_funnel\full_eval\epoch_0030_tokenized_distill_epochs200\images\monet_00786_to_Hayao.jpg","17540","0.016727","2026/4/5 23:53:12"
"45\45_01_golden_funnel\full_eval\epoch_0030_tokenized_distill_epochs200\images\monet_00786_to_monet.jpg","18001","0.017167","2026/4/5 23:53:12"
"45\45_01_golden_funnel\full_eval\epoch_0030_tokenized_distill_epochs200\images\monet_00786_to_photo.jpg","17808","0.016983","2026/4/5 23:53:12"
"45\45_01_golden_funnel\full_eval\epoch_0030_tokenized_distill_epochs200\images\monet_00786_to_vangogh.jpg","18110","0.017271","2026/4/5 23:53:13"
"45\45_01_golden_funnel\full_eval\epoch_0030_tokenized_distill_epochs200\images\monet_00789_to_cezanne.jpg","17747","0.016925","2026/4/5 23:53:17"
"45\45_01_golden_funnel\full_eval\epoch_0030_tokenized_distill_epochs200\images\monet_00789_to_Hayao.jpg","17411","0.016604","2026/4/5 23:53:17"
"45\45_01_golden_funnel\full_eval\epoch_0030_tokenized_distill_epochs200\images\monet_00789_to_monet.jpg","17505","0.016694","2026/4/5 23:53:17"
"45\45_01_golden_funnel\full_eval\epoch_0030_tokenized_distill_epochs200\images\monet_00789_to_photo.jpg","17511","0.0167","2026/4/5 23:53:17"
"45\45_01_golden_funnel\full_eval\epoch_0030_tokenized_distill_epochs200\images\monet_00789_to_vangogh.jpg","17501","0.01669","2026/4/5 23:53:17"
"45\45_01_golden_funnel\full_eval\epoch_0030_tokenized_distill_epochs200\images\monet_00812_to_cezanne.jpg","17373","0.016568","2026/4/5 23:53:13"
"45\45_01_golden_funnel\full_eval\epoch_0030_tokenized_distill_epochs200\images\monet_00812_to_Hayao.jpg","17193","0.016397","2026/4/5 23:53:12"
"45\45_01_golden_funnel\full_eval\epoch_0030_tokenized_distill_epochs200\images\monet_00812_to_monet.jpg","17566","0.016752","2026/4/5 23:53:12"
"45\45_01_golden_funnel\full_eval\epoch_0030_tokenized_distill_epochs200\images\monet_00812_to_photo.jpg","17528","0.016716","2026/4/5 23:53:12"
"45\45_01_golden_funnel\full_eval\epoch_0030_tokenized_distill_epochs200\images\monet_00812_to_vangogh.jpg","17598","0.016783","2026/4/5 23:53:13"
"45\45_01_golden_funnel\full_eval\epoch_0030_tokenized_distill_epochs200\images\monet_00928_to_cezanne.jpg","17804","0.016979","2026/4/5 23:53:16"
"45\45_01_golden_funnel\full_eval\epoch_0030_tokenized_distill_epochs200\images\monet_00928_to_Hayao.jpg","17687","0.016868","2026/4/5 23:53:16"
"45\45_01_golden_funnel\full_eval\epoch_0030_tokenized_distill_epochs200\images\monet_00928_to_monet.jpg","17897","0.017068","2026/4/5 23:53:16"
"45\45_01_golden_funnel\full_eval\epoch_0030_tokenized_distill_epochs200\images\monet_00928_to_photo.jpg","18173","0.017331","2026/4/5 23:53:15"
"45\45_01_golden_funnel\full_eval\epoch_0030_tokenized_distill_epochs200\images\monet_00928_to_vangogh.jpg","18247","0.017402","2026/4/5 23:53:16"
"45\45_01_golden_funnel\full_eval\epoch_0030_tokenized_distill_epochs200\images\monet_00959_to_cezanne.jpg","16199","0.015449","2026/4/5 23:53:15"
"45\45_01_golden_funnel\full_eval\epoch_0030_tokenized_distill_epochs200\images\monet_00959_to_Hayao.jpg","15288","0.01458","2026/4/5 23:53:15"
"45\45_01_golden_funnel\full_eval\epoch_0030_tokenized_distill_epochs200\images\monet_00959_to_monet.jpg","16755","0.015979","2026/4/5 23:53:15"
"45\45_01_golden_funnel\full_eval\epoch_0030_tokenized_distill_epochs200\images\monet_00959_to_photo.jpg","16545","0.015779","2026/4/5 23:53:14"
"45\45_01_golden_funnel\full_eval\epoch_0030_tokenized_distill_epochs200\images\monet_00959_to_vangogh.jpg","17049","0.016259","2026/4/5 23:53:15"
"45\45_01_golden_funnel\full_eval\epoch_0030_tokenized_distill_epochs200\images\monet_01039_to_cezanne.jpg","15795","0.015063","2026/4/5 23:53:14"
"45\45_01_golden_funnel\full_eval\epoch_0030_tokenized_distill_epochs200\images\monet_01039_to_Hayao.jpg","15359","0.014647","2026/4/5 23:53:13"
"45\45_01_golden_funnel\full_eval\epoch_0030_tokenized_distill_epochs200\images\monet_01039_to_monet.jpg","16700","0.015926","2026/4/5 23:53:14"
"45\45_01_golden_funnel\full_eval\epoch_0030_tokenized_distill_epochs200\images\monet_01039_to_photo.jpg","17186","0.01639","2026/4/5 23:53:13"
"45\45_01_golden_funnel\full_eval\epoch_0030_tokenized_distill_epochs200\images\monet_01039_to_vangogh.jpg","16884","0.016102","2026/4/5 23:53:14"
"45\45_01_golden_funnel\full_eval\epoch_0030_tokenized_distill_epochs200\images\monet_01059_to_cezanne.jpg","16663","0.015891","2026/4/5 23:53:14"
"45\45_01_golden_funnel\full_eval\epoch_0030_tokenized_distill_epochs200\images\monet_01059_to_Hayao.jpg","16423","0.015662","2026/4/5 23:53:13"
"45\45_01_golden_funnel\full_eval\epoch_0030_tokenized_distill_epochs200\images\monet_01059_to_monet.jpg","17475","0.016665","2026/4/5 23:53:14"
"45\45_01_golden_funnel\full_eval\epoch_0030_tokenized_distill_epochs200\images\monet_01059_to_photo.jpg","17193","0.016397","2026/4/5 23:53:13"
"45\45_01_golden_funnel\full_eval\epoch_0030_tokenized_distill_epochs200\images\monet_01059_to_vangogh.jpg","17517","0.016706","2026/4/5 23:53:14"
"45\45_01_golden_funnel\full_eval\epoch_0030_tokenized_distill_epochs200\images\monet_01127_to_cezanne.jpg","15742","0.015013","2026/4/5 23:53:17"
"45\45_01_golden_funnel\full_eval\epoch_0030_tokenized_distill_epochs200\images\monet_01127_to_Hayao.jpg","14750","0.014067","2026/4/5 23:53:17"
"45\45_01_golden_funnel\full_eval\epoch_0030_tokenized_distill_epochs200\images\monet_01127_to_monet.jpg","16571","0.015803","2026/4/5 23:53:17"
"45\45_01_golden_funnel\full_eval\epoch_0030_tokenized_distill_epochs200\images\monet_01127_to_photo.jpg","16650","0.015879","2026/4/5 23:53:17"
"45\45_01_golden_funnel\full_eval\epoch_0030_tokenized_distill_epochs200\images\monet_01127_to_vangogh.jpg","17085","0.016294","2026/4/5 23:53:17"
"45\45_01_golden_funnel\full_eval\epoch_0030_tokenized_distill_epochs200\images\monet_01151_to_cezanne.jpg","17281","0.01648","2026/4/5 23:53:19"
"45\45_01_golden_funnel\full_eval\epoch_0030_tokenized_distill_epochs200\images\monet_01151_to_Hayao.jpg","16726","0.015951","2026/4/5 23:53:18"
"45\45_01_golden_funnel\full_eval\epoch_0030_tokenized_distill_epochs200\images\monet_01151_to_monet.jpg","17717","0.016896","2026/4/5 23:53:18"
"45\45_01_golden_funnel\full_eval\epoch_0030_tokenized_distill_epochs200\images\monet_01151_to_photo.jpg","18032","0.017197","2026/4/5 23:53:18"
"45\45_01_golden_funnel\full_eval\epoch_0030_tokenized_distill_epochs200\images\monet_01151_to_vangogh.jpg","17910","0.01708","2026/4/5 23:53:18"
"45\45_01_golden_funnel\full_eval\epoch_0030_tokenized_distill_epochs200\images\monet_01155_to_cezanne.jpg","17321","0.016519","2026/4/5 23:53:16"
"45\45_01_golden_funnel\full_eval\epoch_0030_tokenized_distill_epochs200\images\monet_01155_to_Hayao.jpg","16640","0.015869","2026/4/5 23:53:16"
"45\45_01_golden_funnel\full_eval\epoch_0030_tokenized_distill_epochs200\images\monet_01155_to_monet.jpg","17457","0.016648","2026/4/5 23:53:16"
"45\45_01_golden_funnel\full_eval\epoch_0030_tokenized_distill_epochs200\images\monet_01155_to_photo.jpg","17286","0.016485","2026/4/5 23:53:15"
"45\45_01_golden_funnel\full_eval\epoch_0030_tokenized_distill_epochs200\images\monet_01155_to_vangogh.jpg","17733","0.016912","2026/4/5 23:53:16"
"45\45_01_golden_funnel\full_eval\epoch_0030_tokenized_distill_epochs200\images\monet_01208_to_cezanne.jpg","17646","0.016829","2026/4/5 23:53:12"
"45\45_01_golden_funnel\full_eval\epoch_0030_tokenized_distill_epochs200\images\monet_01208_to_Hayao.jpg","17420","0.016613","2026/4/5 23:53:11"
"45\45_01_golden_funnel\full_eval\epoch_0030_tokenized_distill_epochs200\images\monet_01208_to_monet.jpg","17676","0.016857","2026/4/5 23:53:11"
"45\45_01_golden_funnel\full_eval\epoch_0030_tokenized_distill_epochs200\images\monet_01208_to_photo.jpg","18235","0.01739","2026/4/5 23:53:11"
"45\45_01_golden_funnel\full_eval\epoch_0030_tokenized_distill_epochs200\images\monet_01208_to_vangogh.jpg","17718","0.016897","2026/4/5 23:53:11"
"45\45_01_golden_funnel\full_eval\epoch_0030_tokenized_distill_epochs200\images\monet_01326_to_cezanne.jpg","17339","0.016536","2026/4/5 23:53:16"
"45\45_01_golden_funnel\full_eval\epoch_0030_tokenized_distill_epochs200\images\monet_01326_to_Hayao.jpg","16456","0.015694","2026/4/5 23:53:16"
"45\45_01_golden_funnel\full_eval\epoch_0030_tokenized_distill_epochs200\images\monet_01326_to_monet.jpg","17902","0.017073","2026/4/5 23:53:16"
"45\45_01_golden_funnel\full_eval\epoch_0030_tokenized_distill_epochs200\images\monet_01326_to_photo.jpg","17798","0.016973","2026/4/5 23:53:15"
"45\45_01_golden_funnel\full_eval\epoch_0030_tokenized_distill_epochs200\images\monet_01326_to_vangogh.jpg","17547","0.016734","2026/4/5 23:53:16"
"45\45_01_golden_funnel\full_eval\epoch_0030_tokenized_distill_epochs200\images\photo_2013-11-08 16_45_24_to_cezanne.jpg","14146","0.013491","2026/4/5 23:52:58"
"45\45_01_golden_funnel\full_eval\epoch_0030_tokenized_distill_epochs200\images\photo_2013-11-08 16_45_24_to_Hayao.jpg","14160","0.013504","2026/4/5 23:52:57"
"45\45_01_golden_funnel\full_eval\epoch_0030_tokenized_distill_epochs200\images\photo_2013-11-08 16_45_24_to_monet.jpg","15123","0.014422","2026/4/5 23:52:57"
"45\45_01_golden_funnel\full_eval\epoch_0030_tokenized_distill_epochs200\images\photo_2013-11-08 16_45_24_to_photo.jpg","15012","0.014317","2026/4/5 23:52:57"
"45\45_01_golden_funnel\full_eval\epoch_0030_tokenized_distill_epochs200\images\photo_2013-11-08 16_45_24_to_vangogh.jpg","15255","0.014548","2026/4/5 23:52:57"
"45\45_01_golden_funnel\full_eval\epoch_0030_tokenized_distill_epochs200\images\photo_2013-11-10 12_45_41_to_cezanne.jpg","16333","0.015576","2026/4/5 23:52:57"
"45\45_01_golden_funnel\full_eval\epoch_0030_tokenized_distill_epochs200\images\photo_2013-11-10 12_45_41_to_Hayao.jpg","15889","0.015153","2026/4/5 23:52:56"
"45\45_01_golden_funnel\full_eval\epoch_0030_tokenized_distill_epochs200\images\photo_2013-11-10 12_45_41_to_monet.jpg","16239","0.015487","2026/4/5 23:52:56"
"45\45_01_golden_funnel\full_eval\epoch_0030_tokenized_distill_epochs200\images\photo_2013-11-10 12_45_41_to_photo.jpg","16246","0.015493","2026/4/5 23:52:56"
"45\45_01_golden_funnel\full_eval\epoch_0030_tokenized_distill_epochs200\images\photo_2013-11-10 12_45_41_to_vangogh.jpg","16462","0.015699","2026/4/5 23:52:56"
"45\45_01_golden_funnel\full_eval\epoch_0030_tokenized_distill_epochs200\images\photo_2013-11-10 19_30_53_to_cezanne.jpg","17424","0.016617","2026/4/5 23:52:54"
"45\45_01_golden_funnel\full_eval\epoch_0030_tokenized_distill_epochs200\images\photo_2013-11-10 19_30_53_to_Hayao.jpg","16808","0.016029","2026/4/5 23:52:54"
"45\45_01_golden_funnel\full_eval\epoch_0030_tokenized_distill_epochs200\images\photo_2013-11-10 19_30_53_to_monet.jpg","17339","0.016536","2026/4/5 23:52:54"
"45\45_01_golden_funnel\full_eval\epoch_0030_tokenized_distill_epochs200\images\photo_2013-11-10 19_30_53_to_photo.jpg","17008","0.01622","2026/4/5 23:52:53"
"45\45_01_golden_funnel\full_eval\epoch_0030_tokenized_distill_epochs200\images\photo_2013-11-10 19_30_53_to_vangogh.jpg","17414","0.016607","2026/4/5 23:52:54"
"45\45_01_golden_funnel\full_eval\epoch_0030_tokenized_distill_epochs200\images\photo_2013-11-11 22_03_00_to_cezanne.jpg","17005","0.016217","2026/4/5 23:52:54"
"45\45_01_golden_funnel\full_eval\epoch_0030_tokenized_distill_epochs200\images\photo_2013-11-11 22_03_00_to_Hayao.jpg","16792","0.016014","2026/4/5 23:52:54"
"45\45_01_golden_funnel\full_eval\epoch_0030_tokenized_distill_epochs200\images\photo_2013-11-11 22_03_00_to_monet.jpg","17628","0.016811","2026/4/5 23:52:54"
"45\45_01_golden_funnel\full_eval\epoch_0030_tokenized_distill_epochs200\images\photo_2013-11-11 22_03_00_to_photo.jpg","17835","0.017009","2026/4/5 23:52:53"
"45\45_01_golden_funnel\full_eval\epoch_0030_tokenized_distill_epochs200\images\photo_2013-11-11 22_03_00_to_vangogh.jpg","17637","0.01682","2026/4/5 23:52:54"
"45\45_01_golden_funnel\full_eval\epoch_0030_tokenized_distill_epochs200\images\photo_2013-11-12 01_54_20_to_cezanne.jpg","16248","0.015495","2026/4/5 23:52:58"
"45\45_01_golden_funnel\full_eval\epoch_0030_tokenized_distill_epochs200\images\photo_2013-11-12 01_54_20_to_Hayao.jpg","16029","0.015286","2026/4/5 23:52:57"
"45\45_01_golden_funnel\full_eval\epoch_0030_tokenized_distill_epochs200\images\photo_2013-11-12 01_54_20_to_monet.jpg","16760","0.015984","2026/4/5 23:52:57"
"45\45_01_golden_funnel\full_eval\epoch_0030_tokenized_distill_epochs200\images\photo_2013-11-12 01_54_20_to_photo.jpg","16935","0.01615","2026/4/5 23:52:57"
"45\45_01_golden_funnel\full_eval\epoch_0030_tokenized_distill_epochs200\images\photo_2013-11-12 01_54_20_to_vangogh.jpg","16678","0.015905","2026/4/5 23:52:57"
"45\45_01_golden_funnel\full_eval\epoch_0030_tokenized_distill_epochs200\images\photo_2013-11-12 10_29_19_to_cezanne.jpg","17471","0.016662","2026/4/5 23:52:53"
"45\45_01_golden_funnel\full_eval\epoch_0030_tokenized_distill_epochs200\images\photo_2013-11-12 10_29_19_to_Hayao.jpg","17183","0.016387","2026/4/5 23:52:52"
"45\45_01_golden_funnel\full_eval\epoch_0030_tokenized_distill_epochs200\images\photo_2013-11-12 10_29_19_to_monet.jpg","17863","0.017035","2026/4/5 23:52:53"
"45\45_01_golden_funnel\full_eval\epoch_0030_tokenized_distill_epochs200\images\photo_2013-11-12 10_29_19_to_photo.jpg","17939","0.017108","2026/4/5 23:52:52"
"45\45_01_golden_funnel\full_eval\epoch_0030_tokenized_distill_epochs200\images\photo_2013-11-12 10_29_19_to_vangogh.jpg","17866","0.017038","2026/4/5 23:52:53"
"45\45_01_golden_funnel\full_eval\epoch_0030_tokenized_distill_epochs200\images\photo_2013-11-12 16_58_40_to_cezanne.jpg","15850","0.015116","2026/4/5 23:52:57"
"45\45_01_golden_funnel\full_eval\epoch_0030_tokenized_distill_epochs200\images\photo_2013-11-12 16_58_40_to_Hayao.jpg","15455","0.014739","2026/4/5 23:52:56"
"45\45_01_golden_funnel\full_eval\epoch_0030_tokenized_distill_epochs200\images\photo_2013-11-12 16_58_40_to_monet.jpg","16044","0.015301","2026/4/5 23:52:56"
"45\45_01_golden_funnel\full_eval\epoch_0030_tokenized_distill_epochs200\images\photo_2013-11-12 16_58_40_to_photo.jpg","16254","0.015501","2026/4/5 23:52:56"
"45\45_01_golden_funnel\full_eval\epoch_0030_tokenized_distill_epochs200\images\photo_2013-11-12 16_58_40_to_vangogh.jpg","16473","0.01571","2026/4/5 23:52:56"
"45\45_01_golden_funnel\full_eval\epoch_0030_tokenized_distill_epochs200\images\photo_2013-11-14 07_04_51_to_cezanne.jpg","16021","0.015279","2026/4/5 23:52:55"
"45\45_01_golden_funnel\full_eval\epoch_0030_tokenized_distill_epochs200\images\photo_2013-11-14 07_04_51_to_Hayao.jpg","15595","0.014873","2026/4/5 23:52:55"
"45\45_01_golden_funnel\full_eval\epoch_0030_tokenized_distill_epochs200\images\photo_2013-11-14 07_04_51_to_monet.jpg","17145","0.016351","2026/4/5 23:52:55"
"45\45_01_golden_funnel\full_eval\epoch_0030_tokenized_distill_epochs200\images\photo_2013-11-14 07_04_51_to_photo.jpg","16475","0.015712","2026/4/5 23:52:55"
"45\45_01_golden_funnel\full_eval\epoch_0030_tokenized_distill_epochs200\images\photo_2013-11-14 07_04_51_to_vangogh.jpg","16935","0.01615","2026/4/5 23:52:55"
"45\45_01_golden_funnel\full_eval\epoch_0030_tokenized_distill_epochs200\images\photo_2013-11-14 14_11_02_to_cezanne.jpg","17878","0.01705","2026/4/5 23:52:59"
"45\45_01_golden_funnel\full_eval\epoch_0030_tokenized_distill_epochs200\images\photo_2013-11-14 14_11_02_to_Hayao.jpg","17787","0.016963","2026/4/5 23:52:58"
"45\45_01_golden_funnel\full_eval\epoch_0030_tokenized_distill_epochs200\images\photo_2013-11-14 14_11_02_to_monet.jpg","17754","0.016932","2026/4/5 23:52:58"
"45\45_01_golden_funnel\full_eval\epoch_0030_tokenized_distill_epochs200\images\photo_2013-11-14 14_11_02_to_photo.jpg","17565","0.016751","2026/4/5 23:52:58"
"45\45_01_golden_funnel\full_eval\epoch_0030_tokenized_distill_epochs200\images\photo_2013-11-14 14_11_02_to_vangogh.jpg","17879","0.017051","2026/4/5 23:52:59"
"45\45_01_golden_funnel\full_eval\epoch_0030_tokenized_distill_epochs200\images\photo_2013-11-16 04_17_00_to_cezanne.jpg","15930","0.015192","2026/4/5 23:52:53"
"45\45_01_golden_funnel\full_eval\epoch_0030_tokenized_distill_epochs200\images\photo_2013-11-16 04_17_00_to_Hayao.jpg","15714","0.014986","2026/4/5 23:52:52"
"45\45_01_golden_funnel\full_eval\epoch_0030_tokenized_distill_epochs200\images\photo_2013-11-16 04_17_00_to_monet.jpg","16609","0.01584","2026/4/5 23:52:53"
"45\45_01_golden_funnel\full_eval\epoch_0030_tokenized_distill_epochs200\images\photo_2013-11-16 04_17_00_to_photo.jpg","16326","0.01557","2026/4/5 23:52:52"
"45\45_01_golden_funnel\full_eval\epoch_0030_tokenized_distill_epochs200\images\photo_2013-11-16 04_17_00_to_vangogh.jpg","16820","0.016041","2026/4/5 23:52:53"
"45\45_01_golden_funnel\full_eval\epoch_0030_tokenized_distill_epochs200\images\photo_2013-11-17 09_05_09_to_cezanne.jpg","15401","0.014688","2026/4/5 23:53:00"
"45\45_01_golden_funnel\full_eval\epoch_0030_tokenized_distill_epochs200\images\photo_2013-11-17 09_05_09_to_Hayao.jpg","15083","0.014384","2026/4/5 23:52:59"
"45\45_01_golden_funnel\full_eval\epoch_0030_tokenized_distill_epochs200\images\photo_2013-11-17 09_05_09_to_monet.jpg","16685","0.015912","2026/4/5 23:53:00"
"45\45_01_golden_funnel\full_eval\epoch_0030_tokenized_distill_epochs200\images\photo_2013-11-17 09_05_09_to_photo.jpg","16715","0.015941","2026/4/5 23:52:59"
"45\45_01_golden_funnel\full_eval\epoch_0030_tokenized_distill_epochs200\images\photo_2013-11-17 09_05_09_to_vangogh.jpg","16692","0.015919","2026/4/5 23:53:00"
"45\45_01_golden_funnel\full_eval\epoch_0030_tokenized_distill_epochs200\images\photo_2013-11-17 14_54_20_to_cezanne.jpg","17628","0.016811","2026/4/5 23:52:55"
"45\45_01_golden_funnel\full_eval\epoch_0030_tokenized_distill_epochs200\images\photo_2013-11-17 14_54_20_to_Hayao.jpg","17217","0.016419","2026/4/5 23:52:55"
"45\45_01_golden_funnel\full_eval\epoch_0030_tokenized_distill_epochs200\images\photo_2013-11-17 14_54_20_to_monet.jpg","17525","0.016713","2026/4/5 23:52:55"
"45\45_01_golden_funnel\full_eval\epoch_0030_tokenized_distill_epochs200\images\photo_2013-11-17 14_54_20_to_photo.jpg","16918","0.016134","2026/4/5 23:52:55"
"45\45_01_golden_funnel\full_eval\epoch_0030_tokenized_distill_epochs200\images\photo_2013-11-17 14_54_20_to_vangogh.jpg","17972","0.017139","2026/4/5 23:52:55"
"45\45_01_golden_funnel\full_eval\epoch_0030_tokenized_distill_epochs200\images\photo_2013-11-17 16_40_10_to_cezanne.jpg","16673","0.015901","2026/4/5 23:53:01"
"45\45_01_golden_funnel\full_eval\epoch_0030_tokenized_distill_epochs200\images\photo_2013-11-17 16_40_10_to_Hayao.jpg","16312","0.015556","2026/4/5 23:53:01"
"45\45_01_golden_funnel\full_eval\epoch_0030_tokenized_distill_epochs200\images\photo_2013-11-17 16_40_10_to_monet.jpg","16325","0.015569","2026/4/5 23:53:01"
"45\45_01_golden_funnel\full_eval\epoch_0030_tokenized_distill_epochs200\images\photo_2013-11-17 16_40_10_to_photo.jpg","16126","0.015379","2026/4/5 23:53:00"
"45\45_01_golden_funnel\full_eval\epoch_0030_tokenized_distill_epochs200\images\photo_2013-11-17 16_40_10_to_vangogh.jpg","16635","0.015864","2026/4/5 23:53:01"
"45\45_01_golden_funnel\full_eval\epoch_0030_tokenized_distill_epochs200\images\photo_2013-11-17 17_36_09_to_cezanne.jpg","17526","0.016714","2026/4/5 23:52:53"
"45\45_01_golden_funnel\full_eval\epoch_0030_tokenized_distill_epochs200\images\photo_2013-11-17 17_36_09_to_Hayao.jpg","17063","0.016273","2026/4/5 23:52:52"
"45\45_01_golden_funnel\full_eval\epoch_0030_tokenized_distill_epochs200\images\photo_2013-11-17 17_36_09_to_monet.jpg","17517","0.016706","2026/4/5 23:52:53"
"45\45_01_golden_funnel\full_eval\epoch_0030_tokenized_distill_epochs200\images\photo_2013-11-17 17_36_09_to_photo.jpg","18005","0.017171","2026/4/5 23:52:52"
"45\45_01_golden_funnel\full_eval\epoch_0030_tokenized_distill_epochs200\images\photo_2013-11-17 17_36_09_to_vangogh.jpg","17743","0.016921","2026/4/5 23:52:53"
"45\45_01_golden_funnel\full_eval\epoch_0030_tokenized_distill_epochs200\images\photo_2013-11-17 18_08_26_to_cezanne.jpg","16847","0.016067","2026/4/5 23:52:58"
"45\45_01_golden_funnel\full_eval\epoch_0030_tokenized_distill_epochs200\images\photo_2013-11-17 18_08_26_to_Hayao.jpg","16295","0.01554","2026/4/5 23:52:57"
"45\45_01_golden_funnel\full_eval\epoch_0030_tokenized_distill_epochs200\images\photo_2013-11-17 18_08_26_to_monet.jpg","16957","0.016171","2026/4/5 23:52:57"
"45\45_01_golden_funnel\full_eval\epoch_0030_tokenized_distill_epochs200\images\photo_2013-11-17 18_08_26_to_photo.jpg","17014","0.016226","2026/4/5 23:52:57"
"45\45_01_golden_funnel\full_eval\epoch_0030_tokenized_distill_epochs200\images\photo_2013-11-17 18_08_26_to_vangogh.jpg","17080","0.016289","2026/4/5 23:52:57"
"45\45_01_golden_funnel\full_eval\epoch_0030_tokenized_distill_epochs200\images\photo_2013-11-17 23_58_45_to_cezanne.jpg","17077","0.016286","2026/4/5 23:52:53"
"45\45_01_golden_funnel\full_eval\epoch_0030_tokenized_distill_epochs200\images\photo_2013-11-17 23_58_45_to_Hayao.jpg","16953","0.016168","2026/4/5 23:52:52"
"45\45_01_golden_funnel\full_eval\epoch_0030_tokenized_distill_epochs200\images\photo_2013-11-17 23_58_45_to_monet.jpg","16918","0.016134","2026/4/5 23:52:53"
"45\45_01_golden_funnel\full_eval\epoch_0030_tokenized_distill_epochs200\images\photo_2013-11-17 23_58_45_to_photo.jpg","16857","0.016076","2026/4/5 23:52:52"
"45\45_01_golden_funnel\full_eval\epoch_0030_tokenized_distill_epochs200\images\photo_2013-11-17 23_58_45_to_vangogh.jpg","17107","0.016315","2026/4/5 23:52:53"
"45\45_01_golden_funnel\full_eval\epoch_0030_tokenized_distill_epochs200\images\photo_2013-11-18 02_42_31_to_cezanne.jpg","17665","0.016847","2026/4/5 23:52:54"
"45\45_01_golden_funnel\full_eval\epoch_0030_tokenized_distill_epochs200\images\photo_2013-11-18 02_42_31_to_Hayao.jpg","17362","0.016558","2026/4/5 23:52:54"
"45\45_01_golden_funnel\full_eval\epoch_0030_tokenized_distill_epochs200\images\photo_2013-11-18 02_42_31_to_monet.jpg","17115","0.016322","2026/4/5 23:52:54"
"45\45_01_golden_funnel\full_eval\epoch_0030_tokenized_distill_epochs200\images\photo_2013-11-18 02_42_31_to_photo.jpg","17055","0.016265","2026/4/5 23:52:53"
"45\45_01_golden_funnel\full_eval\epoch_0030_tokenized_distill_epochs200\images\photo_2013-11-18 02_42_31_to_vangogh.jpg","17606","0.01679","2026/4/5 23:52:54"
"45\45_01_golden_funnel\full_eval\epoch_0030_tokenized_distill_epochs200\images\photo_2013-11-18 06_58_36_to_cezanne.jpg","16567","0.0158","2026/4/5 23:53:00"
"45\45_01_golden_funnel\full_eval\epoch_0030_tokenized_distill_epochs200\images\photo_2013-11-18 06_58_36_to_Hayao.jpg","16343","0.015586","2026/4/5 23:52:59"
"45\45_01_golden_funnel\full_eval\epoch_0030_tokenized_distill_epochs200\images\photo_2013-11-18 06_58_36_to_monet.jpg","16804","0.016026","2026/4/5 23:53:00"
"45\45_01_golden_funnel\full_eval\epoch_0030_tokenized_distill_epochs200\images\photo_2013-11-18 06_58_36_to_photo.jpg","16385","0.015626","2026/4/5 23:52:59"
"45\45_01_golden_funnel\full_eval\epoch_0030_tokenized_distill_epochs200\images\photo_2013-11-18 06_58_36_to_vangogh.jpg","16724","0.015949","2026/4/5 23:53:00"
"45\45_01_golden_funnel\full_eval\epoch_0030_tokenized_distill_epochs200\images\photo_2013-11-18 08_52_05_to_cezanne.jpg","17366","0.016562","2026/4/5 23:52:55"
"45\45_01_golden_funnel\full_eval\epoch_0030_tokenized_distill_epochs200\images\photo_2013-11-18 08_52_05_to_Hayao.jpg","17227","0.016429","2026/4/5 23:52:55"
"45\45_01_golden_funnel\full_eval\epoch_0030_tokenized_distill_epochs200\images\photo_2013-11-18 08_52_05_to_monet.jpg","17685","0.016866","2026/4/5 23:52:55"
"45\45_01_golden_funnel\full_eval\epoch_0030_tokenized_distill_epochs200\images\photo_2013-11-18 08_52_05_to_photo.jpg","17971","0.017138","2026/4/5 23:52:55"
"45\45_01_golden_funnel\full_eval\epoch_0030_tokenized_distill_epochs200\images\photo_2013-11-18 08_52_05_to_vangogh.jpg","17736","0.016914","2026/4/5 23:52:55"
"45\45_01_golden_funnel\full_eval\epoch_0030_tokenized_distill_epochs200\images\photo_2013-11-18 11_46_45_to_cezanne.jpg","13948","0.013302","2026/4/5 23:53:00"
"45\45_01_golden_funnel\full_eval\epoch_0030_tokenized_distill_epochs200\images\photo_2013-11-18 11_46_45_to_Hayao.jpg","13604","0.012974","2026/4/5 23:52:59"
"45\45_01_golden_funnel\full_eval\epoch_0030_tokenized_distill_epochs200\images\photo_2013-11-18 11_46_45_to_monet.jpg","16454","0.015692","2026/4/5 23:53:00"
"45\45_01_golden_funnel\full_eval\epoch_0030_tokenized_distill_epochs200\images\photo_2013-11-18 11_46_45_to_photo.jpg","15938","0.0152","2026/4/5 23:52:59"
"45\45_01_golden_funnel\full_eval\epoch_0030_tokenized_distill_epochs200\images\photo_2013-11-18 11_46_45_to_vangogh.jpg","16361","0.015603","2026/4/5 23:53:00"
"45\45_01_golden_funnel\full_eval\epoch_0030_tokenized_distill_epochs200\images\photo_2013-11-19 00_58_04_to_cezanne.jpg","16683","0.01591","2026/4/5 23:52:55"
"45\45_01_golden_funnel\full_eval\epoch_0030_tokenized_distill_epochs200\images\photo_2013-11-19 00_58_04_to_Hayao.jpg","16226","0.015474","2026/4/5 23:52:55"
"45\45_01_golden_funnel\full_eval\epoch_0030_tokenized_distill_epochs200\images\photo_2013-11-19 00_58_04_to_monet.jpg","17047","0.016257","2026/4/5 23:52:55"
"45\45_01_golden_funnel\full_eval\epoch_0030_tokenized_distill_epochs200\images\photo_2013-11-19 00_58_04_to_photo.jpg","16652","0.015881","2026/4/5 23:52:55"
"45\45_01_golden_funnel\full_eval\epoch_0030_tokenized_distill_epochs200\images\photo_2013-11-19 00_58_04_to_vangogh.jpg","16995","0.016208","2026/4/5 23:52:55"
"45\45_01_golden_funnel\full_eval\epoch_0030_tokenized_distill_epochs200\images\photo_2013-11-19 05_01_31_to_cezanne.jpg","16761","0.015985","2026/4/5 23:52:59"
"45\45_01_golden_funnel\full_eval\epoch_0030_tokenized_distill_epochs200\images\photo_2013-11-19 05_01_31_to_Hayao.jpg","16497","0.015733","2026/4/5 23:52:58"
"45\45_01_golden_funnel\full_eval\epoch_0030_tokenized_distill_epochs200\images\photo_2013-11-19 05_01_31_to_monet.jpg","17071","0.01628","2026/4/5 23:52:58"
"45\45_01_golden_funnel\full_eval\epoch_0030_tokenized_distill_epochs200\images\photo_2013-11-19 05_01_31_to_photo.jpg","17589","0.016774","2026/4/5 23:52:58"
"45\45_01_golden_funnel\full_eval\epoch_0030_tokenized_distill_epochs200\images\photo_2013-11-19 05_01_31_to_vangogh.jpg","17200","0.016403","2026/4/5 23:52:59"
"45\45_01_golden_funnel\full_eval\epoch_0030_tokenized_distill_epochs200\images\photo_2013-11-20 11_21_32_to_cezanne.jpg","16900","0.016117","2026/4/5 23:52:58"
"45\45_01_golden_funnel\full_eval\epoch_0030_tokenized_distill_epochs200\images\photo_2013-11-20 11_21_32_to_Hayao.jpg","16809","0.01603","2026/4/5 23:52:57"
"45\45_01_golden_funnel\full_eval\epoch_0030_tokenized_distill_epochs200\images\photo_2013-11-20 11_21_32_to_monet.jpg","16911","0.016128","2026/4/5 23:52:57"
"45\45_01_golden_funnel\full_eval\epoch_0030_tokenized_distill_epochs200\images\photo_2013-11-20 11_21_32_to_photo.jpg","16967","0.016181","2026/4/5 23:52:57"
"45\45_01_golden_funnel\full_eval\epoch_0030_tokenized_distill_epochs200\images\photo_2013-11-20 11_21_32_to_vangogh.jpg","16871","0.016089","2026/4/5 23:52:57"
"45\45_01_golden_funnel\full_eval\epoch_0030_tokenized_distill_epochs200\images\photo_2013-11-21 01_47_41_to_cezanne.jpg","16455","0.015693","2026/4/5 23:52:57"
"45\45_01_golden_funnel\full_eval\epoch_0030_tokenized_distill_epochs200\images\photo_2013-11-21 01_47_41_to_Hayao.jpg","15862","0.015127","2026/4/5 23:52:56"
"45\45_01_golden_funnel\full_eval\epoch_0030_tokenized_distill_epochs200\images\photo_2013-11-21 01_47_41_to_monet.jpg","16963","0.016177","2026/4/5 23:52:56"
"45\45_01_golden_funnel\full_eval\epoch_0030_tokenized_distill_epochs200\images\photo_2013-11-21 01_47_41_to_photo.jpg","17373","0.016568","2026/4/5 23:52:56"
"45\45_01_golden_funnel\full_eval\epoch_0030_tokenized_distill_epochs200\images\photo_2013-11-21 01_47_41_to_vangogh.jpg","16992","0.016205","2026/4/5 23:52:56"
"45\45_01_golden_funnel\full_eval\epoch_0030_tokenized_distill_epochs200\images\photo_2013-11-21 05_56_32_to_cezanne.jpg","15798","0.015066","2026/4/5 23:52:57"
"45\45_01_golden_funnel\full_eval\epoch_0030_tokenized_distill_epochs200\images\photo_2013-11-21 05_56_32_to_Hayao.jpg","15585","0.014863","2026/4/5 23:52:56"
"45\45_01_golden_funnel\full_eval\epoch_0030_tokenized_distill_epochs200\images\photo_2013-11-21 05_56_32_to_monet.jpg","16916","0.016132","2026/4/5 23:52:56"
"45\45_01_golden_funnel\full_eval\epoch_0030_tokenized_distill_epochs200\images\photo_2013-11-21 05_56_32_to_photo.jpg","16867","0.016086","2026/4/5 23:52:56"
"45\45_01_golden_funnel\full_eval\epoch_0030_tokenized_distill_epochs200\images\photo_2013-11-21 05_56_32_to_vangogh.jpg","17147","0.016353","2026/4/5 23:52:56"
"45\45_01_golden_funnel\full_eval\epoch_0030_tokenized_distill_epochs200\images\photo_2013-11-21 17_44_44_to_cezanne.jpg","17677","0.016858","2026/4/5 23:53:00"
"45\45_01_golden_funnel\full_eval\epoch_0030_tokenized_distill_epochs200\images\photo_2013-11-21 17_44_44_to_Hayao.jpg","17160","0.016365","2026/4/5 23:52:59"
"45\45_01_golden_funnel\full_eval\epoch_0030_tokenized_distill_epochs200\images\photo_2013-11-21 17_44_44_to_monet.jpg","17416","0.016609","2026/4/5 23:53:00"
"45\45_01_golden_funnel\full_eval\epoch_0030_tokenized_distill_epochs200\images\photo_2013-11-21 17_44_44_to_photo.jpg","17192","0.016396","2026/4/5 23:52:59"
"45\45_01_golden_funnel\full_eval\epoch_0030_tokenized_distill_epochs200\images\photo_2013-11-21 17_44_44_to_vangogh.jpg","17516","0.016705","2026/4/5 23:53:00"
"45\45_01_golden_funnel\full_eval\epoch_0030_tokenized_distill_epochs200\images\photo_2013-11-22 14_12_35_to_cezanne.jpg","16727","0.015952","2026/4/5 23:53:01"
"45\45_01_golden_funnel\full_eval\epoch_0030_tokenized_distill_epochs200\images\photo_2013-11-22 14_12_35_to_Hayao.jpg","16270","0.015516","2026/4/5 23:53:01"
"45\45_01_golden_funnel\full_eval\epoch_0030_tokenized_distill_epochs200\images\photo_2013-11-22 14_12_35_to_monet.jpg","16941","0.016156","2026/4/5 23:53:01"
"45\45_01_golden_funnel\full_eval\epoch_0030_tokenized_distill_epochs200\images\photo_2013-11-22 14_12_35_to_photo.jpg","17050","0.01626","2026/4/5 23:53:00"
"45\45_01_golden_funnel\full_eval\epoch_0030_tokenized_distill_epochs200\images\photo_2013-11-22 14_12_35_to_vangogh.jpg","16932","0.016148","2026/4/5 23:53:01"
"45\45_01_golden_funnel\full_eval\epoch_0030_tokenized_distill_epochs200\images\photo_2013-11-22 14_15_50_to_cezanne.jpg","16130","0.015383","2026/4/5 23:52:59"
"45\45_01_golden_funnel\full_eval\epoch_0030_tokenized_distill_epochs200\images\photo_2013-11-22 14_15_50_to_Hayao.jpg","15756","0.015026","2026/4/5 23:52:58"
"45\45_01_golden_funnel\full_eval\epoch_0030_tokenized_distill_epochs200\images\photo_2013-11-22 14_15_50_to_monet.jpg","16432","0.015671","2026/4/5 23:52:58"
"45\45_01_golden_funnel\full_eval\epoch_0030_tokenized_distill_epochs200\images\photo_2013-11-22 14_15_50_to_photo.jpg","16406","0.015646","2026/4/5 23:52:58"
"45\45_01_golden_funnel\full_eval\epoch_0030_tokenized_distill_epochs200\images\photo_2013-11-22 14_15_50_to_vangogh.jpg","16665","0.015893","2026/4/5 23:52:59"
"45\45_01_golden_funnel\full_eval\epoch_0030_tokenized_distill_epochs200\images\photo_2013-11-23 13_03_15_to_cezanne.jpg","15433","0.014718","2026/4/5 23:52:54"
"45\45_01_golden_funnel\full_eval\epoch_0030_tokenized_distill_epochs200\images\photo_2013-11-23 13_03_15_to_Hayao.jpg","15672","0.014946","2026/4/5 23:52:54"
"45\45_01_golden_funnel\full_eval\epoch_0030_tokenized_distill_epochs200\images\photo_2013-11-23 13_03_15_to_monet.jpg","16185","0.015435","2026/4/5 23:52:54"
"45\45_01_golden_funnel\full_eval\epoch_0030_tokenized_distill_epochs200\images\photo_2013-11-23 13_03_15_to_photo.jpg","16236","0.015484","2026/4/5 23:52:53"
"45\45_01_golden_funnel\full_eval\epoch_0030_tokenized_distill_epochs200\images\photo_2013-11-23 13_03_15_to_vangogh.jpg","16546","0.015779","2026/4/5 23:52:54"
"45\45_01_golden_funnel\full_eval\epoch_0030_tokenized_distill_epochs200\images\photo_2013-11-25 10_46_18_to_cezanne.jpg","14327","0.013663","2026/4/5 23:52:59"
"45\45_01_golden_funnel\full_eval\epoch_0030_tokenized_distill_epochs200\images\photo_2013-11-25 10_46_18_to_Hayao.jpg","14618","0.013941","2026/4/5 23:52:58"
"45\45_01_golden_funnel\full_eval\epoch_0030_tokenized_distill_epochs200\images\photo_2013-11-25 10_46_18_to_monet.jpg","16048","0.015305","2026/4/5 23:52:58"
"45\45_01_golden_funnel\full_eval\epoch_0030_tokenized_distill_epochs200\images\photo_2013-11-25 10_46_18_to_photo.jpg","15424","0.014709","2026/4/5 23:52:58"
"45\45_01_golden_funnel\full_eval\epoch_0030_tokenized_distill_epochs200\images\photo_2013-11-25 10_46_18_to_vangogh.jpg","16263","0.01551","2026/4/5 23:52:59"
"45\45_01_golden_funnel\full_eval\epoch_0030_tokenized_distill_epochs200\images\vangogh_00005_to_cezanne.jpg","18120","0.017281","2026/4/5 23:53:24"
"45\45_01_golden_funnel\full_eval\epoch_0030_tokenized_distill_epochs200\images\vangogh_00005_to_Hayao.jpg","17857","0.01703","2026/4/5 23:53:24"
"45\45_01_golden_funnel\full_eval\epoch_0030_tokenized_distill_epochs200\images\vangogh_00005_to_monet.jpg","17598","0.016783","2026/4/5 23:53:24"
"45\45_01_golden_funnel\full_eval\epoch_0030_tokenized_distill_epochs200\images\vangogh_00005_to_photo.jpg","17663","0.016845","2026/4/5 23:53:24"
"45\45_01_golden_funnel\full_eval\epoch_0030_tokenized_distill_epochs200\images\vangogh_00005_to_vangogh.jpg","17761","0.016938","2026/4/5 23:53:24"
"45\45_01_golden_funnel\full_eval\epoch_0030_tokenized_distill_epochs200\images\vangogh_00090_to_cezanne.jpg","17993","0.017159","2026/4/5 23:53:22"
"45\45_01_golden_funnel\full_eval\epoch_0030_tokenized_distill_epochs200\images\vangogh_00090_to_Hayao.jpg","17671","0.016852","2026/4/5 23:53:21"
"45\45_01_golden_funnel\full_eval\epoch_0030_tokenized_distill_epochs200\images\vangogh_00090_to_monet.jpg","18304","0.017456","2026/4/5 23:53:22"
"45\45_01_golden_funnel\full_eval\epoch_0030_tokenized_distill_epochs200\images\vangogh_00090_to_photo.jpg","17888","0.017059","2026/4/5 23:53:21"
"45\45_01_golden_funnel\full_eval\epoch_0030_tokenized_distill_epochs200\images\vangogh_00090_to_vangogh.jpg","18058","0.017221","2026/4/5 23:53:22"
"45\45_01_golden_funnel\full_eval\epoch_0030_tokenized_distill_epochs200\images\vangogh_00098_to_cezanne.jpg","17802","0.016977","2026/4/5 23:53:20"
"45\45_01_golden_funnel\full_eval\epoch_0030_tokenized_distill_epochs200\images\vangogh_00098_to_Hayao.jpg","17373","0.016568","2026/4/5 23:53:19"
"45\45_01_golden_funnel\full_eval\epoch_0030_tokenized_distill_epochs200\images\vangogh_00098_to_monet.jpg","17771","0.016948","2026/4/5 23:53:19"
"45\45_01_golden_funnel\full_eval\epoch_0030_tokenized_distill_epochs200\images\vangogh_00098_to_photo.jpg","17924","0.017094","2026/4/5 23:53:19"
"45\45_01_golden_funnel\full_eval\epoch_0030_tokenized_distill_epochs200\images\vangogh_00098_to_vangogh.jpg","17617","0.016801","2026/4/5 23:53:20"
"45\45_01_golden_funnel\full_eval\epoch_0030_tokenized_distill_epochs200\images\vangogh_00163_to_cezanne.jpg","15820","0.015087","2026/4/5 23:53:21"
"45\45_01_golden_funnel\full_eval\epoch_0030_tokenized_distill_epochs200\images\vangogh_00163_to_Hayao.jpg","15847","0.015113","2026/4/5 23:53:20"
"45\45_01_golden_funnel\full_eval\epoch_0030_tokenized_distill_epochs200\images\vangogh_00163_to_monet.jpg","16612","0.015842","2026/4/5 23:53:21"
"45\45_01_golden_funnel\full_eval\epoch_0030_tokenized_distill_epochs200\images\vangogh_00163_to_photo.jpg","16236","0.015484","2026/4/5 23:53:20"
"45\45_01_golden_funnel\full_eval\epoch_0030_tokenized_distill_epochs200\images\vangogh_00163_to_vangogh.jpg","16397","0.015637","2026/4/5 23:53:21"
"45\45_01_golden_funnel\full_eval\epoch_0030_tokenized_distill_epochs200\images\vangogh_00167_to_cezanne.jpg","16124","0.015377","2026/4/5 23:53:23"
"45\45_01_golden_funnel\full_eval\epoch_0030_tokenized_distill_epochs200\images\vangogh_00167_to_Hayao.jpg","15923","0.015185","2026/4/5 23:53:23"
"45\45_01_golden_funnel\full_eval\epoch_0030_tokenized_distill_epochs200\images\vangogh_00167_to_monet.jpg","16751","0.015975","2026/4/5 23:53:23"
"45\45_01_golden_funnel\full_eval\epoch_0030_tokenized_distill_epochs200\images\vangogh_00167_to_photo.jpg","16816","0.016037","2026/4/5 23:53:22"
"45\45_01_golden_funnel\full_eval\epoch_0030_tokenized_distill_epochs200\images\vangogh_00167_to_vangogh.jpg","16610","0.015841","2026/4/5 23:53:23"
"45\45_01_golden_funnel\full_eval\epoch_0030_tokenized_distill_epochs200\images\vangogh_00169_to_cezanne.jpg","17990","0.017157","2026/4/5 23:53:20"
"45\45_01_golden_funnel\full_eval\epoch_0030_tokenized_distill_epochs200\images\vangogh_00169_to_Hayao.jpg","17992","0.017159","2026/4/5 23:53:19"
"45\45_01_golden_funnel\full_eval\epoch_0030_tokenized_distill_epochs200\images\vangogh_00169_to_monet.jpg","17857","0.01703","2026/4/5 23:53:19"
"45\45_01_golden_funnel\full_eval\epoch_0030_tokenized_distill_epochs200\images\vangogh_00169_to_photo.jpg","17915","0.017085","2026/4/5 23:53:19"
"45\45_01_golden_funnel\full_eval\epoch_0030_tokenized_distill_epochs200\images\vangogh_00169_to_vangogh.jpg","18275","0.017428","2026/4/5 23:53:20"
"45\45_01_golden_funnel\full_eval\epoch_0030_tokenized_distill_epochs200\images\vangogh_00177_to_cezanne.jpg","17879","0.017051","2026/4/5 23:53:22"
"45\45_01_golden_funnel\full_eval\epoch_0030_tokenized_distill_epochs200\images\vangogh_00177_to_Hayao.jpg","17438","0.01663","2026/4/5 23:53:21"
"45\45_01_golden_funnel\full_eval\epoch_0030_tokenized_distill_epochs200\images\vangogh_00177_to_monet.jpg","17943","0.017112","2026/4/5 23:53:22"
"45\45_01_golden_funnel\full_eval\epoch_0030_tokenized_distill_epochs200\images\vangogh_00177_to_photo.jpg","17846","0.017019","2026/4/5 23:53:21"
"45\45_01_golden_funnel\full_eval\epoch_0030_tokenized_distill_epochs200\images\vangogh_00177_to_vangogh.jpg","18318","0.017469","2026/4/5 23:53:22"
"45\45_01_golden_funnel\full_eval\epoch_0030_tokenized_distill_epochs200\images\vangogh_00202_to_cezanne.jpg","18107","0.017268","2026/4/5 23:53:21"
"45\45_01_golden_funnel\full_eval\epoch_0030_tokenized_distill_epochs200\images\vangogh_00202_to_Hayao.jpg","18344","0.017494","2026/4/5 23:53:20"
"45\45_01_golden_funnel\full_eval\epoch_0030_tokenized_distill_epochs200\images\vangogh_00202_to_monet.jpg","18497","0.01764","2026/4/5 23:53:21"
"45\45_01_golden_funnel\full_eval\epoch_0030_tokenized_distill_epochs200\images\vangogh_00202_to_photo.jpg","18320","0.017471","2026/4/5 23:53:20"
"45\45_01_golden_funnel\full_eval\epoch_0030_tokenized_distill_epochs200\images\vangogh_00202_to_vangogh.jpg","18507","0.01765","2026/4/5 23:53:21"
"45\45_01_golden_funnel\full_eval\epoch_0030_tokenized_distill_epochs200\images\vangogh_00220_to_cezanne.jpg","17010","0.016222","2026/4/5 23:53:24"
"45\45_01_golden_funnel\full_eval\epoch_0030_tokenized_distill_epochs200\images\vangogh_00220_to_Hayao.jpg","17417","0.01661","2026/4/5 23:53:24"
"45\45_01_golden_funnel\full_eval\epoch_0030_tokenized_distill_epochs200\images\vangogh_00220_to_monet.jpg","17770","0.016947","2026/4/5 23:53:24"
"45\45_01_golden_funnel\full_eval\epoch_0030_tokenized_distill_epochs200\images\vangogh_00220_to_photo.jpg","17803","0.016978","2026/4/5 23:53:24"
"45\45_01_golden_funnel\full_eval\epoch_0030_tokenized_distill_epochs200\images\vangogh_00220_to_vangogh.jpg","17762","0.016939","2026/4/5 23:53:24"
"45\45_01_golden_funnel\full_eval\epoch_0030_tokenized_distill_epochs200\images\vangogh_00243_to_cezanne.jpg","18328","0.017479","2026/4/5 23:53:20"
"45\45_01_golden_funnel\full_eval\epoch_0030_tokenized_distill_epochs200\images\vangogh_00243_to_Hayao.jpg","17875","0.017047","2026/4/5 23:53:19"
"45\45_01_golden_funnel\full_eval\epoch_0030_tokenized_distill_epochs200\images\vangogh_00243_to_monet.jpg","17281","0.01648","2026/4/5 23:53:19"
"45\45_01_golden_funnel\full_eval\epoch_0030_tokenized_distill_epochs200\images\vangogh_00243_to_photo.jpg","17450","0.016642","2026/4/5 23:53:19"
"45\45_01_golden_funnel\full_eval\epoch_0030_tokenized_distill_epochs200\images\vangogh_00243_to_vangogh.jpg","17678","0.016859","2026/4/5 23:53:20"
"45\45_01_golden_funnel\full_eval\epoch_0030_tokenized_distill_epochs200\images\vangogh_00264_to_cezanne.jpg","17789","0.016965","2026/4/5 23:53:27"
"45\45_01_golden_funnel\full_eval\epoch_0030_tokenized_distill_epochs200\images\vangogh_00264_to_Hayao.jpg","17349","0.016545","2026/4/5 23:53:26"
"45\45_01_golden_funnel\full_eval\epoch_0030_tokenized_distill_epochs200\images\vangogh_00264_to_monet.jpg","18178","0.017336","2026/4/5 23:53:26"
"45\45_01_golden_funnel\full_eval\epoch_0030_tokenized_distill_epochs200\images\vangogh_00264_to_photo.jpg","18068","0.017231","2026/4/5 23:53:26"
"45\45_01_golden_funnel\full_eval\epoch_0030_tokenized_distill_epochs200\images\vangogh_00264_to_vangogh.jpg","18835","0.017962","2026/4/5 23:53:27"
"45\45_01_golden_funnel\full_eval\epoch_0030_tokenized_distill_epochs200\images\vangogh_00272_to_cezanne.jpg","18805","0.017934","2026/4/5 23:53:22"
"45\45_01_golden_funnel\full_eval\epoch_0030_tokenized_distill_epochs200\images\vangogh_00272_to_Hayao.jpg","17442","0.016634","2026/4/5 23:53:21"
"45\45_01_golden_funnel\full_eval\epoch_0030_tokenized_distill_epochs200\images\vangogh_00272_to_monet.jpg","17940","0.017109","2026/4/5 23:53:22"
"45\45_01_golden_funnel\full_eval\epoch_0030_tokenized_distill_epochs200\images\vangogh_00272_to_photo.jpg","17884","0.017056","2026/4/5 23:53:21"
"45\45_01_golden_funnel\full_eval\epoch_0030_tokenized_distill_epochs200\images\vangogh_00272_to_vangogh.jpg","18508","0.017651","2026/4/5 23:53:22"
"45\45_01_golden_funnel\full_eval\epoch_0030_tokenized_distill_epochs200\images\vangogh_00277_to_cezanne.jpg","16672","0.0159","2026/4/5 23:53:27"
"45\45_01_golden_funnel\full_eval\epoch_0030_tokenized_distill_epochs200\images\vangogh_00277_to_Hayao.jpg","16480","0.015717","2026/4/5 23:53:26"
"45\45_01_golden_funnel\full_eval\epoch_0030_tokenized_distill_epochs200\images\vangogh_00277_to_monet.jpg","16964","0.016178","2026/4/5 23:53:26"
"45\45_01_golden_funnel\full_eval\epoch_0030_tokenized_distill_epochs200\images\vangogh_00277_to_photo.jpg","16936","0.016151","2026/4/5 23:53:26"
"45\45_01_golden_funnel\full_eval\epoch_0030_tokenized_distill_epochs200\images\vangogh_00277_to_vangogh.jpg","16884","0.016102","2026/4/5 23:53:27"
"45\45_01_golden_funnel\full_eval\epoch_0030_tokenized_distill_epochs200\images\vangogh_00289_to_cezanne.jpg","18199","0.017356","2026/4/5 23:53:19"
"45\45_01_golden_funnel\full_eval\epoch_0030_tokenized_distill_epochs200\images\vangogh_00289_to_Hayao.jpg","17794","0.01697","2026/4/5 23:53:18"
"45\45_01_golden_funnel\full_eval\epoch_0030_tokenized_distill_epochs200\images\vangogh_00289_to_monet.jpg","18266","0.01742","2026/4/5 23:53:18"
"45\45_01_golden_funnel\full_eval\epoch_0030_tokenized_distill_epochs200\images\vangogh_00289_to_photo.jpg","18207","0.017364","2026/4/5 23:53:18"
"45\45_01_golden_funnel\full_eval\epoch_0030_tokenized_distill_epochs200\images\vangogh_00289_to_vangogh.jpg","18358","0.017508","2026/4/5 23:53:18"
"45\45_01_golden_funnel\full_eval\epoch_0030_tokenized_distill_epochs200\images\vangogh_00292_to_cezanne.jpg","17583","0.016768","2026/4/5 23:53:23"
"45\45_01_golden_funnel\full_eval\epoch_0030_tokenized_distill_epochs200\images\vangogh_00292_to_Hayao.jpg","16722","0.015947","2026/4/5 23:53:23"
"45\45_01_golden_funnel\full_eval\epoch_0030_tokenized_distill_epochs200\images\vangogh_00292_to_monet.jpg","17504","0.016693","2026/4/5 23:53:23"
"45\45_01_golden_funnel\full_eval\epoch_0030_tokenized_distill_epochs200\images\vangogh_00292_to_photo.jpg","17276","0.016476","2026/4/5 23:53:22"
"45\45_01_golden_funnel\full_eval\epoch_0030_tokenized_distill_epochs200\images\vangogh_00292_to_vangogh.jpg","17075","0.016284","2026/4/5 23:53:23"
"45\45_01_golden_funnel\full_eval\epoch_0030_tokenized_distill_epochs200\images\vangogh_00295_to_cezanne.jpg","18333","0.017484","2026/4/5 23:53:19"
"45\45_01_golden_funnel\full_eval\epoch_0030_tokenized_distill_epochs200\images\vangogh_00295_to_Hayao.jpg","18176","0.017334","2026/4/5 23:53:18"
"45\45_01_golden_funnel\full_eval\epoch_0030_tokenized_distill_epochs200\images\vangogh_00295_to_monet.jpg","17982","0.017149","2026/4/5 23:53:18"
"45\45_01_golden_funnel\full_eval\epoch_0030_tokenized_distill_epochs200\images\vangogh_00295_to_photo.jpg","18317","0.017468","2026/4/5 23:53:18"
"45\45_01_golden_funnel\full_eval\epoch_0030_tokenized_distill_epochs200\images\vangogh_00295_to_vangogh.jpg","18486","0.01763","2026/4/5 23:53:18"
"45\45_01_golden_funnel\full_eval\epoch_0030_tokenized_distill_epochs200\images\vangogh_00321_to_cezanne.jpg","16655","0.015883","2026/4/5 23:53:21"
"45\45_01_golden_funnel\full_eval\epoch_0030_tokenized_distill_epochs200\images\vangogh_00321_to_Hayao.jpg","16725","0.01595","2026/4/5 23:53:20"
"45\45_01_golden_funnel\full_eval\epoch_0030_tokenized_distill_epochs200\images\vangogh_00321_to_monet.jpg","17653","0.016835","2026/4/5 23:53:21"
"45\45_01_golden_funnel\full_eval\epoch_0030_tokenized_distill_epochs200\images\vangogh_00321_to_photo.jpg","17896","0.017067","2026/4/5 23:53:20"
"45\45_01_golden_funnel\full_eval\epoch_0030_tokenized_distill_epochs200\images\vangogh_00321_to_vangogh.jpg","17284","0.016483","2026/4/5 23:53:21"
"45\45_01_golden_funnel\full_eval\epoch_0030_tokenized_distill_epochs200\images\vangogh_00352_to_cezanne.jpg","16453","0.015691","2026/4/5 23:53:27"
"45\45_01_golden_funnel\full_eval\epoch_0030_tokenized_distill_epochs200\images\vangogh_00352_to_Hayao.jpg","15963","0.015224","2026/4/5 23:53:26"
"45\45_01_golden_funnel\full_eval\epoch_0030_tokenized_distill_epochs200\images\vangogh_00352_to_monet.jpg","16679","0.015906","2026/4/5 23:53:26"
"45\45_01_golden_funnel\full_eval\epoch_0030_tokenized_distill_epochs200\images\vangogh_00352_to_photo.jpg","16854","0.016073","2026/4/5 23:53:26"
"45\45_01_golden_funnel\full_eval\epoch_0030_tokenized_distill_epochs200\images\vangogh_00352_to_vangogh.jpg","16759","0.015983","2026/4/5 23:53:27"
"45\45_01_golden_funnel\full_eval\epoch_0030_tokenized_distill_epochs200\images\vangogh_00412_to_cezanne.jpg","17764","0.016941","2026/4/5 23:53:21"
"45\45_01_golden_funnel\full_eval\epoch_0030_tokenized_distill_epochs200\images\vangogh_00412_to_Hayao.jpg","17473","0.016664","2026/4/5 23:53:20"
"45\45_01_golden_funnel\full_eval\epoch_0030_tokenized_distill_epochs200\images\vangogh_00412_to_monet.jpg","18090","0.017252","2026/4/5 23:53:21"
"45\45_01_golden_funnel\full_eval\epoch_0030_tokenized_distill_epochs200\images\vangogh_00412_to_photo.jpg","18375","0.017524","2026/4/5 23:53:20"
"45\45_01_golden_funnel\full_eval\epoch_0030_tokenized_distill_epochs200\images\vangogh_00412_to_vangogh.jpg","18323","0.017474","2026/4/5 23:53:21"
"45\45_01_golden_funnel\full_eval\epoch_0030_tokenized_distill_epochs200\images\vangogh_00418_to_cezanne.jpg","17535","0.016723","2026/4/5 23:53:26"
"45\45_01_golden_funnel\full_eval\epoch_0030_tokenized_distill_epochs200\images\vangogh_00418_to_Hayao.jpg","17197","0.0164","2026/4/5 23:53:25"
"45\45_01_golden_funnel\full_eval\epoch_0030_tokenized_distill_epochs200\images\vangogh_00418_to_monet.jpg","17695","0.016875","2026/4/5 23:53:25"
"45\45_01_golden_funnel\full_eval\epoch_0030_tokenized_distill_epochs200\images\vangogh_00418_to_photo.jpg","17568","0.016754","2026/4/5 23:53:25"
"45\45_01_golden_funnel\full_eval\epoch_0030_tokenized_distill_epochs200\images\vangogh_00418_to_vangogh.jpg","17992","0.017159","2026/4/5 23:53:25"
"45\45_01_golden_funnel\full_eval\epoch_0030_tokenized_distill_epochs200\images\vangogh_00427_to_cezanne.jpg","17689","0.01687","2026/4/5 23:53:22"
"45\45_01_golden_funnel\full_eval\epoch_0030_tokenized_distill_epochs200\images\vangogh_00427_to_Hayao.jpg","17301","0.0165","2026/4/5 23:53:21"
"45\45_01_golden_funnel\full_eval\epoch_0030_tokenized_distill_epochs200\images\vangogh_00427_to_monet.jpg","17401","0.016595","2026/4/5 23:53:22"
"45\45_01_golden_funnel\full_eval\epoch_0030_tokenized_distill_epochs200\images\vangogh_00427_to_photo.jpg","17561","0.016747","2026/4/5 23:53:21"
"45\45_01_golden_funnel\full_eval\epoch_0030_tokenized_distill_epochs200\images\vangogh_00427_to_vangogh.jpg","17262","0.016462","2026/4/5 23:53:22"
"45\45_01_golden_funnel\full_eval\epoch_0030_tokenized_distill_epochs200\images\vangogh_00436_to_cezanne.jpg","17946","0.017115","2026/4/5 23:53:26"
"45\45_01_golden_funnel\full_eval\epoch_0030_tokenized_distill_epochs200\images\vangogh_00436_to_Hayao.jpg","17642","0.016825","2026/4/5 23:53:25"
"45\45_01_golden_funnel\full_eval\epoch_0030_tokenized_distill_epochs200\images\vangogh_00436_to_monet.jpg","18423","0.01757","2026/4/5 23:53:25"
"45\45_01_golden_funnel\full_eval\epoch_0030_tokenized_distill_epochs200\images\vangogh_00436_to_photo.jpg","18351","0.017501","2026/4/5 23:53:25"
"45\45_01_golden_funnel\full_eval\epoch_0030_tokenized_distill_epochs200\images\vangogh_00436_to_vangogh.jpg","18494","0.017637","2026/4/5 23:53:25"
"45\45_01_golden_funnel\full_eval\epoch_0030_tokenized_distill_epochs200\images\vangogh_00455_to_cezanne.jpg","17710","0.01689","2026/4/5 23:53:24"
"45\45_01_golden_funnel\full_eval\epoch_0030_tokenized_distill_epochs200\images\vangogh_00455_to_Hayao.jpg","17324","0.016521","2026/4/5 23:53:24"
"45\45_01_golden_funnel\full_eval\epoch_0030_tokenized_distill_epochs200\images\vangogh_00455_to_monet.jpg","17401","0.016595","2026/4/5 23:53:24"
"45\45_01_golden_funnel\full_eval\epoch_0030_tokenized_distill_epochs200\images\vangogh_00455_to_photo.jpg","17940","0.017109","2026/4/5 23:53:24"
"45\45_01_golden_funnel\full_eval\epoch_0030_tokenized_distill_epochs200\images\vangogh_00455_to_vangogh.jpg","17605","0.016789","2026/4/5 23:53:24"
"45\45_01_golden_funnel\full_eval\epoch_0030_tokenized_distill_epochs200\images\vangogh_00519_to_cezanne.jpg","17278","0.016478","2026/4/5 23:53:23"
"45\45_01_golden_funnel\full_eval\epoch_0030_tokenized_distill_epochs200\images\vangogh_00519_to_Hayao.jpg","17333","0.01653","2026/4/5 23:53:23"
"45\45_01_golden_funnel\full_eval\epoch_0030_tokenized_distill_epochs200\images\vangogh_00519_to_monet.jpg","17100","0.016308","2026/4/5 23:53:23"
"45\45_01_golden_funnel\full_eval\epoch_0030_tokenized_distill_epochs200\images\vangogh_00519_to_photo.jpg","16833","0.016053","2026/4/5 23:53:22"
"45\45_01_golden_funnel\full_eval\epoch_0030_tokenized_distill_epochs200\images\vangogh_00519_to_vangogh.jpg","17625","0.016809","2026/4/5 23:53:23"
"45\45_01_golden_funnel\full_eval\epoch_0030_tokenized_distill_epochs200\images\vangogh_00528_to_cezanne.jpg","16945","0.01616","2026/4/5 23:53:23"
"45\45_01_golden_funnel\full_eval\epoch_0030_tokenized_distill_epochs200\images\vangogh_00528_to_Hayao.jpg","16696","0.015923","2026/4/5 23:53:23"
"45\45_01_golden_funnel\full_eval\epoch_0030_tokenized_distill_epochs200\images\vangogh_00528_to_monet.jpg","17000","0.016212","2026/4/5 23:53:23"
"45\45_01_golden_funnel\full_eval\epoch_0030_tokenized_distill_epochs200\images\vangogh_00528_to_photo.jpg","17298","0.016497","2026/4/5 23:53:22"
"45\45_01_golden_funnel\full_eval\epoch_0030_tokenized_distill_epochs200\images\vangogh_00528_to_vangogh.jpg","17196","0.016399","2026/4/5 23:53:23"
"45\45_01_golden_funnel\full_eval\epoch_0030_tokenized_distill_epochs200\images\vangogh_00557_to_cezanne.jpg","17445","0.016637","2026/4/5 23:53:26"
"45\45_01_golden_funnel\full_eval\epoch_0030_tokenized_distill_epochs200\images\vangogh_00557_to_Hayao.jpg","16814","0.016035","2026/4/5 23:53:25"
"45\45_01_golden_funnel\full_eval\epoch_0030_tokenized_distill_epochs200\images\vangogh_00557_to_monet.jpg","17748","0.016926","2026/4/5 23:53:25"
"45\45_01_golden_funnel\full_eval\epoch_0030_tokenized_distill_epochs200\images\vangogh_00557_to_photo.jpg","17898","0.017069","2026/4/5 23:53:25"
"45\45_01_golden_funnel\full_eval\epoch_0030_tokenized_distill_epochs200\images\vangogh_00557_to_vangogh.jpg","17969","0.017137","2026/4/5 23:53:25"
"45\45_01_golden_funnel\full_eval\epoch_0030_tokenized_distill_epochs200\images\vangogh_00561_to_cezanne.jpg","17072","0.016281","2026/4/5 23:53:27"
"45\45_01_golden_funnel\full_eval\epoch_0030_tokenized_distill_epochs200\images\vangogh_00561_to_Hayao.jpg","16543","0.015777","2026/4/5 23:53:26"
"45\45_01_golden_funnel\full_eval\epoch_0030_tokenized_distill_epochs200\images\vangogh_00561_to_monet.jpg","16457","0.015695","2026/4/5 23:53:26"
"45\45_01_golden_funnel\full_eval\epoch_0030_tokenized_distill_epochs200\images\vangogh_00561_to_photo.jpg","16699","0.015925","2026/4/5 23:53:26"
"45\45_01_golden_funnel\full_eval\epoch_0030_tokenized_distill_epochs200\images\vangogh_00561_to_vangogh.jpg","16823","0.016044","2026/4/5 23:53:27"
"45\45_01_golden_funnel\full_eval\epoch_0030_tokenized_distill_epochs200\images\vangogh_00573_to_cezanne.jpg","18201","0.017358","2026/4/5 23:53:24"
"45\45_01_golden_funnel\full_eval\epoch_0030_tokenized_distill_epochs200\images\vangogh_00573_to_Hayao.jpg","18170","0.017328","2026/4/5 23:53:24"
"45\45_01_golden_funnel\full_eval\epoch_0030_tokenized_distill_epochs200\images\vangogh_00573_to_monet.jpg","18443","0.017589","2026/4/5 23:53:24"
"45\45_01_golden_funnel\full_eval\epoch_0030_tokenized_distill_epochs200\images\vangogh_00573_to_photo.jpg","18435","0.017581","2026/4/5 23:53:24"
"45\45_01_golden_funnel\full_eval\epoch_0030_tokenized_distill_epochs200\images\vangogh_00573_to_vangogh.jpg","18402","0.01755","2026/4/5 23:53:24"
"45\45_01_golden_funnel\full_eval\epoch_0030_tokenized_distill_epochs200\images\vangogh_00668_to_cezanne.jpg","18003","0.017169","2026/4/5 23:53:20"
"45\45_01_golden_funnel\full_eval\epoch_0030_tokenized_distill_epochs200\images\vangogh_00668_to_Hayao.jpg","17698","0.016878","2026/4/5 23:53:19"
"45\45_01_golden_funnel\full_eval\epoch_0030_tokenized_distill_epochs200\images\vangogh_00668_to_monet.jpg","17001","0.016213","2026/4/5 23:53:19"
"45\45_01_golden_funnel\full_eval\epoch_0030_tokenized_distill_epochs200\images\vangogh_00668_to_photo.jpg","17198","0.016401","2026/4/5 23:53:19"
"45\45_01_golden_funnel\full_eval\epoch_0030_tokenized_distill_epochs200\images\vangogh_00668_to_vangogh.jpg","17393","0.016587","2026/4/5 23:53:20"
"45\45_01_golden_funnel\full_eval\epoch_0030_tokenized_distill_epochs200\images\vangogh_00681_to_cezanne.jpg","18485","0.017629","2026/4/5 23:53:26"
"45\45_01_golden_funnel\full_eval\epoch_0030_tokenized_distill_epochs200\images\vangogh_00681_to_Hayao.jpg","18349","0.017499","2026/4/5 23:53:25"
"45\45_01_golden_funnel\full_eval\epoch_0030_tokenized_distill_epochs200\images\vangogh_00681_to_monet.jpg","18526","0.017668","2026/4/5 23:53:25"
"45\45_01_golden_funnel\full_eval\epoch_0030_tokenized_distill_epochs200\images\vangogh_00681_to_photo.jpg","18108","0.017269","2026/4/5 23:53:25"
"45\45_01_golden_funnel\full_eval\epoch_0030_tokenized_distill_epochs200\images\vangogh_00681_to_vangogh.jpg","18541","0.017682","2026/4/5 23:53:25"
"45\45_01_golden_funnel\logs\training_20260405_215650.csv","930","0.000887","2026/4/5 21:59:09"
"45\45_01_golden_funnel\logs\training_20260405_215930.csv","10353","0.009873","2026/4/5 22:28:03"
"45\45_02_naked_fusion\config.json","3711","0.003539","2026/4/5 22:28:18"
"45\45_02_naked_fusion\dataset.py","8572","0.008175","2026/4/1 16:18:14"
"45\45_02_naked_fusion\losses.py","18091","0.017253","2026/4/5 21:54:29"
"45\45_02_naked_fusion\ma_probe_all_pairs.csv","2429","0.002316","2026/4/6 0:11:04"
"45\45_02_naked_fusion\ma_probe_all_pairs.html","16693","0.01592","2026/4/6 0:11:04"
"45\45_02_naked_fusion\ma_probe_all_pairs.json","4703028","4.485157","2026/4/6 0:11:04"
"45\45_02_naked_fusion\ma_probe_epoch_0030.json","453631","0.432616","2026/4/6 0:10:38"
"45\45_02_naked_fusion\ma_probe_view.csv","712","0.000679","2026/4/6 0:10:41"
"45\45_02_naked_fusion\ma_probe_view.html","9797","0.009343","2026/4/6 0:10:41"
"45\45_02_naked_fusion\ma_probe_view.json","543254","0.518087","2026/4/6 0:10:41"
"45\45_02_naked_fusion\model.py","57884","0.055202","2026/4/5 21:54:29"
"45\45_02_naked_fusion\run.py","13227","0.012614","2026/4/5 21:56:26"
"45\45_02_naked_fusion\trainer.py","23137","0.022065","2026/4/5 21:56:26"
"45\45_02_naked_fusion\full_eval\epoch_0030\metrics.csv","97595","0.093074","2026/4/5 23:55:33"
"45\45_02_naked_fusion\full_eval\epoch_0030\summary.json","20348","0.019405","2026/4/5 23:55:35"
"45\45_02_naked_fusion\full_eval\epoch_0030\summary_grid.png","2950031","2.813369","2026/4/5 23:55:36"
"45\45_02_naked_fusion\full_eval\epoch_0030\images\cezanne_00057_to_cezanne.jpg","15096","0.014397","2026/4/5 23:55:08"
"45\45_02_naked_fusion\full_eval\epoch_0030\images\cezanne_00057_to_Hayao.jpg","14655","0.013976","2026/4/5 23:55:04"
"45\45_02_naked_fusion\full_eval\epoch_0030\images\cezanne_00057_to_monet.jpg","15139","0.014438","2026/4/5 23:55:05"
"45\45_02_naked_fusion\full_eval\epoch_0030\images\cezanne_00057_to_photo.jpg","15157","0.014455","2026/4/5 23:55:03"
"45\45_02_naked_fusion\full_eval\epoch_0030\images\cezanne_00057_to_vangogh.jpg","15292","0.014584","2026/4/5 23:55:07"
"45\45_02_naked_fusion\full_eval\epoch_0030\images\cezanne_00104_to_cezanne.jpg","15300","0.014591","2026/4/5 23:55:08"
"45\45_02_naked_fusion\full_eval\epoch_0030\images\cezanne_00104_to_Hayao.jpg","15692","0.014965","2026/4/5 23:55:04"
"45\45_02_naked_fusion\full_eval\epoch_0030\images\cezanne_00104_to_monet.jpg","15675","0.014949","2026/4/5 23:55:05"
"45\45_02_naked_fusion\full_eval\epoch_0030\images\cezanne_00104_to_photo.jpg","15794","0.015062","2026/4/5 23:55:03"
"45\45_02_naked_fusion\full_eval\epoch_0030\images\cezanne_00104_to_vangogh.jpg","15542","0.014822","2026/4/5 23:55:07"
"45\45_02_naked_fusion\full_eval\epoch_0030\images\cezanne_00123_to_cezanne.jpg","15506","0.014788","2026/4/5 23:55:08"
"45\45_02_naked_fusion\full_eval\epoch_0030\images\cezanne_00123_to_Hayao.jpg","15115","0.014415","2026/4/5 23:55:04"
"45\45_02_naked_fusion\full_eval\epoch_0030\images\cezanne_00123_to_monet.jpg","15375","0.014663","2026/4/5 23:55:05"
"45\45_02_naked_fusion\full_eval\epoch_0030\images\cezanne_00123_to_photo.jpg","15755","0.015025","2026/4/5 23:55:03"
"45\45_02_naked_fusion\full_eval\epoch_0030\images\cezanne_00123_to_vangogh.jpg","15975","0.015235","2026/4/5 23:55:07"
"45\45_02_naked_fusion\full_eval\epoch_0030\images\cezanne_00204_to_cezanne.jpg","15692","0.014965","2026/4/5 23:55:08"
"45\45_02_naked_fusion\full_eval\epoch_0030\images\cezanne_00204_to_Hayao.jpg","15236","0.01453","2026/4/5 23:55:04"
"45\45_02_naked_fusion\full_eval\epoch_0030\images\cezanne_00204_to_monet.jpg","15846","0.015112","2026/4/5 23:55:05"
"45\45_02_naked_fusion\full_eval\epoch_0030\images\cezanne_00204_to_photo.jpg","16180","0.01543","2026/4/5 23:55:03"
"45\45_02_naked_fusion\full_eval\epoch_0030\images\cezanne_00204_to_vangogh.jpg","15984","0.015244","2026/4/5 23:55:07"
"45\45_02_naked_fusion\full_eval\epoch_0030\images\cezanne_00212_to_cezanne.jpg","14880","0.014191","2026/4/5 23:55:08"
"45\45_02_naked_fusion\full_eval\epoch_0030\images\cezanne_00212_to_Hayao.jpg","14882","0.014193","2026/4/5 23:55:04"
"45\45_02_naked_fusion\full_eval\epoch_0030\images\cezanne_00212_to_monet.jpg","15180","0.014477","2026/4/5 23:55:05"
"45\45_02_naked_fusion\full_eval\epoch_0030\images\cezanne_00212_to_photo.jpg","15417","0.014703","2026/4/5 23:55:03"
"45\45_02_naked_fusion\full_eval\epoch_0030\images\cezanne_00212_to_vangogh.jpg","14742","0.014059","2026/4/5 23:55:07"
"45\45_02_naked_fusion\full_eval\epoch_0030\images\cezanne_00219_to_cezanne.jpg","15263","0.014556","2026/4/5 23:55:08"
"45\45_02_naked_fusion\full_eval\epoch_0030\images\cezanne_00219_to_Hayao.jpg","14904","0.014214","2026/4/5 23:55:04"
"45\45_02_naked_fusion\full_eval\epoch_0030\images\cezanne_00219_to_monet.jpg","15433","0.014718","2026/4/5 23:55:05"
"45\45_02_naked_fusion\full_eval\epoch_0030\images\cezanne_00219_to_photo.jpg","15378","0.014666","2026/4/5 23:55:03"
"45\45_02_naked_fusion\full_eval\epoch_0030\images\cezanne_00219_to_vangogh.jpg","15314","0.014605","2026/4/5 23:55:07"
"45\45_02_naked_fusion\full_eval\epoch_0030\images\cezanne_00223_to_cezanne.jpg","16042","0.015299","2026/4/5 23:55:08"
"45\45_02_naked_fusion\full_eval\epoch_0030\images\cezanne_00223_to_Hayao.jpg","15622","0.014898","2026/4/5 23:55:04"
"45\45_02_naked_fusion\full_eval\epoch_0030\images\cezanne_00223_to_monet.jpg","16076","0.015331","2026/4/5 23:55:05"
"45\45_02_naked_fusion\full_eval\epoch_0030\images\cezanne_00223_to_photo.jpg","16575","0.015807","2026/4/5 23:55:03"
"45\45_02_naked_fusion\full_eval\epoch_0030\images\cezanne_00223_to_vangogh.jpg","16093","0.015347","2026/4/5 23:55:07"
"45\45_02_naked_fusion\full_eval\epoch_0030\images\cezanne_00263_to_cezanne.jpg","14852","0.014164","2026/4/5 23:55:08"
"45\45_02_naked_fusion\full_eval\epoch_0030\images\cezanne_00263_to_Hayao.jpg","14273","0.013612","2026/4/5 23:55:04"
"45\45_02_naked_fusion\full_eval\epoch_0030\images\cezanne_00263_to_monet.jpg","14773","0.014089","2026/4/5 23:55:05"
"45\45_02_naked_fusion\full_eval\epoch_0030\images\cezanne_00263_to_photo.jpg","15334","0.014624","2026/4/5 23:55:03"
"45\45_02_naked_fusion\full_eval\epoch_0030\images\cezanne_00263_to_vangogh.jpg","15026","0.01433","2026/4/5 23:55:07"
"45\45_02_naked_fusion\full_eval\epoch_0030\images\cezanne_00271_to_cezanne.jpg","14059","0.013408","2026/4/5 23:55:12"
"45\45_02_naked_fusion\full_eval\epoch_0030\images\cezanne_00271_to_Hayao.jpg","13529","0.012902","2026/4/5 23:55:10"
"45\45_02_naked_fusion\full_eval\epoch_0030\images\cezanne_00271_to_monet.jpg","14600","0.013924","2026/4/5 23:55:10"
"45\45_02_naked_fusion\full_eval\epoch_0030\images\cezanne_00271_to_photo.jpg","14540","0.013866","2026/4/5 23:55:09"
"45\45_02_naked_fusion\full_eval\epoch_0030\images\cezanne_00271_to_vangogh.jpg","14546","0.013872","2026/4/5 23:55:11"
"45\45_02_naked_fusion\full_eval\epoch_0030\images\cezanne_00275_to_cezanne.jpg","15422","0.014708","2026/4/5 23:55:08"
"45\45_02_naked_fusion\full_eval\epoch_0030\images\cezanne_00275_to_Hayao.jpg","15412","0.014698","2026/4/5 23:55:04"
"45\45_02_naked_fusion\full_eval\epoch_0030\images\cezanne_00275_to_monet.jpg","15963","0.015224","2026/4/5 23:55:05"
"45\45_02_naked_fusion\full_eval\epoch_0030\images\cezanne_00275_to_photo.jpg","16160","0.015411","2026/4/5 23:55:03"
"45\45_02_naked_fusion\full_eval\epoch_0030\images\cezanne_00275_to_vangogh.jpg","15501","0.014783","2026/4/5 23:55:07"
"45\45_02_naked_fusion\full_eval\epoch_0030\images\cezanne_00286_to_cezanne.jpg","15339","0.014628","2026/4/5 23:55:12"
"45\45_02_naked_fusion\full_eval\epoch_0030\images\cezanne_00286_to_Hayao.jpg","14952","0.014259","2026/4/5 23:55:10"
"45\45_02_naked_fusion\full_eval\epoch_0030\images\cezanne_00286_to_monet.jpg","15489","0.014771","2026/4/5 23:55:10"
"45\45_02_naked_fusion\full_eval\epoch_0030\images\cezanne_00286_to_photo.jpg","16288","0.015533","2026/4/5 23:55:09"
"45\45_02_naked_fusion\full_eval\epoch_0030\images\cezanne_00286_to_vangogh.jpg","16108","0.015362","2026/4/5 23:55:11"
"45\45_02_naked_fusion\full_eval\epoch_0030\images\cezanne_00298_to_cezanne.jpg","15162","0.01446","2026/4/5 23:55:08"
"45\45_02_naked_fusion\full_eval\epoch_0030\images\cezanne_00298_to_Hayao.jpg","14763","0.014079","2026/4/5 23:55:04"
"45\45_02_naked_fusion\full_eval\epoch_0030\images\cezanne_00298_to_monet.jpg","15178","0.014475","2026/4/5 23:55:05"
"45\45_02_naked_fusion\full_eval\epoch_0030\images\cezanne_00298_to_photo.jpg","15150","0.014448","2026/4/5 23:55:03"
"45\45_02_naked_fusion\full_eval\epoch_0030\images\cezanne_00298_to_vangogh.jpg","15478","0.014761","2026/4/5 23:55:07"
"45\45_02_naked_fusion\full_eval\epoch_0030\images\cezanne_00303_to_cezanne.jpg","14336","0.013672","2026/4/5 23:55:12"
"45\45_02_naked_fusion\full_eval\epoch_0030\images\cezanne_00303_to_Hayao.jpg","14078","0.013426","2026/4/5 23:55:10"
"45\45_02_naked_fusion\full_eval\epoch_0030\images\cezanne_00303_to_monet.jpg","14306","0.013643","2026/4/5 23:55:10"
"45\45_02_naked_fusion\full_eval\epoch_0030\images\cezanne_00303_to_photo.jpg","14518","0.013845","2026/4/5 23:55:09"
"45\45_02_naked_fusion\full_eval\epoch_0030\images\cezanne_00303_to_vangogh.jpg","14629","0.013951","2026/4/5 23:55:11"
"45\45_02_naked_fusion\full_eval\epoch_0030\images\cezanne_00332_to_cezanne.jpg","14395","0.013728","2026/4/5 23:55:08"
"45\45_02_naked_fusion\full_eval\epoch_0030\images\cezanne_00332_to_Hayao.jpg","14038","0.013388","2026/4/5 23:55:04"
"45\45_02_naked_fusion\full_eval\epoch_0030\images\cezanne_00332_to_monet.jpg","14868","0.014179","2026/4/5 23:55:05"
"45\45_02_naked_fusion\full_eval\epoch_0030\images\cezanne_00332_to_photo.jpg","14926","0.014235","2026/4/5 23:55:03"
"45\45_02_naked_fusion\full_eval\epoch_0030\images\cezanne_00332_to_vangogh.jpg","15353","0.014642","2026/4/5 23:55:07"
"45\45_02_naked_fusion\full_eval\epoch_0030\images\cezanne_00335_to_cezanne.jpg","15276","0.014568","2026/4/5 23:55:08"
"45\45_02_naked_fusion\full_eval\epoch_0030\images\cezanne_00335_to_Hayao.jpg","15589","0.014867","2026/4/5 23:55:04"
"45\45_02_naked_fusion\full_eval\epoch_0030\images\cezanne_00335_to_monet.jpg","15503","0.014785","2026/4/5 23:55:05"
"45\45_02_naked_fusion\full_eval\epoch_0030\images\cezanne_00335_to_photo.jpg","15633","0.014909","2026/4/5 23:55:03"
"45\45_02_naked_fusion\full_eval\epoch_0030\images\cezanne_00335_to_vangogh.jpg","15844","0.01511","2026/4/5 23:55:07"
"45\45_02_naked_fusion\full_eval\epoch_0030\images\cezanne_00342_to_cezanne.jpg","14657","0.013978","2026/4/5 23:55:08"
"45\45_02_naked_fusion\full_eval\epoch_0030\images\cezanne_00342_to_Hayao.jpg","14331","0.013667","2026/4/5 23:55:04"
"45\45_02_naked_fusion\full_eval\epoch_0030\images\cezanne_00342_to_monet.jpg","14956","0.014263","2026/4/5 23:55:05"
"45\45_02_naked_fusion\full_eval\epoch_0030\images\cezanne_00342_to_photo.jpg","15171","0.014468","2026/4/5 23:55:03"
"45\45_02_naked_fusion\full_eval\epoch_0030\images\cezanne_00342_to_vangogh.jpg","15001","0.014306","2026/4/5 23:55:07"
"45\45_02_naked_fusion\full_eval\epoch_0030\images\cezanne_00348_to_cezanne.jpg","14258","0.013597","2026/4/5 23:55:08"
"45\45_02_naked_fusion\full_eval\epoch_0030\images\cezanne_00348_to_Hayao.jpg","14589","0.013913","2026/4/5 23:55:04"
"45\45_02_naked_fusion\full_eval\epoch_0030\images\cezanne_00348_to_monet.jpg","14457","0.013787","2026/4/5 23:55:05"
"45\45_02_naked_fusion\full_eval\epoch_0030\images\cezanne_00348_to_photo.jpg","14257","0.013597","2026/4/5 23:55:03"
"45\45_02_naked_fusion\full_eval\epoch_0030\images\cezanne_00348_to_vangogh.jpg","14872","0.014183","2026/4/5 23:55:07"
"45\45_02_naked_fusion\full_eval\epoch_0030\images\cezanne_00375_to_cezanne.jpg","14206","0.013548","2026/4/5 23:55:12"
"45\45_02_naked_fusion\full_eval\epoch_0030\images\cezanne_00375_to_Hayao.jpg","14276","0.013615","2026/4/5 23:55:10"
"45\45_02_naked_fusion\full_eval\epoch_0030\images\cezanne_00375_to_monet.jpg","14556","0.013882","2026/4/5 23:55:10"
"45\45_02_naked_fusion\full_eval\epoch_0030\images\cezanne_00375_to_photo.jpg","15151","0.014449","2026/4/5 23:55:09"
"45\45_02_naked_fusion\full_eval\epoch_0030\images\cezanne_00375_to_vangogh.jpg","14622","0.013945","2026/4/5 23:55:11"
"45\45_02_naked_fusion\full_eval\epoch_0030\images\cezanne_00379_to_cezanne.jpg","14710","0.014029","2026/4/5 23:55:08"
"45\45_02_naked_fusion\full_eval\epoch_0030\images\cezanne_00379_to_Hayao.jpg","14370","0.013704","2026/4/5 23:55:04"
"45\45_02_naked_fusion\full_eval\epoch_0030\images\cezanne_00379_to_monet.jpg","15095","0.014396","2026/4/5 23:55:05"
"45\45_02_naked_fusion\full_eval\epoch_0030\images\cezanne_00379_to_photo.jpg","15205","0.014501","2026/4/5 23:55:03"
"45\45_02_naked_fusion\full_eval\epoch_0030\images\cezanne_00379_to_vangogh.jpg","15159","0.014457","2026/4/5 23:55:07"
"45\45_02_naked_fusion\full_eval\epoch_0030\images\cezanne_00382_to_cezanne.jpg","14814","0.014128","2026/4/5 23:55:12"
"45\45_02_naked_fusion\full_eval\epoch_0030\images\cezanne_00382_to_Hayao.jpg","15054","0.014357","2026/4/5 23:55:10"
"45\45_02_naked_fusion\full_eval\epoch_0030\images\cezanne_00382_to_monet.jpg","15118","0.014418","2026/4/5 23:55:10"
"45\45_02_naked_fusion\full_eval\epoch_0030\images\cezanne_00382_to_photo.jpg","15203","0.014499","2026/4/5 23:55:09"
"45\45_02_naked_fusion\full_eval\epoch_0030\images\cezanne_00382_to_vangogh.jpg","15289","0.014581","2026/4/5 23:55:11"
"45\45_02_naked_fusion\full_eval\epoch_0030\images\cezanne_00388_to_cezanne.jpg","15117","0.014417","2026/4/5 23:55:08"
"45\45_02_naked_fusion\full_eval\epoch_0030\images\cezanne_00388_to_Hayao.jpg","14979","0.014285","2026/4/5 23:55:04"
"45\45_02_naked_fusion\full_eval\epoch_0030\images\cezanne_00388_to_monet.jpg","15592","0.01487","2026/4/5 23:55:05"
"45\45_02_naked_fusion\full_eval\epoch_0030\images\cezanne_00388_to_photo.jpg","16232","0.01548","2026/4/5 23:55:03"
"45\45_02_naked_fusion\full_eval\epoch_0030\images\cezanne_00388_to_vangogh.jpg","15419","0.014705","2026/4/5 23:55:07"
"45\45_02_naked_fusion\full_eval\epoch_0030\images\cezanne_00393_to_cezanne.jpg","15703","0.014976","2026/4/5 23:55:12"
"45\45_02_naked_fusion\full_eval\epoch_0030\images\cezanne_00393_to_Hayao.jpg","15531","0.014812","2026/4/5 23:55:10"
"45\45_02_naked_fusion\full_eval\epoch_0030\images\cezanne_00393_to_monet.jpg","15633","0.014909","2026/4/5 23:55:10"
"45\45_02_naked_fusion\full_eval\epoch_0030\images\cezanne_00393_to_photo.jpg","16107","0.015361","2026/4/5 23:55:09"
"45\45_02_naked_fusion\full_eval\epoch_0030\images\cezanne_00393_to_vangogh.jpg","15811","0.015079","2026/4/5 23:55:11"
"45\45_02_naked_fusion\full_eval\epoch_0030\images\cezanne_00411_to_cezanne.jpg","14930","0.014238","2026/4/5 23:55:08"
"45\45_02_naked_fusion\full_eval\epoch_0030\images\cezanne_00411_to_Hayao.jpg","15367","0.014655","2026/4/5 23:55:04"
"45\45_02_naked_fusion\full_eval\epoch_0030\images\cezanne_00411_to_monet.jpg","15580","0.014858","2026/4/5 23:55:05"
"45\45_02_naked_fusion\full_eval\epoch_0030\images\cezanne_00411_to_photo.jpg","15731","0.015002","2026/4/5 23:55:03"
"45\45_02_naked_fusion\full_eval\epoch_0030\images\cezanne_00411_to_vangogh.jpg","15208","0.014503","2026/4/5 23:55:07"
"45\45_02_naked_fusion\full_eval\epoch_0030\images\cezanne_00428_to_cezanne.jpg","14308","0.013645","2026/4/5 23:55:08"
"45\45_02_naked_fusion\full_eval\epoch_0030\images\cezanne_00428_to_Hayao.jpg","13762","0.013124","2026/4/5 23:55:04"
"45\45_02_naked_fusion\full_eval\epoch_0030\images\cezanne_00428_to_monet.jpg","14073","0.013421","2026/4/5 23:55:05"
"45\45_02_naked_fusion\full_eval\epoch_0030\images\cezanne_00428_to_photo.jpg","14305","0.013642","2026/4/5 23:55:03"
"45\45_02_naked_fusion\full_eval\epoch_0030\images\cezanne_00428_to_vangogh.jpg","14218","0.013559","2026/4/5 23:55:07"
"45\45_02_naked_fusion\full_eval\epoch_0030\images\cezanne_00437_to_cezanne.jpg","15211","0.014506","2026/4/5 23:55:08"
"45\45_02_naked_fusion\full_eval\epoch_0030\images\cezanne_00437_to_Hayao.jpg","14726","0.014044","2026/4/5 23:55:04"
"45\45_02_naked_fusion\full_eval\epoch_0030\images\cezanne_00437_to_monet.jpg","15115","0.014415","2026/4/5 23:55:05"
"45\45_02_naked_fusion\full_eval\epoch_0030\images\cezanne_00437_to_photo.jpg","15378","0.014666","2026/4/5 23:55:03"
"45\45_02_naked_fusion\full_eval\epoch_0030\images\cezanne_00437_to_vangogh.jpg","15305","0.014596","2026/4/5 23:55:07"
"45\45_02_naked_fusion\full_eval\epoch_0030\images\cezanne_00517_to_cezanne.jpg","14380","0.013714","2026/4/5 23:55:12"
"45\45_02_naked_fusion\full_eval\epoch_0030\images\cezanne_00517_to_Hayao.jpg","13845","0.013204","2026/4/5 23:55:10"
"45\45_02_naked_fusion\full_eval\epoch_0030\images\cezanne_00517_to_monet.jpg","14655","0.013976","2026/4/5 23:55:10"
"45\45_02_naked_fusion\full_eval\epoch_0030\images\cezanne_00517_to_photo.jpg","14508","0.013836","2026/4/5 23:55:09"
"45\45_02_naked_fusion\full_eval\epoch_0030\images\cezanne_00517_to_vangogh.jpg","14347","0.013682","2026/4/5 23:55:11"
"45\45_02_naked_fusion\full_eval\epoch_0030\images\cezanne_00546_to_cezanne.jpg","15274","0.014566","2026/4/5 23:55:12"
"45\45_02_naked_fusion\full_eval\epoch_0030\images\cezanne_00546_to_Hayao.jpg","14966","0.014273","2026/4/5 23:55:10"
"45\45_02_naked_fusion\full_eval\epoch_0030\images\cezanne_00546_to_monet.jpg","15534","0.014814","2026/4/5 23:55:10"
"45\45_02_naked_fusion\full_eval\epoch_0030\images\cezanne_00546_to_photo.jpg","16052","0.015308","2026/4/5 23:55:09"
"45\45_02_naked_fusion\full_eval\epoch_0030\images\cezanne_00546_to_vangogh.jpg","15247","0.014541","2026/4/5 23:55:11"
"45\45_02_naked_fusion\full_eval\epoch_0030\images\cezanne_00576_to_cezanne.jpg","15514","0.014795","2026/4/5 23:55:12"
"45\45_02_naked_fusion\full_eval\epoch_0030\images\cezanne_00576_to_Hayao.jpg","14977","0.014283","2026/4/5 23:55:10"
"45\45_02_naked_fusion\full_eval\epoch_0030\images\cezanne_00576_to_monet.jpg","15407","0.014693","2026/4/5 23:55:10"
"45\45_02_naked_fusion\full_eval\epoch_0030\images\cezanne_00576_to_photo.jpg","15749","0.015019","2026/4/5 23:55:09"
"45\45_02_naked_fusion\full_eval\epoch_0030\images\cezanne_00576_to_vangogh.jpg","15749","0.015019","2026/4/5 23:55:11"
"45\45_02_naked_fusion\full_eval\epoch_0030\images\cezanne_00582_to_cezanne.jpg","15294","0.014585","2026/4/5 23:55:08"
"45\45_02_naked_fusion\full_eval\epoch_0030\images\cezanne_00582_to_Hayao.jpg","15212","0.014507","2026/4/5 23:55:04"
"45\45_02_naked_fusion\full_eval\epoch_0030\images\cezanne_00582_to_monet.jpg","15596","0.014874","2026/4/5 23:55:05"
"45\45_02_naked_fusion\full_eval\epoch_0030\images\cezanne_00582_to_photo.jpg","15733","0.015004","2026/4/5 23:55:03"
"45\45_02_naked_fusion\full_eval\epoch_0030\images\cezanne_00582_to_vangogh.jpg","15392","0.014679","2026/4/5 23:55:07"
"45\45_02_naked_fusion\full_eval\epoch_0030\images\cezanne_00605_to_cezanne.jpg","14687","0.014007","2026/4/5 23:55:12"
"45\45_02_naked_fusion\full_eval\epoch_0030\images\cezanne_00605_to_Hayao.jpg","14728","0.014046","2026/4/5 23:55:10"
"45\45_02_naked_fusion\full_eval\epoch_0030\images\cezanne_00605_to_monet.jpg","14983","0.014289","2026/4/5 23:55:10"
"45\45_02_naked_fusion\full_eval\epoch_0030\images\cezanne_00605_to_photo.jpg","14966","0.014273","2026/4/5 23:55:09"
"45\45_02_naked_fusion\full_eval\epoch_0030\images\cezanne_00605_to_vangogh.jpg","14740","0.014057","2026/4/5 23:55:11"
"45\45_02_naked_fusion\full_eval\epoch_0030\images\Hayao_0_to_cezanne.jpg","15125","0.014424","2026/4/5 23:54:39"
"45\45_02_naked_fusion\full_eval\epoch_0030\images\Hayao_0_to_Hayao.jpg","15149","0.014447","2026/4/5 23:54:35"
"45\45_02_naked_fusion\full_eval\epoch_0030\images\Hayao_0_to_monet.jpg","15417","0.014703","2026/4/5 23:54:37"
"45\45_02_naked_fusion\full_eval\epoch_0030\images\Hayao_0_to_photo.jpg","15415","0.014701","2026/4/5 23:54:34"
"45\45_02_naked_fusion\full_eval\epoch_0030\images\Hayao_0_to_vangogh.jpg","15386","0.014673","2026/4/5 23:54:38"
"45\45_02_naked_fusion\full_eval\epoch_0030\images\Hayao_1000_to_cezanne.jpg","15609","0.014886","2026/4/5 23:54:39"
"45\45_02_naked_fusion\full_eval\epoch_0030\images\Hayao_1000_to_Hayao.jpg","15498","0.01478","2026/4/5 23:54:35"
"45\45_02_naked_fusion\full_eval\epoch_0030\images\Hayao_1000_to_monet.jpg","15600","0.014877","2026/4/5 23:54:37"
"45\45_02_naked_fusion\full_eval\epoch_0030\images\Hayao_1000_to_photo.jpg","15842","0.015108","2026/4/5 23:54:34"
"45\45_02_naked_fusion\full_eval\epoch_0030\images\Hayao_1000_to_vangogh.jpg","15781","0.01505","2026/4/5 23:54:38"
"45\45_02_naked_fusion\full_eval\epoch_0030\images\Hayao_1001_to_cezanne.jpg","13918","0.013273","2026/4/5 23:54:32"
"45\45_02_naked_fusion\full_eval\epoch_0030\images\Hayao_1001_to_Hayao.jpg","14199","0.013541","2026/4/5 23:54:28"
"45\45_02_naked_fusion\full_eval\epoch_0030\images\Hayao_1001_to_monet.jpg","14395","0.013728","2026/4/5 23:54:30"
"45\45_02_naked_fusion\full_eval\epoch_0030\images\Hayao_1001_to_photo.jpg","14251","0.013591","2026/4/5 23:54:27"
"45\45_02_naked_fusion\full_eval\epoch_0030\images\Hayao_1001_to_vangogh.jpg","14449","0.01378","2026/4/5 23:54:31"
"45\45_02_naked_fusion\full_eval\epoch_0030\images\Hayao_1006_to_cezanne.jpg","15208","0.014503","2026/4/5 23:54:32"
"45\45_02_naked_fusion\full_eval\epoch_0030\images\Hayao_1006_to_Hayao.jpg","15271","0.014564","2026/4/5 23:54:28"
"45\45_02_naked_fusion\full_eval\epoch_0030\images\Hayao_1006_to_monet.jpg","15283","0.014575","2026/4/5 23:54:30"
"45\45_02_naked_fusion\full_eval\epoch_0030\images\Hayao_1006_to_photo.jpg","15424","0.014709","2026/4/5 23:54:27"
"45\45_02_naked_fusion\full_eval\epoch_0030\images\Hayao_1006_to_vangogh.jpg","15444","0.014729","2026/4/5 23:54:31"
"45\45_02_naked_fusion\full_eval\epoch_0030\images\Hayao_1007_to_cezanne.jpg","14876","0.014187","2026/4/5 23:54:39"
"45\45_02_naked_fusion\full_eval\epoch_0030\images\Hayao_1007_to_Hayao.jpg","15412","0.014698","2026/4/5 23:54:35"
"45\45_02_naked_fusion\full_eval\epoch_0030\images\Hayao_1007_to_monet.jpg","14943","0.014251","2026/4/5 23:54:37"
"45\45_02_naked_fusion\full_eval\epoch_0030\images\Hayao_1007_to_photo.jpg","15563","0.014842","2026/4/5 23:54:34"
"45\45_02_naked_fusion\full_eval\epoch_0030\images\Hayao_1007_to_vangogh.jpg","15155","0.014453","2026/4/5 23:54:38"
"45\45_02_naked_fusion\full_eval\epoch_0030\images\Hayao_1008_to_cezanne.jpg","15054","0.014357","2026/4/5 23:54:32"
"45\45_02_naked_fusion\full_eval\epoch_0030\images\Hayao_1008_to_Hayao.jpg","15157","0.014455","2026/4/5 23:54:28"
"45\45_02_naked_fusion\full_eval\epoch_0030\images\Hayao_1008_to_monet.jpg","15403","0.014689","2026/4/5 23:54:30"
"45\45_02_naked_fusion\full_eval\epoch_0030\images\Hayao_1008_to_photo.jpg","15389","0.014676","2026/4/5 23:54:27"
"45\45_02_naked_fusion\full_eval\epoch_0030\images\Hayao_1008_to_vangogh.jpg","15393","0.01468","2026/4/5 23:54:31"
"45\45_02_naked_fusion\full_eval\epoch_0030\images\Hayao_1009_to_cezanne.jpg","15370","0.014658","2026/4/5 23:54:39"
"45\45_02_naked_fusion\full_eval\epoch_0030\images\Hayao_1009_to_Hayao.jpg","14803","0.014117","2026/4/5 23:54:35"
"45\45_02_naked_fusion\full_eval\epoch_0030\images\Hayao_1009_to_monet.jpg","15303","0.014594","2026/4/5 23:54:37"
"45\45_02_naked_fusion\full_eval\epoch_0030\images\Hayao_1009_to_photo.jpg","15248","0.014542","2026/4/5 23:54:34"
"45\45_02_naked_fusion\full_eval\epoch_0030\images\Hayao_1009_to_vangogh.jpg","15140","0.014439","2026/4/5 23:54:38"
"45\45_02_naked_fusion\full_eval\epoch_0030\images\Hayao_1012_to_cezanne.jpg","14003","0.013354","2026/4/5 23:54:32"
"45\45_02_naked_fusion\full_eval\epoch_0030\images\Hayao_1012_to_Hayao.jpg","13777","0.013139","2026/4/5 23:54:28"
"45\45_02_naked_fusion\full_eval\epoch_0030\images\Hayao_1012_to_monet.jpg","14277","0.013616","2026/4/5 23:54:30"
"45\45_02_naked_fusion\full_eval\epoch_0030\images\Hayao_1012_to_photo.jpg","14601","0.013925","2026/4/5 23:54:27"
"45\45_02_naked_fusion\full_eval\epoch_0030\images\Hayao_1012_to_vangogh.jpg","14500","0.013828","2026/4/5 23:54:31"
"45\45_02_naked_fusion\full_eval\epoch_0030\images\Hayao_1014_to_cezanne.jpg","13033","0.012429","2026/4/5 23:54:39"
"45\45_02_naked_fusion\full_eval\epoch_0030\images\Hayao_1014_to_Hayao.jpg","13118","0.01251","2026/4/5 23:54:35"
"45\45_02_naked_fusion\full_eval\epoch_0030\images\Hayao_1014_to_monet.jpg","13245","0.012631","2026/4/5 23:54:37"
"45\45_02_naked_fusion\full_eval\epoch_0030\images\Hayao_1014_to_photo.jpg","13736","0.0131","2026/4/5 23:54:34"
"45\45_02_naked_fusion\full_eval\epoch_0030\images\Hayao_1014_to_vangogh.jpg","13677","0.013043","2026/4/5 23:54:38"
"45\45_02_naked_fusion\full_eval\epoch_0030\images\Hayao_1015_to_cezanne.jpg","15524","0.014805","2026/4/5 23:54:32"
"45\45_02_naked_fusion\full_eval\epoch_0030\images\Hayao_1015_to_Hayao.jpg","15321","0.014611","2026/4/5 23:54:28"
"45\45_02_naked_fusion\full_eval\epoch_0030\images\Hayao_1015_to_monet.jpg","15846","0.015112","2026/4/5 23:54:30"
"45\45_02_naked_fusion\full_eval\epoch_0030\images\Hayao_1015_to_photo.jpg","15787","0.015056","2026/4/5 23:54:27"
"45\45_02_naked_fusion\full_eval\epoch_0030\images\Hayao_1015_to_vangogh.jpg","15492","0.014774","2026/4/5 23:54:31"
"45\45_02_naked_fusion\full_eval\epoch_0030\images\Hayao_1016_to_cezanne.jpg","14562","0.013887","2026/4/5 23:54:39"
"45\45_02_naked_fusion\full_eval\epoch_0030\images\Hayao_1016_to_Hayao.jpg","14379","0.013713","2026/4/5 23:54:35"
"45\45_02_naked_fusion\full_eval\epoch_0030\images\Hayao_1016_to_monet.jpg","14801","0.014115","2026/4/5 23:54:37"
"45\45_02_naked_fusion\full_eval\epoch_0030\images\Hayao_1016_to_photo.jpg","14775","0.014091","2026/4/5 23:54:34"
"45\45_02_naked_fusion\full_eval\epoch_0030\images\Hayao_1016_to_vangogh.jpg","14734","0.014051","2026/4/5 23:54:38"
"45\45_02_naked_fusion\full_eval\epoch_0030\images\Hayao_1017_to_cezanne.jpg","13546","0.012918","2026/4/5 23:54:39"
"45\45_02_naked_fusion\full_eval\epoch_0030\images\Hayao_1017_to_Hayao.jpg","13535","0.012908","2026/4/5 23:54:35"
"45\45_02_naked_fusion\full_eval\epoch_0030\images\Hayao_1017_to_monet.jpg","13584","0.012955","2026/4/5 23:54:37"
"45\45_02_naked_fusion\full_eval\epoch_0030\images\Hayao_1017_to_photo.jpg","13463","0.012839","2026/4/5 23:54:34"
"45\45_02_naked_fusion\full_eval\epoch_0030\images\Hayao_1017_to_vangogh.jpg","13695","0.013061","2026/4/5 23:54:38"
"45\45_02_naked_fusion\full_eval\epoch_0030\images\Hayao_1018_to_cezanne.jpg","16911","0.016128","2026/4/5 23:54:39"
"45\45_02_naked_fusion\full_eval\epoch_0030\images\Hayao_1018_to_Hayao.jpg","16886","0.016104","2026/4/5 23:54:35"
"45\45_02_naked_fusion\full_eval\epoch_0030\images\Hayao_1018_to_monet.jpg","17212","0.016415","2026/4/5 23:54:37"
"45\45_02_naked_fusion\full_eval\epoch_0030\images\Hayao_1018_to_photo.jpg","17633","0.016816","2026/4/5 23:54:34"
"45\45_02_naked_fusion\full_eval\epoch_0030\images\Hayao_1018_to_vangogh.jpg","17054","0.016264","2026/4/5 23:54:38"
"45\45_02_naked_fusion\full_eval\epoch_0030\images\Hayao_1019_to_cezanne.jpg","12717","0.012128","2026/4/5 23:54:32"
"45\45_02_naked_fusion\full_eval\epoch_0030\images\Hayao_1019_to_Hayao.jpg","12761","0.01217","2026/4/5 23:54:28"
"45\45_02_naked_fusion\full_eval\epoch_0030\images\Hayao_1019_to_monet.jpg","13690","0.013056","2026/4/5 23:54:30"
"45\45_02_naked_fusion\full_eval\epoch_0030\images\Hayao_1019_to_photo.jpg","13154","0.012545","2026/4/5 23:54:27"
"45\45_02_naked_fusion\full_eval\epoch_0030\images\Hayao_1019_to_vangogh.jpg","13387","0.012767","2026/4/5 23:54:31"
"45\45_02_naked_fusion\full_eval\epoch_0030\images\Hayao_1020_to_cezanne.jpg","14491","0.01382","2026/4/5 23:54:32"
"45\45_02_naked_fusion\full_eval\epoch_0030\images\Hayao_1020_to_Hayao.jpg","14534","0.013861","2026/4/5 23:54:28"
"45\45_02_naked_fusion\full_eval\epoch_0030\images\Hayao_1020_to_monet.jpg","14741","0.014058","2026/4/5 23:54:30"
"45\45_02_naked_fusion\full_eval\epoch_0030\images\Hayao_1020_to_photo.jpg","14862","0.014174","2026/4/5 23:54:27"
"45\45_02_naked_fusion\full_eval\epoch_0030\images\Hayao_1020_to_vangogh.jpg","14826","0.014139","2026/4/5 23:54:31"
"45\45_02_naked_fusion\full_eval\epoch_0030\images\Hayao_1021_to_cezanne.jpg","13990","0.013342","2026/4/5 23:54:32"
"45\45_02_naked_fusion\full_eval\epoch_0030\images\Hayao_1021_to_Hayao.jpg","14536","0.013863","2026/4/5 23:54:28"
"45\45_02_naked_fusion\full_eval\epoch_0030\images\Hayao_1021_to_monet.jpg","14213","0.013555","2026/4/5 23:54:30"
"45\45_02_naked_fusion\full_eval\epoch_0030\images\Hayao_1021_to_photo.jpg","14689","0.014009","2026/4/5 23:54:27"
"45\45_02_naked_fusion\full_eval\epoch_0030\images\Hayao_1021_to_vangogh.jpg","14405","0.013738","2026/4/5 23:54:31"
"45\45_02_naked_fusion\full_eval\epoch_0030\images\Hayao_1023_to_cezanne.jpg","14387","0.013721","2026/4/5 23:54:39"
"45\45_02_naked_fusion\full_eval\epoch_0030\images\Hayao_1023_to_Hayao.jpg","14256","0.013596","2026/4/5 23:54:35"
"45\45_02_naked_fusion\full_eval\epoch_0030\images\Hayao_1023_to_monet.jpg","14853","0.014165","2026/4/5 23:54:37"
"45\45_02_naked_fusion\full_eval\epoch_0030\images\Hayao_1023_to_photo.jpg","14835","0.014148","2026/4/5 23:54:34"
"45\45_02_naked_fusion\full_eval\epoch_0030\images\Hayao_1023_to_vangogh.jpg","14680","0.014","2026/4/5 23:54:38"
"45\45_02_naked_fusion\full_eval\epoch_0030\images\Hayao_1024_to_cezanne.jpg","13712","0.013077","2026/4/5 23:54:32"
"45\45_02_naked_fusion\full_eval\epoch_0030\images\Hayao_1024_to_Hayao.jpg","14307","0.013644","2026/4/5 23:54:28"
"45\45_02_naked_fusion\full_eval\epoch_0030\images\Hayao_1024_to_monet.jpg","14143","0.013488","2026/4/5 23:54:30"
"45\45_02_naked_fusion\full_eval\epoch_0030\images\Hayao_1024_to_photo.jpg","13992","0.013344","2026/4/5 23:54:27"
"45\45_02_naked_fusion\full_eval\epoch_0030\images\Hayao_1024_to_vangogh.jpg","14668","0.013988","2026/4/5 23:54:31"
"45\45_02_naked_fusion\full_eval\epoch_0030\images\Hayao_1025_to_cezanne.jpg","14904","0.014214","2026/4/5 23:54:39"
"45\45_02_naked_fusion\full_eval\epoch_0030\images\Hayao_1025_to_Hayao.jpg","14711","0.01403","2026/4/5 23:54:35"
"45\45_02_naked_fusion\full_eval\epoch_0030\images\Hayao_1025_to_monet.jpg","15284","0.014576","2026/4/5 23:54:37"
"45\45_02_naked_fusion\full_eval\epoch_0030\images\Hayao_1025_to_photo.jpg","15179","0.014476","2026/4/5 23:54:34"
"45\45_02_naked_fusion\full_eval\epoch_0030\images\Hayao_1025_to_vangogh.jpg","14691","0.01401","2026/4/5 23:54:38"
"45\45_02_naked_fusion\full_eval\epoch_0030\images\Hayao_1026_to_cezanne.jpg","15031","0.014335","2026/4/5 23:54:39"
"45\45_02_naked_fusion\full_eval\epoch_0030\images\Hayao_1026_to_Hayao.jpg","14796","0.014111","2026/4/5 23:54:35"
"45\45_02_naked_fusion\full_eval\epoch_0030\images\Hayao_1026_to_monet.jpg","15406","0.014692","2026/4/5 23:54:37"
"45\45_02_naked_fusion\full_eval\epoch_0030\images\Hayao_1026_to_photo.jpg","15613","0.01489","2026/4/5 23:54:34"
"45\45_02_naked_fusion\full_eval\epoch_0030\images\Hayao_1026_to_vangogh.jpg","15432","0.014717","2026/4/5 23:54:38"
"45\45_02_naked_fusion\full_eval\epoch_0030\images\Hayao_1028_to_cezanne.jpg","14931","0.014239","2026/4/5 23:54:39"
"45\45_02_naked_fusion\full_eval\epoch_0030\images\Hayao_1028_to_Hayao.jpg","13926","0.013281","2026/4/5 23:54:35"
"45\45_02_naked_fusion\full_eval\epoch_0030\images\Hayao_1028_to_monet.jpg","15081","0.014382","2026/4/5 23:54:37"
"45\45_02_naked_fusion\full_eval\epoch_0030\images\Hayao_1028_to_photo.jpg","15080","0.014381","2026/4/5 23:54:34"
"45\45_02_naked_fusion\full_eval\epoch_0030\images\Hayao_1028_to_vangogh.jpg","15016","0.01432","2026/4/5 23:54:38"
"45\45_02_naked_fusion\full_eval\epoch_0030\images\Hayao_102_to_cezanne.jpg","14699","0.014018","2026/4/5 23:54:39"
"45\45_02_naked_fusion\full_eval\epoch_0030\images\Hayao_102_to_Hayao.jpg","14357","0.013692","2026/4/5 23:54:35"
"45\45_02_naked_fusion\full_eval\epoch_0030\images\Hayao_102_to_monet.jpg","14661","0.013982","2026/4/5 23:54:37"
"45\45_02_naked_fusion\full_eval\epoch_0030\images\Hayao_102_to_photo.jpg","14746","0.014063","2026/4/5 23:54:34"
"45\45_02_naked_fusion\full_eval\epoch_0030\images\Hayao_102_to_vangogh.jpg","14916","0.014225","2026/4/5 23:54:38"
"45\45_02_naked_fusion\full_eval\epoch_0030\images\Hayao_1033_to_cezanne.jpg","15823","0.01509","2026/4/5 23:54:39"
"45\45_02_naked_fusion\full_eval\epoch_0030\images\Hayao_1033_to_Hayao.jpg","15255","0.014548","2026/4/5 23:54:35"
"45\45_02_naked_fusion\full_eval\epoch_0030\images\Hayao_1033_to_monet.jpg","16117","0.01537","2026/4/5 23:54:37"
"45\45_02_naked_fusion\full_eval\epoch_0030\images\Hayao_1033_to_photo.jpg","16524","0.015759","2026/4/5 23:54:34"
"45\45_02_naked_fusion\full_eval\epoch_0030\images\Hayao_1033_to_vangogh.jpg","16079","0.015334","2026/4/5 23:54:38"
"45\45_02_naked_fusion\full_eval\epoch_0030\images\Hayao_1039_to_cezanne.jpg","13701","0.013066","2026/4/5 23:54:39"
"45\45_02_naked_fusion\full_eval\epoch_0030\images\Hayao_1039_to_Hayao.jpg","13675","0.013041","2026/4/5 23:54:35"
"45\45_02_naked_fusion\full_eval\epoch_0030\images\Hayao_1039_to_monet.jpg","13974","0.013327","2026/4/5 23:54:37"
"45\45_02_naked_fusion\full_eval\epoch_0030\images\Hayao_1039_to_photo.jpg","14268","0.013607","2026/4/5 23:54:34"
"45\45_02_naked_fusion\full_eval\epoch_0030\images\Hayao_1039_to_vangogh.jpg","13864","0.013222","2026/4/5 23:54:38"
"45\45_02_naked_fusion\full_eval\epoch_0030\images\Hayao_103_to_cezanne.jpg","15020","0.014324","2026/4/5 23:54:39"
"45\45_02_naked_fusion\full_eval\epoch_0030\images\Hayao_103_to_Hayao.jpg","14936","0.014244","2026/4/5 23:54:35"
"45\45_02_naked_fusion\full_eval\epoch_0030\images\Hayao_103_to_monet.jpg","15225","0.01452","2026/4/5 23:54:37"
"45\45_02_naked_fusion\full_eval\epoch_0030\images\Hayao_103_to_photo.jpg","15399","0.014686","2026/4/5 23:54:34"
"45\45_02_naked_fusion\full_eval\epoch_0030\images\Hayao_103_to_vangogh.jpg","15134","0.014433","2026/4/5 23:54:38"
"45\45_02_naked_fusion\full_eval\epoch_0030\images\Hayao_1040_to_cezanne.jpg","14593","0.013917","2026/4/5 23:54:39"
"45\45_02_naked_fusion\full_eval\epoch_0030\images\Hayao_1040_to_Hayao.jpg","14164","0.013508","2026/4/5 23:54:35"
"45\45_02_naked_fusion\full_eval\epoch_0030\images\Hayao_1040_to_monet.jpg","15051","0.014354","2026/4/5 23:54:37"
"45\45_02_naked_fusion\full_eval\epoch_0030\images\Hayao_1040_to_photo.jpg","14915","0.014224","2026/4/5 23:54:34"
"45\45_02_naked_fusion\full_eval\epoch_0030\images\Hayao_1040_to_vangogh.jpg","15126","0.014425","2026/4/5 23:54:38"
"45\45_02_naked_fusion\full_eval\epoch_0030\images\Hayao_1041_to_cezanne.jpg","15089","0.01439","2026/4/5 23:54:39"
"45\45_02_naked_fusion\full_eval\epoch_0030\images\Hayao_1041_to_Hayao.jpg","14856","0.014168","2026/4/5 23:54:35"
"45\45_02_naked_fusion\full_eval\epoch_0030\images\Hayao_1041_to_monet.jpg","14847","0.014159","2026/4/5 23:54:37"
"45\45_02_naked_fusion\full_eval\epoch_0030\images\Hayao_1041_to_photo.jpg","15468","0.014751","2026/4/5 23:54:34"
"45\45_02_naked_fusion\full_eval\epoch_0030\images\Hayao_1041_to_vangogh.jpg","15104","0.014404","2026/4/5 23:54:38"
"45\45_02_naked_fusion\full_eval\epoch_0030\images\Hayao_1042_to_cezanne.jpg","15264","0.014557","2026/4/5 23:54:39"
"45\45_02_naked_fusion\full_eval\epoch_0030\images\Hayao_1042_to_Hayao.jpg","15111","0.014411","2026/4/5 23:54:35"
"45\45_02_naked_fusion\full_eval\epoch_0030\images\Hayao_1042_to_monet.jpg","15440","0.014725","2026/4/5 23:54:37"
"45\45_02_naked_fusion\full_eval\epoch_0030\images\Hayao_1042_to_photo.jpg","15480","0.014763","2026/4/5 23:54:34"
"45\45_02_naked_fusion\full_eval\epoch_0030\images\Hayao_1042_to_vangogh.jpg","15480","0.014763","2026/4/5 23:54:38"
"45\45_02_naked_fusion\full_eval\epoch_0030\images\Hayao_1044_to_cezanne.jpg","14458","0.013788","2026/4/5 23:54:32"
"45\45_02_naked_fusion\full_eval\epoch_0030\images\Hayao_1044_to_Hayao.jpg","14414","0.013746","2026/4/5 23:54:28"
"45\45_02_naked_fusion\full_eval\epoch_0030\images\Hayao_1044_to_monet.jpg","14510","0.013838","2026/4/5 23:54:30"
"45\45_02_naked_fusion\full_eval\epoch_0030\images\Hayao_1044_to_photo.jpg","14712","0.01403","2026/4/5 23:54:27"
"45\45_02_naked_fusion\full_eval\epoch_0030\images\Hayao_1044_to_vangogh.jpg","14823","0.014136","2026/4/5 23:54:31"
"45\45_02_naked_fusion\full_eval\epoch_0030\images\Hayao_1049_to_cezanne.jpg","15396","0.014683","2026/4/5 23:54:39"
"45\45_02_naked_fusion\full_eval\epoch_0030\images\Hayao_1049_to_Hayao.jpg","15797","0.015065","2026/4/5 23:54:35"
"45\45_02_naked_fusion\full_eval\epoch_0030\images\Hayao_1049_to_monet.jpg","15761","0.015031","2026/4/5 23:54:37"
"45\45_02_naked_fusion\full_eval\epoch_0030\images\Hayao_1049_to_photo.jpg","15854","0.01512","2026/4/5 23:54:34"
"45\45_02_naked_fusion\full_eval\epoch_0030\images\Hayao_1049_to_vangogh.jpg","15358","0.014647","2026/4/5 23:54:38"
"45\45_02_naked_fusion\full_eval\epoch_0030\images\monet_00018_to_cezanne.jpg","14881","0.014192","2026/4/5 23:54:47"
"45\45_02_naked_fusion\full_eval\epoch_0030\images\monet_00018_to_Hayao.jpg","14721","0.014039","2026/4/5 23:54:43"
"45\45_02_naked_fusion\full_eval\epoch_0030\images\monet_00018_to_monet.jpg","15121","0.014421","2026/4/5 23:54:44"
"45\45_02_naked_fusion\full_eval\epoch_0030\images\monet_00018_to_photo.jpg","15381","0.014668","2026/4/5 23:54:41"
"45\45_02_naked_fusion\full_eval\epoch_0030\images\monet_00018_to_vangogh.jpg","15198","0.014494","2026/4/5 23:54:45"
"45\45_02_naked_fusion\full_eval\epoch_0030\images\monet_00075_to_cezanne.jpg","15475","0.014758","2026/4/5 23:54:47"
"45\45_02_naked_fusion\full_eval\epoch_0030\images\monet_00075_to_Hayao.jpg","14964","0.014271","2026/4/5 23:54:43"
"45\45_02_naked_fusion\full_eval\epoch_0030\images\monet_00075_to_monet.jpg","15264","0.014557","2026/4/5 23:54:44"
"45\45_02_naked_fusion\full_eval\epoch_0030\images\monet_00075_to_photo.jpg","15564","0.014843","2026/4/5 23:54:41"
"45\45_02_naked_fusion\full_eval\epoch_0030\images\monet_00075_to_vangogh.jpg","15217","0.014512","2026/4/5 23:54:45"
"45\45_02_naked_fusion\full_eval\epoch_0030\images\monet_00092_to_cezanne.jpg","14568","0.013893","2026/4/5 23:54:47"
"45\45_02_naked_fusion\full_eval\epoch_0030\images\monet_00092_to_Hayao.jpg","14560","0.013885","2026/4/5 23:54:43"
"45\45_02_naked_fusion\full_eval\epoch_0030\images\monet_00092_to_monet.jpg","14859","0.014171","2026/4/5 23:54:44"
"45\45_02_naked_fusion\full_eval\epoch_0030\images\monet_00092_to_photo.jpg","15271","0.014564","2026/4/5 23:54:41"
"45\45_02_naked_fusion\full_eval\epoch_0030\images\monet_00092_to_vangogh.jpg","15197","0.014493","2026/4/5 23:54:45"
"45\45_02_naked_fusion\full_eval\epoch_0030\images\monet_00278_to_cezanne.jpg","15813","0.01508","2026/4/5 23:54:47"
"45\45_02_naked_fusion\full_eval\epoch_0030\images\monet_00278_to_Hayao.jpg","15355","0.014644","2026/4/5 23:54:43"
"45\45_02_naked_fusion\full_eval\epoch_0030\images\monet_00278_to_monet.jpg","15955","0.015216","2026/4/5 23:54:44"
"45\45_02_naked_fusion\full_eval\epoch_0030\images\monet_00278_to_photo.jpg","16294","0.015539","2026/4/5 23:54:41"
"45\45_02_naked_fusion\full_eval\epoch_0030\images\monet_00278_to_vangogh.jpg","16377","0.015618","2026/4/5 23:54:45"
"45\45_02_naked_fusion\full_eval\epoch_0030\images\monet_00282_to_cezanne.jpg","14975","0.014281","2026/4/5 23:54:47"
"45\45_02_naked_fusion\full_eval\epoch_0030\images\monet_00282_to_Hayao.jpg","14808","0.014122","2026/4/5 23:54:43"
"45\45_02_naked_fusion\full_eval\epoch_0030\images\monet_00282_to_monet.jpg","15995","0.015254","2026/4/5 23:54:44"
"45\45_02_naked_fusion\full_eval\epoch_0030\images\monet_00282_to_photo.jpg","16010","0.015268","2026/4/5 23:54:41"
"45\45_02_naked_fusion\full_eval\epoch_0030\images\monet_00282_to_vangogh.jpg","16086","0.015341","2026/4/5 23:54:45"
"45\45_02_naked_fusion\full_eval\epoch_0030\images\monet_00286_to_cezanne.jpg","14984","0.01429","2026/4/5 23:54:47"
"45\45_02_naked_fusion\full_eval\epoch_0030\images\monet_00286_to_Hayao.jpg","14291","0.013629","2026/4/5 23:54:43"
"45\45_02_naked_fusion\full_eval\epoch_0030\images\monet_00286_to_monet.jpg","14970","0.014277","2026/4/5 23:54:44"
"45\45_02_naked_fusion\full_eval\epoch_0030\images\monet_00286_to_photo.jpg","15398","0.014685","2026/4/5 23:54:41"
"45\45_02_naked_fusion\full_eval\epoch_0030\images\monet_00286_to_vangogh.jpg","15136","0.014435","2026/4/5 23:54:45"
"45\45_02_naked_fusion\full_eval\epoch_0030\images\monet_00291_to_cezanne.jpg","14909","0.014218","2026/4/5 23:54:47"
"45\45_02_naked_fusion\full_eval\epoch_0030\images\monet_00291_to_Hayao.jpg","14593","0.013917","2026/4/5 23:54:43"
"45\45_02_naked_fusion\full_eval\epoch_0030\images\monet_00291_to_monet.jpg","15311","0.014602","2026/4/5 23:54:44"
"45\45_02_naked_fusion\full_eval\epoch_0030\images\monet_00291_to_photo.jpg","15661","0.014935","2026/4/5 23:54:41"
"45\45_02_naked_fusion\full_eval\epoch_0030\images\monet_00291_to_vangogh.jpg","15640","0.014915","2026/4/5 23:54:45"
"45\45_02_naked_fusion\full_eval\epoch_0030\images\monet_00389_to_cezanne.jpg","13849","0.013207","2026/4/5 23:54:47"
"45\45_02_naked_fusion\full_eval\epoch_0030\images\monet_00389_to_Hayao.jpg","13410","0.012789","2026/4/5 23:54:43"
"45\45_02_naked_fusion\full_eval\epoch_0030\images\monet_00389_to_monet.jpg","13807","0.013167","2026/4/5 23:54:44"
"45\45_02_naked_fusion\full_eval\epoch_0030\images\monet_00389_to_photo.jpg","13740","0.013103","2026/4/5 23:54:41"
"45\45_02_naked_fusion\full_eval\epoch_0030\images\monet_00389_to_vangogh.jpg","13714","0.013079","2026/4/5 23:54:45"
"45\45_02_naked_fusion\full_eval\epoch_0030\images\monet_00429_to_cezanne.jpg","14044","0.013393","2026/4/5 23:54:54"
"45\45_02_naked_fusion\full_eval\epoch_0030\images\monet_00429_to_Hayao.jpg","13814","0.013174","2026/4/5 23:54:50"
"45\45_02_naked_fusion\full_eval\epoch_0030\images\monet_00429_to_monet.jpg","14446","0.013777","2026/4/5 23:54:51"
"45\45_02_naked_fusion\full_eval\epoch_0030\images\monet_00429_to_photo.jpg","15014","0.014318","2026/4/5 23:54:48"
"45\45_02_naked_fusion\full_eval\epoch_0030\images\monet_00429_to_vangogh.jpg","14811","0.014125","2026/4/5 23:54:52"
"45\45_02_naked_fusion\full_eval\epoch_0030\images\monet_00444_to_cezanne.jpg","16177","0.015428","2026/4/5 23:54:47"
"45\45_02_naked_fusion\full_eval\epoch_0030\images\monet_00444_to_Hayao.jpg","15775","0.015044","2026/4/5 23:54:43"
"45\45_02_naked_fusion\full_eval\epoch_0030\images\monet_00444_to_monet.jpg","16398","0.015638","2026/4/5 23:54:44"
"45\45_02_naked_fusion\full_eval\epoch_0030\images\monet_00444_to_photo.jpg","16441","0.015679","2026/4/5 23:54:41"
"45\45_02_naked_fusion\full_eval\epoch_0030\images\monet_00444_to_vangogh.jpg","15884","0.015148","2026/4/5 23:54:45"
"45\45_02_naked_fusion\full_eval\epoch_0030\images\monet_00446_to_cezanne.jpg","15922","0.015184","2026/4/5 23:54:54"
"45\45_02_naked_fusion\full_eval\epoch_0030\images\monet_00446_to_Hayao.jpg","15381","0.014668","2026/4/5 23:54:50"
"45\45_02_naked_fusion\full_eval\epoch_0030\images\monet_00446_to_monet.jpg","15954","0.015215","2026/4/5 23:54:51"
"45\45_02_naked_fusion\full_eval\epoch_0030\images\monet_00446_to_photo.jpg","16017","0.015275","2026/4/5 23:54:48"
"45\45_02_naked_fusion\full_eval\epoch_0030\images\monet_00446_to_vangogh.jpg","16013","0.015271","2026/4/5 23:54:52"
"45\45_02_naked_fusion\full_eval\epoch_0030\images\monet_00542_to_cezanne.jpg","14624","0.013947","2026/4/5 23:54:47"
"45\45_02_naked_fusion\full_eval\epoch_0030\images\monet_00542_to_Hayao.jpg","13668","0.013035","2026/4/5 23:54:43"
"45\45_02_naked_fusion\full_eval\epoch_0030\images\monet_00542_to_monet.jpg","14849","0.014161","2026/4/5 23:54:44"
"45\45_02_naked_fusion\full_eval\epoch_0030\images\monet_00542_to_photo.jpg","14772","0.014088","2026/4/5 23:54:41"
"45\45_02_naked_fusion\full_eval\epoch_0030\images\monet_00542_to_vangogh.jpg","15003","0.014308","2026/4/5 23:54:45"
"45\45_02_naked_fusion\full_eval\epoch_0030\images\monet_00557_to_cezanne.jpg","15836","0.015102","2026/4/5 23:54:54"
"45\45_02_naked_fusion\full_eval\epoch_0030\images\monet_00557_to_Hayao.jpg","15187","0.014483","2026/4/5 23:54:50"
"45\45_02_naked_fusion\full_eval\epoch_0030\images\monet_00557_to_monet.jpg","15991","0.01525","2026/4/5 23:54:51"
"45\45_02_naked_fusion\full_eval\epoch_0030\images\monet_00557_to_photo.jpg","16263","0.01551","2026/4/5 23:54:48"
"45\45_02_naked_fusion\full_eval\epoch_0030\images\monet_00557_to_vangogh.jpg","16140","0.015392","2026/4/5 23:54:52"
"45\45_02_naked_fusion\full_eval\epoch_0030\images\monet_00607_to_cezanne.jpg","15327","0.014617","2026/4/5 23:54:47"
"45\45_02_naked_fusion\full_eval\epoch_0030\images\monet_00607_to_Hayao.jpg","14868","0.014179","2026/4/5 23:54:43"
"45\45_02_naked_fusion\full_eval\epoch_0030\images\monet_00607_to_monet.jpg","15162","0.01446","2026/4/5 23:54:44"
"45\45_02_naked_fusion\full_eval\epoch_0030\images\monet_00607_to_photo.jpg","15326","0.014616","2026/4/5 23:54:41"
"45\45_02_naked_fusion\full_eval\epoch_0030\images\monet_00607_to_vangogh.jpg","15779","0.015048","2026/4/5 23:54:45"
"45\45_02_naked_fusion\full_eval\epoch_0030\images\monet_00677_to_cezanne.jpg","15896","0.01516","2026/4/5 23:54:47"
"45\45_02_naked_fusion\full_eval\epoch_0030\images\monet_00677_to_Hayao.jpg","15483","0.014766","2026/4/5 23:54:43"
"45\45_02_naked_fusion\full_eval\epoch_0030\images\monet_00677_to_monet.jpg","15804","0.015072","2026/4/5 23:54:44"
"45\45_02_naked_fusion\full_eval\epoch_0030\images\monet_00677_to_photo.jpg","15998","0.015257","2026/4/5 23:54:41"
"45\45_02_naked_fusion\full_eval\epoch_0030\images\monet_00677_to_vangogh.jpg","16246","0.015493","2026/4/5 23:54:45"
"45\45_02_naked_fusion\full_eval\epoch_0030\images\monet_00695_to_cezanne.jpg","15597","0.014874","2026/4/5 23:54:47"
"45\45_02_naked_fusion\full_eval\epoch_0030\images\monet_00695_to_Hayao.jpg","15527","0.014808","2026/4/5 23:54:43"
"45\45_02_naked_fusion\full_eval\epoch_0030\images\monet_00695_to_monet.jpg","15998","0.015257","2026/4/5 23:54:44"
"45\45_02_naked_fusion\full_eval\epoch_0030\images\monet_00695_to_photo.jpg","15851","0.015117","2026/4/5 23:54:41"
"45\45_02_naked_fusion\full_eval\epoch_0030\images\monet_00695_to_vangogh.jpg","16109","0.015363","2026/4/5 23:54:45"
"45\45_02_naked_fusion\full_eval\epoch_0030\images\monet_00756_to_cezanne.jpg","14758","0.014074","2026/4/5 23:54:47"
"45\45_02_naked_fusion\full_eval\epoch_0030\images\monet_00756_to_Hayao.jpg","14147","0.013492","2026/4/5 23:54:43"
"45\45_02_naked_fusion\full_eval\epoch_0030\images\monet_00756_to_monet.jpg","15049","0.014352","2026/4/5 23:54:44"
"45\45_02_naked_fusion\full_eval\epoch_0030\images\monet_00756_to_photo.jpg","15561","0.01484","2026/4/5 23:54:41"
"45\45_02_naked_fusion\full_eval\epoch_0030\images\monet_00756_to_vangogh.jpg","15276","0.014568","2026/4/5 23:54:45"
"45\45_02_naked_fusion\full_eval\epoch_0030\images\monet_00776_to_cezanne.jpg","14713","0.014031","2026/4/5 23:54:54"
"45\45_02_naked_fusion\full_eval\epoch_0030\images\monet_00776_to_Hayao.jpg","14285","0.013623","2026/4/5 23:54:50"
"45\45_02_naked_fusion\full_eval\epoch_0030\images\monet_00776_to_monet.jpg","14895","0.014205","2026/4/5 23:54:51"
"45\45_02_naked_fusion\full_eval\epoch_0030\images\monet_00776_to_photo.jpg","15100","0.0144","2026/4/5 23:54:48"
"45\45_02_naked_fusion\full_eval\epoch_0030\images\monet_00776_to_vangogh.jpg","14968","0.014275","2026/4/5 23:54:52"
"45\45_02_naked_fusion\full_eval\epoch_0030\images\monet_00786_to_cezanne.jpg","16334","0.015577","2026/4/5 23:54:47"
"45\45_02_naked_fusion\full_eval\epoch_0030\images\monet_00786_to_Hayao.jpg","15936","0.015198","2026/4/5 23:54:43"
"45\45_02_naked_fusion\full_eval\epoch_0030\images\monet_00786_to_monet.jpg","16147","0.015399","2026/4/5 23:54:44"
"45\45_02_naked_fusion\full_eval\epoch_0030\images\monet_00786_to_photo.jpg","16376","0.015617","2026/4/5 23:54:41"
"45\45_02_naked_fusion\full_eval\epoch_0030\images\monet_00786_to_vangogh.jpg","16339","0.015582","2026/4/5 23:54:45"
"45\45_02_naked_fusion\full_eval\epoch_0030\images\monet_00789_to_cezanne.jpg","16149","0.015401","2026/4/5 23:54:54"
"45\45_02_naked_fusion\full_eval\epoch_0030\images\monet_00789_to_Hayao.jpg","15808","0.015076","2026/4/5 23:54:50"
"45\45_02_naked_fusion\full_eval\epoch_0030\images\monet_00789_to_monet.jpg","16336","0.015579","2026/4/5 23:54:51"
"45\45_02_naked_fusion\full_eval\epoch_0030\images\monet_00789_to_photo.jpg","16413","0.015653","2026/4/5 23:54:48"
"45\45_02_naked_fusion\full_eval\epoch_0030\images\monet_00789_to_vangogh.jpg","16186","0.015436","2026/4/5 23:54:52"
"45\45_02_naked_fusion\full_eval\epoch_0030\images\monet_00812_to_cezanne.jpg","15838","0.015104","2026/4/5 23:54:47"
"45\45_02_naked_fusion\full_eval\epoch_0030\images\monet_00812_to_Hayao.jpg","15413","0.014699","2026/4/5 23:54:43"
"45\45_02_naked_fusion\full_eval\epoch_0030\images\monet_00812_to_monet.jpg","16168","0.015419","2026/4/5 23:54:44"
"45\45_02_naked_fusion\full_eval\epoch_0030\images\monet_00812_to_photo.jpg","16578","0.01581","2026/4/5 23:54:41"
"45\45_02_naked_fusion\full_eval\epoch_0030\images\monet_00812_to_vangogh.jpg","16294","0.015539","2026/4/5 23:54:45"
"45\45_02_naked_fusion\full_eval\epoch_0030\images\monet_00928_to_cezanne.jpg","15731","0.015002","2026/4/5 23:54:54"
"45\45_02_naked_fusion\full_eval\epoch_0030\images\monet_00928_to_Hayao.jpg","15045","0.014348","2026/4/5 23:54:50"
"45\45_02_naked_fusion\full_eval\epoch_0030\images\monet_00928_to_monet.jpg","15791","0.015059","2026/4/5 23:54:51"
"45\45_02_naked_fusion\full_eval\epoch_0030\images\monet_00928_to_photo.jpg","16556","0.015789","2026/4/5 23:54:48"
"45\45_02_naked_fusion\full_eval\epoch_0030\images\monet_00928_to_vangogh.jpg","15765","0.015035","2026/4/5 23:54:52"
"45\45_02_naked_fusion\full_eval\epoch_0030\images\monet_00959_to_cezanne.jpg","14992","0.014297","2026/4/5 23:54:47"
"45\45_02_naked_fusion\full_eval\epoch_0030\images\monet_00959_to_Hayao.jpg","14130","0.013475","2026/4/5 23:54:43"
"45\45_02_naked_fusion\full_eval\epoch_0030\images\monet_00959_to_monet.jpg","15540","0.01482","2026/4/5 23:54:44"
"45\45_02_naked_fusion\full_eval\epoch_0030\images\monet_00959_to_photo.jpg","15492","0.014774","2026/4/5 23:54:41"
"45\45_02_naked_fusion\full_eval\epoch_0030\images\monet_00959_to_vangogh.jpg","15724","0.014996","2026/4/5 23:54:45"
"45\45_02_naked_fusion\full_eval\epoch_0030\images\monet_01039_to_cezanne.jpg","15167","0.014464","2026/4/5 23:54:47"
"45\45_02_naked_fusion\full_eval\epoch_0030\images\monet_01039_to_Hayao.jpg","14273","0.013612","2026/4/5 23:54:43"
"45\45_02_naked_fusion\full_eval\epoch_0030\images\monet_01039_to_monet.jpg","15015","0.014319","2026/4/5 23:54:44"
"45\45_02_naked_fusion\full_eval\epoch_0030\images\monet_01039_to_photo.jpg","15101","0.014401","2026/4/5 23:54:41"
"45\45_02_naked_fusion\full_eval\epoch_0030\images\monet_01039_to_vangogh.jpg","15469","0.014752","2026/4/5 23:54:45"
"45\45_02_naked_fusion\full_eval\epoch_0030\images\monet_01059_to_cezanne.jpg","15421","0.014707","2026/4/5 23:54:47"
"45\45_02_naked_fusion\full_eval\epoch_0030\images\monet_01059_to_Hayao.jpg","15131","0.01443","2026/4/5 23:54:43"
"45\45_02_naked_fusion\full_eval\epoch_0030\images\monet_01059_to_monet.jpg","15467","0.01475","2026/4/5 23:54:44"
"45\45_02_naked_fusion\full_eval\epoch_0030\images\monet_01059_to_photo.jpg","15848","0.015114","2026/4/5 23:54:41"
"45\45_02_naked_fusion\full_eval\epoch_0030\images\monet_01059_to_vangogh.jpg","15694","0.014967","2026/4/5 23:54:45"
"45\45_02_naked_fusion\full_eval\epoch_0030\images\monet_01127_to_cezanne.jpg","14251","0.013591","2026/4/5 23:54:54"
"45\45_02_naked_fusion\full_eval\epoch_0030\images\monet_01127_to_Hayao.jpg","13872","0.013229","2026/4/5 23:54:50"
"45\45_02_naked_fusion\full_eval\epoch_0030\images\monet_01127_to_monet.jpg","14344","0.01368","2026/4/5 23:54:51"
"45\45_02_naked_fusion\full_eval\epoch_0030\images\monet_01127_to_photo.jpg","15208","0.014503","2026/4/5 23:54:48"
"45\45_02_naked_fusion\full_eval\epoch_0030\images\monet_01127_to_vangogh.jpg","14542","0.013868","2026/4/5 23:54:52"
"45\45_02_naked_fusion\full_eval\epoch_0030\images\monet_01151_to_cezanne.jpg","15993","0.015252","2026/4/5 23:54:54"
"45\45_02_naked_fusion\full_eval\epoch_0030\images\monet_01151_to_Hayao.jpg","15958","0.015219","2026/4/5 23:54:50"
"45\45_02_naked_fusion\full_eval\epoch_0030\images\monet_01151_to_monet.jpg","16027","0.015285","2026/4/5 23:54:51"
"45\45_02_naked_fusion\full_eval\epoch_0030\images\monet_01151_to_photo.jpg","16605","0.015836","2026/4/5 23:54:48"
"45\45_02_naked_fusion\full_eval\epoch_0030\images\monet_01151_to_vangogh.jpg","16093","0.015347","2026/4/5 23:54:52"
"45\45_02_naked_fusion\full_eval\epoch_0030\images\monet_01155_to_cezanne.jpg","15817","0.015084","2026/4/5 23:54:54"
"45\45_02_naked_fusion\full_eval\epoch_0030\images\monet_01155_to_Hayao.jpg","15177","0.014474","2026/4/5 23:54:50"
"45\45_02_naked_fusion\full_eval\epoch_0030\images\monet_01155_to_monet.jpg","15377","0.014665","2026/4/5 23:54:51"
"45\45_02_naked_fusion\full_eval\epoch_0030\images\monet_01155_to_photo.jpg","15789","0.015058","2026/4/5 23:54:48"
"45\45_02_naked_fusion\full_eval\epoch_0030\images\monet_01155_to_vangogh.jpg","15939","0.015201","2026/4/5 23:54:52"
"45\45_02_naked_fusion\full_eval\epoch_0030\images\monet_01208_to_cezanne.jpg","16253","0.0155","2026/4/5 23:54:47"
"45\45_02_naked_fusion\full_eval\epoch_0030\images\monet_01208_to_Hayao.jpg","16039","0.015296","2026/4/5 23:54:43"
"45\45_02_naked_fusion\full_eval\epoch_0030\images\monet_01208_to_monet.jpg","16312","0.015556","2026/4/5 23:54:44"
"45\45_02_naked_fusion\full_eval\epoch_0030\images\monet_01208_to_photo.jpg","16938","0.016153","2026/4/5 23:54:41"
"45\45_02_naked_fusion\full_eval\epoch_0030\images\monet_01208_to_vangogh.jpg","16140","0.015392","2026/4/5 23:54:45"
"45\45_02_naked_fusion\full_eval\epoch_0030\images\monet_01326_to_cezanne.jpg","15788","0.015057","2026/4/5 23:54:54"
"45\45_02_naked_fusion\full_eval\epoch_0030\images\monet_01326_to_Hayao.jpg","15088","0.014389","2026/4/5 23:54:50"
"45\45_02_naked_fusion\full_eval\epoch_0030\images\monet_01326_to_monet.jpg","15939","0.015201","2026/4/5 23:54:51"
"45\45_02_naked_fusion\full_eval\epoch_0030\images\monet_01326_to_photo.jpg","15724","0.014996","2026/4/5 23:54:48"
"45\45_02_naked_fusion\full_eval\epoch_0030\images\monet_01326_to_vangogh.jpg","15897","0.015161","2026/4/5 23:54:52"
"45\45_02_naked_fusion\full_eval\epoch_0030\images\photo_2013-11-08 16_45_24_to_cezanne.jpg","12067","0.011508","2026/4/5 23:54:25"
"45\45_02_naked_fusion\full_eval\epoch_0030\images\photo_2013-11-08 16_45_24_to_Hayao.jpg","12449","0.011872","2026/4/5 23:54:21"
"45\45_02_naked_fusion\full_eval\epoch_0030\images\photo_2013-11-08 16_45_24_to_monet.jpg","12945","0.012345","2026/4/5 23:54:23"
"45\45_02_naked_fusion\full_eval\epoch_0030\images\photo_2013-11-08 16_45_24_to_photo.jpg","12599","0.012015","2026/4/5 23:54:20"
"45\45_02_naked_fusion\full_eval\epoch_0030\images\photo_2013-11-08 16_45_24_to_vangogh.jpg","12350","0.011778","2026/4/5 23:54:24"
"45\45_02_naked_fusion\full_eval\epoch_0030\images\photo_2013-11-10 12_45_41_to_cezanne.jpg","13115","0.012507","2026/4/5 23:54:25"
"45\45_02_naked_fusion\full_eval\epoch_0030\images\photo_2013-11-10 12_45_41_to_Hayao.jpg","13372","0.012753","2026/4/5 23:54:21"
"45\45_02_naked_fusion\full_eval\epoch_0030\images\photo_2013-11-10 12_45_41_to_monet.jpg","13286","0.012671","2026/4/5 23:54:23"
"45\45_02_naked_fusion\full_eval\epoch_0030\images\photo_2013-11-10 12_45_41_to_photo.jpg","13815","0.013175","2026/4/5 23:54:20"
"45\45_02_naked_fusion\full_eval\epoch_0030\images\photo_2013-11-10 12_45_41_to_vangogh.jpg","14070","0.013418","2026/4/5 23:54:24"
"45\45_02_naked_fusion\full_eval\epoch_0030\images\photo_2013-11-10 19_30_53_to_cezanne.jpg","15108","0.014408","2026/4/5 23:54:25"
"45\45_02_naked_fusion\full_eval\epoch_0030\images\photo_2013-11-10 19_30_53_to_Hayao.jpg","15294","0.014585","2026/4/5 23:54:21"
"45\45_02_naked_fusion\full_eval\epoch_0030\images\photo_2013-11-10 19_30_53_to_monet.jpg","15522","0.014803","2026/4/5 23:54:23"
"45\45_02_naked_fusion\full_eval\epoch_0030\images\photo_2013-11-10 19_30_53_to_photo.jpg","16103","0.015357","2026/4/5 23:54:20"
"45\45_02_naked_fusion\full_eval\epoch_0030\images\photo_2013-11-10 19_30_53_to_vangogh.jpg","15585","0.014863","2026/4/5 23:54:24"
"45\45_02_naked_fusion\full_eval\epoch_0030\images\photo_2013-11-11 22_03_00_to_cezanne.jpg","14314","0.013651","2026/4/5 23:54:25"
"45\45_02_naked_fusion\full_eval\epoch_0030\images\photo_2013-11-11 22_03_00_to_Hayao.jpg","14482","0.013811","2026/4/5 23:54:21"
"45\45_02_naked_fusion\full_eval\epoch_0030\images\photo_2013-11-11 22_03_00_to_monet.jpg","15249","0.014543","2026/4/5 23:54:23"
"45\45_02_naked_fusion\full_eval\epoch_0030\images\photo_2013-11-11 22_03_00_to_photo.jpg","15081","0.014382","2026/4/5 23:54:20"
"45\45_02_naked_fusion\full_eval\epoch_0030\images\photo_2013-11-11 22_03_00_to_vangogh.jpg","14777","0.014092","2026/4/5 23:54:24"
"45\45_02_naked_fusion\full_eval\epoch_0030\images\photo_2013-11-12 01_54_20_to_cezanne.jpg","15048","0.014351","2026/4/5 23:54:25"
"45\45_02_naked_fusion\full_eval\epoch_0030\images\photo_2013-11-12 01_54_20_to_Hayao.jpg","14697","0.014016","2026/4/5 23:54:21"
"45\45_02_naked_fusion\full_eval\epoch_0030\images\photo_2013-11-12 01_54_20_to_monet.jpg","15501","0.014783","2026/4/5 23:54:23"
"45\45_02_naked_fusion\full_eval\epoch_0030\images\photo_2013-11-12 01_54_20_to_photo.jpg","15659","0.014934","2026/4/5 23:54:20"
"45\45_02_naked_fusion\full_eval\epoch_0030\images\photo_2013-11-12 01_54_20_to_vangogh.jpg","15471","0.014754","2026/4/5 23:54:24"
"45\45_02_naked_fusion\full_eval\epoch_0030\images\photo_2013-11-12 10_29_19_to_cezanne.jpg","15116","0.014416","2026/4/5 23:54:25"
"45\45_02_naked_fusion\full_eval\epoch_0030\images\photo_2013-11-12 10_29_19_to_Hayao.jpg","14573","0.013898","2026/4/5 23:54:21"
"45\45_02_naked_fusion\full_eval\epoch_0030\images\photo_2013-11-12 10_29_19_to_monet.jpg","15371","0.014659","2026/4/5 23:54:23"
"45\45_02_naked_fusion\full_eval\epoch_0030\images\photo_2013-11-12 10_29_19_to_photo.jpg","15349","0.014638","2026/4/5 23:54:20"
"45\45_02_naked_fusion\full_eval\epoch_0030\images\photo_2013-11-12 10_29_19_to_vangogh.jpg","15296","0.014587","2026/4/5 23:54:24"
"45\45_02_naked_fusion\full_eval\epoch_0030\images\photo_2013-11-12 16_58_40_to_cezanne.jpg","14470","0.0138","2026/4/5 23:54:25"
"45\45_02_naked_fusion\full_eval\epoch_0030\images\photo_2013-11-12 16_58_40_to_Hayao.jpg","14150","0.013494","2026/4/5 23:54:21"
"45\45_02_naked_fusion\full_eval\epoch_0030\images\photo_2013-11-12 16_58_40_to_monet.jpg","15028","0.014332","2026/4/5 23:54:23"
"45\45_02_naked_fusion\full_eval\epoch_0030\images\photo_2013-11-12 16_58_40_to_photo.jpg","15262","0.014555","2026/4/5 23:54:20"
"45\45_02_naked_fusion\full_eval\epoch_0030\images\photo_2013-11-12 16_58_40_to_vangogh.jpg","15131","0.01443","2026/4/5 23:54:24"
"45\45_02_naked_fusion\full_eval\epoch_0030\images\photo_2013-11-14 07_04_51_to_cezanne.jpg","14323","0.013659","2026/4/5 23:54:25"
"45\45_02_naked_fusion\full_eval\epoch_0030\images\photo_2013-11-14 07_04_51_to_Hayao.jpg","14378","0.013712","2026/4/5 23:54:21"
"45\45_02_naked_fusion\full_eval\epoch_0030\images\photo_2013-11-14 07_04_51_to_monet.jpg","14777","0.014092","2026/4/5 23:54:23"
"45\45_02_naked_fusion\full_eval\epoch_0030\images\photo_2013-11-14 07_04_51_to_photo.jpg","14581","0.013906","2026/4/5 23:54:20"
"45\45_02_naked_fusion\full_eval\epoch_0030\images\photo_2013-11-14 07_04_51_to_vangogh.jpg","14424","0.013756","2026/4/5 23:54:24"
"45\45_02_naked_fusion\full_eval\epoch_0030\images\photo_2013-11-14 14_11_02_to_cezanne.jpg","16111","0.015365","2026/4/5 23:54:32"
"45\45_02_naked_fusion\full_eval\epoch_0030\images\photo_2013-11-14 14_11_02_to_Hayao.jpg","15825","0.015092","2026/4/5 23:54:28"
"45\45_02_naked_fusion\full_eval\epoch_0030\images\photo_2013-11-14 14_11_02_to_monet.jpg","16150","0.015402","2026/4/5 23:54:30"
"45\45_02_naked_fusion\full_eval\epoch_0030\images\photo_2013-11-14 14_11_02_to_photo.jpg","16564","0.015797","2026/4/5 23:54:27"
"45\45_02_naked_fusion\full_eval\epoch_0030\images\photo_2013-11-14 14_11_02_to_vangogh.jpg","16636","0.015865","2026/4/5 23:54:31"
"45\45_02_naked_fusion\full_eval\epoch_0030\images\photo_2013-11-16 04_17_00_to_cezanne.jpg","12138","0.011576","2026/4/5 23:54:25"
"45\45_02_naked_fusion\full_eval\epoch_0030\images\photo_2013-11-16 04_17_00_to_Hayao.jpg","13770","0.013132","2026/4/5 23:54:21"
"45\45_02_naked_fusion\full_eval\epoch_0030\images\photo_2013-11-16 04_17_00_to_monet.jpg","13198","0.012587","2026/4/5 23:54:23"
"45\45_02_naked_fusion\full_eval\epoch_0030\images\photo_2013-11-16 04_17_00_to_photo.jpg","13925","0.01328","2026/4/5 23:54:20"
"45\45_02_naked_fusion\full_eval\epoch_0030\images\photo_2013-11-16 04_17_00_to_vangogh.jpg","12721","0.012132","2026/4/5 23:54:24"
"45\45_02_naked_fusion\full_eval\epoch_0030\images\photo_2013-11-17 09_05_09_to_cezanne.jpg","13781","0.013143","2026/4/5 23:54:32"
"45\45_02_naked_fusion\full_eval\epoch_0030\images\photo_2013-11-17 09_05_09_to_Hayao.jpg","13112","0.012505","2026/4/5 23:54:28"
"45\45_02_naked_fusion\full_eval\epoch_0030\images\photo_2013-11-17 09_05_09_to_monet.jpg","14142","0.013487","2026/4/5 23:54:30"
"45\45_02_naked_fusion\full_eval\epoch_0030\images\photo_2013-11-17 09_05_09_to_photo.jpg","14329","0.013665","2026/4/5 23:54:27"
"45\45_02_naked_fusion\full_eval\epoch_0030\images\photo_2013-11-17 09_05_09_to_vangogh.jpg","13959","0.013312","2026/4/5 23:54:31"
"45\45_02_naked_fusion\full_eval\epoch_0030\images\photo_2013-11-17 14_54_20_to_cezanne.jpg","14676","0.013996","2026/4/5 23:54:25"
"45\45_02_naked_fusion\full_eval\epoch_0030\images\photo_2013-11-17 14_54_20_to_Hayao.jpg","13911","0.013267","2026/4/5 23:54:21"
"45\45_02_naked_fusion\full_eval\epoch_0030\images\photo_2013-11-17 14_54_20_to_monet.jpg","15516","0.014797","2026/4/5 23:54:23"
"45\45_02_naked_fusion\full_eval\epoch_0030\images\photo_2013-11-17 14_54_20_to_photo.jpg","15472","0.014755","2026/4/5 23:54:20"
"45\45_02_naked_fusion\full_eval\epoch_0030\images\photo_2013-11-17 14_54_20_to_vangogh.jpg","15625","0.014901","2026/4/5 23:54:24"
"45\45_02_naked_fusion\full_eval\epoch_0030\images\photo_2013-11-17 16_40_10_to_cezanne.jpg","15124","0.014423","2026/4/5 23:54:32"
"45\45_02_naked_fusion\full_eval\epoch_0030\images\photo_2013-11-17 16_40_10_to_Hayao.jpg","14464","0.013794","2026/4/5 23:54:28"
"45\45_02_naked_fusion\full_eval\epoch_0030\images\photo_2013-11-17 16_40_10_to_monet.jpg","14958","0.014265","2026/4/5 23:54:30"
"45\45_02_naked_fusion\full_eval\epoch_0030\images\photo_2013-11-17 16_40_10_to_photo.jpg","15058","0.01436","2026/4/5 23:54:27"
"45\45_02_naked_fusion\full_eval\epoch_0030\images\photo_2013-11-17 16_40_10_to_vangogh.jpg","15514","0.014795","2026/4/5 23:54:31"
"45\45_02_naked_fusion\full_eval\epoch_0030\images\photo_2013-11-17 17_36_09_to_cezanne.jpg","15083","0.014384","2026/4/5 23:54:25"
"45\45_02_naked_fusion\full_eval\epoch_0030\images\photo_2013-11-17 17_36_09_to_Hayao.jpg","15092","0.014393","2026/4/5 23:54:21"
"45\45_02_naked_fusion\full_eval\epoch_0030\images\photo_2013-11-17 17_36_09_to_monet.jpg","15903","0.015166","2026/4/5 23:54:23"
"45\45_02_naked_fusion\full_eval\epoch_0030\images\photo_2013-11-17 17_36_09_to_photo.jpg","16126","0.015379","2026/4/5 23:54:20"
"45\45_02_naked_fusion\full_eval\epoch_0030\images\photo_2013-11-17 17_36_09_to_vangogh.jpg","14893","0.014203","2026/4/5 23:54:24"
"45\45_02_naked_fusion\full_eval\epoch_0030\images\photo_2013-11-17 18_08_26_to_cezanne.jpg","14480","0.013809","2026/4/5 23:54:25"
"45\45_02_naked_fusion\full_eval\epoch_0030\images\photo_2013-11-17 18_08_26_to_Hayao.jpg","14561","0.013886","2026/4/5 23:54:21"
"45\45_02_naked_fusion\full_eval\epoch_0030\images\photo_2013-11-17 18_08_26_to_monet.jpg","14807","0.014121","2026/4/5 23:54:23"
"45\45_02_naked_fusion\full_eval\epoch_0030\images\photo_2013-11-17 18_08_26_to_photo.jpg","14764","0.01408","2026/4/5 23:54:20"
"45\45_02_naked_fusion\full_eval\epoch_0030\images\photo_2013-11-17 18_08_26_to_vangogh.jpg","15002","0.014307","2026/4/5 23:54:24"
"45\45_02_naked_fusion\full_eval\epoch_0030\images\photo_2013-11-17 23_58_45_to_cezanne.jpg","15449","0.014733","2026/4/5 23:54:25"
"45\45_02_naked_fusion\full_eval\epoch_0030\images\photo_2013-11-17 23_58_45_to_Hayao.jpg","14609","0.013932","2026/4/5 23:54:21"
"45\45_02_naked_fusion\full_eval\epoch_0030\images\photo_2013-11-17 23_58_45_to_monet.jpg","15403","0.014689","2026/4/5 23:54:23"
"45\45_02_naked_fusion\full_eval\epoch_0030\images\photo_2013-11-17 23_58_45_to_photo.jpg","15961","0.015222","2026/4/5 23:54:20"
"45\45_02_naked_fusion\full_eval\epoch_0030\images\photo_2013-11-17 23_58_45_to_vangogh.jpg","15650","0.014925","2026/4/5 23:54:24"
"45\45_02_naked_fusion\full_eval\epoch_0030\images\photo_2013-11-18 02_42_31_to_cezanne.jpg","15509","0.014791","2026/4/5 23:54:25"
"45\45_02_naked_fusion\full_eval\epoch_0030\images\photo_2013-11-18 02_42_31_to_Hayao.jpg","15400","0.014687","2026/4/5 23:54:21"
"45\45_02_naked_fusion\full_eval\epoch_0030\images\photo_2013-11-18 02_42_31_to_monet.jpg","15745","0.015016","2026/4/5 23:54:23"
"45\45_02_naked_fusion\full_eval\epoch_0030\images\photo_2013-11-18 02_42_31_to_photo.jpg","16025","0.015283","2026/4/5 23:54:20"
"45\45_02_naked_fusion\full_eval\epoch_0030\images\photo_2013-11-18 02_42_31_to_vangogh.jpg","15490","0.014772","2026/4/5 23:54:24"
"45\45_02_naked_fusion\full_eval\epoch_0030\images\photo_2013-11-18 06_58_36_to_cezanne.jpg","14224","0.013565","2026/4/5 23:54:32"
"45\45_02_naked_fusion\full_eval\epoch_0030\images\photo_2013-11-18 06_58_36_to_Hayao.jpg","14216","0.013557","2026/4/5 23:54:28"
"45\45_02_naked_fusion\full_eval\epoch_0030\images\photo_2013-11-18 06_58_36_to_monet.jpg","14616","0.013939","2026/4/5 23:54:30"
"45\45_02_naked_fusion\full_eval\epoch_0030\images\photo_2013-11-18 06_58_36_to_photo.jpg","14478","0.013807","2026/4/5 23:54:27"
"45\45_02_naked_fusion\full_eval\epoch_0030\images\photo_2013-11-18 06_58_36_to_vangogh.jpg","14396","0.013729","2026/4/5 23:54:31"
"45\45_02_naked_fusion\full_eval\epoch_0030\images\photo_2013-11-18 08_52_05_to_cezanne.jpg","14740","0.014057","2026/4/5 23:54:25"
"45\45_02_naked_fusion\full_eval\epoch_0030\images\photo_2013-11-18 08_52_05_to_Hayao.jpg","14466","0.013796","2026/4/5 23:54:21"
"45\45_02_naked_fusion\full_eval\epoch_0030\images\photo_2013-11-18 08_52_05_to_monet.jpg","15164","0.014462","2026/4/5 23:54:23"
"45\45_02_naked_fusion\full_eval\epoch_0030\images\photo_2013-11-18 08_52_05_to_photo.jpg","15200","0.014496","2026/4/5 23:54:20"
"45\45_02_naked_fusion\full_eval\epoch_0030\images\photo_2013-11-18 08_52_05_to_vangogh.jpg","15248","0.014542","2026/4/5 23:54:24"
"45\45_02_naked_fusion\full_eval\epoch_0030\images\photo_2013-11-18 11_46_45_to_cezanne.jpg","13126","0.012518","2026/4/5 23:54:32"
"45\45_02_naked_fusion\full_eval\epoch_0030\images\photo_2013-11-18 11_46_45_to_Hayao.jpg","12829","0.012235","2026/4/5 23:54:28"
"45\45_02_naked_fusion\full_eval\epoch_0030\images\photo_2013-11-18 11_46_45_to_monet.jpg","13511","0.012885","2026/4/5 23:54:30"
"45\45_02_naked_fusion\full_eval\epoch_0030\images\photo_2013-11-18 11_46_45_to_photo.jpg","13796","0.013157","2026/4/5 23:54:27"
"45\45_02_naked_fusion\full_eval\epoch_0030\images\photo_2013-11-18 11_46_45_to_vangogh.jpg","13593","0.012963","2026/4/5 23:54:31"
"45\45_02_naked_fusion\full_eval\epoch_0030\images\photo_2013-11-19 00_58_04_to_cezanne.jpg","13850","0.013208","2026/4/5 23:54:25"
"45\45_02_naked_fusion\full_eval\epoch_0030\images\photo_2013-11-19 00_58_04_to_Hayao.jpg","13518","0.012892","2026/4/5 23:54:21"
"45\45_02_naked_fusion\full_eval\epoch_0030\images\photo_2013-11-19 00_58_04_to_monet.jpg","13939","0.013293","2026/4/5 23:54:23"
"45\45_02_naked_fusion\full_eval\epoch_0030\images\photo_2013-11-19 00_58_04_to_photo.jpg","13760","0.013123","2026/4/5 23:54:20"
"45\45_02_naked_fusion\full_eval\epoch_0030\images\photo_2013-11-19 00_58_04_to_vangogh.jpg","13770","0.013132","2026/4/5 23:54:24"
"45\45_02_naked_fusion\full_eval\epoch_0030\images\photo_2013-11-19 05_01_31_to_cezanne.jpg","15133","0.014432","2026/4/5 23:54:32"
"45\45_02_naked_fusion\full_eval\epoch_0030\images\photo_2013-11-19 05_01_31_to_Hayao.jpg","15018","0.014322","2026/4/5 23:54:28"
"45\45_02_naked_fusion\full_eval\epoch_0030\images\photo_2013-11-19 05_01_31_to_monet.jpg","15288","0.01458","2026/4/5 23:54:30"
"45\45_02_naked_fusion\full_eval\epoch_0030\images\photo_2013-11-19 05_01_31_to_photo.jpg","15562","0.014841","2026/4/5 23:54:27"
"45\45_02_naked_fusion\full_eval\epoch_0030\images\photo_2013-11-19 05_01_31_to_vangogh.jpg","15584","0.014862","2026/4/5 23:54:31"
"45\45_02_naked_fusion\full_eval\epoch_0030\images\photo_2013-11-20 11_21_32_to_cezanne.jpg","16225","0.015473","2026/4/5 23:54:25"
"45\45_02_naked_fusion\full_eval\epoch_0030\images\photo_2013-11-20 11_21_32_to_Hayao.jpg","15456","0.01474","2026/4/5 23:54:21"
"45\45_02_naked_fusion\full_eval\epoch_0030\images\photo_2013-11-20 11_21_32_to_monet.jpg","15854","0.01512","2026/4/5 23:54:23"
"45\45_02_naked_fusion\full_eval\epoch_0030\images\photo_2013-11-20 11_21_32_to_photo.jpg","16124","0.015377","2026/4/5 23:54:20"
"45\45_02_naked_fusion\full_eval\epoch_0030\images\photo_2013-11-20 11_21_32_to_vangogh.jpg","16266","0.015512","2026/4/5 23:54:24"
"45\45_02_naked_fusion\full_eval\epoch_0030\images\photo_2013-11-21 01_47_41_to_cezanne.jpg","13273","0.012658","2026/4/5 23:54:25"
"45\45_02_naked_fusion\full_eval\epoch_0030\images\photo_2013-11-21 01_47_41_to_Hayao.jpg","13916","0.013271","2026/4/5 23:54:21"
"45\45_02_naked_fusion\full_eval\epoch_0030\images\photo_2013-11-21 01_47_41_to_monet.jpg","13628","0.012997","2026/4/5 23:54:23"
"45\45_02_naked_fusion\full_eval\epoch_0030\images\photo_2013-11-21 01_47_41_to_photo.jpg","13889","0.013246","2026/4/5 23:54:20"
"45\45_02_naked_fusion\full_eval\epoch_0030\images\photo_2013-11-21 01_47_41_to_vangogh.jpg","13742","0.013105","2026/4/5 23:54:24"
"45\45_02_naked_fusion\full_eval\epoch_0030\images\photo_2013-11-21 05_56_32_to_cezanne.jpg","12900","0.012302","2026/4/5 23:54:25"
"45\45_02_naked_fusion\full_eval\epoch_0030\images\photo_2013-11-21 05_56_32_to_Hayao.jpg","12459","0.011882","2026/4/5 23:54:21"
"45\45_02_naked_fusion\full_eval\epoch_0030\images\photo_2013-11-21 05_56_32_to_monet.jpg","13201","0.012589","2026/4/5 23:54:23"
"45\45_02_naked_fusion\full_eval\epoch_0030\images\photo_2013-11-21 05_56_32_to_photo.jpg","13581","0.012952","2026/4/5 23:54:20"
"45\45_02_naked_fusion\full_eval\epoch_0030\images\photo_2013-11-21 05_56_32_to_vangogh.jpg","13339","0.012721","2026/4/5 23:54:24"
"45\45_02_naked_fusion\full_eval\epoch_0030\images\photo_2013-11-21 17_44_44_to_cezanne.jpg","14372","0.013706","2026/4/5 23:54:32"
"45\45_02_naked_fusion\full_eval\epoch_0030\images\photo_2013-11-21 17_44_44_to_Hayao.jpg","14538","0.013865","2026/4/5 23:54:28"
"45\45_02_naked_fusion\full_eval\epoch_0030\images\photo_2013-11-21 17_44_44_to_monet.jpg","14401","0.013734","2026/4/5 23:54:30"
"45\45_02_naked_fusion\full_eval\epoch_0030\images\photo_2013-11-21 17_44_44_to_photo.jpg","14724","0.014042","2026/4/5 23:54:27"
"45\45_02_naked_fusion\full_eval\epoch_0030\images\photo_2013-11-21 17_44_44_to_vangogh.jpg","14601","0.013925","2026/4/5 23:54:31"
"45\45_02_naked_fusion\full_eval\epoch_0030\images\photo_2013-11-22 14_12_35_to_cezanne.jpg","14927","0.014235","2026/4/5 23:54:32"
"45\45_02_naked_fusion\full_eval\epoch_0030\images\photo_2013-11-22 14_12_35_to_Hayao.jpg","14565","0.01389","2026/4/5 23:54:28"
"45\45_02_naked_fusion\full_eval\epoch_0030\images\photo_2013-11-22 14_12_35_to_monet.jpg","14727","0.014045","2026/4/5 23:54:30"
"45\45_02_naked_fusion\full_eval\epoch_0030\images\photo_2013-11-22 14_12_35_to_photo.jpg","14927","0.014235","2026/4/5 23:54:27"
"45\45_02_naked_fusion\full_eval\epoch_0030\images\photo_2013-11-22 14_12_35_to_vangogh.jpg","14900","0.01421","2026/4/5 23:54:31"
"45\45_02_naked_fusion\full_eval\epoch_0030\images\photo_2013-11-22 14_15_50_to_cezanne.jpg","14872","0.014183","2026/4/5 23:54:32"
"45\45_02_naked_fusion\full_eval\epoch_0030\images\photo_2013-11-22 14_15_50_to_Hayao.jpg","15051","0.014354","2026/4/5 23:54:28"
"45\45_02_naked_fusion\full_eval\epoch_0030\images\photo_2013-11-22 14_15_50_to_monet.jpg","14861","0.014173","2026/4/5 23:54:30"
"45\45_02_naked_fusion\full_eval\epoch_0030\images\photo_2013-11-22 14_15_50_to_photo.jpg","15015","0.014319","2026/4/5 23:54:27"
"45\45_02_naked_fusion\full_eval\epoch_0030\images\photo_2013-11-22 14_15_50_to_vangogh.jpg","14987","0.014293","2026/4/5 23:54:31"
"45\45_02_naked_fusion\full_eval\epoch_0030\images\photo_2013-11-23 13_03_15_to_cezanne.jpg","14272","0.013611","2026/4/5 23:54:25"
"45\45_02_naked_fusion\full_eval\epoch_0030\images\photo_2013-11-23 13_03_15_to_Hayao.jpg","14297","0.013635","2026/4/5 23:54:21"
"45\45_02_naked_fusion\full_eval\epoch_0030\images\photo_2013-11-23 13_03_15_to_monet.jpg","14900","0.01421","2026/4/5 23:54:23"
"45\45_02_naked_fusion\full_eval\epoch_0030\images\photo_2013-11-23 13_03_15_to_photo.jpg","14881","0.014192","2026/4/5 23:54:20"
"45\45_02_naked_fusion\full_eval\epoch_0030\images\photo_2013-11-23 13_03_15_to_vangogh.jpg","14604","0.013927","2026/4/5 23:54:24"
"45\45_02_naked_fusion\full_eval\epoch_0030\images\photo_2013-11-25 10_46_18_to_cezanne.jpg","12783","0.012191","2026/4/5 23:54:32"
"45\45_02_naked_fusion\full_eval\epoch_0030\images\photo_2013-11-25 10_46_18_to_Hayao.jpg","12493","0.011914","2026/4/5 23:54:28"
"45\45_02_naked_fusion\full_eval\epoch_0030\images\photo_2013-11-25 10_46_18_to_monet.jpg","13061","0.012456","2026/4/5 23:54:30"
"45\45_02_naked_fusion\full_eval\epoch_0030\images\photo_2013-11-25 10_46_18_to_photo.jpg","12867","0.012271","2026/4/5 23:54:27"
"45\45_02_naked_fusion\full_eval\epoch_0030\images\photo_2013-11-25 10_46_18_to_vangogh.jpg","13326","0.012709","2026/4/5 23:54:31"
"45\45_02_naked_fusion\full_eval\epoch_0030\images\vangogh_00005_to_cezanne.jpg","15593","0.014871","2026/4/5 23:55:01"
"45\45_02_naked_fusion\full_eval\epoch_0030\images\vangogh_00005_to_Hayao.jpg","14780","0.014095","2026/4/5 23:54:57"
"45\45_02_naked_fusion\full_eval\epoch_0030\images\vangogh_00005_to_monet.jpg","15736","0.015007","2026/4/5 23:54:58"
"45\45_02_naked_fusion\full_eval\epoch_0030\images\vangogh_00005_to_photo.jpg","15938","0.0152","2026/4/5 23:54:55"
"45\45_02_naked_fusion\full_eval\epoch_0030\images\vangogh_00005_to_vangogh.jpg","16144","0.015396","2026/4/5 23:54:59"
"45\45_02_naked_fusion\full_eval\epoch_0030\images\vangogh_00090_to_cezanne.jpg","15322","0.014612","2026/4/5 23:55:01"
"45\45_02_naked_fusion\full_eval\epoch_0030\images\vangogh_00090_to_Hayao.jpg","14531","0.013858","2026/4/5 23:54:57"
"45\45_02_naked_fusion\full_eval\epoch_0030\images\vangogh_00090_to_monet.jpg","15870","0.015135","2026/4/5 23:54:58"
"45\45_02_naked_fusion\full_eval\epoch_0030\images\vangogh_00090_to_photo.jpg","15576","0.014854","2026/4/5 23:54:55"
"45\45_02_naked_fusion\full_eval\epoch_0030\images\vangogh_00090_to_vangogh.jpg","16439","0.015677","2026/4/5 23:54:59"
"45\45_02_naked_fusion\full_eval\epoch_0030\images\vangogh_00098_to_cezanne.jpg","15676","0.01495","2026/4/5 23:54:54"
"45\45_02_naked_fusion\full_eval\epoch_0030\images\vangogh_00098_to_Hayao.jpg","15004","0.014309","2026/4/5 23:54:50"
"45\45_02_naked_fusion\full_eval\epoch_0030\images\vangogh_00098_to_monet.jpg","15755","0.015025","2026/4/5 23:54:51"
"45\45_02_naked_fusion\full_eval\epoch_0030\images\vangogh_00098_to_photo.jpg","16124","0.015377","2026/4/5 23:54:48"
"45\45_02_naked_fusion\full_eval\epoch_0030\images\vangogh_00098_to_vangogh.jpg","15846","0.015112","2026/4/5 23:54:52"
"45\45_02_naked_fusion\full_eval\epoch_0030\images\vangogh_00163_to_cezanne.jpg","13339","0.012721","2026/4/5 23:54:54"
"45\45_02_naked_fusion\full_eval\epoch_0030\images\vangogh_00163_to_Hayao.jpg","13444","0.012821","2026/4/5 23:54:50"
"45\45_02_naked_fusion\full_eval\epoch_0030\images\vangogh_00163_to_monet.jpg","13583","0.012954","2026/4/5 23:54:51"
"45\45_02_naked_fusion\full_eval\epoch_0030\images\vangogh_00163_to_photo.jpg","13257","0.012643","2026/4/5 23:54:48"
"45\45_02_naked_fusion\full_eval\epoch_0030\images\vangogh_00163_to_vangogh.jpg","14467","0.013797","2026/4/5 23:54:52"
"45\45_02_naked_fusion\full_eval\epoch_0030\images\vangogh_00167_to_cezanne.jpg","14351","0.013686","2026/4/5 23:55:01"
"45\45_02_naked_fusion\full_eval\epoch_0030\images\vangogh_00167_to_Hayao.jpg","14323","0.013659","2026/4/5 23:54:57"
"45\45_02_naked_fusion\full_eval\epoch_0030\images\vangogh_00167_to_monet.jpg","14490","0.013819","2026/4/5 23:54:58"
"45\45_02_naked_fusion\full_eval\epoch_0030\images\vangogh_00167_to_photo.jpg","15119","0.014419","2026/4/5 23:54:55"
"45\45_02_naked_fusion\full_eval\epoch_0030\images\vangogh_00167_to_vangogh.jpg","14995","0.0143","2026/4/5 23:54:59"
"45\45_02_naked_fusion\full_eval\epoch_0030\images\vangogh_00169_to_cezanne.jpg","16293","0.015538","2026/4/5 23:54:54"
"45\45_02_naked_fusion\full_eval\epoch_0030\images\vangogh_00169_to_Hayao.jpg","15848","0.015114","2026/4/5 23:54:50"
"45\45_02_naked_fusion\full_eval\epoch_0030\images\vangogh_00169_to_monet.jpg","16776","0.015999","2026/4/5 23:54:51"
"45\45_02_naked_fusion\full_eval\epoch_0030\images\vangogh_00169_to_photo.jpg","16668","0.015896","2026/4/5 23:54:48"
"45\45_02_naked_fusion\full_eval\epoch_0030\images\vangogh_00169_to_vangogh.jpg","16807","0.016028","2026/4/5 23:54:52"
"45\45_02_naked_fusion\full_eval\epoch_0030\images\vangogh_00177_to_cezanne.jpg","15433","0.014718","2026/4/5 23:55:01"
"45\45_02_naked_fusion\full_eval\epoch_0030\images\vangogh_00177_to_Hayao.jpg","15109","0.014409","2026/4/5 23:54:57"
"45\45_02_naked_fusion\full_eval\epoch_0030\images\vangogh_00177_to_monet.jpg","15632","0.014908","2026/4/5 23:54:58"
"45\45_02_naked_fusion\full_eval\epoch_0030\images\vangogh_00177_to_photo.jpg","16024","0.015282","2026/4/5 23:54:55"
"45\45_02_naked_fusion\full_eval\epoch_0030\images\vangogh_00177_to_vangogh.jpg","15686","0.014959","2026/4/5 23:54:59"
"45\45_02_naked_fusion\full_eval\epoch_0030\images\vangogh_00202_to_cezanne.jpg","16335","0.015578","2026/4/5 23:54:54"
"45\45_02_naked_fusion\full_eval\epoch_0030\images\vangogh_00202_to_Hayao.jpg","16240","0.015488","2026/4/5 23:54:50"
"45\45_02_naked_fusion\full_eval\epoch_0030\images\vangogh_00202_to_monet.jpg","16965","0.016179","2026/4/5 23:54:51"
"45\45_02_naked_fusion\full_eval\epoch_0030\images\vangogh_00202_to_photo.jpg","17168","0.016373","2026/4/5 23:54:48"
"45\45_02_naked_fusion\full_eval\epoch_0030\images\vangogh_00202_to_vangogh.jpg","16807","0.016028","2026/4/5 23:54:52"
"45\45_02_naked_fusion\full_eval\epoch_0030\images\vangogh_00220_to_cezanne.jpg","15841","0.015107","2026/4/5 23:55:01"
"45\45_02_naked_fusion\full_eval\epoch_0030\images\vangogh_00220_to_Hayao.jpg","15084","0.014385","2026/4/5 23:54:57"
"45\45_02_naked_fusion\full_eval\epoch_0030\images\vangogh_00220_to_monet.jpg","16178","0.015429","2026/4/5 23:54:58"
"45\45_02_naked_fusion\full_eval\epoch_0030\images\vangogh_00220_to_photo.jpg","16321","0.015565","2026/4/5 23:54:55"
"45\45_02_naked_fusion\full_eval\epoch_0030\images\vangogh_00220_to_vangogh.jpg","16278","0.015524","2026/4/5 23:54:59"
"45\45_02_naked_fusion\full_eval\epoch_0030\images\vangogh_00243_to_cezanne.jpg","16225","0.015473","2026/4/5 23:54:54"
"45\45_02_naked_fusion\full_eval\epoch_0030\images\vangogh_00243_to_Hayao.jpg","15865","0.01513","2026/4/5 23:54:50"
"45\45_02_naked_fusion\full_eval\epoch_0030\images\vangogh_00243_to_monet.jpg","16507","0.015742","2026/4/5 23:54:51"
"45\45_02_naked_fusion\full_eval\epoch_0030\images\vangogh_00243_to_photo.jpg","16745","0.015969","2026/4/5 23:54:48"
"45\45_02_naked_fusion\full_eval\epoch_0030\images\vangogh_00243_to_vangogh.jpg","16825","0.016046","2026/4/5 23:54:52"
"45\45_02_naked_fusion\full_eval\epoch_0030\images\vangogh_00264_to_cezanne.jpg","16013","0.015271","2026/4/5 23:55:01"
"45\45_02_naked_fusion\full_eval\epoch_0030\images\vangogh_00264_to_Hayao.jpg","15466","0.01475","2026/4/5 23:54:57"
"45\45_02_naked_fusion\full_eval\epoch_0030\images\vangogh_00264_to_monet.jpg","16129","0.015382","2026/4/5 23:54:58"
"45\45_02_naked_fusion\full_eval\epoch_0030\images\vangogh_00264_to_photo.jpg","16501","0.015737","2026/4/5 23:54:55"
"45\45_02_naked_fusion\full_eval\epoch_0030\images\vangogh_00264_to_vangogh.jpg","16573","0.015805","2026/4/5 23:54:59"
"45\45_02_naked_fusion\full_eval\epoch_0030\images\vangogh_00272_to_cezanne.jpg","16183","0.015433","2026/4/5 23:55:01"
"45\45_02_naked_fusion\full_eval\epoch_0030\images\vangogh_00272_to_Hayao.jpg","15359","0.014647","2026/4/5 23:54:57"
"45\45_02_naked_fusion\full_eval\epoch_0030\images\vangogh_00272_to_monet.jpg","16191","0.015441","2026/4/5 23:54:58"
"45\45_02_naked_fusion\full_eval\epoch_0030\images\vangogh_00272_to_photo.jpg","16864","0.016083","2026/4/5 23:54:55"
"45\45_02_naked_fusion\full_eval\epoch_0030\images\vangogh_00272_to_vangogh.jpg","16522","0.015757","2026/4/5 23:54:59"
"45\45_02_naked_fusion\full_eval\epoch_0030\images\vangogh_00277_to_cezanne.jpg","13954","0.013308","2026/4/5 23:55:01"
"45\45_02_naked_fusion\full_eval\epoch_0030\images\vangogh_00277_to_Hayao.jpg","13643","0.013011","2026/4/5 23:54:57"
"45\45_02_naked_fusion\full_eval\epoch_0030\images\vangogh_00277_to_monet.jpg","13980","0.013332","2026/4/5 23:54:58"
"45\45_02_naked_fusion\full_eval\epoch_0030\images\vangogh_00277_to_photo.jpg","14223","0.013564","2026/4/5 23:54:55"
"45\45_02_naked_fusion\full_eval\epoch_0030\images\vangogh_00277_to_vangogh.jpg","14176","0.013519","2026/4/5 23:54:59"
"45\45_02_naked_fusion\full_eval\epoch_0030\images\vangogh_00289_to_cezanne.jpg","15884","0.015148","2026/4/5 23:54:54"
"45\45_02_naked_fusion\full_eval\epoch_0030\images\vangogh_00289_to_Hayao.jpg","15473","0.014756","2026/4/5 23:54:50"
"45\45_02_naked_fusion\full_eval\epoch_0030\images\vangogh_00289_to_monet.jpg","15824","0.015091","2026/4/5 23:54:51"
"45\45_02_naked_fusion\full_eval\epoch_0030\images\vangogh_00289_to_photo.jpg","16695","0.015922","2026/4/5 23:54:48"
"45\45_02_naked_fusion\full_eval\epoch_0030\images\vangogh_00289_to_vangogh.jpg","16274","0.01552","2026/4/5 23:54:52"
"45\45_02_naked_fusion\full_eval\epoch_0030\images\vangogh_00292_to_cezanne.jpg","14789","0.014104","2026/4/5 23:55:01"
"45\45_02_naked_fusion\full_eval\epoch_0030\images\vangogh_00292_to_Hayao.jpg","14428","0.01376","2026/4/5 23:54:57"
"45\45_02_naked_fusion\full_eval\epoch_0030\images\vangogh_00292_to_monet.jpg","14761","0.014077","2026/4/5 23:54:58"
"45\45_02_naked_fusion\full_eval\epoch_0030\images\vangogh_00292_to_photo.jpg","15809","0.015077","2026/4/5 23:54:55"
"45\45_02_naked_fusion\full_eval\epoch_0030\images\vangogh_00292_to_vangogh.jpg","15359","0.014647","2026/4/5 23:54:59"
"45\45_02_naked_fusion\full_eval\epoch_0030\images\vangogh_00295_to_cezanne.jpg","16505","0.01574","2026/4/5 23:54:54"
"45\45_02_naked_fusion\full_eval\epoch_0030\images\vangogh_00295_to_Hayao.jpg","16194","0.015444","2026/4/5 23:54:50"
"45\45_02_naked_fusion\full_eval\epoch_0030\images\vangogh_00295_to_monet.jpg","16715","0.015941","2026/4/5 23:54:51"
"45\45_02_naked_fusion\full_eval\epoch_0030\images\vangogh_00295_to_photo.jpg","16798","0.01602","2026/4/5 23:54:48"
"45\45_02_naked_fusion\full_eval\epoch_0030\images\vangogh_00295_to_vangogh.jpg","16763","0.015986","2026/4/5 23:54:52"
"45\45_02_naked_fusion\full_eval\epoch_0030\images\vangogh_00321_to_cezanne.jpg","16050","0.015306","2026/4/5 23:54:54"
"45\45_02_naked_fusion\full_eval\epoch_0030\images\vangogh_00321_to_Hayao.jpg","15944","0.015205","2026/4/5 23:54:50"
"45\45_02_naked_fusion\full_eval\epoch_0030\images\vangogh_00321_to_monet.jpg","16567","0.0158","2026/4/5 23:54:51"
"45\45_02_naked_fusion\full_eval\epoch_0030\images\vangogh_00321_to_photo.jpg","16826","0.016047","2026/4/5 23:54:48"
"45\45_02_naked_fusion\full_eval\epoch_0030\images\vangogh_00321_to_vangogh.jpg","16844","0.016064","2026/4/5 23:54:52"
"45\45_02_naked_fusion\full_eval\epoch_0030\images\vangogh_00352_to_cezanne.jpg","14781","0.014096","2026/4/5 23:55:01"
"45\45_02_naked_fusion\full_eval\epoch_0030\images\vangogh_00352_to_Hayao.jpg","14358","0.013693","2026/4/5 23:54:57"
"45\45_02_naked_fusion\full_eval\epoch_0030\images\vangogh_00352_to_monet.jpg","14653","0.013974","2026/4/5 23:54:58"
"45\45_02_naked_fusion\full_eval\epoch_0030\images\vangogh_00352_to_photo.jpg","15391","0.014678","2026/4/5 23:54:55"
"45\45_02_naked_fusion\full_eval\epoch_0030\images\vangogh_00352_to_vangogh.jpg","15072","0.014374","2026/4/5 23:54:59"
"45\45_02_naked_fusion\full_eval\epoch_0030\images\vangogh_00412_to_cezanne.jpg","15819","0.015086","2026/4/5 23:54:54"
"45\45_02_naked_fusion\full_eval\epoch_0030\images\vangogh_00412_to_Hayao.jpg","15542","0.014822","2026/4/5 23:54:50"
"45\45_02_naked_fusion\full_eval\epoch_0030\images\vangogh_00412_to_monet.jpg","15934","0.015196","2026/4/5 23:54:51"
"45\45_02_naked_fusion\full_eval\epoch_0030\images\vangogh_00412_to_photo.jpg","16042","0.015299","2026/4/5 23:54:48"
"45\45_02_naked_fusion\full_eval\epoch_0030\images\vangogh_00412_to_vangogh.jpg","15894","0.015158","2026/4/5 23:54:52"
"45\45_02_naked_fusion\full_eval\epoch_0030\images\vangogh_00418_to_cezanne.jpg","16523","0.015758","2026/4/5 23:55:01"
"45\45_02_naked_fusion\full_eval\epoch_0030\images\vangogh_00418_to_Hayao.jpg","16257","0.015504","2026/4/5 23:54:57"
"45\45_02_naked_fusion\full_eval\epoch_0030\images\vangogh_00418_to_monet.jpg","16797","0.016019","2026/4/5 23:54:58"
"45\45_02_naked_fusion\full_eval\epoch_0030\images\vangogh_00418_to_photo.jpg","16877","0.016095","2026/4/5 23:54:55"
"45\45_02_naked_fusion\full_eval\epoch_0030\images\vangogh_00418_to_vangogh.jpg","16945","0.01616","2026/4/5 23:54:59"
"45\45_02_naked_fusion\full_eval\epoch_0030\images\vangogh_00427_to_cezanne.jpg","15712","0.014984","2026/4/5 23:55:01"
"45\45_02_naked_fusion\full_eval\epoch_0030\images\vangogh_00427_to_Hayao.jpg","15272","0.014565","2026/4/5 23:54:57"
"45\45_02_naked_fusion\full_eval\epoch_0030\images\vangogh_00427_to_monet.jpg","15661","0.014935","2026/4/5 23:54:58"
"45\45_02_naked_fusion\full_eval\epoch_0030\images\vangogh_00427_to_photo.jpg","15878","0.015142","2026/4/5 23:54:55"
"45\45_02_naked_fusion\full_eval\epoch_0030\images\vangogh_00427_to_vangogh.jpg","16130","0.015383","2026/4/5 23:54:59"
"45\45_02_naked_fusion\full_eval\epoch_0030\images\vangogh_00436_to_cezanne.jpg","16446","0.015684","2026/4/5 23:55:01"
"45\45_02_naked_fusion\full_eval\epoch_0030\images\vangogh_00436_to_Hayao.jpg","15489","0.014771","2026/4/5 23:54:57"
"45\45_02_naked_fusion\full_eval\epoch_0030\images\vangogh_00436_to_monet.jpg","16756","0.01598","2026/4/5 23:54:58"
"45\45_02_naked_fusion\full_eval\epoch_0030\images\vangogh_00436_to_photo.jpg","16958","0.016172","2026/4/5 23:54:55"
"45\45_02_naked_fusion\full_eval\epoch_0030\images\vangogh_00436_to_vangogh.jpg","17030","0.016241","2026/4/5 23:54:59"
"45\45_02_naked_fusion\full_eval\epoch_0030\images\vangogh_00455_to_cezanne.jpg","15442","0.014727","2026/4/5 23:55:01"
"45\45_02_naked_fusion\full_eval\epoch_0030\images\vangogh_00455_to_Hayao.jpg","15127","0.014426","2026/4/5 23:54:57"
"45\45_02_naked_fusion\full_eval\epoch_0030\images\vangogh_00455_to_monet.jpg","15741","0.015012","2026/4/5 23:54:58"
"45\45_02_naked_fusion\full_eval\epoch_0030\images\vangogh_00455_to_photo.jpg","16282","0.015528","2026/4/5 23:54:55"
"45\45_02_naked_fusion\full_eval\epoch_0030\images\vangogh_00455_to_vangogh.jpg","16048","0.015305","2026/4/5 23:54:59"
"45\45_02_naked_fusion\full_eval\epoch_0030\images\vangogh_00519_to_cezanne.jpg","15382","0.014669","2026/4/5 23:55:01"
"45\45_02_naked_fusion\full_eval\epoch_0030\images\vangogh_00519_to_Hayao.jpg","14962","0.014269","2026/4/5 23:54:57"
"45\45_02_naked_fusion\full_eval\epoch_0030\images\vangogh_00519_to_monet.jpg","15553","0.014832","2026/4/5 23:54:58"
"45\45_02_naked_fusion\full_eval\epoch_0030\images\vangogh_00519_to_photo.jpg","15995","0.015254","2026/4/5 23:54:55"
"45\45_02_naked_fusion\full_eval\epoch_0030\images\vangogh_00519_to_vangogh.jpg","15872","0.015137","2026/4/5 23:54:59"
"45\45_02_naked_fusion\full_eval\epoch_0030\images\vangogh_00528_to_cezanne.jpg","14979","0.014285","2026/4/5 23:55:01"
"45\45_02_naked_fusion\full_eval\epoch_0030\images\vangogh_00528_to_Hayao.jpg","14844","0.014156","2026/4/5 23:54:57"
"45\45_02_naked_fusion\full_eval\epoch_0030\images\vangogh_00528_to_monet.jpg","15011","0.014316","2026/4/5 23:54:58"
"45\45_02_naked_fusion\full_eval\epoch_0030\images\vangogh_00528_to_photo.jpg","15322","0.014612","2026/4/5 23:54:55"
"45\45_02_naked_fusion\full_eval\epoch_0030\images\vangogh_00528_to_vangogh.jpg","15166","0.014463","2026/4/5 23:54:59"
"45\45_02_naked_fusion\full_eval\epoch_0030\images\vangogh_00557_to_cezanne.jpg","15643","0.014918","2026/4/5 23:55:01"
"45\45_02_naked_fusion\full_eval\epoch_0030\images\vangogh_00557_to_Hayao.jpg","15451","0.014735","2026/4/5 23:54:57"
"45\45_02_naked_fusion\full_eval\epoch_0030\images\vangogh_00557_to_monet.jpg","15718","0.01499","2026/4/5 23:54:58"
"45\45_02_naked_fusion\full_eval\epoch_0030\images\vangogh_00557_to_photo.jpg","15958","0.015219","2026/4/5 23:54:55"
"45\45_02_naked_fusion\full_eval\epoch_0030\images\vangogh_00557_to_vangogh.jpg","15709","0.014981","2026/4/5 23:54:59"
"45\45_02_naked_fusion\full_eval\epoch_0030\images\vangogh_00561_to_cezanne.jpg","14997","0.014302","2026/4/5 23:55:01"
"45\45_02_naked_fusion\full_eval\epoch_0030\images\vangogh_00561_to_Hayao.jpg","14447","0.013778","2026/4/5 23:54:57"
"45\45_02_naked_fusion\full_eval\epoch_0030\images\vangogh_00561_to_monet.jpg","14713","0.014031","2026/4/5 23:54:58"
"45\45_02_naked_fusion\full_eval\epoch_0030\images\vangogh_00561_to_photo.jpg","15290","0.014582","2026/4/5 23:54:55"
"45\45_02_naked_fusion\full_eval\epoch_0030\images\vangogh_00561_to_vangogh.jpg","15138","0.014437","2026/4/5 23:54:59"
"45\45_02_naked_fusion\full_eval\epoch_0030\images\vangogh_00573_to_cezanne.jpg","16871","0.016089","2026/4/5 23:55:01"
"45\45_02_naked_fusion\full_eval\epoch_0030\images\vangogh_00573_to_Hayao.jpg","16032","0.015289","2026/4/5 23:54:57"
"45\45_02_naked_fusion\full_eval\epoch_0030\images\vangogh_00573_to_monet.jpg","17101","0.016309","2026/4/5 23:54:58"
"45\45_02_naked_fusion\full_eval\epoch_0030\images\vangogh_00573_to_photo.jpg","17309","0.016507","2026/4/5 23:54:55"
"45\45_02_naked_fusion\full_eval\epoch_0030\images\vangogh_00573_to_vangogh.jpg","17224","0.016426","2026/4/5 23:54:59"
"45\45_02_naked_fusion\full_eval\epoch_0030\images\vangogh_00668_to_cezanne.jpg","16947","0.016162","2026/4/5 23:54:54"
"45\45_02_naked_fusion\full_eval\epoch_0030\images\vangogh_00668_to_Hayao.jpg","16737","0.015962","2026/4/5 23:54:50"
"45\45_02_naked_fusion\full_eval\epoch_0030\images\vangogh_00668_to_monet.jpg","16741","0.015965","2026/4/5 23:54:51"
"45\45_02_naked_fusion\full_eval\epoch_0030\images\vangogh_00668_to_photo.jpg","17347","0.016543","2026/4/5 23:54:48"
"45\45_02_naked_fusion\full_eval\epoch_0030\images\vangogh_00668_to_vangogh.jpg","17121","0.016328","2026/4/5 23:54:52"
"45\45_02_naked_fusion\full_eval\epoch_0030\images\vangogh_00681_to_cezanne.jpg","15958","0.015219","2026/4/5 23:55:01"
"45\45_02_naked_fusion\full_eval\epoch_0030\images\vangogh_00681_to_Hayao.jpg","15852","0.015118","2026/4/5 23:54:57"
"45\45_02_naked_fusion\full_eval\epoch_0030\images\vangogh_00681_to_monet.jpg","16020","0.015278","2026/4/5 23:54:58"
"45\45_02_naked_fusion\full_eval\epoch_0030\images\vangogh_00681_to_photo.jpg","16481","0.015718","2026/4/5 23:54:55"
"45\45_02_naked_fusion\full_eval\epoch_0030\images\vangogh_00681_to_vangogh.jpg","16445","0.015683","2026/4/5 23:54:59"
"45\45_02_naked_fusion\full_eval\epoch_0030_tokenized_distill_epochs200\metrics.csv","97673","0.093148","2026/4/5 23:59:25"
"45\45_02_naked_fusion\full_eval\epoch_0030_tokenized_distill_epochs200\summary.json","20452","0.019505","2026/4/5 23:59:27"
"45\45_02_naked_fusion\full_eval\epoch_0030_tokenized_distill_epochs200\summary_grid.png","3006186","2.866922","2026/4/5 23:59:28"
"45\45_02_naked_fusion\full_eval\epoch_0030_tokenized_distill_epochs200\images\cezanne_00057_to_cezanne.jpg","17524","0.016712","2026/4/5 23:58:59"
"45\45_02_naked_fusion\full_eval\epoch_0030_tokenized_distill_epochs200\images\cezanne_00057_to_Hayao.jpg","17220","0.016422","2026/4/5 23:58:58"
"45\45_02_naked_fusion\full_eval\epoch_0030_tokenized_distill_epochs200\images\cezanne_00057_to_monet.jpg","17722","0.016901","2026/4/5 23:58:59"
"45\45_02_naked_fusion\full_eval\epoch_0030_tokenized_distill_epochs200\images\cezanne_00057_to_photo.jpg","17937","0.017106","2026/4/5 23:58:58"
"45\45_02_naked_fusion\full_eval\epoch_0030_tokenized_distill_epochs200\images\cezanne_00057_to_vangogh.jpg","18231","0.017386","2026/4/5 23:58:59"
"45\45_02_naked_fusion\full_eval\epoch_0030_tokenized_distill_epochs200\images\cezanne_00104_to_cezanne.jpg","17929","0.017098","2026/4/5 23:58:58"
"45\45_02_naked_fusion\full_eval\epoch_0030_tokenized_distill_epochs200\images\cezanne_00104_to_Hayao.jpg","17721","0.0169","2026/4/5 23:58:57"
"45\45_02_naked_fusion\full_eval\epoch_0030_tokenized_distill_epochs200\images\cezanne_00104_to_monet.jpg","18046","0.01721","2026/4/5 23:58:57"
"45\45_02_naked_fusion\full_eval\epoch_0030_tokenized_distill_epochs200\images\cezanne_00104_to_photo.jpg","17751","0.016929","2026/4/5 23:58:57"
"45\45_02_naked_fusion\full_eval\epoch_0030_tokenized_distill_epochs200\images\cezanne_00104_to_vangogh.jpg","18289","0.017442","2026/4/5 23:58:58"
"45\45_02_naked_fusion\full_eval\epoch_0030_tokenized_distill_epochs200\images\cezanne_00123_to_cezanne.jpg","17906","0.017076","2026/4/5 23:58:55"
"45\45_02_naked_fusion\full_eval\epoch_0030_tokenized_distill_epochs200\images\cezanne_00123_to_Hayao.jpg","17856","0.017029","2026/4/5 23:58:55"
"45\45_02_naked_fusion\full_eval\epoch_0030_tokenized_distill_epochs200\images\cezanne_00123_to_monet.jpg","18380","0.017529","2026/4/5 23:58:55"
"45\45_02_naked_fusion\full_eval\epoch_0030_tokenized_distill_epochs200\images\cezanne_00123_to_photo.jpg","18464","0.017609","2026/4/5 23:58:55"
"45\45_02_naked_fusion\full_eval\epoch_0030_tokenized_distill_epochs200\images\cezanne_00123_to_vangogh.jpg","18342","0.017492","2026/4/5 23:58:55"
"45\45_02_naked_fusion\full_eval\epoch_0030_tokenized_distill_epochs200\images\cezanne_00204_to_cezanne.jpg","17353","0.016549","2026/4/5 23:58:55"
"45\45_02_naked_fusion\full_eval\epoch_0030_tokenized_distill_epochs200\images\cezanne_00204_to_Hayao.jpg","17191","0.016395","2026/4/5 23:58:55"
"45\45_02_naked_fusion\full_eval\epoch_0030_tokenized_distill_epochs200\images\cezanne_00204_to_monet.jpg","17700","0.01688","2026/4/5 23:58:55"
"45\45_02_naked_fusion\full_eval\epoch_0030_tokenized_distill_epochs200\images\cezanne_00204_to_photo.jpg","18019","0.017184","2026/4/5 23:58:55"
"45\45_02_naked_fusion\full_eval\epoch_0030_tokenized_distill_epochs200\images\cezanne_00204_to_vangogh.jpg","17692","0.016872","2026/4/5 23:58:55"
"45\45_02_naked_fusion\full_eval\epoch_0030_tokenized_distill_epochs200\images\cezanne_00212_to_cezanne.jpg","17224","0.016426","2026/4/5 23:58:59"
"45\45_02_naked_fusion\full_eval\epoch_0030_tokenized_distill_epochs200\images\cezanne_00212_to_Hayao.jpg","17023","0.016234","2026/4/5 23:58:58"
"45\45_02_naked_fusion\full_eval\epoch_0030_tokenized_distill_epochs200\images\cezanne_00212_to_monet.jpg","17079","0.016288","2026/4/5 23:58:59"
"45\45_02_naked_fusion\full_eval\epoch_0030_tokenized_distill_epochs200\images\cezanne_00212_to_photo.jpg","17063","0.016273","2026/4/5 23:58:58"
"45\45_02_naked_fusion\full_eval\epoch_0030_tokenized_distill_epochs200\images\cezanne_00212_to_vangogh.jpg","18010","0.017176","2026/4/5 23:58:59"
"45\45_02_naked_fusion\full_eval\epoch_0030_tokenized_distill_epochs200\images\cezanne_00219_to_cezanne.jpg","17112","0.016319","2026/4/5 23:58:54"
"45\45_02_naked_fusion\full_eval\epoch_0030_tokenized_distill_epochs200\images\cezanne_00219_to_Hayao.jpg","16672","0.0159","2026/4/5 23:58:54"
"45\45_02_naked_fusion\full_eval\epoch_0030_tokenized_distill_epochs200\images\cezanne_00219_to_monet.jpg","16851","0.01607","2026/4/5 23:58:54"
"45\45_02_naked_fusion\full_eval\epoch_0030_tokenized_distill_epochs200\images\cezanne_00219_to_photo.jpg","17091","0.016299","2026/4/5 23:58:53"
"45\45_02_naked_fusion\full_eval\epoch_0030_tokenized_distill_epochs200\images\cezanne_00219_to_vangogh.jpg","16878","0.016096","2026/4/5 23:58:54"
"45\45_02_naked_fusion\full_eval\epoch_0030_tokenized_distill_epochs200\images\cezanne_00223_to_cezanne.jpg","17899","0.01707","2026/4/5 23:58:58"
"45\45_02_naked_fusion\full_eval\epoch_0030_tokenized_distill_epochs200\images\cezanne_00223_to_Hayao.jpg","17658","0.01684","2026/4/5 23:58:57"
"45\45_02_naked_fusion\full_eval\epoch_0030_tokenized_distill_epochs200\images\cezanne_00223_to_monet.jpg","17872","0.017044","2026/4/5 23:58:57"
"45\45_02_naked_fusion\full_eval\epoch_0030_tokenized_distill_epochs200\images\cezanne_00223_to_photo.jpg","18079","0.017241","2026/4/5 23:58:57"
"45\45_02_naked_fusion\full_eval\epoch_0030_tokenized_distill_epochs200\images\cezanne_00223_to_vangogh.jpg","17876","0.017048","2026/4/5 23:58:58"
"45\45_02_naked_fusion\full_eval\epoch_0030_tokenized_distill_epochs200\images\cezanne_00263_to_cezanne.jpg","16578","0.01581","2026/4/5 23:58:57"
"45\45_02_naked_fusion\full_eval\epoch_0030_tokenized_distill_epochs200\images\cezanne_00263_to_Hayao.jpg","16443","0.015681","2026/4/5 23:58:56"
"45\45_02_naked_fusion\full_eval\epoch_0030_tokenized_distill_epochs200\images\cezanne_00263_to_monet.jpg","17117","0.016324","2026/4/5 23:58:56"
"45\45_02_naked_fusion\full_eval\epoch_0030_tokenized_distill_epochs200\images\cezanne_00263_to_photo.jpg","16600","0.015831","2026/4/5 23:58:56"
"45\45_02_naked_fusion\full_eval\epoch_0030_tokenized_distill_epochs200\images\cezanne_00263_to_vangogh.jpg","17375","0.01657","2026/4/5 23:58:56"
"45\45_02_naked_fusion\full_eval\epoch_0030_tokenized_distill_epochs200\images\cezanne_00271_to_cezanne.jpg","16281","0.015527","2026/4/5 23:59:00"
"45\45_02_naked_fusion\full_eval\epoch_0030_tokenized_distill_epochs200\images\cezanne_00271_to_Hayao.jpg","15956","0.015217","2026/4/5 23:58:59"
"45\45_02_naked_fusion\full_eval\epoch_0030_tokenized_distill_epochs200\images\cezanne_00271_to_monet.jpg","16539","0.015773","2026/4/5 23:59:00"
"45\45_02_naked_fusion\full_eval\epoch_0030_tokenized_distill_epochs200\images\cezanne_00271_to_photo.jpg","16942","0.016157","2026/4/5 23:58:59"
"45\45_02_naked_fusion\full_eval\epoch_0030_tokenized_distill_epochs200\images\cezanne_00271_to_vangogh.jpg","16406","0.015646","2026/4/5 23:59:00"
"45\45_02_naked_fusion\full_eval\epoch_0030_tokenized_distill_epochs200\images\cezanne_00275_to_cezanne.jpg","17658","0.01684","2026/4/5 23:58:54"
"45\45_02_naked_fusion\full_eval\epoch_0030_tokenized_distill_epochs200\images\cezanne_00275_to_Hayao.jpg","17854","0.017027","2026/4/5 23:58:54"
"45\45_02_naked_fusion\full_eval\epoch_0030_tokenized_distill_epochs200\images\cezanne_00275_to_monet.jpg","17572","0.016758","2026/4/5 23:58:54"
"45\45_02_naked_fusion\full_eval\epoch_0030_tokenized_distill_epochs200\images\cezanne_00275_to_photo.jpg","17800","0.016975","2026/4/5 23:58:53"
"45\45_02_naked_fusion\full_eval\epoch_0030_tokenized_distill_epochs200\images\cezanne_00275_to_vangogh.jpg","18537","0.017678","2026/4/5 23:58:54"
"45\45_02_naked_fusion\full_eval\epoch_0030_tokenized_distill_epochs200\images\cezanne_00286_to_cezanne.jpg","16514","0.015749","2026/4/5 23:59:01"
"45\45_02_naked_fusion\full_eval\epoch_0030_tokenized_distill_epochs200\images\cezanne_00286_to_Hayao.jpg","16400","0.01564","2026/4/5 23:59:01"
"45\45_02_naked_fusion\full_eval\epoch_0030_tokenized_distill_epochs200\images\cezanne_00286_to_monet.jpg","16605","0.015836","2026/4/5 23:59:01"
"45\45_02_naked_fusion\full_eval\epoch_0030_tokenized_distill_epochs200\images\cezanne_00286_to_photo.jpg","16539","0.015773","2026/4/5 23:59:00"
"45\45_02_naked_fusion\full_eval\epoch_0030_tokenized_distill_epochs200\images\cezanne_00286_to_vangogh.jpg","17336","0.016533","2026/4/5 23:59:01"
"45\45_02_naked_fusion\full_eval\epoch_0030_tokenized_distill_epochs200\images\cezanne_00298_to_cezanne.jpg","17557","0.016744","2026/4/5 23:58:57"
"45\45_02_naked_fusion\full_eval\epoch_0030_tokenized_distill_epochs200\images\cezanne_00298_to_Hayao.jpg","16874","0.016092","2026/4/5 23:58:56"
"45\45_02_naked_fusion\full_eval\epoch_0030_tokenized_distill_epochs200\images\cezanne_00298_to_monet.jpg","17336","0.016533","2026/4/5 23:58:56"
"45\45_02_naked_fusion\full_eval\epoch_0030_tokenized_distill_epochs200\images\cezanne_00298_to_photo.jpg","17744","0.016922","2026/4/5 23:58:56"
"45\45_02_naked_fusion\full_eval\epoch_0030_tokenized_distill_epochs200\images\cezanne_00298_to_vangogh.jpg","17437","0.016629","2026/4/5 23:58:56"
"45\45_02_naked_fusion\full_eval\epoch_0030_tokenized_distill_epochs200\images\cezanne_00303_to_cezanne.jpg","16844","0.016064","2026/4/5 23:59:02"
"45\45_02_naked_fusion\full_eval\epoch_0030_tokenized_distill_epochs200\images\cezanne_00303_to_Hayao.jpg","16618","0.015848","2026/4/5 23:59:02"
"45\45_02_naked_fusion\full_eval\epoch_0030_tokenized_distill_epochs200\images\cezanne_00303_to_monet.jpg","17308","0.016506","2026/4/5 23:59:02"
"45\45_02_naked_fusion\full_eval\epoch_0030_tokenized_distill_epochs200\images\cezanne_00303_to_photo.jpg","16797","0.016019","2026/4/5 23:59:02"
"45\45_02_naked_fusion\full_eval\epoch_0030_tokenized_distill_epochs200\images\cezanne_00303_to_vangogh.jpg","17120","0.016327","2026/4/5 23:59:02"
"45\45_02_naked_fusion\full_eval\epoch_0030_tokenized_distill_epochs200\images\cezanne_00332_to_cezanne.jpg","16759","0.015983","2026/4/5 23:58:54"
"45\45_02_naked_fusion\full_eval\epoch_0030_tokenized_distill_epochs200\images\cezanne_00332_to_Hayao.jpg","16623","0.015853","2026/4/5 23:58:54"
"45\45_02_naked_fusion\full_eval\epoch_0030_tokenized_distill_epochs200\images\cezanne_00332_to_monet.jpg","17099","0.016307","2026/4/5 23:58:54"
"45\45_02_naked_fusion\full_eval\epoch_0030_tokenized_distill_epochs200\images\cezanne_00332_to_photo.jpg","17303","0.016501","2026/4/5 23:58:53"
"45\45_02_naked_fusion\full_eval\epoch_0030_tokenized_distill_epochs200\images\cezanne_00332_to_vangogh.jpg","16839","0.016059","2026/4/5 23:58:54"
"45\45_02_naked_fusion\full_eval\epoch_0030_tokenized_distill_epochs200\images\cezanne_00335_to_cezanne.jpg","18209","0.017365","2026/4/5 23:58:59"
"45\45_02_naked_fusion\full_eval\epoch_0030_tokenized_distill_epochs200\images\cezanne_00335_to_Hayao.jpg","17476","0.016666","2026/4/5 23:58:58"
"45\45_02_naked_fusion\full_eval\epoch_0030_tokenized_distill_epochs200\images\cezanne_00335_to_monet.jpg","17865","0.017037","2026/4/5 23:58:59"
"45\45_02_naked_fusion\full_eval\epoch_0030_tokenized_distill_epochs200\images\cezanne_00335_to_photo.jpg","18116","0.017277","2026/4/5 23:58:58"
"45\45_02_naked_fusion\full_eval\epoch_0030_tokenized_distill_epochs200\images\cezanne_00335_to_vangogh.jpg","18250","0.017405","2026/4/5 23:58:59"
"45\45_02_naked_fusion\full_eval\epoch_0030_tokenized_distill_epochs200\images\cezanne_00342_to_cezanne.jpg","17764","0.016941","2026/4/5 23:58:54"
"45\45_02_naked_fusion\full_eval\epoch_0030_tokenized_distill_epochs200\images\cezanne_00342_to_Hayao.jpg","17178","0.016382","2026/4/5 23:58:54"
"45\45_02_naked_fusion\full_eval\epoch_0030_tokenized_distill_epochs200\images\cezanne_00342_to_monet.jpg","18105","0.017266","2026/4/5 23:58:54"
"45\45_02_naked_fusion\full_eval\epoch_0030_tokenized_distill_epochs200\images\cezanne_00342_to_photo.jpg","17978","0.017145","2026/4/5 23:58:53"
"45\45_02_naked_fusion\full_eval\epoch_0030_tokenized_distill_epochs200\images\cezanne_00342_to_vangogh.jpg","18068","0.017231","2026/4/5 23:58:54"
"45\45_02_naked_fusion\full_eval\epoch_0030_tokenized_distill_epochs200\images\cezanne_00348_to_cezanne.jpg","16966","0.01618","2026/4/5 23:58:55"
"45\45_02_naked_fusion\full_eval\epoch_0030_tokenized_distill_epochs200\images\cezanne_00348_to_Hayao.jpg","16384","0.015625","2026/4/5 23:58:55"
"45\45_02_naked_fusion\full_eval\epoch_0030_tokenized_distill_epochs200\images\cezanne_00348_to_monet.jpg","17115","0.016322","2026/4/5 23:58:55"
"45\45_02_naked_fusion\full_eval\epoch_0030_tokenized_distill_epochs200\images\cezanne_00348_to_photo.jpg","17024","0.016235","2026/4/5 23:58:55"
"45\45_02_naked_fusion\full_eval\epoch_0030_tokenized_distill_epochs200\images\cezanne_00348_to_vangogh.jpg","17086","0.016294","2026/4/5 23:58:55"
"45\45_02_naked_fusion\full_eval\epoch_0030_tokenized_distill_epochs200\images\cezanne_00375_to_cezanne.jpg","17029","0.01624","2026/4/5 23:59:01"
"45\45_02_naked_fusion\full_eval\epoch_0030_tokenized_distill_epochs200\images\cezanne_00375_to_Hayao.jpg","16834","0.016054","2026/4/5 23:59:01"
"45\45_02_naked_fusion\full_eval\epoch_0030_tokenized_distill_epochs200\images\cezanne_00375_to_monet.jpg","16662","0.01589","2026/4/5 23:59:01"
"45\45_02_naked_fusion\full_eval\epoch_0030_tokenized_distill_epochs200\images\cezanne_00375_to_photo.jpg","17123","0.01633","2026/4/5 23:59:00"
"45\45_02_naked_fusion\full_eval\epoch_0030_tokenized_distill_epochs200\images\cezanne_00375_to_vangogh.jpg","17842","0.017015","2026/4/5 23:59:01"
"45\45_02_naked_fusion\full_eval\epoch_0030_tokenized_distill_epochs200\images\cezanne_00379_to_cezanne.jpg","17221","0.016423","2026/4/5 23:58:57"
"45\45_02_naked_fusion\full_eval\epoch_0030_tokenized_distill_epochs200\images\cezanne_00379_to_Hayao.jpg","16594","0.015825","2026/4/5 23:58:56"
"45\45_02_naked_fusion\full_eval\epoch_0030_tokenized_distill_epochs200\images\cezanne_00379_to_monet.jpg","16976","0.01619","2026/4/5 23:58:56"
"45\45_02_naked_fusion\full_eval\epoch_0030_tokenized_distill_epochs200\images\cezanne_00379_to_photo.jpg","17287","0.016486","2026/4/5 23:58:56"
"45\45_02_naked_fusion\full_eval\epoch_0030_tokenized_distill_epochs200\images\cezanne_00379_to_vangogh.jpg","17385","0.01658","2026/4/5 23:58:56"
"45\45_02_naked_fusion\full_eval\epoch_0030_tokenized_distill_epochs200\images\cezanne_00382_to_cezanne.jpg","17456","0.016647","2026/4/5 23:59:01"
"45\45_02_naked_fusion\full_eval\epoch_0030_tokenized_distill_epochs200\images\cezanne_00382_to_Hayao.jpg","16714","0.01594","2026/4/5 23:59:01"
"45\45_02_naked_fusion\full_eval\epoch_0030_tokenized_distill_epochs200\images\cezanne_00382_to_monet.jpg","17302","0.0165","2026/4/5 23:59:01"
"45\45_02_naked_fusion\full_eval\epoch_0030_tokenized_distill_epochs200\images\cezanne_00382_to_photo.jpg","17032","0.016243","2026/4/5 23:59:00"
"45\45_02_naked_fusion\full_eval\epoch_0030_tokenized_distill_epochs200\images\cezanne_00382_to_vangogh.jpg","17395","0.016589","2026/4/5 23:59:01"
"45\45_02_naked_fusion\full_eval\epoch_0030_tokenized_distill_epochs200\images\cezanne_00388_to_cezanne.jpg","17688","0.016869","2026/4/5 23:58:57"
"45\45_02_naked_fusion\full_eval\epoch_0030_tokenized_distill_epochs200\images\cezanne_00388_to_Hayao.jpg","17461","0.016652","2026/4/5 23:58:56"
"45\45_02_naked_fusion\full_eval\epoch_0030_tokenized_distill_epochs200\images\cezanne_00388_to_monet.jpg","17853","0.017026","2026/4/5 23:58:56"
"45\45_02_naked_fusion\full_eval\epoch_0030_tokenized_distill_epochs200\images\cezanne_00388_to_photo.jpg","18221","0.017377","2026/4/5 23:58:56"
"45\45_02_naked_fusion\full_eval\epoch_0030_tokenized_distill_epochs200\images\cezanne_00388_to_vangogh.jpg","17822","0.016996","2026/4/5 23:58:56"
"45\45_02_naked_fusion\full_eval\epoch_0030_tokenized_distill_epochs200\images\cezanne_00393_to_cezanne.jpg","17731","0.01691","2026/4/5 23:59:00"
"45\45_02_naked_fusion\full_eval\epoch_0030_tokenized_distill_epochs200\images\cezanne_00393_to_Hayao.jpg","17453","0.016644","2026/4/5 23:58:59"
"45\45_02_naked_fusion\full_eval\epoch_0030_tokenized_distill_epochs200\images\cezanne_00393_to_monet.jpg","17869","0.017041","2026/4/5 23:59:00"
"45\45_02_naked_fusion\full_eval\epoch_0030_tokenized_distill_epochs200\images\cezanne_00393_to_photo.jpg","17807","0.016982","2026/4/5 23:58:59"
"45\45_02_naked_fusion\full_eval\epoch_0030_tokenized_distill_epochs200\images\cezanne_00393_to_vangogh.jpg","18556","0.017696","2026/4/5 23:59:00"
"45\45_02_naked_fusion\full_eval\epoch_0030_tokenized_distill_epochs200\images\cezanne_00411_to_cezanne.jpg","17373","0.016568","2026/4/5 23:58:59"
"45\45_02_naked_fusion\full_eval\epoch_0030_tokenized_distill_epochs200\images\cezanne_00411_to_Hayao.jpg","17033","0.016244","2026/4/5 23:58:58"
"45\45_02_naked_fusion\full_eval\epoch_0030_tokenized_distill_epochs200\images\cezanne_00411_to_monet.jpg","17634","0.016817","2026/4/5 23:58:59"
"45\45_02_naked_fusion\full_eval\epoch_0030_tokenized_distill_epochs200\images\cezanne_00411_to_photo.jpg","17998","0.017164","2026/4/5 23:58:58"
"45\45_02_naked_fusion\full_eval\epoch_0030_tokenized_distill_epochs200\images\cezanne_00411_to_vangogh.jpg","17448","0.01664","2026/4/5 23:58:59"
"45\45_02_naked_fusion\full_eval\epoch_0030_tokenized_distill_epochs200\images\cezanne_00428_to_cezanne.jpg","17393","0.016587","2026/4/5 23:58:58"
"45\45_02_naked_fusion\full_eval\epoch_0030_tokenized_distill_epochs200\images\cezanne_00428_to_Hayao.jpg","17168","0.016373","2026/4/5 23:58:57"
"45\45_02_naked_fusion\full_eval\epoch_0030_tokenized_distill_epochs200\images\cezanne_00428_to_monet.jpg","18117","0.017278","2026/4/5 23:58:57"
"45\45_02_naked_fusion\full_eval\epoch_0030_tokenized_distill_epochs200\images\cezanne_00428_to_photo.jpg","17764","0.016941","2026/4/5 23:58:57"
"45\45_02_naked_fusion\full_eval\epoch_0030_tokenized_distill_epochs200\images\cezanne_00428_to_vangogh.jpg","18135","0.017295","2026/4/5 23:58:58"
"45\45_02_naked_fusion\full_eval\epoch_0030_tokenized_distill_epochs200\images\cezanne_00437_to_cezanne.jpg","17081","0.01629","2026/4/5 23:58:58"
"45\45_02_naked_fusion\full_eval\epoch_0030_tokenized_distill_epochs200\images\cezanne_00437_to_Hayao.jpg","16950","0.016165","2026/4/5 23:58:57"
"45\45_02_naked_fusion\full_eval\epoch_0030_tokenized_distill_epochs200\images\cezanne_00437_to_monet.jpg","17281","0.01648","2026/4/5 23:58:57"
"45\45_02_naked_fusion\full_eval\epoch_0030_tokenized_distill_epochs200\images\cezanne_00437_to_photo.jpg","17106","0.016314","2026/4/5 23:58:57"
"45\45_02_naked_fusion\full_eval\epoch_0030_tokenized_distill_epochs200\images\cezanne_00437_to_vangogh.jpg","17708","0.016888","2026/4/5 23:58:58"
"45\45_02_naked_fusion\full_eval\epoch_0030_tokenized_distill_epochs200\images\cezanne_00517_to_cezanne.jpg","16739","0.015964","2026/4/5 23:59:01"
"45\45_02_naked_fusion\full_eval\epoch_0030_tokenized_distill_epochs200\images\cezanne_00517_to_Hayao.jpg","16063","0.015319","2026/4/5 23:59:01"
"45\45_02_naked_fusion\full_eval\epoch_0030_tokenized_distill_epochs200\images\cezanne_00517_to_monet.jpg","16788","0.01601","2026/4/5 23:59:01"
"45\45_02_naked_fusion\full_eval\epoch_0030_tokenized_distill_epochs200\images\cezanne_00517_to_photo.jpg","16737","0.015962","2026/4/5 23:59:00"
"45\45_02_naked_fusion\full_eval\epoch_0030_tokenized_distill_epochs200\images\cezanne_00517_to_vangogh.jpg","17062","0.016272","2026/4/5 23:59:01"
"45\45_02_naked_fusion\full_eval\epoch_0030_tokenized_distill_epochs200\images\cezanne_00546_to_cezanne.jpg","17992","0.017159","2026/4/5 23:59:02"
"45\45_02_naked_fusion\full_eval\epoch_0030_tokenized_distill_epochs200\images\cezanne_00546_to_Hayao.jpg","17249","0.01645","2026/4/5 23:59:02"
"45\45_02_naked_fusion\full_eval\epoch_0030_tokenized_distill_epochs200\images\cezanne_00546_to_monet.jpg","17430","0.016623","2026/4/5 23:59:02"
"45\45_02_naked_fusion\full_eval\epoch_0030_tokenized_distill_epochs200\images\cezanne_00546_to_photo.jpg","17908","0.017078","2026/4/5 23:59:02"
"45\45_02_naked_fusion\full_eval\epoch_0030_tokenized_distill_epochs200\images\cezanne_00546_to_vangogh.jpg","18470","0.017614","2026/4/5 23:59:02"
"45\45_02_naked_fusion\full_eval\epoch_0030_tokenized_distill_epochs200\images\cezanne_00576_to_cezanne.jpg","18168","0.017326","2026/4/5 23:59:00"
"45\45_02_naked_fusion\full_eval\epoch_0030_tokenized_distill_epochs200\images\cezanne_00576_to_Hayao.jpg","17622","0.016806","2026/4/5 23:58:59"
"45\45_02_naked_fusion\full_eval\epoch_0030_tokenized_distill_epochs200\images\cezanne_00576_to_monet.jpg","18179","0.017337","2026/4/5 23:59:00"
"45\45_02_naked_fusion\full_eval\epoch_0030_tokenized_distill_epochs200\images\cezanne_00576_to_photo.jpg","18280","0.017433","2026/4/5 23:58:59"
"45\45_02_naked_fusion\full_eval\epoch_0030_tokenized_distill_epochs200\images\cezanne_00576_to_vangogh.jpg","18870","0.017996","2026/4/5 23:59:00"
"45\45_02_naked_fusion\full_eval\epoch_0030_tokenized_distill_epochs200\images\cezanne_00582_to_cezanne.jpg","17597","0.016782","2026/4/5 23:58:55"
"45\45_02_naked_fusion\full_eval\epoch_0030_tokenized_distill_epochs200\images\cezanne_00582_to_Hayao.jpg","17072","0.016281","2026/4/5 23:58:55"
"45\45_02_naked_fusion\full_eval\epoch_0030_tokenized_distill_epochs200\images\cezanne_00582_to_monet.jpg","17835","0.017009","2026/4/5 23:58:55"
"45\45_02_naked_fusion\full_eval\epoch_0030_tokenized_distill_epochs200\images\cezanne_00582_to_photo.jpg","17751","0.016929","2026/4/5 23:58:55"
"45\45_02_naked_fusion\full_eval\epoch_0030_tokenized_distill_epochs200\images\cezanne_00582_to_vangogh.jpg","17975","0.017142","2026/4/5 23:58:55"
"45\45_02_naked_fusion\full_eval\epoch_0030_tokenized_distill_epochs200\images\cezanne_00605_to_cezanne.jpg","17828","0.017002","2026/4/5 23:59:00"
"45\45_02_naked_fusion\full_eval\epoch_0030_tokenized_distill_epochs200\images\cezanne_00605_to_Hayao.jpg","17473","0.016664","2026/4/5 23:58:59"
"45\45_02_naked_fusion\full_eval\epoch_0030_tokenized_distill_epochs200\images\cezanne_00605_to_monet.jpg","17980","0.017147","2026/4/5 23:59:00"
"45\45_02_naked_fusion\full_eval\epoch_0030_tokenized_distill_epochs200\images\cezanne_00605_to_photo.jpg","18053","0.017217","2026/4/5 23:58:59"
"45\45_02_naked_fusion\full_eval\epoch_0030_tokenized_distill_epochs200\images\cezanne_00605_to_vangogh.jpg","17778","0.016954","2026/4/5 23:59:00"
"45\45_02_naked_fusion\full_eval\epoch_0030_tokenized_distill_epochs200\images\Hayao_0_to_cezanne.jpg","17020","0.016232","2026/4/5 23:58:33"
"45\45_02_naked_fusion\full_eval\epoch_0030_tokenized_distill_epochs200\images\Hayao_0_to_Hayao.jpg","17101","0.016309","2026/4/5 23:58:33"
"45\45_02_naked_fusion\full_eval\epoch_0030_tokenized_distill_epochs200\images\Hayao_0_to_monet.jpg","17105","0.016313","2026/4/5 23:58:33"
"45\45_02_naked_fusion\full_eval\epoch_0030_tokenized_distill_epochs200\images\Hayao_0_to_photo.jpg","17330","0.016527","2026/4/5 23:58:33"
"45\45_02_naked_fusion\full_eval\epoch_0030_tokenized_distill_epochs200\images\Hayao_0_to_vangogh.jpg","17331","0.016528","2026/4/5 23:58:33"
"45\45_02_naked_fusion\full_eval\epoch_0030_tokenized_distill_epochs200\images\Hayao_1000_to_cezanne.jpg","16835","0.016055","2026/4/5 23:58:31"
"45\45_02_naked_fusion\full_eval\epoch_0030_tokenized_distill_epochs200\images\Hayao_1000_to_Hayao.jpg","17036","0.016247","2026/4/5 23:58:30"
"45\45_02_naked_fusion\full_eval\epoch_0030_tokenized_distill_epochs200\images\Hayao_1000_to_monet.jpg","17711","0.016891","2026/4/5 23:58:31"
"45\45_02_naked_fusion\full_eval\epoch_0030_tokenized_distill_epochs200\images\Hayao_1000_to_photo.jpg","17235","0.016437","2026/4/5 23:58:30"
"45\45_02_naked_fusion\full_eval\epoch_0030_tokenized_distill_epochs200\images\Hayao_1000_to_vangogh.jpg","17140","0.016346","2026/4/5 23:58:31"
"45\45_02_naked_fusion\full_eval\epoch_0030_tokenized_distill_epochs200\images\Hayao_1001_to_cezanne.jpg","16395","0.015635","2026/4/5 23:58:29"
"45\45_02_naked_fusion\full_eval\epoch_0030_tokenized_distill_epochs200\images\Hayao_1001_to_Hayao.jpg","16308","0.015553","2026/4/5 23:58:28"
"45\45_02_naked_fusion\full_eval\epoch_0030_tokenized_distill_epochs200\images\Hayao_1001_to_monet.jpg","16948","0.016163","2026/4/5 23:58:28"
"45\45_02_naked_fusion\full_eval\epoch_0030_tokenized_distill_epochs200\images\Hayao_1001_to_photo.jpg","16953","0.016168","2026/4/5 23:58:28"
"45\45_02_naked_fusion\full_eval\epoch_0030_tokenized_distill_epochs200\images\Hayao_1001_to_vangogh.jpg","16573","0.015805","2026/4/5 23:58:29"
"45\45_02_naked_fusion\full_eval\epoch_0030_tokenized_distill_epochs200\images\Hayao_1006_to_cezanne.jpg","17167","0.016372","2026/4/5 23:58:30"
"45\45_02_naked_fusion\full_eval\epoch_0030_tokenized_distill_epochs200\images\Hayao_1006_to_Hayao.jpg","17097","0.016305","2026/4/5 23:58:29"
"45\45_02_naked_fusion\full_eval\epoch_0030_tokenized_distill_epochs200\images\Hayao_1006_to_monet.jpg","17382","0.016577","2026/4/5 23:58:29"
"45\45_02_naked_fusion\full_eval\epoch_0030_tokenized_distill_epochs200\images\Hayao_1006_to_photo.jpg","17651","0.016833","2026/4/5 23:58:29"
"45\45_02_naked_fusion\full_eval\epoch_0030_tokenized_distill_epochs200\images\Hayao_1006_to_vangogh.jpg","17196","0.016399","2026/4/5 23:58:30"
"45\45_02_naked_fusion\full_eval\epoch_0030_tokenized_distill_epochs200\images\Hayao_1007_to_cezanne.jpg","17184","0.016388","2026/4/5 23:58:32"
"45\45_02_naked_fusion\full_eval\epoch_0030_tokenized_distill_epochs200\images\Hayao_1007_to_Hayao.jpg","17629","0.016812","2026/4/5 23:58:32"
"45\45_02_naked_fusion\full_eval\epoch_0030_tokenized_distill_epochs200\images\Hayao_1007_to_monet.jpg","17907","0.017077","2026/4/5 23:58:32"
"45\45_02_naked_fusion\full_eval\epoch_0030_tokenized_distill_epochs200\images\Hayao_1007_to_photo.jpg","18003","0.017169","2026/4/5 23:58:31"
"45\45_02_naked_fusion\full_eval\epoch_0030_tokenized_distill_epochs200\images\Hayao_1007_to_vangogh.jpg","17779","0.016955","2026/4/5 23:58:32"
"45\45_02_naked_fusion\full_eval\epoch_0030_tokenized_distill_epochs200\images\Hayao_1008_to_cezanne.jpg","17241","0.016442","2026/4/5 23:58:29"
"45\45_02_naked_fusion\full_eval\epoch_0030_tokenized_distill_epochs200\images\Hayao_1008_to_Hayao.jpg","17047","0.016257","2026/4/5 23:58:28"
"45\45_02_naked_fusion\full_eval\epoch_0030_tokenized_distill_epochs200\images\Hayao_1008_to_monet.jpg","17948","0.017117","2026/4/5 23:58:28"
"45\45_02_naked_fusion\full_eval\epoch_0030_tokenized_distill_epochs200\images\Hayao_1008_to_photo.jpg","17809","0.016984","2026/4/5 23:58:28"
"45\45_02_naked_fusion\full_eval\epoch_0030_tokenized_distill_epochs200\images\Hayao_1008_to_vangogh.jpg","18073","0.017236","2026/4/5 23:58:29"
"45\45_02_naked_fusion\full_eval\epoch_0030_tokenized_distill_epochs200\images\Hayao_1009_to_cezanne.jpg","17608","0.016792","2026/4/5 23:58:31"
"45\45_02_naked_fusion\full_eval\epoch_0030_tokenized_distill_epochs200\images\Hayao_1009_to_Hayao.jpg","17155","0.01636","2026/4/5 23:58:30"
"45\45_02_naked_fusion\full_eval\epoch_0030_tokenized_distill_epochs200\images\Hayao_1009_to_monet.jpg","17605","0.016789","2026/4/5 23:58:31"
"45\45_02_naked_fusion\full_eval\epoch_0030_tokenized_distill_epochs200\images\Hayao_1009_to_photo.jpg","17691","0.016871","2026/4/5 23:58:30"
"45\45_02_naked_fusion\full_eval\epoch_0030_tokenized_distill_epochs200\images\Hayao_1009_to_vangogh.jpg","17521","0.016709","2026/4/5 23:58:31"
"45\45_02_naked_fusion\full_eval\epoch_0030_tokenized_distill_epochs200\images\Hayao_1012_to_cezanne.jpg","17154","0.016359","2026/4/5 23:58:30"
"45\45_02_naked_fusion\full_eval\epoch_0030_tokenized_distill_epochs200\images\Hayao_1012_to_Hayao.jpg","17118","0.016325","2026/4/5 23:58:29"
"45\45_02_naked_fusion\full_eval\epoch_0030_tokenized_distill_epochs200\images\Hayao_1012_to_monet.jpg","17011","0.016223","2026/4/5 23:58:29"
"45\45_02_naked_fusion\full_eval\epoch_0030_tokenized_distill_epochs200\images\Hayao_1012_to_photo.jpg","16446","0.015684","2026/4/5 23:58:29"
"45\45_02_naked_fusion\full_eval\epoch_0030_tokenized_distill_epochs200\images\Hayao_1012_to_vangogh.jpg","17679","0.01686","2026/4/5 23:58:30"
"45\45_02_naked_fusion\full_eval\epoch_0030_tokenized_distill_epochs200\images\Hayao_1014_to_cezanne.jpg","16318","0.015562","2026/4/5 23:58:33"
"45\45_02_naked_fusion\full_eval\epoch_0030_tokenized_distill_epochs200\images\Hayao_1014_to_Hayao.jpg","15746","0.015017","2026/4/5 23:58:33"
"45\45_02_naked_fusion\full_eval\epoch_0030_tokenized_distill_epochs200\images\Hayao_1014_to_monet.jpg","16968","0.016182","2026/4/5 23:58:33"
"45\45_02_naked_fusion\full_eval\epoch_0030_tokenized_distill_epochs200\images\Hayao_1014_to_photo.jpg","16405","0.015645","2026/4/5 23:58:33"
"45\45_02_naked_fusion\full_eval\epoch_0030_tokenized_distill_epochs200\images\Hayao_1014_to_vangogh.jpg","16885","0.016103","2026/4/5 23:58:33"
"45\45_02_naked_fusion\full_eval\epoch_0030_tokenized_distill_epochs200\images\Hayao_1015_to_cezanne.jpg","17407","0.016601","2026/4/5 23:58:29"
"45\45_02_naked_fusion\full_eval\epoch_0030_tokenized_distill_epochs200\images\Hayao_1015_to_Hayao.jpg","17276","0.016476","2026/4/5 23:58:28"
"45\45_02_naked_fusion\full_eval\epoch_0030_tokenized_distill_epochs200\images\Hayao_1015_to_monet.jpg","17512","0.016701","2026/4/5 23:58:28"
"45\45_02_naked_fusion\full_eval\epoch_0030_tokenized_distill_epochs200\images\Hayao_1015_to_photo.jpg","17945","0.017114","2026/4/5 23:58:28"
"45\45_02_naked_fusion\full_eval\epoch_0030_tokenized_distill_epochs200\images\Hayao_1015_to_vangogh.jpg","17627","0.01681","2026/4/5 23:58:29"
"45\45_02_naked_fusion\full_eval\epoch_0030_tokenized_distill_epochs200\images\Hayao_1016_to_cezanne.jpg","16482","0.015718","2026/4/5 23:58:36"
"45\45_02_naked_fusion\full_eval\epoch_0030_tokenized_distill_epochs200\images\Hayao_1016_to_Hayao.jpg","16736","0.015961","2026/4/5 23:58:35"
"45\45_02_naked_fusion\full_eval\epoch_0030_tokenized_distill_epochs200\images\Hayao_1016_to_monet.jpg","16729","0.015954","2026/4/5 23:58:35"
"45\45_02_naked_fusion\full_eval\epoch_0030_tokenized_distill_epochs200\images\Hayao_1016_to_photo.jpg","16596","0.015827","2026/4/5 23:58:35"
"45\45_02_naked_fusion\full_eval\epoch_0030_tokenized_distill_epochs200\images\Hayao_1016_to_vangogh.jpg","17183","0.016387","2026/4/5 23:58:36"
"45\45_02_naked_fusion\full_eval\epoch_0030_tokenized_distill_epochs200\images\Hayao_1017_to_cezanne.jpg","16276","0.015522","2026/4/5 23:58:31"
"45\45_02_naked_fusion\full_eval\epoch_0030_tokenized_distill_epochs200\images\Hayao_1017_to_Hayao.jpg","16017","0.015275","2026/4/5 23:58:30"
"45\45_02_naked_fusion\full_eval\epoch_0030_tokenized_distill_epochs200\images\Hayao_1017_to_monet.jpg","16360","0.015602","2026/4/5 23:58:31"
"45\45_02_naked_fusion\full_eval\epoch_0030_tokenized_distill_epochs200\images\Hayao_1017_to_photo.jpg","16420","0.015659","2026/4/5 23:58:30"
"45\45_02_naked_fusion\full_eval\epoch_0030_tokenized_distill_epochs200\images\Hayao_1017_to_vangogh.jpg","16026","0.015284","2026/4/5 23:58:31"
"45\45_02_naked_fusion\full_eval\epoch_0030_tokenized_distill_epochs200\images\Hayao_1018_to_cezanne.jpg","17409","0.016603","2026/4/5 23:58:36"
"45\45_02_naked_fusion\full_eval\epoch_0030_tokenized_distill_epochs200\images\Hayao_1018_to_Hayao.jpg","16839","0.016059","2026/4/5 23:58:35"
"45\45_02_naked_fusion\full_eval\epoch_0030_tokenized_distill_epochs200\images\Hayao_1018_to_monet.jpg","17114","0.016321","2026/4/5 23:58:35"
"45\45_02_naked_fusion\full_eval\epoch_0030_tokenized_distill_epochs200\images\Hayao_1018_to_photo.jpg","17152","0.016357","2026/4/5 23:58:35"
"45\45_02_naked_fusion\full_eval\epoch_0030_tokenized_distill_epochs200\images\Hayao_1018_to_vangogh.jpg","17147","0.016353","2026/4/5 23:58:36"
"45\45_02_naked_fusion\full_eval\epoch_0030_tokenized_distill_epochs200\images\Hayao_1019_to_cezanne.jpg","14703","0.014022","2026/4/5 23:58:28"
"45\45_02_naked_fusion\full_eval\epoch_0030_tokenized_distill_epochs200\images\Hayao_1019_to_Hayao.jpg","15234","0.014528","2026/4/5 23:58:27"
"45\45_02_naked_fusion\full_eval\epoch_0030_tokenized_distill_epochs200\images\Hayao_1019_to_monet.jpg","15116","0.014416","2026/4/5 23:58:27"
"45\45_02_naked_fusion\full_eval\epoch_0030_tokenized_distill_epochs200\images\Hayao_1019_to_photo.jpg","14828","0.014141","2026/4/5 23:58:27"
"45\45_02_naked_fusion\full_eval\epoch_0030_tokenized_distill_epochs200\images\Hayao_1019_to_vangogh.jpg","16021","0.015279","2026/4/5 23:58:27"
"45\45_02_naked_fusion\full_eval\epoch_0030_tokenized_distill_epochs200\images\Hayao_1020_to_cezanne.jpg","16888","0.016106","2026/4/5 23:58:28"
"45\45_02_naked_fusion\full_eval\epoch_0030_tokenized_distill_epochs200\images\Hayao_1020_to_Hayao.jpg","16367","0.015609","2026/4/5 23:58:27"
"45\45_02_naked_fusion\full_eval\epoch_0030_tokenized_distill_epochs200\images\Hayao_1020_to_monet.jpg","16778","0.016001","2026/4/5 23:58:27"
"45\45_02_naked_fusion\full_eval\epoch_0030_tokenized_distill_epochs200\images\Hayao_1020_to_photo.jpg","17312","0.01651","2026/4/5 23:58:27"
"45\45_02_naked_fusion\full_eval\epoch_0030_tokenized_distill_epochs200\images\Hayao_1020_to_vangogh.jpg","17374","0.016569","2026/4/5 23:58:27"
"45\45_02_naked_fusion\full_eval\epoch_0030_tokenized_distill_epochs200\images\Hayao_1021_to_cezanne.jpg","17662","0.016844","2026/4/5 23:58:30"
"45\45_02_naked_fusion\full_eval\epoch_0030_tokenized_distill_epochs200\images\Hayao_1021_to_Hayao.jpg","17051","0.016261","2026/4/5 23:58:29"
"45\45_02_naked_fusion\full_eval\epoch_0030_tokenized_distill_epochs200\images\Hayao_1021_to_monet.jpg","17777","0.016953","2026/4/5 23:58:29"
"45\45_02_naked_fusion\full_eval\epoch_0030_tokenized_distill_epochs200\images\Hayao_1021_to_photo.jpg","17726","0.016905","2026/4/5 23:58:29"
"45\45_02_naked_fusion\full_eval\epoch_0030_tokenized_distill_epochs200\images\Hayao_1021_to_vangogh.jpg","17759","0.016936","2026/4/5 23:58:30"
"45\45_02_naked_fusion\full_eval\epoch_0030_tokenized_distill_epochs200\images\Hayao_1023_to_cezanne.jpg","16240","0.015488","2026/4/5 23:58:36"
"45\45_02_naked_fusion\full_eval\epoch_0030_tokenized_distill_epochs200\images\Hayao_1023_to_Hayao.jpg","16137","0.015389","2026/4/5 23:58:35"
"45\45_02_naked_fusion\full_eval\epoch_0030_tokenized_distill_epochs200\images\Hayao_1023_to_monet.jpg","16815","0.016036","2026/4/5 23:58:35"
"45\45_02_naked_fusion\full_eval\epoch_0030_tokenized_distill_epochs200\images\Hayao_1023_to_photo.jpg","16833","0.016053","2026/4/5 23:58:35"
"45\45_02_naked_fusion\full_eval\epoch_0030_tokenized_distill_epochs200\images\Hayao_1023_to_vangogh.jpg","16961","0.016175","2026/4/5 23:58:36"
"45\45_02_naked_fusion\full_eval\epoch_0030_tokenized_distill_epochs200\images\Hayao_1024_to_cezanne.jpg","15256","0.014549","2026/4/5 23:58:30"
"45\45_02_naked_fusion\full_eval\epoch_0030_tokenized_distill_epochs200\images\Hayao_1024_to_Hayao.jpg","14745","0.014062","2026/4/5 23:58:29"
"45\45_02_naked_fusion\full_eval\epoch_0030_tokenized_distill_epochs200\images\Hayao_1024_to_monet.jpg","15590","0.014868","2026/4/5 23:58:29"
"45\45_02_naked_fusion\full_eval\epoch_0030_tokenized_distill_epochs200\images\Hayao_1024_to_photo.jpg","15266","0.014559","2026/4/5 23:58:29"
"45\45_02_naked_fusion\full_eval\epoch_0030_tokenized_distill_epochs200\images\Hayao_1024_to_vangogh.jpg","15796","0.015064","2026/4/5 23:58:30"
"45\45_02_naked_fusion\full_eval\epoch_0030_tokenized_distill_epochs200\images\Hayao_1025_to_cezanne.jpg","17099","0.016307","2026/4/5 23:58:35"
"45\45_02_naked_fusion\full_eval\epoch_0030_tokenized_distill_epochs200\images\Hayao_1025_to_Hayao.jpg","16978","0.016191","2026/4/5 23:58:34"
"45\45_02_naked_fusion\full_eval\epoch_0030_tokenized_distill_epochs200\images\Hayao_1025_to_monet.jpg","17319","0.016517","2026/4/5 23:58:34"
"45\45_02_naked_fusion\full_eval\epoch_0030_tokenized_distill_epochs200\images\Hayao_1025_to_photo.jpg","17625","0.016809","2026/4/5 23:58:34"
"45\45_02_naked_fusion\full_eval\epoch_0030_tokenized_distill_epochs200\images\Hayao_1025_to_vangogh.jpg","16478","0.015715","2026/4/5 23:58:34"
"45\45_02_naked_fusion\full_eval\epoch_0030_tokenized_distill_epochs200\images\Hayao_1026_to_cezanne.jpg","17003","0.016215","2026/4/5 23:58:31"
"45\45_02_naked_fusion\full_eval\epoch_0030_tokenized_distill_epochs200\images\Hayao_1026_to_Hayao.jpg","16969","0.016183","2026/4/5 23:58:30"
"45\45_02_naked_fusion\full_eval\epoch_0030_tokenized_distill_epochs200\images\Hayao_1026_to_monet.jpg","16589","0.015821","2026/4/5 23:58:31"
"45\45_02_naked_fusion\full_eval\epoch_0030_tokenized_distill_epochs200\images\Hayao_1026_to_photo.jpg","17000","0.016212","2026/4/5 23:58:30"
"45\45_02_naked_fusion\full_eval\epoch_0030_tokenized_distill_epochs200\images\Hayao_1026_to_vangogh.jpg","16769","0.015992","2026/4/5 23:58:31"
"45\45_02_naked_fusion\full_eval\epoch_0030_tokenized_distill_epochs200\images\Hayao_1028_to_cezanne.jpg","17439","0.016631","2026/4/5 23:58:35"
"45\45_02_naked_fusion\full_eval\epoch_0030_tokenized_distill_epochs200\images\Hayao_1028_to_Hayao.jpg","16689","0.015916","2026/4/5 23:58:34"
"45\45_02_naked_fusion\full_eval\epoch_0030_tokenized_distill_epochs200\images\Hayao_1028_to_monet.jpg","17716","0.016895","2026/4/5 23:58:34"
"45\45_02_naked_fusion\full_eval\epoch_0030_tokenized_distill_epochs200\images\Hayao_1028_to_photo.jpg","17586","0.016771","2026/4/5 23:58:34"
"45\45_02_naked_fusion\full_eval\epoch_0030_tokenized_distill_epochs200\images\Hayao_1028_to_vangogh.jpg","17555","0.016742","2026/4/5 23:58:34"
"45\45_02_naked_fusion\full_eval\epoch_0030_tokenized_distill_epochs200\images\Hayao_102_to_cezanne.jpg","15349","0.014638","2026/4/5 23:58:32"
"45\45_02_naked_fusion\full_eval\epoch_0030_tokenized_distill_epochs200\images\Hayao_102_to_Hayao.jpg","14804","0.014118","2026/4/5 23:58:32"
"45\45_02_naked_fusion\full_eval\epoch_0030_tokenized_distill_epochs200\images\Hayao_102_to_monet.jpg","15224","0.014519","2026/4/5 23:58:32"
"45\45_02_naked_fusion\full_eval\epoch_0030_tokenized_distill_epochs200\images\Hayao_102_to_photo.jpg","15743","0.015014","2026/4/5 23:58:31"
"45\45_02_naked_fusion\full_eval\epoch_0030_tokenized_distill_epochs200\images\Hayao_102_to_vangogh.jpg","16025","0.015283","2026/4/5 23:58:32"
"45\45_02_naked_fusion\full_eval\epoch_0030_tokenized_distill_epochs200\images\Hayao_1033_to_cezanne.jpg","17518","0.016706","2026/4/5 23:58:32"
"45\45_02_naked_fusion\full_eval\epoch_0030_tokenized_distill_epochs200\images\Hayao_1033_to_Hayao.jpg","17067","0.016276","2026/4/5 23:58:32"
"45\45_02_naked_fusion\full_eval\epoch_0030_tokenized_distill_epochs200\images\Hayao_1033_to_monet.jpg","17792","0.016968","2026/4/5 23:58:32"
"45\45_02_naked_fusion\full_eval\epoch_0030_tokenized_distill_epochs200\images\Hayao_1033_to_photo.jpg","17760","0.016937","2026/4/5 23:58:31"
"45\45_02_naked_fusion\full_eval\epoch_0030_tokenized_distill_epochs200\images\Hayao_1033_to_vangogh.jpg","17558","0.016745","2026/4/5 23:58:32"
"45\45_02_naked_fusion\full_eval\epoch_0030_tokenized_distill_epochs200\images\Hayao_1039_to_cezanne.jpg","16540","0.015774","2026/4/5 23:58:32"
"45\45_02_naked_fusion\full_eval\epoch_0030_tokenized_distill_epochs200\images\Hayao_1039_to_Hayao.jpg","15951","0.015212","2026/4/5 23:58:32"
"45\45_02_naked_fusion\full_eval\epoch_0030_tokenized_distill_epochs200\images\Hayao_1039_to_monet.jpg","16416","0.015656","2026/4/5 23:58:32"
"45\45_02_naked_fusion\full_eval\epoch_0030_tokenized_distill_epochs200\images\Hayao_1039_to_photo.jpg","16248","0.015495","2026/4/5 23:58:31"
"45\45_02_naked_fusion\full_eval\epoch_0030_tokenized_distill_epochs200\images\Hayao_1039_to_vangogh.jpg","16768","0.015991","2026/4/5 23:58:32"
"45\45_02_naked_fusion\full_eval\epoch_0030_tokenized_distill_epochs200\images\Hayao_103_to_cezanne.jpg","17440","0.016632","2026/4/5 23:58:33"
"45\45_02_naked_fusion\full_eval\epoch_0030_tokenized_distill_epochs200\images\Hayao_103_to_Hayao.jpg","16788","0.01601","2026/4/5 23:58:33"
"45\45_02_naked_fusion\full_eval\epoch_0030_tokenized_distill_epochs200\images\Hayao_103_to_monet.jpg","17660","0.016842","2026/4/5 23:58:33"
"45\45_02_naked_fusion\full_eval\epoch_0030_tokenized_distill_epochs200\images\Hayao_103_to_photo.jpg","17031","0.016242","2026/4/5 23:58:33"
"45\45_02_naked_fusion\full_eval\epoch_0030_tokenized_distill_epochs200\images\Hayao_103_to_vangogh.jpg","17734","0.016912","2026/4/5 23:58:33"
"45\45_02_naked_fusion\full_eval\epoch_0030_tokenized_distill_epochs200\images\Hayao_1040_to_cezanne.jpg","17274","0.016474","2026/4/5 23:58:35"
"45\45_02_naked_fusion\full_eval\epoch_0030_tokenized_distill_epochs200\images\Hayao_1040_to_Hayao.jpg","16617","0.015847","2026/4/5 23:58:34"
"45\45_02_naked_fusion\full_eval\epoch_0030_tokenized_distill_epochs200\images\Hayao_1040_to_monet.jpg","17293","0.016492","2026/4/5 23:58:34"
"45\45_02_naked_fusion\full_eval\epoch_0030_tokenized_distill_epochs200\images\Hayao_1040_to_photo.jpg","17221","0.016423","2026/4/5 23:58:34"
"45\45_02_naked_fusion\full_eval\epoch_0030_tokenized_distill_epochs200\images\Hayao_1040_to_vangogh.jpg","16845","0.016065","2026/4/5 23:58:34"
"45\45_02_naked_fusion\full_eval\epoch_0030_tokenized_distill_epochs200\images\Hayao_1041_to_cezanne.jpg","17715","0.016894","2026/4/5 23:58:36"
"45\45_02_naked_fusion\full_eval\epoch_0030_tokenized_distill_epochs200\images\Hayao_1041_to_Hayao.jpg","17446","0.016638","2026/4/5 23:58:35"
"45\45_02_naked_fusion\full_eval\epoch_0030_tokenized_distill_epochs200\images\Hayao_1041_to_monet.jpg","17797","0.016973","2026/4/5 23:58:35"
"45\45_02_naked_fusion\full_eval\epoch_0030_tokenized_distill_epochs200\images\Hayao_1041_to_photo.jpg","17247","0.016448","2026/4/5 23:58:35"
"45\45_02_naked_fusion\full_eval\epoch_0030_tokenized_distill_epochs200\images\Hayao_1041_to_vangogh.jpg","17993","0.017159","2026/4/5 23:58:36"
"45\45_02_naked_fusion\full_eval\epoch_0030_tokenized_distill_epochs200\images\Hayao_1042_to_cezanne.jpg","17014","0.016226","2026/4/5 23:58:33"
"45\45_02_naked_fusion\full_eval\epoch_0030_tokenized_distill_epochs200\images\Hayao_1042_to_Hayao.jpg","16840","0.01606","2026/4/5 23:58:33"
"45\45_02_naked_fusion\full_eval\epoch_0030_tokenized_distill_epochs200\images\Hayao_1042_to_monet.jpg","17137","0.016343","2026/4/5 23:58:33"
"45\45_02_naked_fusion\full_eval\epoch_0030_tokenized_distill_epochs200\images\Hayao_1042_to_photo.jpg","17331","0.016528","2026/4/5 23:58:33"
"45\45_02_naked_fusion\full_eval\epoch_0030_tokenized_distill_epochs200\images\Hayao_1042_to_vangogh.jpg","16966","0.01618","2026/4/5 23:58:33"
"45\45_02_naked_fusion\full_eval\epoch_0030_tokenized_distill_epochs200\images\Hayao_1044_to_cezanne.jpg","16159","0.01541","2026/4/5 23:58:29"
"45\45_02_naked_fusion\full_eval\epoch_0030_tokenized_distill_epochs200\images\Hayao_1044_to_Hayao.jpg","16567","0.0158","2026/4/5 23:58:28"
"45\45_02_naked_fusion\full_eval\epoch_0030_tokenized_distill_epochs200\images\Hayao_1044_to_monet.jpg","16874","0.016092","2026/4/5 23:58:28"
"45\45_02_naked_fusion\full_eval\epoch_0030_tokenized_distill_epochs200\images\Hayao_1044_to_photo.jpg","16485","0.015721","2026/4/5 23:58:28"
"45\45_02_naked_fusion\full_eval\epoch_0030_tokenized_distill_epochs200\images\Hayao_1044_to_vangogh.jpg","17164","0.016369","2026/4/5 23:58:29"
"45\45_02_naked_fusion\full_eval\epoch_0030_tokenized_distill_epochs200\images\Hayao_1049_to_cezanne.jpg","17972","0.017139","2026/4/5 23:58:35"
"45\45_02_naked_fusion\full_eval\epoch_0030_tokenized_distill_epochs200\images\Hayao_1049_to_Hayao.jpg","17382","0.016577","2026/4/5 23:58:34"
"45\45_02_naked_fusion\full_eval\epoch_0030_tokenized_distill_epochs200\images\Hayao_1049_to_monet.jpg","18076","0.017239","2026/4/5 23:58:34"
"45\45_02_naked_fusion\full_eval\epoch_0030_tokenized_distill_epochs200\images\Hayao_1049_to_photo.jpg","18082","0.017244","2026/4/5 23:58:34"
"45\45_02_naked_fusion\full_eval\epoch_0030_tokenized_distill_epochs200\images\Hayao_1049_to_vangogh.jpg","17936","0.017105","2026/4/5 23:58:34"
"45\45_02_naked_fusion\full_eval\epoch_0030_tokenized_distill_epochs200\images\monet_00018_to_cezanne.jpg","15851","0.015117","2026/4/5 23:58:42"
"45\45_02_naked_fusion\full_eval\epoch_0030_tokenized_distill_epochs200\images\monet_00018_to_Hayao.jpg","15785","0.015054","2026/4/5 23:58:41"
"45\45_02_naked_fusion\full_eval\epoch_0030_tokenized_distill_epochs200\images\monet_00018_to_monet.jpg","16319","0.015563","2026/4/5 23:58:41"
"45\45_02_naked_fusion\full_eval\epoch_0030_tokenized_distill_epochs200\images\monet_00018_to_photo.jpg","16979","0.016192","2026/4/5 23:58:41"
"45\45_02_naked_fusion\full_eval\epoch_0030_tokenized_distill_epochs200\images\monet_00018_to_vangogh.jpg","16410","0.01565","2026/4/5 23:58:41"
"45\45_02_naked_fusion\full_eval\epoch_0030_tokenized_distill_epochs200\images\monet_00075_to_cezanne.jpg","17092","0.0163","2026/4/5 23:58:40"
"45\45_02_naked_fusion\full_eval\epoch_0030_tokenized_distill_epochs200\images\monet_00075_to_Hayao.jpg","16471","0.015708","2026/4/5 23:58:40"
"45\45_02_naked_fusion\full_eval\epoch_0030_tokenized_distill_epochs200\images\monet_00075_to_monet.jpg","16977","0.016191","2026/4/5 23:58:40"
"45\45_02_naked_fusion\full_eval\epoch_0030_tokenized_distill_epochs200\images\monet_00075_to_photo.jpg","17057","0.016267","2026/4/5 23:58:40"
"45\45_02_naked_fusion\full_eval\epoch_0030_tokenized_distill_epochs200\images\monet_00075_to_vangogh.jpg","17455","0.016646","2026/4/5 23:58:40"
"45\45_02_naked_fusion\full_eval\epoch_0030_tokenized_distill_epochs200\images\monet_00092_to_cezanne.jpg","16672","0.0159","2026/4/5 23:58:38"
"45\45_02_naked_fusion\full_eval\epoch_0030_tokenized_distill_epochs200\images\monet_00092_to_Hayao.jpg","17224","0.016426","2026/4/5 23:58:37"
"45\45_02_naked_fusion\full_eval\epoch_0030_tokenized_distill_epochs200\images\monet_00092_to_monet.jpg","17449","0.016641","2026/4/5 23:58:38"
"45\45_02_naked_fusion\full_eval\epoch_0030_tokenized_distill_epochs200\images\monet_00092_to_photo.jpg","16941","0.016156","2026/4/5 23:58:37"
"45\45_02_naked_fusion\full_eval\epoch_0030_tokenized_distill_epochs200\images\monet_00092_to_vangogh.jpg","17860","0.017033","2026/4/5 23:58:38"
"45\45_02_naked_fusion\full_eval\epoch_0030_tokenized_distill_epochs200\images\monet_00278_to_cezanne.jpg","17532","0.01672","2026/4/5 23:58:38"
"45\45_02_naked_fusion\full_eval\epoch_0030_tokenized_distill_epochs200\images\monet_00278_to_Hayao.jpg","17506","0.016695","2026/4/5 23:58:37"
"45\45_02_naked_fusion\full_eval\epoch_0030_tokenized_distill_epochs200\images\monet_00278_to_monet.jpg","17897","0.017068","2026/4/5 23:58:38"
"45\45_02_naked_fusion\full_eval\epoch_0030_tokenized_distill_epochs200\images\monet_00278_to_photo.jpg","18076","0.017239","2026/4/5 23:58:37"
"45\45_02_naked_fusion\full_eval\epoch_0030_tokenized_distill_epochs200\images\monet_00278_to_vangogh.jpg","18101","0.017262","2026/4/5 23:58:38"
"45\45_02_naked_fusion\full_eval\epoch_0030_tokenized_distill_epochs200\images\monet_00282_to_cezanne.jpg","17033","0.016244","2026/4/5 23:58:42"
"45\45_02_naked_fusion\full_eval\epoch_0030_tokenized_distill_epochs200\images\monet_00282_to_Hayao.jpg","16531","0.015765","2026/4/5 23:58:41"
"45\45_02_naked_fusion\full_eval\epoch_0030_tokenized_distill_epochs200\images\monet_00282_to_monet.jpg","17664","0.016846","2026/4/5 23:58:41"
"45\45_02_naked_fusion\full_eval\epoch_0030_tokenized_distill_epochs200\images\monet_00282_to_photo.jpg","17892","0.017063","2026/4/5 23:58:41"
"45\45_02_naked_fusion\full_eval\epoch_0030_tokenized_distill_epochs200\images\monet_00282_to_vangogh.jpg","18057","0.01722","2026/4/5 23:58:41"
"45\45_02_naked_fusion\full_eval\epoch_0030_tokenized_distill_epochs200\images\monet_00286_to_cezanne.jpg","17012","0.016224","2026/4/5 23:58:37"
"45\45_02_naked_fusion\full_eval\epoch_0030_tokenized_distill_epochs200\images\monet_00286_to_Hayao.jpg","15983","0.015243","2026/4/5 23:58:36"
"45\45_02_naked_fusion\full_eval\epoch_0030_tokenized_distill_epochs200\images\monet_00286_to_monet.jpg","16778","0.016001","2026/4/5 23:58:36"
"45\45_02_naked_fusion\full_eval\epoch_0030_tokenized_distill_epochs200\images\monet_00286_to_photo.jpg","16760","0.015984","2026/4/5 23:58:36"
"45\45_02_naked_fusion\full_eval\epoch_0030_tokenized_distill_epochs200\images\monet_00286_to_vangogh.jpg","17130","0.016336","2026/4/5 23:58:37"
"45\45_02_naked_fusion\full_eval\epoch_0030_tokenized_distill_epochs200\images\monet_00291_to_cezanne.jpg","16633","0.015862","2026/4/5 23:58:40"
"45\45_02_naked_fusion\full_eval\epoch_0030_tokenized_distill_epochs200\images\monet_00291_to_Hayao.jpg","15907","0.01517","2026/4/5 23:58:40"
"45\45_02_naked_fusion\full_eval\epoch_0030_tokenized_distill_epochs200\images\monet_00291_to_monet.jpg","17031","0.016242","2026/4/5 23:58:40"
"45\45_02_naked_fusion\full_eval\epoch_0030_tokenized_distill_epochs200\images\monet_00291_to_photo.jpg","16744","0.015968","2026/4/5 23:58:40"
"45\45_02_naked_fusion\full_eval\epoch_0030_tokenized_distill_epochs200\images\monet_00291_to_vangogh.jpg","17056","0.016266","2026/4/5 23:58:40"
"45\45_02_naked_fusion\full_eval\epoch_0030_tokenized_distill_epochs200\images\monet_00389_to_cezanne.jpg","15931","0.015193","2026/4/5 23:58:39"
"45\45_02_naked_fusion\full_eval\epoch_0030_tokenized_distill_epochs200\images\monet_00389_to_Hayao.jpg","14956","0.014263","2026/4/5 23:58:39"
"45\45_02_naked_fusion\full_eval\epoch_0030_tokenized_distill_epochs200\images\monet_00389_to_monet.jpg","16214","0.015463","2026/4/5 23:58:39"
"45\45_02_naked_fusion\full_eval\epoch_0030_tokenized_distill_epochs200\images\monet_00389_to_photo.jpg","15585","0.014863","2026/4/5 23:58:38"
"45\45_02_naked_fusion\full_eval\epoch_0030_tokenized_distill_epochs200\images\monet_00389_to_vangogh.jpg","16046","0.015303","2026/4/5 23:58:39"
"45\45_02_naked_fusion\full_eval\epoch_0030_tokenized_distill_epochs200\images\monet_00429_to_cezanne.jpg","17294","0.016493","2026/4/5 23:58:43"
"45\45_02_naked_fusion\full_eval\epoch_0030_tokenized_distill_epochs200\images\monet_00429_to_Hayao.jpg","16413","0.015653","2026/4/5 23:58:42"
"45\45_02_naked_fusion\full_eval\epoch_0030_tokenized_distill_epochs200\images\monet_00429_to_monet.jpg","17705","0.016885","2026/4/5 23:58:42"
"45\45_02_naked_fusion\full_eval\epoch_0030_tokenized_distill_epochs200\images\monet_00429_to_photo.jpg","17101","0.016309","2026/4/5 23:58:42"
"45\45_02_naked_fusion\full_eval\epoch_0030_tokenized_distill_epochs200\images\monet_00429_to_vangogh.jpg","17992","0.017159","2026/4/5 23:58:43"
"45\45_02_naked_fusion\full_eval\epoch_0030_tokenized_distill_epochs200\images\monet_00444_to_cezanne.jpg","17987","0.017154","2026/4/5 23:58:37"
"45\45_02_naked_fusion\full_eval\epoch_0030_tokenized_distill_epochs200\images\monet_00444_to_Hayao.jpg","17596","0.016781","2026/4/5 23:58:36"
"45\45_02_naked_fusion\full_eval\epoch_0030_tokenized_distill_epochs200\images\monet_00444_to_monet.jpg","18369","0.017518","2026/4/5 23:58:36"
"45\45_02_naked_fusion\full_eval\epoch_0030_tokenized_distill_epochs200\images\monet_00444_to_photo.jpg","17937","0.017106","2026/4/5 23:58:36"
"45\45_02_naked_fusion\full_eval\epoch_0030_tokenized_distill_epochs200\images\monet_00444_to_vangogh.jpg","17989","0.017156","2026/4/5 23:58:37"
"45\45_02_naked_fusion\full_eval\epoch_0030_tokenized_distill_epochs200\images\monet_00446_to_cezanne.jpg","17366","0.016562","2026/4/5 23:58:44"
"45\45_02_naked_fusion\full_eval\epoch_0030_tokenized_distill_epochs200\images\monet_00446_to_Hayao.jpg","17443","0.016635","2026/4/5 23:58:43"
"45\45_02_naked_fusion\full_eval\epoch_0030_tokenized_distill_epochs200\images\monet_00446_to_monet.jpg","17788","0.016964","2026/4/5 23:58:43"
"45\45_02_naked_fusion\full_eval\epoch_0030_tokenized_distill_epochs200\images\monet_00446_to_photo.jpg","18018","0.017183","2026/4/5 23:58:43"
"45\45_02_naked_fusion\full_eval\epoch_0030_tokenized_distill_epochs200\images\monet_00446_to_vangogh.jpg","17997","0.017163","2026/4/5 23:58:44"
"45\45_02_naked_fusion\full_eval\epoch_0030_tokenized_distill_epochs200\images\monet_00542_to_cezanne.jpg","16749","0.015973","2026/4/5 23:58:39"
"45\45_02_naked_fusion\full_eval\epoch_0030_tokenized_distill_epochs200\images\monet_00542_to_Hayao.jpg","15499","0.014781","2026/4/5 23:58:39"
"45\45_02_naked_fusion\full_eval\epoch_0030_tokenized_distill_epochs200\images\monet_00542_to_monet.jpg","16626","0.015856","2026/4/5 23:58:39"
"45\45_02_naked_fusion\full_eval\epoch_0030_tokenized_distill_epochs200\images\monet_00542_to_photo.jpg","16648","0.015877","2026/4/5 23:58:38"
"45\45_02_naked_fusion\full_eval\epoch_0030_tokenized_distill_epochs200\images\monet_00542_to_vangogh.jpg","16834","0.016054","2026/4/5 23:58:39"
"45\45_02_naked_fusion\full_eval\epoch_0030_tokenized_distill_epochs200\images\monet_00557_to_cezanne.jpg","17134","0.01634","2026/4/5 23:58:45"
"45\45_02_naked_fusion\full_eval\epoch_0030_tokenized_distill_epochs200\images\monet_00557_to_Hayao.jpg","16723","0.015948","2026/4/5 23:58:44"
"45\45_02_naked_fusion\full_eval\epoch_0030_tokenized_distill_epochs200\images\monet_00557_to_monet.jpg","17271","0.016471","2026/4/5 23:58:45"
"45\45_02_naked_fusion\full_eval\epoch_0030_tokenized_distill_epochs200\images\monet_00557_to_photo.jpg","17041","0.016252","2026/4/5 23:58:44"
"45\45_02_naked_fusion\full_eval\epoch_0030_tokenized_distill_epochs200\images\monet_00557_to_vangogh.jpg","17398","0.016592","2026/4/5 23:58:45"
"45\45_02_naked_fusion\full_eval\epoch_0030_tokenized_distill_epochs200\images\monet_00607_to_cezanne.jpg","17507","0.016696","2026/4/5 23:58:37"
"45\45_02_naked_fusion\full_eval\epoch_0030_tokenized_distill_epochs200\images\monet_00607_to_Hayao.jpg","16655","0.015883","2026/4/5 23:58:36"
"45\45_02_naked_fusion\full_eval\epoch_0030_tokenized_distill_epochs200\images\monet_00607_to_monet.jpg","17576","0.016762","2026/4/5 23:58:36"
"45\45_02_naked_fusion\full_eval\epoch_0030_tokenized_distill_epochs200\images\monet_00607_to_photo.jpg","17346","0.016542","2026/4/5 23:58:36"
"45\45_02_naked_fusion\full_eval\epoch_0030_tokenized_distill_epochs200\images\monet_00607_to_vangogh.jpg","17141","0.016347","2026/4/5 23:58:37"
"45\45_02_naked_fusion\full_eval\epoch_0030_tokenized_distill_epochs200\images\monet_00677_to_cezanne.jpg","17031","0.016242","2026/4/5 23:58:42"
"45\45_02_naked_fusion\full_eval\epoch_0030_tokenized_distill_epochs200\images\monet_00677_to_Hayao.jpg","16557","0.01579","2026/4/5 23:58:41"
"45\45_02_naked_fusion\full_eval\epoch_0030_tokenized_distill_epochs200\images\monet_00677_to_monet.jpg","17198","0.016401","2026/4/5 23:58:41"
"45\45_02_naked_fusion\full_eval\epoch_0030_tokenized_distill_epochs200\images\monet_00677_to_photo.jpg","16857","0.016076","2026/4/5 23:58:41"
"45\45_02_naked_fusion\full_eval\epoch_0030_tokenized_distill_epochs200\images\monet_00677_to_vangogh.jpg","17005","0.016217","2026/4/5 23:58:41"
"45\45_02_naked_fusion\full_eval\epoch_0030_tokenized_distill_epochs200\images\monet_00695_to_cezanne.jpg","18159","0.017318","2026/4/5 23:58:37"
"45\45_02_naked_fusion\full_eval\epoch_0030_tokenized_distill_epochs200\images\monet_00695_to_Hayao.jpg","18081","0.017243","2026/4/5 23:58:36"
"45\45_02_naked_fusion\full_eval\epoch_0030_tokenized_distill_epochs200\images\monet_00695_to_monet.jpg","18664","0.017799","2026/4/5 23:58:36"
"45\45_02_naked_fusion\full_eval\epoch_0030_tokenized_distill_epochs200\images\monet_00695_to_photo.jpg","18359","0.017509","2026/4/5 23:58:36"
"45\45_02_naked_fusion\full_eval\epoch_0030_tokenized_distill_epochs200\images\monet_00695_to_vangogh.jpg","18660","0.017796","2026/4/5 23:58:37"
"45\45_02_naked_fusion\full_eval\epoch_0030_tokenized_distill_epochs200\images\monet_00756_to_cezanne.jpg","17497","0.016686","2026/4/5 23:58:38"
"45\45_02_naked_fusion\full_eval\epoch_0030_tokenized_distill_epochs200\images\monet_00756_to_Hayao.jpg","16159","0.01541","2026/4/5 23:58:37"
"45\45_02_naked_fusion\full_eval\epoch_0030_tokenized_distill_epochs200\images\monet_00756_to_monet.jpg","17462","0.016653","2026/4/5 23:58:38"
"45\45_02_naked_fusion\full_eval\epoch_0030_tokenized_distill_epochs200\images\monet_00756_to_photo.jpg","17411","0.016604","2026/4/5 23:58:37"
"45\45_02_naked_fusion\full_eval\epoch_0030_tokenized_distill_epochs200\images\monet_00756_to_vangogh.jpg","17619","0.016803","2026/4/5 23:58:38"
"45\45_02_naked_fusion\full_eval\epoch_0030_tokenized_distill_epochs200\images\monet_00776_to_cezanne.jpg","16784","0.016006","2026/4/5 23:58:44"
"45\45_02_naked_fusion\full_eval\epoch_0030_tokenized_distill_epochs200\images\monet_00776_to_Hayao.jpg","16529","0.015763","2026/4/5 23:58:43"
"45\45_02_naked_fusion\full_eval\epoch_0030_tokenized_distill_epochs200\images\monet_00776_to_monet.jpg","16346","0.015589","2026/4/5 23:58:43"
"45\45_02_naked_fusion\full_eval\epoch_0030_tokenized_distill_epochs200\images\monet_00776_to_photo.jpg","16710","0.015936","2026/4/5 23:58:43"
"45\45_02_naked_fusion\full_eval\epoch_0030_tokenized_distill_epochs200\images\monet_00776_to_vangogh.jpg","17412","0.016605","2026/4/5 23:58:44"
"45\45_02_naked_fusion\full_eval\epoch_0030_tokenized_distill_epochs200\images\monet_00786_to_cezanne.jpg","17978","0.017145","2026/4/5 23:58:39"
"45\45_02_naked_fusion\full_eval\epoch_0030_tokenized_distill_epochs200\images\monet_00786_to_Hayao.jpg","17331","0.016528","2026/4/5 23:58:39"
"45\45_02_naked_fusion\full_eval\epoch_0030_tokenized_distill_epochs200\images\monet_00786_to_monet.jpg","18103","0.017264","2026/4/5 23:58:39"
"45\45_02_naked_fusion\full_eval\epoch_0030_tokenized_distill_epochs200\images\monet_00786_to_photo.jpg","17897","0.017068","2026/4/5 23:58:38"
"45\45_02_naked_fusion\full_eval\epoch_0030_tokenized_distill_epochs200\images\monet_00786_to_vangogh.jpg","18138","0.017298","2026/4/5 23:58:39"
"45\45_02_naked_fusion\full_eval\epoch_0030_tokenized_distill_epochs200\images\monet_00789_to_cezanne.jpg","18101","0.017262","2026/4/5 23:58:44"
"45\45_02_naked_fusion\full_eval\epoch_0030_tokenized_distill_epochs200\images\monet_00789_to_Hayao.jpg","17174","0.016378","2026/4/5 23:58:43"
"45\45_02_naked_fusion\full_eval\epoch_0030_tokenized_distill_epochs200\images\monet_00789_to_monet.jpg","18322","0.017473","2026/4/5 23:58:43"
"45\45_02_naked_fusion\full_eval\epoch_0030_tokenized_distill_epochs200\images\monet_00789_to_photo.jpg","17794","0.01697","2026/4/5 23:58:43"
"45\45_02_naked_fusion\full_eval\epoch_0030_tokenized_distill_epochs200\images\monet_00789_to_vangogh.jpg","18036","0.0172","2026/4/5 23:58:44"
"45\45_02_naked_fusion\full_eval\epoch_0030_tokenized_distill_epochs200\images\monet_00812_to_cezanne.jpg","17472","0.016663","2026/4/5 23:58:39"
"45\45_02_naked_fusion\full_eval\epoch_0030_tokenized_distill_epochs200\images\monet_00812_to_Hayao.jpg","17234","0.016436","2026/4/5 23:58:39"
"45\45_02_naked_fusion\full_eval\epoch_0030_tokenized_distill_epochs200\images\monet_00812_to_monet.jpg","17825","0.016999","2026/4/5 23:58:39"
"45\45_02_naked_fusion\full_eval\epoch_0030_tokenized_distill_epochs200\images\monet_00812_to_photo.jpg","17867","0.017039","2026/4/5 23:58:38"
"45\45_02_naked_fusion\full_eval\epoch_0030_tokenized_distill_epochs200\images\monet_00812_to_vangogh.jpg","18053","0.017217","2026/4/5 23:58:39"
"45\45_02_naked_fusion\full_eval\epoch_0030_tokenized_distill_epochs200\images\monet_00928_to_cezanne.jpg","18117","0.017278","2026/4/5 23:58:43"
"45\45_02_naked_fusion\full_eval\epoch_0030_tokenized_distill_epochs200\images\monet_00928_to_Hayao.jpg","17483","0.016673","2026/4/5 23:58:42"
"45\45_02_naked_fusion\full_eval\epoch_0030_tokenized_distill_epochs200\images\monet_00928_to_monet.jpg","17519","0.016707","2026/4/5 23:58:42"
"45\45_02_naked_fusion\full_eval\epoch_0030_tokenized_distill_epochs200\images\monet_00928_to_photo.jpg","18110","0.017271","2026/4/5 23:58:42"
"45\45_02_naked_fusion\full_eval\epoch_0030_tokenized_distill_epochs200\images\monet_00928_to_vangogh.jpg","17797","0.016973","2026/4/5 23:58:43"
"45\45_02_naked_fusion\full_eval\epoch_0030_tokenized_distill_epochs200\images\monet_00959_to_cezanne.jpg","16778","0.016001","2026/4/5 23:58:42"
"45\45_02_naked_fusion\full_eval\epoch_0030_tokenized_distill_epochs200\images\monet_00959_to_Hayao.jpg","15725","0.014997","2026/4/5 23:58:41"
"45\45_02_naked_fusion\full_eval\epoch_0030_tokenized_distill_epochs200\images\monet_00959_to_monet.jpg","17043","0.016253","2026/4/5 23:58:41"
"45\45_02_naked_fusion\full_eval\epoch_0030_tokenized_distill_epochs200\images\monet_00959_to_photo.jpg","17024","0.016235","2026/4/5 23:58:41"
"45\45_02_naked_fusion\full_eval\epoch_0030_tokenized_distill_epochs200\images\monet_00959_to_vangogh.jpg","17399","0.016593","2026/4/5 23:58:41"
"45\45_02_naked_fusion\full_eval\epoch_0030_tokenized_distill_epochs200\images\monet_01039_to_cezanne.jpg","16917","0.016133","2026/4/5 23:58:40"
"45\45_02_naked_fusion\full_eval\epoch_0030_tokenized_distill_epochs200\images\monet_01039_to_Hayao.jpg","17109","0.016316","2026/4/5 23:58:40"
"45\45_02_naked_fusion\full_eval\epoch_0030_tokenized_distill_epochs200\images\monet_01039_to_monet.jpg","17345","0.016541","2026/4/5 23:58:40"
"45\45_02_naked_fusion\full_eval\epoch_0030_tokenized_distill_epochs200\images\monet_01039_to_photo.jpg","17495","0.016685","2026/4/5 23:58:40"
"45\45_02_naked_fusion\full_eval\epoch_0030_tokenized_distill_epochs200\images\monet_01039_to_vangogh.jpg","17913","0.017083","2026/4/5 23:58:40"
"45\45_02_naked_fusion\full_eval\epoch_0030_tokenized_distill_epochs200\images\monet_01059_to_cezanne.jpg","17091","0.016299","2026/4/5 23:58:40"
"45\45_02_naked_fusion\full_eval\epoch_0030_tokenized_distill_epochs200\images\monet_01059_to_Hayao.jpg","17233","0.016435","2026/4/5 23:58:40"
"45\45_02_naked_fusion\full_eval\epoch_0030_tokenized_distill_epochs200\images\monet_01059_to_monet.jpg","17360","0.016556","2026/4/5 23:58:40"
"45\45_02_naked_fusion\full_eval\epoch_0030_tokenized_distill_epochs200\images\monet_01059_to_photo.jpg","17590","0.016775","2026/4/5 23:58:40"
"45\45_02_naked_fusion\full_eval\epoch_0030_tokenized_distill_epochs200\images\monet_01059_to_vangogh.jpg","17918","0.017088","2026/4/5 23:58:40"
"45\45_02_naked_fusion\full_eval\epoch_0030_tokenized_distill_epochs200\images\monet_01127_to_cezanne.jpg","16823","0.016044","2026/4/5 23:58:44"
"45\45_02_naked_fusion\full_eval\epoch_0030_tokenized_distill_epochs200\images\monet_01127_to_Hayao.jpg","15420","0.014706","2026/4/5 23:58:43"
"45\45_02_naked_fusion\full_eval\epoch_0030_tokenized_distill_epochs200\images\monet_01127_to_monet.jpg","17162","0.016367","2026/4/5 23:58:43"
"45\45_02_naked_fusion\full_eval\epoch_0030_tokenized_distill_epochs200\images\monet_01127_to_photo.jpg","17199","0.016402","2026/4/5 23:58:43"
"45\45_02_naked_fusion\full_eval\epoch_0030_tokenized_distill_epochs200\images\monet_01127_to_vangogh.jpg","17203","0.016406","2026/4/5 23:58:44"
"45\45_02_naked_fusion\full_eval\epoch_0030_tokenized_distill_epochs200\images\monet_01151_to_cezanne.jpg","17543","0.01673","2026/4/5 23:58:45"
"45\45_02_naked_fusion\full_eval\epoch_0030_tokenized_distill_epochs200\images\monet_01151_to_Hayao.jpg","17990","0.017157","2026/4/5 23:58:44"
"45\45_02_naked_fusion\full_eval\epoch_0030_tokenized_distill_epochs200\images\monet_01151_to_monet.jpg","18053","0.017217","2026/4/5 23:58:45"
"45\45_02_naked_fusion\full_eval\epoch_0030_tokenized_distill_epochs200\images\monet_01151_to_photo.jpg","18327","0.017478","2026/4/5 23:58:44"
"45\45_02_naked_fusion\full_eval\epoch_0030_tokenized_distill_epochs200\images\monet_01151_to_vangogh.jpg","17897","0.017068","2026/4/5 23:58:45"
"45\45_02_naked_fusion\full_eval\epoch_0030_tokenized_distill_epochs200\images\monet_01155_to_cezanne.jpg","17607","0.016791","2026/4/5 23:58:43"
"45\45_02_naked_fusion\full_eval\epoch_0030_tokenized_distill_epochs200\images\monet_01155_to_Hayao.jpg","17145","0.016351","2026/4/5 23:58:42"
"45\45_02_naked_fusion\full_eval\epoch_0030_tokenized_distill_epochs200\images\monet_01155_to_monet.jpg","17815","0.01699","2026/4/5 23:58:42"
"45\45_02_naked_fusion\full_eval\epoch_0030_tokenized_distill_epochs200\images\monet_01155_to_photo.jpg","17611","0.016795","2026/4/5 23:58:42"
"45\45_02_naked_fusion\full_eval\epoch_0030_tokenized_distill_epochs200\images\monet_01155_to_vangogh.jpg","18101","0.017262","2026/4/5 23:58:43"
"45\45_02_naked_fusion\full_eval\epoch_0030_tokenized_distill_epochs200\images\monet_01208_to_cezanne.jpg","17968","0.017136","2026/4/5 23:58:38"
"45\45_02_naked_fusion\full_eval\epoch_0030_tokenized_distill_epochs200\images\monet_01208_to_Hayao.jpg","17761","0.016938","2026/4/5 23:58:37"
"45\45_02_naked_fusion\full_eval\epoch_0030_tokenized_distill_epochs200\images\monet_01208_to_monet.jpg","18012","0.017178","2026/4/5 23:58:38"
"45\45_02_naked_fusion\full_eval\epoch_0030_tokenized_distill_epochs200\images\monet_01208_to_photo.jpg","18327","0.017478","2026/4/5 23:58:37"
"45\45_02_naked_fusion\full_eval\epoch_0030_tokenized_distill_epochs200\images\monet_01208_to_vangogh.jpg","17748","0.016926","2026/4/5 23:58:38"
"45\45_02_naked_fusion\full_eval\epoch_0030_tokenized_distill_epochs200\images\monet_01326_to_cezanne.jpg","16973","0.016187","2026/4/5 23:58:43"
"45\45_02_naked_fusion\full_eval\epoch_0030_tokenized_distill_epochs200\images\monet_01326_to_Hayao.jpg","16533","0.015767","2026/4/5 23:58:42"
"45\45_02_naked_fusion\full_eval\epoch_0030_tokenized_distill_epochs200\images\monet_01326_to_monet.jpg","16995","0.016208","2026/4/5 23:58:42"
"45\45_02_naked_fusion\full_eval\epoch_0030_tokenized_distill_epochs200\images\monet_01326_to_photo.jpg","17471","0.016662","2026/4/5 23:58:42"
"45\45_02_naked_fusion\full_eval\epoch_0030_tokenized_distill_epochs200\images\monet_01326_to_vangogh.jpg","17446","0.016638","2026/4/5 23:58:43"
"45\45_02_naked_fusion\full_eval\epoch_0030_tokenized_distill_epochs200\images\photo_2013-11-08 16_45_24_to_cezanne.jpg","17196","0.016399","2026/4/5 23:58:24"
"45\45_02_naked_fusion\full_eval\epoch_0030_tokenized_distill_epochs200\images\photo_2013-11-08 16_45_24_to_Hayao.jpg","16759","0.015983","2026/4/5 23:58:23"
"45\45_02_naked_fusion\full_eval\epoch_0030_tokenized_distill_epochs200\images\photo_2013-11-08 16_45_24_to_monet.jpg","16994","0.016207","2026/4/5 23:58:24"
"45\45_02_naked_fusion\full_eval\epoch_0030_tokenized_distill_epochs200\images\photo_2013-11-08 16_45_24_to_photo.jpg","17220","0.016422","2026/4/5 23:58:23"
"45\45_02_naked_fusion\full_eval\epoch_0030_tokenized_distill_epochs200\images\photo_2013-11-08 16_45_24_to_vangogh.jpg","15792","0.01506","2026/4/5 23:58:24"
"45\45_02_naked_fusion\full_eval\epoch_0030_tokenized_distill_epochs200\images\photo_2013-11-10 12_45_41_to_cezanne.jpg","14601","0.013925","2026/4/5 23:58:23"
"45\45_02_naked_fusion\full_eval\epoch_0030_tokenized_distill_epochs200\images\photo_2013-11-10 12_45_41_to_Hayao.jpg","14830","0.014143","2026/4/5 23:58:22"
"45\45_02_naked_fusion\full_eval\epoch_0030_tokenized_distill_epochs200\images\photo_2013-11-10 12_45_41_to_monet.jpg","14700","0.014019","2026/4/5 23:58:22"
"45\45_02_naked_fusion\full_eval\epoch_0030_tokenized_distill_epochs200\images\photo_2013-11-10 12_45_41_to_photo.jpg","14505","0.013833","2026/4/5 23:58:22"
"45\45_02_naked_fusion\full_eval\epoch_0030_tokenized_distill_epochs200\images\photo_2013-11-10 12_45_41_to_vangogh.jpg","16145","0.015397","2026/4/5 23:58:23"
"45\45_02_naked_fusion\full_eval\epoch_0030_tokenized_distill_epochs200\images\photo_2013-11-10 19_30_53_to_cezanne.jpg","17787","0.016963","2026/4/5 23:58:21"
"45\45_02_naked_fusion\full_eval\epoch_0030_tokenized_distill_epochs200\images\photo_2013-11-10 19_30_53_to_Hayao.jpg","17162","0.016367","2026/4/5 23:58:20"
"45\45_02_naked_fusion\full_eval\epoch_0030_tokenized_distill_epochs200\images\photo_2013-11-10 19_30_53_to_monet.jpg","18075","0.017238","2026/4/5 23:58:20"
"45\45_02_naked_fusion\full_eval\epoch_0030_tokenized_distill_epochs200\images\photo_2013-11-10 19_30_53_to_photo.jpg","18154","0.017313","2026/4/5 23:58:20"
"45\45_02_naked_fusion\full_eval\epoch_0030_tokenized_distill_epochs200\images\photo_2013-11-10 19_30_53_to_vangogh.jpg","17788","0.016964","2026/4/5 23:58:20"
"45\45_02_naked_fusion\full_eval\epoch_0030_tokenized_distill_epochs200\images\photo_2013-11-11 22_03_00_to_cezanne.jpg","17257","0.016458","2026/4/5 23:58:21"
"45\45_02_naked_fusion\full_eval\epoch_0030_tokenized_distill_epochs200\images\photo_2013-11-11 22_03_00_to_Hayao.jpg","17206","0.016409","2026/4/5 23:58:20"
"45\45_02_naked_fusion\full_eval\epoch_0030_tokenized_distill_epochs200\images\photo_2013-11-11 22_03_00_to_monet.jpg","17785","0.016961","2026/4/5 23:58:20"
"45\45_02_naked_fusion\full_eval\epoch_0030_tokenized_distill_epochs200\images\photo_2013-11-11 22_03_00_to_photo.jpg","17438","0.01663","2026/4/5 23:58:20"
"45\45_02_naked_fusion\full_eval\epoch_0030_tokenized_distill_epochs200\images\photo_2013-11-11 22_03_00_to_vangogh.jpg","18019","0.017184","2026/4/5 23:58:20"
"45\45_02_naked_fusion\full_eval\epoch_0030_tokenized_distill_epochs200\images\photo_2013-11-12 01_54_20_to_cezanne.jpg","17207","0.01641","2026/4/5 23:58:24"
"45\45_02_naked_fusion\full_eval\epoch_0030_tokenized_distill_epochs200\images\photo_2013-11-12 01_54_20_to_Hayao.jpg","16257","0.015504","2026/4/5 23:58:23"
"45\45_02_naked_fusion\full_eval\epoch_0030_tokenized_distill_epochs200\images\photo_2013-11-12 01_54_20_to_monet.jpg","16948","0.016163","2026/4/5 23:58:24"
"45\45_02_naked_fusion\full_eval\epoch_0030_tokenized_distill_epochs200\images\photo_2013-11-12 01_54_20_to_photo.jpg","16518","0.015753","2026/4/5 23:58:23"
"45\45_02_naked_fusion\full_eval\epoch_0030_tokenized_distill_epochs200\images\photo_2013-11-12 01_54_20_to_vangogh.jpg","16854","0.016073","2026/4/5 23:58:24"
"45\45_02_naked_fusion\full_eval\epoch_0030_tokenized_distill_epochs200\images\photo_2013-11-12 10_29_19_to_cezanne.jpg","17116","0.016323","2026/4/5 23:58:19"
"45\45_02_naked_fusion\full_eval\epoch_0030_tokenized_distill_epochs200\images\photo_2013-11-12 10_29_19_to_Hayao.jpg","16644","0.015873","2026/4/5 23:58:19"
"45\45_02_naked_fusion\full_eval\epoch_0030_tokenized_distill_epochs200\images\photo_2013-11-12 10_29_19_to_monet.jpg","17498","0.016687","2026/4/5 23:58:19"
"45\45_02_naked_fusion\full_eval\epoch_0030_tokenized_distill_epochs200\images\photo_2013-11-12 10_29_19_to_photo.jpg","17098","0.016306","2026/4/5 23:58:19"
"45\45_02_naked_fusion\full_eval\epoch_0030_tokenized_distill_epochs200\images\photo_2013-11-12 10_29_19_to_vangogh.jpg","17713","0.016892","2026/4/5 23:58:19"
"45\45_02_naked_fusion\full_eval\epoch_0030_tokenized_distill_epochs200\images\photo_2013-11-12 16_58_40_to_cezanne.jpg","16413","0.015653","2026/4/5 23:58:23"
"45\45_02_naked_fusion\full_eval\epoch_0030_tokenized_distill_epochs200\images\photo_2013-11-12 16_58_40_to_Hayao.jpg","15803","0.015071","2026/4/5 23:58:22"
"45\45_02_naked_fusion\full_eval\epoch_0030_tokenized_distill_epochs200\images\photo_2013-11-12 16_58_40_to_monet.jpg","16273","0.015519","2026/4/5 23:58:22"
"45\45_02_naked_fusion\full_eval\epoch_0030_tokenized_distill_epochs200\images\photo_2013-11-12 16_58_40_to_photo.jpg","16193","0.015443","2026/4/5 23:58:22"
"45\45_02_naked_fusion\full_eval\epoch_0030_tokenized_distill_epochs200\images\photo_2013-11-12 16_58_40_to_vangogh.jpg","16196","0.015446","2026/4/5 23:58:23"
"45\45_02_naked_fusion\full_eval\epoch_0030_tokenized_distill_epochs200\images\photo_2013-11-14 07_04_51_to_cezanne.jpg","16486","0.015722","2026/4/5 23:58:22"
"45\45_02_naked_fusion\full_eval\epoch_0030_tokenized_distill_epochs200\images\photo_2013-11-14 07_04_51_to_Hayao.jpg","16168","0.015419","2026/4/5 23:58:21"
"45\45_02_naked_fusion\full_eval\epoch_0030_tokenized_distill_epochs200\images\photo_2013-11-14 07_04_51_to_monet.jpg","16823","0.016044","2026/4/5 23:58:21"
"45\45_02_naked_fusion\full_eval\epoch_0030_tokenized_distill_epochs200\images\photo_2013-11-14 07_04_51_to_photo.jpg","17226","0.016428","2026/4/5 23:58:21"
"45\45_02_naked_fusion\full_eval\epoch_0030_tokenized_distill_epochs200\images\photo_2013-11-14 07_04_51_to_vangogh.jpg","16454","0.015692","2026/4/5 23:58:22"
"45\45_02_naked_fusion\full_eval\epoch_0030_tokenized_distill_epochs200\images\photo_2013-11-14 14_11_02_to_cezanne.jpg","17836","0.01701","2026/4/5 23:58:25"
"45\45_02_naked_fusion\full_eval\epoch_0030_tokenized_distill_epochs200\images\photo_2013-11-14 14_11_02_to_Hayao.jpg","17871","0.017043","2026/4/5 23:58:25"
"45\45_02_naked_fusion\full_eval\epoch_0030_tokenized_distill_epochs200\images\photo_2013-11-14 14_11_02_to_monet.jpg","17802","0.016977","2026/4/5 23:58:25"
"45\45_02_naked_fusion\full_eval\epoch_0030_tokenized_distill_epochs200\images\photo_2013-11-14 14_11_02_to_photo.jpg","18192","0.017349","2026/4/5 23:58:24"
"45\45_02_naked_fusion\full_eval\epoch_0030_tokenized_distill_epochs200\images\photo_2013-11-14 14_11_02_to_vangogh.jpg","18343","0.017493","2026/4/5 23:58:25"
"45\45_02_naked_fusion\full_eval\epoch_0030_tokenized_distill_epochs200\images\photo_2013-11-16 04_17_00_to_cezanne.jpg","15944","0.015205","2026/4/5 23:58:19"
"45\45_02_naked_fusion\full_eval\epoch_0030_tokenized_distill_epochs200\images\photo_2013-11-16 04_17_00_to_Hayao.jpg","16721","0.015946","2026/4/5 23:58:19"
"45\45_02_naked_fusion\full_eval\epoch_0030_tokenized_distill_epochs200\images\photo_2013-11-16 04_17_00_to_monet.jpg","16691","0.015918","2026/4/5 23:58:19"
"45\45_02_naked_fusion\full_eval\epoch_0030_tokenized_distill_epochs200\images\photo_2013-11-16 04_17_00_to_photo.jpg","16149","0.015401","2026/4/5 23:58:19"
"45\45_02_naked_fusion\full_eval\epoch_0030_tokenized_distill_epochs200\images\photo_2013-11-16 04_17_00_to_vangogh.jpg","16293","0.015538","2026/4/5 23:58:19"
"45\45_02_naked_fusion\full_eval\epoch_0030_tokenized_distill_epochs200\images\photo_2013-11-17 09_05_09_to_cezanne.jpg","16367","0.015609","2026/4/5 23:58:26"
"45\45_02_naked_fusion\full_eval\epoch_0030_tokenized_distill_epochs200\images\photo_2013-11-17 09_05_09_to_Hayao.jpg","15852","0.015118","2026/4/5 23:58:26"
"45\45_02_naked_fusion\full_eval\epoch_0030_tokenized_distill_epochs200\images\photo_2013-11-17 09_05_09_to_monet.jpg","16044","0.015301","2026/4/5 23:58:26"
"45\45_02_naked_fusion\full_eval\epoch_0030_tokenized_distill_epochs200\images\photo_2013-11-17 09_05_09_to_photo.jpg","16367","0.015609","2026/4/5 23:58:26"
"45\45_02_naked_fusion\full_eval\epoch_0030_tokenized_distill_epochs200\images\photo_2013-11-17 09_05_09_to_vangogh.jpg","16805","0.016026","2026/4/5 23:58:26"
"45\45_02_naked_fusion\full_eval\epoch_0030_tokenized_distill_epochs200\images\photo_2013-11-17 14_54_20_to_cezanne.jpg","16804","0.016026","2026/4/5 23:58:22"
"45\45_02_naked_fusion\full_eval\epoch_0030_tokenized_distill_epochs200\images\photo_2013-11-17 14_54_20_to_Hayao.jpg","16138","0.01539","2026/4/5 23:58:21"
"45\45_02_naked_fusion\full_eval\epoch_0030_tokenized_distill_epochs200\images\photo_2013-11-17 14_54_20_to_monet.jpg","16809","0.01603","2026/4/5 23:58:21"
"45\45_02_naked_fusion\full_eval\epoch_0030_tokenized_distill_epochs200\images\photo_2013-11-17 14_54_20_to_photo.jpg","16631","0.015861","2026/4/5 23:58:21"
"45\45_02_naked_fusion\full_eval\epoch_0030_tokenized_distill_epochs200\images\photo_2013-11-17 14_54_20_to_vangogh.jpg","16840","0.01606","2026/4/5 23:58:22"
"45\45_02_naked_fusion\full_eval\epoch_0030_tokenized_distill_epochs200\images\photo_2013-11-17 16_40_10_to_cezanne.jpg","16402","0.015642","2026/4/5 23:58:28"
"45\45_02_naked_fusion\full_eval\epoch_0030_tokenized_distill_epochs200\images\photo_2013-11-17 16_40_10_to_Hayao.jpg","15886","0.01515","2026/4/5 23:58:27"
"45\45_02_naked_fusion\full_eval\epoch_0030_tokenized_distill_epochs200\images\photo_2013-11-17 16_40_10_to_monet.jpg","16340","0.015583","2026/4/5 23:58:27"
"45\45_02_naked_fusion\full_eval\epoch_0030_tokenized_distill_epochs200\images\photo_2013-11-17 16_40_10_to_photo.jpg","15903","0.015166","2026/4/5 23:58:27"
"45\45_02_naked_fusion\full_eval\epoch_0030_tokenized_distill_epochs200\images\photo_2013-11-17 16_40_10_to_vangogh.jpg","17064","0.016273","2026/4/5 23:58:27"
"45\45_02_naked_fusion\full_eval\epoch_0030_tokenized_distill_epochs200\images\photo_2013-11-17 17_36_09_to_cezanne.jpg","17797","0.016973","2026/4/5 23:58:19"
"45\45_02_naked_fusion\full_eval\epoch_0030_tokenized_distill_epochs200\images\photo_2013-11-17 17_36_09_to_Hayao.jpg","16806","0.016027","2026/4/5 23:58:19"
"45\45_02_naked_fusion\full_eval\epoch_0030_tokenized_distill_epochs200\images\photo_2013-11-17 17_36_09_to_monet.jpg","17601","0.016786","2026/4/5 23:58:19"
"45\45_02_naked_fusion\full_eval\epoch_0030_tokenized_distill_epochs200\images\photo_2013-11-17 17_36_09_to_photo.jpg","17366","0.016562","2026/4/5 23:58:19"
"45\45_02_naked_fusion\full_eval\epoch_0030_tokenized_distill_epochs200\images\photo_2013-11-17 17_36_09_to_vangogh.jpg","17769","0.016946","2026/4/5 23:58:19"
"45\45_02_naked_fusion\full_eval\epoch_0030_tokenized_distill_epochs200\images\photo_2013-11-17 18_08_26_to_cezanne.jpg","16881","0.016099","2026/4/5 23:58:24"
"45\45_02_naked_fusion\full_eval\epoch_0030_tokenized_distill_epochs200\images\photo_2013-11-17 18_08_26_to_Hayao.jpg","17307","0.016505","2026/4/5 23:58:23"
"45\45_02_naked_fusion\full_eval\epoch_0030_tokenized_distill_epochs200\images\photo_2013-11-17 18_08_26_to_monet.jpg","17068","0.016277","2026/4/5 23:58:24"
"45\45_02_naked_fusion\full_eval\epoch_0030_tokenized_distill_epochs200\images\photo_2013-11-17 18_08_26_to_photo.jpg","16497","0.015733","2026/4/5 23:58:23"
"45\45_02_naked_fusion\full_eval\epoch_0030_tokenized_distill_epochs200\images\photo_2013-11-17 18_08_26_to_vangogh.jpg","17764","0.016941","2026/4/5 23:58:24"
"45\45_02_naked_fusion\full_eval\epoch_0030_tokenized_distill_epochs200\images\photo_2013-11-17 23_58_45_to_cezanne.jpg","17050","0.01626","2026/4/5 23:58:19"
"45\45_02_naked_fusion\full_eval\epoch_0030_tokenized_distill_epochs200\images\photo_2013-11-17 23_58_45_to_Hayao.jpg","16540","0.015774","2026/4/5 23:58:19"
"45\45_02_naked_fusion\full_eval\epoch_0030_tokenized_distill_epochs200\images\photo_2013-11-17 23_58_45_to_monet.jpg","17361","0.016557","2026/4/5 23:58:19"
"45\45_02_naked_fusion\full_eval\epoch_0030_tokenized_distill_epochs200\images\photo_2013-11-17 23_58_45_to_photo.jpg","16944","0.016159","2026/4/5 23:58:19"
"45\45_02_naked_fusion\full_eval\epoch_0030_tokenized_distill_epochs200\images\photo_2013-11-17 23_58_45_to_vangogh.jpg","17831","0.017005","2026/4/5 23:58:19"
"45\45_02_naked_fusion\full_eval\epoch_0030_tokenized_distill_epochs200\images\photo_2013-11-18 02_42_31_to_cezanne.jpg","18149","0.017308","2026/4/5 23:58:21"
"45\45_02_naked_fusion\full_eval\epoch_0030_tokenized_distill_epochs200\images\photo_2013-11-18 02_42_31_to_Hayao.jpg","17422","0.016615","2026/4/5 23:58:20"
"45\45_02_naked_fusion\full_eval\epoch_0030_tokenized_distill_epochs200\images\photo_2013-11-18 02_42_31_to_monet.jpg","18129","0.017289","2026/4/5 23:58:20"
"45\45_02_naked_fusion\full_eval\epoch_0030_tokenized_distill_epochs200\images\photo_2013-11-18 02_42_31_to_photo.jpg","17927","0.017097","2026/4/5 23:58:20"
"45\45_02_naked_fusion\full_eval\epoch_0030_tokenized_distill_epochs200\images\photo_2013-11-18 02_42_31_to_vangogh.jpg","17972","0.017139","2026/4/5 23:58:20"
"45\45_02_naked_fusion\full_eval\epoch_0030_tokenized_distill_epochs200\images\photo_2013-11-18 06_58_36_to_cezanne.jpg","16393","0.015634","2026/4/5 23:58:26"
"45\45_02_naked_fusion\full_eval\epoch_0030_tokenized_distill_epochs200\images\photo_2013-11-18 06_58_36_to_Hayao.jpg","16650","0.015879","2026/4/5 23:58:26"
"45\45_02_naked_fusion\full_eval\epoch_0030_tokenized_distill_epochs200\images\photo_2013-11-18 06_58_36_to_monet.jpg","16737","0.015962","2026/4/5 23:58:26"
"45\45_02_naked_fusion\full_eval\epoch_0030_tokenized_distill_epochs200\images\photo_2013-11-18 06_58_36_to_photo.jpg","16837","0.016057","2026/4/5 23:58:26"
"45\45_02_naked_fusion\full_eval\epoch_0030_tokenized_distill_epochs200\images\photo_2013-11-18 06_58_36_to_vangogh.jpg","17064","0.016273","2026/4/5 23:58:26"
"45\45_02_naked_fusion\full_eval\epoch_0030_tokenized_distill_epochs200\images\photo_2013-11-18 08_52_05_to_cezanne.jpg","17334","0.016531","2026/4/5 23:58:22"
"45\45_02_naked_fusion\full_eval\epoch_0030_tokenized_distill_epochs200\images\photo_2013-11-18 08_52_05_to_Hayao.jpg","17116","0.016323","2026/4/5 23:58:21"
"45\45_02_naked_fusion\full_eval\epoch_0030_tokenized_distill_epochs200\images\photo_2013-11-18 08_52_05_to_monet.jpg","17527","0.016715","2026/4/5 23:58:21"
"45\45_02_naked_fusion\full_eval\epoch_0030_tokenized_distill_epochs200\images\photo_2013-11-18 08_52_05_to_photo.jpg","17622","0.016806","2026/4/5 23:58:21"
"45\45_02_naked_fusion\full_eval\epoch_0030_tokenized_distill_epochs200\images\photo_2013-11-18 08_52_05_to_vangogh.jpg","18184","0.017342","2026/4/5 23:58:22"
"45\45_02_naked_fusion\full_eval\epoch_0030_tokenized_distill_epochs200\images\photo_2013-11-18 11_46_45_to_cezanne.jpg","15055","0.014358","2026/4/5 23:58:26"
"45\45_02_naked_fusion\full_eval\epoch_0030_tokenized_distill_epochs200\images\photo_2013-11-18 11_46_45_to_Hayao.jpg","14614","0.013937","2026/4/5 23:58:26"
"45\45_02_naked_fusion\full_eval\epoch_0030_tokenized_distill_epochs200\images\photo_2013-11-18 11_46_45_to_monet.jpg","15426","0.014711","2026/4/5 23:58:26"
"45\45_02_naked_fusion\full_eval\epoch_0030_tokenized_distill_epochs200\images\photo_2013-11-18 11_46_45_to_photo.jpg","15340","0.014629","2026/4/5 23:58:26"
"45\45_02_naked_fusion\full_eval\epoch_0030_tokenized_distill_epochs200\images\photo_2013-11-18 11_46_45_to_vangogh.jpg","15826","0.015093","2026/4/5 23:58:26"
"45\45_02_naked_fusion\full_eval\epoch_0030_tokenized_distill_epochs200\images\photo_2013-11-19 00_58_04_to_cezanne.jpg","17100","0.016308","2026/4/5 23:58:22"
"45\45_02_naked_fusion\full_eval\epoch_0030_tokenized_distill_epochs200\images\photo_2013-11-19 00_58_04_to_Hayao.jpg","16582","0.015814","2026/4/5 23:58:21"
"45\45_02_naked_fusion\full_eval\epoch_0030_tokenized_distill_epochs200\images\photo_2013-11-19 00_58_04_to_monet.jpg","17064","0.016273","2026/4/5 23:58:21"
"45\45_02_naked_fusion\full_eval\epoch_0030_tokenized_distill_epochs200\images\photo_2013-11-19 00_58_04_to_photo.jpg","16649","0.015878","2026/4/5 23:58:21"
"45\45_02_naked_fusion\full_eval\epoch_0030_tokenized_distill_epochs200\images\photo_2013-11-19 00_58_04_to_vangogh.jpg","17448","0.01664","2026/4/5 23:58:22"
"45\45_02_naked_fusion\full_eval\epoch_0030_tokenized_distill_epochs200\images\photo_2013-11-19 05_01_31_to_cezanne.jpg","17445","0.016637","2026/4/5 23:58:25"
"45\45_02_naked_fusion\full_eval\epoch_0030_tokenized_distill_epochs200\images\photo_2013-11-19 05_01_31_to_Hayao.jpg","16560","0.015793","2026/4/5 23:58:25"
"45\45_02_naked_fusion\full_eval\epoch_0030_tokenized_distill_epochs200\images\photo_2013-11-19 05_01_31_to_monet.jpg","17509","0.016698","2026/4/5 23:58:25"
"45\45_02_naked_fusion\full_eval\epoch_0030_tokenized_distill_epochs200\images\photo_2013-11-19 05_01_31_to_photo.jpg","17591","0.016776","2026/4/5 23:58:24"
"45\45_02_naked_fusion\full_eval\epoch_0030_tokenized_distill_epochs200\images\photo_2013-11-19 05_01_31_to_vangogh.jpg","17624","0.016808","2026/4/5 23:58:25"
"45\45_02_naked_fusion\full_eval\epoch_0030_tokenized_distill_epochs200\images\photo_2013-11-20 11_21_32_to_cezanne.jpg","16874","0.016092","2026/4/5 23:58:24"
"45\45_02_naked_fusion\full_eval\epoch_0030_tokenized_distill_epochs200\images\photo_2013-11-20 11_21_32_to_Hayao.jpg","16568","0.0158","2026/4/5 23:58:23"
"45\45_02_naked_fusion\full_eval\epoch_0030_tokenized_distill_epochs200\images\photo_2013-11-20 11_21_32_to_monet.jpg","16881","0.016099","2026/4/5 23:58:24"
"45\45_02_naked_fusion\full_eval\epoch_0030_tokenized_distill_epochs200\images\photo_2013-11-20 11_21_32_to_photo.jpg","16704","0.01593","2026/4/5 23:58:23"
"45\45_02_naked_fusion\full_eval\epoch_0030_tokenized_distill_epochs200\images\photo_2013-11-20 11_21_32_to_vangogh.jpg","17035","0.016246","2026/4/5 23:58:24"
"45\45_02_naked_fusion\full_eval\epoch_0030_tokenized_distill_epochs200\images\photo_2013-11-21 01_47_41_to_cezanne.jpg","16778","0.016001","2026/4/5 23:58:23"
"45\45_02_naked_fusion\full_eval\epoch_0030_tokenized_distill_epochs200\images\photo_2013-11-21 01_47_41_to_Hayao.jpg","16401","0.015641","2026/4/5 23:58:22"
"45\45_02_naked_fusion\full_eval\epoch_0030_tokenized_distill_epochs200\images\photo_2013-11-21 01_47_41_to_monet.jpg","16953","0.016168","2026/4/5 23:58:22"
"45\45_02_naked_fusion\full_eval\epoch_0030_tokenized_distill_epochs200\images\photo_2013-11-21 01_47_41_to_photo.jpg","17297","0.016496","2026/4/5 23:58:22"
"45\45_02_naked_fusion\full_eval\epoch_0030_tokenized_distill_epochs200\images\photo_2013-11-21 01_47_41_to_vangogh.jpg","17066","0.016275","2026/4/5 23:58:23"
"45\45_02_naked_fusion\full_eval\epoch_0030_tokenized_distill_epochs200\images\photo_2013-11-21 05_56_32_to_cezanne.jpg","16109","0.015363","2026/4/5 23:58:23"
"45\45_02_naked_fusion\full_eval\epoch_0030_tokenized_distill_epochs200\images\photo_2013-11-21 05_56_32_to_Hayao.jpg","16152","0.015404","2026/4/5 23:58:22"
"45\45_02_naked_fusion\full_eval\epoch_0030_tokenized_distill_epochs200\images\photo_2013-11-21 05_56_32_to_monet.jpg","16352","0.015594","2026/4/5 23:58:22"
"45\45_02_naked_fusion\full_eval\epoch_0030_tokenized_distill_epochs200\images\photo_2013-11-21 05_56_32_to_photo.jpg","16221","0.01547","2026/4/5 23:58:22"
"45\45_02_naked_fusion\full_eval\epoch_0030_tokenized_distill_epochs200\images\photo_2013-11-21 05_56_32_to_vangogh.jpg","17169","0.016374","2026/4/5 23:58:23"
"45\45_02_naked_fusion\full_eval\epoch_0030_tokenized_distill_epochs200\images\photo_2013-11-21 17_44_44_to_cezanne.jpg","17784","0.01696","2026/4/5 23:58:26"
"45\45_02_naked_fusion\full_eval\epoch_0030_tokenized_distill_epochs200\images\photo_2013-11-21 17_44_44_to_Hayao.jpg","17397","0.016591","2026/4/5 23:58:26"
"45\45_02_naked_fusion\full_eval\epoch_0030_tokenized_distill_epochs200\images\photo_2013-11-21 17_44_44_to_monet.jpg","17987","0.017154","2026/4/5 23:58:26"
"45\45_02_naked_fusion\full_eval\epoch_0030_tokenized_distill_epochs200\images\photo_2013-11-21 17_44_44_to_photo.jpg","17566","0.016752","2026/4/5 23:58:26"
"45\45_02_naked_fusion\full_eval\epoch_0030_tokenized_distill_epochs200\images\photo_2013-11-21 17_44_44_to_vangogh.jpg","17661","0.016843","2026/4/5 23:58:26"
"45\45_02_naked_fusion\full_eval\epoch_0030_tokenized_distill_epochs200\images\photo_2013-11-22 14_12_35_to_cezanne.jpg","17004","0.016216","2026/4/5 23:58:28"
"45\45_02_naked_fusion\full_eval\epoch_0030_tokenized_distill_epochs200\images\photo_2013-11-22 14_12_35_to_Hayao.jpg","16274","0.01552","2026/4/5 23:58:27"
"45\45_02_naked_fusion\full_eval\epoch_0030_tokenized_distill_epochs200\images\photo_2013-11-22 14_12_35_to_monet.jpg","17065","0.016274","2026/4/5 23:58:27"
"45\45_02_naked_fusion\full_eval\epoch_0030_tokenized_distill_epochs200\images\photo_2013-11-22 14_12_35_to_photo.jpg","16801","0.016023","2026/4/5 23:58:27"
"45\45_02_naked_fusion\full_eval\epoch_0030_tokenized_distill_epochs200\images\photo_2013-11-22 14_12_35_to_vangogh.jpg","16669","0.015897","2026/4/5 23:58:27"
"45\45_02_naked_fusion\full_eval\epoch_0030_tokenized_distill_epochs200\images\photo_2013-11-22 14_15_50_to_cezanne.jpg","16955","0.01617","2026/4/5 23:58:25"
"45\45_02_naked_fusion\full_eval\epoch_0030_tokenized_distill_epochs200\images\photo_2013-11-22 14_15_50_to_Hayao.jpg","16617","0.015847","2026/4/5 23:58:25"
"45\45_02_naked_fusion\full_eval\epoch_0030_tokenized_distill_epochs200\images\photo_2013-11-22 14_15_50_to_monet.jpg","17295","0.016494","2026/4/5 23:58:25"
"45\45_02_naked_fusion\full_eval\epoch_0030_tokenized_distill_epochs200\images\photo_2013-11-22 14_15_50_to_photo.jpg","17328","0.016525","2026/4/5 23:58:24"
"45\45_02_naked_fusion\full_eval\epoch_0030_tokenized_distill_epochs200\images\photo_2013-11-22 14_15_50_to_vangogh.jpg","17186","0.01639","2026/4/5 23:58:25"
"45\45_02_naked_fusion\full_eval\epoch_0030_tokenized_distill_epochs200\images\photo_2013-11-23 13_03_15_to_cezanne.jpg","16798","0.01602","2026/4/5 23:58:21"
"45\45_02_naked_fusion\full_eval\epoch_0030_tokenized_distill_epochs200\images\photo_2013-11-23 13_03_15_to_Hayao.jpg","16239","0.015487","2026/4/5 23:58:20"
"45\45_02_naked_fusion\full_eval\epoch_0030_tokenized_distill_epochs200\images\photo_2013-11-23 13_03_15_to_monet.jpg","16568","0.0158","2026/4/5 23:58:20"
"45\45_02_naked_fusion\full_eval\epoch_0030_tokenized_distill_epochs200\images\photo_2013-11-23 13_03_15_to_photo.jpg","16779","0.016002","2026/4/5 23:58:20"
"45\45_02_naked_fusion\full_eval\epoch_0030_tokenized_distill_epochs200\images\photo_2013-11-23 13_03_15_to_vangogh.jpg","17060","0.01627","2026/4/5 23:58:20"
"45\45_02_naked_fusion\full_eval\epoch_0030_tokenized_distill_epochs200\images\photo_2013-11-25 10_46_18_to_cezanne.jpg","15560","0.014839","2026/4/5 23:58:25"
"45\45_02_naked_fusion\full_eval\epoch_0030_tokenized_distill_epochs200\images\photo_2013-11-25 10_46_18_to_Hayao.jpg","15309","0.0146","2026/4/5 23:58:25"
"45\45_02_naked_fusion\full_eval\epoch_0030_tokenized_distill_epochs200\images\photo_2013-11-25 10_46_18_to_monet.jpg","15719","0.014991","2026/4/5 23:58:25"
"45\45_02_naked_fusion\full_eval\epoch_0030_tokenized_distill_epochs200\images\photo_2013-11-25 10_46_18_to_photo.jpg","14981","0.014287","2026/4/5 23:58:24"
"45\45_02_naked_fusion\full_eval\epoch_0030_tokenized_distill_epochs200\images\photo_2013-11-25 10_46_18_to_vangogh.jpg","15940","0.015202","2026/4/5 23:58:25"
"45\45_02_naked_fusion\full_eval\epoch_0030_tokenized_distill_epochs200\images\vangogh_00005_to_cezanne.jpg","18014","0.017179","2026/4/5 23:58:51"
"45\45_02_naked_fusion\full_eval\epoch_0030_tokenized_distill_epochs200\images\vangogh_00005_to_Hayao.jpg","16990","0.016203","2026/4/5 23:58:50"
"45\45_02_naked_fusion\full_eval\epoch_0030_tokenized_distill_epochs200\images\vangogh_00005_to_monet.jpg","17843","0.017016","2026/4/5 23:58:50"
"45\45_02_naked_fusion\full_eval\epoch_0030_tokenized_distill_epochs200\images\vangogh_00005_to_photo.jpg","17891","0.017062","2026/4/5 23:58:50"
"45\45_02_naked_fusion\full_eval\epoch_0030_tokenized_distill_epochs200\images\vangogh_00005_to_vangogh.jpg","18428","0.017574","2026/4/5 23:58:51"
"45\45_02_naked_fusion\full_eval\epoch_0030_tokenized_distill_epochs200\images\vangogh_00090_to_cezanne.jpg","17389","0.016583","2026/4/5 23:58:49"
"45\45_02_naked_fusion\full_eval\epoch_0030_tokenized_distill_epochs200\images\vangogh_00090_to_Hayao.jpg","17122","0.016329","2026/4/5 23:58:48"
"45\45_02_naked_fusion\full_eval\epoch_0030_tokenized_distill_epochs200\images\vangogh_00090_to_monet.jpg","17625","0.016809","2026/4/5 23:58:48"
"45\45_02_naked_fusion\full_eval\epoch_0030_tokenized_distill_epochs200\images\vangogh_00090_to_photo.jpg","17634","0.016817","2026/4/5 23:58:48"
"45\45_02_naked_fusion\full_eval\epoch_0030_tokenized_distill_epochs200\images\vangogh_00090_to_vangogh.jpg","17890","0.017061","2026/4/5 23:58:48"
"45\45_02_naked_fusion\full_eval\epoch_0030_tokenized_distill_epochs200\images\vangogh_00098_to_cezanne.jpg","17228","0.01643","2026/4/5 23:58:46"
"45\45_02_naked_fusion\full_eval\epoch_0030_tokenized_distill_epochs200\images\vangogh_00098_to_Hayao.jpg","16912","0.016129","2026/4/5 23:58:46"
"45\45_02_naked_fusion\full_eval\epoch_0030_tokenized_distill_epochs200\images\vangogh_00098_to_monet.jpg","16917","0.016133","2026/4/5 23:58:46"
"45\45_02_naked_fusion\full_eval\epoch_0030_tokenized_distill_epochs200\images\vangogh_00098_to_photo.jpg","16749","0.015973","2026/4/5 23:58:45"
"45\45_02_naked_fusion\full_eval\epoch_0030_tokenized_distill_epochs200\images\vangogh_00098_to_vangogh.jpg","17788","0.016964","2026/4/5 23:58:46"
"45\45_02_naked_fusion\full_eval\epoch_0030_tokenized_distill_epochs200\images\vangogh_00163_to_cezanne.jpg","14560","0.013885","2026/4/5 23:58:47"
"45\45_02_naked_fusion\full_eval\epoch_0030_tokenized_distill_epochs200\images\vangogh_00163_to_Hayao.jpg","14332","0.013668","2026/4/5 23:58:47"
"45\45_02_naked_fusion\full_eval\epoch_0030_tokenized_distill_epochs200\images\vangogh_00163_to_monet.jpg","14097","0.013444","2026/4/5 23:58:47"
"45\45_02_naked_fusion\full_eval\epoch_0030_tokenized_distill_epochs200\images\vangogh_00163_to_photo.jpg","14923","0.014232","2026/4/5 23:58:47"
"45\45_02_naked_fusion\full_eval\epoch_0030_tokenized_distill_epochs200\images\vangogh_00163_to_vangogh.jpg","15005","0.01431","2026/4/5 23:58:47"
"45\45_02_naked_fusion\full_eval\epoch_0030_tokenized_distill_epochs200\images\vangogh_00167_to_cezanne.jpg","16537","0.015771","2026/4/5 23:58:50"
"45\45_02_naked_fusion\full_eval\epoch_0030_tokenized_distill_epochs200\images\vangogh_00167_to_Hayao.jpg","15360","0.014648","2026/4/5 23:58:49"
"45\45_02_naked_fusion\full_eval\epoch_0030_tokenized_distill_epochs200\images\vangogh_00167_to_monet.jpg","15762","0.015032","2026/4/5 23:58:49"
"45\45_02_naked_fusion\full_eval\epoch_0030_tokenized_distill_epochs200\images\vangogh_00167_to_photo.jpg","15934","0.015196","2026/4/5 23:58:49"
"45\45_02_naked_fusion\full_eval\epoch_0030_tokenized_distill_epochs200\images\vangogh_00167_to_vangogh.jpg","16394","0.015635","2026/4/5 23:58:49"
"45\45_02_naked_fusion\full_eval\epoch_0030_tokenized_distill_epochs200\images\vangogh_00169_to_cezanne.jpg","17890","0.017061","2026/4/5 23:58:46"
"45\45_02_naked_fusion\full_eval\epoch_0030_tokenized_distill_epochs200\images\vangogh_00169_to_Hayao.jpg","17221","0.016423","2026/4/5 23:58:46"
"45\45_02_naked_fusion\full_eval\epoch_0030_tokenized_distill_epochs200\images\vangogh_00169_to_monet.jpg","17496","0.016685","2026/4/5 23:58:46"
"45\45_02_naked_fusion\full_eval\epoch_0030_tokenized_distill_epochs200\images\vangogh_00169_to_photo.jpg","17770","0.016947","2026/4/5 23:58:45"
"45\45_02_naked_fusion\full_eval\epoch_0030_tokenized_distill_epochs200\images\vangogh_00169_to_vangogh.jpg","17871","0.017043","2026/4/5 23:58:46"
"45\45_02_naked_fusion\full_eval\epoch_0030_tokenized_distill_epochs200\images\vangogh_00177_to_cezanne.jpg","17073","0.016282","2026/4/5 23:58:49"
"45\45_02_naked_fusion\full_eval\epoch_0030_tokenized_distill_epochs200\images\vangogh_00177_to_Hayao.jpg","16940","0.016155","2026/4/5 23:58:48"
"45\45_02_naked_fusion\full_eval\epoch_0030_tokenized_distill_epochs200\images\vangogh_00177_to_monet.jpg","17643","0.016826","2026/4/5 23:58:48"
"45\45_02_naked_fusion\full_eval\epoch_0030_tokenized_distill_epochs200\images\vangogh_00177_to_photo.jpg","17467","0.016658","2026/4/5 23:58:48"
"45\45_02_naked_fusion\full_eval\epoch_0030_tokenized_distill_epochs200\images\vangogh_00177_to_vangogh.jpg","17708","0.016888","2026/4/5 23:58:48"
"45\45_02_naked_fusion\full_eval\epoch_0030_tokenized_distill_epochs200\images\vangogh_00202_to_cezanne.jpg","18710","0.017843","2026/4/5 23:58:47"
"45\45_02_naked_fusion\full_eval\epoch_0030_tokenized_distill_epochs200\images\vangogh_00202_to_Hayao.jpg","18238","0.017393","2026/4/5 23:58:47"
"45\45_02_naked_fusion\full_eval\epoch_0030_tokenized_distill_epochs200\images\vangogh_00202_to_monet.jpg","18577","0.017716","2026/4/5 23:58:47"
"45\45_02_naked_fusion\full_eval\epoch_0030_tokenized_distill_epochs200\images\vangogh_00202_to_photo.jpg","18187","0.017344","2026/4/5 23:58:47"
"45\45_02_naked_fusion\full_eval\epoch_0030_tokenized_distill_epochs200\images\vangogh_00202_to_vangogh.jpg","18771","0.017901","2026/4/5 23:58:47"
"45\45_02_naked_fusion\full_eval\epoch_0030_tokenized_distill_epochs200\images\vangogh_00220_to_cezanne.jpg","17604","0.016788","2026/4/5 23:58:51"
"45\45_02_naked_fusion\full_eval\epoch_0030_tokenized_distill_epochs200\images\vangogh_00220_to_Hayao.jpg","17426","0.016619","2026/4/5 23:58:50"
"45\45_02_naked_fusion\full_eval\epoch_0030_tokenized_distill_epochs200\images\vangogh_00220_to_monet.jpg","17657","0.016839","2026/4/5 23:58:50"
"45\45_02_naked_fusion\full_eval\epoch_0030_tokenized_distill_epochs200\images\vangogh_00220_to_photo.jpg","17527","0.016715","2026/4/5 23:58:50"
"45\45_02_naked_fusion\full_eval\epoch_0030_tokenized_distill_epochs200\images\vangogh_00220_to_vangogh.jpg","17779","0.016955","2026/4/5 23:58:51"
"45\45_02_naked_fusion\full_eval\epoch_0030_tokenized_distill_epochs200\images\vangogh_00243_to_cezanne.jpg","17108","0.016315","2026/4/5 23:58:46"
"45\45_02_naked_fusion\full_eval\epoch_0030_tokenized_distill_epochs200\images\vangogh_00243_to_Hayao.jpg","16617","0.015847","2026/4/5 23:58:46"
"45\45_02_naked_fusion\full_eval\epoch_0030_tokenized_distill_epochs200\images\vangogh_00243_to_monet.jpg","17668","0.01685","2026/4/5 23:58:46"
"45\45_02_naked_fusion\full_eval\epoch_0030_tokenized_distill_epochs200\images\vangogh_00243_to_photo.jpg","17166","0.016371","2026/4/5 23:58:45"
"45\45_02_naked_fusion\full_eval\epoch_0030_tokenized_distill_epochs200\images\vangogh_00243_to_vangogh.jpg","17243","0.016444","2026/4/5 23:58:46"
"45\45_02_naked_fusion\full_eval\epoch_0030_tokenized_distill_epochs200\images\vangogh_00264_to_cezanne.jpg","17935","0.017104","2026/4/5 23:58:53"
"45\45_02_naked_fusion\full_eval\epoch_0030_tokenized_distill_epochs200\images\vangogh_00264_to_Hayao.jpg","17474","0.016665","2026/4/5 23:58:53"
"45\45_02_naked_fusion\full_eval\epoch_0030_tokenized_distill_epochs200\images\vangogh_00264_to_monet.jpg","17977","0.017144","2026/4/5 23:58:53"
"45\45_02_naked_fusion\full_eval\epoch_0030_tokenized_distill_epochs200\images\vangogh_00264_to_photo.jpg","17825","0.016999","2026/4/5 23:58:52"
"45\45_02_naked_fusion\full_eval\epoch_0030_tokenized_distill_epochs200\images\vangogh_00264_to_vangogh.jpg","17696","0.016876","2026/4/5 23:58:53"
"45\45_02_naked_fusion\full_eval\epoch_0030_tokenized_distill_epochs200\images\vangogh_00272_to_cezanne.jpg","18285","0.017438","2026/4/5 23:58:49"
"45\45_02_naked_fusion\full_eval\epoch_0030_tokenized_distill_epochs200\images\vangogh_00272_to_Hayao.jpg","17541","0.016728","2026/4/5 23:58:48"
"45\45_02_naked_fusion\full_eval\epoch_0030_tokenized_distill_epochs200\images\vangogh_00272_to_monet.jpg","18699","0.017833","2026/4/5 23:58:48"
"45\45_02_naked_fusion\full_eval\epoch_0030_tokenized_distill_epochs200\images\vangogh_00272_to_photo.jpg","18141","0.017301","2026/4/5 23:58:48"
"45\45_02_naked_fusion\full_eval\epoch_0030_tokenized_distill_epochs200\images\vangogh_00272_to_vangogh.jpg","18412","0.017559","2026/4/5 23:58:48"
"45\45_02_naked_fusion\full_eval\epoch_0030_tokenized_distill_epochs200\images\vangogh_00277_to_cezanne.jpg","15874","0.015139","2026/4/5 23:58:53"
"45\45_02_naked_fusion\full_eval\epoch_0030_tokenized_distill_epochs200\images\vangogh_00277_to_Hayao.jpg","15373","0.014661","2026/4/5 23:58:53"
"45\45_02_naked_fusion\full_eval\epoch_0030_tokenized_distill_epochs200\images\vangogh_00277_to_monet.jpg","16268","0.015514","2026/4/5 23:58:53"
"45\45_02_naked_fusion\full_eval\epoch_0030_tokenized_distill_epochs200\images\vangogh_00277_to_photo.jpg","16222","0.015471","2026/4/5 23:58:52"
"45\45_02_naked_fusion\full_eval\epoch_0030_tokenized_distill_epochs200\images\vangogh_00277_to_vangogh.jpg","16108","0.015362","2026/4/5 23:58:53"
"45\45_02_naked_fusion\full_eval\epoch_0030_tokenized_distill_epochs200\images\vangogh_00289_to_cezanne.jpg","17559","0.016746","2026/4/5 23:58:45"
"45\45_02_naked_fusion\full_eval\epoch_0030_tokenized_distill_epochs200\images\vangogh_00289_to_Hayao.jpg","18218","0.017374","2026/4/5 23:58:44"
"45\45_02_naked_fusion\full_eval\epoch_0030_tokenized_distill_epochs200\images\vangogh_00289_to_monet.jpg","18002","0.017168","2026/4/5 23:58:45"
"45\45_02_naked_fusion\full_eval\epoch_0030_tokenized_distill_epochs200\images\vangogh_00289_to_photo.jpg","17999","0.017165","2026/4/5 23:58:44"
"45\45_02_naked_fusion\full_eval\epoch_0030_tokenized_distill_epochs200\images\vangogh_00289_to_vangogh.jpg","18412","0.017559","2026/4/5 23:58:45"
"45\45_02_naked_fusion\full_eval\epoch_0030_tokenized_distill_epochs200\images\vangogh_00292_to_cezanne.jpg","17937","0.017106","2026/4/5 23:58:50"
"45\45_02_naked_fusion\full_eval\epoch_0030_tokenized_distill_epochs200\images\vangogh_00292_to_Hayao.jpg","17534","0.016722","2026/4/5 23:58:49"
"45\45_02_naked_fusion\full_eval\epoch_0030_tokenized_distill_epochs200\images\vangogh_00292_to_monet.jpg","17962","0.01713","2026/4/5 23:58:49"
"45\45_02_naked_fusion\full_eval\epoch_0030_tokenized_distill_epochs200\images\vangogh_00292_to_photo.jpg","17671","0.016852","2026/4/5 23:58:49"
"45\45_02_naked_fusion\full_eval\epoch_0030_tokenized_distill_epochs200\images\vangogh_00292_to_vangogh.jpg","18226","0.017382","2026/4/5 23:58:49"
"45\45_02_naked_fusion\full_eval\epoch_0030_tokenized_distill_epochs200\images\vangogh_00295_to_cezanne.jpg","18038","0.017202","2026/4/5 23:58:45"
"45\45_02_naked_fusion\full_eval\epoch_0030_tokenized_distill_epochs200\images\vangogh_00295_to_Hayao.jpg","18258","0.017412","2026/4/5 23:58:44"
"45\45_02_naked_fusion\full_eval\epoch_0030_tokenized_distill_epochs200\images\vangogh_00295_to_monet.jpg","18016","0.017181","2026/4/5 23:58:45"
"45\45_02_naked_fusion\full_eval\epoch_0030_tokenized_distill_epochs200\images\vangogh_00295_to_photo.jpg","18356","0.017506","2026/4/5 23:58:44"
"45\45_02_naked_fusion\full_eval\epoch_0030_tokenized_distill_epochs200\images\vangogh_00295_to_vangogh.jpg","18273","0.017426","2026/4/5 23:58:45"
"45\45_02_naked_fusion\full_eval\epoch_0030_tokenized_distill_epochs200\images\vangogh_00321_to_cezanne.jpg","18298","0.01745","2026/4/5 23:58:47"
"45\45_02_naked_fusion\full_eval\epoch_0030_tokenized_distill_epochs200\images\vangogh_00321_to_Hayao.jpg","18255","0.017409","2026/4/5 23:58:47"
"45\45_02_naked_fusion\full_eval\epoch_0030_tokenized_distill_epochs200\images\vangogh_00321_to_monet.jpg","18073","0.017236","2026/4/5 23:58:47"
"45\45_02_naked_fusion\full_eval\epoch_0030_tokenized_distill_epochs200\images\vangogh_00321_to_photo.jpg","17953","0.017121","2026/4/5 23:58:47"
"45\45_02_naked_fusion\full_eval\epoch_0030_tokenized_distill_epochs200\images\vangogh_00321_to_vangogh.jpg","18526","0.017668","2026/4/5 23:58:47"
"45\45_02_naked_fusion\full_eval\epoch_0030_tokenized_distill_epochs200\images\vangogh_00352_to_cezanne.jpg","16335","0.015578","2026/4/5 23:58:53"
"45\45_02_naked_fusion\full_eval\epoch_0030_tokenized_distill_epochs200\images\vangogh_00352_to_Hayao.jpg","15863","0.015128","2026/4/5 23:58:53"
"45\45_02_naked_fusion\full_eval\epoch_0030_tokenized_distill_epochs200\images\vangogh_00352_to_monet.jpg","16130","0.015383","2026/4/5 23:58:53"
"45\45_02_naked_fusion\full_eval\epoch_0030_tokenized_distill_epochs200\images\vangogh_00352_to_photo.jpg","16393","0.015634","2026/4/5 23:58:52"
"45\45_02_naked_fusion\full_eval\epoch_0030_tokenized_distill_epochs200\images\vangogh_00352_to_vangogh.jpg","16410","0.01565","2026/4/5 23:58:53"
"45\45_02_naked_fusion\full_eval\epoch_0030_tokenized_distill_epochs200\images\vangogh_00412_to_cezanne.jpg","17668","0.01685","2026/4/5 23:58:47"
"45\45_02_naked_fusion\full_eval\epoch_0030_tokenized_distill_epochs200\images\vangogh_00412_to_Hayao.jpg","17744","0.016922","2026/4/5 23:58:47"
"45\45_02_naked_fusion\full_eval\epoch_0030_tokenized_distill_epochs200\images\vangogh_00412_to_monet.jpg","17482","0.016672","2026/4/5 23:58:47"
"45\45_02_naked_fusion\full_eval\epoch_0030_tokenized_distill_epochs200\images\vangogh_00412_to_photo.jpg","17440","0.016632","2026/4/5 23:58:47"
"45\45_02_naked_fusion\full_eval\epoch_0030_tokenized_distill_epochs200\images\vangogh_00412_to_vangogh.jpg","18039","0.017203","2026/4/5 23:58:47"
"45\45_02_naked_fusion\full_eval\epoch_0030_tokenized_distill_epochs200\images\vangogh_00418_to_cezanne.jpg","18016","0.017181","2026/4/5 23:58:52"
"45\45_02_naked_fusion\full_eval\epoch_0030_tokenized_distill_epochs200\images\vangogh_00418_to_Hayao.jpg","18227","0.017383","2026/4/5 23:58:51"
"45\45_02_naked_fusion\full_eval\epoch_0030_tokenized_distill_epochs200\images\vangogh_00418_to_monet.jpg","18232","0.017387","2026/4/5 23:58:52"
"45\45_02_naked_fusion\full_eval\epoch_0030_tokenized_distill_epochs200\images\vangogh_00418_to_photo.jpg","18508","0.017651","2026/4/5 23:58:51"
"45\45_02_naked_fusion\full_eval\epoch_0030_tokenized_distill_epochs200\images\vangogh_00418_to_vangogh.jpg","18663","0.017798","2026/4/5 23:58:52"
"45\45_02_naked_fusion\full_eval\epoch_0030_tokenized_distill_epochs200\images\vangogh_00427_to_cezanne.jpg","17728","0.016907","2026/4/5 23:58:49"
"45\45_02_naked_fusion\full_eval\epoch_0030_tokenized_distill_epochs200\images\vangogh_00427_to_Hayao.jpg","17087","0.016295","2026/4/5 23:58:48"
"45\45_02_naked_fusion\full_eval\epoch_0030_tokenized_distill_epochs200\images\vangogh_00427_to_monet.jpg","17426","0.016619","2026/4/5 23:58:48"
"45\45_02_naked_fusion\full_eval\epoch_0030_tokenized_distill_epochs200\images\vangogh_00427_to_photo.jpg","17515","0.016704","2026/4/5 23:58:48"
"45\45_02_naked_fusion\full_eval\epoch_0030_tokenized_distill_epochs200\images\vangogh_00427_to_vangogh.jpg","17352","0.016548","2026/4/5 23:58:48"
"45\45_02_naked_fusion\full_eval\epoch_0030_tokenized_distill_epochs200\images\vangogh_00436_to_cezanne.jpg","17693","0.016873","2026/4/5 23:58:52"
"45\45_02_naked_fusion\full_eval\epoch_0030_tokenized_distill_epochs200\images\vangogh_00436_to_Hayao.jpg","16686","0.015913","2026/4/5 23:58:51"
"45\45_02_naked_fusion\full_eval\epoch_0030_tokenized_distill_epochs200\images\vangogh_00436_to_monet.jpg","17813","0.016988","2026/4/5 23:58:52"
"45\45_02_naked_fusion\full_eval\epoch_0030_tokenized_distill_epochs200\images\vangogh_00436_to_photo.jpg","17992","0.017159","2026/4/5 23:58:51"
"45\45_02_naked_fusion\full_eval\epoch_0030_tokenized_distill_epochs200\images\vangogh_00436_to_vangogh.jpg","18180","0.017338","2026/4/5 23:58:52"
"45\45_02_naked_fusion\full_eval\epoch_0030_tokenized_distill_epochs200\images\vangogh_00455_to_cezanne.jpg","17369","0.016564","2026/4/5 23:58:51"
"45\45_02_naked_fusion\full_eval\epoch_0030_tokenized_distill_epochs200\images\vangogh_00455_to_Hayao.jpg","16966","0.01618","2026/4/5 23:58:50"
"45\45_02_naked_fusion\full_eval\epoch_0030_tokenized_distill_epochs200\images\vangogh_00455_to_monet.jpg","17407","0.016601","2026/4/5 23:58:50"
"45\45_02_naked_fusion\full_eval\epoch_0030_tokenized_distill_epochs200\images\vangogh_00455_to_photo.jpg","17579","0.016765","2026/4/5 23:58:50"
"45\45_02_naked_fusion\full_eval\epoch_0030_tokenized_distill_epochs200\images\vangogh_00455_to_vangogh.jpg","17451","0.016643","2026/4/5 23:58:51"
"45\45_02_naked_fusion\full_eval\epoch_0030_tokenized_distill_epochs200\images\vangogh_00519_to_cezanne.jpg","17327","0.016524","2026/4/5 23:58:50"
"45\45_02_naked_fusion\full_eval\epoch_0030_tokenized_distill_epochs200\images\vangogh_00519_to_Hayao.jpg","16883","0.016101","2026/4/5 23:58:49"
"45\45_02_naked_fusion\full_eval\epoch_0030_tokenized_distill_epochs200\images\vangogh_00519_to_monet.jpg","17584","0.016769","2026/4/5 23:58:49"
"45\45_02_naked_fusion\full_eval\epoch_0030_tokenized_distill_epochs200\images\vangogh_00519_to_photo.jpg","17328","0.016525","2026/4/5 23:58:49"
"45\45_02_naked_fusion\full_eval\epoch_0030_tokenized_distill_epochs200\images\vangogh_00519_to_vangogh.jpg","17561","0.016747","2026/4/5 23:58:49"
"45\45_02_naked_fusion\full_eval\epoch_0030_tokenized_distill_epochs200\images\vangogh_00528_to_cezanne.jpg","17149","0.016355","2026/4/5 23:58:50"
"45\45_02_naked_fusion\full_eval\epoch_0030_tokenized_distill_epochs200\images\vangogh_00528_to_Hayao.jpg","16782","0.016005","2026/4/5 23:58:49"
"45\45_02_naked_fusion\full_eval\epoch_0030_tokenized_distill_epochs200\images\vangogh_00528_to_monet.jpg","17223","0.016425","2026/4/5 23:58:49"
"45\45_02_naked_fusion\full_eval\epoch_0030_tokenized_distill_epochs200\images\vangogh_00528_to_photo.jpg","16613","0.015843","2026/4/5 23:58:49"
"45\45_02_naked_fusion\full_eval\epoch_0030_tokenized_distill_epochs200\images\vangogh_00528_to_vangogh.jpg","17907","0.017077","2026/4/5 23:58:49"
"45\45_02_naked_fusion\full_eval\epoch_0030_tokenized_distill_epochs200\images\vangogh_00557_to_cezanne.jpg","16794","0.016016","2026/4/5 23:58:52"
"45\45_02_naked_fusion\full_eval\epoch_0030_tokenized_distill_epochs200\images\vangogh_00557_to_Hayao.jpg","17315","0.016513","2026/4/5 23:58:51"
"45\45_02_naked_fusion\full_eval\epoch_0030_tokenized_distill_epochs200\images\vangogh_00557_to_monet.jpg","17258","0.016459","2026/4/5 23:58:52"
"45\45_02_naked_fusion\full_eval\epoch_0030_tokenized_distill_epochs200\images\vangogh_00557_to_photo.jpg","17409","0.016603","2026/4/5 23:58:51"
"45\45_02_naked_fusion\full_eval\epoch_0030_tokenized_distill_epochs200\images\vangogh_00557_to_vangogh.jpg","17698","0.016878","2026/4/5 23:58:52"
"45\45_02_naked_fusion\full_eval\epoch_0030_tokenized_distill_epochs200\images\vangogh_00561_to_cezanne.jpg","17174","0.016378","2026/4/5 23:58:53"
"45\45_02_naked_fusion\full_eval\epoch_0030_tokenized_distill_epochs200\images\vangogh_00561_to_Hayao.jpg","16886","0.016104","2026/4/5 23:58:53"
"45\45_02_naked_fusion\full_eval\epoch_0030_tokenized_distill_epochs200\images\vangogh_00561_to_monet.jpg","16754","0.015978","2026/4/5 23:58:53"
"45\45_02_naked_fusion\full_eval\epoch_0030_tokenized_distill_epochs200\images\vangogh_00561_to_photo.jpg","17170","0.016375","2026/4/5 23:58:52"
"45\45_02_naked_fusion\full_eval\epoch_0030_tokenized_distill_epochs200\images\vangogh_00561_to_vangogh.jpg","17382","0.016577","2026/4/5 23:58:53"
"45\45_02_naked_fusion\full_eval\epoch_0030_tokenized_distill_epochs200\images\vangogh_00573_to_cezanne.jpg","18148","0.017307","2026/4/5 23:58:51"
"45\45_02_naked_fusion\full_eval\epoch_0030_tokenized_distill_epochs200\images\vangogh_00573_to_Hayao.jpg","17669","0.01685","2026/4/5 23:58:50"
"45\45_02_naked_fusion\full_eval\epoch_0030_tokenized_distill_epochs200\images\vangogh_00573_to_monet.jpg","18449","0.017594","2026/4/5 23:58:50"
"45\45_02_naked_fusion\full_eval\epoch_0030_tokenized_distill_epochs200\images\vangogh_00573_to_photo.jpg","18321","0.017472","2026/4/5 23:58:50"
"45\45_02_naked_fusion\full_eval\epoch_0030_tokenized_distill_epochs200\images\vangogh_00573_to_vangogh.jpg","18364","0.017513","2026/4/5 23:58:51"
"45\45_02_naked_fusion\full_eval\epoch_0030_tokenized_distill_epochs200\images\vangogh_00668_to_cezanne.jpg","17757","0.016934","2026/4/5 23:58:46"
"45\45_02_naked_fusion\full_eval\epoch_0030_tokenized_distill_epochs200\images\vangogh_00668_to_Hayao.jpg","17622","0.016806","2026/4/5 23:58:46"
"45\45_02_naked_fusion\full_eval\epoch_0030_tokenized_distill_epochs200\images\vangogh_00668_to_monet.jpg","17848","0.017021","2026/4/5 23:58:46"
"45\45_02_naked_fusion\full_eval\epoch_0030_tokenized_distill_epochs200\images\vangogh_00668_to_photo.jpg","17843","0.017016","2026/4/5 23:58:45"
"45\45_02_naked_fusion\full_eval\epoch_0030_tokenized_distill_epochs200\images\vangogh_00668_to_vangogh.jpg","17796","0.016972","2026/4/5 23:58:46"
"45\45_02_naked_fusion\full_eval\epoch_0030_tokenized_distill_epochs200\images\vangogh_00681_to_cezanne.jpg","17038","0.016249","2026/4/5 23:58:52"
"45\45_02_naked_fusion\full_eval\epoch_0030_tokenized_distill_epochs200\images\vangogh_00681_to_Hayao.jpg","16840","0.01606","2026/4/5 23:58:51"
"45\45_02_naked_fusion\full_eval\epoch_0030_tokenized_distill_epochs200\images\vangogh_00681_to_monet.jpg","17218","0.01642","2026/4/5 23:58:52"
"45\45_02_naked_fusion\full_eval\epoch_0030_tokenized_distill_epochs200\images\vangogh_00681_to_photo.jpg","17850","0.017023","2026/4/5 23:58:51"
"45\45_02_naked_fusion\full_eval\epoch_0030_tokenized_distill_epochs200\images\vangogh_00681_to_vangogh.jpg","17589","0.016774","2026/4/5 23:58:52"
"45\45_02_naked_fusion\logs\training_20260405_222818.csv","10374","0.009893","2026/4/5 22:56:31"
"45\45_03_macro_dictator\config.json","3648","0.003479","2026/4/5 22:56:45"
"45\45_03_macro_dictator\dataset.py","8572","0.008175","2026/4/1 16:18:14"
"45\45_03_macro_dictator\losses.py","18091","0.017253","2026/4/5 21:54:29"
"45\45_03_macro_dictator\ma_probe_all_pairs.csv","2429","0.002316","2026/4/6 0:11:04"
"45\45_03_macro_dictator\ma_probe_all_pairs.html","16693","0.01592","2026/4/6 0:11:04"
"45\45_03_macro_dictator\ma_probe_all_pairs.json","4703028","4.485157","2026/4/6 0:11:04"
"45\45_03_macro_dictator\ma_probe_epoch_0030.json","453771","0.43275","2026/4/6 0:10:47"
"45\45_03_macro_dictator\ma_probe_view.csv","716","0.000683","2026/4/6 0:10:51"
"45\45_03_macro_dictator\ma_probe_view.html","9798","0.009344","2026/4/6 0:10:51"
"45\45_03_macro_dictator\ma_probe_view.json","543398","0.518225","2026/4/6 0:10:51"
"45\45_03_macro_dictator\model.py","57884","0.055202","2026/4/5 21:54:29"
"45\45_03_macro_dictator\run.py","13227","0.012614","2026/4/5 21:56:26"
"45\45_03_macro_dictator\trainer.py","23137","0.022065","2026/4/5 21:56:26"
"45\45_03_macro_dictator\full_eval\epoch_0030\metrics.csv","97670","0.093145","2026/4/6 0:00:59"
"45\45_03_macro_dictator\full_eval\epoch_0030\summary.json","20366","0.019423","2026/4/6 0:01:01"
"45\45_03_macro_dictator\full_eval\epoch_0030\summary_grid.png","2976226","2.83835","2026/4/6 0:01:02"
"45\45_03_macro_dictator\full_eval\epoch_0030\images\cezanne_00057_to_cezanne.jpg","16291","0.015536","2026/4/6 0:00:34"
"45\45_03_macro_dictator\full_eval\epoch_0030\images\cezanne_00057_to_Hayao.jpg","17616","0.0168","2026/4/6 0:00:30"
"45\45_03_macro_dictator\full_eval\epoch_0030\images\cezanne_00057_to_monet.jpg","15613","0.01489","2026/4/6 0:00:31"
"45\45_03_macro_dictator\full_eval\epoch_0030\images\cezanne_00057_to_photo.jpg","16687","0.015914","2026/4/6 0:00:29"
"45\45_03_macro_dictator\full_eval\epoch_0030\images\cezanne_00057_to_vangogh.jpg","16862","0.016081","2026/4/6 0:00:33"
"45\45_03_macro_dictator\full_eval\epoch_0030\images\cezanne_00104_to_cezanne.jpg","16516","0.015751","2026/4/6 0:00:34"
"45\45_03_macro_dictator\full_eval\epoch_0030\images\cezanne_00104_to_Hayao.jpg","17606","0.01679","2026/4/6 0:00:30"
"45\45_03_macro_dictator\full_eval\epoch_0030\images\cezanne_00104_to_monet.jpg","15749","0.015019","2026/4/6 0:00:31"
"45\45_03_macro_dictator\full_eval\epoch_0030\images\cezanne_00104_to_photo.jpg","16070","0.015326","2026/4/6 0:00:29"
"45\45_03_macro_dictator\full_eval\epoch_0030\images\cezanne_00104_to_vangogh.jpg","15651","0.014926","2026/4/6 0:00:33"
"45\45_03_macro_dictator\full_eval\epoch_0030\images\cezanne_00123_to_cezanne.jpg","17888","0.017059","2026/4/6 0:00:34"
"45\45_03_macro_dictator\full_eval\epoch_0030\images\cezanne_00123_to_Hayao.jpg","17512","0.016701","2026/4/6 0:00:30"
"45\45_03_macro_dictator\full_eval\epoch_0030\images\cezanne_00123_to_monet.jpg","16325","0.015569","2026/4/6 0:00:31"
"45\45_03_macro_dictator\full_eval\epoch_0030\images\cezanne_00123_to_photo.jpg","17346","0.016542","2026/4/6 0:00:29"
"45\45_03_macro_dictator\full_eval\epoch_0030\images\cezanne_00123_to_vangogh.jpg","17295","0.016494","2026/4/6 0:00:33"
"45\45_03_macro_dictator\full_eval\epoch_0030\images\cezanne_00204_to_cezanne.jpg","17148","0.016354","2026/4/6 0:00:34"
"45\45_03_macro_dictator\full_eval\epoch_0030\images\cezanne_00204_to_Hayao.jpg","17484","0.016674","2026/4/6 0:00:30"
"45\45_03_macro_dictator\full_eval\epoch_0030\images\cezanne_00204_to_monet.jpg","16800","0.016022","2026/4/6 0:00:31"
"45\45_03_macro_dictator\full_eval\epoch_0030\images\cezanne_00204_to_photo.jpg","16666","0.015894","2026/4/6 0:00:29"
"45\45_03_macro_dictator\full_eval\epoch_0030\images\cezanne_00204_to_vangogh.jpg","16473","0.01571","2026/4/6 0:00:33"
"45\45_03_macro_dictator\full_eval\epoch_0030\images\cezanne_00212_to_cezanne.jpg","17087","0.016295","2026/4/6 0:00:34"
"45\45_03_macro_dictator\full_eval\epoch_0030\images\cezanne_00212_to_Hayao.jpg","16887","0.016105","2026/4/6 0:00:30"
"45\45_03_macro_dictator\full_eval\epoch_0030\images\cezanne_00212_to_monet.jpg","16429","0.015668","2026/4/6 0:00:31"
"45\45_03_macro_dictator\full_eval\epoch_0030\images\cezanne_00212_to_photo.jpg","16550","0.015783","2026/4/6 0:00:29"
"45\45_03_macro_dictator\full_eval\epoch_0030\images\cezanne_00212_to_vangogh.jpg","16321","0.015565","2026/4/6 0:00:33"
"45\45_03_macro_dictator\full_eval\epoch_0030\images\cezanne_00219_to_cezanne.jpg","16510","0.015745","2026/4/6 0:00:34"
"45\45_03_macro_dictator\full_eval\epoch_0030\images\cezanne_00219_to_Hayao.jpg","16429","0.015668","2026/4/6 0:00:30"
"45\45_03_macro_dictator\full_eval\epoch_0030\images\cezanne_00219_to_monet.jpg","15929","0.015191","2026/4/6 0:00:31"
"45\45_03_macro_dictator\full_eval\epoch_0030\images\cezanne_00219_to_photo.jpg","16300","0.015545","2026/4/6 0:00:29"
"45\45_03_macro_dictator\full_eval\epoch_0030\images\cezanne_00219_to_vangogh.jpg","16859","0.016078","2026/4/6 0:00:33"
"45\45_03_macro_dictator\full_eval\epoch_0030\images\cezanne_00223_to_cezanne.jpg","16490","0.015726","2026/4/6 0:00:34"
"45\45_03_macro_dictator\full_eval\epoch_0030\images\cezanne_00223_to_Hayao.jpg","17098","0.016306","2026/4/6 0:00:30"
"45\45_03_macro_dictator\full_eval\epoch_0030\images\cezanne_00223_to_monet.jpg","16032","0.015289","2026/4/6 0:00:31"
"45\45_03_macro_dictator\full_eval\epoch_0030\images\cezanne_00223_to_photo.jpg","16704","0.01593","2026/4/6 0:00:29"
"45\45_03_macro_dictator\full_eval\epoch_0030\images\cezanne_00223_to_vangogh.jpg","15957","0.015218","2026/4/6 0:00:33"
"45\45_03_macro_dictator\full_eval\epoch_0030\images\cezanne_00263_to_cezanne.jpg","15882","0.015146","2026/4/6 0:00:34"
"45\45_03_macro_dictator\full_eval\epoch_0030\images\cezanne_00263_to_Hayao.jpg","16351","0.015594","2026/4/6 0:00:30"
"45\45_03_macro_dictator\full_eval\epoch_0030\images\cezanne_00263_to_monet.jpg","13993","0.013345","2026/4/6 0:00:31"
"45\45_03_macro_dictator\full_eval\epoch_0030\images\cezanne_00263_to_photo.jpg","15968","0.015228","2026/4/6 0:00:29"
"45\45_03_macro_dictator\full_eval\epoch_0030\images\cezanne_00263_to_vangogh.jpg","15191","0.014487","2026/4/6 0:00:33"
"45\45_03_macro_dictator\full_eval\epoch_0030\images\cezanne_00271_to_cezanne.jpg","16559","0.015792","2026/4/6 0:00:38"
"45\45_03_macro_dictator\full_eval\epoch_0030\images\cezanne_00271_to_Hayao.jpg","17081","0.01629","2026/4/6 0:00:36"
"45\45_03_macro_dictator\full_eval\epoch_0030\images\cezanne_00271_to_monet.jpg","14983","0.014289","2026/4/6 0:00:37"
"45\45_03_macro_dictator\full_eval\epoch_0030\images\cezanne_00271_to_photo.jpg","16161","0.015412","2026/4/6 0:00:35"
"45\45_03_macro_dictator\full_eval\epoch_0030\images\cezanne_00271_to_vangogh.jpg","16033","0.01529","2026/4/6 0:00:38"
"45\45_03_macro_dictator\full_eval\epoch_0030\images\cezanne_00275_to_cezanne.jpg","16839","0.016059","2026/4/6 0:00:34"
"45\45_03_macro_dictator\full_eval\epoch_0030\images\cezanne_00275_to_Hayao.jpg","17854","0.017027","2026/4/6 0:00:30"
"45\45_03_macro_dictator\full_eval\epoch_0030\images\cezanne_00275_to_monet.jpg","15760","0.01503","2026/4/6 0:00:31"
"45\45_03_macro_dictator\full_eval\epoch_0030\images\cezanne_00275_to_photo.jpg","16948","0.016163","2026/4/6 0:00:29"
"45\45_03_macro_dictator\full_eval\epoch_0030\images\cezanne_00275_to_vangogh.jpg","15969","0.015229","2026/4/6 0:00:33"
"45\45_03_macro_dictator\full_eval\epoch_0030\images\cezanne_00286_to_cezanne.jpg","16691","0.015918","2026/4/6 0:00:38"
"45\45_03_macro_dictator\full_eval\epoch_0030\images\cezanne_00286_to_Hayao.jpg","17021","0.016232","2026/4/6 0:00:36"
"45\45_03_macro_dictator\full_eval\epoch_0030\images\cezanne_00286_to_monet.jpg","16608","0.015839","2026/4/6 0:00:37"
"45\45_03_macro_dictator\full_eval\epoch_0030\images\cezanne_00286_to_photo.jpg","15851","0.015117","2026/4/6 0:00:35"
"45\45_03_macro_dictator\full_eval\epoch_0030\images\cezanne_00286_to_vangogh.jpg","16084","0.015339","2026/4/6 0:00:38"
"45\45_03_macro_dictator\full_eval\epoch_0030\images\cezanne_00298_to_cezanne.jpg","17468","0.016659","2026/4/6 0:00:34"
"45\45_03_macro_dictator\full_eval\epoch_0030\images\cezanne_00298_to_Hayao.jpg","18447","0.017592","2026/4/6 0:00:30"
"45\45_03_macro_dictator\full_eval\epoch_0030\images\cezanne_00298_to_monet.jpg","16354","0.015596","2026/4/6 0:00:31"
"45\45_03_macro_dictator\full_eval\epoch_0030\images\cezanne_00298_to_photo.jpg","17571","0.016757","2026/4/6 0:00:29"
"45\45_03_macro_dictator\full_eval\epoch_0030\images\cezanne_00298_to_vangogh.jpg","17470","0.016661","2026/4/6 0:00:33"
"45\45_03_macro_dictator\full_eval\epoch_0030\images\cezanne_00303_to_cezanne.jpg","16708","0.015934","2026/4/6 0:00:38"
"45\45_03_macro_dictator\full_eval\epoch_0030\images\cezanne_00303_to_Hayao.jpg","16923","0.016139","2026/4/6 0:00:36"
"45\45_03_macro_dictator\full_eval\epoch_0030\images\cezanne_00303_to_monet.jpg","15573","0.014852","2026/4/6 0:00:37"
"45\45_03_macro_dictator\full_eval\epoch_0030\images\cezanne_00303_to_photo.jpg","15981","0.015241","2026/4/6 0:00:35"
"45\45_03_macro_dictator\full_eval\epoch_0030\images\cezanne_00303_to_vangogh.jpg","16884","0.016102","2026/4/6 0:00:38"
"45\45_03_macro_dictator\full_eval\epoch_0030\images\cezanne_00332_to_cezanne.jpg","17148","0.016354","2026/4/6 0:00:34"
"45\45_03_macro_dictator\full_eval\epoch_0030\images\cezanne_00332_to_Hayao.jpg","16739","0.015964","2026/4/6 0:00:30"
"45\45_03_macro_dictator\full_eval\epoch_0030\images\cezanne_00332_to_monet.jpg","16725","0.01595","2026/4/6 0:00:31"
"45\45_03_macro_dictator\full_eval\epoch_0030\images\cezanne_00332_to_photo.jpg","16875","0.016093","2026/4/6 0:00:29"
"45\45_03_macro_dictator\full_eval\epoch_0030\images\cezanne_00332_to_vangogh.jpg","16332","0.015575","2026/4/6 0:00:33"
"45\45_03_macro_dictator\full_eval\epoch_0030\images\cezanne_00335_to_cezanne.jpg","16606","0.015837","2026/4/6 0:00:34"
"45\45_03_macro_dictator\full_eval\epoch_0030\images\cezanne_00335_to_Hayao.jpg","16905","0.016122","2026/4/6 0:00:30"
"45\45_03_macro_dictator\full_eval\epoch_0030\images\cezanne_00335_to_monet.jpg","16542","0.015776","2026/4/6 0:00:31"
"45\45_03_macro_dictator\full_eval\epoch_0030\images\cezanne_00335_to_photo.jpg","16669","0.015897","2026/4/6 0:00:29"
"45\45_03_macro_dictator\full_eval\epoch_0030\images\cezanne_00335_to_vangogh.jpg","15794","0.015062","2026/4/6 0:00:33"
"45\45_03_macro_dictator\full_eval\epoch_0030\images\cezanne_00342_to_cezanne.jpg","16880","0.016098","2026/4/6 0:00:34"
"45\45_03_macro_dictator\full_eval\epoch_0030\images\cezanne_00342_to_Hayao.jpg","17151","0.016356","2026/4/6 0:00:30"
"45\45_03_macro_dictator\full_eval\epoch_0030\images\cezanne_00342_to_monet.jpg","15825","0.015092","2026/4/6 0:00:31"
"45\45_03_macro_dictator\full_eval\epoch_0030\images\cezanne_00342_to_photo.jpg","15913","0.015176","2026/4/6 0:00:29"
"45\45_03_macro_dictator\full_eval\epoch_0030\images\cezanne_00342_to_vangogh.jpg","16187","0.015437","2026/4/6 0:00:33"
"45\45_03_macro_dictator\full_eval\epoch_0030\images\cezanne_00348_to_cezanne.jpg","16781","0.016004","2026/4/6 0:00:34"
"45\45_03_macro_dictator\full_eval\epoch_0030\images\cezanne_00348_to_Hayao.jpg","17399","0.016593","2026/4/6 0:00:30"
"45\45_03_macro_dictator\full_eval\epoch_0030\images\cezanne_00348_to_monet.jpg","15654","0.014929","2026/4/6 0:00:31"
"45\45_03_macro_dictator\full_eval\epoch_0030\images\cezanne_00348_to_photo.jpg","15848","0.015114","2026/4/6 0:00:29"
"45\45_03_macro_dictator\full_eval\epoch_0030\images\cezanne_00348_to_vangogh.jpg","16088","0.015343","2026/4/6 0:00:33"
"45\45_03_macro_dictator\full_eval\epoch_0030\images\cezanne_00375_to_cezanne.jpg","17073","0.016282","2026/4/6 0:00:38"
"45\45_03_macro_dictator\full_eval\epoch_0030\images\cezanne_00375_to_Hayao.jpg","17092","0.0163","2026/4/6 0:00:36"
"45\45_03_macro_dictator\full_eval\epoch_0030\images\cezanne_00375_to_monet.jpg","15484","0.014767","2026/4/6 0:00:37"
"45\45_03_macro_dictator\full_eval\epoch_0030\images\cezanne_00375_to_photo.jpg","16126","0.015379","2026/4/6 0:00:35"
"45\45_03_macro_dictator\full_eval\epoch_0030\images\cezanne_00375_to_vangogh.jpg","15737","0.015008","2026/4/6 0:00:38"
"45\45_03_macro_dictator\full_eval\epoch_0030\images\cezanne_00379_to_cezanne.jpg","17534","0.016722","2026/4/6 0:00:34"
"45\45_03_macro_dictator\full_eval\epoch_0030\images\cezanne_00379_to_Hayao.jpg","16782","0.016005","2026/4/6 0:00:30"
"45\45_03_macro_dictator\full_eval\epoch_0030\images\cezanne_00379_to_monet.jpg","15446","0.01473","2026/4/6 0:00:31"
"45\45_03_macro_dictator\full_eval\epoch_0030\images\cezanne_00379_to_photo.jpg","16749","0.015973","2026/4/6 0:00:29"
"45\45_03_macro_dictator\full_eval\epoch_0030\images\cezanne_00379_to_vangogh.jpg","16837","0.016057","2026/4/6 0:00:33"
"45\45_03_macro_dictator\full_eval\epoch_0030\images\cezanne_00382_to_cezanne.jpg","17446","0.016638","2026/4/6 0:00:38"
"45\45_03_macro_dictator\full_eval\epoch_0030\images\cezanne_00382_to_Hayao.jpg","17288","0.016487","2026/4/6 0:00:36"
"45\45_03_macro_dictator\full_eval\epoch_0030\images\cezanne_00382_to_monet.jpg","17139","0.016345","2026/4/6 0:00:37"
"45\45_03_macro_dictator\full_eval\epoch_0030\images\cezanne_00382_to_photo.jpg","17093","0.016301","2026/4/6 0:00:35"
"45\45_03_macro_dictator\full_eval\epoch_0030\images\cezanne_00382_to_vangogh.jpg","16840","0.01606","2026/4/6 0:00:38"
"45\45_03_macro_dictator\full_eval\epoch_0030\images\cezanne_00388_to_cezanne.jpg","16807","0.016028","2026/4/6 0:00:34"
"45\45_03_macro_dictator\full_eval\epoch_0030\images\cezanne_00388_to_Hayao.jpg","16623","0.015853","2026/4/6 0:00:30"
"45\45_03_macro_dictator\full_eval\epoch_0030\images\cezanne_00388_to_monet.jpg","16618","0.015848","2026/4/6 0:00:31"
"45\45_03_macro_dictator\full_eval\epoch_0030\images\cezanne_00388_to_photo.jpg","17333","0.01653","2026/4/6 0:00:29"
"45\45_03_macro_dictator\full_eval\epoch_0030\images\cezanne_00388_to_vangogh.jpg","16273","0.015519","2026/4/6 0:00:33"
"45\45_03_macro_dictator\full_eval\epoch_0030\images\cezanne_00393_to_cezanne.jpg","16707","0.015933","2026/4/6 0:00:38"
"45\45_03_macro_dictator\full_eval\epoch_0030\images\cezanne_00393_to_Hayao.jpg","17601","0.016786","2026/4/6 0:00:36"
"45\45_03_macro_dictator\full_eval\epoch_0030\images\cezanne_00393_to_monet.jpg","16413","0.015653","2026/4/6 0:00:37"
"45\45_03_macro_dictator\full_eval\epoch_0030\images\cezanne_00393_to_photo.jpg","16325","0.015569","2026/4/6 0:00:35"
"45\45_03_macro_dictator\full_eval\epoch_0030\images\cezanne_00393_to_vangogh.jpg","15434","0.014719","2026/4/6 0:00:38"
"45\45_03_macro_dictator\full_eval\epoch_0030\images\cezanne_00411_to_cezanne.jpg","16902","0.016119","2026/4/6 0:00:34"
"45\45_03_macro_dictator\full_eval\epoch_0030\images\cezanne_00411_to_Hayao.jpg","17265","0.016465","2026/4/6 0:00:30"
"45\45_03_macro_dictator\full_eval\epoch_0030\images\cezanne_00411_to_monet.jpg","16247","0.015494","2026/4/6 0:00:31"
"45\45_03_macro_dictator\full_eval\epoch_0030\images\cezanne_00411_to_photo.jpg","15984","0.015244","2026/4/6 0:00:29"
"45\45_03_macro_dictator\full_eval\epoch_0030\images\cezanne_00411_to_vangogh.jpg","16353","0.015595","2026/4/6 0:00:33"
"45\45_03_macro_dictator\full_eval\epoch_0030\images\cezanne_00428_to_cezanne.jpg","16781","0.016004","2026/4/6 0:00:34"
"45\45_03_macro_dictator\full_eval\epoch_0030\images\cezanne_00428_to_Hayao.jpg","16656","0.015884","2026/4/6 0:00:30"
"45\45_03_macro_dictator\full_eval\epoch_0030\images\cezanne_00428_to_monet.jpg","16294","0.015539","2026/4/6 0:00:31"
"45\45_03_macro_dictator\full_eval\epoch_0030\images\cezanne_00428_to_photo.jpg","16151","0.015403","2026/4/6 0:00:29"
"45\45_03_macro_dictator\full_eval\epoch_0030\images\cezanne_00428_to_vangogh.jpg","15993","0.015252","2026/4/6 0:00:33"
"45\45_03_macro_dictator\full_eval\epoch_0030\images\cezanne_00437_to_cezanne.jpg","17599","0.016784","2026/4/6 0:00:34"
"45\45_03_macro_dictator\full_eval\epoch_0030\images\cezanne_00437_to_Hayao.jpg","17280","0.016479","2026/4/6 0:00:30"
"45\45_03_macro_dictator\full_eval\epoch_0030\images\cezanne_00437_to_monet.jpg","15780","0.015049","2026/4/6 0:00:31"
"45\45_03_macro_dictator\full_eval\epoch_0030\images\cezanne_00437_to_photo.jpg","16940","0.016155","2026/4/6 0:00:29"
"45\45_03_macro_dictator\full_eval\epoch_0030\images\cezanne_00437_to_vangogh.jpg","16364","0.015606","2026/4/6 0:00:33"
"45\45_03_macro_dictator\full_eval\epoch_0030\images\cezanne_00517_to_cezanne.jpg","15409","0.014695","2026/4/6 0:00:38"
"45\45_03_macro_dictator\full_eval\epoch_0030\images\cezanne_00517_to_Hayao.jpg","16610","0.015841","2026/4/6 0:00:36"
"45\45_03_macro_dictator\full_eval\epoch_0030\images\cezanne_00517_to_monet.jpg","15077","0.014379","2026/4/6 0:00:37"
"45\45_03_macro_dictator\full_eval\epoch_0030\images\cezanne_00517_to_photo.jpg","15445","0.014729","2026/4/6 0:00:35"
"45\45_03_macro_dictator\full_eval\epoch_0030\images\cezanne_00517_to_vangogh.jpg","15342","0.014631","2026/4/6 0:00:38"
"45\45_03_macro_dictator\full_eval\epoch_0030\images\cezanne_00546_to_cezanne.jpg","16841","0.016061","2026/4/6 0:00:38"
"45\45_03_macro_dictator\full_eval\epoch_0030\images\cezanne_00546_to_Hayao.jpg","17332","0.016529","2026/4/6 0:00:36"
"45\45_03_macro_dictator\full_eval\epoch_0030\images\cezanne_00546_to_monet.jpg","16099","0.015353","2026/4/6 0:00:37"
"45\45_03_macro_dictator\full_eval\epoch_0030\images\cezanne_00546_to_photo.jpg","17292","0.016491","2026/4/6 0:00:35"
"45\45_03_macro_dictator\full_eval\epoch_0030\images\cezanne_00546_to_vangogh.jpg","16980","0.016193","2026/4/6 0:00:38"
"45\45_03_macro_dictator\full_eval\epoch_0030\images\cezanne_00576_to_cezanne.jpg","16909","0.016126","2026/4/6 0:00:38"
"45\45_03_macro_dictator\full_eval\epoch_0030\images\cezanne_00576_to_Hayao.jpg","17323","0.016521","2026/4/6 0:00:36"
"45\45_03_macro_dictator\full_eval\epoch_0030\images\cezanne_00576_to_monet.jpg","16235","0.015483","2026/4/6 0:00:37"
"45\45_03_macro_dictator\full_eval\epoch_0030\images\cezanne_00576_to_photo.jpg","16646","0.015875","2026/4/6 0:00:35"
"45\45_03_macro_dictator\full_eval\epoch_0030\images\cezanne_00576_to_vangogh.jpg","17036","0.016247","2026/4/6 0:00:38"
"45\45_03_macro_dictator\full_eval\epoch_0030\images\cezanne_00582_to_cezanne.jpg","16512","0.015747","2026/4/6 0:00:34"
"45\45_03_macro_dictator\full_eval\epoch_0030\images\cezanne_00582_to_Hayao.jpg","16986","0.016199","2026/4/6 0:00:30"
"45\45_03_macro_dictator\full_eval\epoch_0030\images\cezanne_00582_to_monet.jpg","16073","0.015328","2026/4/6 0:00:31"
"45\45_03_macro_dictator\full_eval\epoch_0030\images\cezanne_00582_to_photo.jpg","16557","0.01579","2026/4/6 0:00:29"
"45\45_03_macro_dictator\full_eval\epoch_0030\images\cezanne_00582_to_vangogh.jpg","15996","0.015255","2026/4/6 0:00:33"
"45\45_03_macro_dictator\full_eval\epoch_0030\images\cezanne_00605_to_cezanne.jpg","17015","0.016227","2026/4/6 0:00:38"
"45\45_03_macro_dictator\full_eval\epoch_0030\images\cezanne_00605_to_Hayao.jpg","17963","0.017131","2026/4/6 0:00:36"
"45\45_03_macro_dictator\full_eval\epoch_0030\images\cezanne_00605_to_monet.jpg","16942","0.016157","2026/4/6 0:00:37"
"45\45_03_macro_dictator\full_eval\epoch_0030\images\cezanne_00605_to_photo.jpg","17511","0.0167","2026/4/6 0:00:35"
"45\45_03_macro_dictator\full_eval\epoch_0030\images\cezanne_00605_to_vangogh.jpg","17211","0.016414","2026/4/6 0:00:38"
"45\45_03_macro_dictator\full_eval\epoch_0030\images\Hayao_0_to_cezanne.jpg","17392","0.016586","2026/4/6 0:00:06"
"45\45_03_macro_dictator\full_eval\epoch_0030\images\Hayao_0_to_Hayao.jpg","16891","0.016109","2026/4/6 0:00:02"
"45\45_03_macro_dictator\full_eval\epoch_0030\images\Hayao_0_to_monet.jpg","16418","0.015657","2026/4/6 0:00:03"
"45\45_03_macro_dictator\full_eval\epoch_0030\images\Hayao_0_to_photo.jpg","15852","0.015118","2026/4/6 0:00:00"
"45\45_03_macro_dictator\full_eval\epoch_0030\images\Hayao_0_to_vangogh.jpg","16355","0.015597","2026/4/6 0:00:04"
"45\45_03_macro_dictator\full_eval\epoch_0030\images\Hayao_1000_to_cezanne.jpg","17982","0.017149","2026/4/6 0:00:06"
"45\45_03_macro_dictator\full_eval\epoch_0030\images\Hayao_1000_to_Hayao.jpg","17478","0.016668","2026/4/6 0:00:02"
"45\45_03_macro_dictator\full_eval\epoch_0030\images\Hayao_1000_to_monet.jpg","16775","0.015998","2026/4/6 0:00:03"
"45\45_03_macro_dictator\full_eval\epoch_0030\images\Hayao_1000_to_photo.jpg","17080","0.016289","2026/4/6 0:00:00"
"45\45_03_macro_dictator\full_eval\epoch_0030\images\Hayao_1000_to_vangogh.jpg","17481","0.016671","2026/4/6 0:00:04"
"45\45_03_macro_dictator\full_eval\epoch_0030\images\Hayao_1001_to_cezanne.jpg","16429","0.015668","2026/4/5 23:59:59"
"45\45_03_macro_dictator\full_eval\epoch_0030\images\Hayao_1001_to_Hayao.jpg","16281","0.015527","2026/4/5 23:59:55"
"45\45_03_macro_dictator\full_eval\epoch_0030\images\Hayao_1001_to_monet.jpg","16296","0.015541","2026/4/5 23:59:56"
"45\45_03_macro_dictator\full_eval\epoch_0030\images\Hayao_1001_to_photo.jpg","14379","0.013713","2026/4/5 23:59:53"
"45\45_03_macro_dictator\full_eval\epoch_0030\images\Hayao_1001_to_vangogh.jpg","15704","0.014977","2026/4/5 23:59:57"
"45\45_03_macro_dictator\full_eval\epoch_0030\images\Hayao_1006_to_cezanne.jpg","17017","0.016229","2026/4/5 23:59:59"
"45\45_03_macro_dictator\full_eval\epoch_0030\images\Hayao_1006_to_Hayao.jpg","16624","0.015854","2026/4/5 23:59:55"
"45\45_03_macro_dictator\full_eval\epoch_0030\images\Hayao_1006_to_monet.jpg","16629","0.015859","2026/4/5 23:59:56"
"45\45_03_macro_dictator\full_eval\epoch_0030\images\Hayao_1006_to_photo.jpg","15389","0.014676","2026/4/5 23:59:53"
"45\45_03_macro_dictator\full_eval\epoch_0030\images\Hayao_1006_to_vangogh.jpg","16403","0.015643","2026/4/5 23:59:57"
"45\45_03_macro_dictator\full_eval\epoch_0030\images\Hayao_1007_to_cezanne.jpg","17018","0.01623","2026/4/6 0:00:06"
"45\45_03_macro_dictator\full_eval\epoch_0030\images\Hayao_1007_to_Hayao.jpg","17635","0.016818","2026/4/6 0:00:02"
"45\45_03_macro_dictator\full_eval\epoch_0030\images\Hayao_1007_to_monet.jpg","16128","0.015381","2026/4/6 0:00:03"
"45\45_03_macro_dictator\full_eval\epoch_0030\images\Hayao_1007_to_photo.jpg","16561","0.015794","2026/4/6 0:00:00"
"45\45_03_macro_dictator\full_eval\epoch_0030\images\Hayao_1007_to_vangogh.jpg","16012","0.01527","2026/4/6 0:00:04"
"45\45_03_macro_dictator\full_eval\epoch_0030\images\Hayao_1008_to_cezanne.jpg","16722","0.015947","2026/4/5 23:59:59"
"45\45_03_macro_dictator\full_eval\epoch_0030\images\Hayao_1008_to_Hayao.jpg","17003","0.016215","2026/4/5 23:59:55"
"45\45_03_macro_dictator\full_eval\epoch_0030\images\Hayao_1008_to_monet.jpg","15989","0.015248","2026/4/5 23:59:56"
"45\45_03_macro_dictator\full_eval\epoch_0030\images\Hayao_1008_to_photo.jpg","16754","0.015978","2026/4/5 23:59:53"
"45\45_03_macro_dictator\full_eval\epoch_0030\images\Hayao_1008_to_vangogh.jpg","16122","0.015375","2026/4/5 23:59:57"
"45\45_03_macro_dictator\full_eval\epoch_0030\images\Hayao_1009_to_cezanne.jpg","16514","0.015749","2026/4/6 0:00:06"
"45\45_03_macro_dictator\full_eval\epoch_0030\images\Hayao_1009_to_Hayao.jpg","17362","0.016558","2026/4/6 0:00:02"
"45\45_03_macro_dictator\full_eval\epoch_0030\images\Hayao_1009_to_monet.jpg","16101","0.015355","2026/4/6 0:00:03"
"45\45_03_macro_dictator\full_eval\epoch_0030\images\Hayao_1009_to_photo.jpg","16209","0.015458","2026/4/6 0:00:00"
"45\45_03_macro_dictator\full_eval\epoch_0030\images\Hayao_1009_to_vangogh.jpg","15899","0.015162","2026/4/6 0:00:04"
"45\45_03_macro_dictator\full_eval\epoch_0030\images\Hayao_1012_to_cezanne.jpg","16361","0.015603","2026/4/5 23:59:59"
"45\45_03_macro_dictator\full_eval\epoch_0030\images\Hayao_1012_to_Hayao.jpg","16789","0.016011","2026/4/5 23:59:55"
"45\45_03_macro_dictator\full_eval\epoch_0030\images\Hayao_1012_to_monet.jpg","16872","0.01609","2026/4/5 23:59:56"
"45\45_03_macro_dictator\full_eval\epoch_0030\images\Hayao_1012_to_photo.jpg","15159","0.014457","2026/4/5 23:59:53"
"45\45_03_macro_dictator\full_eval\epoch_0030\images\Hayao_1012_to_vangogh.jpg","16515","0.01575","2026/4/5 23:59:57"
"45\45_03_macro_dictator\full_eval\epoch_0030\images\Hayao_1014_to_cezanne.jpg","15327","0.014617","2026/4/6 0:00:06"
"45\45_03_macro_dictator\full_eval\epoch_0030\images\Hayao_1014_to_Hayao.jpg","16243","0.015491","2026/4/6 0:00:02"
"45\45_03_macro_dictator\full_eval\epoch_0030\images\Hayao_1014_to_monet.jpg","14683","0.014003","2026/4/6 0:00:03"
"45\45_03_macro_dictator\full_eval\epoch_0030\images\Hayao_1014_to_photo.jpg","14883","0.014194","2026/4/6 0:00:00"
"45\45_03_macro_dictator\full_eval\epoch_0030\images\Hayao_1014_to_vangogh.jpg","14673","0.013993","2026/4/6 0:00:04"
"45\45_03_macro_dictator\full_eval\epoch_0030\images\Hayao_1015_to_cezanne.jpg","16646","0.015875","2026/4/5 23:59:59"
"45\45_03_macro_dictator\full_eval\epoch_0030\images\Hayao_1015_to_Hayao.jpg","17573","0.016759","2026/4/5 23:59:55"
"45\45_03_macro_dictator\full_eval\epoch_0030\images\Hayao_1015_to_monet.jpg","16323","0.015567","2026/4/5 23:59:56"
"45\45_03_macro_dictator\full_eval\epoch_0030\images\Hayao_1015_to_photo.jpg","17418","0.016611","2026/4/5 23:59:53"
"45\45_03_macro_dictator\full_eval\epoch_0030\images\Hayao_1015_to_vangogh.jpg","17085","0.016294","2026/4/5 23:59:57"
"45\45_03_macro_dictator\full_eval\epoch_0030\images\Hayao_1016_to_cezanne.jpg","16046","0.015303","2026/4/6 0:00:06"
"45\45_03_macro_dictator\full_eval\epoch_0030\images\Hayao_1016_to_Hayao.jpg","16712","0.015938","2026/4/6 0:00:02"
"45\45_03_macro_dictator\full_eval\epoch_0030\images\Hayao_1016_to_monet.jpg","15962","0.015223","2026/4/6 0:00:03"
"45\45_03_macro_dictator\full_eval\epoch_0030\images\Hayao_1016_to_photo.jpg","14796","0.014111","2026/4/6 0:00:00"
"45\45_03_macro_dictator\full_eval\epoch_0030\images\Hayao_1016_to_vangogh.jpg","15289","0.014581","2026/4/6 0:00:04"
"45\45_03_macro_dictator\full_eval\epoch_0030\images\Hayao_1017_to_cezanne.jpg","16377","0.015618","2026/4/6 0:00:06"
"45\45_03_macro_dictator\full_eval\epoch_0030\images\Hayao_1017_to_Hayao.jpg","15539","0.014819","2026/4/6 0:00:02"
"45\45_03_macro_dictator\full_eval\epoch_0030\images\Hayao_1017_to_monet.jpg","15117","0.014417","2026/4/6 0:00:03"
"45\45_03_macro_dictator\full_eval\epoch_0030\images\Hayao_1017_to_photo.jpg","13808","0.013168","2026/4/6 0:00:00"
"45\45_03_macro_dictator\full_eval\epoch_0030\images\Hayao_1017_to_vangogh.jpg","15523","0.014804","2026/4/6 0:00:04"
"45\45_03_macro_dictator\full_eval\epoch_0030\images\Hayao_1018_to_cezanne.jpg","16952","0.016167","2026/4/6 0:00:06"
"45\45_03_macro_dictator\full_eval\epoch_0030\images\Hayao_1018_to_Hayao.jpg","16976","0.01619","2026/4/6 0:00:02"
"45\45_03_macro_dictator\full_eval\epoch_0030\images\Hayao_1018_to_monet.jpg","16375","0.015616","2026/4/6 0:00:03"
"45\45_03_macro_dictator\full_eval\epoch_0030\images\Hayao_1018_to_photo.jpg","17607","0.016791","2026/4/6 0:00:00"
"45\45_03_macro_dictator\full_eval\epoch_0030\images\Hayao_1018_to_vangogh.jpg","16205","0.015454","2026/4/6 0:00:04"
"45\45_03_macro_dictator\full_eval\epoch_0030\images\Hayao_1019_to_cezanne.jpg","13900","0.013256","2026/4/5 23:59:59"
"45\45_03_macro_dictator\full_eval\epoch_0030\images\Hayao_1019_to_Hayao.jpg","15105","0.014405","2026/4/5 23:59:55"
"45\45_03_macro_dictator\full_eval\epoch_0030\images\Hayao_1019_to_monet.jpg","13315","0.012698","2026/4/5 23:59:56"
"45\45_03_macro_dictator\full_eval\epoch_0030\images\Hayao_1019_to_photo.jpg","14517","0.013844","2026/4/5 23:59:53"
"45\45_03_macro_dictator\full_eval\epoch_0030\images\Hayao_1019_to_vangogh.jpg","12982","0.012381","2026/4/5 23:59:57"
"45\45_03_macro_dictator\full_eval\epoch_0030\images\Hayao_1020_to_cezanne.jpg","15901","0.015164","2026/4/5 23:59:59"
"45\45_03_macro_dictator\full_eval\epoch_0030\images\Hayao_1020_to_Hayao.jpg","16506","0.015741","2026/4/5 23:59:55"
"45\45_03_macro_dictator\full_eval\epoch_0030\images\Hayao_1020_to_monet.jpg","15172","0.014469","2026/4/5 23:59:56"
"45\45_03_macro_dictator\full_eval\epoch_0030\images\Hayao_1020_to_photo.jpg","15629","0.014905","2026/4/5 23:59:53"
"45\45_03_macro_dictator\full_eval\epoch_0030\images\Hayao_1020_to_vangogh.jpg","15504","0.014786","2026/4/5 23:59:57"
"45\45_03_macro_dictator\full_eval\epoch_0030\images\Hayao_1021_to_cezanne.jpg","16383","0.015624","2026/4/5 23:59:59"
"45\45_03_macro_dictator\full_eval\epoch_0030\images\Hayao_1021_to_Hayao.jpg","18027","0.017192","2026/4/5 23:59:55"
"45\45_03_macro_dictator\full_eval\epoch_0030\images\Hayao_1021_to_monet.jpg","15496","0.014778","2026/4/5 23:59:56"
"45\45_03_macro_dictator\full_eval\epoch_0030\images\Hayao_1021_to_photo.jpg","16538","0.015772","2026/4/5 23:59:53"
"45\45_03_macro_dictator\full_eval\epoch_0030\images\Hayao_1021_to_vangogh.jpg","16203","0.015452","2026/4/5 23:59:57"
"45\45_03_macro_dictator\full_eval\epoch_0030\images\Hayao_1023_to_cezanne.jpg","16445","0.015683","2026/4/6 0:00:06"
"45\45_03_macro_dictator\full_eval\epoch_0030\images\Hayao_1023_to_Hayao.jpg","16368","0.01561","2026/4/6 0:00:02"
"45\45_03_macro_dictator\full_eval\epoch_0030\images\Hayao_1023_to_monet.jpg","14944","0.014252","2026/4/6 0:00:03"
"45\45_03_macro_dictator\full_eval\epoch_0030\images\Hayao_1023_to_photo.jpg","16092","0.015347","2026/4/6 0:00:00"
"45\45_03_macro_dictator\full_eval\epoch_0030\images\Hayao_1023_to_vangogh.jpg","15683","0.014956","2026/4/6 0:00:04"
"45\45_03_macro_dictator\full_eval\epoch_0030\images\Hayao_1024_to_cezanne.jpg","16279","0.015525","2026/4/5 23:59:59"
"45\45_03_macro_dictator\full_eval\epoch_0030\images\Hayao_1024_to_Hayao.jpg","16305","0.01555","2026/4/5 23:59:55"
"45\45_03_macro_dictator\full_eval\epoch_0030\images\Hayao_1024_to_monet.jpg","15610","0.014887","2026/4/5 23:59:56"
"45\45_03_macro_dictator\full_eval\epoch_0030\images\Hayao_1024_to_photo.jpg","16114","0.015368","2026/4/5 23:59:53"
"45\45_03_macro_dictator\full_eval\epoch_0030\images\Hayao_1024_to_vangogh.jpg","16512","0.015747","2026/4/5 23:59:57"
"45\45_03_macro_dictator\full_eval\epoch_0030\images\Hayao_1025_to_cezanne.jpg","16162","0.015413","2026/4/6 0:00:06"
"45\45_03_macro_dictator\full_eval\epoch_0030\images\Hayao_1025_to_Hayao.jpg","16015","0.015273","2026/4/6 0:00:02"
"45\45_03_macro_dictator\full_eval\epoch_0030\images\Hayao_1025_to_monet.jpg","14369","0.013703","2026/4/6 0:00:03"
"45\45_03_macro_dictator\full_eval\epoch_0030\images\Hayao_1025_to_photo.jpg","15426","0.014711","2026/4/6 0:00:00"
"45\45_03_macro_dictator\full_eval\epoch_0030\images\Hayao_1025_to_vangogh.jpg","15585","0.014863","2026/4/6 0:00:04"
"45\45_03_macro_dictator\full_eval\epoch_0030\images\Hayao_1026_to_cezanne.jpg","16586","0.015818","2026/4/6 0:00:06"
"45\45_03_macro_dictator\full_eval\epoch_0030\images\Hayao_1026_to_Hayao.jpg","17243","0.016444","2026/4/6 0:00:02"
"45\45_03_macro_dictator\full_eval\epoch_0030\images\Hayao_1026_to_monet.jpg","15739","0.01501","2026/4/6 0:00:03"
"45\45_03_macro_dictator\full_eval\epoch_0030\images\Hayao_1026_to_photo.jpg","16480","0.015717","2026/4/6 0:00:00"
"45\45_03_macro_dictator\full_eval\epoch_0030\images\Hayao_1026_to_vangogh.jpg","15780","0.015049","2026/4/6 0:00:04"
"45\45_03_macro_dictator\full_eval\epoch_0030\images\Hayao_1028_to_cezanne.jpg","17289","0.016488","2026/4/6 0:00:06"
"45\45_03_macro_dictator\full_eval\epoch_0030\images\Hayao_1028_to_Hayao.jpg","16975","0.016189","2026/4/6 0:00:02"
"45\45_03_macro_dictator\full_eval\epoch_0030\images\Hayao_1028_to_monet.jpg","15702","0.014975","2026/4/6 0:00:03"
"45\45_03_macro_dictator\full_eval\epoch_0030\images\Hayao_1028_to_photo.jpg","15150","0.014448","2026/4/6 0:00:00"
"45\45_03_macro_dictator\full_eval\epoch_0030\images\Hayao_1028_to_vangogh.jpg","15404","0.01469","2026/4/6 0:00:04"
"45\45_03_macro_dictator\full_eval\epoch_0030\images\Hayao_102_to_cezanne.jpg","15718","0.01499","2026/4/6 0:00:06"
"45\45_03_macro_dictator\full_eval\epoch_0030\images\Hayao_102_to_Hayao.jpg","15207","0.014503","2026/4/6 0:00:02"
"45\45_03_macro_dictator\full_eval\epoch_0030\images\Hayao_102_to_monet.jpg","14442","0.013773","2026/4/6 0:00:03"
"45\45_03_macro_dictator\full_eval\epoch_0030\images\Hayao_102_to_photo.jpg","14823","0.014136","2026/4/6 0:00:00"
"45\45_03_macro_dictator\full_eval\epoch_0030\images\Hayao_102_to_vangogh.jpg","14647","0.013968","2026/4/6 0:00:04"
"45\45_03_macro_dictator\full_eval\epoch_0030\images\Hayao_1033_to_cezanne.jpg","17431","0.016623","2026/4/6 0:00:06"
"45\45_03_macro_dictator\full_eval\epoch_0030\images\Hayao_1033_to_Hayao.jpg","17930","0.017099","2026/4/6 0:00:02"
"45\45_03_macro_dictator\full_eval\epoch_0030\images\Hayao_1033_to_monet.jpg","16317","0.015561","2026/4/6 0:00:03"
"45\45_03_macro_dictator\full_eval\epoch_0030\images\Hayao_1033_to_photo.jpg","17497","0.016686","2026/4/6 0:00:00"
"45\45_03_macro_dictator\full_eval\epoch_0030\images\Hayao_1033_to_vangogh.jpg","16518","0.015753","2026/4/6 0:00:04"
"45\45_03_macro_dictator\full_eval\epoch_0030\images\Hayao_1039_to_cezanne.jpg","17013","0.016225","2026/4/6 0:00:06"
"45\45_03_macro_dictator\full_eval\epoch_0030\images\Hayao_1039_to_Hayao.jpg","16657","0.015885","2026/4/6 0:00:02"
"45\45_03_macro_dictator\full_eval\epoch_0030\images\Hayao_1039_to_monet.jpg","14598","0.013922","2026/4/6 0:00:03"
"45\45_03_macro_dictator\full_eval\epoch_0030\images\Hayao_1039_to_photo.jpg","15449","0.014733","2026/4/6 0:00:00"
"45\45_03_macro_dictator\full_eval\epoch_0030\images\Hayao_1039_to_vangogh.jpg","14993","0.014298","2026/4/6 0:00:04"
"45\45_03_macro_dictator\full_eval\epoch_0030\images\Hayao_103_to_cezanne.jpg","16618","0.015848","2026/4/6 0:00:06"
"45\45_03_macro_dictator\full_eval\epoch_0030\images\Hayao_103_to_Hayao.jpg","17170","0.016375","2026/4/6 0:00:02"
"45\45_03_macro_dictator\full_eval\epoch_0030\images\Hayao_103_to_monet.jpg","14655","0.013976","2026/4/6 0:00:03"
"45\45_03_macro_dictator\full_eval\epoch_0030\images\Hayao_103_to_photo.jpg","15329","0.014619","2026/4/6 0:00:00"
"45\45_03_macro_dictator\full_eval\epoch_0030\images\Hayao_103_to_vangogh.jpg","15270","0.014563","2026/4/6 0:00:04"
"45\45_03_macro_dictator\full_eval\epoch_0030\images\Hayao_1040_to_cezanne.jpg","16655","0.015883","2026/4/6 0:00:06"
"45\45_03_macro_dictator\full_eval\epoch_0030\images\Hayao_1040_to_Hayao.jpg","16132","0.015385","2026/4/6 0:00:02"
"45\45_03_macro_dictator\full_eval\epoch_0030\images\Hayao_1040_to_monet.jpg","16319","0.015563","2026/4/6 0:00:03"
"45\45_03_macro_dictator\full_eval\epoch_0030\images\Hayao_1040_to_photo.jpg","16558","0.015791","2026/4/6 0:00:00"
"45\45_03_macro_dictator\full_eval\epoch_0030\images\Hayao_1040_to_vangogh.jpg","15669","0.014943","2026/4/6 0:00:04"
"45\45_03_macro_dictator\full_eval\epoch_0030\images\Hayao_1041_to_cezanne.jpg","14876","0.014187","2026/4/6 0:00:06"
"45\45_03_macro_dictator\full_eval\epoch_0030\images\Hayao_1041_to_Hayao.jpg","15810","0.015078","2026/4/6 0:00:02"
"45\45_03_macro_dictator\full_eval\epoch_0030\images\Hayao_1041_to_monet.jpg","15749","0.015019","2026/4/6 0:00:03"
"45\45_03_macro_dictator\full_eval\epoch_0030\images\Hayao_1041_to_photo.jpg","14942","0.01425","2026/4/6 0:00:00"
"45\45_03_macro_dictator\full_eval\epoch_0030\images\Hayao_1041_to_vangogh.jpg","15132","0.014431","2026/4/6 0:00:04"
"45\45_03_macro_dictator\full_eval\epoch_0030\images\Hayao_1042_to_cezanne.jpg","15762","0.015032","2026/4/6 0:00:06"
"45\45_03_macro_dictator\full_eval\epoch_0030\images\Hayao_1042_to_Hayao.jpg","16839","0.016059","2026/4/6 0:00:02"
"45\45_03_macro_dictator\full_eval\epoch_0030\images\Hayao_1042_to_monet.jpg","15517","0.014798","2026/4/6 0:00:03"
"45\45_03_macro_dictator\full_eval\epoch_0030\images\Hayao_1042_to_photo.jpg","15806","0.015074","2026/4/6 0:00:00"
"45\45_03_macro_dictator\full_eval\epoch_0030\images\Hayao_1042_to_vangogh.jpg","16008","0.015266","2026/4/6 0:00:04"
"45\45_03_macro_dictator\full_eval\epoch_0030\images\Hayao_1044_to_cezanne.jpg","15857","0.015122","2026/4/5 23:59:59"
"45\45_03_macro_dictator\full_eval\epoch_0030\images\Hayao_1044_to_Hayao.jpg","15462","0.014746","2026/4/5 23:59:55"
"45\45_03_macro_dictator\full_eval\epoch_0030\images\Hayao_1044_to_monet.jpg","14452","0.013783","2026/4/5 23:59:56"
"45\45_03_macro_dictator\full_eval\epoch_0030\images\Hayao_1044_to_photo.jpg","15701","0.014974","2026/4/5 23:59:53"
"45\45_03_macro_dictator\full_eval\epoch_0030\images\Hayao_1044_to_vangogh.jpg","15329","0.014619","2026/4/5 23:59:57"
"45\45_03_macro_dictator\full_eval\epoch_0030\images\Hayao_1049_to_cezanne.jpg","17462","0.016653","2026/4/6 0:00:06"
"45\45_03_macro_dictator\full_eval\epoch_0030\images\Hayao_1049_to_Hayao.jpg","17109","0.016316","2026/4/6 0:00:02"
"45\45_03_macro_dictator\full_eval\epoch_0030\images\Hayao_1049_to_monet.jpg","16979","0.016192","2026/4/6 0:00:03"
"45\45_03_macro_dictator\full_eval\epoch_0030\images\Hayao_1049_to_photo.jpg","16585","0.015817","2026/4/6 0:00:00"
"45\45_03_macro_dictator\full_eval\epoch_0030\images\Hayao_1049_to_vangogh.jpg","16280","0.015526","2026/4/6 0:00:04"
"45\45_03_macro_dictator\full_eval\epoch_0030\images\monet_00018_to_cezanne.jpg","15982","0.015242","2026/4/6 0:00:13"
"45\45_03_macro_dictator\full_eval\epoch_0030\images\monet_00018_to_Hayao.jpg","16320","0.015564","2026/4/6 0:00:09"
"45\45_03_macro_dictator\full_eval\epoch_0030\images\monet_00018_to_monet.jpg","15630","0.014906","2026/4/6 0:00:10"
"45\45_03_macro_dictator\full_eval\epoch_0030\images\monet_00018_to_photo.jpg","16686","0.015913","2026/4/6 0:00:07"
"45\45_03_macro_dictator\full_eval\epoch_0030\images\monet_00018_to_vangogh.jpg","15801","0.015069","2026/4/6 0:00:11"
"45\45_03_macro_dictator\full_eval\epoch_0030\images\monet_00075_to_cezanne.jpg","16574","0.015806","2026/4/6 0:00:13"
"45\45_03_macro_dictator\full_eval\epoch_0030\images\monet_00075_to_Hayao.jpg","16816","0.016037","2026/4/6 0:00:09"
"45\45_03_macro_dictator\full_eval\epoch_0030\images\monet_00075_to_monet.jpg","15462","0.014746","2026/4/6 0:00:10"
"45\45_03_macro_dictator\full_eval\epoch_0030\images\monet_00075_to_photo.jpg","16549","0.015782","2026/4/6 0:00:07"
"45\45_03_macro_dictator\full_eval\epoch_0030\images\monet_00075_to_vangogh.jpg","16110","0.015364","2026/4/6 0:00:11"
"45\45_03_macro_dictator\full_eval\epoch_0030\images\monet_00092_to_cezanne.jpg","16766","0.015989","2026/4/6 0:00:13"
"45\45_03_macro_dictator\full_eval\epoch_0030\images\monet_00092_to_Hayao.jpg","16166","0.015417","2026/4/6 0:00:09"
"45\45_03_macro_dictator\full_eval\epoch_0030\images\monet_00092_to_monet.jpg","15666","0.01494","2026/4/6 0:00:10"
"45\45_03_macro_dictator\full_eval\epoch_0030\images\monet_00092_to_photo.jpg","16575","0.015807","2026/4/6 0:00:07"
"45\45_03_macro_dictator\full_eval\epoch_0030\images\monet_00092_to_vangogh.jpg","16499","0.015735","2026/4/6 0:00:11"
"45\45_03_macro_dictator\full_eval\epoch_0030\images\monet_00278_to_cezanne.jpg","16657","0.015885","2026/4/6 0:00:13"
"45\45_03_macro_dictator\full_eval\epoch_0030\images\monet_00278_to_Hayao.jpg","17639","0.016822","2026/4/6 0:00:09"
"45\45_03_macro_dictator\full_eval\epoch_0030\images\monet_00278_to_monet.jpg","15905","0.015168","2026/4/6 0:00:10"
"45\45_03_macro_dictator\full_eval\epoch_0030\images\monet_00278_to_photo.jpg","17576","0.016762","2026/4/6 0:00:07"
"45\45_03_macro_dictator\full_eval\epoch_0030\images\monet_00278_to_vangogh.jpg","16961","0.016175","2026/4/6 0:00:11"
"45\45_03_macro_dictator\full_eval\epoch_0030\images\monet_00282_to_cezanne.jpg","15188","0.014484","2026/4/6 0:00:13"
"45\45_03_macro_dictator\full_eval\epoch_0030\images\monet_00282_to_Hayao.jpg","17047","0.016257","2026/4/6 0:00:09"
"45\45_03_macro_dictator\full_eval\epoch_0030\images\monet_00282_to_monet.jpg","15768","0.015038","2026/4/6 0:00:10"
"45\45_03_macro_dictator\full_eval\epoch_0030\images\monet_00282_to_photo.jpg","15781","0.01505","2026/4/6 0:00:07"
"45\45_03_macro_dictator\full_eval\epoch_0030\images\monet_00282_to_vangogh.jpg","15323","0.014613","2026/4/6 0:00:11"
"45\45_03_macro_dictator\full_eval\epoch_0030\images\monet_00286_to_cezanne.jpg","16398","0.015638","2026/4/6 0:00:13"
"45\45_03_macro_dictator\full_eval\epoch_0030\images\monet_00286_to_Hayao.jpg","16540","0.015774","2026/4/6 0:00:09"
"45\45_03_macro_dictator\full_eval\epoch_0030\images\monet_00286_to_monet.jpg","15603","0.01488","2026/4/6 0:00:10"
"45\45_03_macro_dictator\full_eval\epoch_0030\images\monet_00286_to_photo.jpg","16433","0.015672","2026/4/6 0:00:07"
"45\45_03_macro_dictator\full_eval\epoch_0030\images\monet_00286_to_vangogh.jpg","15326","0.014616","2026/4/6 0:00:11"
"45\45_03_macro_dictator\full_eval\epoch_0030\images\monet_00291_to_cezanne.jpg","16266","0.015512","2026/4/6 0:00:13"
"45\45_03_macro_dictator\full_eval\epoch_0030\images\monet_00291_to_Hayao.jpg","16263","0.01551","2026/4/6 0:00:09"
"45\45_03_macro_dictator\full_eval\epoch_0030\images\monet_00291_to_monet.jpg","15786","0.015055","2026/4/6 0:00:10"
"45\45_03_macro_dictator\full_eval\epoch_0030\images\monet_00291_to_photo.jpg","15987","0.015246","2026/4/6 0:00:07"
"45\45_03_macro_dictator\full_eval\epoch_0030\images\monet_00291_to_vangogh.jpg","15160","0.014458","2026/4/6 0:00:11"
"45\45_03_macro_dictator\full_eval\epoch_0030\images\monet_00389_to_cezanne.jpg","15316","0.014606","2026/4/6 0:00:13"
"45\45_03_macro_dictator\full_eval\epoch_0030\images\monet_00389_to_Hayao.jpg","15207","0.014503","2026/4/6 0:00:09"
"45\45_03_macro_dictator\full_eval\epoch_0030\images\monet_00389_to_monet.jpg","13875","0.013232","2026/4/6 0:00:10"
"45\45_03_macro_dictator\full_eval\epoch_0030\images\monet_00389_to_photo.jpg","14691","0.01401","2026/4/6 0:00:07"
"45\45_03_macro_dictator\full_eval\epoch_0030\images\monet_00389_to_vangogh.jpg","15313","0.014604","2026/4/6 0:00:11"
"45\45_03_macro_dictator\full_eval\epoch_0030\images\monet_00429_to_cezanne.jpg","16581","0.015813","2026/4/6 0:00:20"
"45\45_03_macro_dictator\full_eval\epoch_0030\images\monet_00429_to_Hayao.jpg","16980","0.016193","2026/4/6 0:00:16"
"45\45_03_macro_dictator\full_eval\epoch_0030\images\monet_00429_to_monet.jpg","15740","0.015011","2026/4/6 0:00:17"
"45\45_03_macro_dictator\full_eval\epoch_0030\images\monet_00429_to_photo.jpg","16418","0.015657","2026/4/6 0:00:15"
"45\45_03_macro_dictator\full_eval\epoch_0030\images\monet_00429_to_vangogh.jpg","16685","0.015912","2026/4/6 0:00:18"
"45\45_03_macro_dictator\full_eval\epoch_0030\images\monet_00444_to_cezanne.jpg","16775","0.015998","2026/4/6 0:00:13"
"45\45_03_macro_dictator\full_eval\epoch_0030\images\monet_00444_to_Hayao.jpg","17512","0.016701","2026/4/6 0:00:09"
"45\45_03_macro_dictator\full_eval\epoch_0030\images\monet_00444_to_monet.jpg","16401","0.015641","2026/4/6 0:00:10"
"45\45_03_macro_dictator\full_eval\epoch_0030\images\monet_00444_to_photo.jpg","16663","0.015891","2026/4/6 0:00:07"
"45\45_03_macro_dictator\full_eval\epoch_0030\images\monet_00444_to_vangogh.jpg","16521","0.015756","2026/4/6 0:00:11"
"45\45_03_macro_dictator\full_eval\epoch_0030\images\monet_00446_to_cezanne.jpg","16675","0.015903","2026/4/6 0:00:20"
"45\45_03_macro_dictator\full_eval\epoch_0030\images\monet_00446_to_Hayao.jpg","17081","0.01629","2026/4/6 0:00:16"
"45\45_03_macro_dictator\full_eval\epoch_0030\images\monet_00446_to_monet.jpg","16390","0.015631","2026/4/6 0:00:17"
"45\45_03_macro_dictator\full_eval\epoch_0030\images\monet_00446_to_photo.jpg","16432","0.015671","2026/4/6 0:00:15"
"45\45_03_macro_dictator\full_eval\epoch_0030\images\monet_00446_to_vangogh.jpg","16093","0.015347","2026/4/6 0:00:19"
"45\45_03_macro_dictator\full_eval\epoch_0030\images\monet_00542_to_cezanne.jpg","16460","0.015697","2026/4/6 0:00:13"
"45\45_03_macro_dictator\full_eval\epoch_0030\images\monet_00542_to_Hayao.jpg","16818","0.016039","2026/4/6 0:00:09"
"45\45_03_macro_dictator\full_eval\epoch_0030\images\monet_00542_to_monet.jpg","15579","0.014857","2026/4/6 0:00:10"
"45\45_03_macro_dictator\full_eval\epoch_0030\images\monet_00542_to_photo.jpg","16038","0.015295","2026/4/6 0:00:07"
"45\45_03_macro_dictator\full_eval\epoch_0030\images\monet_00542_to_vangogh.jpg","16111","0.015365","2026/4/6 0:00:11"
"45\45_03_macro_dictator\full_eval\epoch_0030\images\monet_00557_to_cezanne.jpg","16850","0.016069","2026/4/6 0:00:20"
"45\45_03_macro_dictator\full_eval\epoch_0030\images\monet_00557_to_Hayao.jpg","17441","0.016633","2026/4/6 0:00:16"
"45\45_03_macro_dictator\full_eval\epoch_0030\images\monet_00557_to_monet.jpg","17155","0.01636","2026/4/6 0:00:17"
"45\45_03_macro_dictator\full_eval\epoch_0030\images\monet_00557_to_photo.jpg","16784","0.016006","2026/4/6 0:00:15"
"45\45_03_macro_dictator\full_eval\epoch_0030\images\monet_00557_to_vangogh.jpg","16269","0.015515","2026/4/6 0:00:19"
"45\45_03_macro_dictator\full_eval\epoch_0030\images\monet_00607_to_cezanne.jpg","17266","0.016466","2026/4/6 0:00:13"
"45\45_03_macro_dictator\full_eval\epoch_0030\images\monet_00607_to_Hayao.jpg","17944","0.017113","2026/4/6 0:00:09"
"45\45_03_macro_dictator\full_eval\epoch_0030\images\monet_00607_to_monet.jpg","15885","0.015149","2026/4/6 0:00:10"
"45\45_03_macro_dictator\full_eval\epoch_0030\images\monet_00607_to_photo.jpg","16591","0.015822","2026/4/6 0:00:07"
"45\45_03_macro_dictator\full_eval\epoch_0030\images\monet_00607_to_vangogh.jpg","16170","0.015421","2026/4/6 0:00:11"
"45\45_03_macro_dictator\full_eval\epoch_0030\images\monet_00677_to_cezanne.jpg","16451","0.015689","2026/4/6 0:00:13"
"45\45_03_macro_dictator\full_eval\epoch_0030\images\monet_00677_to_Hayao.jpg","16275","0.015521","2026/4/6 0:00:09"
"45\45_03_macro_dictator\full_eval\epoch_0030\images\monet_00677_to_monet.jpg","15589","0.014867","2026/4/6 0:00:10"
"45\45_03_macro_dictator\full_eval\epoch_0030\images\monet_00677_to_photo.jpg","16240","0.015488","2026/4/6 0:00:07"
"45\45_03_macro_dictator\full_eval\epoch_0030\images\monet_00677_to_vangogh.jpg","15667","0.014941","2026/4/6 0:00:11"
"45\45_03_macro_dictator\full_eval\epoch_0030\images\monet_00695_to_cezanne.jpg","17878","0.01705","2026/4/6 0:00:13"
"45\45_03_macro_dictator\full_eval\epoch_0030\images\monet_00695_to_Hayao.jpg","18139","0.017299","2026/4/6 0:00:09"
"45\45_03_macro_dictator\full_eval\epoch_0030\images\monet_00695_to_monet.jpg","16665","0.015893","2026/4/6 0:00:10"
"45\45_03_macro_dictator\full_eval\epoch_0030\images\monet_00695_to_photo.jpg","17185","0.016389","2026/4/6 0:00:07"
"45\45_03_macro_dictator\full_eval\epoch_0030\images\monet_00695_to_vangogh.jpg","16590","0.015821","2026/4/6 0:00:11"
"45\45_03_macro_dictator\full_eval\epoch_0030\images\monet_00756_to_cezanne.jpg","16448","0.015686","2026/4/6 0:00:13"
"45\45_03_macro_dictator\full_eval\epoch_0030\images\monet_00756_to_Hayao.jpg","15859","0.015124","2026/4/6 0:00:09"
"45\45_03_macro_dictator\full_eval\epoch_0030\images\monet_00756_to_monet.jpg","15584","0.014862","2026/4/6 0:00:10"
"45\45_03_macro_dictator\full_eval\epoch_0030\images\monet_00756_to_photo.jpg","15561","0.01484","2026/4/6 0:00:07"
"45\45_03_macro_dictator\full_eval\epoch_0030\images\monet_00756_to_vangogh.jpg","14931","0.014239","2026/4/6 0:00:11"
"45\45_03_macro_dictator\full_eval\epoch_0030\images\monet_00776_to_cezanne.jpg","17271","0.016471","2026/4/6 0:00:20"
"45\45_03_macro_dictator\full_eval\epoch_0030\images\monet_00776_to_Hayao.jpg","16966","0.01618","2026/4/6 0:00:16"
"45\45_03_macro_dictator\full_eval\epoch_0030\images\monet_00776_to_monet.jpg","16256","0.015503","2026/4/6 0:00:17"
"45\45_03_macro_dictator\full_eval\epoch_0030\images\monet_00776_to_photo.jpg","16194","0.015444","2026/4/6 0:00:15"
"45\45_03_macro_dictator\full_eval\epoch_0030\images\monet_00776_to_vangogh.jpg","16429","0.015668","2026/4/6 0:00:19"
"45\45_03_macro_dictator\full_eval\epoch_0030\images\monet_00786_to_cezanne.jpg","16882","0.0161","2026/4/6 0:00:13"
"45\45_03_macro_dictator\full_eval\epoch_0030\images\monet_00786_to_Hayao.jpg","17363","0.016559","2026/4/6 0:00:09"
"45\45_03_macro_dictator\full_eval\epoch_0030\images\monet_00786_to_monet.jpg","17260","0.01646","2026/4/6 0:00:10"
"45\45_03_macro_dictator\full_eval\epoch_0030\images\monet_00786_to_photo.jpg","16814","0.016035","2026/4/6 0:00:07"
"45\45_03_macro_dictator\full_eval\epoch_0030\images\monet_00786_to_vangogh.jpg","16813","0.016034","2026/4/6 0:00:11"
"45\45_03_macro_dictator\full_eval\epoch_0030\images\monet_00789_to_cezanne.jpg","18357","0.017507","2026/4/6 0:00:20"
"45\45_03_macro_dictator\full_eval\epoch_0030\images\monet_00789_to_Hayao.jpg","16960","0.016174","2026/4/6 0:00:16"
"45\45_03_macro_dictator\full_eval\epoch_0030\images\monet_00789_to_monet.jpg","16994","0.016207","2026/4/6 0:00:17"
"45\45_03_macro_dictator\full_eval\epoch_0030\images\monet_00789_to_photo.jpg","17299","0.016498","2026/4/6 0:00:15"
"45\45_03_macro_dictator\full_eval\epoch_0030\images\monet_00789_to_vangogh.jpg","16871","0.016089","2026/4/6 0:00:19"
"45\45_03_macro_dictator\full_eval\epoch_0030\images\monet_00812_to_cezanne.jpg","17139","0.016345","2026/4/6 0:00:13"
"45\45_03_macro_dictator\full_eval\epoch_0030\images\monet_00812_to_Hayao.jpg","17207","0.01641","2026/4/6 0:00:09"
"45\45_03_macro_dictator\full_eval\epoch_0030\images\monet_00812_to_monet.jpg","16615","0.015845","2026/4/6 0:00:10"
"45\45_03_macro_dictator\full_eval\epoch_0030\images\monet_00812_to_photo.jpg","16819","0.01604","2026/4/6 0:00:07"
"45\45_03_macro_dictator\full_eval\epoch_0030\images\monet_00812_to_vangogh.jpg","16504","0.015739","2026/4/6 0:00:11"
"45\45_03_macro_dictator\full_eval\epoch_0030\images\monet_00928_to_cezanne.jpg","17143","0.016349","2026/4/6 0:00:20"
"45\45_03_macro_dictator\full_eval\epoch_0030\images\monet_00928_to_Hayao.jpg","17697","0.016877","2026/4/6 0:00:16"
"45\45_03_macro_dictator\full_eval\epoch_0030\images\monet_00928_to_monet.jpg","16350","0.015593","2026/4/6 0:00:17"
"45\45_03_macro_dictator\full_eval\epoch_0030\images\monet_00928_to_photo.jpg","16849","0.016068","2026/4/6 0:00:15"
"45\45_03_macro_dictator\full_eval\epoch_0030\images\monet_00928_to_vangogh.jpg","16881","0.016099","2026/4/6 0:00:18"
"45\45_03_macro_dictator\full_eval\epoch_0030\images\monet_00959_to_cezanne.jpg","16139","0.015391","2026/4/6 0:00:13"
"45\45_03_macro_dictator\full_eval\epoch_0030\images\monet_00959_to_Hayao.jpg","16382","0.015623","2026/4/6 0:00:09"
"45\45_03_macro_dictator\full_eval\epoch_0030\images\monet_00959_to_monet.jpg","15577","0.014855","2026/4/6 0:00:10"
"45\45_03_macro_dictator\full_eval\epoch_0030\images\monet_00959_to_photo.jpg","15926","0.015188","2026/4/6 0:00:07"
"45\45_03_macro_dictator\full_eval\epoch_0030\images\monet_00959_to_vangogh.jpg","15532","0.014812","2026/4/6 0:00:11"
"45\45_03_macro_dictator\full_eval\epoch_0030\images\monet_01039_to_cezanne.jpg","15799","0.015067","2026/4/6 0:00:13"
"45\45_03_macro_dictator\full_eval\epoch_0030\images\monet_01039_to_Hayao.jpg","16669","0.015897","2026/4/6 0:00:09"
"45\45_03_macro_dictator\full_eval\epoch_0030\images\monet_01039_to_monet.jpg","14970","0.014277","2026/4/6 0:00:10"
"45\45_03_macro_dictator\full_eval\epoch_0030\images\monet_01039_to_photo.jpg","14958","0.014265","2026/4/6 0:00:07"
"45\45_03_macro_dictator\full_eval\epoch_0030\images\monet_01039_to_vangogh.jpg","15462","0.014746","2026/4/6 0:00:11"
"45\45_03_macro_dictator\full_eval\epoch_0030\images\monet_01059_to_cezanne.jpg","18113","0.017274","2026/4/6 0:00:13"
"45\45_03_macro_dictator\full_eval\epoch_0030\images\monet_01059_to_Hayao.jpg","17142","0.016348","2026/4/6 0:00:09"
"45\45_03_macro_dictator\full_eval\epoch_0030\images\monet_01059_to_monet.jpg","16824","0.016045","2026/4/6 0:00:10"
"45\45_03_macro_dictator\full_eval\epoch_0030\images\monet_01059_to_photo.jpg","17788","0.016964","2026/4/6 0:00:07"
"45\45_03_macro_dictator\full_eval\epoch_0030\images\monet_01059_to_vangogh.jpg","17753","0.016931","2026/4/6 0:00:11"
"45\45_03_macro_dictator\full_eval\epoch_0030\images\monet_01127_to_cezanne.jpg","15653","0.014928","2026/4/6 0:00:20"
"45\45_03_macro_dictator\full_eval\epoch_0030\images\monet_01127_to_Hayao.jpg","16392","0.015633","2026/4/6 0:00:16"
"45\45_03_macro_dictator\full_eval\epoch_0030\images\monet_01127_to_monet.jpg","14348","0.013683","2026/4/6 0:00:17"
"45\45_03_macro_dictator\full_eval\epoch_0030\images\monet_01127_to_photo.jpg","15037","0.01434","2026/4/6 0:00:15"
"45\45_03_macro_dictator\full_eval\epoch_0030\images\monet_01127_to_vangogh.jpg","15282","0.014574","2026/4/6 0:00:18"
"45\45_03_macro_dictator\full_eval\epoch_0030\images\monet_01151_to_cezanne.jpg","17558","0.016745","2026/4/6 0:00:20"
"45\45_03_macro_dictator\full_eval\epoch_0030\images\monet_01151_to_Hayao.jpg","17997","0.017163","2026/4/6 0:00:16"
"45\45_03_macro_dictator\full_eval\epoch_0030\images\monet_01151_to_monet.jpg","16977","0.016191","2026/4/6 0:00:17"
"45\45_03_macro_dictator\full_eval\epoch_0030\images\monet_01151_to_photo.jpg","16964","0.016178","2026/4/6 0:00:15"
"45\45_03_macro_dictator\full_eval\epoch_0030\images\monet_01151_to_vangogh.jpg","16954","0.016169","2026/4/6 0:00:19"
"45\45_03_macro_dictator\full_eval\epoch_0030\images\monet_01155_to_cezanne.jpg","17700","0.01688","2026/4/6 0:00:20"
"45\45_03_macro_dictator\full_eval\epoch_0030\images\monet_01155_to_Hayao.jpg","17757","0.016934","2026/4/6 0:00:16"
"45\45_03_macro_dictator\full_eval\epoch_0030\images\monet_01155_to_monet.jpg","16567","0.0158","2026/4/6 0:00:17"
"45\45_03_macro_dictator\full_eval\epoch_0030\images\monet_01155_to_photo.jpg","17992","0.017159","2026/4/6 0:00:15"
"45\45_03_macro_dictator\full_eval\epoch_0030\images\monet_01155_to_vangogh.jpg","17169","0.016374","2026/4/6 0:00:18"
"45\45_03_macro_dictator\full_eval\epoch_0030\images\monet_01208_to_cezanne.jpg","17368","0.016563","2026/4/6 0:00:13"
"45\45_03_macro_dictator\full_eval\epoch_0030\images\monet_01208_to_Hayao.jpg","18053","0.017217","2026/4/6 0:00:09"
"45\45_03_macro_dictator\full_eval\epoch_0030\images\monet_01208_to_monet.jpg","17538","0.016726","2026/4/6 0:00:10"
"45\45_03_macro_dictator\full_eval\epoch_0030\images\monet_01208_to_photo.jpg","17180","0.016384","2026/4/6 0:00:07"
"45\45_03_macro_dictator\full_eval\epoch_0030\images\monet_01208_to_vangogh.jpg","16820","0.016041","2026/4/6 0:00:11"
"45\45_03_macro_dictator\full_eval\epoch_0030\images\monet_01326_to_cezanne.jpg","16884","0.016102","2026/4/6 0:00:20"
"45\45_03_macro_dictator\full_eval\epoch_0030\images\monet_01326_to_Hayao.jpg","17411","0.016604","2026/4/6 0:00:16"
"45\45_03_macro_dictator\full_eval\epoch_0030\images\monet_01326_to_monet.jpg","16141","0.015393","2026/4/6 0:00:17"
"45\45_03_macro_dictator\full_eval\epoch_0030\images\monet_01326_to_photo.jpg","16756","0.01598","2026/4/6 0:00:15"
"45\45_03_macro_dictator\full_eval\epoch_0030\images\monet_01326_to_vangogh.jpg","15766","0.015036","2026/4/6 0:00:18"
"45\45_03_macro_dictator\full_eval\epoch_0030\images\photo_2013-11-08 16_45_24_to_cezanne.jpg","12863","0.012267","2026/4/5 23:59:51"
"45\45_03_macro_dictator\full_eval\epoch_0030\images\photo_2013-11-08 16_45_24_to_Hayao.jpg","12799","0.012206","2026/4/5 23:59:47"
"45\45_03_macro_dictator\full_eval\epoch_0030\images\photo_2013-11-08 16_45_24_to_monet.jpg","12685","0.012097","2026/4/5 23:59:49"
"45\45_03_macro_dictator\full_eval\epoch_0030\images\photo_2013-11-08 16_45_24_to_photo.jpg","12872","0.012276","2026/4/5 23:59:46"
"45\45_03_macro_dictator\full_eval\epoch_0030\images\photo_2013-11-08 16_45_24_to_vangogh.jpg","13325","0.012708","2026/4/5 23:59:50"
"45\45_03_macro_dictator\full_eval\epoch_0030\images\photo_2013-11-10 12_45_41_to_cezanne.jpg","14759","0.014075","2026/4/5 23:59:51"
"45\45_03_macro_dictator\full_eval\epoch_0030\images\photo_2013-11-10 12_45_41_to_Hayao.jpg","15700","0.014973","2026/4/5 23:59:47"
"45\45_03_macro_dictator\full_eval\epoch_0030\images\photo_2013-11-10 12_45_41_to_monet.jpg","14266","0.013605","2026/4/5 23:59:49"
"45\45_03_macro_dictator\full_eval\epoch_0030\images\photo_2013-11-10 12_45_41_to_photo.jpg","15028","0.014332","2026/4/5 23:59:46"
"45\45_03_macro_dictator\full_eval\epoch_0030\images\photo_2013-11-10 12_45_41_to_vangogh.jpg","15698","0.014971","2026/4/5 23:59:50"
"45\45_03_macro_dictator\full_eval\epoch_0030\images\photo_2013-11-10 19_30_53_to_cezanne.jpg","16821","0.016042","2026/4/5 23:59:51"
"45\45_03_macro_dictator\full_eval\epoch_0030\images\photo_2013-11-10 19_30_53_to_Hayao.jpg","17936","0.017105","2026/4/5 23:59:47"
"45\45_03_macro_dictator\full_eval\epoch_0030\images\photo_2013-11-10 19_30_53_to_monet.jpg","16874","0.016092","2026/4/5 23:59:49"
"45\45_03_macro_dictator\full_eval\epoch_0030\images\photo_2013-11-10 19_30_53_to_photo.jpg","15863","0.015128","2026/4/5 23:59:46"
"45\45_03_macro_dictator\full_eval\epoch_0030\images\photo_2013-11-10 19_30_53_to_vangogh.jpg","16074","0.015329","2026/4/5 23:59:50"
"45\45_03_macro_dictator\full_eval\epoch_0030\images\photo_2013-11-11 22_03_00_to_cezanne.jpg","16073","0.015328","2026/4/5 23:59:51"
"45\45_03_macro_dictator\full_eval\epoch_0030\images\photo_2013-11-11 22_03_00_to_Hayao.jpg","16883","0.016101","2026/4/5 23:59:47"
"45\45_03_macro_dictator\full_eval\epoch_0030\images\photo_2013-11-11 22_03_00_to_monet.jpg","15256","0.014549","2026/4/5 23:59:49"
"45\45_03_macro_dictator\full_eval\epoch_0030\images\photo_2013-11-11 22_03_00_to_photo.jpg","15793","0.015061","2026/4/5 23:59:46"
"45\45_03_macro_dictator\full_eval\epoch_0030\images\photo_2013-11-11 22_03_00_to_vangogh.jpg","15477","0.01476","2026/4/5 23:59:50"
"45\45_03_macro_dictator\full_eval\epoch_0030\images\photo_2013-11-12 01_54_20_to_cezanne.jpg","16044","0.015301","2026/4/5 23:59:51"
"45\45_03_macro_dictator\full_eval\epoch_0030\images\photo_2013-11-12 01_54_20_to_Hayao.jpg","16039","0.015296","2026/4/5 23:59:47"
"45\45_03_macro_dictator\full_eval\epoch_0030\images\photo_2013-11-12 01_54_20_to_monet.jpg","14955","0.014262","2026/4/5 23:59:49"
"45\45_03_macro_dictator\full_eval\epoch_0030\images\photo_2013-11-12 01_54_20_to_photo.jpg","15535","0.014815","2026/4/5 23:59:46"
"45\45_03_macro_dictator\full_eval\epoch_0030\images\photo_2013-11-12 01_54_20_to_vangogh.jpg","15026","0.01433","2026/4/5 23:59:50"
"45\45_03_macro_dictator\full_eval\epoch_0030\images\photo_2013-11-12 10_29_19_to_cezanne.jpg","17391","0.016585","2026/4/5 23:59:51"
"45\45_03_macro_dictator\full_eval\epoch_0030\images\photo_2013-11-12 10_29_19_to_Hayao.jpg","17177","0.016381","2026/4/5 23:59:47"
"45\45_03_macro_dictator\full_eval\epoch_0030\images\photo_2013-11-12 10_29_19_to_monet.jpg","16784","0.016006","2026/4/5 23:59:49"
"45\45_03_macro_dictator\full_eval\epoch_0030\images\photo_2013-11-12 10_29_19_to_photo.jpg","15933","0.015195","2026/4/5 23:59:46"
"45\45_03_macro_dictator\full_eval\epoch_0030\images\photo_2013-11-12 10_29_19_to_vangogh.jpg","16141","0.015393","2026/4/5 23:59:50"
"45\45_03_macro_dictator\full_eval\epoch_0030\images\photo_2013-11-12 16_58_40_to_cezanne.jpg","15917","0.01518","2026/4/5 23:59:51"
"45\45_03_macro_dictator\full_eval\epoch_0030\images\photo_2013-11-12 16_58_40_to_Hayao.jpg","15918","0.015181","2026/4/5 23:59:47"
"45\45_03_macro_dictator\full_eval\epoch_0030\images\photo_2013-11-12 16_58_40_to_monet.jpg","14728","0.014046","2026/4/5 23:59:49"
"45\45_03_macro_dictator\full_eval\epoch_0030\images\photo_2013-11-12 16_58_40_to_photo.jpg","15542","0.014822","2026/4/5 23:59:46"
"45\45_03_macro_dictator\full_eval\epoch_0030\images\photo_2013-11-12 16_58_40_to_vangogh.jpg","15679","0.014953","2026/4/5 23:59:50"
"45\45_03_macro_dictator\full_eval\epoch_0030\images\photo_2013-11-14 07_04_51_to_cezanne.jpg","16485","0.015721","2026/4/5 23:59:51"
"45\45_03_macro_dictator\full_eval\epoch_0030\images\photo_2013-11-14 07_04_51_to_Hayao.jpg","16535","0.015769","2026/4/5 23:59:47"
"45\45_03_macro_dictator\full_eval\epoch_0030\images\photo_2013-11-14 07_04_51_to_monet.jpg","15751","0.015021","2026/4/5 23:59:49"
"45\45_03_macro_dictator\full_eval\epoch_0030\images\photo_2013-11-14 07_04_51_to_photo.jpg","16178","0.015429","2026/4/5 23:59:46"
"45\45_03_macro_dictator\full_eval\epoch_0030\images\photo_2013-11-14 07_04_51_to_vangogh.jpg","15540","0.01482","2026/4/5 23:59:50"
"45\45_03_macro_dictator\full_eval\epoch_0030\images\photo_2013-11-14 14_11_02_to_cezanne.jpg","17826","0.017","2026/4/5 23:59:59"
"45\45_03_macro_dictator\full_eval\epoch_0030\images\photo_2013-11-14 14_11_02_to_Hayao.jpg","17983","0.01715","2026/4/5 23:59:55"
"45\45_03_macro_dictator\full_eval\epoch_0030\images\photo_2013-11-14 14_11_02_to_monet.jpg","17298","0.016497","2026/4/5 23:59:56"
"45\45_03_macro_dictator\full_eval\epoch_0030\images\photo_2013-11-14 14_11_02_to_photo.jpg","17315","0.016513","2026/4/5 23:59:53"
"45\45_03_macro_dictator\full_eval\epoch_0030\images\photo_2013-11-14 14_11_02_to_vangogh.jpg","17048","0.016258","2026/4/5 23:59:57"
"45\45_03_macro_dictator\full_eval\epoch_0030\images\photo_2013-11-16 04_17_00_to_cezanne.jpg","17173","0.016377","2026/4/5 23:59:51"
"45\45_03_macro_dictator\full_eval\epoch_0030\images\photo_2013-11-16 04_17_00_to_Hayao.jpg","16903","0.01612","2026/4/5 23:59:47"
"45\45_03_macro_dictator\full_eval\epoch_0030\images\photo_2013-11-16 04_17_00_to_monet.jpg","16452","0.01569","2026/4/5 23:59:49"
"45\45_03_macro_dictator\full_eval\epoch_0030\images\photo_2013-11-16 04_17_00_to_photo.jpg","14653","0.013974","2026/4/5 23:59:46"
"45\45_03_macro_dictator\full_eval\epoch_0030\images\photo_2013-11-16 04_17_00_to_vangogh.jpg","15079","0.01438","2026/4/5 23:59:50"
"45\45_03_macro_dictator\full_eval\epoch_0030\images\photo_2013-11-17 09_05_09_to_cezanne.jpg","16303","0.015548","2026/4/5 23:59:59"
"45\45_03_macro_dictator\full_eval\epoch_0030\images\photo_2013-11-17 09_05_09_to_Hayao.jpg","16245","0.015492","2026/4/5 23:59:55"
"45\45_03_macro_dictator\full_eval\epoch_0030\images\photo_2013-11-17 09_05_09_to_monet.jpg","14480","0.013809","2026/4/5 23:59:56"
"45\45_03_macro_dictator\full_eval\epoch_0030\images\photo_2013-11-17 09_05_09_to_photo.jpg","15935","0.015197","2026/4/5 23:59:53"
"45\45_03_macro_dictator\full_eval\epoch_0030\images\photo_2013-11-17 09_05_09_to_vangogh.jpg","15867","0.015132","2026/4/5 23:59:57"
"45\45_03_macro_dictator\full_eval\epoch_0030\images\photo_2013-11-17 14_54_20_to_cezanne.jpg","15054","0.014357","2026/4/5 23:59:51"
"45\45_03_macro_dictator\full_eval\epoch_0030\images\photo_2013-11-17 14_54_20_to_Hayao.jpg","16254","0.015501","2026/4/5 23:59:47"
"45\45_03_macro_dictator\full_eval\epoch_0030\images\photo_2013-11-17 14_54_20_to_monet.jpg","16042","0.015299","2026/4/5 23:59:49"
"45\45_03_macro_dictator\full_eval\epoch_0030\images\photo_2013-11-17 14_54_20_to_photo.jpg","15287","0.014579","2026/4/5 23:59:46"
"45\45_03_macro_dictator\full_eval\epoch_0030\images\photo_2013-11-17 14_54_20_to_vangogh.jpg","15599","0.014876","2026/4/5 23:59:50"
"45\45_03_macro_dictator\full_eval\epoch_0030\images\photo_2013-11-17 16_40_10_to_cezanne.jpg","15980","0.01524","2026/4/5 23:59:59"
"45\45_03_macro_dictator\full_eval\epoch_0030\images\photo_2013-11-17 16_40_10_to_Hayao.jpg","15819","0.015086","2026/4/5 23:59:55"
"45\45_03_macro_dictator\full_eval\epoch_0030\images\photo_2013-11-17 16_40_10_to_monet.jpg","15396","0.014683","2026/4/5 23:59:56"
"45\45_03_macro_dictator\full_eval\epoch_0030\images\photo_2013-11-17 16_40_10_to_photo.jpg","15978","0.015238","2026/4/5 23:59:53"
"45\45_03_macro_dictator\full_eval\epoch_0030\images\photo_2013-11-17 16_40_10_to_vangogh.jpg","15301","0.014592","2026/4/5 23:59:57"
"45\45_03_macro_dictator\full_eval\epoch_0030\images\photo_2013-11-17 17_36_09_to_cezanne.jpg","16825","0.016046","2026/4/5 23:59:51"
"45\45_03_macro_dictator\full_eval\epoch_0030\images\photo_2013-11-17 17_36_09_to_Hayao.jpg","17010","0.016222","2026/4/5 23:59:47"
"45\45_03_macro_dictator\full_eval\epoch_0030\images\photo_2013-11-17 17_36_09_to_monet.jpg","16230","0.015478","2026/4/5 23:59:49"
"45\45_03_macro_dictator\full_eval\epoch_0030\images\photo_2013-11-17 17_36_09_to_photo.jpg","18144","0.017303","2026/4/5 23:59:46"
"45\45_03_macro_dictator\full_eval\epoch_0030\images\photo_2013-11-17 17_36_09_to_vangogh.jpg","16623","0.015853","2026/4/5 23:59:50"
"45\45_03_macro_dictator\full_eval\epoch_0030\images\photo_2013-11-17 18_08_26_to_cezanne.jpg","16434","0.015673","2026/4/5 23:59:51"
"45\45_03_macro_dictator\full_eval\epoch_0030\images\photo_2013-11-17 18_08_26_to_Hayao.jpg","16189","0.015439","2026/4/5 23:59:47"
"45\45_03_macro_dictator\full_eval\epoch_0030\images\photo_2013-11-17 18_08_26_to_monet.jpg","15804","0.015072","2026/4/5 23:59:49"
"45\45_03_macro_dictator\full_eval\epoch_0030\images\photo_2013-11-17 18_08_26_to_photo.jpg","16397","0.015637","2026/4/5 23:59:46"
"45\45_03_macro_dictator\full_eval\epoch_0030\images\photo_2013-11-17 18_08_26_to_vangogh.jpg","16486","0.015722","2026/4/5 23:59:50"
"45\45_03_macro_dictator\full_eval\epoch_0030\images\photo_2013-11-17 23_58_45_to_cezanne.jpg","16505","0.01574","2026/4/5 23:59:51"
"45\45_03_macro_dictator\full_eval\epoch_0030\images\photo_2013-11-17 23_58_45_to_Hayao.jpg","16039","0.015296","2026/4/5 23:59:47"
"45\45_03_macro_dictator\full_eval\epoch_0030\images\photo_2013-11-17 23_58_45_to_monet.jpg","15634","0.01491","2026/4/5 23:59:49"
"45\45_03_macro_dictator\full_eval\epoch_0030\images\photo_2013-11-17 23_58_45_to_photo.jpg","16576","0.015808","2026/4/5 23:59:46"
"45\45_03_macro_dictator\full_eval\epoch_0030\images\photo_2013-11-17 23_58_45_to_vangogh.jpg","16491","0.015727","2026/4/5 23:59:50"
"45\45_03_macro_dictator\full_eval\epoch_0030\images\photo_2013-11-18 02_42_31_to_cezanne.jpg","17426","0.016619","2026/4/5 23:59:51"
"45\45_03_macro_dictator\full_eval\epoch_0030\images\photo_2013-11-18 02_42_31_to_Hayao.jpg","17020","0.016232","2026/4/5 23:59:47"
"45\45_03_macro_dictator\full_eval\epoch_0030\images\photo_2013-11-18 02_42_31_to_monet.jpg","16642","0.015871","2026/4/5 23:59:49"
"45\45_03_macro_dictator\full_eval\epoch_0030\images\photo_2013-11-18 02_42_31_to_photo.jpg","16987","0.0162","2026/4/5 23:59:46"
"45\45_03_macro_dictator\full_eval\epoch_0030\images\photo_2013-11-18 02_42_31_to_vangogh.jpg","16736","0.015961","2026/4/5 23:59:50"
"45\45_03_macro_dictator\full_eval\epoch_0030\images\photo_2013-11-18 06_58_36_to_cezanne.jpg","16127","0.01538","2026/4/5 23:59:59"
"45\45_03_macro_dictator\full_eval\epoch_0030\images\photo_2013-11-18 06_58_36_to_Hayao.jpg","16944","0.016159","2026/4/5 23:59:55"
"45\45_03_macro_dictator\full_eval\epoch_0030\images\photo_2013-11-18 06_58_36_to_monet.jpg","14930","0.014238","2026/4/5 23:59:56"
"45\45_03_macro_dictator\full_eval\epoch_0030\images\photo_2013-11-18 06_58_36_to_photo.jpg","16491","0.015727","2026/4/5 23:59:53"
"45\45_03_macro_dictator\full_eval\epoch_0030\images\photo_2013-11-18 06_58_36_to_vangogh.jpg","15042","0.014345","2026/4/5 23:59:57"
"45\45_03_macro_dictator\full_eval\epoch_0030\images\photo_2013-11-18 08_52_05_to_cezanne.jpg","17525","0.016713","2026/4/5 23:59:51"
"45\45_03_macro_dictator\full_eval\epoch_0030\images\photo_2013-11-18 08_52_05_to_Hayao.jpg","17760","0.016937","2026/4/5 23:59:47"
"45\45_03_macro_dictator\full_eval\epoch_0030\images\photo_2013-11-18 08_52_05_to_monet.jpg","16813","0.016034","2026/4/5 23:59:49"
"45\45_03_macro_dictator\full_eval\epoch_0030\images\photo_2013-11-18 08_52_05_to_photo.jpg","16513","0.015748","2026/4/5 23:59:46"
"45\45_03_macro_dictator\full_eval\epoch_0030\images\photo_2013-11-18 08_52_05_to_vangogh.jpg","17206","0.016409","2026/4/5 23:59:50"
"45\45_03_macro_dictator\full_eval\epoch_0030\images\photo_2013-11-18 11_46_45_to_cezanne.jpg","16285","0.015531","2026/4/5 23:59:59"
"45\45_03_macro_dictator\full_eval\epoch_0030\images\photo_2013-11-18 11_46_45_to_Hayao.jpg","16071","0.015326","2026/4/5 23:59:55"
"45\45_03_macro_dictator\full_eval\epoch_0030\images\photo_2013-11-18 11_46_45_to_monet.jpg","13275","0.01266","2026/4/5 23:59:56"
"45\45_03_macro_dictator\full_eval\epoch_0030\images\photo_2013-11-18 11_46_45_to_photo.jpg","15261","0.014554","2026/4/5 23:59:53"
"45\45_03_macro_dictator\full_eval\epoch_0030\images\photo_2013-11-18 11_46_45_to_vangogh.jpg","14650","0.013971","2026/4/5 23:59:57"
"45\45_03_macro_dictator\full_eval\epoch_0030\images\photo_2013-11-19 00_58_04_to_cezanne.jpg","15887","0.015151","2026/4/5 23:59:51"
"45\45_03_macro_dictator\full_eval\epoch_0030\images\photo_2013-11-19 00_58_04_to_Hayao.jpg","17069","0.016278","2026/4/5 23:59:47"
"45\45_03_macro_dictator\full_eval\epoch_0030\images\photo_2013-11-19 00_58_04_to_monet.jpg","14657","0.013978","2026/4/5 23:59:49"
"45\45_03_macro_dictator\full_eval\epoch_0030\images\photo_2013-11-19 00_58_04_to_photo.jpg","16669","0.015897","2026/4/5 23:59:46"
"45\45_03_macro_dictator\full_eval\epoch_0030\images\photo_2013-11-19 00_58_04_to_vangogh.jpg","15350","0.014639","2026/4/5 23:59:50"
"45\45_03_macro_dictator\full_eval\epoch_0030\images\photo_2013-11-19 05_01_31_to_cezanne.jpg","15945","0.015206","2026/4/5 23:59:59"
"45\45_03_macro_dictator\full_eval\epoch_0030\images\photo_2013-11-19 05_01_31_to_Hayao.jpg","16400","0.01564","2026/4/5 23:59:55"
"45\45_03_macro_dictator\full_eval\epoch_0030\images\photo_2013-11-19 05_01_31_to_monet.jpg","14994","0.014299","2026/4/5 23:59:56"
"45\45_03_macro_dictator\full_eval\epoch_0030\images\photo_2013-11-19 05_01_31_to_photo.jpg","15315","0.014606","2026/4/5 23:59:53"
"45\45_03_macro_dictator\full_eval\epoch_0030\images\photo_2013-11-19 05_01_31_to_vangogh.jpg","15036","0.014339","2026/4/5 23:59:57"
"45\45_03_macro_dictator\full_eval\epoch_0030\images\photo_2013-11-20 11_21_32_to_cezanne.jpg","16670","0.015898","2026/4/5 23:59:51"
"45\45_03_macro_dictator\full_eval\epoch_0030\images\photo_2013-11-20 11_21_32_to_Hayao.jpg","16438","0.015676","2026/4/5 23:59:47"
"45\45_03_macro_dictator\full_eval\epoch_0030\images\photo_2013-11-20 11_21_32_to_monet.jpg","15464","0.014748","2026/4/5 23:59:49"
"45\45_03_macro_dictator\full_eval\epoch_0030\images\photo_2013-11-20 11_21_32_to_photo.jpg","16050","0.015306","2026/4/5 23:59:46"
"45\45_03_macro_dictator\full_eval\epoch_0030\images\photo_2013-11-20 11_21_32_to_vangogh.jpg","16259","0.015506","2026/4/5 23:59:50"
"45\45_03_macro_dictator\full_eval\epoch_0030\images\photo_2013-11-21 01_47_41_to_cezanne.jpg","16230","0.015478","2026/4/5 23:59:51"
"45\45_03_macro_dictator\full_eval\epoch_0030\images\photo_2013-11-21 01_47_41_to_Hayao.jpg","16253","0.0155","2026/4/5 23:59:47"
"45\45_03_macro_dictator\full_eval\epoch_0030\images\photo_2013-11-21 01_47_41_to_monet.jpg","15399","0.014686","2026/4/5 23:59:49"
"45\45_03_macro_dictator\full_eval\epoch_0030\images\photo_2013-11-21 01_47_41_to_photo.jpg","16072","0.015327","2026/4/5 23:59:46"
"45\45_03_macro_dictator\full_eval\epoch_0030\images\photo_2013-11-21 01_47_41_to_vangogh.jpg","15180","0.014477","2026/4/5 23:59:50"
"45\45_03_macro_dictator\full_eval\epoch_0030\images\photo_2013-11-21 05_56_32_to_cezanne.jpg","15407","0.014693","2026/4/5 23:59:51"
"45\45_03_macro_dictator\full_eval\epoch_0030\images\photo_2013-11-21 05_56_32_to_Hayao.jpg","15827","0.015094","2026/4/5 23:59:47"
"45\45_03_macro_dictator\full_eval\epoch_0030\images\photo_2013-11-21 05_56_32_to_monet.jpg","15011","0.014316","2026/4/5 23:59:49"
"45\45_03_macro_dictator\full_eval\epoch_0030\images\photo_2013-11-21 05_56_32_to_photo.jpg","14061","0.01341","2026/4/5 23:59:46"
"45\45_03_macro_dictator\full_eval\epoch_0030\images\photo_2013-11-21 05_56_32_to_vangogh.jpg","15054","0.014357","2026/4/5 23:59:50"
"45\45_03_macro_dictator\full_eval\epoch_0030\images\photo_2013-11-21 17_44_44_to_cezanne.jpg","17244","0.016445","2026/4/5 23:59:59"
"45\45_03_macro_dictator\full_eval\epoch_0030\images\photo_2013-11-21 17_44_44_to_Hayao.jpg","16701","0.015927","2026/4/5 23:59:55"
"45\45_03_macro_dictator\full_eval\epoch_0030\images\photo_2013-11-21 17_44_44_to_monet.jpg","16601","0.015832","2026/4/5 23:59:56"
"45\45_03_macro_dictator\full_eval\epoch_0030\images\photo_2013-11-21 17_44_44_to_photo.jpg","16335","0.015578","2026/4/5 23:59:53"
"45\45_03_macro_dictator\full_eval\epoch_0030\images\photo_2013-11-21 17_44_44_to_vangogh.jpg","15884","0.015148","2026/4/5 23:59:57"
"45\45_03_macro_dictator\full_eval\epoch_0030\images\photo_2013-11-22 14_12_35_to_cezanne.jpg","15830","0.015097","2026/4/5 23:59:59"
"45\45_03_macro_dictator\full_eval\epoch_0030\images\photo_2013-11-22 14_12_35_to_Hayao.jpg","16337","0.01558","2026/4/5 23:59:55"
"45\45_03_macro_dictator\full_eval\epoch_0030\images\photo_2013-11-22 14_12_35_to_monet.jpg","14827","0.01414","2026/4/5 23:59:56"
"45\45_03_macro_dictator\full_eval\epoch_0030\images\photo_2013-11-22 14_12_35_to_photo.jpg","15542","0.014822","2026/4/5 23:59:53"
"45\45_03_macro_dictator\full_eval\epoch_0030\images\photo_2013-11-22 14_12_35_to_vangogh.jpg","15405","0.014691","2026/4/5 23:59:57"
"45\45_03_macro_dictator\full_eval\epoch_0030\images\photo_2013-11-22 14_15_50_to_cezanne.jpg","16037","0.015294","2026/4/5 23:59:59"
"45\45_03_macro_dictator\full_eval\epoch_0030\images\photo_2013-11-22 14_15_50_to_Hayao.jpg","16114","0.015368","2026/4/5 23:59:55"
"45\45_03_macro_dictator\full_eval\epoch_0030\images\photo_2013-11-22 14_15_50_to_monet.jpg","15680","0.014954","2026/4/5 23:59:56"
"45\45_03_macro_dictator\full_eval\epoch_0030\images\photo_2013-11-22 14_15_50_to_photo.jpg","16014","0.015272","2026/4/5 23:59:53"
"45\45_03_macro_dictator\full_eval\epoch_0030\images\photo_2013-11-22 14_15_50_to_vangogh.jpg","16469","0.015706","2026/4/5 23:59:57"
"45\45_03_macro_dictator\full_eval\epoch_0030\images\photo_2013-11-23 13_03_15_to_cezanne.jpg","15541","0.014821","2026/4/5 23:59:51"
"45\45_03_macro_dictator\full_eval\epoch_0030\images\photo_2013-11-23 13_03_15_to_Hayao.jpg","15957","0.015218","2026/4/5 23:59:47"
"45\45_03_macro_dictator\full_eval\epoch_0030\images\photo_2013-11-23 13_03_15_to_monet.jpg","14045","0.013394","2026/4/5 23:59:49"
"45\45_03_macro_dictator\full_eval\epoch_0030\images\photo_2013-11-23 13_03_15_to_photo.jpg","15387","0.014674","2026/4/5 23:59:46"
"45\45_03_macro_dictator\full_eval\epoch_0030\images\photo_2013-11-23 13_03_15_to_vangogh.jpg","15113","0.014413","2026/4/5 23:59:50"
"45\45_03_macro_dictator\full_eval\epoch_0030\images\photo_2013-11-25 10_46_18_to_cezanne.jpg","16141","0.015393","2026/4/5 23:59:59"
"45\45_03_macro_dictator\full_eval\epoch_0030\images\photo_2013-11-25 10_46_18_to_Hayao.jpg","14835","0.014148","2026/4/5 23:59:55"
"45\45_03_macro_dictator\full_eval\epoch_0030\images\photo_2013-11-25 10_46_18_to_monet.jpg","13328","0.012711","2026/4/5 23:59:56"
"45\45_03_macro_dictator\full_eval\epoch_0030\images\photo_2013-11-25 10_46_18_to_photo.jpg","14520","0.013847","2026/4/5 23:59:53"
"45\45_03_macro_dictator\full_eval\epoch_0030\images\photo_2013-11-25 10_46_18_to_vangogh.jpg","15171","0.014468","2026/4/5 23:59:57"
"45\45_03_macro_dictator\full_eval\epoch_0030\images\vangogh_00005_to_cezanne.jpg","17788","0.016964","2026/4/6 0:00:27"
"45\45_03_macro_dictator\full_eval\epoch_0030\images\vangogh_00005_to_Hayao.jpg","18317","0.017468","2026/4/6 0:00:23"
"45\45_03_macro_dictator\full_eval\epoch_0030\images\vangogh_00005_to_monet.jpg","16928","0.016144","2026/4/6 0:00:24"
"45\45_03_macro_dictator\full_eval\epoch_0030\images\vangogh_00005_to_photo.jpg","17516","0.016705","2026/4/6 0:00:22"
"45\45_03_macro_dictator\full_eval\epoch_0030\images\vangogh_00005_to_vangogh.jpg","16821","0.016042","2026/4/6 0:00:26"
"45\45_03_macro_dictator\full_eval\epoch_0030\images\vangogh_00090_to_cezanne.jpg","17649","0.016831","2026/4/6 0:00:27"
"45\45_03_macro_dictator\full_eval\epoch_0030\images\vangogh_00090_to_Hayao.jpg","16766","0.015989","2026/4/6 0:00:23"
"45\45_03_macro_dictator\full_eval\epoch_0030\images\vangogh_00090_to_monet.jpg","16275","0.015521","2026/4/6 0:00:24"
"45\45_03_macro_dictator\full_eval\epoch_0030\images\vangogh_00090_to_photo.jpg","16816","0.016037","2026/4/6 0:00:22"
"45\45_03_macro_dictator\full_eval\epoch_0030\images\vangogh_00090_to_vangogh.jpg","16524","0.015759","2026/4/6 0:00:26"
"45\45_03_macro_dictator\full_eval\epoch_0030\images\vangogh_00098_to_cezanne.jpg","17817","0.016992","2026/4/6 0:00:20"
"45\45_03_macro_dictator\full_eval\epoch_0030\images\vangogh_00098_to_Hayao.jpg","17654","0.016836","2026/4/6 0:00:16"
"45\45_03_macro_dictator\full_eval\epoch_0030\images\vangogh_00098_to_monet.jpg","17189","0.016393","2026/4/6 0:00:17"
"45\45_03_macro_dictator\full_eval\epoch_0030\images\vangogh_00098_to_photo.jpg","17206","0.016409","2026/4/6 0:00:15"
"45\45_03_macro_dictator\full_eval\epoch_0030\images\vangogh_00098_to_vangogh.jpg","17473","0.016664","2026/4/6 0:00:19"
"45\45_03_macro_dictator\full_eval\epoch_0030\images\vangogh_00163_to_cezanne.jpg","16684","0.015911","2026/4/6 0:00:20"
"45\45_03_macro_dictator\full_eval\epoch_0030\images\vangogh_00163_to_Hayao.jpg","16523","0.015758","2026/4/6 0:00:16"
"45\45_03_macro_dictator\full_eval\epoch_0030\images\vangogh_00163_to_monet.jpg","14845","0.014157","2026/4/6 0:00:17"
"45\45_03_macro_dictator\full_eval\epoch_0030\images\vangogh_00163_to_photo.jpg","15649","0.014924","2026/4/6 0:00:15"
"45\45_03_macro_dictator\full_eval\epoch_0030\images\vangogh_00163_to_vangogh.jpg","14861","0.014173","2026/4/6 0:00:19"
"45\45_03_macro_dictator\full_eval\epoch_0030\images\vangogh_00167_to_cezanne.jpg","16477","0.015714","2026/4/6 0:00:27"
"45\45_03_macro_dictator\full_eval\epoch_0030\images\vangogh_00167_to_Hayao.jpg","16944","0.016159","2026/4/6 0:00:23"
"45\45_03_macro_dictator\full_eval\epoch_0030\images\vangogh_00167_to_monet.jpg","15343","0.014632","2026/4/6 0:00:24"
"45\45_03_macro_dictator\full_eval\epoch_0030\images\vangogh_00167_to_photo.jpg","15486","0.014769","2026/4/6 0:00:22"
"45\45_03_macro_dictator\full_eval\epoch_0030\images\vangogh_00167_to_vangogh.jpg","15330","0.01462","2026/4/6 0:00:26"
"45\45_03_macro_dictator\full_eval\epoch_0030\images\vangogh_00169_to_cezanne.jpg","16190","0.01544","2026/4/6 0:00:20"
"45\45_03_macro_dictator\full_eval\epoch_0030\images\vangogh_00169_to_Hayao.jpg","17891","0.017062","2026/4/6 0:00:16"
"45\45_03_macro_dictator\full_eval\epoch_0030\images\vangogh_00169_to_monet.jpg","15758","0.015028","2026/4/6 0:00:17"
"45\45_03_macro_dictator\full_eval\epoch_0030\images\vangogh_00169_to_photo.jpg","16852","0.016071","2026/4/6 0:00:15"
"45\45_03_macro_dictator\full_eval\epoch_0030\images\vangogh_00169_to_vangogh.jpg","15933","0.015195","2026/4/6 0:00:19"
"45\45_03_macro_dictator\full_eval\epoch_0030\images\vangogh_00177_to_cezanne.jpg","17602","0.016787","2026/4/6 0:00:27"
"45\45_03_macro_dictator\full_eval\epoch_0030\images\vangogh_00177_to_Hayao.jpg","17892","0.017063","2026/4/6 0:00:23"
"45\45_03_macro_dictator\full_eval\epoch_0030\images\vangogh_00177_to_monet.jpg","17188","0.016392","2026/4/6 0:00:24"
"45\45_03_macro_dictator\full_eval\epoch_0030\images\vangogh_00177_to_photo.jpg","16954","0.016169","2026/4/6 0:00:22"
"45\45_03_macro_dictator\full_eval\epoch_0030\images\vangogh_00177_to_vangogh.jpg","17037","0.016248","2026/4/6 0:00:26"
"45\45_03_macro_dictator\full_eval\epoch_0030\images\vangogh_00202_to_cezanne.jpg","18156","0.017315","2026/4/6 0:00:20"
"45\45_03_macro_dictator\full_eval\epoch_0030\images\vangogh_00202_to_Hayao.jpg","17577","0.016763","2026/4/6 0:00:16"
"45\45_03_macro_dictator\full_eval\epoch_0030\images\vangogh_00202_to_monet.jpg","17022","0.016233","2026/4/6 0:00:17"
"45\45_03_macro_dictator\full_eval\epoch_0030\images\vangogh_00202_to_photo.jpg","17746","0.016924","2026/4/6 0:00:15"
"45\45_03_macro_dictator\full_eval\epoch_0030\images\vangogh_00202_to_vangogh.jpg","17654","0.016836","2026/4/6 0:00:19"
"45\45_03_macro_dictator\full_eval\epoch_0030\images\vangogh_00220_to_cezanne.jpg","17782","0.016958","2026/4/6 0:00:27"
"45\45_03_macro_dictator\full_eval\epoch_0030\images\vangogh_00220_to_Hayao.jpg","17876","0.017048","2026/4/6 0:00:23"
"45\45_03_macro_dictator\full_eval\epoch_0030\images\vangogh_00220_to_monet.jpg","16819","0.01604","2026/4/6 0:00:24"
"45\45_03_macro_dictator\full_eval\epoch_0030\images\vangogh_00220_to_photo.jpg","16671","0.015899","2026/4/6 0:00:22"
"45\45_03_macro_dictator\full_eval\epoch_0030\images\vangogh_00220_to_vangogh.jpg","17240","0.016441","2026/4/6 0:00:26"
"45\45_03_macro_dictator\full_eval\epoch_0030\images\vangogh_00243_to_cezanne.jpg","18310","0.017462","2026/4/6 0:00:20"
"45\45_03_macro_dictator\full_eval\epoch_0030\images\vangogh_00243_to_Hayao.jpg","17529","0.016717","2026/4/6 0:00:16"
"45\45_03_macro_dictator\full_eval\epoch_0030\images\vangogh_00243_to_monet.jpg","16393","0.015634","2026/4/6 0:00:17"
"45\45_03_macro_dictator\full_eval\epoch_0030\images\vangogh_00243_to_photo.jpg","17703","0.016883","2026/4/6 0:00:15"
"45\45_03_macro_dictator\full_eval\epoch_0030\images\vangogh_00243_to_vangogh.jpg","18015","0.01718","2026/4/6 0:00:19"
"45\45_03_macro_dictator\full_eval\epoch_0030\images\vangogh_00264_to_cezanne.jpg","17377","0.016572","2026/4/6 0:00:27"
"45\45_03_macro_dictator\full_eval\epoch_0030\images\vangogh_00264_to_Hayao.jpg","17512","0.016701","2026/4/6 0:00:23"
"45\45_03_macro_dictator\full_eval\epoch_0030\images\vangogh_00264_to_monet.jpg","16513","0.015748","2026/4/6 0:00:24"
"45\45_03_macro_dictator\full_eval\epoch_0030\images\vangogh_00264_to_photo.jpg","16966","0.01618","2026/4/6 0:00:22"
"45\45_03_macro_dictator\full_eval\epoch_0030\images\vangogh_00264_to_vangogh.jpg","16155","0.015407","2026/4/6 0:00:26"
"45\45_03_macro_dictator\full_eval\epoch_0030\images\vangogh_00272_to_cezanne.jpg","17872","0.017044","2026/4/6 0:00:27"
"45\45_03_macro_dictator\full_eval\epoch_0030\images\vangogh_00272_to_Hayao.jpg","17030","0.016241","2026/4/6 0:00:23"
"45\45_03_macro_dictator\full_eval\epoch_0030\images\vangogh_00272_to_monet.jpg","16128","0.015381","2026/4/6 0:00:24"
"45\45_03_macro_dictator\full_eval\epoch_0030\images\vangogh_00272_to_photo.jpg","17192","0.016396","2026/4/6 0:00:22"
"45\45_03_macro_dictator\full_eval\epoch_0030\images\vangogh_00272_to_vangogh.jpg","17411","0.016604","2026/4/6 0:00:26"
"45\45_03_macro_dictator\full_eval\epoch_0030\images\vangogh_00277_to_cezanne.jpg","14669","0.013989","2026/4/6 0:00:27"
"45\45_03_macro_dictator\full_eval\epoch_0030\images\vangogh_00277_to_Hayao.jpg","16489","0.015725","2026/4/6 0:00:23"
"45\45_03_macro_dictator\full_eval\epoch_0030\images\vangogh_00277_to_monet.jpg","13521","0.012895","2026/4/6 0:00:24"
"45\45_03_macro_dictator\full_eval\epoch_0030\images\vangogh_00277_to_photo.jpg","14703","0.014022","2026/4/6 0:00:22"
"45\45_03_macro_dictator\full_eval\epoch_0030\images\vangogh_00277_to_vangogh.jpg","14563","0.013888","2026/4/6 0:00:26"
"45\45_03_macro_dictator\full_eval\epoch_0030\images\vangogh_00289_to_cezanne.jpg","17732","0.016911","2026/4/6 0:00:20"
"45\45_03_macro_dictator\full_eval\epoch_0030\images\vangogh_00289_to_Hayao.jpg","18828","0.017956","2026/4/6 0:00:16"
"45\45_03_macro_dictator\full_eval\epoch_0030\images\vangogh_00289_to_monet.jpg","17371","0.016566","2026/4/6 0:00:17"
"45\45_03_macro_dictator\full_eval\epoch_0030\images\vangogh_00289_to_photo.jpg","17658","0.01684","2026/4/6 0:00:15"
"45\45_03_macro_dictator\full_eval\epoch_0030\images\vangogh_00289_to_vangogh.jpg","17072","0.016281","2026/4/6 0:00:19"
"45\45_03_macro_dictator\full_eval\epoch_0030\images\vangogh_00292_to_cezanne.jpg","18074","0.017237","2026/4/6 0:00:27"
"45\45_03_macro_dictator\full_eval\epoch_0030\images\vangogh_00292_to_Hayao.jpg","17202","0.016405","2026/4/6 0:00:23"
"45\45_03_macro_dictator\full_eval\epoch_0030\images\vangogh_00292_to_monet.jpg","16521","0.015756","2026/4/6 0:00:24"
"45\45_03_macro_dictator\full_eval\epoch_0030\images\vangogh_00292_to_photo.jpg","17043","0.016253","2026/4/6 0:00:22"
"45\45_03_macro_dictator\full_eval\epoch_0030\images\vangogh_00292_to_vangogh.jpg","17022","0.016233","2026/4/6 0:00:26"
"45\45_03_macro_dictator\full_eval\epoch_0030\images\vangogh_00295_to_cezanne.jpg","18156","0.017315","2026/4/6 0:00:20"
"45\45_03_macro_dictator\full_eval\epoch_0030\images\vangogh_00295_to_Hayao.jpg","18382","0.01753","2026/4/6 0:00:16"
"45\45_03_macro_dictator\full_eval\epoch_0030\images\vangogh_00295_to_monet.jpg","17087","0.016295","2026/4/6 0:00:17"
"45\45_03_macro_dictator\full_eval\epoch_0030\images\vangogh_00295_to_photo.jpg","17956","0.017124","2026/4/6 0:00:15"
"45\45_03_macro_dictator\full_eval\epoch_0030\images\vangogh_00295_to_vangogh.jpg","17646","0.016829","2026/4/6 0:00:19"
"45\45_03_macro_dictator\full_eval\epoch_0030\images\vangogh_00321_to_cezanne.jpg","18199","0.017356","2026/4/6 0:00:20"
"45\45_03_macro_dictator\full_eval\epoch_0030\images\vangogh_00321_to_Hayao.jpg","17647","0.016829","2026/4/6 0:00:16"
"45\45_03_macro_dictator\full_eval\epoch_0030\images\vangogh_00321_to_monet.jpg","17517","0.016706","2026/4/6 0:00:17"
"45\45_03_macro_dictator\full_eval\epoch_0030\images\vangogh_00321_to_photo.jpg","17555","0.016742","2026/4/6 0:00:15"
"45\45_03_macro_dictator\full_eval\epoch_0030\images\vangogh_00321_to_vangogh.jpg","17718","0.016897","2026/4/6 0:00:19"
"45\45_03_macro_dictator\full_eval\epoch_0030\images\vangogh_00352_to_cezanne.jpg","16755","0.015979","2026/4/6 0:00:27"
"45\45_03_macro_dictator\full_eval\epoch_0030\images\vangogh_00352_to_Hayao.jpg","17223","0.016425","2026/4/6 0:00:23"
"45\45_03_macro_dictator\full_eval\epoch_0030\images\vangogh_00352_to_monet.jpg","15687","0.01496","2026/4/6 0:00:24"
"45\45_03_macro_dictator\full_eval\epoch_0030\images\vangogh_00352_to_photo.jpg","16402","0.015642","2026/4/6 0:00:22"
"45\45_03_macro_dictator\full_eval\epoch_0030\images\vangogh_00352_to_vangogh.jpg","16863","0.016082","2026/4/6 0:00:26"
"45\45_03_macro_dictator\full_eval\epoch_0030\images\vangogh_00412_to_cezanne.jpg","16916","0.016132","2026/4/6 0:00:20"
"45\45_03_macro_dictator\full_eval\epoch_0030\images\vangogh_00412_to_Hayao.jpg","17609","0.016793","2026/4/6 0:00:16"
"45\45_03_macro_dictator\full_eval\epoch_0030\images\vangogh_00412_to_monet.jpg","16596","0.015827","2026/4/6 0:00:17"
"45\45_03_macro_dictator\full_eval\epoch_0030\images\vangogh_00412_to_photo.jpg","17234","0.016436","2026/4/6 0:00:15"
"45\45_03_macro_dictator\full_eval\epoch_0030\images\vangogh_00412_to_vangogh.jpg","16415","0.015655","2026/4/6 0:00:19"
"45\45_03_macro_dictator\full_eval\epoch_0030\images\vangogh_00418_to_cezanne.jpg","17428","0.016621","2026/4/6 0:00:27"
"45\45_03_macro_dictator\full_eval\epoch_0030\images\vangogh_00418_to_Hayao.jpg","18204","0.017361","2026/4/6 0:00:23"
"45\45_03_macro_dictator\full_eval\epoch_0030\images\vangogh_00418_to_monet.jpg","17113","0.01632","2026/4/6 0:00:24"
"45\45_03_macro_dictator\full_eval\epoch_0030\images\vangogh_00418_to_photo.jpg","17657","0.016839","2026/4/6 0:00:22"
"45\45_03_macro_dictator\full_eval\epoch_0030\images\vangogh_00418_to_vangogh.jpg","16978","0.016191","2026/4/6 0:00:26"
"45\45_03_macro_dictator\full_eval\epoch_0030\images\vangogh_00427_to_cezanne.jpg","17309","0.016507","2026/4/6 0:00:27"
"45\45_03_macro_dictator\full_eval\epoch_0030\images\vangogh_00427_to_Hayao.jpg","17387","0.016582","2026/4/6 0:00:23"
"45\45_03_macro_dictator\full_eval\epoch_0030\images\vangogh_00427_to_monet.jpg","16303","0.015548","2026/4/6 0:00:24"
"45\45_03_macro_dictator\full_eval\epoch_0030\images\vangogh_00427_to_photo.jpg","16782","0.016005","2026/4/6 0:00:22"
"45\45_03_macro_dictator\full_eval\epoch_0030\images\vangogh_00427_to_vangogh.jpg","16483","0.015719","2026/4/6 0:00:26"
"45\45_03_macro_dictator\full_eval\epoch_0030\images\vangogh_00436_to_cezanne.jpg","19141","0.018254","2026/4/6 0:00:27"
"45\45_03_macro_dictator\full_eval\epoch_0030\images\vangogh_00436_to_Hayao.jpg","19100","0.018215","2026/4/6 0:00:23"
"45\45_03_macro_dictator\full_eval\epoch_0030\images\vangogh_00436_to_monet.jpg","16971","0.016185","2026/4/6 0:00:24"
"45\45_03_macro_dictator\full_eval\epoch_0030\images\vangogh_00436_to_photo.jpg","18218","0.017374","2026/4/6 0:00:22"
"45\45_03_macro_dictator\full_eval\epoch_0030\images\vangogh_00436_to_vangogh.jpg","17954","0.017122","2026/4/6 0:00:26"
"45\45_03_macro_dictator\full_eval\epoch_0030\images\vangogh_00455_to_cezanne.jpg","17127","0.016334","2026/4/6 0:00:27"
"45\45_03_macro_dictator\full_eval\epoch_0030\images\vangogh_00455_to_Hayao.jpg","17219","0.016421","2026/4/6 0:00:23"
"45\45_03_macro_dictator\full_eval\epoch_0030\images\vangogh_00455_to_monet.jpg","16782","0.016005","2026/4/6 0:00:24"
"45\45_03_macro_dictator\full_eval\epoch_0030\images\vangogh_00455_to_photo.jpg","16368","0.01561","2026/4/6 0:00:22"
"45\45_03_macro_dictator\full_eval\epoch_0030\images\vangogh_00455_to_vangogh.jpg","16718","0.015944","2026/4/6 0:00:26"
"45\45_03_macro_dictator\full_eval\epoch_0030\images\vangogh_00519_to_cezanne.jpg","17012","0.016224","2026/4/6 0:00:27"
"45\45_03_macro_dictator\full_eval\epoch_0030\images\vangogh_00519_to_Hayao.jpg","17568","0.016754","2026/4/6 0:00:23"
"45\45_03_macro_dictator\full_eval\epoch_0030\images\vangogh_00519_to_monet.jpg","16008","0.015266","2026/4/6 0:00:24"
"45\45_03_macro_dictator\full_eval\epoch_0030\images\vangogh_00519_to_photo.jpg","15966","0.015226","2026/4/6 0:00:22"
"45\45_03_macro_dictator\full_eval\epoch_0030\images\vangogh_00519_to_vangogh.jpg","16473","0.01571","2026/4/6 0:00:26"
"45\45_03_macro_dictator\full_eval\epoch_0030\images\vangogh_00528_to_cezanne.jpg","17757","0.016934","2026/4/6 0:00:27"
"45\45_03_macro_dictator\full_eval\epoch_0030\images\vangogh_00528_to_Hayao.jpg","17000","0.016212","2026/4/6 0:00:23"
"45\45_03_macro_dictator\full_eval\epoch_0030\images\vangogh_00528_to_monet.jpg","16378","0.015619","2026/4/6 0:00:24"
"45\45_03_macro_dictator\full_eval\epoch_0030\images\vangogh_00528_to_photo.jpg","16336","0.015579","2026/4/6 0:00:22"
"45\45_03_macro_dictator\full_eval\epoch_0030\images\vangogh_00528_to_vangogh.jpg","15516","0.014797","2026/4/6 0:00:26"
"45\45_03_macro_dictator\full_eval\epoch_0030\images\vangogh_00557_to_cezanne.jpg","17686","0.016867","2026/4/6 0:00:27"
"45\45_03_macro_dictator\full_eval\epoch_0030\images\vangogh_00557_to_Hayao.jpg","17984","0.017151","2026/4/6 0:00:23"
"45\45_03_macro_dictator\full_eval\epoch_0030\images\vangogh_00557_to_monet.jpg","16677","0.015904","2026/4/6 0:00:24"
"45\45_03_macro_dictator\full_eval\epoch_0030\images\vangogh_00557_to_photo.jpg","16501","0.015737","2026/4/6 0:00:22"
"45\45_03_macro_dictator\full_eval\epoch_0030\images\vangogh_00557_to_vangogh.jpg","16942","0.016157","2026/4/6 0:00:26"
"45\45_03_macro_dictator\full_eval\epoch_0030\images\vangogh_00561_to_cezanne.jpg","17130","0.016336","2026/4/6 0:00:27"
"45\45_03_macro_dictator\full_eval\epoch_0030\images\vangogh_00561_to_Hayao.jpg","17123","0.01633","2026/4/6 0:00:23"
"45\45_03_macro_dictator\full_eval\epoch_0030\images\vangogh_00561_to_monet.jpg","16993","0.016206","2026/4/6 0:00:24"
"45\45_03_macro_dictator\full_eval\epoch_0030\images\vangogh_00561_to_photo.jpg","16889","0.016107","2026/4/6 0:00:22"
"45\45_03_macro_dictator\full_eval\epoch_0030\images\vangogh_00561_to_vangogh.jpg","16701","0.015927","2026/4/6 0:00:26"
"45\45_03_macro_dictator\full_eval\epoch_0030\images\vangogh_00573_to_cezanne.jpg","18559","0.017699","2026/4/6 0:00:27"
"45\45_03_macro_dictator\full_eval\epoch_0030\images\vangogh_00573_to_Hayao.jpg","18351","0.017501","2026/4/6 0:00:23"
"45\45_03_macro_dictator\full_eval\epoch_0030\images\vangogh_00573_to_monet.jpg","18724","0.017857","2026/4/6 0:00:24"
"45\45_03_macro_dictator\full_eval\epoch_0030\images\vangogh_00573_to_photo.jpg","18564","0.017704","2026/4/6 0:00:22"
"45\45_03_macro_dictator\full_eval\epoch_0030\images\vangogh_00573_to_vangogh.jpg","17273","0.016473","2026/4/6 0:00:26"
"45\45_03_macro_dictator\full_eval\epoch_0030\images\vangogh_00668_to_cezanne.jpg","17869","0.017041","2026/4/6 0:00:20"
"45\45_03_macro_dictator\full_eval\epoch_0030\images\vangogh_00668_to_Hayao.jpg","18324","0.017475","2026/4/6 0:00:16"
"45\45_03_macro_dictator\full_eval\epoch_0030\images\vangogh_00668_to_monet.jpg","17701","0.016881","2026/4/6 0:00:17"
"45\45_03_macro_dictator\full_eval\epoch_0030\images\vangogh_00668_to_photo.jpg","18054","0.017218","2026/4/6 0:00:15"
"45\45_03_macro_dictator\full_eval\epoch_0030\images\vangogh_00668_to_vangogh.jpg","16593","0.015824","2026/4/6 0:00:19"
"45\45_03_macro_dictator\full_eval\epoch_0030\images\vangogh_00681_to_cezanne.jpg","18141","0.017301","2026/4/6 0:00:27"
"45\45_03_macro_dictator\full_eval\epoch_0030\images\vangogh_00681_to_Hayao.jpg","18275","0.017428","2026/4/6 0:00:23"
"45\45_03_macro_dictator\full_eval\epoch_0030\images\vangogh_00681_to_monet.jpg","17164","0.016369","2026/4/6 0:00:24"
"45\45_03_macro_dictator\full_eval\epoch_0030\images\vangogh_00681_to_photo.jpg","18027","0.017192","2026/4/6 0:00:22"
"45\45_03_macro_dictator\full_eval\epoch_0030\images\vangogh_00681_to_vangogh.jpg","17542","0.016729","2026/4/6 0:00:26"
"45\45_03_macro_dictator\full_eval\epoch_0030_tokenized_distill_epochs200\metrics.csv","97706","0.09318","2026/4/6 0:04:51"
"45\45_03_macro_dictator\full_eval\epoch_0030_tokenized_distill_epochs200\summary.json","20437","0.01949","2026/4/6 0:04:53"
"45\45_03_macro_dictator\full_eval\epoch_0030_tokenized_distill_epochs200\summary_grid.png","3085450","2.942514","2026/4/6 0:04:54"
"45\45_03_macro_dictator\full_eval\epoch_0030_tokenized_distill_epochs200\images\cezanne_00057_to_cezanne.jpg","18523","0.017665","2026/4/6 0:04:25"
"45\45_03_macro_dictator\full_eval\epoch_0030_tokenized_distill_epochs200\images\cezanne_00057_to_Hayao.jpg","18462","0.017607","2026/4/6 0:04:25"
"45\45_03_macro_dictator\full_eval\epoch_0030_tokenized_distill_epochs200\images\cezanne_00057_to_monet.jpg","18011","0.017177","2026/4/6 0:04:25"
"45\45_03_macro_dictator\full_eval\epoch_0030_tokenized_distill_epochs200\images\cezanne_00057_to_photo.jpg","18431","0.017577","2026/4/6 0:04:25"
"45\45_03_macro_dictator\full_eval\epoch_0030_tokenized_distill_epochs200\images\cezanne_00057_to_vangogh.jpg","18811","0.01794","2026/4/6 0:04:25"
"45\45_03_macro_dictator\full_eval\epoch_0030_tokenized_distill_epochs200\images\cezanne_00104_to_cezanne.jpg","18632","0.017769","2026/4/6 0:04:24"
"45\45_03_macro_dictator\full_eval\epoch_0030_tokenized_distill_epochs200\images\cezanne_00104_to_Hayao.jpg","18277","0.01743","2026/4/6 0:04:24"
"45\45_03_macro_dictator\full_eval\epoch_0030_tokenized_distill_epochs200\images\cezanne_00104_to_monet.jpg","17845","0.017018","2026/4/6 0:04:24"
"45\45_03_macro_dictator\full_eval\epoch_0030_tokenized_distill_epochs200\images\cezanne_00104_to_photo.jpg","18770","0.0179","2026/4/6 0:04:23"
"45\45_03_macro_dictator\full_eval\epoch_0030_tokenized_distill_epochs200\images\cezanne_00104_to_vangogh.jpg","18364","0.017513","2026/4/6 0:04:24"
"45\45_03_macro_dictator\full_eval\epoch_0030_tokenized_distill_epochs200\images\cezanne_00123_to_cezanne.jpg","18796","0.017925","2026/4/6 0:04:22"
"45\45_03_macro_dictator\full_eval\epoch_0030_tokenized_distill_epochs200\images\cezanne_00123_to_Hayao.jpg","18426","0.017572","2026/4/6 0:04:21"
"45\45_03_macro_dictator\full_eval\epoch_0030_tokenized_distill_epochs200\images\cezanne_00123_to_monet.jpg","18414","0.017561","2026/4/6 0:04:21"
"45\45_03_macro_dictator\full_eval\epoch_0030_tokenized_distill_epochs200\images\cezanne_00123_to_photo.jpg","18533","0.017674","2026/4/6 0:04:21"
"45\45_03_macro_dictator\full_eval\epoch_0030_tokenized_distill_epochs200\images\cezanne_00123_to_vangogh.jpg","18302","0.017454","2026/4/6 0:04:22"
"45\45_03_macro_dictator\full_eval\epoch_0030_tokenized_distill_epochs200\images\cezanne_00204_to_cezanne.jpg","18685","0.017819","2026/4/6 0:04:22"
"45\45_03_macro_dictator\full_eval\epoch_0030_tokenized_distill_epochs200\images\cezanne_00204_to_Hayao.jpg","18338","0.017488","2026/4/6 0:04:21"
"45\45_03_macro_dictator\full_eval\epoch_0030_tokenized_distill_epochs200\images\cezanne_00204_to_monet.jpg","18258","0.017412","2026/4/6 0:04:21"
"45\45_03_macro_dictator\full_eval\epoch_0030_tokenized_distill_epochs200\images\cezanne_00204_to_photo.jpg","19139","0.018252","2026/4/6 0:04:21"
"45\45_03_macro_dictator\full_eval\epoch_0030_tokenized_distill_epochs200\images\cezanne_00204_to_vangogh.jpg","18358","0.017508","2026/4/6 0:04:22"
"45\45_03_macro_dictator\full_eval\epoch_0030_tokenized_distill_epochs200\images\cezanne_00212_to_cezanne.jpg","17700","0.01688","2026/4/6 0:04:25"
"45\45_03_macro_dictator\full_eval\epoch_0030_tokenized_distill_epochs200\images\cezanne_00212_to_Hayao.jpg","17982","0.017149","2026/4/6 0:04:25"
"45\45_03_macro_dictator\full_eval\epoch_0030_tokenized_distill_epochs200\images\cezanne_00212_to_monet.jpg","17737","0.016915","2026/4/6 0:04:25"
"45\45_03_macro_dictator\full_eval\epoch_0030_tokenized_distill_epochs200\images\cezanne_00212_to_photo.jpg","18228","0.017384","2026/4/6 0:04:25"
"45\45_03_macro_dictator\full_eval\epoch_0030_tokenized_distill_epochs200\images\cezanne_00212_to_vangogh.jpg","17716","0.016895","2026/4/6 0:04:25"
"45\45_03_macro_dictator\full_eval\epoch_0030_tokenized_distill_epochs200\images\cezanne_00219_to_cezanne.jpg","18146","0.017305","2026/4/6 0:04:21"
"45\45_03_macro_dictator\full_eval\epoch_0030_tokenized_distill_epochs200\images\cezanne_00219_to_Hayao.jpg","18117","0.017278","2026/4/6 0:04:20"
"45\45_03_macro_dictator\full_eval\epoch_0030_tokenized_distill_epochs200\images\cezanne_00219_to_monet.jpg","18157","0.017316","2026/4/6 0:04:20"
"45\45_03_macro_dictator\full_eval\epoch_0030_tokenized_distill_epochs200\images\cezanne_00219_to_photo.jpg","18189","0.017346","2026/4/6 0:04:20"
"45\45_03_macro_dictator\full_eval\epoch_0030_tokenized_distill_epochs200\images\cezanne_00219_to_vangogh.jpg","17924","0.017094","2026/4/6 0:04:21"
"45\45_03_macro_dictator\full_eval\epoch_0030_tokenized_distill_epochs200\images\cezanne_00223_to_cezanne.jpg","17996","0.017162","2026/4/6 0:04:24"
"45\45_03_macro_dictator\full_eval\epoch_0030_tokenized_distill_epochs200\images\cezanne_00223_to_Hayao.jpg","17635","0.016818","2026/4/6 0:04:24"
"45\45_03_macro_dictator\full_eval\epoch_0030_tokenized_distill_epochs200\images\cezanne_00223_to_monet.jpg","17937","0.017106","2026/4/6 0:04:24"
"45\45_03_macro_dictator\full_eval\epoch_0030_tokenized_distill_epochs200\images\cezanne_00223_to_photo.jpg","18249","0.017404","2026/4/6 0:04:23"
"45\45_03_macro_dictator\full_eval\epoch_0030_tokenized_distill_epochs200\images\cezanne_00223_to_vangogh.jpg","17840","0.017014","2026/4/6 0:04:24"
"45\45_03_macro_dictator\full_eval\epoch_0030_tokenized_distill_epochs200\images\cezanne_00263_to_cezanne.jpg","18755","0.017886","2026/4/6 0:04:23"
"45\45_03_macro_dictator\full_eval\epoch_0030_tokenized_distill_epochs200\images\cezanne_00263_to_Hayao.jpg","17401","0.016595","2026/4/6 0:04:22"
"45\45_03_macro_dictator\full_eval\epoch_0030_tokenized_distill_epochs200\images\cezanne_00263_to_monet.jpg","18252","0.017406","2026/4/6 0:04:23"
"45\45_03_macro_dictator\full_eval\epoch_0030_tokenized_distill_epochs200\images\cezanne_00263_to_photo.jpg","17930","0.017099","2026/4/6 0:04:22"
"45\45_03_macro_dictator\full_eval\epoch_0030_tokenized_distill_epochs200\images\cezanne_00263_to_vangogh.jpg","18282","0.017435","2026/4/6 0:04:23"
"45\45_03_macro_dictator\full_eval\epoch_0030_tokenized_distill_epochs200\images\cezanne_00271_to_cezanne.jpg","17539","0.016726","2026/4/6 0:04:27"
"45\45_03_macro_dictator\full_eval\epoch_0030_tokenized_distill_epochs200\images\cezanne_00271_to_Hayao.jpg","17554","0.016741","2026/4/6 0:04:26"
"45\45_03_macro_dictator\full_eval\epoch_0030_tokenized_distill_epochs200\images\cezanne_00271_to_monet.jpg","17527","0.016715","2026/4/6 0:04:26"
"45\45_03_macro_dictator\full_eval\epoch_0030_tokenized_distill_epochs200\images\cezanne_00271_to_photo.jpg","17314","0.016512","2026/4/6 0:04:26"
"45\45_03_macro_dictator\full_eval\epoch_0030_tokenized_distill_epochs200\images\cezanne_00271_to_vangogh.jpg","17756","0.016933","2026/4/6 0:04:26"
"45\45_03_macro_dictator\full_eval\epoch_0030_tokenized_distill_epochs200\images\cezanne_00275_to_cezanne.jpg","18545","0.017686","2026/4/6 0:04:21"
"45\45_03_macro_dictator\full_eval\epoch_0030_tokenized_distill_epochs200\images\cezanne_00275_to_Hayao.jpg","17613","0.016797","2026/4/6 0:04:20"
"45\45_03_macro_dictator\full_eval\epoch_0030_tokenized_distill_epochs200\images\cezanne_00275_to_monet.jpg","18181","0.017339","2026/4/6 0:04:20"
"45\45_03_macro_dictator\full_eval\epoch_0030_tokenized_distill_epochs200\images\cezanne_00275_to_photo.jpg","18541","0.017682","2026/4/6 0:04:20"
"45\45_03_macro_dictator\full_eval\epoch_0030_tokenized_distill_epochs200\images\cezanne_00275_to_vangogh.jpg","18808","0.017937","2026/4/6 0:04:21"
"45\45_03_macro_dictator\full_eval\epoch_0030_tokenized_distill_epochs200\images\cezanne_00286_to_cezanne.jpg","18012","0.017178","2026/4/6 0:04:28"
"45\45_03_macro_dictator\full_eval\epoch_0030_tokenized_distill_epochs200\images\cezanne_00286_to_Hayao.jpg","18078","0.017241","2026/4/6 0:04:27"
"45\45_03_macro_dictator\full_eval\epoch_0030_tokenized_distill_epochs200\images\cezanne_00286_to_monet.jpg","18575","0.017715","2026/4/6 0:04:27"
"45\45_03_macro_dictator\full_eval\epoch_0030_tokenized_distill_epochs200\images\cezanne_00286_to_photo.jpg","18572","0.017712","2026/4/6 0:04:27"
"45\45_03_macro_dictator\full_eval\epoch_0030_tokenized_distill_epochs200\images\cezanne_00286_to_vangogh.jpg","18079","0.017241","2026/4/6 0:04:28"
"45\45_03_macro_dictator\full_eval\epoch_0030_tokenized_distill_epochs200\images\cezanne_00298_to_cezanne.jpg","18326","0.017477","2026/4/6 0:04:23"
"45\45_03_macro_dictator\full_eval\epoch_0030_tokenized_distill_epochs200\images\cezanne_00298_to_Hayao.jpg","18673","0.017808","2026/4/6 0:04:22"
"45\45_03_macro_dictator\full_eval\epoch_0030_tokenized_distill_epochs200\images\cezanne_00298_to_monet.jpg","18000","0.017166","2026/4/6 0:04:23"
"45\45_03_macro_dictator\full_eval\epoch_0030_tokenized_distill_epochs200\images\cezanne_00298_to_photo.jpg","18597","0.017735","2026/4/6 0:04:22"
"45\45_03_macro_dictator\full_eval\epoch_0030_tokenized_distill_epochs200\images\cezanne_00298_to_vangogh.jpg","18019","0.017184","2026/4/6 0:04:23"
"45\45_03_macro_dictator\full_eval\epoch_0030_tokenized_distill_epochs200\images\cezanne_00303_to_cezanne.jpg","18212","0.017368","2026/4/6 0:04:28"
"45\45_03_macro_dictator\full_eval\epoch_0030_tokenized_distill_epochs200\images\cezanne_00303_to_Hayao.jpg","17807","0.016982","2026/4/6 0:04:28"
"45\45_03_macro_dictator\full_eval\epoch_0030_tokenized_distill_epochs200\images\cezanne_00303_to_monet.jpg","17895","0.017066","2026/4/6 0:04:28"
"45\45_03_macro_dictator\full_eval\epoch_0030_tokenized_distill_epochs200\images\cezanne_00303_to_photo.jpg","18373","0.017522","2026/4/6 0:04:28"
"45\45_03_macro_dictator\full_eval\epoch_0030_tokenized_distill_epochs200\images\cezanne_00303_to_vangogh.jpg","18669","0.017804","2026/4/6 0:04:28"
"45\45_03_macro_dictator\full_eval\epoch_0030_tokenized_distill_epochs200\images\cezanne_00332_to_cezanne.jpg","18236","0.017391","2026/4/6 0:04:21"
"45\45_03_macro_dictator\full_eval\epoch_0030_tokenized_distill_epochs200\images\cezanne_00332_to_Hayao.jpg","17743","0.016921","2026/4/6 0:04:20"
"45\45_03_macro_dictator\full_eval\epoch_0030_tokenized_distill_epochs200\images\cezanne_00332_to_monet.jpg","17751","0.016929","2026/4/6 0:04:20"
"45\45_03_macro_dictator\full_eval\epoch_0030_tokenized_distill_epochs200\images\cezanne_00332_to_photo.jpg","17777","0.016953","2026/4/6 0:04:20"
"45\45_03_macro_dictator\full_eval\epoch_0030_tokenized_distill_epochs200\images\cezanne_00332_to_vangogh.jpg","17741","0.016919","2026/4/6 0:04:21"
"45\45_03_macro_dictator\full_eval\epoch_0030_tokenized_distill_epochs200\images\cezanne_00335_to_cezanne.jpg","17920","0.01709","2026/4/6 0:04:25"
"45\45_03_macro_dictator\full_eval\epoch_0030_tokenized_distill_epochs200\images\cezanne_00335_to_Hayao.jpg","17982","0.017149","2026/4/6 0:04:25"
"45\45_03_macro_dictator\full_eval\epoch_0030_tokenized_distill_epochs200\images\cezanne_00335_to_monet.jpg","17856","0.017029","2026/4/6 0:04:25"
"45\45_03_macro_dictator\full_eval\epoch_0030_tokenized_distill_epochs200\images\cezanne_00335_to_photo.jpg","18132","0.017292","2026/4/6 0:04:25"
"45\45_03_macro_dictator\full_eval\epoch_0030_tokenized_distill_epochs200\images\cezanne_00335_to_vangogh.jpg","18142","0.017302","2026/4/6 0:04:25"
"45\45_03_macro_dictator\full_eval\epoch_0030_tokenized_distill_epochs200\images\cezanne_00342_to_cezanne.jpg","18110","0.017271","2026/4/6 0:04:21"
"45\45_03_macro_dictator\full_eval\epoch_0030_tokenized_distill_epochs200\images\cezanne_00342_to_Hayao.jpg","17444","0.016636","2026/4/6 0:04:20"
"45\45_03_macro_dictator\full_eval\epoch_0030_tokenized_distill_epochs200\images\cezanne_00342_to_monet.jpg","17545","0.016732","2026/4/6 0:04:20"
"45\45_03_macro_dictator\full_eval\epoch_0030_tokenized_distill_epochs200\images\cezanne_00342_to_photo.jpg","18381","0.017529","2026/4/6 0:04:20"
"45\45_03_macro_dictator\full_eval\epoch_0030_tokenized_distill_epochs200\images\cezanne_00342_to_vangogh.jpg","17945","0.017114","2026/4/6 0:04:21"
"45\45_03_macro_dictator\full_eval\epoch_0030_tokenized_distill_epochs200\images\cezanne_00348_to_cezanne.jpg","17868","0.01704","2026/4/6 0:04:22"
"45\45_03_macro_dictator\full_eval\epoch_0030_tokenized_distill_epochs200\images\cezanne_00348_to_Hayao.jpg","18051","0.017215","2026/4/6 0:04:21"
"45\45_03_macro_dictator\full_eval\epoch_0030_tokenized_distill_epochs200\images\cezanne_00348_to_monet.jpg","17676","0.016857","2026/4/6 0:04:21"
"45\45_03_macro_dictator\full_eval\epoch_0030_tokenized_distill_epochs200\images\cezanne_00348_to_photo.jpg","18405","0.017552","2026/4/6 0:04:21"
"45\45_03_macro_dictator\full_eval\epoch_0030_tokenized_distill_epochs200\images\cezanne_00348_to_vangogh.jpg","18424","0.01757","2026/4/6 0:04:22"
"45\45_03_macro_dictator\full_eval\epoch_0030_tokenized_distill_epochs200\images\cezanne_00375_to_cezanne.jpg","18389","0.017537","2026/4/6 0:04:28"
"45\45_03_macro_dictator\full_eval\epoch_0030_tokenized_distill_epochs200\images\cezanne_00375_to_Hayao.jpg","18911","0.018035","2026/4/6 0:04:27"
"45\45_03_macro_dictator\full_eval\epoch_0030_tokenized_distill_epochs200\images\cezanne_00375_to_monet.jpg","17954","0.017122","2026/4/6 0:04:27"
"45\45_03_macro_dictator\full_eval\epoch_0030_tokenized_distill_epochs200\images\cezanne_00375_to_photo.jpg","18058","0.017221","2026/4/6 0:04:27"
"45\45_03_macro_dictator\full_eval\epoch_0030_tokenized_distill_epochs200\images\cezanne_00375_to_vangogh.jpg","18353","0.017503","2026/4/6 0:04:28"
"45\45_03_macro_dictator\full_eval\epoch_0030_tokenized_distill_epochs200\images\cezanne_00379_to_cezanne.jpg","18163","0.017322","2026/4/6 0:04:23"
"45\45_03_macro_dictator\full_eval\epoch_0030_tokenized_distill_epochs200\images\cezanne_00379_to_Hayao.jpg","18319","0.01747","2026/4/6 0:04:22"
"45\45_03_macro_dictator\full_eval\epoch_0030_tokenized_distill_epochs200\images\cezanne_00379_to_monet.jpg","17842","0.017015","2026/4/6 0:04:23"
"45\45_03_macro_dictator\full_eval\epoch_0030_tokenized_distill_epochs200\images\cezanne_00379_to_photo.jpg","18013","0.017179","2026/4/6 0:04:22"
"45\45_03_macro_dictator\full_eval\epoch_0030_tokenized_distill_epochs200\images\cezanne_00379_to_vangogh.jpg","17948","0.017117","2026/4/6 0:04:23"
"45\45_03_macro_dictator\full_eval\epoch_0030_tokenized_distill_epochs200\images\cezanne_00382_to_cezanne.jpg","18221","0.017377","2026/4/6 0:04:28"
"45\45_03_macro_dictator\full_eval\epoch_0030_tokenized_distill_epochs200\images\cezanne_00382_to_Hayao.jpg","18073","0.017236","2026/4/6 0:04:27"
"45\45_03_macro_dictator\full_eval\epoch_0030_tokenized_distill_epochs200\images\cezanne_00382_to_monet.jpg","18188","0.017345","2026/4/6 0:04:27"
"45\45_03_macro_dictator\full_eval\epoch_0030_tokenized_distill_epochs200\images\cezanne_00382_to_photo.jpg","18145","0.017304","2026/4/6 0:04:27"
"45\45_03_macro_dictator\full_eval\epoch_0030_tokenized_distill_epochs200\images\cezanne_00382_to_vangogh.jpg","17996","0.017162","2026/4/6 0:04:28"
"45\45_03_macro_dictator\full_eval\epoch_0030_tokenized_distill_epochs200\images\cezanne_00388_to_cezanne.jpg","18599","0.017737","2026/4/6 0:04:23"
"45\45_03_macro_dictator\full_eval\epoch_0030_tokenized_distill_epochs200\images\cezanne_00388_to_Hayao.jpg","18255","0.017409","2026/4/6 0:04:22"
"45\45_03_macro_dictator\full_eval\epoch_0030_tokenized_distill_epochs200\images\cezanne_00388_to_monet.jpg","18513","0.017655","2026/4/6 0:04:23"
"45\45_03_macro_dictator\full_eval\epoch_0030_tokenized_distill_epochs200\images\cezanne_00388_to_photo.jpg","18281","0.017434","2026/4/6 0:04:22"
"45\45_03_macro_dictator\full_eval\epoch_0030_tokenized_distill_epochs200\images\cezanne_00388_to_vangogh.jpg","18553","0.017694","2026/4/6 0:04:23"
"45\45_03_macro_dictator\full_eval\epoch_0030_tokenized_distill_epochs200\images\cezanne_00393_to_cezanne.jpg","18586","0.017725","2026/4/6 0:04:27"
"45\45_03_macro_dictator\full_eval\epoch_0030_tokenized_distill_epochs200\images\cezanne_00393_to_Hayao.jpg","17955","0.017123","2026/4/6 0:04:26"
"45\45_03_macro_dictator\full_eval\epoch_0030_tokenized_distill_epochs200\images\cezanne_00393_to_monet.jpg","17991","0.017158","2026/4/6 0:04:26"
"45\45_03_macro_dictator\full_eval\epoch_0030_tokenized_distill_epochs200\images\cezanne_00393_to_photo.jpg","17934","0.017103","2026/4/6 0:04:26"
"45\45_03_macro_dictator\full_eval\epoch_0030_tokenized_distill_epochs200\images\cezanne_00393_to_vangogh.jpg","18138","0.017298","2026/4/6 0:04:26"
"45\45_03_macro_dictator\full_eval\epoch_0030_tokenized_distill_epochs200\images\cezanne_00411_to_cezanne.jpg","18152","0.017311","2026/4/6 0:04:25"
"45\45_03_macro_dictator\full_eval\epoch_0030_tokenized_distill_epochs200\images\cezanne_00411_to_Hayao.jpg","18074","0.017237","2026/4/6 0:04:25"
"45\45_03_macro_dictator\full_eval\epoch_0030_tokenized_distill_epochs200\images\cezanne_00411_to_monet.jpg","17745","0.016923","2026/4/6 0:04:25"
"45\45_03_macro_dictator\full_eval\epoch_0030_tokenized_distill_epochs200\images\cezanne_00411_to_photo.jpg","18535","0.017676","2026/4/6 0:04:25"
"45\45_03_macro_dictator\full_eval\epoch_0030_tokenized_distill_epochs200\images\cezanne_00411_to_vangogh.jpg","18500","0.017643","2026/4/6 0:04:25"
"45\45_03_macro_dictator\full_eval\epoch_0030_tokenized_distill_epochs200\images\cezanne_00428_to_cezanne.jpg","18488","0.017632","2026/4/6 0:04:24"
"45\45_03_macro_dictator\full_eval\epoch_0030_tokenized_distill_epochs200\images\cezanne_00428_to_Hayao.jpg","17649","0.016831","2026/4/6 0:04:24"
"45\45_03_macro_dictator\full_eval\epoch_0030_tokenized_distill_epochs200\images\cezanne_00428_to_monet.jpg","18122","0.017282","2026/4/6 0:04:24"
"45\45_03_macro_dictator\full_eval\epoch_0030_tokenized_distill_epochs200\images\cezanne_00428_to_photo.jpg","18108","0.017269","2026/4/6 0:04:23"
"45\45_03_macro_dictator\full_eval\epoch_0030_tokenized_distill_epochs200\images\cezanne_00428_to_vangogh.jpg","18419","0.017566","2026/4/6 0:04:24"
"45\45_03_macro_dictator\full_eval\epoch_0030_tokenized_distill_epochs200\images\cezanne_00437_to_cezanne.jpg","17993","0.017159","2026/4/6 0:04:24"
"45\45_03_macro_dictator\full_eval\epoch_0030_tokenized_distill_epochs200\images\cezanne_00437_to_Hayao.jpg","17932","0.017101","2026/4/6 0:04:24"
"45\45_03_macro_dictator\full_eval\epoch_0030_tokenized_distill_epochs200\images\cezanne_00437_to_monet.jpg","17073","0.016282","2026/4/6 0:04:24"
"45\45_03_macro_dictator\full_eval\epoch_0030_tokenized_distill_epochs200\images\cezanne_00437_to_photo.jpg","18284","0.017437","2026/4/6 0:04:23"
"45\45_03_macro_dictator\full_eval\epoch_0030_tokenized_distill_epochs200\images\cezanne_00437_to_vangogh.jpg","18010","0.017176","2026/4/6 0:04:24"
"45\45_03_macro_dictator\full_eval\epoch_0030_tokenized_distill_epochs200\images\cezanne_00517_to_cezanne.jpg","17995","0.017161","2026/4/6 0:04:28"
"45\45_03_macro_dictator\full_eval\epoch_0030_tokenized_distill_epochs200\images\cezanne_00517_to_Hayao.jpg","17566","0.016752","2026/4/6 0:04:27"
"45\45_03_macro_dictator\full_eval\epoch_0030_tokenized_distill_epochs200\images\cezanne_00517_to_monet.jpg","17726","0.016905","2026/4/6 0:04:27"
"45\45_03_macro_dictator\full_eval\epoch_0030_tokenized_distill_epochs200\images\cezanne_00517_to_photo.jpg","17958","0.017126","2026/4/6 0:04:27"
"45\45_03_macro_dictator\full_eval\epoch_0030_tokenized_distill_epochs200\images\cezanne_00517_to_vangogh.jpg","17578","0.016764","2026/4/6 0:04:28"
"45\45_03_macro_dictator\full_eval\epoch_0030_tokenized_distill_epochs200\images\cezanne_00546_to_cezanne.jpg","17871","0.017043","2026/4/6 0:04:28"
"45\45_03_macro_dictator\full_eval\epoch_0030_tokenized_distill_epochs200\images\cezanne_00546_to_Hayao.jpg","17743","0.016921","2026/4/6 0:04:28"
"45\45_03_macro_dictator\full_eval\epoch_0030_tokenized_distill_epochs200\images\cezanne_00546_to_monet.jpg","17565","0.016751","2026/4/6 0:04:28"
"45\45_03_macro_dictator\full_eval\epoch_0030_tokenized_distill_epochs200\images\cezanne_00546_to_photo.jpg","17490","0.01668","2026/4/6 0:04:28"
"45\45_03_macro_dictator\full_eval\epoch_0030_tokenized_distill_epochs200\images\cezanne_00546_to_vangogh.jpg","17947","0.017116","2026/4/6 0:04:28"
"45\45_03_macro_dictator\full_eval\epoch_0030_tokenized_distill_epochs200\images\cezanne_00576_to_cezanne.jpg","18446","0.017591","2026/4/6 0:04:27"
"45\45_03_macro_dictator\full_eval\epoch_0030_tokenized_distill_epochs200\images\cezanne_00576_to_Hayao.jpg","18394","0.017542","2026/4/6 0:04:26"
"45\45_03_macro_dictator\full_eval\epoch_0030_tokenized_distill_epochs200\images\cezanne_00576_to_monet.jpg","17504","0.016693","2026/4/6 0:04:26"
"45\45_03_macro_dictator\full_eval\epoch_0030_tokenized_distill_epochs200\images\cezanne_00576_to_photo.jpg","18058","0.017221","2026/4/6 0:04:26"
"45\45_03_macro_dictator\full_eval\epoch_0030_tokenized_distill_epochs200\images\cezanne_00576_to_vangogh.jpg","18246","0.017401","2026/4/6 0:04:26"
"45\45_03_macro_dictator\full_eval\epoch_0030_tokenized_distill_epochs200\images\cezanne_00582_to_cezanne.jpg","18245","0.0174","2026/4/6 0:04:22"
"45\45_03_macro_dictator\full_eval\epoch_0030_tokenized_distill_epochs200\images\cezanne_00582_to_Hayao.jpg","17893","0.017064","2026/4/6 0:04:21"
"45\45_03_macro_dictator\full_eval\epoch_0030_tokenized_distill_epochs200\images\cezanne_00582_to_monet.jpg","17812","0.016987","2026/4/6 0:04:21"
"45\45_03_macro_dictator\full_eval\epoch_0030_tokenized_distill_epochs200\images\cezanne_00582_to_photo.jpg","18120","0.017281","2026/4/6 0:04:21"
"45\45_03_macro_dictator\full_eval\epoch_0030_tokenized_distill_epochs200\images\cezanne_00582_to_vangogh.jpg","18354","0.017504","2026/4/6 0:04:22"
"45\45_03_macro_dictator\full_eval\epoch_0030_tokenized_distill_epochs200\images\cezanne_00605_to_cezanne.jpg","18373","0.017522","2026/4/6 0:04:27"
"45\45_03_macro_dictator\full_eval\epoch_0030_tokenized_distill_epochs200\images\cezanne_00605_to_Hayao.jpg","18443","0.017589","2026/4/6 0:04:26"
"45\45_03_macro_dictator\full_eval\epoch_0030_tokenized_distill_epochs200\images\cezanne_00605_to_monet.jpg","17922","0.017092","2026/4/6 0:04:26"
"45\45_03_macro_dictator\full_eval\epoch_0030_tokenized_distill_epochs200\images\cezanne_00605_to_photo.jpg","18595","0.017734","2026/4/6 0:04:26"
"45\45_03_macro_dictator\full_eval\epoch_0030_tokenized_distill_epochs200\images\cezanne_00605_to_vangogh.jpg","18651","0.017787","2026/4/6 0:04:26"
"45\45_03_macro_dictator\full_eval\epoch_0030_tokenized_distill_epochs200\images\Hayao_0_to_cezanne.jpg","18227","0.017383","2026/4/6 0:04:00"
"45\45_03_macro_dictator\full_eval\epoch_0030_tokenized_distill_epochs200\images\Hayao_0_to_Hayao.jpg","18226","0.017382","2026/4/6 0:03:59"
"45\45_03_macro_dictator\full_eval\epoch_0030_tokenized_distill_epochs200\images\Hayao_0_to_monet.jpg","17683","0.016864","2026/4/6 0:03:59"
"45\45_03_macro_dictator\full_eval\epoch_0030_tokenized_distill_epochs200\images\Hayao_0_to_photo.jpg","18504","0.017647","2026/4/6 0:03:59"
"45\45_03_macro_dictator\full_eval\epoch_0030_tokenized_distill_epochs200\images\Hayao_0_to_vangogh.jpg","18276","0.017429","2026/4/6 0:04:00"
"45\45_03_macro_dictator\full_eval\epoch_0030_tokenized_distill_epochs200\images\Hayao_1000_to_cezanne.jpg","18542","0.017683","2026/4/6 0:03:57"
"45\45_03_macro_dictator\full_eval\epoch_0030_tokenized_distill_epochs200\images\Hayao_1000_to_Hayao.jpg","18446","0.017591","2026/4/6 0:03:57"
"45\45_03_macro_dictator\full_eval\epoch_0030_tokenized_distill_epochs200\images\Hayao_1000_to_monet.jpg","18158","0.017317","2026/4/6 0:03:57"
"45\45_03_macro_dictator\full_eval\epoch_0030_tokenized_distill_epochs200\images\Hayao_1000_to_photo.jpg","18253","0.017407","2026/4/6 0:03:57"
"45\45_03_macro_dictator\full_eval\epoch_0030_tokenized_distill_epochs200\images\Hayao_1000_to_vangogh.jpg","18841","0.017968","2026/4/6 0:03:57"
"45\45_03_macro_dictator\full_eval\epoch_0030_tokenized_distill_epochs200\images\Hayao_1001_to_cezanne.jpg","17783","0.016959","2026/4/6 0:03:55"
"45\45_03_macro_dictator\full_eval\epoch_0030_tokenized_distill_epochs200\images\Hayao_1001_to_Hayao.jpg","16669","0.015897","2026/4/6 0:03:54"
"45\45_03_macro_dictator\full_eval\epoch_0030_tokenized_distill_epochs200\images\Hayao_1001_to_monet.jpg","17990","0.017157","2026/4/6 0:03:55"
"45\45_03_macro_dictator\full_eval\epoch_0030_tokenized_distill_epochs200\images\Hayao_1001_to_photo.jpg","17399","0.016593","2026/4/6 0:03:54"
"45\45_03_macro_dictator\full_eval\epoch_0030_tokenized_distill_epochs200\images\Hayao_1001_to_vangogh.jpg","18124","0.017284","2026/4/6 0:03:55"
"45\45_03_macro_dictator\full_eval\epoch_0030_tokenized_distill_epochs200\images\Hayao_1006_to_cezanne.jpg","18348","0.017498","2026/4/6 0:03:56"
"45\45_03_macro_dictator\full_eval\epoch_0030_tokenized_distill_epochs200\images\Hayao_1006_to_Hayao.jpg","17563","0.016749","2026/4/6 0:03:56"
"45\45_03_macro_dictator\full_eval\epoch_0030_tokenized_distill_epochs200\images\Hayao_1006_to_monet.jpg","18530","0.017672","2026/4/6 0:03:56"
"45\45_03_macro_dictator\full_eval\epoch_0030_tokenized_distill_epochs200\images\Hayao_1006_to_photo.jpg","17978","0.017145","2026/4/6 0:03:55"
"45\45_03_macro_dictator\full_eval\epoch_0030_tokenized_distill_epochs200\images\Hayao_1006_to_vangogh.jpg","18850","0.017977","2026/4/6 0:03:56"
"45\45_03_macro_dictator\full_eval\epoch_0030_tokenized_distill_epochs200\images\Hayao_1007_to_cezanne.jpg","19068","0.018185","2026/4/6 0:03:59"
"45\45_03_macro_dictator\full_eval\epoch_0030_tokenized_distill_epochs200\images\Hayao_1007_to_Hayao.jpg","17924","0.017094","2026/4/6 0:03:58"
"45\45_03_macro_dictator\full_eval\epoch_0030_tokenized_distill_epochs200\images\Hayao_1007_to_monet.jpg","18087","0.017249","2026/4/6 0:03:58"
"45\45_03_macro_dictator\full_eval\epoch_0030_tokenized_distill_epochs200\images\Hayao_1007_to_photo.jpg","18392","0.01754","2026/4/6 0:03:58"
"45\45_03_macro_dictator\full_eval\epoch_0030_tokenized_distill_epochs200\images\Hayao_1007_to_vangogh.jpg","18644","0.01778","2026/4/6 0:03:58"
"45\45_03_macro_dictator\full_eval\epoch_0030_tokenized_distill_epochs200\images\Hayao_1008_to_cezanne.jpg","17659","0.016841","2026/4/6 0:03:55"
"45\45_03_macro_dictator\full_eval\epoch_0030_tokenized_distill_epochs200\images\Hayao_1008_to_Hayao.jpg","17997","0.017163","2026/4/6 0:03:54"
"45\45_03_macro_dictator\full_eval\epoch_0030_tokenized_distill_epochs200\images\Hayao_1008_to_monet.jpg","18059","0.017222","2026/4/6 0:03:55"
"45\45_03_macro_dictator\full_eval\epoch_0030_tokenized_distill_epochs200\images\Hayao_1008_to_photo.jpg","17885","0.017056","2026/4/6 0:03:54"
"45\45_03_macro_dictator\full_eval\epoch_0030_tokenized_distill_epochs200\images\Hayao_1008_to_vangogh.jpg","18056","0.01722","2026/4/6 0:03:55"
"45\45_03_macro_dictator\full_eval\epoch_0030_tokenized_distill_epochs200\images\Hayao_1009_to_cezanne.jpg","17747","0.016925","2026/4/6 0:03:57"
"45\45_03_macro_dictator\full_eval\epoch_0030_tokenized_distill_epochs200\images\Hayao_1009_to_Hayao.jpg","18250","0.017405","2026/4/6 0:03:57"
"45\45_03_macro_dictator\full_eval\epoch_0030_tokenized_distill_epochs200\images\Hayao_1009_to_monet.jpg","17328","0.016525","2026/4/6 0:03:57"
"45\45_03_macro_dictator\full_eval\epoch_0030_tokenized_distill_epochs200\images\Hayao_1009_to_photo.jpg","18349","0.017499","2026/4/6 0:03:57"
"45\45_03_macro_dictator\full_eval\epoch_0030_tokenized_distill_epochs200\images\Hayao_1009_to_vangogh.jpg","18466","0.017611","2026/4/6 0:03:57"
"45\45_03_macro_dictator\full_eval\epoch_0030_tokenized_distill_epochs200\images\Hayao_1012_to_cezanne.jpg","18046","0.01721","2026/4/6 0:03:56"
"45\45_03_macro_dictator\full_eval\epoch_0030_tokenized_distill_epochs200\images\Hayao_1012_to_Hayao.jpg","17600","0.016785","2026/4/6 0:03:56"
"45\45_03_macro_dictator\full_eval\epoch_0030_tokenized_distill_epochs200\images\Hayao_1012_to_monet.jpg","17830","0.017004","2026/4/6 0:03:56"
"45\45_03_macro_dictator\full_eval\epoch_0030_tokenized_distill_epochs200\images\Hayao_1012_to_photo.jpg","17621","0.016805","2026/4/6 0:03:55"
"45\45_03_macro_dictator\full_eval\epoch_0030_tokenized_distill_epochs200\images\Hayao_1012_to_vangogh.jpg","18029","0.017194","2026/4/6 0:03:56"
"45\45_03_macro_dictator\full_eval\epoch_0030_tokenized_distill_epochs200\images\Hayao_1014_to_cezanne.jpg","17370","0.016565","2026/4/6 0:04:00"
"45\45_03_macro_dictator\full_eval\epoch_0030_tokenized_distill_epochs200\images\Hayao_1014_to_Hayao.jpg","17684","0.016865","2026/4/6 0:03:59"
"45\45_03_macro_dictator\full_eval\epoch_0030_tokenized_distill_epochs200\images\Hayao_1014_to_monet.jpg","18070","0.017233","2026/4/6 0:03:59"
"45\45_03_macro_dictator\full_eval\epoch_0030_tokenized_distill_epochs200\images\Hayao_1014_to_photo.jpg","17766","0.016943","2026/4/6 0:03:59"
"45\45_03_macro_dictator\full_eval\epoch_0030_tokenized_distill_epochs200\images\Hayao_1014_to_vangogh.jpg","18318","0.017469","2026/4/6 0:04:00"
"45\45_03_macro_dictator\full_eval\epoch_0030_tokenized_distill_epochs200\images\Hayao_1015_to_cezanne.jpg","18763","0.017894","2026/4/6 0:03:55"
"45\45_03_macro_dictator\full_eval\epoch_0030_tokenized_distill_epochs200\images\Hayao_1015_to_Hayao.jpg","18070","0.017233","2026/4/6 0:03:54"
"45\45_03_macro_dictator\full_eval\epoch_0030_tokenized_distill_epochs200\images\Hayao_1015_to_monet.jpg","18617","0.017755","2026/4/6 0:03:55"
"45\45_03_macro_dictator\full_eval\epoch_0030_tokenized_distill_epochs200\images\Hayao_1015_to_photo.jpg","18808","0.017937","2026/4/6 0:03:54"
"45\45_03_macro_dictator\full_eval\epoch_0030_tokenized_distill_epochs200\images\Hayao_1015_to_vangogh.jpg","18364","0.017513","2026/4/6 0:03:55"
"45\45_03_macro_dictator\full_eval\epoch_0030_tokenized_distill_epochs200\images\Hayao_1016_to_cezanne.jpg","18544","0.017685","2026/4/6 0:04:02"
"45\45_03_macro_dictator\full_eval\epoch_0030_tokenized_distill_epochs200\images\Hayao_1016_to_Hayao.jpg","17705","0.016885","2026/4/6 0:04:01"
"45\45_03_macro_dictator\full_eval\epoch_0030_tokenized_distill_epochs200\images\Hayao_1016_to_monet.jpg","18411","0.017558","2026/4/6 0:04:02"
"45\45_03_macro_dictator\full_eval\epoch_0030_tokenized_distill_epochs200\images\Hayao_1016_to_photo.jpg","18320","0.017471","2026/4/6 0:04:01"
"45\45_03_macro_dictator\full_eval\epoch_0030_tokenized_distill_epochs200\images\Hayao_1016_to_vangogh.jpg","18540","0.017681","2026/4/6 0:04:02"
"45\45_03_macro_dictator\full_eval\epoch_0030_tokenized_distill_epochs200\images\Hayao_1017_to_cezanne.jpg","18190","0.017347","2026/4/6 0:03:57"
"45\45_03_macro_dictator\full_eval\epoch_0030_tokenized_distill_epochs200\images\Hayao_1017_to_Hayao.jpg","17897","0.017068","2026/4/6 0:03:57"
"45\45_03_macro_dictator\full_eval\epoch_0030_tokenized_distill_epochs200\images\Hayao_1017_to_monet.jpg","18055","0.017219","2026/4/6 0:03:57"
"45\45_03_macro_dictator\full_eval\epoch_0030_tokenized_distill_epochs200\images\Hayao_1017_to_photo.jpg","17870","0.017042","2026/4/6 0:03:57"
"45\45_03_macro_dictator\full_eval\epoch_0030_tokenized_distill_epochs200\images\Hayao_1017_to_vangogh.jpg","19190","0.018301","2026/4/6 0:03:57"
"45\45_03_macro_dictator\full_eval\epoch_0030_tokenized_distill_epochs200\images\Hayao_1018_to_cezanne.jpg","18560","0.0177","2026/4/6 0:04:02"
"45\45_03_macro_dictator\full_eval\epoch_0030_tokenized_distill_epochs200\images\Hayao_1018_to_Hayao.jpg","17742","0.01692","2026/4/6 0:04:01"
"45\45_03_macro_dictator\full_eval\epoch_0030_tokenized_distill_epochs200\images\Hayao_1018_to_monet.jpg","18730","0.017862","2026/4/6 0:04:02"
"45\45_03_macro_dictator\full_eval\epoch_0030_tokenized_distill_epochs200\images\Hayao_1018_to_photo.jpg","18964","0.018085","2026/4/6 0:04:01"
"45\45_03_macro_dictator\full_eval\epoch_0030_tokenized_distill_epochs200\images\Hayao_1018_to_vangogh.jpg","18368","0.017517","2026/4/6 0:04:02"
"45\45_03_macro_dictator\full_eval\epoch_0030_tokenized_distill_epochs200\images\Hayao_1019_to_cezanne.jpg","17338","0.016535","2026/4/6 0:03:54"
"45\45_03_macro_dictator\full_eval\epoch_0030_tokenized_distill_epochs200\images\Hayao_1019_to_Hayao.jpg","17325","0.016522","2026/4/6 0:03:53"
"45\45_03_macro_dictator\full_eval\epoch_0030_tokenized_distill_epochs200\images\Hayao_1019_to_monet.jpg","17042","0.016253","2026/4/6 0:03:54"
"45\45_03_macro_dictator\full_eval\epoch_0030_tokenized_distill_epochs200\images\Hayao_1019_to_photo.jpg","16260","0.015507","2026/4/6 0:03:53"
"45\45_03_macro_dictator\full_eval\epoch_0030_tokenized_distill_epochs200\images\Hayao_1019_to_vangogh.jpg","16564","0.015797","2026/4/6 0:03:54"
"45\45_03_macro_dictator\full_eval\epoch_0030_tokenized_distill_epochs200\images\Hayao_1020_to_cezanne.jpg","18945","0.018067","2026/4/6 0:03:54"
"45\45_03_macro_dictator\full_eval\epoch_0030_tokenized_distill_epochs200\images\Hayao_1020_to_Hayao.jpg","18212","0.017368","2026/4/6 0:03:53"
"45\45_03_macro_dictator\full_eval\epoch_0030_tokenized_distill_epochs200\images\Hayao_1020_to_monet.jpg","18186","0.017344","2026/4/6 0:03:54"
"45\45_03_macro_dictator\full_eval\epoch_0030_tokenized_distill_epochs200\images\Hayao_1020_to_photo.jpg","17903","0.017074","2026/4/6 0:03:53"
"45\45_03_macro_dictator\full_eval\epoch_0030_tokenized_distill_epochs200\images\Hayao_1020_to_vangogh.jpg","18788","0.017918","2026/4/6 0:03:54"
"45\45_03_macro_dictator\full_eval\epoch_0030_tokenized_distill_epochs200\images\Hayao_1021_to_cezanne.jpg","18294","0.017447","2026/4/6 0:03:56"
"45\45_03_macro_dictator\full_eval\epoch_0030_tokenized_distill_epochs200\images\Hayao_1021_to_Hayao.jpg","18524","0.017666","2026/4/6 0:03:56"
"45\45_03_macro_dictator\full_eval\epoch_0030_tokenized_distill_epochs200\images\Hayao_1021_to_monet.jpg","17849","0.017022","2026/4/6 0:03:56"
"45\45_03_macro_dictator\full_eval\epoch_0030_tokenized_distill_epochs200\images\Hayao_1021_to_photo.jpg","17706","0.016886","2026/4/6 0:03:55"
"45\45_03_macro_dictator\full_eval\epoch_0030_tokenized_distill_epochs200\images\Hayao_1021_to_vangogh.jpg","17655","0.016837","2026/4/6 0:03:56"
"45\45_03_macro_dictator\full_eval\epoch_0030_tokenized_distill_epochs200\images\Hayao_1023_to_cezanne.jpg","17689","0.01687","2026/4/6 0:04:02"
"45\45_03_macro_dictator\full_eval\epoch_0030_tokenized_distill_epochs200\images\Hayao_1023_to_Hayao.jpg","17218","0.01642","2026/4/6 0:04:01"
"45\45_03_macro_dictator\full_eval\epoch_0030_tokenized_distill_epochs200\images\Hayao_1023_to_monet.jpg","17602","0.016787","2026/4/6 0:04:02"
"45\45_03_macro_dictator\full_eval\epoch_0030_tokenized_distill_epochs200\images\Hayao_1023_to_photo.jpg","17405","0.016599","2026/4/6 0:04:01"
"45\45_03_macro_dictator\full_eval\epoch_0030_tokenized_distill_epochs200\images\Hayao_1023_to_vangogh.jpg","17418","0.016611","2026/4/6 0:04:02"
"45\45_03_macro_dictator\full_eval\epoch_0030_tokenized_distill_epochs200\images\Hayao_1024_to_cezanne.jpg","17683","0.016864","2026/4/6 0:03:56"
"45\45_03_macro_dictator\full_eval\epoch_0030_tokenized_distill_epochs200\images\Hayao_1024_to_Hayao.jpg","17547","0.016734","2026/4/6 0:03:56"
"45\45_03_macro_dictator\full_eval\epoch_0030_tokenized_distill_epochs200\images\Hayao_1024_to_monet.jpg","17142","0.016348","2026/4/6 0:03:56"
"45\45_03_macro_dictator\full_eval\epoch_0030_tokenized_distill_epochs200\images\Hayao_1024_to_photo.jpg","18179","0.017337","2026/4/6 0:03:55"
"45\45_03_macro_dictator\full_eval\epoch_0030_tokenized_distill_epochs200\images\Hayao_1024_to_vangogh.jpg","18027","0.017192","2026/4/6 0:03:56"
"45\45_03_macro_dictator\full_eval\epoch_0030_tokenized_distill_epochs200\images\Hayao_1025_to_cezanne.jpg","16736","0.015961","2026/4/6 0:04:01"
"45\45_03_macro_dictator\full_eval\epoch_0030_tokenized_distill_epochs200\images\Hayao_1025_to_Hayao.jpg","16948","0.016163","2026/4/6 0:04:00"
"45\45_03_macro_dictator\full_eval\epoch_0030_tokenized_distill_epochs200\images\Hayao_1025_to_monet.jpg","17321","0.016519","2026/4/6 0:04:01"
"45\45_03_macro_dictator\full_eval\epoch_0030_tokenized_distill_epochs200\images\Hayao_1025_to_photo.jpg","17115","0.016322","2026/4/6 0:04:00"
"45\45_03_macro_dictator\full_eval\epoch_0030_tokenized_distill_epochs200\images\Hayao_1025_to_vangogh.jpg","16665","0.015893","2026/4/6 0:04:01"
"45\45_03_macro_dictator\full_eval\epoch_0030_tokenized_distill_epochs200\images\Hayao_1026_to_cezanne.jpg","18216","0.017372","2026/4/6 0:03:57"
"45\45_03_macro_dictator\full_eval\epoch_0030_tokenized_distill_epochs200\images\Hayao_1026_to_Hayao.jpg","18126","0.017286","2026/4/6 0:03:57"
"45\45_03_macro_dictator\full_eval\epoch_0030_tokenized_distill_epochs200\images\Hayao_1026_to_monet.jpg","17695","0.016875","2026/4/6 0:03:57"
"45\45_03_macro_dictator\full_eval\epoch_0030_tokenized_distill_epochs200\images\Hayao_1026_to_photo.jpg","18386","0.017534","2026/4/6 0:03:57"
"45\45_03_macro_dictator\full_eval\epoch_0030_tokenized_distill_epochs200\images\Hayao_1026_to_vangogh.jpg","17981","0.017148","2026/4/6 0:03:57"
"45\45_03_macro_dictator\full_eval\epoch_0030_tokenized_distill_epochs200\images\Hayao_1028_to_cezanne.jpg","18345","0.017495","2026/4/6 0:04:01"
"45\45_03_macro_dictator\full_eval\epoch_0030_tokenized_distill_epochs200\images\Hayao_1028_to_Hayao.jpg","17958","0.017126","2026/4/6 0:04:00"
"45\45_03_macro_dictator\full_eval\epoch_0030_tokenized_distill_epochs200\images\Hayao_1028_to_monet.jpg","18540","0.017681","2026/4/6 0:04:01"
"45\45_03_macro_dictator\full_eval\epoch_0030_tokenized_distill_epochs200\images\Hayao_1028_to_photo.jpg","18206","0.017363","2026/4/6 0:04:00"
"45\45_03_macro_dictator\full_eval\epoch_0030_tokenized_distill_epochs200\images\Hayao_1028_to_vangogh.jpg","18604","0.017742","2026/4/6 0:04:01"
"45\45_03_macro_dictator\full_eval\epoch_0030_tokenized_distill_epochs200\images\Hayao_102_to_cezanne.jpg","18043","0.017207","2026/4/6 0:03:59"
"45\45_03_macro_dictator\full_eval\epoch_0030_tokenized_distill_epochs200\images\Hayao_102_to_Hayao.jpg","17327","0.016524","2026/4/6 0:03:58"
"45\45_03_macro_dictator\full_eval\epoch_0030_tokenized_distill_epochs200\images\Hayao_102_to_monet.jpg","17336","0.016533","2026/4/6 0:03:58"
"45\45_03_macro_dictator\full_eval\epoch_0030_tokenized_distill_epochs200\images\Hayao_102_to_photo.jpg","18002","0.017168","2026/4/6 0:03:58"
"45\45_03_macro_dictator\full_eval\epoch_0030_tokenized_distill_epochs200\images\Hayao_102_to_vangogh.jpg","17765","0.016942","2026/4/6 0:03:58"
"45\45_03_macro_dictator\full_eval\epoch_0030_tokenized_distill_epochs200\images\Hayao_1033_to_cezanne.jpg","18861","0.017987","2026/4/6 0:03:59"
"45\45_03_macro_dictator\full_eval\epoch_0030_tokenized_distill_epochs200\images\Hayao_1033_to_Hayao.jpg","18554","0.017694","2026/4/6 0:03:58"
"45\45_03_macro_dictator\full_eval\epoch_0030_tokenized_distill_epochs200\images\Hayao_1033_to_monet.jpg","18470","0.017614","2026/4/6 0:03:58"
"45\45_03_macro_dictator\full_eval\epoch_0030_tokenized_distill_epochs200\images\Hayao_1033_to_photo.jpg","18505","0.017648","2026/4/6 0:03:58"
"45\45_03_macro_dictator\full_eval\epoch_0030_tokenized_distill_epochs200\images\Hayao_1033_to_vangogh.jpg","18873","0.017999","2026/4/6 0:03:58"
"45\45_03_macro_dictator\full_eval\epoch_0030_tokenized_distill_epochs200\images\Hayao_1039_to_cezanne.jpg","18430","0.017576","2026/4/6 0:03:59"
"45\45_03_macro_dictator\full_eval\epoch_0030_tokenized_distill_epochs200\images\Hayao_1039_to_Hayao.jpg","17954","0.017122","2026/4/6 0:03:58"
"45\45_03_macro_dictator\full_eval\epoch_0030_tokenized_distill_epochs200\images\Hayao_1039_to_monet.jpg","18087","0.017249","2026/4/6 0:03:58"
"45\45_03_macro_dictator\full_eval\epoch_0030_tokenized_distill_epochs200\images\Hayao_1039_to_photo.jpg","18553","0.017694","2026/4/6 0:03:58"
"45\45_03_macro_dictator\full_eval\epoch_0030_tokenized_distill_epochs200\images\Hayao_1039_to_vangogh.jpg","18362","0.017511","2026/4/6 0:03:58"
"45\45_03_macro_dictator\full_eval\epoch_0030_tokenized_distill_epochs200\images\Hayao_103_to_cezanne.jpg","17881","0.017053","2026/4/6 0:04:00"
"45\45_03_macro_dictator\full_eval\epoch_0030_tokenized_distill_epochs200\images\Hayao_103_to_Hayao.jpg","17729","0.016908","2026/4/6 0:03:59"
"45\45_03_macro_dictator\full_eval\epoch_0030_tokenized_distill_epochs200\images\Hayao_103_to_monet.jpg","17778","0.016954","2026/4/6 0:03:59"
"45\45_03_macro_dictator\full_eval\epoch_0030_tokenized_distill_epochs200\images\Hayao_103_to_photo.jpg","17299","0.016498","2026/4/6 0:03:59"
"45\45_03_macro_dictator\full_eval\epoch_0030_tokenized_distill_epochs200\images\Hayao_103_to_vangogh.jpg","17884","0.017056","2026/4/6 0:04:00"
"45\45_03_macro_dictator\full_eval\epoch_0030_tokenized_distill_epochs200\images\Hayao_1040_to_cezanne.jpg","17428","0.016621","2026/4/6 0:04:01"
"45\45_03_macro_dictator\full_eval\epoch_0030_tokenized_distill_epochs200\images\Hayao_1040_to_Hayao.jpg","17469","0.01666","2026/4/6 0:04:00"
"45\45_03_macro_dictator\full_eval\epoch_0030_tokenized_distill_epochs200\images\Hayao_1040_to_monet.jpg","17383","0.016578","2026/4/6 0:04:01"
"45\45_03_macro_dictator\full_eval\epoch_0030_tokenized_distill_epochs200\images\Hayao_1040_to_photo.jpg","17791","0.016967","2026/4/6 0:04:00"
"45\45_03_macro_dictator\full_eval\epoch_0030_tokenized_distill_epochs200\images\Hayao_1040_to_vangogh.jpg","18216","0.017372","2026/4/6 0:04:01"
"45\45_03_macro_dictator\full_eval\epoch_0030_tokenized_distill_epochs200\images\Hayao_1041_to_cezanne.jpg","18365","0.017514","2026/4/6 0:04:02"
"45\45_03_macro_dictator\full_eval\epoch_0030_tokenized_distill_epochs200\images\Hayao_1041_to_Hayao.jpg","18275","0.017428","2026/4/6 0:04:01"
"45\45_03_macro_dictator\full_eval\epoch_0030_tokenized_distill_epochs200\images\Hayao_1041_to_monet.jpg","17763","0.01694","2026/4/6 0:04:02"
"45\45_03_macro_dictator\full_eval\epoch_0030_tokenized_distill_epochs200\images\Hayao_1041_to_photo.jpg","17847","0.01702","2026/4/6 0:04:01"
"45\45_03_macro_dictator\full_eval\epoch_0030_tokenized_distill_epochs200\images\Hayao_1041_to_vangogh.jpg","18380","0.017529","2026/4/6 0:04:02"
"45\45_03_macro_dictator\full_eval\epoch_0030_tokenized_distill_epochs200\images\Hayao_1042_to_cezanne.jpg","16970","0.016184","2026/4/6 0:04:00"
"45\45_03_macro_dictator\full_eval\epoch_0030_tokenized_distill_epochs200\images\Hayao_1042_to_Hayao.jpg","17856","0.017029","2026/4/6 0:03:59"
"45\45_03_macro_dictator\full_eval\epoch_0030_tokenized_distill_epochs200\images\Hayao_1042_to_monet.jpg","17926","0.017096","2026/4/6 0:03:59"
"45\45_03_macro_dictator\full_eval\epoch_0030_tokenized_distill_epochs200\images\Hayao_1042_to_photo.jpg","18080","0.017242","2026/4/6 0:03:59"
"45\45_03_macro_dictator\full_eval\epoch_0030_tokenized_distill_epochs200\images\Hayao_1042_to_vangogh.jpg","17532","0.01672","2026/4/6 0:04:00"
"45\45_03_macro_dictator\full_eval\epoch_0030_tokenized_distill_epochs200\images\Hayao_1044_to_cezanne.jpg","18509","0.017652","2026/4/6 0:03:55"
"45\45_03_macro_dictator\full_eval\epoch_0030_tokenized_distill_epochs200\images\Hayao_1044_to_Hayao.jpg","17709","0.016889","2026/4/6 0:03:54"
"45\45_03_macro_dictator\full_eval\epoch_0030_tokenized_distill_epochs200\images\Hayao_1044_to_monet.jpg","18293","0.017446","2026/4/6 0:03:55"
"45\45_03_macro_dictator\full_eval\epoch_0030_tokenized_distill_epochs200\images\Hayao_1044_to_photo.jpg","18027","0.017192","2026/4/6 0:03:54"
"45\45_03_macro_dictator\full_eval\epoch_0030_tokenized_distill_epochs200\images\Hayao_1044_to_vangogh.jpg","17635","0.016818","2026/4/6 0:03:55"
"45\45_03_macro_dictator\full_eval\epoch_0030_tokenized_distill_epochs200\images\Hayao_1049_to_cezanne.jpg","18547","0.017688","2026/4/6 0:04:01"
"45\45_03_macro_dictator\full_eval\epoch_0030_tokenized_distill_epochs200\images\Hayao_1049_to_Hayao.jpg","18319","0.01747","2026/4/6 0:04:00"
"45\45_03_macro_dictator\full_eval\epoch_0030_tokenized_distill_epochs200\images\Hayao_1049_to_monet.jpg","18320","0.017471","2026/4/6 0:04:01"
"45\45_03_macro_dictator\full_eval\epoch_0030_tokenized_distill_epochs200\images\Hayao_1049_to_photo.jpg","18922","0.018045","2026/4/6 0:04:00"
"45\45_03_macro_dictator\full_eval\epoch_0030_tokenized_distill_epochs200\images\Hayao_1049_to_vangogh.jpg","18464","0.017609","2026/4/6 0:04:01"
"45\45_03_macro_dictator\full_eval\epoch_0030_tokenized_distill_epochs200\images\monet_00018_to_cezanne.jpg","17523","0.016711","2026/4/6 0:04:08"
"45\45_03_macro_dictator\full_eval\epoch_0030_tokenized_distill_epochs200\images\monet_00018_to_Hayao.jpg","17385","0.01658","2026/4/6 0:04:07"
"45\45_03_macro_dictator\full_eval\epoch_0030_tokenized_distill_epochs200\images\monet_00018_to_monet.jpg","17352","0.016548","2026/4/6 0:04:07"
"45\45_03_macro_dictator\full_eval\epoch_0030_tokenized_distill_epochs200\images\monet_00018_to_photo.jpg","18364","0.017513","2026/4/6 0:04:07"
"45\45_03_macro_dictator\full_eval\epoch_0030_tokenized_distill_epochs200\images\monet_00018_to_vangogh.jpg","17475","0.016665","2026/4/6 0:04:08"
"45\45_03_macro_dictator\full_eval\epoch_0030_tokenized_distill_epochs200\images\monet_00075_to_cezanne.jpg","18108","0.017269","2026/4/6 0:04:07"
"45\45_03_macro_dictator\full_eval\epoch_0030_tokenized_distill_epochs200\images\monet_00075_to_Hayao.jpg","17562","0.016748","2026/4/6 0:04:06"
"45\45_03_macro_dictator\full_eval\epoch_0030_tokenized_distill_epochs200\images\monet_00075_to_monet.jpg","18021","0.017186","2026/4/6 0:04:06"
"45\45_03_macro_dictator\full_eval\epoch_0030_tokenized_distill_epochs200\images\monet_00075_to_photo.jpg","18495","0.017638","2026/4/6 0:04:06"
"45\45_03_macro_dictator\full_eval\epoch_0030_tokenized_distill_epochs200\images\monet_00075_to_vangogh.jpg","18382","0.01753","2026/4/6 0:04:07"
"45\45_03_macro_dictator\full_eval\epoch_0030_tokenized_distill_epochs200\images\monet_00092_to_cezanne.jpg","18082","0.017244","2026/4/6 0:04:04"
"45\45_03_macro_dictator\full_eval\epoch_0030_tokenized_distill_epochs200\images\monet_00092_to_Hayao.jpg","18058","0.017221","2026/4/6 0:04:04"
"45\45_03_macro_dictator\full_eval\epoch_0030_tokenized_distill_epochs200\images\monet_00092_to_monet.jpg","18276","0.017429","2026/4/6 0:04:04"
"45\45_03_macro_dictator\full_eval\epoch_0030_tokenized_distill_epochs200\images\monet_00092_to_photo.jpg","18281","0.017434","2026/4/6 0:04:04"
"45\45_03_macro_dictator\full_eval\epoch_0030_tokenized_distill_epochs200\images\monet_00092_to_vangogh.jpg","18002","0.017168","2026/4/6 0:04:04"
"45\45_03_macro_dictator\full_eval\epoch_0030_tokenized_distill_epochs200\images\monet_00278_to_cezanne.jpg","18099","0.017261","2026/4/6 0:04:04"
"45\45_03_macro_dictator\full_eval\epoch_0030_tokenized_distill_epochs200\images\monet_00278_to_Hayao.jpg","18209","0.017365","2026/4/6 0:04:04"
"45\45_03_macro_dictator\full_eval\epoch_0030_tokenized_distill_epochs200\images\monet_00278_to_monet.jpg","17751","0.016929","2026/4/6 0:04:04"
"45\45_03_macro_dictator\full_eval\epoch_0030_tokenized_distill_epochs200\images\monet_00278_to_photo.jpg","18349","0.017499","2026/4/6 0:04:04"
"45\45_03_macro_dictator\full_eval\epoch_0030_tokenized_distill_epochs200\images\monet_00278_to_vangogh.jpg","18187","0.017344","2026/4/6 0:04:04"
"45\45_03_macro_dictator\full_eval\epoch_0030_tokenized_distill_epochs200\images\monet_00282_to_cezanne.jpg","18295","0.017447","2026/4/6 0:04:08"
"45\45_03_macro_dictator\full_eval\epoch_0030_tokenized_distill_epochs200\images\monet_00282_to_Hayao.jpg","18025","0.01719","2026/4/6 0:04:07"
"45\45_03_macro_dictator\full_eval\epoch_0030_tokenized_distill_epochs200\images\monet_00282_to_monet.jpg","17353","0.016549","2026/4/6 0:04:07"
"45\45_03_macro_dictator\full_eval\epoch_0030_tokenized_distill_epochs200\images\monet_00282_to_photo.jpg","18275","0.017428","2026/4/6 0:04:07"
"45\45_03_macro_dictator\full_eval\epoch_0030_tokenized_distill_epochs200\images\monet_00282_to_vangogh.jpg","17933","0.017102","2026/4/6 0:04:08"
"45\45_03_macro_dictator\full_eval\epoch_0030_tokenized_distill_epochs200\images\monet_00286_to_cezanne.jpg","18770","0.0179","2026/4/6 0:04:03"
"45\45_03_macro_dictator\full_eval\epoch_0030_tokenized_distill_epochs200\images\monet_00286_to_Hayao.jpg","17992","0.017159","2026/4/6 0:04:03"
"45\45_03_macro_dictator\full_eval\epoch_0030_tokenized_distill_epochs200\images\monet_00286_to_monet.jpg","18122","0.017282","2026/4/6 0:04:03"
"45\45_03_macro_dictator\full_eval\epoch_0030_tokenized_distill_epochs200\images\monet_00286_to_photo.jpg","18418","0.017565","2026/4/6 0:04:02"
"45\45_03_macro_dictator\full_eval\epoch_0030_tokenized_distill_epochs200\images\monet_00286_to_vangogh.jpg","18023","0.017188","2026/4/6 0:04:03"
"45\45_03_macro_dictator\full_eval\epoch_0030_tokenized_distill_epochs200\images\monet_00291_to_cezanne.jpg","18286","0.017439","2026/4/6 0:04:07"
"45\45_03_macro_dictator\full_eval\epoch_0030_tokenized_distill_epochs200\images\monet_00291_to_Hayao.jpg","18087","0.017249","2026/4/6 0:04:06"
"45\45_03_macro_dictator\full_eval\epoch_0030_tokenized_distill_epochs200\images\monet_00291_to_monet.jpg","17462","0.016653","2026/4/6 0:04:06"
"45\45_03_macro_dictator\full_eval\epoch_0030_tokenized_distill_epochs200\images\monet_00291_to_photo.jpg","18168","0.017326","2026/4/6 0:04:06"
"45\45_03_macro_dictator\full_eval\epoch_0030_tokenized_distill_epochs200\images\monet_00291_to_vangogh.jpg","17912","0.017082","2026/4/6 0:04:07"
"45\45_03_macro_dictator\full_eval\epoch_0030_tokenized_distill_epochs200\images\monet_00389_to_cezanne.jpg","16654","0.015882","2026/4/6 0:04:06"
"45\45_03_macro_dictator\full_eval\epoch_0030_tokenized_distill_epochs200\images\monet_00389_to_Hayao.jpg","16771","0.015994","2026/4/6 0:04:05"
"45\45_03_macro_dictator\full_eval\epoch_0030_tokenized_distill_epochs200\images\monet_00389_to_monet.jpg","16551","0.015784","2026/4/6 0:04:05"
"45\45_03_macro_dictator\full_eval\epoch_0030_tokenized_distill_epochs200\images\monet_00389_to_photo.jpg","16402","0.015642","2026/4/6 0:04:05"
"45\45_03_macro_dictator\full_eval\epoch_0030_tokenized_distill_epochs200\images\monet_00389_to_vangogh.jpg","16703","0.015929","2026/4/6 0:04:05"
"45\45_03_macro_dictator\full_eval\epoch_0030_tokenized_distill_epochs200\images\monet_00429_to_cezanne.jpg","18389","0.017537","2026/4/6 0:04:09"
"45\45_03_macro_dictator\full_eval\epoch_0030_tokenized_distill_epochs200\images\monet_00429_to_Hayao.jpg","18113","0.017274","2026/4/6 0:04:08"
"45\45_03_macro_dictator\full_eval\epoch_0030_tokenized_distill_epochs200\images\monet_00429_to_monet.jpg","18029","0.017194","2026/4/6 0:04:09"
"45\45_03_macro_dictator\full_eval\epoch_0030_tokenized_distill_epochs200\images\monet_00429_to_photo.jpg","18583","0.017722","2026/4/6 0:04:08"
"45\45_03_macro_dictator\full_eval\epoch_0030_tokenized_distill_epochs200\images\monet_00429_to_vangogh.jpg","18478","0.017622","2026/4/6 0:04:09"
"45\45_03_macro_dictator\full_eval\epoch_0030_tokenized_distill_epochs200\images\monet_00444_to_cezanne.jpg","17766","0.016943","2026/4/6 0:04:03"
"45\45_03_macro_dictator\full_eval\epoch_0030_tokenized_distill_epochs200\images\monet_00444_to_Hayao.jpg","17985","0.017152","2026/4/6 0:04:03"
"45\45_03_macro_dictator\full_eval\epoch_0030_tokenized_distill_epochs200\images\monet_00444_to_monet.jpg","17512","0.016701","2026/4/6 0:04:03"
"45\45_03_macro_dictator\full_eval\epoch_0030_tokenized_distill_epochs200\images\monet_00444_to_photo.jpg","18362","0.017511","2026/4/6 0:04:02"
"45\45_03_macro_dictator\full_eval\epoch_0030_tokenized_distill_epochs200\images\monet_00444_to_vangogh.jpg","18111","0.017272","2026/4/6 0:04:03"
"45\45_03_macro_dictator\full_eval\epoch_0030_tokenized_distill_epochs200\images\monet_00446_to_cezanne.jpg","17912","0.017082","2026/4/6 0:04:10"
"45\45_03_macro_dictator\full_eval\epoch_0030_tokenized_distill_epochs200\images\monet_00446_to_Hayao.jpg","18248","0.017403","2026/4/6 0:04:10"
"45\45_03_macro_dictator\full_eval\epoch_0030_tokenized_distill_epochs200\images\monet_00446_to_monet.jpg","17558","0.016745","2026/4/6 0:04:10"
"45\45_03_macro_dictator\full_eval\epoch_0030_tokenized_distill_epochs200\images\monet_00446_to_photo.jpg","17918","0.017088","2026/4/6 0:04:09"
"45\45_03_macro_dictator\full_eval\epoch_0030_tokenized_distill_epochs200\images\monet_00446_to_vangogh.jpg","18014","0.017179","2026/4/6 0:04:10"
"45\45_03_macro_dictator\full_eval\epoch_0030_tokenized_distill_epochs200\images\monet_00542_to_cezanne.jpg","18978","0.018099","2026/4/6 0:04:06"
"45\45_03_macro_dictator\full_eval\epoch_0030_tokenized_distill_epochs200\images\monet_00542_to_Hayao.jpg","18206","0.017363","2026/4/6 0:04:05"
"45\45_03_macro_dictator\full_eval\epoch_0030_tokenized_distill_epochs200\images\monet_00542_to_monet.jpg","17648","0.01683","2026/4/6 0:04:05"
"45\45_03_macro_dictator\full_eval\epoch_0030_tokenized_distill_epochs200\images\monet_00542_to_photo.jpg","17910","0.01708","2026/4/6 0:04:05"
"45\45_03_macro_dictator\full_eval\epoch_0030_tokenized_distill_epochs200\images\monet_00542_to_vangogh.jpg","18534","0.017675","2026/4/6 0:04:05"
"45\45_03_macro_dictator\full_eval\epoch_0030_tokenized_distill_epochs200\images\monet_00557_to_cezanne.jpg","18103","0.017264","2026/4/6 0:04:11"
"45\45_03_macro_dictator\full_eval\epoch_0030_tokenized_distill_epochs200\images\monet_00557_to_Hayao.jpg","18071","0.017234","2026/4/6 0:04:11"
"45\45_03_macro_dictator\full_eval\epoch_0030_tokenized_distill_epochs200\images\monet_00557_to_monet.jpg","17918","0.017088","2026/4/6 0:04:11"
"45\45_03_macro_dictator\full_eval\epoch_0030_tokenized_distill_epochs200\images\monet_00557_to_photo.jpg","18194","0.017351","2026/4/6 0:04:11"
"45\45_03_macro_dictator\full_eval\epoch_0030_tokenized_distill_epochs200\images\monet_00557_to_vangogh.jpg","17888","0.017059","2026/4/6 0:04:11"
"45\45_03_macro_dictator\full_eval\epoch_0030_tokenized_distill_epochs200\images\monet_00607_to_cezanne.jpg","18615","0.017753","2026/4/6 0:04:03"
"45\45_03_macro_dictator\full_eval\epoch_0030_tokenized_distill_epochs200\images\monet_00607_to_Hayao.jpg","18656","0.017792","2026/4/6 0:04:03"
"45\45_03_macro_dictator\full_eval\epoch_0030_tokenized_distill_epochs200\images\monet_00607_to_monet.jpg","18282","0.017435","2026/4/6 0:04:03"
"45\45_03_macro_dictator\full_eval\epoch_0030_tokenized_distill_epochs200\images\monet_00607_to_photo.jpg","18421","0.017568","2026/4/6 0:04:02"
"45\45_03_macro_dictator\full_eval\epoch_0030_tokenized_distill_epochs200\images\monet_00607_to_vangogh.jpg","18871","0.017997","2026/4/6 0:04:03"
"45\45_03_macro_dictator\full_eval\epoch_0030_tokenized_distill_epochs200\images\monet_00677_to_cezanne.jpg","18530","0.017672","2026/4/6 0:04:08"
"45\45_03_macro_dictator\full_eval\epoch_0030_tokenized_distill_epochs200\images\monet_00677_to_Hayao.jpg","18233","0.017388","2026/4/6 0:04:07"
"45\45_03_macro_dictator\full_eval\epoch_0030_tokenized_distill_epochs200\images\monet_00677_to_monet.jpg","17631","0.016814","2026/4/6 0:04:07"
"45\45_03_macro_dictator\full_eval\epoch_0030_tokenized_distill_epochs200\images\monet_00677_to_photo.jpg","17908","0.017078","2026/4/6 0:04:07"
"45\45_03_macro_dictator\full_eval\epoch_0030_tokenized_distill_epochs200\images\monet_00677_to_vangogh.jpg","18337","0.017488","2026/4/6 0:04:08"
"45\45_03_macro_dictator\full_eval\epoch_0030_tokenized_distill_epochs200\images\monet_00695_to_cezanne.jpg","17708","0.016888","2026/4/6 0:04:03"
"45\45_03_macro_dictator\full_eval\epoch_0030_tokenized_distill_epochs200\images\monet_00695_to_Hayao.jpg","18091","0.017253","2026/4/6 0:04:03"
"45\45_03_macro_dictator\full_eval\epoch_0030_tokenized_distill_epochs200\images\monet_00695_to_monet.jpg","18003","0.017169","2026/4/6 0:04:03"
"45\45_03_macro_dictator\full_eval\epoch_0030_tokenized_distill_epochs200\images\monet_00695_to_photo.jpg","17801","0.016976","2026/4/6 0:04:02"
"45\45_03_macro_dictator\full_eval\epoch_0030_tokenized_distill_epochs200\images\monet_00695_to_vangogh.jpg","17700","0.01688","2026/4/6 0:04:03"
"45\45_03_macro_dictator\full_eval\epoch_0030_tokenized_distill_epochs200\images\monet_00756_to_cezanne.jpg","18012","0.017178","2026/4/6 0:04:04"
"45\45_03_macro_dictator\full_eval\epoch_0030_tokenized_distill_epochs200\images\monet_00756_to_Hayao.jpg","17293","0.016492","2026/4/6 0:04:04"
"45\45_03_macro_dictator\full_eval\epoch_0030_tokenized_distill_epochs200\images\monet_00756_to_monet.jpg","17699","0.016879","2026/4/6 0:04:04"
"45\45_03_macro_dictator\full_eval\epoch_0030_tokenized_distill_epochs200\images\monet_00756_to_photo.jpg","17324","0.016521","2026/4/6 0:04:04"
"45\45_03_macro_dictator\full_eval\epoch_0030_tokenized_distill_epochs200\images\monet_00756_to_vangogh.jpg","17184","0.016388","2026/4/6 0:04:04"
"45\45_03_macro_dictator\full_eval\epoch_0030_tokenized_distill_epochs200\images\monet_00776_to_cezanne.jpg","18290","0.017443","2026/4/6 0:04:10"
"45\45_03_macro_dictator\full_eval\epoch_0030_tokenized_distill_epochs200\images\monet_00776_to_Hayao.jpg","17947","0.017116","2026/4/6 0:04:10"
"45\45_03_macro_dictator\full_eval\epoch_0030_tokenized_distill_epochs200\images\monet_00776_to_monet.jpg","17674","0.016855","2026/4/6 0:04:10"
"45\45_03_macro_dictator\full_eval\epoch_0030_tokenized_distill_epochs200\images\monet_00776_to_photo.jpg","18081","0.017243","2026/4/6 0:04:09"
"45\45_03_macro_dictator\full_eval\epoch_0030_tokenized_distill_epochs200\images\monet_00776_to_vangogh.jpg","18228","0.017384","2026/4/6 0:04:10"
"45\45_03_macro_dictator\full_eval\epoch_0030_tokenized_distill_epochs200\images\monet_00786_to_cezanne.jpg","18054","0.017218","2026/4/6 0:04:06"
"45\45_03_macro_dictator\full_eval\epoch_0030_tokenized_distill_epochs200\images\monet_00786_to_Hayao.jpg","18232","0.017387","2026/4/6 0:04:05"
"45\45_03_macro_dictator\full_eval\epoch_0030_tokenized_distill_epochs200\images\monet_00786_to_monet.jpg","18598","0.017736","2026/4/6 0:04:05"
"45\45_03_macro_dictator\full_eval\epoch_0030_tokenized_distill_epochs200\images\monet_00786_to_photo.jpg","18320","0.017471","2026/4/6 0:04:05"
"45\45_03_macro_dictator\full_eval\epoch_0030_tokenized_distill_epochs200\images\monet_00786_to_vangogh.jpg","18578","0.017717","2026/4/6 0:04:05"
"45\45_03_macro_dictator\full_eval\epoch_0030_tokenized_distill_epochs200\images\monet_00789_to_cezanne.jpg","18884","0.018009","2026/4/6 0:04:10"
"45\45_03_macro_dictator\full_eval\epoch_0030_tokenized_distill_epochs200\images\monet_00789_to_Hayao.jpg","18262","0.017416","2026/4/6 0:04:10"
"45\45_03_macro_dictator\full_eval\epoch_0030_tokenized_distill_epochs200\images\monet_00789_to_monet.jpg","18403","0.01755","2026/4/6 0:04:10"
"45\45_03_macro_dictator\full_eval\epoch_0030_tokenized_distill_epochs200\images\monet_00789_to_photo.jpg","19005","0.018125","2026/4/6 0:04:09"
"45\45_03_macro_dictator\full_eval\epoch_0030_tokenized_distill_epochs200\images\monet_00789_to_vangogh.jpg","18769","0.0179","2026/4/6 0:04:10"
"45\45_03_macro_dictator\full_eval\epoch_0030_tokenized_distill_epochs200\images\monet_00812_to_cezanne.jpg","18597","0.017735","2026/4/6 0:04:06"
"45\45_03_macro_dictator\full_eval\epoch_0030_tokenized_distill_epochs200\images\monet_00812_to_Hayao.jpg","18512","0.017654","2026/4/6 0:04:05"
"45\45_03_macro_dictator\full_eval\epoch_0030_tokenized_distill_epochs200\images\monet_00812_to_monet.jpg","18261","0.017415","2026/4/6 0:04:05"
"45\45_03_macro_dictator\full_eval\epoch_0030_tokenized_distill_epochs200\images\monet_00812_to_photo.jpg","18533","0.017674","2026/4/6 0:04:05"
"45\45_03_macro_dictator\full_eval\epoch_0030_tokenized_distill_epochs200\images\monet_00812_to_vangogh.jpg","18639","0.017776","2026/4/6 0:04:05"
"45\45_03_macro_dictator\full_eval\epoch_0030_tokenized_distill_epochs200\images\monet_00928_to_cezanne.jpg","18140","0.0173","2026/4/6 0:04:09"
"45\45_03_macro_dictator\full_eval\epoch_0030_tokenized_distill_epochs200\images\monet_00928_to_Hayao.jpg","18260","0.017414","2026/4/6 0:04:08"
"45\45_03_macro_dictator\full_eval\epoch_0030_tokenized_distill_epochs200\images\monet_00928_to_monet.jpg","18009","0.017175","2026/4/6 0:04:09"
"45\45_03_macro_dictator\full_eval\epoch_0030_tokenized_distill_epochs200\images\monet_00928_to_photo.jpg","17881","0.017053","2026/4/6 0:04:08"
"45\45_03_macro_dictator\full_eval\epoch_0030_tokenized_distill_epochs200\images\monet_00928_to_vangogh.jpg","18492","0.017635","2026/4/6 0:04:09"
"45\45_03_macro_dictator\full_eval\epoch_0030_tokenized_distill_epochs200\images\monet_00959_to_cezanne.jpg","18134","0.017294","2026/4/6 0:04:08"
"45\45_03_macro_dictator\full_eval\epoch_0030_tokenized_distill_epochs200\images\monet_00959_to_Hayao.jpg","18386","0.017534","2026/4/6 0:04:07"
"45\45_03_macro_dictator\full_eval\epoch_0030_tokenized_distill_epochs200\images\monet_00959_to_monet.jpg","18112","0.017273","2026/4/6 0:04:07"
"45\45_03_macro_dictator\full_eval\epoch_0030_tokenized_distill_epochs200\images\monet_00959_to_photo.jpg","18842","0.017969","2026/4/6 0:04:07"
"45\45_03_macro_dictator\full_eval\epoch_0030_tokenized_distill_epochs200\images\monet_00959_to_vangogh.jpg","17772","0.016949","2026/4/6 0:04:08"
"45\45_03_macro_dictator\full_eval\epoch_0030_tokenized_distill_epochs200\images\monet_01039_to_cezanne.jpg","18343","0.017493","2026/4/6 0:04:07"
"45\45_03_macro_dictator\full_eval\epoch_0030_tokenized_distill_epochs200\images\monet_01039_to_Hayao.jpg","17955","0.017123","2026/4/6 0:04:06"
"45\45_03_macro_dictator\full_eval\epoch_0030_tokenized_distill_epochs200\images\monet_01039_to_monet.jpg","17828","0.017002","2026/4/6 0:04:06"
"45\45_03_macro_dictator\full_eval\epoch_0030_tokenized_distill_epochs200\images\monet_01039_to_photo.jpg","18363","0.017512","2026/4/6 0:04:06"
"45\45_03_macro_dictator\full_eval\epoch_0030_tokenized_distill_epochs200\images\monet_01039_to_vangogh.jpg","18104","0.017265","2026/4/6 0:04:07"
"45\45_03_macro_dictator\full_eval\epoch_0030_tokenized_distill_epochs200\images\monet_01059_to_cezanne.jpg","18604","0.017742","2026/4/6 0:04:07"
"45\45_03_macro_dictator\full_eval\epoch_0030_tokenized_distill_epochs200\images\monet_01059_to_Hayao.jpg","18294","0.017447","2026/4/6 0:04:06"
"45\45_03_macro_dictator\full_eval\epoch_0030_tokenized_distill_epochs200\images\monet_01059_to_monet.jpg","18439","0.017585","2026/4/6 0:04:06"
"45\45_03_macro_dictator\full_eval\epoch_0030_tokenized_distill_epochs200\images\monet_01059_to_photo.jpg","18600","0.017738","2026/4/6 0:04:06"
"45\45_03_macro_dictator\full_eval\epoch_0030_tokenized_distill_epochs200\images\monet_01059_to_vangogh.jpg","18816","0.017944","2026/4/6 0:04:07"
"45\45_03_macro_dictator\full_eval\epoch_0030_tokenized_distill_epochs200\images\monet_01127_to_cezanne.jpg","17616","0.0168","2026/4/6 0:04:10"
"45\45_03_macro_dictator\full_eval\epoch_0030_tokenized_distill_epochs200\images\monet_01127_to_Hayao.jpg","16725","0.01595","2026/4/6 0:04:10"
"45\45_03_macro_dictator\full_eval\epoch_0030_tokenized_distill_epochs200\images\monet_01127_to_monet.jpg","16737","0.015962","2026/4/6 0:04:10"
"45\45_03_macro_dictator\full_eval\epoch_0030_tokenized_distill_epochs200\images\monet_01127_to_photo.jpg","16480","0.015717","2026/4/6 0:04:09"
"45\45_03_macro_dictator\full_eval\epoch_0030_tokenized_distill_epochs200\images\monet_01127_to_vangogh.jpg","16699","0.015925","2026/4/6 0:04:10"
"45\45_03_macro_dictator\full_eval\epoch_0030_tokenized_distill_epochs200\images\monet_01151_to_cezanne.jpg","18707","0.01784","2026/4/6 0:04:11"
"45\45_03_macro_dictator\full_eval\epoch_0030_tokenized_distill_epochs200\images\monet_01151_to_Hayao.jpg","18559","0.017699","2026/4/6 0:04:11"
"45\45_03_macro_dictator\full_eval\epoch_0030_tokenized_distill_epochs200\images\monet_01151_to_monet.jpg","18515","0.017657","2026/4/6 0:04:11"
"45\45_03_macro_dictator\full_eval\epoch_0030_tokenized_distill_epochs200\images\monet_01151_to_photo.jpg","18736","0.017868","2026/4/6 0:04:11"
"45\45_03_macro_dictator\full_eval\epoch_0030_tokenized_distill_epochs200\images\monet_01151_to_vangogh.jpg","18595","0.017734","2026/4/6 0:04:11"
"45\45_03_macro_dictator\full_eval\epoch_0030_tokenized_distill_epochs200\images\monet_01155_to_cezanne.jpg","18742","0.017874","2026/4/6 0:04:09"
"45\45_03_macro_dictator\full_eval\epoch_0030_tokenized_distill_epochs200\images\monet_01155_to_Hayao.jpg","17934","0.017103","2026/4/6 0:04:08"
"45\45_03_macro_dictator\full_eval\epoch_0030_tokenized_distill_epochs200\images\monet_01155_to_monet.jpg","18798","0.017927","2026/4/6 0:04:09"
"45\45_03_macro_dictator\full_eval\epoch_0030_tokenized_distill_epochs200\images\monet_01155_to_photo.jpg","18152","0.017311","2026/4/6 0:04:08"
"45\45_03_macro_dictator\full_eval\epoch_0030_tokenized_distill_epochs200\images\monet_01155_to_vangogh.jpg","18815","0.017943","2026/4/6 0:04:09"
"45\45_03_macro_dictator\full_eval\epoch_0030_tokenized_distill_epochs200\images\monet_01208_to_cezanne.jpg","18140","0.0173","2026/4/6 0:04:04"
"45\45_03_macro_dictator\full_eval\epoch_0030_tokenized_distill_epochs200\images\monet_01208_to_Hayao.jpg","18262","0.017416","2026/4/6 0:04:04"
"45\45_03_macro_dictator\full_eval\epoch_0030_tokenized_distill_epochs200\images\monet_01208_to_monet.jpg","18587","0.017726","2026/4/6 0:04:04"
"45\45_03_macro_dictator\full_eval\epoch_0030_tokenized_distill_epochs200\images\monet_01208_to_photo.jpg","17983","0.01715","2026/4/6 0:04:04"
"45\45_03_macro_dictator\full_eval\epoch_0030_tokenized_distill_epochs200\images\monet_01208_to_vangogh.jpg","18463","0.017608","2026/4/6 0:04:04"
"45\45_03_macro_dictator\full_eval\epoch_0030_tokenized_distill_epochs200\images\monet_01326_to_cezanne.jpg","18013","0.017179","2026/4/6 0:04:09"
"45\45_03_macro_dictator\full_eval\epoch_0030_tokenized_distill_epochs200\images\monet_01326_to_Hayao.jpg","17995","0.017161","2026/4/6 0:04:08"
"45\45_03_macro_dictator\full_eval\epoch_0030_tokenized_distill_epochs200\images\monet_01326_to_monet.jpg","17828","0.017002","2026/4/6 0:04:09"
"45\45_03_macro_dictator\full_eval\epoch_0030_tokenized_distill_epochs200\images\monet_01326_to_photo.jpg","18228","0.017384","2026/4/6 0:04:08"
"45\45_03_macro_dictator\full_eval\epoch_0030_tokenized_distill_epochs200\images\monet_01326_to_vangogh.jpg","18480","0.017624","2026/4/6 0:04:09"
"45\45_03_macro_dictator\full_eval\epoch_0030_tokenized_distill_epochs200\images\photo_2013-11-08 16_45_24_to_cezanne.jpg","14892","0.014202","2026/4/6 0:03:50"
"45\45_03_macro_dictator\full_eval\epoch_0030_tokenized_distill_epochs200\images\photo_2013-11-08 16_45_24_to_Hayao.jpg","14431","0.013762","2026/4/6 0:03:50"
"45\45_03_macro_dictator\full_eval\epoch_0030_tokenized_distill_epochs200\images\photo_2013-11-08 16_45_24_to_monet.jpg","15571","0.01485","2026/4/6 0:03:50"
"45\45_03_macro_dictator\full_eval\epoch_0030_tokenized_distill_epochs200\images\photo_2013-11-08 16_45_24_to_photo.jpg","14140","0.013485","2026/4/6 0:03:50"
"45\45_03_macro_dictator\full_eval\epoch_0030_tokenized_distill_epochs200\images\photo_2013-11-08 16_45_24_to_vangogh.jpg","14274","0.013613","2026/4/6 0:03:50"
"45\45_03_macro_dictator\full_eval\epoch_0030_tokenized_distill_epochs200\images\photo_2013-11-10 12_45_41_to_cezanne.jpg","17893","0.017064","2026/4/6 0:03:49"
"45\45_03_macro_dictator\full_eval\epoch_0030_tokenized_distill_epochs200\images\photo_2013-11-10 12_45_41_to_Hayao.jpg","17355","0.016551","2026/4/6 0:03:49"
"45\45_03_macro_dictator\full_eval\epoch_0030_tokenized_distill_epochs200\images\photo_2013-11-10 12_45_41_to_monet.jpg","17313","0.016511","2026/4/6 0:03:49"
"45\45_03_macro_dictator\full_eval\epoch_0030_tokenized_distill_epochs200\images\photo_2013-11-10 12_45_41_to_photo.jpg","17848","0.017021","2026/4/6 0:03:48"
"45\45_03_macro_dictator\full_eval\epoch_0030_tokenized_distill_epochs200\images\photo_2013-11-10 12_45_41_to_vangogh.jpg","17001","0.016213","2026/4/6 0:03:49"
"45\45_03_macro_dictator\full_eval\epoch_0030_tokenized_distill_epochs200\images\photo_2013-11-10 19_30_53_to_cezanne.jpg","18637","0.017774","2026/4/6 0:03:47"
"45\45_03_macro_dictator\full_eval\epoch_0030_tokenized_distill_epochs200\images\photo_2013-11-10 19_30_53_to_Hayao.jpg","18362","0.017511","2026/4/6 0:03:46"
"45\45_03_macro_dictator\full_eval\epoch_0030_tokenized_distill_epochs200\images\photo_2013-11-10 19_30_53_to_monet.jpg","18011","0.017177","2026/4/6 0:03:47"
"45\45_03_macro_dictator\full_eval\epoch_0030_tokenized_distill_epochs200\images\photo_2013-11-10 19_30_53_to_photo.jpg","18669","0.017804","2026/4/6 0:03:46"
"45\45_03_macro_dictator\full_eval\epoch_0030_tokenized_distill_epochs200\images\photo_2013-11-10 19_30_53_to_vangogh.jpg","18389","0.017537","2026/4/6 0:03:47"
"45\45_03_macro_dictator\full_eval\epoch_0030_tokenized_distill_epochs200\images\photo_2013-11-11 22_03_00_to_cezanne.jpg","17748","0.016926","2026/4/6 0:03:47"
"45\45_03_macro_dictator\full_eval\epoch_0030_tokenized_distill_epochs200\images\photo_2013-11-11 22_03_00_to_Hayao.jpg","18004","0.01717","2026/4/6 0:03:46"
"45\45_03_macro_dictator\full_eval\epoch_0030_tokenized_distill_epochs200\images\photo_2013-11-11 22_03_00_to_monet.jpg","17434","0.016626","2026/4/6 0:03:47"
"45\45_03_macro_dictator\full_eval\epoch_0030_tokenized_distill_epochs200\images\photo_2013-11-11 22_03_00_to_photo.jpg","17938","0.017107","2026/4/6 0:03:46"
"45\45_03_macro_dictator\full_eval\epoch_0030_tokenized_distill_epochs200\images\photo_2013-11-11 22_03_00_to_vangogh.jpg","17596","0.016781","2026/4/6 0:03:47"
"45\45_03_macro_dictator\full_eval\epoch_0030_tokenized_distill_epochs200\images\photo_2013-11-12 01_54_20_to_cezanne.jpg","18851","0.017978","2026/4/6 0:03:50"
"45\45_03_macro_dictator\full_eval\epoch_0030_tokenized_distill_epochs200\images\photo_2013-11-12 01_54_20_to_Hayao.jpg","16986","0.016199","2026/4/6 0:03:50"
"45\45_03_macro_dictator\full_eval\epoch_0030_tokenized_distill_epochs200\images\photo_2013-11-12 01_54_20_to_monet.jpg","17907","0.017077","2026/4/6 0:03:50"
"45\45_03_macro_dictator\full_eval\epoch_0030_tokenized_distill_epochs200\images\photo_2013-11-12 01_54_20_to_photo.jpg","18473","0.017617","2026/4/6 0:03:50"
"45\45_03_macro_dictator\full_eval\epoch_0030_tokenized_distill_epochs200\images\photo_2013-11-12 01_54_20_to_vangogh.jpg","18009","0.017175","2026/4/6 0:03:50"
"45\45_03_macro_dictator\full_eval\epoch_0030_tokenized_distill_epochs200\images\photo_2013-11-12 10_29_19_to_cezanne.jpg","18428","0.017574","2026/4/6 0:03:46"
"45\45_03_macro_dictator\full_eval\epoch_0030_tokenized_distill_epochs200\images\photo_2013-11-12 10_29_19_to_Hayao.jpg","17652","0.016834","2026/4/6 0:03:45"
"45\45_03_macro_dictator\full_eval\epoch_0030_tokenized_distill_epochs200\images\photo_2013-11-12 10_29_19_to_monet.jpg","18379","0.017528","2026/4/6 0:03:45"
"45\45_03_macro_dictator\full_eval\epoch_0030_tokenized_distill_epochs200\images\photo_2013-11-12 10_29_19_to_photo.jpg","18390","0.017538","2026/4/6 0:03:45"
"45\45_03_macro_dictator\full_eval\epoch_0030_tokenized_distill_epochs200\images\photo_2013-11-12 10_29_19_to_vangogh.jpg","18000","0.017166","2026/4/6 0:03:46"
"45\45_03_macro_dictator\full_eval\epoch_0030_tokenized_distill_epochs200\images\photo_2013-11-12 16_58_40_to_cezanne.jpg","18316","0.017467","2026/4/6 0:03:49"
"45\45_03_macro_dictator\full_eval\epoch_0030_tokenized_distill_epochs200\images\photo_2013-11-12 16_58_40_to_Hayao.jpg","17257","0.016458","2026/4/6 0:03:49"
"45\45_03_macro_dictator\full_eval\epoch_0030_tokenized_distill_epochs200\images\photo_2013-11-12 16_58_40_to_monet.jpg","17637","0.01682","2026/4/6 0:03:49"
"45\45_03_macro_dictator\full_eval\epoch_0030_tokenized_distill_epochs200\images\photo_2013-11-12 16_58_40_to_photo.jpg","17795","0.016971","2026/4/6 0:03:48"
"45\45_03_macro_dictator\full_eval\epoch_0030_tokenized_distill_epochs200\images\photo_2013-11-12 16_58_40_to_vangogh.jpg","18229","0.017385","2026/4/6 0:03:49"
"45\45_03_macro_dictator\full_eval\epoch_0030_tokenized_distill_epochs200\images\photo_2013-11-14 07_04_51_to_cezanne.jpg","18380","0.017529","2026/4/6 0:03:48"
"45\45_03_macro_dictator\full_eval\epoch_0030_tokenized_distill_epochs200\images\photo_2013-11-14 07_04_51_to_Hayao.jpg","17898","0.017069","2026/4/6 0:03:47"
"45\45_03_macro_dictator\full_eval\epoch_0030_tokenized_distill_epochs200\images\photo_2013-11-14 07_04_51_to_monet.jpg","17447","0.016639","2026/4/6 0:03:48"
"45\45_03_macro_dictator\full_eval\epoch_0030_tokenized_distill_epochs200\images\photo_2013-11-14 07_04_51_to_photo.jpg","18515","0.017657","2026/4/6 0:03:47"
"45\45_03_macro_dictator\full_eval\epoch_0030_tokenized_distill_epochs200\images\photo_2013-11-14 07_04_51_to_vangogh.jpg","17899","0.01707","2026/4/6 0:03:48"
"45\45_03_macro_dictator\full_eval\epoch_0030_tokenized_distill_epochs200\images\photo_2013-11-14 14_11_02_to_cezanne.jpg","18186","0.017344","2026/4/6 0:03:52"
"45\45_03_macro_dictator\full_eval\epoch_0030_tokenized_distill_epochs200\images\photo_2013-11-14 14_11_02_to_Hayao.jpg","17787","0.016963","2026/4/6 0:03:51"
"45\45_03_macro_dictator\full_eval\epoch_0030_tokenized_distill_epochs200\images\photo_2013-11-14 14_11_02_to_monet.jpg","18348","0.017498","2026/4/6 0:03:51"
"45\45_03_macro_dictator\full_eval\epoch_0030_tokenized_distill_epochs200\images\photo_2013-11-14 14_11_02_to_photo.jpg","18423","0.01757","2026/4/6 0:03:51"
"45\45_03_macro_dictator\full_eval\epoch_0030_tokenized_distill_epochs200\images\photo_2013-11-14 14_11_02_to_vangogh.jpg","18323","0.017474","2026/4/6 0:03:51"
"45\45_03_macro_dictator\full_eval\epoch_0030_tokenized_distill_epochs200\images\photo_2013-11-16 04_17_00_to_cezanne.jpg","18302","0.017454","2026/4/6 0:03:46"
"45\45_03_macro_dictator\full_eval\epoch_0030_tokenized_distill_epochs200\images\photo_2013-11-16 04_17_00_to_Hayao.jpg","17859","0.017032","2026/4/6 0:03:45"
"45\45_03_macro_dictator\full_eval\epoch_0030_tokenized_distill_epochs200\images\photo_2013-11-16 04_17_00_to_monet.jpg","18316","0.017467","2026/4/6 0:03:45"
"45\45_03_macro_dictator\full_eval\epoch_0030_tokenized_distill_epochs200\images\photo_2013-11-16 04_17_00_to_photo.jpg","18273","0.017426","2026/4/6 0:03:45"
"45\45_03_macro_dictator\full_eval\epoch_0030_tokenized_distill_epochs200\images\photo_2013-11-16 04_17_00_to_vangogh.jpg","17550","0.016737","2026/4/6 0:03:46"
"45\45_03_macro_dictator\full_eval\epoch_0030_tokenized_distill_epochs200\images\photo_2013-11-17 09_05_09_to_cezanne.jpg","17349","0.016545","2026/4/6 0:03:53"
"45\45_03_macro_dictator\full_eval\epoch_0030_tokenized_distill_epochs200\images\photo_2013-11-17 09_05_09_to_Hayao.jpg","17328","0.016525","2026/4/6 0:03:52"
"45\45_03_macro_dictator\full_eval\epoch_0030_tokenized_distill_epochs200\images\photo_2013-11-17 09_05_09_to_monet.jpg","16988","0.016201","2026/4/6 0:03:52"
"45\45_03_macro_dictator\full_eval\epoch_0030_tokenized_distill_epochs200\images\photo_2013-11-17 09_05_09_to_photo.jpg","17748","0.016926","2026/4/6 0:03:52"
"45\45_03_macro_dictator\full_eval\epoch_0030_tokenized_distill_epochs200\images\photo_2013-11-17 09_05_09_to_vangogh.jpg","17636","0.016819","2026/4/6 0:03:53"
"45\45_03_macro_dictator\full_eval\epoch_0030_tokenized_distill_epochs200\images\photo_2013-11-17 14_54_20_to_cezanne.jpg","18280","0.017433","2026/4/6 0:03:48"
"45\45_03_macro_dictator\full_eval\epoch_0030_tokenized_distill_epochs200\images\photo_2013-11-17 14_54_20_to_Hayao.jpg","17313","0.016511","2026/4/6 0:03:47"
"45\45_03_macro_dictator\full_eval\epoch_0030_tokenized_distill_epochs200\images\photo_2013-11-17 14_54_20_to_monet.jpg","18291","0.017444","2026/4/6 0:03:48"
"45\45_03_macro_dictator\full_eval\epoch_0030_tokenized_distill_epochs200\images\photo_2013-11-17 14_54_20_to_photo.jpg","18362","0.017511","2026/4/6 0:03:47"
"45\45_03_macro_dictator\full_eval\epoch_0030_tokenized_distill_epochs200\images\photo_2013-11-17 14_54_20_to_vangogh.jpg","18049","0.017213","2026/4/6 0:03:48"
"45\45_03_macro_dictator\full_eval\epoch_0030_tokenized_distill_epochs200\images\photo_2013-11-17 16_40_10_to_cezanne.jpg","17284","0.016483","2026/4/6 0:03:54"
"45\45_03_macro_dictator\full_eval\epoch_0030_tokenized_distill_epochs200\images\photo_2013-11-17 16_40_10_to_Hayao.jpg","16783","0.016006","2026/4/6 0:03:53"
"45\45_03_macro_dictator\full_eval\epoch_0030_tokenized_distill_epochs200\images\photo_2013-11-17 16_40_10_to_monet.jpg","16315","0.015559","2026/4/6 0:03:54"
"45\45_03_macro_dictator\full_eval\epoch_0030_tokenized_distill_epochs200\images\photo_2013-11-17 16_40_10_to_photo.jpg","17468","0.016659","2026/4/6 0:03:53"
"45\45_03_macro_dictator\full_eval\epoch_0030_tokenized_distill_epochs200\images\photo_2013-11-17 16_40_10_to_vangogh.jpg","17074","0.016283","2026/4/6 0:03:54"
"45\45_03_macro_dictator\full_eval\epoch_0030_tokenized_distill_epochs200\images\photo_2013-11-17 17_36_09_to_cezanne.jpg","18338","0.017488","2026/4/6 0:03:46"
"45\45_03_macro_dictator\full_eval\epoch_0030_tokenized_distill_epochs200\images\photo_2013-11-17 17_36_09_to_Hayao.jpg","17838","0.017012","2026/4/6 0:03:45"
"45\45_03_macro_dictator\full_eval\epoch_0030_tokenized_distill_epochs200\images\photo_2013-11-17 17_36_09_to_monet.jpg","17748","0.016926","2026/4/6 0:03:45"
"45\45_03_macro_dictator\full_eval\epoch_0030_tokenized_distill_epochs200\images\photo_2013-11-17 17_36_09_to_photo.jpg","18686","0.01782","2026/4/6 0:03:45"
"45\45_03_macro_dictator\full_eval\epoch_0030_tokenized_distill_epochs200\images\photo_2013-11-17 17_36_09_to_vangogh.jpg","18336","0.017487","2026/4/6 0:03:46"
"45\45_03_macro_dictator\full_eval\epoch_0030_tokenized_distill_epochs200\images\photo_2013-11-17 18_08_26_to_cezanne.jpg","18008","0.017174","2026/4/6 0:03:50"
"45\45_03_macro_dictator\full_eval\epoch_0030_tokenized_distill_epochs200\images\photo_2013-11-17 18_08_26_to_Hayao.jpg","17526","0.016714","2026/4/6 0:03:50"
"45\45_03_macro_dictator\full_eval\epoch_0030_tokenized_distill_epochs200\images\photo_2013-11-17 18_08_26_to_monet.jpg","17895","0.017066","2026/4/6 0:03:50"
"45\45_03_macro_dictator\full_eval\epoch_0030_tokenized_distill_epochs200\images\photo_2013-11-17 18_08_26_to_photo.jpg","17762","0.016939","2026/4/6 0:03:50"
"45\45_03_macro_dictator\full_eval\epoch_0030_tokenized_distill_epochs200\images\photo_2013-11-17 18_08_26_to_vangogh.jpg","18203","0.01736","2026/4/6 0:03:50"
"45\45_03_macro_dictator\full_eval\epoch_0030_tokenized_distill_epochs200\images\photo_2013-11-17 23_58_45_to_cezanne.jpg","17864","0.017036","2026/4/6 0:03:46"
"45\45_03_macro_dictator\full_eval\epoch_0030_tokenized_distill_epochs200\images\photo_2013-11-17 23_58_45_to_Hayao.jpg","17791","0.016967","2026/4/6 0:03:45"
"45\45_03_macro_dictator\full_eval\epoch_0030_tokenized_distill_epochs200\images\photo_2013-11-17 23_58_45_to_monet.jpg","17702","0.016882","2026/4/6 0:03:45"
"45\45_03_macro_dictator\full_eval\epoch_0030_tokenized_distill_epochs200\images\photo_2013-11-17 23_58_45_to_photo.jpg","17258","0.016459","2026/4/6 0:03:45"
"45\45_03_macro_dictator\full_eval\epoch_0030_tokenized_distill_epochs200\images\photo_2013-11-17 23_58_45_to_vangogh.jpg","17663","0.016845","2026/4/6 0:03:46"
"45\45_03_macro_dictator\full_eval\epoch_0030_tokenized_distill_epochs200\images\photo_2013-11-18 02_42_31_to_cezanne.jpg","17768","0.016945","2026/4/6 0:03:47"
"45\45_03_macro_dictator\full_eval\epoch_0030_tokenized_distill_epochs200\images\photo_2013-11-18 02_42_31_to_Hayao.jpg","17881","0.017053","2026/4/6 0:03:46"
"45\45_03_macro_dictator\full_eval\epoch_0030_tokenized_distill_epochs200\images\photo_2013-11-18 02_42_31_to_monet.jpg","18192","0.017349","2026/4/6 0:03:47"
"45\45_03_macro_dictator\full_eval\epoch_0030_tokenized_distill_epochs200\images\photo_2013-11-18 02_42_31_to_photo.jpg","18048","0.017212","2026/4/6 0:03:46"
"45\45_03_macro_dictator\full_eval\epoch_0030_tokenized_distill_epochs200\images\photo_2013-11-18 02_42_31_to_vangogh.jpg","18104","0.017265","2026/4/6 0:03:47"
"45\45_03_macro_dictator\full_eval\epoch_0030_tokenized_distill_epochs200\images\photo_2013-11-18 06_58_36_to_cezanne.jpg","17531","0.016719","2026/4/6 0:03:53"
"45\45_03_macro_dictator\full_eval\epoch_0030_tokenized_distill_epochs200\images\photo_2013-11-18 06_58_36_to_Hayao.jpg","18150","0.017309","2026/4/6 0:03:52"
"45\45_03_macro_dictator\full_eval\epoch_0030_tokenized_distill_epochs200\images\photo_2013-11-18 06_58_36_to_monet.jpg","17767","0.016944","2026/4/6 0:03:52"
"45\45_03_macro_dictator\full_eval\epoch_0030_tokenized_distill_epochs200\images\photo_2013-11-18 06_58_36_to_photo.jpg","17685","0.016866","2026/4/6 0:03:52"
"45\45_03_macro_dictator\full_eval\epoch_0030_tokenized_distill_epochs200\images\photo_2013-11-18 06_58_36_to_vangogh.jpg","17836","0.01701","2026/4/6 0:03:53"
"45\45_03_macro_dictator\full_eval\epoch_0030_tokenized_distill_epochs200\images\photo_2013-11-18 08_52_05_to_cezanne.jpg","18208","0.017365","2026/4/6 0:03:48"
"45\45_03_macro_dictator\full_eval\epoch_0030_tokenized_distill_epochs200\images\photo_2013-11-18 08_52_05_to_Hayao.jpg","17871","0.017043","2026/4/6 0:03:47"
"45\45_03_macro_dictator\full_eval\epoch_0030_tokenized_distill_epochs200\images\photo_2013-11-18 08_52_05_to_monet.jpg","17937","0.017106","2026/4/6 0:03:48"
"45\45_03_macro_dictator\full_eval\epoch_0030_tokenized_distill_epochs200\images\photo_2013-11-18 08_52_05_to_photo.jpg","17818","0.016993","2026/4/6 0:03:47"
"45\45_03_macro_dictator\full_eval\epoch_0030_tokenized_distill_epochs200\images\photo_2013-11-18 08_52_05_to_vangogh.jpg","18744","0.017876","2026/4/6 0:03:48"
"45\45_03_macro_dictator\full_eval\epoch_0030_tokenized_distill_epochs200\images\photo_2013-11-18 11_46_45_to_cezanne.jpg","17298","0.016497","2026/4/6 0:03:53"
"45\45_03_macro_dictator\full_eval\epoch_0030_tokenized_distill_epochs200\images\photo_2013-11-18 11_46_45_to_Hayao.jpg","17670","0.016851","2026/4/6 0:03:52"
"45\45_03_macro_dictator\full_eval\epoch_0030_tokenized_distill_epochs200\images\photo_2013-11-18 11_46_45_to_monet.jpg","16305","0.01555","2026/4/6 0:03:52"
"45\45_03_macro_dictator\full_eval\epoch_0030_tokenized_distill_epochs200\images\photo_2013-11-18 11_46_45_to_photo.jpg","17374","0.016569","2026/4/6 0:03:52"
"45\45_03_macro_dictator\full_eval\epoch_0030_tokenized_distill_epochs200\images\photo_2013-11-18 11_46_45_to_vangogh.jpg","16703","0.015929","2026/4/6 0:03:53"
"45\45_03_macro_dictator\full_eval\epoch_0030_tokenized_distill_epochs200\images\photo_2013-11-19 00_58_04_to_cezanne.jpg","18536","0.017677","2026/4/6 0:03:48"
"45\45_03_macro_dictator\full_eval\epoch_0030_tokenized_distill_epochs200\images\photo_2013-11-19 00_58_04_to_Hayao.jpg","17913","0.017083","2026/4/6 0:03:47"
"45\45_03_macro_dictator\full_eval\epoch_0030_tokenized_distill_epochs200\images\photo_2013-11-19 00_58_04_to_monet.jpg","17751","0.016929","2026/4/6 0:03:48"
"45\45_03_macro_dictator\full_eval\epoch_0030_tokenized_distill_epochs200\images\photo_2013-11-19 00_58_04_to_photo.jpg","18080","0.017242","2026/4/6 0:03:47"
"45\45_03_macro_dictator\full_eval\epoch_0030_tokenized_distill_epochs200\images\photo_2013-11-19 00_58_04_to_vangogh.jpg","17467","0.016658","2026/4/6 0:03:48"
"45\45_03_macro_dictator\full_eval\epoch_0030_tokenized_distill_epochs200\images\photo_2013-11-19 05_01_31_to_cezanne.jpg","18491","0.017634","2026/4/6 0:03:52"
"45\45_03_macro_dictator\full_eval\epoch_0030_tokenized_distill_epochs200\images\photo_2013-11-19 05_01_31_to_Hayao.jpg","17818","0.016993","2026/4/6 0:03:51"
"45\45_03_macro_dictator\full_eval\epoch_0030_tokenized_distill_epochs200\images\photo_2013-11-19 05_01_31_to_monet.jpg","18182","0.01734","2026/4/6 0:03:51"
"45\45_03_macro_dictator\full_eval\epoch_0030_tokenized_distill_epochs200\images\photo_2013-11-19 05_01_31_to_photo.jpg","17728","0.016907","2026/4/6 0:03:51"
"45\45_03_macro_dictator\full_eval\epoch_0030_tokenized_distill_epochs200\images\photo_2013-11-19 05_01_31_to_vangogh.jpg","17923","0.017093","2026/4/6 0:03:51"
"45\45_03_macro_dictator\full_eval\epoch_0030_tokenized_distill_epochs200\images\photo_2013-11-20 11_21_32_to_cezanne.jpg","18046","0.01721","2026/4/6 0:03:50"
"45\45_03_macro_dictator\full_eval\epoch_0030_tokenized_distill_epochs200\images\photo_2013-11-20 11_21_32_to_Hayao.jpg","17851","0.017024","2026/4/6 0:03:50"
"45\45_03_macro_dictator\full_eval\epoch_0030_tokenized_distill_epochs200\images\photo_2013-11-20 11_21_32_to_monet.jpg","18353","0.017503","2026/4/6 0:03:50"
"45\45_03_macro_dictator\full_eval\epoch_0030_tokenized_distill_epochs200\images\photo_2013-11-20 11_21_32_to_photo.jpg","18275","0.017428","2026/4/6 0:03:50"
"45\45_03_macro_dictator\full_eval\epoch_0030_tokenized_distill_epochs200\images\photo_2013-11-20 11_21_32_to_vangogh.jpg","18104","0.017265","2026/4/6 0:03:50"
"45\45_03_macro_dictator\full_eval\epoch_0030_tokenized_distill_epochs200\images\photo_2013-11-21 01_47_41_to_cezanne.jpg","17789","0.016965","2026/4/6 0:03:49"
"45\45_03_macro_dictator\full_eval\epoch_0030_tokenized_distill_epochs200\images\photo_2013-11-21 01_47_41_to_Hayao.jpg","17919","0.017089","2026/4/6 0:03:49"
"45\45_03_macro_dictator\full_eval\epoch_0030_tokenized_distill_epochs200\images\photo_2013-11-21 01_47_41_to_monet.jpg","18578","0.017717","2026/4/6 0:03:49"
"45\45_03_macro_dictator\full_eval\epoch_0030_tokenized_distill_epochs200\images\photo_2013-11-21 01_47_41_to_photo.jpg","18424","0.01757","2026/4/6 0:03:48"
"45\45_03_macro_dictator\full_eval\epoch_0030_tokenized_distill_epochs200\images\photo_2013-11-21 01_47_41_to_vangogh.jpg","17528","0.016716","2026/4/6 0:03:49"
"45\45_03_macro_dictator\full_eval\epoch_0030_tokenized_distill_epochs200\images\photo_2013-11-21 05_56_32_to_cezanne.jpg","18239","0.017394","2026/4/6 0:03:49"
"45\45_03_macro_dictator\full_eval\epoch_0030_tokenized_distill_epochs200\images\photo_2013-11-21 05_56_32_to_Hayao.jpg","17658","0.01684","2026/4/6 0:03:49"
"45\45_03_macro_dictator\full_eval\epoch_0030_tokenized_distill_epochs200\images\photo_2013-11-21 05_56_32_to_monet.jpg","16623","0.015853","2026/4/6 0:03:49"
"45\45_03_macro_dictator\full_eval\epoch_0030_tokenized_distill_epochs200\images\photo_2013-11-21 05_56_32_to_photo.jpg","17427","0.01662","2026/4/6 0:03:48"
"45\45_03_macro_dictator\full_eval\epoch_0030_tokenized_distill_epochs200\images\photo_2013-11-21 05_56_32_to_vangogh.jpg","18026","0.017191","2026/4/6 0:03:49"
"45\45_03_macro_dictator\full_eval\epoch_0030_tokenized_distill_epochs200\images\photo_2013-11-21 17_44_44_to_cezanne.jpg","18188","0.017345","2026/4/6 0:03:53"
"45\45_03_macro_dictator\full_eval\epoch_0030_tokenized_distill_epochs200\images\photo_2013-11-21 17_44_44_to_Hayao.jpg","18404","0.017551","2026/4/6 0:03:52"
"45\45_03_macro_dictator\full_eval\epoch_0030_tokenized_distill_epochs200\images\photo_2013-11-21 17_44_44_to_monet.jpg","18361","0.01751","2026/4/6 0:03:52"
"45\45_03_macro_dictator\full_eval\epoch_0030_tokenized_distill_epochs200\images\photo_2013-11-21 17_44_44_to_photo.jpg","18760","0.017891","2026/4/6 0:03:52"
"45\45_03_macro_dictator\full_eval\epoch_0030_tokenized_distill_epochs200\images\photo_2013-11-21 17_44_44_to_vangogh.jpg","18769","0.0179","2026/4/6 0:03:53"
"45\45_03_macro_dictator\full_eval\epoch_0030_tokenized_distill_epochs200\images\photo_2013-11-22 14_12_35_to_cezanne.jpg","17806","0.016981","2026/4/6 0:03:54"
"45\45_03_macro_dictator\full_eval\epoch_0030_tokenized_distill_epochs200\images\photo_2013-11-22 14_12_35_to_Hayao.jpg","17529","0.016717","2026/4/6 0:03:53"
"45\45_03_macro_dictator\full_eval\epoch_0030_tokenized_distill_epochs200\images\photo_2013-11-22 14_12_35_to_monet.jpg","17443","0.016635","2026/4/6 0:03:54"
"45\45_03_macro_dictator\full_eval\epoch_0030_tokenized_distill_epochs200\images\photo_2013-11-22 14_12_35_to_photo.jpg","18112","0.017273","2026/4/6 0:03:53"
"45\45_03_macro_dictator\full_eval\epoch_0030_tokenized_distill_epochs200\images\photo_2013-11-22 14_12_35_to_vangogh.jpg","17533","0.016721","2026/4/6 0:03:54"
"45\45_03_macro_dictator\full_eval\epoch_0030_tokenized_distill_epochs200\images\photo_2013-11-22 14_15_50_to_cezanne.jpg","18118","0.017279","2026/4/6 0:03:52"
"45\45_03_macro_dictator\full_eval\epoch_0030_tokenized_distill_epochs200\images\photo_2013-11-22 14_15_50_to_Hayao.jpg","17996","0.017162","2026/4/6 0:03:51"
"45\45_03_macro_dictator\full_eval\epoch_0030_tokenized_distill_epochs200\images\photo_2013-11-22 14_15_50_to_monet.jpg","17795","0.016971","2026/4/6 0:03:51"
"45\45_03_macro_dictator\full_eval\epoch_0030_tokenized_distill_epochs200\images\photo_2013-11-22 14_15_50_to_photo.jpg","18385","0.017533","2026/4/6 0:03:51"
"45\45_03_macro_dictator\full_eval\epoch_0030_tokenized_distill_epochs200\images\photo_2013-11-22 14_15_50_to_vangogh.jpg","18000","0.017166","2026/4/6 0:03:51"
"45\45_03_macro_dictator\full_eval\epoch_0030_tokenized_distill_epochs200\images\photo_2013-11-23 13_03_15_to_cezanne.jpg","18177","0.017335","2026/4/6 0:03:47"
"45\45_03_macro_dictator\full_eval\epoch_0030_tokenized_distill_epochs200\images\photo_2013-11-23 13_03_15_to_Hayao.jpg","17404","0.016598","2026/4/6 0:03:46"
"45\45_03_macro_dictator\full_eval\epoch_0030_tokenized_distill_epochs200\images\photo_2013-11-23 13_03_15_to_monet.jpg","17138","0.016344","2026/4/6 0:03:47"
"45\45_03_macro_dictator\full_eval\epoch_0030_tokenized_distill_epochs200\images\photo_2013-11-23 13_03_15_to_photo.jpg","17307","0.016505","2026/4/6 0:03:46"
"45\45_03_macro_dictator\full_eval\epoch_0030_tokenized_distill_epochs200\images\photo_2013-11-23 13_03_15_to_vangogh.jpg","17398","0.016592","2026/4/6 0:03:47"
"45\45_03_macro_dictator\full_eval\epoch_0030_tokenized_distill_epochs200\images\photo_2013-11-25 10_46_18_to_cezanne.jpg","17969","0.017137","2026/4/6 0:03:52"
"45\45_03_macro_dictator\full_eval\epoch_0030_tokenized_distill_epochs200\images\photo_2013-11-25 10_46_18_to_Hayao.jpg","16485","0.015721","2026/4/6 0:03:51"
"45\45_03_macro_dictator\full_eval\epoch_0030_tokenized_distill_epochs200\images\photo_2013-11-25 10_46_18_to_monet.jpg","17079","0.016288","2026/4/6 0:03:51"
"45\45_03_macro_dictator\full_eval\epoch_0030_tokenized_distill_epochs200\images\photo_2013-11-25 10_46_18_to_photo.jpg","17796","0.016972","2026/4/6 0:03:51"
"45\45_03_macro_dictator\full_eval\epoch_0030_tokenized_distill_epochs200\images\photo_2013-11-25 10_46_18_to_vangogh.jpg","17567","0.016753","2026/4/6 0:03:51"
"45\45_03_macro_dictator\full_eval\epoch_0030_tokenized_distill_epochs200\images\vangogh_00005_to_cezanne.jpg","18417","0.017564","2026/4/6 0:04:17"
"45\45_03_macro_dictator\full_eval\epoch_0030_tokenized_distill_epochs200\images\vangogh_00005_to_Hayao.jpg","18360","0.017509","2026/4/6 0:04:17"
"45\45_03_macro_dictator\full_eval\epoch_0030_tokenized_distill_epochs200\images\vangogh_00005_to_monet.jpg","18922","0.018045","2026/4/6 0:04:17"
"45\45_03_macro_dictator\full_eval\epoch_0030_tokenized_distill_epochs200\images\vangogh_00005_to_photo.jpg","18152","0.017311","2026/4/6 0:04:16"
"45\45_03_macro_dictator\full_eval\epoch_0030_tokenized_distill_epochs200\images\vangogh_00005_to_vangogh.jpg","18195","0.017352","2026/4/6 0:04:17"
"45\45_03_macro_dictator\full_eval\epoch_0030_tokenized_distill_epochs200\images\vangogh_00090_to_cezanne.jpg","18035","0.0172","2026/4/6 0:04:15"
"45\45_03_macro_dictator\full_eval\epoch_0030_tokenized_distill_epochs200\images\vangogh_00090_to_Hayao.jpg","17733","0.016912","2026/4/6 0:04:14"
"45\45_03_macro_dictator\full_eval\epoch_0030_tokenized_distill_epochs200\images\vangogh_00090_to_monet.jpg","17963","0.017131","2026/4/6 0:04:14"
"45\45_03_macro_dictator\full_eval\epoch_0030_tokenized_distill_epochs200\images\vangogh_00090_to_photo.jpg","18181","0.017339","2026/4/6 0:04:14"
"45\45_03_macro_dictator\full_eval\epoch_0030_tokenized_distill_epochs200\images\vangogh_00090_to_vangogh.jpg","18146","0.017305","2026/4/6 0:04:15"
"45\45_03_macro_dictator\full_eval\epoch_0030_tokenized_distill_epochs200\images\vangogh_00098_to_cezanne.jpg","18460","0.017605","2026/4/6 0:04:13"
"45\45_03_macro_dictator\full_eval\epoch_0030_tokenized_distill_epochs200\images\vangogh_00098_to_Hayao.jpg","18599","0.017737","2026/4/6 0:04:12"
"45\45_03_macro_dictator\full_eval\epoch_0030_tokenized_distill_epochs200\images\vangogh_00098_to_monet.jpg","18359","0.017509","2026/4/6 0:04:12"
"45\45_03_macro_dictator\full_eval\epoch_0030_tokenized_distill_epochs200\images\vangogh_00098_to_photo.jpg","18506","0.017649","2026/4/6 0:04:12"
"45\45_03_macro_dictator\full_eval\epoch_0030_tokenized_distill_epochs200\images\vangogh_00098_to_vangogh.jpg","18308","0.01746","2026/4/6 0:04:12"
"45\45_03_macro_dictator\full_eval\epoch_0030_tokenized_distill_epochs200\images\vangogh_00163_to_cezanne.jpg","18267","0.017421","2026/4/6 0:04:14"
"45\45_03_macro_dictator\full_eval\epoch_0030_tokenized_distill_epochs200\images\vangogh_00163_to_Hayao.jpg","17874","0.017046","2026/4/6 0:04:13"
"45\45_03_macro_dictator\full_eval\epoch_0030_tokenized_distill_epochs200\images\vangogh_00163_to_monet.jpg","17903","0.017074","2026/4/6 0:04:13"
"45\45_03_macro_dictator\full_eval\epoch_0030_tokenized_distill_epochs200\images\vangogh_00163_to_photo.jpg","18122","0.017282","2026/4/6 0:04:13"
"45\45_03_macro_dictator\full_eval\epoch_0030_tokenized_distill_epochs200\images\vangogh_00163_to_vangogh.jpg","17967","0.017135","2026/4/6 0:04:14"
"45\45_03_macro_dictator\full_eval\epoch_0030_tokenized_distill_epochs200\images\vangogh_00167_to_cezanne.jpg","18278","0.017431","2026/4/6 0:04:16"
"45\45_03_macro_dictator\full_eval\epoch_0030_tokenized_distill_epochs200\images\vangogh_00167_to_Hayao.jpg","17778","0.016954","2026/4/6 0:04:15"
"45\45_03_macro_dictator\full_eval\epoch_0030_tokenized_distill_epochs200\images\vangogh_00167_to_monet.jpg","17628","0.016811","2026/4/6 0:04:16"
"45\45_03_macro_dictator\full_eval\epoch_0030_tokenized_distill_epochs200\images\vangogh_00167_to_photo.jpg","18234","0.017389","2026/4/6 0:04:15"
"45\45_03_macro_dictator\full_eval\epoch_0030_tokenized_distill_epochs200\images\vangogh_00167_to_vangogh.jpg","17984","0.017151","2026/4/6 0:04:16"
"45\45_03_macro_dictator\full_eval\epoch_0030_tokenized_distill_epochs200\images\vangogh_00169_to_cezanne.jpg","18308","0.01746","2026/4/6 0:04:13"
"45\45_03_macro_dictator\full_eval\epoch_0030_tokenized_distill_epochs200\images\vangogh_00169_to_Hayao.jpg","18116","0.017277","2026/4/6 0:04:12"
"45\45_03_macro_dictator\full_eval\epoch_0030_tokenized_distill_epochs200\images\vangogh_00169_to_monet.jpg","18022","0.017187","2026/4/6 0:04:12"
"45\45_03_macro_dictator\full_eval\epoch_0030_tokenized_distill_epochs200\images\vangogh_00169_to_photo.jpg","18249","0.017404","2026/4/6 0:04:12"
"45\45_03_macro_dictator\full_eval\epoch_0030_tokenized_distill_epochs200\images\vangogh_00169_to_vangogh.jpg","18098","0.01726","2026/4/6 0:04:12"
"45\45_03_macro_dictator\full_eval\epoch_0030_tokenized_distill_epochs200\images\vangogh_00177_to_cezanne.jpg","18478","0.017622","2026/4/6 0:04:15"
"45\45_03_macro_dictator\full_eval\epoch_0030_tokenized_distill_epochs200\images\vangogh_00177_to_Hayao.jpg","18317","0.017468","2026/4/6 0:04:14"
"45\45_03_macro_dictator\full_eval\epoch_0030_tokenized_distill_epochs200\images\vangogh_00177_to_monet.jpg","18471","0.017615","2026/4/6 0:04:14"
"45\45_03_macro_dictator\full_eval\epoch_0030_tokenized_distill_epochs200\images\vangogh_00177_to_photo.jpg","18204","0.017361","2026/4/6 0:04:14"
"45\45_03_macro_dictator\full_eval\epoch_0030_tokenized_distill_epochs200\images\vangogh_00177_to_vangogh.jpg","18595","0.017734","2026/4/6 0:04:15"
"45\45_03_macro_dictator\full_eval\epoch_0030_tokenized_distill_epochs200\images\vangogh_00202_to_cezanne.jpg","18746","0.017878","2026/4/6 0:04:14"
"45\45_03_macro_dictator\full_eval\epoch_0030_tokenized_distill_epochs200\images\vangogh_00202_to_Hayao.jpg","18582","0.017721","2026/4/6 0:04:13"
"45\45_03_macro_dictator\full_eval\epoch_0030_tokenized_distill_epochs200\images\vangogh_00202_to_monet.jpg","18126","0.017286","2026/4/6 0:04:13"
"45\45_03_macro_dictator\full_eval\epoch_0030_tokenized_distill_epochs200\images\vangogh_00202_to_photo.jpg","18757","0.017888","2026/4/6 0:04:13"
"45\45_03_macro_dictator\full_eval\epoch_0030_tokenized_distill_epochs200\images\vangogh_00202_to_vangogh.jpg","18452","0.017597","2026/4/6 0:04:14"
"45\45_03_macro_dictator\full_eval\epoch_0030_tokenized_distill_epochs200\images\vangogh_00220_to_cezanne.jpg","18490","0.017633","2026/4/6 0:04:17"
"45\45_03_macro_dictator\full_eval\epoch_0030_tokenized_distill_epochs200\images\vangogh_00220_to_Hayao.jpg","18361","0.01751","2026/4/6 0:04:17"
"45\45_03_macro_dictator\full_eval\epoch_0030_tokenized_distill_epochs200\images\vangogh_00220_to_monet.jpg","17847","0.01702","2026/4/6 0:04:17"
"45\45_03_macro_dictator\full_eval\epoch_0030_tokenized_distill_epochs200\images\vangogh_00220_to_photo.jpg","18307","0.017459","2026/4/6 0:04:16"
"45\45_03_macro_dictator\full_eval\epoch_0030_tokenized_distill_epochs200\images\vangogh_00220_to_vangogh.jpg","18210","0.017366","2026/4/6 0:04:17"
"45\45_03_macro_dictator\full_eval\epoch_0030_tokenized_distill_epochs200\images\vangogh_00243_to_cezanne.jpg","18351","0.017501","2026/4/6 0:04:13"
"45\45_03_macro_dictator\full_eval\epoch_0030_tokenized_distill_epochs200\images\vangogh_00243_to_Hayao.jpg","18045","0.017209","2026/4/6 0:04:12"
"45\45_03_macro_dictator\full_eval\epoch_0030_tokenized_distill_epochs200\images\vangogh_00243_to_monet.jpg","17729","0.016908","2026/4/6 0:04:12"
"45\45_03_macro_dictator\full_eval\epoch_0030_tokenized_distill_epochs200\images\vangogh_00243_to_photo.jpg","18666","0.017801","2026/4/6 0:04:12"
"45\45_03_macro_dictator\full_eval\epoch_0030_tokenized_distill_epochs200\images\vangogh_00243_to_vangogh.jpg","17721","0.0169","2026/4/6 0:04:12"
"45\45_03_macro_dictator\full_eval\epoch_0030_tokenized_distill_epochs200\images\vangogh_00264_to_cezanne.jpg","18502","0.017645","2026/4/6 0:04:20"
"45\45_03_macro_dictator\full_eval\epoch_0030_tokenized_distill_epochs200\images\vangogh_00264_to_Hayao.jpg","18290","0.017443","2026/4/6 0:04:19"
"45\45_03_macro_dictator\full_eval\epoch_0030_tokenized_distill_epochs200\images\vangogh_00264_to_monet.jpg","18312","0.017464","2026/4/6 0:04:19"
"45\45_03_macro_dictator\full_eval\epoch_0030_tokenized_distill_epochs200\images\vangogh_00264_to_photo.jpg","18572","0.017712","2026/4/6 0:04:19"
"45\45_03_macro_dictator\full_eval\epoch_0030_tokenized_distill_epochs200\images\vangogh_00264_to_vangogh.jpg","18120","0.017281","2026/4/6 0:04:19"
"45\45_03_macro_dictator\full_eval\epoch_0030_tokenized_distill_epochs200\images\vangogh_00272_to_cezanne.jpg","18471","0.017615","2026/4/6 0:04:15"
"45\45_03_macro_dictator\full_eval\epoch_0030_tokenized_distill_epochs200\images\vangogh_00272_to_Hayao.jpg","17976","0.017143","2026/4/6 0:04:14"
"45\45_03_macro_dictator\full_eval\epoch_0030_tokenized_distill_epochs200\images\vangogh_00272_to_monet.jpg","18287","0.01744","2026/4/6 0:04:14"
"45\45_03_macro_dictator\full_eval\epoch_0030_tokenized_distill_epochs200\images\vangogh_00272_to_photo.jpg","17794","0.01697","2026/4/6 0:04:14"
"45\45_03_macro_dictator\full_eval\epoch_0030_tokenized_distill_epochs200\images\vangogh_00272_to_vangogh.jpg","18185","0.017343","2026/4/6 0:04:15"
"45\45_03_macro_dictator\full_eval\epoch_0030_tokenized_distill_epochs200\images\vangogh_00277_to_cezanne.jpg","17237","0.016438","2026/4/6 0:04:20"
"45\45_03_macro_dictator\full_eval\epoch_0030_tokenized_distill_epochs200\images\vangogh_00277_to_Hayao.jpg","17037","0.016248","2026/4/6 0:04:19"
"45\45_03_macro_dictator\full_eval\epoch_0030_tokenized_distill_epochs200\images\vangogh_00277_to_monet.jpg","16299","0.015544","2026/4/6 0:04:19"
"45\45_03_macro_dictator\full_eval\epoch_0030_tokenized_distill_epochs200\images\vangogh_00277_to_photo.jpg","17172","0.016376","2026/4/6 0:04:19"
"45\45_03_macro_dictator\full_eval\epoch_0030_tokenized_distill_epochs200\images\vangogh_00277_to_vangogh.jpg","16768","0.015991","2026/4/6 0:04:19"
"45\45_03_macro_dictator\full_eval\epoch_0030_tokenized_distill_epochs200\images\vangogh_00289_to_cezanne.jpg","18322","0.017473","2026/4/6 0:04:11"
"45\45_03_macro_dictator\full_eval\epoch_0030_tokenized_distill_epochs200\images\vangogh_00289_to_Hayao.jpg","18051","0.017215","2026/4/6 0:04:11"
"45\45_03_macro_dictator\full_eval\epoch_0030_tokenized_distill_epochs200\images\vangogh_00289_to_monet.jpg","18113","0.017274","2026/4/6 0:04:11"
"45\45_03_macro_dictator\full_eval\epoch_0030_tokenized_distill_epochs200\images\vangogh_00289_to_photo.jpg","18228","0.017384","2026/4/6 0:04:11"
"45\45_03_macro_dictator\full_eval\epoch_0030_tokenized_distill_epochs200\images\vangogh_00289_to_vangogh.jpg","18107","0.017268","2026/4/6 0:04:11"
"45\45_03_macro_dictator\full_eval\epoch_0030_tokenized_distill_epochs200\images\vangogh_00292_to_cezanne.jpg","18806","0.017935","2026/4/6 0:04:16"
"45\45_03_macro_dictator\full_eval\epoch_0030_tokenized_distill_epochs200\images\vangogh_00292_to_Hayao.jpg","18358","0.017508","2026/4/6 0:04:15"
"45\45_03_macro_dictator\full_eval\epoch_0030_tokenized_distill_epochs200\images\vangogh_00292_to_monet.jpg","18171","0.017329","2026/4/6 0:04:16"
"45\45_03_macro_dictator\full_eval\epoch_0030_tokenized_distill_epochs200\images\vangogh_00292_to_photo.jpg","18452","0.017597","2026/4/6 0:04:15"
"45\45_03_macro_dictator\full_eval\epoch_0030_tokenized_distill_epochs200\images\vangogh_00292_to_vangogh.jpg","18056","0.01722","2026/4/6 0:04:16"
"45\45_03_macro_dictator\full_eval\epoch_0030_tokenized_distill_epochs200\images\vangogh_00295_to_cezanne.jpg","18381","0.017529","2026/4/6 0:04:11"
"45\45_03_macro_dictator\full_eval\epoch_0030_tokenized_distill_epochs200\images\vangogh_00295_to_Hayao.jpg","18489","0.017632","2026/4/6 0:04:11"
"45\45_03_macro_dictator\full_eval\epoch_0030_tokenized_distill_epochs200\images\vangogh_00295_to_monet.jpg","18585","0.017724","2026/4/6 0:04:11"
"45\45_03_macro_dictator\full_eval\epoch_0030_tokenized_distill_epochs200\images\vangogh_00295_to_photo.jpg","18496","0.017639","2026/4/6 0:04:11"
"45\45_03_macro_dictator\full_eval\epoch_0030_tokenized_distill_epochs200\images\vangogh_00295_to_vangogh.jpg","18451","0.017596","2026/4/6 0:04:11"
"45\45_03_macro_dictator\full_eval\epoch_0030_tokenized_distill_epochs200\images\vangogh_00321_to_cezanne.jpg","18778","0.017908","2026/4/6 0:04:14"
"45\45_03_macro_dictator\full_eval\epoch_0030_tokenized_distill_epochs200\images\vangogh_00321_to_Hayao.jpg","18053","0.017217","2026/4/6 0:04:13"
"45\45_03_macro_dictator\full_eval\epoch_0030_tokenized_distill_epochs200\images\vangogh_00321_to_monet.jpg","18131","0.017291","2026/4/6 0:04:13"
"45\45_03_macro_dictator\full_eval\epoch_0030_tokenized_distill_epochs200\images\vangogh_00321_to_photo.jpg","18652","0.017788","2026/4/6 0:04:13"
"45\45_03_macro_dictator\full_eval\epoch_0030_tokenized_distill_epochs200\images\vangogh_00321_to_vangogh.jpg","19002","0.018122","2026/4/6 0:04:14"
"45\45_03_macro_dictator\full_eval\epoch_0030_tokenized_distill_epochs200\images\vangogh_00352_to_cezanne.jpg","17852","0.017025","2026/4/6 0:04:20"
"45\45_03_macro_dictator\full_eval\epoch_0030_tokenized_distill_epochs200\images\vangogh_00352_to_Hayao.jpg","17543","0.01673","2026/4/6 0:04:19"
"45\45_03_macro_dictator\full_eval\epoch_0030_tokenized_distill_epochs200\images\vangogh_00352_to_monet.jpg","17316","0.016514","2026/4/6 0:04:19"
"45\45_03_macro_dictator\full_eval\epoch_0030_tokenized_distill_epochs200\images\vangogh_00352_to_photo.jpg","17831","0.017005","2026/4/6 0:04:19"
"45\45_03_macro_dictator\full_eval\epoch_0030_tokenized_distill_epochs200\images\vangogh_00352_to_vangogh.jpg","17803","0.016978","2026/4/6 0:04:19"
"45\45_03_macro_dictator\full_eval\epoch_0030_tokenized_distill_epochs200\images\vangogh_00412_to_cezanne.jpg","18442","0.017588","2026/4/6 0:04:14"
"45\45_03_macro_dictator\full_eval\epoch_0030_tokenized_distill_epochs200\images\vangogh_00412_to_Hayao.jpg","18444","0.01759","2026/4/6 0:04:13"
"45\45_03_macro_dictator\full_eval\epoch_0030_tokenized_distill_epochs200\images\vangogh_00412_to_monet.jpg","17992","0.017159","2026/4/6 0:04:13"
"45\45_03_macro_dictator\full_eval\epoch_0030_tokenized_distill_epochs200\images\vangogh_00412_to_photo.jpg","18411","0.017558","2026/4/6 0:04:13"
"45\45_03_macro_dictator\full_eval\epoch_0030_tokenized_distill_epochs200\images\vangogh_00412_to_vangogh.jpg","18194","0.017351","2026/4/6 0:04:14"
"45\45_03_macro_dictator\full_eval\epoch_0030_tokenized_distill_epochs200\images\vangogh_00418_to_cezanne.jpg","18297","0.017449","2026/4/6 0:04:18"
"45\45_03_macro_dictator\full_eval\epoch_0030_tokenized_distill_epochs200\images\vangogh_00418_to_Hayao.jpg","17998","0.017164","2026/4/6 0:04:18"
"45\45_03_macro_dictator\full_eval\epoch_0030_tokenized_distill_epochs200\images\vangogh_00418_to_monet.jpg","18276","0.017429","2026/4/6 0:04:18"
"45\45_03_macro_dictator\full_eval\epoch_0030_tokenized_distill_epochs200\images\vangogh_00418_to_photo.jpg","18688","0.017822","2026/4/6 0:04:18"
"45\45_03_macro_dictator\full_eval\epoch_0030_tokenized_distill_epochs200\images\vangogh_00418_to_vangogh.jpg","18296","0.017448","2026/4/6 0:04:18"
"45\45_03_macro_dictator\full_eval\epoch_0030_tokenized_distill_epochs200\images\vangogh_00427_to_cezanne.jpg","18443","0.017589","2026/4/6 0:04:15"
"45\45_03_macro_dictator\full_eval\epoch_0030_tokenized_distill_epochs200\images\vangogh_00427_to_Hayao.jpg","18283","0.017436","2026/4/6 0:04:14"
"45\45_03_macro_dictator\full_eval\epoch_0030_tokenized_distill_epochs200\images\vangogh_00427_to_monet.jpg","17688","0.016869","2026/4/6 0:04:14"
"45\45_03_macro_dictator\full_eval\epoch_0030_tokenized_distill_epochs200\images\vangogh_00427_to_photo.jpg","18283","0.017436","2026/4/6 0:04:14"
"45\45_03_macro_dictator\full_eval\epoch_0030_tokenized_distill_epochs200\images\vangogh_00427_to_vangogh.jpg","17957","0.017125","2026/4/6 0:04:15"
"45\45_03_macro_dictator\full_eval\epoch_0030_tokenized_distill_epochs200\images\vangogh_00436_to_cezanne.jpg","18967","0.018088","2026/4/6 0:04:18"
"45\45_03_macro_dictator\full_eval\epoch_0030_tokenized_distill_epochs200\images\vangogh_00436_to_Hayao.jpg","18122","0.017282","2026/4/6 0:04:18"
"45\45_03_macro_dictator\full_eval\epoch_0030_tokenized_distill_epochs200\images\vangogh_00436_to_monet.jpg","18174","0.017332","2026/4/6 0:04:18"
"45\45_03_macro_dictator\full_eval\epoch_0030_tokenized_distill_epochs200\images\vangogh_00436_to_photo.jpg","19064","0.018181","2026/4/6 0:04:18"
"45\45_03_macro_dictator\full_eval\epoch_0030_tokenized_distill_epochs200\images\vangogh_00436_to_vangogh.jpg","18880","0.018005","2026/4/6 0:04:18"
"45\45_03_macro_dictator\full_eval\epoch_0030_tokenized_distill_epochs200\images\vangogh_00455_to_cezanne.jpg","17971","0.017138","2026/4/6 0:04:17"
"45\45_03_macro_dictator\full_eval\epoch_0030_tokenized_distill_epochs200\images\vangogh_00455_to_Hayao.jpg","17438","0.01663","2026/4/6 0:04:17"
"45\45_03_macro_dictator\full_eval\epoch_0030_tokenized_distill_epochs200\images\vangogh_00455_to_monet.jpg","17788","0.016964","2026/4/6 0:04:17"
"45\45_03_macro_dictator\full_eval\epoch_0030_tokenized_distill_epochs200\images\vangogh_00455_to_photo.jpg","17970","0.017138","2026/4/6 0:04:16"
"45\45_03_macro_dictator\full_eval\epoch_0030_tokenized_distill_epochs200\images\vangogh_00455_to_vangogh.jpg","18198","0.017355","2026/4/6 0:04:17"
"45\45_03_macro_dictator\full_eval\epoch_0030_tokenized_distill_epochs200\images\vangogh_00519_to_cezanne.jpg","18146","0.017305","2026/4/6 0:04:16"
"45\45_03_macro_dictator\full_eval\epoch_0030_tokenized_distill_epochs200\images\vangogh_00519_to_Hayao.jpg","18060","0.017223","2026/4/6 0:04:15"
"45\45_03_macro_dictator\full_eval\epoch_0030_tokenized_distill_epochs200\images\vangogh_00519_to_monet.jpg","17424","0.016617","2026/4/6 0:04:16"
"45\45_03_macro_dictator\full_eval\epoch_0030_tokenized_distill_epochs200\images\vangogh_00519_to_photo.jpg","18404","0.017551","2026/4/6 0:04:15"
"45\45_03_macro_dictator\full_eval\epoch_0030_tokenized_distill_epochs200\images\vangogh_00519_to_vangogh.jpg","18175","0.017333","2026/4/6 0:04:16"
"45\45_03_macro_dictator\full_eval\epoch_0030_tokenized_distill_epochs200\images\vangogh_00528_to_cezanne.jpg","18843","0.01797","2026/4/6 0:04:16"
"45\45_03_macro_dictator\full_eval\epoch_0030_tokenized_distill_epochs200\images\vangogh_00528_to_Hayao.jpg","18128","0.017288","2026/4/6 0:04:15"
"45\45_03_macro_dictator\full_eval\epoch_0030_tokenized_distill_epochs200\images\vangogh_00528_to_monet.jpg","18168","0.017326","2026/4/6 0:04:16"
"45\45_03_macro_dictator\full_eval\epoch_0030_tokenized_distill_epochs200\images\vangogh_00528_to_photo.jpg","18943","0.018065","2026/4/6 0:04:15"
"45\45_03_macro_dictator\full_eval\epoch_0030_tokenized_distill_epochs200\images\vangogh_00528_to_vangogh.jpg","19046","0.018164","2026/4/6 0:04:16"
"45\45_03_macro_dictator\full_eval\epoch_0030_tokenized_distill_epochs200\images\vangogh_00557_to_cezanne.jpg","18754","0.017885","2026/4/6 0:04:18"
"45\45_03_macro_dictator\full_eval\epoch_0030_tokenized_distill_epochs200\images\vangogh_00557_to_Hayao.jpg","17960","0.017128","2026/4/6 0:04:18"
"45\45_03_macro_dictator\full_eval\epoch_0030_tokenized_distill_epochs200\images\vangogh_00557_to_monet.jpg","18020","0.017185","2026/4/6 0:04:18"
"45\45_03_macro_dictator\full_eval\epoch_0030_tokenized_distill_epochs200\images\vangogh_00557_to_photo.jpg","18051","0.017215","2026/4/6 0:04:18"
"45\45_03_macro_dictator\full_eval\epoch_0030_tokenized_distill_epochs200\images\vangogh_00557_to_vangogh.jpg","18218","0.017374","2026/4/6 0:04:18"
"45\45_03_macro_dictator\full_eval\epoch_0030_tokenized_distill_epochs200\images\vangogh_00561_to_cezanne.jpg","18555","0.017695","2026/4/6 0:04:20"
"45\45_03_macro_dictator\full_eval\epoch_0030_tokenized_distill_epochs200\images\vangogh_00561_to_Hayao.jpg","18057","0.01722","2026/4/6 0:04:19"
"45\45_03_macro_dictator\full_eval\epoch_0030_tokenized_distill_epochs200\images\vangogh_00561_to_monet.jpg","18018","0.017183","2026/4/6 0:04:19"
"45\45_03_macro_dictator\full_eval\epoch_0030_tokenized_distill_epochs200\images\vangogh_00561_to_photo.jpg","18173","0.017331","2026/4/6 0:04:19"
"45\45_03_macro_dictator\full_eval\epoch_0030_tokenized_distill_epochs200\images\vangogh_00561_to_vangogh.jpg","18295","0.017447","2026/4/6 0:04:19"
"45\45_03_macro_dictator\full_eval\epoch_0030_tokenized_distill_epochs200\images\vangogh_00573_to_cezanne.jpg","18447","0.017592","2026/4/6 0:04:17"
"45\45_03_macro_dictator\full_eval\epoch_0030_tokenized_distill_epochs200\images\vangogh_00573_to_Hayao.jpg","18712","0.017845","2026/4/6 0:04:17"
"45\45_03_macro_dictator\full_eval\epoch_0030_tokenized_distill_epochs200\images\vangogh_00573_to_monet.jpg","18534","0.017675","2026/4/6 0:04:17"
"45\45_03_macro_dictator\full_eval\epoch_0030_tokenized_distill_epochs200\images\vangogh_00573_to_photo.jpg","18674","0.017809","2026/4/6 0:04:16"
"45\45_03_macro_dictator\full_eval\epoch_0030_tokenized_distill_epochs200\images\vangogh_00573_to_vangogh.jpg","18353","0.017503","2026/4/6 0:04:17"
"45\45_03_macro_dictator\full_eval\epoch_0030_tokenized_distill_epochs200\images\vangogh_00668_to_cezanne.jpg","18111","0.017272","2026/4/6 0:04:13"
"45\45_03_macro_dictator\full_eval\epoch_0030_tokenized_distill_epochs200\images\vangogh_00668_to_Hayao.jpg","17683","0.016864","2026/4/6 0:04:12"
"45\45_03_macro_dictator\full_eval\epoch_0030_tokenized_distill_epochs200\images\vangogh_00668_to_monet.jpg","17599","0.016784","2026/4/6 0:04:12"
"45\45_03_macro_dictator\full_eval\epoch_0030_tokenized_distill_epochs200\images\vangogh_00668_to_photo.jpg","17831","0.017005","2026/4/6 0:04:12"
"45\45_03_macro_dictator\full_eval\epoch_0030_tokenized_distill_epochs200\images\vangogh_00668_to_vangogh.jpg","17919","0.017089","2026/4/6 0:04:12"
"45\45_03_macro_dictator\full_eval\epoch_0030_tokenized_distill_epochs200\images\vangogh_00681_to_cezanne.jpg","18447","0.017592","2026/4/6 0:04:18"
"45\45_03_macro_dictator\full_eval\epoch_0030_tokenized_distill_epochs200\images\vangogh_00681_to_Hayao.jpg","18022","0.017187","2026/4/6 0:04:18"
"45\45_03_macro_dictator\full_eval\epoch_0030_tokenized_distill_epochs200\images\vangogh_00681_to_monet.jpg","18031","0.017196","2026/4/6 0:04:18"
"45\45_03_macro_dictator\full_eval\epoch_0030_tokenized_distill_epochs200\images\vangogh_00681_to_photo.jpg","18010","0.017176","2026/4/6 0:04:18"
"45\45_03_macro_dictator\full_eval\epoch_0030_tokenized_distill_epochs200\images\vangogh_00681_to_vangogh.jpg","18507","0.01765","2026/4/6 0:04:18"
"45\45_03_macro_dictator\logs\training_20260405_225645.csv","10355","0.009875","2026/4/5 23:24:03"
"45\45_04_micro_rebel\config.json","3633","0.003465","2026/4/5 23:24:17"
"45\45_04_micro_rebel\dataset.py","8572","0.008175","2026/4/1 16:18:14"
"45\45_04_micro_rebel\losses.py","18091","0.017253","2026/4/5 21:54:29"
"45\45_04_micro_rebel\ma_probe_all_pairs.csv","2429","0.002316","2026/4/6 0:11:04"
"45\45_04_micro_rebel\ma_probe_all_pairs.html","16693","0.01592","2026/4/6 0:11:04"
"45\45_04_micro_rebel\ma_probe_all_pairs.json","4703028","4.485157","2026/4/6 0:11:04"
"45\45_04_micro_rebel\ma_probe_epoch_0030.json","453156","0.432163","2026/4/6 0:10:57"
"45\45_04_micro_rebel\ma_probe_view.csv","710","0.000677","2026/4/6 0:11:00"
"45\45_04_micro_rebel\ma_probe_view.html","9793","0.009339","2026/4/6 0:11:01"
"45\45_04_micro_rebel\ma_probe_view.json","542777","0.517632","2026/4/6 0:11:01"
"45\45_04_micro_rebel\model.py","57884","0.055202","2026/4/5 21:54:29"
"45\45_04_micro_rebel\run.py","13227","0.012614","2026/4/5 21:56:26"
"45\45_04_micro_rebel\trainer.py","23137","0.022065","2026/4/5 21:56:26"
"45\45_04_micro_rebel\full_eval\epoch_0030\metrics.csv","97522","0.093004","2026/4/6 0:06:24"
"45\45_04_micro_rebel\full_eval\epoch_0030\summary.json","20366","0.019423","2026/4/6 0:06:26"
"45\45_04_micro_rebel\full_eval\epoch_0030\summary_grid.png","3059663","2.917922","2026/4/6 0:06:28"
"45\45_04_micro_rebel\full_eval\epoch_0030\images\cezanne_00057_to_cezanne.jpg","15266","0.014559","2026/4/6 0:06:00"
"45\45_04_micro_rebel\full_eval\epoch_0030\images\cezanne_00057_to_Hayao.jpg","14434","0.013765","2026/4/6 0:05:56"
"45\45_04_micro_rebel\full_eval\epoch_0030\images\cezanne_00057_to_monet.jpg","14854","0.014166","2026/4/6 0:05:57"
"45\45_04_micro_rebel\full_eval\epoch_0030\images\cezanne_00057_to_photo.jpg","15003","0.014308","2026/4/6 0:05:54"
"45\45_04_micro_rebel\full_eval\epoch_0030\images\cezanne_00057_to_vangogh.jpg","15612","0.014889","2026/4/6 0:05:58"
"45\45_04_micro_rebel\full_eval\epoch_0030\images\cezanne_00104_to_cezanne.jpg","15070","0.014372","2026/4/6 0:06:00"
"45\45_04_micro_rebel\full_eval\epoch_0030\images\cezanne_00104_to_Hayao.jpg","14018","0.013369","2026/4/6 0:05:56"
"45\45_04_micro_rebel\full_eval\epoch_0030\images\cezanne_00104_to_monet.jpg","14907","0.014216","2026/4/6 0:05:57"
"45\45_04_micro_rebel\full_eval\epoch_0030\images\cezanne_00104_to_photo.jpg","15401","0.014688","2026/4/6 0:05:54"
"45\45_04_micro_rebel\full_eval\epoch_0030\images\cezanne_00104_to_vangogh.jpg","15050","0.014353","2026/4/6 0:05:58"
"45\45_04_micro_rebel\full_eval\epoch_0030\images\cezanne_00123_to_cezanne.jpg","15833","0.0151","2026/4/6 0:06:00"
"45\45_04_micro_rebel\full_eval\epoch_0030\images\cezanne_00123_to_Hayao.jpg","14898","0.014208","2026/4/6 0:05:56"
"45\45_04_micro_rebel\full_eval\epoch_0030\images\cezanne_00123_to_monet.jpg","15476","0.014759","2026/4/6 0:05:57"
"45\45_04_micro_rebel\full_eval\epoch_0030\images\cezanne_00123_to_photo.jpg","15756","0.015026","2026/4/6 0:05:54"
"45\45_04_micro_rebel\full_eval\epoch_0030\images\cezanne_00123_to_vangogh.jpg","15896","0.01516","2026/4/6 0:05:58"
"45\45_04_micro_rebel\full_eval\epoch_0030\images\cezanne_00204_to_cezanne.jpg","16118","0.015371","2026/4/6 0:06:00"
"45\45_04_micro_rebel\full_eval\epoch_0030\images\cezanne_00204_to_Hayao.jpg","15076","0.014378","2026/4/6 0:05:56"
"45\45_04_micro_rebel\full_eval\epoch_0030\images\cezanne_00204_to_monet.jpg","15961","0.015222","2026/4/6 0:05:57"
"45\45_04_micro_rebel\full_eval\epoch_0030\images\cezanne_00204_to_photo.jpg","16293","0.015538","2026/4/6 0:05:54"
"45\45_04_micro_rebel\full_eval\epoch_0030\images\cezanne_00204_to_vangogh.jpg","16079","0.015334","2026/4/6 0:05:58"
"45\45_04_micro_rebel\full_eval\epoch_0030\images\cezanne_00212_to_cezanne.jpg","15335","0.014625","2026/4/6 0:06:00"
"45\45_04_micro_rebel\full_eval\epoch_0030\images\cezanne_00212_to_Hayao.jpg","14345","0.01368","2026/4/6 0:05:56"
"45\45_04_micro_rebel\full_eval\epoch_0030\images\cezanne_00212_to_monet.jpg","15181","0.014478","2026/4/6 0:05:57"
"45\45_04_micro_rebel\full_eval\epoch_0030\images\cezanne_00212_to_photo.jpg","15278","0.01457","2026/4/6 0:05:54"
"45\45_04_micro_rebel\full_eval\epoch_0030\images\cezanne_00212_to_vangogh.jpg","15484","0.014767","2026/4/6 0:05:58"
"45\45_04_micro_rebel\full_eval\epoch_0030\images\cezanne_00219_to_cezanne.jpg","15609","0.014886","2026/4/6 0:06:00"
"45\45_04_micro_rebel\full_eval\epoch_0030\images\cezanne_00219_to_Hayao.jpg","14416","0.013748","2026/4/6 0:05:56"
"45\45_04_micro_rebel\full_eval\epoch_0030\images\cezanne_00219_to_monet.jpg","15355","0.014644","2026/4/6 0:05:57"
"45\45_04_micro_rebel\full_eval\epoch_0030\images\cezanne_00219_to_photo.jpg","15839","0.015105","2026/4/6 0:05:54"
"45\45_04_micro_rebel\full_eval\epoch_0030\images\cezanne_00219_to_vangogh.jpg","15757","0.015027","2026/4/6 0:05:58"
"45\45_04_micro_rebel\full_eval\epoch_0030\images\cezanne_00223_to_cezanne.jpg","16551","0.015784","2026/4/6 0:06:00"
"45\45_04_micro_rebel\full_eval\epoch_0030\images\cezanne_00223_to_Hayao.jpg","15515","0.014796","2026/4/6 0:05:56"
"45\45_04_micro_rebel\full_eval\epoch_0030\images\cezanne_00223_to_monet.jpg","16451","0.015689","2026/4/6 0:05:57"
"45\45_04_micro_rebel\full_eval\epoch_0030\images\cezanne_00223_to_photo.jpg","16644","0.015873","2026/4/6 0:05:54"
"45\45_04_micro_rebel\full_eval\epoch_0030\images\cezanne_00223_to_vangogh.jpg","16625","0.015855","2026/4/6 0:05:58"
"45\45_04_micro_rebel\full_eval\epoch_0030\images\cezanne_00263_to_cezanne.jpg","14530","0.013857","2026/4/6 0:06:00"
"45\45_04_micro_rebel\full_eval\epoch_0030\images\cezanne_00263_to_Hayao.jpg","13026","0.012423","2026/4/6 0:05:56"
"45\45_04_micro_rebel\full_eval\epoch_0030\images\cezanne_00263_to_monet.jpg","13817","0.013177","2026/4/6 0:05:57"
"45\45_04_micro_rebel\full_eval\epoch_0030\images\cezanne_00263_to_photo.jpg","13708","0.013073","2026/4/6 0:05:54"
"45\45_04_micro_rebel\full_eval\epoch_0030\images\cezanne_00263_to_vangogh.jpg","14413","0.013745","2026/4/6 0:05:58"
"45\45_04_micro_rebel\full_eval\epoch_0030\images\cezanne_00271_to_cezanne.jpg","15395","0.014682","2026/4/6 0:06:04"
"45\45_04_micro_rebel\full_eval\epoch_0030\images\cezanne_00271_to_Hayao.jpg","14464","0.013794","2026/4/6 0:06:02"
"45\45_04_micro_rebel\full_eval\epoch_0030\images\cezanne_00271_to_monet.jpg","15297","0.014588","2026/4/6 0:06:02"
"45\45_04_micro_rebel\full_eval\epoch_0030\images\cezanne_00271_to_photo.jpg","15412","0.014698","2026/4/6 0:06:01"
"45\45_04_micro_rebel\full_eval\epoch_0030\images\cezanne_00271_to_vangogh.jpg","15564","0.014843","2026/4/6 0:06:03"
"45\45_04_micro_rebel\full_eval\epoch_0030\images\cezanne_00275_to_cezanne.jpg","15951","0.015212","2026/4/6 0:06:00"
"45\45_04_micro_rebel\full_eval\epoch_0030\images\cezanne_00275_to_Hayao.jpg","14472","0.013802","2026/4/6 0:05:56"
"45\45_04_micro_rebel\full_eval\epoch_0030\images\cezanne_00275_to_monet.jpg","15032","0.014336","2026/4/6 0:05:57"
"45\45_04_micro_rebel\full_eval\epoch_0030\images\cezanne_00275_to_photo.jpg","15679","0.014953","2026/4/6 0:05:54"
"45\45_04_micro_rebel\full_eval\epoch_0030\images\cezanne_00275_to_vangogh.jpg","15819","0.015086","2026/4/6 0:05:58"
"45\45_04_micro_rebel\full_eval\epoch_0030\images\cezanne_00286_to_cezanne.jpg","16091","0.015346","2026/4/6 0:06:04"
"45\45_04_micro_rebel\full_eval\epoch_0030\images\cezanne_00286_to_Hayao.jpg","14769","0.014085","2026/4/6 0:06:02"
"45\45_04_micro_rebel\full_eval\epoch_0030\images\cezanne_00286_to_monet.jpg","15562","0.014841","2026/4/6 0:06:02"
"45\45_04_micro_rebel\full_eval\epoch_0030\images\cezanne_00286_to_photo.jpg","16181","0.015431","2026/4/6 0:06:01"
"45\45_04_micro_rebel\full_eval\epoch_0030\images\cezanne_00286_to_vangogh.jpg","15838","0.015104","2026/4/6 0:06:03"
"45\45_04_micro_rebel\full_eval\epoch_0030\images\cezanne_00298_to_cezanne.jpg","16570","0.015802","2026/4/6 0:06:00"
"45\45_04_micro_rebel\full_eval\epoch_0030\images\cezanne_00298_to_Hayao.jpg","15629","0.014905","2026/4/6 0:05:56"
"45\45_04_micro_rebel\full_eval\epoch_0030\images\cezanne_00298_to_monet.jpg","16441","0.015679","2026/4/6 0:05:57"
"45\45_04_micro_rebel\full_eval\epoch_0030\images\cezanne_00298_to_photo.jpg","16681","0.015908","2026/4/6 0:05:54"
"45\45_04_micro_rebel\full_eval\epoch_0030\images\cezanne_00298_to_vangogh.jpg","16766","0.015989","2026/4/6 0:05:58"
"45\45_04_micro_rebel\full_eval\epoch_0030\images\cezanne_00303_to_cezanne.jpg","15015","0.014319","2026/4/6 0:06:04"
"45\45_04_micro_rebel\full_eval\epoch_0030\images\cezanne_00303_to_Hayao.jpg","13881","0.013238","2026/4/6 0:06:02"
"45\45_04_micro_rebel\full_eval\epoch_0030\images\cezanne_00303_to_monet.jpg","14666","0.013987","2026/4/6 0:06:02"
"45\45_04_micro_rebel\full_eval\epoch_0030\images\cezanne_00303_to_photo.jpg","14987","0.014293","2026/4/6 0:06:01"
"45\45_04_micro_rebel\full_eval\epoch_0030\images\cezanne_00303_to_vangogh.jpg","15096","0.014397","2026/4/6 0:06:03"
"45\45_04_micro_rebel\full_eval\epoch_0030\images\cezanne_00332_to_cezanne.jpg","15047","0.01435","2026/4/6 0:06:00"
"45\45_04_micro_rebel\full_eval\epoch_0030\images\cezanne_00332_to_Hayao.jpg","14092","0.013439","2026/4/6 0:05:56"
"45\45_04_micro_rebel\full_eval\epoch_0030\images\cezanne_00332_to_monet.jpg","14984","0.01429","2026/4/6 0:05:57"
"45\45_04_micro_rebel\full_eval\epoch_0030\images\cezanne_00332_to_photo.jpg","15188","0.014484","2026/4/6 0:05:54"
"45\45_04_micro_rebel\full_eval\epoch_0030\images\cezanne_00332_to_vangogh.jpg","15330","0.01462","2026/4/6 0:05:58"
"45\45_04_micro_rebel\full_eval\epoch_0030\images\cezanne_00335_to_cezanne.jpg","15988","0.015247","2026/4/6 0:06:00"
"45\45_04_micro_rebel\full_eval\epoch_0030\images\cezanne_00335_to_Hayao.jpg","14939","0.014247","2026/4/6 0:05:56"
"45\45_04_micro_rebel\full_eval\epoch_0030\images\cezanne_00335_to_monet.jpg","15685","0.014958","2026/4/6 0:05:57"
"45\45_04_micro_rebel\full_eval\epoch_0030\images\cezanne_00335_to_photo.jpg","15666","0.01494","2026/4/6 0:05:54"
"45\45_04_micro_rebel\full_eval\epoch_0030\images\cezanne_00335_to_vangogh.jpg","16106","0.01536","2026/4/6 0:05:58"
"45\45_04_micro_rebel\full_eval\epoch_0030\images\cezanne_00342_to_cezanne.jpg","15089","0.01439","2026/4/6 0:06:00"
"45\45_04_micro_rebel\full_eval\epoch_0030\images\cezanne_00342_to_Hayao.jpg","14599","0.013923","2026/4/6 0:05:56"
"45\45_04_micro_rebel\full_eval\epoch_0030\images\cezanne_00342_to_monet.jpg","15059","0.014361","2026/4/6 0:05:57"
"45\45_04_micro_rebel\full_eval\epoch_0030\images\cezanne_00342_to_photo.jpg","15159","0.014457","2026/4/6 0:05:54"
"45\45_04_micro_rebel\full_eval\epoch_0030\images\cezanne_00342_to_vangogh.jpg","15122","0.014421","2026/4/6 0:05:58"
"45\45_04_micro_rebel\full_eval\epoch_0030\images\cezanne_00348_to_cezanne.jpg","14993","0.014298","2026/4/6 0:06:00"
"45\45_04_micro_rebel\full_eval\epoch_0030\images\cezanne_00348_to_Hayao.jpg","13993","0.013345","2026/4/6 0:05:56"
"45\45_04_micro_rebel\full_eval\epoch_0030\images\cezanne_00348_to_monet.jpg","14525","0.013852","2026/4/6 0:05:57"
"45\45_04_micro_rebel\full_eval\epoch_0030\images\cezanne_00348_to_photo.jpg","14764","0.01408","2026/4/6 0:05:54"
"45\45_04_micro_rebel\full_eval\epoch_0030\images\cezanne_00348_to_vangogh.jpg","14875","0.014186","2026/4/6 0:05:58"
"45\45_04_micro_rebel\full_eval\epoch_0030\images\cezanne_00375_to_cezanne.jpg","14162","0.013506","2026/4/6 0:06:04"
"45\45_04_micro_rebel\full_eval\epoch_0030\images\cezanne_00375_to_Hayao.jpg","13289","0.012673","2026/4/6 0:06:02"
"45\45_04_micro_rebel\full_eval\epoch_0030\images\cezanne_00375_to_monet.jpg","13790","0.013151","2026/4/6 0:06:02"
"45\45_04_micro_rebel\full_eval\epoch_0030\images\cezanne_00375_to_photo.jpg","14116","0.013462","2026/4/6 0:06:01"
"45\45_04_micro_rebel\full_eval\epoch_0030\images\cezanne_00375_to_vangogh.jpg","13947","0.013301","2026/4/6 0:06:03"
"45\45_04_micro_rebel\full_eval\epoch_0030\images\cezanne_00379_to_cezanne.jpg","15154","0.014452","2026/4/6 0:06:00"
"45\45_04_micro_rebel\full_eval\epoch_0030\images\cezanne_00379_to_Hayao.jpg","14068","0.013416","2026/4/6 0:05:56"
"45\45_04_micro_rebel\full_eval\epoch_0030\images\cezanne_00379_to_monet.jpg","15008","0.014313","2026/4/6 0:05:57"
"45\45_04_micro_rebel\full_eval\epoch_0030\images\cezanne_00379_to_photo.jpg","15122","0.014421","2026/4/6 0:05:54"
"45\45_04_micro_rebel\full_eval\epoch_0030\images\cezanne_00379_to_vangogh.jpg","15213","0.014508","2026/4/6 0:05:58"
"45\45_04_micro_rebel\full_eval\epoch_0030\images\cezanne_00382_to_cezanne.jpg","16018","0.015276","2026/4/6 0:06:04"
"45\45_04_micro_rebel\full_eval\epoch_0030\images\cezanne_00382_to_Hayao.jpg","15012","0.014317","2026/4/6 0:06:02"
"45\45_04_micro_rebel\full_eval\epoch_0030\images\cezanne_00382_to_monet.jpg","15839","0.015105","2026/4/6 0:06:02"
"45\45_04_micro_rebel\full_eval\epoch_0030\images\cezanne_00382_to_photo.jpg","16230","0.015478","2026/4/6 0:06:01"
"45\45_04_micro_rebel\full_eval\epoch_0030\images\cezanne_00382_to_vangogh.jpg","16142","0.015394","2026/4/6 0:06:03"
"45\45_04_micro_rebel\full_eval\epoch_0030\images\cezanne_00388_to_cezanne.jpg","15651","0.014926","2026/4/6 0:06:00"
"45\45_04_micro_rebel\full_eval\epoch_0030\images\cezanne_00388_to_Hayao.jpg","14112","0.013458","2026/4/6 0:05:56"
"45\45_04_micro_rebel\full_eval\epoch_0030\images\cezanne_00388_to_monet.jpg","15026","0.01433","2026/4/6 0:05:57"
"45\45_04_micro_rebel\full_eval\epoch_0030\images\cezanne_00388_to_photo.jpg","15170","0.014467","2026/4/6 0:05:54"
"45\45_04_micro_rebel\full_eval\epoch_0030\images\cezanne_00388_to_vangogh.jpg","15499","0.014781","2026/4/6 0:05:58"
"45\45_04_micro_rebel\full_eval\epoch_0030\images\cezanne_00393_to_cezanne.jpg","15266","0.014559","2026/4/6 0:06:04"
"45\45_04_micro_rebel\full_eval\epoch_0030\images\cezanne_00393_to_Hayao.jpg","14000","0.013351","2026/4/6 0:06:02"
"45\45_04_micro_rebel\full_eval\epoch_0030\images\cezanne_00393_to_monet.jpg","14915","0.014224","2026/4/6 0:06:02"
"45\45_04_micro_rebel\full_eval\epoch_0030\images\cezanne_00393_to_photo.jpg","15089","0.01439","2026/4/6 0:06:01"
"45\45_04_micro_rebel\full_eval\epoch_0030\images\cezanne_00393_to_vangogh.jpg","15151","0.014449","2026/4/6 0:06:03"
"45\45_04_micro_rebel\full_eval\epoch_0030\images\cezanne_00411_to_cezanne.jpg","15360","0.014648","2026/4/6 0:06:00"
"45\45_04_micro_rebel\full_eval\epoch_0030\images\cezanne_00411_to_Hayao.jpg","14243","0.013583","2026/4/6 0:05:56"
"45\45_04_micro_rebel\full_eval\epoch_0030\images\cezanne_00411_to_monet.jpg","15193","0.014489","2026/4/6 0:05:57"
"45\45_04_micro_rebel\full_eval\epoch_0030\images\cezanne_00411_to_photo.jpg","15213","0.014508","2026/4/6 0:05:54"
"45\45_04_micro_rebel\full_eval\epoch_0030\images\cezanne_00411_to_vangogh.jpg","15791","0.015059","2026/4/6 0:05:58"
"45\45_04_micro_rebel\full_eval\epoch_0030\images\cezanne_00428_to_cezanne.jpg","15235","0.014529","2026/4/6 0:06:00"
"45\45_04_micro_rebel\full_eval\epoch_0030\images\cezanne_00428_to_Hayao.jpg","14482","0.013811","2026/4/6 0:05:56"
"45\45_04_micro_rebel\full_eval\epoch_0030\images\cezanne_00428_to_monet.jpg","15146","0.014444","2026/4/6 0:05:57"
"45\45_04_micro_rebel\full_eval\epoch_0030\images\cezanne_00428_to_photo.jpg","15376","0.014664","2026/4/6 0:05:54"
"45\45_04_micro_rebel\full_eval\epoch_0030\images\cezanne_00428_to_vangogh.jpg","15573","0.014852","2026/4/6 0:05:58"
"45\45_04_micro_rebel\full_eval\epoch_0030\images\cezanne_00437_to_cezanne.jpg","16154","0.015406","2026/4/6 0:06:00"
"45\45_04_micro_rebel\full_eval\epoch_0030\images\cezanne_00437_to_Hayao.jpg","15047","0.01435","2026/4/6 0:05:56"
"45\45_04_micro_rebel\full_eval\epoch_0030\images\cezanne_00437_to_monet.jpg","16030","0.015287","2026/4/6 0:05:57"
"45\45_04_micro_rebel\full_eval\epoch_0030\images\cezanne_00437_to_photo.jpg","16233","0.015481","2026/4/6 0:05:54"
"45\45_04_micro_rebel\full_eval\epoch_0030\images\cezanne_00437_to_vangogh.jpg","16346","0.015589","2026/4/6 0:05:58"
"45\45_04_micro_rebel\full_eval\epoch_0030\images\cezanne_00517_to_cezanne.jpg","14624","0.013947","2026/4/6 0:06:04"
"45\45_04_micro_rebel\full_eval\epoch_0030\images\cezanne_00517_to_Hayao.jpg","14040","0.01339","2026/4/6 0:06:02"
"45\45_04_micro_rebel\full_eval\epoch_0030\images\cezanne_00517_to_monet.jpg","14600","0.013924","2026/4/6 0:06:02"
"45\45_04_micro_rebel\full_eval\epoch_0030\images\cezanne_00517_to_photo.jpg","14776","0.014091","2026/4/6 0:06:01"
"45\45_04_micro_rebel\full_eval\epoch_0030\images\cezanne_00517_to_vangogh.jpg","14914","0.014223","2026/4/6 0:06:03"
"45\45_04_micro_rebel\full_eval\epoch_0030\images\cezanne_00546_to_cezanne.jpg","15883","0.015147","2026/4/6 0:06:04"
"45\45_04_micro_rebel\full_eval\epoch_0030\images\cezanne_00546_to_Hayao.jpg","15212","0.014507","2026/4/6 0:06:02"
"45\45_04_micro_rebel\full_eval\epoch_0030\images\cezanne_00546_to_monet.jpg","15729","0.015","2026/4/6 0:06:02"
"45\45_04_micro_rebel\full_eval\epoch_0030\images\cezanne_00546_to_photo.jpg","15850","0.015116","2026/4/6 0:06:01"
"45\45_04_micro_rebel\full_eval\epoch_0030\images\cezanne_00546_to_vangogh.jpg","15840","0.015106","2026/4/6 0:06:03"
"45\45_04_micro_rebel\full_eval\epoch_0030\images\cezanne_00576_to_cezanne.jpg","15815","0.015082","2026/4/6 0:06:04"
"45\45_04_micro_rebel\full_eval\epoch_0030\images\cezanne_00576_to_Hayao.jpg","14483","0.013812","2026/4/6 0:06:02"
"45\45_04_micro_rebel\full_eval\epoch_0030\images\cezanne_00576_to_monet.jpg","15403","0.014689","2026/4/6 0:06:02"
"45\45_04_micro_rebel\full_eval\epoch_0030\images\cezanne_00576_to_photo.jpg","15722","0.014994","2026/4/6 0:06:01"
"45\45_04_micro_rebel\full_eval\epoch_0030\images\cezanne_00576_to_vangogh.jpg","15901","0.015164","2026/4/6 0:06:03"
"45\45_04_micro_rebel\full_eval\epoch_0030\images\cezanne_00582_to_cezanne.jpg","16155","0.015407","2026/4/6 0:06:00"
"45\45_04_micro_rebel\full_eval\epoch_0030\images\cezanne_00582_to_Hayao.jpg","14946","0.014254","2026/4/6 0:05:56"
"45\45_04_micro_rebel\full_eval\epoch_0030\images\cezanne_00582_to_monet.jpg","16064","0.01532","2026/4/6 0:05:57"
"45\45_04_micro_rebel\full_eval\epoch_0030\images\cezanne_00582_to_photo.jpg","16388","0.015629","2026/4/6 0:05:54"
"45\45_04_micro_rebel\full_eval\epoch_0030\images\cezanne_00582_to_vangogh.jpg","16280","0.015526","2026/4/6 0:05:58"
"45\45_04_micro_rebel\full_eval\epoch_0030\images\cezanne_00605_to_cezanne.jpg","15851","0.015117","2026/4/6 0:06:04"
"45\45_04_micro_rebel\full_eval\epoch_0030\images\cezanne_00605_to_Hayao.jpg","15108","0.014408","2026/4/6 0:06:02"
"45\45_04_micro_rebel\full_eval\epoch_0030\images\cezanne_00605_to_monet.jpg","15571","0.01485","2026/4/6 0:06:02"
"45\45_04_micro_rebel\full_eval\epoch_0030\images\cezanne_00605_to_photo.jpg","15596","0.014874","2026/4/6 0:06:01"
"45\45_04_micro_rebel\full_eval\epoch_0030\images\cezanne_00605_to_vangogh.jpg","15627","0.014903","2026/4/6 0:06:03"
"45\45_04_micro_rebel\full_eval\epoch_0030\images\Hayao_0_to_cezanne.jpg","14875","0.014186","2026/4/6 0:05:31"
"45\45_04_micro_rebel\full_eval\epoch_0030\images\Hayao_0_to_Hayao.jpg","13433","0.012811","2026/4/6 0:05:27"
"45\45_04_micro_rebel\full_eval\epoch_0030\images\Hayao_0_to_monet.jpg","13968","0.013321","2026/4/6 0:05:29"
"45\45_04_micro_rebel\full_eval\epoch_0030\images\Hayao_0_to_photo.jpg","14782","0.014097","2026/4/6 0:05:26"
"45\45_04_micro_rebel\full_eval\epoch_0030\images\Hayao_0_to_vangogh.jpg","14937","0.014245","2026/4/6 0:05:30"
"45\45_04_micro_rebel\full_eval\epoch_0030\images\Hayao_1000_to_cezanne.jpg","15863","0.015128","2026/4/6 0:05:31"
"45\45_04_micro_rebel\full_eval\epoch_0030\images\Hayao_1000_to_Hayao.jpg","14868","0.014179","2026/4/6 0:05:27"
"45\45_04_micro_rebel\full_eval\epoch_0030\images\Hayao_1000_to_monet.jpg","15674","0.014948","2026/4/6 0:05:29"
"45\45_04_micro_rebel\full_eval\epoch_0030\images\Hayao_1000_to_photo.jpg","15955","0.015216","2026/4/6 0:05:26"
"45\45_04_micro_rebel\full_eval\epoch_0030\images\Hayao_1000_to_vangogh.jpg","16019","0.015277","2026/4/6 0:05:30"
"45\45_04_micro_rebel\full_eval\epoch_0030\images\Hayao_1001_to_cezanne.jpg","14447","0.013778","2026/4/6 0:05:24"
"45\45_04_micro_rebel\full_eval\epoch_0030\images\Hayao_1001_to_Hayao.jpg","13080","0.012474","2026/4/6 0:05:20"
"45\45_04_micro_rebel\full_eval\epoch_0030\images\Hayao_1001_to_monet.jpg","13930","0.013285","2026/4/6 0:05:22"
"45\45_04_micro_rebel\full_eval\epoch_0030\images\Hayao_1001_to_photo.jpg","14201","0.013543","2026/4/6 0:05:19"
"45\45_04_micro_rebel\full_eval\epoch_0030\images\Hayao_1001_to_vangogh.jpg","14036","0.013386","2026/4/6 0:05:23"
"45\45_04_micro_rebel\full_eval\epoch_0030\images\Hayao_1006_to_cezanne.jpg","15191","0.014487","2026/4/6 0:05:24"
"45\45_04_micro_rebel\full_eval\epoch_0030\images\Hayao_1006_to_Hayao.jpg","14276","0.013615","2026/4/6 0:05:20"
"45\45_04_micro_rebel\full_eval\epoch_0030\images\Hayao_1006_to_monet.jpg","14946","0.014254","2026/4/6 0:05:22"
"45\45_04_micro_rebel\full_eval\epoch_0030\images\Hayao_1006_to_photo.jpg","15126","0.014425","2026/4/6 0:05:19"
"45\45_04_micro_rebel\full_eval\epoch_0030\images\Hayao_1006_to_vangogh.jpg","15165","0.014462","2026/4/6 0:05:23"
"45\45_04_micro_rebel\full_eval\epoch_0030\images\Hayao_1007_to_cezanne.jpg","14920","0.014229","2026/4/6 0:05:31"
"45\45_04_micro_rebel\full_eval\epoch_0030\images\Hayao_1007_to_Hayao.jpg","13784","0.013145","2026/4/6 0:05:27"
"45\45_04_micro_rebel\full_eval\epoch_0030\images\Hayao_1007_to_monet.jpg","14213","0.013555","2026/4/6 0:05:29"
"45\45_04_micro_rebel\full_eval\epoch_0030\images\Hayao_1007_to_photo.jpg","14657","0.013978","2026/4/6 0:05:26"
"45\45_04_micro_rebel\full_eval\epoch_0030\images\Hayao_1007_to_vangogh.jpg","15121","0.014421","2026/4/6 0:05:30"
"45\45_04_micro_rebel\full_eval\epoch_0030\images\Hayao_1008_to_cezanne.jpg","15824","0.015091","2026/4/6 0:05:24"
"45\45_04_micro_rebel\full_eval\epoch_0030\images\Hayao_1008_to_Hayao.jpg","14693","0.014012","2026/4/6 0:05:20"
"45\45_04_micro_rebel\full_eval\epoch_0030\images\Hayao_1008_to_monet.jpg","15634","0.01491","2026/4/6 0:05:22"
"45\45_04_micro_rebel\full_eval\epoch_0030\images\Hayao_1008_to_photo.jpg","15714","0.014986","2026/4/6 0:05:19"
"45\45_04_micro_rebel\full_eval\epoch_0030\images\Hayao_1008_to_vangogh.jpg","16075","0.01533","2026/4/6 0:05:23"
"45\45_04_micro_rebel\full_eval\epoch_0030\images\Hayao_1009_to_cezanne.jpg","15602","0.014879","2026/4/6 0:05:31"
"45\45_04_micro_rebel\full_eval\epoch_0030\images\Hayao_1009_to_Hayao.jpg","14001","0.013352","2026/4/6 0:05:27"
"45\45_04_micro_rebel\full_eval\epoch_0030\images\Hayao_1009_to_monet.jpg","14996","0.014301","2026/4/6 0:05:29"
"45\45_04_micro_rebel\full_eval\epoch_0030\images\Hayao_1009_to_photo.jpg","15563","0.014842","2026/4/6 0:05:26"
"45\45_04_micro_rebel\full_eval\epoch_0030\images\Hayao_1009_to_vangogh.jpg","15072","0.014374","2026/4/6 0:05:30"
"45\45_04_micro_rebel\full_eval\epoch_0030\images\Hayao_1012_to_cezanne.jpg","14596","0.01392","2026/4/6 0:05:24"
"45\45_04_micro_rebel\full_eval\epoch_0030\images\Hayao_1012_to_Hayao.jpg","13192","0.012581","2026/4/6 0:05:20"
"45\45_04_micro_rebel\full_eval\epoch_0030\images\Hayao_1012_to_monet.jpg","14394","0.013727","2026/4/6 0:05:22"
"45\45_04_micro_rebel\full_eval\epoch_0030\images\Hayao_1012_to_photo.jpg","14578","0.013903","2026/4/6 0:05:19"
"45\45_04_micro_rebel\full_eval\epoch_0030\images\Hayao_1012_to_vangogh.jpg","14694","0.014013","2026/4/6 0:05:23"
"45\45_04_micro_rebel\full_eval\epoch_0030\images\Hayao_1014_to_cezanne.jpg","14215","0.013556","2026/4/6 0:05:31"
"45\45_04_micro_rebel\full_eval\epoch_0030\images\Hayao_1014_to_Hayao.jpg","12935","0.012336","2026/4/6 0:05:27"
"45\45_04_micro_rebel\full_eval\epoch_0030\images\Hayao_1014_to_monet.jpg","13710","0.013075","2026/4/6 0:05:29"
"45\45_04_micro_rebel\full_eval\epoch_0030\images\Hayao_1014_to_photo.jpg","13955","0.013309","2026/4/6 0:05:26"
"45\45_04_micro_rebel\full_eval\epoch_0030\images\Hayao_1014_to_vangogh.jpg","13926","0.013281","2026/4/6 0:05:30"
"45\45_04_micro_rebel\full_eval\epoch_0030\images\Hayao_1015_to_cezanne.jpg","15781","0.01505","2026/4/6 0:05:24"
"45\45_04_micro_rebel\full_eval\epoch_0030\images\Hayao_1015_to_Hayao.jpg","14853","0.014165","2026/4/6 0:05:20"
"45\45_04_micro_rebel\full_eval\epoch_0030\images\Hayao_1015_to_monet.jpg","15468","0.014751","2026/4/6 0:05:22"
"45\45_04_micro_rebel\full_eval\epoch_0030\images\Hayao_1015_to_photo.jpg","15655","0.01493","2026/4/6 0:05:19"
"45\45_04_micro_rebel\full_eval\epoch_0030\images\Hayao_1015_to_vangogh.jpg","16003","0.015262","2026/4/6 0:05:23"
"45\45_04_micro_rebel\full_eval\epoch_0030\images\Hayao_1016_to_cezanne.jpg","14930","0.014238","2026/4/6 0:05:31"
"45\45_04_micro_rebel\full_eval\epoch_0030\images\Hayao_1016_to_Hayao.jpg","13936","0.01329","2026/4/6 0:05:27"
"45\45_04_micro_rebel\full_eval\epoch_0030\images\Hayao_1016_to_monet.jpg","14583","0.013907","2026/4/6 0:05:29"
"45\45_04_micro_rebel\full_eval\epoch_0030\images\Hayao_1016_to_photo.jpg","14659","0.01398","2026/4/6 0:05:26"
"45\45_04_micro_rebel\full_eval\epoch_0030\images\Hayao_1016_to_vangogh.jpg","14790","0.014105","2026/4/6 0:05:30"
"45\45_04_micro_rebel\full_eval\epoch_0030\images\Hayao_1017_to_cezanne.jpg","14099","0.013446","2026/4/6 0:05:31"
"45\45_04_micro_rebel\full_eval\epoch_0030\images\Hayao_1017_to_Hayao.jpg","13053","0.012448","2026/4/6 0:05:27"
"45\45_04_micro_rebel\full_eval\epoch_0030\images\Hayao_1017_to_monet.jpg","13546","0.012918","2026/4/6 0:05:29"
"45\45_04_micro_rebel\full_eval\epoch_0030\images\Hayao_1017_to_photo.jpg","13695","0.013061","2026/4/6 0:05:26"
"45\45_04_micro_rebel\full_eval\epoch_0030\images\Hayao_1017_to_vangogh.jpg","14004","0.013355","2026/4/6 0:05:30"
"45\45_04_micro_rebel\full_eval\epoch_0030\images\Hayao_1018_to_cezanne.jpg","16262","0.015509","2026/4/6 0:05:31"
"45\45_04_micro_rebel\full_eval\epoch_0030\images\Hayao_1018_to_Hayao.jpg","14863","0.014174","2026/4/6 0:05:27"
"45\45_04_micro_rebel\full_eval\epoch_0030\images\Hayao_1018_to_monet.jpg","15978","0.015238","2026/4/6 0:05:29"
"45\45_04_micro_rebel\full_eval\epoch_0030\images\Hayao_1018_to_photo.jpg","16093","0.015347","2026/4/6 0:05:26"
"45\45_04_micro_rebel\full_eval\epoch_0030\images\Hayao_1018_to_vangogh.jpg","16311","0.015555","2026/4/6 0:05:30"
"45\45_04_micro_rebel\full_eval\epoch_0030\images\Hayao_1019_to_cezanne.jpg","13918","0.013273","2026/4/6 0:05:24"
"45\45_04_micro_rebel\full_eval\epoch_0030\images\Hayao_1019_to_Hayao.jpg","12417","0.011842","2026/4/6 0:05:20"
"45\45_04_micro_rebel\full_eval\epoch_0030\images\Hayao_1019_to_monet.jpg","13416","0.012794","2026/4/6 0:05:22"
"45\45_04_micro_rebel\full_eval\epoch_0030\images\Hayao_1019_to_photo.jpg","13633","0.013001","2026/4/6 0:05:19"
"45\45_04_micro_rebel\full_eval\epoch_0030\images\Hayao_1019_to_vangogh.jpg","13843","0.013202","2026/4/6 0:05:23"
"45\45_04_micro_rebel\full_eval\epoch_0030\images\Hayao_1020_to_cezanne.jpg","15266","0.014559","2026/4/6 0:05:24"
"45\45_04_micro_rebel\full_eval\epoch_0030\images\Hayao_1020_to_Hayao.jpg","13649","0.013017","2026/4/6 0:05:20"
"45\45_04_micro_rebel\full_eval\epoch_0030\images\Hayao_1020_to_monet.jpg","14609","0.013932","2026/4/6 0:05:22"
"45\45_04_micro_rebel\full_eval\epoch_0030\images\Hayao_1020_to_photo.jpg","14699","0.014018","2026/4/6 0:05:19"
"45\45_04_micro_rebel\full_eval\epoch_0030\images\Hayao_1020_to_vangogh.jpg","15234","0.014528","2026/4/6 0:05:23"
"45\45_04_micro_rebel\full_eval\epoch_0030\images\Hayao_1021_to_cezanne.jpg","15171","0.014468","2026/4/6 0:05:24"
"45\45_04_micro_rebel\full_eval\epoch_0030\images\Hayao_1021_to_Hayao.jpg","13698","0.013063","2026/4/6 0:05:20"
"45\45_04_micro_rebel\full_eval\epoch_0030\images\Hayao_1021_to_monet.jpg","14663","0.013984","2026/4/6 0:05:22"
"45\45_04_micro_rebel\full_eval\epoch_0030\images\Hayao_1021_to_photo.jpg","14919","0.014228","2026/4/6 0:05:19"
"45\45_04_micro_rebel\full_eval\epoch_0030\images\Hayao_1021_to_vangogh.jpg","14823","0.014136","2026/4/6 0:05:23"
"45\45_04_micro_rebel\full_eval\epoch_0030\images\Hayao_1023_to_cezanne.jpg","15039","0.014342","2026/4/6 0:05:31"
"45\45_04_micro_rebel\full_eval\epoch_0030\images\Hayao_1023_to_Hayao.jpg","13747","0.01311","2026/4/6 0:05:27"
"45\45_04_micro_rebel\full_eval\epoch_0030\images\Hayao_1023_to_monet.jpg","14468","0.013798","2026/4/6 0:05:29"
"45\45_04_micro_rebel\full_eval\epoch_0030\images\Hayao_1023_to_photo.jpg","14699","0.014018","2026/4/6 0:05:26"
"45\45_04_micro_rebel\full_eval\epoch_0030\images\Hayao_1023_to_vangogh.jpg","14944","0.014252","2026/4/6 0:05:30"
"45\45_04_micro_rebel\full_eval\epoch_0030\images\Hayao_1024_to_cezanne.jpg","15594","0.014872","2026/4/6 0:05:24"
"45\45_04_micro_rebel\full_eval\epoch_0030\images\Hayao_1024_to_Hayao.jpg","14285","0.013623","2026/4/6 0:05:20"
"45\45_04_micro_rebel\full_eval\epoch_0030\images\Hayao_1024_to_monet.jpg","15572","0.014851","2026/4/6 0:05:22"
"45\45_04_micro_rebel\full_eval\epoch_0030\images\Hayao_1024_to_photo.jpg","15690","0.014963","2026/4/6 0:05:19"
"45\45_04_micro_rebel\full_eval\epoch_0030\images\Hayao_1024_to_vangogh.jpg","16090","0.015345","2026/4/6 0:05:23"
"45\45_04_micro_rebel\full_eval\epoch_0030\images\Hayao_1025_to_cezanne.jpg","14558","0.013884","2026/4/6 0:05:31"
"45\45_04_micro_rebel\full_eval\epoch_0030\images\Hayao_1025_to_Hayao.jpg","12466","0.011889","2026/4/6 0:05:27"
"45\45_04_micro_rebel\full_eval\epoch_0030\images\Hayao_1025_to_monet.jpg","13882","0.013239","2026/4/6 0:05:29"
"45\45_04_micro_rebel\full_eval\epoch_0030\images\Hayao_1025_to_photo.jpg","13988","0.01334","2026/4/6 0:05:26"
"45\45_04_micro_rebel\full_eval\epoch_0030\images\Hayao_1025_to_vangogh.jpg","14292","0.01363","2026/4/6 0:05:30"
"45\45_04_micro_rebel\full_eval\epoch_0030\images\Hayao_1026_to_cezanne.jpg","16101","0.015355","2026/4/6 0:05:31"
"45\45_04_micro_rebel\full_eval\epoch_0030\images\Hayao_1026_to_Hayao.jpg","15380","0.014668","2026/4/6 0:05:27"
"45\45_04_micro_rebel\full_eval\epoch_0030\images\Hayao_1026_to_monet.jpg","16098","0.015352","2026/4/6 0:05:29"
"45\45_04_micro_rebel\full_eval\epoch_0030\images\Hayao_1026_to_photo.jpg","16205","0.015454","2026/4/6 0:05:26"
"45\45_04_micro_rebel\full_eval\epoch_0030\images\Hayao_1026_to_vangogh.jpg","16363","0.015605","2026/4/6 0:05:30"
"45\45_04_micro_rebel\full_eval\epoch_0030\images\Hayao_1028_to_cezanne.jpg","15579","0.014857","2026/4/6 0:05:31"
"45\45_04_micro_rebel\full_eval\epoch_0030\images\Hayao_1028_to_Hayao.jpg","14416","0.013748","2026/4/6 0:05:27"
"45\45_04_micro_rebel\full_eval\epoch_0030\images\Hayao_1028_to_monet.jpg","14982","0.014288","2026/4/6 0:05:29"
"45\45_04_micro_rebel\full_eval\epoch_0030\images\Hayao_1028_to_photo.jpg","15333","0.014623","2026/4/6 0:05:26"
"45\45_04_micro_rebel\full_eval\epoch_0030\images\Hayao_1028_to_vangogh.jpg","15250","0.014544","2026/4/6 0:05:30"
"45\45_04_micro_rebel\full_eval\epoch_0030\images\Hayao_102_to_cezanne.jpg","14900","0.01421","2026/4/6 0:05:31"
"45\45_04_micro_rebel\full_eval\epoch_0030\images\Hayao_102_to_Hayao.jpg","13907","0.013263","2026/4/6 0:05:27"
"45\45_04_micro_rebel\full_eval\epoch_0030\images\Hayao_102_to_monet.jpg","14697","0.014016","2026/4/6 0:05:29"
"45\45_04_micro_rebel\full_eval\epoch_0030\images\Hayao_102_to_photo.jpg","14944","0.014252","2026/4/6 0:05:26"
"45\45_04_micro_rebel\full_eval\epoch_0030\images\Hayao_102_to_vangogh.jpg","15040","0.014343","2026/4/6 0:05:30"
"45\45_04_micro_rebel\full_eval\epoch_0030\images\Hayao_1033_to_cezanne.jpg","16085","0.01534","2026/4/6 0:05:31"
"45\45_04_micro_rebel\full_eval\epoch_0030\images\Hayao_1033_to_Hayao.jpg","14789","0.014104","2026/4/6 0:05:27"
"45\45_04_micro_rebel\full_eval\epoch_0030\images\Hayao_1033_to_monet.jpg","15664","0.014938","2026/4/6 0:05:29"
"45\45_04_micro_rebel\full_eval\epoch_0030\images\Hayao_1033_to_photo.jpg","16136","0.015388","2026/4/6 0:05:26"
"45\45_04_micro_rebel\full_eval\epoch_0030\images\Hayao_1033_to_vangogh.jpg","16117","0.01537","2026/4/6 0:05:30"
"45\45_04_micro_rebel\full_eval\epoch_0030\images\Hayao_1039_to_cezanne.jpg","14253","0.013593","2026/4/6 0:05:31"
"45\45_04_micro_rebel\full_eval\epoch_0030\images\Hayao_1039_to_Hayao.jpg","13726","0.01309","2026/4/6 0:05:27"
"45\45_04_micro_rebel\full_eval\epoch_0030\images\Hayao_1039_to_monet.jpg","14157","0.013501","2026/4/6 0:05:29"
"45\45_04_micro_rebel\full_eval\epoch_0030\images\Hayao_1039_to_photo.jpg","14107","0.013453","2026/4/6 0:05:26"
"45\45_04_micro_rebel\full_eval\epoch_0030\images\Hayao_1039_to_vangogh.jpg","14680","0.014","2026/4/6 0:05:30"
"45\45_04_micro_rebel\full_eval\epoch_0030\images\Hayao_103_to_cezanne.jpg","14938","0.014246","2026/4/6 0:05:31"
"45\45_04_micro_rebel\full_eval\epoch_0030\images\Hayao_103_to_Hayao.jpg","13476","0.012852","2026/4/6 0:05:27"
"45\45_04_micro_rebel\full_eval\epoch_0030\images\Hayao_103_to_monet.jpg","14223","0.013564","2026/4/6 0:05:29"
"45\45_04_micro_rebel\full_eval\epoch_0030\images\Hayao_103_to_photo.jpg","14703","0.014022","2026/4/6 0:05:26"
"45\45_04_micro_rebel\full_eval\epoch_0030\images\Hayao_103_to_vangogh.jpg","14990","0.014296","2026/4/6 0:05:30"
"45\45_04_micro_rebel\full_eval\epoch_0030\images\Hayao_1040_to_cezanne.jpg","14412","0.013744","2026/4/6 0:05:31"
"45\45_04_micro_rebel\full_eval\epoch_0030\images\Hayao_1040_to_Hayao.jpg","13940","0.013294","2026/4/6 0:05:27"
"45\45_04_micro_rebel\full_eval\epoch_0030\images\Hayao_1040_to_monet.jpg","14217","0.013558","2026/4/6 0:05:29"
"45\45_04_micro_rebel\full_eval\epoch_0030\images\Hayao_1040_to_photo.jpg","14313","0.01365","2026/4/6 0:05:26"
"45\45_04_micro_rebel\full_eval\epoch_0030\images\Hayao_1040_to_vangogh.jpg","14774","0.01409","2026/4/6 0:05:30"
"45\45_04_micro_rebel\full_eval\epoch_0030\images\Hayao_1041_to_cezanne.jpg","14549","0.013875","2026/4/6 0:05:31"
"45\45_04_micro_rebel\full_eval\epoch_0030\images\Hayao_1041_to_Hayao.jpg","13945","0.013299","2026/4/6 0:05:27"
"45\45_04_micro_rebel\full_eval\epoch_0030\images\Hayao_1041_to_monet.jpg","14401","0.013734","2026/4/6 0:05:29"
"45\45_04_micro_rebel\full_eval\epoch_0030\images\Hayao_1041_to_photo.jpg","14487","0.013816","2026/4/6 0:05:26"
"45\45_04_micro_rebel\full_eval\epoch_0030\images\Hayao_1041_to_vangogh.jpg","14788","0.014103","2026/4/6 0:05:30"
"45\45_04_micro_rebel\full_eval\epoch_0030\images\Hayao_1042_to_cezanne.jpg","15494","0.014776","2026/4/6 0:05:31"
"45\45_04_micro_rebel\full_eval\epoch_0030\images\Hayao_1042_to_Hayao.jpg","14357","0.013692","2026/4/6 0:05:27"
"45\45_04_micro_rebel\full_eval\epoch_0030\images\Hayao_1042_to_monet.jpg","14908","0.014217","2026/4/6 0:05:29"
"45\45_04_micro_rebel\full_eval\epoch_0030\images\Hayao_1042_to_photo.jpg","15007","0.014312","2026/4/6 0:05:26"
"45\45_04_micro_rebel\full_eval\epoch_0030\images\Hayao_1042_to_vangogh.jpg","15500","0.014782","2026/4/6 0:05:30"
"45\45_04_micro_rebel\full_eval\epoch_0030\images\Hayao_1044_to_cezanne.jpg","14376","0.01371","2026/4/6 0:05:24"
"45\45_04_micro_rebel\full_eval\epoch_0030\images\Hayao_1044_to_Hayao.jpg","12450","0.011873","2026/4/6 0:05:20"
"45\45_04_micro_rebel\full_eval\epoch_0030\images\Hayao_1044_to_monet.jpg","13909","0.013265","2026/4/6 0:05:22"
"45\45_04_micro_rebel\full_eval\epoch_0030\images\Hayao_1044_to_photo.jpg","14124","0.01347","2026/4/6 0:05:19"
"45\45_04_micro_rebel\full_eval\epoch_0030\images\Hayao_1044_to_vangogh.jpg","14434","0.013765","2026/4/6 0:05:23"
"45\45_04_micro_rebel\full_eval\epoch_0030\images\Hayao_1049_to_cezanne.jpg","16462","0.015699","2026/4/6 0:05:31"
"45\45_04_micro_rebel\full_eval\epoch_0030\images\Hayao_1049_to_Hayao.jpg","15079","0.01438","2026/4/6 0:05:27"
"45\45_04_micro_rebel\full_eval\epoch_0030\images\Hayao_1049_to_monet.jpg","16112","0.015366","2026/4/6 0:05:29"
"45\45_04_micro_rebel\full_eval\epoch_0030\images\Hayao_1049_to_photo.jpg","16264","0.015511","2026/4/6 0:05:26"
"45\45_04_micro_rebel\full_eval\epoch_0030\images\Hayao_1049_to_vangogh.jpg","16424","0.015663","2026/4/6 0:05:30"
"45\45_04_micro_rebel\full_eval\epoch_0030\images\monet_00018_to_cezanne.jpg","15425","0.01471","2026/4/6 0:05:38"
"45\45_04_micro_rebel\full_eval\epoch_0030\images\monet_00018_to_Hayao.jpg","14520","0.013847","2026/4/6 0:05:34"
"45\45_04_micro_rebel\full_eval\epoch_0030\images\monet_00018_to_monet.jpg","15177","0.014474","2026/4/6 0:05:36"
"45\45_04_micro_rebel\full_eval\epoch_0030\images\monet_00018_to_photo.jpg","15503","0.014785","2026/4/6 0:05:33"
"45\45_04_micro_rebel\full_eval\epoch_0030\images\monet_00018_to_vangogh.jpg","15363","0.014651","2026/4/6 0:05:37"
"45\45_04_micro_rebel\full_eval\epoch_0030\images\monet_00075_to_cezanne.jpg","14465","0.013795","2026/4/6 0:05:38"
"45\45_04_micro_rebel\full_eval\epoch_0030\images\monet_00075_to_Hayao.jpg","13040","0.012436","2026/4/6 0:05:34"
"45\45_04_micro_rebel\full_eval\epoch_0030\images\monet_00075_to_monet.jpg","14080","0.013428","2026/4/6 0:05:36"
"45\45_04_micro_rebel\full_eval\epoch_0030\images\monet_00075_to_photo.jpg","14387","0.013721","2026/4/6 0:05:33"
"45\45_04_micro_rebel\full_eval\epoch_0030\images\monet_00075_to_vangogh.jpg","14494","0.013823","2026/4/6 0:05:37"
"45\45_04_micro_rebel\full_eval\epoch_0030\images\monet_00092_to_cezanne.jpg","15410","0.014696","2026/4/6 0:05:38"
"45\45_04_micro_rebel\full_eval\epoch_0030\images\monet_00092_to_Hayao.jpg","13842","0.013201","2026/4/6 0:05:34"
"45\45_04_micro_rebel\full_eval\epoch_0030\images\monet_00092_to_monet.jpg","14944","0.014252","2026/4/6 0:05:36"
"45\45_04_micro_rebel\full_eval\epoch_0030\images\monet_00092_to_photo.jpg","15143","0.014441","2026/4/6 0:05:33"
"45\45_04_micro_rebel\full_eval\epoch_0030\images\monet_00092_to_vangogh.jpg","15375","0.014663","2026/4/6 0:05:37"
"45\45_04_micro_rebel\full_eval\epoch_0030\images\monet_00278_to_cezanne.jpg","16780","0.016003","2026/4/6 0:05:38"
"45\45_04_micro_rebel\full_eval\epoch_0030\images\monet_00278_to_Hayao.jpg","15811","0.015079","2026/4/6 0:05:34"
"45\45_04_micro_rebel\full_eval\epoch_0030\images\monet_00278_to_monet.jpg","16842","0.016062","2026/4/6 0:05:36"
"45\45_04_micro_rebel\full_eval\epoch_0030\images\monet_00278_to_photo.jpg","16715","0.015941","2026/4/6 0:05:33"
"45\45_04_micro_rebel\full_eval\epoch_0030\images\monet_00278_to_vangogh.jpg","16978","0.016191","2026/4/6 0:05:37"
"45\45_04_micro_rebel\full_eval\epoch_0030\images\monet_00282_to_cezanne.jpg","13309","0.012692","2026/4/6 0:05:38"
"45\45_04_micro_rebel\full_eval\epoch_0030\images\monet_00282_to_Hayao.jpg","12668","0.012081","2026/4/6 0:05:34"
"45\45_04_micro_rebel\full_eval\epoch_0030\images\monet_00282_to_monet.jpg","13193","0.012582","2026/4/6 0:05:36"
"45\45_04_micro_rebel\full_eval\epoch_0030\images\monet_00282_to_photo.jpg","13256","0.012642","2026/4/6 0:05:33"
"45\45_04_micro_rebel\full_eval\epoch_0030\images\monet_00282_to_vangogh.jpg","13533","0.012906","2026/4/6 0:05:37"
"45\45_04_micro_rebel\full_eval\epoch_0030\images\monet_00286_to_cezanne.jpg","15252","0.014545","2026/4/6 0:05:38"
"45\45_04_micro_rebel\full_eval\epoch_0030\images\monet_00286_to_Hayao.jpg","13908","0.013264","2026/4/6 0:05:34"
"45\45_04_micro_rebel\full_eval\epoch_0030\images\monet_00286_to_monet.jpg","14832","0.014145","2026/4/6 0:05:36"
"45\45_04_micro_rebel\full_eval\epoch_0030\images\monet_00286_to_photo.jpg","15461","0.014745","2026/4/6 0:05:33"
"45\45_04_micro_rebel\full_eval\epoch_0030\images\monet_00286_to_vangogh.jpg","14861","0.014173","2026/4/6 0:05:37"
"45\45_04_micro_rebel\full_eval\epoch_0030\images\monet_00291_to_cezanne.jpg","15479","0.014762","2026/4/6 0:05:38"
"45\45_04_micro_rebel\full_eval\epoch_0030\images\monet_00291_to_Hayao.jpg","14297","0.013635","2026/4/6 0:05:34"
"45\45_04_micro_rebel\full_eval\epoch_0030\images\monet_00291_to_monet.jpg","15350","0.014639","2026/4/6 0:05:36"
"45\45_04_micro_rebel\full_eval\epoch_0030\images\monet_00291_to_photo.jpg","15932","0.015194","2026/4/6 0:05:33"
"45\45_04_micro_rebel\full_eval\epoch_0030\images\monet_00291_to_vangogh.jpg","15427","0.014712","2026/4/6 0:05:37"
"45\45_04_micro_rebel\full_eval\epoch_0030\images\monet_00389_to_cezanne.jpg","13897","0.013253","2026/4/6 0:05:38"
"45\45_04_micro_rebel\full_eval\epoch_0030\images\monet_00389_to_Hayao.jpg","12150","0.011587","2026/4/6 0:05:34"
"45\45_04_micro_rebel\full_eval\epoch_0030\images\monet_00389_to_monet.jpg","13631","0.013","2026/4/6 0:05:36"
"45\45_04_micro_rebel\full_eval\epoch_0030\images\monet_00389_to_photo.jpg","13879","0.013236","2026/4/6 0:05:33"
"45\45_04_micro_rebel\full_eval\epoch_0030\images\monet_00389_to_vangogh.jpg","13584","0.012955","2026/4/6 0:05:37"
"45\45_04_micro_rebel\full_eval\epoch_0030\images\monet_00429_to_cezanne.jpg","14802","0.014116","2026/4/6 0:05:45"
"45\45_04_micro_rebel\full_eval\epoch_0030\images\monet_00429_to_Hayao.jpg","13657","0.013024","2026/4/6 0:05:41"
"45\45_04_micro_rebel\full_eval\epoch_0030\images\monet_00429_to_monet.jpg","14456","0.013786","2026/4/6 0:05:43"
"45\45_04_micro_rebel\full_eval\epoch_0030\images\monet_00429_to_photo.jpg","14914","0.014223","2026/4/6 0:05:40"
"45\45_04_micro_rebel\full_eval\epoch_0030\images\monet_00429_to_vangogh.jpg","14661","0.013982","2026/4/6 0:05:44"
"45\45_04_micro_rebel\full_eval\epoch_0030\images\monet_00444_to_cezanne.jpg","16013","0.015271","2026/4/6 0:05:38"
"45\45_04_micro_rebel\full_eval\epoch_0030\images\monet_00444_to_Hayao.jpg","14880","0.014191","2026/4/6 0:05:34"
"45\45_04_micro_rebel\full_eval\epoch_0030\images\monet_00444_to_monet.jpg","15909","0.015172","2026/4/6 0:05:36"
"45\45_04_micro_rebel\full_eval\epoch_0030\images\monet_00444_to_photo.jpg","16057","0.015313","2026/4/6 0:05:33"
"45\45_04_micro_rebel\full_eval\epoch_0030\images\monet_00444_to_vangogh.jpg","16131","0.015384","2026/4/6 0:05:37"
"45\45_04_micro_rebel\full_eval\epoch_0030\images\monet_00446_to_cezanne.jpg","16248","0.015495","2026/4/6 0:05:46"
"45\45_04_micro_rebel\full_eval\epoch_0030\images\monet_00446_to_Hayao.jpg","15076","0.014378","2026/4/6 0:05:42"
"45\45_04_micro_rebel\full_eval\epoch_0030\images\monet_00446_to_monet.jpg","15879","0.015143","2026/4/6 0:05:43"
"45\45_04_micro_rebel\full_eval\epoch_0030\images\monet_00446_to_photo.jpg","16533","0.015767","2026/4/6 0:05:40"
"45\45_04_micro_rebel\full_eval\epoch_0030\images\monet_00446_to_vangogh.jpg","16273","0.015519","2026/4/6 0:05:44"
"45\45_04_micro_rebel\full_eval\epoch_0030\images\monet_00542_to_cezanne.jpg","15441","0.014726","2026/4/6 0:05:38"
"45\45_04_micro_rebel\full_eval\epoch_0030\images\monet_00542_to_Hayao.jpg","14490","0.013819","2026/4/6 0:05:34"
"45\45_04_micro_rebel\full_eval\epoch_0030\images\monet_00542_to_monet.jpg","15367","0.014655","2026/4/6 0:05:36"
"45\45_04_micro_rebel\full_eval\epoch_0030\images\monet_00542_to_photo.jpg","15513","0.014794","2026/4/6 0:05:33"
"45\45_04_micro_rebel\full_eval\epoch_0030\images\monet_00542_to_vangogh.jpg","15788","0.015057","2026/4/6 0:05:37"
"45\45_04_micro_rebel\full_eval\epoch_0030\images\monet_00557_to_cezanne.jpg","16380","0.015621","2026/4/6 0:05:46"
"45\45_04_micro_rebel\full_eval\epoch_0030\images\monet_00557_to_Hayao.jpg","15911","0.015174","2026/4/6 0:05:42"
"45\45_04_micro_rebel\full_eval\epoch_0030\images\monet_00557_to_monet.jpg","16464","0.015701","2026/4/6 0:05:43"
"45\45_04_micro_rebel\full_eval\epoch_0030\images\monet_00557_to_photo.jpg","16908","0.016125","2026/4/6 0:05:40"
"45\45_04_micro_rebel\full_eval\epoch_0030\images\monet_00557_to_vangogh.jpg","16703","0.015929","2026/4/6 0:05:44"
"45\45_04_micro_rebel\full_eval\epoch_0030\images\monet_00607_to_cezanne.jpg","15894","0.015158","2026/4/6 0:05:38"
"45\45_04_micro_rebel\full_eval\epoch_0030\images\monet_00607_to_Hayao.jpg","15088","0.014389","2026/4/6 0:05:34"
"45\45_04_micro_rebel\full_eval\epoch_0030\images\monet_00607_to_monet.jpg","15708","0.01498","2026/4/6 0:05:36"
"45\45_04_micro_rebel\full_eval\epoch_0030\images\monet_00607_to_photo.jpg","15932","0.015194","2026/4/6 0:05:33"
"45\45_04_micro_rebel\full_eval\epoch_0030\images\monet_00607_to_vangogh.jpg","16121","0.015374","2026/4/6 0:05:37"
"45\45_04_micro_rebel\full_eval\epoch_0030\images\monet_00677_to_cezanne.jpg","15739","0.01501","2026/4/6 0:05:38"
"45\45_04_micro_rebel\full_eval\epoch_0030\images\monet_00677_to_Hayao.jpg","14242","0.013582","2026/4/6 0:05:34"
"45\45_04_micro_rebel\full_eval\epoch_0030\images\monet_00677_to_monet.jpg","15623","0.014899","2026/4/6 0:05:36"
"45\45_04_micro_rebel\full_eval\epoch_0030\images\monet_00677_to_photo.jpg","16062","0.015318","2026/4/6 0:05:33"
"45\45_04_micro_rebel\full_eval\epoch_0030\images\monet_00677_to_vangogh.jpg","15907","0.01517","2026/4/6 0:05:37"
"45\45_04_micro_rebel\full_eval\epoch_0030\images\monet_00695_to_cezanne.jpg","16313","0.015557","2026/4/6 0:05:38"
"45\45_04_micro_rebel\full_eval\epoch_0030\images\monet_00695_to_Hayao.jpg","15912","0.015175","2026/4/6 0:05:34"
"45\45_04_micro_rebel\full_eval\epoch_0030\images\monet_00695_to_monet.jpg","16574","0.015806","2026/4/6 0:05:36"
"45\45_04_micro_rebel\full_eval\epoch_0030\images\monet_00695_to_photo.jpg","16775","0.015998","2026/4/6 0:05:33"
"45\45_04_micro_rebel\full_eval\epoch_0030\images\monet_00695_to_vangogh.jpg","16632","0.015862","2026/4/6 0:05:37"
"45\45_04_micro_rebel\full_eval\epoch_0030\images\monet_00756_to_cezanne.jpg","15470","0.014753","2026/4/6 0:05:38"
"45\45_04_micro_rebel\full_eval\epoch_0030\images\monet_00756_to_Hayao.jpg","13548","0.01292","2026/4/6 0:05:34"
"45\45_04_micro_rebel\full_eval\epoch_0030\images\monet_00756_to_monet.jpg","14792","0.014107","2026/4/6 0:05:36"
"45\45_04_micro_rebel\full_eval\epoch_0030\images\monet_00756_to_photo.jpg","15279","0.014571","2026/4/6 0:05:33"
"45\45_04_micro_rebel\full_eval\epoch_0030\images\monet_00756_to_vangogh.jpg","15172","0.014469","2026/4/6 0:05:37"
"45\45_04_micro_rebel\full_eval\epoch_0030\images\monet_00776_to_cezanne.jpg","14428","0.01376","2026/4/6 0:05:46"
"45\45_04_micro_rebel\full_eval\epoch_0030\images\monet_00776_to_Hayao.jpg","13139","0.01253","2026/4/6 0:05:42"
"45\45_04_micro_rebel\full_eval\epoch_0030\images\monet_00776_to_monet.jpg","14162","0.013506","2026/4/6 0:05:43"
"45\45_04_micro_rebel\full_eval\epoch_0030\images\monet_00776_to_photo.jpg","14620","0.013943","2026/4/6 0:05:40"
"45\45_04_micro_rebel\full_eval\epoch_0030\images\monet_00776_to_vangogh.jpg","14441","0.013772","2026/4/6 0:05:44"
"45\45_04_micro_rebel\full_eval\epoch_0030\images\monet_00786_to_cezanne.jpg","16529","0.015763","2026/4/6 0:05:38"
"45\45_04_micro_rebel\full_eval\epoch_0030\images\monet_00786_to_Hayao.jpg","15201","0.014497","2026/4/6 0:05:34"
"45\45_04_micro_rebel\full_eval\epoch_0030\images\monet_00786_to_monet.jpg","16357","0.015599","2026/4/6 0:05:36"
"45\45_04_micro_rebel\full_eval\epoch_0030\images\monet_00786_to_photo.jpg","16725","0.01595","2026/4/6 0:05:33"
"45\45_04_micro_rebel\full_eval\epoch_0030\images\monet_00786_to_vangogh.jpg","16536","0.01577","2026/4/6 0:05:37"
"45\45_04_micro_rebel\full_eval\epoch_0030\images\monet_00789_to_cezanne.jpg","16726","0.015951","2026/4/6 0:05:46"
"45\45_04_micro_rebel\full_eval\epoch_0030\images\monet_00789_to_Hayao.jpg","15286","0.014578","2026/4/6 0:05:42"
"45\45_04_micro_rebel\full_eval\epoch_0030\images\monet_00789_to_monet.jpg","16359","0.015601","2026/4/6 0:05:43"
"45\45_04_micro_rebel\full_eval\epoch_0030\images\monet_00789_to_photo.jpg","16960","0.016174","2026/4/6 0:05:40"
"45\45_04_micro_rebel\full_eval\epoch_0030\images\monet_00789_to_vangogh.jpg","16844","0.016064","2026/4/6 0:05:44"
"45\45_04_micro_rebel\full_eval\epoch_0030\images\monet_00812_to_cezanne.jpg","16278","0.015524","2026/4/6 0:05:38"
"45\45_04_micro_rebel\full_eval\epoch_0030\images\monet_00812_to_Hayao.jpg","15524","0.014805","2026/4/6 0:05:34"
"45\45_04_micro_rebel\full_eval\epoch_0030\images\monet_00812_to_monet.jpg","16316","0.01556","2026/4/6 0:05:36"
"45\45_04_micro_rebel\full_eval\epoch_0030\images\monet_00812_to_photo.jpg","16608","0.015839","2026/4/6 0:05:33"
"45\45_04_micro_rebel\full_eval\epoch_0030\images\monet_00812_to_vangogh.jpg","16633","0.015862","2026/4/6 0:05:37"
"45\45_04_micro_rebel\full_eval\epoch_0030\images\monet_00928_to_cezanne.jpg","15795","0.015063","2026/4/6 0:05:45"
"45\45_04_micro_rebel\full_eval\epoch_0030\images\monet_00928_to_Hayao.jpg","15032","0.014336","2026/4/6 0:05:41"
"45\45_04_micro_rebel\full_eval\epoch_0030\images\monet_00928_to_monet.jpg","16032","0.015289","2026/4/6 0:05:43"
"45\45_04_micro_rebel\full_eval\epoch_0030\images\monet_00928_to_photo.jpg","16260","0.015507","2026/4/6 0:05:40"
"45\45_04_micro_rebel\full_eval\epoch_0030\images\monet_00928_to_vangogh.jpg","15873","0.015138","2026/4/6 0:05:44"
"45\45_04_micro_rebel\full_eval\epoch_0030\images\monet_00959_to_cezanne.jpg","14016","0.013367","2026/4/6 0:05:38"
"45\45_04_micro_rebel\full_eval\epoch_0030\images\monet_00959_to_Hayao.jpg","12507","0.011928","2026/4/6 0:05:34"
"45\45_04_micro_rebel\full_eval\epoch_0030\images\monet_00959_to_monet.jpg","13728","0.013092","2026/4/6 0:05:36"
"45\45_04_micro_rebel\full_eval\epoch_0030\images\monet_00959_to_photo.jpg","14222","0.013563","2026/4/6 0:05:33"
"45\45_04_micro_rebel\full_eval\epoch_0030\images\monet_00959_to_vangogh.jpg","14217","0.013558","2026/4/6 0:05:37"
"45\45_04_micro_rebel\full_eval\epoch_0030\images\monet_01039_to_cezanne.jpg","15172","0.014469","2026/4/6 0:05:38"
"45\45_04_micro_rebel\full_eval\epoch_0030\images\monet_01039_to_Hayao.jpg","13804","0.013165","2026/4/6 0:05:34"
"45\45_04_micro_rebel\full_eval\epoch_0030\images\monet_01039_to_monet.jpg","15004","0.014309","2026/4/6 0:05:36"
"45\45_04_micro_rebel\full_eval\epoch_0030\images\monet_01039_to_photo.jpg","15246","0.01454","2026/4/6 0:05:33"
"45\45_04_micro_rebel\full_eval\epoch_0030\images\monet_01039_to_vangogh.jpg","15616","0.014893","2026/4/6 0:05:37"
"45\45_04_micro_rebel\full_eval\epoch_0030\images\monet_01059_to_cezanne.jpg","16933","0.016149","2026/4/6 0:05:38"
"45\45_04_micro_rebel\full_eval\epoch_0030\images\monet_01059_to_Hayao.jpg","16224","0.015472","2026/4/6 0:05:34"
"45\45_04_micro_rebel\full_eval\epoch_0030\images\monet_01059_to_monet.jpg","16758","0.015982","2026/4/6 0:05:36"
"45\45_04_micro_rebel\full_eval\epoch_0030\images\monet_01059_to_photo.jpg","16886","0.016104","2026/4/6 0:05:33"
"45\45_04_micro_rebel\full_eval\epoch_0030\images\monet_01059_to_vangogh.jpg","16786","0.016008","2026/4/6 0:05:37"
"45\45_04_micro_rebel\full_eval\epoch_0030\images\monet_01127_to_cezanne.jpg","14132","0.013477","2026/4/6 0:05:45"
"45\45_04_micro_rebel\full_eval\epoch_0030\images\monet_01127_to_Hayao.jpg","13180","0.012569","2026/4/6 0:05:42"
"45\45_04_micro_rebel\full_eval\epoch_0030\images\monet_01127_to_monet.jpg","13965","0.013318","2026/4/6 0:05:43"
"45\45_04_micro_rebel\full_eval\epoch_0030\images\monet_01127_to_photo.jpg","14190","0.013533","2026/4/6 0:05:40"
"45\45_04_micro_rebel\full_eval\epoch_0030\images\monet_01127_to_vangogh.jpg","14152","0.013496","2026/4/6 0:05:44"
"45\45_04_micro_rebel\full_eval\epoch_0030\images\monet_01151_to_cezanne.jpg","16816","0.016037","2026/4/6 0:05:46"
"45\45_04_micro_rebel\full_eval\epoch_0030\images\monet_01151_to_Hayao.jpg","16072","0.015327","2026/4/6 0:05:42"
"45\45_04_micro_rebel\full_eval\epoch_0030\images\monet_01151_to_monet.jpg","16696","0.015923","2026/4/6 0:05:43"
"45\45_04_micro_rebel\full_eval\epoch_0030\images\monet_01151_to_photo.jpg","16916","0.016132","2026/4/6 0:05:40"
"45\45_04_micro_rebel\full_eval\epoch_0030\images\monet_01151_to_vangogh.jpg","17072","0.016281","2026/4/6 0:05:44"
"45\45_04_micro_rebel\full_eval\epoch_0030\images\monet_01155_to_cezanne.jpg","16450","0.015688","2026/4/6 0:05:45"
"45\45_04_micro_rebel\full_eval\epoch_0030\images\monet_01155_to_Hayao.jpg","15286","0.014578","2026/4/6 0:05:41"
"45\45_04_micro_rebel\full_eval\epoch_0030\images\monet_01155_to_monet.jpg","16075","0.01533","2026/4/6 0:05:43"
"45\45_04_micro_rebel\full_eval\epoch_0030\images\monet_01155_to_photo.jpg","16320","0.015564","2026/4/6 0:05:40"
"45\45_04_micro_rebel\full_eval\epoch_0030\images\monet_01155_to_vangogh.jpg","16565","0.015798","2026/4/6 0:05:44"
"45\45_04_micro_rebel\full_eval\epoch_0030\images\monet_01208_to_cezanne.jpg","16880","0.016098","2026/4/6 0:05:38"
"45\45_04_micro_rebel\full_eval\epoch_0030\images\monet_01208_to_Hayao.jpg","15897","0.015161","2026/4/6 0:05:34"
"45\45_04_micro_rebel\full_eval\epoch_0030\images\monet_01208_to_monet.jpg","16642","0.015871","2026/4/6 0:05:36"
"45\45_04_micro_rebel\full_eval\epoch_0030\images\monet_01208_to_photo.jpg","17003","0.016215","2026/4/6 0:05:33"
"45\45_04_micro_rebel\full_eval\epoch_0030\images\monet_01208_to_vangogh.jpg","16974","0.016188","2026/4/6 0:05:37"
"45\45_04_micro_rebel\full_eval\epoch_0030\images\monet_01326_to_cezanne.jpg","15670","0.014944","2026/4/6 0:05:45"
"45\45_04_micro_rebel\full_eval\epoch_0030\images\monet_01326_to_Hayao.jpg","14520","0.013847","2026/4/6 0:05:41"
"45\45_04_micro_rebel\full_eval\epoch_0030\images\monet_01326_to_monet.jpg","15481","0.014764","2026/4/6 0:05:43"
"45\45_04_micro_rebel\full_eval\epoch_0030\images\monet_01326_to_photo.jpg","16013","0.015271","2026/4/6 0:05:40"
"45\45_04_micro_rebel\full_eval\epoch_0030\images\monet_01326_to_vangogh.jpg","15808","0.015076","2026/4/6 0:05:44"
"45\45_04_micro_rebel\full_eval\epoch_0030\images\photo_2013-11-08 16_45_24_to_cezanne.jpg","13903","0.013259","2026/4/6 0:05:17"
"45\45_04_micro_rebel\full_eval\epoch_0030\images\photo_2013-11-08 16_45_24_to_Hayao.jpg","12406","0.011831","2026/4/6 0:05:13"
"45\45_04_micro_rebel\full_eval\epoch_0030\images\photo_2013-11-08 16_45_24_to_monet.jpg","13248","0.012634","2026/4/6 0:05:14"
"45\45_04_micro_rebel\full_eval\epoch_0030\images\photo_2013-11-08 16_45_24_to_photo.jpg","13605","0.012975","2026/4/6 0:05:12"
"45\45_04_micro_rebel\full_eval\epoch_0030\images\photo_2013-11-08 16_45_24_to_vangogh.jpg","13412","0.012791","2026/4/6 0:05:16"
"45\45_04_micro_rebel\full_eval\epoch_0030\images\photo_2013-11-10 12_45_41_to_cezanne.jpg","13527","0.0129","2026/4/6 0:05:17"
"45\45_04_micro_rebel\full_eval\epoch_0030\images\photo_2013-11-10 12_45_41_to_Hayao.jpg","12143","0.01158","2026/4/6 0:05:13"
"45\45_04_micro_rebel\full_eval\epoch_0030\images\photo_2013-11-10 12_45_41_to_monet.jpg","12976","0.012375","2026/4/6 0:05:14"
"45\45_04_micro_rebel\full_eval\epoch_0030\images\photo_2013-11-10 12_45_41_to_photo.jpg","13102","0.012495","2026/4/6 0:05:12"
"45\45_04_micro_rebel\full_eval\epoch_0030\images\photo_2013-11-10 12_45_41_to_vangogh.jpg","13410","0.012789","2026/4/6 0:05:16"
"45\45_04_micro_rebel\full_eval\epoch_0030\images\photo_2013-11-10 19_30_53_to_cezanne.jpg","15140","0.014439","2026/4/6 0:05:17"
"45\45_04_micro_rebel\full_eval\epoch_0030\images\photo_2013-11-10 19_30_53_to_Hayao.jpg","14169","0.013513","2026/4/6 0:05:13"
"45\45_04_micro_rebel\full_eval\epoch_0030\images\photo_2013-11-10 19_30_53_to_monet.jpg","14774","0.01409","2026/4/6 0:05:14"
"45\45_04_micro_rebel\full_eval\epoch_0030\images\photo_2013-11-10 19_30_53_to_photo.jpg","14845","0.014157","2026/4/6 0:05:12"
"45\45_04_micro_rebel\full_eval\epoch_0030\images\photo_2013-11-10 19_30_53_to_vangogh.jpg","15248","0.014542","2026/4/6 0:05:16"
"45\45_04_micro_rebel\full_eval\epoch_0030\images\photo_2013-11-11 22_03_00_to_cezanne.jpg","14914","0.014223","2026/4/6 0:05:17"
"45\45_04_micro_rebel\full_eval\epoch_0030\images\photo_2013-11-11 22_03_00_to_Hayao.jpg","13785","0.013146","2026/4/6 0:05:13"
"45\45_04_micro_rebel\full_eval\epoch_0030\images\photo_2013-11-11 22_03_00_to_monet.jpg","14450","0.013781","2026/4/6 0:05:14"
"45\45_04_micro_rebel\full_eval\epoch_0030\images\photo_2013-11-11 22_03_00_to_photo.jpg","14808","0.014122","2026/4/6 0:05:12"
"45\45_04_micro_rebel\full_eval\epoch_0030\images\photo_2013-11-11 22_03_00_to_vangogh.jpg","14776","0.014091","2026/4/6 0:05:16"
"45\45_04_micro_rebel\full_eval\epoch_0030\images\photo_2013-11-12 01_54_20_to_cezanne.jpg","15543","0.014823","2026/4/6 0:05:17"
"45\45_04_micro_rebel\full_eval\epoch_0030\images\photo_2013-11-12 01_54_20_to_Hayao.jpg","14458","0.013788","2026/4/6 0:05:13"
"45\45_04_micro_rebel\full_eval\epoch_0030\images\photo_2013-11-12 01_54_20_to_monet.jpg","15198","0.014494","2026/4/6 0:05:14"
"45\45_04_micro_rebel\full_eval\epoch_0030\images\photo_2013-11-12 01_54_20_to_photo.jpg","15651","0.014926","2026/4/6 0:05:12"
"45\45_04_micro_rebel\full_eval\epoch_0030\images\photo_2013-11-12 01_54_20_to_vangogh.jpg","15469","0.014752","2026/4/6 0:05:16"
"45\45_04_micro_rebel\full_eval\epoch_0030\images\photo_2013-11-12 10_29_19_to_cezanne.jpg","15155","0.014453","2026/4/6 0:05:17"
"45\45_04_micro_rebel\full_eval\epoch_0030\images\photo_2013-11-12 10_29_19_to_Hayao.jpg","14302","0.013639","2026/4/6 0:05:13"
"45\45_04_micro_rebel\full_eval\epoch_0030\images\photo_2013-11-12 10_29_19_to_monet.jpg","15200","0.014496","2026/4/6 0:05:14"
"45\45_04_micro_rebel\full_eval\epoch_0030\images\photo_2013-11-12 10_29_19_to_photo.jpg","15374","0.014662","2026/4/6 0:05:12"
"45\45_04_micro_rebel\full_eval\epoch_0030\images\photo_2013-11-12 10_29_19_to_vangogh.jpg","15198","0.014494","2026/4/6 0:05:16"
"45\45_04_micro_rebel\full_eval\epoch_0030\images\photo_2013-11-12 16_58_40_to_cezanne.jpg","14809","0.014123","2026/4/6 0:05:17"
"45\45_04_micro_rebel\full_eval\epoch_0030\images\photo_2013-11-12 16_58_40_to_Hayao.jpg","13314","0.012697","2026/4/6 0:05:13"
"45\45_04_micro_rebel\full_eval\epoch_0030\images\photo_2013-11-12 16_58_40_to_monet.jpg","14294","0.013632","2026/4/6 0:05:14"
"45\45_04_micro_rebel\full_eval\epoch_0030\images\photo_2013-11-12 16_58_40_to_photo.jpg","14651","0.013972","2026/4/6 0:05:12"
"45\45_04_micro_rebel\full_eval\epoch_0030\images\photo_2013-11-12 16_58_40_to_vangogh.jpg","14570","0.013895","2026/4/6 0:05:16"
"45\45_04_micro_rebel\full_eval\epoch_0030\images\photo_2013-11-14 07_04_51_to_cezanne.jpg","14647","0.013968","2026/4/6 0:05:17"
"45\45_04_micro_rebel\full_eval\epoch_0030\images\photo_2013-11-14 07_04_51_to_Hayao.jpg","13459","0.012836","2026/4/6 0:05:13"
"45\45_04_micro_rebel\full_eval\epoch_0030\images\photo_2013-11-14 07_04_51_to_monet.jpg","14299","0.013637","2026/4/6 0:05:14"
"45\45_04_micro_rebel\full_eval\epoch_0030\images\photo_2013-11-14 07_04_51_to_photo.jpg","14615","0.013938","2026/4/6 0:05:12"
"45\45_04_micro_rebel\full_eval\epoch_0030\images\photo_2013-11-14 07_04_51_to_vangogh.jpg","14422","0.013754","2026/4/6 0:05:16"
"45\45_04_micro_rebel\full_eval\epoch_0030\images\photo_2013-11-14 14_11_02_to_cezanne.jpg","16161","0.015412","2026/4/6 0:05:24"
"45\45_04_micro_rebel\full_eval\epoch_0030\images\photo_2013-11-14 14_11_02_to_Hayao.jpg","15434","0.014719","2026/4/6 0:05:20"
"45\45_04_micro_rebel\full_eval\epoch_0030\images\photo_2013-11-14 14_11_02_to_monet.jpg","15919","0.015182","2026/4/6 0:05:22"
"45\45_04_micro_rebel\full_eval\epoch_0030\images\photo_2013-11-14 14_11_02_to_photo.jpg","16462","0.015699","2026/4/6 0:05:19"
"45\45_04_micro_rebel\full_eval\epoch_0030\images\photo_2013-11-14 14_11_02_to_vangogh.jpg","16260","0.015507","2026/4/6 0:05:23"
"45\45_04_micro_rebel\full_eval\epoch_0030\images\photo_2013-11-16 04_17_00_to_cezanne.jpg","14250","0.01359","2026/4/6 0:05:17"
"45\45_04_micro_rebel\full_eval\epoch_0030\images\photo_2013-11-16 04_17_00_to_Hayao.jpg","12787","0.012195","2026/4/6 0:05:13"
"45\45_04_micro_rebel\full_eval\epoch_0030\images\photo_2013-11-16 04_17_00_to_monet.jpg","13906","0.013262","2026/4/6 0:05:14"
"45\45_04_micro_rebel\full_eval\epoch_0030\images\photo_2013-11-16 04_17_00_to_photo.jpg","14006","0.013357","2026/4/6 0:05:12"
"45\45_04_micro_rebel\full_eval\epoch_0030\images\photo_2013-11-16 04_17_00_to_vangogh.jpg","14141","0.013486","2026/4/6 0:05:16"
"45\45_04_micro_rebel\full_eval\epoch_0030\images\photo_2013-11-17 09_05_09_to_cezanne.jpg","15389","0.014676","2026/4/6 0:05:24"
"45\45_04_micro_rebel\full_eval\epoch_0030\images\photo_2013-11-17 09_05_09_to_Hayao.jpg","14488","0.013817","2026/4/6 0:05:20"
"45\45_04_micro_rebel\full_eval\epoch_0030\images\photo_2013-11-17 09_05_09_to_monet.jpg","15090","0.014391","2026/4/6 0:05:22"
"45\45_04_micro_rebel\full_eval\epoch_0030\images\photo_2013-11-17 09_05_09_to_photo.jpg","15478","0.014761","2026/4/6 0:05:19"
"45\45_04_micro_rebel\full_eval\epoch_0030\images\photo_2013-11-17 09_05_09_to_vangogh.jpg","15129","0.014428","2026/4/6 0:05:23"
"45\45_04_micro_rebel\full_eval\epoch_0030\images\photo_2013-11-17 14_54_20_to_cezanne.jpg","15650","0.014925","2026/4/6 0:05:17"
"45\45_04_micro_rebel\full_eval\epoch_0030\images\photo_2013-11-17 14_54_20_to_Hayao.jpg","14427","0.013759","2026/4/6 0:05:13"
"45\45_04_micro_rebel\full_eval\epoch_0030\images\photo_2013-11-17 14_54_20_to_monet.jpg","15683","0.014956","2026/4/6 0:05:14"
"45\45_04_micro_rebel\full_eval\epoch_0030\images\photo_2013-11-17 14_54_20_to_photo.jpg","15979","0.015239","2026/4/6 0:05:12"
"45\45_04_micro_rebel\full_eval\epoch_0030\images\photo_2013-11-17 14_54_20_to_vangogh.jpg","15735","0.015006","2026/4/6 0:05:16"
"45\45_04_micro_rebel\full_eval\epoch_0030\images\photo_2013-11-17 16_40_10_to_cezanne.jpg","15835","0.015101","2026/4/6 0:05:24"
"45\45_04_micro_rebel\full_eval\epoch_0030\images\photo_2013-11-17 16_40_10_to_Hayao.jpg","15257","0.01455","2026/4/6 0:05:20"
"45\45_04_micro_rebel\full_eval\epoch_0030\images\photo_2013-11-17 16_40_10_to_monet.jpg","15936","0.015198","2026/4/6 0:05:22"
"45\45_04_micro_rebel\full_eval\epoch_0030\images\photo_2013-11-17 16_40_10_to_photo.jpg","16475","0.015712","2026/4/6 0:05:19"
"45\45_04_micro_rebel\full_eval\epoch_0030\images\photo_2013-11-17 16_40_10_to_vangogh.jpg","16399","0.015639","2026/4/6 0:05:23"
"45\45_04_micro_rebel\full_eval\epoch_0030\images\photo_2013-11-17 17_36_09_to_cezanne.jpg","15806","0.015074","2026/4/6 0:05:17"
"45\45_04_micro_rebel\full_eval\epoch_0030\images\photo_2013-11-17 17_36_09_to_Hayao.jpg","15224","0.014519","2026/4/6 0:05:13"
"45\45_04_micro_rebel\full_eval\epoch_0030\images\photo_2013-11-17 17_36_09_to_monet.jpg","15850","0.015116","2026/4/6 0:05:14"
"45\45_04_micro_rebel\full_eval\epoch_0030\images\photo_2013-11-17 17_36_09_to_photo.jpg","16289","0.015534","2026/4/6 0:05:12"
"45\45_04_micro_rebel\full_eval\epoch_0030\images\photo_2013-11-17 17_36_09_to_vangogh.jpg","16077","0.015332","2026/4/6 0:05:16"
"45\45_04_micro_rebel\full_eval\epoch_0030\images\photo_2013-11-17 18_08_26_to_cezanne.jpg","15657","0.014932","2026/4/6 0:05:17"
"45\45_04_micro_rebel\full_eval\epoch_0030\images\photo_2013-11-17 18_08_26_to_Hayao.jpg","14923","0.014232","2026/4/6 0:05:13"
"45\45_04_micro_rebel\full_eval\epoch_0030\images\photo_2013-11-17 18_08_26_to_monet.jpg","15733","0.015004","2026/4/6 0:05:14"
"45\45_04_micro_rebel\full_eval\epoch_0030\images\photo_2013-11-17 18_08_26_to_photo.jpg","15980","0.01524","2026/4/6 0:05:12"
"45\45_04_micro_rebel\full_eval\epoch_0030\images\photo_2013-11-17 18_08_26_to_vangogh.jpg","15717","0.014989","2026/4/6 0:05:16"
"45\45_04_micro_rebel\full_eval\epoch_0030\images\photo_2013-11-17 23_58_45_to_cezanne.jpg","15919","0.015182","2026/4/6 0:05:17"
"45\45_04_micro_rebel\full_eval\epoch_0030\images\photo_2013-11-17 23_58_45_to_Hayao.jpg","15318","0.014608","2026/4/6 0:05:13"
"45\45_04_micro_rebel\full_eval\epoch_0030\images\photo_2013-11-17 23_58_45_to_monet.jpg","15974","0.015234","2026/4/6 0:05:14"
"45\45_04_micro_rebel\full_eval\epoch_0030\images\photo_2013-11-17 23_58_45_to_photo.jpg","16407","0.015647","2026/4/6 0:05:12"
"45\45_04_micro_rebel\full_eval\epoch_0030\images\photo_2013-11-17 23_58_45_to_vangogh.jpg","15886","0.01515","2026/4/6 0:05:16"
"45\45_04_micro_rebel\full_eval\epoch_0030\images\photo_2013-11-18 02_42_31_to_cezanne.jpg","15640","0.014915","2026/4/6 0:05:17"
"45\45_04_micro_rebel\full_eval\epoch_0030\images\photo_2013-11-18 02_42_31_to_Hayao.jpg","14966","0.014273","2026/4/6 0:05:13"
"45\45_04_micro_rebel\full_eval\epoch_0030\images\photo_2013-11-18 02_42_31_to_monet.jpg","15705","0.014977","2026/4/6 0:05:14"
"45\45_04_micro_rebel\full_eval\epoch_0030\images\photo_2013-11-18 02_42_31_to_photo.jpg","16203","0.015452","2026/4/6 0:05:12"
"45\45_04_micro_rebel\full_eval\epoch_0030\images\photo_2013-11-18 02_42_31_to_vangogh.jpg","15968","0.015228","2026/4/6 0:05:16"
"45\45_04_micro_rebel\full_eval\epoch_0030\images\photo_2013-11-18 06_58_36_to_cezanne.jpg","14558","0.013884","2026/4/6 0:05:24"
"45\45_04_micro_rebel\full_eval\epoch_0030\images\photo_2013-11-18 06_58_36_to_Hayao.jpg","13675","0.013041","2026/4/6 0:05:20"
"45\45_04_micro_rebel\full_eval\epoch_0030\images\photo_2013-11-18 06_58_36_to_monet.jpg","14260","0.013599","2026/4/6 0:05:22"
"45\45_04_micro_rebel\full_eval\epoch_0030\images\photo_2013-11-18 06_58_36_to_photo.jpg","14470","0.0138","2026/4/6 0:05:19"
"45\45_04_micro_rebel\full_eval\epoch_0030\images\photo_2013-11-18 06_58_36_to_vangogh.jpg","14639","0.013961","2026/4/6 0:05:23"
"45\45_04_micro_rebel\full_eval\epoch_0030\images\photo_2013-11-18 08_52_05_to_cezanne.jpg","15219","0.014514","2026/4/6 0:05:17"
"45\45_04_micro_rebel\full_eval\epoch_0030\images\photo_2013-11-18 08_52_05_to_Hayao.jpg","14252","0.013592","2026/4/6 0:05:13"
"45\45_04_micro_rebel\full_eval\epoch_0030\images\photo_2013-11-18 08_52_05_to_monet.jpg","14870","0.014181","2026/4/6 0:05:14"
"45\45_04_micro_rebel\full_eval\epoch_0030\images\photo_2013-11-18 08_52_05_to_photo.jpg","14906","0.014215","2026/4/6 0:05:12"
"45\45_04_micro_rebel\full_eval\epoch_0030\images\photo_2013-11-18 08_52_05_to_vangogh.jpg","15591","0.014869","2026/4/6 0:05:16"
"45\45_04_micro_rebel\full_eval\epoch_0030\images\photo_2013-11-18 11_46_45_to_cezanne.jpg","14196","0.013538","2026/4/6 0:05:24"
"45\45_04_micro_rebel\full_eval\epoch_0030\images\photo_2013-11-18 11_46_45_to_Hayao.jpg","13193","0.012582","2026/4/6 0:05:20"
"45\45_04_micro_rebel\full_eval\epoch_0030\images\photo_2013-11-18 11_46_45_to_monet.jpg","13996","0.013348","2026/4/6 0:05:22"
"45\45_04_micro_rebel\full_eval\epoch_0030\images\photo_2013-11-18 11_46_45_to_photo.jpg","14244","0.013584","2026/4/6 0:05:19"
"45\45_04_micro_rebel\full_eval\epoch_0030\images\photo_2013-11-18 11_46_45_to_vangogh.jpg","14340","0.013676","2026/4/6 0:05:23"
"45\45_04_micro_rebel\full_eval\epoch_0030\images\photo_2013-11-19 00_58_04_to_cezanne.jpg","15258","0.014551","2026/4/6 0:05:17"
"45\45_04_micro_rebel\full_eval\epoch_0030\images\photo_2013-11-19 00_58_04_to_Hayao.jpg","14077","0.013425","2026/4/6 0:05:13"
"45\45_04_micro_rebel\full_eval\epoch_0030\images\photo_2013-11-19 00_58_04_to_monet.jpg","14653","0.013974","2026/4/6 0:05:14"
"45\45_04_micro_rebel\full_eval\epoch_0030\images\photo_2013-11-19 00_58_04_to_photo.jpg","14652","0.013973","2026/4/6 0:05:12"
"45\45_04_micro_rebel\full_eval\epoch_0030\images\photo_2013-11-19 00_58_04_to_vangogh.jpg","15456","0.01474","2026/4/6 0:05:16"
"45\45_04_micro_rebel\full_eval\epoch_0030\images\photo_2013-11-19 05_01_31_to_cezanne.jpg","14531","0.013858","2026/4/6 0:05:24"
"45\45_04_micro_rebel\full_eval\epoch_0030\images\photo_2013-11-19 05_01_31_to_Hayao.jpg","13644","0.013012","2026/4/6 0:05:20"
"45\45_04_micro_rebel\full_eval\epoch_0030\images\photo_2013-11-19 05_01_31_to_monet.jpg","14330","0.013666","2026/4/6 0:05:22"
"45\45_04_micro_rebel\full_eval\epoch_0030\images\photo_2013-11-19 05_01_31_to_photo.jpg","14585","0.013909","2026/4/6 0:05:19"
"45\45_04_micro_rebel\full_eval\epoch_0030\images\photo_2013-11-19 05_01_31_to_vangogh.jpg","14892","0.014202","2026/4/6 0:05:23"
"45\45_04_micro_rebel\full_eval\epoch_0030\images\photo_2013-11-20 11_21_32_to_cezanne.jpg","15943","0.015204","2026/4/6 0:05:17"
"45\45_04_micro_rebel\full_eval\epoch_0030\images\photo_2013-11-20 11_21_32_to_Hayao.jpg","15013","0.014318","2026/4/6 0:05:13"
"45\45_04_micro_rebel\full_eval\epoch_0030\images\photo_2013-11-20 11_21_32_to_monet.jpg","15838","0.015104","2026/4/6 0:05:14"
"45\45_04_micro_rebel\full_eval\epoch_0030\images\photo_2013-11-20 11_21_32_to_photo.jpg","16190","0.01544","2026/4/6 0:05:12"
"45\45_04_micro_rebel\full_eval\epoch_0030\images\photo_2013-11-20 11_21_32_to_vangogh.jpg","16547","0.01578","2026/4/6 0:05:16"
"45\45_04_micro_rebel\full_eval\epoch_0030\images\photo_2013-11-21 01_47_41_to_cezanne.jpg","14676","0.013996","2026/4/6 0:05:17"
"45\45_04_micro_rebel\full_eval\epoch_0030\images\photo_2013-11-21 01_47_41_to_Hayao.jpg","13497","0.012872","2026/4/6 0:05:13"
"45\45_04_micro_rebel\full_eval\epoch_0030\images\photo_2013-11-21 01_47_41_to_monet.jpg","14182","0.013525","2026/4/6 0:05:14"
"45\45_04_micro_rebel\full_eval\epoch_0030\images\photo_2013-11-21 01_47_41_to_photo.jpg","14264","0.013603","2026/4/6 0:05:12"
"45\45_04_micro_rebel\full_eval\epoch_0030\images\photo_2013-11-21 01_47_41_to_vangogh.jpg","14645","0.013967","2026/4/6 0:05:16"
"45\45_04_micro_rebel\full_eval\epoch_0030\images\photo_2013-11-21 05_56_32_to_cezanne.jpg","13352","0.012733","2026/4/6 0:05:17"
"45\45_04_micro_rebel\full_eval\epoch_0030\images\photo_2013-11-21 05_56_32_to_Hayao.jpg","12207","0.011642","2026/4/6 0:05:13"
"45\45_04_micro_rebel\full_eval\epoch_0030\images\photo_2013-11-21 05_56_32_to_monet.jpg","13004","0.012402","2026/4/6 0:05:14"
"45\45_04_micro_rebel\full_eval\epoch_0030\images\photo_2013-11-21 05_56_32_to_photo.jpg","13341","0.012723","2026/4/6 0:05:12"
"45\45_04_micro_rebel\full_eval\epoch_0030\images\photo_2013-11-21 05_56_32_to_vangogh.jpg","13200","0.012589","2026/4/6 0:05:16"
"45\45_04_micro_rebel\full_eval\epoch_0030\images\photo_2013-11-21 17_44_44_to_cezanne.jpg","15562","0.014841","2026/4/6 0:05:24"
"45\45_04_micro_rebel\full_eval\epoch_0030\images\photo_2013-11-21 17_44_44_to_Hayao.jpg","14597","0.013921","2026/4/6 0:05:20"
"45\45_04_micro_rebel\full_eval\epoch_0030\images\photo_2013-11-21 17_44_44_to_monet.jpg","15459","0.014743","2026/4/6 0:05:22"
"45\45_04_micro_rebel\full_eval\epoch_0030\images\photo_2013-11-21 17_44_44_to_photo.jpg","15660","0.014935","2026/4/6 0:05:19"
"45\45_04_micro_rebel\full_eval\epoch_0030\images\photo_2013-11-21 17_44_44_to_vangogh.jpg","15541","0.014821","2026/4/6 0:05:23"
"45\45_04_micro_rebel\full_eval\epoch_0030\images\photo_2013-11-22 14_12_35_to_cezanne.jpg","14636","0.013958","2026/4/6 0:05:24"
"45\45_04_micro_rebel\full_eval\epoch_0030\images\photo_2013-11-22 14_12_35_to_Hayao.jpg","14005","0.013356","2026/4/6 0:05:20"
"45\45_04_micro_rebel\full_eval\epoch_0030\images\photo_2013-11-22 14_12_35_to_monet.jpg","14478","0.013807","2026/4/6 0:05:22"
"45\45_04_micro_rebel\full_eval\epoch_0030\images\photo_2013-11-22 14_12_35_to_photo.jpg","14635","0.013957","2026/4/6 0:05:19"
"45\45_04_micro_rebel\full_eval\epoch_0030\images\photo_2013-11-22 14_12_35_to_vangogh.jpg","14720","0.014038","2026/4/6 0:05:23"
"45\45_04_micro_rebel\full_eval\epoch_0030\images\photo_2013-11-22 14_15_50_to_cezanne.jpg","15534","0.014814","2026/4/6 0:05:24"
"45\45_04_micro_rebel\full_eval\epoch_0030\images\photo_2013-11-22 14_15_50_to_Hayao.jpg","14725","0.014043","2026/4/6 0:05:20"
"45\45_04_micro_rebel\full_eval\epoch_0030\images\photo_2013-11-22 14_15_50_to_monet.jpg","15389","0.014676","2026/4/6 0:05:22"
"45\45_04_micro_rebel\full_eval\epoch_0030\images\photo_2013-11-22 14_15_50_to_photo.jpg","15593","0.014871","2026/4/6 0:05:19"
"45\45_04_micro_rebel\full_eval\epoch_0030\images\photo_2013-11-22 14_15_50_to_vangogh.jpg","15332","0.014622","2026/4/6 0:05:23"
"45\45_04_micro_rebel\full_eval\epoch_0030\images\photo_2013-11-23 13_03_15_to_cezanne.jpg","15500","0.014782","2026/4/6 0:05:17"
"45\45_04_micro_rebel\full_eval\epoch_0030\images\photo_2013-11-23 13_03_15_to_Hayao.jpg","14372","0.013706","2026/4/6 0:05:13"
"45\45_04_micro_rebel\full_eval\epoch_0030\images\photo_2013-11-23 13_03_15_to_monet.jpg","15330","0.01462","2026/4/6 0:05:14"
"45\45_04_micro_rebel\full_eval\epoch_0030\images\photo_2013-11-23 13_03_15_to_photo.jpg","15560","0.014839","2026/4/6 0:05:12"
"45\45_04_micro_rebel\full_eval\epoch_0030\images\photo_2013-11-23 13_03_15_to_vangogh.jpg","15536","0.014816","2026/4/6 0:05:16"
"45\45_04_micro_rebel\full_eval\epoch_0030\images\photo_2013-11-25 10_46_18_to_cezanne.jpg","14641","0.013963","2026/4/6 0:05:24"
"45\45_04_micro_rebel\full_eval\epoch_0030\images\photo_2013-11-25 10_46_18_to_Hayao.jpg","12909","0.012311","2026/4/6 0:05:20"
"45\45_04_micro_rebel\full_eval\epoch_0030\images\photo_2013-11-25 10_46_18_to_monet.jpg","14380","0.013714","2026/4/6 0:05:22"
"45\45_04_micro_rebel\full_eval\epoch_0030\images\photo_2013-11-25 10_46_18_to_photo.jpg","14480","0.013809","2026/4/6 0:05:19"
"45\45_04_micro_rebel\full_eval\epoch_0030\images\photo_2013-11-25 10_46_18_to_vangogh.jpg","14470","0.0138","2026/4/6 0:05:23"
"45\45_04_micro_rebel\full_eval\epoch_0030\images\vangogh_00005_to_cezanne.jpg","16346","0.015589","2026/4/6 0:05:53"
"45\45_04_micro_rebel\full_eval\epoch_0030\images\vangogh_00005_to_Hayao.jpg","15255","0.014548","2026/4/6 0:05:49"
"45\45_04_micro_rebel\full_eval\epoch_0030\images\vangogh_00005_to_monet.jpg","15942","0.015203","2026/4/6 0:05:50"
"45\45_04_micro_rebel\full_eval\epoch_0030\images\vangogh_00005_to_photo.jpg","16389","0.01563","2026/4/6 0:05:47"
"45\45_04_micro_rebel\full_eval\epoch_0030\images\vangogh_00005_to_vangogh.jpg","16197","0.015447","2026/4/6 0:05:51"
"45\45_04_micro_rebel\full_eval\epoch_0030\images\vangogh_00090_to_cezanne.jpg","15876","0.015141","2026/4/6 0:05:53"
"45\45_04_micro_rebel\full_eval\epoch_0030\images\vangogh_00090_to_Hayao.jpg","14891","0.014201","2026/4/6 0:05:49"
"45\45_04_micro_rebel\full_eval\epoch_0030\images\vangogh_00090_to_monet.jpg","15709","0.014981","2026/4/6 0:05:50"
"45\45_04_micro_rebel\full_eval\epoch_0030\images\vangogh_00090_to_photo.jpg","15977","0.015237","2026/4/6 0:05:47"
"45\45_04_micro_rebel\full_eval\epoch_0030\images\vangogh_00090_to_vangogh.jpg","16083","0.015338","2026/4/6 0:05:51"
"45\45_04_micro_rebel\full_eval\epoch_0030\images\vangogh_00098_to_cezanne.jpg","16001","0.01526","2026/4/6 0:05:46"
"45\45_04_micro_rebel\full_eval\epoch_0030\images\vangogh_00098_to_Hayao.jpg","15390","0.014677","2026/4/6 0:05:42"
"45\45_04_micro_rebel\full_eval\epoch_0030\images\vangogh_00098_to_monet.jpg","16235","0.015483","2026/4/6 0:05:43"
"45\45_04_micro_rebel\full_eval\epoch_0030\images\vangogh_00098_to_photo.jpg","16396","0.015636","2026/4/6 0:05:40"
"45\45_04_micro_rebel\full_eval\epoch_0030\images\vangogh_00098_to_vangogh.jpg","16648","0.015877","2026/4/6 0:05:44"
"45\45_04_micro_rebel\full_eval\epoch_0030\images\vangogh_00163_to_cezanne.jpg","14281","0.013619","2026/4/6 0:05:46"
"45\45_04_micro_rebel\full_eval\epoch_0030\images\vangogh_00163_to_Hayao.jpg","12757","0.012166","2026/4/6 0:05:42"
"45\45_04_micro_rebel\full_eval\epoch_0030\images\vangogh_00163_to_monet.jpg","14008","0.013359","2026/4/6 0:05:43"
"45\45_04_micro_rebel\full_eval\epoch_0030\images\vangogh_00163_to_photo.jpg","14485","0.013814","2026/4/6 0:05:40"
"45\45_04_micro_rebel\full_eval\epoch_0030\images\vangogh_00163_to_vangogh.jpg","14225","0.013566","2026/4/6 0:05:44"
"45\45_04_micro_rebel\full_eval\epoch_0030\images\vangogh_00167_to_cezanne.jpg","14317","0.013654","2026/4/6 0:05:53"
"45\45_04_micro_rebel\full_eval\epoch_0030\images\vangogh_00167_to_Hayao.jpg","13141","0.012532","2026/4/6 0:05:49"
"45\45_04_micro_rebel\full_eval\epoch_0030\images\vangogh_00167_to_monet.jpg","14053","0.013402","2026/4/6 0:05:50"
"45\45_04_micro_rebel\full_eval\epoch_0030\images\vangogh_00167_to_photo.jpg","14406","0.013739","2026/4/6 0:05:47"
"45\45_04_micro_rebel\full_eval\epoch_0030\images\vangogh_00167_to_vangogh.jpg","14435","0.013766","2026/4/6 0:05:51"
"45\45_04_micro_rebel\full_eval\epoch_0030\images\vangogh_00169_to_cezanne.jpg","17163","0.016368","2026/4/6 0:05:46"
"45\45_04_micro_rebel\full_eval\epoch_0030\images\vangogh_00169_to_Hayao.jpg","16244","0.015491","2026/4/6 0:05:42"
"45\45_04_micro_rebel\full_eval\epoch_0030\images\vangogh_00169_to_monet.jpg","17229","0.016431","2026/4/6 0:05:43"
"45\45_04_micro_rebel\full_eval\epoch_0030\images\vangogh_00169_to_photo.jpg","17600","0.016785","2026/4/6 0:05:40"
"45\45_04_micro_rebel\full_eval\epoch_0030\images\vangogh_00169_to_vangogh.jpg","17302","0.0165","2026/4/6 0:05:44"
"45\45_04_micro_rebel\full_eval\epoch_0030\images\vangogh_00177_to_cezanne.jpg","16032","0.015289","2026/4/6 0:05:53"
"45\45_04_micro_rebel\full_eval\epoch_0030\images\vangogh_00177_to_Hayao.jpg","15014","0.014318","2026/4/6 0:05:49"
"45\45_04_micro_rebel\full_eval\epoch_0030\images\vangogh_00177_to_monet.jpg","16084","0.015339","2026/4/6 0:05:50"
"45\45_04_micro_rebel\full_eval\epoch_0030\images\vangogh_00177_to_photo.jpg","16347","0.01559","2026/4/6 0:05:47"
"45\45_04_micro_rebel\full_eval\epoch_0030\images\vangogh_00177_to_vangogh.jpg","15962","0.015223","2026/4/6 0:05:51"
"45\45_04_micro_rebel\full_eval\epoch_0030\images\vangogh_00202_to_cezanne.jpg","16975","0.016189","2026/4/6 0:05:46"
"45\45_04_micro_rebel\full_eval\epoch_0030\images\vangogh_00202_to_Hayao.jpg","16181","0.015431","2026/4/6 0:05:42"
"45\45_04_micro_rebel\full_eval\epoch_0030\images\vangogh_00202_to_monet.jpg","16858","0.016077","2026/4/6 0:05:43"
"45\45_04_micro_rebel\full_eval\epoch_0030\images\vangogh_00202_to_photo.jpg","16977","0.016191","2026/4/6 0:05:40"
"45\45_04_micro_rebel\full_eval\epoch_0030\images\vangogh_00202_to_vangogh.jpg","17072","0.016281","2026/4/6 0:05:44"
"45\45_04_micro_rebel\full_eval\epoch_0030\images\vangogh_00220_to_cezanne.jpg","16265","0.015512","2026/4/6 0:05:53"
"45\45_04_micro_rebel\full_eval\epoch_0030\images\vangogh_00220_to_Hayao.jpg","15108","0.014408","2026/4/6 0:05:49"
"45\45_04_micro_rebel\full_eval\epoch_0030\images\vangogh_00220_to_monet.jpg","15909","0.015172","2026/4/6 0:05:50"
"45\45_04_micro_rebel\full_eval\epoch_0030\images\vangogh_00220_to_photo.jpg","16240","0.015488","2026/4/6 0:05:47"
"45\45_04_micro_rebel\full_eval\epoch_0030\images\vangogh_00220_to_vangogh.jpg","16117","0.01537","2026/4/6 0:05:51"
"45\45_04_micro_rebel\full_eval\epoch_0030\images\vangogh_00243_to_cezanne.jpg","16334","0.015577","2026/4/6 0:05:46"
"45\45_04_micro_rebel\full_eval\epoch_0030\images\vangogh_00243_to_Hayao.jpg","15033","0.014337","2026/4/6 0:05:42"
"45\45_04_micro_rebel\full_eval\epoch_0030\images\vangogh_00243_to_monet.jpg","15986","0.015245","2026/4/6 0:05:43"
"45\45_04_micro_rebel\full_eval\epoch_0030\images\vangogh_00243_to_photo.jpg","16657","0.015885","2026/4/6 0:05:40"
"45\45_04_micro_rebel\full_eval\epoch_0030\images\vangogh_00243_to_vangogh.jpg","16730","0.015955","2026/4/6 0:05:44"
"45\45_04_micro_rebel\full_eval\epoch_0030\images\vangogh_00264_to_cezanne.jpg","16358","0.0156","2026/4/6 0:05:53"
"45\45_04_micro_rebel\full_eval\epoch_0030\images\vangogh_00264_to_Hayao.jpg","15606","0.014883","2026/4/6 0:05:49"
"45\45_04_micro_rebel\full_eval\epoch_0030\images\vangogh_00264_to_monet.jpg","16380","0.015621","2026/4/6 0:05:50"
"45\45_04_micro_rebel\full_eval\epoch_0030\images\vangogh_00264_to_photo.jpg","16709","0.015935","2026/4/6 0:05:47"
"45\45_04_micro_rebel\full_eval\epoch_0030\images\vangogh_00264_to_vangogh.jpg","16247","0.015494","2026/4/6 0:05:51"
"45\45_04_micro_rebel\full_eval\epoch_0030\images\vangogh_00272_to_cezanne.jpg","15877","0.015141","2026/4/6 0:05:53"
"45\45_04_micro_rebel\full_eval\epoch_0030\images\vangogh_00272_to_Hayao.jpg","14615","0.013938","2026/4/6 0:05:49"
"45\45_04_micro_rebel\full_eval\epoch_0030\images\vangogh_00272_to_monet.jpg","15060","0.014362","2026/4/6 0:05:50"
"45\45_04_micro_rebel\full_eval\epoch_0030\images\vangogh_00272_to_photo.jpg","15876","0.015141","2026/4/6 0:05:47"
"45\45_04_micro_rebel\full_eval\epoch_0030\images\vangogh_00272_to_vangogh.jpg","15516","0.014797","2026/4/6 0:05:51"
"45\45_04_micro_rebel\full_eval\epoch_0030\images\vangogh_00277_to_cezanne.jpg","14512","0.01384","2026/4/6 0:05:53"
"45\45_04_micro_rebel\full_eval\epoch_0030\images\vangogh_00277_to_Hayao.jpg","13609","0.012979","2026/4/6 0:05:49"
"45\45_04_micro_rebel\full_eval\epoch_0030\images\vangogh_00277_to_monet.jpg","14632","0.013954","2026/4/6 0:05:50"
"45\45_04_micro_rebel\full_eval\epoch_0030\images\vangogh_00277_to_photo.jpg","14802","0.014116","2026/4/6 0:05:47"
"45\45_04_micro_rebel\full_eval\epoch_0030\images\vangogh_00277_to_vangogh.jpg","14681","0.014001","2026/4/6 0:05:51"
"45\45_04_micro_rebel\full_eval\epoch_0030\images\vangogh_00289_to_cezanne.jpg","16551","0.015784","2026/4/6 0:05:46"
"45\45_04_micro_rebel\full_eval\epoch_0030\images\vangogh_00289_to_Hayao.jpg","16020","0.015278","2026/4/6 0:05:42"
"45\45_04_micro_rebel\full_eval\epoch_0030\images\vangogh_00289_to_monet.jpg","16489","0.015725","2026/4/6 0:05:43"
"45\45_04_micro_rebel\full_eval\epoch_0030\images\vangogh_00289_to_photo.jpg","16867","0.016086","2026/4/6 0:05:40"
"45\45_04_micro_rebel\full_eval\epoch_0030\images\vangogh_00289_to_vangogh.jpg","16938","0.016153","2026/4/6 0:05:44"
"45\45_04_micro_rebel\full_eval\epoch_0030\images\vangogh_00292_to_cezanne.jpg","15133","0.014432","2026/4/6 0:05:53"
"45\45_04_micro_rebel\full_eval\epoch_0030\images\vangogh_00292_to_Hayao.jpg","14173","0.013516","2026/4/6 0:05:49"
"45\45_04_micro_rebel\full_eval\epoch_0030\images\vangogh_00292_to_monet.jpg","14990","0.014296","2026/4/6 0:05:50"
"45\45_04_micro_rebel\full_eval\epoch_0030\images\vangogh_00292_to_photo.jpg","15320","0.01461","2026/4/6 0:05:47"
"45\45_04_micro_rebel\full_eval\epoch_0030\images\vangogh_00292_to_vangogh.jpg","15569","0.014848","2026/4/6 0:05:51"
"45\45_04_micro_rebel\full_eval\epoch_0030\images\vangogh_00295_to_cezanne.jpg","16867","0.016086","2026/4/6 0:05:46"
"45\45_04_micro_rebel\full_eval\epoch_0030\images\vangogh_00295_to_Hayao.jpg","15543","0.014823","2026/4/6 0:05:42"
"45\45_04_micro_rebel\full_eval\epoch_0030\images\vangogh_00295_to_monet.jpg","16601","0.015832","2026/4/6 0:05:43"
"45\45_04_micro_rebel\full_eval\epoch_0030\images\vangogh_00295_to_photo.jpg","17036","0.016247","2026/4/6 0:05:40"
"45\45_04_micro_rebel\full_eval\epoch_0030\images\vangogh_00295_to_vangogh.jpg","16919","0.016135","2026/4/6 0:05:44"
"45\45_04_micro_rebel\full_eval\epoch_0030\images\vangogh_00321_to_cezanne.jpg","16945","0.01616","2026/4/6 0:05:46"
"45\45_04_micro_rebel\full_eval\epoch_0030\images\vangogh_00321_to_Hayao.jpg","16000","0.015259","2026/4/6 0:05:42"
"45\45_04_micro_rebel\full_eval\epoch_0030\images\vangogh_00321_to_monet.jpg","16754","0.015978","2026/4/6 0:05:43"
"45\45_04_micro_rebel\full_eval\epoch_0030\images\vangogh_00321_to_photo.jpg","17328","0.016525","2026/4/6 0:05:40"
"45\45_04_micro_rebel\full_eval\epoch_0030\images\vangogh_00321_to_vangogh.jpg","16904","0.016121","2026/4/6 0:05:44"
"45\45_04_micro_rebel\full_eval\epoch_0030\images\vangogh_00352_to_cezanne.jpg","15561","0.01484","2026/4/6 0:05:53"
"45\45_04_micro_rebel\full_eval\epoch_0030\images\vangogh_00352_to_Hayao.jpg","14800","0.014114","2026/4/6 0:05:49"
"45\45_04_micro_rebel\full_eval\epoch_0030\images\vangogh_00352_to_monet.jpg","15622","0.014898","2026/4/6 0:05:50"
"45\45_04_micro_rebel\full_eval\epoch_0030\images\vangogh_00352_to_photo.jpg","16131","0.015384","2026/4/6 0:05:47"
"45\45_04_micro_rebel\full_eval\epoch_0030\images\vangogh_00352_to_vangogh.jpg","15885","0.015149","2026/4/6 0:05:51"
"45\45_04_micro_rebel\full_eval\epoch_0030\images\vangogh_00412_to_cezanne.jpg","15915","0.015178","2026/4/6 0:05:46"
"45\45_04_micro_rebel\full_eval\epoch_0030\images\vangogh_00412_to_Hayao.jpg","15112","0.014412","2026/4/6 0:05:42"
"45\45_04_micro_rebel\full_eval\epoch_0030\images\vangogh_00412_to_monet.jpg","15728","0.014999","2026/4/6 0:05:43"
"45\45_04_micro_rebel\full_eval\epoch_0030\images\vangogh_00412_to_photo.jpg","16042","0.015299","2026/4/6 0:05:40"
"45\45_04_micro_rebel\full_eval\epoch_0030\images\vangogh_00412_to_vangogh.jpg","16010","0.015268","2026/4/6 0:05:44"
"45\45_04_micro_rebel\full_eval\epoch_0030\images\vangogh_00418_to_cezanne.jpg","17195","0.016398","2026/4/6 0:05:53"
"45\45_04_micro_rebel\full_eval\epoch_0030\images\vangogh_00418_to_Hayao.jpg","16665","0.015893","2026/4/6 0:05:49"
"45\45_04_micro_rebel\full_eval\epoch_0030\images\vangogh_00418_to_monet.jpg","17453","0.016644","2026/4/6 0:05:50"
"45\45_04_micro_rebel\full_eval\epoch_0030\images\vangogh_00418_to_photo.jpg","17611","0.016795","2026/4/6 0:05:47"
"45\45_04_micro_rebel\full_eval\epoch_0030\images\vangogh_00418_to_vangogh.jpg","17407","0.016601","2026/4/6 0:05:51"
"45\45_04_micro_rebel\full_eval\epoch_0030\images\vangogh_00427_to_cezanne.jpg","16980","0.016193","2026/4/6 0:05:53"
"45\45_04_micro_rebel\full_eval\epoch_0030\images\vangogh_00427_to_Hayao.jpg","16470","0.015707","2026/4/6 0:05:49"
"45\45_04_micro_rebel\full_eval\epoch_0030\images\vangogh_00427_to_monet.jpg","17035","0.016246","2026/4/6 0:05:50"
"45\45_04_micro_rebel\full_eval\epoch_0030\images\vangogh_00427_to_photo.jpg","17320","0.016518","2026/4/6 0:05:47"
"45\45_04_micro_rebel\full_eval\epoch_0030\images\vangogh_00427_to_vangogh.jpg","17445","0.016637","2026/4/6 0:05:51"
"45\45_04_micro_rebel\full_eval\epoch_0030\images\vangogh_00436_to_cezanne.jpg","17089","0.016297","2026/4/6 0:05:53"
"45\45_04_micro_rebel\full_eval\epoch_0030\images\vangogh_00436_to_Hayao.jpg","16126","0.015379","2026/4/6 0:05:49"
"45\45_04_micro_rebel\full_eval\epoch_0030\images\vangogh_00436_to_monet.jpg","17149","0.016355","2026/4/6 0:05:50"
"45\45_04_micro_rebel\full_eval\epoch_0030\images\vangogh_00436_to_photo.jpg","17378","0.016573","2026/4/6 0:05:47"
"45\45_04_micro_rebel\full_eval\epoch_0030\images\vangogh_00436_to_vangogh.jpg","17552","0.016739","2026/4/6 0:05:51"
"45\45_04_micro_rebel\full_eval\epoch_0030\images\vangogh_00455_to_cezanne.jpg","16675","0.015903","2026/4/6 0:05:53"
"45\45_04_micro_rebel\full_eval\epoch_0030\images\vangogh_00455_to_Hayao.jpg","15824","0.015091","2026/4/6 0:05:49"
"45\45_04_micro_rebel\full_eval\epoch_0030\images\vangogh_00455_to_monet.jpg","16516","0.015751","2026/4/6 0:05:50"
"45\45_04_micro_rebel\full_eval\epoch_0030\images\vangogh_00455_to_photo.jpg","17042","0.016253","2026/4/6 0:05:47"
"45\45_04_micro_rebel\full_eval\epoch_0030\images\vangogh_00455_to_vangogh.jpg","17321","0.016519","2026/4/6 0:05:51"
"45\45_04_micro_rebel\full_eval\epoch_0030\images\vangogh_00519_to_cezanne.jpg","16830","0.01605","2026/4/6 0:05:53"
"45\45_04_micro_rebel\full_eval\epoch_0030\images\vangogh_00519_to_Hayao.jpg","16252","0.015499","2026/4/6 0:05:49"
"45\45_04_micro_rebel\full_eval\epoch_0030\images\vangogh_00519_to_monet.jpg","17039","0.01625","2026/4/6 0:05:50"
"45\45_04_micro_rebel\full_eval\epoch_0030\images\vangogh_00519_to_photo.jpg","17432","0.016624","2026/4/6 0:05:47"
"45\45_04_micro_rebel\full_eval\epoch_0030\images\vangogh_00519_to_vangogh.jpg","17073","0.016282","2026/4/6 0:05:51"
"45\45_04_micro_rebel\full_eval\epoch_0030\images\vangogh_00528_to_cezanne.jpg","14510","0.013838","2026/4/6 0:05:53"
"45\45_04_micro_rebel\full_eval\epoch_0030\images\vangogh_00528_to_Hayao.jpg","13450","0.012827","2026/4/6 0:05:49"
"45\45_04_micro_rebel\full_eval\epoch_0030\images\vangogh_00528_to_monet.jpg","14364","0.013699","2026/4/6 0:05:50"
"45\45_04_micro_rebel\full_eval\epoch_0030\images\vangogh_00528_to_photo.jpg","14849","0.014161","2026/4/6 0:05:47"
"45\45_04_micro_rebel\full_eval\epoch_0030\images\vangogh_00528_to_vangogh.jpg","14792","0.014107","2026/4/6 0:05:51"
"45\45_04_micro_rebel\full_eval\epoch_0030\images\vangogh_00557_to_cezanne.jpg","16162","0.015413","2026/4/6 0:05:53"
"45\45_04_micro_rebel\full_eval\epoch_0030\images\vangogh_00557_to_Hayao.jpg","15650","0.014925","2026/4/6 0:05:49"
"45\45_04_micro_rebel\full_eval\epoch_0030\images\vangogh_00557_to_monet.jpg","16209","0.015458","2026/4/6 0:05:50"
"45\45_04_micro_rebel\full_eval\epoch_0030\images\vangogh_00557_to_photo.jpg","16563","0.015796","2026/4/6 0:05:47"
"45\45_04_micro_rebel\full_eval\epoch_0030\images\vangogh_00557_to_vangogh.jpg","16358","0.0156","2026/4/6 0:05:51"
"45\45_04_micro_rebel\full_eval\epoch_0030\images\vangogh_00561_to_cezanne.jpg","15696","0.014969","2026/4/6 0:05:53"
"45\45_04_micro_rebel\full_eval\epoch_0030\images\vangogh_00561_to_Hayao.jpg","14701","0.01402","2026/4/6 0:05:49"
"45\45_04_micro_rebel\full_eval\epoch_0030\images\vangogh_00561_to_monet.jpg","15656","0.014931","2026/4/6 0:05:50"
"45\45_04_micro_rebel\full_eval\epoch_0030\images\vangogh_00561_to_photo.jpg","15972","0.015232","2026/4/6 0:05:47"
"45\45_04_micro_rebel\full_eval\epoch_0030\images\vangogh_00561_to_vangogh.jpg","15851","0.015117","2026/4/6 0:05:51"
"45\45_04_micro_rebel\full_eval\epoch_0030\images\vangogh_00573_to_cezanne.jpg","17443","0.016635","2026/4/6 0:05:53"
"45\45_04_micro_rebel\full_eval\epoch_0030\images\vangogh_00573_to_Hayao.jpg","16789","0.016011","2026/4/6 0:05:49"
"45\45_04_micro_rebel\full_eval\epoch_0030\images\vangogh_00573_to_monet.jpg","17573","0.016759","2026/4/6 0:05:50"
"45\45_04_micro_rebel\full_eval\epoch_0030\images\vangogh_00573_to_photo.jpg","17904","0.017075","2026/4/6 0:05:47"
"45\45_04_micro_rebel\full_eval\epoch_0030\images\vangogh_00573_to_vangogh.jpg","17749","0.016927","2026/4/6 0:05:51"
"45\45_04_micro_rebel\full_eval\epoch_0030\images\vangogh_00668_to_cezanne.jpg","18024","0.017189","2026/4/6 0:05:46"
"45\45_04_micro_rebel\full_eval\epoch_0030\images\vangogh_00668_to_Hayao.jpg","17466","0.016657","2026/4/6 0:05:42"
"45\45_04_micro_rebel\full_eval\epoch_0030\images\vangogh_00668_to_monet.jpg","18247","0.017402","2026/4/6 0:05:43"
"45\45_04_micro_rebel\full_eval\epoch_0030\images\vangogh_00668_to_photo.jpg","18559","0.017699","2026/4/6 0:05:40"
"45\45_04_micro_rebel\full_eval\epoch_0030\images\vangogh_00668_to_vangogh.jpg","18711","0.017844","2026/4/6 0:05:44"
"45\45_04_micro_rebel\full_eval\epoch_0030\images\vangogh_00681_to_cezanne.jpg","17365","0.016561","2026/4/6 0:05:53"
"45\45_04_micro_rebel\full_eval\epoch_0030\images\vangogh_00681_to_Hayao.jpg","16177","0.015428","2026/4/6 0:05:49"
"45\45_04_micro_rebel\full_eval\epoch_0030\images\vangogh_00681_to_monet.jpg","17021","0.016232","2026/4/6 0:05:50"
"45\45_04_micro_rebel\full_eval\epoch_0030\images\vangogh_00681_to_photo.jpg","17554","0.016741","2026/4/6 0:05:47"
"45\45_04_micro_rebel\full_eval\epoch_0030\images\vangogh_00681_to_vangogh.jpg","17332","0.016529","2026/4/6 0:05:51"
"45\45_04_micro_rebel\full_eval\epoch_0030_tokenized_distill_epochs200\metrics.csv","97592","0.093071","2026/4/6 0:10:18"
"45\45_04_micro_rebel\full_eval\epoch_0030_tokenized_distill_epochs200\summary.json","20454","0.019506","2026/4/6 0:10:19"
"45\45_04_micro_rebel\full_eval\epoch_0030_tokenized_distill_epochs200\summary_grid.png","3088036","2.944981","2026/4/6 0:10:21"
"45\45_04_micro_rebel\full_eval\epoch_0030_tokenized_distill_epochs200\images\cezanne_00057_to_cezanne.jpg","15849","0.015115","2026/4/6 0:09:52"
"45\45_04_micro_rebel\full_eval\epoch_0030_tokenized_distill_epochs200\images\cezanne_00057_to_Hayao.jpg","15171","0.014468","2026/4/6 0:09:52"
"45\45_04_micro_rebel\full_eval\epoch_0030_tokenized_distill_epochs200\images\cezanne_00057_to_monet.jpg","15925","0.015187","2026/4/6 0:09:52"
"45\45_04_micro_rebel\full_eval\epoch_0030_tokenized_distill_epochs200\images\cezanne_00057_to_photo.jpg","15960","0.015221","2026/4/6 0:09:51"
"45\45_04_micro_rebel\full_eval\epoch_0030_tokenized_distill_epochs200\images\cezanne_00057_to_vangogh.jpg","15953","0.015214","2026/4/6 0:09:52"
"45\45_04_micro_rebel\full_eval\epoch_0030_tokenized_distill_epochs200\images\cezanne_00104_to_cezanne.jpg","15675","0.014949","2026/4/6 0:09:51"
"45\45_04_micro_rebel\full_eval\epoch_0030_tokenized_distill_epochs200\images\cezanne_00104_to_Hayao.jpg","15251","0.014544","2026/4/6 0:09:50"
"45\45_04_micro_rebel\full_eval\epoch_0030_tokenized_distill_epochs200\images\cezanne_00104_to_monet.jpg","15678","0.014952","2026/4/6 0:09:51"
"45\45_04_micro_rebel\full_eval\epoch_0030_tokenized_distill_epochs200\images\cezanne_00104_to_photo.jpg","16094","0.015348","2026/4/6 0:09:50"
"45\45_04_micro_rebel\full_eval\epoch_0030_tokenized_distill_epochs200\images\cezanne_00104_to_vangogh.jpg","15782","0.015051","2026/4/6 0:09:51"
"45\45_04_micro_rebel\full_eval\epoch_0030_tokenized_distill_epochs200\images\cezanne_00123_to_cezanne.jpg","16440","0.015678","2026/4/6 0:09:49"
"45\45_04_micro_rebel\full_eval\epoch_0030_tokenized_distill_epochs200\images\cezanne_00123_to_Hayao.jpg","15767","0.015037","2026/4/6 0:09:48"
"45\45_04_micro_rebel\full_eval\epoch_0030_tokenized_distill_epochs200\images\cezanne_00123_to_monet.jpg","16194","0.015444","2026/4/6 0:09:48"
"45\45_04_micro_rebel\full_eval\epoch_0030_tokenized_distill_epochs200\images\cezanne_00123_to_photo.jpg","16663","0.015891","2026/4/6 0:09:48"
"45\45_04_micro_rebel\full_eval\epoch_0030_tokenized_distill_epochs200\images\cezanne_00123_to_vangogh.jpg","16550","0.015783","2026/4/6 0:09:49"
"45\45_04_micro_rebel\full_eval\epoch_0030_tokenized_distill_epochs200\images\cezanne_00204_to_cezanne.jpg","16268","0.015514","2026/4/6 0:09:49"
"45\45_04_micro_rebel\full_eval\epoch_0030_tokenized_distill_epochs200\images\cezanne_00204_to_Hayao.jpg","15479","0.014762","2026/4/6 0:09:48"
"45\45_04_micro_rebel\full_eval\epoch_0030_tokenized_distill_epochs200\images\cezanne_00204_to_monet.jpg","16278","0.015524","2026/4/6 0:09:48"
"45\45_04_micro_rebel\full_eval\epoch_0030_tokenized_distill_epochs200\images\cezanne_00204_to_photo.jpg","16531","0.015765","2026/4/6 0:09:48"
"45\45_04_micro_rebel\full_eval\epoch_0030_tokenized_distill_epochs200\images\cezanne_00204_to_vangogh.jpg","16184","0.015434","2026/4/6 0:09:49"
"45\45_04_micro_rebel\full_eval\epoch_0030_tokenized_distill_epochs200\images\cezanne_00212_to_cezanne.jpg","15651","0.014926","2026/4/6 0:09:52"
"45\45_04_micro_rebel\full_eval\epoch_0030_tokenized_distill_epochs200\images\cezanne_00212_to_Hayao.jpg","15003","0.014308","2026/4/6 0:09:52"
"45\45_04_micro_rebel\full_eval\epoch_0030_tokenized_distill_epochs200\images\cezanne_00212_to_monet.jpg","15503","0.014785","2026/4/6 0:09:52"
"45\45_04_micro_rebel\full_eval\epoch_0030_tokenized_distill_epochs200\images\cezanne_00212_to_photo.jpg","15772","0.015041","2026/4/6 0:09:51"
"45\45_04_micro_rebel\full_eval\epoch_0030_tokenized_distill_epochs200\images\cezanne_00212_to_vangogh.jpg","15666","0.01494","2026/4/6 0:09:52"
"45\45_04_micro_rebel\full_eval\epoch_0030_tokenized_distill_epochs200\images\cezanne_00219_to_cezanne.jpg","16093","0.015347","2026/4/6 0:09:48"
"45\45_04_micro_rebel\full_eval\epoch_0030_tokenized_distill_epochs200\images\cezanne_00219_to_Hayao.jpg","15274","0.014566","2026/4/6 0:09:47"
"45\45_04_micro_rebel\full_eval\epoch_0030_tokenized_distill_epochs200\images\cezanne_00219_to_monet.jpg","16232","0.01548","2026/4/6 0:09:47"
"45\45_04_micro_rebel\full_eval\epoch_0030_tokenized_distill_epochs200\images\cezanne_00219_to_photo.jpg","16448","0.015686","2026/4/6 0:09:47"
"45\45_04_micro_rebel\full_eval\epoch_0030_tokenized_distill_epochs200\images\cezanne_00219_to_vangogh.jpg","16079","0.015334","2026/4/6 0:09:47"
"45\45_04_micro_rebel\full_eval\epoch_0030_tokenized_distill_epochs200\images\cezanne_00223_to_cezanne.jpg","17171","0.016376","2026/4/6 0:09:51"
"45\45_04_micro_rebel\full_eval\epoch_0030_tokenized_distill_epochs200\images\cezanne_00223_to_Hayao.jpg","15784","0.015053","2026/4/6 0:09:50"
"45\45_04_micro_rebel\full_eval\epoch_0030_tokenized_distill_epochs200\images\cezanne_00223_to_monet.jpg","16732","0.015957","2026/4/6 0:09:51"
"45\45_04_micro_rebel\full_eval\epoch_0030_tokenized_distill_epochs200\images\cezanne_00223_to_photo.jpg","16990","0.016203","2026/4/6 0:09:50"
"45\45_04_micro_rebel\full_eval\epoch_0030_tokenized_distill_epochs200\images\cezanne_00223_to_vangogh.jpg","16496","0.015732","2026/4/6 0:09:51"
"45\45_04_micro_rebel\full_eval\epoch_0030_tokenized_distill_epochs200\images\cezanne_00263_to_cezanne.jpg","14740","0.014057","2026/4/6 0:09:50"
"45\45_04_micro_rebel\full_eval\epoch_0030_tokenized_distill_epochs200\images\cezanne_00263_to_Hayao.jpg","14275","0.013614","2026/4/6 0:09:49"
"45\45_04_micro_rebel\full_eval\epoch_0030_tokenized_distill_epochs200\images\cezanne_00263_to_monet.jpg","15034","0.014338","2026/4/6 0:09:50"
"45\45_04_micro_rebel\full_eval\epoch_0030_tokenized_distill_epochs200\images\cezanne_00263_to_photo.jpg","15021","0.014325","2026/4/6 0:09:49"
"45\45_04_micro_rebel\full_eval\epoch_0030_tokenized_distill_epochs200\images\cezanne_00263_to_vangogh.jpg","15227","0.014522","2026/4/6 0:09:50"
"45\45_04_micro_rebel\full_eval\epoch_0030_tokenized_distill_epochs200\images\cezanne_00271_to_cezanne.jpg","16070","0.015326","2026/4/6 0:09:53"
"45\45_04_micro_rebel\full_eval\epoch_0030_tokenized_distill_epochs200\images\cezanne_00271_to_Hayao.jpg","15278","0.01457","2026/4/6 0:09:53"
"45\45_04_micro_rebel\full_eval\epoch_0030_tokenized_distill_epochs200\images\cezanne_00271_to_monet.jpg","16197","0.015447","2026/4/6 0:09:53"
"45\45_04_micro_rebel\full_eval\epoch_0030_tokenized_distill_epochs200\images\cezanne_00271_to_photo.jpg","16371","0.015613","2026/4/6 0:09:53"
"45\45_04_micro_rebel\full_eval\epoch_0030_tokenized_distill_epochs200\images\cezanne_00271_to_vangogh.jpg","16073","0.015328","2026/4/6 0:09:53"
"45\45_04_micro_rebel\full_eval\epoch_0030_tokenized_distill_epochs200\images\cezanne_00275_to_cezanne.jpg","16171","0.015422","2026/4/6 0:09:48"
"45\45_04_micro_rebel\full_eval\epoch_0030_tokenized_distill_epochs200\images\cezanne_00275_to_Hayao.jpg","15583","0.014861","2026/4/6 0:09:47"
"45\45_04_micro_rebel\full_eval\epoch_0030_tokenized_distill_epochs200\images\cezanne_00275_to_monet.jpg","15984","0.015244","2026/4/6 0:09:47"
"45\45_04_micro_rebel\full_eval\epoch_0030_tokenized_distill_epochs200\images\cezanne_00275_to_photo.jpg","16252","0.015499","2026/4/6 0:09:47"
"45\45_04_micro_rebel\full_eval\epoch_0030_tokenized_distill_epochs200\images\cezanne_00275_to_vangogh.jpg","16161","0.015412","2026/4/6 0:09:47"
"45\45_04_micro_rebel\full_eval\epoch_0030_tokenized_distill_epochs200\images\cezanne_00286_to_cezanne.jpg","16607","0.015838","2026/4/6 0:09:55"
"45\45_04_micro_rebel\full_eval\epoch_0030_tokenized_distill_epochs200\images\cezanne_00286_to_Hayao.jpg","15576","0.014854","2026/4/6 0:09:54"
"45\45_04_micro_rebel\full_eval\epoch_0030_tokenized_distill_epochs200\images\cezanne_00286_to_monet.jpg","16323","0.015567","2026/4/6 0:09:54"
"45\45_04_micro_rebel\full_eval\epoch_0030_tokenized_distill_epochs200\images\cezanne_00286_to_photo.jpg","17041","0.016252","2026/4/6 0:09:54"
"45\45_04_micro_rebel\full_eval\epoch_0030_tokenized_distill_epochs200\images\cezanne_00286_to_vangogh.jpg","16553","0.015786","2026/4/6 0:09:54"
"45\45_04_micro_rebel\full_eval\epoch_0030_tokenized_distill_epochs200\images\cezanne_00298_to_cezanne.jpg","16802","0.016024","2026/4/6 0:09:50"
"45\45_04_micro_rebel\full_eval\epoch_0030_tokenized_distill_epochs200\images\cezanne_00298_to_Hayao.jpg","16274","0.01552","2026/4/6 0:09:49"
"45\45_04_micro_rebel\full_eval\epoch_0030_tokenized_distill_epochs200\images\cezanne_00298_to_monet.jpg","16785","0.016007","2026/4/6 0:09:50"
"45\45_04_micro_rebel\full_eval\epoch_0030_tokenized_distill_epochs200\images\cezanne_00298_to_photo.jpg","16906","0.016123","2026/4/6 0:09:49"
"45\45_04_micro_rebel\full_eval\epoch_0030_tokenized_distill_epochs200\images\cezanne_00298_to_vangogh.jpg","16782","0.016005","2026/4/6 0:09:50"
"45\45_04_micro_rebel\full_eval\epoch_0030_tokenized_distill_epochs200\images\cezanne_00303_to_cezanne.jpg","15640","0.014915","2026/4/6 0:09:55"
"45\45_04_micro_rebel\full_eval\epoch_0030_tokenized_distill_epochs200\images\cezanne_00303_to_Hayao.jpg","15131","0.01443","2026/4/6 0:09:55"
"45\45_04_micro_rebel\full_eval\epoch_0030_tokenized_distill_epochs200\images\cezanne_00303_to_monet.jpg","15293","0.014585","2026/4/6 0:09:55"
"45\45_04_micro_rebel\full_eval\epoch_0030_tokenized_distill_epochs200\images\cezanne_00303_to_photo.jpg","15369","0.014657","2026/4/6 0:09:55"
"45\45_04_micro_rebel\full_eval\epoch_0030_tokenized_distill_epochs200\images\cezanne_00303_to_vangogh.jpg","15516","0.014797","2026/4/6 0:09:55"
"45\45_04_micro_rebel\full_eval\epoch_0030_tokenized_distill_epochs200\images\cezanne_00332_to_cezanne.jpg","15454","0.014738","2026/4/6 0:09:48"
"45\45_04_micro_rebel\full_eval\epoch_0030_tokenized_distill_epochs200\images\cezanne_00332_to_Hayao.jpg","14409","0.013741","2026/4/6 0:09:47"
"45\45_04_micro_rebel\full_eval\epoch_0030_tokenized_distill_epochs200\images\cezanne_00332_to_monet.jpg","15264","0.014557","2026/4/6 0:09:47"
"45\45_04_micro_rebel\full_eval\epoch_0030_tokenized_distill_epochs200\images\cezanne_00332_to_photo.jpg","15678","0.014952","2026/4/6 0:09:47"
"45\45_04_micro_rebel\full_eval\epoch_0030_tokenized_distill_epochs200\images\cezanne_00332_to_vangogh.jpg","15365","0.014653","2026/4/6 0:09:47"
"45\45_04_micro_rebel\full_eval\epoch_0030_tokenized_distill_epochs200\images\cezanne_00335_to_cezanne.jpg","16238","0.015486","2026/4/6 0:09:52"
"45\45_04_micro_rebel\full_eval\epoch_0030_tokenized_distill_epochs200\images\cezanne_00335_to_Hayao.jpg","15636","0.014912","2026/4/6 0:09:52"
"45\45_04_micro_rebel\full_eval\epoch_0030_tokenized_distill_epochs200\images\cezanne_00335_to_monet.jpg","16598","0.015829","2026/4/6 0:09:52"
"45\45_04_micro_rebel\full_eval\epoch_0030_tokenized_distill_epochs200\images\cezanne_00335_to_photo.jpg","16537","0.015771","2026/4/6 0:09:51"
"45\45_04_micro_rebel\full_eval\epoch_0030_tokenized_distill_epochs200\images\cezanne_00335_to_vangogh.jpg","16732","0.015957","2026/4/6 0:09:52"
"45\45_04_micro_rebel\full_eval\epoch_0030_tokenized_distill_epochs200\images\cezanne_00342_to_cezanne.jpg","15412","0.014698","2026/4/6 0:09:48"
"45\45_04_micro_rebel\full_eval\epoch_0030_tokenized_distill_epochs200\images\cezanne_00342_to_Hayao.jpg","14740","0.014057","2026/4/6 0:09:47"
"45\45_04_micro_rebel\full_eval\epoch_0030_tokenized_distill_epochs200\images\cezanne_00342_to_monet.jpg","15242","0.014536","2026/4/6 0:09:47"
"45\45_04_micro_rebel\full_eval\epoch_0030_tokenized_distill_epochs200\images\cezanne_00342_to_photo.jpg","15273","0.014565","2026/4/6 0:09:47"
"45\45_04_micro_rebel\full_eval\epoch_0030_tokenized_distill_epochs200\images\cezanne_00342_to_vangogh.jpg","15285","0.014577","2026/4/6 0:09:47"
"45\45_04_micro_rebel\full_eval\epoch_0030_tokenized_distill_epochs200\images\cezanne_00348_to_cezanne.jpg","15524","0.014805","2026/4/6 0:09:49"
"45\45_04_micro_rebel\full_eval\epoch_0030_tokenized_distill_epochs200\images\cezanne_00348_to_Hayao.jpg","14893","0.014203","2026/4/6 0:09:48"
"45\45_04_micro_rebel\full_eval\epoch_0030_tokenized_distill_epochs200\images\cezanne_00348_to_monet.jpg","15498","0.01478","2026/4/6 0:09:48"
"45\45_04_micro_rebel\full_eval\epoch_0030_tokenized_distill_epochs200\images\cezanne_00348_to_photo.jpg","15722","0.014994","2026/4/6 0:09:48"
"45\45_04_micro_rebel\full_eval\epoch_0030_tokenized_distill_epochs200\images\cezanne_00348_to_vangogh.jpg","15393","0.01468","2026/4/6 0:09:49"
"45\45_04_micro_rebel\full_eval\epoch_0030_tokenized_distill_epochs200\images\cezanne_00375_to_cezanne.jpg","15628","0.014904","2026/4/6 0:09:55"
"45\45_04_micro_rebel\full_eval\epoch_0030_tokenized_distill_epochs200\images\cezanne_00375_to_Hayao.jpg","14735","0.014052","2026/4/6 0:09:54"
"45\45_04_micro_rebel\full_eval\epoch_0030_tokenized_distill_epochs200\images\cezanne_00375_to_monet.jpg","15605","0.014882","2026/4/6 0:09:54"
"45\45_04_micro_rebel\full_eval\epoch_0030_tokenized_distill_epochs200\images\cezanne_00375_to_photo.jpg","15581","0.014859","2026/4/6 0:09:54"
"45\45_04_micro_rebel\full_eval\epoch_0030_tokenized_distill_epochs200\images\cezanne_00375_to_vangogh.jpg","15681","0.014955","2026/4/6 0:09:54"
"45\45_04_micro_rebel\full_eval\epoch_0030_tokenized_distill_epochs200\images\cezanne_00379_to_cezanne.jpg","15332","0.014622","2026/4/6 0:09:50"
"45\45_04_micro_rebel\full_eval\epoch_0030_tokenized_distill_epochs200\images\cezanne_00379_to_Hayao.jpg","14856","0.014168","2026/4/6 0:09:49"
"45\45_04_micro_rebel\full_eval\epoch_0030_tokenized_distill_epochs200\images\cezanne_00379_to_monet.jpg","15416","0.014702","2026/4/6 0:09:50"
"45\45_04_micro_rebel\full_eval\epoch_0030_tokenized_distill_epochs200\images\cezanne_00379_to_photo.jpg","15784","0.015053","2026/4/6 0:09:49"
"45\45_04_micro_rebel\full_eval\epoch_0030_tokenized_distill_epochs200\images\cezanne_00379_to_vangogh.jpg","15566","0.014845","2026/4/6 0:09:50"
"45\45_04_micro_rebel\full_eval\epoch_0030_tokenized_distill_epochs200\images\cezanne_00382_to_cezanne.jpg","16608","0.015839","2026/4/6 0:09:55"
"45\45_04_micro_rebel\full_eval\epoch_0030_tokenized_distill_epochs200\images\cezanne_00382_to_Hayao.jpg","15590","0.014868","2026/4/6 0:09:54"
"45\45_04_micro_rebel\full_eval\epoch_0030_tokenized_distill_epochs200\images\cezanne_00382_to_monet.jpg","16376","0.015617","2026/4/6 0:09:54"
"45\45_04_micro_rebel\full_eval\epoch_0030_tokenized_distill_epochs200\images\cezanne_00382_to_photo.jpg","16888","0.016106","2026/4/6 0:09:54"
"45\45_04_micro_rebel\full_eval\epoch_0030_tokenized_distill_epochs200\images\cezanne_00382_to_vangogh.jpg","16005","0.015264","2026/4/6 0:09:54"
"45\45_04_micro_rebel\full_eval\epoch_0030_tokenized_distill_epochs200\images\cezanne_00388_to_cezanne.jpg","15483","0.014766","2026/4/6 0:09:50"
"45\45_04_micro_rebel\full_eval\epoch_0030_tokenized_distill_epochs200\images\cezanne_00388_to_Hayao.jpg","14817","0.014131","2026/4/6 0:09:49"
"45\45_04_micro_rebel\full_eval\epoch_0030_tokenized_distill_epochs200\images\cezanne_00388_to_monet.jpg","15395","0.014682","2026/4/6 0:09:50"
"45\45_04_micro_rebel\full_eval\epoch_0030_tokenized_distill_epochs200\images\cezanne_00388_to_photo.jpg","15569","0.014848","2026/4/6 0:09:49"
"45\45_04_micro_rebel\full_eval\epoch_0030_tokenized_distill_epochs200\images\cezanne_00388_to_vangogh.jpg","15875","0.01514","2026/4/6 0:09:50"
"45\45_04_micro_rebel\full_eval\epoch_0030_tokenized_distill_epochs200\images\cezanne_00393_to_cezanne.jpg","15773","0.015042","2026/4/6 0:09:53"
"45\45_04_micro_rebel\full_eval\epoch_0030_tokenized_distill_epochs200\images\cezanne_00393_to_Hayao.jpg","15151","0.014449","2026/4/6 0:09:53"
"45\45_04_micro_rebel\full_eval\epoch_0030_tokenized_distill_epochs200\images\cezanne_00393_to_monet.jpg","15438","0.014723","2026/4/6 0:09:53"
"45\45_04_micro_rebel\full_eval\epoch_0030_tokenized_distill_epochs200\images\cezanne_00393_to_photo.jpg","15851","0.015117","2026/4/6 0:09:53"
"45\45_04_micro_rebel\full_eval\epoch_0030_tokenized_distill_epochs200\images\cezanne_00393_to_vangogh.jpg","15971","0.015231","2026/4/6 0:09:53"
"45\45_04_micro_rebel\full_eval\epoch_0030_tokenized_distill_epochs200\images\cezanne_00411_to_cezanne.jpg","15248","0.014542","2026/4/6 0:09:52"
"45\45_04_micro_rebel\full_eval\epoch_0030_tokenized_distill_epochs200\images\cezanne_00411_to_Hayao.jpg","15066","0.014368","2026/4/6 0:09:52"
"45\45_04_micro_rebel\full_eval\epoch_0030_tokenized_distill_epochs200\images\cezanne_00411_to_monet.jpg","15272","0.014565","2026/4/6 0:09:52"
"45\45_04_micro_rebel\full_eval\epoch_0030_tokenized_distill_epochs200\images\cezanne_00411_to_photo.jpg","15345","0.014634","2026/4/6 0:09:51"
"45\45_04_micro_rebel\full_eval\epoch_0030_tokenized_distill_epochs200\images\cezanne_00411_to_vangogh.jpg","15766","0.015036","2026/4/6 0:09:52"
"45\45_04_micro_rebel\full_eval\epoch_0030_tokenized_distill_epochs200\images\cezanne_00428_to_cezanne.jpg","15844","0.01511","2026/4/6 0:09:51"
"45\45_04_micro_rebel\full_eval\epoch_0030_tokenized_distill_epochs200\images\cezanne_00428_to_Hayao.jpg","15296","0.014587","2026/4/6 0:09:50"
"45\45_04_micro_rebel\full_eval\epoch_0030_tokenized_distill_epochs200\images\cezanne_00428_to_monet.jpg","15950","0.015211","2026/4/6 0:09:51"
"45\45_04_micro_rebel\full_eval\epoch_0030_tokenized_distill_epochs200\images\cezanne_00428_to_photo.jpg","16140","0.015392","2026/4/6 0:09:50"
"45\45_04_micro_rebel\full_eval\epoch_0030_tokenized_distill_epochs200\images\cezanne_00428_to_vangogh.jpg","15812","0.015079","2026/4/6 0:09:51"
"45\45_04_micro_rebel\full_eval\epoch_0030_tokenized_distill_epochs200\images\cezanne_00437_to_cezanne.jpg","16297","0.015542","2026/4/6 0:09:51"
"45\45_04_micro_rebel\full_eval\epoch_0030_tokenized_distill_epochs200\images\cezanne_00437_to_Hayao.jpg","15506","0.014788","2026/4/6 0:09:50"
"45\45_04_micro_rebel\full_eval\epoch_0030_tokenized_distill_epochs200\images\cezanne_00437_to_monet.jpg","16321","0.015565","2026/4/6 0:09:51"
"45\45_04_micro_rebel\full_eval\epoch_0030_tokenized_distill_epochs200\images\cezanne_00437_to_photo.jpg","16388","0.015629","2026/4/6 0:09:50"
"45\45_04_micro_rebel\full_eval\epoch_0030_tokenized_distill_epochs200\images\cezanne_00437_to_vangogh.jpg","16228","0.015476","2026/4/6 0:09:51"
"45\45_04_micro_rebel\full_eval\epoch_0030_tokenized_distill_epochs200\images\cezanne_00517_to_cezanne.jpg","15297","0.014588","2026/4/6 0:09:55"
"45\45_04_micro_rebel\full_eval\epoch_0030_tokenized_distill_epochs200\images\cezanne_00517_to_Hayao.jpg","14773","0.014089","2026/4/6 0:09:54"
"45\45_04_micro_rebel\full_eval\epoch_0030_tokenized_distill_epochs200\images\cezanne_00517_to_monet.jpg","15304","0.014595","2026/4/6 0:09:54"
"45\45_04_micro_rebel\full_eval\epoch_0030_tokenized_distill_epochs200\images\cezanne_00517_to_photo.jpg","15551","0.014831","2026/4/6 0:09:54"
"45\45_04_micro_rebel\full_eval\epoch_0030_tokenized_distill_epochs200\images\cezanne_00517_to_vangogh.jpg","15347","0.014636","2026/4/6 0:09:54"
"45\45_04_micro_rebel\full_eval\epoch_0030_tokenized_distill_epochs200\images\cezanne_00546_to_cezanne.jpg","16229","0.015477","2026/4/6 0:09:55"
"45\45_04_micro_rebel\full_eval\epoch_0030_tokenized_distill_epochs200\images\cezanne_00546_to_Hayao.jpg","15826","0.015093","2026/4/6 0:09:55"
"45\45_04_micro_rebel\full_eval\epoch_0030_tokenized_distill_epochs200\images\cezanne_00546_to_monet.jpg","16259","0.015506","2026/4/6 0:09:55"
"45\45_04_micro_rebel\full_eval\epoch_0030_tokenized_distill_epochs200\images\cezanne_00546_to_photo.jpg","16629","0.015859","2026/4/6 0:09:55"
"45\45_04_micro_rebel\full_eval\epoch_0030_tokenized_distill_epochs200\images\cezanne_00546_to_vangogh.jpg","16301","0.015546","2026/4/6 0:09:55"
"45\45_04_micro_rebel\full_eval\epoch_0030_tokenized_distill_epochs200\images\cezanne_00576_to_cezanne.jpg","16216","0.015465","2026/4/6 0:09:53"
"45\45_04_micro_rebel\full_eval\epoch_0030_tokenized_distill_epochs200\images\cezanne_00576_to_Hayao.jpg","15937","0.015199","2026/4/6 0:09:53"
"45\45_04_micro_rebel\full_eval\epoch_0030_tokenized_distill_epochs200\images\cezanne_00576_to_monet.jpg","16373","0.015615","2026/4/6 0:09:53"
"45\45_04_micro_rebel\full_eval\epoch_0030_tokenized_distill_epochs200\images\cezanne_00576_to_photo.jpg","16368","0.01561","2026/4/6 0:09:53"
"45\45_04_micro_rebel\full_eval\epoch_0030_tokenized_distill_epochs200\images\cezanne_00576_to_vangogh.jpg","16670","0.015898","2026/4/6 0:09:53"
"45\45_04_micro_rebel\full_eval\epoch_0030_tokenized_distill_epochs200\images\cezanne_00582_to_cezanne.jpg","16175","0.015426","2026/4/6 0:09:49"
"45\45_04_micro_rebel\full_eval\epoch_0030_tokenized_distill_epochs200\images\cezanne_00582_to_Hayao.jpg","15901","0.015164","2026/4/6 0:09:48"
"45\45_04_micro_rebel\full_eval\epoch_0030_tokenized_distill_epochs200\images\cezanne_00582_to_monet.jpg","16406","0.015646","2026/4/6 0:09:48"
"45\45_04_micro_rebel\full_eval\epoch_0030_tokenized_distill_epochs200\images\cezanne_00582_to_photo.jpg","16497","0.015733","2026/4/6 0:09:48"
"45\45_04_micro_rebel\full_eval\epoch_0030_tokenized_distill_epochs200\images\cezanne_00582_to_vangogh.jpg","16399","0.015639","2026/4/6 0:09:49"
"45\45_04_micro_rebel\full_eval\epoch_0030_tokenized_distill_epochs200\images\cezanne_00605_to_cezanne.jpg","15983","0.015243","2026/4/6 0:09:53"
"45\45_04_micro_rebel\full_eval\epoch_0030_tokenized_distill_epochs200\images\cezanne_00605_to_Hayao.jpg","15494","0.014776","2026/4/6 0:09:53"
"45\45_04_micro_rebel\full_eval\epoch_0030_tokenized_distill_epochs200\images\cezanne_00605_to_monet.jpg","15986","0.015245","2026/4/6 0:09:53"
"45\45_04_micro_rebel\full_eval\epoch_0030_tokenized_distill_epochs200\images\cezanne_00605_to_photo.jpg","15953","0.015214","2026/4/6 0:09:53"
"45\45_04_micro_rebel\full_eval\epoch_0030_tokenized_distill_epochs200\images\cezanne_00605_to_vangogh.jpg","16039","0.015296","2026/4/6 0:09:53"
"45\45_04_micro_rebel\full_eval\epoch_0030_tokenized_distill_epochs200\images\Hayao_0_to_cezanne.jpg","15838","0.015104","2026/4/6 0:09:27"
"45\45_04_micro_rebel\full_eval\epoch_0030_tokenized_distill_epochs200\images\Hayao_0_to_Hayao.jpg","14609","0.013932","2026/4/6 0:09:26"
"45\45_04_micro_rebel\full_eval\epoch_0030_tokenized_distill_epochs200\images\Hayao_0_to_monet.jpg","15752","0.015022","2026/4/6 0:09:26"
"45\45_04_micro_rebel\full_eval\epoch_0030_tokenized_distill_epochs200\images\Hayao_0_to_photo.jpg","16055","0.015311","2026/4/6 0:09:26"
"45\45_04_micro_rebel\full_eval\epoch_0030_tokenized_distill_epochs200\images\Hayao_0_to_vangogh.jpg","15728","0.014999","2026/4/6 0:09:26"
"45\45_04_micro_rebel\full_eval\epoch_0030_tokenized_distill_epochs200\images\Hayao_1000_to_cezanne.jpg","16415","0.015655","2026/4/6 0:09:24"
"45\45_04_micro_rebel\full_eval\epoch_0030_tokenized_distill_epochs200\images\Hayao_1000_to_Hayao.jpg","15604","0.014881","2026/4/6 0:09:24"
"45\45_04_micro_rebel\full_eval\epoch_0030_tokenized_distill_epochs200\images\Hayao_1000_to_monet.jpg","16680","0.015907","2026/4/6 0:09:24"
"45\45_04_micro_rebel\full_eval\epoch_0030_tokenized_distill_epochs200\images\Hayao_1000_to_photo.jpg","16643","0.015872","2026/4/6 0:09:23"
"45\45_04_micro_rebel\full_eval\epoch_0030_tokenized_distill_epochs200\images\Hayao_1000_to_vangogh.jpg","16705","0.015931","2026/4/6 0:09:24"
"45\45_04_micro_rebel\full_eval\epoch_0030_tokenized_distill_epochs200\images\Hayao_1001_to_cezanne.jpg","14615","0.013938","2026/4/6 0:09:22"
"45\45_04_micro_rebel\full_eval\epoch_0030_tokenized_distill_epochs200\images\Hayao_1001_to_Hayao.jpg","13736","0.0131","2026/4/6 0:09:21"
"45\45_04_micro_rebel\full_eval\epoch_0030_tokenized_distill_epochs200\images\Hayao_1001_to_monet.jpg","14412","0.013744","2026/4/6 0:09:21"
"45\45_04_micro_rebel\full_eval\epoch_0030_tokenized_distill_epochs200\images\Hayao_1001_to_photo.jpg","14796","0.014111","2026/4/6 0:09:21"
"45\45_04_micro_rebel\full_eval\epoch_0030_tokenized_distill_epochs200\images\Hayao_1001_to_vangogh.jpg","14062","0.013411","2026/4/6 0:09:22"
"45\45_04_micro_rebel\full_eval\epoch_0030_tokenized_distill_epochs200\images\Hayao_1006_to_cezanne.jpg","15758","0.015028","2026/4/6 0:09:23"
"45\45_04_micro_rebel\full_eval\epoch_0030_tokenized_distill_epochs200\images\Hayao_1006_to_Hayao.jpg","15126","0.014425","2026/4/6 0:09:22"
"45\45_04_micro_rebel\full_eval\epoch_0030_tokenized_distill_epochs200\images\Hayao_1006_to_monet.jpg","15608","0.014885","2026/4/6 0:09:23"
"45\45_04_micro_rebel\full_eval\epoch_0030_tokenized_distill_epochs200\images\Hayao_1006_to_photo.jpg","15754","0.015024","2026/4/6 0:09:22"
"45\45_04_micro_rebel\full_eval\epoch_0030_tokenized_distill_epochs200\images\Hayao_1006_to_vangogh.jpg","15680","0.014954","2026/4/6 0:09:23"
"45\45_04_micro_rebel\full_eval\epoch_0030_tokenized_distill_epochs200\images\Hayao_1007_to_cezanne.jpg","15198","0.014494","2026/4/6 0:09:25"
"45\45_04_micro_rebel\full_eval\epoch_0030_tokenized_distill_epochs200\images\Hayao_1007_to_Hayao.jpg","14543","0.013869","2026/4/6 0:09:25"
"45\45_04_micro_rebel\full_eval\epoch_0030_tokenized_distill_epochs200\images\Hayao_1007_to_monet.jpg","15224","0.014519","2026/4/6 0:09:25"
"45\45_04_micro_rebel\full_eval\epoch_0030_tokenized_distill_epochs200\images\Hayao_1007_to_photo.jpg","15203","0.014499","2026/4/6 0:09:25"
"45\45_04_micro_rebel\full_eval\epoch_0030_tokenized_distill_epochs200\images\Hayao_1007_to_vangogh.jpg","15530","0.014811","2026/4/6 0:09:25"
"45\45_04_micro_rebel\full_eval\epoch_0030_tokenized_distill_epochs200\images\Hayao_1008_to_cezanne.jpg","16044","0.015301","2026/4/6 0:09:22"
"45\45_04_micro_rebel\full_eval\epoch_0030_tokenized_distill_epochs200\images\Hayao_1008_to_Hayao.jpg","15368","0.014656","2026/4/6 0:09:21"
"45\45_04_micro_rebel\full_eval\epoch_0030_tokenized_distill_epochs200\images\Hayao_1008_to_monet.jpg","15726","0.014997","2026/4/6 0:09:21"
"45\45_04_micro_rebel\full_eval\epoch_0030_tokenized_distill_epochs200\images\Hayao_1008_to_photo.jpg","16126","0.015379","2026/4/6 0:09:21"
"45\45_04_micro_rebel\full_eval\epoch_0030_tokenized_distill_epochs200\images\Hayao_1008_to_vangogh.jpg","15939","0.015201","2026/4/6 0:09:22"
"45\45_04_micro_rebel\full_eval\epoch_0030_tokenized_distill_epochs200\images\Hayao_1009_to_cezanne.jpg","16088","0.015343","2026/4/6 0:09:24"
"45\45_04_micro_rebel\full_eval\epoch_0030_tokenized_distill_epochs200\images\Hayao_1009_to_Hayao.jpg","15202","0.014498","2026/4/6 0:09:24"
"45\45_04_micro_rebel\full_eval\epoch_0030_tokenized_distill_epochs200\images\Hayao_1009_to_monet.jpg","15967","0.015227","2026/4/6 0:09:24"
"45\45_04_micro_rebel\full_eval\epoch_0030_tokenized_distill_epochs200\images\Hayao_1009_to_photo.jpg","16226","0.015474","2026/4/6 0:09:23"
"45\45_04_micro_rebel\full_eval\epoch_0030_tokenized_distill_epochs200\images\Hayao_1009_to_vangogh.jpg","15636","0.014912","2026/4/6 0:09:24"
"45\45_04_micro_rebel\full_eval\epoch_0030_tokenized_distill_epochs200\images\Hayao_1012_to_cezanne.jpg","14741","0.014058","2026/4/6 0:09:23"
"45\45_04_micro_rebel\full_eval\epoch_0030_tokenized_distill_epochs200\images\Hayao_1012_to_Hayao.jpg","14253","0.013593","2026/4/6 0:09:22"
"45\45_04_micro_rebel\full_eval\epoch_0030_tokenized_distill_epochs200\images\Hayao_1012_to_monet.jpg","14741","0.014058","2026/4/6 0:09:23"
"45\45_04_micro_rebel\full_eval\epoch_0030_tokenized_distill_epochs200\images\Hayao_1012_to_photo.jpg","14829","0.014142","2026/4/6 0:09:22"
"45\45_04_micro_rebel\full_eval\epoch_0030_tokenized_distill_epochs200\images\Hayao_1012_to_vangogh.jpg","14939","0.014247","2026/4/6 0:09:23"
"45\45_04_micro_rebel\full_eval\epoch_0030_tokenized_distill_epochs200\images\Hayao_1014_to_cezanne.jpg","13977","0.01333","2026/4/6 0:09:27"
"45\45_04_micro_rebel\full_eval\epoch_0030_tokenized_distill_epochs200\images\Hayao_1014_to_Hayao.jpg","13321","0.012704","2026/4/6 0:09:26"
"45\45_04_micro_rebel\full_eval\epoch_0030_tokenized_distill_epochs200\images\Hayao_1014_to_monet.jpg","13961","0.013314","2026/4/6 0:09:26"
"45\45_04_micro_rebel\full_eval\epoch_0030_tokenized_distill_epochs200\images\Hayao_1014_to_photo.jpg","13372","0.012753","2026/4/6 0:09:26"
"45\45_04_micro_rebel\full_eval\epoch_0030_tokenized_distill_epochs200\images\Hayao_1014_to_vangogh.jpg","14082","0.01343","2026/4/6 0:09:26"
"45\45_04_micro_rebel\full_eval\epoch_0030_tokenized_distill_epochs200\images\Hayao_1015_to_cezanne.jpg","15409","0.014695","2026/4/6 0:09:22"
"45\45_04_micro_rebel\full_eval\epoch_0030_tokenized_distill_epochs200\images\Hayao_1015_to_Hayao.jpg","15345","0.014634","2026/4/6 0:09:21"
"45\45_04_micro_rebel\full_eval\epoch_0030_tokenized_distill_epochs200\images\Hayao_1015_to_monet.jpg","15771","0.01504","2026/4/6 0:09:21"
"45\45_04_micro_rebel\full_eval\epoch_0030_tokenized_distill_epochs200\images\Hayao_1015_to_photo.jpg","15758","0.015028","2026/4/6 0:09:21"
"45\45_04_micro_rebel\full_eval\epoch_0030_tokenized_distill_epochs200\images\Hayao_1015_to_vangogh.jpg","15868","0.015133","2026/4/6 0:09:22"
"45\45_04_micro_rebel\full_eval\epoch_0030_tokenized_distill_epochs200\images\Hayao_1016_to_cezanne.jpg","14880","0.014191","2026/4/6 0:09:29"
"45\45_04_micro_rebel\full_eval\epoch_0030_tokenized_distill_epochs200\images\Hayao_1016_to_Hayao.jpg","14682","0.014002","2026/4/6 0:09:28"
"45\45_04_micro_rebel\full_eval\epoch_0030_tokenized_distill_epochs200\images\Hayao_1016_to_monet.jpg","14884","0.014194","2026/4/6 0:09:28"
"45\45_04_micro_rebel\full_eval\epoch_0030_tokenized_distill_epochs200\images\Hayao_1016_to_photo.jpg","14864","0.014175","2026/4/6 0:09:28"
"45\45_04_micro_rebel\full_eval\epoch_0030_tokenized_distill_epochs200\images\Hayao_1016_to_vangogh.jpg","15016","0.01432","2026/4/6 0:09:29"
"45\45_04_micro_rebel\full_eval\epoch_0030_tokenized_distill_epochs200\images\Hayao_1017_to_cezanne.jpg","14183","0.013526","2026/4/6 0:09:24"
"45\45_04_micro_rebel\full_eval\epoch_0030_tokenized_distill_epochs200\images\Hayao_1017_to_Hayao.jpg","14116","0.013462","2026/4/6 0:09:24"
"45\45_04_micro_rebel\full_eval\epoch_0030_tokenized_distill_epochs200\images\Hayao_1017_to_monet.jpg","14170","0.013514","2026/4/6 0:09:24"
"45\45_04_micro_rebel\full_eval\epoch_0030_tokenized_distill_epochs200\images\Hayao_1017_to_photo.jpg","14091","0.013438","2026/4/6 0:09:23"
"45\45_04_micro_rebel\full_eval\epoch_0030_tokenized_distill_epochs200\images\Hayao_1017_to_vangogh.jpg","14374","0.013708","2026/4/6 0:09:24"
"45\45_04_micro_rebel\full_eval\epoch_0030_tokenized_distill_epochs200\images\Hayao_1018_to_cezanne.jpg","15891","0.015155","2026/4/6 0:09:29"
"45\45_04_micro_rebel\full_eval\epoch_0030_tokenized_distill_epochs200\images\Hayao_1018_to_Hayao.jpg","14611","0.013934","2026/4/6 0:09:28"
"45\45_04_micro_rebel\full_eval\epoch_0030_tokenized_distill_epochs200\images\Hayao_1018_to_monet.jpg","15773","0.015042","2026/4/6 0:09:28"
"45\45_04_micro_rebel\full_eval\epoch_0030_tokenized_distill_epochs200\images\Hayao_1018_to_photo.jpg","16214","0.015463","2026/4/6 0:09:28"
"45\45_04_micro_rebel\full_eval\epoch_0030_tokenized_distill_epochs200\images\Hayao_1018_to_vangogh.jpg","16140","0.015392","2026/4/6 0:09:29"
"45\45_04_micro_rebel\full_eval\epoch_0030_tokenized_distill_epochs200\images\Hayao_1019_to_cezanne.jpg","15075","0.014377","2026/4/6 0:09:21"
"45\45_04_micro_rebel\full_eval\epoch_0030_tokenized_distill_epochs200\images\Hayao_1019_to_Hayao.jpg","13980","0.013332","2026/4/6 0:09:20"
"45\45_04_micro_rebel\full_eval\epoch_0030_tokenized_distill_epochs200\images\Hayao_1019_to_monet.jpg","14788","0.014103","2026/4/6 0:09:20"
"45\45_04_micro_rebel\full_eval\epoch_0030_tokenized_distill_epochs200\images\Hayao_1019_to_photo.jpg","15074","0.014376","2026/4/6 0:09:20"
"45\45_04_micro_rebel\full_eval\epoch_0030_tokenized_distill_epochs200\images\Hayao_1019_to_vangogh.jpg","14805","0.014119","2026/4/6 0:09:21"
"45\45_04_micro_rebel\full_eval\epoch_0030_tokenized_distill_epochs200\images\Hayao_1020_to_cezanne.jpg","15094","0.014395","2026/4/6 0:09:21"
"45\45_04_micro_rebel\full_eval\epoch_0030_tokenized_distill_epochs200\images\Hayao_1020_to_Hayao.jpg","14483","0.013812","2026/4/6 0:09:20"
"45\45_04_micro_rebel\full_eval\epoch_0030_tokenized_distill_epochs200\images\Hayao_1020_to_monet.jpg","14983","0.014289","2026/4/6 0:09:20"
"45\45_04_micro_rebel\full_eval\epoch_0030_tokenized_distill_epochs200\images\Hayao_1020_to_photo.jpg","15000","0.014305","2026/4/6 0:09:20"
"45\45_04_micro_rebel\full_eval\epoch_0030_tokenized_distill_epochs200\images\Hayao_1020_to_vangogh.jpg","15338","0.014627","2026/4/6 0:09:21"
"45\45_04_micro_rebel\full_eval\epoch_0030_tokenized_distill_epochs200\images\Hayao_1021_to_cezanne.jpg","15672","0.014946","2026/4/6 0:09:23"
"45\45_04_micro_rebel\full_eval\epoch_0030_tokenized_distill_epochs200\images\Hayao_1021_to_Hayao.jpg","14543","0.013869","2026/4/6 0:09:22"
"45\45_04_micro_rebel\full_eval\epoch_0030_tokenized_distill_epochs200\images\Hayao_1021_to_monet.jpg","15408","0.014694","2026/4/6 0:09:23"
"45\45_04_micro_rebel\full_eval\epoch_0030_tokenized_distill_epochs200\images\Hayao_1021_to_photo.jpg","15613","0.01489","2026/4/6 0:09:22"
"45\45_04_micro_rebel\full_eval\epoch_0030_tokenized_distill_epochs200\images\Hayao_1021_to_vangogh.jpg","15653","0.014928","2026/4/6 0:09:23"
"45\45_04_micro_rebel\full_eval\epoch_0030_tokenized_distill_epochs200\images\Hayao_1023_to_cezanne.jpg","14715","0.014033","2026/4/6 0:09:29"
"45\45_04_micro_rebel\full_eval\epoch_0030_tokenized_distill_epochs200\images\Hayao_1023_to_Hayao.jpg","14171","0.013515","2026/4/6 0:09:28"
"45\45_04_micro_rebel\full_eval\epoch_0030_tokenized_distill_epochs200\images\Hayao_1023_to_monet.jpg","14664","0.013985","2026/4/6 0:09:28"
"45\45_04_micro_rebel\full_eval\epoch_0030_tokenized_distill_epochs200\images\Hayao_1023_to_photo.jpg","14821","0.014134","2026/4/6 0:09:28"
"45\45_04_micro_rebel\full_eval\epoch_0030_tokenized_distill_epochs200\images\Hayao_1023_to_vangogh.jpg","14831","0.014144","2026/4/6 0:09:29"
"45\45_04_micro_rebel\full_eval\epoch_0030_tokenized_distill_epochs200\images\Hayao_1024_to_cezanne.jpg","15559","0.014838","2026/4/6 0:09:23"
"45\45_04_micro_rebel\full_eval\epoch_0030_tokenized_distill_epochs200\images\Hayao_1024_to_Hayao.jpg","14132","0.013477","2026/4/6 0:09:22"
"45\45_04_micro_rebel\full_eval\epoch_0030_tokenized_distill_epochs200\images\Hayao_1024_to_monet.jpg","15460","0.014744","2026/4/6 0:09:23"
"45\45_04_micro_rebel\full_eval\epoch_0030_tokenized_distill_epochs200\images\Hayao_1024_to_photo.jpg","15999","0.015258","2026/4/6 0:09:22"
"45\45_04_micro_rebel\full_eval\epoch_0030_tokenized_distill_epochs200\images\Hayao_1024_to_vangogh.jpg","15872","0.015137","2026/4/6 0:09:23"
"45\45_04_micro_rebel\full_eval\epoch_0030_tokenized_distill_epochs200\images\Hayao_1025_to_cezanne.jpg","14183","0.013526","2026/4/6 0:09:28"
"45\45_04_micro_rebel\full_eval\epoch_0030_tokenized_distill_epochs200\images\Hayao_1025_to_Hayao.jpg","13403","0.012782","2026/4/6 0:09:27"
"45\45_04_micro_rebel\full_eval\epoch_0030_tokenized_distill_epochs200\images\Hayao_1025_to_monet.jpg","14209","0.013551","2026/4/6 0:09:27"
"45\45_04_micro_rebel\full_eval\epoch_0030_tokenized_distill_epochs200\images\Hayao_1025_to_photo.jpg","14319","0.013656","2026/4/6 0:09:27"
"45\45_04_micro_rebel\full_eval\epoch_0030_tokenized_distill_epochs200\images\Hayao_1025_to_vangogh.jpg","14277","0.013616","2026/4/6 0:09:28"
"45\45_04_micro_rebel\full_eval\epoch_0030_tokenized_distill_epochs200\images\Hayao_1026_to_cezanne.jpg","15927","0.015189","2026/4/6 0:09:24"
"45\45_04_micro_rebel\full_eval\epoch_0030_tokenized_distill_epochs200\images\Hayao_1026_to_Hayao.jpg","15753","0.015023","2026/4/6 0:09:24"
"45\45_04_micro_rebel\full_eval\epoch_0030_tokenized_distill_epochs200\images\Hayao_1026_to_monet.jpg","15911","0.015174","2026/4/6 0:09:24"
"45\45_04_micro_rebel\full_eval\epoch_0030_tokenized_distill_epochs200\images\Hayao_1026_to_photo.jpg","15930","0.015192","2026/4/6 0:09:23"
"45\45_04_micro_rebel\full_eval\epoch_0030_tokenized_distill_epochs200\images\Hayao_1026_to_vangogh.jpg","16171","0.015422","2026/4/6 0:09:24"
"45\45_04_micro_rebel\full_eval\epoch_0030_tokenized_distill_epochs200\images\Hayao_1028_to_cezanne.jpg","15281","0.014573","2026/4/6 0:09:28"
"45\45_04_micro_rebel\full_eval\epoch_0030_tokenized_distill_epochs200\images\Hayao_1028_to_Hayao.jpg","15325","0.014615","2026/4/6 0:09:27"
"45\45_04_micro_rebel\full_eval\epoch_0030_tokenized_distill_epochs200\images\Hayao_1028_to_monet.jpg","15352","0.014641","2026/4/6 0:09:27"
"45\45_04_micro_rebel\full_eval\epoch_0030_tokenized_distill_epochs200\images\Hayao_1028_to_photo.jpg","15495","0.014777","2026/4/6 0:09:27"
"45\45_04_micro_rebel\full_eval\epoch_0030_tokenized_distill_epochs200\images\Hayao_1028_to_vangogh.jpg","15505","0.014787","2026/4/6 0:09:28"
"45\45_04_micro_rebel\full_eval\epoch_0030_tokenized_distill_epochs200\images\Hayao_102_to_cezanne.jpg","14966","0.014273","2026/4/6 0:09:25"
"45\45_04_micro_rebel\full_eval\epoch_0030_tokenized_distill_epochs200\images\Hayao_102_to_Hayao.jpg","13770","0.013132","2026/4/6 0:09:25"
"45\45_04_micro_rebel\full_eval\epoch_0030_tokenized_distill_epochs200\images\Hayao_102_to_monet.jpg","15041","0.014344","2026/4/6 0:09:25"
"45\45_04_micro_rebel\full_eval\epoch_0030_tokenized_distill_epochs200\images\Hayao_102_to_photo.jpg","15294","0.014585","2026/4/6 0:09:25"
"45\45_04_micro_rebel\full_eval\epoch_0030_tokenized_distill_epochs200\images\Hayao_102_to_vangogh.jpg","14793","0.014108","2026/4/6 0:09:25"
"45\45_04_micro_rebel\full_eval\epoch_0030_tokenized_distill_epochs200\images\Hayao_1033_to_cezanne.jpg","15431","0.014716","2026/4/6 0:09:25"
"45\45_04_micro_rebel\full_eval\epoch_0030_tokenized_distill_epochs200\images\Hayao_1033_to_Hayao.jpg","15788","0.015057","2026/4/6 0:09:25"
"45\45_04_micro_rebel\full_eval\epoch_0030_tokenized_distill_epochs200\images\Hayao_1033_to_monet.jpg","15718","0.01499","2026/4/6 0:09:25"
"45\45_04_micro_rebel\full_eval\epoch_0030_tokenized_distill_epochs200\images\Hayao_1033_to_photo.jpg","15726","0.014997","2026/4/6 0:09:25"
"45\45_04_micro_rebel\full_eval\epoch_0030_tokenized_distill_epochs200\images\Hayao_1033_to_vangogh.jpg","16383","0.015624","2026/4/6 0:09:25"
"45\45_04_micro_rebel\full_eval\epoch_0030_tokenized_distill_epochs200\images\Hayao_1039_to_cezanne.jpg","14796","0.014111","2026/4/6 0:09:25"
"45\45_04_micro_rebel\full_eval\epoch_0030_tokenized_distill_epochs200\images\Hayao_1039_to_Hayao.jpg","14480","0.013809","2026/4/6 0:09:25"
"45\45_04_micro_rebel\full_eval\epoch_0030_tokenized_distill_epochs200\images\Hayao_1039_to_monet.jpg","14547","0.013873","2026/4/6 0:09:25"
"45\45_04_micro_rebel\full_eval\epoch_0030_tokenized_distill_epochs200\images\Hayao_1039_to_photo.jpg","14737","0.014054","2026/4/6 0:09:25"
"45\45_04_micro_rebel\full_eval\epoch_0030_tokenized_distill_epochs200\images\Hayao_1039_to_vangogh.jpg","14890","0.0142","2026/4/6 0:09:25"
"45\45_04_micro_rebel\full_eval\epoch_0030_tokenized_distill_epochs200\images\Hayao_103_to_cezanne.jpg","15759","0.015029","2026/4/6 0:09:27"
"45\45_04_micro_rebel\full_eval\epoch_0030_tokenized_distill_epochs200\images\Hayao_103_to_Hayao.jpg","14391","0.013724","2026/4/6 0:09:26"
"45\45_04_micro_rebel\full_eval\epoch_0030_tokenized_distill_epochs200\images\Hayao_103_to_monet.jpg","15603","0.01488","2026/4/6 0:09:26"
"45\45_04_micro_rebel\full_eval\epoch_0030_tokenized_distill_epochs200\images\Hayao_103_to_photo.jpg","15818","0.015085","2026/4/6 0:09:26"
"45\45_04_micro_rebel\full_eval\epoch_0030_tokenized_distill_epochs200\images\Hayao_103_to_vangogh.jpg","15307","0.014598","2026/4/6 0:09:26"
"45\45_04_micro_rebel\full_eval\epoch_0030_tokenized_distill_epochs200\images\Hayao_1040_to_cezanne.jpg","14630","0.013952","2026/4/6 0:09:28"
"45\45_04_micro_rebel\full_eval\epoch_0030_tokenized_distill_epochs200\images\Hayao_1040_to_Hayao.jpg","14372","0.013706","2026/4/6 0:09:27"
"45\45_04_micro_rebel\full_eval\epoch_0030_tokenized_distill_epochs200\images\Hayao_1040_to_monet.jpg","14614","0.013937","2026/4/6 0:09:27"
"45\45_04_micro_rebel\full_eval\epoch_0030_tokenized_distill_epochs200\images\Hayao_1040_to_photo.jpg","14460","0.01379","2026/4/6 0:09:27"
"45\45_04_micro_rebel\full_eval\epoch_0030_tokenized_distill_epochs200\images\Hayao_1040_to_vangogh.jpg","14632","0.013954","2026/4/6 0:09:28"
"45\45_04_micro_rebel\full_eval\epoch_0030_tokenized_distill_epochs200\images\Hayao_1041_to_cezanne.jpg","14799","0.014113","2026/4/6 0:09:29"
"45\45_04_micro_rebel\full_eval\epoch_0030_tokenized_distill_epochs200\images\Hayao_1041_to_Hayao.jpg","14033","0.013383","2026/4/6 0:09:28"
"45\45_04_micro_rebel\full_eval\epoch_0030_tokenized_distill_epochs200\images\Hayao_1041_to_monet.jpg","14630","0.013952","2026/4/6 0:09:28"
"45\45_04_micro_rebel\full_eval\epoch_0030_tokenized_distill_epochs200\images\Hayao_1041_to_photo.jpg","15072","0.014374","2026/4/6 0:09:28"
"45\45_04_micro_rebel\full_eval\epoch_0030_tokenized_distill_epochs200\images\Hayao_1041_to_vangogh.jpg","14824","0.014137","2026/4/6 0:09:29"
"45\45_04_micro_rebel\full_eval\epoch_0030_tokenized_distill_epochs200\images\Hayao_1042_to_cezanne.jpg","15619","0.014895","2026/4/6 0:09:27"
"45\45_04_micro_rebel\full_eval\epoch_0030_tokenized_distill_epochs200\images\Hayao_1042_to_Hayao.jpg","14940","0.014248","2026/4/6 0:09:26"
"45\45_04_micro_rebel\full_eval\epoch_0030_tokenized_distill_epochs200\images\Hayao_1042_to_monet.jpg","15571","0.01485","2026/4/6 0:09:26"
"45\45_04_micro_rebel\full_eval\epoch_0030_tokenized_distill_epochs200\images\Hayao_1042_to_photo.jpg","15696","0.014969","2026/4/6 0:09:26"
"45\45_04_micro_rebel\full_eval\epoch_0030_tokenized_distill_epochs200\images\Hayao_1042_to_vangogh.jpg","15264","0.014557","2026/4/6 0:09:26"
"45\45_04_micro_rebel\full_eval\epoch_0030_tokenized_distill_epochs200\images\Hayao_1044_to_cezanne.jpg","15307","0.014598","2026/4/6 0:09:22"
"45\45_04_micro_rebel\full_eval\epoch_0030_tokenized_distill_epochs200\images\Hayao_1044_to_Hayao.jpg","13829","0.013188","2026/4/6 0:09:21"
"45\45_04_micro_rebel\full_eval\epoch_0030_tokenized_distill_epochs200\images\Hayao_1044_to_monet.jpg","15725","0.014997","2026/4/6 0:09:21"
"45\45_04_micro_rebel\full_eval\epoch_0030_tokenized_distill_epochs200\images\Hayao_1044_to_photo.jpg","15567","0.014846","2026/4/6 0:09:21"
"45\45_04_micro_rebel\full_eval\epoch_0030_tokenized_distill_epochs200\images\Hayao_1044_to_vangogh.jpg","15528","0.014809","2026/4/6 0:09:22"
"45\45_04_micro_rebel\full_eval\epoch_0030_tokenized_distill_epochs200\images\Hayao_1049_to_cezanne.jpg","15732","0.015003","2026/4/6 0:09:28"
"45\45_04_micro_rebel\full_eval\epoch_0030_tokenized_distill_epochs200\images\Hayao_1049_to_Hayao.jpg","15629","0.014905","2026/4/6 0:09:27"
"45\45_04_micro_rebel\full_eval\epoch_0030_tokenized_distill_epochs200\images\Hayao_1049_to_monet.jpg","15819","0.015086","2026/4/6 0:09:27"
"45\45_04_micro_rebel\full_eval\epoch_0030_tokenized_distill_epochs200\images\Hayao_1049_to_photo.jpg","15632","0.014908","2026/4/6 0:09:27"
"45\45_04_micro_rebel\full_eval\epoch_0030_tokenized_distill_epochs200\images\Hayao_1049_to_vangogh.jpg","16275","0.015521","2026/4/6 0:09:28"
"45\45_04_micro_rebel\full_eval\epoch_0030_tokenized_distill_epochs200\images\monet_00018_to_cezanne.jpg","15948","0.015209","2026/4/6 0:09:35"
"45\45_04_micro_rebel\full_eval\epoch_0030_tokenized_distill_epochs200\images\monet_00018_to_Hayao.jpg","15211","0.014506","2026/4/6 0:09:34"
"45\45_04_micro_rebel\full_eval\epoch_0030_tokenized_distill_epochs200\images\monet_00018_to_monet.jpg","15865","0.01513","2026/4/6 0:09:34"
"45\45_04_micro_rebel\full_eval\epoch_0030_tokenized_distill_epochs200\images\monet_00018_to_photo.jpg","16291","0.015536","2026/4/6 0:09:34"
"45\45_04_micro_rebel\full_eval\epoch_0030_tokenized_distill_epochs200\images\monet_00018_to_vangogh.jpg","15840","0.015106","2026/4/6 0:09:35"
"45\45_04_micro_rebel\full_eval\epoch_0030_tokenized_distill_epochs200\images\monet_00075_to_cezanne.jpg","14895","0.014205","2026/4/6 0:09:34"
"45\45_04_micro_rebel\full_eval\epoch_0030_tokenized_distill_epochs200\images\monet_00075_to_Hayao.jpg","14395","0.013728","2026/4/6 0:09:33"
"45\45_04_micro_rebel\full_eval\epoch_0030_tokenized_distill_epochs200\images\monet_00075_to_monet.jpg","14946","0.014254","2026/4/6 0:09:33"
"45\45_04_micro_rebel\full_eval\epoch_0030_tokenized_distill_epochs200\images\monet_00075_to_photo.jpg","14975","0.014281","2026/4/6 0:09:33"
"45\45_04_micro_rebel\full_eval\epoch_0030_tokenized_distill_epochs200\images\monet_00075_to_vangogh.jpg","15164","0.014462","2026/4/6 0:09:33"
"45\45_04_micro_rebel\full_eval\epoch_0030_tokenized_distill_epochs200\images\monet_00092_to_cezanne.jpg","15528","0.014809","2026/4/6 0:09:31"
"45\45_04_micro_rebel\full_eval\epoch_0030_tokenized_distill_epochs200\images\monet_00092_to_Hayao.jpg","15061","0.014363","2026/4/6 0:09:31"
"45\45_04_micro_rebel\full_eval\epoch_0030_tokenized_distill_epochs200\images\monet_00092_to_monet.jpg","15493","0.014775","2026/4/6 0:09:31"
"45\45_04_micro_rebel\full_eval\epoch_0030_tokenized_distill_epochs200\images\monet_00092_to_photo.jpg","15787","0.015056","2026/4/6 0:09:30"
"45\45_04_micro_rebel\full_eval\epoch_0030_tokenized_distill_epochs200\images\monet_00092_to_vangogh.jpg","16057","0.015313","2026/4/6 0:09:31"
"45\45_04_micro_rebel\full_eval\epoch_0030_tokenized_distill_epochs200\images\monet_00278_to_cezanne.jpg","16721","0.015946","2026/4/6 0:09:31"
"45\45_04_micro_rebel\full_eval\epoch_0030_tokenized_distill_epochs200\images\monet_00278_to_Hayao.jpg","16398","0.015638","2026/4/6 0:09:31"
"45\45_04_micro_rebel\full_eval\epoch_0030_tokenized_distill_epochs200\images\monet_00278_to_monet.jpg","17019","0.016231","2026/4/6 0:09:31"
"45\45_04_micro_rebel\full_eval\epoch_0030_tokenized_distill_epochs200\images\monet_00278_to_photo.jpg","17153","0.016358","2026/4/6 0:09:30"
"45\45_04_micro_rebel\full_eval\epoch_0030_tokenized_distill_epochs200\images\monet_00278_to_vangogh.jpg","17076","0.016285","2026/4/6 0:09:31"
"45\45_04_micro_rebel\full_eval\epoch_0030_tokenized_distill_epochs200\images\monet_00282_to_cezanne.jpg","13847","0.013206","2026/4/6 0:09:35"
"45\45_04_micro_rebel\full_eval\epoch_0030_tokenized_distill_epochs200\images\monet_00282_to_Hayao.jpg","13197","0.012586","2026/4/6 0:09:34"
"45\45_04_micro_rebel\full_eval\epoch_0030_tokenized_distill_epochs200\images\monet_00282_to_monet.jpg","13961","0.013314","2026/4/6 0:09:34"
"45\45_04_micro_rebel\full_eval\epoch_0030_tokenized_distill_epochs200\images\monet_00282_to_photo.jpg","14002","0.013353","2026/4/6 0:09:34"
"45\45_04_micro_rebel\full_eval\epoch_0030_tokenized_distill_epochs200\images\monet_00282_to_vangogh.jpg","13857","0.013215","2026/4/6 0:09:35"
"45\45_04_micro_rebel\full_eval\epoch_0030_tokenized_distill_epochs200\images\monet_00286_to_cezanne.jpg","15517","0.014798","2026/4/6 0:09:30"
"45\45_04_micro_rebel\full_eval\epoch_0030_tokenized_distill_epochs200\images\monet_00286_to_Hayao.jpg","15225","0.01452","2026/4/6 0:09:29"
"45\45_04_micro_rebel\full_eval\epoch_0030_tokenized_distill_epochs200\images\monet_00286_to_monet.jpg","15711","0.014983","2026/4/6 0:09:30"
"45\45_04_micro_rebel\full_eval\epoch_0030_tokenized_distill_epochs200\images\monet_00286_to_photo.jpg","16014","0.015272","2026/4/6 0:09:29"
"45\45_04_micro_rebel\full_eval\epoch_0030_tokenized_distill_epochs200\images\monet_00286_to_vangogh.jpg","16096","0.01535","2026/4/6 0:09:30"
"45\45_04_micro_rebel\full_eval\epoch_0030_tokenized_distill_epochs200\images\monet_00291_to_cezanne.jpg","15887","0.015151","2026/4/6 0:09:34"
"45\45_04_micro_rebel\full_eval\epoch_0030_tokenized_distill_epochs200\images\monet_00291_to_Hayao.jpg","14971","0.014277","2026/4/6 0:09:33"
"45\45_04_micro_rebel\full_eval\epoch_0030_tokenized_distill_epochs200\images\monet_00291_to_monet.jpg","16031","0.015288","2026/4/6 0:09:33"
"45\45_04_micro_rebel\full_eval\epoch_0030_tokenized_distill_epochs200\images\monet_00291_to_photo.jpg","16365","0.015607","2026/4/6 0:09:33"
"45\45_04_micro_rebel\full_eval\epoch_0030_tokenized_distill_epochs200\images\monet_00291_to_vangogh.jpg","16035","0.015292","2026/4/6 0:09:33"
"45\45_04_micro_rebel\full_eval\epoch_0030_tokenized_distill_epochs200\images\monet_00389_to_cezanne.jpg","14379","0.013713","2026/4/6 0:09:32"
"45\45_04_micro_rebel\full_eval\epoch_0030_tokenized_distill_epochs200\images\monet_00389_to_Hayao.jpg","13617","0.012986","2026/4/6 0:09:32"
"45\45_04_micro_rebel\full_eval\epoch_0030_tokenized_distill_epochs200\images\monet_00389_to_monet.jpg","14329","0.013665","2026/4/6 0:09:32"
"45\45_04_micro_rebel\full_eval\epoch_0030_tokenized_distill_epochs200\images\monet_00389_to_photo.jpg","14456","0.013786","2026/4/6 0:09:32"
"45\45_04_micro_rebel\full_eval\epoch_0030_tokenized_distill_epochs200\images\monet_00389_to_vangogh.jpg","14281","0.013619","2026/4/6 0:09:32"
"45\45_04_micro_rebel\full_eval\epoch_0030_tokenized_distill_epochs200\images\monet_00429_to_cezanne.jpg","15356","0.014645","2026/4/6 0:09:36"
"45\45_04_micro_rebel\full_eval\epoch_0030_tokenized_distill_epochs200\images\monet_00429_to_Hayao.jpg","15023","0.014327","2026/4/6 0:09:35"
"45\45_04_micro_rebel\full_eval\epoch_0030_tokenized_distill_epochs200\images\monet_00429_to_monet.jpg","15278","0.01457","2026/4/6 0:09:36"
"45\45_04_micro_rebel\full_eval\epoch_0030_tokenized_distill_epochs200\images\monet_00429_to_photo.jpg","15654","0.014929","2026/4/6 0:09:35"
"45\45_04_micro_rebel\full_eval\epoch_0030_tokenized_distill_epochs200\images\monet_00429_to_vangogh.jpg","15905","0.015168","2026/4/6 0:09:36"
"45\45_04_micro_rebel\full_eval\epoch_0030_tokenized_distill_epochs200\images\monet_00444_to_cezanne.jpg","16106","0.01536","2026/4/6 0:09:30"
"45\45_04_micro_rebel\full_eval\epoch_0030_tokenized_distill_epochs200\images\monet_00444_to_Hayao.jpg","15389","0.014676","2026/4/6 0:09:29"
"45\45_04_micro_rebel\full_eval\epoch_0030_tokenized_distill_epochs200\images\monet_00444_to_monet.jpg","16023","0.015281","2026/4/6 0:09:30"
"45\45_04_micro_rebel\full_eval\epoch_0030_tokenized_distill_epochs200\images\monet_00444_to_photo.jpg","16340","0.015583","2026/4/6 0:09:29"
"45\45_04_micro_rebel\full_eval\epoch_0030_tokenized_distill_epochs200\images\monet_00444_to_vangogh.jpg","15660","0.014935","2026/4/6 0:09:30"
"45\45_04_micro_rebel\full_eval\epoch_0030_tokenized_distill_epochs200\images\monet_00446_to_cezanne.jpg","16792","0.016014","2026/4/6 0:09:37"
"45\45_04_micro_rebel\full_eval\epoch_0030_tokenized_distill_epochs200\images\monet_00446_to_Hayao.jpg","15948","0.015209","2026/4/6 0:09:36"
"45\45_04_micro_rebel\full_eval\epoch_0030_tokenized_distill_epochs200\images\monet_00446_to_monet.jpg","16810","0.016031","2026/4/6 0:09:37"
"45\45_04_micro_rebel\full_eval\epoch_0030_tokenized_distill_epochs200\images\monet_00446_to_photo.jpg","17095","0.016303","2026/4/6 0:09:36"
"45\45_04_micro_rebel\full_eval\epoch_0030_tokenized_distill_epochs200\images\monet_00446_to_vangogh.jpg","16607","0.015838","2026/4/6 0:09:37"
"45\45_04_micro_rebel\full_eval\epoch_0030_tokenized_distill_epochs200\images\monet_00542_to_cezanne.jpg","15582","0.01486","2026/4/6 0:09:32"
"45\45_04_micro_rebel\full_eval\epoch_0030_tokenized_distill_epochs200\images\monet_00542_to_Hayao.jpg","15105","0.014405","2026/4/6 0:09:32"
"45\45_04_micro_rebel\full_eval\epoch_0030_tokenized_distill_epochs200\images\monet_00542_to_monet.jpg","15760","0.01503","2026/4/6 0:09:32"
"45\45_04_micro_rebel\full_eval\epoch_0030_tokenized_distill_epochs200\images\monet_00542_to_photo.jpg","16132","0.015385","2026/4/6 0:09:32"
"45\45_04_micro_rebel\full_eval\epoch_0030_tokenized_distill_epochs200\images\monet_00542_to_vangogh.jpg","15728","0.014999","2026/4/6 0:09:32"
"45\45_04_micro_rebel\full_eval\epoch_0030_tokenized_distill_epochs200\images\monet_00557_to_cezanne.jpg","16866","0.016085","2026/4/6 0:09:38"
"45\45_04_micro_rebel\full_eval\epoch_0030_tokenized_distill_epochs200\images\monet_00557_to_Hayao.jpg","16346","0.015589","2026/4/6 0:09:38"
"45\45_04_micro_rebel\full_eval\epoch_0030_tokenized_distill_epochs200\images\monet_00557_to_monet.jpg","17152","0.016357","2026/4/6 0:09:38"
"45\45_04_micro_rebel\full_eval\epoch_0030_tokenized_distill_epochs200\images\monet_00557_to_photo.jpg","17520","0.016708","2026/4/6 0:09:37"
"45\45_04_micro_rebel\full_eval\epoch_0030_tokenized_distill_epochs200\images\monet_00557_to_vangogh.jpg","16999","0.016212","2026/4/6 0:09:38"
"45\45_04_micro_rebel\full_eval\epoch_0030_tokenized_distill_epochs200\images\monet_00607_to_cezanne.jpg","16349","0.015592","2026/4/6 0:09:30"
"45\45_04_micro_rebel\full_eval\epoch_0030_tokenized_distill_epochs200\images\monet_00607_to_Hayao.jpg","15824","0.015091","2026/4/6 0:09:29"
"45\45_04_micro_rebel\full_eval\epoch_0030_tokenized_distill_epochs200\images\monet_00607_to_monet.jpg","16381","0.015622","2026/4/6 0:09:30"
"45\45_04_micro_rebel\full_eval\epoch_0030_tokenized_distill_epochs200\images\monet_00607_to_photo.jpg","16772","0.015995","2026/4/6 0:09:29"
"45\45_04_micro_rebel\full_eval\epoch_0030_tokenized_distill_epochs200\images\monet_00607_to_vangogh.jpg","16585","0.015817","2026/4/6 0:09:30"
"45\45_04_micro_rebel\full_eval\epoch_0030_tokenized_distill_epochs200\images\monet_00677_to_cezanne.jpg","15967","0.015227","2026/4/6 0:09:35"
"45\45_04_micro_rebel\full_eval\epoch_0030_tokenized_distill_epochs200\images\monet_00677_to_Hayao.jpg","15160","0.014458","2026/4/6 0:09:34"
"45\45_04_micro_rebel\full_eval\epoch_0030_tokenized_distill_epochs200\images\monet_00677_to_monet.jpg","16231","0.015479","2026/4/6 0:09:34"
"45\45_04_micro_rebel\full_eval\epoch_0030_tokenized_distill_epochs200\images\monet_00677_to_photo.jpg","16413","0.015653","2026/4/6 0:09:34"
"45\45_04_micro_rebel\full_eval\epoch_0030_tokenized_distill_epochs200\images\monet_00677_to_vangogh.jpg","16495","0.015731","2026/4/6 0:09:35"
"45\45_04_micro_rebel\full_eval\epoch_0030_tokenized_distill_epochs200\images\monet_00695_to_cezanne.jpg","16279","0.015525","2026/4/6 0:09:30"
"45\45_04_micro_rebel\full_eval\epoch_0030_tokenized_distill_epochs200\images\monet_00695_to_Hayao.jpg","16348","0.015591","2026/4/6 0:09:29"
"45\45_04_micro_rebel\full_eval\epoch_0030_tokenized_distill_epochs200\images\monet_00695_to_monet.jpg","16609","0.01584","2026/4/6 0:09:30"
"45\45_04_micro_rebel\full_eval\epoch_0030_tokenized_distill_epochs200\images\monet_00695_to_photo.jpg","16558","0.015791","2026/4/6 0:09:29"
"45\45_04_micro_rebel\full_eval\epoch_0030_tokenized_distill_epochs200\images\monet_00695_to_vangogh.jpg","16665","0.015893","2026/4/6 0:09:30"
"45\45_04_micro_rebel\full_eval\epoch_0030_tokenized_distill_epochs200\images\monet_00756_to_cezanne.jpg","15882","0.015146","2026/4/6 0:09:31"
"45\45_04_micro_rebel\full_eval\epoch_0030_tokenized_distill_epochs200\images\monet_00756_to_Hayao.jpg","14743","0.01406","2026/4/6 0:09:31"
"45\45_04_micro_rebel\full_eval\epoch_0030_tokenized_distill_epochs200\images\monet_00756_to_monet.jpg","15514","0.014795","2026/4/6 0:09:31"
"45\45_04_micro_rebel\full_eval\epoch_0030_tokenized_distill_epochs200\images\monet_00756_to_photo.jpg","16343","0.015586","2026/4/6 0:09:30"
"45\45_04_micro_rebel\full_eval\epoch_0030_tokenized_distill_epochs200\images\monet_00756_to_vangogh.jpg","15565","0.014844","2026/4/6 0:09:31"
"45\45_04_micro_rebel\full_eval\epoch_0030_tokenized_distill_epochs200\images\monet_00776_to_cezanne.jpg","15762","0.015032","2026/4/6 0:09:37"
"45\45_04_micro_rebel\full_eval\epoch_0030_tokenized_distill_epochs200\images\monet_00776_to_Hayao.jpg","14754","0.014071","2026/4/6 0:09:36"
"45\45_04_micro_rebel\full_eval\epoch_0030_tokenized_distill_epochs200\images\monet_00776_to_monet.jpg","15758","0.015028","2026/4/6 0:09:37"
"45\45_04_micro_rebel\full_eval\epoch_0030_tokenized_distill_epochs200\images\monet_00776_to_photo.jpg","16007","0.015265","2026/4/6 0:09:36"
"45\45_04_micro_rebel\full_eval\epoch_0030_tokenized_distill_epochs200\images\monet_00776_to_vangogh.jpg","15982","0.015242","2026/4/6 0:09:37"
"45\45_04_micro_rebel\full_eval\epoch_0030_tokenized_distill_epochs200\images\monet_00786_to_cezanne.jpg","16870","0.016088","2026/4/6 0:09:32"
"45\45_04_micro_rebel\full_eval\epoch_0030_tokenized_distill_epochs200\images\monet_00786_to_Hayao.jpg","16517","0.015752","2026/4/6 0:09:32"
"45\45_04_micro_rebel\full_eval\epoch_0030_tokenized_distill_epochs200\images\monet_00786_to_monet.jpg","16911","0.016128","2026/4/6 0:09:32"
"45\45_04_micro_rebel\full_eval\epoch_0030_tokenized_distill_epochs200\images\monet_00786_to_photo.jpg","17181","0.016385","2026/4/6 0:09:32"
"45\45_04_micro_rebel\full_eval\epoch_0030_tokenized_distill_epochs200\images\monet_00786_to_vangogh.jpg","17065","0.016274","2026/4/6 0:09:32"
"45\45_04_micro_rebel\full_eval\epoch_0030_tokenized_distill_epochs200\images\monet_00789_to_cezanne.jpg","16660","0.015888","2026/4/6 0:09:37"
"45\45_04_micro_rebel\full_eval\epoch_0030_tokenized_distill_epochs200\images\monet_00789_to_Hayao.jpg","16098","0.015352","2026/4/6 0:09:36"
"45\45_04_micro_rebel\full_eval\epoch_0030_tokenized_distill_epochs200\images\monet_00789_to_monet.jpg","16907","0.016124","2026/4/6 0:09:37"
"45\45_04_micro_rebel\full_eval\epoch_0030_tokenized_distill_epochs200\images\monet_00789_to_photo.jpg","17248","0.016449","2026/4/6 0:09:36"
"45\45_04_micro_rebel\full_eval\epoch_0030_tokenized_distill_epochs200\images\monet_00789_to_vangogh.jpg","16788","0.01601","2026/4/6 0:09:37"
"45\45_04_micro_rebel\full_eval\epoch_0030_tokenized_distill_epochs200\images\monet_00812_to_cezanne.jpg","16275","0.015521","2026/4/6 0:09:32"
"45\45_04_micro_rebel\full_eval\epoch_0030_tokenized_distill_epochs200\images\monet_00812_to_Hayao.jpg","15915","0.015178","2026/4/6 0:09:32"
"45\45_04_micro_rebel\full_eval\epoch_0030_tokenized_distill_epochs200\images\monet_00812_to_monet.jpg","16585","0.015817","2026/4/6 0:09:32"
"45\45_04_micro_rebel\full_eval\epoch_0030_tokenized_distill_epochs200\images\monet_00812_to_photo.jpg","16874","0.016092","2026/4/6 0:09:32"
"45\45_04_micro_rebel\full_eval\epoch_0030_tokenized_distill_epochs200\images\monet_00812_to_vangogh.jpg","16471","0.015708","2026/4/6 0:09:32"
"45\45_04_micro_rebel\full_eval\epoch_0030_tokenized_distill_epochs200\images\monet_00928_to_cezanne.jpg","16565","0.015798","2026/4/6 0:09:36"
"45\45_04_micro_rebel\full_eval\epoch_0030_tokenized_distill_epochs200\images\monet_00928_to_Hayao.jpg","15775","0.015044","2026/4/6 0:09:35"
"45\45_04_micro_rebel\full_eval\epoch_0030_tokenized_distill_epochs200\images\monet_00928_to_monet.jpg","16655","0.015883","2026/4/6 0:09:36"
"45\45_04_micro_rebel\full_eval\epoch_0030_tokenized_distill_epochs200\images\monet_00928_to_photo.jpg","17218","0.01642","2026/4/6 0:09:35"
"45\45_04_micro_rebel\full_eval\epoch_0030_tokenized_distill_epochs200\images\monet_00928_to_vangogh.jpg","16409","0.015649","2026/4/6 0:09:36"
"45\45_04_micro_rebel\full_eval\epoch_0030_tokenized_distill_epochs200\images\monet_00959_to_cezanne.jpg","14848","0.01416","2026/4/6 0:09:35"
"45\45_04_micro_rebel\full_eval\epoch_0030_tokenized_distill_epochs200\images\monet_00959_to_Hayao.jpg","13619","0.012988","2026/4/6 0:09:34"
"45\45_04_micro_rebel\full_eval\epoch_0030_tokenized_distill_epochs200\images\monet_00959_to_monet.jpg","14835","0.014148","2026/4/6 0:09:34"
"45\45_04_micro_rebel\full_eval\epoch_0030_tokenized_distill_epochs200\images\monet_00959_to_photo.jpg","15099","0.0144","2026/4/6 0:09:34"
"45\45_04_micro_rebel\full_eval\epoch_0030_tokenized_distill_epochs200\images\monet_00959_to_vangogh.jpg","14868","0.014179","2026/4/6 0:09:35"
"45\45_04_micro_rebel\full_eval\epoch_0030_tokenized_distill_epochs200\images\monet_01039_to_cezanne.jpg","15363","0.014651","2026/4/6 0:09:34"
"45\45_04_micro_rebel\full_eval\epoch_0030_tokenized_distill_epochs200\images\monet_01039_to_Hayao.jpg","14087","0.013434","2026/4/6 0:09:33"
"45\45_04_micro_rebel\full_eval\epoch_0030_tokenized_distill_epochs200\images\monet_01039_to_monet.jpg","15411","0.014697","2026/4/6 0:09:33"
"45\45_04_micro_rebel\full_eval\epoch_0030_tokenized_distill_epochs200\images\monet_01039_to_photo.jpg","15554","0.014833","2026/4/6 0:09:33"
"45\45_04_micro_rebel\full_eval\epoch_0030_tokenized_distill_epochs200\images\monet_01039_to_vangogh.jpg","15724","0.014996","2026/4/6 0:09:33"
"45\45_04_micro_rebel\full_eval\epoch_0030_tokenized_distill_epochs200\images\monet_01059_to_cezanne.jpg","17059","0.016269","2026/4/6 0:09:34"
"45\45_04_micro_rebel\full_eval\epoch_0030_tokenized_distill_epochs200\images\monet_01059_to_Hayao.jpg","16986","0.016199","2026/4/6 0:09:33"
"45\45_04_micro_rebel\full_eval\epoch_0030_tokenized_distill_epochs200\images\monet_01059_to_monet.jpg","17313","0.016511","2026/4/6 0:09:33"
"45\45_04_micro_rebel\full_eval\epoch_0030_tokenized_distill_epochs200\images\monet_01059_to_photo.jpg","17319","0.016517","2026/4/6 0:09:33"
"45\45_04_micro_rebel\full_eval\epoch_0030_tokenized_distill_epochs200\images\monet_01059_to_vangogh.jpg","17235","0.016437","2026/4/6 0:09:33"
"45\45_04_micro_rebel\full_eval\epoch_0030_tokenized_distill_epochs200\images\monet_01127_to_cezanne.jpg","14986","0.014292","2026/4/6 0:09:37"
"45\45_04_micro_rebel\full_eval\epoch_0030_tokenized_distill_epochs200\images\monet_01127_to_Hayao.jpg","13818","0.013178","2026/4/6 0:09:36"
"45\45_04_micro_rebel\full_eval\epoch_0030_tokenized_distill_epochs200\images\monet_01127_to_monet.jpg","14959","0.014266","2026/4/6 0:09:37"
"45\45_04_micro_rebel\full_eval\epoch_0030_tokenized_distill_epochs200\images\monet_01127_to_photo.jpg","15102","0.014402","2026/4/6 0:09:36"
"45\45_04_micro_rebel\full_eval\epoch_0030_tokenized_distill_epochs200\images\monet_01127_to_vangogh.jpg","14868","0.014179","2026/4/6 0:09:37"
"45\45_04_micro_rebel\full_eval\epoch_0030_tokenized_distill_epochs200\images\monet_01151_to_cezanne.jpg","16578","0.01581","2026/4/6 0:09:38"
"45\45_04_micro_rebel\full_eval\epoch_0030_tokenized_distill_epochs200\images\monet_01151_to_Hayao.jpg","16203","0.015452","2026/4/6 0:09:38"
"45\45_04_micro_rebel\full_eval\epoch_0030_tokenized_distill_epochs200\images\monet_01151_to_monet.jpg","16693","0.01592","2026/4/6 0:09:38"
"45\45_04_micro_rebel\full_eval\epoch_0030_tokenized_distill_epochs200\images\monet_01151_to_photo.jpg","16939","0.016154","2026/4/6 0:09:37"
"45\45_04_micro_rebel\full_eval\epoch_0030_tokenized_distill_epochs200\images\monet_01151_to_vangogh.jpg","16746","0.01597","2026/4/6 0:09:38"
"45\45_04_micro_rebel\full_eval\epoch_0030_tokenized_distill_epochs200\images\monet_01155_to_cezanne.jpg","16523","0.015758","2026/4/6 0:09:36"
"45\45_04_micro_rebel\full_eval\epoch_0030_tokenized_distill_epochs200\images\monet_01155_to_Hayao.jpg","15603","0.01488","2026/4/6 0:09:35"
"45\45_04_micro_rebel\full_eval\epoch_0030_tokenized_distill_epochs200\images\monet_01155_to_monet.jpg","16389","0.01563","2026/4/6 0:09:36"
"45\45_04_micro_rebel\full_eval\epoch_0030_tokenized_distill_epochs200\images\monet_01155_to_photo.jpg","16587","0.015819","2026/4/6 0:09:35"
"45\45_04_micro_rebel\full_eval\epoch_0030_tokenized_distill_epochs200\images\monet_01155_to_vangogh.jpg","16600","0.015831","2026/4/6 0:09:36"
"45\45_04_micro_rebel\full_eval\epoch_0030_tokenized_distill_epochs200\images\monet_01208_to_cezanne.jpg","16652","0.015881","2026/4/6 0:09:31"
"45\45_04_micro_rebel\full_eval\epoch_0030_tokenized_distill_epochs200\images\monet_01208_to_Hayao.jpg","16316","0.01556","2026/4/6 0:09:31"
"45\45_04_micro_rebel\full_eval\epoch_0030_tokenized_distill_epochs200\images\monet_01208_to_monet.jpg","16873","0.016091","2026/4/6 0:09:31"
"45\45_04_micro_rebel\full_eval\epoch_0030_tokenized_distill_epochs200\images\monet_01208_to_photo.jpg","16920","0.016136","2026/4/6 0:09:30"
"45\45_04_micro_rebel\full_eval\epoch_0030_tokenized_distill_epochs200\images\monet_01208_to_vangogh.jpg","16702","0.015928","2026/4/6 0:09:31"
"45\45_04_micro_rebel\full_eval\epoch_0030_tokenized_distill_epochs200\images\monet_01326_to_cezanne.jpg","16796","0.016018","2026/4/6 0:09:36"
"45\45_04_micro_rebel\full_eval\epoch_0030_tokenized_distill_epochs200\images\monet_01326_to_Hayao.jpg","15615","0.014892","2026/4/6 0:09:35"
"45\45_04_micro_rebel\full_eval\epoch_0030_tokenized_distill_epochs200\images\monet_01326_to_monet.jpg","16458","0.015696","2026/4/6 0:09:36"
"45\45_04_micro_rebel\full_eval\epoch_0030_tokenized_distill_epochs200\images\monet_01326_to_photo.jpg","17337","0.016534","2026/4/6 0:09:35"
"45\45_04_micro_rebel\full_eval\epoch_0030_tokenized_distill_epochs200\images\monet_01326_to_vangogh.jpg","16309","0.015553","2026/4/6 0:09:36"
"45\45_04_micro_rebel\full_eval\epoch_0030_tokenized_distill_epochs200\images\photo_2013-11-08 16_45_24_to_cezanne.jpg","13737","0.013101","2026/4/6 0:09:17"
"45\45_04_micro_rebel\full_eval\epoch_0030_tokenized_distill_epochs200\images\photo_2013-11-08 16_45_24_to_Hayao.jpg","12444","0.011868","2026/4/6 0:09:17"
"45\45_04_micro_rebel\full_eval\epoch_0030_tokenized_distill_epochs200\images\photo_2013-11-08 16_45_24_to_monet.jpg","13547","0.012919","2026/4/6 0:09:17"
"45\45_04_micro_rebel\full_eval\epoch_0030_tokenized_distill_epochs200\images\photo_2013-11-08 16_45_24_to_photo.jpg","13297","0.012681","2026/4/6 0:09:16"
"45\45_04_micro_rebel\full_eval\epoch_0030_tokenized_distill_epochs200\images\photo_2013-11-08 16_45_24_to_vangogh.jpg","13267","0.012652","2026/4/6 0:09:17"
"45\45_04_micro_rebel\full_eval\epoch_0030_tokenized_distill_epochs200\images\photo_2013-11-10 12_45_41_to_cezanne.jpg","14373","0.013707","2026/4/6 0:09:16"
"45\45_04_micro_rebel\full_eval\epoch_0030_tokenized_distill_epochs200\images\photo_2013-11-10 12_45_41_to_Hayao.jpg","13862","0.01322","2026/4/6 0:09:15"
"45\45_04_micro_rebel\full_eval\epoch_0030_tokenized_distill_epochs200\images\photo_2013-11-10 12_45_41_to_monet.jpg","14583","0.013907","2026/4/6 0:09:16"
"45\45_04_micro_rebel\full_eval\epoch_0030_tokenized_distill_epochs200\images\photo_2013-11-10 12_45_41_to_photo.jpg","14562","0.013887","2026/4/6 0:09:15"
"45\45_04_micro_rebel\full_eval\epoch_0030_tokenized_distill_epochs200\images\photo_2013-11-10 12_45_41_to_vangogh.jpg","14358","0.013693","2026/4/6 0:09:16"
"45\45_04_micro_rebel\full_eval\epoch_0030_tokenized_distill_epochs200\images\photo_2013-11-10 19_30_53_to_cezanne.jpg","15317","0.014607","2026/4/6 0:09:14"
"45\45_04_micro_rebel\full_eval\epoch_0030_tokenized_distill_epochs200\images\photo_2013-11-10 19_30_53_to_Hayao.jpg","14582","0.013906","2026/4/6 0:09:13"
"45\45_04_micro_rebel\full_eval\epoch_0030_tokenized_distill_epochs200\images\photo_2013-11-10 19_30_53_to_monet.jpg","15371","0.014659","2026/4/6 0:09:13"
"45\45_04_micro_rebel\full_eval\epoch_0030_tokenized_distill_epochs200\images\photo_2013-11-10 19_30_53_to_photo.jpg","15470","0.014753","2026/4/6 0:09:13"
"45\45_04_micro_rebel\full_eval\epoch_0030_tokenized_distill_epochs200\images\photo_2013-11-10 19_30_53_to_vangogh.jpg","15351","0.01464","2026/4/6 0:09:14"
"45\45_04_micro_rebel\full_eval\epoch_0030_tokenized_distill_epochs200\images\photo_2013-11-11 22_03_00_to_cezanne.jpg","15740","0.015011","2026/4/6 0:09:14"
"45\45_04_micro_rebel\full_eval\epoch_0030_tokenized_distill_epochs200\images\photo_2013-11-11 22_03_00_to_Hayao.jpg","14846","0.014158","2026/4/6 0:09:13"
"45\45_04_micro_rebel\full_eval\epoch_0030_tokenized_distill_epochs200\images\photo_2013-11-11 22_03_00_to_monet.jpg","15697","0.01497","2026/4/6 0:09:13"
"45\45_04_micro_rebel\full_eval\epoch_0030_tokenized_distill_epochs200\images\photo_2013-11-11 22_03_00_to_photo.jpg","15774","0.015043","2026/4/6 0:09:13"
"45\45_04_micro_rebel\full_eval\epoch_0030_tokenized_distill_epochs200\images\photo_2013-11-11 22_03_00_to_vangogh.jpg","15763","0.015033","2026/4/6 0:09:14"
"45\45_04_micro_rebel\full_eval\epoch_0030_tokenized_distill_epochs200\images\photo_2013-11-12 01_54_20_to_cezanne.jpg","16102","0.015356","2026/4/6 0:09:17"
"45\45_04_micro_rebel\full_eval\epoch_0030_tokenized_distill_epochs200\images\photo_2013-11-12 01_54_20_to_Hayao.jpg","15093","0.014394","2026/4/6 0:09:17"
"45\45_04_micro_rebel\full_eval\epoch_0030_tokenized_distill_epochs200\images\photo_2013-11-12 01_54_20_to_monet.jpg","15860","0.015125","2026/4/6 0:09:17"
"45\45_04_micro_rebel\full_eval\epoch_0030_tokenized_distill_epochs200\images\photo_2013-11-12 01_54_20_to_photo.jpg","16309","0.015553","2026/4/6 0:09:16"
"45\45_04_micro_rebel\full_eval\epoch_0030_tokenized_distill_epochs200\images\photo_2013-11-12 01_54_20_to_vangogh.jpg","15712","0.014984","2026/4/6 0:09:17"
"45\45_04_micro_rebel\full_eval\epoch_0030_tokenized_distill_epochs200\images\photo_2013-11-12 10_29_19_to_cezanne.jpg","15669","0.014943","2026/4/6 0:09:13"
"45\45_04_micro_rebel\full_eval\epoch_0030_tokenized_distill_epochs200\images\photo_2013-11-12 10_29_19_to_Hayao.jpg","14711","0.01403","2026/4/6 0:09:12"
"45\45_04_micro_rebel\full_eval\epoch_0030_tokenized_distill_epochs200\images\photo_2013-11-12 10_29_19_to_monet.jpg","15650","0.014925","2026/4/6 0:09:12"
"45\45_04_micro_rebel\full_eval\epoch_0030_tokenized_distill_epochs200\images\photo_2013-11-12 10_29_19_to_photo.jpg","15733","0.015004","2026/4/6 0:09:12"
"45\45_04_micro_rebel\full_eval\epoch_0030_tokenized_distill_epochs200\images\photo_2013-11-12 10_29_19_to_vangogh.jpg","15553","0.014832","2026/4/6 0:09:12"
"45\45_04_micro_rebel\full_eval\epoch_0030_tokenized_distill_epochs200\images\photo_2013-11-12 16_58_40_to_cezanne.jpg","14834","0.014147","2026/4/6 0:09:16"
"45\45_04_micro_rebel\full_eval\epoch_0030_tokenized_distill_epochs200\images\photo_2013-11-12 16_58_40_to_Hayao.jpg","14058","0.013407","2026/4/6 0:09:15"
"45\45_04_micro_rebel\full_eval\epoch_0030_tokenized_distill_epochs200\images\photo_2013-11-12 16_58_40_to_monet.jpg","14836","0.014149","2026/4/6 0:09:16"
"45\45_04_micro_rebel\full_eval\epoch_0030_tokenized_distill_epochs200\images\photo_2013-11-12 16_58_40_to_photo.jpg","15072","0.014374","2026/4/6 0:09:15"
"45\45_04_micro_rebel\full_eval\epoch_0030_tokenized_distill_epochs200\images\photo_2013-11-12 16_58_40_to_vangogh.jpg","14647","0.013968","2026/4/6 0:09:16"
"45\45_04_micro_rebel\full_eval\epoch_0030_tokenized_distill_epochs200\images\photo_2013-11-14 07_04_51_to_cezanne.jpg","14872","0.014183","2026/4/6 0:09:15"
"45\45_04_micro_rebel\full_eval\epoch_0030_tokenized_distill_epochs200\images\photo_2013-11-14 07_04_51_to_Hayao.jpg","14283","0.013621","2026/4/6 0:09:14"
"45\45_04_micro_rebel\full_eval\epoch_0030_tokenized_distill_epochs200\images\photo_2013-11-14 07_04_51_to_monet.jpg","14925","0.014234","2026/4/6 0:09:14"
"45\45_04_micro_rebel\full_eval\epoch_0030_tokenized_distill_epochs200\images\photo_2013-11-14 07_04_51_to_photo.jpg","14798","0.014112","2026/4/6 0:09:14"
"45\45_04_micro_rebel\full_eval\epoch_0030_tokenized_distill_epochs200\images\photo_2013-11-14 07_04_51_to_vangogh.jpg","14963","0.01427","2026/4/6 0:09:15"
"45\45_04_micro_rebel\full_eval\epoch_0030_tokenized_distill_epochs200\images\photo_2013-11-14 14_11_02_to_cezanne.jpg","16706","0.015932","2026/4/6 0:09:18"
"45\45_04_micro_rebel\full_eval\epoch_0030_tokenized_distill_epochs200\images\photo_2013-11-14 14_11_02_to_Hayao.jpg","15995","0.015254","2026/4/6 0:09:18"
"45\45_04_micro_rebel\full_eval\epoch_0030_tokenized_distill_epochs200\images\photo_2013-11-14 14_11_02_to_monet.jpg","16666","0.015894","2026/4/6 0:09:18"
"45\45_04_micro_rebel\full_eval\epoch_0030_tokenized_distill_epochs200\images\photo_2013-11-14 14_11_02_to_photo.jpg","17193","0.016397","2026/4/6 0:09:18"
"45\45_04_micro_rebel\full_eval\epoch_0030_tokenized_distill_epochs200\images\photo_2013-11-14 14_11_02_to_vangogh.jpg","16581","0.015813","2026/4/6 0:09:18"
"45\45_04_micro_rebel\full_eval\epoch_0030_tokenized_distill_epochs200\images\photo_2013-11-16 04_17_00_to_cezanne.jpg","14854","0.014166","2026/4/6 0:09:13"
"45\45_04_micro_rebel\full_eval\epoch_0030_tokenized_distill_epochs200\images\photo_2013-11-16 04_17_00_to_Hayao.jpg","14565","0.01389","2026/4/6 0:09:12"
"45\45_04_micro_rebel\full_eval\epoch_0030_tokenized_distill_epochs200\images\photo_2013-11-16 04_17_00_to_monet.jpg","15036","0.014339","2026/4/6 0:09:12"
"45\45_04_micro_rebel\full_eval\epoch_0030_tokenized_distill_epochs200\images\photo_2013-11-16 04_17_00_to_photo.jpg","14559","0.013885","2026/4/6 0:09:12"
"45\45_04_micro_rebel\full_eval\epoch_0030_tokenized_distill_epochs200\images\photo_2013-11-16 04_17_00_to_vangogh.jpg","15285","0.014577","2026/4/6 0:09:12"
"45\45_04_micro_rebel\full_eval\epoch_0030_tokenized_distill_epochs200\images\photo_2013-11-17 09_05_09_to_cezanne.jpg","15430","0.014715","2026/4/6 0:09:20"
"45\45_04_micro_rebel\full_eval\epoch_0030_tokenized_distill_epochs200\images\photo_2013-11-17 09_05_09_to_Hayao.jpg","14904","0.014214","2026/4/6 0:09:19"
"45\45_04_micro_rebel\full_eval\epoch_0030_tokenized_distill_epochs200\images\photo_2013-11-17 09_05_09_to_monet.jpg","15632","0.014908","2026/4/6 0:09:19"
"45\45_04_micro_rebel\full_eval\epoch_0030_tokenized_distill_epochs200\images\photo_2013-11-17 09_05_09_to_photo.jpg","15746","0.015017","2026/4/6 0:09:19"
"45\45_04_micro_rebel\full_eval\epoch_0030_tokenized_distill_epochs200\images\photo_2013-11-17 09_05_09_to_vangogh.jpg","15469","0.014752","2026/4/6 0:09:19"
"45\45_04_micro_rebel\full_eval\epoch_0030_tokenized_distill_epochs200\images\photo_2013-11-17 14_54_20_to_cezanne.jpg","15019","0.014323","2026/4/6 0:09:15"
"45\45_04_micro_rebel\full_eval\epoch_0030_tokenized_distill_epochs200\images\photo_2013-11-17 14_54_20_to_Hayao.jpg","14528","0.013855","2026/4/6 0:09:14"
"45\45_04_micro_rebel\full_eval\epoch_0030_tokenized_distill_epochs200\images\photo_2013-11-17 14_54_20_to_monet.jpg","15326","0.014616","2026/4/6 0:09:14"
"45\45_04_micro_rebel\full_eval\epoch_0030_tokenized_distill_epochs200\images\photo_2013-11-17 14_54_20_to_photo.jpg","15427","0.014712","2026/4/6 0:09:14"
"45\45_04_micro_rebel\full_eval\epoch_0030_tokenized_distill_epochs200\images\photo_2013-11-17 14_54_20_to_vangogh.jpg","15437","0.014722","2026/4/6 0:09:15"
"45\45_04_micro_rebel\full_eval\epoch_0030_tokenized_distill_epochs200\images\photo_2013-11-17 16_40_10_to_cezanne.jpg","15661","0.014935","2026/4/6 0:09:21"
"45\45_04_micro_rebel\full_eval\epoch_0030_tokenized_distill_epochs200\images\photo_2013-11-17 16_40_10_to_Hayao.jpg","15192","0.014488","2026/4/6 0:09:20"
"45\45_04_micro_rebel\full_eval\epoch_0030_tokenized_distill_epochs200\images\photo_2013-11-17 16_40_10_to_monet.jpg","15818","0.015085","2026/4/6 0:09:20"
"45\45_04_micro_rebel\full_eval\epoch_0030_tokenized_distill_epochs200\images\photo_2013-11-17 16_40_10_to_photo.jpg","15939","0.015201","2026/4/6 0:09:20"
"45\45_04_micro_rebel\full_eval\epoch_0030_tokenized_distill_epochs200\images\photo_2013-11-17 16_40_10_to_vangogh.jpg","15500","0.014782","2026/4/6 0:09:21"
"45\45_04_micro_rebel\full_eval\epoch_0030_tokenized_distill_epochs200\images\photo_2013-11-17 17_36_09_to_cezanne.jpg","16460","0.015697","2026/4/6 0:09:13"
"45\45_04_micro_rebel\full_eval\epoch_0030_tokenized_distill_epochs200\images\photo_2013-11-17 17_36_09_to_Hayao.jpg","15740","0.015011","2026/4/6 0:09:12"
"45\45_04_micro_rebel\full_eval\epoch_0030_tokenized_distill_epochs200\images\photo_2013-11-17 17_36_09_to_monet.jpg","16455","0.015693","2026/4/6 0:09:12"
"45\45_04_micro_rebel\full_eval\epoch_0030_tokenized_distill_epochs200\images\photo_2013-11-17 17_36_09_to_photo.jpg","16702","0.015928","2026/4/6 0:09:12"
"45\45_04_micro_rebel\full_eval\epoch_0030_tokenized_distill_epochs200\images\photo_2013-11-17 17_36_09_to_vangogh.jpg","16143","0.015395","2026/4/6 0:09:12"
"45\45_04_micro_rebel\full_eval\epoch_0030_tokenized_distill_epochs200\images\photo_2013-11-17 18_08_26_to_cezanne.jpg","16096","0.01535","2026/4/6 0:09:17"
"45\45_04_micro_rebel\full_eval\epoch_0030_tokenized_distill_epochs200\images\photo_2013-11-17 18_08_26_to_Hayao.jpg","15317","0.014607","2026/4/6 0:09:17"
"45\45_04_micro_rebel\full_eval\epoch_0030_tokenized_distill_epochs200\images\photo_2013-11-17 18_08_26_to_monet.jpg","15886","0.01515","2026/4/6 0:09:17"
"45\45_04_micro_rebel\full_eval\epoch_0030_tokenized_distill_epochs200\images\photo_2013-11-17 18_08_26_to_photo.jpg","16198","0.015448","2026/4/6 0:09:16"
"45\45_04_micro_rebel\full_eval\epoch_0030_tokenized_distill_epochs200\images\photo_2013-11-17 18_08_26_to_vangogh.jpg","16023","0.015281","2026/4/6 0:09:17"
"45\45_04_micro_rebel\full_eval\epoch_0030_tokenized_distill_epochs200\images\photo_2013-11-17 23_58_45_to_cezanne.jpg","16324","0.015568","2026/4/6 0:09:13"
"45\45_04_micro_rebel\full_eval\epoch_0030_tokenized_distill_epochs200\images\photo_2013-11-17 23_58_45_to_Hayao.jpg","15644","0.014919","2026/4/6 0:09:12"
"45\45_04_micro_rebel\full_eval\epoch_0030_tokenized_distill_epochs200\images\photo_2013-11-17 23_58_45_to_monet.jpg","16074","0.015329","2026/4/6 0:09:12"
"45\45_04_micro_rebel\full_eval\epoch_0030_tokenized_distill_epochs200\images\photo_2013-11-17 23_58_45_to_photo.jpg","16612","0.015842","2026/4/6 0:09:12"
"45\45_04_micro_rebel\full_eval\epoch_0030_tokenized_distill_epochs200\images\photo_2013-11-17 23_58_45_to_vangogh.jpg","16098","0.015352","2026/4/6 0:09:12"
"45\45_04_micro_rebel\full_eval\epoch_0030_tokenized_distill_epochs200\images\photo_2013-11-18 02_42_31_to_cezanne.jpg","15652","0.014927","2026/4/6 0:09:14"
"45\45_04_micro_rebel\full_eval\epoch_0030_tokenized_distill_epochs200\images\photo_2013-11-18 02_42_31_to_Hayao.jpg","15045","0.014348","2026/4/6 0:09:13"
"45\45_04_micro_rebel\full_eval\epoch_0030_tokenized_distill_epochs200\images\photo_2013-11-18 02_42_31_to_monet.jpg","15453","0.014737","2026/4/6 0:09:13"
"45\45_04_micro_rebel\full_eval\epoch_0030_tokenized_distill_epochs200\images\photo_2013-11-18 02_42_31_to_photo.jpg","16200","0.01545","2026/4/6 0:09:13"
"45\45_04_micro_rebel\full_eval\epoch_0030_tokenized_distill_epochs200\images\photo_2013-11-18 02_42_31_to_vangogh.jpg","15411","0.014697","2026/4/6 0:09:14"
"45\45_04_micro_rebel\full_eval\epoch_0030_tokenized_distill_epochs200\images\photo_2013-11-18 06_58_36_to_cezanne.jpg","15015","0.014319","2026/4/6 0:09:20"
"45\45_04_micro_rebel\full_eval\epoch_0030_tokenized_distill_epochs200\images\photo_2013-11-18 06_58_36_to_Hayao.jpg","14086","0.013433","2026/4/6 0:09:19"
"45\45_04_micro_rebel\full_eval\epoch_0030_tokenized_distill_epochs200\images\photo_2013-11-18 06_58_36_to_monet.jpg","14849","0.014161","2026/4/6 0:09:19"
"45\45_04_micro_rebel\full_eval\epoch_0030_tokenized_distill_epochs200\images\photo_2013-11-18 06_58_36_to_photo.jpg","14937","0.014245","2026/4/6 0:09:19"
"45\45_04_micro_rebel\full_eval\epoch_0030_tokenized_distill_epochs200\images\photo_2013-11-18 06_58_36_to_vangogh.jpg","14769","0.014085","2026/4/6 0:09:19"
"45\45_04_micro_rebel\full_eval\epoch_0030_tokenized_distill_epochs200\images\photo_2013-11-18 08_52_05_to_cezanne.jpg","15632","0.014908","2026/4/6 0:09:15"
"45\45_04_micro_rebel\full_eval\epoch_0030_tokenized_distill_epochs200\images\photo_2013-11-18 08_52_05_to_Hayao.jpg","15083","0.014384","2026/4/6 0:09:14"
"45\45_04_micro_rebel\full_eval\epoch_0030_tokenized_distill_epochs200\images\photo_2013-11-18 08_52_05_to_monet.jpg","15650","0.014925","2026/4/6 0:09:14"
"45\45_04_micro_rebel\full_eval\epoch_0030_tokenized_distill_epochs200\images\photo_2013-11-18 08_52_05_to_photo.jpg","15994","0.015253","2026/4/6 0:09:14"
"45\45_04_micro_rebel\full_eval\epoch_0030_tokenized_distill_epochs200\images\photo_2013-11-18 08_52_05_to_vangogh.jpg","15918","0.015181","2026/4/6 0:09:15"
"45\45_04_micro_rebel\full_eval\epoch_0030_tokenized_distill_epochs200\images\photo_2013-11-18 11_46_45_to_cezanne.jpg","14419","0.013751","2026/4/6 0:09:20"
"45\45_04_micro_rebel\full_eval\epoch_0030_tokenized_distill_epochs200\images\photo_2013-11-18 11_46_45_to_Hayao.jpg","13694","0.01306","2026/4/6 0:09:19"
"45\45_04_micro_rebel\full_eval\epoch_0030_tokenized_distill_epochs200\images\photo_2013-11-18 11_46_45_to_monet.jpg","14367","0.013701","2026/4/6 0:09:19"
"45\45_04_micro_rebel\full_eval\epoch_0030_tokenized_distill_epochs200\images\photo_2013-11-18 11_46_45_to_photo.jpg","14448","0.013779","2026/4/6 0:09:19"
"45\45_04_micro_rebel\full_eval\epoch_0030_tokenized_distill_epochs200\images\photo_2013-11-18 11_46_45_to_vangogh.jpg","14388","0.013721","2026/4/6 0:09:19"
"45\45_04_micro_rebel\full_eval\epoch_0030_tokenized_distill_epochs200\images\photo_2013-11-19 00_58_04_to_cezanne.jpg","15616","0.014893","2026/4/6 0:09:15"
"45\45_04_micro_rebel\full_eval\epoch_0030_tokenized_distill_epochs200\images\photo_2013-11-19 00_58_04_to_Hayao.jpg","15197","0.014493","2026/4/6 0:09:14"
"45\45_04_micro_rebel\full_eval\epoch_0030_tokenized_distill_epochs200\images\photo_2013-11-19 00_58_04_to_monet.jpg","15317","0.014607","2026/4/6 0:09:14"
"45\45_04_micro_rebel\full_eval\epoch_0030_tokenized_distill_epochs200\images\photo_2013-11-19 00_58_04_to_photo.jpg","15272","0.014565","2026/4/6 0:09:14"
"45\45_04_micro_rebel\full_eval\epoch_0030_tokenized_distill_epochs200\images\photo_2013-11-19 00_58_04_to_vangogh.jpg","15704","0.014977","2026/4/6 0:09:15"
"45\45_04_micro_rebel\full_eval\epoch_0030_tokenized_distill_epochs200\images\photo_2013-11-19 05_01_31_to_cezanne.jpg","15153","0.014451","2026/4/6 0:09:18"
"45\45_04_micro_rebel\full_eval\epoch_0030_tokenized_distill_epochs200\images\photo_2013-11-19 05_01_31_to_Hayao.jpg","14568","0.013893","2026/4/6 0:09:18"
"45\45_04_micro_rebel\full_eval\epoch_0030_tokenized_distill_epochs200\images\photo_2013-11-19 05_01_31_to_monet.jpg","15213","0.014508","2026/4/6 0:09:18"
"45\45_04_micro_rebel\full_eval\epoch_0030_tokenized_distill_epochs200\images\photo_2013-11-19 05_01_31_to_photo.jpg","15448","0.014732","2026/4/6 0:09:18"
"45\45_04_micro_rebel\full_eval\epoch_0030_tokenized_distill_epochs200\images\photo_2013-11-19 05_01_31_to_vangogh.jpg","15195","0.014491","2026/4/6 0:09:18"
"45\45_04_micro_rebel\full_eval\epoch_0030_tokenized_distill_epochs200\images\photo_2013-11-20 11_21_32_to_cezanne.jpg","16298","0.015543","2026/4/6 0:09:17"
"45\45_04_micro_rebel\full_eval\epoch_0030_tokenized_distill_epochs200\images\photo_2013-11-20 11_21_32_to_Hayao.jpg","15286","0.014578","2026/4/6 0:09:17"
"45\45_04_micro_rebel\full_eval\epoch_0030_tokenized_distill_epochs200\images\photo_2013-11-20 11_21_32_to_monet.jpg","16445","0.015683","2026/4/6 0:09:17"
"45\45_04_micro_rebel\full_eval\epoch_0030_tokenized_distill_epochs200\images\photo_2013-11-20 11_21_32_to_photo.jpg","16633","0.015862","2026/4/6 0:09:16"
"45\45_04_micro_rebel\full_eval\epoch_0030_tokenized_distill_epochs200\images\photo_2013-11-20 11_21_32_to_vangogh.jpg","16144","0.015396","2026/4/6 0:09:17"
"45\45_04_micro_rebel\full_eval\epoch_0030_tokenized_distill_epochs200\images\photo_2013-11-21 01_47_41_to_cezanne.jpg","15373","0.014661","2026/4/6 0:09:16"
"45\45_04_micro_rebel\full_eval\epoch_0030_tokenized_distill_epochs200\images\photo_2013-11-21 01_47_41_to_Hayao.jpg","14796","0.014111","2026/4/6 0:09:15"
"45\45_04_micro_rebel\full_eval\epoch_0030_tokenized_distill_epochs200\images\photo_2013-11-21 01_47_41_to_monet.jpg","15228","0.014523","2026/4/6 0:09:16"
"45\45_04_micro_rebel\full_eval\epoch_0030_tokenized_distill_epochs200\images\photo_2013-11-21 01_47_41_to_photo.jpg","15451","0.014735","2026/4/6 0:09:15"
"45\45_04_micro_rebel\full_eval\epoch_0030_tokenized_distill_epochs200\images\photo_2013-11-21 01_47_41_to_vangogh.jpg","15632","0.014908","2026/4/6 0:09:16"
"45\45_04_micro_rebel\full_eval\epoch_0030_tokenized_distill_epochs200\images\photo_2013-11-21 05_56_32_to_cezanne.jpg","14083","0.013431","2026/4/6 0:09:16"
"45\45_04_micro_rebel\full_eval\epoch_0030_tokenized_distill_epochs200\images\photo_2013-11-21 05_56_32_to_Hayao.jpg","13365","0.012746","2026/4/6 0:09:15"
"45\45_04_micro_rebel\full_eval\epoch_0030_tokenized_distill_epochs200\images\photo_2013-11-21 05_56_32_to_monet.jpg","13783","0.013144","2026/4/6 0:09:16"
"45\45_04_micro_rebel\full_eval\epoch_0030_tokenized_distill_epochs200\images\photo_2013-11-21 05_56_32_to_photo.jpg","13779","0.013141","2026/4/6 0:09:15"
"45\45_04_micro_rebel\full_eval\epoch_0030_tokenized_distill_epochs200\images\photo_2013-11-21 05_56_32_to_vangogh.jpg","14138","0.013483","2026/4/6 0:09:16"
"45\45_04_micro_rebel\full_eval\epoch_0030_tokenized_distill_epochs200\images\photo_2013-11-21 17_44_44_to_cezanne.jpg","15664","0.014938","2026/4/6 0:09:20"
"45\45_04_micro_rebel\full_eval\epoch_0030_tokenized_distill_epochs200\images\photo_2013-11-21 17_44_44_to_Hayao.jpg","15293","0.014585","2026/4/6 0:09:19"
"45\45_04_micro_rebel\full_eval\epoch_0030_tokenized_distill_epochs200\images\photo_2013-11-21 17_44_44_to_monet.jpg","15789","0.015058","2026/4/6 0:09:19"
"45\45_04_micro_rebel\full_eval\epoch_0030_tokenized_distill_epochs200\images\photo_2013-11-21 17_44_44_to_photo.jpg","15832","0.015099","2026/4/6 0:09:19"
"45\45_04_micro_rebel\full_eval\epoch_0030_tokenized_distill_epochs200\images\photo_2013-11-21 17_44_44_to_vangogh.jpg","15914","0.015177","2026/4/6 0:09:19"
"45\45_04_micro_rebel\full_eval\epoch_0030_tokenized_distill_epochs200\images\photo_2013-11-22 14_12_35_to_cezanne.jpg","15171","0.014468","2026/4/6 0:09:21"
"45\45_04_micro_rebel\full_eval\epoch_0030_tokenized_distill_epochs200\images\photo_2013-11-22 14_12_35_to_Hayao.jpg","14397","0.01373","2026/4/6 0:09:20"
"45\45_04_micro_rebel\full_eval\epoch_0030_tokenized_distill_epochs200\images\photo_2013-11-22 14_12_35_to_monet.jpg","15084","0.014385","2026/4/6 0:09:20"
"45\45_04_micro_rebel\full_eval\epoch_0030_tokenized_distill_epochs200\images\photo_2013-11-22 14_12_35_to_photo.jpg","15414","0.0147","2026/4/6 0:09:20"
"45\45_04_micro_rebel\full_eval\epoch_0030_tokenized_distill_epochs200\images\photo_2013-11-22 14_12_35_to_vangogh.jpg","15094","0.014395","2026/4/6 0:09:21"
"45\45_04_micro_rebel\full_eval\epoch_0030_tokenized_distill_epochs200\images\photo_2013-11-22 14_15_50_to_cezanne.jpg","15473","0.014756","2026/4/6 0:09:18"
"45\45_04_micro_rebel\full_eval\epoch_0030_tokenized_distill_epochs200\images\photo_2013-11-22 14_15_50_to_Hayao.jpg","15036","0.014339","2026/4/6 0:09:18"
"45\45_04_micro_rebel\full_eval\epoch_0030_tokenized_distill_epochs200\images\photo_2013-11-22 14_15_50_to_monet.jpg","15334","0.014624","2026/4/6 0:09:18"
"45\45_04_micro_rebel\full_eval\epoch_0030_tokenized_distill_epochs200\images\photo_2013-11-22 14_15_50_to_photo.jpg","15618","0.014894","2026/4/6 0:09:18"
"45\45_04_micro_rebel\full_eval\epoch_0030_tokenized_distill_epochs200\images\photo_2013-11-22 14_15_50_to_vangogh.jpg","15350","0.014639","2026/4/6 0:09:18"
"45\45_04_micro_rebel\full_eval\epoch_0030_tokenized_distill_epochs200\images\photo_2013-11-23 13_03_15_to_cezanne.jpg","15604","0.014881","2026/4/6 0:09:14"
"45\45_04_micro_rebel\full_eval\epoch_0030_tokenized_distill_epochs200\images\photo_2013-11-23 13_03_15_to_Hayao.jpg","15195","0.014491","2026/4/6 0:09:13"
"45\45_04_micro_rebel\full_eval\epoch_0030_tokenized_distill_epochs200\images\photo_2013-11-23 13_03_15_to_monet.jpg","15551","0.014831","2026/4/6 0:09:13"
"45\45_04_micro_rebel\full_eval\epoch_0030_tokenized_distill_epochs200\images\photo_2013-11-23 13_03_15_to_photo.jpg","15888","0.015152","2026/4/6 0:09:13"
"45\45_04_micro_rebel\full_eval\epoch_0030_tokenized_distill_epochs200\images\photo_2013-11-23 13_03_15_to_vangogh.jpg","15763","0.015033","2026/4/6 0:09:14"
"45\45_04_micro_rebel\full_eval\epoch_0030_tokenized_distill_epochs200\images\photo_2013-11-25 10_46_18_to_cezanne.jpg","14695","0.014014","2026/4/6 0:09:18"
"45\45_04_micro_rebel\full_eval\epoch_0030_tokenized_distill_epochs200\images\photo_2013-11-25 10_46_18_to_Hayao.jpg","13951","0.013305","2026/4/6 0:09:18"
"45\45_04_micro_rebel\full_eval\epoch_0030_tokenized_distill_epochs200\images\photo_2013-11-25 10_46_18_to_monet.jpg","14584","0.013908","2026/4/6 0:09:18"
"45\45_04_micro_rebel\full_eval\epoch_0030_tokenized_distill_epochs200\images\photo_2013-11-25 10_46_18_to_photo.jpg","14611","0.013934","2026/4/6 0:09:18"
"45\45_04_micro_rebel\full_eval\epoch_0030_tokenized_distill_epochs200\images\photo_2013-11-25 10_46_18_to_vangogh.jpg","14833","0.014146","2026/4/6 0:09:18"
"45\45_04_micro_rebel\full_eval\epoch_0030_tokenized_distill_epochs200\images\vangogh_00005_to_cezanne.jpg","16678","0.015905","2026/4/6 0:09:44"
"45\45_04_micro_rebel\full_eval\epoch_0030_tokenized_distill_epochs200\images\vangogh_00005_to_Hayao.jpg","16084","0.015339","2026/4/6 0:09:44"
"45\45_04_micro_rebel\full_eval\epoch_0030_tokenized_distill_epochs200\images\vangogh_00005_to_monet.jpg","16765","0.015988","2026/4/6 0:09:44"
"45\45_04_micro_rebel\full_eval\epoch_0030_tokenized_distill_epochs200\images\vangogh_00005_to_photo.jpg","16927","0.016143","2026/4/6 0:09:43"
"45\45_04_micro_rebel\full_eval\epoch_0030_tokenized_distill_epochs200\images\vangogh_00005_to_vangogh.jpg","16594","0.015825","2026/4/6 0:09:44"
"45\45_04_micro_rebel\full_eval\epoch_0030_tokenized_distill_epochs200\images\vangogh_00090_to_cezanne.jpg","16466","0.015703","2026/4/6 0:09:42"
"45\45_04_micro_rebel\full_eval\epoch_0030_tokenized_distill_epochs200\images\vangogh_00090_to_Hayao.jpg","15504","0.014786","2026/4/6 0:09:41"
"45\45_04_micro_rebel\full_eval\epoch_0030_tokenized_distill_epochs200\images\vangogh_00090_to_monet.jpg","16926","0.016142","2026/4/6 0:09:41"
"45\45_04_micro_rebel\full_eval\epoch_0030_tokenized_distill_epochs200\images\vangogh_00090_to_photo.jpg","16919","0.016135","2026/4/6 0:09:41"
"45\45_04_micro_rebel\full_eval\epoch_0030_tokenized_distill_epochs200\images\vangogh_00090_to_vangogh.jpg","16381","0.015622","2026/4/6 0:09:42"
"45\45_04_micro_rebel\full_eval\epoch_0030_tokenized_distill_epochs200\images\vangogh_00098_to_cezanne.jpg","17255","0.016456","2026/4/6 0:09:39"
"45\45_04_micro_rebel\full_eval\epoch_0030_tokenized_distill_epochs200\images\vangogh_00098_to_Hayao.jpg","16699","0.015925","2026/4/6 0:09:39"
"45\45_04_micro_rebel\full_eval\epoch_0030_tokenized_distill_epochs200\images\vangogh_00098_to_monet.jpg","17643","0.016826","2026/4/6 0:09:39"
"45\45_04_micro_rebel\full_eval\epoch_0030_tokenized_distill_epochs200\images\vangogh_00098_to_photo.jpg","17868","0.01704","2026/4/6 0:09:39"
"45\45_04_micro_rebel\full_eval\epoch_0030_tokenized_distill_epochs200\images\vangogh_00098_to_vangogh.jpg","17544","0.016731","2026/4/6 0:09:39"
"45\45_04_micro_rebel\full_eval\epoch_0030_tokenized_distill_epochs200\images\vangogh_00163_to_cezanne.jpg","15489","0.014771","2026/4/6 0:09:41"
"45\45_04_micro_rebel\full_eval\epoch_0030_tokenized_distill_epochs200\images\vangogh_00163_to_Hayao.jpg","14025","0.013375","2026/4/6 0:09:40"
"45\45_04_micro_rebel\full_eval\epoch_0030_tokenized_distill_epochs200\images\vangogh_00163_to_monet.jpg","15441","0.014726","2026/4/6 0:09:40"
"45\45_04_micro_rebel\full_eval\epoch_0030_tokenized_distill_epochs200\images\vangogh_00163_to_photo.jpg","15549","0.014829","2026/4/6 0:09:40"
"45\45_04_micro_rebel\full_eval\epoch_0030_tokenized_distill_epochs200\images\vangogh_00163_to_vangogh.jpg","15645","0.01492","2026/4/6 0:09:40"
"45\45_04_micro_rebel\full_eval\epoch_0030_tokenized_distill_epochs200\images\vangogh_00167_to_cezanne.jpg","14911","0.01422","2026/4/6 0:09:43"
"45\45_04_micro_rebel\full_eval\epoch_0030_tokenized_distill_epochs200\images\vangogh_00167_to_Hayao.jpg","14002","0.013353","2026/4/6 0:09:42"
"45\45_04_micro_rebel\full_eval\epoch_0030_tokenized_distill_epochs200\images\vangogh_00167_to_monet.jpg","15035","0.014338","2026/4/6 0:09:43"
"45\45_04_micro_rebel\full_eval\epoch_0030_tokenized_distill_epochs200\images\vangogh_00167_to_photo.jpg","15193","0.014489","2026/4/6 0:09:42"
"45\45_04_micro_rebel\full_eval\epoch_0030_tokenized_distill_epochs200\images\vangogh_00167_to_vangogh.jpg","15136","0.014435","2026/4/6 0:09:43"
"45\45_04_micro_rebel\full_eval\epoch_0030_tokenized_distill_epochs200\images\vangogh_00169_to_cezanne.jpg","17524","0.016712","2026/4/6 0:09:39"
"45\45_04_micro_rebel\full_eval\epoch_0030_tokenized_distill_epochs200\images\vangogh_00169_to_Hayao.jpg","16785","0.016007","2026/4/6 0:09:39"
"45\45_04_micro_rebel\full_eval\epoch_0030_tokenized_distill_epochs200\images\vangogh_00169_to_monet.jpg","17265","0.016465","2026/4/6 0:09:39"
"45\45_04_micro_rebel\full_eval\epoch_0030_tokenized_distill_epochs200\images\vangogh_00169_to_photo.jpg","17762","0.016939","2026/4/6 0:09:39"
"45\45_04_micro_rebel\full_eval\epoch_0030_tokenized_distill_epochs200\images\vangogh_00169_to_vangogh.jpg","17232","0.016434","2026/4/6 0:09:39"
"45\45_04_micro_rebel\full_eval\epoch_0030_tokenized_distill_epochs200\images\vangogh_00177_to_cezanne.jpg","16528","0.015762","2026/4/6 0:09:42"
"45\45_04_micro_rebel\full_eval\epoch_0030_tokenized_distill_epochs200\images\vangogh_00177_to_Hayao.jpg","15110","0.01441","2026/4/6 0:09:41"
"45\45_04_micro_rebel\full_eval\epoch_0030_tokenized_distill_epochs200\images\vangogh_00177_to_monet.jpg","16576","0.015808","2026/4/6 0:09:41"
"45\45_04_micro_rebel\full_eval\epoch_0030_tokenized_distill_epochs200\images\vangogh_00177_to_photo.jpg","17150","0.016356","2026/4/6 0:09:41"
"45\45_04_micro_rebel\full_eval\epoch_0030_tokenized_distill_epochs200\images\vangogh_00177_to_vangogh.jpg","16118","0.015371","2026/4/6 0:09:42"
"45\45_04_micro_rebel\full_eval\epoch_0030_tokenized_distill_epochs200\images\vangogh_00202_to_cezanne.jpg","17045","0.016255","2026/4/6 0:09:41"
"45\45_04_micro_rebel\full_eval\epoch_0030_tokenized_distill_epochs200\images\vangogh_00202_to_Hayao.jpg","16774","0.015997","2026/4/6 0:09:40"
"45\45_04_micro_rebel\full_eval\epoch_0030_tokenized_distill_epochs200\images\vangogh_00202_to_monet.jpg","17156","0.016361","2026/4/6 0:09:40"
"45\45_04_micro_rebel\full_eval\epoch_0030_tokenized_distill_epochs200\images\vangogh_00202_to_photo.jpg","17592","0.016777","2026/4/6 0:09:40"
"45\45_04_micro_rebel\full_eval\epoch_0030_tokenized_distill_epochs200\images\vangogh_00202_to_vangogh.jpg","17003","0.016215","2026/4/6 0:09:40"
"45\45_04_micro_rebel\full_eval\epoch_0030_tokenized_distill_epochs200\images\vangogh_00220_to_cezanne.jpg","16799","0.016021","2026/4/6 0:09:44"
"45\45_04_micro_rebel\full_eval\epoch_0030_tokenized_distill_epochs200\images\vangogh_00220_to_Hayao.jpg","15990","0.015249","2026/4/6 0:09:44"
"45\45_04_micro_rebel\full_eval\epoch_0030_tokenized_distill_epochs200\images\vangogh_00220_to_monet.jpg","17027","0.016238","2026/4/6 0:09:44"
"45\45_04_micro_rebel\full_eval\epoch_0030_tokenized_distill_epochs200\images\vangogh_00220_to_photo.jpg","17114","0.016321","2026/4/6 0:09:43"
"45\45_04_micro_rebel\full_eval\epoch_0030_tokenized_distill_epochs200\images\vangogh_00220_to_vangogh.jpg","16811","0.016032","2026/4/6 0:09:44"
"45\45_04_micro_rebel\full_eval\epoch_0030_tokenized_distill_epochs200\images\vangogh_00243_to_cezanne.jpg","16835","0.016055","2026/4/6 0:09:39"
"45\45_04_micro_rebel\full_eval\epoch_0030_tokenized_distill_epochs200\images\vangogh_00243_to_Hayao.jpg","16045","0.015302","2026/4/6 0:09:39"
"45\45_04_micro_rebel\full_eval\epoch_0030_tokenized_distill_epochs200\images\vangogh_00243_to_monet.jpg","16849","0.016068","2026/4/6 0:09:39"
"45\45_04_micro_rebel\full_eval\epoch_0030_tokenized_distill_epochs200\images\vangogh_00243_to_photo.jpg","17439","0.016631","2026/4/6 0:09:39"
"45\45_04_micro_rebel\full_eval\epoch_0030_tokenized_distill_epochs200\images\vangogh_00243_to_vangogh.jpg","16941","0.016156","2026/4/6 0:09:39"
"45\45_04_micro_rebel\full_eval\epoch_0030_tokenized_distill_epochs200\images\vangogh_00264_to_cezanne.jpg","16355","0.015597","2026/4/6 0:09:46"
"45\45_04_micro_rebel\full_eval\epoch_0030_tokenized_distill_epochs200\images\vangogh_00264_to_Hayao.jpg","16334","0.015577","2026/4/6 0:09:46"
"45\45_04_micro_rebel\full_eval\epoch_0030_tokenized_distill_epochs200\images\vangogh_00264_to_monet.jpg","16570","0.015802","2026/4/6 0:09:46"
"45\45_04_micro_rebel\full_eval\epoch_0030_tokenized_distill_epochs200\images\vangogh_00264_to_photo.jpg","16739","0.015964","2026/4/6 0:09:46"
"45\45_04_micro_rebel\full_eval\epoch_0030_tokenized_distill_epochs200\images\vangogh_00264_to_vangogh.jpg","16888","0.016106","2026/4/6 0:09:46"
"45\45_04_micro_rebel\full_eval\epoch_0030_tokenized_distill_epochs200\images\vangogh_00272_to_cezanne.jpg","16541","0.015775","2026/4/6 0:09:42"
"45\45_04_micro_rebel\full_eval\epoch_0030_tokenized_distill_epochs200\images\vangogh_00272_to_Hayao.jpg","16311","0.015555","2026/4/6 0:09:41"
"45\45_04_micro_rebel\full_eval\epoch_0030_tokenized_distill_epochs200\images\vangogh_00272_to_monet.jpg","16594","0.015825","2026/4/6 0:09:41"
"45\45_04_micro_rebel\full_eval\epoch_0030_tokenized_distill_epochs200\images\vangogh_00272_to_photo.jpg","17149","0.016355","2026/4/6 0:09:41"
"45\45_04_micro_rebel\full_eval\epoch_0030_tokenized_distill_epochs200\images\vangogh_00272_to_vangogh.jpg","16708","0.015934","2026/4/6 0:09:42"
"45\45_04_micro_rebel\full_eval\epoch_0030_tokenized_distill_epochs200\images\vangogh_00277_to_cezanne.jpg","14913","0.014222","2026/4/6 0:09:46"
"45\45_04_micro_rebel\full_eval\epoch_0030_tokenized_distill_epochs200\images\vangogh_00277_to_Hayao.jpg","14293","0.013631","2026/4/6 0:09:46"
"45\45_04_micro_rebel\full_eval\epoch_0030_tokenized_distill_epochs200\images\vangogh_00277_to_monet.jpg","14996","0.014301","2026/4/6 0:09:46"
"45\45_04_micro_rebel\full_eval\epoch_0030_tokenized_distill_epochs200\images\vangogh_00277_to_photo.jpg","15133","0.014432","2026/4/6 0:09:46"
"45\45_04_micro_rebel\full_eval\epoch_0030_tokenized_distill_epochs200\images\vangogh_00277_to_vangogh.jpg","15077","0.014379","2026/4/6 0:09:46"
"45\45_04_micro_rebel\full_eval\epoch_0030_tokenized_distill_epochs200\images\vangogh_00289_to_cezanne.jpg","16975","0.016189","2026/4/6 0:09:38"
"45\45_04_micro_rebel\full_eval\epoch_0030_tokenized_distill_epochs200\images\vangogh_00289_to_Hayao.jpg","16667","0.015895","2026/4/6 0:09:38"
"45\45_04_micro_rebel\full_eval\epoch_0030_tokenized_distill_epochs200\images\vangogh_00289_to_monet.jpg","17056","0.016266","2026/4/6 0:09:38"
"45\45_04_micro_rebel\full_eval\epoch_0030_tokenized_distill_epochs200\images\vangogh_00289_to_photo.jpg","17385","0.01658","2026/4/6 0:09:37"
"45\45_04_micro_rebel\full_eval\epoch_0030_tokenized_distill_epochs200\images\vangogh_00289_to_vangogh.jpg","17025","0.016236","2026/4/6 0:09:38"
"45\45_04_micro_rebel\full_eval\epoch_0030_tokenized_distill_epochs200\images\vangogh_00292_to_cezanne.jpg","16354","0.015596","2026/4/6 0:09:43"
"45\45_04_micro_rebel\full_eval\epoch_0030_tokenized_distill_epochs200\images\vangogh_00292_to_Hayao.jpg","15803","0.015071","2026/4/6 0:09:42"
"45\45_04_micro_rebel\full_eval\epoch_0030_tokenized_distill_epochs200\images\vangogh_00292_to_monet.jpg","16612","0.015842","2026/4/6 0:09:43"
"45\45_04_micro_rebel\full_eval\epoch_0030_tokenized_distill_epochs200\images\vangogh_00292_to_photo.jpg","16798","0.01602","2026/4/6 0:09:42"
"45\45_04_micro_rebel\full_eval\epoch_0030_tokenized_distill_epochs200\images\vangogh_00292_to_vangogh.jpg","16508","0.015743","2026/4/6 0:09:43"
"45\45_04_micro_rebel\full_eval\epoch_0030_tokenized_distill_epochs200\images\vangogh_00295_to_cezanne.jpg","17390","0.016584","2026/4/6 0:09:38"
"45\45_04_micro_rebel\full_eval\epoch_0030_tokenized_distill_epochs200\images\vangogh_00295_to_Hayao.jpg","16833","0.016053","2026/4/6 0:09:38"
"45\45_04_micro_rebel\full_eval\epoch_0030_tokenized_distill_epochs200\images\vangogh_00295_to_monet.jpg","17498","0.016687","2026/4/6 0:09:38"
"45\45_04_micro_rebel\full_eval\epoch_0030_tokenized_distill_epochs200\images\vangogh_00295_to_photo.jpg","17691","0.016871","2026/4/6 0:09:37"
"45\45_04_micro_rebel\full_eval\epoch_0030_tokenized_distill_epochs200\images\vangogh_00295_to_vangogh.jpg","17173","0.016377","2026/4/6 0:09:38"
"45\45_04_micro_rebel\full_eval\epoch_0030_tokenized_distill_epochs200\images\vangogh_00321_to_cezanne.jpg","17261","0.016461","2026/4/6 0:09:41"
"45\45_04_micro_rebel\full_eval\epoch_0030_tokenized_distill_epochs200\images\vangogh_00321_to_Hayao.jpg","16671","0.015899","2026/4/6 0:09:40"
"45\45_04_micro_rebel\full_eval\epoch_0030_tokenized_distill_epochs200\images\vangogh_00321_to_monet.jpg","17314","0.016512","2026/4/6 0:09:40"
"45\45_04_micro_rebel\full_eval\epoch_0030_tokenized_distill_epochs200\images\vangogh_00321_to_photo.jpg","17895","0.017066","2026/4/6 0:09:40"
"45\45_04_micro_rebel\full_eval\epoch_0030_tokenized_distill_epochs200\images\vangogh_00321_to_vangogh.jpg","17448","0.01664","2026/4/6 0:09:40"
"45\45_04_micro_rebel\full_eval\epoch_0030_tokenized_distill_epochs200\images\vangogh_00352_to_cezanne.jpg","16266","0.015512","2026/4/6 0:09:46"
"45\45_04_micro_rebel\full_eval\epoch_0030_tokenized_distill_epochs200\images\vangogh_00352_to_Hayao.jpg","15655","0.01493","2026/4/6 0:09:46"
"45\45_04_micro_rebel\full_eval\epoch_0030_tokenized_distill_epochs200\images\vangogh_00352_to_monet.jpg","16383","0.015624","2026/4/6 0:09:46"
"45\45_04_micro_rebel\full_eval\epoch_0030_tokenized_distill_epochs200\images\vangogh_00352_to_photo.jpg","16806","0.016027","2026/4/6 0:09:46"
"45\45_04_micro_rebel\full_eval\epoch_0030_tokenized_distill_epochs200\images\vangogh_00352_to_vangogh.jpg","16383","0.015624","2026/4/6 0:09:46"
"45\45_04_micro_rebel\full_eval\epoch_0030_tokenized_distill_epochs200\images\vangogh_00412_to_cezanne.jpg","16653","0.015882","2026/4/6 0:09:41"
"45\45_04_micro_rebel\full_eval\epoch_0030_tokenized_distill_epochs200\images\vangogh_00412_to_Hayao.jpg","16044","0.015301","2026/4/6 0:09:40"
"45\45_04_micro_rebel\full_eval\epoch_0030_tokenized_distill_epochs200\images\vangogh_00412_to_monet.jpg","16909","0.016126","2026/4/6 0:09:40"
"45\45_04_micro_rebel\full_eval\epoch_0030_tokenized_distill_epochs200\images\vangogh_00412_to_photo.jpg","16974","0.016188","2026/4/6 0:09:40"
"45\45_04_micro_rebel\full_eval\epoch_0030_tokenized_distill_epochs200\images\vangogh_00412_to_vangogh.jpg","16505","0.01574","2026/4/6 0:09:40"
"45\45_04_micro_rebel\full_eval\epoch_0030_tokenized_distill_epochs200\images\vangogh_00418_to_cezanne.jpg","16801","0.016023","2026/4/6 0:09:45"
"45\45_04_micro_rebel\full_eval\epoch_0030_tokenized_distill_epochs200\images\vangogh_00418_to_Hayao.jpg","16621","0.015851","2026/4/6 0:09:45"
"45\45_04_micro_rebel\full_eval\epoch_0030_tokenized_distill_epochs200\images\vangogh_00418_to_monet.jpg","16899","0.016116","2026/4/6 0:09:45"
"45\45_04_micro_rebel\full_eval\epoch_0030_tokenized_distill_epochs200\images\vangogh_00418_to_photo.jpg","17062","0.016272","2026/4/6 0:09:44"
"45\45_04_micro_rebel\full_eval\epoch_0030_tokenized_distill_epochs200\images\vangogh_00418_to_vangogh.jpg","17041","0.016252","2026/4/6 0:09:45"
"45\45_04_micro_rebel\full_eval\epoch_0030_tokenized_distill_epochs200\images\vangogh_00427_to_cezanne.jpg","17164","0.016369","2026/4/6 0:09:42"
"45\45_04_micro_rebel\full_eval\epoch_0030_tokenized_distill_epochs200\images\vangogh_00427_to_Hayao.jpg","16710","0.015936","2026/4/6 0:09:41"
"45\45_04_micro_rebel\full_eval\epoch_0030_tokenized_distill_epochs200\images\vangogh_00427_to_monet.jpg","17361","0.016557","2026/4/6 0:09:41"
"45\45_04_micro_rebel\full_eval\epoch_0030_tokenized_distill_epochs200\images\vangogh_00427_to_photo.jpg","17679","0.01686","2026/4/6 0:09:41"
"45\45_04_micro_rebel\full_eval\epoch_0030_tokenized_distill_epochs200\images\vangogh_00427_to_vangogh.jpg","17298","0.016497","2026/4/6 0:09:42"
"45\45_04_micro_rebel\full_eval\epoch_0030_tokenized_distill_epochs200\images\vangogh_00436_to_cezanne.jpg","17527","0.016715","2026/4/6 0:09:45"
"45\45_04_micro_rebel\full_eval\epoch_0030_tokenized_distill_epochs200\images\vangogh_00436_to_Hayao.jpg","16852","0.016071","2026/4/6 0:09:45"
"45\45_04_micro_rebel\full_eval\epoch_0030_tokenized_distill_epochs200\images\vangogh_00436_to_monet.jpg","17949","0.017118","2026/4/6 0:09:45"
"45\45_04_micro_rebel\full_eval\epoch_0030_tokenized_distill_epochs200\images\vangogh_00436_to_photo.jpg","18446","0.017591","2026/4/6 0:09:44"
"45\45_04_micro_rebel\full_eval\epoch_0030_tokenized_distill_epochs200\images\vangogh_00436_to_vangogh.jpg","17745","0.016923","2026/4/6 0:09:45"
"45\45_04_micro_rebel\full_eval\epoch_0030_tokenized_distill_epochs200\images\vangogh_00455_to_cezanne.jpg","17288","0.016487","2026/4/6 0:09:44"
"45\45_04_micro_rebel\full_eval\epoch_0030_tokenized_distill_epochs200\images\vangogh_00455_to_Hayao.jpg","16715","0.015941","2026/4/6 0:09:44"
"45\45_04_micro_rebel\full_eval\epoch_0030_tokenized_distill_epochs200\images\vangogh_00455_to_monet.jpg","17698","0.016878","2026/4/6 0:09:44"
"45\45_04_micro_rebel\full_eval\epoch_0030_tokenized_distill_epochs200\images\vangogh_00455_to_photo.jpg","17978","0.017145","2026/4/6 0:09:43"
"45\45_04_micro_rebel\full_eval\epoch_0030_tokenized_distill_epochs200\images\vangogh_00455_to_vangogh.jpg","17642","0.016825","2026/4/6 0:09:44"
"45\45_04_micro_rebel\full_eval\epoch_0030_tokenized_distill_epochs200\images\vangogh_00519_to_cezanne.jpg","17047","0.016257","2026/4/6 0:09:43"
"45\45_04_micro_rebel\full_eval\epoch_0030_tokenized_distill_epochs200\images\vangogh_00519_to_Hayao.jpg","16832","0.016052","2026/4/6 0:09:42"
"45\45_04_micro_rebel\full_eval\epoch_0030_tokenized_distill_epochs200\images\vangogh_00519_to_monet.jpg","17319","0.016517","2026/4/6 0:09:43"
"45\45_04_micro_rebel\full_eval\epoch_0030_tokenized_distill_epochs200\images\vangogh_00519_to_photo.jpg","17659","0.016841","2026/4/6 0:09:42"
"45\45_04_micro_rebel\full_eval\epoch_0030_tokenized_distill_epochs200\images\vangogh_00519_to_vangogh.jpg","17198","0.016401","2026/4/6 0:09:43"
"45\45_04_micro_rebel\full_eval\epoch_0030_tokenized_distill_epochs200\images\vangogh_00528_to_cezanne.jpg","16265","0.015512","2026/4/6 0:09:43"
"45\45_04_micro_rebel\full_eval\epoch_0030_tokenized_distill_epochs200\images\vangogh_00528_to_Hayao.jpg","13952","0.013306","2026/4/6 0:09:42"
"45\45_04_micro_rebel\full_eval\epoch_0030_tokenized_distill_epochs200\images\vangogh_00528_to_monet.jpg","16126","0.015379","2026/4/6 0:09:43"
"45\45_04_micro_rebel\full_eval\epoch_0030_tokenized_distill_epochs200\images\vangogh_00528_to_photo.jpg","16660","0.015888","2026/4/6 0:09:42"
"45\45_04_micro_rebel\full_eval\epoch_0030_tokenized_distill_epochs200\images\vangogh_00528_to_vangogh.jpg","15978","0.015238","2026/4/6 0:09:43"
"45\45_04_micro_rebel\full_eval\epoch_0030_tokenized_distill_epochs200\images\vangogh_00557_to_cezanne.jpg","16374","0.015615","2026/4/6 0:09:45"
"45\45_04_micro_rebel\full_eval\epoch_0030_tokenized_distill_epochs200\images\vangogh_00557_to_Hayao.jpg","15660","0.014935","2026/4/6 0:09:45"
"45\45_04_micro_rebel\full_eval\epoch_0030_tokenized_distill_epochs200\images\vangogh_00557_to_monet.jpg","16546","0.015779","2026/4/6 0:09:45"
"45\45_04_micro_rebel\full_eval\epoch_0030_tokenized_distill_epochs200\images\vangogh_00557_to_photo.jpg","17019","0.016231","2026/4/6 0:09:44"
"45\45_04_micro_rebel\full_eval\epoch_0030_tokenized_distill_epochs200\images\vangogh_00557_to_vangogh.jpg","16469","0.015706","2026/4/6 0:09:45"
"45\45_04_micro_rebel\full_eval\epoch_0030_tokenized_distill_epochs200\images\vangogh_00561_to_cezanne.jpg","15878","0.015142","2026/4/6 0:09:46"
"45\45_04_micro_rebel\full_eval\epoch_0030_tokenized_distill_epochs200\images\vangogh_00561_to_Hayao.jpg","15028","0.014332","2026/4/6 0:09:46"
"45\45_04_micro_rebel\full_eval\epoch_0030_tokenized_distill_epochs200\images\vangogh_00561_to_monet.jpg","15689","0.014962","2026/4/6 0:09:46"
"45\45_04_micro_rebel\full_eval\epoch_0030_tokenized_distill_epochs200\images\vangogh_00561_to_photo.jpg","16332","0.015575","2026/4/6 0:09:46"
"45\45_04_micro_rebel\full_eval\epoch_0030_tokenized_distill_epochs200\images\vangogh_00561_to_vangogh.jpg","15640","0.014915","2026/4/6 0:09:46"
"45\45_04_micro_rebel\full_eval\epoch_0030_tokenized_distill_epochs200\images\vangogh_00573_to_cezanne.jpg","17073","0.016282","2026/4/6 0:09:44"
"45\45_04_micro_rebel\full_eval\epoch_0030_tokenized_distill_epochs200\images\vangogh_00573_to_Hayao.jpg","16789","0.016011","2026/4/6 0:09:44"
"45\45_04_micro_rebel\full_eval\epoch_0030_tokenized_distill_epochs200\images\vangogh_00573_to_monet.jpg","17547","0.016734","2026/4/6 0:09:44"
"45\45_04_micro_rebel\full_eval\epoch_0030_tokenized_distill_epochs200\images\vangogh_00573_to_photo.jpg","17541","0.016728","2026/4/6 0:09:43"
"45\45_04_micro_rebel\full_eval\epoch_0030_tokenized_distill_epochs200\images\vangogh_00573_to_vangogh.jpg","17778","0.016954","2026/4/6 0:09:44"
"45\45_04_micro_rebel\full_eval\epoch_0030_tokenized_distill_epochs200\images\vangogh_00668_to_cezanne.jpg","17779","0.016955","2026/4/6 0:09:39"
"45\45_04_micro_rebel\full_eval\epoch_0030_tokenized_distill_epochs200\images\vangogh_00668_to_Hayao.jpg","17405","0.016599","2026/4/6 0:09:39"
"45\45_04_micro_rebel\full_eval\epoch_0030_tokenized_distill_epochs200\images\vangogh_00668_to_monet.jpg","18218","0.017374","2026/4/6 0:09:39"
"45\45_04_micro_rebel\full_eval\epoch_0030_tokenized_distill_epochs200\images\vangogh_00668_to_photo.jpg","18755","0.017886","2026/4/6 0:09:39"
"45\45_04_micro_rebel\full_eval\epoch_0030_tokenized_distill_epochs200\images\vangogh_00668_to_vangogh.jpg","18095","0.017257","2026/4/6 0:09:39"
"45\45_04_micro_rebel\full_eval\epoch_0030_tokenized_distill_epochs200\images\vangogh_00681_to_cezanne.jpg","17426","0.016619","2026/4/6 0:09:45"
"45\45_04_micro_rebel\full_eval\epoch_0030_tokenized_distill_epochs200\images\vangogh_00681_to_Hayao.jpg","16732","0.015957","2026/4/6 0:09:45"
"45\45_04_micro_rebel\full_eval\epoch_0030_tokenized_distill_epochs200\images\vangogh_00681_to_monet.jpg","17832","0.017006","2026/4/6 0:09:45"
"45\45_04_micro_rebel\full_eval\epoch_0030_tokenized_distill_epochs200\images\vangogh_00681_to_photo.jpg","18300","0.017452","2026/4/6 0:09:44"
"45\45_04_micro_rebel\full_eval\epoch_0030_tokenized_distill_epochs200\images\vangogh_00681_to_vangogh.jpg","17954","0.017122","2026/4/6 0:09:45"
"45\45_04_micro_rebel\logs\training_20260405_232417.csv","10374","0.009893","2026/4/5 23:48:32"
