{
  "basic": {
    "acc": 0.8011583089828491,
    "macro_recall": 0.7700627446174622,
    "macro_f1": 0.7054222822189331,
    "recall_per_class": [
      0.8045602440834045,
      0.8731343150138855,
      0.7142857313156128,
      0.625,
      0.8333333134651184
    ],
    "precision_per_class": [
      0.9814569354057312,
      0.8666666746139526,
      0.504807710647583,
      0.43478259444236755,
      0.5582524538040161
    ],
    "f1_per_class": [
      0.8842481970787048,
      0.8698885440826416,
      0.5915493369102478,
      0.5128204822540283,
      0.6686046719551086
    ],
    "min_recall": 0.625,
    "recall_std": 0.08941058814525604,
    "confusion_matrix": [
      [
        741,
        33,
        78,
        32,
        37
      ],
      [
        10,
        234,
        8,
        6,
        10
      ],
      [
        3,
        0,
        105,
        16,
        23
      ],
      [
        0,
        2,
        7,
        50,
        21
      ],
      [
        1,
        1,
        10,
        11,
        115
      ]
    ]
  },
  "calibration": {
    "ece": 0.035105884075164795,
    "mean_confidence": 0.823338508605957
  },
  "invariance": {
    "top1_agreement": 0.9140625,
    "mean_kl": 0.13886442352086306
  },
  "classifier_usable": false,
  "fail_reasons": [
    "macro_recall<0.85 (0.770)",
    "min_recall<0.75 (0.625)"
  ],
  "temperature_scaling": {
    "enabled": true,
    "temperature": 1.1251029968261719,
    "nll_raw": 0.6483403444290161,
    "nll_calibrated": 0.6421849131584167,
    "ece_raw": 0.035105884075164795,
    "ece_calibrated": 0.04667266085743904,
    "mean_confidence_raw": 0.823338508605957,
    "mean_confidence_calibrated": 0.7924913167953491
  },
  "classifier_usable_calibrated": false,
  "fail_reasons_calibrated": [
    "macro_recall<0.85 (0.770)",
    "min_recall<0.75 (0.625)"
  ]
}