epoch,loss_total,loss_style_swd,loss_style_swd_weighted,loss_mse,loss_mse_weighted,loss_layout,loss_mse_raw,learning_rate,epoch_time
1,14.098632,5.272454,4.573131,1.09e-05,0.00
2,9.462629,4.257289,10.852754,2.08e-05,0.00
3,9.803918,3.720198,19.669754,3.07e-05,0.00
4,9.928731,3.492848,27.859099,4.06e-05,0.00
5,9.970357,3.322248,39.587088,5.05e-05,0.00
