{
  "checkpoint": "..\\exp_S2_color_blind\\epoch_0150.pt",
  "timestamp": "2026-03-03 08:24:44",
  "metrics_note": {
    "clip_dir": "cos( CLIP(gen)-CLIP(src), CLIP(target_style_proto)-CLIP(src) ) - Measures edit direction.",
    "clip_style": "cos( CLIP(gen), CLIP(target_style_proto) ) - Measures absolute style similarity.",
    "fid_baseline": "FID between source-domain images and target-style references.",
    "fid": "FID between generated images and target-style real references (Inception features).",
    "delta_fid": "fid_baseline - fid (higher is better).",
    "delta_fid_ratio": "delta_fid / fid_baseline (relative improvement ratio).",
    "art_fid": "computed as (1 + fid_style) * (1 + content_lpips)"
  },
  "matrix_breakdown": {
    "photo": {
      "photo": {
        "count": 30,
        "clip_dir": 0.43149912655353545,
        "clip_style": 0.7910162270069122,
        "style_lpips": 0.73360808690389,
        "content_lpips": 0.38453817799999995,
        "clip_content": 0.8251066013333332,
        "fid_style": null,
        "art_fid": null,
        "fid_baseline": null,
        "delta_fid": null,
        "delta_fid_ratio": null,
        "classifier_acc": null
      },
      "Hayao": {
        "count": 30,
        "clip_dir": 0.6308425625165304,
        "clip_style": 0.6783686141173045,
        "style_lpips": 0.7187141001224517,
        "content_lpips": 0.6168301646666666,
        "clip_content": 0.6533119559999998,
        "fid_style": 384.28278351638903,
        "art_fid": 622.936826316035,
        "fid_baseline": 334.729000932728,
        "delta_fid": -49.55378258366102,
        "delta_fid_ratio": -0.1480414975863417,
        "classifier_acc": null
      },
      "monet": {
        "count": 30,
        "clip_dir": 0.5721011976401011,
        "clip_style": 0.6952246149381002,
        "style_lpips": 0.7099099536736806,
        "content_lpips": 0.523958403,
        "clip_content": 0.7154293423333334,
        "fid_style": 264.0739891877845,
        "art_fid": 403.9617332394553,
        "fid_baseline": 237.55478896111822,
        "delta_fid": -26.51920022666627,
        "delta_fid_ratio": -0.11163403753147154,
        "classifier_acc": null
      },
      "vangogh": {
        "count": 30,
        "clip_dir": 0.6372594406207402,
        "clip_style": 0.730718590815862,
        "style_lpips": 0.7361770689487457,
        "content_lpips": 0.6041998633333333,
        "clip_content": 0.6890941526666666,
        "fid_style": 320.8565955997484,
        "art_fid": 516.3223066740483,
        "fid_baseline": 313.3414404549672,
        "delta_fid": -7.515155144781204,
        "delta_fid_ratio": -0.02398391714121601,
        "classifier_acc": null
      },
      "cezanne": {
        "count": 30,
        "clip_dir": 0.6018312851587931,
        "clip_style": 0.6821115195751191,
        "style_lpips": 0.704132757584254,
        "content_lpips": 0.5935221076666667,
        "clip_content": 0.6642362050000001,
        "fid_style": 346.07228889167453,
        "art_fid": 553.0673653073554,
        "fid_baseline": 317.94764662800304,
        "delta_fid": -28.12464226367149,
        "delta_fid_ratio": -0.088456834205089,
        "classifier_acc": null
      }
    },
    "Hayao": {
      "photo": {
        "count": 30,
        "clip_dir": 0.5412591882050037,
        "clip_style": 0.6435267806053162,
        "style_lpips": 0.7347451031208039,
        "content_lpips": 0.5328769499999999,
        "clip_content": 0.7250758119999999,
        "fid_style": null,
        "art_fid": null,
        "fid_baseline": null,
        "delta_fid": null,
        "delta_fid_ratio": null,
        "classifier_acc": null
      },
      "Hayao": {
        "count": 30,
        "clip_dir": 0.2725135609507561,
        "clip_style": 0.8402874688307445,
        "style_lpips": 0.7205161194006602,
        "content_lpips": 0.22386946233333332,
        "clip_content": 0.9315991316666666,
        "fid_style": null,
        "art_fid": null,
        "fid_baseline": null,
        "delta_fid": null,
        "delta_fid_ratio": null,
        "classifier_acc": null
      },
      "monet": {
        "count": 30,
        "clip_dir": 0.5107590784629186,
        "clip_style": 0.581841046611468,
        "style_lpips": 0.7200911124547322,
        "content_lpips": 0.5117622620000001,
        "clip_content": 0.7247582263333334,
        "fid_style": null,
        "art_fid": null,
        "fid_baseline": null,
        "delta_fid": null,
        "delta_fid_ratio": null,
        "classifier_acc": null
      },
      "vangogh": {
        "count": 30,
        "clip_dir": 0.5762114038070043,
        "clip_style": 0.6723321775595347,
        "style_lpips": 0.7370857338110606,
        "content_lpips": 0.5193231706666668,
        "clip_content": 0.718791778,
        "fid_style": null,
        "art_fid": null,
        "fid_baseline": null,
        "delta_fid": null,
        "delta_fid_ratio": null,
        "classifier_acc": null
      },
      "cezanne": {
        "count": 30,
        "clip_dir": 0.5169700572888056,
        "clip_style": 0.6147124111652374,
        "style_lpips": 0.704847530523936,
        "content_lpips": 0.5101958746666667,
        "clip_content": 0.7269291526666667,
        "fid_style": null,
        "art_fid": null,
        "fid_baseline": null,
        "delta_fid": null,
        "delta_fid_ratio": null,
        "classifier_acc": null
      }
    },
    "monet": {
      "photo": {
        "count": 30,
        "clip_dir": 0.5950568238894145,
        "clip_style": 0.7502293646335602,
        "style_lpips": 0.7297754645347595,
        "content_lpips": 0.5241300680000001,
        "clip_content": 0.7592954923333334,
        "fid_style": null,
        "art_fid": null,
        "fid_baseline": null,
        "delta_fid": null,
        "delta_fid_ratio": null,
        "classifier_acc": null
      },
      "Hayao": {
        "count": 30,
        "clip_dir": 0.6200113604466121,
        "clip_style": 0.6684568425019582,
        "style_lpips": 0.7279083093007406,
        "content_lpips": 0.6118514823333335,
        "clip_content": 0.6859100743333332,
        "fid_style": null,
        "art_fid": null,
        "fid_baseline": null,
        "delta_fid": null,
        "delta_fid_ratio": null,
        "classifier_acc": null
      },
      "monet": {
        "count": 30,
        "clip_dir": 0.45826001514991127,
        "clip_style": 0.8179347038269043,
        "style_lpips": 0.6901513397693634,
        "content_lpips": 0.4955857143333333,
        "clip_content": 0.8021084153333334,
        "fid_style": null,
        "art_fid": null,
        "fid_baseline": null,
        "delta_fid": null,
        "delta_fid_ratio": null,
        "classifier_acc": null
      },
      "vangogh": {
        "count": 30,
        "clip_dir": 0.47184860358635583,
        "clip_style": 0.7930545806884766,
        "style_lpips": 0.7274629890918731,
        "content_lpips": 0.5399779743333333,
        "clip_content": 0.7827139303333333,
        "fid_style": null,
        "art_fid": null,
        "fid_baseline": null,
        "delta_fid": null,
        "delta_fid_ratio": null,
        "classifier_acc": null
      },
      "cezanne": {
        "count": 30,
        "clip_dir": 0.47539535611867906,
        "clip_style": 0.7602086623509725,
        "style_lpips": 0.6995857179164886,
        "content_lpips": 0.5554957163333333,
        "clip_content": 0.7368581546666667,
        "fid_style": null,
        "art_fid": null,
        "fid_baseline": null,
        "delta_fid": null,
        "delta_fid_ratio": null,
        "classifier_acc": null
      }
    },
    "vangogh": {
      "photo": {
        "count": 30,
        "clip_dir": 0.5928258717060089,
        "clip_style": 0.723354454835256,
        "style_lpips": 0.7266116599241893,
        "content_lpips": 0.5668669276666667,
        "clip_content": 0.708753676,
        "fid_style": null,
        "art_fid": null,
        "fid_baseline": null,
        "delta_fid": null,
        "delta_fid_ratio": null,