{
  "checkpoint": "../adacut_overfit50/epoch_0100.pt",
  "timestamp": "2026-02-08 16:35:10",
  "matrix_breakdown": {
    "photo": {
      "photo": {
        "count": 50,
        "clip_style": 0.6321604984998703,
        "style_lpips": 0.0,
        "content_lpips": 0.0,
        "clip_content": 0.8673910055999999,
        "classifier_acc": 0.86
      },
      "Hayao": {
        "count": 50,
        "clip_style": 0.5263902938365936,
        "style_lpips": 0.0,
        "content_lpips": 0.0,
        "clip_content": 0.8171582142000001,
        "classifier_acc": 0.54
      }
    },
    "Hayao": {
      "photo": {
        "count": 50,
        "clip_style": 0.4150656175613403,
        "style_lpips": 0.0,
        "content_lpips": 0.0,
        "clip_content": 0.9289093188000002,
        "classifier_acc": 0.1
      },
      "Hayao": {
        "count": 50,
        "clip_style": 0.7189105594158173,
        "style_lpips": 0.0,
        "content_lpips": 0.0,
        "clip_content": 0.916857435,
        "classifier_acc": 1.0
      }
    }
  },
  "analysis": {
    "style_transfer_ability": {
      "clip_style": 0.47072795569896697,
      "content_lpips": 0.0,
      "classifier_acc": 0.32
    },
    "photo_to_art_performance": {
      "clip_style": 0.5263902938365936,
      "valid": true,
      "classifier_acc": 0.54
    }
  },
  "classification_report": {
    "Hayao": {
      "precision": 0.5968992248062015,
      "recall": 0.77,
      "f1-score": 0.6724890829694323,
      "support": 100.0
    },
    "photo": {
      "precision": 0.676056338028169,
      "recall": 0.48,
      "f1-score": 0.5614035087719298,
      "support": 100.0
    },
    "accuracy": 0.625,
    "macro avg": {
      "precision": 0.6364777814171853,
      "recall": 0.625,
      "f1-score": 0.6169462958706811,
      "support": 200.0
    },
    "weighted avg": {
      "precision": 0.6364777814171851,
      "recall": 0.625,
      "f1-score": 0.6169462958706811,
      "support": 200.0
    }
  },
  "detailed_style_metrics": {
    "Hayao": {
      "precision": 0.5968992248062015,
      "recall": 0.77,
      "f1_score": 0.6724890829694323,
      "support": 100
    },
    "photo": {
      "precision": 0.676056338028169,
      "recall": 0.48,
      "f1_score": 0.5614035087719298,
      "support": 100
    }
  }
}