{
  "checkpoint": "G:\\GitHub\\Latent_Style\\Cycle-NCE\\ssim-optun-nce\\trial_0249\\epoch_0001.pt",
  "timestamp": "2026-02-20 14:32:07",
  "matrix_breakdown": {
    "photo": {
      "photo": {
        "count": 10,
        "style_swd": 1.9462254881858825,
        "content_ssim": 0.317176217,
        "classifier_acc": null
      },
      "Hayao": {
        "count": 10,
        "style_swd": 2.6416728615760805,
        "content_ssim": 0.33483651200000003,
        "classifier_acc": null
      },
      "monet": {
        "count": 10,
        "style_swd": 1.132772195339203,
        "content_ssim": 0.30991363699999996,
        "classifier_acc": null
      },
      "cezanne": {
        "count": 10,
        "style_swd": 1.1420673847198486,
        "content_ssim": 0.24221946,
        "classifier_acc": null
      },
      "vangogh": {
        "count": 10,
        "style_swd": 2.444596666097641,
        "content_ssim": 0.334268189,
        "classifier_acc": null
      }
    },
    "Hayao": {
      "photo": {
        "count": 10,
        "style_swd": 1.9506001830101014,
        "content_ssim": 0.48568722500000006,
        "classifier_acc": null
      },
      "Hayao": {
        "count": 10,
        "style_swd": 2.3226459860801696,
        "content_ssim": 0.5434286079999999,
        "classifier_acc": null
      },
      "monet": {
        "count": 10,
        "style_swd": 1.1558795154094696,
        "content_ssim": 0.53680362,
        "classifier_acc": null
      },
      "cezanne": {
        "count": 10,
        "style_swd": 1.0834354519844056,
        "content_ssim": 0.382819776,
        "classifier_acc": null
      },
      "vangogh": {
        "count": 10,
        "style_swd": 2.39314626455307,
        "content_ssim": 0.5605869550000001,
        "classifier_acc": null
      }
    },
    "monet": {
      "photo": {
        "count": 10,
        "style_swd": 1.869763547182083,
        "content_ssim": 0.34535155599999995,
        "classifier_acc": null
      },
      "Hayao": {
        "count": 10,
        "style_swd": 2.7092903196811675,
        "content_ssim": 0.40181355300000005,
        "classifier_acc": null
      },
      "monet": {
        "count": 10,
        "style_swd": 0.9874498546123505,
        "content_ssim": 0.34820816,
        "classifier_acc": null
      },
      "cezanne": {
        "count": 10,
        "style_swd": 0.9805794805288315,
        "content_ssim": 0.231518515,
        "classifier_acc": null
      },
      "vangogh": {
        "count": 10,
        "style_swd": 2.4643333554267883,
        "content_ssim": 0.35027895099999995,
        "classifier_acc": null
      }
    },
    "cezanne": {
      "photo": {
        "count": 10,
        "style_swd": 1.842670089006424,
        "content_ssim": 0.37280009399999997,
        "classifier_acc": null
      },
      "Hayao": {
        "count": 10,
        "style_swd": 2.429094907641411,
        "content_ssim": 0.478618687,
        "classifier_acc": null
      },
      "monet": {
        "count": 10,
        "style_swd": 1.0345451593399049,
        "content_ssim": 0.431619541,
        "classifier_acc": null
      },
      "cezanne": {
        "count": 10,
        "style_swd": 0.943644517660141,
        "content_ssim": 0.29813725300000005,
        "classifier_acc": null
      },
      "vangogh": {
        "count": 10,
        "style_swd": 2.20608269572258,
        "content_ssim": 0.434657446,
        "classifier_acc": null
      }
    },
    "vangogh": {
      "photo": {
        "count": 10,
        "style_swd": 1.8884196817874908,
        "content_ssim": 0.29028392599999997,
        "classifier_acc": null
      },
      "Hayao": {
        "count": 10,
        "style_swd": 1.8967822253704072,
        "content_ssim": 0.41097131600000003,
        "classifier_acc": null
      },
      "monet": {
        "count": 10,
        "style_swd": 1.0332893878221512,
        "content_ssim": 0.33414141099999994,
        "classifier_acc": null
      },
      "cezanne": {
        "count": 10,
        "style_swd": 1.0083798259496688,
        "content_ssim": 0.2275408186,
        "classifier_acc": null
      },
      "vangogh": {
        "count": 10,
        "style_swd": 2.2021848440170286,
        "content_ssim": 0.32038926,
        "classifier_acc": null
      }
    }
  },
  "analysis": {
    "style_transfer_ability": {
      "style_swd": 1.7653700599074362,
      "content_ssim": 0.37483655943,
      "classifier_acc": 0.0
    },
    "photo_to_art_performance": {
      "style_swd": 1.8402772769331932,
      "valid": true,
      "classifier_acc": 0.0
    }
  },
  "classification_report": null,
  "detailed_style_metrics": {}
}