epoch,loss,swd,repulsive,color,identity,identity_ratio,sched_factor,idt_anchor,topo_align,idt_repel,aent,amax,lr,data_time_sec,transfer_time_sec,fwd_loss_time_sec,backward_time_sec,optimizer_time_sec,step_overhead_time_sec,compute_time_sec,epoch_time_sec,samples_seen,samples_per_sec,compute_samples_per_sec
1,53.59652328491211,10.652263641357422,22.330472946166992,2.768275260925293,17.845497131347656,0.25,1.0,3.059631824493408,1.007714033126831,13.778152465820312,0.9808807373046875,0.01085298415273428,1.3333333333333333e-05,0.5173224995378405,0.004700100515037775,28.219787899404764,5.330694299424067,0.10329990065656602,0.026422400726005435,33.658482200000435,34.849817991256714,10240,293.83223759071166,304.2323756357578
2,51.7985725402832,10.172144889831543,22.13386344909668,2.4972424507141113,16.99532127380371,0.25,1.0,2.3080694675445557,0.6536317467689514,14.03361988067627,0.9790005683898926,0.011574163101613522,2.6666666666666667e-05,0.48673869972117245,0.004540598718449473,21.769134900067,1.2915896999184042,0.08128960034810007,0.024453701684251428,23.146554799051955,24.30416774749756,10240,421.3269142307638,442.39845147146536
3,50.85531234741211,9.673967361450195,21.815502166748047,2.0773732662200928,17.288471221923828,0.25,1.0,3.0145912170410156,0.6346275806427002,13.639253616333008,0.9657232165336609,0.016408538445830345,4e-05,0.4771949003916234,0.004492600914090872,21.79843270056881,1.253032699925825,0.07900650054216385,0.02411689842119813,23.13496450195089,24.279670476913452,10240,421.752017175719,442.6200869742634
4,50.02058029174805,8.871447563171387,21.30550193786621,1.6562347412109375,18.187393188476562,0.25,1.0,4.7275872230529785,0.8179206848144531,12.641886711120605,0.9381753206253052,0.02677646093070507,5.333333333333333e-05,0.47446830035187304,0.004524399759247899,21.778822600841522,1.2698170004878193,0.07894579996354878,0.024178299121558666,23.132109801052138,24.2775616645813,10240,421.78865165603537,442.6747100921268
5,49.2652473449707,8.279086112976074,20.835790634155273,1.4088162183761597,18.741554260253906,0.25,1.0,6.065186500549316,0.9203498959541321,11.756023406982422,0.9283990859985352,0.0320562869310379,6.666666666666667e-05,0.49497010046616197,0.004658200079575181,21.7896432003472,1.310543499654159,0.0814045995939523,0.024433000246062875,23.186249499674886,24.353258848190308,10240,420.4776068711205,441.64106834715045
