{
  "checkpoint": "../overfit50-upscale-balance-v2-re/epoch_0040.pt",
  "timestamp": "2026-02-09 19:23:27",
  "matrix_breakdown": {
    "photo": {
      "photo": {
        "count": 50,
        "clip_style": 0.6377644312381744,
        "style_lpips": 0.7549966526031494,
        "content_lpips": 0.3132120462,
        "clip_content": 0.8833692480000002,
        "classifier_acc": 0.9
      },
      "Hayao": {
        "count": 50,
        "clip_style": 0.48660208880901334,
        "style_lpips": 0.792349488735199,
        "content_lpips": 0.3161170996,
        "clip_content": 0.8834794584000001,
        "classifier_acc": 0.1
      }
    },
    "Hayao": {
      "photo": {
        "count": 50,
        "clip_style": 0.4140111756324768,
        "style_lpips": 0.804725558757782,
        "content_lpips": 0.21567910619999997,
        "clip_content": 0.9359602801999999,
        "classifier_acc": 0.1
      },
      "Hayao": {
        "count": 50,
        "clip_style": 0.7243965840339661,
        "style_lpips": 0.7190646052360534,
        "content_lpips": 0.21794101128,
        "clip_content": 0.9357742547999999,
        "classifier_acc": 0.88
      }
    }
  },
  "analysis": {
    "style_transfer_ability": {
      "clip_style": 0.4503066322207451,
      "content_lpips": 0.2658981029,
      "classifier_acc": 0.1
    },
    "photo_to_art_performance": {
      "clip_style": 0.48660208880901334,
      "valid": true,
      "classifier_acc": 0.1
    }
  },
  "classification_report": {
    "Hayao": {
      "precision": 0.494949494949495,
      "recall": 0.49,
      "f1-score": 0.49246231155778897,
      "support": 100.0
    },
    "photo": {
      "precision": 0.49504950495049505,
      "recall": 0.5,
      "f1-score": 0.4975124378109453,
      "support": 100.0
    },
    "accuracy": 0.495,
    "macro avg": {
      "precision": 0.49499949994999504,
      "recall": 0.495,
      "f1-score": 0.49498737468436715,
      "support": 200.0
    },
    "weighted avg": {
      "precision": 0.494999499949995,
      "recall": 0.495,
      "f1-score": 0.49498737468436715,
      "support": 200.0
    }
  },
  "detailed_style_metrics": {
    "Hayao": {
      "precision": 0.494949494949495,
      "recall": 0.49,
      "f1_score": 0.49246231155778897,
      "support": 100
    },
    "photo": {
      "precision": 0.49504950495049505,
      "recall": 0.5,
      "f1_score": 0.4975124378109453,
      "support": 100
    }
  }
}