{
  "checkpoint": "..\\inject_I1_body_only\\epoch_0040.pt",
  "timestamp": "2026-03-04 22:11:51",
  "metrics_note": {
    "clip_dir": "cos( CLIP(gen)-CLIP(src), CLIP(target_style_proto)-CLIP(src) ) - Measures edit direction.",
    "clip_style": "cos( CLIP(gen), CLIP(target_style_proto) ) - Measures absolute style similarity.",
    "fid_baseline": "FID between source-domain images and target-style references.",
    "fid": "FID between generated images and target-style real references (Inception features).",
    "delta_fid": "fid_baseline - fid (higher is better).",
    "delta_fid_ratio": "delta_fid / fid_baseline (relative improvement ratio).",
    "art_fid": "computed as (1 + fid_style) * (1 + content_lpips)"
  },
  "matrix_breakdown": {
    "photo": {
      "photo": {
        "count": 30,
        "clip_dir": 0.5191873421271642,
        "clip_style": 0.7877764681975047,
        "style_lpips": 0.7349526266256968,
        "content_lpips": 0.48487377533333326,
        "clip_content": 0.7626284516666665,
        "fid_style": null,
        "art_fid": null,
        "fid_baseline": null,
        "delta_fid": null,
        "delta_fid_ratio": null,
        "classifier_acc": null
      },
      "Hayao": {
        "count": 30,
        "clip_dir": 0.6039803117513657,
        "clip_style": 0.6635383725166321,
        "style_lpips": 0.7260607520739237,
        "content_lpips": 0.5771854766666668,
        "clip_content": 0.7061198080000001,
        "fid_style": 348.9814432828157,
        "art_fid": 551.9856494484956,
        "fid_baseline": 334.729000932728,
        "delta_fid": -14.252442350087676,
        "delta_fid_ratio": -0.04257904845523694,
        "classifier_acc": null
      },
      "monet": {
        "count": 30,
        "clip_dir": 0.5316641122102738,
        "clip_style": 0.6774103025595347,
        "style_lpips": 0.7272986849149068,
        "content_lpips": 0.5097265009999999,
        "clip_content": 0.7523054756666666,
        "fid_style": 241.3297409600504,
        "art_fid": 365.85163190785323,
        "fid_baseline": 237.55478896111822,
        "delta_fid": -3.774951998932181,
        "delta_fid_ratio": -0.015890868862046163,
        "classifier_acc": null
      },
      "vangogh": {
        "count": 30,
        "clip_dir": 0.5751991818348566,
        "clip_style": 0.700060643752416,
        "style_lpips": 0.7472691059112548,
        "content_lpips": 0.5684021536666667,
        "clip_content": 0.7395281366666668,
        "fid_style": 317.44264308132944,
        "art_fid": 499.4461272280628,
        "fid_baseline": 313.3414404549672,
        "delta_fid": -4.101202626362237,
        "delta_fid_ratio": -0.0130886059003474,
        "classifier_acc": null
      },
      "cezanne": {
        "count": 30,
        "clip_dir": 0.5441937039295832,
        "clip_style": 0.6588629464308421,
        "style_lpips": 0.7154809057712554,
        "content_lpips": 0.5361479433333333,
        "clip_content": 0.7323239656666666,
        "fid_style": 321.78857275274027,
        "art_fid": 495.85100216562404,
        "fid_baseline": 317.94764662800304,
        "delta_fid": -3.840926124737223,
        "delta_fid_ratio": -0.012080372871044033,
        "classifier_acc": null
      }
    },
    "Hayao": {
      "photo": {
        "count": 30,
        "clip_dir": 0.3912114143371582,
        "clip_style": 0.5770469556252161,
        "style_lpips": 0.7480591535568237,
        "content_lpips": 0.42924629233333333,
        "clip_content": 0.8421636696666664,
        "fid_style": null,
        "art_fid": null,
        "fid_baseline": null,
        "delta_fid": null,
        "delta_fid_ratio": null,
        "classifier_acc": null
      },
      "Hayao": {
        "count": 30,
        "clip_dir": 0.432184092203776,
        "clip_style": 0.841999989748001,
        "style_lpips": 0.7046313722928365,
        "content_lpips": 0.37535145799999997,
        "clip_content": 0.8752292876666666,
        "fid_style": null,
        "art_fid": null,
        "fid_baseline": null,
        "delta_fid": null,
        "delta_fid_ratio": null,
        "classifier_acc": null
      },
      "monet": {
        "count": 30,
        "clip_dir": 0.38239762087663015,
        "clip_style": 0.5288861026366551,
        "style_lpips": 0.7391471664110819,
        "content_lpips": 0.43229902466666664,
        "clip_content": 0.8372831699999997,
        "fid_style": null,
        "art_fid": null,
        "fid_baseline": null,
        "delta_fid": null,
        "delta_fid_ratio": null,
        "classifier_acc": null
      },
      "vangogh": {
        "count": 30,
        "clip_dir": 0.45687407354513804,
        "clip_style": 0.6221978664398193,
        "style_lpips": 0.752041506767273,
        "content_lpips": 0.43704892233333337,
        "clip_content": 0.8257292046666667,
        "fid_style": null,
        "art_fid": null,
        "fid_baseline": null,
        "delta_fid": null,
        "delta_fid_ratio": null,
        "classifier_acc": null
      },
      "cezanne": {
        "count": 30,
        "clip_dir": 0.371209051211675,
        "clip_style": 0.562094462911288,
        "style_lpips": 0.7198968132336935,
        "content_lpips": 0.3902932683333334,
        "clip_content": 0.8628083673333334,
        "fid_style": null,
        "art_fid": null,
        "fid_baseline": null,
        "delta_fid": null,
        "delta_fid_ratio": null,
        "classifier_acc": null
      }
    },
    "monet": {
      "photo": {
        "count": 30,
        "clip_dir": 0.5724863241116206,
        "clip_style": 0.7423979143301646,
        "style_lpips": 0.73900981148084,
        "content_lpips": 0.4859017626666667,
        "clip_content": 0.7761938183333332,
        "fid_style": null,
        "art_fid": null,
        "fid_baseline": null,
        "delta_fid": null,
        "delta_fid_ratio": null,
        "classifier_acc": null
      },
      "Hayao": {
        "count": 30,
        "clip_dir": 0.5789024899403254,
        "clip_style": 0.6483720401922862,
        "style_lpips": 0.7383361895879109,
        "content_lpips": 0.5565067993333332,
        "clip_content": 0.7408551916666667,
        "fid_style": null,
        "art_fid": null,
        "fid_baseline": null,
        "delta_fid": null,
        "delta_fid_ratio": null,
        "classifier_acc": null
      },
      "monet": {
        "count": 30,
        "clip_dir": 0.4510001371304194,
        "clip_style": 0.8122296551863353,
        "style_lpips": 0.7007265388965607,
        "content_lpips": 0.48126543,
        "clip_content": 0.7975741093333333,
        "fid_style": null,
        "art_fid": null,
        "fid_baseline": null,
        "delta_fid": null,
        "delta_fid_ratio": null,
        "classifier_acc": null
      },
      "vangogh": {
        "count": 30,
        "clip_dir": 0.45823696156342825,
        "clip_style": 0.7903394321600596,
        "style_lpips": 0.7344880600770315,
        "content_lpips": 0.5030632660000001,
        "clip_content": 0.7909854273333335,
        "fid_style": null,
        "art_fid": null,
        "fid_baseline": null,
        "delta_fid": null,
        "delta_fid_ratio": null,
        "classifier_acc": null
      },
      "cezanne": {
        "count": 30,
        "clip_dir": 0.43590484460194906,
        "clip_style": 0.7596442401409149,
        "style_lpips": 0.7079156895478567,
        "content_lpips": 0.5070494383333333,
        "clip_content": 0.7665125466666666,
        "fid_style": null,
        "art_fid": null,
        "fid_baseline": null,
        "delta_fid": null,
        "delta_fid_ratio": null,
        "classifier_acc": null
      }
    },
    "vangogh": {
      "photo": {
        "count": 30,
        "clip_dir": 0.5434246212244034,
        "clip_style": 0.7119855225086212,
        "style_lpips": 0.7382344961166382,
        "content_lpips": 0.5072738923333333,
        "clip_content": 0.7719927959999999,
        "fid_style": null,
        "art_fid": null,
        "fid_baseline": null,
        "delta_fid": null,