{
  "checkpoint": "..\\inject_I5_body_decoder\\epoch_0040.pt",
  "timestamp": "2026-03-05 08:29:14",
  "metrics_note": {
    "clip_dir": "cos( CLIP(gen)-CLIP(src), CLIP(target_style_proto)-CLIP(src) ) - Measures edit direction.",
    "clip_style": "cos( CLIP(gen), CLIP(target_style_proto) ) - Measures absolute style similarity.",
    "fid_baseline": "FID between source-domain images and target-style references.",
    "fid": "FID between generated images and target-style real references (Inception features).",
    "delta_fid": "fid_baseline - fid (higher is better).",
    "delta_fid_ratio": "delta_fid / fid_baseline (relative improvement ratio).",
    "art_fid": "computed as (1 + fid_style) * (1 + content_lpips)"
  },
  "matrix_breakdown": {
    "photo": {
      "photo": {
        "count": 30,
        "clip_dir": 0.5420253783464432,
        "clip_style": 0.7932707627614339,
        "style_lpips": 0.7365067581335704,
        "content_lpips": 0.5003637383333334,
        "clip_content": 0.7524399109999999,
        "fid_style": null,
        "art_fid": null,
        "fid_baseline": null,
        "delta_fid": null,
        "delta_fid_ratio": null,
        "classifier_acc": null
      },
      "Hayao": {
        "count": 30,
        "clip_dir": 0.6117584337790807,
        "clip_style": 0.6684079110622406,
        "style_lpips": 0.7251431186993916,
        "content_lpips": 0.5919155276666667,
        "clip_content": 0.7002690103333333,
        "fid_style": 350.79536694742,
        "art_fid": 560.0285072047907,
        "fid_baseline": 334.729000932728,
        "delta_fid": -16.066366014691994,
        "delta_fid_ratio": -0.04799812974054472,
        "classifier_acc": null
      },
      "monet": {
        "count": 30,
        "clip_dir": 0.5380729774634043,
        "clip_style": 0.6829401413599651,
        "style_lpips": 0.7249586244424184,
        "content_lpips": 0.5040770156666666,
        "clip_content": 0.7566949246666667,
        "fid_style": 254.09943401434074,
        "art_fid": 383.6891954105454,
        "fid_baseline": 237.55478896111822,
        "delta_fid": -16.544645053222524,
        "delta_fid_ratio": -0.06964559681400685,
        "classifier_acc": null
      },
      "vangogh": {
        "count": 30,
        "clip_dir": 0.5892638703187306,
        "clip_style": 0.7077596624692281,
        "style_lpips": 0.7450416843096416,
        "content_lpips": 0.5671564356666666,
        "clip_content": 0.7317607163333335,
        "fid_style": 317.09090886216813,
        "art_fid": 498.4982149504059,
        "fid_baseline": 313.3414404549672,
        "delta_fid": -3.7494684072009363,
        "delta_fid_ratio": -0.011966078925777461,
        "classifier_acc": null
      },
      "cezanne": {
        "count": 30,
        "clip_dir": 0.5505671779314677,
        "clip_style": 0.6637009958426158,
        "style_lpips": 0.7142267227172852,
        "content_lpips": 0.5401193143333334,
        "clip_content": 0.7319106753333333,
        "fid_style": 316.7416496542497,
        "art_fid": 489.3600516006453,
        "fid_baseline": 317.94764662800304,
        "delta_fid": 1.2059969737533152,
        "delta_fid_ratio": 0.003793067778747628,
        "classifier_acc": null
      }
    },
    "Hayao": {
      "photo": {
        "count": 30,
        "clip_dir": 0.43633753259976704,
        "clip_style": 0.5976547360420227,
        "style_lpips": 0.7458005090554555,
        "content_lpips": 0.4491427873333333,
        "clip_content": 0.8220972416666668,
        "fid_style": null,
        "art_fid": null,
        "fid_baseline": null,
        "delta_fid": null,
        "delta_fid_ratio": null,
        "classifier_acc": null
      },
      "Hayao": {
        "count": 30,
        "clip_dir": 0.4296497732400894,
        "clip_style": 0.8362391670544942,
        "style_lpips": 0.7059288541475932,
        "content_lpips": 0.384782585,
        "clip_content": 0.8662585429999999,
        "fid_style": null,
        "art_fid": null,
        "fid_baseline": null,
        "delta_fid": null,
        "delta_fid_ratio": null,
        "classifier_acc": null
      },
      "monet": {
        "count": 30,
        "clip_dir": 0.40401667257150015,
        "clip_style": 0.5374018688996632,
        "style_lpips": 0.7371665418148041,
        "content_lpips": 0.44025421666666664,
        "clip_content": 0.8253348606666665,
        "fid_style": null,
        "art_fid": null,
        "fid_baseline": null,
        "delta_fid": null,
        "delta_fid_ratio": null,
        "classifier_acc": null
      },
      "vangogh": {
        "count": 30,
        "clip_dir": 0.4813471297423045,
        "clip_style": 0.6306117117404938,
        "style_lpips": 0.749155334631602,
        "content_lpips": 0.4470610376666666,
        "clip_content": 0.8071325250000002,
        "fid_style": null,
        "art_fid": null,
        "fid_baseline": null,
        "delta_fid": null,
        "delta_fid_ratio": null,
        "classifier_acc": null
      },
      "cezanne": {
        "count": 30,
        "clip_dir": 0.39846952458222706,
        "clip_style": 0.5711554944515228,
        "style_lpips": 0.7174348096052806,
        "content_lpips": 0.40452003466666664,
        "clip_content": 0.8457700416666666,
        "fid_style": null,
        "art_fid": null,
        "fid_baseline": null,
        "delta_fid": null,
        "delta_fid_ratio": null,
        "classifier_acc": null
      }
    },
    "monet": {
      "photo": {
        "count": 30,
        "clip_dir": 0.5826138456662496,
        "clip_style": 0.7467021147410074,
        "style_lpips": 0.7388609806696574,
        "content_lpips": 0.497373823,
        "clip_content": 0.7693460053333335,
        "fid_style": null,
        "art_fid": null,
        "fid_baseline": null,
        "delta_fid": null,
        "delta_fid_ratio": null,
        "classifier_acc": null
      },
      "Hayao": {
        "count": 30,
        "clip_dir": 0.605332487821579,
        "clip_style": 0.6667945603529613,
        "style_lpips": 0.7370384812355042,
        "content_lpips": 0.5704826016666668,
        "clip_content": 0.7235022670000002,
        "fid_style": null,
        "art_fid": null,
        "fid_baseline": null,
        "delta_fid": null,
        "delta_fid_ratio": null,
        "classifier_acc": null
      },
      "monet": {
        "count": 30,
        "clip_dir": 0.4380272671580315,
        "clip_style": 0.8144978106021881,
        "style_lpips": 0.6975435018539429,
        "content_lpips": 0.4769680010000001,
        "clip_content": 0.8090657706666667,
        "fid_style": null,
        "art_fid": null,
        "fid_baseline": null,
        "delta_fid": null,
        "delta_fid_ratio": null,
        "classifier_acc": null
      },
      "vangogh": {
        "count": 30,
        "clip_dir": 0.4540220315257708,
        "clip_style": 0.7915119985739391,
        "style_lpips": 0.7332414666811625,
        "content_lpips": 0.5025934663333333,
        "clip_content": 0.7959393666666668,
        "fid_style": null,
        "art_fid": null,
        "fid_baseline": null,
        "delta_fid": null,
        "delta_fid_ratio": null,
        "classifier_acc": null
      },
      "cezanne": {
        "count": 30,
        "clip_dir": 0.44002559781074524,
        "clip_style": 0.7612895210584004,
        "style_lpips": 0.7072028776009878,
        "content_lpips": 0.5134536643333333,
        "clip_content": 0.7659309513333333,
        "fid_style": null,
        "art_fid": null,
        "fid_baseline": null,
        "delta_fid": null,
        "delta_fid_ratio": null,
        "classifier_acc": null
      }
    },
    "vangogh": {
      "photo": {
        "count": 30,
        "clip_dir": 0.5630127926667531,
        "clip_style": 0.7184502065181733,
        "style_lpips": 0.73639590938886,
        "content_lpips": 0.5212795593333334,
        "clip_content": 0.7578989893333336,
        "fid_style": null,
        "art_fid": null,
        "fid_baseline": null,
        "delta_fid": null,