{
  "checkpoint": "G:\\GitHub\\Latent_Style\\Cycle-NCE\\ssim-optun-nce\\trial_0224\\epoch_0001.pt",
  "timestamp": "2026-02-20 13:00:06",
  "matrix_breakdown": {
    "photo": {
      "photo": {
        "count": 10,
        "style_swd": 1.7254978537559509,
        "content_ssim": 0.328590158,
        "classifier_acc": null
      },
      "Hayao": {
        "count": 10,
        "style_swd": 2.23594825565815,
        "content_ssim": 0.31972752400000004,
        "classifier_acc": null
      },
      "monet": {
        "count": 10,
        "style_swd": 1.0922784060239792,
        "content_ssim": 0.338225535,
        "classifier_acc": null
      },
      "cezanne": {
        "count": 10,
        "style_swd": 1.375103971362114,
        "content_ssim": 0.34407736599999994,
        "classifier_acc": null
      },
      "vangogh": {
        "count": 10,
        "style_swd": 2.3532616794109344,
        "content_ssim": 0.323194841,
        "classifier_acc": null
      }
    },
    "Hayao": {
      "photo": {
        "count": 10,
        "style_swd": 1.7573043286800385,
        "content_ssim": 0.451881264,
        "classifier_acc": null
      },
      "Hayao": {
        "count": 10,
        "style_swd": 1.892689973115921,
        "content_ssim": 0.482345526,
        "classifier_acc": null
      },
      "monet": {
        "count": 10,
        "style_swd": 1.181680929660797,
        "content_ssim": 0.5909923490000001,
        "classifier_acc": null
      },
      "cezanne": {
        "count": 10,
        "style_swd": 1.4373390585184098,
        "content_ssim": 0.564395623,
        "classifier_acc": null
      },
      "vangogh": {
        "count": 10,
        "style_swd": 2.426047623157501,
        "content_ssim": 0.558037438,
        "classifier_acc": null
      }
    },
    "monet": {
      "photo": {
        "count": 10,
        "style_swd": 1.7726377248764038,
        "content_ssim": 0.3088096699999999,
        "classifier_acc": null
      },
      "Hayao": {
        "count": 10,
        "style_swd": 2.4668318003416063,
        "content_ssim": 0.389480075,
        "classifier_acc": null
      },
      "monet": {
        "count": 10,
        "style_swd": 1.0267856568098068,
        "content_ssim": 0.40587599,
        "classifier_acc": null
      },
      "cezanne": {
        "count": 10,
        "style_swd": 1.1824808806180953,
        "content_ssim": 0.309574444,
        "classifier_acc": null
      },
      "vangogh": {
        "count": 10,
        "style_swd": 2.3455547213554384,
        "content_ssim": 0.358429322,
        "classifier_acc": null
      }
    },
    "cezanne": {
      "photo": {
        "count": 10,
        "style_swd": 1.8214017391204833,
        "content_ssim": 0.35872305500000007,
        "classifier_acc": null
      },
      "Hayao": {
        "count": 10,
        "style_swd": 2.121021863818169,
        "content_ssim": 0.46077295399999996,
        "classifier_acc": null
      },
      "monet": {
        "count": 10,
        "style_swd": 1.0086784780025482,
        "content_ssim": 0.4982551699999999,
        "classifier_acc": null
      },
      "cezanne": {
        "count": 10,
        "style_swd": 1.1602213084697723,
        "content_ssim": 0.41080086499999996,
        "classifier_acc": null
      },
      "vangogh": {
        "count": 10,
        "style_swd": 2.1831889390945434,
        "content_ssim": 0.44889971400000006,
        "classifier_acc": null
      }
    },
    "vangogh": {
      "photo": {
        "count": 10,
        "style_swd": 1.7899648904800416,
        "content_ssim": 0.2681444434,
        "classifier_acc": null
      },
      "Hayao": {
        "count": 10,
        "style_swd": 2.0632419139146805,
        "content_ssim": 0.373541185,
        "classifier_acc": null
      },
      "monet": {
        "count": 10,
        "style_swd": 1.0820334792137145,
        "content_ssim": 0.390265077,
        "classifier_acc": null
      },
      "cezanne": {
        "count": 10,
        "style_swd": 1.1233621895313264,
        "content_ssim": 0.314636874,
        "classifier_acc": null
      },
      "vangogh": {
        "count": 10,
        "style_swd": 2.091825008392334,
        "content_ssim": 0.322711016,
        "classifier_acc": null
      }
    }
  },
  "analysis": {
    "style_transfer_ability": {
      "style_swd": 1.740968143641949,
      "content_ssim": 0.39850319616999996,
      "classifier_acc": 0.0
    },
    "photo_to_art_performance": {
      "style_swd": 1.7641480781137944,
      "valid": true,
      "classifier_acc": 0.0
    }
  },
  "classification_report": null,
  "detailed_style_metrics": {}
}