{
  "checkpoint": "../full_250_strong-style/epoch_0150.pt",
  "timestamp": "2026-02-10 17:10:57",
  "matrix_breakdown": {
    "photo": {
      "photo": {
        "count": 50,
        "clip_style": 0.5675849968194961,
        "style_lpips": 0.0,
        "content_lpips": 0.0,
        "clip_content": 0.5913691924,
        "classifier_acc": 0.74
      },
      "Hayao": {
        "count": 50,
        "clip_style": 0.0,
        "style_lpips": 0.0,
        "content_lpips": 0.0,
        "clip_content": 0.6211761647999999,
        "classifier_acc": 0.42
      }
    }
  },
  "analysis": {
    "style_transfer_ability": {
      "clip_style": 0.0,
      "content_lpips": 0.0,
      "classifier_acc": 0.42
    },
    "photo_to_art_performance": {
      "clip_style": 0.0,
      "valid": true,
      "classifier_acc": 0.42
    }
  },
  "classification_report": {
    "Hayao": {
      "precision": 0.6176470588235294,
      "recall": 0.42,
      "f1-score": 0.5,
      "support": 50.0
    },
    "photo": {
      "precision": 0.5606060606060606,
      "recall": 0.74,
      "f1-score": 0.6379310344827587,
      "support": 50.0
    },
    "accuracy": 0.58,
    "macro avg": {
      "precision": 0.589126559714795,
      "recall": 0.58,
      "f1-score": 0.5689655172413793,
      "support": 100.0
    },
    "weighted avg": {
      "precision": 0.589126559714795,
      "recall": 0.58,
      "f1-score": 0.5689655172413793,
      "support": 100.0
    }
  },
  "detailed_style_metrics": {
    "Hayao": {
      "precision": 0.6176470588235294,
      "recall": 0.42,
      "f1_score": 0.5,
      "support": 50
    },
    "photo": {
      "precision": 0.5606060606060606,
      "recall": 0.74,
      "f1_score": 0.6379310344827587,
      "support": 50
    }
  }
}