python : 2026-07-01 10:27:51,454 - INFO - Device: cuda
At line:15 char:3668
+ ... ngerBridge; python run.py --config configs/630_phase4i5b_sota_heun_co ...
+                 ~~~~~~~~~~~~~~~~~~~~~~~~~~~~~~~~~~~~~~~~~~~~~~~~~~~~~~~~~
    + CategoryInfo          : NotSpecified: (2026-07-01 10:2... - Device: cuda:String) [], RemoteException
    + FullyQualifiedErrorId : NativeCommandError
 
2026-07-01 10:27:51,454 - INFO - Seed: 42
2026-07-01 10:27:51,460 - INFO - Loaded latent manifest cache: G:\GitHub\Latent_Style\Dataset\distinct5_512_latents_ema
\train\.latent_cache\packed\manifest.json
2026-07-01 10:27:51,460 - INFO - Loading latent dataset from G:\GitHub\Latent_Style\Dataset\distinct5_512_latents_ema\t
rain
2026-07-01 10:27:51,485 - INFO - Loaded packed latent cache: G:\GitHub\Latent_Style\Dataset\distinct5_512_latents_ema\t
rain\.latent_cache\packed\packed\00_Early_Renaissance.pt
2026-07-01 10:27:51,514 - INFO -   style=Early_Renaissance id=0 count=1000
2026-07-01 10:27:51,535 - INFO - Loaded packed latent cache: G:\GitHub\Latent_Style\Dataset\distinct5_512_latents_ema\t
rain\.latent_cache\packed\packed\01_Impressionism.pt
2026-07-01 10:27:51,560 - INFO -   style=Impressionism id=1 count=1000
2026-07-01 10:27:51,581 - INFO - Loaded packed latent cache: G:\GitHub\Latent_Style\Dataset\distinct5_512_latents_ema\t
rain\.latent_cache\packed\packed\02_Minimalism.pt
2026-07-01 10:27:51,606 - INFO -   style=Minimalism id=2 count=1000
2026-07-01 10:27:51,628 - INFO - Loaded packed latent cache: G:\GitHub\Latent_Style\Dataset\distinct5_512_latents_ema\t
rain\.latent_cache\packed\packed\03_Rococo.pt
2026-07-01 10:27:51,654 - INFO -   style=Rococo id=3 count=1000
2026-07-01 10:27:51,677 - INFO - Loaded packed latent cache: G:\GitHub\Latent_Style\Dataset\distinct5_512_latents_ema\t
rain\.latent_cache\packed\packed\04_Ukiyo_e.pt
2026-07-01 10:27:51,703 - INFO -   style=Ukiyo_e id=4 count=1000
2026-07-01 10:27:51,703 - WARNING - pairing cache not found: G:\GitHub\Latent_Style\Dataset\distinct5_512_latents_ema\t
rain\.latent_cache\prototype_pairing_top8.pt
2026-07-01 10:27:51,710 - INFO - DataLoader | batch=16 workers=0 shuffle=False pin_memory=False persistent_workers=Fals
e preload_to_gpu=False balanced_target=True pairing_cache=False pairing_mode=rank_stratified rank_schedule=fixed active
_topk=8 min_topk=1 curriculum_epochs=0 rank_power=1.000 topk=8 explore=0.000/0 dual_mix=0.000/0 aux_topk=0
2026-07-01 10:27:51,851 - INFO - Model params: 903,248
2026-07-01 10:27:52,936 - INFO - No checkpoint found, start from scratch.
2026-07-01 10:27:52,942 - INFO - Epoch 1 weight schedule: stage=0 w_content=0.0000 w_style=0.0000 w_style_strength_reg=
0.0000 sigma=0.0000

Epoch 1/5:   0%|          | 0/312 [00:00<?, ?it/s]
Epoch 1/5:   0%|          | 0/312 [00:03<?, ?it/s, curv=0.0000, flow=2.2991, kin=0.0000, loss=2.2991, ot=0.0000, t=0.38
4, tswd=0.0000]
Epoch 1/5:   0%|          | 1/312 [00:03<18:30,  3.57s/it, curv=0.0000, flow=2.2991, kin=0.0000, loss=2.2991, ot=0.0000
, t=0.384, tswd=0.0000]
Epoch 1/5:   1%|          | 3/312 [00:03<05:01,  1.02it/s, curv=0.0000, flow=2.2991, kin=0.0000, loss=2.2991, ot=0.0000
, t=0.384, tswd=0.0000]
Epoch 1/5:   2%|▏         | 5/312 [00:03<02:35,  1.97it/s, curv=0.0000, flow=2.2991, kin=0.0000, loss=2.2991, ot=0.0000
, t=0.384, tswd=0.0000]
Epoch 1/5:   3%|▎         | 8/312 [00:03<01:20,  3.75it/s, curv=0.0000, flow=2.2991, kin=0.0000, loss=2.2991, ot=0.0000
, t=0.384, tswd=0.0000]
Epoch 1/5:   4%|▎         | 11/312 [00:04<00:52,  5.78it/s, curv=0.0000, flow=2.2991, kin=0.0000, loss=2.2991, ot=0.000
0, t=0.384, tswd=0.0000]
Epoch 1/5:   4%|▍         | 14/312 [00:04<00:37,  7.97it/s, curv=0.0000, flow=2.2991, kin=0.0000, loss=2.2991, ot=0.000
0, t=0.384, tswd=0.0000]
Epoch 1/5:   5%|▌         | 17/312 [00:04<00:28, 10.22it/s, curv=0.0000, flow=2.2991, kin=0.0000, loss=2.2991, ot=0.000
0, t=0.384, tswd=0.0000]
Epoch 1/5:   5%|▌         | 17/312 [00:04<00:28, 10.22it/s, curv=0.0000, flow=2.5421, kin=0.0000, loss=2.5421, ot=0.000
0, t=0.512, tswd=0.0000]
Epoch 1/5:   6%|▋         | 20/312 [00:04<00:23, 12.37it/s, curv=0.0000, flow=2.5421, kin=0.0000, loss=2.5421, ot=0.000
0, t=0.512, tswd=0.0000]
Epoch 1/5:   7%|▋         | 23/312 [00:04<00:20, 14.34it/s, curv=0.0000, flow=2.5421, kin=0.0000, loss=2.5421, ot=0.000
0, t=0.512, tswd=0.0000]
Epoch 1/5:   8%|▊         | 26/312 [00:04<00:17, 15.91it/s, curv=0.0000, flow=2.5421, kin=0.0000, loss=2.5421, ot=0.000
0, t=0.512, tswd=0.0000]
Epoch 1/5:   9%|▉         | 29/312 [00:04<00:16, 17.27it/s, curv=0.0000, flow=2.5421, kin=0.0000, loss=2.5421, ot=0.000
0, t=0.512, tswd=0.0000]
Epoch 1/5:  10%|█         | 32/312 [00:05<00:15, 17.94it/s, curv=0.0000, flow=2.5421, kin=0.0000, loss=2.5421, ot=0.000
0, t=0.512, tswd=0.0000]
Epoch 1/5:  11%|█         | 35/312 [00:05<00:14, 18.56it/s, curv=0.0000, flow=2.5421, kin=0.0000, loss=2.5421, ot=0.000
0, t=0.512, tswd=0.0000]
Epoch 1/5:  12%|█▏        | 38/312 [00:05<00:14, 19.03it/s, curv=0.0000, flow=2.5421, kin=0.0000, loss=2.5421, ot=0.000
0, t=0.512, tswd=0.0000]
Epoch 1/5:  12%|█▏        | 38/312 [00:05<00:14, 19.03it/s, curv=0.0000, flow=2.5623, kin=0.0000, loss=2.5623, ot=0.000
0, t=0.496, tswd=0.0000]
Epoch 1/5:  13%|█▎        | 41/312 [00:05<00:14, 19.24it/s, curv=0.0000, flow=2.5623, kin=0.0000, loss=2.5623, ot=0.000
0, t=0.496, tswd=0.0000]
Epoch 1/5:  14%|█▍        | 44/312 [00:05<00:13, 19.49it/s, curv=0.0000, flow=2.5623, kin=0.0000, loss=2.5623, ot=0.000
0, t=0.496, tswd=0.0000]
Epoch 1/5:  15%|█▌        | 47/312 [00:05<00:13, 19.50it/s, curv=0.0000, flow=2.5623, kin=0.0000, loss=2.5623, ot=0.000
0, t=0.496, tswd=0.0000]
Epoch 1/5:  16%|█▌        | 50/312 [00:06<00:13, 19.80it/s, curv=0.0000, flow=2.5623, kin=0.0000, loss=2.5623, ot=0.000
0, t=0.496, tswd=0.0000]
Epoch 1/5:  17%|█▋        | 53/312 [00:06<00:12, 19.97it/s, curv=0.0000, flow=2.5623, kin=0.0000, loss=2.5623, ot=0.000
0, t=0.496, tswd=0.0000]
Epoch 1/5:  18%|█▊        | 56/312 [00:06<00:12, 20.21it/s, curv=0.0000, flow=2.5623, kin=0.0000, loss=2.5623, ot=0.000
0, t=0.496, tswd=0.0000]
Epoch 1/5:  19%|█▉        | 59/312 [00:06<00:12, 20.55it/s, curv=0.0000, flow=2.5623, kin=0.0000, loss=2.5623, ot=0.000
0, t=0.496, tswd=0.0000]
Epoch 1/5:  19%|█▉        | 59/312 [00:06<00:12, 20.55it/s, curv=0.0000, flow=2.5488, kin=0.0000, loss=2.5488, ot=0.000
0, t=0.490, tswd=0.0000]
Epoch 1/5:  20%|█▉        | 62/312 [00:06<00:12, 20.73it/s, curv=0.0000, flow=2.5488, kin=0.0000, loss=2.5488, ot=0.000
0, t=0.490, tswd=0.0000]
Epoch 1/5:  21%|██        | 65/312 [00:06<00:11, 20.82it/s, curv=0.0000, flow=2.5488, kin=0.0000, loss=2.5488, ot=0.000
0, t=0.490, tswd=0.0000]
Epoch 1/5:  22%|██▏       | 68/312 [00:06<00:11, 20.68it/s, curv=0.0000, flow=2.5488, kin=0.0000, loss=2.5488, ot=0.000
0, t=0.490, tswd=0.0000]
Epoch 1/5:  23%|██▎       | 71/312 [00:07<00:11, 20.84it/s, curv=0.0000, flow=2.5488, kin=0.0000, loss=2.5488, ot=0.000
0, t=0.490, tswd=0.0000]
Epoch 1/5:  24%|██▎       | 74/312 [00:07<00:11, 20.80it/s, curv=0.0000, flow=2.5488, kin=0.0000, loss=2.5488, ot=0.000
0, t=0.490, tswd=0.0000]
Epoch 1/5:  25%|██▍       | 77/312 [00:07<00:11, 20.58it/s, curv=0.0000, flow=2.5488, kin=0.0000, loss=2.5488, ot=0.000
0, t=0.490, tswd=0.0000]
Epoch 1/5:  25%|██▍       | 77/312 [00:07<00:11, 20.58it/s, curv=0.0000, flow=2.5429, kin=0.0000, loss=2.5429, ot=0.000
0, t=0.497, tswd=0.0000]
Epoch 1/5:  26%|██▌       | 80/312 [00:07<00:11, 20.27it/s, curv=0.0000, flow=2.5429, kin=0.0000, loss=2.5429, ot=0.000
0, t=0.497, tswd=0.0000]
Epoch 1/5:  27%|██▋       | 83/312 [00:07<00:11, 20.28it/s, curv=0.0000, flow=2.5429, kin=0.0000, loss=2.5429, ot=0.000
0, t=0.497, tswd=0.0000]
Epoch 1/5:  28%|██▊       | 86/312 [00:07<00:11, 20.22it/s, curv=0.0000, flow=2.5429, kin=0.0000, loss=2.5429, ot=0.000
0, t=0.497, tswd=0.0000]
Epoch 1/5:  29%|██▊       | 89/312 [00:07<00:11, 20.09it/s, curv=0.0000, flow=2.5429, kin=0.0000, loss=2.5429, ot=0.000
0, t=0.497, tswd=0.0000]
Epoch 1/5:  29%|██▉       | 92/312 [00:08<00:10, 20.10it/s, curv=0.0000, flow=2.5429, kin=0.0000, loss=2.5429, ot=0.000
0, t=0.497, tswd=0.0000]
Epoch 1/5:  30%|███       | 95/312 [00:08<00:10, 20.37it/s, curv=0.0000, flow=2.5429, kin=0.0000, loss=2.5429, ot=0.000
0, t=0.497, tswd=0.0000]
Epoch 1/5:  31%|███▏      | 98/312 [00:08<00:10, 20.54it/s, curv=0.0000, flow=2.5429, kin=0.0000, loss=2.5429, ot=0.000
0, t=0.497, tswd=0.0000]
Epoch 1/5:  31%|███▏      | 98/312 [00:08<00:10, 20.54it/s, curv=0.0000, flow=2.5358, kin=0.0000, loss=2.5358, ot=0.000
0, t=0.491, tswd=0.0000]
Epoch 1/5:  32%|███▏      | 101/312 [00:08<00:10, 20.68it/s, curv=0.0000, flow=2.5358, kin=0.0000, loss=2.5358, ot=0.00
00, t=0.491, tswd=0.0000]
Epoch 1/5:  33%|███▎      | 104/312 [00:08<00:10, 20.77it/s, curv=0.0000, flow=2.5358, kin=0.0000, loss=2.5358, ot=0.00
00, t=0.491, tswd=0.0000]
Epoch 1/5:  34%|███▍      | 107/312 [00:08<00:09, 20.82it/s, curv=0.0000, flow=2.5358, kin=0.0000, loss=2.5358, ot=0.00
00, t=0.491, tswd=0.0000]
Epoch 1/5:  35%|███▌      | 110/312 [00:08<00:09, 20.63it/s, curv=0.0000, flow=2.5358, kin=0.0000, loss=2.5358, ot=0.00
00, t=0.491, tswd=0.0000]
Epoch 1/5:  36%|███▌      | 113/312 [00:09<00:09, 20.33it/s, curv=0.0000, flow=2.5358, kin=0.0000, loss=2.5358, ot=0.00
00, t=0.491, tswd=0.0000]
Epoch 1/5:  37%|███▋      | 116/312 [00:09<00:09, 20.13it/s, curv=0.0000, flow=2.5358, kin=0.0000, loss=2.5358, ot=0.00
00, t=0.491, tswd=0.0000]
Epoch 1/5:  38%|███▊      | 119/312 [00:09<00:09, 19.73it/s, curv=0.0000, flow=2.5358, kin=0.0000, loss=2.5358, ot=0.00
00, t=0.491, tswd=0.0000]
Epoch 1/5:  38%|███▊      | 119/312 [00:09<00:09, 19.73it/s, curv=0.0000, flow=2.5270, kin=0.0000, loss=2.5270, ot=0.00
00, t=0.491, tswd=0.0000]
Epoch 1/5:  39%|███▉      | 121/312 [00:09<00:09, 19.56it/s, curv=0.0000, flow=2.5270, kin=0.0000, loss=2.5270, ot=0.00
00, t=0.491, tswd=0.0000]
Epoch 1/5:  39%|███▉      | 123/312 [00:09<00:09, 19.59it/s, curv=0.0000, flow=2.5270, kin=0.0000, loss=2.5270, ot=0.00
00, t=0.491, tswd=0.0000]
Epoch 1/5:  40%|████      | 126/312 [00:09<00:09, 19.73it/s, curv=0.0000, flow=2.5270, kin=0.0000, loss=2.5270, ot=0.00
00, t=0.491, tswd=0.0000]
Epoch 1/5:  41%|████      | 128/312 [00:09<00:09, 19.72it/s, curv=0.0000, flow=2.5270, kin=0.0000, loss=2.5270, ot=0.00
00, t=0.491, tswd=0.0000]
Epoch 1/5:  42%|████▏     | 130/312 [00:09<00:09, 19.77it/s, curv=0.0000, flow=2.5270, kin=0.0000, loss=2.5270, ot=0.00
00, t=0.491, tswd=0.0000]
Epoch 1/5:  43%|████▎     | 133/312 [00:10<00:08, 20.03it/s, curv=0.0000, flow=2.5270, kin=0.0000, loss=2.5270, ot=0.00
00, t=0.491, tswd=0.0000]
Epoch 1/5:  44%|████▎     | 136/312 [00:10<00:08, 20.13it/s, curv=0.0000, flow=2.5270, kin=0.0000, loss=2.5270, ot=0.00
00, t=0.491, tswd=0.0000]
Epoch 1/5:  45%|████▍     | 139/312 [00:10<00:08, 20.53it/s, curv=0.0000, flow=2.5270, kin=0.0000, loss=2.5270, ot=0.00
00, t=0.491, tswd=0.0000]
Epoch 1/5:  45%|████▍     | 139/312 [00:10<00:08, 20.53it/s, curv=0.0000, flow=2.5197, kin=0.0000, loss=2.5197, ot=0.00
00, t=0.494, tswd=0.0000]
Epoch 1/5:  46%|████▌     | 142/312 [00:10<00:08, 20.72it/s, curv=0.0000, flow=2.5197, kin=0.0000, loss=2.5197, ot=0.00
00, t=0.494, tswd=0.0000]
Epoch 1/5:  46%|████▋     | 145/312 [00:10<00:07, 20.95it/s, curv=0.0000, flow=2.5197, kin=0.0000, loss=2.5197, ot=0.00
00, t=0.494, tswd=0.0000]
Epoch 1/5:  47%|████▋     | 148/312 [00:10<00:07, 21.08it/s, curv=0.0000, flow=2.5197, kin=0.0000, loss=2.5197, ot=0.00
00, t=0.494, tswd=0.0000]
Epoch 1/5:  48%|████▊     | 151/312 [00:10<00:07, 21.11it/s, curv=0.0000, flow=2.5197, kin=0.0000, loss=2.5197, ot=0.00
00, t=0.494, tswd=0.0000]
Epoch 1/5:  49%|████▉     | 154/312 [00:11<00:07, 20.73it/s, curv=0.0000, flow=2.5197, kin=0.0000, loss=2.5197, ot=0.00
00, t=0.494, tswd=0.0000]
Epoch 1/5:  50%|█████     | 157/312 [00:11<00:07, 20.51it/s, curv=0.0000, flow=2.5197, kin=0.0000, loss=2.5197, ot=0.00
00, t=0.494, tswd=0.0000]
Epoch 1/5:  50%|█████     | 157/312 [00:11<00:07, 20.51it/s, curv=0.0000, flow=2.5211, kin=0.0000, loss=2.5211, ot=0.00
00, t=0.494, tswd=0.0000]
Epoch 1/5:  51%|█████▏    | 160/312 [00:11<00:07, 20.27it/s, curv=0.0000, flow=2.5211, kin=0.0000, loss=2.5211, ot=0.00
00, t=0.494, tswd=0.0000]
Epoch 1/5:  52%|█████▏    | 163/312 [00:11<00:07, 20.30it/s, curv=0.0000, flow=2.5211, kin=0.0000, loss=2.5211, ot=0.00
00, t=0.494, tswd=0.0000]
Epoch 1/5:  53%|█████▎    | 166/312 [00:11<00:07, 20.17it/s, curv=0.0000, flow=2.5211, kin=0.0000, loss=2.5211, ot=0.00
00, t=0.494, tswd=0.0000]
Epoch 1/5:  54%|█████▍    | 169/312 [00:11<00:07, 19.84it/s, curv=0.0000, flow=2.5211, kin=0.0000, loss=2.5211, ot=0.00
00, t=0.494, tswd=0.0000]
Epoch 1/5:  55%|█████▍    | 171/312 [00:11<00:07, 19.80it/s, curv=0.0000, flow=2.5211, kin=0.0000, loss=2.5211, ot=0.00
00, t=0.494, tswd=0.0000]
Epoch 1/5:  56%|█████▌    | 174/312 [00:12<00:06, 20.02it/s, curv=0.0000, flow=2.5211, kin=0.0000, loss=2.5211, ot=0.00
00, t=0.494, tswd=0.0000]
Epoch 1/5:  57%|█████▋    | 177/312 [00:12<00:06, 20.43it/s, curv=0.0000, flow=2.5211, kin=0.0000, loss=2.5211, ot=0.00
00, t=0.494, tswd=0.0000]
Epoch 1/5:  57%|█████▋    | 177/312 [00:12<00:06, 20.43it/s, curv=0.0000, flow=2.5123, kin=0.0000, loss=2.5123, ot=0.00
00, t=0.496, tswd=0.0000]
Epoch 1/5:  58%|█████▊    | 180/312 [00:12<00:06, 20.41it/s, curv=0.0000, flow=2.5123, kin=0.0000, loss=2.5123, ot=0.00
00, t=0.496, tswd=0.0000]
Epoch 1/5:  59%|█████▊    | 183/312 [00:12<00:06, 20.48it/s, curv=0.0000, flow=2.5123, kin=0.0000, loss=2.5123, ot=0.00
00, t=0.496, tswd=0.0000]
Epoch 1/5:  60%|█████▉    | 186/312 [00:12<00:06, 20.73it/s, curv=0.0000, flow=2.5123, kin=0.0000, loss=2.5123, ot=0.00
00, t=0.496, tswd=0.0000]
Epoch 1/5:  61%|██████    | 189/312 [00:12<00:05, 20.75it/s, curv=0.0000, flow=2.5123, kin=0.0000, loss=2.5123, ot=0.00
00, t=0.496, tswd=0.0000]
Epoch 1/5:  62%|██████▏   | 192/312 [00:12<00:05, 20.91it/s, curv=0.0000, flow=2.5123, kin=0.0000, loss=2.5123, ot=0.00
00, t=0.496, tswd=0.0000]
Epoch 1/5:  62%|██████▎   | 195/312 [00:13<00:05, 20.59it/s, curv=0.0000, flow=2.5123, kin=0.0000, loss=2.5123, ot=0.00
00, t=0.496, tswd=0.0000]
Epoch 1/5:  63%|██████▎   | 198/312 [00:13<00:05, 20.41it/s, curv=0.0000, flow=2.5123, kin=0.0000, loss=2.5123, ot=0.00
00, t=0.496, tswd=0.0000]
Epoch 1/5:  63%|██████▎   | 198/312 [00:13<00:05, 20.41it/s, curv=0.0000, flow=2.5086, kin=0.0000, loss=2.5086, ot=0.00
00, t=0.497, tswd=0.0000]
Epoch 1/5:  64%|██████▍   | 201/312 [00:13<00:05, 20.29it/s, curv=0.0000, flow=2.5086, kin=0.0000, loss=2.5086, ot=0.00
00, t=0.497, tswd=0.0000]
Epoch 1/5:  65%|██████▌   | 204/312 [00:13<00:05, 20.21it/s, curv=0.0000, flow=2.5086, kin=0.0000, loss=2.5086, ot=0.00
00, t=0.497, tswd=0.0000]
Epoch 1/5:  66%|██████▋   | 207/312 [00:13<00:05, 20.09it/s, curv=0.0000, flow=2.5086, kin=0.0000, loss=2.5086, ot=0.00
00, t=0.497, tswd=0.0000]
Epoch 1/5:  67%|██████▋   | 210/312 [00:13<00:05, 20.01it/s, curv=0.0000, flow=2.5086, kin=0.0000, loss=2.5086, ot=0.00
00, t=0.497, tswd=0.0000]
Epoch 1/5:  68%|██████▊   | 213/312 [00:14<00:04, 20.09it/s, curv=0.0000, flow=2.5086, kin=0.0000, loss=2.5086, ot=0.00
00, t=0.497, tswd=0.0000]
Epoch 1/5:  69%|██████▉   | 216/312 [00:14<00:04, 20.22it/s, curv=0.0000, flow=2.5086, kin=0.0000, loss=2.5086, ot=0.00
00, t=0.497, tswd=0.0000]
Epoch 1/5:  70%|███████   | 219/312 [00:14<00:04, 20.59it/s, curv=0.0000, flow=2.5086, kin=0.0000, loss=2.5086, ot=0.00
00, t=0.497, tswd=0.0000]
Epoch 1/5:  70%|███████   | 219/312 [00:14<00:04, 20.59it/s, curv=0.0000, flow=2.5040, kin=0.0000, loss=2.5040, ot=0.00
00, t=0.495, tswd=0.0000]
Epoch 1/5:  71%|███████   | 222/312 [00:14<00:04, 20.91it/s, curv=0.0000, flow=2.5040, kin=0.0000, loss=2.5040, ot=0.00
00, t=0.495, tswd=0.0000]
Epoch 1/5:  72%|███████▏  | 225/312 [00:14<00:04, 21.11it/s, curv=0.0000, flow=2.5040, kin=0.0000, loss=2.5040, ot=0.00
00, t=0.495, tswd=0.0000]
Epoch 1/5:  73%|███████▎  | 228/312 [00:14<00:03, 21.01it/s, curv=0.0000, flow=2.5040, kin=0.0000, loss=2.5040, ot=0.00
00, t=0.495, tswd=0.0000]
Epoch 1/5:  74%|███████▍  | 231/312 [00:14<00:03, 21.04it/s, curv=0.0000, flow=2.5040, kin=0.0000, loss=2.5040, ot=0.00
00, t=0.495, tswd=0.0000]
Epoch 1/5:  75%|███████▌  | 234/312 [00:15<00:03, 20.94it/s, curv=0.0000, flow=2.5040, kin=0.0000, loss=2.5040, ot=0.00
00, t=0.495, tswd=0.0000]
Epoch 1/5:  76%|███████▌  | 237/312 [00:15<00:03, 20.98it/s, curv=0.0000, flow=2.5040, kin=0.0000, loss=2.5040, ot=0.00
00, t=0.495, tswd=0.0000]
Epoch 1/5:  76%|███████▌  | 237/312 [00:15<00:03, 20.98it/s, curv=0.0000, flow=2.4955, kin=0.0000, loss=2.4955, ot=0.00
00, t=0.495, tswd=0.0000]
Epoch 1/5:  77%|███████▋  | 240/312 [00:15<00:03, 20.73it/s, curv=0.0000, flow=2.4955, kin=0.0000, loss=2.4955, ot=0.00
00, t=0.495, tswd=0.0000]
Epoch 1/5:  78%|███████▊  | 243/312 [00:15<00:03, 20.59it/s, curv=0.0000, flow=2.4955, kin=0.0000, loss=2.4955, ot=0.00
00, t=0.495, tswd=0.0000]
Epoch 1/5:  79%|███████▉  | 246/312 [00:15<00:03, 20.43it/s, curv=0.0000, flow=2.4955, kin=0.0000, loss=2.4955, ot=0.00
00, t=0.495, tswd=0.0000]
Epoch 1/5:  80%|███████▉  | 249/312 [00:15<00:03, 20.27it/s, curv=0.0000, flow=2.4955, kin=0.0000, loss=2.4955, ot=0.00
00, t=0.495, tswd=0.0000]
Epoch 1/5:  81%|████████  | 252/312 [00:15<00:03, 19.98it/s, curv=0.0000, flow=2.4955, kin=0.0000, loss=2.4955, ot=0.00
00, t=0.495, tswd=0.0000]
Epoch 1/5:  82%|████████▏ | 255/312 [00:16<00:02, 20.14it/s, curv=0.0000, flow=2.4955, kin=0.0000, loss=2.4955, ot=0.00
00, t=0.495, tswd=0.0000]
Epoch 1/5:  83%|████████▎ | 258/312 [00:16<00:02, 20.26it/s, curv=0.0000, flow=2.4955, kin=0.0000, loss=2.4955, ot=0.00
00, t=0.495, tswd=0.0000]
Epoch 1/5:  83%|████████▎ | 258/312 [00:16<00:02, 20.26it/s, curv=0.0000, flow=2.4871, kin=0.0000, loss=2.4871, ot=0.00
00, t=0.497, tswd=0.0000]
Epoch 1/5:  84%|████████▎ | 261/312 [00:16<00:02, 20.34it/s, curv=0.0000, flow=2.4871, kin=0.0000, loss=2.4871, ot=0.00
00, t=0.497, tswd=0.0000]
Epoch 1/5:  85%|████████▍ | 264/312 [00:16<00:02, 20.71it/s, curv=0.0000, flow=2.4871, kin=0.0000, loss=2.4871, ot=0.00
00, t=0.497, tswd=0.0000]
Epoch 1/5:  86%|████████▌ | 267/312 [00:16<00:02, 20.89it/s, curv=0.0000, flow=2.4871, kin=0.0000, loss=2.4871, ot=0.00
00, t=0.497, tswd=0.0000]
Epoch 1/5:  87%|████████▋ | 270/312 [00:16<00:01, 21.04it/s, curv=0.0000, flow=2.4871, kin=0.0000, loss=2.4871, ot=0.00
00, t=0.497, tswd=0.0000]
Epoch 1/5:  88%|████████▊ | 273/312 [00:16<00:01, 21.02it/s, curv=0.0000, flow=2.4871, kin=0.0000, loss=2.4871, ot=0.00
00, t=0.497, tswd=0.0000]
Epoch 1/5:  88%|████████▊ | 276/312 [00:17<00:01, 20.94it/s, curv=0.0000, flow=2.4871, kin=0.0000, loss=2.4871, ot=0.00
00, t=0.497, tswd=0.0000]
Epoch 1/5:  89%|████████▉ | 279/312 [00:17<00:01, 19.90it/s, curv=0.0000, flow=2.4871, kin=0.0000, loss=2.4871, ot=0.00
00, t=0.497, tswd=0.0000]
Epoch 1/5:  89%|████████▉ | 279/312 [00:17<00:01, 19.90it/s, curv=0.0000, flow=2.4824, kin=0.0000, loss=2.4824, ot=0.00
00, t=0.497, tswd=0.0000]
Epoch 1/5:  90%|█████████ | 282/312 [00:17<00:01, 19.89it/s, curv=0.0000, flow=2.4824, kin=0.0000, loss=2.4824, ot=0.00
00, t=0.497, tswd=0.0000]
Epoch 1/5:  91%|█████████▏| 285/312 [00:17<00:01, 20.00it/s, curv=0.0000, flow=2.4824, kin=0.0000, loss=2.4824, ot=0.00
00, t=0.497, tswd=0.0000]
Epoch 1/5:  92%|█████████▏| 288/312 [00:17<00:01, 20.05it/s, curv=0.0000, flow=2.4824, kin=0.0000, loss=2.4824, ot=0.00
00, t=0.497, tswd=0.0000]
Epoch 1/5:  93%|█████████▎| 291/312 [00:17<00:01, 19.95it/s, curv=0.0000, flow=2.4824, kin=0.0000, loss=2.4824, ot=0.00
00, t=0.497, tswd=0.0000]
Epoch 1/5:  94%|█████████▍| 293/312 [00:17<00:00, 19.94it/s, curv=0.0000, flow=2.4824, kin=0.0000, loss=2.4824, ot=0.00
00, t=0.497, tswd=0.0000]
Epoch 1/5:  95%|█████████▍| 296/312 [00:18<00:00, 20.04it/s, curv=0.0000, flow=2.4824, kin=0.0000, loss=2.4824, ot=0.00
00, t=0.497, tswd=0.0000]
Epoch 1/5:  96%|█████████▌| 299/312 [00:18<00:00, 20.32it/s, curv=0.0000, flow=2.4824, kin=0.0000, loss=2.4824, ot=0.00
00, t=0.497, tswd=0.0000]
Epoch 1/5:  96%|█████████▌| 299/312 [00:18<00:00, 20.32it/s, curv=0.0000, flow=2.4763, kin=0.0000, loss=2.4763, ot=0.00
00, t=0.498, tswd=0.0000]
Epoch 1/5:  97%|█████████▋| 302/312 [00:18<00:00, 20.54it/s, curv=0.0000, flow=2.4763, kin=0.0000, loss=2.4763, ot=0.00
00, t=0.498, tswd=0.0000]
Epoch 1/5:  98%|█████████▊| 305/312 [00:18<00:00, 20.76it/s, curv=0.0000, flow=2.4763, kin=0.0000, loss=2.4763, ot=0.00
00, t=0.498, tswd=0.0000]
Epoch 1/5:  99%|█████████▊| 308/312 [00:18<00:00, 21.03it/s, curv=0.0000, flow=2.4763, kin=0.0000, loss=2.4763, ot=0.00
00, t=0.498, tswd=0.0000]
Epoch 1/5: 100%|█████████▉| 311/312 [00:18<00:00, 21.08it/s, curv=0.0000, flow=2.4763, kin=0.0000, loss=2.4763, ot=0.00
00, t=0.498, tswd=0.0000]
Epoch 1/5: 100%|█████████▉| 311/312 [00:18<00:00, 21.08it/s, curv=0.0000, flow=2.4720, kin=0.0000, loss=2.4720, ot=0.00
00, t=0.499, tswd=0.0000]
Epoch 1/5: 100%|██████████| 312/312 [00:18<00:00, 16.57it/s, curv=0.0000, flow=2.4720, kin=0.0000, loss=2.4720, ot=0.00
00, t=0.499, tswd=0.0000]
2026-07-01 10:28:11,876 - INFO - Epoch 1/5 | loss=2.4720 flow=2.4720 kin=0.0000 ot=0.0000 tswd=0.0000 gini=0.000 hub=0.
000 otd=0.0000 fiber=0.000 leak=0.0000 tgtshift=0.0000 cla=0.0000 cea=0.0000 sem_attn=0.000 sem_k=0.000 topo_ent=0.000 
topo_on=0 plan_ent=0.000 bary_ent=0.000 tok_ent=0.000 tok_eff=0.0 tok_max=0.000 tok_svd=0.000 tok_cos=0.000 app_s=0.000
 app_d=0.000 sigma=0.000 bex=0 idr=0.00 t=0.499 |v|=0.000 lr=2.00e-04 data=0.4s comp=13.5s epoch=18.8s sps=265.11 bstep
=0.060s gpu=71.2/88.0% vram=3.49/3.61GB power=54.3/68.0W peak=0.59/0.66GB
2026-07-01 10:28:11,881 - INFO - Epoch 2 weight schedule: stage=0 w_content=0.0000 w_style=0.0000 w_style_strength_reg=
0.0000 sigma=0.0000

Epoch 2/5:   0%|          | 0/312 [00:00<?, ?it/s]
Epoch 2/5:   0%|          | 0/312 [00:00<?, ?it/s, curv=0.0000, flow=2.5349, kin=0.0000, loss=2.5349, ot=0.0000, t=0.58
1, tswd=0.0000]
Epoch 2/5:   1%|          | 3/312 [00:00<00:14, 20.61it/s, curv=0.0000, flow=2.5349, kin=0.0000, loss=2.5349, ot=0.0000
, t=0.581, tswd=0.0000]
Epoch 2/5:   2%|▏         | 6/312 [00:00<00:14, 20.50it/s, curv=0.0000, flow=2.5349, kin=0.0000, loss=2.5349, ot=0.0000
, t=0.581, tswd=0.0000]
Epoch 2/5:   3%|▎         | 9/312 [00:00<00:14, 20.44it/s, curv=0.0000, flow=2.5349, kin=0.0000, loss=2.5349, ot=0.0000
, t=0.581, tswd=0.0000]
Epoch 2/5:   4%|▍         | 12/312 [00:00<00:14, 20.57it/s, curv=0.0000, flow=2.5349, kin=0.0000, loss=2.5349, ot=0.000
0, t=0.581, tswd=0.0000]
Epoch 2/5:   5%|▍         | 15/312 [00:00<00:14, 20.40it/s, curv=0.0000, flow=2.5349, kin=0.0000, loss=2.5349, ot=0.000
0, t=0.581, tswd=0.0000]
Epoch 2/5:   6%|▌         | 18/312 [00:00<00:14, 20.20it/s, curv=0.0000, flow=2.5349, kin=0.0000, loss=2.5349, ot=0.000
0, t=0.581, tswd=0.0000]
Epoch 2/5:   6%|▌         | 18/312 [00:00<00:14, 20.20it/s, curv=0.0000, flow=2.4062, kin=0.0000, loss=2.4062, ot=0.000
0, t=0.486, tswd=0.0000]
Epoch 2/5:   7%|▋         | 21/312 [00:01<00:14, 20.04it/s, curv=0.0000, flow=2.4062, kin=0.0000, loss=2.4062, ot=0.000
0, t=0.486, tswd=0.0000]
Epoch 2/5:   8%|▊         | 24/312 [00:01<00:14, 20.19it/s, curv=0.0000, flow=2.4062, kin=0.0000, loss=2.4062, ot=0.000
0, t=0.486, tswd=0.0000]
Epoch 2/5:   9%|▊         | 27/312 [00:01<00:13, 20.55it/s, curv=0.0000, flow=2.4062, kin=0.0000, loss=2.4062, ot=0.000
0, t=0.486, tswd=0.0000]
Epoch 2/5:  10%|▉         | 30/312 [00:01<00:13, 20.76it/s, curv=0.0000, flow=2.4062, kin=0.0000, loss=2.4062, ot=0.000
0, t=0.486, tswd=0.0000]
Epoch 2/5:  11%|█         | 33/312 [00:01<00:13, 20.82it/s, curv=0.0000, flow=2.4062, kin=0.0000, loss=2.4062, ot=0.000
0, t=0.486, tswd=0.0000]
Epoch 2/5:  12%|█▏        | 36/312 [00:01<00:13, 20.96it/s, curv=0.0000, flow=2.4062, kin=0.0000, loss=2.4062, ot=0.000
0, t=0.486, tswd=0.0000]
Epoch 2/5:  12%|█▎        | 39/312 [00:01<00:13, 20.52it/s, curv=0.0000, flow=2.4062, kin=0.0000, loss=2.4062, ot=0.000
0, t=0.486, tswd=0.0000]
Epoch 2/5:  12%|█▎        | 39/312 [00:01<00:13, 20.52it/s, curv=0.0000, flow=2.3425, kin=0.0000, loss=2.3425, ot=0.000
0, t=0.502, tswd=0.0000]
Epoch 2/5:  13%|█▎        | 42/312 [00:02<00:13, 20.68it/s, curv=0.0000, flow=2.3425, kin=0.0000, loss=2.3425, ot=0.000
0, t=0.502, tswd=0.0000]
Epoch 2/5:  14%|█▍        | 45/312 [00:02<00:13, 20.18it/s, curv=0.0000, flow=2.3425, kin=0.0000, loss=2.3425, ot=0.000
0, t=0.502, tswd=0.0000]
Epoch 2/5:  15%|█▌        | 48/312 [00:02<00:13, 20.20it/s, curv=0.0000, flow=2.3425, kin=0.0000, loss=2.3425, ot=0.000
0, t=0.502, tswd=0.0000]
Epoch 2/5:  16%|█▋        | 51/312 [00:02<00:12, 20.10it/s, curv=0.0000, flow=2.3425, kin=0.0000, loss=2.3425, ot=0.000
0, t=0.502, tswd=0.0000]
Epoch 2/5:  17%|█▋        | 54/312 [00:02<00:12, 20.04it/s, curv=0.0000, flow=2.3425, kin=0.0000, loss=2.3425, ot=0.000
0, t=0.502, tswd=0.0000]
Epoch 2/5:  18%|█▊        | 57/312 [00:02<00:12, 20.08it/s, curv=0.0000, flow=2.3425, kin=0.0000, loss=2.3425, ot=0.000
0, t=0.502, tswd=0.0000]
Epoch 2/5:  18%|█▊        | 57/312 [00:02<00:12, 20.08it/s, curv=0.0000, flow=2.3354, kin=0.0000, loss=2.3354, ot=0.000
0, t=0.504, tswd=0.0000]
Epoch 2/5:  19%|█▉        | 60/312 [00:02<00:12, 19.81it/s, curv=0.0000, flow=2.3354, kin=0.0000, loss=2.3354, ot=0.000
0, t=0.504, tswd=0.0000]
Epoch 2/5:  20%|██        | 63/312 [00:03<00:12, 20.03it/s, curv=0.0000, flow=2.3354, kin=0.0000, loss=2.3354, ot=0.000
0, t=0.504, tswd=0.0000]
Epoch 2/5:  21%|██        | 66/312 [00:03<00:12, 20.25it/s, curv=0.0000, flow=2.3354, kin=0.0000, loss=2.3354, ot=0.000
0, t=0.504, tswd=0.0000]
Epoch 2/5:  22%|██▏       | 69/312 [00:03<00:11, 20.39it/s, curv=0.0000, flow=2.3354, kin=0.0000, loss=2.3354, ot=0.000
0, t=0.504, tswd=0.0000]
Epoch 2/5:  23%|██▎       | 72/312 [00:03<00:11, 20.61it/s, curv=0.0000, flow=2.3354, kin=0.0000, loss=2.3354, ot=0.000
0, t=0.504, tswd=0.0000]
Epoch 2/5:  24%|██▍       | 75/312 [00:03<00:11, 20.81it/s, curv=0.0000, flow=2.3354, kin=0.0000, loss=2.3354, ot=0.000
0, t=0.504, tswd=0.0000]
Epoch 2/5:  25%|██▌       | 78/312 [00:03<00:11, 20.82it/s, curv=0.0000, flow=2.3354, kin=0.0000, loss=2.3354, ot=0.000
0, t=0.504, tswd=0.0000]
Epoch 2/5:  25%|██▌       | 78/312 [00:03<00:11, 20.82it/s, curv=0.0000, flow=2.3322, kin=0.0000, loss=2.3322, ot=0.000
0, t=0.503, tswd=0.0000]
Epoch 2/5:  26%|██▌       | 81/312 [00:03<00:11, 20.67it/s, curv=0.0000, flow=2.3322, kin=0.0000, loss=2.3322, ot=0.000
0, t=0.503, tswd=0.0000]
Epoch 2/5:  27%|██▋       | 84/312 [00:04<00:11, 20.71it/s, curv=0.0000, flow=2.3322, kin=0.0000, loss=2.3322, ot=0.000
0, t=0.503, tswd=0.0000]
Epoch 2/5:  28%|██▊       | 87/312 [00:04<00:10, 20.57it/s, curv=0.0000, flow=2.3322, kin=0.0000, loss=2.3322, ot=0.000
0, t=0.503, tswd=0.0000]
Epoch 2/5:  29%|██▉       | 90/312 [00:04<00:10, 20.62it/s, curv=0.0000, flow=2.3322, kin=0.0000, loss=2.3322, ot=0.000
0, t=0.503, tswd=0.0000]
Epoch 2/5:  30%|██▉       | 93/312 [00:04<00:10, 20.52it/s, curv=0.0000, flow=2.3322, kin=0.0000, loss=2.3322, ot=0.000
0, t=0.503, tswd=0.0000]
Epoch 2/5:  31%|███       | 96/312 [00:04<00:10, 20.31it/s, curv=0.0000, flow=2.3322, kin=0.0000, loss=2.3322, ot=0.000
0, t=0.503, tswd=0.0000]
Epoch 2/5:  32%|███▏      | 99/312 [00:04<00:10, 20.22it/s, curv=0.0000, flow=2.3322, kin=0.0000, loss=2.3322, ot=0.000
0, t=0.503, tswd=0.0000]
Epoch 2/5:  32%|███▏      | 99/312 [00:04<00:10, 20.22it/s, curv=0.0000, flow=2.3207, kin=0.0000, loss=2.3207, ot=0.000
0, t=0.502, tswd=0.0000]
Epoch 2/5:  33%|███▎      | 102/312 [00:05<00:10, 20.10it/s, curv=0.0000, flow=2.3207, kin=0.0000, loss=2.3207, ot=0.00
00, t=0.502, tswd=0.0000]
Epoch 2/5:  34%|███▎      | 105/312 [00:05<00:10, 20.09it/s, curv=0.0000, flow=2.3207, kin=0.0000, loss=2.3207, ot=0.00
00, t=0.502, tswd=0.0000]
Epoch 2/5:  35%|███▍      | 108/312 [00:05<00:09, 20.45it/s, curv=0.0000, flow=2.3207, kin=0.0000, loss=2.3207, ot=0.00
00, t=0.502, tswd=0.0000]
Epoch 2/5:  36%|███▌      | 111/312 [00:05<00:09, 20.75it/s, curv=0.0000, flow=2.3207, kin=0.0000, loss=2.3207, ot=0.00
00, t=0.502, tswd=0.0000]
Epoch 2/5:  37%|███▋      | 114/312 [00:05<00:09, 20.89it/s, curv=0.0000, flow=2.3207, kin=0.0000, loss=2.3207, ot=0.00
00, t=0.502, tswd=0.0000]
Epoch 2/5:  38%|███▊      | 117/312 [00:05<00:09, 20.97it/s, curv=0.0000, flow=2.3207, kin=0.0000, loss=2.3207, ot=0.00
00, t=0.502, tswd=0.0000]
Epoch 2/5:  38%|███▊      | 117/312 [00:05<00:09, 20.97it/s, curv=0.0000, flow=2.3062, kin=0.0000, loss=2.3062, ot=0.00
00, t=0.500, tswd=0.0000]
Epoch 2/5:  38%|███▊      | 120/312 [00:05<00:09, 20.94it/s, curv=0.0000, flow=2.3062, kin=0.0000, loss=2.3062, ot=0.00
00, t=0.500, tswd=0.0000]
Epoch 2/5:  39%|███▉      | 123/312 [00:06<00:09, 20.89it/s, curv=0.0000, flow=2.3062, kin=0.0000, loss=2.3062, ot=0.00
00, t=0.500, tswd=0.0000]
Epoch 2/5:  40%|████      | 126/312 [00:06<00:08, 20.72it/s, curv=0.0000, flow=2.3062, kin=0.0000, loss=2.3062, ot=0.00
00, t=0.500, tswd=0.0000]
Epoch 2/5:  41%|████▏     | 129/312 [00:06<00:08, 20.49it/s, curv=0.0000, flow=2.3062, kin=0.0000, loss=2.3062, ot=0.00
00, t=0.500, tswd=0.0000]
Epoch 2/5:  42%|████▏     | 132/312 [00:06<00:08, 20.33it/s, curv=0.0000, flow=2.3062, kin=0.0000, loss=2.3062, ot=0.00
00, t=0.500, tswd=0.0000]
Epoch 2/5:  43%|████▎     | 135/312 [00:06<00:08, 20.31it/s, curv=0.0000, flow=2.3062, kin=0.0000, loss=2.3062, ot=0.00
00, t=0.500, tswd=0.0000]
Epoch 2/5:  44%|████▍     | 138/312 [00:06<00:08, 19.65it/s, curv=0.0000, flow=2.3062, kin=0.0000, loss=2.3062, ot=0.00
00, t=0.500, tswd=0.0000]
Epoch 2/5:  44%|████▍     | 138/312 [00:06<00:08, 19.65it/s, curv=0.0000, flow=2.2935, kin=0.0000, loss=2.2935, ot=0.00
00, t=0.496, tswd=0.0000]
Epoch 2/5:  45%|████▌     | 141/312 [00:06<00:08, 19.76it/s, curv=0.0000, flow=2.2935, kin=0.0000, loss=2.2935, ot=0.00
00, t=0.496, tswd=0.0000]
Epoch 2/5:  46%|████▌     | 143/312 [00:07<00:08, 19.64it/s, curv=0.0000, flow=2.2935, kin=0.0000, loss=2.2935, ot=0.00
00, t=0.496, tswd=0.0000]
Epoch 2/5:  46%|████▋     | 145/312 [00:07<00:08, 19.70it/s, curv=0.0000, flow=2.2935, kin=0.0000, loss=2.2935, ot=0.00
00, t=0.496, tswd=0.0000]
Epoch 2/5:  47%|████▋     | 148/312 [00:07<00:08, 19.97it/s, curv=0.0000, flow=2.2935, kin=0.0000, loss=2.2935, ot=0.00
00, t=0.496, tswd=0.0000]
Epoch 2/5:  48%|████▊     | 151/312 [00:07<00:07, 20.31it/s, curv=0.0000, flow=2.2935, kin=0.0000, loss=2.2935, ot=0.00
00, t=0.496, tswd=0.0000]
Epoch 2/5:  49%|████▉     | 154/312 [00:07<00:07, 20.60it/s, curv=0.0000, flow=2.2935, kin=0.0000, loss=2.2935, ot=0.00
00, t=0.496, tswd=0.0000]
Epoch 2/5:  50%|█████     | 157/312 [00:07<00:07, 20.83it/s, curv=0.0000, flow=2.2935, kin=0.0000, loss=2.2935, ot=0.00
00, t=0.496, tswd=0.0000]
Epoch 2/5:  50%|█████     | 157/312 [00:07<00:07, 20.83it/s, curv=0.0000, flow=2.2954, kin=0.0000, loss=2.2954, ot=0.00
00, t=0.497, tswd=0.0000]
Epoch 2/5:  51%|█████▏    | 160/312 [00:07<00:07, 20.95it/s, curv=0.0000, flow=2.2954, kin=0.0000, loss=2.2954, ot=0.00
00, t=0.497, tswd=0.0000]
Epoch 2/5:  52%|█████▏    | 163/312 [00:07<00:07, 20.91it/s, curv=0.0000, flow=2.2954, kin=0.0000, loss=2.2954, ot=0.00
00, t=0.497, tswd=0.0000]
Epoch 2/5:  53%|█████▎    | 166/312 [00:08<00:06, 20.88it/s, curv=0.0000, flow=2.2954, kin=0.0000, loss=2.2954, ot=0.00
00, t=0.497, tswd=0.0000]
Epoch 2/5:  54%|█████▍    | 169/312 [00:08<00:06, 20.65it/s, curv=0.0000, flow=2.2954, kin=0.0000, loss=2.2954, ot=0.00
00, t=0.497, tswd=0.0000]
Epoch 2/5:  55%|█████▌    | 172/312 [00:08<00:06, 20.44it/s, curv=0.0000, flow=2.2954, kin=0.0000, loss=2.2954, ot=0.00
00, t=0.497, tswd=0.0000]
Epoch 2/5:  56%|█████▌    | 175/312 [00:08<00:06, 20.34it/s, curv=0.0000, flow=2.2954, kin=0.0000, loss=2.2954, ot=0.00
00, t=0.497, tswd=0.0000]
Epoch 2/5:  57%|█████▋    | 178/312 [00:08<00:06, 19.93it/s, curv=0.0000, flow=2.2954, kin=0.0000, loss=2.2954, ot=0.00
00, t=0.497, tswd=0.0000]
Epoch 2/5:  57%|█████▋    | 178/312 [00:08<00:06, 19.93it/s, curv=0.0000, flow=2.2877, kin=0.0000, loss=2.2877, ot=0.00
00, t=0.497, tswd=0.0000]
Epoch 2/5:  58%|█████▊    | 181/312 [00:08<00:06, 20.13it/s, curv=0.0000, flow=2.2877, kin=0.0000, loss=2.2877, ot=0.00
00, t=0.497, tswd=0.0000]
Epoch 2/5:  59%|█████▉    | 184/312 [00:09<00:06, 20.10it/s, curv=0.0000, flow=2.2877, kin=0.0000, loss=2.2877, ot=0.00
00, t=0.497, tswd=0.0000]
Epoch 2/5:  60%|█████▉    | 187/312 [00:09<00:06, 20.18it/s, curv=0.0000, flow=2.2877, kin=0.0000, loss=2.2877, ot=0.00
00, t=0.497, tswd=0.0000]
Epoch 2/5:  61%|██████    | 190/312 [00:09<00:05, 20.55it/s, curv=0.0000, flow=2.2877, kin=0.0000, loss=2.2877, ot=0.00
00, t=0.497, tswd=0.0000]
Epoch 2/5:  62%|██████▏   | 193/312 [00:09<00:05, 20.86it/s, curv=0.0000, flow=2.2877, kin=0.0000, loss=2.2877, ot=0.00
00, t=0.497, tswd=0.0000]
Epoch 2/5:  63%|██████▎   | 196/312 [00:09<00:05, 21.12it/s, curv=0.0000, flow=2.2877, kin=0.0000, loss=2.2877, ot=0.00
00, t=0.497, tswd=0.0000]
Epoch 2/5:  64%|██████▍   | 199/312 [00:09<00:05, 21.14it/s, curv=0.0000, flow=2.2877, kin=0.0000, loss=2.2877, ot=0.00
00, t=0.497, tswd=0.0000]
Epoch 2/5:  64%|██████▍   | 199/312 [00:09<00:05, 21.14it/s, curv=0.0000, flow=2.2827, kin=0.0000, loss=2.2827, ot=0.00
00, t=0.497, tswd=0.0000]
Epoch 2/5:  65%|██████▍   | 202/312 [00:09<00:05, 21.24it/s, curv=0.0000, flow=2.2827, kin=0.0000, loss=2.2827, ot=0.00
00, t=0.497, tswd=0.0000]
Epoch 2/5:  66%|██████▌   | 205/312 [00:10<00:05, 20.97it/s, curv=0.0000, flow=2.2827, kin=0.0000, loss=2.2827, ot=0.00
00, t=0.497, tswd=0.0000]
Epoch 2/5:  67%|██████▋   | 208/312 [00:10<00:04, 20.99it/s, curv=0.0000, flow=2.2827, kin=0.0000, loss=2.2827, ot=0.00
00, t=0.497, tswd=0.0000]
Epoch 2/5:  68%|██████▊   | 211/312 [00:10<00:04, 20.34it/s, curv=0.0000, flow=2.2827, kin=0.0000, loss=2.2827, ot=0.00
00, t=0.497, tswd=0.0000]
Epoch 2/5:  69%|██████▊   | 214/312 [00:10<00:04, 20.13it/s, curv=0.0000, flow=2.2827, kin=0.0000, loss=2.2827, ot=0.00
00, t=0.497, tswd=0.0000]
Epoch 2/5:  70%|██████▉   | 217/312 [00:10<00:04, 20.09it/s, curv=0.0000, flow=2.2827, kin=0.0000, loss=2.2827, ot=0.00
00, t=0.497, tswd=0.0000]
Epoch 2/5:  70%|██████▉   | 217/312 [00:10<00:04, 20.09it/s, curv=0.0000, flow=2.2773, kin=0.0000, loss=2.2773, ot=0.00
00, t=0.500, tswd=0.0000]
Epoch 2/5:  71%|███████   | 220/312 [00:10<00:04, 20.06it/s, curv=0.0000, flow=2.2773, kin=0.0000, loss=2.2773, ot=0.00
00, t=0.500, tswd=0.0000]
Epoch 2/5:  71%|███████▏  | 223/312 [00:10<00:04, 19.81it/s, curv=0.0000, flow=2.2773, kin=0.0000, loss=2.2773, ot=0.00
00, t=0.500, tswd=0.0000]
Epoch 2/5:  72%|███████▏  | 226/312 [00:11<00:04, 19.97it/s, curv=0.0000, flow=2.2773, kin=0.0000, loss=2.2773, ot=0.00
00, t=0.500, tswd=0.0000]
Epoch 2/5:  73%|███████▎  | 229/312 [00:11<00:04, 20.06it/s, curv=0.0000, flow=2.2773, kin=0.0000, loss=2.2773, ot=0.00
00, t=0.500, tswd=0.0000]
Epoch 2/5:  74%|███████▍  | 232/312 [00:11<00:03, 20.45it/s, curv=0.0000, flow=2.2773, kin=0.0000, loss=2.2773, ot=0.00
00, t=0.500, tswd=0.0000]
Epoch 2/5:  75%|███████▌  | 235/312 [00:11<00:03, 20.63it/s, curv=0.0000, flow=2.2773, kin=0.0000, loss=2.2773, ot=0.00
00, t=0.500, tswd=0.0000]
Epoch 2/5:  76%|███████▋  | 238/312 [00:11<00:03, 20.91it/s, curv=0.0000, flow=2.2773, kin=0.0000, loss=2.2773, ot=0.00
00, t=0.500, tswd=0.0000]
Epoch 2/5:  76%|███████▋  | 238/312 [00:11<00:03, 20.91it/s, curv=0.0000, flow=2.2791, kin=0.0000, loss=2.2791, ot=0.00
00, t=0.502, tswd=0.0000]
Epoch 2/5:  77%|███████▋  | 241/312 [00:11<00:03, 21.00it/s, curv=0.0000, flow=2.2791, kin=0.0000, loss=2.2791, ot=0.00
00, t=0.502, tswd=0.0000]
Epoch 2/5:  78%|███████▊  | 244/312 [00:11<00:03, 20.98it/s, curv=0.0000, flow=2.2791, kin=0.0000, loss=2.2791, ot=0.00
00, t=0.502, tswd=0.0000]
Epoch 2/5:  79%|███████▉  | 247/312 [00:12<00:03, 20.91it/s, curv=0.0000, flow=2.2791, kin=0.0000, loss=2.2791, ot=0.00
00, t=0.502, tswd=0.0000]
Epoch 2/5:  80%|████████  | 250/312 [00:12<00:03, 20.63it/s, curv=0.0000, flow=2.2791, kin=0.0000, loss=2.2791, ot=0.00
00, t=0.502, tswd=0.0000]
Epoch 2/5:  81%|████████  | 253/312 [00:12<00:02, 20.44it/s, curv=0.0000, flow=2.2791, kin=0.0000, loss=2.2791, ot=0.00
00, t=0.502, tswd=0.0000]
Epoch 2/5:  82%|████████▏ | 256/312 [00:12<00:02, 20.27it/s, curv=0.0000, flow=2.2791, kin=0.0000, loss=2.2791, ot=0.00
00, t=0.502, tswd=0.0000]
Epoch 2/5:  83%|████████▎ | 259/312 [00:12<00:02, 20.19it/s, curv=0.0000, flow=2.2791, kin=0.0000, loss=2.2791, ot=0.00
00, t=0.502, tswd=0.0000]
Epoch 2/5:  83%|████████▎ | 259/312 [00:12<00:02, 20.19it/s, curv=0.0000, flow=2.2747, kin=0.0000, loss=2.2747, ot=0.00
00, t=0.503, tswd=0.0000]
Epoch 2/5:  84%|████████▍ | 262/312 [00:12<00:02, 20.02it/s, curv=0.0000, flow=2.2747, kin=0.0000, loss=2.2747, ot=0.00
00, t=0.503, tswd=0.0000]
Epoch 2/5:  85%|████████▍ | 265/312 [00:12<00:02, 19.84it/s, curv=0.0000, flow=2.2747, kin=0.0000, loss=2.2747, ot=0.00
00, t=0.503, tswd=0.0000]
Epoch 2/5:  86%|████████▌ | 268/312 [00:13<00:02, 20.17it/s, curv=0.0000, flow=2.2747, kin=0.0000, loss=2.2747, ot=0.00
00, t=0.503, tswd=0.0000]
Epoch 2/5:  87%|████████▋ | 271/312 [00:13<00:02, 20.24it/s, curv=0.0000, flow=2.2747, kin=0.0000, loss=2.2747, ot=0.00
00, t=0.503, tswd=0.0000]
Epoch 2/5:  88%|████████▊ | 274/312 [00:13<00:01, 20.32it/s, curv=0.0000, flow=2.2747, kin=0.0000, loss=2.2747, ot=0.00
00, t=0.503, tswd=0.0000]
Epoch 2/5:  89%|████████▉ | 277/312 [00:13<00:01, 20.60it/s, curv=0.0000, flow=2.2747, kin=0.0000, loss=2.2747, ot=0.00
00, t=0.503, tswd=0.0000]
Epoch 2/5:  89%|████████▉ | 277/312 [00:13<00:01, 20.60it/s, curv=0.0000, flow=2.2652, kin=0.0000, loss=2.2652, ot=0.00
00, t=0.502, tswd=0.0000]
Epoch 2/5:  90%|████████▉ | 280/312 [00:13<00:01, 20.59it/s, curv=0.0000, flow=2.2652, kin=0.0000, loss=2.2652, ot=0.00
00, t=0.502, tswd=0.0000]
Epoch 2/5:  91%|█████████ | 283/312 [00:13<00:01, 20.72it/s, curv=0.0000, flow=2.2652, kin=0.0000, loss=2.2652, ot=0.00
00, t=0.502, tswd=0.0000]
Epoch 2/5:  92%|█████████▏| 286/312 [00:13<00:01, 20.52it/s, curv=0.0000, flow=2.2652, kin=0.0000, loss=2.2652, ot=0.00
00, t=0.502, tswd=0.0000]
Epoch 2/5:  93%|█████████▎| 289/312 [00:14<00:01, 20.53it/s, curv=0.0000, flow=2.2652, kin=0.0000, loss=2.2652, ot=0.00
00, t=0.502, tswd=0.0000]
Epoch 2/5:  94%|█████████▎| 292/312 [00:14<00:00, 20.32it/s, curv=0.0000, flow=2.2652, kin=0.0000, loss=2.2652, ot=0.00
00, t=0.502, tswd=0.0000]
Epoch 2/5:  95%|█████████▍| 295/312 [00:14<00:00, 20.20it/s, curv=0.0000, flow=2.2652, kin=0.0000, loss=2.2652, ot=0.00
00, t=0.502, tswd=0.0000]
Epoch 2/5:  96%|█████████▌| 298/312 [00:14<00:00, 20.22it/s, curv=0.0000, flow=2.2652, kin=0.0000, loss=2.2652, ot=0.00
00, t=0.502, tswd=0.0000]
Epoch 2/5:  96%|█████████▌| 298/312 [00:14<00:00, 20.22it/s, curv=0.0000, flow=2.2597, kin=0.0000, loss=2.2597, ot=0.00
00, t=0.504, tswd=0.0000]
Epoch 2/5:  96%|█████████▋| 301/312 [00:14<00:00, 20.14it/s, curv=0.0000, flow=2.2597, kin=0.0000, loss=2.2597, ot=0.00
00, t=0.504, tswd=0.0000]
Epoch 2/5:  97%|█████████▋| 304/312 [00:14<00:00, 20.01it/s, curv=0.0000, flow=2.2597, kin=0.0000, loss=2.2597, ot=0.00
00, t=0.504, tswd=0.0000]
Epoch 2/5:  98%|█████████▊| 307/312 [00:15<00:00, 20.03it/s, curv=0.0000, flow=2.2597, kin=0.0000, loss=2.2597, ot=0.00
00, t=0.504, tswd=0.0000]
Epoch 2/5:  99%|█████████▉| 310/312 [00:15<00:00, 20.17it/s, curv=0.0000, flow=2.2597, kin=0.0000, loss=2.2597, ot=0.00
00, t=0.504, tswd=0.0000]
Epoch 2/5:  99%|█████████▉| 310/312 [00:15<00:00, 20.17it/s, curv=0.0000, flow=2.2570, kin=0.0000, loss=2.2570, ot=0.00
00, t=0.504, tswd=0.0000]
Epoch 2/5: 100%|██████████| 312/312 [00:15<00:00, 20.42it/s, curv=0.0000, flow=2.2570, kin=0.0000, loss=2.2570, ot=0.00
00, t=0.504, tswd=0.0000]
2026-07-01 10:28:27,268 - INFO - Epoch 2/5 | loss=2.2570 flow=2.2570 kin=0.0000 ot=0.0000 tswd=0.0000 gini=0.000 hub=0.
000 otd=0.0000 fiber=0.000 leak=0.0000 tgtshift=0.0000 cla=0.0000 cea=0.0000 sem_attn=0.000 sem_k=0.000 topo_ent=0.000 
topo_on=0 plan_ent=0.000 bary_ent=0.000 tok_ent=0.000 tok_eff=0.0 tok_max=0.000 tok_svd=0.000 tok_cos=0.000 app_s=0.000
 app_d=0.000 sigma=0.000 bex=0 idr=0.00 t=0.504 |v|=0.000 lr=1.82e-04 data=0.4s comp=10.0s epoch=15.3s sps=326.65 bstep
=0.049s gpu=81.6/84.0% vram=3.54/3.56GB power=67.2/72.0W peak=0.59/0.66GB
2026-07-01 10:28:27,272 - INFO - Epoch 3 weight schedule: stage=0 w_content=0.0000 w_style=0.0000 w_style_strength_reg=
0.0000 sigma=0.0000

Epoch 3/5:   0%|          | 0/312 [00:00<?, ?it/s]
Epoch 3/5:   0%|          | 0/312 [00:00<?, ?it/s, curv=0.0000, flow=2.2326, kin=0.0000, loss=2.2326, ot=0.0000, t=0.53
8, tswd=0.0000]
Epoch 3/5:   1%|          | 3/312 [00:00<00:14, 21.46it/s, curv=0.0000, flow=2.2326, kin=0.0000, loss=2.2326, ot=0.0000
, t=0.538, tswd=0.0000]
Epoch 3/5:   2%|▏         | 6/312 [00:00<00:14, 21.54it/s, curv=0.0000, flow=2.2326, kin=0.0000, loss=2.2326, ot=0.0000
, t=0.538, tswd=0.0000]
Epoch 3/5:   3%|▎         | 9/312 [00:00<00:14, 21.31it/s, curv=0.0000, flow=2.2326, kin=0.0000, loss=2.2326, ot=0.0000
, t=0.538, tswd=0.0000]
Epoch 3/5:   4%|▍         | 12/312 [00:00<00:14, 21.07it/s, curv=0.0000, flow=2.2326, kin=0.0000, loss=2.2326, ot=0.000
0, t=0.538, tswd=0.0000]
Epoch 3/5:   5%|▍         | 15/312 [00:00<00:14, 20.98it/s, curv=0.0000, flow=2.2326, kin=0.0000, loss=2.2326, ot=0.000
0, t=0.538, tswd=0.0000]
Epoch 3/5:   6%|▌         | 18/312 [00:00<00:14, 20.60it/s, curv=0.0000, flow=2.2326, kin=0.0000, loss=2.2326, ot=0.000
0, t=0.538, tswd=0.0000]
Epoch 3/5:   6%|▌         | 18/312 [00:00<00:14, 20.60it/s, curv=0.0000, flow=2.1649, kin=0.0000, loss=2.1649, ot=0.000
0, t=0.505, tswd=0.0000]
Epoch 3/5:   7%|▋         | 21/312 [00:01<00:14, 20.34it/s, curv=0.0000, flow=2.1649, kin=0.0000, loss=2.1649, ot=0.000
0, t=0.505, tswd=0.0000]
Epoch 3/5:   8%|▊         | 24/312 [00:01<00:14, 20.28it/s, curv=0.0000, flow=2.1649, kin=0.0000, loss=2.1649, ot=0.000
0, t=0.505, tswd=0.0000]
Epoch 3/5:   9%|▊         | 27/312 [00:01<00:14, 20.22it/s, curv=0.0000, flow=2.1649, kin=0.0000, loss=2.1649, ot=0.000
0, t=0.505, tswd=0.0000]
Epoch 3/5:  10%|▉         | 30/312 [00:01<00:13, 20.17it/s, curv=0.0000, flow=2.1649, kin=0.0000, loss=2.1649, ot=0.000
0, t=0.505, tswd=0.0000]
Epoch 3/5:  11%|█         | 33/312 [00:01<00:13, 20.07it/s, curv=0.0000, flow=2.1649, kin=0.0000, loss=2.1649, ot=0.000
0, t=0.505, tswd=0.0000]
Epoch 3/5:  12%|█▏        | 36/312 [00:01<00:13, 19.92it/s, curv=0.0000, flow=2.1649, kin=0.0000, loss=2.1649, ot=0.000
0, t=0.505, tswd=0.0000]
Epoch 3/5:  12%|█▎        | 39/312 [00:01<00:13, 20.23it/s, curv=0.0000, flow=2.1649, kin=0.0000, loss=2.1649, ot=0.000
0, t=0.505, tswd=0.0000]
Epoch 3/5:  12%|█▎        | 39/312 [00:01<00:13, 20.23it/s, curv=0.0000, flow=2.1497, kin=0.0000, loss=2.1497, ot=0.000
0, t=0.516, tswd=0.0000]
Epoch 3/5:  13%|█▎        | 42/312 [00:02<00:13, 20.43it/s, curv=0.0000, flow=2.1497, kin=0.0000, loss=2.1497, ot=0.000
0, t=0.516, tswd=0.0000]
Epoch 3/5:  14%|█▍        | 45/312 [00:02<00:12, 20.76it/s, curv=0.0000, flow=2.1497, kin=0.0000, loss=2.1497, ot=0.000
0, t=0.516, tswd=0.0000]
Epoch 3/5:  15%|█▌        | 48/312 [00:02<00:12, 20.86it/s, curv=0.0000, flow=2.1497, kin=0.0000, loss=2.1497, ot=0.000
0, t=0.516, tswd=0.0000]
Epoch 3/5:  16%|█▋        | 51/312 [00:02<00:12, 20.94it/s, curv=0.0000, flow=2.1497, kin=0.0000, loss=2.1497, ot=0.000
0, t=0.516, tswd=0.0000]
Epoch 3/5:  17%|█▋        | 54/312 [00:02<00:12, 20.80it/s, curv=0.0000, flow=2.1497, kin=0.0000, loss=2.1497, ot=0.000
0, t=0.516, tswd=0.0000]
Epoch 3/5:  18%|█▊        | 57/312 [00:02<00:12, 20.83it/s, curv=0.0000, flow=2.1497, kin=0.0000, loss=2.1497, ot=0.000
0, t=0.516, tswd=0.0000]
Epoch 3/5:  18%|█▊        | 57/312 [00:02<00:12, 20.83it/s, curv=0.0000, flow=2.1597, kin=0.0000, loss=2.1597, ot=0.000
0, t=0.511, tswd=0.0000]
Epoch 3/5:  19%|█▉        | 60/312 [00:02<00:12, 20.68it/s, curv=0.0000, flow=2.1597, kin=0.0000, loss=2.1597, ot=0.000
0, t=0.511, tswd=0.0000]
Epoch 3/5:  20%|██        | 63/312 [00:03<00:12, 20.41it/s, curv=0.0000, flow=2.1597, kin=0.0000, loss=2.1597, ot=0.000
0, t=0.511, tswd=0.0000]
Epoch 3/5:  21%|██        | 66/312 [00:03<00:12, 20.33it/s, curv=0.0000, flow=2.1597, kin=0.0000, loss=2.1597, ot=0.000
0, t=0.511, tswd=0.0000]
Epoch 3/5:  22%|██▏       | 69/312 [00:03<00:11, 20.31it/s, curv=0.0000, flow=2.1597, kin=0.0000, loss=2.1597, ot=0.000
0, t=0.511, tswd=0.0000]
Epoch 3/5:  23%|██▎       | 72/312 [00:03<00:11, 20.01it/s, curv=0.0000, flow=2.1597, kin=0.0000, loss=2.1597, ot=0.000
0, t=0.511, tswd=0.0000]
Epoch 3/5:  24%|██▍       | 75/312 [00:03<00:11, 20.20it/s, curv=0.0000, flow=2.1597, kin=0.0000, loss=2.1597, ot=0.000
0, t=0.511, tswd=0.0000]
Epoch 3/5:  25%|██▌       | 78/312 [00:03<00:11, 20.25it/s, curv=0.0000, flow=2.1597, kin=0.0000, loss=2.1597, ot=0.000
0, t=0.511, tswd=0.0000]
Epoch 3/5:  25%|██▌       | 78/312 [00:03<00:11, 20.25it/s, curv=0.0000, flow=2.1537, kin=0.0000, loss=2.1537, ot=0.000
0, t=0.511, tswd=0.0000]
Epoch 3/5:  26%|██▌       | 81/312 [00:03<00:11, 20.50it/s, curv=0.0000, flow=2.1537, kin=0.0000, loss=2.1537, ot=0.000
0, t=0.511, tswd=0.0000]
Epoch 3/5:  27%|██▋       | 84/312 [00:04<00:10, 20.77it/s, curv=0.0000, flow=2.1537, kin=0.0000, loss=2.1537, ot=0.000
0, t=0.511, tswd=0.0000]
Epoch 3/5:  28%|██▊       | 87/312 [00:04<00:10, 20.95it/s, curv=0.0000, flow=2.1537, kin=0.0000, loss=2.1537, ot=0.000
0, t=0.511, tswd=0.0000]
Epoch 3/5:  29%|██▉       | 90/312 [00:04<00:10, 21.03it/s, curv=0.0000, flow=2.1537, kin=0.0000, loss=2.1537, ot=0.000
0, t=0.511, tswd=0.0000]
Epoch 3/5:  30%|██▉       | 93/312 [00:04<00:10, 20.95it/s, curv=0.0000, flow=2.1537, kin=0.0000, loss=2.1537, ot=0.000
0, t=0.511, tswd=0.0000]
Epoch 3/5:  31%|███       | 96/312 [00:04<00:10, 21.06it/s, curv=0.0000, flow=2.1537, kin=0.0000, loss=2.1537, ot=0.000
0, t=0.511, tswd=0.0000]
Epoch 3/5:  32%|███▏      | 99/312 [00:04<00:10, 20.67it/s, curv=0.0000, flow=2.1537, kin=0.0000, loss=2.1537, ot=0.000
0, t=0.511, tswd=0.0000]
Epoch 3/5:  32%|███▏      | 99/312 [00:04<00:10, 20.67it/s, curv=0.0000, flow=2.1389, kin=0.0000, loss=2.1389, ot=0.000
0, t=0.507, tswd=0.0000]
Epoch 3/5:  33%|███▎      | 102/312 [00:04<00:10, 20.41it/s, curv=0.0000, flow=2.1389, kin=0.0000, loss=2.1389, ot=0.00
00, t=0.507, tswd=0.0000]
Epoch 3/5:  34%|███▎      | 105/312 [00:05<00:10, 20.25it/s, curv=0.0000, flow=2.1389, kin=0.0000, loss=2.1389, ot=0.00
00, t=0.507, tswd=0.0000]
Epoch 3/5:  35%|███▍      | 108/312 [00:05<00:10, 20.19it/s, curv=0.0000, flow=2.1389, kin=0.0000, loss=2.1389, ot=0.00
00, t=0.507, tswd=0.0000]
Epoch 3/5:  36%|███▌      | 111/312 [00:05<00:10, 20.09it/s, curv=0.0000, flow=2.1389, kin=0.0000, loss=2.1389, ot=0.00
00, t=0.507, tswd=0.0000]
Epoch 3/5:  37%|███▋      | 114/312 [00:05<00:09, 19.96it/s, curv=0.0000, flow=2.1389, kin=0.0000, loss=2.1389, ot=0.00
00, t=0.507, tswd=0.0000]
Epoch 3/5:  38%|███▊      | 117/312 [00:05<00:09, 20.08it/s, curv=0.0000, flow=2.1389, kin=0.0000, loss=2.1389, ot=0.00
00, t=0.507, tswd=0.0000]
Epoch 3/5:  38%|███▊      | 117/312 [00:05<00:09, 20.08it/s, curv=0.0000, flow=2.1424, kin=0.0000, loss=2.1424, ot=0.00
00, t=0.505, tswd=0.0000]
Epoch 3/5:  38%|███▊      | 120/312 [00:05<00:09, 20.22it/s, curv=0.0000, flow=2.1424, kin=0.0000, loss=2.1424, ot=0.00
00, t=0.505, tswd=0.0000]
Epoch 3/5:  39%|███▉      | 123/312 [00:05<00:09, 20.53it/s, curv=0.0000, flow=2.1424, kin=0.0000, loss=2.1424, ot=0.00
00, t=0.505, tswd=0.0000]
Epoch 3/5:  40%|████      | 126/312 [00:06<00:08, 20.70it/s, curv=0.0000, flow=2.1424, kin=0.0000, loss=2.1424, ot=0.00
00, t=0.505, tswd=0.0000]
Epoch 3/5:  41%|████▏     | 129/312 [00:06<00:08, 20.71it/s, curv=0.0000, flow=2.1424, kin=0.0000, loss=2.1424, ot=0.00
00, t=0.505, tswd=0.0000]
Epoch 3/5:  42%|████▏     | 132/312 [00:06<00:08, 20.90it/s, curv=0.0000, flow=2.1424, kin=0.0000, loss=2.1424, ot=0.00
00, t=0.505, tswd=0.0000]
Epoch 3/5:  43%|████▎     | 135/312 [00:06<00:08, 20.70it/s, curv=0.0000, flow=2.1424, kin=0.0000, loss=2.1424, ot=0.00
00, t=0.505, tswd=0.0000]
Epoch 3/5:  44%|████▍     | 138/312 [00:06<00:08, 20.82it/s, curv=0.0000, flow=2.1424, kin=0.0000, loss=2.1424, ot=0.00
00, t=0.505, tswd=0.0000]
Epoch 3/5:  44%|████▍     | 138/312 [00:06<00:08, 20.82it/s, curv=0.0000, flow=2.1386, kin=0.0000, loss=2.1386, ot=0.00
00, t=0.510, tswd=0.0000]
Epoch 3/5:  45%|████▌     | 141/312 [00:06<00:08, 20.68it/s, curv=0.0000, flow=2.1386, kin=0.0000, loss=2.1386, ot=0.00
00, t=0.510, tswd=0.0000]
Epoch 3/5:  46%|████▌     | 144/312 [00:07<00:08, 20.54it/s, curv=0.0000, flow=2.1386, kin=0.0000, loss=2.1386, ot=0.00
00, t=0.510, tswd=0.0000]
Epoch 3/5:  47%|████▋     | 147/312 [00:07<00:08, 20.38it/s, curv=0.0000, flow=2.1386, kin=0.0000, loss=2.1386, ot=0.00
00, t=0.510, tswd=0.0000]
Epoch 3/5:  48%|████▊     | 150/312 [00:07<00:08, 20.22it/s, curv=0.0000, flow=2.1386, kin=0.0000, loss=2.1386, ot=0.00
00, t=0.510, tswd=0.0000]
Epoch 3/5:  49%|████▉     | 153/312 [00:07<00:07, 20.22it/s, curv=0.0000, flow=2.1386, kin=0.0000, loss=2.1386, ot=0.00
00, t=0.510, tswd=0.0000]
Epoch 3/5:  50%|█████     | 156/312 [00:07<00:07, 20.10it/s, curv=0.0000, flow=2.1386, kin=0.0000, loss=2.1386, ot=0.00
00, t=0.510, tswd=0.0000]
Epoch 3/5:  51%|█████     | 159/312 [00:07<00:07, 20.06it/s, curv=0.0000, flow=2.1386, kin=0.0000, loss=2.1386, ot=0.00
00, t=0.510, tswd=0.0000]
Epoch 3/5:  51%|█████     | 159/312 [00:07<00:07, 20.06it/s, curv=0.0000, flow=2.1361, kin=0.0000, loss=2.1361, ot=0.00
00, t=0.510, tswd=0.0000]
Epoch 3/5:  52%|█████▏    | 162/312 [00:07<00:07, 20.33it/s, curv=0.0000, flow=2.1361, kin=0.0000, loss=2.1361, ot=0.00
00, t=0.510, tswd=0.0000]
Epoch 3/5:  53%|█████▎    | 165/312 [00:08<00:07, 20.53it/s, curv=0.0000, flow=2.1361, kin=0.0000, loss=2.1361, ot=0.00
00, t=0.510, tswd=0.0000]
Epoch 3/5:  54%|█████▍    | 168/312 [00:08<00:06, 20.76it/s, curv=0.0000, flow=2.1361, kin=0.0000, loss=2.1361, ot=0.00
00, t=0.510, tswd=0.0000]
Epoch 3/5:  55%|█████▍    | 171/312 [00:08<00:06, 21.06it/s, curv=0.0000, flow=2.1361, kin=0.0000, loss=2.1361, ot=0.00
00, t=0.510, tswd=0.0000]
Epoch 3/5:  56%|█████▌    | 174/312 [00:08<00:06, 21.16it/s, curv=0.0000, flow=2.1361, kin=0.0000, loss=2.1361, ot=0.00
00, t=0.510, tswd=0.0000]
Epoch 3/5:  57%|█████▋    | 177/312 [00:08<00:06, 20.99it/s, curv=0.0000, flow=2.1361, kin=0.0000, loss=2.1361, ot=0.00
00, t=0.510, tswd=0.0000]
Epoch 3/5:  57%|█████▋    | 177/312 [00:08<00:06, 20.99it/s, curv=0.0000, flow=2.1361, kin=0.0000, loss=2.1361, ot=0.00
00, t=0.510, tswd=0.0000]
Epoch 3/5:  58%|█████▊    | 180/312 [00:08<00:06, 20.77it/s, curv=0.0000, flow=2.1361, kin=0.0000, loss=2.1361, ot=0.00
00, t=0.510, tswd=0.0000]
Epoch 3/5:  59%|█████▊    | 183/312 [00:08<00:06, 20.52it/s, curv=0.0000, flow=2.1361, kin=0.0000, loss=2.1361, ot=0.00
00, t=0.510, tswd=0.0000]
Epoch 3/5:  60%|█████▉    | 186/312 [00:09<00:06, 20.30it/s, curv=0.0000, flow=2.1361, kin=0.0000, loss=2.1361, ot=0.00
00, t=0.510, tswd=0.0000]
Epoch 3/5:  61%|██████    | 189/312 [00:09<00:06, 20.32it/s, curv=0.0000, flow=2.1361, kin=0.0000, loss=2.1361, ot=0.00
00, t=0.510, tswd=0.0000]
Epoch 3/5:  62%|██████▏   | 192/312 [00:09<00:05, 20.20it/s, curv=0.0000, flow=2.1361, kin=0.0000, loss=2.1361, ot=0.00
00, t=0.510, tswd=0.0000]
Epoch 3/5:  62%|██████▎   | 195/312 [00:09<00:05, 20.02it/s, curv=0.0000, flow=2.1361, kin=0.0000, loss=2.1361, ot=0.00
00, t=0.510, tswd=0.0000]
Epoch 3/5:  63%|██████▎   | 198/312 [00:09<00:05, 20.07it/s, curv=0.0000, flow=2.1361, kin=0.0000, loss=2.1361, ot=0.00
00, t=0.510, tswd=0.0000]
Epoch 3/5:  63%|██████▎   | 198/312 [00:09<00:05, 20.07it/s, curv=0.0000, flow=2.1332, kin=0.0000, loss=2.1332, ot=0.00
00, t=0.510, tswd=0.0000]
Epoch 3/5:  64%|██████▍   | 201/312 [00:09<00:05, 20.25it/s, curv=0.0000, flow=2.1332, kin=0.0000, loss=2.1332, ot=0.00
00, t=0.510, tswd=0.0000]
Epoch 3/5:  65%|██████▌   | 204/312 [00:09<00:05, 20.44it/s, curv=0.0000, flow=2.1332, kin=0.0000, loss=2.1332, ot=0.00
00, t=0.510, tswd=0.0000]
Epoch 3/5:  66%|██████▋   | 207/312 [00:10<00:05, 20.73it/s, curv=0.0000, flow=2.1332, kin=0.0000, loss=2.1332, ot=0.00
00, t=0.510, tswd=0.0000]
Epoch 3/5:  67%|██████▋   | 210/312 [00:10<00:04, 20.95it/s, curv=0.0000, flow=2.1332, kin=0.0000, loss=2.1332, ot=0.00
00, t=0.510, tswd=0.0000]
Epoch 3/5:  68%|██████▊   | 213/312 [00:10<00:04, 20.95it/s, curv=0.0000, flow=2.1332, kin=0.0000, loss=2.1332, ot=0.00
00, t=0.510, tswd=0.0000]
Epoch 3/5:  69%|██████▉   | 216/312 [00:10<00:04, 20.81it/s, curv=0.0000, flow=2.1332, kin=0.0000, loss=2.1332, ot=0.00
00, t=0.510, tswd=0.0000]
Epoch 3/5:  70%|███████   | 219/312 [00:10<00:04, 21.00it/s, curv=0.0000, flow=2.1332, kin=0.0000, loss=2.1332, ot=0.00
00, t=0.510, tswd=0.0000]
Epoch 3/5:  70%|███████   | 219/312 [00:10<00:04, 21.00it/s, curv=0.0000, flow=2.1340, kin=0.0000, loss=2.1340, ot=0.00
00, t=0.507, tswd=0.0000]
Epoch 3/5:  71%|███████   | 222/312 [00:10<00:04, 20.65it/s, curv=0.0000, flow=2.1340, kin=0.0000, loss=2.1340, ot=0.00
00, t=0.507, tswd=0.0000]
Epoch 3/5:  72%|███████▏  | 225/312 [00:10<00:04, 20.43it/s, curv=0.0000, flow=2.1340, kin=0.0000, loss=2.1340, ot=0.00
00, t=0.507, tswd=0.0000]
Epoch 3/5:  73%|███████▎  | 228/312 [00:11<00:04, 20.09it/s, curv=0.0000, flow=2.1340, kin=0.0000, loss=2.1340, ot=0.00
00, t=0.507, tswd=0.0000]
Epoch 3/5:  74%|███████▍  | 231/312 [00:11<00:03, 20.25it/s, curv=0.0000, flow=2.1340, kin=0.0000, loss=2.1340, ot=0.00
00, t=0.507, tswd=0.0000]
Epoch 3/5:  75%|███████▌  | 234/312 [00:11<00:03, 20.14it/s, curv=0.0000, flow=2.1340, kin=0.0000, loss=2.1340, ot=0.00
00, t=0.507, tswd=0.0000]
Epoch 3/5:  76%|███████▌  | 237/312 [00:11<00:03, 20.03it/s, curv=0.0000, flow=2.1340, kin=0.0000, loss=2.1340, ot=0.00
00, t=0.507, tswd=0.0000]
Epoch 3/5:  76%|███████▌  | 237/312 [00:11<00:03, 20.03it/s, curv=0.0000, flow=2.1336, kin=0.0000, loss=2.1336, ot=0.00
00, t=0.507, tswd=0.0000]
Epoch 3/5:  77%|███████▋  | 240/312 [00:11<00:03, 19.96it/s, curv=0.0000, flow=2.1336, kin=0.0000, loss=2.1336, ot=0.00
00, t=0.507, tswd=0.0000]
Epoch 3/5:  78%|███████▊  | 243/312 [00:11<00:03, 20.24it/s, curv=0.0000, flow=2.1336, kin=0.0000, loss=2.1336, ot=0.00
00, t=0.507, tswd=0.0000]
Epoch 3/5:  79%|███████▉  | 246/312 [00:11<00:03, 20.66it/s, curv=0.0000, flow=2.1336, kin=0.0000, loss=2.1336, ot=0.00
00, t=0.507, tswd=0.0000]
Epoch 3/5:  80%|███████▉  | 249/312 [00:12<00:03, 20.82it/s, curv=0.0000, flow=2.1336, kin=0.0000, loss=2.1336, ot=0.00
00, t=0.507, tswd=0.0000]
Epoch 3/5:  81%|████████  | 252/312 [00:12<00:02, 21.09it/s, curv=0.0000, flow=2.1336, kin=0.0000, loss=2.1336, ot=0.00
00, t=0.507, tswd=0.0000]
Epoch 3/5:  82%|████████▏ | 255/312 [00:12<00:02, 21.08it/s, curv=0.0000, flow=2.1336, kin=0.0000, loss=2.1336, ot=0.00
00, t=0.507, tswd=0.0000]
Epoch 3/5:  83%|████████▎ | 258/312 [00:12<00:02, 20.96it/s, curv=0.0000, flow=2.1336, kin=0.0000, loss=2.1336, ot=0.00
00, t=0.507, tswd=0.0000]
Epoch 3/5:  83%|████████▎ | 258/312 [00:12<00:02, 20.96it/s, curv=0.0000, flow=2.1324, kin=0.0000, loss=2.1324, ot=0.00
00, t=0.507, tswd=0.0000]
Epoch 3/5:  84%|████████▎ | 261/312 [00:12<00:02, 20.87it/s, curv=0.0000, flow=2.1324, kin=0.0000, loss=2.1324, ot=0.00
00, t=0.507, tswd=0.0000]
Epoch 3/5:  85%|████████▍ | 264/312 [00:12<00:02, 20.54it/s, curv=0.0000, flow=2.1324, kin=0.0000, loss=2.1324, ot=0.00
00, t=0.507, tswd=0.0000]
Epoch 3/5:  86%|████████▌ | 267/312 [00:13<00:02, 20.40it/s, curv=0.0000, flow=2.1324, kin=0.0000, loss=2.1324, ot=0.00
00, t=0.507, tswd=0.0000]
Epoch 3/5:  87%|████████▋ | 270/312 [00:13<00:02, 20.20it/s, curv=0.0000, flow=2.1324, kin=0.0000, loss=2.1324, ot=0.00
00, t=0.507, tswd=0.0000]
Epoch 3/5:  88%|████████▊ | 273/312 [00:13<00:01, 20.12it/s, curv=0.0000, flow=2.1324, kin=0.0000, loss=2.1324, ot=0.00
00, t=0.507, tswd=0.0000]
Epoch 3/5:  88%|████████▊ | 276/312 [00:13<00:01, 20.09it/s, curv=0.0000, flow=2.1324, kin=0.0000, loss=2.1324, ot=0.00
00, t=0.507, tswd=0.0000]
Epoch 3/5:  89%|████████▉ | 279/312 [00:13<00:01, 20.08it/s, curv=0.0000, flow=2.1324, kin=0.0000, loss=2.1324, ot=0.00
00, t=0.507, tswd=0.0000]
Epoch 3/5:  89%|████████▉ | 279/312 [00:13<00:01, 20.08it/s, curv=0.0000, flow=2.1312, kin=0.0000, loss=2.1312, ot=0.00
00, t=0.506, tswd=0.0000]
Epoch 3/5:  90%|█████████ | 282/312 [00:13<00:01, 20.00it/s, curv=0.0000, flow=2.1312, kin=0.0000, loss=2.1312, ot=0.00
00, t=0.506, tswd=0.0000]
Epoch 3/5:  91%|█████████▏| 285/312 [00:13<00:01, 20.34it/s, curv=0.0000, flow=2.1312, kin=0.0000, loss=2.1312, ot=0.00
00, t=0.506, tswd=0.0000]
Epoch 3/5:  92%|█████████▏| 288/312 [00:14<00:01, 20.71it/s, curv=0.0000, flow=2.1312, kin=0.0000, loss=2.1312, ot=0.00
00, t=0.506, tswd=0.0000]
Epoch 3/5:  93%|█████████▎| 291/312 [00:14<00:01, 20.91it/s, curv=0.0000, flow=2.1312, kin=0.0000, loss=2.1312, ot=0.00
00, t=0.506, tswd=0.0000]
Epoch 3/5:  94%|█████████▍| 294/312 [00:14<00:00, 20.59it/s, curv=0.0000, flow=2.1312, kin=0.0000, loss=2.1312, ot=0.00
00, t=0.506, tswd=0.0000]
Epoch 3/5:  95%|█████████▌| 297/312 [00:14<00:00, 20.83it/s, curv=0.0000, flow=2.1312, kin=0.0000, loss=2.1312, ot=0.00
00, t=0.506, tswd=0.0000]
Epoch 3/5:  95%|█████████▌| 297/312 [00:14<00:00, 20.83it/s, curv=0.0000, flow=2.1296, kin=0.0000, loss=2.1296, ot=0.00
00, t=0.505, tswd=0.0000]
Epoch 3/5:  96%|█████████▌| 300/312 [00:14<00:00, 20.62it/s, curv=0.0000, flow=2.1296, kin=0.0000, loss=2.1296, ot=0.00
00, t=0.505, tswd=0.0000]
Epoch 3/5:  97%|█████████▋| 303/312 [00:14<00:00, 20.34it/s, curv=0.0000, flow=2.1296, kin=0.0000, loss=2.1296, ot=0.00
00, t=0.505, tswd=0.0000]
Epoch 3/5:  98%|█████████▊| 306/312 [00:14<00:00, 20.13it/s, curv=0.0000, flow=2.1296, kin=0.0000, loss=2.1296, ot=0.00
00, t=0.505, tswd=0.0000]
Epoch 3/5:  99%|█████████▉| 309/312 [00:15<00:00, 20.09it/s, curv=0.0000, flow=2.1296, kin=0.0000, loss=2.1296, ot=0.00
00, t=0.505, tswd=0.0000]
Epoch 3/5:  99%|█████████▉| 309/312 [00:15<00:00, 20.09it/s, curv=0.0000, flow=2.1280, kin=0.0000, loss=2.1280, ot=0.00
00, t=0.505, tswd=0.0000]
Epoch 3/5: 100%|██████████| 312/312 [00:15<00:00, 20.07it/s, curv=0.0000, flow=2.1280, kin=0.0000, loss=2.1280, ot=0.00
00, t=0.505, tswd=0.0000]
Epoch 3/5: 100%|██████████| 312/312 [00:15<00:00, 20.49it/s, curv=0.0000, flow=2.1280, kin=0.0000, loss=2.1280, ot=0.00
00, t=0.505, tswd=0.0000]
2026-07-01 10:28:42,610 - INFO - Epoch 3/5 | loss=2.1280 flow=2.1280 kin=0.0000 ot=0.0000 tswd=0.0000 gini=0.000 hub=0.
000 otd=0.0000 fiber=0.000 leak=0.0000 tgtshift=0.0000 cla=0.0000 cea=0.0000 sem_attn=0.000 sem_k=0.000 topo_ent=0.000 
topo_on=0 plan_ent=0.000 bary_ent=0.000 tok_ent=0.000 tok_eff=0.0 tok_max=0.000 tok_svd=0.000 tok_cos=0.000 app_s=0.000
 app_d=0.000 sigma=0.000 bex=0 idr=0.00 t=0.505 |v|=0.000 lr=1.34e-04 data=0.4s comp=9.9s epoch=15.2s sps=327.80 bstep=
0.049s gpu=84.0/85.0% vram=3.55/3.58GB power=67.6/72.0W peak=0.59/0.66GB
2026-07-01 10:28:42,617 - INFO - Epoch 4 weight schedule: stage=0 w_content=0.0000 w_style=0.0000 w_style_strength_reg=
0.0000 sigma=0.0000

Epoch 4/5:   0%|          | 0/312 [00:00<?, ?it/s]
Epoch 4/5:   0%|          | 0/312 [00:00<?, ?it/s, curv=0.0000, flow=2.1705, kin=0.0000, loss=2.1705, ot=0.0000, t=0.47
8, tswd=0.0000]
Epoch 4/5:   1%|          | 2/312 [00:00<00:15, 19.83it/s, curv=0.0000, flow=2.1705, kin=0.0000, loss=2.1705, ot=0.0000
, t=0.478, tswd=0.0000]
Epoch 4/5:   1%|▏         | 4/312 [00:00<00:16, 19.19it/s, curv=0.0000, flow=2.1705, kin=0.0000, loss=2.1705, ot=0.0000
, t=0.478, tswd=0.0000]
Epoch 4/5:   2%|▏         | 7/312 [00:00<00:15, 19.73it/s, curv=0.0000, flow=2.1705, kin=0.0000, loss=2.1705, ot=0.0000
, t=0.478, tswd=0.0000]
Epoch 4/5:   3%|▎         | 10/312 [00:00<00:14, 20.16it/s, curv=0.0000, flow=2.1705, kin=0.0000, loss=2.1705, ot=0.000
0, t=0.478, tswd=0.0000]
Epoch 4/5:   4%|▍         | 13/312 [00:00<00:14, 20.71it/s, curv=0.0000, flow=2.1705, kin=0.0000, loss=2.1705, ot=0.000
0, t=0.478, tswd=0.0000]
Epoch 4/5:   5%|▌         | 16/312 [00:00<00:14, 21.02it/s, curv=0.0000, flow=2.1705, kin=0.0000, loss=2.1705, ot=0.000
0, t=0.478, tswd=0.0000]
Epoch 4/5:   6%|▌         | 19/312 [00:00<00:13, 21.13it/s, curv=0.0000, flow=2.1705, kin=0.0000, loss=2.1705, ot=0.000
0, t=0.478, tswd=0.0000]
Epoch 4/5:   6%|▌         | 19/312 [00:00<00:13, 21.13it/s, curv=0.0000, flow=2.0811, kin=0.0000, loss=2.0811, ot=0.000
0, t=0.486, tswd=0.0000]
Epoch 4/5:   7%|▋         | 22/312 [00:01<00:13, 21.16it/s, curv=0.0000, flow=2.0811, kin=0.0000, loss=2.0811, ot=0.000
0, t=0.486, tswd=0.0000]
Epoch 4/5:   8%|▊         | 25/312 [00:01<00:13, 21.07it/s, curv=0.0000, flow=2.0811, kin=0.0000, loss=2.0811, ot=0.000
0, t=0.486, tswd=0.0000]
Epoch 4/5:   9%|▉         | 28/312 [00:01<00:13, 20.97it/s, curv=0.0000, flow=2.0811, kin=0.0000, loss=2.0811, ot=0.000
0, t=0.486, tswd=0.0000]
Epoch 4/5:  10%|▉         | 31/312 [00:01<00:13, 20.76it/s, curv=0.0000, flow=2.0811, kin=0.0000, loss=2.0811, ot=0.000
0, t=0.486, tswd=0.0000]
Epoch 4/5:  11%|█         | 34/312 [00:01<00:13, 20.84it/s, curv=0.0000, flow=2.0811, kin=0.0000, loss=2.0811, ot=0.000
0, t=0.486, tswd=0.0000]
Epoch 4/5:  12%|█▏        | 37/312 [00:01<00:13, 20.62it/s, curv=0.0000, flow=2.0811, kin=0.0000, loss=2.0811, ot=0.000
0, t=0.486, tswd=0.0000]
Epoch 4/5:  12%|█▏        | 37/312 [00:01<00:13, 20.62it/s, curv=0.0000, flow=2.0905, kin=0.0000, loss=2.0905, ot=0.000
0, t=0.504, tswd=0.0000]
Epoch 4/5:  13%|█▎        | 40/312 [00:01<00:13, 20.33it/s, curv=0.0000, flow=2.0905, kin=0.0000, loss=2.0905, ot=0.000
0, t=0.504, tswd=0.0000]
Epoch 4/5:  14%|█▍        | 43/312 [00:02<00:13, 20.23it/s, curv=0.0000, flow=2.0905, kin=0.0000, loss=2.0905, ot=0.000
0, t=0.504, tswd=0.0000]
Epoch 4/5:  15%|█▍        | 46/312 [00:02<00:13, 19.98it/s, curv=0.0000, flow=2.0905, kin=0.0000, loss=2.0905, ot=0.000
0, t=0.504, tswd=0.0000]
Epoch 4/5:  15%|█▌        | 48/312 [00:02<00:13, 19.58it/s, curv=0.0000, flow=2.0905, kin=0.0000, loss=2.0905, ot=0.000
0, t=0.504, tswd=0.0000]
Epoch 4/5:  16%|█▋        | 51/312 [00:02<00:13, 19.88it/s, curv=0.0000, flow=2.0905, kin=0.0000, loss=2.0905, ot=0.000
0, t=0.504, tswd=0.0000]
Epoch 4/5:  17%|█▋        | 54/312 [00:02<00:12, 20.50it/s, curv=0.0000, flow=2.0905, kin=0.0000, loss=2.0905, ot=0.000
0, t=0.504, tswd=0.0000]
Epoch 4/5:  18%|█▊        | 57/312 [00:02<00:12, 20.68it/s, curv=0.0000, flow=2.0905, kin=0.0000, loss=2.0905, ot=0.000
0, t=0.504, tswd=0.0000]
Epoch 4/5:  18%|█▊        | 57/312 [00:02<00:12, 20.68it/s, curv=0.0000, flow=2.1052, kin=0.0000, loss=2.1052, ot=0.000
0, t=0.501, tswd=0.0000]
Epoch 4/5:  19%|█▉        | 60/312 [00:02<00:12, 20.89it/s, curv=0.0000, flow=2.1052, kin=0.0000, loss=2.1052, ot=0.000
0, t=0.501, tswd=0.0000]
Epoch 4/5:  20%|██        | 63/312 [00:03<00:11, 20.87it/s, curv=0.0000, flow=2.1052, kin=0.0000, loss=2.1052, ot=0.000
0, t=0.501, tswd=0.0000]
Epoch 4/5:  21%|██        | 66/312 [00:03<00:11, 20.81it/s, curv=0.0000, flow=2.1052, kin=0.0000, loss=2.1052, ot=0.000
0, t=0.501, tswd=0.0000]
Epoch 4/5:  22%|██▏       | 69/312 [00:03<00:11, 20.81it/s, curv=0.0000, flow=2.1052, kin=0.0000, loss=2.1052, ot=0.000
0, t=0.501, tswd=0.0000]
Epoch 4/5:  23%|██▎       | 72/312 [00:03<00:11, 20.47it/s, curv=0.0000, flow=2.1052, kin=0.0000, loss=2.1052, ot=0.000
0, t=0.501, tswd=0.0000]
Epoch 4/5:  24%|██▍       | 75/312 [00:03<00:11, 20.31it/s, curv=0.0000, flow=2.1052, kin=0.0000, loss=2.1052, ot=0.000
0, t=0.501, tswd=0.0000]
Epoch 4/5:  25%|██▌       | 78/312 [00:03<00:11, 20.22it/s, curv=0.0000, flow=2.1052, kin=0.0000, loss=2.1052, ot=0.000
0, t=0.501, tswd=0.0000]
Epoch 4/5:  25%|██▌       | 78/312 [00:03<00:11, 20.22it/s, curv=0.0000, flow=2.1003, kin=0.0000, loss=2.1003, ot=0.000
0, t=0.499, tswd=0.0000]
Epoch 4/5:  26%|██▌       | 81/312 [00:03<00:11, 20.11it/s, curv=0.0000, flow=2.1003, kin=0.0000, loss=2.1003, ot=0.000
0, t=0.499, tswd=0.0000]
Epoch 4/5:  27%|██▋       | 84/312 [00:04<00:11, 20.04it/s, curv=0.0000, flow=2.1003, kin=0.0000, loss=2.1003, ot=0.000
0, t=0.499, tswd=0.0000]
Epoch 4/5:  28%|██▊       | 87/312 [00:04<00:11, 19.89it/s, curv=0.0000, flow=2.1003, kin=0.0000, loss=2.1003, ot=0.000
0, t=0.499, tswd=0.0000]
Epoch 4/5:  29%|██▉       | 90/312 [00:04<00:11, 20.14it/s, curv=0.0000, flow=2.1003, kin=0.0000, loss=2.1003, ot=0.000
0, t=0.499, tswd=0.0000]
Epoch 4/5:  30%|██▉       | 93/312 [00:04<00:10, 20.38it/s, curv=0.0000, flow=2.1003, kin=0.0000, loss=2.1003, ot=0.000
0, t=0.499, tswd=0.0000]
Epoch 4/5:  31%|███       | 96/312 [00:04<00:10, 19.89it/s, curv=0.0000, flow=2.1003, kin=0.0000, loss=2.1003, ot=0.000
0, t=0.499, tswd=0.0000]
Epoch 4/5:  32%|███▏      | 99/312 [00:04<00:10, 20.27it/s, curv=0.0000, flow=2.1003, kin=0.0000, loss=2.1003, ot=0.000
0, t=0.499, tswd=0.0000]
Epoch 4/5:  32%|███▏      | 99/312 [00:04<00:10, 20.27it/s, curv=0.0000, flow=2.0931, kin=0.0000, loss=2.0931, ot=0.000
0, t=0.500, tswd=0.0000]
Epoch 4/5:  33%|███▎      | 102/312 [00:04<00:10, 20.63it/s, curv=0.0000, flow=2.0931, kin=0.0000, loss=2.0931, ot=0.00
00, t=0.500, tswd=0.0000]
Epoch 4/5:  34%|███▎      | 105/312 [00:05<00:10, 20.36it/s, curv=0.0000, flow=2.0931, kin=0.0000, loss=2.0931, ot=0.00
00, t=0.500, tswd=0.0000]
Epoch 4/5:  35%|███▍      | 108/312 [00:05<00:09, 20.44it/s, curv=0.0000, flow=2.0931, kin=0.0000, loss=2.0931, ot=0.00
00, t=0.500, tswd=0.0000]
Epoch 4/5:  36%|███▌      | 111/312 [00:05<00:09, 20.46it/s, curv=0.0000, flow=2.0931, kin=0.0000, loss=2.0931, ot=0.00
00, t=0.500, tswd=0.0000]
Epoch 4/5:  37%|███▋      | 114/312 [00:05<00:09, 20.48it/s, curv=0.0000, flow=2.0931, kin=0.0000, loss=2.0931, ot=0.00
00, t=0.500, tswd=0.0000]
Epoch 4/5:  38%|███▊      | 117/312 [00:05<00:09, 20.53it/s, curv=0.0000, flow=2.0931, kin=0.0000, loss=2.0931, ot=0.00
00, t=0.500, tswd=0.0000]
Epoch 4/5:  38%|███▊      | 117/312 [00:05<00:09, 20.53it/s, curv=0.0000, flow=2.0891, kin=0.0000, loss=2.0891, ot=0.00
00, t=0.498, tswd=0.0000]
Epoch 4/5:  38%|███▊      | 120/312 [00:05<00:09, 20.32it/s, curv=0.0000, flow=2.0891, kin=0.0000, loss=2.0891, ot=0.00
00, t=0.498, tswd=0.0000]
Epoch 4/5:  39%|███▉      | 123/312 [00:06<00:09, 20.32it/s, curv=0.0000, flow=2.0891, kin=0.0000, loss=2.0891, ot=0.00
00, t=0.498, tswd=0.0000]
Epoch 4/5:  40%|████      | 126/312 [00:06<00:09, 20.10it/s, curv=0.0000, flow=2.0891, kin=0.0000, loss=2.0891, ot=0.00
00, t=0.498, tswd=0.0000]
Epoch 4/5:  41%|████▏     | 129/312 [00:06<00:09, 20.22it/s, curv=0.0000, flow=2.0891, kin=0.0000, loss=2.0891, ot=0.00
00, t=0.498, tswd=0.0000]
Epoch 4/5:  42%|████▏     | 132/312 [00:06<00:08, 20.26it/s, curv=0.0000, flow=2.0891, kin=0.0000, loss=2.0891, ot=0.00
00, t=0.498, tswd=0.0000]
Epoch 4/5:  43%|████▎     | 135/312 [00:06<00:08, 20.66it/s, curv=0.0000, flow=2.0891, kin=0.0000, loss=2.0891, ot=0.00
00, t=0.498, tswd=0.0000]
Epoch 4/5:  44%|████▍     | 138/312 [00:06<00:08, 20.75it/s, curv=0.0000, flow=2.0891, kin=0.0000, loss=2.0891, ot=0.00
00, t=0.498, tswd=0.0000]
Epoch 4/5:  44%|████▍     | 138/312 [00:06<00:08, 20.75it/s, curv=0.0000, flow=2.0918, kin=0.0000, loss=2.0918, ot=0.00
00, t=0.496, tswd=0.0000]
Epoch 4/5:  45%|████▌     | 141/312 [00:06<00:08, 21.08it/s, curv=0.0000, flow=2.0918, kin=0.0000, loss=2.0918, ot=0.00
00, t=0.496, tswd=0.0000]
Epoch 4/5:  46%|████▌     | 144/312 [00:07<00:07, 21.01it/s, curv=0.0000, flow=2.0918, kin=0.0000, loss=2.0918, ot=0.00
00, t=0.496, tswd=0.0000]
Epoch 4/5:  47%|████▋     | 147/312 [00:07<00:07, 21.00it/s, curv=0.0000, flow=2.0918, kin=0.0000, loss=2.0918, ot=0.00
00, t=0.496, tswd=0.0000]
Epoch 4/5:  48%|████▊     | 150/312 [00:07<00:07, 21.23it/s, curv=0.0000, flow=2.0918, kin=0.0000, loss=2.0918, ot=0.00
00, t=0.496, tswd=0.0000]
Epoch 4/5:  49%|████▉     | 153/312 [00:07<00:07, 21.06it/s, curv=0.0000, flow=2.0918, kin=0.0000, loss=2.0918, ot=0.00
00, t=0.496, tswd=0.0000]
Epoch 4/5:  50%|█████     | 156/312 [00:07<00:07, 20.75it/s, curv=0.0000, flow=2.0918, kin=0.0000, loss=2.0918, ot=0.00
00, t=0.496, tswd=0.0000]
Epoch 4/5:  51%|█████     | 159/312 [00:07<00:07, 20.54it/s, curv=0.0000, flow=2.0918, kin=0.0000, loss=2.0918, ot=0.00
00, t=0.496, tswd=0.0000]
Epoch 4/5:  51%|█████     | 159/312 [00:07<00:07, 20.54it/s, curv=0.0000, flow=2.0878, kin=0.0000, loss=2.0878, ot=0.00
00, t=0.498, tswd=0.0000]
Epoch 4/5:  52%|█████▏    | 162/312 [00:07<00:07, 20.41it/s, curv=0.0000, flow=2.0878, kin=0.0000, loss=2.0878, ot=0.00
00, t=0.498, tswd=0.0000]
Epoch 4/5:  53%|█████▎    | 165/312 [00:08<00:07, 20.27it/s, curv=0.0000, flow=2.0878, kin=0.0000, loss=2.0878, ot=0.00
00, t=0.498, tswd=0.0000]
Epoch 4/5:  54%|█████▍    | 168/312 [00:08<00:07, 20.00it/s, curv=0.0000, flow=2.0878, kin=0.0000, loss=2.0878, ot=0.00
00, t=0.498, tswd=0.0000]
Epoch 4/5:  55%|█████▍    | 171/312 [00:08<00:06, 20.15it/s, curv=0.0000, flow=2.0878, kin=0.0000, loss=2.0878, ot=0.00
00, t=0.498, tswd=0.0000]
Epoch 4/5:  56%|█████▌    | 174/312 [00:08<00:06, 20.35it/s, curv=0.0000, flow=2.0878, kin=0.0000, loss=2.0878, ot=0.00
00, t=0.498, tswd=0.0000]
Epoch 4/5:  57%|█████▋    | 177/312 [00:08<00:06, 20.76it/s, curv=0.0000, flow=2.0878, kin=0.0000, loss=2.0878, ot=0.00
00, t=0.498, tswd=0.0000]
Epoch 4/5:  57%|█████▋    | 177/312 [00:08<00:06, 20.76it/s, curv=0.0000, flow=2.0847, kin=0.0000, loss=2.0847, ot=0.00
00, t=0.496, tswd=0.0000]
Epoch 4/5:  58%|█████▊    | 180/312 [00:08<00:06, 20.79it/s, curv=0.0000, flow=2.0847, kin=0.0000, loss=2.0847, ot=0.00
00, t=0.496, tswd=0.0000]
Epoch 4/5:  59%|█████▊    | 183/312 [00:08<00:06, 21.05it/s, curv=0.0000, flow=2.0847, kin=0.0000, loss=2.0847, ot=0.00
00, t=0.496, tswd=0.0000]
Epoch 4/5:  60%|█████▉    | 186/312 [00:09<00:05, 21.01it/s, curv=0.0000, flow=2.0847, kin=0.0000, loss=2.0847, ot=0.00
00, t=0.496, tswd=0.0000]
Epoch 4/5:  61%|██████    | 189/312 [00:09<00:05, 20.85it/s, curv=0.0000, flow=2.0847, kin=0.0000, loss=2.0847, ot=0.00
00, t=0.496, tswd=0.0000]
Epoch 4/5:  62%|██████▏   | 192/312 [00:09<00:05, 20.85it/s, curv=0.0000, flow=2.0847, kin=0.0000, loss=2.0847, ot=0.00
00, t=0.496, tswd=0.0000]
Epoch 4/5:  62%|██████▎   | 195/312 [00:09<00:05, 20.60it/s, curv=0.0000, flow=2.0847, kin=0.0000, loss=2.0847, ot=0.00
00, t=0.496, tswd=0.0000]
Epoch 4/5:  63%|██████▎   | 198/312 [00:09<00:05, 20.37it/s, curv=0.0000, flow=2.0847, kin=0.0000, loss=2.0847, ot=0.00
00, t=0.496, tswd=0.0000]
Epoch 4/5:  63%|██████▎   | 198/312 [00:09<00:05, 20.37it/s, curv=0.0000, flow=2.0861, kin=0.0000, loss=2.0861, ot=0.00
00, t=0.496, tswd=0.0000]
Epoch 4/5:  64%|██████▍   | 201/312 [00:09<00:05, 20.23it/s, curv=0.0000, flow=2.0861, kin=0.0000, loss=2.0861, ot=0.00
00, t=0.496, tswd=0.0000]
Epoch 4/5:  65%|██████▌   | 204/312 [00:09<00:05, 20.15it/s, curv=0.0000, flow=2.0861, kin=0.0000, loss=2.0861, ot=0.00
00, t=0.496, tswd=0.0000]
Epoch 4/5:  66%|██████▋   | 207/312 [00:10<00:05, 20.08it/s, curv=0.0000, flow=2.0861, kin=0.0000, loss=2.0861, ot=0.00
00, t=0.496, tswd=0.0000]
Epoch 4/5:  67%|██████▋   | 210/312 [00:10<00:05, 19.80it/s, curv=0.0000, flow=2.0861, kin=0.0000, loss=2.0861, ot=0.00
00, t=0.496, tswd=0.0000]
Epoch 4/5:  68%|██████▊   | 212/312 [00:10<00:05, 19.38it/s, curv=0.0000, flow=2.0861, kin=0.0000, loss=2.0861, ot=0.00
00, t=0.496, tswd=0.0000]
Epoch 4/5:  69%|██████▉   | 215/312 [00:10<00:04, 19.82it/s, curv=0.0000, flow=2.0861, kin=0.0000, loss=2.0861, ot=0.00
00, t=0.496, tswd=0.0000]
Epoch 4/5:  70%|██████▉   | 218/312 [00:10<00:04, 20.32it/s, curv=0.0000, flow=2.0861, kin=0.0000, loss=2.0861, ot=0.00
00, t=0.496, tswd=0.0000]
Epoch 4/5:  70%|██████▉   | 218/312 [00:10<00:04, 20.32it/s, curv=0.0000, flow=2.0858, kin=0.0000, loss=2.0858, ot=0.00
00, t=0.497, tswd=0.0000]
Epoch 4/5:  71%|███████   | 221/312 [00:10<00:04, 20.53it/s, curv=0.0000, flow=2.0858, kin=0.0000, loss=2.0858, ot=0.00
00, t=0.497, tswd=0.0000]
Epoch 4/5:  72%|███████▏  | 224/312 [00:10<00:04, 20.89it/s, curv=0.0000, flow=2.0858, kin=0.0000, loss=2.0858, ot=0.00
00, t=0.497, tswd=0.0000]
Epoch 4/5:  73%|███████▎  | 227/312 [00:11<00:04, 20.90it/s, curv=0.0000, flow=2.0858, kin=0.0000, loss=2.0858, ot=0.00
00, t=0.497, tswd=0.0000]
Epoch 4/5:  74%|███████▎  | 230/312 [00:11<00:03, 20.92it/s, curv=0.0000, flow=2.0858, kin=0.0000, loss=2.0858, ot=0.00
00, t=0.497, tswd=0.0000]
Epoch 4/5:  75%|███████▍  | 233/312 [00:11<00:03, 20.83it/s, curv=0.0000, flow=2.0858, kin=0.0000, loss=2.0858, ot=0.00
00, t=0.497, tswd=0.0000]
Epoch 4/5:  76%|███████▌  | 236/312 [00:11<00:03, 20.58it/s, curv=0.0000, flow=2.0858, kin=0.0000, loss=2.0858, ot=0.00
00, t=0.497, tswd=0.0000]
Epoch 4/5:  77%|███████▋  | 239/312 [00:11<00:03, 20.45it/s, curv=0.0000, flow=2.0858, kin=0.0000, loss=2.0858, ot=0.00
00, t=0.497, tswd=0.0000]
Epoch 4/5:  77%|███████▋  | 239/312 [00:11<00:03, 20.45it/s, curv=0.0000, flow=2.0880, kin=0.0000, loss=2.0880, ot=0.00
00, t=0.498, tswd=0.0000]
Epoch 4/5:  78%|███████▊  | 242/312 [00:11<00:03, 20.25it/s, curv=0.0000, flow=2.0880, kin=0.0000, loss=2.0880, ot=0.00
00, t=0.498, tswd=0.0000]
Epoch 4/5:  79%|███████▊  | 245/312 [00:11<00:03, 20.07it/s, curv=0.0000, flow=2.0880, kin=0.0000, loss=2.0880, ot=0.00
00, t=0.498, tswd=0.0000]
Epoch 4/5:  79%|███████▉  | 248/312 [00:12<00:03, 20.13it/s, curv=0.0000, flow=2.0880, kin=0.0000, loss=2.0880, ot=0.00
00, t=0.498, tswd=0.0000]
Epoch 4/5:  80%|████████  | 251/312 [00:12<00:03, 19.90it/s, curv=0.0000, flow=2.0880, kin=0.0000, loss=2.0880, ot=0.00
00, t=0.498, tswd=0.0000]
Epoch 4/5:  81%|████████▏ | 254/312 [00:12<00:02, 20.09it/s, curv=0.0000, flow=2.0880, kin=0.0000, loss=2.0880, ot=0.00
00, t=0.498, tswd=0.0000]
Epoch 4/5:  82%|████████▏ | 257/312 [00:12<00:02, 20.44it/s, curv=0.0000, flow=2.0880, kin=0.0000, loss=2.0880, ot=0.00
00, t=0.498, tswd=0.0000]
Epoch 4/5:  82%|████████▏ | 257/312 [00:12<00:02, 20.44it/s, curv=0.0000, flow=2.0874, kin=0.0000, loss=2.0874, ot=0.00
00, t=0.498, tswd=0.0000]
Epoch 4/5:  83%|████████▎ | 260/312 [00:12<00:02, 20.66it/s, curv=0.0000, flow=2.0874, kin=0.0000, loss=2.0874, ot=0.00
00, t=0.498, tswd=0.0000]
Epoch 4/5:  84%|████████▍ | 263/312 [00:12<00:02, 20.88it/s, curv=0.0000, flow=2.0874, kin=0.0000, loss=2.0874, ot=0.00
00, t=0.498, tswd=0.0000]
Epoch 4/5:  85%|████████▌ | 266/312 [00:12<00:02, 21.06it/s, curv=0.0000, flow=2.0874, kin=0.0000, loss=2.0874, ot=0.00
00, t=0.498, tswd=0.0000]
Epoch 4/5:  86%|████████▌ | 269/312 [00:13<00:02, 21.22it/s, curv=0.0000, flow=2.0874, kin=0.0000, loss=2.0874, ot=0.00
00, t=0.498, tswd=0.0000]
Epoch 4/5:  87%|████████▋ | 272/312 [00:13<00:01, 20.92it/s, curv=0.0000, flow=2.0874, kin=0.0000, loss=2.0874, ot=0.00
00, t=0.498, tswd=0.0000]
Epoch 4/5:  88%|████████▊ | 275/312 [00:13<00:01, 20.76it/s, curv=0.0000, flow=2.0874, kin=0.0000, loss=2.0874, ot=0.00
00, t=0.498, tswd=0.0000]
Epoch 4/5:  89%|████████▉ | 278/312 [00:13<00:01, 20.61it/s, curv=0.0000, flow=2.0874, kin=0.0000, loss=2.0874, ot=0.00
00, t=0.498, tswd=0.0000]
Epoch 4/5:  89%|████████▉ | 278/312 [00:13<00:01, 20.61it/s, curv=0.0000, flow=2.0866, kin=0.0000, loss=2.0866, ot=0.00
00, t=0.497, tswd=0.0000]
Epoch 4/5:  90%|█████████ | 281/312 [00:13<00:01, 20.46it/s, curv=0.0000, flow=2.0866, kin=0.0000, loss=2.0866, ot=0.00
00, t=0.497, tswd=0.0000]
Epoch 4/5:  91%|█████████ | 284/312 [00:13<00:01, 20.62it/s, curv=0.0000, flow=2.0866, kin=0.0000, loss=2.0866, ot=0.00
00, t=0.497, tswd=0.0000]
Epoch 4/5:  92%|█████████▏| 287/312 [00:14<00:01, 20.48it/s, curv=0.0000, flow=2.0866, kin=0.0000, loss=2.0866, ot=0.00
00, t=0.497, tswd=0.0000]
Epoch 4/5:  93%|█████████▎| 290/312 [00:14<00:01, 20.22it/s, curv=0.0000, flow=2.0866, kin=0.0000, loss=2.0866, ot=0.00
00, t=0.497, tswd=0.0000]
Epoch 4/5:  94%|█████████▍| 293/312 [00:14<00:00, 20.32it/s, curv=0.0000, flow=2.0866, kin=0.0000, loss=2.0866, ot=0.00
00, t=0.497, tswd=0.0000]
Epoch 4/5:  95%|█████████▍| 296/312 [00:14<00:00, 20.29it/s, curv=0.0000, flow=2.0866, kin=0.0000, loss=2.0866, ot=0.00
00, t=0.497, tswd=0.0000]
Epoch 4/5:  96%|█████████▌| 299/312 [00:14<00:00, 20.54it/s, curv=0.0000, flow=2.0866, kin=0.0000, loss=2.0866, ot=0.00
00, t=0.497, tswd=0.0000]
Epoch 4/5:  96%|█████████▌| 299/312 [00:14<00:00, 20.54it/s, curv=0.0000, flow=2.0904, kin=0.0000, loss=2.0904, ot=0.00
00, t=0.499, tswd=0.0000]
Epoch 4/5:  97%|█████████▋| 302/312 [00:14<00:00, 20.73it/s, curv=0.0000, flow=2.0904, kin=0.0000, loss=2.0904, ot=0.00
00, t=0.499, tswd=0.0000]
Epoch 4/5:  98%|█████████▊| 305/312 [00:14<00:00, 21.09it/s, curv=0.0000, flow=2.0904, kin=0.0000, loss=2.0904, ot=0.00
00, t=0.499, tswd=0.0000]
Epoch 4/5:  99%|█████████▊| 308/312 [00:15<00:00, 21.17it/s, curv=0.0000, flow=2.0904, kin=0.0000, loss=2.0904, ot=0.00
00, t=0.499, tswd=0.0000]
Epoch 4/5: 100%|█████████▉| 311/312 [00:15<00:00, 21.19it/s, curv=0.0000, flow=2.0904, kin=0.0000, loss=2.0904, ot=0.00
00, t=0.499, tswd=0.0000]
Epoch 4/5: 100%|█████████▉| 311/312 [00:15<00:00, 21.19it/s, curv=0.0000, flow=2.0900, kin=0.0000, loss=2.0900, ot=0.00
00, t=0.499, tswd=0.0000]
Epoch 4/5: 100%|██████████| 312/312 [00:15<00:00, 20.52it/s, curv=0.0000, flow=2.0900, kin=0.0000, loss=2.0900, ot=0.00
00, t=0.499, tswd=0.0000]
2026-07-01 10:28:57,941 - INFO - Epoch 4/5 | loss=2.0900 flow=2.0900 kin=0.0000 ot=0.0000 tswd=0.0000 gini=0.000 hub=0.
000 otd=0.0000 fiber=0.000 leak=0.0000 tgtshift=0.0000 cla=0.0000 cea=0.0000 sem_attn=0.000 sem_k=0.000 topo_ent=0.000 
topo_on=0 plan_ent=0.000 bary_ent=0.000 tok_ent=0.000 tok_eff=0.0 tok_max=0.000 tok_svd=0.000 tok_cos=0.000 app_s=0.000
 app_d=0.000 sigma=0.000 bex=0 idr=0.00 t=0.499 |v|=0.000 lr=7.56e-05 data=0.4s comp=9.9s epoch=15.2s sps=328.34 bstep=
0.049s gpu=84.1/85.0% vram=3.54/3.54GB power=66.9/67.9W peak=0.59/0.66GB
2026-07-01 10:28:57,946 - INFO - Epoch 5 weight schedule: stage=0 w_content=0.0000 w_style=0.0000 w_style_strength_reg=
0.0000 sigma=0.0000

Epoch 5/5:   0%|          | 0/312 [00:00<?, ?it/s]
Epoch 5/5:   0%|          | 0/312 [00:00<?, ?it/s, curv=0.0000, flow=2.1492, kin=0.0000, loss=2.1492, ot=0.0000, t=0.59
1, tswd=0.0000]
Epoch 5/5:   1%|          | 2/312 [00:00<00:15, 19.51it/s, curv=0.0000, flow=2.1492, kin=0.0000, loss=2.1492, ot=0.0000
, t=0.591, tswd=0.0000]
Epoch 5/5:   1%|▏         | 4/312 [00:00<00:15, 19.62it/s, curv=0.0000, flow=2.1492, kin=0.0000, loss=2.1492, ot=0.0000
, t=0.591, tswd=0.0000]
Epoch 5/5:   2%|▏         | 6/312 [00:00<00:15, 19.74it/s, curv=0.0000, flow=2.1492, kin=0.0000, loss=2.1492, ot=0.0000
, t=0.591, tswd=0.0000]
Epoch 5/5:   3%|▎         | 9/312 [00:00<00:15, 19.86it/s, curv=0.0000, flow=2.1492, kin=0.0000, loss=2.1492, ot=0.0000
, t=0.591, tswd=0.0000]
Epoch 5/5:   4%|▍         | 12/312 [00:00<00:15, 19.98it/s, curv=0.0000, flow=2.1492, kin=0.0000, loss=2.1492, ot=0.000
0, t=0.591, tswd=0.0000]
Epoch 5/5:   5%|▍         | 15/312 [00:00<00:14, 19.94it/s, curv=0.0000, flow=2.1492, kin=0.0000, loss=2.1492, ot=0.000
0, t=0.591, tswd=0.0000]
Epoch 5/5:   5%|▌         | 17/312 [00:00<00:14, 19.81it/s, curv=0.0000, flow=2.1492, kin=0.0000, loss=2.1492, ot=0.000
0, t=0.591, tswd=0.0000]
Epoch 5/5:   5%|▌         | 17/312 [00:01<00:14, 19.81it/s, curv=0.0000, flow=2.1254, kin=0.0000, loss=2.1254, ot=0.000
0, t=0.502, tswd=0.0000]
Epoch 5/5:   6%|▋         | 20/312 [00:01<00:14, 19.95it/s, curv=0.0000, flow=2.1254, kin=0.0000, loss=2.1254, ot=0.000
0, t=0.502, tswd=0.0000]
Epoch 5/5:   7%|▋         | 23/312 [00:01<00:14, 20.16it/s, curv=0.0000, flow=2.1254, kin=0.0000, loss=2.1254, ot=0.000
0, t=0.502, tswd=0.0000]
Epoch 5/5:   8%|▊         | 26/312 [00:01<00:14, 20.42it/s, curv=0.0000, flow=2.1254, kin=0.0000, loss=2.1254, ot=0.000
0, t=0.502, tswd=0.0000]
Epoch 5/5:   9%|▉         | 29/312 [00:01<00:13, 20.80it/s, curv=0.0000, flow=2.1254, kin=0.0000, loss=2.1254, ot=0.000
0, t=0.502, tswd=0.0000]
Epoch 5/5:  10%|█         | 32/312 [00:01<00:13, 21.07it/s, curv=0.0000, flow=2.1254, kin=0.0000, loss=2.1254, ot=0.000
0, t=0.502, tswd=0.0000]
Epoch 5/5:  11%|█         | 35/312 [00:01<00:13, 21.07it/s, curv=0.0000, flow=2.1254, kin=0.0000, loss=2.1254, ot=0.000
0, t=0.502, tswd=0.0000]
Epoch 5/5:  12%|█▏        | 38/312 [00:01<00:13, 20.89it/s, curv=0.0000, flow=2.1254, kin=0.0000, loss=2.1254, ot=0.000
0, t=0.502, tswd=0.0000]
Epoch 5/5:  12%|█▏        | 38/312 [00:01<00:13, 20.89it/s, curv=0.0000, flow=2.0816, kin=0.0000, loss=2.0816, ot=0.000
0, t=0.503, tswd=0.0000]
Epoch 5/5:  13%|█▎        | 41/312 [00:02<00:12, 20.89it/s, curv=0.0000, flow=2.0816, kin=0.0000, loss=2.0816, ot=0.000
0, t=0.503, tswd=0.0000]
Epoch 5/5:  14%|█▍        | 44/312 [00:02<00:13, 20.60it/s, curv=0.0000, flow=2.0816, kin=0.0000, loss=2.0816, ot=0.000
0, t=0.503, tswd=0.0000]
Epoch 5/5:  15%|█▌        | 47/312 [00:02<00:13, 20.35it/s, curv=0.0000, flow=2.0816, kin=0.0000, loss=2.0816, ot=0.000
0, t=0.503, tswd=0.0000]
Epoch 5/5:  16%|█▌        | 50/312 [00:02<00:12, 20.29it/s, curv=0.0000, flow=2.0816, kin=0.0000, loss=2.0816, ot=0.000
0, t=0.503, tswd=0.0000]
Epoch 5/5:  17%|█▋        | 53/312 [00:02<00:12, 19.99it/s, curv=0.0000, flow=2.0816, kin=0.0000, loss=2.0816, ot=0.000
0, t=0.503, tswd=0.0000]
Epoch 5/5:  18%|█▊        | 56/312 [00:02<00:12, 20.05it/s, curv=0.0000, flow=2.0816, kin=0.0000, loss=2.0816, ot=0.000
0, t=0.503, tswd=0.0000]
Epoch 5/5:  19%|█▉        | 59/312 [00:02<00:12, 19.72it/s, curv=0.0000, flow=2.0816, kin=0.0000, loss=2.0816, ot=0.000
0, t=0.503, tswd=0.0000]
Epoch 5/5:  19%|█▉        | 59/312 [00:02<00:12, 19.72it/s, curv=0.0000, flow=2.0840, kin=0.0000, loss=2.0840, ot=0.000
0, t=0.495, tswd=0.0000]
Epoch 5/5:  20%|█▉        | 61/312 [00:03<00:12, 19.46it/s, curv=0.0000, flow=2.0840, kin=0.0000, loss=2.0840, ot=0.000
0, t=0.495, tswd=0.0000]
Epoch 5/5:  21%|██        | 64/312 [00:03<00:12, 19.81it/s, curv=0.0000, flow=2.0840, kin=0.0000, loss=2.0840, ot=0.000
0, t=0.495, tswd=0.0000]
Epoch 5/5:  21%|██▏       | 67/312 [00:03<00:12, 20.24it/s, curv=0.0000, flow=2.0840, kin=0.0000, loss=2.0840, ot=0.000
0, t=0.495, tswd=0.0000]
Epoch 5/5:  22%|██▏       | 70/312 [00:03<00:11, 20.50it/s, curv=0.0000, flow=2.0840, kin=0.0000, loss=2.0840, ot=0.000
0, t=0.495, tswd=0.0000]
Epoch 5/5:  23%|██▎       | 73/312 [00:03<00:11, 20.68it/s, curv=0.0000, flow=2.0840, kin=0.0000, loss=2.0840, ot=0.000
0, t=0.495, tswd=0.0000]
Epoch 5/5:  24%|██▍       | 76/312 [00:03<00:11, 20.92it/s, curv=0.0000, flow=2.0840, kin=0.0000, loss=2.0840, ot=0.000
0, t=0.495, tswd=0.0000]
Epoch 5/5:  25%|██▌       | 79/312 [00:03<00:11, 20.82it/s, curv=0.0000, flow=2.0840, kin=0.0000, loss=2.0840, ot=0.000
0, t=0.495, tswd=0.0000]
Epoch 5/5:  25%|██▌       | 79/312 [00:03<00:11, 20.82it/s, curv=0.0000, flow=2.0775, kin=0.0000, loss=2.0775, ot=0.000
0, t=0.505, tswd=0.0000]
Epoch 5/5:  26%|██▋       | 82/312 [00:04<00:10, 21.00it/s, curv=0.0000, flow=2.0775, kin=0.0000, loss=2.0775, ot=0.000
0, t=0.505, tswd=0.0000]
Epoch 5/5:  27%|██▋       | 85/312 [00:04<00:11, 20.63it/s, curv=0.0000, flow=2.0775, kin=0.0000, loss=2.0775, ot=0.000
0, t=0.505, tswd=0.0000]
Epoch 5/5:  28%|██▊       | 88/312 [00:04<00:10, 20.44it/s, curv=0.0000, flow=2.0775, kin=0.0000, loss=2.0775, ot=0.000
0, t=0.505, tswd=0.0000]
Epoch 5/5:  29%|██▉       | 91/312 [00:04<00:10, 20.28it/s, curv=0.0000, flow=2.0775, kin=0.0000, loss=2.0775, ot=0.000
0, t=0.505, tswd=0.0000]
Epoch 5/5:  30%|███       | 94/312 [00:04<00:10, 20.28it/s, curv=0.0000, flow=2.0775, kin=0.0000, loss=2.0775, ot=0.000
0, t=0.505, tswd=0.0000]
Epoch 5/5:  31%|███       | 97/312 [00:04<00:10, 20.18it/s, curv=0.0000, flow=2.0775, kin=0.0000, loss=2.0775, ot=0.000
0, t=0.505, tswd=0.0000]
Epoch 5/5:  31%|███       | 97/312 [00:04<00:10, 20.18it/s, curv=0.0000, flow=2.0755, kin=0.0000, loss=2.0755, ot=0.000
0, t=0.499, tswd=0.0000]
Epoch 5/5:  32%|███▏      | 100/312 [00:04<00:10, 20.06it/s, curv=0.0000, flow=2.0755, kin=0.0000, loss=2.0755, ot=0.00
00, t=0.499, tswd=0.0000]
Epoch 5/5:  33%|███▎      | 103/312 [00:05<00:10, 19.97it/s, curv=0.0000, flow=2.0755, kin=0.0000, loss=2.0755, ot=0.00
00, t=0.499, tswd=0.0000]
Epoch 5/5:  34%|███▍      | 106/312 [00:05<00:10, 20.20it/s, curv=0.0000, flow=2.0755, kin=0.0000, loss=2.0755, ot=0.00
00, t=0.499, tswd=0.0000]
Epoch 5/5:  35%|███▍      | 109/312 [00:05<00:09, 20.56it/s, curv=0.0000, flow=2.0755, kin=0.0000, loss=2.0755, ot=0.00
00, t=0.499, tswd=0.0000]
Epoch 5/5:  36%|███▌      | 112/312 [00:05<00:09, 20.67it/s, curv=0.0000, flow=2.0755, kin=0.0000, loss=2.0755, ot=0.00
00, t=0.499, tswd=0.0000]
Epoch 5/5:  37%|███▋      | 115/312 [00:05<00:09, 20.55it/s, curv=0.0000, flow=2.0755, kin=0.0000, loss=2.0755, ot=0.00
00, t=0.499, tswd=0.0000]
Epoch 5/5:  38%|███▊      | 118/312 [00:05<00:09, 20.54it/s, curv=0.0000, flow=2.0755, kin=0.0000, loss=2.0755, ot=0.00
00, t=0.499, tswd=0.0000]
Epoch 5/5:  38%|███▊      | 118/312 [00:05<00:09, 20.54it/s, curv=0.0000, flow=2.0736, kin=0.0000, loss=2.0736, ot=0.00
00, t=0.496, tswd=0.0000]
Epoch 5/5:  39%|███▉      | 121/312 [00:05<00:09, 20.76it/s, curv=0.0000, flow=2.0736, kin=0.0000, loss=2.0736, ot=0.00
00, t=0.496, tswd=0.0000]
Epoch 5/5:  40%|███▉      | 124/312 [00:06<00:09, 20.56it/s, curv=0.0000, flow=2.0736, kin=0.0000, loss=2.0736, ot=0.00
00, t=0.496, tswd=0.0000]
Epoch 5/5:  41%|████      | 127/312 [00:06<00:09, 20.28it/s, curv=0.0000, flow=2.0736, kin=0.0000, loss=2.0736, ot=0.00
00, t=0.496, tswd=0.0000]
Epoch 5/5:  42%|████▏     | 130/312 [00:06<00:08, 20.23it/s, curv=0.0000, flow=2.0736, kin=0.0000, loss=2.0736, ot=0.00
00, t=0.496, tswd=0.0000]
Epoch 5/5:  43%|████▎     | 133/312 [00:06<00:08, 20.19it/s, curv=0.0000, flow=2.0736, kin=0.0000, loss=2.0736, ot=0.00
00, t=0.496, tswd=0.0000]
Epoch 5/5:  44%|████▎     | 136/312 [00:06<00:08, 20.06it/s, curv=0.0000, flow=2.0736, kin=0.0000, loss=2.0736, ot=0.00
00, t=0.496, tswd=0.0000]
Epoch 5/5:  45%|████▍     | 139/312 [00:06<00:08, 19.92it/s, curv=0.0000, flow=2.0736, kin=0.0000, loss=2.0736, ot=0.00
00, t=0.496, tswd=0.0000]
Epoch 5/5:  45%|████▍     | 139/312 [00:06<00:08, 19.92it/s, curv=0.0000, flow=2.0742, kin=0.0000, loss=2.0742, ot=0.00
00, t=0.497, tswd=0.0000]
Epoch 5/5:  46%|████▌     | 142/312 [00:06<00:08, 20.06it/s, curv=0.0000, flow=2.0742, kin=0.0000, loss=2.0742, ot=0.00
00, t=0.497, tswd=0.0000]
Epoch 5/5:  46%|████▋     | 145/312 [00:07<00:08, 20.14it/s, curv=0.0000, flow=2.0742, kin=0.0000, loss=2.0742, ot=0.00
00, t=0.497, tswd=0.0000]
Epoch 5/5:  47%|████▋     | 148/312 [00:07<00:08, 20.41it/s, curv=0.0000, flow=2.0742, kin=0.0000, loss=2.0742, ot=0.00
00, t=0.497, tswd=0.0000]
Epoch 5/5:  48%|████▊     | 151/312 [00:07<00:07, 20.63it/s, curv=0.0000, flow=2.0742, kin=0.0000, loss=2.0742, ot=0.00
00, t=0.497, tswd=0.0000]
Epoch 5/5:  49%|████▉     | 154/312 [00:07<00:07, 20.74it/s, curv=0.0000, flow=2.0742, kin=0.0000, loss=2.0742, ot=0.00
00, t=0.497, tswd=0.0000]
Epoch 5/5:  50%|█████     | 157/312 [00:07<00:07, 20.97it/s, curv=0.0000, flow=2.0742, kin=0.0000, loss=2.0742, ot=0.00
00, t=0.497, tswd=0.0000]
Epoch 5/5:  50%|█████     | 157/312 [00:07<00:07, 20.97it/s, curv=0.0000, flow=2.0721, kin=0.0000, loss=2.0721, ot=0.00
00, t=0.499, tswd=0.0000]
Epoch 5/5:  51%|█████▏    | 160/312 [00:07<00:07, 20.23it/s, curv=0.0000, flow=2.0721, kin=0.0000, loss=2.0721, ot=0.00
00, t=0.499, tswd=0.0000]
Epoch 5/5:  52%|█████▏    | 163/312 [00:08<00:07, 20.56it/s, curv=0.0000, flow=2.0721, kin=0.0000, loss=2.0721, ot=0.00
00, t=0.499, tswd=0.0000]
Epoch 5/5:  53%|█████▎    | 166/312 [00:08<00:07, 20.26it/s, curv=0.0000, flow=2.0721, kin=0.0000, loss=2.0721, ot=0.00
00, t=0.499, tswd=0.0000]
Epoch 5/5:  54%|█████▍    | 169/312 [00:08<00:07, 19.97it/s, curv=0.0000, flow=2.0721, kin=0.0000, loss=2.0721, ot=0.00
00, t=0.499, tswd=0.0000]
Epoch 5/5:  55%|█████▌    | 172/312 [00:08<00:07, 19.53it/s, curv=0.0000, flow=2.0721, kin=0.0000, loss=2.0721, ot=0.00
00, t=0.499, tswd=0.0000]
Epoch 5/5:  56%|█████▌    | 175/312 [00:08<00:06, 19.70it/s, curv=0.0000, flow=2.0721, kin=0.0000, loss=2.0721, ot=0.00
00, t=0.499, tswd=0.0000]
Epoch 5/5:  57%|█████▋    | 178/312 [00:08<00:06, 19.83it/s, curv=0.0000, flow=2.0721, kin=0.0000, loss=2.0721, ot=0.00
00, t=0.499, tswd=0.0000]
Epoch 5/5:  57%|█████▋    | 178/312 [00:08<00:06, 19.83it/s, curv=0.0000, flow=2.0744, kin=0.0000, loss=2.0744, ot=0.00
00, t=0.497, tswd=0.0000]
Epoch 5/5:  58%|█████▊    | 180/312 [00:08<00:06, 19.75it/s, curv=0.0000, flow=2.0744, kin=0.0000, loss=2.0744, ot=0.00
00, t=0.497, tswd=0.0000]
Epoch 5/5:  59%|█████▊    | 183/312 [00:09<00:06, 19.98it/s, curv=0.0000, flow=2.0744, kin=0.0000, loss=2.0744, ot=0.00
00, t=0.497, tswd=0.0000]
Epoch 5/5:  60%|█████▉    | 186/312 [00:09<00:06, 20.09it/s, curv=0.0000, flow=2.0744, kin=0.0000, loss=2.0744, ot=0.00
00, t=0.497, tswd=0.0000]
Epoch 5/5:  61%|██████    | 189/312 [00:09<00:06, 20.08it/s, curv=0.0000, flow=2.0744, kin=0.0000, loss=2.0744, ot=0.00
00, t=0.497, tswd=0.0000]
Epoch 5/5:  62%|██████▏   | 192/312 [00:09<00:05, 20.41it/s, curv=0.0000, flow=2.0744, kin=0.0000, loss=2.0744, ot=0.00
00, t=0.497, tswd=0.0000]
Epoch 5/5:  62%|██████▎   | 195/312 [00:09<00:05, 20.67it/s, curv=0.0000, flow=2.0744, kin=0.0000, loss=2.0744, ot=0.00
00, t=0.497, tswd=0.0000]
Epoch 5/5:  63%|██████▎   | 198/312 [00:09<00:05, 20.47it/s, curv=0.0000, flow=2.0744, kin=0.0000, loss=2.0744, ot=0.00
00, t=0.497, tswd=0.0000]
Epoch 5/5:  63%|██████▎   | 198/312 [00:09<00:05, 20.47it/s, curv=0.0000, flow=2.0716, kin=0.0000, loss=2.0716, ot=0.00
00, t=0.497, tswd=0.0000]
Epoch 5/5:  64%|██████▍   | 201/312 [00:09<00:05, 20.08it/s, curv=0.0000, flow=2.0716, kin=0.0000, loss=2.0716, ot=0.00
00, t=0.497, tswd=0.0000]
Epoch 5/5:  65%|██████▌   | 204/312 [00:10<00:05, 20.24it/s, curv=0.0000, flow=2.0716, kin=0.0000, loss=2.0716, ot=0.00
00, t=0.497, tswd=0.0000]
Epoch 5/5:  66%|██████▋   | 207/312 [00:10<00:05, 20.18it/s, curv=0.0000, flow=2.0716, kin=0.0000, loss=2.0716, ot=0.00
00, t=0.497, tswd=0.0000]
Epoch 5/5:  67%|██████▋   | 210/312 [00:10<00:05, 20.16it/s, curv=0.0000, flow=2.0716, kin=0.0000, loss=2.0716, ot=0.00
00, t=0.497, tswd=0.0000]
Epoch 5/5:  68%|██████▊   | 213/312 [00:10<00:04, 20.01it/s, curv=0.0000, flow=2.0716, kin=0.0000, loss=2.0716, ot=0.00
00, t=0.497, tswd=0.0000]
Epoch 5/5:  69%|██████▉   | 216/312 [00:10<00:04, 19.92it/s, curv=0.0000, flow=2.0716, kin=0.0000, loss=2.0716, ot=0.00
00, t=0.497, tswd=0.0000]
Epoch 5/5:  70%|███████   | 219/312 [00:10<00:04, 20.00it/s, curv=0.0000, flow=2.0716, kin=0.0000, loss=2.0716, ot=0.00
00, t=0.497, tswd=0.0000]
Epoch 5/5:  70%|███████   | 219/312 [00:10<00:04, 20.00it/s, curv=0.0000, flow=2.0720, kin=0.0000, loss=2.0720, ot=0.00
00, t=0.498, tswd=0.0000]
Epoch 5/5:  71%|███████   | 222/312 [00:10<00:04, 19.78it/s, curv=0.0000, flow=2.0720, kin=0.0000, loss=2.0720, ot=0.00
00, t=0.498, tswd=0.0000]
Epoch 5/5:  72%|███████▏  | 224/312 [00:11<00:04, 19.77it/s, curv=0.0000, flow=2.0720, kin=0.0000, loss=2.0720, ot=0.00
00, t=0.498, tswd=0.0000]
Epoch 5/5:  73%|███████▎  | 227/312 [00:11<00:04, 20.24it/s, curv=0.0000, flow=2.0720, kin=0.0000, loss=2.0720, ot=0.00
00, t=0.498, tswd=0.0000]
Epoch 5/5:  74%|███████▎  | 230/312 [00:11<00:03, 20.70it/s, curv=0.0000, flow=2.0720, kin=0.0000, loss=2.0720, ot=0.00
00, t=0.498, tswd=0.0000]
Epoch 5/5:  75%|███████▍  | 233/312 [00:11<00:03, 20.82it/s, curv=0.0000, flow=2.0720, kin=0.0000, loss=2.0720, ot=0.00
00, t=0.498, tswd=0.0000]
Epoch 5/5:  76%|███████▌  | 236/312 [00:11<00:03, 21.00it/s, curv=0.0000, flow=2.0720, kin=0.0000, loss=2.0720, ot=0.00
00, t=0.498, tswd=0.0000]
Epoch 5/5:  77%|███████▋  | 239/312 [00:11<00:03, 20.73it/s, curv=0.0000, flow=2.0720, kin=0.0000, loss=2.0720, ot=0.00
00, t=0.498, tswd=0.0000]
Epoch 5/5:  77%|███████▋  | 239/312 [00:11<00:03, 20.73it/s, curv=0.0000, flow=2.0718, kin=0.0000, loss=2.0718, ot=0.00
00, t=0.499, tswd=0.0000]
Epoch 5/5:  78%|███████▊  | 242/312 [00:11<00:03, 20.94it/s, curv=0.0000, flow=2.0718, kin=0.0000, loss=2.0718, ot=0.00
00, t=0.499, tswd=0.0000]
Epoch 5/5:  79%|███████▊  | 245/312 [00:12<00:03, 20.98it/s, curv=0.0000, flow=2.0718, kin=0.0000, loss=2.0718, ot=0.00
00, t=0.499, tswd=0.0000]
Epoch 5/5:  79%|███████▉  | 248/312 [00:12<00:03, 20.62it/s, curv=0.0000, flow=2.0718, kin=0.0000, loss=2.0718, ot=0.00
00, t=0.499, tswd=0.0000]
Epoch 5/5:  80%|████████  | 251/312 [00:12<00:03, 20.33it/s, curv=0.0000, flow=2.0718, kin=0.0000, loss=2.0718, ot=0.00
00, t=0.499, tswd=0.0000]
Epoch 5/5:  81%|████████▏ | 254/312 [00:12<00:02, 20.22it/s, curv=0.0000, flow=2.0718, kin=0.0000, loss=2.0718, ot=0.00
00, t=0.499, tswd=0.0000]
Epoch 5/5:  82%|████████▏ | 257/312 [00:12<00:02, 20.07it/s, curv=0.0000, flow=2.0718, kin=0.0000, loss=2.0718, ot=0.00
00, t=0.499, tswd=0.0000]
Epoch 5/5:  82%|████████▏ | 257/312 [00:12<00:02, 20.07it/s, curv=0.0000, flow=2.0696, kin=0.0000, loss=2.0696, ot=0.00
00, t=0.499, tswd=0.0000]
Epoch 5/5:  83%|████████▎ | 260/312 [00:12<00:02, 20.06it/s, curv=0.0000, flow=2.0696, kin=0.0000, loss=2.0696, ot=0.00
00, t=0.499, tswd=0.0000]
Epoch 5/5:  84%|████████▍ | 263/312 [00:12<00:02, 20.09it/s, curv=0.0000, flow=2.0696, kin=0.0000, loss=2.0696, ot=0.00
00, t=0.499, tswd=0.0000]
Epoch 5/5:  85%|████████▌ | 266/312 [00:13<00:02, 19.53it/s, curv=0.0000, flow=2.0696, kin=0.0000, loss=2.0696, ot=0.00
00, t=0.499, tswd=0.0000]
Epoch 5/5:  86%|████████▌ | 269/312 [00:13<00:02, 19.89it/s, curv=0.0000, flow=2.0696, kin=0.0000, loss=2.0696, ot=0.00
00, t=0.499, tswd=0.0000]
Epoch 5/5:  87%|████████▋ | 272/312 [00:13<00:01, 20.27it/s, curv=0.0000, flow=2.0696, kin=0.0000, loss=2.0696, ot=0.00
00, t=0.499, tswd=0.0000]
Epoch 5/5:  88%|████████▊ | 275/312 [00:13<00:01, 20.45it/s, curv=0.0000, flow=2.0696, kin=0.0000, loss=2.0696, ot=0.00
00, t=0.499, tswd=0.0000]
Epoch 5/5:  89%|████████▉ | 278/312 [00:13<00:01, 20.72it/s, curv=0.0000, flow=2.0696, kin=0.0000, loss=2.0696, ot=0.00
00, t=0.499, tswd=0.0000]
Epoch 5/5:  89%|████████▉ | 278/312 [00:13<00:01, 20.72it/s, curv=0.0000, flow=2.0716, kin=0.0000, loss=2.0716, ot=0.00
00, t=0.500, tswd=0.0000]
Epoch 5/5:  90%|█████████ | 281/312 [00:13<00:01, 20.55it/s, curv=0.0000, flow=2.0716, kin=0.0000, loss=2.0716, ot=0.00
00, t=0.500, tswd=0.0000]
Epoch 5/5:  91%|█████████ | 284/312 [00:13<00:01, 20.46it/s, curv=0.0000, flow=2.0716, kin=0.0000, loss=2.0716, ot=0.00
00, t=0.500, tswd=0.0000]
Epoch 5/5:  92%|█████████▏| 287/312 [00:14<00:01, 20.21it/s, curv=0.0000, flow=2.0716, kin=0.0000, loss=2.0716, ot=0.00
00, t=0.500, tswd=0.0000]
Epoch 5/5:  93%|█████████▎| 290/312 [00:14<00:01, 20.19it/s, curv=0.0000, flow=2.0716, kin=0.0000, loss=2.0716, ot=0.00
00, t=0.500, tswd=0.0000]
Epoch 5/5:  94%|█████████▍| 293/312 [00:14<00:00, 20.09it/s, curv=0.0000, flow=2.0716, kin=0.0000, loss=2.0716, ot=0.00
00, t=0.500, tswd=0.0000]
Epoch 5/5:  95%|█████████▍| 296/312 [00:14<00:00, 20.19it/s, curv=0.0000, flow=2.0716, kin=0.0000, loss=2.0716, ot=0.00
00, t=0.500, tswd=0.0000]
Epoch 5/5:  96%|█████████▌| 299/312 [00:14<00:00, 20.06it/s, curv=0.0000, flow=2.0716, kin=0.0000, loss=2.0716, ot=0.00
00, t=0.500, tswd=0.0000]
Epoch 5/5:  96%|█████████▌| 299/312 [00:14<00:00, 20.06it/s, curv=0.0000, flow=2.0729, kin=0.0000, loss=2.0729, ot=0.00
00, t=0.501, tswd=0.0000]
Epoch 5/5:  97%|█████████▋| 302/312 [00:14<00:00, 20.01it/s, curv=0.0000, flow=2.0729, kin=0.0000, loss=2.0729, ot=0.00
00, t=0.501, tswd=0.0000]
Epoch 5/5:  98%|█████████▊| 305/312 [00:15<00:00, 20.14it/s, curv=0.0000, flow=2.0729, kin=0.0000, loss=2.0729, ot=0.00
00, t=0.501, tswd=0.0000]
Epoch 5/5:  99%|█████████▊| 308/312 [00:15<00:00, 20.22it/s, curv=0.0000, flow=2.0729, kin=0.0000, loss=2.0729, ot=0.00
00, t=0.501, tswd=0.0000]
Epoch 5/5: 100%|█████████▉| 311/312 [00:15<00:00, 20.38it/s, curv=0.0000, flow=2.0729, kin=0.0000, loss=2.0729, ot=0.00
00, t=0.501, tswd=0.0000]
Epoch 5/5: 100%|█████████▉| 311/312 [00:15<00:00, 20.38it/s, curv=0.0000, flow=2.0758, kin=0.0000, loss=2.0758, ot=0.00
00, t=0.501, tswd=0.0000]
Epoch 5/5: 100%|██████████| 312/312 [00:15<00:00, 20.29it/s, curv=0.0000, flow=2.0758, kin=0.0000, loss=2.0758, ot=0.00
00, t=0.501, tswd=0.0000]
2026-07-01 10:29:13,429 - INFO - Epoch 5/5 | loss=2.0758 flow=2.0758 kin=0.0000 ot=0.0000 tswd=0.0000 gini=0.000 hub=0.
000 otd=0.0000 fiber=0.000 leak=0.0000 tgtshift=0.0000 cla=0.0000 cea=0.0000 sem_attn=0.000 sem_k=0.000 topo_ent=0.000 
topo_on=0 plan_ent=0.000 bary_ent=0.000 tok_ent=0.000 tok_eff=0.0 tok_max=0.000 tok_svd=0.000 tok_cos=0.000 app_s=0.000
 app_d=0.000 sigma=0.000 bex=0 idr=0.00 t=0.501 |v|=0.000 lr=2.81e-05 data=0.4s comp=10.0s epoch=15.4s sps=324.68 bstep
=0.049s gpu=76.3/85.0% vram=3.58/3.61GB power=68.2/70.6W peak=0.59/0.66GB
2026-07-01 10:29:13,462 - INFO - Saved checkpoint: G:\GitHub\Latent_Style\SchrodingerBridge\exp\630_phase4i5b_sota_heun
_cosine_5ep\epoch_0005.pt
2026-07-01 10:29:13,462 - INFO - Offloading training state to CPU before remote full eval.
2026-07-01 10:29:13,558 - INFO - Running full eval for G:\GitHub\Latent_Style\SchrodingerBridge\exp\630_phase4i5b_sota_
heun_cosine_5ep\epoch_0005.pt -> G:\GitHub\Latent_Style\SchrodingerBridge\exp\630_phase4i5b_sota_heun_cosine_5ep\full_e
val\epoch_0005
HF cache dir: G:\GitHub\Latent_Style\SchrodingerBridge\exp\eval_cache\hf
HF hub cache dir: G:\GitHub\Latent_Style\SchrodingerBridge\exp\eval_cache\hf\hub

Phase 1: Generation (Batch Size 2)
  Fast metric path: keep decoded generated tensors on GPU (no PNG/sidecar host roundtrip).
  Diffusers VAE loaded: required by eval settings
  Source latent cache loaded: G:\GitHub\Latent_Style\SchrodingerBridge\exp\eval_cache\source_latents_b6033454d77f.pt
  Generating Batch 1/75
  Generating Batch 2/75
  Generating Batch 3/75
  Generating Batch 4/75
  Generating Batch 5/75
  Generating Batch 6/75
  Generating Batch 7/75
  Generating Batch 8/75
  Generating Batch 9/75
  Generating Batch 10/75
  Generating Batch 11/75
  Generating Batch 12/75
  Generating Batch 13/75
  Generating Batch 14/75
  Generating Batch 15/75
  Generating Batch 16/75
  Generating Batch 17/75
  Generating Batch 18/75
  Generating Batch 19/75
  Generating Batch 20/75
  Generating Batch 21/75
  Generating Batch 22/75
  Generating Batch 23/75
  Generating Batch 24/75
  Generating Batch 25/75
  Generating Batch 26/75
  Generating Batch 27/75
  Generating Batch 28/75
  Generating Batch 29/75
  Generating Batch 30/75
  Generating Batch 31/75
  Generating Batch 32/75
  Generating Batch 33/75
  Generating Batch 34/75
  Generating Batch 35/75
  Generating Batch 36/75
  Generating Batch 37/75
  Generating Batch 38/75
  Generating Batch 39/75
  Generating Batch 40/75
  Generating Batch 41/75
  Generating Batch 42/75
  Generating Batch 43/75
  Generating Batch 44/75
  Generating Batch 45/75
  Generating Batch 46/75
  Generating Batch 47/75
  Generating Batch 48/75
  Generating Batch 49/75
  Generating Batch 50/75
  Generating Batch 51/75
  Generating Batch 52/75
  Generating Batch 53/75
  Generating Batch 54/75
  Generating Batch 55/75
  Generating Batch 56/75
  Generating Batch 57/75
  Generating Batch 58/75
  Generating Batch 59/75
  Generating Batch 60/75
  Generating Batch 61/75
  Generating Batch 62/75
  Generating Batch 63/75
  Generating Batch 64/75
  Generating Batch 65/75
  Generating Batch 66/75
  Generating Batch 67/75
  Generating Batch 68/75
  Generating Batch 69/75
  Generating Batch 70/75
  Generating Batch 71/75
  Generating Batch 72/75
  Generating Batch 73/75
  Generating Batch 74/75
  Generating Batch 75/75
  Generation models unloaded

妫ｅ啯鐣?Phase 2: Evaluation
  LPIPS Loaded (alex)

Loading weights:   0%|          | 0/398 [00:00<?, ?it/s]
Loading weights: 100%|██████████| 398/398 [00:00<00:00, 46750.86it/s]
  CLIP Loaded (HF) from: G:\GitHub\Latent_Style\eval_cache\manual_clip\openai-clip-vit-base-patch32 (processor=loaded)
Found global reference cache: G:\GitHub\Latent_Style\SchrodingerBridge\exp\eval_cache\ref_feats_e2b030fd2b_m16.pt
  Reference cache loaded successfully
  Processing 750 generated images...
Found global source cache: G:\GitHub\Latent_Style\SchrodingerBridge\exp\eval_cache\src_feats_e2b030fd2b_img256_clip0.pt
  Source cache loaded successfully
  Fast metric path: source image device cache enabled.

妫ｅ啯鎯?Generating Summary...
Summary saved: G:\GitHub\Latent_Style\SchrodingerBridge\exp\630_phase4i5b_sota_heun_cosine_5ep\full_eval\epoch_0005\summary.json
2026-07-01 10:30:58,881 - INFO - Full eval completed for epoch_0005.pt in 105.3s
2026-07-01 10:30:58,884 - INFO - Refreshing eval curve for G:\GitHub\Latent_Style\SchrodingerBridge\exp\630_phase4i5b_s
ota_heun_cosine_5ep
G:\GitHub\Latent_Style\SchrodingerBridge\exp\630_phase4i5b_sota_heun_cosine_5ep\full_eval\clip_lpips_curve.csv
G:\GitHub\Latent_Style\SchrodingerBridge\exp\630_phase4i5b_sota_heun_cosine_5ep\full_eval\curve_summary.json
2026-07-01 10:30:58,953 - INFO - Refreshing eval convergence for G:\GitHub\Latent_Style\SchrodingerBridge\exp\630_phase
4i5b_sota_heun_cosine_5ep
G:\GitHub\Latent_Style\SchrodingerBridge\exp\630_phase4i5b_sota_heun_cosine_5ep\full_eval\round2_convergence.json
2026-07-01 10:30:59,028 - INFO - Restoring training state to CUDA after remote full eval.
2026-07-01 10:30:59,133 - INFO - Training completed.
