python : 2026-07-01 10:48:05,454 - INFO - Device: cuda
At line:15 char:3668
+ ... ngerBridge; python run.py --config configs/630_phase4i7b_cosine_heun_ ...
+                 ~~~~~~~~~~~~~~~~~~~~~~~~~~~~~~~~~~~~~~~~~~~~~~~~~~~~~~~~~
    + CategoryInfo          : NotSpecified: (2026-07-01 10:4... - Device: cuda:String) [], RemoteException
    + FullyQualifiedErrorId : NativeCommandError
 
2026-07-01 10:48:05,454 - INFO - Seed: 42
2026-07-01 10:48:05,463 - INFO - Loaded latent manifest cache: G:\GitHub\Latent_Style\Dataset\distinct5_512_latents_ema
\train\.latent_cache\packed\manifest.json
2026-07-01 10:48:05,463 - INFO - Loading latent dataset from G:\GitHub\Latent_Style\Dataset\distinct5_512_latents_ema\t
rain
2026-07-01 10:48:05,484 - INFO - Loaded packed latent cache: G:\GitHub\Latent_Style\Dataset\distinct5_512_latents_ema\t
rain\.latent_cache\packed\packed\00_Early_Renaissance.pt
2026-07-01 10:48:05,503 - INFO -   style=Early_Renaissance id=0 count=1000
2026-07-01 10:48:05,522 - INFO - Loaded packed latent cache: G:\GitHub\Latent_Style\Dataset\distinct5_512_latents_ema\t
rain\.latent_cache\packed\packed\01_Impressionism.pt
2026-07-01 10:48:05,538 - INFO -   style=Impressionism id=1 count=1000
2026-07-01 10:48:05,560 - INFO - Loaded packed latent cache: G:\GitHub\Latent_Style\Dataset\distinct5_512_latents_ema\t
rain\.latent_cache\packed\packed\02_Minimalism.pt
2026-07-01 10:48:05,579 - INFO -   style=Minimalism id=2 count=1000
2026-07-01 10:48:05,597 - INFO - Loaded packed latent cache: G:\GitHub\Latent_Style\Dataset\distinct5_512_latents_ema\t
rain\.latent_cache\packed\packed\03_Rococo.pt
2026-07-01 10:48:05,615 - INFO -   style=Rococo id=3 count=1000
2026-07-01 10:48:05,634 - INFO - Loaded packed latent cache: G:\GitHub\Latent_Style\Dataset\distinct5_512_latents_ema\t
rain\.latent_cache\packed\packed\04_Ukiyo_e.pt
2026-07-01 10:48:05,653 - INFO -   style=Ukiyo_e id=4 count=1000
2026-07-01 10:48:05,653 - WARNING - pairing cache not found: G:\GitHub\Latent_Style\Dataset\distinct5_512_latents_ema\t
rain\.latent_cache\prototype_pairing_top8.pt
2026-07-01 10:48:05,662 - INFO - DataLoader | batch=16 workers=0 shuffle=False pin_memory=False persistent_workers=Fals
e preload_to_gpu=False balanced_target=True pairing_cache=False pairing_mode=rank_stratified rank_schedule=fixed active
_topk=8 min_topk=1 curriculum_epochs=0 rank_power=1.000 topk=8 explore=0.000/0 dual_mix=0.000/0 aux_topk=0
2026-07-01 10:48:05,798 - INFO - Model params: 903,248
2026-07-01 10:48:06,992 - INFO - No checkpoint found, start from scratch.
2026-07-01 10:48:07,001 - INFO - Epoch 1 weight schedule: stage=0 w_content=0.0000 w_style=0.0000 w_style_strength_reg=
0.0000 sigma=0.0000

Epoch 1/5:   0%|          | 0/312 [00:00<?, ?it/s]
Epoch 1/5:   0%|          | 0/312 [00:05<?, ?it/s, curv=0.0000, flow=2.2991, kin=0.0000, loss=2.2991, ot=0.0000, t=0.38
4, tswd=0.0000]
Epoch 1/5:   0%|          | 1/312 [00:05<26:05,  5.03s/it, curv=0.0000, flow=2.2991, kin=0.0000, loss=2.2991, ot=0.0000
, t=0.384, tswd=0.0000]
Epoch 1/5:   1%|          | 3/312 [00:05<07:02,  1.37s/it, curv=0.0000, flow=2.2991, kin=0.0000, loss=2.2991, ot=0.0000
, t=0.384, tswd=0.0000]
Epoch 1/5:   2%|▏         | 5/312 [00:05<03:33,  1.43it/s, curv=0.0000, flow=2.2991, kin=0.0000, loss=2.2991, ot=0.0000
, t=0.384, tswd=0.0000]
Epoch 1/5:   2%|▏         | 7/312 [00:05<02:10,  2.33it/s, curv=0.0000, flow=2.2991, kin=0.0000, loss=2.2991, ot=0.0000
, t=0.384, tswd=0.0000]
Epoch 1/5:   3%|▎         | 9/312 [00:05<01:28,  3.43it/s, curv=0.0000, flow=2.2991, kin=0.0000, loss=2.2991, ot=0.0000
, t=0.384, tswd=0.0000]
Epoch 1/5:   4%|▎         | 11/312 [00:05<01:03,  4.74it/s, curv=0.0000, flow=2.2991, kin=0.0000, loss=2.2991, ot=0.000
0, t=0.384, tswd=0.0000]
Epoch 1/5:   4%|▍         | 13/312 [00:05<00:48,  6.14it/s, curv=0.0000, flow=2.2991, kin=0.0000, loss=2.2991, ot=0.000
0, t=0.384, tswd=0.0000]
Epoch 1/5:   5%|▍         | 15/312 [00:05<00:38,  7.67it/s, curv=0.0000, flow=2.2991, kin=0.0000, loss=2.2991, ot=0.000
0, t=0.384, tswd=0.0000]
Epoch 1/5:   5%|▌         | 17/312 [00:06<00:31,  9.35it/s, curv=0.0000, flow=2.2991, kin=0.0000, loss=2.2991, ot=0.000
0, t=0.384, tswd=0.0000]
Epoch 1/5:   6%|▌         | 19/312 [00:06<00:27, 10.80it/s, curv=0.0000, flow=2.2991, kin=0.0000, loss=2.2991, ot=0.000
0, t=0.384, tswd=0.0000]
Epoch 1/5:   6%|▌         | 19/312 [00:06<00:27, 10.80it/s, curv=0.0000, flow=2.5421, kin=0.0000, loss=2.5421, ot=0.000
0, t=0.512, tswd=0.0000]
Epoch 1/5:   7%|▋         | 21/312 [00:06<00:23, 12.14it/s, curv=0.0000, flow=2.5421, kin=0.0000, loss=2.5421, ot=0.000
0, t=0.512, tswd=0.0000]
Epoch 1/5:   7%|▋         | 23/312 [00:06<00:21, 13.27it/s, curv=0.0000, flow=2.5421, kin=0.0000, loss=2.5421, ot=0.000
0, t=0.512, tswd=0.0000]
Epoch 1/5:   8%|▊         | 25/312 [00:06<00:20, 14.22it/s, curv=0.0000, flow=2.5421, kin=0.0000, loss=2.5421, ot=0.000
0, t=0.512, tswd=0.0000]
Epoch 1/5:   9%|▊         | 27/312 [00:06<00:18, 15.14it/s, curv=0.0000, flow=2.5421, kin=0.0000, loss=2.5421, ot=0.000
0, t=0.512, tswd=0.0000]
Epoch 1/5:   9%|▉         | 29/312 [00:06<00:18, 15.52it/s, curv=0.0000, flow=2.5421, kin=0.0000, loss=2.5421, ot=0.000
0, t=0.512, tswd=0.0000]
Epoch 1/5:  10%|▉         | 31/312 [00:06<00:17, 15.83it/s, curv=0.0000, flow=2.5421, kin=0.0000, loss=2.5421, ot=0.000
0, t=0.512, tswd=0.0000]
Epoch 1/5:  11%|█         | 33/312 [00:07<00:17, 15.79it/s, curv=0.0000, flow=2.5421, kin=0.0000, loss=2.5421, ot=0.000
0, t=0.512, tswd=0.0000]
Epoch 1/5:  11%|█         | 35/312 [00:07<00:17, 15.90it/s, curv=0.0000, flow=2.5421, kin=0.0000, loss=2.5421, ot=0.000
0, t=0.512, tswd=0.0000]
Epoch 1/5:  12%|█▏        | 37/312 [00:07<00:16, 16.19it/s, curv=0.0000, flow=2.5421, kin=0.0000, loss=2.5421, ot=0.000
0, t=0.512, tswd=0.0000]
Epoch 1/5:  12%|█▎        | 39/312 [00:07<00:17, 16.04it/s, curv=0.0000, flow=2.5421, kin=0.0000, loss=2.5421, ot=0.000
0, t=0.512, tswd=0.0000]
Epoch 1/5:  12%|█▎        | 39/312 [00:07<00:17, 16.04it/s, curv=0.0000, flow=2.5623, kin=0.0000, loss=2.5623, ot=0.000
0, t=0.496, tswd=0.0000]
Epoch 1/5:  13%|█▎        | 41/312 [00:07<00:17, 15.78it/s, curv=0.0000, flow=2.5623, kin=0.0000, loss=2.5623, ot=0.000
0, t=0.496, tswd=0.0000]
Epoch 1/5:  14%|█▍        | 43/312 [00:07<00:17, 15.77it/s, curv=0.0000, flow=2.5623, kin=0.0000, loss=2.5623, ot=0.000
0, t=0.496, tswd=0.0000]
Epoch 1/5:  14%|█▍        | 45/312 [00:07<00:16, 15.77it/s, curv=0.0000, flow=2.5623, kin=0.0000, loss=2.5623, ot=0.000
0, t=0.496, tswd=0.0000]
Epoch 1/5:  15%|█▌        | 47/312 [00:07<00:16, 15.79it/s, curv=0.0000, flow=2.5623, kin=0.0000, loss=2.5623, ot=0.000
0, t=0.496, tswd=0.0000]
Epoch 1/5:  16%|█▌        | 49/312 [00:08<00:16, 16.07it/s, curv=0.0000, flow=2.5623, kin=0.0000, loss=2.5623, ot=0.000
0, t=0.496, tswd=0.0000]
Epoch 1/5:  16%|█▋        | 51/312 [00:08<00:15, 16.54it/s, curv=0.0000, flow=2.5623, kin=0.0000, loss=2.5623, ot=0.000
0, t=0.496, tswd=0.0000]
Epoch 1/5:  17%|█▋        | 53/312 [00:08<00:15, 16.94it/s, curv=0.0000, flow=2.5623, kin=0.0000, loss=2.5623, ot=0.000
0, t=0.496, tswd=0.0000]
Epoch 1/5:  18%|█▊        | 55/312 [00:08<00:15, 17.02it/s, curv=0.0000, flow=2.5623, kin=0.0000, loss=2.5623, ot=0.000
0, t=0.496, tswd=0.0000]
Epoch 1/5:  18%|█▊        | 57/312 [00:08<00:14, 17.18it/s, curv=0.0000, flow=2.5623, kin=0.0000, loss=2.5623, ot=0.000
0, t=0.496, tswd=0.0000]
Epoch 1/5:  19%|█▉        | 59/312 [00:08<00:14, 17.02it/s, curv=0.0000, flow=2.5623, kin=0.0000, loss=2.5623, ot=0.000
0, t=0.496, tswd=0.0000]
Epoch 1/5:  19%|█▉        | 59/312 [00:08<00:14, 17.02it/s, curv=0.0000, flow=2.5488, kin=0.0000, loss=2.5488, ot=0.000
0, t=0.490, tswd=0.0000]
Epoch 1/5:  20%|█▉        | 61/312 [00:08<00:14, 16.76it/s, curv=0.0000, flow=2.5488, kin=0.0000, loss=2.5488, ot=0.000
0, t=0.490, tswd=0.0000]
Epoch 1/5:  20%|██        | 63/312 [00:08<00:15, 16.47it/s, curv=0.0000, flow=2.5488, kin=0.0000, loss=2.5488, ot=0.000
0, t=0.490, tswd=0.0000]
Epoch 1/5:  21%|██        | 65/312 [00:08<00:15, 16.36it/s, curv=0.0000, flow=2.5488, kin=0.0000, loss=2.5488, ot=0.000
0, t=0.490, tswd=0.0000]
Epoch 1/5:  21%|██▏       | 67/312 [00:09<00:14, 16.45it/s, curv=0.0000, flow=2.5488, kin=0.0000, loss=2.5488, ot=0.000
0, t=0.490, tswd=0.0000]
Epoch 1/5:  22%|██▏       | 69/312 [00:09<00:14, 16.49it/s, curv=0.0000, flow=2.5488, kin=0.0000, loss=2.5488, ot=0.000
0, t=0.490, tswd=0.0000]
Epoch 1/5:  23%|██▎       | 71/312 [00:09<00:14, 16.43it/s, curv=0.0000, flow=2.5488, kin=0.0000, loss=2.5488, ot=0.000
0, t=0.490, tswd=0.0000]
Epoch 1/5:  23%|██▎       | 73/312 [00:09<00:14, 16.42it/s, curv=0.0000, flow=2.5488, kin=0.0000, loss=2.5488, ot=0.000
0, t=0.490, tswd=0.0000]
Epoch 1/5:  24%|██▍       | 75/312 [00:09<00:14, 16.16it/s, curv=0.0000, flow=2.5488, kin=0.0000, loss=2.5488, ot=0.000
0, t=0.490, tswd=0.0000]
Epoch 1/5:  25%|██▍       | 77/312 [00:09<00:14, 16.20it/s, curv=0.0000, flow=2.5488, kin=0.0000, loss=2.5488, ot=0.000
0, t=0.490, tswd=0.0000]
Epoch 1/5:  25%|██▌       | 79/312 [00:09<00:14, 15.82it/s, curv=0.0000, flow=2.5488, kin=0.0000, loss=2.5488, ot=0.000
0, t=0.490, tswd=0.0000]
Epoch 1/5:  25%|██▌       | 79/312 [00:09<00:14, 15.82it/s, curv=0.0000, flow=2.5429, kin=0.0000, loss=2.5429, ot=0.000
0, t=0.497, tswd=0.0000]
Epoch 1/5:  26%|██▌       | 81/312 [00:09<00:14, 15.71it/s, curv=0.0000, flow=2.5429, kin=0.0000, loss=2.5429, ot=0.000
0, t=0.497, tswd=0.0000]
Epoch 1/5:  27%|██▋       | 83/312 [00:10<00:14, 15.95it/s, curv=0.0000, flow=2.5429, kin=0.0000, loss=2.5429, ot=0.000
0, t=0.497, tswd=0.0000]
Epoch 1/5:  27%|██▋       | 85/312 [00:10<00:13, 16.44it/s, curv=0.0000, flow=2.5429, kin=0.0000, loss=2.5429, ot=0.000
0, t=0.497, tswd=0.0000]
Epoch 1/5:  28%|██▊       | 87/312 [00:10<00:13, 16.40it/s, curv=0.0000, flow=2.5429, kin=0.0000, loss=2.5429, ot=0.000
0, t=0.497, tswd=0.0000]
Epoch 1/5:  29%|██▊       | 89/312 [00:10<00:13, 16.77it/s, curv=0.0000, flow=2.5429, kin=0.0000, loss=2.5429, ot=0.000
0, t=0.497, tswd=0.0000]
Epoch 1/5:  29%|██▉       | 91/312 [00:10<00:13, 16.94it/s, curv=0.0000, flow=2.5429, kin=0.0000, loss=2.5429, ot=0.000
0, t=0.497, tswd=0.0000]
Epoch 1/5:  30%|██▉       | 93/312 [00:10<00:12, 17.12it/s, curv=0.0000, flow=2.5429, kin=0.0000, loss=2.5429, ot=0.000
0, t=0.497, tswd=0.0000]
Epoch 1/5:  30%|███       | 95/312 [00:10<00:12, 16.76it/s, curv=0.0000, flow=2.5429, kin=0.0000, loss=2.5429, ot=0.000
0, t=0.497, tswd=0.0000]
Epoch 1/5:  31%|███       | 97/312 [00:10<00:12, 16.69it/s, curv=0.0000, flow=2.5429, kin=0.0000, loss=2.5429, ot=0.000
0, t=0.497, tswd=0.0000]
Epoch 1/5:  32%|███▏      | 99/312 [00:11<00:12, 16.46it/s, curv=0.0000, flow=2.5429, kin=0.0000, loss=2.5429, ot=0.000
0, t=0.497, tswd=0.0000]
Epoch 1/5:  32%|███▏      | 99/312 [00:11<00:12, 16.46it/s, curv=0.0000, flow=2.5358, kin=0.0000, loss=2.5358, ot=0.000
0, t=0.491, tswd=0.0000]
Epoch 1/5:  32%|███▏      | 101/312 [00:11<00:13, 16.12it/s, curv=0.0000, flow=2.5358, kin=0.0000, loss=2.5358, ot=0.00
00, t=0.491, tswd=0.0000]
Epoch 1/5:  33%|███▎      | 103/312 [00:11<00:12, 16.20it/s, curv=0.0000, flow=2.5358, kin=0.0000, loss=2.5358, ot=0.00
00, t=0.491, tswd=0.0000]
Epoch 1/5:  34%|███▎      | 105/312 [00:11<00:12, 16.42it/s, curv=0.0000, flow=2.5358, kin=0.0000, loss=2.5358, ot=0.00
00, t=0.491, tswd=0.0000]
Epoch 1/5:  34%|███▍      | 107/312 [00:11<00:12, 15.98it/s, curv=0.0000, flow=2.5358, kin=0.0000, loss=2.5358, ot=0.00
00, t=0.491, tswd=0.0000]
Epoch 1/5:  35%|███▍      | 109/312 [00:11<00:12, 15.82it/s, curv=0.0000, flow=2.5358, kin=0.0000, loss=2.5358, ot=0.00
00, t=0.491, tswd=0.0000]
Epoch 1/5:  36%|███▌      | 111/312 [00:11<00:12, 15.93it/s, curv=0.0000, flow=2.5358, kin=0.0000, loss=2.5358, ot=0.00
00, t=0.491, tswd=0.0000]
Epoch 1/5:  36%|███▌      | 113/312 [00:11<00:12, 15.81it/s, curv=0.0000, flow=2.5358, kin=0.0000, loss=2.5358, ot=0.00
00, t=0.491, tswd=0.0000]
Epoch 1/5:  37%|███▋      | 115/312 [00:12<00:12, 15.89it/s, curv=0.0000, flow=2.5358, kin=0.0000, loss=2.5358, ot=0.00
00, t=0.491, tswd=0.0000]
Epoch 1/5:  38%|███▊      | 117/312 [00:12<00:12, 15.97it/s, curv=0.0000, flow=2.5358, kin=0.0000, loss=2.5358, ot=0.00
00, t=0.491, tswd=0.0000]
Epoch 1/5:  38%|███▊      | 119/312 [00:12<00:12, 16.03it/s, curv=0.0000, flow=2.5358, kin=0.0000, loss=2.5358, ot=0.00
00, t=0.491, tswd=0.0000]
Epoch 1/5:  38%|███▊      | 119/312 [00:12<00:12, 16.03it/s, curv=0.0000, flow=2.5270, kin=0.0000, loss=2.5270, ot=0.00
00, t=0.491, tswd=0.0000]
Epoch 1/5:  39%|███▉      | 121/312 [00:12<00:11, 16.33it/s, curv=0.0000, flow=2.5270, kin=0.0000, loss=2.5270, ot=0.00
00, t=0.491, tswd=0.0000]
Epoch 1/5:  39%|███▉      | 123/312 [00:12<00:11, 16.17it/s, curv=0.0000, flow=2.5270, kin=0.0000, loss=2.5270, ot=0.00
00, t=0.491, tswd=0.0000]
Epoch 1/5:  40%|████      | 125/312 [00:12<00:11, 16.38it/s, curv=0.0000, flow=2.5270, kin=0.0000, loss=2.5270, ot=0.00
00, t=0.491, tswd=0.0000]
Epoch 1/5:  41%|████      | 127/312 [00:12<00:11, 16.44it/s, curv=0.0000, flow=2.5270, kin=0.0000, loss=2.5270, ot=0.00
00, t=0.491, tswd=0.0000]
Epoch 1/5:  41%|████▏     | 129/312 [00:12<00:11, 16.35it/s, curv=0.0000, flow=2.5270, kin=0.0000, loss=2.5270, ot=0.00
00, t=0.491, tswd=0.0000]
Epoch 1/5:  42%|████▏     | 131/312 [00:13<00:11, 16.44it/s, curv=0.0000, flow=2.5270, kin=0.0000, loss=2.5270, ot=0.00
00, t=0.491, tswd=0.0000]
Epoch 1/5:  43%|████▎     | 133/312 [00:13<00:10, 16.42it/s, curv=0.0000, flow=2.5270, kin=0.0000, loss=2.5270, ot=0.00
00, t=0.491, tswd=0.0000]
Epoch 1/5:  43%|████▎     | 135/312 [00:13<00:10, 16.22it/s, curv=0.0000, flow=2.5270, kin=0.0000, loss=2.5270, ot=0.00
00, t=0.491, tswd=0.0000]
Epoch 1/5:  44%|████▍     | 137/312 [00:13<00:10, 16.38it/s, curv=0.0000, flow=2.5270, kin=0.0000, loss=2.5270, ot=0.00
00, t=0.491, tswd=0.0000]
Epoch 1/5:  45%|████▍     | 139/312 [00:13<00:10, 16.28it/s, curv=0.0000, flow=2.5270, kin=0.0000, loss=2.5270, ot=0.00
00, t=0.491, tswd=0.0000]
Epoch 1/5:  45%|████▍     | 139/312 [00:13<00:10, 16.28it/s, curv=0.0000, flow=2.5198, kin=0.0000, loss=2.5198, ot=0.00
00, t=0.494, tswd=0.0000]
Epoch 1/5:  45%|████▌     | 141/312 [00:13<00:10, 15.79it/s, curv=0.0000, flow=2.5198, kin=0.0000, loss=2.5198, ot=0.00
00, t=0.494, tswd=0.0000]
Epoch 1/5:  46%|████▌     | 143/312 [00:13<00:10, 15.75it/s, curv=0.0000, flow=2.5198, kin=0.0000, loss=2.5198, ot=0.00
00, t=0.494, tswd=0.0000]
Epoch 1/5:  46%|████▋     | 145/312 [00:13<00:10, 15.77it/s, curv=0.0000, flow=2.5198, kin=0.0000, loss=2.5198, ot=0.00
00, t=0.494, tswd=0.0000]
Epoch 1/5:  47%|████▋     | 147/312 [00:14<00:10, 16.19it/s, curv=0.0000, flow=2.5198, kin=0.0000, loss=2.5198, ot=0.00
00, t=0.494, tswd=0.0000]
Epoch 1/5:  48%|████▊     | 149/312 [00:14<00:09, 16.60it/s, curv=0.0000, flow=2.5198, kin=0.0000, loss=2.5198, ot=0.00
00, t=0.494, tswd=0.0000]
Epoch 1/5:  48%|████▊     | 151/312 [00:14<00:09, 16.93it/s, curv=0.0000, flow=2.5198, kin=0.0000, loss=2.5198, ot=0.00
00, t=0.494, tswd=0.0000]
Epoch 1/5:  49%|████▉     | 153/312 [00:14<00:09, 17.00it/s, curv=0.0000, flow=2.5198, kin=0.0000, loss=2.5198, ot=0.00
00, t=0.494, tswd=0.0000]
Epoch 1/5:  50%|████▉     | 155/312 [00:14<00:09, 17.19it/s, curv=0.0000, flow=2.5198, kin=0.0000, loss=2.5198, ot=0.00
00, t=0.494, tswd=0.0000]
Epoch 1/5:  50%|█████     | 157/312 [00:14<00:09, 17.11it/s, curv=0.0000, flow=2.5198, kin=0.0000, loss=2.5198, ot=0.00
00, t=0.494, tswd=0.0000]
Epoch 1/5:  51%|█████     | 159/312 [00:14<00:08, 17.20it/s, curv=0.0000, flow=2.5198, kin=0.0000, loss=2.5198, ot=0.00
00, t=0.494, tswd=0.0000]
Epoch 1/5:  51%|█████     | 159/312 [00:14<00:08, 17.20it/s, curv=0.0000, flow=2.5210, kin=0.0000, loss=2.5210, ot=0.00
00, t=0.494, tswd=0.0000]
Epoch 1/5:  52%|█████▏    | 161/312 [00:14<00:08, 16.93it/s, curv=0.0000, flow=2.5210, kin=0.0000, loss=2.5210, ot=0.00
00, t=0.494, tswd=0.0000]
Epoch 1/5:  52%|█████▏    | 163/312 [00:14<00:08, 17.18it/s, curv=0.0000, flow=2.5210, kin=0.0000, loss=2.5210, ot=0.00
00, t=0.494, tswd=0.0000]
Epoch 1/5:  53%|█████▎    | 165/312 [00:15<00:08, 17.03it/s, curv=0.0000, flow=2.5210, kin=0.0000, loss=2.5210, ot=0.00
00, t=0.494, tswd=0.0000]
Epoch 1/5:  54%|█████▎    | 167/312 [00:15<00:08, 16.79it/s, curv=0.0000, flow=2.5210, kin=0.0000, loss=2.5210, ot=0.00
00, t=0.494, tswd=0.0000]
Epoch 1/5:  54%|█████▍    | 169/312 [00:15<00:08, 16.62it/s, curv=0.0000, flow=2.5210, kin=0.0000, loss=2.5210, ot=0.00
00, t=0.494, tswd=0.0000]
Epoch 1/5:  55%|█████▍    | 171/312 [00:15<00:08, 16.29it/s, curv=0.0000, flow=2.5210, kin=0.0000, loss=2.5210, ot=0.00
00, t=0.494, tswd=0.0000]
Epoch 1/5:  55%|█████▌    | 173/312 [00:15<00:08, 16.21it/s, curv=0.0000, flow=2.5210, kin=0.0000, loss=2.5210, ot=0.00
00, t=0.494, tswd=0.0000]
Epoch 1/5:  56%|█████▌    | 175/312 [00:15<00:08, 16.38it/s, curv=0.0000, flow=2.5210, kin=0.0000, loss=2.5210, ot=0.00
00, t=0.494, tswd=0.0000]
Epoch 1/5:  57%|█████▋    | 177/312 [00:15<00:08, 16.23it/s, curv=0.0000, flow=2.5210, kin=0.0000, loss=2.5210, ot=0.00
00, t=0.494, tswd=0.0000]
Epoch 1/5:  57%|█████▋    | 179/312 [00:15<00:08, 16.24it/s, curv=0.0000, flow=2.5210, kin=0.0000, loss=2.5210, ot=0.00
00, t=0.494, tswd=0.0000]
Epoch 1/5:  57%|█████▋    | 179/312 [00:16<00:08, 16.24it/s, curv=0.0000, flow=2.5122, kin=0.0000, loss=2.5122, ot=0.00
00, t=0.496, tswd=0.0000]
Epoch 1/5:  58%|█████▊    | 181/312 [00:16<00:07, 16.52it/s, curv=0.0000, flow=2.5122, kin=0.0000, loss=2.5122, ot=0.00
00, t=0.496, tswd=0.0000]
Epoch 1/5:  59%|█████▊    | 183/312 [00:16<00:07, 16.34it/s, curv=0.0000, flow=2.5122, kin=0.0000, loss=2.5122, ot=0.00
00, t=0.496, tswd=0.0000]
Epoch 1/5:  59%|█████▉    | 185/312 [00:16<00:07, 16.64it/s, curv=0.0000, flow=2.5122, kin=0.0000, loss=2.5122, ot=0.00
00, t=0.496, tswd=0.0000]
Epoch 1/5:  60%|█████▉    | 187/312 [00:16<00:07, 16.96it/s, curv=0.0000, flow=2.5122, kin=0.0000, loss=2.5122, ot=0.00
00, t=0.496, tswd=0.0000]
Epoch 1/5:  61%|██████    | 189/312 [00:16<00:07, 17.19it/s, curv=0.0000, flow=2.5122, kin=0.0000, loss=2.5122, ot=0.00
00, t=0.496, tswd=0.0000]
Epoch 1/5:  61%|██████    | 191/312 [00:16<00:07, 17.04it/s, curv=0.0000, flow=2.5122, kin=0.0000, loss=2.5122, ot=0.00
00, t=0.496, tswd=0.0000]
Epoch 1/5:  62%|██████▏   | 193/312 [00:16<00:06, 17.05it/s, curv=0.0000, flow=2.5122, kin=0.0000, loss=2.5122, ot=0.00
00, t=0.496, tswd=0.0000]
Epoch 1/5:  62%|██████▎   | 195/312 [00:16<00:06, 17.01it/s, curv=0.0000, flow=2.5122, kin=0.0000, loss=2.5122, ot=0.00
00, t=0.496, tswd=0.0000]
Epoch 1/5:  63%|██████▎   | 197/312 [00:16<00:06, 17.13it/s, curv=0.0000, flow=2.5122, kin=0.0000, loss=2.5122, ot=0.00
00, t=0.496, tswd=0.0000]
Epoch 1/5:  64%|██████▍   | 199/312 [00:17<00:06, 16.70it/s, curv=0.0000, flow=2.5122, kin=0.0000, loss=2.5122, ot=0.00
00, t=0.496, tswd=0.0000]
Epoch 1/5:  64%|██████▍   | 199/312 [00:17<00:06, 16.70it/s, curv=0.0000, flow=2.5085, kin=0.0000, loss=2.5085, ot=0.00
00, t=0.497, tswd=0.0000]
Epoch 1/5:  64%|██████▍   | 201/312 [00:17<00:06, 16.43it/s, curv=0.0000, flow=2.5085, kin=0.0000, loss=2.5085, ot=0.00
00, t=0.497, tswd=0.0000]
Epoch 1/5:  65%|██████▌   | 203/312 [00:17<00:06, 16.50it/s, curv=0.0000, flow=2.5085, kin=0.0000, loss=2.5085, ot=0.00
00, t=0.497, tswd=0.0000]
Epoch 1/5:  66%|██████▌   | 205/312 [00:17<00:06, 16.45it/s, curv=0.0000, flow=2.5085, kin=0.0000, loss=2.5085, ot=0.00
00, t=0.497, tswd=0.0000]
Epoch 1/5:  66%|██████▋   | 207/312 [00:17<00:06, 16.22it/s, curv=0.0000, flow=2.5085, kin=0.0000, loss=2.5085, ot=0.00
00, t=0.497, tswd=0.0000]
Epoch 1/5:  67%|██████▋   | 209/312 [00:17<00:06, 16.43it/s, curv=0.0000, flow=2.5085, kin=0.0000, loss=2.5085, ot=0.00
00, t=0.497, tswd=0.0000]
Epoch 1/5:  68%|██████▊   | 211/312 [00:17<00:06, 16.00it/s, curv=0.0000, flow=2.5085, kin=0.0000, loss=2.5085, ot=0.00
00, t=0.497, tswd=0.0000]
Epoch 1/5:  68%|██████▊   | 213/312 [00:17<00:06, 16.02it/s, curv=0.0000, flow=2.5085, kin=0.0000, loss=2.5085, ot=0.00
00, t=0.497, tswd=0.0000]
Epoch 1/5:  69%|██████▉   | 215/312 [00:18<00:05, 16.57it/s, curv=0.0000, flow=2.5085, kin=0.0000, loss=2.5085, ot=0.00
00, t=0.497, tswd=0.0000]
Epoch 1/5:  70%|██████▉   | 217/312 [00:18<00:05, 16.88it/s, curv=0.0000, flow=2.5085, kin=0.0000, loss=2.5085, ot=0.00
00, t=0.497, tswd=0.0000]
Epoch 1/5:  70%|███████   | 219/312 [00:18<00:05, 17.18it/s, curv=0.0000, flow=2.5085, kin=0.0000, loss=2.5085, ot=0.00
00, t=0.497, tswd=0.0000]
Epoch 1/5:  70%|███████   | 219/312 [00:18<00:05, 17.18it/s, curv=0.0000, flow=2.5040, kin=0.0000, loss=2.5040, ot=0.00
00, t=0.495, tswd=0.0000]
Epoch 1/5:  71%|███████   | 221/312 [00:18<00:05, 17.42it/s, curv=0.0000, flow=2.5040, kin=0.0000, loss=2.5040, ot=0.00
00, t=0.495, tswd=0.0000]
Epoch 1/5:  71%|███████▏  | 223/312 [00:18<00:05, 17.74it/s, curv=0.0000, flow=2.5040, kin=0.0000, loss=2.5040, ot=0.00
00, t=0.495, tswd=0.0000]
Epoch 1/5:  72%|███████▏  | 225/312 [00:18<00:04, 17.74it/s, curv=0.0000, flow=2.5040, kin=0.0000, loss=2.5040, ot=0.00
00, t=0.495, tswd=0.0000]
Epoch 1/5:  73%|███████▎  | 227/312 [00:18<00:04, 17.29it/s, curv=0.0000, flow=2.5040, kin=0.0000, loss=2.5040, ot=0.00
00, t=0.495, tswd=0.0000]
Epoch 1/5:  73%|███████▎  | 229/312 [00:18<00:04, 17.26it/s, curv=0.0000, flow=2.5040, kin=0.0000, loss=2.5040, ot=0.00
00, t=0.495, tswd=0.0000]
Epoch 1/5:  74%|███████▍  | 231/312 [00:19<00:04, 17.13it/s, curv=0.0000, flow=2.5040, kin=0.0000, loss=2.5040, ot=0.00
00, t=0.495, tswd=0.0000]
Epoch 1/5:  75%|███████▍  | 233/312 [00:19<00:04, 16.93it/s, curv=0.0000, flow=2.5040, kin=0.0000, loss=2.5040, ot=0.00
00, t=0.495, tswd=0.0000]
Epoch 1/5:  75%|███████▌  | 235/312 [00:19<00:04, 16.59it/s, curv=0.0000, flow=2.5040, kin=0.0000, loss=2.5040, ot=0.00
00, t=0.495, tswd=0.0000]
Epoch 1/5:  76%|███████▌  | 237/312 [00:19<00:04, 16.49it/s, curv=0.0000, flow=2.5040, kin=0.0000, loss=2.5040, ot=0.00
00, t=0.495, tswd=0.0000]
Epoch 1/5:  77%|███████▋  | 239/312 [00:19<00:04, 16.59it/s, curv=0.0000, flow=2.5040, kin=0.0000, loss=2.5040, ot=0.00
00, t=0.495, tswd=0.0000]
Epoch 1/5:  77%|███████▋  | 239/312 [00:19<00:04, 16.59it/s, curv=0.0000, flow=2.4955, kin=0.0000, loss=2.4955, ot=0.00
00, t=0.495, tswd=0.0000]
Epoch 1/5:  77%|███████▋  | 241/312 [00:19<00:04, 16.57it/s, curv=0.0000, flow=2.4955, kin=0.0000, loss=2.4955, ot=0.00
00, t=0.495, tswd=0.0000]
Epoch 1/5:  78%|███████▊  | 243/312 [00:19<00:04, 16.56it/s, curv=0.0000, flow=2.4955, kin=0.0000, loss=2.4955, ot=0.00
00, t=0.495, tswd=0.0000]
Epoch 1/5:  79%|███████▊  | 245/312 [00:19<00:04, 16.45it/s, curv=0.0000, flow=2.4955, kin=0.0000, loss=2.4955, ot=0.00
00, t=0.495, tswd=0.0000]
Epoch 1/5:  79%|███████▉  | 247/312 [00:19<00:03, 16.50it/s, curv=0.0000, flow=2.4955, kin=0.0000, loss=2.4955, ot=0.00
00, t=0.495, tswd=0.0000]
Epoch 1/5:  80%|███████▉  | 249/312 [00:20<00:03, 16.62it/s, curv=0.0000, flow=2.4955, kin=0.0000, loss=2.4955, ot=0.00
00, t=0.495, tswd=0.0000]
Epoch 1/5:  80%|████████  | 251/312 [00:20<00:03, 16.78it/s, curv=0.0000, flow=2.4955, kin=0.0000, loss=2.4955, ot=0.00
00, t=0.495, tswd=0.0000]
Epoch 1/5:  81%|████████  | 253/312 [00:20<00:03, 16.78it/s, curv=0.0000, flow=2.4955, kin=0.0000, loss=2.4955, ot=0.00
00, t=0.495, tswd=0.0000]
Epoch 1/5:  82%|████████▏ | 255/312 [00:20<00:03, 16.91it/s, curv=0.0000, flow=2.4955, kin=0.0000, loss=2.4955, ot=0.00
00, t=0.495, tswd=0.0000]
Epoch 1/5:  82%|████████▏ | 257/312 [00:20<00:03, 16.72it/s, curv=0.0000, flow=2.4955, kin=0.0000, loss=2.4955, ot=0.00
00, t=0.495, tswd=0.0000]
Epoch 1/5:  83%|████████▎ | 259/312 [00:20<00:03, 16.48it/s, curv=0.0000, flow=2.4955, kin=0.0000, loss=2.4955, ot=0.00
00, t=0.495, tswd=0.0000]
Epoch 1/5:  83%|████████▎ | 259/312 [00:20<00:03, 16.48it/s, curv=0.0000, flow=2.4875, kin=0.0000, loss=2.4875, ot=0.00
00, t=0.497, tswd=0.0000]
Epoch 1/5:  84%|████████▎ | 261/312 [00:20<00:03, 15.93it/s, curv=0.0000, flow=2.4875, kin=0.0000, loss=2.4875, ot=0.00
00, t=0.497, tswd=0.0000]
Epoch 1/5:  84%|████████▍ | 263/312 [00:20<00:03, 16.09it/s, curv=0.0000, flow=2.4875, kin=0.0000, loss=2.4875, ot=0.00
00, t=0.497, tswd=0.0000]
Epoch 1/5:  85%|████████▍ | 265/312 [00:21<00:02, 16.32it/s, curv=0.0000, flow=2.4875, kin=0.0000, loss=2.4875, ot=0.00
00, t=0.497, tswd=0.0000]
Epoch 1/5:  86%|████████▌ | 267/312 [00:21<00:02, 16.36it/s, curv=0.0000, flow=2.4875, kin=0.0000, loss=2.4875, ot=0.00
00, t=0.497, tswd=0.0000]
Epoch 1/5:  86%|████████▌ | 269/312 [00:21<00:02, 16.21it/s, curv=0.0000, flow=2.4875, kin=0.0000, loss=2.4875, ot=0.00
00, t=0.497, tswd=0.0000]
Epoch 1/5:  87%|████████▋ | 271/312 [00:21<00:02, 16.27it/s, curv=0.0000, flow=2.4875, kin=0.0000, loss=2.4875, ot=0.00
00, t=0.497, tswd=0.0000]
Epoch 1/5:  88%|████████▊ | 273/312 [00:21<00:02, 16.28it/s, curv=0.0000, flow=2.4875, kin=0.0000, loss=2.4875, ot=0.00
00, t=0.497, tswd=0.0000]
Epoch 1/5:  88%|████████▊ | 275/312 [00:21<00:02, 16.54it/s, curv=0.0000, flow=2.4875, kin=0.0000, loss=2.4875, ot=0.00
00, t=0.497, tswd=0.0000]
Epoch 1/5:  89%|████████▉ | 277/312 [00:21<00:02, 16.30it/s, curv=0.0000, flow=2.4875, kin=0.0000, loss=2.4875, ot=0.00
00, t=0.497, tswd=0.0000]
Epoch 1/5:  89%|████████▉ | 279/312 [00:21<00:02, 16.43it/s, curv=0.0000, flow=2.4875, kin=0.0000, loss=2.4875, ot=0.00
00, t=0.497, tswd=0.0000]
Epoch 1/5:  89%|████████▉ | 279/312 [00:22<00:02, 16.43it/s, curv=0.0000, flow=2.4827, kin=0.0000, loss=2.4827, ot=0.00
00, t=0.497, tswd=0.0000]
Epoch 1/5:  90%|█████████ | 281/312 [00:22<00:01, 16.62it/s, curv=0.0000, flow=2.4827, kin=0.0000, loss=2.4827, ot=0.00
00, t=0.497, tswd=0.0000]
Epoch 1/5:  91%|█████████ | 283/312 [00:22<00:01, 16.90it/s, curv=0.0000, flow=2.4827, kin=0.0000, loss=2.4827, ot=0.00
00, t=0.497, tswd=0.0000]
Epoch 1/5:  91%|█████████▏| 285/312 [00:22<00:01, 17.33it/s, curv=0.0000, flow=2.4827, kin=0.0000, loss=2.4827, ot=0.00
00, t=0.497, tswd=0.0000]
Epoch 1/5:  92%|█████████▏| 287/312 [00:22<00:01, 17.57it/s, curv=0.0000, flow=2.4827, kin=0.0000, loss=2.4827, ot=0.00
00, t=0.497, tswd=0.0000]
Epoch 1/5:  93%|█████████▎| 289/312 [00:22<00:01, 17.61it/s, curv=0.0000, flow=2.4827, kin=0.0000, loss=2.4827, ot=0.00
00, t=0.497, tswd=0.0000]
Epoch 1/5:  93%|█████████▎| 291/312 [00:22<00:01, 17.56it/s, curv=0.0000, flow=2.4827, kin=0.0000, loss=2.4827, ot=0.00
00, t=0.497, tswd=0.0000]
Epoch 1/5:  94%|█████████▍| 293/312 [00:22<00:01, 17.56it/s, curv=0.0000, flow=2.4827, kin=0.0000, loss=2.4827, ot=0.00
00, t=0.497, tswd=0.0000]
Epoch 1/5:  95%|█████████▍| 295/312 [00:22<00:00, 17.36it/s, curv=0.0000, flow=2.4827, kin=0.0000, loss=2.4827, ot=0.00
00, t=0.497, tswd=0.0000]
Epoch 1/5:  95%|█████████▌| 297/312 [00:22<00:00, 17.12it/s, curv=0.0000, flow=2.4827, kin=0.0000, loss=2.4827, ot=0.00
00, t=0.497, tswd=0.0000]
Epoch 1/5:  96%|█████████▌| 299/312 [00:23<00:00, 17.19it/s, curv=0.0000, flow=2.4827, kin=0.0000, loss=2.4827, ot=0.00
00, t=0.497, tswd=0.0000]
Epoch 1/5:  96%|█████████▌| 299/312 [00:23<00:00, 17.19it/s, curv=0.0000, flow=2.4766, kin=0.0000, loss=2.4766, ot=0.00
00, t=0.498, tswd=0.0000]
Epoch 1/5:  96%|█████████▋| 301/312 [00:23<00:00, 16.78it/s, curv=0.0000, flow=2.4766, kin=0.0000, loss=2.4766, ot=0.00
00, t=0.498, tswd=0.0000]
Epoch 1/5:  97%|█████████▋| 303/312 [00:23<00:00, 16.74it/s, curv=0.0000, flow=2.4766, kin=0.0000, loss=2.4766, ot=0.00
00, t=0.498, tswd=0.0000]
Epoch 1/5:  98%|█████████▊| 305/312 [00:23<00:00, 16.73it/s, curv=0.0000, flow=2.4766, kin=0.0000, loss=2.4766, ot=0.00
00, t=0.498, tswd=0.0000]
Epoch 1/5:  98%|█████████▊| 307/312 [00:23<00:00, 16.91it/s, curv=0.0000, flow=2.4766, kin=0.0000, loss=2.4766, ot=0.00
00, t=0.498, tswd=0.0000]
Epoch 1/5:  99%|█████████▉| 309/312 [00:23<00:00, 16.89it/s, curv=0.0000, flow=2.4766, kin=0.0000, loss=2.4766, ot=0.00
00, t=0.498, tswd=0.0000]
Epoch 1/5: 100%|█████████▉| 311/312 [00:23<00:00, 16.52it/s, curv=0.0000, flow=2.4766, kin=0.0000, loss=2.4766, ot=0.00
00, t=0.498, tswd=0.0000]
Epoch 1/5: 100%|█████████▉| 311/312 [00:23<00:00, 16.52it/s, curv=0.0000, flow=2.4724, kin=0.0000, loss=2.4724, ot=0.00
00, t=0.499, tswd=0.0000]
Epoch 1/5: 100%|██████████| 312/312 [00:23<00:00, 13.07it/s, curv=0.0000, flow=2.4724, kin=0.0000, loss=2.4724, ot=0.00
00, t=0.499, tswd=0.0000]
2026-07-01 10:48:31,003 - INFO - Epoch 1/5 | loss=2.4724 flow=2.4724 kin=0.0000 ot=0.0000 tswd=0.0000 gini=0.000 hub=0.
000 otd=0.0000 fiber=0.000 leak=0.0000 tgtshift=0.0000 cla=0.0000 cea=0.0000 sem_attn=0.000 sem_k=0.000 topo_ent=0.000 
topo_on=0 plan_ent=0.000 bary_ent=0.000 tok_ent=0.000 tok_eff=0.0 tok_max=0.000 tok_svd=0.000 tok_cos=0.000 app_s=0.000
 app_d=0.000 sigma=0.000 bex=0 idr=0.00 t=0.499 |v|=0.000 lr=2.00e-04 data=0.6s comp=18.1s epoch=23.9s sps=209.08 bstep
=0.077s gpu=68.7/84.0% vram=4.04/4.11GB power=58.2/72.3W peak=0.59/0.66GB
2026-07-01 10:48:31,010 - INFO - Epoch 2 weight schedule: stage=0 w_content=0.0000 w_style=0.0000 w_style_strength_reg=
0.0000 sigma=0.0000

Epoch 2/5:   0%|          | 0/312 [00:00<?, ?it/s]
Epoch 2/5:   0%|          | 0/312 [00:00<?, ?it/s, curv=0.0000, flow=2.5125, kin=0.0000, loss=2.5125, ot=0.0000, t=0.58
1, tswd=0.0000]
Epoch 2/5:   1%|          | 2/312 [00:00<00:18, 16.87it/s, curv=0.0000, flow=2.5125, kin=0.0000, loss=2.5125, ot=0.0000
, t=0.581, tswd=0.0000]
Epoch 2/5:   1%|▏         | 4/312 [00:00<00:17, 17.82it/s, curv=0.0000, flow=2.5125, kin=0.0000, loss=2.5125, ot=0.0000
, t=0.581, tswd=0.0000]
Epoch 2/5:   2%|▏         | 6/312 [00:00<00:17, 17.29it/s, curv=0.0000, flow=2.5125, kin=0.0000, loss=2.5125, ot=0.0000
, t=0.581, tswd=0.0000]
Epoch 2/5:   3%|▎         | 8/312 [00:00<00:17, 17.48it/s, curv=0.0000, flow=2.5125, kin=0.0000, loss=2.5125, ot=0.0000
, t=0.581, tswd=0.0000]
Epoch 2/5:   3%|▎         | 10/312 [00:00<00:17, 17.12it/s, curv=0.0000, flow=2.5125, kin=0.0000, loss=2.5125, ot=0.000
0, t=0.581, tswd=0.0000]
Epoch 2/5:   4%|▍         | 12/312 [00:00<00:17, 17.13it/s, curv=0.0000, flow=2.5125, kin=0.0000, loss=2.5125, ot=0.000
0, t=0.581, tswd=0.0000]
Epoch 2/5:   4%|▍         | 14/312 [00:00<00:17, 16.90it/s, curv=0.0000, flow=2.5125, kin=0.0000, loss=2.5125, ot=0.000
0, t=0.581, tswd=0.0000]
Epoch 2/5:   5%|▌         | 16/312 [00:00<00:17, 17.15it/s, curv=0.0000, flow=2.5125, kin=0.0000, loss=2.5125, ot=0.000
0, t=0.581, tswd=0.0000]
Epoch 2/5:   6%|▌         | 18/312 [00:01<00:17, 16.86it/s, curv=0.0000, flow=2.5125, kin=0.0000, loss=2.5125, ot=0.000
0, t=0.581, tswd=0.0000]
Epoch 2/5:   6%|▌         | 18/312 [00:01<00:17, 16.86it/s, curv=0.0000, flow=2.4041, kin=0.0000, loss=2.4041, ot=0.000
0, t=0.486, tswd=0.0000]
Epoch 2/5:   6%|▋         | 20/312 [00:01<00:17, 16.80it/s, curv=0.0000, flow=2.4041, kin=0.0000, loss=2.4041, ot=0.000
0, t=0.486, tswd=0.0000]
Epoch 2/5:   7%|▋         | 22/312 [00:01<00:17, 16.79it/s, curv=0.0000, flow=2.4041, kin=0.0000, loss=2.4041, ot=0.000
0, t=0.486, tswd=0.0000]
Epoch 2/5:   8%|▊         | 24/312 [00:01<00:17, 16.70it/s, curv=0.0000, flow=2.4041, kin=0.0000, loss=2.4041, ot=0.000
0, t=0.486, tswd=0.0000]
Epoch 2/5:   8%|▊         | 26/312 [00:01<00:17, 16.71it/s, curv=0.0000, flow=2.4041, kin=0.0000, loss=2.4041, ot=0.000
0, t=0.486, tswd=0.0000]
Epoch 2/5:   9%|▉         | 28/312 [00:01<00:17, 16.56it/s, curv=0.0000, flow=2.4041, kin=0.0000, loss=2.4041, ot=0.000
0, t=0.486, tswd=0.0000]
Epoch 2/5:  10%|▉         | 30/312 [00:01<00:17, 15.75it/s, curv=0.0000, flow=2.4041, kin=0.0000, loss=2.4041, ot=0.000
0, t=0.486, tswd=0.0000]
Epoch 2/5:  10%|█         | 32/312 [00:01<00:17, 15.92it/s, curv=0.0000, flow=2.4041, kin=0.0000, loss=2.4041, ot=0.000
0, t=0.486, tswd=0.0000]
Epoch 2/5:  11%|█         | 34/312 [00:02<00:17, 15.94it/s, curv=0.0000, flow=2.4041, kin=0.0000, loss=2.4041, ot=0.000
0, t=0.486, tswd=0.0000]
Epoch 2/5:  12%|█▏        | 36/312 [00:02<00:16, 16.46it/s, curv=0.0000, flow=2.4041, kin=0.0000, loss=2.4041, ot=0.000
0, t=0.486, tswd=0.0000]
Epoch 2/5:  12%|█▏        | 38/312 [00:02<00:16, 16.99it/s, curv=0.0000, flow=2.4041, kin=0.0000, loss=2.4041, ot=0.000
0, t=0.486, tswd=0.0000]
Epoch 2/5:  12%|█▏        | 38/312 [00:02<00:16, 16.99it/s, curv=0.0000, flow=2.3410, kin=0.0000, loss=2.3410, ot=0.000
0, t=0.502, tswd=0.0000]
Epoch 2/5:  13%|█▎        | 40/312 [00:02<00:15, 17.20it/s, curv=0.0000, flow=2.3410, kin=0.0000, loss=2.3410, ot=0.000
0, t=0.502, tswd=0.0000]
Epoch 2/5:  13%|█▎        | 42/312 [00:02<00:15, 17.46it/s, curv=0.0000, flow=2.3410, kin=0.0000, loss=2.3410, ot=0.000
0, t=0.502, tswd=0.0000]
Epoch 2/5:  14%|█▍        | 44/312 [00:02<00:15, 17.55it/s, curv=0.0000, flow=2.3410, kin=0.0000, loss=2.3410, ot=0.000
0, t=0.502, tswd=0.0000]
Epoch 2/5:  15%|█▍        | 46/312 [00:02<00:15, 17.71it/s, curv=0.0000, flow=2.3410, kin=0.0000, loss=2.3410, ot=0.000
0, t=0.502, tswd=0.0000]
Epoch 2/5:  15%|█▌        | 48/312 [00:02<00:14, 17.69it/s, curv=0.0000, flow=2.3410, kin=0.0000, loss=2.3410, ot=0.000
0, t=0.502, tswd=0.0000]
Epoch 2/5:  16%|█▌        | 50/312 [00:02<00:14, 17.88it/s, curv=0.0000, flow=2.3410, kin=0.0000, loss=2.3410, ot=0.000
0, t=0.502, tswd=0.0000]
Epoch 2/5:  17%|█▋        | 52/312 [00:03<00:14, 17.60it/s, curv=0.0000, flow=2.3410, kin=0.0000, loss=2.3410, ot=0.000
0, t=0.502, tswd=0.0000]
Epoch 2/5:  17%|█▋        | 54/312 [00:03<00:14, 17.63it/s, curv=0.0000, flow=2.3410, kin=0.0000, loss=2.3410, ot=0.000
0, t=0.502, tswd=0.0000]
Epoch 2/5:  18%|█▊        | 56/312 [00:03<00:14, 17.19it/s, curv=0.0000, flow=2.3410, kin=0.0000, loss=2.3410, ot=0.000
0, t=0.502, tswd=0.0000]
Epoch 2/5:  19%|█▊        | 58/312 [00:03<00:15, 16.51it/s, curv=0.0000, flow=2.3410, kin=0.0000, loss=2.3410, ot=0.000
0, t=0.502, tswd=0.0000]
Epoch 2/5:  19%|█▊        | 58/312 [00:03<00:15, 16.51it/s, curv=0.0000, flow=2.3371, kin=0.0000, loss=2.3371, ot=0.000
0, t=0.504, tswd=0.0000]
Epoch 2/5:  19%|█▉        | 60/312 [00:03<00:15, 16.28it/s, curv=0.0000, flow=2.3371, kin=0.0000, loss=2.3371, ot=0.000
0, t=0.504, tswd=0.0000]
Epoch 2/5:  20%|█▉        | 62/312 [00:03<00:15, 16.31it/s, curv=0.0000, flow=2.3371, kin=0.0000, loss=2.3371, ot=0.000
0, t=0.504, tswd=0.0000]
Epoch 2/5:  21%|██        | 64/312 [00:03<00:15, 16.02it/s, curv=0.0000, flow=2.3371, kin=0.0000, loss=2.3371, ot=0.000
0, t=0.504, tswd=0.0000]
Epoch 2/5:  21%|██        | 66/312 [00:03<00:15, 15.84it/s, curv=0.0000, flow=2.3371, kin=0.0000, loss=2.3371, ot=0.000
0, t=0.504, tswd=0.0000]
Epoch 2/5:  22%|██▏       | 68/312 [00:04<00:15, 16.01it/s, curv=0.0000, flow=2.3371, kin=0.0000, loss=2.3371, ot=0.000
0, t=0.504, tswd=0.0000]
Epoch 2/5:  22%|██▏       | 70/312 [00:04<00:14, 16.23it/s, curv=0.0000, flow=2.3371, kin=0.0000, loss=2.3371, ot=0.000
0, t=0.504, tswd=0.0000]
Epoch 2/5:  23%|██▎       | 72/312 [00:04<00:14, 16.55it/s, curv=0.0000, flow=2.3371, kin=0.0000, loss=2.3371, ot=0.000
0, t=0.504, tswd=0.0000]
Epoch 2/5:  24%|██▎       | 74/312 [00:04<00:14, 16.74it/s, curv=0.0000, flow=2.3371, kin=0.0000, loss=2.3371, ot=0.000
0, t=0.504, tswd=0.0000]
Epoch 2/5:  24%|██▍       | 76/312 [00:04<00:14, 16.76it/s, curv=0.0000, flow=2.3371, kin=0.0000, loss=2.3371, ot=0.000
0, t=0.504, tswd=0.0000]
Epoch 2/5:  25%|██▌       | 78/312 [00:04<00:14, 16.41it/s, curv=0.0000, flow=2.3371, kin=0.0000, loss=2.3371, ot=0.000
0, t=0.504, tswd=0.0000]
Epoch 2/5:  25%|██▌       | 78/312 [00:04<00:14, 16.41it/s, curv=0.0000, flow=2.3306, kin=0.0000, loss=2.3306, ot=0.000
0, t=0.503, tswd=0.0000]
Epoch 2/5:  26%|██▌       | 80/312 [00:04<00:14, 16.37it/s, curv=0.0000, flow=2.3306, kin=0.0000, loss=2.3306, ot=0.000
0, t=0.503, tswd=0.0000]
Epoch 2/5:  26%|██▋       | 82/312 [00:04<00:13, 16.55it/s, curv=0.0000, flow=2.3306, kin=0.0000, loss=2.3306, ot=0.000
0, t=0.503, tswd=0.0000]
Epoch 2/5:  27%|██▋       | 84/312 [00:05<00:13, 16.54it/s, curv=0.0000, flow=2.3306, kin=0.0000, loss=2.3306, ot=0.000
0, t=0.503, tswd=0.0000]
Epoch 2/5:  28%|██▊       | 86/312 [00:05<00:13, 16.53it/s, curv=0.0000, flow=2.3306, kin=0.0000, loss=2.3306, ot=0.000
0, t=0.503, tswd=0.0000]
Epoch 2/5:  28%|██▊       | 88/312 [00:05<00:13, 16.49it/s, curv=0.0000, flow=2.3306, kin=0.0000, loss=2.3306, ot=0.000
0, t=0.503, tswd=0.0000]
Epoch 2/5:  29%|██▉       | 90/312 [00:05<00:13, 16.37it/s, curv=0.0000, flow=2.3306, kin=0.0000, loss=2.3306, ot=0.000
0, t=0.503, tswd=0.0000]
Epoch 2/5:  29%|██▉       | 92/312 [00:05<00:13, 16.55it/s, curv=0.0000, flow=2.3306, kin=0.0000, loss=2.3306, ot=0.000
0, t=0.503, tswd=0.0000]
Epoch 2/5:  30%|███       | 94/312 [00:05<00:13, 16.54it/s, curv=0.0000, flow=2.3306, kin=0.0000, loss=2.3306, ot=0.000
0, t=0.503, tswd=0.0000]
Epoch 2/5:  31%|███       | 96/312 [00:05<00:12, 16.68it/s, curv=0.0000, flow=2.3306, kin=0.0000, loss=2.3306, ot=0.000
0, t=0.503, tswd=0.0000]
Epoch 2/5:  31%|███▏      | 98/312 [00:05<00:13, 16.07it/s, curv=0.0000, flow=2.3306, kin=0.0000, loss=2.3306, ot=0.000
0, t=0.503, tswd=0.0000]
Epoch 2/5:  31%|███▏      | 98/312 [00:05<00:13, 16.07it/s, curv=0.0000, flow=2.3180, kin=0.0000, loss=2.3180, ot=0.000
0, t=0.502, tswd=0.0000]
Epoch 2/5:  32%|███▏      | 100/312 [00:05<00:13, 16.11it/s, curv=0.0000, flow=2.3180, kin=0.0000, loss=2.3180, ot=0.00
00, t=0.502, tswd=0.0000]
Epoch 2/5:  33%|███▎      | 102/312 [00:06<00:12, 16.27it/s, curv=0.0000, flow=2.3180, kin=0.0000, loss=2.3180, ot=0.00
00, t=0.502, tswd=0.0000]
Epoch 2/5:  33%|███▎      | 104/312 [00:06<00:12, 16.58it/s, curv=0.0000, flow=2.3180, kin=0.0000, loss=2.3180, ot=0.00
00, t=0.502, tswd=0.0000]
Epoch 2/5:  34%|███▍      | 106/312 [00:06<00:12, 16.60it/s, curv=0.0000, flow=2.3180, kin=0.0000, loss=2.3180, ot=0.00
00, t=0.502, tswd=0.0000]
Epoch 2/5:  35%|███▍      | 108/312 [00:06<00:12, 16.84it/s, curv=0.0000, flow=2.3180, kin=0.0000, loss=2.3180, ot=0.00
00, t=0.502, tswd=0.0000]
Epoch 2/5:  35%|███▌      | 110/312 [00:06<00:11, 16.83it/s, curv=0.0000, flow=2.3180, kin=0.0000, loss=2.3180, ot=0.00
00, t=0.502, tswd=0.0000]
Epoch 2/5:  36%|███▌      | 112/312 [00:06<00:11, 17.21it/s, curv=0.0000, flow=2.3180, kin=0.0000, loss=2.3180, ot=0.00
00, t=0.502, tswd=0.0000]
Epoch 2/5:  37%|███▋      | 114/312 [00:06<00:11, 16.94it/s, curv=0.0000, flow=2.3180, kin=0.0000, loss=2.3180, ot=0.00
00, t=0.502, tswd=0.0000]
Epoch 2/5:  37%|███▋      | 116/312 [00:06<00:11, 17.00it/s, curv=0.0000, flow=2.3180, kin=0.0000, loss=2.3180, ot=0.00
00, t=0.502, tswd=0.0000]
Epoch 2/5:  38%|███▊      | 118/312 [00:07<00:11, 16.78it/s, curv=0.0000, flow=2.3180, kin=0.0000, loss=2.3180, ot=0.00
00, t=0.502, tswd=0.0000]
Epoch 2/5:  38%|███▊      | 118/312 [00:07<00:11, 16.78it/s, curv=0.0000, flow=2.3039, kin=0.0000, loss=2.3039, ot=0.00
00, t=0.500, tswd=0.0000]
Epoch 2/5:  38%|███▊      | 120/312 [00:07<00:11, 16.76it/s, curv=0.0000, flow=2.3039, kin=0.0000, loss=2.3039, ot=0.00
00, t=0.500, tswd=0.0000]
Epoch 2/5:  39%|███▉      | 122/312 [00:07<00:11, 16.66it/s, curv=0.0000, flow=2.3039, kin=0.0000, loss=2.3039, ot=0.00
00, t=0.500, tswd=0.0000]
Epoch 2/5:  40%|███▉      | 124/312 [00:07<00:11, 16.54it/s, curv=0.0000, flow=2.3039, kin=0.0000, loss=2.3039, ot=0.00
00, t=0.500, tswd=0.0000]
Epoch 2/5:  40%|████      | 126/312 [00:07<00:11, 16.61it/s, curv=0.0000, flow=2.3039, kin=0.0000, loss=2.3039, ot=0.00
00, t=0.500, tswd=0.0000]
Epoch 2/5:  41%|████      | 128/312 [00:07<00:11, 16.38it/s, curv=0.0000, flow=2.3039, kin=0.0000, loss=2.3039, ot=0.00
00, t=0.500, tswd=0.0000]
Epoch 2/5:  42%|████▏     | 130/312 [00:07<00:11, 16.09it/s, curv=0.0000, flow=2.3039, kin=0.0000, loss=2.3039, ot=0.00
00, t=0.500, tswd=0.0000]
Epoch 2/5:  42%|████▏     | 132/312 [00:07<00:11, 16.29it/s, curv=0.0000, flow=2.3039, kin=0.0000, loss=2.3039, ot=0.00
00, t=0.500, tswd=0.0000]
Epoch 2/5:  43%|████▎     | 134/312 [00:08<00:10, 16.62it/s, curv=0.0000, flow=2.3039, kin=0.0000, loss=2.3039, ot=0.00
00, t=0.500, tswd=0.0000]
Epoch 2/5:  44%|████▎     | 136/312 [00:08<00:10, 16.73it/s, curv=0.0000, flow=2.3039, kin=0.0000, loss=2.3039, ot=0.00
00, t=0.500, tswd=0.0000]
Epoch 2/5:  44%|████▍     | 138/312 [00:08<00:10, 16.93it/s, curv=0.0000, flow=2.3039, kin=0.0000, loss=2.3039, ot=0.00
00, t=0.500, tswd=0.0000]
Epoch 2/5:  44%|████▍     | 138/312 [00:08<00:10, 16.93it/s, curv=0.0000, flow=2.2909, kin=0.0000, loss=2.2909, ot=0.00
00, t=0.496, tswd=0.0000]
Epoch 2/5:  45%|████▍     | 140/312 [00:08<00:10, 17.06it/s, curv=0.0000, flow=2.2909, kin=0.0000, loss=2.2909, ot=0.00
00, t=0.496, tswd=0.0000]
Epoch 2/5:  46%|████▌     | 142/312 [00:08<00:09, 17.28it/s, curv=0.0000, flow=2.2909, kin=0.0000, loss=2.2909, ot=0.00
00, t=0.496, tswd=0.0000]
Epoch 2/5:  46%|████▌     | 144/312 [00:08<00:09, 17.32it/s, curv=0.0000, flow=2.2909, kin=0.0000, loss=2.2909, ot=0.00
00, t=0.496, tswd=0.0000]
Epoch 2/5:  47%|████▋     | 146/312 [00:08<00:09, 17.21it/s, curv=0.0000, flow=2.2909, kin=0.0000, loss=2.2909, ot=0.00
00, t=0.496, tswd=0.0000]
Epoch 2/5:  47%|████▋     | 148/312 [00:08<00:09, 17.12it/s, curv=0.0000, flow=2.2909, kin=0.0000, loss=2.2909, ot=0.00
00, t=0.496, tswd=0.0000]
Epoch 2/5:  48%|████▊     | 150/312 [00:08<00:09, 17.07it/s, curv=0.0000, flow=2.2909, kin=0.0000, loss=2.2909, ot=0.00
00, t=0.496, tswd=0.0000]
Epoch 2/5:  49%|████▊     | 152/312 [00:09<00:09, 16.48it/s, curv=0.0000, flow=2.2909, kin=0.0000, loss=2.2909, ot=0.00
00, t=0.496, tswd=0.0000]
Epoch 2/5:  49%|████▉     | 154/312 [00:09<00:09, 16.50it/s, curv=0.0000, flow=2.2909, kin=0.0000, loss=2.2909, ot=0.00
00, t=0.496, tswd=0.0000]
Epoch 2/5:  50%|█████     | 156/312 [00:09<00:09, 16.42it/s, curv=0.0000, flow=2.2909, kin=0.0000, loss=2.2909, ot=0.00
00, t=0.496, tswd=0.0000]
Epoch 2/5:  51%|█████     | 158/312 [00:09<00:09, 16.35it/s, curv=0.0000, flow=2.2909, kin=0.0000, loss=2.2909, ot=0.00
00, t=0.496, tswd=0.0000]
Epoch 2/5:  51%|█████     | 158/312 [00:09<00:09, 16.35it/s, curv=0.0000, flow=2.2928, kin=0.0000, loss=2.2928, ot=0.00
00, t=0.497, tswd=0.0000]
Epoch 2/5:  51%|█████▏    | 160/312 [00:09<00:09, 16.48it/s, curv=0.0000, flow=2.2928, kin=0.0000, loss=2.2928, ot=0.00
00, t=0.497, tswd=0.0000]
Epoch 2/5:  52%|█████▏    | 162/312 [00:09<00:09, 16.53it/s, curv=0.0000, flow=2.2928, kin=0.0000, loss=2.2928, ot=0.00
00, t=0.497, tswd=0.0000]
Epoch 2/5:  53%|█████▎    | 164/312 [00:09<00:09, 16.13it/s, curv=0.0000, flow=2.2928, kin=0.0000, loss=2.2928, ot=0.00
00, t=0.497, tswd=0.0000]
Epoch 2/5:  53%|█████▎    | 166/312 [00:09<00:09, 16.02it/s, curv=0.0000, flow=2.2928, kin=0.0000, loss=2.2928, ot=0.00
00, t=0.497, tswd=0.0000]
Epoch 2/5:  54%|█████▍    | 168/312 [00:10<00:08, 16.30it/s, curv=0.0000, flow=2.2928, kin=0.0000, loss=2.2928, ot=0.00
00, t=0.497, tswd=0.0000]
Epoch 2/5:  54%|█████▍    | 170/312 [00:10<00:08, 16.40it/s, curv=0.0000, flow=2.2928, kin=0.0000, loss=2.2928, ot=0.00
00, t=0.497, tswd=0.0000]
Epoch 2/5:  55%|█████▌    | 172/312 [00:10<00:08, 16.78it/s, curv=0.0000, flow=2.2928, kin=0.0000, loss=2.2928, ot=0.00
00, t=0.497, tswd=0.0000]
Epoch 2/5:  56%|█████▌    | 174/312 [00:10<00:08, 16.87it/s, curv=0.0000, flow=2.2928, kin=0.0000, loss=2.2928, ot=0.00
00, t=0.497, tswd=0.0000]
Epoch 2/5:  56%|█████▋    | 176/312 [00:10<00:08, 16.93it/s, curv=0.0000, flow=2.2928, kin=0.0000, loss=2.2928, ot=0.00
00, t=0.497, tswd=0.0000]
Epoch 2/5:  57%|█████▋    | 178/312 [00:10<00:07, 16.87it/s, curv=0.0000, flow=2.2928, kin=0.0000, loss=2.2928, ot=0.00
00, t=0.497, tswd=0.0000]
Epoch 2/5:  57%|█████▋    | 178/312 [00:10<00:07, 16.87it/s, curv=0.0000, flow=2.2852, kin=0.0000, loss=2.2852, ot=0.00
00, t=0.497, tswd=0.0000]
Epoch 2/5:  58%|█████▊    | 180/312 [00:10<00:07, 17.09it/s, curv=0.0000, flow=2.2852, kin=0.0000, loss=2.2852, ot=0.00
00, t=0.497, tswd=0.0000]
Epoch 2/5:  58%|█████▊    | 182/312 [00:10<00:07, 17.07it/s, curv=0.0000, flow=2.2852, kin=0.0000, loss=2.2852, ot=0.00
00, t=0.497, tswd=0.0000]
Epoch 2/5:  59%|█████▉    | 184/312 [00:11<00:07, 16.98it/s, curv=0.0000, flow=2.2852, kin=0.0000, loss=2.2852, ot=0.00
00, t=0.497, tswd=0.0000]
Epoch 2/5:  60%|█████▉    | 186/312 [00:11<00:07, 16.43it/s, curv=0.0000, flow=2.2852, kin=0.0000, loss=2.2852, ot=0.00
00, t=0.497, tswd=0.0000]
Epoch 2/5:  60%|██████    | 188/312 [00:11<00:07, 16.23it/s, curv=0.0000, flow=2.2852, kin=0.0000, loss=2.2852, ot=0.00
00, t=0.497, tswd=0.0000]
Epoch 2/5:  61%|██████    | 190/312 [00:11<00:07, 16.24it/s, curv=0.0000, flow=2.2852, kin=0.0000, loss=2.2852, ot=0.00
00, t=0.497, tswd=0.0000]
Epoch 2/5:  62%|██████▏   | 192/312 [00:11<00:07, 15.76it/s, curv=0.0000, flow=2.2852, kin=0.0000, loss=2.2852, ot=0.00
00, t=0.497, tswd=0.0000]
Epoch 2/5:  62%|██████▏   | 194/312 [00:11<00:07, 15.93it/s, curv=0.0000, flow=2.2852, kin=0.0000, loss=2.2852, ot=0.00
00, t=0.497, tswd=0.0000]
Epoch 2/5:  63%|██████▎   | 196/312 [00:11<00:07, 16.14it/s, curv=0.0000, flow=2.2852, kin=0.0000, loss=2.2852, ot=0.00
00, t=0.497, tswd=0.0000]
Epoch 2/5:  63%|██████▎   | 198/312 [00:11<00:07, 16.17it/s, curv=0.0000, flow=2.2852, kin=0.0000, loss=2.2852, ot=0.00
00, t=0.497, tswd=0.0000]
Epoch 2/5:  63%|██████▎   | 198/312 [00:12<00:07, 16.17it/s, curv=0.0000, flow=2.2801, kin=0.0000, loss=2.2801, ot=0.00
00, t=0.497, tswd=0.0000]
Epoch 2/5:  64%|██████▍   | 200/312 [00:12<00:06, 16.03it/s, curv=0.0000, flow=2.2801, kin=0.0000, loss=2.2801, ot=0.00
00, t=0.497, tswd=0.0000]
Epoch 2/5:  65%|██████▍   | 202/312 [00:12<00:06, 16.22it/s, curv=0.0000, flow=2.2801, kin=0.0000, loss=2.2801, ot=0.00
00, t=0.497, tswd=0.0000]
Epoch 2/5:  65%|██████▌   | 204/312 [00:12<00:06, 16.45it/s, curv=0.0000, flow=2.2801, kin=0.0000, loss=2.2801, ot=0.00
00, t=0.497, tswd=0.0000]
Epoch 2/5:  66%|██████▌   | 206/312 [00:12<00:06, 16.60it/s, curv=0.0000, flow=2.2801, kin=0.0000, loss=2.2801, ot=0.00
00, t=0.497, tswd=0.0000]
Epoch 2/5:  67%|██████▋   | 208/312 [00:12<00:06, 16.67it/s, curv=0.0000, flow=2.2801, kin=0.0000, loss=2.2801, ot=0.00
00, t=0.497, tswd=0.0000]
Epoch 2/5:  67%|██████▋   | 210/312 [00:12<00:06, 16.40it/s, curv=0.0000, flow=2.2801, kin=0.0000, loss=2.2801, ot=0.00
00, t=0.497, tswd=0.0000]
Epoch 2/5:  68%|██████▊   | 212/312 [00:12<00:06, 16.39it/s, curv=0.0000, flow=2.2801, kin=0.0000, loss=2.2801, ot=0.00
00, t=0.497, tswd=0.0000]
Epoch 2/5:  69%|██████▊   | 214/312 [00:12<00:06, 16.09it/s, curv=0.0000, flow=2.2801, kin=0.0000, loss=2.2801, ot=0.00
00, t=0.497, tswd=0.0000]
Epoch 2/5:  69%|██████▉   | 216/312 [00:12<00:05, 16.10it/s, curv=0.0000, flow=2.2801, kin=0.0000, loss=2.2801, ot=0.00
00, t=0.497, tswd=0.0000]
Epoch 2/5:  70%|██████▉   | 218/312 [00:13<00:05, 15.96it/s, curv=0.0000, flow=2.2801, kin=0.0000, loss=2.2801, ot=0.00
00, t=0.497, tswd=0.0000]
Epoch 2/5:  70%|██████▉   | 218/312 [00:13<00:05, 15.96it/s, curv=0.0000, flow=2.2749, kin=0.0000, loss=2.2749, ot=0.00
00, t=0.500, tswd=0.0000]
Epoch 2/5:  71%|███████   | 220/312 [00:13<00:05, 16.06it/s, curv=0.0000, flow=2.2749, kin=0.0000, loss=2.2749, ot=0.00
00, t=0.500, tswd=0.0000]
Epoch 2/5:  71%|███████   | 222/312 [00:13<00:05, 15.28it/s, curv=0.0000, flow=2.2749, kin=0.0000, loss=2.2749, ot=0.00
00, t=0.500, tswd=0.0000]
Epoch 2/5:  72%|███████▏  | 224/312 [00:13<00:05, 15.34it/s, curv=0.0000, flow=2.2749, kin=0.0000, loss=2.2749, ot=0.00
00, t=0.500, tswd=0.0000]
Epoch 2/5:  72%|███████▏  | 226/312 [00:13<00:05, 15.64it/s, curv=0.0000, flow=2.2749, kin=0.0000, loss=2.2749, ot=0.00
00, t=0.500, tswd=0.0000]
Epoch 2/5:  73%|███████▎  | 228/312 [00:13<00:05, 15.89it/s, curv=0.0000, flow=2.2749, kin=0.0000, loss=2.2749, ot=0.00
00, t=0.500, tswd=0.0000]
Epoch 2/5:  74%|███████▎  | 230/312 [00:13<00:05, 15.89it/s, curv=0.0000, flow=2.2749, kin=0.0000, loss=2.2749, ot=0.00
00, t=0.500, tswd=0.0000]
Epoch 2/5:  74%|███████▍  | 232/312 [00:14<00:04, 16.13it/s, curv=0.0000, flow=2.2749, kin=0.0000, loss=2.2749, ot=0.00
00, t=0.500, tswd=0.0000]
Epoch 2/5:  75%|███████▌  | 234/312 [00:14<00:04, 16.32it/s, curv=0.0000, flow=2.2749, kin=0.0000, loss=2.2749, ot=0.00
00, t=0.500, tswd=0.0000]
Epoch 2/5:  76%|███████▌  | 236/312 [00:14<00:04, 16.58it/s, curv=0.0000, flow=2.2749, kin=0.0000, loss=2.2749, ot=0.00
00, t=0.500, tswd=0.0000]
Epoch 2/5:  76%|███████▋  | 238/312 [00:14<00:04, 16.83it/s, curv=0.0000, flow=2.2749, kin=0.0000, loss=2.2749, ot=0.00
00, t=0.500, tswd=0.0000]
Epoch 2/5:  76%|███████▋  | 238/312 [00:14<00:04, 16.83it/s, curv=0.0000, flow=2.2773, kin=0.0000, loss=2.2773, ot=0.00
00, t=0.502, tswd=0.0000]
Epoch 2/5:  77%|███████▋  | 240/312 [00:14<00:04, 16.79it/s, curv=0.0000, flow=2.2773, kin=0.0000, loss=2.2773, ot=0.00
00, t=0.502, tswd=0.0000]
Epoch 2/5:  78%|███████▊  | 242/312 [00:14<00:04, 16.83it/s, curv=0.0000, flow=2.2773, kin=0.0000, loss=2.2773, ot=0.00
00, t=0.502, tswd=0.0000]
Epoch 2/5:  78%|███████▊  | 244/312 [00:14<00:03, 17.02it/s, curv=0.0000, flow=2.2773, kin=0.0000, loss=2.2773, ot=0.00
00, t=0.502, tswd=0.0000]
Epoch 2/5:  79%|███████▉  | 246/312 [00:14<00:03, 16.96it/s, curv=0.0000, flow=2.2773, kin=0.0000, loss=2.2773, ot=0.00
00, t=0.502, tswd=0.0000]
Epoch 2/5:  79%|███████▉  | 248/312 [00:14<00:03, 16.83it/s, curv=0.0000, flow=2.2773, kin=0.0000, loss=2.2773, ot=0.00
00, t=0.502, tswd=0.0000]
Epoch 2/5:  80%|████████  | 250/312 [00:15<00:03, 16.78it/s, curv=0.0000, flow=2.2773, kin=0.0000, loss=2.2773, ot=0.00
00, t=0.502, tswd=0.0000]
Epoch 2/5:  81%|████████  | 252/312 [00:15<00:03, 16.33it/s, curv=0.0000, flow=2.2773, kin=0.0000, loss=2.2773, ot=0.00
00, t=0.502, tswd=0.0000]
Epoch 2/5:  81%|████████▏ | 254/312 [00:15<00:03, 16.12it/s, curv=0.0000, flow=2.2773, kin=0.0000, loss=2.2773, ot=0.00
00, t=0.502, tswd=0.0000]
Epoch 2/5:  82%|████████▏ | 256/312 [00:15<00:03, 16.20it/s, curv=0.0000, flow=2.2773, kin=0.0000, loss=2.2773, ot=0.00
00, t=0.502, tswd=0.0000]
Epoch 2/5:  83%|████████▎ | 258/312 [00:15<00:03, 16.24it/s, curv=0.0000, flow=2.2773, kin=0.0000, loss=2.2773, ot=0.00
00, t=0.502, tswd=0.0000]
Epoch 2/5:  83%|████████▎ | 258/312 [00:15<00:03, 16.24it/s, curv=0.0000, flow=2.2734, kin=0.0000, loss=2.2734, ot=0.00
00, t=0.503, tswd=0.0000]
Epoch 2/5:  83%|████████▎ | 260/312 [00:15<00:03, 16.38it/s, curv=0.0000, flow=2.2734, kin=0.0000, loss=2.2734, ot=0.00
00, t=0.503, tswd=0.0000]
Epoch 2/5:  84%|████████▍ | 262/312 [00:15<00:03, 15.93it/s, curv=0.0000, flow=2.2734, kin=0.0000, loss=2.2734, ot=0.00
00, t=0.503, tswd=0.0000]
Epoch 2/5:  85%|████████▍ | 264/312 [00:15<00:02, 16.01it/s, curv=0.0000, flow=2.2734, kin=0.0000, loss=2.2734, ot=0.00
00, t=0.503, tswd=0.0000]
Epoch 2/5:  85%|████████▌ | 266/312 [00:16<00:02, 16.14it/s, curv=0.0000, flow=2.2734, kin=0.0000, loss=2.2734, ot=0.00
00, t=0.503, tswd=0.0000]
Epoch 2/5:  86%|████████▌ | 268/312 [00:16<00:02, 16.39it/s, curv=0.0000, flow=2.2734, kin=0.0000, loss=2.2734, ot=0.00
00, t=0.503, tswd=0.0000]
Epoch 2/5:  87%|████████▋ | 270/312 [00:16<00:02, 16.71it/s, curv=0.0000, flow=2.2734, kin=0.0000, loss=2.2734, ot=0.00
00, t=0.503, tswd=0.0000]
Epoch 2/5:  87%|████████▋ | 272/312 [00:16<00:02, 16.74it/s, curv=0.0000, flow=2.2734, kin=0.0000, loss=2.2734, ot=0.00
00, t=0.503, tswd=0.0000]
Epoch 2/5:  88%|████████▊ | 274/312 [00:16<00:02, 16.85it/s, curv=0.0000, flow=2.2734, kin=0.0000, loss=2.2734, ot=0.00
00, t=0.503, tswd=0.0000]
Epoch 2/5:  88%|████████▊ | 276/312 [00:16<00:02, 16.71it/s, curv=0.0000, flow=2.2734, kin=0.0000, loss=2.2734, ot=0.00
00, t=0.503, tswd=0.0000]
Epoch 2/5:  89%|████████▉ | 278/312 [00:16<00:02, 16.51it/s, curv=0.0000, flow=2.2734, kin=0.0000, loss=2.2734, ot=0.00
00, t=0.503, tswd=0.0000]
Epoch 2/5:  89%|████████▉ | 278/312 [00:16<00:02, 16.51it/s, curv=0.0000, flow=2.2641, kin=0.0000, loss=2.2641, ot=0.00
00, t=0.502, tswd=0.0000]
Epoch 2/5:  90%|████████▉ | 280/312 [00:16<00:01, 16.82it/s, curv=0.0000, flow=2.2641, kin=0.0000, loss=2.2641, ot=0.00
00, t=0.502, tswd=0.0000]
Epoch 2/5:  90%|█████████ | 282/312 [00:17<00:01, 16.62it/s, curv=0.0000, flow=2.2641, kin=0.0000, loss=2.2641, ot=0.00
00, t=0.502, tswd=0.0000]
Epoch 2/5:  91%|█████████ | 284/312 [00:17<00:01, 15.71it/s, curv=0.0000, flow=2.2641, kin=0.0000, loss=2.2641, ot=0.00
00, t=0.502, tswd=0.0000]
Epoch 2/5:  92%|█████████▏| 286/312 [00:17<00:01, 16.00it/s, curv=0.0000, flow=2.2641, kin=0.0000, loss=2.2641, ot=0.00
00, t=0.502, tswd=0.0000]
Epoch 2/5:  92%|█████████▏| 288/312 [00:17<00:01, 16.39it/s, curv=0.0000, flow=2.2641, kin=0.0000, loss=2.2641, ot=0.00
00, t=0.502, tswd=0.0000]
Epoch 2/5:  93%|█████████▎| 290/312 [00:17<00:01, 16.33it/s, curv=0.0000, flow=2.2641, kin=0.0000, loss=2.2641, ot=0.00
00, t=0.502, tswd=0.0000]
Epoch 2/5:  94%|█████████▎| 292/312 [00:17<00:01, 16.06it/s, curv=0.0000, flow=2.2641, kin=0.0000, loss=2.2641, ot=0.00
00, t=0.502, tswd=0.0000]
Epoch 2/5:  94%|█████████▍| 294/312 [00:17<00:01, 16.11it/s, curv=0.0000, flow=2.2641, kin=0.0000, loss=2.2641, ot=0.00
00, t=0.502, tswd=0.0000]
Epoch 2/5:  95%|█████████▍| 296/312 [00:17<00:01, 15.89it/s, curv=0.0000, flow=2.2641, kin=0.0000, loss=2.2641, ot=0.00
00, t=0.502, tswd=0.0000]
Epoch 2/5:  96%|█████████▌| 298/312 [00:18<00:00, 16.13it/s, curv=0.0000, flow=2.2641, kin=0.0000, loss=2.2641, ot=0.00
00, t=0.502, tswd=0.0000]
Epoch 2/5:  96%|█████████▌| 298/312 [00:18<00:00, 16.13it/s, curv=0.0000, flow=2.2589, kin=0.0000, loss=2.2589, ot=0.00
00, t=0.504, tswd=0.0000]
Epoch 2/5:  96%|█████████▌| 300/312 [00:18<00:00, 16.33it/s, curv=0.0000, flow=2.2589, kin=0.0000, loss=2.2589, ot=0.00
00, t=0.504, tswd=0.0000]
Epoch 2/5:  97%|█████████▋| 302/312 [00:18<00:00, 16.37it/s, curv=0.0000, flow=2.2589, kin=0.0000, loss=2.2589, ot=0.00
00, t=0.504, tswd=0.0000]
Epoch 2/5:  97%|█████████▋| 304/312 [00:18<00:00, 16.57it/s, curv=0.0000, flow=2.2589, kin=0.0000, loss=2.2589, ot=0.00
00, t=0.504, tswd=0.0000]
Epoch 2/5:  98%|█████████▊| 306/312 [00:18<00:00, 17.01it/s, curv=0.0000, flow=2.2589, kin=0.0000, loss=2.2589, ot=0.00
00, t=0.504, tswd=0.0000]
Epoch 2/5:  99%|█████████▊| 308/312 [00:18<00:00, 16.98it/s, curv=0.0000, flow=2.2589, kin=0.0000, loss=2.2589, ot=0.00
00, t=0.504, tswd=0.0000]
Epoch 2/5:  99%|█████████▉| 310/312 [00:18<00:00, 17.12it/s, curv=0.0000, flow=2.2589, kin=0.0000, loss=2.2589, ot=0.00
00, t=0.504, tswd=0.0000]
Epoch 2/5:  99%|█████████▉| 310/312 [00:18<00:00, 17.12it/s, curv=0.0000, flow=2.2563, kin=0.0000, loss=2.2563, ot=0.00
00, t=0.504, tswd=0.0000]
Epoch 2/5: 100%|██████████| 312/312 [00:18<00:00, 16.69it/s, curv=0.0000, flow=2.2563, kin=0.0000, loss=2.2563, ot=0.00
00, t=0.504, tswd=0.0000]
Epoch 2/5: 100%|██████████| 312/312 [00:18<00:00, 16.55it/s, curv=0.0000, flow=2.2563, kin=0.0000, loss=2.2563, ot=0.00
00, t=0.504, tswd=0.0000]
2026-07-01 10:48:49,974 - INFO - Epoch 2/5 | loss=2.2563 flow=2.2563 kin=0.0000 ot=0.0000 tswd=0.0000 gini=0.000 hub=0.
000 otd=0.0000 fiber=0.000 leak=0.0000 tgtshift=0.0000 cla=0.0000 cea=0.0000 sem_attn=0.000 sem_k=0.000 topo_ent=0.000 
topo_on=0 plan_ent=0.000 bary_ent=0.000 tok_ent=0.000 tok_eff=0.0 tok_max=0.000 tok_svd=0.000 tok_cos=0.000 app_s=0.000
 app_d=0.000 sigma=0.000 bex=0 idr=0.00 t=0.504 |v|=0.000 lr=1.82e-04 data=0.6s comp=12.9s epoch=18.9s sps=264.78 bstep
=0.060s gpu=78.7/86.0% vram=4.12/4.13GB power=66.1/70.2W peak=0.59/0.66GB
2026-07-01 10:48:49,984 - INFO - Epoch 3 weight schedule: stage=0 w_content=0.0000 w_style=0.0000 w_style_strength_reg=
0.0000 sigma=0.0000

Epoch 3/5:   0%|          | 0/312 [00:00<?, ?it/s]
Epoch 3/5:   0%|          | 0/312 [00:00<?, ?it/s, curv=0.0000, flow=2.2411, kin=0.0000, loss=2.2411, ot=0.0000, t=0.53
8, tswd=0.0000]
Epoch 3/5:   1%|          | 2/312 [00:00<00:17, 17.55it/s, curv=0.0000, flow=2.2411, kin=0.0000, loss=2.2411, ot=0.0000
, t=0.538, tswd=0.0000]
Epoch 3/5:   1%|▏         | 4/312 [00:00<00:18, 16.25it/s, curv=0.0000, flow=2.2411, kin=0.0000, loss=2.2411, ot=0.0000
, t=0.538, tswd=0.0000]
Epoch 3/5:   2%|▏         | 6/312 [00:00<00:18, 16.26it/s, curv=0.0000, flow=2.2411, kin=0.0000, loss=2.2411, ot=0.0000
, t=0.538, tswd=0.0000]
Epoch 3/5:   3%|▎         | 8/312 [00:00<00:18, 16.49it/s, curv=0.0000, flow=2.2411, kin=0.0000, loss=2.2411, ot=0.0000
, t=0.538, tswd=0.0000]
Epoch 3/5:   3%|▎         | 10/312 [00:00<00:18, 16.40it/s, curv=0.0000, flow=2.2411, kin=0.0000, loss=2.2411, ot=0.000
0, t=0.538, tswd=0.0000]
Epoch 3/5:   4%|▍         | 12/312 [00:00<00:18, 16.46it/s, curv=0.0000, flow=2.2411, kin=0.0000, loss=2.2411, ot=0.000
0, t=0.538, tswd=0.0000]
Epoch 3/5:   4%|▍         | 14/312 [00:00<00:18, 16.52it/s, curv=0.0000, flow=2.2411, kin=0.0000, loss=2.2411, ot=0.000
0, t=0.538, tswd=0.0000]
Epoch 3/5:   5%|▌         | 16/312 [00:00<00:17, 16.48it/s, curv=0.0000, flow=2.2411, kin=0.0000, loss=2.2411, ot=0.000
0, t=0.538, tswd=0.0000]
Epoch 3/5:   6%|▌         | 18/312 [00:01<00:17, 16.68it/s, curv=0.0000, flow=2.2411, kin=0.0000, loss=2.2411, ot=0.000
0, t=0.538, tswd=0.0000]
Epoch 3/5:   6%|▌         | 18/312 [00:01<00:17, 16.68it/s, curv=0.0000, flow=2.1680, kin=0.0000, loss=2.1680, ot=0.000
0, t=0.505, tswd=0.0000]
Epoch 3/5:   6%|▋         | 20/312 [00:01<00:17, 16.62it/s, curv=0.0000, flow=2.1680, kin=0.0000, loss=2.1680, ot=0.000
0, t=0.505, tswd=0.0000]
Epoch 3/5:   7%|▋         | 22/312 [00:01<00:17, 16.64it/s, curv=0.0000, flow=2.1680, kin=0.0000, loss=2.1680, ot=0.000
0, t=0.505, tswd=0.0000]
Epoch 3/5:   8%|▊         | 24/312 [00:01<00:17, 16.36it/s, curv=0.0000, flow=2.1680, kin=0.0000, loss=2.1680, ot=0.000
0, t=0.505, tswd=0.0000]
Epoch 3/5:   8%|▊         | 26/312 [00:01<00:17, 16.55it/s, curv=0.0000, flow=2.1680, kin=0.0000, loss=2.1680, ot=0.000
0, t=0.505, tswd=0.0000]
Epoch 3/5:   9%|▉         | 28/312 [00:01<00:17, 16.55it/s, curv=0.0000, flow=2.1680, kin=0.0000, loss=2.1680, ot=0.000
0, t=0.505, tswd=0.0000]
Epoch 3/5:  10%|▉         | 30/312 [00:01<00:17, 16.28it/s, curv=0.0000, flow=2.1680, kin=0.0000, loss=2.1680, ot=0.000
0, t=0.505, tswd=0.0000]
Epoch 3/5:  10%|█         | 32/312 [00:01<00:17, 16.34it/s, curv=0.0000, flow=2.1680, kin=0.0000, loss=2.1680, ot=0.000
0, t=0.505, tswd=0.0000]
Epoch 3/5:  11%|█         | 34/312 [00:02<00:17, 16.34it/s, curv=0.0000, flow=2.1680, kin=0.0000, loss=2.1680, ot=0.000
0, t=0.505, tswd=0.0000]
Epoch 3/5:  12%|█▏        | 36/312 [00:02<00:16, 16.26it/s, curv=0.0000, flow=2.1680, kin=0.0000, loss=2.1680, ot=0.000
0, t=0.505, tswd=0.0000]
Epoch 3/5:  12%|█▏        | 38/312 [00:02<00:16, 16.42it/s, curv=0.0000, flow=2.1680, kin=0.0000, loss=2.1680, ot=0.000
0, t=0.505, tswd=0.0000]
Epoch 3/5:  12%|█▏        | 38/312 [00:02<00:16, 16.42it/s, curv=0.0000, flow=2.1531, kin=0.0000, loss=2.1531, ot=0.000
0, t=0.516, tswd=0.0000]
Epoch 3/5:  13%|█▎        | 40/312 [00:02<00:16, 16.49it/s, curv=0.0000, flow=2.1531, kin=0.0000, loss=2.1531, ot=0.000
0, t=0.516, tswd=0.0000]
Epoch 3/5:  13%|█▎        | 42/312 [00:02<00:16, 16.10it/s, curv=0.0000, flow=2.1531, kin=0.0000, loss=2.1531, ot=0.000
0, t=0.516, tswd=0.0000]
Epoch 3/5:  14%|█▍        | 44/312 [00:02<00:16, 15.93it/s, curv=0.0000, flow=2.1531, kin=0.0000, loss=2.1531, ot=0.000
0, t=0.516, tswd=0.0000]
Epoch 3/5:  15%|█▍        | 46/312 [00:02<00:17, 15.60it/s, curv=0.0000, flow=2.1531, kin=0.0000, loss=2.1531, ot=0.000
0, t=0.516, tswd=0.0000]
Epoch 3/5:  15%|█▌        | 48/312 [00:02<00:16, 15.58it/s, curv=0.0000, flow=2.1531, kin=0.0000, loss=2.1531, ot=0.000
0, t=0.516, tswd=0.0000]
Epoch 3/5:  16%|█▌        | 50/312 [00:03<00:16, 15.90it/s, curv=0.0000, flow=2.1531, kin=0.0000, loss=2.1531, ot=0.000
0, t=0.516, tswd=0.0000]
Epoch 3/5:  17%|█▋        | 52/312 [00:03<00:15, 16.34it/s, curv=0.0000, flow=2.1531, kin=0.0000, loss=2.1531, ot=0.000
0, t=0.516, tswd=0.0000]
Epoch 3/5:  17%|█▋        | 54/312 [00:03<00:15, 16.52it/s, curv=0.0000, flow=2.1531, kin=0.0000, loss=2.1531, ot=0.000
0, t=0.516, tswd=0.0000]
Epoch 3/5:  18%|█▊        | 56/312 [00:03<00:15, 16.74it/s, curv=0.0000, flow=2.1531, kin=0.0000, loss=2.1531, ot=0.000
0, t=0.516, tswd=0.0000]
Epoch 3/5:  19%|█▊        | 58/312 [00:03<00:15, 16.91it/s, curv=0.0000, flow=2.1531, kin=0.0000, loss=2.1531, ot=0.000
0, t=0.516, tswd=0.0000]
Epoch 3/5:  19%|█▊        | 58/312 [00:03<00:15, 16.91it/s, curv=0.0000, flow=2.1622, kin=0.0000, loss=2.1622, ot=0.000
0, t=0.511, tswd=0.0000]
Epoch 3/5:  19%|█▉        | 60/312 [00:03<00:14, 16.89it/s, curv=0.0000, flow=2.1622, kin=0.0000, loss=2.1622, ot=0.000
0, t=0.511, tswd=0.0000]
Epoch 3/5:  20%|█▉        | 62/312 [00:03<00:14, 17.15it/s, curv=0.0000, flow=2.1622, kin=0.0000, loss=2.1622, ot=0.000
0, t=0.511, tswd=0.0000]
Epoch 3/5:  21%|██        | 64/312 [00:03<00:14, 16.96it/s, curv=0.0000, flow=2.1622, kin=0.0000, loss=2.1622, ot=0.000
0, t=0.511, tswd=0.0000]
Epoch 3/5:  21%|██        | 66/312 [00:04<00:14, 16.94it/s, curv=0.0000, flow=2.1622, kin=0.0000, loss=2.1622, ot=0.000
0, t=0.511, tswd=0.0000]
Epoch 3/5:  22%|██▏       | 68/312 [00:04<00:14, 16.97it/s, curv=0.0000, flow=2.1622, kin=0.0000, loss=2.1622, ot=0.000
0, t=0.511, tswd=0.0000]
Epoch 3/5:  22%|██▏       | 70/312 [00:04<00:14, 16.94it/s, curv=0.0000, flow=2.1622, kin=0.0000, loss=2.1622, ot=0.000
0, t=0.511, tswd=0.0000]
Epoch 3/5:  23%|██▎       | 72/312 [00:04<00:14, 16.61it/s, curv=0.0000, flow=2.1622, kin=0.0000, loss=2.1622, ot=0.000
0, t=0.511, tswd=0.0000]
Epoch 3/5:  24%|██▎       | 74/312 [00:04<00:14, 16.46it/s, curv=0.0000, flow=2.1622, kin=0.0000, loss=2.1622, ot=0.000
0, t=0.511, tswd=0.0000]
Epoch 3/5:  24%|██▍       | 76/312 [00:04<00:14, 16.52it/s, curv=0.0000, flow=2.1622, kin=0.0000, loss=2.1622, ot=0.000
0, t=0.511, tswd=0.0000]
Epoch 3/5:  25%|██▌       | 78/312 [00:04<00:14, 16.50it/s, curv=0.0000, flow=2.1622, kin=0.0000, loss=2.1622, ot=0.000
0, t=0.511, tswd=0.0000]
Epoch 3/5:  25%|██▌       | 78/312 [00:04<00:14, 16.50it/s, curv=0.0000, flow=2.1561, kin=0.0000, loss=2.1561, ot=0.000
0, t=0.511, tswd=0.0000]
Epoch 3/5:  26%|██▌       | 80/312 [00:04<00:14, 16.16it/s, curv=0.0000, flow=2.1561, kin=0.0000, loss=2.1561, ot=0.000
0, t=0.511, tswd=0.0000]
Epoch 3/5:  26%|██▋       | 82/312 [00:04<00:13, 16.43it/s, curv=0.0000, flow=2.1561, kin=0.0000, loss=2.1561, ot=0.000
0, t=0.511, tswd=0.0000]
Epoch 3/5:  27%|██▋       | 84/312 [00:05<00:13, 16.52it/s, curv=0.0000, flow=2.1561, kin=0.0000, loss=2.1561, ot=0.000
0, t=0.511, tswd=0.0000]
Epoch 3/5:  28%|██▊       | 86/312 [00:05<00:13, 16.58it/s, curv=0.0000, flow=2.1561, kin=0.0000, loss=2.1561, ot=0.000
0, t=0.511, tswd=0.0000]
Epoch 3/5:  28%|██▊       | 88/312 [00:05<00:13, 16.89it/s, curv=0.0000, flow=2.1561, kin=0.0000, loss=2.1561, ot=0.000
0, t=0.511, tswd=0.0000]
Epoch 3/5:  29%|██▉       | 90/312 [00:05<00:12, 17.22it/s, curv=0.0000, flow=2.1561, kin=0.0000, loss=2.1561, ot=0.000
0, t=0.511, tswd=0.0000]
Epoch 3/5:  29%|██▉       | 92/312 [00:05<00:12, 16.99it/s, curv=0.0000, flow=2.1561, kin=0.0000, loss=2.1561, ot=0.000
0, t=0.511, tswd=0.0000]
Epoch 3/5:  30%|███       | 94/312 [00:05<00:12, 17.21it/s, curv=0.0000, flow=2.1561, kin=0.0000, loss=2.1561, ot=0.000
0, t=0.511, tswd=0.0000]
Epoch 3/5:  31%|███       | 96/312 [00:05<00:12, 16.85it/s, curv=0.0000, flow=2.1561, kin=0.0000, loss=2.1561, ot=0.000
0, t=0.511, tswd=0.0000]
Epoch 3/5:  31%|███▏      | 98/312 [00:05<00:12, 17.09it/s, curv=0.0000, flow=2.1561, kin=0.0000, loss=2.1561, ot=0.000
0, t=0.511, tswd=0.0000]
Epoch 3/5:  31%|███▏      | 98/312 [00:06<00:12, 17.09it/s, curv=0.0000, flow=2.1408, kin=0.0000, loss=2.1408, ot=0.000
0, t=0.507, tswd=0.0000]
Epoch 3/5:  32%|███▏      | 100/312 [00:06<00:12, 16.67it/s, curv=0.0000, flow=2.1408, kin=0.0000, loss=2.1408, ot=0.00
00, t=0.507, tswd=0.0000]
Epoch 3/5:  33%|███▎      | 102/312 [00:06<00:12, 16.44it/s, curv=0.0000, flow=2.1408, kin=0.0000, loss=2.1408, ot=0.00
00, t=0.507, tswd=0.0000]
Epoch 3/5:  33%|███▎      | 104/312 [00:06<00:12, 16.64it/s, curv=0.0000, flow=2.1408, kin=0.0000, loss=2.1408, ot=0.00
00, t=0.507, tswd=0.0000]
Epoch 3/5:  34%|███▍      | 106/312 [00:06<00:12, 16.54it/s, curv=0.0000, flow=2.1408, kin=0.0000, loss=2.1408, ot=0.00
00, t=0.507, tswd=0.0000]
Epoch 3/5:  35%|███▍      | 108/312 [00:06<00:12, 16.48it/s, curv=0.0000, flow=2.1408, kin=0.0000, loss=2.1408, ot=0.00
00, t=0.507, tswd=0.0000]
Epoch 3/5:  35%|███▌      | 110/312 [00:06<00:12, 16.54it/s, curv=0.0000, flow=2.1408, kin=0.0000, loss=2.1408, ot=0.00
00, t=0.507, tswd=0.0000]
Epoch 3/5:  36%|███▌      | 112/312 [00:06<00:12, 16.54it/s, curv=0.0000, flow=2.1408, kin=0.0000, loss=2.1408, ot=0.00
00, t=0.507, tswd=0.0000]
Epoch 3/5:  37%|███▋      | 114/312 [00:06<00:12, 16.44it/s, curv=0.0000, flow=2.1408, kin=0.0000, loss=2.1408, ot=0.00
00, t=0.507, tswd=0.0000]
Epoch 3/5:  37%|███▋      | 116/312 [00:07<00:11, 16.42it/s, curv=0.0000, flow=2.1408, kin=0.0000, loss=2.1408, ot=0.00
00, t=0.507, tswd=0.0000]
Epoch 3/5:  38%|███▊      | 118/312 [00:07<00:11, 16.98it/s, curv=0.0000, flow=2.1408, kin=0.0000, loss=2.1408, ot=0.00
00, t=0.507, tswd=0.0000]
Epoch 3/5:  38%|███▊      | 118/312 [00:07<00:11, 16.98it/s, curv=0.0000, flow=2.1444, kin=0.0000, loss=2.1444, ot=0.00
00, t=0.505, tswd=0.0000]
Epoch 3/5:  38%|███▊      | 120/312 [00:07<00:10, 17.65it/s, curv=0.0000, flow=2.1444, kin=0.0000, loss=2.1444, ot=0.00
00, t=0.505, tswd=0.0000]
Epoch 3/5:  39%|███▉      | 122/312 [00:07<00:10, 17.76it/s, curv=0.0000, flow=2.1444, kin=0.0000, loss=2.1444, ot=0.00
00, t=0.505, tswd=0.0000]
Epoch 3/5:  40%|███▉      | 124/312 [00:07<00:10, 18.30it/s, curv=0.0000, flow=2.1444, kin=0.0000, loss=2.1444, ot=0.00
00, t=0.505, tswd=0.0000]
Epoch 3/5:  40%|████      | 126/312 [00:07<00:10, 18.07it/s, curv=0.0000, flow=2.1444, kin=0.0000, loss=2.1444, ot=0.00
00, t=0.505, tswd=0.0000]
Epoch 3/5:  41%|████      | 128/312 [00:07<00:10, 18.36it/s, curv=0.0000, flow=2.1444, kin=0.0000, loss=2.1444, ot=0.00
00, t=0.505, tswd=0.0000]
Epoch 3/5:  42%|████▏     | 130/312 [00:07<00:09, 18.56it/s, curv=0.0000, flow=2.1444, kin=0.0000, loss=2.1444, ot=0.00
00, t=0.505, tswd=0.0000]
Epoch 3/5:  42%|████▏     | 132/312 [00:07<00:10, 17.84it/s, curv=0.0000, flow=2.1444, kin=0.0000, loss=2.1444, ot=0.00
00, t=0.505, tswd=0.0000]
Epoch 3/5:  43%|████▎     | 134/312 [00:08<00:10, 17.31it/s, curv=0.0000, flow=2.1444, kin=0.0000, loss=2.1444, ot=0.00
00, t=0.505, tswd=0.0000]
Epoch 3/5:  44%|████▎     | 136/312 [00:08<00:09, 17.61it/s, curv=0.0000, flow=2.1444, kin=0.0000, loss=2.1444, ot=0.00
00, t=0.505, tswd=0.0000]
Epoch 3/5:  44%|████▍     | 138/312 [00:08<00:09, 17.88it/s, curv=0.0000, flow=2.1444, kin=0.0000, loss=2.1444, ot=0.00
00, t=0.505, tswd=0.0000]
Epoch 3/5:  44%|████▍     | 138/312 [00:08<00:09, 17.88it/s, curv=0.0000, flow=2.1406, kin=0.0000, loss=2.1406, ot=0.00
00, t=0.510, tswd=0.0000]
Epoch 3/5:  45%|████▍     | 140/312 [00:08<00:09, 17.74it/s, curv=0.0000, flow=2.1406, kin=0.0000, loss=2.1406, ot=0.00
00, t=0.510, tswd=0.0000]
Epoch 3/5:  46%|████▌     | 142/312 [00:08<00:09, 17.94it/s, curv=0.0000, flow=2.1406, kin=0.0000, loss=2.1406, ot=0.00
00, t=0.510, tswd=0.0000]
Epoch 3/5:  46%|████▌     | 144/312 [00:08<00:09, 17.98it/s, curv=0.0000, flow=2.1406, kin=0.0000, loss=2.1406, ot=0.00
00, t=0.510, tswd=0.0000]
Epoch 3/5:  47%|████▋     | 146/312 [00:08<00:09, 18.07it/s, curv=0.0000, flow=2.1406, kin=0.0000, loss=2.1406, ot=0.00
00, t=0.510, tswd=0.0000]
Epoch 3/5:  47%|████▋     | 148/312 [00:08<00:09, 18.10it/s, curv=0.0000, flow=2.1406, kin=0.0000, loss=2.1406, ot=0.00
00, t=0.510, tswd=0.0000]
Epoch 3/5:  48%|████▊     | 150/312 [00:08<00:09, 17.61it/s, curv=0.0000, flow=2.1406, kin=0.0000, loss=2.1406, ot=0.00
00, t=0.510, tswd=0.0000]
Epoch 3/5:  49%|████▊     | 152/312 [00:09<00:08, 17.92it/s, curv=0.0000, flow=2.1406, kin=0.0000, loss=2.1406, ot=0.00
00, t=0.510, tswd=0.0000]
Epoch 3/5:  49%|████▉     | 154/312 [00:09<00:08, 17.76it/s, curv=0.0000, flow=2.1406, kin=0.0000, loss=2.1406, ot=0.00
00, t=0.510, tswd=0.0000]
Epoch 3/5:  50%|█████     | 156/312 [00:09<00:08, 18.03it/s, curv=0.0000, flow=2.1406, kin=0.0000, loss=2.1406, ot=0.00
00, t=0.510, tswd=0.0000]
Epoch 3/5:  51%|█████     | 158/312 [00:09<00:08, 17.85it/s, curv=0.0000, flow=2.1406, kin=0.0000, loss=2.1406, ot=0.00
00, t=0.510, tswd=0.0000]
Epoch 3/5:  51%|█████     | 158/312 [00:09<00:08, 17.85it/s, curv=0.0000, flow=2.1380, kin=0.0000, loss=2.1380, ot=0.00
00, t=0.510, tswd=0.0000]
Epoch 3/5:  51%|█████▏    | 160/312 [00:09<00:08, 17.87it/s, curv=0.0000, flow=2.1380, kin=0.0000, loss=2.1380, ot=0.00
00, t=0.510, tswd=0.0000]
Epoch 3/5:  52%|█████▏    | 162/312 [00:09<00:08, 17.96it/s, curv=0.0000, flow=2.1380, kin=0.0000, loss=2.1380, ot=0.00
00, t=0.510, tswd=0.0000]
Epoch 3/5:  53%|█████▎    | 164/312 [00:09<00:08, 17.84it/s, curv=0.0000, flow=2.1380, kin=0.0000, loss=2.1380, ot=0.00
00, t=0.510, tswd=0.0000]
Epoch 3/5:  53%|█████▎    | 166/312 [00:09<00:08, 17.42it/s, curv=0.0000, flow=2.1380, kin=0.0000, loss=2.1380, ot=0.00
00, t=0.510, tswd=0.0000]
Epoch 3/5:  54%|█████▍    | 168/312 [00:09<00:08, 17.47it/s, curv=0.0000, flow=2.1380, kin=0.0000, loss=2.1380, ot=0.00
00, t=0.510, tswd=0.0000]
Epoch 3/5:  54%|█████▍    | 170/312 [00:10<00:08, 17.58it/s, curv=0.0000, flow=2.1380, kin=0.0000, loss=2.1380, ot=0.00
00, t=0.510, tswd=0.0000]
Epoch 3/5:  55%|█████▌    | 172/312 [00:10<00:07, 17.55it/s, curv=0.0000, flow=2.1380, kin=0.0000, loss=2.1380, ot=0.00
00, t=0.510, tswd=0.0000]
Epoch 3/5:  56%|█████▌    | 174/312 [00:10<00:07, 17.64it/s, curv=0.0000, flow=2.1380, kin=0.0000, loss=2.1380, ot=0.00
00, t=0.510, tswd=0.0000]
Epoch 3/5:  56%|█████▋    | 176/312 [00:10<00:07, 17.54it/s, curv=0.0000, flow=2.1380, kin=0.0000, loss=2.1380, ot=0.00
00, t=0.510, tswd=0.0000]
Epoch 3/5:  57%|█████▋    | 178/312 [00:10<00:07, 17.41it/s, curv=0.0000, flow=2.1380, kin=0.0000, loss=2.1380, ot=0.00
00, t=0.510, tswd=0.0000]
Epoch 3/5:  57%|█████▋    | 178/312 [00:10<00:07, 17.41it/s, curv=0.0000, flow=2.1380, kin=0.0000, loss=2.1380, ot=0.00
00, t=0.510, tswd=0.0000]
Epoch 3/5:  58%|█████▊    | 180/312 [00:10<00:07, 17.28it/s, curv=0.0000, flow=2.1380, kin=0.0000, loss=2.1380, ot=0.00
00, t=0.510, tswd=0.0000]
Epoch 3/5:  58%|█████▊    | 182/312 [00:10<00:07, 17.44it/s, curv=0.0000, flow=2.1380, kin=0.0000, loss=2.1380, ot=0.00
00, t=0.510, tswd=0.0000]
Epoch 3/5:  59%|█████▉    | 184/312 [00:10<00:07, 17.48it/s, curv=0.0000, flow=2.1380, kin=0.0000, loss=2.1380, ot=0.00
00, t=0.510, tswd=0.0000]
Epoch 3/5:  60%|█████▉    | 186/312 [00:10<00:07, 17.44it/s, curv=0.0000, flow=2.1380, kin=0.0000, loss=2.1380, ot=0.00
00, t=0.510, tswd=0.0000]
Epoch 3/5:  60%|██████    | 188/312 [00:11<00:07, 17.51it/s, curv=0.0000, flow=2.1380, kin=0.0000, loss=2.1380, ot=0.00
00, t=0.510, tswd=0.0000]
Epoch 3/5:  61%|██████    | 190/312 [00:11<00:06, 17.99it/s, curv=0.0000, flow=2.1380, kin=0.0000, loss=2.1380, ot=0.00
00, t=0.510, tswd=0.0000]
Epoch 3/5:  62%|██████▏   | 192/312 [00:11<00:06, 18.07it/s, curv=0.0000, flow=2.1380, kin=0.0000, loss=2.1380, ot=0.00
00, t=0.510, tswd=0.0000]
Epoch 3/5:  62%|██████▏   | 194/312 [00:11<00:06, 18.25it/s, curv=0.0000, flow=2.1380, kin=0.0000, loss=2.1380, ot=0.00
00, t=0.510, tswd=0.0000]
Epoch 3/5:  63%|██████▎   | 196/312 [00:11<00:06, 18.31it/s, curv=0.0000, flow=2.1380, kin=0.0000, loss=2.1380, ot=0.00
00, t=0.510, tswd=0.0000]
Epoch 3/5:  63%|██████▎   | 198/312 [00:11<00:06, 18.55it/s, curv=0.0000, flow=2.1380, kin=0.0000, loss=2.1380, ot=0.00
00, t=0.510, tswd=0.0000]
Epoch 3/5:  63%|██████▎   | 198/312 [00:11<00:06, 18.55it/s, curv=0.0000, flow=2.1352, kin=0.0000, loss=2.1352, ot=0.00
00, t=0.510, tswd=0.0000]
Epoch 3/5:  64%|██████▍   | 200/312 [00:11<00:06, 18.37it/s, curv=0.0000, flow=2.1352, kin=0.0000, loss=2.1352, ot=0.00
00, t=0.510, tswd=0.0000]
Epoch 3/5:  65%|██████▍   | 202/312 [00:11<00:06, 18.03it/s, curv=0.0000, flow=2.1352, kin=0.0000, loss=2.1352, ot=0.00
00, t=0.510, tswd=0.0000]
Epoch 3/5:  65%|██████▌   | 204/312 [00:11<00:05, 18.00it/s, curv=0.0000, flow=2.1352, kin=0.0000, loss=2.1352, ot=0.00
00, t=0.510, tswd=0.0000]
Epoch 3/5:  66%|██████▌   | 206/312 [00:12<00:05, 17.89it/s, curv=0.0000, flow=2.1352, kin=0.0000, loss=2.1352, ot=0.00
00, t=0.510, tswd=0.0000]
Epoch 3/5:  67%|██████▋   | 208/312 [00:12<00:05, 17.56it/s, curv=0.0000, flow=2.1352, kin=0.0000, loss=2.1352, ot=0.00
00, t=0.510, tswd=0.0000]
Epoch 3/5:  67%|██████▋   | 210/312 [00:12<00:05, 17.20it/s, curv=0.0000, flow=2.1352, kin=0.0000, loss=2.1352, ot=0.00
00, t=0.510, tswd=0.0000]
Epoch 3/5:  68%|██████▊   | 212/312 [00:12<00:05, 17.17it/s, curv=0.0000, flow=2.1352, kin=0.0000, loss=2.1352, ot=0.00
00, t=0.510, tswd=0.0000]
Epoch 3/5:  69%|██████▊   | 214/312 [00:12<00:05, 17.57it/s, curv=0.0000, flow=2.1352, kin=0.0000, loss=2.1352, ot=0.00
00, t=0.510, tswd=0.0000]
Epoch 3/5:  69%|██████▉   | 216/312 [00:12<00:05, 17.56it/s, curv=0.0000, flow=2.1352, kin=0.0000, loss=2.1352, ot=0.00
00, t=0.510, tswd=0.0000]
Epoch 3/5:  70%|██████▉   | 218/312 [00:12<00:05, 17.80it/s, curv=0.0000, flow=2.1352, kin=0.0000, loss=2.1352, ot=0.00
00, t=0.510, tswd=0.0000]
Epoch 3/5:  70%|██████▉   | 218/312 [00:12<00:05, 17.80it/s, curv=0.0000, flow=2.1360, kin=0.0000, loss=2.1360, ot=0.00
00, t=0.507, tswd=0.0000]
Epoch 3/5:  71%|███████   | 220/312 [00:12<00:05, 17.85it/s, curv=0.0000, flow=2.1360, kin=0.0000, loss=2.1360, ot=0.00
00, t=0.507, tswd=0.0000]
Epoch 3/5:  71%|███████   | 222/312 [00:12<00:04, 18.08it/s, curv=0.0000, flow=2.1360, kin=0.0000, loss=2.1360, ot=0.00
00, t=0.507, tswd=0.0000]
Epoch 3/5:  72%|███████▏  | 224/312 [00:13<00:04, 18.23it/s, curv=0.0000, flow=2.1360, kin=0.0000, loss=2.1360, ot=0.00
00, t=0.507, tswd=0.0000]
Epoch 3/5:  72%|███████▏  | 226/312 [00:13<00:04, 18.57it/s, curv=0.0000, flow=2.1360, kin=0.0000, loss=2.1360, ot=0.00
00, t=0.507, tswd=0.0000]
Epoch 3/5:  73%|███████▎  | 228/312 [00:13<00:04, 18.85it/s, curv=0.0000, flow=2.1360, kin=0.0000, loss=2.1360, ot=0.00
00, t=0.507, tswd=0.0000]
Epoch 3/5:  74%|███████▎  | 230/312 [00:13<00:04, 18.80it/s, curv=0.0000, flow=2.1360, kin=0.0000, loss=2.1360, ot=0.00
00, t=0.507, tswd=0.0000]
Epoch 3/5:  74%|███████▍  | 232/312 [00:13<00:04, 19.00it/s, curv=0.0000, flow=2.1360, kin=0.0000, loss=2.1360, ot=0.00
00, t=0.507, tswd=0.0000]
Epoch 3/5:  75%|███████▌  | 234/312 [00:13<00:04, 19.20it/s, curv=0.0000, flow=2.1360, kin=0.0000, loss=2.1360, ot=0.00
00, t=0.507, tswd=0.0000]
Epoch 3/5:  76%|███████▌  | 236/312 [00:13<00:03, 19.21it/s, curv=0.0000, flow=2.1360, kin=0.0000, loss=2.1360, ot=0.00
00, t=0.507, tswd=0.0000]
Epoch 3/5:  76%|███████▋  | 238/312 [00:13<00:04, 18.39it/s, curv=0.0000, flow=2.1360, kin=0.0000, loss=2.1360, ot=0.00
00, t=0.507, tswd=0.0000]
Epoch 3/5:  76%|███████▋  | 238/312 [00:13<00:04, 18.39it/s, curv=0.0000, flow=2.1356, kin=0.0000, loss=2.1356, ot=0.00
00, t=0.507, tswd=0.0000]
Epoch 3/5:  77%|███████▋  | 240/312 [00:13<00:03, 18.02it/s, curv=0.0000, flow=2.1356, kin=0.0000, loss=2.1356, ot=0.00
00, t=0.507, tswd=0.0000]
Epoch 3/5:  78%|███████▊  | 242/312 [00:14<00:03, 17.88it/s, curv=0.0000, flow=2.1356, kin=0.0000, loss=2.1356, ot=0.00
00, t=0.507, tswd=0.0000]
Epoch 3/5:  78%|███████▊  | 244/312 [00:14<00:03, 17.78it/s, curv=0.0000, flow=2.1356, kin=0.0000, loss=2.1356, ot=0.00
00, t=0.507, tswd=0.0000]
Epoch 3/5:  79%|███████▉  | 246/312 [00:14<00:03, 17.86it/s, curv=0.0000, flow=2.1356, kin=0.0000, loss=2.1356, ot=0.00
00, t=0.507, tswd=0.0000]
Epoch 3/5:  79%|███████▉  | 248/312 [00:14<00:03, 17.81it/s, curv=0.0000, flow=2.1356, kin=0.0000, loss=2.1356, ot=0.00
00, t=0.507, tswd=0.0000]
Epoch 3/5:  80%|████████  | 250/312 [00:14<00:03, 17.90it/s, curv=0.0000, flow=2.1356, kin=0.0000, loss=2.1356, ot=0.00
00, t=0.507, tswd=0.0000]
Epoch 3/5:  81%|████████  | 252/312 [00:14<00:03, 17.80it/s, curv=0.0000, flow=2.1356, kin=0.0000, loss=2.1356, ot=0.00
00, t=0.507, tswd=0.0000]
Epoch 3/5:  81%|████████▏ | 254/312 [00:14<00:03, 17.71it/s, curv=0.0000, flow=2.1356, kin=0.0000, loss=2.1356, ot=0.00
00, t=0.507, tswd=0.0000]
Epoch 3/5:  82%|████████▏ | 256/312 [00:14<00:03, 17.54it/s, curv=0.0000, flow=2.1356, kin=0.0000, loss=2.1356, ot=0.00
00, t=0.507, tswd=0.0000]
Epoch 3/5:  83%|████████▎ | 258/312 [00:14<00:03, 17.38it/s, curv=0.0000, flow=2.1356, kin=0.0000, loss=2.1356, ot=0.00
00, t=0.507, tswd=0.0000]
Epoch 3/5:  83%|████████▎ | 258/312 [00:15<00:03, 17.38it/s, curv=0.0000, flow=2.1344, kin=0.0000, loss=2.1344, ot=0.00
00, t=0.507, tswd=0.0000]
Epoch 3/5:  83%|████████▎ | 260/312 [00:15<00:02, 17.71it/s, curv=0.0000, flow=2.1344, kin=0.0000, loss=2.1344, ot=0.00
00, t=0.507, tswd=0.0000]
Epoch 3/5:  84%|████████▍ | 262/312 [00:15<00:02, 17.89it/s, curv=0.0000, flow=2.1344, kin=0.0000, loss=2.1344, ot=0.00
00, t=0.507, tswd=0.0000]
Epoch 3/5:  85%|████████▍ | 264/312 [00:15<00:02, 17.90it/s, curv=0.0000, flow=2.1344, kin=0.0000, loss=2.1344, ot=0.00
00, t=0.507, tswd=0.0000]
Epoch 3/5:  85%|████████▌ | 266/312 [00:15<00:02, 18.20it/s, curv=0.0000, flow=2.1344, kin=0.0000, loss=2.1344, ot=0.00
00, t=0.507, tswd=0.0000]
Epoch 3/5:  86%|████████▌ | 268/312 [00:15<00:02, 18.25it/s, curv=0.0000, flow=2.1344, kin=0.0000, loss=2.1344, ot=0.00
00, t=0.507, tswd=0.0000]
Epoch 3/5:  87%|████████▋ | 270/312 [00:15<00:02, 18.17it/s, curv=0.0000, flow=2.1344, kin=0.0000, loss=2.1344, ot=0.00
00, t=0.507, tswd=0.0000]
Epoch 3/5:  87%|████████▋ | 272/312 [00:15<00:02, 18.48it/s, curv=0.0000, flow=2.1344, kin=0.0000, loss=2.1344, ot=0.00
00, t=0.507, tswd=0.0000]
Epoch 3/5:  88%|████████▊ | 274/312 [00:15<00:02, 18.17it/s, curv=0.0000, flow=2.1344, kin=0.0000, loss=2.1344, ot=0.00
00, t=0.507, tswd=0.0000]
Epoch 3/5:  88%|████████▊ | 276/312 [00:15<00:01, 18.64it/s, curv=0.0000, flow=2.1344, kin=0.0000, loss=2.1344, ot=0.00
00, t=0.507, tswd=0.0000]
Epoch 3/5:  89%|████████▉ | 278/312 [00:16<00:01, 18.38it/s, curv=0.0000, flow=2.1344, kin=0.0000, loss=2.1344, ot=0.00
00, t=0.507, tswd=0.0000]
Epoch 3/5:  89%|████████▉ | 278/312 [00:16<00:01, 18.38it/s, curv=0.0000, flow=2.1330, kin=0.0000, loss=2.1330, ot=0.00
00, t=0.506, tswd=0.0000]
Epoch 3/5:  90%|████████▉ | 280/312 [00:16<00:01, 18.08it/s, curv=0.0000, flow=2.1330, kin=0.0000, loss=2.1330, ot=0.00
00, t=0.506, tswd=0.0000]
Epoch 3/5:  90%|█████████ | 282/312 [00:16<00:01, 18.13it/s, curv=0.0000, flow=2.1330, kin=0.0000, loss=2.1330, ot=0.00
00, t=0.506, tswd=0.0000]
Epoch 3/5:  91%|█████████ | 284/312 [00:16<00:01, 18.06it/s, curv=0.0000, flow=2.1330, kin=0.0000, loss=2.1330, ot=0.00
00, t=0.506, tswd=0.0000]
Epoch 3/5:  92%|█████████▏| 286/312 [00:16<00:01, 17.81it/s, curv=0.0000, flow=2.1330, kin=0.0000, loss=2.1330, ot=0.00
00, t=0.506, tswd=0.0000]
Epoch 3/5:  92%|█████████▏| 288/312 [00:16<00:01, 17.73it/s, curv=0.0000, flow=2.1330, kin=0.0000, loss=2.1330, ot=0.00
00, t=0.506, tswd=0.0000]
Epoch 3/5:  93%|█████████▎| 290/312 [00:16<00:01, 17.86it/s, curv=0.0000, flow=2.1330, kin=0.0000, loss=2.1330, ot=0.00
00, t=0.506, tswd=0.0000]
Epoch 3/5:  94%|█████████▎| 292/312 [00:16<00:01, 17.62it/s, curv=0.0000, flow=2.1330, kin=0.0000, loss=2.1330, ot=0.00
00, t=0.506, tswd=0.0000]
Epoch 3/5:  94%|█████████▍| 294/312 [00:16<00:01, 17.71it/s, curv=0.0000, flow=2.1330, kin=0.0000, loss=2.1330, ot=0.00
00, t=0.506, tswd=0.0000]
Epoch 3/5:  95%|█████████▍| 296/312 [00:17<00:00, 17.79it/s, curv=0.0000, flow=2.1330, kin=0.0000, loss=2.1330, ot=0.00
00, t=0.506, tswd=0.0000]
Epoch 3/5:  96%|█████████▌| 298/312 [00:17<00:00, 17.79it/s, curv=0.0000, flow=2.1330, kin=0.0000, loss=2.1330, ot=0.00
00, t=0.506, tswd=0.0000]
Epoch 3/5:  96%|█████████▌| 298/312 [00:17<00:00, 17.79it/s, curv=0.0000, flow=2.1314, kin=0.0000, loss=2.1314, ot=0.00
00, t=0.505, tswd=0.0000]
Epoch 3/5:  96%|█████████▌| 300/312 [00:17<00:00, 17.75it/s, curv=0.0000, flow=2.1314, kin=0.0000, loss=2.1314, ot=0.00
00, t=0.505, tswd=0.0000]
Epoch 3/5:  97%|█████████▋| 302/312 [00:17<00:00, 17.67it/s, curv=0.0000, flow=2.1314, kin=0.0000, loss=2.1314, ot=0.00
00, t=0.505, tswd=0.0000]
Epoch 3/5:  97%|█████████▋| 304/312 [00:17<00:00, 17.60it/s, curv=0.0000, flow=2.1314, kin=0.0000, loss=2.1314, ot=0.00
00, t=0.505, tswd=0.0000]
Epoch 3/5:  98%|█████████▊| 306/312 [00:17<00:00, 17.52it/s, curv=0.0000, flow=2.1314, kin=0.0000, loss=2.1314, ot=0.00
00, t=0.505, tswd=0.0000]
Epoch 3/5:  99%|█████████▊| 308/312 [00:17<00:00, 17.64it/s, curv=0.0000, flow=2.1314, kin=0.0000, loss=2.1314, ot=0.00
00, t=0.505, tswd=0.0000]
Epoch 3/5:  99%|█████████▉| 310/312 [00:17<00:00, 17.41it/s, curv=0.0000, flow=2.1314, kin=0.0000, loss=2.1314, ot=0.00
00, t=0.505, tswd=0.0000]
Epoch 3/5:  99%|█████████▉| 310/312 [00:17<00:00, 17.41it/s, curv=0.0000, flow=2.1298, kin=0.0000, loss=2.1298, ot=0.00
00, t=0.505, tswd=0.0000]
Epoch 3/5: 100%|██████████| 312/312 [00:17<00:00, 17.13it/s, curv=0.0000, flow=2.1298, kin=0.0000, loss=2.1298, ot=0.00
00, t=0.505, tswd=0.0000]
Epoch 3/5: 100%|██████████| 312/312 [00:17<00:00, 17.37it/s, curv=0.0000, flow=2.1298, kin=0.0000, loss=2.1298, ot=0.00
00, t=0.505, tswd=0.0000]
2026-07-01 10:49:08,065 - INFO - Epoch 3/5 | loss=2.1298 flow=2.1298 kin=0.0000 ot=0.0000 tswd=0.0000 gini=0.000 hub=0.
000 otd=0.0000 fiber=0.000 leak=0.0000 tgtshift=0.0000 cla=0.0000 cea=0.0000 sem_attn=0.000 sem_k=0.000 topo_ent=0.000 
topo_on=0 plan_ent=0.000 bary_ent=0.000 tok_ent=0.000 tok_eff=0.0 tok_max=0.000 tok_svd=0.000 tok_cos=0.000 app_s=0.000
 app_d=0.000 sigma=0.000 bex=0 idr=0.00 t=0.505 |v|=0.000 lr=1.34e-04 data=0.6s comp=12.8s epoch=18.0s sps=277.92 bstep
=0.058s gpu=81.0/86.0% vram=4.03/4.17GB power=67.7/71.3W peak=0.59/0.66GB
2026-07-01 10:49:08,074 - INFO - Epoch 4 weight schedule: stage=0 w_content=0.0000 w_style=0.0000 w_style_strength_reg=
0.0000 sigma=0.0000

Epoch 4/5:   0%|          | 0/312 [00:00<?, ?it/s]
Epoch 4/5:   0%|          | 0/312 [00:00<?, ?it/s, curv=0.0000, flow=2.1695, kin=0.0000, loss=2.1695, ot=0.0000, t=0.47
8, tswd=0.0000]
Epoch 4/5:   1%|          | 2/312 [00:00<00:19, 16.05it/s, curv=0.0000, flow=2.1695, kin=0.0000, loss=2.1695, ot=0.0000
, t=0.478, tswd=0.0000]
Epoch 4/5:   1%|▏         | 4/312 [00:00<00:17, 17.43it/s, curv=0.0000, flow=2.1695, kin=0.0000, loss=2.1695, ot=0.0000
, t=0.478, tswd=0.0000]
Epoch 4/5:   2%|▏         | 6/312 [00:00<00:17, 17.60it/s, curv=0.0000, flow=2.1695, kin=0.0000, loss=2.1695, ot=0.0000
, t=0.478, tswd=0.0000]
Epoch 4/5:   3%|▎         | 8/312 [00:00<00:17, 17.64it/s, curv=0.0000, flow=2.1695, kin=0.0000, loss=2.1695, ot=0.0000
, t=0.478, tswd=0.0000]
Epoch 4/5:   3%|▎         | 10/312 [00:00<00:16, 17.80it/s, curv=0.0000, flow=2.1695, kin=0.0000, loss=2.1695, ot=0.000
0, t=0.478, tswd=0.0000]
Epoch 4/5:   4%|▍         | 12/312 [00:00<00:17, 17.37it/s, curv=0.0000, flow=2.1695, kin=0.0000, loss=2.1695, ot=0.000
0, t=0.478, tswd=0.0000]
Epoch 4/5:   4%|▍         | 14/312 [00:00<00:17, 17.31it/s, curv=0.0000, flow=2.1695, kin=0.0000, loss=2.1695, ot=0.000
0, t=0.478, tswd=0.0000]
Epoch 4/5:   5%|▌         | 16/312 [00:00<00:16, 17.75it/s, curv=0.0000, flow=2.1695, kin=0.0000, loss=2.1695, ot=0.000
0, t=0.478, tswd=0.0000]
Epoch 4/5:   6%|▌         | 18/312 [00:01<00:16, 18.19it/s, curv=0.0000, flow=2.1695, kin=0.0000, loss=2.1695, ot=0.000
0, t=0.478, tswd=0.0000]
Epoch 4/5:   6%|▌         | 18/312 [00:01<00:16, 18.19it/s, curv=0.0000, flow=2.0813, kin=0.0000, loss=2.0813, ot=0.000
0, t=0.486, tswd=0.0000]
Epoch 4/5:   6%|▋         | 20/312 [00:01<00:15, 18.50it/s, curv=0.0000, flow=2.0813, kin=0.0000, loss=2.0813, ot=0.000
0, t=0.486, tswd=0.0000]
Epoch 4/5:   7%|▋         | 22/312 [00:01<00:15, 18.71it/s, curv=0.0000, flow=2.0813, kin=0.0000, loss=2.0813, ot=0.000
0, t=0.486, tswd=0.0000]
Epoch 4/5:   8%|▊         | 24/312 [00:01<00:15, 18.77it/s, curv=0.0000, flow=2.0813, kin=0.0000, loss=2.0813, ot=0.000
0, t=0.486, tswd=0.0000]
Epoch 4/5:   8%|▊         | 26/312 [00:01<00:15, 18.57it/s, curv=0.0000, flow=2.0813, kin=0.0000, loss=2.0813, ot=0.000
0, t=0.486, tswd=0.0000]
Epoch 4/5:   9%|▉         | 28/312 [00:01<00:15, 18.11it/s, curv=0.0000, flow=2.0813, kin=0.0000, loss=2.0813, ot=0.000
0, t=0.486, tswd=0.0000]
Epoch 4/5:  10%|▉         | 30/312 [00:01<00:15, 18.33it/s, curv=0.0000, flow=2.0813, kin=0.0000, loss=2.0813, ot=0.000
0, t=0.486, tswd=0.0000]
Epoch 4/5:  10%|█         | 32/312 [00:01<00:15, 17.95it/s, curv=0.0000, flow=2.0813, kin=0.0000, loss=2.0813, ot=0.000
0, t=0.486, tswd=0.0000]
Epoch 4/5:  11%|█         | 34/312 [00:01<00:15, 18.17it/s, curv=0.0000, flow=2.0813, kin=0.0000, loss=2.0813, ot=0.000
0, t=0.486, tswd=0.0000]
Epoch 4/5:  12%|█▏        | 36/312 [00:02<00:15, 17.85it/s, curv=0.0000, flow=2.0813, kin=0.0000, loss=2.0813, ot=0.000
0, t=0.486, tswd=0.0000]
Epoch 4/5:  12%|█▏        | 38/312 [00:02<00:15, 17.52it/s, curv=0.0000, flow=2.0813, kin=0.0000, loss=2.0813, ot=0.000
0, t=0.486, tswd=0.0000]
Epoch 4/5:  12%|█▏        | 38/312 [00:02<00:15, 17.52it/s, curv=0.0000, flow=2.0913, kin=0.0000, loss=2.0913, ot=0.000
0, t=0.504, tswd=0.0000]
Epoch 4/5:  13%|█▎        | 40/312 [00:02<00:15, 17.66it/s, curv=0.0000, flow=2.0913, kin=0.0000, loss=2.0913, ot=0.000
0, t=0.504, tswd=0.0000]
Epoch 4/5:  13%|█▎        | 42/312 [00:02<00:15, 17.83it/s, curv=0.0000, flow=2.0913, kin=0.0000, loss=2.0913, ot=0.000
0, t=0.504, tswd=0.0000]
Epoch 4/5:  14%|█▍        | 44/312 [00:02<00:14, 17.92it/s, curv=0.0000, flow=2.0913, kin=0.0000, loss=2.0913, ot=0.000
0, t=0.504, tswd=0.0000]
Epoch 4/5:  15%|█▍        | 46/312 [00:02<00:15, 17.57it/s, curv=0.0000, flow=2.0913, kin=0.0000, loss=2.0913, ot=0.000
0, t=0.504, tswd=0.0000]
Epoch 4/5:  15%|█▌        | 48/312 [00:02<00:14, 17.75it/s, curv=0.0000, flow=2.0913, kin=0.0000, loss=2.0913, ot=0.000
0, t=0.504, tswd=0.0000]
Epoch 4/5:  16%|█▌        | 50/312 [00:02<00:14, 17.60it/s, curv=0.0000, flow=2.0913, kin=0.0000, loss=2.0913, ot=0.000
0, t=0.504, tswd=0.0000]
Epoch 4/5:  17%|█▋        | 52/312 [00:02<00:14, 17.70it/s, curv=0.0000, flow=2.0913, kin=0.0000, loss=2.0913, ot=0.000
0, t=0.504, tswd=0.0000]
Epoch 4/5:  17%|█▋        | 54/312 [00:03<00:14, 18.06it/s, curv=0.0000, flow=2.0913, kin=0.0000, loss=2.0913, ot=0.000
0, t=0.504, tswd=0.0000]
Epoch 4/5:  18%|█▊        | 56/312 [00:03<00:13, 18.35it/s, curv=0.0000, flow=2.0913, kin=0.0000, loss=2.0913, ot=0.000
0, t=0.504, tswd=0.0000]
Epoch 4/5:  19%|█▊        | 58/312 [00:03<00:13, 18.63it/s, curv=0.0000, flow=2.0913, kin=0.0000, loss=2.0913, ot=0.000
0, t=0.504, tswd=0.0000]
Epoch 4/5:  19%|█▊        | 58/312 [00:03<00:13, 18.63it/s, curv=0.0000, flow=2.1066, kin=0.0000, loss=2.1066, ot=0.000
0, t=0.501, tswd=0.0000]
Epoch 4/5:  19%|█▉        | 60/312 [00:03<00:13, 18.69it/s, curv=0.0000, flow=2.1066, kin=0.0000, loss=2.1066, ot=0.000
0, t=0.501, tswd=0.0000]
Epoch 4/5:  20%|█▉        | 62/312 [00:03<00:13, 18.78it/s, curv=0.0000, flow=2.1066, kin=0.0000, loss=2.1066, ot=0.000
0, t=0.501, tswd=0.0000]
Epoch 4/5:  21%|██        | 64/312 [00:03<00:13, 18.74it/s, curv=0.0000, flow=2.1066, kin=0.0000, loss=2.1066, ot=0.000
0, t=0.501, tswd=0.0000]
Epoch 4/5:  21%|██        | 66/312 [00:03<00:13, 18.57it/s, curv=0.0000, flow=2.1066, kin=0.0000, loss=2.1066, ot=0.000
0, t=0.501, tswd=0.0000]
Epoch 4/5:  22%|██▏       | 68/312 [00:03<00:13, 18.51it/s, curv=0.0000, flow=2.1066, kin=0.0000, loss=2.1066, ot=0.000
0, t=0.501, tswd=0.0000]
Epoch 4/5:  22%|██▏       | 70/312 [00:03<00:12, 18.93it/s, curv=0.0000, flow=2.1066, kin=0.0000, loss=2.1066, ot=0.000
0, t=0.501, tswd=0.0000]
Epoch 4/5:  23%|██▎       | 72/312 [00:03<00:12, 18.69it/s, curv=0.0000, flow=2.1066, kin=0.0000, loss=2.1066, ot=0.000
0, t=0.501, tswd=0.0000]
Epoch 4/5:  24%|██▎       | 74/312 [00:04<00:12, 18.42it/s, curv=0.0000, flow=2.1066, kin=0.0000, loss=2.1066, ot=0.000
0, t=0.501, tswd=0.0000]
Epoch 4/5:  24%|██▍       | 76/312 [00:04<00:13, 18.15it/s, curv=0.0000, flow=2.1066, kin=0.0000, loss=2.1066, ot=0.000
0, t=0.501, tswd=0.0000]
Epoch 4/5:  25%|██▌       | 78/312 [00:04<00:12, 18.11it/s, curv=0.0000, flow=2.1066, kin=0.0000, loss=2.1066, ot=0.000
0, t=0.501, tswd=0.0000]
Epoch 4/5:  25%|██▌       | 78/312 [00:04<00:12, 18.11it/s, curv=0.0000, flow=2.1018, kin=0.0000, loss=2.1018, ot=0.000
0, t=0.499, tswd=0.0000]
Epoch 4/5:  26%|██▌       | 80/312 [00:04<00:12, 17.95it/s, curv=0.0000, flow=2.1018, kin=0.0000, loss=2.1018, ot=0.000
0, t=0.499, tswd=0.0000]
Epoch 4/5:  26%|██▋       | 82/312 [00:04<00:12, 18.04it/s, curv=0.0000, flow=2.1018, kin=0.0000, loss=2.1018, ot=0.000
0, t=0.499, tswd=0.0000]
Epoch 4/5:  27%|██▋       | 84/312 [00:04<00:12, 18.06it/s, curv=0.0000, flow=2.1018, kin=0.0000, loss=2.1018, ot=0.000
0, t=0.499, tswd=0.0000]
Epoch 4/5:  28%|██▊       | 86/312 [00:04<00:12, 17.40it/s, curv=0.0000, flow=2.1018, kin=0.0000, loss=2.1018, ot=0.000
0, t=0.499, tswd=0.0000]
Epoch 4/5:  28%|██▊       | 88/312 [00:04<00:12, 17.91it/s, curv=0.0000, flow=2.1018, kin=0.0000, loss=2.1018, ot=0.000
0, t=0.499, tswd=0.0000]
Epoch 4/5:  29%|██▉       | 90/312 [00:04<00:12, 18.39it/s, curv=0.0000, flow=2.1018, kin=0.0000, loss=2.1018, ot=0.000
0, t=0.499, tswd=0.0000]
Epoch 4/5:  29%|██▉       | 92/312 [00:05<00:11, 18.74it/s, curv=0.0000, flow=2.1018, kin=0.0000, loss=2.1018, ot=0.000
0, t=0.499, tswd=0.0000]
Epoch 4/5:  30%|███       | 95/312 [00:05<00:11, 19.41it/s, curv=0.0000, flow=2.1018, kin=0.0000, loss=2.1018, ot=0.000
0, t=0.499, tswd=0.0000]
Epoch 4/5:  31%|███       | 97/312 [00:05<00:11, 19.54it/s, curv=0.0000, flow=2.1018, kin=0.0000, loss=2.1018, ot=0.000
0, t=0.499, tswd=0.0000]
Epoch 4/5:  31%|███       | 97/312 [00:05<00:11, 19.54it/s, curv=0.0000, flow=2.0945, kin=0.0000, loss=2.0945, ot=0.000
0, t=0.500, tswd=0.0000]
Epoch 4/5:  32%|███▏      | 100/312 [00:05<00:10, 19.70it/s, curv=0.0000, flow=2.0945, kin=0.0000, loss=2.0945, ot=0.00
00, t=0.500, tswd=0.0000]
Epoch 4/5:  33%|███▎      | 102/312 [00:05<00:10, 19.38it/s, curv=0.0000, flow=2.0945, kin=0.0000, loss=2.0945, ot=0.00
00, t=0.500, tswd=0.0000]
Epoch 4/5:  33%|███▎      | 104/312 [00:05<00:10, 19.10it/s, curv=0.0000, flow=2.0945, kin=0.0000, loss=2.0945, ot=0.00
00, t=0.500, tswd=0.0000]
Epoch 4/5:  34%|███▍      | 106/312 [00:05<00:10, 19.32it/s, curv=0.0000, flow=2.0945, kin=0.0000, loss=2.0945, ot=0.00
00, t=0.500, tswd=0.0000]
Epoch 4/5:  35%|███▍      | 108/312 [00:05<00:10, 19.10it/s, curv=0.0000, flow=2.0945, kin=0.0000, loss=2.0945, ot=0.00
00, t=0.500, tswd=0.0000]
Epoch 4/5:  35%|███▌      | 110/312 [00:06<00:10, 18.71it/s, curv=0.0000, flow=2.0945, kin=0.0000, loss=2.0945, ot=0.00
00, t=0.500, tswd=0.0000]
Epoch 4/5:  36%|███▌      | 112/312 [00:06<00:10, 18.43it/s, curv=0.0000, flow=2.0945, kin=0.0000, loss=2.0945, ot=0.00
00, t=0.500, tswd=0.0000]
Epoch 4/5:  37%|███▋      | 114/312 [00:06<00:10, 18.27it/s, curv=0.0000, flow=2.0945, kin=0.0000, loss=2.0945, ot=0.00
00, t=0.500, tswd=0.0000]
Epoch 4/5:  37%|███▋      | 116/312 [00:06<00:11, 17.71it/s, curv=0.0000, flow=2.0945, kin=0.0000, loss=2.0945, ot=0.00
00, t=0.500, tswd=0.0000]
Epoch 4/5:  38%|███▊      | 118/312 [00:06<00:10, 17.94it/s, curv=0.0000, flow=2.0945, kin=0.0000, loss=2.0945, ot=0.00
00, t=0.500, tswd=0.0000]
Epoch 4/5:  38%|███▊      | 118/312 [00:06<00:10, 17.94it/s, curv=0.0000, flow=2.0901, kin=0.0000, loss=2.0901, ot=0.00
00, t=0.498, tswd=0.0000]
Epoch 4/5:  38%|███▊      | 120/312 [00:06<00:10, 18.02it/s, curv=0.0000, flow=2.0901, kin=0.0000, loss=2.0901, ot=0.00
00, t=0.498, tswd=0.0000]
Epoch 4/5:  39%|███▉      | 122/312 [00:06<00:10, 17.92it/s, curv=0.0000, flow=2.0901, kin=0.0000, loss=2.0901, ot=0.00
00, t=0.498, tswd=0.0000]
Epoch 4/5:  40%|███▉      | 124/312 [00:06<00:10, 17.49it/s, curv=0.0000, flow=2.0901, kin=0.0000, loss=2.0901, ot=0.00
00, t=0.498, tswd=0.0000]
Epoch 4/5:  40%|████      | 126/312 [00:06<00:10, 17.63it/s, curv=0.0000, flow=2.0901, kin=0.0000, loss=2.0901, ot=0.00
00, t=0.498, tswd=0.0000]
Epoch 4/5:  41%|████      | 128/312 [00:07<00:10, 17.96it/s, curv=0.0000, flow=2.0901, kin=0.0000, loss=2.0901, ot=0.00
00, t=0.498, tswd=0.0000]
Epoch 4/5:  42%|████▏     | 130/312 [00:07<00:09, 18.37it/s, curv=0.0000, flow=2.0901, kin=0.0000, loss=2.0901, ot=0.00
00, t=0.498, tswd=0.0000]
Epoch 4/5:  42%|████▏     | 132/312 [00:07<00:09, 18.22it/s, curv=0.0000, flow=2.0901, kin=0.0000, loss=2.0901, ot=0.00
00, t=0.498, tswd=0.0000]
Epoch 4/5:  43%|████▎     | 134/312 [00:07<00:09, 18.09it/s, curv=0.0000, flow=2.0901, kin=0.0000, loss=2.0901, ot=0.00
00, t=0.498, tswd=0.0000]
Epoch 4/5:  44%|████▎     | 136/312 [00:07<00:09, 18.20it/s, curv=0.0000, flow=2.0901, kin=0.0000, loss=2.0901, ot=0.00
00, t=0.498, tswd=0.0000]
Epoch 4/5:  44%|████▍     | 138/312 [00:07<00:09, 18.37it/s, curv=0.0000, flow=2.0901, kin=0.0000, loss=2.0901, ot=0.00
00, t=0.498, tswd=0.0000]
Epoch 4/5:  44%|████▍     | 138/312 [00:07<00:09, 18.37it/s, curv=0.0000, flow=2.0928, kin=0.0000, loss=2.0928, ot=0.00
00, t=0.496, tswd=0.0000]
Epoch 4/5:  45%|████▍     | 140/312 [00:07<00:09, 18.36it/s, curv=0.0000, flow=2.0928, kin=0.0000, loss=2.0928, ot=0.00
00, t=0.496, tswd=0.0000]
Epoch 4/5:  46%|████▌     | 142/312 [00:07<00:09, 17.91it/s, curv=0.0000, flow=2.0928, kin=0.0000, loss=2.0928, ot=0.00
00, t=0.496, tswd=0.0000]
Epoch 4/5:  46%|████▌     | 144/312 [00:07<00:09, 18.08it/s, curv=0.0000, flow=2.0928, kin=0.0000, loss=2.0928, ot=0.00
00, t=0.496, tswd=0.0000]
Epoch 4/5:  47%|████▋     | 146/312 [00:08<00:09, 18.30it/s, curv=0.0000, flow=2.0928, kin=0.0000, loss=2.0928, ot=0.00
00, t=0.496, tswd=0.0000]
Epoch 4/5:  47%|████▋     | 148/312 [00:08<00:08, 18.42it/s, curv=0.0000, flow=2.0928, kin=0.0000, loss=2.0928, ot=0.00
00, t=0.496, tswd=0.0000]
Epoch 4/5:  48%|████▊     | 150/312 [00:08<00:08, 18.58it/s, curv=0.0000, flow=2.0928, kin=0.0000, loss=2.0928, ot=0.00
00, t=0.496, tswd=0.0000]
Epoch 4/5:  49%|████▊     | 152/312 [00:08<00:08, 17.98it/s, curv=0.0000, flow=2.0928, kin=0.0000, loss=2.0928, ot=0.00
00, t=0.496, tswd=0.0000]
Epoch 4/5:  49%|████▉     | 154/312 [00:08<00:09, 17.32it/s, curv=0.0000, flow=2.0928, kin=0.0000, loss=2.0928, ot=0.00
00, t=0.496, tswd=0.0000]
Epoch 4/5:  50%|█████     | 156/312 [00:08<00:09, 16.98it/s, curv=0.0000, flow=2.0928, kin=0.0000, loss=2.0928, ot=0.00
00, t=0.496, tswd=0.0000]
Epoch 4/5:  51%|█████     | 158/312 [00:08<00:09, 16.25it/s, curv=0.0000, flow=2.0928, kin=0.0000, loss=2.0928, ot=0.00
00, t=0.496, tswd=0.0000]
Epoch 4/5:  51%|█████     | 158/312 [00:08<00:09, 16.25it/s, curv=0.0000, flow=2.0889, kin=0.0000, loss=2.0889, ot=0.00
00, t=0.498, tswd=0.0000]
Epoch 4/5:  51%|█████▏    | 160/312 [00:08<00:09, 15.96it/s, curv=0.0000, flow=2.0889, kin=0.0000, loss=2.0889, ot=0.00
00, t=0.498, tswd=0.0000]
Epoch 4/5:  52%|█████▏    | 162/312 [00:08<00:09, 16.52it/s, curv=0.0000, flow=2.0889, kin=0.0000, loss=2.0889, ot=0.00
00, t=0.498, tswd=0.0000]
Epoch 4/5:  53%|█████▎    | 164/312 [00:09<00:08, 16.91it/s, curv=0.0000, flow=2.0889, kin=0.0000, loss=2.0889, ot=0.00
00, t=0.498, tswd=0.0000]
Epoch 4/5:  53%|█████▎    | 166/312 [00:09<00:08, 17.40it/s, curv=0.0000, flow=2.0889, kin=0.0000, loss=2.0889, ot=0.00
00, t=0.498, tswd=0.0000]
Epoch 4/5:  54%|█████▍    | 168/312 [00:09<00:08, 17.69it/s, curv=0.0000, flow=2.0889, kin=0.0000, loss=2.0889, ot=0.00
00, t=0.498, tswd=0.0000]
Epoch 4/5:  54%|█████▍    | 170/312 [00:09<00:08, 17.70it/s, curv=0.0000, flow=2.0889, kin=0.0000, loss=2.0889, ot=0.00
00, t=0.498, tswd=0.0000]
Epoch 4/5:  55%|█████▌    | 172/312 [00:09<00:07, 17.63it/s, curv=0.0000, flow=2.0889, kin=0.0000, loss=2.0889, ot=0.00
00, t=0.498, tswd=0.0000]
Epoch 4/5:  56%|█████▌    | 174/312 [00:09<00:07, 17.78it/s, curv=0.0000, flow=2.0889, kin=0.0000, loss=2.0889, ot=0.00
00, t=0.498, tswd=0.0000]
Epoch 4/5:  56%|█████▋    | 176/312 [00:09<00:07, 17.29it/s, curv=0.0000, flow=2.0889, kin=0.0000, loss=2.0889, ot=0.00
00, t=0.498, tswd=0.0000]
Epoch 4/5:  57%|█████▋    | 178/312 [00:09<00:07, 17.27it/s, curv=0.0000, flow=2.0889, kin=0.0000, loss=2.0889, ot=0.00
00, t=0.498, tswd=0.0000]
Epoch 4/5:  57%|█████▋    | 178/312 [00:09<00:07, 17.27it/s, curv=0.0000, flow=2.0857, kin=0.0000, loss=2.0857, ot=0.00
00, t=0.496, tswd=0.0000]
Epoch 4/5:  58%|█████▊    | 180/312 [00:09<00:07, 16.93it/s, curv=0.0000, flow=2.0857, kin=0.0000, loss=2.0857, ot=0.00
00, t=0.496, tswd=0.0000]
Epoch 4/5:  58%|█████▊    | 182/312 [00:10<00:07, 16.93it/s, curv=0.0000, flow=2.0857, kin=0.0000, loss=2.0857, ot=0.00
00, t=0.496, tswd=0.0000]
Epoch 4/5:  59%|█████▉    | 184/312 [00:10<00:07, 17.11it/s, curv=0.0000, flow=2.0857, kin=0.0000, loss=2.0857, ot=0.00
00, t=0.496, tswd=0.0000]
Epoch 4/5:  60%|█████▉    | 186/312 [00:10<00:07, 16.71it/s, curv=0.0000, flow=2.0857, kin=0.0000, loss=2.0857, ot=0.00
00, t=0.496, tswd=0.0000]
Epoch 4/5:  60%|██████    | 188/312 [00:10<00:07, 16.60it/s, curv=0.0000, flow=2.0857, kin=0.0000, loss=2.0857, ot=0.00
00, t=0.496, tswd=0.0000]
Epoch 4/5:  61%|██████    | 190/312 [00:10<00:07, 16.49it/s, curv=0.0000, flow=2.0857, kin=0.0000, loss=2.0857, ot=0.00
00, t=0.496, tswd=0.0000]
Epoch 4/5:  62%|██████▏   | 192/312 [00:10<00:07, 15.63it/s, curv=0.0000, flow=2.0857, kin=0.0000, loss=2.0857, ot=0.00
00, t=0.496, tswd=0.0000]
Epoch 4/5:  62%|██████▏   | 194/312 [00:10<00:07, 16.03it/s, curv=0.0000, flow=2.0857, kin=0.0000, loss=2.0857, ot=0.00
00, t=0.496, tswd=0.0000]
Epoch 4/5:  63%|██████▎   | 196/312 [00:10<00:07, 16.42it/s, curv=0.0000, flow=2.0857, kin=0.0000, loss=2.0857, ot=0.00
00, t=0.496, tswd=0.0000]
Epoch 4/5:  63%|██████▎   | 198/312 [00:11<00:06, 16.76it/s, curv=0.0000, flow=2.0857, kin=0.0000, loss=2.0857, ot=0.00
00, t=0.496, tswd=0.0000]
Epoch 4/5:  63%|██████▎   | 198/312 [00:11<00:06, 16.76it/s, curv=0.0000, flow=2.0871, kin=0.0000, loss=2.0871, ot=0.00
00, t=0.496, tswd=0.0000]
Epoch 4/5:  64%|██████▍   | 200/312 [00:11<00:06, 17.05it/s, curv=0.0000, flow=2.0871, kin=0.0000, loss=2.0871, ot=0.00
00, t=0.496, tswd=0.0000]
Epoch 4/5:  65%|██████▍   | 202/312 [00:11<00:06, 17.38it/s, curv=0.0000, flow=2.0871, kin=0.0000, loss=2.0871, ot=0.00
00, t=0.496, tswd=0.0000]
Epoch 4/5:  65%|██████▌   | 204/312 [00:11<00:06, 17.60it/s, curv=0.0000, flow=2.0871, kin=0.0000, loss=2.0871, ot=0.00
00, t=0.496, tswd=0.0000]
Epoch 4/5:  66%|██████▌   | 206/312 [00:11<00:06, 17.52it/s, curv=0.0000, flow=2.0871, kin=0.0000, loss=2.0871, ot=0.00
00, t=0.496, tswd=0.0000]
Epoch 4/5:  67%|██████▋   | 208/312 [00:11<00:05, 17.39it/s, curv=0.0000, flow=2.0871, kin=0.0000, loss=2.0871, ot=0.00
00, t=0.496, tswd=0.0000]
Epoch 4/5:  67%|██████▋   | 210/312 [00:11<00:05, 17.23it/s, curv=0.0000, flow=2.0871, kin=0.0000, loss=2.0871, ot=0.00
00, t=0.496, tswd=0.0000]
Epoch 4/5:  68%|██████▊   | 212/312 [00:11<00:05, 17.40it/s, curv=0.0000, flow=2.0871, kin=0.0000, loss=2.0871, ot=0.00
00, t=0.496, tswd=0.0000]
Epoch 4/5:  69%|██████▊   | 214/312 [00:12<00:05, 17.18it/s, curv=0.0000, flow=2.0871, kin=0.0000, loss=2.0871, ot=0.00
00, t=0.496, tswd=0.0000]
Epoch 4/5:  69%|██████▉   | 216/312 [00:12<00:05, 16.97it/s, curv=0.0000, flow=2.0871, kin=0.0000, loss=2.0871, ot=0.00
00, t=0.496, tswd=0.0000]
Epoch 4/5:  70%|██████▉   | 218/312 [00:12<00:05, 16.45it/s, curv=0.0000, flow=2.0871, kin=0.0000, loss=2.0871, ot=0.00
00, t=0.496, tswd=0.0000]
Epoch 4/5:  70%|██████▉   | 218/312 [00:12<00:05, 16.45it/s, curv=0.0000, flow=2.0867, kin=0.0000, loss=2.0867, ot=0.00
00, t=0.497, tswd=0.0000]
Epoch 4/5:  71%|███████   | 220/312 [00:12<00:05, 16.76it/s, curv=0.0000, flow=2.0867, kin=0.0000, loss=2.0867, ot=0.00
00, t=0.497, tswd=0.0000]
Epoch 4/5:  71%|███████   | 222/312 [00:12<00:05, 16.71it/s, curv=0.0000, flow=2.0867, kin=0.0000, loss=2.0867, ot=0.00
00, t=0.497, tswd=0.0000]
Epoch 4/5:  72%|███████▏  | 224/312 [00:12<00:05, 16.74it/s, curv=0.0000, flow=2.0867, kin=0.0000, loss=2.0867, ot=0.00
00, t=0.497, tswd=0.0000]
Epoch 4/5:  72%|███████▏  | 226/312 [00:12<00:05, 16.41it/s, curv=0.0000, flow=2.0867, kin=0.0000, loss=2.0867, ot=0.00
00, t=0.497, tswd=0.0000]
Epoch 4/5:  73%|███████▎  | 228/312 [00:12<00:05, 16.58it/s, curv=0.0000, flow=2.0867, kin=0.0000, loss=2.0867, ot=0.00
00, t=0.497, tswd=0.0000]
Epoch 4/5:  74%|███████▎  | 230/312 [00:12<00:04, 16.94it/s, curv=0.0000, flow=2.0867, kin=0.0000, loss=2.0867, ot=0.00
00, t=0.497, tswd=0.0000]
Epoch 4/5:  74%|███████▍  | 232/312 [00:13<00:04, 16.84it/s, curv=0.0000, flow=2.0867, kin=0.0000, loss=2.0867, ot=0.00
00, t=0.497, tswd=0.0000]
Epoch 4/5:  75%|███████▌  | 234/312 [00:13<00:04, 16.77it/s, curv=0.0000, flow=2.0867, kin=0.0000, loss=2.0867, ot=0.00
00, t=0.497, tswd=0.0000]
Epoch 4/5:  76%|███████▌  | 236/312 [00:13<00:04, 16.72it/s, curv=0.0000, flow=2.0867, kin=0.0000, loss=2.0867, ot=0.00
00, t=0.497, tswd=0.0000]
Epoch 4/5:  76%|███████▋  | 238/312 [00:13<00:04, 17.10it/s, curv=0.0000, flow=2.0867, kin=0.0000, loss=2.0867, ot=0.00
00, t=0.497, tswd=0.0000]
Epoch 4/5:  76%|███████▋  | 238/312 [00:13<00:04, 17.10it/s, curv=0.0000, flow=2.0889, kin=0.0000, loss=2.0889, ot=0.00
00, t=0.498, tswd=0.0000]
Epoch 4/5:  77%|███████▋  | 240/312 [00:13<00:04, 17.16it/s, curv=0.0000, flow=2.0889, kin=0.0000, loss=2.0889, ot=0.00
00, t=0.498, tswd=0.0000]
Epoch 4/5:  78%|███████▊  | 242/312 [00:13<00:04, 17.04it/s, curv=0.0000, flow=2.0889, kin=0.0000, loss=2.0889, ot=0.00
00, t=0.498, tswd=0.0000]
Epoch 4/5:  78%|███████▊  | 244/312 [00:13<00:03, 17.00it/s, curv=0.0000, flow=2.0889, kin=0.0000, loss=2.0889, ot=0.00
00, t=0.498, tswd=0.0000]
Epoch 4/5:  79%|███████▉  | 246/312 [00:13<00:03, 17.25it/s, curv=0.0000, flow=2.0889, kin=0.0000, loss=2.0889, ot=0.00
00, t=0.498, tswd=0.0000]
Epoch 4/5:  79%|███████▉  | 248/312 [00:14<00:03, 17.03it/s, curv=0.0000, flow=2.0889, kin=0.0000, loss=2.0889, ot=0.00
00, t=0.498, tswd=0.0000]
Epoch 4/5:  80%|████████  | 250/312 [00:14<00:03, 16.81it/s, curv=0.0000, flow=2.0889, kin=0.0000, loss=2.0889, ot=0.00
00, t=0.498, tswd=0.0000]
Epoch 4/5:  81%|████████  | 252/312 [00:14<00:03, 16.58it/s, curv=0.0000, flow=2.0889, kin=0.0000, loss=2.0889, ot=0.00
00, t=0.498, tswd=0.0000]
Epoch 4/5:  81%|████████▏ | 254/312 [00:14<00:03, 16.48it/s, curv=0.0000, flow=2.0889, kin=0.0000, loss=2.0889, ot=0.00
00, t=0.498, tswd=0.0000]
Epoch 4/5:  82%|████████▏ | 256/312 [00:14<00:03, 16.20it/s, curv=0.0000, flow=2.0889, kin=0.0000, loss=2.0889, ot=0.00
00, t=0.498, tswd=0.0000]
Epoch 4/5:  83%|████████▎ | 258/312 [00:14<00:03, 16.00it/s, curv=0.0000, flow=2.0889, kin=0.0000, loss=2.0889, ot=0.00
00, t=0.498, tswd=0.0000]
Epoch 4/5:  83%|████████▎ | 258/312 [00:14<00:03, 16.00it/s, curv=0.0000, flow=2.0882, kin=0.0000, loss=2.0882, ot=0.00
00, t=0.498, tswd=0.0000]
Epoch 4/5:  83%|████████▎ | 260/312 [00:14<00:03, 15.81it/s, curv=0.0000, flow=2.0882, kin=0.0000, loss=2.0882, ot=0.00
00, t=0.498, tswd=0.0000]
Epoch 4/5:  84%|████████▍ | 262/312 [00:14<00:03, 16.15it/s, curv=0.0000, flow=2.0882, kin=0.0000, loss=2.0882, ot=0.00
00, t=0.498, tswd=0.0000]
Epoch 4/5:  85%|████████▍ | 264/312 [00:15<00:02, 16.36it/s, curv=0.0000, flow=2.0882, kin=0.0000, loss=2.0882, ot=0.00
00, t=0.498, tswd=0.0000]
Epoch 4/5:  85%|████████▌ | 266/312 [00:15<00:02, 16.51it/s, curv=0.0000, flow=2.0882, kin=0.0000, loss=2.0882, ot=0.00
00, t=0.498, tswd=0.0000]
Epoch 4/5:  86%|████████▌ | 268/312 [00:15<00:02, 16.59it/s, curv=0.0000, flow=2.0882, kin=0.0000, loss=2.0882, ot=0.00
00, t=0.498, tswd=0.0000]
Epoch 4/5:  87%|████████▋ | 270/312 [00:15<00:02, 16.99it/s, curv=0.0000, flow=2.0882, kin=0.0000, loss=2.0882, ot=0.00
00, t=0.498, tswd=0.0000]
Epoch 4/5:  87%|████████▋ | 272/312 [00:15<00:02, 16.91it/s, curv=0.0000, flow=2.0882, kin=0.0000, loss=2.0882, ot=0.00
00, t=0.498, tswd=0.0000]
Epoch 4/5:  88%|████████▊ | 274/312 [00:15<00:02, 16.89it/s, curv=0.0000, flow=2.0882, kin=0.0000, loss=2.0882, ot=0.00
00, t=0.498, tswd=0.0000]
Epoch 4/5:  88%|████████▊ | 276/312 [00:15<00:02, 16.48it/s, curv=0.0000, flow=2.0882, kin=0.0000, loss=2.0882, ot=0.00
00, t=0.498, tswd=0.0000]
Epoch 4/5:  89%|████████▉ | 278/312 [00:15<00:02, 16.48it/s, curv=0.0000, flow=2.0882, kin=0.0000, loss=2.0882, ot=0.00
00, t=0.498, tswd=0.0000]
Epoch 4/5:  89%|████████▉ | 278/312 [00:15<00:02, 16.48it/s, curv=0.0000, flow=2.0875, kin=0.0000, loss=2.0875, ot=0.00
00, t=0.497, tswd=0.0000]
Epoch 4/5:  90%|████████▉ | 280/312 [00:15<00:01, 16.58it/s, curv=0.0000, flow=2.0875, kin=0.0000, loss=2.0875, ot=0.00
00, t=0.497, tswd=0.0000]
Epoch 4/5:  90%|█████████ | 282/312 [00:16<00:01, 16.77it/s, curv=0.0000, flow=2.0875, kin=0.0000, loss=2.0875, ot=0.00
00, t=0.497, tswd=0.0000]
Epoch 4/5:  91%|█████████ | 284/312 [00:16<00:01, 16.68it/s, curv=0.0000, flow=2.0875, kin=0.0000, loss=2.0875, ot=0.00
00, t=0.497, tswd=0.0000]
Epoch 4/5:  92%|█████████▏| 286/312 [00:16<00:01, 16.76it/s, curv=0.0000, flow=2.0875, kin=0.0000, loss=2.0875, ot=0.00
00, t=0.497, tswd=0.0000]
Epoch 4/5:  92%|█████████▏| 288/312 [00:16<00:01, 16.78it/s, curv=0.0000, flow=2.0875, kin=0.0000, loss=2.0875, ot=0.00
00, t=0.497, tswd=0.0000]
Epoch 4/5:  93%|█████████▎| 290/312 [00:16<00:01, 16.95it/s, curv=0.0000, flow=2.0875, kin=0.0000, loss=2.0875, ot=0.00
00, t=0.497, tswd=0.0000]
Epoch 4/5:  94%|█████████▎| 292/312 [00:16<00:01, 16.64it/s, curv=0.0000, flow=2.0875, kin=0.0000, loss=2.0875, ot=0.00
00, t=0.497, tswd=0.0000]
Epoch 4/5:  94%|█████████▍| 294/312 [00:16<00:01, 16.36it/s, curv=0.0000, flow=2.0875, kin=0.0000, loss=2.0875, ot=0.00
00, t=0.497, tswd=0.0000]
Epoch 4/5:  95%|█████████▍| 296/312 [00:16<00:00, 16.43it/s, curv=0.0000, flow=2.0875, kin=0.0000, loss=2.0875, ot=0.00
00, t=0.497, tswd=0.0000]
Epoch 4/5:  96%|█████████▌| 298/312 [00:17<00:00, 16.54it/s, curv=0.0000, flow=2.0875, kin=0.0000, loss=2.0875, ot=0.00
00, t=0.497, tswd=0.0000]
Epoch 4/5:  96%|█████████▌| 298/312 [00:17<00:00, 16.54it/s, curv=0.0000, flow=2.0912, kin=0.0000, loss=2.0912, ot=0.00
00, t=0.499, tswd=0.0000]
Epoch 4/5:  96%|█████████▌| 300/312 [00:17<00:00, 17.14it/s, curv=0.0000, flow=2.0912, kin=0.0000, loss=2.0912, ot=0.00
00, t=0.499, tswd=0.0000]
Epoch 4/5:  97%|█████████▋| 302/312 [00:17<00:00, 17.35it/s, curv=0.0000, flow=2.0912, kin=0.0000, loss=2.0912, ot=0.00
00, t=0.499, tswd=0.0000]
Epoch 4/5:  97%|█████████▋| 304/312 [00:17<00:00, 17.42it/s, curv=0.0000, flow=2.0912, kin=0.0000, loss=2.0912, ot=0.00
00, t=0.499, tswd=0.0000]
Epoch 4/5:  98%|█████████▊| 306/312 [00:17<00:00, 17.54it/s, curv=0.0000, flow=2.0912, kin=0.0000, loss=2.0912, ot=0.00
00, t=0.499, tswd=0.0000]
Epoch 4/5:  99%|█████████▊| 308/312 [00:17<00:00, 17.62it/s, curv=0.0000, flow=2.0912, kin=0.0000, loss=2.0912, ot=0.00
00, t=0.499, tswd=0.0000]
Epoch 4/5:  99%|█████████▉| 310/312 [00:17<00:00, 17.34it/s, curv=0.0000, flow=2.0912, kin=0.0000, loss=2.0912, ot=0.00
00, t=0.499, tswd=0.0000]
Epoch 4/5:  99%|█████████▉| 310/312 [00:17<00:00, 17.34it/s, curv=0.0000, flow=2.0908, kin=0.0000, loss=2.0908, ot=0.00
00, t=0.499, tswd=0.0000]
Epoch 4/5: 100%|██████████| 312/312 [00:17<00:00, 17.38it/s, curv=0.0000, flow=2.0908, kin=0.0000, loss=2.0908, ot=0.00
00, t=0.499, tswd=0.0000]
Epoch 4/5: 100%|██████████| 312/312 [00:17<00:00, 17.48it/s, curv=0.0000, flow=2.0908, kin=0.0000, loss=2.0908, ot=0.00
00, t=0.499, tswd=0.0000]
2026-07-01 10:49:26,032 - INFO - Epoch 4/5 | loss=2.0908 flow=2.0908 kin=0.0000 ot=0.0000 tswd=0.0000 gini=0.000 hub=0.
000 otd=0.0000 fiber=0.000 leak=0.0000 tgtshift=0.0000 cla=0.0000 cea=0.0000 sem_attn=0.000 sem_k=0.000 topo_ent=0.000 
topo_on=0 plan_ent=0.000 bary_ent=0.000 tok_ent=0.000 tok_eff=0.0 tok_max=0.000 tok_svd=0.000 tok_cos=0.000 app_s=0.000
 app_d=0.000 sigma=0.000 bex=0 idr=0.00 t=0.499 |v|=0.000 lr=7.56e-05 data=0.6s comp=12.3s epoch=17.8s sps=279.76 bstep
=0.057s gpu=81.0/84.0% vram=4.06/4.12GB power=68.4/71.0W peak=0.59/0.66GB
2026-07-01 10:49:26,042 - INFO - Epoch 5 weight schedule: stage=0 w_content=0.0000 w_style=0.0000 w_style_strength_reg=
0.0000 sigma=0.0000

Epoch 5/5:   0%|          | 0/312 [00:00<?, ?it/s]
Epoch 5/5:   0%|          | 0/312 [00:00<?, ?it/s, curv=0.0000, flow=2.1545, kin=0.0000, loss=2.1545, ot=0.0000, t=0.59
1, tswd=0.0000]
Epoch 5/5:   1%|          | 2/312 [00:00<00:18, 16.55it/s, curv=0.0000, flow=2.1545, kin=0.0000, loss=2.1545, ot=0.0000
, t=0.591, tswd=0.0000]
Epoch 5/5:   1%|▏         | 4/312 [00:00<00:18, 16.87it/s, curv=0.0000, flow=2.1545, kin=0.0000, loss=2.1545, ot=0.0000
, t=0.591, tswd=0.0000]
Epoch 5/5:   2%|▏         | 6/312 [00:00<00:18, 16.61it/s, curv=0.0000, flow=2.1545, kin=0.0000, loss=2.1545, ot=0.0000
, t=0.591, tswd=0.0000]
Epoch 5/5:   3%|▎         | 8/312 [00:00<00:18, 16.59it/s, curv=0.0000, flow=2.1545, kin=0.0000, loss=2.1545, ot=0.0000
, t=0.591, tswd=0.0000]
Epoch 5/5:   3%|▎         | 10/312 [00:00<00:18, 16.74it/s, curv=0.0000, flow=2.1545, kin=0.0000, loss=2.1545, ot=0.000
0, t=0.591, tswd=0.0000]
Epoch 5/5:   4%|▍         | 12/312 [00:00<00:18, 16.57it/s, curv=0.0000, flow=2.1545, kin=0.0000, loss=2.1545, ot=0.000
0, t=0.591, tswd=0.0000]
Epoch 5/5:   4%|▍         | 14/312 [00:00<00:17, 16.89it/s, curv=0.0000, flow=2.1545, kin=0.0000, loss=2.1545, ot=0.000
0, t=0.591, tswd=0.0000]
Epoch 5/5:   5%|▌         | 16/312 [00:00<00:17, 16.72it/s, curv=0.0000, flow=2.1545, kin=0.0000, loss=2.1545, ot=0.000
0, t=0.591, tswd=0.0000]
Epoch 5/5:   6%|▌         | 18/312 [00:01<00:17, 17.00it/s, curv=0.0000, flow=2.1545, kin=0.0000, loss=2.1545, ot=0.000
0, t=0.591, tswd=0.0000]
Epoch 5/5:   6%|▌         | 18/312 [00:01<00:17, 17.00it/s, curv=0.0000, flow=2.1256, kin=0.0000, loss=2.1256, ot=0.000
0, t=0.502, tswd=0.0000]
Epoch 5/5:   6%|▋         | 20/312 [00:01<00:16, 17.22it/s, curv=0.0000, flow=2.1256, kin=0.0000, loss=2.1256, ot=0.000
0, t=0.502, tswd=0.0000]
Epoch 5/5:   7%|▋         | 22/312 [00:01<00:17, 17.01it/s, curv=0.0000, flow=2.1256, kin=0.0000, loss=2.1256, ot=0.000
0, t=0.502, tswd=0.0000]
Epoch 5/5:   8%|▊         | 24/312 [00:01<00:16, 17.19it/s, curv=0.0000, flow=2.1256, kin=0.0000, loss=2.1256, ot=0.000
0, t=0.502, tswd=0.0000]
Epoch 5/5:   8%|▊         | 26/312 [00:01<00:16, 17.45it/s, curv=0.0000, flow=2.1256, kin=0.0000, loss=2.1256, ot=0.000
0, t=0.502, tswd=0.0000]
Epoch 5/5:   9%|▉         | 28/312 [00:01<00:16, 17.58it/s, curv=0.0000, flow=2.1256, kin=0.0000, loss=2.1256, ot=0.000
0, t=0.502, tswd=0.0000]
Epoch 5/5:  10%|▉         | 30/312 [00:01<00:16, 17.19it/s, curv=0.0000, flow=2.1256, kin=0.0000, loss=2.1256, ot=0.000
0, t=0.502, tswd=0.0000]
Epoch 5/5:  10%|█         | 32/312 [00:01<00:16, 17.37it/s, curv=0.0000, flow=2.1256, kin=0.0000, loss=2.1256, ot=0.000
0, t=0.502, tswd=0.0000]
Epoch 5/5:  11%|█         | 34/312 [00:01<00:16, 17.15it/s, curv=0.0000, flow=2.1256, kin=0.0000, loss=2.1256, ot=0.000
0, t=0.502, tswd=0.0000]
Epoch 5/5:  12%|█▏        | 36/312 [00:02<00:16, 17.15it/s, curv=0.0000, flow=2.1256, kin=0.0000, loss=2.1256, ot=0.000
0, t=0.502, tswd=0.0000]
Epoch 5/5:  12%|█▏        | 38/312 [00:02<00:16, 16.98it/s, curv=0.0000, flow=2.1256, kin=0.0000, loss=2.1256, ot=0.000
0, t=0.502, tswd=0.0000]
Epoch 5/5:  12%|█▏        | 38/312 [00:02<00:16, 16.98it/s, curv=0.0000, flow=2.0822, kin=0.0000, loss=2.0822, ot=0.000
0, t=0.503, tswd=0.0000]
Epoch 5/5:  13%|█▎        | 40/312 [00:02<00:16, 16.78it/s, curv=0.0000, flow=2.0822, kin=0.0000, loss=2.0822, ot=0.000
0, t=0.503, tswd=0.0000]
Epoch 5/5:  13%|█▎        | 42/312 [00:02<00:16, 16.65it/s, curv=0.0000, flow=2.0822, kin=0.0000, loss=2.0822, ot=0.000
0, t=0.503, tswd=0.0000]
Epoch 5/5:  14%|█▍        | 44/312 [00:02<00:15, 16.78it/s, curv=0.0000, flow=2.0822, kin=0.0000, loss=2.0822, ot=0.000
0, t=0.503, tswd=0.0000]
Epoch 5/5:  15%|█▍        | 46/312 [00:02<00:15, 16.79it/s, curv=0.0000, flow=2.0822, kin=0.0000, loss=2.0822, ot=0.000
0, t=0.503, tswd=0.0000]
Epoch 5/5:  15%|█▌        | 48/312 [00:02<00:15, 16.76it/s, curv=0.0000, flow=2.0822, kin=0.0000, loss=2.0822, ot=0.000
0, t=0.503, tswd=0.0000]
Epoch 5/5:  16%|█▌        | 50/312 [00:02<00:15, 16.91it/s, curv=0.0000, flow=2.0822, kin=0.0000, loss=2.0822, ot=0.000
0, t=0.503, tswd=0.0000]
Epoch 5/5:  17%|█▋        | 52/312 [00:03<00:15, 16.93it/s, curv=0.0000, flow=2.0822, kin=0.0000, loss=2.0822, ot=0.000
0, t=0.503, tswd=0.0000]
Epoch 5/5:  17%|█▋        | 54/312 [00:03<00:14, 17.37it/s, curv=0.0000, flow=2.0822, kin=0.0000, loss=2.0822, ot=0.000
0, t=0.503, tswd=0.0000]
Epoch 5/5:  18%|█▊        | 56/312 [00:03<00:14, 17.52it/s, curv=0.0000, flow=2.0822, kin=0.0000, loss=2.0822, ot=0.000
0, t=0.503, tswd=0.0000]
Epoch 5/5:  19%|█▊        | 58/312 [00:03<00:14, 17.52it/s, curv=0.0000, flow=2.0822, kin=0.0000, loss=2.0822, ot=0.000
0, t=0.503, tswd=0.0000]
Epoch 5/5:  19%|█▊        | 58/312 [00:03<00:14, 17.52it/s, curv=0.0000, flow=2.0843, kin=0.0000, loss=2.0843, ot=0.000
0, t=0.495, tswd=0.0000]
Epoch 5/5:  19%|█▉        | 60/312 [00:03<00:14, 17.50it/s, curv=0.0000, flow=2.0843, kin=0.0000, loss=2.0843, ot=0.000
0, t=0.495, tswd=0.0000]
Epoch 5/5:  20%|█▉        | 62/312 [00:03<00:14, 17.73it/s, curv=0.0000, flow=2.0843, kin=0.0000, loss=2.0843, ot=0.000
0, t=0.495, tswd=0.0000]
Epoch 5/5:  21%|██        | 64/312 [00:03<00:14, 17.49it/s, curv=0.0000, flow=2.0843, kin=0.0000, loss=2.0843, ot=0.000
0, t=0.495, tswd=0.0000]
Epoch 5/5:  21%|██        | 66/312 [00:03<00:14, 17.42it/s, curv=0.0000, flow=2.0843, kin=0.0000, loss=2.0843, ot=0.000
0, t=0.495, tswd=0.0000]
Epoch 5/5:  22%|██▏       | 68/312 [00:03<00:14, 17.39it/s, curv=0.0000, flow=2.0843, kin=0.0000, loss=2.0843, ot=0.000
0, t=0.495, tswd=0.0000]
Epoch 5/5:  22%|██▏       | 70/312 [00:04<00:14, 17.13it/s, curv=0.0000, flow=2.0843, kin=0.0000, loss=2.0843, ot=0.000
0, t=0.495, tswd=0.0000]
Epoch 5/5:  23%|██▎       | 72/312 [00:04<00:14, 16.90it/s, curv=0.0000, flow=2.0843, kin=0.0000, loss=2.0843, ot=0.000
0, t=0.495, tswd=0.0000]
Epoch 5/5:  24%|██▎       | 74/312 [00:04<00:14, 16.86it/s, curv=0.0000, flow=2.0843, kin=0.0000, loss=2.0843, ot=0.000
0, t=0.495, tswd=0.0000]
Epoch 5/5:  24%|██▍       | 76/312 [00:04<00:13, 16.87it/s, curv=0.0000, flow=2.0843, kin=0.0000, loss=2.0843, ot=0.000
0, t=0.495, tswd=0.0000]
Epoch 5/5:  25%|██▌       | 78/312 [00:04<00:13, 17.09it/s, curv=0.0000, flow=2.0843, kin=0.0000, loss=2.0843, ot=0.000
0, t=0.495, tswd=0.0000]
Epoch 5/5:  25%|██▌       | 78/312 [00:04<00:13, 17.09it/s, curv=0.0000, flow=2.0778, kin=0.0000, loss=2.0778, ot=0.000
0, t=0.505, tswd=0.0000]
Epoch 5/5:  26%|██▌       | 80/312 [00:04<00:13, 16.83it/s, curv=0.0000, flow=2.0778, kin=0.0000, loss=2.0778, ot=0.000
0, t=0.505, tswd=0.0000]
Epoch 5/5:  26%|██▋       | 82/312 [00:04<00:13, 16.66it/s, curv=0.0000, flow=2.0778, kin=0.0000, loss=2.0778, ot=0.000
0, t=0.505, tswd=0.0000]
Epoch 5/5:  27%|██▋       | 84/312 [00:04<00:13, 16.72it/s, curv=0.0000, flow=2.0778, kin=0.0000, loss=2.0778, ot=0.000
0, t=0.505, tswd=0.0000]
Epoch 5/5:  28%|██▊       | 86/312 [00:05<00:13, 16.70it/s, curv=0.0000, flow=2.0778, kin=0.0000, loss=2.0778, ot=0.000
0, t=0.505, tswd=0.0000]
Epoch 5/5:  28%|██▊       | 88/312 [00:05<00:13, 16.79it/s, curv=0.0000, flow=2.0778, kin=0.0000, loss=2.0778, ot=0.000
0, t=0.505, tswd=0.0000]
Epoch 5/5:  29%|██▉       | 90/312 [00:05<00:13, 16.95it/s, curv=0.0000, flow=2.0778, kin=0.0000, loss=2.0778, ot=0.000
0, t=0.505, tswd=0.0000]
Epoch 5/5:  29%|██▉       | 92/312 [00:05<00:12, 17.04it/s, curv=0.0000, flow=2.0778, kin=0.0000, loss=2.0778, ot=0.000
0, t=0.505, tswd=0.0000]
Epoch 5/5:  30%|███       | 94/312 [00:05<00:12, 17.49it/s, curv=0.0000, flow=2.0778, kin=0.0000, loss=2.0778, ot=0.000
0, t=0.505, tswd=0.0000]
Epoch 5/5:  31%|███       | 96/312 [00:05<00:12, 16.98it/s, curv=0.0000, flow=2.0778, kin=0.0000, loss=2.0778, ot=0.000
0, t=0.505, tswd=0.0000]
Epoch 5/5:  31%|███▏      | 98/312 [00:05<00:13, 16.29it/s, curv=0.0000, flow=2.0778, kin=0.0000, loss=2.0778, ot=0.000
0, t=0.505, tswd=0.0000]
Epoch 5/5:  31%|███▏      | 98/312 [00:05<00:13, 16.29it/s, curv=0.0000, flow=2.0759, kin=0.0000, loss=2.0759, ot=0.000
0, t=0.499, tswd=0.0000]
Epoch 5/5:  32%|███▏      | 100/312 [00:05<00:12, 16.42it/s, curv=0.0000, flow=2.0759, kin=0.0000, loss=2.0759, ot=0.00
00, t=0.499, tswd=0.0000]
Epoch 5/5:  33%|███▎      | 102/312 [00:06<00:12, 16.51it/s, curv=0.0000, flow=2.0759, kin=0.0000, loss=2.0759, ot=0.00
00, t=0.499, tswd=0.0000]
Epoch 5/5:  33%|███▎      | 104/312 [00:06<00:12, 16.16it/s, curv=0.0000, flow=2.0759, kin=0.0000, loss=2.0759, ot=0.00
00, t=0.499, tswd=0.0000]
Epoch 5/5:  34%|███▍      | 106/312 [00:06<00:12, 16.31it/s, curv=0.0000, flow=2.0759, kin=0.0000, loss=2.0759, ot=0.00
00, t=0.499, tswd=0.0000]
Epoch 5/5:  35%|███▍      | 108/312 [00:06<00:12, 16.68it/s, curv=0.0000, flow=2.0759, kin=0.0000, loss=2.0759, ot=0.00
00, t=0.499, tswd=0.0000]
Epoch 5/5:  35%|███▌      | 110/312 [00:06<00:12, 16.82it/s, curv=0.0000, flow=2.0759, kin=0.0000, loss=2.0759, ot=0.00
00, t=0.499, tswd=0.0000]
Epoch 5/5:  36%|███▌      | 112/312 [00:06<00:11, 16.76it/s, curv=0.0000, flow=2.0759, kin=0.0000, loss=2.0759, ot=0.00
00, t=0.499, tswd=0.0000]
Epoch 5/5:  37%|███▋      | 114/312 [00:06<00:11, 16.52it/s, curv=0.0000, flow=2.0759, kin=0.0000, loss=2.0759, ot=0.00
00, t=0.499, tswd=0.0000]
Epoch 5/5:  37%|███▋      | 116/312 [00:06<00:11, 16.69it/s, curv=0.0000, flow=2.0759, kin=0.0000, loss=2.0759, ot=0.00
00, t=0.499, tswd=0.0000]
Epoch 5/5:  38%|███▊      | 118/312 [00:06<00:11, 16.77it/s, curv=0.0000, flow=2.0759, kin=0.0000, loss=2.0759, ot=0.00
00, t=0.499, tswd=0.0000]
Epoch 5/5:  38%|███▊      | 118/312 [00:07<00:11, 16.77it/s, curv=0.0000, flow=2.0740, kin=0.0000, loss=2.0740, ot=0.00
00, t=0.496, tswd=0.0000]
Epoch 5/5:  38%|███▊      | 120/312 [00:07<00:11, 17.06it/s, curv=0.0000, flow=2.0740, kin=0.0000, loss=2.0740, ot=0.00
00, t=0.496, tswd=0.0000]
Epoch 5/5:  39%|███▉      | 122/312 [00:07<00:11, 17.25it/s, curv=0.0000, flow=2.0740, kin=0.0000, loss=2.0740, ot=0.00
00, t=0.496, tswd=0.0000]
Epoch 5/5:  40%|███▉      | 124/312 [00:07<00:10, 17.58it/s, curv=0.0000, flow=2.0740, kin=0.0000, loss=2.0740, ot=0.00
00, t=0.496, tswd=0.0000]
Epoch 5/5:  40%|████      | 126/312 [00:07<00:10, 17.57it/s, curv=0.0000, flow=2.0740, kin=0.0000, loss=2.0740, ot=0.00
00, t=0.496, tswd=0.0000]
Epoch 5/5:  41%|████      | 128/312 [00:07<00:10, 17.93it/s, curv=0.0000, flow=2.0740, kin=0.0000, loss=2.0740, ot=0.00
00, t=0.496, tswd=0.0000]
Epoch 5/5:  42%|████▏     | 130/312 [00:07<00:10, 17.93it/s, curv=0.0000, flow=2.0740, kin=0.0000, loss=2.0740, ot=0.00
00, t=0.496, tswd=0.0000]
Epoch 5/5:  42%|████▏     | 132/312 [00:07<00:10, 17.00it/s, curv=0.0000, flow=2.0740, kin=0.0000, loss=2.0740, ot=0.00
00, t=0.496, tswd=0.0000]
Epoch 5/5:  43%|████▎     | 134/312 [00:07<00:10, 17.12it/s, curv=0.0000, flow=2.0740, kin=0.0000, loss=2.0740, ot=0.00
00, t=0.496, tswd=0.0000]
Epoch 5/5:  44%|████▎     | 136/312 [00:07<00:10, 17.13it/s, curv=0.0000, flow=2.0740, kin=0.0000, loss=2.0740, ot=0.00
00, t=0.496, tswd=0.0000]
Epoch 5/5:  44%|████▍     | 138/312 [00:08<00:10, 17.28it/s, curv=0.0000, flow=2.0740, kin=0.0000, loss=2.0740, ot=0.00
00, t=0.496, tswd=0.0000]
Epoch 5/5:  44%|████▍     | 138/312 [00:08<00:10, 17.28it/s, curv=0.0000, flow=2.0747, kin=0.0000, loss=2.0747, ot=0.00
00, t=0.497, tswd=0.0000]
Epoch 5/5:  45%|████▍     | 140/312 [00:08<00:10, 16.97it/s, curv=0.0000, flow=2.0747, kin=0.0000, loss=2.0747, ot=0.00
00, t=0.497, tswd=0.0000]
Epoch 5/5:  46%|████▌     | 142/312 [00:08<00:10, 16.42it/s, curv=0.0000, flow=2.0747, kin=0.0000, loss=2.0747, ot=0.00
00, t=0.497, tswd=0.0000]
Epoch 5/5:  46%|████▌     | 144/312 [00:08<00:10, 16.49it/s, curv=0.0000, flow=2.0747, kin=0.0000, loss=2.0747, ot=0.00
00, t=0.497, tswd=0.0000]
Epoch 5/5:  47%|████▋     | 146/312 [00:08<00:10, 16.16it/s, curv=0.0000, flow=2.0747, kin=0.0000, loss=2.0747, ot=0.00
00, t=0.497, tswd=0.0000]
Epoch 5/5:  47%|████▋     | 148/312 [00:08<00:10, 15.91it/s, curv=0.0000, flow=2.0747, kin=0.0000, loss=2.0747, ot=0.00
00, t=0.497, tswd=0.0000]
Epoch 5/5:  48%|████▊     | 150/312 [00:08<00:10, 15.90it/s, curv=0.0000, flow=2.0747, kin=0.0000, loss=2.0747, ot=0.00
00, t=0.497, tswd=0.0000]
Epoch 5/5:  49%|████▊     | 152/312 [00:08<00:09, 16.05it/s, curv=0.0000, flow=2.0747, kin=0.0000, loss=2.0747, ot=0.00
00, t=0.497, tswd=0.0000]
Epoch 5/5:  49%|████▉     | 154/312 [00:09<00:09, 16.61it/s, curv=0.0000, flow=2.0747, kin=0.0000, loss=2.0747, ot=0.00
00, t=0.497, tswd=0.0000]
Epoch 5/5:  50%|█████     | 156/312 [00:09<00:09, 16.94it/s, curv=0.0000, flow=2.0747, kin=0.0000, loss=2.0747, ot=0.00
00, t=0.497, tswd=0.0000]
Epoch 5/5:  51%|█████     | 158/312 [00:09<00:08, 17.13it/s, curv=0.0000, flow=2.0747, kin=0.0000, loss=2.0747, ot=0.00
00, t=0.497, tswd=0.0000]
Epoch 5/5:  51%|█████     | 158/312 [00:09<00:08, 17.13it/s, curv=0.0000, flow=2.0726, kin=0.0000, loss=2.0726, ot=0.00
00, t=0.499, tswd=0.0000]
Epoch 5/5:  51%|█████▏    | 160/312 [00:09<00:08, 17.32it/s, curv=0.0000, flow=2.0726, kin=0.0000, loss=2.0726, ot=0.00
00, t=0.499, tswd=0.0000]
Epoch 5/5:  52%|█████▏    | 162/312 [00:09<00:08, 17.57it/s, curv=0.0000, flow=2.0726, kin=0.0000, loss=2.0726, ot=0.00
00, t=0.499, tswd=0.0000]
Epoch 5/5:  53%|█████▎    | 164/312 [00:09<00:08, 17.64it/s, curv=0.0000, flow=2.0726, kin=0.0000, loss=2.0726, ot=0.00
00, t=0.499, tswd=0.0000]
Epoch 5/5:  53%|█████▎    | 166/312 [00:09<00:08, 16.89it/s, curv=0.0000, flow=2.0726, kin=0.0000, loss=2.0726, ot=0.00
00, t=0.499, tswd=0.0000]
Epoch 5/5:  54%|█████▍    | 168/312 [00:09<00:08, 17.13it/s, curv=0.0000, flow=2.0726, kin=0.0000, loss=2.0726, ot=0.00
00, t=0.499, tswd=0.0000]
Epoch 5/5:  54%|█████▍    | 170/312 [00:10<00:08, 17.07it/s, curv=0.0000, flow=2.0726, kin=0.0000, loss=2.0726, ot=0.00
00, t=0.499, tswd=0.0000]
Epoch 5/5:  55%|█████▌    | 172/312 [00:10<00:08, 17.01it/s, curv=0.0000, flow=2.0726, kin=0.0000, loss=2.0726, ot=0.00
00, t=0.499, tswd=0.0000]
Epoch 5/5:  56%|█████▌    | 174/312 [00:10<00:08, 16.89it/s, curv=0.0000, flow=2.0726, kin=0.0000, loss=2.0726, ot=0.00
00, t=0.499, tswd=0.0000]
Epoch 5/5:  56%|█████▋    | 176/312 [00:10<00:08, 16.93it/s, curv=0.0000, flow=2.0726, kin=0.0000, loss=2.0726, ot=0.00
00, t=0.499, tswd=0.0000]
Epoch 5/5:  57%|█████▋    | 178/312 [00:10<00:07, 17.04it/s, curv=0.0000, flow=2.0726, kin=0.0000, loss=2.0726, ot=0.00
00, t=0.499, tswd=0.0000]
Epoch 5/5:  57%|█████▋    | 178/312 [00:10<00:07, 17.04it/s, curv=0.0000, flow=2.0748, kin=0.0000, loss=2.0748, ot=0.00
00, t=0.497, tswd=0.0000]
Epoch 5/5:  58%|█████▊    | 180/312 [00:10<00:07, 16.91it/s, curv=0.0000, flow=2.0748, kin=0.0000, loss=2.0748, ot=0.00
00, t=0.497, tswd=0.0000]
Epoch 5/5:  58%|█████▊    | 182/312 [00:10<00:07, 16.44it/s, curv=0.0000, flow=2.0748, kin=0.0000, loss=2.0748, ot=0.00
00, t=0.497, tswd=0.0000]
Epoch 5/5:  59%|█████▉    | 184/312 [00:10<00:07, 16.50it/s, curv=0.0000, flow=2.0748, kin=0.0000, loss=2.0748, ot=0.00
00, t=0.497, tswd=0.0000]
Epoch 5/5:  60%|█████▉    | 186/312 [00:10<00:07, 16.73it/s, curv=0.0000, flow=2.0748, kin=0.0000, loss=2.0748, ot=0.00
00, t=0.497, tswd=0.0000]
Epoch 5/5:  60%|██████    | 188/312 [00:11<00:07, 17.14it/s, curv=0.0000, flow=2.0748, kin=0.0000, loss=2.0748, ot=0.00
00, t=0.497, tswd=0.0000]
Epoch 5/5:  61%|██████    | 190/312 [00:11<00:07, 17.29it/s, curv=0.0000, flow=2.0748, kin=0.0000, loss=2.0748, ot=0.00
00, t=0.497, tswd=0.0000]
Epoch 5/5:  62%|██████▏   | 192/312 [00:11<00:07, 17.09it/s, curv=0.0000, flow=2.0748, kin=0.0000, loss=2.0748, ot=0.00
00, t=0.497, tswd=0.0000]
Epoch 5/5:  62%|██████▏   | 194/312 [00:11<00:06, 17.36it/s, curv=0.0000, flow=2.0748, kin=0.0000, loss=2.0748, ot=0.00
00, t=0.497, tswd=0.0000]
Epoch 5/5:  63%|██████▎   | 196/312 [00:11<00:06, 17.31it/s, curv=0.0000, flow=2.0748, kin=0.0000, loss=2.0748, ot=0.00
00, t=0.497, tswd=0.0000]
Epoch 5/5:  63%|██████▎   | 198/312 [00:11<00:06, 17.60it/s, curv=0.0000, flow=2.0748, kin=0.0000, loss=2.0748, ot=0.00
00, t=0.497, tswd=0.0000]
Epoch 5/5:  63%|██████▎   | 198/312 [00:11<00:06, 17.60it/s, curv=0.0000, flow=2.0721, kin=0.0000, loss=2.0721, ot=0.00
00, t=0.497, tswd=0.0000]
Epoch 5/5:  64%|██████▍   | 200/312 [00:11<00:06, 17.36it/s, curv=0.0000, flow=2.0721, kin=0.0000, loss=2.0721, ot=0.00
00, t=0.497, tswd=0.0000]
Epoch 5/5:  65%|██████▍   | 202/312 [00:11<00:06, 17.35it/s, curv=0.0000, flow=2.0721, kin=0.0000, loss=2.0721, ot=0.00
00, t=0.497, tswd=0.0000]
Epoch 5/5:  65%|██████▌   | 204/312 [00:12<00:06, 17.29it/s, curv=0.0000, flow=2.0721, kin=0.0000, loss=2.0721, ot=0.00
00, t=0.497, tswd=0.0000]
Epoch 5/5:  66%|██████▌   | 206/312 [00:12<00:06, 17.02it/s, curv=0.0000, flow=2.0721, kin=0.0000, loss=2.0721, ot=0.00
00, t=0.497, tswd=0.0000]
Epoch 5/5:  67%|██████▋   | 208/312 [00:12<00:06, 16.91it/s, curv=0.0000, flow=2.0721, kin=0.0000, loss=2.0721, ot=0.00
00, t=0.497, tswd=0.0000]
Epoch 5/5:  67%|██████▋   | 210/312 [00:12<00:05, 17.08it/s, curv=0.0000, flow=2.0721, kin=0.0000, loss=2.0721, ot=0.00
00, t=0.497, tswd=0.0000]
Epoch 5/5:  68%|██████▊   | 212/312 [00:12<00:05, 16.96it/s, curv=0.0000, flow=2.0721, kin=0.0000, loss=2.0721, ot=0.00
00, t=0.497, tswd=0.0000]
Epoch 5/5:  69%|██████▊   | 214/312 [00:12<00:05, 16.80it/s, curv=0.0000, flow=2.0721, kin=0.0000, loss=2.0721, ot=0.00
00, t=0.497, tswd=0.0000]
Epoch 5/5:  69%|██████▉   | 216/312 [00:12<00:05, 16.51it/s, curv=0.0000, flow=2.0721, kin=0.0000, loss=2.0721, ot=0.00
00, t=0.497, tswd=0.0000]
Epoch 5/5:  70%|██████▉   | 218/312 [00:12<00:05, 16.64it/s, curv=0.0000, flow=2.0721, kin=0.0000, loss=2.0721, ot=0.00
00, t=0.497, tswd=0.0000]
Epoch 5/5:  70%|██████▉   | 218/312 [00:12<00:05, 16.64it/s, curv=0.0000, flow=2.0726, kin=0.0000, loss=2.0726, ot=0.00
00, t=0.498, tswd=0.0000]
Epoch 5/5:  71%|███████   | 220/312 [00:12<00:05, 16.86it/s, curv=0.0000, flow=2.0726, kin=0.0000, loss=2.0726, ot=0.00
00, t=0.498, tswd=0.0000]
Epoch 5/5:  71%|███████   | 222/312 [00:13<00:05, 16.33it/s, curv=0.0000, flow=2.0726, kin=0.0000, loss=2.0726, ot=0.00
00, t=0.498, tswd=0.0000]
Epoch 5/5:  72%|███████▏  | 224/312 [00:13<00:05, 16.33it/s, curv=0.0000, flow=2.0726, kin=0.0000, loss=2.0726, ot=0.00
00, t=0.498, tswd=0.0000]
Epoch 5/5:  72%|███████▏  | 226/312 [00:13<00:05, 16.51it/s, curv=0.0000, flow=2.0726, kin=0.0000, loss=2.0726, ot=0.00
00, t=0.498, tswd=0.0000]
Epoch 5/5:  73%|███████▎  | 228/312 [00:13<00:05, 16.61it/s, curv=0.0000, flow=2.0726, kin=0.0000, loss=2.0726, ot=0.00
00, t=0.498, tswd=0.0000]
Epoch 5/5:  74%|███████▎  | 230/312 [00:13<00:04, 16.92it/s, curv=0.0000, flow=2.0726, kin=0.0000, loss=2.0726, ot=0.00
00, t=0.498, tswd=0.0000]
Epoch 5/5:  74%|███████▍  | 232/312 [00:13<00:04, 16.54it/s, curv=0.0000, flow=2.0726, kin=0.0000, loss=2.0726, ot=0.00
00, t=0.498, tswd=0.0000]
Epoch 5/5:  75%|███████▌  | 234/312 [00:13<00:04, 16.25it/s, curv=0.0000, flow=2.0726, kin=0.0000, loss=2.0726, ot=0.00
00, t=0.498, tswd=0.0000]
Epoch 5/5:  76%|███████▌  | 236/312 [00:13<00:04, 16.33it/s, curv=0.0000, flow=2.0726, kin=0.0000, loss=2.0726, ot=0.00
00, t=0.498, tswd=0.0000]
Epoch 5/5:  76%|███████▋  | 238/312 [00:14<00:04, 16.29it/s, curv=0.0000, flow=2.0726, kin=0.0000, loss=2.0726, ot=0.00
00, t=0.498, tswd=0.0000]
Epoch 5/5:  76%|███████▋  | 238/312 [00:14<00:04, 16.29it/s, curv=0.0000, flow=2.0722, kin=0.0000, loss=2.0722, ot=0.00
00, t=0.499, tswd=0.0000]
Epoch 5/5:  77%|███████▋  | 240/312 [00:14<00:04, 16.27it/s, curv=0.0000, flow=2.0722, kin=0.0000, loss=2.0722, ot=0.00
00, t=0.499, tswd=0.0000]
Epoch 5/5:  78%|███████▊  | 242/312 [00:14<00:04, 16.69it/s, curv=0.0000, flow=2.0722, kin=0.0000, loss=2.0722, ot=0.00
00, t=0.499, tswd=0.0000]
Epoch 5/5:  78%|███████▊  | 244/312 [00:14<00:04, 16.69it/s, curv=0.0000, flow=2.0722, kin=0.0000, loss=2.0722, ot=0.00
00, t=0.499, tswd=0.0000]
Epoch 5/5:  79%|███████▉  | 246/312 [00:14<00:03, 16.59it/s, curv=0.0000, flow=2.0722, kin=0.0000, loss=2.0722, ot=0.00
00, t=0.499, tswd=0.0000]
Epoch 5/5:  79%|███████▉  | 248/312 [00:14<00:03, 16.72it/s, curv=0.0000, flow=2.0722, kin=0.0000, loss=2.0722, ot=0.00
00, t=0.499, tswd=0.0000]
Epoch 5/5:  80%|████████  | 250/312 [00:14<00:03, 16.56it/s, curv=0.0000, flow=2.0722, kin=0.0000, loss=2.0722, ot=0.00
00, t=0.499, tswd=0.0000]
Epoch 5/5:  81%|████████  | 252/312 [00:14<00:03, 16.58it/s, curv=0.0000, flow=2.0722, kin=0.0000, loss=2.0722, ot=0.00
00, t=0.499, tswd=0.0000]
Epoch 5/5:  81%|████████▏ | 254/312 [00:15<00:03, 16.78it/s, curv=0.0000, flow=2.0722, kin=0.0000, loss=2.0722, ot=0.00
00, t=0.499, tswd=0.0000]
Epoch 5/5:  82%|████████▏ | 256/312 [00:15<00:03, 17.13it/s, curv=0.0000, flow=2.0722, kin=0.0000, loss=2.0722, ot=0.00
00, t=0.499, tswd=0.0000]
Epoch 5/5:  83%|████████▎ | 258/312 [00:15<00:03, 17.29it/s, curv=0.0000, flow=2.0722, kin=0.0000, loss=2.0722, ot=0.00
00, t=0.499, tswd=0.0000]
Epoch 5/5:  83%|████████▎ | 258/312 [00:15<00:03, 17.29it/s, curv=0.0000, flow=2.0701, kin=0.0000, loss=2.0701, ot=0.00
00, t=0.499, tswd=0.0000]
Epoch 5/5:  83%|████████▎ | 260/312 [00:15<00:02, 17.50it/s, curv=0.0000, flow=2.0701, kin=0.0000, loss=2.0701, ot=0.00
00, t=0.499, tswd=0.0000]
Epoch 5/5:  84%|████████▍ | 262/312 [00:15<00:02, 17.54it/s, curv=0.0000, flow=2.0701, kin=0.0000, loss=2.0701, ot=0.00
00, t=0.499, tswd=0.0000]
Epoch 5/5:  85%|████████▍ | 264/312 [00:15<00:02, 17.48it/s, curv=0.0000, flow=2.0701, kin=0.0000, loss=2.0701, ot=0.00
00, t=0.499, tswd=0.0000]
Epoch 5/5:  85%|████████▌ | 266/312 [00:15<00:02, 17.63it/s, curv=0.0000, flow=2.0701, kin=0.0000, loss=2.0701, ot=0.00
00, t=0.499, tswd=0.0000]
Epoch 5/5:  86%|████████▌ | 268/312 [00:15<00:02, 17.39it/s, curv=0.0000, flow=2.0701, kin=0.0000, loss=2.0701, ot=0.00
00, t=0.499, tswd=0.0000]
Epoch 5/5:  87%|████████▋ | 270/312 [00:15<00:02, 17.26it/s, curv=0.0000, flow=2.0701, kin=0.0000, loss=2.0701, ot=0.00
00, t=0.499, tswd=0.0000]
Epoch 5/5:  87%|████████▋ | 272/312 [00:16<00:02, 17.25it/s, curv=0.0000, flow=2.0701, kin=0.0000, loss=2.0701, ot=0.00
00, t=0.499, tswd=0.0000]
Epoch 5/5:  88%|████████▊ | 274/312 [00:16<00:02, 17.31it/s, curv=0.0000, flow=2.0701, kin=0.0000, loss=2.0701, ot=0.00
00, t=0.499, tswd=0.0000]
Epoch 5/5:  88%|████████▊ | 276/312 [00:16<00:02, 17.03it/s, curv=0.0000, flow=2.0701, kin=0.0000, loss=2.0701, ot=0.00
00, t=0.499, tswd=0.0000]
Epoch 5/5:  89%|████████▉ | 278/312 [00:16<00:02, 16.82it/s, curv=0.0000, flow=2.0701, kin=0.0000, loss=2.0701, ot=0.00
00, t=0.499, tswd=0.0000]
Epoch 5/5:  89%|████████▉ | 278/312 [00:16<00:02, 16.82it/s, curv=0.0000, flow=2.0721, kin=0.0000, loss=2.0721, ot=0.00
00, t=0.500, tswd=0.0000]
Epoch 5/5:  90%|████████▉ | 280/312 [00:16<00:01, 16.11it/s, curv=0.0000, flow=2.0721, kin=0.0000, loss=2.0721, ot=0.00
00, t=0.500, tswd=0.0000]
Epoch 5/5:  90%|█████████ | 282/312 [00:16<00:01, 16.08it/s, curv=0.0000, flow=2.0721, kin=0.0000, loss=2.0721, ot=0.00
00, t=0.500, tswd=0.0000]
Epoch 5/5:  91%|█████████ | 284/312 [00:16<00:01, 15.72it/s, curv=0.0000, flow=2.0721, kin=0.0000, loss=2.0721, ot=0.00
00, t=0.500, tswd=0.0000]
Epoch 5/5:  92%|█████████▏| 286/312 [00:16<00:01, 16.00it/s, curv=0.0000, flow=2.0721, kin=0.0000, loss=2.0721, ot=0.00
00, t=0.500, tswd=0.0000]
Epoch 5/5:  92%|█████████▏| 288/312 [00:17<00:01, 16.72it/s, curv=0.0000, flow=2.0721, kin=0.0000, loss=2.0721, ot=0.00
00, t=0.500, tswd=0.0000]
Epoch 5/5:  93%|█████████▎| 290/312 [00:17<00:01, 17.13it/s, curv=0.0000, flow=2.0721, kin=0.0000, loss=2.0721, ot=0.00
00, t=0.500, tswd=0.0000]
Epoch 5/5:  94%|█████████▎| 292/312 [00:17<00:01, 17.19it/s, curv=0.0000, flow=2.0721, kin=0.0000, loss=2.0721, ot=0.00
00, t=0.500, tswd=0.0000]
Epoch 5/5:  94%|█████████▍| 294/312 [00:17<00:01, 17.16it/s, curv=0.0000, flow=2.0721, kin=0.0000, loss=2.0721, ot=0.00
00, t=0.500, tswd=0.0000]
Epoch 5/5:  95%|█████████▍| 296/312 [00:17<00:00, 17.33it/s, curv=0.0000, flow=2.0721, kin=0.0000, loss=2.0721, ot=0.00
00, t=0.500, tswd=0.0000]
Epoch 5/5:  96%|█████████▌| 298/312 [00:17<00:00, 17.18it/s, curv=0.0000, flow=2.0721, kin=0.0000, loss=2.0721, ot=0.00
00, t=0.500, tswd=0.0000]
Epoch 5/5:  96%|█████████▌| 298/312 [00:17<00:00, 17.18it/s, curv=0.0000, flow=2.0734, kin=0.0000, loss=2.0734, ot=0.00
00, t=0.501, tswd=0.0000]
Epoch 5/5:  96%|█████████▌| 300/312 [00:17<00:00, 17.00it/s, curv=0.0000, flow=2.0734, kin=0.0000, loss=2.0734, ot=0.00
00, t=0.501, tswd=0.0000]
Epoch 5/5:  97%|█████████▋| 302/312 [00:17<00:00, 17.31it/s, curv=0.0000, flow=2.0734, kin=0.0000, loss=2.0734, ot=0.00
00, t=0.501, tswd=0.0000]
Epoch 5/5:  97%|█████████▋| 304/312 [00:17<00:00, 17.38it/s, curv=0.0000, flow=2.0734, kin=0.0000, loss=2.0734, ot=0.00
00, t=0.501, tswd=0.0000]
Epoch 5/5:  98%|█████████▊| 306/312 [00:18<00:00, 17.06it/s, curv=0.0000, flow=2.0734, kin=0.0000, loss=2.0734, ot=0.00
00, t=0.501, tswd=0.0000]
Epoch 5/5:  99%|█████████▊| 308/312 [00:18<00:00, 16.88it/s, curv=0.0000, flow=2.0734, kin=0.0000, loss=2.0734, ot=0.00
00, t=0.501, tswd=0.0000]
Epoch 5/5:  99%|█████████▉| 310/312 [00:18<00:00, 16.70it/s, curv=0.0000, flow=2.0734, kin=0.0000, loss=2.0734, ot=0.00
00, t=0.501, tswd=0.0000]
Epoch 5/5:  99%|█████████▉| 310/312 [00:18<00:00, 16.70it/s, curv=0.0000, flow=2.0763, kin=0.0000, loss=2.0763, ot=0.00
00, t=0.501, tswd=0.0000]
Epoch 5/5: 100%|██████████| 312/312 [00:18<00:00, 16.83it/s, curv=0.0000, flow=2.0763, kin=0.0000, loss=2.0763, ot=0.00
00, t=0.501, tswd=0.0000]
Epoch 5/5: 100%|██████████| 312/312 [00:18<00:00, 16.92it/s, curv=0.0000, flow=2.0763, kin=0.0000, loss=2.0763, ot=0.00
00, t=0.501, tswd=0.0000]
2026-07-01 10:49:44,621 - INFO - Epoch 5/5 | loss=2.0763 flow=2.0763 kin=0.0000 ot=0.0000 tswd=0.0000 gini=0.000 hub=0.
000 otd=0.0000 fiber=0.000 leak=0.0000 tgtshift=0.0000 cla=0.0000 cea=0.0000 sem_attn=0.000 sem_k=0.000 topo_ent=0.000 
topo_on=0 plan_ent=0.000 bary_ent=0.000 tok_ent=0.000 tok_eff=0.0 tok_max=0.000 tok_svd=0.000 tok_cos=0.000 app_s=0.000
 app_d=0.000 sigma=0.000 bex=0 idr=0.00 t=0.501 |v|=0.000 lr=2.81e-05 data=0.6s comp=12.4s epoch=18.4s sps=270.66 bstep
=0.059s gpu=82.0/85.0% vram=4.10/4.11GB power=70.4/72.1W peak=0.59/0.66GB
2026-07-01 10:49:44,663 - INFO - Saved checkpoint: G:\GitHub\Latent_Style\SchrodingerBridge\exp\630_phase4i7b_cosine_he
un_a085_5ep\epoch_0005.pt
2026-07-01 10:49:44,663 - INFO - Offloading training state to CPU before remote full eval.
2026-07-01 10:49:44,775 - INFO - Running full eval for G:\GitHub\Latent_Style\SchrodingerBridge\exp\630_phase4i7b_cosin
e_heun_a085_5ep\epoch_0005.pt -> G:\GitHub\Latent_Style\SchrodingerBridge\exp\630_phase4i7b_cosine_heun_a085_5ep\full_e
val\epoch_0005
HF cache dir: G:\GitHub\Latent_Style\SchrodingerBridge\exp\eval_cache\hf
HF hub cache dir: G:\GitHub\Latent_Style\SchrodingerBridge\exp\eval_cache\hf\hub

Phase 1: Generation (Batch Size 2)
  Fast metric path: keep decoded generated tensors on GPU (no PNG/sidecar host roundtrip).
  Diffusers VAE loaded: required by eval settings
  Source latent cache loaded: G:\GitHub\Latent_Style\SchrodingerBridge\exp\eval_cache\source_latents_b6033454d77f.pt
  Generating Batch 1/75
  Generating Batch 2/75
  Generating Batch 3/75
  Generating Batch 4/75
  Generating Batch 5/75
  Generating Batch 6/75
  Generating Batch 7/75
  Generating Batch 8/75
  Generating Batch 9/75
  Generating Batch 10/75
  Generating Batch 11/75
  Generating Batch 12/75
  Generating Batch 13/75
  Generating Batch 14/75
  Generating Batch 15/75
  Generating Batch 16/75
  Generating Batch 17/75
  Generating Batch 18/75
  Generating Batch 19/75
  Generating Batch 20/75
  Generating Batch 21/75
  Generating Batch 22/75
  Generating Batch 23/75
  Generating Batch 24/75
  Generating Batch 25/75
  Generating Batch 26/75
  Generating Batch 27/75
  Generating Batch 28/75
  Generating Batch 29/75
  Generating Batch 30/75
  Generating Batch 31/75
  Generating Batch 32/75
  Generating Batch 33/75
  Generating Batch 34/75
  Generating Batch 35/75
  Generating Batch 36/75
  Generating Batch 37/75
  Generating Batch 38/75
  Generating Batch 39/75
  Generating Batch 40/75
  Generating Batch 41/75
  Generating Batch 42/75
  Generating Batch 43/75
  Generating Batch 44/75
  Generating Batch 45/75
  Generating Batch 46/75
  Generating Batch 47/75
  Generating Batch 48/75
  Generating Batch 49/75
  Generating Batch 50/75
  Generating Batch 51/75
  Generating Batch 52/75
  Generating Batch 53/75
  Generating Batch 54/75
  Generating Batch 55/75
  Generating Batch 56/75
  Generating Batch 57/75
  Generating Batch 58/75
  Generating Batch 59/75
  Generating Batch 60/75
  Generating Batch 61/75
  Generating Batch 62/75
  Generating Batch 63/75
  Generating Batch 64/75
  Generating Batch 65/75
  Generating Batch 66/75
  Generating Batch 67/75
  Generating Batch 68/75
  Generating Batch 69/75
  Generating Batch 70/75
  Generating Batch 71/75
  Generating Batch 72/75
  Generating Batch 73/75
  Generating Batch 74/75
  Generating Batch 75/75
  Generation models unloaded

妫ｅ啯鐣?Phase 2: Evaluation
  LPIPS Loaded (alex)

Loading weights:   0%|          | 0/398 [00:00<?, ?it/s]
Loading weights: 100%|██████████| 398/398 [00:00<00:00, 39290.44it/s]
  CLIP Loaded (HF) from: G:\GitHub\Latent_Style\eval_cache\manual_clip\openai-clip-vit-base-patch32 (processor=loaded)
Found global reference cache: G:\GitHub\Latent_Style\SchrodingerBridge\exp\eval_cache\ref_feats_e2b030fd2b_m16.pt
  Reference cache loaded successfully
  Processing 750 generated images...
Found global source cache: G:\GitHub\Latent_Style\SchrodingerBridge\exp\eval_cache\src_feats_e2b030fd2b_img256_clip0.pt
  Source cache loaded successfully
  Fast metric path: source image device cache enabled.

妫ｅ啯鎯?Generating Summary...
Summary saved: G:\GitHub\Latent_Style\SchrodingerBridge\exp\630_phase4i7b_cosine_heun_a085_5ep\full_eval\epoch_0005\summary.json
2026-07-01 10:51:52,570 - INFO - Full eval completed for epoch_0005.pt in 127.8s
2026-07-01 10:51:52,573 - INFO - Refreshing eval curve for G:\GitHub\Latent_Style\SchrodingerBridge\exp\630_phase4i7b_c
osine_heun_a085_5ep
G:\GitHub\Latent_Style\SchrodingerBridge\exp\630_phase4i7b_cosine_heun_a085_5ep\full_eval\clip_lpips_curve.csv
G:\GitHub\Latent_Style\SchrodingerBridge\exp\630_phase4i7b_cosine_heun_a085_5ep\full_eval\curve_summary.json
2026-07-01 10:51:52,643 - INFO - Refreshing eval convergence for G:\GitHub\Latent_Style\SchrodingerBridge\exp\630_phase
4i7b_cosine_heun_a085_5ep
G:\GitHub\Latent_Style\SchrodingerBridge\exp\630_phase4i7b_cosine_heun_a085_5ep\full_eval\round2_convergence.json
2026-07-01 10:51:52,717 - INFO - Restoring training state to CUDA after remote full eval.
2026-07-01 10:51:52,827 - INFO - Training completed.
