python : Warning: You are sending unauthenticated requests to the HF Hub. Please set a HF_TOKEN to enable higher rate l
imits and faster downloads.
At line:15 char:3613
+ ... pgrep\bin'; python tools/run_ipadapter_distinct5.py --resume 2>&1 | t ...
+                 ~~~~~~~~~~~~~~~~~~~~~~~~~~~~~~~~~~~~~~~~~~~~~~~~~~~~~
    + CategoryInfo          : NotSpecified: (Warning: You ar...ster downloads.:String) [], RemoteException
    + FullyQualifiedErrorId : NativeCommandError
 
Loading SD1.5 img2img pipeline from runwayml/stable-diffusion-v1-5 ...

Loading pipeline components...:   0%|          | 0/6 [00:00<?, ?it/s]
Loading pipeline components...:  33%|███▎      | 2/6 [00:03<00:06,  1.51s/it]
Loading pipeline components...:  50%|█████     | 3/6 [00:03<00:03,  1.01s/it]

Loading weights:   0%|          | 0/196 [00:00<?, ?it/s][A

Loading weights:  29%|██▉       | 57/196 [00:00<00:00, 567.68it/s][A

Loading weights:  95%|█████████▍| 186/196 [00:00<00:00, 975.58it/s][A
Loading weights: 100%|██████████| 196/196 [00:00<00:00, 959.58it/s]

Loading pipeline components...:  83%|████████▎ | 5/6 [00:03<00:00,  1.73it/s]
Loading pipeline components...: 100%|██████████| 6/6 [00:03<00:00,  1.59it/s]

Loading weights:   0%|          | 0/520 [00:00<?, ?it/s]
Loading weights:  27%|██▋       | 139/520 [00:00<00:00, 1377.77it/s]
Loading weights:  53%|█████▎    | 277/520 [00:00<00:00, 1240.82it/s]
Loading weights:  79%|███████▉  | 411/520 [00:00<00:00, 1232.22it/s]
Loading weights: 100%|██████████| 520/520 [00:00<00:00, 1285.16it/s]
Total pairs to generate: 750

  0%|          | 0/13 [00:00<?, ?it/s]
  8%|▊         | 1/13 [00:00<00:02,  4.19it/s]
 23%|██▎       | 3/13 [00:00<00:01,  7.41it/s]
 38%|███▊      | 5/13 [00:00<00:00,  8.67it/s]
 54%|█████▍    | 7/13 [00:00<00:00,  9.27it/s]
 62%|██████▏   | 8/13 [00:00<00:00,  9.41it/s]
 77%|███████▋  | 10/13 [00:01<00:00,  9.72it/s]
 92%|█████████▏| 12/13 [00:01<00:00,  9.89it/s]
100%|██████████| 13/13 [00:01<00:00,  9.83it/s]
100%|██████████| 13/13 [00:01<00:00,  9.14it/s]

  0%|          | 0/13 [00:00<?, ?it/s]
  8%|▊         | 1/13 [00:00<00:03,  3.57it/s]
 23%|██▎       | 3/13 [00:00<00:01,  6.84it/s]
 38%|███▊      | 5/13 [00:00<00:00,  8.23it/s]
 54%|█████▍    | 7/13 [00:00<00:00,  9.01it/s]
 69%|██████▉   | 9/13 [00:01<00:00,  9.41it/s]
 85%|████████▍ | 11/13 [00:01<00:00,  9.65it/s]
100%|██████████| 13/13 [00:01<00:00,  9.80it/s]
100%|██████████| 13/13 [00:01<00:00,  8.90it/s]

  0%|          | 0/13 [00:00<?, ?it/s]
  8%|▊         | 1/13 [00:00<00:03,  3.59it/s]
 23%|██▎       | 3/13 [00:00<00:01,  6.85it/s]
 38%|███▊      | 5/13 [00:00<00:00,  8.23it/s]
 54%|█████▍    | 7/13 [00:00<00:00,  8.92it/s]
 69%|██████▉   | 9/13 [00:01<00:00,  9.32it/s]
 85%|████████▍ | 11/13 [00:01<00:00,  9.67it/s]
100%|██████████| 13/13 [00:01<00:00,  9.84it/s]
100%|██████████| 13/13 [00:01<00:00,  8.90it/s]

  0%|          | 0/13 [00:00<?, ?it/s]
  8%|▊         | 1/13 [00:00<00:04,  2.99it/s]
 23%|██▎       | 3/13 [00:00<00:01,  6.31it/s]
 38%|███▊      | 5/13 [00:00<00:01,  7.86it/s]
 54%|█████▍    | 7/13 [00:00<00:00,  8.69it/s]
 69%|██████▉   | 9/13 [00:01<00:00,  9.22it/s]
 85%|████████▍ | 11/13 [00:01<00:00,  9.58it/s]
100%|██████████| 13/13 [00:01<00:00,  9.79it/s]
100%|██████████| 13/13 [00:01<00:00,  8.63it/s]

  0%|          | 0/13 [00:00<?, ?it/s]
  8%|▊         | 1/13 [00:00<00:03,  3.20it/s]
 23%|██▎       | 3/13 [00:00<00:01,  6.37it/s]
 31%|███       | 4/13 [00:00<00:01,  7.29it/s]
 38%|███▊      | 5/13 [00:00<00:01,  7.97it/s]
 54%|█████▍    | 7/13 [00:00<00:00,  8.92it/s]
 62%|██████▏   | 8/13 [00:01<00:00,  9.14it/s]
 77%|███████▋  | 10/13 [00:01<00:00,  9.58it/s]
 85%|████████▍ | 11/13 [00:01<00:00,  9.64it/s]
100%|██████████| 13/13 [00:01<00:00,  9.84it/s]
100%|██████████| 13/13 [00:01<00:00,  8.61it/s]

  0%|          | 0/13 [00:00<?, ?it/s]
  8%|▊         | 1/13 [00:00<00:03,  3.07it/s]
 23%|██▎       | 3/13 [00:00<00:01,  6.40it/s]
 38%|███▊      | 5/13 [00:00<00:01,  7.95it/s]
 46%|████▌     | 6/13 [00:00<00:00,  8.41it/s]
 54%|█████▍    | 7/13 [00:00<00:00,  8.79it/s]
 69%|██████▉   | 9/13 [00:01<00:00,  9.37it/s]
 85%|████████▍ | 11/13 [00:01<00:00,  9.66it/s]
100%|██████████| 13/13 [00:01<00:00,  9.93it/s]
100%|██████████| 13/13 [00:01<00:00,  8.68it/s]

  0%|          | 0/13 [00:00<?, ?it/s]
  8%|▊         | 1/13 [00:00<00:03,  3.57it/s]
 23%|██▎       | 3/13 [00:00<00:01,  6.82it/s]
 38%|███▊      | 5/13 [00:00<00:00,  8.20it/s]
 54%|█████▍    | 7/13 [00:00<00:00,  9.03it/s]
 69%|██████▉   | 9/13 [00:01<00:00,  9.44it/s]
 85%|████████▍ | 11/13 [00:01<00:00,  9.66it/s]
100%|██████████| 13/13 [00:01<00:00,  9.82it/s]
100%|██████████| 13/13 [00:01<00:00,  8.91it/s]

  0%|          | 0/13 [00:00<?, ?it/s]
  8%|▊         | 1/13 [00:00<00:03,  3.58it/s]
 15%|█▌        | 2/13 [00:00<00:01,  5.72it/s]
 23%|██▎       | 3/13 [00:00<00:01,  7.11it/s]
 38%|███▊      | 5/13 [00:00<00:00,  8.55it/s]
 46%|████▌     | 6/13 [00:00<00:00,  8.90it/s]
 62%|██████▏   | 8/13 [00:00<00:00,  9.38it/s]
 69%|██████▉   | 9/13 [00:01<00:00,  9.50it/s]
 77%|███████▋  | 10/13 [00:01<00:00,  9.58it/s]
 92%|█████████▏| 12/13 [00:01<00:00,  9.83it/s]
100%|██████████| 13/13 [00:01<00:00,  9.83it/s]
100%|██████████| 13/13 [00:01<00:00,  8.78it/s]

  0%|          | 0/13 [00:00<?, ?it/s]
  8%|▊         | 1/13 [00:00<00:03,  3.63it/s]
 23%|██▎       | 3/13 [00:00<00:01,  6.89it/s]
 38%|███▊      | 5/13 [00:00<00:00,  8.20it/s]
 46%|████▌     | 6/13 [00:00<00:00,  8.61it/s]
 54%|█████▍    | 7/13 [00:00<00:00,  8.92it/s]
 62%|██████▏   | 8/13 [00:00<00:00,  9.09it/s]
 69%|██████▉   | 9/13 [00:01<00:00,  9.24it/s]
 77%|███████▋  | 10/13 [00:01<00:00,  9.38it/s]
 85%|████████▍ | 11/13 [00:01<00:00,  9.54it/s]
 92%|█████████▏| 12/13 [00:01<00:00,  9.65it/s]
100%|██████████| 13/13 [00:01<00:00,  8.74it/s]

  0%|          | 0/13 [00:00<?, ?it/s]
  8%|▊         | 1/13 [00:00<00:03,  3.59it/s]
 15%|█▌        | 2/13 [00:00<00:01,  5.67it/s]
 23%|██▎       | 3/13 [00:00<00:01,  7.02it/s]
 31%|███       | 4/13 [00:00<00:01,  7.92it/s]
 38%|███▊      | 5/13 [00:00<00:00,  8.55it/s]
 46%|████▌     | 6/13 [00:00<00:00,  8.95it/s]
 54%|█████▍    | 7/13 [00:00<00:00,  8.96it/s]
 62%|██████▏   | 8/13 [00:01<00:00,  9.20it/s]
 69%|██████▉   | 9/13 [00:01<00:00,  9.36it/s]
 85%|████████▍ | 11/13 [00:01<00:00,  9.64it/s]
 92%|█████████▏| 12/13 [00:01<00:00,  9.71it/s]
100%|██████████| 13/13 [00:01<00:00,  8.63it/s]

  0%|          | 0/13 [00:00<?, ?it/s]
  8%|▊         | 1/13 [00:00<00:03,  3.51it/s]
 23%|██▎       | 3/13 [00:00<00:01,  6.84it/s]
 31%|███       | 4/13 [00:00<00:01,  7.67it/s]
 46%|████▌     | 6/13 [00:00<00:00,  8.74it/s]
 54%|█████▍    | 7/13 [00:00<00:00,  9.00it/s]
 62%|██████▏   | 8/13 [00:00<00:00,  9.06it/s]
 69%|██████▉   | 9/13 [00:01<00:00,  9.13it/s]
 77%|███████▋  | 10/13 [00:01<00:00,  9.30it/s]
 85%|████████▍ | 11/13 [00:01<00:00,  8.69it/s]
 92%|█████████▏| 12/13 [00:01<00:00,  8.92it/s]
100%|██████████| 13/13 [00:01<00:00,  9.16it/s]
100%|██████████| 13/13 [00:01<00:00,  8.45it/s]

  0%|          | 0/13 [00:00<?, ?it/s]
  8%|▊         | 1/13 [00:00<00:03,  3.57it/s]
 23%|██▎       | 3/13 [00:00<00:01,  6.88it/s]
 38%|███▊      | 5/13 [00:00<00:00,  8.20it/s]
 46%|████▌     | 6/13 [00:00<00:00,  8.51it/s]
 54%|█████▍    | 7/13 [00:00<00:00,  8.77it/s]
 62%|██████▏   | 8/13 [00:00<00:00,  8.99it/s]
 69%|██████▉   | 9/13 [00:01<00:00,  9.19it/s]
 77%|███████▋  | 10/13 [00:01<00:00,  9.34it/s]
 85%|████████▍ | 11/13 [00:01<00:00,  9.48it/s]
 92%|█████████▏| 12/13 [00:01<00:00,  9.46it/s]
100%|██████████| 13/13 [00:01<00:00,  9.58it/s]
100%|██████████| 13/13 [00:01<00:00,  8.63it/s]

  0%|          | 0/13 [00:00<?, ?it/s]
  8%|▊         | 1/13 [00:00<00:03,  3.59it/s]
 15%|█▌        | 2/13 [00:00<00:01,  5.68it/s]
 23%|██▎       | 3/13 [00:00<00:01,  6.94it/s]
 31%|███       | 4/13 [00:00<00:01,  7.83it/s]
 38%|███▊      | 5/13 [00:00<00:00,  8.49it/s]
 54%|█████▍    | 7/13 [00:00<00:00,  9.14it/s]
 69%|██████▉   | 9/13 [00:01<00:00,  9.42it/s]
 77%|███████▋  | 10/13 [00:01<00:00,  9.52it/s]
 85%|████████▍ | 11/13 [00:01<00:00,  9.59it/s]
 92%|█████████▏| 12/13 [00:01<00:00,  9.62it/s]
100%|██████████| 13/13 [00:01<00:00,  9.63it/s]
100%|██████████| 13/13 [00:01<00:00,  8.62it/s]

  0%|          | 0/13 [00:00<?, ?it/s]
  8%|▊         | 1/13 [00:00<00:03,  3.54it/s]
 15%|█▌        | 2/13 [00:00<00:01,  5.69it/s]
 31%|███       | 4/13 [00:00<00:01,  7.79it/s]
 38%|███▊      | 5/13 [00:00<00:00,  8.16it/s]
 46%|████▌     | 6/13 [00:00<00:00,  8.55it/s]
 54%|█████▍    | 7/13 [00:00<00:00,  8.87it/s]
 69%|██████▉   | 9/13 [00:01<00:00,  9.35it/s]
 85%|████████▍ | 11/13 [00:01<00:00,  9.14it/s]
 92%|█████████▏| 12/13 [00:01<00:00,  9.28it/s]
100%|██████████| 13/13 [00:01<00:00,  9.37it/s]
100%|██████████| 13/13 [00:01<00:00,  8.48it/s]

  0%|          | 0/13 [00:00<?, ?it/s]
  8%|▊         | 1/13 [00:00<00:03,  3.55it/s]
 15%|█▌        | 2/13 [00:00<00:01,  5.69it/s]
 23%|██▎       | 3/13 [00:00<00:01,  6.58it/s]
 38%|███▊      | 5/13 [00:00<00:00,  8.14it/s]
 46%|████▌     | 6/13 [00:00<00:00,  8.53it/s]
 54%|█████▍    | 7/13 [00:00<00:00,  8.84it/s]
 62%|██████▏   | 8/13 [00:01<00:00,  9.09it/s]
 69%|██████▉   | 9/13 [00:01<00:00,  9.16it/s]
 77%|███████▋  | 10/13 [00:01<00:00,  9.32it/s]
 85%|████████▍ | 11/13 [00:01<00:00,  9.38it/s]
 92%|█████████▏| 12/13 [00:01<00:00,  9.47it/s]
100%|██████████| 13/13 [00:01<00:00,  9.57it/s]
100%|██████████| 13/13 [00:01<00:00,  8.46it/s]

  0%|          | 0/13 [00:00<?, ?it/s]
  8%|▊         | 1/13 [00:00<00:03,  3.57it/s]
 15%|█▌        | 2/13 [00:00<00:01,  5.61it/s]
 23%|██▎       | 3/13 [00:00<00:01,  6.98it/s]
 31%|███       | 4/13 [00:00<00:01,  7.89it/s]
 46%|████▌     | 6/13 [00:00<00:00,  8.81it/s]
 54%|█████▍    | 7/13 [00:00<00:00,  9.03it/s]
 62%|██████▏   | 8/13 [00:01<00:00,  9.12it/s]
 69%|██████▉   | 9/13 [00:01<00:00,  9.29it/s]
 77%|███████▋  | 10/13 [00:01<00:00,  9.41it/s]
 85%|████████▍ | 11/13 [00:01<00:00,  9.51it/s]
 92%|█████████▏| 12/13 [00:01<00:00,  9.65it/s]
100%|██████████| 13/13 [00:01<00:00,  8.60it/s]

  0%|          | 0/13 [00:00<?, ?it/s]
  8%|▊         | 1/13 [00:00<00:03,  3.11it/s]
 23%|██▎       | 3/13 [00:00<00:01,  6.35it/s]
 38%|███▊      | 5/13 [00:00<00:01,  7.79it/s]
 46%|████▌     | 6/13 [00:00<00:00,  8.15it/s]
 54%|█████▍    | 7/13 [00:00<00:00,  8.48it/s]
 62%|██████▏   | 8/13 [00:01<00:00,  8.70it/s]
 69%|██████▉   | 9/13 [00:01<00:00,  8.96it/s]
 77%|███████▋  | 10/13 [00:01<00:00,  9.20it/s]
 85%|████████▍ | 11/13 [00:01<00:00,  9.21it/s]
 92%|█████████▏| 12/13 [00:01<00:00,  9.34it/s]
100%|██████████| 13/13 [00:01<00:00,  9.07it/s]
100%|██████████| 13/13 [00:01<00:00,  8.24it/s]

  0%|          | 0/13 [00:00<?, ?it/s]
  8%|▊         | 1/13 [00:00<00:03,  3.46it/s]
 15%|█▌        | 2/13 [00:00<00:01,  5.61it/s]
 23%|██▎       | 3/13 [00:00<00:01,  7.00it/s]
 31%|███       | 4/13 [00:00<00:01,  7.71it/s]
 38%|███▊      | 5/13 [00:00<00:00,  8.17it/s]
 46%|████▌     | 6/13 [00:00<00:00,  8.54it/s]
 54%|█████▍    | 7/13 [00:00<00:00,  8.82it/s]
 62%|██████▏   | 8/13 [00:01<00:00,  8.00it/s]
 69%|██████▉   | 9/13 [00:01<00:00,  8.16it/s]
 77%|███████▋  | 10/13 [00:01<00:00,  8.34it/s]
 85%|████████▍ | 11/13 [00:01<00:00,  8.42it/s]
 92%|█████████▏| 12/13 [00:01<00:00,  8.78it/s]
100%|██████████| 13/13 [00:01<00:00,  9.03it/s]
100%|██████████| 13/13 [00:01<00:00,  7.99it/s]

  0%|          | 0/13 [00:00<?, ?it/s]
  8%|▊         | 1/13 [00:00<00:03,  3.22it/s]
 15%|█▌        | 2/13 [00:00<00:02,  5.25it/s]
 23%|██▎       | 3/13 [00:00<00:01,  6.52it/s]
 31%|███       | 4/13 [00:00<00:01,  7.26it/s]
 38%|███▊      | 5/13 [00:00<00:01,  7.93it/s]
 46%|████▌     | 6/13 [00:00<00:00,  8.25it/s]
 54%|█████▍    | 7/13 [00:00<00:00,  8.62it/s]
 62%|██████▏   | 8/13 [00:01<00:00,  8.68it/s]
 69%|██████▉   | 9/13 [00:01<00:00,  8.93it/s]
 77%|███████▋  | 10/13 [00:01<00:00,  9.18it/s]
 85%|████████▍ | 11/13 [00:01<00:00,  9.07it/s]
 92%|█████████▏| 12/13 [00:01<00:00,  9.20it/s]
100%|██████████| 13/13 [00:01<00:00,  9.37it/s]
100%|██████████| 13/13 [00:01<00:00,  8.10it/s]

  0%|          | 0/13 [00:00<?, ?it/s]
  8%|▊         | 1/13 [00:00<00:03,  3.09it/s]
 15%|█▌        | 2/13 [00:00<00:02,  5.13it/s]
 23%|██▎       | 3/13 [00:00<00:01,  6.33it/s]
 31%|███       | 4/13 [00:00<00:01,  7.34it/s]
 38%|███▊      | 5/13 [00:00<00:01,  7.74it/s]
 46%|████▌     | 6/13 [00:00<00:00,  8.24it/s]
 54%|█████▍    | 7/13 [00:00<00:00,  8.56it/s]
 62%|██████▏   | 8/13 [00:01<00:00,  8.71it/s]
 69%|██████▉   | 9/13 [00:01<00:00,  8.74it/s]
 77%|███████▋  | 10/13 [00:01<00:00,  8.91it/s]
 85%|████████▍ | 11/13 [00:01<00:00,  9.03it/s]
 92%|█████████▏| 12/13 [00:01<00:00,  9.06it/s]
100%|██████████| 13/13 [00:01<00:00,  9.11it/s]
100%|██████████| 13/13 [00:01<00:00,  7.96it/s]

  0%|          | 0/13 [00:00<?, ?it/s]
  8%|▊         | 1/13 [00:00<00:03,  3.40it/s]
 15%|█▌        | 2/13 [00:00<00:02,  5.44it/s]
 23%|██▎       | 3/13 [00:00<00:01,  6.69it/s]
 31%|███       | 4/13 [00:00<00:01,  7.40it/s]
 38%|███▊      | 5/13 [00:00<00:01,  7.85it/s]
 46%|████▌     | 6/13 [00:00<00:00,  8.28it/s]
 54%|█████▍    | 7/13 [00:00<00:00,  8.65it/s]
 62%|██████▏   | 8/13 [00:01<00:00,  8.81it/s]
 69%|██████▉   | 9/13 [00:01<00:00,  8.97it/s]
 77%|███████▋  | 10/13 [00:01<00:00,  9.01it/s]
 85%|████████▍ | 11/13 [00:01<00:00,  8.78it/s]
 92%|█████████▏| 12/13 [00:01<00:00,  9.01it/s]
100%|██████████| 13/13 [00:01<00:00,  9.19it/s]
100%|██████████| 13/13 [00:01<00:00,  8.11it/s]

  0%|          | 0/13 [00:00<?, ?it/s]
  8%|▊         | 1/13 [00:00<00:03,  3.35it/s]
 15%|█▌        | 2/13 [00:00<00:02,  5.40it/s]
 23%|██▎       | 3/13 [00:00<00:01,  6.79it/s]
 31%|███       | 4/13 [00:00<00:01,  7.64it/s]
 38%|███▊      | 5/13 [00:00<00:00,  8.11it/s]
 46%|████▌     | 6/13 [00:00<00:00,  8.49it/s]
 54%|█████▍    | 7/13 [00:00<00:00,  8.70it/s]
 62%|██████▏   | 8/13 [00:01<00:00,  8.86it/s]
 69%|██████▉   | 9/13 [00:01<00:00,  8.99it/s]
 77%|███████▋  | 10/13 [00:01<00:00,  9.11it/s]
 85%|████████▍ | 11/13 [00:01<00:00,  9.25it/s]
 92%|█████████▏| 12/13 [00:01<00:00,  9.31it/s]
100%|██████████| 13/13 [00:01<00:00,  9.35it/s]
100%|██████████| 13/13 [00:01<00:00,  8.24it/s]

  0%|          | 0/13 [00:00<?, ?it/s]
  8%|▊         | 1/13 [00:00<00:04,  2.87it/s]
 15%|█▌        | 2/13 [00:00<00:02,  4.84it/s]
 23%|██▎       | 3/13 [00:00<00:01,  6.01it/s]
 31%|███       | 4/13 [00:00<00:01,  6.86it/s]
 38%|███▊      | 5/13 [00:00<00:01,  7.41it/s]
 46%|████▌     | 6/13 [00:00<00:00,  7.96it/s]
 54%|█████▍    | 7/13 [00:01<00:00,  8.41it/s]
 62%|██████▏   | 8/13 [00:01<00:00,  8.65it/s]
 69%|██████▉   | 9/13 [00:01<00:00,  8.82it/s]
 77%|███████▋  | 10/13 [00:01<00:00,  9.02it/s]
 85%|████████▍ | 11/13 [00:01<00:00,  9.14it/s]
 92%|█████████▏| 12/13 [00:01<00:00,  9.17it/s]
100%|██████████| 13/13 [00:01<00:00,  9.35it/s]
100%|██████████| 13/13 [00:01<00:00,  7.85it/s]

  0%|          | 0/13 [00:00<?, ?it/s]
  8%|▊         | 1/13 [00:00<00:03,  3.44it/s]
 15%|█▌        | 2/13 [00:00<00:02,  5.27it/s]
 23%|██▎       | 3/13 [00:00<00:01,  6.18it/s]
 31%|███       | 4/13 [00:00<00:01,  6.95it/s]
 38%|███▊      | 5/13 [00:00<00:01,  7.51it/s]
 46%|████▌     | 6/13 [00:00<00:00,  8.14it/s]
 54%|█████▍    | 7/13 [00:00<00:00,  8.56it/s]
 62%|██████▏   | 8/13 [00:01<00:00,  8.88it/s]
 69%|██████▉   | 9/13 [00:01<00:00,  9.14it/s]
 77%|███████▋  | 10/13 [00:01<00:00,  9.13it/s]
 85%|████████▍ | 11/13 [00:01<00:00,  9.06it/s]
 92%|█████████▏| 12/13 [00:01<00:00,  9.12it/s]
100%|██████████| 13/13 [00:01<00:00,  9.08it/s]
100%|██████████| 13/13 [00:01<00:00,  8.01it/s]

  0%|          | 0/13 [00:00<?, ?it/s]
  8%|▊         | 1/13 [00:00<00:03,  3.13it/s]
 15%|█▌        | 2/13 [00:00<00:02,  5.22it/s]
 23%|██▎       | 3/13 [00:00<00:01,  6.60it/s]
 38%|███▊      | 5/13 [00:00<00:00,  8.13it/s]
 46%|████▌     | 6/13 [00:00<00:00,  8.47it/s]
 54%|█████▍    | 7/13 [00:00<00:00,  8.68it/s]
 62%|██████▏   | 8/13 [00:01<00:00,  8.20it/s]
 69%|██████▉   | 9/13 [00:01<00:00,  8.38it/s]
 77%|███████▋  | 10/13 [00:01<00:00,  8.51it/s]
 85%|████████▍ | 11/13 [00:01<00:00,  8.69it/s]
 92%|█████████▏| 12/13 [00:01<00:00,  8.87it/s]
100%|██████████| 13/13 [00:01<00:00,  8.97it/s]
100%|██████████| 13/13 [00:01<00:00,  7.97it/s]

  0%|          | 0/13 [00:00<?, ?it/s]
  8%|▊         | 1/13 [00:00<00:03,  3.50it/s]
 23%|██▎       | 3/13 [00:00<00:01,  6.66it/s]
 31%|███       | 4/13 [00:00<00:01,  7.47it/s]
 38%|███▊      | 5/13 [00:00<00:01,  7.98it/s]
 46%|████▌     | 6/13 [00:00<00:00,  8.32it/s]
 54%|█████▍    | 7/13 [00:00<00:00,  8.52it/s]
 62%|██████▏   | 8/13 [00:01<00:00,  8.74it/s]
 69%|██████▉   | 9/13 [00:01<00:00,  8.81it/s]
 77%|███████▋  | 10/13 [00:01<00:00,  8.90it/s]
 85%|████████▍ | 11/13 [00:01<00:00,  9.12it/s]
 92%|█████████▏| 12/13 [00:01<00:00,  9.17it/s]
100%|██████████| 13/13 [00:01<00:00,  9.21it/s]
100%|██████████| 13/13 [00:01<00:00,  8.27it/s]

  0%|          | 0/13 [00:00<?, ?it/s]
  8%|▊         | 1/13 [00:00<00:03,  3.41it/s]
 15%|█▌        | 2/13 [00:00<00:02,  5.41it/s]
 23%|██▎       | 3/13 [00:00<00:01,  6.48it/s]
 31%|███       | 4/13 [00:00<00:01,  6.96it/s]
 38%|███▊      | 5/13 [00:00<00:01,  7.55it/s]
 46%|████▌     | 6/13 [00:00<00:00,  7.97it/s]
 54%|█████▍    | 7/13 [00:00<00:00,  8.31it/s]
 62%|██████▏   | 8/13 [00:01<00:00,  8.60it/s]
 69%|██████▉   | 9/13 [00:01<00:00,  8.67it/s]
 77%|███████▋  | 10/13 [00:01<00:00,  8.83it/s]
 85%|████████▍ | 11/13 [00:01<00:00,  8.91it/s]
 92%|█████████▏| 12/13 [00:01<00:00,  9.06it/s]
100%|██████████| 13/13 [00:01<00:00,  9.08it/s]
100%|██████████| 13/13 [00:01<00:00,  7.94it/s]

  0%|          | 0/13 [00:00<?, ?it/s]
  8%|▊         | 1/13 [00:00<00:03,  3.36it/s]
 15%|█▌        | 2/13 [00:00<00:02,  5.28it/s]
 23%|██▎       | 3/13 [00:00<00:01,  6.67it/s]
 31%|███       | 4/13 [00:00<00:01,  7.30it/s]
 38%|███▊      | 5/13 [00:00<00:01,  7.73it/s]
 46%|████▌     | 6/13 [00:00<00:00,  8.04it/s]
 54%|█████▍    | 7/13 [00:00<00:00,  8.40it/s]
 62%|██████▏   | 8/13 [00:01<00:00,  8.64it/s]
 69%|██████▉   | 9/13 [00:01<00:00,  8.80it/s]
 77%|███████▋  | 10/13 [00:01<00:00,  8.91it/s]
 85%|████████▍ | 11/13 [00:01<00:00,  8.80it/s]
 92%|█████████▏| 12/13 [00:01<00:00,  8.99it/s]
100%|██████████| 13/13 [00:01<00:00,  9.03it/s]
100%|██████████| 13/13 [00:01<00:00,  7.98it/s]

  0%|          | 0/13 [00:00<?, ?it/s]
  8%|▊         | 1/13 [00:00<00:04,  2.53it/s]
 15%|█▌        | 2/13 [00:00<00:02,  4.09it/s]
 23%|██▎       | 3/13 [00:00<00:01,  5.54it/s]
 31%|███       | 4/13 [00:00<00:01,  6.61it/s]
 38%|███▊      | 5/13 [00:00<00:01,  7.42it/s]
 46%|████▌     | 6/13 [00:00<00:00,  7.87it/s]
 54%|█████▍    | 7/13 [00:01<00:00,  8.35it/s]
 62%|██████▏   | 8/13 [00:01<00:00,  8.46it/s]
 69%|██████▉   | 9/13 [00:01<00:00,  8.51it/s]
 77%|███████▋  | 10/13 [00:01<00:00,  8.65it/s]
 85%|████████▍ | 11/13 [00:01<00:00,  8.42it/s]
 92%|█████████▏| 12/13 [00:01<00:00,  8.51it/s]
100%|██████████| 13/13 [00:01<00:00,  8.75it/s]
100%|██████████| 13/13 [00:01<00:00,  7.40it/s]

  0%|          | 0/13 [00:00<?, ?it/s]
  8%|▊         | 1/13 [00:00<00:03,  3.40it/s]
 15%|█▌        | 2/13 [00:00<00:02,  5.31it/s]
 23%|██▎       | 3/13 [00:00<00:01,  6.46it/s]
 31%|███       | 4/13 [00:00<00:01,  7.27it/s]
 38%|███▊      | 5/13 [00:00<00:01,  7.88it/s]
 46%|████▌     | 6/13 [00:00<00:00,  8.31it/s]
 54%|█████▍    | 7/13 [00:00<00:00,  8.65it/s]
 62%|██████▏   | 8/13 [00:01<00:00,  8.77it/s]
 69%|██████▉   | 9/13 [00:01<00:00,  8.97it/s]
 77%|███████▋  | 10/13 [00:01<00:00,  8.94it/s]
 85%|████████▍ | 11/13 [00:01<00:00,  9.02it/s]
 92%|█████████▏| 12/13 [00:01<00:00,  8.97it/s]
100%|██████████| 13/13 [00:01<00:00,  8.98it/s]
100%|██████████| 13/13 [00:01<00:00,  8.03it/s]

  0%|          | 0/13 [00:00<?, ?it/s]
  8%|▊         | 1/13 [00:00<00:03,  3.40it/s]
 15%|█▌        | 2/13 [00:00<00:02,  5.35it/s]
 23%|██▎       | 3/13 [00:00<00:01,  6.65it/s]
 31%|███       | 4/13 [00:00<00:01,  7.49it/s]
 38%|███▊      | 5/13 [00:00<00:00,  8.10it/s]
 46%|████▌     | 6/13 [00:00<00:00,  8.57it/s]
 54%|█████▍    | 7/13 [00:01<00:00,  7.04it/s]
 62%|██████▏   | 8/13 [00:01<00:00,  7.77it/s]
 69%|██████▉   | 9/13 [00:01<00:00,  8.25it/s]
 77%|███████▋  | 10/13 [00:01<00:00,  8.38it/s]
 85%|████████▍ | 11/13 [00:01<00:00,  8.66it/s]
 92%|█████████▏| 12/13 [00:01<00:00,  8.88it/s]
100%|██████████| 13/13 [00:01<00:00,  9.09it/s]
100%|██████████| 13/13 [00:01<00:00,  7.83it/s]

  0%|          | 0/13 [00:00<?, ?it/s]
  8%|▊         | 1/13 [00:00<00:03,  3.38it/s]
 15%|█▌        | 2/13 [00:00<00:02,  5.31it/s]
 23%|██▎       | 3/13 [00:00<00:01,  6.47it/s]
 31%|███       | 4/13 [00:00<00:01,  7.25it/s]
 38%|███▊      | 5/13 [00:00<00:01,  7.80it/s]
 46%|████▌     | 6/13 [00:00<00:00,  8.21it/s]
 54%|█████▍    | 7/13 [00:00<00:00,  8.35it/s]
 62%|██████▏   | 8/13 [00:01<00:00,  8.69it/s]
 69%|██████▉   | 9/13 [00:01<00:00,  8.74it/s]
 77%|███████▋  | 10/13 [00:01<00:00,  8.80it/s]
 85%|████████▍ | 11/13 [00:01<00:00,  8.96it/s]
 92%|█████████▏| 12/13 [00:01<00:00,  8.94it/s]
100%|██████████| 13/13 [00:01<00:00,  8.78it/s]
100%|██████████| 13/13 [00:01<00:00,  7.92it/s]

  0%|          | 0/13 [00:00<?, ?it/s]
  8%|▊         | 1/13 [00:00<00:03,  3.54it/s]
 15%|█▌        | 2/13 [00:00<00:02,  5.21it/s]
 23%|██▎       | 3/13 [00:00<00:01,  6.32it/s]
 31%|███       | 4/13 [00:00<00:01,  6.92it/s]
 38%|███▊      | 5/13 [00:00<00:01,  7.48it/s]
 46%|████▌     | 6/13 [00:00<00:00,  7.99it/s]
 54%|█████▍    | 7/13 [00:00<00:00,  8.39it/s]
 62%|██████▏   | 8/13 [00:01<00:00,  8.60it/s]
 69%|██████▉   | 9/13 [00:01<00:00,  8.84it/s]
 77%|███████▋  | 10/13 [00:01<00:00,  8.95it/s]
 85%|████████▍ | 11/13 [00:01<00:00,  9.11it/s]
 92%|█████████▏| 12/13 [00:01<00:00,  9.24it/s]
100%|██████████| 13/13 [00:01<00:00,  9.35it/s]
100%|██████████| 13/13 [00:01<00:00,  8.01it/s]

  0%|          | 0/13 [00:00<?, ?it/s]
  8%|▊         | 1/13 [00:00<00:03,  3.34it/s]
 15%|█▌        | 2/13 [00:00<00:02,  5.42it/s]
 23%|██▎       | 3/13 [00:00<00:01,  6.78it/s]
 31%|███       | 4/13 [00:00<00:01,  7.76it/s]
 38%|███▊      | 5/13 [00:00<00:00,  8.32it/s]
 46%|████▌     | 6/13 [00:00<00:00,  8.75it/s]
 54%|█████▍    | 7/13 [00:00<00:00,  9.04it/s]
 62%|██████▏   | 8/13 [00:01<00:00,  9.13it/s]
 69%|██████▉   | 9/13 [00:01<00:00,  8.74it/s]
 77%|███████▋  | 10/13 [00:01<00:00,  8.82it/s]
 85%|████████▍ | 11/13 [00:01<00:00,  8.72it/s]
 92%|█████████▏| 12/13 [00:01<00:00,  8.89it/s]
100%|██████████| 13/13 [00:01<00:00,  8.95it/s]
100%|██████████| 13/13 [00:01<00:00,  8.14it/s]

  0%|          | 0/13 [00:00<?, ?it/s]
  8%|▊         | 1/13 [00:00<00:04,  2.64it/s]
 23%|██▎       | 3/13 [00:00<00:01,  5.78it/s]
 31%|███       | 4/13 [00:00<00:01,  6.69it/s]
 38%|███▊      | 5/13 [00:00<00:01,  7.43it/s]
 46%|████▌     | 6/13 [00:00<00:00,  7.75it/s]
 54%|█████▍    | 7/13 [00:01<00:00,  8.26it/s]
 62%|██████▏   | 8/13 [00:01<00:00,  8.61it/s]
 69%|██████▉   | 9/13 [00:01<00:00,  8.59it/s]
 77%|███████▋  | 10/13 [00:01<00:00,  8.63it/s]
 85%|████████▍ | 11/13 [00:01<00:00,  8.32it/s]
 92%|█████████▏| 12/13 [00:01<00:00,  8.59it/s]
100%|██████████| 13/13 [00:01<00:00,  8.69it/s]
100%|██████████| 13/13 [00:01<00:00,  7.66it/s]

  0%|          | 0/13 [00:00<?, ?it/s]
  8%|▊         | 1/13 [00:00<00:03,  3.41it/s]
 15%|█▌        | 2/13 [00:00<00:02,  5.37it/s]
 23%|██▎       | 3/13 [00:00<00:01,  6.31it/s]
 31%|███       | 4/13 [00:00<00:01,  7.18it/s]
 38%|███▊      | 5/13 [00:00<00:01,  7.71it/s]
 46%|████▌     | 6/13 [00:00<00:00,  8.15it/s]
 54%|█████▍    | 7/13 [00:00<00:00,  8.50it/s]
 62%|██████▏   | 8/13 [00:01<00:00,  8.80it/s]
 69%|██████▉   | 9/13 [00:01<00:00,  9.01it/s]
 77%|███████▋  | 10/13 [00:01<00:00,  9.14it/s]
 85%|████████▍ | 11/13 [00:01<00:00,  9.16it/s]
 92%|█████████▏| 12/13 [00:01<00:00,  8.98it/s]
100%|██████████| 13/13 [00:01<00:00,  8.96it/s]
100%|██████████| 13/13 [00:01<00:00,  8.01it/s]

  0%|          | 0/13 [00:00<?, ?it/s]
  8%|▊         | 1/13 [00:00<00:03,  3.12it/s]
 15%|█▌        | 2/13 [00:00<00:02,  5.21it/s]
 23%|██▎       | 3/13 [00:00<00:01,  6.57it/s]
 31%|███       | 4/13 [00:00<00:01,  7.50it/s]
 38%|███▊      | 5/13 [00:00<00:00,  8.11it/s]
 46%|████▌     | 6/13 [00:00<00:00,  8.51it/s]
 54%|█████▍    | 7/13 [00:00<00:00,  8.78it/s]
 62%|██████▏   | 8/13 [00:01<00:00,  8.88it/s]
 69%|██████▉   | 9/13 [00:01<00:00,  8.88it/s]
 77%|███████▋  | 10/13 [00:01<00:00,  8.84it/s]
 85%|████████▍ | 11/13 [00:01<00:00,  9.00it/s]
 92%|█████████▏| 12/13 [00:01<00:00,  9.03it/s]
100%|██████████| 13/13 [00:01<00:00,  9.14it/s]
100%|██████████| 13/13 [00:01<00:00,  8.08it/s]

  0%|          | 0/13 [00:00<?, ?it/s]
  8%|▊         | 1/13 [00:00<00:03,  3.52it/s]
 15%|█▌        | 2/13 [00:00<00:01,  5.51it/s]
 23%|██▎       | 3/13 [00:00<00:01,  6.76it/s]
 31%|███       | 4/13 [00:00<00:01,  7.49it/s]
 38%|███▊      | 5/13 [00:00<00:00,  8.14it/s]
 46%|████▌     | 6/13 [00:00<00:00,  8.51it/s]
 54%|█████▍    | 7/13 [00:00<00:00,  8.84it/s]
 62%|██████▏   | 8/13 [00:01<00:00,  9.05it/s]
 69%|██████▉   | 9/13 [00:01<00:00,  9.11it/s]
 77%|███████▋  | 10/13 [00:01<00:00,  9.20it/s]
 92%|█████████▏| 12/13 [00:01<00:00,  9.54it/s]
100%|██████████| 13/13 [00:01<00:00,  9.58it/s]
100%|██████████| 13/13 [00:01<00:00,  8.38it/s]

  0%|          | 0/13 [00:00<?, ?it/s]
  8%|▊         | 1/13 [00:00<00:03,  3.55it/s]
 15%|█▌        | 2/13 [00:00<00:02,  5.47it/s]
 23%|██▎       | 3/13 [00:00<00:01,  6.64it/s]
 31%|███       | 4/13 [00:00<00:01,  7.44it/s]
 38%|███▊      | 5/13 [00:00<00:01,  7.95it/s]
 46%|████▌     | 6/13 [00:00<00:00,  8.38it/s]
 54%|█████▍    | 7/13 [00:00<00:00,  8.72it/s]
 62%|██████▏   | 8/13 [00:01<00:00,  8.97it/s]
 69%|██████▉   | 9/13 [00:01<00:00,  9.10it/s]
 77%|███████▋  | 10/13 [00:01<00:00,  9.24it/s]
 85%|████████▍ | 11/13 [00:01<00:00,  9.32it/s]
 92%|█████████▏| 12/13 [00:01<00:00,  9.39it/s]
100%|██████████| 13/13 [00:01<00:00,  9.45it/s]
100%|██████████| 13/13 [00:01<00:00,  8.28it/s]

  0%|          | 0/13 [00:00<?, ?it/s]
  8%|▊         | 1/13 [00:00<00:03,  3.55it/s]
 15%|█▌        | 2/13 [00:00<00:01,  5.66it/s]
 31%|███       | 4/13 [00:00<00:01,  7.66it/s]
 38%|███▊      | 5/13 [00:00<00:00,  8.19it/s]
 46%|████▌     | 6/13 [00:00<00:00,  8.28it/s]
 54%|█████▍    | 7/13 [00:00<00:00,  8.60it/s]
 62%|██████▏   | 8/13 [00:01<00:00,  8.72it/s]
 69%|██████▉   | 9/13 [00:01<00:00,  8.81it/s]
 77%|███████▋  | 10/13 [00:01<00:00,  8.98it/s]
 85%|████████▍ | 11/13 [00:01<00:00,  8.97it/s]
 92%|█████████▏| 12/13 [00:01<00:00,  9.10it/s]
100%|██████████| 13/13 [00:01<00:00,  9.17it/s]
100%|██████████| 13/13 [00:01<00:00,  8.27it/s]

  0%|          | 0/13 [00:00<?, ?it/s]
  8%|▊         | 1/13 [00:00<00:04,  2.66it/s]
 15%|█▌        | 2/13 [00:00<00:02,  4.66it/s]
 23%|██▎       | 3/13 [00:00<00:01,  6.08it/s]
 31%|███       | 4/13 [00:00<00:01,  7.12it/s]
 38%|███▊      | 5/13 [00:00<00:01,  7.78it/s]
 46%|████▌     | 6/13 [00:00<00:00,  8.09it/s]
 54%|█████▍    | 7/13 [00:01<00:00,  8.40it/s]
 62%|██████▏   | 8/13 [00:01<00:00,  8.57it/s]
 69%|██████▉   | 9/13 [00:01<00:00,  8.73it/s]
 77%|███████▋  | 10/13 [00:01<00:00,  8.79it/s]
 85%|████████▍ | 11/13 [00:01<00:00,  8.83it/s]
 92%|█████████▏| 12/13 [00:01<00:00,  8.78it/s]
100%|██████████| 13/13 [00:01<00:00,  8.79it/s]
100%|██████████| 13/13 [00:01<00:00,  7.69it/s]

  0%|          | 0/13 [00:00<?, ?it/s]
  8%|▊         | 1/13 [00:00<00:03,  3.35it/s]
 15%|█▌        | 2/13 [00:00<00:02,  5.37it/s]
 23%|██▎       | 3/13 [00:00<00:01,  6.72it/s]
 31%|███       | 4/13 [00:00<00:01,  7.57it/s]
 38%|███▊      | 5/13 [00:00<00:01,  7.49it/s]
 46%|████▌     | 6/13 [00:00<00:00,  8.05it/s]
 54%|█████▍    | 7/13 [00:00<00:00,  8.38it/s]
 62%|██████▏   | 8/13 [00:01<00:00,  8.54it/s]
 69%|██████▉   | 9/13 [00:01<00:00,  8.65it/s]
 77%|███████▋  | 10/13 [00:01<00:00,  8.84it/s]
 85%|████████▍ | 11/13 [00:01<00:00,  8.82it/s]
 92%|█████████▏| 12/13 [00:01<00:00,  8.88it/s]
100%|██████████| 13/13 [00:01<00:00,  8.90it/s]
100%|██████████| 13/13 [00:01<00:00,  7.94it/s]

  0%|          | 0/13 [00:00<?, ?it/s]
  8%|▊         | 1/13 [00:00<00:03,  3.45it/s]
 15%|█▌        | 2/13 [00:00<00:01,  5.53it/s]
 23%|██▎       | 3/13 [00:00<00:01,  6.68it/s]
 31%|███       | 4/13 [00:00<00:01,  7.44it/s]
 38%|███▊      | 5/13 [00:00<00:01,  7.95it/s]
 46%|████▌     | 6/13 [00:00<00:00,  8.37it/s]
 54%|█████▍    | 7/13 [00:00<00:00,  8.35it/s]
 62%|██████▏   | 8/13 [00:01<00:00,  8.59it/s]
 69%|██████▉   | 9/13 [00:01<00:00,  8.81it/s]
 77%|███████▋  | 10/13 [00:01<00:00,  8.93it/s]
 85%|████████▍ | 11/13 [00:01<00:00,  9.06it/s]
 92%|█████████▏| 12/13 [00:01<00:00,  9.13it/s]
100%|██████████| 13/13 [00:01<00:00,  9.22it/s]
100%|██████████| 13/13 [00:01<00:00,  8.12it/s]

  0%|          | 0/13 [00:00<?, ?it/s]
  8%|▊         | 1/13 [00:00<00:03,  3.30it/s]
 15%|█▌        | 2/13 [00:00<00:02,  5.26it/s]
 23%|██▎       | 3/13 [00:00<00:01,  6.46it/s]
 31%|███       | 4/13 [00:00<00:01,  7.29it/s]
 38%|███▊      | 5/13 [00:00<00:01,  7.76it/s]
 46%|████▌     | 6/13 [00:00<00:00,  8.02it/s]
 54%|█████▍    | 7/13 [00:00<00:00,  8.36it/s]
 62%|██████▏   | 8/13 [00:01<00:00,  8.53it/s]
 69%|██████▉   | 9/13 [00:01<00:00,  8.65it/s]
 77%|███████▋  | 10/13 [00:01<00:00,  8.85it/s]
 85%|████████▍ | 11/13 [00:01<00:00,  8.93it/s]
 92%|█████████▏| 12/13 [00:01<00:00,  9.01it/s]
100%|██████████| 13/13 [00:01<00:00,  9.07it/s]
100%|██████████| 13/13 [00:01<00:00,  7.95it/s]

  0%|          | 0/13 [00:00<?, ?it/s]
  8%|▊         | 1/13 [00:00<00:03,  3.22it/s]
 15%|█▌        | 2/13 [00:00<00:02,  5.07it/s]
 23%|██▎       | 3/13 [00:00<00:01,  6.32it/s]
 31%|███       | 4/13 [00:00<00:01,  7.29it/s]
 38%|███▊      | 5/13 [00:00<00:01,  7.95it/s]
 46%|████▌     | 6/13 [00:00<00:00,  8.41it/s]
 54%|█████▍    | 7/13 [00:00<00:00,  8.75it/s]
 62%|██████▏   | 8/13 [00:01<00:00,  8.96it/s]
 69%|██████▉   | 9/13 [00:01<00:00,  9.12it/s]
 77%|███████▋  | 10/13 [00:01<00:00,  9.25it/s]
 85%|████████▍ | 11/13 [00:01<00:00,  9.28it/s]
 92%|█████████▏| 12/13 [00:01<00:00,  9.32it/s]
100%|██████████| 13/13 [00:01<00:00,  9.22it/s]
100%|██████████| 13/13 [00:01<00:00,  8.11it/s]

  0%|          | 0/13 [00:00<?, ?it/s]
  8%|▊         | 1/13 [00:00<00:03,  3.39it/s]
 15%|█▌        | 2/13 [00:00<00:02,  5.29it/s]
 23%|██▎       | 3/13 [00:00<00:01,  6.52it/s]
 31%|███       | 4/13 [00:00<00:01,  7.24it/s]
 38%|███▊      | 5/13 [00:00<00:01,  7.75it/s]
 46%|████▌     | 6/13 [00:00<00:00,  8.20it/s]
 54%|█████▍    | 7/13 [00:00<00:00,  8.40it/s]
 62%|██████▏   | 8/13 [00:01<00:00,  8.69it/s]
 69%|██████▉   | 9/13 [00:01<00:00,  8.78it/s]
 77%|███████▋  | 10/13 [00:01<00:00,  8.72it/s]
 85%|████████▍ | 11/13 [00:01<00:00,  8.52it/s]
 92%|█████████▏| 12/13 [00:01<00:00,  8.53it/s]
100%|██████████| 13/13 [00:01<00:00,  8.55it/s]
100%|██████████| 13/13 [00:01<00:00,  7.83it/s]

  0%|          | 0/13 [00:00<?, ?it/s]
  8%|▊         | 1/13 [00:00<00:03,  3.52it/s]
 15%|█▌        | 2/13 [00:00<00:01,  5.59it/s]
 23%|██▎       | 3/13 [00:00<00:01,  6.61it/s]
 31%|███       | 4/13 [00:00<00:01,  7.28it/s]
 38%|███▊      | 5/13 [00:00<00:01,  7.84it/s]
 46%|████▌     | 6/13 [00:00<00:00,  8.26it/s]
 54%|█████▍    | 7/13 [00:00<00:00,  8.52it/s]
 62%|██████▏   | 8/13 [00:01<00:00,  8.66it/s]
 69%|██████▉   | 9/13 [00:01<00:00,  8.95it/s]
 77%|███████▋  | 10/13 [00:01<00:00,  9.10it/s]
 85%|████████▍ | 11/13 [00:01<00:00,  9.33it/s]
 92%|█████████▏| 12/13 [00:01<00:00,  9.39it/s]
100%|██████████| 13/13 [00:01<00:00,  9.40it/s]
100%|██████████| 13/13 [00:01<00:00,  8.20it/s]

  0%|          | 0/13 [00:00<?, ?it/s]
  8%|▊         | 1/13 [00:00<00:03,  3.58it/s]
 15%|█▌        | 2/13 [00:00<00:01,  5.70it/s]
 23%|██▎       | 3/13 [00:00<00:01,  7.00it/s]
 31%|███       | 4/13 [00:00<00:01,  7.83it/s]
 38%|███▊      | 5/13 [00:00<00:00,  8.32it/s]
 46%|████▌     | 6/13 [00:00<00:00,  8.67it/s]
 54%|█████▍    | 7/13 [00:00<00:00,  8.86it/s]
 62%|██████▏   | 8/13 [00:01<00:00,  8.85it/s]
 69%|██████▉   | 9/13 [00:01<00:00,  8.79it/s]
 77%|███████▋  | 10/13 [00:01<00:00,  8.93it/s]
 85%|████████▍ | 11/13 [00:01<00:00,  9.10it/s]
 92%|█████████▏| 12/13 [00:01<00:00,  9.07it/s]
100%|██████████| 13/13 [00:01<00:00,  9.02it/s]
100%|██████████| 13/13 [00:01<00:00,  8.25it/s]

  0%|          | 0/13 [00:00<?, ?it/s]
  8%|▊         | 1/13 [00:00<00:03,  3.57it/s]
 15%|█▌        | 2/13 [00:00<00:01,  5.54it/s]
 23%|██▎       | 3/13 [00:00<00:01,  6.80it/s]
 31%|███       | 4/13 [00:00<00:01,  7.51it/s]
 38%|███▊      | 5/13 [00:00<00:01,  7.95it/s]
 46%|████▌     | 6/13 [00:00<00:00,  8.37it/s]
 54%|█████▍    | 7/13 [00:00<00:00,  8.56it/s]
 62%|██████▏   | 8/13 [00:01<00:00,  8.66it/s]
 69%|██████▉   | 9/13 [00:01<00:00,  8.81it/s]
 77%|███████▋  | 10/13 [00:01<00:00,  8.85it/s]
 85%|████████▍ | 11/13 [00:01<00:00,  8.90it/s]
 92%|█████████▏| 12/13 [00:01<00:00,  9.02it/s]
100%|██████████| 13/13 [00:01<00:00,  9.10it/s]
100%|██████████| 13/13 [00:01<00:00,  8.12it/s]

  0%|          | 0/13 [00:00<?, ?it/s]
  8%|▊         | 1/13 [00:00<00:04,  2.84it/s]
 15%|█▌        | 2/13 [00:00<00:02,  4.76it/s]
 23%|██▎       | 3/13 [00:00<00:01,  5.78it/s]
 31%|███       | 4/13 [00:00<00:01,  6.70it/s]
 38%|███▊      | 5/13 [00:00<00:01,  7.39it/s]
 46%|████▌     | 6/13 [00:00<00:00,  7.90it/s]
 54%|█████▍    | 7/13 [00:01<00:00,  8.22it/s]
 62%|██████▏   | 8/13 [00:01<00:00,  8.50it/s]
 69%|██████▉   | 9/13 [00:01<00:00,  8.69it/s]
 77%|███████▋  | 10/13 [00:01<00:00,  8.66it/s]
 85%|████████▍ | 11/13 [00:01<00:00,  8.65it/s]
 92%|█████████▏| 12/13 [00:01<00:00,  8.77it/s]
100%|██████████| 13/13 [00:01<00:00,  8.83it/s]
100%|██████████| 13/13 [00:01<00:00,  7.61it/s]
[50/750] Early_Renaissance__Early_Renaissance__fra-angelico_saint-cosmas-and-saint-damian-before-lisius-1440__to__Impressionism.png  dt=1.94s  elapsed=1.6m  eta=21.9m

  0%|          | 0/13 [00:00<?, ?it/s]
  8%|▊         | 1/13 [00:00<00:03,  3.23it/s]
 15%|█▌        | 2/13 [00:00<00:02,  5.24it/s]
 23%|██▎       | 3/13 [00:00<00:01,  6.35it/s]
 31%|███       | 4/13 [00:00<00:01,  7.22it/s]
 38%|███▊      | 5/13 [00:00<00:01,  7.74it/s]
 46%|████▌     | 6/13 [00:00<00:00,  8.13it/s]
 54%|█████▍    | 7/13 [00:00<00:00,  8.33it/s]
 62%|██████▏   | 8/13 [00:01<00:00,  8.53it/s]
 69%|██████▉   | 9/13 [00:01<00:00,  8.70it/s]
 77%|███████▋  | 10/13 [00:01<00:00,  8.69it/s]
 85%|████████▍ | 11/13 [00:01<00:00,  8.71it/s]
 92%|█████████▏| 12/13 [00:01<00:00,  8.69it/s]
100%|██████████| 13/13 [00:01<00:00,  8.73it/s]
100%|██████████| 13/13 [00:01<00:00,  7.82it/s]

  0%|          | 0/13 [00:00<?, ?it/s]
  8%|▊         | 1/13 [00:00<00:04,  2.88it/s]
 15%|█▌        | 2/13 [00:00<00:02,  4.77it/s]
 23%|██▎       | 3/13 [00:00<00:01,  6.10it/s]
 31%|███       | 4/13 [00:00<00:01,  6.93it/s]
 38%|███▊      | 5/13 [00:00<00:01,  7.49it/s]
 46%|████▌     | 6/13 [00:00<00:00,  7.96it/s]
 54%|█████▍    | 7/13 [00:01<00:00,  8.25it/s]
 62%|██████▏   | 8/13 [00:01<00:00,  8.28it/s]
 69%|██████▉   | 9/13 [00:01<00:00,  8.34it/s]
 77%|███████▋  | 10/13 [00:01<00:00,  8.29it/s]
 85%|████████▍ | 11/13 [00:01<00:00,  8.53it/s]
 92%|█████████▏| 12/13 [00:01<00:00,  8.56it/s]
100%|██████████| 13/13 [00:01<00:00,  8.60it/s]
100%|██████████| 13/13 [00:01<00:00,  7.55it/s]

  0%|          | 0/13 [00:00<?, ?it/s]
  8%|▊         | 1/13 [00:00<00:04,  2.92it/s]
 15%|█▌        | 2/13 [00:00<00:02,  4.87it/s]
 23%|██▎       | 3/13 [00:00<00:01,  6.20it/s]
 31%|███       | 4/13 [00:00<00:01,  7.15it/s]
 38%|███▊      | 5/13 [00:00<00:01,  7.64it/s]
 46%|████▌     | 6/13 [00:00<00:00,  7.96it/s]
 54%|█████▍    | 7/13 [00:01<00:00,  8.22it/s]
 62%|██████▏   | 8/13 [00:01<00:00,  8.35it/s]
 69%|██████▉   | 9/13 [00:01<00:00,  8.40it/s]
 77%|███████▋  | 10/13 [00:01<00:00,  8.52it/s]
 85%|████████▍ | 11/13 [00:01<00:00,  8.56it/s]
 92%|█████████▏| 12/13 [00:01<00:00,  8.75it/s]
100%|██████████| 13/13 [00:01<00:00,  8.87it/s]
100%|██████████| 13/13 [00:01<00:00,  7.69it/s]

  0%|          | 0/13 [00:00<?, ?it/s]
  8%|▊         | 1/13 [00:00<00:03,  3.47it/s]
 15%|█▌        | 2/13 [00:00<00:02,  5.46it/s]
 23%|██▎       | 3/13 [00:00<00:01,  6.71it/s]
 31%|███       | 4/13 [00:00<00:01,  7.54it/s]
 38%|███▊      | 5/13 [00:00<00:00,  8.08it/s]
 46%|████▌     | 6/13 [00:00<00:00,  8.35it/s]
 54%|█████▍    | 7/13 [00:00<00:00,  8.51it/s]
 62%|██████▏   | 8/13 [00:01<00:00,  8.69it/s]
 69%|██████▉   | 9/13 [00:01<00:00,  8.88it/s]
 77%|███████▋  | 10/13 [00:01<00:00,  8.97it/s]
 85%|████████▍ | 11/13 [00:01<00:00,  9.09it/s]
 92%|█████████▏| 12/13 [00:01<00:00,  9.14it/s]
100%|██████████| 13/13 [00:01<00:00,  9.18it/s]
100%|██████████| 13/13 [00:01<00:00,  8.15it/s]

  0%|          | 0/13 [00:00<?, ?it/s]
  8%|▊         | 1/13 [00:00<00:03,  3.39it/s]
 23%|██▎       | 3/13 [00:00<00:01,  6.64it/s]
 31%|███       | 4/13 [00:00<00:01,  7.40it/s]
 38%|███▊      | 5/13 [00:00<00:00,  8.02it/s]
 46%|████▌     | 6/13 [00:00<00:00,  8.44it/s]
 54%|█████▍    | 7/13 [00:00<00:00,  8.83it/s]
 62%|██████▏   | 8/13 [00:01<00:00,  8.96it/s]
 69%|██████▉   | 9/13 [00:01<00:00,  9.03it/s]
 77%|███████▋  | 10/13 [00:01<00:00,  9.20it/s]
 85%|████████▍ | 11/13 [00:01<00:00,  9.27it/s]
 92%|█████████▏| 12/13 [00:01<00:00,  9.22it/s]
100%|██████████| 13/13 [00:01<00:00,  9.17it/s]
100%|██████████| 13/13 [00:01<00:00,  8.34it/s]

  0%|          | 0/13 [00:00<?, ?it/s]
  8%|▊         | 1/13 [00:00<00:04,  2.41it/s]
 15%|█▌        | 2/13 [00:00<00:02,  4.34it/s]
 23%|██▎       | 3/13 [00:00<00:01,  5.71it/s]
 31%|███       | 4/13 [00:00<00:01,  6.73it/s]
 38%|███▊      | 5/13 [00:00<00:01,  7.19it/s]
 46%|████▌     | 6/13 [00:00<00:00,  7.49it/s]
 54%|█████▍    | 7/13 [00:01<00:00,  7.79it/s]
 62%|██████▏   | 8/13 [00:01<00:00,  7.97it/s]
 69%|██████▉   | 9/13 [00:01<00:00,  8.20it/s]
 77%|███████▋  | 10/13 [00:01<00:00,  8.37it/s]
 85%|████████▍ | 11/13 [00:01<00:00,  8.52it/s]
 92%|█████████▏| 12/13 [00:01<00:00,  8.60it/s]
100%|██████████| 13/13 [00:01<00:00,  8.60it/s]
100%|██████████| 13/13 [00:01<00:00,  7.28it/s]

  0%|          | 0/13 [00:00<?, ?it/s]
  8%|▊         | 1/13 [00:00<00:03,  3.15it/s]
 15%|█▌        | 2/13 [00:00<00:02,  5.10it/s]
 23%|██▎       | 3/13 [00:00<00:01,  6.43it/s]
 31%|███       | 4/13 [00:00<00:01,  7.25it/s]
 38%|███▊      | 5/13 [00:00<00:01,  7.81it/s]
 46%|████▌     | 6/13 [00:00<00:00,  8.28it/s]
 54%|█████▍    | 7/13 [00:00<00:00,  8.51it/s]
 62%|██████▏   | 8/13 [00:01<00:00,  8.77it/s]
 69%|██████▉   | 9/13 [00:01<00:00,  8.70it/s]
 77%|███████▋  | 10/13 [00:01<00:00,  8.66it/s]
 85%|████████▍ | 11/13 [00:01<00:00,  8.61it/s]
 92%|█████████▏| 12/13 [00:01<00:00,  8.55it/s]
100%|██████████| 13/13 [00:01<00:00,  8.57it/s]
100%|██████████| 13/13 [00:01<00:00,  7.79it/s]

  0%|          | 0/13 [00:00<?, ?it/s]
  8%|▊         | 1/13 [00:00<00:03,  3.21it/s]
 15%|█▌        | 2/13 [00:00<00:02,  4.96it/s]
 23%|██▎       | 3/13 [00:00<00:01,  6.23it/s]
 31%|███       | 4/13 [00:00<00:01,  6.78it/s]
 38%|███▊      | 5/13 [00:00<00:01,  7.21it/s]
 46%|████▌     | 6/13 [00:00<00:00,  7.85it/s]
 54%|█████▍    | 7/13 [00:01<00:00,  8.29it/s]
 62%|██████▏   | 8/13 [00:01<00:00,  8.61it/s]
 69%|██████▉   | 9/13 [00:01<00:00,  8.75it/s]
 77%|███████▋  | 10/13 [00:01<00:00,  8.74it/s]
 85%|████████▍ | 11/13 [00:01<00:00,  8.70it/s]
 92%|█████████▏| 12/13 [00:01<00:00,  8.89it/s]
100%|██████████| 13/13 [00:01<00:00,  8.80it/s]
100%|██████████| 13/13 [00:01<00:00,  7.73it/s]

  0%|          | 0/13 [00:00<?, ?it/s]
  8%|▊         | 1/13 [00:00<00:03,  3.29it/s]
 15%|█▌        | 2/13 [00:00<00:02,  5.27it/s]
 23%|██▎       | 3/13 [00:00<00:01,  6.47it/s]
 31%|███       | 4/13 [00:00<00:01,  7.34it/s]
 38%|███▊      | 5/13 [00:00<00:01,  7.96it/s]
 46%|████▌     | 6/13 [00:00<00:00,  8.26it/s]
 54%|█████▍    | 7/13 [00:00<00:00,  8.52it/s]
 62%|██████▏   | 8/13 [00:01<00:00,  8.75it/s]
 69%|██████▉   | 9/13 [00:01<00:00,  8.79it/s]
 77%|███████▋  | 10/13 [00:01<00:00,  8.84it/s]
 85%|████████▍ | 11/13 [00:01<00:00,  8.87it/s]
 92%|█████████▏| 12/13 [00:01<00:00,  8.37it/s]
100%|██████████| 13/13 [00:01<00:00,  8.73it/s]
100%|██████████| 13/13 [00:01<00:00,  7.90it/s]

  0%|          | 0/13 [00:00<?, ?it/s]
  8%|▊         | 1/13 [00:00<00:03,  3.08it/s]
 15%|█▌        | 2/13 [00:00<00:02,  4.95it/s]
 23%|██▎       | 3/13 [00:00<00:01,  6.10it/s]
 31%|███       | 4/13 [00:00<00:01,  6.84it/s]
 38%|███▊      | 5/13 [00:00<00:01,  7.33it/s]
 46%|████▌     | 6/13 [00:00<00:00,  7.78it/s]
 54%|█████▍    | 7/13 [00:01<00:00,  8.08it/s]
 62%|██████▏   | 8/13 [00:01<00:00,  8.31it/s]
 69%|██████▉   | 9/13 [00:01<00:00,  8.44it/s]
 77%|███████▋  | 10/13 [00:01<00:00,  8.48it/s]
 85%|████████▍ | 11/13 [00:01<00:00,  8.55it/s]
 92%|█████████▏| 12/13 [00:01<00:00,  8.37it/s]
100%|██████████| 13/13 [00:01<00:00,  8.40it/s]
100%|██████████| 13/13 [00:01<00:00,  7.53it/s]

  0%|          | 0/13 [00:00<?, ?it/s]
  8%|▊         | 1/13 [00:00<00:04,  2.97it/s]
 15%|█▌        | 2/13 [00:00<00:02,  4.87it/s]
 23%|██▎       | 3/13 [00:00<00:01,  6.02it/s]
 31%|███       | 4/13 [00:00<00:01,  6.91it/s]
 38%|███▊      | 5/13 [00:00<00:01,  7.50it/s]
 46%|████▌     | 6/13 [00:00<00:00,  7.73it/s]
 54%|█████▍    | 7/13 [00:01<00:00,  8.03it/s]
 62%|██████▏   | 8/13 [00:01<00:00,  8.25it/s]
 69%|██████▉   | 9/13 [00:01<00:00,  8.36it/s]
 77%|███████▋  | 10/13 [00:01<00:00,  8.49it/s]
 85%|████████▍ | 11/13 [00:01<00:00,  8.49it/s]
 92%|█████████▏| 12/13 [00:01<00:00,  8.58it/s]
100%|██████████| 13/13 [00:01<00:00,  8.52it/s]
100%|██████████| 13/13 [00:01<00:00,  7.53it/s]

  0%|          | 0/13 [00:00<?, ?it/s]
  8%|▊         | 1/13 [00:00<00:03,  3.06it/s]
 15%|█▌        | 2/13 [00:00<00:02,  5.05it/s]
 23%|██▎       | 3/13 [00:00<00:01,  6.25it/s]
 31%|███       | 4/13 [00:00<00:01,  7.10it/s]
 38%|███▊      | 5/13 [00:00<00:01,  7.61it/s]
 46%|████▌     | 6/13 [00:00<00:00,  8.06it/s]
 54%|█████▍    | 7/13 [00:00<00:00,  8.40it/s]
 62%|██████▏   | 8/13 [00:01<00:00,  8.58it/s]
 69%|██████▉   | 9/13 [00:01<00:00,  8.67it/s]
 77%|███████▋  | 10/13 [00:01<00:00,  8.59it/s]
 85%|████████▍ | 11/13 [00:01<00:00,  8.70it/s]
 92%|█████████▏| 12/13 [00:01<00:00,  8.89it/s]
100%|██████████| 13/13 [00:01<00:00,  8.85it/s]
100%|██████████| 13/13 [00:01<00:00,  7.79it/s]

  0%|          | 0/13 [00:00<?, ?it/s]
  8%|▊         | 1/13 [00:00<00:04,  2.98it/s]
 15%|█▌        | 2/13 [00:00<00:02,  4.96it/s]
 23%|██▎       | 3/13 [00:00<00:01,  6.19it/s]
 31%|███       | 4/13 [00:00<00:01,  6.94it/s]
 38%|███▊      | 5/13 [00:00<00:01,  7.35it/s]
 46%|████▌     | 6/13 [00:00<00:00,  7.75it/s]
 54%|█████▍    | 7/13 [00:01<00:00,  8.07it/s]
 62%|██████▏   | 8/13 [00:01<00:00,  8.36it/s]
 69%|██████▉   | 9/13 [00:01<00:00,  8.46it/s]
 77%|███████▋  | 10/13 [00:01<00:00,  8.55it/s]
 85%|████████▍ | 11/13 [00:01<00:00,  8.64it/s]
 92%|█████████▏| 12/13 [00:01<00:00,  8.53it/s]
100%|██████████| 13/13 [00:01<00:00,  8.55it/s]
100%|██████████| 13/13 [00:01<00:00,  7.58it/s]

  0%|          | 0/13 [00:00<?, ?it/s]
  8%|▊         | 1/13 [00:00<00:03,  3.28it/s]
 15%|█▌        | 2/13 [00:00<00:02,  5.26it/s]
 23%|██▎       | 3/13 [00:00<00:01,  6.47it/s]
 31%|███       | 4/13 [00:00<00:01,  7.14it/s]
 38%|███▊      | 5/13 [00:00<00:01,  7.55it/s]
 46%|████▌     | 6/13 [00:00<00:00,  7.54it/s]
 54%|█████▍    | 7/13 [00:01<00:00,  7.97it/s]
 62%|██████▏   | 8/13 [00:01<00:00,  8.19it/s]
 69%|██████▉   | 9/13 [00:01<00:00,  8.51it/s]
 77%|███████▋  | 10/13 [00:01<00:00,  8.73it/s]
 85%|████████▍ | 11/13 [00:01<00:00,  9.06it/s]
 92%|█████████▏| 12/13 [00:01<00:00,  9.07it/s]
100%|██████████| 13/13 [00:01<00:00,  9.03it/s]
100%|██████████| 13/13 [00:01<00:00,  7.83it/s]

  0%|          | 0/13 [00:00<?, ?it/s]
  8%|▊         | 1/13 [00:00<00:03,  3.35it/s]
 15%|█▌        | 2/13 [00:00<00:02,  5.29it/s]
 23%|██▎       | 3/13 [00:00<00:01,  6.66it/s]
 31%|███       | 4/13 [00:00<00:01,  7.19it/s]
 38%|███▊      | 5/13 [00:00<00:01,  7.70it/s]
 46%|████▌     | 6/13 [00:00<00:00,  7.59it/s]
 54%|█████▍    | 7/13 [00:00<00:00,  7.97it/s]
 62%|██████▏   | 8/13 [00:01<00:00,  8.46it/s]
 69%|██████▉   | 9/13 [00:01<00:00,  8.65it/s]
 77%|███████▋  | 10/13 [00:01<00:00,  8.92it/s]
 85%|████████▍ | 11/13 [00:01<00:00,  9.13it/s]
 92%|█████████▏| 12/13 [00:01<00:00,  9.03it/s]
100%|██████████| 13/13 [00:01<00:00,  9.09it/s]
100%|██████████| 13/13 [00:01<00:00,  7.92it/s]

  0%|          | 0/13 [00:00<?, ?it/s]
  8%|▊         | 1/13 [00:00<00:03,  3.36it/s]
 15%|█▌        | 2/13 [00:00<00:02,  5.40it/s]
 23%|██▎       | 3/13 [00:00<00:01,  6.68it/s]
 31%|███       | 4/13 [00:00<00:01,  7.53it/s]
 38%|███▊      | 5/13 [00:00<00:00,  8.15it/s]
 46%|████▌     | 6/13 [00:00<00:00,  8.43it/s]
 54%|█████▍    | 7/13 [00:00<00:00,  8.54it/s]
 62%|██████▏   | 8/13 [00:01<00:00,  8.54it/s]
 69%|██████▉   | 9/13 [00:01<00:00,  8.69it/s]
 77%|███████▋  | 10/13 [00:01<00:00,  8.81it/s]
 85%|████████▍ | 11/13 [00:01<00:00,  8.87it/s]
 92%|█████████▏| 12/13 [00:01<00:00,  8.95it/s]
100%|██████████| 13/13 [00:01<00:00,  8.91it/s]
100%|██████████| 13/13 [00:01<00:00,  8.03it/s]

  0%|          | 0/13 [00:00<?, ?it/s]
  8%|▊         | 1/13 [00:00<00:03,  3.26it/s]
 15%|█▌        | 2/13 [00:00<00:02,  4.38it/s]
 23%|██▎       | 3/13 [00:00<00:01,  5.80it/s]
 31%|███       | 4/13 [00:00<00:01,  6.78it/s]
 38%|███▊      | 5/13 [00:00<00:01,  7.60it/s]
 46%|████▌     | 6/13 [00:00<00:00,  8.15it/s]
 54%|█████▍    | 7/13 [00:01<00:00,  8.56it/s]
 62%|██████▏   | 8/13 [00:01<00:00,  8.85it/s]
 69%|██████▉   | 9/13 [00:01<00:00,  8.83it/s]
 77%|███████▋  | 10/13 [00:01<00:00,  8.97it/s]
 85%|████████▍ | 11/13 [00:01<00:00,  9.00it/s]
 92%|█████████▏| 12/13 [00:01<00:00,  9.09it/s]
100%|██████████| 13/13 [00:01<00:00,  9.08it/s]
100%|██████████| 13/13 [00:01<00:00,  7.82it/s]

  0%|          | 0/13 [00:00<?, ?it/s]
  8%|▊         | 1/13 [00:00<00:03,  3.36it/s]
 15%|█▌        | 2/13 [00:00<00:02,  5.44it/s]
 23%|██▎       | 3/13 [00:00<00:01,  6.61it/s]
 31%|███       | 4/13 [00:00<00:01,  7.46it/s]
 38%|███▊      | 5/13 [00:00<00:01,  7.94it/s]
 46%|████▌     | 6/13 [00:00<00:00,  8.35it/s]
 54%|█████▍    | 7/13 [00:00<00:00,  8.60it/s]
 62%|██████▏   | 8/13 [00:01<00:00,  8.72it/s]
 69%|██████▉   | 9/13 [00:01<00:00,  8.88it/s]
 77%|███████▋  | 10/13 [00:01<00:00,  8.57it/s]
 85%|████████▍ | 11/13 [00:01<00:00,  8.87it/s]
 92%|█████████▏| 12/13 [00:01<00:00,  8.97it/s]
100%|██████████| 13/13 [00:01<00:00,  9.00it/s]
100%|██████████| 13/13 [00:01<00:00,  8.03it/s]

  0%|          | 0/13 [00:00<?, ?it/s]
  8%|▊         | 1/13 [00:00<00:03,  3.42it/s]
 15%|█▌        | 2/13 [00:00<00:02,  5.46it/s]
 23%|██▎       | 3/13 [00:00<00:01,  6.68it/s]
 31%|███       | 4/13 [00:00<00:01,  7.48it/s]
 38%|███▊      | 5/13 [00:00<00:00,  8.03it/s]
 46%|████▌     | 6/13 [00:00<00:00,  8.46it/s]
 54%|█████▍    | 7/13 [00:00<00:00,  8.76it/s]
 62%|██████▏   | 8/13 [00:01<00:00,  8.90it/s]
 69%|██████▉   | 9/13 [00:01<00:00,  9.08it/s]
 77%|███████▋  | 10/13 [00:01<00:00,  9.11it/s]
 85%|████████▍ | 11/13 [00:01<00:00,  9.21it/s]
 92%|█████████▏| 12/13 [00:01<00:00,  9.20it/s]
100%|██████████| 13/13 [00:01<00:00,  9.01it/s]
100%|██████████| 13/13 [00:01<00:00,  8.17it/s]

  0%|          | 0/13 [00:00<?, ?it/s]
  8%|▊         | 1/13 [00:00<00:03,  3.36it/s]
 15%|█▌        | 2/13 [00:00<00:02,  5.38it/s]
 23%|██▎       | 3/13 [00:00<00:01,  6.68it/s]
 31%|███       | 4/13 [00:00<00:01,  7.51it/s]
 38%|███▊      | 5/13 [00:00<00:01,  7.92it/s]
 46%|████▌     | 6/13 [00:00<00:00,  8.37it/s]
 54%|█████▍    | 7/13 [00:00<00:00,  8.69it/s]
 62%|██████▏   | 8/13 [00:01<00:00,  8.91it/s]
 69%|██████▉   | 9/13 [00:01<00:00,  8.73it/s]
 77%|███████▋  | 10/13 [00:01<00:00,  8.75it/s]
 85%|████████▍ | 11/13 [00:01<00:00,  8.97it/s]
 92%|█████████▏| 12/13 [00:01<00:00,  8.72it/s]
100%|██████████| 13/13 [00:01<00:00,  8.92it/s]
100%|██████████| 13/13 [00:01<00:00,  8.03it/s]

  0%|          | 0/13 [00:00<?, ?it/s]
  8%|▊         | 1/13 [00:00<00:03,  3.46it/s]
 23%|██▎       | 3/13 [00:00<00:01,  6.30it/s]
 38%|███▊      | 5/13 [00:00<00:01,  7.77it/s]
 46%|████▌     | 6/13 [00:00<00:00,  8.16it/s]
 54%|█████▍    | 7/13 [00:00<00:00,  8.38it/s]
 62%|██████▏   | 8/13 [00:01<00:00,  8.63it/s]
 69%|██████▉   | 9/13 [00:01<00:00,  8.75it/s]
 77%|███████▋  | 10/13 [00:01<00:00,  8.78it/s]
 85%|████████▍ | 11/13 [00:01<00:00,  8.81it/s]
 92%|█████████▏| 12/13 [00:01<00:00,  8.88it/s]
100%|██████████| 13/13 [00:01<00:00,  8.87it/s]
100%|██████████| 13/13 [00:01<00:00,  8.13it/s]

  0%|          | 0/13 [00:00<?, ?it/s]
  8%|▊         | 1/13 [00:00<00:03,  3.50it/s]
 15%|█▌        | 2/13 [00:00<00:02,  5.45it/s]
 23%|██▎       | 3/13 [00:00<00:01,  6.54it/s]
 31%|███       | 4/13 [00:00<00:01,  7.33it/s]
 38%|███▊      | 5/13 [00:00<00:01,  7.95it/s]
 46%|████▌     | 6/13 [00:00<00:00,  8.32it/s]
 54%|█████▍    | 7/13 [00:00<00:00,  8.62it/s]
 62%|██████▏   | 8/13 [00:01<00:00,  8.67it/s]
 69%|██████▉   | 9/13 [00:01<00:00,  8.72it/s]
 77%|███████▋  | 10/13 [00:01<00:00,  8.79it/s]
 85%|████████▍ | 11/13 [00:01<00:00,  8.81it/s]
 92%|█████████▏| 12/13 [00:01<00:00,  8.95it/s]
100%|██████████| 13/13 [00:01<00:00,  8.99it/s]
100%|██████████| 13/13 [00:01<00:00,  8.03it/s]

  0%|          | 0/13 [00:00<?, ?it/s]
  8%|▊         | 1/13 [00:00<00:03,  3.57it/s]
 15%|█▌        | 2/13 [00:00<00:01,  5.64it/s]
 23%|██▎       | 3/13 [00:00<00:01,  6.92it/s]
 31%|███       | 4/13 [00:00<00:01,  7.70it/s]
 38%|███▊      | 5/13 [00:00<00:00,  8.09it/s]
 46%|████▌     | 6/13 [00:00<00:00,  8.44it/s]
 54%|█████▍    | 7/13 [00:00<00:00,  8.68it/s]
 62%|██████▏   | 8/13 [00:01<00:00,  8.58it/s]
 69%|██████▉   | 9/13 [00:01<00:00,  8.59it/s]
 77%|███████▋  | 10/13 [00:01<00:00,  8.64it/s]
 85%|████████▍ | 11/13 [00:01<00:00,  8.63it/s]
 92%|█████████▏| 12/13 [00:01<00:00,  8.76it/s]
100%|██████████| 13/13 [00:01<00:00,  8.87it/s]
100%|██████████| 13/13 [00:01<00:00,  8.06it/s]

  0%|          | 0/13 [00:00<?, ?it/s]
  8%|▊         | 1/13 [00:00<00:03,  3.40it/s]
 15%|█▌        | 2/13 [00:00<00:02,  5.39it/s]
 23%|██▎       | 3/13 [00:00<00:01,  6.65it/s]
 31%|███       | 4/13 [00:00<00:01,  7.51it/s]
 38%|███▊      | 5/13 [00:00<00:00,  8.10it/s]
 46%|████▌     | 6/13 [00:00<00:00,  8.29it/s]
 54%|█████▍    | 7/13 [00:00<00:00,  8.59it/s]
 62%|██████▏   | 8/13 [00:01<00:00,  8.62it/s]
 69%|██████▉   | 9/13 [00:01<00:00,  8.71it/s]
 77%|███████▋  | 10/13 [00:01<00:00,  8.72it/s]
 85%|████████▍ | 11/13 [00:01<00:00,  8.77it/s]
 92%|█████████▏| 12/13 [00:01<00:00,  8.79it/s]
100%|██████████| 13/13 [00:01<00:00,  8.87it/s]
100%|██████████| 13/13 [00:01<00:00,  8.00it/s]

  0%|          | 0/13 [00:00<?, ?it/s]
  8%|▊         | 1/13 [00:00<00:03,  3.07it/s]
 15%|█▌        | 2/13 [00:00<00:02,  4.94it/s]
 23%|██▎       | 3/13 [00:00<00:01,  6.12it/s]
 31%|███       | 4/13 [00:00<00:01,  6.99it/s]
 38%|███▊      | 5/13 [00:00<00:01,  7.60it/s]
 46%|████▌     | 6/13 [00:00<00:00,  8.12it/s]
 54%|█████▍    | 7/13 [00:00<00:00,  8.57it/s]
 62%|██████▏   | 8/13 [00:01<00:00,  8.84it/s]
 69%|██████▉   | 9/13 [00:01<00:00,  9.13it/s]
 77%|███████▋  | 10/13 [00:01<00:00,  9.27it/s]
 85%|████████▍ | 11/13 [00:01<00:00,  9.27it/s]
 92%|█████████▏| 12/13 [00:01<00:00,  9.06it/s]
100%|██████████| 13/13 [00:01<00:00,  8.96it/s]
100%|██████████| 13/13 [00:01<00:00,  7.92it/s]

  0%|          | 0/13 [00:00<?, ?it/s]
  8%|▊         | 1/13 [00:00<00:03,  3.48it/s]
 15%|█▌        | 2/13 [00:00<00:01,  5.51it/s]
 23%|██▎       | 3/13 [00:00<00:01,  6.76it/s]
 31%|███       | 4/13 [00:00<00:01,  7.58it/s]
 38%|███▊      | 5/13 [00:00<00:00,  8.13it/s]
 46%|████▌     | 6/13 [00:00<00:00,  8.63it/s]
 54%|█████▍    | 7/13 [00:00<00:00,  8.93it/s]
 62%|██████▏   | 8/13 [00:01<00:00,  8.95it/s]
 69%|██████▉   | 9/13 [00:01<00:00,  9.01it/s]
 77%|███████▋  | 10/13 [00:01<00:00,  9.08it/s]
 85%|████████▍ | 11/13 [00:01<00:00,  9.10it/s]
 92%|█████████▏| 12/13 [00:01<00:00,  9.29it/s]
100%|██████████| 13/13 [00:01<00:00,  9.30it/s]
100%|██████████| 13/13 [00:01<00:00,  8.27it/s]

  0%|          | 0/13 [00:00<?, ?it/s]
  8%|▊         | 1/13 [00:00<00:03,  3.51it/s]
 15%|█▌        | 2/13 [00:00<00:01,  5.56it/s]
 23%|██▎       | 3/13 [00:00<00:01,  6.83it/s]
 31%|███       | 4/13 [00:00<00:01,  7.71it/s]
 38%|███▊      | 5/13 [00:00<00:00,  8.25it/s]
 46%|████▌     | 6/13 [00:00<00:00,  8.48it/s]
 54%|█████▍    | 7/13 [00:00<00:00,  8.74it/s]
 62%|██████▏   | 8/13 [00:01<00:00,  8.66it/s]
 69%|██████▉   | 9/13 [00:01<00:00,  8.95it/s]
 77%|███████▋  | 10/13 [00:01<00:00,  9.07it/s]
 85%|████████▍ | 11/13 [00:01<00:00,  9.22it/s]
 92%|█████████▏| 12/13 [00:01<00:00,  9.13it/s]
100%|██████████| 13/13 [00:01<00:00,  8.99it/s]
100%|██████████| 13/13 [00:01<00:00,  8.20it/s]

  0%|          | 0/13 [00:00<?, ?it/s]
  8%|▊         | 1/13 [00:00<00:03,  3.52it/s]
 15%|█▌        | 2/13 [00:00<00:01,  5.56it/s]
 23%|██▎       | 3/13 [00:00<00:01,  6.64it/s]
 31%|███       | 4/13 [00:00<00:01,  7.50it/s]
 38%|███▊      | 5/13 [00:00<00:01,  7.99it/s]
 46%|████▌     | 6/13 [00:00<00:00,  8.32it/s]
 54%|█████▍    | 7/13 [00:00<00:00,  8.55it/s]
 62%|██████▏   | 8/13 [00:01<00:00,  8.75it/s]
 69%|██████▉   | 9/13 [00:01<00:00,  8.88it/s]
 77%|███████▋  | 10/13 [00:01<00:00,  9.06it/s]
 85%|████████▍ | 11/13 [00:01<00:00,  9.10it/s]
 92%|█████████▏| 12/13 [00:01<00:00,  9.03it/s]
100%|██████████| 13/13 [00:01<00:00,  9.04it/s]
100%|██████████| 13/13 [00:01<00:00,  8.13it/s]

  0%|          | 0/13 [00:00<?, ?it/s]
  8%|▊         | 1/13 [00:00<00:04,  2.51it/s]
 23%|██▎       | 3/13 [00:00<00:01,  5.45it/s]
 31%|███       | 4/13 [00:00<00:01,  6.43it/s]
 38%|███▊      | 5/13 [00:00<00:01,  7.22it/s]
 46%|████▌     | 6/13 [00:00<00:00,  7.81it/s]
 54%|█████▍    | 7/13 [00:01<00:00,  8.07it/s]
 62%|██████▏   | 8/13 [00:01<00:00,  8.48it/s]
 69%|██████▉   | 9/13 [00:01<00:00,  8.79it/s]
 77%|███████▋  | 10/13 [00:01<00:00,  9.09it/s]
 85%|████████▍ | 11/13 [00:01<00:00,  9.24it/s]
 92%|█████████▏| 12/13 [00:01<00:00,  9.28it/s]
100%|██████████| 13/13 [00:01<00:00,  9.40it/s]
100%|██████████| 13/13 [00:01<00:00,  7.80it/s]

  0%|          | 0/13 [00:00<?, ?it/s]
  8%|▊         | 1/13 [00:00<00:03,  3.55it/s]
 15%|█▌        | 2/13 [00:00<00:01,  5.53it/s]
 23%|██▎       | 3/13 [00:00<00:01,  6.75it/s]
 31%|███       | 4/13 [00:00<00:01,  7.44it/s]
 38%|███▊      | 5/13 [00:00<00:01,  7.94it/s]
 46%|████▌     | 6/13 [00:00<00:00,  8.40it/s]
 54%|█████▍    | 7/13 [00:00<00:00,  8.63it/s]
 62%|██████▏   | 8/13 [00:01<00:00,  8.81it/s]
 69%|██████▉   | 9/13 [00:01<00:00,  9.06it/s]
 77%|███████▋  | 10/13 [00:01<00:00,  8.69it/s]
 85%|████████▍ | 11/13 [00:01<00:00,  8.95it/s]
 92%|█████████▏| 12/13 [00:01<00:00,  8.96it/s]
100%|██████████| 13/13 [00:01<00:00,  9.13it/s]
100%|██████████| 13/13 [00:01<00:00,  8.13it/s]

  0%|          | 0/13 [00:00<?, ?it/s]
  8%|▊         | 1/13 [00:00<00:03,  3.70it/s]
 15%|█▌        | 2/13 [00:00<00:01,  5.69it/s]
 23%|██▎       | 3/13 [00:00<00:01,  6.69it/s]
 31%|███       | 4/13 [00:00<00:01,  7.35it/s]
 38%|███▊      | 5/13 [00:00<00:01,  7.79it/s]
 46%|████▌     | 6/13 [00:00<00:00,  8.10it/s]
 54%|█████▍    | 7/13 [00:00<00:00,  8.39it/s]
 62%|██████▏   | 8/13 [00:01<00:00,  8.64it/s]
 69%|██████▉   | 9/13 [00:01<00:00,  8.89it/s]
 77%|███████▋  | 10/13 [00:01<00:00,  8.87it/s]
 85%|████████▍ | 11/13 [00:01<00:00,  8.84it/s]
 92%|█████████▏| 12/13 [00:01<00:00,  8.95it/s]
100%|██████████| 13/13 [00:01<00:00,  9.05it/s]
100%|██████████| 13/13 [00:01<00:00,  8.07it/s]

  0%|          | 0/13 [00:00<?, ?it/s]
  8%|▊         | 1/13 [00:00<00:03,  3.05it/s]
 15%|█▌        | 2/13 [00:00<00:02,  4.97it/s]
 23%|██▎       | 3/13 [00:00<00:01,  6.19it/s]
 31%|███       | 4/13 [00:00<00:01,  7.01it/s]
 38%|███▊      | 5/13 [00:00<00:01,  7.58it/s]
 46%|████▌     | 6/13 [00:00<00:00,  8.07it/s]
 54%|█████▍    | 7/13 [00:00<00:00,  8.47it/s]
 62%|██████▏   | 8/13 [00:01<00:00,  8.69it/s]
 69%|██████▉   | 9/13 [00:01<00:00,  8.87it/s]
 77%|███████▋  | 10/13 [00:01<00:00,  8.94it/s]
 85%|████████▍ | 11/13 [00:01<00:00,  8.70it/s]
 92%|█████████▏| 12/13 [00:01<00:00,  8.81it/s]
100%|██████████| 13/13 [00:01<00:00,  8.98it/s]
100%|██████████| 13/13 [00:01<00:00,  7.83it/s]

  0%|          | 0/13 [00:00<?, ?it/s]
  8%|▊         | 1/13 [00:00<00:03,  3.33it/s]
 15%|█▌        | 2/13 [00:00<00:02,  5.45it/s]
 23%|██▎       | 3/13 [00:00<00:01,  6.77it/s]
 31%|███       | 4/13 [00:00<00:01,  7.58it/s]
 38%|███▊      | 5/13 [00:00<00:00,  8.11it/s]
 46%|████▌     | 6/13 [00:00<00:00,  8.47it/s]
 54%|█████▍    | 7/13 [00:00<00:00,  8.74it/s]
 62%|██████▏   | 8/13 [00:01<00:00,  8.85it/s]
 69%|██████▉   | 9/13 [00:01<00:00,  9.00it/s]
 77%|███████▋  | 10/13 [00:01<00:00,  9.07it/s]
 85%|████████▍ | 11/13 [00:01<00:00,  9.07it/s]
 92%|█████████▏| 12/13 [00:01<00:00,  9.03it/s]
100%|██████████| 13/13 [00:01<00:00,  9.17it/s]
100%|██████████| 13/13 [00:01<00:00,  8.18it/s]

  0%|          | 0/13 [00:00<?, ?it/s]
  8%|▊         | 1/13 [00:00<00:03,  3.07it/s]
 23%|██▎       | 3/13 [00:00<00:01,  6.40it/s]
 31%|███       | 4/13 [00:00<00:01,  7.24it/s]
 38%|███▊      | 5/13 [00:00<00:01,  7.80it/s]
 46%|████▌     | 6/13 [00:00<00:00,  8.16it/s]
 54%|█████▍    | 7/13 [00:00<00:00,  8.38it/s]
 62%|██████▏   | 8/13 [00:01<00:00,  8.58it/s]
 69%|██████▉   | 9/13 [00:01<00:00,  8.42it/s]
 77%|███████▋  | 10/13 [00:01<00:00,  8.70it/s]
 85%|████████▍ | 11/13 [00:01<00:00,  8.89it/s]
 92%|█████████▏| 12/13 [00:01<00:00,  9.04it/s]
100%|██████████| 13/13 [00:01<00:00,  9.13it/s]
100%|██████████| 13/13 [00:01<00:00,  8.05it/s]

  0%|          | 0/13 [00:00<?, ?it/s]
  8%|▊         | 1/13 [00:00<00:03,  3.31it/s]
 15%|█▌        | 2/13 [00:00<00:02,  5.32it/s]
 23%|██▎       | 3/13 [00:00<00:01,  6.52it/s]
 31%|███       | 4/13 [00:00<00:01,  7.35it/s]
 38%|███▊      | 5/13 [00:00<00:01,  7.87it/s]
 46%|████▌     | 6/13 [00:00<00:00,  8.35it/s]
 54%|█████▍    | 7/13 [00:00<00:00,  8.65it/s]
 62%|██████▏   | 8/13 [00:01<00:00,  8.93it/s]
 69%|██████▉   | 9/13 [00:01<00:00,  9.14it/s]
 77%|███████▋  | 10/13 [00:01<00:00,  9.25it/s]
 85%|████████▍ | 11/13 [00:01<00:00,  9.33it/s]
 92%|█████████▏| 12/13 [00:01<00:00,  9.41it/s]
100%|██████████| 13/13 [00:01<00:00,  9.46it/s]
100%|██████████| 13/13 [00:01<00:00,  8.21it/s]

  0%|          | 0/13 [00:00<?, ?it/s]
  8%|▊         | 1/13 [00:00<00:03,  3.49it/s]
 15%|█▌        | 2/13 [00:00<00:01,  5.59it/s]
 23%|██▎       | 3/13 [00:00<00:01,  6.78it/s]
 31%|███       | 4/13 [00:00<00:01,  7.66it/s]
 38%|███▊      | 5/13 [00:00<00:00,  8.30it/s]
 46%|████▌     | 6/13 [00:00<00:00,  8.71it/s]
 54%|█████▍    | 7/13 [00:00<00:00,  9.03it/s]
 62%|██████▏   | 8/13 [00:01<00:00,  9.30it/s]
 69%|██████▉   | 9/13 [00:01<00:00,  9.44it/s]
 77%|███████▋  | 10/13 [00:01<00:00,  9.52it/s]
 85%|████████▍ | 11/13 [00:01<00:00,  9.53it/s]
 92%|█████████▏| 12/13 [00:01<00:00,  9.53it/s]
100%|██████████| 13/13 [00:01<00:00,  9.61it/s]
100%|██████████| 13/13 [00:01<00:00,  8.49it/s]

  0%|          | 0/13 [00:00<?, ?it/s]
  8%|▊         | 1/13 [00:00<00:03,  3.50it/s]
 15%|█▌        | 2/13 [00:00<00:01,  5.61it/s]
 23%|██▎       | 3/13 [00:00<00:01,  6.95it/s]
 31%|███       | 4/13 [00:00<00:01,  7.77it/s]
 38%|███▊      | 5/13 [00:00<00:00,  8.26it/s]
 46%|████▌     | 6/13 [00:00<00:00,  8.64it/s]
 54%|█████▍    | 7/13 [00:00<00:00,  8.95it/s]
 62%|██████▏   | 8/13 [00:01<00:00,  9.12it/s]
 69%|██████▉   | 9/13 [00:01<00:00,  8.86it/s]
 77%|███████▋  | 10/13 [00:01<00:00,  9.07it/s]
 85%|████████▍ | 11/13 [00:01<00:00,  9.21it/s]
 92%|█████████▏| 12/13 [00:01<00:00,  9.26it/s]
100%|██████████| 13/13 [00:01<00:00,  9.47it/s]
100%|██████████| 13/13 [00:01<00:00,  8.36it/s]

  0%|          | 0/13 [00:00<?, ?it/s]
  8%|▊         | 1/13 [00:00<00:03,  3.51it/s]
 15%|█▌        | 2/13 [00:00<00:02,  5.47it/s]
 23%|██▎       | 3/13 [00:00<00:01,  6.75it/s]
 31%|███       | 4/13 [00:00<00:01,  7.52it/s]
 38%|███▊      | 5/13 [00:00<00:00,  8.08it/s]
 46%|████▌     | 6/13 [00:00<00:00,  8.44it/s]
 54%|█████▍    | 7/13 [00:00<00:00,  8.74it/s]
 62%|██████▏   | 8/13 [00:01<00:00,  8.92it/s]
 69%|██████▉   | 9/13 [00:01<00:00,  9.10it/s]
 77%|███████▋  | 10/13 [00:01<00:00,  9.21it/s]
 85%|████████▍ | 11/13 [00:01<00:00,  9.19it/s]
 92%|█████████▏| 12/13 [00:01<00:00,  9.23it/s]
100%|██████████| 13/13 [00:01<00:00,  9.24it/s]
100%|██████████| 13/13 [00:01<00:00,  8.24it/s]

  0%|          | 0/13 [00:00<?, ?it/s]
  8%|▊         | 1/13 [00:00<00:03,  3.39it/s]
 15%|█▌        | 2/13 [00:00<00:02,  5.35it/s]
 23%|██▎       | 3/13 [00:00<00:01,  6.52it/s]
 31%|███       | 4/13 [00:00<00:01,  7.44it/s]
 38%|███▊      | 5/13 [00:00<00:01,  7.98it/s]
 46%|████▌     | 6/13 [00:00<00:00,  8.47it/s]
 54%|█████▍    | 7/13 [00:00<00:00,  8.80it/s]
 62%|██████▏   | 8/13 [00:01<00:00,  8.96it/s]
 69%|██████▉   | 9/13 [00:01<00:00,  9.11it/s]
 77%|███████▋  | 10/13 [00:01<00:00,  9.33it/s]
 85%|████████▍ | 11/13 [00:01<00:00,  9.46it/s]
 92%|█████████▏| 12/13 [00:01<00:00,  9.57it/s]
100%|██████████| 13/13 [00:01<00:00,  8.33it/s]

  0%|          | 0/13 [00:00<?, ?it/s]
  8%|▊         | 1/13 [00:00<00:03,  3.27it/s]
 15%|█▌        | 2/13 [00:00<00:02,  5.29it/s]
 23%|██▎       | 3/13 [00:00<00:01,  6.62it/s]
 31%|███       | 4/13 [00:00<00:01,  7.55it/s]
 38%|███▊      | 5/13 [00:00<00:00,  8.20it/s]
 46%|████▌     | 6/13 [00:00<00:00,  8.48it/s]
 54%|█████▍    | 7/13 [00:00<00:00,  8.69it/s]
 62%|██████▏   | 8/13 [00:01<00:00,  8.88it/s]
 69%|██████▉   | 9/13 [00:01<00:00,  8.94it/s]
 77%|███████▋  | 10/13 [00:01<00:00,  9.03it/s]
 85%|████████▍ | 11/13 [00:01<00:00,  9.15it/s]
 92%|█████████▏| 12/13 [00:01<00:00,  9.28it/s]
100%|██████████| 13/13 [00:01<00:00,  9.36it/s]
100%|██████████| 13/13 [00:01<00:00,  8.19it/s]

  0%|          | 0/13 [00:00<?, ?it/s]
  8%|▊         | 1/13 [00:00<00:03,  3.58it/s]
 15%|█▌        | 2/13 [00:00<00:01,  5.57it/s]
 23%|██▎       | 3/13 [00:00<00:01,  6.70it/s]
 31%|███       | 4/13 [00:00<00:01,  7.58it/s]
 38%|███▊      | 5/13 [00:00<00:00,  8.13it/s]
 46%|████▌     | 6/13 [00:00<00:00,  8.48it/s]
 54%|█████▍    | 7/13 [00:00<00:00,  8.70it/s]
 62%|██████▏   | 8/13 [00:01<00:00,  8.94it/s]
 69%|██████▉   | 9/13 [00:01<00:00,  9.05it/s]
 77%|███████▋  | 10/13 [00:01<00:00,  9.13it/s]
 85%|████████▍ | 11/13 [00:01<00:00,  9.17it/s]
 92%|█████████▏| 12/13 [00:01<00:00,  9.21it/s]
100%|██████████| 13/13 [00:01<00:00,  9.36it/s]
100%|██████████| 13/13 [00:01<00:00,  8.28it/s]

  0%|          | 0/13 [00:00<?, ?it/s]
  8%|▊         | 1/13 [00:00<00:03,  3.35it/s]
 15%|█▌        | 2/13 [00:00<00:02,  5.38it/s]
 23%|██▎       | 3/13 [00:00<00:01,  6.65it/s]
 31%|███       | 4/13 [00:00<00:01,  7.53it/s]
 38%|███▊      | 5/13 [00:00<00:00,  8.09it/s]
 46%|████▌     | 6/13 [00:00<00:00,  8.52it/s]
 54%|█████▍    | 7/13 [00:00<00:00,  8.76it/s]
 62%|██████▏   | 8/13 [00:01<00:00,  8.93it/s]
 69%|██████▉   | 9/13 [00:01<00:00,  8.91it/s]
 77%|███████▋  | 10/13 [00:01<00:00,  9.12it/s]
 85%|████████▍ | 11/13 [00:01<00:00,  9.24it/s]
 92%|█████████▏| 12/13 [00:01<00:00,  9.20it/s]
100%|██████████| 13/13 [00:01<00:00,  9.17it/s]
100%|██████████| 13/13 [00:01<00:00,  8.18it/s]

  0%|          | 0/13 [00:00<?, ?it/s]
  8%|▊         | 1/13 [00:00<00:03,  3.48it/s]
 15%|█▌        | 2/13 [00:00<00:01,  5.59it/s]
 23%|██▎       | 3/13 [00:00<00:01,  6.84it/s]
 31%|███       | 4/13 [00:00<00:01,  7.70it/s]
 38%|███▊      | 5/13 [00:00<00:00,  8.24it/s]
 46%|████▌     | 6/13 [00:00<00:00,  8.44it/s]
 54%|█████▍    | 7/13 [00:00<00:00,  8.66it/s]
 62%|██████▏   | 8/13 [00:01<00:00,  8.88it/s]
 69%|██████▉   | 9/13 [00:01<00:00,  9.01it/s]
 77%|███████▋  | 10/13 [00:01<00:00,  9.04it/s]
 85%|████████▍ | 11/13 [00:01<00:00,  9.09it/s]
 92%|█████████▏| 12/13 [00:01<00:00,  9.12it/s]
100%|██████████| 13/13 [00:01<00:00,  9.19it/s]
100%|██████████| 13/13 [00:01<00:00,  8.23it/s]

  0%|          | 0/13 [00:00<?, ?it/s]
  8%|▊         | 1/13 [00:00<00:03,  3.22it/s]
 15%|█▌        | 2/13 [00:00<00:02,  5.32it/s]
 23%|██▎       | 3/13 [00:00<00:01,  6.54it/s]
 31%|███       | 4/13 [00:00<00:01,  7.21it/s]
 38%|███▊      | 5/13 [00:00<00:01,  7.92it/s]
 46%|████▌     | 6/13 [00:00<00:00,  8.44it/s]
 54%|█████▍    | 7/13 [00:00<00:00,  8.75it/s]
 62%|██████▏   | 8/13 [00:01<00:00,  8.96it/s]
 69%|██████▉   | 9/13 [00:01<00:00,  9.15it/s]
 77%|███████▋  | 10/13 [00:01<00:00,  9.24it/s]
 85%|████████▍ | 11/13 [00:01<00:00,  9.29it/s]
 92%|█████████▏| 12/13 [00:01<00:00,  9.10it/s]
100%|██████████| 13/13 [00:01<00:00,  9.31it/s]
100%|██████████| 13/13 [00:01<00:00,  8.16it/s]

  0%|          | 0/13 [00:00<?, ?it/s]
  8%|▊         | 1/13 [00:00<00:03,  3.43it/s]
 15%|█▌        | 2/13 [00:00<00:02,  5.40it/s]
 23%|██▎       | 3/13 [00:00<00:01,  6.72it/s]
 31%|███       | 4/13 [00:00<00:01,  7.61it/s]
 38%|███▊      | 5/13 [00:00<00:01,  7.57it/s]
 46%|████▌     | 6/13 [00:00<00:00,  7.99it/s]
 54%|█████▍    | 7/13 [00:00<00:00,  8.33it/s]
 62%|██████▏   | 8/13 [00:01<00:00,  8.62it/s]
 69%|██████▉   | 9/13 [00:01<00:00,  8.91it/s]
 77%|███████▋  | 10/13 [00:01<00:00,  8.96it/s]
 85%|████████▍ | 11/13 [00:01<00:00,  9.10it/s]
 92%|█████████▏| 12/13 [00:01<00:00,  9.27it/s]
100%|██████████| 13/13 [00:01<00:00,  9.40it/s]
100%|██████████| 13/13 [00:01<00:00,  8.12it/s]

  0%|          | 0/13 [00:00<?, ?it/s]
  8%|▊         | 1/13 [00:00<00:03,  3.62it/s]
 23%|██▎       | 3/13 [00:00<00:01,  6.81it/s]
 31%|███       | 4/13 [00:00<00:01,  7.54it/s]
 38%|███▊      | 5/13 [00:00<00:00,  8.06it/s]
 46%|████▌     | 6/13 [00:00<00:00,  8.41it/s]
 54%|█████▍    | 7/13 [00:00<00:00,  8.69it/s]
 62%|██████▏   | 8/13 [00:01<00:00,  8.81it/s]
 69%|██████▉   | 9/13 [00:01<00:00,  9.01it/s]
 77%|███████▋  | 10/13 [00:01<00:00,  9.04it/s]
 85%|████████▍ | 11/13 [00:01<00:00,  9.24it/s]
 92%|█████████▏| 12/13 [00:01<00:00,  9.37it/s]
100%|██████████| 13/13 [00:01<00:00,  9.40it/s]
100%|██████████| 13/13 [00:01<00:00,  8.42it/s]

  0%|          | 0/13 [00:00<?, ?it/s]
  8%|▊         | 1/13 [00:00<00:03,  3.40it/s]
 15%|█▌        | 2/13 [00:00<00:02,  5.45it/s]
 23%|██▎       | 3/13 [00:00<00:01,  6.73it/s]
 31%|███       | 4/13 [00:00<00:01,  7.53it/s]
 38%|███▊      | 5/13 [00:00<00:01,  7.88it/s]
 46%|████▌     | 6/13 [00:00<00:00,  8.33it/s]
 54%|█████▍    | 7/13 [00:00<00:00,  8.71it/s]
 62%|██████▏   | 8/13 [00:01<00:00,  8.96it/s]
 69%|██████▉   | 9/13 [00:01<00:00,  9.14it/s]
 77%|███████▋  | 10/13 [00:01<00:00,  9.29it/s]
 85%|████████▍ | 11/13 [00:01<00:00,  9.25it/s]
 92%|█████████▏| 12/13 [00:01<00:00,  9.24it/s]
100%|██████████| 13/13 [00:01<00:00,  9.37it/s]
100%|██████████| 13/13 [00:01<00:00,  8.24it/s]

  0%|          | 0/13 [00:00<?, ?it/s]
  8%|▊         | 1/13 [00:00<00:03,  3.55it/s]
 15%|█▌        | 2/13 [00:00<00:01,  5.72it/s]
 23%|██▎       | 3/13 [00:00<00:01,  7.00it/s]
 31%|███       | 4/13 [00:00<00:01,  7.75it/s]
 38%|███▊      | 5/13 [00:00<00:00,  8.37it/s]
 46%|████▌     | 6/13 [00:00<00:00,  8.32it/s]
 54%|█████▍    | 7/13 [00:00<00:00,  8.77it/s]
 62%|██████▏   | 8/13 [00:01<00:00,  9.00it/s]
 69%|██████▉   | 9/13 [00:01<00:00,  8.64it/s]
 77%|███████▋  | 10/13 [00:01<00:00,  8.87it/s]
 85%|████████▍ | 11/13 [00:01<00:00,  8.97it/s]
 92%|█████████▏| 12/13 [00:01<00:00,  9.11it/s]
100%|██████████| 13/13 [00:01<00:00,  9.23it/s]
100%|██████████| 13/13 [00:01<00:00,  8.24it/s]

  0%|          | 0/13 [00:00<?, ?it/s]
  8%|▊         | 1/13 [00:00<00:03,  3.49it/s]
 15%|█▌        | 2/13 [00:00<00:01,  5.63it/s]
 23%|██▎       | 3/13 [00:00<00:01,  7.00it/s]
 38%|███▊      | 5/13 [00:00<00:00,  8.60it/s]
 54%|█████▍    | 7/13 [00:00<00:00,  9.18it/s]
 62%|██████▏   | 8/13 [00:00<00:00,  9.33it/s]
 77%|███████▋  | 10/13 [00:01<00:00,  9.61it/s]
 85%|████████▍ | 11/13 [00:01<00:00,  9.68it/s]
 92%|█████████▏| 12/13 [00:01<00:00,  9.61it/s]
100%|██████████| 13/13 [00:01<00:00,  9.23it/s]
100%|██████████| 13/13 [00:01<00:00,  8.60it/s]

  0%|          | 0/13 [00:00<?, ?it/s]
  8%|▊         | 1/13 [00:00<00:03,  3.62it/s]
 15%|█▌        | 2/13 [00:00<00:01,  5.60it/s]
 23%|██▎       | 3/13 [00:00<00:01,  6.76it/s]
 31%|███       | 4/13 [00:00<00:01,  7.57it/s]
 38%|███▊      | 5/13 [00:00<00:00,  8.07it/s]
 46%|████▌     | 6/13 [00:00<00:00,  8.44it/s]
 54%|█████▍    | 7/13 [00:00<00:00,  8.72it/s]
 62%|██████▏   | 8/13 [00:01<00:00,  9.00it/s]
 69%|██████▉   | 9/13 [00:01<00:00,  9.17it/s]
 77%|███████▋  | 10/13 [00:01<00:00,  9.07it/s]
 85%|████████▍ | 11/13 [00:01<00:00,  9.07it/s]
 92%|█████████▏| 12/13 [00:01<00:00,  9.10it/s]
100%|██████████| 13/13 [00:01<00:00,  9.05it/s]
100%|██████████| 13/13 [00:01<00:00,  8.22it/s]
[100/750] Early_Renaissance__Early_Renaissance__carlo-crivelli_piet-1__to__Rococo.png  dt=1.82s  elapsed=3.2m  eta=20.5m

  0%|          | 0/13 [00:00<?, ?it/s]
  8%|▊         | 1/13 [00:00<00:03,  3.11it/s]
 15%|█▌        | 2/13 [00:00<00:02,  5.15it/s]
 23%|██▎       | 3/13 [00:00<00:01,  6.54it/s]
 31%|███       | 4/13 [00:00<00:01,  7.28it/s]
 38%|███▊      | 5/13 [00:00<00:01,  7.73it/s]
 46%|████▌     | 6/13 [00:00<00:00,  8.05it/s]
 54%|█████▍    | 7/13 [00:00<00:00,  8.37it/s]
 62%|██████▏   | 8/13 [00:01<00:00,  8.67it/s]
 69%|██████▉   | 9/13 [00:01<00:00,  8.89it/s]
 77%|███████▋  | 10/13 [00:01<00:00,  8.99it/s]
 85%|████████▍ | 11/13 [00:01<00:00,  9.00it/s]
 92%|█████████▏| 12/13 [00:01<00:00,  8.94it/s]
100%|██████████| 13/13 [00:01<00:00,  8.86it/s]
100%|██████████| 13/13 [00:01<00:00,  7.91it/s]

  0%|          | 0/13 [00:00<?, ?it/s]
  8%|▊         | 1/13 [00:00<00:04,  2.96it/s]
 15%|█▌        | 2/13 [00:00<00:02,  4.99it/s]
 23%|██▎       | 3/13 [00:00<00:01,  6.08it/s]
 31%|███       | 4/13 [00:00<00:01,  6.98it/s]
 38%|███▊      | 5/13 [00:00<00:01,  7.66it/s]
 46%|████▌     | 6/13 [00:00<00:00,  8.07it/s]
 54%|█████▍    | 7/13 [00:01<00:00,  8.39it/s]
 62%|██████▏   | 8/13 [00:01<00:00,  8.54it/s]
 69%|██████▉   | 9/13 [00:01<00:00,  8.68it/s]
 77%|███████▋  | 10/13 [00:01<00:00,  8.89it/s]
 85%|████████▍ | 11/13 [00:01<00:00,  9.06it/s]
 92%|█████████▏| 12/13 [00:01<00:00,  9.17it/s]
100%|██████████| 13/13 [00:01<00:00,  9.19it/s]
100%|██████████| 13/13 [00:01<00:00,  7.87it/s]

  0%|          | 0/13 [00:00<?, ?it/s]
  8%|▊         | 1/13 [00:00<00:03,  3.72it/s]
 15%|█▌        | 2/13 [00:00<00:01,  5.81it/s]
 23%|██▎       | 3/13 [00:00<00:01,  7.10it/s]
 31%|███       | 4/13 [00:00<00:01,  7.70it/s]
 38%|███▊      | 5/13 [00:00<00:00,  8.06it/s]
 46%|████▌     | 6/13 [00:00<00:00,  8.41it/s]
 54%|█████▍    | 7/13 [00:00<00:00,  8.68it/s]
 62%|██████▏   | 8/13 [00:01<00:00,  8.83it/s]
 69%|██████▉   | 9/13 [00:01<00:00,  8.98it/s]
 77%|███████▋  | 10/13 [00:01<00:00,  9.03it/s]
 85%|████████▍ | 11/13 [00:01<00:00,  9.02it/s]
 92%|█████████▏| 12/13 [00:01<00:00,  9.08it/s]
100%|██████████| 13/13 [00:01<00:00,  9.18it/s]
100%|██████████| 13/13 [00:01<00:00,  8.27it/s]

  0%|          | 0/13 [00:00<?, ?it/s]
  8%|▊         | 1/13 [00:00<00:03,  3.49it/s]
 15%|█▌        | 2/13 [00:00<00:01,  5.58it/s]
 23%|██▎       | 3/13 [00:00<00:01,  6.86it/s]
 31%|███       | 4/13 [00:00<00:01,  7.38it/s]
 38%|███▊      | 5/13 [00:00<00:01,  7.89it/s]
 46%|████▌     | 6/13 [00:00<00:00,  8.16it/s]
 54%|█████▍    | 7/13 [00:00<00:00,  8.40it/s]
 62%|██████▏   | 8/13 [00:01<00:00,  8.51it/s]
 69%|██████▉   | 9/13 [00:01<00:00,  8.71it/s]
 77%|███████▋  | 10/13 [00:01<00:00,  8.85it/s]
 85%|████████▍ | 11/13 [00:01<00:00,  8.84it/s]
 92%|█████████▏| 12/13 [00:01<00:00,  8.95it/s]
100%|██████████| 13/13 [00:01<00:00,  8.95it/s]
100%|██████████| 13/13 [00:01<00:00,  8.03it/s]

  0%|          | 0/13 [00:00<?, ?it/s]
  8%|▊         | 1/13 [00:00<00:03,  3.60it/s]
 15%|█▌        | 2/13 [00:00<00:01,  5.73it/s]
 23%|██▎       | 3/13 [00:00<00:01,  7.08it/s]
 31%|███       | 4/13 [00:00<00:01,  7.80it/s]
 38%|███▊      | 5/13 [00:00<00:00,  8.29it/s]
 46%|████▌     | 6/13 [00:00<00:00,  8.46it/s]
 54%|█████▍    | 7/13 [00:00<00:00,  7.15it/s]
 69%|██████▉   | 9/13 [00:01<00:00,  8.55it/s]
 77%|███████▋  | 10/13 [00:01<00:00,  8.82it/s]
 85%|████████▍ | 11/13 [00:01<00:00,  9.01it/s]
 92%|█████████▏| 12/13 [00:01<00:00,  9.16it/s]
100%|██████████| 13/13 [00:01<00:00,  9.11it/s]
100%|██████████| 13/13 [00:01<00:00,  8.11it/s]

  0%|          | 0/13 [00:00<?, ?it/s]
  8%|▊         | 1/13 [00:00<00:03,  3.36it/s]
 15%|█▌        | 2/13 [00:00<00:02,  5.23it/s]
 23%|██▎       | 3/13 [00:00<00:01,  6.19it/s]
 31%|███       | 4/13 [00:00<00:01,  7.06it/s]
 38%|███▊      | 5/13 [00:00<00:01,  7.68it/s]
 46%|████▌     | 6/13 [00:00<00:00,  8.14it/s]
 54%|█████▍    | 7/13 [00:00<00:00,  8.47it/s]
 62%|██████▏   | 8/13 [00:01<00:00,  8.59it/s]
 69%|██████▉   | 9/13 [00:01<00:00,  8.67it/s]
 77%|███████▋  | 10/13 [00:01<00:00,  8.81it/s]
 85%|████████▍ | 11/13 [00:01<00:00,  8.93it/s]
 92%|█████████▏| 12/13 [00:01<00:00,  9.04it/s]
100%|██████████| 13/13 [00:01<00:00,  9.13it/s]
100%|██████████| 13/13 [00:01<00:00,  7.94it/s]

  0%|          | 0/13 [00:00<?, ?it/s]
  8%|▊         | 1/13 [00:00<00:03,  3.34it/s]
 15%|█▌        | 2/13 [00:00<00:02,  5.32it/s]
 23%|██▎       | 3/13 [00:00<00:01,  6.57it/s]
 31%|███       | 4/13 [00:00<00:01,  7.29it/s]
 38%|███▊      | 5/13 [00:00<00:01,  7.93it/s]
 46%|████▌     | 6/13 [00:00<00:00,  8.24it/s]
 54%|█████▍    | 7/13 [00:00<00:00,  8.61it/s]
 62%|██████▏   | 8/13 [00:01<00:00,  8.70it/s]
 69%|██████▉   | 9/13 [00:01<00:00,  8.92it/s]
 77%|███████▋  | 10/13 [00:01<00:00,  8.72it/s]
 85%|████████▍ | 11/13 [00:01<00:00,  8.87it/s]
 92%|█████████▏| 12/13 [00:01<00:00,  9.02it/s]
100%|██████████| 13/13 [00:01<00:00,  9.23it/s]
100%|██████████| 13/13 [00:01<00:00,  8.06it/s]

  0%|          | 0/13 [00:00<?, ?it/s]
  8%|▊         | 1/13 [00:00<00:03,  3.10it/s]
 15%|█▌        | 2/13 [00:00<00:02,  5.17it/s]
 23%|██▎       | 3/13 [00:00<00:01,  6.59it/s]
 31%|███       | 4/13 [00:00<00:01,  7.52it/s]
 38%|███▊      | 5/13 [00:00<00:00,  8.09it/s]
 46%|████▌     | 6/13 [00:00<00:00,  8.44it/s]
 54%|█████▍    | 7/13 [00:00<00:00,  8.59it/s]
 62%|██████▏   | 8/13 [00:01<00:00,  8.65it/s]
 69%|██████▉   | 9/13 [00:01<00:00,  8.75it/s]
 77%|███████▋  | 10/13 [00:01<00:00,  8.88it/s]
 85%|████████▍ | 11/13 [00:01<00:00,  8.99it/s]
 92%|█████████▏| 12/13 [00:01<00:00,  9.17it/s]
100%|██████████| 13/13 [00:01<00:00,  9.16it/s]
100%|██████████| 13/13 [00:01<00:00,  8.05it/s]

  0%|          | 0/13 [00:00<?, ?it/s]
  8%|▊         | 1/13 [00:00<00:03,  3.34it/s]
 15%|█▌        | 2/13 [00:00<00:02,  5.39it/s]
 23%|██▎       | 3/13 [00:00<00:01,  6.67it/s]
 31%|███       | 4/13 [00:00<00:01,  7.53it/s]
 38%|███▊      | 5/13 [00:00<00:00,  8.09it/s]
 46%|████▌     | 6/13 [00:00<00:00,  8.43it/s]
 54%|█████▍    | 7/13 [00:00<00:00,  8.62it/s]
 62%|██████▏   | 8/13 [00:01<00:00,  8.78it/s]
 69%|██████▉   | 9/13 [00:01<00:00,  8.93it/s]
 77%|███████▋  | 10/13 [00:01<00:00,  8.88it/s]
 85%|████████▍ | 11/13 [00:01<00:00,  8.88it/s]
 92%|█████████▏| 12/13 [00:01<00:00,  8.91it/s]
100%|██████████| 13/13 [00:01<00:00,  9.00it/s]
100%|██████████| 13/13 [00:01<00:00,  8.07it/s]

  0%|          | 0/13 [00:00<?, ?it/s]
  8%|▊         | 1/13 [00:00<00:03,  3.39it/s]
 15%|█▌        | 2/13 [00:00<00:02,  5.50it/s]
 23%|██▎       | 3/13 [00:00<00:01,  6.78it/s]
 31%|███       | 4/13 [00:00<00:01,  7.63it/s]
 38%|███▊      | 5/13 [00:00<00:00,  8.27it/s]
 46%|████▌     | 6/13 [00:00<00:00,  8.58it/s]
 54%|█████▍    | 7/13 [00:00<00:00,  8.89it/s]
 62%|██████▏   | 8/13 [00:01<00:00,  9.09it/s]
 69%|██████▉   | 9/13 [00:01<00:00,  9.14it/s]
 77%|███████▋  | 10/13 [00:01<00:00,  8.95it/s]
 85%|████████▍ | 11/13 [00:01<00:00,  9.05it/s]
 92%|█████████▏| 12/13 [00:01<00:00,  8.81it/s]
100%|██████████| 13/13 [00:01<00:00,  8.98it/s]
100%|██████████| 13/13 [00:01<00:00,  8.18it/s]

  0%|          | 0/13 [00:00<?, ?it/s]
  8%|▊         | 1/13 [00:00<00:03,  3.41it/s]
 15%|█▌        | 2/13 [00:00<00:02,  5.42it/s]
 23%|██▎       | 3/13 [00:00<00:01,  6.66it/s]
 31%|███       | 4/13 [00:00<00:01,  7.48it/s]
 38%|███▊      | 5/13 [00:00<00:00,  8.10it/s]
 46%|████▌     | 6/13 [00:00<00:00,  8.61it/s]
 54%|█████▍    | 7/13 [00:00<00:00,  8.95it/s]
 62%|██████▏   | 8/13 [00:01<00:00,  9.08it/s]
 69%|██████▉   | 9/13 [00:01<00:00,  9.08it/s]
 77%|███████▋  | 10/13 [00:01<00:00,  9.17it/s]
 85%|████████▍ | 11/13 [00:01<00:00,  9.12it/s]
 92%|█████████▏| 12/13 [00:01<00:00,  9.15it/s]
100%|██████████| 13/13 [00:01<00:00,  9.17it/s]
100%|██████████| 13/13 [00:01<00:00,  8.23it/s]

  0%|          | 0/13 [00:00<?, ?it/s]
  8%|▊         | 1/13 [00:00<00:03,  3.43it/s]
 15%|█▌        | 2/13 [00:00<00:02,  5.49it/s]
 23%|██▎       | 3/13 [00:00<00:01,  6.85it/s]
 31%|███       | 4/13 [00:00<00:01,  7.68it/s]
 38%|███▊      | 5/13 [00:00<00:00,  8.23it/s]
 46%|████▌     | 6/13 [00:00<00:00,  8.53it/s]
 54%|█████▍    | 7/13 [00:00<00:00,  8.69it/s]
 62%|██████▏   | 8/13 [00:01<00:00,  8.86it/s]
 69%|██████▉   | 9/13 [00:01<00:00,  8.94it/s]
 77%|███████▋  | 10/13 [00:01<00:00,  8.98it/s]
 85%|████████▍ | 11/13 [00:01<00:00,  9.05it/s]
 92%|█████████▏| 12/13 [00:01<00:00,  8.97it/s]
100%|██████████| 13/13 [00:01<00:00,  9.14it/s]
100%|██████████| 13/13 [00:01<00:00,  8.19it/s]

  0%|          | 0/13 [00:00<?, ?it/s]
  8%|▊         | 1/13 [00:00<00:03,  3.37it/s]
 15%|█▌        | 2/13 [00:00<00:02,  5.40it/s]
 23%|██▎       | 3/13 [00:00<00:01,  6.66it/s]
 31%|███       | 4/13 [00:00<00:01,  7.61it/s]
 38%|███▊      | 5/13 [00:00<00:00,  8.23it/s]
 46%|████▌     | 6/13 [00:00<00:00,  8.63it/s]
 54%|█████▍    | 7/13 [00:00<00:00,  8.90it/s]
 62%|██████▏   | 8/13 [00:01<00:00,  9.11it/s]
 69%|██████▉   | 9/13 [00:01<00:00,  9.24it/s]
 77%|███████▋  | 10/13 [00:01<00:00,  9.17it/s]
 85%|████████▍ | 11/13 [00:01<00:00,  9.19it/s]
 92%|█████████▏| 12/13 [00:01<00:00,  9.12it/s]
100%|██████████| 13/13 [00:01<00:00,  9.10it/s]
100%|██████████| 13/13 [00:01<00:00,  8.23it/s]

  0%|          | 0/13 [00:00<?, ?it/s]
  8%|▊         | 1/13 [00:00<00:03,  3.49it/s]
 15%|█▌        | 2/13 [00:00<00:02,  5.48it/s]
 23%|██▎       | 3/13 [00:00<00:01,  6.68it/s]
 31%|███       | 4/13 [00:00<00:01,  7.43it/s]
 38%|███▊      | 5/13 [00:00<00:01,  7.84it/s]
 46%|████▌     | 6/13 [00:00<00:00,  8.23it/s]
 54%|█████▍    | 7/13 [00:00<00:00,  8.51it/s]
 62%|██████▏   | 8/13 [00:01<00:00,  8.60it/s]
 69%|██████▉   | 9/13 [00:01<00:00,  8.81it/s]
 77%|███████▋  | 10/13 [00:01<00:00,  8.67it/s]
 85%|████████▍ | 11/13 [00:01<00:00,  8.91it/s]
 92%|█████████▏| 12/13 [00:01<00:00,  9.03it/s]
100%|██████████| 13/13 [00:01<00:00,  9.08it/s]
100%|██████████| 13/13 [00:01<00:00,  8.05it/s]

  0%|          | 0/13 [00:00<?, ?it/s]
  8%|▊         | 1/13 [00:00<00:03,  3.20it/s]
 15%|█▌        | 2/13 [00:00<00:02,  5.30it/s]
 23%|██▎       | 3/13 [00:00<00:01,  6.58it/s]
 31%|███       | 4/13 [00:00<00:01,  7.46it/s]
 38%|███▊      | 5/13 [00:00<00:00,  8.02it/s]
 46%|████▌     | 6/13 [00:00<00:00,  8.47it/s]
 54%|█████▍    | 7/13 [00:00<00:00,  8.62it/s]
 62%|██████▏   | 8/13 [00:01<00:00,  8.83it/s]
 69%|██████▉   | 9/13 [00:01<00:00,  9.01it/s]
 77%|███████▋  | 10/13 [00:01<00:00,  9.10it/s]
 85%|████████▍ | 11/13 [00:01<00:00,  9.16it/s]
 92%|█████████▏| 12/13 [00:01<00:00,  9.10it/s]
100%|██████████| 13/13 [00:01<00:00,  9.10it/s]
100%|██████████| 13/13 [00:01<00:00,  8.10it/s]

  0%|          | 0/13 [00:00<?, ?it/s]
  8%|▊         | 1/13 [00:00<00:03,  3.64it/s]
 15%|█▌        | 2/13 [00:00<00:01,  5.71it/s]
 23%|██▎       | 3/13 [00:00<00:01,  6.99it/s]
 31%|███       | 4/13 [00:00<00:01,  7.82it/s]
 38%|███▊      | 5/13 [00:00<00:00,  8.14it/s]
 46%|████▌     | 6/13 [00:00<00:00,  8.38it/s]
 54%|█████▍    | 7/13 [00:00<00:00,  8.59it/s]
 62%|██████▏   | 8/13 [00:01<00:00,  8.86it/s]
 69%|██████▉   | 9/13 [00:01<00:00,  9.07it/s]
 77%|███████▋  | 10/13 [00:01<00:00,  9.08it/s]
 85%|████████▍ | 11/13 [00:01<00:00,  9.17it/s]
 92%|█████████▏| 12/13 [00:01<00:00,  9.15it/s]
100%|██████████| 13/13 [00:01<00:00,  9.14it/s]
100%|██████████| 13/13 [00:01<00:00,  8.27it/s]

  0%|          | 0/13 [00:00<?, ?it/s]
  8%|▊         | 1/13 [00:00<00:03,  3.56it/s]
 15%|█▌        | 2/13 [00:00<00:01,  5.67it/s]
 23%|██▎       | 3/13 [00:00<00:01,  6.61it/s]
 31%|███       | 4/13 [00:00<00:01,  7.22it/s]
 38%|███▊      | 5/13 [00:00<00:01,  7.79it/s]
 46%|████▌     | 6/13 [00:00<00:00,  8.08it/s]
 54%|█████▍    | 7/13 [00:00<00:00,  8.19it/s]
 62%|██████▏   | 8/13 [00:01<00:00,  8.45it/s]
 69%|██████▉   | 9/13 [00:01<00:00,  8.67it/s]
 77%|███████▋  | 10/13 [00:01<00:00,  8.76it/s]
 85%|████████▍ | 11/13 [00:01<00:00,  8.73it/s]
 92%|█████████▏| 12/13 [00:01<00:00,  8.90it/s]
100%|██████████| 13/13 [00:01<00:00,  9.02it/s]
100%|██████████| 13/13 [00:01<00:00,  7.98it/s]

  0%|          | 0/13 [00:00<?, ?it/s]
  8%|▊         | 1/13 [00:00<00:03,  3.49it/s]
 15%|█▌        | 2/13 [00:00<00:01,  5.53it/s]
 23%|██▎       | 3/13 [00:00<00:01,  6.79it/s]
 31%|███       | 4/13 [00:00<00:01,  7.64it/s]
 38%|███▊      | 5/13 [00:00<00:00,  8.18it/s]
 46%|████▌     | 6/13 [00:00<00:00,  8.47it/s]
 54%|█████▍    | 7/13 [00:00<00:00,  8.70it/s]
 62%|██████▏   | 8/13 [00:01<00:00,  8.87it/s]
 69%|██████▉   | 9/13 [00:01<00:00,  8.98it/s]
 77%|███████▋  | 10/13 [00:01<00:00,  8.87it/s]
 85%|████████▍ | 11/13 [00:01<00:00,  8.91it/s]
 92%|█████████▏| 12/13 [00:01<00:00,  8.99it/s]
100%|██████████| 13/13 [00:01<00:00,  9.00it/s]
100%|██████████| 13/13 [00:01<00:00,  8.15it/s]

  0%|          | 0/13 [00:00<?, ?it/s]
  8%|▊         | 1/13 [00:00<00:03,  3.30it/s]
 15%|█▌        | 2/13 [00:00<00:02,  5.22it/s]
 23%|██▎       | 3/13 [00:00<00:01,  6.46it/s]
 31%|███       | 4/13 [00:00<00:01,  7.34it/s]
 38%|███▊      | 5/13 [00:00<00:01,  7.87it/s]
 46%|████▌     | 6/13 [00:00<00:00,  8.40it/s]
 54%|█████▍    | 7/13 [00:00<00:00,  8.71it/s]
 62%|██████▏   | 8/13 [00:01<00:00,  8.98it/s]
 69%|██████▉   | 9/13 [00:01<00:00,  9.10it/s]
 77%|███████▋  | 10/13 [00:01<00:00,  9.19it/s]
 85%|████████▍ | 11/13 [00:01<00:00,  9.29it/s]
 92%|█████████▏| 12/13 [00:01<00:00,  9.33it/s]
100%|██████████| 13/13 [00:01<00:00,  9.39it/s]
100%|██████████| 13/13 [00:01<00:00,  8.18it/s]

  0%|          | 0/13 [00:00<?, ?it/s]
  8%|▊         | 1/13 [00:00<00:03,  3.45it/s]
 15%|█▌        | 2/13 [00:00<00:02,  5.48it/s]
 23%|██▎       | 3/13 [00:00<00:01,  6.84it/s]
 31%|███       | 4/13 [00:00<00:01,  7.68it/s]
 38%|███▊      | 5/13 [00:00<00:00,  8.20it/s]
 46%|████▌     | 6/13 [00:00<00:00,  8.63it/s]
 54%|█████▍    | 7/13 [00:00<00:00,  8.86it/s]
 62%|██████▏   | 8/13 [00:01<00:00,  9.11it/s]
 69%|██████▉   | 9/13 [00:01<00:00,  9.22it/s]
 77%|███████▋  | 10/13 [00:01<00:00,  9.22it/s]
 85%|████████▍ | 11/13 [00:01<00:00,  9.20it/s]
 92%|█████████▏| 12/13 [00:01<00:00,  9.22it/s]
100%|██████████| 13/13 [00:01<00:00,  9.26it/s]
100%|██████████| 13/13 [00:01<00:00,  8.31it/s]

  0%|          | 0/13 [00:00<?, ?it/s]
  8%|▊         | 1/13 [00:00<00:03,  3.50it/s]
 15%|█▌        | 2/13 [00:00<00:01,  5.63it/s]
 23%|██▎       | 3/13 [00:00<00:01,  6.95it/s]
 31%|███       | 4/13 [00:00<00:01,  7.86it/s]
 38%|███▊      | 5/13 [00:00<00:00,  8.26it/s]
 46%|████▌     | 6/13 [00:00<00:00,  8.00it/s]
 54%|█████▍    | 7/13 [00:00<00:00,  8.25it/s]
 62%|██████▏   | 8/13 [00:01<00:00,  8.55it/s]
 69%|██████▉   | 9/13 [00:01<00:00,  8.75it/s]
 77%|███████▋  | 10/13 [00:01<00:00,  8.96it/s]
 85%|████████▍ | 11/13 [00:01<00:00,  9.12it/s]
 92%|█████████▏| 12/13 [00:01<00:00,  9.11it/s]
100%|██████████| 13/13 [00:01<00:00,  9.18it/s]
100%|██████████| 13/13 [00:01<00:00,  8.16it/s]

  0%|          | 0/13 [00:00<?, ?it/s]
  8%|▊         | 1/13 [00:00<00:03,  3.08it/s]
 15%|█▌        | 2/13 [00:00<00:02,  5.08it/s]
 23%|██▎       | 3/13 [00:00<00:01,  6.33it/s]
 31%|███       | 4/13 [00:00<00:01,  7.25it/s]
 38%|███▊      | 5/13 [00:00<00:01,  7.92it/s]
 46%|████▌     | 6/13 [00:00<00:00,  8.46it/s]
 54%|█████▍    | 7/13 [00:00<00:00,  8.73it/s]
 62%|██████▏   | 8/13 [00:01<00:00,  8.84it/s]
 69%|██████▉   | 9/13 [00:01<00:00,  9.04it/s]
 77%|███████▋  | 10/13 [00:01<00:00,  9.14it/s]
 85%|████████▍ | 11/13 [00:01<00:00,  9.26it/s]
 92%|█████████▏| 12/13 [00:01<00:00,  9.44it/s]
100%|██████████| 13/13 [00:01<00:00,  9.58it/s]
100%|██████████| 13/13 [00:01<00:00,  8.14it/s]

  0%|          | 0/13 [00:00<?, ?it/s]
  8%|▊         | 1/13 [00:00<00:03,  3.42it/s]
 15%|█▌        | 2/13 [00:00<00:02,  5.44it/s]
 23%|██▎       | 3/13 [00:00<00:01,  6.75it/s]
 31%|███       | 4/13 [00:00<00:01,  7.53it/s]
 38%|███▊      | 5/13 [00:00<00:00,  8.12it/s]
 46%|████▌     | 6/13 [00:00<00:00,  8.49it/s]
 54%|█████▍    | 7/13 [00:00<00:00,  8.75it/s]
 62%|██████▏   | 8/13 [00:01<00:00,  8.97it/s]
 69%|██████▉   | 9/13 [00:01<00:00,  9.08it/s]
 77%|███████▋  | 10/13 [00:01<00:00,  9.20it/s]
 85%|████████▍ | 11/13 [00:01<00:00,  9.26it/s]
 92%|█████████▏| 12/13 [00:01<00:00,  9.26it/s]
100%|██████████| 13/13 [00:01<00:00,  9.33it/s]
100%|██████████| 13/13 [00:01<00:00,  8.26it/s]

  0%|          | 0/13 [00:00<?, ?it/s]
  8%|▊         | 1/13 [00:00<00:03,  3.49it/s]
 15%|█▌        | 2/13 [00:00<00:01,  5.57it/s]
 23%|██▎       | 3/13 [00:00<00:01,  6.91it/s]
 38%|███▊      | 5/13 [00:00<00:00,  8.29it/s]
 46%|████▌     | 6/13 [00:00<00:00,  8.61it/s]
 54%|█████▍    | 7/13 [00:00<00:00,  8.72it/s]
 62%|██████▏   | 8/13 [00:01<00:00,  8.72it/s]
 69%|██████▉   | 9/13 [00:01<00:00,  8.86it/s]
 77%|███████▋  | 10/13 [00:01<00:00,  8.98it/s]
 85%|████████▍ | 11/13 [00:01<00:00,  9.15it/s]
 92%|█████████▏| 12/13 [00:01<00:00,  9.21it/s]
100%|██████████| 13/13 [00:01<00:00,  9.17it/s]
100%|██████████| 13/13 [00:01<00:00,  8.29it/s]

  0%|          | 0/13 [00:00<?, ?it/s]
  8%|▊         | 1/13 [00:00<00:03,  3.50it/s]
 15%|█▌        | 2/13 [00:00<00:01,  5.66it/s]
 23%|██▎       | 3/13 [00:00<00:01,  6.96it/s]
 31%|███       | 4/13 [00:00<00:01,  7.76it/s]
 38%|███▊      | 5/13 [00:00<00:00,  8.28it/s]
 46%|████▌     | 6/13 [00:00<00:00,  8.72it/s]
 54%|█████▍    | 7/13 [00:00<00:00,  8.92it/s]
 62%|██████▏   | 8/13 [00:01<00:00,  8.69it/s]
 69%|██████▉   | 9/13 [00:01<00:00,  8.86it/s]
 77%|███████▋  | 10/13 [00:01<00:00,  9.13it/s]
 85%|████████▍ | 11/13 [00:01<00:00,  9.22it/s]
 92%|█████████▏| 12/13 [00:01<00:00,  9.31it/s]
100%|██████████| 13/13 [00:01<00:00,  9.26it/s]
100%|██████████| 13/13 [00:01<00:00,  8.31it/s]

  0%|          | 0/13 [00:00<?, ?it/s]
  8%|▊         | 1/13 [00:00<00:03,  3.42it/s]
 15%|█▌        | 2/13 [00:00<00:01,  5.52it/s]
 23%|██▎       | 3/13 [00:00<00:01,  6.85it/s]
 31%|███       | 4/13 [00:00<00:01,  7.80it/s]
 38%|███▊      | 5/13 [00:00<00:00,  8.43it/s]
 46%|████▌     | 6/13 [00:00<00:00,  8.79it/s]
 54%|█████▍    | 7/13 [00:00<00:00,  9.12it/s]
 62%|██████▏   | 8/13 [00:01<00:00,  9.31it/s]
 69%|██████▉   | 9/13 [00:01<00:00,  9.31it/s]
 77%|███████▋  | 10/13 [00:01<00:00,  9.22it/s]
 85%|████████▍ | 11/13 [00:01<00:00,  9.06it/s]
 92%|█████████▏| 12/13 [00:01<00:00,  8.98it/s]
100%|██████████| 13/13 [00:01<00:00,  8.96it/s]
100%|██████████| 13/13 [00:01<00:00,  8.28it/s]

  0%|          | 0/13 [00:00<?, ?it/s]
  8%|▊         | 1/13 [00:00<00:03,  3.50it/s]
 15%|█▌        | 2/13 [00:00<00:01,  5.51it/s]
 23%|██▎       | 3/13 [00:00<00:01,  6.83it/s]
 31%|███       | 4/13 [00:00<00:01,  7.63it/s]
 38%|███▊      | 5/13 [00:00<00:00,  8.07it/s]
 46%|████▌     | 6/13 [00:00<00:00,  8.40it/s]
 54%|█████▍    | 7/13 [00:00<00:00,  8.60it/s]
 62%|██████▏   | 8/13 [00:01<00:00,  8.70it/s]
 69%|██████▉   | 9/13 [00:01<00:00,  8.86it/s]
 77%|███████▋  | 10/13 [00:01<00:00,  9.04it/s]
 85%|████████▍ | 11/13 [00:01<00:00,  9.18it/s]
 92%|█████████▏| 12/13 [00:01<00:00,  9.16it/s]
100%|██████████| 13/13 [00:01<00:00,  9.35it/s]
100%|██████████| 13/13 [00:01<00:00,  8.23it/s]

  0%|          | 0/13 [00:00<?, ?it/s]
  8%|▊         | 1/13 [00:00<00:03,  3.19it/s]
 15%|█▌        | 2/13 [00:00<00:02,  5.13it/s]
 23%|██▎       | 3/13 [00:00<00:01,  6.46it/s]
 31%|███       | 4/13 [00:00<00:01,  7.33it/s]
 38%|███▊      | 5/13 [00:00<00:00,  8.00it/s]
 46%|████▌     | 6/13 [00:00<00:00,  8.44it/s]
 54%|█████▍    | 7/13 [00:00<00:00,  8.73it/s]
 62%|██████▏   | 8/13 [00:01<00:00,  8.95it/s]
 69%|██████▉   | 9/13 [00:01<00:00,  8.99it/s]
 77%|███████▋  | 10/13 [00:01<00:00,  9.13it/s]
 85%|████████▍ | 11/13 [00:01<00:00,  9.20it/s]
 92%|█████████▏| 12/13 [00:01<00:00,  9.09it/s]
100%|██████████| 13/13 [00:01<00:00,  9.04it/s]
100%|██████████| 13/13 [00:01<00:00,  8.07it/s]

  0%|          | 0/13 [00:00<?, ?it/s]
  8%|▊         | 1/13 [00:00<00:03,  3.67it/s]
 15%|█▌        | 2/13 [00:00<00:01,  5.68it/s]
 23%|██▎       | 3/13 [00:00<00:01,  6.77it/s]
 31%|███       | 4/13 [00:00<00:01,  7.52it/s]
 38%|███▊      | 5/13 [00:00<00:00,  8.01it/s]
 46%|████▌     | 6/13 [00:00<00:00,  7.94it/s]
 54%|█████▍    | 7/13 [00:00<00:00,  8.01it/s]
 62%|██████▏   | 8/13 [00:01<00:00,  8.01it/s]
 69%|██████▉   | 9/13 [00:01<00:00,  7.96it/s]
 77%|███████▋  | 10/13 [00:01<00:00,  8.23it/s]
 85%|████████▍ | 11/13 [00:01<00:00,  8.46it/s]
 92%|█████████▏| 12/13 [00:01<00:00,  8.52it/s]
100%|██████████| 13/13 [00:01<00:00,  8.63it/s]
100%|██████████| 13/13 [00:01<00:00,  7.79it/s]

  0%|          | 0/13 [00:00<?, ?it/s]
  8%|▊         | 1/13 [00:00<00:03,  3.34it/s]
 15%|█▌        | 2/13 [00:00<00:02,  5.43it/s]
 23%|██▎       | 3/13 [00:00<00:01,  6.45it/s]
 31%|███       | 4/13 [00:00<00:01,  7.35it/s]
 38%|███▊      | 5/13 [00:00<00:01,  7.80it/s]
 46%|████▌     | 6/13 [00:00<00:00,  8.19it/s]
 54%|█████▍    | 7/13 [00:00<00:00,  8.52it/s]
 62%|██████▏   | 8/13 [00:01<00:00,  8.69it/s]
 69%|██████▉   | 9/13 [00:01<00:00,  8.89it/s]
 77%|███████▋  | 10/13 [00:01<00:00,  8.94it/s]
 85%|████████▍ | 11/13 [00:01<00:00,  8.97it/s]
 92%|█████████▏| 12/13 [00:01<00:00,  9.10it/s]
100%|██████████| 13/13 [00:01<00:00,  9.21it/s]
100%|██████████| 13/13 [00:01<00:00,  8.06it/s]

  0%|          | 0/13 [00:00<?, ?it/s]
  8%|▊         | 1/13 [00:00<00:03,  3.71it/s]
 15%|█▌        | 2/13 [00:00<00:01,  5.88it/s]
 23%|██▎       | 3/13 [00:00<00:01,  7.24it/s]
 31%|███       | 4/13 [00:00<00:01,  7.98it/s]
 38%|███▊      | 5/13 [00:00<00:00,  8.42it/s]
 46%|████▌     | 6/13 [00:00<00:00,  8.63it/s]
 54%|█████▍    | 7/13 [00:00<00:00,  8.77it/s]
 62%|██████▏   | 8/13 [00:01<00:00,  8.75it/s]
 69%|██████▉   | 9/13 [00:01<00:00,  8.68it/s]
 77%|███████▋  | 10/13 [00:01<00:00,  8.76it/s]
 85%|████████▍ | 11/13 [00:01<00:00,  8.92it/s]
 92%|█████████▏| 12/13 [00:01<00:00,  8.97it/s]
100%|██████████| 13/13 [00:01<00:00,  8.92it/s]
100%|██████████| 13/13 [00:01<00:00,  8.24it/s]

  0%|          | 0/13 [00:00<?, ?it/s]
  8%|▊         | 1/13 [00:00<00:03,  3.38it/s]
 15%|█▌        | 2/13 [00:00<00:02,  5.40it/s]
 23%|██▎       | 3/13 [00:00<00:01,  6.72it/s]
 31%|███       | 4/13 [00:00<00:01,  7.54it/s]
 38%|███▊      | 5/13 [00:00<00:00,  8.17it/s]
 46%|████▌     | 6/13 [00:00<00:00,  8.46it/s]
 54%|█████▍    | 7/13 [00:00<00:00,  8.61it/s]
 62%|██████▏   | 8/13 [00:01<00:00,  8.70it/s]
 69%|██████▉   | 9/13 [00:01<00:00,  8.82it/s]
 77%|███████▋  | 10/13 [00:01<00:00,  8.82it/s]
 85%|████████▍ | 11/13 [00:01<00:00,  8.83it/s]
 92%|█████████▏| 12/13 [00:01<00:00,  8.86it/s]
100%|██████████| 13/13 [00:01<00:00,  8.87it/s]
100%|██████████| 13/13 [00:01<00:00,  8.04it/s]

  0%|          | 0/13 [00:00<?, ?it/s]
  8%|▊         | 1/13 [00:00<00:03,  3.57it/s]
 15%|█▌        | 2/13 [00:00<00:02,  5.47it/s]
 23%|██▎       | 3/13 [00:00<00:01,  6.45it/s]
 31%|███       | 4/13 [00:00<00:01,  7.09it/s]
 38%|███▊      | 5/13 [00:00<00:01,  7.63it/s]
 46%|████▌     | 6/13 [00:00<00:00,  7.96it/s]
 54%|█████▍    | 7/13 [00:00<00:00,  8.20it/s]
 62%|██████▏   | 8/13 [00:01<00:00,  8.47it/s]
 69%|██████▉   | 9/13 [00:01<00:00,  8.63it/s]
 77%|███████▋  | 10/13 [00:01<00:00,  8.70it/s]
 85%|████████▍ | 11/13 [00:01<00:00,  8.57it/s]
 92%|█████████▏| 12/13 [00:01<00:00,  8.34it/s]
100%|██████████| 13/13 [00:01<00:00,  7.19it/s]
100%|██████████| 13/13 [00:01<00:00,  7.45it/s]

  0%|          | 0/13 [00:00<?, ?it/s]
  8%|▊         | 1/13 [00:00<00:03,  3.36it/s]
 15%|█▌        | 2/13 [00:00<00:02,  5.47it/s]
 23%|██▎       | 3/13 [00:00<00:01,  6.79it/s]
 31%|███       | 4/13 [00:00<00:01,  7.59it/s]
 38%|███▊      | 5/13 [00:00<00:00,  8.11it/s]
 46%|████▌     | 6/13 [00:00<00:00,  8.30it/s]
 54%|█████▍    | 7/13 [00:00<00:00,  8.47it/s]
 62%|██████▏   | 8/13 [00:01<00:00,  8.53it/s]
 69%|██████▉   | 9/13 [00:01<00:00,  8.62it/s]
 77%|███████▋  | 10/13 [00:01<00:00,  8.77it/s]
 85%|████████▍ | 11/13 [00:01<00:00,  8.77it/s]
 92%|█████████▏| 12/13 [00:01<00:00,  8.81it/s]
100%|██████████| 13/13 [00:01<00:00,  8.85it/s]
100%|██████████| 13/13 [00:01<00:00,  8.00it/s]

  0%|          | 0/13 [00:00<?, ?it/s]
  8%|▊         | 1/13 [00:00<00:04,  2.88it/s]
 15%|█▌        | 2/13 [00:00<00:02,  4.92it/s]
 23%|██▎       | 3/13 [00:00<00:01,  6.29it/s]
 31%|███       | 4/13 [00:00<00:01,  7.30it/s]
 38%|███▊      | 5/13 [00:00<00:01,  7.97it/s]
 46%|████▌     | 6/13 [00:00<00:00,  8.41it/s]
 54%|█████▍    | 7/13 [00:00<00:00,  8.63it/s]
 62%|██████▏   | 8/13 [00:01<00:00,  8.70it/s]
 69%|██████▉   | 9/13 [00:01<00:00,  8.76it/s]
 77%|███████▋  | 10/13 [00:01<00:00,  8.78it/s]
 85%|████████▍ | 11/13 [00:01<00:00,  8.64it/s]
 92%|█████████▏| 12/13 [00:01<00:00,  8.84it/s]
100%|██████████| 13/13 [00:01<00:00,  8.82it/s]
100%|██████████| 13/13 [00:01<00:00,  7.83it/s]

  0%|          | 0/13 [00:00<?, ?it/s]
  8%|▊         | 1/13 [00:00<00:03,  3.11it/s]
 15%|█▌        | 2/13 [00:00<00:02,  5.03it/s]
 23%|██▎       | 3/13 [00:00<00:01,  6.33it/s]
 31%|███       | 4/13 [00:00<00:01,  6.80it/s]
 38%|███▊      | 5/13 [00:00<00:01,  7.55it/s]
 46%|████▌     | 6/13 [00:00<00:00,  7.79it/s]
 54%|█████▍    | 7/13 [00:01<00:00,  7.97it/s]
 62%|██████▏   | 8/13 [00:01<00:00,  8.15it/s]
 69%|██████▉   | 9/13 [00:01<00:00,  8.32it/s]
 77%|███████▋  | 10/13 [00:01<00:00,  8.47it/s]
 85%|████████▍ | 11/13 [00:01<00:00,  8.50it/s]
 92%|█████████▏| 12/13 [00:01<00:00,  8.63it/s]
100%|██████████| 13/13 [00:01<00:00,  8.68it/s]
100%|██████████| 13/13 [00:01<00:00,  7.61it/s]

  0%|          | 0/13 [00:00<?, ?it/s]
  8%|▊         | 1/13 [00:00<00:03,  3.44it/s]
 15%|█▌        | 2/13 [00:00<00:02,  5.50it/s]
 23%|██▎       | 3/13 [00:00<00:01,  6.77it/s]
 31%|███       | 4/13 [00:00<00:01,  7.38it/s]
 38%|███▊      | 5/13 [00:00<00:01,  7.99it/s]
 46%|████▌     | 6/13 [00:00<00:00,  8.38it/s]
 54%|█████▍    | 7/13 [00:00<00:00,  8.36it/s]
 62%|██████▏   | 8/13 [00:01<00:00,  8.58it/s]
 69%|██████▉   | 9/13 [00:01<00:00,  8.66it/s]
 77%|███████▋  | 10/13 [00:01<00:00,  8.77it/s]
 85%|████████▍ | 11/13 [00:01<00:00,  8.84it/s]
 92%|█████████▏| 12/13 [00:01<00:00,  8.81it/s]
100%|██████████| 13/13 [00:01<00:00,  8.88it/s]
100%|██████████| 13/13 [00:01<00:00,  8.00it/s]

  0%|          | 0/13 [00:00<?, ?it/s]
  8%|▊         | 1/13 [00:00<00:03,  3.47it/s]
 15%|█▌        | 2/13 [00:00<00:01,  5.51it/s]
 23%|██▎       | 3/13 [00:00<00:01,  6.82it/s]
 31%|███       | 4/13 [00:00<00:01,  7.63it/s]
 38%|███▊      | 5/13 [00:00<00:01,  7.88it/s]
 46%|████▌     | 6/13 [00:00<00:00,  7.80it/s]
 54%|█████▍    | 7/13 [00:00<00:00,  7.89it/s]
 62%|██████▏   | 8/13 [00:01<00:00,  8.46it/s]
 69%|██████▉   | 9/13 [00:01<00:00,  7.50it/s]
 85%|████████▍ | 11/13 [00:01<00:00,  8.47it/s]
 92%|█████████▏| 12/13 [00:01<00:00,  8.62it/s]
100%|██████████| 13/13 [00:01<00:00,  8.59it/s]
100%|██████████| 13/13 [00:01<00:00,  7.75it/s]

  0%|          | 0/13 [00:00<?, ?it/s]
  8%|▊         | 1/13 [00:00<00:03,  3.50it/s]
 15%|█▌        | 2/13 [00:00<00:02,  5.47it/s]
 23%|██▎       | 3/13 [00:00<00:01,  6.52it/s]
 31%|███       | 4/13 [00:00<00:01,  7.22it/s]
 38%|███▊      | 5/13 [00:00<00:01,  7.80it/s]
 46%|████▌     | 6/13 [00:00<00:00,  8.16it/s]
 54%|█████▍    | 7/13 [00:00<00:00,  8.43it/s]
 62%|██████▏   | 8/13 [00:01<00:00,  8.57it/s]
 69%|██████▉   | 9/13 [00:01<00:00,  8.74it/s]
 77%|███████▋  | 10/13 [00:01<00:00,  8.78it/s]
 85%|████████▍ | 11/13 [00:01<00:00,  8.92it/s]
 92%|█████████▏| 12/13 [00:01<00:00,  8.97it/s]
100%|██████████| 13/13 [00:01<00:00,  9.08it/s]
100%|██████████| 13/13 [00:01<00:00,  8.01it/s]

  0%|          | 0/13 [00:00<?, ?it/s]
  8%|▊         | 1/13 [00:00<00:03,  3.29it/s]
 15%|█▌        | 2/13 [00:00<00:02,  5.04it/s]
 23%|██▎       | 3/13 [00:00<00:01,  6.20it/s]
 38%|███▊      | 5/13 [00:00<00:01,  7.49it/s]
 46%|████▌     | 6/13 [00:00<00:00,  8.01it/s]
 54%|█████▍    | 7/13 [00:00<00:00,  8.34it/s]
 62%|██████▏   | 8/13 [00:01<00:00,  8.52it/s]
 69%|██████▉   | 9/13 [00:01<00:00,  8.72it/s]
 77%|███████▋  | 10/13 [00:01<00:00,  8.78it/s]
 85%|████████▍ | 11/13 [00:01<00:00,  8.79it/s]
 92%|█████████▏| 12/13 [00:01<00:00,  8.86it/s]
100%|██████████| 13/13 [00:01<00:00,  8.85it/s]
100%|██████████| 13/13 [00:01<00:00,  7.88it/s]

  0%|          | 0/13 [00:00<?, ?it/s]
  8%|▊         | 1/13 [00:00<00:04,  2.45it/s]
 15%|█▌        | 2/13 [00:00<00:02,  4.39it/s]
 23%|██▎       | 3/13 [00:00<00:01,  5.83it/s]
 31%|███       | 4/13 [00:00<00:01,  6.67it/s]
 38%|███▊      | 5/13 [00:00<00:01,  7.20it/s]
 46%|████▌     | 6/13 [00:00<00:00,  7.64it/s]
 54%|█████▍    | 7/13 [00:01<00:00,  7.97it/s]
 62%|██████▏   | 8/13 [00:01<00:00,  8.23it/s]
 69%|██████▉   | 9/13 [00:01<00:00,  8.51it/s]
 77%|███████▋  | 10/13 [00:01<00:00,  8.70it/s]
 85%|████████▍ | 11/13 [00:01<00:00,  8.88it/s]
 92%|█████████▏| 12/13 [00:01<00:00,  9.00it/s]
100%|██████████| 13/13 [00:01<00:00,  8.83it/s]
100%|██████████| 13/13 [00:01<00:00,  7.45it/s]

  0%|          | 0/13 [00:00<?, ?it/s]
  8%|▊         | 1/13 [00:00<00:03,  3.18it/s]
 15%|█▌        | 2/13 [00:00<00:02,  5.08it/s]
 23%|██▎       | 3/13 [00:00<00:01,  6.43it/s]
 31%|███       | 4/13 [00:00<00:01,  7.12it/s]
 38%|███▊      | 5/13 [00:00<00:01,  7.77it/s]
 46%|████▌     | 6/13 [00:00<00:00,  8.20it/s]
 54%|█████▍    | 7/13 [00:00<00:00,  8.52it/s]
 62%|██████▏   | 8/13 [00:01<00:00,  8.73it/s]
 69%|██████▉   | 9/13 [00:01<00:00,  8.91it/s]
 77%|███████▋  | 10/13 [00:01<00:00,  8.97it/s]
 85%|████████▍ | 11/13 [00:01<00:00,  9.03it/s]
 92%|█████████▏| 12/13 [00:01<00:00,  8.69it/s]
100%|██████████| 13/13 [00:01<00:00,  8.87it/s]
100%|██████████| 13/13 [00:01<00:00,  7.91it/s]

  0%|          | 0/13 [00:00<?, ?it/s]
  8%|▊         | 1/13 [00:00<00:03,  3.57it/s]
 23%|██▎       | 3/13 [00:00<00:01,  6.78it/s]
 31%|███       | 4/13 [00:00<00:01,  7.48it/s]
 38%|███▊      | 5/13 [00:00<00:00,  8.01it/s]
 46%|████▌     | 6/13 [00:00<00:00,  8.40it/s]
 54%|█████▍    | 7/13 [00:00<00:00,  8.46it/s]
 62%|██████▏   | 8/13 [00:01<00:00,  8.59it/s]
 69%|██████▉   | 9/13 [00:01<00:00,  8.62it/s]
 77%|███████▋  | 10/13 [00:01<00:00,  8.68it/s]
 85%|████████▍ | 11/13 [00:01<00:00,  8.76it/s]
 92%|█████████▏| 12/13 [00:01<00:00,  8.84it/s]
100%|██████████| 13/13 [00:01<00:00,  8.86it/s]
100%|██████████| 13/13 [00:01<00:00,  8.15it/s]

  0%|          | 0/13 [00:00<?, ?it/s]
  8%|▊         | 1/13 [00:00<00:03,  3.42it/s]
 15%|█▌        | 2/13 [00:00<00:02,  5.21it/s]
 23%|██▎       | 3/13 [00:00<00:01,  6.23it/s]
 31%|███       | 4/13 [00:00<00:01,  6.89it/s]
 38%|███▊      | 5/13 [00:00<00:01,  7.49it/s]
 46%|████▌     | 6/13 [00:00<00:00,  7.92it/s]
 54%|█████▍    | 7/13 [00:00<00:00,  8.20it/s]
 62%|██████▏   | 8/13 [00:01<00:00,  8.42it/s]
 69%|██████▉   | 9/13 [00:01<00:00,  8.45it/s]
 77%|███████▋  | 10/13 [00:01<00:00,  8.59it/s]
 85%|████████▍ | 11/13 [00:01<00:00,  8.70it/s]
 92%|█████████▏| 12/13 [00:01<00:00,  8.86it/s]
100%|██████████| 13/13 [00:01<00:00,  8.96it/s]
100%|██████████| 13/13 [00:01<00:00,  7.80it/s]

  0%|          | 0/13 [00:00<?, ?it/s]
  8%|▊         | 1/13 [00:00<00:03,  3.47it/s]
 15%|█▌        | 2/13 [00:00<00:01,  5.52it/s]
 23%|██▎       | 3/13 [00:00<00:01,  6.61it/s]
 31%|███       | 4/13 [00:00<00:01,  7.31it/s]
 38%|███▊      | 5/13 [00:00<00:01,  7.56it/s]
 46%|████▌     | 6/13 [00:00<00:00,  8.03it/s]
 54%|█████▍    | 7/13 [00:00<00:00,  8.35it/s]
 62%|██████▏   | 8/13 [00:01<00:00,  8.55it/s]
 69%|██████▉   | 9/13 [00:01<00:00,  8.72it/s]
 77%|███████▋  | 10/13 [00:01<00:00,  8.75it/s]
 85%|████████▍ | 11/13 [00:01<00:00,  8.86it/s]
 92%|█████████▏| 12/13 [00:01<00:00,  8.93it/s]
100%|██████████| 13/13 [00:01<00:00,  8.99it/s]
100%|██████████| 13/13 [00:01<00:00,  7.97it/s]

  0%|          | 0/13 [00:00<?, ?it/s]
  8%|▊         | 1/13 [00:00<00:03,  3.37it/s]
 15%|█▌        | 2/13 [00:00<00:02,  5.44it/s]
 23%|██▎       | 3/13 [00:00<00:01,  6.78it/s]
 31%|███       | 4/13 [00:00<00:01,  7.49it/s]
 38%|███▊      | 5/13 [00:00<00:01,  7.86it/s]
 46%|████▌     | 6/13 [00:00<00:00,  8.20it/s]
 54%|█████▍    | 7/13 [00:00<00:00,  8.42it/s]
 62%|██████▏   | 8/13 [00:01<00:00,  8.49it/s]
 69%|██████▉   | 9/13 [00:01<00:00,  8.52it/s]
 77%|███████▋  | 10/13 [00:01<00:00,  8.66it/s]
 85%|████████▍ | 11/13 [00:01<00:00,  8.85it/s]
 92%|█████████▏| 12/13 [00:01<00:00,  8.92it/s]
100%|██████████| 13/13 [00:01<00:00,  9.05it/s]
100%|██████████| 13/13 [00:01<00:00,  8.00it/s]

  0%|          | 0/13 [00:00<?, ?it/s]
  8%|▊         | 1/13 [00:00<00:03,  3.40it/s]
 15%|█▌        | 2/13 [00:00<00:02,  5.30it/s]
 23%|██▎       | 3/13 [00:00<00:01,  6.43it/s]
 31%|███       | 4/13 [00:00<00:01,  7.04it/s]
 38%|███▊      | 5/13 [00:00<00:01,  7.60it/s]
 46%|████▌     | 6/13 [00:00<00:00,  7.96it/s]
 54%|█████▍    | 7/13 [00:00<00:00,  8.22it/s]
 62%|██████▏   | 8/13 [00:01<00:00,  8.54it/s]
 69%|██████▉   | 9/13 [00:01<00:00,  8.72it/s]
 77%|███████▋  | 10/13 [00:01<00:00,  8.89it/s]
 85%|████████▍ | 11/13 [00:01<00:00,  8.93it/s]
 92%|█████████▏| 12/13 [00:01<00:00,  8.36it/s]
100%|██████████| 13/13 [00:01<00:00,  8.68it/s]
100%|██████████| 13/13 [00:01<00:00,  7.81it/s]

  0%|          | 0/13 [00:00<?, ?it/s]
  8%|▊         | 1/13 [00:00<00:03,  3.45it/s]
 15%|█▌        | 2/13 [00:00<00:02,  5.48it/s]
 23%|██▎       | 3/13 [00:00<00:01,  6.80it/s]
 31%|███       | 4/13 [00:00<00:01,  7.47it/s]
 38%|███▊      | 5/13 [00:00<00:01,  7.82it/s]
 46%|████▌     | 6/13 [00:00<00:00,  8.07it/s]
 54%|█████▍    | 7/13 [00:00<00:00,  8.37it/s]
 62%|██████▏   | 8/13 [00:01<00:00,  8.48it/s]
 69%|██████▉   | 9/13 [00:01<00:00,  8.09it/s]
 77%|███████▋  | 10/13 [00:01<00:00,  8.40it/s]
 85%|████████▍ | 11/13 [00:01<00:00,  8.63it/s]
 92%|█████████▏| 12/13 [00:01<00:00,  8.81it/s]
100%|██████████| 13/13 [00:01<00:00,  8.57it/s]
100%|██████████| 13/13 [00:01<00:00,  7.83it/s]

  0%|          | 0/13 [00:00<?, ?it/s]
  8%|▊         | 1/13 [00:00<00:03,  3.46it/s]
 15%|█▌        | 2/13 [00:00<00:02,  5.42it/s]
 23%|██▎       | 3/13 [00:00<00:01,  6.57it/s]
 31%|███       | 4/13 [00:00<00:01,  7.43it/s]
 38%|███▊      | 5/13 [00:00<00:01,  7.91it/s]
 46%|████▌     | 6/13 [00:00<00:00,  8.26it/s]
 54%|█████▍    | 7/13 [00:00<00:00,  8.49it/s]
 62%|██████▏   | 8/13 [00:01<00:00,  8.66it/s]
 69%|██████▉   | 9/13 [00:01<00:00,  8.74it/s]
 77%|███████▋  | 10/13 [00:01<00:00,  8.32it/s]
 85%|████████▍ | 11/13 [00:01<00:00,  8.56it/s]
 92%|█████████▏| 12/13 [00:01<00:00,  8.72it/s]
100%|██████████| 13/13 [00:01<00:00,  8.94it/s]
100%|██████████| 13/13 [00:01<00:00,  7.94it/s]

  0%|          | 0/13 [00:00<?, ?it/s]
  8%|▊         | 1/13 [00:00<00:03,  3.23it/s]
 15%|█▌        | 2/13 [00:00<00:02,  5.25it/s]
 23%|██▎       | 3/13 [00:00<00:01,  6.47it/s]
 31%|███       | 4/13 [00:00<00:01,  7.08it/s]
 38%|███▊      | 5/13 [00:00<00:01,  7.58it/s]
 46%|████▌     | 6/13 [00:00<00:00,  8.04it/s]
 54%|█████▍    | 7/13 [00:00<00:00,  8.28it/s]
 62%|██████▏   | 8/13 [00:01<00:00,  8.52it/s]
 69%|██████▉   | 9/13 [00:01<00:00,  8.76it/s]
 77%|███████▋  | 10/13 [00:01<00:00,  8.71it/s]
 85%|████████▍ | 11/13 [00:01<00:00,  8.83it/s]
 92%|█████████▏| 12/13 [00:01<00:00,  8.74it/s]
100%|██████████| 13/13 [00:01<00:00,  8.89it/s]
100%|██████████| 13/13 [00:01<00:00,  7.85it/s]
[150/750] Early_Renaissance__Early_Renaissance__sandro-botticelli_trinity(1)__to__Ukiyo_e.png  dt=1.90s  elapsed=4.7m  eta=19.0m

  0%|          | 0/13 [00:00<?, ?it/s]
  8%|▊         | 1/13 [00:00<00:03,  3.32it/s]
 15%|█▌        | 2/13 [00:00<00:02,  5.28it/s]
 23%|██▎       | 3/13 [00:00<00:01,  6.57it/s]
 31%|███       | 4/13 [00:00<00:01,  7.30it/s]
 38%|███▊      | 5/13 [00:00<00:01,  7.78it/s]
 46%|████▌     | 6/13 [00:00<00:00,  8.09it/s]
 54%|█████▍    | 7/13 [00:00<00:00,  8.33it/s]
 62%|██████▏   | 8/13 [00:01<00:00,  8.64it/s]
 69%|██████▉   | 9/13 [00:01<00:00,  8.84it/s]
 77%|███████▋  | 10/13 [00:01<00:00,  8.94it/s]
 85%|████████▍ | 11/13 [00:01<00:00,  8.85it/s]
 92%|█████████▏| 12/13 [00:01<00:00,  8.87it/s]
100%|██████████| 13/13 [00:01<00:00,  8.88it/s]
100%|██████████| 13/13 [00:01<00:00,  7.94it/s]

  0%|          | 0/13 [00:00<?, ?it/s]
  8%|▊         | 1/13 [00:00<00:03,  3.50it/s]
 15%|█▌        | 2/13 [00:00<00:02,  5.50it/s]
 23%|██▎       | 3/13 [00:00<00:01,  6.74it/s]
 31%|███       | 4/13 [00:00<00:01,  7.54it/s]
 38%|███▊      | 5/13 [00:00<00:00,  8.07it/s]
 46%|████▌     | 6/13 [00:00<00:00,  8.43it/s]
 54%|█████▍    | 7/13 [00:00<00:00,  8.65it/s]
 62%|██████▏   | 8/13 [00:01<00:00,  8.86it/s]
 69%|██████▉   | 9/13 [00:01<00:00,  8.98it/s]
 77%|███████▋  | 10/13 [00:01<00:00,  9.07it/s]
 85%|████████▍ | 11/13 [00:01<00:00,  9.09it/s]
 92%|█████████▏| 12/13 [00:01<00:00,  8.99it/s]
100%|██████████| 13/13 [00:01<00:00,  9.09it/s]
100%|██████████| 13/13 [00:01<00:00,  8.17it/s]

  0%|          | 0/13 [00:00<?, ?it/s]
  8%|▊         | 1/13 [00:00<00:03,  3.51it/s]
 15%|█▌        | 2/13 [00:00<00:02,  5.44it/s]
 23%|██▎       | 3/13 [00:00<00:01,  6.66it/s]
 31%|███       | 4/13 [00:00<00:01,  7.34it/s]
 38%|███▊      | 5/13 [00:00<00:01,  7.93it/s]
 46%|████▌     | 6/13 [00:00<00:00,  8.36it/s]
 54%|█████▍    | 7/13 [00:00<00:00,  8.62it/s]
 62%|██████▏   | 8/13 [00:01<00:00,  8.81it/s]
 69%|██████▉   | 9/13 [00:01<00:00,  8.96it/s]
 77%|███████▋  | 10/13 [00:01<00:00,  8.96it/s]
 85%|████████▍ | 11/13 [00:01<00:00,  8.93it/s]
 92%|█████████▏| 12/13 [00:01<00:00,  9.05it/s]
100%|██████████| 13/13 [00:01<00:00,  9.11it/s]
100%|██████████| 13/13 [00:01<00:00,  8.12it/s]

  0%|          | 0/13 [00:00<?, ?it/s]
  8%|▊         | 1/13 [00:00<00:04,  2.58it/s]
 23%|██▎       | 3/13 [00:00<00:01,  5.77it/s]
 31%|███       | 4/13 [00:00<00:01,  6.73it/s]
 38%|███▊      | 5/13 [00:00<00:01,  7.47it/s]
 46%|████▌     | 6/13 [00:00<00:00,  8.05it/s]
 54%|█████▍    | 7/13 [00:01<00:00,  8.39it/s]
 62%|██████▏   | 8/13 [00:01<00:00,  8.50it/s]
 69%|██████▉   | 9/13 [00:01<00:00,  8.56it/s]
 77%|███████▋  | 10/13 [00:01<00:00,  8.64it/s]
 85%|████████▍ | 11/13 [00:01<00:00,  8.70it/s]
 92%|█████████▏| 12/13 [00:01<00:00,  8.72it/s]
100%|██████████| 13/13 [00:01<00:00,  8.77it/s]
100%|██████████| 13/13 [00:01<00:00,  7.72it/s]

  0%|          | 0/13 [00:00<?, ?it/s]
  8%|▊         | 1/13 [00:00<00:03,  3.05it/s]
 15%|█▌        | 2/13 [00:00<00:02,  5.04it/s]
 23%|██▎       | 3/13 [00:00<00:01,  6.28it/s]
 31%|███       | 4/13 [00:00<00:01,  7.19it/s]
 38%|███▊      | 5/13 [00:00<00:01,  7.72it/s]
 46%|████▌     | 6/13 [00:00<00:00,  8.06it/s]
 54%|█████▍    | 7/13 [00:00<00:00,  8.32it/s]
 62%|██████▏   | 8/13 [00:01<00:00,  8.57it/s]
 69%|██████▉   | 9/13 [00:01<00:00,  8.77it/s]
 77%|███████▋  | 10/13 [00:01<00:00,  7.96it/s]
 85%|████████▍ | 11/13 [00:01<00:00,  8.11it/s]
 92%|█████████▏| 12/13 [00:01<00:00,  8.01it/s]
100%|██████████| 13/13 [00:01<00:00,  8.15it/s]
100%|██████████| 13/13 [00:01<00:00,  7.53it/s]

  0%|          | 0/13 [00:00<?, ?it/s]
  8%|▊         | 1/13 [00:00<00:03,  3.33it/s]
 15%|█▌        | 2/13 [00:00<00:02,  5.42it/s]
 23%|██▎       | 3/13 [00:00<00:01,  6.61it/s]
 31%|███       | 4/13 [00:00<00:01,  7.44it/s]
 38%|███▊      | 5/13 [00:00<00:00,  8.04it/s]
 46%|████▌     | 6/13 [00:00<00:00,  8.43it/s]
 54%|█████▍    | 7/13 [00:00<00:00,  8.58it/s]
 62%|██████▏   | 8/13 [00:01<00:00,  8.62it/s]
 69%|██████▉   | 9/13 [00:01<00:00,  8.71it/s]
 77%|███████▋  | 10/13 [00:01<00:00,  8.84it/s]
 85%|████████▍ | 11/13 [00:01<00:00,  8.96it/s]
 92%|█████████▏| 12/13 [00:01<00:00,  8.95it/s]
100%|██████████| 13/13 [00:01<00:00,  9.00it/s]
100%|██████████| 13/13 [00:01<00:00,  8.04it/s]

  0%|          | 0/13 [00:00<?, ?it/s]
  8%|▊         | 1/13 [00:00<00:04,  2.98it/s]
 15%|█▌        | 2/13 [00:00<00:02,  4.77it/s]
 23%|██▎       | 3/13 [00:00<00:01,  6.01it/s]
 31%|███       | 4/13 [00:00<00:01,  6.72it/s]
 38%|███▊      | 5/13 [00:00<00:01,  7.39it/s]
 46%|████▌     | 6/13 [00:00<00:00,  7.73it/s]
 54%|█████▍    | 7/13 [00:01<00:00,  8.11it/s]
 62%|██████▏   | 8/13 [00:01<00:00,  8.33it/s]
 69%|██████▉   | 9/13 [00:01<00:00,  8.57it/s]
 77%|███████▋  | 10/13 [00:01<00:00,  8.77it/s]
 85%|████████▍ | 11/13 [00:01<00:00,  8.50it/s]
 92%|█████████▏| 12/13 [00:01<00:00,  8.61it/s]
100%|██████████| 13/13 [00:01<00:00,  8.60it/s]
100%|██████████| 13/13 [00:01<00:00,  7.56it/s]

  0%|          | 0/13 [00:00<?, ?it/s]
  8%|▊         | 1/13 [00:00<00:03,  3.30it/s]
 15%|█▌        | 2/13 [00:00<00:02,  5.17it/s]
 23%|██▎       | 3/13 [00:00<00:01,  6.40it/s]
 31%|███       | 4/13 [00:00<00:01,  7.19it/s]
 38%|███▊      | 5/13 [00:00<00:01,  7.75it/s]
 46%|████▌     | 6/13 [00:00<00:00,  8.20it/s]
 54%|█████▍    | 7/13 [00:00<00:00,  8.45it/s]
 62%|██████▏   | 8/13 [00:01<00:00,  8.55it/s]
 69%|██████▉   | 9/13 [00:01<00:00,  8.53it/s]
 77%|███████▋  | 10/13 [00:01<00:00,  8.49it/s]
 85%|████████▍ | 11/13 [00:01<00:00,  8.48it/s]
 92%|█████████▏| 12/13 [00:01<00:00,  8.52it/s]
100%|██████████| 13/13 [00:01<00:00,  8.61it/s]
100%|██████████| 13/13 [00:01<00:00,  7.77it/s]

  0%|          | 0/13 [00:00<?, ?it/s]
  8%|▊         | 1/13 [00:00<00:03,  3.40it/s]
 15%|█▌        | 2/13 [00:00<00:02,  5.42it/s]
 23%|██▎       | 3/13 [00:00<00:01,  6.65it/s]
 31%|███       | 4/13 [00:00<00:01,  7.34it/s]
 38%|███▊      | 5/13 [00:00<00:01,  7.68it/s]
 46%|████▌     | 6/13 [00:00<00:00,  7.89it/s]
 54%|█████▍    | 7/13 [00:00<00:00,  8.13it/s]
 62%|██████▏   | 8/13 [00:01<00:00,  8.25it/s]
 69%|██████▉   | 9/13 [00:01<00:00,  8.43it/s]
 77%|███████▋  | 10/13 [00:01<00:00,  8.61it/s]
 85%|████████▍ | 11/13 [00:01<00:00,  8.79it/s]
 92%|█████████▏| 12/13 [00:01<00:00,  8.80it/s]
100%|██████████| 13/13 [00:01<00:00,  8.48it/s]
100%|██████████| 13/13 [00:01<00:00,  7.78it/s]

  0%|          | 0/13 [00:00<?, ?it/s]
  8%|▊         | 1/13 [00:00<00:03,  3.54it/s]
 15%|█▌        | 2/13 [00:00<00:01,  5.59it/s]
 23%|██▎       | 3/13 [00:00<00:01,  6.76it/s]
 31%|███       | 4/13 [00:00<00:01,  7.47it/s]
 38%|███▊      | 5/13 [00:00<00:01,  7.90it/s]
 46%|████▌     | 6/13 [00:00<00:00,  8.18it/s]
 54%|█████▍    | 7/13 [00:00<00:00,  8.33it/s]
 62%|██████▏   | 8/13 [00:01<00:00,  8.44it/s]
 69%|██████▉   | 9/13 [00:01<00:00,  8.42it/s]
 77%|███████▋  | 10/13 [00:01<00:00,  8.46it/s]
 85%|████████▍ | 11/13 [00:01<00:00,  8.55it/s]
 92%|█████████▏| 12/13 [00:01<00:00,  8.65it/s]
100%|██████████| 13/13 [00:01<00:00,  8.63it/s]
100%|██████████| 13/13 [00:01<00:00,  7.87it/s]

  0%|          | 0/13 [00:00<?, ?it/s]
  8%|▊         | 1/13 [00:00<00:03,  3.16it/s]
 15%|█▌        | 2/13 [00:00<00:02,  5.00it/s]
 23%|██▎       | 3/13 [00:00<00:01,  6.22it/s]
 31%|███       | 4/13 [00:00<00:01,  7.02it/s]
 38%|███▊      | 5/13 [00:00<00:01,  7.48it/s]
 46%|████▌     | 6/13 [00:00<00:00,  7.89it/s]
 54%|█████▍    | 7/13 [00:01<00:00,  8.35it/s]
 62%|██████▏   | 8/13 [00:01<00:00,  8.52it/s]
 69%|██████▉   | 9/13 [00:01<00:00,  8.67it/s]
 77%|███████▋  | 10/13 [00:01<00:00,  8.78it/s]
 85%|████████▍ | 11/13 [00:01<00:00,  8.90it/s]
 92%|█████████▏| 12/13 [00:01<00:00,  9.05it/s]
100%|██████████| 13/13 [00:01<00:00,  8.95it/s]
100%|██████████| 13/13 [00:01<00:00,  7.81it/s]

  0%|          | 0/13 [00:00<?, ?it/s]
  8%|▊         | 1/13 [00:00<00:03,  3.24it/s]
 15%|█▌        | 2/13 [00:00<00:02,  5.33it/s]
 31%|███       | 4/13 [00:00<00:01,  7.34it/s]
 38%|███▊      | 5/13 [00:00<00:01,  7.95it/s]
 46%|████▌     | 6/13 [00:00<00:00,  8.15it/s]
 54%|█████▍    | 7/13 [00:00<00:00,  8.24it/s]
 62%|██████▏   | 8/13 [00:01<00:00,  8.50it/s]
 69%|██████▉   | 9/13 [00:01<00:00,  8.43it/s]
 77%|███████▋  | 10/13 [00:01<00:00,  8.64it/s]
 85%|████████▍ | 11/13 [00:01<00:00,  8.71it/s]
 92%|█████████▏| 12/13 [00:01<00:00,  8.67it/s]
100%|██████████| 13/13 [00:01<00:00,  8.71it/s]
100%|██████████| 13/13 [00:01<00:00,  7.92it/s]

  0%|          | 0/13 [00:00<?, ?it/s]
  8%|▊         | 1/13 [00:00<00:03,  3.45it/s]
 15%|█▌        | 2/13 [00:00<00:02,  5.32it/s]
 23%|██▎       | 3/13 [00:00<00:01,  6.64it/s]
 31%|███       | 4/13 [00:00<00:01,  7.36it/s]
 38%|███▊      | 5/13 [00:00<00:01,  7.98it/s]
 46%|████▌     | 6/13 [00:00<00:00,  8.27it/s]
 54%|█████▍    | 7/13 [00:00<00:00,  8.51it/s]
 62%|██████▏   | 8/13 [00:01<00:00,  8.49it/s]
 69%|██████▉   | 9/13 [00:01<00:00,  8.61it/s]
 77%|███████▋  | 10/13 [00:01<00:00,  8.61it/s]
 85%|████████▍ | 11/13 [00:01<00:00,  8.68it/s]
 92%|█████████▏| 12/13 [00:01<00:00,  8.52it/s]
100%|██████████| 13/13 [00:01<00:00,  8.53it/s]
100%|██████████| 13/13 [00:01<00:00,  7.85it/s]

  0%|          | 0/13 [00:00<?, ?it/s]
  8%|▊         | 1/13 [00:00<00:03,  3.31it/s]
 15%|█▌        | 2/13 [00:00<00:02,  5.29it/s]
 23%|██▎       | 3/13 [00:00<00:01,  6.48it/s]
 31%|███       | 4/13 [00:00<00:01,  7.29it/s]
 38%|███▊      | 5/13 [00:00<00:01,  7.60it/s]
 46%|████▌     | 6/13 [00:00<00:00,  8.02it/s]
 54%|█████▍    | 7/13 [00:00<00:00,  8.28it/s]
 62%|██████▏   | 8/13 [00:01<00:00,  8.50it/s]
 69%|██████▉   | 9/13 [00:01<00:00,  8.65it/s]
 77%|███████▋  | 10/13 [00:01<00:00,  8.71it/s]
 85%|████████▍ | 11/13 [00:01<00:00,  8.64it/s]
 92%|█████████▏| 12/13 [00:01<00:00,  8.66it/s]
100%|██████████| 13/13 [00:01<00:00,  8.71it/s]
100%|██████████| 13/13 [00:01<00:00,  7.82it/s]

  0%|          | 0/13 [00:00<?, ?it/s]
  8%|▊         | 1/13 [00:00<00:03,  3.43it/s]
 15%|█▌        | 2/13 [00:00<00:02,  5.34it/s]
 23%|██▎       | 3/13 [00:00<00:01,  6.47it/s]
 31%|███       | 4/13 [00:00<00:01,  7.25it/s]
 38%|███▊      | 5/13 [00:00<00:01,  7.74it/s]
 46%|████▌     | 6/13 [00:00<00:00,  8.02it/s]
 54%|█████▍    | 7/13 [00:00<00:00,  8.21it/s]
 62%|██████▏   | 8/13 [00:01<00:00,  8.36it/s]
 69%|██████▉   | 9/13 [00:01<00:00,  8.39it/s]
 77%|███████▋  | 10/13 [00:01<00:00,  8.55it/s]
 85%|████████▍ | 11/13 [00:01<00:00,  8.71it/s]
 92%|█████████▏| 12/13 [00:01<00:00,  8.79it/s]
100%|██████████| 13/13 [00:01<00:00,  8.81it/s]
100%|██████████| 13/13 [00:01<00:00,  7.84it/s]

  0%|          | 0/13 [00:00<?, ?it/s]
  8%|▊         | 1/13 [00:00<00:03,  3.13it/s]
 15%|█▌        | 2/13 [00:00<00:02,  5.16it/s]
 23%|██▎       | 3/13 [00:00<00:01,  6.50it/s]
 31%|███       | 4/13 [00:00<00:01,  7.49it/s]
 38%|███▊      | 5/13 [00:00<00:01,  7.97it/s]
 46%|████▌     | 6/13 [00:00<00:00,  8.36it/s]
 54%|█████▍    | 7/13 [00:00<00:00,  8.35it/s]
 62%|██████▏   | 8/13 [00:01<00:00,  8.29it/s]
 69%|██████▉   | 9/13 [00:01<00:00,  8.31it/s]
 77%|███████▋  | 10/13 [00:01<00:00,  8.44it/s]
 85%|████████▍ | 11/13 [00:01<00:00,  8.47it/s]
 92%|█████████▏| 12/13 [00:01<00:00,  8.70it/s]
100%|██████████| 13/13 [00:01<00:00,  8.80it/s]
100%|██████████| 13/13 [00:01<00:00,  7.80it/s]

  0%|          | 0/13 [00:00<?, ?it/s]
  8%|▊         | 1/13 [00:00<00:03,  3.52it/s]
 15%|█▌        | 2/13 [00:00<00:01,  5.54it/s]
 23%|██▎       | 3/13 [00:00<00:01,  6.79it/s]
 31%|███       | 4/13 [00:00<00:01,  7.63it/s]
 38%|███▊      | 5/13 [00:00<00:00,  8.16it/s]
 46%|████▌     | 6/13 [00:00<00:00,  8.40it/s]
 54%|█████▍    | 7/13 [00:00<00:00,  8.44it/s]
 62%|██████▏   | 8/13 [00:01<00:00,  8.43it/s]
 69%|██████▉   | 9/13 [00:01<00:00,  8.56it/s]
 77%|███████▋  | 10/13 [00:01<00:00,  8.68it/s]
 85%|████████▍ | 11/13 [00:01<00:00,  8.78it/s]
 92%|█████████▏| 12/13 [00:01<00:00,  8.86it/s]
100%|██████████| 13/13 [00:01<00:00,  8.90it/s]
100%|██████████| 13/13 [00:01<00:00,  8.03it/s]

  0%|          | 0/13 [00:00<?, ?it/s]
  8%|▊         | 1/13 [00:00<00:03,  3.40it/s]
 15%|█▌        | 2/13 [00:00<00:02,  5.40it/s]
 23%|██▎       | 3/13 [00:00<00:01,  6.55it/s]
 31%|███       | 4/13 [00:00<00:01,  7.24it/s]
 38%|███▊      | 5/13 [00:00<00:01,  7.63it/s]
 46%|████▌     | 6/13 [00:00<00:00,  7.89it/s]
 54%|█████▍    | 7/13 [00:00<00:00,  8.12it/s]
 62%|██████▏   | 8/13 [00:01<00:00,  8.32it/s]
 69%|██████▉   | 9/13 [00:01<00:00,  8.57it/s]
 77%|███████▋  | 10/13 [00:01<00:00,  8.65it/s]
 85%|████████▍ | 11/13 [00:01<00:00,  8.86it/s]
 92%|█████████▏| 12/13 [00:01<00:00,  8.89it/s]
100%|██████████| 13/13 [00:01<00:00,  8.80it/s]
100%|██████████| 13/13 [00:01<00:00,  7.85it/s]

  0%|          | 0/13 [00:00<?, ?it/s]
  8%|▊         | 1/13 [00:00<00:03,  3.44it/s]
 15%|█▌        | 2/13 [00:00<00:02,  5.42it/s]
 23%|██▎       | 3/13 [00:00<00:01,  6.58it/s]
 31%|███       | 4/13 [00:00<00:01,  7.42it/s]
 38%|███▊      | 5/13 [00:00<00:01,  7.89it/s]
 46%|████▌     | 6/13 [00:00<00:00,  8.22it/s]
 54%|█████▍    | 7/13 [00:00<00:00,  8.51it/s]
 62%|██████▏   | 8/13 [00:01<00:00,  8.63it/s]
 69%|██████▉   | 9/13 [00:01<00:00,  8.73it/s]
 77%|███████▋  | 10/13 [00:01<00:00,  8.68it/s]
 85%|████████▍ | 11/13 [00:01<00:00,  8.76it/s]
 92%|█████████▏| 12/13 [00:01<00:00,  8.85it/s]
100%|██████████| 13/13 [00:01<00:00,  8.93it/s]
100%|██████████| 13/13 [00:01<00:00,  7.98it/s]

  0%|          | 0/13 [00:00<?, ?it/s]
  8%|▊         | 1/13 [00:00<00:03,  3.38it/s]
 15%|█▌        | 2/13 [00:00<00:02,  5.37it/s]
 23%|██▎       | 3/13 [00:00<00:01,  6.54it/s]
 31%|███       | 4/13 [00:00<00:01,  7.29it/s]
 38%|███▊      | 5/13 [00:00<00:01,  7.83it/s]
 46%|████▌     | 6/13 [00:00<00:00,  8.14it/s]
 54%|█████▍    | 7/13 [00:00<00:00,  8.16it/s]
 62%|██████▏   | 8/13 [00:01<00:00,  8.40it/s]
 69%|██████▉   | 9/13 [00:01<00:00,  8.58it/s]
 77%|███████▋  | 10/13 [00:01<00:00,  8.79it/s]
 85%|████████▍ | 11/13 [00:01<00:00,  8.41it/s]
 92%|█████████▏| 12/13 [00:01<00:00,  8.42it/s]
100%|██████████| 13/13 [00:01<00:00,  8.83it/s]
100%|██████████| 13/13 [00:01<00:00,  7.84it/s]

  0%|          | 0/13 [00:00<?, ?it/s]
  8%|▊         | 1/13 [00:00<00:03,  3.28it/s]
 15%|█▌        | 2/13 [00:00<00:02,  5.25it/s]
 23%|██▎       | 3/13 [00:00<00:01,  6.18it/s]
 31%|███       | 4/13 [00:00<00:01,  7.05it/s]
 38%|███▊      | 5/13 [00:00<00:01,  7.66it/s]
 46%|████▌     | 6/13 [00:00<00:00,  7.95it/s]
 54%|█████▍    | 7/13 [00:00<00:00,  8.33it/s]
 62%|██████▏   | 8/13 [00:01<00:00,  8.51it/s]
 69%|██████▉   | 9/13 [00:01<00:00,  8.61it/s]
 77%|███████▋  | 10/13 [00:01<00:00,  8.66it/s]
 85%|████████▍ | 11/13 [00:01<00:00,  8.74it/s]
 92%|█████████▏| 12/13 [00:01<00:00,  8.78it/s]
100%|██████████| 13/13 [00:01<00:00,  8.77it/s]
100%|██████████| 13/13 [00:01<00:00,  7.80it/s]

  0%|          | 0/13 [00:00<?, ?it/s]
  8%|▊         | 1/13 [00:00<00:03,  3.48it/s]
 15%|█▌        | 2/13 [00:00<00:02,  5.35it/s]
 23%|██▎       | 3/13 [00:00<00:01,  6.49it/s]
 31%|███       | 4/13 [00:00<00:01,  7.15it/s]
 38%|███▊      | 5/13 [00:00<00:01,  7.62it/s]
 46%|████▌     | 6/13 [00:00<00:00,  8.06it/s]
 54%|█████▍    | 7/13 [00:00<00:00,  8.24it/s]
 62%|██████▏   | 8/13 [00:01<00:00,  8.44it/s]
 69%|██████▉   | 9/13 [00:01<00:00,  8.61it/s]
 77%|███████▋  | 10/13 [00:01<00:00,  8.65it/s]
 85%|████████▍ | 11/13 [00:01<00:00,  8.72it/s]
 92%|█████████▏| 12/13 [00:01<00:00,  8.82it/s]
100%|██████████| 13/13 [00:01<00:00,  8.86it/s]
100%|██████████| 13/13 [00:01<00:00,  7.87it/s]

  0%|          | 0/13 [00:00<?, ?it/s]
  8%|▊         | 1/13 [00:00<00:03,  3.11it/s]
 15%|█▌        | 2/13 [00:00<00:02,  4.77it/s]
 23%|██▎       | 3/13 [00:00<00:01,  5.87it/s]
 31%|███       | 4/13 [00:00<00:01,  6.74it/s]
 38%|███▊      | 5/13 [00:00<00:01,  7.26it/s]
 46%|████▌     | 6/13 [00:00<00:00,  7.74it/s]
 54%|█████▍    | 7/13 [00:01<00:00,  8.05it/s]
 62%|██████▏   | 8/13 [00:01<00:00,  8.32it/s]
 69%|██████▉   | 9/13 [00:01<00:00,  8.47it/s]
 77%|███████▋  | 10/13 [00:01<00:00,  8.69it/s]
 85%|████████▍ | 11/13 [00:01<00:00,  8.80it/s]
 92%|█████████▏| 12/13 [00:01<00:00,  8.94it/s]
100%|██████████| 13/13 [00:01<00:00,  9.02it/s]
100%|██████████| 13/13 [00:01<00:00,  7.66it/s]

  0%|          | 0/13 [00:00<?, ?it/s]
  8%|▊         | 1/13 [00:00<00:03,  3.48it/s]
 15%|█▌        | 2/13 [00:00<00:01,  5.56it/s]
 23%|██▎       | 3/13 [00:00<00:01,  6.83it/s]
 31%|███       | 4/13 [00:00<00:01,  7.50it/s]
 38%|███▊      | 5/13 [00:00<00:01,  8.00it/s]
 46%|████▌     | 6/13 [00:00<00:00,  8.26it/s]
 54%|█████▍    | 7/13 [00:00<00:00,  8.46it/s]
 62%|██████▏   | 8/13 [00:01<00:00,  8.54it/s]
 69%|██████▉   | 9/13 [00:01<00:00,  8.64it/s]
 77%|███████▋  | 10/13 [00:01<00:00,  8.77it/s]
 85%|████████▍ | 11/13 [00:01<00:00,  8.82it/s]
 92%|█████████▏| 12/13 [00:01<00:00,  8.82it/s]
100%|██████████| 13/13 [00:01<00:00,  8.85it/s]
100%|██████████| 13/13 [00:01<00:00,  8.01it/s]

  0%|          | 0/13 [00:00<?, ?it/s]
  8%|▊         | 1/13 [00:00<00:03,  3.36it/s]
 15%|█▌        | 2/13 [00:00<00:02,  5.40it/s]
 23%|██▎       | 3/13 [00:00<00:01,  6.63it/s]
 31%|███       | 4/13 [00:00<00:01,  7.32it/s]
 38%|███▊      | 5/13 [00:00<00:01,  7.88it/s]
 46%|████▌     | 6/13 [00:00<00:00,  8.26it/s]
 54%|█████▍    | 7/13 [00:00<00:00,  8.57it/s]
 62%|██████▏   | 8/13 [00:01<00:00,  8.76it/s]
 69%|██████▉   | 9/13 [00:01<00:00,  7.42it/s]
 77%|███████▋  | 10/13 [00:01<00:00,  8.01it/s]
 92%|█████████▏| 12/13 [00:01<00:00,  8.59it/s]
100%|██████████| 13/13 [00:01<00:00,  8.54it/s]
100%|██████████| 13/13 [00:01<00:00,  7.74it/s]

  0%|          | 0/13 [00:00<?, ?it/s]
  8%|▊         | 1/13 [00:00<00:03,  3.30it/s]
 15%|█▌        | 2/13 [00:00<00:02,  5.04it/s]
 23%|██▎       | 3/13 [00:00<00:01,  6.11it/s]
 31%|███       | 4/13 [00:00<00:01,  6.82it/s]
 38%|███▊      | 5/13 [00:00<00:01,  7.31it/s]
 46%|████▌     | 6/13 [00:00<00:00,  7.67it/s]
 54%|█████▍    | 7/13 [00:01<00:00,  8.03it/s]
 62%|██████▏   | 8/13 [00:01<00:00,  8.27it/s]
 69%|██████▉   | 9/13 [00:01<00:00,  8.53it/s]
 77%|███████▋  | 10/13 [00:01<00:00,  8.63it/s]
 85%|████████▍ | 11/13 [00:01<00:00,  8.83it/s]
 92%|█████████▏| 12/13 [00:01<00:00,  9.03it/s]
100%|██████████| 13/13 [00:01<00:00,  9.23it/s]
100%|██████████| 13/13 [00:01<00:00,  7.77it/s]

  0%|          | 0/13 [00:00<?, ?it/s]
  8%|▊         | 1/13 [00:00<00:04,  2.74it/s]
 15%|█▌        | 2/13 [00:00<00:02,  4.71it/s]
 23%|██▎       | 3/13 [00:00<00:01,  6.05it/s]
 31%|███       | 4/13 [00:00<00:01,  6.77it/s]
 38%|███▊      | 5/13 [00:00<00:01,  7.42it/s]
 46%|████▌     | 6/13 [00:00<00:00,  7.90it/s]
 54%|█████▍    | 7/13 [00:01<00:00,  8.24it/s]
 62%|██████▏   | 8/13 [00:01<00:00,  8.46it/s]
 69%|██████▉   | 9/13 [00:01<00:00,  8.47it/s]
 77%|███████▋  | 10/13 [00:01<00:00,  8.21it/s]
 85%|████████▍ | 11/13 [00:01<00:00,  8.29it/s]
 92%|█████████▏| 12/13 [00:01<00:00,  8.37it/s]
100%|██████████| 13/13 [00:01<00:00,  8.56it/s]
100%|██████████| 13/13 [00:01<00:00,  7.47it/s]

  0%|          | 0/13 [00:00<?, ?it/s]
  8%|▊         | 1/13 [00:00<00:03,  3.45it/s]
 15%|█▌        | 2/13 [00:00<00:02,  5.44it/s]
 23%|██▎       | 3/13 [00:00<00:01,  6.37it/s]
 31%|███       | 4/13 [00:00<00:01,  7.06it/s]
 38%|███▊      | 5/13 [00:00<00:01,  7.56it/s]
 46%|████▌     | 6/13 [00:00<00:00,  7.92it/s]
 54%|█████▍    | 7/13 [00:00<00:00,  8.16it/s]
 62%|██████▏   | 8/13 [00:01<00:00,  8.48it/s]
 69%|██████▉   | 9/13 [00:01<00:00,  8.63it/s]
 77%|███████▋  | 10/13 [00:01<00:00,  8.50it/s]
 85%|████████▍ | 11/13 [00:01<00:00,  8.59it/s]
 92%|█████████▏| 12/13 [00:01<00:00,  8.68it/s]
100%|██████████| 13/13 [00:01<00:00,  8.86it/s]
100%|██████████| 13/13 [00:01<00:00,  7.82it/s]

  0%|          | 0/13 [00:00<?, ?it/s]
  8%|▊         | 1/13 [00:00<00:03,  3.01it/s]
 23%|██▎       | 3/13 [00:00<00:01,  5.87it/s]
 31%|███       | 4/13 [00:00<00:01,  6.73it/s]
 38%|███▊      | 5/13 [00:00<00:01,  7.43it/s]
 46%|████▌     | 6/13 [00:00<00:00,  7.87it/s]
 54%|█████▍    | 7/13 [00:00<00:00,  8.15it/s]
 62%|██████▏   | 8/13 [00:01<00:00,  8.27it/s]
 69%|██████▉   | 9/13 [00:01<00:00,  8.27it/s]
 77%|███████▋  | 10/13 [00:01<00:00,  8.46it/s]
 85%|████████▍ | 11/13 [00:01<00:00,  8.60it/s]
 92%|█████████▏| 12/13 [00:01<00:00,  8.59it/s]
100%|██████████| 13/13 [00:01<00:00,  8.40it/s]
100%|██████████| 13/13 [00:01<00:00,  7.64it/s]

  0%|          | 0/13 [00:00<?, ?it/s]
  8%|▊         | 1/13 [00:00<00:03,  3.48it/s]
 15%|█▌        | 2/13 [00:00<00:02,  5.41it/s]
 23%|██▎       | 3/13 [00:00<00:01,  6.65it/s]
 31%|███       | 4/13 [00:00<00:01,  7.44it/s]
 38%|███▊      | 5/13 [00:00<00:01,  7.88it/s]
 46%|████▌     | 6/13 [00:00<00:00,  8.24it/s]
 54%|█████▍    | 7/13 [00:00<00:00,  8.42it/s]
 62%|██████▏   | 8/13 [00:01<00:00,  8.57it/s]
 69%|██████▉   | 9/13 [00:01<00:00,  8.65it/s]
 77%|███████▋  | 10/13 [00:01<00:00,  8.54it/s]
 85%|████████▍ | 11/13 [00:01<00:00,  8.69it/s]
 92%|█████████▏| 12/13 [00:01<00:00,  8.80it/s]
100%|██████████| 13/13 [00:01<00:00,  8.86it/s]
100%|██████████| 13/13 [00:01<00:00,  7.95it/s]

  0%|          | 0/13 [00:00<?, ?it/s]
  8%|▊         | 1/13 [00:00<00:03,  3.35it/s]
 15%|█▌        | 2/13 [00:00<00:02,  5.21it/s]
 23%|██▎       | 3/13 [00:00<00:01,  6.37it/s]
 31%|███       | 4/13 [00:00<00:01,  7.19it/s]
 38%|███▊      | 5/13 [00:00<00:01,  7.75it/s]
 46%|████▌     | 6/13 [00:00<00:00,  8.20it/s]
 54%|█████▍    | 7/13 [00:00<00:00,  8.13it/s]
 62%|██████▏   | 8/13 [00:01<00:00,  8.22it/s]
 69%|██████▉   | 9/13 [00:01<00:00,  8.33it/s]
 77%|███████▋  | 10/13 [00:01<00:00,  8.45it/s]
 85%|████████▍ | 11/13 [00:01<00:00,  8.29it/s]
 92%|█████████▏| 12/13 [00:01<00:00,  8.54it/s]
100%|██████████| 13/13 [00:01<00:00,  8.69it/s]
100%|██████████| 13/13 [00:01<00:00,  7.73it/s]

  0%|          | 0/13 [00:00<?, ?it/s]
  8%|▊         | 1/13 [00:00<00:03,  3.15it/s]
 15%|█▌        | 2/13 [00:00<00:02,  5.18it/s]
 23%|██▎       | 3/13 [00:00<00:01,  6.32it/s]
 31%|███       | 4/13 [00:00<00:01,  6.96it/s]
 38%|███▊      | 5/13 [00:00<00:01,  7.45it/s]
 46%|████▌     | 6/13 [00:00<00:00,  7.89it/s]
 54%|█████▍    | 7/13 [00:01<00:00,  8.14it/s]
 62%|██████▏   | 8/13 [00:01<00:00,  8.36it/s]
 69%|██████▉   | 9/13 [00:01<00:00,  8.58it/s]
 77%|███████▋  | 10/13 [00:01<00:00,  8.60it/s]
 85%|████████▍ | 11/13 [00:01<00:00,  8.47it/s]
 92%|█████████▏| 12/13 [00:01<00:00,  8.55it/s]
100%|██████████| 13/13 [00:01<00:00,  8.63it/s]
100%|██████████| 13/13 [00:01<00:00,  7.67it/s]

  0%|          | 0/13 [00:00<?, ?it/s]
  8%|▊         | 1/13 [00:00<00:03,  3.53it/s]
 15%|█▌        | 2/13 [00:00<00:02,  5.46it/s]
 23%|██▎       | 3/13 [00:00<00:01,  5.97it/s]
 31%|███       | 4/13 [00:00<00:01,  7.09it/s]
 38%|███▊      | 5/13 [00:00<00:01,  6.98it/s]
 54%|█████▍    | 7/13 [00:00<00:00,  8.29it/s]
 62%|██████▏   | 8/13 [00:01<00:00,  8.57it/s]
 69%|██████▉   | 9/13 [00:01<00:00,  8.83it/s]
 77%|███████▋  | 10/13 [00:01<00:00,  8.84it/s]
 85%|████████▍ | 11/13 [00:01<00:00,  8.91it/s]
 92%|█████████▏| 12/13 [00:01<00:00,  9.00it/s]
100%|██████████| 13/13 [00:01<00:00,  9.04it/s]
100%|██████████| 13/13 [00:01<00:00,  7.92it/s]

  0%|          | 0/13 [00:00<?, ?it/s]
  8%|▊         | 1/13 [00:00<00:03,  3.21it/s]
 15%|█▌        | 2/13 [00:00<00:02,  5.23it/s]
 23%|██▎       | 3/13 [00:00<00:01,  6.49it/s]
 31%|███       | 4/13 [00:00<00:01,  7.03it/s]
 38%|███▊      | 5/13 [00:00<00:01,  7.50it/s]
 46%|████▌     | 6/13 [00:00<00:00,  7.80it/s]
 54%|█████▍    | 7/13 [00:01<00:00,  8.08it/s]
 62%|██████▏   | 8/13 [00:01<00:00,  8.22it/s]
 69%|██████▉   | 9/13 [00:01<00:00,  8.41it/s]
 77%|███████▋  | 10/13 [00:01<00:00,  8.65it/s]
 85%|████████▍ | 11/13 [00:01<00:00,  8.85it/s]
 92%|█████████▏| 12/13 [00:01<00:00,  8.96it/s]
100%|██████████| 13/13 [00:01<00:00,  9.06it/s]
100%|██████████| 13/13 [00:01<00:00,  7.81it/s]

  0%|          | 0/13 [00:00<?, ?it/s]
  8%|▊         | 1/13 [00:00<00:03,  3.49it/s]
 15%|█▌        | 2/13 [00:00<00:01,  5.53it/s]
 23%|██▎       | 3/13 [00:00<00:01,  6.74it/s]
 31%|███       | 4/13 [00:00<00:01,  7.64it/s]
 38%|███▊      | 5/13 [00:00<00:01,  7.83it/s]
 46%|████▌     | 6/13 [00:00<00:00,  8.16it/s]
 54%|█████▍    | 7/13 [00:00<00:00,  8.33it/s]
 62%|██████▏   | 8/13 [00:01<00:00,  8.47it/s]
 69%|██████▉   | 9/13 [00:01<00:00,  8.64it/s]
 77%|███████▋  | 10/13 [00:01<00:00,  8.82it/s]
 85%|████████▍ | 11/13 [00:01<00:00,  8.85it/s]
 92%|█████████▏| 12/13 [00:01<00:00,  8.99it/s]
100%|██████████| 13/13 [00:01<00:00,  8.99it/s]
100%|██████████| 13/13 [00:01<00:00,  8.02it/s]

  0%|          | 0/13 [00:00<?, ?it/s]
  8%|▊         | 1/13 [00:00<00:03,  3.02it/s]
 15%|█▌        | 2/13 [00:00<00:02,  5.02it/s]
 23%|██▎       | 3/13 [00:00<00:01,  6.18it/s]
 31%|███       | 4/13 [00:00<00:01,  7.18it/s]
 38%|███▊      | 5/13 [00:00<00:01,  7.76it/s]
 46%|████▌     | 6/13 [00:00<00:00,  8.18it/s]
 54%|█████▍    | 7/13 [00:00<00:00,  8.24it/s]
 62%|██████▏   | 8/13 [00:01<00:00,  8.52it/s]
 69%|██████▉   | 9/13 [00:01<00:00,  8.69it/s]
 77%|███████▋  | 10/13 [00:01<00:00,  8.62it/s]
 85%|████████▍ | 11/13 [00:01<00:00,  8.68it/s]
 92%|█████████▏| 12/13 [00:01<00:00,  8.75it/s]
100%|██████████| 13/13 [00:01<00:00,  8.88it/s]
100%|██████████| 13/13 [00:01<00:00,  7.78it/s]

  0%|          | 0/13 [00:00<?, ?it/s]
  8%|▊         | 1/13 [00:00<00:03,  3.40it/s]
 15%|█▌        | 2/13 [00:00<00:02,  5.41it/s]
 23%|██▎       | 3/13 [00:00<00:01,  6.52it/s]
 31%|███       | 4/13 [00:00<00:01,  7.25it/s]
 38%|███▊      | 5/13 [00:00<00:01,  7.81it/s]
 46%|████▌     | 6/13 [00:00<00:00,  8.21it/s]
 54%|█████▍    | 7/13 [00:00<00:00,  8.31it/s]
 62%|██████▏   | 8/13 [00:01<00:00,  8.45it/s]
 69%|██████▉   | 9/13 [00:01<00:00,  8.55it/s]
 77%|███████▋  | 10/13 [00:01<00:00,  8.60it/s]
 85%|████████▍ | 11/13 [00:01<00:00,  8.76it/s]
 92%|█████████▏| 12/13 [00:01<00:00,  8.82it/s]
100%|██████████| 13/13 [00:01<00:00,  8.90it/s]
100%|██████████| 13/13 [00:01<00:00,  7.91it/s]

  0%|          | 0/13 [00:00<?, ?it/s]
  8%|▊         | 1/13 [00:00<00:03,  3.26it/s]
 15%|█▌        | 2/13 [00:00<00:02,  5.33it/s]
 23%|██▎       | 3/13 [00:00<00:01,  6.71it/s]
 31%|███       | 4/13 [00:00<00:01,  7.63it/s]
 38%|███▊      | 5/13 [00:00<00:00,  8.15it/s]
 46%|████▌     | 6/13 [00:00<00:00,  8.54it/s]
 54%|█████▍    | 7/13 [00:00<00:00,  8.50it/s]
 62%|██████▏   | 8/13 [00:01<00:00,  7.61it/s]
 69%|██████▉   | 9/13 [00:01<00:00,  6.87it/s]
 77%|███████▋  | 10/13 [00:01<00:00,  7.44it/s]
 85%|████████▍ | 11/13 [00:01<00:00,  7.18it/s]
 92%|█████████▏| 12/13 [00:01<00:00,  7.66it/s]
100%|██████████| 13/13 [00:01<00:00,  8.15it/s]
100%|██████████| 13/13 [00:01<00:00,  7.37it/s]

  0%|          | 0/13 [00:00<?, ?it/s]
  8%|▊         | 1/13 [00:00<00:03,  3.17it/s]
 15%|█▌        | 2/13 [00:00<00:02,  5.06it/s]
 23%|██▎       | 3/13 [00:00<00:01,  6.32it/s]
 31%|███       | 4/13 [00:00<00:01,  7.30it/s]
 38%|███▊      | 5/13 [00:00<00:01,  7.69it/s]
 46%|████▌     | 6/13 [00:00<00:00,  8.10it/s]
 54%|█████▍    | 7/13 [00:00<00:00,  8.22it/s]
 62%|██████▏   | 8/13 [00:01<00:00,  8.32it/s]
 69%|██████▉   | 9/13 [00:01<00:00,  8.48it/s]
 77%|███████▋  | 10/13 [00:01<00:00,  8.62it/s]
 85%|████████▍ | 11/13 [00:01<00:00,  8.82it/s]
 92%|█████████▏| 12/13 [00:01<00:00,  8.93it/s]
100%|██████████| 13/13 [00:01<00:00,  9.13it/s]
100%|██████████| 13/13 [00:01<00:00,  7.86it/s]

  0%|          | 0/13 [00:00<?, ?it/s]
  8%|▊         | 1/13 [00:00<00:03,  3.21it/s]
 15%|█▌        | 2/13 [00:00<00:02,  5.10it/s]
 23%|██▎       | 3/13 [00:00<00:01,  6.26it/s]
 31%|███       | 4/13 [00:00<00:01,  7.09it/s]
 38%|███▊      | 5/13 [00:00<00:01,  7.67it/s]
 46%|████▌     | 6/13 [00:00<00:00,  7.95it/s]
 54%|█████▍    | 7/13 [00:01<00:00,  8.13it/s]
 62%|██████▏   | 8/13 [00:01<00:00,  8.24it/s]
 69%|██████▉   | 9/13 [00:01<00:00,  8.44it/s]
 77%|███████▋  | 10/13 [00:01<00:00,  8.52it/s]
 85%|████████▍ | 11/13 [00:01<00:00,  8.64it/s]
 92%|█████████▏| 12/13 [00:01<00:00,  8.76it/s]
100%|██████████| 13/13 [00:01<00:00,  8.70it/s]
100%|██████████| 13/13 [00:01<00:00,  7.71it/s]

  0%|          | 0/13 [00:00<?, ?it/s]
  8%|▊         | 1/13 [00:00<00:03,  3.16it/s]
 15%|█▌        | 2/13 [00:00<00:02,  5.05it/s]
 23%|██▎       | 3/13 [00:00<00:01,  6.32it/s]
 31%|███       | 4/13 [00:00<00:01,  7.06it/s]
 38%|███▊      | 5/13 [00:00<00:01,  7.65it/s]
 46%|████▌     | 6/13 [00:00<00:00,  8.03it/s]
 54%|█████▍    | 7/13 [00:00<00:00,  8.36it/s]
 62%|██████▏   | 8/13 [00:01<00:00,  8.59it/s]
 69%|██████▉   | 9/13 [00:01<00:00,  8.47it/s]
 77%|███████▋  | 10/13 [00:01<00:00,  8.69it/s]
 85%|████████▍ | 11/13 [00:01<00:00,  8.94it/s]
 92%|█████████▏| 12/13 [00:01<00:00,  9.07it/s]
100%|██████████| 13/13 [00:01<00:00,  9.15it/s]
100%|██████████| 13/13 [00:01<00:00,  7.88it/s]

  0%|          | 0/13 [00:00<?, ?it/s]
  8%|▊         | 1/13 [00:00<00:03,  3.55it/s]
 15%|█▌        | 2/13 [00:00<00:01,  5.56it/s]
 23%|██▎       | 3/13 [00:00<00:01,  6.62it/s]
 31%|███       | 4/13 [00:00<00:01,  7.23it/s]
 38%|███▊      | 5/13 [00:00<00:01,  7.71it/s]
 46%|████▌     | 6/13 [00:00<00:00,  8.02it/s]
 54%|█████▍    | 7/13 [00:00<00:00,  8.27it/s]
 62%|██████▏   | 8/13 [00:01<00:00,  8.49it/s]
 69%|██████▉   | 9/13 [00:01<00:00,  8.65it/s]
 77%|███████▋  | 10/13 [00:01<00:00,  8.66it/s]
 85%|████████▍ | 11/13 [00:01<00:00,  8.75it/s]
 92%|█████████▏| 12/13 [00:01<00:00,  8.80it/s]
100%|██████████| 13/13 [00:01<00:00,  8.75it/s]
100%|██████████| 13/13 [00:01<00:00,  7.90it/s]

  0%|          | 0/13 [00:00<?, ?it/s]
  8%|▊         | 1/13 [00:00<00:03,  3.26it/s]
 15%|█▌        | 2/13 [00:00<00:02,  5.22it/s]
 23%|██▎       | 3/13 [00:00<00:01,  6.40it/s]
 31%|███       | 4/13 [00:00<00:01,  7.30it/s]
 38%|███▊      | 5/13 [00:00<00:01,  7.75it/s]
 46%|████▌     | 6/13 [00:00<00:00,  8.06it/s]
 54%|█████▍    | 7/13 [00:00<00:00,  8.27it/s]
 62%|██████▏   | 8/13 [00:01<00:00,  8.55it/s]
 69%|██████▉   | 9/13 [00:01<00:00,  8.66it/s]
 77%|███████▋  | 10/13 [00:01<00:00,  8.65it/s]
 85%|████████▍ | 11/13 [00:01<00:00,  8.71it/s]
 92%|█████████▏| 12/13 [00:01<00:00,  8.64it/s]
100%|██████████| 13/13 [00:01<00:00,  8.60it/s]
100%|██████████| 13/13 [00:01<00:00,  7.79it/s]

  0%|          | 0/13 [00:00<?, ?it/s]
  8%|▊         | 1/13 [00:00<00:04,  2.96it/s]
 15%|█▌        | 2/13 [00:00<00:02,  5.01it/s]
 31%|███       | 4/13 [00:00<00:01,  7.05it/s]
 38%|███▊      | 5/13 [00:00<00:01,  7.69it/s]
 46%|████▌     | 6/13 [00:00<00:00,  8.06it/s]
 54%|█████▍    | 7/13 [00:00<00:00,  8.28it/s]
 62%|██████▏   | 8/13 [00:01<00:00,  8.28it/s]
 69%|██████▉   | 9/13 [00:01<00:00,  8.39it/s]
 77%|███████▋  | 10/13 [00:01<00:00,  8.53it/s]
 85%|████████▍ | 11/13 [00:01<00:00,  8.62it/s]
 92%|█████████▏| 12/13 [00:01<00:00,  8.67it/s]
100%|██████████| 13/13 [00:01<00:00,  8.71it/s]
100%|██████████| 13/13 [00:01<00:00,  7.77it/s]

  0%|          | 0/13 [00:00<?, ?it/s]
  8%|▊         | 1/13 [00:00<00:03,  3.11it/s]
 15%|█▌        | 2/13 [00:00<00:02,  4.97it/s]
 23%|██▎       | 3/13 [00:00<00:01,  6.22it/s]
 31%|███       | 4/13 [00:00<00:01,  7.06it/s]
 38%|███▊      | 5/13 [00:00<00:01,  7.72it/s]
 46%|████▌     | 6/13 [00:00<00:00,  7.90it/s]
 54%|█████▍    | 7/13 [00:01<00:00,  8.05it/s]
 62%|██████▏   | 8/13 [00:01<00:00,  8.29it/s]
 69%|██████▉   | 9/13 [00:01<00:00,  8.37it/s]
 77%|███████▋  | 10/13 [00:01<00:00,  8.46it/s]
 85%|████████▍ | 11/13 [00:01<00:00,  8.56it/s]
 92%|█████████▏| 12/13 [00:01<00:00,  8.61it/s]
100%|██████████| 13/13 [00:01<00:00,  8.72it/s]
100%|██████████| 13/13 [00:01<00:00,  7.66it/s]

  0%|          | 0/13 [00:00<?, ?it/s]
  8%|▊         | 1/13 [00:00<00:03,  3.46it/s]
 23%|██▎       | 3/13 [00:00<00:01,  6.69it/s]
 38%|███▊      | 5/13 [00:00<00:01,  7.95it/s]
 46%|████▌     | 6/13 [00:00<00:00,  8.25it/s]
 54%|█████▍    | 7/13 [00:00<00:00,  8.57it/s]
 62%|██████▏   | 8/13 [00:01<00:00,  8.81it/s]
 69%|██████▉   | 9/13 [00:01<00:00,  8.94it/s]
 77%|███████▋  | 10/13 [00:01<00:00,  8.91it/s]
 85%|████████▍ | 11/13 [00:01<00:00,  8.87it/s]
 92%|█████████▏| 12/13 [00:01<00:00,  8.76it/s]
100%|██████████| 13/13 [00:01<00:00,  8.73it/s]
100%|██████████| 13/13 [00:01<00:00,  8.21it/s]

  0%|          | 0/13 [00:00<?, ?it/s]
  8%|▊         | 1/13 [00:00<00:03,  3.26it/s]
 15%|█▌        | 2/13 [00:00<00:02,  5.05it/s]
 23%|██▎       | 3/13 [00:00<00:01,  6.21it/s]
 31%|███       | 4/13 [00:00<00:01,  7.05it/s]
 38%|███▊      | 5/13 [00:00<00:01,  7.59it/s]
 46%|████▌     | 6/13 [00:00<00:00,  7.96it/s]
 54%|█████▍    | 7/13 [00:01<00:00,  7.82it/s]
 62%|██████▏   | 8/13 [00:01<00:00,  7.74it/s]
 69%|██████▉   | 9/13 [00:01<00:00,  7.84it/s]
 77%|███████▋  | 10/13 [00:01<00:00,  7.91it/s]
 85%|████████▍ | 11/13 [00:01<00:00,  8.14it/s]
 92%|█████████▏| 12/13 [00:01<00:00,  8.27it/s]
100%|██████████| 13/13 [00:01<00:00,  8.22it/s]
100%|██████████| 13/13 [00:01<00:00,  7.42it/s]

  0%|          | 0/13 [00:00<?, ?it/s]
  8%|▊         | 1/13 [00:00<00:03,  3.08it/s]
 15%|█▌        | 2/13 [00:00<00:02,  4.84it/s]
 23%|██▎       | 3/13 [00:00<00:01,  5.89it/s]
 31%|███       | 4/13 [00:00<00:01,  6.74it/s]
 38%|███▊      | 5/13 [00:00<00:01,  7.28it/s]
 46%|████▌     | 6/13 [00:00<00:00,  7.61it/s]
 54%|█████▍    | 7/13 [00:01<00:00,  7.63it/s]
 69%|██████▉   | 9/13 [00:01<00:00,  8.56it/s]
 77%|███████▋  | 10/13 [00:01<00:00,  8.60it/s]
 85%|████████▍ | 11/13 [00:01<00:00,  8.69it/s]
 92%|█████████▏| 12/13 [00:01<00:00,  8.87it/s]
100%|██████████| 13/13 [00:01<00:00,  9.05it/s]
100%|██████████| 13/13 [00:01<00:00,  7.65it/s]

  0%|          | 0/13 [00:00<?, ?it/s]
  8%|▊         | 1/13 [00:00<00:03,  3.28it/s]
 15%|█▌        | 2/13 [00:00<00:02,  5.21it/s]
 23%|██▎       | 3/13 [00:00<00:01,  6.44it/s]
 31%|███       | 4/13 [00:00<00:01,  7.12it/s]
 38%|███▊      | 5/13 [00:00<00:01,  7.72it/s]
 46%|████▌     | 6/13 [00:00<00:00,  7.98it/s]
 54%|█████▍    | 7/13 [00:00<00:00,  8.21it/s]
 62%|██████▏   | 8/13 [00:01<00:00,  8.36it/s]
 69%|██████▉   | 9/13 [00:01<00:00,  8.49it/s]
 77%|███████▋  | 10/13 [00:01<00:00,  8.16it/s]
 85%|████████▍ | 11/13 [00:01<00:00,  8.38it/s]
 92%|█████████▏| 12/13 [00:01<00:00,  8.46it/s]
100%|██████████| 13/13 [00:01<00:00,  8.55it/s]
100%|██████████| 13/13 [00:01<00:00,  7.68it/s]

  0%|          | 0/13 [00:00<?, ?it/s]
  8%|▊         | 1/13 [00:00<00:03,  3.49it/s]
 15%|█▌        | 2/13 [00:00<00:01,  5.51it/s]
 23%|██▎       | 3/13 [00:00<00:01,  6.71it/s]
 31%|███       | 4/13 [00:00<00:01,  7.45it/s]
 38%|███▊      | 5/13 [00:00<00:01,  7.86it/s]
 46%|████▌     | 6/13 [00:00<00:00,  8.28it/s]
 54%|█████▍    | 7/13 [00:00<00:00,  8.31it/s]
 62%|██████▏   | 8/13 [00:01<00:00,  8.31it/s]
 69%|██████▉   | 9/13 [00:01<00:00,  8.48it/s]
 77%|███████▋  | 10/13 [00:01<00:00,  8.66it/s]
 85%|████████▍ | 11/13 [00:01<00:00,  8.73it/s]
 92%|█████████▏| 12/13 [00:01<00:00,  8.89it/s]
100%|██████████| 13/13 [00:01<00:00,  9.03it/s]
100%|██████████| 13/13 [00:01<00:00,  7.98it/s]
[200/750] Impressionism__Impressionism__john-singer-sargent_lake-in-the-tyrol__to__Impressionism.png  dt=1.86s  elapsed=6.4m  eta=17.5m

  0%|          | 0/13 [00:00<?, ?it/s]
  8%|▊         | 1/13 [00:00<00:03,  3.33it/s]
 15%|█▌        | 2/13 [00:00<00:02,  5.30it/s]
 23%|██▎       | 3/13 [00:00<00:01,  6.52it/s]
 31%|███       | 4/13 [00:00<00:01,  7.41it/s]
 38%|███▊      | 5/13 [00:00<00:01,  7.91it/s]
 46%|████▌     | 6/13 [00:00<00:00,  8.27it/s]
 54%|█████▍    | 7/13 [00:00<00:00,  8.45it/s]
 62%|██████▏   | 8/13 [00:01<00:00,  8.44it/s]
 69%|██████▉   | 9/13 [00:01<00:00,  8.49it/s]
 77%|███████▋  | 10/13 [00:01<00:00,  8.42it/s]
 85%|████████▍ | 11/13 [00:01<00:00,  8.58it/s]
 92%|█████████▏| 12/13 [00:01<00:00,  8.57it/s]
100%|██████████| 13/13 [00:01<00:00,  8.70it/s]
100%|██████████| 13/13 [00:01<00:00,  7.84it/s]

  0%|          | 0/13 [00:00<?, ?it/s]
  8%|▊         | 1/13 [00:00<00:03,  3.47it/s]
 15%|█▌        | 2/13 [00:00<00:02,  5.37it/s]
 23%|██▎       | 3/13 [00:00<00:01,  6.34it/s]
 31%|███       | 4/13 [00:00<00:01,  6.90it/s]
 38%|███▊      | 5/13 [00:00<00:01,  7.30it/s]
 46%|████▌     | 6/13 [00:00<00:00,  7.73it/s]
 54%|█████▍    | 7/13 [00:01<00:00,  8.02it/s]
 62%|██████▏   | 8/13 [00:01<00:00,  8.26it/s]
 69%|██████▉   | 9/13 [00:01<00:00,  8.45it/s]
 77%|███████▋  | 10/13 [00:01<00:00,  8.43it/s]
 85%|████████▍ | 11/13 [00:01<00:00,  8.51it/s]
 92%|█████████▏| 12/13 [00:01<00:00,  8.68it/s]
100%|██████████| 13/13 [00:01<00:00,  8.83it/s]
100%|██████████| 13/13 [00:01<00:00,  7.72it/s]

  0%|          | 0/13 [00:00<?, ?it/s]
  8%|▊         | 1/13 [00:00<00:03,  3.29it/s]
 15%|█▌        | 2/13 [00:00<00:02,  5.29it/s]
 23%|██▎       | 3/13 [00:00<00:01,  6.55it/s]
 31%|███       | 4/13 [00:00<00:01,  7.35it/s]
 38%|███▊      | 5/13 [00:00<00:01,  7.91it/s]
 46%|████▌     | 6/13 [00:00<00:00,  8.23it/s]
 54%|█████▍    | 7/13 [00:00<00:00,  8.34it/s]
 62%|██████▏   | 8/13 [00:01<00:00,  8.57it/s]
 69%|██████▉   | 9/13 [00:01<00:00,  8.74it/s]
 77%|███████▋  | 10/13 [00:01<00:00,  8.88it/s]
 85%|████████▍ | 11/13 [00:01<00:00,  8.78it/s]
 92%|█████████▏| 12/13 [00:01<00:00,  8.87it/s]
100%|██████████| 13/13 [00:01<00:00,  8.82it/s]
100%|██████████| 13/13 [00:01<00:00,  7.93it/s]

  0%|          | 0/13 [00:00<?, ?it/s]
  8%|▊         | 1/13 [00:00<00:03,  3.18it/s]
 15%|█▌        | 2/13 [00:00<00:02,  5.00it/s]
 23%|██▎       | 3/13 [00:00<00:01,  6.20it/s]
 31%|███       | 4/13 [00:00<00:01,  6.95it/s]
 38%|███▊      | 5/13 [00:00<00:01,  7.60it/s]
 46%|████▌     | 6/13 [00:00<00:00,  7.87it/s]
 54%|█████▍    | 7/13 [00:01<00:00,  7.94it/s]
 62%|██████▏   | 8/13 [00:01<00:00,  8.11it/s]
 69%|██████▉   | 9/13 [00:01<00:00,  8.34it/s]
 77%|███████▋  | 10/13 [00:01<00:00,  8.52it/s]
 85%|████████▍ | 11/13 [00:01<00:00,  8.58it/s]
 92%|█████████▏| 12/13 [00:01<00:00,  8.73it/s]
100%|██████████| 13/13 [00:01<00:00,  8.86it/s]
100%|██████████| 13/13 [00:01<00:00,  7.67it/s]

  0%|          | 0/13 [00:00<?, ?it/s]
  8%|▊         | 1/13 [00:00<00:03,  3.28it/s]
 15%|█▌        | 2/13 [00:00<00:02,  4.97it/s]
 23%|██▎       | 3/13 [00:00<00:01,  6.03it/s]
 31%|███       | 4/13 [00:00<00:01,  6.83it/s]
 38%|███▊      | 5/13 [00:00<00:01,  7.20it/s]
 46%|████▌     | 6/13 [00:00<00:00,  7.64it/s]
 54%|█████▍    | 7/13 [00:01<00:00,  7.99it/s]
 62%|██████▏   | 8/13 [00:01<00:00,  8.28it/s]
 69%|██████▉   | 9/13 [00:01<00:00,  8.53it/s]
 77%|███████▋  | 10/13 [00:01<00:00,  8.63it/s]
 85%|████████▍ | 11/13 [00:01<00:00,  8.69it/s]
 92%|█████████▏| 12/13 [00:01<00:00,  8.67it/s]
100%|██████████| 13/13 [00:01<00:00,  8.77it/s]
100%|██████████| 13/13 [00:01<00:00,  7.64it/s]

  0%|          | 0/13 [00:00<?, ?it/s]
  8%|▊         | 1/13 [00:00<00:03,  3.52it/s]
 15%|█▌        | 2/13 [00:00<00:01,  5.50it/s]
 23%|██▎       | 3/13 [00:00<00:01,  6.71it/s]
 31%|███       | 4/13 [00:00<00:01,  7.37it/s]
 38%|███▊      | 5/13 [00:00<00:01,  7.59it/s]
 46%|████▌     | 6/13 [00:00<00:00,  7.76it/s]
 54%|█████▍    | 7/13 [00:00<00:00,  7.74it/s]
 62%|██████▏   | 8/13 [00:01<00:00,  7.72it/s]
 69%|██████▉   | 9/13 [00:01<00:00,  7.80it/s]
 77%|███████▋  | 10/13 [00:01<00:00,  8.10it/s]
 85%|████████▍ | 11/13 [00:01<00:00,  8.30it/s]
 92%|█████████▏| 12/13 [00:01<00:00,  8.43it/s]
100%|██████████| 13/13 [00:01<00:00,  8.47it/s]
100%|██████████| 13/13 [00:01<00:00,  7.60it/s]

  0%|          | 0/13 [00:00<?, ?it/s]
  8%|▊         | 1/13 [00:00<00:04,  2.96it/s]
 15%|█▌        | 2/13 [00:00<00:02,  4.84it/s]
 23%|██▎       | 3/13 [00:00<00:01,  6.08it/s]
 31%|███       | 4/13 [00:00<00:01,  6.95it/s]
 38%|███▊      | 5/13 [00:00<00:01,  7.42it/s]
 46%|████▌     | 6/13 [00:00<00:00,  7.78it/s]
 54%|█████▍    | 7/13 [00:01<00:00,  8.08it/s]
 62%|██████▏   | 8/13 [00:01<00:00,  8.17it/s]
 69%|██████▉   | 9/13 [00:01<00:00,  8.20it/s]
 77%|███████▋  | 10/13 [00:01<00:00,  8.45it/s]
 85%|████████▍ | 11/13 [00:01<00:00,  8.48it/s]
 92%|█████████▏| 12/13 [00:01<00:00,  8.56it/s]
100%|██████████| 13/13 [00:01<00:00,  8.53it/s]
100%|██████████| 13/13 [00:01<00:00,  7.51it/s]

  0%|          | 0/13 [00:00<?, ?it/s]
  8%|▊         | 1/13 [00:00<00:03,  3.34it/s]
 15%|█▌        | 2/13 [00:00<00:02,  5.23it/s]
 23%|██▎       | 3/13 [00:00<00:01,  6.43it/s]
 31%|███       | 4/13 [00:00<00:01,  7.24it/s]
 38%|███▊      | 5/13 [00:00<00:01,  7.80it/s]
 46%|████▌     | 6/13 [00:00<00:00,  8.00it/s]
 54%|█████▍    | 7/13 [00:00<00:00,  8.31it/s]
 62%|██████▏   | 8/13 [00:01<00:00,  8.53it/s]
 69%|██████▉   | 9/13 [00:01<00:00,  8.67it/s]
 77%|███████▋  | 10/13 [00:01<00:00,  8.66it/s]
 85%|████████▍ | 11/13 [00:01<00:00,  8.57it/s]
 92%|█████████▏| 12/13 [00:01<00:00,  8.52it/s]
100%|██████████| 13/13 [00:01<00:00,  8.64it/s]
100%|██████████| 13/13 [00:01<00:00,  7.79it/s]

  0%|          | 0/13 [00:00<?, ?it/s]
  8%|▊         | 1/13 [00:00<00:03,  3.32it/s]
 15%|█▌        | 2/13 [00:00<00:02,  5.29it/s]
 23%|██▎       | 3/13 [00:00<00:01,  6.48it/s]
 31%|███       | 4/13 [00:00<00:01,  7.38it/s]
 38%|███▊      | 5/13 [00:00<00:01,  7.61it/s]
 46%|████▌     | 6/13 [00:00<00:00,  8.03it/s]
 54%|█████▍    | 7/13 [00:00<00:00,  8.30it/s]
 62%|██████▏   | 8/13 [00:01<00:00,  8.46it/s]
 69%|██████▉   | 9/13 [00:01<00:00,  8.63it/s]
 77%|███████▋  | 10/13 [00:01<00:00,  8.62it/s]
 85%|████████▍ | 11/13 [00:01<00:00,  8.77it/s]
 92%|█████████▏| 12/13 [00:01<00:00,  8.83it/s]
100%|██████████| 13/13 [00:01<00:00,  8.84it/s]
100%|██████████| 13/13 [00:01<00:00,  7.87it/s]

  0%|          | 0/13 [00:00<?, ?it/s]
  8%|▊         | 1/13 [00:00<00:03,  3.09it/s]
 15%|█▌        | 2/13 [00:00<00:02,  4.94it/s]
 23%|██▎       | 3/13 [00:00<00:01,  6.11it/s]
 31%|███       | 4/13 [00:00<00:01,  6.94it/s]
 38%|███▊      | 5/13 [00:00<00:01,  7.55it/s]
 46%|████▌     | 6/13 [00:00<00:00,  8.04it/s]
 54%|█████▍    | 7/13 [00:01<00:00,  8.33it/s]
 62%|██████▏   | 8/13 [00:01<00:00,  8.47it/s]
 69%|██████▉   | 9/13 [00:01<00:00,  8.71it/s]
 77%|███████▋  | 10/13 [00:01<00:00,  8.70it/s]
 85%|████████▍ | 11/13 [00:01<00:00,  8.74it/s]
 92%|█████████▏| 12/13 [00:01<00:00,  8.72it/s]
100%|██████████| 13/13 [00:01<00:00,  8.71it/s]
100%|██████████| 13/13 [00:01<00:00,  7.72it/s]

  0%|          | 0/13 [00:00<?, ?it/s]
  8%|▊         | 1/13 [00:00<00:03,  3.17it/s]
 15%|█▌        | 2/13 [00:00<00:02,  4.85it/s]
 23%|██▎       | 3/13 [00:00<00:01,  6.03it/s]
 31%|███       | 4/13 [00:00<00:01,  6.73it/s]
 38%|███▊      | 5/13 [00:00<00:01,  7.33it/s]
 46%|████▌     | 6/13 [00:00<00:00,  7.68it/s]
 54%|█████▍    | 7/13 [00:01<00:00,  8.02it/s]
 62%|██████▏   | 8/13 [00:01<00:00,  8.20it/s]
 69%|██████▉   | 9/13 [00:01<00:00,  8.39it/s]
 77%|███████▋  | 10/13 [00:01<00:00,  8.41it/s]
 85%|████████▍ | 11/13 [00:01<00:00,  8.48it/s]
 92%|█████████▏| 12/13 [00:01<00:00,  8.69it/s]
100%|██████████| 13/13 [00:01<00:00,  8.78it/s]
100%|██████████| 13/13 [00:01<00:00,  7.58it/s]

  0%|          | 0/13 [00:00<?, ?it/s]
  8%|▊         | 1/13 [00:00<00:03,  3.35it/s]
 15%|█▌        | 2/13 [00:00<00:02,  5.31it/s]
 23%|██▎       | 3/13 [00:00<00:01,  6.53it/s]
 31%|███       | 4/13 [00:00<00:01,  7.31it/s]
 38%|███▊      | 5/13 [00:00<00:01,  7.83it/s]
 46%|████▌     | 6/13 [00:00<00:00,  8.10it/s]
 54%|█████▍    | 7/13 [00:00<00:00,  8.25it/s]
 62%|██████▏   | 8/13 [00:01<00:00,  8.41it/s]
 69%|██████▉   | 9/13 [00:01<00:00,  8.47it/s]
 77%|███████▋  | 10/13 [00:01<00:00,  8.63it/s]
 85%|████████▍ | 11/13 [00:01<00:00,  8.71it/s]
 92%|█████████▏| 12/13 [00:01<00:00,  8.66it/s]
100%|██████████| 13/13 [00:01<00:00,  8.71it/s]
100%|██████████| 13/13 [00:01<00:00,  7.83it/s]

  0%|          | 0/13 [00:00<?, ?it/s]
  8%|▊         | 1/13 [00:00<00:03,  3.41it/s]
 15%|█▌        | 2/13 [00:00<00:02,  5.36it/s]
 23%|██▎       | 3/13 [00:00<00:01,  6.63it/s]
 31%|███       | 4/13 [00:00<00:01,  7.36it/s]
 38%|███▊      | 5/13 [00:00<00:01,  7.86it/s]
 46%|████▌     | 6/13 [00:00<00:00,  8.20it/s]
 54%|█████▍    | 7/13 [00:00<00:00,  8.47it/s]
 62%|██████▏   | 8/13 [00:01<00:00,  8.46it/s]
 69%|██████▉   | 9/13 [00:01<00:00,  8.56it/s]
 77%|███████▋  | 10/13 [00:01<00:00,  8.57it/s]
 85%|████████▍ | 11/13 [00:01<00:00,  8.41it/s]
 92%|█████████▏| 12/13 [00:01<00:00,  8.54it/s]
100%|██████████| 13/13 [00:01<00:00,  8.70it/s]
100%|██████████| 13/13 [00:01<00:00,  7.85it/s]

  0%|          | 0/13 [00:00<?, ?it/s]
  8%|▊         | 1/13 [00:00<00:04,  2.99it/s]
 15%|█▌        | 2/13 [00:00<00:02,  5.00it/s]
 23%|██▎       | 3/13 [00:00<00:01,  6.31it/s]
 31%|███       | 4/13 [00:00<00:01,  7.26it/s]
 38%|███▊      | 5/13 [00:00<00:01,  7.90it/s]
 46%|████▌     | 6/13 [00:00<00:00,  8.38it/s]
 54%|█████▍    | 7/13 [00:00<00:00,  8.71it/s]
 62%|██████▏   | 8/13 [00:01<00:00,  8.78it/s]
 69%|██████▉   | 9/13 [00:01<00:00,  8.74it/s]
 77%|███████▋  | 10/13 [00:01<00:00,  8.80it/s]
 85%|████████▍ | 11/13 [00:01<00:00,  8.63it/s]
 92%|█████████▏| 12/13 [00:01<00:00,  8.67it/s]
100%|██████████| 13/13 [00:01<00:00,  8.68it/s]
100%|██████████| 13/13 [00:01<00:00,  7.82it/s]

  0%|          | 0/13 [00:00<?, ?it/s]
  8%|▊         | 1/13 [00:00<00:04,  2.86it/s]
 15%|█▌        | 2/13 [00:00<00:02,  4.57it/s]
 23%|██▎       | 3/13 [00:00<00:01,  5.63it/s]
 31%|███       | 4/13 [00:00<00:01,  6.49it/s]
 38%|███▊      | 5/13 [00:00<00:01,  7.06it/s]
 46%|████▌     | 6/13 [00:00<00:00,  7.40it/s]
 54%|█████▍    | 7/13 [00:01<00:00,  7.82it/s]
 62%|██████▏   | 8/13 [00:01<00:00,  8.19it/s]
 69%|██████▉   | 9/13 [00:01<00:00,  8.33it/s]
 77%|███████▋  | 10/13 [00:01<00:00,  8.35it/s]
 85%|████████▍ | 11/13 [00:01<00:00,  8.38it/s]
 92%|█████████▏| 12/13 [00:01<00:00,  8.50it/s]
100%|██████████| 13/13 [00:01<00:00,  8.56it/s]
100%|██████████| 13/13 [00:01<00:00,  7.34it/s]

  0%|          | 0/13 [00:00<?, ?it/s]
  8%|▊         | 1/13 [00:00<00:03,  3.39it/s]
 15%|█▌        | 2/13 [00:00<00:02,  5.29it/s]
 23%|██▎       | 3/13 [00:00<00:01,  6.50it/s]
 31%|███       | 4/13 [00:00<00:01,  7.21it/s]
 38%|███▊      | 5/13 [00:00<00:01,  7.67it/s]
 46%|████▌     | 6/13 [00:00<00:00,  7.98it/s]
 54%|█████▍    | 7/13 [00:00<00:00,  8.21it/s]
 62%|██████▏   | 8/13 [00:01<00:00,  8.33it/s]
 69%|██████▉   | 9/13 [00:01<00:00,  8.37it/s]
 77%|███████▋  | 10/13 [00:01<00:00,  8.49it/s]
 85%|████████▍ | 11/13 [00:01<00:00,  8.52it/s]
 92%|█████████▏| 12/13 [00:01<00:00,  8.49it/s]
100%|██████████| 13/13 [00:01<00:00,  8.62it/s]
100%|██████████| 13/13 [00:01<00:00,  7.75it/s]

  0%|          | 0/13 [00:00<?, ?it/s]
  8%|▊         | 1/13 [00:00<00:03,  3.27it/s]
 15%|█▌        | 2/13 [00:00<00:02,  5.26it/s]
 23%|██▎       | 3/13 [00:00<00:01,  6.56it/s]
 31%|███       | 4/13 [00:00<00:01,  7.41it/s]
 38%|███▊      | 5/13 [00:00<00:00,  8.01it/s]
 46%|████▌     | 6/13 [00:00<00:00,  8.33it/s]
 54%|█████▍    | 7/13 [00:00<00:00,  8.29it/s]
 62%|██████▏   | 8/13 [00:01<00:00,  8.30it/s]
 69%|██████▉   | 9/13 [00:01<00:00,  8.40it/s]
 77%|███████▋  | 10/13 [00:01<00:00,  8.42it/s]
 85%|████████▍ | 11/13 [00:01<00:00,  8.45it/s]
 92%|█████████▏| 12/13 [00:01<00:00,  8.33it/s]
100%|██████████| 13/13 [00:01<00:00,  8.44it/s]
100%|██████████| 13/13 [00:01<00:00,  7.74it/s]

  0%|          | 0/13 [00:00<?, ?it/s]
  8%|▊         | 1/13 [00:00<00:03,  3.02it/s]
 15%|█▌        | 2/13 [00:00<00:02,  4.94it/s]
 23%|██▎       | 3/13 [00:00<00:01,  6.11it/s]
 31%|███       | 4/13 [00:00<00:01,  6.86it/s]
 38%|███▊      | 5/13 [00:00<00:01,  7.31it/s]
 46%|████▌     | 6/13 [00:00<00:00,  7.24it/s]
 54%|█████▍    | 7/13 [00:01<00:00,  7.44it/s]
 62%|██████▏   | 8/13 [00:01<00:00,  7.68it/s]
 69%|██████▉   | 9/13 [00:01<00:00,  7.70it/s]
 77%|███████▋  | 10/13 [00:01<00:00,  8.01it/s]
 85%|████████▍ | 11/13 [00:01<00:00,  8.08it/s]
 92%|█████████▏| 12/13 [00:01<00:00,  8.25it/s]
100%|██████████| 13/13 [00:01<00:00,  8.37it/s]
100%|██████████| 13/13 [00:01<00:00,  7.28it/s]

  0%|          | 0/13 [00:00<?, ?it/s]
  8%|▊         | 1/13 [00:00<00:03,  3.15it/s]
 15%|█▌        | 2/13 [00:00<00:02,  5.12it/s]
 23%|██▎       | 3/13 [00:00<00:01,  6.39it/s]
 31%|███       | 4/13 [00:00<00:01,  7.18it/s]
 38%|███▊      | 5/13 [00:00<00:01,  7.78it/s]
 46%|████▌     | 6/13 [00:00<00:00,  8.06it/s]
 54%|█████▍    | 7/13 [00:00<00:00,  8.31it/s]
 62%|██████▏   | 8/13 [00:01<00:00,  8.24it/s]
 69%|██████▉   | 9/13 [00:01<00:00,  8.14it/s]
 77%|███████▋  | 10/13 [00:01<00:00,  8.15it/s]
 85%|████████▍ | 11/13 [00:01<00:00,  8.15it/s]
 92%|█████████▏| 12/13 [00:01<00:00,  8.29it/s]
100%|██████████| 13/13 [00:01<00:00,  8.42it/s]
100%|██████████| 13/13 [00:01<00:00,  7.58it/s]

  0%|          | 0/13 [00:00<?, ?it/s]
  8%|▊         | 1/13 [00:00<00:03,  3.02it/s]
 15%|█▌        | 2/13 [00:00<00:02,  5.00it/s]
 23%|██▎       | 3/13 [00:00<00:01,  6.24it/s]
 31%|███       | 4/13 [00:00<00:01,  7.00it/s]
 38%|███▊      | 5/13 [00:00<00:01,  7.50it/s]
 46%|████▌     | 6/13 [00:00<00:00,  7.77it/s]
 54%|█████▍    | 7/13 [00:01<00:00,  7.86it/s]
 62%|██████▏   | 8/13 [00:01<00:00,  8.08it/s]
 69%|██████▉   | 9/13 [00:01<00:00,  8.24it/s]
 77%|███████▋  | 10/13 [00:01<00:00,  8.35it/s]
 85%|████████▍ | 11/13 [00:01<00:00,  8.51it/s]
 92%|█████████▏| 12/13 [00:01<00:00,  8.53it/s]
100%|██████████| 13/13 [00:01<00:00,  8.57it/s]
100%|██████████| 13/13 [00:01<00:00,  7.55it/s]

  0%|          | 0/13 [00:00<?, ?it/s]
  8%|▊         | 1/13 [00:00<00:04,  2.86it/s]
 15%|█▌        | 2/13 [00:00<00:02,  4.63it/s]
 23%|██▎       | 3/13 [00:00<00:01,  5.69it/s]
 31%|███       | 4/13 [00:00<00:01,  6.40it/s]
 38%|███▊      | 5/13 [00:00<00:01,  7.03it/s]
 46%|████▌     | 6/13 [00:00<00:00,  7.53it/s]
 54%|█████▍    | 7/13 [00:01<00:00,  7.94it/s]
 62%|██████▏   | 8/13 [00:01<00:00,  8.06it/s]
 69%|██████▉   | 9/13 [00:01<00:00,  8.23it/s]
 77%|███████▋  | 10/13 [00:01<00:00,  8.47it/s]
 85%|████████▍ | 11/13 [00:01<00:00,  8.72it/s]
 92%|█████████▏| 12/13 [00:01<00:00,  8.95it/s]
100%|██████████| 13/13 [00:01<00:00,  9.07it/s]
100%|██████████| 13/13 [00:01<00:00,  7.49it/s]

  0%|          | 0/13 [00:00<?, ?it/s]
  8%|▊         | 1/13 [00:00<00:03,  3.52it/s]
 15%|█▌        | 2/13 [00:00<00:01,  5.60it/s]
 23%|██▎       | 3/13 [00:00<00:01,  6.93it/s]
 31%|███       | 4/13 [00:00<00:01,  7.67it/s]
 38%|███▊      | 5/13 [00:00<00:00,  8.24it/s]
 46%|████▌     | 6/13 [00:00<00:00,  8.55it/s]
 54%|█████▍    | 7/13 [00:00<00:00,  8.77it/s]
 62%|██████▏   | 8/13 [00:01<00:00,  9.07it/s]
 69%|██████▉   | 9/13 [00:01<00:00,  9.10it/s]
 77%|███████▋  | 10/13 [00:01<00:00,  9.14it/s]
 85%|████████▍ | 11/13 [00:01<00:00,  9.04it/s]
 92%|█████████▏| 12/13 [00:01<00:00,  8.83it/s]
100%|██████████| 13/13 [00:01<00:00,  8.80it/s]
100%|██████████| 13/13 [00:01<00:00,  8.18it/s]

  0%|          | 0/13 [00:00<?, ?it/s]
  8%|▊         | 1/13 [00:00<00:03,  3.51it/s]
 15%|█▌        | 2/13 [00:00<00:01,  5.60it/s]
 23%|██▎       | 3/13 [00:00<00:01,  6.95it/s]
 31%|███       | 4/13 [00:00<00:01,  7.85it/s]
 38%|███▊      | 5/13 [00:00<00:00,  8.49it/s]
 46%|████▌     | 6/13 [00:00<00:00,  8.79it/s]
 54%|█████▍    | 7/13 [00:00<00:00,  9.12it/s]
 62%|██████▏   | 8/13 [00:01<00:00,  9.24it/s]
 69%|██████▉   | 9/13 [00:01<00:00,  9.18it/s]
 77%|███████▋  | 10/13 [00:01<00:00,  9.29it/s]
 85%|████████▍ | 11/13 [00:01<00:00,  9.20it/s]
 92%|█████████▏| 12/13 [00:01<00:00,  9.24it/s]
100%|██████████| 13/13 [00:01<00:00,  9.31it/s]
100%|██████████| 13/13 [00:01<00:00,  8.41it/s]

  0%|          | 0/13 [00:00<?, ?it/s]
  8%|▊         | 1/13 [00:00<00:03,  3.64it/s]
 15%|█▌        | 2/13 [00:00<00:01,  5.74it/s]
 23%|██▎       | 3/13 [00:00<00:01,  7.00it/s]
 31%|███       | 4/13 [00:00<00:01,  7.82it/s]
 38%|███▊      | 5/13 [00:00<00:00,  8.34it/s]
 46%|████▌     | 6/13 [00:00<00:00,  8.54it/s]
 54%|█████▍    | 7/13 [00:00<00:00,  8.74it/s]
 62%|██████▏   | 8/13 [00:01<00:00,  8.24it/s]
 69%|██████▉   | 9/13 [00:01<00:00,  8.07it/s]
 77%|███████▋  | 10/13 [00:01<00:00,  7.90it/s]
 85%|████████▍ | 11/13 [00:01<00:00,  7.94it/s]
 92%|█████████▏| 12/13 [00:01<00:00,  7.80it/s]
100%|██████████| 13/13 [00:01<00:00,  7.85it/s]
100%|██████████| 13/13 [00:01<00:00,  7.66it/s]

  0%|          | 0/13 [00:00<?, ?it/s]
  8%|▊         | 1/13 [00:00<00:03,  3.10it/s]
 15%|█▌        | 2/13 [00:00<00:02,  4.91it/s]
 23%|██▎       | 3/13 [00:00<00:01,  6.09it/s]
 31%|███       | 4/13 [00:00<00:01,  6.95it/s]
 38%|███▊      | 5/13 [00:00<00:01,  7.40it/s]
 46%|████▌     | 6/13 [00:00<00:00,  7.75it/s]
 54%|█████▍    | 7/13 [00:01<00:00,  7.98it/s]
 62%|██████▏   | 8/13 [00:01<00:00,  8.16it/s]
 69%|██████▉   | 9/13 [00:01<00:00,  8.40it/s]
 77%|███████▋  | 10/13 [00:01<00:00,  8.34it/s]
 85%|████████▍ | 11/13 [00:01<00:00,  8.46it/s]
 92%|█████████▏| 12/13 [00:01<00:00,  8.47it/s]
100%|██████████| 13/13 [00:01<00:00,  8.51it/s]
100%|██████████| 13/13 [00:01<00:00,  7.53it/s]

  0%|          | 0/13 [00:00<?, ?it/s]
  8%|▊         | 1/13 [00:00<00:03,  3.31it/s]
 15%|█▌        | 2/13 [00:00<00:02,  5.21it/s]
 23%|██▎       | 3/13 [00:00<00:01,  6.34it/s]
 31%|███       | 4/13 [00:00<00:01,  7.23it/s]
 38%|███▊      | 5/13 [00:00<00:01,  7.77it/s]
 46%|████▌     | 6/13 [00:00<00:00,  8.03it/s]
 54%|█████▍    | 7/13 [00:00<00:00,  8.27it/s]
 62%|██████▏   | 8/13 [00:01<00:00,  8.43it/s]
 69%|██████▉   | 9/13 [00:01<00:00,  8.57it/s]
 77%|███████▋  | 10/13 [00:01<00:00,  8.60it/s]
 85%|████████▍ | 11/13 [00:01<00:00,  8.68it/s]
 92%|█████████▏| 12/13 [00:01<00:00,  8.66it/s]
100%|██████████| 13/13 [00:01<00:00,  8.70it/s]
100%|██████████| 13/13 [00:01<00:00,  7.79it/s]

  0%|          | 0/13 [00:00<?, ?it/s]
  8%|▊         | 1/13 [00:00<00:03,  3.39it/s]
 15%|█▌        | 2/13 [00:00<00:02,  5.35it/s]
 23%|██▎       | 3/13 [00:00<00:01,  6.19it/s]
 31%|███       | 4/13 [00:00<00:01,  6.86it/s]
 38%|███▊      | 5/13 [00:00<00:01,  7.27it/s]
 46%|████▌     | 6/13 [00:00<00:00,  7.64it/s]
 54%|█████▍    | 7/13 [00:01<00:00,  7.92it/s]
 62%|██████▏   | 8/13 [00:01<00:00,  8.05it/s]
 69%|██████▉   | 9/13 [00:01<00:00,  8.11it/s]
 77%|███████▋  | 10/13 [00:01<00:00,  8.39it/s]
 85%|████████▍ | 11/13 [00:01<00:00,  8.46it/s]
 92%|█████████▏| 12/13 [00:01<00:00,  8.63it/s]
100%|██████████| 13/13 [00:01<00:00,  8.58it/s]
100%|██████████| 13/13 [00:01<00:00,  7.59it/s]

  0%|          | 0/13 [00:00<?, ?it/s]
  8%|▊         | 1/13 [00:00<00:03,  3.42it/s]
 15%|█▌        | 2/13 [00:00<00:01,  5.57it/s]
 23%|██▎       | 3/13 [00:00<00:01,  6.84it/s]
 31%|███       | 4/13 [00:00<00:01,  7.57it/s]
 38%|███▊      | 5/13 [00:00<00:00,  8.14it/s]
 46%|████▌     | 6/13 [00:00<00:00,  8.54it/s]
 54%|█████▍    | 7/13 [00:00<00:00,  8.57it/s]
 62%|██████▏   | 8/13 [00:01<00:00,  8.58it/s]
 69%|██████▉   | 9/13 [00:01<00:00,  8.57it/s]
 77%|███████▋  | 10/13 [00:01<00:00,  8.57it/s]
 85%|████████▍ | 11/13 [00:01<00:00,  8.66it/s]
 92%|█████████▏| 12/13 [00:01<00:00,  8.62it/s]
100%|██████████| 13/13 [00:01<00:00,  8.64it/s]
100%|██████████| 13/13 [00:01<00:00,  7.96it/s]

  0%|          | 0/13 [00:00<?, ?it/s]
  8%|▊         | 1/13 [00:00<00:03,  3.34it/s]
 15%|█▌        | 2/13 [00:00<00:02,  5.31it/s]
 23%|██▎       | 3/13 [00:00<00:01,  6.37it/s]
 31%|███       | 4/13 [00:00<00:01,  7.05it/s]
 38%|███▊      | 5/13 [00:00<00:01,  7.50it/s]
 46%|████▌     | 6/13 [00:00<00:00,  7.67it/s]
 54%|█████▍    | 7/13 [00:01<00:00,  7.91it/s]
 62%|██████▏   | 8/13 [00:01<00:00,  8.11it/s]
 69%|██████▉   | 9/13 [00:01<00:00,  8.24it/s]
 77%|███████▋  | 10/13 [00:01<00:00,  8.28it/s]
 85%|████████▍ | 11/13 [00:01<00:00,  8.39it/s]
 92%|█████████▏| 12/13 [00:01<00:00,  8.52it/s]
100%|██████████| 13/13 [00:01<00:00,  8.59it/s]
100%|██████████| 13/13 [00:01<00:00,  7.62it/s]

  0%|          | 0/13 [00:00<?, ?it/s]
  8%|▊         | 1/13 [00:00<00:03,  3.18it/s]
 15%|█▌        | 2/13 [00:00<00:02,  5.04it/s]
 23%|██▎       | 3/13 [00:00<00:01,  6.26it/s]
 31%|███       | 4/13 [00:00<00:01,  6.99it/s]
 38%|███▊      | 5/13 [00:00<00:01,  7.57it/s]
 46%|████▌     | 6/13 [00:00<00:00,  7.86it/s]
 54%|█████▍    | 7/13 [00:01<00:00,  8.13it/s]
 62%|██████▏   | 8/13 [00:01<00:00,  8.13it/s]
 69%|██████▉   | 9/13 [00:01<00:00,  8.24it/s]
 77%|███████▋  | 10/13 [00:01<00:00,  8.28it/s]
 85%|████████▍ | 11/13 [00:01<00:00,  8.44it/s]
 92%|█████████▏| 12/13 [00:01<00:00,  8.53it/s]
100%|██████████| 13/13 [00:01<00:00,  8.50it/s]
100%|██████████| 13/13 [00:01<00:00,  7.58it/s]

  0%|          | 0/13 [00:00<?, ?it/s]
  8%|▊         | 1/13 [00:00<00:03,  3.12it/s]
 15%|█▌        | 2/13 [00:00<00:02,  4.96it/s]
 23%|██▎       | 3/13 [00:00<00:01,  6.06it/s]
 31%|███       | 4/13 [00:00<00:01,  6.63it/s]
 38%|███▊      | 5/13 [00:00<00:01,  7.16it/s]
 46%|████▌     | 6/13 [00:00<00:00,  7.64it/s]
 54%|█████▍    | 7/13 [00:01<00:00,  8.18it/s]
 62%|██████▏   | 8/13 [00:01<00:00,  8.38it/s]
 69%|██████▉   | 9/13 [00:01<00:00,  8.53it/s]
 77%|███████▋  | 10/13 [00:01<00:00,  8.62it/s]
 85%|████████▍ | 11/13 [00:01<00:00,  8.78it/s]
 92%|█████████▏| 12/13 [00:01<00:00,  8.93it/s]
100%|██████████| 13/13 [00:01<00:00,  8.93it/s]
100%|██████████| 13/13 [00:01<00:00,  7.67it/s]

  0%|          | 0/13 [00:00<?, ?it/s]
  8%|▊         | 1/13 [00:00<00:03,  3.14it/s]
 15%|█▌        | 2/13 [00:00<00:02,  5.05it/s]
 23%|██▎       | 3/13 [00:00<00:01,  6.38it/s]
 31%|███       | 4/13 [00:00<00:01,  7.17it/s]
 38%|███▊      | 5/13 [00:00<00:01,  7.72it/s]
 46%|████▌     | 6/13 [00:00<00:00,  8.05it/s]
 54%|█████▍    | 7/13 [00:00<00:00,  8.37it/s]
 62%|██████▏   | 8/13 [00:01<00:00,  8.58it/s]
 69%|██████▉   | 9/13 [00:01<00:00,  8.62it/s]
 77%|███████▋  | 10/13 [00:01<00:00,  8.74it/s]
 85%|████████▍ | 11/13 [00:01<00:00,  8.79it/s]
 92%|█████████▏| 12/13 [00:01<00:00,  8.83it/s]
100%|██████████| 13/13 [00:01<00:00,  8.79it/s]
100%|██████████| 13/13 [00:01<00:00,  7.82it/s]

  0%|          | 0/13 [00:00<?, ?it/s]
  8%|▊         | 1/13 [00:00<00:03,  3.31it/s]
 15%|█▌        | 2/13 [00:00<00:02,  5.22it/s]
 23%|██▎       | 3/13 [00:00<00:01,  6.36it/s]
 31%|███       | 4/13 [00:00<00:01,  7.12it/s]
 38%|███▊      | 5/13 [00:00<00:01,  7.67it/s]
 46%|████▌     | 6/13 [00:00<00:00,  8.02it/s]
 54%|█████▍    | 7/13 [00:00<00:00,  8.28it/s]
 62%|██████▏   | 8/13 [00:01<00:00,  8.49it/s]
 69%|██████▉   | 9/13 [00:01<00:00,  8.63it/s]
 77%|███████▋  | 10/13 [00:01<00:00,  8.50it/s]
 85%|████████▍ | 11/13 [00:01<00:00,  8.68it/s]
 92%|█████████▏| 12/13 [00:01<00:00,  8.57it/s]
100%|██████████| 13/13 [00:01<00:00,  8.62it/s]
100%|██████████| 13/13 [00:01<00:00,  7.76it/s]

  0%|          | 0/13 [00:00<?, ?it/s]
  8%|▊         | 1/13 [00:00<00:03,  3.28it/s]
 15%|█▌        | 2/13 [00:00<00:02,  5.13it/s]
 23%|██▎       | 3/13 [00:00<00:01,  6.21it/s]
 31%|███       | 4/13 [00:00<00:01,  6.98it/s]
 38%|███▊      | 5/13 [00:00<00:01,  7.48it/s]
 46%|████▌     | 6/13 [00:00<00:00,  7.83it/s]
 54%|█████▍    | 7/13 [00:01<00:00,  8.15it/s]
 62%|██████▏   | 8/13 [00:01<00:00,  8.46it/s]
 69%|██████▉   | 9/13 [00:01<00:00,  8.64it/s]
 77%|███████▋  | 10/13 [00:01<00:00,  8.82it/s]
 85%|████████▍ | 11/13 [00:01<00:00,  8.87it/s]
 92%|█████████▏| 12/13 [00:01<00:00,  8.82it/s]
100%|██████████| 13/13 [00:01<00:00,  8.81it/s]
100%|██████████| 13/13 [00:01<00:00,  7.78it/s]

  0%|          | 0/13 [00:00<?, ?it/s]
  8%|▊         | 1/13 [00:00<00:03,  3.21it/s]
 15%|█▌        | 2/13 [00:00<00:02,  5.14it/s]
 23%|██▎       | 3/13 [00:00<00:01,  6.41it/s]
 31%|███       | 4/13 [00:00<00:01,  7.23it/s]
 38%|███▊      | 5/13 [00:00<00:01,  7.76it/s]
 46%|████▌     | 6/13 [00:00<00:00,  8.17it/s]
 54%|█████▍    | 7/13 [00:00<00:00,  8.46it/s]
 62%|██████▏   | 8/13 [00:01<00:00,  8.61it/s]
 69%|██████▉   | 9/13 [00:01<00:00,  8.76it/s]
 77%|███████▋  | 10/13 [00:01<00:00,  8.80it/s]
 85%|████████▍ | 11/13 [00:01<00:00,  8.89it/s]
 92%|█████████▏| 12/13 [00:01<00:00,  8.93it/s]
100%|██████████| 13/13 [00:01<00:00,  8.93it/s]
100%|██████████| 13/13 [00:01<00:00,  7.91it/s]

  0%|          | 0/13 [00:00<?, ?it/s]
  8%|▊         | 1/13 [00:00<00:03,  3.39it/s]
 15%|█▌        | 2/13 [00:00<00:02,  5.43it/s]
 23%|██▎       | 3/13 [00:00<00:01,  6.71it/s]
 31%|███       | 4/13 [00:00<00:01,  7.49it/s]
 38%|███▊      | 5/13 [00:00<00:01,  7.83it/s]
 46%|████▌     | 6/13 [00:00<00:00,  8.09it/s]
 54%|█████▍    | 7/13 [00:00<00:00,  8.23it/s]
 62%|██████▏   | 8/13 [00:01<00:00,  8.35it/s]
 69%|██████▉   | 9/13 [00:01<00:00,  8.41it/s]
 77%|███████▋  | 10/13 [00:01<00:00,  8.55it/s]
 85%|████████▍ | 11/13 [00:01<00:00,  8.58it/s]
 92%|█████████▏| 12/13 [00:01<00:00,  8.74it/s]
100%|██████████| 13/13 [00:01<00:00,  8.91it/s]
100%|██████████| 13/13 [00:01<00:00,  7.89it/s]

  0%|          | 0/13 [00:00<?, ?it/s]
  8%|▊         | 1/13 [00:00<00:03,  3.34it/s]
 15%|█▌        | 2/13 [00:00<00:02,  5.35it/s]
 23%|██▎       | 3/13 [00:00<00:01,  6.50it/s]
 31%|███       | 4/13 [00:00<00:01,  7.47it/s]
 38%|███▊      | 5/13 [00:00<00:01,  7.99it/s]
 46%|████▌     | 6/13 [00:00<00:00,  8.24it/s]
 54%|█████▍    | 7/13 [00:00<00:00,  8.40it/s]
 62%|██████▏   | 8/13 [00:01<00:00,  8.52it/s]
 69%|██████▉   | 9/13 [00:01<00:00,  8.65it/s]
 77%|███████▋  | 10/13 [00:01<00:00,  8.74it/s]
 85%|████████▍ | 11/13 [00:01<00:00,  8.85it/s]
 92%|█████████▏| 12/13 [00:01<00:00,  8.95it/s]
100%|██████████| 13/13 [00:01<00:00,  8.73it/s]
100%|██████████| 13/13 [00:01<00:00,  7.93it/s]

  0%|          | 0/13 [00:00<?, ?it/s]
  8%|▊         | 1/13 [00:00<00:03,  3.26it/s]
 15%|█▌        | 2/13 [00:00<00:02,  5.26it/s]
 23%|██▎       | 3/13 [00:00<00:01,  6.47it/s]
 31%|███       | 4/13 [00:00<00:01,  7.19it/s]
 38%|███▊      | 5/13 [00:00<00:01,  7.67it/s]
 46%|████▌     | 6/13 [00:00<00:00,  7.97it/s]
 54%|█████▍    | 7/13 [00:00<00:00,  8.35it/s]
 62%|██████▏   | 8/13 [00:01<00:00,  8.58it/s]
 69%|██████▉   | 9/13 [00:01<00:00,  8.55it/s]
 77%|███████▋  | 10/13 [00:01<00:00,  8.67it/s]
 85%|████████▍ | 11/13 [00:01<00:00,  8.79it/s]
 92%|█████████▏| 12/13 [00:01<00:00,  8.89it/s]
100%|██████████| 13/13 [00:01<00:00,  8.96it/s]
100%|██████████| 13/13 [00:01<00:00,  7.87it/s]

  0%|          | 0/13 [00:00<?, ?it/s]
  8%|▊         | 1/13 [00:00<00:03,  3.60it/s]
 15%|█▌        | 2/13 [00:00<00:01,  5.68it/s]
 23%|██▎       | 3/13 [00:00<00:01,  6.40it/s]
 31%|███       | 4/13 [00:00<00:01,  7.30it/s]
 38%|███▊      | 5/13 [00:00<00:01,  7.83it/s]
 46%|████▌     | 6/13 [00:00<00:00,  8.17it/s]
 54%|█████▍    | 7/13 [00:00<00:00,  8.33it/s]
 62%|██████▏   | 8/13 [00:01<00:00,  8.54it/s]
 69%|██████▉   | 9/13 [00:01<00:00,  8.66it/s]
 77%|███████▋  | 10/13 [00:01<00:00,  8.83it/s]
 85%|████████▍ | 11/13 [00:01<00:00,  8.97it/s]
 92%|█████████▏| 12/13 [00:01<00:00,  8.99it/s]
100%|██████████| 13/13 [00:01<00:00,  8.99it/s]
100%|██████████| 13/13 [00:01<00:00,  8.02it/s]

  0%|          | 0/13 [00:00<?, ?it/s]
  8%|▊         | 1/13 [00:00<00:03,  3.28it/s]
 15%|█▌        | 2/13 [00:00<00:02,  5.27it/s]
 23%|██▎       | 3/13 [00:00<00:01,  6.57it/s]
 31%|███       | 4/13 [00:00<00:01,  7.38it/s]
 38%|███▊      | 5/13 [00:00<00:01,  7.96it/s]
 46%|████▌     | 6/13 [00:00<00:00,  8.28it/s]
 54%|█████▍    | 7/13 [00:00<00:00,  8.51it/s]
 62%|██████▏   | 8/13 [00:01<00:00,  8.63it/s]
 69%|██████▉   | 9/13 [00:01<00:00,  8.80it/s]
 77%|███████▋  | 10/13 [00:01<00:00,  8.83it/s]
 85%|████████▍ | 11/13 [00:01<00:00,  8.92it/s]
 92%|█████████▏| 12/13 [00:01<00:00,  8.96it/s]
100%|██████████| 13/13 [00:01<00:00,  8.94it/s]
100%|██████████| 13/13 [00:01<00:00,  7.99it/s]

  0%|          | 0/13 [00:00<?, ?it/s]
  8%|▊         | 1/13 [00:00<00:03,  3.38it/s]
 15%|█▌        | 2/13 [00:00<00:02,  5.34it/s]
 23%|██▎       | 3/13 [00:00<00:01,  6.31it/s]
 31%|███       | 4/13 [00:00<00:01,  6.71it/s]
 38%|███▊      | 5/13 [00:00<00:01,  7.30it/s]
 46%|████▌     | 6/13 [00:00<00:00,  7.72it/s]
 54%|█████▍    | 7/13 [00:01<00:00,  8.01it/s]
 62%|██████▏   | 8/13 [00:01<00:00,  8.20it/s]
 69%|██████▉   | 9/13 [00:01<00:00,  8.32it/s]
 77%|███████▋  | 10/13 [00:01<00:00,  8.59it/s]
 85%|████████▍ | 11/13 [00:01<00:00,  8.72it/s]
 92%|█████████▏| 12/13 [00:01<00:00,  8.84it/s]
100%|██████████| 13/13 [00:01<00:00,  8.75it/s]
100%|██████████| 13/13 [00:01<00:00,  7.70it/s]

  0%|          | 0/13 [00:00<?, ?it/s]
  8%|▊         | 1/13 [00:00<00:03,  3.45it/s]
 15%|█▌        | 2/13 [00:00<00:01,  5.55it/s]
 23%|██▎       | 3/13 [00:00<00:01,  6.81it/s]
 31%|███       | 4/13 [00:00<00:01,  7.47it/s]
 38%|███▊      | 5/13 [00:00<00:01,  7.49it/s]
 46%|████▌     | 6/13 [00:00<00:00,  7.86it/s]
 54%|█████▍    | 7/13 [00:00<00:00,  8.12it/s]
 62%|██████▏   | 8/13 [00:01<00:00,  8.33it/s]
 69%|██████▉   | 9/13 [00:01<00:00,  8.57it/s]
 77%|███████▋  | 10/13 [00:01<00:00,  8.67it/s]
 85%|████████▍ | 11/13 [00:01<00:00,  8.68it/s]
 92%|█████████▏| 12/13 [00:01<00:00,  8.86it/s]
100%|██████████| 13/13 [00:01<00:00,  8.90it/s]
100%|██████████| 13/13 [00:01<00:00,  7.90it/s]

  0%|          | 0/13 [00:00<?, ?it/s]
  8%|▊         | 1/13 [00:00<00:03,  3.50it/s]
 15%|█▌        | 2/13 [00:00<00:01,  5.55it/s]
 23%|██▎       | 3/13 [00:00<00:01,  6.70it/s]
 31%|███       | 4/13 [00:00<00:01,  7.48it/s]
 38%|███▊      | 5/13 [00:00<00:00,  8.05it/s]
 46%|████▌     | 6/13 [00:00<00:00,  8.45it/s]
 54%|█████▍    | 7/13 [00:00<00:00,  8.66it/s]
 62%|██████▏   | 8/13 [00:01<00:00,  8.83it/s]
 69%|██████▉   | 9/13 [00:01<00:00,  8.41it/s]
 77%|███████▋  | 10/13 [00:01<00:00,  8.69it/s]
 85%|████████▍ | 11/13 [00:01<00:00,  8.72it/s]
 92%|█████████▏| 12/13 [00:01<00:00,  8.61it/s]
100%|██████████| 13/13 [00:01<00:00,  8.56it/s]
100%|██████████| 13/13 [00:01<00:00,  7.94it/s]

  0%|          | 0/13 [00:00<?, ?it/s]
  8%|▊         | 1/13 [00:00<00:03,  3.31it/s]
 15%|█▌        | 2/13 [00:00<00:02,  5.16it/s]
 23%|██▎       | 3/13 [00:00<00:01,  6.31it/s]
 31%|███       | 4/13 [00:00<00:01,  7.04it/s]
 38%|███▊      | 5/13 [00:00<00:01,  7.58it/s]
 46%|████▌     | 6/13 [00:00<00:00,  8.09it/s]
 54%|█████▍    | 7/13 [00:00<00:00,  8.28it/s]
 62%|██████▏   | 8/13 [00:01<00:00,  8.53it/s]
 69%|██████▉   | 9/13 [00:01<00:00,  8.76it/s]
 77%|███████▋  | 10/13 [00:01<00:00,  8.78it/s]
 85%|████████▍ | 11/13 [00:01<00:00,  8.78it/s]
 92%|█████████▏| 12/13 [00:01<00:00,  8.74it/s]
100%|██████████| 13/13 [00:01<00:00,  8.93it/s]
100%|██████████| 13/13 [00:01<00:00,  7.85it/s]

  0%|          | 0/13 [00:00<?, ?it/s]
  8%|▊         | 1/13 [00:00<00:03,  3.23it/s]
 15%|█▌        | 2/13 [00:00<00:02,  5.11it/s]
 23%|██▎       | 3/13 [00:00<00:01,  6.28it/s]
 31%|███       | 4/13 [00:00<00:01,  6.99it/s]
 38%|███▊      | 5/13 [00:00<00:01,  7.47it/s]
 46%|████▌     | 6/13 [00:00<00:00,  7.86it/s]
 54%|█████▍    | 7/13 [00:01<00:00,  8.14it/s]
 62%|██████▏   | 8/13 [00:01<00:00,  8.45it/s]
 69%|██████▉   | 9/13 [00:01<00:00,  8.39it/s]
 77%|███████▋  | 10/13 [00:01<00:00,  8.58it/s]
 85%|████████▍ | 11/13 [00:01<00:00,  8.71it/s]
 92%|█████████▏| 12/13 [00:01<00:00,  8.70it/s]
100%|██████████| 13/13 [00:01<00:00,  8.82it/s]
100%|██████████| 13/13 [00:01<00:00,  7.73it/s]

  0%|          | 0/13 [00:00<?, ?it/s]
  8%|▊         | 1/13 [00:00<00:03,  3.36it/s]
 15%|█▌        | 2/13 [00:00<00:02,  5.39it/s]
 23%|██▎       | 3/13 [00:00<00:01,  6.64it/s]
 31%|███       | 4/13 [00:00<00:01,  7.41it/s]
 38%|███▊      | 5/13 [00:00<00:01,  7.77it/s]
 46%|████▌     | 6/13 [00:00<00:00,  7.97it/s]
 54%|█████▍    | 7/13 [00:00<00:00,  8.28it/s]
 62%|██████▏   | 8/13 [00:01<00:00,  8.60it/s]
 69%|██████▉   | 9/13 [00:01<00:00,  8.77it/s]
 77%|███████▋  | 10/13 [00:01<00:00,  8.81it/s]
 85%|████████▍ | 11/13 [00:01<00:00,  8.88it/s]
 92%|█████████▏| 12/13 [00:01<00:00,  8.93it/s]
100%|██████████| 13/13 [00:01<00:00,  8.87it/s]
100%|██████████| 13/13 [00:01<00:00,  7.95it/s]

  0%|          | 0/13 [00:00<?, ?it/s]
  8%|▊         | 1/13 [00:00<00:03,  3.06it/s]
 15%|█▌        | 2/13 [00:00<00:02,  5.04it/s]
 23%|██▎       | 3/13 [00:00<00:01,  6.22it/s]
 31%|███       | 4/13 [00:00<00:01,  6.95it/s]
 38%|███▊      | 5/13 [00:00<00:01,  7.50it/s]
 46%|████▌     | 6/13 [00:00<00:00,  7.67it/s]
 54%|█████▍    | 7/13 [00:01<00:00,  8.10it/s]
 62%|██████▏   | 8/13 [00:01<00:00,  8.33it/s]
 69%|██████▉   | 9/13 [00:01<00:00,  8.59it/s]
 77%|███████▋  | 10/13 [00:01<00:00,  8.78it/s]
 85%|████████▍ | 11/13 [00:01<00:00,  8.96it/s]
 92%|█████████▏| 12/13 [00:01<00:00,  8.64it/s]
100%|██████████| 13/13 [00:01<00:00,  8.48it/s]
100%|██████████| 13/13 [00:01<00:00,  7.64it/s]

  0%|          | 0/13 [00:00<?, ?it/s]
  8%|▊         | 1/13 [00:00<00:04,  2.60it/s]
 15%|█▌        | 2/13 [00:00<00:02,  4.50it/s]
 23%|██▎       | 3/13 [00:00<00:01,  5.90it/s]
 31%|███       | 4/13 [00:00<00:01,  6.84it/s]
 38%|███▊      | 5/13 [00:00<00:01,  7.52it/s]
 46%|████▌     | 6/13 [00:00<00:00,  8.00it/s]
 54%|█████▍    | 7/13 [00:01<00:00,  8.31it/s]
 62%|██████▏   | 8/13 [00:01<00:00,  8.51it/s]
 69%|██████▉   | 9/13 [00:01<00:00,  8.57it/s]
 77%|███████▋  | 10/13 [00:01<00:00,  8.61it/s]
 85%|████████▍ | 11/13 [00:01<00:00,  8.68it/s]
 92%|█████████▏| 12/13 [00:01<00:00,  8.73it/s]
100%|██████████| 13/13 [00:01<00:00,  8.81it/s]
100%|██████████| 13/13 [00:01<00:00,  7.57it/s]

  0%|          | 0/13 [00:00<?, ?it/s]
  8%|▊         | 1/13 [00:00<00:03,  3.22it/s]
 15%|█▌        | 2/13 [00:00<00:02,  5.17it/s]
 23%|██▎       | 3/13 [00:00<00:01,  6.46it/s]
 31%|███       | 4/13 [00:00<00:01,  7.21it/s]
 38%|███▊      | 5/13 [00:00<00:01,  7.84it/s]
 46%|████▌     | 6/13 [00:00<00:00,  8.18it/s]
 54%|█████▍    | 7/13 [00:00<00:00,  8.35it/s]
 62%|██████▏   | 8/13 [00:01<00:00,  8.63it/s]
 69%|██████▉   | 9/13 [00:01<00:00,  8.71it/s]
 77%|███████▋  | 10/13 [00:01<00:00,  8.68it/s]
 85%|████████▍ | 11/13 [00:01<00:00,  8.71it/s]
 92%|█████████▏| 12/13 [00:01<00:00,  8.82it/s]
100%|██████████| 13/13 [00:01<00:00,  8.75it/s]
100%|██████████| 13/13 [00:01<00:00,  7.85it/s]

  0%|          | 0/13 [00:00<?, ?it/s]
  8%|▊         | 1/13 [00:00<00:03,  3.38it/s]
 15%|█▌        | 2/13 [00:00<00:02,  5.38it/s]
 23%|██▎       | 3/13 [00:00<00:01,  6.56it/s]
 31%|███       | 4/13 [00:00<00:01,  7.17it/s]
 38%|███▊      | 5/13 [00:00<00:01,  7.73it/s]
 46%|████▌     | 6/13 [00:00<00:00,  8.17it/s]
 54%|█████▍    | 7/13 [00:00<00:00,  8.42it/s]
 62%|██████▏   | 8/13 [00:01<00:00,  8.57it/s]
 69%|██████▉   | 9/13 [00:01<00:00,  8.73it/s]
 77%|███████▋  | 10/13 [00:01<00:00,  8.73it/s]
 85%|████████▍ | 11/13 [00:01<00:00,  8.86it/s]
 92%|█████████▏| 12/13 [00:01<00:00,  8.94it/s]
100%|██████████| 13/13 [00:01<00:00,  8.86it/s]
100%|██████████| 13/13 [00:01<00:00,  7.93it/s]
[250/750] Impressionism__Impressionism__claude-monet_palazzo-contarini-2__to__Rococo.png  dt=1.88s  elapsed=8.0m  eta=16.0m

  0%|          | 0/13 [00:00<?, ?it/s]
  8%|▊         | 1/13 [00:00<00:03,  3.09it/s]
 15%|█▌        | 2/13 [00:00<00:02,  5.01it/s]
 23%|██▎       | 3/13 [00:00<00:01,  6.22it/s]
 31%|███       | 4/13 [00:00<00:01,  7.06it/s]
 38%|███▊      | 5/13 [00:00<00:01,  7.64it/s]
 46%|████▌     | 6/13 [00:00<00:00,  8.08it/s]
 54%|█████▍    | 7/13 [00:00<00:00,  8.33it/s]
 62%|██████▏   | 8/13 [00:01<00:00,  8.53it/s]
 69%|██████▉   | 9/13 [00:01<00:00,  8.35it/s]
 77%|███████▋  | 10/13 [00:01<00:00,  8.33it/s]
 85%|████████▍ | 11/13 [00:01<00:00,  8.33it/s]
 92%|█████████▏| 12/13 [00:01<00:00,  8.45it/s]
100%|██████████| 13/13 [00:01<00:00,  8.64it/s]
100%|██████████| 13/13 [00:01<00:00,  7.65it/s]

  0%|          | 0/13 [00:00<?, ?it/s]
  8%|▊         | 1/13 [00:00<00:03,  3.26it/s]
 15%|█▌        | 2/13 [00:00<00:02,  4.76it/s]
 23%|██▎       | 3/13 [00:00<00:01,  5.94it/s]
 31%|███       | 4/13 [00:00<00:01,  6.84it/s]
 38%|███▊      | 5/13 [00:00<00:01,  7.47it/s]
 46%|████▌     | 6/13 [00:00<00:00,  7.98it/s]
 54%|█████▍    | 7/13 [00:01<00:00,  8.22it/s]
 62%|██████▏   | 8/13 [00:01<00:00,  8.36it/s]
 69%|██████▉   | 9/13 [00:01<00:00,  8.61it/s]
 77%|███████▋  | 10/13 [00:01<00:00,  8.72it/s]
 85%|████████▍ | 11/13 [00:01<00:00,  8.52it/s]
 92%|█████████▏| 12/13 [00:01<00:00,  8.52it/s]
100%|██████████| 13/13 [00:01<00:00,  8.33it/s]
100%|██████████| 13/13 [00:01<00:00,  7.57it/s]

  0%|          | 0/13 [00:00<?, ?it/s]
  8%|▊         | 1/13 [00:00<00:03,  3.30it/s]
 15%|█▌        | 2/13 [00:00<00:02,  5.20it/s]
 23%|██▎       | 3/13 [00:00<00:01,  6.38it/s]
 31%|███       | 4/13 [00:00<00:01,  7.07it/s]
 38%|███▊      | 5/13 [00:00<00:01,  7.53it/s]
 46%|████▌     | 6/13 [00:00<00:00,  8.02it/s]
 54%|█████▍    | 7/13 [00:00<00:00,  8.22it/s]
 62%|██████▏   | 8/13 [00:01<00:00,  8.48it/s]
 69%|██████▉   | 9/13 [00:01<00:00,  8.73it/s]
 77%|███████▋  | 10/13 [00:01<00:00,  8.72it/s]
 85%|████████▍ | 11/13 [00:01<00:00,  8.87it/s]
 92%|█████████▏| 12/13 [00:01<00:00,  8.94it/s]
100%|██████████| 13/13 [00:01<00:00,  8.86it/s]
100%|██████████| 13/13 [00:01<00:00,  7.84it/s]

  0%|          | 0/13 [00:00<?, ?it/s]
  8%|▊         | 1/13 [00:00<00:03,  3.16it/s]
 15%|█▌        | 2/13 [00:00<00:02,  5.08it/s]
 23%|██▎       | 3/13 [00:00<00:01,  6.31it/s]
 31%|███       | 4/13 [00:00<00:01,  7.17it/s]
 38%|███▊      | 5/13 [00:00<00:01,  7.48it/s]
 46%|████▌     | 6/13 [00:00<00:00,  8.06it/s]
 54%|█████▍    | 7/13 [00:00<00:00,  8.50it/s]
 62%|██████▏   | 8/13 [00:01<00:00,  8.67it/s]
 69%|██████▉   | 9/13 [00:01<00:00,  8.35it/s]
 77%|███████▋  | 10/13 [00:01<00:00,  8.54it/s]
 85%|████████▍ | 11/13 [00:01<00:00,  8.60it/s]
 92%|█████████▏| 12/13 [00:01<00:00,  8.66it/s]
100%|██████████| 13/13 [00:01<00:00,  8.69it/s]
100%|██████████| 13/13 [00:01<00:00,  7.74it/s]

  0%|          | 0/13 [00:00<?, ?it/s]
  8%|▊         | 1/13 [00:00<00:03,  3.40it/s]
 15%|█▌        | 2/13 [00:00<00:02,  5.34it/s]
 23%|██▎       | 3/13 [00:00<00:01,  6.36it/s]
 31%|███       | 4/13 [00:00<00:01,  7.10it/s]
 38%|███▊      | 5/13 [00:00<00:01,  7.68it/s]
 46%|████▌     | 6/13 [00:00<00:00,  7.92it/s]
 54%|█████▍    | 7/13 [00:00<00:00,  8.13it/s]
 62%|██████▏   | 8/13 [00:01<00:00,  8.31it/s]
 69%|██████▉   | 9/13 [00:01<00:00,  8.54it/s]
 77%|███████▋  | 10/13 [00:01<00:00,  8.66it/s]
 85%|████████▍ | 11/13 [00:01<00:00,  8.71it/s]
 92%|█████████▏| 12/13 [00:01<00:00,  8.85it/s]
100%|██████████| 13/13 [00:01<00:00,  8.98it/s]
100%|██████████| 13/13 [00:01<00:00,  7.85it/s]

  0%|          | 0/13 [00:00<?, ?it/s]
  8%|▊         | 1/13 [00:00<00:03,  3.27it/s]
 15%|█▌        | 2/13 [00:00<00:02,  5.27it/s]
 23%|██▎       | 3/13 [00:00<00:01,  6.59it/s]
 31%|███       | 4/13 [00:00<00:01,  7.39it/s]
 38%|███▊      | 5/13 [00:00<00:01,  7.79it/s]
 46%|████▌     | 6/13 [00:00<00:00,  7.99it/s]
 54%|█████▍    | 7/13 [00:00<00:00,  8.16it/s]
 62%|██████▏   | 8/13 [00:01<00:00,  8.31it/s]
 69%|██████▉   | 9/13 [00:01<00:00,  8.49it/s]
 77%|███████▋  | 10/13 [00:01<00:00,  8.65it/s]
 85%|████████▍ | 11/13 [00:01<00:00,  8.77it/s]
 92%|█████████▏| 12/13 [00:01<00:00,  8.92it/s]
100%|██████████| 13/13 [00:01<00:00,  9.03it/s]
100%|██████████| 13/13 [00:01<00:00,  7.89it/s]

  0%|          | 0/13 [00:00<?, ?it/s]
  8%|▊         | 1/13 [00:00<00:03,  3.24it/s]
 15%|█▌        | 2/13 [00:00<00:02,  5.20it/s]
 23%|██▎       | 3/13 [00:00<00:01,  6.15it/s]
 31%|███       | 4/13 [00:00<00:01,  6.96it/s]
 38%|███▊      | 5/13 [00:00<00:01,  7.41it/s]
 46%|████▌     | 6/13 [00:00<00:00,  8.05it/s]
 54%|█████▍    | 7/13 [00:00<00:00,  8.53it/s]
 62%|██████▏   | 8/13 [00:01<00:00,  8.74it/s]
 69%|██████▉   | 9/13 [00:01<00:00,  8.78it/s]
 77%|███████▋  | 10/13 [00:01<00:00,  8.93it/s]
 85%|████████▍ | 11/13 [00:01<00:00,  8.58it/s]
 92%|█████████▏| 12/13 [00:01<00:00,  8.80it/s]
100%|██████████| 13/13 [00:01<00:00,  8.94it/s]
100%|██████████| 13/13 [00:01<00:00,  7.84it/s]

  0%|          | 0/13 [00:00<?, ?it/s]
  8%|▊         | 1/13 [00:00<00:03,  3.40it/s]
 15%|█▌        | 2/13 [00:00<00:02,  5.43it/s]
 23%|██▎       | 3/13 [00:00<00:01,  6.70it/s]
 31%|███       | 4/13 [00:00<00:01,  7.53it/s]
 38%|███▊      | 5/13 [00:00<00:01,  7.90it/s]
 46%|████▌     | 6/13 [00:00<00:00,  8.23it/s]
 54%|█████▍    | 7/13 [00:00<00:00,  8.64it/s]
 62%|██████▏   | 8/13 [00:01<00:00,  8.97it/s]
 69%|██████▉   | 9/13 [00:01<00:00,  8.93it/s]
 77%|███████▋  | 10/13 [00:01<00:00,  8.92it/s]
 85%|████████▍ | 11/13 [00:01<00:00,  8.90it/s]
 92%|█████████▏| 12/13 [00:01<00:00,  8.88it/s]
100%|██████████| 13/13 [00:01<00:00,  8.92it/s]
100%|██████████| 13/13 [00:01<00:00,  8.06it/s]

  0%|          | 0/13 [00:00<?, ?it/s]
  8%|▊         | 1/13 [00:00<00:03,  3.55it/s]
 15%|█▌        | 2/13 [00:00<00:01,  5.60it/s]
 23%|██▎       | 3/13 [00:00<00:01,  6.91it/s]
 31%|███       | 4/13 [00:00<00:01,  7.52it/s]
 38%|███▊      | 5/13 [00:00<00:00,  8.03it/s]
 46%|████▌     | 6/13 [00:00<00:00,  8.29it/s]
 54%|█████▍    | 7/13 [00:00<00:00,  8.55it/s]
 62%|██████▏   | 8/13 [00:01<00:00,  8.73it/s]
 69%|██████▉   | 9/13 [00:01<00:00,  8.60it/s]
 77%|███████▋  | 10/13 [00:01<00:00,  8.88it/s]
 85%|████████▍ | 11/13 [00:01<00:00,  8.92it/s]
 92%|█████████▏| 12/13 [00:01<00:00,  9.06it/s]
100%|██████████| 13/13 [00:01<00:00,  9.12it/s]
100%|██████████| 13/13 [00:01<00:00,  8.13it/s]

  0%|          | 0/13 [00:00<?, ?it/s]
  8%|▊         | 1/13 [00:00<00:03,  3.38it/s]
 15%|█▌        | 2/13 [00:00<00:02,  5.41it/s]
 23%|██▎       | 3/13 [00:00<00:01,  6.68it/s]
 31%|███       | 4/13 [00:00<00:01,  7.43it/s]
 38%|███▊      | 5/13 [00:00<00:00,  8.00it/s]
 46%|████▌     | 6/13 [00:00<00:00,  8.35it/s]
 54%|█████▍    | 7/13 [00:00<00:00,  8.67it/s]
 62%|██████▏   | 8/13 [00:01<00:00,  8.34it/s]
 69%|██████▉   | 9/13 [00:01<00:00,  8.62it/s]
 77%|███████▋  | 10/13 [00:01<00:00,  8.80it/s]
 85%|████████▍ | 11/13 [00:01<00:00,  8.95it/s]
 92%|█████████▏| 12/13 [00:01<00:00,  9.09it/s]
100%|██████████| 13/13 [00:01<00:00,  9.20it/s]
100%|██████████| 13/13 [00:01<00:00,  8.07it/s]

  0%|          | 0/13 [00:00<?, ?it/s]
  8%|▊         | 1/13 [00:00<00:03,  3.31it/s]
 23%|██▎       | 3/13 [00:00<00:01,  6.71it/s]
 31%|███       | 4/13 [00:00<00:01,  7.54it/s]
 38%|███▊      | 5/13 [00:00<00:01,  7.96it/s]
 46%|████▌     | 6/13 [00:00<00:00,  8.29it/s]
 54%|█████▍    | 7/13 [00:00<00:00,  8.53it/s]
 62%|██████▏   | 8/13 [00:01<00:00,  8.68it/s]
 69%|██████▉   | 9/13 [00:01<00:00,  8.84it/s]
 77%|███████▋  | 10/13 [00:01<00:00,  9.00it/s]
 85%|████████▍ | 11/13 [00:01<00:00,  9.10it/s]
 92%|█████████▏| 12/13 [00:01<00:00,  9.20it/s]
100%|██████████| 13/13 [00:01<00:00,  9.29it/s]
100%|██████████| 13/13 [00:01<00:00,  8.28it/s]

  0%|          | 0/13 [00:00<?, ?it/s]
  8%|▊         | 1/13 [00:00<00:03,  3.67it/s]
 15%|█▌        | 2/13 [00:00<00:01,  5.79it/s]
 23%|██▎       | 3/13 [00:00<00:01,  6.82it/s]
 31%|███       | 4/13 [00:00<00:01,  7.51it/s]
 38%|███▊      | 5/13 [00:00<00:01,  7.81it/s]
 46%|████▌     | 6/13 [00:00<00:00,  8.25it/s]
 54%|█████▍    | 7/13 [00:00<00:00,  8.46it/s]
 62%|██████▏   | 8/13 [00:01<00:00,  8.69it/s]
 69%|██████▉   | 9/13 [00:01<00:00,  8.89it/s]
 77%|███████▋  | 10/13 [00:01<00:00,  9.01it/s]
 85%|████████▍ | 11/13 [00:01<00:00,  9.08it/s]
 92%|█████████▏| 12/13 [00:01<00:00,  9.15it/s]
100%|██████████| 13/13 [00:01<00:00,  9.14it/s]
100%|██████████| 13/13 [00:01<00:00,  8.17it/s]

  0%|          | 0/13 [00:00<?, ?it/s]
  8%|▊         | 1/13 [00:00<00:03,  3.74it/s]
 23%|██▎       | 3/13 [00:00<00:01,  6.79it/s]
 31%|███       | 4/13 [00:00<00:01,  7.47it/s]
 38%|███▊      | 5/13 [00:00<00:01,  7.82it/s]
 46%|████▌     | 6/13 [00:00<00:00,  8.06it/s]
 54%|█████▍    | 7/13 [00:00<00:00,  8.34it/s]
 62%|██████▏   | 8/13 [00:01<00:00,  8.56it/s]
 69%|██████▉   | 9/13 [00:01<00:00,  8.72it/s]
 77%|███████▋  | 10/13 [00:01<00:00,  8.92it/s]
 85%|████████▍ | 11/13 [00:01<00:00,  8.98it/s]
 92%|█████████▏| 12/13 [00:01<00:00,  9.07it/s]
100%|██████████| 13/13 [00:01<00:00,  9.07it/s]
100%|██████████| 13/13 [00:01<00:00,  8.21it/s]

  0%|          | 0/13 [00:00<?, ?it/s]
  8%|▊         | 1/13 [00:00<00:03,  3.34it/s]
 23%|██▎       | 3/13 [00:00<00:01,  6.75it/s]
 38%|███▊      | 5/13 [00:00<00:01,  7.96it/s]
 46%|████▌     | 6/13 [00:00<00:00,  8.26it/s]
 54%|█████▍    | 7/13 [00:00<00:00,  8.47it/s]
 62%|██████▏   | 8/13 [00:01<00:00,  8.67it/s]
 69%|██████▉   | 9/13 [00:01<00:00,  8.87it/s]
 77%|███████▋  | 10/13 [00:01<00:00,  9.05it/s]
 85%|████████▍ | 11/13 [00:01<00:00,  9.24it/s]
 92%|█████████▏| 12/13 [00:01<00:00,  9.25it/s]
100%|██████████| 13/13 [00:01<00:00,  9.27it/s]
100%|██████████| 13/13 [00:01<00:00,  8.35it/s]

  0%|          | 0/13 [00:00<?, ?it/s]
  8%|▊         | 1/13 [00:00<00:03,  3.49it/s]
 15%|█▌        | 2/13 [00:00<00:01,  5.62it/s]
 23%|██▎       | 3/13 [00:00<00:01,  6.82it/s]
 31%|███       | 4/13 [00:00<00:01,  7.64it/s]
 38%|███▊      | 5/13 [00:00<00:00,  8.10it/s]
 46%|████▌     | 6/13 [00:00<00:00,  8.46it/s]
 54%|█████▍    | 7/13 [00:00<00:00,  8.65it/s]
 62%|██████▏   | 8/13 [00:01<00:00,  8.88it/s]
 69%|██████▉   | 9/13 [00:01<00:00,  8.94it/s]
 77%|███████▋  | 10/13 [00:01<00:00,  9.04it/s]
 85%|████████▍ | 11/13 [00:01<00:00,  9.16it/s]
 92%|█████████▏| 12/13 [00:01<00:00,  9.31it/s]
100%|██████████| 13/13 [00:01<00:00,  9.37it/s]
100%|██████████| 13/13 [00:01<00:00,  8.26it/s]

  0%|          | 0/13 [00:00<?, ?it/s]
  8%|▊         | 1/13 [00:00<00:03,  3.75it/s]
 23%|██▎       | 3/13 [00:00<00:01,  6.95it/s]
 31%|███       | 4/13 [00:00<00:01,  7.69it/s]
 38%|███▊      | 5/13 [00:00<00:00,  8.09it/s]
 46%|████▌     | 6/13 [00:00<00:00,  8.23it/s]
 54%|█████▍    | 7/13 [00:00<00:00,  8.53it/s]
 62%|██████▏   | 8/13 [00:01<00:00,  8.76it/s]
 69%|██████▉   | 9/13 [00:01<00:00,  8.90it/s]
 77%|███████▋  | 10/13 [00:01<00:00,  8.99it/s]
 85%|████████▍ | 11/13 [00:01<00:00,  9.01it/s]
 92%|█████████▏| 12/13 [00:01<00:00,  9.08it/s]
100%|██████████| 13/13 [00:01<00:00,  9.07it/s]
100%|██████████| 13/13 [00:01<00:00,  8.33it/s]

  0%|          | 0/13 [00:00<?, ?it/s]
  8%|▊         | 1/13 [00:00<00:03,  3.18it/s]
 15%|█▌        | 2/13 [00:00<00:02,  5.21it/s]
 23%|██▎       | 3/13 [00:00<00:01,  6.53it/s]
 31%|███       | 4/13 [00:00<00:01,  7.37it/s]
 38%|███▊      | 5/13 [00:00<00:01,  7.84it/s]
 46%|████▌     | 6/13 [00:00<00:00,  8.11it/s]
 54%|█████▍    | 7/13 [00:00<00:00,  8.41it/s]
 62%|██████▏   | 8/13 [00:01<00:00,  8.65it/s]
 69%|██████▉   | 9/13 [00:01<00:00,  8.86it/s]
 77%|███████▋  | 10/13 [00:01<00:00,  8.94it/s]
 85%|████████▍ | 11/13 [00:01<00:00,  8.99it/s]
 92%|█████████▏| 12/13 [00:01<00:00,  9.08it/s]
100%|██████████| 13/13 [00:01<00:00,  9.18it/s]
100%|██████████| 13/13 [00:01<00:00,  8.01it/s]

  0%|          | 0/13 [00:00<?, ?it/s]
  8%|▊         | 1/13 [00:00<00:03,  3.57it/s]
 15%|█▌        | 2/13 [00:00<00:01,  5.69it/s]
 23%|██▎       | 3/13 [00:00<00:01,  6.91it/s]
 31%|███       | 4/13 [00:00<00:01,  7.66it/s]
 38%|███▊      | 5/13 [00:00<00:00,  8.16it/s]
 46%|████▌     | 6/13 [00:00<00:00,  8.56it/s]
 54%|█████▍    | 7/13 [00:00<00:00,  8.78it/s]
 62%|██████▏   | 8/13 [00:01<00:00,  8.93it/s]
 69%|██████▉   | 9/13 [00:01<00:00,  8.92it/s]
 77%|███████▋  | 10/13 [00:01<00:00,  8.94it/s]
 85%|████████▍ | 11/13 [00:01<00:00,  9.09it/s]
 92%|█████████▏| 12/13 [00:01<00:00,  9.10it/s]
100%|██████████| 13/13 [00:01<00:00,  9.20it/s]
100%|██████████| 13/13 [00:01<00:00,  8.25it/s]

  0%|          | 0/13 [00:00<?, ?it/s]
  8%|▊         | 1/13 [00:00<00:03,  3.75it/s]
 23%|██▎       | 3/13 [00:00<00:01,  6.75it/s]
 31%|███       | 4/13 [00:00<00:01,  7.36it/s]
 38%|███▊      | 5/13 [00:00<00:01,  7.89it/s]
 46%|████▌     | 6/13 [00:00<00:00,  8.22it/s]
 54%|█████▍    | 7/13 [00:00<00:00,  8.45it/s]
 62%|██████▏   | 8/13 [00:01<00:00,  8.64it/s]
 69%|██████▉   | 9/13 [00:01<00:00,  8.85it/s]
 77%|███████▋  | 10/13 [00:01<00:00,  9.01it/s]
 85%|████████▍ | 11/13 [00:01<00:00,  9.07it/s]
 92%|█████████▏| 12/13 [00:01<00:00,  9.16it/s]
100%|██████████| 13/13 [00:01<00:00,  9.28it/s]
100%|██████████| 13/13 [00:01<00:00,  8.30it/s]

  0%|          | 0/13 [00:00<?, ?it/s]
  8%|▊         | 1/13 [00:00<00:03,  3.75it/s]
 15%|█▌        | 2/13 [00:00<00:01,  5.85it/s]
 23%|██▎       | 3/13 [00:00<00:01,  6.94it/s]
 31%|███       | 4/13 [00:00<00:01,  7.58it/s]
 38%|███▊      | 5/13 [00:00<00:00,  8.14it/s]
 46%|████▌     | 6/13 [00:00<00:00,  8.49it/s]
 54%|█████▍    | 7/13 [00:00<00:00,  8.79it/s]
 62%|██████▏   | 8/13 [00:01<00:00,  8.96it/s]
 69%|██████▉   | 9/13 [00:01<00:00,  9.15it/s]
 77%|███████▋  | 10/13 [00:01<00:00,  9.27it/s]
 85%|████████▍ | 11/13 [00:01<00:00,  9.30it/s]
 92%|█████████▏| 12/13 [00:01<00:00,  9.26it/s]
100%|██████████| 13/13 [00:01<00:00,  9.24it/s]
100%|██████████| 13/13 [00:01<00:00,  8.34it/s]

  0%|          | 0/13 [00:00<?, ?it/s]
  8%|▊         | 1/13 [00:00<00:03,  3.81it/s]
 23%|██▎       | 3/13 [00:00<00:01,  7.17it/s]
 38%|███▊      | 5/13 [00:00<00:00,  8.54it/s]
 46%|████▌     | 6/13 [00:00<00:00,  8.87it/s]
 62%|██████▏   | 8/13 [00:00<00:00,  9.26it/s]
 77%|███████▋  | 10/13 [00:01<00:00,  9.53it/s]
 85%|████████▍ | 11/13 [00:01<00:00,  9.50it/s]
 92%|█████████▏| 12/13 [00:01<00:00,  9.43it/s]
100%|██████████| 13/13 [00:01<00:00,  9.39it/s]
100%|██████████| 13/13 [00:01<00:00,  8.81it/s]

  0%|          | 0/13 [00:00<?, ?it/s]
  8%|▊         | 1/13 [00:00<00:03,  3.51it/s]
 15%|█▌        | 2/13 [00:00<00:01,  5.54it/s]
 23%|██▎       | 3/13 [00:00<00:01,  6.83it/s]
 31%|███       | 4/13 [00:00<00:01,  7.46it/s]
 38%|███▊      | 5/13 [00:00<00:00,  8.12it/s]
 46%|████▌     | 6/13 [00:00<00:00,  8.50it/s]
 54%|█████▍    | 7/13 [00:00<00:00,  8.22it/s]
 62%|██████▏   | 8/13 [00:01<00:00,  8.30it/s]
 69%|██████▉   | 9/13 [00:01<00:00,  8.52it/s]
 77%|███████▋  | 10/13 [00:01<00:00,  8.58it/s]
 85%|████████▍ | 11/13 [00:01<00:00,  8.78it/s]
 92%|█████████▏| 12/13 [00:01<00:00,  8.86it/s]
100%|██████████| 13/13 [00:01<00:00,  8.88it/s]
100%|██████████| 13/13 [00:01<00:00,  7.99it/s]

  0%|          | 0/13 [00:00<?, ?it/s]
  8%|▊         | 1/13 [00:00<00:04,  2.83it/s]
 23%|██▎       | 3/13 [00:00<00:01,  6.07it/s]
 31%|███       | 4/13 [00:00<00:01,  6.85it/s]
 38%|███▊      | 5/13 [00:00<00:01,  7.42it/s]
 46%|████▌     | 6/13 [00:00<00:00,  7.85it/s]
 54%|█████▍    | 7/13 [00:00<00:00,  8.26it/s]
 62%|██████▏   | 8/13 [00:01<00:00,  8.50it/s]
 69%|██████▉   | 9/13 [00:01<00:00,  8.77it/s]
 77%|███████▋  | 10/13 [00:01<00:00,  8.91it/s]
 85%|████████▍ | 11/13 [00:01<00:00,  9.02it/s]
 92%|█████████▏| 12/13 [00:01<00:00,  9.04it/s]
100%|██████████| 13/13 [00:01<00:00,  9.12it/s]
100%|██████████| 13/13 [00:01<00:00,  7.92it/s]

  0%|          | 0/13 [00:00<?, ?it/s]
  8%|▊         | 1/13 [00:00<00:03,  3.54it/s]
 15%|█▌        | 2/13 [00:00<00:01,  5.57it/s]
 23%|██▎       | 3/13 [00:00<00:01,  6.88it/s]
 31%|███       | 4/13 [00:00<00:01,  7.48it/s]
 38%|███▊      | 5/13 [00:00<00:01,  7.32it/s]
 46%|████▌     | 6/13 [00:00<00:00,  7.86it/s]
 54%|█████▍    | 7/13 [00:00<00:00,  8.18it/s]
 62%|██████▏   | 8/13 [00:01<00:00,  8.49it/s]
 69%|██████▉   | 9/13 [00:01<00:00,  8.62it/s]
 77%|███████▋  | 10/13 [00:01<00:00,  8.77it/s]
 85%|████████▍ | 11/13 [00:01<00:00,  8.94it/s]
 92%|█████████▏| 12/13 [00:01<00:00,  9.01it/s]
100%|██████████| 13/13 [00:01<00:00,  9.07it/s]
100%|██████████| 13/13 [00:01<00:00,  7.99it/s]

  0%|          | 0/13 [00:00<?, ?it/s]
  8%|▊         | 1/13 [00:00<00:03,  3.51it/s]
 15%|█▌        | 2/13 [00:00<00:01,  5.54it/s]
 23%|██▎       | 3/13 [00:00<00:01,  6.86it/s]
 31%|███       | 4/13 [00:00<00:01,  7.68it/s]
 38%|███▊      | 5/13 [00:00<00:00,  8.30it/s]
 46%|████▌     | 6/13 [00:00<00:00,  8.67it/s]
 54%|█████▍    | 7/13 [00:00<00:00,  8.88it/s]
 62%|██████▏   | 8/13 [00:01<00:00,  8.95it/s]
 69%|██████▉   | 9/13 [00:01<00:00,  9.00it/s]
 77%|███████▋  | 10/13 [00:01<00:00,  9.05it/s]
 85%|████████▍ | 11/13 [00:01<00:00,  9.18it/s]
 92%|█████████▏| 12/13 [00:01<00:00,  9.15it/s]
100%|██████████| 13/13 [00:01<00:00,  9.27it/s]
100%|██████████| 13/13 [00:01<00:00,  8.29it/s]

  0%|          | 0/13 [00:00<?, ?it/s]
  8%|▊         | 1/13 [00:00<00:03,  3.57it/s]
 15%|█▌        | 2/13 [00:00<00:01,  5.63it/s]
 23%|██▎       | 3/13 [00:00<00:01,  6.92it/s]
 31%|███       | 4/13 [00:00<00:01,  7.71it/s]
 38%|███▊      | 5/13 [00:00<00:00,  8.29it/s]
 46%|████▌     | 6/13 [00:00<00:00,  8.57it/s]
 54%|█████▍    | 7/13 [00:00<00:00,  8.84it/s]
 62%|██████▏   | 8/13 [00:01<00:00,  9.01it/s]
 69%|██████▉   | 9/13 [00:01<00:00,  9.21it/s]
 77%|███████▋  | 10/13 [00:01<00:00,  9.35it/s]
 85%|████████▍ | 11/13 [00:01<00:00,  9.36it/s]
 92%|█████████▏| 12/13 [00:01<00:00,  9.01it/s]
100%|██████████| 13/13 [00:01<00:00,  9.19it/s]
100%|██████████| 13/13 [00:01<00:00,  8.32it/s]

  0%|          | 0/13 [00:00<?, ?it/s]
  8%|▊         | 1/13 [00:00<00:03,  3.64it/s]
 15%|█▌        | 2/13 [00:00<00:01,  5.60it/s]
 23%|██▎       | 3/13 [00:00<00:01,  6.78it/s]
 31%|███       | 4/13 [00:00<00:01,  7.62it/s]
 38%|███▊      | 5/13 [00:00<00:01,  7.89it/s]
 46%|████▌     | 6/13 [00:00<00:00,  8.30it/s]
 54%|█████▍    | 7/13 [00:00<00:00,  8.65it/s]
 62%|██████▏   | 8/13 [00:01<00:00,  8.89it/s]
 69%|██████▉   | 9/13 [00:01<00:00,  9.00it/s]
 77%|███████▋  | 10/13 [00:01<00:00,  9.14it/s]
 85%|████████▍ | 11/13 [00:01<00:00,  9.06it/s]
 92%|█████████▏| 12/13 [00:01<00:00,  9.00it/s]
100%|██████████| 13/13 [00:01<00:00,  9.03it/s]
100%|██████████| 13/13 [00:01<00:00,  8.18it/s]

  0%|          | 0/13 [00:00<?, ?it/s]
  8%|▊         | 1/13 [00:00<00:04,  2.45it/s]
 15%|█▌        | 2/13 [00:00<00:02,  4.33it/s]
 23%|██▎       | 3/13 [00:00<00:01,  5.80it/s]
 31%|███       | 4/13 [00:00<00:01,  6.81it/s]
 38%|███▊      | 5/13 [00:00<00:01,  7.58it/s]
 46%|████▌     | 6/13 [00:00<00:00,  8.10it/s]
 54%|█████▍    | 7/13 [00:01<00:00,  8.51it/s]
 62%|██████▏   | 8/13 [00:01<00:00,  8.80it/s]
 69%|██████▉   | 9/13 [00:01<00:00,  8.79it/s]
 77%|███████▋  | 10/13 [00:01<00:00,  9.01it/s]
 85%|████████▍ | 11/13 [00:01<00:00,  9.07it/s]
 92%|█████████▏| 12/13 [00:01<00:00,  9.16it/s]
100%|██████████| 13/13 [00:01<00:00,  9.20it/s]
100%|██████████| 13/13 [00:01<00:00,  7.69it/s]

  0%|          | 0/13 [00:00<?, ?it/s]
  8%|▊         | 1/13 [00:00<00:04,  2.97it/s]
 15%|█▌        | 2/13 [00:00<00:02,  4.87it/s]
 23%|██▎       | 3/13 [00:00<00:01,  6.17it/s]
 31%|███       | 4/13 [00:00<00:01,  7.06it/s]
 38%|███▊      | 5/13 [00:00<00:01,  7.77it/s]
 46%|████▌     | 6/13 [00:00<00:00,  8.07it/s]
 54%|█████▍    | 7/13 [00:01<00:00,  8.30it/s]
 62%|██████▏   | 8/13 [00:01<00:00,  8.38it/s]
 69%|██████▉   | 9/13 [00:01<00:00,  8.62it/s]
 77%|███████▋  | 10/13 [00:01<00:00,  8.76it/s]
 85%|████████▍ | 11/13 [00:01<00:00,  8.84it/s]
 92%|█████████▏| 12/13 [00:01<00:00,  8.85it/s]
100%|██████████| 13/13 [00:01<00:00,  8.96it/s]
100%|██████████| 13/13 [00:01<00:00,  7.77it/s]

  0%|          | 0/13 [00:00<?, ?it/s]
  8%|▊         | 1/13 [00:00<00:03,  3.41it/s]
 15%|█▌        | 2/13 [00:00<00:02,  5.48it/s]
 23%|██▎       | 3/13 [00:00<00:01,  6.79it/s]
 31%|███       | 4/13 [00:00<00:01,  7.64it/s]
 38%|███▊      | 5/13 [00:00<00:00,  8.21it/s]
 46%|████▌     | 6/13 [00:00<00:00,  8.55it/s]
 54%|█████▍    | 7/13 [00:00<00:00,  8.82it/s]
 62%|██████▏   | 8/13 [00:01<00:00,  9.02it/s]
 69%|██████▉   | 9/13 [00:01<00:00,  9.10it/s]
 77%|███████▋  | 10/13 [00:01<00:00,  9.20it/s]
 85%|████████▍ | 11/13 [00:01<00:00,  9.19it/s]
 92%|█████████▏| 12/13 [00:01<00:00,  9.26it/s]
100%|██████████| 13/13 [00:01<00:00,  9.20it/s]
100%|██████████| 13/13 [00:01<00:00,  8.26it/s]

  0%|          | 0/13 [00:00<?, ?it/s]
  8%|▊         | 1/13 [00:00<00:03,  3.57it/s]
 15%|█▌        | 2/13 [00:00<00:01,  5.64it/s]
 23%|██▎       | 3/13 [00:00<00:01,  6.96it/s]
 31%|███       | 4/13 [00:00<00:01,  7.70it/s]
 38%|███▊      | 5/13 [00:00<00:00,  8.23it/s]
 46%|████▌     | 6/13 [00:00<00:00,  8.58it/s]
 54%|█████▍    | 7/13 [00:00<00:00,  8.82it/s]
 62%|██████▏   | 8/13 [00:01<00:00,  9.00it/s]
 69%|██████▉   | 9/13 [00:01<00:00,  8.76it/s]
 77%|███████▋  | 10/13 [00:01<00:00,  8.83it/s]
 85%|████████▍ | 11/13 [00:01<00:00,  9.02it/s]
 92%|█████████▏| 12/13 [00:01<00:00,  8.86it/s]
100%|██████████| 13/13 [00:01<00:00,  9.08it/s]
100%|██████████| 13/13 [00:01<00:00,  8.21it/s]

  0%|          | 0/13 [00:00<?, ?it/s]
  8%|▊         | 1/13 [00:00<00:03,  3.32it/s]
 15%|█▌        | 2/13 [00:00<00:02,  5.35it/s]
 23%|██▎       | 3/13 [00:00<00:01,  6.58it/s]
 31%|███       | 4/13 [00:00<00:01,  7.43it/s]
 38%|███▊      | 5/13 [00:00<00:00,  8.09it/s]
 46%|████▌     | 6/13 [00:00<00:00,  8.52it/s]
 54%|█████▍    | 7/13 [00:00<00:00,  8.80it/s]
 62%|██████▏   | 8/13 [00:01<00:00,  8.92it/s]
 69%|██████▉   | 9/13 [00:01<00:00,  9.09it/s]
 77%|███████▋  | 10/13 [00:01<00:00,  9.09it/s]
 85%|████████▍ | 11/13 [00:01<00:00,  9.08it/s]
 92%|█████████▏| 12/13 [00:01<00:00,  9.09it/s]
100%|██████████| 13/13 [00:01<00:00,  9.18it/s]
100%|██████████| 13/13 [00:01<00:00,  8.16it/s]

  0%|          | 0/13 [00:00<?, ?it/s]
  8%|▊         | 1/13 [00:00<00:03,  3.70it/s]
 15%|█▌        | 2/13 [00:00<00:01,  5.72it/s]
 23%|██▎       | 3/13 [00:00<00:01,  6.86it/s]
 31%|███       | 4/13 [00:00<00:01,  7.63it/s]
 38%|███▊      | 5/13 [00:00<00:00,  8.02it/s]
 46%|████▌     | 6/13 [00:00<00:00,  8.32it/s]
 54%|█████▍    | 7/13 [00:00<00:00,  8.54it/s]
 62%|██████▏   | 8/13 [00:01<00:00,  8.66it/s]
 69%|██████▉   | 9/13 [00:01<00:00,  8.88it/s]
 77%|███████▋  | 10/13 [00:01<00:00,  8.96it/s]
 85%|████████▍ | 11/13 [00:01<00:00,  9.05it/s]
 92%|█████████▏| 12/13 [00:01<00:00,  8.98it/s]
100%|██████████| 13/13 [00:01<00:00,  8.91it/s]
100%|██████████| 13/13 [00:01<00:00,  8.14it/s]

  0%|          | 0/13 [00:00<?, ?it/s]
  8%|▊         | 1/13 [00:00<00:03,  3.35it/s]
 15%|█▌        | 2/13 [00:00<00:02,  5.38it/s]
 23%|██▎       | 3/13 [00:00<00:01,  6.58it/s]
 31%|███       | 4/13 [00:00<00:01,  7.48it/s]
 38%|███▊      | 5/13 [00:00<00:00,  8.08it/s]
 46%|████▌     | 6/13 [00:00<00:00,  8.48it/s]
 54%|█████▍    | 7/13 [00:00<00:00,  8.74it/s]
 62%|██████▏   | 8/13 [00:01<00:00,  8.93it/s]
 69%|██████▉   | 9/13 [00:01<00:00,  9.02it/s]
 77%|███████▋  | 10/13 [00:01<00:00,  9.12it/s]
 85%|████████▍ | 11/13 [00:01<00:00,  9.22it/s]
 92%|█████████▏| 12/13 [00:01<00:00,  9.13it/s]
100%|██████████| 13/13 [00:01<00:00,  9.28it/s]
100%|██████████| 13/13 [00:01<00:00,  8.20it/s]

  0%|          | 0/13 [00:00<?, ?it/s]
  8%|▊         | 1/13 [00:00<00:03,  3.55it/s]
 15%|█▌        | 2/13 [00:00<00:02,  5.48it/s]
 23%|██▎       | 3/13 [00:00<00:01,  6.64it/s]
 31%|███       | 4/13 [00:00<00:01,  7.42it/s]
 38%|███▊      | 5/13 [00:00<00:00,  8.05it/s]
 46%|████▌     | 6/13 [00:00<00:00,  8.41it/s]
 54%|█████▍    | 7/13 [00:00<00:00,  8.41it/s]
 62%|██████▏   | 8/13 [00:01<00:00,  8.78it/s]
 69%|██████▉   | 9/13 [00:01<00:00,  9.02it/s]
 77%|███████▋  | 10/13 [00:01<00:00,  9.12it/s]
 85%|████████▍ | 11/13 [00:01<00:00,  9.23it/s]
 92%|█████████▏| 12/13 [00:01<00:00,  9.08it/s]
100%|██████████| 13/13 [00:01<00:00,  8.96it/s]
100%|██████████| 13/13 [00:01<00:00,  8.12it/s]

  0%|          | 0/13 [00:00<?, ?it/s]
  8%|▊         | 1/13 [00:00<00:03,  3.14it/s]
 15%|█▌        | 2/13 [00:00<00:02,  5.13it/s]
 23%|██▎       | 3/13 [00:00<00:01,  6.53it/s]
 31%|███       | 4/13 [00:00<00:01,  7.34it/s]
 38%|███▊      | 5/13 [00:00<00:01,  7.99it/s]
 46%|████▌     | 6/13 [00:00<00:00,  8.48it/s]
 54%|█████▍    | 7/13 [00:00<00:00,  8.77it/s]
 62%|██████▏   | 8/13 [00:01<00:00,  9.02it/s]
 69%|██████▉   | 9/13 [00:01<00:00,  9.14it/s]
 77%|███████▋  | 10/13 [00:01<00:00,  9.18it/s]
 85%|████████▍ | 11/13 [00:01<00:00,  9.21it/s]
 92%|█████████▏| 12/13 [00:01<00:00,  9.16it/s]
100%|██████████| 13/13 [00:01<00:00,  9.19it/s]
100%|██████████| 13/13 [00:01<00:00,  8.12it/s]

  0%|          | 0/13 [00:00<?, ?it/s]
  8%|▊         | 1/13 [00:00<00:03,  3.29it/s]
 15%|█▌        | 2/13 [00:00<00:02,  5.29it/s]
 23%|██▎       | 3/13 [00:00<00:01,  6.57it/s]
 31%|███       | 4/13 [00:00<00:01,  7.38it/s]
 38%|███▊      | 5/13 [00:00<00:01,  7.96it/s]
 46%|████▌     | 6/13 [00:00<00:00,  8.32it/s]
 54%|█████▍    | 7/13 [00:00<00:00,  8.50it/s]
 62%|██████▏   | 8/13 [00:01<00:00,  8.69it/s]
 69%|██████▉   | 9/13 [00:01<00:00,  8.84it/s]
 77%|███████▋  | 10/13 [00:01<00:00,  9.01it/s]
 85%|████████▍ | 11/13 [00:01<00:00,  9.06it/s]
 92%|█████████▏| 12/13 [00:01<00:00,  9.13it/s]
100%|██████████| 13/13 [00:01<00:00,  9.13it/s]
100%|██████████| 13/13 [00:01<00:00,  8.07it/s]

  0%|          | 0/13 [00:00<?, ?it/s]
  8%|▊         | 1/13 [00:00<00:03,  3.30it/s]
 15%|█▌        | 2/13 [00:00<00:02,  5.41it/s]
 23%|██▎       | 3/13 [00:00<00:01,  6.68it/s]
 31%|███       | 4/13 [00:00<00:01,  7.52it/s]
 38%|███▊      | 5/13 [00:00<00:00,  8.12it/s]
 46%|████▌     | 6/13 [00:00<00:00,  8.50it/s]
 54%|█████▍    | 7/13 [00:00<00:00,  8.71it/s]
 62%|██████▏   | 8/13 [00:01<00:00,  8.93it/s]
 69%|██████▉   | 9/13 [00:01<00:00,  9.09it/s]
 77%|███████▋  | 10/13 [00:01<00:00,  9.12it/s]
 85%|████████▍ | 11/13 [00:01<00:00,  9.18it/s]
 92%|█████████▏| 12/13 [00:01<00:00,  9.39it/s]
100%|██████████| 13/13 [00:01<00:00,  9.48it/s]
100%|██████████| 13/13 [00:01<00:00,  8.26it/s]

  0%|          | 0/13 [00:00<?, ?it/s]
  8%|▊         | 1/13 [00:00<00:03,  3.74it/s]
 15%|█▌        | 2/13 [00:00<00:01,  5.88it/s]
 31%|███       | 4/13 [00:00<00:01,  7.93it/s]
 38%|███▊      | 5/13 [00:00<00:00,  8.46it/s]
 46%|████▌     | 6/13 [00:00<00:00,  8.84it/s]
 54%|█████▍    | 7/13 [00:00<00:00,  8.94it/s]
 62%|██████▏   | 8/13 [00:00<00:00,  8.91it/s]
 69%|██████▉   | 9/13 [00:01<00:00,  8.98it/s]
 77%|███████▋  | 10/13 [00:01<00:00,  9.13it/s]
 85%|████████▍ | 11/13 [00:01<00:00,  9.19it/s]
 92%|█████████▏| 12/13 [00:01<00:00,  9.30it/s]
100%|██████████| 13/13 [00:01<00:00,  9.23it/s]
100%|██████████| 13/13 [00:01<00:00,  8.50it/s]

  0%|          | 0/13 [00:00<?, ?it/s]
  8%|▊         | 1/13 [00:00<00:03,  3.43it/s]
 15%|█▌        | 2/13 [00:00<00:02,  5.46it/s]
 23%|██▎       | 3/13 [00:00<00:01,  6.68it/s]
 31%|███       | 4/13 [00:00<00:01,  7.52it/s]
 38%|███▊      | 5/13 [00:00<00:01,  7.64it/s]
 46%|████▌     | 6/13 [00:00<00:00,  8.15it/s]
 54%|█████▍    | 7/13 [00:00<00:00,  8.47it/s]
 62%|██████▏   | 8/13 [00:01<00:00,  8.73it/s]
 69%|██████▉   | 9/13 [00:01<00:00,  8.89it/s]
 77%|███████▋  | 10/13 [00:01<00:00,  9.03it/s]
 85%|████████▍ | 11/13 [00:01<00:00,  9.18it/s]
 92%|█████████▏| 12/13 [00:01<00:00,  9.27it/s]
100%|██████████| 13/13 [00:01<00:00,  9.37it/s]
100%|██████████| 13/13 [00:01<00:00,  8.15it/s]

  0%|          | 0/13 [00:00<?, ?it/s]
  8%|▊         | 1/13 [00:00<00:03,  3.38it/s]
 15%|█▌        | 2/13 [00:00<00:02,  5.42it/s]
 23%|██▎       | 3/13 [00:00<00:01,  6.71it/s]
 31%|███       | 4/13 [00:00<00:01,  7.49it/s]
 38%|███▊      | 5/13 [00:00<00:00,  8.11it/s]
 46%|████▌     | 6/13 [00:00<00:00,  8.53it/s]
 54%|█████▍    | 7/13 [00:00<00:00,  8.39it/s]
 62%|██████▏   | 8/13 [00:01<00:00,  8.76it/s]
 69%|██████▉   | 9/13 [00:01<00:00,  8.96it/s]
 77%|███████▋  | 10/13 [00:01<00:00,  9.06it/s]
 85%|████████▍ | 11/13 [00:01<00:00,  9.23it/s]
 92%|█████████▏| 12/13 [00:01<00:00,  9.30it/s]
100%|██████████| 13/13 [00:01<00:00,  9.41it/s]
100%|██████████| 13/13 [00:01<00:00,  8.22it/s]

  0%|          | 0/13 [00:00<?, ?it/s]
  8%|▊         | 1/13 [00:00<00:03,  3.83it/s]
 15%|█▌        | 2/13 [00:00<00:01,  5.92it/s]
 23%|██▎       | 3/13 [00:00<00:01,  6.93it/s]
 31%|███       | 4/13 [00:00<00:01,  7.56it/s]
 38%|███▊      | 5/13 [00:00<00:00,  8.10it/s]
 46%|████▌     | 6/13 [00:00<00:01,  6.59it/s]
 62%|██████▏   | 8/13 [00:01<00:00,  8.10it/s]
 77%|███████▋  | 10/13 [00:01<00:00,  8.77it/s]
 85%|████████▍ | 11/13 [00:01<00:00,  8.70it/s]
 92%|█████████▏| 12/13 [00:01<00:00,  8.96it/s]
100%|██████████| 13/13 [00:01<00:00,  9.05it/s]
100%|██████████| 13/13 [00:01<00:00,  8.00it/s]

  0%|          | 0/13 [00:00<?, ?it/s]
  8%|▊         | 1/13 [00:00<00:03,  3.42it/s]
 15%|█▌        | 2/13 [00:00<00:02,  5.49it/s]
 23%|██▎       | 3/13 [00:00<00:01,  6.76it/s]
 31%|███       | 4/13 [00:00<00:01,  6.93it/s]
 38%|███▊      | 5/13 [00:00<00:01,  7.68it/s]
 46%|████▌     | 6/13 [00:00<00:00,  8.14it/s]
 54%|█████▍    | 7/13 [00:00<00:00,  8.49it/s]
 62%|██████▏   | 8/13 [00:01<00:00,  8.64it/s]
 69%|██████▉   | 9/13 [00:01<00:00,  8.90it/s]
 77%|███████▋  | 10/13 [00:01<00:00,  9.12it/s]
 85%|████████▍ | 11/13 [00:01<00:00,  9.19it/s]
 92%|█████████▏| 12/13 [00:01<00:00,  9.18it/s]
100%|██████████| 13/13 [00:01<00:00,  9.16it/s]
100%|██████████| 13/13 [00:01<00:00,  8.07it/s]

  0%|          | 0/13 [00:00<?, ?it/s]
  8%|▊         | 1/13 [00:00<00:03,  3.56it/s]
 15%|█▌        | 2/13 [00:00<00:02,  5.31it/s]
 23%|██▎       | 3/13 [00:00<00:01,  6.59it/s]
 31%|███       | 4/13 [00:00<00:01,  7.16it/s]
 38%|███▊      | 5/13 [00:00<00:01,  7.82it/s]
 46%|████▌     | 6/13 [00:00<00:00,  8.03it/s]
 54%|█████▍    | 7/13 [00:00<00:00,  8.47it/s]
 62%|██████▏   | 8/13 [00:01<00:00,  8.72it/s]
 69%|██████▉   | 9/13 [00:01<00:00,  8.85it/s]
 77%|███████▋  | 10/13 [00:01<00:00,  8.93it/s]
 85%|████████▍ | 11/13 [00:01<00:00,  9.07it/s]
 92%|█████████▏| 12/13 [00:01<00:00,  9.16it/s]
100%|██████████| 13/13 [00:01<00:00,  9.20it/s]
100%|██████████| 13/13 [00:01<00:00,  8.07it/s]

  0%|          | 0/13 [00:00<?, ?it/s]
  8%|▊         | 1/13 [00:00<00:03,  3.47it/s]
 15%|█▌        | 2/13 [00:00<00:01,  5.54it/s]
 23%|██▎       | 3/13 [00:00<00:01,  6.59it/s]
 31%|███       | 4/13 [00:00<00:01,  7.48it/s]
 38%|███▊      | 5/13 [00:00<00:00,  8.13it/s]
 46%|████▌     | 6/13 [00:00<00:00,  8.53it/s]
 54%|█████▍    | 7/13 [00:00<00:00,  8.75it/s]
 62%|██████▏   | 8/13 [00:01<00:00,  8.98it/s]
 69%|██████▉   | 9/13 [00:01<00:00,  8.89it/s]
 77%|███████▋  | 10/13 [00:01<00:00,  8.81it/s]
 85%|████████▍ | 11/13 [00:01<00:00,  8.94it/s]
 92%|█████████▏| 12/13 [00:01<00:00,  8.97it/s]
100%|██████████| 13/13 [00:01<00:00,  9.05it/s]
100%|██████████| 13/13 [00:01<00:00,  8.14it/s]

  0%|          | 0/13 [00:00<?, ?it/s]
  8%|▊         | 1/13 [00:00<00:03,  3.43it/s]
 15%|█▌        | 2/13 [00:00<00:01,  5.54it/s]
 23%|██▎       | 3/13 [00:00<00:01,  6.85it/s]
 31%|███       | 4/13 [00:00<00:01,  7.69it/s]
 38%|███▊      | 5/13 [00:00<00:00,  8.23it/s]
 46%|████▌     | 6/13 [00:00<00:00,  8.62it/s]
 54%|█████▍    | 7/13 [00:00<00:00,  8.57it/s]
 62%|██████▏   | 8/13 [00:01<00:00,  8.45it/s]
 69%|██████▉   | 9/13 [00:01<00:00,  8.51it/s]
 77%|███████▋  | 10/13 [00:01<00:00,  8.61it/s]
 85%|████████▍ | 11/13 [00:01<00:00,  8.79it/s]
 92%|█████████▏| 12/13 [00:01<00:00,  8.84it/s]
100%|██████████| 13/13 [00:01<00:00,  9.05it/s]
100%|██████████| 13/13 [00:01<00:00,  8.07it/s]

  0%|          | 0/13 [00:00<?, ?it/s]
  8%|▊         | 1/13 [00:00<00:03,  3.51it/s]
 15%|█▌        | 2/13 [00:00<00:01,  5.55it/s]
 23%|██▎       | 3/13 [00:00<00:01,  6.63it/s]
 31%|███       | 4/13 [00:00<00:01,  7.46it/s]
 38%|███▊      | 5/13 [00:00<00:01,  7.96it/s]
 46%|████▌     | 6/13 [00:00<00:00,  8.39it/s]
 54%|█████▍    | 7/13 [00:00<00:00,  8.59it/s]
 62%|██████▏   | 8/13 [00:01<00:00,  8.57it/s]
 69%|██████▉   | 9/13 [00:01<00:00,  8.36it/s]
 77%|███████▋  | 10/13 [00:01<00:00,  8.43it/s]
 85%|████████▍ | 11/13 [00:01<00:00,  8.49it/s]
 92%|█████████▏| 12/13 [00:01<00:00,  8.60it/s]
100%|██████████| 13/13 [00:01<00:00,  8.69it/s]
100%|██████████| 13/13 [00:01<00:00,  7.90it/s]

  0%|          | 0/13 [00:00<?, ?it/s]
  8%|▊         | 1/13 [00:00<00:03,  3.44it/s]
 15%|█▌        | 2/13 [00:00<00:02,  5.38it/s]
 23%|██▎       | 3/13 [00:00<00:01,  6.46it/s]
 31%|███       | 4/13 [00:00<00:01,  7.19it/s]
 38%|███▊      | 5/13 [00:00<00:01,  7.71it/s]
 46%|████▌     | 6/13 [00:00<00:00,  8.21it/s]
 54%|█████▍    | 7/13 [00:00<00:00,  8.47it/s]
 62%|██████▏   | 8/13 [00:01<00:00,  8.77it/s]
 69%|██████▉   | 9/13 [00:01<00:00,  8.87it/s]
 77%|███████▋  | 10/13 [00:01<00:00,  9.09it/s]
 85%|████████▍ | 11/13 [00:01<00:00,  9.11it/s]
 92%|█████████▏| 12/13 [00:01<00:00,  9.22it/s]
100%|██████████| 13/13 [00:01<00:00,  9.30it/s]
100%|██████████| 13/13 [00:01<00:00,  8.10it/s]

  0%|          | 0/13 [00:00<?, ?it/s]
  8%|▊         | 1/13 [00:00<00:03,  3.49it/s]
 15%|█▌        | 2/13 [00:00<00:01,  5.56it/s]
 23%|██▎       | 3/13 [00:00<00:01,  6.87it/s]
 31%|███       | 4/13 [00:00<00:01,  7.36it/s]
 38%|███▊      | 5/13 [00:00<00:01,  7.97it/s]
 46%|████▌     | 6/13 [00:00<00:00,  8.43it/s]
 54%|█████▍    | 7/13 [00:00<00:00,  8.77it/s]
 62%|██████▏   | 8/13 [00:01<00:00,  8.94it/s]
 69%|██████▉   | 9/13 [00:01<00:00,  9.09it/s]
 77%|███████▋  | 10/13 [00:01<00:00,  9.22it/s]
 85%|████████▍ | 11/13 [00:01<00:00,  9.26it/s]
 92%|█████████▏| 12/13 [00:01<00:00,  9.21it/s]
100%|██████████| 13/13 [00:01<00:00,  9.16it/s]
100%|██████████| 13/13 [00:01<00:00,  8.23it/s]

  0%|          | 0/13 [00:00<?, ?it/s]
  8%|▊         | 1/13 [00:00<00:03,  3.34it/s]
 15%|█▌        | 2/13 [00:00<00:02,  5.36it/s]
 23%|██▎       | 3/13 [00:00<00:01,  6.65it/s]
 31%|███       | 4/13 [00:00<00:01,  7.57it/s]
 38%|███▊      | 5/13 [00:00<00:00,  8.25it/s]
 46%|████▌     | 6/13 [00:00<00:00,  8.71it/s]
 54%|█████▍    | 7/13 [00:00<00:00,  8.98it/s]
 62%|██████▏   | 8/13 [00:01<00:00,  9.20it/s]
 69%|██████▉   | 9/13 [00:01<00:00,  9.38it/s]
 77%|███████▋  | 10/13 [00:01<00:00,  9.49it/s]
 85%|████████▍ | 11/13 [00:01<00:00,  9.56it/s]
 92%|█████████▏| 12/13 [00:01<00:00,  9.63it/s]
100%|██████████| 13/13 [00:01<00:00,  9.66it/s]
100%|██████████| 13/13 [00:01<00:00,  8.43it/s]
[300/750] Impressionism__Impressionism__winston-churchill_distant-view-of-the-pyramids-1921-1(1)__to__Ukiyo_e.png  dt=1.77s  elapsed=9.6m  eta=14.4m

  0%|          | 0/13 [00:00<?, ?it/s]
  8%|▊         | 1/13 [00:00<00:03,  3.54it/s]
 15%|█▌        | 2/13 [00:00<00:01,  5.64it/s]
 23%|██▎       | 3/13 [00:00<00:01,  7.02it/s]
 31%|███       | 4/13 [00:00<00:01,  7.89it/s]
 38%|███▊      | 5/13 [00:00<00:00,  8.41it/s]
 46%|████▌     | 6/13 [00:00<00:00,  8.74it/s]
 54%|█████▍    | 7/13 [00:00<00:00,  8.93it/s]
 62%|██████▏   | 8/13 [00:01<00:00,  9.01it/s]
 69%|██████▉   | 9/13 [00:01<00:00,  8.98it/s]
 77%|███████▋  | 10/13 [00:01<00:00,  9.13it/s]
 85%|████████▍ | 11/13 [00:01<00:00,  9.11it/s]
 92%|█████████▏| 12/13 [00:01<00:00,  9.20it/s]
100%|██████████| 13/13 [00:01<00:00,  9.33it/s]
100%|██████████| 13/13 [00:01<00:00,  8.37it/s]

  0%|          | 0/13 [00:00<?, ?it/s]
  8%|▊         | 1/13 [00:00<00:03,  3.58it/s]
 15%|█▌        | 2/13 [00:00<00:01,  5.68it/s]
 23%|██▎       | 3/13 [00:00<00:01,  6.87it/s]
 31%|███       | 4/13 [00:00<00:01,  7.63it/s]
 38%|███▊      | 5/13 [00:00<00:00,  8.04it/s]
 46%|████▌     | 6/13 [00:00<00:00,  8.49it/s]
 54%|█████▍    | 7/13 [00:00<00:00,  8.84it/s]
 62%|██████▏   | 8/13 [00:01<00:00,  9.00it/s]
 69%|██████▉   | 9/13 [00:01<00:00,  9.08it/s]
 77%|███████▋  | 10/13 [00:01<00:00,  9.11it/s]
 85%|████████▍ | 11/13 [00:01<00:00,  9.18it/s]
 92%|█████████▏| 12/13 [00:01<00:00,  9.25it/s]
100%|██████████| 13/13 [00:01<00:00,  9.28it/s]
100%|██████████| 13/13 [00:01<00:00,  8.30it/s]

  0%|          | 0/13 [00:00<?, ?it/s]
  8%|▊         | 1/13 [00:00<00:03,  3.75it/s]
 15%|█▌        | 2/13 [00:00<00:01,  5.90it/s]
 23%|██▎       | 3/13 [00:00<00:01,  6.88it/s]
 31%|███       | 4/13 [00:00<00:01,  7.67it/s]
 38%|███▊      | 5/13 [00:00<00:00,  8.18it/s]
 46%|████▌     | 6/13 [00:00<00:00,  8.56it/s]
 54%|█████▍    | 7/13 [00:00<00:00,  8.51it/s]
 62%|██████▏   | 8/13 [00:01<00:00,  8.78it/s]
 69%|██████▉   | 9/13 [00:01<00:00,  9.02it/s]
 77%|███████▋  | 10/13 [00:01<00:00,  9.20it/s]
 85%|████████▍ | 11/13 [00:01<00:00,  9.35it/s]
 92%|█████████▏| 12/13 [00:01<00:00,  9.36it/s]
100%|██████████| 13/13 [00:01<00:00,  9.43it/s]
100%|██████████| 13/13 [00:01<00:00,  8.37it/s]

  0%|          | 0/13 [00:00<?, ?it/s]
  8%|▊         | 1/13 [00:00<00:03,  3.62it/s]
 15%|█▌        | 2/13 [00:00<00:01,  5.70it/s]
 23%|██▎       | 3/13 [00:00<00:01,  6.94it/s]
 31%|███       | 4/13 [00:00<00:01,  7.70it/s]
 38%|███▊      | 5/13 [00:00<00:00,  8.20it/s]
 46%|████▌     | 6/13 [00:00<00:00,  8.54it/s]
 54%|█████▍    | 7/13 [00:00<00:00,  8.73it/s]
 62%|██████▏   | 8/13 [00:01<00:00,  8.91it/s]
 69%|██████▉   | 9/13 [00:01<00:00,  9.05it/s]
 77%|███████▋  | 10/13 [00:01<00:00,  9.15it/s]
 85%|████████▍ | 11/13 [00:01<00:00,  9.27it/s]
 92%|█████████▏| 12/13 [00:01<00:00,  9.25it/s]
100%|██████████| 13/13 [00:01<00:00,  9.31it/s]
100%|██████████| 13/13 [00:01<00:00,  8.32it/s]

  0%|          | 0/13 [00:00<?, ?it/s]
  8%|▊         | 1/13 [00:00<00:03,  3.69it/s]
 15%|█▌        | 2/13 [00:00<00:01,  5.81it/s]
 23%|██▎       | 3/13 [00:00<00:01,  6.97it/s]
 31%|███       | 4/13 [00:00<00:01,  7.74it/s]
 38%|███▊      | 5/13 [00:00<00:00,  8.32it/s]
 46%|████▌     | 6/13 [00:00<00:00,  8.63it/s]
 54%|█████▍    | 7/13 [00:00<00:00,  8.97it/s]
 62%|██████▏   | 8/13 [00:01<00:00,  9.14it/s]
 69%|██████▉   | 9/13 [00:01<00:00,  9.18it/s]
 77%|███████▋  | 10/13 [00:01<00:00,  9.25it/s]
 85%|████████▍ | 11/13 [00:01<00:00,  9.31it/s]
 92%|█████████▏| 12/13 [00:01<00:00,  9.38it/s]
100%|██████████| 13/13 [00:01<00:00,  9.39it/s]
100%|██████████| 13/13 [00:01<00:00,  8.44it/s]

  0%|          | 0/13 [00:00<?, ?it/s]
  8%|▊         | 1/13 [00:00<00:03,  3.68it/s]
 15%|█▌        | 2/13 [00:00<00:01,  5.77it/s]
 23%|██▎       | 3/13 [00:00<00:01,  6.94it/s]
 31%|███       | 4/13 [00:00<00:01,  7.67it/s]
 38%|███▊      | 5/13 [00:00<00:01,  7.78it/s]
 46%|████▌     | 6/13 [00:00<00:00,  8.22it/s]
 54%|█████▍    | 7/13 [00:00<00:00,  8.68it/s]
 62%|██████▏   | 8/13 [00:01<00:00,  8.93it/s]
 69%|██████▉   | 9/13 [00:01<00:00,  9.14it/s]
 77%|███████▋  | 10/13 [00:01<00:00,  9.17it/s]
 85%|████████▍ | 11/13 [00:01<00:00,  8.95it/s]
 92%|█████████▏| 12/13 [00:01<00:00,  8.93it/s]
100%|██████████| 13/13 [00:01<00:00,  8.50it/s]
100%|██████████| 13/13 [00:01<00:00,  8.08it/s]

  0%|          | 0/13 [00:00<?, ?it/s]
  8%|▊         | 1/13 [00:00<00:03,  3.62it/s]
 23%|██▎       | 3/13 [00:00<00:01,  6.91it/s]
 38%|███▊      | 5/13 [00:00<00:00,  8.16it/s]
 46%|████▌     | 6/13 [00:00<00:00,  8.29it/s]
 54%|█████▍    | 7/13 [00:00<00:00,  8.18it/s]
 62%|██████▏   | 8/13 [00:01<00:00,  8.24it/s]
 69%|██████▉   | 9/13 [00:01<00:00,  8.28it/s]
 77%|███████▋  | 10/13 [00:01<00:00,  8.43it/s]
 85%|████████▍ | 11/13 [00:01<00:00,  8.63it/s]
 92%|█████████▏| 12/13 [00:01<00:00,  8.23it/s]
100%|██████████| 13/13 [00:01<00:00,  8.57it/s]
100%|██████████| 13/13 [00:01<00:00,  8.02it/s]

  0%|          | 0/13 [00:00<?, ?it/s]
  8%|▊         | 1/13 [00:00<00:03,  3.56it/s]
 15%|█▌        | 2/13 [00:00<00:01,  5.54it/s]
 23%|██▎       | 3/13 [00:00<00:01,  6.81it/s]
 31%|███       | 4/13 [00:00<00:01,  7.44it/s]
 38%|███▊      | 5/13 [00:00<00:01,  7.90it/s]
 46%|████▌     | 6/13 [00:00<00:00,  8.36it/s]
 54%|█████▍    | 7/13 [00:00<00:00,  8.71it/s]
 62%|██████▏   | 8/13 [00:01<00:00,  8.95it/s]
 69%|██████▉   | 9/13 [00:01<00:00,  9.11it/s]
 77%|███████▋  | 10/13 [00:01<00:00,  9.32it/s]
 85%|████████▍ | 11/13 [00:01<00:00,  8.97it/s]
 92%|█████████▏| 12/13 [00:01<00:00,  9.01it/s]
100%|██████████| 13/13 [00:01<00:00,  9.02it/s]
100%|██████████| 13/13 [00:01<00:00,  8.17it/s]

  0%|          | 0/13 [00:00<?, ?it/s]
  8%|▊         | 1/13 [00:00<00:03,  3.60it/s]
 15%|█▌        | 2/13 [00:00<00:01,  5.64it/s]
 23%|██▎       | 3/13 [00:00<00:01,  6.79it/s]
 31%|███       | 4/13 [00:00<00:01,  7.60it/s]
 38%|███▊      | 5/13 [00:00<00:00,  8.07it/s]
 46%|████▌     | 6/13 [00:00<00:00,  8.45it/s]
 54%|█████▍    | 7/13 [00:00<00:00,  8.67it/s]
 62%|██████▏   | 8/13 [00:01<00:00,  8.89it/s]
 69%|██████▉   | 9/13 [00:01<00:00,  9.11it/s]
 77%|███████▋  | 10/13 [00:01<00:00,  9.27it/s]
 85%|████████▍ | 11/13 [00:01<00:00,  9.35it/s]
 92%|█████████▏| 12/13 [00:01<00:00,  9.27it/s]
100%|██████████| 13/13 [00:01<00:00,  9.31it/s]
100%|██████████| 13/13 [00:01<00:00,  8.30it/s]

  0%|          | 0/13 [00:00<?, ?it/s]
  8%|▊         | 1/13 [00:00<00:03,  3.71it/s]
 15%|█▌        | 2/13 [00:00<00:01,  5.88it/s]
 23%|██▎       | 3/13 [00:00<00:01,  7.12it/s]
 31%|███       | 4/13 [00:00<00:01,  7.89it/s]
 38%|███▊      | 5/13 [00:00<00:00,  8.29it/s]
 46%|████▌     | 6/13 [00:00<00:00,  8.50it/s]
 54%|█████▍    | 7/13 [00:00<00:00,  8.80it/s]
 62%|██████▏   | 8/13 [00:01<00:00,  8.97it/s]
 69%|██████▉   | 9/13 [00:01<00:00,  9.08it/s]
 77%|███████▋  | 10/13 [00:01<00:00,  9.17it/s]
 85%|████████▍ | 11/13 [00:01<00:00,  9.28it/s]
 92%|█████████▏| 12/13 [00:01<00:00,  9.36it/s]
100%|██████████| 13/13 [00:01<00:00,  9.36it/s]
100%|██████████| 13/13 [00:01<00:00,  8.42it/s]

  0%|          | 0/13 [00:00<?, ?it/s]
  8%|▊         | 1/13 [00:00<00:03,  3.81it/s]
 15%|█▌        | 2/13 [00:00<00:01,  5.98it/s]
 23%|██▎       | 3/13 [00:00<00:01,  6.85it/s]
 31%|███       | 4/13 [00:00<00:01,  7.71it/s]
 38%|███▊      | 5/13 [00:00<00:01,  7.99it/s]
 46%|████▌     | 6/13 [00:00<00:00,  8.41it/s]
 54%|█████▍    | 7/13 [00:00<00:00,  8.63it/s]
 62%|██████▏   | 8/13 [00:01<00:00,  8.78it/s]
 69%|██████▉   | 9/13 [00:01<00:00,  8.99it/s]
 77%|███████▋  | 10/13 [00:01<00:00,  9.15it/s]
 85%|████████▍ | 11/13 [00:01<00:00,  9.19it/s]
 92%|█████████▏| 12/13 [00:01<00:00,  9.28it/s]
100%|██████████| 13/13 [00:01<00:00,  9.30it/s]
100%|██████████| 13/13 [00:01<00:00,  8.32it/s]

  0%|          | 0/13 [00:00<?, ?it/s]
  8%|▊         | 1/13 [00:00<00:03,  3.80it/s]
 23%|██▎       | 3/13 [00:00<00:01,  7.02it/s]
 31%|███       | 4/13 [00:00<00:01,  7.74it/s]
 38%|███▊      | 5/13 [00:00<00:00,  8.07it/s]
 46%|████▌     | 6/13 [00:00<00:00,  8.34it/s]
 54%|█████▍    | 7/13 [00:00<00:00,  8.59it/s]
 62%|██████▏   | 8/13 [00:01<00:00,  8.74it/s]
 69%|██████▉   | 9/13 [00:01<00:00,  8.64it/s]
 77%|███████▋  | 10/13 [00:01<00:00,  8.91it/s]
 85%|████████▍ | 11/13 [00:01<00:00,  9.03it/s]
 92%|█████████▏| 12/13 [00:01<00:00,  9.11it/s]
100%|██████████| 13/13 [00:01<00:00,  9.20it/s]
100%|██████████| 13/13 [00:01<00:00,  8.36it/s]

  0%|          | 0/13 [00:00<?, ?it/s]
  8%|▊         | 1/13 [00:00<00:03,  3.72it/s]
 15%|█▌        | 2/13 [00:00<00:01,  5.88it/s]
 23%|██▎       | 3/13 [00:00<00:01,  6.94it/s]
 31%|███       | 4/13 [00:00<00:01,  7.59it/s]
 38%|███▊      | 5/13 [00:00<00:00,  8.11it/s]
 46%|████▌     | 6/13 [00:00<00:00,  8.47it/s]
 54%|█████▍    | 7/13 [00:00<00:00,  8.80it/s]
 62%|██████▏   | 8/13 [00:01<00:00,  8.91it/s]
 69%|██████▉   | 9/13 [00:01<00:00,  9.06it/s]
 77%|███████▋  | 10/13 [00:01<00:00,  9.11it/s]
 85%|████████▍ | 11/13 [00:01<00:00,  9.15it/s]
 92%|█████████▏| 12/13 [00:01<00:00,  8.97it/s]
100%|██████████| 13/13 [00:01<00:00,  9.08it/s]
100%|██████████| 13/13 [00:01<00:00,  8.27it/s]

  0%|          | 0/13 [00:00<?, ?it/s]
  8%|▊         | 1/13 [00:00<00:03,  3.57it/s]
 15%|█▌        | 2/13 [00:00<00:01,  5.66it/s]
 23%|██▎       | 3/13 [00:00<00:01,  6.76it/s]
 31%|███       | 4/13 [00:00<00:01,  7.65it/s]
 38%|███▊      | 5/13 [00:00<00:00,  8.08it/s]
 46%|████▌     | 6/13 [00:00<00:00,  8.54it/s]
 54%|█████▍    | 7/13 [00:00<00:00,  8.80it/s]
 62%|██████▏   | 8/13 [00:01<00:00,  9.01it/s]
 69%|██████▉   | 9/13 [00:01<00:00,  9.20it/s]
 77%|███████▋  | 10/13 [00:01<00:00,  9.31it/s]
 85%|████████▍ | 11/13 [00:01<00:00,  9.27it/s]
 92%|█████████▏| 12/13 [00:01<00:00,  9.30it/s]
100%|██████████| 13/13 [00:01<00:00,  9.24it/s]
100%|██████████| 13/13 [00:01<00:00,  8.31it/s]

  0%|          | 0/13 [00:00<?, ?it/s]
  8%|▊         | 1/13 [00:00<00:03,  3.47it/s]
 15%|█▌        | 2/13 [00:00<00:01,  5.50it/s]
 23%|██▎       | 3/13 [00:00<00:01,  6.79it/s]
 31%|███       | 4/13 [00:00<00:01,  7.55it/s]
 38%|███▊      | 5/13 [00:00<00:00,  8.13it/s]
 46%|████▌     | 6/13 [00:00<00:00,  8.57it/s]
 54%|█████▍    | 7/13 [00:00<00:00,  8.32it/s]
 69%|██████▉   | 9/13 [00:01<00:00,  8.82it/s]
 77%|███████▋  | 10/13 [00:01<00:00,  9.08it/s]
 85%|████████▍ | 11/13 [00:01<00:00,  9.23it/s]
 92%|█████████▏| 12/13 [00:01<00:00,  9.34it/s]
100%|██████████| 13/13 [00:01<00:00,  9.32it/s]
100%|██████████| 13/13 [00:01<00:00,  8.24it/s]

  0%|          | 0/13 [00:00<?, ?it/s]
  8%|▊         | 1/13 [00:00<00:03,  3.59it/s]
 23%|██▎       | 3/13 [00:00<00:01,  6.65it/s]
 31%|███       | 4/13 [00:00<00:01,  7.35it/s]
 38%|███▊      | 5/13 [00:00<00:01,  7.80it/s]
 46%|████▌     | 6/13 [00:00<00:00,  8.17it/s]
 54%|█████▍    | 7/13 [00:00<00:00,  8.53it/s]
 62%|██████▏   | 8/13 [00:01<00:00,  8.78it/s]
 69%|██████▉   | 9/13 [00:01<00:00,  8.96it/s]
 77%|███████▋  | 10/13 [00:01<00:00,  9.13it/s]
 85%|████████▍ | 11/13 [00:01<00:00,  9.23it/s]
 92%|█████████▏| 12/13 [00:01<00:00,  9.20it/s]
100%|██████████| 13/13 [00:01<00:00,  9.32it/s]
100%|██████████| 13/13 [00:01<00:00,  8.31it/s]

  0%|          | 0/13 [00:00<?, ?it/s]
  8%|▊         | 1/13 [00:00<00:03,  3.78it/s]
 23%|██▎       | 3/13 [00:00<00:01,  6.69it/s]
 31%|███       | 4/13 [00:00<00:01,  7.30it/s]
 38%|███▊      | 5/13 [00:00<00:01,  7.77it/s]
 46%|████▌     | 6/13 [00:00<00:00,  8.17it/s]
 54%|█████▍    | 7/13 [00:00<00:00,  8.34it/s]
 62%|██████▏   | 8/13 [00:01<00:00,  8.45it/s]
 69%|██████▉   | 9/13 [00:01<00:00,  8.75it/s]
 77%|███████▋  | 10/13 [00:01<00:00,  8.65it/s]
 85%|████████▍ | 11/13 [00:01<00:00,  8.91it/s]
 92%|█████████▏| 12/13 [00:01<00:00,  8.74it/s]
100%|██████████| 13/13 [00:01<00:00,  9.03it/s]
100%|██████████| 13/13 [00:01<00:00,  8.14it/s]

  0%|          | 0/13 [00:00<?, ?it/s]
  8%|▊         | 1/13 [00:00<00:04,  2.88it/s]
 23%|██▎       | 3/13 [00:00<00:01,  6.08it/s]
 31%|███       | 4/13 [00:00<00:01,  6.92it/s]
 38%|███▊      | 5/13 [00:00<00:01,  7.52it/s]
 46%|████▌     | 6/13 [00:00<00:00,  7.95it/s]
 54%|█████▍    | 7/13 [00:00<00:00,  8.28it/s]
 62%|██████▏   | 8/13 [00:01<00:00,  7.98it/s]
 69%|██████▉   | 9/13 [00:01<00:00,  8.35it/s]
 77%|███████▋  | 10/13 [00:01<00:00,  8.66it/s]
 85%|████████▍ | 11/13 [00:01<00:00,  8.88it/s]
 92%|█████████▏| 12/13 [00:01<00:00,  9.06it/s]
100%|██████████| 13/13 [00:01<00:00,  9.19it/s]
100%|██████████| 13/13 [00:01<00:00,  7.88it/s]

  0%|          | 0/13 [00:00<?, ?it/s]
  8%|▊         | 1/13 [00:00<00:03,  3.55it/s]
 15%|█▌        | 2/13 [00:00<00:01,  5.51it/s]
 23%|██▎       | 3/13 [00:00<00:01,  6.71it/s]
 31%|███       | 4/13 [00:00<00:01,  7.55it/s]
 38%|███▊      | 5/13 [00:00<00:00,  8.16it/s]
 46%|████▌     | 6/13 [00:00<00:00,  8.58it/s]
 54%|█████▍    | 7/13 [00:00<00:00,  8.90it/s]
 62%|██████▏   | 8/13 [00:01<00:00,  9.11it/s]
 69%|██████▉   | 9/13 [00:01<00:00,  9.18it/s]
 77%|███████▋  | 10/13 [00:01<00:00,  9.24it/s]
 85%|████████▍ | 11/13 [00:01<00:00,  9.13it/s]
 92%|█████████▏| 12/13 [00:01<00:00,  9.12it/s]
100%|██████████| 13/13 [00:01<00:00,  9.15it/s]
100%|██████████| 13/13 [00:01<00:00,  8.26it/s]

  0%|          | 0/13 [00:00<?, ?it/s]
  8%|▊         | 1/13 [00:00<00:03,  3.42it/s]
 23%|██▎       | 3/13 [00:00<00:01,  6.74it/s]
 31%|███       | 4/13 [00:00<00:01,  7.49it/s]
 38%|███▊      | 5/13 [00:00<00:01,  7.95it/s]
 46%|████▌     | 6/13 [00:00<00:00,  8.21it/s]
 54%|█████▍    | 7/13 [00:00<00:00,  8.38it/s]
 62%|██████▏   | 8/13 [00:01<00:00,  8.58it/s]
 69%|██████▉   | 9/13 [00:01<00:00,  8.59it/s]
 77%|███████▋  | 10/13 [00:01<00:00,  8.84it/s]
 85%|████████▍ | 11/13 [00:01<00:00,  8.71it/s]
 92%|█████████▏| 12/13 [00:01<00:00,  8.90it/s]
100%|██████████| 13/13 [00:01<00:00,  9.05it/s]
100%|██████████| 13/13 [00:01<00:00,  8.15it/s]

  0%|          | 0/13 [00:00<?, ?it/s]
  8%|▊         | 1/13 [00:00<00:03,  3.86it/s]
 23%|██▎       | 3/13 [00:00<00:01,  7.01it/s]
 31%|███       | 4/13 [00:00<00:01,  7.63it/s]
 38%|███▊      | 5/13 [00:00<00:00,  8.13it/s]
 46%|████▌     | 6/13 [00:00<00:00,  8.54it/s]
 54%|█████▍    | 7/13 [00:00<00:00,  8.60it/s]
 62%|██████▏   | 8/13 [00:01<00:00,  8.67it/s]
 69%|██████▉   | 9/13 [00:01<00:00,  8.74it/s]
 77%|███████▋  | 10/13 [00:01<00:00,  8.92it/s]
 85%|████████▍ | 11/13 [00:01<00:00,  9.07it/s]
 92%|█████████▏| 12/13 [00:01<00:00,  9.19it/s]
100%|██████████| 13/13 [00:01<00:00,  9.24it/s]
100%|██████████| 13/13 [00:01<00:00,  8.40it/s]

  0%|          | 0/13 [00:00<?, ?it/s]
  8%|▊         | 1/13 [00:00<00:03,  3.81it/s]
 23%|██▎       | 3/13 [00:00<00:01,  6.81it/s]
 31%|███       | 4/13 [00:00<00:01,  7.41it/s]
 38%|███▊      | 5/13 [00:00<00:01,  7.91it/s]
 46%|████▌     | 6/13 [00:00<00:00,  8.21it/s]
 54%|█████▍    | 7/13 [00:00<00:00,  8.56it/s]
 62%|██████▏   | 8/13 [00:01<00:00,  8.78it/s]
 69%|██████▉   | 9/13 [00:01<00:00,  9.03it/s]
 77%|███████▋  | 10/13 [00:01<00:00,  9.20it/s]
 85%|████████▍ | 11/13 [00:01<00:00,  9.25it/s]
 92%|█████████▏| 12/13 [00:01<00:00,  9.35it/s]
100%|██████████| 13/13 [00:01<00:00,  9.33it/s]
100%|██████████| 13/13 [00:01<00:00,  8.39it/s]

  0%|          | 0/13 [00:00<?, ?it/s]
  8%|▊         | 1/13 [00:00<00:03,  3.43it/s]
 15%|█▌        | 2/13 [00:00<00:02,  5.50it/s]
 23%|██▎       | 3/13 [00:00<00:01,  6.14it/s]
 31%|███       | 4/13 [00:00<00:01,  7.11it/s]
 38%|███▊      | 5/13 [00:00<00:01,  7.88it/s]
 46%|████▌     | 6/13 [00:00<00:00,  8.42it/s]
 54%|█████▍    | 7/13 [00:00<00:00,  8.81it/s]
 62%|██████▏   | 8/13 [00:01<00:00,  8.87it/s]
 69%|██████▉   | 9/13 [00:01<00:00,  8.91it/s]
 77%|███████▋  | 10/13 [00:01<00:00,  8.98it/s]
 85%|████████▍ | 11/13 [00:01<00:00,  8.95it/s]
 92%|█████████▏| 12/13 [00:01<00:00,  9.10it/s]
100%|██████████| 13/13 [00:01<00:00,  9.13it/s]
100%|██████████| 13/13 [00:01<00:00,  8.08it/s]

  0%|          | 0/13 [00:00<?, ?it/s]
  8%|▊         | 1/13 [00:00<00:03,  3.49it/s]
 15%|█▌        | 2/13 [00:00<00:02,  5.46it/s]
 23%|██▎       | 3/13 [00:00<00:01,  6.59it/s]
 31%|███       | 4/13 [00:00<00:01,  7.33it/s]
 38%|███▊      | 5/13 [00:00<00:01,  7.89it/s]
 46%|████▌     | 6/13 [00:00<00:00,  8.28it/s]
 54%|█████▍    | 7/13 [00:00<00:00,  8.59it/s]
 62%|██████▏   | 8/13 [00:01<00:00,  8.58it/s]
 69%|██████▉   | 9/13 [00:01<00:00,  8.86it/s]
 77%|███████▋  | 10/13 [00:01<00:00,  9.03it/s]
 85%|████████▍ | 11/13 [00:01<00:00,  9.21it/s]
 92%|█████████▏| 12/13 [00:01<00:00,  9.23it/s]
100%|██████████| 13/13 [00:01<00:00,  9.31it/s]
100%|██████████| 13/13 [00:01<00:00,  8.15it/s]

  0%|          | 0/13 [00:00<?, ?it/s]
  8%|▊         | 1/13 [00:00<00:03,  3.46it/s]
 15%|█▌        | 2/13 [00:00<00:02,  5.48it/s]
 23%|██▎       | 3/13 [00:00<00:01,  6.76it/s]
 31%|███       | 4/13 [00:00<00:01,  7.63it/s]
 38%|███▊      | 5/13 [00:00<00:00,  8.23it/s]
 46%|████▌     | 6/13 [00:00<00:00,  8.55it/s]
 54%|█████▍    | 7/13 [00:00<00:00,  8.80it/s]
 62%|██████▏   | 8/13 [00:01<00:00,  9.02it/s]
 69%|██████▉   | 9/13 [00:01<00:00,  9.14it/s]
 77%|███████▋  | 10/13 [00:01<00:00,  9.24it/s]
 85%|████████▍ | 11/13 [00:01<00:00,  9.29it/s]
 92%|█████████▏| 12/13 [00:01<00:00,  9.28it/s]
100%|██████████| 13/13 [00:01<00:00,  9.38it/s]
100%|██████████| 13/13 [00:01<00:00,  8.31it/s]

  0%|          | 0/13 [00:00<?, ?it/s]
  8%|▊         | 1/13 [00:00<00:03,  3.64it/s]
 15%|█▌        | 2/13 [00:00<00:01,  5.70it/s]
 23%|██▎       | 3/13 [00:00<00:01,  6.95it/s]
 31%|███       | 4/13 [00:00<00:01,  7.69it/s]
 38%|███▊      | 5/13 [00:00<00:00,  8.22it/s]
 46%|████▌     | 6/13 [00:00<00:00,  8.40it/s]
 54%|█████▍    | 7/13 [00:00<00:00,  8.49it/s]
 62%|██████▏   | 8/13 [00:01<00:00,  8.69it/s]
 69%|██████▉   | 9/13 [00:01<00:00,  8.82it/s]
 77%|███████▋  | 10/13 [00:01<00:00,  8.98it/s]
 85%|████████▍ | 11/13 [00:01<00:00,  9.16it/s]
 92%|█████████▏| 12/13 [00:01<00:00,  9.27it/s]
100%|██████████| 13/13 [00:01<00:00,  9.38it/s]
100%|██████████| 13/13 [00:01<00:00,  8.27it/s]

  0%|          | 0/13 [00:00<?, ?it/s]
  8%|▊         | 1/13 [00:00<00:03,  3.53it/s]
 23%|██▎       | 3/13 [00:00<00:01,  6.84it/s]
 31%|███       | 4/13 [00:00<00:01,  7.62it/s]
 38%|███▊      | 5/13 [00:00<00:00,  8.02it/s]
 46%|████▌     | 6/13 [00:00<00:00,  8.29it/s]
 54%|█████▍    | 7/13 [00:00<00:00,  8.57it/s]
 62%|██████▏   | 8/13 [00:01<00:00,  8.69it/s]
 69%|██████▉   | 9/13 [00:01<00:00,  8.86it/s]
 77%|███████▋  | 10/13 [00:01<00:00,  8.91it/s]
 85%|████████▍ | 11/13 [00:01<00:00,  8.80it/s]
 92%|█████████▏| 12/13 [00:01<00:00,  8.94it/s]
100%|██████████| 13/13 [00:01<00:00,  9.09it/s]
100%|██████████| 13/13 [00:01<00:00,  8.25it/s]

  0%|          | 0/13 [00:00<?, ?it/s]
  8%|▊         | 1/13 [00:00<00:03,  3.45it/s]
 15%|█▌        | 2/13 [00:00<00:02,  5.39it/s]
 23%|██▎       | 3/13 [00:00<00:01,  6.58it/s]
 31%|███       | 4/13 [00:00<00:01,  7.39it/s]
 38%|███▊      | 5/13 [00:00<00:01,  7.91it/s]
 46%|████▌     | 6/13 [00:00<00:00,  8.23it/s]
 54%|█████▍    | 7/13 [00:00<00:00,  8.58it/s]
 62%|██████▏   | 8/13 [00:01<00:00,  8.86it/s]
 69%|██████▉   | 9/13 [00:01<00:00,  9.10it/s]
 77%|███████▋  | 10/13 [00:01<00:00,  9.30it/s]
 85%|████████▍ | 11/13 [00:01<00:00,  9.33it/s]
 92%|█████████▏| 12/13 [00:01<00:00,  9.43it/s]
100%|██████████| 13/13 [00:01<00:00,  9.54it/s]
100%|██████████| 13/13 [00:01<00:00,  8.25it/s]

  0%|          | 0/13 [00:00<?, ?it/s]
  8%|▊         | 1/13 [00:00<00:03,  3.63it/s]
 15%|█▌        | 2/13 [00:00<00:01,  5.58it/s]
 23%|██▎       | 3/13 [00:00<00:01,  6.67it/s]
 31%|███       | 4/13 [00:00<00:01,  7.41it/s]
 38%|███▊      | 5/13 [00:00<00:01,  7.87it/s]
 46%|████▌     | 6/13 [00:00<00:00,  8.31it/s]
 54%|█████▍    | 7/13 [00:00<00:00,  8.59it/s]
 62%|██████▏   | 8/13 [00:01<00:00,  8.83it/s]
 69%|██████▉   | 9/13 [00:01<00:00,  8.96it/s]
 77%|███████▋  | 10/13 [00:01<00:00,  9.05it/s]
 85%|████████▍ | 11/13 [00:01<00:00,  9.12it/s]
 92%|█████████▏| 12/13 [00:01<00:00,  9.26it/s]
100%|██████████| 13/13 [00:01<00:00,  9.38it/s]
100%|██████████| 13/13 [00:01<00:00,  8.22it/s]

  0%|          | 0/13 [00:00<?, ?it/s]
  8%|▊         | 1/13 [00:00<00:03,  3.59it/s]
 15%|█▌        | 2/13 [00:00<00:01,  5.64it/s]
 23%|██▎       | 3/13 [00:00<00:01,  6.87it/s]
 31%|███       | 4/13 [00:00<00:01,  7.68it/s]
 38%|███▊      | 5/13 [00:00<00:00,  8.25it/s]
 46%|████▌     | 6/13 [00:00<00:00,  8.60it/s]
 54%|█████▍    | 7/13 [00:00<00:00,  8.93it/s]
 62%|██████▏   | 8/13 [00:01<00:00,  9.13it/s]
 69%|██████▉   | 9/13 [00:01<00:00,  9.26it/s]
 77%|███████▋  | 10/13 [00:01<00:00,  9.42it/s]
 92%|█████████▏| 12/13 [00:01<00:00,  9.72it/s]
100%|██████████| 13/13 [00:01<00:00,  9.74it/s]
100%|██████████| 13/13 [00:01<00:00,  8.52it/s]

  0%|          | 0/13 [00:00<?, ?it/s]
  8%|▊         | 1/13 [00:00<00:03,  3.77it/s]
 23%|██▎       | 3/13 [00:00<00:01,  6.72it/s]
 31%|███       | 4/13 [00:00<00:01,  6.97it/s]
 38%|███▊      | 5/13 [00:00<00:01,  7.73it/s]
 46%|████▌     | 6/13 [00:00<00:00,  8.16it/s]
 54%|█████▍    | 7/13 [00:00<00:00,  8.55it/s]
 62%|██████▏   | 8/13 [00:01<00:00,  8.86it/s]
 69%|██████▉   | 9/13 [00:01<00:00,  9.01it/s]
 77%|███████▋  | 10/13 [00:01<00:00,  9.16it/s]
 85%|████████▍ | 11/13 [00:01<00:00,  9.28it/s]
 92%|█████████▏| 12/13 [00:01<00:00,  9.24it/s]
100%|██████████| 13/13 [00:01<00:00,  9.29it/s]
100%|██████████| 13/13 [00:01<00:00,  8.31it/s]

  0%|          | 0/13 [00:00<?, ?it/s]
  8%|▊         | 1/13 [00:00<00:03,  3.87it/s]
 23%|██▎       | 3/13 [00:00<00:01,  7.31it/s]
 38%|███▊      | 5/13 [00:00<00:00,  8.58it/s]
 46%|████▌     | 6/13 [00:00<00:00,  8.80it/s]
 54%|█████▍    | 7/13 [00:00<00:00,  8.97it/s]
 62%|██████▏   | 8/13 [00:00<00:00,  9.15it/s]
 69%|██████▉   | 9/13 [00:01<00:00,  9.21it/s]
 77%|███████▋  | 10/13 [00:01<00:00,  9.34it/s]
 85%|████████▍ | 11/13 [00:01<00:00,  9.33it/s]
 92%|█████████▏| 12/13 [00:01<00:00,  9.32it/s]
100%|██████████| 13/13 [00:01<00:00,  9.43it/s]
100%|██████████| 13/13 [00:01<00:00,  8.75it/s]

  0%|          | 0/13 [00:00<?, ?it/s]
  8%|▊         | 1/13 [00:00<00:03,  3.45it/s]
 15%|█▌        | 2/13 [00:00<00:02,  5.42it/s]
 23%|██▎       | 3/13 [00:00<00:01,  6.64it/s]
 31%|███       | 4/13 [00:00<00:01,  7.55it/s]
 38%|███▊      | 5/13 [00:00<00:00,  8.11it/s]
 46%|████▌     | 6/13 [00:00<00:00,  8.54it/s]
 54%|█████▍    | 7/13 [00:00<00:00,  8.82it/s]
 62%|██████▏   | 8/13 [00:01<00:00,  9.04it/s]
 69%|██████▉   | 9/13 [00:01<00:00,  9.19it/s]
 77%|███████▋  | 10/13 [00:01<00:00,  9.26it/s]
 85%|████████▍ | 11/13 [00:01<00:00,  9.28it/s]
 92%|█████████▏| 12/13 [00:01<00:00,  9.46it/s]
100%|██████████| 13/13 [00:01<00:00,  9.57it/s]
100%|██████████| 13/13 [00:01<00:00,  8.34it/s]

  0%|          | 0/13 [00:00<?, ?it/s]
  8%|▊         | 1/13 [00:00<00:03,  3.45it/s]
 15%|█▌        | 2/13 [00:00<00:01,  5.57it/s]
 23%|██▎       | 3/13 [00:00<00:01,  6.87it/s]
 31%|███       | 4/13 [00:00<00:01,  7.71it/s]
 38%|███▊      | 5/13 [00:00<00:00,  8.16it/s]
 46%|████▌     | 6/13 [00:00<00:00,  8.48it/s]
 54%|█████▍    | 7/13 [00:00<00:00,  8.74it/s]
 62%|██████▏   | 8/13 [00:01<00:00,  8.94it/s]
 69%|██████▉   | 9/13 [00:01<00:00,  9.14it/s]
 77%|███████▋  | 10/13 [00:01<00:00,  9.25it/s]
 85%|████████▍ | 11/13 [00:01<00:00,  9.34it/s]
 92%|█████████▏| 12/13 [00:01<00:00,  9.26it/s]
100%|██████████| 13/13 [00:01<00:00,  9.27it/s]
100%|██████████| 13/13 [00:01<00:00,  8.30it/s]

  0%|          | 0/13 [00:00<?, ?it/s]
  8%|▊         | 1/13 [00:00<00:03,  3.65it/s]
 15%|█▌        | 2/13 [00:00<00:01,  5.80it/s]
 23%|██▎       | 3/13 [00:00<00:01,  7.04it/s]
 31%|███       | 4/13 [00:00<00:01,  7.84it/s]
 38%|███▊      | 5/13 [00:00<00:00,  8.32it/s]
 46%|████▌     | 6/13 [00:00<00:00,  8.69it/s]
 54%|█████▍    | 7/13 [00:00<00:00,  8.67it/s]
 62%|██████▏   | 8/13 [00:01<00:00,  8.92it/s]
 69%|██████▉   | 9/13 [00:01<00:00,  9.06it/s]
 77%|███████▋  | 10/13 [00:01<00:00,  9.13it/s]
 85%|████████▍ | 11/13 [00:01<00:00,  9.32it/s]
 92%|█████████▏| 12/13 [00:01<00:00,  9.21it/s]
100%|██████████| 13/13 [00:01<00:00,  9.18it/s]
100%|██████████| 13/13 [00:01<00:00,  8.35it/s]

  0%|          | 0/13 [00:00<?, ?it/s]
  8%|▊         | 1/13 [00:00<00:03,  3.22it/s]
 15%|█▌        | 2/13 [00:00<00:02,  5.33it/s]
 23%|██▎       | 3/13 [00:00<00:01,  6.76it/s]
 38%|███▊      | 5/13 [00:00<00:00,  8.32it/s]
 54%|█████▍    | 7/13 [00:00<00:00,  9.02it/s]
 62%|██████▏   | 8/13 [00:01<00:00,  9.23it/s]
 69%|██████▉   | 9/13 [00:01<00:00,  9.32it/s]
 85%|████████▍ | 11/13 [00:01<00:00,  9.60it/s]
 92%|█████████▏| 12/13 [00:01<00:00,  9.59it/s]
100%|██████████| 13/13 [00:01<00:00,  9.54it/s]
100%|██████████| 13/13 [00:01<00:00,  8.52it/s]

  0%|          | 0/13 [00:00<?, ?it/s]
  8%|▊         | 1/13 [00:00<00:03,  3.95it/s]
 23%|██▎       | 3/13 [00:00<00:01,  7.20it/s]
 31%|███       | 4/13 [00:00<00:01,  7.92it/s]
 38%|███▊      | 5/13 [00:00<00:00,  8.49it/s]
 46%|████▌     | 6/13 [00:00<00:00,  8.16it/s]
 54%|█████▍    | 7/13 [00:00<00:00,  8.57it/s]
 62%|██████▏   | 8/13 [00:00<00:00,  8.89it/s]
 69%|██████▉   | 9/13 [00:01<00:00,  8.62it/s]
 77%|███████▋  | 10/13 [00:01<00:00,  8.79it/s]
 85%|████████▍ | 11/13 [00:01<00:00,  8.96it/s]
 92%|█████████▏| 12/13 [00:01<00:00,  9.10it/s]
100%|██████████| 13/13 [00:01<00:00,  9.28it/s]
100%|██████████| 13/13 [00:01<00:00,  8.43it/s]

  0%|          | 0/13 [00:00<?, ?it/s]
  8%|▊         | 1/13 [00:00<00:03,  3.45it/s]
 15%|█▌        | 2/13 [00:00<00:01,  5.60it/s]
 23%|██▎       | 3/13 [00:00<00:01,  6.95it/s]
 31%|███       | 4/13 [00:00<00:01,  7.85it/s]
 38%|███▊      | 5/13 [00:00<00:00,  8.26it/s]
 46%|████▌     | 6/13 [00:00<00:00,  8.35it/s]
 54%|█████▍    | 7/13 [00:00<00:00,  8.49it/s]
 62%|██████▏   | 8/13 [00:01<00:00,  8.65it/s]
 69%|██████▉   | 9/13 [00:01<00:00,  8.88it/s]
 77%|███████▋  | 10/13 [00:01<00:00,  9.05it/s]
 85%|████████▍ | 11/13 [00:01<00:00,  9.18it/s]
 92%|█████████▏| 12/13 [00:01<00:00,  9.30it/s]
100%|██████████| 13/13 [00:01<00:00,  9.37it/s]
100%|██████████| 13/13 [00:01<00:00,  8.26it/s]

  0%|          | 0/13 [00:00<?, ?it/s]
  8%|▊         | 1/13 [00:00<00:03,  3.52it/s]
 15%|█▌        | 2/13 [00:00<00:01,  5.57it/s]
 23%|██▎       | 3/13 [00:00<00:01,  6.89it/s]
 31%|███       | 4/13 [00:00<00:01,  7.74it/s]
 38%|███▊      | 5/13 [00:00<00:00,  8.36it/s]
 46%|████▌     | 6/13 [00:00<00:00,  8.80it/s]
 54%|█████▍    | 7/13 [00:00<00:00,  8.83it/s]
 62%|██████▏   | 8/13 [00:01<00:00,  9.07it/s]
 69%|██████▉   | 9/13 [00:01<00:00,  9.29it/s]
 77%|███████▋  | 10/13 [00:01<00:00,  9.41it/s]
 85%|████████▍ | 11/13 [00:01<00:00,  9.41it/s]
 92%|█████████▏| 12/13 [00:01<00:00,  9.39it/s]
100%|██████████| 13/13 [00:01<00:00,  9.22it/s]
100%|██████████| 13/13 [00:01<00:00,  8.38it/s]

  0%|          | 0/13 [00:00<?, ?it/s]
  8%|▊         | 1/13 [00:00<00:03,  3.48it/s]
 15%|█▌        | 2/13 [00:00<00:02,  5.48it/s]
 23%|██▎       | 3/13 [00:00<00:01,  6.67it/s]
 31%|███       | 4/13 [00:00<00:01,  7.46it/s]
 38%|███▊      | 5/13 [00:00<00:01,  7.95it/s]
 46%|████▌     | 6/13 [00:00<00:00,  8.28it/s]
 54%|█████▍    | 7/13 [00:00<00:00,  8.61it/s]
 62%|██████▏   | 8/13 [00:01<00:00,  8.80it/s]
 69%|██████▉   | 9/13 [00:01<00:00,  8.98it/s]
 77%|███████▋  | 10/13 [00:01<00:00,  8.99it/s]
 85%|████████▍ | 11/13 [00:01<00:00,  9.13it/s]
 92%|█████████▏| 12/13 [00:01<00:00,  9.23it/s]
100%|██████████| 13/13 [00:01<00:00,  9.35it/s]
100%|██████████| 13/13 [00:01<00:00,  8.19it/s]

  0%|          | 0/13 [00:00<?, ?it/s]
  8%|▊         | 1/13 [00:00<00:03,  3.44it/s]
 15%|█▌        | 2/13 [00:00<00:02,  5.47it/s]
 23%|██▎       | 3/13 [00:00<00:01,  6.73it/s]
 31%|███       | 4/13 [00:00<00:01,  7.61it/s]
 38%|███▊      | 5/13 [00:00<00:00,  8.09it/s]
 46%|████▌     | 6/13 [00:00<00:00,  8.50it/s]
 54%|█████▍    | 7/13 [00:00<00:00,  8.82it/s]
 62%|██████▏   | 8/13 [00:01<00:00,  8.98it/s]
 69%|██████▉   | 9/13 [00:01<00:00,  9.12it/s]
 77%|███████▋  | 10/13 [00:01<00:00,  9.02it/s]
 85%|████████▍ | 11/13 [00:01<00:00,  9.00it/s]
 92%|█████████▏| 12/13 [00:01<00:00,  9.00it/s]
100%|██████████| 13/13 [00:01<00:00,  9.04it/s]
100%|██████████| 13/13 [00:01<00:00,  8.18it/s]

  0%|          | 0/13 [00:00<?, ?it/s]
  8%|▊         | 1/13 [00:00<00:03,  3.24it/s]
 15%|█▌        | 2/13 [00:00<00:02,  5.28it/s]
 23%|██▎       | 3/13 [00:00<00:01,  6.71it/s]
 31%|███       | 4/13 [00:00<00:01,  7.65it/s]
 38%|███▊      | 5/13 [00:00<00:00,  8.14it/s]
 46%|████▌     | 6/13 [00:00<00:00,  8.48it/s]
 54%|█████▍    | 7/13 [00:00<00:00,  8.62it/s]
 62%|██████▏   | 8/13 [00:01<00:00,  8.85it/s]
 69%|██████▉   | 9/13 [00:01<00:00,  8.92it/s]
 77%|███████▋  | 10/13 [00:01<00:00,  8.89it/s]
 85%|████████▍ | 11/13 [00:01<00:00,  8.94it/s]
 92%|█████████▏| 12/13 [00:01<00:00,  8.94it/s]
100%|██████████| 13/13 [00:01<00:00,  8.84it/s]
100%|██████████| 13/13 [00:01<00:00,  8.05it/s]

  0%|          | 0/13 [00:00<?, ?it/s]
  8%|▊         | 1/13 [00:00<00:04,  2.92it/s]
 15%|█▌        | 2/13 [00:00<00:02,  4.90it/s]
 23%|██▎       | 3/13 [00:00<00:01,  6.23it/s]
 31%|███       | 4/13 [00:00<00:01,  7.19it/s]
 38%|███▊      | 5/13 [00:00<00:01,  7.82it/s]
 46%|████▌     | 6/13 [00:00<00:00,  8.33it/s]
 54%|█████▍    | 7/13 [00:00<00:00,  8.44it/s]
 62%|██████▏   | 8/13 [00:01<00:00,  8.71it/s]
 69%|██████▉   | 9/13 [00:01<00:00,  8.68it/s]
 77%|███████▋  | 10/13 [00:01<00:00,  8.49it/s]
 85%|████████▍ | 11/13 [00:01<00:00,  8.45it/s]
 92%|█████████▏| 12/13 [00:01<00:00,  8.75it/s]
100%|██████████| 13/13 [00:01<00:00,  8.82it/s]
100%|██████████| 13/13 [00:01<00:00,  7.76it/s]

  0%|          | 0/13 [00:00<?, ?it/s]
  8%|▊         | 1/13 [00:00<00:03,  3.33it/s]
 15%|█▌        | 2/13 [00:00<00:02,  5.31it/s]
 23%|██▎       | 3/13 [00:00<00:01,  6.57it/s]
 31%|███       | 4/13 [00:00<00:01,  7.47it/s]
 38%|███▊      | 5/13 [00:00<00:01,  7.98it/s]
 46%|████▌     | 6/13 [00:00<00:00,  8.41it/s]
 54%|█████▍    | 7/13 [00:00<00:00,  8.68it/s]
 62%|██████▏   | 8/13 [00:01<00:00,  8.93it/s]
 69%|██████▉   | 9/13 [00:01<00:00,  8.86it/s]
 77%|███████▋  | 10/13 [00:01<00:00,  8.87it/s]
 85%|████████▍ | 11/13 [00:01<00:00,  8.63it/s]
 92%|█████████▏| 12/13 [00:01<00:00,  8.65it/s]
100%|██████████| 13/13 [00:01<00:00,  8.72it/s]
100%|██████████| 13/13 [00:01<00:00,  7.96it/s]

  0%|          | 0/13 [00:00<?, ?it/s]
  8%|▊         | 1/13 [00:00<00:03,  3.38it/s]
 15%|█▌        | 2/13 [00:00<00:02,  5.48it/s]
 23%|██▎       | 3/13 [00:00<00:01,  6.68it/s]
 31%|███       | 4/13 [00:00<00:01,  7.67it/s]
 46%|████▌     | 6/13 [00:00<00:00,  8.67it/s]
 54%|█████▍    | 7/13 [00:00<00:00,  8.93it/s]
 62%|██████▏   | 8/13 [00:01<00:00,  9.09it/s]
 69%|██████▉   | 9/13 [00:01<00:00,  9.22it/s]
 77%|███████▋  | 10/13 [00:01<00:00,  9.38it/s]
 85%|████████▍ | 11/13 [00:01<00:00,  9.39it/s]
 92%|█████████▏| 12/13 [00:01<00:00,  9.42it/s]
100%|██████████| 13/13 [00:01<00:00,  9.25it/s]
100%|██████████| 13/13 [00:01<00:00,  8.36it/s]

  0%|          | 0/13 [00:00<?, ?it/s]
  8%|▊         | 1/13 [00:00<00:03,  3.72it/s]
 23%|██▎       | 3/13 [00:00<00:01,  6.78it/s]
 31%|███       | 4/13 [00:00<00:01,  7.42it/s]
 38%|███▊      | 5/13 [00:00<00:01,  7.82it/s]
 46%|████▌     | 6/13 [00:00<00:00,  8.06it/s]
 54%|█████▍    | 7/13 [00:00<00:00,  8.34it/s]
 62%|██████▏   | 8/13 [00:01<00:00,  8.63it/s]
 69%|██████▉   | 9/13 [00:01<00:00,  8.84it/s]
 77%|███████▋  | 10/13 [00:01<00:00,  8.66it/s]
 85%|████████▍ | 11/13 [00:01<00:00,  8.93it/s]
 92%|█████████▏| 12/13 [00:01<00:00,  9.01it/s]
100%|██████████| 13/13 [00:01<00:00,  8.99it/s]
100%|██████████| 13/13 [00:01<00:00,  8.18it/s]

  0%|          | 0/13 [00:00<?, ?it/s]
  8%|▊         | 1/13 [00:00<00:03,  3.78it/s]
 23%|██▎       | 3/13 [00:00<00:01,  6.93it/s]
 31%|███       | 4/13 [00:00<00:01,  7.61it/s]
 38%|███▊      | 5/13 [00:00<00:00,  8.13it/s]
 46%|████▌     | 6/13 [00:00<00:00,  8.41it/s]
 54%|█████▍    | 7/13 [00:00<00:00,  8.72it/s]
 62%|██████▏   | 8/13 [00:01<00:00,  8.89it/s]
 69%|██████▉   | 9/13 [00:01<00:00,  9.03it/s]
 77%|███████▋  | 10/13 [00:01<00:00,  9.18it/s]
 85%|████████▍ | 11/13 [00:01<00:00,  9.11it/s]
 92%|█████████▏| 12/13 [00:01<00:00,  9.22it/s]
100%|██████████| 13/13 [00:01<00:00,  9.23it/s]
100%|██████████| 13/13 [00:01<00:00,  8.43it/s]

  0%|          | 0/13 [00:00<?, ?it/s]
  8%|▊         | 1/13 [00:00<00:03,  3.64it/s]
 15%|█▌        | 2/13 [00:00<00:01,  5.60it/s]
 23%|██▎       | 3/13 [00:00<00:01,  6.71it/s]
 31%|███       | 4/13 [00:00<00:01,  7.45it/s]
 38%|███▊      | 5/13 [00:00<00:01,  7.72it/s]
 46%|████▌     | 6/13 [00:00<00:00,  8.25it/s]
 54%|█████▍    | 7/13 [00:00<00:00,  8.59it/s]
 62%|██████▏   | 8/13 [00:01<00:00,  8.64it/s]
 69%|██████▉   | 9/13 [00:01<00:00,  8.82it/s]
 77%|███████▋  | 10/13 [00:01<00:00,  8.91it/s]
 85%|████████▍ | 11/13 [00:01<00:00,  9.05it/s]
 92%|█████████▏| 12/13 [00:01<00:00,  9.08it/s]
100%|██████████| 13/13 [00:01<00:00,  9.10it/s]
100%|██████████| 13/13 [00:01<00:00,  8.12it/s]

  0%|          | 0/13 [00:00<?, ?it/s]
  8%|▊         | 1/13 [00:00<00:03,  3.17it/s]
 15%|█▌        | 2/13 [00:00<00:02,  5.19it/s]
 23%|██▎       | 3/13 [00:00<00:01,  6.52it/s]
 31%|███       | 4/13 [00:00<00:01,  7.37it/s]
 38%|███▊      | 5/13 [00:00<00:00,  8.00it/s]
 46%|████▌     | 6/13 [00:00<00:00,  8.43it/s]
 54%|█████▍    | 7/13 [00:00<00:00,  8.63it/s]
 62%|██████▏   | 8/13 [00:01<00:00,  8.94it/s]
 69%|██████▉   | 9/13 [00:01<00:00,  8.94it/s]
 77%|███████▋  | 10/13 [00:01<00:00,  8.98it/s]
 85%|████████▍ | 11/13 [00:01<00:00,  9.09it/s]
 92%|█████████▏| 12/13 [00:01<00:00,  9.23it/s]
100%|██████████| 13/13 [00:01<00:00,  9.36it/s]
100%|██████████| 13/13 [00:01<00:00,  8.13it/s]

  0%|          | 0/13 [00:00<?, ?it/s]
  8%|▊         | 1/13 [00:00<00:03,  3.27it/s]
 15%|█▌        | 2/13 [00:00<00:02,  5.11it/s]
 23%|██▎       | 3/13 [00:00<00:01,  6.36it/s]
 31%|███       | 4/13 [00:00<00:01,  7.25it/s]
 38%|███▊      | 5/13 [00:00<00:01,  7.38it/s]
 46%|████▌     | 6/13 [00:00<00:00,  7.70it/s]
 54%|█████▍    | 7/13 [00:01<00:00,  8.06it/s]
 62%|██████▏   | 8/13 [00:01<00:00,  8.32it/s]
 69%|██████▉   | 9/13 [00:01<00:00,  8.61it/s]
 77%|███████▋  | 10/13 [00:01<00:00,  8.64it/s]
 85%|████████▍ | 11/13 [00:01<00:00,  8.82it/s]
 92%|█████████▏| 12/13 [00:01<00:00,  9.01it/s]
100%|██████████| 13/13 [00:01<00:00,  9.05it/s]
100%|██████████| 13/13 [00:01<00:00,  7.81it/s]
[350/750] Minimalism__Minimalism__robert-mangold_untitled-fcpa-1995__to__Impressionism.png  dt=1.90s  elapsed=11.1m  eta=12.7m

  0%|          | 0/13 [00:00<?, ?it/s]
  8%|▊         | 1/13 [00:00<00:03,  3.80it/s]
 15%|█▌        | 2/13 [00:00<00:01,  5.98it/s]
 23%|██▎       | 3/13 [00:00<00:01,  7.17it/s]
 31%|███       | 4/13 [00:00<00:01,  7.95it/s]
 38%|███▊      | 5/13 [00:00<00:00,  8.49it/s]
 46%|████▌     | 6/13 [00:00<00:00,  8.87it/s]
 54%|█████▍    | 7/13 [00:00<00:00,  8.92it/s]
 62%|██████▏   | 8/13 [00:01<00:00,  8.96it/s]
 69%|██████▉   | 9/13 [00:01<00:00,  8.95it/s]
 77%|███████▋  | 10/13 [00:01<00:00,  8.87it/s]
 85%|████████▍ | 11/13 [00:01<00:00,  8.70it/s]
 92%|█████████▏| 12/13 [00:01<00:00,  8.82it/s]
100%|██████████| 13/13 [00:01<00:00,  8.98it/s]
100%|██████████| 13/13 [00:01<00:00,  8.30it/s]

  0%|          | 0/13 [00:00<?, ?it/s]
  8%|▊         | 1/13 [00:00<00:03,  3.43it/s]
 15%|█▌        | 2/13 [00:00<00:02,  5.45it/s]
 23%|██▎       | 3/13 [00:00<00:01,  6.68it/s]
 31%|███       | 4/13 [00:00<00:01,  7.51it/s]
 38%|███▊      | 5/13 [00:00<00:00,  8.02it/s]
 46%|████▌     | 6/13 [00:00<00:00,  8.41it/s]
 54%|█████▍    | 7/13 [00:00<00:00,  8.72it/s]
 62%|██████▏   | 8/13 [00:01<00:00,  8.97it/s]
 69%|██████▉   | 9/13 [00:01<00:00,  9.13it/s]
 77%|███████▋  | 10/13 [00:01<00:00,  9.24it/s]
 85%|████████▍ | 11/13 [00:01<00:00,  9.30it/s]
 92%|█████████▏| 12/13 [00:01<00:00,  9.39it/s]
100%|██████████| 13/13 [00:01<00:00,  9.31it/s]
100%|██████████| 13/13 [00:01<00:00,  8.26it/s]

  0%|          | 0/13 [00:00<?, ?it/s]
  8%|▊         | 1/13 [00:00<00:03,  3.45it/s]
 15%|█▌        | 2/13 [00:00<00:02,  5.40it/s]
 23%|██▎       | 3/13 [00:00<00:01,  6.57it/s]
 31%|███       | 4/13 [00:00<00:01,  7.31it/s]
 38%|███▊      | 5/13 [00:00<00:01,  7.84it/s]
 46%|████▌     | 6/13 [00:00<00:00,  8.32it/s]
 54%|█████▍    | 7/13 [00:00<00:00,  8.67it/s]
 62%|██████▏   | 8/13 [00:01<00:00,  8.92it/s]
 69%|██████▉   | 9/13 [00:01<00:00,  9.09it/s]
 77%|███████▋  | 10/13 [00:01<00:00,  9.21it/s]
 85%|████████▍ | 11/13 [00:01<00:00,  8.94it/s]
 92%|█████████▏| 12/13 [00:01<00:00,  8.99it/s]
100%|██████████| 13/13 [00:01<00:00,  8.99it/s]
100%|██████████| 13/13 [00:01<00:00,  8.09it/s]

  0%|          | 0/13 [00:00<?, ?it/s]
  8%|▊         | 1/13 [00:00<00:03,  3.18it/s]
 23%|██▎       | 3/13 [00:00<00:01,  6.51it/s]
 31%|███       | 4/13 [00:00<00:01,  6.94it/s]
 38%|███▊      | 5/13 [00:00<00:01,  7.62it/s]
 46%|████▌     | 6/13 [00:00<00:00,  7.56it/s]
 54%|█████▍    | 7/13 [00:00<00:00,  7.76it/s]
 62%|██████▏   | 8/13 [00:01<00:00,  8.11it/s]
 69%|██████▉   | 9/13 [00:01<00:00,  8.33it/s]
 77%|███████▋  | 10/13 [00:01<00:00,  8.57it/s]
 85%|████████▍ | 11/13 [00:01<00:00,  8.75it/s]
 92%|█████████▏| 12/13 [00:01<00:00,  8.96it/s]
100%|██████████| 13/13 [00:01<00:00,  9.09it/s]
100%|██████████| 13/13 [00:01<00:00,  7.88it/s]

  0%|          | 0/13 [00:00<?, ?it/s]
  8%|▊         | 1/13 [00:00<00:03,  3.53it/s]
 15%|█▌        | 2/13 [00:00<00:01,  5.51it/s]
 23%|██▎       | 3/13 [00:00<00:01,  6.45it/s]
 31%|███       | 4/13 [00:00<00:01,  7.38it/s]
 38%|███▊      | 5/13 [00:00<00:00,  8.00it/s]
 46%|████▌     | 6/13 [00:00<00:00,  8.44it/s]
 54%|█████▍    | 7/13 [00:00<00:00,  8.69it/s]
 62%|██████▏   | 8/13 [00:01<00:00,  8.73it/s]
 69%|██████▉   | 9/13 [00:01<00:00,  8.62it/s]
 77%|███████▋  | 10/13 [00:01<00:00,  8.45it/s]
 85%|████████▍ | 11/13 [00:01<00:00,  8.65it/s]
 92%|█████████▏| 12/13 [00:01<00:00,  8.70it/s]
100%|██████████| 13/13 [00:01<00:00,  8.87it/s]
100%|██████████| 13/13 [00:01<00:00,  7.98it/s]

  0%|          | 0/13 [00:00<?, ?it/s]
  8%|▊         | 1/13 [00:00<00:03,  3.63it/s]
 15%|█▌        | 2/13 [00:00<00:01,  5.73it/s]
 23%|██▎       | 3/13 [00:00<00:01,  6.96it/s]
 31%|███       | 4/13 [00:00<00:01,  7.71it/s]
 38%|███▊      | 5/13 [00:00<00:00,  8.07it/s]
 46%|████▌     | 6/13 [00:00<00:00,  8.26it/s]
 54%|█████▍    | 7/13 [00:00<00:00,  8.52it/s]
 62%|██████▏   | 8/13 [00:01<00:00,  8.69it/s]
 69%|██████▉   | 9/13 [00:01<00:00,  8.92it/s]
 77%|███████▋  | 10/13 [00:01<00:00,  9.05it/s]
 85%|████████▍ | 11/13 [00:01<00:00,  9.10it/s]
 92%|█████████▏| 12/13 [00:01<00:00,  9.07it/s]
100%|██████████| 13/13 [00:01<00:00,  9.02it/s]
100%|██████████| 13/13 [00:01<00:00,  8.19it/s]

  0%|          | 0/13 [00:00<?, ?it/s]
  8%|▊         | 1/13 [00:00<00:03,  3.44it/s]
 23%|██▎       | 3/13 [00:00<00:01,  6.79it/s]
 31%|███       | 4/13 [00:00<00:01,  7.58it/s]
 38%|███▊      | 5/13 [00:00<00:01,  7.96it/s]
 46%|████▌     | 6/13 [00:00<00:00,  7.19it/s]
 54%|█████▍    | 7/13 [00:00<00:00,  7.88it/s]
 62%|██████▏   | 8/13 [00:01<00:00,  8.36it/s]
 69%|██████▉   | 9/13 [00:01<00:00,  8.76it/s]
 77%|███████▋  | 10/13 [00:01<00:00,  8.76it/s]
 85%|████████▍ | 11/13 [00:01<00:00,  8.64it/s]
 92%|█████████▏| 12/13 [00:01<00:00,  8.79it/s]
100%|██████████| 13/13 [00:01<00:00,  8.75it/s]
100%|██████████| 13/13 [00:01<00:00,  7.96it/s]

  0%|          | 0/13 [00:00<?, ?it/s]
  8%|▊         | 1/13 [00:00<00:03,  3.42it/s]
 15%|█▌        | 2/13 [00:00<00:02,  5.45it/s]
 23%|██▎       | 3/13 [00:00<00:01,  6.68it/s]
 31%|███       | 4/13 [00:00<00:01,  7.51it/s]
 38%|███▊      | 5/13 [00:00<00:00,  8.05it/s]
 46%|████▌     | 6/13 [00:00<00:00,  8.47it/s]
 54%|█████▍    | 7/13 [00:00<00:00,  8.66it/s]
 62%|██████▏   | 8/13 [00:01<00:00,  8.90it/s]
 69%|██████▉   | 9/13 [00:01<00:00,  8.93it/s]
 77%|███████▋  | 10/13 [00:01<00:00,  9.09it/s]
 85%|████████▍ | 11/13 [00:01<00:00,  9.02it/s]
 92%|█████████▏| 12/13 [00:01<00:00,  8.55it/s]
100%|██████████| 13/13 [00:01<00:00,  8.63it/s]
100%|██████████| 13/13 [00:01<00:00,  8.02it/s]

  0%|          | 0/13 [00:00<?, ?it/s]
  8%|▊         | 1/13 [00:00<00:03,  3.46it/s]
 15%|█▌        | 2/13 [00:00<00:01,  5.55it/s]
 23%|██▎       | 3/13 [00:00<00:01,  6.84it/s]
 31%|███       | 4/13 [00:00<00:01,  7.68it/s]
 38%|███▊      | 5/13 [00:00<00:00,  8.26it/s]
 46%|████▌     | 6/13 [00:00<00:00,  8.56it/s]
 54%|█████▍    | 7/13 [00:00<00:00,  8.59it/s]
 62%|██████▏   | 8/13 [00:01<00:00,  8.85it/s]
 69%|██████▉   | 9/13 [00:01<00:00,  9.03it/s]
 77%|███████▋  | 10/13 [00:01<00:00,  9.11it/s]
 85%|████████▍ | 11/13 [00:01<00:00,  9.11it/s]
 92%|█████████▏| 12/13 [00:01<00:00,  9.23it/s]
100%|██████████| 13/13 [00:01<00:00,  9.14it/s]
100%|██████████| 13/13 [00:01<00:00,  8.23it/s]

  0%|          | 0/13 [00:00<?, ?it/s]
  8%|▊         | 1/13 [00:00<00:03,  3.43it/s]
 15%|█▌        | 2/13 [00:00<00:02,  5.42it/s]
 23%|██▎       | 3/13 [00:00<00:01,  6.52it/s]
 31%|███       | 4/13 [00:00<00:01,  7.43it/s]
 38%|███▊      | 5/13 [00:00<00:01,  7.99it/s]
 46%|████▌     | 6/13 [00:00<00:00,  8.35it/s]
 54%|█████▍    | 7/13 [00:00<00:00,  8.52it/s]
 62%|██████▏   | 8/13 [00:01<00:00,  8.43it/s]
 69%|██████▉   | 9/13 [00:01<00:00,  8.67it/s]
 77%|███████▋  | 10/13 [00:01<00:00,  8.89it/s]
 85%|████████▍ | 11/13 [00:01<00:00,  8.94it/s]
 92%|█████████▏| 12/13 [00:01<00:00,  9.04it/s]
100%|██████████| 13/13 [00:01<00:00,  9.10it/s]
100%|██████████| 13/13 [00:01<00:00,  8.05it/s]

  0%|          | 0/13 [00:00<?, ?it/s]
  8%|▊         | 1/13 [00:00<00:04,  2.53it/s]
 15%|█▌        | 2/13 [00:00<00:02,  4.38it/s]
 31%|███       | 4/13 [00:00<00:01,  6.88it/s]
 38%|███▊      | 5/13 [00:00<00:01,  7.36it/s]
 54%|█████▍    | 7/13 [00:01<00:00,  8.41it/s]
 62%|██████▏   | 8/13 [00:01<00:00,  8.74it/s]
 69%|██████▉   | 9/13 [00:01<00:00,  8.99it/s]
 77%|███████▋  | 10/13 [00:01<00:00,  9.14it/s]
 85%|████████▍ | 11/13 [00:01<00:00,  9.22it/s]
 92%|█████████▏| 12/13 [00:01<00:00,  9.26it/s]
100%|██████████| 13/13 [00:01<00:00,  9.20it/s]
100%|██████████| 13/13 [00:01<00:00,  7.91it/s]

  0%|          | 0/13 [00:00<?, ?it/s]
  8%|▊         | 1/13 [00:00<00:03,  3.69it/s]
 15%|█▌        | 2/13 [00:00<00:01,  5.74it/s]
 23%|██▎       | 3/13 [00:00<00:01,  6.82it/s]
 31%|███       | 4/13 [00:00<00:01,  7.56it/s]
 38%|███▊      | 5/13 [00:00<00:00,  8.10it/s]
 46%|████▌     | 6/13 [00:00<00:00,  8.40it/s]
 54%|█████▍    | 7/13 [00:00<00:00,  8.66it/s]
 62%|██████▏   | 8/13 [00:01<00:00,  8.79it/s]
 69%|██████▉   | 9/13 [00:01<00:00,  7.40it/s]
 85%|████████▍ | 11/13 [00:01<00:00,  8.72it/s]
100%|██████████| 13/13 [00:01<00:00,  9.45it/s]
100%|██████████| 13/13 [00:01<00:00,  8.18it/s]

  0%|          | 0/13 [00:00<?, ?it/s]
  8%|▊         | 1/13 [00:00<00:03,  3.72it/s]
 15%|█▌        | 2/13 [00:00<00:01,  5.87it/s]
 23%|██▎       | 3/13 [00:00<00:01,  7.04it/s]
 31%|███       | 4/13 [00:00<00:01,  7.89it/s]
 38%|███▊      | 5/13 [00:00<00:00,  8.47it/s]
 46%|████▌     | 6/13 [00:00<00:00,  8.78it/s]
 54%|█████▍    | 7/13 [00:00<00:00,  8.97it/s]
 62%|██████▏   | 8/13 [00:01<00:00,  9.18it/s]
 69%|██████▉   | 9/13 [00:01<00:00,  9.34it/s]
 77%|███████▋  | 10/13 [00:01<00:00,  8.68it/s]
 85%|████████▍ | 11/13 [00:01<00:00,  8.81it/s]
 92%|█████████▏| 12/13 [00:01<00:00,  8.83it/s]
100%|██████████| 13/13 [00:01<00:00,  8.67it/s]
100%|██████████| 13/13 [00:01<00:00,  8.23it/s]

  0%|          | 0/13 [00:00<?, ?it/s]
  8%|▊         | 1/13 [00:00<00:03,  3.40it/s]
 15%|█▌        | 2/13 [00:00<00:02,  5.37it/s]
 23%|██▎       | 3/13 [00:00<00:01,  6.62it/s]
 31%|███       | 4/13 [00:00<00:01,  7.36it/s]
 38%|███▊      | 5/13 [00:00<00:01,  7.95it/s]
 46%|████▌     | 6/13 [00:00<00:00,  8.24it/s]
 54%|█████▍    | 7/13 [00:00<00:00,  8.26it/s]
 62%|██████▏   | 8/13 [00:01<00:00,  8.64it/s]
 69%|██████▉   | 9/13 [00:01<00:00,  8.84it/s]
 77%|███████▋  | 10/13 [00:01<00:00,  8.96it/s]
 85%|████████▍ | 11/13 [00:01<00:00,  9.06it/s]
 92%|█████████▏| 12/13 [00:01<00:00,  9.19it/s]
100%|██████████| 13/13 [00:01<00:00,  9.27it/s]
100%|██████████| 13/13 [00:01<00:00,  8.09it/s]

  0%|          | 0/13 [00:00<?, ?it/s]
  8%|▊         | 1/13 [00:00<00:03,  3.49it/s]
 15%|█▌        | 2/13 [00:00<00:01,  5.55it/s]
 23%|██▎       | 3/13 [00:00<00:01,  6.71it/s]
 31%|███       | 4/13 [00:00<00:01,  7.63it/s]
 38%|███▊      | 5/13 [00:00<00:00,  8.15it/s]
 46%|████▌     | 6/13 [00:00<00:00,  8.58it/s]
 54%|█████▍    | 7/13 [00:00<00:00,  8.54it/s]
 62%|██████▏   | 8/13 [00:01<00:00,  8.84it/s]
 69%|██████▉   | 9/13 [00:01<00:00,  9.11it/s]
 77%|███████▋  | 10/13 [00:01<00:00,  9.27it/s]
 85%|████████▍ | 11/13 [00:01<00:00,  9.38it/s]
 92%|█████████▏| 12/13 [00:01<00:00,  9.48it/s]
100%|██████████| 13/13 [00:01<00:00,  9.49it/s]
100%|██████████| 13/13 [00:01<00:00,  8.33it/s]

  0%|          | 0/13 [00:00<?, ?it/s]
  8%|▊         | 1/13 [00:00<00:03,  3.50it/s]
 15%|█▌        | 2/13 [00:00<00:01,  5.61it/s]
 23%|██▎       | 3/13 [00:00<00:01,  6.95it/s]
 31%|███       | 4/13 [00:00<00:01,  7.71it/s]
 38%|███▊      | 5/13 [00:00<00:00,  8.20it/s]
 46%|████▌     | 6/13 [00:00<00:00,  8.57it/s]
 54%|█████▍    | 7/13 [00:00<00:00,  8.80it/s]
 62%|██████▏   | 8/13 [00:01<00:00,  8.98it/s]
 69%|██████▉   | 9/13 [00:01<00:00,  9.04it/s]
 77%|███████▋  | 10/13 [00:01<00:00,  9.15it/s]
 85%|████████▍ | 11/13 [00:01<00:00,  9.15it/s]
 92%|█████████▏| 12/13 [00:01<00:00,  9.18it/s]
100%|██████████| 13/13 [00:01<00:00,  9.16it/s]
100%|██████████| 13/13 [00:01<00:00,  8.28it/s]

  0%|          | 0/13 [00:00<?, ?it/s]
  8%|▊         | 1/13 [00:00<00:03,  3.47it/s]
 15%|█▌        | 2/13 [00:00<00:01,  5.57it/s]
 23%|██▎       | 3/13 [00:00<00:01,  6.86it/s]
 31%|███       | 4/13 [00:00<00:01,  7.73it/s]
 38%|███▊      | 5/13 [00:00<00:00,  8.25it/s]
 46%|████▌     | 6/13 [00:00<00:00,  8.34it/s]
 54%|█████▍    | 7/13 [00:00<00:00,  8.47it/s]
 62%|██████▏   | 8/13 [00:01<00:00,  8.60it/s]
 69%|██████▉   | 9/13 [00:01<00:00,  8.81it/s]
 77%|███████▋  | 10/13 [00:01<00:00,  8.96it/s]
 85%|████████▍ | 11/13 [00:01<00:00,  9.10it/s]
 92%|█████████▏| 12/13 [00:01<00:00,  9.20it/s]
100%|██████████| 13/13 [00:01<00:00,  9.25it/s]
100%|██████████| 13/13 [00:01<00:00,  8.20it/s]

  0%|          | 0/13 [00:00<?, ?it/s]
  8%|▊         | 1/13 [00:00<00:03,  3.57it/s]
 15%|█▌        | 2/13 [00:00<00:01,  5.55it/s]
 23%|██▎       | 3/13 [00:00<00:01,  6.66it/s]
 31%|███       | 4/13 [00:00<00:01,  7.42it/s]
 38%|███▊      | 5/13 [00:00<00:01,  7.95it/s]
 46%|████▌     | 6/13 [00:00<00:00,  8.29it/s]
 54%|█████▍    | 7/13 [00:00<00:00,  8.63it/s]
 62%|██████▏   | 8/13 [00:01<00:00,  8.79it/s]
 69%|██████▉   | 9/13 [00:01<00:00,  8.97it/s]
 77%|███████▋  | 10/13 [00:01<00:00,  9.18it/s]
 85%|████████▍ | 11/13 [00:01<00:00,  9.23it/s]
 92%|█████████▏| 12/13 [00:01<00:00,  9.30it/s]
100%|██████████| 13/13 [00:01<00:00,  9.35it/s]
100%|██████████| 13/13 [00:01<00:00,  8.23it/s]

  0%|          | 0/13 [00:00<?, ?it/s]
  8%|▊         | 1/13 [00:00<00:03,  3.50it/s]
 15%|█▌        | 2/13 [00:00<00:01,  5.60it/s]
 23%|██▎       | 3/13 [00:00<00:01,  6.97it/s]
 31%|███       | 4/13 [00:00<00:01,  7.66it/s]
 38%|███▊      | 5/13 [00:00<00:00,  8.01it/s]
 46%|████▌     | 6/13 [00:00<00:00,  8.40it/s]
 54%|█████▍    | 7/13 [00:00<00:00,  8.63it/s]
 62%|██████▏   | 8/13 [00:01<00:00,  8.89it/s]
 69%|██████▉   | 9/13 [00:01<00:00,  9.03it/s]
 77%|███████▋  | 10/13 [00:01<00:00,  9.24it/s]
 85%|████████▍ | 11/13 [00:01<00:00,  9.35it/s]
 92%|█████████▏| 12/13 [00:01<00:00,  9.23it/s]
100%|██████████| 13/13 [00:01<00:00,  9.26it/s]
100%|██████████| 13/13 [00:01<00:00,  8.27it/s]

  0%|          | 0/13 [00:00<?, ?it/s]
  8%|▊         | 1/13 [00:00<00:03,  3.36it/s]
 23%|██▎       | 3/13 [00:00<00:01,  6.60it/s]
 31%|███       | 4/13 [00:00<00:01,  7.42it/s]
 38%|███▊      | 5/13 [00:00<00:01,  7.93it/s]
 46%|████▌     | 6/13 [00:00<00:00,  8.33it/s]
 54%|█████▍    | 7/13 [00:00<00:00,  8.45it/s]
 62%|██████▏   | 8/13 [00:01<00:00,  8.79it/s]
 69%|██████▉   | 9/13 [00:01<00:00,  8.94it/s]
 77%|███████▋  | 10/13 [00:01<00:00,  9.11it/s]
 85%|████████▍ | 11/13 [00:01<00:00,  9.20it/s]
 92%|█████████▏| 12/13 [00:01<00:00,  9.20it/s]
100%|██████████| 13/13 [00:01<00:00,  8.97it/s]
100%|██████████| 13/13 [00:01<00:00,  8.22it/s]

  0%|          | 0/13 [00:00<?, ?it/s]
  8%|▊         | 1/13 [00:00<00:03,  3.44it/s]
 15%|█▌        | 2/13 [00:00<00:02,  5.44it/s]
 23%|██▎       | 3/13 [00:00<00:01,  6.70it/s]
 31%|███       | 4/13 [00:00<00:01,  7.50it/s]
 38%|███▊      | 5/13 [00:00<00:00,  8.05it/s]
 46%|████▌     | 6/13 [00:00<00:00,  8.40it/s]
 54%|█████▍    | 7/13 [00:00<00:00,  8.67it/s]
 62%|██████▏   | 8/13 [00:01<00:00,  8.75it/s]
 69%|██████▉   | 9/13 [00:01<00:00,  8.74it/s]
 77%|███████▋  | 10/13 [00:01<00:00,  8.70it/s]
 85%|████████▍ | 11/13 [00:01<00:00,  8.63it/s]
 92%|█████████▏| 12/13 [00:01<00:00,  8.70it/s]
100%|██████████| 13/13 [00:01<00:00,  8.92it/s]
100%|██████████| 13/13 [00:01<00:00,  8.02it/s]

  0%|          | 0/13 [00:00<?, ?it/s]
  8%|▊         | 1/13 [00:00<00:03,  3.54it/s]
 15%|█▌        | 2/13 [00:00<00:01,  5.65it/s]
 23%|██▎       | 3/13 [00:00<00:01,  7.00it/s]
 31%|███       | 4/13 [00:00<00:01,  7.83it/s]
 38%|███▊      | 5/13 [00:00<00:00,  8.32it/s]
 46%|████▌     | 6/13 [00:00<00:00,  8.35it/s]
 54%|█████▍    | 7/13 [00:00<00:00,  8.55it/s]
 62%|██████▏   | 8/13 [00:01<00:00,  8.69it/s]
 69%|██████▉   | 9/13 [00:01<00:00,  8.83it/s]
 77%|███████▋  | 10/13 [00:01<00:00,  8.93it/s]
 85%|████████▍ | 11/13 [00:01<00:00,  9.01it/s]
 92%|█████████▏| 12/13 [00:01<00:00,  9.11it/s]
100%|██████████| 13/13 [00:01<00:00,  9.04it/s]
100%|██████████| 13/13 [00:01<00:00,  8.19it/s]

  0%|          | 0/13 [00:00<?, ?it/s]
  8%|▊         | 1/13 [00:00<00:03,  3.41it/s]
 15%|█▌        | 2/13 [00:00<00:02,  5.45it/s]
 23%|██▎       | 3/13 [00:00<00:01,  6.65it/s]
 31%|███       | 4/13 [00:00<00:01,  7.52it/s]
 38%|███▊      | 5/13 [00:00<00:00,  8.03it/s]
 46%|████▌     | 6/13 [00:00<00:00,  8.43it/s]
 54%|█████▍    | 7/13 [00:00<00:00,  8.65it/s]
 62%|██████▏   | 8/13 [00:01<00:00,  8.86it/s]
 69%|██████▉   | 9/13 [00:01<00:00,  8.94it/s]
 77%|███████▋  | 10/13 [00:01<00:00,  9.07it/s]
 85%|████████▍ | 11/13 [00:01<00:00,  9.21it/s]
 92%|█████████▏| 12/13 [00:01<00:00,  9.28it/s]
100%|██████████| 13/13 [00:01<00:00,  8.99it/s]
100%|██████████| 13/13 [00:01<00:00,  8.14it/s]

  0%|          | 0/13 [00:00<?, ?it/s]
  8%|▊         | 1/13 [00:00<00:03,  3.43it/s]
 15%|█▌        | 2/13 [00:00<00:02,  5.45it/s]
 23%|██▎       | 3/13 [00:00<00:01,  6.72it/s]
 31%|███       | 4/13 [00:00<00:01,  7.54it/s]
 38%|███▊      | 5/13 [00:00<00:00,  8.09it/s]
 46%|████▌     | 6/13 [00:00<00:00,  8.44it/s]
 54%|█████▍    | 7/13 [00:00<00:00,  8.74it/s]
 62%|██████▏   | 8/13 [00:01<00:00,  8.91it/s]
 69%|██████▉   | 9/13 [00:01<00:00,  8.77it/s]
 77%|███████▋  | 10/13 [00:01<00:00,  9.01it/s]
 85%|████████▍ | 11/13 [00:01<00:00,  9.15it/s]
 92%|█████████▏| 12/13 [00:01<00:00,  9.17it/s]
100%|██████████| 13/13 [00:01<00:00,  9.13it/s]
100%|██████████| 13/13 [00:01<00:00,  8.17it/s]

  0%|          | 0/13 [00:00<?, ?it/s]
  8%|▊         | 1/13 [00:00<00:03,  3.74it/s]
 15%|█▌        | 2/13 [00:00<00:01,  5.89it/s]
 23%|██▎       | 3/13 [00:00<00:01,  6.98it/s]
 31%|███       | 4/13 [00:00<00:01,  7.71it/s]
 38%|███▊      | 5/13 [00:00<00:00,  8.09it/s]
 46%|████▌     | 6/13 [00:00<00:00,  8.40it/s]
 54%|█████▍    | 7/13 [00:00<00:00,  8.62it/s]
 62%|██████▏   | 8/13 [00:01<00:00,  8.80it/s]
 69%|██████▉   | 9/13 [00:01<00:00,  8.93it/s]
 77%|███████▋  | 10/13 [00:01<00:00,  9.07it/s]
 85%|████████▍ | 11/13 [00:01<00:00,  9.09it/s]
 92%|█████████▏| 12/13 [00:01<00:00,  9.14it/s]
100%|██████████| 13/13 [00:01<00:00,  8.38it/s]
100%|██████████| 13/13 [00:01<00:00,  8.10it/s]

  0%|          | 0/13 [00:00<?, ?it/s]
  8%|▊         | 1/13 [00:00<00:03,  3.82it/s]
 23%|██▎       | 3/13 [00:00<00:01,  7.10it/s]
 31%|███       | 4/13 [00:00<00:01,  7.80it/s]
 38%|███▊      | 5/13 [00:00<00:01,  7.99it/s]
 46%|████▌     | 6/13 [00:00<00:00,  8.20it/s]
 54%|█████▍    | 7/13 [00:00<00:00,  8.42it/s]
 62%|██████▏   | 8/13 [00:01<00:00,  8.56it/s]
 69%|██████▉   | 9/13 [00:01<00:00,  8.61it/s]
 77%|███████▋  | 10/13 [00:01<00:00,  8.61it/s]
 85%|████████▍ | 11/13 [00:01<00:00,  8.58it/s]
 92%|█████████▏| 12/13 [00:01<00:00,  8.69it/s]
100%|██████████| 13/13 [00:01<00:00,  8.79it/s]
100%|██████████| 13/13 [00:01<00:00,  8.16it/s]

  0%|          | 0/13 [00:00<?, ?it/s]
  8%|▊         | 1/13 [00:00<00:03,  3.47it/s]
 15%|█▌        | 2/13 [00:00<00:01,  5.52it/s]
 23%|██▎       | 3/13 [00:00<00:01,  6.67it/s]
 31%|███       | 4/13 [00:00<00:01,  7.43it/s]
 38%|███▊      | 5/13 [00:00<00:00,  8.01it/s]
 46%|████▌     | 6/13 [00:00<00:00,  8.31it/s]
 54%|█████▍    | 7/13 [00:00<00:00,  8.57it/s]
 62%|██████▏   | 8/13 [00:01<00:00,  8.74it/s]
 69%|██████▉   | 9/13 [00:01<00:00,  8.91it/s]
 77%|███████▋  | 10/13 [00:01<00:00,  8.96it/s]
 85%|████████▍ | 11/13 [00:01<00:00,  9.09it/s]
 92%|█████████▏| 12/13 [00:01<00:00,  8.94it/s]
100%|██████████| 13/13 [00:01<00:00,  9.02it/s]
100%|██████████| 13/13 [00:01<00:00,  8.10it/s]

  0%|          | 0/13 [00:00<?, ?it/s]
  8%|▊         | 1/13 [00:00<00:03,  3.50it/s]
 15%|█▌        | 2/13 [00:00<00:01,  5.56it/s]
 23%|██▎       | 3/13 [00:00<00:01,  6.79it/s]
 31%|███       | 4/13 [00:00<00:01,  7.59it/s]
 38%|███▊      | 5/13 [00:00<00:00,  8.13it/s]
 46%|████▌     | 6/13 [00:00<00:00,  8.52it/s]
 54%|█████▍    | 7/13 [00:00<00:00,  8.59it/s]
 62%|██████▏   | 8/13 [00:01<00:00,  8.73it/s]
 69%|██████▉   | 9/13 [00:01<00:00,  8.94it/s]
 77%|███████▋  | 10/13 [00:01<00:00,  8.94it/s]
 85%|████████▍ | 11/13 [00:01<00:00,  9.02it/s]
 92%|█████████▏| 12/13 [00:01<00:00,  9.03it/s]
100%|██████████| 13/13 [00:01<00:00,  9.02it/s]
100%|██████████| 13/13 [00:01<00:00,  8.15it/s]

  0%|          | 0/13 [00:00<?, ?it/s]
  8%|▊         | 1/13 [00:00<00:03,  3.34it/s]
 15%|█▌        | 2/13 [00:00<00:02,  5.37it/s]
 23%|██▎       | 3/13 [00:00<00:01,  6.64it/s]
 31%|███       | 4/13 [00:00<00:01,  7.44it/s]
 38%|███▊      | 5/13 [00:00<00:00,  8.10it/s]
 46%|████▌     | 6/13 [00:00<00:00,  8.55it/s]
 54%|█████▍    | 7/13 [00:00<00:00,  8.70it/s]
 62%|██████▏   | 8/13 [00:01<00:00,  8.88it/s]
 69%|██████▉   | 9/13 [00:01<00:00,  8.97it/s]
 77%|███████▋  | 10/13 [00:01<00:00,  9.09it/s]
 85%|████████▍ | 11/13 [00:01<00:00,  9.16it/s]
 92%|█████████▏| 12/13 [00:01<00:00,  9.19it/s]
100%|██████████| 13/13 [00:01<00:00,  9.24it/s]
100%|██████████| 13/13 [00:01<00:00,  8.18it/s]

  0%|          | 0/13 [00:00<?, ?it/s]
  8%|▊         | 1/13 [00:00<00:03,  3.44it/s]
 15%|█▌        | 2/13 [00:00<00:02,  5.38it/s]
 23%|██▎       | 3/13 [00:00<00:01,  6.72it/s]
 31%|███       | 4/13 [00:00<00:01,  7.61it/s]
 38%|███▊      | 5/13 [00:00<00:00,  8.20it/s]
 46%|████▌     | 6/13 [00:00<00:00,  8.61it/s]
 54%|█████▍    | 7/13 [00:00<00:00,  8.79it/s]
 62%|██████▏   | 8/13 [00:01<00:00,  8.87it/s]
 69%|██████▉   | 9/13 [00:01<00:00,  8.94it/s]
 77%|███████▋  | 10/13 [00:01<00:00,  9.06it/s]
 85%|████████▍ | 11/13 [00:01<00:00,  9.06it/s]
 92%|█████████▏| 12/13 [00:01<00:00,  9.18it/s]
100%|██████████| 13/13 [00:01<00:00,  9.20it/s]
100%|██████████| 13/13 [00:01<00:00,  8.21it/s]

  0%|          | 0/13 [00:00<?, ?it/s]
  8%|▊         | 1/13 [00:00<00:03,  3.29it/s]
 15%|█▌        | 2/13 [00:00<00:02,  5.35it/s]
 23%|██▎       | 3/13 [00:00<00:01,  6.55it/s]
 31%|███       | 4/13 [00:00<00:01,  7.46it/s]
 38%|███▊      | 5/13 [00:00<00:00,  8.01it/s]
 46%|████▌     | 6/13 [00:00<00:00,  8.42it/s]
 54%|█████▍    | 7/13 [00:00<00:00,  8.74it/s]
 62%|██████▏   | 8/13 [00:01<00:00,  8.88it/s]
 69%|██████▉   | 9/13 [00:01<00:00,  9.04it/s]
 77%|███████▋  | 10/13 [00:01<00:00,  9.15it/s]
 85%|████████▍ | 11/13 [00:01<00:00,  9.20it/s]
 92%|█████████▏| 12/13 [00:01<00:00,  9.23it/s]
100%|██████████| 13/13 [00:01<00:00,  9.27it/s]
100%|██████████| 13/13 [00:01<00:00,  8.17it/s]

  0%|          | 0/13 [00:00<?, ?it/s]
  8%|▊         | 1/13 [00:00<00:03,  3.43it/s]
 15%|█▌        | 2/13 [00:00<00:02,  5.49it/s]
 23%|██▎       | 3/13 [00:00<00:01,  6.66it/s]
 31%|███       | 4/13 [00:00<00:01,  7.46it/s]
 38%|███▊      | 5/13 [00:00<00:01,  7.95it/s]
 46%|████▌     | 6/13 [00:00<00:00,  8.25it/s]
 54%|█████▍    | 7/13 [00:00<00:00,  8.55it/s]
 62%|██████▏   | 8/13 [00:01<00:00,  8.71it/s]
 69%|██████▉   | 9/13 [00:01<00:00,  8.93it/s]
 77%|███████▋  | 10/13 [00:01<00:00,  9.08it/s]
 85%|████████▍ | 11/13 [00:01<00:00,  9.19it/s]
 92%|█████████▏| 12/13 [00:01<00:00,  9.31it/s]
100%|██████████| 13/13 [00:01<00:00,  9.37it/s]
100%|██████████| 13/13 [00:01<00:00,  8.19it/s]

  0%|          | 0/13 [00:00<?, ?it/s]
  8%|▊         | 1/13 [00:00<00:03,  3.67it/s]
 15%|█▌        | 2/13 [00:00<00:01,  5.84it/s]
 23%|██▎       | 3/13 [00:00<00:01,  6.83it/s]
 31%|███       | 4/13 [00:00<00:01,  7.34it/s]
 38%|███▊      | 5/13 [00:00<00:01,  7.80it/s]
 46%|████▌     | 6/13 [00:00<00:00,  8.12it/s]
 54%|█████▍    | 7/13 [00:00<00:00,  8.47it/s]
 62%|██████▏   | 8/13 [00:01<00:00,  8.65it/s]
 69%|██████▉   | 9/13 [00:01<00:00,  8.87it/s]
 77%|███████▋  | 10/13 [00:01<00:00,  8.98it/s]
 85%|████████▍ | 11/13 [00:01<00:00,  9.14it/s]
 92%|█████████▏| 12/13 [00:01<00:00,  9.13it/s]
100%|██████████| 13/13 [00:01<00:00,  9.20it/s]
100%|██████████| 13/13 [00:01<00:00,  8.17it/s]

  0%|          | 0/13 [00:00<?, ?it/s]
  8%|▊         | 1/13 [00:00<00:03,  3.67it/s]
 15%|█▌        | 2/13 [00:00<00:01,  5.76it/s]
 23%|██▎       | 3/13 [00:00<00:01,  6.65it/s]
 31%|███       | 4/13 [00:00<00:01,  7.24it/s]
 38%|███▊      | 5/13 [00:00<00:01,  7.39it/s]
 46%|████▌     | 6/13 [00:00<00:00,  7.88it/s]
 54%|█████▍    | 7/13 [00:00<00:00,  8.25it/s]
 62%|██████▏   | 8/13 [00:01<00:00,  8.42it/s]
 69%|██████▉   | 9/13 [00:01<00:00,  8.59it/s]
 77%|███████▋  | 10/13 [00:01<00:00,  8.76it/s]
 85%|████████▍ | 11/13 [00:01<00:00,  8.81it/s]
 92%|█████████▏| 12/13 [00:01<00:00,  8.96it/s]
100%|██████████| 13/13 [00:01<00:00,  9.15it/s]
100%|██████████| 13/13 [00:01<00:00,  7.99it/s]

  0%|          | 0/13 [00:00<?, ?it/s]
  8%|▊         | 1/13 [00:00<00:03,  3.59it/s]
 15%|█▌        | 2/13 [00:00<00:01,  5.73it/s]
 23%|██▎       | 3/13 [00:00<00:01,  7.10it/s]
 38%|███▊      | 5/13 [00:00<00:00,  8.55it/s]
 54%|█████▍    | 7/13 [00:00<00:00,  9.26it/s]
 62%|██████▏   | 8/13 [00:00<00:00,  9.38it/s]
 69%|██████▉   | 9/13 [00:01<00:00,  8.94it/s]
 77%|███████▋  | 10/13 [00:01<00:00,  9.10it/s]
 85%|████████▍ | 11/13 [00:01<00:00,  9.14it/s]
 92%|█████████▏| 12/13 [00:01<00:00,  9.21it/s]
100%|██████████| 13/13 [00:01<00:00,  9.19it/s]
100%|██████████| 13/13 [00:01<00:00,  8.50it/s]

  0%|          | 0/13 [00:00<?, ?it/s]
  8%|▊         | 1/13 [00:00<00:03,  3.66it/s]
 15%|█▌        | 2/13 [00:00<00:01,  5.80it/s]
 23%|██▎       | 3/13 [00:00<00:01,  6.96it/s]
 31%|███       | 4/13 [00:00<00:01,  7.66it/s]
 38%|███▊      | 5/13 [00:00<00:00,  8.09it/s]
 46%|████▌     | 6/13 [00:00<00:00,  8.43it/s]
 54%|█████▍    | 7/13 [00:00<00:00,  8.67it/s]
 62%|██████▏   | 8/13 [00:01<00:00,  8.89it/s]
 69%|██████▉   | 9/13 [00:01<00:00,  9.03it/s]
 77%|███████▋  | 10/13 [00:01<00:00,  9.12it/s]
 85%|████████▍ | 11/13 [00:01<00:00,  9.14it/s]
 92%|█████████▏| 12/13 [00:01<00:00,  9.17it/s]
100%|██████████| 13/13 [00:01<00:00,  9.26it/s]
100%|██████████| 13/13 [00:01<00:00,  8.30it/s]

  0%|          | 0/13 [00:00<?, ?it/s]
  8%|▊         | 1/13 [00:00<00:03,  3.41it/s]
 23%|██▎       | 3/13 [00:00<00:01,  6.66it/s]
 31%|███       | 4/13 [00:00<00:01,  7.36it/s]
 38%|███▊      | 5/13 [00:00<00:01,  7.81it/s]
 46%|████▌     | 6/13 [00:00<00:00,  8.15it/s]
 54%|█████▍    | 7/13 [00:00<00:00,  8.44it/s]
 62%|██████▏   | 8/13 [00:01<00:00,  8.69it/s]
 69%|██████▉   | 9/13 [00:01<00:00,  8.79it/s]
 77%|███████▋  | 10/13 [00:01<00:00,  8.96it/s]
 85%|████████▍ | 11/13 [00:01<00:00,  8.96it/s]
 92%|█████████▏| 12/13 [00:01<00:00,  9.01it/s]
100%|██████████| 13/13 [00:01<00:00,  8.99it/s]
100%|██████████| 13/13 [00:01<00:00,  8.16it/s]

  0%|          | 0/13 [00:00<?, ?it/s]
  8%|▊         | 1/13 [00:00<00:03,  3.54it/s]
 15%|█▌        | 2/13 [00:00<00:02,  5.48it/s]
 23%|██▎       | 3/13 [00:00<00:01,  6.71it/s]
 31%|███       | 4/13 [00:00<00:01,  7.49it/s]
 38%|███▊      | 5/13 [00:00<00:00,  8.04it/s]
 46%|████▌     | 6/13 [00:00<00:00,  8.46it/s]
 54%|█████▍    | 7/13 [00:00<00:00,  8.75it/s]
 62%|██████▏   | 8/13 [00:01<00:00,  8.79it/s]
 69%|██████▉   | 9/13 [00:01<00:00,  9.00it/s]
 77%|███████▋  | 10/13 [00:01<00:00,  9.04it/s]
 85%|████████▍ | 11/13 [00:01<00:00,  9.13it/s]
 92%|█████████▏| 12/13 [00:01<00:00,  9.15it/s]
100%|██████████| 13/13 [00:01<00:00,  9.19it/s]
100%|██████████| 13/13 [00:01<00:00,  8.20it/s]

  0%|          | 0/13 [00:00<?, ?it/s]
  8%|▊         | 1/13 [00:00<00:03,  3.46it/s]
 15%|█▌        | 2/13 [00:00<00:01,  5.52it/s]
 23%|██▎       | 3/13 [00:00<00:01,  6.82it/s]
 31%|███       | 4/13 [00:00<00:01,  7.52it/s]
 38%|███▊      | 5/13 [00:00<00:00,  8.04it/s]
 46%|████▌     | 6/13 [00:00<00:00,  8.33it/s]
 54%|█████▍    | 7/13 [00:00<00:00,  8.66it/s]
 62%|██████▏   | 8/13 [00:01<00:00,  8.92it/s]
 69%|██████▉   | 9/13 [00:01<00:00,  9.07it/s]
 77%|███████▋  | 10/13 [00:01<00:00,  8.93it/s]
 85%|████████▍ | 11/13 [00:01<00:00,  9.04it/s]
 92%|█████████▏| 12/13 [00:01<00:00,  9.07it/s]
100%|██████████| 13/13 [00:01<00:00,  9.17it/s]
100%|██████████| 13/13 [00:01<00:00,  8.18it/s]

  0%|          | 0/13 [00:00<?, ?it/s]
  8%|▊         | 1/13 [00:00<00:03,  3.67it/s]
 15%|█▌        | 2/13 [00:00<00:01,  5.84it/s]
 23%|██▎       | 3/13 [00:00<00:01,  7.09it/s]
 31%|███       | 4/13 [00:00<00:01,  7.46it/s]
 38%|███▊      | 5/13 [00:00<00:01,  7.80it/s]
 46%|████▌     | 6/13 [00:00<00:00,  8.08it/s]
 54%|█████▍    | 7/13 [00:00<00:00,  8.31it/s]
 62%|██████▏   | 8/13 [00:01<00:00,  8.52it/s]
 69%|██████▉   | 9/13 [00:01<00:00,  8.67it/s]
 77%|███████▋  | 10/13 [00:01<00:00,  8.75it/s]
 85%|████████▍ | 11/13 [00:01<00:00,  8.83it/s]
 92%|█████████▏| 12/13 [00:01<00:00,  8.89it/s]
100%|██████████| 13/13 [00:01<00:00,  8.89it/s]
100%|██████████| 13/13 [00:01<00:00,  8.05it/s]

  0%|          | 0/13 [00:00<?, ?it/s]
  8%|▊         | 1/13 [00:00<00:03,  3.36it/s]
 15%|█▌        | 2/13 [00:00<00:02,  5.45it/s]
 23%|██▎       | 3/13 [00:00<00:01,  6.76it/s]
 31%|███       | 4/13 [00:00<00:01,  7.58it/s]
 38%|███▊      | 5/13 [00:00<00:00,  8.10it/s]
 46%|████▌     | 6/13 [00:00<00:00,  8.48it/s]
 54%|█████▍    | 7/13 [00:00<00:00,  8.73it/s]
 62%|██████▏   | 8/13 [00:01<00:00,  8.92it/s]
 69%|██████▉   | 9/13 [00:01<00:00,  9.04it/s]
 77%|███████▋  | 10/13 [00:01<00:00,  9.08it/s]
 85%|████████▍ | 11/13 [00:01<00:00,  9.20it/s]
 92%|█████████▏| 12/13 [00:01<00:00,  9.22it/s]
100%|██████████| 13/13 [00:01<00:00,  9.34it/s]
100%|██████████| 13/13 [00:01<00:00,  8.24it/s]

  0%|          | 0/13 [00:00<?, ?it/s]
  8%|▊         | 1/13 [00:00<00:03,  3.85it/s]
 15%|█▌        | 2/13 [00:00<00:01,  6.02it/s]
 31%|███       | 4/13 [00:00<00:01,  8.02it/s]
 38%|███▊      | 5/13 [00:00<00:00,  8.48it/s]
 46%|████▌     | 6/13 [00:00<00:00,  7.77it/s]
 62%|██████▏   | 8/13 [00:01<00:00,  8.65it/s]
 69%|██████▉   | 9/13 [00:01<00:00,  8.78it/s]
 77%|███████▋  | 10/13 [00:01<00:00,  8.82it/s]
 85%|████████▍ | 11/13 [00:01<00:00,  8.95it/s]
 92%|█████████▏| 12/13 [00:01<00:00,  8.93it/s]
100%|██████████| 13/13 [00:01<00:00,  9.10it/s]
100%|██████████| 13/13 [00:01<00:00,  8.31it/s]

  0%|          | 0/13 [00:00<?, ?it/s]
  8%|▊         | 1/13 [00:00<00:04,  2.87it/s]
 23%|██▎       | 3/13 [00:00<00:01,  6.12it/s]
 31%|███       | 4/13 [00:00<00:01,  7.04it/s]
 38%|███▊      | 5/13 [00:00<00:01,  7.66it/s]
 46%|████▌     | 6/13 [00:00<00:00,  8.11it/s]
 54%|█████▍    | 7/13 [00:00<00:00,  8.40it/s]
 62%|██████▏   | 8/13 [00:01<00:00,  8.63it/s]
 69%|██████▉   | 9/13 [00:01<00:00,  8.82it/s]
 77%|███████▋  | 10/13 [00:01<00:00,  8.92it/s]
 85%|████████▍ | 11/13 [00:01<00:00,  9.05it/s]
 92%|█████████▏| 12/13 [00:01<00:00,  9.06it/s]
100%|██████████| 13/13 [00:01<00:00,  8.96it/s]
100%|██████████| 13/13 [00:01<00:00,  7.98it/s]

  0%|          | 0/13 [00:00<?, ?it/s]
  8%|▊         | 1/13 [00:00<00:03,  3.60it/s]
 15%|█▌        | 2/13 [00:00<00:01,  5.69it/s]
 23%|██▎       | 3/13 [00:00<00:01,  6.73it/s]
 31%|███       | 4/13 [00:00<00:01,  7.47it/s]
 38%|███▊      | 5/13 [00:00<00:01,  7.85it/s]
 46%|████▌     | 6/13 [00:00<00:00,  8.19it/s]
 54%|█████▍    | 7/13 [00:00<00:00,  8.47it/s]
 62%|██████▏   | 8/13 [00:01<00:00,  8.61it/s]
 69%|██████▉   | 9/13 [00:01<00:00,  8.79it/s]
 77%|███████▋  | 10/13 [00:01<00:00,  8.96it/s]
 85%|████████▍ | 11/13 [00:01<00:00,  9.06it/s]
 92%|█████████▏| 12/13 [00:01<00:00,  9.17it/s]
100%|██████████| 13/13 [00:01<00:00,  9.25it/s]
100%|██████████| 13/13 [00:01<00:00,  8.15it/s]

  0%|          | 0/13 [00:00<?, ?it/s]
  8%|▊         | 1/13 [00:00<00:03,  3.49it/s]
 15%|█▌        | 2/13 [00:00<00:01,  5.66it/s]
 23%|██▎       | 3/13 [00:00<00:01,  6.86it/s]
 31%|███       | 4/13 [00:00<00:01,  7.44it/s]
 38%|███▊      | 5/13 [00:00<00:01,  7.80it/s]
 46%|████▌     | 6/13 [00:00<00:00,  8.13it/s]
 54%|█████▍    | 7/13 [00:00<00:00,  8.38it/s]
 62%|██████▏   | 8/13 [00:01<00:00,  8.61it/s]
 69%|██████▉   | 9/13 [00:01<00:00,  8.79it/s]
 77%|███████▋  | 10/13 [00:01<00:00,  8.85it/s]
 85%|████████▍ | 11/13 [00:01<00:00,  8.94it/s]
 92%|█████████▏| 12/13 [00:01<00:00,  9.07it/s]
100%|██████████| 13/13 [00:01<00:00,  9.12it/s]
100%|██████████| 13/13 [00:01<00:00,  8.09it/s]

  0%|          | 0/13 [00:00<?, ?it/s]
  8%|▊         | 1/13 [00:00<00:03,  3.37it/s]
 15%|█▌        | 2/13 [00:00<00:02,  5.23it/s]
 23%|██▎       | 3/13 [00:00<00:01,  6.56it/s]
 31%|███       | 4/13 [00:00<00:01,  7.35it/s]
 38%|███▊      | 5/13 [00:00<00:01,  7.91it/s]
 46%|████▌     | 6/13 [00:00<00:00,  8.29it/s]
 54%|█████▍    | 7/13 [00:00<00:00,  8.43it/s]
 62%|██████▏   | 8/13 [00:01<00:00,  8.47it/s]
 69%|██████▉   | 9/13 [00:01<00:00,  8.71it/s]
 77%|███████▋  | 10/13 [00:01<00:00,  8.83it/s]
 85%|████████▍ | 11/13 [00:01<00:00,  9.02it/s]
 92%|█████████▏| 12/13 [00:01<00:00,  9.18it/s]
100%|██████████| 13/13 [00:01<00:00,  9.21it/s]
100%|██████████| 13/13 [00:01<00:00,  8.04it/s]

  0%|          | 0/13 [00:00<?, ?it/s]
  8%|▊         | 1/13 [00:00<00:03,  3.48it/s]
 15%|█▌        | 2/13 [00:00<00:02,  5.47it/s]
 23%|██▎       | 3/13 [00:00<00:01,  6.73it/s]
 31%|███       | 4/13 [00:00<00:01,  7.53it/s]
 38%|███▊      | 5/13 [00:00<00:00,  8.12it/s]
 46%|████▌     | 6/13 [00:00<00:00,  8.50it/s]
 54%|█████▍    | 7/13 [00:00<00:00,  8.78it/s]
 62%|██████▏   | 8/13 [00:01<00:00,  9.00it/s]
 69%|██████▉   | 9/13 [00:01<00:00,  9.13it/s]
 77%|███████▋  | 10/13 [00:01<00:00,  9.23it/s]
 85%|████████▍ | 11/13 [00:01<00:00,  9.34it/s]
 92%|█████████▏| 12/13 [00:01<00:00,  8.90it/s]
100%|██████████| 13/13 [00:01<00:00,  9.03it/s]
100%|██████████| 13/13 [00:01<00:00,  8.20it/s]

  0%|          | 0/13 [00:00<?, ?it/s]
  8%|▊         | 1/13 [00:00<00:03,  3.75it/s]
 15%|█▌        | 2/13 [00:00<00:01,  5.86it/s]
 23%|██▎       | 3/13 [00:00<00:01,  7.03it/s]
 31%|███       | 4/13 [00:00<00:01,  7.66it/s]
 38%|███▊      | 5/13 [00:00<00:01,  7.73it/s]
 46%|████▌     | 6/13 [00:00<00:00,  7.85it/s]
 54%|█████▍    | 7/13 [00:00<00:00,  8.30it/s]
 62%|██████▏   | 8/13 [00:01<00:00,  8.65it/s]
 69%|██████▉   | 9/13 [00:01<00:00,  8.92it/s]
 77%|███████▋  | 10/13 [00:01<00:00,  9.15it/s]
 85%|████████▍ | 11/13 [00:01<00:00,  9.38it/s]
100%|██████████| 13/13 [00:01<00:00,  9.76it/s]
100%|██████████| 13/13 [00:01<00:00,  8.34it/s]

  0%|          | 0/13 [00:00<?, ?it/s]
  8%|▊         | 1/13 [00:00<00:03,  3.63it/s]
 15%|█▌        | 2/13 [00:00<00:01,  5.65it/s]
 23%|██▎       | 3/13 [00:00<00:01,  6.70it/s]
 31%|███       | 4/13 [00:00<00:01,  7.35it/s]
 38%|███▊      | 5/13 [00:00<00:01,  7.68it/s]
 46%|████▌     | 6/13 [00:00<00:00,  8.08it/s]
 54%|█████▍    | 7/13 [00:00<00:00,  8.41it/s]
 62%|██████▏   | 8/13 [00:01<00:00,  8.66it/s]
 69%|██████▉   | 9/13 [00:01<00:00,  8.82it/s]
 77%|███████▋  | 10/13 [00:01<00:00,  8.95it/s]
 85%|████████▍ | 11/13 [00:01<00:00,  9.03it/s]
 92%|█████████▏| 12/13 [00:01<00:00,  9.00it/s]
100%|██████████| 13/13 [00:01<00:00,  8.98it/s]
100%|██████████| 13/13 [00:01<00:00,  8.06it/s]

  0%|          | 0/13 [00:00<?, ?it/s]
  8%|▊         | 1/13 [00:00<00:03,  3.53it/s]
 15%|█▌        | 2/13 [00:00<00:01,  5.54it/s]
 23%|██▎       | 3/13 [00:00<00:01,  6.62it/s]
 31%|███       | 4/13 [00:00<00:01,  7.47it/s]
 38%|███▊      | 5/13 [00:00<00:00,  8.11it/s]
 46%|████▌     | 6/13 [00:00<00:00,  8.47it/s]
 54%|█████▍    | 7/13 [00:00<00:00,  8.78it/s]
 62%|██████▏   | 8/13 [00:01<00:00,  8.73it/s]
 69%|██████▉   | 9/13 [00:01<00:00,  8.92it/s]
 77%|███████▋  | 10/13 [00:01<00:00,  8.95it/s]
 85%|████████▍ | 11/13 [00:01<00:00,  9.07it/s]
 92%|█████████▏| 12/13 [00:01<00:00,  9.10it/s]
100%|██████████| 13/13 [00:01<00:00,  9.15it/s]
100%|██████████| 13/13 [00:01<00:00,  8.17it/s]
[400/750] Minimalism__Minimalism__imi-knoebel_weiss-und-schwarz-4-2009__to__Rococo.png  dt=1.85s  elapsed=12.7m  eta=11.1m

  0%|          | 0/13 [00:00<?, ?it/s]
  8%|▊         | 1/13 [00:00<00:03,  3.48it/s]
 15%|█▌        | 2/13 [00:00<00:02,  5.31it/s]
 23%|██▎       | 3/13 [00:00<00:01,  6.65it/s]
 31%|███       | 4/13 [00:00<00:01,  7.46it/s]
 38%|███▊      | 5/13 [00:00<00:00,  8.06it/s]
 46%|████▌     | 6/13 [00:00<00:00,  8.40it/s]
 54%|█████▍    | 7/13 [00:00<00:00,  8.46it/s]
 62%|██████▏   | 8/13 [00:01<00:00,  8.65it/s]
 69%|██████▉   | 9/13 [00:01<00:00,  8.86it/s]
 77%|███████▋  | 10/13 [00:01<00:00,  8.91it/s]
 85%|████████▍ | 11/13 [00:01<00:00,  8.91it/s]
 92%|█████████▏| 12/13 [00:01<00:00,  9.01it/s]
100%|██████████| 13/13 [00:01<00:00,  9.04it/s]
100%|██████████| 13/13 [00:01<00:00,  8.07it/s]

  0%|          | 0/13 [00:00<?, ?it/s]
  8%|▊         | 1/13 [00:00<00:03,  3.61it/s]
 15%|█▌        | 2/13 [00:00<00:01,  5.68it/s]
 23%|██▎       | 3/13 [00:00<00:01,  6.89it/s]
 31%|███       | 4/13 [00:00<00:01,  7.68it/s]
 38%|███▊      | 5/13 [00:00<00:00,  8.17it/s]
 46%|████▌     | 6/13 [00:00<00:00,  8.49it/s]
 54%|█████▍    | 7/13 [00:00<00:00,  8.69it/s]
 62%|██████▏   | 8/13 [00:01<00:00,  8.83it/s]
 69%|██████▉   | 9/13 [00:01<00:00,  8.94it/s]
 77%|███████▋  | 10/13 [00:01<00:00,  9.03it/s]
 85%|████████▍ | 11/13 [00:01<00:00,  9.07it/s]
 92%|█████████▏| 12/13 [00:01<00:00,  9.09it/s]
100%|██████████| 13/13 [00:01<00:00,  9.11it/s]
100%|██████████| 13/13 [00:01<00:00,  8.23it/s]

  0%|          | 0/13 [00:00<?, ?it/s]
  8%|▊         | 1/13 [00:00<00:03,  3.44it/s]
 15%|█▌        | 2/13 [00:00<00:02,  5.47it/s]
 23%|██▎       | 3/13 [00:00<00:01,  6.62it/s]
 31%|███       | 4/13 [00:00<00:01,  7.31it/s]
 38%|███▊      | 5/13 [00:00<00:01,  7.84it/s]
 46%|████▌     | 6/13 [00:00<00:00,  8.22it/s]
 54%|█████▍    | 7/13 [00:00<00:00,  8.60it/s]
 62%|██████▏   | 8/13 [00:01<00:00,  8.77it/s]
 69%|██████▉   | 9/13 [00:01<00:00,  8.94it/s]
 77%|███████▋  | 10/13 [00:01<00:00,  9.06it/s]
 85%|████████▍ | 11/13 [00:01<00:00,  9.11it/s]
 92%|█████████▏| 12/13 [00:01<00:00,  9.20it/s]
100%|██████████| 13/13 [00:01<00:00,  9.16it/s]
100%|██████████| 13/13 [00:01<00:00,  8.12it/s]

  0%|          | 0/13 [00:00<?, ?it/s]
  8%|▊         | 1/13 [00:00<00:03,  3.74it/s]
 15%|█▌        | 2/13 [00:00<00:01,  5.88it/s]
 23%|██▎       | 3/13 [00:00<00:01,  6.98it/s]
 31%|███       | 4/13 [00:00<00:01,  7.80it/s]
 38%|███▊      | 5/13 [00:00<00:00,  8.11it/s]
 46%|████▌     | 6/13 [00:00<00:00,  8.37it/s]
 54%|█████▍    | 7/13 [00:00<00:00,  8.56it/s]
 62%|██████▏   | 8/13 [00:01<00:00,  8.74it/s]
 69%|██████▉   | 9/13 [00:01<00:00,  8.90it/s]
 77%|███████▋  | 10/13 [00:01<00:00,  9.00it/s]
 85%|████████▍ | 11/13 [00:01<00:00,  9.16it/s]
 92%|█████████▏| 12/13 [00:01<00:00,  9.28it/s]
100%|██████████| 13/13 [00:01<00:00,  9.30it/s]
100%|██████████| 13/13 [00:01<00:00,  8.30it/s]

  0%|          | 0/13 [00:00<?, ?it/s]
  8%|▊         | 1/13 [00:00<00:03,  3.32it/s]
 15%|█▌        | 2/13 [00:00<00:02,  4.87it/s]
 23%|██▎       | 3/13 [00:00<00:01,  6.25it/s]
 31%|███       | 4/13 [00:00<00:01,  7.18it/s]
 38%|███▊      | 5/13 [00:00<00:01,  7.90it/s]
 46%|████▌     | 6/13 [00:00<00:00,  8.32it/s]
 54%|█████▍    | 7/13 [00:00<00:00,  8.64it/s]
 62%|██████▏   | 8/13 [00:01<00:00,  8.89it/s]
 69%|██████▉   | 9/13 [00:01<00:00,  9.04it/s]
 77%|███████▋  | 10/13 [00:01<00:00,  9.23it/s]
 85%|████████▍ | 11/13 [00:01<00:00,  9.36it/s]
 92%|█████████▏| 12/13 [00:01<00:00,  9.48it/s]
100%|██████████| 13/13 [00:01<00:00,  9.60it/s]
100%|██████████| 13/13 [00:01<00:00,  8.16it/s]

  0%|          | 0/13 [00:00<?, ?it/s]
  8%|▊         | 1/13 [00:00<00:03,  3.62it/s]
 15%|█▌        | 2/13 [00:00<00:01,  5.68it/s]
 23%|██▎       | 3/13 [00:00<00:01,  6.78it/s]
 31%|███       | 4/13 [00:00<00:01,  7.30it/s]
 38%|███▊      | 5/13 [00:00<00:01,  7.86it/s]
 46%|████▌     | 6/13 [00:00<00:00,  8.15it/s]
 54%|█████▍    | 7/13 [00:00<00:00,  8.56it/s]
 62%|██████▏   | 8/13 [00:01<00:00,  8.79it/s]
 69%|██████▉   | 9/13 [00:01<00:00,  8.94it/s]
 77%|███████▋  | 10/13 [00:01<00:00,  9.09it/s]
 85%|████████▍ | 11/13 [00:01<00:00,  9.15it/s]
 92%|█████████▏| 12/13 [00:01<00:00,  9.25it/s]
100%|██████████| 13/13 [00:01<00:00,  9.33it/s]
100%|██████████| 13/13 [00:01<00:00,  8.20it/s]

  0%|          | 0/13 [00:00<?, ?it/s]
  8%|▊         | 1/13 [00:00<00:03,  3.69it/s]
 23%|██▎       | 3/13 [00:00<00:01,  6.80it/s]
 31%|███       | 4/13 [00:00<00:01,  7.51it/s]
 38%|███▊      | 5/13 [00:00<00:00,  8.04it/s]
 46%|████▌     | 6/13 [00:00<00:00,  8.36it/s]
 54%|█████▍    | 7/13 [00:00<00:00,  8.68it/s]
 62%|██████▏   | 8/13 [00:01<00:00,  8.75it/s]
 69%|██████▉   | 9/13 [00:01<00:00,  8.81it/s]
 77%|███████▋  | 10/13 [00:01<00:00,  8.92it/s]
 85%|████████▍ | 11/13 [00:01<00:00,  8.92it/s]
 92%|█████████▏| 12/13 [00:01<00:00,  9.01it/s]
100%|██████████| 13/13 [00:01<00:00,  9.10it/s]
100%|██████████| 13/13 [00:01<00:00,  8.29it/s]

  0%|          | 0/13 [00:00<?, ?it/s]
  8%|▊         | 1/13 [00:00<00:03,  3.63it/s]
 15%|█▌        | 2/13 [00:00<00:01,  5.65it/s]
 23%|██▎       | 3/13 [00:00<00:01,  6.71it/s]
 31%|███       | 4/13 [00:00<00:01,  7.42it/s]
 38%|███▊      | 5/13 [00:00<00:01,  7.89it/s]
 46%|████▌     | 6/13 [00:00<00:00,  7.82it/s]
 54%|█████▍    | 7/13 [00:00<00:00,  8.29it/s]
 62%|██████▏   | 8/13 [00:01<00:00,  8.57it/s]
 69%|██████▉   | 9/13 [00:01<00:00,  8.67it/s]
 77%|███████▋  | 10/13 [00:01<00:00,  8.81it/s]
 85%|████████▍ | 11/13 [00:01<00:00,  8.87it/s]
 92%|█████████▏| 12/13 [00:01<00:00,  9.01it/s]
100%|██████████| 13/13 [00:01<00:00,  9.14it/s]
100%|██████████| 13/13 [00:01<00:00,  8.05it/s]

  0%|          | 0/13 [00:00<?, ?it/s]
  8%|▊         | 1/13 [00:00<00:03,  3.42it/s]
 15%|█▌        | 2/13 [00:00<00:02,  5.49it/s]
 23%|██▎       | 3/13 [00:00<00:01,  6.77it/s]
 31%|███       | 4/13 [00:00<00:01,  7.51it/s]
 38%|███▊      | 5/13 [00:00<00:01,  7.95it/s]
 46%|████▌     | 6/13 [00:00<00:00,  8.21it/s]
 54%|█████▍    | 7/13 [00:00<00:00,  8.49it/s]
 62%|██████▏   | 8/13 [00:01<00:00,  8.63it/s]
 69%|██████▉   | 9/13 [00:01<00:00,  8.83it/s]
 77%|███████▋  | 10/13 [00:01<00:00,  9.04it/s]
 85%|████████▍ | 11/13 [00:01<00:00,  9.14it/s]
 92%|█████████▏| 12/13 [00:01<00:00,  9.24it/s]
100%|██████████| 13/13 [00:01<00:00,  9.30it/s]
100%|██████████| 13/13 [00:01<00:00,  8.16it/s]

  0%|          | 0/13 [00:00<?, ?it/s]
  8%|▊         | 1/13 [00:00<00:03,  3.59it/s]
 15%|█▌        | 2/13 [00:00<00:01,  5.58it/s]
 23%|██▎       | 3/13 [00:00<00:01,  6.77it/s]
 31%|███       | 4/13 [00:00<00:01,  7.39it/s]
 38%|███▊      | 5/13 [00:00<00:01,  7.77it/s]
 46%|████▌     | 6/13 [00:00<00:00,  8.15it/s]
 54%|█████▍    | 7/13 [00:00<00:00,  8.34it/s]
 62%|██████▏   | 8/13 [00:01<00:00,  8.63it/s]
 69%|██████▉   | 9/13 [00:01<00:00,  8.77it/s]
 77%|███████▋  | 10/13 [00:01<00:00,  8.92it/s]
 85%|████████▍ | 11/13 [00:01<00:00,  9.02it/s]
 92%|█████████▏| 12/13 [00:01<00:00,  9.08it/s]
100%|██████████| 13/13 [00:01<00:00,  9.07it/s]
100%|██████████| 13/13 [00:01<00:00,  8.08it/s]

  0%|          | 0/13 [00:00<?, ?it/s]
  8%|▊         | 1/13 [00:00<00:03,  3.51it/s]
 15%|█▌        | 2/13 [00:00<00:02,  5.47it/s]
 23%|██▎       | 3/13 [00:00<00:01,  6.66it/s]
 31%|███       | 4/13 [00:00<00:01,  7.50it/s]
 38%|███▊      | 5/13 [00:00<00:01,  8.00it/s]
 46%|████▌     | 6/13 [00:00<00:00,  8.45it/s]
 54%|█████▍    | 7/13 [00:00<00:00,  8.73it/s]
 62%|██████▏   | 8/13 [00:01<00:00,  9.00it/s]
 69%|██████▉   | 9/13 [00:01<00:00,  9.11it/s]
 77%|███████▋  | 10/13 [00:01<00:00,  9.18it/s]
 85%|████████▍ | 11/13 [00:01<00:00,  9.27it/s]
 92%|█████████▏| 12/13 [00:01<00:00,  9.28it/s]
100%|██████████| 13/13 [00:01<00:00,  9.36it/s]
100%|██████████| 13/13 [00:01<00:00,  8.27it/s]

  0%|          | 0/13 [00:00<?, ?it/s]
  8%|▊         | 1/13 [00:00<00:03,  3.28it/s]
 15%|█▌        | 2/13 [00:00<00:02,  5.28it/s]
 23%|██▎       | 3/13 [00:00<00:01,  6.57it/s]
 31%|███       | 4/13 [00:00<00:01,  7.49it/s]
 38%|███▊      | 5/13 [00:00<00:01,  7.94it/s]
 46%|████▌     | 6/13 [00:00<00:00,  8.34it/s]
 54%|█████▍    | 7/13 [00:00<00:00,  8.67it/s]
 62%|██████▏   | 8/13 [00:01<00:00,  8.89it/s]
 69%|██████▉   | 9/13 [00:01<00:00,  9.03it/s]
 77%|███████▋  | 10/13 [00:01<00:00,  9.16it/s]
 85%|████████▍ | 11/13 [00:01<00:00,  9.28it/s]
 92%|█████████▏| 12/13 [00:01<00:00,  9.39it/s]
100%|██████████| 13/13 [00:01<00:00,  9.48it/s]
100%|██████████| 13/13 [00:01<00:00,  8.21it/s]

  0%|          | 0/13 [00:00<?, ?it/s]
  8%|▊         | 1/13 [00:00<00:03,  3.42it/s]
 15%|█▌        | 2/13 [00:00<00:02,  5.39it/s]
 23%|██▎       | 3/13 [00:00<00:01,  6.65it/s]
 31%|███       | 4/13 [00:00<00:01,  7.35it/s]
 38%|███▊      | 5/13 [00:00<00:01,  7.94it/s]
 46%|████▌     | 6/13 [00:00<00:00,  8.39it/s]
 54%|█████▍    | 7/13 [00:00<00:00,  8.71it/s]
 62%|██████▏   | 8/13 [00:01<00:00,  8.87it/s]
 69%|██████▉   | 9/13 [00:01<00:00,  9.05it/s]
 77%|███████▋  | 10/13 [00:01<00:00,  9.13it/s]
 85%|████████▍ | 11/13 [00:01<00:00,  9.19it/s]
 92%|█████████▏| 12/13 [00:01<00:00,  9.24it/s]
100%|██████████| 13/13 [00:01<00:00,  9.26it/s]
100%|██████████| 13/13 [00:01<00:00,  8.18it/s]

  0%|          | 0/13 [00:00<?, ?it/s]
  8%|▊         | 1/13 [00:00<00:03,  3.62it/s]
 23%|██▎       | 3/13 [00:00<00:01,  6.94it/s]
 31%|███       | 4/13 [00:00<00:01,  7.49it/s]
 38%|███▊      | 5/13 [00:00<00:01,  7.82it/s]
 46%|████▌     | 6/13 [00:00<00:00,  8.18it/s]
 54%|█████▍    | 7/13 [00:00<00:00,  8.41it/s]
 62%|██████▏   | 8/13 [00:01<00:00,  8.58it/s]
 69%|██████▉   | 9/13 [00:01<00:00,  8.83it/s]
 77%|███████▋  | 10/13 [00:01<00:00,  8.85it/s]
 85%|████████▍ | 11/13 [00:01<00:00,  8.71it/s]
 92%|█████████▏| 12/13 [00:01<00:00,  8.46it/s]
100%|██████████| 13/13 [00:01<00:00,  8.38it/s]
100%|██████████| 13/13 [00:01<00:00,  8.02it/s]

  0%|          | 0/13 [00:00<?, ?it/s]
  8%|▊         | 1/13 [00:00<00:03,  3.32it/s]
 15%|█▌        | 2/13 [00:00<00:02,  5.23it/s]
 23%|██▎       | 3/13 [00:00<00:01,  6.55it/s]
 31%|███       | 4/13 [00:00<00:01,  7.37it/s]
 38%|███▊      | 5/13 [00:00<00:01,  8.00it/s]
 46%|████▌     | 6/13 [00:00<00:00,  8.34it/s]
 54%|█████▍    | 7/13 [00:00<00:00,  8.53it/s]
 62%|██████▏   | 8/13 [00:01<00:00,  8.55it/s]
 69%|██████▉   | 9/13 [00:01<00:00,  8.65it/s]
 77%|███████▋  | 10/13 [00:01<00:00,  8.67it/s]
 85%|████████▍ | 11/13 [00:01<00:00,  8.80it/s]
 92%|█████████▏| 12/13 [00:01<00:00,  8.76it/s]
100%|██████████| 13/13 [00:01<00:00,  8.77it/s]
100%|██████████| 13/13 [00:01<00:00,  7.92it/s]

  0%|          | 0/13 [00:00<?, ?it/s]
  8%|▊         | 1/13 [00:00<00:03,  3.40it/s]
 15%|█▌        | 2/13 [00:00<00:02,  5.39it/s]
 23%|██▎       | 3/13 [00:00<00:01,  6.65it/s]
 31%|███       | 4/13 [00:00<00:01,  7.40it/s]
 38%|███▊      | 5/13 [00:00<00:01,  7.97it/s]
 46%|████▌     | 6/13 [00:00<00:00,  8.35it/s]
 54%|█████▍    | 7/13 [00:00<00:00,  8.59it/s]
 62%|██████▏   | 8/13 [00:01<00:00,  8.72it/s]
 69%|██████▉   | 9/13 [00:01<00:00,  8.85it/s]
 77%|███████▋  | 10/13 [00:01<00:00,  8.98it/s]
 85%|████████▍ | 11/13 [00:01<00:00,  9.09it/s]
 92%|█████████▏| 12/13 [00:01<00:00,  9.26it/s]
100%|██████████| 13/13 [00:01<00:00,  9.37it/s]
100%|██████████| 13/13 [00:01<00:00,  8.16it/s]

  0%|          | 0/13 [00:00<?, ?it/s]
  8%|▊         | 1/13 [00:00<00:03,  3.61it/s]
 15%|█▌        | 2/13 [00:00<00:01,  5.76it/s]
 31%|███       | 4/13 [00:00<00:01,  7.90it/s]
 46%|████▌     | 6/13 [00:00<00:00,  8.83it/s]
 54%|█████▍    | 7/13 [00:00<00:00,  8.94it/s]
 62%|██████▏   | 8/13 [00:00<00:00,  9.04it/s]
 69%|██████▉   | 9/13 [00:01<00:00,  9.00it/s]
 77%|███████▋  | 10/13 [00:01<00:00,  9.05it/s]
 85%|████████▍ | 11/13 [00:01<00:00,  9.07it/s]
 92%|█████████▏| 12/13 [00:01<00:00,  9.03it/s]
100%|██████████| 13/13 [00:01<00:00,  9.09it/s]
100%|██████████| 13/13 [00:01<00:00,  8.44it/s]

  0%|          | 0/13 [00:00<?, ?it/s]
  8%|▊         | 1/13 [00:00<00:03,  3.69it/s]
 15%|█▌        | 2/13 [00:00<00:01,  5.82it/s]
 23%|██▎       | 3/13 [00:00<00:01,  7.00it/s]
 31%|███       | 4/13 [00:00<00:01,  7.75it/s]
 38%|███▊      | 5/13 [00:00<00:00,  8.19it/s]
 46%|████▌     | 6/13 [00:00<00:00,  8.38it/s]
 54%|█████▍    | 7/13 [00:00<00:00,  8.54it/s]
 62%|██████▏   | 8/13 [00:01<00:00,  8.59it/s]
 69%|██████▉   | 9/13 [00:01<00:00,  8.58it/s]
 77%|███████▋  | 10/13 [00:01<00:00,  8.84it/s]
 85%|████████▍ | 11/13 [00:01<00:00,  9.04it/s]
 92%|█████████▏| 12/13 [00:01<00:00,  9.12it/s]
100%|██████████| 13/13 [00:01<00:00,  8.55it/s]
100%|██████████| 13/13 [00:01<00:00,  8.08it/s]

  0%|          | 0/13 [00:00<?, ?it/s]
  8%|▊         | 1/13 [00:00<00:03,  3.57it/s]
 15%|█▌        | 2/13 [00:00<00:01,  5.71it/s]
 23%|██▎       | 3/13 [00:00<00:01,  7.00it/s]
 31%|███       | 4/13 [00:00<00:01,  7.70it/s]
 38%|███▊      | 5/13 [00:00<00:00,  8.19it/s]
 46%|████▌     | 6/13 [00:00<00:00,  8.49it/s]
 54%|█████▍    | 7/13 [00:00<00:00,  8.70it/s]
 62%|██████▏   | 8/13 [00:01<00:00,  8.87it/s]
 69%|██████▉   | 9/13 [00:01<00:00,  8.94it/s]
 77%|███████▋  | 10/13 [00:01<00:00,  9.13it/s]
 85%|████████▍ | 11/13 [00:01<00:00,  9.23it/s]
 92%|█████████▏| 12/13 [00:01<00:00,  9.27it/s]
100%|██████████| 13/13 [00:01<00:00,  9.33it/s]
100%|██████████| 13/13 [00:01<00:00,  8.31it/s]

  0%|          | 0/13 [00:00<?, ?it/s]
  8%|▊         | 1/13 [00:00<00:03,  3.55it/s]
 15%|█▌        | 2/13 [00:00<00:02,  5.06it/s]
 31%|███       | 4/13 [00:00<00:01,  7.25it/s]
 38%|███▊      | 5/13 [00:00<00:01,  7.81it/s]
 46%|████▌     | 6/13 [00:00<00:00,  8.25it/s]
 54%|█████▍    | 7/13 [00:00<00:00,  8.51it/s]
 62%|██████▏   | 8/13 [00:01<00:00,  8.78it/s]
 69%|██████▉   | 9/13 [00:01<00:00,  8.98it/s]
 77%|███████▋  | 10/13 [00:01<00:00,  9.11it/s]
 85%|████████▍ | 11/13 [00:01<00:00,  9.24it/s]
 92%|█████████▏| 12/13 [00:01<00:00,  9.31it/s]
100%|██████████| 13/13 [00:01<00:00,  9.41it/s]
100%|██████████| 13/13 [00:01<00:00,  8.24it/s]

  0%|          | 0/13 [00:00<?, ?it/s]
  8%|▊         | 1/13 [00:00<00:03,  3.60it/s]
 15%|█▌        | 2/13 [00:00<00:01,  5.63it/s]
 23%|██▎       | 3/13 [00:00<00:01,  6.88it/s]
 31%|███       | 4/13 [00:00<00:01,  7.66it/s]
 38%|███▊      | 5/13 [00:00<00:00,  8.19it/s]
 46%|████▌     | 6/13 [00:00<00:00,  8.54it/s]
 54%|█████▍    | 7/13 [00:00<00:00,  8.65it/s]
 62%|██████▏   | 8/13 [00:01<00:00,  8.90it/s]
 69%|██████▉   | 9/13 [00:01<00:00,  9.04it/s]
 77%|███████▋  | 10/13 [00:01<00:00,  9.14it/s]
 85%|████████▍ | 11/13 [00:01<00:00,  9.26it/s]
 92%|█████████▏| 12/13 [00:01<00:00,  9.42it/s]
100%|██████████| 13/13 [00:01<00:00,  9.52it/s]
100%|██████████| 13/13 [00:01<00:00,  8.35it/s]

  0%|          | 0/13 [00:00<?, ?it/s]
  8%|▊         | 1/13 [00:00<00:03,  3.59it/s]
 23%|██▎       | 3/13 [00:00<00:01,  6.82it/s]
 31%|███       | 4/13 [00:00<00:01,  7.41it/s]
 38%|███▊      | 5/13 [00:00<00:01,  7.75it/s]
 46%|████▌     | 6/13 [00:00<00:00,  7.95it/s]
 54%|█████▍    | 7/13 [00:00<00:00,  8.15it/s]
 62%|██████▏   | 8/13 [00:01<00:00,  8.37it/s]
 69%|██████▉   | 9/13 [00:01<00:00,  8.54it/s]
 77%|███████▋  | 10/13 [00:01<00:00,  8.78it/s]
 85%|████████▍ | 11/13 [00:01<00:00,  8.93it/s]
 92%|█████████▏| 12/13 [00:01<00:00,  9.02it/s]
100%|██████████| 13/13 [00:01<00:00,  9.12it/s]
100%|██████████| 13/13 [00:01<00:00,  8.14it/s]

  0%|          | 0/13 [00:00<?, ?it/s]
  8%|▊         | 1/13 [00:00<00:03,  3.41it/s]
 15%|█▌        | 2/13 [00:00<00:02,  5.46it/s]
 23%|██▎       | 3/13 [00:00<00:01,  6.72it/s]
 31%|███       | 4/13 [00:00<00:01,  7.34it/s]
 38%|███▊      | 5/13 [00:00<00:01,  7.79it/s]
 46%|████▌     | 6/13 [00:00<00:00,  8.22it/s]
 54%|█████▍    | 7/13 [00:00<00:00,  8.47it/s]
 62%|██████▏   | 8/13 [00:01<00:00,  8.76it/s]
 69%|██████▉   | 9/13 [00:01<00:00,  8.86it/s]
 77%|███████▋  | 10/13 [00:01<00:00,  8.91it/s]
 85%|████████▍ | 11/13 [00:01<00:00,  9.04it/s]
 92%|█████████▏| 12/13 [00:01<00:00,  9.13it/s]
100%|██████████| 13/13 [00:01<00:00,  9.17it/s]
100%|██████████| 13/13 [00:01<00:00,  8.09it/s]

  0%|          | 0/13 [00:00<?, ?it/s]
  8%|▊         | 1/13 [00:00<00:03,  3.27it/s]
 15%|█▌        | 2/13 [00:00<00:02,  5.31it/s]
 23%|██▎       | 3/13 [00:00<00:01,  6.72it/s]
 31%|███       | 4/13 [00:00<00:01,  7.64it/s]
 38%|███▊      | 5/13 [00:00<00:00,  8.20it/s]
 46%|████▌     | 6/13 [00:00<00:00,  8.54it/s]
 54%|█████▍    | 7/13 [00:00<00:00,  8.72it/s]
 62%|██████▏   | 8/13 [00:01<00:00,  8.87it/s]
 69%|██████▉   | 9/13 [00:01<00:00,  8.99it/s]
 77%|███████▋  | 10/13 [00:01<00:00,  9.01it/s]
 85%|████████▍ | 11/13 [00:01<00:00,  8.90it/s]
 92%|█████████▏| 12/13 [00:01<00:00,  8.88it/s]
100%|██████████| 13/13 [00:01<00:00,  8.82it/s]
100%|██████████| 13/13 [00:01<00:00,  8.07it/s]

  0%|          | 0/13 [00:00<?, ?it/s]
  8%|▊         | 1/13 [00:00<00:03,  3.67it/s]
 15%|█▌        | 2/13 [00:00<00:01,  5.84it/s]
 23%|██▎       | 3/13 [00:00<00:01,  7.13it/s]
 31%|███       | 4/13 [00:00<00:01,  7.95it/s]
 38%|███▊      | 5/13 [00:00<00:00,  8.38it/s]
 46%|████▌     | 6/13 [00:00<00:00,  8.66it/s]
 54%|█████▍    | 7/13 [00:00<00:00,  8.92it/s]
 62%|██████▏   | 8/13 [00:01<00:00,  9.09it/s]
 69%|██████▉   | 9/13 [00:01<00:00,  9.26it/s]
 77%|███████▋  | 10/13 [00:01<00:00,  9.43it/s]
 85%|████████▍ | 11/13 [00:01<00:00,  9.55it/s]
 92%|█████████▏| 12/13 [00:01<00:00,  9.62it/s]
100%|██████████| 13/13 [00:01<00:00,  9.57it/s]
100%|██████████| 13/13 [00:01<00:00,  8.55it/s]

  0%|          | 0/13 [00:00<?, ?it/s]
  8%|▊         | 1/13 [00:00<00:03,  3.44it/s]
 15%|█▌        | 2/13 [00:00<00:01,  5.58it/s]
 23%|██▎       | 3/13 [00:00<00:01,  6.77it/s]
 31%|███       | 4/13 [00:00<00:01,  7.53it/s]
 38%|███▊      | 5/13 [00:00<00:01,  7.99it/s]
 46%|████▌     | 6/13 [00:00<00:01,  6.72it/s]
 54%|█████▍    | 7/13 [00:01<00:00,  7.36it/s]
 62%|██████▏   | 8/13 [00:01<00:00,  7.85it/s]
 69%|██████▉   | 9/13 [00:01<00:00,  8.31it/s]
 77%|███████▋  | 10/13 [00:01<00:00,  8.63it/s]
 85%|████████▍ | 11/13 [00:01<00:00,  8.88it/s]
 92%|█████████▏| 12/13 [00:01<00:00,  8.72it/s]
100%|██████████| 13/13 [00:01<00:00,  8.88it/s]
100%|██████████| 13/13 [00:01<00:00,  7.74it/s]

  0%|          | 0/13 [00:00<?, ?it/s]
  8%|▊         | 1/13 [00:00<00:04,  2.98it/s]
 15%|█▌        | 2/13 [00:00<00:02,  5.02it/s]
 23%|██▎       | 3/13 [00:00<00:01,  5.58it/s]
 31%|███       | 4/13 [00:00<00:01,  6.65it/s]
 38%|███▊      | 5/13 [00:00<00:01,  7.51it/s]
 54%|█████▍    | 7/13 [00:01<00:00,  8.61it/s]
 62%|██████▏   | 8/13 [00:01<00:00,  8.82it/s]
 69%|██████▉   | 9/13 [00:01<00:00,  8.96it/s]
 77%|███████▋  | 10/13 [00:01<00:00,  8.97it/s]
 85%|████████▍ | 11/13 [00:01<00:00,  9.01it/s]
 92%|█████████▏| 12/13 [00:01<00:00,  8.96it/s]
100%|██████████| 13/13 [00:01<00:00,  9.02it/s]
100%|██████████| 13/13 [00:01<00:00,  7.84it/s]

  0%|          | 0/13 [00:00<?, ?it/s]
  8%|▊         | 1/13 [00:00<00:03,  3.49it/s]
 15%|█▌        | 2/13 [00:00<00:01,  5.53it/s]
 23%|██▎       | 3/13 [00:00<00:01,  6.81it/s]
 31%|███       | 4/13 [00:00<00:01,  7.58it/s]
 38%|███▊      | 5/13 [00:00<00:00,  8.13it/s]
 46%|████▌     | 6/13 [00:00<00:00,  8.55it/s]
 54%|█████▍    | 7/13 [00:00<00:00,  8.50it/s]
 62%|██████▏   | 8/13 [00:01<00:00,  8.42it/s]
 69%|██████▉   | 9/13 [00:01<00:00,  8.50it/s]
 77%|███████▋  | 10/13 [00:01<00:00,  8.57it/s]
 85%|████████▍ | 11/13 [00:01<00:00,  8.71it/s]
 92%|█████████▏| 12/13 [00:01<00:00,  8.90it/s]
100%|██████████| 13/13 [00:01<00:00,  9.04it/s]
100%|██████████| 13/13 [00:01<00:00,  8.05it/s]

  0%|          | 0/13 [00:00<?, ?it/s]
  8%|▊         | 1/13 [00:00<00:03,  3.11it/s]
 15%|█▌        | 2/13 [00:00<00:02,  5.11it/s]
 23%|██▎       | 3/13 [00:00<00:01,  6.45it/s]
 31%|███       | 4/13 [00:00<00:01,  7.41it/s]
 38%|███▊      | 5/13 [00:00<00:00,  8.09it/s]
 46%|████▌     | 6/13 [00:00<00:00,  8.58it/s]
 54%|█████▍    | 7/13 [00:00<00:00,  8.90it/s]
 62%|██████▏   | 8/13 [00:01<00:00,  9.07it/s]
 69%|██████▉   | 9/13 [00:01<00:00,  9.20it/s]
 77%|███████▋  | 10/13 [00:01<00:00,  9.34it/s]
 85%|████████▍ | 11/13 [00:01<00:00,  9.38it/s]
 92%|█████████▏| 12/13 [00:01<00:00,  9.45it/s]
100%|██████████| 13/13 [00:01<00:00,  9.45it/s]
100%|██████████| 13/13 [00:01<00:00,  8.23it/s]

  0%|          | 0/13 [00:00<?, ?it/s]
  8%|▊         | 1/13 [00:00<00:03,  3.75it/s]
 15%|█▌        | 2/13 [00:00<00:01,  5.91it/s]
 23%|██▎       | 3/13 [00:00<00:01,  7.03it/s]
 31%|███       | 4/13 [00:00<00:01,  7.73it/s]
 38%|███▊      | 5/13 [00:00<00:00,  8.17it/s]
 46%|████▌     | 6/13 [00:00<00:00,  8.53it/s]
 54%|█████▍    | 7/13 [00:00<00:00,  8.81it/s]
 62%|██████▏   | 8/13 [00:01<00:00,  8.99it/s]
 69%|██████▉   | 9/13 [00:01<00:00,  9.14it/s]
 77%|███████▋  | 10/13 [00:01<00:00,  9.21it/s]
 85%|████████▍ | 11/13 [00:01<00:00,  9.22it/s]
 92%|█████████▏| 12/13 [00:01<00:00,  9.21it/s]
100%|██████████| 13/13 [00:01<00:00,  9.20it/s]
100%|██████████| 13/13 [00:01<00:00,  8.36it/s]

  0%|          | 0/13 [00:00<?, ?it/s]
  8%|▊         | 1/13 [00:00<00:03,  3.71it/s]
 23%|██▎       | 3/13 [00:00<00:01,  6.65it/s]
 31%|███       | 4/13 [00:00<00:01,  7.27it/s]
 38%|███▊      | 5/13 [00:00<00:01,  7.76it/s]
 46%|████▌     | 6/13 [00:00<00:00,  7.98it/s]
 54%|█████▍    | 7/13 [00:00<00:00,  8.39it/s]
 62%|██████▏   | 8/13 [00:01<00:00,  8.63it/s]
 69%|██████▉   | 9/13 [00:01<00:00,  8.79it/s]
 77%|███████▋  | 10/13 [00:01<00:00,  8.96it/s]
 85%|████████▍ | 11/13 [00:01<00:00,  9.13it/s]
 92%|█████████▏| 12/13 [00:01<00:00,  9.18it/s]
100%|██████████| 13/13 [00:01<00:00,  9.08it/s]
100%|██████████| 13/13 [00:01<00:00,  8.20it/s]

  0%|          | 0/13 [00:00<?, ?it/s]
  8%|▊         | 1/13 [00:00<00:03,  3.74it/s]
 15%|█▌        | 2/13 [00:00<00:01,  5.85it/s]
 23%|██▎       | 3/13 [00:00<00:01,  6.99it/s]
 31%|███       | 4/13 [00:00<00:01,  7.80it/s]
 38%|███▊      | 5/13 [00:00<00:00,  8.34it/s]
 46%|████▌     | 6/13 [00:00<00:00,  8.66it/s]
 54%|█████▍    | 7/13 [00:00<00:00,  8.87it/s]
 62%|██████▏   | 8/13 [00:01<00:00,  8.98it/s]
 69%|██████▉   | 9/13 [00:01<00:00,  9.09it/s]
 77%|███████▋  | 10/13 [00:01<00:00,  8.98it/s]
 85%|████████▍ | 11/13 [00:01<00:00,  9.15it/s]
 92%|█████████▏| 12/13 [00:01<00:00,  9.15it/s]
100%|██████████| 13/13 [00:01<00:00,  9.23it/s]
100%|██████████| 13/13 [00:01<00:00,  8.36it/s]

  0%|          | 0/13 [00:00<?, ?it/s]
  8%|▊         | 1/13 [00:00<00:03,  3.59it/s]
 15%|█▌        | 2/13 [00:00<00:01,  5.65it/s]
 23%|██▎       | 3/13 [00:00<00:01,  6.91it/s]
 31%|███       | 4/13 [00:00<00:01,  7.73it/s]
 38%|███▊      | 5/13 [00:00<00:00,  8.36it/s]
 46%|████▌     | 6/13 [00:00<00:00,  8.65it/s]
 54%|█████▍    | 7/13 [00:00<00:00,  8.94it/s]
 62%|██████▏   | 8/13 [00:01<00:00,  9.13it/s]
 69%|██████▉   | 9/13 [00:01<00:00,  9.21it/s]
 77%|███████▋  | 10/13 [00:01<00:00,  9.27it/s]
 85%|████████▍ | 11/13 [00:01<00:00,  9.31it/s]
 92%|█████████▏| 12/13 [00:01<00:00,  9.37it/s]
100%|██████████| 13/13 [00:01<00:00,  9.37it/s]
100%|██████████| 13/13 [00:01<00:00,  8.40it/s]

  0%|          | 0/13 [00:00<?, ?it/s]
  8%|▊         | 1/13 [00:00<00:03,  3.47it/s]
 15%|█▌        | 2/13 [00:00<00:02,  5.40it/s]
 23%|██▎       | 3/13 [00:00<00:01,  6.56it/s]
 31%|███       | 4/13 [00:00<00:01,  7.40it/s]
 38%|███▊      | 5/13 [00:00<00:01,  7.90it/s]
 46%|████▌     | 6/13 [00:00<00:00,  8.39it/s]
 54%|█████▍    | 7/13 [00:00<00:00,  8.75it/s]
 62%|██████▏   | 8/13 [00:01<00:00,  8.96it/s]
 69%|██████▉   | 9/13 [00:01<00:00,  9.02it/s]
 77%|███████▋  | 10/13 [00:01<00:00,  9.09it/s]
 85%|████████▍ | 11/13 [00:01<00:00,  9.13it/s]
 92%|█████████▏| 12/13 [00:01<00:00,  9.25it/s]
100%|██████████| 13/13 [00:01<00:00,  9.33it/s]
100%|██████████| 13/13 [00:01<00:00,  8.20it/s]

  0%|          | 0/13 [00:00<?, ?it/s]
  8%|▊         | 1/13 [00:00<00:03,  3.35it/s]
 15%|█▌        | 2/13 [00:00<00:02,  4.76it/s]
 23%|██▎       | 3/13 [00:00<00:01,  6.19it/s]
 38%|███▊      | 5/13 [00:00<00:01,  7.76it/s]
 46%|████▌     | 6/13 [00:00<00:00,  8.26it/s]
 54%|█████▍    | 7/13 [00:00<00:00,  8.63it/s]
 62%|██████▏   | 8/13 [00:01<00:00,  8.94it/s]
 69%|██████▉   | 9/13 [00:01<00:00,  9.14it/s]
 77%|███████▋  | 10/13 [00:01<00:00,  9.17it/s]
 85%|████████▍ | 11/13 [00:01<00:00,  9.00it/s]
 92%|█████████▏| 12/13 [00:01<00:00,  8.83it/s]
100%|██████████| 13/13 [00:01<00:00,  8.94it/s]
100%|██████████| 13/13 [00:01<00:00,  8.02it/s]

  0%|          | 0/13 [00:00<?, ?it/s]
  8%|▊         | 1/13 [00:00<00:03,  3.60it/s]
 15%|█▌        | 2/13 [00:00<00:01,  5.67it/s]
 23%|██▎       | 3/13 [00:00<00:01,  6.84it/s]
 31%|███       | 4/13 [00:00<00:01,  7.45it/s]
 38%|███▊      | 5/13 [00:00<00:01,  7.86it/s]
 46%|████▌     | 6/13 [00:00<00:00,  8.14it/s]
 54%|█████▍    | 7/13 [00:00<00:00,  8.36it/s]
 62%|██████▏   | 8/13 [00:01<00:00,  8.59it/s]
 69%|██████▉   | 9/13 [00:01<00:00,  8.64it/s]
 77%|███████▋  | 10/13 [00:01<00:00,  8.93it/s]
 85%|████████▍ | 11/13 [00:01<00:00,  8.98it/s]
 92%|█████████▏| 12/13 [00:01<00:00,  9.11it/s]
100%|██████████| 13/13 [00:01<00:00,  9.23it/s]
100%|██████████| 13/13 [00:01<00:00,  8.13it/s]

  0%|          | 0/13 [00:00<?, ?it/s]
  8%|▊         | 1/13 [00:00<00:03,  3.51it/s]
 15%|█▌        | 2/13 [00:00<00:01,  5.54it/s]
 23%|██▎       | 3/13 [00:00<00:01,  6.74it/s]
 31%|███       | 4/13 [00:00<00:01,  7.66it/s]
 38%|███▊      | 5/13 [00:00<00:00,  8.23it/s]
 46%|████▌     | 6/13 [00:00<00:00,  8.57it/s]
 54%|█████▍    | 7/13 [00:00<00:00,  8.62it/s]
 62%|██████▏   | 8/13 [00:01<00:00,  8.86it/s]
 69%|██████▉   | 9/13 [00:01<00:00,  9.11it/s]
 77%|███████▋  | 10/13 [00:01<00:00,  9.07it/s]
 85%|████████▍ | 11/13 [00:01<00:00,  9.24it/s]
 92%|█████████▏| 12/13 [00:01<00:00,  9.26it/s]
100%|██████████| 13/13 [00:01<00:00,  9.30it/s]
100%|██████████| 13/13 [00:01<00:00,  8.27it/s]

  0%|          | 0/13 [00:00<?, ?it/s]
  8%|▊         | 1/13 [00:00<00:03,  3.71it/s]
 15%|█▌        | 2/13 [00:00<00:01,  5.82it/s]
 23%|██▎       | 3/13 [00:00<00:01,  6.93it/s]
 31%|███       | 4/13 [00:00<00:01,  7.58it/s]
 38%|███▊      | 5/13 [00:00<00:01,  7.99it/s]
 46%|████▌     | 6/13 [00:00<00:00,  8.39it/s]
 54%|█████▍    | 7/13 [00:00<00:00,  8.65it/s]
 62%|██████▏   | 8/13 [00:01<00:00,  8.91it/s]
 69%|██████▉   | 9/13 [00:01<00:00,  9.09it/s]
 77%|███████▋  | 10/13 [00:01<00:00,  9.16it/s]
 85%|████████▍ | 11/13 [00:01<00:00,  8.96it/s]
 92%|█████████▏| 12/13 [00:01<00:00,  9.25it/s]
100%|██████████| 13/13 [00:01<00:00,  9.27it/s]
100%|██████████| 13/13 [00:01<00:00,  8.29it/s]

  0%|          | 0/13 [00:00<?, ?it/s]
  8%|▊         | 1/13 [00:00<00:03,  3.36it/s]
 15%|█▌        | 2/13 [00:00<00:02,  5.08it/s]
 23%|██▎       | 3/13 [00:00<00:01,  6.44it/s]
 31%|███       | 4/13 [00:00<00:01,  7.34it/s]
 38%|███▊      | 5/13 [00:00<00:01,  7.97it/s]
 46%|████▌     | 6/13 [00:00<00:00,  8.41it/s]
 54%|█████▍    | 7/13 [00:00<00:00,  8.75it/s]
 62%|██████▏   | 8/13 [00:01<00:00,  8.69it/s]
 69%|██████▉   | 9/13 [00:01<00:00,  8.81it/s]
 77%|███████▋  | 10/13 [00:01<00:00,  9.00it/s]
 85%|████████▍ | 11/13 [00:01<00:00,  9.16it/s]
 92%|█████████▏| 12/13 [00:01<00:00,  9.35it/s]
100%|██████████| 13/13 [00:01<00:00,  9.46it/s]
100%|██████████| 13/13 [00:01<00:00,  8.15it/s]

  0%|          | 0/13 [00:00<?, ?it/s]
  8%|▊         | 1/13 [00:00<00:03,  3.38it/s]
 15%|█▌        | 2/13 [00:00<00:02,  5.35it/s]
 23%|██▎       | 3/13 [00:00<00:01,  6.64it/s]
 31%|███       | 4/13 [00:00<00:01,  7.44it/s]
 38%|███▊      | 5/13 [00:00<00:00,  8.04it/s]
 46%|████▌     | 6/13 [00:00<00:00,  8.44it/s]
 54%|█████▍    | 7/13 [00:00<00:00,  8.75it/s]
 62%|██████▏   | 8/13 [00:01<00:00,  9.01it/s]
 69%|██████▉   | 9/13 [00:01<00:00,  9.08it/s]
 77%|███████▋  | 10/13 [00:01<00:00,  9.18it/s]
 85%|████████▍ | 11/13 [00:01<00:00,  9.18it/s]
 92%|█████████▏| 12/13 [00:01<00:00,  9.27it/s]
100%|██████████| 13/13 [00:01<00:00,  9.33it/s]
100%|██████████| 13/13 [00:01<00:00,  8.22it/s]

  0%|          | 0/13 [00:00<?, ?it/s]
  8%|▊         | 1/13 [00:00<00:03,  3.48it/s]
 15%|█▌        | 2/13 [00:00<00:02,  5.43it/s]
 23%|██▎       | 3/13 [00:00<00:01,  6.64it/s]
 31%|███       | 4/13 [00:00<00:01,  7.49it/s]
 38%|███▊      | 5/13 [00:00<00:00,  8.05it/s]
 46%|████▌     | 6/13 [00:00<00:00,  8.48it/s]
 54%|█████▍    | 7/13 [00:00<00:00,  8.41it/s]
 62%|██████▏   | 8/13 [00:01<00:00,  8.67it/s]
 69%|██████▉   | 9/13 [00:01<00:00,  8.90it/s]
 77%|███████▋  | 10/13 [00:01<00:00,  9.16it/s]
 85%|████████▍ | 11/13 [00:01<00:00,  9.26it/s]
 92%|█████████▏| 12/13 [00:01<00:00,  9.23it/s]
100%|██████████| 13/13 [00:01<00:00,  9.14it/s]
100%|██████████| 13/13 [00:01<00:00,  8.16it/s]

  0%|          | 0/13 [00:00<?, ?it/s]
  8%|▊         | 1/13 [00:00<00:03,  3.37it/s]
 15%|█▌        | 2/13 [00:00<00:02,  5.47it/s]
 23%|██▎       | 3/13 [00:00<00:01,  6.76it/s]
 31%|███       | 4/13 [00:00<00:01,  7.66it/s]
 38%|███▊      | 5/13 [00:00<00:00,  8.22it/s]
 46%|████▌     | 6/13 [00:00<00:00,  8.65it/s]
 54%|█████▍    | 7/13 [00:00<00:00,  8.94it/s]
 62%|██████▏   | 8/13 [00:01<00:00,  9.02it/s]
 69%|██████▉   | 9/13 [00:01<00:00,  9.05it/s]
 77%|███████▋  | 10/13 [00:01<00:00,  9.08it/s]
 85%|████████▍ | 11/13 [00:01<00:00,  9.02it/s]
 92%|█████████▏| 12/13 [00:01<00:00,  9.04it/s]
100%|██████████| 13/13 [00:01<00:00,  8.97it/s]
100%|██████████| 13/13 [00:01<00:00,  8.19it/s]

  0%|          | 0/13 [00:00<?, ?it/s]
  8%|▊         | 1/13 [00:00<00:03,  3.31it/s]
 15%|█▌        | 2/13 [00:00<00:02,  5.31it/s]
 23%|██▎       | 3/13 [00:00<00:01,  6.72it/s]
 31%|███       | 4/13 [00:00<00:01,  7.67it/s]
 38%|███▊      | 5/13 [00:00<00:00,  8.32it/s]
 46%|████▌     | 6/13 [00:00<00:00,  8.79it/s]
 54%|█████▍    | 7/13 [00:00<00:00,  9.15it/s]
 62%|██████▏   | 8/13 [00:01<00:00,  9.28it/s]
 69%|██████▉   | 9/13 [00:01<00:00,  9.35it/s]
 77%|███████▋  | 10/13 [00:01<00:00,  9.40it/s]
 85%|████████▍ | 11/13 [00:01<00:00,  9.31it/s]
 92%|█████████▏| 12/13 [00:01<00:00,  9.31it/s]
100%|██████████| 13/13 [00:01<00:00,  9.28it/s]
100%|██████████| 13/13 [00:01<00:00,  8.34it/s]

  0%|          | 0/13 [00:00<?, ?it/s]
  8%|▊         | 1/13 [00:00<00:03,  3.53it/s]
 15%|█▌        | 2/13 [00:00<00:01,  5.60it/s]
 23%|██▎       | 3/13 [00:00<00:01,  6.87it/s]
 31%|███       | 4/13 [00:00<00:01,  7.75it/s]
 38%|███▊      | 5/13 [00:00<00:00,  8.29it/s]
 46%|████▌     | 6/13 [00:00<00:00,  8.74it/s]
 54%|█████▍    | 7/13 [00:00<00:00,  8.99it/s]
 62%|██████▏   | 8/13 [00:01<00:00,  9.22it/s]
 69%|██████▉   | 9/13 [00:01<00:00,  9.25it/s]
 77%|███████▋  | 10/13 [00:01<00:00,  8.99it/s]
 85%|████████▍ | 11/13 [00:01<00:00,  9.24it/s]
100%|██████████| 13/13 [00:01<00:00,  9.64it/s]
100%|██████████| 13/13 [00:01<00:00,  8.45it/s]

  0%|          | 0/13 [00:00<?, ?it/s]
  8%|▊         | 1/13 [00:00<00:03,  3.58it/s]
 15%|█▌        | 2/13 [00:00<00:01,  5.59it/s]
 23%|██▎       | 3/13 [00:00<00:01,  6.85it/s]
 31%|███       | 4/13 [00:00<00:01,  7.69it/s]
 38%|███▊      | 5/13 [00:00<00:00,  8.19it/s]
 46%|████▌     | 6/13 [00:00<00:00,  7.80it/s]
 54%|█████▍    | 7/13 [00:00<00:00,  8.19it/s]
 62%|██████▏   | 8/13 [00:01<00:00,  8.51it/s]
 69%|██████▉   | 9/13 [00:01<00:00,  8.73it/s]
 77%|███████▋  | 10/13 [00:01<00:00,  8.89it/s]
 85%|████████▍ | 11/13 [00:01<00:00,  8.96it/s]
 92%|█████████▏| 12/13 [00:01<00:00,  9.09it/s]
100%|██████████| 13/13 [00:01<00:00,  9.00it/s]
100%|██████████| 13/13 [00:01<00:00,  8.07it/s]

  0%|          | 0/13 [00:00<?, ?it/s]
  8%|▊         | 1/13 [00:00<00:03,  3.40it/s]
 15%|█▌        | 2/13 [00:00<00:02,  5.45it/s]
 23%|██▎       | 3/13 [00:00<00:01,  6.77it/s]
 31%|███       | 4/13 [00:00<00:01,  7.65it/s]
 38%|███▊      | 5/13 [00:00<00:00,  8.20it/s]
 46%|████▌     | 6/13 [00:00<00:00,  7.92it/s]
 54%|█████▍    | 7/13 [00:00<00:00,  8.45it/s]
 62%|██████▏   | 8/13 [00:01<00:00,  8.80it/s]
 69%|██████▉   | 9/13 [00:01<00:00,  9.04it/s]
 77%|███████▋  | 10/13 [00:01<00:00,  9.23it/s]
 85%|████████▍ | 11/13 [00:01<00:00,  9.36it/s]
100%|██████████| 13/13 [00:01<00:00,  9.39it/s]
100%|██████████| 13/13 [00:01<00:00,  8.23it/s]

  0%|          | 0/13 [00:00<?, ?it/s]
  8%|▊         | 1/13 [00:00<00:03,  3.42it/s]
 15%|█▌        | 2/13 [00:00<00:02,  5.48it/s]
 23%|██▎       | 3/13 [00:00<00:01,  6.78it/s]
 31%|███       | 4/13 [00:00<00:01,  7.66it/s]
 38%|███▊      | 5/13 [00:00<00:00,  8.08it/s]
 46%|████▌     | 6/13 [00:00<00:00,  8.35it/s]
 54%|█████▍    | 7/13 [00:00<00:00,  8.58it/s]
 62%|██████▏   | 8/13 [00:01<00:00,  8.71it/s]
 69%|██████▉   | 9/13 [00:01<00:00,  8.89it/s]
 77%|███████▋  | 10/13 [00:01<00:00,  8.99it/s]
 85%|████████▍ | 11/13 [00:01<00:00,  9.11it/s]
 92%|█████████▏| 12/13 [00:01<00:00,  9.11it/s]
100%|██████████| 13/13 [00:01<00:00,  9.20it/s]
100%|██████████| 13/13 [00:01<00:00,  8.17it/s]

  0%|          | 0/13 [00:00<?, ?it/s]
  8%|▊         | 1/13 [00:00<00:03,  3.49it/s]
 15%|█▌        | 2/13 [00:00<00:02,  5.49it/s]
 23%|██▎       | 3/13 [00:00<00:01,  6.71it/s]
 31%|███       | 4/13 [00:00<00:01,  7.59it/s]
 38%|███▊      | 5/13 [00:00<00:00,  8.14it/s]
 46%|████▌     | 6/13 [00:00<00:00,  8.62it/s]
 54%|█████▍    | 7/13 [00:00<00:00,  8.79it/s]
 62%|██████▏   | 8/13 [00:01<00:00,  8.92it/s]
 69%|██████▉   | 9/13 [00:01<00:00,  8.97it/s]
 77%|███████▋  | 10/13 [00:01<00:00,  8.97it/s]
 85%|████████▍ | 11/13 [00:01<00:00,  9.08it/s]
 92%|█████████▏| 12/13 [00:01<00:00,  9.17it/s]
100%|██████████| 13/13 [00:01<00:00,  9.36it/s]
100%|██████████| 13/13 [00:01<00:00,  8.25it/s]

  0%|          | 0/13 [00:00<?, ?it/s]
  8%|▊         | 1/13 [00:00<00:03,  3.35it/s]
 15%|█▌        | 2/13 [00:00<00:02,  5.41it/s]
 23%|██▎       | 3/13 [00:00<00:01,  6.65it/s]
 31%|███       | 4/13 [00:00<00:01,  7.48it/s]
 38%|███▊      | 5/13 [00:00<00:00,  8.00it/s]
 46%|████▌     | 6/13 [00:00<00:00,  8.42it/s]
 54%|█████▍    | 7/13 [00:00<00:00,  8.69it/s]
 62%|██████▏   | 8/13 [00:01<00:00,  8.88it/s]
 69%|██████▉   | 9/13 [00:01<00:00,  9.04it/s]
 77%|███████▋  | 10/13 [00:01<00:00,  9.11it/s]
 85%|████████▍ | 11/13 [00:01<00:00,  9.09it/s]
 92%|█████████▏| 12/13 [00:01<00:00,  9.04it/s]
100%|██████████| 13/13 [00:01<00:00,  9.22it/s]
100%|██████████| 13/13 [00:01<00:00,  8.16it/s]

  0%|          | 0/13 [00:00<?, ?it/s]
  8%|▊         | 1/13 [00:00<00:03,  3.41it/s]
 15%|█▌        | 2/13 [00:00<00:02,  5.34it/s]
 23%|██▎       | 3/13 [00:00<00:01,  6.57it/s]
 31%|███       | 4/13 [00:00<00:01,  7.39it/s]
 38%|███▊      | 5/13 [00:00<00:01,  7.98it/s]
 46%|████▌     | 6/13 [00:00<00:00,  8.29it/s]
 54%|█████▍    | 7/13 [00:00<00:00,  8.67it/s]
 62%|██████▏   | 8/13 [00:01<00:00,  8.90it/s]
 69%|██████▉   | 9/13 [00:01<00:00,  9.13it/s]
 77%|███████▋  | 10/13 [00:01<00:00,  9.32it/s]
 85%|████████▍ | 11/13 [00:01<00:00,  9.43it/s]
 92%|█████████▏| 12/13 [00:01<00:00,  9.47it/s]
100%|██████████| 13/13 [00:01<00:00,  9.57it/s]
100%|██████████| 13/13 [00:01<00:00,  8.27it/s]
[450/750] Minimalism__Minimalism__yves-klein_untitled-yellow-monochrome-1956__to__Ukiyo_e.png  dt=1.80s  elapsed=14.2m  eta=9.5m

  0%|          | 0/13 [00:00<?, ?it/s]
  8%|▊         | 1/13 [00:00<00:03,  3.26it/s]
 15%|█▌        | 2/13 [00:00<00:02,  5.24it/s]
 23%|██▎       | 3/13 [00:00<00:01,  6.54it/s]
 31%|███       | 4/13 [00:00<00:01,  7.43it/s]
 38%|███▊      | 5/13 [00:00<00:00,  8.05it/s]
 46%|████▌     | 6/13 [00:00<00:00,  8.51it/s]
 54%|█████▍    | 7/13 [00:00<00:00,  8.76it/s]
 62%|██████▏   | 8/13 [00:01<00:00,  8.94it/s]
 69%|██████▉   | 9/13 [00:01<00:00,  9.07it/s]
 77%|███████▋  | 10/13 [00:01<00:00,  9.20it/s]
 85%|████████▍ | 11/13 [00:01<00:00,  9.28it/s]
 92%|█████████▏| 12/13 [00:01<00:00,  9.34it/s]
100%|██████████| 13/13 [00:01<00:00,  9.48it/s]
100%|██████████| 13/13 [00:01<00:00,  8.23it/s]

  0%|          | 0/13 [00:00<?, ?it/s]
  8%|▊         | 1/13 [00:00<00:03,  3.61it/s]
 15%|█▌        | 2/13 [00:00<00:01,  5.63it/s]
 23%|██▎       | 3/13 [00:00<00:01,  6.82it/s]
 31%|███       | 4/13 [00:00<00:01,  7.70it/s]
 38%|███▊      | 5/13 [00:00<00:00,  8.25it/s]
 46%|████▌     | 6/13 [00:00<00:00,  8.51it/s]
 54%|█████▍    | 7/13 [00:00<00:00,  8.80it/s]
 62%|██████▏   | 8/13 [00:01<00:00,  9.04it/s]
 69%|██████▉   | 9/13 [00:01<00:00,  9.12it/s]
 77%|███████▋  | 10/13 [00:01<00:00,  9.18it/s]
 85%|████████▍ | 11/13 [00:01<00:00,  9.21it/s]
 92%|█████████▏| 12/13 [00:01<00:00,  9.28it/s]
100%|██████████| 13/13 [00:01<00:00,  9.24it/s]
100%|██████████| 13/13 [00:01<00:00,  8.32it/s]

  0%|          | 0/13 [00:00<?, ?it/s]
  8%|▊         | 1/13 [00:00<00:03,  3.53it/s]
 15%|█▌        | 2/13 [00:00<00:01,  5.64it/s]
 23%|██▎       | 3/13 [00:00<00:01,  6.92it/s]
 31%|███       | 4/13 [00:00<00:01,  7.73it/s]
 38%|███▊      | 5/13 [00:00<00:00,  8.28it/s]
 46%|████▌     | 6/13 [00:00<00:00,  8.70it/s]
 54%|█████▍    | 7/13 [00:00<00:00,  8.87it/s]
 62%|██████▏   | 8/13 [00:01<00:00,  9.09it/s]
 69%|██████▉   | 9/13 [00:01<00:00,  9.16it/s]
 77%|███████▋  | 10/13 [00:01<00:00,  9.26it/s]
 85%|████████▍ | 11/13 [00:01<00:00,  9.32it/s]
 92%|█████████▏| 12/13 [00:01<00:00,  9.46it/s]
100%|██████████| 13/13 [00:01<00:00,  9.49it/s]
100%|██████████| 13/13 [00:01<00:00,  8.41it/s]

  0%|          | 0/13 [00:00<?, ?it/s]
  8%|▊         | 1/13 [00:00<00:03,  3.53it/s]
 15%|█▌        | 2/13 [00:00<00:01,  5.64it/s]
 23%|██▎       | 3/13 [00:00<00:01,  6.95it/s]
 31%|███       | 4/13 [00:00<00:01,  7.66it/s]
 38%|███▊      | 5/13 [00:00<00:00,  8.06it/s]
 46%|████▌     | 6/13 [00:00<00:00,  8.50it/s]
 54%|█████▍    | 7/13 [00:00<00:00,  8.73it/s]
 62%|██████▏   | 8/13 [00:01<00:00,  8.93it/s]
 69%|██████▉   | 9/13 [00:01<00:00,  9.06it/s]
 77%|███████▋  | 10/13 [00:01<00:00,  9.20it/s]
 85%|████████▍ | 11/13 [00:01<00:00,  9.37it/s]
 92%|█████████▏| 12/13 [00:01<00:00,  9.30it/s]
100%|██████████| 13/13 [00:01<00:00,  8.36it/s]

  0%|          | 0/13 [00:00<?, ?it/s]
  8%|▊         | 1/13 [00:00<00:03,  3.45it/s]
 15%|█▌        | 2/13 [00:00<00:02,  5.16it/s]
 23%|██▎       | 3/13 [00:00<00:01,  6.45it/s]
 31%|███       | 4/13 [00:00<00:01,  7.41it/s]
 38%|███▊      | 5/13 [00:00<00:00,  8.01it/s]
 46%|████▌     | 6/13 [00:00<00:00,  8.50it/s]
 54%|█████▍    | 7/13 [00:00<00:00,  8.77it/s]
 62%|██████▏   | 8/13 [00:01<00:00,  9.02it/s]
 69%|██████▉   | 9/13 [00:01<00:00,  9.20it/s]
 77%|███████▋  | 10/13 [00:01<00:00,  9.33it/s]
 85%|████████▍ | 11/13 [00:01<00:00,  9.47it/s]
 92%|█████████▏| 12/13 [00:01<00:00,  9.50it/s]
100%|██████████| 13/13 [00:01<00:00,  9.55it/s]
100%|██████████| 13/13 [00:01<00:00,  8.29it/s]

  0%|          | 0/13 [00:00<?, ?it/s]
  8%|▊         | 1/13 [00:00<00:03,  3.53it/s]
 15%|█▌        | 2/13 [00:00<00:01,  5.66it/s]
 23%|██▎       | 3/13 [00:00<00:01,  6.99it/s]
 31%|███       | 4/13 [00:00<00:01,  7.57it/s]
 38%|███▊      | 5/13 [00:00<00:00,  8.00it/s]
 46%|████▌     | 6/13 [00:00<00:00,  8.43it/s]
 54%|█████▍    | 7/13 [00:00<00:00,  8.77it/s]
 62%|██████▏   | 8/13 [00:01<00:00,  8.96it/s]
 69%|██████▉   | 9/13 [00:01<00:00,  9.00it/s]
 77%|███████▋  | 10/13 [00:01<00:00,  9.13it/s]
 85%|████████▍ | 11/13 [00:01<00:00,  9.18it/s]
 92%|█████████▏| 12/13 [00:01<00:00,  9.24it/s]
100%|██████████| 13/13 [00:01<00:00,  9.27it/s]
100%|██████████| 13/13 [00:01<00:00,  8.28it/s]

  0%|          | 0/13 [00:00<?, ?it/s]
  8%|▊         | 1/13 [00:00<00:03,  3.76it/s]
 15%|█▌        | 2/13 [00:00<00:01,  5.93it/s]
 23%|██▎       | 3/13 [00:00<00:01,  6.93it/s]
 31%|███       | 4/13 [00:00<00:01,  7.63it/s]
 38%|███▊      | 5/13 [00:00<00:00,  8.12it/s]
 46%|████▌     | 6/13 [00:00<00:00,  8.40it/s]
 54%|█████▍    | 7/13 [00:00<00:00,  8.63it/s]
 62%|██████▏   | 8/13 [00:01<00:00,  8.74it/s]
 69%|██████▉   | 9/13 [00:01<00:00,  8.82it/s]
 77%|███████▋  | 10/13 [00:01<00:00,  9.02it/s]
 85%|████████▍ | 11/13 [00:01<00:00,  9.12it/s]
 92%|█████████▏| 12/13 [00:01<00:00,  9.27it/s]
100%|██████████| 13/13 [00:01<00:00,  9.39it/s]
100%|██████████| 13/13 [00:01<00:00,  8.31it/s]

  0%|          | 0/13 [00:00<?, ?it/s]
  8%|▊         | 1/13 [00:00<00:03,  3.69it/s]
 15%|█▌        | 2/13 [00:00<00:01,  5.77it/s]
 23%|██▎       | 3/13 [00:00<00:01,  6.93it/s]
 31%|███       | 4/13 [00:00<00:01,  7.71it/s]
 38%|███▊      | 5/13 [00:00<00:00,  8.20it/s]
 46%|████▌     | 6/13 [00:00<00:00,  8.56it/s]
 54%|█████▍    | 7/13 [00:00<00:00,  8.77it/s]
 62%|██████▏   | 8/13 [00:01<00:00,  9.00it/s]
 69%|██████▉   | 9/13 [00:01<00:00,  9.14it/s]
 77%|███████▋  | 10/13 [00:01<00:00,  9.23it/s]
 85%|████████▍ | 11/13 [00:01<00:00,  9.14it/s]
 92%|█████████▏| 12/13 [00:01<00:00,  9.12it/s]
100%|██████████| 13/13 [00:01<00:00,  8.97it/s]
100%|██████████| 13/13 [00:01<00:00,  8.28it/s]

  0%|          | 0/13 [00:00<?, ?it/s]
  8%|▊         | 1/13 [00:00<00:05,  2.36it/s]
 23%|██▎       | 3/13 [00:00<00:01,  5.53it/s]
 38%|███▊      | 5/13 [00:00<00:01,  7.17it/s]
 46%|████▌     | 6/13 [00:00<00:00,  7.75it/s]
 54%|█████▍    | 7/13 [00:01<00:00,  8.06it/s]
 62%|██████▏   | 8/13 [00:01<00:00,  8.32it/s]
 69%|██████▉   | 9/13 [00:01<00:00,  8.51it/s]
 77%|███████▋  | 10/13 [00:01<00:00,  8.74it/s]
 85%|████████▍ | 11/13 [00:01<00:00,  8.93it/s]
 92%|█████████▏| 12/13 [00:01<00:00,  9.11it/s]
100%|██████████| 13/13 [00:01<00:00,  9.23it/s]
100%|██████████| 13/13 [00:01<00:00,  7.78it/s]

  0%|          | 0/13 [00:00<?, ?it/s]
  8%|▊         | 1/13 [00:00<00:03,  3.57it/s]
 15%|█▌        | 2/13 [00:00<00:01,  5.72it/s]
 23%|██▎       | 3/13 [00:00<00:01,  7.03it/s]
 31%|███       | 4/13 [00:00<00:01,  7.79it/s]
 38%|███▊      | 5/13 [00:00<00:00,  8.26it/s]
 46%|████▌     | 6/13 [00:00<00:00,  8.60it/s]
 54%|█████▍    | 7/13 [00:00<00:00,  8.76it/s]
 62%|██████▏   | 8/13 [00:01<00:00,  8.91it/s]
 69%|██████▉   | 9/13 [00:01<00:00,  9.02it/s]
 77%|███████▋  | 10/13 [00:01<00:00,  9.11it/s]
 85%|████████▍ | 11/13 [00:01<00:00,  9.12it/s]
 92%|█████████▏| 12/13 [00:01<00:00,  9.16it/s]
100%|██████████| 13/13 [00:01<00:00,  9.16it/s]
100%|██████████| 13/13 [00:01<00:00,  8.29it/s]

  0%|          | 0/13 [00:00<?, ?it/s]
  8%|▊         | 1/13 [00:00<00:03,  3.48it/s]
 15%|█▌        | 2/13 [00:00<00:01,  5.54it/s]
 23%|██▎       | 3/13 [00:00<00:01,  6.88it/s]
 31%|███       | 4/13 [00:00<00:01,  7.72it/s]
 38%|███▊      | 5/13 [00:00<00:00,  8.27it/s]
 46%|████▌     | 6/13 [00:00<00:00,  8.63it/s]
 54%|█████▍    | 7/13 [00:00<00:00,  8.96it/s]
 62%|██████▏   | 8/13 [00:01<00:00,  9.14it/s]
 69%|██████▉   | 9/13 [00:01<00:00,  9.19it/s]
 77%|███████▋  | 10/13 [00:01<00:00,  9.33it/s]
 85%|████████▍ | 11/13 [00:01<00:00,  9.30it/s]
 92%|█████████▏| 12/13 [00:01<00:00,  9.21it/s]
100%|██████████| 13/13 [00:01<00:00,  9.08it/s]
100%|██████████| 13/13 [00:01<00:00,  8.31it/s]

  0%|          | 0/13 [00:00<?, ?it/s]
  8%|▊         | 1/13 [00:00<00:03,  3.44it/s]
 15%|█▌        | 2/13 [00:00<00:01,  5.55it/s]
 23%|██▎       | 3/13 [00:00<00:01,  6.87it/s]
 31%|███       | 4/13 [00:00<00:01,  7.77it/s]
 38%|███▊      | 5/13 [00:00<00:00,  8.33it/s]
 46%|████▌     | 6/13 [00:00<00:00,  8.45it/s]
 54%|█████▍    | 7/13 [00:00<00:00,  8.78it/s]
 62%|██████▏   | 8/13 [00:01<00:00,  9.06it/s]
 69%|██████▉   | 9/13 [00:01<00:00,  9.16it/s]
 77%|███████▋  | 10/13 [00:01<00:00,  9.32it/s]
 85%|████████▍ | 11/13 [00:01<00:00,  9.36it/s]
 92%|█████████▏| 12/13 [00:01<00:00,  9.47it/s]
100%|██████████| 13/13 [00:01<00:00,  9.54it/s]
100%|██████████| 13/13 [00:01<00:00,  8.39it/s]

  0%|          | 0/13 [00:00<?, ?it/s]
  8%|▊         | 1/13 [00:00<00:03,  3.53it/s]
 15%|█▌        | 2/13 [00:00<00:01,  5.60it/s]
 23%|██▎       | 3/13 [00:00<00:01,  6.79it/s]
 31%|███       | 4/13 [00:00<00:01,  7.63it/s]
 38%|███▊      | 5/13 [00:00<00:00,  8.13it/s]
 46%|████▌     | 6/13 [00:00<00:00,  8.53it/s]
 54%|█████▍    | 7/13 [00:00<00:00,  8.73it/s]
 62%|██████▏   | 8/13 [00:01<00:00,  8.91it/s]
 69%|██████▉   | 9/13 [00:01<00:00,  9.08it/s]
 77%|███████▋  | 10/13 [00:01<00:00,  9.22it/s]
 85%|████████▍ | 11/13 [00:01<00:00,  9.37it/s]
 92%|█████████▏| 12/13 [00:01<00:00,  9.44it/s]
100%|██████████| 13/13 [00:01<00:00,  9.46it/s]
100%|██████████| 13/13 [00:01<00:00,  8.34it/s]

  0%|          | 0/13 [00:00<?, ?it/s]
  8%|▊         | 1/13 [00:00<00:03,  3.33it/s]
 15%|█▌        | 2/13 [00:00<00:02,  5.34it/s]
 23%|██▎       | 3/13 [00:00<00:01,  6.56it/s]
 31%|███       | 4/13 [00:00<00:01,  7.47it/s]
 38%|███▊      | 5/13 [00:00<00:01,  7.78it/s]
 46%|████▌     | 6/13 [00:00<00:00,  8.35it/s]
 54%|█████▍    | 7/13 [00:00<00:00,  8.78it/s]
 62%|██████▏   | 8/13 [00:01<00:00,  8.78it/s]
 69%|██████▉   | 9/13 [00:01<00:00,  8.64it/s]
 77%|███████▋  | 10/13 [00:01<00:00,  8.72it/s]
 85%|████████▍ | 11/13 [00:01<00:00,  8.83it/s]
 92%|█████████▏| 12/13 [00:01<00:00,  8.99it/s]
100%|██████████| 13/13 [00:01<00:00,  9.11it/s]
100%|██████████| 13/13 [00:01<00:00,  8.04it/s]

  0%|          | 0/13 [00:00<?, ?it/s]
  8%|▊         | 1/13 [00:00<00:03,  3.49it/s]
 15%|█▌        | 2/13 [00:00<00:01,  5.56it/s]
 23%|██▎       | 3/13 [00:00<00:01,  6.83it/s]
 31%|███       | 4/13 [00:00<00:01,  7.46it/s]
 38%|███▊      | 5/13 [00:00<00:01,  7.89it/s]
 46%|████▌     | 6/13 [00:00<00:00,  8.27it/s]
 54%|█████▍    | 7/13 [00:00<00:00,  8.33it/s]
 62%|██████▏   | 8/13 [00:01<00:00,  8.66it/s]
 69%|██████▉   | 9/13 [00:01<00:00,  8.81it/s]
 77%|███████▋  | 10/13 [00:01<00:00,  8.98it/s]
 85%|████████▍ | 11/13 [00:01<00:00,  9.14it/s]
 92%|█████████▏| 12/13 [00:01<00:00,  9.24it/s]
100%|██████████| 13/13 [00:01<00:00,  9.36it/s]
100%|██████████| 13/13 [00:01<00:00,  8.17it/s]

  0%|          | 0/13 [00:00<?, ?it/s]
  8%|▊         | 1/13 [00:00<00:03,  3.51it/s]
 15%|█▌        | 2/13 [00:00<00:01,  5.61it/s]
 23%|██▎       | 3/13 [00:00<00:01,  6.92it/s]
 31%|███       | 4/13 [00:00<00:01,  7.76it/s]
 38%|███▊      | 5/13 [00:00<00:00,  8.22it/s]
 46%|████▌     | 6/13 [00:00<00:00,  8.32it/s]
 54%|█████▍    | 7/13 [00:00<00:00,  8.42it/s]
 62%|██████▏   | 8/13 [00:01<00:00,  8.59it/s]
 69%|██████▉   | 9/13 [00:01<00:00,  8.77it/s]
 77%|███████▋  | 10/13 [00:01<00:00,  8.98it/s]
 85%|████████▍ | 11/13 [00:01<00:00,  9.07it/s]
 92%|█████████▏| 12/13 [00:01<00:00,  9.11it/s]
100%|██████████| 13/13 [00:01<00:00,  9.22it/s]
100%|██████████| 13/13 [00:01<00:00,  8.19it/s]

  0%|          | 0/13 [00:00<?, ?it/s]
  8%|▊         | 1/13 [00:00<00:03,  3.57it/s]
 15%|█▌        | 2/13 [00:00<00:01,  5.59it/s]
 23%|██▎       | 3/13 [00:00<00:01,  6.81it/s]
 31%|███       | 4/13 [00:00<00:01,  7.64it/s]
 38%|███▊      | 5/13 [00:00<00:00,  8.12it/s]
 46%|████▌     | 6/13 [00:00<00:00,  8.53it/s]
 54%|█████▍    | 7/13 [00:00<00:00,  8.85it/s]
 62%|██████▏   | 8/13 [00:01<00:00,  9.03it/s]
 69%|██████▉   | 9/13 [00:01<00:00,  9.18it/s]
 77%|███████▋  | 10/13 [00:01<00:00,  9.36it/s]
 85%|████████▍ | 11/13 [00:01<00:00,  9.32it/s]
 92%|█████████▏| 12/13 [00:01<00:00,  9.36it/s]
100%|██████████| 13/13 [00:01<00:00,  9.40it/s]
100%|██████████| 13/13 [00:01<00:00,  8.36it/s]

  0%|          | 0/13 [00:00<?, ?it/s]
  8%|▊         | 1/13 [00:00<00:03,  3.49it/s]
 15%|█▌        | 2/13 [00:00<00:01,  5.53it/s]
 23%|██▎       | 3/13 [00:00<00:01,  6.78it/s]
 31%|███       | 4/13 [00:00<00:01,  7.61it/s]
 38%|███▊      | 5/13 [00:00<00:01,  7.78it/s]
 46%|████▌     | 6/13 [00:00<00:00,  8.28it/s]
 54%|█████▍    | 7/13 [00:00<00:00,  8.59it/s]
 62%|██████▏   | 8/13 [00:01<00:00,  8.89it/s]
 69%|██████▉   | 9/13 [00:01<00:00,  9.07it/s]
 77%|███████▋  | 10/13 [00:01<00:00,  9.25it/s]
 85%|████████▍ | 11/13 [00:01<00:00,  9.31it/s]
 92%|█████████▏| 12/13 [00:01<00:00,  9.33it/s]
100%|██████████| 13/13 [00:01<00:00,  9.44it/s]
100%|██████████| 13/13 [00:01<00:00,  8.27it/s]

  0%|          | 0/13 [00:00<?, ?it/s]
  8%|▊         | 1/13 [00:00<00:03,  3.29it/s]
 15%|█▌        | 2/13 [00:00<00:02,  5.27it/s]
 23%|██▎       | 3/13 [00:00<00:01,  6.55it/s]
 31%|███       | 4/13 [00:00<00:01,  7.48it/s]
 38%|███▊      | 5/13 [00:00<00:00,  8.10it/s]
 46%|████▌     | 6/13 [00:00<00:00,  8.55it/s]
 54%|█████▍    | 7/13 [00:00<00:00,  8.79it/s]
 62%|██████▏   | 8/13 [00:01<00:00,  8.99it/s]
 69%|██████▉   | 9/13 [00:01<00:00,  9.17it/s]
 77%|███████▋  | 10/13 [00:01<00:00,  9.18it/s]
 85%|████████▍ | 11/13 [00:01<00:00,  9.31it/s]
 92%|█████████▏| 12/13 [00:01<00:00,  9.41it/s]
100%|██████████| 13/13 [00:01<00:00,  9.45it/s]
100%|██████████| 13/13 [00:01<00:00,  8.25it/s]

  0%|          | 0/13 [00:00<?, ?it/s]
  8%|▊         | 1/13 [00:00<00:03,  3.50it/s]
 15%|█▌        | 2/13 [00:00<00:01,  5.52it/s]
 23%|██▎       | 3/13 [00:00<00:01,  6.78it/s]
 31%|███       | 4/13 [00:00<00:01,  7.58it/s]
 38%|███▊      | 5/13 [00:00<00:00,  8.17it/s]
 46%|████▌     | 6/13 [00:00<00:00,  8.55it/s]
 54%|█████▍    | 7/13 [00:00<00:00,  8.85it/s]
 62%|██████▏   | 8/13 [00:01<00:00,  8.94it/s]
 69%|██████▉   | 9/13 [00:01<00:00,  9.22it/s]
 77%|███████▋  | 10/13 [00:01<00:00,  9.32it/s]
 85%|████████▍ | 11/13 [00:01<00:00,  9.35it/s]
 92%|█████████▏| 12/13 [00:01<00:00,  9.38it/s]
100%|██████████| 13/13 [00:01<00:00,  9.43it/s]
100%|██████████| 13/13 [00:01<00:00,  8.34it/s]

  0%|          | 0/13 [00:00<?, ?it/s]
  8%|▊         | 1/13 [00:00<00:03,  3.74it/s]
 23%|██▎       | 3/13 [00:00<00:01,  6.79it/s]
 31%|███       | 4/13 [00:00<00:01,  7.48it/s]
 38%|███▊      | 5/13 [00:00<00:01,  7.90it/s]
 46%|████▌     | 6/13 [00:00<00:00,  8.29it/s]
 54%|█████▍    | 7/13 [00:00<00:00,  8.44it/s]
 62%|██████▏   | 8/13 [00:01<00:00,  8.59it/s]
 69%|██████▉   | 9/13 [00:01<00:00,  8.72it/s]
 77%|███████▋  | 10/13 [00:01<00:00,  8.87it/s]
 85%|████████▍ | 11/13 [00:01<00:00,  9.01it/s]
 92%|█████████▏| 12/13 [00:01<00:00,  9.11it/s]
100%|██████████| 13/13 [00:01<00:00,  9.23it/s]
100%|██████████| 13/13 [00:01<00:00,  8.28it/s]

  0%|          | 0/13 [00:00<?, ?it/s]
  8%|▊         | 1/13 [00:00<00:03,  3.74it/s]
 23%|██▎       | 3/13 [00:00<00:01,  6.77it/s]
 31%|███       | 4/13 [00:00<00:01,  7.46it/s]
 38%|███▊      | 5/13 [00:00<00:01,  7.55it/s]
 46%|████▌     | 6/13 [00:00<00:00,  7.97it/s]
 54%|█████▍    | 7/13 [00:00<00:00,  8.39it/s]
 62%|██████▏   | 8/13 [00:01<00:00,  8.67it/s]
 69%|██████▉   | 9/13 [00:01<00:00,  8.50it/s]
 77%|███████▋  | 10/13 [00:01<00:00,  8.69it/s]
 85%|████████▍ | 11/13 [00:01<00:00,  8.41it/s]
 92%|█████████▏| 12/13 [00:01<00:00,  8.42it/s]
100%|██████████| 13/13 [00:01<00:00,  8.61it/s]
100%|██████████| 13/13 [00:01<00:00,  7.99it/s]

  0%|          | 0/13 [00:00<?, ?it/s]
  8%|▊         | 1/13 [00:00<00:03,  3.60it/s]
 15%|█▌        | 2/13 [00:00<00:01,  5.64it/s]
 23%|██▎       | 3/13 [00:00<00:01,  6.93it/s]
 31%|███       | 4/13 [00:00<00:01,  7.66it/s]
 38%|███▊      | 5/13 [00:00<00:00,  8.13it/s]
 46%|████▌     | 6/13 [00:00<00:00,  8.38it/s]
 54%|█████▍    | 7/13 [00:00<00:00,  8.60it/s]
 62%|██████▏   | 8/13 [00:01<00:00,  8.86it/s]
 69%|██████▉   | 9/13 [00:01<00:00,  8.99it/s]
 77%|███████▋  | 10/13 [00:01<00:00,  9.19it/s]
 85%|████████▍ | 11/13 [00:01<00:00,  9.26it/s]
 92%|█████████▏| 12/13 [00:01<00:00,  9.17it/s]
100%|██████████| 13/13 [00:01<00:00,  9.22it/s]
100%|██████████| 13/13 [00:01<00:00,  8.27it/s]

  0%|          | 0/13 [00:00<?, ?it/s]
  8%|▊         | 1/13 [00:00<00:03,  3.49it/s]
 15%|█▌        | 2/13 [00:00<00:02,  5.33it/s]
 23%|██▎       | 3/13 [00:00<00:01,  6.41it/s]
 31%|███       | 4/13 [00:00<00:01,  7.19it/s]
 38%|███▊      | 5/13 [00:00<00:01,  7.76it/s]
 46%|████▌     | 6/13 [00:00<00:00,  8.13it/s]
 54%|█████▍    | 7/13 [00:00<00:00,  8.44it/s]
 62%|██████▏   | 8/13 [00:01<00:00,  8.67it/s]
 69%|██████▉   | 9/13 [00:01<00:00,  8.88it/s]
 77%|███████▋  | 10/13 [00:01<00:00,  9.08it/s]
 85%|████████▍ | 11/13 [00:01<00:00,  9.06it/s]
 92%|█████████▏| 12/13 [00:01<00:00,  9.08it/s]
100%|██████████| 13/13 [00:01<00:00,  9.08it/s]
100%|██████████| 13/13 [00:01<00:00,  8.03it/s]

  0%|          | 0/13 [00:00<?, ?it/s]
  8%|▊         | 1/13 [00:00<00:03,  3.47it/s]
 15%|█▌        | 2/13 [00:00<00:01,  5.52it/s]
 23%|██▎       | 3/13 [00:00<00:01,  6.78it/s]
 31%|███       | 4/13 [00:00<00:01,  7.59it/s]
 38%|███▊      | 5/13 [00:00<00:00,  8.11it/s]
 46%|████▌     | 6/13 [00:00<00:00,  8.46it/s]
 54%|█████▍    | 7/13 [00:00<00:00,  8.70it/s]
 62%|██████▏   | 8/13 [00:01<00:00,  8.85it/s]
 69%|██████▉   | 9/13 [00:01<00:00,  8.48it/s]
 77%|███████▋  | 10/13 [00:01<00:00,  8.71it/s]
 85%|████████▍ | 11/13 [00:01<00:00,  8.96it/s]
 92%|█████████▏| 12/13 [00:01<00:00,  9.09it/s]
100%|██████████| 13/13 [00:01<00:00,  9.27it/s]
100%|██████████| 13/13 [00:01<00:00,  8.16it/s]

  0%|          | 0/13 [00:00<?, ?it/s]
  8%|▊         | 1/13 [00:00<00:03,  3.84it/s]
 23%|██▎       | 3/13 [00:00<00:01,  7.11it/s]
 31%|███       | 4/13 [00:00<00:01,  7.67it/s]
 38%|███▊      | 5/13 [00:00<00:00,  8.03it/s]
 46%|████▌     | 6/13 [00:00<00:00,  8.29it/s]
 54%|█████▍    | 7/13 [00:00<00:00,  8.48it/s]
 62%|██████▏   | 8/13 [00:01<00:00,  8.66it/s]
 69%|██████▉   | 9/13 [00:01<00:00,  8.81it/s]
 77%|███████▋  | 10/13 [00:01<00:00,  8.93it/s]
 85%|████████▍ | 11/13 [00:01<00:00,  9.10it/s]
 92%|█████████▏| 12/13 [00:01<00:00,  9.07it/s]
100%|██████████| 13/13 [00:01<00:00,  8.94it/s]
100%|██████████| 13/13 [00:01<00:00,  8.31it/s]

  0%|          | 0/13 [00:00<?, ?it/s]
  8%|▊         | 1/13 [00:00<00:03,  3.69it/s]
 15%|█▌        | 2/13 [00:00<00:01,  5.74it/s]
 23%|██▎       | 3/13 [00:00<00:01,  6.65it/s]
 31%|███       | 4/13 [00:00<00:01,  7.20it/s]
 38%|███▊      | 5/13 [00:00<00:01,  7.61it/s]
 46%|████▌     | 6/13 [00:00<00:00,  8.15it/s]
 62%|██████▏   | 8/13 [00:01<00:00,  8.79it/s]
 69%|██████▉   | 9/13 [00:01<00:00,  8.95it/s]
 77%|███████▋  | 10/13 [00:01<00:00,  8.99it/s]
 85%|████████▍ | 11/13 [00:01<00:00,  9.08it/s]
 92%|█████████▏| 12/13 [00:01<00:00,  9.06it/s]
100%|██████████| 13/13 [00:01<00:00,  8.97it/s]
100%|██████████| 13/13 [00:01<00:00,  8.11it/s]

  0%|          | 0/13 [00:00<?, ?it/s]
  8%|▊         | 1/13 [00:14<02:49, 14.12s/it]
 15%|█▌        | 2/13 [00:14<01:06,  6.06s/it]
 23%|██▎       | 3/13 [00:14<00:33,  3.34s/it]
 38%|███▊      | 5/13 [00:14<00:12,  1.51s/it]
 54%|█████▍    | 7/13 [00:15<00:05,  1.14it/s]
 69%|██████▉   | 9/13 [00:15<00:02,  1.75it/s]
 85%|████████▍ | 11/13 [00:15<00:00,  2.52it/s]
100%|██████████| 13/13 [00:19<00:00,  1.08it/s]
100%|██████████| 13/13 [00:19<00:00,  1.49s/it]

  0%|          | 0/13 [00:00<?, ?it/s]
  8%|▊         | 1/13 [00:00<00:03,  3.96it/s]
 23%|██▎       | 3/13 [00:00<00:01,  7.57it/s]
 31%|███       | 4/13 [00:03<00:08,  1.01it/s]
 46%|████▌     | 6/13 [00:03<00:03,  1.83it/s]
 62%|██████▏   | 8/13 [00:03<00:01,  2.78it/s]
 69%|██████▉   | 9/13 [00:03<00:01,  3.33it/s]
 85%|████████▍ | 11/13 [00:03<00:00,  4.48it/s]
100%|██████████| 13/13 [00:03<00:00,  5.63it/s]
100%|██████████| 13/13 [00:03<00:00,  3.30it/s]

  0%|          | 0/13 [00:00<?, ?it/s]
  8%|▊         | 1/13 [00:00<00:03,  3.77it/s]
 23%|██▎       | 3/13 [00:00<00:01,  7.08it/s]
 38%|███▊      | 5/13 [00:00<00:00,  8.43it/s]
 46%|████▌     | 6/13 [00:03<00:05,  1.23it/s]
 62%|██████▏   | 8/13 [00:03<00:02,  1.99it/s]
 77%|███████▋  | 10/13 [00:03<00:01,  2.88it/s]
 85%|████████▍ | 11/13 [00:03<00:00,  3.40it/s]
100%|██████████| 13/13 [00:04<00:00,  4.54it/s]
100%|██████████| 13/13 [00:04<00:00,  3.21it/s]

  0%|          | 0/13 [00:00<?, ?it/s]
  8%|▊         | 1/13 [00:00<00:03,  3.86it/s]
 15%|█▌        | 2/13 [00:00<00:01,  6.03it/s]
 23%|██▎       | 3/13 [00:00<00:01,  7.34it/s]
 31%|███       | 4/13 [00:00<00:01,  8.20it/s]
 46%|████▌     | 6/13 [00:00<00:00,  9.11it/s]
 62%|██████▏   | 8/13 [00:00<00:00,  9.59it/s]
 69%|██████▉   | 9/13 [00:03<00:02,  1.44it/s]
 85%|████████▍ | 11/13 [00:03<00:00,  2.21it/s]
100%|██████████| 13/13 [00:03<00:00,  3.09it/s]
100%|██████████| 13/13 [00:03<00:00,  3.29it/s]

  0%|          | 0/13 [00:00<?, ?it/s]
  8%|▊         | 1/13 [00:02<00:32,  2.73s/it]
 23%|██▎       | 3/13 [00:02<00:07,  1.29it/s]
 38%|███▊      | 5/13 [00:03<00:03,  2.35it/s]
 54%|█████▍    | 7/13 [00:03<00:01,  3.49it/s]
 62%|██████▏   | 8/13 [00:03<00:01,  4.10it/s]
 77%|███████▋  | 10/13 [00:05<00:01,  1.53it/s]
 92%|█████████▏| 12/13 [00:06<00:00,  2.22it/s]
100%|██████████| 13/13 [00:06<00:00,  2.09it/s]

  0%|          | 0/13 [00:00<?, ?it/s]
  8%|▊         | 1/13 [00:00<00:02,  4.26it/s]
 23%|██▎       | 3/13 [00:02<00:09,  1.06it/s]
 38%|███▊      | 5/13 [00:02<00:04,  1.99it/s]
 54%|█████▍    | 7/13 [00:02<00:01,  3.08it/s]
 69%|██████▉   | 9/13 [00:03<00:00,  4.27it/s]
 85%|████████▍ | 11/13 [00:03<00:00,  5.44it/s]
100%|██████████| 13/13 [00:03<00:00,  6.54it/s]
100%|██████████| 13/13 [00:03<00:00,  3.73it/s]

  0%|          | 0/13 [00:00<?, ?it/s]
  8%|▊         | 1/13 [00:00<00:02,  4.04it/s]
 23%|██▎       | 3/13 [00:00<00:01,  7.64it/s]
 38%|███▊      | 5/13 [00:00<00:00,  9.06it/s]
 54%|█████▍    | 7/13 [00:03<00:03,  1.69it/s]
 62%|██████▏   | 8/13 [00:03<00:02,  2.07it/s]
 77%|███████▋  | 10/13 [00:03<00:00,  3.08it/s]
 92%|█████████▏| 12/13 [00:03<00:00,  4.20it/s]
100%|██████████| 13/13 [00:03<00:00,  3.55it/s]

  0%|          | 0/13 [00:00<?, ?it/s]
  8%|▊         | 1/13 [00:02<00:30,  2.54s/it]
 15%|█▌        | 2/13 [00:02<00:12,  1.10s/it]
 31%|███       | 4/13 [00:02<00:04,  2.16it/s]
 46%|████▌     | 6/13 [00:02<00:02,  3.49it/s]
 62%|██████▏   | 8/13 [00:03<00:01,  4.84it/s]
 77%|███████▋  | 10/13 [00:03<00:00,  6.01it/s]
 92%|█████████▏| 12/13 [00:05<00:00,  1.89it/s]
100%|██████████| 13/13 [00:05<00:00,  2.21it/s]

  0%|          | 0/13 [00:00<?, ?it/s]
  8%|▊         | 1/13 [00:00<00:02,  4.30it/s]
 23%|██▎       | 3/13 [00:00<00:01,  7.90it/s]
 38%|███▊      | 5/13 [00:02<00:05,  1.39it/s]
 54%|█████▍    | 7/13 [00:03<00:02,  2.23it/s]
 69%|██████▉   | 9/13 [00:03<00:01,  3.21it/s]
 85%|████████▍ | 11/13 [00:03<00:00,  4.28it/s]
100%|██████████| 13/13 [00:03<00:00,  5.40it/s]
100%|██████████| 13/13 [00:03<00:00,  3.56it/s]

  0%|          | 0/13 [00:00<?, ?it/s]
  8%|▊         | 1/13 [00:00<00:03,  3.37it/s]
 23%|██▎       | 3/13 [00:00<00:01,  7.05it/s]
 38%|███▊      | 5/13 [00:00<00:00,  8.79it/s]
 54%|█████▍    | 7/13 [00:00<00:00,  9.75it/s]
 69%|██████▉   | 9/13 [00:03<00:02,  1.76it/s]
 85%|████████▍ | 11/13 [00:03<00:00,  2.52it/s]
100%|██████████| 13/13 [00:03<00:00,  3.42it/s]
100%|██████████| 13/13 [00:03<00:00,  3.40it/s]

  0%|          | 0/13 [00:00<?, ?it/s]
  8%|▊         | 1/13 [00:02<00:32,  2.71s/it]
 23%|██▎       | 3/13 [00:02<00:07,  1.30it/s]
 38%|███▊      | 5/13 [00:03<00:03,  2.41it/s]
 54%|█████▍    | 7/13 [00:03<00:01,  3.62it/s]
 69%|██████▉   | 9/13 [00:03<00:00,  4.85it/s]
 85%|████████▍ | 11/13 [00:05<00:01,  1.76it/s]
 92%|█████████▏| 12/13 [00:05<00:00,  2.10it/s]
100%|██████████| 13/13 [00:06<00:00,  2.14it/s]

  0%|          | 0/13 [00:00<?, ?it/s]
  8%|▊         | 1/13 [00:00<00:02,  4.28it/s]
 23%|██▎       | 3/13 [00:00<00:01,  7.94it/s]
 31%|███       | 4/13 [00:02<00:08,  1.11it/s]
 46%|████▌     | 6/13 [00:02<00:03,  2.02it/s]
 62%|██████▏   | 8/13 [00:03<00:01,  3.07it/s]
 77%|███████▋  | 10/13 [00:03<00:00,  4.21it/s]
 92%|█████████▏| 12/13 [00:03<00:00,  5.38it/s]
100%|██████████| 13/13 [00:03<00:00,  3.65it/s]

  0%|          | 0/13 [00:00<?, ?it/s]
  8%|▊         | 1/13 [00:00<00:03,  3.34it/s]
 23%|██▎       | 3/13 [00:00<00:01,  7.11it/s]
 38%|███▊      | 5/13 [00:00<00:00,  8.80it/s]
 54%|█████▍    | 7/13 [00:00<00:00,  9.56it/s]
 69%|██████▉   | 9/13 [00:03<00:02,  1.92it/s]
 77%|███████▋  | 10/13 [00:03<00:01,  2.30it/s]
 92%|█████████▏| 12/13 [00:03<00:00,  3.30it/s]
100%|██████████| 13/13 [00:03<00:00,  3.59it/s]

  0%|          | 0/13 [00:00<?, ?it/s]
  8%|▊         | 1/13 [00:00<00:02,  4.29it/s]
 15%|█▌        | 2/13 [00:02<00:16,  1.53s/it]
 23%|██▎       | 3/13 [00:02<00:08,  1.14it/s]
 38%|███▊      | 5/13 [00:02<00:03,  2.33it/s]
 54%|█████▍    | 7/13 [00:03<00:01,  3.64it/s]
 69%|██████▉   | 9/13 [00:03<00:00,  4.93it/s]
 85%|████████▍ | 11/13 [00:03<00:00,  6.17it/s]
100%|██████████| 13/13 [00:05<00:00,  1.92it/s]
100%|██████████| 13/13 [00:05<00:00,  2.20it/s]

  0%|          | 0/13 [00:00<?, ?it/s]
  8%|▊         | 1/13 [00:00<00:02,  4.20it/s]
 23%|██▎       | 3/13 [00:00<00:01,  7.85it/s]
 38%|███▊      | 5/13 [00:00<00:00,  9.27it/s]
 54%|█████▍    | 7/13 [00:03<00:03,  1.74it/s]
 62%|██████▏   | 8/13 [00:03<00:02,  2.14it/s]
 77%|███████▋  | 10/13 [00:03<00:00,  3.19it/s]
 92%|█████████▏| 12/13 [00:03<00:00,  4.32it/s]
100%|██████████| 13/13 [00:03<00:00,  3.66it/s]

  0%|          | 0/13 [00:00<?, ?it/s]
  8%|▊         | 1/13 [00:02<00:29,  2.50s/it]
 23%|██▎       | 3/13 [00:02<00:07,  1.40it/s]
 38%|███▊      | 5/13 [00:02<00:03,  2.56it/s]
 54%|█████▍    | 7/13 [00:03<00:01,  3.80it/s]
 69%|██████▉   | 9/13 [00:03<00:00,  5.07it/s]
 85%|████████▍ | 11/13 [00:03<00:00,  6.28it/s]
100%|██████████| 13/13 [00:05<00:00,  1.92it/s]
100%|██████████| 13/13 [00:05<00:00,  2.22it/s]

  0%|          | 0/13 [00:00<?, ?it/s]
  8%|▊         | 1/13 [00:00<00:02,  4.29it/s]
 23%|██▎       | 3/13 [00:00<00:01,  7.89it/s]
 38%|███▊      | 5/13 [00:02<00:05,  1.40it/s]
 46%|████▌     | 6/13 [00:03<00:03,  1.81it/s]
 62%|██████▏   | 8/13 [00:03<00:01,  2.87it/s]
 77%|███████▋  | 10/13 [00:03<00:00,  4.02it/s]
 92%|█████████▏| 12/13 [00:03<00:00,  5.20it/s]
100%|██████████| 13/13 [00:03<00:00,  3.54it/s]

  0%|          | 0/13 [00:00<?, ?it/s]
  8%|▊         | 1/13 [00:00<00:02,  4.34it/s]
 23%|██▎       | 3/13 [00:00<00:01,  8.04it/s]
 38%|███▊      | 5/13 [00:00<00:00,  9.48it/s]
 54%|█████▍    | 7/13 [00:00<00:00, 10.03it/s]
 69%|██████▉   | 9/13 [00:03<00:02,  1.90it/s]
 77%|███████▋  | 10/13 [00:03<00:01,  2.28it/s]
 92%|█████████▏| 12/13 [00:03<00:00,  3.28it/s]
100%|██████████| 13/13 [00:03<00:00,  3.62it/s]

  0%|          | 0/13 [00:00<?, ?it/s]
  8%|▊         | 1/13 [00:00<00:02,  4.38it/s]
 15%|█▌        | 2/13 [00:02<00:15,  1.45s/it]
 23%|██▎       | 3/13 [00:02<00:08,  1.19it/s]
 38%|███▊      | 5/13 [00:02<00:03,  2.43it/s]
 46%|████▌     | 6/13 [00:02<00:02,  3.03it/s]
 62%|██████▏   | 8/13 [00:03<00:01,  4.58it/s]
 77%|███████▋  | 10/13 [00:03<00:00,  5.93it/s]
 92%|█████████▏| 12/13 [00:03<00:00,  7.12it/s]
100%|██████████| 13/13 [00:05<00:00,  2.23it/s]

  0%|          | 0/13 [00:00<?, ?it/s]
  8%|▊         | 1/13 [00:00<00:02,  4.42it/s]
 23%|██▎       | 3/13 [00:00<00:01,  8.29it/s]
 38%|███▊      | 5/13 [00:00<00:00,  9.66it/s]
 54%|█████▍    | 7/13 [00:03<00:03,  1.70it/s]
 69%|██████▉   | 9/13 [00:03<00:01,  2.52it/s]
 85%|████████▍ | 11/13 [00:03<00:00,  3.48it/s]
100%|██████████| 13/13 [00:03<00:00,  4.53it/s]
100%|██████████| 13/13 [00:03<00:00,  3.65it/s]

  0%|          | 0/13 [00:00<?, ?it/s]
  8%|▊         | 1/13 [00:02<00:30,  2.53s/it]
 15%|█▌        | 2/13 [00:02<00:12,  1.10s/it]
 31%|███       | 4/13 [00:02<00:04,  2.15it/s]
 46%|████▌     | 6/13 [00:02<00:02,  3.50it/s]
 62%|██████▏   | 8/13 [00:03<00:01,  4.87it/s]
 77%|███████▋  | 10/13 [00:03<00:00,  6.12it/s]
 92%|█████████▏| 12/13 [00:05<00:00,  1.92it/s]
100%|██████████| 13/13 [00:05<00:00,  2.27it/s]
100%|██████████| 13/13 [00:05<00:00,  2.22it/s]

  0%|          | 0/13 [00:00<?, ?it/s]
  8%|▊         | 1/13 [00:00<00:02,  4.39it/s]
 23%|██▎       | 3/13 [00:00<00:01,  8.06it/s]
 38%|███▊      | 5/13 [00:02<00:05,  1.49it/s]
 54%|█████▍    | 7/13 [00:02<00:02,  2.33it/s]
 69%|██████▉   | 9/13 [00:03<00:01,  3.35it/s]
 85%|████████▍ | 11/13 [00:03<00:00,  4.48it/s]
100%|██████████| 13/13 [00:03<00:00,  5.59it/s]
100%|██████████| 13/13 [00:03<00:00,  3.72it/s]

  0%|          | 0/13 [00:00<?, ?it/s]
  8%|▊         | 1/13 [00:02<00:30,  2.53s/it]
 23%|██▎       | 3/13 [00:02<00:07,  1.39it/s]
 38%|███▊      | 5/13 [00:02<00:03,  2.53it/s]
 54%|█████▍    | 7/13 [00:03<00:01,  3.78it/s]
 69%|██████▉   | 9/13 [00:03<00:00,  5.02it/s]
 85%|████████▍ | 11/13 [00:05<00:01,  1.80it/s]
100%|██████████| 13/13 [00:05<00:00,  2.51it/s]
100%|██████████| 13/13 [00:05<00:00,  2.23it/s]
[500/750] Rococo__Rococo__joshua-reynolds_colonel-george-k-h-coussmaker-grenadier-guards__to__Impressionism.png  dt=6.04s  elapsed=17.4m  eta=8.7m

  0%|          | 0/13 [00:00<?, ?it/s]
  8%|▊         | 1/13 [00:00<00:02,  4.34it/s]
 23%|██▎       | 3/13 [00:02<00:09,  1.04it/s]
 38%|███▊      | 5/13 [00:02<00:04,  1.96it/s]
 54%|█████▍    | 7/13 [00:03<00:01,  3.03it/s]
 69%|██████▉   | 9/13 [00:03<00:00,  4.22it/s]
 85%|████████▍ | 11/13 [00:03<00:00,  5.40it/s]
100%|██████████| 13/13 [00:03<00:00,  6.52it/s]
100%|██████████| 13/13 [00:03<00:00,  3.69it/s]

  0%|          | 0/13 [00:00<?, ?it/s]
  8%|▊         | 1/13 [00:00<00:02,  4.35it/s]
 23%|██▎       | 3/13 [00:00<00:01,  8.03it/s]
 38%|███▊      | 5/13 [00:00<00:00,  9.49it/s]
 54%|█████▍    | 7/13 [00:00<00:00, 10.21it/s]
 69%|██████▉   | 9/13 [00:03<00:02,  1.89it/s]
 85%|████████▍ | 11/13 [00:03<00:00,  2.68it/s]
100%|██████████| 13/13 [00:03<00:00,  3.60it/s]
100%|██████████| 13/13 [00:03<00:00,  3.63it/s]

  0%|          | 0/13 [00:00<?, ?it/s]
  8%|▊         | 1/13 [00:02<00:29,  2.49s/it]
 15%|█▌        | 2/13 [00:02<00:12,  1.10s/it]
 31%|███       | 4/13 [00:02<00:04,  2.17it/s]
 46%|████▌     | 6/13 [00:02<00:01,  3.53it/s]
 62%|██████▏   | 8/13 [00:03<00:01,  4.87it/s]
 77%|███████▋  | 10/13 [00:03<00:00,  6.14it/s]
 92%|█████████▏| 12/13 [00:05<00:00,  1.89it/s]
100%|██████████| 13/13 [00:05<00:00,  2.22it/s]

  0%|          | 0/13 [00:00<?, ?it/s]
  8%|▊         | 1/13 [00:00<00:02,  4.29it/s]
 23%|██▎       | 3/13 [00:00<00:01,  8.01it/s]
 38%|███▊      | 5/13 [00:02<00:05,  1.43it/s]
 46%|████▌     | 6/13 [00:03<00:03,  1.85it/s]
 62%|██████▏   | 8/13 [00:03<00:01,  2.91it/s]
 77%|███████▋  | 10/13 [00:03<00:00,  4.09it/s]
 92%|█████████▏| 12/13 [00:03<00:00,  5.28it/s]
100%|██████████| 13/13 [00:03<00:00,  3.60it/s]

  0%|          | 0/13 [00:00<?, ?it/s]
  8%|▊         | 1/13 [00:00<00:03,  3.67it/s]
 23%|██▎       | 3/13 [00:00<00:01,  7.46it/s]
 38%|███▊      | 5/13 [00:00<00:00,  9.04it/s]
 54%|█████▍    | 7/13 [00:00<00:00,  9.91it/s]
 69%|██████▉   | 9/13 [00:00<00:00, 10.41it/s]
 85%|████████▍ | 11/13 [00:03<00:00,  2.02it/s]
100%|██████████| 13/13 [00:03<00:00,  2.79it/s]
100%|██████████| 13/13 [00:03<00:00,  3.60it/s]

  0%|          | 0/13 [00:00<?, ?it/s]
  8%|▊         | 1/13 [00:00<00:02,  4.34it/s]
 15%|█▌        | 2/13 [00:02<00:15,  1.45s/it]
 31%|███       | 4/13 [00:02<00:05,  1.66it/s]
 46%|████▌     | 6/13 [00:02<00:02,  2.79it/s]
 62%|██████▏   | 8/13 [00:03<00:01,  4.00it/s]
 77%|███████▋  | 10/13 [00:03<00:00,  5.21it/s]
 92%|█████████▏| 12/13 [00:03<00:00,  6.38it/s]
100%|██████████| 13/13 [00:05<00:00,  2.25it/s]

  0%|          | 0/13 [00:00<?, ?it/s]
  8%|▊         | 1/13 [00:00<00:02,  4.13it/s]
 23%|██▎       | 3/13 [00:00<00:01,  8.05it/s]
 38%|███▊      | 5/13 [00:00<00:00,  9.45it/s]
 46%|████▌     | 6/13 [00:02<00:04,  1.42it/s]
 54%|█████▍    | 7/13 [00:03<00:03,  1.86it/s]
 69%|██████▉   | 9/13 [00:03<00:01,  2.98it/s]
 85%|████████▍ | 11/13 [00:03<00:00,  4.20it/s]
100%|██████████| 13/13 [00:03<00:00,  5.40it/s]
100%|██████████| 13/13 [00:03<00:00,  3.69it/s]

  0%|          | 0/13 [00:00<?, ?it/s]
  8%|▊         | 1/13 [00:02<00:30,  2.53s/it]
 23%|██▎       | 3/13 [00:02<00:07,  1.39it/s]
 38%|███▊      | 5/13 [00:02<00:03,  2.49it/s]
 46%|████▌     | 6/13 [00:03<00:02,  3.11it/s]
 62%|██████▏   | 8/13 [00:03<00:01,  4.50it/s]
 77%|███████▋  | 10/13 [00:05<00:01,  1.66it/s]
 85%|████████▍ | 11/13 [00:05<00:01,  2.00it/s]
 92%|█████████▏| 12/13 [00:05<00:00,  2.39it/s]
100%|██████████| 13/13 [00:05<00:00,  2.17it/s]

  0%|          | 0/13 [00:00<?, ?it/s]
  8%|▊         | 1/13 [00:00<00:02,  4.41it/s]
 23%|██▎       | 3/13 [00:02<00:10,  1.00s/it]
 38%|███▊      | 5/13 [00:02<00:04,  1.87it/s]
 54%|█████▍    | 7/13 [00:03<00:02,  2.89it/s]
 69%|██████▉   | 9/13 [00:03<00:01,  3.97it/s]
 85%|████████▍ | 11/13 [00:03<00:00,  5.07it/s]
 92%|█████████▏| 12/13 [00:06<00:00,  1.53it/s]
100%|██████████| 13/13 [00:06<00:00,  2.13it/s]

  0%|          | 0/13 [00:00<?, ?it/s]
  8%|▊         | 1/13 [00:00<00:03,  3.95it/s]
 23%|██▎       | 3/13 [00:00<00:01,  7.47it/s]
 31%|███       | 4/13 [00:02<00:08,  1.09it/s]
 46%|████▌     | 6/13 [00:02<00:03,  1.99it/s]
 62%|██████▏   | 8/13 [00:03<00:01,  3.04it/s]
 77%|███████▋  | 10/13 [00:03<00:00,  4.16it/s]
 92%|█████████▏| 12/13 [00:03<00:00,  5.30it/s]
100%|██████████| 13/13 [00:03<00:00,  3.59it/s]

  0%|          | 0/13 [00:00<?, ?it/s]
  8%|▊         | 1/13 [00:00<00:02,  4.27it/s]
 23%|██▎       | 3/13 [00:00<00:01,  7.84it/s]
 38%|███▊      | 5/13 [00:00<00:00,  9.24it/s]
 54%|█████▍    | 7/13 [00:03<00:03,  1.70it/s]
 62%|██████▏   | 8/13 [00:03<00:02,  2.11it/s]
 77%|███████▋  | 10/13 [00:03<00:00,  3.14it/s]
 92%|█████████▏| 12/13 [00:03<00:00,  4.29it/s]
100%|██████████| 13/13 [00:03<00:00,  3.61it/s]

  0%|          | 0/13 [00:00<?, ?it/s]
  8%|▊         | 1/13 [00:02<00:30,  2.51s/it]
 15%|█▌        | 2/13 [00:02<00:12,  1.12s/it]
 31%|███       | 4/13 [00:02<00:04,  2.13it/s]
 46%|████▌     | 6/13 [00:02<00:02,  3.47it/s]
 62%|██████▏   | 8/13 [00:03<00:01,  4.81it/s]
 77%|███████▋  | 10/13 [00:03<00:00,  6.08it/s]
 92%|█████████▏| 12/13 [00:05<00:00,  1.92it/s]
100%|██████████| 13/13 [00:05<00:00,  2.22it/s]

  0%|          | 0/13 [00:00<?, ?it/s]
  8%|▊         | 1/13 [00:00<00:02,  4.41it/s]
 23%|██▎       | 3/13 [00:00<00:01,  8.18it/s]
 31%|███       | 4/13 [00:02<00:07,  1.16it/s]
 46%|████▌     | 6/13 [00:02<00:03,  2.08it/s]
 62%|██████▏   | 8/13 [00:03<00:01,  3.17it/s]
 77%|███████▋  | 10/13 [00:03<00:00,  4.36it/s]
 92%|█████████▏| 12/13 [00:03<00:00,  5.57it/s]
100%|██████████| 13/13 [00:03<00:00,  3.77it/s]

  0%|          | 0/13 [00:00<?, ?it/s]
  8%|▊         | 1/13 [00:00<00:04,  2.88it/s]
 23%|██▎       | 3/13 [00:00<00:01,  6.51it/s]
 38%|███▊      | 5/13 [00:00<00:00,  8.22it/s]
 54%|█████▍    | 7/13 [00:00<00:00,  9.23it/s]
 69%|██████▉   | 9/13 [00:03<00:02,  1.96it/s]
 77%|███████▋  | 10/13 [00:03<00:01,  2.31it/s]
 85%|████████▍ | 11/13 [00:03<00:00,  2.82it/s]
100%|██████████| 13/13 [00:03<00:00,  4.06it/s]
100%|██████████| 13/13 [00:03<00:00,  3.57it/s]

  0%|          | 0/13 [00:00<?, ?it/s]
  8%|▊         | 1/13 [00:00<00:02,  4.28it/s]
 23%|██▎       | 3/13 [00:02<00:09,  1.04it/s]
 31%|███       | 4/13 [00:02<00:05,  1.50it/s]
 46%|████▌     | 6/13 [00:02<00:02,  2.66it/s]
 62%|██████▏   | 8/13 [00:03<00:01,  3.91it/s]
 77%|███████▋  | 10/13 [00:03<00:00,  5.17it/s]
 92%|█████████▏| 12/13 [00:03<00:00,  6.35it/s]
100%|██████████| 13/13 [00:05<00:00,  2.26it/s]

  0%|          | 0/13 [00:00<?, ?it/s]
  8%|▊         | 1/13 [00:00<00:02,  4.38it/s]
 23%|██▎       | 3/13 [00:00<00:01,  8.10it/s]
 38%|███▊      | 5/13 [00:00<00:00,  9.43it/s]
 54%|█████▍    | 7/13 [00:03<00:03,  1.74it/s]
 69%|██████▉   | 9/13 [00:03<00:01,  2.55it/s]
 85%|████████▍ | 11/13 [00:03<00:00,  3.52it/s]
100%|██████████| 13/13 [00:03<00:00,  4.57it/s]
100%|██████████| 13/13 [00:03<00:00,  3.68it/s]

  0%|          | 0/13 [00:00<?, ?it/s]
  8%|▊         | 1/13 [00:02<00:30,  2.58s/it]
 23%|██▎       | 3/13 [00:02<00:07,  1.37it/s]
 38%|███▊      | 5/13 [00:02<00:03,  2.51it/s]
 54%|█████▍    | 7/13 [00:03<00:01,  3.75it/s]
 69%|██████▉   | 9/13 [00:03<00:00,  5.03it/s]
 85%|████████▍ | 11/13 [00:05<00:01,  1.82it/s]
100%|██████████| 13/13 [00:05<00:00,  2.53it/s]
100%|██████████| 13/13 [00:05<00:00,  2.23it/s]

  0%|          | 0/13 [00:00<?, ?it/s]
  8%|▊         | 1/13 [00:00<00:02,  4.19it/s]
 23%|██▎       | 3/13 [00:00<00:01,  7.95it/s]
 31%|███       | 4/13 [00:02<00:08,  1.10it/s]
 46%|████▌     | 6/13 [00:02<00:03,  2.00it/s]
 62%|██████▏   | 8/13 [00:03<00:01,  3.07it/s]
 77%|███████▋  | 10/13 [00:03<00:00,  4.22it/s]
 92%|█████████▏| 12/13 [00:03<00:00,  5.37it/s]
100%|██████████| 13/13 [00:03<00:00,  3.63it/s]

  0%|          | 0/13 [00:00<?, ?it/s]
  8%|▊         | 1/13 [00:00<00:02,  4.37it/s]
 23%|██▎       | 3/13 [00:00<00:01,  8.13it/s]
 38%|███▊      | 5/13 [00:00<00:00,  9.60it/s]
 54%|█████▍    | 7/13 [00:03<00:03,  1.72it/s]
 62%|██████▏   | 8/13 [00:03<00:02,  2.12it/s]
 77%|███████▋  | 10/13 [00:03<00:00,  3.17it/s]
 92%|█████████▏| 12/13 [00:03<00:00,  4.31it/s]
100%|██████████| 13/13 [00:03<00:00,  3.65it/s]

  0%|          | 0/13 [00:00<?, ?it/s]
  8%|▊         | 1/13 [00:02<00:29,  2.46s/it]
 23%|██▎       | 3/13 [00:02<00:07,  1.43it/s]
 38%|███▊      | 5/13 [00:02<00:03,  2.61it/s]
 54%|█████▍    | 7/13 [00:02<00:01,  3.90it/s]
 69%|██████▉   | 9/13 [00:03<00:00,  5.19it/s]
 85%|████████▍ | 11/13 [00:03<00:00,  6.36it/s]
100%|██████████| 13/13 [00:05<00:00,  1.96it/s]
100%|██████████| 13/13 [00:05<00:00,  2.26it/s]

  0%|          | 0/13 [00:00<?, ?it/s]
  8%|▊         | 1/13 [00:00<00:02,  4.32it/s]
 23%|██▎       | 3/13 [00:00<00:01,  8.09it/s]
 38%|███▊      | 5/13 [00:00<00:00,  9.46it/s]
 54%|█████▍    | 7/13 [00:03<00:03,  1.71it/s]
 69%|██████▉   | 9/13 [00:03<00:01,  2.53it/s]
 85%|████████▍ | 11/13 [00:03<00:00,  3.49it/s]
100%|██████████| 13/13 [00:03<00:00,  4.52it/s]
100%|██████████| 13/13 [00:03<00:00,  3.64it/s]

  0%|          | 0/13 [00:00<?, ?it/s]
  8%|▊         | 1/13 [00:02<00:29,  2.48s/it]
 23%|██▎       | 3/13 [00:02<00:07,  1.42it/s]
 38%|███▊      | 5/13 [00:02<00:03,  2.61it/s]
 54%|█████▍    | 7/13 [00:02<00:01,  3.88it/s]
 69%|██████▉   | 9/13 [00:03<00:00,  5.13it/s]
 85%|████████▍ | 11/13 [00:03<00:00,  6.25it/s]
100%|██████████| 13/13 [00:05<00:00,  1.94it/s]
100%|██████████| 13/13 [00:05<00:00,  2.24it/s]

  0%|          | 0/13 [00:00<?, ?it/s]
  8%|▊         | 1/13 [00:00<00:03,  3.77it/s]
 23%|██▎       | 3/13 [00:00<00:01,  7.66it/s]
 38%|███▊      | 5/13 [00:02<00:05,  1.49it/s]
 46%|████▌     | 6/13 [00:02<00:03,  1.87it/s]
 54%|█████▍    | 7/13 [00:03<00:02,  2.41it/s]
 69%|██████▉   | 9/13 [00:03<00:01,  3.71it/s]
 85%|████████▍ | 11/13 [00:03<00:00,  5.02it/s]
100%|██████████| 13/13 [00:03<00:00,  6.31it/s]
100%|██████████| 13/13 [00:03<00:00,  3.63it/s]

  0%|          | 0/13 [00:00<?, ?it/s]
  8%|▊         | 1/13 [00:00<00:03,  3.92it/s]
 23%|██▎       | 3/13 [00:00<00:01,  7.54it/s]
 38%|███▊      | 5/13 [00:00<00:00,  9.12it/s]
 54%|█████▍    | 7/13 [00:00<00:00,  9.84it/s]
 69%|██████▉   | 9/13 [00:03<00:02,  1.93it/s]
 77%|███████▋  | 10/13 [00:03<00:01,  2.32it/s]
 92%|█████████▏| 12/13 [00:03<00:00,  3.32it/s]
100%|██████████| 13/13 [00:03<00:00,  3.64it/s]

  0%|          | 0/13 [00:00<?, ?it/s]
  8%|▊         | 1/13 [00:00<00:02,  4.16it/s]
 15%|█▌        | 2/13 [00:02<00:17,  1.55s/it]
 23%|██▎       | 3/13 [00:02<00:08,  1.12it/s]
 38%|███▊      | 5/13 [00:02<00:03,  2.30it/s]
 54%|█████▍    | 7/13 [00:03<00:01,  3.60it/s]
 69%|██████▉   | 9/13 [00:03<00:00,  4.92it/s]
 85%|████████▍ | 11/13 [00:03<00:00,  6.16it/s]
100%|██████████| 13/13 [00:05<00:00,  1.93it/s]
100%|██████████| 13/13 [00:05<00:00,  2.19it/s]

  0%|          | 0/13 [00:00<?, ?it/s]
  8%|▊         | 1/13 [00:00<00:02,  4.36it/s]
 23%|██▎       | 3/13 [00:00<00:01,  8.06it/s]
 38%|███▊      | 5/13 [00:02<00:05,  1.50it/s]
 46%|████▌     | 6/13 [00:03<00:03,  1.80it/s]
 62%|██████▏   | 8/13 [00:03<00:01,  2.83it/s]
 77%|███████▋  | 10/13 [00:03<00:00,  3.95it/s]
 92%|█████████▏| 12/13 [00:03<00:00,  5.09it/s]
100%|██████████| 13/13 [00:03<00:00,  3.55it/s]

  0%|          | 0/13 [00:00<?, ?it/s]
  8%|▊         | 1/13 [00:00<00:03,  3.84it/s]
 23%|██▎       | 3/13 [00:00<00:01,  7.69it/s]
 38%|███▊      | 5/13 [00:00<00:00,  9.23it/s]
 54%|█████▍    | 7/13 [00:00<00:00,  9.80it/s]
 69%|██████▉   | 9/13 [00:03<00:02,  1.92it/s]
 85%|████████▍ | 11/13 [00:03<00:00,  2.72it/s]
100%|██████████| 13/13 [00:03<00:00,  3.67it/s]
100%|██████████| 13/13 [00:03<00:00,  3.66it/s]

  0%|          | 0/13 [00:00<?, ?it/s]
  8%|▊         | 1/13 [00:00<00:02,  4.31it/s]
 15%|█▌        | 2/13 [00:02<00:15,  1.41s/it]
 23%|██▎       | 3/13 [00:02<00:08,  1.22it/s]
 38%|███▊      | 5/13 [00:02<00:03,  2.49it/s]
 54%|█████▍    | 7/13 [00:02<00:01,  3.85it/s]
 69%|██████▉   | 9/13 [00:03<00:00,  5.21it/s]
 85%|████████▍ | 11/13 [00:03<00:00,  6.41it/s]
100%|██████████| 13/13 [00:03<00:00,  7.40it/s]
100%|██████████| 13/13 [00:03<00:00,  3.76it/s]

  0%|          | 0/13 [00:00<?, ?it/s]
  8%|▊         | 1/13 [00:00<00:02,  4.32it/s]
 23%|██▎       | 3/13 [00:00<00:01,  8.12it/s]
 38%|███▊      | 5/13 [00:00<00:00,  9.31it/s]
 54%|█████▍    | 7/13 [00:00<00:00,  9.94it/s]
 69%|██████▉   | 9/13 [00:03<00:02,  1.98it/s]
 85%|████████▍ | 11/13 [00:03<00:00,  2.80it/s]
100%|██████████| 13/13 [00:03<00:00,  3.75it/s]
100%|██████████| 13/13 [00:03<00:00,  3.76it/s]

  0%|          | 0/13 [00:00<?, ?it/s]
  8%|▊         | 1/13 [00:02<00:31,  2.62s/it]
 15%|█▌        | 2/13 [00:02<00:12,  1.15s/it]
 31%|███       | 4/13 [00:02<00:04,  2.07it/s]
 46%|████▌     | 6/13 [00:03<00:02,  3.39it/s]
 62%|██████▏   | 8/13 [00:03<00:01,  4.75it/s]
 77%|███████▋  | 10/13 [00:03<00:00,  6.07it/s]
 92%|█████████▏| 12/13 [00:05<00:00,  1.89it/s]
100%|██████████| 13/13 [00:06<00:00,  2.22it/s]
100%|██████████| 13/13 [00:06<00:00,  2.16it/s]

  0%|          | 0/13 [00:00<?, ?it/s]
  8%|▊         | 1/13 [00:00<00:02,  4.38it/s]
 23%|██▎       | 3/13 [00:00<00:01,  8.13it/s]
 31%|███       | 4/13 [00:02<00:07,  1.17it/s]
 38%|███▊      | 5/13 [00:02<00:04,  1.64it/s]
 46%|████▌     | 6/13 [00:02<00:03,  2.24it/s]
 62%|██████▏   | 8/13 [00:03<00:01,  3.65it/s]
 77%|███████▋  | 10/13 [00:03<00:00,  5.06it/s]
 92%|█████████▏| 12/13 [00:03<00:00,  6.38it/s]
100%|██████████| 13/13 [00:03<00:00,  3.75it/s]

  0%|          | 0/13 [00:00<?, ?it/s]
  8%|▊         | 1/13 [00:00<00:03,  3.64it/s]
 23%|██▎       | 3/13 [00:00<00:01,  7.51it/s]
 38%|███▊      | 5/13 [00:00<00:00,  9.09it/s]
 54%|█████▍    | 7/13 [00:00<00:00,  9.92it/s]
 69%|██████▉   | 9/13 [00:03<00:02,  1.98it/s]
 77%|███████▋  | 10/13 [00:03<00:01,  2.34it/s]
 92%|█████████▏| 12/13 [00:03<00:00,  3.36it/s]
100%|██████████| 13/13 [00:03<00:00,  3.68it/s]

  0%|          | 0/13 [00:00<?, ?it/s]
  8%|▊         | 1/13 [00:00<00:02,  4.37it/s]
 23%|██▎       | 3/13 [00:02<00:09,  1.05it/s]
 38%|███▊      | 5/13 [00:02<00:04,  1.98it/s]
 54%|█████▍    | 7/13 [00:02<00:01,  3.06it/s]
 69%|██████▉   | 9/13 [00:03<00:00,  4.24it/s]
 85%|████████▍ | 11/13 [00:03<00:00,  5.46it/s]
100%|██████████| 13/13 [00:03<00:00,  6.60it/s]
100%|██████████| 13/13 [00:03<00:00,  3.72it/s]

  0%|          | 0/13 [00:00<?, ?it/s]
  8%|▊         | 1/13 [00:00<00:02,  4.11it/s]
 23%|██▎       | 3/13 [00:00<00:01,  7.98it/s]
 38%|███▊      | 5/13 [00:00<00:00,  9.52it/s]
 54%|█████▍    | 7/13 [00:00<00:00, 10.11it/s]
 69%|██████▉   | 9/13 [00:03<00:02,  1.96it/s]
 85%|████████▍ | 11/13 [00:03<00:00,  2.76it/s]
100%|██████████| 13/13 [00:03<00:00,  3.70it/s]
100%|██████████| 13/13 [00:03<00:00,  3.72it/s]

  0%|          | 0/13 [00:00<?, ?it/s]
  8%|▊         | 1/13 [00:02<00:29,  2.47s/it]
 15%|█▌        | 2/13 [00:02<00:11,  1.09s/it]
 31%|███       | 4/13 [00:02<00:04,  2.19it/s]
 46%|████▌     | 6/13 [00:02<00:01,  3.54it/s]
 62%|██████▏   | 8/13 [00:03<00:01,  4.87it/s]
 77%|███████▋  | 10/13 [00:03<00:00,  6.20it/s]
 92%|█████████▏| 12/13 [00:05<00:00,  1.95it/s]
100%|██████████| 13/13 [00:05<00:00,  2.32it/s]
100%|██████████| 13/13 [00:05<00:00,  2.26it/s]

  0%|          | 0/13 [00:00<?, ?it/s]
  8%|▊         | 1/13 [00:00<00:02,  4.35it/s]
 23%|██▎       | 3/13 [00:00<00:01,  8.15it/s]
 38%|███▊      | 5/13 [00:02<00:05,  1.51it/s]
 54%|█████▍    | 7/13 [00:02<00:02,  2.38it/s]
 69%|██████▉   | 9/13 [00:03<00:01,  3.40it/s]
 85%|████████▍ | 11/13 [00:03<00:00,  4.52it/s]
100%|██████████| 13/13 [00:03<00:00,  5.68it/s]
100%|██████████| 13/13 [00:03<00:00,  3.78it/s]

  0%|          | 0/13 [00:00<?, ?it/s]
  8%|▊         | 1/13 [00:00<00:03,  3.75it/s]
 23%|██▎       | 3/13 [00:00<00:01,  7.59it/s]
 38%|███▊      | 5/13 [00:00<00:00,  9.29it/s]
 54%|█████▍    | 7/13 [00:00<00:00, 10.08it/s]
 69%|██████▉   | 9/13 [00:00<00:00, 10.52it/s]
 85%|████████▍ | 11/13 [00:03<00:00,  2.09it/s]
100%|██████████| 13/13 [00:03<00:00,  2.89it/s]
100%|██████████| 13/13 [00:03<00:00,  3.72it/s]

  0%|          | 0/13 [00:00<?, ?it/s]
  8%|▊         | 1/13 [00:00<00:02,  4.32it/s]
 23%|██▎       | 3/13 [00:00<00:01,  7.97it/s]
 31%|███       | 4/13 [00:02<00:07,  1.14it/s]
 46%|████▌     | 6/13 [00:02<00:03,  2.05it/s]
 62%|██████▏   | 8/13 [00:03<00:01,  3.13it/s]
 77%|███████▋  | 10/13 [00:03<00:00,  4.30it/s]
 92%|█████████▏| 12/13 [00:03<00:00,  5.46it/s]
100%|██████████| 13/13 [00:03<00:00,  3.72it/s]

  0%|          | 0/13 [00:00<?, ?it/s]
  8%|▊         | 1/13 [00:00<00:03,  3.73it/s]
 23%|██▎       | 3/13 [00:00<00:01,  7.51it/s]
 38%|███▊      | 5/13 [00:00<00:00,  9.13it/s]
 54%|█████▍    | 7/13 [00:00<00:00,  9.90it/s]
 69%|██████▉   | 9/13 [00:03<00:02,  1.99it/s]
 77%|███████▋  | 10/13 [00:03<00:01,  2.39it/s]
 92%|█████████▏| 12/13 [00:03<00:00,  3.42it/s]
100%|██████████| 13/13 [00:03<00:00,  3.73it/s]

  0%|          | 0/13 [00:00<?, ?it/s]
  8%|▊         | 1/13 [00:00<00:02,  4.35it/s]
 23%|██▎       | 3/13 [00:02<00:09,  1.06it/s]
 31%|███       | 4/13 [00:02<00:05,  1.53it/s]
 46%|████▌     | 6/13 [00:02<00:02,  2.69it/s]
 62%|██████▏   | 8/13 [00:03<00:01,  3.93it/s]
 77%|███████▋  | 10/13 [00:03<00:00,  5.22it/s]
 92%|█████████▏| 12/13 [00:03<00:00,  6.45it/s]
100%|██████████| 13/13 [00:05<00:00,  2.29it/s]

  0%|          | 0/13 [00:00<?, ?it/s]
  8%|▊         | 1/13 [00:00<00:02,  4.37it/s]
 23%|██▎       | 3/13 [00:00<00:01,  8.21it/s]
 38%|███▊      | 5/13 [00:00<00:00,  9.59it/s]
 54%|█████▍    | 7/13 [00:02<00:03,  1.77it/s]
 69%|██████▉   | 9/13 [00:03<00:01,  2.58it/s]
 85%|████████▍ | 11/13 [00:03<00:00,  3.56it/s]
100%|██████████| 13/13 [00:03<00:00,  4.62it/s]
100%|██████████| 13/13 [00:03<00:00,  3.73it/s]

  0%|          | 0/13 [00:00<?, ?it/s]
  8%|▊         | 1/13 [00:02<00:30,  2.51s/it]
 15%|█▌        | 2/13 [00:02<00:11,  1.09s/it]
 31%|███       | 4/13 [00:02<00:04,  2.17it/s]
 46%|████▌     | 6/13 [00:02<00:01,  3.53it/s]
 62%|██████▏   | 8/13 [00:03<00:01,  4.83it/s]
 77%|███████▋  | 10/13 [00:03<00:00,  6.08it/s]
 92%|█████████▏| 12/13 [00:05<00:00,  1.92it/s]
100%|██████████| 13/13 [00:05<00:00,  2.24it/s]

  0%|          | 0/13 [00:00<?, ?it/s]
  8%|▊         | 1/13 [00:00<00:02,  4.27it/s]
 23%|██▎       | 3/13 [00:00<00:01,  7.92it/s]
 38%|███▊      | 5/13 [00:02<00:05,  1.49it/s]
 54%|█████▍    | 7/13 [00:02<00:02,  2.36it/s]
 69%|██████▉   | 9/13 [00:03<00:01,  3.38it/s]
 85%|████████▍ | 11/13 [00:03<00:00,  4.48it/s]
100%|██████████| 13/13 [00:03<00:00,  5.61it/s]
100%|██████████| 13/13 [00:03<00:00,  3.74it/s]

  0%|          | 0/13 [00:00<?, ?it/s]
  8%|▊         | 1/13 [00:02<00:29,  2.45s/it]
 23%|██▎       | 3/13 [00:02<00:07,  1.43it/s]
 38%|███▊      | 5/13 [00:02<00:03,  2.58it/s]
 54%|█████▍    | 7/13 [00:02<00:01,  3.82it/s]
 69%|██████▉   | 9/13 [00:05<00:02,  1.64it/s]
 77%|███████▋  | 10/13 [00:05<00:01,  1.99it/s]
 92%|█████████▏| 12/13 [00:05<00:00,  2.91it/s]
100%|██████████| 13/13 [00:05<00:00,  2.27it/s]

  0%|          | 0/13 [00:00<?, ?it/s]
  8%|▊         | 1/13 [00:00<00:02,  4.14it/s]
 23%|██▎       | 3/13 [00:02<00:09,  1.05it/s]
 38%|███▊      | 5/13 [00:02<00:04,  1.98it/s]
 54%|█████▍    | 7/13 [00:02<00:01,  3.06it/s]
 69%|██████▉   | 9/13 [00:03<00:00,  4.23it/s]
 85%|████████▍ | 11/13 [00:03<00:00,  5.41it/s]
100%|██████████| 13/13 [00:03<00:00,  6.56it/s]
100%|██████████| 13/13 [00:03<00:00,  3.71it/s]

  0%|          | 0/13 [00:00<?, ?it/s]
  8%|▊         | 1/13 [00:00<00:02,  4.28it/s]
 23%|██▎       | 3/13 [00:00<00:01,  8.02it/s]
 38%|███▊      | 5/13 [00:00<00:00,  9.34it/s]
 54%|█████▍    | 7/13 [00:00<00:00, 10.06it/s]
 69%|██████▉   | 9/13 [00:03<00:02,  1.98it/s]
 85%|████████▍ | 11/13 [00:03<00:00,  2.79it/s]
100%|██████████| 13/13 [00:03<00:00,  3.73it/s]
100%|██████████| 13/13 [00:03<00:00,  3.75it/s]

  0%|          | 0/13 [00:00<?, ?it/s]
  8%|▊         | 1/13 [00:02<00:29,  2.43s/it]
 15%|█▌        | 2/13 [00:02<00:11,  1.07s/it]
 31%|███       | 4/13 [00:02<00:04,  2.23it/s]
 46%|████▌     | 6/13 [00:02<00:01,  3.62it/s]
 62%|██████▏   | 8/13 [00:03<00:01,  4.94it/s]
 77%|███████▋  | 10/13 [00:03<00:00,  6.13it/s]
 92%|█████████▏| 12/13 [00:05<00:00,  1.97it/s]
100%|██████████| 13/13 [00:05<00:00,  2.31it/s]
100%|██████████| 13/13 [00:05<00:00,  2.28it/s]

  0%|          | 0/13 [00:00<?, ?it/s]
  8%|▊         | 1/13 [00:00<00:02,  4.13it/s]
 23%|██▎       | 3/13 [00:00<00:01,  7.91it/s]
 38%|███▊      | 5/13 [00:00<00:00,  9.29it/s]
 46%|████▌     | 6/13 [00:02<00:04,  1.46it/s]
 62%|██████▏   | 8/13 [00:03<00:02,  2.34it/s]
 77%|███████▋  | 10/13 [00:03<00:00,  3.39it/s]
 92%|█████████▏| 12/13 [00:03<00:00,  4.49it/s]
100%|██████████| 13/13 [00:03<00:00,  3.75it/s]

  0%|          | 0/13 [00:00<?, ?it/s]
  8%|▊         | 1/13 [00:02<00:29,  2.44s/it]
 23%|██▎       | 3/13 [00:02<00:06,  1.44it/s]
 38%|███▊      | 5/13 [00:02<00:03,  2.62it/s]
 54%|█████▍    | 7/13 [00:02<00:01,  3.89it/s]
 69%|██████▉   | 9/13 [00:03<00:00,  5.18it/s]
 85%|████████▍ | 11/13 [00:05<00:01,  1.87it/s]
 92%|█████████▏| 12/13 [00:05<00:00,  2.21it/s]
100%|██████████| 13/13 [00:05<00:00,  2.29it/s]

  0%|          | 0/13 [00:00<?, ?it/s]
  8%|▊         | 1/13 [00:00<00:02,  4.39it/s]
 23%|██▎       | 3/13 [00:00<00:01,  8.29it/s]
 31%|███       | 4/13 [00:02<00:07,  1.16it/s]
 46%|████▌     | 6/13 [00:02<00:03,  2.09it/s]
 62%|██████▏   | 8/13 [00:03<00:01,  3.18it/s]
 77%|███████▋  | 10/13 [00:03<00:00,  4.36it/s]
 92%|█████████▏| 12/13 [00:03<00:00,  5.47it/s]
100%|██████████| 13/13 [00:03<00:00,  3.76it/s]
[550/750] Rococo__Rococo__carl-ludwig-johann-christineck_portrait-of-paul-of-russia-dressed-as-chevalier-of-the-order-of-st-andrew-1760__to__Rococo.png  dt=3.66s  elapsed=21.7m  eta=7.9m

  0%|          | 0/13 [00:00<?, ?it/s]
  8%|▊         | 1/13 [00:00<00:03,  3.44it/s]
 23%|██▎       | 3/13 [00:00<00:01,  7.31it/s]
 38%|███▊      | 5/13 [00:00<00:00,  9.00it/s]
 54%|█████▍    | 7/13 [00:00<00:00,  9.96it/s]
 69%|██████▉   | 9/13 [00:03<00:02,  1.98it/s]
 77%|███████▋  | 10/13 [00:03<00:01,  2.37it/s]
 85%|████████▍ | 11/13 [00:03<00:00,  2.87it/s]
100%|██████████| 13/13 [00:03<00:00,  4.11it/s]
100%|██████████| 13/13 [00:03<00:00,  3.67it/s]

  0%|          | 0/13 [00:00<?, ?it/s]
  8%|▊         | 1/13 [00:00<00:02,  4.28it/s]
 23%|██▎       | 3/13 [00:02<00:09,  1.08it/s]
 31%|███       | 4/13 [00:02<00:05,  1.54it/s]
 46%|████▌     | 6/13 [00:02<00:02,  2.70it/s]
 62%|██████▏   | 8/13 [00:03<00:01,  3.95it/s]
 77%|███████▋  | 10/13 [00:03<00:00,  5.22it/s]
 92%|█████████▏| 12/13 [00:03<00:00,  6.38it/s]
100%|██████████| 13/13 [00:03<00:00,  3.71it/s]

  0%|          | 0/13 [00:00<?, ?it/s]
  8%|▊         | 1/13 [00:00<00:02,  4.31it/s]
 23%|██▎       | 3/13 [00:00<00:01,  8.08it/s]
 38%|███▊      | 5/13 [00:00<00:00,  9.52it/s]
 54%|█████▍    | 7/13 [00:02<00:03,  1.81it/s]
 69%|██████▉   | 9/13 [00:03<00:01,  2.59it/s]
 85%|████████▍ | 11/13 [00:03<00:00,  3.56it/s]
100%|██████████| 13/13 [00:03<00:00,  4.62it/s]
100%|██████████| 13/13 [00:03<00:00,  3.75it/s]

  0%|          | 0/13 [00:00<?, ?it/s]
  8%|▊         | 1/13 [00:02<00:30,  2.56s/it]
 23%|██▎       | 3/13 [00:02<00:07,  1.37it/s]
 38%|███▊      | 5/13 [00:02<00:03,  2.48it/s]
 54%|█████▍    | 7/13 [00:03<00:01,  3.67it/s]
 69%|██████▉   | 9/13 [00:03<00:00,  4.89it/s]
 77%|███████▋  | 10/13 [00:05<00:02,  1.50it/s]
 92%|█████████▏| 12/13 [00:05<00:00,  2.22it/s]
100%|██████████| 13/13 [00:05<00:00,  2.18it/s]

  0%|          | 0/13 [00:00<?, ?it/s]
  8%|▊         | 1/13 [00:02<00:30,  2.51s/it]
 23%|██▎       | 3/13 [00:02<00:07,  1.39it/s]
 38%|███▊      | 5/13 [00:02<00:03,  2.51it/s]
 54%|█████▍    | 7/13 [00:03<00:01,  3.71it/s]
 69%|██████▉   | 9/13 [00:03<00:00,  4.89it/s]
 85%|████████▍ | 11/13 [00:05<00:01,  1.76it/s]
100%|██████████| 13/13 [00:05<00:00,  2.44it/s]
100%|██████████| 13/13 [00:05<00:00,  2.19it/s]

  0%|          | 0/13 [00:00<?, ?it/s]
  8%|▊         | 1/13 [00:00<00:03,  3.77it/s]
 15%|█▌        | 2/13 [00:02<00:16,  1.46s/it]
 23%|██▎       | 3/13 [00:02<00:08,  1.14it/s]
 38%|███▊      | 5/13 [00:02<00:03,  2.31it/s]
 54%|█████▍    | 7/13 [00:03<00:01,  3.53it/s]
 69%|██████▉   | 9/13 [00:03<00:00,  4.77it/s]
 85%|████████▍ | 11/13 [00:05<00:01,  1.76it/s]
 92%|█████████▏| 12/13 [00:05<00:00,  2.10it/s]
100%|██████████| 13/13 [00:05<00:00,  2.18it/s]

  0%|          | 0/13 [00:00<?, ?it/s]
  8%|▊         | 1/13 [00:00<00:03,  3.85it/s]
 23%|██▎       | 3/13 [00:02<00:09,  1.04it/s]
 38%|███▊      | 5/13 [00:02<00:04,  1.94it/s]
 54%|█████▍    | 7/13 [00:03<00:02,  2.97it/s]
 69%|██████▉   | 9/13 [00:03<00:00,  4.07it/s]
 85%|████████▍ | 11/13 [00:03<00:00,  5.15it/s]
100%|██████████| 13/13 [00:05<00:00,  1.86it/s]
100%|██████████| 13/13 [00:05<00:00,  2.21it/s]

  0%|          | 0/13 [00:00<?, ?it/s]
  8%|▊         | 1/13 [00:00<00:03,  3.75it/s]
 23%|██▎       | 3/13 [00:00<00:01,  7.24it/s]
 38%|███▊      | 5/13 [00:02<00:05,  1.40it/s]
 54%|█████▍    | 7/13 [00:03<00:02,  2.21it/s]
 69%|██████▉   | 9/13 [00:03<00:01,  3.17it/s]
 85%|████████▍ | 11/13 [00:03<00:00,  4.20it/s]
100%|██████████| 13/13 [00:03<00:00,  5.21it/s]
100%|██████████| 13/13 [00:03<00:00,  3.49it/s]

  0%|          | 0/13 [00:00<?, ?it/s]
  8%|▊         | 1/13 [00:00<00:03,  3.73it/s]
 23%|██▎       | 3/13 [00:00<00:01,  7.13it/s]
 38%|███▊      | 5/13 [00:00<00:00,  8.42it/s]
 46%|████▌     | 6/13 [00:03<00:05,  1.38it/s]
 62%|██████▏   | 8/13 [00:03<00:02,  2.21it/s]
 77%|███████▋  | 10/13 [00:03<00:00,  3.17it/s]
 92%|█████████▏| 12/13 [00:03<00:00,  4.20it/s]
100%|██████████| 13/13 [00:03<00:00,  3.51it/s]

  0%|          | 0/13 [00:00<?, ?it/s]
  8%|▊         | 1/13 [00:00<00:04,  2.78it/s]
 23%|██▎       | 3/13 [00:00<00:01,  6.19it/s]
 38%|███▊      | 5/13 [00:00<00:01,  7.82it/s]
 54%|█████▍    | 7/13 [00:00<00:00,  8.67it/s]
 62%|██████▏   | 8/13 [00:03<00:03,  1.51it/s]
 77%|███████▋  | 10/13 [00:03<00:01,  2.31it/s]
 92%|█████████▏| 12/13 [00:03<00:00,  3.23it/s]
100%|██████████| 13/13 [00:03<00:00,  3.37it/s]

  0%|          | 0/13 [00:00<?, ?it/s]
  8%|▊         | 1/13 [00:00<00:04,  2.66it/s]
 23%|██▎       | 3/13 [00:00<00:01,  5.90it/s]
 38%|███▊      | 5/13 [00:00<00:01,  7.50it/s]
 46%|████▌     | 6/13 [00:00<00:00,  7.99it/s]
 54%|█████▍    | 7/13 [00:03<00:04,  1.35it/s]
 69%|██████▉   | 9/13 [00:03<00:01,  2.20it/s]
 85%|████████▍ | 11/13 [00:03<00:00,  3.19it/s]
100%|██████████| 13/13 [00:03<00:00,  4.22it/s]
100%|██████████| 13/13 [00:03<00:00,  3.44it/s]

  0%|          | 0/13 [00:00<?, ?it/s]
  8%|▊         | 1/13 [00:02<00:33,  2.79s/it]
 15%|█▌        | 2/13 [00:02<00:13,  1.22s/it]
 31%|███       | 4/13 [00:03<00:04,  1.95it/s]
 38%|███▊      | 5/13 [00:03<00:03,  2.59it/s]
 46%|████▌     | 6/13 [00:05<00:07,  1.01s/it]
 62%|██████▏   | 8/13 [00:05<00:02,  1.71it/s]
 77%|███████▋  | 10/13 [00:06<00:01,  2.57it/s]
 85%|████████▍ | 11/13 [00:06<00:00,  3.08it/s]
 92%|█████████▏| 12/13 [00:06<00:00,  3.69it/s]
100%|██████████| 13/13 [00:06<00:00,  4.40it/s]
100%|██████████| 13/13 [00:06<00:00,  2.06it/s]

  0%|          | 0/13 [00:00<?, ?it/s]
  8%|▊         | 1/13 [00:00<00:04,  2.88it/s]
 23%|██▎       | 3/13 [00:00<00:01,  6.22it/s]
 38%|███▊      | 5/13 [00:00<00:01,  7.86it/s]
 54%|█████▍    | 7/13 [00:00<00:00,  8.77it/s]
 62%|██████▏   | 8/13 [00:03<00:03,  1.53it/s]
 77%|███████▋  | 10/13 [00:03<00:01,  2.32it/s]
 92%|█████████▏| 12/13 [00:03<00:00,  3.24it/s]
100%|██████████| 13/13 [00:03<00:00,  3.39it/s]

  0%|          | 0/13 [00:00<?, ?it/s]
  8%|▊         | 1/13 [00:02<00:31,  2.64s/it]
 23%|██▎       | 3/13 [00:02<00:07,  1.32it/s]
 38%|███▊      | 5/13 [00:03<00:03,  2.39it/s]
 54%|█████▍    | 7/13 [00:03<00:01,  3.54it/s]
 62%|██████▏   | 8/13 [00:05<00:03,  1.31it/s]
 77%|███████▋  | 10/13 [00:05<00:01,  2.02it/s]
 92%|█████████▏| 12/13 [00:05<00:00,  2.84it/s]
100%|██████████| 13/13 [00:06<00:00,  2.14it/s]

  0%|          | 0/13 [00:00<?, ?it/s]
  8%|▊         | 1/13 [00:02<00:31,  2.66s/it]
 23%|██▎       | 3/13 [00:02<00:07,  1.32it/s]
 38%|███▊      | 5/13 [00:03<00:03,  2.39it/s]
 54%|█████▍    | 7/13 [00:05<00:04,  1.27it/s]
 69%|██████▉   | 9/13 [00:05<00:02,  1.90it/s]
 85%|████████▍ | 11/13 [00:06<00:00,  2.66it/s]
100%|██████████| 13/13 [00:06<00:00,  3.52it/s]
100%|██████████| 13/13 [00:06<00:00,  2.10it/s]

  0%|          | 0/13 [00:00<?, ?it/s]
  8%|▊         | 1/13 [00:00<00:03,  3.60it/s]
 23%|██▎       | 3/13 [00:00<00:01,  6.96it/s]
 38%|███▊      | 5/13 [00:00<00:01,  7.96it/s]
 54%|█████▍    | 7/13 [00:00<00:00,  8.82it/s]
 62%|██████▏   | 8/13 [00:03<00:03,  1.58it/s]
 77%|███████▋  | 10/13 [00:03<00:01,  2.36it/s]
 92%|█████████▏| 12/13 [00:03<00:00,  3.28it/s]
100%|██████████| 13/13 [00:03<00:00,  3.48it/s]

  0%|          | 0/13 [00:00<?, ?it/s]
  8%|▊         | 1/13 [00:02<00:30,  2.57s/it]
 23%|██▎       | 3/13 [00:02<00:07,  1.36it/s]
 38%|███▊      | 5/13 [00:02<00:03,  2.46it/s]
 54%|█████▍    | 7/13 [00:03<00:01,  3.65it/s]
 69%|██████▉   | 9/13 [00:05<00:02,  1.58it/s]
 85%|████████▍ | 11/13 [00:05<00:00,  2.26it/s]
100%|██████████| 13/13 [00:05<00:00,  3.05it/s]
100%|██████████| 13/13 [00:05<00:00,  2.18it/s]

  0%|          | 0/13 [00:00<?, ?it/s]
  8%|▊         | 1/13 [00:02<00:32,  2.69s/it]
 23%|██▎       | 3/13 [00:02<00:07,  1.30it/s]
 31%|███       | 4/13 [00:02<00:04,  1.87it/s]
 46%|████▌     | 6/13 [00:03<00:02,  3.13it/s]
 54%|█████▍    | 7/13 [00:03<00:01,  3.82it/s]
 62%|██████▏   | 8/13 [00:03<00:01,  4.58it/s]
 69%|██████▉   | 9/13 [00:05<00:03,  1.19it/s]
 85%|████████▍ | 11/13 [00:05<00:01,  1.98it/s]
100%|██████████| 13/13 [00:06<00:00,  2.90it/s]
100%|██████████| 13/13 [00:06<00:00,  2.11it/s]

  0%|          | 0/13 [00:00<?, ?it/s]
  8%|▊         | 1/13 [00:02<00:31,  2.59s/it]
 23%|██▎       | 3/13 [00:02<00:07,  1.35it/s]
 38%|███▊      | 5/13 [00:02<00:03,  2.46it/s]
 54%|█████▍    | 7/13 [00:03<00:01,  3.62it/s]
 69%|██████▉   | 9/13 [00:03<00:00,  4.75it/s]
 77%|███████▋  | 10/13 [00:05<00:02,  1.49it/s]
 92%|█████████▏| 12/13 [00:05<00:00,  2.21it/s]
100%|██████████| 13/13 [00:06<00:00,  2.16it/s]

  0%|          | 0/13 [00:00<?, ?it/s]
  8%|▊         | 1/13 [00:00<00:03,  3.79it/s]
 15%|█▌        | 2/13 [00:02<00:16,  1.48s/it]
 31%|███       | 4/13 [00:02<00:05,  1.64it/s]
 46%|████▌     | 6/13 [00:02<00:02,  2.72it/s]
 54%|█████▍    | 7/13 [00:03<00:01,  3.32it/s]
 62%|██████▏   | 8/13 [00:03<00:01,  4.03it/s]
 69%|██████▉   | 9/13 [00:03<00:00,  4.82it/s]
 77%|███████▋  | 10/13 [00:03<00:00,  5.63it/s]
 85%|████████▍ | 11/13 [00:05<00:01,  1.19it/s]
100%|██████████| 13/13 [00:06<00:00,  1.99it/s]
100%|██████████| 13/13 [00:06<00:00,  2.15it/s]

  0%|          | 0/13 [00:00<?, ?it/s]
  8%|▊         | 1/13 [00:00<00:03,  3.89it/s]
 15%|█▌        | 2/13 [00:02<00:16,  1.46s/it]
 31%|███       | 4/13 [00:02<00:05,  1.66it/s]
 38%|███▊      | 5/13 [00:02<00:03,  2.24it/s]
 46%|████▌     | 6/13 [00:02<00:02,  2.93it/s]
 62%|██████▏   | 8/13 [00:03<00:01,  4.40it/s]
 77%|███████▋  | 10/13 [00:03<00:00,  5.67it/s]
 85%|████████▍ | 11/13 [00:05<00:01,  1.51it/s]
100%|██████████| 13/13 [00:05<00:00,  2.27it/s]
100%|██████████| 13/13 [00:05<00:00,  2.21it/s]

  0%|          | 0/13 [00:00<?, ?it/s]
  8%|▊         | 1/13 [00:00<00:03,  3.51it/s]
 15%|█▌        | 2/13 [00:02<00:16,  1.49s/it]
 31%|███       | 4/13 [00:02<00:05,  1.63it/s]
 46%|████▌     | 6/13 [00:02<00:02,  2.73it/s]
 62%|██████▏   | 8/13 [00:03<00:01,  3.86it/s]
 69%|██████▉   | 9/13 [00:03<00:00,  4.42it/s]
 85%|████████▍ | 11/13 [00:03<00:00,  5.67it/s]
 92%|█████████▏| 12/13 [00:05<00:00,  1.53it/s]
100%|██████████| 13/13 [00:05<00:00,  2.19it/s]

  0%|          | 0/13 [00:00<?, ?it/s]
  8%|▊         | 1/13 [00:00<00:03,  3.26it/s]
 23%|██▎       | 3/13 [00:02<00:10,  1.01s/it]
 38%|███▊      | 5/13 [00:03<00:04,  1.86it/s]
 54%|█████▍    | 7/13 [00:03<00:02,  2.84it/s]
 69%|██████▉   | 9/13 [00:03<00:01,  3.93it/s]
 85%|████████▍ | 11/13 [00:03<00:00,  5.01it/s]
 92%|█████████▏| 12/13 [00:05<00:00,  1.57it/s]
100%|██████████| 13/13 [00:06<00:00,  2.15it/s]

  0%|          | 0/13 [00:00<?, ?it/s]
  8%|▊         | 1/13 [00:00<00:03,  3.67it/s]
 15%|█▌        | 2/13 [00:00<00:01,  5.84it/s]
 23%|██▎       | 3/13 [00:02<00:11,  1.20s/it]
 38%|███▊      | 5/13 [00:02<00:04,  1.75it/s]
 54%|█████▍    | 7/13 [00:03<00:02,  2.79it/s]
 69%|██████▉   | 9/13 [00:03<00:01,  3.90it/s]
 77%|███████▋  | 10/13 [00:03<00:00,  4.48it/s]
 85%|████████▍ | 11/13 [00:05<00:01,  1.40it/s]
 92%|█████████▏| 12/13 [00:05<00:00,  1.73it/s]
100%|██████████| 13/13 [00:06<00:00,  2.16it/s]

  0%|          | 0/13 [00:00<?, ?it/s]
  8%|▊         | 1/13 [00:00<00:03,  3.44it/s]
 23%|██▎       | 3/13 [00:02<00:09,  1.07it/s]
 31%|███       | 4/13 [00:02<00:06,  1.49it/s]
 46%|████▌     | 6/13 [00:02<00:02,  2.61it/s]
 62%|██████▏   | 8/13 [00:03<00:01,  3.81it/s]
 77%|███████▋  | 10/13 [00:03<00:00,  4.99it/s]
 92%|█████████▏| 12/13 [00:03<00:00,  6.06it/s]
100%|██████████| 13/13 [00:05<00:00,  1.66it/s]
100%|██████████| 13/13 [00:05<00:00,  2.20it/s]

  0%|          | 0/13 [00:00<?, ?it/s]
  8%|▊         | 1/13 [00:00<00:03,  3.23it/s]
 23%|██▎       | 3/13 [00:00<00:01,  6.62it/s]
 31%|███       | 4/13 [00:02<00:08,  1.07it/s]
 46%|████▌     | 6/13 [00:03<00:03,  1.94it/s]
 62%|██████▏   | 8/13 [00:03<00:01,  2.93it/s]
 69%|██████▉   | 9/13 [00:03<00:01,  3.50it/s]
 77%|███████▋  | 10/13 [00:03<00:00,  4.16it/s]
 85%|████████▍ | 11/13 [00:03<00:00,  4.90it/s]
 92%|█████████▏| 12/13 [00:05<00:00,  1.27it/s]
100%|██████████| 13/13 [00:06<00:00,  2.15it/s]

  0%|          | 0/13 [00:00<?, ?it/s]
  8%|▊         | 1/13 [00:00<00:03,  3.79it/s]
 23%|██▎       | 3/13 [00:02<00:09,  1.02it/s]
 31%|███       | 4/13 [00:02<00:06,  1.46it/s]
 46%|████▌     | 6/13 [00:03<00:02,  2.56it/s]
 62%|██████▏   | 8/13 [00:03<00:01,  3.76it/s]
 77%|███████▋  | 10/13 [00:03<00:00,  4.89it/s]
 92%|█████████▏| 12/13 [00:03<00:00,  5.98it/s]
100%|██████████| 13/13 [00:05<00:00,  1.65it/s]
100%|██████████| 13/13 [00:05<00:00,  2.17it/s]

  0%|          | 0/13 [00:00<?, ?it/s]
  8%|▊         | 1/13 [00:00<00:03,  3.78it/s]
 23%|██▎       | 3/13 [00:00<00:01,  7.19it/s]
 31%|███       | 4/13 [00:02<00:08,  1.11it/s]
 46%|████▌     | 6/13 [00:02<00:03,  2.01it/s]
 62%|██████▏   | 8/13 [00:03<00:01,  3.03it/s]
 77%|███████▋  | 10/13 [00:03<00:00,  4.10it/s]
 92%|█████████▏| 12/13 [00:03<00:00,  5.20it/s]
100%|██████████| 13/13 [00:03<00:00,  3.57it/s]

  0%|          | 0/13 [00:00<?, ?it/s]
  8%|▊         | 1/13 [00:00<00:03,  3.84it/s]
 23%|██▎       | 3/13 [00:00<00:01,  7.14it/s]
 31%|███       | 4/13 [00:00<00:01,  7.89it/s]
 38%|███▊      | 5/13 [00:00<00:00,  8.44it/s]
 46%|████▌     | 6/13 [00:02<00:05,  1.21it/s]
 54%|█████▍    | 7/13 [00:03<00:03,  1.65it/s]
 69%|██████▉   | 9/13 [00:03<00:01,  2.75it/s]
 85%|████████▍ | 11/13 [00:03<00:00,  3.88it/s]
100%|██████████| 13/13 [00:03<00:00,  5.00it/s]
100%|██████████| 13/13 [00:03<00:00,  3.52it/s]

  0%|          | 0/13 [00:00<?, ?it/s]
  8%|▊         | 1/13 [00:00<00:03,  3.72it/s]
 23%|██▎       | 3/13 [00:00<00:01,  7.13it/s]
 38%|███▊      | 5/13 [00:00<00:00,  8.47it/s]
 46%|████▌     | 6/13 [00:02<00:04,  1.41it/s]
 62%|██████▏   | 8/13 [00:03<00:02,  2.26it/s]
 77%|███████▋  | 10/13 [00:03<00:00,  3.23it/s]
 92%|█████████▏| 12/13 [00:03<00:00,  4.28it/s]
100%|██████████| 13/13 [00:03<00:00,  3.57it/s]

  0%|          | 0/13 [00:00<?, ?it/s]
  8%|▊         | 1/13 [00:00<00:04,  2.76it/s]
 23%|██▎       | 3/13 [00:00<00:01,  5.95it/s]
 38%|███▊      | 5/13 [00:00<00:01,  7.63it/s]
 54%|█████▍    | 7/13 [00:03<00:03,  1.65it/s]
 69%|██████▉   | 9/13 [00:03<00:01,  2.43it/s]
 85%|████████▍ | 11/13 [00:03<00:00,  3.33it/s]
 92%|█████████▏| 12/13 [00:03<00:00,  3.81it/s]
100%|██████████| 13/13 [00:03<00:00,  3.39it/s]

  0%|          | 0/13 [00:00<?, ?it/s]
  8%|▊         | 1/13 [00:02<00:31,  2.59s/it]
 23%|██▎       | 3/13 [00:02<00:07,  1.35it/s]
 38%|███▊      | 5/13 [00:02<00:03,  2.44it/s]
 54%|█████▍    | 7/13 [00:03<00:01,  3.63it/s]
 62%|██████▏   | 8/13 [00:05<00:03,  1.34it/s]
 77%|███████▋  | 10/13 [00:05<00:01,  2.05it/s]
 92%|█████████▏| 12/13 [00:05<00:00,  2.90it/s]
100%|██████████| 13/13 [00:05<00:00,  2.19it/s]

  0%|          | 0/13 [00:00<?, ?it/s]
  8%|▊         | 1/13 [00:02<00:31,  2.59s/it]
 23%|██▎       | 3/13 [00:02<00:07,  1.35it/s]
 38%|███▊      | 5/13 [00:02<00:03,  2.45it/s]
 54%|█████▍    | 7/13 [00:03<00:01,  3.62it/s]
 69%|██████▉   | 9/13 [00:03<00:00,  4.77it/s]
 77%|███████▋  | 10/13 [00:05<00:02,  1.48it/s]
 85%|████████▍ | 11/13 [00:05<00:01,  1.84it/s]
100%|██████████| 13/13 [00:06<00:00,  2.76it/s]
100%|██████████| 13/13 [00:06<00:00,  2.15it/s]

  0%|          | 0/13 [00:00<?, ?it/s]
  8%|▊         | 1/13 [00:02<00:30,  2.51s/it]
 23%|██▎       | 3/13 [00:02<00:07,  1.39it/s]
 38%|███▊      | 5/13 [00:02<00:03,  2.51it/s]
 54%|█████▍    | 7/13 [00:03<00:01,  3.68it/s]
 62%|██████▏   | 8/13 [00:03<00:01,  4.30it/s]
 77%|███████▋  | 10/13 [00:05<00:01,  1.59it/s]
 85%|████████▍ | 11/13 [00:05<00:01,  1.93it/s]
100%|██████████| 13/13 [00:05<00:00,  2.83it/s]
100%|██████████| 13/13 [00:05<00:00,  2.18it/s]

  0%|          | 0/13 [00:00<?, ?it/s]
  8%|▊         | 1/13 [00:02<00:30,  2.50s/it]
 23%|██▎       | 3/13 [00:02<00:07,  1.39it/s]
 38%|███▊      | 5/13 [00:02<00:03,  2.51it/s]
 54%|█████▍    | 7/13 [00:03<00:01,  3.70it/s]
 69%|██████▉   | 9/13 [00:03<00:00,  4.88it/s]
 77%|███████▋  | 10/13 [00:05<00:02,  1.49it/s]
 92%|█████████▏| 12/13 [00:05<00:00,  2.20it/s]
100%|██████████| 13/13 [00:05<00:00,  2.18it/s]

  0%|          | 0/13 [00:00<?, ?it/s]
  8%|▊         | 1/13 [00:02<00:30,  2.55s/it]
 15%|█▌        | 2/13 [00:02<00:12,  1.16s/it]
 31%|███       | 4/13 [00:02<00:04,  2.04it/s]
 46%|████▌     | 6/13 [00:03<00:02,  3.31it/s]
 62%|██████▏   | 8/13 [00:03<00:01,  4.57it/s]
 77%|███████▋  | 10/13 [00:05<00:01,  1.70it/s]
 92%|█████████▏| 12/13 [00:05<00:00,  2.39it/s]
100%|██████████| 13/13 [00:06<00:00,  2.15it/s]

  0%|          | 0/13 [00:00<?, ?it/s]
  8%|▊         | 1/13 [00:00<00:03,  3.66it/s]
 15%|█▌        | 2/13 [00:02<00:17,  1.58s/it]
 31%|███       | 4/13 [00:02<00:05,  1.54it/s]
 46%|████▌     | 6/13 [00:03<00:02,  2.59it/s]
 54%|█████▍    | 7/13 [00:03<00:01,  3.18it/s]
 69%|██████▉   | 9/13 [00:03<00:00,  4.46it/s]
 85%|████████▍ | 11/13 [00:06<00:01,  1.60it/s]
100%|██████████| 13/13 [00:06<00:00,  2.28it/s]
100%|██████████| 13/13 [00:06<00:00,  2.09it/s]

  0%|          | 0/13 [00:00<?, ?it/s]
  8%|▊         | 1/13 [00:00<00:03,  3.96it/s]
 23%|██▎       | 3/13 [00:02<00:10,  1.01s/it]
 38%|███▊      | 5/13 [00:02<00:04,  1.86it/s]
 54%|█████▍    | 7/13 [00:03<00:02,  2.86it/s]
 69%|██████▉   | 9/13 [00:03<00:01,  3.96it/s]
 85%|████████▍ | 11/13 [00:03<00:00,  5.02it/s]
 92%|█████████▏| 12/13 [00:06<00:00,  1.52it/s]
100%|██████████| 13/13 [00:06<00:00,  2.12it/s]

  0%|          | 0/13 [00:00<?, ?it/s]
  8%|▊         | 1/13 [00:00<00:03,  3.78it/s]
 15%|█▌        | 2/13 [00:02<00:16,  1.49s/it]
 23%|██▎       | 3/13 [00:02<00:08,  1.16it/s]
 38%|███▊      | 5/13 [00:02<00:03,  2.35it/s]
 54%|█████▍    | 7/13 [00:03<00:01,  3.61it/s]
 69%|██████▉   | 9/13 [00:03<00:00,  4.82it/s]
 77%|███████▋  | 10/13 [00:03<00:00,  5.43it/s]
 92%|█████████▏| 12/13 [00:05<00:00,  1.65it/s]
100%|██████████| 13/13 [00:06<00:00,  2.15it/s]

  0%|          | 0/13 [00:00<?, ?it/s]
  8%|▊         | 1/13 [00:00<00:03,  3.26it/s]
 15%|█▌        | 2/13 [00:02<00:17,  1.59s/it]
 31%|███       | 4/13 [00:02<00:05,  1.54it/s]
 46%|████▌     | 6/13 [00:03<00:02,  2.57it/s]
 54%|█████▍    | 7/13 [00:03<00:01,  3.17it/s]
 69%|██████▉   | 9/13 [00:03<00:00,  4.44it/s]
 77%|███████▋  | 10/13 [00:03<00:00,  5.09it/s]
 85%|████████▍ | 11/13 [00:05<00:01,  1.35it/s]
100%|██████████| 13/13 [00:06<00:00,  2.12it/s]
100%|██████████| 13/13 [00:06<00:00,  2.12it/s]

  0%|          | 0/13 [00:00<?, ?it/s]
  8%|▊         | 1/13 [00:00<00:03,  3.81it/s]
 15%|█▌        | 2/13 [00:00<00:01,  5.97it/s]
 23%|██▎       | 3/13 [00:02<00:12,  1.24s/it]
 38%|███▊      | 5/13 [00:03<00:04,  1.70it/s]
 54%|█████▍    | 7/13 [00:03<00:02,  2.72it/s]
 62%|██████▏   | 8/13 [00:03<00:01,  3.30it/s]
 77%|███████▋  | 10/13 [00:03<00:00,  4.56it/s]
 85%|████████▍ | 11/13 [00:05<00:01,  1.40it/s]
100%|██████████| 13/13 [00:06<00:00,  2.12it/s]
100%|██████████| 13/13 [00:06<00:00,  2.12it/s]

  0%|          | 0/13 [00:00<?, ?it/s]
  8%|▊         | 1/13 [00:00<00:03,  3.91it/s]
 15%|█▌        | 2/13 [00:00<00:01,  5.76it/s]
 23%|██▎       | 3/13 [00:02<00:11,  1.20s/it]
 38%|███▊      | 5/13 [00:02<00:04,  1.75it/s]
 46%|████▌     | 6/13 [00:03<00:03,  2.29it/s]
 54%|█████▍    | 7/13 [00:03<00:02,  2.95it/s]
 69%|██████▉   | 9/13 [00:03<00:00,  4.35it/s]
 85%|████████▍ | 11/13 [00:03<00:00,  5.56it/s]
 92%|█████████▏| 12/13 [00:06<00:00,  1.48it/s]
100%|██████████| 13/13 [00:06<00:00,  2.13it/s]

  0%|          | 0/13 [00:00<?, ?it/s]
  8%|▊         | 1/13 [00:00<00:03,  3.99it/s]
 23%|██▎       | 3/13 [00:02<00:09,  1.01it/s]
 31%|███       | 4/13 [00:02<00:06,  1.44it/s]
 46%|████▌     | 6/13 [00:03<00:02,  2.52it/s]
 62%|██████▏   | 8/13 [00:03<00:01,  3.67it/s]
 69%|██████▉   | 9/13 [00:03<00:00,  4.29it/s]
 77%|███████▋  | 10/13 [00:03<00:00,  4.99it/s]
 85%|████████▍ | 11/13 [00:03<00:00,  5.69it/s]
 92%|█████████▏| 12/13 [00:06<00:00,  1.24it/s]
100%|██████████| 13/13 [00:06<00:00,  2.11it/s]

  0%|          | 0/13 [00:00<?, ?it/s]
  8%|▊         | 1/13 [00:00<00:03,  3.91it/s]
 23%|██▎       | 3/13 [00:00<00:01,  7.35it/s]
 31%|███       | 4/13 [00:02<00:08,  1.05it/s]
 46%|████▌     | 6/13 [00:03<00:03,  1.86it/s]
 62%|██████▏   | 8/13 [00:03<00:01,  2.82it/s]
 77%|███████▋  | 10/13 [00:03<00:00,  3.89it/s]
 92%|█████████▏| 12/13 [00:06<00:00,  1.64it/s]
100%|██████████| 13/13 [00:06<00:00,  2.10it/s]

  0%|          | 0/13 [00:00<?, ?it/s]
  8%|▊         | 1/13 [00:00<00:03,  3.27it/s]
 23%|██▎       | 3/13 [00:02<00:10,  1.00s/it]
 38%|███▊      | 5/13 [00:02<00:04,  1.87it/s]
 54%|█████▍    | 7/13 [00:03<00:02,  2.87it/s]
 69%|██████▉   | 9/13 [00:03<00:01,  3.95it/s]
 85%|████████▍ | 11/13 [00:03<00:00,  5.07it/s]
 92%|█████████▏| 12/13 [00:05<00:00,  1.61it/s]
100%|██████████| 13/13 [00:06<00:00,  1.90it/s]
100%|██████████| 13/13 [00:06<00:00,  2.15it/s]

  0%|          | 0/13 [00:00<?, ?it/s]
  8%|▊         | 1/13 [00:00<00:04,  2.99it/s]
 15%|█▌        | 2/13 [00:00<00:02,  5.04it/s]
 23%|██▎       | 3/13 [00:02<00:12,  1.25s/it]
 38%|███▊      | 5/13 [00:03<00:04,  1.68it/s]
 54%|█████▍    | 7/13 [00:03<00:02,  2.68it/s]
 62%|██████▏   | 8/13 [00:03<00:01,  3.26it/s]
 77%|███████▋  | 10/13 [00:03<00:00,  4.54it/s]
 85%|████████▍ | 11/13 [00:06<00:01,  1.38it/s]
 92%|█████████▏| 12/13 [00:06<00:00,  1.74it/s]
100%|██████████| 13/13 [00:06<00:00,  2.07it/s]

  0%|          | 0/13 [00:00<?, ?it/s]
  8%|▊         | 1/13 [00:02<00:31,  2.62s/it]
 23%|██▎       | 3/13 [00:02<00:07,  1.34it/s]
 31%|███       | 4/13 [00:02<00:04,  1.89it/s]
 46%|████▌     | 6/13 [00:03<00:02,  3.18it/s]
 62%|██████▏   | 8/13 [00:03<00:01,  4.49it/s]
 69%|██████▉   | 9/13 [00:03<00:00,  5.13it/s]
 77%|███████▋  | 10/13 [00:05<00:02,  1.34it/s]
 92%|█████████▏| 12/13 [00:06<00:00,  2.10it/s]
100%|██████████| 13/13 [00:06<00:00,  2.12it/s]

  0%|          | 0/13 [00:00<?, ?it/s]
  8%|▊         | 1/13 [00:02<00:31,  2.63s/it]
 23%|██▎       | 3/13 [00:02<00:07,  1.33it/s]
 38%|███▊      | 5/13 [00:03<00:03,  2.41it/s]
 54%|█████▍    | 7/13 [00:03<00:01,  3.57it/s]
 69%|██████▉   | 9/13 [00:03<00:00,  4.75it/s]
 77%|███████▋  | 10/13 [00:05<00:01,  1.52it/s]
 85%|████████▍ | 11/13 [00:05<00:01,  1.85it/s]
100%|██████████| 13/13 [00:06<00:00,  2.75it/s]
100%|██████████| 13/13 [00:06<00:00,  2.14it/s]

  0%|          | 0/13 [00:00<?, ?it/s]
  8%|▊         | 1/13 [00:00<00:03,  3.86it/s]
 15%|█▌        | 2/13 [00:02<00:17,  1.57s/it]
 31%|███       | 4/13 [00:02<00:05,  1.55it/s]
 46%|████▌     | 6/13 [00:03<00:02,  2.60it/s]
 62%|██████▏   | 8/13 [00:03<00:01,  3.72it/s]
 77%|███████▋  | 10/13 [00:03<00:00,  4.88it/s]
 85%|████████▍ | 11/13 [00:05<00:01,  1.57it/s]
100%|██████████| 13/13 [00:05<00:00,  2.30it/s]
100%|██████████| 13/13 [00:05<00:00,  2.17it/s]

  0%|          | 0/13 [00:00<?, ?it/s]
  8%|▊         | 1/13 [00:00<00:03,  3.85it/s]
 23%|██▎       | 3/13 [00:00<00:01,  7.41it/s]
 31%|███       | 4/13 [00:02<00:08,  1.10it/s]
 46%|████▌     | 6/13 [00:02<00:03,  1.99it/s]
 62%|██████▏   | 8/13 [00:03<00:01,  3.01it/s]
 77%|███████▋  | 10/13 [00:03<00:00,  4.07it/s]
 92%|█████████▏| 12/13 [00:03<00:00,  5.08it/s]
100%|██████████| 13/13 [00:06<00:00,  1.56it/s]
100%|██████████| 13/13 [00:06<00:00,  2.16it/s]

  0%|          | 0/13 [00:00<?, ?it/s]
  8%|▊         | 1/13 [00:00<00:03,  3.89it/s]
 23%|██▎       | 3/13 [00:00<00:01,  7.29it/s]
 38%|███▊      | 5/13 [00:02<00:05,  1.39it/s]
 54%|█████▍    | 7/13 [00:03<00:02,  2.21it/s]
 69%|██████▉   | 9/13 [00:03<00:01,  3.14it/s]
 85%|████████▍ | 11/13 [00:03<00:00,  4.14it/s]
100%|██████████| 13/13 [00:03<00:00,  5.16it/s]
100%|██████████| 13/13 [00:03<00:00,  3.46it/s]

  0%|          | 0/13 [00:00<?, ?it/s]
  8%|▊         | 1/13 [00:00<00:03,  3.39it/s]
 23%|██▎       | 3/13 [00:00<00:01,  6.84it/s]
 38%|███▊      | 5/13 [00:00<00:00,  8.26it/s]
 46%|████▌     | 6/13 [00:03<00:05,  1.33it/s]
 62%|██████▏   | 8/13 [00:03<00:02,  2.15it/s]
 77%|███████▋  | 10/13 [00:03<00:00,  3.10it/s]
 92%|█████████▏| 12/13 [00:03<00:00,  4.12it/s]
100%|██████████| 13/13 [00:03<00:00,  3.42it/s]

  0%|          | 0/13 [00:00<?, ?it/s]
  8%|▊         | 1/13 [00:00<00:03,  3.87it/s]
 23%|██▎       | 3/13 [00:00<00:01,  7.36it/s]
 38%|███▊      | 5/13 [00:00<00:00,  8.70it/s]
 46%|████▌     | 6/13 [00:03<00:05,  1.37it/s]
 54%|█████▍    | 7/13 [00:03<00:03,  1.76it/s]
 69%|██████▉   | 9/13 [00:03<00:01,  2.80it/s]
 85%|████████▍ | 11/13 [00:03<00:00,  3.93it/s]
100%|██████████| 13/13 [00:03<00:00,  5.02it/s]
100%|██████████| 13/13 [00:03<00:00,  3.47it/s]

  0%|          | 0/13 [00:00<?, ?it/s]
  8%|▊         | 1/13 [00:00<00:03,  3.37it/s]
 23%|██▎       | 3/13 [00:00<00:01,  6.86it/s]
 38%|███▊      | 5/13 [00:00<00:00,  8.40it/s]
 54%|█████▍    | 7/13 [00:00<00:00,  9.22it/s]
 62%|██████▏   | 8/13 [00:03<00:03,  1.65it/s]
 77%|███████▋  | 10/13 [00:03<00:01,  2.49it/s]
 92%|█████████▏| 12/13 [00:03<00:00,  3.44it/s]
100%|██████████| 13/13 [00:03<00:00,  3.62it/s]

  0%|          | 0/13 [00:00<?, ?it/s]
  8%|▊         | 1/13 [00:00<00:03,  3.85it/s]
 15%|█▌        | 2/13 [00:02<00:16,  1.54s/it]
 31%|███       | 4/13 [00:02<00:05,  1.58it/s]
 46%|████▌     | 6/13 [00:03<00:02,  2.65it/s]
 62%|██████▏   | 8/13 [00:03<00:01,  3.78it/s]
 77%|███████▋  | 10/13 [00:03<00:00,  4.92it/s]
 85%|████████▍ | 11/13 [00:05<00:01,  1.48it/s]
100%|██████████| 13/13 [00:06<00:00,  2.18it/s]
100%|██████████| 13/13 [00:06<00:00,  2.12it/s]

  0%|          | 0/13 [00:00<?, ?it/s]
  8%|▊         | 1/13 [00:00<00:03,  3.83it/s]
 15%|█▌        | 2/13 [00:02<00:17,  1.56s/it]
 31%|███       | 4/13 [00:02<00:05,  1.56it/s]
 46%|████▌     | 6/13 [00:03<00:02,  2.61it/s]
 62%|██████▏   | 8/13 [00:03<00:01,  3.72it/s]
 77%|███████▋  | 10/13 [00:03<00:00,  4.86it/s]
 85%|████████▍ | 11/13 [00:05<00:01,  1.48it/s]
100%|██████████| 13/13 [00:06<00:00,  2.18it/s]
100%|██████████| 13/13 [00:06<00:00,  2.11it/s]

  0%|          | 0/13 [00:00<?, ?it/s]
  8%|▊         | 1/13 [00:00<00:03,  3.88it/s]
 23%|██▎       | 3/13 [00:02<00:09,  1.01it/s]
 38%|███▊      | 5/13 [00:02<00:04,  1.89it/s]
 54%|█████▍    | 7/13 [00:03<00:02,  2.91it/s]
 69%|██████▉   | 9/13 [00:03<00:01,  4.00it/s]
 85%|████████▍ | 11/13 [00:03<00:00,  5.07it/s]
 92%|█████████▏| 12/13 [00:05<00:00,  1.54it/s]
100%|██████████| 13/13 [00:06<00:00,  2.14it/s]

  0%|          | 0/13 [00:00<?, ?it/s]
  8%|▊         | 1/13 [00:00<00:03,  3.80it/s]
 23%|██▎       | 3/13 [00:02<00:09,  1.03it/s]
 31%|███       | 4/13 [00:02<00:06,  1.43it/s]
 46%|████▌     | 6/13 [00:03<00:02,  2.51it/s]
 62%|██████▏   | 8/13 [00:03<00:01,  3.69it/s]
 77%|███████▋  | 10/13 [00:03<00:00,  4.87it/s]
 92%|█████████▏| 12/13 [00:03<00:00,  5.96it/s]
100%|██████████| 13/13 [00:06<00:00,  1.61it/s]
100%|██████████| 13/13 [00:06<00:00,  2.13it/s]

  0%|          | 0/13 [00:00<?, ?it/s]
  8%|▊         | 1/13 [00:00<00:03,  3.85it/s]
 23%|██▎       | 3/13 [00:00<00:01,  7.28it/s]
 38%|███▊      | 5/13 [00:02<00:05,  1.44it/s]
 54%|█████▍    | 7/13 [00:03<00:02,  2.27it/s]
 69%|██████▉   | 9/13 [00:03<00:01,  3.23it/s]
 85%|████████▍ | 11/13 [00:03<00:00,  4.24it/s]
100%|██████████| 13/13 [00:03<00:00,  5.26it/s]
100%|██████████| 13/13 [00:03<00:00,  3.55it/s]

  0%|          | 0/13 [00:00<?, ?it/s]
  8%|▊         | 1/13 [00:00<00:03,  3.48it/s]
 23%|██▎       | 3/13 [00:00<00:01,  6.97it/s]
 38%|███▊      | 5/13 [00:00<00:00,  8.40it/s]
 54%|█████▍    | 7/13 [00:00<00:00,  9.03it/s]
 62%|██████▏   | 8/13 [00:03<00:03,  1.55it/s]
 77%|███████▋  | 10/13 [00:03<00:01,  2.35it/s]
 92%|█████████▏| 12/13 [00:03<00:00,  3.27it/s]
100%|██████████| 13/13 [00:03<00:00,  3.79it/s]
100%|██████████| 13/13 [00:03<00:00,  3.46it/s]

  0%|          | 0/13 [00:00<?, ?it/s]
  8%|▊         | 1/13 [00:02<00:32,  2.73s/it]
 23%|██▎       | 3/13 [00:02<00:07,  1.29it/s]
 38%|███▊      | 5/13 [00:03<00:03,  2.35it/s]
 46%|████▌     | 6/13 [00:03<00:02,  2.95it/s]
 54%|█████▍    | 7/13 [00:05<00:05,  1.10it/s]
 62%|██████▏   | 8/13 [00:05<00:03,  1.46it/s]
 77%|███████▋  | 10/13 [00:05<00:01,  2.41it/s]
 92%|█████████▏| 12/13 [00:06<00:00,  3.48it/s]
100%|██████████| 13/13 [00:06<00:00,  2.12it/s]

  0%|          | 0/13 [00:00<?, ?it/s]
  8%|▊         | 1/13 [00:02<00:31,  2.63s/it]
 23%|██▎       | 3/13 [00:02<00:07,  1.35it/s]
 38%|███▊      | 5/13 [00:02<00:03,  2.46it/s]
 54%|█████▍    | 7/13 [00:03<00:01,  3.68it/s]
 69%|██████▉   | 9/13 [00:03<00:00,  4.92it/s]
 85%|████████▍ | 11/13 [00:05<00:01,  1.79it/s]
 92%|█████████▏| 12/13 [00:05<00:00,  2.14it/s]
100%|██████████| 13/13 [00:05<00:00,  2.18it/s]

  0%|          | 0/13 [00:00<?, ?it/s]
  8%|▊         | 1/13 [00:00<00:02,  4.20it/s]
 23%|██▎       | 3/13 [00:00<00:01,  7.79it/s]
 31%|███       | 4/13 [00:02<00:08,  1.12it/s]
 38%|███▊      | 5/13 [00:02<00:05,  1.59it/s]
 54%|█████▍    | 7/13 [00:03<00:02,  2.74it/s]
 69%|██████▉   | 9/13 [00:03<00:01,  3.98it/s]
 85%|████████▍ | 11/13 [00:03<00:00,  5.22it/s]
100%|██████████| 13/13 [00:03<00:00,  6.42it/s]
100%|██████████| 13/13 [00:03<00:00,  3.66it/s]

  0%|          | 0/13 [00:00<?, ?it/s]
  8%|▊         | 1/13 [00:00<00:03,  3.52it/s]
 23%|██▎       | 3/13 [00:00<00:01,  7.23it/s]
 38%|███▊      | 5/13 [00:00<00:00,  8.79it/s]
 54%|█████▍    | 7/13 [00:00<00:00,  9.60it/s]
 69%|██████▉   | 9/13 [00:03<00:02,  1.94it/s]
 85%|████████▍ | 11/13 [00:03<00:00,  2.71it/s]
100%|██████████| 13/13 [00:03<00:00,  3.66it/s]
100%|██████████| 13/13 [00:03<00:00,  3.64it/s]

  0%|          | 0/13 [00:00<?, ?it/s]
  8%|▊         | 1/13 [00:00<00:02,  4.27it/s]
 23%|██▎       | 3/13 [00:02<00:09,  1.05it/s]
 38%|███▊      | 5/13 [00:02<00:04,  1.95it/s]
 46%|████▌     | 6/13 [00:02<00:02,  2.40it/s]
 62%|██████▏   | 8/13 [00:03<00:01,  3.66it/s]
 77%|███████▋  | 10/13 [00:03<00:00,  4.97it/s]
 92%|█████████▏| 12/13 [00:03<00:00,  6.16it/s]
100%|██████████| 13/13 [00:03<00:00,  3.60it/s]

  0%|          | 0/13 [00:00<?, ?it/s]
  8%|▊         | 1/13 [00:00<00:03,  3.99it/s]
 23%|██▎       | 3/13 [00:00<00:01,  7.92it/s]
 38%|███▊      | 5/13 [00:00<00:00,  9.55it/s]
 54%|█████▍    | 7/13 [00:02<00:03,  1.77it/s]
 69%|██████▉   | 9/13 [00:03<00:01,  2.55it/s]
 85%|████████▍ | 11/13 [00:03<00:00,  3.53it/s]
100%|██████████| 13/13 [00:03<00:00,  4.58it/s]
100%|██████████| 13/13 [00:03<00:00,  3.69it/s]

  0%|          | 0/13 [00:00<?, ?it/s]
  8%|▊         | 1/13 [00:02<00:28,  2.40s/it]
 15%|█▌        | 2/13 [00:02<00:11,  1.05s/it]
 31%|███       | 4/13 [00:02<00:03,  2.26it/s]
 46%|████▌     | 6/13 [00:02<00:01,  3.65it/s]
 62%|██████▏   | 8/13 [00:03<00:00,  5.03it/s]
 77%|███████▋  | 10/13 [00:03<00:00,  6.17it/s]
 92%|█████████▏| 12/13 [00:05<00:00,  1.93it/s]
100%|██████████| 13/13 [00:05<00:00,  2.28it/s]

  0%|          | 0/13 [00:00<?, ?it/s]
  8%|▊         | 1/13 [00:00<00:02,  4.22it/s]
 23%|██▎       | 3/13 [00:00<00:01,  8.00it/s]
 31%|███       | 4/13 [00:02<00:07,  1.14it/s]
 38%|███▊      | 5/13 [00:02<00:04,  1.61it/s]
 54%|█████▍    | 7/13 [00:02<00:02,  2.75it/s]
 69%|██████▉   | 9/13 [00:03<00:01,  4.00it/s]
 85%|████████▍ | 11/13 [00:03<00:00,  5.29it/s]
100%|██████████| 13/13 [00:03<00:00,  6.49it/s]
100%|██████████| 13/13 [00:03<00:00,  3.70it/s]

  0%|          | 0/13 [00:00<?, ?it/s]
  8%|▊         | 1/13 [00:00<00:03,  3.80it/s]
 23%|██▎       | 3/13 [00:00<00:01,  7.72it/s]
 38%|███▊      | 5/13 [00:00<00:00,  9.47it/s]
 54%|█████▍    | 7/13 [00:00<00:00, 10.13it/s]
 69%|██████▉   | 9/13 [00:03<00:02,  1.99it/s]
 77%|███████▋  | 10/13 [00:03<00:01,  2.39it/s]
 92%|█████████▏| 12/13 [00:03<00:00,  3.40it/s]
100%|██████████| 13/13 [00:03<00:00,  3.74it/s]

  0%|          | 0/13 [00:00<?, ?it/s]
  8%|▊         | 1/13 [00:00<00:02,  4.29it/s]
 23%|██▎       | 3/13 [00:02<00:09,  1.08it/s]
 38%|███▊      | 5/13 [00:02<00:03,  2.01it/s]
 54%|█████▍    | 7/13 [00:02<00:01,  3.11it/s]
 69%|██████▉   | 9/13 [00:03<00:00,  4.29it/s]
 85%|████████▍ | 11/13 [00:03<00:00,  5.47it/s]
100%|██████████| 13/13 [00:03<00:00,  6.57it/s]
100%|██████████| 13/13 [00:03<00:00,  3.77it/s]

  0%|          | 0/13 [00:00<?, ?it/s]
  8%|▊         | 1/13 [00:00<00:03,  3.73it/s]
 23%|██▎       | 3/13 [00:00<00:01,  7.45it/s]
 38%|███▊      | 5/13 [00:00<00:00,  8.96it/s]
 54%|█████▍    | 7/13 [00:00<00:00,  9.77it/s]
 69%|██████▉   | 9/13 [00:03<00:02,  1.94it/s]
 77%|███████▋  | 10/13 [00:03<00:01,  2.27it/s]
 92%|█████████▏| 12/13 [00:03<00:00,  3.27it/s]
100%|██████████| 13/13 [00:03<00:00,  3.59it/s]

  0%|          | 0/13 [00:00<?, ?it/s]
  8%|▊         | 1/13 [00:02<00:29,  2.44s/it]
 15%|█▌        | 2/13 [00:02<00:11,  1.07s/it]
 31%|███       | 4/13 [00:02<00:04,  2.21it/s]
 46%|████▌     | 6/13 [00:02<00:01,  3.58it/s]
 62%|██████▏   | 8/13 [00:03<00:01,  4.93it/s]
 77%|███████▋  | 10/13 [00:03<00:00,  6.24it/s]
 92%|█████████▏| 12/13 [00:05<00:00,  1.96it/s]
100%|██████████| 13/13 [00:05<00:00,  2.28it/s]

  0%|          | 0/13 [00:00<?, ?it/s]
  8%|▊         | 1/13 [00:00<00:02,  4.38it/s]
 23%|██▎       | 3/13 [00:00<00:01,  8.29it/s]
 38%|███▊      | 5/13 [00:00<00:00,  9.64it/s]
 54%|█████▍    | 7/13 [00:02<00:03,  1.81it/s]
 62%|██████▏   | 8/13 [00:03<00:02,  2.23it/s]
 77%|███████▋  | 10/13 [00:03<00:00,  3.29it/s]
 92%|█████████▏| 12/13 [00:03<00:00,  4.43it/s]
100%|██████████| 13/13 [00:03<00:00,  3.78it/s]

  0%|          | 0/13 [00:00<?, ?it/s]
  8%|▊         | 1/13 [00:02<00:29,  2.45s/it]
 23%|██▎       | 3/13 [00:02<00:07,  1.42it/s]
 38%|███▊      | 5/13 [00:02<00:03,  2.61it/s]
 54%|█████▍    | 7/13 [00:02<00:01,  3.89it/s]
 69%|██████▉   | 9/13 [00:03<00:00,  5.17it/s]
 85%|████████▍ | 11/13 [00:05<00:01,  1.80it/s]
 92%|█████████▏| 12/13 [00:05<00:00,  2.13it/s]
100%|██████████| 13/13 [00:05<00:00,  2.23it/s]

  0%|          | 0/13 [00:00<?, ?it/s]
  8%|▊         | 1/13 [00:00<00:03,  3.82it/s]
 15%|█▌        | 2/13 [00:02<00:16,  1.48s/it]
 31%|███       | 4/13 [00:02<00:05,  1.64it/s]
 46%|████▌     | 6/13 [00:02<00:02,  2.73it/s]
 62%|██████▏   | 8/13 [00:03<00:01,  3.86it/s]
 69%|██████▉   | 9/13 [00:03<00:00,  4.48it/s]
 77%|███████▋  | 10/13 [00:03<00:00,  5.17it/s]
 85%|████████▍ | 11/13 [00:05<00:01,  1.28it/s]
100%|██████████| 13/13 [00:06<00:00,  2.04it/s]
100%|██████████| 13/13 [00:06<00:00,  2.15it/s]

  0%|          | 0/13 [00:00<?, ?it/s]
  8%|▊         | 1/13 [00:00<00:03,  3.88it/s]
 15%|█▌        | 2/13 [00:02<00:16,  1.52s/it]
 31%|███       | 4/13 [00:02<00:05,  1.60it/s]
 46%|████▌     | 6/13 [00:03<00:02,  2.67it/s]
 62%|██████▏   | 8/13 [00:03<00:01,  3.80it/s]
 77%|███████▋  | 10/13 [00:03<00:00,  4.93it/s]
 85%|████████▍ | 11/13 [00:05<00:01,  1.52it/s]
 92%|█████████▏| 12/13 [00:05<00:00,  1.84it/s]
100%|██████████| 13/13 [00:06<00:00,  2.14it/s]

  0%|          | 0/13 [00:00<?, ?it/s]
  8%|▊         | 1/13 [00:00<00:03,  3.90it/s]
 15%|█▌        | 2/13 [00:02<00:15,  1.40s/it]
 23%|██▎       | 3/13 [00:02<00:08,  1.14it/s]
 38%|███▊      | 5/13 [00:02<00:03,  2.31it/s]
 54%|█████▍    | 7/13 [00:03<00:01,  3.55it/s]
 69%|██████▉   | 9/13 [00:03<00:00,  4.81it/s]
 85%|████████▍ | 11/13 [00:03<00:00,  5.97it/s]
 92%|█████████▏| 12/13 [00:05<00:00,  1.59it/s]
100%|██████████| 13/13 [00:05<00:00,  2.17it/s]

  0%|          | 0/13 [00:00<?, ?it/s]
  8%|▊         | 1/13 [00:00<00:03,  3.85it/s]
 23%|██▎       | 3/13 [00:02<00:09,  1.00it/s]
 38%|███▊      | 5/13 [00:02<00:04,  1.88it/s]
 54%|█████▍    | 7/13 [00:03<00:02,  2.89it/s]
 69%|██████▉   | 9/13 [00:03<00:01,  3.98it/s]
 85%|████████▍ | 11/13 [00:03<00:00,  5.06it/s]
 92%|█████████▏| 12/13 [00:05<00:00,  1.57it/s]
100%|██████████| 13/13 [00:06<00:00,  2.16it/s]

  0%|          | 0/13 [00:00<?, ?it/s]
  8%|▊         | 1/13 [00:00<00:03,  3.88it/s]
 23%|██▎       | 3/13 [00:00<00:01,  7.27it/s]
 31%|███       | 4/13 [00:02<00:08,  1.09it/s]
 38%|███▊      | 5/13 [00:02<00:05,  1.52it/s]
 54%|█████▍    | 7/13 [00:03<00:02,  2.61it/s]
 69%|██████▉   | 9/13 [00:03<00:01,  3.76it/s]
 85%|████████▍ | 11/13 [00:03<00:00,  4.92it/s]
 92%|█████████▏| 12/13 [00:05<00:00,  1.52it/s]
100%|██████████| 13/13 [00:06<00:00,  2.16it/s]

  0%|          | 0/13 [00:00<?, ?it/s]
  8%|▊         | 1/13 [00:00<00:03,  3.87it/s]
 23%|██▎       | 3/13 [00:02<00:09,  1.05it/s]
 31%|███       | 4/13 [00:02<00:06,  1.48it/s]
 46%|████▌     | 6/13 [00:02<00:02,  2.60it/s]
 62%|██████▏   | 8/13 [00:03<00:01,  3.76it/s]
 77%|███████▋  | 10/13 [00:03<00:00,  4.94it/s]
 85%|████████▍ | 11/13 [00:03<00:00,  5.49it/s]
 92%|█████████▏| 12/13 [00:05<00:00,  1.48it/s]
100%|██████████| 13/13 [00:05<00:00,  1.85it/s]
100%|██████████| 13/13 [00:05<00:00,  2.19it/s]

  0%|          | 0/13 [00:00<?, ?it/s]
  8%|▊         | 1/13 [00:00<00:03,  3.54it/s]
 23%|██▎       | 3/13 [00:00<00:01,  7.05it/s]
 31%|███       | 4/13 [00:02<00:07,  1.14it/s]
 38%|███▊      | 5/13 [00:02<00:05,  1.56it/s]
 54%|█████▍    | 7/13 [00:03<00:02,  2.67it/s]
 69%|██████▉   | 9/13 [00:03<00:01,  3.85it/s]
 85%|████████▍ | 11/13 [00:03<00:00,  5.02it/s]
100%|██████████| 13/13 [00:03<00:00,  6.09it/s]
100%|██████████| 13/13 [00:03<00:00,  3.55it/s]

  0%|          | 0/13 [00:00<?, ?it/s]
  8%|▊         | 1/13 [00:00<00:03,  3.72it/s]
 15%|█▌        | 2/13 [00:00<00:01,  5.89it/s]
 31%|███       | 4/13 [00:00<00:01,  8.14it/s]
 38%|███▊      | 5/13 [00:02<00:06,  1.20it/s]
 54%|█████▍    | 7/13 [00:03<00:02,  2.05it/s]
 69%|██████▉   | 9/13 [00:03<00:01,  3.03it/s]
 77%|███████▋  | 10/13 [00:03<00:00,  3.59it/s]
 92%|█████████▏| 12/13 [00:03<00:00,  4.82it/s]
100%|██████████| 13/13 [00:03<00:00,  3.47it/s]

  0%|          | 0/13 [00:00<?, ?it/s]
  8%|▊         | 1/13 [00:00<00:03,  3.55it/s]
 23%|██▎       | 3/13 [00:00<00:01,  7.05it/s]
 38%|███▊      | 5/13 [00:00<00:00,  8.51it/s]
 46%|████▌     | 6/13 [00:02<00:04,  1.41it/s]
 54%|█████▍    | 7/13 [00:03<00:03,  1.80it/s]
 69%|██████▉   | 9/13 [00:03<00:01,  2.85it/s]
 85%|████████▍ | 11/13 [00:03<00:00,  3.97it/s]
100%|██████████| 13/13 [00:03<00:00,  5.07it/s]
100%|██████████| 13/13 [00:03<00:00,  3.51it/s]

  0%|          | 0/13 [00:00<?, ?it/s]
  8%|▊         | 1/13 [00:00<00:04,  2.93it/s]
 23%|██▎       | 3/13 [00:00<00:01,  6.34it/s]
 31%|███       | 4/13 [00:00<00:01,  7.23it/s]
 38%|███▊      | 5/13 [00:00<00:01,  7.91it/s]
 46%|████▌     | 6/13 [00:00<00:00,  8.46it/s]
 54%|█████▍    | 7/13 [00:03<00:05,  1.19it/s]
 69%|██████▉   | 9/13 [00:03<00:01,  2.06it/s]
 77%|███████▋  | 10/13 [00:03<00:01,  2.57it/s]
 92%|█████████▏| 12/13 [00:03<00:00,  3.78it/s]
100%|██████████| 13/13 [00:03<00:00,  3.42it/s]

  0%|          | 0/13 [00:00<?, ?it/s]
  8%|▊         | 1/13 [00:02<00:30,  2.56s/it]
 23%|██▎       | 3/13 [00:02<00:07,  1.36it/s]
 31%|███       | 4/13 [00:02<00:04,  1.93it/s]
 46%|████▌     | 6/13 [00:03<00:02,  3.27it/s]
 62%|██████▏   | 8/13 [00:05<00:03,  1.47it/s]
 69%|██████▉   | 9/13 [00:05<00:02,  1.79it/s]
 85%|████████▍ | 11/13 [00:05<00:00,  2.67it/s]
100%|██████████| 13/13 [00:05<00:00,  3.66it/s]
100%|██████████| 13/13 [00:05<00:00,  2.17it/s]

  0%|          | 0/13 [00:00<?, ?it/s]
  8%|▊         | 1/13 [00:02<00:29,  2.42s/it]
 23%|██▎       | 3/13 [00:02<00:06,  1.43it/s]
 38%|███▊      | 5/13 [00:02<00:03,  2.58it/s]
 54%|█████▍    | 7/13 [00:02<00:01,  3.78it/s]
 69%|██████▉   | 9/13 [00:03<00:00,  4.96it/s]
 77%|███████▋  | 10/13 [00:05<00:02,  1.50it/s]
 92%|█████████▏| 12/13 [00:05<00:00,  2.22it/s]
100%|██████████| 13/13 [00:05<00:00,  2.22it/s]

  0%|          | 0/13 [00:00<?, ?it/s]
  8%|▊         | 1/13 [00:00<00:03,  3.46it/s]
 15%|█▌        | 2/13 [00:02<00:17,  1.55s/it]
 31%|███       | 4/13 [00:02<00:05,  1.57it/s]
 46%|████▌     | 6/13 [00:03<00:02,  2.64it/s]
 62%|██████▏   | 8/13 [00:03<00:01,  3.78it/s]
 77%|███████▋  | 10/13 [00:03<00:00,  4.94it/s]
 85%|████████▍ | 11/13 [00:05<00:01,  1.56it/s]
 92%|█████████▏| 12/13 [00:05<00:00,  1.92it/s]
100%|██████████| 13/13 [00:05<00:00,  2.17it/s]
[650/750] Ukiyo_e__Ukiyo_e__utagawa-kunisada_not_detected_240381(1)__to__Impressionism.png  dt=6.21s  elapsed=30.3m  eta=4.7m

  0%|          | 0/13 [00:00<?, ?it/s]
  8%|▊         | 1/13 [00:00<00:03,  3.82it/s]
 23%|██▎       | 3/13 [00:00<00:01,  7.20it/s]
 31%|███       | 4/13 [00:02<00:08,  1.11it/s]
 46%|████▌     | 6/13 [00:02<00:03,  2.00it/s]
 62%|██████▏   | 8/13 [00:03<00:01,  3.02it/s]
 77%|███████▋  | 10/13 [00:03<00:00,  4.12it/s]
 92%|█████████▏| 12/13 [00:03<00:00,  5.17it/s]
100%|██████████| 13/13 [00:05<00:00,  1.62it/s]
100%|██████████| 13/13 [00:05<00:00,  2.20it/s]

  0%|          | 0/13 [00:00<?, ?it/s]
  8%|▊         | 1/13 [00:00<00:03,  3.21it/s]
 23%|██▎       | 3/13 [00:00<00:01,  6.55it/s]
 31%|███       | 4/13 [00:02<00:08,  1.08it/s]
 38%|███▊      | 5/13 [00:03<00:05,  1.52it/s]
 54%|█████▍    | 7/13 [00:03<00:02,  2.61it/s]
 69%|██████▉   | 9/13 [00:03<00:01,  3.76it/s]
 85%|████████▍ | 11/13 [00:03<00:00,  4.94it/s]
100%|██████████| 13/13 [00:03<00:00,  6.02it/s]
100%|██████████| 13/13 [00:03<00:00,  3.45it/s]

  0%|          | 0/13 [00:00<?, ?it/s]
  8%|▊         | 1/13 [00:00<00:03,  3.49it/s]
 23%|██▎       | 3/13 [00:00<00:01,  7.06it/s]
 38%|███▊      | 5/13 [00:00<00:00,  8.58it/s]
 46%|████▌     | 6/13 [00:03<00:05,  1.35it/s]
 62%|██████▏   | 8/13 [00:03<00:02,  2.17it/s]
 77%|███████▋  | 10/13 [00:03<00:00,  3.11it/s]
 92%|█████████▏| 12/13 [00:03<00:00,  4.15it/s]
100%|██████████| 13/13 [00:03<00:00,  3.46it/s]

  0%|          | 0/13 [00:00<?, ?it/s]
  8%|▊         | 1/13 [00:00<00:03,  3.88it/s]
 23%|██▎       | 3/13 [00:00<00:01,  7.45it/s]
 31%|███       | 4/13 [00:00<00:01,  8.14it/s]
 38%|███▊      | 5/13 [00:00<00:00,  8.65it/s]
 46%|████▌     | 6/13 [00:00<00:00,  9.03it/s]
 54%|█████▍    | 7/13 [00:03<00:05,  1.19it/s]
 69%|██████▉   | 9/13 [00:03<00:01,  2.05it/s]
 85%|████████▍ | 11/13 [00:03<00:00,  3.04it/s]
100%|██████████| 13/13 [00:03<00:00,  4.11it/s]
100%|██████████| 13/13 [00:03<00:00,  3.47it/s]

  0%|          | 0/13 [00:00<?, ?it/s]
  8%|▊         | 1/13 [00:02<00:31,  2.61s/it]
 23%|██▎       | 3/13 [00:02<00:07,  1.34it/s]
 31%|███       | 4/13 [00:02<00:04,  1.92it/s]
 46%|████▌     | 6/13 [00:03<00:02,  3.21it/s]
 62%|██████▏   | 8/13 [00:05<00:03,  1.44it/s]
 77%|███████▋  | 10/13 [00:05<00:01,  2.12it/s]
 92%|█████████▏| 12/13 [00:05<00:00,  2.92it/s]
100%|██████████| 13/13 [00:06<00:00,  2.15it/s]

  0%|          | 0/13 [00:00<?, ?it/s]
  8%|▊         | 1/13 [00:02<00:32,  2.68s/it]
 23%|██▎       | 3/13 [00:02<00:07,  1.29it/s]
 38%|███▊      | 5/13 [00:03<00:03,  2.34it/s]
 46%|████▌     | 6/13 [00:05<00:06,  1.08it/s]
 54%|█████▍    | 7/13 [00:05<00:04,  1.38it/s]
 69%|██████▉   | 9/13 [00:05<00:01,  2.25it/s]
 85%|████████▍ | 11/13 [00:05<00:00,  3.23it/s]
100%|██████████| 13/13 [00:06<00:00,  4.29it/s]
100%|██████████| 13/13 [00:06<00:00,  2.12it/s]

  0%|          | 0/13 [00:00<?, ?it/s]
  8%|▊         | 1/13 [00:00<00:05,  2.26it/s]
 23%|██▎       | 3/13 [00:00<00:01,  5.44it/s]
 38%|███▊      | 5/13 [00:00<00:01,  7.19it/s]
 54%|█████▍    | 7/13 [00:03<00:03,  1.66it/s]
 69%|██████▉   | 9/13 [00:03<00:01,  2.42it/s]
 85%|████████▍ | 11/13 [00:03<00:00,  3.30it/s]
 92%|█████████▏| 12/13 [00:03<00:00,  3.80it/s]
100%|██████████| 13/13 [00:03<00:00,  3.35it/s]

  0%|          | 0/13 [00:00<?, ?it/s]
  8%|▊         | 1/13 [00:00<00:03,  3.24it/s]
 23%|██▎       | 3/13 [00:00<00:01,  6.75it/s]
 31%|███       | 4/13 [00:00<00:01,  7.55it/s]
 46%|████▌     | 6/13 [00:00<00:00,  8.65it/s]
 62%|██████▏   | 8/13 [00:03<00:02,  1.67it/s]
 77%|███████▋  | 10/13 [00:03<00:01,  2.44it/s]
 92%|█████████▏| 12/13 [00:03<00:00,  3.33it/s]
100%|██████████| 13/13 [00:03<00:00,  3.41it/s]

  0%|          | 0/13 [00:00<?, ?it/s]
  8%|▊         | 1/13 [00:02<00:30,  2.54s/it]
 15%|█▌        | 2/13 [00:02<00:12,  1.11s/it]
 31%|███       | 4/13 [00:02<00:04,  2.12it/s]
 46%|████▌     | 6/13 [00:03<00:02,  3.42it/s]
 54%|█████▍    | 7/13 [00:03<00:01,  4.10it/s]
 69%|██████▉   | 9/13 [00:05<00:02,  1.53it/s]
 85%|████████▍ | 11/13 [00:05<00:00,  2.25it/s]
100%|██████████| 13/13 [00:05<00:00,  3.11it/s]
100%|██████████| 13/13 [00:05<00:00,  2.19it/s]

  0%|          | 0/13 [00:00<?, ?it/s]
  8%|▊         | 1/13 [00:02<00:30,  2.58s/it]
 23%|██▎       | 3/13 [00:02<00:07,  1.35it/s]
 38%|███▊      | 5/13 [00:02<00:03,  2.45it/s]
 54%|█████▍    | 7/13 [00:03<00:01,  3.64it/s]
 69%|██████▉   | 9/13 [00:05<00:02,  1.59it/s]
 77%|███████▋  | 10/13 [00:05<00:01,  1.92it/s]
 92%|█████████▏| 12/13 [00:05<00:00,  2.78it/s]
100%|██████████| 13/13 [00:05<00:00,  2.18it/s]

  0%|          | 0/13 [00:00<?, ?it/s]
  8%|▊         | 1/13 [00:00<00:03,  3.51it/s]
 15%|█▌        | 2/13 [00:02<00:17,  1.56s/it]
 31%|███       | 4/13 [00:02<00:05,  1.56it/s]
 46%|████▌     | 6/13 [00:03<00:02,  2.62it/s]
 62%|██████▏   | 8/13 [00:03<00:01,  3.75it/s]
 69%|██████▉   | 9/13 [00:03<00:00,  4.35it/s]
 77%|███████▋  | 10/13 [00:03<00:00,  5.02it/s]
 85%|████████▍ | 11/13 [00:06<00:01,  1.27it/s]
100%|██████████| 13/13 [00:06<00:00,  2.03it/s]
100%|██████████| 13/13 [00:06<00:00,  2.10it/s]

  0%|          | 0/13 [00:00<?, ?it/s]
  8%|▊         | 1/13 [00:00<00:03,  3.78it/s]
 15%|█▌        | 2/13 [00:02<00:16,  1.49s/it]
 23%|██▎       | 3/13 [00:02<00:08,  1.15it/s]
 38%|███▊      | 5/13 [00:02<00:03,  2.32it/s]
 54%|█████▍    | 7/13 [00:03<00:01,  3.56it/s]
 69%|██████▉   | 9/13 [00:03<00:00,  4.80it/s]
 85%|████████▍ | 11/13 [00:05<00:01,  1.65it/s]
100%|██████████| 13/13 [00:06<00:00,  2.31it/s]
100%|██████████| 13/13 [00:06<00:00,  2.12it/s]

  0%|          | 0/13 [00:00<?, ?it/s]
  8%|▊         | 1/13 [00:02<00:31,  2.60s/it]
 23%|██▎       | 3/13 [00:02<00:07,  1.35it/s]
 38%|███▊      | 5/13 [00:02<00:03,  2.44it/s]
 54%|█████▍    | 7/13 [00:03<00:01,  3.59it/s]
 69%|██████▉   | 9/13 [00:03<00:00,  4.79it/s]
 77%|███████▋  | 10/13 [00:05<00:01,  1.51it/s]
 92%|█████████▏| 12/13 [00:05<00:00,  2.24it/s]
100%|██████████| 13/13 [00:05<00:00,  2.17it/s]

  0%|          | 0/13 [00:00<?, ?it/s]
  8%|▊         | 1/13 [00:00<00:03,  3.36it/s]
 15%|█▌        | 2/13 [00:02<00:16,  1.52s/it]
 31%|███       | 4/13 [00:02<00:05,  1.60it/s]
 46%|████▌     | 6/13 [00:03<00:02,  2.68it/s]
 62%|██████▏   | 8/13 [00:03<00:01,  3.83it/s]
 69%|██████▉   | 9/13 [00:03<00:00,  4.44it/s]
 77%|███████▋  | 10/13 [00:03<00:00,  5.13it/s]
 85%|████████▍ | 11/13 [00:05<00:01,  1.33it/s]
100%|██████████| 13/13 [00:05<00:00,  2.12it/s]
100%|██████████| 13/13 [00:05<00:00,  2.17it/s]

  0%|          | 0/13 [00:00<?, ?it/s]
  8%|▊         | 1/13 [00:00<00:03,  3.87it/s]
 15%|█▌        | 2/13 [00:00<00:01,  6.00it/s]
 23%|██▎       | 3/13 [00:02<00:11,  1.17s/it]
 38%|███▊      | 5/13 [00:02<00:04,  1.79it/s]
 46%|████▌     | 6/13 [00:03<00:03,  2.33it/s]
 62%|██████▏   | 8/13 [00:03<00:01,  3.60it/s]
 77%|███████▋  | 10/13 [00:03<00:00,  4.83it/s]
 92%|█████████▏| 12/13 [00:05<00:00,  1.74it/s]
100%|██████████| 13/13 [00:05<00:00,  2.19it/s]

  0%|          | 0/13 [00:00<?, ?it/s]
  8%|▊         | 1/13 [00:00<00:03,  3.82it/s]
 23%|██▎       | 3/13 [00:00<00:01,  7.03it/s]
 31%|███       | 4/13 [00:02<00:08,  1.10it/s]
 38%|███▊      | 5/13 [00:02<00:05,  1.55it/s]
 54%|█████▍    | 7/13 [00:03<00:02,  2.64it/s]
 69%|██████▉   | 9/13 [00:03<00:01,  3.80it/s]
 85%|████████▍ | 11/13 [00:03<00:00,  4.96it/s]
100%|██████████| 13/13 [00:06<00:00,  1.73it/s]
100%|██████████| 13/13 [00:06<00:00,  2.13it/s]

  0%|          | 0/13 [00:00<?, ?it/s]
  8%|▊         | 1/13 [00:00<00:03,  3.83it/s]
 23%|██▎       | 3/13 [00:00<00:01,  7.24it/s]
 31%|███       | 4/13 [00:00<00:01,  8.00it/s]
 38%|███▊      | 5/13 [00:02<00:07,  1.13it/s]
 54%|█████▍    | 7/13 [00:03<00:02,  2.00it/s]
 69%|██████▉   | 9/13 [00:03<00:01,  3.00it/s]
 85%|████████▍ | 11/13 [00:03<00:00,  4.05it/s]
100%|██████████| 13/13 [00:03<00:00,  5.16it/s]
100%|██████████| 13/13 [00:03<00:00,  3.48it/s]

  0%|          | 0/13 [00:00<?, ?it/s]
  8%|▊         | 1/13 [00:00<00:03,  3.68it/s]
 23%|██▎       | 3/13 [00:00<00:01,  7.20it/s]
 38%|███▊      | 5/13 [00:00<00:00,  8.57it/s]
 46%|████▌     | 6/13 [00:02<00:04,  1.42it/s]
 54%|█████▍    | 7/13 [00:03<00:03,  1.85it/s]
 69%|██████▉   | 9/13 [00:03<00:01,  2.92it/s]
 85%|████████▍ | 11/13 [00:03<00:00,  4.08it/s]
100%|██████████| 13/13 [00:03<00:00,  5.17it/s]
100%|██████████| 13/13 [00:03<00:00,  3.58it/s]

  0%|          | 0/13 [00:00<?, ?it/s]
  8%|▊         | 1/13 [00:02<00:31,  2.64s/it]
 23%|██▎       | 3/13 [00:02<00:07,  1.33it/s]
 38%|███▊      | 5/13 [00:03<00:03,  2.42it/s]
 54%|█████▍    | 7/13 [00:05<00:04,  1.30it/s]
 69%|██████▉   | 9/13 [00:05<00:02,  1.91it/s]
 85%|████████▍ | 11/13 [00:05<00:00,  2.67it/s]
100%|██████████| 13/13 [00:06<00:00,  3.56it/s]
100%|██████████| 13/13 [00:06<00:00,  2.12it/s]

  0%|          | 0/13 [00:00<?, ?it/s]
  8%|▊         | 1/13 [00:00<00:04,  2.52it/s]
 23%|██▎       | 3/13 [00:00<00:01,  5.80it/s]
 38%|███▊      | 5/13 [00:00<00:01,  7.61it/s]
 54%|█████▍    | 7/13 [00:00<00:00,  8.56it/s]
 62%|██████▏   | 8/13 [00:03<00:03,  1.53it/s]
 77%|███████▋  | 10/13 [00:03<00:01,  2.33it/s]
 92%|█████████▏| 12/13 [00:03<00:00,  3.26it/s]
100%|██████████| 13/13 [00:03<00:00,  3.38it/s]

  0%|          | 0/13 [00:00<?, ?it/s]
  8%|▊         | 1/13 [00:02<00:30,  2.52s/it]
 23%|██▎       | 3/13 [00:02<00:07,  1.39it/s]
 38%|███▊      | 5/13 [00:02<00:03,  2.50it/s]
 54%|█████▍    | 7/13 [00:03<00:01,  3.70it/s]
 69%|██████▉   | 9/13 [00:05<00:02,  1.57it/s]
 77%|███████▋  | 10/13 [00:05<00:01,  1.90it/s]
 92%|█████████▏| 12/13 [00:05<00:00,  2.75it/s]
100%|██████████| 13/13 [00:05<00:00,  2.18it/s]

  0%|          | 0/13 [00:00<?, ?it/s]
  8%|▊         | 1/13 [00:02<00:30,  2.56s/it]
 23%|██▎       | 3/13 [00:02<00:07,  1.36it/s]
 38%|███▊      | 5/13 [00:02<00:03,  2.47it/s]
 54%|█████▍    | 7/13 [00:03<00:01,  3.66it/s]
 69%|██████▉   | 9/13 [00:03<00:00,  4.83it/s]
 77%|███████▋  | 10/13 [00:05<00:02,  1.48it/s]
 92%|█████████▏| 12/13 [00:05<00:00,  2.20it/s]
100%|██████████| 13/13 [00:06<00:00,  2.16it/s]

  0%|          | 0/13 [00:00<?, ?it/s]
  8%|▊         | 1/13 [00:00<00:03,  3.92it/s]
 15%|█▌        | 2/13 [00:02<00:16,  1.49s/it]
 31%|███       | 4/13 [00:02<00:05,  1.63it/s]
 46%|████▌     | 6/13 [00:02<00:02,  2.72it/s]
 62%|██████▏   | 8/13 [00:03<00:01,  3.89it/s]
 69%|██████▉   | 9/13 [00:03<00:00,  4.28it/s]
 85%|████████▍ | 11/13 [00:05<00:01,  1.58it/s]
 92%|█████████▏| 12/13 [00:05<00:00,  1.94it/s]
100%|██████████| 13/13 [00:06<00:00,  2.16it/s]

  0%|          | 0/13 [00:00<?, ?it/s]
  8%|▊         | 1/13 [00:00<00:03,  3.88it/s]
 23%|██▎       | 3/13 [00:02<00:10,  1.03s/it]
 38%|███▊      | 5/13 [00:03<00:04,  1.82it/s]
 54%|█████▍    | 7/13 [00:03<00:02,  2.79it/s]
 62%|██████▏   | 8/13 [00:03<00:01,  3.35it/s]
 77%|███████▋  | 10/13 [00:03<00:00,  4.57it/s]
 85%|████████▍ | 11/13 [00:05<00:01,  1.43it/s]
100%|██████████| 13/13 [00:06<00:00,  2.16it/s]
100%|██████████| 13/13 [00:06<00:00,  2.13it/s]

  0%|          | 0/13 [00:00<?, ?it/s]
  8%|▊         | 1/13 [00:00<00:03,  3.95it/s]
 15%|█▌        | 2/13 [00:00<00:01,  6.13it/s]
 31%|███       | 4/13 [00:02<00:07,  1.13it/s]
 38%|███▊      | 5/13 [00:03<00:05,  1.55it/s]
 54%|█████▍    | 7/13 [00:03<00:02,  2.59it/s]
 69%|██████▉   | 9/13 [00:03<00:01,  3.73it/s]
 85%|████████▍ | 11/13 [00:06<00:01,  1.57it/s]
100%|██████████| 13/13 [00:06<00:00,  2.22it/s]
100%|██████████| 13/13 [00:06<00:00,  2.10it/s]

  0%|          | 0/13 [00:00<?, ?it/s]
  8%|▊         | 1/13 [00:00<00:03,  3.88it/s]
 23%|██▎       | 3/13 [00:02<00:09,  1.01it/s]
 38%|███▊      | 5/13 [00:02<00:04,  1.90it/s]
 54%|█████▍    | 7/13 [00:03<00:02,  2.92it/s]
 69%|██████▉   | 9/13 [00:03<00:00,  4.02it/s]
 85%|████████▍ | 11/13 [00:03<00:00,  5.11it/s]
 92%|█████████▏| 12/13 [00:05<00:00,  1.62it/s]
100%|██████████| 13/13 [00:05<00:00,  2.21it/s]

  0%|          | 0/13 [00:00<?, ?it/s]
  8%|▊         | 1/13 [00:00<00:03,  3.88it/s]
 23%|██▎       | 3/13 [00:00<00:01,  7.26it/s]
 38%|███▊      | 5/13 [00:02<00:05,  1.46it/s]
 54%|█████▍    | 7/13 [00:03<00:02,  2.29it/s]
 69%|██████▉   | 9/13 [00:03<00:01,  3.26it/s]
 85%|████████▍ | 11/13 [00:03<00:00,  4.28it/s]
100%|██████████| 13/13 [00:03<00:00,  5.32it/s]
100%|██████████| 13/13 [00:03<00:00,  3.59it/s]

  0%|          | 0/13 [00:00<?, ?it/s]
  8%|▊         | 1/13 [00:00<00:03,  3.06it/s]
 23%|██▎       | 3/13 [00:00<00:01,  6.52it/s]
 38%|███▊      | 5/13 [00:00<00:00,  8.06it/s]
 54%|█████▍    | 7/13 [00:00<00:00,  8.79it/s]
 62%|██████▏   | 8/13 [00:03<00:03,  1.52it/s]
 77%|███████▋  | 10/13 [00:03<00:01,  2.32it/s]
 92%|█████████▏| 12/13 [00:03<00:00,  3.24it/s]
100%|██████████| 13/13 [00:03<00:00,  3.40it/s]

  0%|          | 0/13 [00:00<?, ?it/s]
  8%|▊         | 1/13 [00:02<00:31,  2.61s/it]
 23%|██▎       | 3/13 [00:02<00:07,  1.35it/s]
 38%|███▊      | 5/13 [00:02<00:03,  2.43it/s]
 46%|████▌     | 6/13 [00:03<00:02,  3.05it/s]
 62%|██████▏   | 8/13 [00:03<00:01,  4.38it/s]
 69%|██████▉   | 9/13 [00:05<00:02,  1.36it/s]
 85%|████████▍ | 11/13 [00:05<00:00,  2.10it/s]
100%|██████████| 13/13 [00:06<00:00,  2.97it/s]
100%|██████████| 13/13 [00:06<00:00,  2.16it/s]

  0%|          | 0/13 [00:00<?, ?it/s]
  8%|▊         | 1/13 [00:02<00:31,  2.65s/it]
 23%|██▎       | 3/13 [00:02<00:07,  1.32it/s]
 38%|███▊      | 5/13 [00:03<00:03,  2.39it/s]
 54%|█████▍    | 7/13 [00:03<00:01,  3.55it/s]
 69%|██████▉   | 9/13 [00:03<00:00,  4.72it/s]
 77%|███████▋  | 10/13 [00:05<00:01,  1.53it/s]
 92%|█████████▏| 12/13 [00:05<00:00,  2.26it/s]
100%|██████████| 13/13 [00:06<00:00,  2.66it/s]
100%|██████████| 13/13 [00:06<00:00,  2.16it/s]

  0%|          | 0/13 [00:00<?, ?it/s]
  8%|▊         | 1/13 [00:00<00:03,  3.76it/s]
 15%|█▌        | 2/13 [00:02<00:18,  1.64s/it]
 23%|██▎       | 3/13 [00:03<00:09,  1.05it/s]
 31%|███       | 4/13 [00:03<00:06,  1.41it/s]
 46%|████▌     | 6/13 [00:05<00:06,  1.03it/s]
 62%|██████▏   | 8/13 [00:05<00:02,  1.69it/s]
 77%|███████▋  | 10/13 [00:06<00:01,  2.47it/s]
 92%|█████████▏| 12/13 [00:06<00:00,  3.37it/s]
100%|██████████| 13/13 [00:06<00:00,  3.89it/s]
100%|██████████| 13/13 [00:06<00:00,  2.02it/s]

  0%|          | 0/13 [00:00<?, ?it/s]
  8%|▊         | 1/13 [00:00<00:04,  2.47it/s]
 23%|██▎       | 3/13 [00:00<00:01,  5.75it/s]
 31%|███       | 4/13 [00:00<00:01,  6.60it/s]
 46%|████▌     | 6/13 [00:00<00:00,  7.93it/s]
 54%|█████▍    | 7/13 [00:01<00:00,  8.34it/s]
 62%|██████▏   | 8/13 [00:03<00:03,  1.32it/s]
 77%|███████▋  | 10/13 [00:03<00:01,  2.14it/s]
 85%|████████▍ | 11/13 [00:03<00:00,  2.63it/s]
100%|██████████| 13/13 [00:03<00:00,  3.77it/s]
100%|██████████| 13/13 [00:03<00:00,  3.30it/s]

  0%|          | 0/13 [00:00<?, ?it/s]
  8%|▊         | 1/13 [00:02<00:31,  2.65s/it]
 15%|█▌        | 2/13 [00:02<00:12,  1.16s/it]
 31%|███       | 4/13 [00:02<00:04,  2.05it/s]
 38%|███▊      | 5/13 [00:03<00:02,  2.71it/s]
 46%|████▌     | 6/13 [00:03<00:02,  3.49it/s]
 62%|██████▏   | 8/13 [00:05<00:03,  1.42it/s]
 77%|███████▋  | 10/13 [00:05<00:01,  2.18it/s]
 92%|█████████▏| 12/13 [00:05<00:00,  3.07it/s]
100%|██████████| 13/13 [00:05<00:00,  2.18it/s]

  0%|          | 0/13 [00:00<?, ?it/s]
  8%|▊         | 1/13 [00:02<00:30,  2.56s/it]
 15%|█▌        | 2/13 [00:02<00:12,  1.13s/it]
 31%|███       | 4/13 [00:02<00:04,  2.09it/s]
 38%|███▊      | 5/13 [00:02<00:02,  2.76it/s]
 46%|████▌     | 6/13 [00:03<00:01,  3.51it/s]
 54%|█████▍    | 7/13 [00:03<00:01,  4.36it/s]
 62%|██████▏   | 8/13 [00:03<00:00,  5.25it/s]
 77%|███████▋  | 10/13 [00:05<00:02,  1.45it/s]
 92%|█████████▏| 12/13 [00:06<00:00,  2.21it/s]
100%|██████████| 13/13 [00:06<00:00,  2.13it/s]

  0%|          | 0/13 [00:00<?, ?it/s]
  8%|▊         | 1/13 [00:00<00:03,  3.50it/s]
 15%|█▌        | 2/13 [00:02<00:17,  1.55s/it]
 31%|███       | 4/13 [00:02<00:05,  1.58it/s]
 46%|████▌     | 6/13 [00:03<00:02,  2.65it/s]
 62%|██████▏   | 8/13 [00:03<00:01,  3.80it/s]
 69%|██████▉   | 9/13 [00:03<00:00,  4.40it/s]
 77%|███████▋  | 10/13 [00:03<00:00,  5.09it/s]
 85%|████████▍ | 11/13 [00:05<00:01,  1.28it/s]
100%|██████████| 13/13 [00:06<00:00,  2.04it/s]
100%|██████████| 13/13 [00:06<00:00,  2.12it/s]

  0%|          | 0/13 [00:00<?, ?it/s]
  8%|▊         | 1/13 [00:00<00:03,  3.69it/s]
 15%|█▌        | 2/13 [00:02<00:16,  1.51s/it]
 23%|██▎       | 3/13 [00:02<00:08,  1.15it/s]
 38%|███▊      | 5/13 [00:02<00:03,  2.33it/s]
 54%|█████▍    | 7/13 [00:03<00:01,  3.58it/s]
 69%|██████▉   | 9/13 [00:03<00:00,  4.80it/s]
 85%|████████▍ | 11/13 [00:03<00:00,  5.95it/s]
 92%|█████████▏| 12/13 [00:05<00:00,  1.63it/s]
100%|██████████| 13/13 [00:05<00:00,  1.99it/s]
100%|██████████| 13/13 [00:05<00:00,  2.17it/s]

  0%|          | 0/13 [00:00<?, ?it/s]
  8%|▊         | 1/13 [00:00<00:03,  3.85it/s]
 23%|██▎       | 3/13 [00:00<00:01,  7.12it/s]
 31%|███       | 4/13 [00:02<00:08,  1.07it/s]
 46%|████▌     | 6/13 [00:03<00:03,  1.94it/s]
 62%|██████▏   | 8/13 [00:03<00:01,  2.94it/s]
 77%|███████▋  | 10/13 [00:03<00:00,  4.03it/s]
 92%|█████████▏| 12/13 [00:03<00:00,  5.09it/s]
100%|██████████| 13/13 [00:06<00:00,  1.55it/s]
100%|██████████| 13/13 [00:06<00:00,  2.13it/s]

  0%|          | 0/13 [00:00<?, ?it/s]
  8%|▊         | 1/13 [00:00<00:03,  3.90it/s]
 23%|██▎       | 3/13 [00:02<00:09,  1.01it/s]
 38%|███▊      | 5/13 [00:02<00:04,  1.89it/s]
 46%|████▌     | 6/13 [00:03<00:02,  2.40it/s]
 62%|██████▏   | 8/13 [00:03<00:01,  3.58it/s]
 77%|███████▋  | 10/13 [00:03<00:00,  4.76it/s]
 85%|████████▍ | 11/13 [00:05<00:01,  1.51it/s]
 92%|█████████▏| 12/13 [00:06<00:00,  1.75it/s]
100%|██████████| 13/13 [00:06<00:00,  2.12it/s]

  0%|          | 0/13 [00:00<?, ?it/s]
  8%|▊         | 1/13 [00:00<00:03,  3.85it/s]
 15%|█▌        | 2/13 [00:02<00:16,  1.51s/it]
 31%|███       | 4/13 [00:02<00:05,  1.61it/s]
 46%|████▌     | 6/13 [00:03<00:02,  2.69it/s]
 62%|██████▏   | 8/13 [00:03<00:01,  3.85it/s]
 77%|███████▋  | 10/13 [00:03<00:00,  4.98it/s]
 85%|████████▍ | 11/13 [00:05<00:01,  1.55it/s]
 92%|█████████▏| 12/13 [00:05<00:00,  1.91it/s]
100%|██████████| 13/13 [00:05<00:00,  2.38it/s]
100%|██████████| 13/13 [00:05<00:00,  2.18it/s]

  0%|          | 0/13 [00:00<?, ?it/s]
  8%|▊         | 1/13 [00:00<00:03,  3.69it/s]
 15%|█▌        | 2/13 [00:02<00:16,  1.53s/it]
 31%|███       | 4/13 [00:02<00:05,  1.59it/s]
 46%|████▌     | 6/13 [00:03<00:02,  2.67it/s]
 62%|██████▏   | 8/13 [00:03<00:01,  3.83it/s]
 77%|███████▋  | 10/13 [00:03<00:00,  4.99it/s]
 92%|█████████▏| 12/13 [00:05<00:00,  1.81it/s]
100%|██████████| 13/13 [00:05<00:00,  2.17it/s]

  0%|          | 0/13 [00:00<?, ?it/s]
  8%|▊         | 1/13 [00:00<00:03,  3.87it/s]
 23%|██▎       | 3/13 [00:00<00:01,  7.43it/s]
 31%|███       | 4/13 [00:02<00:08,  1.11it/s]
 38%|███▊      | 5/13 [00:02<00:05,  1.56it/s]
 54%|█████▍    | 7/13 [00:03<00:02,  2.68it/s]
 69%|██████▉   | 9/13 [00:03<00:01,  3.87it/s]
 85%|████████▍ | 11/13 [00:03<00:00,  5.06it/s]
100%|██████████| 13/13 [00:03<00:00,  6.15it/s]
100%|██████████| 13/13 [00:03<00:00,  3.56it/s]
[700/750] Ukiyo_e__Ukiyo_e__kitagawa-utamaro_the-hour-of-the-horse__to__Rococo.png  dt=6.18s  elapsed=34.5m  eta=2.5m

  0%|          | 0/13 [00:00<?, ?it/s]
  8%|▊         | 1/13 [00:00<00:03,  3.82it/s]
 23%|██▎       | 3/13 [00:00<00:01,  7.36it/s]
 38%|███▊      | 5/13 [00:00<00:00,  8.63it/s]
 46%|████▌     | 6/13 [00:03<00:05,  1.36it/s]
 62%|██████▏   | 8/13 [00:03<00:02,  2.20it/s]
 77%|███████▋  | 10/13 [00:03<00:00,  3.17it/s]
 92%|█████████▏| 12/13 [00:03<00:00,  4.20it/s]
100%|██████████| 13/13 [00:03<00:00,  3.50it/s]

  0%|          | 0/13 [00:00<?, ?it/s]
  8%|▊         | 1/13 [00:00<00:03,  3.38it/s]
 23%|██▎       | 3/13 [00:00<00:01,  6.75it/s]
 38%|███▊      | 5/13 [00:00<00:00,  8.19it/s]
 46%|████▌     | 6/13 [00:02<00:04,  1.41it/s]
 62%|██████▏   | 8/13 [00:03<00:02,  2.30it/s]
 77%|███████▋  | 10/13 [00:03<00:00,  3.33it/s]
 92%|█████████▏| 12/13 [00:03<00:00,  4.44it/s]
100%|██████████| 13/13 [00:03<00:00,  3.64it/s]

  0%|          | 0/13 [00:00<?, ?it/s]
  8%|▊         | 1/13 [00:02<00:29,  2.44s/it]
 23%|██▎       | 3/13 [00:02<00:06,  1.43it/s]
 38%|███▊      | 5/13 [00:02<00:03,  2.62it/s]
 54%|█████▍    | 7/13 [00:02<00:01,  3.90it/s]
 69%|██████▉   | 9/13 [00:03<00:00,  5.24it/s]
 85%|████████▍ | 11/13 [00:03<00:00,  6.39it/s]
100%|██████████| 13/13 [00:05<00:00,  1.94it/s]
100%|██████████| 13/13 [00:05<00:00,  2.25it/s]

  0%|          | 0/13 [00:00<?, ?it/s]
  8%|▊         | 1/13 [00:00<00:02,  4.34it/s]
 23%|██▎       | 3/13 [00:00<00:01,  7.90it/s]
 38%|███▊      | 5/13 [00:02<00:05,  1.49it/s]
 54%|█████▍    | 7/13 [00:02<00:02,  2.34it/s]
 69%|██████▉   | 9/13 [00:03<00:01,  3.36it/s]
 85%|████████▍ | 11/13 [00:03<00:00,  4.48it/s]
100%|██████████| 13/13 [00:03<00:00,  5.52it/s]
100%|██████████| 13/13 [00:03<00:00,  3.71it/s]

  0%|          | 0/13 [00:00<?, ?it/s]
  8%|▊         | 1/13 [00:02<00:29,  2.46s/it]
 23%|██▎       | 3/13 [00:02<00:07,  1.42it/s]
 38%|███▊      | 5/13 [00:02<00:03,  2.59it/s]
 54%|█████▍    | 7/13 [00:02<00:01,  3.84it/s]
 69%|██████▉   | 9/13 [00:03<00:00,  5.07it/s]
 85%|████████▍ | 11/13 [00:05<00:01,  1.86it/s]
100%|██████████| 13/13 [00:05<00:00,  2.59it/s]
100%|██████████| 13/13 [00:05<00:00,  2.29it/s]

  0%|          | 0/13 [00:00<?, ?it/s]
  8%|▊         | 1/13 [00:00<00:02,  4.38it/s]
 23%|██▎       | 3/13 [00:00<00:01,  8.20it/s]
 38%|███▊      | 5/13 [00:02<00:05,  1.40it/s]
 54%|█████▍    | 7/13 [00:03<00:02,  2.22it/s]
 69%|██████▉   | 9/13 [00:03<00:01,  3.17it/s]
 85%|████████▍ | 11/13 [00:03<00:00,  4.20it/s]
100%|██████████| 13/13 [00:03<00:00,  5.24it/s]
100%|██████████| 13/13 [00:03<00:00,  3.52it/s]

  0%|          | 0/13 [00:00<?, ?it/s]
  8%|▊         | 1/13 [00:00<00:03,  3.44it/s]
 23%|██▎       | 3/13 [00:00<00:01,  6.95it/s]
 31%|███       | 4/13 [00:00<00:01,  7.76it/s]
 38%|███▊      | 5/13 [00:03<00:07,  1.13it/s]
 54%|█████▍    | 7/13 [00:03<00:03,  2.00it/s]
 69%|██████▉   | 9/13 [00:03<00:01,  3.00it/s]
 85%|████████▍ | 11/13 [00:03<00:00,  4.09it/s]
100%|██████████| 13/13 [00:03<00:00,  5.15it/s]
100%|██████████| 13/13 [00:03<00:00,  3.47it/s]

  0%|          | 0/13 [00:00<?, ?it/s]
  8%|▊         | 1/13 [00:00<00:03,  3.93it/s]
 23%|██▎       | 3/13 [00:00<00:01,  7.38it/s]
 31%|███       | 4/13 [00:00<00:01,  8.11it/s]
 46%|████▌     | 6/13 [00:00<00:00,  9.08it/s]
 54%|█████▍    | 7/13 [00:03<00:04,  1.40it/s]
 69%|██████▉   | 9/13 [00:03<00:01,  2.24it/s]
 85%|████████▍ | 11/13 [00:03<00:00,  3.19it/s]
100%|██████████| 13/13 [00:03<00:00,  4.22it/s]
100%|██████████| 13/13 [00:03<00:00,  3.50it/s]

  0%|          | 0/13 [00:00<?, ?it/s]
  8%|▊         | 1/13 [00:00<00:04,  2.88it/s]
 23%|██▎       | 3/13 [00:00<00:01,  6.30it/s]
 38%|███▊      | 5/13 [00:00<00:01,  7.98it/s]
 46%|████▌     | 6/13 [00:00<00:00,  8.42it/s]
 54%|█████▍    | 7/13 [00:00<00:00,  8.80it/s]
 62%|██████▏   | 8/13 [00:03<00:03,  1.28it/s]
 77%|███████▋  | 10/13 [00:03<00:01,  2.11it/s]
 92%|█████████▏| 12/13 [00:03<00:00,  3.06it/s]
100%|██████████| 13/13 [00:03<00:00,  3.61it/s]
100%|██████████| 13/13 [00:03<00:00,  3.36it/s]

  0%|          | 0/13 [00:00<?, ?it/s]
  8%|▊         | 1/13 [00:02<00:33,  2.76s/it]
 23%|██▎       | 3/13 [00:02<00:07,  1.27it/s]
 38%|███▊      | 5/13 [00:03<00:03,  2.30it/s]
 54%|█████▍    | 7/13 [00:05<00:04,  1.25it/s]
 69%|██████▉   | 9/13 [00:05<00:02,  1.87it/s]
 85%|████████▍ | 11/13 [00:06<00:00,  2.62it/s]
100%|██████████| 13/13 [00:06<00:00,  3.49it/s]
100%|██████████| 13/13 [00:06<00:00,  2.05it/s]

  0%|          | 0/13 [00:00<?, ?it/s]
  8%|▊         | 1/13 [00:00<00:05,  2.35it/s]
 23%|██▎       | 3/13 [00:00<00:01,  5.50it/s]
 38%|███▊      | 5/13 [00:00<00:01,  7.27it/s]
 54%|█████▍    | 7/13 [00:03<00:03,  1.62it/s]
 69%|██████▉   | 9/13 [00:03<00:01,  2.39it/s]
 85%|████████▍ | 11/13 [00:03<00:00,  3.29it/s]
100%|██████████| 13/13 [00:03<00:00,  4.24it/s]
100%|██████████| 13/13 [00:03<00:00,  3.32it/s]

  0%|          | 0/13 [00:00<?, ?it/s]
  8%|▊         | 1/13 [00:00<00:03,  3.03it/s]
 23%|██▎       | 3/13 [00:00<00:01,  6.38it/s]
 38%|███▊      | 5/13 [00:00<00:00,  8.02it/s]
 54%|█████▍    | 7/13 [00:00<00:00,  8.93it/s]
 62%|██████▏   | 8/13 [00:03<00:03,  1.53it/s]
 77%|███████▋  | 10/13 [00:03<00:01,  2.33it/s]
 92%|█████████▏| 12/13 [00:03<00:00,  3.26it/s]
100%|██████████| 13/13 [00:03<00:00,  3.42it/s]

  0%|          | 0/13 [00:00<?, ?it/s]
  8%|▊         | 1/13 [00:02<00:31,  2.65s/it]
 23%|██▎       | 3/13 [00:02<00:07,  1.33it/s]
 38%|███▊      | 5/13 [00:03<00:03,  2.41it/s]
 54%|█████▍    | 7/13 [00:03<00:01,  3.58it/s]
 62%|██████▏   | 8/13 [00:03<00:01,  4.19it/s]
 69%|██████▉   | 9/13 [00:05<00:03,  1.25it/s]
 85%|████████▍ | 11/13 [00:05<00:01,  1.98it/s]
100%|██████████| 13/13 [00:06<00:00,  2.84it/s]
100%|██████████| 13/13 [00:06<00:00,  2.10it/s]

  0%|          | 0/13 [00:00<?, ?it/s]
  8%|▊         | 1/13 [00:02<00:31,  2.60s/it]
 23%|██▎       | 3/13 [00:02<00:07,  1.35it/s]
 38%|███▊      | 5/13 [00:02<00:03,  2.44it/s]
 46%|████▌     | 6/13 [00:03<00:02,  3.06it/s]
 62%|██████▏   | 8/13 [00:03<00:01,  4.38it/s]
 69%|██████▉   | 9/13 [00:05<00:02,  1.36it/s]
 85%|████████▍ | 11/13 [00:05<00:00,  2.10it/s]
 92%|█████████▏| 12/13 [00:05<00:00,  2.55it/s]
100%|██████████| 13/13 [00:06<00:00,  2.16it/s]

  0%|          | 0/13 [00:00<?, ?it/s]
  8%|▊         | 1/13 [00:02<00:30,  2.58s/it]
 23%|██▎       | 3/13 [00:02<00:07,  1.36it/s]
 38%|███▊      | 5/13 [00:02<00:03,  2.45it/s]
 54%|█████▍    | 7/13 [00:03<00:01,  3.62it/s]
 62%|██████▏   | 8/13 [00:03<00:01,  4.24it/s]
 69%|██████▉   | 9/13 [00:05<00:03,  1.28it/s]
 77%|███████▋  | 10/13 [00:05<00:01,  1.65it/s]
 92%|█████████▏| 12/13 [00:05<00:00,  2.59it/s]
100%|██████████| 13/13 [00:06<00:00,  2.14it/s]

  0%|          | 0/13 [00:00<?, ?it/s]
  8%|▊         | 1/13 [00:02<00:31,  2.63s/it]
 23%|██▎       | 3/13 [00:02<00:07,  1.34it/s]
 38%|███▊      | 5/13 [00:02<00:03,  2.43it/s]
 54%|█████▍    | 7/13 [00:03<00:01,  3.58it/s]
 69%|██████▉   | 9/13 [00:05<00:02,  1.58it/s]
 77%|███████▋  | 10/13 [00:05<00:01,  1.91it/s]
 92%|█████████▏| 12/13 [00:05<00:00,  2.77it/s]
100%|██████████| 13/13 [00:06<00:00,  2.16it/s]

  0%|          | 0/13 [00:00<?, ?it/s]
  8%|▊         | 1/13 [00:02<00:31,  2.64s/it]
 23%|██▎       | 3/13 [00:02<00:07,  1.33it/s]
 38%|███▊      | 5/13 [00:03<00:03,  2.42it/s]
 46%|████▌     | 6/13 [00:03<00:02,  3.03it/s]
 54%|█████▍    | 7/13 [00:03<00:01,  3.76it/s]
 69%|██████▉   | 9/13 [00:03<00:00,  5.23it/s]
 77%|███████▋  | 10/13 [00:05<00:02,  1.40it/s]
 92%|█████████▏| 12/13 [00:05<00:00,  2.17it/s]
100%|██████████| 13/13 [00:06<00:00,  2.15it/s]

  0%|          | 0/13 [00:00<?, ?it/s]
  8%|▊         | 1/13 [00:00<00:03,  3.97it/s]
 15%|█▌        | 2/13 [00:02<00:15,  1.44s/it]
 31%|███       | 4/13 [00:02<00:05,  1.67it/s]
 46%|████▌     | 6/13 [00:02<00:02,  2.78it/s]
 62%|██████▏   | 8/13 [00:03<00:01,  3.94it/s]
 77%|███████▋  | 10/13 [00:03<00:00,  5.11it/s]
 92%|█████████▏| 12/13 [00:03<00:00,  6.20it/s]
100%|██████████| 13/13 [00:05<00:00,  1.67it/s]
100%|██████████| 13/13 [00:05<00:00,  2.22it/s]

  0%|          | 0/13 [00:00<?, ?it/s]
  8%|▊         | 1/13 [00:00<00:03,  3.28it/s]
 23%|██▎       | 3/13 [00:00<00:01,  6.62it/s]
 31%|███       | 4/13 [00:02<00:08,  1.06it/s]
 38%|███▊      | 5/13 [00:03<00:05,  1.49it/s]
 54%|█████▍    | 7/13 [00:03<00:02,  2.56it/s]
 69%|██████▉   | 9/13 [00:03<00:01,  3.71it/s]
 77%|███████▋  | 10/13 [00:03<00:00,  4.32it/s]
 92%|█████████▏| 12/13 [00:03<00:00,  5.57it/s]
100%|██████████| 13/13 [00:06<00:00,  1.45it/s]
100%|██████████| 13/13 [00:06<00:00,  2.08it/s]

  0%|          | 0/13 [00:00<?, ?it/s]
  8%|▊         | 1/13 [00:00<00:03,  3.93it/s]
 15%|█▌        | 2/13 [00:00<00:01,  6.11it/s]
 31%|███       | 4/13 [00:02<00:07,  1.20it/s]
 46%|████▌     | 6/13 [00:03<00:03,  2.05it/s]
 62%|██████▏   | 8/13 [00:03<00:01,  3.05it/s]
 77%|███████▋  | 10/13 [00:03<00:00,  4.14it/s]
 92%|█████████▏| 12/13 [00:03<00:00,  5.23it/s]
100%|██████████| 13/13 [00:03<00:00,  5.76it/s]
100%|██████████| 13/13 [00:03<00:00,  3.53it/s]

  0%|          | 0/13 [00:00<?, ?it/s]
  8%|▊         | 1/13 [00:00<00:03,  3.96it/s]
 23%|██▎       | 3/13 [00:00<00:01,  7.35it/s]
 38%|███▊      | 5/13 [00:02<00:05,  1.42it/s]
 54%|█████▍    | 7/13 [00:03<00:02,  2.25it/s]
 62%|██████▏   | 8/13 [00:03<00:01,  2.69it/s]
 77%|███████▋  | 10/13 [00:03<00:00,  3.83it/s]
 92%|█████████▏| 12/13 [00:03<00:00,  4.94it/s]
100%|██████████| 13/13 [00:03<00:00,  5.51it/s]
100%|██████████| 13/13 [00:03<00:00,  3.49it/s]

  0%|          | 0/13 [00:00<?, ?it/s]
  8%|▊         | 1/13 [00:00<00:03,  3.86it/s]
 23%|██▎       | 3/13 [00:00<00:01,  7.24it/s]
 38%|███▊      | 5/13 [00:00<00:00,  8.60it/s]
 54%|█████▍    | 7/13 [00:03<00:03,  1.68it/s]
 69%|██████▉   | 9/13 [00:03<00:01,  2.47it/s]
 85%|████████▍ | 11/13 [00:03<00:00,  3.38it/s]
100%|██████████| 13/13 [00:03<00:00,  4.36it/s]
100%|██████████| 13/13 [00:03<00:00,  3.52it/s]

  0%|          | 0/13 [00:00<?, ?it/s]
  8%|▊         | 1/13 [00:00<00:03,  3.23it/s]
 15%|█▌        | 2/13 [00:00<00:02,  5.26it/s]
 23%|██▎       | 3/13 [00:00<00:01,  6.71it/s]
 38%|███▊      | 5/13 [00:00<00:00,  8.41it/s]
 54%|█████▍    | 7/13 [00:00<00:00,  9.20it/s]
 62%|██████▏   | 8/13 [00:03<00:03,  1.52it/s]
 77%|███████▋  | 10/13 [00:03<00:01,  2.34it/s]
 92%|█████████▏| 12/13 [00:03<00:00,  3.29it/s]
100%|██████████| 13/13 [00:03<00:00,  3.47it/s]

  0%|          | 0/13 [00:00<?, ?it/s]
  8%|▊         | 1/13 [00:02<00:31,  2.62s/it]
 15%|█▌        | 2/13 [00:02<00:12,  1.14s/it]
 31%|███       | 4/13 [00:02<00:04,  2.07it/s]
 46%|████▌     | 6/13 [00:03<00:02,  3.35it/s]
 54%|█████▍    | 7/13 [00:03<00:01,  4.02it/s]
 62%|██████▏   | 8/13 [00:03<00:01,  4.77it/s]
 69%|██████▉   | 9/13 [00:03<00:00,  5.56it/s]
 77%|███████▋  | 10/13 [00:05<00:02,  1.25it/s]
 92%|█████████▏| 12/13 [00:05<00:00,  2.06it/s]
100%|██████████| 13/13 [00:06<00:00,  2.14it/s]

  0%|          | 0/13 [00:00<?, ?it/s]
  8%|▊         | 1/13 [00:00<00:03,  3.85it/s]
 15%|█▌        | 2/13 [00:02<00:16,  1.53s/it]
 31%|███       | 4/13 [00:02<00:05,  1.59it/s]
 46%|████▌     | 6/13 [00:03<00:02,  2.66it/s]
 62%|██████▏   | 8/13 [00:03<00:01,  3.82it/s]
 77%|███████▋  | 10/13 [00:03<00:00,  4.96it/s]
 85%|████████▍ | 11/13 [00:05<00:01,  1.52it/s]
100%|██████████| 13/13 [00:06<00:00,  2.23it/s]
100%|██████████| 13/13 [00:06<00:00,  2.16it/s]

  0%|          | 0/13 [00:00<?, ?it/s]
  8%|▊         | 1/13 [00:00<00:03,  3.88it/s]
 23%|██▎       | 3/13 [00:00<00:01,  7.30it/s]
 31%|███       | 4/13 [00:02<00:07,  1.14it/s]
 38%|███▊      | 5/13 [00:02<00:05,  1.60it/s]
 54%|█████▍    | 7/13 [00:03<00:02,  2.76it/s]
 69%|██████▉   | 9/13 [00:03<00:01,  3.99it/s]
 85%|████████▍ | 11/13 [00:03<00:00,  5.22it/s]
100%|██████████| 13/13 [00:03<00:00,  6.38it/s]
100%|██████████| 13/13 [00:03<00:00,  3.66it/s]

  0%|          | 0/13 [00:00<?, ?it/s]
  8%|▊         | 1/13 [00:00<00:02,  4.19it/s]
 23%|██▎       | 3/13 [00:00<00:01,  7.91it/s]
 38%|███▊      | 5/13 [00:00<00:00,  9.26it/s]
 54%|█████▍    | 7/13 [00:03<00:03,  1.70it/s]
 69%|██████▉   | 9/13 [00:03<00:01,  2.51it/s]
 85%|████████▍ | 11/13 [00:03<00:00,  3.47it/s]
100%|██████████| 13/13 [00:03<00:00,  4.51it/s]
100%|██████████| 13/13 [00:03<00:00,  3.62it/s]

  0%|          | 0/13 [00:00<?, ?it/s]
  8%|▊         | 1/13 [00:02<00:29,  2.45s/it]
 23%|██▎       | 3/13 [00:02<00:06,  1.43it/s]
 38%|███▊      | 5/13 [00:02<00:03,  2.59it/s]
 54%|█████▍    | 7/13 [00:02<00:01,  3.83it/s]
 69%|██████▉   | 9/13 [00:03<00:00,  5.09it/s]
 85%|████████▍ | 11/13 [00:05<00:01,  1.84it/s]
100%|██████████| 13/13 [00:05<00:00,  2.56it/s]
100%|██████████| 13/13 [00:05<00:00,  2.27it/s]

  0%|          | 0/13 [00:00<?, ?it/s]
  8%|▊         | 1/13 [00:00<00:02,  4.24it/s]
 23%|██▎       | 3/13 [00:00<00:01,  7.95it/s]
 31%|███       | 4/13 [00:02<00:07,  1.17it/s]
 46%|████▌     | 6/13 [00:02<00:03,  2.13it/s]
 62%|██████▏   | 8/13 [00:02<00:01,  3.22it/s]
 77%|███████▋  | 10/13 [00:03<00:00,  4.37it/s]
 92%|█████████▏| 12/13 [00:03<00:00,  5.52it/s]
100%|██████████| 13/13 [00:03<00:00,  3.79it/s]

  0%|          | 0/13 [00:00<?, ?it/s]
  8%|▊         | 1/13 [00:00<00:03,  3.73it/s]
 23%|██▎       | 3/13 [00:00<00:01,  7.53it/s]
 38%|███▊      | 5/13 [00:00<00:00,  9.14it/s]
 54%|█████▍    | 7/13 [00:00<00:00, 10.02it/s]
 69%|██████▉   | 9/13 [00:00<00:00, 10.28it/s]
 85%|████████▍ | 11/13 [00:03<00:00,  2.07it/s]
100%|██████████| 13/13 [00:03<00:00,  2.84it/s]
100%|██████████| 13/13 [00:03<00:00,  3.66it/s]

  0%|          | 0/13 [00:00<?, ?it/s]
  8%|▊         | 1/13 [00:00<00:03,  3.51it/s]
 15%|█▌        | 2/13 [00:02<00:15,  1.43s/it]
 31%|███       | 4/13 [00:02<00:05,  1.70it/s]
 46%|████▌     | 6/13 [00:02<00:02,  2.85it/s]
 62%|██████▏   | 8/13 [00:03<00:01,  4.09it/s]
 77%|███████▋  | 10/13 [00:03<00:00,  5.34it/s]
 92%|█████████▏| 12/13 [00:03<00:00,  6.47it/s]
100%|██████████| 13/13 [00:03<00:00,  3.73it/s]

  0%|          | 0/13 [00:00<?, ?it/s]
  8%|▊         | 1/13 [00:00<00:02,  4.40it/s]
 23%|██▎       | 3/13 [00:00<00:01,  8.09it/s]
 38%|███▊      | 5/13 [00:00<00:00,  9.43it/s]
 54%|█████▍    | 7/13 [00:00<00:00, 10.17it/s]
 69%|██████▉   | 9/13 [00:03<00:02,  1.94it/s]
 85%|████████▍ | 11/13 [00:03<00:00,  2.74it/s]
100%|██████████| 13/13 [00:03<00:00,  3.65it/s]
100%|██████████| 13/13 [00:03<00:00,  3.69it/s]

  0%|          | 0/13 [00:00<?, ?it/s]
  8%|▊         | 1/13 [00:00<00:02,  4.35it/s]
 15%|█▌        | 2/13 [00:02<00:15,  1.45s/it]
 23%|██▎       | 3/13 [00:02<00:08,  1.20it/s]
 31%|███       | 4/13 [00:02<00:04,  1.84it/s]
 46%|████▌     | 6/13 [00:02<00:02,  3.33it/s]
 62%|██████▏   | 8/13 [00:03<00:01,  4.80it/s]
 77%|███████▋  | 10/13 [00:03<00:00,  6.12it/s]
 92%|█████████▏| 12/13 [00:05<00:00,  1.94it/s]
100%|██████████| 13/13 [00:05<00:00,  2.29it/s]

  0%|          | 0/13 [00:00<?, ?it/s]
  8%|▊         | 1/13 [00:00<00:02,  4.33it/s]
 23%|██▎       | 3/13 [00:00<00:01,  8.02it/s]
 38%|███▊      | 5/13 [00:00<00:00,  9.28it/s]
 46%|████▌     | 6/13 [00:02<00:04,  1.48it/s]
 62%|██████▏   | 8/13 [00:02<00:02,  2.37it/s]
 77%|███████▋  | 10/13 [00:03<00:00,  3.42it/s]
 92%|█████████▏| 12/13 [00:03<00:00,  4.51it/s]
100%|██████████| 13/13 [00:03<00:00,  3.78it/s]

  0%|          | 0/13 [00:00<?, ?it/s]
  8%|▊         | 1/13 [00:02<00:29,  2.42s/it]
 15%|█▌        | 2/13 [00:02<00:11,  1.07s/it]
 31%|███       | 4/13 [00:02<00:04,  2.22it/s]
 46%|████▌     | 6/13 [00:02<00:01,  3.59it/s]
 62%|██████▏   | 8/13 [00:03<00:01,  4.97it/s]
 77%|███████▋  | 10/13 [00:03<00:00,  6.18it/s]
 92%|█████████▏| 12/13 [00:05<00:00,  1.98it/s]
100%|██████████| 13/13 [00:05<00:00,  2.34it/s]
100%|██████████| 13/13 [00:05<00:00,  2.29it/s]

  0%|          | 0/13 [00:00<?, ?it/s]
  8%|▊         | 1/13 [00:00<00:02,  4.40it/s]
 23%|██▎       | 3/13 [00:00<00:01,  8.08it/s]
 38%|███▊      | 5/13 [00:02<00:05,  1.49it/s]
 54%|█████▍    | 7/13 [00:03<00:02,  2.30it/s]
 69%|██████▉   | 9/13 [00:03<00:01,  3.29it/s]
 85%|████████▍ | 11/13 [00:03<00:00,  4.39it/s]
100%|██████████| 13/13 [00:03<00:00,  5.55it/s]
100%|██████████| 13/13 [00:03<00:00,  3.69it/s]

  0%|          | 0/13 [00:00<?, ?it/s]
  8%|▊         | 1/13 [00:00<00:03,  3.83it/s]
 23%|██▎       | 3/13 [00:00<00:01,  7.65it/s]
 38%|███▊      | 5/13 [00:00<00:00,  9.10it/s]
 54%|█████▍    | 7/13 [00:00<00:00,  9.79it/s]
 69%|██████▉   | 9/13 [00:00<00:00, 10.10it/s]
 85%|████████▍ | 11/13 [00:03<00:00,  2.04it/s]
100%|██████████| 13/13 [00:03<00:00,  2.82it/s]
100%|██████████| 13/13 [00:03<00:00,  3.63it/s]

  0%|          | 0/13 [00:00<?, ?it/s]
  8%|▊         | 1/13 [00:00<00:02,  4.34it/s]
 15%|█▌        | 2/13 [00:02<00:15,  1.43s/it]
 31%|███       | 4/13 [00:02<00:05,  1.69it/s]
 46%|████▌     | 6/13 [00:02<00:02,  2.84it/s]
 62%|██████▏   | 8/13 [00:03<00:01,  4.07it/s]
 77%|███████▋  | 10/13 [00:03<00:00,  5.32it/s]
 92%|█████████▏| 12/13 [00:03<00:00,  6.45it/s]
100%|██████████| 13/13 [00:05<00:00,  2.29it/s]

  0%|          | 0/13 [00:00<?, ?it/s]
  8%|▊         | 1/13 [00:00<00:02,  4.19it/s]
 23%|██▎       | 3/13 [00:00<00:01,  8.04it/s]
 38%|███▊      | 5/13 [00:00<00:00,  9.26it/s]
 46%|████▌     | 6/13 [00:02<00:04,  1.46it/s]
 54%|█████▍    | 7/13 [00:02<00:03,  1.90it/s]
 69%|██████▉   | 9/13 [00:03<00:01,  3.03it/s]
 85%|████████▍ | 11/13 [00:03<00:00,  4.23it/s]
100%|██████████| 13/13 [00:03<00:00,  5.45it/s]
100%|██████████| 13/13 [00:03<00:00,  3.74it/s]

  0%|          | 0/13 [00:00<?, ?it/s]
  8%|▊         | 1/13 [00:02<00:29,  2.42s/it]
 23%|██▎       | 3/13 [00:02<00:06,  1.45it/s]
 38%|███▊      | 5/13 [00:02<00:03,  2.62it/s]
 54%|█████▍    | 7/13 [00:02<00:01,  3.88it/s]
 69%|██████▉   | 9/13 [00:03<00:00,  5.14it/s]
 85%|████████▍ | 11/13 [00:05<00:01,  1.87it/s]
100%|██████████| 13/13 [00:05<00:00,  2.60it/s]
100%|██████████| 13/13 [00:05<00:00,  2.31it/s]

  0%|          | 0/13 [00:00<?, ?it/s]
  8%|▊         | 1/13 [00:00<00:02,  4.26it/s]
 23%|██▎       | 3/13 [00:00<00:01,  8.23it/s]
 31%|███       | 4/13 [00:02<00:07,  1.18it/s]
 38%|███▊      | 5/13 [00:02<00:04,  1.61it/s]
 46%|████▌     | 6/13 [00:02<00:03,  2.19it/s]
 62%|██████▏   | 8/13 [00:03<00:01,  3.61it/s]
 77%|███████▋  | 10/13 [00:03<00:00,  4.99it/s]
 92%|█████████▏| 12/13 [00:03<00:00,  6.22it/s]
100%|██████████| 13/13 [00:03<00:00,  3.70it/s]

  0%|          | 0/13 [00:00<?, ?it/s]
  8%|▊         | 1/13 [00:00<00:03,  3.84it/s]
 23%|██▎       | 3/13 [00:00<00:01,  7.68it/s]
 38%|███▊      | 5/13 [00:00<00:00,  9.03it/s]
 54%|█████▍    | 7/13 [00:00<00:00,  9.76it/s]
 69%|██████▉   | 9/13 [00:03<00:02,  1.96it/s]
 85%|████████▍ | 11/13 [00:03<00:00,  2.74it/s]
100%|██████████| 13/13 [00:03<00:00,  3.64it/s]
100%|██████████| 13/13 [00:03<00:00,  3.66it/s]

  0%|          | 0/13 [00:00<?, ?it/s]
  8%|▊         | 1/13 [00:02<00:29,  2.47s/it]
 23%|██▎       | 3/13 [00:02<00:07,  1.42it/s]
 38%|███▊      | 5/13 [00:02<00:03,  2.59it/s]
 54%|█████▍    | 7/13 [00:02<00:01,  3.82it/s]
 69%|██████▉   | 9/13 [00:03<00:00,  5.02it/s]
 85%|████████▍ | 11/13 [00:03<00:00,  6.18it/s]
100%|██████████| 13/13 [00:06<00:00,  1.77it/s]
100%|██████████| 13/13 [00:06<00:00,  2.13it/s]

  0%|          | 0/13 [00:00<?, ?it/s]
  8%|▊         | 1/13 [00:00<00:03,  3.38it/s]
 23%|██▎       | 3/13 [00:00<00:01,  7.18it/s]
 31%|███       | 4/13 [00:02<00:08,  1.10it/s]
 46%|████▌     | 6/13 [00:03<00:03,  1.99it/s]
 62%|██████▏   | 8/13 [00:03<00:01,  3.03it/s]
 77%|███████▋  | 10/13 [00:03<00:00,  4.18it/s]
 92%|█████████▏| 12/13 [00:03<00:00,  5.33it/s]
100%|██████████| 13/13 [00:03<00:00,  3.57it/s]

  0%|          | 0/13 [00:00<?, ?it/s]
  8%|▊         | 1/13 [00:00<00:02,  4.21it/s]
 23%|██▎       | 3/13 [00:00<00:01,  7.96it/s]
 38%|███▊      | 5/13 [00:00<00:00,  9.22it/s]
 54%|█████▍    | 7/13 [00:00<00:00,  9.90it/s]
 69%|██████▉   | 9/13 [00:03<00:02,  1.91it/s]
 77%|███████▋  | 10/13 [00:03<00:01,  2.29it/s]
 92%|█████████▏| 12/13 [00:03<00:00,  3.28it/s]
100%|██████████| 13/13 [00:03<00:00,  3.61it/s]

  0%|          | 0/13 [00:00<?, ?it/s]
  8%|▊         | 1/13 [00:00<00:02,  4.26it/s]
 15%|█▌        | 2/13 [00:02<00:15,  1.43s/it]
 31%|███       | 4/13 [00:02<00:05,  1.68it/s]
 46%|████▌     | 6/13 [00:02<00:02,  2.82it/s]
 62%|██████▏   | 8/13 [00:03<00:01,  4.05it/s]
 77%|███████▋  | 10/13 [00:03<00:00,  5.30it/s]
 92%|█████████▏| 12/13 [00:03<00:00,  6.47it/s]
100%|██████████| 13/13 [00:05<00:00,  2.27it/s]
[750/750] Ukiyo_e__Ukiyo_e__utagawa-toyokuni_the-heian-courtier__to__Ukiyo_e.png  dt=5.97s  elapsed=38.8m  eta=0.0m
Done. Total time: 38.77 min (3.10 s/image)
