python : 2026-07-02 11:59:45,540 - INFO - Device: cuda
At line:15 char:3613
+ ... pgrep\bin'; python run.py --config configs/630_local_t26_ll_ycbcr.jso ...
+                 ~~~~~~~~~~~~~~~~~~~~~~~~~~~~~~~~~~~~~~~~~~~~~~~~~~~~~~~~~
    + CategoryInfo          : NotSpecified: (2026-07-02 11:5... - Device: cuda:String) [], RemoteException
    + FullyQualifiedErrorId : NativeCommandError
 
2026-07-02 11:59:45,540 - INFO - Seed: 42
2026-07-02 11:59:45,549 - INFO - Loaded latent manifest cache: G:\GitHub\Latent_Style\Dataset\distinct5_512_latents_ema
\train\.latent_cache\packed\manifest.json
2026-07-02 11:59:45,549 - INFO - Loading latent dataset from G:\GitHub\Latent_Style\Dataset\distinct5_512_latents_ema\t
rain
2026-07-02 11:59:45,626 - INFO - Loaded packed latent cache: G:\GitHub\Latent_Style\Dataset\distinct5_512_latents_ema\t
rain\.latent_cache\packed\packed\00_Early_Renaissance.pt
2026-07-02 11:59:45,660 - INFO -   style=Early_Renaissance id=0 count=1000
2026-07-02 11:59:45,725 - INFO - Loaded packed latent cache: G:\GitHub\Latent_Style\Dataset\distinct5_512_latents_ema\t
rain\.latent_cache\packed\packed\01_Impressionism.pt
2026-07-02 11:59:45,754 - INFO -   style=Impressionism id=1 count=1000
2026-07-02 11:59:45,826 - INFO - Loaded packed latent cache: G:\GitHub\Latent_Style\Dataset\distinct5_512_latents_ema\t
rain\.latent_cache\packed\packed\02_Minimalism.pt
2026-07-02 11:59:45,857 - INFO -   style=Minimalism id=2 count=1000
2026-07-02 11:59:45,930 - INFO - Loaded packed latent cache: G:\GitHub\Latent_Style\Dataset\distinct5_512_latents_ema\t
rain\.latent_cache\packed\packed\03_Rococo.pt
2026-07-02 11:59:45,959 - INFO -   style=Rococo id=3 count=1000
2026-07-02 11:59:46,034 - INFO - Loaded packed latent cache: G:\GitHub\Latent_Style\Dataset\distinct5_512_latents_ema\t
rain\.latent_cache\packed\packed\04_Ukiyo_e.pt
2026-07-02 11:59:46,066 - INFO -   style=Ukiyo_e id=4 count=1000
2026-07-02 11:59:46,067 - WARNING - pairing cache not found: G:\GitHub\Latent_Style\Dataset\distinct5_512_latents_ema\t
rain\.latent_cache\prototype_pairing_top8.pt
2026-07-02 11:59:46,079 - INFO - DataLoader | batch=24 workers=0 shuffle=False pin_memory=False persistent_workers=Fals
e preload_to_gpu=False balanced_target=True pairing_cache=False pairing_mode=rank_stratified rank_schedule=fixed active
_topk=0 min_topk=1 curriculum_epochs=0 rank_power=1.000 topk=8 explore=0.000/0 dual_mix=0.000/0 aux_topk=0
2026-07-02 11:59:46,350 - INFO - Model params: 903,248
2026-07-02 11:59:48,319 - INFO - No checkpoint found, start from scratch.
2026-07-02 11:59:48,323 - INFO - Epoch 1 weight schedule: stage=0 w_content=0.0000 w_style=0.0000 w_style_strength_reg=
0.0000 sigma=0.0000

Epoch 1/5:   0%|          | 0/208 [00:00<?, ?it/s]
Epoch 1/5:   0%|          | 0/208 [00:01<?, ?it/s, curv=0.0000, flow=2.5639, kin=0.0000, loss=2.5639, ot=0.0000, t=0.41
2, tswd=0.0000]
Epoch 1/5:   0%|          | 1/208 [00:01<06:15,  1.81s/it, curv=0.0000, flow=2.5639, kin=0.0000, loss=2.5639, ot=0.0000
, t=0.412, tswd=0.0000]
Epoch 1/5:   1%|          | 2/208 [00:01<02:56,  1.17it/s, curv=0.0000, flow=2.5639, kin=0.0000, loss=2.5639, ot=0.0000
, t=0.412, tswd=0.0000]
Epoch 1/5:   1%|▏         | 3/208 [00:02<01:52,  1.82it/s, curv=0.0000, flow=2.5639, kin=0.0000, loss=2.5639, ot=0.0000
, t=0.412, tswd=0.0000]
Epoch 1/5:   2%|▏         | 4/208 [00:02<01:23,  2.43it/s, curv=0.0000, flow=2.5639, kin=0.0000, loss=2.5639, ot=0.0000
, t=0.412, tswd=0.0000]
Epoch 1/5:   2%|▏         | 5/208 [00:02<01:07,  3.03it/s, curv=0.0000, flow=2.5639, kin=0.0000, loss=2.5639, ot=0.0000
, t=0.412, tswd=0.0000]
Epoch 1/5:   3%|▎         | 6/208 [00:02<00:57,  3.51it/s, curv=0.0000, flow=2.5639, kin=0.0000, loss=2.5639, ot=0.0000
, t=0.412, tswd=0.0000]
Epoch 1/5:   3%|▎         | 7/208 [00:02<00:51,  3.91it/s, curv=0.0000, flow=2.5639, kin=0.0000, loss=2.5639, ot=0.0000
, t=0.412, tswd=0.0000]
Epoch 1/5:   4%|▍         | 8/208 [00:03<00:45,  4.39it/s, curv=0.0000, flow=2.5639, kin=0.0000, loss=2.5639, ot=0.0000
, t=0.412, tswd=0.0000]
Epoch 1/5:   4%|▍         | 9/208 [00:03<00:42,  4.65it/s, curv=0.0000, flow=2.5639, kin=0.0000, loss=2.5639, ot=0.0000
, t=0.412, tswd=0.0000]
Epoch 1/5:   5%|▍         | 10/208 [00:03<00:40,  4.85it/s, curv=0.0000, flow=2.5639, kin=0.0000, loss=2.5639, ot=0.000
0, t=0.412, tswd=0.0000]
Epoch 1/5:   5%|▌         | 11/208 [00:03<00:38,  5.07it/s, curv=0.0000, flow=2.5639, kin=0.0000, loss=2.5639, ot=0.000
0, t=0.412, tswd=0.0000]
Epoch 1/5:   6%|▌         | 12/208 [00:03<00:37,  5.24it/s, curv=0.0000, flow=2.5639, kin=0.0000, loss=2.5639, ot=0.000
0, t=0.412, tswd=0.0000]
Epoch 1/5:   6%|▋         | 13/208 [00:04<00:36,  5.40it/s, curv=0.0000, flow=2.5639, kin=0.0000, loss=2.5639, ot=0.000
0, t=0.412, tswd=0.0000]
Epoch 1/5:   7%|▋         | 14/208 [00:04<00:34,  5.56it/s, curv=0.0000, flow=2.5639, kin=0.0000, loss=2.5639, ot=0.000
0, t=0.412, tswd=0.0000]
Epoch 1/5:   7%|▋         | 15/208 [00:04<00:34,  5.61it/s, curv=0.0000, flow=2.5639, kin=0.0000, loss=2.5639, ot=0.000
0, t=0.412, tswd=0.0000]
Epoch 1/5:   8%|▊         | 16/208 [00:04<00:34,  5.54it/s, curv=0.0000, flow=2.5639, kin=0.0000, loss=2.5639, ot=0.000
0, t=0.412, tswd=0.0000]
Epoch 1/5:   8%|▊         | 17/208 [00:04<00:34,  5.59it/s, curv=0.0000, flow=2.5639, kin=0.0000, loss=2.5639, ot=0.000
0, t=0.412, tswd=0.0000]
Epoch 1/5:   9%|▊         | 18/208 [00:04<00:33,  5.75it/s, curv=0.0000, flow=2.5639, kin=0.0000, loss=2.5639, ot=0.000
0, t=0.412, tswd=0.0000]
Epoch 1/5:   9%|▉         | 19/208 [00:05<00:33,  5.62it/s, curv=0.0000, flow=2.5639, kin=0.0000, loss=2.5639, ot=0.000
0, t=0.412, tswd=0.0000]
Epoch 1/5:   9%|▉         | 19/208 [00:05<00:33,  5.62it/s, curv=0.0000, flow=2.5647, kin=0.0000, loss=2.5647, ot=0.000
0, t=0.481, tswd=0.0000]
Epoch 1/5:  10%|▉         | 20/208 [00:05<00:33,  5.60it/s, curv=0.0000, flow=2.5647, kin=0.0000, loss=2.5647, ot=0.000
0, t=0.481, tswd=0.0000]
Epoch 1/5:  10%|█         | 21/208 [00:05<00:33,  5.57it/s, curv=0.0000, flow=2.5647, kin=0.0000, loss=2.5647, ot=0.000
0, t=0.481, tswd=0.0000]
Epoch 1/5:  11%|█         | 22/208 [00:05<00:33,  5.51it/s, curv=0.0000, flow=2.5647, kin=0.0000, loss=2.5647, ot=0.000
0, t=0.481, tswd=0.0000]
Epoch 1/5:  11%|█         | 23/208 [00:05<00:33,  5.50it/s, curv=0.0000, flow=2.5647, kin=0.0000, loss=2.5647, ot=0.000
0, t=0.481, tswd=0.0000]
Epoch 1/5:  12%|█▏        | 24/208 [00:05<00:33,  5.52it/s, curv=0.0000, flow=2.5647, kin=0.0000, loss=2.5647, ot=0.000
0, t=0.481, tswd=0.0000]
Epoch 1/5:  12%|█▏        | 25/208 [00:06<00:32,  5.58it/s, curv=0.0000, flow=2.5647, kin=0.0000, loss=2.5647, ot=0.000
0, t=0.481, tswd=0.0000]
Epoch 1/5:  12%|█▎        | 26/208 [00:06<00:33,  5.51it/s, curv=0.0000, flow=2.5647, kin=0.0000, loss=2.5647, ot=0.000
0, t=0.481, tswd=0.0000]
Epoch 1/5:  13%|█▎        | 27/208 [00:06<00:31,  5.70it/s, curv=0.0000, flow=2.5647, kin=0.0000, loss=2.5647, ot=0.000
0, t=0.481, tswd=0.0000]
Epoch 1/5:  13%|█▎        | 28/208 [00:06<00:32,  5.60it/s, curv=0.0000, flow=2.5647, kin=0.0000, loss=2.5647, ot=0.000
0, t=0.481, tswd=0.0000]
Epoch 1/5:  14%|█▍        | 29/208 [00:06<00:32,  5.47it/s, curv=0.0000, flow=2.5647, kin=0.0000, loss=2.5647, ot=0.000
0, t=0.481, tswd=0.0000]
Epoch 1/5:  14%|█▍        | 30/208 [00:07<00:32,  5.49it/s, curv=0.0000, flow=2.5647, kin=0.0000, loss=2.5647, ot=0.000
0, t=0.481, tswd=0.0000]
Epoch 1/5:  15%|█▍        | 31/208 [00:07<00:32,  5.46it/s, curv=0.0000, flow=2.5647, kin=0.0000, loss=2.5647, ot=0.000
0, t=0.481, tswd=0.0000]
Epoch 1/5:  15%|█▌        | 32/208 [00:07<00:32,  5.40it/s, curv=0.0000, flow=2.5647, kin=0.0000, loss=2.5647, ot=0.000
0, t=0.481, tswd=0.0000]
Epoch 1/5:  16%|█▌        | 33/208 [00:07<00:33,  5.16it/s, curv=0.0000, flow=2.5647, kin=0.0000, loss=2.5647, ot=0.000
0, t=0.481, tswd=0.0000]
Epoch 1/5:  16%|█▋        | 34/208 [00:07<00:34,  5.09it/s, curv=0.0000, flow=2.5647, kin=0.0000, loss=2.5647, ot=0.000
0, t=0.481, tswd=0.0000]
Epoch 1/5:  17%|█▋        | 35/208 [00:08<00:33,  5.09it/s, curv=0.0000, flow=2.5647, kin=0.0000, loss=2.5647, ot=0.000
0, t=0.481, tswd=0.0000]
Epoch 1/5:  17%|█▋        | 36/208 [00:08<00:34,  5.04it/s, curv=0.0000, flow=2.5647, kin=0.0000, loss=2.5647, ot=0.000
0, t=0.481, tswd=0.0000]
Epoch 1/5:  18%|█▊        | 37/208 [00:08<00:33,  5.13it/s, curv=0.0000, flow=2.5647, kin=0.0000, loss=2.5647, ot=0.000
0, t=0.481, tswd=0.0000]
Epoch 1/5:  18%|█▊        | 38/208 [00:08<00:32,  5.26it/s, curv=0.0000, flow=2.5647, kin=0.0000, loss=2.5647, ot=0.000
0, t=0.481, tswd=0.0000]
Epoch 1/5:  19%|█▉        | 39/208 [00:08<00:31,  5.42it/s, curv=0.0000, flow=2.5647, kin=0.0000, loss=2.5647, ot=0.000
0, t=0.481, tswd=0.0000]
Epoch 1/5:  19%|█▉        | 39/208 [00:08<00:31,  5.42it/s, curv=0.0000, flow=2.5592, kin=0.0000, loss=2.5592, ot=0.000
0, t=0.494, tswd=0.0000]
Epoch 1/5:  19%|█▉        | 40/208 [00:08<00:30,  5.60it/s, curv=0.0000, flow=2.5592, kin=0.0000, loss=2.5592, ot=0.000
0, t=0.494, tswd=0.0000]
Epoch 1/5:  20%|█▉        | 41/208 [00:09<00:29,  5.59it/s, curv=0.0000, flow=2.5592, kin=0.0000, loss=2.5592, ot=0.000
0, t=0.494, tswd=0.0000]
Epoch 1/5:  20%|██        | 42/208 [00:09<00:29,  5.62it/s, curv=0.0000, flow=2.5592, kin=0.0000, loss=2.5592, ot=0.000
0, t=0.494, tswd=0.0000]
Epoch 1/5:  21%|██        | 43/208 [00:09<00:29,  5.59it/s, curv=0.0000, flow=2.5592, kin=0.0000, loss=2.5592, ot=0.000
0, t=0.494, tswd=0.0000]
Epoch 1/5:  21%|██        | 44/208 [00:09<00:29,  5.55it/s, curv=0.0000, flow=2.5592, kin=0.0000, loss=2.5592, ot=0.000
0, t=0.494, tswd=0.0000]
Epoch 1/5:  22%|██▏       | 45/208 [00:09<00:29,  5.54it/s, curv=0.0000, flow=2.5592, kin=0.0000, loss=2.5592, ot=0.000
0, t=0.494, tswd=0.0000]
Epoch 1/5:  22%|██▏       | 46/208 [00:10<00:28,  5.65it/s, curv=0.0000, flow=2.5592, kin=0.0000, loss=2.5592, ot=0.000
0, t=0.494, tswd=0.0000]
Epoch 1/5:  23%|██▎       | 47/208 [00:10<00:29,  5.37it/s, curv=0.0000, flow=2.5592, kin=0.0000, loss=2.5592, ot=0.000
0, t=0.494, tswd=0.0000]
Epoch 1/5:  23%|██▎       | 48/208 [00:10<00:30,  5.32it/s, curv=0.0000, flow=2.5592, kin=0.0000, loss=2.5592, ot=0.000
0, t=0.494, tswd=0.0000]
Epoch 1/5:  24%|██▎       | 49/208 [00:10<00:29,  5.37it/s, curv=0.0000, flow=2.5592, kin=0.0000, loss=2.5592, ot=0.000
0, t=0.494, tswd=0.0000]
Epoch 1/5:  24%|██▍       | 50/208 [00:10<00:29,  5.32it/s, curv=0.0000, flow=2.5592, kin=0.0000, loss=2.5592, ot=0.000
0, t=0.494, tswd=0.0000]
Epoch 1/5:  25%|██▍       | 51/208 [00:10<00:29,  5.29it/s, curv=0.0000, flow=2.5592, kin=0.0000, loss=2.5592, ot=0.000
0, t=0.494, tswd=0.0000]
Epoch 1/5:  25%|██▌       | 52/208 [00:11<00:29,  5.27it/s, curv=0.0000, flow=2.5592, kin=0.0000, loss=2.5592, ot=0.000
0, t=0.494, tswd=0.0000]
Epoch 1/5:  25%|██▌       | 53/208 [00:11<00:29,  5.24it/s, curv=0.0000, flow=2.5592, kin=0.0000, loss=2.5592, ot=0.000
0, t=0.494, tswd=0.0000]
Epoch 1/5:  26%|██▌       | 54/208 [00:11<00:27,  5.55it/s, curv=0.0000, flow=2.5592, kin=0.0000, loss=2.5592, ot=0.000
0, t=0.494, tswd=0.0000]
Epoch 1/5:  26%|██▋       | 55/208 [00:11<00:28,  5.46it/s, curv=0.0000, flow=2.5592, kin=0.0000, loss=2.5592, ot=0.000
0, t=0.494, tswd=0.0000]
Epoch 1/5:  27%|██▋       | 56/208 [00:11<00:27,  5.52it/s, curv=0.0000, flow=2.5592, kin=0.0000, loss=2.5592, ot=0.000
0, t=0.494, tswd=0.0000]
Epoch 1/5:  27%|██▋       | 57/208 [00:12<00:27,  5.50it/s, curv=0.0000, flow=2.5592, kin=0.0000, loss=2.5592, ot=0.000
0, t=0.494, tswd=0.0000]
Epoch 1/5:  28%|██▊       | 58/208 [00:12<00:27,  5.53it/s, curv=0.0000, flow=2.5592, kin=0.0000, loss=2.5592, ot=0.000
0, t=0.494, tswd=0.0000]
Epoch 1/5:  28%|██▊       | 59/208 [00:12<00:27,  5.39it/s, curv=0.0000, flow=2.5592, kin=0.0000, loss=2.5592, ot=0.000
0, t=0.494, tswd=0.0000]
Epoch 1/5:  28%|██▊       | 59/208 [00:12<00:27,  5.39it/s, curv=0.0000, flow=2.5570, kin=0.0000, loss=2.5570, ot=0.000
0, t=0.490, tswd=0.0000]
Epoch 1/5:  29%|██▉       | 60/208 [00:12<00:27,  5.44it/s, curv=0.0000, flow=2.5570, kin=0.0000, loss=2.5570, ot=0.000
0, t=0.490, tswd=0.0000]
Epoch 1/5:  29%|██▉       | 61/208 [00:12<00:27,  5.34it/s, curv=0.0000, flow=2.5570, kin=0.0000, loss=2.5570, ot=0.000
0, t=0.490, tswd=0.0000]
Epoch 1/5:  30%|██▉       | 62/208 [00:13<00:27,  5.29it/s, curv=0.0000, flow=2.5570, kin=0.0000, loss=2.5570, ot=0.000
0, t=0.490, tswd=0.0000]
Epoch 1/5:  30%|███       | 63/208 [00:13<00:27,  5.25it/s, curv=0.0000, flow=2.5570, kin=0.0000, loss=2.5570, ot=0.000
0, t=0.490, tswd=0.0000]
Epoch 1/5:  31%|███       | 64/208 [00:13<00:27,  5.28it/s, curv=0.0000, flow=2.5570, kin=0.0000, loss=2.5570, ot=0.000
0, t=0.490, tswd=0.0000]
Epoch 1/5:  31%|███▏      | 65/208 [00:13<00:26,  5.33it/s, curv=0.0000, flow=2.5570, kin=0.0000, loss=2.5570, ot=0.000
0, t=0.490, tswd=0.0000]
Epoch 1/5:  32%|███▏      | 66/208 [00:13<00:26,  5.37it/s, curv=0.0000, flow=2.5570, kin=0.0000, loss=2.5570, ot=0.000
0, t=0.490, tswd=0.0000]
Epoch 1/5:  32%|███▏      | 67/208 [00:13<00:25,  5.45it/s, curv=0.0000, flow=2.5570, kin=0.0000, loss=2.5570, ot=0.000
0, t=0.490, tswd=0.0000]
Epoch 1/5:  33%|███▎      | 68/208 [00:14<00:25,  5.40it/s, curv=0.0000, flow=2.5570, kin=0.0000, loss=2.5570, ot=0.000
0, t=0.490, tswd=0.0000]
Epoch 1/5:  33%|███▎      | 69/208 [00:14<00:25,  5.36it/s, curv=0.0000, flow=2.5570, kin=0.0000, loss=2.5570, ot=0.000
0, t=0.490, tswd=0.0000]
Epoch 1/5:  34%|███▎      | 70/208 [00:14<00:25,  5.33it/s, curv=0.0000, flow=2.5570, kin=0.0000, loss=2.5570, ot=0.000
0, t=0.490, tswd=0.0000]
Epoch 1/5:  34%|███▍      | 71/208 [00:14<00:26,  5.22it/s, curv=0.0000, flow=2.5570, kin=0.0000, loss=2.5570, ot=0.000
0, t=0.490, tswd=0.0000]
Epoch 1/5:  35%|███▍      | 72/208 [00:14<00:25,  5.25it/s, curv=0.0000, flow=2.5570, kin=0.0000, loss=2.5570, ot=0.000
0, t=0.490, tswd=0.0000]
Epoch 1/5:  35%|███▌      | 73/208 [00:15<00:26,  5.17it/s, curv=0.0000, flow=2.5570, kin=0.0000, loss=2.5570, ot=0.000
0, t=0.490, tswd=0.0000]
Epoch 1/5:  36%|███▌      | 74/208 [00:15<00:25,  5.16it/s, curv=0.0000, flow=2.5570, kin=0.0000, loss=2.5570, ot=0.000
0, t=0.490, tswd=0.0000]
Epoch 1/5:  36%|███▌      | 75/208 [00:15<00:25,  5.19it/s, curv=0.0000, flow=2.5570, kin=0.0000, loss=2.5570, ot=0.000
0, t=0.490, tswd=0.0000]
Epoch 1/5:  37%|███▋      | 76/208 [00:15<00:25,  5.16it/s, curv=0.0000, flow=2.5570, kin=0.0000, loss=2.5570, ot=0.000
0, t=0.490, tswd=0.0000]
Epoch 1/5:  37%|███▋      | 77/208 [00:15<00:26,  4.98it/s, curv=0.0000, flow=2.5570, kin=0.0000, loss=2.5570, ot=0.000
0, t=0.490, tswd=0.0000]
Epoch 1/5:  38%|███▊      | 78/208 [00:16<00:25,  5.07it/s, curv=0.0000, flow=2.5570, kin=0.0000, loss=2.5570, ot=0.000
0, t=0.490, tswd=0.0000]
Epoch 1/5:  38%|███▊      | 79/208 [00:16<00:25,  5.07it/s, curv=0.0000, flow=2.5570, kin=0.0000, loss=2.5570, ot=0.000
0, t=0.490, tswd=0.0000]
Epoch 1/5:  38%|███▊      | 79/208 [00:16<00:25,  5.07it/s, curv=0.0000, flow=2.5546, kin=0.0000, loss=2.5546, ot=0.000
0, t=0.499, tswd=0.0000]
Epoch 1/5:  38%|███▊      | 80/208 [00:16<00:25,  5.09it/s, curv=0.0000, flow=2.5546, kin=0.0000, loss=2.5546, ot=0.000
0, t=0.499, tswd=0.0000]
Epoch 1/5:  39%|███▉      | 81/208 [00:16<00:25,  5.06it/s, curv=0.0000, flow=2.5546, kin=0.0000, loss=2.5546, ot=0.000
0, t=0.499, tswd=0.0000]
Epoch 1/5:  39%|███▉      | 82/208 [00:16<00:25,  5.03it/s, curv=0.0000, flow=2.5546, kin=0.0000, loss=2.5546, ot=0.000
0, t=0.499, tswd=0.0000]
Epoch 1/5:  40%|███▉      | 83/208 [00:17<00:24,  5.11it/s, curv=0.0000, flow=2.5546, kin=0.0000, loss=2.5546, ot=0.000
0, t=0.499, tswd=0.0000]
Epoch 1/5:  40%|████      | 84/208 [00:17<00:23,  5.26it/s, curv=0.0000, flow=2.5546, kin=0.0000, loss=2.5546, ot=0.000
0, t=0.499, tswd=0.0000]
Epoch 1/5:  41%|████      | 85/208 [00:17<00:23,  5.31it/s, curv=0.0000, flow=2.5546, kin=0.0000, loss=2.5546, ot=0.000
0, t=0.499, tswd=0.0000]
Epoch 1/5:  41%|████▏     | 86/208 [00:17<00:23,  5.30it/s, curv=0.0000, flow=2.5546, kin=0.0000, loss=2.5546, ot=0.000
0, t=0.499, tswd=0.0000]
Epoch 1/5:  42%|████▏     | 87/208 [00:17<00:22,  5.35it/s, curv=0.0000, flow=2.5546, kin=0.0000, loss=2.5546, ot=0.000
0, t=0.499, tswd=0.0000]
Epoch 1/5:  42%|████▏     | 88/208 [00:17<00:22,  5.42it/s, curv=0.0000, flow=2.5546, kin=0.0000, loss=2.5546, ot=0.000
0, t=0.499, tswd=0.0000]
Epoch 1/5:  43%|████▎     | 89/208 [00:18<00:21,  5.42it/s, curv=0.0000, flow=2.5546, kin=0.0000, loss=2.5546, ot=0.000
0, t=0.499, tswd=0.0000]
Epoch 1/5:  43%|████▎     | 90/208 [00:18<00:21,  5.43it/s, curv=0.0000, flow=2.5546, kin=0.0000, loss=2.5546, ot=0.000
0, t=0.499, tswd=0.0000]
Epoch 1/5:  44%|████▍     | 91/208 [00:18<00:21,  5.39it/s, curv=0.0000, flow=2.5546, kin=0.0000, loss=2.5546, ot=0.000
0, t=0.499, tswd=0.0000]
Epoch 1/5:  44%|████▍     | 92/208 [00:18<00:21,  5.44it/s, curv=0.0000, flow=2.5546, kin=0.0000, loss=2.5546, ot=0.000
0, t=0.499, tswd=0.0000]
Epoch 1/5:  45%|████▍     | 93/208 [00:18<00:21,  5.46it/s, curv=0.0000, flow=2.5546, kin=0.0000, loss=2.5546, ot=0.000
0, t=0.499, tswd=0.0000]
Epoch 1/5:  45%|████▌     | 94/208 [00:19<00:20,  5.56it/s, curv=0.0000, flow=2.5546, kin=0.0000, loss=2.5546, ot=0.000
0, t=0.499, tswd=0.0000]
Epoch 1/5:  46%|████▌     | 95/208 [00:19<00:20,  5.59it/s, curv=0.0000, flow=2.5546, kin=0.0000, loss=2.5546, ot=0.000
0, t=0.499, tswd=0.0000]
Epoch 1/5:  46%|████▌     | 96/208 [00:19<00:20,  5.54it/s, curv=0.0000, flow=2.5546, kin=0.0000, loss=2.5546, ot=0.000
0, t=0.499, tswd=0.0000]
Epoch 1/5:  47%|████▋     | 97/208 [00:19<00:19,  5.62it/s, curv=0.0000, flow=2.5546, kin=0.0000, loss=2.5546, ot=0.000
0, t=0.499, tswd=0.0000]
Epoch 1/5:  47%|████▋     | 98/208 [00:19<00:20,  5.47it/s, curv=0.0000, flow=2.5546, kin=0.0000, loss=2.5546, ot=0.000
0, t=0.499, tswd=0.0000]
Epoch 1/5:  48%|████▊     | 99/208 [00:19<00:19,  5.57it/s, curv=0.0000, flow=2.5546, kin=0.0000, loss=2.5546, ot=0.000
0, t=0.499, tswd=0.0000]
Epoch 1/5:  48%|████▊     | 99/208 [00:20<00:19,  5.57it/s, curv=0.0000, flow=2.5600, kin=0.0000, loss=2.5600, ot=0.000
0, t=0.504, tswd=0.0000]
Epoch 1/5:  48%|████▊     | 100/208 [00:20<00:19,  5.60it/s, curv=0.0000, flow=2.5600, kin=0.0000, loss=2.5600, ot=0.00
00, t=0.504, tswd=0.0000]
Epoch 1/5:  49%|████▊     | 101/208 [00:20<00:19,  5.54it/s, curv=0.0000, flow=2.5600, kin=0.0000, loss=2.5600, ot=0.00
00, t=0.504, tswd=0.0000]
Epoch 1/5:  49%|████▉     | 102/208 [00:20<00:19,  5.45it/s, curv=0.0000, flow=2.5600, kin=0.0000, loss=2.5600, ot=0.00
00, t=0.504, tswd=0.0000]
Epoch 1/5:  50%|████▉     | 103/208 [00:20<00:19,  5.44it/s, curv=0.0000, flow=2.5600, kin=0.0000, loss=2.5600, ot=0.00
00, t=0.504, tswd=0.0000]
Epoch 1/5:  50%|█████     | 104/208 [00:20<00:19,  5.38it/s, curv=0.0000, flow=2.5600, kin=0.0000, loss=2.5600, ot=0.00
00, t=0.504, tswd=0.0000]
Epoch 1/5:  50%|█████     | 105/208 [00:21<00:19,  5.33it/s, curv=0.0000, flow=2.5600, kin=0.0000, loss=2.5600, ot=0.00
00, t=0.504, tswd=0.0000]
Epoch 1/5:  51%|█████     | 106/208 [00:21<00:18,  5.37it/s, curv=0.0000, flow=2.5600, kin=0.0000, loss=2.5600, ot=0.00
00, t=0.504, tswd=0.0000]
Epoch 1/5:  51%|█████▏    | 107/208 [00:21<00:18,  5.36it/s, curv=0.0000, flow=2.5600, kin=0.0000, loss=2.5600, ot=0.00
00, t=0.504, tswd=0.0000]
Epoch 1/5:  52%|█████▏    | 108/208 [00:21<00:18,  5.42it/s, curv=0.0000, flow=2.5600, kin=0.0000, loss=2.5600, ot=0.00
00, t=0.504, tswd=0.0000]
Epoch 1/5:  52%|█████▏    | 109/208 [00:21<00:18,  5.47it/s, curv=0.0000, flow=2.5600, kin=0.0000, loss=2.5600, ot=0.00
00, t=0.504, tswd=0.0000]
Epoch 1/5:  53%|█████▎    | 110/208 [00:22<00:18,  5.30it/s, curv=0.0000, flow=2.5600, kin=0.0000, loss=2.5600, ot=0.00
00, t=0.504, tswd=0.0000]
Epoch 1/5:  53%|█████▎    | 111/208 [00:22<00:18,  5.33it/s, curv=0.0000, flow=2.5600, kin=0.0000, loss=2.5600, ot=0.00
00, t=0.504, tswd=0.0000]
Epoch 1/5:  54%|█████▍    | 112/208 [00:22<00:17,  5.40it/s, curv=0.0000, flow=2.5600, kin=0.0000, loss=2.5600, ot=0.00
00, t=0.504, tswd=0.0000]
Epoch 1/5:  54%|█████▍    | 113/208 [00:22<00:17,  5.39it/s, curv=0.0000, flow=2.5600, kin=0.0000, loss=2.5600, ot=0.00
00, t=0.504, tswd=0.0000]
Epoch 1/5:  55%|█████▍    | 114/208 [00:22<00:17,  5.46it/s, curv=0.0000, flow=2.5600, kin=0.0000, loss=2.5600, ot=0.00
00, t=0.504, tswd=0.0000]
Epoch 1/5:  55%|█████▌    | 115/208 [00:22<00:17,  5.45it/s, curv=0.0000, flow=2.5600, kin=0.0000, loss=2.5600, ot=0.00
00, t=0.504, tswd=0.0000]
Epoch 1/5:  56%|█████▌    | 116/208 [00:23<00:16,  5.53it/s, curv=0.0000, flow=2.5600, kin=0.0000, loss=2.5600, ot=0.00
00, t=0.504, tswd=0.0000]
Epoch 1/5:  56%|█████▋    | 117/208 [00:23<00:16,  5.54it/s, curv=0.0000, flow=2.5600, kin=0.0000, loss=2.5600, ot=0.00
00, t=0.504, tswd=0.0000]
Epoch 1/5:  57%|█████▋    | 118/208 [00:23<00:16,  5.53it/s, curv=0.0000, flow=2.5600, kin=0.0000, loss=2.5600, ot=0.00
00, t=0.504, tswd=0.0000]
Epoch 1/5:  57%|█████▋    | 119/208 [00:23<00:16,  5.47it/s, curv=0.0000, flow=2.5600, kin=0.0000, loss=2.5600, ot=0.00
00, t=0.504, tswd=0.0000]
Epoch 1/5:  57%|█████▋    | 119/208 [00:23<00:16,  5.47it/s, curv=0.0000, flow=2.5647, kin=0.0000, loss=2.5647, ot=0.00
00, t=0.506, tswd=0.0000]
Epoch 1/5:  58%|█████▊    | 120/208 [00:23<00:16,  5.29it/s, curv=0.0000, flow=2.5647, kin=0.0000, loss=2.5647, ot=0.00
00, t=0.506, tswd=0.0000]
Epoch 1/5:  58%|█████▊    | 121/208 [00:24<00:16,  5.34it/s, curv=0.0000, flow=2.5647, kin=0.0000, loss=2.5647, ot=0.00
00, t=0.506, tswd=0.0000]
Epoch 1/5:  59%|█████▊    | 122/208 [00:24<00:15,  5.39it/s, curv=0.0000, flow=2.5647, kin=0.0000, loss=2.5647, ot=0.00
00, t=0.506, tswd=0.0000]
Epoch 1/5:  59%|█████▉    | 123/208 [00:24<00:15,  5.42it/s, curv=0.0000, flow=2.5647, kin=0.0000, loss=2.5647, ot=0.00
00, t=0.506, tswd=0.0000]
Epoch 1/5:  60%|█████▉    | 124/208 [00:24<00:15,  5.42it/s, curv=0.0000, flow=2.5647, kin=0.0000, loss=2.5647, ot=0.00
00, t=0.506, tswd=0.0000]
Epoch 1/5:  60%|██████    | 125/208 [00:24<00:15,  5.43it/s, curv=0.0000, flow=2.5647, kin=0.0000, loss=2.5647, ot=0.00
00, t=0.506, tswd=0.0000]
Epoch 1/5:  61%|██████    | 126/208 [00:24<00:15,  5.33it/s, curv=0.0000, flow=2.5647, kin=0.0000, loss=2.5647, ot=0.00
00, t=0.506, tswd=0.0000]
Epoch 1/5:  61%|██████    | 127/208 [00:25<00:17,  4.70it/s, curv=0.0000, flow=2.5647, kin=0.0000, loss=2.5647, ot=0.00
00, t=0.506, tswd=0.0000]
Epoch 1/5:  62%|██████▏   | 128/208 [00:25<00:16,  4.92it/s, curv=0.0000, flow=2.5647, kin=0.0000, loss=2.5647, ot=0.00
00, t=0.506, tswd=0.0000]
Epoch 1/5:  62%|██████▏   | 129/208 [00:25<00:15,  5.14it/s, curv=0.0000, flow=2.5647, kin=0.0000, loss=2.5647, ot=0.00
00, t=0.506, tswd=0.0000]
Epoch 1/5:  62%|██████▎   | 130/208 [00:25<00:14,  5.30it/s, curv=0.0000, flow=2.5647, kin=0.0000, loss=2.5647, ot=0.00
00, t=0.506, tswd=0.0000]
Epoch 1/5:  63%|██████▎   | 131/208 [00:26<00:16,  4.70it/s, curv=0.0000, flow=2.5647, kin=0.0000, loss=2.5647, ot=0.00
00, t=0.506, tswd=0.0000]
Epoch 1/5:  63%|██████▎   | 132/208 [00:26<00:15,  4.80it/s, curv=0.0000, flow=2.5647, kin=0.0000, loss=2.5647, ot=0.00
00, t=0.506, tswd=0.0000]
Epoch 1/5:  64%|██████▍   | 133/208 [00:26<00:14,  5.03it/s, curv=0.0000, flow=2.5647, kin=0.0000, loss=2.5647, ot=0.00
00, t=0.506, tswd=0.0000]
Epoch 1/5:  64%|██████▍   | 134/208 [00:26<00:14,  5.05it/s, curv=0.0000, flow=2.5647, kin=0.0000, loss=2.5647, ot=0.00
00, t=0.506, tswd=0.0000]
Epoch 1/5:  65%|██████▍   | 135/208 [00:26<00:14,  5.18it/s, curv=0.0000, flow=2.5647, kin=0.0000, loss=2.5647, ot=0.00
00, t=0.506, tswd=0.0000]
Epoch 1/5:  65%|██████▌   | 136/208 [00:26<00:13,  5.25it/s, curv=0.0000, flow=2.5647, kin=0.0000, loss=2.5647, ot=0.00
00, t=0.506, tswd=0.0000]
Epoch 1/5:  66%|██████▌   | 137/208 [00:27<00:13,  5.19it/s, curv=0.0000, flow=2.5647, kin=0.0000, loss=2.5647, ot=0.00
00, t=0.506, tswd=0.0000]
Epoch 1/5:  66%|██████▋   | 138/208 [00:27<00:13,  5.25it/s, curv=0.0000, flow=2.5647, kin=0.0000, loss=2.5647, ot=0.00
00, t=0.506, tswd=0.0000]
Epoch 1/5:  67%|██████▋   | 139/208 [00:27<00:12,  5.33it/s, curv=0.0000, flow=2.5647, kin=0.0000, loss=2.5647, ot=0.00
00, t=0.506, tswd=0.0000]
Epoch 1/5:  67%|██████▋   | 139/208 [00:27<00:12,  5.33it/s, curv=0.0000, flow=2.5649, kin=0.0000, loss=2.5649, ot=0.00
00, t=0.503, tswd=0.0000]
Epoch 1/5:  67%|██████▋   | 140/208 [00:27<00:12,  5.37it/s, curv=0.0000, flow=2.5649, kin=0.0000, loss=2.5649, ot=0.00
00, t=0.503, tswd=0.0000]
Epoch 1/5:  68%|██████▊   | 141/208 [00:27<00:12,  5.38it/s, curv=0.0000, flow=2.5649, kin=0.0000, loss=2.5649, ot=0.00
00, t=0.503, tswd=0.0000]
Epoch 1/5:  68%|██████▊   | 142/208 [00:28<00:12,  5.41it/s, curv=0.0000, flow=2.5649, kin=0.0000, loss=2.5649, ot=0.00
00, t=0.503, tswd=0.0000]
Epoch 1/5:  69%|██████▉   | 143/208 [00:28<00:11,  5.42it/s, curv=0.0000, flow=2.5649, kin=0.0000, loss=2.5649, ot=0.00
00, t=0.503, tswd=0.0000]
Epoch 1/5:  69%|██████▉   | 144/208 [00:28<00:11,  5.38it/s, curv=0.0000, flow=2.5649, kin=0.0000, loss=2.5649, ot=0.00
00, t=0.503, tswd=0.0000]
Epoch 1/5:  70%|██████▉   | 145/208 [00:28<00:11,  5.41it/s, curv=0.0000, flow=2.5649, kin=0.0000, loss=2.5649, ot=0.00
00, t=0.503, tswd=0.0000]
Epoch 1/5:  70%|███████   | 146/208 [00:28<00:11,  5.41it/s, curv=0.0000, flow=2.5649, kin=0.0000, loss=2.5649, ot=0.00
00, t=0.503, tswd=0.0000]
Epoch 1/5:  71%|███████   | 147/208 [00:29<00:11,  5.40it/s, curv=0.0000, flow=2.5649, kin=0.0000, loss=2.5649, ot=0.00
00, t=0.503, tswd=0.0000]
Epoch 1/5:  71%|███████   | 148/208 [00:29<00:10,  5.51it/s, curv=0.0000, flow=2.5649, kin=0.0000, loss=2.5649, ot=0.00
00, t=0.503, tswd=0.0000]
Epoch 1/5:  72%|███████▏  | 149/208 [00:29<00:10,  5.46it/s, curv=0.0000, flow=2.5649, kin=0.0000, loss=2.5649, ot=0.00
00, t=0.503, tswd=0.0000]
Epoch 1/5:  72%|███████▏  | 150/208 [00:29<00:10,  5.50it/s, curv=0.0000, flow=2.5649, kin=0.0000, loss=2.5649, ot=0.00
00, t=0.503, tswd=0.0000]
Epoch 1/5:  73%|███████▎  | 151/208 [00:29<00:10,  5.61it/s, curv=0.0000, flow=2.5649, kin=0.0000, loss=2.5649, ot=0.00
00, t=0.503, tswd=0.0000]
Epoch 1/5:  73%|███████▎  | 152/208 [00:29<00:10,  5.55it/s, curv=0.0000, flow=2.5649, kin=0.0000, loss=2.5649, ot=0.00
00, t=0.503, tswd=0.0000]
Epoch 1/5:  74%|███████▎  | 153/208 [00:30<00:09,  5.52it/s, curv=0.0000, flow=2.5649, kin=0.0000, loss=2.5649, ot=0.00
00, t=0.503, tswd=0.0000]
Epoch 1/5:  74%|███████▍  | 154/208 [00:30<00:10,  5.10it/s, curv=0.0000, flow=2.5649, kin=0.0000, loss=2.5649, ot=0.00
00, t=0.503, tswd=0.0000]
Epoch 1/5:  75%|███████▍  | 155/208 [00:30<00:10,  5.20it/s, curv=0.0000, flow=2.5649, kin=0.0000, loss=2.5649, ot=0.00
00, t=0.503, tswd=0.0000]
Epoch 1/5:  75%|███████▌  | 156/208 [00:30<00:09,  5.37it/s, curv=0.0000, flow=2.5649, kin=0.0000, loss=2.5649, ot=0.00
00, t=0.503, tswd=0.0000]
Epoch 1/5:  75%|███████▌  | 157/208 [00:30<00:09,  5.39it/s, curv=0.0000, flow=2.5649, kin=0.0000, loss=2.5649, ot=0.00
00, t=0.503, tswd=0.0000]
Epoch 1/5:  76%|███████▌  | 158/208 [00:31<00:09,  5.41it/s, curv=0.0000, flow=2.5649, kin=0.0000, loss=2.5649, ot=0.00
00, t=0.503, tswd=0.0000]
Epoch 1/5:  76%|███████▋  | 159/208 [00:31<00:09,  5.44it/s, curv=0.0000, flow=2.5649, kin=0.0000, loss=2.5649, ot=0.00
00, t=0.503, tswd=0.0000]
Epoch 1/5:  76%|███████▋  | 159/208 [00:31<00:09,  5.44it/s, curv=0.0000, flow=2.5589, kin=0.0000, loss=2.5589, ot=0.00
00, t=0.500, tswd=0.0000]
Epoch 1/5:  77%|███████▋  | 160/208 [00:31<00:09,  5.31it/s, curv=0.0000, flow=2.5589, kin=0.0000, loss=2.5589, ot=0.00
00, t=0.500, tswd=0.0000]
Epoch 1/5:  77%|███████▋  | 161/208 [00:31<00:08,  5.23it/s, curv=0.0000, flow=2.5589, kin=0.0000, loss=2.5589, ot=0.00
00, t=0.500, tswd=0.0000]
Epoch 1/5:  78%|███████▊  | 162/208 [00:31<00:08,  5.23it/s, curv=0.0000, flow=2.5589, kin=0.0000, loss=2.5589, ot=0.00
00, t=0.500, tswd=0.0000]
Epoch 1/5:  78%|███████▊  | 163/208 [00:32<00:08,  5.38it/s, curv=0.0000, flow=2.5589, kin=0.0000, loss=2.5589, ot=0.00
00, t=0.500, tswd=0.0000]
Epoch 1/5:  79%|███████▉  | 164/208 [00:32<00:08,  5.32it/s, curv=0.0000, flow=2.5589, kin=0.0000, loss=2.5589, ot=0.00
00, t=0.500, tswd=0.0000]
Epoch 1/5:  79%|███████▉  | 165/208 [00:32<00:08,  5.34it/s, curv=0.0000, flow=2.5589, kin=0.0000, loss=2.5589, ot=0.00
00, t=0.500, tswd=0.0000]
Epoch 1/5:  80%|███████▉  | 166/208 [00:32<00:07,  5.44it/s, curv=0.0000, flow=2.5589, kin=0.0000, loss=2.5589, ot=0.00
00, t=0.500, tswd=0.0000]
Epoch 1/5:  80%|████████  | 167/208 [00:32<00:07,  5.32it/s, curv=0.0000, flow=2.5589, kin=0.0000, loss=2.5589, ot=0.00
00, t=0.500, tswd=0.0000]
Epoch 1/5:  81%|████████  | 168/208 [00:32<00:07,  5.33it/s, curv=0.0000, flow=2.5589, kin=0.0000, loss=2.5589, ot=0.00
00, t=0.500, tswd=0.0000]
Epoch 1/5:  81%|████████▏ | 169/208 [00:33<00:07,  5.37it/s, curv=0.0000, flow=2.5589, kin=0.0000, loss=2.5589, ot=0.00
00, t=0.500, tswd=0.0000]
Epoch 1/5:  82%|████████▏ | 170/208 [00:33<00:07,  5.41it/s, curv=0.0000, flow=2.5589, kin=0.0000, loss=2.5589, ot=0.00
00, t=0.500, tswd=0.0000]
Epoch 1/5:  82%|████████▏ | 171/208 [00:33<00:06,  5.49it/s, curv=0.0000, flow=2.5589, kin=0.0000, loss=2.5589, ot=0.00
00, t=0.500, tswd=0.0000]
Epoch 1/5:  83%|████████▎ | 172/208 [00:33<00:06,  5.54it/s, curv=0.0000, flow=2.5589, kin=0.0000, loss=2.5589, ot=0.00
00, t=0.500, tswd=0.0000]
Epoch 1/5:  83%|████████▎ | 173/208 [00:33<00:06,  5.54it/s, curv=0.0000, flow=2.5589, kin=0.0000, loss=2.5589, ot=0.00
00, t=0.500, tswd=0.0000]
Epoch 1/5:  84%|████████▎ | 174/208 [00:34<00:06,  5.60it/s, curv=0.0000, flow=2.5589, kin=0.0000, loss=2.5589, ot=0.00
00, t=0.500, tswd=0.0000]
Epoch 1/5:  84%|████████▍ | 175/208 [00:34<00:05,  5.53it/s, curv=0.0000, flow=2.5589, kin=0.0000, loss=2.5589, ot=0.00
00, t=0.500, tswd=0.0000]
Epoch 1/5:  85%|████████▍ | 176/208 [00:34<00:05,  5.52it/s, curv=0.0000, flow=2.5589, kin=0.0000, loss=2.5589, ot=0.00
00, t=0.500, tswd=0.0000]
Epoch 1/5:  85%|████████▌ | 177/208 [00:34<00:05,  5.40it/s, curv=0.0000, flow=2.5589, kin=0.0000, loss=2.5589, ot=0.00
00, t=0.500, tswd=0.0000]
Epoch 1/5:  86%|████████▌ | 178/208 [00:34<00:05,  5.40it/s, curv=0.0000, flow=2.5589, kin=0.0000, loss=2.5589, ot=0.00
00, t=0.500, tswd=0.0000]
Epoch 1/5:  86%|████████▌ | 179/208 [00:34<00:05,  5.54it/s, curv=0.0000, flow=2.5589, kin=0.0000, loss=2.5589, ot=0.00
00, t=0.500, tswd=0.0000]
Epoch 1/5:  86%|████████▌ | 179/208 [00:35<00:05,  5.54it/s, curv=0.0000, flow=2.5470, kin=0.0000, loss=2.5470, ot=0.00
00, t=0.500, tswd=0.0000]
Epoch 1/5:  87%|████████▋ | 180/208 [00:35<00:05,  5.52it/s, curv=0.0000, flow=2.5470, kin=0.0000, loss=2.5470, ot=0.00
00, t=0.500, tswd=0.0000]
Epoch 1/5:  87%|████████▋ | 181/208 [00:35<00:04,  5.54it/s, curv=0.0000, flow=2.5470, kin=0.0000, loss=2.5470, ot=0.00
00, t=0.500, tswd=0.0000]
Epoch 1/5:  88%|████████▊ | 182/208 [00:35<00:04,  5.53it/s, curv=0.0000, flow=2.5470, kin=0.0000, loss=2.5470, ot=0.00
00, t=0.500, tswd=0.0000]
Epoch 1/5:  88%|████████▊ | 183/208 [00:35<00:04,  5.57it/s, curv=0.0000, flow=2.5470, kin=0.0000, loss=2.5470, ot=0.00
00, t=0.500, tswd=0.0000]
Epoch 1/5:  88%|████████▊ | 184/208 [00:35<00:04,  5.60it/s, curv=0.0000, flow=2.5470, kin=0.0000, loss=2.5470, ot=0.00
00, t=0.500, tswd=0.0000]
Epoch 1/5:  89%|████████▉ | 185/208 [00:36<00:04,  5.59it/s, curv=0.0000, flow=2.5470, kin=0.0000, loss=2.5470, ot=0.00
00, t=0.500, tswd=0.0000]
Epoch 1/5:  89%|████████▉ | 186/208 [00:36<00:03,  5.51it/s, curv=0.0000, flow=2.5470, kin=0.0000, loss=2.5470, ot=0.00
00, t=0.500, tswd=0.0000]
Epoch 1/5:  90%|████████▉ | 187/208 [00:36<00:03,  5.36it/s, curv=0.0000, flow=2.5470, kin=0.0000, loss=2.5470, ot=0.00
00, t=0.500, tswd=0.0000]
Epoch 1/5:  90%|█████████ | 188/208 [00:36<00:03,  5.37it/s, curv=0.0000, flow=2.5470, kin=0.0000, loss=2.5470, ot=0.00
00, t=0.500, tswd=0.0000]
Epoch 1/5:  91%|█████████ | 189/208 [00:36<00:03,  5.32it/s, curv=0.0000, flow=2.5470, kin=0.0000, loss=2.5470, ot=0.00
00, t=0.500, tswd=0.0000]
Epoch 1/5:  91%|█████████▏| 190/208 [00:36<00:03,  5.43it/s, curv=0.0000, flow=2.5470, kin=0.0000, loss=2.5470, ot=0.00
00, t=0.500, tswd=0.0000]
Epoch 1/5:  92%|█████████▏| 191/208 [00:37<00:03,  5.39it/s, curv=0.0000, flow=2.5470, kin=0.0000, loss=2.5470, ot=0.00
00, t=0.500, tswd=0.0000]
Epoch 1/5:  92%|█████████▏| 192/208 [00:37<00:03,  5.33it/s, curv=0.0000, flow=2.5470, kin=0.0000, loss=2.5470, ot=0.00
00, t=0.500, tswd=0.0000]
Epoch 1/5:  93%|█████████▎| 193/208 [00:37<00:02,  5.44it/s, curv=0.0000, flow=2.5470, kin=0.0000, loss=2.5470, ot=0.00
00, t=0.500, tswd=0.0000]
Epoch 1/5:  93%|█████████▎| 194/208 [00:37<00:02,  5.51it/s, curv=0.0000, flow=2.5470, kin=0.0000, loss=2.5470, ot=0.00
00, t=0.500, tswd=0.0000]
Epoch 1/5:  94%|█████████▍| 195/208 [00:37<00:02,  5.50it/s, curv=0.0000, flow=2.5470, kin=0.0000, loss=2.5470, ot=0.00
00, t=0.500, tswd=0.0000]
Epoch 1/5:  94%|█████████▍| 196/208 [00:38<00:02,  5.46it/s, curv=0.0000, flow=2.5470, kin=0.0000, loss=2.5470, ot=0.00
00, t=0.500, tswd=0.0000]
Epoch 1/5:  95%|█████████▍| 197/208 [00:38<00:02,  5.48it/s, curv=0.0000, flow=2.5470, kin=0.0000, loss=2.5470, ot=0.00
00, t=0.500, tswd=0.0000]
Epoch 1/5:  95%|█████████▌| 198/208 [00:38<00:01,  5.62it/s, curv=0.0000, flow=2.5470, kin=0.0000, loss=2.5470, ot=0.00
00, t=0.500, tswd=0.0000]
Epoch 1/5:  96%|█████████▌| 199/208 [00:38<00:01,  5.41it/s, curv=0.0000, flow=2.5470, kin=0.0000, loss=2.5470, ot=0.00
00, t=0.500, tswd=0.0000]
Epoch 1/5:  96%|█████████▌| 199/208 [00:38<00:01,  5.41it/s, curv=0.0000, flow=2.5421, kin=0.0000, loss=2.5421, ot=0.00
00, t=0.500, tswd=0.0000]
Epoch 1/5:  96%|█████████▌| 200/208 [00:38<00:01,  5.37it/s, curv=0.0000, flow=2.5421, kin=0.0000, loss=2.5421, ot=0.00
00, t=0.500, tswd=0.0000]
Epoch 1/5:  97%|█████████▋| 201/208 [00:38<00:01,  5.41it/s, curv=0.0000, flow=2.5421, kin=0.0000, loss=2.5421, ot=0.00
00, t=0.500, tswd=0.0000]
Epoch 1/5:  97%|█████████▋| 202/208 [00:39<00:01,  5.34it/s, curv=0.0000, flow=2.5421, kin=0.0000, loss=2.5421, ot=0.00
00, t=0.500, tswd=0.0000]
Epoch 1/5:  98%|█████████▊| 203/208 [00:39<00:00,  5.32it/s, curv=0.0000, flow=2.5421, kin=0.0000, loss=2.5421, ot=0.00
00, t=0.500, tswd=0.0000]
Epoch 1/5:  98%|█████████▊| 204/208 [00:39<00:00,  5.24it/s, curv=0.0000, flow=2.5421, kin=0.0000, loss=2.5421, ot=0.00
00, t=0.500, tswd=0.0000]
Epoch 1/5:  99%|█████████▊| 205/208 [00:39<00:00,  5.27it/s, curv=0.0000, flow=2.5421, kin=0.0000, loss=2.5421, ot=0.00
00, t=0.500, tswd=0.0000]
Epoch 1/5:  99%|█████████▉| 206/208 [00:39<00:00,  5.24it/s, curv=0.0000, flow=2.5421, kin=0.0000, loss=2.5421, ot=0.00
00, t=0.500, tswd=0.0000]
Epoch 1/5: 100%|█████████▉| 207/208 [00:40<00:00,  5.14it/s, curv=0.0000, flow=2.5421, kin=0.0000, loss=2.5421, ot=0.00
00, t=0.500, tswd=0.0000]
Epoch 1/5: 100%|█████████▉| 207/208 [00:40<00:00,  5.14it/s, curv=0.0000, flow=2.5385, kin=0.0000, loss=2.5385, ot=0.00
00, t=0.500, tswd=0.0000]
Epoch 1/5: 100%|██████████| 208/208 [00:40<00:00,  5.19it/s, curv=0.0000, flow=2.5385, kin=0.0000, loss=2.5385, ot=0.00
00, t=0.500, tswd=0.0000]
Epoch 1/5: 100%|██████████| 208/208 [00:40<00:00,  5.16it/s, curv=0.0000, flow=2.5385, kin=0.0000, loss=2.5385, ot=0.00
00, t=0.500, tswd=0.0000]
2026-07-02 12:00:28,798 - INFO - Epoch 1/5 | loss=2.5385 flow=2.5385 kin=0.0000 ot=0.0000 tswd=0.0000 gini=0.000 hub=0.
000 otd=0.0000 fiber=0.000 leak=0.0000 tgtshift=0.0000 cla=0.0000 cea=0.0000 sem_attn=0.000 sem_k=0.000 topo_ent=0.000 
topo_on=0 plan_ent=0.000 bary_ent=0.000 tok_ent=0.000 tok_eff=0.0 tok_max=0.000 tok_svd=0.000 tok_cos=0.000 app_s=0.000
 app_d=0.000 sigma=0.000 bex=0 idr=0.00 t=0.500 |v|=0.000 lr=2.00e-04 data=0.6s comp=22.5s epoch=40.3s sps=123.79 bstep
=0.194s gpu=90.5/98.0% vram=6.38/6.46GB power=83.7/89.3W peak=1.37/1.58GB
2026-07-02 12:00:28,805 - INFO - Epoch 2 weight schedule: stage=0 w_content=0.0000 w_style=0.0000 w_style_strength_reg=
0.0000 sigma=0.0000

Epoch 2/5:   0%|          | 0/208 [00:00<?, ?it/s]
Epoch 2/5:   0%|          | 0/208 [00:00<?, ?it/s, curv=0.0000, flow=2.3890, kin=0.0000, loss=2.3890, ot=0.0000, t=0.44
8, tswd=0.0000]
Epoch 2/5:   0%|          | 1/208 [00:00<00:35,  5.88it/s, curv=0.0000, flow=2.3890, kin=0.0000, loss=2.3890, ot=0.0000
, t=0.448, tswd=0.0000]
Epoch 2/5:   1%|          | 2/208 [00:00<00:33,  6.16it/s, curv=0.0000, flow=2.3890, kin=0.0000, loss=2.3890, ot=0.0000
, t=0.448, tswd=0.0000]
Epoch 2/5:   1%|▏         | 3/208 [00:00<00:35,  5.82it/s, curv=0.0000, flow=2.3890, kin=0.0000, loss=2.3890, ot=0.0000
, t=0.448, tswd=0.0000]
Epoch 2/5:   2%|▏         | 4/208 [00:00<00:35,  5.75it/s, curv=0.0000, flow=2.3890, kin=0.0000, loss=2.3890, ot=0.0000
, t=0.448, tswd=0.0000]
Epoch 2/5:   2%|▏         | 5/208 [00:00<00:35,  5.64it/s, curv=0.0000, flow=2.3890, kin=0.0000, loss=2.3890, ot=0.0000
, t=0.448, tswd=0.0000]
Epoch 2/5:   3%|▎         | 6/208 [00:01<00:36,  5.60it/s, curv=0.0000, flow=2.3890, kin=0.0000, loss=2.3890, ot=0.0000
, t=0.448, tswd=0.0000]
Epoch 2/5:   3%|▎         | 7/208 [00:01<00:35,  5.63it/s, curv=0.0000, flow=2.3890, kin=0.0000, loss=2.3890, ot=0.0000
, t=0.448, tswd=0.0000]
Epoch 2/5:   4%|▍         | 8/208 [00:01<00:35,  5.62it/s, curv=0.0000, flow=2.3890, kin=0.0000, loss=2.3890, ot=0.0000
, t=0.448, tswd=0.0000]
Epoch 2/5:   4%|▍         | 9/208 [00:01<00:36,  5.50it/s, curv=0.0000, flow=2.3890, kin=0.0000, loss=2.3890, ot=0.0000
, t=0.448, tswd=0.0000]
Epoch 2/5:   5%|▍         | 10/208 [00:01<00:36,  5.36it/s, curv=0.0000, flow=2.3890, kin=0.0000, loss=2.3890, ot=0.000
0, t=0.448, tswd=0.0000]
Epoch 2/5:   5%|▌         | 11/208 [00:01<00:37,  5.24it/s, curv=0.0000, flow=2.3890, kin=0.0000, loss=2.3890, ot=0.000
0, t=0.448, tswd=0.0000]
Epoch 2/5:   6%|▌         | 12/208 [00:02<00:37,  5.17it/s, curv=0.0000, flow=2.3890, kin=0.0000, loss=2.3890, ot=0.000
0, t=0.448, tswd=0.0000]
Epoch 2/5:   6%|▋         | 13/208 [00:02<00:37,  5.14it/s, curv=0.0000, flow=2.3890, kin=0.0000, loss=2.3890, ot=0.000
0, t=0.448, tswd=0.0000]
Epoch 2/5:   7%|▋         | 14/208 [00:02<00:37,  5.15it/s, curv=0.0000, flow=2.3890, kin=0.0000, loss=2.3890, ot=0.000
0, t=0.448, tswd=0.0000]
Epoch 2/5:   7%|▋         | 15/208 [00:02<00:35,  5.44it/s, curv=0.0000, flow=2.3890, kin=0.0000, loss=2.3890, ot=0.000
0, t=0.448, tswd=0.0000]
Epoch 2/5:   8%|▊         | 16/208 [00:02<00:36,  5.30it/s, curv=0.0000, flow=2.3890, kin=0.0000, loss=2.3890, ot=0.000
0, t=0.448, tswd=0.0000]
Epoch 2/5:   8%|▊         | 17/208 [00:03<00:37,  5.10it/s, curv=0.0000, flow=2.3890, kin=0.0000, loss=2.3890, ot=0.000
0, t=0.448, tswd=0.0000]
Epoch 2/5:   9%|▊         | 18/208 [00:03<00:37,  5.04it/s, curv=0.0000, flow=2.3890, kin=0.0000, loss=2.3890, ot=0.000
0, t=0.448, tswd=0.0000]
Epoch 2/5:   9%|▉         | 19/208 [00:03<00:37,  4.99it/s, curv=0.0000, flow=2.3890, kin=0.0000, loss=2.3890, ot=0.000
0, t=0.448, tswd=0.0000]
Epoch 2/5:   9%|▉         | 19/208 [00:03<00:37,  4.99it/s, curv=0.0000, flow=2.4407, kin=0.0000, loss=2.4407, ot=0.000
0, t=0.492, tswd=0.0000]
Epoch 2/5:  10%|▉         | 20/208 [00:03<00:38,  4.91it/s, curv=0.0000, flow=2.4407, kin=0.0000, loss=2.4407, ot=0.000
0, t=0.492, tswd=0.0000]
Epoch 2/5:  10%|█         | 21/208 [00:03<00:38,  4.81it/s, curv=0.0000, flow=2.4407, kin=0.0000, loss=2.4407, ot=0.000
0, t=0.492, tswd=0.0000]
Epoch 2/5:  11%|█         | 22/208 [00:04<00:38,  4.89it/s, curv=0.0000, flow=2.4407, kin=0.0000, loss=2.4407, ot=0.000
0, t=0.492, tswd=0.0000]
Epoch 2/5:  11%|█         | 23/208 [00:04<00:36,  5.03it/s, curv=0.0000, flow=2.4407, kin=0.0000, loss=2.4407, ot=0.000
0, t=0.492, tswd=0.0000]
Epoch 2/5:  12%|█▏        | 24/208 [00:04<00:36,  5.06it/s, curv=0.0000, flow=2.4407, kin=0.0000, loss=2.4407, ot=0.000
0, t=0.492, tswd=0.0000]
Epoch 2/5:  12%|█▏        | 25/208 [00:04<00:34,  5.27it/s, curv=0.0000, flow=2.4407, kin=0.0000, loss=2.4407, ot=0.000
0, t=0.492, tswd=0.0000]
Epoch 2/5:  12%|█▎        | 26/208 [00:04<00:33,  5.45it/s, curv=0.0000, flow=2.4407, kin=0.0000, loss=2.4407, ot=0.000
0, t=0.492, tswd=0.0000]
Epoch 2/5:  13%|█▎        | 27/208 [00:05<00:32,  5.49it/s, curv=0.0000, flow=2.4407, kin=0.0000, loss=2.4407, ot=0.000
0, t=0.492, tswd=0.0000]
Epoch 2/5:  13%|█▎        | 28/208 [00:05<00:33,  5.45it/s, curv=0.0000, flow=2.4407, kin=0.0000, loss=2.4407, ot=0.000
0, t=0.492, tswd=0.0000]
Epoch 2/5:  14%|█▍        | 29/208 [00:05<00:34,  5.25it/s, curv=0.0000, flow=2.4407, kin=0.0000, loss=2.4407, ot=0.000
0, t=0.492, tswd=0.0000]
Epoch 2/5:  14%|█▍        | 30/208 [00:05<00:34,  5.21it/s, curv=0.0000, flow=2.4407, kin=0.0000, loss=2.4407, ot=0.000
0, t=0.492, tswd=0.0000]
Epoch 2/5:  15%|█▍        | 31/208 [00:05<00:34,  5.18it/s, curv=0.0000, flow=2.4407, kin=0.0000, loss=2.4407, ot=0.000
0, t=0.492, tswd=0.0000]
Epoch 2/5:  15%|█▌        | 32/208 [00:06<00:31,  5.61it/s, curv=0.0000, flow=2.4407, kin=0.0000, loss=2.4407, ot=0.000
0, t=0.492, tswd=0.0000]
Epoch 2/5:  16%|█▌        | 33/208 [00:06<00:31,  5.54it/s, curv=0.0000, flow=2.4407, kin=0.0000, loss=2.4407, ot=0.000
0, t=0.492, tswd=0.0000]
Epoch 2/5:  16%|█▋        | 34/208 [00:06<00:30,  5.62it/s, curv=0.0000, flow=2.4407, kin=0.0000, loss=2.4407, ot=0.000
0, t=0.492, tswd=0.0000]
Epoch 2/5:  17%|█▋        | 35/208 [00:06<00:29,  5.77it/s, curv=0.0000, flow=2.4407, kin=0.0000, loss=2.4407, ot=0.000
0, t=0.492, tswd=0.0000]
Epoch 2/5:  17%|█▋        | 36/208 [00:06<00:29,  5.82it/s, curv=0.0000, flow=2.4407, kin=0.0000, loss=2.4407, ot=0.000
0, t=0.492, tswd=0.0000]
Epoch 2/5:  18%|█▊        | 37/208 [00:06<00:29,  5.86it/s, curv=0.0000, flow=2.4407, kin=0.0000, loss=2.4407, ot=0.000
0, t=0.492, tswd=0.0000]
Epoch 2/5:  18%|█▊        | 38/208 [00:07<00:28,  5.91it/s, curv=0.0000, flow=2.4407, kin=0.0000, loss=2.4407, ot=0.000
0, t=0.492, tswd=0.0000]
Epoch 2/5:  19%|█▉        | 39/208 [00:07<00:29,  5.66it/s, curv=0.0000, flow=2.4407, kin=0.0000, loss=2.4407, ot=0.000
0, t=0.492, tswd=0.0000]
Epoch 2/5:  19%|█▉        | 39/208 [00:07<00:29,  5.66it/s, curv=0.0000, flow=2.4372, kin=0.0000, loss=2.4372, ot=0.000
0, t=0.487, tswd=0.0000]
Epoch 2/5:  19%|█▉        | 40/208 [00:07<00:32,  5.24it/s, curv=0.0000, flow=2.4372, kin=0.0000, loss=2.4372, ot=0.000
0, t=0.487, tswd=0.0000]
Epoch 2/5:  20%|█▉        | 41/208 [00:07<00:33,  5.02it/s, curv=0.0000, flow=2.4372, kin=0.0000, loss=2.4372, ot=0.000
0, t=0.487, tswd=0.0000]
Epoch 2/5:  20%|██        | 42/208 [00:07<00:32,  5.05it/s, curv=0.0000, flow=2.4372, kin=0.0000, loss=2.4372, ot=0.000
0, t=0.487, tswd=0.0000]
Epoch 2/5:  21%|██        | 43/208 [00:08<00:32,  5.02it/s, curv=0.0000, flow=2.4372, kin=0.0000, loss=2.4372, ot=0.000
0, t=0.487, tswd=0.0000]
Epoch 2/5:  21%|██        | 44/208 [00:08<00:31,  5.13it/s, curv=0.0000, flow=2.4372, kin=0.0000, loss=2.4372, ot=0.000
0, t=0.487, tswd=0.0000]
Epoch 2/5:  22%|██▏       | 45/208 [00:08<00:31,  5.24it/s, curv=0.0000, flow=2.4372, kin=0.0000, loss=2.4372, ot=0.000
0, t=0.487, tswd=0.0000]
Epoch 2/5:  22%|██▏       | 46/208 [00:08<00:30,  5.30it/s, curv=0.0000, flow=2.4372, kin=0.0000, loss=2.4372, ot=0.000
0, t=0.487, tswd=0.0000]
Epoch 2/5:  23%|██▎       | 47/208 [00:08<00:29,  5.46it/s, curv=0.0000, flow=2.4372, kin=0.0000, loss=2.4372, ot=0.000
0, t=0.487, tswd=0.0000]
Epoch 2/5:  23%|██▎       | 48/208 [00:08<00:29,  5.45it/s, curv=0.0000, flow=2.4372, kin=0.0000, loss=2.4372, ot=0.000
0, t=0.487, tswd=0.0000]
Epoch 2/5:  24%|██▎       | 49/208 [00:09<00:28,  5.59it/s, curv=0.0000, flow=2.4372, kin=0.0000, loss=2.4372, ot=0.000
0, t=0.487, tswd=0.0000]
Epoch 2/5:  24%|██▍       | 50/208 [00:09<00:28,  5.59it/s, curv=0.0000, flow=2.4372, kin=0.0000, loss=2.4372, ot=0.000
0, t=0.487, tswd=0.0000]
Epoch 2/5:  25%|██▍       | 51/208 [00:09<00:30,  5.22it/s, curv=0.0000, flow=2.4372, kin=0.0000, loss=2.4372, ot=0.000
0, t=0.487, tswd=0.0000]
Epoch 2/5:  25%|██▌       | 52/208 [00:09<00:30,  5.18it/s, curv=0.0000, flow=2.4372, kin=0.0000, loss=2.4372, ot=0.000
0, t=0.487, tswd=0.0000]
Epoch 2/5:  25%|██▌       | 53/208 [00:09<00:28,  5.35it/s, curv=0.0000, flow=2.4372, kin=0.0000, loss=2.4372, ot=0.000
0, t=0.487, tswd=0.0000]
Epoch 2/5:  26%|██▌       | 54/208 [00:10<00:29,  5.23it/s, curv=0.0000, flow=2.4372, kin=0.0000, loss=2.4372, ot=0.000
0, t=0.487, tswd=0.0000]
Epoch 2/5:  26%|██▋       | 55/208 [00:10<00:29,  5.25it/s, curv=0.0000, flow=2.4372, kin=0.0000, loss=2.4372, ot=0.000
0, t=0.487, tswd=0.0000]
Epoch 2/5:  27%|██▋       | 56/208 [00:10<00:28,  5.38it/s, curv=0.0000, flow=2.4372, kin=0.0000, loss=2.4372, ot=0.000
0, t=0.487, tswd=0.0000]
Epoch 2/5:  27%|██▋       | 57/208 [00:10<00:27,  5.50it/s, curv=0.0000, flow=2.4372, kin=0.0000, loss=2.4372, ot=0.000
0, t=0.487, tswd=0.0000]
Epoch 2/5:  28%|██▊       | 58/208 [00:10<00:27,  5.49it/s, curv=0.0000, flow=2.4372, kin=0.0000, loss=2.4372, ot=0.000
0, t=0.487, tswd=0.0000]
Epoch 2/5:  28%|██▊       | 59/208 [00:11<00:26,  5.54it/s, curv=0.0000, flow=2.4372, kin=0.0000, loss=2.4372, ot=0.000
0, t=0.487, tswd=0.0000]
Epoch 2/5:  28%|██▊       | 59/208 [00:11<00:26,  5.54it/s, curv=0.0000, flow=2.4383, kin=0.0000, loss=2.4383, ot=0.000
0, t=0.494, tswd=0.0000]
Epoch 2/5:  29%|██▉       | 60/208 [00:11<00:27,  5.47it/s, curv=0.0000, flow=2.4383, kin=0.0000, loss=2.4383, ot=0.000
0, t=0.494, tswd=0.0000]
Epoch 2/5:  29%|██▉       | 61/208 [00:11<00:27,  5.32it/s, curv=0.0000, flow=2.4383, kin=0.0000, loss=2.4383, ot=0.000
0, t=0.494, tswd=0.0000]
Epoch 2/5:  30%|██▉       | 62/208 [00:11<00:27,  5.26it/s, curv=0.0000, flow=2.4383, kin=0.0000, loss=2.4383, ot=0.000
0, t=0.494, tswd=0.0000]
Epoch 2/5:  30%|███       | 63/208 [00:11<00:26,  5.45it/s, curv=0.0000, flow=2.4383, kin=0.0000, loss=2.4383, ot=0.000
0, t=0.494, tswd=0.0000]
Epoch 2/5:  31%|███       | 64/208 [00:11<00:24,  5.76it/s, curv=0.0000, flow=2.4383, kin=0.0000, loss=2.4383, ot=0.000
0, t=0.494, tswd=0.0000]
Epoch 2/5:  31%|███▏      | 65/208 [00:12<00:26,  5.50it/s, curv=0.0000, flow=2.4383, kin=0.0000, loss=2.4383, ot=0.000
0, t=0.494, tswd=0.0000]
Epoch 2/5:  32%|███▏      | 66/208 [00:12<00:26,  5.37it/s, curv=0.0000, flow=2.4383, kin=0.0000, loss=2.4383, ot=0.000
0, t=0.494, tswd=0.0000]
Epoch 2/5:  32%|███▏      | 67/208 [00:12<00:26,  5.31it/s, curv=0.0000, flow=2.4383, kin=0.0000, loss=2.4383, ot=0.000
0, t=0.494, tswd=0.0000]
Epoch 2/5:  33%|███▎      | 68/208 [00:12<00:26,  5.33it/s, curv=0.0000, flow=2.4383, kin=0.0000, loss=2.4383, ot=0.000
0, t=0.494, tswd=0.0000]
Epoch 2/5:  33%|███▎      | 69/208 [00:12<00:28,  4.86it/s, curv=0.0000, flow=2.4383, kin=0.0000, loss=2.4383, ot=0.000
0, t=0.494, tswd=0.0000]
Epoch 2/5:  34%|███▎      | 70/208 [00:13<00:27,  5.08it/s, curv=0.0000, flow=2.4383, kin=0.0000, loss=2.4383, ot=0.000
0, t=0.494, tswd=0.0000]
Epoch 2/5:  34%|███▍      | 71/208 [00:13<00:26,  5.16it/s, curv=0.0000, flow=2.4383, kin=0.0000, loss=2.4383, ot=0.000
0, t=0.494, tswd=0.0000]
Epoch 2/5:  35%|███▍      | 72/208 [00:13<00:26,  5.09it/s, curv=0.0000, flow=2.4383, kin=0.0000, loss=2.4383, ot=0.000
0, t=0.494, tswd=0.0000]
Epoch 2/5:  35%|███▌      | 73/208 [00:13<00:26,  5.16it/s, curv=0.0000, flow=2.4383, kin=0.0000, loss=2.4383, ot=0.000
0, t=0.494, tswd=0.0000]
Epoch 2/5:  36%|███▌      | 74/208 [00:13<00:25,  5.30it/s, curv=0.0000, flow=2.4383, kin=0.0000, loss=2.4383, ot=0.000
0, t=0.494, tswd=0.0000]
Epoch 2/5:  36%|███▌      | 75/208 [00:14<00:25,  5.31it/s, curv=0.0000, flow=2.4383, kin=0.0000, loss=2.4383, ot=0.000
0, t=0.494, tswd=0.0000]
Epoch 2/5:  37%|███▋      | 76/208 [00:14<00:24,  5.34it/s, curv=0.0000, flow=2.4383, kin=0.0000, loss=2.4383, ot=0.000
0, t=0.494, tswd=0.0000]
Epoch 2/5:  37%|███▋      | 77/208 [00:14<00:24,  5.41it/s, curv=0.0000, flow=2.4383, kin=0.0000, loss=2.4383, ot=0.000
0, t=0.494, tswd=0.0000]
Epoch 2/5:  38%|███▊      | 78/208 [00:14<00:23,  5.58it/s, curv=0.0000, flow=2.4383, kin=0.0000, loss=2.4383, ot=0.000
0, t=0.494, tswd=0.0000]
Epoch 2/5:  38%|███▊      | 79/208 [00:14<00:22,  5.69it/s, curv=0.0000, flow=2.4383, kin=0.0000, loss=2.4383, ot=0.000
0, t=0.494, tswd=0.0000]
Epoch 2/5:  38%|███▊      | 79/208 [00:14<00:22,  5.69it/s, curv=0.0000, flow=2.4351, kin=0.0000, loss=2.4351, ot=0.000
0, t=0.494, tswd=0.0000]
Epoch 2/5:  38%|███▊      | 80/208 [00:14<00:22,  5.64it/s, curv=0.0000, flow=2.4351, kin=0.0000, loss=2.4351, ot=0.000
0, t=0.494, tswd=0.0000]
Epoch 2/5:  39%|███▉      | 81/208 [00:15<00:22,  5.72it/s, curv=0.0000, flow=2.4351, kin=0.0000, loss=2.4351, ot=0.000
0, t=0.494, tswd=0.0000]
Epoch 2/5:  39%|███▉      | 82/208 [00:15<00:22,  5.63it/s, curv=0.0000, flow=2.4351, kin=0.0000, loss=2.4351, ot=0.000
0, t=0.494, tswd=0.0000]
Epoch 2/5:  40%|███▉      | 83/208 [00:15<00:22,  5.56it/s, curv=0.0000, flow=2.4351, kin=0.0000, loss=2.4351, ot=0.000
0, t=0.494, tswd=0.0000]
Epoch 2/5:  40%|████      | 84/208 [00:15<00:22,  5.51it/s, curv=0.0000, flow=2.4351, kin=0.0000, loss=2.4351, ot=0.000
0, t=0.494, tswd=0.0000]
Epoch 2/5:  41%|████      | 85/208 [00:15<00:22,  5.51it/s, curv=0.0000, flow=2.4351, kin=0.0000, loss=2.4351, ot=0.000
0, t=0.494, tswd=0.0000]
Epoch 2/5:  41%|████▏     | 86/208 [00:16<00:22,  5.51it/s, curv=0.0000, flow=2.4351, kin=0.0000, loss=2.4351, ot=0.000
0, t=0.494, tswd=0.0000]
Epoch 2/5:  42%|████▏     | 87/208 [00:16<00:21,  5.52it/s, curv=0.0000, flow=2.4351, kin=0.0000, loss=2.4351, ot=0.000
0, t=0.494, tswd=0.0000]
Epoch 2/5:  42%|████▏     | 88/208 [00:16<00:21,  5.49it/s, curv=0.0000, flow=2.4351, kin=0.0000, loss=2.4351, ot=0.000
0, t=0.494, tswd=0.0000]
Epoch 2/5:  43%|████▎     | 89/208 [00:16<00:21,  5.61it/s, curv=0.0000, flow=2.4351, kin=0.0000, loss=2.4351, ot=0.000
0, t=0.494, tswd=0.0000]
Epoch 2/5:  43%|████▎     | 90/208 [00:16<00:21,  5.58it/s, curv=0.0000, flow=2.4351, kin=0.0000, loss=2.4351, ot=0.000
0, t=0.494, tswd=0.0000]
Epoch 2/5:  44%|████▍     | 91/208 [00:16<00:21,  5.48it/s, curv=0.0000, flow=2.4351, kin=0.0000, loss=2.4351, ot=0.000
0, t=0.494, tswd=0.0000]
Epoch 2/5:  44%|████▍     | 92/208 [00:17<00:20,  5.61it/s, curv=0.0000, flow=2.4351, kin=0.0000, loss=2.4351, ot=0.000
0, t=0.494, tswd=0.0000]
Epoch 2/5:  45%|████▍     | 93/208 [00:17<00:20,  5.74it/s, curv=0.0000, flow=2.4351, kin=0.0000, loss=2.4351, ot=0.000
0, t=0.494, tswd=0.0000]
Epoch 2/5:  45%|████▌     | 94/208 [00:17<00:19,  5.73it/s, curv=0.0000, flow=2.4351, kin=0.0000, loss=2.4351, ot=0.000
0, t=0.494, tswd=0.0000]
Epoch 2/5:  46%|████▌     | 95/208 [00:17<00:19,  5.75it/s, curv=0.0000, flow=2.4351, kin=0.0000, loss=2.4351, ot=0.000
0, t=0.494, tswd=0.0000]
Epoch 2/5:  46%|████▌     | 96/208 [00:17<00:20,  5.53it/s, curv=0.0000, flow=2.4351, kin=0.0000, loss=2.4351, ot=0.000
0, t=0.494, tswd=0.0000]
Epoch 2/5:  47%|████▋     | 97/208 [00:17<00:19,  5.58it/s, curv=0.0000, flow=2.4351, kin=0.0000, loss=2.4351, ot=0.000
0, t=0.494, tswd=0.0000]
Epoch 2/5:  47%|████▋     | 98/208 [00:18<00:19,  5.70it/s, curv=0.0000, flow=2.4351, kin=0.0000, loss=2.4351, ot=0.000
0, t=0.494, tswd=0.0000]
Epoch 2/5:  48%|████▊     | 99/208 [00:18<00:19,  5.69it/s, curv=0.0000, flow=2.4351, kin=0.0000, loss=2.4351, ot=0.000
0, t=0.494, tswd=0.0000]
Epoch 2/5:  48%|████▊     | 99/208 [00:18<00:19,  5.69it/s, curv=0.0000, flow=2.4263, kin=0.0000, loss=2.4263, ot=0.000
0, t=0.494, tswd=0.0000]
Epoch 2/5:  48%|████▊     | 100/208 [00:18<00:19,  5.61it/s, curv=0.0000, flow=2.4263, kin=0.0000, loss=2.4263, ot=0.00
00, t=0.494, tswd=0.0000]
Epoch 2/5:  49%|████▊     | 101/208 [00:18<00:19,  5.57it/s, curv=0.0000, flow=2.4263, kin=0.0000, loss=2.4263, ot=0.00
00, t=0.494, tswd=0.0000]
Epoch 2/5:  49%|████▉     | 102/208 [00:18<00:18,  5.62it/s, curv=0.0000, flow=2.4263, kin=0.0000, loss=2.4263, ot=0.00
00, t=0.494, tswd=0.0000]
Epoch 2/5:  50%|████▉     | 103/208 [00:19<00:18,  5.75it/s, curv=0.0000, flow=2.4263, kin=0.0000, loss=2.4263, ot=0.00
00, t=0.494, tswd=0.0000]
Epoch 2/5:  50%|█████     | 104/208 [00:19<00:18,  5.70it/s, curv=0.0000, flow=2.4263, kin=0.0000, loss=2.4263, ot=0.00
00, t=0.494, tswd=0.0000]
Epoch 2/5:  50%|█████     | 105/208 [00:19<00:18,  5.62it/s, curv=0.0000, flow=2.4263, kin=0.0000, loss=2.4263, ot=0.00
00, t=0.494, tswd=0.0000]
Epoch 2/5:  51%|█████     | 106/208 [00:19<00:17,  5.71it/s, curv=0.0000, flow=2.4263, kin=0.0000, loss=2.4263, ot=0.00
00, t=0.494, tswd=0.0000]
Epoch 2/5:  51%|█████▏    | 107/208 [00:19<00:17,  5.69it/s, curv=0.0000, flow=2.4263, kin=0.0000, loss=2.4263, ot=0.00
00, t=0.494, tswd=0.0000]
Epoch 2/5:  52%|█████▏    | 108/208 [00:19<00:17,  5.62it/s, curv=0.0000, flow=2.4263, kin=0.0000, loss=2.4263, ot=0.00
00, t=0.494, tswd=0.0000]
Epoch 2/5:  52%|█████▏    | 109/208 [00:20<00:17,  5.63it/s, curv=0.0000, flow=2.4263, kin=0.0000, loss=2.4263, ot=0.00
00, t=0.494, tswd=0.0000]
Epoch 2/5:  53%|█████▎    | 110/208 [00:20<00:17,  5.59it/s, curv=0.0000, flow=2.4263, kin=0.0000, loss=2.4263, ot=0.00
00, t=0.494, tswd=0.0000]
Epoch 2/5:  53%|█████▎    | 111/208 [00:20<00:17,  5.60it/s, curv=0.0000, flow=2.4263, kin=0.0000, loss=2.4263, ot=0.00
00, t=0.494, tswd=0.0000]
Epoch 2/5:  54%|█████▍    | 112/208 [00:20<00:16,  5.66it/s, curv=0.0000, flow=2.4263, kin=0.0000, loss=2.4263, ot=0.00
00, t=0.494, tswd=0.0000]
Epoch 2/5:  54%|█████▍    | 113/208 [00:20<00:16,  5.63it/s, curv=0.0000, flow=2.4263, kin=0.0000, loss=2.4263, ot=0.00
00, t=0.494, tswd=0.0000]
Epoch 2/5:  55%|█████▍    | 114/208 [00:20<00:16,  5.59it/s, curv=0.0000, flow=2.4263, kin=0.0000, loss=2.4263, ot=0.00
00, t=0.494, tswd=0.0000]
Epoch 2/5:  55%|█████▌    | 115/208 [00:21<00:16,  5.69it/s, curv=0.0000, flow=2.4263, kin=0.0000, loss=2.4263, ot=0.00
00, t=0.494, tswd=0.0000]
Epoch 2/5:  56%|█████▌    | 116/208 [00:21<00:16,  5.63it/s, curv=0.0000, flow=2.4263, kin=0.0000, loss=2.4263, ot=0.00
00, t=0.494, tswd=0.0000]
Epoch 2/5:  56%|█████▋    | 117/208 [00:21<00:15,  5.84it/s, curv=0.0000, flow=2.4263, kin=0.0000, loss=2.4263, ot=0.00
00, t=0.494, tswd=0.0000]
Epoch 2/5:  57%|█████▋    | 118/208 [00:21<00:15,  5.79it/s, curv=0.0000, flow=2.4263, kin=0.0000, loss=2.4263, ot=0.00
00, t=0.494, tswd=0.0000]
Epoch 2/5:  57%|█████▋    | 119/208 [00:21<00:15,  5.81it/s, curv=0.0000, flow=2.4263, kin=0.0000, loss=2.4263, ot=0.00
00, t=0.494, tswd=0.0000]
Epoch 2/5:  57%|█████▋    | 119/208 [00:22<00:15,  5.81it/s, curv=0.0000, flow=2.4253, kin=0.0000, loss=2.4253, ot=0.00
00, t=0.496, tswd=0.0000]
Epoch 2/5:  58%|█████▊    | 120/208 [00:22<00:15,  5.75it/s, curv=0.0000, flow=2.4253, kin=0.0000, loss=2.4253, ot=0.00
00, t=0.496, tswd=0.0000]
Epoch 2/5:  58%|█████▊    | 121/208 [00:22<00:14,  5.88it/s, curv=0.0000, flow=2.4253, kin=0.0000, loss=2.4253, ot=0.00
00, t=0.496, tswd=0.0000]
Epoch 2/5:  59%|█████▊    | 122/208 [00:22<00:15,  5.52it/s, curv=0.0000, flow=2.4253, kin=0.0000, loss=2.4253, ot=0.00
00, t=0.496, tswd=0.0000]
Epoch 2/5:  59%|█████▉    | 123/208 [00:22<00:15,  5.63it/s, curv=0.0000, flow=2.4253, kin=0.0000, loss=2.4253, ot=0.00
00, t=0.496, tswd=0.0000]
Epoch 2/5:  60%|█████▉    | 124/208 [00:22<00:15,  5.56it/s, curv=0.0000, flow=2.4253, kin=0.0000, loss=2.4253, ot=0.00
00, t=0.496, tswd=0.0000]
Epoch 2/5:  60%|██████    | 125/208 [00:22<00:14,  5.55it/s, curv=0.0000, flow=2.4253, kin=0.0000, loss=2.4253, ot=0.00
00, t=0.496, tswd=0.0000]
Epoch 2/5:  61%|██████    | 126/208 [00:23<00:14,  5.66it/s, curv=0.0000, flow=2.4253, kin=0.0000, loss=2.4253, ot=0.00
00, t=0.496, tswd=0.0000]
Epoch 2/5:  61%|██████    | 127/208 [00:23<00:14,  5.45it/s, curv=0.0000, flow=2.4253, kin=0.0000, loss=2.4253, ot=0.00
00, t=0.496, tswd=0.0000]
Epoch 2/5:  62%|██████▏   | 128/208 [00:23<00:13,  5.86it/s, curv=0.0000, flow=2.4253, kin=0.0000, loss=2.4253, ot=0.00
00, t=0.496, tswd=0.0000]
Epoch 2/5:  62%|██████▏   | 129/208 [00:23<00:14,  5.62it/s, curv=0.0000, flow=2.4253, kin=0.0000, loss=2.4253, ot=0.00
00, t=0.496, tswd=0.0000]
Epoch 2/5:  62%|██████▎   | 130/208 [00:23<00:14,  5.52it/s, curv=0.0000, flow=2.4253, kin=0.0000, loss=2.4253, ot=0.00
00, t=0.496, tswd=0.0000]
Epoch 2/5:  63%|██████▎   | 131/208 [00:23<00:13,  5.53it/s, curv=0.0000, flow=2.4253, kin=0.0000, loss=2.4253, ot=0.00
00, t=0.496, tswd=0.0000]
Epoch 2/5:  63%|██████▎   | 132/208 [00:24<00:13,  5.53it/s, curv=0.0000, flow=2.4253, kin=0.0000, loss=2.4253, ot=0.00
00, t=0.496, tswd=0.0000]
Epoch 2/5:  64%|██████▍   | 133/208 [00:24<00:13,  5.47it/s, curv=0.0000, flow=2.4253, kin=0.0000, loss=2.4253, ot=0.00
00, t=0.496, tswd=0.0000]
Epoch 2/5:  64%|██████▍   | 134/208 [00:24<00:13,  5.66it/s, curv=0.0000, flow=2.4253, kin=0.0000, loss=2.4253, ot=0.00
00, t=0.496, tswd=0.0000]
Epoch 2/5:  65%|██████▍   | 135/208 [00:24<00:12,  5.77it/s, curv=0.0000, flow=2.4253, kin=0.0000, loss=2.4253, ot=0.00
00, t=0.496, tswd=0.0000]
Epoch 2/5:  65%|██████▌   | 136/208 [00:24<00:12,  5.92it/s, curv=0.0000, flow=2.4253, kin=0.0000, loss=2.4253, ot=0.00
00, t=0.496, tswd=0.0000]
Epoch 2/5:  66%|██████▌   | 137/208 [00:25<00:12,  5.85it/s, curv=0.0000, flow=2.4253, kin=0.0000, loss=2.4253, ot=0.00
00, t=0.496, tswd=0.0000]
Epoch 2/5:  66%|██████▋   | 138/208 [00:25<00:12,  5.83it/s, curv=0.0000, flow=2.4253, kin=0.0000, loss=2.4253, ot=0.00
00, t=0.496, tswd=0.0000]
Epoch 2/5:  67%|██████▋   | 139/208 [00:25<00:12,  5.62it/s, curv=0.0000, flow=2.4253, kin=0.0000, loss=2.4253, ot=0.00
00, t=0.496, tswd=0.0000]
Epoch 2/5:  67%|██████▋   | 139/208 [00:25<00:12,  5.62it/s, curv=0.0000, flow=2.4178, kin=0.0000, loss=2.4178, ot=0.00
00, t=0.496, tswd=0.0000]
Epoch 2/5:  67%|██████▋   | 140/208 [00:25<00:12,  5.54it/s, curv=0.0000, flow=2.4178, kin=0.0000, loss=2.4178, ot=0.00
00, t=0.496, tswd=0.0000]
Epoch 2/5:  68%|██████▊   | 141/208 [00:25<00:12,  5.56it/s, curv=0.0000, flow=2.4178, kin=0.0000, loss=2.4178, ot=0.00
00, t=0.496, tswd=0.0000]
Epoch 2/5:  68%|██████▊   | 142/208 [00:25<00:11,  5.69it/s, curv=0.0000, flow=2.4178, kin=0.0000, loss=2.4178, ot=0.00
00, t=0.496, tswd=0.0000]
Epoch 2/5:  69%|██████▉   | 143/208 [00:26<00:11,  5.63it/s, curv=0.0000, flow=2.4178, kin=0.0000, loss=2.4178, ot=0.00
00, t=0.496, tswd=0.0000]
Epoch 2/5:  69%|██████▉   | 144/208 [00:26<00:12,  5.07it/s, curv=0.0000, flow=2.4178, kin=0.0000, loss=2.4178, ot=0.00
00, t=0.496, tswd=0.0000]
Epoch 2/5:  70%|██████▉   | 145/208 [00:26<00:11,  5.29it/s, curv=0.0000, flow=2.4178, kin=0.0000, loss=2.4178, ot=0.00
00, t=0.496, tswd=0.0000]
Epoch 2/5:  70%|███████   | 146/208 [00:26<00:11,  5.49it/s, curv=0.0000, flow=2.4178, kin=0.0000, loss=2.4178, ot=0.00
00, t=0.496, tswd=0.0000]
Epoch 2/5:  71%|███████   | 147/208 [00:26<00:11,  5.53it/s, curv=0.0000, flow=2.4178, kin=0.0000, loss=2.4178, ot=0.00
00, t=0.496, tswd=0.0000]
Epoch 2/5:  71%|███████   | 148/208 [00:27<00:10,  5.68it/s, curv=0.0000, flow=2.4178, kin=0.0000, loss=2.4178, ot=0.00
00, t=0.496, tswd=0.0000]
Epoch 2/5:  72%|███████▏  | 149/208 [00:27<00:10,  5.76it/s, curv=0.0000, flow=2.4178, kin=0.0000, loss=2.4178, ot=0.00
00, t=0.496, tswd=0.0000]
Epoch 2/5:  72%|███████▏  | 150/208 [00:27<00:10,  5.64it/s, curv=0.0000, flow=2.4178, kin=0.0000, loss=2.4178, ot=0.00
00, t=0.496, tswd=0.0000]
Epoch 2/5:  73%|███████▎  | 151/208 [00:27<00:10,  5.58it/s, curv=0.0000, flow=2.4178, kin=0.0000, loss=2.4178, ot=0.00
00, t=0.496, tswd=0.0000]
Epoch 2/5:  73%|███████▎  | 152/208 [00:27<00:10,  5.58it/s, curv=0.0000, flow=2.4178, kin=0.0000, loss=2.4178, ot=0.00
00, t=0.496, tswd=0.0000]
Epoch 2/5:  74%|███████▎  | 153/208 [00:27<00:09,  5.73it/s, curv=0.0000, flow=2.4178, kin=0.0000, loss=2.4178, ot=0.00
00, t=0.496, tswd=0.0000]
Epoch 2/5:  74%|███████▍  | 154/208 [00:28<00:09,  5.71it/s, curv=0.0000, flow=2.4178, kin=0.0000, loss=2.4178, ot=0.00
00, t=0.496, tswd=0.0000]
Epoch 2/5:  75%|███████▍  | 155/208 [00:28<00:09,  5.85it/s, curv=0.0000, flow=2.4178, kin=0.0000, loss=2.4178, ot=0.00
00, t=0.496, tswd=0.0000]
Epoch 2/5:  75%|███████▌  | 156/208 [00:28<00:08,  5.85it/s, curv=0.0000, flow=2.4178, kin=0.0000, loss=2.4178, ot=0.00
00, t=0.496, tswd=0.0000]
Epoch 2/5:  75%|███████▌  | 157/208 [00:28<00:08,  5.91it/s, curv=0.0000, flow=2.4178, kin=0.0000, loss=2.4178, ot=0.00
00, t=0.496, tswd=0.0000]
Epoch 2/5:  76%|███████▌  | 158/208 [00:28<00:08,  5.93it/s, curv=0.0000, flow=2.4178, kin=0.0000, loss=2.4178, ot=0.00
00, t=0.496, tswd=0.0000]
Epoch 2/5:  76%|███████▋  | 159/208 [00:28<00:08,  5.98it/s, curv=0.0000, flow=2.4178, kin=0.0000, loss=2.4178, ot=0.00
00, t=0.496, tswd=0.0000]
Epoch 2/5:  76%|███████▋  | 159/208 [00:29<00:08,  5.98it/s, curv=0.0000, flow=2.4148, kin=0.0000, loss=2.4148, ot=0.00
00, t=0.493, tswd=0.0000]
Epoch 2/5:  77%|███████▋  | 160/208 [00:29<00:08,  5.85it/s, curv=0.0000, flow=2.4148, kin=0.0000, loss=2.4148, ot=0.00
00, t=0.493, tswd=0.0000]
Epoch 2/5:  77%|███████▋  | 161/208 [00:29<00:08,  5.85it/s, curv=0.0000, flow=2.4148, kin=0.0000, loss=2.4148, ot=0.00
00, t=0.493, tswd=0.0000]
Epoch 2/5:  78%|███████▊  | 162/208 [00:29<00:08,  5.72it/s, curv=0.0000, flow=2.4148, kin=0.0000, loss=2.4148, ot=0.00
00, t=0.493, tswd=0.0000]
Epoch 2/5:  78%|███████▊  | 163/208 [00:29<00:07,  5.74it/s, curv=0.0000, flow=2.4148, kin=0.0000, loss=2.4148, ot=0.00
00, t=0.493, tswd=0.0000]
Epoch 2/5:  79%|███████▉  | 164/208 [00:29<00:07,  5.72it/s, curv=0.0000, flow=2.4148, kin=0.0000, loss=2.4148, ot=0.00
00, t=0.493, tswd=0.0000]
Epoch 2/5:  79%|███████▉  | 165/208 [00:29<00:07,  5.77it/s, curv=0.0000, flow=2.4148, kin=0.0000, loss=2.4148, ot=0.00
00, t=0.493, tswd=0.0000]
Epoch 2/5:  80%|███████▉  | 166/208 [00:30<00:07,  5.65it/s, curv=0.0000, flow=2.4148, kin=0.0000, loss=2.4148, ot=0.00
00, t=0.493, tswd=0.0000]
Epoch 2/5:  80%|████████  | 167/208 [00:30<00:07,  5.58it/s, curv=0.0000, flow=2.4148, kin=0.0000, loss=2.4148, ot=0.00
00, t=0.493, tswd=0.0000]
Epoch 2/5:  81%|████████  | 168/208 [00:30<00:07,  5.57it/s, curv=0.0000, flow=2.4148, kin=0.0000, loss=2.4148, ot=0.00
00, t=0.493, tswd=0.0000]
Epoch 2/5:  81%|████████▏ | 169/208 [00:30<00:06,  5.70it/s, curv=0.0000, flow=2.4148, kin=0.0000, loss=2.4148, ot=0.00
00, t=0.493, tswd=0.0000]
Epoch 2/5:  82%|████████▏ | 170/208 [00:30<00:06,  5.77it/s, curv=0.0000, flow=2.4148, kin=0.0000, loss=2.4148, ot=0.00
00, t=0.493, tswd=0.0000]
Epoch 2/5:  82%|████████▏ | 171/208 [00:31<00:06,  5.82it/s, curv=0.0000, flow=2.4148, kin=0.0000, loss=2.4148, ot=0.00
00, t=0.493, tswd=0.0000]
Epoch 2/5:  83%|████████▎ | 172/208 [00:31<00:06,  5.66it/s, curv=0.0000, flow=2.4148, kin=0.0000, loss=2.4148, ot=0.00
00, t=0.493, tswd=0.0000]
Epoch 2/5:  83%|████████▎ | 173/208 [00:31<00:06,  5.62it/s, curv=0.0000, flow=2.4148, kin=0.0000, loss=2.4148, ot=0.00
00, t=0.493, tswd=0.0000]
Epoch 2/5:  84%|████████▎ | 174/208 [00:31<00:06,  5.54it/s, curv=0.0000, flow=2.4148, kin=0.0000, loss=2.4148, ot=0.00
00, t=0.493, tswd=0.0000]
Epoch 2/5:  84%|████████▍ | 175/208 [00:31<00:05,  5.57it/s, curv=0.0000, flow=2.4148, kin=0.0000, loss=2.4148, ot=0.00
00, t=0.493, tswd=0.0000]
Epoch 2/5:  85%|████████▍ | 176/208 [00:31<00:05,  5.53it/s, curv=0.0000, flow=2.4148, kin=0.0000, loss=2.4148, ot=0.00
00, t=0.493, tswd=0.0000]
Epoch 2/5:  85%|████████▌ | 177/208 [00:32<00:05,  5.20it/s, curv=0.0000, flow=2.4148, kin=0.0000, loss=2.4148, ot=0.00
00, t=0.493, tswd=0.0000]
Epoch 2/5:  86%|████████▌ | 178/208 [00:32<00:05,  5.41it/s, curv=0.0000, flow=2.4148, kin=0.0000, loss=2.4148, ot=0.00
00, t=0.493, tswd=0.0000]
Epoch 2/5:  86%|████████▌ | 179/208 [00:32<00:05,  5.36it/s, curv=0.0000, flow=2.4148, kin=0.0000, loss=2.4148, ot=0.00
00, t=0.493, tswd=0.0000]
Epoch 2/5:  86%|████████▌ | 179/208 [00:32<00:05,  5.36it/s, curv=0.0000, flow=2.4028, kin=0.0000, loss=2.4028, ot=0.00
00, t=0.497, tswd=0.0000]
Epoch 2/5:  87%|████████▋ | 180/208 [00:32<00:05,  5.07it/s, curv=0.0000, flow=2.4028, kin=0.0000, loss=2.4028, ot=0.00
00, t=0.497, tswd=0.0000]
Epoch 2/5:  87%|████████▋ | 181/208 [00:32<00:05,  5.13it/s, curv=0.0000, flow=2.4028, kin=0.0000, loss=2.4028, ot=0.00
00, t=0.497, tswd=0.0000]
Epoch 2/5:  88%|████████▊ | 182/208 [00:33<00:04,  5.28it/s, curv=0.0000, flow=2.4028, kin=0.0000, loss=2.4028, ot=0.00
00, t=0.497, tswd=0.0000]
Epoch 2/5:  88%|████████▊ | 183/208 [00:33<00:04,  5.42it/s, curv=0.0000, flow=2.4028, kin=0.0000, loss=2.4028, ot=0.00
00, t=0.497, tswd=0.0000]
Epoch 2/5:  88%|████████▊ | 184/208 [00:33<00:04,  5.52it/s, curv=0.0000, flow=2.4028, kin=0.0000, loss=2.4028, ot=0.00
00, t=0.497, tswd=0.0000]
Epoch 2/5:  89%|████████▉ | 185/208 [00:33<00:04,  5.54it/s, curv=0.0000, flow=2.4028, kin=0.0000, loss=2.4028, ot=0.00
00, t=0.497, tswd=0.0000]
Epoch 2/5:  89%|████████▉ | 186/208 [00:33<00:03,  5.58it/s, curv=0.0000, flow=2.4028, kin=0.0000, loss=2.4028, ot=0.00
00, t=0.497, tswd=0.0000]
Epoch 2/5:  90%|████████▉ | 187/208 [00:33<00:03,  5.53it/s, curv=0.0000, flow=2.4028, kin=0.0000, loss=2.4028, ot=0.00
00, t=0.497, tswd=0.0000]
Epoch 2/5:  90%|█████████ | 188/208 [00:34<00:03,  5.48it/s, curv=0.0000, flow=2.4028, kin=0.0000, loss=2.4028, ot=0.00
00, t=0.497, tswd=0.0000]
Epoch 2/5:  91%|█████████ | 189/208 [00:34<00:03,  5.51it/s, curv=0.0000, flow=2.4028, kin=0.0000, loss=2.4028, ot=0.00
00, t=0.497, tswd=0.0000]
Epoch 2/5:  91%|█████████▏| 190/208 [00:34<00:03,  5.65it/s, curv=0.0000, flow=2.4028, kin=0.0000, loss=2.4028, ot=0.00
00, t=0.497, tswd=0.0000]
Epoch 2/5:  92%|█████████▏| 191/208 [00:34<00:03,  5.58it/s, curv=0.0000, flow=2.4028, kin=0.0000, loss=2.4028, ot=0.00
00, t=0.497, tswd=0.0000]
Epoch 2/5:  92%|█████████▏| 192/208 [00:34<00:02,  5.70it/s, curv=0.0000, flow=2.4028, kin=0.0000, loss=2.4028, ot=0.00
00, t=0.497, tswd=0.0000]
Epoch 2/5:  93%|█████████▎| 193/208 [00:35<00:02,  5.70it/s, curv=0.0000, flow=2.4028, kin=0.0000, loss=2.4028, ot=0.00
00, t=0.497, tswd=0.0000]
Epoch 2/5:  93%|█████████▎| 194/208 [00:35<00:02,  5.61it/s, curv=0.0000, flow=2.4028, kin=0.0000, loss=2.4028, ot=0.00
00, t=0.497, tswd=0.0000]
Epoch 2/5:  94%|█████████▍| 195/208 [00:35<00:02,  5.64it/s, curv=0.0000, flow=2.4028, kin=0.0000, loss=2.4028, ot=0.00
00, t=0.497, tswd=0.0000]
Epoch 2/5:  94%|█████████▍| 196/208 [00:35<00:02,  5.66it/s, curv=0.0000, flow=2.4028, kin=0.0000, loss=2.4028, ot=0.00
00, t=0.497, tswd=0.0000]
Epoch 2/5:  95%|█████████▍| 197/208 [00:35<00:01,  5.62it/s, curv=0.0000, flow=2.4028, kin=0.0000, loss=2.4028, ot=0.00
00, t=0.497, tswd=0.0000]
Epoch 2/5:  95%|█████████▌| 198/208 [00:35<00:01,  5.58it/s, curv=0.0000, flow=2.4028, kin=0.0000, loss=2.4028, ot=0.00
00, t=0.497, tswd=0.0000]
Epoch 2/5:  96%|█████████▌| 199/208 [00:36<00:01,  5.58it/s, curv=0.0000, flow=2.4028, kin=0.0000, loss=2.4028, ot=0.00
00, t=0.497, tswd=0.0000]
Epoch 2/5:  96%|█████████▌| 199/208 [00:36<00:01,  5.58it/s, curv=0.0000, flow=2.3920, kin=0.0000, loss=2.3920, ot=0.00
00, t=0.496, tswd=0.0000]
Epoch 2/5:  96%|█████████▌| 200/208 [00:36<00:01,  5.65it/s, curv=0.0000, flow=2.3920, kin=0.0000, loss=2.3920, ot=0.00
00, t=0.496, tswd=0.0000]
Epoch 2/5:  97%|█████████▋| 201/208 [00:36<00:01,  5.63it/s, curv=0.0000, flow=2.3920, kin=0.0000, loss=2.3920, ot=0.00
00, t=0.496, tswd=0.0000]
Epoch 2/5:  97%|█████████▋| 202/208 [00:36<00:01,  5.59it/s, curv=0.0000, flow=2.3920, kin=0.0000, loss=2.3920, ot=0.00
00, t=0.496, tswd=0.0000]
Epoch 2/5:  98%|█████████▊| 203/208 [00:36<00:00,  5.70it/s, curv=0.0000, flow=2.3920, kin=0.0000, loss=2.3920, ot=0.00
00, t=0.496, tswd=0.0000]
Epoch 2/5:  98%|█████████▊| 204/208 [00:36<00:00,  5.84it/s, curv=0.0000, flow=2.3920, kin=0.0000, loss=2.3920, ot=0.00
00, t=0.496, tswd=0.0000]
Epoch 2/5:  99%|█████████▊| 205/208 [00:37<00:00,  5.67it/s, curv=0.0000, flow=2.3920, kin=0.0000, loss=2.3920, ot=0.00
00, t=0.496, tswd=0.0000]
Epoch 2/5:  99%|█████████▉| 206/208 [00:37<00:00,  5.70it/s, curv=0.0000, flow=2.3920, kin=0.0000, loss=2.3920, ot=0.00
00, t=0.496, tswd=0.0000]
Epoch 2/5: 100%|█████████▉| 207/208 [00:37<00:00,  5.62it/s, curv=0.0000, flow=2.3920, kin=0.0000, loss=2.3920, ot=0.00
00, t=0.496, tswd=0.0000]
Epoch 2/5: 100%|█████████▉| 207/208 [00:37<00:00,  5.62it/s, curv=0.0000, flow=2.3902, kin=0.0000, loss=2.3902, ot=0.00
00, t=0.498, tswd=0.0000]
Epoch 2/5: 100%|██████████| 208/208 [00:37<00:00,  5.55it/s, curv=0.0000, flow=2.3902, kin=0.0000, loss=2.3902, ot=0.00
00, t=0.498, tswd=0.0000]
Epoch 2/5: 100%|██████████| 208/208 [00:37<00:00,  5.51it/s, curv=0.0000, flow=2.3902, kin=0.0000, loss=2.3902, ot=0.00
00, t=0.498, tswd=0.0000]
2026-07-02 12:01:06,658 - INFO - Epoch 2/5 | loss=2.3902 flow=2.3902 kin=0.0000 ot=0.0000 tswd=0.0000 gini=0.000 hub=0.
000 otd=0.0000 fiber=0.000 leak=0.0000 tgtshift=0.0000 cla=0.0000 cea=0.0000 sem_attn=0.000 sem_k=0.000 topo_ent=0.000 
topo_on=0 plan_ent=0.000 bary_ent=0.000 tok_ent=0.000 tok_eff=0.0 tok_max=0.000 tok_svd=0.000 tok_cos=0.000 app_s=0.000
 app_d=0.000 sigma=0.000 bex=0 idr=0.00 t=0.498 |v|=0.000 lr=1.82e-04 data=0.6s comp=20.1s epoch=37.7s sps=132.35 bstep
=0.181s gpu=92.0/98.0% vram=6.56/6.66GB power=84.5/87.2W peak=1.42/1.67GB
2026-07-02 12:01:06,662 - INFO - Epoch 3 weight schedule: stage=0 w_content=0.0000 w_style=0.0000 w_style_strength_reg=
0.0000 sigma=0.0000

Epoch 3/5:   0%|          | 0/208 [00:00<?, ?it/s]
Epoch 3/5:   0%|          | 0/208 [00:00<?, ?it/s, curv=0.0000, flow=2.3096, kin=0.0000, loss=2.3096, ot=0.0000, t=0.54
5, tswd=0.0000]
Epoch 3/5:   0%|          | 1/208 [00:00<00:33,  6.13it/s, curv=0.0000, flow=2.3096, kin=0.0000, loss=2.3096, ot=0.0000
, t=0.545, tswd=0.0000]
Epoch 3/5:   1%|          | 2/208 [00:00<00:35,  5.87it/s, curv=0.0000, flow=2.3096, kin=0.0000, loss=2.3096, ot=0.0000
, t=0.545, tswd=0.0000]
Epoch 3/5:   1%|▏         | 3/208 [00:00<00:34,  5.86it/s, curv=0.0000, flow=2.3096, kin=0.0000, loss=2.3096, ot=0.0000
, t=0.545, tswd=0.0000]
Epoch 3/5:   2%|▏         | 4/208 [00:00<00:36,  5.65it/s, curv=0.0000, flow=2.3096, kin=0.0000, loss=2.3096, ot=0.0000
, t=0.545, tswd=0.0000]
Epoch 3/5:   2%|▏         | 5/208 [00:00<00:35,  5.70it/s, curv=0.0000, flow=2.3096, kin=0.0000, loss=2.3096, ot=0.0000
, t=0.545, tswd=0.0000]
Epoch 3/5:   3%|▎         | 6/208 [00:01<00:35,  5.65it/s, curv=0.0000, flow=2.3096, kin=0.0000, loss=2.3096, ot=0.0000
, t=0.545, tswd=0.0000]
Epoch 3/5:   3%|▎         | 7/208 [00:01<00:35,  5.70it/s, curv=0.0000, flow=2.3096, kin=0.0000, loss=2.3096, ot=0.0000
, t=0.545, tswd=0.0000]
Epoch 3/5:   4%|▍         | 8/208 [00:01<00:34,  5.79it/s, curv=0.0000, flow=2.3096, kin=0.0000, loss=2.3096, ot=0.0000
, t=0.545, tswd=0.0000]
Epoch 3/5:   4%|▍         | 9/208 [00:01<00:35,  5.55it/s, curv=0.0000, flow=2.3096, kin=0.0000, loss=2.3096, ot=0.0000
, t=0.545, tswd=0.0000]
Epoch 3/5:   5%|▍         | 10/208 [00:01<00:34,  5.66it/s, curv=0.0000, flow=2.3096, kin=0.0000, loss=2.3096, ot=0.000
0, t=0.545, tswd=0.0000]
Epoch 3/5:   5%|▌         | 11/208 [00:01<00:34,  5.64it/s, curv=0.0000, flow=2.3096, kin=0.0000, loss=2.3096, ot=0.000
0, t=0.545, tswd=0.0000]
Epoch 3/5:   6%|▌         | 12/208 [00:02<00:35,  5.55it/s, curv=0.0000, flow=2.3096, kin=0.0000, loss=2.3096, ot=0.000
0, t=0.545, tswd=0.0000]
Epoch 3/5:   6%|▋         | 13/208 [00:02<00:34,  5.65it/s, curv=0.0000, flow=2.3096, kin=0.0000, loss=2.3096, ot=0.000
0, t=0.545, tswd=0.0000]
Epoch 3/5:   7%|▋         | 14/208 [00:02<00:33,  5.78it/s, curv=0.0000, flow=2.3096, kin=0.0000, loss=2.3096, ot=0.000
0, t=0.545, tswd=0.0000]
Epoch 3/5:   7%|▋         | 15/208 [00:02<00:33,  5.77it/s, curv=0.0000, flow=2.3096, kin=0.0000, loss=2.3096, ot=0.000
0, t=0.545, tswd=0.0000]
Epoch 3/5:   8%|▊         | 16/208 [00:02<00:33,  5.70it/s, curv=0.0000, flow=2.3096, kin=0.0000, loss=2.3096, ot=0.000
0, t=0.545, tswd=0.0000]
Epoch 3/5:   8%|▊         | 17/208 [00:02<00:32,  5.80it/s, curv=0.0000, flow=2.3096, kin=0.0000, loss=2.3096, ot=0.000
0, t=0.545, tswd=0.0000]
Epoch 3/5:   9%|▊         | 18/208 [00:03<00:33,  5.72it/s, curv=0.0000, flow=2.3096, kin=0.0000, loss=2.3096, ot=0.000
0, t=0.545, tswd=0.0000]
Epoch 3/5:   9%|▉         | 19/208 [00:03<00:32,  5.78it/s, curv=0.0000, flow=2.3096, kin=0.0000, loss=2.3096, ot=0.000
0, t=0.545, tswd=0.0000]
Epoch 3/5:   9%|▉         | 19/208 [00:03<00:32,  5.78it/s, curv=0.0000, flow=2.3221, kin=0.0000, loss=2.3221, ot=0.000
0, t=0.498, tswd=0.0000]
Epoch 3/5:  10%|▉         | 20/208 [00:03<00:33,  5.69it/s, curv=0.0000, flow=2.3221, kin=0.0000, loss=2.3221, ot=0.000
0, t=0.498, tswd=0.0000]
Epoch 3/5:  10%|█         | 21/208 [00:03<00:33,  5.65it/s, curv=0.0000, flow=2.3221, kin=0.0000, loss=2.3221, ot=0.000
0, t=0.498, tswd=0.0000]
Epoch 3/5:  11%|█         | 22/208 [00:03<00:32,  5.72it/s, curv=0.0000, flow=2.3221, kin=0.0000, loss=2.3221, ot=0.000
0, t=0.498, tswd=0.0000]
Epoch 3/5:  11%|█         | 23/208 [00:04<00:32,  5.78it/s, curv=0.0000, flow=2.3221, kin=0.0000, loss=2.3221, ot=0.000
0, t=0.498, tswd=0.0000]
Epoch 3/5:  12%|█▏        | 24/208 [00:04<00:31,  5.85it/s, curv=0.0000, flow=2.3221, kin=0.0000, loss=2.3221, ot=0.000
0, t=0.498, tswd=0.0000]
Epoch 3/5:  12%|█▏        | 25/208 [00:04<00:30,  5.92it/s, curv=0.0000, flow=2.3221, kin=0.0000, loss=2.3221, ot=0.000
0, t=0.498, tswd=0.0000]
Epoch 3/5:  12%|█▎        | 26/208 [00:04<00:31,  5.79it/s, curv=0.0000, flow=2.3221, kin=0.0000, loss=2.3221, ot=0.000
0, t=0.498, tswd=0.0000]
Epoch 3/5:  13%|█▎        | 27/208 [00:04<00:31,  5.82it/s, curv=0.0000, flow=2.3221, kin=0.0000, loss=2.3221, ot=0.000
0, t=0.498, tswd=0.0000]
Epoch 3/5:  13%|█▎        | 28/208 [00:04<00:31,  5.72it/s, curv=0.0000, flow=2.3221, kin=0.0000, loss=2.3221, ot=0.000
0, t=0.498, tswd=0.0000]
Epoch 3/5:  14%|█▍        | 29/208 [00:05<00:31,  5.75it/s, curv=0.0000, flow=2.3221, kin=0.0000, loss=2.3221, ot=0.000
0, t=0.498, tswd=0.0000]
Epoch 3/5:  14%|█▍        | 30/208 [00:05<00:30,  5.87it/s, curv=0.0000, flow=2.3221, kin=0.0000, loss=2.3221, ot=0.000
0, t=0.498, tswd=0.0000]
Epoch 3/5:  15%|█▍        | 31/208 [00:05<00:30,  5.88it/s, curv=0.0000, flow=2.3221, kin=0.0000, loss=2.3221, ot=0.000
0, t=0.498, tswd=0.0000]
Epoch 3/5:  15%|█▌        | 32/208 [00:05<00:29,  5.93it/s, curv=0.0000, flow=2.3221, kin=0.0000, loss=2.3221, ot=0.000
0, t=0.498, tswd=0.0000]
Epoch 3/5:  16%|█▌        | 33/208 [00:05<00:29,  5.86it/s, curv=0.0000, flow=2.3221, kin=0.0000, loss=2.3221, ot=0.000
0, t=0.498, tswd=0.0000]
Epoch 3/5:  16%|█▋        | 34/208 [00:05<00:29,  5.91it/s, curv=0.0000, flow=2.3221, kin=0.0000, loss=2.3221, ot=0.000
0, t=0.498, tswd=0.0000]
Epoch 3/5:  17%|█▋        | 35/208 [00:06<00:29,  5.77it/s, curv=0.0000, flow=2.3221, kin=0.0000, loss=2.3221, ot=0.000
0, t=0.498, tswd=0.0000]
Epoch 3/5:  17%|█▋        | 36/208 [00:06<00:30,  5.65it/s, curv=0.0000, flow=2.3221, kin=0.0000, loss=2.3221, ot=0.000
0, t=0.498, tswd=0.0000]
Epoch 3/5:  18%|█▊        | 37/208 [00:06<00:30,  5.59it/s, curv=0.0000, flow=2.3221, kin=0.0000, loss=2.3221, ot=0.000
0, t=0.498, tswd=0.0000]
Epoch 3/5:  18%|█▊        | 38/208 [00:06<00:30,  5.63it/s, curv=0.0000, flow=2.3221, kin=0.0000, loss=2.3221, ot=0.000
0, t=0.498, tswd=0.0000]
Epoch 3/5:  19%|█▉        | 39/208 [00:06<00:30,  5.53it/s, curv=0.0000, flow=2.3221, kin=0.0000, loss=2.3221, ot=0.000
0, t=0.498, tswd=0.0000]
Epoch 3/5:  19%|█▉        | 39/208 [00:06<00:30,  5.53it/s, curv=0.0000, flow=2.3211, kin=0.0000, loss=2.3211, ot=0.000
0, t=0.505, tswd=0.0000]
Epoch 3/5:  19%|█▉        | 40/208 [00:06<00:29,  5.63it/s, curv=0.0000, flow=2.3211, kin=0.0000, loss=2.3211, ot=0.000
0, t=0.505, tswd=0.0000]
Epoch 3/5:  20%|█▉        | 41/208 [00:07<00:29,  5.58it/s, curv=0.0000, flow=2.3211, kin=0.0000, loss=2.3211, ot=0.000
0, t=0.505, tswd=0.0000]
Epoch 3/5:  20%|██        | 42/208 [00:07<00:29,  5.57it/s, curv=0.0000, flow=2.3211, kin=0.0000, loss=2.3211, ot=0.000
0, t=0.505, tswd=0.0000]
Epoch 3/5:  21%|██        | 43/208 [00:07<00:29,  5.68it/s, curv=0.0000, flow=2.3211, kin=0.0000, loss=2.3211, ot=0.000
0, t=0.505, tswd=0.0000]
Epoch 3/5:  21%|██        | 44/208 [00:07<00:29,  5.56it/s, curv=0.0000, flow=2.3211, kin=0.0000, loss=2.3211, ot=0.000
0, t=0.505, tswd=0.0000]
Epoch 3/5:  22%|██▏       | 45/208 [00:07<00:29,  5.57it/s, curv=0.0000, flow=2.3211, kin=0.0000, loss=2.3211, ot=0.000
0, t=0.505, tswd=0.0000]
Epoch 3/5:  22%|██▏       | 46/208 [00:08<00:29,  5.56it/s, curv=0.0000, flow=2.3211, kin=0.0000, loss=2.3211, ot=0.000
0, t=0.505, tswd=0.0000]
Epoch 3/5:  23%|██▎       | 47/208 [00:08<00:28,  5.66it/s, curv=0.0000, flow=2.3211, kin=0.0000, loss=2.3211, ot=0.000
0, t=0.505, tswd=0.0000]
Epoch 3/5:  23%|██▎       | 48/208 [00:08<00:28,  5.61it/s, curv=0.0000, flow=2.3211, kin=0.0000, loss=2.3211, ot=0.000
0, t=0.505, tswd=0.0000]
Epoch 3/5:  24%|██▎       | 49/208 [00:08<00:28,  5.57it/s, curv=0.0000, flow=2.3211, kin=0.0000, loss=2.3211, ot=0.000
0, t=0.505, tswd=0.0000]
Epoch 3/5:  24%|██▍       | 50/208 [00:08<00:26,  5.89it/s, curv=0.0000, flow=2.3211, kin=0.0000, loss=2.3211, ot=0.000
0, t=0.505, tswd=0.0000]
Epoch 3/5:  25%|██▍       | 51/208 [00:08<00:27,  5.70it/s, curv=0.0000, flow=2.3211, kin=0.0000, loss=2.3211, ot=0.000
0, t=0.505, tswd=0.0000]
Epoch 3/5:  25%|██▌       | 52/208 [00:09<00:27,  5.63it/s, curv=0.0000, flow=2.3211, kin=0.0000, loss=2.3211, ot=0.000
0, t=0.505, tswd=0.0000]
Epoch 3/5:  25%|██▌       | 53/208 [00:09<00:28,  5.51it/s, curv=0.0000, flow=2.3211, kin=0.0000, loss=2.3211, ot=0.000
0, t=0.505, tswd=0.0000]
Epoch 3/5:  26%|██▌       | 54/208 [00:09<00:28,  5.48it/s, curv=0.0000, flow=2.3211, kin=0.0000, loss=2.3211, ot=0.000
0, t=0.505, tswd=0.0000]
Epoch 3/5:  26%|██▋       | 55/208 [00:09<00:27,  5.53it/s, curv=0.0000, flow=2.3211, kin=0.0000, loss=2.3211, ot=0.000
0, t=0.505, tswd=0.0000]
Epoch 3/5:  27%|██▋       | 56/208 [00:09<00:27,  5.48it/s, curv=0.0000, flow=2.3211, kin=0.0000, loss=2.3211, ot=0.000
0, t=0.505, tswd=0.0000]
Epoch 3/5:  27%|██▋       | 57/208 [00:10<00:27,  5.48it/s, curv=0.0000, flow=2.3211, kin=0.0000, loss=2.3211, ot=0.000
0, t=0.505, tswd=0.0000]
Epoch 3/5:  28%|██▊       | 58/208 [00:10<00:27,  5.46it/s, curv=0.0000, flow=2.3211, kin=0.0000, loss=2.3211, ot=0.000
0, t=0.505, tswd=0.0000]
Epoch 3/5:  28%|██▊       | 59/208 [00:10<00:27,  5.47it/s, curv=0.0000, flow=2.3211, kin=0.0000, loss=2.3211, ot=0.000
0, t=0.505, tswd=0.0000]
Epoch 3/5:  28%|██▊       | 59/208 [00:10<00:27,  5.47it/s, curv=0.0000, flow=2.3126, kin=0.0000, loss=2.3126, ot=0.000
0, t=0.504, tswd=0.0000]
Epoch 3/5:  29%|██▉       | 60/208 [00:10<00:27,  5.45it/s, curv=0.0000, flow=2.3126, kin=0.0000, loss=2.3126, ot=0.000
0, t=0.504, tswd=0.0000]
Epoch 3/5:  29%|██▉       | 61/208 [00:10<00:26,  5.50it/s, curv=0.0000, flow=2.3126, kin=0.0000, loss=2.3126, ot=0.000
0, t=0.504, tswd=0.0000]
Epoch 3/5:  30%|██▉       | 62/208 [00:10<00:26,  5.59it/s, curv=0.0000, flow=2.3126, kin=0.0000, loss=2.3126, ot=0.000
0, t=0.504, tswd=0.0000]
Epoch 3/5:  30%|███       | 63/208 [00:11<00:25,  5.60it/s, curv=0.0000, flow=2.3126, kin=0.0000, loss=2.3126, ot=0.000
0, t=0.504, tswd=0.0000]
Epoch 3/5:  31%|███       | 64/208 [00:11<00:25,  5.65it/s, curv=0.0000, flow=2.3126, kin=0.0000, loss=2.3126, ot=0.000
0, t=0.504, tswd=0.0000]
Epoch 3/5:  31%|███▏      | 65/208 [00:11<00:25,  5.62it/s, curv=0.0000, flow=2.3126, kin=0.0000, loss=2.3126, ot=0.000
0, t=0.504, tswd=0.0000]
Epoch 3/5:  32%|███▏      | 66/208 [00:11<00:24,  5.86it/s, curv=0.0000, flow=2.3126, kin=0.0000, loss=2.3126, ot=0.000
0, t=0.504, tswd=0.0000]
Epoch 3/5:  32%|███▏      | 67/208 [00:11<00:24,  5.73it/s, curv=0.0000, flow=2.3126, kin=0.0000, loss=2.3126, ot=0.000
0, t=0.504, tswd=0.0000]
Epoch 3/5:  33%|███▎      | 68/208 [00:11<00:24,  5.70it/s, curv=0.0000, flow=2.3126, kin=0.0000, loss=2.3126, ot=0.000
0, t=0.504, tswd=0.0000]
Epoch 3/5:  33%|███▎      | 69/208 [00:12<00:24,  5.62it/s, curv=0.0000, flow=2.3126, kin=0.0000, loss=2.3126, ot=0.000
0, t=0.504, tswd=0.0000]
Epoch 3/5:  34%|███▎      | 70/208 [00:12<00:24,  5.70it/s, curv=0.0000, flow=2.3126, kin=0.0000, loss=2.3126, ot=0.000
0, t=0.504, tswd=0.0000]
Epoch 3/5:  34%|███▍      | 71/208 [00:12<00:24,  5.63it/s, curv=0.0000, flow=2.3126, kin=0.0000, loss=2.3126, ot=0.000
0, t=0.504, tswd=0.0000]
Epoch 3/5:  35%|███▍      | 72/208 [00:12<00:24,  5.58it/s, curv=0.0000, flow=2.3126, kin=0.0000, loss=2.3126, ot=0.000
0, t=0.504, tswd=0.0000]
Epoch 3/5:  35%|███▌      | 73/208 [00:12<00:24,  5.56it/s, curv=0.0000, flow=2.3126, kin=0.0000, loss=2.3126, ot=0.000
0, t=0.504, tswd=0.0000]
Epoch 3/5:  36%|███▌      | 74/208 [00:13<00:23,  5.67it/s, curv=0.0000, flow=2.3126, kin=0.0000, loss=2.3126, ot=0.000
0, t=0.504, tswd=0.0000]
Epoch 3/5:  36%|███▌      | 75/208 [00:13<00:23,  5.73it/s, curv=0.0000, flow=2.3126, kin=0.0000, loss=2.3126, ot=0.000
0, t=0.504, tswd=0.0000]
Epoch 3/5:  37%|███▋      | 76/208 [00:13<00:23,  5.59it/s, curv=0.0000, flow=2.3126, kin=0.0000, loss=2.3126, ot=0.000
0, t=0.504, tswd=0.0000]
Epoch 3/5:  37%|███▋      | 77/208 [00:13<00:23,  5.63it/s, curv=0.0000, flow=2.3126, kin=0.0000, loss=2.3126, ot=0.000
0, t=0.504, tswd=0.0000]
Epoch 3/5:  38%|███▊      | 78/208 [00:13<00:22,  5.73it/s, curv=0.0000, flow=2.3126, kin=0.0000, loss=2.3126, ot=0.000
0, t=0.504, tswd=0.0000]
Epoch 3/5:  38%|███▊      | 79/208 [00:13<00:22,  5.67it/s, curv=0.0000, flow=2.3126, kin=0.0000, loss=2.3126, ot=0.000
0, t=0.504, tswd=0.0000]
Epoch 3/5:  38%|███▊      | 79/208 [00:14<00:22,  5.67it/s, curv=0.0000, flow=2.3075, kin=0.0000, loss=2.3075, ot=0.000
0, t=0.507, tswd=0.0000]
Epoch 3/5:  38%|███▊      | 80/208 [00:14<00:23,  5.51it/s, curv=0.0000, flow=2.3075, kin=0.0000, loss=2.3075, ot=0.000
0, t=0.507, tswd=0.0000]
Epoch 3/5:  39%|███▉      | 81/208 [00:14<00:22,  5.64it/s, curv=0.0000, flow=2.3075, kin=0.0000, loss=2.3075, ot=0.000
0, t=0.507, tswd=0.0000]
Epoch 3/5:  39%|███▉      | 82/208 [00:14<00:22,  5.62it/s, curv=0.0000, flow=2.3075, kin=0.0000, loss=2.3075, ot=0.000
0, t=0.507, tswd=0.0000]
Epoch 3/5:  40%|███▉      | 83/208 [00:14<00:21,  5.71it/s, curv=0.0000, flow=2.3075, kin=0.0000, loss=2.3075, ot=0.000
0, t=0.507, tswd=0.0000]
Epoch 3/5:  40%|████      | 84/208 [00:14<00:21,  5.67it/s, curv=0.0000, flow=2.3075, kin=0.0000, loss=2.3075, ot=0.000
0, t=0.507, tswd=0.0000]
Epoch 3/5:  41%|████      | 85/208 [00:14<00:21,  5.73it/s, curv=0.0000, flow=2.3075, kin=0.0000, loss=2.3075, ot=0.000
0, t=0.507, tswd=0.0000]
Epoch 3/5:  41%|████▏     | 86/208 [00:15<00:21,  5.72it/s, curv=0.0000, flow=2.3075, kin=0.0000, loss=2.3075, ot=0.000
0, t=0.507, tswd=0.0000]
Epoch 3/5:  42%|████▏     | 87/208 [00:15<00:21,  5.59it/s, curv=0.0000, flow=2.3075, kin=0.0000, loss=2.3075, ot=0.000
0, t=0.507, tswd=0.0000]
Epoch 3/5:  42%|████▏     | 88/208 [00:15<00:21,  5.57it/s, curv=0.0000, flow=2.3075, kin=0.0000, loss=2.3075, ot=0.000
0, t=0.507, tswd=0.0000]
Epoch 3/5:  43%|████▎     | 89/208 [00:15<00:21,  5.51it/s, curv=0.0000, flow=2.3075, kin=0.0000, loss=2.3075, ot=0.000
0, t=0.507, tswd=0.0000]
Epoch 3/5:  43%|████▎     | 90/208 [00:15<00:20,  5.63it/s, curv=0.0000, flow=2.3075, kin=0.0000, loss=2.3075, ot=0.000
0, t=0.507, tswd=0.0000]
Epoch 3/5:  44%|████▍     | 91/208 [00:16<00:20,  5.74it/s, curv=0.0000, flow=2.3075, kin=0.0000, loss=2.3075, ot=0.000
0, t=0.507, tswd=0.0000]
Epoch 3/5:  44%|████▍     | 92/208 [00:16<00:20,  5.70it/s, curv=0.0000, flow=2.3075, kin=0.0000, loss=2.3075, ot=0.000
0, t=0.507, tswd=0.0000]
Epoch 3/5:  45%|████▍     | 93/208 [00:16<00:20,  5.57it/s, curv=0.0000, flow=2.3075, kin=0.0000, loss=2.3075, ot=0.000
0, t=0.507, tswd=0.0000]
Epoch 3/5:  45%|████▌     | 94/208 [00:16<00:20,  5.68it/s, curv=0.0000, flow=2.3075, kin=0.0000, loss=2.3075, ot=0.000
0, t=0.507, tswd=0.0000]
Epoch 3/5:  46%|████▌     | 95/208 [00:16<00:20,  5.63it/s, curv=0.0000, flow=2.3075, kin=0.0000, loss=2.3075, ot=0.000
0, t=0.507, tswd=0.0000]
Epoch 3/5:  46%|████▌     | 96/208 [00:16<00:19,  5.61it/s, curv=0.0000, flow=2.3075, kin=0.0000, loss=2.3075, ot=0.000
0, t=0.507, tswd=0.0000]
Epoch 3/5:  47%|████▋     | 97/208 [00:17<00:19,  5.66it/s, curv=0.0000, flow=2.3075, kin=0.0000, loss=2.3075, ot=0.000
0, t=0.507, tswd=0.0000]
Epoch 3/5:  47%|████▋     | 98/208 [00:17<00:19,  5.67it/s, curv=0.0000, flow=2.3075, kin=0.0000, loss=2.3075, ot=0.000
0, t=0.507, tswd=0.0000]
Epoch 3/5:  48%|████▊     | 99/208 [00:17<00:20,  5.39it/s, curv=0.0000, flow=2.3075, kin=0.0000, loss=2.3075, ot=0.000
0, t=0.507, tswd=0.0000]
Epoch 3/5:  48%|████▊     | 99/208 [00:17<00:20,  5.39it/s, curv=0.0000, flow=2.3015, kin=0.0000, loss=2.3015, ot=0.000
0, t=0.507, tswd=0.0000]
Epoch 3/5:  48%|████▊     | 100/208 [00:17<00:20,  5.35it/s, curv=0.0000, flow=2.3015, kin=0.0000, loss=2.3015, ot=0.00
00, t=0.507, tswd=0.0000]
Epoch 3/5:  49%|████▊     | 101/208 [00:17<00:19,  5.42it/s, curv=0.0000, flow=2.3015, kin=0.0000, loss=2.3015, ot=0.00
00, t=0.507, tswd=0.0000]
Epoch 3/5:  49%|████▉     | 102/208 [00:18<00:19,  5.45it/s, curv=0.0000, flow=2.3015, kin=0.0000, loss=2.3015, ot=0.00
00, t=0.507, tswd=0.0000]
Epoch 3/5:  50%|████▉     | 103/208 [00:18<00:19,  5.39it/s, curv=0.0000, flow=2.3015, kin=0.0000, loss=2.3015, ot=0.00
00, t=0.507, tswd=0.0000]
Epoch 3/5:  50%|█████     | 104/208 [00:18<00:19,  5.31it/s, curv=0.0000, flow=2.3015, kin=0.0000, loss=2.3015, ot=0.00
00, t=0.507, tswd=0.0000]
Epoch 3/5:  50%|█████     | 105/208 [00:18<00:19,  5.35it/s, curv=0.0000, flow=2.3015, kin=0.0000, loss=2.3015, ot=0.00
00, t=0.507, tswd=0.0000]
Epoch 3/5:  51%|█████     | 106/208 [00:18<00:18,  5.47it/s, curv=0.0000, flow=2.3015, kin=0.0000, loss=2.3015, ot=0.00
00, t=0.507, tswd=0.0000]
Epoch 3/5:  51%|█████▏    | 107/208 [00:18<00:18,  5.37it/s, curv=0.0000, flow=2.3015, kin=0.0000, loss=2.3015, ot=0.00
00, t=0.507, tswd=0.0000]
Epoch 3/5:  52%|█████▏    | 108/208 [00:19<00:18,  5.35it/s, curv=0.0000, flow=2.3015, kin=0.0000, loss=2.3015, ot=0.00
00, t=0.507, tswd=0.0000]
Epoch 3/5:  52%|█████▏    | 109/208 [00:19<00:18,  5.37it/s, curv=0.0000, flow=2.3015, kin=0.0000, loss=2.3015, ot=0.00
00, t=0.507, tswd=0.0000]
Epoch 3/5:  53%|█████▎    | 110/208 [00:19<00:17,  5.54it/s, curv=0.0000, flow=2.3015, kin=0.0000, loss=2.3015, ot=0.00
00, t=0.507, tswd=0.0000]
Epoch 3/5:  53%|█████▎    | 111/208 [00:19<00:17,  5.56it/s, curv=0.0000, flow=2.3015, kin=0.0000, loss=2.3015, ot=0.00
00, t=0.507, tswd=0.0000]
Epoch 3/5:  54%|█████▍    | 112/208 [00:19<00:17,  5.57it/s, curv=0.0000, flow=2.3015, kin=0.0000, loss=2.3015, ot=0.00
00, t=0.507, tswd=0.0000]
Epoch 3/5:  54%|█████▍    | 113/208 [00:20<00:16,  5.61it/s, curv=0.0000, flow=2.3015, kin=0.0000, loss=2.3015, ot=0.00
00, t=0.507, tswd=0.0000]
Epoch 3/5:  55%|█████▍    | 114/208 [00:20<00:16,  5.56it/s, curv=0.0000, flow=2.3015, kin=0.0000, loss=2.3015, ot=0.00
00, t=0.507, tswd=0.0000]
Epoch 3/5:  55%|█████▌    | 115/208 [00:20<00:16,  5.63it/s, curv=0.0000, flow=2.3015, kin=0.0000, loss=2.3015, ot=0.00
00, t=0.507, tswd=0.0000]
Epoch 3/5:  56%|█████▌    | 116/208 [00:20<00:16,  5.72it/s, curv=0.0000, flow=2.3015, kin=0.0000, loss=2.3015, ot=0.00
00, t=0.507, tswd=0.0000]
Epoch 3/5:  56%|█████▋    | 117/208 [00:20<00:16,  5.64it/s, curv=0.0000, flow=2.3015, kin=0.0000, loss=2.3015, ot=0.00
00, t=0.507, tswd=0.0000]
Epoch 3/5:  57%|█████▋    | 118/208 [00:20<00:15,  5.72it/s, curv=0.0000, flow=2.3015, kin=0.0000, loss=2.3015, ot=0.00
00, t=0.507, tswd=0.0000]
Epoch 3/5:  57%|█████▋    | 119/208 [00:21<00:15,  5.79it/s, curv=0.0000, flow=2.3015, kin=0.0000, loss=2.3015, ot=0.00
00, t=0.507, tswd=0.0000]
Epoch 3/5:  57%|█████▋    | 119/208 [00:21<00:15,  5.79it/s, curv=0.0000, flow=2.2958, kin=0.0000, loss=2.2958, ot=0.00
00, t=0.504, tswd=0.0000]
Epoch 3/5:  58%|█████▊    | 120/208 [00:21<00:15,  5.67it/s, curv=0.0000, flow=2.2958, kin=0.0000, loss=2.2958, ot=0.00
00, t=0.504, tswd=0.0000]
Epoch 3/5:  58%|█████▊    | 121/208 [00:21<00:15,  5.76it/s, curv=0.0000, flow=2.2958, kin=0.0000, loss=2.2958, ot=0.00
00, t=0.504, tswd=0.0000]
Epoch 3/5:  59%|█████▊    | 122/208 [00:21<00:15,  5.69it/s, curv=0.0000, flow=2.2958, kin=0.0000, loss=2.2958, ot=0.00
00, t=0.504, tswd=0.0000]
Epoch 3/5:  59%|█████▉    | 123/208 [00:21<00:14,  5.79it/s, curv=0.0000, flow=2.2958, kin=0.0000, loss=2.2958, ot=0.00
00, t=0.504, tswd=0.0000]
Epoch 3/5:  60%|█████▉    | 124/208 [00:21<00:14,  5.86it/s, curv=0.0000, flow=2.2958, kin=0.0000, loss=2.2958, ot=0.00
00, t=0.504, tswd=0.0000]
Epoch 3/5:  60%|██████    | 125/208 [00:22<00:13,  5.96it/s, curv=0.0000, flow=2.2958, kin=0.0000, loss=2.2958, ot=0.00
00, t=0.504, tswd=0.0000]
Epoch 3/5:  61%|██████    | 126/208 [00:22<00:13,  5.93it/s, curv=0.0000, flow=2.2958, kin=0.0000, loss=2.2958, ot=0.00
00, t=0.504, tswd=0.0000]
Epoch 3/5:  61%|██████    | 127/208 [00:22<00:13,  5.96it/s, curv=0.0000, flow=2.2958, kin=0.0000, loss=2.2958, ot=0.00
00, t=0.504, tswd=0.0000]
Epoch 3/5:  62%|██████▏   | 128/208 [00:22<00:13,  5.82it/s, curv=0.0000, flow=2.2958, kin=0.0000, loss=2.2958, ot=0.00
00, t=0.504, tswd=0.0000]
Epoch 3/5:  62%|██████▏   | 129/208 [00:22<00:13,  5.87it/s, curv=0.0000, flow=2.2958, kin=0.0000, loss=2.2958, ot=0.00
00, t=0.504, tswd=0.0000]
Epoch 3/5:  62%|██████▎   | 130/208 [00:22<00:13,  5.91it/s, curv=0.0000, flow=2.2958, kin=0.0000, loss=2.2958, ot=0.00
00, t=0.504, tswd=0.0000]
Epoch 3/5:  63%|██████▎   | 131/208 [00:23<00:12,  5.96it/s, curv=0.0000, flow=2.2958, kin=0.0000, loss=2.2958, ot=0.00
00, t=0.504, tswd=0.0000]
Epoch 3/5:  63%|██████▎   | 132/208 [00:23<00:12,  5.88it/s, curv=0.0000, flow=2.2958, kin=0.0000, loss=2.2958, ot=0.00
00, t=0.504, tswd=0.0000]
Epoch 3/5:  64%|██████▍   | 133/208 [00:23<00:12,  5.78it/s, curv=0.0000, flow=2.2958, kin=0.0000, loss=2.2958, ot=0.00
00, t=0.504, tswd=0.0000]
Epoch 3/5:  64%|██████▍   | 134/208 [00:23<00:12,  5.73it/s, curv=0.0000, flow=2.2958, kin=0.0000, loss=2.2958, ot=0.00
00, t=0.504, tswd=0.0000]
Epoch 3/5:  65%|██████▍   | 135/208 [00:23<00:12,  5.78it/s, curv=0.0000, flow=2.2958, kin=0.0000, loss=2.2958, ot=0.00
00, t=0.504, tswd=0.0000]
Epoch 3/5:  65%|██████▌   | 136/208 [00:24<00:12,  5.81it/s, curv=0.0000, flow=2.2958, kin=0.0000, loss=2.2958, ot=0.00
00, t=0.504, tswd=0.0000]
Epoch 3/5:  66%|██████▌   | 137/208 [00:24<00:12,  5.85it/s, curv=0.0000, flow=2.2958, kin=0.0000, loss=2.2958, ot=0.00
00, t=0.504, tswd=0.0000]
Epoch 3/5:  66%|██████▋   | 138/208 [00:24<00:11,  5.94it/s, curv=0.0000, flow=2.2958, kin=0.0000, loss=2.2958, ot=0.00
00, t=0.504, tswd=0.0000]
Epoch 3/5:  67%|██████▋   | 139/208 [00:24<00:11,  5.80it/s, curv=0.0000, flow=2.2958, kin=0.0000, loss=2.2958, ot=0.00
00, t=0.504, tswd=0.0000]
Epoch 3/5:  67%|██████▋   | 139/208 [00:24<00:11,  5.80it/s, curv=0.0000, flow=2.2920, kin=0.0000, loss=2.2920, ot=0.00
00, t=0.504, tswd=0.0000]
Epoch 3/5:  67%|██████▋   | 140/208 [00:24<00:11,  5.82it/s, curv=0.0000, flow=2.2920, kin=0.0000, loss=2.2920, ot=0.00
00, t=0.504, tswd=0.0000]
Epoch 3/5:  68%|██████▊   | 141/208 [00:24<00:11,  5.87it/s, curv=0.0000, flow=2.2920, kin=0.0000, loss=2.2920, ot=0.00
00, t=0.504, tswd=0.0000]
Epoch 3/5:  68%|██████▊   | 142/208 [00:25<00:11,  5.91it/s, curv=0.0000, flow=2.2920, kin=0.0000, loss=2.2920, ot=0.00
00, t=0.504, tswd=0.0000]
Epoch 3/5:  69%|██████▉   | 143/208 [00:25<00:11,  5.65it/s, curv=0.0000, flow=2.2920, kin=0.0000, loss=2.2920, ot=0.00
00, t=0.504, tswd=0.0000]
Epoch 3/5:  69%|██████▉   | 144/208 [00:25<00:11,  5.57it/s, curv=0.0000, flow=2.2920, kin=0.0000, loss=2.2920, ot=0.00
00, t=0.504, tswd=0.0000]
Epoch 3/5:  70%|██████▉   | 145/208 [00:25<00:11,  5.49it/s, curv=0.0000, flow=2.2920, kin=0.0000, loss=2.2920, ot=0.00
00, t=0.504, tswd=0.0000]
Epoch 3/5:  70%|███████   | 146/208 [00:25<00:11,  5.49it/s, curv=0.0000, flow=2.2920, kin=0.0000, loss=2.2920, ot=0.00
00, t=0.504, tswd=0.0000]
Epoch 3/5:  71%|███████   | 147/208 [00:25<00:10,  5.55it/s, curv=0.0000, flow=2.2920, kin=0.0000, loss=2.2920, ot=0.00
00, t=0.504, tswd=0.0000]
Epoch 3/5:  71%|███████   | 148/208 [00:26<00:10,  5.53it/s, curv=0.0000, flow=2.2920, kin=0.0000, loss=2.2920, ot=0.00
00, t=0.504, tswd=0.0000]
Epoch 3/5:  72%|███████▏  | 149/208 [00:26<00:10,  5.54it/s, curv=0.0000, flow=2.2920, kin=0.0000, loss=2.2920, ot=0.00
00, t=0.504, tswd=0.0000]
Epoch 3/5:  72%|███████▏  | 150/208 [00:26<00:10,  5.52it/s, curv=0.0000, flow=2.2920, kin=0.0000, loss=2.2920, ot=0.00
00, t=0.504, tswd=0.0000]
Epoch 3/5:  73%|███████▎  | 151/208 [00:26<00:10,  5.64it/s, curv=0.0000, flow=2.2920, kin=0.0000, loss=2.2920, ot=0.00
00, t=0.504, tswd=0.0000]
Epoch 3/5:  73%|███████▎  | 152/208 [00:26<00:10,  5.59it/s, curv=0.0000, flow=2.2920, kin=0.0000, loss=2.2920, ot=0.00
00, t=0.504, tswd=0.0000]
Epoch 3/5:  74%|███████▎  | 153/208 [00:27<00:09,  5.64it/s, curv=0.0000, flow=2.2920, kin=0.0000, loss=2.2920, ot=0.00
00, t=0.504, tswd=0.0000]
Epoch 3/5:  74%|███████▍  | 154/208 [00:27<00:09,  5.63it/s, curv=0.0000, flow=2.2920, kin=0.0000, loss=2.2920, ot=0.00
00, t=0.504, tswd=0.0000]
Epoch 3/5:  75%|███████▍  | 155/208 [00:27<00:09,  5.70it/s, curv=0.0000, flow=2.2920, kin=0.0000, loss=2.2920, ot=0.00
00, t=0.504, tswd=0.0000]
Epoch 3/5:  75%|███████▌  | 156/208 [00:27<00:09,  5.61it/s, curv=0.0000, flow=2.2920, kin=0.0000, loss=2.2920, ot=0.00
00, t=0.504, tswd=0.0000]
Epoch 3/5:  75%|███████▌  | 157/208 [00:27<00:09,  5.63it/s, curv=0.0000, flow=2.2920, kin=0.0000, loss=2.2920, ot=0.00
00, t=0.504, tswd=0.0000]
Epoch 3/5:  76%|███████▌  | 158/208 [00:27<00:08,  5.69it/s, curv=0.0000, flow=2.2920, kin=0.0000, loss=2.2920, ot=0.00
00, t=0.504, tswd=0.0000]
Epoch 3/5:  76%|███████▋  | 159/208 [00:28<00:08,  5.81it/s, curv=0.0000, flow=2.2920, kin=0.0000, loss=2.2920, ot=0.00
00, t=0.504, tswd=0.0000]
Epoch 3/5:  76%|███████▋  | 159/208 [00:28<00:08,  5.81it/s, curv=0.0000, flow=2.2934, kin=0.0000, loss=2.2934, ot=0.00
00, t=0.505, tswd=0.0000]
Epoch 3/5:  77%|███████▋  | 160/208 [00:28<00:08,  5.72it/s, curv=0.0000, flow=2.2934, kin=0.0000, loss=2.2934, ot=0.00
00, t=0.505, tswd=0.0000]
Epoch 3/5:  77%|███████▋  | 161/208 [00:28<00:08,  5.59it/s, curv=0.0000, flow=2.2934, kin=0.0000, loss=2.2934, ot=0.00
00, t=0.505, tswd=0.0000]
Epoch 3/5:  78%|███████▊  | 162/208 [00:28<00:08,  5.72it/s, curv=0.0000, flow=2.2934, kin=0.0000, loss=2.2934, ot=0.00
00, t=0.505, tswd=0.0000]
Epoch 3/5:  78%|███████▊  | 163/208 [00:28<00:07,  5.80it/s, curv=0.0000, flow=2.2934, kin=0.0000, loss=2.2934, ot=0.00
00, t=0.505, tswd=0.0000]
Epoch 3/5:  79%|███████▉  | 164/208 [00:28<00:07,  5.87it/s, curv=0.0000, flow=2.2934, kin=0.0000, loss=2.2934, ot=0.00
00, t=0.505, tswd=0.0000]
Epoch 3/5:  79%|███████▉  | 165/208 [00:29<00:07,  5.75it/s, curv=0.0000, flow=2.2934, kin=0.0000, loss=2.2934, ot=0.00
00, t=0.505, tswd=0.0000]
Epoch 3/5:  80%|███████▉  | 166/208 [00:29<00:07,  5.73it/s, curv=0.0000, flow=2.2934, kin=0.0000, loss=2.2934, ot=0.00
00, t=0.505, tswd=0.0000]
Epoch 3/5:  80%|████████  | 167/208 [00:29<00:07,  5.63it/s, curv=0.0000, flow=2.2934, kin=0.0000, loss=2.2934, ot=0.00
00, t=0.505, tswd=0.0000]
Epoch 3/5:  81%|████████  | 168/208 [00:29<00:06,  5.74it/s, curv=0.0000, flow=2.2934, kin=0.0000, loss=2.2934, ot=0.00
00, t=0.505, tswd=0.0000]
Epoch 3/5:  81%|████████▏ | 169/208 [00:29<00:06,  5.80it/s, curv=0.0000, flow=2.2934, kin=0.0000, loss=2.2934, ot=0.00
00, t=0.505, tswd=0.0000]
Epoch 3/5:  82%|████████▏ | 170/208 [00:30<00:06,  5.77it/s, curv=0.0000, flow=2.2934, kin=0.0000, loss=2.2934, ot=0.00
00, t=0.505, tswd=0.0000]
Epoch 3/5:  82%|████████▏ | 171/208 [00:30<00:06,  5.65it/s, curv=0.0000, flow=2.2934, kin=0.0000, loss=2.2934, ot=0.00
00, t=0.505, tswd=0.0000]
Epoch 3/5:  83%|████████▎ | 172/208 [00:30<00:06,  5.61it/s, curv=0.0000, flow=2.2934, kin=0.0000, loss=2.2934, ot=0.00
00, t=0.505, tswd=0.0000]
Epoch 3/5:  83%|████████▎ | 173/208 [00:30<00:06,  5.56it/s, curv=0.0000, flow=2.2934, kin=0.0000, loss=2.2934, ot=0.00
00, t=0.505, tswd=0.0000]
Epoch 3/5:  84%|████████▎ | 174/208 [00:30<00:06,  5.51it/s, curv=0.0000, flow=2.2934, kin=0.0000, loss=2.2934, ot=0.00
00, t=0.505, tswd=0.0000]
Epoch 3/5:  84%|████████▍ | 175/208 [00:30<00:05,  5.53it/s, curv=0.0000, flow=2.2934, kin=0.0000, loss=2.2934, ot=0.00
00, t=0.505, tswd=0.0000]
Epoch 3/5:  85%|████████▍ | 176/208 [00:31<00:05,  5.66it/s, curv=0.0000, flow=2.2934, kin=0.0000, loss=2.2934, ot=0.00
00, t=0.505, tswd=0.0000]
Epoch 3/5:  85%|████████▌ | 177/208 [00:31<00:05,  5.58it/s, curv=0.0000, flow=2.2934, kin=0.0000, loss=2.2934, ot=0.00
00, t=0.505, tswd=0.0000]
Epoch 3/5:  86%|████████▌ | 178/208 [00:31<00:05,  5.52it/s, curv=0.0000, flow=2.2934, kin=0.0000, loss=2.2934, ot=0.00
00, t=0.505, tswd=0.0000]
Epoch 3/5:  86%|████████▌ | 179/208 [00:31<00:05,  5.49it/s, curv=0.0000, flow=2.2934, kin=0.0000, loss=2.2934, ot=0.00
00, t=0.505, tswd=0.0000]
Epoch 3/5:  86%|████████▌ | 179/208 [00:31<00:05,  5.49it/s, curv=0.0000, flow=2.2876, kin=0.0000, loss=2.2876, ot=0.00
00, t=0.505, tswd=0.0000]
Epoch 3/5:  87%|████████▋ | 180/208 [00:31<00:05,  5.42it/s, curv=0.0000, flow=2.2876, kin=0.0000, loss=2.2876, ot=0.00
00, t=0.505, tswd=0.0000]
Epoch 3/5:  87%|████████▋ | 181/208 [00:32<00:04,  5.49it/s, curv=0.0000, flow=2.2876, kin=0.0000, loss=2.2876, ot=0.00
00, t=0.505, tswd=0.0000]
Epoch 3/5:  88%|████████▊ | 182/208 [00:32<00:04,  5.49it/s, curv=0.0000, flow=2.2876, kin=0.0000, loss=2.2876, ot=0.00
00, t=0.505, tswd=0.0000]
Epoch 3/5:  88%|████████▊ | 183/208 [00:32<00:04,  5.50it/s, curv=0.0000, flow=2.2876, kin=0.0000, loss=2.2876, ot=0.00
00, t=0.505, tswd=0.0000]
Epoch 3/5:  88%|████████▊ | 184/208 [00:32<00:04,  5.49it/s, curv=0.0000, flow=2.2876, kin=0.0000, loss=2.2876, ot=0.00
00, t=0.505, tswd=0.0000]
Epoch 3/5:  89%|████████▉ | 185/208 [00:32<00:04,  5.55it/s, curv=0.0000, flow=2.2876, kin=0.0000, loss=2.2876, ot=0.00
00, t=0.505, tswd=0.0000]
Epoch 3/5:  89%|████████▉ | 186/208 [00:32<00:03,  5.62it/s, curv=0.0000, flow=2.2876, kin=0.0000, loss=2.2876, ot=0.00
00, t=0.505, tswd=0.0000]
Epoch 3/5:  90%|████████▉ | 187/208 [00:33<00:03,  5.69it/s, curv=0.0000, flow=2.2876, kin=0.0000, loss=2.2876, ot=0.00
00, t=0.505, tswd=0.0000]
Epoch 3/5:  90%|█████████ | 188/208 [00:33<00:03,  5.76it/s, curv=0.0000, flow=2.2876, kin=0.0000, loss=2.2876, ot=0.00
00, t=0.505, tswd=0.0000]
Epoch 3/5:  91%|█████████ | 189/208 [00:33<00:03,  5.65it/s, curv=0.0000, flow=2.2876, kin=0.0000, loss=2.2876, ot=0.00
00, t=0.505, tswd=0.0000]
Epoch 3/5:  91%|█████████▏| 190/208 [00:33<00:03,  5.58it/s, curv=0.0000, flow=2.2876, kin=0.0000, loss=2.2876, ot=0.00
00, t=0.505, tswd=0.0000]
Epoch 3/5:  92%|█████████▏| 191/208 [00:33<00:03,  5.56it/s, curv=0.0000, flow=2.2876, kin=0.0000, loss=2.2876, ot=0.00
00, t=0.505, tswd=0.0000]
Epoch 3/5:  92%|█████████▏| 192/208 [00:33<00:02,  5.54it/s, curv=0.0000, flow=2.2876, kin=0.0000, loss=2.2876, ot=0.00
00, t=0.505, tswd=0.0000]
Epoch 3/5:  93%|█████████▎| 193/208 [00:34<00:02,  5.51it/s, curv=0.0000, flow=2.2876, kin=0.0000, loss=2.2876, ot=0.00
00, t=0.505, tswd=0.0000]
Epoch 3/5:  93%|█████████▎| 194/208 [00:34<00:02,  5.49it/s, curv=0.0000, flow=2.2876, kin=0.0000, loss=2.2876, ot=0.00
00, t=0.505, tswd=0.0000]
Epoch 3/5:  94%|█████████▍| 195/208 [00:34<00:02,  5.51it/s, curv=0.0000, flow=2.2876, kin=0.0000, loss=2.2876, ot=0.00
00, t=0.505, tswd=0.0000]
Epoch 3/5:  94%|█████████▍| 196/208 [00:34<00:02,  5.60it/s, curv=0.0000, flow=2.2876, kin=0.0000, loss=2.2876, ot=0.00
00, t=0.505, tswd=0.0000]
Epoch 3/5:  95%|█████████▍| 197/208 [00:34<00:01,  5.83it/s, curv=0.0000, flow=2.2876, kin=0.0000, loss=2.2876, ot=0.00
00, t=0.505, tswd=0.0000]
Epoch 3/5:  95%|█████████▌| 198/208 [00:35<00:01,  5.87it/s, curv=0.0000, flow=2.2876, kin=0.0000, loss=2.2876, ot=0.00
00, t=0.505, tswd=0.0000]
Epoch 3/5:  96%|█████████▌| 199/208 [00:35<00:01,  5.85it/s, curv=0.0000, flow=2.2876, kin=0.0000, loss=2.2876, ot=0.00
00, t=0.505, tswd=0.0000]
Epoch 3/5:  96%|█████████▌| 199/208 [00:35<00:01,  5.85it/s, curv=0.0000, flow=2.2847, kin=0.0000, loss=2.2847, ot=0.00
00, t=0.504, tswd=0.0000]
Epoch 3/5:  96%|█████████▌| 200/208 [00:35<00:01,  5.78it/s, curv=0.0000, flow=2.2847, kin=0.0000, loss=2.2847, ot=0.00
00, t=0.504, tswd=0.0000]
Epoch 3/5:  97%|█████████▋| 201/208 [00:35<00:01,  5.78it/s, curv=0.0000, flow=2.2847, kin=0.0000, loss=2.2847, ot=0.00
00, t=0.504, tswd=0.0000]
Epoch 3/5:  97%|█████████▋| 202/208 [00:35<00:01,  5.61it/s, curv=0.0000, flow=2.2847, kin=0.0000, loss=2.2847, ot=0.00
00, t=0.504, tswd=0.0000]
Epoch 3/5:  98%|█████████▊| 203/208 [00:35<00:00,  5.57it/s, curv=0.0000, flow=2.2847, kin=0.0000, loss=2.2847, ot=0.00
00, t=0.504, tswd=0.0000]
Epoch 3/5:  98%|█████████▊| 204/208 [00:36<00:00,  5.57it/s, curv=0.0000, flow=2.2847, kin=0.0000, loss=2.2847, ot=0.00
00, t=0.504, tswd=0.0000]
Epoch 3/5:  99%|█████████▊| 205/208 [00:36<00:00,  5.64it/s, curv=0.0000, flow=2.2847, kin=0.0000, loss=2.2847, ot=0.00
00, t=0.504, tswd=0.0000]
Epoch 3/5:  99%|█████████▉| 206/208 [00:36<00:00,  5.63it/s, curv=0.0000, flow=2.2847, kin=0.0000, loss=2.2847, ot=0.00
00, t=0.504, tswd=0.0000]
Epoch 3/5: 100%|█████████▉| 207/208 [00:36<00:00,  5.60it/s, curv=0.0000, flow=2.2847, kin=0.0000, loss=2.2847, ot=0.00
00, t=0.504, tswd=0.0000]
Epoch 3/5: 100%|█████████▉| 207/208 [00:36<00:00,  5.60it/s, curv=0.0000, flow=2.2835, kin=0.0000, loss=2.2835, ot=0.00
00, t=0.503, tswd=0.0000]
Epoch 3/5: 100%|██████████| 208/208 [00:36<00:00,  5.56it/s, curv=0.0000, flow=2.2835, kin=0.0000, loss=2.2835, ot=0.00
00, t=0.503, tswd=0.0000]
Epoch 3/5: 100%|██████████| 208/208 [00:36<00:00,  5.65it/s, curv=0.0000, flow=2.2835, kin=0.0000, loss=2.2835, ot=0.00
00, t=0.503, tswd=0.0000]
2026-07-02 12:01:43,594 - INFO - Epoch 3/5 | loss=2.2835 flow=2.2835 kin=0.0000 ot=0.0000 tswd=0.0000 gini=0.000 hub=0.
000 otd=0.0000 fiber=0.000 leak=0.0000 tgtshift=0.0000 cla=0.0000 cea=0.0000 sem_attn=0.000 sem_k=0.000 topo_ent=0.000 
topo_on=0 plan_ent=0.000 bary_ent=0.000 tok_ent=0.000 tok_eff=0.0 tok_max=0.000 tok_svd=0.000 tok_cos=0.000 app_s=0.000
 app_d=0.000 sigma=0.000 bex=0 idr=0.00 t=0.503 |v|=0.000 lr=1.34e-04 data=0.6s comp=19.7s epoch=36.8s sps=135.64 bstep
=0.177s gpu=94.6/97.0% vram=6.64/6.66GB power=83.7/88.4W peak=1.37/1.67GB
2026-07-02 12:01:43,600 - INFO - Epoch 4 weight schedule: stage=0 w_content=0.0000 w_style=0.0000 w_style_strength_reg=
0.0000 sigma=0.0000

Epoch 4/5:   0%|          | 0/208 [00:00<?, ?it/s]
Epoch 4/5:   0%|          | 0/208 [00:00<?, ?it/s, curv=0.0000, flow=2.0853, kin=0.0000, loss=2.0853, ot=0.0000, t=0.66
9, tswd=0.0000]
Epoch 4/5:   0%|          | 1/208 [00:00<00:37,  5.56it/s, curv=0.0000, flow=2.0853, kin=0.0000, loss=2.0853, ot=0.0000
, t=0.669, tswd=0.0000]
Epoch 4/5:   1%|          | 2/208 [00:00<00:36,  5.70it/s, curv=0.0000, flow=2.0853, kin=0.0000, loss=2.0853, ot=0.0000
, t=0.669, tswd=0.0000]
Epoch 4/5:   1%|▏         | 3/208 [00:00<00:36,  5.60it/s, curv=0.0000, flow=2.0853, kin=0.0000, loss=2.0853, ot=0.0000
, t=0.669, tswd=0.0000]
Epoch 4/5:   2%|▏         | 4/208 [00:00<00:35,  5.74it/s, curv=0.0000, flow=2.0853, kin=0.0000, loss=2.0853, ot=0.0000
, t=0.669, tswd=0.0000]
Epoch 4/5:   2%|▏         | 5/208 [00:00<00:36,  5.57it/s, curv=0.0000, flow=2.0853, kin=0.0000, loss=2.0853, ot=0.0000
, t=0.669, tswd=0.0000]
Epoch 4/5:   3%|▎         | 6/208 [00:01<00:36,  5.58it/s, curv=0.0000, flow=2.0853, kin=0.0000, loss=2.0853, ot=0.0000
, t=0.669, tswd=0.0000]
Epoch 4/5:   3%|▎         | 7/208 [00:01<00:35,  5.64it/s, curv=0.0000, flow=2.0853, kin=0.0000, loss=2.0853, ot=0.0000
, t=0.669, tswd=0.0000]
Epoch 4/5:   4%|▍         | 8/208 [00:01<00:35,  5.62it/s, curv=0.0000, flow=2.0853, kin=0.0000, loss=2.0853, ot=0.0000
, t=0.669, tswd=0.0000]
Epoch 4/5:   4%|▍         | 9/208 [00:01<00:35,  5.60it/s, curv=0.0000, flow=2.0853, kin=0.0000, loss=2.0853, ot=0.0000
, t=0.669, tswd=0.0000]
Epoch 4/5:   5%|▍         | 10/208 [00:01<00:34,  5.71it/s, curv=0.0000, flow=2.0853, kin=0.0000, loss=2.0853, ot=0.000
0, t=0.669, tswd=0.0000]
Epoch 4/5:   5%|▌         | 11/208 [00:01<00:34,  5.67it/s, curv=0.0000, flow=2.0853, kin=0.0000, loss=2.0853, ot=0.000
0, t=0.669, tswd=0.0000]
Epoch 4/5:   6%|▌         | 12/208 [00:02<00:33,  5.79it/s, curv=0.0000, flow=2.0853, kin=0.0000, loss=2.0853, ot=0.000
0, t=0.669, tswd=0.0000]
Epoch 4/5:   6%|▋         | 13/208 [00:02<00:34,  5.61it/s, curv=0.0000, flow=2.0853, kin=0.0000, loss=2.0853, ot=0.000
0, t=0.669, tswd=0.0000]
Epoch 4/5:   7%|▋         | 14/208 [00:02<00:34,  5.57it/s, curv=0.0000, flow=2.0853, kin=0.0000, loss=2.0853, ot=0.000
0, t=0.669, tswd=0.0000]
Epoch 4/5:   7%|▋         | 15/208 [00:02<00:34,  5.61it/s, curv=0.0000, flow=2.0853, kin=0.0000, loss=2.0853, ot=0.000
0, t=0.669, tswd=0.0000]
Epoch 4/5:   8%|▊         | 16/208 [00:02<00:33,  5.67it/s, curv=0.0000, flow=2.0853, kin=0.0000, loss=2.0853, ot=0.000
0, t=0.669, tswd=0.0000]
Epoch 4/5:   8%|▊         | 17/208 [00:03<00:33,  5.69it/s, curv=0.0000, flow=2.0853, kin=0.0000, loss=2.0853, ot=0.000
0, t=0.669, tswd=0.0000]
Epoch 4/5:   9%|▊         | 18/208 [00:03<00:33,  5.67it/s, curv=0.0000, flow=2.0853, kin=0.0000, loss=2.0853, ot=0.000
0, t=0.669, tswd=0.0000]
Epoch 4/5:   9%|▉         | 19/208 [00:03<00:32,  5.75it/s, curv=0.0000, flow=2.0853, kin=0.0000, loss=2.0853, ot=0.000
0, t=0.669, tswd=0.0000]
Epoch 4/5:   9%|▉         | 19/208 [00:03<00:32,  5.75it/s, curv=0.0000, flow=2.2346, kin=0.0000, loss=2.2346, ot=0.000
0, t=0.518, tswd=0.0000]
Epoch 4/5:  10%|▉         | 20/208 [00:03<00:32,  5.75it/s, curv=0.0000, flow=2.2346, kin=0.0000, loss=2.2346, ot=0.000
0, t=0.518, tswd=0.0000]
Epoch 4/5:  10%|█         | 21/208 [00:03<00:32,  5.74it/s, curv=0.0000, flow=2.2346, kin=0.0000, loss=2.2346, ot=0.000
0, t=0.518, tswd=0.0000]
Epoch 4/5:  11%|█         | 22/208 [00:03<00:32,  5.65it/s, curv=0.0000, flow=2.2346, kin=0.0000, loss=2.2346, ot=0.000
0, t=0.518, tswd=0.0000]
Epoch 4/5:  11%|█         | 23/208 [00:04<00:33,  5.58it/s, curv=0.0000, flow=2.2346, kin=0.0000, loss=2.2346, ot=0.000
0, t=0.518, tswd=0.0000]
Epoch 4/5:  12%|█▏        | 24/208 [00:04<00:32,  5.66it/s, curv=0.0000, flow=2.2346, kin=0.0000, loss=2.2346, ot=0.000
0, t=0.518, tswd=0.0000]
Epoch 4/5:  12%|█▏        | 25/208 [00:04<00:32,  5.58it/s, curv=0.0000, flow=2.2346, kin=0.0000, loss=2.2346, ot=0.000
0, t=0.518, tswd=0.0000]
Epoch 4/5:  12%|█▎        | 26/208 [00:04<00:33,  5.38it/s, curv=0.0000, flow=2.2346, kin=0.0000, loss=2.2346, ot=0.000
0, t=0.518, tswd=0.0000]
Epoch 4/5:  13%|█▎        | 27/208 [00:04<00:34,  5.30it/s, curv=0.0000, flow=2.2346, kin=0.0000, loss=2.2346, ot=0.000
0, t=0.518, tswd=0.0000]
Epoch 4/5:  13%|█▎        | 28/208 [00:05<00:34,  5.28it/s, curv=0.0000, flow=2.2346, kin=0.0000, loss=2.2346, ot=0.000
0, t=0.518, tswd=0.0000]
Epoch 4/5:  14%|█▍        | 29/208 [00:05<00:34,  5.26it/s, curv=0.0000, flow=2.2346, kin=0.0000, loss=2.2346, ot=0.000
0, t=0.518, tswd=0.0000]
Epoch 4/5:  14%|█▍        | 30/208 [00:05<00:33,  5.29it/s, curv=0.0000, flow=2.2346, kin=0.0000, loss=2.2346, ot=0.000
0, t=0.518, tswd=0.0000]
Epoch 4/5:  15%|█▍        | 31/208 [00:05<00:33,  5.31it/s, curv=0.0000, flow=2.2346, kin=0.0000, loss=2.2346, ot=0.000
0, t=0.518, tswd=0.0000]
Epoch 4/5:  15%|█▌        | 32/208 [00:05<00:32,  5.46it/s, curv=0.0000, flow=2.2346, kin=0.0000, loss=2.2346, ot=0.000
0, t=0.518, tswd=0.0000]
Epoch 4/5:  16%|█▌        | 33/208 [00:05<00:32,  5.44it/s, curv=0.0000, flow=2.2346, kin=0.0000, loss=2.2346, ot=0.000
0, t=0.518, tswd=0.0000]
Epoch 4/5:  16%|█▋        | 34/208 [00:06<00:31,  5.50it/s, curv=0.0000, flow=2.2346, kin=0.0000, loss=2.2346, ot=0.000
0, t=0.518, tswd=0.0000]
Epoch 4/5:  17%|█▋        | 35/208 [00:06<00:31,  5.55it/s, curv=0.0000, flow=2.2346, kin=0.0000, loss=2.2346, ot=0.000
0, t=0.518, tswd=0.0000]
Epoch 4/5:  17%|█▋        | 36/208 [00:06<00:31,  5.53it/s, curv=0.0000, flow=2.2346, kin=0.0000, loss=2.2346, ot=0.000
0, t=0.518, tswd=0.0000]
Epoch 4/5:  18%|█▊        | 37/208 [00:06<00:31,  5.48it/s, curv=0.0000, flow=2.2346, kin=0.0000, loss=2.2346, ot=0.000
0, t=0.518, tswd=0.0000]
Epoch 4/5:  18%|█▊        | 38/208 [00:06<00:30,  5.51it/s, curv=0.0000, flow=2.2346, kin=0.0000, loss=2.2346, ot=0.000
0, t=0.518, tswd=0.0000]
Epoch 4/5:  19%|█▉        | 39/208 [00:07<00:30,  5.59it/s, curv=0.0000, flow=2.2346, kin=0.0000, loss=2.2346, ot=0.000
0, t=0.518, tswd=0.0000]
Epoch 4/5:  19%|█▉        | 39/208 [00:07<00:30,  5.59it/s, curv=0.0000, flow=2.2330, kin=0.0000, loss=2.2330, ot=0.000
0, t=0.507, tswd=0.0000]
Epoch 4/5:  19%|█▉        | 40/208 [00:07<00:30,  5.53it/s, curv=0.0000, flow=2.2330, kin=0.0000, loss=2.2330, ot=0.000
0, t=0.507, tswd=0.0000]
Epoch 4/5:  20%|█▉        | 41/208 [00:07<00:29,  5.63it/s, curv=0.0000, flow=2.2330, kin=0.0000, loss=2.2330, ot=0.000
0, t=0.507, tswd=0.0000]
Epoch 4/5:  20%|██        | 42/208 [00:07<00:30,  5.53it/s, curv=0.0000, flow=2.2330, kin=0.0000, loss=2.2330, ot=0.000
0, t=0.507, tswd=0.0000]
Epoch 4/5:  21%|██        | 43/208 [00:07<00:30,  5.48it/s, curv=0.0000, flow=2.2330, kin=0.0000, loss=2.2330, ot=0.000
0, t=0.507, tswd=0.0000]
Epoch 4/5:  21%|██        | 44/208 [00:07<00:29,  5.59it/s, curv=0.0000, flow=2.2330, kin=0.0000, loss=2.2330, ot=0.000
0, t=0.507, tswd=0.0000]
Epoch 4/5:  22%|██▏       | 45/208 [00:08<00:29,  5.54it/s, curv=0.0000, flow=2.2330, kin=0.0000, loss=2.2330, ot=0.000
0, t=0.507, tswd=0.0000]
Epoch 4/5:  22%|██▏       | 46/208 [00:08<00:29,  5.57it/s, curv=0.0000, flow=2.2330, kin=0.0000, loss=2.2330, ot=0.000
0, t=0.507, tswd=0.0000]
Epoch 4/5:  23%|██▎       | 47/208 [00:08<00:28,  5.65it/s, curv=0.0000, flow=2.2330, kin=0.0000, loss=2.2330, ot=0.000
0, t=0.507, tswd=0.0000]
Epoch 4/5:  23%|██▎       | 48/208 [00:08<00:28,  5.59it/s, curv=0.0000, flow=2.2330, kin=0.0000, loss=2.2330, ot=0.000
0, t=0.507, tswd=0.0000]
Epoch 4/5:  24%|██▎       | 49/208 [00:08<00:28,  5.57it/s, curv=0.0000, flow=2.2330, kin=0.0000, loss=2.2330, ot=0.000
0, t=0.507, tswd=0.0000]
Epoch 4/5:  24%|██▍       | 50/208 [00:08<00:27,  5.66it/s, curv=0.0000, flow=2.2330, kin=0.0000, loss=2.2330, ot=0.000
0, t=0.507, tswd=0.0000]
Epoch 4/5:  25%|██▍       | 51/208 [00:09<00:27,  5.64it/s, curv=0.0000, flow=2.2330, kin=0.0000, loss=2.2330, ot=0.000
0, t=0.507, tswd=0.0000]
Epoch 4/5:  25%|██▌       | 52/208 [00:09<00:28,  5.57it/s, curv=0.0000, flow=2.2330, kin=0.0000, loss=2.2330, ot=0.000
0, t=0.507, tswd=0.0000]
Epoch 4/5:  25%|██▌       | 53/208 [00:09<00:25,  6.02it/s, curv=0.0000, flow=2.2330, kin=0.0000, loss=2.2330, ot=0.000
0, t=0.507, tswd=0.0000]
Epoch 4/5:  26%|██▌       | 54/208 [00:09<00:26,  5.87it/s, curv=0.0000, flow=2.2330, kin=0.0000, loss=2.2330, ot=0.000
0, t=0.507, tswd=0.0000]
Epoch 4/5:  26%|██▋       | 55/208 [00:09<00:26,  5.74it/s, curv=0.0000, flow=2.2330, kin=0.0000, loss=2.2330, ot=0.000
0, t=0.507, tswd=0.0000]
Epoch 4/5:  27%|██▋       | 56/208 [00:09<00:25,  6.01it/s, curv=0.0000, flow=2.2330, kin=0.0000, loss=2.2330, ot=0.000
0, t=0.507, tswd=0.0000]
Epoch 4/5:  27%|██▋       | 57/208 [00:10<00:26,  5.79it/s, curv=0.0000, flow=2.2330, kin=0.0000, loss=2.2330, ot=0.000
0, t=0.507, tswd=0.0000]
Epoch 4/5:  28%|██▊       | 58/208 [00:10<00:25,  5.91it/s, curv=0.0000, flow=2.2330, kin=0.0000, loss=2.2330, ot=0.000
0, t=0.507, tswd=0.0000]
Epoch 4/5:  28%|██▊       | 59/208 [00:10<00:25,  5.79it/s, curv=0.0000, flow=2.2330, kin=0.0000, loss=2.2330, ot=0.000
0, t=0.507, tswd=0.0000]
Epoch 4/5:  28%|██▊       | 59/208 [00:10<00:25,  5.79it/s, curv=0.0000, flow=2.2298, kin=0.0000, loss=2.2298, ot=0.000
0, t=0.500, tswd=0.0000]
Epoch 4/5:  29%|██▉       | 60/208 [00:10<00:25,  5.82it/s, curv=0.0000, flow=2.2298, kin=0.0000, loss=2.2298, ot=0.000
0, t=0.500, tswd=0.0000]
Epoch 4/5:  29%|██▉       | 61/208 [00:10<00:24,  5.94it/s, curv=0.0000, flow=2.2298, kin=0.0000, loss=2.2298, ot=0.000
0, t=0.500, tswd=0.0000]
Epoch 4/5:  30%|██▉       | 62/208 [00:11<00:24,  5.95it/s, curv=0.0000, flow=2.2298, kin=0.0000, loss=2.2298, ot=0.000
0, t=0.500, tswd=0.0000]
Epoch 4/5:  30%|███       | 63/208 [00:11<00:24,  5.83it/s, curv=0.0000, flow=2.2298, kin=0.0000, loss=2.2298, ot=0.000
0, t=0.500, tswd=0.0000]
Epoch 4/5:  31%|███       | 64/208 [00:11<00:24,  5.92it/s, curv=0.0000, flow=2.2298, kin=0.0000, loss=2.2298, ot=0.000
0, t=0.500, tswd=0.0000]
Epoch 4/5:  31%|███▏      | 65/208 [00:11<00:24,  5.84it/s, curv=0.0000, flow=2.2298, kin=0.0000, loss=2.2298, ot=0.000
0, t=0.500, tswd=0.0000]
Epoch 4/5:  32%|███▏      | 66/208 [00:11<00:24,  5.80it/s, curv=0.0000, flow=2.2298, kin=0.0000, loss=2.2298, ot=0.000
0, t=0.500, tswd=0.0000]
Epoch 4/5:  32%|███▏      | 67/208 [00:11<00:24,  5.84it/s, curv=0.0000, flow=2.2298, kin=0.0000, loss=2.2298, ot=0.000
0, t=0.500, tswd=0.0000]
Epoch 4/5:  33%|███▎      | 68/208 [00:12<00:23,  5.90it/s, curv=0.0000, flow=2.2298, kin=0.0000, loss=2.2298, ot=0.000
0, t=0.500, tswd=0.0000]
Epoch 4/5:  33%|███▎      | 69/208 [00:12<00:24,  5.76it/s, curv=0.0000, flow=2.2298, kin=0.0000, loss=2.2298, ot=0.000
0, t=0.500, tswd=0.0000]
Epoch 4/5:  34%|███▎      | 70/208 [00:12<00:24,  5.64it/s, curv=0.0000, flow=2.2298, kin=0.0000, loss=2.2298, ot=0.000
0, t=0.500, tswd=0.0000]
Epoch 4/5:  34%|███▍      | 71/208 [00:12<00:24,  5.58it/s, curv=0.0000, flow=2.2298, kin=0.0000, loss=2.2298, ot=0.000
0, t=0.500, tswd=0.0000]
Epoch 4/5:  35%|███▍      | 72/208 [00:12<00:24,  5.51it/s, curv=0.0000, flow=2.2298, kin=0.0000, loss=2.2298, ot=0.000
0, t=0.500, tswd=0.0000]
Epoch 4/5:  35%|███▌      | 73/208 [00:12<00:25,  5.38it/s, curv=0.0000, flow=2.2298, kin=0.0000, loss=2.2298, ot=0.000
0, t=0.500, tswd=0.0000]
Epoch 4/5:  36%|███▌      | 74/208 [00:13<00:24,  5.40it/s, curv=0.0000, flow=2.2298, kin=0.0000, loss=2.2298, ot=0.000
0, t=0.500, tswd=0.0000]
Epoch 4/5:  36%|███▌      | 75/208 [00:13<00:24,  5.36it/s, curv=0.0000, flow=2.2298, kin=0.0000, loss=2.2298, ot=0.000
0, t=0.500, tswd=0.0000]
Epoch 4/5:  37%|███▋      | 76/208 [00:13<00:24,  5.39it/s, curv=0.0000, flow=2.2298, kin=0.0000, loss=2.2298, ot=0.000
0, t=0.500, tswd=0.0000]
Epoch 4/5:  37%|███▋      | 77/208 [00:13<00:23,  5.46it/s, curv=0.0000, flow=2.2298, kin=0.0000, loss=2.2298, ot=0.000
0, t=0.500, tswd=0.0000]
Epoch 4/5:  38%|███▊      | 78/208 [00:13<00:23,  5.46it/s, curv=0.0000, flow=2.2298, kin=0.0000, loss=2.2298, ot=0.000
0, t=0.500, tswd=0.0000]
Epoch 4/5:  38%|███▊      | 79/208 [00:14<00:23,  5.45it/s, curv=0.0000, flow=2.2298, kin=0.0000, loss=2.2298, ot=0.000
0, t=0.500, tswd=0.0000]
Epoch 4/5:  38%|███▊      | 79/208 [00:14<00:23,  5.45it/s, curv=0.0000, flow=2.2238, kin=0.0000, loss=2.2238, ot=0.000
0, t=0.499, tswd=0.0000]
Epoch 4/5:  38%|███▊      | 80/208 [00:14<00:22,  5.64it/s, curv=0.0000, flow=2.2238, kin=0.0000, loss=2.2238, ot=0.000
0, t=0.499, tswd=0.0000]
Epoch 4/5:  39%|███▉      | 81/208 [00:14<00:22,  5.70it/s, curv=0.0000, flow=2.2238, kin=0.0000, loss=2.2238, ot=0.000
0, t=0.499, tswd=0.0000]
Epoch 4/5:  39%|███▉      | 82/208 [00:14<00:22,  5.63it/s, curv=0.0000, flow=2.2238, kin=0.0000, loss=2.2238, ot=0.000
0, t=0.499, tswd=0.0000]
Epoch 4/5:  40%|███▉      | 83/208 [00:14<00:22,  5.58it/s, curv=0.0000, flow=2.2238, kin=0.0000, loss=2.2238, ot=0.000
0, t=0.499, tswd=0.0000]
Epoch 4/5:  40%|████      | 84/208 [00:14<00:22,  5.54it/s, curv=0.0000, flow=2.2238, kin=0.0000, loss=2.2238, ot=0.000
0, t=0.499, tswd=0.0000]
Epoch 4/5:  41%|████      | 85/208 [00:15<00:22,  5.54it/s, curv=0.0000, flow=2.2238, kin=0.0000, loss=2.2238, ot=0.000
0, t=0.499, tswd=0.0000]
Epoch 4/5:  41%|████▏     | 86/208 [00:15<00:21,  5.65it/s, curv=0.0000, flow=2.2238, kin=0.0000, loss=2.2238, ot=0.000
0, t=0.499, tswd=0.0000]
Epoch 4/5:  42%|████▏     | 87/208 [00:15<00:21,  5.58it/s, curv=0.0000, flow=2.2238, kin=0.0000, loss=2.2238, ot=0.000
0, t=0.499, tswd=0.0000]
Epoch 4/5:  42%|████▏     | 88/208 [00:15<00:21,  5.53it/s, curv=0.0000, flow=2.2238, kin=0.0000, loss=2.2238, ot=0.000
0, t=0.499, tswd=0.0000]
Epoch 4/5:  43%|████▎     | 89/208 [00:15<00:22,  5.35it/s, curv=0.0000, flow=2.2238, kin=0.0000, loss=2.2238, ot=0.000
0, t=0.499, tswd=0.0000]
Epoch 4/5:  43%|████▎     | 90/208 [00:16<00:21,  5.38it/s, curv=0.0000, flow=2.2238, kin=0.0000, loss=2.2238, ot=0.000
0, t=0.499, tswd=0.0000]
Epoch 4/5:  44%|████▍     | 91/208 [00:16<00:21,  5.42it/s, curv=0.0000, flow=2.2238, kin=0.0000, loss=2.2238, ot=0.000
0, t=0.499, tswd=0.0000]
Epoch 4/5:  44%|████▍     | 92/208 [00:16<00:20,  5.54it/s, curv=0.0000, flow=2.2238, kin=0.0000, loss=2.2238, ot=0.000
0, t=0.499, tswd=0.0000]
Epoch 4/5:  45%|████▍     | 93/208 [00:16<00:20,  5.56it/s, curv=0.0000, flow=2.2238, kin=0.0000, loss=2.2238, ot=0.000
0, t=0.499, tswd=0.0000]
Epoch 4/5:  45%|████▌     | 94/208 [00:16<00:20,  5.67it/s, curv=0.0000, flow=2.2238, kin=0.0000, loss=2.2238, ot=0.000
0, t=0.499, tswd=0.0000]
Epoch 4/5:  46%|████▌     | 95/208 [00:16<00:19,  5.71it/s, curv=0.0000, flow=2.2238, kin=0.0000, loss=2.2238, ot=0.000
0, t=0.499, tswd=0.0000]
Epoch 4/5:  46%|████▌     | 96/208 [00:17<00:19,  5.82it/s, curv=0.0000, flow=2.2238, kin=0.0000, loss=2.2238, ot=0.000
0, t=0.499, tswd=0.0000]
Epoch 4/5:  47%|████▋     | 97/208 [00:17<00:18,  5.88it/s, curv=0.0000, flow=2.2238, kin=0.0000, loss=2.2238, ot=0.000
0, t=0.499, tswd=0.0000]
Epoch 4/5:  47%|████▋     | 98/208 [00:17<00:18,  5.89it/s, curv=0.0000, flow=2.2238, kin=0.0000, loss=2.2238, ot=0.000
0, t=0.499, tswd=0.0000]
Epoch 4/5:  48%|████▊     | 99/208 [00:17<00:18,  5.93it/s, curv=0.0000, flow=2.2238, kin=0.0000, loss=2.2238, ot=0.000
0, t=0.499, tswd=0.0000]
Epoch 4/5:  48%|████▊     | 99/208 [00:17<00:18,  5.93it/s, curv=0.0000, flow=2.2282, kin=0.0000, loss=2.2282, ot=0.000
0, t=0.502, tswd=0.0000]
Epoch 4/5:  48%|████▊     | 100/208 [00:17<00:18,  5.97it/s, curv=0.0000, flow=2.2282, kin=0.0000, loss=2.2282, ot=0.00
00, t=0.502, tswd=0.0000]
Epoch 4/5:  49%|████▊     | 101/208 [00:17<00:17,  6.01it/s, curv=0.0000, flow=2.2282, kin=0.0000, loss=2.2282, ot=0.00
00, t=0.502, tswd=0.0000]
Epoch 4/5:  49%|████▉     | 102/208 [00:18<00:17,  6.08it/s, curv=0.0000, flow=2.2282, kin=0.0000, loss=2.2282, ot=0.00
00, t=0.502, tswd=0.0000]
Epoch 4/5:  50%|████▉     | 103/208 [00:18<00:17,  6.05it/s, curv=0.0000, flow=2.2282, kin=0.0000, loss=2.2282, ot=0.00
00, t=0.502, tswd=0.0000]
Epoch 4/5:  50%|█████     | 104/208 [00:18<00:17,  5.91it/s, curv=0.0000, flow=2.2282, kin=0.0000, loss=2.2282, ot=0.00
00, t=0.502, tswd=0.0000]
Epoch 4/5:  50%|█████     | 105/208 [00:18<00:17,  5.77it/s, curv=0.0000, flow=2.2282, kin=0.0000, loss=2.2282, ot=0.00
00, t=0.502, tswd=0.0000]
Epoch 4/5:  51%|█████     | 106/208 [00:18<00:18,  5.60it/s, curv=0.0000, flow=2.2282, kin=0.0000, loss=2.2282, ot=0.00
00, t=0.502, tswd=0.0000]
Epoch 4/5:  51%|█████▏    | 107/208 [00:18<00:17,  5.64it/s, curv=0.0000, flow=2.2282, kin=0.0000, loss=2.2282, ot=0.00
00, t=0.502, tswd=0.0000]
Epoch 4/5:  52%|█████▏    | 108/208 [00:19<00:17,  5.61it/s, curv=0.0000, flow=2.2282, kin=0.0000, loss=2.2282, ot=0.00
00, t=0.502, tswd=0.0000]
Epoch 4/5:  52%|█████▏    | 109/208 [00:19<00:17,  5.61it/s, curv=0.0000, flow=2.2282, kin=0.0000, loss=2.2282, ot=0.00
00, t=0.502, tswd=0.0000]
Epoch 4/5:  53%|█████▎    | 110/208 [00:19<00:17,  5.61it/s, curv=0.0000, flow=2.2282, kin=0.0000, loss=2.2282, ot=0.00
00, t=0.502, tswd=0.0000]
Epoch 4/5:  53%|█████▎    | 111/208 [00:19<00:17,  5.61it/s, curv=0.0000, flow=2.2282, kin=0.0000, loss=2.2282, ot=0.00
00, t=0.502, tswd=0.0000]
Epoch 4/5:  54%|█████▍    | 112/208 [00:19<00:16,  5.69it/s, curv=0.0000, flow=2.2282, kin=0.0000, loss=2.2282, ot=0.00
00, t=0.502, tswd=0.0000]
Epoch 4/5:  54%|█████▍    | 113/208 [00:20<00:16,  5.75it/s, curv=0.0000, flow=2.2282, kin=0.0000, loss=2.2282, ot=0.00
00, t=0.502, tswd=0.0000]
Epoch 4/5:  55%|█████▍    | 114/208 [00:20<00:16,  5.79it/s, curv=0.0000, flow=2.2282, kin=0.0000, loss=2.2282, ot=0.00
00, t=0.502, tswd=0.0000]
Epoch 4/5:  55%|█████▌    | 115/208 [00:20<00:16,  5.61it/s, curv=0.0000, flow=2.2282, kin=0.0000, loss=2.2282, ot=0.00
00, t=0.502, tswd=0.0000]
Epoch 4/5:  56%|█████▌    | 116/208 [00:20<00:16,  5.47it/s, curv=0.0000, flow=2.2282, kin=0.0000, loss=2.2282, ot=0.00
00, t=0.502, tswd=0.0000]
Epoch 4/5:  56%|█████▋    | 117/208 [00:20<00:16,  5.53it/s, curv=0.0000, flow=2.2282, kin=0.0000, loss=2.2282, ot=0.00
00, t=0.502, tswd=0.0000]
Epoch 4/5:  57%|█████▋    | 118/208 [00:20<00:16,  5.45it/s, curv=0.0000, flow=2.2282, kin=0.0000, loss=2.2282, ot=0.00
00, t=0.502, tswd=0.0000]
Epoch 4/5:  57%|█████▋    | 119/208 [00:21<00:16,  5.49it/s, curv=0.0000, flow=2.2282, kin=0.0000, loss=2.2282, ot=0.00
00, t=0.502, tswd=0.0000]
Epoch 4/5:  57%|█████▋    | 119/208 [00:21<00:16,  5.49it/s, curv=0.0000, flow=2.2255, kin=0.0000, loss=2.2255, ot=0.00
00, t=0.501, tswd=0.0000]
Epoch 4/5:  58%|█████▊    | 120/208 [00:21<00:16,  5.45it/s, curv=0.0000, flow=2.2255, kin=0.0000, loss=2.2255, ot=0.00
00, t=0.501, tswd=0.0000]
Epoch 4/5:  58%|█████▊    | 121/208 [00:21<00:15,  5.49it/s, curv=0.0000, flow=2.2255, kin=0.0000, loss=2.2255, ot=0.00
00, t=0.501, tswd=0.0000]
Epoch 4/5:  59%|█████▊    | 122/208 [00:21<00:15,  5.61it/s, curv=0.0000, flow=2.2255, kin=0.0000, loss=2.2255, ot=0.00
00, t=0.501, tswd=0.0000]
Epoch 4/5:  59%|█████▉    | 123/208 [00:21<00:15,  5.60it/s, curv=0.0000, flow=2.2255, kin=0.0000, loss=2.2255, ot=0.00
00, t=0.501, tswd=0.0000]
Epoch 4/5:  60%|█████▉    | 124/208 [00:22<00:15,  5.54it/s, curv=0.0000, flow=2.2255, kin=0.0000, loss=2.2255, ot=0.00
00, t=0.501, tswd=0.0000]
Epoch 4/5:  60%|██████    | 125/208 [00:22<00:14,  5.61it/s, curv=0.0000, flow=2.2255, kin=0.0000, loss=2.2255, ot=0.00
00, t=0.501, tswd=0.0000]
Epoch 4/5:  61%|██████    | 126/208 [00:22<00:14,  5.68it/s, curv=0.0000, flow=2.2255, kin=0.0000, loss=2.2255, ot=0.00
00, t=0.501, tswd=0.0000]
Epoch 4/5:  61%|██████    | 127/208 [00:22<00:14,  5.67it/s, curv=0.0000, flow=2.2255, kin=0.0000, loss=2.2255, ot=0.00
00, t=0.501, tswd=0.0000]
Epoch 4/5:  62%|██████▏   | 128/208 [00:22<00:14,  5.59it/s, curv=0.0000, flow=2.2255, kin=0.0000, loss=2.2255, ot=0.00
00, t=0.501, tswd=0.0000]
Epoch 4/5:  62%|██████▏   | 129/208 [00:22<00:13,  5.73it/s, curv=0.0000, flow=2.2255, kin=0.0000, loss=2.2255, ot=0.00
00, t=0.501, tswd=0.0000]
Epoch 4/5:  62%|██████▎   | 130/208 [00:23<00:13,  5.65it/s, curv=0.0000, flow=2.2255, kin=0.0000, loss=2.2255, ot=0.00
00, t=0.501, tswd=0.0000]
Epoch 4/5:  63%|██████▎   | 131/208 [00:23<00:13,  5.61it/s, curv=0.0000, flow=2.2255, kin=0.0000, loss=2.2255, ot=0.00
00, t=0.501, tswd=0.0000]
Epoch 4/5:  63%|██████▎   | 132/208 [00:23<00:13,  5.56it/s, curv=0.0000, flow=2.2255, kin=0.0000, loss=2.2255, ot=0.00
00, t=0.501, tswd=0.0000]
Epoch 4/5:  64%|██████▍   | 133/208 [00:23<00:13,  5.56it/s, curv=0.0000, flow=2.2255, kin=0.0000, loss=2.2255, ot=0.00
00, t=0.501, tswd=0.0000]
Epoch 4/5:  64%|██████▍   | 134/208 [00:23<00:12,  5.75it/s, curv=0.0000, flow=2.2255, kin=0.0000, loss=2.2255, ot=0.00
00, t=0.501, tswd=0.0000]
Epoch 4/5:  65%|██████▍   | 135/208 [00:23<00:12,  5.74it/s, curv=0.0000, flow=2.2255, kin=0.0000, loss=2.2255, ot=0.00
00, t=0.501, tswd=0.0000]
Epoch 4/5:  65%|██████▌   | 136/208 [00:24<00:12,  5.78it/s, curv=0.0000, flow=2.2255, kin=0.0000, loss=2.2255, ot=0.00
00, t=0.501, tswd=0.0000]
Epoch 4/5:  66%|██████▌   | 137/208 [00:24<00:12,  5.70it/s, curv=0.0000, flow=2.2255, kin=0.0000, loss=2.2255, ot=0.00
00, t=0.501, tswd=0.0000]
Epoch 4/5:  66%|██████▋   | 138/208 [00:24<00:12,  5.74it/s, curv=0.0000, flow=2.2255, kin=0.0000, loss=2.2255, ot=0.00
00, t=0.501, tswd=0.0000]
Epoch 4/5:  67%|██████▋   | 139/208 [00:24<00:11,  5.83it/s, curv=0.0000, flow=2.2255, kin=0.0000, loss=2.2255, ot=0.00
00, t=0.501, tswd=0.0000]
Epoch 4/5:  67%|██████▋   | 139/208 [00:24<00:11,  5.83it/s, curv=0.0000, flow=2.2235, kin=0.0000, loss=2.2235, ot=0.00
00, t=0.500, tswd=0.0000]
Epoch 4/5:  67%|██████▋   | 140/208 [00:24<00:11,  5.88it/s, curv=0.0000, flow=2.2235, kin=0.0000, loss=2.2235, ot=0.00
00, t=0.500, tswd=0.0000]
Epoch 4/5:  68%|██████▊   | 141/208 [00:25<00:11,  5.80it/s, curv=0.0000, flow=2.2235, kin=0.0000, loss=2.2235, ot=0.00
00, t=0.500, tswd=0.0000]
Epoch 4/5:  68%|██████▊   | 142/208 [00:25<00:11,  5.64it/s, curv=0.0000, flow=2.2235, kin=0.0000, loss=2.2235, ot=0.00
00, t=0.500, tswd=0.0000]
Epoch 4/5:  69%|██████▉   | 143/208 [00:25<00:11,  5.61it/s, curv=0.0000, flow=2.2235, kin=0.0000, loss=2.2235, ot=0.00
00, t=0.500, tswd=0.0000]
Epoch 4/5:  69%|██████▉   | 144/208 [00:25<00:11,  5.52it/s, curv=0.0000, flow=2.2235, kin=0.0000, loss=2.2235, ot=0.00
00, t=0.500, tswd=0.0000]
Epoch 4/5:  70%|██████▉   | 145/208 [00:25<00:11,  5.53it/s, curv=0.0000, flow=2.2235, kin=0.0000, loss=2.2235, ot=0.00
00, t=0.500, tswd=0.0000]
Epoch 4/5:  70%|███████   | 146/208 [00:25<00:11,  5.50it/s, curv=0.0000, flow=2.2235, kin=0.0000, loss=2.2235, ot=0.00
00, t=0.500, tswd=0.0000]
Epoch 4/5:  71%|███████   | 147/208 [00:26<00:11,  5.49it/s, curv=0.0000, flow=2.2235, kin=0.0000, loss=2.2235, ot=0.00
00, t=0.500, tswd=0.0000]
Epoch 4/5:  71%|███████   | 148/208 [00:26<00:10,  5.63it/s, curv=0.0000, flow=2.2235, kin=0.0000, loss=2.2235, ot=0.00
00, t=0.500, tswd=0.0000]
Epoch 4/5:  72%|███████▏  | 149/208 [00:26<00:10,  5.55it/s, curv=0.0000, flow=2.2235, kin=0.0000, loss=2.2235, ot=0.00
00, t=0.500, tswd=0.0000]
Epoch 4/5:  72%|███████▏  | 150/208 [00:26<00:10,  5.72it/s, curv=0.0000, flow=2.2235, kin=0.0000, loss=2.2235, ot=0.00
00, t=0.500, tswd=0.0000]
Epoch 4/5:  73%|███████▎  | 151/208 [00:26<00:10,  5.62it/s, curv=0.0000, flow=2.2235, kin=0.0000, loss=2.2235, ot=0.00
00, t=0.500, tswd=0.0000]
Epoch 4/5:  73%|███████▎  | 152/208 [00:26<00:10,  5.56it/s, curv=0.0000, flow=2.2235, kin=0.0000, loss=2.2235, ot=0.00
00, t=0.500, tswd=0.0000]
Epoch 4/5:  74%|███████▎  | 153/208 [00:27<00:10,  5.50it/s, curv=0.0000, flow=2.2235, kin=0.0000, loss=2.2235, ot=0.00
00, t=0.500, tswd=0.0000]
Epoch 4/5:  74%|███████▍  | 154/208 [00:27<00:09,  5.53it/s, curv=0.0000, flow=2.2235, kin=0.0000, loss=2.2235, ot=0.00
00, t=0.500, tswd=0.0000]
Epoch 4/5:  75%|███████▍  | 155/208 [00:27<00:09,  5.43it/s, curv=0.0000, flow=2.2235, kin=0.0000, loss=2.2235, ot=0.00
00, t=0.500, tswd=0.0000]
Epoch 4/5:  75%|███████▌  | 156/208 [00:27<00:09,  5.51it/s, curv=0.0000, flow=2.2235, kin=0.0000, loss=2.2235, ot=0.00
00, t=0.500, tswd=0.0000]
Epoch 4/5:  75%|███████▌  | 157/208 [00:27<00:09,  5.49it/s, curv=0.0000, flow=2.2235, kin=0.0000, loss=2.2235, ot=0.00
00, t=0.500, tswd=0.0000]
Epoch 4/5:  76%|███████▌  | 158/208 [00:28<00:09,  5.50it/s, curv=0.0000, flow=2.2235, kin=0.0000, loss=2.2235, ot=0.00
00, t=0.500, tswd=0.0000]
Epoch 4/5:  76%|███████▋  | 159/208 [00:28<00:08,  5.48it/s, curv=0.0000, flow=2.2235, kin=0.0000, loss=2.2235, ot=0.00
00, t=0.500, tswd=0.0000]
Epoch 4/5:  76%|███████▋  | 159/208 [00:28<00:08,  5.48it/s, curv=0.0000, flow=2.2237, kin=0.0000, loss=2.2237, ot=0.00
00, t=0.499, tswd=0.0000]
Epoch 4/5:  77%|███████▋  | 160/208 [00:28<00:08,  5.41it/s, curv=0.0000, flow=2.2237, kin=0.0000, loss=2.2237, ot=0.00
00, t=0.499, tswd=0.0000]
Epoch 4/5:  77%|███████▋  | 161/208 [00:28<00:08,  5.53it/s, curv=0.0000, flow=2.2237, kin=0.0000, loss=2.2237, ot=0.00
00, t=0.499, tswd=0.0000]
Epoch 4/5:  78%|███████▊  | 162/208 [00:28<00:08,  5.43it/s, curv=0.0000, flow=2.2237, kin=0.0000, loss=2.2237, ot=0.00
00, t=0.499, tswd=0.0000]
Epoch 4/5:  78%|███████▊  | 163/208 [00:29<00:08,  5.43it/s, curv=0.0000, flow=2.2237, kin=0.0000, loss=2.2237, ot=0.00
00, t=0.499, tswd=0.0000]
Epoch 4/5:  79%|███████▉  | 164/208 [00:29<00:08,  5.44it/s, curv=0.0000, flow=2.2237, kin=0.0000, loss=2.2237, ot=0.00
00, t=0.499, tswd=0.0000]
Epoch 4/5:  79%|███████▉  | 165/208 [00:29<00:07,  5.50it/s, curv=0.0000, flow=2.2237, kin=0.0000, loss=2.2237, ot=0.00
00, t=0.499, tswd=0.0000]
Epoch 4/5:  80%|███████▉  | 166/208 [00:29<00:07,  5.76it/s, curv=0.0000, flow=2.2237, kin=0.0000, loss=2.2237, ot=0.00
00, t=0.499, tswd=0.0000]
Epoch 4/5:  80%|████████  | 167/208 [00:29<00:07,  5.61it/s, curv=0.0000, flow=2.2237, kin=0.0000, loss=2.2237, ot=0.00
00, t=0.499, tswd=0.0000]
Epoch 4/5:  81%|████████  | 168/208 [00:29<00:06,  5.72it/s, curv=0.0000, flow=2.2237, kin=0.0000, loss=2.2237, ot=0.00
00, t=0.499, tswd=0.0000]
Epoch 4/5:  81%|████████▏ | 169/208 [00:30<00:06,  5.68it/s, curv=0.0000, flow=2.2237, kin=0.0000, loss=2.2237, ot=0.00
00, t=0.499, tswd=0.0000]
Epoch 4/5:  82%|████████▏ | 170/208 [00:30<00:06,  5.62it/s, curv=0.0000, flow=2.2237, kin=0.0000, loss=2.2237, ot=0.00
00, t=0.499, tswd=0.0000]
Epoch 4/5:  82%|████████▏ | 171/208 [00:30<00:06,  5.71it/s, curv=0.0000, flow=2.2237, kin=0.0000, loss=2.2237, ot=0.00
00, t=0.499, tswd=0.0000]
Epoch 4/5:  83%|████████▎ | 172/208 [00:30<00:06,  5.59it/s, curv=0.0000, flow=2.2237, kin=0.0000, loss=2.2237, ot=0.00
00, t=0.499, tswd=0.0000]
Epoch 4/5:  83%|████████▎ | 173/208 [00:30<00:06,  5.57it/s, curv=0.0000, flow=2.2237, kin=0.0000, loss=2.2237, ot=0.00
00, t=0.499, tswd=0.0000]
Epoch 4/5:  84%|████████▎ | 174/208 [00:30<00:06,  5.55it/s, curv=0.0000, flow=2.2237, kin=0.0000, loss=2.2237, ot=0.00
00, t=0.499, tswd=0.0000]
Epoch 4/5:  84%|████████▍ | 175/208 [00:31<00:06,  5.47it/s, curv=0.0000, flow=2.2237, kin=0.0000, loss=2.2237, ot=0.00
00, t=0.499, tswd=0.0000]
Epoch 4/5:  85%|████████▍ | 176/208 [00:31<00:05,  5.53it/s, curv=0.0000, flow=2.2237, kin=0.0000, loss=2.2237, ot=0.00
00, t=0.499, tswd=0.0000]
Epoch 4/5:  85%|████████▌ | 177/208 [00:31<00:05,  5.45it/s, curv=0.0000, flow=2.2237, kin=0.0000, loss=2.2237, ot=0.00
00, t=0.499, tswd=0.0000]
Epoch 4/5:  86%|████████▌ | 178/208 [00:31<00:05,  5.50it/s, curv=0.0000, flow=2.2237, kin=0.0000, loss=2.2237, ot=0.00
00, t=0.499, tswd=0.0000]
Epoch 4/5:  86%|████████▌ | 179/208 [00:31<00:05,  5.50it/s, curv=0.0000, flow=2.2237, kin=0.0000, loss=2.2237, ot=0.00
00, t=0.499, tswd=0.0000]
Epoch 4/5:  86%|████████▌ | 179/208 [00:32<00:05,  5.50it/s, curv=0.0000, flow=2.2218, kin=0.0000, loss=2.2218, ot=0.00
00, t=0.497, tswd=0.0000]
Epoch 4/5:  87%|████████▋ | 180/208 [00:32<00:05,  5.54it/s, curv=0.0000, flow=2.2218, kin=0.0000, loss=2.2218, ot=0.00
00, t=0.497, tswd=0.0000]
Epoch 4/5:  87%|████████▋ | 181/208 [00:32<00:04,  5.71it/s, curv=0.0000, flow=2.2218, kin=0.0000, loss=2.2218, ot=0.00
00, t=0.497, tswd=0.0000]
Epoch 4/5:  88%|████████▊ | 182/208 [00:32<00:04,  5.68it/s, curv=0.0000, flow=2.2218, kin=0.0000, loss=2.2218, ot=0.00
00, t=0.497, tswd=0.0000]
Epoch 4/5:  88%|████████▊ | 183/208 [00:32<00:04,  5.59it/s, curv=0.0000, flow=2.2218, kin=0.0000, loss=2.2218, ot=0.00
00, t=0.497, tswd=0.0000]
Epoch 4/5:  88%|████████▊ | 184/208 [00:32<00:04,  5.55it/s, curv=0.0000, flow=2.2218, kin=0.0000, loss=2.2218, ot=0.00
00, t=0.497, tswd=0.0000]
Epoch 4/5:  89%|████████▉ | 185/208 [00:32<00:04,  5.54it/s, curv=0.0000, flow=2.2218, kin=0.0000, loss=2.2218, ot=0.00
00, t=0.497, tswd=0.0000]
Epoch 4/5:  89%|████████▉ | 186/208 [00:33<00:03,  5.70it/s, curv=0.0000, flow=2.2218, kin=0.0000, loss=2.2218, ot=0.00
00, t=0.497, tswd=0.0000]
Epoch 4/5:  90%|████████▉ | 187/208 [00:33<00:03,  5.56it/s, curv=0.0000, flow=2.2218, kin=0.0000, loss=2.2218, ot=0.00
00, t=0.497, tswd=0.0000]
Epoch 4/5:  90%|█████████ | 188/208 [00:33<00:03,  5.66it/s, curv=0.0000, flow=2.2218, kin=0.0000, loss=2.2218, ot=0.00
00, t=0.497, tswd=0.0000]
Epoch 4/5:  91%|█████████ | 189/208 [00:33<00:03,  5.61it/s, curv=0.0000, flow=2.2218, kin=0.0000, loss=2.2218, ot=0.00
00, t=0.497, tswd=0.0000]
Epoch 4/5:  91%|█████████▏| 190/208 [00:33<00:03,  5.71it/s, curv=0.0000, flow=2.2218, kin=0.0000, loss=2.2218, ot=0.00
00, t=0.497, tswd=0.0000]
Epoch 4/5:  92%|█████████▏| 191/208 [00:33<00:02,  5.75it/s, curv=0.0000, flow=2.2218, kin=0.0000, loss=2.2218, ot=0.00
00, t=0.497, tswd=0.0000]
Epoch 4/5:  92%|█████████▏| 192/208 [00:34<00:02,  5.72it/s, curv=0.0000, flow=2.2218, kin=0.0000, loss=2.2218, ot=0.00
00, t=0.497, tswd=0.0000]
Epoch 4/5:  93%|█████████▎| 193/208 [00:34<00:02,  5.63it/s, curv=0.0000, flow=2.2218, kin=0.0000, loss=2.2218, ot=0.00
00, t=0.497, tswd=0.0000]
Epoch 4/5:  93%|█████████▎| 194/208 [00:34<00:02,  5.68it/s, curv=0.0000, flow=2.2218, kin=0.0000, loss=2.2218, ot=0.00
00, t=0.497, tswd=0.0000]
Epoch 4/5:  94%|█████████▍| 195/208 [00:34<00:02,  5.66it/s, curv=0.0000, flow=2.2218, kin=0.0000, loss=2.2218, ot=0.00
00, t=0.497, tswd=0.0000]
Epoch 4/5:  94%|█████████▍| 196/208 [00:34<00:02,  5.77it/s, curv=0.0000, flow=2.2218, kin=0.0000, loss=2.2218, ot=0.00
00, t=0.497, tswd=0.0000]
Epoch 4/5:  95%|█████████▍| 197/208 [00:35<00:01,  5.66it/s, curv=0.0000, flow=2.2218, kin=0.0000, loss=2.2218, ot=0.00
00, t=0.497, tswd=0.0000]
Epoch 4/5:  95%|█████████▌| 198/208 [00:35<00:01,  5.80it/s, curv=0.0000, flow=2.2218, kin=0.0000, loss=2.2218, ot=0.00
00, t=0.497, tswd=0.0000]
Epoch 4/5:  96%|█████████▌| 199/208 [00:35<00:01,  5.81it/s, curv=0.0000, flow=2.2218, kin=0.0000, loss=2.2218, ot=0.00
00, t=0.497, tswd=0.0000]
Epoch 4/5:  96%|█████████▌| 199/208 [00:35<00:01,  5.81it/s, curv=0.0000, flow=2.2246, kin=0.0000, loss=2.2246, ot=0.00
00, t=0.498, tswd=0.0000]
Epoch 4/5:  96%|█████████▌| 200/208 [00:35<00:01,  5.80it/s, curv=0.0000, flow=2.2246, kin=0.0000, loss=2.2246, ot=0.00
00, t=0.498, tswd=0.0000]
Epoch 4/5:  97%|█████████▋| 201/208 [00:35<00:01,  5.79it/s, curv=0.0000, flow=2.2246, kin=0.0000, loss=2.2246, ot=0.00
00, t=0.498, tswd=0.0000]
Epoch 4/5:  97%|█████████▋| 202/208 [00:35<00:01,  5.82it/s, curv=0.0000, flow=2.2246, kin=0.0000, loss=2.2246, ot=0.00
00, t=0.498, tswd=0.0000]
Epoch 4/5:  98%|█████████▊| 203/208 [00:36<00:00,  5.69it/s, curv=0.0000, flow=2.2246, kin=0.0000, loss=2.2246, ot=0.00
00, t=0.498, tswd=0.0000]
Epoch 4/5:  98%|█████████▊| 204/208 [00:36<00:00,  5.79it/s, curv=0.0000, flow=2.2246, kin=0.0000, loss=2.2246, ot=0.00
00, t=0.498, tswd=0.0000]
Epoch 4/5:  99%|█████████▊| 205/208 [00:36<00:00,  5.67it/s, curv=0.0000, flow=2.2246, kin=0.0000, loss=2.2246, ot=0.00
00, t=0.498, tswd=0.0000]
Epoch 4/5:  99%|█████████▉| 206/208 [00:36<00:00,  5.47it/s, curv=0.0000, flow=2.2246, kin=0.0000, loss=2.2246, ot=0.00
00, t=0.498, tswd=0.0000]
Epoch 4/5: 100%|█████████▉| 207/208 [00:36<00:00,  5.58it/s, curv=0.0000, flow=2.2246, kin=0.0000, loss=2.2246, ot=0.00
00, t=0.498, tswd=0.0000]
Epoch 4/5: 100%|█████████▉| 207/208 [00:36<00:00,  5.58it/s, curv=0.0000, flow=2.2271, kin=0.0000, loss=2.2271, ot=0.00
00, t=0.498, tswd=0.0000]
Epoch 4/5: 100%|██████████| 208/208 [00:36<00:00,  5.52it/s, curv=0.0000, flow=2.2271, kin=0.0000, loss=2.2271, ot=0.00
00, t=0.498, tswd=0.0000]
Epoch 4/5: 100%|██████████| 208/208 [00:36<00:00,  5.62it/s, curv=0.0000, flow=2.2271, kin=0.0000, loss=2.2271, ot=0.00
00, t=0.498, tswd=0.0000]
2026-07-02 12:02:20,709 - INFO - Epoch 4/5 | loss=2.2271 flow=2.2271 kin=0.0000 ot=0.0000 tswd=0.0000 gini=0.000 hub=0.
000 otd=0.0000 fiber=0.000 leak=0.0000 tgtshift=0.0000 cla=0.0000 cea=0.0000 sem_attn=0.000 sem_k=0.000 topo_ent=0.000 
topo_on=0 plan_ent=0.000 bary_ent=0.000 tok_ent=0.000 tok_eff=0.0 tok_max=0.000 tok_svd=0.000 tok_cos=0.000 app_s=0.000
 app_d=0.000 sigma=0.000 bex=0 idr=0.00 t=0.498 |v|=0.000 lr=7.56e-05 data=0.6s comp=19.6s epoch=37.0s sps=134.95 bstep
=0.178s gpu=95.4/98.0% vram=6.64/6.64GB power=87.2/88.2W peak=1.37/1.67GB
2026-07-02 12:02:20,715 - INFO - Epoch 5 weight schedule: stage=0 w_content=0.0000 w_style=0.0000 w_style_strength_reg=
0.0000 sigma=0.0000

Epoch 5/5:   0%|          | 0/208 [00:00<?, ?it/s]
Epoch 5/5:   0%|          | 0/208 [00:00<?, ?it/s, curv=0.0000, flow=2.2846, kin=0.0000, loss=2.2846, ot=0.0000, t=0.53
8, tswd=0.0000]
Epoch 5/5:   0%|          | 1/208 [00:00<00:36,  5.74it/s, curv=0.0000, flow=2.2846, kin=0.0000, loss=2.2846, ot=0.0000
, t=0.538, tswd=0.0000]
Epoch 5/5:   1%|          | 2/208 [00:00<00:36,  5.67it/s, curv=0.0000, flow=2.2846, kin=0.0000, loss=2.2846, ot=0.0000
, t=0.538, tswd=0.0000]
Epoch 5/5:   1%|▏         | 3/208 [00:00<00:37,  5.53it/s, curv=0.0000, flow=2.2846, kin=0.0000, loss=2.2846, ot=0.0000
, t=0.538, tswd=0.0000]
Epoch 5/5:   2%|▏         | 4/208 [00:00<00:35,  5.74it/s, curv=0.0000, flow=2.2846, kin=0.0000, loss=2.2846, ot=0.0000
, t=0.538, tswd=0.0000]
Epoch 5/5:   2%|▏         | 5/208 [00:00<00:36,  5.62it/s, curv=0.0000, flow=2.2846, kin=0.0000, loss=2.2846, ot=0.0000
, t=0.538, tswd=0.0000]
Epoch 5/5:   3%|▎         | 6/208 [00:01<00:35,  5.77it/s, curv=0.0000, flow=2.2846, kin=0.0000, loss=2.2846, ot=0.0000
, t=0.538, tswd=0.0000]
Epoch 5/5:   3%|▎         | 7/208 [00:01<00:33,  5.99it/s, curv=0.0000, flow=2.2846, kin=0.0000, loss=2.2846, ot=0.0000
, t=0.538, tswd=0.0000]
Epoch 5/5:   4%|▍         | 8/208 [00:01<00:34,  5.78it/s, curv=0.0000, flow=2.2846, kin=0.0000, loss=2.2846, ot=0.0000
, t=0.538, tswd=0.0000]
Epoch 5/5:   4%|▍         | 9/208 [00:01<00:34,  5.74it/s, curv=0.0000, flow=2.2846, kin=0.0000, loss=2.2846, ot=0.0000
, t=0.538, tswd=0.0000]
Epoch 5/5:   5%|▍         | 10/208 [00:01<00:35,  5.61it/s, curv=0.0000, flow=2.2846, kin=0.0000, loss=2.2846, ot=0.000
0, t=0.538, tswd=0.0000]
Epoch 5/5:   5%|▌         | 11/208 [00:01<00:34,  5.63it/s, curv=0.0000, flow=2.2846, kin=0.0000, loss=2.2846, ot=0.000
0, t=0.538, tswd=0.0000]
Epoch 5/5:   6%|▌         | 12/208 [00:02<00:34,  5.72it/s, curv=0.0000, flow=2.2846, kin=0.0000, loss=2.2846, ot=0.000
0, t=0.538, tswd=0.0000]
Epoch 5/5:   6%|▋         | 13/208 [00:02<00:34,  5.60it/s, curv=0.0000, flow=2.2846, kin=0.0000, loss=2.2846, ot=0.000
0, t=0.538, tswd=0.0000]
Epoch 5/5:   7%|▋         | 14/208 [00:02<00:34,  5.60it/s, curv=0.0000, flow=2.2846, kin=0.0000, loss=2.2846, ot=0.000
0, t=0.538, tswd=0.0000]
Epoch 5/5:   7%|▋         | 15/208 [00:02<00:35,  5.50it/s, curv=0.0000, flow=2.2846, kin=0.0000, loss=2.2846, ot=0.000
0, t=0.538, tswd=0.0000]
Epoch 5/5:   8%|▊         | 16/208 [00:02<00:35,  5.47it/s, curv=0.0000, flow=2.2846, kin=0.0000, loss=2.2846, ot=0.000
0, t=0.538, tswd=0.0000]
Epoch 5/5:   8%|▊         | 17/208 [00:03<00:34,  5.48it/s, curv=0.0000, flow=2.2846, kin=0.0000, loss=2.2846, ot=0.000
0, t=0.538, tswd=0.0000]
Epoch 5/5:   9%|▊         | 18/208 [00:03<00:34,  5.56it/s, curv=0.0000, flow=2.2846, kin=0.0000, loss=2.2846, ot=0.000
0, t=0.538, tswd=0.0000]
Epoch 5/5:   9%|▉         | 19/208 [00:03<00:33,  5.72it/s, curv=0.0000, flow=2.2846, kin=0.0000, loss=2.2846, ot=0.000
0, t=0.538, tswd=0.0000]
Epoch 5/5:   9%|▉         | 19/208 [00:03<00:33,  5.72it/s, curv=0.0000, flow=2.2502, kin=0.0000, loss=2.2502, ot=0.000
0, t=0.500, tswd=0.0000]
Epoch 5/5:  10%|▉         | 20/208 [00:03<00:33,  5.68it/s, curv=0.0000, flow=2.2502, kin=0.0000, loss=2.2502, ot=0.000
0, t=0.500, tswd=0.0000]
Epoch 5/5:  10%|█         | 21/208 [00:03<00:33,  5.55it/s, curv=0.0000, flow=2.2502, kin=0.0000, loss=2.2502, ot=0.000
0, t=0.500, tswd=0.0000]
Epoch 5/5:  11%|█         | 22/208 [00:03<00:33,  5.60it/s, curv=0.0000, flow=2.2502, kin=0.0000, loss=2.2502, ot=0.000
0, t=0.500, tswd=0.0000]
Epoch 5/5:  11%|█         | 23/208 [00:04<00:32,  5.66it/s, curv=0.0000, flow=2.2502, kin=0.0000, loss=2.2502, ot=0.000
0, t=0.500, tswd=0.0000]
Epoch 5/5:  12%|█▏        | 24/208 [00:04<00:32,  5.59it/s, curv=0.0000, flow=2.2502, kin=0.0000, loss=2.2502, ot=0.000
0, t=0.500, tswd=0.0000]
Epoch 5/5:  12%|█▏        | 25/208 [00:04<00:32,  5.66it/s, curv=0.0000, flow=2.2502, kin=0.0000, loss=2.2502, ot=0.000
0, t=0.500, tswd=0.0000]
Epoch 5/5:  12%|█▎        | 26/208 [00:04<00:31,  5.83it/s, curv=0.0000, flow=2.2502, kin=0.0000, loss=2.2502, ot=0.000
0, t=0.500, tswd=0.0000]
Epoch 5/5:  13%|█▎        | 27/208 [00:04<00:31,  5.83it/s, curv=0.0000, flow=2.2502, kin=0.0000, loss=2.2502, ot=0.000
0, t=0.500, tswd=0.0000]
Epoch 5/5:  13%|█▎        | 28/208 [00:04<00:31,  5.75it/s, curv=0.0000, flow=2.2502, kin=0.0000, loss=2.2502, ot=0.000
0, t=0.500, tswd=0.0000]
Epoch 5/5:  14%|█▍        | 29/208 [00:05<00:31,  5.69it/s, curv=0.0000, flow=2.2502, kin=0.0000, loss=2.2502, ot=0.000
0, t=0.500, tswd=0.0000]
Epoch 5/5:  14%|█▍        | 30/208 [00:05<00:30,  5.74it/s, curv=0.0000, flow=2.2502, kin=0.0000, loss=2.2502, ot=0.000
0, t=0.500, tswd=0.0000]
Epoch 5/5:  15%|█▍        | 31/208 [00:05<00:31,  5.68it/s, curv=0.0000, flow=2.2502, kin=0.0000, loss=2.2502, ot=0.000
0, t=0.500, tswd=0.0000]
Epoch 5/5:  15%|█▌        | 32/208 [00:05<00:30,  5.75it/s, curv=0.0000, flow=2.2502, kin=0.0000, loss=2.2502, ot=0.000
0, t=0.500, tswd=0.0000]
Epoch 5/5:  16%|█▌        | 33/208 [00:05<00:30,  5.67it/s, curv=0.0000, flow=2.2502, kin=0.0000, loss=2.2502, ot=0.000
0, t=0.500, tswd=0.0000]
Epoch 5/5:  16%|█▋        | 34/208 [00:05<00:30,  5.70it/s, curv=0.0000, flow=2.2502, kin=0.0000, loss=2.2502, ot=0.000
0, t=0.500, tswd=0.0000]
Epoch 5/5:  17%|█▋        | 35/208 [00:06<00:30,  5.72it/s, curv=0.0000, flow=2.2502, kin=0.0000, loss=2.2502, ot=0.000
0, t=0.500, tswd=0.0000]
Epoch 5/5:  17%|█▋        | 36/208 [00:06<00:30,  5.72it/s, curv=0.0000, flow=2.2502, kin=0.0000, loss=2.2502, ot=0.000
0, t=0.500, tswd=0.0000]
Epoch 5/5:  18%|█▊        | 37/208 [00:06<00:30,  5.67it/s, curv=0.0000, flow=2.2502, kin=0.0000, loss=2.2502, ot=0.000
0, t=0.500, tswd=0.0000]
Epoch 5/5:  18%|█▊        | 38/208 [00:06<00:29,  5.74it/s, curv=0.0000, flow=2.2502, kin=0.0000, loss=2.2502, ot=0.000
0, t=0.500, tswd=0.0000]
Epoch 5/5:  19%|█▉        | 39/208 [00:06<00:28,  5.85it/s, curv=0.0000, flow=2.2502, kin=0.0000, loss=2.2502, ot=0.000
0, t=0.500, tswd=0.0000]
Epoch 5/5:  19%|█▉        | 39/208 [00:07<00:28,  5.85it/s, curv=0.0000, flow=2.2135, kin=0.0000, loss=2.2135, ot=0.000
0, t=0.491, tswd=0.0000]
Epoch 5/5:  19%|█▉        | 40/208 [00:07<00:29,  5.63it/s, curv=0.0000, flow=2.2135, kin=0.0000, loss=2.2135, ot=0.000
0, t=0.491, tswd=0.0000]
Epoch 5/5:  20%|█▉        | 41/208 [00:07<00:29,  5.64it/s, curv=0.0000, flow=2.2135, kin=0.0000, loss=2.2135, ot=0.000
0, t=0.491, tswd=0.0000]
Epoch 5/5:  20%|██        | 42/208 [00:07<00:30,  5.52it/s, curv=0.0000, flow=2.2135, kin=0.0000, loss=2.2135, ot=0.000
0, t=0.491, tswd=0.0000]
Epoch 5/5:  21%|██        | 43/208 [00:07<00:30,  5.50it/s, curv=0.0000, flow=2.2135, kin=0.0000, loss=2.2135, ot=0.000
0, t=0.491, tswd=0.0000]
Epoch 5/5:  21%|██        | 44/208 [00:07<00:29,  5.47it/s, curv=0.0000, flow=2.2135, kin=0.0000, loss=2.2135, ot=0.000
0, t=0.491, tswd=0.0000]
Epoch 5/5:  22%|██▏       | 45/208 [00:07<00:29,  5.50it/s, curv=0.0000, flow=2.2135, kin=0.0000, loss=2.2135, ot=0.000
0, t=0.491, tswd=0.0000]
Epoch 5/5:  22%|██▏       | 46/208 [00:08<00:29,  5.52it/s, curv=0.0000, flow=2.2135, kin=0.0000, loss=2.2135, ot=0.000
0, t=0.491, tswd=0.0000]
Epoch 5/5:  23%|██▎       | 47/208 [00:08<00:29,  5.55it/s, curv=0.0000, flow=2.2135, kin=0.0000, loss=2.2135, ot=0.000
0, t=0.491, tswd=0.0000]
Epoch 5/5:  23%|██▎       | 48/208 [00:08<00:29,  5.49it/s, curv=0.0000, flow=2.2135, kin=0.0000, loss=2.2135, ot=0.000
0, t=0.491, tswd=0.0000]
Epoch 5/5:  24%|██▎       | 49/208 [00:08<00:28,  5.55it/s, curv=0.0000, flow=2.2135, kin=0.0000, loss=2.2135, ot=0.000
0, t=0.491, tswd=0.0000]
Epoch 5/5:  24%|██▍       | 50/208 [00:08<00:28,  5.59it/s, curv=0.0000, flow=2.2135, kin=0.0000, loss=2.2135, ot=0.000
0, t=0.491, tswd=0.0000]
Epoch 5/5:  25%|██▍       | 51/208 [00:09<00:27,  5.68it/s, curv=0.0000, flow=2.2135, kin=0.0000, loss=2.2135, ot=0.000
0, t=0.491, tswd=0.0000]
Epoch 5/5:  25%|██▌       | 52/208 [00:09<00:27,  5.78it/s, curv=0.0000, flow=2.2135, kin=0.0000, loss=2.2135, ot=0.000
0, t=0.491, tswd=0.0000]
Epoch 5/5:  25%|██▌       | 53/208 [00:09<00:27,  5.65it/s, curv=0.0000, flow=2.2135, kin=0.0000, loss=2.2135, ot=0.000
0, t=0.491, tswd=0.0000]
Epoch 5/5:  26%|██▌       | 54/208 [00:09<00:27,  5.61it/s, curv=0.0000, flow=2.2135, kin=0.0000, loss=2.2135, ot=0.000
0, t=0.491, tswd=0.0000]
Epoch 5/5:  26%|██▋       | 55/208 [00:09<00:27,  5.63it/s, curv=0.0000, flow=2.2135, kin=0.0000, loss=2.2135, ot=0.000
0, t=0.491, tswd=0.0000]
Epoch 5/5:  27%|██▋       | 56/208 [00:09<00:27,  5.50it/s, curv=0.0000, flow=2.2135, kin=0.0000, loss=2.2135, ot=0.000
0, t=0.491, tswd=0.0000]
Epoch 5/5:  27%|██▋       | 57/208 [00:10<00:27,  5.53it/s, curv=0.0000, flow=2.2135, kin=0.0000, loss=2.2135, ot=0.000
0, t=0.491, tswd=0.0000]
Epoch 5/5:  28%|██▊       | 58/208 [00:10<00:27,  5.53it/s, curv=0.0000, flow=2.2135, kin=0.0000, loss=2.2135, ot=0.000
0, t=0.491, tswd=0.0000]
Epoch 5/5:  28%|██▊       | 59/208 [00:10<00:27,  5.49it/s, curv=0.0000, flow=2.2135, kin=0.0000, loss=2.2135, ot=0.000
0, t=0.491, tswd=0.0000]
Epoch 5/5:  28%|██▊       | 59/208 [00:10<00:27,  5.49it/s, curv=0.0000, flow=2.2194, kin=0.0000, loss=2.2194, ot=0.000
0, t=0.490, tswd=0.0000]
Epoch 5/5:  29%|██▉       | 60/208 [00:10<00:26,  5.53it/s, curv=0.0000, flow=2.2194, kin=0.0000, loss=2.2194, ot=0.000
0, t=0.490, tswd=0.0000]
Epoch 5/5:  29%|██▉       | 61/208 [00:10<00:26,  5.57it/s, curv=0.0000, flow=2.2194, kin=0.0000, loss=2.2194, ot=0.000
0, t=0.490, tswd=0.0000]
Epoch 5/5:  30%|██▉       | 62/208 [00:11<00:26,  5.55it/s, curv=0.0000, flow=2.2194, kin=0.0000, loss=2.2194, ot=0.000
0, t=0.490, tswd=0.0000]
Epoch 5/5:  30%|███       | 63/208 [00:11<00:25,  5.66it/s, curv=0.0000, flow=2.2194, kin=0.0000, loss=2.2194, ot=0.000
0, t=0.490, tswd=0.0000]
Epoch 5/5:  31%|███       | 64/208 [00:11<00:25,  5.71it/s, curv=0.0000, flow=2.2194, kin=0.0000, loss=2.2194, ot=0.000
0, t=0.490, tswd=0.0000]
Epoch 5/5:  31%|███▏      | 65/208 [00:11<00:25,  5.69it/s, curv=0.0000, flow=2.2194, kin=0.0000, loss=2.2194, ot=0.000
0, t=0.490, tswd=0.0000]
Epoch 5/5:  32%|███▏      | 66/208 [00:11<00:24,  5.78it/s, curv=0.0000, flow=2.2194, kin=0.0000, loss=2.2194, ot=0.000
0, t=0.490, tswd=0.0000]
Epoch 5/5:  32%|███▏      | 67/208 [00:11<00:23,  5.88it/s, curv=0.0000, flow=2.2194, kin=0.0000, loss=2.2194, ot=0.000
0, t=0.490, tswd=0.0000]
Epoch 5/5:  33%|███▎      | 68/208 [00:12<00:24,  5.80it/s, curv=0.0000, flow=2.2194, kin=0.0000, loss=2.2194, ot=0.000
0, t=0.490, tswd=0.0000]
Epoch 5/5:  33%|███▎      | 69/208 [00:12<00:23,  5.91it/s, curv=0.0000, flow=2.2194, kin=0.0000, loss=2.2194, ot=0.000
0, t=0.490, tswd=0.0000]
Epoch 5/5:  34%|███▎      | 70/208 [00:12<00:23,  5.91it/s, curv=0.0000, flow=2.2194, kin=0.0000, loss=2.2194, ot=0.000
0, t=0.490, tswd=0.0000]
Epoch 5/5:  34%|███▍      | 71/208 [00:12<00:23,  5.89it/s, curv=0.0000, flow=2.2194, kin=0.0000, loss=2.2194, ot=0.000
0, t=0.490, tswd=0.0000]
Epoch 5/5:  35%|███▍      | 72/208 [00:12<00:22,  5.98it/s, curv=0.0000, flow=2.2194, kin=0.0000, loss=2.2194, ot=0.000
0, t=0.490, tswd=0.0000]
Epoch 5/5:  35%|███▌      | 73/208 [00:12<00:22,  5.93it/s, curv=0.0000, flow=2.2194, kin=0.0000, loss=2.2194, ot=0.000
0, t=0.490, tswd=0.0000]
Epoch 5/5:  36%|███▌      | 74/208 [00:13<00:22,  5.84it/s, curv=0.0000, flow=2.2194, kin=0.0000, loss=2.2194, ot=0.000
0, t=0.490, tswd=0.0000]
Epoch 5/5:  36%|███▌      | 75/208 [00:13<00:22,  5.80it/s, curv=0.0000, flow=2.2194, kin=0.0000, loss=2.2194, ot=0.000
0, t=0.490, tswd=0.0000]
Epoch 5/5:  37%|███▋      | 76/208 [00:13<00:22,  5.82it/s, curv=0.0000, flow=2.2194, kin=0.0000, loss=2.2194, ot=0.000
0, t=0.490, tswd=0.0000]
Epoch 5/5:  37%|███▋      | 77/208 [00:13<00:22,  5.89it/s, curv=0.0000, flow=2.2194, kin=0.0000, loss=2.2194, ot=0.000
0, t=0.490, tswd=0.0000]
Epoch 5/5:  38%|███▊      | 78/208 [00:13<00:22,  5.75it/s, curv=0.0000, flow=2.2194, kin=0.0000, loss=2.2194, ot=0.000
0, t=0.490, tswd=0.0000]
Epoch 5/5:  38%|███▊      | 79/208 [00:13<00:22,  5.66it/s, curv=0.0000, flow=2.2194, kin=0.0000, loss=2.2194, ot=0.000
0, t=0.490, tswd=0.0000]
Epoch 5/5:  38%|███▊      | 79/208 [00:14<00:22,  5.66it/s, curv=0.0000, flow=2.2142, kin=0.0000, loss=2.2142, ot=0.000
0, t=0.493, tswd=0.0000]
Epoch 5/5:  38%|███▊      | 80/208 [00:14<00:22,  5.57it/s, curv=0.0000, flow=2.2142, kin=0.0000, loss=2.2142, ot=0.000
0, t=0.493, tswd=0.0000]
Epoch 5/5:  39%|███▉      | 81/208 [00:14<00:22,  5.66it/s, curv=0.0000, flow=2.2142, kin=0.0000, loss=2.2142, ot=0.000
0, t=0.493, tswd=0.0000]
Epoch 5/5:  39%|███▉      | 82/208 [00:14<00:23,  5.47it/s, curv=0.0000, flow=2.2142, kin=0.0000, loss=2.2142, ot=0.000
0, t=0.493, tswd=0.0000]
Epoch 5/5:  40%|███▉      | 83/208 [00:14<00:22,  5.48it/s, curv=0.0000, flow=2.2142, kin=0.0000, loss=2.2142, ot=0.000
0, t=0.493, tswd=0.0000]
Epoch 5/5:  40%|████      | 84/208 [00:14<00:22,  5.63it/s, curv=0.0000, flow=2.2142, kin=0.0000, loss=2.2142, ot=0.000
0, t=0.493, tswd=0.0000]
Epoch 5/5:  41%|████      | 85/208 [00:15<00:21,  5.62it/s, curv=0.0000, flow=2.2142, kin=0.0000, loss=2.2142, ot=0.000
0, t=0.493, tswd=0.0000]
Epoch 5/5:  41%|████▏     | 86/208 [00:15<00:21,  5.64it/s, curv=0.0000, flow=2.2142, kin=0.0000, loss=2.2142, ot=0.000
0, t=0.493, tswd=0.0000]
Epoch 5/5:  42%|████▏     | 87/208 [00:15<00:21,  5.50it/s, curv=0.0000, flow=2.2142, kin=0.0000, loss=2.2142, ot=0.000
0, t=0.493, tswd=0.0000]
Epoch 5/5:  42%|████▏     | 88/208 [00:15<00:21,  5.48it/s, curv=0.0000, flow=2.2142, kin=0.0000, loss=2.2142, ot=0.000
0, t=0.493, tswd=0.0000]
Epoch 5/5:  43%|████▎     | 89/208 [00:15<00:21,  5.56it/s, curv=0.0000, flow=2.2142, kin=0.0000, loss=2.2142, ot=0.000
0, t=0.493, tswd=0.0000]
Epoch 5/5:  43%|████▎     | 90/208 [00:15<00:20,  5.69it/s, curv=0.0000, flow=2.2142, kin=0.0000, loss=2.2142, ot=0.000
0, t=0.493, tswd=0.0000]
Epoch 5/5:  44%|████▍     | 91/208 [00:16<00:21,  5.46it/s, curv=0.0000, flow=2.2142, kin=0.0000, loss=2.2142, ot=0.000
0, t=0.493, tswd=0.0000]
Epoch 5/5:  44%|████▍     | 92/208 [00:16<00:21,  5.45it/s, curv=0.0000, flow=2.2142, kin=0.0000, loss=2.2142, ot=0.000
0, t=0.493, tswd=0.0000]
Epoch 5/5:  45%|████▍     | 93/208 [00:16<00:20,  5.53it/s, curv=0.0000, flow=2.2142, kin=0.0000, loss=2.2142, ot=0.000
0, t=0.493, tswd=0.0000]
Epoch 5/5:  45%|████▌     | 94/208 [00:16<00:20,  5.48it/s, curv=0.0000, flow=2.2142, kin=0.0000, loss=2.2142, ot=0.000
0, t=0.493, tswd=0.0000]
Epoch 5/5:  46%|████▌     | 95/208 [00:16<00:20,  5.59it/s, curv=0.0000, flow=2.2142, kin=0.0000, loss=2.2142, ot=0.000
0, t=0.493, tswd=0.0000]
Epoch 5/5:  46%|████▌     | 96/208 [00:16<00:20,  5.57it/s, curv=0.0000, flow=2.2142, kin=0.0000, loss=2.2142, ot=0.000
0, t=0.493, tswd=0.0000]
Epoch 5/5:  47%|████▋     | 97/208 [00:17<00:19,  5.66it/s, curv=0.0000, flow=2.2142, kin=0.0000, loss=2.2142, ot=0.000
0, t=0.493, tswd=0.0000]
Epoch 5/5:  47%|████▋     | 98/208 [00:17<00:19,  5.77it/s, curv=0.0000, flow=2.2142, kin=0.0000, loss=2.2142, ot=0.000
0, t=0.493, tswd=0.0000]
Epoch 5/5:  48%|████▊     | 99/208 [00:17<00:19,  5.70it/s, curv=0.0000, flow=2.2142, kin=0.0000, loss=2.2142, ot=0.000
0, t=0.493, tswd=0.0000]
Epoch 5/5:  48%|████▊     | 99/208 [00:17<00:19,  5.70it/s, curv=0.0000, flow=2.2148, kin=0.0000, loss=2.2148, ot=0.000
0, t=0.494, tswd=0.0000]
Epoch 5/5:  48%|████▊     | 100/208 [00:17<00:18,  5.72it/s, curv=0.0000, flow=2.2148, kin=0.0000, loss=2.2148, ot=0.00
00, t=0.494, tswd=0.0000]
Epoch 5/5:  49%|████▊     | 101/208 [00:17<00:18,  5.81it/s, curv=0.0000, flow=2.2148, kin=0.0000, loss=2.2148, ot=0.00
00, t=0.494, tswd=0.0000]
Epoch 5/5:  49%|████▉     | 102/208 [00:18<00:18,  5.73it/s, curv=0.0000, flow=2.2148, kin=0.0000, loss=2.2148, ot=0.00
00, t=0.494, tswd=0.0000]
Epoch 5/5:  50%|████▉     | 103/208 [00:18<00:18,  5.79it/s, curv=0.0000, flow=2.2148, kin=0.0000, loss=2.2148, ot=0.00
00, t=0.494, tswd=0.0000]
Epoch 5/5:  50%|█████     | 104/208 [00:18<00:17,  6.07it/s, curv=0.0000, flow=2.2148, kin=0.0000, loss=2.2148, ot=0.00
00, t=0.494, tswd=0.0000]
Epoch 5/5:  50%|█████     | 105/208 [00:18<00:17,  5.80it/s, curv=0.0000, flow=2.2148, kin=0.0000, loss=2.2148, ot=0.00
00, t=0.494, tswd=0.0000]
Epoch 5/5:  51%|█████     | 106/208 [00:18<00:17,  5.81it/s, curv=0.0000, flow=2.2148, kin=0.0000, loss=2.2148, ot=0.00
00, t=0.494, tswd=0.0000]
Epoch 5/5:  51%|█████▏    | 107/208 [00:18<00:17,  5.73it/s, curv=0.0000, flow=2.2148, kin=0.0000, loss=2.2148, ot=0.00
00, t=0.494, tswd=0.0000]
Epoch 5/5:  52%|█████▏    | 108/208 [00:19<00:17,  5.79it/s, curv=0.0000, flow=2.2148, kin=0.0000, loss=2.2148, ot=0.00
00, t=0.494, tswd=0.0000]
Epoch 5/5:  52%|█████▏    | 109/208 [00:19<00:17,  5.68it/s, curv=0.0000, flow=2.2148, kin=0.0000, loss=2.2148, ot=0.00
00, t=0.494, tswd=0.0000]
Epoch 5/5:  53%|█████▎    | 110/208 [00:19<00:17,  5.65it/s, curv=0.0000, flow=2.2148, kin=0.0000, loss=2.2148, ot=0.00
00, t=0.494, tswd=0.0000]
Epoch 5/5:  53%|█████▎    | 111/208 [00:19<00:17,  5.68it/s, curv=0.0000, flow=2.2148, kin=0.0000, loss=2.2148, ot=0.00
00, t=0.494, tswd=0.0000]
Epoch 5/5:  54%|█████▍    | 112/208 [00:19<00:16,  5.68it/s, curv=0.0000, flow=2.2148, kin=0.0000, loss=2.2148, ot=0.00
00, t=0.494, tswd=0.0000]
Epoch 5/5:  54%|█████▍    | 113/208 [00:19<00:16,  5.75it/s, curv=0.0000, flow=2.2148, kin=0.0000, loss=2.2148, ot=0.00
00, t=0.494, tswd=0.0000]
Epoch 5/5:  55%|█████▍    | 114/208 [00:20<00:16,  5.76it/s, curv=0.0000, flow=2.2148, kin=0.0000, loss=2.2148, ot=0.00
00, t=0.494, tswd=0.0000]
Epoch 5/5:  55%|█████▌    | 115/208 [00:20<00:16,  5.71it/s, curv=0.0000, flow=2.2148, kin=0.0000, loss=2.2148, ot=0.00
00, t=0.494, tswd=0.0000]
Epoch 5/5:  56%|█████▌    | 116/208 [00:20<00:16,  5.74it/s, curv=0.0000, flow=2.2148, kin=0.0000, loss=2.2148, ot=0.00
00, t=0.494, tswd=0.0000]
Epoch 5/5:  56%|█████▋    | 117/208 [00:20<00:16,  5.68it/s, curv=0.0000, flow=2.2148, kin=0.0000, loss=2.2148, ot=0.00
00, t=0.494, tswd=0.0000]
Epoch 5/5:  57%|█████▋    | 118/208 [00:20<00:16,  5.57it/s, curv=0.0000, flow=2.2148, kin=0.0000, loss=2.2148, ot=0.00
00, t=0.494, tswd=0.0000]
Epoch 5/5:  57%|█████▋    | 119/208 [00:21<00:15,  5.60it/s, curv=0.0000, flow=2.2148, kin=0.0000, loss=2.2148, ot=0.00
00, t=0.494, tswd=0.0000]
Epoch 5/5:  57%|█████▋    | 119/208 [00:21<00:15,  5.60it/s, curv=0.0000, flow=2.2152, kin=0.0000, loss=2.2152, ot=0.00
00, t=0.495, tswd=0.0000]
Epoch 5/5:  58%|█████▊    | 120/208 [00:21<00:15,  5.65it/s, curv=0.0000, flow=2.2152, kin=0.0000, loss=2.2152, ot=0.00
00, t=0.495, tswd=0.0000]
Epoch 5/5:  58%|█████▊    | 121/208 [00:21<00:15,  5.79it/s, curv=0.0000, flow=2.2152, kin=0.0000, loss=2.2152, ot=0.00
00, t=0.495, tswd=0.0000]
Epoch 5/5:  59%|█████▊    | 122/208 [00:21<00:15,  5.72it/s, curv=0.0000, flow=2.2152, kin=0.0000, loss=2.2152, ot=0.00
00, t=0.495, tswd=0.0000]
Epoch 5/5:  59%|█████▉    | 123/208 [00:21<00:14,  5.76it/s, curv=0.0000, flow=2.2152, kin=0.0000, loss=2.2152, ot=0.00
00, t=0.495, tswd=0.0000]
Epoch 5/5:  60%|█████▉    | 124/208 [00:21<00:14,  5.69it/s, curv=0.0000, flow=2.2152, kin=0.0000, loss=2.2152, ot=0.00
00, t=0.495, tswd=0.0000]
Epoch 5/5:  60%|██████    | 125/208 [00:22<00:14,  5.83it/s, curv=0.0000, flow=2.2152, kin=0.0000, loss=2.2152, ot=0.00
00, t=0.495, tswd=0.0000]
Epoch 5/5:  61%|██████    | 126/208 [00:22<00:14,  5.77it/s, curv=0.0000, flow=2.2152, kin=0.0000, loss=2.2152, ot=0.00
00, t=0.495, tswd=0.0000]
Epoch 5/5:  61%|██████    | 127/208 [00:22<00:13,  5.91it/s, curv=0.0000, flow=2.2152, kin=0.0000, loss=2.2152, ot=0.00
00, t=0.495, tswd=0.0000]
Epoch 5/5:  62%|██████▏   | 128/208 [00:22<00:13,  5.82it/s, curv=0.0000, flow=2.2152, kin=0.0000, loss=2.2152, ot=0.00
00, t=0.495, tswd=0.0000]
Epoch 5/5:  62%|██████▏   | 129/208 [00:22<00:13,  5.93it/s, curv=0.0000, flow=2.2152, kin=0.0000, loss=2.2152, ot=0.00
00, t=0.495, tswd=0.0000]
Epoch 5/5:  62%|██████▎   | 130/208 [00:22<00:12,  6.02it/s, curv=0.0000, flow=2.2152, kin=0.0000, loss=2.2152, ot=0.00
00, t=0.495, tswd=0.0000]
Epoch 5/5:  63%|██████▎   | 131/208 [00:23<00:13,  5.86it/s, curv=0.0000, flow=2.2152, kin=0.0000, loss=2.2152, ot=0.00
00, t=0.495, tswd=0.0000]
Epoch 5/5:  63%|██████▎   | 132/208 [00:23<00:13,  5.72it/s, curv=0.0000, flow=2.2152, kin=0.0000, loss=2.2152, ot=0.00
00, t=0.495, tswd=0.0000]
Epoch 5/5:  64%|██████▍   | 133/208 [00:23<00:13,  5.57it/s, curv=0.0000, flow=2.2152, kin=0.0000, loss=2.2152, ot=0.00
00, t=0.495, tswd=0.0000]
Epoch 5/5:  64%|██████▍   | 134/208 [00:23<00:13,  5.59it/s, curv=0.0000, flow=2.2152, kin=0.0000, loss=2.2152, ot=0.00
00, t=0.495, tswd=0.0000]
Epoch 5/5:  65%|██████▍   | 135/208 [00:23<00:13,  5.50it/s, curv=0.0000, flow=2.2152, kin=0.0000, loss=2.2152, ot=0.00
00, t=0.495, tswd=0.0000]
Epoch 5/5:  65%|██████▌   | 136/208 [00:23<00:12,  5.55it/s, curv=0.0000, flow=2.2152, kin=0.0000, loss=2.2152, ot=0.00
00, t=0.495, tswd=0.0000]
Epoch 5/5:  66%|██████▌   | 137/208 [00:24<00:12,  5.50it/s, curv=0.0000, flow=2.2152, kin=0.0000, loss=2.2152, ot=0.00
00, t=0.495, tswd=0.0000]
Epoch 5/5:  66%|██████▋   | 138/208 [00:24<00:12,  5.44it/s, curv=0.0000, flow=2.2152, kin=0.0000, loss=2.2152, ot=0.00
00, t=0.495, tswd=0.0000]
Epoch 5/5:  67%|██████▋   | 139/208 [00:24<00:12,  5.55it/s, curv=0.0000, flow=2.2152, kin=0.0000, loss=2.2152, ot=0.00
00, t=0.495, tswd=0.0000]
Epoch 5/5:  67%|██████▋   | 139/208 [00:24<00:12,  5.55it/s, curv=0.0000, flow=2.2154, kin=0.0000, loss=2.2154, ot=0.00
00, t=0.496, tswd=0.0000]
Epoch 5/5:  67%|██████▋   | 140/208 [00:24<00:12,  5.57it/s, curv=0.0000, flow=2.2154, kin=0.0000, loss=2.2154, ot=0.00
00, t=0.496, tswd=0.0000]
Epoch 5/5:  68%|██████▊   | 141/208 [00:24<00:12,  5.52it/s, curv=0.0000, flow=2.2154, kin=0.0000, loss=2.2154, ot=0.00
00, t=0.496, tswd=0.0000]
Epoch 5/5:  68%|██████▊   | 142/208 [00:25<00:12,  5.50it/s, curv=0.0000, flow=2.2154, kin=0.0000, loss=2.2154, ot=0.00
00, t=0.496, tswd=0.0000]
Epoch 5/5:  69%|██████▉   | 143/208 [00:25<00:11,  5.44it/s, curv=0.0000, flow=2.2154, kin=0.0000, loss=2.2154, ot=0.00
00, t=0.496, tswd=0.0000]
Epoch 5/5:  69%|██████▉   | 144/208 [00:25<00:11,  5.48it/s, curv=0.0000, flow=2.2154, kin=0.0000, loss=2.2154, ot=0.00
00, t=0.496, tswd=0.0000]
Epoch 5/5:  70%|██████▉   | 145/208 [00:25<00:11,  5.50it/s, curv=0.0000, flow=2.2154, kin=0.0000, loss=2.2154, ot=0.00
00, t=0.496, tswd=0.0000]
Epoch 5/5:  70%|███████   | 146/208 [00:25<00:11,  5.47it/s, curv=0.0000, flow=2.2154, kin=0.0000, loss=2.2154, ot=0.00
00, t=0.496, tswd=0.0000]
Epoch 5/5:  71%|███████   | 147/208 [00:25<00:11,  5.43it/s, curv=0.0000, flow=2.2154, kin=0.0000, loss=2.2154, ot=0.00
00, t=0.496, tswd=0.0000]
Epoch 5/5:  71%|███████   | 148/208 [00:26<00:10,  5.49it/s, curv=0.0000, flow=2.2154, kin=0.0000, loss=2.2154, ot=0.00
00, t=0.496, tswd=0.0000]
Epoch 5/5:  72%|███████▏  | 149/208 [00:26<00:10,  5.58it/s, curv=0.0000, flow=2.2154, kin=0.0000, loss=2.2154, ot=0.00
00, t=0.496, tswd=0.0000]
Epoch 5/5:  72%|███████▏  | 150/208 [00:26<00:10,  5.57it/s, curv=0.0000, flow=2.2154, kin=0.0000, loss=2.2154, ot=0.00
00, t=0.496, tswd=0.0000]
Epoch 5/5:  73%|███████▎  | 151/208 [00:26<00:10,  5.68it/s, curv=0.0000, flow=2.2154, kin=0.0000, loss=2.2154, ot=0.00
00, t=0.496, tswd=0.0000]
Epoch 5/5:  73%|███████▎  | 152/208 [00:26<00:09,  5.61it/s, curv=0.0000, flow=2.2154, kin=0.0000, loss=2.2154, ot=0.00
00, t=0.496, tswd=0.0000]
Epoch 5/5:  74%|███████▎  | 153/208 [00:27<00:09,  5.79it/s, curv=0.0000, flow=2.2154, kin=0.0000, loss=2.2154, ot=0.00
00, t=0.496, tswd=0.0000]
Epoch 5/5:  74%|███████▍  | 154/208 [00:27<00:09,  5.94it/s, curv=0.0000, flow=2.2154, kin=0.0000, loss=2.2154, ot=0.00
00, t=0.496, tswd=0.0000]
Epoch 5/5:  75%|███████▍  | 155/208 [00:27<00:09,  5.79it/s, curv=0.0000, flow=2.2154, kin=0.0000, loss=2.2154, ot=0.00
00, t=0.496, tswd=0.0000]
Epoch 5/5:  75%|███████▌  | 156/208 [00:27<00:09,  5.55it/s, curv=0.0000, flow=2.2154, kin=0.0000, loss=2.2154, ot=0.00
00, t=0.496, tswd=0.0000]
Epoch 5/5:  75%|███████▌  | 157/208 [00:27<00:09,  5.62it/s, curv=0.0000, flow=2.2154, kin=0.0000, loss=2.2154, ot=0.00
00, t=0.496, tswd=0.0000]
Epoch 5/5:  76%|███████▌  | 158/208 [00:27<00:08,  5.63it/s, curv=0.0000, flow=2.2154, kin=0.0000, loss=2.2154, ot=0.00
00, t=0.496, tswd=0.0000]
Epoch 5/5:  76%|███████▋  | 159/208 [00:28<00:08,  5.72it/s, curv=0.0000, flow=2.2154, kin=0.0000, loss=2.2154, ot=0.00
00, t=0.496, tswd=0.0000]
Epoch 5/5:  76%|███████▋  | 159/208 [00:28<00:08,  5.72it/s, curv=0.0000, flow=2.2191, kin=0.0000, loss=2.2191, ot=0.00
00, t=0.496, tswd=0.0000]
Epoch 5/5:  77%|███████▋  | 160/208 [00:28<00:08,  5.63it/s, curv=0.0000, flow=2.2191, kin=0.0000, loss=2.2191, ot=0.00
00, t=0.496, tswd=0.0000]
Epoch 5/5:  77%|███████▋  | 161/208 [00:28<00:08,  5.69it/s, curv=0.0000, flow=2.2191, kin=0.0000, loss=2.2191, ot=0.00
00, t=0.496, tswd=0.0000]
Epoch 5/5:  78%|███████▊  | 162/208 [00:28<00:07,  5.80it/s, curv=0.0000, flow=2.2191, kin=0.0000, loss=2.2191, ot=0.00
00, t=0.496, tswd=0.0000]
Epoch 5/5:  78%|███████▊  | 163/208 [00:28<00:07,  5.90it/s, curv=0.0000, flow=2.2191, kin=0.0000, loss=2.2191, ot=0.00
00, t=0.496, tswd=0.0000]
Epoch 5/5:  79%|███████▉  | 164/208 [00:28<00:07,  5.93it/s, curv=0.0000, flow=2.2191, kin=0.0000, loss=2.2191, ot=0.00
00, t=0.496, tswd=0.0000]
Epoch 5/5:  79%|███████▉  | 165/208 [00:29<00:07,  5.97it/s, curv=0.0000, flow=2.2191, kin=0.0000, loss=2.2191, ot=0.00
00, t=0.496, tswd=0.0000]
Epoch 5/5:  80%|███████▉  | 166/208 [00:29<00:07,  5.77it/s, curv=0.0000, flow=2.2191, kin=0.0000, loss=2.2191, ot=0.00
00, t=0.496, tswd=0.0000]
Epoch 5/5:  80%|████████  | 167/208 [00:29<00:07,  5.63it/s, curv=0.0000, flow=2.2191, kin=0.0000, loss=2.2191, ot=0.00
00, t=0.496, tswd=0.0000]
Epoch 5/5:  81%|████████  | 168/208 [00:29<00:06,  5.76it/s, curv=0.0000, flow=2.2191, kin=0.0000, loss=2.2191, ot=0.00
00, t=0.496, tswd=0.0000]
Epoch 5/5:  81%|████████▏ | 169/208 [00:29<00:06,  5.71it/s, curv=0.0000, flow=2.2191, kin=0.0000, loss=2.2191, ot=0.00
00, t=0.496, tswd=0.0000]
Epoch 5/5:  82%|████████▏ | 170/208 [00:29<00:06,  5.60it/s, curv=0.0000, flow=2.2191, kin=0.0000, loss=2.2191, ot=0.00
00, t=0.496, tswd=0.0000]
Epoch 5/5:  82%|████████▏ | 171/208 [00:30<00:06,  5.72it/s, curv=0.0000, flow=2.2191, kin=0.0000, loss=2.2191, ot=0.00
00, t=0.496, tswd=0.0000]
Epoch 5/5:  83%|████████▎ | 172/208 [00:30<00:06,  5.56it/s, curv=0.0000, flow=2.2191, kin=0.0000, loss=2.2191, ot=0.00
00, t=0.496, tswd=0.0000]
Epoch 5/5:  83%|████████▎ | 173/208 [00:30<00:06,  5.60it/s, curv=0.0000, flow=2.2191, kin=0.0000, loss=2.2191, ot=0.00
00, t=0.496, tswd=0.0000]
Epoch 5/5:  84%|████████▎ | 174/208 [00:30<00:05,  5.72it/s, curv=0.0000, flow=2.2191, kin=0.0000, loss=2.2191, ot=0.00
00, t=0.496, tswd=0.0000]
Epoch 5/5:  84%|████████▍ | 175/208 [00:30<00:05,  5.65it/s, curv=0.0000, flow=2.2191, kin=0.0000, loss=2.2191, ot=0.00
00, t=0.496, tswd=0.0000]
Epoch 5/5:  85%|████████▍ | 176/208 [00:31<00:05,  5.75it/s, curv=0.0000, flow=2.2191, kin=0.0000, loss=2.2191, ot=0.00
00, t=0.496, tswd=0.0000]
Epoch 5/5:  85%|████████▌ | 177/208 [00:31<00:05,  5.62it/s, curv=0.0000, flow=2.2191, kin=0.0000, loss=2.2191, ot=0.00
00, t=0.496, tswd=0.0000]
Epoch 5/5:  86%|████████▌ | 178/208 [00:31<00:05,  5.51it/s, curv=0.0000, flow=2.2191, kin=0.0000, loss=2.2191, ot=0.00
00, t=0.496, tswd=0.0000]
Epoch 5/5:  86%|████████▌ | 179/208 [00:31<00:05,  5.67it/s, curv=0.0000, flow=2.2191, kin=0.0000, loss=2.2191, ot=0.00
00, t=0.496, tswd=0.0000]
Epoch 5/5:  86%|████████▌ | 179/208 [00:31<00:05,  5.67it/s, curv=0.0000, flow=2.2129, kin=0.0000, loss=2.2129, ot=0.00
00, t=0.498, tswd=0.0000]
Epoch 5/5:  87%|████████▋ | 180/208 [00:31<00:05,  5.48it/s, curv=0.0000, flow=2.2129, kin=0.0000, loss=2.2129, ot=0.00
00, t=0.498, tswd=0.0000]
Epoch 5/5:  87%|████████▋ | 181/208 [00:31<00:04,  5.47it/s, curv=0.0000, flow=2.2129, kin=0.0000, loss=2.2129, ot=0.00
00, t=0.498, tswd=0.0000]
Epoch 5/5:  88%|████████▊ | 182/208 [00:32<00:04,  5.47it/s, curv=0.0000, flow=2.2129, kin=0.0000, loss=2.2129, ot=0.00
00, t=0.498, tswd=0.0000]
Epoch 5/5:  88%|████████▊ | 183/208 [00:32<00:04,  5.27it/s, curv=0.0000, flow=2.2129, kin=0.0000, loss=2.2129, ot=0.00
00, t=0.498, tswd=0.0000]
Epoch 5/5:  88%|████████▊ | 184/208 [00:32<00:04,  5.39it/s, curv=0.0000, flow=2.2129, kin=0.0000, loss=2.2129, ot=0.00
00, t=0.498, tswd=0.0000]
Epoch 5/5:  89%|████████▉ | 185/208 [00:32<00:04,  5.50it/s, curv=0.0000, flow=2.2129, kin=0.0000, loss=2.2129, ot=0.00
00, t=0.498, tswd=0.0000]
Epoch 5/5:  89%|████████▉ | 186/208 [00:32<00:03,  5.87it/s, curv=0.0000, flow=2.2129, kin=0.0000, loss=2.2129, ot=0.00
00, t=0.498, tswd=0.0000]
Epoch 5/5:  90%|████████▉ | 187/208 [00:33<00:03,  5.73it/s, curv=0.0000, flow=2.2129, kin=0.0000, loss=2.2129, ot=0.00
00, t=0.498, tswd=0.0000]
Epoch 5/5:  90%|█████████ | 188/208 [00:33<00:03,  5.69it/s, curv=0.0000, flow=2.2129, kin=0.0000, loss=2.2129, ot=0.00
00, t=0.498, tswd=0.0000]
Epoch 5/5:  91%|█████████ | 189/208 [00:33<00:03,  5.71it/s, curv=0.0000, flow=2.2129, kin=0.0000, loss=2.2129, ot=0.00
00, t=0.498, tswd=0.0000]
Epoch 5/5:  91%|█████████▏| 190/208 [00:33<00:03,  5.81it/s, curv=0.0000, flow=2.2129, kin=0.0000, loss=2.2129, ot=0.00
00, t=0.498, tswd=0.0000]
Epoch 5/5:  92%|█████████▏| 191/208 [00:33<00:02,  5.70it/s, curv=0.0000, flow=2.2129, kin=0.0000, loss=2.2129, ot=0.00
00, t=0.498, tswd=0.0000]
Epoch 5/5:  92%|█████████▏| 192/208 [00:33<00:02,  5.63it/s, curv=0.0000, flow=2.2129, kin=0.0000, loss=2.2129, ot=0.00
00, t=0.498, tswd=0.0000]
Epoch 5/5:  93%|█████████▎| 193/208 [00:34<00:02,  5.60it/s, curv=0.0000, flow=2.2129, kin=0.0000, loss=2.2129, ot=0.00
00, t=0.498, tswd=0.0000]
Epoch 5/5:  93%|█████████▎| 194/208 [00:34<00:02,  5.82it/s, curv=0.0000, flow=2.2129, kin=0.0000, loss=2.2129, ot=0.00
00, t=0.498, tswd=0.0000]
Epoch 5/5:  94%|█████████▍| 195/208 [00:34<00:02,  5.72it/s, curv=0.0000, flow=2.2129, kin=0.0000, loss=2.2129, ot=0.00
00, t=0.498, tswd=0.0000]
Epoch 5/5:  94%|█████████▍| 196/208 [00:34<00:02,  5.63it/s, curv=0.0000, flow=2.2129, kin=0.0000, loss=2.2129, ot=0.00
00, t=0.498, tswd=0.0000]
Epoch 5/5:  95%|█████████▍| 197/208 [00:34<00:02,  5.44it/s, curv=0.0000, flow=2.2129, kin=0.0000, loss=2.2129, ot=0.00
00, t=0.498, tswd=0.0000]
Epoch 5/5:  95%|█████████▌| 198/208 [00:34<00:01,  5.49it/s, curv=0.0000, flow=2.2129, kin=0.0000, loss=2.2129, ot=0.00
00, t=0.498, tswd=0.0000]
Epoch 5/5:  96%|█████████▌| 199/208 [00:35<00:01,  5.59it/s, curv=0.0000, flow=2.2129, kin=0.0000, loss=2.2129, ot=0.00
00, t=0.498, tswd=0.0000]
Epoch 5/5:  96%|█████████▌| 199/208 [00:35<00:01,  5.59it/s, curv=0.0000, flow=2.2097, kin=0.0000, loss=2.2097, ot=0.00
00, t=0.500, tswd=0.0000]
Epoch 5/5:  96%|█████████▌| 200/208 [00:35<00:01,  5.51it/s, curv=0.0000, flow=2.2097, kin=0.0000, loss=2.2097, ot=0.00
00, t=0.500, tswd=0.0000]
Epoch 5/5:  97%|█████████▋| 201/208 [00:35<00:01,  5.40it/s, curv=0.0000, flow=2.2097, kin=0.0000, loss=2.2097, ot=0.00
00, t=0.500, tswd=0.0000]
Epoch 5/5:  97%|█████████▋| 202/208 [00:35<00:01,  5.58it/s, curv=0.0000, flow=2.2097, kin=0.0000, loss=2.2097, ot=0.00
00, t=0.500, tswd=0.0000]
Epoch 5/5:  98%|█████████▊| 203/208 [00:35<00:00,  5.61it/s, curv=0.0000, flow=2.2097, kin=0.0000, loss=2.2097, ot=0.00
00, t=0.500, tswd=0.0000]
Epoch 5/5:  98%|█████████▊| 204/208 [00:36<00:00,  5.75it/s, curv=0.0000, flow=2.2097, kin=0.0000, loss=2.2097, ot=0.00
00, t=0.500, tswd=0.0000]
Epoch 5/5:  99%|█████████▊| 205/208 [00:36<00:00,  5.64it/s, curv=0.0000, flow=2.2097, kin=0.0000, loss=2.2097, ot=0.00
00, t=0.500, tswd=0.0000]
Epoch 5/5:  99%|█████████▉| 206/208 [00:36<00:00,  5.58it/s, curv=0.0000, flow=2.2097, kin=0.0000, loss=2.2097, ot=0.00
00, t=0.500, tswd=0.0000]
Epoch 5/5: 100%|█████████▉| 207/208 [00:36<00:00,  5.58it/s, curv=0.0000, flow=2.2097, kin=0.0000, loss=2.2097, ot=0.00
00, t=0.500, tswd=0.0000]
Epoch 5/5: 100%|█████████▉| 207/208 [00:36<00:00,  5.58it/s, curv=0.0000, flow=2.2102, kin=0.0000, loss=2.2102, ot=0.00
00, t=0.500, tswd=0.0000]
Epoch 5/5: 100%|██████████| 208/208 [00:36<00:00,  5.64it/s, curv=0.0000, flow=2.2102, kin=0.0000, loss=2.2102, ot=0.00
00, t=0.500, tswd=0.0000]
Epoch 5/5: 100%|██████████| 208/208 [00:36<00:00,  5.66it/s, curv=0.0000, flow=2.2102, kin=0.0000, loss=2.2102, ot=0.00
00, t=0.500, tswd=0.0000]
2026-07-02 12:02:57,612 - INFO - Epoch 5/5 | loss=2.2102 flow=2.2102 kin=0.0000 ot=0.0000 tswd=0.0000 gini=0.000 hub=0.
000 otd=0.0000 fiber=0.000 leak=0.0000 tgtshift=0.0000 cla=0.0000 cea=0.0000 sem_attn=0.000 sem_k=0.000 topo_ent=0.000 
topo_on=0 plan_ent=0.000 bary_ent=0.000 tok_ent=0.000 tok_eff=0.0 tok_max=0.000 tok_svd=0.000 tok_cos=0.000 app_s=0.000
 app_d=0.000 sigma=0.000 bex=0 idr=0.00 t=0.500 |v|=0.000 lr=2.81e-05 data=0.6s comp=19.6s epoch=36.8s sps=135.74 bstep
=0.177s gpu=95.7/98.0% vram=6.64/6.64GB power=87.2/88.8W peak=1.37/1.67GB
2026-07-02 12:02:57,669 - INFO - Saved checkpoint: G:\GitHub\Latent_Style\SchrodingerBridge\exp\630_local_t26_ll_ycbcr\
epoch_0005.pt
2026-07-02 12:02:57,670 - INFO - Offloading training state to CPU before remote full eval.
2026-07-02 12:02:57,782 - INFO - Running full eval for G:\GitHub\Latent_Style\SchrodingerBridge\exp\630_local_t26_ll_yc
bcr\epoch_0005.pt -> G:\GitHub\Latent_Style\SchrodingerBridge\exp\630_local_t26_ll_ycbcr\full_eval\epoch_0005
HF cache dir: G:\GitHub\Latent_Style\SchrodingerBridge\exp\eval_cache\hf
HF hub cache dir: G:\GitHub\Latent_Style\SchrodingerBridge\exp\eval_cache\hf\hub

Phase 1: Generation (Batch Size 2)
  Fast metric path: keep decoded generated tensors on GPU (no PNG/sidecar host roundtrip).
  Diffusers VAE loaded: required by eval settings
  Source latent cache loaded: G:\GitHub\Latent_Style\SchrodingerBridge\exp\eval_cache\source_latents_b6033454d77f.pt
  Generating Batch 1/75
  Generating Batch 2/75
  Generating Batch 3/75
  Generating Batch 4/75
  Generating Batch 5/75
  Generating Batch 6/75
  Generating Batch 7/75
  Generating Batch 8/75
  Generating Batch 9/75
  Generating Batch 10/75
  Generating Batch 11/75
  Generating Batch 12/75
  Generating Batch 13/75
  Generating Batch 14/75
  Generating Batch 15/75
  Generating Batch 16/75
  Generating Batch 17/75
  Generating Batch 18/75
  Generating Batch 19/75
  Generating Batch 20/75
  Generating Batch 21/75
  Generating Batch 22/75
  Generating Batch 23/75
  Generating Batch 24/75
  Generating Batch 25/75
  Generating Batch 26/75
  Generating Batch 27/75
  Generating Batch 28/75
  Generating Batch 29/75
  Generating Batch 30/75
  Generating Batch 31/75
  Generating Batch 32/75
  Generating Batch 33/75
  Generating Batch 34/75
  Generating Batch 35/75
  Generating Batch 36/75
  Generating Batch 37/75
  Generating Batch 38/75
  Generating Batch 39/75
  Generating Batch 40/75
  Generating Batch 41/75
  Generating Batch 42/75
  Generating Batch 43/75
  Generating Batch 44/75
  Generating Batch 45/75
  Generating Batch 46/75
  Generating Batch 47/75
  Generating Batch 48/75
  Generating Batch 49/75
  Generating Batch 50/75
  Generating Batch 51/75
  Generating Batch 52/75
  Generating Batch 53/75
  Generating Batch 54/75
  Generating Batch 55/75
  Generating Batch 56/75
  Generating Batch 57/75
  Generating Batch 58/75
  Generating Batch 59/75
  Generating Batch 60/75
  Generating Batch 61/75
  Generating Batch 62/75
  Generating Batch 63/75
  Generating Batch 64/75
  Generating Batch 65/75
  Generating Batch 66/75
  Generating Batch 67/75
  Generating Batch 68/75
  Generating Batch 69/75
  Generating Batch 70/75
  Generating Batch 71/75
  Generating Batch 72/75
  Generating Batch 73/75
  Generating Batch 74/75
  Generating Batch 75/75
  Generation models unloaded

妫ｅ啯鐣?Phase 2: Evaluation
  LPIPS Loaded (alex)

Loading weights:   0%|          | 0/398 [00:00<?, ?it/s]
Loading weights: 100%|██████████| 398/398 [00:00<00:00, 32413.60it/s]
  CLIP Loaded (HF) from: G:\GitHub\Latent_Style\eval_cache\manual_clip\openai-clip-vit-base-patch32 (processor=loaded)
Found global reference cache: G:\GitHub\Latent_Style\SchrodingerBridge\exp\eval_cache\ref_feats_e2b030fd2b_m16.pt
  Reference cache loaded successfully
  Processing 750 generated images...
Found global source cache: G:\GitHub\Latent_Style\SchrodingerBridge\exp\eval_cache\src_feats_e2b030fd2b_img256_clip0.pt
  Source cache loaded successfully
  Fast metric path: source image device cache enabled.

妫ｅ啯鎯?Generating Summary...
Summary saved: G:\GitHub\Latent_Style\SchrodingerBridge\exp\630_local_t26_ll_ycbcr\full_eval\epoch_0005\summary.json
2026-07-02 12:06:08,942 - INFO - Full eval completed for epoch_0005.pt in 191.2s
2026-07-02 12:06:08,951 - INFO - Refreshing eval curve for G:\GitHub\Latent_Style\SchrodingerBridge\exp\630_local_t26_l
l_ycbcr
G:\GitHub\Latent_Style\SchrodingerBridge\exp\630_local_t26_ll_ycbcr\full_eval\clip_lpips_curve.csv
G:\GitHub\Latent_Style\SchrodingerBridge\exp\630_local_t26_ll_ycbcr\full_eval\curve_summary.json
2026-07-02 12:06:09,049 - INFO - Refreshing eval convergence for G:\GitHub\Latent_Style\SchrodingerBridge\exp\630_local
_t26_ll_ycbcr
G:\GitHub\Latent_Style\SchrodingerBridge\exp\630_local_t26_ll_ycbcr\full_eval\round2_convergence.json
2026-07-02 12:06:09,120 - INFO - Restoring training state to CUDA after remote full eval.
2026-07-02 12:06:09,361 - INFO - Training completed.
