{
  "num_rounds": 3,
  "latest": {
    "epoch": 120,
    "summary_path": "..\\G0_Balanced_Base\\full_eval\\epoch_0120\\summary.json",
    "transfer_clip_style": 0.6859168724219005,
    "transfer_content_lpips": 0.4939318894666666,
    "transfer_fid": 305.14080989037166,
    "transfer_art_fid": 476.2242011225748,
    "transfer_classifier_acc": 0.0,
    "photo_to_art_clip_style": 0.6704615183174609,
    "photo_to_art_fid": 305.14080989037166,
    "photo_to_art_art_fid": 476.2242011225748,
    "photo_to_art_classifier_acc": 0.0
  },
  "mean": {
    "transfer_clip_style": 0.6821948359906674,
    "transfer_content_lpips": 0.48160709780555555,
    "transfer_fid": 300.04320892514824,
    "transfer_art_fid": 462.0095344804569,
    "transfer_classifier_acc": 0.0,
    "photo_to_art_clip_style": 0.666124008844296,
    "photo_to_art_fid": 300.04320892514824,
    "photo_to_art_art_fid": 462.0095344804569,
    "photo_to_art_classifier_acc": 0.0
  },
  "best": {
    "best_transfer_classifier_acc": {
      "epoch": 40,
      "summary_path": "..\\G0_Balanced_Base\\full_eval\\epoch_0040\\summary.json",
      "transfer_clip_style": 0.6750769030551116,
      "transfer_content_lpips": 0.4631136276,
      "transfer_fid": 293.74114688967575,
      "transfer_art_fid": 442.4383119629391,
      "transfer_classifier_acc": 0.0,
      "photo_to_art_clip_style": 0.6577024588982264,
      "photo_to_art_fid": 293.74114688967575,
      "photo_to_art_art_fid": 442.4383119629391,
      "photo_to_art_classifier_acc": 0.0
    },
    "best_transfer_clip_style": {
      "epoch": 120,
      "summary_path": "..\\G0_Balanced_Base\\full_eval\\epoch_0120\\summary.json",
      "transfer_clip_style": 0.6859168724219005,
      "transfer_content_lpips": 0.4939318894666666,
      "transfer_fid": 305.14080989037166,
      "transfer_art_fid": 476.2242011225748,
      "transfer_classifier_acc": 0.0,
      "photo_to_art_clip_style": 0.6704615183174609,
      "photo_to_art_fid": 305.14080989037166,
      "photo_to_art_art_fid": 476.2242011225748,
      "photo_to_art_classifier_acc": 0.0
    },
    "best_transfer_fid": {
      "epoch": 40,
      "summary_path": "..\\G0_Balanced_Base\\full_eval\\epoch_0040\\summary.json",
      "transfer_clip_style": 0.6750769030551116,
      "transfer_content_lpips": 0.4631136276,
      "transfer_fid": 293.74114688967575,
      "transfer_art_fid": 442.4383119629391,
      "transfer_classifier_acc": 0.0,
      "photo_to_art_clip_style": 0.6577024588982264,
      "photo_to_art_fid": 293.74114688967575,
      "photo_to_art_art_fid": 442.4383119629391,
      "photo_to_art_classifier_acc": 0.0
    },
    "best_transfer_art_fid": {
      "epoch": 40,
      "summary_path": "..\\G0_Balanced_Base\\full_eval\\epoch_0040\\summary.json",
      "transfer_clip_style": 0.6750769030551116,
      "transfer_content_lpips": 0.4631136276,
      "transfer_fid": 293.74114688967575,
      "transfer_art_fid": 442.4383119629391,
      "transfer_classifier_acc": 0.0,
      "photo_to_art_clip_style": 0.6577024588982264,
      "photo_to_art_fid": 293.74114688967575,
      "photo_to_art_art_fid": 442.4383119629391,
      "photo_to_art_classifier_acc": 0.0
    },
    "best_photo_to_art_classifier_acc": {
      "epoch": 40,
      "summary_path": "..\\G0_Balanced_Base\\full_eval\\epoch_0040\\summary.json",
      "transfer_clip_style": 0.6750769030551116,
      "transfer_content_lpips": 0.4631136276,
      "transfer_fid": 293.74114688967575,
      "transfer_art_fid": 442.4383119629391,
      "transfer_classifier_acc": 0.0,
      "photo_to_art_clip_style": 0.6577024588982264,
      "photo_to_art_fid": 293.74114688967575,
      "photo_to_art_art_fid": 442.4383119629391,
      "photo_to_art_classifier_acc": 0.0
    },
    "best_photo_to_art_clip_style": {
      "epoch": 120,
      "summary_path": "..\\G0_Balanced_Base\\full_eval\\epoch_0120\\summary.json",
      "transfer_clip_style": 0.6859168724219005,
      "transfer_content_lpips": 0.4939318894666666,
      "transfer_fid": 305.14080989037166,
      "transfer_art_fid": 476.2242011225748,
      "transfer_classifier_acc": 0.0,
      "photo_to_art_clip_style": 0.6704615183174609,
      "photo_to_art_fid": 305.14080989037166,
      "photo_to_art_art_fid": 476.2242011225748,
      "photo_to_art_classifier_acc": 0.0
    },
    "best_photo_to_art_fid": {
      "epoch": 40,
      "summary_path": "..\\G0_Balanced_Base\\full_eval\\epoch_0040\\summary.json",
      "transfer_clip_style": 0.6750769030551116,
      "transfer_content_lpips": 0.4631136276,
      "transfer_fid": 293.74114688967575,
      "transfer_art_fid": 442.4383119629391,
      "transfer_classifier_acc": 0.0,
      "photo_to_art_clip_style": 0.6577024588982264,
      "photo_to_art_fid": 293.74114688967575,
      "photo_to_art_art_fid": 442.4383119629391,
      "photo_to_art_classifier_acc": 0.0
    },
    "best_photo_to_art_art_fid": {
      "epoch": 40,
      "summary_path": "..\\G0_Balanced_Base\\full_eval\\epoch_0040\\summary.json",
      "transfer_clip_style": 0.6750769030551116,
      "transfer_content_lpips": 0.4631136276,
      "transfer_fid": 293.74114688967575,
      "transfer_art_fid": 442.4383119629391,
      "transfer_classifier_acc": 0.0,
      "photo_to_art_clip_style": 0.6577024588982264,
      "photo_to_art_fid": 293.74114688967575,
      "photo_to_art_art_fid": 442.4383119629391,
      "photo_to_art_classifier_acc": 0.0
    },
    "best_transfer_content_lpips": {
      "epoch": 40,
      "summary_path": "..\\G0_Balanced_Base\\full_eval\\epoch_0040\\summary.json",
      "transfer_clip_style": 0.6750769030551116,
      "transfer_content_lpips": 0.4631136276,
      "transfer_fid": 293.74114688967575,
      "transfer_art_fid": 442.4383119629391,
      "transfer_classifier_acc": 0.0,
      "photo_to_art_clip_style": 0.6577024588982264,
      "photo_to_art_fid": 293.74114688967575,
      "photo_to_art_art_fid": 442.4383119629391,
      "photo_to_art_classifier_acc": 0.0
    }
  },
  "rounds": [
    {
      "epoch": 40,
      "summary_path": "..\\G0_Balanced_Base\\full_eval\\epoch_0040\\summary.json",
      "transfer_clip_style": 0.6750769030551116,
      "transfer_content_lpips": 0.4631136276,
      "transfer_fid": 293.74114688967575,
      "transfer_art_fid": 442.4383119629391,
      "transfer_classifier_acc": 0.0,
      "photo_to_art_clip_style": 0.6577024588982264,
      "photo_to_art_fid": 293.74114688967575,
      "photo_to_art_art_fid": 442.4383119629391,
      "photo_to_art_classifier_acc": 0.0
    },
    {
      "epoch": 80,
      "summary_path": "..\\G0_Balanced_Base\\full_eval\\epoch_0080\\summary.json",
      "transfer_clip_style": 0.68559073249499,
      "transfer_content_lpips": 0.48777577635,
      "transfer_fid": 301.24766999539725,
      "transfer_art_fid": 467.36609035585684,
      "transfer_classifier_acc": 0.0,
      "photo_to_art_clip_style": 0.6702080493172009,
      "photo_to_art_fid": 301.24766999539725,
      "photo_to_art_art_fid": 467.36609035585684,
      "photo_to_art_classifier_acc": 0.0
    },
    {
      "epoch": 120,
      "summary_path": "..\\G0_Balanced_Base\\full_eval\\epoch_0120\\summary.json",
      "transfer_clip_style": 0.6859168724219005,
      "transfer_content_lpips": 0.4939318894666666,
      "transfer_fid": 305.14080989037166,
      "transfer_art_fid": 476.2242011225748,
      "transfer_classifier_acc": 0.0,
      "photo_to_art_clip_style": 0.6704615183174609,
      "photo_to_art_fid": 305.14080989037166,
      "photo_to_art_art_fid": 476.2242011225748,
      "photo_to_art_classifier_acc": 0.0
    }
  ],
  "updated_at": "2026-03-08 06:52:13"
}