{
  "num_rounds": 3,
  "latest": {
    "epoch": 120,
    "summary_path": "..\\G1_High_HF_Test\\full_eval\\epoch_0120\\summary.json",
    "transfer_clip_style": 0.6966633381446202,
    "transfer_content_lpips": 0.5293452837166666,
    "transfer_fid": 310.7221534313015,
    "transfer_art_fid": 493.5454177145539,
    "transfer_classifier_acc": 0.0,
    "photo_to_art_clip_style": 0.6898873950044314,
    "photo_to_art_fid": 310.7221534313015,
    "photo_to_art_art_fid": 493.5454177145539,
    "photo_to_art_classifier_acc": 0.0
  },
  "mean": {
    "transfer_clip_style": 0.6924303948382536,
    "transfer_content_lpips": 0.5108521879944444,
    "transfer_fid": 302.9461999667478,
    "transfer_art_fid": 471.8371076208081,
    "transfer_classifier_acc": 0.0,
    "photo_to_art_clip_style": 0.6800144272545974,
    "photo_to_art_fid": 302.9461999667478,
    "photo_to_art_art_fid": 471.8371076208081,
    "photo_to_art_classifier_acc": 0.0
  },
  "best": {
    "best_transfer_classifier_acc": {
      "epoch": 40,
      "summary_path": "..\\G1_High_HF_Test\\full_eval\\epoch_0040\\summary.json",
      "transfer_clip_style": 0.6884079265594483,
      "transfer_content_lpips": 0.49600769101666675,
      "transfer_fid": 298.01059846804304,
      "transfer_art_fid": 457.7566860439721,
      "transfer_classifier_acc": 0.0,
      "photo_to_art_clip_style": 0.671153791497151,
      "photo_to_art_fid": 298.01059846804304,
      "photo_to_art_art_fid": 457.7566860439721,
      "photo_to_art_classifier_acc": 0.0
    },
    "best_transfer_clip_style": {
      "epoch": 120,
      "summary_path": "..\\G1_High_HF_Test\\full_eval\\epoch_0120\\summary.json",
      "transfer_clip_style": 0.6966633381446202,
      "transfer_content_lpips": 0.5293452837166666,
      "transfer_fid": 310.7221534313015,
      "transfer_art_fid": 493.5454177145539,
      "transfer_classifier_acc": 0.0,
      "photo_to_art_clip_style": 0.6898873950044314,
      "photo_to_art_fid": 310.7221534313015,
      "photo_to_art_art_fid": 493.5454177145539,
      "photo_to_art_classifier_acc": 0.0
    },
    "best_transfer_fid": {
      "epoch": 40,
      "summary_path": "..\\G1_High_HF_Test\\full_eval\\epoch_0040\\summary.json",
      "transfer_clip_style": 0.6884079265594483,
      "transfer_content_lpips": 0.49600769101666675,
      "transfer_fid": 298.01059846804304,
      "transfer_art_fid": 457.7566860439721,
      "transfer_classifier_acc": 0.0,
      "photo_to_art_clip_style": 0.671153791497151,
      "photo_to_art_fid": 298.01059846804304,
      "photo_to_art_art_fid": 457.7566860439721,
      "photo_to_art_classifier_acc": 0.0
    },
    "best_transfer_art_fid": {
      "epoch": 40,
      "summary_path": "..\\G1_High_HF_Test\\full_eval\\epoch_0040\\summary.json",
      "transfer_clip_style": 0.6884079265594483,
      "transfer_content_lpips": 0.49600769101666675,
      "transfer_fid": 298.01059846804304,
      "transfer_art_fid": 457.7566860439721,
      "transfer_classifier_acc": 0.0,
      "photo_to_art_clip_style": 0.671153791497151,
      "photo_to_art_fid": 298.01059846804304,
      "photo_to_art_art_fid": 457.7566860439721,
      "photo_to_art_classifier_acc": 0.0
    },
    "best_photo_to_art_classifier_acc": {
      "epoch": 40,
      "summary_path": "..\\G1_High_HF_Test\\full_eval\\epoch_0040\\summary.json",
      "transfer_clip_style": 0.6884079265594483,
      "transfer_content_lpips": 0.49600769101666675,
      "transfer_fid": 298.01059846804304,
      "transfer_art_fid": 457.7566860439721,
      "transfer_classifier_acc": 0.0,
      "photo_to_art_clip_style": 0.671153791497151,
      "photo_to_art_fid": 298.01059846804304,
      "photo_to_art_art_fid": 457.7566860439721,
      "photo_to_art_classifier_acc": 0.0
    },
    "best_photo_to_art_clip_style": {
      "epoch": 120,
      "summary_path": "..\\G1_High_HF_Test\\full_eval\\epoch_0120\\summary.json",
      "transfer_clip_style": 0.6966633381446202,
      "transfer_content_lpips": 0.5293452837166666,
      "transfer_fid": 310.7221534313015,
      "transfer_art_fid": 493.5454177145539,
      "transfer_classifier_acc": 0.0,
      "photo_to_art_clip_style": 0.6898873950044314,
      "photo_to_art_fid": 310.7221534313015,
      "photo_to_art_art_fid": 493.5454177145539,
      "photo_to_art_classifier_acc": 0.0
    },
    "best_photo_to_art_fid": {
      "epoch": 40,
      "summary_path": "..\\G1_High_HF_Test\\full_eval\\epoch_0040\\summary.json",
      "transfer_clip_style": 0.6884079265594483,
      "transfer_content_lpips": 0.49600769101666675,
      "transfer_fid": 298.01059846804304,
      "transfer_art_fid": 457.7566860439721,
      "transfer_classifier_acc": 0.0,
      "photo_to_art_clip_style": 0.671153791497151,
      "photo_to_art_fid": 298.01059846804304,
      "photo_to_art_art_fid": 457.7566860439721,
      "photo_to_art_classifier_acc": 0.0
    },
    "best_photo_to_art_art_fid": {
      "epoch": 40,
      "summary_path": "..\\G1_High_HF_Test\\full_eval\\epoch_0040\\summary.json",
      "transfer_clip_style": 0.6884079265594483,
      "transfer_content_lpips": 0.49600769101666675,
      "transfer_fid": 298.01059846804304,
      "transfer_art_fid": 457.7566860439721,
      "transfer_classifier_acc": 0.0,
      "photo_to_art_clip_style": 0.671153791497151,
      "photo_to_art_fid": 298.01059846804304,
      "photo_to_art_art_fid": 457.7566860439721,
      "photo_to_art_classifier_acc": 0.0
    },
    "best_transfer_content_lpips": {
      "epoch": 40,
      "summary_path": "..\\G1_High_HF_Test\\full_eval\\epoch_0040\\summary.json",
      "transfer_clip_style": 0.6884079265594483,
      "transfer_content_lpips": 0.49600769101666675,
      "transfer_fid": 298.01059846804304,
      "transfer_art_fid": 457.7566860439721,
      "transfer_classifier_acc": 0.0,
      "photo_to_art_clip_style": 0.671153791497151,
      "photo_to_art_fid": 298.01059846804304,
      "photo_to_art_art_fid": 457.7566860439721,
      "photo_to_art_classifier_acc": 0.0
    }
  },
  "rounds": [
    {
      "epoch": 40,
      "summary_path": "..\\G1_High_HF_Test\\full_eval\\epoch_0040\\summary.json",
      "transfer_clip_style": 0.6884079265594483,
      "transfer_content_lpips": 0.49600769101666675,
      "transfer_fid": 298.01059846804304,
      "transfer_art_fid": 457.7566860439721,
      "transfer_classifier_acc": 0.0,
      "photo_to_art_clip_style": 0.671153791497151,
      "photo_to_art_fid": 298.01059846804304,
      "photo_to_art_art_fid": 457.7566860439721,
      "photo_to_art_classifier_acc": 0.0
    },
    {
      "epoch": 80,
      "summary_path": "..\\G1_High_HF_Test\\full_eval\\epoch_0080\\summary.json",
      "transfer_clip_style": 0.6922199198106924,
      "transfer_content_lpips": 0.5072035892499999,
      "transfer_fid": 300.10584800089896,
      "transfer_art_fid": 464.20921910389836,
      "transfer_classifier_acc": 0.0,
      "photo_to_art_clip_style": 0.6790020952622097,
      "photo_to_art_fid": 300.10584800089896,
      "photo_to_art_art_fid": 464.20921910389836,
      "photo_to_art_classifier_acc": 0.0
    },
    {
      "epoch": 120,
      "summary_path": "..\\G1_High_HF_Test\\full_eval\\epoch_0120\\summary.json",
      "transfer_clip_style": 0.6966633381446202,
      "transfer_content_lpips": 0.5293452837166666,
      "transfer_fid": 310.7221534313015,
      "transfer_art_fid": 493.5454177145539,
      "transfer_classifier_acc": 0.0,
      "photo_to_art_clip_style": 0.6898873950044314,
      "photo_to_art_fid": 310.7221534313015,
      "photo_to_art_art_fid": 493.5454177145539,
      "photo_to_art_classifier_acc": 0.0
    }
  ],
  "updated_at": "2026-03-08 12:04:25"
}