{
  "num_rounds": 2,
  "latest": {
    "epoch": 40,
    "summary_path": "..\\decoder-H-MSCTM-no_clamp_mult-tv-2\\full_eval\\epoch_0040\\summary.json",
    "transfer_clip_style": 0.6679558482269445,
    "transfer_content_lpips": 0.43112657961666667,
    "transfer_fid": 293.09990398299215,
    "transfer_art_fid": 432.5650760469145,
    "transfer_classifier_acc": 0.0,
    "photo_to_art_clip_style": 0.6415871833761533,
    "photo_to_art_fid": 293.09990398299215,
    "photo_to_art_art_fid": 432.5650760469145,
    "photo_to_art_classifier_acc": 0.0
  },
  "mean": {
    "transfer_clip_style": 0.6616136358181635,
    "transfer_content_lpips": 0.424015301625,
    "transfer_fid": 292.159956867423,
    "transfer_art_fid": 425.4344992351374,
    "transfer_classifier_acc": 0.0,
    "photo_to_art_clip_style": 0.6370004754513502,
    "photo_to_art_fid": 292.159956867423,
    "photo_to_art_art_fid": 425.4344992351374,
    "photo_to_art_classifier_acc": 0.0
  },
  "best": {
    "best_transfer_classifier_acc": {
      "epoch": 20,
      "summary_path": "..\\decoder-H-MSCTM-no_clamp_mult-tv-2\\full_eval\\epoch_0020\\summary.json",
      "transfer_clip_style": 0.6552714234093825,
      "transfer_content_lpips": 0.41690402363333334,
      "transfer_fid": 291.2200097518538,
      "transfer_art_fid": 418.3039224233603,
      "transfer_classifier_acc": 0.0,
      "photo_to_art_clip_style": 0.6324137675265471,
      "photo_to_art_fid": 291.2200097518538,
      "photo_to_art_art_fid": 418.3039224233603,
      "photo_to_art_classifier_acc": 0.0
    },
    "best_transfer_clip_style": {
      "epoch": 40,
      "summary_path": "..\\decoder-H-MSCTM-no_clamp_mult-tv-2\\full_eval\\epoch_0040\\summary.json",
      "transfer_clip_style": 0.6679558482269445,
      "transfer_content_lpips": 0.43112657961666667,
      "transfer_fid": 293.09990398299215,
      "transfer_art_fid": 432.5650760469145,
      "transfer_classifier_acc": 0.0,
      "photo_to_art_clip_style": 0.6415871833761533,
      "photo_to_art_fid": 293.09990398299215,
      "photo_to_art_art_fid": 432.5650760469145,
      "photo_to_art_classifier_acc": 0.0
    },
    "best_transfer_fid": {
      "epoch": 20,
      "summary_path": "..\\decoder-H-MSCTM-no_clamp_mult-tv-2\\full_eval\\epoch_0020\\summary.json",
      "transfer_clip_style": 0.6552714234093825,
      "transfer_content_lpips": 0.41690402363333334,
      "transfer_fid": 291.2200097518538,
      "transfer_art_fid": 418.3039224233603,
      "transfer_classifier_acc": 0.0,
      "photo_to_art_clip_style": 0.6324137675265471,
      "photo_to_art_fid": 291.2200097518538,
      "photo_to_art_art_fid": 418.3039224233603,
      "photo_to_art_classifier_acc": 0.0
    },
    "best_transfer_art_fid": {
      "epoch": 20,
      "summary_path": "..\\decoder-H-MSCTM-no_clamp_mult-tv-2\\full_eval\\epoch_0020\\summary.json",
      "transfer_clip_style": 0.6552714234093825,
      "transfer_content_lpips": 0.41690402363333334,
      "transfer_fid": 291.2200097518538,
      "transfer_art_fid": 418.3039224233603,
      "transfer_classifier_acc": 0.0,
      "photo_to_art_clip_style": 0.6324137675265471,
      "photo_to_art_fid": 291.2200097518538,
      "photo_to_art_art_fid": 418.3039224233603,
      "photo_to_art_classifier_acc": 0.0
    },
    "best_photo_to_art_classifier_acc": {
      "epoch": 20,
      "summary_path": "..\\decoder-H-MSCTM-no_clamp_mult-tv-2\\full_eval\\epoch_0020\\summary.json",
      "transfer_clip_style": 0.6552714234093825,
      "transfer_content_lpips": 0.41690402363333334,
      "transfer_fid": 291.2200097518538,
      "transfer_art_fid": 418.3039224233603,
      "transfer_classifier_acc": 0.0,
      "photo_to_art_clip_style": 0.6324137675265471,
      "photo_to_art_fid": 291.2200097518538,
      "photo_to_art_art_fid": 418.3039224233603,
      "photo_to_art_classifier_acc": 0.0
    },
    "best_photo_to_art_clip_style": {
      "epoch": 40,
      "summary_path": "..\\decoder-H-MSCTM-no_clamp_mult-tv-2\\full_eval\\epoch_0040\\summary.json",
      "transfer_clip_style": 0.6679558482269445,
      "transfer_content_lpips": 0.43112657961666667,
      "transfer_fid": 293.09990398299215,
      "transfer_art_fid": 432.5650760469145,
      "transfer_classifier_acc": 0.0,
      "photo_to_art_clip_style": 0.6415871833761533,
      "photo_to_art_fid": 293.09990398299215,
      "photo_to_art_art_fid": 432.5650760469145,
      "photo_to_art_classifier_acc": 0.0
    },
    "best_photo_to_art_fid": {
      "epoch": 20,
      "summary_path": "..\\decoder-H-MSCTM-no_clamp_mult-tv-2\\full_eval\\epoch_0020\\summary.json",
      "transfer_clip_style": 0.6552714234093825,
      "transfer_content_lpips": 0.41690402363333334,
      "transfer_fid": 291.2200097518538,
      "transfer_art_fid": 418.3039224233603,
      "transfer_classifier_acc": 0.0,
      "photo_to_art_clip_style": 0.6324137675265471,
      "photo_to_art_fid": 291.2200097518538,
      "photo_to_art_art_fid": 418.3039224233603,
      "photo_to_art_classifier_acc": 0.0
    },
    "best_photo_to_art_art_fid": {
      "epoch": 20,
      "summary_path": "..\\decoder-H-MSCTM-no_clamp_mult-tv-2\\full_eval\\epoch_0020\\summary.json",
      "transfer_clip_style": 0.6552714234093825,
      "transfer_content_lpips": 0.41690402363333334,
      "transfer_fid": 291.2200097518538,
      "transfer_art_fid": 418.3039224233603,
      "transfer_classifier_acc": 0.0,
      "photo_to_art_clip_style": 0.6324137675265471,
      "photo_to_art_fid": 291.2200097518538,
      "photo_to_art_art_fid": 418.3039224233603,
      "photo_to_art_classifier_acc": 0.0
    },
    "best_transfer_content_lpips": {
      "epoch": 20,
      "summary_path": "..\\decoder-H-MSCTM-no_clamp_mult-tv-2\\full_eval\\epoch_0020\\summary.json",
      "transfer_clip_style": 0.6552714234093825,
      "transfer_content_lpips": 0.41690402363333334,
      "transfer_fid": 291.2200097518538,
      "transfer_art_fid": 418.3039224233603,
      "transfer_classifier_acc": 0.0,
      "photo_to_art_clip_style": 0.6324137675265471,
      "photo_to_art_fid": 291.2200097518538,
      "photo_to_art_art_fid": 418.3039224233603,
      "photo_to_art_classifier_acc": 0.0
    }
  },
  "rounds": [
    {
      "epoch": 20,
      "summary_path": "..\\decoder-H-MSCTM-no_clamp_mult-tv-2\\full_eval\\epoch_0020\\summary.json",
      "transfer_clip_style": 0.6552714234093825,
      "transfer_content_lpips": 0.41690402363333334,
      "transfer_fid": 291.2200097518538,
      "transfer_art_fid": 418.3039224233603,
      "transfer_classifier_acc": 0.0,
      "photo_to_art_clip_style": 0.6324137675265471,
      "photo_to_art_fid": 291.2200097518538,
      "photo_to_art_art_fid": 418.3039224233603,
      "photo_to_art_classifier_acc": 0.0
    },
    {
      "epoch": 40,
      "summary_path": "..\\decoder-H-MSCTM-no_clamp_mult-tv-2\\full_eval\\epoch_0040\\summary.json",
      "transfer_clip_style": 0.6679558482269445,
      "transfer_content_lpips": 0.43112657961666667,
      "transfer_fid": 293.09990398299215,
      "transfer_art_fid": 432.5650760469145,
      "transfer_classifier_acc": 0.0,
      "photo_to_art_clip_style": 0.6415871833761533,
      "photo_to_art_fid": 293.09990398299215,
      "photo_to_art_art_fid": 432.5650760469145,
      "photo_to_art_classifier_acc": 0.0
    }
  ],
  "updated_at": "2026-03-08 00:11:46"
}