{
  "checkpoint": "..\\exp_2_zero_id\\epoch_0100.pt",
  "timestamp": "2026-02-27 01:44:49",
  "metrics_note": {
    "clip_dir": "cos( CLIP(gen)-CLIP(src), CLIP(target_style_proto)-CLIP(src) ) - Measures edit direction.",
    "clip_style": "cos( CLIP(gen), CLIP(target_style_proto) ) - Measures absolute style similarity.",
    "fid_baseline": "FID between source-domain images and target-style references.",
    "fid": "FID between generated images and target-style real references (Inception features).",
    "delta_fid": "fid_baseline - fid (higher is better).",
    "delta_fid_ratio": "delta_fid / fid_baseline (relative improvement ratio).",
    "art_fid": "computed as (1 + fid_style) * (1 + content_lpips)"
  },
  "matrix_breakdown": {
    "photo": {
      "photo": {
        "count": 30,
        "clip_dir": 0.41663942734400433,
        "clip_style": 0.8079381942749023,
        "style_lpips": 0.74934042096138,
        "content_lpips": 0.34073081766666663,
        "clip_content": 0.8806874746666665,
        "fid_style": null,
        "art_fid": null,
        "fid_baseline": null,
        "delta_fid": null,
        "delta_fid_ratio": null,
        "classifier_acc": null
      },
      "Hayao": {
        "count": 30,
        "clip_dir": 0.47932290136814115,
        "clip_style": 0.6010662426551183,
        "style_lpips": 0.7622847239176432,
        "content_lpips": 0.4397747196666666,
        "clip_content": 0.8396991413333333,
        "fid_style": 327.09775936566353,
        "art_fid": 472.3868595139596,
        "fid_baseline": 334.729000932728,
        "delta_fid": 7.631241567064478,
        "delta_fid_ratio": 0.022798268288077503,
        "classifier_acc": null
      },
      "monet": {
        "count": 30,
        "clip_dir": 0.38874207188685733,
        "clip_style": 0.6357710421085357,
        "style_lpips": 0.7446894685427348,
        "content_lpips": 0.3549258343333334,
        "clip_content": 0.8664496733333333,
        "fid_style": 225.39267593612982,
        "art_fid": 306.7452853297167,
        "fid_baseline": 237.55478896111822,
        "delta_fid": 12.1621130249884,
        "delta_fid_ratio": 0.05119708627292306,
        "classifier_acc": null
      },
      "vangogh": {
        "count": 30,
        "clip_dir": 0.478824320435524,
        "clip_style": 0.6601330916086833,
        "style_lpips": 0.7952435592810313,
        "content_lpips": 0.473293616,
        "clip_content": 0.814312558,
        "fid_style": 306.8162437776113,
        "art_fid": 453.5037068586544,
        "fid_baseline": 313.3414404549672,
        "delta_fid": 6.525196677355893,
        "delta_fid_ratio": 0.02082455696853057,
        "classifier_acc": null
      },
      "cezanne": {
        "count": 30,
        "clip_dir": 0.41645833452542624,
        "clip_style": 0.6158330182234446,
        "style_lpips": 0.7542722920576731,
        "content_lpips": 0.39682055800000005,
        "clip_content": 0.8512290983333333,
        "fid_style": 297.34247040978994,
        "art_fid": 416.73089599290125,
        "fid_baseline": 317.94764662800304,
        "delta_fid": 20.605176218213103,
        "delta_fid_ratio": 0.06480682098685588,
        "classifier_acc": null
      }
    },
    "Hayao": {
      "photo": {
        "count": 30,
        "clip_dir": 0.27430098603169123,
        "clip_style": 0.5422488997379938,
        "style_lpips": 0.7858108063538869,
        "content_lpips": 0.3585624946666667,
        "clip_content": 0.9082904963333333,
        "fid_style": null,
        "art_fid": null,
        "fid_baseline": null,
        "delta_fid": null,
        "delta_fid_ratio": null,
        "classifier_acc": null
      },
      "Hayao": {
        "count": 30,
        "clip_dir": 0.37396642913420997,
        "clip_style": 0.8613882025082906,
        "style_lpips": 0.7304431180159251,
        "content_lpips": 0.25697841400000004,
        "clip_content": 0.928039427,
        "fid_style": null,
        "art_fid": null,
        "fid_baseline": null,
        "delta_fid": null,
        "delta_fid_ratio": null,
        "classifier_acc": null
      },
      "monet": {
        "count": 30,
        "clip_dir": 0.20202663224190473,
        "clip_style": 0.46408744553724923,
        "style_lpips": 0.7777153452237447,
        "content_lpips": 0.32723878933333334,
        "clip_content": 0.909191756,
        "fid_style": null,
        "art_fid": null,
        "fid_baseline": null,
        "delta_fid": null,
        "delta_fid_ratio": null,
        "classifier_acc": null
      },
      "vangogh": {
        "count": 30,
        "clip_dir": 0.3286316032210986,
        "clip_style": 0.5670231978098551,
        "style_lpips": 0.8017131149768829,
        "content_lpips": 0.37964678766666676,
        "clip_content": 0.8704407456666667,
        "fid_style": null,
        "art_fid": null,
        "fid_baseline": null,
        "delta_fid": null,
        "delta_fid_ratio": null,
        "classifier_acc": null
      },
      "cezanne": {
        "count": 30,
        "clip_dir": 0.2047768495976925,
        "clip_style": 0.5048058013121287,
        "style_lpips": 0.7674285272757212,
        "content_lpips": 0.30609894466666676,
        "clip_content": 0.9151791843333333,
        "fid_style": null,
        "art_fid": null,
        "fid_baseline": null,
        "delta_fid": null,
        "delta_fid_ratio": null,
        "classifier_acc": null
      }
    },
    "monet": {
      "photo": {
        "count": 30,
        "clip_dir": 0.437524551153183,
        "clip_style": 0.7016144931316376,
        "style_lpips": 0.757679698864619,
        "content_lpips": 0.37541474733333335,
        "clip_content": 0.8816220456666668,
        "fid_style": null,
        "art_fid": null,
        "fid_baseline": null,
        "delta_fid": null,
        "delta_fid_ratio": null,
        "classifier_acc": null
      },
      "Hayao": {
        "count": 30,
        "clip_dir": 0.46552877873182297,
        "clip_style": 0.5916044672330221,
        "style_lpips": 0.7641560177008311,
        "content_lpips": 0.44742483099999997,
        "clip_content": 0.8556213649999999,
        "fid_style": null,
        "art_fid": null,
        "fid_baseline": null,
        "delta_fid": null,
        "delta_fid_ratio": null,
        "classifier_acc": null
      },
      "monet": {
        "count": 30,
        "clip_dir": 0.3202496056755384,
        "clip_style": 0.82700674533844,
        "style_lpips": 0.7091072877248128,
        "content_lpips": 0.35871094133333326,
        "clip_content": 0.8782735513333334,
        "fid_style": null,
        "art_fid": null,
        "fid_baseline": null,
        "delta_fid": null,
        "delta_fid_ratio": null,
        "classifier_acc": null
      },
      "vangogh": {
        "count": 30,
        "clip_dir": 0.41029102901617687,
        "clip_style": 0.7903771022955577,
        "style_lpips": 0.7632992843786875,
        "content_lpips": 0.4314463689999999,
        "clip_content": 0.823974495,
        "fid_style": null,
        "art_fid": null,
        "fid_baseline": null,
        "delta_fid": null,
        "delta_fid_ratio": null,
        "classifier_acc": null
      },
      "cezanne": {
        "count": 30,
        "clip_dir": 0.3501213232676188,
        "clip_style": 0.7904612024625143,
        "style_lpips": 0.7254471759001414,
        "content_lpips": 0.37910588466666667,
        "clip_content": 0.8733039483333334,
        "fid_style": null,
        "art_fid": null,
        "fid_baseline": null,
        "delta_fid": null,
        "delta_fid_ratio": null,
        "classifier_acc": null
      }
    },
    "vangogh": {
      "photo": {
        "count": 30,
        "clip_dir": 0.42131931285063423,
        "clip_style": 0.6732713301976522,
        "style_lpips": 0.7611372292041778,
        "content_lpips": 0.415551938,
        "clip_content": 0.8617282206666668,
        "fid_style": null,
        "art_fid": null,
        "fid_baseline": null,
        "delta_fid": null,
        "delta_fid_ratio": null,