{
  "checkpoint": "../full_300_gridfix_v2/epoch_0150.pt",
  "timestamp": "2026-02-12 10:01:08",
  "matrix_breakdown": {
    "photo": {
      "photo": {
        "count": 30,
        "clip_style": 0.6282969256242116,
        "style_lpips": 0.742794011036555,
        "content_lpips": 0.32907390866666675,
        "clip_content": 0.859347707,
        "classifier_acc": 0.9666666666666667
      },
      "Hayao": {
        "count": 30,
        "clip_style": 0.5196013361215591,
        "style_lpips": 0.766320013999939,
        "content_lpips": 0.3688608756666667,
        "clip_content": 0.8278734400000001,
        "classifier_acc": 0.13333333333333333
      }
    },
    "Hayao": {
      "photo": {
        "count": 30,
        "clip_style": 0.42026608884334565,
        "style_lpips": 0.789904369910558,
        "content_lpips": 0.2796060533333333,
        "clip_content": 0.9243191013333333,
        "classifier_acc": 0.13333333333333333
      },
      "Hayao": {
        "count": 30,
        "clip_style": 0.7217767079671223,
        "style_lpips": 0.7238176504770915,
        "content_lpips": 0.23997947433333333,
        "clip_content": 0.9259863886666666,
        "classifier_acc": 1.0
      }
    }
  },
  "analysis": {
    "style_transfer_ability": {
      "clip_style": 0.4699337124824524,
      "content_lpips": 0.3242334645,
      "classifier_acc": 0.13333333333333333
    },
    "photo_to_art_performance": {
      "clip_style": 0.5196013361215591,
      "valid": true,
      "classifier_acc": 0.13333333333333333
    }
  },
  "classification_report": {
    "Hayao": {
      "precision": 0.5573770491803278,
      "recall": 0.5666666666666667,
      "f1-score": 0.5619834710743802,
      "support": 60.0
    },
    "photo": {
      "precision": 0.559322033898305,
      "recall": 0.55,
      "f1-score": 0.5546218487394958,
      "support": 60.0
    },
    "accuracy": 0.5583333333333333,
    "macro avg": {
      "precision": 0.5583495415393165,
      "recall": 0.5583333333333333,
      "f1-score": 0.5583026599069381,
      "support": 120.0
    },
    "weighted avg": {
      "precision": 0.5583495415393164,
      "recall": 0.5583333333333333,
      "f1-score": 0.558302659906938,
      "support": 120.0
    }
  },
  "detailed_style_metrics": {
    "Hayao": {
      "precision": 0.5573770491803278,
      "recall": 0.5666666666666667,
      "f1_score": 0.5619834710743802,
      "support": 60
    },
    "photo": {
      "precision": 0.559322033898305,
      "recall": 0.55,
      "f1_score": 0.5546218487394958,
      "support": 60
    }
  }
}