{
  "checkpoint": "../overfit50-upscale-balance-v2/epoch_0080.pt",
  "timestamp": "2026-02-09 18:59:08",
  "matrix_breakdown": {
    "photo": {
      "photo": {
        "count": 50,
        "clip_style": 0.6224261444807052,
        "style_lpips": 0.7522900927066803,
        "content_lpips": 0.34334457240000005,
        "clip_content": 0.8393166112,
        "classifier_acc": 0.94
      },
      "Hayao": {
        "count": 50,
        "clip_style": 0.525901649594307,
        "style_lpips": 0.7825581169128418,
        "content_lpips": 0.3768238786,
        "clip_content": 0.8032680472000001,
        "classifier_acc": 0.08
      }
    },
    "Hayao": {
      "photo": {
        "count": 50,
        "clip_style": 0.42629331290721895,
        "style_lpips": 0.7873433351516723,
        "content_lpips": 0.3002921722,
        "clip_content": 0.8741022098000001,
        "classifier_acc": 0.24
      },
      "Hayao": {
        "count": 50,
        "clip_style": 0.7096248376369476,
        "style_lpips": 0.7287711441516876,
        "content_lpips": 0.26052053399999997,
        "clip_content": 0.890938116,
        "classifier_acc": 0.92
      }
    }
  },
  "analysis": {
    "style_transfer_ability": {
      "clip_style": 0.47609748125076295,
      "content_lpips": 0.3385580254,
      "classifier_acc": 0.16
    },
    "photo_to_art_performance": {
      "clip_style": 0.525901649594307,
      "valid": true,
      "classifier_acc": 0.08
    }
  },
  "classification_report": {
    "Hayao": {
      "precision": 0.5494505494505495,
      "recall": 0.5,
      "f1-score": 0.5235602094240838,
      "support": 100.0
    },
    "photo": {
      "precision": 0.5412844036697247,
      "recall": 0.59,
      "f1-score": 0.5645933014354066,
      "support": 100.0
    },
    "accuracy": 0.545,
    "macro avg": {
      "precision": 0.5453674765601371,
      "recall": 0.5449999999999999,
      "f1-score": 0.5440767554297452,
      "support": 200.0
    },
    "weighted avg": {
      "precision": 0.5453674765601372,
      "recall": 0.545,
      "f1-score": 0.5440767554297452,
      "support": 200.0
    }
  },
  "detailed_style_metrics": {
    "Hayao": {
      "precision": 0.5494505494505495,
      "recall": 0.5,
      "f1_score": 0.5235602094240838,
      "support": 100
    },
    "photo": {
      "precision": 0.5412844036697247,
      "recall": 0.59,
      "f1_score": 0.5645933014354066,
      "support": 100
    }
  }
}