epoch,loss,semigroup,swd,identity,identity_ratio,delta_tv,delta_l1,output_tv,train_num_steps,train_step_size,train_style_strength,lr,data_time_sec,transfer_time_sec,fwd_loss_time_sec,backward_time_sec,optimizer_time_sec,step_overhead_time_sec,compute_time_sec,epoch_time_sec,samples_seen,samples_per_sec,compute_samples_per_sec
1,3.6697683334350586,0.0,0.18244029581546783,0.002091261325404048,0.20183634757995605,0.0,0.0025284455623477697,0.0,0.9999999403953552,0.9999999403953552,0.9999999403953552,0.0002,1.7640926999956719,0.013140999973984435,21.30399559997022,10.070909800015215,0.29187460001412546,17.62919730005524,31.679920999973547,51.07925057411194,31040,607.683152182576,979.800423114247
2,3.044496774673462,0.0,0.1441260129213333,0.01610504277050495,0.19516751170158386,0.0,0.04627561941742897,0.0,0.9999999403953552,0.9999999403953552,0.9999999403953552,0.00019998828008575777,1.7112123999759206,0.013210900018748362,15.845579199973145,3.9299993000167888,0.2533593999542063,17.90976030002639,20.042148799962888,39.66602373123169,31040,782.5336920665469,1548.7361315298426
