epoch,loss,semigroup,swd,identity,identity_ratio,delta_tv,delta_l1,output_tv,train_num_steps,train_step_size,train_style_strength,lr,data_time_sec,transfer_time_sec,fwd_loss_time_sec,backward_time_sec,optimizer_time_sec,step_overhead_time_sec,compute_time_sec,epoch_time_sec,samples_seen,samples_per_sec,compute_samples_per_sec
1,3.639766216278076,0.0,0.1813001036643982,0.0013730517821386456,0.20198051631450653,0.0,0.0016806046478450298,0.0,1.0,1.0,1.0,0.0002,1.7631086999899708,0.010560599948803429,22.584953300050984,9.601225999984308,0.25180940001882846,19.036989599990193,32.448549300002924,53.25325155258179,30800,578.3684395231408,949.1949767996939
2,3.335359573364258,0.0,0.16039754450321198,0.012687114998698235,0.19493506848812103,0.0,0.026881488040089607,0.0,1.0,1.0,1.0,0.0002,1.7744130999708432,0.011545200002728961,16.478962300010608,3.6541881999582984,0.2114859000139404,19.115320600030827,20.356181599985575,41.24926280975342,30800,746.680010793243,1513.05390201578
3,2.3008854389190674,0.0,0.10513092577457428,0.019655214622616768,0.2022077441215515,0.0,0.0857214704155922,0.0,1.0,1.0,1.0,0.00019996484098024626,1.7437672999731149,0.011321799982397351,16.361510199967597,3.6580600000015693,0.20623650000197813,19.079089800019574,20.237128499953542,41.06410598754883,30800,750.04676856569,1521.9550540517992
4,1.6718734502792358,0.0,0.07479453086853027,0.017348887398838997,0.19662334024906158,0.0,0.12469424307346344,0.0,1.0,1.0,1.0,0.00019990625225291598,1.7517588999980944,0.011822899978142232,16.303980500029866,3.6141749000089476,0.21191440000984585,18.97932029997901,20.1418927000268,40.87624263763428,30800,753.4939126631664,1529.1512301601635
5,1.579513430595398,0.0,0.07253299653530121,0.012621724978089333,0.199058398604393,0.0,0.13181352615356445,0.0,1.0,1.0,1.0,0.00019982424827390093,1.7672079999392736,0.010784800018882379,16.25120540001808,3.6117952999920817,0.20527590001438512,18.86086949993478,20.07906140004343,40.710209369659424,30800,756.5669761196236,1533.9362426539212
6,1.515170931816101,0.0,0.07067791372537613,0.009889750741422176,0.20058439671993256,0.0,0.13575826585292816,0.0,1.0,1.0,1.0,0.0001997188492764559,1.7536466000092332,0.012100299980374984,16.232701500019175,3.6313556999884895,0.19615730000077747,18.905578700010665,20.072314799988817,40.73579263687134,30800,756.0918299677784,1534.45182117297
