{
  "checkpoint": "I:\\Github\\Latent_Style\\Cycle-NCE\\experiments\\20260223-micro5style-bs384\\runs\\exp01-phase1_60e-capacity_floor_bd32_lc32_sd128\\artifacts\\epoch_0040.pt",
  "timestamp": "2026-02-24 01:52:04",
  "metrics_note": {
    "clip_dir": "cos( CLIP(gen)-CLIP(src), CLIP(target_style_proto)-CLIP(src) ) - Measures edit direction.",
    "clip_style": "cos( CLIP(gen), CLIP(target_style_proto) ) - Measures absolute style similarity.",
    "art_fid": "computed as (1 + fid_style) * (1 + content_lpips)"
  },
  "matrix_breakdown": {
    "photo": {
      "photo": {
        "count": 50,
        "clip_dir": 0.3271420219540596,
        "clip_style": 0.7916468942165374,
        "style_lpips": 0.751114456653595,
        "content_lpips": 0.2986716456,
        "clip_content": 0.8970957058000001,
        "fid_style": null,
        "art_fid": null,
        "classifier_acc": null
      },
      "Hayao": {
        "count": 50,
        "clip_dir": 0.4744653964042664,
        "clip_style": 0.6041905236244202,
        "style_lpips": 0.7602550375461579,
        "content_lpips": 0.37010311539999996,
        "clip_content": 0.8489416699999999,
        "fid_style": null,
        "art_fid": null,
        "classifier_acc": null
      },
      "monet": {
        "count": 50,
        "clip_dir": 0.2796554344892502,
        "clip_style": 0.5956127119064331,
        "style_lpips": 0.7494001448154449,
        "content_lpips": 0.3143290748,
        "clip_content": 0.8925601420000001,
        "fid_style": null,
        "art_fid": null,
        "classifier_acc": null
      },
      "vangogh": {
        "count": 50,
        "clip_dir": 0.4130727642774582,
        "clip_style": 0.6389118421077729,
        "style_lpips": 0.782362984418869,
        "content_lpips": 0.42982102899999997,
        "clip_content": 0.86211894,
        "fid_style": null,
        "art_fid": null,
        "classifier_acc": null
      },
      "cezanne": {
        "count": 50,
        "clip_dir": 0.327412882745266,
        "clip_style": 0.5802859485149383,
        "style_lpips": 0.758092737197876,
        "content_lpips": 0.31142109139999996,
        "clip_content": 0.880774377,
        "fid_style": null,
        "art_fid": null,
        "classifier_acc": null
      }
    },
    "Hayao": {
      "photo": {
        "count": 50,
        "clip_dir": 0.15918918058276177,
        "clip_style": 0.510181233882904,
        "style_lpips": 0.7918384170532227,
        "content_lpips": 0.23669639599999998,
        "clip_content": 0.9378193580000002,
        "fid_style": null,
        "art_fid": null,
        "classifier_acc": null
      },
      "Hayao": {
        "count": 50,
        "clip_dir": 0.2689794018864632,
        "clip_style": 0.8472950863838196,
        "style_lpips": 0.7284823334217072,
        "content_lpips": 0.19767958319999998,
        "clip_content": 0.9448994528,
        "fid_style": null,
        "art_fid": null,
        "classifier_acc": null
      },
      "monet": {
        "count": 50,
        "clip_dir": 0.16000495847314597,
        "clip_style": 0.4489386236667633,
        "style_lpips": 0.7748947620391846,
        "content_lpips": 0.26231435940000003,
        "clip_content": 0.9295307552,
        "fid_style": null,
        "art_fid": null,
        "classifier_acc": null
      },
      "vangogh": {
        "count": 50,
        "clip_dir": 0.24373858585953712,
        "clip_style": 0.5467922407388687,
        "style_lpips": 0.8227959477901459,
        "content_lpips": 0.32408391019999994,
        "clip_content": 0.9294239371999999,
        "fid_style": null,
        "art_fid": null,
        "classifier_acc": null
      },
      "cezanne": {
        "count": 50,
        "clip_dir": 0.15506508311256767,
        "clip_style": 0.49244761109352114,
        "style_lpips": 0.7646364033222198,
        "content_lpips": 0.2046291088,
        "clip_content": 0.9398516288,
        "fid_style": null,
        "art_fid": null,
        "classifier_acc": null
      }
    },
    "monet": {
      "photo": {
        "count": 50,
        "clip_dir": 0.4464253142476082,
        "clip_style": 0.7013108336925507,
        "style_lpips": 0.754081186056137,
        "content_lpips": 0.3877775489999999,
        "clip_content": 0.8783829568,
        "fid_style": null,
        "art_fid": null,
        "classifier_acc": null
      },
      "Hayao": {
        "count": 50,
        "clip_dir": 0.5007317477464676,
        "clip_style": 0.6032885468006134,
        "style_lpips": 0.7482061243057251,
        "content_lpips": 0.42700888299999995,
        "clip_content": 0.8640993268,
        "fid_style": null,
        "art_fid": null,
        "classifier_acc": null
      },
      "monet": {
        "count": 50,
        "clip_dir": 0.2836994060873985,
        "clip_style": 0.8333294224739075,
        "style_lpips": 0.7116049385070801,
        "content_lpips": 0.3394785052,
        "clip_content": 0.9024965229999999,
        "fid_style": null,
        "art_fid": null,
        "classifier_acc": null
      },
      "vangogh": {
        "count": 50,
        "clip_dir": 0.3828560349345207,
        "clip_style": 0.8045825040340424,
        "style_lpips": 0.7533047080039978,
        "content_lpips": 0.4077607766,
        "clip_content": 0.8826715528,
        "fid_style": null,
        "art_fid": null,
        "classifier_acc": null
      },
      "cezanne": {
        "count": 50,
        "clip_dir": 0.3090391045808792,
        "clip_style": 0.7882894408702851,
        "style_lpips": 0.7337515425682067,
        "content_lpips": 0.3455868676,
        "clip_content": 0.9004862042,
        "fid_style": null,
        "art_fid": null,
        "classifier_acc": null
      }
    },
    "vangogh": {
      "photo": {
        "count": 50,
        "clip_dir": 0.41925586372613904,
        "clip_style": 0.6698376131057739,
        "style_lpips": 0.7655902481079102,
        "content_lpips": 0.4006844864000001,
        "clip_content": 0.8654989372000002,
        "fid_style": null,
        "art_fid": null,
        "classifier_acc": null
      },
      "Hayao": {
        "count": 50,
        "clip_dir": 0.48424189269542695,
        "clip_style": 0.6420142018795013,
        "style_lpips": 0.7460765242576599,
        "content_lpips": 0.3901159638000001,
        "clip_content": 0.8467234952,
        "fid_style": null,
        "art_fid": null,
        "classifier_acc": null
      },
      "monet": {
        "count": 50,
        "clip_dir": 0.26580703556537627,
        "clip_style": 0.7599636960029602,
        "style_lpips": 0.7441072881221771,
        "content_lpips": 0.32312503840000006,
        "clip_content": 0.88996495,
        "fid_style": null,
        "art_fid": null,
        "classifier_acc": null
      },
      "vangogh": {
        "count": 50,
        "clip_dir": 0.25219863079488275,
        "clip_style": 0.8021731889247894,
        "style_lpips": 0.7400508713722229,
        "content_lpips": 0.33609205119999996,
        "clip_content": 0.8861249228000001,
        "fid_style": null,
        "art_fid": null,
        "classifier_acc": null
      },
      "cezanne": {
        "count": 50,
        "clip_dir": 0.27473741471767427,
        "clip_style": 0.7766472959518432,
        "style_lpips": 0.7397244763374329,
        "content_lpips": 0.3285395642,
        "clip_content": 0.8879747603999999,
        "fid_style": null,
        "art_fid": null,
        "classifier_acc": null
      }
    },
    "cezanne": {
      "photo": {
        "count": 50,
        "clip_dir": 0.3963105493783951,
        "clip_style": 0.6279955059289932,
        "style_lpips": 0.7607044088840484,
        "content_lpips": 0.38015146959999996,
        "clip_content": 0.8727628982,
        "fid_style": null,
        "art_fid": null,
        "classifier_acc": null
      },
      "Hayao": {
        "count": 50,
        "clip_dir": 0.46020950853824616,
        "clip_style": 0.6012830132246018,
        "style_lpips": 0.7402294898033142,
        "content_lpips": 0.3502038509999999,