src_style,tgt_style,src_image,gen_image,content_lpips,clip_dir,clip_style,clip_content
Early_Renaissance,Early_Renaissance,Early_Renaissance__fra-angelico_saint-cosmas-and-saint-damian-before-lisius-1440.jpg,images/Early_Renaissance_Early_Renaissance__fra-angelico_saint-cosmas-and-saint-damian-before-lisius-1440_to_Early_Renaissance.png,0.48501045,0.0,0.768563985824585,0.0
Early_Renaissance,Early_Renaissance,Early_Renaissance__domenico-veneziano_not-detected-269819.jpg,images/Early_Renaissance_Early_Renaissance__domenico-veneziano_not-detected-269819_to_Early_Renaissance.png,0.47581595,0.0,0.7295095324516296,0.0
Early_Renaissance,Early_Renaissance,Early_Renaissance__carlo-crivelli_saint-thomas-aquinas-1476.jpg,images/Early_Renaissance_Early_Renaissance__carlo-crivelli_saint-thomas-aquinas-1476_to_Early_Renaissance.png,0.44620132,0.0,0.7665631771087646,0.0
Early_Renaissance,Early_Renaissance,Early_Renaissance__pietro-perugino_giovanni-colombini.jpg,images/Early_Renaissance_Early_Renaissance__pietro-perugino_giovanni-colombini_to_Early_Renaissance.png,0.49874374,0.0,0.773745596408844,0.0
Early_Renaissance,Impressionism,Early_Renaissance__fra-angelico_saint-cosmas-and-saint-damian-before-lisius-1440.jpg,images/Early_Renaissance_Early_Renaissance__fra-angelico_saint-cosmas-and-saint-damian-before-lisius-1440_to_Impressionism.png,0.49647728,0.0,0.7900428175926208,0.0
Early_Renaissance,Impressionism,Early_Renaissance__domenico-veneziano_not-detected-269819.jpg,images/Early_Renaissance_Early_Renaissance__domenico-veneziano_not-detected-269819_to_Impressionism.png,0.4639762,0.0,0.8235642313957214,0.0
Early_Renaissance,Impressionism,Early_Renaissance__carlo-crivelli_saint-thomas-aquinas-1476.jpg,images/Early_Renaissance_Early_Renaissance__carlo-crivelli_saint-thomas-aquinas-1476_to_Impressionism.png,0.4364401,0.0,0.626034140586853,0.0
Early_Renaissance,Impressionism,Early_Renaissance__pietro-perugino_giovanni-colombini.jpg,images/Early_Renaissance_Early_Renaissance__pietro-perugino_giovanni-colombini_to_Impressionism.png,0.4941559,0.0,0.801590085029602,0.0
Early_Renaissance,Minimalism,Early_Renaissance__fra-angelico_saint-cosmas-and-saint-damian-before-lisius-1440.jpg,images/Early_Renaissance_Early_Renaissance__fra-angelico_saint-cosmas-and-saint-damian-before-lisius-1440_to_Minimalism.png,0.49392495,0.0,0.6935092210769653,0.0
Early_Renaissance,Minimalism,Early_Renaissance__domenico-veneziano_not-detected-269819.jpg,images/Early_Renaissance_Early_Renaissance__domenico-veneziano_not-detected-269819_to_Minimalism.png,0.49952975,0.0,0.8597790598869324,0.0
Early_Renaissance,Minimalism,Early_Renaissance__carlo-crivelli_saint-thomas-aquinas-1476.jpg,images/Early_Renaissance_Early_Renaissance__carlo-crivelli_saint-thomas-aquinas-1476_to_Minimalism.png,0.40853202,0.0,0.6233268976211548,0.0
Early_Renaissance,Minimalism,Early_Renaissance__pietro-perugino_giovanni-colombini.jpg,images/Early_Renaissance_Early_Renaissance__pietro-perugino_giovanni-colombini_to_Minimalism.png,0.47899818,0.0,0.7173569202423096,0.0
Early_Renaissance,Rococo,Early_Renaissance__fra-angelico_saint-cosmas-and-saint-damian-before-lisius-1440.jpg,images/Early_Renaissance_Early_Renaissance__fra-angelico_saint-cosmas-and-saint-damian-before-lisius-1440_to_Rococo.png,0.5213746,0.0,0.6455228328704834,0.0
Early_Renaissance,Rococo,Early_Renaissance__domenico-veneziano_not-detected-269819.jpg,images/Early_Renaissance_Early_Renaissance__domenico-veneziano_not-detected-269819_to_Rococo.png,0.541785,0.0,0.6403369903564453,0.0
Early_Renaissance,Rococo,Early_Renaissance__carlo-crivelli_saint-thomas-aquinas-1476.jpg,images/Early_Renaissance_Early_Renaissance__carlo-crivelli_saint-thomas-aquinas-1476_to_Rococo.png,0.5056455,0.0,0.6483628749847412,0.0
Early_Renaissance,Rococo,Early_Renaissance__pietro-perugino_giovanni-colombini.jpg,images/Early_Renaissance_Early_Renaissance__pietro-perugino_giovanni-colombini_to_Rococo.png,0.5513763,0.0,0.6309727430343628,0.0
Early_Renaissance,Ukiyo_e,Early_Renaissance__fra-angelico_saint-cosmas-and-saint-damian-before-lisius-1440.jpg,images/Early_Renaissance_Early_Renaissance__fra-angelico_saint-cosmas-and-saint-damian-before-lisius-1440_to_Ukiyo_e.png,0.47279096,0.0,0.6759907007217407,0.0
Early_Renaissance,Ukiyo_e,Early_Renaissance__domenico-veneziano_not-detected-269819.jpg,images/Early_Renaissance_Early_Renaissance__domenico-veneziano_not-detected-269819_to_Ukiyo_e.png,0.45241052,0.0,0.7324992418289185,0.0
Early_Renaissance,Ukiyo_e,Early_Renaissance__carlo-crivelli_saint-thomas-aquinas-1476.jpg,images/Early_Renaissance_Early_Renaissance__carlo-crivelli_saint-thomas-aquinas-1476_to_Ukiyo_e.png,0.42660615,0.0,0.6170521974563599,0.0
Early_Renaissance,Ukiyo_e,Early_Renaissance__pietro-perugino_giovanni-colombini.jpg,images/Early_Renaissance_Early_Renaissance__pietro-perugino_giovanni-colombini_to_Ukiyo_e.png,0.49534577,0.0,0.7539242506027222,0.0
Early_Renaissance,Early_Renaissance,Early_Renaissance__leonardo-da-vinci_studies-of-a-bewalking.jpg,images/Early_Renaissance_Early_Renaissance__leonardo-da-vinci_studies-of-a-bewalking_to_Early_Renaissance.png,0.45834148,0.0,0.752544105052948,0.0
Early_Renaissance,Early_Renaissance,Early_Renaissance__benozzo-gozzoli_madonna-and-child-1485.jpg,images/Early_Renaissance_Early_Renaissance__benozzo-gozzoli_madonna-and-child-1485_to_Early_Renaissance.png,0.49583954,0.0,0.7801172137260437,0.0
Early_Renaissance,Early_Renaissance,Early_Renaissance__bartolome-bermejo_death-of-the-virgin-1462.jpg,images/Early_Renaissance_Early_Renaissance__bartolome-bermejo_death-of-the-virgin-1462_to_Early_Renaissance.png,0.5257127,0.0,0.7641390562057495,0.0
Early_Renaissance,Early_Renaissance,Early_Renaissance__domenico-ghirlandaio_st-stephen-st-jacobo-st-peter.jpg,images/Early_Renaissance_Early_Renaissance__domenico-ghirlandaio_st-stephen-st-jacobo-st-peter_to_Early_Renaissance.png,0.47477296,0.0,0.7841479778289795,0.0
Early_Renaissance,Impressionism,Early_Renaissance__leonardo-da-vinci_studies-of-a-bewalking.jpg,images/Early_Renaissance_Early_Renaissance__leonardo-da-vinci_studies-of-a-bewalking_to_Impressionism.png,0.45215777,0.0,0.7412788271903992,0.0
Early_Renaissance,Impressionism,Early_Renaissance__benozzo-gozzoli_madonna-and-child-1485.jpg,images/Early_Renaissance_Early_Renaissance__benozzo-gozzoli_madonna-and-child-1485_to_Impressionism.png,0.50963354,0.0,0.6582733988761902,0.0
Early_Renaissance,Impressionism,Early_Renaissance__bartolome-bermejo_death-of-the-virgin-1462.jpg,images/Early_Renaissance_Early_Renaissance__bartolome-bermejo_death-of-the-virgin-1462_to_Impressionism.png,0.5402682,0.0,0.7472128868103027,0.0
Early_Renaissance,Impressionism,Early_Renaissance__domenico-ghirlandaio_st-stephen-st-jacobo-st-peter.jpg,images/Early_Renaissance_Early_Renaissance__domenico-ghirlandaio_st-stephen-st-jacobo-st-peter_to_Impressionism.png,0.48773968,0.0,0.7237744331359863,0.0
Early_Renaissance,Minimalism,Early_Renaissance__leonardo-da-vinci_studies-of-a-bewalking.jpg,images/Early_Renaissance_Early_Renaissance__leonardo-da-vinci_studies-of-a-bewalking_to_Minimalism.png,0.44342268,0.0,0.7329732179641724,0.0
Early_Renaissance,Minimalism,Early_Renaissance__benozzo-gozzoli_madonna-and-child-1485.jpg,images/Early_Renaissance_Early_Renaissance__benozzo-gozzoli_madonna-and-child-1485_to_Minimalism.png,0.45591044,0.0,0.6621168255805969,0.0
Early_Renaissance,Minimalism,Early_Renaissance__bartolome-bermejo_death-of-the-virgin-1462.jpg,images/Early_Renaissance_Early_Renaissance__bartolome-bermejo_death-of-the-virgin-1462_to_Minimalism.png,0.5472201,0.0,0.709476113319397,0.0
Early_Renaissance,Minimalism,Early_Renaissance__domenico-ghirlandaio_st-stephen-st-jacobo-st-peter.jpg,images/Early_Renaissance_Early_Renaissance__domenico-ghirlandaio_st-stephen-st-jacobo-st-peter_to_Minimalism.png,0.46366528,0.0,0.7003626823425293,0.0
Early_Renaissance,Rococo,Early_Renaissance__leonardo-da-vinci_studies-of-a-bewalking.jpg,images/Early_Renaissance_Early_Renaissance__leonardo-da-vinci_studies-of-a-bewalking_to_Rococo.png,0.57868737,0.0,0.6128754019737244,0.0
Early_Renaissance,Rococo,Early_Renaissance__benozzo-gozzoli_madonna-and-child-1485.jpg,images/Early_Renaissance_Early_Renaissance__benozzo-gozzoli_madonna-and-child-1485_to_Rococo.png,0.5234206,0.0,0.6522937417030334,0.0
Early_Renaissance,Rococo,Early_Renaissance__bartolome-bermejo_death-of-the-virgin-1462.jpg,images/Early_Renaissance_Early_Renaissance__bartolome-bermejo_death-of-the-virgin-1462_to_Rococo.png,0.5073562,0.0,0.630530834197998,0.0
Early_Renaissance,Rococo,Early_Renaissance__domenico-ghirlandaio_st-stephen-st-jacobo-st-peter.jpg,images/Early_Renaissance_Early_Renaissance__domenico-ghirlandaio_st-stephen-st-jacobo-st-peter_to_Rococo.png,0.5074311,0.0,0.6881567239761353,0.0
Early_Renaissance,Ukiyo_e,Early_Renaissance__leonardo-da-vinci_studies-of-a-bewalking.jpg,images/Early_Renaissance_Early_Renaissance__leonardo-da-vinci_studies-of-a-bewalking_to_Ukiyo_e.png,0.44002768,0.0,0.7338685393333435,0.0
Early_Renaissance,Ukiyo_e,Early_Renaissance__benozzo-gozzoli_madonna-and-child-1485.jpg,images/Early_Renaissance_Early_Renaissance__benozzo-gozzoli_madonna-and-child-1485_to_Ukiyo_e.png,0.49516904,0.0,0.6706262826919556,0.0
Early_Renaissance,Ukiyo_e,Early_Renaissance__bartolome-bermejo_death-of-the-virgin-1462.jpg,images/Early_Renaissance_Early_Renaissance__bartolome-bermejo_death-of-the-virgin-1462_to_Ukiyo_e.png,0.54202086,0.0,0.7605922222137451,0.0
Early_Renaissance,Ukiyo_e,Early_Renaissance__domenico-ghirlandaio_st-stephen-st-jacobo-st-peter.jpg,images/Early_Renaissance_Early_Renaissance__domenico-ghirlandaio_st-stephen-st-jacobo-st-peter_to_Ukiyo_e.png,0.4660621,0.0,0.6634872555732727,0.0
Early_Renaissance,Early_Renaissance,Early_Renaissance__domenico-ghirlandaio_st-jerome.jpg,images/Early_Renaissance_Early_Renaissance__domenico-ghirlandaio_st-jerome_to_Early_Renaissance.png,0.49275562,0.0,0.7345868349075317,0.0
Early_Renaissance,Early_Renaissance,Early_Renaissance__filippo-lippi_adoration-of-the-magi-detail-2.jpg,images/Early_Renaissance_Early_Renaissance__filippo-lippi_adoration-of-the-magi-detail-2_to_Early_Renaissance.png,0.5076405,0.0,0.7033456563949585,0.0
Early_Renaissance,Early_Renaissance,Early_Renaissance__carlo-crivelli_piet-1.jpg,images/Early_Renaissance_Early_Renaissance__carlo-crivelli_piet-1_to_Early_Renaissance.png,0.4888742,0.0,0.6945725679397583,0.0
Early_Renaissance,Early_Renaissance,Early_Renaissance__piero-della-francesca_portrait-of-a-boy.jpg,images/Early_Renaissance_Early_Renaissance__piero-della-francesca_portrait-of-a-boy_to_Early_Renaissance.png,0.4990471,0.0,0.6760988235473633,0.0
Early_Renaissance,Impressionism,Early_Renaissance__domenico-ghirlandaio_st-jerome.jpg,images/Early_Renaissance_Early_Renaissance__domenico-ghirlandaio_st-jerome_to_Impressionism.png,0.4915364,0.0,0.7421669960021973,0.0
Early_Renaissance,Impressionism,Early_Renaissance__filippo-lippi_adoration-of-the-magi-detail-2.jpg,images/Early_Renaissance_Early_Renaissance__filippo-lippi_adoration-of-the-magi-detail-2_to_Impressionism.png,0.5072181,0.0,0.6881179213523865,0.0
Early_Renaissance,Impressionism,Early_Renaissance__carlo-crivelli_piet-1.jpg,images/Early_Renaissance_Early_Renaissance__carlo-crivelli_piet-1_to_Impressionism.png,0.47725245,0.0,0.6214451789855957,0.0
Early_Renaissance,Impressionism,Early_Renaissance__piero-della-francesca_portrait-of-a-boy.jpg,images/Early_Renaissance_Early_Renaissance__piero-della-francesca_portrait-of-a-boy_to_Impressionism.png,0.50846183,0.0,0.6435887813568115,0.0
Early_Renaissance,Minimalism,Early_Renaissance__domenico-ghirlandaio_st-jerome.jpg,images/Early_Renaissance_Early_Renaissance__domenico-ghirlandaio_st-jerome_to_Minimalism.png,0.49718413,0.0,0.7711886167526245,0.0
Early_Renaissance,Minimalism,Early_Renaissance__filippo-lippi_adoration-of-the-magi-detail-2.jpg,images/Early_Renaissance_Early_Renaissance__filippo-lippi_adoration-of-the-magi-detail-2_to_Minimalism.png,0.51323456,0.0,0.7603132128715515,0.0
Early_Renaissance,Minimalism,Early_Renaissance__carlo-crivelli_piet-1.jpg,images/Early_Renaissance_Early_Renaissance__carlo-crivelli_piet-1_to_Minimalism.png,0.3536915,0.0,0.7432908415794373,0.0
Early_Renaissance,Minimalism,Early_Renaissance__piero-della-francesca_portrait-of-a-boy.jpg,images/Early_Renaissance_Early_Renaissance__piero-della-francesca_portrait-of-a-boy_to_Minimalism.png,0.47913986,0.0,0.6900107264518738,0.0
Early_Renaissance,Rococo,Early_Renaissance__domenico-ghirlandaio_st-jerome.jpg,images/Early_Renaissance_Early_Renaissance__domenico-ghirlandaio_st-jerome_to_Rococo.png,0.5554483,0.0,0.6357222199440002,0.0
Early_Renaissance,Rococo,Early_Renaissance__filippo-lippi_adoration-of-the-magi-detail-2.jpg,images/Early_Renaissance_Early_Renaissance__filippo-lippi_adoration-of-the-magi-detail-2_to_Rococo.png,0.48635992,0.0,0.5875636339187622,0.0
Early_Renaissance,Rococo,Early_Renaissance__carlo-crivelli_piet-1.jpg,images/Early_Renaissance_Early_Renaissance__carlo-crivelli_piet-1_to_Rococo.png,0.5082461,0.0,0.6011926531791687,0.0
Early_Renaissance,Rococo,Early_Renaissance__piero-della-francesca_portrait-of-a-boy.jpg,images/Early_Renaissance_Early_Renaissance__piero-della-francesca_portrait-of-a-boy_to_Rococo.png,0.45794612,0.0,0.5993859767913818,0.0
Early_Renaissance,Ukiyo_e,Early_Renaissance__domenico-ghirlandaio_st-jerome.jpg,images/Early_Renaissance_Early_Renaissance__domenico-ghirlandaio_st-jerome_to_Ukiyo_e.png,0.47871473,0.0,0.6969427466392517,0.0
Early_Renaissance,Ukiyo_e,Early_Renaissance__filippo-lippi_adoration-of-the-magi-detail-2.jpg,images/Early_Renaissance_Early_Renaissance__filippo-lippi_adoration-of-the-magi-detail-2_to_Ukiyo_e.png,0.5122269,0.0,0.6694074869155884,0.0
Early_Renaissance,Ukiyo_e,Early_Renaissance__carlo-crivelli_piet-1.jpg,images/Early_Renaissance_Early_Renaissance__carlo-crivelli_piet-1_to_Ukiyo_e.png,0.4583152,0.0,0.6215236186981201,0.0
Early_Renaissance,Ukiyo_e,Early_Renaissance__piero-della-francesca_portrait-of-a-boy.jpg,images/Early_Renaissance_Early_Renaissance__piero-della-francesca_portrait-of-a-boy_to_Ukiyo_e.png,0.518005,0.0,0.6786158680915833,0.0
Early_Renaissance,Early_Renaissance,Early_Renaissance__sandro-botticelli_trinity(1).jpg,images/Early_Renaissance_Early_Renaissance__sandro-botticelli_trinity(1)_to_Early_Renaissance.png,0.48645437,0.0,0.7962572574615479,0.0
Early_Renaissance,Early_Renaissance,Early_Renaissance__jacopo-bellini_view-of-a-fortification-of-jerusalem(1).jpg,images/Early_Renaissance_Early_Renaissance__jacopo-bellini_view-of-a-fortification-of-jerusalem(1)_to_Early_Renaissance.png,0.39061382,0.0,0.7333351969718933,0.0
Early_Renaissance,Early_Renaissance,Early_Renaissance__filippo-lippi_confirmation-of-the-carmelite-rule.jpg,images/Early_Renaissance_Early_Renaissance__filippo-lippi_confirmation-of-the-carmelite-rule_to_Early_Renaissance.png,0.5078597,0.0,0.7816766500473022,0.0
Early_Renaissance,Early_Renaissance,Early_Renaissance__pisanello_stork-1430.jpg,images/Early_Renaissance_Early_Renaissance__pisanello_stork-1430_to_Early_Renaissance.png,0.49776858,0.0,0.7501401901245117,0.0
Early_Renaissance,Impressionism,Early_Renaissance__sandro-botticelli_trinity(1).jpg,images/Early_Renaissance_Early_Renaissance__sandro-botticelli_trinity(1)_to_Impressionism.png,0.5005696,0.0,0.7979379892349243,0.0
Early_Renaissance,Impressionism,Early_Renaissance__jacopo-bellini_view-of-a-fortification-of-jerusalem(1).jpg,images/Early_Renaissance_Early_Renaissance__jacopo-bellini_view-of-a-fortification-of-jerusalem(1)_to_Impressionism.png,0.37722403,0.0,0.7663084268569946,0.0
Early_Renaissance,Impressionism,Early_Renaissance__filippo-lippi_confirmation-of-the-carmelite-rule.jpg,images/Early_Renaissance_Early_Renaissance__filippo-lippi_confirmation-of-the-carmelite-rule_to_Impressionism.png,0.51637137,0.0,0.7735666036605835,0.0
Early_Renaissance,Impressionism,Early_Renaissance__pisanello_stork-1430.jpg,images/Early_Renaissance_Early_Renaissance__pisanello_stork-1430_to_Impressionism.png,0.48043698,0.0,0.8393593430519104,0.0
Early_Renaissance,Minimalism,Early_Renaissance__sandro-botticelli_trinity(1).jpg,images/Early_Renaissance_Early_Renaissance__sandro-botticelli_trinity(1)_to_Minimalism.png,0.51467264,0.0,0.686835527420044,0.0
Early_Renaissance,Minimalism,Early_Renaissance__jacopo-bellini_view-of-a-fortification-of-jerusalem(1).jpg,images/Early_Renaissance_Early_Renaissance__jacopo-bellini_view-of-a-fortification-of-jerusalem(1)_to_Minimalism.png,0.34636235,0.0,0.8548740148544312,0.0
Early_Renaissance,Minimalism,Early_Renaissance__filippo-lippi_confirmation-of-the-carmelite-rule.jpg,images/Early_Renaissance_Early_Renaissance__filippo-lippi_confirmation-of-the-carmelite-rule_to_Minimalism.png,0.52886033,0.0,0.7685819864273071,0.0
Early_Renaissance,Minimalism,Early_Renaissance__pisanello_stork-1430.jpg,images/Early_Renaissance_Early_Renaissance__pisanello_stork-1430_to_Minimalism.png,0.39708012,0.0,0.7044652700424194,0.0
Early_Renaissance,Rococo,Early_Renaissance__sandro-botticelli_trinity(1).jpg,images/Early_Renaissance_Early_Renaissance__sandro-botticelli_trinity(1)_to_Rococo.png,0.50604373,0.0,0.7023501396179199,0.0
Early_Renaissance,Rococo,Early_Renaissance__jacopo-bellini_view-of-a-fortification-of-jerusalem(1).jpg,images/Early_Renaissance_Early_Renaissance__jacopo-bellini_view-of-a-fortification-of-jerusalem(1)_to_Rococo.png,0.46167153,0.0,0.6955506801605225,0.0
Early_Renaissance,Rococo,Early_Renaissance__filippo-lippi_confirmation-of-the-carmelite-rule.jpg,images/Early_Renaissance_Early_Renaissance__filippo-lippi_confirmation-of-the-carmelite-rule_to_Rococo.png,0.54515034,0.0,0.6287908554077148,0.0
Early_Renaissance,Rococo,Early_Renaissance__pisanello_stork-1430.jpg,images/Early_Renaissance_Early_Renaissance__pisanello_stork-1430_to_Rococo.png,0.5798347,0.0,0.636972963809967,0.0
Early_Renaissance,Ukiyo_e,Early_Renaissance__sandro-botticelli_trinity(1).jpg,images/Early_Renaissance_Early_Renaissance__sandro-botticelli_trinity(1)_to_Ukiyo_e.png,0.507177,0.0,0.7115980386734009,0.0
Early_Renaissance,Ukiyo_e,Early_Renaissance__jacopo-bellini_view-of-a-fortification-of-jerusalem(1).jpg,images/Early_Renaissance_Early_Renaissance__jacopo-bellini_view-of-a-fortification-of-jerusalem(1)_to_Ukiyo_e.png,0.36879477,0.0,0.7047173380851746,0.0
Early_Renaissance,Ukiyo_e,Early_Renaissance__filippo-lippi_confirmation-of-the-carmelite-rule.jpg,images/Early_Renaissance_Early_Renaissance__filippo-lippi_confirmation-of-the-carmelite-rule_to_Ukiyo_e.png,0.49886537,0.0,0.7265275716781616,0.0
Early_Renaissance,Ukiyo_e,Early_Renaissance__pisanello_stork-1430.jpg,images/Early_Renaissance_Early_Renaissance__pisanello_stork-1430_to_Ukiyo_e.png,0.47028285,0.0,0.7266409993171692,0.0
Early_Renaissance,Early_Renaissance,Early_Renaissance__andrea-mantegna_maria-with-the-sleeping-child-1455.jpg,images/Early_Renaissance_Early_Renaissance__andrea-mantegna_maria-with-the-sleeping-child-1455_to_Early_Renaissance.png,0.50318897,0.0,0.7408668994903564,0.0
Early_Renaissance,Early_Renaissance,Early_Renaissance__domenico-ghirlandaio_the-nativity-1.jpg,images/Early_Renaissance_Early_Renaissance__domenico-ghirlandaio_the-nativity-1_to_Early_Renaissance.png,0.44606632,0.0,0.8465501666069031,0.0
Early_Renaissance,Early_Renaissance,Early_Renaissance__fra-angelico_coronation-of-the-virgin-detail-1435-1.jpg,images/Early_Renaissance_Early_Renaissance__fra-angelico_coronation-of-the-virgin-detail-1435-1_to_Early_Renaissance.png,0.46894526,0.0,0.7616773843765259,0.0
Early_Renaissance,Early_Renaissance,Early_Renaissance__andrea-mantegna_scenes-from-the-life-of-st-james-1448-2.jpg,images/Early_Renaissance_Early_Renaissance__andrea-mantegna_scenes-from-the-life-of-st-james-1448-2_to_Early_Renaissance.png,0.4595991,0.0,0.7494978308677673,0.0
Early_Renaissance,Impressionism,Early_Renaissance__andrea-mantegna_maria-with-the-sleeping-child-1455.jpg,images/Early_Renaissance_Early_Renaissance__andrea-mantegna_maria-with-the-sleeping-child-1455_to_Impressionism.png,0.5258198,0.0,0.7261779308319092,0.0
Early_Renaissance,Impressionism,Early_Renaissance__domenico-ghirlandaio_the-nativity-1.jpg,images/Early_Renaissance_Early_Renaissance__domenico-ghirlandaio_the-nativity-1_to_Impressionism.png,0.45580596,0.0,0.6995812654495239,0.0
Early_Renaissance,Impressionism,Early_Renaissance__fra-angelico_coronation-of-the-virgin-detail-1435-1.jpg,images/Early_Renaissance_Early_Renaissance__fra-angelico_coronation-of-the-virgin-detail-1435-1_to_Impressionism.png,0.4564994,0.0,0.7137194871902466,0.0
Early_Renaissance,Impressionism,Early_Renaissance__andrea-mantegna_scenes-from-the-life-of-st-james-1448-2.jpg,images/Early_Renaissance_Early_Renaissance__andrea-mantegna_scenes-from-the-life-of-st-james-1448-2_to_Impressionism.png,0.4590177,0.0,0.7047253847122192,0.0
Early_Renaissance,Minimalism,Early_Renaissance__andrea-mantegna_maria-with-the-sleeping-child-1455.jpg,images/Early_Renaissance_Early_Renaissance__andrea-mantegna_maria-with-the-sleeping-child-1455_to_Minimalism.png,0.5659379,0.0,0.7010523080825806,0.0
Early_Renaissance,Minimalism,Early_Renaissance__domenico-ghirlandaio_the-nativity-1.jpg,images/Early_Renaissance_Early_Renaissance__domenico-ghirlandaio_the-nativity-1_to_Minimalism.png,0.5107796,0.0,0.7168381214141846,0.0
Early_Renaissance,Minimalism,Early_Renaissance__fra-angelico_coronation-of-the-virgin-detail-1435-1.jpg,images/Early_Renaissance_Early_Renaissance__fra-angelico_coronation-of-the-virgin-detail-1435-1_to_Minimalism.png,0.46915573,0.0,0.7026440501213074,0.0
Early_Renaissance,Minimalism,Early_Renaissance__andrea-mantegna_scenes-from-the-life-of-st-james-1448-2.jpg,images/Early_Renaissance_Early_Renaissance__andrea-mantegna_scenes-from-the-life-of-st-james-1448-2_to_Minimalism.png,0.50032675,0.0,0.7162598967552185,0.0
Early_Renaissance,Rococo,Early_Renaissance__andrea-mantegna_maria-with-the-sleeping-child-1455.jpg,images/Early_Renaissance_Early_Renaissance__andrea-mantegna_maria-with-the-sleeping-child-1455_to_Rococo.png,0.5392616,0.0,0.6678575873374939,0.0
Early_Renaissance,Rococo,Early_Renaissance__domenico-ghirlandaio_the-nativity-1.jpg,images/Early_Renaissance_Early_Renaissance__domenico-ghirlandaio_the-nativity-1_to_Rococo.png,0.5248221,0.0,0.6575043797492981,0.0
Early_Renaissance,Rococo,Early_Renaissance__fra-angelico_coronation-of-the-virgin-detail-1435-1.jpg,images/Early_Renaissance_Early_Renaissance__fra-angelico_coronation-of-the-virgin-detail-1435-1_to_Rococo.png,0.50128865,0.0,0.661761999130249,0.0
Early_Renaissance,Rococo,Early_Renaissance__andrea-mantegna_scenes-from-the-life-of-st-james-1448-2.jpg,images/Early_Renaissance_Early_Renaissance__andrea-mantegna_scenes-from-the-life-of-st-james-1448-2_to_Rococo.png,0.5079204,0.0,0.6284800171852112,0.0
Early_Renaissance,Ukiyo_e,Early_Renaissance__andrea-mantegna_maria-with-the-sleeping-child-1455.jpg,images/Early_Renaissance_Early_Renaissance__andrea-mantegna_maria-with-the-sleeping-child-1455_to_Ukiyo_e.png,0.516671,0.0,0.70183265209198,0.0
Early_Renaissance,Ukiyo_e,Early_Renaissance__domenico-ghirlandaio_the-nativity-1.jpg,images/Early_Renaissance_Early_Renaissance__domenico-ghirlandaio_the-nativity-1_to_Ukiyo_e.png,0.44787502,0.0,0.7059414386749268,0.0
Early_Renaissance,Ukiyo_e,Early_Renaissance__fra-angelico_coronation-of-the-virgin-detail-1435-1.jpg,images/Early_Renaissance_Early_Renaissance__fra-angelico_coronation-of-the-virgin-detail-1435-1_to_Ukiyo_e.png,0.46075627,0.0,0.6822593212127686,0.0
Early_Renaissance,Ukiyo_e,Early_Renaissance__andrea-mantegna_scenes-from-the-life-of-st-james-1448-2.jpg,images/Early_Renaissance_Early_Renaissance__andrea-mantegna_scenes-from-the-life-of-st-james-1448-2_to_Ukiyo_e.png,0.45241743,0.0,0.6950803995132446,0.0
Early_Renaissance,Early_Renaissance,Early_Renaissance__fra-angelico_bosco-ai-frati-altarpiece.jpg,images/Early_Renaissance_Early_Renaissance__fra-angelico_bosco-ai-frati-altarpiece_to_Early_Renaissance.png,0.4795346,0.0,0.7578924298286438,0.0
Early_Renaissance,Early_Renaissance,Early_Renaissance__sandro-botticelli_inferno-canto-xviii-1480(1).jpg,images/Early_Renaissance_Early_Renaissance__sandro-botticelli_inferno-canto-xviii-1480(1)_to_Early_Renaissance.png,0.5429883,0.0,0.7662975788116455,0.0
Early_Renaissance,Early_Renaissance,Early_Renaissance__antonello-da-messina_painter-self-portrait.jpg,images/Early_Renaissance_Early_Renaissance__antonello-da-messina_painter-self-portrait_to_Early_Renaissance.png,0.46953064,0.0,0.7399131655693054,0.0
Early_Renaissance,Early_Renaissance,Early_Renaissance__paolo-uccello_scene-adoration-of-the-three-kings-1440.jpg,images/Early_Renaissance_Early_Renaissance__paolo-uccello_scene-adoration-of-the-three-kings-1440_to_Early_Renaissance.png,0.4495409,0.0,0.8173640370368958,0.0
Early_Renaissance,Impressionism,Early_Renaissance__fra-angelico_bosco-ai-frati-altarpiece.jpg,images/Early_Renaissance_Early_Renaissance__fra-angelico_bosco-ai-frati-altarpiece_to_Impressionism.png,0.4820219,0.0,0.7371315956115723,0.0
Early_Renaissance,Impressionism,Early_Renaissance__sandro-botticelli_inferno-canto-xviii-1480(1).jpg,images/Early_Renaissance_Early_Renaissance__sandro-botticelli_inferno-canto-xviii-1480(1)_to_Impressionism.png,0.5502728,0.0,0.7083371877670288,0.0
Early_Renaissance,Impressionism,Early_Renaissance__antonello-da-messina_painter-self-portrait.jpg,images/Early_Renaissance_Early_Renaissance__antonello-da-messina_painter-self-portrait_to_Impressionism.png,0.46073726,0.0,0.641495406627655,0.0
Early_Renaissance,Impressionism,Early_Renaissance__paolo-uccello_scene-adoration-of-the-three-kings-1440.jpg,images/Early_Renaissance_Early_Renaissance__paolo-uccello_scene-adoration-of-the-three-kings-1440_to_Impressionism.png,0.46070004,0.0,0.774924635887146,0.0
Early_Renaissance,Minimalism,Early_Renaissance__fra-angelico_bosco-ai-frati-altarpiece.jpg,images/Early_Renaissance_Early_Renaissance__fra-angelico_bosco-ai-frati-altarpiece_to_Minimalism.png,0.48274574,0.0,0.6899281144142151,0.0
Early_Renaissance,Minimalism,Early_Renaissance__sandro-botticelli_inferno-canto-xviii-1480(1).jpg,images/Early_Renaissance_Early_Renaissance__sandro-botticelli_inferno-canto-xviii-1480(1)_to_Minimalism.png,0.6008831,0.0,0.7840355634689331,0.0
Early_Renaissance,Minimalism,Early_Renaissance__antonello-da-messina_painter-self-portrait.jpg,images/Early_Renaissance_Early_Renaissance__antonello-da-messina_painter-self-portrait_to_Minimalism.png,0.3991537,0.0,0.706278383731842,0.0
Early_Renaissance,Minimalism,Early_Renaissance__paolo-uccello_scene-adoration-of-the-three-kings-1440.jpg,images/Early_Renaissance_Early_Renaissance__paolo-uccello_scene-adoration-of-the-three-kings-1440_to_Minimalism.png,0.46188295,0.0,0.7563007473945618,0.0
Early_Renaissance,Rococo,Early_Renaissance__fra-angelico_bosco-ai-frati-altarpiece.jpg,images/Early_Renaissance_Early_Renaissance__fra-angelico_bosco-ai-frati-altarpiece_to_Rococo.png,0.5266961,0.0,0.6755871772766113,0.0
Early_Renaissance,Rococo,Early_Renaissance__sandro-botticelli_inferno-canto-xviii-1480(1).jpg,images/Early_Renaissance_Early_Renaissance__sandro-botticelli_inferno-canto-xviii-1480(1)_to_Rococo.png,0.52894187,0.0,0.6743676662445068,0.0
Early_Renaissance,Rococo,Early_Renaissance__antonello-da-messina_painter-self-portrait.jpg,images/Early_Renaissance_Early_Renaissance__antonello-da-messina_painter-self-portrait_to_Rococo.png,0.56422335,0.0,0.612200140953064,0.0
Early_Renaissance,Rococo,Early_Renaissance__paolo-uccello_scene-adoration-of-the-three-kings-1440.jpg,images/Early_Renaissance_Early_Renaissance__paolo-uccello_scene-adoration-of-the-three-kings-1440_to_Rococo.png,0.48293877,0.0,0.6063460111618042,0.0
Early_Renaissance,Ukiyo_e,Early_Renaissance__fra-angelico_bosco-ai-frati-altarpiece.jpg,images/Early_Renaissance_Early_Renaissance__fra-angelico_bosco-ai-frati-altarpiece_to_Ukiyo_e.png,0.46448815,0.0,0.6986259818077087,0.0
Early_Renaissance,Ukiyo_e,Early_Renaissance__sandro-botticelli_inferno-canto-xviii-1480(1).jpg,images/Early_Renaissance_Early_Renaissance__sandro-botticelli_inferno-canto-xviii-1480(1)_to_Ukiyo_e.png,0.54229283,0.0,0.7118196487426758,0.0
Early_Renaissance,Ukiyo_e,Early_Renaissance__antonello-da-messina_painter-self-portrait.jpg,images/Early_Renaissance_Early_Renaissance__antonello-da-messina_painter-self-portrait_to_Ukiyo_e.png,0.44090167,0.0,0.6280615925788879,0.0
Early_Renaissance,Ukiyo_e,Early_Renaissance__paolo-uccello_scene-adoration-of-the-three-kings-1440.jpg,images/Early_Renaissance_Early_Renaissance__paolo-uccello_scene-adoration-of-the-three-kings-1440_to_Ukiyo_e.png,0.43528557,0.0,0.7317564487457275,0.0
Early_Renaissance,Early_Renaissance,Early_Renaissance__benozzo-gozzoli_procession-of-the-magus-caspar-detail-1461-4.jpg,images/Early_Renaissance_Early_Renaissance__benozzo-gozzoli_procession-of-the-magus-caspar-detail-1461-4_to_Early_Renaissance.png,0.50716007,0.0,0.6826156377792358,0.0
Early_Renaissance,Early_Renaissance,Early_Renaissance__benozzo-gozzoli_the-school-of-tagaste-1465-1.jpg,images/Early_Renaissance_Early_Renaissance__benozzo-gozzoli_the-school-of-tagaste-1465-1_to_Early_Renaissance.png,0.5355749,0.0,0.7811471223831177,0.0
Early_Renaissance,Early_Renaissance,Early_Renaissance__leonardo-da-vinci_study-of-the-effect-of-light-on-a-profile-head-facsimile.jpg,images/Early_Renaissance_Early_Renaissance__leonardo-da-vinci_study-of-the-effect-of-light-on-a-profile-head-facsimile_to_Early_Renaissance.png,0.45017868,0.0,0.7562996745109558,0.0
Early_Renaissance,Early_Renaissance,Early_Renaissance__andrea-mantegna_adoration-of-the-magi-central-panel-from-the-altarpiece.jpg,images/Early_Renaissance_Early_Renaissance__andrea-mantegna_adoration-of-the-magi-central-panel-from-the-altarpiece_to_Early_Renaissance.png,0.48513466,0.0,0.7867541313171387,0.0
Early_Renaissance,Impressionism,Early_Renaissance__benozzo-gozzoli_procession-of-the-magus-caspar-detail-1461-4.jpg,images/Early_Renaissance_Early_Renaissance__benozzo-gozzoli_procession-of-the-magus-caspar-detail-1461-4_to_Impressionism.png,0.52144706,0.0,0.6866645812988281,0.0
Early_Renaissance,Impressionism,Early_Renaissance__benozzo-gozzoli_the-school-of-tagaste-1465-1.jpg,images/Early_Renaissance_Early_Renaissance__benozzo-gozzoli_the-school-of-tagaste-1465-1_to_Impressionism.png,0.53598255,0.0,0.783225417137146,0.0
Early_Renaissance,Impressionism,Early_Renaissance__leonardo-da-vinci_study-of-the-effect-of-light-on-a-profile-head-facsimile.jpg,images/Early_Renaissance_Early_Renaissance__leonardo-da-vinci_study-of-the-effect-of-light-on-a-profile-head-facsimile_to_Impressionism.png,0.41400015,0.0,0.6769147515296936,0.0
Early_Renaissance,Impressionism,Early_Renaissance__andrea-mantegna_adoration-of-the-magi-central-panel-from-the-altarpiece.jpg,images/Early_Renaissance_Early_Renaissance__andrea-mantegna_adoration-of-the-magi-central-panel-from-the-altarpiece_to_Impressionism.png,0.50275743,0.0,0.7941056489944458,0.0
Early_Renaissance,Minimalism,Early_Renaissance__benozzo-gozzoli_procession-of-the-magus-caspar-detail-1461-4.jpg,images/Early_Renaissance_Early_Renaissance__benozzo-gozzoli_procession-of-the-magus-caspar-detail-1461-4_to_Minimalism.png,0.5702372,0.0,0.6876225471496582,0.0
Early_Renaissance,Minimalism,Early_Renaissance__benozzo-gozzoli_the-school-of-tagaste-1465-1.jpg,images/Early_Renaissance_Early_Renaissance__benozzo-gozzoli_the-school-of-tagaste-1465-1_to_Minimalism.png,0.51413274,0.0,0.7052850723266602,0.0
Early_Renaissance,Minimalism,Early_Renaissance__leonardo-da-vinci_study-of-the-effect-of-light-on-a-profile-head-facsimile.jpg,images/Early_Renaissance_Early_Renaissance__leonardo-da-vinci_study-of-the-effect-of-light-on-a-profile-head-facsimile_to_Minimalism.png,0.33397248,0.0,0.7939192056655884,0.0
Early_Renaissance,Minimalism,Early_Renaissance__andrea-mantegna_adoration-of-the-magi-central-panel-from-the-altarpiece.jpg,images/Early_Renaissance_Early_Renaissance__andrea-mantegna_adoration-of-the-magi-central-panel-from-the-altarpiece_to_Minimalism.png,0.5284238,0.0,0.7482726573944092,0.0
Early_Renaissance,Rococo,Early_Renaissance__benozzo-gozzoli_procession-of-the-magus-caspar-detail-1461-4.jpg,images/Early_Renaissance_Early_Renaissance__benozzo-gozzoli_procession-of-the-magus-caspar-detail-1461-4_to_Rococo.png,0.5605813,0.0,0.6114248633384705,0.0
Early_Renaissance,Rococo,Early_Renaissance__benozzo-gozzoli_the-school-of-tagaste-1465-1.jpg,images/Early_Renaissance_Early_Renaissance__benozzo-gozzoli_the-school-of-tagaste-1465-1_to_Rococo.png,0.57221305,0.0,0.6566833257675171,0.0
Early_Renaissance,Rococo,Early_Renaissance__leonardo-da-vinci_study-of-the-effect-of-light-on-a-profile-head-facsimile.jpg,images/Early_Renaissance_Early_Renaissance__leonardo-da-vinci_study-of-the-effect-of-light-on-a-profile-head-facsimile_to_Rococo.png,0.60379463,0.0,0.6549355983734131,0.0
Early_Renaissance,Rococo,Early_Renaissance__andrea-mantegna_adoration-of-the-magi-central-panel-from-the-altarpiece.jpg,images/Early_Renaissance_Early_Renaissance__andrea-mantegna_adoration-of-the-magi-central-panel-from-the-altarpiece_to_Rococo.png,0.505919,0.0,0.6620166301727295,0.0
Early_Renaissance,Ukiyo_e,Early_Renaissance__benozzo-gozzoli_procession-of-the-magus-caspar-detail-1461-4.jpg,images/Early_Renaissance_Early_Renaissance__benozzo-gozzoli_procession-of-the-magus-caspar-detail-1461-4_to_Ukiyo_e.png,0.5227302,0.0,0.6547293066978455,0.0
Early_Renaissance,Ukiyo_e,Early_Renaissance__benozzo-gozzoli_the-school-of-tagaste-1465-1.jpg,images/Early_Renaissance_Early_Renaissance__benozzo-gozzoli_the-school-of-tagaste-1465-1_to_Ukiyo_e.png,0.52247804,0.0,0.7001391649246216,0.0
Early_Renaissance,Ukiyo_e,Early_Renaissance__leonardo-da-vinci_study-of-the-effect-of-light-on-a-profile-head-facsimile.jpg,images/Early_Renaissance_Early_Renaissance__leonardo-da-vinci_study-of-the-effect-of-light-on-a-profile-head-facsimile_to_Ukiyo_e.png,0.4183072,0.0,0.7247234582901001,0.0
Early_Renaissance,Ukiyo_e,Early_Renaissance__andrea-mantegna_adoration-of-the-magi-central-panel-from-the-altarpiece.jpg,images/Early_Renaissance_Early_Renaissance__andrea-mantegna_adoration-of-the-magi-central-panel-from-the-altarpiece_to_Ukiyo_e.png,0.4943868,0.0,0.7317504286766052,0.0
Early_Renaissance,Early_Renaissance,Early_Renaissance__andrea-mantegna_the-circumcision-of-christ-1464.jpg,images/Early_Renaissance_Early_Renaissance__andrea-mantegna_the-circumcision-of-christ-1464_to_Early_Renaissance.png,0.49297753,0.0,0.7353582382202148,0.0
Early_Renaissance,Early_Renaissance,Early_Renaissance__giovanni-bellini_virgin-and-child-1488.jpg,images/Early_Renaissance_Early_Renaissance__giovanni-bellini_virgin-and-child-1488_to_Early_Renaissance.png,0.4843207,0.0,0.7751389741897583,0.0
Impressionism,Early_Renaissance,Impressionism__john-singer-sargent_lake-in-the-tyrol.jpg,images/Impressionism_Impressionism__john-singer-sargent_lake-in-the-tyrol_to_Early_Renaissance.png,0.46240944,0.0,0.6344274878501892,0.0
Impressionism,Early_Renaissance,Impressionism__eugene-boudin_laundresses-on-the-banks-of-the-touques-9.jpg,images/Impressionism_Impressionism__eugene-boudin_laundresses-on-the-banks-of-the-touques-9_to_Early_Renaissance.png,0.5329219,0.0,0.7044248580932617,0.0
Early_Renaissance,Impressionism,Early_Renaissance__andrea-mantegna_the-circumcision-of-christ-1464.jpg,images/Early_Renaissance_Early_Renaissance__andrea-mantegna_the-circumcision-of-christ-1464_to_Impressionism.png,0.49885288,0.0,0.7412447929382324,0.0
Early_Renaissance,Impressionism,Early_Renaissance__giovanni-bellini_virgin-and-child-1488.jpg,images/Early_Renaissance_Early_Renaissance__giovanni-bellini_virgin-and-child-1488_to_Impressionism.png,0.48434222,0.0,0.7150760889053345,0.0
Impressionism,Impressionism,Impressionism__john-singer-sargent_lake-in-the-tyrol.jpg,images/Impressionism_Impressionism__john-singer-sargent_lake-in-the-tyrol_to_Impressionism.png,0.453759,0.0,0.8024114370346069,0.0
Impressionism,Impressionism,Impressionism__eugene-boudin_laundresses-on-the-banks-of-the-touques-9.jpg,images/Impressionism_Impressionism__eugene-boudin_laundresses-on-the-banks-of-the-touques-9_to_Impressionism.png,0.52166414,0.0,0.8617167472839355,0.0
Early_Renaissance,Minimalism,Early_Renaissance__andrea-mantegna_the-circumcision-of-christ-1464.jpg,images/Early_Renaissance_Early_Renaissance__andrea-mantegna_the-circumcision-of-christ-1464_to_Minimalism.png,0.4637636,0.0,0.7764182090759277,0.0
Early_Renaissance,Minimalism,Early_Renaissance__giovanni-bellini_virgin-and-child-1488.jpg,images/Early_Renaissance_Early_Renaissance__giovanni-bellini_virgin-and-child-1488_to_Minimalism.png,0.5027196,0.0,0.6964000463485718,0.0
Impressionism,Minimalism,Impressionism__john-singer-sargent_lake-in-the-tyrol.jpg,images/Impressionism_Impressionism__john-singer-sargent_lake-in-the-tyrol_to_Minimalism.png,0.4742719,0.0,0.7640179395675659,0.0
Impressionism,Minimalism,Impressionism__eugene-boudin_laundresses-on-the-banks-of-the-touques-9.jpg,images/Impressionism_Impressionism__eugene-boudin_laundresses-on-the-banks-of-the-touques-9_to_Minimalism.png,0.55246973,0.0,0.6903374195098877,0.0
Early_Renaissance,Rococo,Early_Renaissance__andrea-mantegna_the-circumcision-of-christ-1464.jpg,images/Early_Renaissance_Early_Renaissance__andrea-mantegna_the-circumcision-of-christ-1464_to_Rococo.png,0.54497397,0.0,0.6371246576309204,0.0
Early_Renaissance,Rococo,Early_Renaissance__giovanni-bellini_virgin-and-child-1488.jpg,images/Early_Renaissance_Early_Renaissance__giovanni-bellini_virgin-and-child-1488_to_Rococo.png,0.4837464,0.0,0.6613021492958069,0.0
Impressionism,Rococo,Impressionism__john-singer-sargent_lake-in-the-tyrol.jpg,images/Impressionism_Impressionism__john-singer-sargent_lake-in-the-tyrol_to_Rococo.png,0.5162359,0.0,0.6497113108634949,0.0
Impressionism,Rococo,Impressionism__eugene-boudin_laundresses-on-the-banks-of-the-touques-9.jpg,images/Impressionism_Impressionism__eugene-boudin_laundresses-on-the-banks-of-the-touques-9_to_Rococo.png,0.571379,0.0,0.6367735862731934,0.0
Early_Renaissance,Ukiyo_e,Early_Renaissance__andrea-mantegna_the-circumcision-of-christ-1464.jpg,images/Early_Renaissance_Early_Renaissance__andrea-mantegna_the-circumcision-of-christ-1464_to_Ukiyo_e.png,0.48585933,0.0,0.7048946022987366,0.0
Early_Renaissance,Ukiyo_e,Early_Renaissance__giovanni-bellini_virgin-and-child-1488.jpg,images/Early_Renaissance_Early_Renaissance__giovanni-bellini_virgin-and-child-1488_to_Ukiyo_e.png,0.49174294,0.0,0.6992843151092529,0.0
Impressionism,Ukiyo_e,Impressionism__john-singer-sargent_lake-in-the-tyrol.jpg,images/Impressionism_Impressionism__john-singer-sargent_lake-in-the-tyrol_to_Ukiyo_e.png,0.44324994,0.0,0.6989690065383911,0.0
Impressionism,Ukiyo_e,Impressionism__eugene-boudin_laundresses-on-the-banks-of-the-touques-9.jpg,images/Impressionism_Impressionism__eugene-boudin_laundresses-on-the-banks-of-the-touques-9_to_Ukiyo_e.png,0.516474,0.0,0.6948953866958618,0.0
Impressionism,Early_Renaissance,Impressionism__claude-monet_rouen-cathedral-the-portal-at-midday.jpg,images/Impressionism_Impressionism__claude-monet_rouen-cathedral-the-portal-at-midday_to_Early_Renaissance.png,0.50931114,0.0,0.7164195775985718,0.0
Impressionism,Early_Renaissance,Impressionism__stefan-dimitrescu_cabaret.jpg,images/Impressionism_Impressionism__stefan-dimitrescu_cabaret_to_Early_Renaissance.png,0.52358794,0.0,0.7185413837432861,0.0
Impressionism,Early_Renaissance,Impressionism__nicolae-vermont_rotterdam-port-1928.jpg,images/Impressionism_Impressionism__nicolae-vermont_rotterdam-port-1928_to_Early_Renaissance.png,0.48498708,0.0,0.6617480516433716,0.0
Impressionism,Early_Renaissance,Impressionism__childe-hassam_evening-champs-elysees-aka-pres-du-louvre.jpg,images/Impressionism_Impressionism__childe-hassam_evening-champs-elysees-aka-pres-du-louvre_to_Early_Renaissance.png,0.5085474,0.0,0.6923497319221497,0.0
Impressionism,Impressionism,Impressionism__claude-monet_rouen-cathedral-the-portal-at-midday.jpg,images/Impressionism_Impressionism__claude-monet_rouen-cathedral-the-portal-at-midday_to_Impressionism.png,0.5073973,0.0,0.777259886264801,0.0
Impressionism,Impressionism,Impressionism__stefan-dimitrescu_cabaret.jpg,images/Impressionism_Impressionism__stefan-dimitrescu_cabaret_to_Impressionism.png,0.53725743,0.0,0.8073434829711914,0.0
Impressionism,Impressionism,Impressionism__nicolae-vermont_rotterdam-port-1928.jpg,images/Impressionism_Impressionism__nicolae-vermont_rotterdam-port-1928_to_Impressionism.png,0.47593752,0.0,0.8692619204521179,0.0
Impressionism,Impressionism,Impressionism__childe-hassam_evening-champs-elysees-aka-pres-du-louvre.jpg,images/Impressionism_Impressionism__childe-hassam_evening-champs-elysees-aka-pres-du-louvre_to_Impressionism.png,0.50912905,0.0,0.8418037295341492,0.0
Impressionism,Minimalism,Impressionism__claude-monet_rouen-cathedral-the-portal-at-midday.jpg,images/Impressionism_Impressionism__claude-monet_rouen-cathedral-the-portal-at-midday_to_Minimalism.png,0.55618167,0.0,0.8433031439781189,0.0
Impressionism,Minimalism,Impressionism__stefan-dimitrescu_cabaret.jpg,images/Impressionism_Impressionism__stefan-dimitrescu_cabaret_to_Minimalism.png,0.6000929,0.0,0.7003611922264099,0.0
Impressionism,Minimalism,Impressionism__nicolae-vermont_rotterdam-port-1928.jpg,images/Impressionism_Impressionism__nicolae-vermont_rotterdam-port-1928_to_Minimalism.png,0.49538836,0.0,0.7365178465843201,0.0
Impressionism,Minimalism,Impressionism__childe-hassam_evening-champs-elysees-aka-pres-du-louvre.jpg,images/Impressionism_Impressionism__childe-hassam_evening-champs-elysees-aka-pres-du-louvre_to_Minimalism.png,0.56144124,0.0,0.7381315231323242,0.0
Impressionism,Rococo,Impressionism__claude-monet_rouen-cathedral-the-portal-at-midday.jpg,images/Impressionism_Impressionism__claude-monet_rouen-cathedral-the-portal-at-midday_to_Rococo.png,0.59399843,0.0,0.5830577611923218,0.0
Impressionism,Rococo,Impressionism__stefan-dimitrescu_cabaret.jpg,images/Impressionism_Impressionism__stefan-dimitrescu_cabaret_to_Rococo.png,0.5380703,0.0,0.5514999628067017,0.0
Impressionism,Rococo,Impressionism__nicolae-vermont_rotterdam-port-1928.jpg,images/Impressionism_Impressionism__nicolae-vermont_rotterdam-port-1928_to_Rococo.png,0.561015,0.0,0.6881987452507019,0.0
Impressionism,Rococo,Impressionism__childe-hassam_evening-champs-elysees-aka-pres-du-louvre.jpg,images/Impressionism_Impressionism__childe-hassam_evening-champs-elysees-aka-pres-du-louvre_to_Rococo.png,0.5799663,0.0,0.6609481573104858,0.0
Impressionism,Ukiyo_e,Impressionism__claude-monet_rouen-cathedral-the-portal-at-midday.jpg,images/Impressionism_Impressionism__claude-monet_rouen-cathedral-the-portal-at-midday_to_Ukiyo_e.png,0.50794876,0.0,0.6996781826019287,0.0
Impressionism,Ukiyo_e,Impressionism__stefan-dimitrescu_cabaret.jpg,images/Impressionism_Impressionism__stefan-dimitrescu_cabaret_to_Ukiyo_e.png,0.53351617,0.0,0.7545801401138306,0.0
Impressionism,Ukiyo_e,Impressionism__nicolae-vermont_rotterdam-port-1928.jpg,images/Impressionism_Impressionism__nicolae-vermont_rotterdam-port-1928_to_Ukiyo_e.png,0.46696702,0.0,0.6772637367248535,0.0
Impressionism,Ukiyo_e,Impressionism__childe-hassam_evening-champs-elysees-aka-pres-du-louvre.jpg,images/Impressionism_Impressionism__childe-hassam_evening-champs-elysees-aka-pres-du-louvre_to_Ukiyo_e.png,0.5060291,0.0,0.7165428400039673,0.0
Impressionism,Early_Renaissance,Impressionism__camille-pissarro_the-gardener-afternoon-sun-eragny-1899.jpg,images/Impressionism_Impressionism__camille-pissarro_the-gardener-afternoon-sun-eragny-1899_to_Early_Renaissance.png,0.52616584,0.0,0.6443653106689453,0.0
Impressionism,Early_Renaissance,Impressionism__edgar-degas_study-of-gentile-bellini-1855.jpg,images/Impressionism_Impressionism__edgar-degas_study-of-gentile-bellini-1855_to_Early_Renaissance.png,0.4976493,0.0,0.6866914629936218,0.0
Impressionism,Early_Renaissance,Impressionism__edgar-degas_ancer-with-red-stockings.jpg,images/Impressionism_Impressionism__edgar-degas_ancer-with-red-stockings_to_Early_Renaissance.png,0.5154629,0.0,0.6961063146591187,0.0
Impressionism,Early_Renaissance,Impressionism__eugene-boudin_the-port-ships-at-dock.jpg,images/Impressionism_Impressionism__eugene-boudin_the-port-ships-at-dock_to_Early_Renaissance.png,0.5273311,0.0,0.6826444864273071,0.0
Impressionism,Impressionism,Impressionism__camille-pissarro_the-gardener-afternoon-sun-eragny-1899.jpg,images/Impressionism_Impressionism__camille-pissarro_the-gardener-afternoon-sun-eragny-1899_to_Impressionism.png,0.5215181,0.0,0.8025668263435364,0.0
Impressionism,Impressionism,Impressionism__edgar-degas_study-of-gentile-bellini-1855.jpg,images/Impressionism_Impressionism__edgar-degas_study-of-gentile-bellini-1855_to_Impressionism.png,0.46134576,0.0,0.7153332829475403,0.0
Impressionism,Impressionism,Impressionism__edgar-degas_ancer-with-red-stockings.jpg,images/Impressionism_Impressionism__edgar-degas_ancer-with-red-stockings_to_Impressionism.png,0.5020634,0.0,0.8074509501457214,0.0
Impressionism,Impressionism,Impressionism__eugene-boudin_the-port-ships-at-dock.jpg,images/Impressionism_Impressionism__eugene-boudin_the-port-ships-at-dock_to_Impressionism.png,0.5071459,0.0,0.8067606687545776,0.0
Impressionism,Minimalism,Impressionism__camille-pissarro_the-gardener-afternoon-sun-eragny-1899.jpg,images/Impressionism_Impressionism__camille-pissarro_the-gardener-afternoon-sun-eragny-1899_to_Minimalism.png,0.5766175,0.0,0.7411749958992004,0.0
Impressionism,Minimalism,Impressionism__edgar-degas_study-of-gentile-bellini-1855.jpg,images/Impressionism_Impressionism__edgar-degas_study-of-gentile-bellini-1855_to_Minimalism.png,0.33811015,0.0,0.8022543787956238,0.0
Impressionism,Minimalism,Impressionism__edgar-degas_ancer-with-red-stockings.jpg,images/Impressionism_Impressionism__edgar-degas_ancer-with-red-stockings_to_Minimalism.png,0.44745564,0.0,0.7927154302597046,0.0
Impressionism,Minimalism,Impressionism__eugene-boudin_the-port-ships-at-dock.jpg,images/Impressionism_Impressionism__eugene-boudin_the-port-ships-at-dock_to_Minimalism.png,0.46761167,0.0,0.6784688830375671,0.0
Impressionism,Rococo,Impressionism__camille-pissarro_the-gardener-afternoon-sun-eragny-1899.jpg,images/Impressionism_Impressionism__camille-pissarro_the-gardener-afternoon-sun-eragny-1899_to_Rococo.png,0.53356004,0.0,0.6050323247909546,0.0
Impressionism,Rococo,Impressionism__edgar-degas_study-of-gentile-bellini-1855.jpg,images/Impressionism_Impressionism__edgar-degas_study-of-gentile-bellini-1855_to_Rococo.png,0.54539037,0.0,0.6325157880783081,0.0
Impressionism,Rococo,Impressionism__edgar-degas_ancer-with-red-stockings.jpg,images/Impressionism_Impressionism__edgar-degas_ancer-with-red-stockings_to_Rococo.png,0.5669065,0.0,0.5451943874359131,0.0
Impressionism,Rococo,Impressionism__eugene-boudin_the-port-ships-at-dock.jpg,images/Impressionism_Impressionism__eugene-boudin_the-port-ships-at-dock_to_Rococo.png,0.53484225,0.0,0.6525194048881531,0.0
Impressionism,Ukiyo_e,Impressionism__camille-pissarro_the-gardener-afternoon-sun-eragny-1899.jpg,images/Impressionism_Impressionism__camille-pissarro_the-gardener-afternoon-sun-eragny-1899_to_Ukiyo_e.png,0.53391683,0.0,0.6617045402526855,0.0
Impressionism,Ukiyo_e,Impressionism__edgar-degas_study-of-gentile-bellini-1855.jpg,images/Impressionism_Impressionism__edgar-degas_study-of-gentile-bellini-1855_to_Ukiyo_e.png,0.44148186,0.0,0.7038211822509766,0.0
Impressionism,Ukiyo_e,Impressionism__edgar-degas_ancer-with-red-stockings.jpg,images/Impressionism_Impressionism__edgar-degas_ancer-with-red-stockings_to_Ukiyo_e.png,0.502792,0.0,0.740740180015564,0.0
Impressionism,Ukiyo_e,Impressionism__eugene-boudin_the-port-ships-at-dock.jpg,images/Impressionism_Impressionism__eugene-boudin_the-port-ships-at-dock_to_Ukiyo_e.png,0.51772964,0.0,0.6675490140914917,0.0
Impressionism,Early_Renaissance,Impressionism__claude-monet_palazzo-contarini-2.jpg,images/Impressionism_Impressionism__claude-monet_palazzo-contarini-2_to_Early_Renaissance.png,0.5074852,0.0,0.69991135597229,0.0
Impressionism,Early_Renaissance,Impressionism__rudolf-schweitzer-cumpana_str-du-n-atena.jpg,images/Impressionism_Impressionism__rudolf-schweitzer-cumpana_str-du-n-atena_to_Early_Renaissance.png,0.5336149,0.0,0.6991384625434875,0.0
Impressionism,Early_Renaissance,Impressionism__winston-churchill_distant-view-of-the-pyramids-1921-1(1).jpg,images/Impressionism_Impressionism__winston-churchill_distant-view-of-the-pyramids-1921-1(1)_to_Early_Renaissance.png,0.4774205,0.0,0.6952458620071411,0.0
Impressionism,Early_Renaissance,Impressionism__mihaly-munkacsy_dusty-country-road-ii-1883.jpg,images/Impressionism_Impressionism__mihaly-munkacsy_dusty-country-road-ii-1883_to_Early_Renaissance.png,0.4625048,0.0,0.6823591589927673,0.0
Impressionism,Impressionism,Impressionism__claude-monet_palazzo-contarini-2.jpg,images/Impressionism_Impressionism__claude-monet_palazzo-contarini-2_to_Impressionism.png,0.4861952,0.0,0.8650044202804565,0.0
Impressionism,Impressionism,Impressionism__rudolf-schweitzer-cumpana_str-du-n-atena.jpg,images/Impressionism_Impressionism__rudolf-schweitzer-cumpana_str-du-n-atena_to_Impressionism.png,0.5223112,0.0,0.8745977878570557,0.0
Impressionism,Impressionism,Impressionism__winston-churchill_distant-view-of-the-pyramids-1921-1(1).jpg,images/Impressionism_Impressionism__winston-churchill_distant-view-of-the-pyramids-1921-1(1)_to_Impressionism.png,0.44202155,0.0,0.8588019609451294,0.0
Impressionism,Impressionism,Impressionism__mihaly-munkacsy_dusty-country-road-ii-1883.jpg,images/Impressionism_Impressionism__mihaly-munkacsy_dusty-country-road-ii-1883_to_Impressionism.png,0.45777375,0.0,0.8592822551727295,0.0
Impressionism,Minimalism,Impressionism__claude-monet_palazzo-contarini-2.jpg,images/Impressionism_Impressionism__claude-monet_palazzo-contarini-2_to_Minimalism.png,0.50131005,0.0,0.7383149266242981,0.0
Impressionism,Minimalism,Impressionism__rudolf-schweitzer-cumpana_str-du-n-atena.jpg,images/Impressionism_Impressionism__rudolf-schweitzer-cumpana_str-du-n-atena_to_Minimalism.png,0.5192125,0.0,0.8200616836547852,0.0
Impressionism,Minimalism,Impressionism__winston-churchill_distant-view-of-the-pyramids-1921-1(1).jpg,images/Impressionism_Impressionism__winston-churchill_distant-view-of-the-pyramids-1921-1(1)_to_Minimalism.png,0.44552603,0.0,0.8360720276832581,0.0
Impressionism,Minimalism,Impressionism__mihaly-munkacsy_dusty-country-road-ii-1883.jpg,images/Impressionism_Impressionism__mihaly-munkacsy_dusty-country-road-ii-1883_to_Minimalism.png,0.5046156,0.0,0.8154799938201904,0.0
Impressionism,Rococo,Impressionism__claude-monet_palazzo-contarini-2.jpg,images/Impressionism_Impressionism__claude-monet_palazzo-contarini-2_to_Rococo.png,0.5647836,0.0,0.58859783411026,0.0
Impressionism,Rococo,Impressionism__rudolf-schweitzer-cumpana_str-du-n-atena.jpg,images/Impressionism_Impressionism__rudolf-schweitzer-cumpana_str-du-n-atena_to_Rococo.png,0.5702675,0.0,0.6526602506637573,0.0
Impressionism,Rococo,Impressionism__winston-churchill_distant-view-of-the-pyramids-1921-1(1).jpg,images/Impressionism_Impressionism__winston-churchill_distant-view-of-the-pyramids-1921-1(1)_to_Rococo.png,0.5245433,0.0,0.6715265512466431,0.0
Impressionism,Rococo,Impressionism__mihaly-munkacsy_dusty-country-road-ii-1883.jpg,images/Impressionism_Impressionism__mihaly-munkacsy_dusty-country-road-ii-1883_to_Rococo.png,0.5138431,0.0,0.636576771736145,0.0
Impressionism,Ukiyo_e,Impressionism__claude-monet_palazzo-contarini-2.jpg,images/Impressionism_Impressionism__claude-monet_palazzo-contarini-2_to_Ukiyo_e.png,0.49007592,0.0,0.6693341732025146,0.0
Impressionism,Ukiyo_e,Impressionism__rudolf-schweitzer-cumpana_str-du-n-atena.jpg,images/Impressionism_Impressionism__rudolf-schweitzer-cumpana_str-du-n-atena_to_Ukiyo_e.png,0.5066139,0.0,0.7082295417785645,0.0
Impressionism,Ukiyo_e,Impressionism__winston-churchill_distant-view-of-the-pyramids-1921-1(1).jpg,images/Impressionism_Impressionism__winston-churchill_distant-view-of-the-pyramids-1921-1(1)_to_Ukiyo_e.png,0.4492486,0.0,0.7196948528289795,0.0
Impressionism,Ukiyo_e,Impressionism__mihaly-munkacsy_dusty-country-road-ii-1883.jpg,images/Impressionism_Impressionism__mihaly-munkacsy_dusty-country-road-ii-1883_to_Ukiyo_e.png,0.46676123,0.0,0.6986685991287231,0.0
Impressionism,Early_Renaissance,Impressionism__eugene-boudin_trouville-the-fish-market-1884.jpg,images/Impressionism_Impressionism__eugene-boudin_trouville-the-fish-market-1884_to_Early_Renaissance.png,0.5067481,0.0,0.6817656755447388,0.0
Impressionism,Early_Renaissance,Impressionism__william-merritt-chase_at-the-boat-landing.jpg,images/Impressionism_Impressionism__william-merritt-chase_at-the-boat-landing_to_Early_Renaissance.png,0.49187693,0.0,0.6639119982719421,0.0
Impressionism,Early_Renaissance,Impressionism__alfred-sisley_the-banks-of-the-oise-1878.jpg,images/Impressionism_Impressionism__alfred-sisley_the-banks-of-the-oise-1878_to_Early_Renaissance.png,0.525145,0.0,0.6494285464286804,0.0
Impressionism,Early_Renaissance,Impressionism__edouard-manet_tarring-the-boat-1873.jpg,images/Impressionism_Impressionism__edouard-manet_tarring-the-boat-1873_to_Early_Renaissance.png,0.49736762,0.0,0.6805734634399414,0.0
Impressionism,Impressionism,Impressionism__eugene-boudin_trouville-the-fish-market-1884.jpg,images/Impressionism_Impressionism__eugene-boudin_trouville-the-fish-market-1884_to_Impressionism.png,0.51245075,0.0,0.7845239043235779,0.0
Impressionism,Impressionism,Impressionism__william-merritt-chase_at-the-boat-landing.jpg,images/Impressionism_Impressionism__william-merritt-chase_at-the-boat-landing_to_Impressionism.png,0.4562952,0.0,0.8863416910171509,0.0
Impressionism,Impressionism,Impressionism__alfred-sisley_the-banks-of-the-oise-1878.jpg,images/Impressionism_Impressionism__alfred-sisley_the-banks-of-the-oise-1878_to_Impressionism.png,0.49888825,0.0,0.8758025765419006,0.0
Impressionism,Impressionism,Impressionism__edouard-manet_tarring-the-boat-1873.jpg,images/Impressionism_Impressionism__edouard-manet_tarring-the-boat-1873_to_Impressionism.png,0.49758095,0.0,0.8234574794769287,0.0
Impressionism,Minimalism,Impressionism__eugene-boudin_trouville-the-fish-market-1884.jpg,images/Impressionism_Impressionism__eugene-boudin_trouville-the-fish-market-1884_to_Minimalism.png,0.55389154,0.0,0.6287811398506165,0.0
Impressionism,Minimalism,Impressionism__william-merritt-chase_at-the-boat-landing.jpg,images/Impressionism_Impressionism__william-merritt-chase_at-the-boat-landing_to_Minimalism.png,0.43673676,0.0,0.7725220322608948,0.0
Impressionism,Minimalism,Impressionism__alfred-sisley_the-banks-of-the-oise-1878.jpg,images/Impressionism_Impressionism__alfred-sisley_the-banks-of-the-oise-1878_to_Minimalism.png,0.4542213,0.0,0.795661985874176,0.0
Impressionism,Minimalism,Impressionism__edouard-manet_tarring-the-boat-1873.jpg,images/Impressionism_Impressionism__edouard-manet_tarring-the-boat-1873_to_Minimalism.png,0.50050724,0.0,0.7875063419342041,0.0
Impressionism,Rococo,Impressionism__eugene-boudin_trouville-the-fish-market-1884.jpg,images/Impressionism_Impressionism__eugene-boudin_trouville-the-fish-market-1884_to_Rococo.png,0.54741174,0.0,0.6450348496437073,0.0
Impressionism,Rococo,Impressionism__william-merritt-chase_at-the-boat-landing.jpg,images/Impressionism_Impressionism__william-merritt-chase_at-the-boat-landing_to_Rococo.png,0.50174123,0.0,0.6406501531600952,0.0
Impressionism,Rococo,Impressionism__alfred-sisley_the-banks-of-the-oise-1878.jpg,images/Impressionism_Impressionism__alfred-sisley_the-banks-of-the-oise-1878_to_Rococo.png,0.56613976,0.0,0.6725093722343445,0.0
Impressionism,Rococo,Impressionism__edouard-manet_tarring-the-boat-1873.jpg,images/Impressionism_Impressionism__edouard-manet_tarring-the-boat-1873_to_Rococo.png,0.5290191,0.0,0.6613093018531799,0.0
Impressionism,Ukiyo_e,Impressionism__eugene-boudin_trouville-the-fish-market-1884.jpg,images/Impressionism_Impressionism__eugene-boudin_trouville-the-fish-market-1884_to_Ukiyo_e.png,0.5097741,0.0,0.6233692169189453,0.0
Impressionism,Ukiyo_e,Impressionism__william-merritt-chase_at-the-boat-landing.jpg,images/Impressionism_Impressionism__william-merritt-chase_at-the-boat-landing_to_Ukiyo_e.png,0.4739498,0.0,0.6645283699035645,0.0
Impressionism,Ukiyo_e,Impressionism__alfred-sisley_the-banks-of-the-oise-1878.jpg,images/Impressionism_Impressionism__alfred-sisley_the-banks-of-the-oise-1878_to_Ukiyo_e.png,0.49515107,0.0,0.696200430393219,0.0
Impressionism,Ukiyo_e,Impressionism__edouard-manet_tarring-the-boat-1873.jpg,images/Impressionism_Impressionism__edouard-manet_tarring-the-boat-1873_to_Ukiyo_e.png,0.4917212,0.0,0.7064577341079712,0.0
Impressionism,Early_Renaissance,Impressionism__joaquã­n-sorolla_study-of-vineyard.jpg,images/Impressionism_Impressionism__joaquã­n-sorolla_study-of-vineyard_to_Early_Renaissance.png,0.5555587,0.0,0.6895222067832947,0.0
Impressionism,Early_Renaissance,Impressionism__antoine-blanchard_place-de-la-madeleine-hiver.jpg,images/Impressionism_Impressionism__antoine-blanchard_place-de-la-madeleine-hiver_to_Early_Renaissance.png,0.47410583,0.0,0.5917995572090149,0.0
Impressionism,Early_Renaissance,Impressionism__henri-matisse_brittany-also-known-as-boat-1896.jpg,images/Impressionism_Impressionism__henri-matisse_brittany-also-known-as-boat-1896_to_Early_Renaissance.png,0.47494864,0.0,0.6933894157409668,0.0
Impressionism,Early_Renaissance,Impressionism__william-merritt-chase_gray-day-on-the-lagoon-a-passenger-boat-venice.jpg,images/Impressionism_Impressionism__william-merritt-chase_gray-day-on-the-lagoon-a-passenger-boat-venice_to_Early_Renaissance.png,0.49684188,0.0,0.5701320767402649,0.0
Impressionism,Impressionism,Impressionism__joaquã­n-sorolla_study-of-vineyard.jpg,images/Impressionism_Impressionism__joaquã­n-sorolla_study-of-vineyard_to_Impressionism.png,0.55998504,0.0,0.8335188627243042,0.0
Impressionism,Impressionism,Impressionism__antoine-blanchard_place-de-la-madeleine-hiver.jpg,images/Impressionism_Impressionism__antoine-blanchard_place-de-la-madeleine-hiver_to_Impressionism.png,0.4669266,0.0,0.8120076656341553,0.0
Impressionism,Impressionism,Impressionism__henri-matisse_brittany-also-known-as-boat-1896.jpg,images/Impressionism_Impressionism__henri-matisse_brittany-also-known-as-boat-1896_to_Impressionism.png,0.46857023,0.0,0.8868198394775391,0.0
Impressionism,Impressionism,Impressionism__william-merritt-chase_gray-day-on-the-lagoon-a-passenger-boat-venice.jpg,images/Impressionism_Impressionism__william-merritt-chase_gray-day-on-the-lagoon-a-passenger-boat-venice_to_Impressionism.png,0.47878358,0.0,0.8369265198707581,0.0
Impressionism,Minimalism,Impressionism__joaquã­n-sorolla_study-of-vineyard.jpg,images/Impressionism_Impressionism__joaquã­n-sorolla_study-of-vineyard_to_Minimalism.png,0.56591445,0.0,0.8390610814094543,0.0
Impressionism,Minimalism,Impressionism__antoine-blanchard_place-de-la-madeleine-hiver.jpg,images/Impressionism_Impressionism__antoine-blanchard_place-de-la-madeleine-hiver_to_Minimalism.png,0.5063467,0.0,0.6647116541862488,0.0
Impressionism,Minimalism,Impressionism__henri-matisse_brittany-also-known-as-boat-1896.jpg,images/Impressionism_Impressionism__henri-matisse_brittany-also-known-as-boat-1896_to_Minimalism.png,0.50355315,0.0,0.8639451265335083,0.0
Impressionism,Minimalism,Impressionism__william-merritt-chase_gray-day-on-the-lagoon-a-passenger-boat-venice.jpg,images/Impressionism_Impressionism__william-merritt-chase_gray-day-on-the-lagoon-a-passenger-boat-venice_to_Minimalism.png,0.46639076,0.0,0.7234213352203369,0.0
Impressionism,Rococo,Impressionism__joaquã­n-sorolla_study-of-vineyard.jpg,images/Impressionism_Impressionism__joaquã­n-sorolla_study-of-vineyard_to_Rococo.png,0.5665578,0.0,0.6251137256622314,0.0
Impressionism,Rococo,Impressionism__antoine-blanchard_place-de-la-madeleine-hiver.jpg,images/Impressionism_Impressionism__antoine-blanchard_place-de-la-madeleine-hiver_to_Rococo.png,0.53549975,0.0,0.6545722484588623,0.0
Impressionism,Rococo,Impressionism__henri-matisse_brittany-also-known-as-boat-1896.jpg,images/Impressionism_Impressionism__henri-matisse_brittany-also-known-as-boat-1896_to_Rococo.png,0.52809083,0.0,0.6660702228546143,0.0
Impressionism,Rococo,Impressionism__william-merritt-chase_gray-day-on-the-lagoon-a-passenger-boat-venice.jpg,images/Impressionism_Impressionism__william-merritt-chase_gray-day-on-the-lagoon-a-passenger-boat-venice_to_Rococo.png,0.56725144,0.0,0.6462090015411377,0.0
Impressionism,Ukiyo_e,Impressionism__joaquã­n-sorolla_study-of-vineyard.jpg,images/Impressionism_Impressionism__joaquã­n-sorolla_study-of-vineyard_to_Ukiyo_e.png,0.5547541,0.0,0.7196946144104004,0.0
Impressionism,Ukiyo_e,Impressionism__antoine-blanchard_place-de-la-madeleine-hiver.jpg,images/Impressionism_Impressionism__antoine-blanchard_place-de-la-madeleine-hiver_to_Ukiyo_e.png,0.46457362,0.0,0.5865619778633118,0.0
Impressionism,Ukiyo_e,Impressionism__henri-matisse_brittany-also-known-as-boat-1896.jpg,images/Impressionism_Impressionism__henri-matisse_brittany-also-known-as-boat-1896_to_Ukiyo_e.png,0.46090516,0.0,0.6945180892944336,0.0
Impressionism,Ukiyo_e,Impressionism__william-merritt-chase_gray-day-on-the-lagoon-a-passenger-boat-venice.jpg,images/Impressionism_Impressionism__william-merritt-chase_gray-day-on-the-lagoon-a-passenger-boat-venice_to_Ukiyo_e.png,0.46659243,0.0,0.5933460593223572,0.0
Impressionism,Early_Renaissance,Impressionism__augustus-john_proven-al-landscape.jpg,images/Impressionism_Impressionism__augustus-john_proven-al-landscape_to_Early_Renaissance.png,0.5221807,0.0,0.7033968567848206,0.0
Impressionism,Early_Renaissance,Impressionism__pierre-auguste-renoir_still-life-with-apples-and-pomegranates-1901.jpg,images/Impressionism_Impressionism__pierre-auguste-renoir_still-life-with-apples-and-pomegranates-1901_to_Early_Renaissance.png,0.52398556,0.0,0.6955272555351257,0.0
Impressionism,Early_Renaissance,Impressionism__childe-hassam_september-moonrise.jpg,images/Impressionism_Impressionism__childe-hassam_september-moonrise_to_Early_Renaissance.png,0.49122757,0.0,0.6462423205375671,0.0
Impressionism,Early_Renaissance,Impressionism__claude-monet_bordighera-the-house-of-gardener.jpg,images/Impressionism_Impressionism__claude-monet_bordighera-the-house-of-gardener_to_Early_Renaissance.png,0.5391625,0.0,0.694204568862915,0.0
Impressionism,Impressionism,Impressionism__augustus-john_proven-al-landscape.jpg,images/Impressionism_Impressionism__augustus-john_proven-al-landscape_to_Impressionism.png,0.51997423,0.0,0.8480282425880432,0.0
Impressionism,Impressionism,Impressionism__pierre-auguste-renoir_still-life-with-apples-and-pomegranates-1901.jpg,images/Impressionism_Impressionism__pierre-auguste-renoir_still-life-with-apples-and-pomegranates-1901_to_Impressionism.png,0.5084614,0.0,0.8171994686126709,0.0
Impressionism,Impressionism,Impressionism__childe-hassam_september-moonrise.jpg,images/Impressionism_Impressionism__childe-hassam_september-moonrise_to_Impressionism.png,0.46408072,0.0,0.8422378301620483,0.0
Impressionism,Impressionism,Impressionism__claude-monet_bordighera-the-house-of-gardener.jpg,images/Impressionism_Impressionism__claude-monet_bordighera-the-house-of-gardener_to_Impressionism.png,0.5321107,0.0,0.8827598690986633,0.0
Impressionism,Minimalism,Impressionism__augustus-john_proven-al-landscape.jpg,images/Impressionism_Impressionism__augustus-john_proven-al-landscape_to_Minimalism.png,0.48646468,0.0,0.7646048665046692,0.0
Impressionism,Minimalism,Impressionism__pierre-auguste-renoir_still-life-with-apples-and-pomegranates-1901.jpg,images/Impressionism_Impressionism__pierre-auguste-renoir_still-life-with-apples-and-pomegranates-1901_to_Minimalism.png,0.45359212,0.0,0.8368186950683594,0.0
Impressionism,Minimalism,Impressionism__childe-hassam_september-moonrise.jpg,images/Impressionism_Impressionism__childe-hassam_september-moonrise_to_Minimalism.png,0.39424494,0.0,0.8314386010169983,0.0
Impressionism,Minimalism,Impressionism__claude-monet_bordighera-the-house-of-gardener.jpg,images/Impressionism_Impressionism__claude-monet_bordighera-the-house-of-gardener_to_Minimalism.png,0.5730523,0.0,0.7974349856376648,0.0
Impressionism,Rococo,Impressionism__augustus-john_proven-al-landscape.jpg,images/Impressionism_Impressionism__augustus-john_proven-al-landscape_to_Rococo.png,0.5728209,0.0,0.6566189527511597,0.0
Impressionism,Rococo,Impressionism__pierre-auguste-renoir_still-life-with-apples-and-pomegranates-1901.jpg,images/Impressionism_Impressionism__pierre-auguste-renoir_still-life-with-apples-and-pomegranates-1901_to_Rococo.png,0.58503956,0.0,0.6295477747917175,0.0
Impressionism,Rococo,Impressionism__childe-hassam_september-moonrise.jpg,images/Impressionism_Impressionism__childe-hassam_september-moonrise_to_Rococo.png,0.52891415,0.0,0.6501471400260925,0.0
Impressionism,Rococo,Impressionism__claude-monet_bordighera-the-house-of-gardener.jpg,images/Impressionism_Impressionism__claude-monet_bordighera-the-house-of-gardener_to_Rococo.png,0.537794,0.0,0.6715198755264282,0.0
Impressionism,Ukiyo_e,Impressionism__augustus-john_proven-al-landscape.jpg,images/Impressionism_Impressionism__augustus-john_proven-al-landscape_to_Ukiyo_e.png,0.51983154,0.0,0.6979702711105347,0.0
Impressionism,Ukiyo_e,Impressionism__pierre-auguste-renoir_still-life-with-apples-and-pomegranates-1901.jpg,images/Impressionism_Impressionism__pierre-auguste-renoir_still-life-with-apples-and-pomegranates-1901_to_Ukiyo_e.png,0.49905154,0.0,0.6766157150268555,0.0
Impressionism,Ukiyo_e,Impressionism__childe-hassam_september-moonrise.jpg,images/Impressionism_Impressionism__childe-hassam_september-moonrise_to_Ukiyo_e.png,0.44742033,0.0,0.6879758834838867,0.0
Impressionism,Ukiyo_e,Impressionism__claude-monet_bordighera-the-house-of-gardener.jpg,images/Impressionism_Impressionism__claude-monet_bordighera-the-house-of-gardener_to_Ukiyo_e.png,0.53680706,0.0,0.6963743567466736,0.0
Impressionism,Early_Renaissance,Impressionism__nikolay-bogdanov-belsky_connoisseurs-of-books-knowledge-is-power.jpg,images/Impressionism_Impressionism__nikolay-bogdanov-belsky_connoisseurs-of-books-knowledge-is-power_to_Early_Renaissance.png,0.5353607,0.0,0.6258999109268188,0.0
Impressionism,Early_Renaissance,Impressionism__alfred-sisley_riverbank-at-veneux-1881.jpg,images/Impressionism_Impressionism__alfred-sisley_riverbank-at-veneux-1881_to_Early_Renaissance.png,0.45292473,0.0,0.6940006613731384,0.0
Impressionism,Early_Renaissance,Impressionism__armand-guillaumin_valley-in-pontgibaud-1890.jpg,images/Impressionism_Impressionism__armand-guillaumin_valley-in-pontgibaud-1890_to_Early_Renaissance.png,0.5124303,0.0,0.646984875202179,0.0
Impressionism,Early_Renaissance,Impressionism__konstantin-korovin_arctic-ocean-1913.jpg,images/Impressionism_Impressionism__konstantin-korovin_arctic-ocean-1913_to_Early_Renaissance.png,0.45857698,0.0,0.6762121915817261,0.0
Impressionism,Impressionism,Impressionism__nikolay-bogdanov-belsky_connoisseurs-of-books-knowledge-is-power.jpg,images/Impressionism_Impressionism__nikolay-bogdanov-belsky_connoisseurs-of-books-knowledge-is-power_to_Impressionism.png,0.5279601,0.0,0.72463458776474,0.0
Impressionism,Impressionism,Impressionism__alfred-sisley_riverbank-at-veneux-1881.jpg,images/Impressionism_Impressionism__alfred-sisley_riverbank-at-veneux-1881_to_Impressionism.png,0.45452255,0.0,0.7790898084640503,0.0
Impressionism,Impressionism,Impressionism__armand-guillaumin_valley-in-pontgibaud-1890.jpg,images/Impressionism_Impressionism__armand-guillaumin_valley-in-pontgibaud-1890_to_Impressionism.png,0.50256515,0.0,0.8851226568222046,0.0
Impressionism,Impressionism,Impressionism__konstantin-korovin_arctic-ocean-1913.jpg,images/Impressionism_Impressionism__konstantin-korovin_arctic-ocean-1913_to_Impressionism.png,0.45759135,0.0,0.8666308522224426,0.0
Impressionism,Minimalism,Impressionism__nikolay-bogdanov-belsky_connoisseurs-of-books-knowledge-is-power.jpg,images/Impressionism_Impressionism__nikolay-bogdanov-belsky_connoisseurs-of-books-knowledge-is-power_to_Minimalism.png,0.48704112,0.0,0.733386218547821,0.0
Impressionism,Minimalism,Impressionism__alfred-sisley_riverbank-at-veneux-1881.jpg,images/Impressionism_Impressionism__alfred-sisley_riverbank-at-veneux-1881_to_Minimalism.png,0.51970375,0.0,0.8150723576545715,0.0
Impressionism,Minimalism,Impressionism__armand-guillaumin_valley-in-pontgibaud-1890.jpg,images/Impressionism_Impressionism__armand-guillaumin_valley-in-pontgibaud-1890_to_Minimalism.png,0.50359476,0.0,0.7934805750846863,0.0
Impressionism,Minimalism,Impressionism__konstantin-korovin_arctic-ocean-1913.jpg,images/Impressionism_Impressionism__konstantin-korovin_arctic-ocean-1913_to_Minimalism.png,0.46014002,0.0,0.8582196235656738,0.0
Impressionism,Rococo,Impressionism__nikolay-bogdanov-belsky_connoisseurs-of-books-knowledge-is-power.jpg,images/Impressionism_Impressionism__nikolay-bogdanov-belsky_connoisseurs-of-books-knowledge-is-power_to_Rococo.png,0.569916,0.0,0.584282636642456,0.0
Impressionism,Rococo,Impressionism__alfred-sisley_riverbank-at-veneux-1881.jpg,images/Impressionism_Impressionism__alfred-sisley_riverbank-at-veneux-1881_to_Rococo.png,0.52496225,0.0,0.5933839082717896,0.0
Impressionism,Rococo,Impressionism__armand-guillaumin_valley-in-pontgibaud-1890.jpg,images/Impressionism_Impressionism__armand-guillaumin_valley-in-pontgibaud-1890_to_Rococo.png,0.5509232,0.0,0.6235752701759338,0.0
Impressionism,Rococo,Impressionism__konstantin-korovin_arctic-ocean-1913.jpg,images/Impressionism_Impressionism__konstantin-korovin_arctic-ocean-1913_to_Rococo.png,0.566954,0.0,0.5957869291305542,0.0
Impressionism,Ukiyo_e,Impressionism__nikolay-bogdanov-belsky_connoisseurs-of-books-knowledge-is-power.jpg,images/Impressionism_Impressionism__nikolay-bogdanov-belsky_connoisseurs-of-books-knowledge-is-power_to_Ukiyo_e.png,0.5262285,0.0,0.6916404962539673,0.0
Impressionism,Ukiyo_e,Impressionism__alfred-sisley_riverbank-at-veneux-1881.jpg,images/Impressionism_Impressionism__alfred-sisley_riverbank-at-veneux-1881_to_Ukiyo_e.png,0.4509257,0.0,0.6957722902297974,0.0
Impressionism,Ukiyo_e,Impressionism__armand-guillaumin_valley-in-pontgibaud-1890.jpg,images/Impressionism_Impressionism__armand-guillaumin_valley-in-pontgibaud-1890_to_Ukiyo_e.png,0.5047971,0.0,0.6870240569114685,0.0
Impressionism,Ukiyo_e,Impressionism__konstantin-korovin_arctic-ocean-1913.jpg,images/Impressionism_Impressionism__konstantin-korovin_arctic-ocean-1913_to_Ukiyo_e.png,0.4465607,0.0,0.6966496109962463,0.0
Minimalism,Early_Renaissance,Minimalism__robert-mangold_untitled-fcpa-1995.jpg,images/Minimalism_Minimalism__robert-mangold_untitled-fcpa-1995_to_Early_Renaissance.png,0.44066715,0.0,0.6263607740402222,0.0
Minimalism,Early_Renaissance,Minimalism__judy-chicago_morning-fan-1971.jpg,images/Minimalism_Minimalism__judy-chicago_morning-fan-1971_to_Early_Renaissance.png,0.45178932,0.0,0.6195502877235413,0.0
Minimalism,Early_Renaissance,Minimalism__joan-hernandez-pijuan_nuvol-rosa-2-1990.jpg,images/Minimalism_Minimalism__joan-hernandez-pijuan_nuvol-rosa-2-1990_to_Early_Renaissance.png,0.4816711,0.0,0.6557265520095825,0.0
Minimalism,Early_Renaissance,Minimalism__tony-smith_die-1968.jpg,images/Minimalism_Minimalism__tony-smith_die-1968_to_Early_Renaissance.png,0.42910498,0.0,0.6361674070358276,0.0
Minimalism,Impressionism,Minimalism__robert-mangold_untitled-fcpa-1995.jpg,images/Minimalism_Minimalism__robert-mangold_untitled-fcpa-1995_to_Impressionism.png,0.41257554,0.0,0.643028974533081,0.0
Minimalism,Impressionism,Minimalism__judy-chicago_morning-fan-1971.jpg,images/Minimalism_Minimalism__judy-chicago_morning-fan-1971_to_Impressionism.png,0.40303043,0.0,0.6927856802940369,0.0
Minimalism,Impressionism,Minimalism__joan-hernandez-pijuan_nuvol-rosa-2-1990.jpg,images/Minimalism_Minimalism__joan-hernandez-pijuan_nuvol-rosa-2-1990_to_Impressionism.png,0.43592042,0.0,0.7434767484664917,0.0
Minimalism,Impressionism,Minimalism__tony-smith_die-1968.jpg,images/Minimalism_Minimalism__tony-smith_die-1968_to_Impressionism.png,0.4261795,0.0,0.6588901877403259,0.0
Minimalism,Minimalism,Minimalism__robert-mangold_untitled-fcpa-1995.jpg,images/Minimalism_Minimalism__robert-mangold_untitled-fcpa-1995_to_Minimalism.png,0.2015217,0.0,0.920558750629425,0.0
Minimalism,Minimalism,Minimalism__judy-chicago_morning-fan-1971.jpg,images/Minimalism_Minimalism__judy-chicago_morning-fan-1971_to_Minimalism.png,0.25661832,0.0,0.8637183904647827,0.0
Minimalism,Minimalism,Minimalism__joan-hernandez-pijuan_nuvol-rosa-2-1990.jpg,images/Minimalism_Minimalism__joan-hernandez-pijuan_nuvol-rosa-2-1990_to_Minimalism.png,0.32090637,0.0,0.9034204483032227,0.0
Minimalism,Minimalism,Minimalism__tony-smith_die-1968.jpg,images/Minimalism_Minimalism__tony-smith_die-1968_to_Minimalism.png,0.3387904,0.0,0.8725067973136902,0.0
Minimalism,Rococo,Minimalism__robert-mangold_untitled-fcpa-1995.jpg,images/Minimalism_Minimalism__robert-mangold_untitled-fcpa-1995_to_Rococo.png,0.4501488,0.0,0.5920014977455139,0.0
Minimalism,Rococo,Minimalism__judy-chicago_morning-fan-1971.jpg,images/Minimalism_Minimalism__judy-chicago_morning-fan-1971_to_Rococo.png,0.47583103,0.0,0.5791336894035339,0.0
Minimalism,Rococo,Minimalism__joan-hernandez-pijuan_nuvol-rosa-2-1990.jpg,images/Minimalism_Minimalism__joan-hernandez-pijuan_nuvol-rosa-2-1990_to_Rococo.png,0.47468686,0.0,0.6356928944587708,0.0
Minimalism,Rococo,Minimalism__tony-smith_die-1968.jpg,images/Minimalism_Minimalism__tony-smith_die-1968_to_Rococo.png,0.41793957,0.0,0.5630201101303101,0.0
Minimalism,Ukiyo_e,Minimalism__robert-mangold_untitled-fcpa-1995.jpg,images/Minimalism_Minimalism__robert-mangold_untitled-fcpa-1995_to_Ukiyo_e.png,0.39449525,0.0,0.6209773421287537,0.0
Minimalism,Ukiyo_e,Minimalism__judy-chicago_morning-fan-1971.jpg,images/Minimalism_Minimalism__judy-chicago_morning-fan-1971_to_Ukiyo_e.png,0.39848772,0.0,0.662132203578949,0.0
Minimalism,Ukiyo_e,Minimalism__joan-hernandez-pijuan_nuvol-rosa-2-1990.jpg,images/Minimalism_Minimalism__joan-hernandez-pijuan_nuvol-rosa-2-1990_to_Ukiyo_e.png,0.46635962,0.0,0.6685429811477661,0.0
Minimalism,Ukiyo_e,Minimalism__tony-smith_die-1968.jpg,images/Minimalism_Minimalism__tony-smith_die-1968_to_Ukiyo_e.png,0.4380623,0.0,0.614910900592804,0.0
Minimalism,Early_Renaissance,Minimalism__robert-ryman_surface-veil-1970.jpg,images/Minimalism_Minimalism__robert-ryman_surface-veil-1970_to_Early_Renaissance.png,0.51516825,0.0,0.6309545040130615,0.0
Minimalism,Early_Renaissance,Minimalism__eva-hesse_expanded-expansion-1969.jpg,images/Minimalism_Minimalism__eva-hesse_expanded-expansion-1969_to_Early_Renaissance.png,0.44076467,0.0,0.5972177982330322,0.0
Minimalism,Early_Renaissance,Minimalism__ellsworth-kelly_diagonal-1951.jpg,images/Minimalism_Minimalism__ellsworth-kelly_diagonal-1951_to_Early_Renaissance.png,0.45421922,0.0,0.6009737849235535,0.0
Minimalism,Early_Renaissance,Minimalism__john-mclaughlin_number-13-1973.jpg,images/Minimalism_Minimalism__john-mclaughlin_number-13-1973_to_Early_Renaissance.png,0.66617393,0.0,0.6375836133956909,0.0
Minimalism,Impressionism,Minimalism__robert-ryman_surface-veil-1970.jpg,images/Minimalism_Minimalism__robert-ryman_surface-veil-1970_to_Impressionism.png,0.4683934,0.0,0.6653460264205933,0.0
Minimalism,Impressionism,Minimalism__eva-hesse_expanded-expansion-1969.jpg,images/Minimalism_Minimalism__eva-hesse_expanded-expansion-1969_to_Impressionism.png,0.43871412,0.0,0.5962309837341309,0.0
Minimalism,Impressionism,Minimalism__ellsworth-kelly_diagonal-1951.jpg,images/Minimalism_Minimalism__ellsworth-kelly_diagonal-1951_to_Impressionism.png,0.39754498,0.0,0.5672714710235596,0.0
Minimalism,Impressionism,Minimalism__john-mclaughlin_number-13-1973.jpg,images/Minimalism_Minimalism__john-mclaughlin_number-13-1973_to_Impressionism.png,0.6515631,0.0,0.6492919325828552,0.0
Minimalism,Minimalism,Minimalism__robert-ryman_surface-veil-1970.jpg,images/Minimalism_Minimalism__robert-ryman_surface-veil-1970_to_Minimalism.png,0.2760358,0.0,0.922116756439209,0.0
Minimalism,Minimalism,Minimalism__eva-hesse_expanded-expansion-1969.jpg,images/Minimalism_Minimalism__eva-hesse_expanded-expansion-1969_to_Minimalism.png,0.3341877,0.0,0.9020363688468933,0.0
Minimalism,Minimalism,Minimalism__ellsworth-kelly_diagonal-1951.jpg,images/Minimalism_Minimalism__ellsworth-kelly_diagonal-1951_to_Minimalism.png,0.19910493,0.0,0.8560142517089844,0.0
Minimalism,Minimalism,Minimalism__john-mclaughlin_number-13-1973.jpg,images/Minimalism_Minimalism__john-mclaughlin_number-13-1973_to_Minimalism.png,0.576752,0.0,0.8805380463600159,0.0
Minimalism,Rococo,Minimalism__robert-ryman_surface-veil-1970.jpg,images/Minimalism_Minimalism__robert-ryman_surface-veil-1970_to_Rococo.png,0.52400696,0.0,0.5774679780006409,0.0
Minimalism,Rococo,Minimalism__eva-hesse_expanded-expansion-1969.jpg,images/Minimalism_Minimalism__eva-hesse_expanded-expansion-1969_to_Rococo.png,0.45652133,0.0,0.5575978755950928,0.0
Minimalism,Rococo,Minimalism__ellsworth-kelly_diagonal-1951.jpg,images/Minimalism_Minimalism__ellsworth-kelly_diagonal-1951_to_Rococo.png,0.48527932,0.0,0.567142128944397,0.0
Minimalism,Rococo,Minimalism__john-mclaughlin_number-13-1973.jpg,images/Minimalism_Minimalism__john-mclaughlin_number-13-1973_to_Rococo.png,0.5764495,0.0,0.571976900100708,0.0
Minimalism,Ukiyo_e,Minimalism__robert-ryman_surface-veil-1970.jpg,images/Minimalism_Minimalism__robert-ryman_surface-veil-1970_to_Ukiyo_e.png,0.46643132,0.0,0.6651407480239868,0.0
Minimalism,Ukiyo_e,Minimalism__eva-hesse_expanded-expansion-1969.jpg,images/Minimalism_Minimalism__eva-hesse_expanded-expansion-1969_to_Ukiyo_e.png,0.4241501,0.0,0.6026192307472229,0.0
Minimalism,Ukiyo_e,Minimalism__ellsworth-kelly_diagonal-1951.jpg,images/Minimalism_Minimalism__ellsworth-kelly_diagonal-1951_to_Ukiyo_e.png,0.38806087,0.0,0.6160185933113098,0.0
Minimalism,Ukiyo_e,Minimalism__john-mclaughlin_number-13-1973.jpg,images/Minimalism_Minimalism__john-mclaughlin_number-13-1973_to_Ukiyo_e.png,0.6540526,0.0,0.6025505661964417,0.0
Minimalism,Early_Renaissance,Minimalism__joan-hernandez-pijuan_untitled-120-1999.jpg,images/Minimalism_Minimalism__joan-hernandez-pijuan_untitled-120-1999_to_Early_Renaissance.png,0.506132,0.0,0.6256158351898193,0.0
Minimalism,Early_Renaissance,Minimalism__mira-schendel_untitled-1984.jpg,images/Minimalism_Minimalism__mira-schendel_untitled-1984_to_Early_Renaissance.png,0.4601189,0.0,0.6338256001472473,0.0
Minimalism,Early_Renaissance,Minimalism__imi-knoebel_weiss-und-schwarz-4-2009.jpg,images/Minimalism_Minimalism__imi-knoebel_weiss-und-schwarz-4-2009_to_Early_Renaissance.png,0.43754464,0.0,0.6414363980293274,0.0
Minimalism,Early_Renaissance,Minimalism__sean-scully_untitled-1973.jpg,images/Minimalism_Minimalism__sean-scully_untitled-1973_to_Early_Renaissance.png,0.56549305,0.0,0.6402753591537476,0.0
Minimalism,Impressionism,Minimalism__joan-hernandez-pijuan_untitled-120-1999.jpg,images/Minimalism_Minimalism__joan-hernandez-pijuan_untitled-120-1999_to_Impressionism.png,0.4863182,0.0,0.6105020046234131,0.0
Minimalism,Impressionism,Minimalism__mira-schendel_untitled-1984.jpg,images/Minimalism_Minimalism__mira-schendel_untitled-1984_to_Impressionism.png,0.3976126,0.0,0.5878826379776001,0.0
Minimalism,Impressionism,Minimalism__imi-knoebel_weiss-und-schwarz-4-2009.jpg,images/Minimalism_Minimalism__imi-knoebel_weiss-und-schwarz-4-2009_to_Impressionism.png,0.39412194,0.0,0.6624940037727356,0.0
Minimalism,Impressionism,Minimalism__sean-scully_untitled-1973.jpg,images/Minimalism_Minimalism__sean-scully_untitled-1973_to_Impressionism.png,0.5321807,0.0,0.6893684267997742,0.0
Minimalism,Minimalism,Minimalism__joan-hernandez-pijuan_untitled-120-1999.jpg,images/Minimalism_Minimalism__joan-hernandez-pijuan_untitled-120-1999_to_Minimalism.png,0.2770237,0.0,0.8469738960266113,0.0
Minimalism,Minimalism,Minimalism__mira-schendel_untitled-1984.jpg,images/Minimalism_Minimalism__mira-schendel_untitled-1984_to_Minimalism.png,0.32313192,0.0,0.788120687007904,0.0
Minimalism,Minimalism,Minimalism__imi-knoebel_weiss-und-schwarz-4-2009.jpg,images/Minimalism_Minimalism__imi-knoebel_weiss-und-schwarz-4-2009_to_Minimalism.png,0.26171845,0.0,0.8975152969360352,0.0
Minimalism,Minimalism,Minimalism__sean-scully_untitled-1973.jpg,images/Minimalism_Minimalism__sean-scully_untitled-1973_to_Minimalism.png,0.3418157,0.0,0.9154922366142273,0.0
Minimalism,Rococo,Minimalism__joan-hernandez-pijuan_untitled-120-1999.jpg,images/Minimalism_Minimalism__joan-hernandez-pijuan_untitled-120-1999_to_Rococo.png,0.5255473,0.0,0.547400712966919,0.0
Minimalism,Rococo,Minimalism__mira-schendel_untitled-1984.jpg,images/Minimalism_Minimalism__mira-schendel_untitled-1984_to_Rococo.png,0.4855247,0.0,0.5608670711517334,0.0
Minimalism,Rococo,Minimalism__imi-knoebel_weiss-und-schwarz-4-2009.jpg,images/Minimalism_Minimalism__imi-knoebel_weiss-und-schwarz-4-2009_to_Rococo.png,0.45624915,0.0,0.6017760038375854,0.0
Minimalism,Rococo,Minimalism__sean-scully_untitled-1973.jpg,images/Minimalism_Minimalism__sean-scully_untitled-1973_to_Rococo.png,0.58545166,0.0,0.5941759347915649,0.0
Minimalism,Ukiyo_e,Minimalism__joan-hernandez-pijuan_untitled-120-1999.jpg,images/Minimalism_Minimalism__joan-hernandez-pijuan_untitled-120-1999_to_Ukiyo_e.png,0.45873863,0.0,0.6320286393165588,0.0
Minimalism,Ukiyo_e,Minimalism__mira-schendel_untitled-1984.jpg,images/Minimalism_Minimalism__mira-schendel_untitled-1984_to_Ukiyo_e.png,0.4159186,0.0,0.6000762581825256,0.0
Minimalism,Ukiyo_e,Minimalism__imi-knoebel_weiss-und-schwarz-4-2009.jpg,images/Minimalism_Minimalism__imi-knoebel_weiss-und-schwarz-4-2009_to_Ukiyo_e.png,0.37793893,0.0,0.6195809245109558,0.0
Minimalism,Ukiyo_e,Minimalism__sean-scully_untitled-1973.jpg,images/Minimalism_Minimalism__sean-scully_untitled-1973_to_Ukiyo_e.png,0.5121289,0.0,0.6666257381439209,0.0
Minimalism,Early_Renaissance,Minimalism__yves-klein_untitled-yellow-monochrome-1956.jpg,images/Minimalism_Minimalism__yves-klein_untitled-yellow-monochrome-1956_to_Early_Renaissance.png,0.5212293,0.0,0.687198281288147,0.0
Minimalism,Early_Renaissance,Minimalism__robert-ryman_conversion-2003.jpg,images/Minimalism_Minimalism__robert-ryman_conversion-2003_to_Early_Renaissance.png,0.46491992,0.0,0.5976521968841553,0.0
Minimalism,Early_Renaissance,Minimalism__pino-pinelli_pittura-r-1993.jpg,images/Minimalism_Minimalism__pino-pinelli_pittura-r-1993_to_Early_Renaissance.png,0.61153054,0.0,0.6350064873695374,0.0
Minimalism,Early_Renaissance,Minimalism__william-scott_bowl-white-on-grey-1962.jpg,images/Minimalism_Minimalism__william-scott_bowl-white-on-grey-1962_to_Early_Renaissance.png,0.560546,0.0,0.6706328392028809,0.0
Minimalism,Impressionism,Minimalism__yves-klein_untitled-yellow-monochrome-1956.jpg,images/Minimalism_Minimalism__yves-klein_untitled-yellow-monochrome-1956_to_Impressionism.png,0.49516693,0.0,0.7760070562362671,0.0
Minimalism,Impressionism,Minimalism__robert-ryman_conversion-2003.jpg,images/Minimalism_Minimalism__robert-ryman_conversion-2003_to_Impressionism.png,0.39631388,0.0,0.5367072820663452,0.0
Minimalism,Impressionism,Minimalism__pino-pinelli_pittura-r-1993.jpg,images/Minimalism_Minimalism__pino-pinelli_pittura-r-1993_to_Impressionism.png,0.55313385,0.0,0.6253477334976196,0.0
Minimalism,Impressionism,Minimalism__william-scott_bowl-white-on-grey-1962.jpg,images/Minimalism_Minimalism__william-scott_bowl-white-on-grey-1962_to_Impressionism.png,0.5087946,0.0,0.6797917485237122,0.0
Minimalism,Minimalism,Minimalism__yves-klein_untitled-yellow-monochrome-1956.jpg,images/Minimalism_Minimalism__yves-klein_untitled-yellow-monochrome-1956_to_Minimalism.png,0.38285077,0.0,0.8839728832244873,0.0
Minimalism,Minimalism,Minimalism__robert-ryman_conversion-2003.jpg,images/Minimalism_Minimalism__robert-ryman_conversion-2003_to_Minimalism.png,0.21536729,0.0,0.869964599609375,0.0
Minimalism,Minimalism,Minimalism__pino-pinelli_pittura-r-1993.jpg,images/Minimalism_Minimalism__pino-pinelli_pittura-r-1993_to_Minimalism.png,0.4270093,0.0,0.8816007375717163,0.0
Minimalism,Minimalism,Minimalism__william-scott_bowl-white-on-grey-1962.jpg,images/Minimalism_Minimalism__william-scott_bowl-white-on-grey-1962_to_Minimalism.png,0.3971038,0.0,0.866883397102356,0.0
Minimalism,Rococo,Minimalism__yves-klein_untitled-yellow-monochrome-1956.jpg,images/Minimalism_Minimalism__yves-klein_untitled-yellow-monochrome-1956_to_Rococo.png,0.56712174,0.0,0.5978212952613831,0.0
Minimalism,Rococo,Minimalism__robert-ryman_conversion-2003.jpg,images/Minimalism_Minimalism__robert-ryman_conversion-2003_to_Rococo.png,0.42505822,0.0,0.5980256199836731,0.0
Minimalism,Rococo,Minimalism__pino-pinelli_pittura-r-1993.jpg,images/Minimalism_Minimalism__pino-pinelli_pittura-r-1993_to_Rococo.png,0.59862465,0.0,0.553697943687439,0.0
Minimalism,Rococo,Minimalism__william-scott_bowl-white-on-grey-1962.jpg,images/Minimalism_Minimalism__william-scott_bowl-white-on-grey-1962_to_Rococo.png,0.55017495,0.0,0.6105718016624451,0.0
Minimalism,Ukiyo_e,Minimalism__yves-klein_untitled-yellow-monochrome-1956.jpg,images/Minimalism_Minimalism__yves-klein_untitled-yellow-monochrome-1956_to_Ukiyo_e.png,0.50098133,0.0,0.6779133081436157,0.0
Minimalism,Ukiyo_e,Minimalism__robert-ryman_conversion-2003.jpg,images/Minimalism_Minimalism__robert-ryman_conversion-2003_to_Ukiyo_e.png,0.46537384,0.0,0.6327447295188904,0.0
Minimalism,Ukiyo_e,Minimalism__pino-pinelli_pittura-r-1993.jpg,images/Minimalism_Minimalism__pino-pinelli_pittura-r-1993_to_Ukiyo_e.png,0.5761328,0.0,0.6444441676139832,0.0
Minimalism,Ukiyo_e,Minimalism__william-scott_bowl-white-on-grey-1962.jpg,images/Minimalism_Minimalism__william-scott_bowl-white-on-grey-1962_to_Ukiyo_e.png,0.5165389,0.0,0.6128963828086853,0.0
Minimalism,Early_Renaissance,Minimalism__alvaro-lapa_criminals-and-their-properties-1974.jpg,images/Minimalism_Minimalism__alvaro-lapa_criminals-and-their-properties-1974_to_Early_Renaissance.png,0.5140312,0.0,0.6299452185630798,0.0
Minimalism,Early_Renaissance,Minimalism__john-mclaughlin_number-4.jpg,images/Minimalism_Minimalism__john-mclaughlin_number-4_to_Early_Renaissance.png,0.506744,0.0,0.6252981424331665,0.0
Minimalism,Early_Renaissance,Minimalism__robert-mangold_ellow-black-zone-painting-iv-1996.jpg,images/Minimalism_Minimalism__robert-mangold_ellow-black-zone-painting-iv-1996_to_Early_Renaissance.png,0.4854305,0.0,0.587303102016449,0.0
Minimalism,Early_Renaissance,Minimalism__brice-marden_joined-2011.jpg,images/Minimalism_Minimalism__brice-marden_joined-2011_to_Early_Renaissance.png,0.46850565,0.0,0.6469049453735352,0.0
Minimalism,Impressionism,Minimalism__alvaro-lapa_criminals-and-their-properties-1974.jpg,images/Minimalism_Minimalism__alvaro-lapa_criminals-and-their-properties-1974_to_Impressionism.png,0.48207802,0.0,0.650995135307312,0.0
Minimalism,Impressionism,Minimalism__john-mclaughlin_number-4.jpg,images/Minimalism_Minimalism__john-mclaughlin_number-4_to_Impressionism.png,0.48956752,0.0,0.615696907043457,0.0
Minimalism,Impressionism,Minimalism__robert-mangold_ellow-black-zone-painting-iv-1996.jpg,images/Minimalism_Minimalism__robert-mangold_ellow-black-zone-painting-iv-1996_to_Impressionism.png,0.46189833,0.0,0.6650708913803101,0.0
Minimalism,Impressionism,Minimalism__brice-marden_joined-2011.jpg,images/Minimalism_Minimalism__brice-marden_joined-2011_to_Impressionism.png,0.41832316,0.0,0.6779454350471497,0.0
Minimalism,Minimalism,Minimalism__alvaro-lapa_criminals-and-their-properties-1974.jpg,images/Minimalism_Minimalism__alvaro-lapa_criminals-and-their-properties-1974_to_Minimalism.png,0.36010528,0.0,0.9146761894226074,0.0
Minimalism,Minimalism,Minimalism__john-mclaughlin_number-4.jpg,images/Minimalism_Minimalism__john-mclaughlin_number-4_to_Minimalism.png,0.27807307,0.0,0.7924304008483887,0.0
Minimalism,Minimalism,Minimalism__robert-mangold_ellow-black-zone-painting-iv-1996.jpg,images/Minimalism_Minimalism__robert-mangold_ellow-black-zone-painting-iv-1996_to_Minimalism.png,0.31128415,0.0,0.9193573594093323,0.0
Minimalism,Minimalism,Minimalism__brice-marden_joined-2011.jpg,images/Minimalism_Minimalism__brice-marden_joined-2011_to_Minimalism.png,0.18274763,0.0,0.862185537815094,0.0
Minimalism,Rococo,Minimalism__alvaro-lapa_criminals-and-their-properties-1974.jpg,images/Minimalism_Minimalism__alvaro-lapa_criminals-and-their-properties-1974_to_Rococo.png,0.53294337,0.0,0.5950865745544434,0.0
Minimalism,Rococo,Minimalism__john-mclaughlin_number-4.jpg,images/Minimalism_Minimalism__john-mclaughlin_number-4_to_Rococo.png,0.5422891,0.0,0.57746422290802,0.0
Minimalism,Rococo,Minimalism__robert-mangold_ellow-black-zone-painting-iv-1996.jpg,images/Minimalism_Minimalism__robert-mangold_ellow-black-zone-painting-iv-1996_to_Rococo.png,0.4663716,0.0,0.5286639928817749,0.0
Minimalism,Rococo,Minimalism__brice-marden_joined-2011.jpg,images/Minimalism_Minimalism__brice-marden_joined-2011_to_Rococo.png,0.48970345,0.0,0.6068010330200195,0.0
Minimalism,Ukiyo_e,Minimalism__alvaro-lapa_criminals-and-their-properties-1974.jpg,images/Minimalism_Minimalism__alvaro-lapa_criminals-and-their-properties-1974_to_Ukiyo_e.png,0.49934024,0.0,0.6591328978538513,0.0
Minimalism,Ukiyo_e,Minimalism__john-mclaughlin_number-4.jpg,images/Minimalism_Minimalism__john-mclaughlin_number-4_to_Ukiyo_e.png,0.47721308,0.0,0.5901649594306946,0.0
Minimalism,Ukiyo_e,Minimalism__robert-mangold_ellow-black-zone-painting-iv-1996.jpg,images/Minimalism_Minimalism__robert-mangold_ellow-black-zone-painting-iv-1996_to_Ukiyo_e.png,0.47693792,0.0,0.5909144878387451,0.0
Minimalism,Ukiyo_e,Minimalism__brice-marden_joined-2011.jpg,images/Minimalism_Minimalism__brice-marden_joined-2011_to_Ukiyo_e.png,0.40224,0.0,0.6798819303512573,0.0
Minimalism,Early_Renaissance,Minimalism__richard-tuttle_relative-to-our-society-1990.jpg,images/Minimalism_Minimalism__richard-tuttle_relative-to-our-society-1990_to_Early_Renaissance.png,0.5082253,0.0,0.6320872902870178,0.0
Minimalism,Early_Renaissance,Minimalism__yves-gaucher_traces-2000.jpg,images/Minimalism_Minimalism__yves-gaucher_traces-2000_to_Early_Renaissance.png,0.4597666,0.0,0.6222394704818726,0.0
Minimalism,Early_Renaissance,Minimalism__dan-flavin_greens-crossing-greens-to-piet-mondrian-who-lacked-green-1966.jpg,images/Minimalism_Minimalism__dan-flavin_greens-crossing-greens-to-piet-mondrian-who-lacked-green-1966_to_Early_Renaissance.png,0.5372999,0.0,0.6322848796844482,0.0
Minimalism,Early_Renaissance,Minimalism__ruth-vollmer_trimer-monomer-dimer-1965.jpg,images/Minimalism_Minimalism__ruth-vollmer_trimer-monomer-dimer-1965_to_Early_Renaissance.png,0.579085,0.0,0.6089727282524109,0.0
Minimalism,Impressionism,Minimalism__richard-tuttle_relative-to-our-society-1990.jpg,images/Minimalism_Minimalism__richard-tuttle_relative-to-our-society-1990_to_Impressionism.png,0.459752,0.0,0.674684464931488,0.0
Minimalism,Impressionism,Minimalism__yves-gaucher_traces-2000.jpg,images/Minimalism_Minimalism__yves-gaucher_traces-2000_to_Impressionism.png,0.41487038,0.0,0.6367819309234619,0.0
Minimalism,Impressionism,Minimalism__dan-flavin_greens-crossing-greens-to-piet-mondrian-who-lacked-green-1966.jpg,images/Minimalism_Minimalism__dan-flavin_greens-crossing-greens-to-piet-mondrian-who-lacked-green-1966_to_Impressionism.png,0.48274988,0.0,0.5719879269599915,0.0
Minimalism,Impressionism,Minimalism__ruth-vollmer_trimer-monomer-dimer-1965.jpg,images/Minimalism_Minimalism__ruth-vollmer_trimer-monomer-dimer-1965_to_Impressionism.png,0.56035054,0.0,0.5341393351554871,0.0
Minimalism,Minimalism,Minimalism__richard-tuttle_relative-to-our-society-1990.jpg,images/Minimalism_Minimalism__richard-tuttle_relative-to-our-society-1990_to_Minimalism.png,0.3178196,0.0,0.8708502054214478,0.0
Minimalism,Minimalism,Minimalism__yves-gaucher_traces-2000.jpg,images/Minimalism_Minimalism__yves-gaucher_traces-2000_to_Minimalism.png,0.28959945,0.0,0.9038519859313965,0.0
Minimalism,Minimalism,Minimalism__dan-flavin_greens-crossing-greens-to-piet-mondrian-who-lacked-green-1966.jpg,images/Minimalism_Minimalism__dan-flavin_greens-crossing-greens-to-piet-mondrian-who-lacked-green-1966_to_Minimalism.png,0.3898852,0.0,0.8654909729957581,0.0
Minimalism,Minimalism,Minimalism__ruth-vollmer_trimer-monomer-dimer-1965.jpg,images/Minimalism_Minimalism__ruth-vollmer_trimer-monomer-dimer-1965_to_Minimalism.png,0.41063732,0.0,0.6910660862922668,0.0
Minimalism,Rococo,Minimalism__richard-tuttle_relative-to-our-society-1990.jpg,images/Minimalism_Minimalism__richard-tuttle_relative-to-our-society-1990_to_Rococo.png,0.5131296,0.0,0.5800370573997498,0.0
Minimalism,Rococo,Minimalism__yves-gaucher_traces-2000.jpg,images/Minimalism_Minimalism__yves-gaucher_traces-2000_to_Rococo.png,0.47950092,0.0,0.5864968299865723,0.0
Minimalism,Rococo,Minimalism__dan-flavin_greens-crossing-greens-to-piet-mondrian-who-lacked-green-1966.jpg,images/Minimalism_Minimalism__dan-flavin_greens-crossing-greens-to-piet-mondrian-who-lacked-green-1966_to_Rococo.png,0.48244226,0.0,0.5420042276382446,0.0
Minimalism,Rococo,Minimalism__ruth-vollmer_trimer-monomer-dimer-1965.jpg,images/Minimalism_Minimalism__ruth-vollmer_trimer-monomer-dimer-1965_to_Rococo.png,0.568753,0.0,0.5700410008430481,0.0
Minimalism,Ukiyo_e,Minimalism__richard-tuttle_relative-to-our-society-1990.jpg,images/Minimalism_Minimalism__richard-tuttle_relative-to-our-society-1990_to_Ukiyo_e.png,0.45437056,0.0,0.6482188105583191,0.0
Minimalism,Ukiyo_e,Minimalism__yves-gaucher_traces-2000.jpg,images/Minimalism_Minimalism__yves-gaucher_traces-2000_to_Ukiyo_e.png,0.39275175,0.0,0.6363698244094849,0.0
Minimalism,Ukiyo_e,Minimalism__dan-flavin_greens-crossing-greens-to-piet-mondrian-who-lacked-green-1966.jpg,images/Minimalism_Minimalism__dan-flavin_greens-crossing-greens-to-piet-mondrian-who-lacked-green-1966_to_Ukiyo_e.png,0.5064367,0.0,0.5839610695838928,0.0
Minimalism,Ukiyo_e,Minimalism__ruth-vollmer_trimer-monomer-dimer-1965.jpg,images/Minimalism_Minimalism__ruth-vollmer_trimer-monomer-dimer-1965_to_Ukiyo_e.png,0.5492973,0.0,0.5793727040290833,0.0
Minimalism,Early_Renaissance,Minimalism__fernando-lanhas_o39-68-1968.jpg,images/Minimalism_Minimalism__fernando-lanhas_o39-68-1968_to_Early_Renaissance.png,0.50980407,0.0,0.6416389346122742,0.0
Minimalism,Early_Renaissance,Minimalism__frank-stella_gezira-from-black-series-ii-1967.jpg,images/Minimalism_Minimalism__frank-stella_gezira-from-black-series-ii-1967_to_Early_Renaissance.png,0.44878754,0.0,0.5833197236061096,0.0
Minimalism,Early_Renaissance,Minimalism__ronald-davis_zig-zag-times-two-1966.jpg,images/Minimalism_Minimalism__ronald-davis_zig-zag-times-two-1966_to_Early_Renaissance.png,0.4623338,0.0,0.5884275436401367,0.0
Minimalism,Early_Renaissance,Minimalism__agnes-martin_happy-valley-1967.jpg,images/Minimalism_Minimalism__agnes-martin_happy-valley-1967_to_Early_Renaissance.png,0.4533653,0.0,0.6646549701690674,0.0
Minimalism,Impressionism,Minimalism__fernando-lanhas_o39-68-1968.jpg,images/Minimalism_Minimalism__fernando-lanhas_o39-68-1968_to_Impressionism.png,0.48242092,0.0,0.608544111251831,0.0
Minimalism,Impressionism,Minimalism__frank-stella_gezira-from-black-series-ii-1967.jpg,images/Minimalism_Minimalism__frank-stella_gezira-from-black-series-ii-1967_to_Impressionism.png,0.41532612,0.0,0.5449905395507812,0.0
Minimalism,Impressionism,Minimalism__ronald-davis_zig-zag-times-two-1966.jpg,images/Minimalism_Minimalism__ronald-davis_zig-zag-times-two-1966_to_Impressionism.png,0.44768816,0.0,0.5826481580734253,0.0
Minimalism,Impressionism,Minimalism__agnes-martin_happy-valley-1967.jpg,images/Minimalism_Minimalism__agnes-martin_happy-valley-1967_to_Impressionism.png,0.38327095,0.0,0.7235912680625916,0.0
Minimalism,Minimalism,Minimalism__fernando-lanhas_o39-68-1968.jpg,images/Minimalism_Minimalism__fernando-lanhas_o39-68-1968_to_Minimalism.png,0.34227955,0.0,0.8896679878234863,0.0
Minimalism,Minimalism,Minimalism__frank-stella_gezira-from-black-series-ii-1967.jpg,images/Minimalism_Minimalism__frank-stella_gezira-from-black-series-ii-1967_to_Minimalism.png,0.16788614,0.0,0.9007763266563416,0.0
Minimalism,Minimalism,Minimalism__ronald-davis_zig-zag-times-two-1966.jpg,images/Minimalism_Minimalism__ronald-davis_zig-zag-times-two-1966_to_Minimalism.png,0.17839904,0.0,0.8400489687919617,0.0
Minimalism,Minimalism,Minimalism__agnes-martin_happy-valley-1967.jpg,images/Minimalism_Minimalism__agnes-martin_happy-valley-1967_to_Minimalism.png,0.25673705,0.0,0.8909624218940735,0.0
Minimalism,Rococo,Minimalism__fernando-lanhas_o39-68-1968.jpg,images/Minimalism_Minimalism__fernando-lanhas_o39-68-1968_to_Rococo.png,0.50310624,0.0,0.5651836395263672,0.0
Minimalism,Rococo,Minimalism__frank-stella_gezira-from-black-series-ii-1967.jpg,images/Minimalism_Minimalism__frank-stella_gezira-from-black-series-ii-1967_to_Rococo.png,0.46860904,0.0,0.5595852732658386,0.0
Minimalism,Rococo,Minimalism__ronald-davis_zig-zag-times-two-1966.jpg,images/Minimalism_Minimalism__ronald-davis_zig-zag-times-two-1966_to_Rococo.png,0.45689103,0.0,0.5681425929069519,0.0
Minimalism,Rococo,Minimalism__agnes-martin_happy-valley-1967.jpg,images/Minimalism_Minimalism__agnes-martin_happy-valley-1967_to_Rococo.png,0.4674627,0.0,0.6282985210418701,0.0
Minimalism,Ukiyo_e,Minimalism__fernando-lanhas_o39-68-1968.jpg,images/Minimalism_Minimalism__fernando-lanhas_o39-68-1968_to_Ukiyo_e.png,0.47136226,0.0,0.6606894731521606,0.0
Minimalism,Ukiyo_e,Minimalism__frank-stella_gezira-from-black-series-ii-1967.jpg,images/Minimalism_Minimalism__frank-stella_gezira-from-black-series-ii-1967_to_Ukiyo_e.png,0.4185639,0.0,0.6513106822967529,0.0
Minimalism,Ukiyo_e,Minimalism__ronald-davis_zig-zag-times-two-1966.jpg,images/Minimalism_Minimalism__ronald-davis_zig-zag-times-two-1966_to_Ukiyo_e.png,0.44364196,0.0,0.5781524181365967,0.0
Minimalism,Ukiyo_e,Minimalism__agnes-martin_happy-valley-1967.jpg,images/Minimalism_Minimalism__agnes-martin_happy-valley-1967_to_Ukiyo_e.png,0.4178336,0.0,0.6814056634902954,0.0
Minimalism,Early_Renaissance,Minimalism__bruce-nauman_la-brea-art-tips-rat-spit-tar-pits-1972.jpg,images/Minimalism_Minimalism__bruce-nauman_la-brea-art-tips-rat-spit-tar-pits-1972_to_Early_Renaissance.png,0.41438276,0.0,0.6173201203346252,0.0
Minimalism,Early_Renaissance,Minimalism__robert-morris_box-with-the-sound-of-its-own-making-1961.jpg,images/Minimalism_Minimalism__robert-morris_box-with-the-sound-of-its-own-making-1961_to_Early_Renaissance.png,0.41797516,0.0,0.5983867049217224,0.0
Rococo,Early_Renaissance,Rococo__joshua-reynolds_colonel-george-k-h-coussmaker-grenadier-guards.jpg,images/Rococo_Rococo__joshua-reynolds_colonel-george-k-h-coussmaker-grenadier-guards_to_Early_Renaissance.png,0.55192673,0.0,0.7329234480857849,0.0
Rococo,Early_Renaissance,Rococo__giovanni-domenico-tiepolo_christ-s-fall-on-the-way-to-calvary-1772.jpg,images/Rococo_Rococo__giovanni-domenico-tiepolo_christ-s-fall-on-the-way-to-calvary-1772_to_Early_Renaissance.png,0.5869698,0.0,0.7188165783882141,0.0
Minimalism,Impressionism,Minimalism__bruce-nauman_la-brea-art-tips-rat-spit-tar-pits-1972.jpg,images/Minimalism_Minimalism__bruce-nauman_la-brea-art-tips-rat-spit-tar-pits-1972_to_Impressionism.png,0.40953928,0.0,0.6570161581039429,0.0
Minimalism,Impressionism,Minimalism__robert-morris_box-with-the-sound-of-its-own-making-1961.jpg,images/Minimalism_Minimalism__robert-morris_box-with-the-sound-of-its-own-making-1961_to_Impressionism.png,0.4049764,0.0,0.5945314168930054,0.0
Rococo,Impressionism,Rococo__joshua-reynolds_colonel-george-k-h-coussmaker-grenadier-guards.jpg,images/Rococo_Rococo__joshua-reynolds_colonel-george-k-h-coussmaker-grenadier-guards_to_Impressionism.png,0.5674993,0.0,0.7529888153076172,0.0
Rococo,Impressionism,Rococo__giovanni-domenico-tiepolo_christ-s-fall-on-the-way-to-calvary-1772.jpg,images/Rococo_Rococo__giovanni-domenico-tiepolo_christ-s-fall-on-the-way-to-calvary-1772_to_Impressionism.png,0.59137595,0.0,0.7687172889709473,0.0
Minimalism,Minimalism,Minimalism__bruce-nauman_la-brea-art-tips-rat-spit-tar-pits-1972.jpg,images/Minimalism_Minimalism__bruce-nauman_la-brea-art-tips-rat-spit-tar-pits-1972_to_Minimalism.png,0.33724087,0.0,0.796360969543457,0.0
Minimalism,Minimalism,Minimalism__robert-morris_box-with-the-sound-of-its-own-making-1961.jpg,images/Minimalism_Minimalism__robert-morris_box-with-the-sound-of-its-own-making-1961_to_Minimalism.png,0.31760567,0.0,0.8391793966293335,0.0
Rococo,Minimalism,Rococo__joshua-reynolds_colonel-george-k-h-coussmaker-grenadier-guards.jpg,images/Rococo_Rococo__joshua-reynolds_colonel-george-k-h-coussmaker-grenadier-guards_to_Minimalism.png,0.5535521,0.0,0.7532386779785156,0.0
Rococo,Minimalism,Rococo__giovanni-domenico-tiepolo_christ-s-fall-on-the-way-to-calvary-1772.jpg,images/Rococo_Rococo__giovanni-domenico-tiepolo_christ-s-fall-on-the-way-to-calvary-1772_to_Minimalism.png,0.5284995,0.0,0.6365198493003845,0.0
Minimalism,Rococo,Minimalism__bruce-nauman_la-brea-art-tips-rat-spit-tar-pits-1972.jpg,images/Minimalism_Minimalism__bruce-nauman_la-brea-art-tips-rat-spit-tar-pits-1972_to_Rococo.png,0.39146182,0.0,0.5522887706756592,0.0
Minimalism,Rococo,Minimalism__robert-morris_box-with-the-sound-of-its-own-making-1961.jpg,images/Minimalism_Minimalism__robert-morris_box-with-the-sound-of-its-own-making-1961_to_Rococo.png,0.46544662,0.0,0.5536502003669739,0.0
Rococo,Rococo,Rococo__joshua-reynolds_colonel-george-k-h-coussmaker-grenadier-guards.jpg,images/Rococo_Rococo__joshua-reynolds_colonel-george-k-h-coussmaker-grenadier-guards_to_Rococo.png,0.5557488,0.0,0.6551632285118103,0.0
Rococo,Rococo,Rococo__giovanni-domenico-tiepolo_christ-s-fall-on-the-way-to-calvary-1772.jpg,images/Rococo_Rococo__giovanni-domenico-tiepolo_christ-s-fall-on-the-way-to-calvary-1772_to_Rococo.png,0.59249103,0.0,0.6293543577194214,0.0
Minimalism,Ukiyo_e,Minimalism__bruce-nauman_la-brea-art-tips-rat-spit-tar-pits-1972.jpg,images/Minimalism_Minimalism__bruce-nauman_la-brea-art-tips-rat-spit-tar-pits-1972_to_Ukiyo_e.png,0.39768916,0.0,0.6328732371330261,0.0
Minimalism,Ukiyo_e,Minimalism__robert-morris_box-with-the-sound-of-its-own-making-1961.jpg,images/Minimalism_Minimalism__robert-morris_box-with-the-sound-of-its-own-making-1961_to_Ukiyo_e.png,0.38730893,0.0,0.6200635433197021,0.0
Rococo,Ukiyo_e,Rococo__joshua-reynolds_colonel-george-k-h-coussmaker-grenadier-guards.jpg,images/Rococo_Rococo__joshua-reynolds_colonel-george-k-h-coussmaker-grenadier-guards_to_Ukiyo_e.png,0.5634934,0.0,0.7540318965911865,0.0
Rococo,Ukiyo_e,Rococo__giovanni-domenico-tiepolo_christ-s-fall-on-the-way-to-calvary-1772.jpg,images/Rococo_Rococo__giovanni-domenico-tiepolo_christ-s-fall-on-the-way-to-calvary-1772_to_Ukiyo_e.png,0.59141666,0.0,0.7032464742660522,0.0
Rococo,Early_Renaissance,Rococo__dmitry-levitzky_maria-feodorovna.jpg,images/Rococo_Rococo__dmitry-levitzky_maria-feodorovna_to_Early_Renaissance.png,0.52825713,0.0,0.7209270000457764,0.0
Rococo,Early_Renaissance,Rococo__thomas-gainsborough_a-peasant-girl-with-dog-and-jug-1785.jpg,images/Rococo_Rococo__thomas-gainsborough_a-peasant-girl-with-dog-and-jug-1785_to_Early_Renaissance.png,0.49175435,0.0,0.7118273377418518,0.0
Rococo,Early_Renaissance,Rococo__maurice-quentin-de-la-tour_marie-josephe-of-saxony-1.jpg,images/Rococo_Rococo__maurice-quentin-de-la-tour_marie-josephe-of-saxony-1_to_Early_Renaissance.png,0.44658524,0.0,0.703127384185791,0.0
Rococo,Early_Renaissance,Rococo__bernardo-bellotto_view-of-dresden-the-dresden-fortifications-moat-with-a-bridge-between-gate-and-post-mile-pillar.jpg,images/Rococo_Rococo__bernardo-bellotto_view-of-dresden-the-dresden-fortifications-moat-with-a-bridge-between-gate-and-post-mile-pillar_to_Early_Renaissance.png,0.4364832,0.0,0.7161692380905151,0.0
Rococo,Impressionism,Rococo__dmitry-levitzky_maria-feodorovna.jpg,images/Rococo_Rococo__dmitry-levitzky_maria-feodorovna_to_Impressionism.png,0.51220846,0.0,0.7292144894599915,0.0
Rococo,Impressionism,Rococo__thomas-gainsborough_a-peasant-girl-with-dog-and-jug-1785.jpg,images/Rococo_Rococo__thomas-gainsborough_a-peasant-girl-with-dog-and-jug-1785_to_Impressionism.png,0.505484,0.0,0.7899913787841797,0.0
Rococo,Impressionism,Rococo__maurice-quentin-de-la-tour_marie-josephe-of-saxony-1.jpg,images/Rococo_Rococo__maurice-quentin-de-la-tour_marie-josephe-of-saxony-1_to_Impressionism.png,0.4627345,0.0,0.7076752185821533,0.0
Rococo,Impressionism,Rococo__bernardo-bellotto_view-of-dresden-the-dresden-fortifications-moat-with-a-bridge-between-gate-and-post-mile-pillar.jpg,images/Rococo_Rococo__bernardo-bellotto_view-of-dresden-the-dresden-fortifications-moat-with-a-bridge-between-gate-and-post-mile-pillar_to_Impressionism.png,0.4287644,0.0,0.7552870512008667,0.0
Rococo,Minimalism,Rococo__dmitry-levitzky_maria-feodorovna.jpg,images/Rococo_Rococo__dmitry-levitzky_maria-feodorovna_to_Minimalism.png,0.435008,0.0,0.6815167665481567,0.0
Rococo,Minimalism,Rococo__thomas-gainsborough_a-peasant-girl-with-dog-and-jug-1785.jpg,images/Rococo_Rococo__thomas-gainsborough_a-peasant-girl-with-dog-and-jug-1785_to_Minimalism.png,0.54509056,0.0,0.7715767621994019,0.0
Rococo,Minimalism,Rococo__maurice-quentin-de-la-tour_marie-josephe-of-saxony-1.jpg,images/Rococo_Rococo__maurice-quentin-de-la-tour_marie-josephe-of-saxony-1_to_Minimalism.png,0.511735,0.0,0.6417772173881531,0.0
Rococo,Minimalism,Rococo__bernardo-bellotto_view-of-dresden-the-dresden-fortifications-moat-with-a-bridge-between-gate-and-post-mile-pillar.jpg,images/Rococo_Rococo__bernardo-bellotto_view-of-dresden-the-dresden-fortifications-moat-with-a-bridge-between-gate-and-post-mile-pillar_to_Minimalism.png,0.44466436,0.0,0.756830632686615,0.0
Rococo,Rococo,Rococo__dmitry-levitzky_maria-feodorovna.jpg,images/Rococo_Rococo__dmitry-levitzky_maria-feodorovna_to_Rococo.png,0.56323826,0.0,0.6700684428215027,0.0
Rococo,Rococo,Rococo__thomas-gainsborough_a-peasant-girl-with-dog-and-jug-1785.jpg,images/Rococo_Rococo__thomas-gainsborough_a-peasant-girl-with-dog-and-jug-1785_to_Rococo.png,0.54019463,0.0,0.6331765651702881,0.0
Rococo,Rococo,Rococo__maurice-quentin-de-la-tour_marie-josephe-of-saxony-1.jpg,images/Rococo_Rococo__maurice-quentin-de-la-tour_marie-josephe-of-saxony-1_to_Rococo.png,0.44827223,0.0,0.7039144039154053,0.0
Rococo,Rococo,Rococo__bernardo-bellotto_view-of-dresden-the-dresden-fortifications-moat-with-a-bridge-between-gate-and-post-mile-pillar.jpg,images/Rococo_Rococo__bernardo-bellotto_view-of-dresden-the-dresden-fortifications-moat-with-a-bridge-between-gate-and-post-mile-pillar_to_Rococo.png,0.4876027,0.0,0.631077766418457,0.0
Rococo,Ukiyo_e,Rococo__dmitry-levitzky_maria-feodorovna.jpg,images/Rococo_Rococo__dmitry-levitzky_maria-feodorovna_to_Ukiyo_e.png,0.50656927,0.0,0.6936568021774292,0.0
Rococo,Ukiyo_e,Rococo__thomas-gainsborough_a-peasant-girl-with-dog-and-jug-1785.jpg,images/Rococo_Rococo__thomas-gainsborough_a-peasant-girl-with-dog-and-jug-1785_to_Ukiyo_e.png,0.51152706,0.0,0.7250243425369263,0.0
Rococo,Ukiyo_e,Rococo__maurice-quentin-de-la-tour_marie-josephe-of-saxony-1.jpg,images/Rococo_Rococo__maurice-quentin-de-la-tour_marie-josephe-of-saxony-1_to_Ukiyo_e.png,0.46897393,0.0,0.7096152901649475,0.0
Rococo,Ukiyo_e,Rococo__bernardo-bellotto_view-of-dresden-the-dresden-fortifications-moat-with-a-bridge-between-gate-and-post-mile-pillar.jpg,images/Rococo_Rococo__bernardo-bellotto_view-of-dresden-the-dresden-fortifications-moat-with-a-bridge-between-gate-and-post-mile-pillar_to_Ukiyo_e.png,0.41183597,0.0,0.6718242168426514,0.0
Rococo,Early_Renaissance,Rococo__bernardo-bellotto_pirna-seen-from-the-right-bank-of-the-elbe.jpg,images/Rococo_Rococo__bernardo-bellotto_pirna-seen-from-the-right-bank-of-the-elbe_to_Early_Renaissance.png,0.50939304,0.0,0.7071337103843689,0.0
Rococo,Early_Renaissance,Rococo__dmitry-levitzky_portrait-of-unknown-woman-with-a-rose-1788.jpg,images/Rococo_Rococo__dmitry-levitzky_portrait-of-unknown-woman-with-a-rose-1788_to_Early_Renaissance.png,0.47070894,0.0,0.7223985195159912,0.0
Rococo,Early_Renaissance,Rococo__dmitry-levitzky_portrait-of-maria-palovna-narychkina-1773.jpg,images/Rococo_Rococo__dmitry-levitzky_portrait-of-maria-palovna-narychkina-1773_to_Early_Renaissance.png,0.4728701,0.0,0.6831819415092468,0.0
Rococo,Early_Renaissance,Rococo__giovanni-domenico-tiepolo_the-new-world-1797.jpg,images/Rococo_Rococo__giovanni-domenico-tiepolo_the-new-world-1797_to_Early_Renaissance.png,0.46959507,0.0,0.6921820044517517,0.0
Rococo,Impressionism,Rococo__bernardo-bellotto_pirna-seen-from-the-right-bank-of-the-elbe.jpg,images/Rococo_Rococo__bernardo-bellotto_pirna-seen-from-the-right-bank-of-the-elbe_to_Impressionism.png,0.49254847,0.0,0.8417999744415283,0.0
Rococo,Impressionism,Rococo__dmitry-levitzky_portrait-of-unknown-woman-with-a-rose-1788.jpg,images/Rococo_Rococo__dmitry-levitzky_portrait-of-unknown-woman-with-a-rose-1788_to_Impressionism.png,0.47823262,0.0,0.7025350332260132,0.0
Rococo,Impressionism,Rococo__dmitry-levitzky_portrait-of-maria-palovna-narychkina-1773.jpg,images/Rococo_Rococo__dmitry-levitzky_portrait-of-maria-palovna-narychkina-1773_to_Impressionism.png,0.48428905,0.0,0.6735390424728394,0.0
Rococo,Impressionism,Rococo__giovanni-domenico-tiepolo_the-new-world-1797.jpg,images/Rococo_Rococo__giovanni-domenico-tiepolo_the-new-world-1797_to_Impressionism.png,0.48315883,0.0,0.813299298286438,0.0
Rococo,Minimalism,Rococo__bernardo-bellotto_pirna-seen-from-the-right-bank-of-the-elbe.jpg,images/Rococo_Rococo__bernardo-bellotto_pirna-seen-from-the-right-bank-of-the-elbe_to_Minimalism.png,0.5053872,0.0,0.8142351508140564,0.0
Rococo,Minimalism,Rococo__dmitry-levitzky_portrait-of-unknown-woman-with-a-rose-1788.jpg,images/Rococo_Rococo__dmitry-levitzky_portrait-of-unknown-woman-with-a-rose-1788_to_Minimalism.png,0.57097244,0.0,0.6387355923652649,0.0
Rococo,Minimalism,Rococo__dmitry-levitzky_portrait-of-maria-palovna-narychkina-1773.jpg,images/Rococo_Rococo__dmitry-levitzky_portrait-of-maria-palovna-narychkina-1773_to_Minimalism.png,0.5273694,0.0,0.6696067452430725,0.0
Rococo,Minimalism,Rococo__giovanni-domenico-tiepolo_the-new-world-1797.jpg,images/Rococo_Rococo__giovanni-domenico-tiepolo_the-new-world-1797_to_Minimalism.png,0.48412508,0.0,0.78326016664505,0.0
Rococo,Rococo,Rococo__bernardo-bellotto_pirna-seen-from-the-right-bank-of-the-elbe.jpg,images/Rococo_Rococo__bernardo-bellotto_pirna-seen-from-the-right-bank-of-the-elbe_to_Rococo.png,0.53998107,0.0,0.6523092985153198,0.0
Rococo,Rococo,Rococo__dmitry-levitzky_portrait-of-unknown-woman-with-a-rose-1788.jpg,images/Rococo_Rococo__dmitry-levitzky_portrait-of-unknown-woman-with-a-rose-1788_to_Rococo.png,0.49074268,0.0,0.6786692142486572,0.0
Rococo,Rococo,Rococo__dmitry-levitzky_portrait-of-maria-palovna-narychkina-1773.jpg,images/Rococo_Rococo__dmitry-levitzky_portrait-of-maria-palovna-narychkina-1773_to_Rococo.png,0.40513277,0.0,0.6896362900733948,0.0
Rococo,Rococo,Rococo__giovanni-domenico-tiepolo_the-new-world-1797.jpg,images/Rococo_Rococo__giovanni-domenico-tiepolo_the-new-world-1797_to_Rococo.png,0.51503694,0.0,0.6401916146278381,0.0
Rococo,Ukiyo_e,Rococo__bernardo-bellotto_pirna-seen-from-the-right-bank-of-the-elbe.jpg,images/Rococo_Rococo__bernardo-bellotto_pirna-seen-from-the-right-bank-of-the-elbe_to_Ukiyo_e.png,0.5115546,0.0,0.7140005230903625,0.0
Rococo,Ukiyo_e,Rococo__dmitry-levitzky_portrait-of-unknown-woman-with-a-rose-1788.jpg,images/Rococo_Rococo__dmitry-levitzky_portrait-of-unknown-woman-with-a-rose-1788_to_Ukiyo_e.png,0.48463738,0.0,0.6719588041305542,0.0
Rococo,Ukiyo_e,Rococo__dmitry-levitzky_portrait-of-maria-palovna-narychkina-1773.jpg,images/Rococo_Rococo__dmitry-levitzky_portrait-of-maria-palovna-narychkina-1773_to_Ukiyo_e.png,0.50049126,0.0,0.6617297530174255,0.0
Rococo,Ukiyo_e,Rococo__giovanni-domenico-tiepolo_the-new-world-1797.jpg,images/Rococo_Rococo__giovanni-domenico-tiepolo_the-new-world-1797_to_Ukiyo_e.png,0.46321744,0.0,0.6676083207130432,0.0
Rococo,Early_Renaissance,Rococo__carl-ludwig-johann-christineck_portrait-of-paul-of-russia-dressed-as-chevalier-of-the-order-of-st-andrew-1760.jpg,images/Rococo_Rococo__carl-ludwig-johann-christineck_portrait-of-paul-of-russia-dressed-as-chevalier-of-the-order-of-st-andrew-1760_to_Early_Renaissance.png,0.4982974,0.0,0.6609735488891602,0.0
Rococo,Early_Renaissance,Rococo__thomas-gainsborough_a-coastal-landscape-1782.jpg,images/Rococo_Rococo__thomas-gainsborough_a-coastal-landscape-1782_to_Early_Renaissance.png,0.4922306,0.0,0.6858421564102173,0.0
Rococo,Early_Renaissance,Rococo__william-hogarth_the-countess-s-morning-levee.jpg,images/Rococo_Rococo__william-hogarth_the-countess-s-morning-levee_to_Early_Renaissance.png,0.4594166,0.0,0.7280553579330444,0.0
Rococo,Early_Renaissance,Rococo__louise-elisabeth-vigee-le-brun_the-bather-1792.jpg,images/Rococo_Rococo__louise-elisabeth-vigee-le-brun_the-bather-1792_to_Early_Renaissance.png,0.49984717,0.0,0.7082406878471375,0.0
Rococo,Impressionism,Rococo__carl-ludwig-johann-christineck_portrait-of-paul-of-russia-dressed-as-chevalier-of-the-order-of-st-andrew-1760.jpg,images/Rococo_Rococo__carl-ludwig-johann-christineck_portrait-of-paul-of-russia-dressed-as-chevalier-of-the-order-of-st-andrew-1760_to_Impressionism.png,0.50471795,0.0,0.7060779333114624,0.0
Rococo,Impressionism,Rococo__thomas-gainsborough_a-coastal-landscape-1782.jpg,images/Rococo_Rococo__thomas-gainsborough_a-coastal-landscape-1782_to_Impressionism.png,0.49703905,0.0,0.8067415952682495,0.0
Rococo,Impressionism,Rococo__william-hogarth_the-countess-s-morning-levee.jpg,images/Rococo_Rococo__william-hogarth_the-countess-s-morning-levee_to_Impressionism.png,0.4830971,0.0,0.7338359355926514,0.0
Rococo,Impressionism,Rococo__louise-elisabeth-vigee-le-brun_the-bather-1792.jpg,images/Rococo_Rococo__louise-elisabeth-vigee-le-brun_the-bather-1792_to_Impressionism.png,0.50831145,0.0,0.7864099740982056,0.0
Rococo,Minimalism,Rococo__carl-ludwig-johann-christineck_portrait-of-paul-of-russia-dressed-as-chevalier-of-the-order-of-st-andrew-1760.jpg,images/Rococo_Rococo__carl-ludwig-johann-christineck_portrait-of-paul-of-russia-dressed-as-chevalier-of-the-order-of-st-andrew-1760_to_Minimalism.png,0.5373329,0.0,0.6595794558525085,0.0
Rococo,Minimalism,Rococo__thomas-gainsborough_a-coastal-landscape-1782.jpg,images/Rococo_Rococo__thomas-gainsborough_a-coastal-landscape-1782_to_Minimalism.png,0.5083357,0.0,0.7559546828269958,0.0
Rococo,Minimalism,Rococo__william-hogarth_the-countess-s-morning-levee.jpg,images/Rococo_Rococo__william-hogarth_the-countess-s-morning-levee_to_Minimalism.png,0.5075024,0.0,0.7009182572364807,0.0
Rococo,Minimalism,Rococo__louise-elisabeth-vigee-le-brun_the-bather-1792.jpg,images/Rococo_Rococo__louise-elisabeth-vigee-le-brun_the-bather-1792_to_Minimalism.png,0.51441205,0.0,0.7499417662620544,0.0
Rococo,Rococo,Rococo__carl-ludwig-johann-christineck_portrait-of-paul-of-russia-dressed-as-chevalier-of-the-order-of-st-andrew-1760.jpg,images/Rococo_Rococo__carl-ludwig-johann-christineck_portrait-of-paul-of-russia-dressed-as-chevalier-of-the-order-of-st-andrew-1760_to_Rococo.png,0.51209664,0.0,0.6566319465637207,0.0
Rococo,Rococo,Rococo__thomas-gainsborough_a-coastal-landscape-1782.jpg,images/Rococo_Rococo__thomas-gainsborough_a-coastal-landscape-1782_to_Rococo.png,0.5535113,0.0,0.6612372398376465,0.0
Rococo,Rococo,Rococo__william-hogarth_the-countess-s-morning-levee.jpg,images/Rococo_Rococo__william-hogarth_the-countess-s-morning-levee_to_Rococo.png,0.4881157,0.0,0.631127119064331,0.0
Rococo,Rococo,Rococo__louise-elisabeth-vigee-le-brun_the-bather-1792.jpg,images/Rococo_Rococo__louise-elisabeth-vigee-le-brun_the-bather-1792_to_Rococo.png,0.50878483,0.0,0.6534368991851807,0.0
Rococo,Ukiyo_e,Rococo__carl-ludwig-johann-christineck_portrait-of-paul-of-russia-dressed-as-chevalier-of-the-order-of-st-andrew-1760.jpg,images/Rococo_Rococo__carl-ludwig-johann-christineck_portrait-of-paul-of-russia-dressed-as-chevalier-of-the-order-of-st-andrew-1760_to_Ukiyo_e.png,0.5083072,0.0,0.6950292587280273,0.0
Rococo,Ukiyo_e,Rococo__thomas-gainsborough_a-coastal-landscape-1782.jpg,images/Rococo_Rococo__thomas-gainsborough_a-coastal-landscape-1782_to_Ukiyo_e.png,0.48267272,0.0,0.6784265041351318,0.0
Rococo,Ukiyo_e,Rococo__william-hogarth_the-countess-s-morning-levee.jpg,images/Rococo_Rococo__william-hogarth_the-countess-s-morning-levee_to_Ukiyo_e.png,0.47823858,0.0,0.6834902763366699,0.0
Rococo,Ukiyo_e,Rococo__louise-elisabeth-vigee-le-brun_the-bather-1792.jpg,images/Rococo_Rococo__louise-elisabeth-vigee-le-brun_the-bather-1792_to_Ukiyo_e.png,0.50886625,0.0,0.7309110164642334,0.0
Rococo,Early_Renaissance,Rococo__jean-marc-nattier_portrait-of-louis-tocqu-1762.jpg,images/Rococo_Rococo__jean-marc-nattier_portrait-of-louis-tocqu-1762_to_Early_Renaissance.png,0.48388135,0.0,0.6733021140098572,0.0
Rococo,Early_Renaissance,Rococo__thomas-gainsborough_john-plampin.jpg,images/Rococo_Rococo__thomas-gainsborough_john-plampin_to_Early_Renaissance.png,0.51528597,0.0,0.6667676568031311,0.0
Rococo,Early_Renaissance,Rococo__antoine-watteau_head-of-a-man.jpg,images/Rococo_Rococo__antoine-watteau_head-of-a-man_to_Early_Renaissance.png,0.5008598,0.0,0.7408155798912048,0.0
Rococo,Early_Renaissance,Rococo__francois-boucher_portrait-of-madame-boucher-1745.jpg,images/Rococo_Rococo__francois-boucher_portrait-of-madame-boucher-1745_to_Early_Renaissance.png,0.4985994,0.0,0.6975858807563782,0.0
Rococo,Impressionism,Rococo__jean-marc-nattier_portrait-of-louis-tocqu-1762.jpg,images/Rococo_Rococo__jean-marc-nattier_portrait-of-louis-tocqu-1762_to_Impressionism.png,0.49211407,0.0,0.6389775276184082,0.0
Rococo,Impressionism,Rococo__thomas-gainsborough_john-plampin.jpg,images/Rococo_Rococo__thomas-gainsborough_john-plampin_to_Impressionism.png,0.5262104,0.0,0.7463441491127014,0.0
Rococo,Impressionism,Rococo__antoine-watteau_head-of-a-man.jpg,images/Rococo_Rococo__antoine-watteau_head-of-a-man_to_Impressionism.png,0.4932384,0.0,0.7612094283103943,0.0
Rococo,Impressionism,Rococo__francois-boucher_portrait-of-madame-boucher-1745.jpg,images/Rococo_Rococo__francois-boucher_portrait-of-madame-boucher-1745_to_Impressionism.png,0.5082574,0.0,0.6627413034439087,0.0
Rococo,Minimalism,Rococo__jean-marc-nattier_portrait-of-louis-tocqu-1762.jpg,images/Rococo_Rococo__jean-marc-nattier_portrait-of-louis-tocqu-1762_to_Minimalism.png,0.50954986,0.0,0.673383355140686,0.0
Rococo,Minimalism,Rococo__thomas-gainsborough_john-plampin.jpg,images/Rococo_Rococo__thomas-gainsborough_john-plampin_to_Minimalism.png,0.51517487,0.0,0.7238843441009521,0.0
Rococo,Minimalism,Rococo__antoine-watteau_head-of-a-man.jpg,images/Rococo_Rococo__antoine-watteau_head-of-a-man_to_Minimalism.png,0.42501494,0.0,0.7835209965705872,0.0
Rococo,Minimalism,Rococo__francois-boucher_portrait-of-madame-boucher-1745.jpg,images/Rococo_Rococo__francois-boucher_portrait-of-madame-boucher-1745_to_Minimalism.png,0.50591755,0.0,0.7422062158584595,0.0
Rococo,Rococo,Rococo__jean-marc-nattier_portrait-of-louis-tocqu-1762.jpg,images/Rococo_Rococo__jean-marc-nattier_portrait-of-louis-tocqu-1762_to_Rococo.png,0.47792226,0.0,0.7927775382995605,0.0
Rococo,Rococo,Rococo__thomas-gainsborough_john-plampin.jpg,images/Rococo_Rococo__thomas-gainsborough_john-plampin_to_Rococo.png,0.559561,0.0,0.5971282720565796,0.0
Rococo,Rococo,Rococo__antoine-watteau_head-of-a-man.jpg,images/Rococo_Rococo__antoine-watteau_head-of-a-man_to_Rococo.png,0.5649464,0.0,0.6368758082389832,0.0
Rococo,Rococo,Rococo__francois-boucher_portrait-of-madame-boucher-1745.jpg,images/Rococo_Rococo__francois-boucher_portrait-of-madame-boucher-1745_to_Rococo.png,0.48753956,0.0,0.7720635533332825,0.0
Rococo,Ukiyo_e,Rococo__jean-marc-nattier_portrait-of-louis-tocqu-1762.jpg,images/Rococo_Rococo__jean-marc-nattier_portrait-of-louis-tocqu-1762_to_Ukiyo_e.png,0.49313423,0.0,0.596177875995636,0.0
Rococo,Ukiyo_e,Rococo__thomas-gainsborough_john-plampin.jpg,images/Rococo_Rococo__thomas-gainsborough_john-plampin_to_Ukiyo_e.png,0.5184916,0.0,0.6827923059463501,0.0
Rococo,Ukiyo_e,Rococo__antoine-watteau_head-of-a-man.jpg,images/Rococo_Rococo__antoine-watteau_head-of-a-man_to_Ukiyo_e.png,0.48336262,0.0,0.6950245499610901,0.0
Rococo,Ukiyo_e,Rococo__francois-boucher_portrait-of-madame-boucher-1745.jpg,images/Rococo_Rococo__francois-boucher_portrait-of-madame-boucher-1745_to_Ukiyo_e.png,0.49898046,0.0,0.6675281524658203,0.0
Rococo,Early_Renaissance,Rococo__joseph-wright_mr-and-mrs-thomas-coltman.jpg,images/Rococo_Rococo__joseph-wright_mr-and-mrs-thomas-coltman_to_Early_Renaissance.png,0.5198656,0.0,0.7587119340896606,0.0
Rococo,Early_Renaissance,Rococo__antoine-watteau_the-delicate-musician.jpg,images/Rococo_Rococo__antoine-watteau_the-delicate-musician_to_Early_Renaissance.png,0.52461696,0.0,0.6644042730331421,0.0
Rococo,Early_Renaissance,Rococo__joseph-wright_d-ewes-coke-his-wife-hannah-and-daniel-parker-coke.jpg,images/Rococo_Rococo__joseph-wright_d-ewes-coke-his-wife-hannah-and-daniel-parker-coke_to_Early_Renaissance.png,0.5234753,0.0,0.7002233266830444,0.0
Rococo,Early_Renaissance,Rococo__thomas-gainsborough_robert-butcher-of-walthamstan.jpg,images/Rococo_Rococo__thomas-gainsborough_robert-butcher-of-walthamstan_to_Early_Renaissance.png,0.5347822,0.0,0.6906570196151733,0.0
Rococo,Impressionism,Rococo__joseph-wright_mr-and-mrs-thomas-coltman.jpg,images/Rococo_Rococo__joseph-wright_mr-and-mrs-thomas-coltman_to_Impressionism.png,0.53759736,0.0,0.8064439296722412,0.0
Rococo,Impressionism,Rococo__antoine-watteau_the-delicate-musician.jpg,images/Rococo_Rococo__antoine-watteau_the-delicate-musician_to_Impressionism.png,0.5313557,0.0,0.7554160952568054,0.0
Rococo,Impressionism,Rococo__joseph-wright_d-ewes-coke-his-wife-hannah-and-daniel-parker-coke.jpg,images/Rococo_Rococo__joseph-wright_d-ewes-coke-his-wife-hannah-and-daniel-parker-coke_to_Impressionism.png,0.5334384,0.0,0.6584829092025757,0.0
Rococo,Impressionism,Rococo__thomas-gainsborough_robert-butcher-of-walthamstan.jpg,images/Rococo_Rococo__thomas-gainsborough_robert-butcher-of-walthamstan_to_Impressionism.png,0.5332247,0.0,0.7190053462982178,0.0
Rococo,Minimalism,Rococo__joseph-wright_mr-and-mrs-thomas-coltman.jpg,images/Rococo_Rococo__joseph-wright_mr-and-mrs-thomas-coltman_to_Minimalism.png,0.5753355,0.0,0.7616354823112488,0.0
Rococo,Minimalism,Rococo__antoine-watteau_the-delicate-musician.jpg,images/Rococo_Rococo__antoine-watteau_the-delicate-musician_to_Minimalism.png,0.6030331,0.0,0.729613184928894,0.0
Rococo,Minimalism,Rococo__joseph-wright_d-ewes-coke-his-wife-hannah-and-daniel-parker-coke.jpg,images/Rococo_Rococo__joseph-wright_d-ewes-coke-his-wife-hannah-and-daniel-parker-coke_to_Minimalism.png,0.56767666,0.0,0.6785540580749512,0.0
Rococo,Minimalism,Rococo__thomas-gainsborough_robert-butcher-of-walthamstan.jpg,images/Rococo_Rococo__thomas-gainsborough_robert-butcher-of-walthamstan_to_Minimalism.png,0.50127697,0.0,0.7842742204666138,0.0
Rococo,Rococo,Rococo__joseph-wright_mr-and-mrs-thomas-coltman.jpg,images/Rococo_Rococo__joseph-wright_mr-and-mrs-thomas-coltman_to_Rococo.png,0.5607922,0.0,0.6757915019989014,0.0
Rococo,Rococo,Rococo__antoine-watteau_the-delicate-musician.jpg,images/Rococo_Rococo__antoine-watteau_the-delicate-musician_to_Rococo.png,0.5351271,0.0,0.6295916438102722,0.0
Rococo,Rococo,Rococo__joseph-wright_d-ewes-coke-his-wife-hannah-and-daniel-parker-coke.jpg,images/Rococo_Rococo__joseph-wright_d-ewes-coke-his-wife-hannah-and-daniel-parker-coke_to_Rococo.png,0.5357096,0.0,0.645361065864563,0.0
Rococo,Rococo,Rococo__thomas-gainsborough_robert-butcher-of-walthamstan.jpg,images/Rococo_Rococo__thomas-gainsborough_robert-butcher-of-walthamstan_to_Rococo.png,0.56602526,0.0,0.706570029258728,0.0
Rococo,Ukiyo_e,Rococo__joseph-wright_mr-and-mrs-thomas-coltman.jpg,images/Rococo_Rococo__joseph-wright_mr-and-mrs-thomas-coltman_to_Ukiyo_e.png,0.5291021,0.0,0.7165808081626892,0.0
Rococo,Ukiyo_e,Rococo__antoine-watteau_the-delicate-musician.jpg,images/Rococo_Rococo__antoine-watteau_the-delicate-musician_to_Ukiyo_e.png,0.52305233,0.0,0.6859333515167236,0.0
Rococo,Ukiyo_e,Rococo__joseph-wright_d-ewes-coke-his-wife-hannah-and-daniel-parker-coke.jpg,images/Rococo_Rococo__joseph-wright_d-ewes-coke-his-wife-hannah-and-daniel-parker-coke_to_Ukiyo_e.png,0.52896583,0.0,0.6877163648605347,0.0
Rococo,Ukiyo_e,Rococo__thomas-gainsborough_robert-butcher-of-walthamstan.jpg,images/Rococo_Rococo__thomas-gainsborough_robert-butcher-of-walthamstan_to_Ukiyo_e.png,0.5396808,0.0,0.6912238001823425,0.0
Rococo,Early_Renaissance,Rococo__benjamin-west_the-angel-of-the-lord-announcing-the-resurrection-1805.jpg,images/Rococo_Rococo__benjamin-west_the-angel-of-the-lord-announcing-the-resurrection-1805_to_Early_Renaissance.png,0.5002911,0.0,0.72050541639328,0.0
Rococo,Early_Renaissance,Rococo__pietro-longhi_the-tooth-extractor.jpg,images/Rococo_Rococo__pietro-longhi_the-tooth-extractor_to_Early_Renaissance.png,0.4541247,0.0,0.7459086775779724,0.0
Rococo,Early_Renaissance,Rococo__canaletto_london-the-thames-and-the-city-of-london-from-the-terrace-of-richmond-house.jpg,images/Rococo_Rococo__canaletto_london-the-thames-and-the-city-of-london-from-the-terrace-of-richmond-house_to_Early_Renaissance.png,0.46792215,0.0,0.6446597576141357,0.0
Rococo,Early_Renaissance,Rococo__carl-ludwig-johann-christineck_nikolai-mordvinov-1771.jpg,images/Rococo_Rococo__carl-ludwig-johann-christineck_nikolai-mordvinov-1771_to_Early_Renaissance.png,0.5064099,0.0,0.6882466077804565,0.0
Rococo,Impressionism,Rococo__benjamin-west_the-angel-of-the-lord-announcing-the-resurrection-1805.jpg,images/Rococo_Rococo__benjamin-west_the-angel-of-the-lord-announcing-the-resurrection-1805_to_Impressionism.png,0.5061671,0.0,0.7639729976654053,0.0
Rococo,Impressionism,Rococo__pietro-longhi_the-tooth-extractor.jpg,images/Rococo_Rococo__pietro-longhi_the-tooth-extractor_to_Impressionism.png,0.47232476,0.0,0.753192663192749,0.0
Rococo,Impressionism,Rococo__canaletto_london-the-thames-and-the-city-of-london-from-the-terrace-of-richmond-house.jpg,images/Rococo_Rococo__canaletto_london-the-thames-and-the-city-of-london-from-the-terrace-of-richmond-house_to_Impressionism.png,0.45283246,0.0,0.7236553430557251,0.0
Rococo,Impressionism,Rococo__carl-ludwig-johann-christineck_nikolai-mordvinov-1771.jpg,images/Rococo_Rococo__carl-ludwig-johann-christineck_nikolai-mordvinov-1771_to_Impressionism.png,0.5118479,0.0,0.7266794443130493,0.0
Rococo,Minimalism,Rococo__benjamin-west_the-angel-of-the-lord-announcing-the-resurrection-1805.jpg,images/Rococo_Rococo__benjamin-west_the-angel-of-the-lord-announcing-the-resurrection-1805_to_Minimalism.png,0.5215074,0.0,0.7282813191413879,0.0
Rococo,Minimalism,Rococo__pietro-longhi_the-tooth-extractor.jpg,images/Rococo_Rococo__pietro-longhi_the-tooth-extractor_to_Minimalism.png,0.5430739,0.0,0.7692158818244934,0.0
Rococo,Minimalism,Rococo__canaletto_london-the-thames-and-the-city-of-london-from-the-terrace-of-richmond-house.jpg,images/Rococo_Rococo__canaletto_london-the-thames-and-the-city-of-london-from-the-terrace-of-richmond-house_to_Minimalism.png,0.34906867,0.0,0.7854951024055481,0.0
Rococo,Minimalism,Rococo__carl-ludwig-johann-christineck_nikolai-mordvinov-1771.jpg,images/Rococo_Rococo__carl-ludwig-johann-christineck_nikolai-mordvinov-1771_to_Minimalism.png,0.5597545,0.0,0.6958837509155273,0.0
Rococo,Rococo,Rococo__benjamin-west_the-angel-of-the-lord-announcing-the-resurrection-1805.jpg,images/Rococo_Rococo__benjamin-west_the-angel-of-the-lord-announcing-the-resurrection-1805_to_Rococo.png,0.50841254,0.0,0.7214772701263428,0.0
Rococo,Rococo,Rococo__pietro-longhi_the-tooth-extractor.jpg,images/Rococo_Rococo__pietro-longhi_the-tooth-extractor_to_Rococo.png,0.47185782,0.0,0.6748629808425903,0.0
Rococo,Rococo,Rococo__canaletto_london-the-thames-and-the-city-of-london-from-the-terrace-of-richmond-house.jpg,images/Rococo_Rococo__canaletto_london-the-thames-and-the-city-of-london-from-the-terrace-of-richmond-house_to_Rococo.png,0.53479934,0.0,0.6151410341262817,0.0
Rococo,Rococo,Rococo__carl-ludwig-johann-christineck_nikolai-mordvinov-1771.jpg,images/Rococo_Rococo__carl-ludwig-johann-christineck_nikolai-mordvinov-1771_to_Rococo.png,0.52809954,0.0,0.6531156301498413,0.0
Rococo,Ukiyo_e,Rococo__benjamin-west_the-angel-of-the-lord-announcing-the-resurrection-1805.jpg,images/Rococo_Rococo__benjamin-west_the-angel-of-the-lord-announcing-the-resurrection-1805_to_Ukiyo_e.png,0.5074954,0.0,0.708488941192627,0.0
Rococo,Ukiyo_e,Rococo__pietro-longhi_the-tooth-extractor.jpg,images/Rococo_Rococo__pietro-longhi_the-tooth-extractor_to_Ukiyo_e.png,0.4749783,0.0,0.6941183805465698,0.0
Rococo,Ukiyo_e,Rococo__canaletto_london-the-thames-and-the-city-of-london-from-the-terrace-of-richmond-house.jpg,images/Rococo_Rococo__canaletto_london-the-thames-and-the-city-of-london-from-the-terrace-of-richmond-house_to_Ukiyo_e.png,0.4388585,0.0,0.6813989877700806,0.0
Rococo,Ukiyo_e,Rococo__carl-ludwig-johann-christineck_nikolai-mordvinov-1771.jpg,images/Rococo_Rococo__carl-ludwig-johann-christineck_nikolai-mordvinov-1771_to_Ukiyo_e.png,0.5072079,0.0,0.718690812587738,0.0
Rococo,Early_Renaissance,Rococo__maurice-quentin-de-la-tour_study-for-portrait-of-mademoiselle-dangeville-1.jpg,images/Rococo_Rococo__maurice-quentin-de-la-tour_study-for-portrait-of-mademoiselle-dangeville-1_to_Early_Renaissance.png,0.47231495,0.0,0.7326147556304932,0.0
Rococo,Early_Renaissance,Rococo__antoine-pesne_carl-heinrich-graun.jpg,images/Rococo_Rococo__antoine-pesne_carl-heinrich-graun_to_Early_Renaissance.png,0.5221884,0.0,0.6731606125831604,0.0
Rococo,Early_Renaissance,Rococo__benjamin-west_self-portrait-1770.jpg,images/Rococo_Rococo__benjamin-west_self-portrait-1770_to_Early_Renaissance.png,0.43049604,0.0,0.6767851114273071,0.0
Rococo,Early_Renaissance,Rococo__louise-elisabeth-vigee-le-brun_portrait-of-joseph-vernet-1778.jpg,images/Rococo_Rococo__louise-elisabeth-vigee-le-brun_portrait-of-joseph-vernet-1778_to_Early_Renaissance.png,0.45584962,0.0,0.6752403378486633,0.0
Rococo,Impressionism,Rococo__maurice-quentin-de-la-tour_study-for-portrait-of-mademoiselle-dangeville-1.jpg,images/Rococo_Rococo__maurice-quentin-de-la-tour_study-for-portrait-of-mademoiselle-dangeville-1_to_Impressionism.png,0.46017653,0.0,0.7570313215255737,0.0
Rococo,Impressionism,Rococo__antoine-pesne_carl-heinrich-graun.jpg,images/Rococo_Rococo__antoine-pesne_carl-heinrich-graun_to_Impressionism.png,0.51711494,0.0,0.6913671493530273,0.0
Rococo,Impressionism,Rococo__benjamin-west_self-portrait-1770.jpg,images/Rococo_Rococo__benjamin-west_self-portrait-1770_to_Impressionism.png,0.4350119,0.0,0.6883780360221863,0.0
Rococo,Impressionism,Rococo__louise-elisabeth-vigee-le-brun_portrait-of-joseph-vernet-1778.jpg,images/Rococo_Rococo__louise-elisabeth-vigee-le-brun_portrait-of-joseph-vernet-1778_to_Impressionism.png,0.44886708,0.0,0.6938468813896179,0.0
Rococo,Minimalism,Rococo__maurice-quentin-de-la-tour_study-for-portrait-of-mademoiselle-dangeville-1.jpg,images/Rococo_Rococo__maurice-quentin-de-la-tour_study-for-portrait-of-mademoiselle-dangeville-1_to_Minimalism.png,0.50458395,0.0,0.658567488193512,0.0
Rococo,Minimalism,Rococo__antoine-pesne_carl-heinrich-graun.jpg,images/Rococo_Rococo__antoine-pesne_carl-heinrich-graun_to_Minimalism.png,0.50165164,0.0,0.6747036576271057,0.0
Rococo,Minimalism,Rococo__benjamin-west_self-portrait-1770.jpg,images/Rococo_Rococo__benjamin-west_self-portrait-1770_to_Minimalism.png,0.4788379,0.0,0.6071350574493408,0.0
Rococo,Minimalism,Rococo__louise-elisabeth-vigee-le-brun_portrait-of-joseph-vernet-1778.jpg,images/Rococo_Rococo__louise-elisabeth-vigee-le-brun_portrait-of-joseph-vernet-1778_to_Minimalism.png,0.49271375,0.0,0.6182602047920227,0.0
Rococo,Rococo,Rococo__maurice-quentin-de-la-tour_study-for-portrait-of-mademoiselle-dangeville-1.jpg,images/Rococo_Rococo__maurice-quentin-de-la-tour_study-for-portrait-of-mademoiselle-dangeville-1_to_Rococo.png,0.5238392,0.0,0.6500157117843628,0.0
Rococo,Rococo,Rococo__antoine-pesne_carl-heinrich-graun.jpg,images/Rococo_Rococo__antoine-pesne_carl-heinrich-graun_to_Rococo.png,0.5694773,0.0,0.6470158100128174,0.0
Rococo,Rococo,Rococo__benjamin-west_self-portrait-1770.jpg,images/Rococo_Rococo__benjamin-west_self-portrait-1770_to_Rococo.png,0.43129557,0.0,0.6358599066734314,0.0
Rococo,Rococo,Rococo__louise-elisabeth-vigee-le-brun_portrait-of-joseph-vernet-1778.jpg,images/Rococo_Rococo__louise-elisabeth-vigee-le-brun_portrait-of-joseph-vernet-1778_to_Rococo.png,0.42846182,0.0,0.6915765404701233,0.0
Rococo,Ukiyo_e,Rococo__maurice-quentin-de-la-tour_study-for-portrait-of-mademoiselle-dangeville-1.jpg,images/Rococo_Rococo__maurice-quentin-de-la-tour_study-for-portrait-of-mademoiselle-dangeville-1_to_Ukiyo_e.png,0.47575253,0.0,0.6753918528556824,0.0
Rococo,Ukiyo_e,Rococo__antoine-pesne_carl-heinrich-graun.jpg,images/Rococo_Rococo__antoine-pesne_carl-heinrich-graun_to_Ukiyo_e.png,0.519961,0.0,0.6937955617904663,0.0
Rococo,Ukiyo_e,Rococo__benjamin-west_self-portrait-1770.jpg,images/Rococo_Rococo__benjamin-west_self-portrait-1770_to_Ukiyo_e.png,0.44402987,0.0,0.700798749923706,0.0
Rococo,Ukiyo_e,Rococo__louise-elisabeth-vigee-le-brun_portrait-of-joseph-vernet-1778.jpg,images/Rococo_Rococo__louise-elisabeth-vigee-le-brun_portrait-of-joseph-vernet-1778_to_Ukiyo_e.png,0.4606228,0.0,0.716510534286499,0.0
Ukiyo_e,Early_Renaissance,Ukiyo_e__utagawa-kunisada_not_detected_240381(1).jpg,images/Ukiyo_e_Ukiyo_e__utagawa-kunisada_not_detected_240381(1)_to_Early_Renaissance.png,0.4974562,0.0,0.745028555393219,0.0
Ukiyo_e,Early_Renaissance,Ukiyo_e__tsukioka-yoshitoshi_not_detected_242419.jpg,images/Ukiyo_e_Ukiyo_e__tsukioka-yoshitoshi_not_detected_242419_to_Early_Renaissance.png,0.45295733,0.0,0.6579800844192505,0.0
Ukiyo_e,Early_Renaissance,Ukiyo_e__kitagawa-utamaro_upon-my-oath.jpg,images/Ukiyo_e_Ukiyo_e__kitagawa-utamaro_upon-my-oath_to_Early_Renaissance.png,0.46379155,0.0,0.6655875444412231,0.0
Ukiyo_e,Early_Renaissance,Ukiyo_e__utagawa-kuniyoshi_tamatori-being-pursued-bya-dragon.jpg,images/Ukiyo_e_Ukiyo_e__utagawa-kuniyoshi_tamatori-being-pursued-bya-dragon_to_Early_Renaissance.png,0.46492288,0.0,0.7000566124916077,0.0
Ukiyo_e,Impressionism,Ukiyo_e__utagawa-kunisada_not_detected_240381(1).jpg,images/Ukiyo_e_Ukiyo_e__utagawa-kunisada_not_detected_240381(1)_to_Impressionism.png,0.5015354,0.0,0.8047751188278198,0.0
Ukiyo_e,Impressionism,Ukiyo_e__tsukioka-yoshitoshi_not_detected_242419.jpg,images/Ukiyo_e_Ukiyo_e__tsukioka-yoshitoshi_not_detected_242419_to_Impressionism.png,0.4477232,0.0,0.6480700969696045,0.0
Ukiyo_e,Impressionism,Ukiyo_e__kitagawa-utamaro_upon-my-oath.jpg,images/Ukiyo_e_Ukiyo_e__kitagawa-utamaro_upon-my-oath_to_Impressionism.png,0.4431723,0.0,0.7103797793388367,0.0
Ukiyo_e,Impressionism,Ukiyo_e__utagawa-kuniyoshi_tamatori-being-pursued-bya-dragon.jpg,images/Ukiyo_e_Ukiyo_e__utagawa-kuniyoshi_tamatori-being-pursued-bya-dragon_to_Impressionism.png,0.47783247,0.0,0.6819831132888794,0.0
Ukiyo_e,Minimalism,Ukiyo_e__utagawa-kunisada_not_detected_240381(1).jpg,images/Ukiyo_e_Ukiyo_e__utagawa-kunisada_not_detected_240381(1)_to_Minimalism.png,0.48655292,0.0,0.8389660120010376,0.0
Ukiyo_e,Minimalism,Ukiyo_e__tsukioka-yoshitoshi_not_detected_242419.jpg,images/Ukiyo_e_Ukiyo_e__tsukioka-yoshitoshi_not_detected_242419_to_Minimalism.png,0.45644784,0.0,0.8451350927352905,0.0
Ukiyo_e,Minimalism,Ukiyo_e__kitagawa-utamaro_upon-my-oath.jpg,images/Ukiyo_e_Ukiyo_e__kitagawa-utamaro_upon-my-oath_to_Minimalism.png,0.35849145,0.0,0.7786616683006287,0.0
Ukiyo_e,Minimalism,Ukiyo_e__utagawa-kuniyoshi_tamatori-being-pursued-bya-dragon.jpg,images/Ukiyo_e_Ukiyo_e__utagawa-kuniyoshi_tamatori-being-pursued-bya-dragon_to_Minimalism.png,0.5139609,0.0,0.7588585019111633,0.0
Ukiyo_e,Rococo,Ukiyo_e__utagawa-kunisada_not_detected_240381(1).jpg,images/Ukiyo_e_Ukiyo_e__utagawa-kunisada_not_detected_240381(1)_to_Rococo.png,0.5397355,0.0,0.6542192101478577,0.0
Ukiyo_e,Rococo,Ukiyo_e__tsukioka-yoshitoshi_not_detected_242419.jpg,images/Ukiyo_e_Ukiyo_e__tsukioka-yoshitoshi_not_detected_242419_to_Rococo.png,0.5185894,0.0,0.5522679090499878,0.0
Ukiyo_e,Rococo,Ukiyo_e__kitagawa-utamaro_upon-my-oath.jpg,images/Ukiyo_e_Ukiyo_e__kitagawa-utamaro_upon-my-oath_to_Rococo.png,0.56090224,0.0,0.6342552900314331,0.0
Ukiyo_e,Rococo,Ukiyo_e__utagawa-kuniyoshi_tamatori-being-pursued-bya-dragon.jpg,images/Ukiyo_e_Ukiyo_e__utagawa-kuniyoshi_tamatori-being-pursued-bya-dragon_to_Rococo.png,0.53186995,0.0,0.5919122695922852,0.0
Ukiyo_e,Ukiyo_e,Ukiyo_e__utagawa-kunisada_not_detected_240381(1).jpg,images/Ukiyo_e_Ukiyo_e__utagawa-kunisada_not_detected_240381(1)_to_Ukiyo_e.png,0.47298592,0.0,0.8204900622367859,0.0
Ukiyo_e,Ukiyo_e,Ukiyo_e__tsukioka-yoshitoshi_not_detected_242419.jpg,images/Ukiyo_e_Ukiyo_e__tsukioka-yoshitoshi_not_detected_242419_to_Ukiyo_e.png,0.44820392,0.0,0.7483969330787659,0.0
Ukiyo_e,Ukiyo_e,Ukiyo_e__kitagawa-utamaro_upon-my-oath.jpg,images/Ukiyo_e_Ukiyo_e__kitagawa-utamaro_upon-my-oath_to_Ukiyo_e.png,0.4294884,0.0,0.6887226700782776,0.0
Ukiyo_e,Ukiyo_e,Ukiyo_e__utagawa-kuniyoshi_tamatori-being-pursued-bya-dragon.jpg,images/Ukiyo_e_Ukiyo_e__utagawa-kuniyoshi_tamatori-being-pursued-bya-dragon_to_Ukiyo_e.png,0.46884677,0.0,0.743465006351471,0.0
Ukiyo_e,Early_Renaissance,Ukiyo_e__utagawa-kuniyoshi_a-record-of-origins-of-the-great-country-of-japan.jpg,images/Ukiyo_e_Ukiyo_e__utagawa-kuniyoshi_a-record-of-origins-of-the-great-country-of-japan_to_Early_Renaissance.png,0.47363615,0.0,0.7170587182044983,0.0
Ukiyo_e,Early_Renaissance,Ukiyo_e__katsushika-hokusai_woman-looking-at-herself-in-a-mirror.jpg,images/Ukiyo_e_Ukiyo_e__katsushika-hokusai_woman-looking-at-herself-in-a-mirror_to_Early_Renaissance.png,0.48454893,0.0,0.6652272343635559,0.0
Ukiyo_e,Early_Renaissance,Ukiyo_e__katsushika-hokusai_ono-shindon-in-the-suraga-province.jpg,images/Ukiyo_e_Ukiyo_e__katsushika-hokusai_ono-shindon-in-the-suraga-province_to_Early_Renaissance.png,0.48842084,0.0,0.6703317761421204,0.0
Ukiyo_e,Early_Renaissance,Ukiyo_e__ogata-gekko_nihon-hana-zue-1896.jpg,images/Ukiyo_e_Ukiyo_e__ogata-gekko_nihon-hana-zue-1896_to_Early_Renaissance.png,0.42983645,0.0,0.6973043084144592,0.0
Ukiyo_e,Impressionism,Ukiyo_e__utagawa-kuniyoshi_a-record-of-origins-of-the-great-country-of-japan.jpg,images/Ukiyo_e_Ukiyo_e__utagawa-kuniyoshi_a-record-of-origins-of-the-great-country-of-japan_to_Impressionism.png,0.46019423,0.0,0.7850089073181152,0.0
Ukiyo_e,Impressionism,Ukiyo_e__katsushika-hokusai_woman-looking-at-herself-in-a-mirror.jpg,images/Ukiyo_e_Ukiyo_e__katsushika-hokusai_woman-looking-at-herself-in-a-mirror_to_Impressionism.png,0.46611446,0.0,0.6010728478431702,0.0
Ukiyo_e,Impressionism,Ukiyo_e__katsushika-hokusai_ono-shindon-in-the-suraga-province.jpg,images/Ukiyo_e_Ukiyo_e__katsushika-hokusai_ono-shindon-in-the-suraga-province_to_Impressionism.png,0.45905212,0.0,0.7121373414993286,0.0
Ukiyo_e,Impressionism,Ukiyo_e__ogata-gekko_nihon-hana-zue-1896.jpg,images/Ukiyo_e_Ukiyo_e__ogata-gekko_nihon-hana-zue-1896_to_Impressionism.png,0.41156676,0.0,0.7147477865219116,0.0
Ukiyo_e,Minimalism,Ukiyo_e__utagawa-kuniyoshi_a-record-of-origins-of-the-great-country-of-japan.jpg,images/Ukiyo_e_Ukiyo_e__utagawa-kuniyoshi_a-record-of-origins-of-the-great-country-of-japan_to_Minimalism.png,0.40868738,0.0,0.7807921171188354,0.0
Ukiyo_e,Minimalism,Ukiyo_e__katsushika-hokusai_woman-looking-at-herself-in-a-mirror.jpg,images/Ukiyo_e_Ukiyo_e__katsushika-hokusai_woman-looking-at-herself-in-a-mirror_to_Minimalism.png,0.43039864,0.0,0.8161654472351074,0.0
Ukiyo_e,Minimalism,Ukiyo_e__katsushika-hokusai_ono-shindon-in-the-suraga-province.jpg,images/Ukiyo_e_Ukiyo_e__katsushika-hokusai_ono-shindon-in-the-suraga-province_to_Minimalism.png,0.36622635,0.0,0.7117008566856384,0.0
Ukiyo_e,Minimalism,Ukiyo_e__ogata-gekko_nihon-hana-zue-1896.jpg,images/Ukiyo_e_Ukiyo_e__ogata-gekko_nihon-hana-zue-1896_to_Minimalism.png,0.3680158,0.0,0.837598443031311,0.0
Ukiyo_e,Rococo,Ukiyo_e__utagawa-kuniyoshi_a-record-of-origins-of-the-great-country-of-japan.jpg,images/Ukiyo_e_Ukiyo_e__utagawa-kuniyoshi_a-record-of-origins-of-the-great-country-of-japan_to_Rococo.png,0.51728004,0.0,0.6574974060058594,0.0
Ukiyo_e,Rococo,Ukiyo_e__katsushika-hokusai_woman-looking-at-herself-in-a-mirror.jpg,images/Ukiyo_e_Ukiyo_e__katsushika-hokusai_woman-looking-at-herself-in-a-mirror_to_Rococo.png,0.5577655,0.0,0.6484255790710449,0.0
Ukiyo_e,Rococo,Ukiyo_e__katsushika-hokusai_ono-shindon-in-the-suraga-province.jpg,images/Ukiyo_e_Ukiyo_e__katsushika-hokusai_ono-shindon-in-the-suraga-province_to_Rococo.png,0.5502808,0.0,0.6464694142341614,0.0
Ukiyo_e,Rococo,Ukiyo_e__ogata-gekko_nihon-hana-zue-1896.jpg,images/Ukiyo_e_Ukiyo_e__ogata-gekko_nihon-hana-zue-1896_to_Rococo.png,0.46737054,0.0,0.6461965441703796,0.0
Ukiyo_e,Ukiyo_e,Ukiyo_e__utagawa-kuniyoshi_a-record-of-origins-of-the-great-country-of-japan.jpg,images/Ukiyo_e_Ukiyo_e__utagawa-kuniyoshi_a-record-of-origins-of-the-great-country-of-japan_to_Ukiyo_e.png,0.42869502,0.0,0.7827138304710388,0.0
Ukiyo_e,Ukiyo_e,Ukiyo_e__katsushika-hokusai_woman-looking-at-herself-in-a-mirror.jpg,images/Ukiyo_e_Ukiyo_e__katsushika-hokusai_woman-looking-at-herself-in-a-mirror_to_Ukiyo_e.png,0.4266445,0.0,0.6220347285270691,0.0
Ukiyo_e,Ukiyo_e,Ukiyo_e__katsushika-hokusai_ono-shindon-in-the-suraga-province.jpg,images/Ukiyo_e_Ukiyo_e__katsushika-hokusai_ono-shindon-in-the-suraga-province_to_Ukiyo_e.png,0.4346016,0.0,0.7377943396568298,0.0
Ukiyo_e,Ukiyo_e,Ukiyo_e__ogata-gekko_nihon-hana-zue-1896.jpg,images/Ukiyo_e_Ukiyo_e__ogata-gekko_nihon-hana-zue-1896_to_Ukiyo_e.png,0.3875403,0.0,0.8123509883880615,0.0
Ukiyo_e,Early_Renaissance,Ukiyo_e__kitagawa-utamaro_yama-uba-and-kintaro-1.jpg,images/Ukiyo_e_Ukiyo_e__kitagawa-utamaro_yama-uba-and-kintaro-1_to_Early_Renaissance.png,0.4955272,0.0,0.6938457489013672,0.0
Ukiyo_e,Early_Renaissance,Ukiyo_e__utagawa-kunisada-ii_oichi-from-the-beauties-of-tokyo-series.jpg,images/Ukiyo_e_Ukiyo_e__utagawa-kunisada-ii_oichi-from-the-beauties-of-tokyo-series_to_Early_Renaissance.png,0.44885406,0.0,0.6794174313545227,0.0
Ukiyo_e,Early_Renaissance,Ukiyo_e__kitagawa-utamaro_the-hour-of-the-horse.jpg,images/Ukiyo_e_Ukiyo_e__kitagawa-utamaro_the-hour-of-the-horse_to_Early_Renaissance.png,0.50499886,0.0,0.6735597848892212,0.0
Ukiyo_e,Early_Renaissance,Ukiyo_e__utagawa-kuniyoshi_kuzunoha.jpg,images/Ukiyo_e_Ukiyo_e__utagawa-kuniyoshi_kuzunoha_to_Early_Renaissance.png,0.45154196,0.0,0.6789172887802124,0.0
Ukiyo_e,Impressionism,Ukiyo_e__kitagawa-utamaro_yama-uba-and-kintaro-1.jpg,images/Ukiyo_e_Ukiyo_e__kitagawa-utamaro_yama-uba-and-kintaro-1_to_Impressionism.png,0.4517972,0.0,0.7435895204544067,0.0
Ukiyo_e,Impressionism,Ukiyo_e__utagawa-kunisada-ii_oichi-from-the-beauties-of-tokyo-series.jpg,images/Ukiyo_e_Ukiyo_e__utagawa-kunisada-ii_oichi-from-the-beauties-of-tokyo-series_to_Impressionism.png,0.44877535,0.0,0.7457791566848755,0.0
Ukiyo_e,Impressionism,Ukiyo_e__kitagawa-utamaro_the-hour-of-the-horse.jpg,images/Ukiyo_e_Ukiyo_e__kitagawa-utamaro_the-hour-of-the-horse_to_Impressionism.png,0.4979396,0.0,0.6958374381065369,0.0
Ukiyo_e,Impressionism,Ukiyo_e__utagawa-kuniyoshi_kuzunoha.jpg,images/Ukiyo_e_Ukiyo_e__utagawa-kuniyoshi_kuzunoha_to_Impressionism.png,0.4409217,0.0,0.672106146812439,0.0
Ukiyo_e,Minimalism,Ukiyo_e__kitagawa-utamaro_yama-uba-and-kintaro-1.jpg,images/Ukiyo_e_Ukiyo_e__kitagawa-utamaro_yama-uba-and-kintaro-1_to_Minimalism.png,0.31257567,0.0,0.7280343174934387,0.0
Ukiyo_e,Minimalism,Ukiyo_e__utagawa-kunisada-ii_oichi-from-the-beauties-of-tokyo-series.jpg,images/Ukiyo_e_Ukiyo_e__utagawa-kunisada-ii_oichi-from-the-beauties-of-tokyo-series_to_Minimalism.png,0.45525238,0.0,0.78032386302948,0.0
Ukiyo_e,Minimalism,Ukiyo_e__kitagawa-utamaro_the-hour-of-the-horse.jpg,images/Ukiyo_e_Ukiyo_e__kitagawa-utamaro_the-hour-of-the-horse_to_Minimalism.png,0.4613043,0.0,0.7100595831871033,0.0
Ukiyo_e,Minimalism,Ukiyo_e__utagawa-kuniyoshi_kuzunoha.jpg,images/Ukiyo_e_Ukiyo_e__utagawa-kuniyoshi_kuzunoha_to_Minimalism.png,0.40516564,0.0,0.822535514831543,0.0
Ukiyo_e,Rococo,Ukiyo_e__kitagawa-utamaro_yama-uba-and-kintaro-1.jpg,images/Ukiyo_e_Ukiyo_e__kitagawa-utamaro_yama-uba-and-kintaro-1_to_Rococo.png,0.55426586,0.0,0.6255428194999695,0.0
Ukiyo_e,Rococo,Ukiyo_e__utagawa-kunisada-ii_oichi-from-the-beauties-of-tokyo-series.jpg,images/Ukiyo_e_Ukiyo_e__utagawa-kunisada-ii_oichi-from-the-beauties-of-tokyo-series_to_Rococo.png,0.4717471,0.0,0.6229138970375061,0.0
Ukiyo_e,Rococo,Ukiyo_e__kitagawa-utamaro_the-hour-of-the-horse.jpg,images/Ukiyo_e_Ukiyo_e__kitagawa-utamaro_the-hour-of-the-horse_to_Rococo.png,0.56168926,0.0,0.5930471420288086,0.0
Ukiyo_e,Rococo,Ukiyo_e__utagawa-kuniyoshi_kuzunoha.jpg,images/Ukiyo_e_Ukiyo_e__utagawa-kuniyoshi_kuzunoha_to_Rococo.png,0.5010083,0.0,0.5614830851554871,0.0
Ukiyo_e,Ukiyo_e,Ukiyo_e__kitagawa-utamaro_yama-uba-and-kintaro-1.jpg,images/Ukiyo_e_Ukiyo_e__kitagawa-utamaro_yama-uba-and-kintaro-1_to_Ukiyo_e.png,0.43400115,0.0,0.7132010459899902,0.0
Ukiyo_e,Ukiyo_e,Ukiyo_e__utagawa-kunisada-ii_oichi-from-the-beauties-of-tokyo-series.jpg,images/Ukiyo_e_Ukiyo_e__utagawa-kunisada-ii_oichi-from-the-beauties-of-tokyo-series_to_Ukiyo_e.png,0.4354385,0.0,0.7719851732254028,0.0
Ukiyo_e,Ukiyo_e,Ukiyo_e__kitagawa-utamaro_the-hour-of-the-horse.jpg,images/Ukiyo_e_Ukiyo_e__kitagawa-utamaro_the-hour-of-the-horse_to_Ukiyo_e.png,0.47295454,0.0,0.7363807559013367,0.0
Ukiyo_e,Ukiyo_e,Ukiyo_e__utagawa-kuniyoshi_kuzunoha.jpg,images/Ukiyo_e_Ukiyo_e__utagawa-kuniyoshi_kuzunoha_to_Ukiyo_e.png,0.4307008,0.0,0.7364751100540161,0.0
Ukiyo_e,Early_Renaissance,Ukiyo_e__utagawa-toyokuni_the-heian-courtier.jpg,images/Ukiyo_e_Ukiyo_e__utagawa-toyokuni_the-heian-courtier_to_Early_Renaissance.png,0.43394753,0.0,0.7215321063995361,0.0
Ukiyo_e,Early_Renaissance,Ukiyo_e__utagawa-kuniyoshi_a-man-confronted-with-an-apparition-of-the-fox-goddess.jpg,images/Ukiyo_e_Ukiyo_e__utagawa-kuniyoshi_a-man-confronted-with-an-apparition-of-the-fox-goddess_to_Early_Renaissance.png,0.45091242,0.0,0.7381277680397034,0.0
Ukiyo_e,Early_Renaissance,Ukiyo_e__utagawa-kunisada_not_detected_240333.jpg,images/Ukiyo_e_Ukiyo_e__utagawa-kunisada_not_detected_240333_to_Early_Renaissance.png,0.48315233,0.0,0.6762115955352783,0.0
Ukiyo_e,Early_Renaissance,Ukiyo_e__utagawa-kuniyoshi_tsuchigumo.jpg,images/Ukiyo_e_Ukiyo_e__utagawa-kuniyoshi_tsuchigumo_to_Early_Renaissance.png,0.49452633,0.0,0.729505181312561,0.0
Ukiyo_e,Impressionism,Ukiyo_e__utagawa-toyokuni_the-heian-courtier.jpg,images/Ukiyo_e_Ukiyo_e__utagawa-toyokuni_the-heian-courtier_to_Impressionism.png,0.40791142,0.0,0.7482360005378723,0.0
Ukiyo_e,Impressionism,Ukiyo_e__utagawa-kuniyoshi_a-man-confronted-with-an-apparition-of-the-fox-goddess.jpg,images/Ukiyo_e_Ukiyo_e__utagawa-kuniyoshi_a-man-confronted-with-an-apparition-of-the-fox-goddess_to_Impressionism.png,0.46222648,0.0,0.7347325682640076,0.0
Ukiyo_e,Impressionism,Ukiyo_e__utagawa-kunisada_not_detected_240333.jpg,images/Ukiyo_e_Ukiyo_e__utagawa-kunisada_not_detected_240333_to_Impressionism.png,0.47925302,0.0,0.7693872451782227,0.0
Ukiyo_e,Impressionism,Ukiyo_e__utagawa-kuniyoshi_tsuchigumo.jpg,images/Ukiyo_e_Ukiyo_e__utagawa-kuniyoshi_tsuchigumo_to_Impressionism.png,0.4745678,0.0,0.814303994178772,0.0
Ukiyo_e,Minimalism,Ukiyo_e__utagawa-toyokuni_the-heian-courtier.jpg,images/Ukiyo_e_Ukiyo_e__utagawa-toyokuni_the-heian-courtier_to_Minimalism.png,0.4017345,0.0,0.7703732252120972,0.0
Ukiyo_e,Minimalism,Ukiyo_e__utagawa-kuniyoshi_a-man-confronted-with-an-apparition-of-the-fox-goddess.jpg,images/Ukiyo_e_Ukiyo_e__utagawa-kuniyoshi_a-man-confronted-with-an-apparition-of-the-fox-goddess_to_Minimalism.png,0.4977462,0.0,0.7198981642723083,0.0
Ukiyo_e,Minimalism,Ukiyo_e__utagawa-kunisada_not_detected_240333.jpg,images/Ukiyo_e_Ukiyo_e__utagawa-kunisada_not_detected_240333_to_Minimalism.png,0.46702966,0.0,0.794049084186554,0.0
Ukiyo_e,Minimalism,Ukiyo_e__utagawa-kuniyoshi_tsuchigumo.jpg,images/Ukiyo_e_Ukiyo_e__utagawa-kuniyoshi_tsuchigumo_to_Minimalism.png,0.4943813,0.0,0.8189598321914673,0.0
Ukiyo_e,Rococo,Ukiyo_e__utagawa-toyokuni_the-heian-courtier.jpg,images/Ukiyo_e_Ukiyo_e__utagawa-toyokuni_the-heian-courtier_to_Rococo.png,0.5444229,0.0,0.5655857920646667,0.0
Ukiyo_e,Rococo,Ukiyo_e__utagawa-kuniyoshi_a-man-confronted-with-an-apparition-of-the-fox-goddess.jpg,images/Ukiyo_e_Ukiyo_e__utagawa-kuniyoshi_a-man-confronted-with-an-apparition-of-the-fox-goddess_to_Rococo.png,0.51267445,0.0,0.5972108244895935,0.0
Ukiyo_e,Rococo,Ukiyo_e__utagawa-kunisada_not_detected_240333.jpg,images/Ukiyo_e_Ukiyo_e__utagawa-kunisada_not_detected_240333_to_Rococo.png,0.55156314,0.0,0.5996038317680359,0.0
Ukiyo_e,Rococo,Ukiyo_e__utagawa-kuniyoshi_tsuchigumo.jpg,images/Ukiyo_e_Ukiyo_e__utagawa-kuniyoshi_tsuchigumo_to_Rococo.png,0.5620714,0.0,0.6004305481910706,0.0
Ukiyo_e,Ukiyo_e,Ukiyo_e__utagawa-toyokuni_the-heian-courtier.jpg,images/Ukiyo_e_Ukiyo_e__utagawa-toyokuni_the-heian-courtier_to_Ukiyo_e.png,0.37532145,0.0,0.7204484939575195,0.0
Ukiyo_e,Ukiyo_e,Ukiyo_e__utagawa-kuniyoshi_a-man-confronted-with-an-apparition-of-the-fox-goddess.jpg,images/Ukiyo_e_Ukiyo_e__utagawa-kuniyoshi_a-man-confronted-with-an-apparition-of-the-fox-goddess_to_Ukiyo_e.png,0.4544109,0.0,0.8558378219604492,0.0
Ukiyo_e,Ukiyo_e,Ukiyo_e__utagawa-kunisada_not_detected_240333.jpg,images/Ukiyo_e_Ukiyo_e__utagawa-kunisada_not_detected_240333_to_Ukiyo_e.png,0.45428666,0.0,0.723163902759552,0.0
Ukiyo_e,Ukiyo_e,Ukiyo_e__utagawa-kuniyoshi_tsuchigumo.jpg,images/Ukiyo_e_Ukiyo_e__utagawa-kuniyoshi_tsuchigumo_to_Ukiyo_e.png,0.46434686,0.0,0.8127466440200806,0.0
Ukiyo_e,Early_Renaissance,Ukiyo_e__hiroshige_oiso-toraga-ame-shower-1835.jpg,images/Ukiyo_e_Ukiyo_e__hiroshige_oiso-toraga-ame-shower-1835_to_Early_Renaissance.png,0.4856303,0.0,0.6588552594184875,0.0
Ukiyo_e,Early_Renaissance,Ukiyo_e__ogata-gekko_print-from-series-women-s-customs-and-manners-1895-1.jpg,images/Ukiyo_e_Ukiyo_e__ogata-gekko_print-from-series-women-s-customs-and-manners-1895-1_to_Early_Renaissance.png,0.43770784,0.0,0.6584063172340393,0.0
Ukiyo_e,Early_Renaissance,Ukiyo_e__utagawa-kunisada_not_detected_240353.jpg,images/Ukiyo_e_Ukiyo_e__utagawa-kunisada_not_detected_240353_to_Early_Renaissance.png,0.5000416,0.0,0.7112815976142883,0.0
Ukiyo_e,Early_Renaissance,Ukiyo_e__katsushika-hokusai_cargo-ship-and-wave.jpg,images/Ukiyo_e_Ukiyo_e__katsushika-hokusai_cargo-ship-and-wave_to_Early_Renaissance.png,0.4238062,0.0,0.7532994151115417,0.0
Ukiyo_e,Impressionism,Ukiyo_e__hiroshige_oiso-toraga-ame-shower-1835.jpg,images/Ukiyo_e_Ukiyo_e__hiroshige_oiso-toraga-ame-shower-1835_to_Impressionism.png,0.4746205,0.0,0.7606073617935181,0.0
Ukiyo_e,Impressionism,Ukiyo_e__ogata-gekko_print-from-series-women-s-customs-and-manners-1895-1.jpg,images/Ukiyo_e_Ukiyo_e__ogata-gekko_print-from-series-women-s-customs-and-manners-1895-1_to_Impressionism.png,0.41678578,0.0,0.7261402606964111,0.0
Ukiyo_e,Impressionism,Ukiyo_e__utagawa-kunisada_not_detected_240353.jpg,images/Ukiyo_e_Ukiyo_e__utagawa-kunisada_not_detected_240353_to_Impressionism.png,0.50600445,0.0,0.7887611389160156,0.0
Ukiyo_e,Impressionism,Ukiyo_e__katsushika-hokusai_cargo-ship-and-wave.jpg,images/Ukiyo_e_Ukiyo_e__katsushika-hokusai_cargo-ship-and-wave_to_Impressionism.png,0.40171018,0.0,0.7090120911598206,0.0
Ukiyo_e,Minimalism,Ukiyo_e__hiroshige_oiso-toraga-ame-shower-1835.jpg,images/Ukiyo_e_Ukiyo_e__hiroshige_oiso-toraga-ame-shower-1835_to_Minimalism.png,0.42305732,0.0,0.8216354846954346,0.0
Ukiyo_e,Minimalism,Ukiyo_e__ogata-gekko_print-from-series-women-s-customs-and-manners-1895-1.jpg,images/Ukiyo_e_Ukiyo_e__ogata-gekko_print-from-series-women-s-customs-and-manners-1895-1_to_Minimalism.png,0.37694868,0.0,0.7153681516647339,0.0
Ukiyo_e,Minimalism,Ukiyo_e__utagawa-kunisada_not_detected_240353.jpg,images/Ukiyo_e_Ukiyo_e__utagawa-kunisada_not_detected_240353_to_Minimalism.png,0.48354265,0.0,0.6984533071517944,0.0
Ukiyo_e,Minimalism,Ukiyo_e__katsushika-hokusai_cargo-ship-and-wave.jpg,images/Ukiyo_e_Ukiyo_e__katsushika-hokusai_cargo-ship-and-wave_to_Minimalism.png,0.36882782,0.0,0.7926173210144043,0.0
Ukiyo_e,Rococo,Ukiyo_e__hiroshige_oiso-toraga-ame-shower-1835.jpg,images/Ukiyo_e_Ukiyo_e__hiroshige_oiso-toraga-ame-shower-1835_to_Rococo.png,0.51087,0.0,0.6408406496047974,0.0
Ukiyo_e,Rococo,Ukiyo_e__ogata-gekko_print-from-series-women-s-customs-and-manners-1895-1.jpg,images/Ukiyo_e_Ukiyo_e__ogata-gekko_print-from-series-women-s-customs-and-manners-1895-1_to_Rococo.png,0.4889354,0.0,0.609381377696991,0.0
Ukiyo_e,Rococo,Ukiyo_e__utagawa-kunisada_not_detected_240353.jpg,images/Ukiyo_e_Ukiyo_e__utagawa-kunisada_not_detected_240353_to_Rococo.png,0.53412235,0.0,0.6351145505905151,0.0
Ukiyo_e,Rococo,Ukiyo_e__katsushika-hokusai_cargo-ship-and-wave.jpg,images/Ukiyo_e_Ukiyo_e__katsushika-hokusai_cargo-ship-and-wave_to_Rococo.png,0.43659472,0.0,0.6537563800811768,0.0
Ukiyo_e,Ukiyo_e,Ukiyo_e__hiroshige_oiso-toraga-ame-shower-1835.jpg,images/Ukiyo_e_Ukiyo_e__hiroshige_oiso-toraga-ame-shower-1835_to_Ukiyo_e.png,0.45477852,0.0,0.7080510258674622,0.0
Ukiyo_e,Ukiyo_e,Ukiyo_e__ogata-gekko_print-from-series-women-s-customs-and-manners-1895-1.jpg,images/Ukiyo_e_Ukiyo_e__ogata-gekko_print-from-series-women-s-customs-and-manners-1895-1_to_Ukiyo_e.png,0.39143038,0.0,0.8356915712356567,0.0
Ukiyo_e,Ukiyo_e,Ukiyo_e__utagawa-kunisada_not_detected_240353.jpg,images/Ukiyo_e_Ukiyo_e__utagawa-kunisada_not_detected_240353_to_Ukiyo_e.png,0.48058823,0.0,0.7329450845718384,0.0
Ukiyo_e,Ukiyo_e,Ukiyo_e__katsushika-hokusai_cargo-ship-and-wave.jpg,images/Ukiyo_e_Ukiyo_e__katsushika-hokusai_cargo-ship-and-wave_to_Ukiyo_e.png,0.39556184,0.0,0.7214177250862122,0.0
Ukiyo_e,Early_Renaissance,Ukiyo_e__utagawa-kunisada_not_detected_240347.jpg,images/Ukiyo_e_Ukiyo_e__utagawa-kunisada_not_detected_240347_to_Early_Renaissance.png,0.43675643,0.0,0.7208765745162964,0.0
Ukiyo_e,Early_Renaissance,Ukiyo_e__utagawa-kuniyoshi_woman-seated-under-a-cherry-blossoms.jpg,images/Ukiyo_e_Ukiyo_e__utagawa-kuniyoshi_woman-seated-under-a-cherry-blossoms_to_Early_Renaissance.png,0.46219888,0.0,0.6722190380096436,0.0
Ukiyo_e,Early_Renaissance,Ukiyo_e__katsushika-hokusai_fishing-in-the-river-kinu.jpg,images/Ukiyo_e_Ukiyo_e__katsushika-hokusai_fishing-in-the-river-kinu_to_Early_Renaissance.png,0.42519024,0.0,0.7211062908172607,0.0
Ukiyo_e,Early_Renaissance,Ukiyo_e__utagawa-kuniyoshi_ishiyakushi.jpg,images/Ukiyo_e_Ukiyo_e__utagawa-kuniyoshi_ishiyakushi_to_Early_Renaissance.png,0.45090392,0.0,0.6316261291503906,0.0
Ukiyo_e,Impressionism,Ukiyo_e__utagawa-kunisada_not_detected_240347.jpg,images/Ukiyo_e_Ukiyo_e__utagawa-kunisada_not_detected_240347_to_Impressionism.png,0.42144334,0.0,0.7845816016197205,0.0
Ukiyo_e,Impressionism,Ukiyo_e__utagawa-kuniyoshi_woman-seated-under-a-cherry-blossoms.jpg,images/Ukiyo_e_Ukiyo_e__utagawa-kuniyoshi_woman-seated-under-a-cherry-blossoms_to_Impressionism.png,0.4526683,0.0,0.7255105376243591,0.0
Ukiyo_e,Impressionism,Ukiyo_e__katsushika-hokusai_fishing-in-the-river-kinu.jpg,images/Ukiyo_e_Ukiyo_e__katsushika-hokusai_fishing-in-the-river-kinu_to_Impressionism.png,0.40762088,0.0,0.8314046859741211,0.0
Ukiyo_e,Impressionism,Ukiyo_e__utagawa-kuniyoshi_ishiyakushi.jpg,images/Ukiyo_e_Ukiyo_e__utagawa-kuniyoshi_ishiyakushi_to_Impressionism.png,0.44754335,0.0,0.5992835760116577,0.0
Ukiyo_e,Minimalism,Ukiyo_e__utagawa-kunisada_not_detected_240347.jpg,images/Ukiyo_e_Ukiyo_e__utagawa-kunisada_not_detected_240347_to_Minimalism.png,0.42433995,0.0,0.7880139350891113,0.0
Ukiyo_e,Minimalism,Ukiyo_e__utagawa-kuniyoshi_woman-seated-under-a-cherry-blossoms.jpg,images/Ukiyo_e_Ukiyo_e__utagawa-kuniyoshi_woman-seated-under-a-cherry-blossoms_to_Minimalism.png,0.4311155,0.0,0.7228309512138367,0.0
Ukiyo_e,Minimalism,Ukiyo_e__katsushika-hokusai_fishing-in-the-river-kinu.jpg,images/Ukiyo_e_Ukiyo_e__katsushika-hokusai_fishing-in-the-river-kinu_to_Minimalism.png,0.4474776,0.0,0.7781909704208374,0.0
Ukiyo_e,Minimalism,Ukiyo_e__utagawa-kuniyoshi_ishiyakushi.jpg,images/Ukiyo_e_Ukiyo_e__utagawa-kuniyoshi_ishiyakushi_to_Minimalism.png,0.46574032,0.0,0.7113487720489502,0.0
Ukiyo_e,Rococo,Ukiyo_e__utagawa-kunisada_not_detected_240347.jpg,images/Ukiyo_e_Ukiyo_e__utagawa-kunisada_not_detected_240347_to_Rococo.png,0.5271682,0.0,0.6428214311599731,0.0
Ukiyo_e,Rococo,Ukiyo_e__utagawa-kuniyoshi_woman-seated-under-a-cherry-blossoms.jpg,images/Ukiyo_e_Ukiyo_e__utagawa-kuniyoshi_woman-seated-under-a-cherry-blossoms_to_Rococo.png,0.5553713,0.0,0.6529624462127686,0.0
Ukiyo_e,Rococo,Ukiyo_e__katsushika-hokusai_fishing-in-the-river-kinu.jpg,images/Ukiyo_e_Ukiyo_e__katsushika-hokusai_fishing-in-the-river-kinu_to_Rococo.png,0.5154872,0.0,0.614061713218689,0.0
Ukiyo_e,Rococo,Ukiyo_e__utagawa-kuniyoshi_ishiyakushi.jpg,images/Ukiyo_e_Ukiyo_e__utagawa-kuniyoshi_ishiyakushi_to_Rococo.png,0.52595556,0.0,0.5708044767379761,0.0
Ukiyo_e,Ukiyo_e,Ukiyo_e__utagawa-kunisada_not_detected_240347.jpg,images/Ukiyo_e_Ukiyo_e__utagawa-kunisada_not_detected_240347_to_Ukiyo_e.png,0.3829358,0.0,0.7802990674972534,0.0
Ukiyo_e,Ukiyo_e,Ukiyo_e__utagawa-kuniyoshi_woman-seated-under-a-cherry-blossoms.jpg,images/Ukiyo_e_Ukiyo_e__utagawa-kuniyoshi_woman-seated-under-a-cherry-blossoms_to_Ukiyo_e.png,0.42639816,0.0,0.7784498929977417,0.0
Ukiyo_e,Ukiyo_e,Ukiyo_e__katsushika-hokusai_fishing-in-the-river-kinu.jpg,images/Ukiyo_e_Ukiyo_e__katsushika-hokusai_fishing-in-the-river-kinu_to_Ukiyo_e.png,0.4057484,0.0,0.735447108745575,0.0
Ukiyo_e,Ukiyo_e,Ukiyo_e__utagawa-kuniyoshi_ishiyakushi.jpg,images/Ukiyo_e_Ukiyo_e__utagawa-kuniyoshi_ishiyakushi_to_Ukiyo_e.png,0.42268175,0.0,0.7224298715591431,0.0
Ukiyo_e,Early_Renaissance,Ukiyo_e__keisai-eisen_the-courtesan-kaoru-of-owariya-matched-with-okitsu-1825(1).jpg,images/Ukiyo_e_Ukiyo_e__keisai-eisen_the-courtesan-kaoru-of-owariya-matched-with-okitsu-1825(1)_to_Early_Renaissance.png,0.49841052,0.0,0.7088661193847656,0.0
Ukiyo_e,Early_Renaissance,Ukiyo_e__keisai-eisen_yabai-with-two-women-1840.jpg,images/Ukiyo_e_Ukiyo_e__keisai-eisen_yabai-with-two-women-1840_to_Early_Renaissance.png,0.46544164,0.0,0.6824380159378052,0.0
Ukiyo_e,Early_Renaissance,Ukiyo_e__utagawa-kuniyoshi_high-noon-at-kasumigaseki.jpg,images/Ukiyo_e_Ukiyo_e__utagawa-kuniyoshi_high-noon-at-kasumigaseki_to_Early_Renaissance.png,0.48980144,0.0,0.6606778502464294,0.0
Ukiyo_e,Early_Renaissance,Ukiyo_e__hiroshige_hakone-kosuizu.jpg,images/Ukiyo_e_Ukiyo_e__hiroshige_hakone-kosuizu_to_Early_Renaissance.png,0.47591773,0.0,0.6412211656570435,0.0
Ukiyo_e,Impressionism,Ukiyo_e__keisai-eisen_the-courtesan-kaoru-of-owariya-matched-with-okitsu-1825(1).jpg,images/Ukiyo_e_Ukiyo_e__keisai-eisen_the-courtesan-kaoru-of-owariya-matched-with-okitsu-1825(1)_to_Impressionism.png,0.48691785,0.0,0.762082040309906,0.0
Ukiyo_e,Impressionism,Ukiyo_e__keisai-eisen_yabai-with-two-women-1840.jpg,images/Ukiyo_e_Ukiyo_e__keisai-eisen_yabai-with-two-women-1840_to_Impressionism.png,0.44357014,0.0,0.7491777539253235,0.0
Ukiyo_e,Impressionism,Ukiyo_e__utagawa-kuniyoshi_high-noon-at-kasumigaseki.jpg,images/Ukiyo_e_Ukiyo_e__utagawa-kuniyoshi_high-noon-at-kasumigaseki_to_Impressionism.png,0.47146177,0.0,0.7231572866439819,0.0
Ukiyo_e,Impressionism,Ukiyo_e__hiroshige_hakone-kosuizu.jpg,images/Ukiyo_e_Ukiyo_e__hiroshige_hakone-kosuizu_to_Impressionism.png,0.4555174,0.0,0.727745532989502,0.0
Ukiyo_e,Minimalism,Ukiyo_e__keisai-eisen_the-courtesan-kaoru-of-owariya-matched-with-okitsu-1825(1).jpg,images/Ukiyo_e_Ukiyo_e__keisai-eisen_the-courtesan-kaoru-of-owariya-matched-with-okitsu-1825(1)_to_Minimalism.png,0.4595452,0.0,0.8278980255126953,0.0
Ukiyo_e,Minimalism,Ukiyo_e__keisai-eisen_yabai-with-two-women-1840.jpg,images/Ukiyo_e_Ukiyo_e__keisai-eisen_yabai-with-two-women-1840_to_Minimalism.png,0.4170582,0.0,0.7864274978637695,0.0
Ukiyo_e,Minimalism,Ukiyo_e__utagawa-kuniyoshi_high-noon-at-kasumigaseki.jpg,images/Ukiyo_e_Ukiyo_e__utagawa-kuniyoshi_high-noon-at-kasumigaseki_to_Minimalism.png,0.42302713,0.0,0.7646476030349731,0.0
Ukiyo_e,Minimalism,Ukiyo_e__hiroshige_hakone-kosuizu.jpg,images/Ukiyo_e_Ukiyo_e__hiroshige_hakone-kosuizu_to_Minimalism.png,0.41142642,0.0,0.8096182346343994,0.0
Ukiyo_e,Rococo,Ukiyo_e__keisai-eisen_the-courtesan-kaoru-of-owariya-matched-with-okitsu-1825(1).jpg,images/Ukiyo_e_Ukiyo_e__keisai-eisen_the-courtesan-kaoru-of-owariya-matched-with-okitsu-1825(1)_to_Rococo.png,0.53975785,0.0,0.6356627941131592,0.0
Ukiyo_e,Rococo,Ukiyo_e__keisai-eisen_yabai-with-two-women-1840.jpg,images/Ukiyo_e_Ukiyo_e__keisai-eisen_yabai-with-two-women-1840_to_Rococo.png,0.5104985,0.0,0.6159459352493286,0.0
Ukiyo_e,Rococo,Ukiyo_e__utagawa-kuniyoshi_high-noon-at-kasumigaseki.jpg,images/Ukiyo_e_Ukiyo_e__utagawa-kuniyoshi_high-noon-at-kasumigaseki_to_Rococo.png,0.521115,0.0,0.6250107884407043,0.0
Ukiyo_e,Rococo,Ukiyo_e__hiroshige_hakone-kosuizu.jpg,images/Ukiyo_e_Ukiyo_e__hiroshige_hakone-kosuizu_to_Rococo.png,0.5076153,0.0,0.6013933420181274,0.0
Ukiyo_e,Ukiyo_e,Ukiyo_e__keisai-eisen_the-courtesan-kaoru-of-owariya-matched-with-okitsu-1825(1).jpg,images/Ukiyo_e_Ukiyo_e__keisai-eisen_the-courtesan-kaoru-of-owariya-matched-with-okitsu-1825(1)_to_Ukiyo_e.png,0.466781,0.0,0.8134813904762268,0.0
Ukiyo_e,Ukiyo_e,Ukiyo_e__keisai-eisen_yabai-with-two-women-1840.jpg,images/Ukiyo_e_Ukiyo_e__keisai-eisen_yabai-with-two-women-1840_to_Ukiyo_e.png,0.42450958,0.0,0.7932623028755188,0.0
Ukiyo_e,Ukiyo_e,Ukiyo_e__utagawa-kuniyoshi_high-noon-at-kasumigaseki.jpg,images/Ukiyo_e_Ukiyo_e__utagawa-kuniyoshi_high-noon-at-kasumigaseki_to_Ukiyo_e.png,0.4503909,0.0,0.735611081123352,0.0
Ukiyo_e,Ukiyo_e,Ukiyo_e__hiroshige_hakone-kosuizu.jpg,images/Ukiyo_e_Ukiyo_e__hiroshige_hakone-kosuizu_to_Ukiyo_e.png,0.43079728,0.0,0.7835724949836731,0.0
Ukiyo_e,Early_Renaissance,Ukiyo_e__katsushika-hokusai_fishing-in-the-bay-uraga.jpg,images/Ukiyo_e_Ukiyo_e__katsushika-hokusai_fishing-in-the-bay-uraga_to_Early_Renaissance.png,0.42105693,0.0,0.6625493168830872,0.0
Ukiyo_e,Early_Renaissance,Ukiyo_e__utagawa-kunisada_the-actor.jpg,images/Ukiyo_e_Ukiyo_e__utagawa-kunisada_the-actor_to_Early_Renaissance.png,0.42424035,0.0,0.7163612842559814,0.0
Ukiyo_e,Impressionism,Ukiyo_e__katsushika-hokusai_fishing-in-the-bay-uraga.jpg,images/Ukiyo_e_Ukiyo_e__katsushika-hokusai_fishing-in-the-bay-uraga_to_Impressionism.png,0.39896178,0.0,0.7944185733795166,0.0
Ukiyo_e,Impressionism,Ukiyo_e__utagawa-kunisada_the-actor.jpg,images/Ukiyo_e_Ukiyo_e__utagawa-kunisada_the-actor_to_Impressionism.png,0.41434568,0.0,0.7303878664970398,0.0
Ukiyo_e,Minimalism,Ukiyo_e__katsushika-hokusai_fishing-in-the-bay-uraga.jpg,images/Ukiyo_e_Ukiyo_e__katsushika-hokusai_fishing-in-the-bay-uraga_to_Minimalism.png,0.4527884,0.0,0.8426972031593323,0.0
Ukiyo_e,Minimalism,Ukiyo_e__utagawa-kunisada_the-actor.jpg,images/Ukiyo_e_Ukiyo_e__utagawa-kunisada_the-actor_to_Minimalism.png,0.43173456,0.0,0.7464083433151245,0.0
Ukiyo_e,Rococo,Ukiyo_e__katsushika-hokusai_fishing-in-the-bay-uraga.jpg,images/Ukiyo_e_Ukiyo_e__katsushika-hokusai_fishing-in-the-bay-uraga_to_Rococo.png,0.50840294,0.0,0.629331648349762,0.0
Ukiyo_e,Rococo,Ukiyo_e__utagawa-kunisada_the-actor.jpg,images/Ukiyo_e_Ukiyo_e__utagawa-kunisada_the-actor_to_Rococo.png,0.47908744,0.0,0.6248149275779724,0.0
Ukiyo_e,Ukiyo_e,Ukiyo_e__katsushika-hokusai_fishing-in-the-bay-uraga.jpg,images/Ukiyo_e_Ukiyo_e__katsushika-hokusai_fishing-in-the-bay-uraga_to_Ukiyo_e.png,0.38947386,0.0,0.7156385183334351,0.0
Ukiyo_e,Ukiyo_e,Ukiyo_e__utagawa-kunisada_the-actor.jpg,images/Ukiyo_e_Ukiyo_e__utagawa-kunisada_the-actor_to_Ukiyo_e.png,0.38783175,0.0,0.8766493797302246,0.0
