{
  "checkpoint": "G:\\GitHub\\Latent_Style\\Cycle-NCE\\ssim-optun-nce\\trial_0225\\epoch_0001.pt",
  "timestamp": "2026-02-20 13:03:47",
  "matrix_breakdown": {
    "photo": {
      "photo": {
        "count": 10,
        "style_swd": 1.8339692652225494,
        "content_ssim": 0.33248688400000004,
        "classifier_acc": null
      },
      "Hayao": {
        "count": 10,
        "style_swd": 2.2468540161848067,
        "content_ssim": 0.339632227,
        "classifier_acc": null
      },
      "monet": {
        "count": 10,
        "style_swd": 1.1599841445684433,
        "content_ssim": 0.328419841,
        "classifier_acc": null
      },
      "cezanne": {
        "count": 10,
        "style_swd": 1.184356039762497,
        "content_ssim": 0.292319538,
        "classifier_acc": null
      },
      "vangogh": {
        "count": 10,
        "style_swd": 2.1545990288257597,
        "content_ssim": 0.30834778,
        "classifier_acc": null
      }
    },
    "Hayao": {
      "photo": {
        "count": 10,
        "style_swd": 1.895622593164444,
        "content_ssim": 0.491840648,
        "classifier_acc": null
      },
      "Hayao": {
        "count": 10,
        "style_swd": 2.004685568809509,
        "content_ssim": 0.5264588349999999,
        "classifier_acc": null
      },
      "monet": {
        "count": 10,
        "style_swd": 1.1566653370857238,
        "content_ssim": 0.550063065,
        "classifier_acc": null
      },
      "cezanne": {
        "count": 10,
        "style_swd": 1.2540817975997924,
        "content_ssim": 0.522636219,
        "classifier_acc": null
      },
      "vangogh": {
        "count": 10,
        "style_swd": 2.264363777637482,
        "content_ssim": 0.5061591209999999,
        "classifier_acc": null
      }
    },
    "monet": {
      "photo": {
        "count": 10,
        "style_swd": 2.0352717459201815,
        "content_ssim": 0.32351873800000003,
        "classifier_acc": null
      },
      "Hayao": {
        "count": 10,
        "style_swd": 2.389988812804222,
        "content_ssim": 0.40389326600000003,
        "classifier_acc": null
      },
      "monet": {
        "count": 10,
        "style_swd": 1.1722793191671372,
        "content_ssim": 0.341588973,
        "classifier_acc": null
      },
      "cezanne": {
        "count": 10,
        "style_swd": 1.0546330124139787,
        "content_ssim": 0.27899439299999995,
        "classifier_acc": null
      },
      "vangogh": {
        "count": 10,
        "style_swd": 2.2416649639606474,
        "content_ssim": 0.32104024699999995,
        "classifier_acc": null
      }
    },
    "cezanne": {
      "photo": {
        "count": 10,
        "style_swd": 1.8387552499771118,
        "content_ssim": 0.400955508,
        "classifier_acc": null
      },
      "Hayao": {
        "count": 10,
        "style_swd": 1.9687938541173935,
        "content_ssim": 0.48214340699999997,
        "classifier_acc": null
      },
      "monet": {
        "count": 10,
        "style_swd": 1.1854455411434173,
        "content_ssim": 0.428151529,
        "classifier_acc": null
      },
      "cezanne": {
        "count": 10,
        "style_swd": 1.0612947165966033,
        "content_ssim": 0.36490497899999996,
        "classifier_acc": null
      },
      "vangogh": {
        "count": 10,
        "style_swd": 2.141256034374237,
        "content_ssim": 0.401843541,
        "classifier_acc": null
      }
    },
    "vangogh": {
      "photo": {
        "count": 10,
        "style_swd": 1.944258886575699,
        "content_ssim": 0.287420142,
        "classifier_acc": null
      },
      "Hayao": {
        "count": 10,
        "style_swd": 1.7051257193088531,
        "content_ssim": 0.392705086,
        "classifier_acc": null
      },
      "monet": {
        "count": 10,
        "style_swd": 1.2107933670282365,
        "content_ssim": 0.313988374,
        "classifier_acc": null
      },
      "cezanne": {
        "count": 10,
        "style_swd": 1.0332781732082368,
        "content_ssim": 0.280868279,
        "classifier_acc": null
      },
      "vangogh": {
        "count": 10,
        "style_swd": 2.0499108850955965,
        "content_ssim": 0.294410309,
        "classifier_acc": null
      }
    }
  },
  "analysis": {
    "style_transfer_ability": {
      "style_swd": 1.7032896047830584,
      "content_ssim": 0.38274704745,
      "classifier_acc": 0.0
    },
    "photo_to_art_performance": {
      "style_swd": 1.6864483073353769,
      "valid": true,
      "classifier_acc": 0.0
    }
  },
  "classification_report": null,
  "detailed_style_metrics": {}
}