epoch,loss,swd,color,identity,identity_ratio,lr,data_time_sec,transfer_time_sec,fwd_loss_time_sec,backward_time_sec,optimizer_time_sec,step_overhead_time_sec,compute_time_sec,epoch_time_sec,samples_seen,samples_per_sec,compute_samples_per_sec,gradcos_swd_color,gradcos_swd_identity,gradcos_color_identity
1,16.358083724975586,0.2545304596424103,0.1879870891571045,0.23675993084907532,0.20196041464805603,0.0005,1.2317734000207565,0.02828159999990021,102.8790175000322,93.71794520002004,0.7183597999719495,244.48416340000767,197.3436041000241,443.1042754650116,10304,23.25412001314265,52.21349861826478,0.6325717505297006,0.0852427411414985,0.045509074174208464
2,14.914493560791016,0.23258624970912933,0.1706693172454834,0.20599299669265747,0.20176631212234497,0.000275,0.05728820002696011,0.03509850001137238,101.98594750005577,93.74842929998704,0.5862581000110367,241.35609729992575,196.35573340006522,437.7721347808838,10304,23.537359236346592,52.47618606076607,0.6321257579992225,0.03342397494329895,-0.017291832850244004
