epoch,loss,style_swd,style_moment,structure,tv,identity,train_num_steps,train_step_size,train_style_strength,lr,data_time_sec,compute_time_sec,epoch_time_sec,samples_seen,samples_per_sec
51,211.91473897298178,0.1313353329896927,0.07208139946063359,3.6990720431009927,0.0,0.0,1.0,1.0,1.0,4.8625141592555005e-05,0.044433700008085,9.271389699992142,9.316013097763062,768,82.43869903794041
52,214.16277567545572,0.13466588904460272,0.0742138996720314,3.729238430658976,0.0,0.0,1.0,1.0,1.0,4.8532897726945863e-05,0.015540199994575232,8.850482900001225,8.866519689559937,768,86.61797716462495
53,213.1607666015625,0.1354940583308538,0.07356756428877513,3.7049601872762046,0.0,0.0,1.0,1.0,1.0,4.8437754330673565e-05,0.016131600001244806,8.935204800000065,8.95180606842041,768,85.79274328889895
54,211.48705037434897,0.1303934728105863,0.0720311626791954,3.6947766145070395,0.0,0.0,1.0,1.0,1.0,4.833972338100635e-05,0.016038100002333522,8.844964600008097,8.860897302627563,768,86.67293771391091
55,212.6371612548828,0.1294641892115275,0.07253350814183553,3.722543478012085,0.0,0.0,1.0,1.0,1.0,4.823881721871645e-05,0.01589589999639429,8.849798899987945,8.86545181274414,768,86.62841062380998
56,212.10799662272134,0.13040383160114288,0.07407436271508534,3.707369565963745,0.0,0.0,1.0,1.0,1.0,4.813504854652652e-05,0.016269000014290214,8.869009500005632,8.88486385345459,768,86.43914106814233
57,211.97129821777344,0.12754460672537485,0.07162494709094365,3.7179787158966064,0.0,0.0,1.0,1.0,1.0,4.8028430427510544e-05,0.01626820000819862,8.828994200011948,8.845487833023071,768,86.8239281425279
58,211.72765604654947,0.12584716329971948,0.07239663600921631,3.7209691206614175,0.0,0.0,1.0,1.0,1.0,4.791897628344934e-05,0.016253500012680888,8.826038200000767,8.842879056930542,768,86.84954244603013
