epoch,loss_total,loss_style_swd,loss_mse,loss_identity,loss_style_cls,style_cls_transfer_acc,style_cls_identity_acc,style_cls_transfer_pass_rate,style_cls_identity_pass_rate,style_cls_conf_mean,style_cls_agree_mean,style_cls_weight_mean,loss_velocity_reg,learning_rate,epoch_time
1,1.554407,0.061422,4.000013,0.592132,0.000000,0.000000,0.000000,0.000000,0.000000,0.000000,0.000000,0.000000,0.002918,1.09e-05,0.00
2,2.032067,0.141892,2.737218,0.542101,0.000000,0.000000,0.000000,0.000000,0.000000,0.000000,0.000000,0.000000,0.025921,2.08e-05,0.00
3,2.068036,0.224356,2.643290,0.537903,0.000000,0.000000,0.000000,0.000000,0.000000,0.000000,0.000000,0.000000,0.030179,3.07e-05,0.00
4,2.030905,0.303791,2.664118,0.534996,0.000000,0.000000,0.000000,0.000000,0.000000,0.000000,0.000000,0.000000,0.031264,4.06e-05,0.00
