mode,snr,silhouette,mean_intra,mean_inter,median_intra,median_inter,num_intra_pairs,num_inter_pairs,elapsed_ms
latent_swd,1.1695922573803905,0.015270337100768253,0.2876600905507103,0.3364450146654528,0.26336075365543365,0.31617167592048645,399000,1600000,30778.65229999952
pixel_vgg_gram,1.140507622275247,0.008766855610264879,1.620416017727623,1.8480968194752558,1.5485473275184631,1.78299880027771,399000,1600000,46684.25269999989
pixel_mse,1.088731105584961,-0.03224952345253314,1240.1111005272567,1350.1475295252228,1110.8865966796875,1225.563232421875,399000,1600000,3147.6742999993803
latent_gram,1.0840924975578166,-0.05512216726118582,19.20446372606596,20.81941504504934,16.19806480407715,17.885631561279297,399000,1600000,312.2180999998818
latent_mse,1.076784483633995,0.004574086349191249,4797.162363692348,5165.5099986969,4580.598388671875,4934.229248046875,399000,1600000,2124.2952000002333
