{
  "checkpoint": "..\\master_sweep_01_cap_64\\epoch_0100.pt",
  "timestamp": "2026-02-27 12:40:33",
  "metrics_note": {
    "clip_dir": "cos( CLIP(gen)-CLIP(src), CLIP(target_style_proto)-CLIP(src) ) - Measures edit direction.",
    "clip_style": "cos( CLIP(gen), CLIP(target_style_proto) ) - Measures absolute style similarity.",
    "fid_baseline": "FID between source-domain images and target-style references.",
    "fid": "FID between generated images and target-style real references (Inception features).",
    "delta_fid": "fid_baseline - fid (higher is better).",
    "delta_fid_ratio": "delta_fid / fid_baseline (relative improvement ratio).",
    "art_fid": "computed as (1 + fid_style) * (1 + content_lpips)"
  },
  "matrix_breakdown": {
    "photo": {
      "photo": {
        "count": 30,
        "clip_dir": 0.48949606319268546,
        "clip_style": 0.8188819805781047,
        "style_lpips": 0.7358282784620921,
        "content_lpips": 0.40938427633333335,
        "clip_content": 0.8506378920000001,
        "fid_style": null,
        "art_fid": null,
        "fid_baseline": null,
        "delta_fid": null,
        "delta_fid_ratio": null,
        "classifier_acc": null
      },
      "Hayao": {
        "count": 30,
        "clip_dir": 0.5223237266143163,
        "clip_style": 0.6242165635029475,
        "style_lpips": 0.7413573443889618,
        "content_lpips": 0.4921197206666666,
        "clip_content": 0.7979997543333333,
        "fid_style": 335.1254005198275,
        "art_fid": 501.53933873261644,
        "fid_baseline": 334.729000932728,
        "delta_fid": -0.39639958709949497,
        "delta_fid_ratio": -0.0011842403436658337,
        "classifier_acc": null
      },
      "monet": {
        "count": 30,
        "clip_dir": 0.38925116260846454,
        "clip_style": 0.6317494710286459,
        "style_lpips": 0.7387647887070974,
        "content_lpips": 0.38924710033333343,
        "clip_content": 0.8534261796666667,
        "fid_style": 226.5486839936309,
        "art_fid": 316.12134942281773,
        "fid_baseline": 237.55478896111822,
        "delta_fid": 11.006104967487317,
        "delta_fid_ratio": 0.046330806529388646,
        "classifier_acc": null
      },
      "vangogh": {
        "count": 30,
        "clip_dir": 0.4928955972194672,
        "clip_style": 0.6690665245056152,
        "style_lpips": 0.7733425358931224,
        "content_lpips": 0.49529230066666663,
        "clip_content": 0.8180430889999999,
        "fid_style": 308.0574333477374,
        "art_fid": 462.1312005486733,
        "fid_baseline": 313.3414404549672,
        "delta_fid": 5.284007107229797,
        "delta_fid_ratio": 0.01686341614935291,
        "classifier_acc": null
      },
      "cezanne": {
        "count": 30,
        "clip_dir": 0.4629489521185557,
        "clip_style": 0.6326759636402131,
        "style_lpips": 0.7327749152978261,
        "content_lpips": 0.43920412733333325,
        "clip_content": 0.8176261346666667,
        "fid_style": 308.7768819730415,
        "art_fid": 445.8321670880522,
        "fid_baseline": 317.94764662800304,
        "delta_fid": 9.170764654961545,
        "delta_fid_ratio": 0.028843631183379344,
        "classifier_acc": null
      }
    },
    "Hayao": {
      "photo": {
        "count": 30,
        "clip_dir": 0.4395542179544767,
        "clip_style": 0.5975489993890126,
        "style_lpips": 0.7572739799817403,
        "content_lpips": 0.4462501376666666,
        "clip_content": 0.8307073673333333,
        "fid_style": null,
        "art_fid": null,
        "fid_baseline": null,
        "delta_fid": null,
        "delta_fid_ratio": null,
        "classifier_acc": null
      },
      "Hayao": {
        "count": 30,
        "clip_dir": 0.3143308805922667,
        "clip_style": 0.8494134247303009,
        "style_lpips": 0.7243400673071544,
        "content_lpips": 0.21366563433333335,
        "clip_content": 0.9337762523333332,
        "fid_style": null,
        "art_fid": null,
        "fid_baseline": null,
        "delta_fid": null,
        "delta_fid_ratio": null,
        "classifier_acc": null
      },
      "monet": {
        "count": 30,
        "clip_dir": 0.31366597190499307,
        "clip_style": 0.49486715694268546,
        "style_lpips": 0.7634654998779297,
        "content_lpips": 0.3830975219999999,
        "clip_content": 0.8519566716666667,
        "fid_style": null,
        "art_fid": null,
        "fid_baseline": null,
        "delta_fid": null,
        "delta_fid_ratio": null,
        "classifier_acc": null
      },
      "vangogh": {
        "count": 30,
        "clip_dir": 0.38642899642388023,
        "clip_style": 0.588450163602829,
        "style_lpips": 0.7769115189711253,
        "content_lpips": 0.40645559433333334,
        "clip_content": 0.8468999343333332,
        "fid_style": null,
        "art_fid": null,
        "fid_baseline": null,
        "delta_fid": null,
        "delta_fid_ratio": null,
        "classifier_acc": null
      },
      "cezanne": {
        "count": 30,
        "clip_dir": 0.29484561681747434,
        "clip_style": 0.5305734078089396,
        "style_lpips": 0.7460046529769897,
        "content_lpips": 0.3486205253333334,
        "clip_content": 0.8755929223333332,
        "fid_style": null,
        "art_fid": null,
        "fid_baseline": null,
        "delta_fid": null,
        "delta_fid_ratio": null,
        "classifier_acc": null
      }
    },
    "monet": {
      "photo": {
        "count": 30,
        "clip_dir": 0.5872949729363124,
        "clip_style": 0.7560030897458394,
        "style_lpips": 0.7404669721921285,
        "content_lpips": 0.44358964000000006,
        "clip_content": 0.7894989853333333,
        "fid_style": null,
        "art_fid": null,
        "fid_baseline": null,
        "delta_fid": null,
        "delta_fid_ratio": null,
        "classifier_acc": null
      },
      "Hayao": {
        "count": 30,
        "clip_dir": 0.5456965833902359,
        "clip_style": 0.6319186230500539,
        "style_lpips": 0.749396824836731,
        "content_lpips": 0.493073376,
        "clip_content": 0.7777329176666667,
        "fid_style": null,
        "art_fid": null,
        "fid_baseline": null,
        "delta_fid": null,
        "delta_fid_ratio": null,
        "classifier_acc": null
      },
      "monet": {
        "count": 30,
        "clip_dir": 0.3303522542119026,
        "clip_style": 0.8213992655277252,
        "style_lpips": 0.7007826328277588,
        "content_lpips": 0.3782031383333334,
        "clip_content": 0.8662945986666667,
        "fid_style": null,
        "art_fid": null,
        "fid_baseline": null,
        "delta_fid": null,
        "delta_fid_ratio": null,
        "classifier_acc": null
      },
      "vangogh": {
        "count": 30,
        "clip_dir": 0.38896177063385645,
        "clip_style": 0.7872721453507742,
        "style_lpips": 0.7503217299779256,
        "content_lpips": 0.4347459786666667,
        "clip_content": 0.8305265249999999,
        "fid_style": null,
        "art_fid": null,
        "fid_baseline": null,
        "delta_fid": null,
        "delta_fid_ratio": null,
        "classifier_acc": null
      },
      "cezanne": {
        "count": 30,
        "clip_dir": 0.3797271435459455,
        "clip_style": 0.7690610567728678,
        "style_lpips": 0.7178622722625733,
        "content_lpips": 0.426795042,
        "clip_content": 0.8174465703333333,
        "fid_style": null,
        "art_fid": null,
        "fid_baseline": null,
        "delta_fid": null,
        "delta_fid_ratio": null,
        "classifier_acc": null
      }
    },
    "vangogh": {
      "photo": {
        "count": 30,
        "clip_dir": 0.5468158602714539,
        "clip_style": 0.7148114085197449,
        "style_lpips": 0.7454191684722901,
        "content_lpips": 0.48810778066666666,
        "clip_content": 0.7742769363333332,
        "fid_style": null,
        "art_fid": null,
        "fid_baseline": null,
        "delta_fid": null,