{
  "checkpoint": "../overfit50-style-distill-struct-v1-20/epoch_0020.pt",
  "timestamp": "2026-02-10 00:28:55",
  "matrix_breakdown": {
    "photo": {
      "photo": {
        "count": 50,
        "clip_style": 0.5733352851867676,
        "style_lpips": 0.7443960845470429,
        "content_lpips": 0.6367627824000001,
        "clip_content": 0.6033647776,
        "classifier_acc": 1.0
      },
      "Hayao": {
        "count": 50,
        "clip_style": 0.5497401058673859,
        "style_lpips": 0.7201950538158417,
        "content_lpips": 0.6910603586,
        "clip_content": 0.6151025166,
        "classifier_acc": 1.0
      }
    },
    "Hayao": {
      "photo": {
        "count": 50,
        "clip_style": 0.5460609537363053,
        "style_lpips": 0.74892578125,
        "content_lpips": 0.6502225716000001,
        "clip_content": 0.5726915485999999,
        "classifier_acc": 0.94
      },
      "Hayao": {
        "count": 50,
        "clip_style": 0.5729660969972611,
        "style_lpips": 0.7106235229969025,
        "content_lpips": 0.5689176516,
        "clip_content": 0.6052285076,
        "classifier_acc": 1.0
      }
    }
  },
  "analysis": {
    "style_transfer_ability": {
      "clip_style": 0.5479005298018456,
      "content_lpips": 0.6706414651000001,
      "classifier_acc": 0.97
    },
    "photo_to_art_performance": {
      "clip_style": 0.5497401058673859,
      "valid": true,
      "classifier_acc": 1.0
    }
  },
  "classification_report": {
    "Hayao": {
      "precision": 0.970873786407767,
      "recall": 1.0,
      "f1-score": 0.9852216748768473,
      "support": 100.0
    },
    "photo": {
      "precision": 1.0,
      "recall": 0.97,
      "f1-score": 0.9847715736040609,
      "support": 100.0
    },
    "accuracy": 0.985,
    "macro avg": {
      "precision": 0.9854368932038835,
      "recall": 0.985,
      "f1-score": 0.9849966242404541,
      "support": 200.0
    },
    "weighted avg": {
      "precision": 0.9854368932038835,
      "recall": 0.985,
      "f1-score": 0.984996624240454,
      "support": 200.0
    }
  },
  "detailed_style_metrics": {
    "Hayao": {
      "precision": 0.970873786407767,
      "recall": 1.0,
      "f1_score": 0.9852216748768473,
      "support": 100
    },
    "photo": {
      "precision": 1.0,
      "recall": 0.97,
      "f1_score": 0.9847715736040609,
      "support": 100
    }
  }
}