{
  "checkpoint": "../full_250_strong-style/epoch_0050.pt",
  "timestamp": "2026-02-10 02:58:12",
  "matrix_breakdown": {
    "photo": {
      "photo": {
        "count": 50,
        "clip_style": 0.5719046723842621,
        "style_lpips": 0.0,
        "content_lpips": 0.0,
        "clip_content": 0.6069745746000001,
        "classifier_acc": 1.0
      },
      "Hayao": {
        "count": 50,
        "clip_style": 0.0,
        "style_lpips": 0.0,
        "content_lpips": 0.0,
        "clip_content": 0.6271714364,
        "classifier_acc": 0.34
      }
    }
  },
  "analysis": {
    "style_transfer_ability": {
      "clip_style": 0.0,
      "content_lpips": 0.0,
      "classifier_acc": 0.34
    },
    "photo_to_art_performance": {
      "clip_style": 0.0,
      "valid": true,
      "classifier_acc": 0.34
    }
  },
  "classification_report": {
    "Hayao": {
      "precision": 1.0,
      "recall": 0.34,
      "f1-score": 0.5074626865671642,
      "support": 50.0
    },
    "photo": {
      "precision": 0.6024096385542169,
      "recall": 1.0,
      "f1-score": 0.7518796992481203,
      "support": 50.0
    },
    "accuracy": 0.67,
    "macro avg": {
      "precision": 0.8012048192771084,
      "recall": 0.67,
      "f1-score": 0.6296711929076422,
      "support": 100.0
    },
    "weighted avg": {
      "precision": 0.8012048192771084,
      "recall": 0.67,
      "f1-score": 0.6296711929076422,
      "support": 100.0
    }
  },
  "detailed_style_metrics": {
    "Hayao": {
      "precision": 1.0,
      "recall": 0.34,
      "f1_score": 0.5074626865671642,
      "support": 50
    },
    "photo": {
      "precision": 0.6024096385542169,
      "recall": 1.0,
      "f1_score": 0.7518796992481203,
      "support": 50
    }
  }
}