{
  "num_rounds": 1,
  "latest": {
    "epoch": 60,
    "summary_path": "..\\ablate_A3_p5_id030_tv005\\full_eval\\epoch_0060\\summary.json",
    "transfer_clip_style": 0.6912175864974657,
    "transfer_content_lpips": 0.5047980937500001,
    "transfer_fid": 317.32324863199426,
    "transfer_art_fid": 495.4050981167279,
    "transfer_classifier_acc": 0.0,
    "photo_to_art_clip_style": 0.6821408346295358,
    "photo_to_art_fid": 317.32324863199426,
    "photo_to_art_art_fid": 495.4050981167279,
    "photo_to_art_classifier_acc": 0.0
  },
  "mean": {
    "transfer_clip_style": 0.6912175864974657,
    "transfer_content_lpips": 0.5047980937500001,
    "transfer_fid": 317.32324863199426,
    "transfer_art_fid": 495.4050981167279,
    "transfer_classifier_acc": 0.0,
    "photo_to_art_clip_style": 0.6821408346295358,
    "photo_to_art_fid": 317.32324863199426,
    "photo_to_art_art_fid": 495.4050981167279,
    "photo_to_art_classifier_acc": 0.0
  },
  "best": {
    "best_transfer_classifier_acc": {
      "epoch": 60,
      "summary_path": "..\\ablate_A3_p5_id030_tv005\\full_eval\\epoch_0060\\summary.json",
      "transfer_clip_style": 0.6912175864974657,
      "transfer_content_lpips": 0.5047980937500001,
      "transfer_fid": 317.32324863199426,
      "transfer_art_fid": 495.4050981167279,
      "transfer_classifier_acc": 0.0,
      "photo_to_art_clip_style": 0.6821408346295358,
      "photo_to_art_fid": 317.32324863199426,
      "photo_to_art_art_fid": 495.4050981167279,
      "photo_to_art_classifier_acc": 0.0
    },
    "best_transfer_clip_style": {
      "epoch": 60,
      "summary_path": "..\\ablate_A3_p5_id030_tv005\\full_eval\\epoch_0060\\summary.json",
      "transfer_clip_style": 0.6912175864974657,
      "transfer_content_lpips": 0.5047980937500001,
      "transfer_fid": 317.32324863199426,
      "transfer_art_fid": 495.4050981167279,
      "transfer_classifier_acc": 0.0,
      "photo_to_art_clip_style": 0.6821408346295358,
      "photo_to_art_fid": 317.32324863199426,
      "photo_to_art_art_fid": 495.4050981167279,
      "photo_to_art_classifier_acc": 0.0
    },
    "best_transfer_fid": {
      "epoch": 60,
      "summary_path": "..\\ablate_A3_p5_id030_tv005\\full_eval\\epoch_0060\\summary.json",
      "transfer_clip_style": 0.6912175864974657,
      "transfer_content_lpips": 0.5047980937500001,
      "transfer_fid": 317.32324863199426,
      "transfer_art_fid": 495.4050981167279,
      "transfer_classifier_acc": 0.0,
      "photo_to_art_clip_style": 0.6821408346295358,
      "photo_to_art_fid": 317.32324863199426,
      "photo_to_art_art_fid": 495.4050981167279,
      "photo_to_art_classifier_acc": 0.0
    },
    "best_transfer_art_fid": {
      "epoch": 60,
      "summary_path": "..\\ablate_A3_p5_id030_tv005\\full_eval\\epoch_0060\\summary.json",
      "transfer_clip_style": 0.6912175864974657,
      "transfer_content_lpips": 0.5047980937500001,
      "transfer_fid": 317.32324863199426,
      "transfer_art_fid": 495.4050981167279,
      "transfer_classifier_acc": 0.0,
      "photo_to_art_clip_style": 0.6821408346295358,
      "photo_to_art_fid": 317.32324863199426,
      "photo_to_art_art_fid": 495.4050981167279,
      "photo_to_art_classifier_acc": 0.0
    },
    "best_photo_to_art_classifier_acc": {
      "epoch": 60,
      "summary_path": "..\\ablate_A3_p5_id030_tv005\\full_eval\\epoch_0060\\summary.json",
      "transfer_clip_style": 0.6912175864974657,
      "transfer_content_lpips": 0.5047980937500001,
      "transfer_fid": 317.32324863199426,
      "transfer_art_fid": 495.4050981167279,
      "transfer_classifier_acc": 0.0,
      "photo_to_art_clip_style": 0.6821408346295358,
      "photo_to_art_fid": 317.32324863199426,
      "photo_to_art_art_fid": 495.4050981167279,
      "photo_to_art_classifier_acc": 0.0
    },
    "best_photo_to_art_clip_style": {
      "epoch": 60,
      "summary_path": "..\\ablate_A3_p5_id030_tv005\\full_eval\\epoch_0060\\summary.json",
      "transfer_clip_style": 0.6912175864974657,
      "transfer_content_lpips": 0.5047980937500001,
      "transfer_fid": 317.32324863199426,
      "transfer_art_fid": 495.4050981167279,
      "transfer_classifier_acc": 0.0,
      "photo_to_art_clip_style": 0.6821408346295358,
      "photo_to_art_fid": 317.32324863199426,
      "photo_to_art_art_fid": 495.4050981167279,
      "photo_to_art_classifier_acc": 0.0
    },
    "best_photo_to_art_fid": {
      "epoch": 60,
      "summary_path": "..\\ablate_A3_p5_id030_tv005\\full_eval\\epoch_0060\\summary.json",
      "transfer_clip_style": 0.6912175864974657,
      "transfer_content_lpips": 0.5047980937500001,
      "transfer_fid": 317.32324863199426,
      "transfer_art_fid": 495.4050981167279,
      "transfer_classifier_acc": 0.0,
      "photo_to_art_clip_style": 0.6821408346295358,
      "photo_to_art_fid": 317.32324863199426,
      "photo_to_art_art_fid": 495.4050981167279,
      "photo_to_art_classifier_acc": 0.0
    },
    "best_photo_to_art_art_fid": {
      "epoch": 60,
      "summary_path": "..\\ablate_A3_p5_id030_tv005\\full_eval\\epoch_0060\\summary.json",
      "transfer_clip_style": 0.6912175864974657,
      "transfer_content_lpips": 0.5047980937500001,
      "transfer_fid": 317.32324863199426,
      "transfer_art_fid": 495.4050981167279,
      "transfer_classifier_acc": 0.0,
      "photo_to_art_clip_style": 0.6821408346295358,
      "photo_to_art_fid": 317.32324863199426,
      "photo_to_art_art_fid": 495.4050981167279,
      "photo_to_art_classifier_acc": 0.0
    },
    "best_transfer_content_lpips": {
      "epoch": 60,
      "summary_path": "..\\ablate_A3_p5_id030_tv005\\full_eval\\epoch_0060\\summary.json",
      "transfer_clip_style": 0.6912175864974657,
      "transfer_content_lpips": 0.5047980937500001,
      "transfer_fid": 317.32324863199426,
      "transfer_art_fid": 495.4050981167279,
      "transfer_classifier_acc": 0.0,
      "photo_to_art_clip_style": 0.6821408346295358,
      "photo_to_art_fid": 317.32324863199426,
      "photo_to_art_art_fid": 495.4050981167279,
      "photo_to_art_classifier_acc": 0.0
    }
  },
  "rounds": [
    {
      "epoch": 60,
      "summary_path": "..\\ablate_A3_p5_id030_tv005\\full_eval\\epoch_0060\\summary.json",
      "transfer_clip_style": 0.6912175864974657,
      "transfer_content_lpips": 0.5047980937500001,
      "transfer_fid": 317.32324863199426,
      "transfer_art_fid": 495.4050981167279,
      "transfer_classifier_acc": 0.0,
      "photo_to_art_clip_style": 0.6821408346295358,
      "photo_to_art_fid": 317.32324863199426,
      "photo_to_art_art_fid": 495.4050981167279,
      "photo_to_art_classifier_acc": 0.0
    }
  ],
  "updated_at": "2026-03-04 07:36:26"
}