{
  "checkpoint": "..\\ablate_A4_p5_id070_tv005\\epoch_0060.pt",
  "timestamp": "2026-03-04 09:19:45",
  "metrics_note": {
    "clip_dir": "cos( CLIP(gen)-CLIP(src), CLIP(target_style_proto)-CLIP(src) ) - Measures edit direction.",
    "clip_style": "cos( CLIP(gen), CLIP(target_style_proto) ) - Measures absolute style similarity.",
    "fid_baseline": "FID between source-domain images and target-style references.",
    "fid": "FID between generated images and target-style real references (Inception features).",
    "delta_fid": "fid_baseline - fid (higher is better).",
    "delta_fid_ratio": "delta_fid / fid_baseline (relative improvement ratio).",
    "art_fid": "computed as (1 + fid_style) * (1 + content_lpips)"
  },
  "matrix_breakdown": {
    "photo": {
      "photo": {
        "count": 30,
        "clip_dir": 0.5387530376513799,
        "clip_style": 0.7913376371065776,
        "style_lpips": 0.7305023948351542,
        "content_lpips": 0.469974382,
        "clip_content": 0.7540750853333335,
        "fid_style": null,
        "art_fid": null,
        "fid_baseline": null,
        "delta_fid": null,
        "delta_fid_ratio": null,
        "classifier_acc": null
      },
      "Hayao": {
        "count": 30,
        "clip_dir": 0.6011278251806895,
        "clip_style": 0.6617393990357717,
        "style_lpips": 0.7177003542582194,
        "content_lpips": 0.5660247473333333,
        "clip_content": 0.6993901286666667,
        "fid_style": 358.7672848449136,
        "art_fid": 563.4044713480552,
        "fid_baseline": 334.729000932728,
        "delta_fid": -24.03828391218559,
        "delta_fid_ratio": -0.07181416562413925,
        "classifier_acc": null
      },
      "monet": {
        "count": 30,
        "clip_dir": 0.5190043866634368,
        "clip_style": 0.6702570438385009,
        "style_lpips": 0.7155691623687744,
        "content_lpips": 0.47715149233333337,
        "clip_content": 0.7595109726666665,
        "fid_style": 249.9489619677282,
        "art_fid": 370.6896336701306,
        "fid_baseline": 237.55478896111822,
        "delta_fid": -12.394173006609975,
        "delta_fid_ratio": -0.05217395557804811,
        "classifier_acc": null
      },
      "vangogh": {
        "count": 30,
        "clip_dir": 0.5863226552804311,
        "clip_style": 0.7056257009506226,
        "style_lpips": 0.7376337945461273,
        "content_lpips": 0.5449830953333333,
        "clip_content": 0.7364660406666667,
        "fid_style": 325.7163759852678,
        "art_fid": 504.7712778658082,
        "fid_baseline": 313.3414404549672,
        "delta_fid": -12.374935530300604,
        "delta_fid_ratio": -0.039493453251291555,
        "classifier_acc": null
      },
      "cezanne": {
        "count": 30,
        "clip_dir": 0.5515925069650014,
        "clip_style": 0.6628113071123759,
        "style_lpips": 0.7056863844394684,
        "content_lpips": 0.5324140363333333,
        "clip_content": 0.7270829429999999,
        "fid_style": 333.31433169731906,
        "art_fid": 512.3079744403695,
        "fid_baseline": 317.94764662800304,
        "delta_fid": -15.36668506931602,
        "delta_fid_ratio": -0.04833086589030475,
        "classifier_acc": null
      }
    },
    "Hayao": {
      "photo": {
        "count": 30,
        "clip_dir": 0.4327365110317866,
        "clip_style": 0.5968075126409531,
        "style_lpips": 0.7462326109409332,
        "content_lpips": 0.4361469336666666,
        "clip_content": 0.8300878253333334,
        "fid_style": null,
        "art_fid": null,
        "fid_baseline": null,
        "delta_fid": null,
        "delta_fid_ratio": null,
        "classifier_acc": null
      },
      "Hayao": {
        "count": 30,
        "clip_dir": 0.4085771044095357,
        "clip_style": 0.8358721077442169,
        "style_lpips": 0.702259612083435,
        "content_lpips": 0.3461729739999999,
        "clip_content": 0.8778704930000001,
        "fid_style": null,
        "art_fid": null,
        "fid_baseline": null,
        "delta_fid": null,
        "delta_fid_ratio": null,
        "classifier_acc": null
      },
      "monet": {
        "count": 30,
        "clip_dir": 0.4024602820475896,
        "clip_style": 0.5359634339809418,
        "style_lpips": 0.7316668450832366,
        "content_lpips": 0.4339401996666667,
        "clip_content": 0.8213384499999999,
        "fid_style": null,
        "art_fid": null,
        "fid_baseline": null,
        "delta_fid": null,
        "delta_fid_ratio": null,
        "classifier_acc": null
      },
      "vangogh": {
        "count": 30,
        "clip_dir": 0.47369517882664997,
        "clip_style": 0.6288252413272858,
        "style_lpips": 0.7417666137218475,
        "content_lpips": 0.4377949583333333,
        "clip_content": 0.8113287933333333,
        "fid_style": null,
        "art_fid": null,
        "fid_baseline": null,
        "delta_fid": null,
        "delta_fid_ratio": null,
        "classifier_acc": null
      },
      "cezanne": {
        "count": 30,
        "clip_dir": 0.41975773870944977,
        "clip_style": 0.5795086552699407,
        "style_lpips": 0.708681567509969,
        "content_lpips": 0.42383441266666666,
        "clip_content": 0.8284460736666667,
        "fid_style": null,
        "art_fid": null,
        "fid_baseline": null,
        "delta_fid": null,
        "delta_fid_ratio": null,
        "classifier_acc": null
      }
    },
    "monet": {
      "photo": {
        "count": 30,
        "clip_dir": 0.5611942420403163,
        "clip_style": 0.7387813190619151,
        "style_lpips": 0.7337519705295563,
        "content_lpips": 0.47607202066666665,
        "clip_content": 0.7881916856666665,
        "fid_style": null,
        "art_fid": null,
        "fid_baseline": null,
        "delta_fid": null,
        "delta_fid_ratio": null,
        "classifier_acc": null
      },
      "Hayao": {
        "count": 30,
        "clip_dir": 0.5944718152284623,
        "clip_style": 0.6580195466677348,
        "style_lpips": 0.729984599351883,
        "content_lpips": 0.5507625110000002,
        "clip_content": 0.7245540133333334,
        "fid_style": null,
        "art_fid": null,
        "fid_baseline": null,
        "delta_fid": null,
        "delta_fid_ratio": null,
        "classifier_acc": null
      },
      "monet": {
        "count": 30,
        "clip_dir": 0.43240394443273544,
        "clip_style": 0.8185090442498525,
        "style_lpips": 0.6910454531510671,
        "content_lpips": 0.4585558789999999,
        "clip_content": 0.817049763,
        "fid_style": null,
        "art_fid": null,
        "fid_baseline": null,
        "delta_fid": null,
        "delta_fid_ratio": null,
        "classifier_acc": null
      },
      "vangogh": {
        "count": 30,
        "clip_dir": 0.4574263423681259,
        "clip_style": 0.8015455643335978,
        "style_lpips": 0.7265702664852143,
        "content_lpips": 0.48398437766666663,
        "clip_content": 0.8126133206666666,
        "fid_style": null,
        "art_fid": null,
        "fid_baseline": null,
        "delta_fid": null,
        "delta_fid_ratio": null,
        "classifier_acc": null
      },
      "cezanne": {
        "count": 30,
        "clip_dir": 0.45475322504838306,
        "clip_style": 0.7706938246885936,
        "style_lpips": 0.6981004635492961,
        "content_lpips": 0.5016771943333334,
        "clip_content": 0.7721105599999999,
        "fid_style": null,
        "art_fid": null,
        "fid_baseline": null,
        "delta_fid": null,
        "delta_fid_ratio": null,
        "classifier_acc": null
      }
    },
    "vangogh": {
      "photo": {
        "count": 30,
        "clip_dir": 0.5408497899770737,
        "clip_style": 0.7068425158659617,
        "style_lpips": 0.7322652359803518,
        "content_lpips": 0.49907216400000004,
        "clip_content": 0.76713747,
        "fid_style": null,
        "art_fid": null,
        "fid_baseline": null,
        "delta_fid": null,