{
  "checkpoint": "..\\ablate_A3_p5_id030_tv005\\epoch_0060.pt",
  "timestamp": "2026-03-04 07:36:21",
  "metrics_note": {
    "clip_dir": "cos( CLIP(gen)-CLIP(src), CLIP(target_style_proto)-CLIP(src) ) - Measures edit direction.",
    "clip_style": "cos( CLIP(gen), CLIP(target_style_proto) ) - Measures absolute style similarity.",
    "fid_baseline": "FID between source-domain images and target-style references.",
    "fid": "FID between generated images and target-style real references (Inception features).",
    "delta_fid": "fid_baseline - fid (higher is better).",
    "delta_fid_ratio": "delta_fid / fid_baseline (relative improvement ratio).",
    "art_fid": "computed as (1 + fid_style) * (1 + content_lpips)"
  },
  "matrix_breakdown": {
    "photo": {
      "photo": {
        "count": 30,
        "clip_dir": 0.5586008141438167,
        "clip_style": 0.7878297726313274,
        "style_lpips": 0.7295639296372731,
        "content_lpips": 0.501302535,
        "clip_content": 0.7263444660000001,
        "fid_style": null,
        "art_fid": null,
        "fid_baseline": null,
        "delta_fid": null,
        "delta_fid_ratio": null,
        "classifier_acc": null
      },
      "Hayao": {
        "count": 30,
        "clip_dir": 0.6129998375972112,
        "clip_style": 0.6682583570480347,
        "style_lpips": 0.7161144733428955,
        "content_lpips": 0.5900832736666666,
        "clip_content": 0.6876235516666667,
        "fid_style": 359.89122167183893,
        "art_fid": 573.8470951935203,
        "fid_baseline": 334.729000932728,
        "delta_fid": -25.16222073911092,
        "delta_fid_ratio": -0.07517191718971457,
        "classifier_acc": null
      },
      "monet": {
        "count": 30,
        "clip_dir": 0.5448812872171402,
        "clip_style": 0.6794826646645864,
        "style_lpips": 0.7133123755455018,
        "content_lpips": 0.509298399,
        "clip_content": 0.7319134239999998,
        "fid_style": 257.78372939264983,
        "art_fid": 390.5818684595756,
        "fid_baseline": 237.55478896111822,
        "delta_fid": -20.228940431531612,
        "delta_fid_ratio": -0.08515484162620937,
        "classifier_acc": null
      },
      "vangogh": {
        "count": 30,
        "clip_dir": 0.6026169011990229,
        "clip_style": 0.7138756473859151,
        "style_lpips": 0.7356683890024821,
        "content_lpips": 0.5615601753333334,
        "clip_content": 0.7214973079999999,
        "fid_style": 324.18453916040954,
        "art_fid": 507.7952259870183,
        "fid_baseline": 313.3414404549672,
        "delta_fid": -10.843098705442344,
        "delta_fid_ratio": -0.034604738810475634,
        "classifier_acc": null
      },
      "cezanne": {
        "count": 30,
        "clip_dir": 0.5638135860363642,
        "clip_style": 0.6669466694196066,
        "style_lpips": 0.704969600836436,
        "content_lpips": 0.5509873266666666,
        "clip_content": 0.7084361233333334,
        "fid_style": 327.43350430307885,
        "art_fid": 509.39620282679743,
        "fid_baseline": 317.94764662800304,
        "delta_fid": -9.485857675075806,
        "delta_fid_ratio": -0.029834652892317855,
        "classifier_acc": null
      }
    },
    "Hayao": {
      "photo": {
        "count": 30,
        "clip_dir": 0.4822628756364187,
        "clip_style": 0.618166642387708,
        "style_lpips": 0.7427876154581706,
        "content_lpips": 0.4629710836666667,
        "clip_content": 0.7944455186666666,
        "fid_style": null,
        "art_fid": null,
        "fid_baseline": null,
        "delta_fid": null,
        "delta_fid_ratio": null,
        "classifier_acc": null
      },
      "Hayao": {
        "count": 30,
        "clip_dir": 0.42603831738233566,
        "clip_style": 0.8139653106530508,
        "style_lpips": 0.6985970854759216,
        "content_lpips": 0.3993374516666667,
        "clip_content": 0.8334707600000002,
        "fid_style": null,
        "art_fid": null,
        "fid_baseline": null,
        "delta_fid": null,
        "delta_fid_ratio": null,
        "classifier_acc": null
      },
      "monet": {
        "count": 30,
        "clip_dir": 0.43329653491576514,
        "clip_style": 0.5474939167499542,
        "style_lpips": 0.7279655873775482,
        "content_lpips": 0.45569530966666655,
        "clip_content": 0.7905964306666665,
        "fid_style": null,
        "art_fid": null,
        "fid_baseline": null,
        "delta_fid": null,
        "delta_fid_ratio": null,
        "classifier_acc": null
      },
      "vangogh": {
        "count": 30,
        "clip_dir": 0.49582827985286715,
        "clip_style": 0.636284875869751,
        "style_lpips": 0.7393715659777323,
        "content_lpips": 0.45453226499999994,
        "clip_content": 0.7862750546666668,
        "fid_style": null,
        "art_fid": null,
        "fid_baseline": null,
        "delta_fid": null,
        "delta_fid_ratio": null,
        "classifier_acc": null
      },
      "cezanne": {
        "count": 30,
        "clip_dir": 0.44720376630624137,
        "clip_style": 0.587576753894488,
        "style_lpips": 0.7066875398159027,
        "content_lpips": 0.44662374,
        "clip_content": 0.8000078633333333,
        "fid_style": null,
        "art_fid": null,
        "fid_baseline": null,
        "delta_fid": null,
        "delta_fid_ratio": null,
        "classifier_acc": null
      }
    },
    "monet": {
      "photo": {
        "count": 30,
        "clip_dir": 0.5742598007122676,
        "clip_style": 0.7419676065444947,
        "style_lpips": 0.7328483621279399,
        "content_lpips": 0.4986922273333333,
        "clip_content": 0.7723861360000001,
        "fid_style": null,
        "art_fid": null,
        "fid_baseline": null,
        "delta_fid": null,
        "delta_fid_ratio": null,
        "classifier_acc": null
      },
      "Hayao": {
        "count": 30,
        "clip_dir": 0.5951129158337911,
        "clip_style": 0.6567218879858653,
        "style_lpips": 0.728757510582606,
        "content_lpips": 0.568482812,
        "clip_content": 0.7148378393333333,
        "fid_style": null,
        "art_fid": null,
        "fid_baseline": null,
        "delta_fid": null,
        "delta_fid_ratio": null,
        "classifier_acc": null
      },
      "monet": {
        "count": 30,
        "clip_dir": 0.44518182377020515,
        "clip_style": 0.8077284038066864,
        "style_lpips": 0.6908872942129771,
        "content_lpips": 0.48432574700000003,
        "clip_content": 0.7938781336666666,
        "fid_style": null,
        "art_fid": null,
        "fid_baseline": null,
        "delta_fid": null,
        "delta_fid_ratio": null,
        "classifier_acc": null
      },
      "vangogh": {
        "count": 30,
        "clip_dir": 0.4669645667076111,
        "clip_style": 0.796989232301712,
        "style_lpips": 0.7248783628145854,
        "content_lpips": 0.501665389,
        "clip_content": 0.7973314686666667,
        "fid_style": null,
        "art_fid": null,
        "fid_baseline": null,
        "delta_fid": null,
        "delta_fid_ratio": null,
        "classifier_acc": null
      },
      "cezanne": {
        "count": 30,
        "clip_dir": 0.4599887376030286,
        "clip_style": 0.7627160012722015,
        "style_lpips": 0.697664467493693,
        "content_lpips": 0.5200964703333333,
        "clip_content": 0.7539556649999999,
        "fid_style": null,
        "art_fid": null,
        "fid_baseline": null,
        "delta_fid": null,
        "delta_fid_ratio": null,
        "classifier_acc": null
      }
    },
    "vangogh": {
      "photo": {
        "count": 30,
        "clip_dir": 0.5643315106630326,
        "clip_style": 0.7142175217469533,
        "style_lpips": 0.731269512573878,
        "content_lpips": 0.5196251763333334,
        "clip_content": 0.7423457319999999,
        "fid_style": null,
        "art_fid": null,
        "fid_baseline": null,
        "delta_fid": null,
        "delta_fid_ratio": null,