epoch,loss,style_swd,style_moment,structure,tv,identity,train_num_steps,train_step_size,train_style_strength,lr,data_time_sec,compute_time_sec,epoch_time_sec,samples_seen,samples_per_sec
1,3466.193594706427,34.62014805901911,0.5864005620332108,0.009987376169445589,10.271498699778133,0.000995079027824872,1.0,1.0,0.8959835906004169,5.000000000000001e-07,3.543312900008459,310.30798929995217,313.85761427879333,62080,197.79669880768162
2,3430.8012657558793,34.26083804651634,0.586234157847375,0.0316119762857627,10.272187537753705,0.006341290418970754,1.0,1.0,0.9054531660891071,2.9750000000000003e-06,3.4460959999705665,308.3339481999792,311.78518629074097,62080,199.1114482973227
3,3419.4497485603256,34.14444346280442,0.5875138416118229,0.04226618582747646,10.272985689418832,0.009760390009404612,1.0,1.0,0.8999855745698988,5.450000000000001e-06,3.4165276999556227,308.362434499948,311.78461050987244,62080,199.11181600168902
4,3374.3779989026257,33.68867956731737,0.584528830248056,0.062455671983434984,10.277396556028386,0.015526165283217873,1.0,1.0,0.8993716436563078,7.925000000000001e-06,3.4151894000096945,308.4842124999268,311.9044494628906,62080,199.03531388187548
5,3308.789603636437,33.024159097179925,0.5808462709495702,0.09416073303400856,10.265633656806553,0.027984752646196133,1.0,1.0,0.9122841972665688,1.0400000000000002e-05,3.419195900001796,309.9556093000356,313.38093066215515,62080,198.09756729239612
6,3267.068248630799,32.5937880781508,0.5782705069202738,0.1400332149771071,10.270408094543772,0.048518121204118136,1.0,1.0,0.8950941900617069,1.2875000000000001e-05,3.5273004999980913,309.34223709991784,312.87533688545227,62080,198.41768487724647
7,3197.0258524786564,31.871063320907123,0.5742376640285414,0.21696856594884517,10.275849534064225,0.0840677454606774,1.0,1.0,0.898680635948771,1.535e-05,3.481718599970918,312.44379910000134,315.9319877624512,62080,196.49798818940064
