case_id,src_style,tgt_style,best_overall,best_style_specificity,best_structure,best_artifact_control,confidence_1_to_5,Seedream_repaired750_style_specificity,Seedream_repaired750_structure_preservation,Seedream_repaired750_artifact_control,Seedream_repaired750_note,SaMAM_2250_style_specificity,SaMAM_2250_structure_preservation,SaMAM_2250_artifact_control,SaMAM_2250_note,AttnSA_e24_style_specificity,AttnSA_e24_structure_preservation,AttnSA_e24_artifact_control,AttnSA_e24_note
Early_Renaissance__andrea-mantegna_adoration-of-the-magi-central-panel-from-the-altarpiece__to__Impressionism,Early_Renaissance,Impressionism,Seedream_repaired750,Seedream_repaired750,Seedream_repaired750,Seedream_repaired750,4,5,5,5,Strong Impressionist brushwork and color palette while preserving source structure cleanly.,4,4,4,Good style transfer with minor over-saturation and slight structural softening.,3,3,3,Weaker Impressionist feel; noticeable blurring and loss of fine structural detail.
Early_Renaissance__andrea-mantegna_adoration-of-the-magi-central-panel-from-the-altarpiece__to__Minimalism,Early_Renaissance,Minimalism,Seedream_repaired750,Seedream_repaired750,SaMAM_2250,Seedream_repaired750,4,5,3,5,Strong minimalism via flat color blocks and simplified forms; structure is recognizable but stylized; clean output with no artifacts.,2,5,4,"Preserves source structure well but retains complex textures and colors, failing minimalism; minor smudging artifacts.",3,2,3,Over-blurred and washed out; loses structure and introduces haze artifacts; minimalism is vague rather than intentional.
Early_Renaissance__andrea-mantegna_adoration-of-the-magi-central-panel-from-the-altarpiece__to__Rococo,Early_Renaissance,Rococo,SaMAM_2250,SaMAM_2250,Seedream_repaired750,SaMAM_2250,4,3,5,3,Strong structural fidelity but weak Rococo styling; ornate frame is stylized but lacks color/texture richness.,5,4,5,"Best Rococo aesthetic: soft pastels, gilded frame, painterly texture; minor loss of fine detail in figures.",2,3,2,Overly blurred and washed-out; loses both structure and stylistic intent; heavy artifacts degrade quality.
Early_Renaissance__andrea-mantegna_adoration-of-the-magi-central-panel-from-the-altarpiece__to__Ukiyo_e,Early_Renaissance,Ukiyo_e,SaMAM_2250,SaMAM_2250,Seedream_repaired750,Seedream_repaired750,4,3,5,5,"Preserves source structure well with minimal artifacts, but Ukiyo-e stylization is weak and muted.",5,4,3,Strongest Ukiyo-e style with bold lines and color blocking; slight structural distortion and minor artifacts present.,2,3,4,"Very faint stylization, almost washed out; structure partially preserved but lacks definition and artistic intent."
Early_Renaissance__andrea-mantegna_maria-with-the-sleeping-child-1455__to__Early_Renaissance,Early_Renaissance,Early_Renaissance,SaMAM_2250,SaMAM_2250,Seedream_repaired750,SaMAM_2250,4,3,5,4,Preserves source structure well but lacks strong Early Renaissance stylistic markers; mild smoothing artifacts.,5,4,5,Strongest Early Renaissance style with rich color and chiaroscuro; minor structural softening but no visible artifacts.,2,3,2,Overly blurred and hazy; loses both style detail and structural clarity; significant artifact-like diffusion.
Early_Renaissance__andrea-mantegna_maria-with-the-sleeping-child-1455__to__Impressionism,Early_Renaissance,Impressionism,SaMAM_2250,SaMAM_2250,Seedream_repaired750,SaMAM_2250,4,3,5,4,Strong structural fidelity but lacks clear Impressionist brushwork; moderate artifacts.,5,4,5,Best captures Impressionist texture and color blending with minimal artifacts and good structure.,2,3,3,"Overly blurred, loses detail and stylistic nuance; high artifact presence."
Early_Renaissance__andrea-mantegna_maria-with-the-sleeping-child-1455__to__Minimalism,Early_Renaissance,Minimalism,SaMAM_2250,Seedream_repaired750,SaMAM_2250,SaMAM_2250,4,5,3,4,Strong minimalism via flat colors and simplified forms; structure is recognizable but stylized; minor artifacts in edge blending.,4,5,5,Preserves original composition and detail well; subtle minimalism through muted tones and soft contrast; no visible artifacts.,3,2,3,Overly blurred and washed-out; loses structural clarity and introduces haze artifacts; minimalism feels accidental rather than controlled.
Early_Renaissance__andrea-mantegna_maria-with-the-sleeping-child-1455__to__Rococo,Early_Renaissance,Rococo,Seedream_repaired750,Seedream_repaired750,SaMAM_2250,SaMAM_2250,4,5,4,3,Strong Rococo styling with soft pastels and ornate framing; slight halo artifact around head.,3,5,5,"Excellent structural fidelity and clean output; minimal style transfer, retains source’s darker tone.",2,3,2,Heavy blur and smudging distort structure; weak Rococo cues; significant artifacts.
Early_Renaissance__andrea-mantegna_maria-with-the-sleeping-child-1455__to__Ukiyo_e,Early_Renaissance,Ukiyo_e,SaMAM_2250,SaMAM_2250,Seedream_repaired750,Seedream_repaired750,4,3,5,5,"Strong structural fidelity and clean output, but Ukiyo-e stylization is minimal — lacks bold outlines and flat color blocking.",5,4,4,"Best captures Ukiyo-e traits: strong contours, simplified shading, and stylized facial features; slight softening in background reduces structure slightly.",2,3,3,Overly blurred and hazy; loses both structural detail and stylistic clarity — appears more like a diffusion artifact than intentional style transfer.
Early_Renaissance__andrea-mantegna_scenes-from-the-life-of-st-james-1448-2__to__Early_Renaissance,Early_Renaissance,Early_Renaissance,Seedream_repaired750,Seedream_repaired750,SaMAM_2250,SaMAM_2250,4,5,3,3,Strong Early Renaissance color palette and compositional warmth; some structural distortion in arches and figures; mild smudging artifacts.,3,5,5,"Excellent preservation of original structure and clean output; lacks strong Renaissance stylistic traits (color, texture, mood); minimal artifacts.",2,4,2,"Faint, washed-out style with poor color fidelity to Renaissance; structure mostly intact but degraded by heavy noise and blur artifacts."
Early_Renaissance__andrea-mantegna_scenes-from-the-life-of-st-james-1448-2__to__Impressionism,Early_Renaissance,Impressionism,Seedream_repaired750,Seedream_repaired750,SaMAM_2250,SaMAM_2250,4,5,3,3,Strong Impressionist brushwork and color palette; some structural distortion in arches and figures.,3,5,5,Excellent preservation of original structure and clean output; minimal stylistic transformation.,2,4,2,Very faint style application; low contrast and washed-out appearance with visible artifacts.
Early_Renaissance__andrea-mantegna_scenes-from-the-life-of-st-james-1448-2__to__Minimalism,Early_Renaissance,Minimalism,SaMAM_2250,SaMAM_2250,Seedream_repaired750,SaMAM_2250,4,2,5,3,High structure retention but fails to apply minimalism; retains complex details and color.,5,4,5,Excellent minimalism with clean lines and muted tones; preserves structure well with no artifacts.,3,2,2,Overly blurred and washed out; loses structural integrity and introduces significant artifacts.
Early_Renaissance__andrea-mantegna_scenes-from-the-life-of-st-james-1448-2__to__Rococo,Early_Renaissance,Rococo,Seedream_repaired750,Seedream_repaired750,SaMAM_2250,SaMAM_2250,4,5,3,3,"Strong Rococo styling with ornate details and pastel tones, but structure is distorted and artifacts visible in background.",3,5,5,"Excellent structural fidelity and clean output, but style transfer is muted and lacks Rococo richness.",2,4,4,"Moderate structure preservation and low artifacts, but style is weak and indistinct from source."
Early_Renaissance__andrea-mantegna_scenes-from-the-life-of-st-james-1448-2__to__Ukiyo_e,Early_Renaissance,Ukiyo_e,SaMAM_2250,Seedream_repaired750,SaMAM_2250,SaMAM_2250,4,5,3,3,Strong Ukiyo-e color and texture but distorts source structure significantly.,4,5,5,"Best balance: preserves architecture and figures clearly with subtle, appropriate Ukiyo-e tonal treatment.",3,4,4,"Muted, sketchy style lacks vivid Ukiyo-e character; structure mostly intact but overly desaturated."
Early_Renaissance__andrea-mantegna_the-circumcision-of-christ-1464__to__Early_Renaissance,Early_Renaissance,Early_Renaissance,SaMAM_2250,SaMAM_2250,Seedream_repaired750,Seedream_repaired750,4,3,5,5,Preserves source structure perfectly but applies minimal stylistic transformation; appears nearly identical to source.,5,4,4,"Strongly captures Early Renaissance style with rich color, architectural detail, and figure rendering; minor structural distortion in figures.",4,3,3,"Shows stylistic intent but suffers from blurring, loss of detail, and structural softening; artifacts reduce fidelity."
Early_Renaissance__andrea-mantegna_the-circumcision-of-christ-1464__to__Impressionism,Early_Renaissance,Impressionism,Seedream_repaired750,Seedream_repaired750,Seedream_repaired750,Seedream_repaired750,4,5,5,5,Strong Impressionist brushwork with clear architectural and figure structure; minimal artifacts.,4,4,4,Good style transfer but slightly muted colors and minor structural softening; few artifacts.,3,3,3,"Overly washed-out, low contrast; structure blurred; noticeable smudging artifacts."
Early_Renaissance__andrea-mantegna_the-circumcision-of-christ-1464__to__Minimalism,Early_Renaissance,Minimalism,Seedream_repaired750,Seedream_repaired750,Seedream_repaired750,Seedream_repaired750,5,5,5,5,"Clean, bold lines and flat color blocks strongly reflect minimalism while preserving architectural structure and figures with no visible artifacts.",3,4,4,"Retains structure but applies a painterly, textured style that dilutes minimalism; minor smudging reduces artifact control.",2,2,2,Overly blurred and washed-out; loses structural clarity and minimalism intent; significant artifacts from diffusion haze.
Early_Renaissance__andrea-mantegna_the-circumcision-of-christ-1464__to__Rococo,Early_Renaissance,Rococo,SaMAM_2250,SaMAM_2250,Seedream_repaired750,Seedream_repaired750,4,3,5,5,Preserves source structure well but applies a generic pastel Rococo palette without strong stylistic fidelity to target B.,5,4,4,"Strongly captures Rococo ornamental details, color harmony, and brushwork from target B; minor structural distortion in figures.",2,3,2,Heavy blur and smudging obscure both style and structure; fails to convey Rococo characteristics clearly.
Early_Renaissance__andrea-mantegna_the-circumcision-of-christ-1464__to__Ukiyo_e,Early_Renaissance,Ukiyo_e,Seedream_repaired750,Seedream_repaired750,SaMAM_2250,Seedream_repaired750,4,5,4,5,Strong Ukiyo-e stylization with clean lines and flat color; preserves architectural structure well; minimal artifacts.,3,5,4,Preserves source structure best but weak Ukiyo-e style; slight smudging and color bleeding reduce artifact control.,2,3,2,"Very blurry, loses both style and structure; heavy artifacts and loss of detail make it least effective."
Early_Renaissance__antonello-da-messina_painter-self-portrait__to__Early_Renaissance,Early_Renaissance,Early_Renaissance,SaMAM_2250,SaMAM_2250,SaMAM_2250,SaMAM_2250,4,3,4,3,"Moderate Renaissance framing and color, but lacks fine detail and has slight blurring.",5,5,5,"Excellent match to Early Renaissance style with crisp lines, accurate ornamentation, and no visible artifacts.",2,3,2,Overly textured and faded; loses structural clarity and introduces noise-like artifacts.
Early_Renaissance__antonello-da-messina_painter-self-portrait__to__Impressionism,Early_Renaissance,Impressionism,SaMAM_2250,SaMAM_2250,SaMAM_2250,SaMAM_2250,4,3,3,3,Moderate impressionistic color and brushwork; structure is somewhat softened but recognizable; minor color bleeding and edge smearing.,5,5,5,Strong Impressionist palette and texture while preserving original line art and composition; clean edges with no visible artifacts.,2,4,4,"Very faint, washed-out impressionist effect; structure preserved but style is underdeveloped; minimal artifacts due to low saturation."
Early_Renaissance__antonello-da-messina_painter-self-portrait__to__Minimalism,Early_Renaissance,Minimalism,Seedream_repaired750,Seedream_repaired750,Seedream_repaired750,Seedream_repaired750,5,5,5,5,"Clean minimal line art, preserves source structure perfectly, no artifacts.",3,4,3,"Retains ornate details, not truly minimal; slight color bleed and noise.",2,2,2,"Overly blurred, loses structure and style intent; heavy artifacts."
Early_Renaissance__antonello-da-messina_painter-self-portrait__to__Rococo,Early_Renaissance,Rococo,SaMAM_2250,SaMAM_2250,Seedream_repaired750,Seedream_repaired750,4,3,5,5,"Preserves source structure well but applies a soft, pastel Rococo aesthetic that lacks ornate detail and contrast.",5,4,3,"Strongest Rococo style transfer with high contrast and ornate framing, though slight structural warping is visible.",2,3,2,"Fails to capture Rococo elegance; appears as a degraded, noisy sketch with poor style and structure."
Early_Renaissance__antonello-da-messina_painter-self-portrait__to__Ukiyo_e,Early_Renaissance,Ukiyo_e,Seedream_repaired750,Seedream_repaired750,SaMAM_2250,SaMAM_2250,4,5,3,3,Strong Ukiyo-e color palette and decorative framing; structure slightly distorted due to stylization; minor artifacts in background gradients.,3,5,5,"Excellent preservation of original composition and clean lines; minimal artifacts; but lacks strong Ukiyo-e stylistic markers (color, texture, motif).",2,4,4,Monochrome sketch-like output; structure mostly preserved; very weak Ukiyo-e style representation; some smudging artifacts.
Early_Renaissance__bartolome-bermejo_death-of-the-virgin-1462__to__Early_Renaissance,Early_Renaissance,Early_Renaissance,Seedream_repaired750,Seedream_repaired750,Seedream_repaired750,Seedream_repaired750,4,5,5,5,"Excellent Early Renaissance style transfer with clear architectural framing, balanced composition, and faithful preservation of source structure. Minimal artifacts.",4,4,4,Strong stylistic match but slightly over-saturated colors and minor structural distortion in figure placement. Some haloing around figures.,3,2,2,Heavy blur and loss of detail; structure significantly degraded. Style is vague and lacks Renaissance clarity. High artifact presence.
Early_Renaissance__bartolome-bermejo_death-of-the-virgin-1462__to__Impressionism,Early_Renaissance,Impressionism,SaMAM_2250,SaMAM_2250,Seedream_repaired750,SaMAM_2250,4,3,5,3,"Strong structural fidelity but overly saturated, cartoonish colors reduce Impressionist authenticity; visible halos and flat shading.",5,4,5,"Best balance: retains key compositional elements while applying soft brushwork, muted tones, and atmospheric haze characteristic of Impressionism.",4,3,4,"Atmospheric blur and color washes evoke Impressionism well, but structural details are overly diffused, losing clarity in figures and architecture."
Early_Renaissance__bartolome-bermejo_death-of-the-virgin-1462__to__Minimalism,Early_Renaissance,Minimalism,Seedream_repaired750,Seedream_repaired750,Seedream_repaired750,Seedream_repaired750,4,5,5,5,Strong minimalism with bold flat colors and simplified forms; preserves original composition clearly; no visible artifacts.,2,3,3,"Retains ornate detail, contradicting minimalism; structure partially preserved but cluttered; minor smudging artifacts.",3,2,2,Overly blurred and washed out; loses structural clarity; heavy blur artifacts degrade quality.
Early_Renaissance__bartolome-bermejo_death-of-the-virgin-1462__to__Rococo,Early_Renaissance,Rococo,Seedream_repaired750,Seedream_repaired750,Seedream_repaired750,Seedream_repaired750,4,5,5,5,"Strong Rococo styling with ornate details, soft pastel tones, and decorative arches; preserves source composition faithfully with minimal artifacts.",3,4,3,"Retains structure well but applies a darker, more Baroque-like palette; some loss of Rococo lightness and ornamentation; minor smudging in background.",2,3,2,Overly hazy and washed-out; loses fine structural detail and Rococo elegance; significant blur and color bleeding reduce fidelity.
Early_Renaissance__bartolome-bermejo_death-of-the-virgin-1462__to__Ukiyo_e,Early_Renaissance,Ukiyo_e,Seedream_repaired750,Seedream_repaired750,SaMAM_2250,Seedream_repaired750,4,5,4,5,"Strong Ukiyo-e aesthetic with flat color planes, decorative patterns, and stylized figures; preserves source composition well with minimal artifacts.",3,5,4,"Preserves original structure most faithfully but applies a dark, painterly style that diverges from Ukiyo-e; some halation artifacts near light sources.",2,3,2,Very blurry and washed-out; loses both stylistic detail and structural clarity; heavy smudging and loss of edge definition.
Early_Renaissance__benozzo-gozzoli_madonna-and-child-1485__to__Early_Renaissance,Early_Renaissance,Early_Renaissance,Seedream_repaired750,Seedream_repaired750,Seedream_repaired750,Seedream_repaired750,5,5,5,5,"Excellent Early Renaissance style transfer with accurate color palette, brushwork texture, and compositional fidelity. Minimal artifacts and strong structural alignment with source.",4,4,4,Strong stylistic match but slightly less refined in halo detail and background texture. Minor structural drift in drapery folds; acceptable artifact levels.,3,3,3,Overly soft and blurred rendering; loses key Renaissance details like facial definition and garment structure. Noticeable smudging and loss of edge clarity.
Early_Renaissance__benozzo-gozzoli_madonna-and-child-1485__to__Impressionism,Early_Renaissance,Impressionism,Seedream_repaired750,Seedream_repaired750,Seedream_repaired750,Seedream_repaired750,5,5,5,5,Strong Impressionist brushwork and color blending while preserving original composition and figures with minimal artifacts.,4,4,4,Good stylistic adaptation with slight softening of edges; minor loss in fine detail but no major artifacts.,3,2,3,Overly blurred and indistinct; significant structural degradation and heavy artifacting reduce fidelity.
Early_Renaissance__benozzo-gozzoli_madonna-and-child-1485__to__Minimalism,Early_Renaissance,Minimalism,Seedream_repaired750,Seedream_repaired750,Seedream_repaired750,Seedream_repaired750,5,5,5,5,Strong minimalism via flat color blocks and simplified forms; preserves original composition and figure structure; no visible artifacts or distortions.,3,4,4,Moderate minimalism with muted palette but retains painterly texture; structure mostly preserved; slight softening reduces crispness.,2,2,2,Overly blurred and indistinct; minimalism not clearly expressed; significant loss of structural detail and high artifact presence.
Early_Renaissance__benozzo-gozzoli_madonna-and-child-1485__to__Rococo,Early_Renaissance,Rococo,SaMAM_2250,SaMAM_2250,Seedream_repaired750,SaMAM_2250,4,3,5,3,Strong structural fidelity but lacks Rococo ornamentation; soft blur reduces detail.,5,4,5,Excellent Rococo styling with clear structure and minimal artifacts; best balance.,2,3,2,Heavy blur obscures structure and style; poor artifact control and low specificity.
Early_Renaissance__benozzo-gozzoli_procession-of-the-magus-caspar-detail-1461-4__to__Early_Renaissance,Early_Renaissance,Early_Renaissance,SaMAM_2250,SaMAM_2250,Seedream_repaired750,Seedream_repaired750,4,3,5,5,"Preserves source structure perfectly; minimal style transfer, appears nearly identical to source.",5,4,4,Strong Early Renaissance style with rich textures and color; slight softening of facial details but overall coherent.,2,2,1,"Heavy blur and loss of detail; structure distorted, style vague, artifacts dominate."
Early_Renaissance__benozzo-gozzoli_procession-of-the-magus-caspar-detail-1461-4__to__Impressionism,Early_Renaissance,Impressionism,SaMAM_2250,SaMAM_2250,Seedream_repaired750,SaMAM_2250,4,3,5,3,Strong structural fidelity but muted impressionistic brushwork; some color bleeding and soft edges reduce style clarity.,5,4,5,Excellent Impressionist texture and color blending with minimal artifacts; slight loss of fine facial detail but overall superior style transfer.,2,3,2,"Over-blurred, washed-out appearance; poor retention of both style nuance and structure; significant artifacting in beard and crown."
Early_Renaissance__benozzo-gozzoli_procession-of-the-magus-caspar-detail-1461-4__to__Minimalism,Early_Renaissance,Minimalism,SaMAM_2250,SaMAM_2250,Seedream_repaired750,SaMAM_2250,4,2,5,3,"High structure retention but minimal style transfer; retains source colors and details, not minimalist.",5,4,5,Strong minimalist style with clean lines and muted tones; preserves key facial structure with minimal artifacts.,3,2,2,"Over-blurred and washed out; loses structural detail and introduces haze artifacts, weak style execution."
Early_Renaissance__benozzo-gozzoli_procession-of-the-magus-caspar-detail-1461-4__to__Rococo,Early_Renaissance,Rococo,SaMAM_2250,Seedream_repaired750,SaMAM_2250,SaMAM_2250,4,5,3,3,"Strong Rococo framing and ornamental detail, but structure is distorted by heavy stylization and border artifacts.",4,5,5,"Excellent balance: preserves source structure well, applies subtle Rococo color and texture without major artifacts.",2,2,2,Over-blurred and washed out; loses both structural fidelity and stylistic clarity; high artifact presence.
Early_Renaissance__benozzo-gozzoli_procession-of-the-magus-caspar-detail-1461-4__to__Ukiyo_e,Early_Renaissance,Ukiyo_e,SaMAM_2250,SaMAM_2250,SaMAM_2250,SaMAM_2250,5,3,4,3,Moderate Ukiyo-e influence with soft edges and muted colors; structure preserved but lacks bold linework or flat color blocks typical of Ukiyo_e.,5,5,5,"Strong Ukiyo_e style: bold outlines, flat color regions, stylized facial features, and decorative crown rendering; structure and details well preserved with minimal artifacts.",2,3,2,Very faint Ukiyo_e traits; overly blurred and washed-out appearance; significant loss of detail and structural clarity; high artifact presence.
Early_Renaissance__benozzo-gozzoli_the-school-of-tagaste-1465-1__to__Early_Renaissance,Early_Renaissance,Early_Renaissance,Seedream_repaired750,Seedream_repaired750,Seedream_repaired750,Seedream_repaired750,4,5,5,5,"Strong Early Renaissance style with accurate architectural details, color palette, and figure rendering; preserves source structure well; minimal artifacts.",4,4,4,Good stylistic match but slightly less refined in figure detail and perspective; minor structural distortions; acceptable artifact level.,3,3,3,"Weakest style fidelity — overly faded, low contrast, and blurred figures; structure is preserved but degraded; noticeable artifacts from over-smoothing."
Early_Renaissance__benozzo-gozzoli_the-school-of-tagaste-1465-1__to__Impressionism,Early_Renaissance,Impressionism,SaMAM_2250,SaMAM_2250,SaMAM_2250,SaMAM_2250,4,3,4,3,Moderate impressionistic brushwork; structure mostly preserved but slightly softened; minor color bleeding and edge smearing.,5,5,5,Strong Impressionist texture with visible brush strokes; excellent preservation of architectural and figure details; clean edges and minimal artifacts.,2,3,2,"Very faded, washed-out appearance; structure blurred and indistinct; significant loss of detail and heavy artifacting (smudging, low contrast)."
Early_Renaissance__benozzo-gozzoli_the-school-of-tagaste-1465-1__to__Minimalism,Early_Renaissance,Minimalism,SaMAM_2250,SaMAM_2250,SaMAM_2250,SaMAM_2250,4,2,3,2,Retains source structure but adds cartoonish colors and exaggerated forms; minimalism not achieved.,5,5,5,"Clean lines, muted palette, simplified forms — strong minimalism while preserving architectural and figure layout.",3,2,3,Overly blurred and washed out; loses structural clarity and introduces haze artifacts.
Early_Renaissance__benozzo-gozzoli_the-school-of-tagaste-1465-1__to__Rococo,Early_Renaissance,Rococo,Seedream_repaired750,Seedream_repaired750,Seedream_repaired750,Seedream_repaired750,4,5,5,5,Excellent Rococo style transfer with high fidelity to source structure and minimal artifacts.,4,4,4,Good style match but slightly less precise in structural alignment and minor color bleeding.,3,3,3,Noticeable loss of detail and structural distortion; style is present but overly blurred.
Early_Renaissance__benozzo-gozzoli_the-school-of-tagaste-1465-1__to__Ukiyo_e,Early_Renaissance,Ukiyo_e,Seedream_repaired750,Seedream_repaired750,Seedream_repaired750,Seedream_repaired750,4,5,5,5,Strong Ukiyo-e stylization with clear line work and color blocking; preserves architectural and figure structure well; minimal artifacts.,4,4,4,Good style transfer but slightly muted colors and less defined lines; structure mostly preserved; minor smudging in background.,3,3,3,"Faint, washed-out appearance; loses detail and structural clarity; noticeable blurring and loss of edge definition."
Early_Renaissance__carlo-crivelli_piet-1__to__Early_Renaissance,Early_Renaissance,Early_Renaissance,SaMAM_2250,SaMAM_2250,SaMAM_2250,SaMAM_2250,4,3,3,3,Moderate Early Renaissance style; structure somewhat blurred; noticeable artifacts.,5,5,5,Strong Early Renaissance style; excellent structure preservation; minimal artifacts.,4,4,4,Good style match; structure mostly preserved; minor artifacts present.
Early_Renaissance__carlo-crivelli_piet-1__to__Impressionism,Early_Renaissance,Impressionism,Seedream_repaired750,Seedream_repaired750,Seedream_repaired750,Seedream_repaired750,4,5,5,5,Strong Impressionist brushwork and color palette while preserving original composition and figures with minimal artifacts.,4,4,4,Good stylistic adaptation but slightly over-saturated colors and minor structural distortion in figure proportions.,3,3,3,Weaker Impressionist execution; noticeable blurring and loss of detail in facial features and background elements.
Early_Renaissance__carlo-crivelli_piet-1__to__Minimalism,Early_Renaissance,Minimalism,SaMAM_2250,SaMAM_2250,Seedream_repaired750,SaMAM_2250,4,2,5,3,Preserves source structure well but retains too much original detail and color; minimalism not strongly applied.,5,4,5,Strongly applies minimalism via muted tones and simplified forms; clean output with no visible artifacts; slight loss of fine structure.,4,3,4,Achieves minimalism through soft blur and desaturation; some structural ambiguity and mild smudging reduce clarity.
Early_Renaissance__carlo-crivelli_piet-1__to__Rococo,Early_Renaissance,Rococo,Seedream_repaired750,Seedream_repaired750,SaMAM_2250,Seedream_repaired750,4,5,3,5,"Strong Rococo elements (pastel tones, ornate drapery, soft lighting) with minimal artifacts; structure slightly softened but recognizable.",3,5,4,"Excellent structural fidelity to source; style leans more Baroque than Rococo, with muted color palette and less ornamentation.",2,3,3,Weak Rococo interpretation; heavy vignetting and color distortion introduce artifacts; structure blurred and indistinct.
Early_Renaissance__carlo-crivelli_piet-1__to__Ukiyo_e,Early_Renaissance,Ukiyo_e,SaMAM_2250,SaMAM_2250,Seedream_repaired750,SaMAM_2250,4,3,5,3,Good structural fidelity but weak Ukiyo-e stylization; noticeable color bleeding and soft edges.,5,4,5,"Strong Ukiyo-e aesthetic with clean lines, bold colors, and minimal artifacts; slight structure loss in background.",2,3,2,"Faint, washed-out style; poor structure retention and heavy blurring/artifacts throughout."
Early_Renaissance__carlo-crivelli_saint-thomas-aquinas-1476__to__Early_Renaissance,Early_Renaissance,Early_Renaissance,SaMAM_2250,SaMAM_2250,Seedream_repaired750,Seedream_repaired750,4,3,5,5,Preserves source structure perfectly but applies minimal stylistic transformation; appears nearly identical to source.,5,4,4,"Strongly captures Early Renaissance style with appropriate color palette, brushwork, and tonal depth; minor structural softening but overall faithful.",4,3,3,"Shows stylistic intent with warm tones and texture, but introduces noticeable artifacts (blurring, haloing) and slight structural distortion."
Early_Renaissance__carlo-crivelli_saint-thomas-aquinas-1476__to__Impressionism,Early_Renaissance,Impressionism,SaMAM_2250,SaMAM_2250,Seedream_repaired750,SaMAM_2250,4,3,5,4,Strong structural fidelity but muted impressionistic brushwork; lacks bold color and texture variation.,5,4,5,"Excellent Impressionist rendering with visible brushstrokes, warm tones, and atmospheric haze; minor softening of edges.",4,3,3,Noticeable over-smoothing and loss of detail; style is present but artifacts degrade overall quality.
Early_Renaissance__carlo-crivelli_saint-thomas-aquinas-1476__to__Minimalism,Early_Renaissance,Minimalism,Seedream_repaired750,Seedream_repaired750,SaMAM_2250,Seedream_repaired750,4,5,4,5,Strong minimalism with flat colors and simplified forms; preserves key structure and has clean edges.,3,5,4,Retains original structure well but lacks strong minimalism; slight texture artifacts remain.,2,3,3,Overly blurred and washed out; loses both style clarity and structural detail.
Early_Renaissance__carlo-crivelli_saint-thomas-aquinas-1476__to__Rococo,Early_Renaissance,Rococo,SaMAM_2250,SaMAM_2250,Seedream_repaired750,Seedream_repaired750,4,3,5,5,Preserves structure perfectly but applies minimal Rococo styling; appears too neutral.,5,4,3,Strong Rococo aesthetic with ornate framing and soft lighting; slight darkening and minor halo artifacts near edges.,4,3,2,Rococo mood present but overly hazy and washed out; significant loss of detail and structural clarity.
Early_Renaissance__carlo-crivelli_saint-thomas-aquinas-1476__to__Ukiyo_e,Early_Renaissance,Ukiyo_e,SaMAM_2250,SaMAM_2250,Seedream_repaired750,Seedream_repaired750,4,3,5,5,Preserves structure well but lacks strong Ukiyo-e stylistic traits; clean output with minimal artifacts.,5,4,3,Strong Ukiyo-e style transfer with visible brushwork and color palette; slight structural distortion and minor artifacts.,2,3,2,"Weak style transfer, overly faded and blurry; poor structure retention and noticeable artifacts."
Early_Renaissance__domenico-ghirlandaio_st-jerome__to__Early_Renaissance,Early_Renaissance,Early_Renaissance,SaMAM_2250,SaMAM_2250,SaMAM_2250,SaMAM_2250,4,3,3,3,Moderate Early Renaissance style with visible texture but lacks architectural detail fidelity; some blurring and color bleed.,5,5,5,"Strongest match to Early Renaissance style: clear anatomical rendering, architectural framing, and aged fresco effect with minimal artifacts.",2,2,2,Overly washed out and blurry; loses structural definition and stylistic nuance; high artifact presence due to excessive smoothing.
Early_Renaissance__domenico-ghirlandaio_st-jerome__to__Impressionism,Early_Renaissance,Impressionism,Seedream_repaired750,Seedream_repaired750,Seedream_repaired750,Seedream_repaired750,4,5,5,5,Strong Impressionist brushwork and color blending while preserving architectural and figure structure with minimal artifacts.,4,4,4,Good style transfer with slight over-smoothing; structure mostly preserved but minor loss of fine detail.,3,3,3,Weakest style adherence; noticeable blurring and structural distortion with visible artifacts.
Early_Renaissance__domenico-ghirlandaio_st-jerome__to__Minimalism,Early_Renaissance,Minimalism,SaMAM_2250,SaMAM_2250,SaMAM_2250,SaMAM_2250,4,2,3,2,"Retains figure and columns but adds bold graphic elements (halo, flat colors) that clash with minimalism; structure partially preserved but stylized heavily.",5,5,5,Cleanly reduces detail while preserving architectural structure and figure silhouette; muted palette and soft edges align well with minimalism; no visible artifacts.,3,2,3,Over-blurred and washed out; loses structural clarity and introduces haze-like artifacts; minimalism achieved through loss of detail rather than intentional simplification.
Early_Renaissance__domenico-ghirlandaio_st-jerome__to__Rococo,Early_Renaissance,Rococo,Seedream_repaired750,Seedream_repaired750,Seedream_repaired750,Seedream_repaired750,4,5,5,5,"Strong Rococo elegance with ornate framing, soft pastel tones, and classical figure rendering; structure closely matches source; minimal artifacts.",4,4,4,Good Rococo elements but slightly muted palette and less refined detailing; structure preserved well; minor smudging in background.,3,3,3,"Faint, washed-out appearance; lacks clear Rococo ornamentation; structure blurred; noticeable noise and loss of detail."
Early_Renaissance__domenico-ghirlandaio_st-jerome__to__Ukiyo_e,Early_Renaissance,Ukiyo_e,SaMAM_2250,SaMAM_2250,SaMAM_2250,SaMAM_2250,4,3,4,3,"Moderate Ukiyo-e influence with bold outlines and flat color blocks, but lacks fine woodblock texture; structure preserved well; minor color bleeding artifacts.",5,5,5,"Strong Ukiyo_e aesthetic: clean linework, stylized shading, muted palette, and compositional framing matching target B; structure faithfully retained; minimal artifacts.",2,3,2,Very faint Ukiyo_e traits; overly washed-out and blurry; structure degraded; significant noise and loss of detail indicate poor artifact control.
Early_Renaissance__domenico-ghirlandaio_st-stephen-st-jacobo-st-peter__to__Early_Renaissance,Early_Renaissance,Early_Renaissance,Seedream_repaired750,Seedream_repaired750,Seedream_repaired750,Seedream_repaired750,5,5,5,5,"Excellent Early Renaissance style transfer with accurate color palette, drapery rendering, and architectural framing; structure fully preserved; no visible artifacts.",4,4,4,Strong stylistic match but slightly muted tones and minor softening of facial features; structure mostly intact; negligible artifacts.,3,3,2,Style is present but overly washed out and hazy; structural details blurred; noticeable smudging and loss of edge definition.
Early_Renaissance__domenico-ghirlandaio_st-stephen-st-jacobo-st-peter__to__Impressionism,Early_Renaissance,Impressionism,Seedream_repaired750,Seedream_repaired750,Seedream_repaired750,Seedream_repaired750,4,5,5,5,Strong Impressionist brushwork with clear figure and architectural structure; minimal artifacts.,4,4,4,Good style transfer but slightly less refined brush texture; minor structural softening.,3,3,3,Overly blurred and hazy; loses detail and introduces noticeable artifacts.
Early_Renaissance__domenico-ghirlandaio_st-stephen-st-jacobo-st-peter__to__Minimalism,Early_Renaissance,Minimalism,Seedream_repaired750,Seedream_repaired750,SaMAM_2250,SaMAM_2250,4,5,3,3,Strong minimalism via flat color blocks and simplified forms; loses architectural detail and spatial depth.,3,5,5,Preserves original composition and structure well; minimalism applied subtly with muted tones and soft edges.,2,4,2,"Overly blurred and washed-out; minimalism not clearly expressed, artifacts from excessive smoothing degrade clarity."
Early_Renaissance__domenico-ghirlandaio_st-stephen-st-jacobo-st-peter__to__Rococo,Early_Renaissance,Rococo,Seedream_repaired750,Seedream_repaired750,Seedream_repaired750,Seedream_repaired750,4,4,5,5,Strong Rococo softness and color harmony; figures and architecture well preserved; minimal artifacts.,3,4,4,Moderate Rococo feel with slightly muted palette; structure mostly intact; minor smoothing artifacts.,2,3,2,Weak Rococo styling; noticeable haze and color shifts; structure blurred with visible artifacts.
Early_Renaissance__domenico-ghirlandaio_st-stephen-st-jacobo-st-peter__to__Ukiyo_e,Early_Renaissance,Ukiyo_e,Seedream_repaired750,Seedream_repaired750,Seedream_repaired750,Seedream_repaired750,4,5,5,5,"Strong Ukiyo-e stylization with clean lines, flat color blocks, and decorative patterns; structure and figures well preserved; minimal artifacts.",4,4,4,Good Ukiyo-e influence with bold outlines and stylized faces; slight over-saturation and minor edge halos; structure mostly intact.,3,3,3,Weaker Ukiyo-e traits; muted colors and blurred edges; some structural distortion and visible compression artifacts.
Early_Renaissance__filippo-lippi_adoration-of-the-magi-detail-2__to__Early_Renaissance,Early_Renaissance,Early_Renaissance,SaMAM_2250,SaMAM_2250,Seedream_repaired750,Seedream_repaired750,4,3,5,5,Preserves source structure well with minimal artifacts; style is somewhat muted and lacks strong Early Renaissance characteristics.,5,4,3,Strongly captures Early Renaissance style with rich color and detail; slight structural distortion and minor artifacts present.,2,3,2,"Weak style transfer, heavy blurring and loss of detail; significant artifacts and poor structural fidelity."
Early_Renaissance__filippo-lippi_adoration-of-the-magi-detail-2__to__Impressionism,Early_Renaissance,Impressionism,Seedream_repaired750,Seedream_repaired750,Seedream_repaired750,Seedream_repaired750,4,5,5,5,Strong Impressionist brushwork and color palette; preserves source structure well with minimal artifacts.,4,4,3,Good style transfer but slight structural distortion and minor smudging artifacts.,3,3,2,Weak Impressionist rendering; significant loss of structure and heavy blurring/artifacts.
Early_Renaissance__filippo-lippi_adoration-of-the-magi-detail-2__to__Minimalism,Early_Renaissance,Minimalism,Seedream_repaired750,Seedream_repaired750,Seedream_repaired750,Seedream_repaired750,5,5,5,5,"Strong minimalism via flat color blocks, geometric simplification, and reduced detail; preserves source structure well with clean edges and no artifacts.",3,4,4,Retains some texture and complexity; minimalism is partial — lacks bold abstraction but avoids major artifacts.,2,2,3,Over-blurred and washed out; loses structural clarity and minimalism intent; artifacts from excessive smoothing.
Early_Renaissance__filippo-lippi_adoration-of-the-magi-detail-2__to__Rococo,Early_Renaissance,Rococo,SaMAM_2250,SaMAM_2250,Seedream_repaired750,Seedream_repaired750,4,2,5,5,Preserves source structure perfectly but applies minimal Rococo styling; appears washed out and lacks ornamental detail.,5,3,3,"Strong Rococo aesthetic with rich colors and decorative elements, but distorts architectural lines and introduces visual noise.",3,2,2,"Shows some Rococo color palette but suffers from heavy blurring, loss of detail, and structural collapse."
Early_Renaissance__filippo-lippi_adoration-of-the-magi-detail-2__to__Ukiyo_e,Early_Renaissance,Ukiyo_e,SaMAM_2250,SaMAM_2250,SaMAM_2250,SaMAM_2250,4,3,3,3,Moderate Ukiyo-e stylization with visible brushwork and color blocking; structure is partially preserved but softened; some artifacts from over-smoothing.,5,5,5,"Strong Ukiyo-e aesthetic with bold outlines, flat color planes, and traditional composition; source structure well preserved; minimal artifacts.",2,2,2,Very faint stylization; lacks clear Ukiyo-e traits; structure heavily blurred; significant loss of detail and high artifact presence.
Early_Renaissance__filippo-lippi_confirmation-of-the-carmelite-rule__to__Early_Renaissance,Early_Renaissance,Early_Renaissance,Seedream_repaired750,Seedream_repaired750,Seedream_repaired750,Seedream_repaired750,4,5,5,5,"Strong Early Renaissance style with clear architectural framing, balanced composition, and minimal artifacts; closely matches target B in mood and structure.",4,4,4,Good stylistic fidelity but slightly more saturated colors and minor structural distortion in background elements; still strong overall.,2,3,2,Overly faded and washed-out; loses key structural details and stylistic cues from target; appears degraded rather than stylized.
Early_Renaissance__filippo-lippi_confirmation-of-the-carmelite-rule__to__Impressionism,Early_Renaissance,Impressionism,Seedream_repaired750,Seedream_repaired750,Seedream_repaired750,Seedream_repaired750,4,5,5,5,Strong Impressionist brushwork with clear structural fidelity and minimal artifacts.,4,4,4,Good style transfer but slightly less refined in texture and edge preservation.,3,3,3,"Weaker style application, noticeable blurring and loss of detail."
Early_Renaissance__filippo-lippi_confirmation-of-the-carmelite-rule__to__Minimalism,Early_Renaissance,Minimalism,SaMAM_2250,Seedream_repaired750,SaMAM_2250,SaMAM_2250,4,5,3,3,"Strong minimalism via flat color blocks and simplified forms, but structure is heavily distorted and artifacts from aggressive stylization are visible.",4,5,5,"Excellent balance: preserves source structure well, applies minimalism through muted tones and soft edges without introducing artifacts.",3,4,4,"Minimalist in wash-like texture and low contrast, but lacks clear stylistic intent; structure is preserved but details are overly blurred."
Early_Renaissance__filippo-lippi_confirmation-of-the-carmelite-rule__to__Rococo,Early_Renaissance,Rococo,Seedream_repaired750,Seedream_repaired750,SaMAM_2250,Seedream_repaired750,4,5,3,5,Strong Rococo elegance with soft pastels and ornate framing; preserves source composition well; minimal artifacts.,3,5,4,Preserves source structure faithfully but style is muted and less distinctly Rococo; slight color bleeding but clean overall.,2,2,3,Very blurry and washed-out; loses both structural detail and stylistic clarity; heavy artifacts and loss of form.
Early_Renaissance__filippo-lippi_confirmation-of-the-carmelite-rule__to__Ukiyo_e,Early_Renaissance,Ukiyo_e,Seedream_repaired750,Seedream_repaired750,Seedream_repaired750,Seedream_repaired750,4,5,5,5,"Strong Ukiyo-e aesthetic with bold outlines, flat color blocks, and stylized figures; preserves source composition well; minimal artifacts.",4,4,4,Good style match but slightly muted colors and less defined linework; structure mostly preserved; minor smudging in background.,3,3,3,"Faint, washed-out appearance lacks Ukiyo-e vibrancy; structure blurred; noticeable noise and loss of detail."
Early_Renaissance__fra-angelico_bosco-ai-frati-altarpiece__to__Early_Renaissance,Early_Renaissance,Early_Renaissance,SaMAM_2250,SaMAM_2250,Seedream_repaired750,SaMAM_2250,4,3,5,3,Strong structural fidelity but muted Renaissance styling; slight color bleeding and soft edges reduce stylistic clarity.,5,4,5,"Excellent Early Renaissance style match with clean rendering, minimal artifacts, and well-preserved composition.",4,3,4,"Good stylistic tone but overblurred; structure slightly softened, reducing detail fidelity compared to D."
Early_Renaissance__fra-angelico_bosco-ai-frati-altarpiece__to__Impressionism,Early_Renaissance,Impressionism,SaMAM_2250,SaMAM_2250,Seedream_repaired750,SaMAM_2250,4,2,5,4,Preserves structure well but lacks Impressionist brushwork and color blending; appears too rigid and painterly in a non-Impressionist way.,5,4,5,"Strong Impressionist style with soft edges, visible brushstrokes, and atmospheric color; maintains key compositional elements with minimal artifacts.",3,3,3,Shows some Impressionist traits but overly washed out and blurry; loses detail and introduces smudging artifacts without clear stylistic intent.
Early_Renaissance__fra-angelico_bosco-ai-frati-altarpiece__to__Minimalism,Early_Renaissance,Minimalism,SaMAM_2250,Seedream_repaired750,SaMAM_2250,SaMAM_2250,4,5,3,2,"Strong minimalism via flat color blocks and simplified forms, but loses architectural detail and introduces halos/blur artifacts.",4,5,5,Best balance: retains original composition and figures while applying subtle minimalism through muted tones and soft edges; no major artifacts.,3,2,3,"Over-blurred and washed out; structure is heavily degraded, style is vague, and artifacts (smearing, loss of detail) are prominent."
Early_Renaissance__benozzo-gozzoli_madonna-and-child-1485__to__Ukiyo_e,Early_Renaissance,Ukiyo_e,Seedream_repaired750,Seedream_repaired750,Seedream_repaired750,Seedream_repaired750,4,5,5,5,"Strong Ukiyo-e stylization with bold outlines, flat color blocks, and decorative patterns; preserves source composition and facial structure; minimal artifacts.",4,4,4,Good Ukiyo-e influence with stylized halos and background motifs; slight softening of edges reduces structural fidelity; minor color bleeding in robes.,2,3,2,Weak Ukiyo-e traits; overly blurred and painterly; significant loss of line definition and structural clarity; heavy smudging and halo distortion.
Early_Renaissance__fra-angelico_bosco-ai-frati-altarpiece__to__Rococo,Early_Renaissance,Rococo,Seedream_repaired750,Seedream_repaired750,Seedream_repaired750,Seedream_repaired750,4,5,5,5,"Excellent Rococo styling with ornate details, soft pastel tones, and decorative arches; structure closely matches source; minimal artifacts.",4,4,4,Good Rococo elements but slightly less refined than C; structure well preserved; minor color bleeding and edge softness.,3,3,2,Weak Rococo interpretation; heavy blur and smudging distort structure; significant artifacts and loss of detail.
Early_Renaissance__fra-angelico_bosco-ai-frati-altarpiece__to__Ukiyo_e,Early_Renaissance,Ukiyo_e,SaMAM_2250,SaMAM_2250,SaMAM_2250,SaMAM_2250,4,3,4,3,Moderate Ukiyo-e influence with soft edges and muted colors; structure mostly preserved but some blurring; minor artifacts in background details.,5,5,5,"Strong Ukiyo-e aesthetic with bold outlines, flat color planes, and decorative patterns; excellent structural fidelity; minimal artifacts.",2,3,4,Weak Ukiyo-e styling; overly washed-out and blurry; structure partially lost; clean but lacks stylistic definition.
Early_Renaissance__fra-angelico_coronation-of-the-virgin-detail-1435-1__to__Early_Renaissance,Early_Renaissance,Early_Renaissance,SaMAM_2250,SaMAM_2250,Seedream_repaired750,SaMAM_2250,4,3,5,3,Strong structural fidelity but muted Renaissance styling; slight color bleeding and soft edges reduce stylistic clarity.,5,4,5,"Excellent Early Renaissance palette, brushwork simulation, and clean artifact control; minor structural softening in background elements.",2,3,2,"Overly hazy, low-contrast output with poor stylistic definition and visible smearing artifacts; structure significantly degraded."
Early_Renaissance__fra-angelico_coronation-of-the-virgin-detail-1435-1__to__Impressionism,Early_Renaissance,Impressionism,SaMAM_2250,SaMAM_2250,Seedream_repaired750,Seedream_repaired750,4,3,5,5,Preserves structure well but lacks strong Impressionist brushwork and color vibrancy.,5,4,4,Strongest Impressionist style with visible brushstrokes and warm tones; slight softening of edges.,2,3,3,Overly blurred and washed out; loses both stylistic detail and structural clarity.
Early_Renaissance__fra-angelico_coronation-of-the-virgin-detail-1435-1__to__Minimalism,Early_Renaissance,Minimalism,SaMAM_2250,Seedream_repaired750,SaMAM_2250,SaMAM_2250,4,5,3,2,"Highly stylized with bold colors and flat shapes matching minimalism, but distorts original structure and introduces halos/artifacts.",3,5,5,Preserves original composition and figures well; applies subtle color simplification consistent with minimalism without major artifacts.,2,4,3,Soft blur reduces detail but lacks clear minimalist styling; moderate structure retention with some loss of definition.
Early_Renaissance__fra-angelico_coronation-of-the-virgin-detail-1435-1__to__Rococo,Early_Renaissance,Rococo,SaMAM_2250,SaMAM_2250,Seedream_repaired750,SaMAM_2250,4,2,5,3,Preserves structure well but applies Rococo via decorative frame rather than stylistic rendering; soft blur reduces clarity.,5,4,5,Strong Rococo aesthetic with warm tones and painterly texture; maintains scene coherence and minimal artifacts.,3,2,2,"Heavy blur and low contrast obscure structure; style is vague and indistinct, resembling smudged oil rather than deliberate Rococo."
Early_Renaissance__fra-angelico_coronation-of-the-virgin-detail-1435-1__to__Ukiyo_e,Early_Renaissance,Ukiyo_e,Seedream_repaired750,Seedream_repaired750,Seedream_repaired750,Seedream_repaired750,4,5,5,5,"Strong Ukiyo-e stylization with bold outlines, flat color blocks, and decorative patterns; preserves source composition and character poses cleanly; minimal artifacts.",4,4,4,Good Ukiyo-e influence with stylized faces and robes; slight over-smoothing in background; minor loss of fine edge detail but overall coherent.,2,3,2,"Very faint, washed-out style; lacks clear Ukiyo-e traits; structure blurred and indistinct; heavy haze/artifacts obscure details."
Early_Renaissance__fra-angelico_saint-cosmas-and-saint-damian-before-lisius-1440__to__Early_Renaissance,Early_Renaissance,Early_Renaissance,Seedream_repaired750,Seedream_repaired750,Seedream_repaired750,Seedream_repaired750,4,5,5,5,"Excellent Early Renaissance style transfer with accurate color palette, architectural details, and figure rendering; structure fully preserved; minimal artifacts.",4,4,4,Good stylistic fidelity but slightly muted tones; structure mostly intact with minor distortions in background elements; low-level artifacts present.,3,3,3,Weakest style match — overly washed out and lacks Renaissance detail; structural elements blurred or misaligned; noticeable compression and smearing artifacts.
Early_Renaissance__fra-angelico_saint-cosmas-and-saint-damian-before-lisius-1440__to__Impressionism,Early_Renaissance,Impressionism,SaMAM_2250,SaMAM_2250,Seedream_repaired750,Seedream_repaired750,4,3,5,5,Preserves structure well but lacks strong Impressionist brushwork and color blending.,5,4,4,Strong Impressionist style with visible brushstrokes and atmospheric color; minor structural softening.,2,3,3,Overly blurred and hazy; loses both stylistic detail and structural clarity.
Early_Renaissance__fra-angelico_saint-cosmas-and-saint-damian-before-lisius-1440__to__Minimalism,Early_Renaissance,Minimalism,Seedream_repaired750,Seedream_repaired750,Seedream_repaired750,Seedream_repaired750,5,5,5,5,"Perfectly captures minimalism with flat colors, bold outlines, and simplified forms while preserving all structural elements and人物 positions without artifacts.",3,4,4,"Retains structure well but applies a painterly, textured style rather than true minimalism; slight color bleeding and soft edges reduce stylistic purity.",2,2,1,"Overly blurred and washed-out; loses structural clarity and introduces heavy artifacts (smudging, loss of detail), failing both style and fidelity goals."
Early_Renaissance__fra-angelico_saint-cosmas-and-saint-damian-before-lisius-1440__to__Rococo,Early_Renaissance,Rococo,Seedream_repaired750,Seedream_repaired750,Seedream_repaired750,Seedream_repaired750,4,5,5,5,"Strong Rococo styling with ornate architecture, soft pastel tones, and elegant figures; preserves source composition faithfully with minimal artifacts.",4,4,4,Good Rococo elements but slightly muted palette and less refined architectural detail; minor structural blurring in background figures.,2,3,2,"Heavy blur and loss of detail; weak Rococo styling, significant artifacting, and poor preservation of original structure."
Early_Renaissance__fra-angelico_saint-cosmas-and-saint-damian-before-lisius-1440__to__Ukiyo_e,Early_Renaissance,Ukiyo_e,Seedream_repaired750,Seedream_repaired750,Seedream_repaired750,Seedream_repaired750,4,5,5,5,Strong Ukiyo-e stylization with clean lines and flat color blocks; preserves original composition and figure placement; minimal artifacts.,4,4,4,Good Ukiyo-e influence but slightly less defined line work; structure mostly preserved; minor smudging in background elements.,3,3,3,Weakest Ukiyo-e interpretation; blurred edges and loss of detail; structural distortion in figures and architecture; noticeable artifacts.
Early_Renaissance__jacopo-bellini_view-of-a-fortification-of-jerusalem(1)__to__Early_Renaissance,Early_Renaissance,Early_Renaissance,Seedream_repaired750,Seedream_repaired750,Seedream_repaired750,Seedream_repaired750,4,5,5,5,Strong Early Renaissance architectural detail and muted palette; clean lines with minimal artifacts.,4,4,3,Good stylistic match but slightly noisy texture and minor edge artifacts.,3,3,4,"Faint sketch-like rendering; structure less defined, though low artifact presence."
Early_Renaissance__jacopo-bellini_view-of-a-fortification-of-jerusalem(1)__to__Impressionism,Early_Renaissance,Impressionism,Seedream_repaired750,Seedream_repaired750,SaMAM_2250,SaMAM_2250,4,5,3,3,Strong Impressionist brushwork and color palette; structure slightly blurred but recognizable; minor smudging artifacts.,3,5,5,"Excellent structural fidelity and clean output; style is muted, more sketch-like than full Impressionism; no visible artifacts.",2,4,4,"Very faint, washed-out style with minimal Impressionist traits; structure preserved but low contrast; slight noise in background."
Early_Renaissance__jacopo-bellini_view-of-a-fortification-of-jerusalem(1)__to__Minimalism,Early_Renaissance,Minimalism,SaMAM_2250,SaMAM_2250,SaMAM_2250,SaMAM_2250,4,2,3,2,Highly stylized with bold colors and geometric forms; loses source structure and introduces heavy artifacts.,5,5,5,"Faithfully preserves source structure while applying minimalism through muted tones, clean lines, and reduced detail.",4,4,4,Minimalist in tone and texture but slightly over-smoothed; retains structure well with minor loss of fine detail.
Early_Renaissance__jacopo-bellini_view-of-a-fortification-of-jerusalem(1)__to__Rococo,Early_Renaissance,Rococo,SaMAM_2250,SaMAM_2250,SaMAM_2250,SaMAM_2250,4,3,3,3,"Moderate Rococo flair with soft pastel tones and decorative framing, but lacks ornate detail; structure is somewhat blurred; minor smudging artifacts present.",5,5,5,"Strong Rococo influence via ornate framing, delicate line work, and muted elegance; source structure preserved with high fidelity; clean output with minimal artifacts.",2,4,4,Minimal stylistic deviation — appears nearly monochrome sketch; structure well preserved; low artifact level but fails to evoke Rococo aesthetics.
Early_Renaissance__jacopo-bellini_view-of-a-fortification-of-jerusalem(1)__to__Ukiyo_e,Early_Renaissance,Ukiyo_e,Seedream_repaired750,Seedream_repaired750,Seedream_repaired750,Seedream_repaired750,4,5,5,5,"Strong Ukiyo-e aesthetic with bold outlines, flat color blocks, and compositional framing; source structure well preserved; minimal artifacts.",4,4,3,"Ukiyo-e influence visible in line work and tonal contrast, but slightly muddy rendering and minor structural distortion; some noise/artifacts present.",2,3,2,Faint sketch-like appearance lacks strong Ukiyo-e traits; structure blurred; heavy artifacting and low fidelity to target style.
Early_Renaissance__leonardo-da-vinci_studies-of-a-bewalking__to__Early_Renaissance,Early_Renaissance,Early_Renaissance,SaMAM_2250,SaMAM_2250,SaMAM_2250,SaMAM_2250,4,2,3,3,"Overly painterly, loses sketchy line quality; structure intact but style mismatched.",5,5,5,Faithfully renders Early Renaissance sketch style with clean lines and aged paper texture; preserves source structure perfectly.,4,4,4,Good stylistic match but slightly noisier background and less refined line work than D.
Early_Renaissance__leonardo-da-vinci_studies-of-a-bewalking__to__Impressionism,Early_Renaissance,Impressionism,SaMAM_2250,SaMAM_2250,Seedream_repaired750,SaMAM_2250,4,3,5,3,Strong structural fidelity but lacks Impressionist brushwork and color; appears more like a colored sketch.,5,4,5,"Best captures Impressionist texture, palette, and soft edges while preserving key forms; minimal artifacts.",2,3,4,Too faint and sketch-like; lacks color and painterly quality of Impressionism; structure is preserved but stylistically weak.
Early_Renaissance__leonardo-da-vinci_studies-of-a-bewalking__to__Minimalism,Early_Renaissance,Minimalism,SaMAM_2250,Seedream_repaired750,SaMAM_2250,SaMAM_2250,4,5,2,3,"Strong minimalism via flat color blocks and geometric simplification, but loses anatomical structure and introduces unnatural limb proportions.",4,5,5,Preserves source structure faithfully while applying subtle minimalism through muted tones and soft edges; no artifacts or distortions.,3,4,4,"Minimalist in tone and texture, but overly faded and lacks definition; structure is preserved but style is too weak to be distinctive."
Early_Renaissance__leonardo-da-vinci_studies-of-a-bewalking__to__Rococo,Early_Renaissance,Rococo,SaMAM_2250,SaMAM_2250,Seedream_repaired750,SaMAM_2250,4,3,5,3,Strong structural fidelity but weak Rococo styling; colorful artifacts distort form.,5,4,5,Excellent Rococo texture and line work; minor structural softening but no major artifacts.,2,3,4,"Faint, washed-out style; structure blurred but clean of distracting artifacts."
Early_Renaissance__leonardo-da-vinci_studies-of-a-bewalking__to__Ukiyo_e,Early_Renaissance,Ukiyo_e,SaMAM_2250,SaMAM_2250,SaMAM_2250,SaMAM_2250,4,2,3,3,Strong color and background stylization but lacks Ukiyo-e line work; structure preserved but style mismatched.,5,5,5,"Excellent Ukiyo-e line quality, texture, and composition; faithful to source structure with minimal artifacts.",3,4,4,"Sketchy, muted style partially evokes Ukiyo-e but lacks bold lines and color; structure mostly preserved."
Early_Renaissance__leonardo-da-vinci_study-of-the-effect-of-light-on-a-profile-head-facsimile__to__Early_Renaissance,Early_Renaissance,Early_Renaissance,Seedream_repaired750,Seedream_repaired750,Seedream_repaired750,Seedream_repaired750,4,5,5,5,Strong Early Renaissance style with anatomical realism and parchment texture; preserves source geometry and text layout cleanly.,4,4,4,Good stylistic match but slightly washed out; minor smudging in text areas and less crisp line work.,3,3,3,"Overly aged and discolored; structure is distorted and text is blurred, reducing fidelity to source."
Early_Renaissance__leonardo-da-vinci_study-of-the-effect-of-light-on-a-profile-head-facsimile__to__Impressionism,Early_Renaissance,Impressionism,SaMAM_2250,SaMAM_2250,Seedream_repaired750,SaMAM_2250,4,3,5,3,Strong structural fidelity but weak impressionist brushwork and color; visible artifacts in text distortion.,5,4,5,Excellent impressionist texture and palette; minor structural softening but clean output with no major artifacts.,2,3,2,Very faint style transfer; structure blurred and degraded; heavy artifacts and loss of detail throughout.
Early_Renaissance__leonardo-da-vinci_study-of-the-effect-of-light-on-a-profile-head-facsimile__to__Minimalism,Early_Renaissance,Minimalism,Seedream_repaired750,Seedream_repaired750,Seedream_repaired750,Seedream_repaired750,4,5,5,5,"Strong minimalism: clean lines, reduced color palette, preserved anatomical structure, no artifacts.",3,4,4,Muted tones but retains too much detail; structure mostly intact; slight noise in background.,2,3,3,"Overly faded, loses key structural elements; high artifact risk from blur; weak minimalism."
Early_Renaissance__leonardo-da-vinci_study-of-the-effect-of-light-on-a-profile-head-facsimile__to__Rococo,Early_Renaissance,Rococo,Seedream_repaired750,Seedream_repaired750,Seedream_repaired750,Seedream_repaired750,4,5,5,5,Strong Rococo ornamental framing and soft pastel tones; preserves source diagram structure cleanly with minimal artifacts.,3,4,4,Light green wash adds Rococo-like softness but lacks ornamental detail; structure mostly preserved with slight color bleed.,2,3,3,"Dark, aged texture dominates; weak Rococo styling, structure slightly distorted, noticeable vignetting and noise artifacts."
Early_Renaissance__leonardo-da-vinci_study-of-the-effect-of-light-on-a-profile-head-facsimile__to__Ukiyo_e,Early_Renaissance,Ukiyo_e,Seedream_repaired750,Seedream_repaired750,Seedream_repaired750,Seedream_repaired750,4,5,5,5,Strong Ukiyo-e aesthetic with ink-wash texture and stylized forms; preserves source structure well; minimal artifacts.,3,4,3,Moderate Ukiyo-e influence but overly pale and washed out; structure mostly preserved; some smudging and noise.,2,3,2,Weak Ukiyo-e styling; structure distorted; heavy artifacts and loss of detail.
Early_Renaissance__paolo-uccello_scene-adoration-of-the-three-kings-1440__to__Early_Renaissance,Early_Renaissance,Early_Renaissance,SaMAM_2250,SaMAM_2250,Seedream_repaired750,Seedream_repaired750,4,3,5,5,Preserves source structure well with minimal artifacts; style is present but muted and lacks full Early Renaissance richness.,5,3,3,"Strongest Early Renaissance stylistic fidelity — color palette, drapery, and composition evoke period painting; some structural distortion and soft artifacts.",4,2,2,Stylized with Renaissance tones but heavily blurred and distorted; poor structure retention and visible smearing artifacts.
Early_Renaissance__paolo-uccello_scene-adoration-of-the-three-kings-1440__to__Impressionism,Early_Renaissance,Impressionism,Seedream_repaired750,Seedream_repaired750,Seedream_repaired750,Seedream_repaired750,4,5,5,5,Strong Impressionist brushwork and color palette; preserves source composition and figures clearly; minimal artifacts.,4,4,4,Good stylistic rendering with visible strokes; structure slightly compressed but intact; minor haloing around edges.,3,3,3,"Faint, washed-out style; structure blurred and figures indistinct; noticeable smearing and loss of detail."
Early_Renaissance__paolo-uccello_scene-adoration-of-the-three-kings-1440__to__Minimalism,Early_Renaissance,Minimalism,Seedream_repaired750,Seedream_repaired750,Seedream_repaired750,Seedream_repaired750,4,5,5,5,"Strong minimalism with clean geometry, bold color blocks, and simplified forms; preserves source structure well; no visible artifacts.",3,4,3,Muted palette and soft edges suggest minimalism but lack crispness; structure partially preserved; slight blurring and noise artifacts.,2,2,2,Overly abstracted and washed-out; loses structural clarity; heavy blur and smudging introduce significant artifacts.
Early_Renaissance__paolo-uccello_scene-adoration-of-the-three-kings-1440__to__Rococo,Early_Renaissance,Rococo,Seedream_repaired750,Seedream_repaired750,SaMAM_2250,Seedream_repaired750,4,5,3,5,Strong Rococo ornamentation and color palette; structure is somewhat distorted but artifacts are minimal.,4,5,3,Good structural fidelity to source; Rococo elements present but less ornate; some smudging and blending artifacts.,2,2,2,Weak Rococo styling; heavy blur and loss of detail; significant artifacts and poor structure retention.
Early_Renaissance__paolo-uccello_scene-adoration-of-the-three-kings-1440__to__Ukiyo_e,Early_Renaissance,Ukiyo_e,Seedream_repaired750,Seedream_repaired750,Seedream_repaired750,Seedream_repaired750,4,5,5,5,Strong Ukiyo-e aesthetic with clear compositional fidelity and minimal artifacts.,4,4,3,Good style match but slightly over-saturated colors and minor structural distortion.,3,3,4,Faint Ukiyo-e influence; structure blurred and lacks crispness despite low artifacts.
Early_Renaissance__piero-della-francesca_portrait-of-a-boy__to__Early_Renaissance,Early_Renaissance,Early_Renaissance,SaMAM_2250,SaMAM_2250,Seedream_repaired750,Seedream_repaired750,4,3,5,5,"Preserves source structure perfectly with minimal artifacts, but style transfer is subtle and lacks strong Early Renaissance characteristics.",5,4,3,Strongest Early Renaissance style with rich textures and lighting; slight haloing and over-smoothing reduce artifact control.,2,3,2,"Very weak style transfer, heavy blur and ghosting artifacts, poor structural fidelity."
Early_Renaissance__piero-della-francesca_portrait-of-a-boy__to__Impressionism,Early_Renaissance,Impressionism,SaMAM_2250,SaMAM_2250,Seedream_repaired750,Seedream_repaired750,4,3,5,5,"Strong structural fidelity and clean output, but Impressionist brushwork is muted; style feels more illustrative than painterly.",5,4,4,"Most convincing Impressionist rendering with visible, directional strokes and atmospheric color; slight softening of edges reduces structure slightly.",2,3,3,"Overly diffuse and hazy; lacks defined brushwork and detail, resulting in weak style signal and noticeable smearing artifacts."
Early_Renaissance__piero-della-francesca_portrait-of-a-boy__to__Minimalism,Early_Renaissance,Minimalism,SaMAM_2250,SaMAM_2250,SaMAM_2250,SaMAM_2250,4,3,4,4,"Strong color blocking and simplified forms align with minimalism, but lacks the clean geometric abstraction of target B; structure preserved well; minor artifacts in hair texture.",5,5,5,"Excellent match to minimalism: flat colors, reduced detail, clean edges; structure nearly identical to source; no visible artifacts; best overall fidelity to target style.",2,3,2,Overly blurred and diffuse; loses structural clarity and introduces heavy artifacts; minimalism not clearly expressed due to lack of defined forms or color separation.
Early_Renaissance__piero-della-francesca_portrait-of-a-boy__to__Rococo,Early_Renaissance,Rococo,Seedream_repaired750,Seedream_repaired750,SaMAM_2250,SaMAM_2250,4,5,3,3,Strong Rococo ornamentation and color palette; structure slightly distorted by decorative frame; minor artifacts in background blending.,3,5,5,Excellent structural fidelity and clean output; weak Rococo styling — mostly preserves source with subtle texture; no visible artifacts.,2,4,4,Minimal style transfer; soft blur reduces artifacts but lacks Rococo detail; structure preserved but overly smoothed.
Early_Renaissance__piero-della-francesca_portrait-of-a-boy__to__Ukiyo_e,Early_Renaissance,Ukiyo_e,SaMAM_2250,SaMAM_2250,Seedream_repaired750,Seedream_repaired750,4,3,5,5,"Preserves source structure well but applies only a faint, generic warm tone — lacks distinct Ukiyo-e motifs or line work.",5,4,3,"Strong Ukiyo-e styling with bold outlines, flat color blocks, and decorative patterns; slight haloing around edges reduces artifact control.",2,3,2,Very low style specificity — appears washed out and blurry; poor structure retention and heavy smudging artifacts.
Early_Renaissance__pietro-perugino_giovanni-colombini__to__Early_Renaissance,Early_Renaissance,Early_Renaissance,SaMAM_2250,SaMAM_2250,SaMAM_2250,SaMAM_2250,4,3,4,3,Moderate Early Renaissance styling; structure mostly preserved but slightly softened; minor smudging in background.,5,5,5,Strong Early Renaissance style with accurate color palette and brushwork; structure fully preserved; no visible artifacts.,2,3,2,Weak stylistic match; structure blurred and distorted; noticeable smearing and loss of detail.
Early_Renaissance__pietro-perugino_giovanni-colombini__to__Impressionism,Early_Renaissance,Impressionism,SaMAM_2250,SaMAM_2250,SaMAM_2250,SaMAM_2250,4,3,4,3,Moderate impressionistic brushwork; structure mostly preserved but slightly softened; minor smudging in background.,5,5,5,Strong Impressionist texture with visible brushstrokes; excellent structural fidelity; clean edges and no artifacts.,2,3,2,Weak style transfer; structure blurred and distorted; noticeable haze and color bleeding artifacts.
Early_Renaissance__pietro-perugino_giovanni-colombini__to__Minimalism,Early_Renaissance,Minimalism,SaMAM_2250,SaMAM_2250,Seedream_repaired750,SaMAM_2250,4,3,5,3,Strong structural fidelity but retains too much original detail; lacks minimalism’s reduction and abstraction.,5,4,5,"Excellent minimalism: simplified forms, muted palette, clean edges; minor loss of fine facial detail but well-controlled.",2,2,2,Over-blurred and washed out; loses both structure and stylistic intent; artifacts from excessive smoothing.
Early_Renaissance__pietro-perugino_giovanni-colombini__to__Rococo,Early_Renaissance,Rococo,SaMAM_2250,SaMAM_2250,Seedream_repaired750,Seedream_repaired750,4,3,5,5,Preserves source structure perfectly but applies minimal Rococo styling; appears more like a color-corrected version than a stylistic transfer.,5,4,3,"Strongly captures Rococo’s ornate framing, soft lighting, and decorative elements; slight warping in figure proportions and background details.",2,3,2,Overly blurred and washed-out; loses both structural clarity and stylistic nuance; artifacts dominate the image.
Early_Renaissance__pietro-perugino_giovanni-colombini__to__Ukiyo_e,Early_Renaissance,Ukiyo_e,Seedream_repaired750,Seedream_repaired750,Seedream_repaired750,Seedream_repaired750,5,5,5,5,"Strong Ukiyo-e style with bold outlines, flat color planes, and stylized features; preserves source structure well; minimal artifacts.",4,4,4,Good Ukiyo-e influence but slightly less defined line work; structure mostly preserved; minor smudging in background.,3,3,3,"Faint, washed-out style; loses key Ukiyo-e traits; structure blurred; noticeable haze and loss of detail."
Early_Renaissance__pisanello_stork-1430__to__Early_Renaissance,Early_Renaissance,Early_Renaissance,SaMAM_2250,SaMAM_2250,Seedream_repaired750,SaMAM_2250,4,3,5,4,Preserves structure well but lacks Early Renaissance stylistic depth; minimal artifacts.,5,4,5,Strongest Early Renaissance style match with clean output and good structural fidelity.,2,3,3,"Weak style transfer, noticeable artifacts, and degraded structure; least effective overall."
Early_Renaissance__pisanello_stork-1430__to__Impressionism,Early_Renaissance,Impressionism,SaMAM_2250,SaMAM_2250,SaMAM_2250,SaMAM_2250,4,3,4,3,Moderate impressionistic brushwork; structure mostly preserved but slight softening; minor color bleeding near edges.,5,5,5,"Strong impressionist texture with visible brush strokes; bird anatomy and posture perfectly preserved; clean transitions, no artifacts.",2,3,2,Very faint impressionism; structure blurred and indistinct; significant loss of detail and smudging artifacts.
Early_Renaissance__pisanello_stork-1430__to__Minimalism,Early_Renaissance,Minimalism,SaMAM_2250,Seedream_repaired750,SaMAM_2250,SaMAM_2250,4,5,3,3,"Strong minimalism via flat color blocks and simplified forms, but leg structure is distorted and unnatural.",4,5,5,"Clean, muted tones and soft edges align with minimalism; preserves source anatomy well with no visible artifacts.",3,4,4,"Faint, washed-out style suggests minimalism but lacks definition; structure is preserved but overly blurred."
Early_Renaissance__pisanello_stork-1430__to__Rococo,Early_Renaissance,Rococo,Seedream_repaired750,Seedream_repaired750,Seedream_repaired750,Seedream_repaired750,4,5,5,5,Strong Rococo ornamentation with soft pastels and floral motifs; bird structure intact; minimal artifacts.,4,4,4,Moderate Rococo influence with subtle decorative elements; structure mostly preserved; slight texture noise.,2,3,3,Weak Rococo styling; overly blurred and faded; structural details lost; noticeable compression artifacts.
Early_Renaissance__pisanello_stork-1430__to__Ukiyo_e,Early_Renaissance,Ukiyo_e,SaMAM_2250,SaMAM_2250,Seedream_repaired750,SaMAM_2250,4,3,5,4,Good structural fidelity but muted Ukiyo-e color and line quality; slight washiness reduces stylistic punch.,5,4,5,"Strongest Ukiyo-e aesthetic with bold outlines, flat color blocks, and aged paper texture; minimal artifacts.",2,3,3,Overly desaturated and blurry; loses both structural detail and stylistic definition; appears faded rather than stylized.
Early_Renaissance__sandro-botticelli_trinity(1)__to__Early_Renaissance,Early_Renaissance,Early_Renaissance,SaMAM_2250,SaMAM_2250,SaMAM_2250,SaMAM_2250,4,3,4,3,Moderate Early Renaissance styling; structure mostly preserved but with soft blur; some color bleeding and loss of fine detail.,5,5,5,"Strong Early Renaissance style match; excellent structural fidelity; minimal artifacts, clean edges and consistent palette.",2,3,2,Weak style transfer; structure blurred and distorted; heavy artifacts including smearing and color washes.
Early_Renaissance__sandro-botticelli_trinity(1)__to__Impressionism,Early_Renaissance,Impressionism,Seedream_repaired750,Seedream_repaired750,Seedream_repaired750,Seedream_repaired750,4,5,5,5,Strong Impressionist brushwork with visible strokes and color blending; structure of figures and composition well preserved; minimal artifacts.,4,4,4,Good Impressionist texture but slightly darker tone; structure mostly intact; minor smudging around edges.,3,2,2,Overly blurred and washed-out; significant loss of structural detail; heavy artifacts and low contrast.
Early_Renaissance__sandro-botticelli_trinity(1)__to__Minimalism,Early_Renaissance,Minimalism,Seedream_repaired750,Seedream_repaired750,SaMAM_2250,SaMAM_2250,4,5,4,3,Strong minimalism via flat colors and geometric simplification; retains key figures but loses fine detail; minor color bleeding at edges.,2,5,5,Preserves original structure and texture well; minimal stylistic shift toward minimalism; no visible artifacts.,3,2,2,"Over-blurred, loses structural clarity; partial minimalism via abstraction but introduces smearing artifacts."
Early_Renaissance__sandro-botticelli_trinity(1)__to__Rococo,Early_Renaissance,Rococo,SaMAM_2250,SaMAM_2250,SaMAM_2250,SaMAM_2250,4,3,4,3,"Moderate Rococo flair with soft curves and pastel tones, but lacks ornate detail; structure mostly preserved; minor smudging in background.",5,5,5,"Strong Rococo execution: gilded frames, flowing drapery, rich color palette; faithful to source composition; clean edges and no visible artifacts.",2,3,2,"Faint, washed-out appearance; minimal Rococo ornamentation; structural elements blurred; heavy noise and loss of detail."
Early_Renaissance__sandro-botticelli_trinity(1)__to__Ukiyo_e,Early_Renaissance,Ukiyo_e,SaMAM_2250,SaMAM_2250,SaMAM_2250,SaMAM_2250,4,3,4,3,Moderate Ukiyo-e influence with soft edges and muted tones; structure mostly preserved but some color bleeding and loss of detail in figures.,5,5,5,"Strong Ukiyo_e style with bold outlines, flat color planes, and stylized forms; excellent preservation of original composition and minimal artifacts.",2,3,2,"Very faint Ukiyo_e influence; heavy blur and wash-like effect obscures structure and introduces significant artifacts, losing key details."
Impressionism__alfred-sisley_riverbank-at-veneux-1881__to__Early_Renaissance,Impressionism,Early_Renaissance,Seedream_repaired750,Seedream_repaired750,Seedream_repaired750,Seedream_repaired750,4,5,5,5,"Strong Early Renaissance palette and composition; clean edges, no smearing or distortion.",4,4,4,Good color and mood match; slight softening of tree trunks and minor haloing near waterline.,2,2,2,"Heavy texture and blotchy artifacts; structure blurred, style cues weak and inconsistent."
Impressionism__alfred-sisley_riverbank-at-veneux-1881__to__Impressionism,Impressionism,Impressionism,Seedream_repaired750,Seedream_repaired750,Seedream_repaired750,Seedream_repaired750,4,5,5,5,Strong Impressionist brushwork with visible strokes and color blending; preserves source structure well; minimal artifacts.,4,4,4,Good Impressionist feel but slightly less refined brushwork; structure mostly preserved; minor smudging in sky.,3,3,2,Weak Impressionist execution; structure blurred; heavy noise and over-smoothing artifacts degrade quality.
Impressionism__alfred-sisley_riverbank-at-veneux-1881__to__Minimalism,Impressionism,Minimalism,SaMAM_2250,SaMAM_2250,Seedream_repaired750,SaMAM_2250,4,2,5,3,Highly geometric and stylized; loses naturalism but preserves structure well. Over-simplified shapes reduce minimalism fidelity.,5,4,5,"Best balance: retains source structure while applying clean, muted tones and soft edges consistent with minimalism. No visible artifacts.",3,2,4,Over-blurred and washed out; structure is lost. Style is abstract but not clearly minimalist — more like watercolor bleed.
Impressionism__alfred-sisley_riverbank-at-veneux-1881__to__Rococo,Impressionism,Rococo,SaMAM_2250,SaMAM_2250,Seedream_repaired750,SaMAM_2250,4,3,5,3,Strong structural fidelity but weak Rococo styling; ornamental frame is stylized but not authentically Rococo.,5,4,5,"Best Rococo aesthetic with soft pastel tones, delicate brushwork, and elegant framing; minor structure loss in tree details.",2,2,2,"Overly abstracted, heavy texture, and poor structural retention; lacks coherent Rococo characteristics."
Impressionism__alfred-sisley_riverbank-at-veneux-1881__to__Ukiyo_e,Impressionism,Ukiyo_e,Seedream_repaired750,Seedream_repaired750,Seedream_repaired750,Seedream_repaired750,4,5,5,5,"Strong Ukiyo-e stylization with bold outlines, flat color blocks, and decorative elements; preserves source structure well; minimal artifacts.",3,4,4,Moderate Ukiyo-e influence but retains more photographic realism; structure mostly preserved; slight color bleeding and edge softness.,2,3,2,Very weak Ukiyo-e style; heavy blur and loss of detail; structure significantly degraded; noticeable smearing and noise artifacts.
Impressionism__alfred-sisley_the-banks-of-the-oise-1878__to__Early_Renaissance,Impressionism,Early_Renaissance,SaMAM_2250,SaMAM_2250,Seedream_repaired750,Seedream_repaired750,4,3,5,5,Preserves source structure well with minimal artifacts; style is muted and lacks strong Early Renaissance characteristics.,5,4,3,"Strongest Early Renaissance stylistic traits (glazing, chiaroscuro, compositional balance); slight structural distortion and minor artifacts present.",2,3,2,"Very faded, low-contrast output; loses both structural clarity and stylistic definition; heavy artifacting and loss of detail."
Impressionism__alfred-sisley_the-banks-of-the-oise-1878__to__Impressionism,Impressionism,Impressionism,Seedream_repaired750,Seedream_repaired750,SaMAM_2250,Seedream_repaired750,4,5,4,5,Strong Impressionist brushwork and color harmony; minor structural softening but no artifacts.,4,5,4,Good structural fidelity with moderate Impressionist texture; slight color banding near water.,3,3,3,"Overly washed-out, low contrast; weak brushstroke definition and visible smoothing artifacts."
Impressionism__alfred-sisley_the-banks-of-the-oise-1878__to__Minimalism,Impressionism,Minimalism,Seedream_repaired750,Seedream_repaired750,Seedream_repaired750,Seedream_repaired750,4,5,5,5,"Strong minimalism with clean geometry, flat color blocks, and simplified forms; preserves source layout and key elements without distortion or noise.",3,4,4,"Retains structure but applies a muted, painterly filter rather than true minimalism; slight texture artifacts reduce stylistic purity.",2,3,3,Overly blurred and washed-out; loses structural clarity and minimal aesthetic intent; high artifact presence from excessive smoothing.
Impressionism__alfred-sisley_the-banks-of-the-oise-1878__to__Rococo,Impressionism,Rococo,Seedream_repaired750,Seedream_repaired750,Seedream_repaired750,Seedream_repaired750,4,5,5,5,Strong Rococo softness and pastel tones; landscape structure well preserved; minimal artifacts.,3,4,4,Moderate Rococo feel with some warmth; structure mostly intact; slight color bleeding.,2,3,3,Weak Rococo influence; structure blurred; noticeable haze and edge artifacts.
Impressionism__alfred-sisley_the-banks-of-the-oise-1878__to__Ukiyo_e,Impressionism,Ukiyo_e,Seedream_repaired750,Seedream_repaired750,Seedream_repaired750,Seedream_repaired750,4,5,5,5,"Strong Ukiyo-e aesthetic with clean lines, stylized clouds, and balanced color harmony; preserves source structure well with minimal artifacts.",4,4,3,Good Ukiyo-e influence but slightly over-saturated colors and minor edge artifacts near water and trees; structure mostly preserved.,3,3,2,Weak Ukiyo-e characteristics; overly blurred and washed-out appearance; significant loss of structural detail and visible compression artifacts.
Impressionism__antoine-blanchard_place-de-la-madeleine-hiver__to__Early_Renaissance,Impressionism,Early_Renaissance,SaMAM_2250,SaMAM_2250,Seedream_repaired750,Seedream_repaired750,4,3,5,5,"Preserves source structure well with minimal artifacts, but style transfer is subtle and lacks strong Early Renaissance characteristics.",5,4,4,Strongest Early Renaissance style application with visible brushwork and color palette; minor structural softening but overall coherent.,4,3,3,Moderate style transfer with noticeable blurring and loss of fine detail; structure is less preserved than C or D.
Impressionism__antoine-blanchard_place-de-la-madeleine-hiver__to__Impressionism,Impressionism,Impressionism,Seedream_repaired750,Seedream_repaired750,Seedream_repaired750,Seedream_repaired750,4,5,5,5,Strong Impressionist brushwork with clear structural fidelity and minimal artifacts.,4,4,4,Good style transfer but slightly less refined brush texture and minor structural softening.,3,3,3,Overly blurred and washed-out; loses detail and Impressionist character.
Impressionism__antoine-blanchard_place-de-la-madeleine-hiver__to__Minimalism,Impressionism,Minimalism,SaMAM_2250,SaMAM_2250,Seedream_repaired750,SaMAM_2250,4,2,5,3,Preserves source structure well but fails to apply minimalism; retains too much detail and color.,5,4,5,Strongly applies minimalism with muted tones and simplified forms; clean output with minimal artifacts.,4,3,4,Applies minimalism via heavy blur and desaturation; loses structural clarity but avoids harsh artifacts.
Impressionism__antoine-blanchard_place-de-la-madeleine-hiver__to__Rococo,Impressionism,Rococo,Seedream_repaired750,Seedream_repaired750,SaMAM_2250,SaMAM_2250,4,5,3,3,"Strong Rococo elements (pastel palette, ornate frame, soft lighting) but structure is blurred and details lost.",3,5,5,"Excellent structural fidelity and clean output, but style transfer is subtle and lacks explicit Rococo motifs.",2,2,2,Overly abstracted; heavy blur and loss of both structure and recognizable style features.
Impressionism__antoine-blanchard_place-de-la-madeleine-hiver__to__Ukiyo_e,Impressionism,Ukiyo_e,Seedream_repaired750,Seedream_repaired750,SaMAM_2250,SaMAM_2250,4,5,3,3,Strong Ukiyo-e aesthetic with flat color blocks and stylized forms; some structural blur and smudging in snow/figures.,4,5,5,Excellent preservation of original composition and sharpness; moderate Ukiyo-e stylization with subtle line work and muted tones.,2,4,4,"Very soft, painterly effect with minimal Ukiyo-e traits; structure mostly intact but lacks defining stylistic markers."
Impressionism__armand-guillaumin_valley-in-pontgibaud-1890__to__Early_Renaissance,Impressionism,Early_Renaissance,SaMAM_2250,SaMAM_2250,Seedream_repaired750,Seedream_repaired750,4,2,5,5,Preserves source structure perfectly but lacks Renaissance stylistic features; appears as a muted naturalistic painting.,5,3,3,Strong Early Renaissance style with atmospheric perspective and color palette; slight structural distortion in trees and path.,3,2,2,Shows some Renaissance tonal qualities but suffers from heavy blurring and loss of detail; structure is significantly degraded.
Impressionism__armand-guillaumin_valley-in-pontgibaud-1890__to__Impressionism,Impressionism,Impressionism,Seedream_repaired750,Seedream_repaired750,Seedream_repaired750,Seedream_repaired750,4,5,5,5,Strong Impressionist brushwork with clear structural fidelity and minimal artifacts.,4,4,4,Good style transfer but slightly less refined brushstrokes and minor structural softening.,3,3,3,"Overly blurred, loses detail and texture; weak Impressionist character and high artifact presence."
Impressionism__armand-guillaumin_valley-in-pontgibaud-1890__to__Minimalism,Impressionism,Minimalism,Seedream_repaired750,Seedream_repaired750,Seedream_repaired750,Seedream_repaired750,5,5,5,5,"Strong minimalism with clean geometry, flat color blocks, and simplified forms; preserves source structure well; no visible artifacts.",3,4,4,Retains some painterly texture and muted tones; structure mostly preserved but lacks crisp minimalism; minor smudging artifacts.,2,3,3,Overly blurred and washed-out; loses structural clarity; heavy atmospheric haze introduces artifacts and weakens style definition.
Impressionism__armand-guillaumin_valley-in-pontgibaud-1890__to__Rococo,Impressionism,Rococo,Seedream_repaired750,Seedream_repaired750,SaMAM_2250,Seedream_repaired750,4,5,3,5,Strong Rococo pastel tones and ornamental framing; minor structural softening but clean output.,3,5,4,Best preserves original composition and edges; style is muted and less Rococo-specific.,2,3,3,Heavy blur and vignette obscure structure; style cues are weak and inconsistent.
Impressionism__armand-guillaumin_valley-in-pontgibaud-1890__to__Ukiyo_e,Impressionism,Ukiyo_e,SaMAM_2250,SaMAM_2250,Seedream_repaired750,Seedream_repaired750,4,3,5,5,"Preserves source structure well with minimal artifacts, but Ukiyo-e stylization is subtle and lacks strong woodblock texture or linearity.",5,4,3,"Strongest Ukiyo-e characteristics: bold outlines, flat color planes, and stylized forms; slight loss of fine structural detail and minor smudging.",2,3,4,"Very soft, painterly effect with weak Ukiyo-e traits; structure is blurred and lacks definition, though artifacts are minimal."
Impressionism__augustus-john_proven-al-landscape__to__Early_Renaissance,Impressionism,Early_Renaissance,SaMAM_2250,SaMAM_2250,Seedream_repaired750,Seedream_repaired750,4,3,5,5,"Preserves source structure well but applies a muted, generic painterly style rather than distinct Early Renaissance characteristics.",5,4,4,"Strongly captures the Early Renaissance palette and atmospheric perspective, though with slight softening of fine details.",2,3,2,"Shows heavy over-smoothing and color bleeding, resulting in a washed-out appearance that obscures both style and structure."
Impressionism__augustus-john_proven-al-landscape__to__Impressionism,Impressionism,Impressionism,SaMAM_2250,SaMAM_2250,Seedream_repaired750,Seedream_repaired750,4,3,5,5,"Preserves structure well with minimal artifacts, but style is muted and lacks strong Impressionist brushwork.",5,4,4,Strongest Impressionist style with visible brushstrokes and color blending; slight softening of edges but overall coherent.,2,3,3,"Overly blurred and washed-out; loses both stylistic detail and structural clarity, appearing smudged."
Impressionism__augustus-john_proven-al-landscape__to__Minimalism,Impressionism,Minimalism,SaMAM_2250,SaMAM_2250,Seedream_repaired750,SaMAM_2250,4,2,5,3,High structure retention but fails minimalism; introduces bold geometric shapes and saturated colors not in target style.,5,4,5,"Best matches minimalism with muted tones, simplified forms, and clean composition; preserves landscape structure well with no artifacts.",3,2,4,"Overly blurred and washed out; loses structural detail and introduces haze artifacts, though color palette is somewhat minimal."
Impressionism__augustus-john_proven-al-landscape__to__Ukiyo_e,Impressionism,Ukiyo_e,SaMAM_2250,SaMAM_2250,Seedream_repaired750,SaMAM_2250,4,3,5,4,Strong structural fidelity but muted Ukiyo-e stylization; lacks bold outlines and flat color blocks.,5,4,5,"Best Ukiyo_e emulation with clear line work, stylized trees, and atmospheric washes; minor structure softening.",2,3,3,"Overly washed-out, low contrast; loses both structural detail and stylistic definition of Ukiyo_e."
Impressionism__camille-pissarro_the-gardener-afternoon-sun-eragny-1899__to__Early_Renaissance,Impressionism,Early_Renaissance,SaMAM_2250,SaMAM_2250,Seedream_repaired750,Seedream_repaired750,4,3,5,5,Preserves source structure well; minimal artifacts; style is muted and lacks strong Early Renaissance traits.,5,4,4,"Strongest Early Renaissance stylistic cues (tonal modeling, compositional balance); slight softening of edges but overall coherent.",2,3,2,Heavy blur and vignette obscure structure; artifacts reduce clarity; style signal is weak and indistinct.
Impressionism__camille-pissarro_the-gardener-afternoon-sun-eragny-1899__to__Impressionism,Impressionism,Impressionism,Seedream_repaired750,Seedream_repaired750,Seedream_repaired750,Seedream_repaired750,4,5,5,5,Strong Impressionist brushwork and color palette; figure and landscape structure well preserved; minimal artifacts.,4,4,4,Good style transfer with visible brushstrokes; slight over-saturation and minor structural softening; few artifacts.,3,2,3,Heavy blur and haze obscure structure; weak Impressionist texture; noticeable smearing artifacts.
Impressionism__camille-pissarro_the-gardener-afternoon-sun-eragny-1899__to__Minimalism,Impressionism,Minimalism,Seedream_repaired750,Seedream_repaired750,Seedream_repaired750,Seedream_repaired750,5,5,5,5,"Clean geometric shapes, flat color blocks, and simplified forms strongly reflect minimalism while preserving source structure and avoiding artifacts.",3,4,4,Moderate stylization with some abstraction; retains structure but lacks crisp minimalism and shows slight texture noise.,2,2,2,"Overly blurred and washed-out; loses structural detail and minimal clarity, introducing significant artifacts."
Impressionism__camille-pissarro_the-gardener-afternoon-sun-eragny-1899__to__Rococo,Impressionism,Rococo,Seedream_repaired750,Seedream_repaired750,SaMAM_2250,SaMAM_2250,4,5,3,3,Strong Rococo ornamental frame and soft pastel palette; structure slightly warped by decorative border; minor edge artifacts.,2,5,5,Excellent structural fidelity and clean rendering; minimal style transfer—lacks Rococo ornamentation and color treatment.,3,2,2,Hints of Rococo haze and warm tones but heavy blur and vignette obscure structure; noticeable compression and halo artifacts.
Impressionism__camille-pissarro_the-gardener-afternoon-sun-eragny-1899__to__Ukiyo_e,Impressionism,Ukiyo_e,SaMAM_2250,SaMAM_2250,Seedream_repaired750,Seedream_repaired750,4,3,5,5,"Preserves source structure well with minimal artifacts, but Ukiyo-e style is weakly applied — mostly retains original painting aesthetic.",5,4,4,"Strongest Ukiyo-e stylization: bold outlines, flat color blocks, and compositional framing mimic target B. Slight structural distortion in figure pose and background elements.",2,3,3,Overly blurred and washed-out; loses both structural clarity and stylistic definition. Minimal Ukiyo-e characteristics visible.
Impressionism__childe-hassam_evening-champs-elysees-aka-pres-du-louvre__to__Early_Renaissance,Impressionism,Early_Renaissance,SaMAM_2250,SaMAM_2250,Seedream_repaired750,Seedream_repaired750,4,3,5,5,Preserves source structure perfectly but applies minimal Early Renaissance stylistic transformation; appears closest to original.,5,4,4,"Strongest Early Renaissance style transfer with appropriate color palette, brushwork texture, and atmospheric depth; slight softening of edges.",4,3,3,Imitates Renaissance mood and haze but introduces noticeable blur and loss of fine detail; structure is somewhat degraded.
Impressionism__childe-hassam_evening-champs-elysees-aka-pres-du-louvre__to__Impressionism,Impressionism,Impressionism,SaMAM_2250,SaMAM_2250,Seedream_repaired750,SaMAM_2250,4,3,5,3,Good structure retention but lacks strong Impressionist brushwork; some color bleeding and soft edges reduce style fidelity.,5,4,5,Strong Impressionist texture and palette; minor structural softening but excellent artifact control and stylistic coherence.,2,3,2,Overly blurred and hazy; loses both structural detail and stylistic intent; heavy artifacts obscure content.
Impressionism__childe-hassam_evening-champs-elysees-aka-pres-du-louvre__to__Minimalism,Impressionism,Minimalism,Seedream_repaired750,Seedream_repaired750,Seedream_repaired750,Seedream_repaired750,4,5,5,5,"Strong minimalism via flat color blocks, simplified forms, and reduced detail while preserving scene structure and人物 posture.",3,4,4,Moderate stylization with some color shifts and edge softening; retains structure but lacks clean minimalism.,2,2,2,"Over-blurred, loses structural integrity and stylistic intent; appears as noise or over-smoothing rather than intentional minimalism."
Impressionism__childe-hassam_evening-champs-elysees-aka-pres-du-louvre__to__Rococo,Impressionism,Rococo,SaMAM_2250,Seedream_repaired750,SaMAM_2250,SaMAM_2250,4,5,3,2,"Strong Rococo framing and ornamental arch, but heavy distortion and loss of structural fidelity.",4,5,5,Balanced Rococo influence with excellent preservation of original composition and minimal artifacts.,2,3,1,Very weak style transfer; excessive blur and smearing obscure both style and structure.
Impressionism__childe-hassam_evening-champs-elysees-aka-pres-du-louvre__to__Ukiyo_e,Impressionism,Ukiyo_e,SaMAM_2250,SaMAM_2250,Seedream_repaired750,Seedream_repaired750,4,3,5,5,Preserves structure well but lacks strong Ukiyo-e stylistic markers; clean output with minimal artifacts.,5,4,4,Strongest Ukiyo-e style transfer with visible brushwork and color palette; slight softening of edges but retains key structural elements.,2,3,3,"Weakest style adherence; overly blurred and hazy, losing both detail and stylistic fidelity; moderate artifacts from diffusion."
Impressionism__childe-hassam_september-moonrise__to__Early_Renaissance,Impressionism,Early_Renaissance,SaMAM_2250,SaMAM_2250,Seedream_repaired750,Seedream_repaired750,4,2,5,5,Preserves source structure perfectly but lacks Renaissance stylistic elements; clean output with no artifacts.,5,3,3,Strong Early Renaissance style with architectural and figure motifs; some structural distortion and minor artifacts.,3,4,4,Moderate stylistic influence with good structure; slight graininess and softness reduce clarity.
Impressionism__childe-hassam_september-moonrise__to__Impressionism,Impressionism,Impressionism,Seedream_repaired750,Seedream_repaired750,Seedream_repaired750,Seedream_repaired750,4,5,5,5,Strong Impressionist brushwork and color blending; preserves source structure well; minimal artifacts.,4,4,4,Good style transfer with slight over-smoothing; structure mostly preserved; minor haloing near edges.,3,3,3,Weaker Impressionist feel; structure blurred; noticeable smudging and loss of detail.
Impressionism__childe-hassam_september-moonrise__to__Minimalism,Impressionism,Minimalism,Seedream_repaired750,Seedream_repaired750,Seedream_repaired750,Seedream_repaired750,4,5,5,5,"Exemplifies minimalism with flat color blocks, simplified geometry, and clean composition while preserving source structure and avoiding artifacts.",3,4,4,Retains some minimalism through muted tones and simplified forms but lacks bold geometric abstraction; minor texture artifacts present.,2,3,3,Overly blurred and washed-out; loses structural clarity and minimalism intent; significant softening artifacts degrade quality.
Impressionism__childe-hassam_september-moonrise__to__Rococo,Impressionism,Rococo,SaMAM_2250,Seedream_repaired750,SaMAM_2250,SaMAM_2250,4,5,2,3,"Strong Rococo frame and ornamental style, but heavily distorts source structure with decorative border overlay.",4,5,5,"Best balance: preserves landscape structure well, applies subtle Rococo-like texture and color without major artifacts.",3,4,4,Moderate style transfer with some dark vignetting artifact; structure mostly preserved but less refined than D.
Impressionism__childe-hassam_september-moonrise__to__Ukiyo_e,Impressionism,Ukiyo_e,Seedream_repaired750,Seedream_repaired750,Seedream_repaired750,Seedream_repaired750,4,5,5,5,"Strong Ukiyo-e aesthetic with clean lines, flat color planes, and compositional fidelity to source; minimal artifacts.",4,4,3,Good stylistic match but introduces texture noise and slight structural distortion in foreground elements.,3,3,2,Weak Ukiyo-e traits; heavy blur and loss of detail degrade both structure and style fidelity.
Impressionism__claude-monet_bordighera-the-house-of-gardener__to__Early_Renaissance,Impressionism,Early_Renaissance,Seedream_repaired750,Seedream_repaired750,Seedream_repaired750,Seedream_repaired750,4,5,5,5,Strong Early Renaissance style transfer with clear architectural and figural elements preserved; minimal artifacts.,4,4,4,Good stylistic match but slightly less structural fidelity than C; minor texture artifacts in foliage.,3,3,3,Weakest style adherence; heavy blur and loss of detail reduce both structure and artifact control.
Impressionism__claude-monet_bordighera-the-house-of-gardener__to__Impressionism,Impressionism,Impressionism,Seedream_repaired750,Seedream_repaired750,SaMAM_2250,Seedream_repaired750,4,5,4,5,Strong Impressionist brushwork and color palette; retains source structure well with minimal artifacts.,4,5,4,Excellent structural fidelity; style is present but slightly muted; minor smudging in foliage.,3,3,2,Overly hazy and washed-out; loses detail and introduces significant blur artifacts; weak style transfer.
Impressionism__claude-monet_bordighera-the-house-of-gardener__to__Minimalism,Impressionism,Minimalism,Seedream_repaired750,Seedream_repaired750,Seedream_repaired750,Seedream_repaired750,5,5,5,5,Clean geometric abstraction with strong minimalism; preserves source structure and avoids artifacts.,3,4,4,Retains some texture and detail; less stylized than C but still coherent.,2,3,3,Overly blurred and washed out; loses structural clarity and stylistic intent.
Impressionism__claude-monet_bordighera-the-house-of-gardener__to__Rococo,Impressionism,Rococo,Seedream_repaired750,Seedream_repaired750,Seedream_repaired750,Seedream_repaired750,4,4,5,4,Strong Rococo-inspired softness and color harmony; preserves source structure well with minimal artifacts.,3,4,3,Moderate Rococo feel but slightly muddy tones; structure mostly intact with minor noise.,2,3,2,Overly blurred and washed out; loses structural detail and introduces heavy artifacts.
Impressionism__claude-monet_palazzo-contarini-2__to__Early_Renaissance,Impressionism,Early_Renaissance,SaMAM_2250,SaMAM_2250,Seedream_repaired750,Seedream_repaired750,4,3,5,5,Preserves structure well but lacks strong Early Renaissance stylistic cues; clean output with minimal artifacts.,5,4,3,Strongest Early Renaissance style transfer with chiaroscuro and architectural detail; slight color bleeding and minor structural distortion.,2,3,4,"Weak style adherence, overly blurred and washed-out; moderate artifact control but poor fidelity to source structure."
Impressionism__claude-monet_palazzo-contarini-2__to__Minimalism,Impressionism,Minimalism,SaMAM_2250,SaMAM_2250,Seedream_repaired750,SaMAM_2250,4,2,5,3,Highly structured but overly stylized with blocky colors; lacks minimalism’s subtlety and introduces visible artifacts.,5,4,5,"Best captures minimalism through muted tones, soft gradients, and clean composition; preserves structure well with minimal noise.",3,3,4,"Overly blurred and washed out; loses structural clarity while attempting minimalism, resulting in ambiguous forms."
Impressionism__claude-monet_palazzo-contarini-2__to__Rococo,Impressionism,Rococo,Seedream_repaired750,Seedream_repaired750,Seedream_repaired750,Seedream_repaired750,4,5,5,5,"Strong Rococo elegance with ornate framing, soft pastel tones, and refined brushwork; structure closely matches source; minimal artifacts.",4,4,4,Good Rococo color palette and texture but slightly muted; structure preserved well; minor smudging in water reflections.,3,3,3,"Overly abstracted, loss of architectural detail; heavy blur and color bleeding; weak Rococo character despite some ornamental hints."
Impressionism__claude-monet_palazzo-contarini-2__to__Ukiyo_e,Impressionism,Ukiyo_e,SaMAM_2250,SaMAM_2250,Seedream_repaired750,Seedream_repaired750,4,3,5,5,Preserves structure well but lacks strong Ukiyo-e stylistic markers; clean output with minimal artifacts.,5,4,4,Strongest Ukiyo-e style transfer with bold lines and flat color blocks; slight structural distortion but acceptable.,2,3,3,"Very washed-out, low contrast; minimal style transfer, blurry details, and poor artifact control."
Impressionism__claude-monet_rouen-cathedral-the-portal-at-midday__to__Early_Renaissance,Impressionism,Early_Renaissance,SaMAM_2250,SaMAM_2250,Seedream_repaired750,Seedream_repaired750,4,2,5,5,Preserves source structure perfectly but lacks Renaissance style; appears as unstyled photo.,5,3,3,"Strong Early Renaissance style with rich colors and texture, but distorts source architecture and introduces artifacts.",3,2,2,Shows some stylistic wash but is overly blurred and loses both structure and detail; weak execution.
Impressionism__claude-monet_rouen-cathedral-the-portal-at-midday__to__Impressionism,Impressionism,Impressionism,Seedream_repaired750,Seedream_repaired750,Seedream_repaired750,Seedream_repaired750,4,5,5,5,Strong Impressionist brushwork and color palette; preserves architectural structure well; minimal artifacts.,4,4,4,Good style transfer with visible brushstrokes; slight structural distortion; minor smudging artifacts.,3,3,3,Weakest Impressionist feel; blurred structures; noticeable noise and over-smoothing artifacts.
Impressionism__claude-monet_rouen-cathedral-the-portal-at-midday__to__Minimalism,Impressionism,Minimalism,Seedream_repaired750,Seedream_repaired750,Seedream_repaired750,Seedream_repaired750,5,5,5,5,Strong minimalism with bold geometric shapes and flat color blocks; preserves architectural structure clearly; no visible artifacts.,3,4,4,Partial minimalism with muted tones and simplified forms; retains some structural detail but lacks crispness; minor smudging artifacts.,2,2,3,Overly blurred and washed-out; minimalism not clearly expressed; structure heavily degraded; noticeable noise and loss of definition.
Impressionism__claude-monet_rouen-cathedral-the-portal-at-midday__to__Rococo,Impressionism,Rococo,Seedream_repaired750,Seedream_repaired750,Seedream_repaired750,Seedream_repaired750,4,5,5,5,Strong Rococo color palette and ornate detailing; structure closely matches source; minimal artifacts.,4,4,4,Good Rococo tones but slightly muted; structure well preserved; minor color banding artifacts.,2,2,2,Very low style specificity; structure heavily blurred; significant smearing and loss of detail.
Impressionism__claude-monet_rouen-cathedral-the-portal-at-midday__to__Ukiyo_e,Impressionism,Ukiyo_e,Seedream_repaired750,Seedream_repaired750,Seedream_repaired750,Seedream_repaired750,4,5,5,5,"Strong Ukiyo-e aesthetic with bold outlines, flat color blocks, and stylized forms; architecture preserved clearly; minimal artifacts.",4,4,4,Good Ukiyo-e influence with decorative patterns and line work; structure mostly intact; slight smudging in background areas.,2,3,2,"Very washed-out, low contrast; Ukiyo-e traits barely visible; structure blurred; heavy noise and loss of detail."
Impressionism__edgar-degas_ancer-with-red-stockings__to__Early_Renaissance,Impressionism,Early_Renaissance,SaMAM_2250,SaMAM_2250,Seedream_repaired750,Seedream_repaired750,4,3,5,5,"Preserves source structure perfectly but applies a modern, painterly style rather than Early Renaissance.",5,4,4,"Best captures the Early Renaissance aesthetic with appropriate textures and tones, though with slight structural softening.",2,3,2,"Fails to capture the style, resulting in a blurry, low-fidelity image with significant artifacts."
Impressionism__edgar-degas_ancer-with-red-stockings__to__Minimalism,Impressionism,Minimalism,Seedream_repaired750,Seedream_repaired750,Seedream_repaired750,Seedream_repaired750,4,5,5,5,"Strong minimalism with clean geometry, bold color blocks, and simplified forms; source structure well preserved; no visible artifacts.",3,4,4,Minimalist influence present but muted; structure mostly intact; slight smudging reduces clarity.,2,3,3,"Faint, washed-out style; minimalism barely evident; structure blurred; noticeable artifacts from over-smoothing."
Impressionism__edgar-degas_ancer-with-red-stockings__to__Rococo,Impressionism,Rococo,SaMAM_2250,SaMAM_2250,Seedream_repaired750,SaMAM_2250,4,3,5,3,Strong structural fidelity but Rococo elements are muted; decorative frame adds style but feels tacked-on.,5,4,5,"Best Rococo interpretation with soft pastels, ornamental framing, and clean rendering; minor structure softening.",2,2,2,Overly blurred and indistinct; loses both structure and stylistic clarity; heavy artifacts.
Impressionism__edgar-degas_ancer-with-red-stockings__to__Ukiyo_e,Impressionism,Ukiyo_e,SaMAM_2250,SaMAM_2250,Seedream_repaired750,Seedream_repaired750,4,3,5,5,"Preserves structure well with minimal artifacts, but Ukiyo-e style is weakly applied.",5,4,3,Strong Ukiyo-e style with bold lines and color blocks; slight structural distortion and minor artifacts.,2,3,2,"Very faint style transfer, poor structure retention, and noticeable blurring/artifacts."
Impressionism__edgar-degas_study-of-gentile-bellini-1855__to__Early_Renaissance,Impressionism,Early_Renaissance,SaMAM_2250,SaMAM_2250,Seedream_repaired750,Seedream_repaired750,4,2,5,5,Preserves source structure perfectly but lacks Renaissance stylistic elements; appears as a clean photo with minimal style transfer.,5,4,3,"Strong Early Renaissance style with fur hat, soft shading, and painterly texture; slight smudging and color bleed reduce artifact control.",4,3,4,"Sketch-like parchment texture evokes Renaissance drawings; structure is slightly distorted and edges are soft, reducing fidelity."
Impressionism__edgar-degas_study-of-gentile-bellini-1855__to__Impressionism,Impressionism,Impressionism,SaMAM_2250,SaMAM_2250,Seedream_repaired750,Seedream_repaired750,4,3,5,5,"Strong structural fidelity and clean output, but lacks visible Impressionist brushwork or color vibrancy.",5,4,3,Best captures Impressionist texture and palette; slight softening of facial structure and minor smudging.,2,3,2,"Overly washed-out, low contrast, and indistinct features; minimal stylistic or structural clarity."
Impressionism__edgar-degas_study-of-gentile-bellini-1855__to__Minimalism,Impressionism,Minimalism,Seedream_repaired750,Seedream_repaired750,Seedream_repaired750,Seedream_repaired750,4,5,5,5,"Strong minimalism with clean geometry, flat color blocks, and simplified forms; preserves facial structure and pose accurately; no visible artifacts or noise.",3,4,3,Retains some texture and shading from source; less geometric simplification; mild haloing around edges reduces artifact control.,2,3,2,Overly blurred and washed out; loses structural definition; heavy smoothing introduces artifacts and obscures key features.
Impressionism__edgar-degas_study-of-gentile-bellini-1855__to__Rococo,Impressionism,Rococo,Seedream_repaired750,Seedream_repaired750,SaMAM_2250,Seedream_repaired750,4,5,4,5,"Strong Rococo elegance with soft pastel tones, ornamental framing, and refined facial rendering; minimal artifacts and good structural fidelity.",3,5,4,Preserves source structure well but lacks Rococo stylistic richness; slightly muted color palette and less decorative detail.,2,3,2,Heavy blur and loss of detail; poor style transfer with no Rococo characteristics; significant artifacts and structural degradation.
Impressionism__edgar-degas_study-of-gentile-bellini-1855__to__Ukiyo_e,Impressionism,Ukiyo_e,Seedream_repaired750,Seedream_repaired750,Seedream_repaired750,Seedream_repaired750,5,5,5,5,"Strong Ukiyo-e aesthetic with bold outlines, flat color blocks, and stylized facial features; preserves source structure well; minimal artifacts.",4,4,3,"Good Ukiyo-e influence in line work and coloring, but slight smudging and texture artifacts reduce cleanliness; structure mostly preserved.",2,3,2,Weak Ukiyo-e styling; overly blurred and sketchy; loses structural detail and introduces significant noise/artifacts.
Impressionism__edouard-manet_tarring-the-boat-1873__to__Early_Renaissance,Impressionism,Early_Renaissance,SaMAM_2250,SaMAM_2250,Seedream_repaired750,SaMAM_2250,4,3,5,3,Strong structural fidelity but weak Early Renaissance style; noticeable color bleeding and smudging artifacts.,5,4,5,Excellent Early Renaissance stylistic rendering with clean edges and minimal artifacts; slight softening of fine structure.,4,3,4,Good stylistic match but suffers from heavy blur and loss of detail; moderate artifact presence.
Impressionism__edouard-manet_tarring-the-boat-1873__to__Impressionism,Impressionism,Impressionism,Seedream_repaired750,Seedream_repaired750,SaMAM_2250,Seedream_repaired750,4,5,4,5,Strong Impressionist brushwork and color palette; retains key structural elements with minimal distortion; clean output.,4,5,4,Good structural fidelity; style is present but slightly muted; minor smudging in background areas.,3,3,2,Overly hazy and washed-out; loses detail and introduces significant blur artifacts; weak style transfer.
Impressionism__edouard-manet_tarring-the-boat-1873__to__Minimalism,Impressionism,Minimalism,SaMAM_2250,Seedream_repaired750,SaMAM_2250,SaMAM_2250,4,5,2,3,"Highly stylized with bold geometric shapes and flat colors, but distorts source structure significantly; some artifacts from over-simplification.",4,5,5,Preserves source composition well while applying minimalism through muted tones and reduced detail; clean output with minimal artifacts.,3,3,2,"Overly blurred and hazy, losing structural clarity; introduces significant artifacts and lacks precise minimalism."
Impressionism__edouard-manet_tarring-the-boat-1873__to__Rococo,Impressionism,Rococo,SaMAM_2250,SaMAM_2250,SaMAM_2250,SaMAM_2250,4,3,4,3,Moderate Rococo influence with soft pastel tones and ornamental framing; structure mostly preserved but some blurring in figures; minor artifacts around edges.,5,5,5,"Strong Rococo aesthetic: gilded frame, soft lighting, elegant color palette; source composition fully preserved; no visible artifacts or distortions.",2,3,2,"Weak Rococo styling — overly dark, muddy tones; structure partially lost with smeared figures; significant artifacts and loss of detail."
Impressionism__edouard-manet_tarring-the-boat-1873__to__Ukiyo_e,Impressionism,Ukiyo_e,SaMAM_2250,SaMAM_2250,SaMAM_2250,SaMAM_2250,4,3,4,3,Moderate Ukiyo-e influence with soft edges and muted tones; structure mostly preserved but lacks bold linework; some smudging artifacts.,5,5,5,"Strong Ukiyo-e aesthetic: bold outlines, flat color planes, stylized forms; structure faithfully retained; minimal artifacts, clean rendering.",2,3,2,Very faint stylistic influence; overly blurred and washed-out; structure degraded; heavy noise and smearing artifacts.
Impressionism__eugene-boudin_laundresses-on-the-banks-of-the-touques-9__to__Early_Renaissance,Impressionism,Early_Renaissance,SaMAM_2250,SaMAM_2250,Seedream_repaired750,Seedream_repaired750,4,3,5,5,"Preserves source structure well with minimal artifacts, but style transfer is subtle and lacks strong Early Renaissance characteristics.",5,4,4,Strongest Early Renaissance style application with visible brushwork and palette; slight structural softening but overall coherent.,4,3,3,"Shows stylistic intent with muted tones and texture, but suffers from blurring and loss of detail in figures and landscape."
Impressionism__eugene-boudin_laundresses-on-the-banks-of-the-touques-9__to__Impressionism,Impressionism,Impressionism,Seedream_repaired750,Seedream_repaired750,Seedream_repaired750,Seedream_repaired750,4,5,5,5,Strong Impressionist brushwork with clear structure and minimal artifacts.,4,4,4,Good style transfer but slightly less refined in texture and detail.,3,3,3,Weaker style fidelity and noticeable blurring/artifacts.
Impressionism__eugene-boudin_laundresses-on-the-banks-of-the-touques-9__to__Minimalism,Impressionism,Minimalism,Seedream_repaired750,Seedream_repaired750,Seedream_repaired750,Seedream_repaired750,5,5,5,5,Clean geometric abstraction with flat color blocks and simplified forms; preserves original composition layout while fully embracing minimalism.,2,4,3,"Retains painterly texture and realism; fails to adopt minimalism, appearing as a blurred version of source rather than stylized.",1,2,2,Overly washed out and indistinct; loses structural clarity and introduces haze artifacts without meaningful stylistic reduction.
Impressionism__eugene-boudin_laundresses-on-the-banks-of-the-touques-9__to__Rococo,Impressionism,Rococo,Seedream_repaired750,Seedream_repaired750,SaMAM_2250,SaMAM_2250,4,5,3,3,Strong Rococo styling with ornate frame and soft pastel tones; structure is somewhat distorted by decorative border.,3,5,5,Excellent preservation of original composition and clean rendering; minimal Rococo stylistic elements applied.,2,4,4,"Muted, hazy effect reduces both style clarity and structural sharpness; some vignetting artifacts present."
Impressionism__eugene-boudin_laundresses-on-the-banks-of-the-touques-9__to__Ukiyo_e,Impressionism,Ukiyo_e,Seedream_repaired750,Seedream_repaired750,Seedream_repaired750,Seedream_repaired750,4,5,5,5,Strong Ukiyo-e stylization with clear line work and flat color blocks; preserves source composition well; minimal artifacts.,4,4,4,Good stylistic match but slightly softer lines; structure mostly preserved; minor smudging in background.,3,3,3,Weakest Ukiyo-e traits; structure blurred; noticeable haze and loss of detail.
