{
  "checkpoint": "..\\inject_I3_progressive_1_05_01\\epoch_0040.pt",
  "timestamp": "2026-03-05 03:21:16",
  "metrics_note": {
    "clip_dir": "cos( CLIP(gen)-CLIP(src), CLIP(target_style_proto)-CLIP(src) ) - Measures edit direction.",
    "clip_style": "cos( CLIP(gen), CLIP(target_style_proto) ) - Measures absolute style similarity.",
    "fid_baseline": "FID between source-domain images and target-style references.",
    "fid": "FID between generated images and target-style real references (Inception features).",
    "delta_fid": "fid_baseline - fid (higher is better).",
    "delta_fid_ratio": "delta_fid / fid_baseline (relative improvement ratio).",
    "art_fid": "computed as (1 + fid_style) * (1 + content_lpips)"
  },
  "matrix_breakdown": {
    "photo": {
      "photo": {
        "count": 30,
        "clip_dir": 0.5314276377360027,
        "clip_style": 0.7890589714050293,
        "style_lpips": 0.7354721168677012,
        "content_lpips": 0.49661720633333334,
        "clip_content": 0.7558162633333333,
        "fid_style": null,
        "art_fid": null,
        "fid_baseline": null,
        "delta_fid": null,
        "delta_fid_ratio": null,
        "classifier_acc": null
      },
      "Hayao": {
        "count": 30,
        "clip_dir": 0.6075963964064915,
        "clip_style": 0.6652058720588684,
        "style_lpips": 0.7250294744968414,
        "content_lpips": 0.5881834413333332,
        "clip_content": 0.699614932,
        "fid_style": 345.0201985750225,
        "art_fid": 549.5435497437226,
        "fid_baseline": 334.729000932728,
        "delta_fid": -10.291197642294492,
        "delta_fid_ratio": -0.03074486409488839,
        "classifier_acc": null
      },
      "monet": {
        "count": 30,
        "clip_dir": 0.5395856469869613,
        "clip_style": 0.6804417391618093,
        "style_lpips": 0.7254392902056376,
        "content_lpips": 0.5107160683333334,
        "clip_content": 0.7453772043333333,
        "fid_style": 253.68782645680557,
        "art_fid": 384.76099183718765,
        "fid_baseline": 237.55478896111822,
        "delta_fid": -16.133037495687347,
        "delta_fid_ratio": -0.0679129120748979,
        "classifier_acc": null
      },
      "vangogh": {
        "count": 30,
        "clip_dir": 0.5882678637901942,
        "clip_style": 0.7081032872200013,
        "style_lpips": 0.7464792549610137,
        "content_lpips": 0.572691848,
        "clip_content": 0.7369301653333332,
        "fid_style": 322.9116917678042,
        "art_fid": 509.41327711511434,
        "fid_baseline": 313.3414404549672,
        "delta_fid": -9.570251312837001,
        "delta_fid_ratio": -0.030542565001747412,
        "classifier_acc": null
      },
      "cezanne": {
        "count": 30,
        "clip_dir": 0.5560834149519602,
        "clip_style": 0.6667014519373576,
        "style_lpips": 0.7147143224875132,
        "content_lpips": 0.5428198839999999,
        "clip_content": 0.7309465396666667,
        "fid_style": 318.8669392539466,
        "art_fid": 493.497074115209,
        "fid_baseline": 317.94764662800304,
        "delta_fid": -0.9192926259435694,
        "delta_fid_ratio": -0.0028913333238762312,
        "classifier_acc": null
      }
    },
    "Hayao": {
      "photo": {
        "count": 30,
        "clip_dir": 0.4234151815374692,
        "clip_style": 0.5922190268834432,
        "style_lpips": 0.7461548825105031,
        "content_lpips": 0.44590199599999997,
        "clip_content": 0.8296768873333333,
        "fid_style": null,
        "art_fid": null,
        "fid_baseline": null,
        "delta_fid": null,
        "delta_fid_ratio": null,
        "classifier_acc": null
      },
      "Hayao": {
        "count": 30,
        "clip_dir": 0.42487143178780873,
        "clip_style": 0.8374067624409993,
        "style_lpips": 0.7045500735441844,
        "content_lpips": 0.3803113533333333,
        "clip_content": 0.8724283573333332,
        "fid_style": null,
        "art_fid": null,
        "fid_baseline": null,
        "delta_fid": null,
        "delta_fid_ratio": null,
        "classifier_acc": null
      },
      "monet": {
        "count": 30,
        "clip_dir": 0.3847209125757217,
        "clip_style": 0.530275022983551,
        "style_lpips": 0.7375201106071472,
        "content_lpips": 0.43664393033333326,
        "clip_content": 0.8338613553333333,
        "fid_style": null,
        "art_fid": null,
        "fid_baseline": null,
        "delta_fid": null,
        "delta_fid_ratio": null,
        "classifier_acc": null
      },
      "vangogh": {
        "count": 30,
        "clip_dir": 0.4620879938205083,
        "clip_style": 0.6235312501589457,
        "style_lpips": 0.7525204122066498,
        "content_lpips": 0.4409234916666666,
        "clip_content": 0.8198850613333335,
        "fid_style": null,
        "art_fid": null,
        "fid_baseline": null,
        "delta_fid": null,
        "delta_fid_ratio": null,
        "classifier_acc": null
      },
      "cezanne": {
        "count": 30,
        "clip_dir": 0.38177060782909394,
        "clip_style": 0.5665600955486297,
        "style_lpips": 0.720442142089208,
        "content_lpips": 0.3947362366666667,
        "clip_content": 0.8589242396666668,
        "fid_style": null,
        "art_fid": null,
        "fid_baseline": null,
        "delta_fid": null,
        "delta_fid_ratio": null,
        "classifier_acc": null
      }
    },
    "monet": {
      "photo": {
        "count": 30,
        "clip_dir": 0.568175361553828,
        "clip_style": 0.7397770861784617,
        "style_lpips": 0.7392469803492229,
        "content_lpips": 0.49212556533333335,
        "clip_content": 0.7738851813333335,
        "fid_style": null,
        "art_fid": null,
        "fid_baseline": null,
        "delta_fid": null,
        "delta_fid_ratio": null,
        "classifier_acc": null
      },
      "Hayao": {
        "count": 30,
        "clip_dir": 0.5832322180271149,
        "clip_style": 0.6515198131402333,
        "style_lpips": 0.737713501850764,
        "content_lpips": 0.5650773706666666,
        "clip_content": 0.7316204136666667,
        "fid_style": null,
        "art_fid": null,
        "fid_baseline": null,
        "delta_fid": null,
        "delta_fid_ratio": null,
        "classifier_acc": null
      },
      "monet": {
        "count": 30,
        "clip_dir": 0.44129022359848025,
        "clip_style": 0.8136333703994751,
        "style_lpips": 0.6998523493607839,
        "content_lpips": 0.48246471933333335,
        "clip_content": 0.8052949616666667,
        "fid_style": null,
        "art_fid": null,
        "fid_baseline": null,
        "delta_fid": null,
        "delta_fid_ratio": null,
        "classifier_acc": null
      },
      "vangogh": {
        "count": 30,
        "clip_dir": 0.4608958264191945,
        "clip_style": 0.7949104766050975,
        "style_lpips": 0.7342680255572002,
        "content_lpips": 0.5049231459999999,
        "clip_content": 0.7978444309999999,
        "fid_style": null,
        "art_fid": null,
        "fid_baseline": null,
        "delta_fid": null,
        "delta_fid_ratio": null,
        "classifier_acc": null
      },
      "cezanne": {
        "count": 30,
        "clip_dir": 0.4428414503733317,
        "clip_style": 0.7632590949535369,
        "style_lpips": 0.7084711571534474,
        "content_lpips": 0.5129027826666667,
        "clip_content": 0.767494834,
        "fid_style": null,
        "art_fid": null,
        "fid_baseline": null,
        "delta_fid": null,
        "delta_fid_ratio": null,
        "classifier_acc": null
      }
    },
    "vangogh": {
      "photo": {
        "count": 30,
        "clip_dir": 0.5441676378250122,
        "clip_style": 0.7077272673447926,
        "style_lpips": 0.7373417993386586,
        "content_lpips": 0.5180225746666667,
        "clip_content": 0.7622779433333334,
        "fid_style": null,
        "art_fid": null,
        "fid_baseline": null,
        "delta_fid": null,