{
  "checkpoint": "..\\2style-16dim-1_3swd\\epoch_0020.pt",
  "timestamp": "2026-02-23 10:39:58",
  "metrics_note": {
    "clip_style": "backward-compatible alias of clip_dir (CLIP directional similarity)",
    "clip_dir": "cos( CLIP(gen)-CLIP(src), CLIP(target_style_proto)-CLIP(src) )",
    "art_fid": "computed as (1 + fid_style) * (1 + content_lpips)"
  },
  "matrix_breakdown": {
    "photo": {
      "photo": {
        "count": 50,
        "clip_dir": 0.3151702103018761,
        "clip_style": 0.3151702103018761,
        "style_lpips": 0.7499970805644989,
        "content_lpips": 0.2938651788,
        "clip_content": 0.9029721366,
        "fid_style": null,
        "art_fid": null,
        "classifier_acc": null
      },
      "Hayao": {
        "count": 50,
        "clip_dir": 0.4200028809905052,
        "clip_style": 0.4200028809905052,
        "style_lpips": 0.7655031836032867,
        "content_lpips": 0.33662305699999995,
        "clip_content": 0.8769310326000002,
        "fid_style": null,
        "art_fid": null,
        "classifier_acc": null
      }
    },
    "Hayao": {
      "photo": {
        "count": 50,
        "clip_dir": 0.1711071564629674,
        "clip_style": 0.1711071564629674,
        "style_lpips": 0.7972588276863098,
        "content_lpips": 0.28690587419999997,
        "clip_content": 0.9296652985999999,
        "fid_style": null,
        "art_fid": null,
        "classifier_acc": null
      },
      "Hayao": {
        "count": 50,
        "clip_dir": 0.272663114592433,
        "clip_style": 0.272663114592433,
        "style_lpips": 0.7281870663166046,
        "content_lpips": 0.1960973719,
        "clip_content": 0.9445564898,
        "fid_style": null,
        "art_fid": null,
        "classifier_acc": null
      }
    }
  },
  "analysis": {
    "style_transfer_ability": {
      "clip_dir": 0.2955550187267363,
      "clip_style": 0.2955550187267363,
      "content_lpips": 0.31176446559999993,
      "art_fid": 0.0,
      "classifier_acc": 0.0
    },
    "photo_to_art_performance": {
      "clip_dir": 0.4200028809905052,
      "clip_style": 0.4200028809905052,
      "art_fid": 0.0,
      "valid": true,
      "classifier_acc": 0.0
    }
  },
  "classification_report": null,
  "detailed_style_metrics": {}
}