{
  "checkpoint": "..\\2style-16dim-512-1_3swd\\epoch_0020.pt",
  "timestamp": "2026-02-23 11:07:16",
  "metrics_note": {
    "clip_style": "backward-compatible alias of clip_dir (CLIP directional similarity)",
    "clip_dir": "cos( CLIP(gen)-CLIP(src), CLIP(target_style_proto)-CLIP(src) )",
    "art_fid": "computed as (1 + fid_style) * (1 + content_lpips)"
  },
  "matrix_breakdown": {
    "photo": {
      "photo": {
        "count": 50,
        "clip_dir": 0.3160217098891735,
        "clip_style": 0.3160217098891735,
        "style_lpips": 0.7512911784648896,
        "content_lpips": 0.2928554122,
        "clip_content": 0.9044882672,
        "fid_style": null,
        "art_fid": null,
        "classifier_acc": null
      },
      "Hayao": {
        "count": 50,
        "clip_dir": 0.4856849002838135,
        "clip_style": 0.4856849002838135,
        "style_lpips": 0.7484036719799042,
        "content_lpips": 0.4388092894,
        "clip_content": 0.828761799,
        "fid_style": null,
        "art_fid": null,
        "classifier_acc": null
      }
    },
    "Hayao": {
      "photo": {
        "count": 50,
        "clip_dir": 0.21885362099856137,
        "clip_style": 0.21885362099856137,
        "style_lpips": 0.7872071087360382,
        "content_lpips": 0.33243300499999995,
        "clip_content": 0.9167437254,
        "fid_style": null,
        "art_fid": null,
        "classifier_acc": null
      },
      "Hayao": {
        "count": 50,
        "clip_dir": 0.275661906003952,
        "clip_style": 0.275661906003952,
        "style_lpips": 0.7268910777568817,
        "content_lpips": 0.202150373,
        "clip_content": 0.9425116136,
        "fid_style": null,
        "art_fid": null,
        "classifier_acc": null
      }
    }
  },
  "analysis": {
    "style_transfer_ability": {
      "clip_dir": 0.35226926064118746,
      "clip_style": 0.35226926064118746,
      "content_lpips": 0.38562114719999996,
      "art_fid": 0.0,
      "classifier_acc": 0.0
    },
    "photo_to_art_performance": {
      "clip_dir": 0.4856849002838135,
      "clip_style": 0.4856849002838135,
      "art_fid": 0.0,
      "valid": true,
      "classifier_acc": 0.0
    }
  },
  "classification_report": null,
  "detailed_style_metrics": {}
}