{
  "num_rounds": 2,
  "latest": {
    "epoch": 80,
    "summary_path": "..\\abl_no_residual\\full_eval\\epoch_0080\\summary.json",
    "transfer_clip_style": 0.6285974740982055,
    "transfer_content_lpips": 0.2965136992433333,
    "transfer_fid": 286.488500279911,
    "transfer_art_fid": 372.43986726483,
    "transfer_classifier_acc": 0.0,
    "photo_to_art_clip_style": 0.5794123634696007,
    "photo_to_art_fid": 286.488500279911,
    "photo_to_art_art_fid": 372.43986726483,
    "photo_to_art_classifier_acc": 0.0
  },
  "mean": {
    "transfer_clip_style": 0.6285953738043706,
    "transfer_content_lpips": 0.2966040678883334,
    "transfer_fid": 286.46194354462943,
    "transfer_art_fid": 372.42806800629575,
    "transfer_classifier_acc": 0.0,
    "photo_to_art_clip_style": 0.5791505875686804,
    "photo_to_art_fid": 286.46194354462943,
    "photo_to_art_art_fid": 372.42806800629575,
    "photo_to_art_classifier_acc": 0.0
  },
  "best": {
    "best_transfer_classifier_acc": {
      "epoch": 40,
      "summary_path": "..\\abl_no_residual\\full_eval\\epoch_0040\\summary.json",
      "transfer_clip_style": 0.6285932735105356,
      "transfer_content_lpips": 0.2966944365333334,
      "transfer_fid": 286.4353868093478,
      "transfer_art_fid": 372.4162687477615,
      "transfer_classifier_acc": 0.0,
      "photo_to_art_clip_style": 0.5788888116677602,
      "photo_to_art_fid": 286.4353868093478,
      "photo_to_art_art_fid": 372.4162687477615,
      "photo_to_art_classifier_acc": 0.0
    },
    "best_transfer_clip_style": {
      "epoch": 80,
      "summary_path": "..\\abl_no_residual\\full_eval\\epoch_0080\\summary.json",
      "transfer_clip_style": 0.6285974740982055,
      "transfer_content_lpips": 0.2965136992433333,
      "transfer_fid": 286.488500279911,
      "transfer_art_fid": 372.43986726483,
      "transfer_classifier_acc": 0.0,
      "photo_to_art_clip_style": 0.5794123634696007,
      "photo_to_art_fid": 286.488500279911,
      "photo_to_art_art_fid": 372.43986726483,
      "photo_to_art_classifier_acc": 0.0
    },
    "best_transfer_fid": {
      "epoch": 40,
      "summary_path": "..\\abl_no_residual\\full_eval\\epoch_0040\\summary.json",
      "transfer_clip_style": 0.6285932735105356,
      "transfer_content_lpips": 0.2966944365333334,
      "transfer_fid": 286.4353868093478,
      "transfer_art_fid": 372.4162687477615,
      "transfer_classifier_acc": 0.0,
      "photo_to_art_clip_style": 0.5788888116677602,
      "photo_to_art_fid": 286.4353868093478,
      "photo_to_art_art_fid": 372.4162687477615,
      "photo_to_art_classifier_acc": 0.0
    },
    "best_transfer_art_fid": {
      "epoch": 40,
      "summary_path": "..\\abl_no_residual\\full_eval\\epoch_0040\\summary.json",
      "transfer_clip_style": 0.6285932735105356,
      "transfer_content_lpips": 0.2966944365333334,
      "transfer_fid": 286.4353868093478,
      "transfer_art_fid": 372.4162687477615,
      "transfer_classifier_acc": 0.0,
      "photo_to_art_clip_style": 0.5788888116677602,
      "photo_to_art_fid": 286.4353868093478,
      "photo_to_art_art_fid": 372.4162687477615,
      "photo_to_art_classifier_acc": 0.0
    },
    "best_photo_to_art_classifier_acc": {
      "epoch": 40,
      "summary_path": "..\\abl_no_residual\\full_eval\\epoch_0040\\summary.json",
      "transfer_clip_style": 0.6285932735105356,
      "transfer_content_lpips": 0.2966944365333334,
      "transfer_fid": 286.4353868093478,
      "transfer_art_fid": 372.4162687477615,
      "transfer_classifier_acc": 0.0,
      "photo_to_art_clip_style": 0.5788888116677602,
      "photo_to_art_fid": 286.4353868093478,
      "photo_to_art_art_fid": 372.4162687477615,
      "photo_to_art_classifier_acc": 0.0
    },
    "best_photo_to_art_clip_style": {
      "epoch": 80,
      "summary_path": "..\\abl_no_residual\\full_eval\\epoch_0080\\summary.json",
      "transfer_clip_style": 0.6285974740982055,
      "transfer_content_lpips": 0.2965136992433333,
      "transfer_fid": 286.488500279911,
      "transfer_art_fid": 372.43986726483,
      "transfer_classifier_acc": 0.0,
      "photo_to_art_clip_style": 0.5794123634696007,
      "photo_to_art_fid": 286.488500279911,
      "photo_to_art_art_fid": 372.43986726483,
      "photo_to_art_classifier_acc": 0.0
    },
    "best_photo_to_art_fid": {
      "epoch": 40,
      "summary_path": "..\\abl_no_residual\\full_eval\\epoch_0040\\summary.json",
      "transfer_clip_style": 0.6285932735105356,
      "transfer_content_lpips": 0.2966944365333334,
      "transfer_fid": 286.4353868093478,
      "transfer_art_fid": 372.4162687477615,
      "transfer_classifier_acc": 0.0,
      "photo_to_art_clip_style": 0.5788888116677602,
      "photo_to_art_fid": 286.4353868093478,
      "photo_to_art_art_fid": 372.4162687477615,
      "photo_to_art_classifier_acc": 0.0
    },
    "best_photo_to_art_art_fid": {
      "epoch": 40,
      "summary_path": "..\\abl_no_residual\\full_eval\\epoch_0040\\summary.json",
      "transfer_clip_style": 0.6285932735105356,
      "transfer_content_lpips": 0.2966944365333334,
      "transfer_fid": 286.4353868093478,
      "transfer_art_fid": 372.4162687477615,
      "transfer_classifier_acc": 0.0,
      "photo_to_art_clip_style": 0.5788888116677602,
      "photo_to_art_fid": 286.4353868093478,
      "photo_to_art_art_fid": 372.4162687477615,
      "photo_to_art_classifier_acc": 0.0
    },
    "best_transfer_content_lpips": {
      "epoch": 80,
      "summary_path": "..\\abl_no_residual\\full_eval\\epoch_0080\\summary.json",
      "transfer_clip_style": 0.6285974740982055,
      "transfer_content_lpips": 0.2965136992433333,
      "transfer_fid": 286.488500279911,
      "transfer_art_fid": 372.43986726483,
      "transfer_classifier_acc": 0.0,
      "photo_to_art_clip_style": 0.5794123634696007,
      "photo_to_art_fid": 286.488500279911,
      "photo_to_art_art_fid": 372.43986726483,
      "photo_to_art_classifier_acc": 0.0
    }
  },
  "rounds": [
    {
      "epoch": 40,
      "summary_path": "..\\abl_no_residual\\full_eval\\epoch_0040\\summary.json",
      "transfer_clip_style": 0.6285932735105356,
      "transfer_content_lpips": 0.2966944365333334,
      "transfer_fid": 286.4353868093478,
      "transfer_art_fid": 372.4162687477615,
      "transfer_classifier_acc": 0.0,
      "photo_to_art_clip_style": 0.5788888116677602,
      "photo_to_art_fid": 286.4353868093478,
      "photo_to_art_art_fid": 372.4162687477615,
      "photo_to_art_classifier_acc": 0.0
    },
    {
      "epoch": 80,
      "summary_path": "..\\abl_no_residual\\full_eval\\epoch_0080\\summary.json",
      "transfer_clip_style": 0.6285974740982055,
      "transfer_content_lpips": 0.2965136992433333,
      "transfer_fid": 286.488500279911,
      "transfer_art_fid": 372.43986726483,
      "transfer_classifier_acc": 0.0,
      "photo_to_art_clip_style": 0.5794123634696007,
      "photo_to_art_fid": 286.488500279911,
      "photo_to_art_art_fid": 372.43986726483,
      "photo_to_art_classifier_acc": 0.0
    }
  ],
  "updated_at": "2026-03-19 05:07:57"
}