epoch,loss,code,cycle,gram,moment,push,nce,idt,w_cycle_eff,w_nce_eff,w_idt_eff,transfer_ratio,lr,epoch_time_sec
41,7.77285418510437,0.016290821712464095,0.2219509968161583,0.023862190674990416,0.04858929798007011,0.0,1.2352260947227478,0.0,2.0,2.0,0.0,1.0,1e-05,31.577303171157837
42,7.45424443244934,0.010858139619231225,0.18655349388718606,0.02320018853992224,0.04851897343993187,0.0,1.1960802817344665,0.0,2.0,2.0,0.0,1.0,1.0292853295352844e-05,23.93335247039795
43,7.370576915740966,0.015688482336699963,0.16953026980161667,0.022895427513867618,0.048803203366696836,0.0,1.1803322160243988,0.0,2.0,2.0,0.0,1.0,1.1169607643461954e-05,24.426759243011475
44,7.355901117324829,0.024668217916041613,0.15603424668312071,0.022786932457238437,0.04850773733109236,0.0,1.1614693772792817,0.0,2.0,2.0,0.0,1.0,1.2624857562220811e-05,22.02902388572693
45,7.346957287788391,0.03172178307548165,0.14935015350580216,0.022579670790582894,0.0483374261111021,0.0,1.155497784614563,0.0,2.0,2.0,0.0,1.0,1.4649630951960561e-05,24.0007221698761
