{
  "checkpoint": "..\\1swd-dit-2style\\epoch_0030.pt",
  "timestamp": "2026-02-23 17:49:07",
  "metrics_note": {
    "clip_dir": "cos( CLIP(gen)-CLIP(src), CLIP(target_style_proto)-CLIP(src) ) - Measures edit direction.",
    "clip_style": "cos( CLIP(gen), CLIP(target_style_proto) ) - Measures absolute style similarity.",
    "art_fid": "computed as (1 + fid_style) * (1 + content_lpips)"
  },
  "matrix_breakdown": {
    "photo": {
      "photo": {
        "count": 50,
        "clip_dir": 0.31898279786109923,
        "clip_style": 0.7924074041843414,
        "style_lpips": 0.7498240029811859,
        "content_lpips": 0.2968943564,
        "clip_content": 0.9025525726000001,
        "fid_style": null,
        "art_fid": null,
        "classifier_acc": null
      },
      "Hayao": {
        "count": 50,
        "clip_dir": 0.47722033798694613,
        "clip_style": 0.606044539809227,
        "style_lpips": 0.7627023923397064,
        "content_lpips": 0.3862124352000001,
        "clip_content": 0.8539427128,
        "fid_style": null,
        "art_fid": null,
        "classifier_acc": null
      }
    },
    "Hayao": {
      "photo": {
        "count": 50,
        "clip_dir": 0.2141102971881628,
        "clip_style": 0.5204634565114975,
        "style_lpips": 0.7840805411338806,
        "content_lpips": 0.3046038434,
        "clip_content": 0.9142255188000001,
        "fid_style": null,
        "art_fid": null,
        "classifier_acc": null
      },
      "Hayao": {
        "count": 50,
        "clip_dir": 0.27268963553011416,
        "clip_style": 0.848360503911972,
        "style_lpips": 0.7279724323749542,
        "content_lpips": 0.19825635740000003,
        "clip_content": 0.9441466547999999,
        "fid_style": null,
        "art_fid": null,
        "classifier_acc": null
      }
    }
  },
  "analysis": {
    "style_transfer_ability": {
      "clip_dir": 0.3456653175875545,
      "clip_style": 0.5632539981603623,
      "content_lpips": 0.3454081393,
      "art_fid": 0.0,
      "classifier_acc": 0.0
    },
    "photo_to_art_performance": {
      "clip_dir": 0.47722033798694613,
      "clip_style": 0.606044539809227,
      "art_fid": 0.0,
      "valid": true,
      "classifier_acc": 0.0
    }
  },
  "classification_report": null,
  "detailed_style_metrics": {}
}