{
  "checkpoint": "..\\exp_3_macro_strokes\\epoch_0100.pt",
  "timestamp": "2026-02-27 04:26:03",
  "metrics_note": {
    "clip_dir": "cos( CLIP(gen)-CLIP(src), CLIP(target_style_proto)-CLIP(src) ) - Measures edit direction.",
    "clip_style": "cos( CLIP(gen), CLIP(target_style_proto) ) - Measures absolute style similarity.",
    "fid_baseline": "FID between source-domain images and target-style references.",
    "fid": "FID between generated images and target-style real references (Inception features).",
    "delta_fid": "fid_baseline - fid (higher is better).",
    "delta_fid_ratio": "delta_fid / fid_baseline (relative improvement ratio).",
    "art_fid": "computed as (1 + fid_style) * (1 + content_lpips)"
  },
  "matrix_breakdown": {
    "photo": {
      "photo": {
        "count": 30,
        "clip_dir": 0.3971504991253217,
        "clip_style": 0.8050128916899363,
        "style_lpips": 0.7486156781514486,
        "content_lpips": 0.32251405399999994,
        "clip_content": 0.8865981703333335,
        "fid_style": null,
        "art_fid": null,
        "fid_baseline": null,
        "delta_fid": null,
        "delta_fid_ratio": null,
        "classifier_acc": null
      },
      "Hayao": {
        "count": 30,
        "clip_dir": 0.44562485764424004,
        "clip_style": 0.585053813457489,
        "style_lpips": 0.7580776194731395,
        "content_lpips": 0.400278623,
        "clip_content": 0.8651672380000001,
        "fid_style": 323.90972098056,
        "art_fid": 454.96413669397276,
        "fid_baseline": 334.729000932728,
        "delta_fid": 10.819279952168017,
        "delta_fid_ratio": 0.032322505435800036,
        "classifier_acc": null
      },
      "monet": {
        "count": 30,
        "clip_dir": 0.3349798689285914,
        "clip_style": 0.620592208703359,
        "style_lpips": 0.7435335258642832,
        "content_lpips": 0.30928039533333335,
        "clip_content": 0.8905564436666666,
        "fid_style": 223.98546674556417,
        "art_fid": 294.5690608448868,
        "fid_baseline": 237.55478896111822,
        "delta_fid": 13.569322215554052,
        "delta_fid_ratio": 0.057120811055402516,
        "classifier_acc": null
      },
      "vangogh": {
        "count": 30,
        "clip_dir": 0.4419076472520828,
        "clip_style": 0.6527378499507904,
        "style_lpips": 0.7931865135828654,
        "content_lpips": 0.43599424466666664,
        "clip_content": 0.8539545683333333,
        "fid_style": 307.3381853720818,
        "art_fid": 442.7718596052733,
        "fid_baseline": 313.3414404549672,
        "delta_fid": 6.003255082885403,
        "delta_fid_ratio": 0.01915882902104734,
        "classifier_acc": null
      },
      "cezanne": {
        "count": 30,
        "clip_dir": 0.37987448275089264,
        "clip_style": 0.6040514588356019,
        "style_lpips": 0.7498944918314616,
        "content_lpips": 0.3426110323333334,
        "clip_content": 0.8774856616666666,
        "fid_style": 299.62143141080526,
        "art_fid": 403.6176503679856,
        "fid_baseline": 317.94764662800304,
        "delta_fid": 18.326215217197785,
        "delta_fid_ratio": 0.057639096912830284,
        "classifier_acc": null
      }
    },
    "Hayao": {
      "photo": {
        "count": 30,
        "clip_dir": 0.24902932656308016,
        "clip_style": 0.5339513788620631,
        "style_lpips": 0.788682880004247,
        "content_lpips": 0.3316421916666667,
        "clip_content": 0.9173174749999998,
        "fid_style": null,
        "art_fid": null,
        "fid_baseline": null,
        "delta_fid": null,
        "delta_fid_ratio": null,
        "classifier_acc": null
      },
      "Hayao": {
        "count": 30,
        "clip_dir": 0.3347971260547638,
        "clip_style": 0.8588039398193359,
        "style_lpips": 0.7251594086488088,
        "content_lpips": 0.20880953300000005,
        "clip_content": 0.9368651463333334,
        "fid_style": null,
        "art_fid": null,
        "fid_baseline": null,
        "delta_fid": null,
        "delta_fid_ratio": null,
        "classifier_acc": null
      },
      "monet": {
        "count": 30,
        "clip_dir": 0.19191454829027255,
        "clip_style": 0.4662847359975179,
        "style_lpips": 0.7842913448810578,
        "content_lpips": 0.2826195906666667,
        "clip_content": 0.9228817663333334,
        "fid_style": null,
        "art_fid": null,
        "fid_baseline": null,
        "delta_fid": null,
        "delta_fid_ratio": null,
        "classifier_acc": null
      },
      "vangogh": {
        "count": 30,
        "clip_dir": 0.29906054933865867,
        "clip_style": 0.5591852595408757,
        "style_lpips": 0.7952862878640493,
        "content_lpips": 0.33059947466666667,
        "clip_content": 0.8876894020000001,
        "fid_style": null,
        "art_fid": null,
        "fid_baseline": null,
        "delta_fid": null,
        "delta_fid_ratio": null,
        "classifier_acc": null
      },
      "cezanne": {
        "count": 30,
        "clip_dir": 0.1823042306738595,
        "clip_style": 0.5009921451409658,
        "style_lpips": 0.7681917250156403,
        "content_lpips": 0.261246633,
        "clip_content": 0.927730108,
        "fid_style": null,
        "art_fid": null,
        "fid_baseline": null,
        "delta_fid": null,
        "delta_fid_ratio": null,
        "classifier_acc": null
      }
    },
    "monet": {
      "photo": {
        "count": 30,
        "clip_dir": 0.4553475002447764,
        "clip_style": 0.7084530790646871,
        "style_lpips": 0.7568337619304657,
        "content_lpips": 0.36258342833333335,
        "clip_content": 0.8773935866666667,
        "fid_style": null,
        "art_fid": null,
        "fid_baseline": null,
        "delta_fid": null,
        "delta_fid_ratio": null,
        "classifier_acc": null
      },
      "Hayao": {
        "count": 30,
        "clip_dir": 0.4540302142500877,
        "clip_style": 0.5850662052631378,
        "style_lpips": 0.7634146332740783,
        "content_lpips": 0.4167022613333334,
        "clip_content": 0.8617796496666666,
        "fid_style": null,
        "art_fid": null,
        "fid_baseline": null,
        "delta_fid": null,
        "delta_fid_ratio": null,
        "classifier_acc": null
      },
      "monet": {
        "count": 30,
        "clip_dir": 0.29596024826169015,
        "clip_style": 0.8316938221454621,
        "style_lpips": 0.7081957578659057,
        "content_lpips": 0.3328926366666666,
        "clip_content": 0.8951499643333334,
        "fid_style": null,
        "art_fid": null,
        "fid_baseline": null,
        "delta_fid": null,
        "delta_fid_ratio": null,
        "classifier_acc": null
      },
      "vangogh": {
        "count": 30,
        "clip_dir": 0.384625443816185,
        "clip_style": 0.7935141921043396,
        "style_lpips": 0.7697332521279653,
        "content_lpips": 0.4142567743333333,
        "clip_content": 0.845103775,
        "fid_style": null,
        "art_fid": null,
        "fid_baseline": null,
        "delta_fid": null,
        "delta_fid_ratio": null,
        "classifier_acc": null
      },
      "cezanne": {
        "count": 30,
        "clip_dir": 0.3245863263805707,
        "clip_style": 0.7891747772693634,
        "style_lpips": 0.7306571145852406,
        "content_lpips": 0.3485416130000001,
        "clip_content": 0.8847443046666668,
        "fid_style": null,
        "art_fid": null,
        "fid_baseline": null,
        "delta_fid": null,
        "delta_fid_ratio": null,
        "classifier_acc": null
      }
    },
    "vangogh": {
      "photo": {
        "count": 30,
        "clip_dir": 0.42001008490721387,
        "clip_style": 0.6742697139581044,
        "style_lpips": 0.7580645302931468,
        "content_lpips": 0.401025422,
        "clip_content": 0.8667154613333334,
        "fid_style": null,
        "art_fid": null,
        "fid_baseline": null,
        "delta_fid": null,
        "delta_fid_ratio": null,