{
  "num_rounds": 2,
  "latest": {
    "epoch": 80,
    "summary_path": "..\\full-swd\\full_eval\\epoch_0080\\summary.json",
    "transfer_clip_dir": 0.40281614019349216,
    "transfer_clip_style": 0.40281614019349216,
    "transfer_content_lpips": 0.42399943004999996,
    "transfer_art_fid": 419.9383947870027,
    "transfer_classifier_acc": 0.0,
    "photo_to_art_clip_dir": 0.45242164000868795,
    "photo_to_art_clip_style": 0.45242164000868795,
    "photo_to_art_art_fid": 409.94164934436134,
    "photo_to_art_classifier_acc": 0.0
  },
  "mean": {
    "transfer_clip_dir": 0.38636545213498175,
    "transfer_clip_style": 0.38636545213498175,
    "transfer_content_lpips": 0.40868134339499995,
    "transfer_art_fid": 412.87141771675056,
    "transfer_classifier_acc": 0.0,
    "photo_to_art_clip_dir": 0.4369277752190828,
    "photo_to_art_clip_style": 0.4369277752190828,
    "photo_to_art_art_fid": 400.45825279470256,
    "photo_to_art_classifier_acc": 0.0
  },
  "best": {
    "best_transfer_classifier_acc": {
      "epoch": 40,
      "summary_path": "..\\full-swd\\full_eval\\epoch_0040\\summary.json",
      "transfer_clip_dir": 0.3699147640764714,
      "transfer_clip_style": 0.3699147640764714,
      "transfer_content_lpips": 0.39336325674,
      "transfer_art_fid": 405.80444064649845,
      "transfer_classifier_acc": 0.0,
      "photo_to_art_clip_dir": 0.4214339104294777,
      "photo_to_art_clip_style": 0.4214339104294777,
      "photo_to_art_art_fid": 390.9748562450438,
      "photo_to_art_classifier_acc": 0.0
    },
    "best_transfer_clip_dir": {
      "epoch": 80,
      "summary_path": "..\\full-swd\\full_eval\\epoch_0080\\summary.json",
      "transfer_clip_dir": 0.40281614019349216,
      "transfer_clip_style": 0.40281614019349216,
      "transfer_content_lpips": 0.42399943004999996,
      "transfer_art_fid": 419.9383947870027,
      "transfer_classifier_acc": 0.0,
      "photo_to_art_clip_dir": 0.45242164000868795,
      "photo_to_art_clip_style": 0.45242164000868795,
      "photo_to_art_art_fid": 409.94164934436134,
      "photo_to_art_classifier_acc": 0.0
    },
    "best_transfer_clip_style": {
      "epoch": 80,
      "summary_path": "..\\full-swd\\full_eval\\epoch_0080\\summary.json",
      "transfer_clip_dir": 0.40281614019349216,
      "transfer_clip_style": 0.40281614019349216,
      "transfer_content_lpips": 0.42399943004999996,
      "transfer_art_fid": 419.9383947870027,
      "transfer_classifier_acc": 0.0,
      "photo_to_art_clip_dir": 0.45242164000868795,
      "photo_to_art_clip_style": 0.45242164000868795,
      "photo_to_art_art_fid": 409.94164934436134,
      "photo_to_art_classifier_acc": 0.0
    },
    "best_transfer_art_fid": {
      "epoch": 40,
      "summary_path": "..\\full-swd\\full_eval\\epoch_0040\\summary.json",
      "transfer_clip_dir": 0.3699147640764714,
      "transfer_clip_style": 0.3699147640764714,
      "transfer_content_lpips": 0.39336325674,
      "transfer_art_fid": 405.80444064649845,
      "transfer_classifier_acc": 0.0,
      "photo_to_art_clip_dir": 0.4214339104294777,
      "photo_to_art_clip_style": 0.4214339104294777,
      "photo_to_art_art_fid": 390.9748562450438,
      "photo_to_art_classifier_acc": 0.0
    },
    "best_photo_to_art_classifier_acc": {
      "epoch": 40,
      "summary_path": "..\\full-swd\\full_eval\\epoch_0040\\summary.json",
      "transfer_clip_dir": 0.3699147640764714,
      "transfer_clip_style": 0.3699147640764714,
      "transfer_content_lpips": 0.39336325674,
      "transfer_art_fid": 405.80444064649845,
      "transfer_classifier_acc": 0.0,
      "photo_to_art_clip_dir": 0.4214339104294777,
      "photo_to_art_clip_style": 0.4214339104294777,
      "photo_to_art_art_fid": 390.9748562450438,
      "photo_to_art_classifier_acc": 0.0
    },
    "best_photo_to_art_clip_dir": {
      "epoch": 80,
      "summary_path": "..\\full-swd\\full_eval\\epoch_0080\\summary.json",
      "transfer_clip_dir": 0.40281614019349216,
      "transfer_clip_style": 0.40281614019349216,
      "transfer_content_lpips": 0.42399943004999996,
      "transfer_art_fid": 419.9383947870027,
      "transfer_classifier_acc": 0.0,
      "photo_to_art_clip_dir": 0.45242164000868795,
      "photo_to_art_clip_style": 0.45242164000868795,
      "photo_to_art_art_fid": 409.94164934436134,
      "photo_to_art_classifier_acc": 0.0
    },
    "best_photo_to_art_clip_style": {
      "epoch": 80,
      "summary_path": "..\\full-swd\\full_eval\\epoch_0080\\summary.json",
      "transfer_clip_dir": 0.40281614019349216,
      "transfer_clip_style": 0.40281614019349216,
      "transfer_content_lpips": 0.42399943004999996,
      "transfer_art_fid": 419.9383947870027,
      "transfer_classifier_acc": 0.0,
      "photo_to_art_clip_dir": 0.45242164000868795,
      "photo_to_art_clip_style": 0.45242164000868795,
      "photo_to_art_art_fid": 409.94164934436134,
      "photo_to_art_classifier_acc": 0.0
    },
    "best_photo_to_art_art_fid": {
      "epoch": 40,
      "summary_path": "..\\full-swd\\full_eval\\epoch_0040\\summary.json",
      "transfer_clip_dir": 0.3699147640764714,
      "transfer_clip_style": 0.3699147640764714,
      "transfer_content_lpips": 0.39336325674,
      "transfer_art_fid": 405.80444064649845,
      "transfer_classifier_acc": 0.0,
      "photo_to_art_clip_dir": 0.4214339104294777,
      "photo_to_art_clip_style": 0.4214339104294777,
      "photo_to_art_art_fid": 390.9748562450438,
      "photo_to_art_classifier_acc": 0.0
    },
    "best_transfer_content_lpips": {
      "epoch": 40,
      "summary_path": "..\\full-swd\\full_eval\\epoch_0040\\summary.json",
      "transfer_clip_dir": 0.3699147640764714,
      "transfer_clip_style": 0.3699147640764714,
      "transfer_content_lpips": 0.39336325674,
      "transfer_art_fid": 405.80444064649845,
      "transfer_classifier_acc": 0.0,
      "photo_to_art_clip_dir": 0.4214339104294777,
      "photo_to_art_clip_style": 0.4214339104294777,
      "photo_to_art_art_fid": 390.9748562450438,
      "photo_to_art_classifier_acc": 0.0
    }
  },
  "rounds": [
    {
      "epoch": 40,
      "summary_path": "..\\full-swd\\full_eval\\epoch_0040\\summary.json",
      "transfer_clip_dir": 0.3699147640764714,
      "transfer_clip_style": 0.3699147640764714,
      "transfer_content_lpips": 0.39336325674,
      "transfer_art_fid": 405.80444064649845,
      "transfer_classifier_acc": 0.0,
      "photo_to_art_clip_dir": 0.4214339104294777,
      "photo_to_art_clip_style": 0.4214339104294777,
      "photo_to_art_art_fid": 390.9748562450438,
      "photo_to_art_classifier_acc": 0.0
    },
    {
      "epoch": 80,
      "summary_path": "..\\full-swd\\full_eval\\epoch_0080\\summary.json",
      "transfer_clip_dir": 0.40281614019349216,
      "transfer_clip_style": 0.40281614019349216,
      "transfer_content_lpips": 0.42399943004999996,
      "transfer_art_fid": 419.9383947870027,
      "transfer_classifier_acc": 0.0,
      "photo_to_art_clip_dir": 0.45242164000868795,
      "photo_to_art_clip_style": 0.45242164000868795,
      "photo_to_art_art_fid": 409.94164934436134,
      "photo_to_art_classifier_acc": 0.0
    }
  ],
  "updated_at": "2026-02-22 17:05:05"
}