{
  "checkpoint": "..\\exp_G1_edge_rush\\epoch_0150.pt",
  "timestamp": "2026-03-02 23:30:31",
  "metrics_note": {
    "clip_dir": "cos( CLIP(gen)-CLIP(src), CLIP(target_style_proto)-CLIP(src) ) - Measures edit direction.",
    "clip_style": "cos( CLIP(gen), CLIP(target_style_proto) ) - Measures absolute style similarity.",
    "fid_baseline": "FID between source-domain images and target-style references.",
    "fid": "FID between generated images and target-style real references (Inception features).",
    "delta_fid": "fid_baseline - fid (higher is better).",
    "delta_fid_ratio": "delta_fid / fid_baseline (relative improvement ratio).",
    "art_fid": "computed as (1 + fid_style) * (1 + content_lpips)"
  },
  "matrix_breakdown": {
    "photo": {
      "photo": {
        "count": 30,
        "clip_dir": 0.3914912506937981,
        "clip_style": 0.8009008963902792,
        "style_lpips": 0.7460150460402171,
        "content_lpips": 0.33534786299999997,
        "clip_content": 0.881238525,
        "fid_style": null,
        "art_fid": null,
        "fid_baseline": null,
        "delta_fid": null,
        "delta_fid_ratio": null,
        "classifier_acc": null
      },
      "Hayao": {
        "count": 30,
        "clip_dir": 0.5057509879271189,
        "clip_style": 0.6147657334804535,
        "style_lpips": 0.7377130051453908,
        "content_lpips": 0.43911236366666667,
        "clip_content": 0.8230183263333333,
        "fid_style": 332.24832226474484,
        "art_fid": 479.58178074236804,
        "fid_baseline": 334.729000932728,
        "delta_fid": 2.4806786679831703,
        "delta_fid_ratio": 0.007411006100668653,
        "classifier_acc": null
      },
      "monet": {
        "count": 30,
        "clip_dir": 0.3287779167294502,
        "clip_style": 0.6148155480623245,
        "style_lpips": 0.7315517564614614,
        "content_lpips": 0.3323941676666667,
        "clip_content": 0.8794929019999997,
        "fid_style": 224.10199054774424,
        "art_fid": 299.92457933597154,
        "fid_baseline": 237.55478896111822,
        "delta_fid": 13.452798413373984,
        "delta_fid_ratio": 0.056630297676616696,
        "classifier_acc": null
      },
      "vangogh": {
        "count": 30,
        "clip_dir": 0.4938642293214798,
        "clip_style": 0.6711608231067657,
        "style_lpips": 0.7467928131421407,
        "content_lpips": 0.43236197966666673,
        "clip_content": 0.8299383706666666,
        "fid_style": 297.71643196689797,
        "art_fid": 427.87005985106913,
        "fid_baseline": 313.3414404549672,
        "delta_fid": 15.625008488069227,
        "delta_fid_ratio": 0.049865758149901726,
        "classifier_acc": null
      },
      "cezanne": {
        "count": 30,
        "clip_dir": 0.4515819986661275,
        "clip_style": 0.6280786732832591,
        "style_lpips": 0.7181059996287028,
        "content_lpips": 0.38695065466666684,
        "clip_content": 0.8363370303333333,
        "fid_style": 284.4339980172091,
        "art_fid": 395.8828704140922,
        "fid_baseline": 317.94764662800304,
        "delta_fid": 33.51364861079395,
        "delta_fid_ratio": 0.10540618547180106,
        "classifier_acc": null
      }
    },
    "Hayao": {
      "photo": {
        "count": 30,
        "clip_dir": 0.2624534584581852,
        "clip_style": 0.5356240113576253,
        "style_lpips": 0.7695189197858174,
        "content_lpips": 0.35884919733333337,
        "clip_content": 0.9078520006666667,
        "fid_style": null,
        "art_fid": null,
        "fid_baseline": null,
        "delta_fid": null,
        "delta_fid_ratio": null,
        "classifier_acc": null
      },
      "Hayao": {
        "count": 30,
        "clip_dir": 0.31537594869732855,
        "clip_style": 0.85433243115743,
        "style_lpips": 0.7209040880203247,
        "content_lpips": 0.2074572193333333,
        "clip_content": 0.939656305,
        "fid_style": null,
        "art_fid": null,
        "fid_baseline": null,
        "delta_fid": null,
        "delta_fid_ratio": null,
        "classifier_acc": null
      },
      "monet": {
        "count": 30,
        "clip_dir": 0.27565170675516126,
        "clip_style": 0.4933028340339661,
        "style_lpips": 0.7407762805620829,
        "content_lpips": 0.34683470499999997,
        "clip_content": 0.9019810906666668,
        "fid_style": null,
        "art_fid": null,
        "fid_baseline": null,
        "delta_fid": null,
        "delta_fid_ratio": null,
        "classifier_acc": null
      },
      "vangogh": {
        "count": 30,
        "clip_dir": 0.35873902241388955,
        "clip_style": 0.5886189639568329,
        "style_lpips": 0.7490425924460093,
        "content_lpips": 0.34637355799999997,
        "clip_content": 0.8934557986666668,
        "fid_style": null,
        "art_fid": null,
        "fid_baseline": null,
        "delta_fid": null,
        "delta_fid_ratio": null,
        "classifier_acc": null
      },
      "cezanne": {
        "count": 30,
        "clip_dir": 0.2897128609319528,
        "clip_style": 0.5408157537380854,
        "style_lpips": 0.7243755181630452,
        "content_lpips": 0.31278751133333327,
        "clip_content": 0.9150294339999999,
        "fid_style": null,
        "art_fid": null,
        "fid_baseline": null,
        "delta_fid": null,
        "delta_fid_ratio": null,
        "classifier_acc": null
      }
    },
    "monet": {
      "photo": {
        "count": 30,
        "clip_dir": 0.5081729153792064,
        "clip_style": 0.7241252700487772,
        "style_lpips": 0.7529491623242696,
        "content_lpips": 0.4096299273333333,
        "clip_content": 0.8439604789999999,
        "fid_style": null,
        "art_fid": null,
        "fid_baseline": null,
        "delta_fid": null,
        "delta_fid_ratio": null,
        "classifier_acc": null
      },
      "Hayao": {
        "count": 30,
        "clip_dir": 0.5285651723543803,
        "clip_style": 0.6237809767325719,
        "style_lpips": 0.7479240854581197,
        "content_lpips": 0.47344100966666675,
        "clip_content": 0.817373887,
        "fid_style": null,
        "art_fid": null,
        "fid_baseline": null,
        "delta_fid": null,
        "delta_fid_ratio": null,
        "classifier_acc": null
      },
      "monet": {
        "count": 30,
        "clip_dir": 0.2894405836549898,
        "clip_style": 0.8293594559033711,
        "style_lpips": 0.7024754444758098,
        "content_lpips": 0.34694862299999996,
        "clip_content": 0.8939670233333333,
        "fid_style": null,
        "art_fid": null,
        "fid_baseline": null,
        "delta_fid": null,
        "delta_fid_ratio": null,
        "classifier_acc": null
      },
      "vangogh": {
        "count": 30,
        "clip_dir": 0.38364646782477696,
        "clip_style": 0.8060286641120911,
        "style_lpips": 0.7388337035973866,
        "content_lpips": 0.39540695966666667,
        "clip_content": 0.8666201169999999,
        "fid_style": null,
        "art_fid": null,
        "fid_baseline": null,
        "delta_fid": null,
        "delta_fid_ratio": null,
        "classifier_acc": null
      },
      "cezanne": {
        "count": 30,
        "clip_dir": 0.3705970361828804,
        "clip_style": 0.7986213604609171,
        "style_lpips": 0.7113446950912475,
        "content_lpips": 0.38050921233333335,
        "clip_content": 0.8769134973333335,
        "fid_style": null,
        "art_fid": null,
        "fid_baseline": null,
        "delta_fid": null,
        "delta_fid_ratio": null,
        "classifier_acc": null
      }
    },
    "vangogh": {
      "photo": {
        "count": 30,
        "clip_dir": 0.4702997217575709,
        "clip_style": 0.6850938479105632,
        "style_lpips": 0.752159305413564,
        "content_lpips": 0.4799943673333332,
        "clip_content": 0.8205978226666667,
        "fid_style": null,
        "art_fid": null,
        "fid_baseline": null,
        "delta_fid": null,