{
  "checkpoint": "../full_250_strong-style/epoch_0050.pt",
  "timestamp": "2026-02-10 15:11:57",
  "matrix_breakdown": {
    "photo": {
      "photo": {
        "count": 50,
        "clip_style": 0.5737107694149017,
        "style_lpips": 0.0,
        "content_lpips": 0.0,
        "clip_content": 0.6213283112,
        "classifier_acc": 0.84
      },
      "Hayao": {
        "count": 50,
        "clip_style": 0.0,
        "style_lpips": 0.0,
        "content_lpips": 0.0,
        "clip_content": 0.6525845024,
        "classifier_acc": 0.32
      }
    }
  },
  "analysis": {
    "style_transfer_ability": {
      "clip_style": 0.0,
      "content_lpips": 0.0,
      "classifier_acc": 0.32
    },
    "photo_to_art_performance": {
      "clip_style": 0.0,
      "valid": true,
      "classifier_acc": 0.32
    }
  },
  "classification_report": {
    "Hayao": {
      "precision": 0.6666666666666666,
      "recall": 0.32,
      "f1-score": 0.43243243243243246,
      "support": 50.0
    },
    "photo": {
      "precision": 0.5526315789473685,
      "recall": 0.84,
      "f1-score": 0.6666666666666666,
      "support": 50.0
    },
    "accuracy": 0.58,
    "macro avg": {
      "precision": 0.6096491228070176,
      "recall": 0.58,
      "f1-score": 0.5495495495495495,
      "support": 100.0
    },
    "weighted avg": {
      "precision": 0.6096491228070176,
      "recall": 0.58,
      "f1-score": 0.5495495495495495,
      "support": 100.0
    }
  },
  "detailed_style_metrics": {
    "Hayao": {
      "precision": 0.6666666666666666,
      "recall": 0.32,
      "f1_score": 0.43243243243243246,
      "support": 50
    },
    "photo": {
      "precision": 0.5526315789473685,
      "recall": 0.84,
      "f1_score": 0.6666666666666666,
      "support": 50
    }
  }
}