{
  "checkpoint": "..\\inject_I2_hires_decoder_only\\epoch_0080.pt",
  "timestamp": "2026-03-05 02:04:40",
  "metrics_note": {
    "clip_dir": "cos( CLIP(gen)-CLIP(src), CLIP(target_style_proto)-CLIP(src) ) - Measures edit direction.",
    "clip_style": "cos( CLIP(gen), CLIP(target_style_proto) ) - Measures absolute style similarity.",
    "fid_baseline": "FID between source-domain images and target-style references.",
    "fid": "FID between generated images and target-style real references (Inception features).",
    "delta_fid": "fid_baseline - fid (higher is better).",
    "delta_fid_ratio": "delta_fid / fid_baseline (relative improvement ratio).",
    "art_fid": "computed as (1 + fid_style) * (1 + content_lpips)"
  },
  "matrix_breakdown": {
    "photo": {
      "photo": {
        "count": 30,
        "clip_dir": 0.5319413353999456,
        "clip_style": 0.7933799445629119,
        "style_lpips": 0.7276846528053283,
        "content_lpips": 0.47310759766666666,
        "clip_content": 0.7631731810000001,
        "fid_style": null,
        "art_fid": null,
        "fid_baseline": null,
        "delta_fid": null,
        "delta_fid_ratio": null,
        "classifier_acc": null
      },
      "Hayao": {
        "count": 30,
        "clip_dir": 0.6091292868057887,
        "clip_style": 0.6665201524893443,
        "style_lpips": 0.7184274276097615,
        "content_lpips": 0.5760691096666667,
        "clip_content": 0.6926770193333333,
        "fid_style": 362.0339859866027,
        "art_fid": 572.1666510726461,
        "fid_baseline": 334.729000932728,
        "delta_fid": -27.304985053874702,
        "delta_fid_ratio": -0.0815734070779314,
        "classifier_acc": null
      },
      "monet": {
        "count": 30,
        "clip_dir": 0.5152789046367009,
        "clip_style": 0.6682907601197561,
        "style_lpips": 0.7131977657477061,
        "content_lpips": 0.4787386026666666,
        "clip_content": 0.7636110893333332,
        "fid_style": 247.82112964829386,
        "art_fid": 367.9414095700596,
        "fid_baseline": 237.55478896111822,
        "delta_fid": -10.266340687175642,
        "delta_fid_ratio": -0.04321672794757249,
        "classifier_acc": null
      },
      "vangogh": {
        "count": 30,
        "clip_dir": 0.5944643865029017,
        "clip_style": 0.709511403242747,
        "style_lpips": 0.7366621176401774,
        "content_lpips": 0.5568772753333334,
        "clip_content": 0.7287646653333332,
        "fid_style": 321.8047543678255,
        "art_fid": 502.5673864448262,
        "fid_baseline": 313.3414404549672,
        "delta_fid": -8.463313912858325,
        "delta_fid_ratio": -0.027009877469669243,
        "classifier_acc": null
      },
      "cezanne": {
        "count": 30,
        "clip_dir": 0.5542632013559341,
        "clip_style": 0.6602922439575195,
        "style_lpips": 0.7064841866493226,
        "content_lpips": 0.5384663966666666,
        "clip_content": 0.7139441176666668,
        "fid_style": 330.76330035815,
        "art_fid": 510.4066892482441,
        "fid_baseline": 317.94764662800304,
        "delta_fid": -12.815653730146948,
        "delta_fid_ratio": -0.04030743383718512,
        "classifier_acc": null
      }
    },
    "Hayao": {
      "photo": {
        "count": 30,
        "clip_dir": 0.4550861845413844,
        "clip_style": 0.6031578083833059,
        "style_lpips": 0.7389639973640442,
        "content_lpips": 0.46996589499999997,
        "clip_content": 0.8038597636666667,
        "fid_style": null,
        "art_fid": null,
        "fid_baseline": null,
        "delta_fid": null,
        "delta_fid_ratio": null,
        "classifier_acc": null
      },
      "Hayao": {
        "count": 30,
        "clip_dir": 0.40870541830857593,
        "clip_style": 0.8450028498967489,
        "style_lpips": 0.7061628778775533,
        "content_lpips": 0.3373511233333332,
        "clip_content": 0.887438386,
        "fid_style": null,
        "art_fid": null,
        "fid_baseline": null,
        "delta_fid": null,
        "delta_fid_ratio": null,
        "classifier_acc": null
      },
      "monet": {
        "count": 30,
        "clip_dir": 0.4134251058101654,
        "clip_style": 0.5350373029708863,
        "style_lpips": 0.7258868853251139,
        "content_lpips": 0.45329533333333333,
        "clip_content": 0.7925128933333332,
        "fid_style": null,
        "art_fid": null,
        "fid_baseline": null,
        "delta_fid": null,
        "delta_fid_ratio": null,
        "classifier_acc": null
      },
      "vangogh": {
        "count": 30,
        "clip_dir": 0.49972794353961947,
        "clip_style": 0.6356305778026581,
        "style_lpips": 0.7381362934907277,
        "content_lpips": 0.4536883016666666,
        "clip_content": 0.7824393086666668,
        "fid_style": null,
        "art_fid": null,
        "fid_baseline": null,
        "delta_fid": null,
        "delta_fid_ratio": null,
        "classifier_acc": null
      },
      "cezanne": {
        "count": 30,
        "clip_dir": 0.41909984648227694,
        "clip_style": 0.5770988384882609,
        "style_lpips": 0.7079507072766622,
        "content_lpips": 0.429320146,
        "clip_content": 0.8253396463333335,
        "fid_style": null,
        "art_fid": null,
        "fid_baseline": null,
        "delta_fid": null,
        "delta_fid_ratio": null,
        "classifier_acc": null
      }
    },
    "monet": {
      "photo": {
        "count": 30,
        "clip_dir": 0.5702106446027756,
        "clip_style": 0.7419229924678803,
        "style_lpips": 0.7328352431456248,
        "content_lpips": 0.48792908566666665,
        "clip_content": 0.7806330193333333,
        "fid_style": null,
        "art_fid": null,
        "fid_baseline": null,
        "delta_fid": null,
        "delta_fid_ratio": null,
        "classifier_acc": null
      },
      "Hayao": {
        "count": 30,
        "clip_dir": 0.5906380405028661,
        "clip_style": 0.6554371356964112,
        "style_lpips": 0.7315199156602223,
        "content_lpips": 0.5668642023333332,
        "clip_content": 0.7275146863333333,
        "fid_style": null,
        "art_fid": null,
        "fid_baseline": null,
        "delta_fid": null,
        "delta_fid_ratio": null,
        "classifier_acc": null
      },
      "monet": {
        "count": 30,
        "clip_dir": 0.42211207151412966,
        "clip_style": 0.8222812533378601,
        "style_lpips": 0.6910350263118744,
        "content_lpips": 0.4574189823333334,
        "clip_content": 0.8297476743333333,
        "fid_style": null,
        "art_fid": null,
        "fid_baseline": null,
        "delta_fid": null,
        "delta_fid_ratio": null,
        "classifier_acc": null
      },
      "vangogh": {
        "count": 30,
        "clip_dir": 0.455203319589297,
        "clip_style": 0.7973734319210053,
        "style_lpips": 0.7279690206050873,
        "content_lpips": 0.4961046120000001,
        "clip_content": 0.8079664713333334,
        "fid_style": null,
        "art_fid": null,
        "fid_baseline": null,
        "delta_fid": null,
        "delta_fid_ratio": null,
        "classifier_acc": null
      },
      "cezanne": {
        "count": 30,
        "clip_dir": 0.45705408503611883,
        "clip_style": 0.7628750721613566,
        "style_lpips": 0.7014029324054718,
        "content_lpips": 0.5118969796666667,
        "clip_content": 0.7582134580000001,
        "fid_style": null,
        "art_fid": null,
        "fid_baseline": null,
        "delta_fid": null,
        "delta_fid_ratio": null,
        "classifier_acc": null
      }
    },
    "vangogh": {
      "photo": {
        "count": 30,
        "clip_dir": 0.5666800975799561,
        "clip_style": 0.7185814340909322,
        "style_lpips": 0.7312844077746073,
        "content_lpips": 0.520044284,
        "clip_content": 0.7490768223333334,
        "fid_style": null,
        "art_fid": null,
        "fid_baseline": null,
        "delta_fid": null,