{
  "checkpoint": "G:\\GitHub\\Latent_Style\\Cycle-NCE\\ssim-optun-nce\\trial_0231\\epoch_0001.pt",
  "timestamp": "2026-02-20 13:25:49",
  "matrix_breakdown": {
    "photo": {
      "photo": {
        "count": 10,
        "style_swd": 1.8516694247722625,
        "content_ssim": 0.33768273199999993,
        "classifier_acc": null
      },
      "Hayao": {
        "count": 10,
        "style_swd": 2.2916138976812364,
        "content_ssim": 0.347626337,
        "classifier_acc": null
      },
      "monet": {
        "count": 10,
        "style_swd": 1.1419905602931977,
        "content_ssim": 0.33014015799999996,
        "classifier_acc": null
      },
      "cezanne": {
        "count": 10,
        "style_swd": 1.222023594379425,
        "content_ssim": 0.275307485,
        "classifier_acc": null
      },
      "vangogh": {
        "count": 10,
        "style_swd": 2.1789618849754335,
        "content_ssim": 0.298122123,
        "classifier_acc": null
      }
    },
    "Hayao": {
      "photo": {
        "count": 10,
        "style_swd": 1.8676645636558533,
        "content_ssim": 0.486875747,
        "classifier_acc": null
      },
      "Hayao": {
        "count": 10,
        "style_swd": 1.990435579419136,
        "content_ssim": 0.541500123,
        "classifier_acc": null
      },
      "monet": {
        "count": 10,
        "style_swd": 1.1767486542463304,
        "content_ssim": 0.5520872160000001,
        "classifier_acc": null
      },
      "cezanne": {
        "count": 10,
        "style_swd": 1.269633138179779,
        "content_ssim": 0.5128969480000001,
        "classifier_acc": null
      },
      "vangogh": {
        "count": 10,
        "style_swd": 2.239552104473114,
        "content_ssim": 0.485721848,
        "classifier_acc": null
      }
    },
    "monet": {
      "photo": {
        "count": 10,
        "style_swd": 1.8731223165988922,
        "content_ssim": 0.334696326,
        "classifier_acc": null
      },
      "Hayao": {
        "count": 10,
        "style_swd": 2.3299203395843504,
        "content_ssim": 0.40621449200000004,
        "classifier_acc": null
      },
      "monet": {
        "count": 10,
        "style_swd": 1.198053252696991,
        "content_ssim": 0.349814089,
        "classifier_acc": null
      },
      "cezanne": {
        "count": 10,
        "style_swd": 1.0558725863695144,
        "content_ssim": 0.267908004,
        "classifier_acc": null
      },
      "vangogh": {
        "count": 10,
        "style_swd": 2.2891762375831606,
        "content_ssim": 0.301572459,
        "classifier_acc": null
      }
    },
    "cezanne": {
      "photo": {
        "count": 10,
        "style_swd": 1.7912857353687286,
        "content_ssim": 0.40339970599999997,
        "classifier_acc": null
      },
      "Hayao": {
        "count": 10,
        "style_swd": 2.0084184437990187,
        "content_ssim": 0.493272485,
        "classifier_acc": null
      },
      "monet": {
        "count": 10,
        "style_swd": 1.200804591178894,
        "content_ssim": 0.43436233699999993,
        "classifier_acc": null
      },
      "cezanne": {
        "count": 10,
        "style_swd": 1.0624018877744674,
        "content_ssim": 0.36112376500000004,
        "classifier_acc": null
      },
      "vangogh": {
        "count": 10,
        "style_swd": 2.1908110976219177,
        "content_ssim": 0.38795606699999996,
        "classifier_acc": null
      }
    },
    "vangogh": {
      "photo": {
        "count": 10,
        "style_swd": 1.9654936850070954,
        "content_ssim": 0.28691392399999993,
        "classifier_acc": null
      },
      "Hayao": {
        "count": 10,
        "style_swd": 1.716711238026619,
        "content_ssim": 0.39595942900000003,
        "classifier_acc": null
      },
      "monet": {
        "count": 10,
        "style_swd": 1.1685057610273362,
        "content_ssim": 0.315911681,
        "classifier_acc": null
      },
      "cezanne": {
        "count": 10,
        "style_swd": 1.0213362246751785,
        "content_ssim": 0.273921903,
        "classifier_acc": null
      },
      "vangogh": {
        "count": 10,
        "style_swd": 2.097483140230179,
        "content_ssim": 0.284920778,
        "classifier_acc": null
      }
    }
  },
  "analysis": {
    "style_transfer_ability": {
      "style_swd": 1.6999823327362538,
      "content_ssim": 0.37954333375000004,
      "classifier_acc": 0.0
    },
    "photo_to_art_performance": {
      "style_swd": 1.7086474843323232,
      "valid": true,
      "classifier_acc": 0.0
    }
  },
  "classification_report": null,
  "detailed_style_metrics": {}
}