{
  "checkpoint": "../photo-vangogh/epoch_0100.pt",
  "timestamp": "2026-02-04 04:14:23",
  "matrix_breakdown": {
    "photo": {
      "photo": {
        "count": 30,
        "clip_style": 0.5950932761033376,
        "style_lpips": 0.7285327136516571,
        "content_lpips": 0.36075770500000004,
        "clip_content": 0.8080226693333334
      },
      "vangogh": {
        "count": 30,
        "clip_style": 0.6014261384805043,
        "style_lpips": 0.7331997513771057,
        "content_lpips": 0.585537577,
        "clip_content": 0.7153684633333334
      }
    },
    "vangogh": {
      "photo": {
        "count": 30,
        "clip_style": 0.5604529589414596,
        "style_lpips": 0.7594128946463267,
        "content_lpips": 0.469338401,
        "clip_content": 0.8105692243333333
      },
      "vangogh": {
        "count": 30,
        "clip_style": 0.6726628045241038,
        "style_lpips": 0.7331044753392537,
        "content_lpips": 0.5089294196666667,
        "clip_content": 0.7748825266666667
      }
    }
  },
  "analysis": {
    "style_transfer_ability": {
      "clip_style": 0.580939548710982,
      "content_lpips": 0.527437989
    },
    "photo_to_art_performance": {
      "clip_style": 0.6014261384805043,
      "valid": true
    }
  }
}