{
  "checkpoint": "../photo-vangogh/epoch_0350.pt",
  "timestamp": "2026-02-04 06:54:53",
  "matrix_breakdown": {
    "photo": {
      "photo": {
        "count": 30,
        "clip_style": 0.5996333062648773,
        "style_lpips": 0.733826074997584,
        "content_lpips": 0.35327311699999997,
        "clip_content": 0.8180379776666667
      },
      "vangogh": {
        "count": 30,
        "clip_style": 0.5937267551819484,
        "style_lpips": 0.7338930090268453,
        "content_lpips": 0.47617204266666663,
        "clip_content": 0.770592956
      }
    },
    "vangogh": {
      "photo": {
        "count": 30,
        "clip_style": 0.534573084115982,
        "style_lpips": 0.7713522672653198,
        "content_lpips": 0.4159458816666667,
        "clip_content": 0.8569053889999998
      },
      "vangogh": {
        "count": 30,
        "clip_style": 0.6815679887930552,
        "style_lpips": 0.7411488314469655,
        "content_lpips": 0.4572498059999999,
        "clip_content": 0.8202034763333333
      }
    }
  },
  "analysis": {
    "style_transfer_ability": {
      "clip_style": 0.5641499196489652,
      "content_lpips": 0.44605896216666663
    },
    "photo_to_art_performance": {
      "clip_style": 0.5937267551819484,
      "valid": true
    }
  }
}