{
  "checkpoint": "../photo-vangogh/epoch_0300.pt",
  "timestamp": "2026-02-04 06:22:42",
  "matrix_breakdown": {
    "photo": {
      "photo": {
        "count": 30,
        "clip_style": 0.6020564685265223,
        "style_lpips": 0.7326650102933248,
        "content_lpips": 0.3597459973333334,
        "clip_content": 0.8121105890000001
      },
      "vangogh": {
        "count": 30,
        "clip_style": 0.5905478676160176,
        "style_lpips": 0.7313694636027018,
        "content_lpips": 0.48572429833333325,
        "clip_content": 0.7584030526666666
      }
    },
    "vangogh": {
      "photo": {
        "count": 30,
        "clip_style": 0.5303697496652603,
        "style_lpips": 0.768634190162023,
        "content_lpips": 0.4159306506666667,
        "clip_content": 0.8612026936666667
      },
      "vangogh": {
        "count": 30,
        "clip_style": 0.682254167397817,
        "style_lpips": 0.7340272784233093,
        "content_lpips": 0.47067702833333336,
        "clip_content": 0.8087367403333334
      }
    }
  },
  "analysis": {
    "style_transfer_ability": {
      "clip_style": 0.560458808640639,
      "content_lpips": 0.45082747449999994
    },
    "photo_to_art_performance": {
      "clip_style": 0.5905478676160176,
      "valid": true
    }
  }
}