{
  "num_rounds": 3,
  "latest": {
    "epoch": 60,
    "summary_path": "..\\abl_no_hf_swd\\full_eval\\epoch_0060\\summary.json",
    "transfer_clip_style": 0.6669125863909722,
    "transfer_content_lpips": 0.4546445474333334,
    "transfer_fid": 289.93324590559666,
    "transfer_art_fid": 430.59458646768735,
    "transfer_classifier_acc": 0.0,
    "photo_to_art_clip_style": 0.6491552690664928,
    "photo_to_art_fid": 289.93324590559666,
    "photo_to_art_art_fid": 430.59458646768735,
    "photo_to_art_classifier_acc": 0.0
  },
  "mean": {
    "transfer_clip_style": 0.6625907984872659,
    "transfer_content_lpips": 0.44158083922222224,
    "transfer_fid": 292.1744252209365,
    "transfer_art_fid": 428.99891685794927,
    "transfer_classifier_acc": 0.0,
    "photo_to_art_clip_style": 0.6428125239080854,
    "photo_to_art_fid": 292.1744252209365,
    "photo_to_art_art_fid": 428.99891685794927,
    "photo_to_art_classifier_acc": 0.0
  },
  "best": {
    "best_transfer_classifier_acc": {
      "epoch": 20,
      "summary_path": "..\\abl_no_hf_swd\\full_eval\\epoch_0020\\summary.json",
      "transfer_clip_style": 0.6578276203076044,
      "transfer_content_lpips": 0.42806294075,
      "transfer_fid": 295.01738192358414,
      "transfer_art_fid": 427.8029942784497,
      "transfer_classifier_acc": 0.0,
      "photo_to_art_clip_style": 0.6356435557206472,
      "photo_to_art_fid": 295.01738192358414,
      "photo_to_art_art_fid": 427.8029942784497,
      "photo_to_art_classifier_acc": 0.0
    },
    "best_transfer_clip_style": {
      "epoch": 60,
      "summary_path": "..\\abl_no_hf_swd\\full_eval\\epoch_0060\\summary.json",
      "transfer_clip_style": 0.6669125863909722,
      "transfer_content_lpips": 0.4546445474333334,
      "transfer_fid": 289.93324590559666,
      "transfer_art_fid": 430.59458646768735,
      "transfer_classifier_acc": 0.0,
      "photo_to_art_clip_style": 0.6491552690664928,
      "photo_to_art_fid": 289.93324590559666,
      "photo_to_art_art_fid": 430.59458646768735,
      "photo_to_art_classifier_acc": 0.0
    },
    "best_transfer_fid": {
      "epoch": 60,
      "summary_path": "..\\abl_no_hf_swd\\full_eval\\epoch_0060\\summary.json",
      "transfer_clip_style": 0.6669125863909722,
      "transfer_content_lpips": 0.4546445474333334,
      "transfer_fid": 289.93324590559666,
      "transfer_art_fid": 430.59458646768735,
      "transfer_classifier_acc": 0.0,
      "photo_to_art_clip_style": 0.6491552690664928,
      "photo_to_art_fid": 289.93324590559666,
      "photo_to_art_art_fid": 430.59458646768735,
      "photo_to_art_classifier_acc": 0.0
    },
    "best_transfer_art_fid": {
      "epoch": 20,
      "summary_path": "..\\abl_no_hf_swd\\full_eval\\epoch_0020\\summary.json",
      "transfer_clip_style": 0.6578276203076044,
      "transfer_content_lpips": 0.42806294075,
      "transfer_fid": 295.01738192358414,
      "transfer_art_fid": 427.8029942784497,
      "transfer_classifier_acc": 0.0,
      "photo_to_art_clip_style": 0.6356435557206472,
      "photo_to_art_fid": 295.01738192358414,
      "photo_to_art_art_fid": 427.8029942784497,
      "photo_to_art_classifier_acc": 0.0
    },
    "best_photo_to_art_classifier_acc": {
      "epoch": 20,
      "summary_path": "..\\abl_no_hf_swd\\full_eval\\epoch_0020\\summary.json",
      "transfer_clip_style": 0.6578276203076044,
      "transfer_content_lpips": 0.42806294075,
      "transfer_fid": 295.01738192358414,
      "transfer_art_fid": 427.8029942784497,
      "transfer_classifier_acc": 0.0,
      "photo_to_art_clip_style": 0.6356435557206472,
      "photo_to_art_fid": 295.01738192358414,
      "photo_to_art_art_fid": 427.8029942784497,
      "photo_to_art_classifier_acc": 0.0
    },
    "best_photo_to_art_clip_style": {
      "epoch": 60,
      "summary_path": "..\\abl_no_hf_swd\\full_eval\\epoch_0060\\summary.json",
      "transfer_clip_style": 0.6669125863909722,
      "transfer_content_lpips": 0.4546445474333334,
      "transfer_fid": 289.93324590559666,
      "transfer_art_fid": 430.59458646768735,
      "transfer_classifier_acc": 0.0,
      "photo_to_art_clip_style": 0.6491552690664928,
      "photo_to_art_fid": 289.93324590559666,
      "photo_to_art_art_fid": 430.59458646768735,
      "photo_to_art_classifier_acc": 0.0
    },
    "best_photo_to_art_fid": {
      "epoch": 60,
      "summary_path": "..\\abl_no_hf_swd\\full_eval\\epoch_0060\\summary.json",
      "transfer_clip_style": 0.6669125863909722,
      "transfer_content_lpips": 0.4546445474333334,
      "transfer_fid": 289.93324590559666,
      "transfer_art_fid": 430.59458646768735,
      "transfer_classifier_acc": 0.0,
      "photo_to_art_clip_style": 0.6491552690664928,
      "photo_to_art_fid": 289.93324590559666,
      "photo_to_art_art_fid": 430.59458646768735,
      "photo_to_art_classifier_acc": 0.0
    },
    "best_photo_to_art_art_fid": {
      "epoch": 20,
      "summary_path": "..\\abl_no_hf_swd\\full_eval\\epoch_0020\\summary.json",
      "transfer_clip_style": 0.6578276203076044,
      "transfer_content_lpips": 0.42806294075,
      "transfer_fid": 295.01738192358414,
      "transfer_art_fid": 427.8029942784497,
      "transfer_classifier_acc": 0.0,
      "photo_to_art_clip_style": 0.6356435557206472,
      "photo_to_art_fid": 295.01738192358414,
      "photo_to_art_art_fid": 427.8029942784497,
      "photo_to_art_classifier_acc": 0.0
    },
    "best_transfer_content_lpips": {
      "epoch": 20,
      "summary_path": "..\\abl_no_hf_swd\\full_eval\\epoch_0020\\summary.json",
      "transfer_clip_style": 0.6578276203076044,
      "transfer_content_lpips": 0.42806294075,
      "transfer_fid": 295.01738192358414,
      "transfer_art_fid": 427.8029942784497,
      "transfer_classifier_acc": 0.0,
      "photo_to_art_clip_style": 0.6356435557206472,
      "photo_to_art_fid": 295.01738192358414,
      "photo_to_art_art_fid": 427.8029942784497,
      "photo_to_art_classifier_acc": 0.0
    }
  },
  "rounds": [
    {
      "epoch": 20,
      "summary_path": "..\\abl_no_hf_swd\\full_eval\\epoch_0020\\summary.json",
      "transfer_clip_style": 0.6578276203076044,
      "transfer_content_lpips": 0.42806294075,
      "transfer_fid": 295.01738192358414,
      "transfer_art_fid": 427.8029942784497,
      "transfer_classifier_acc": 0.0,
      "photo_to_art_clip_style": 0.6356435557206472,
      "photo_to_art_fid": 295.01738192358414,
      "photo_to_art_art_fid": 427.8029942784497,
      "photo_to_art_classifier_acc": 0.0
    },
    {
      "epoch": 40,
      "summary_path": "..\\abl_no_hf_swd\\full_eval\\epoch_0040\\summary.json",
      "transfer_clip_style": 0.6630321887632211,
      "transfer_content_lpips": 0.4420350294833334,
      "transfer_fid": 291.5726478336287,
      "transfer_art_fid": 428.5991698277107,
      "transfer_classifier_acc": 0.0,
      "photo_to_art_clip_style": 0.6436387469371161,
      "photo_to_art_fid": 291.5726478336287,
      "photo_to_art_art_fid": 428.5991698277107,
      "photo_to_art_classifier_acc": 0.0
    },
    {
      "epoch": 60,
      "summary_path": "..\\abl_no_hf_swd\\full_eval\\epoch_0060\\summary.json",
      "transfer_clip_style": 0.6669125863909722,
      "transfer_content_lpips": 0.4546445474333334,
      "transfer_fid": 289.93324590559666,
      "transfer_art_fid": 430.59458646768735,
      "transfer_classifier_acc": 0.0,
      "photo_to_art_clip_style": 0.6491552690664928,
      "photo_to_art_fid": 289.93324590559666,
      "photo_to_art_art_fid": 430.59458646768735,
      "photo_to_art_classifier_acc": 0.0
    }
  ],
  "updated_at": "2026-03-17 04:57:26"
}