{
  "checkpoint": "experiments\\20260223-micro5style-bs384\\runs\\exp08-phase2_150e-deep_cosine_lr5e4_min1e6\\artifacts\\epoch_0150.pt",
  "timestamp": "2026-02-24 18:48:14",
  "metrics_note": {
    "clip_dir": "cos( CLIP(gen)-CLIP(src), CLIP(target_style_proto)-CLIP(src) ) - Measures edit direction.",
    "clip_style": "cos( CLIP(gen), CLIP(target_style_proto) ) - Measures absolute style similarity.",
    "fid": "FID between generated images and target-style real references (Inception features).",
    "art_fid": "computed as (1 + fid_style) * (1 + content_lpips)"
  },
  "matrix_breakdown": {
    "cezanne": {
      "cezanne": {
        "count": 30,
        "clip_dir": 0.3374570168554783,
        "clip_style": 0.8118513683478038,
        "style_lpips": 0.7173229813575744,
        "content_lpips": 0.380134074,
        "clip_content": 0.8734207973333333,
        "fid_style": null,
        "art_fid": null,
        "classifier_acc": null
      },
      "Hayao": {
        "count": 30,
        "clip_dir": 0.42113816142082217,
        "clip_style": 0.5698124567667643,
        "style_lpips": 0.7413826684157053,
        "content_lpips": 0.4027824973333333,
        "clip_content": 0.8602578323333333,
        "fid_style": null,
        "art_fid": null,
        "classifier_acc": null
      },
      "monet": {
        "count": 30,
        "clip_dir": 0.25806179493665693,
        "clip_style": 0.7608047227064768,
        "style_lpips": 0.7322223822275797,
        "content_lpips": 0.35844618666666667,
        "clip_content": 0.8966765089999998,
        "fid_style": null,
        "art_fid": null,
        "classifier_acc": null
      },
      "photo": {
        "count": 30,
        "clip_dir": 0.41457753678162895,
        "clip_style": 0.6326759795347849,
        "style_lpips": 0.7473459601402282,
        "content_lpips": 0.4336498316666667,
        "clip_content": 0.85640703,
        "fid_style": null,
        "art_fid": null,
        "classifier_acc": null
      },
      "vangogh": {
        "count": 30,
        "clip_dir": 0.3388920952876409,
        "clip_style": 0.7677218715349833,
        "style_lpips": 0.750285667181015,
        "content_lpips": 0.39976054733333327,
        "clip_content": 0.844235063,
        "fid_style": null,
        "art_fid": null,
        "classifier_acc": null
      }
    },
    "Hayao": {
      "cezanne": {
        "count": 30,
        "clip_dir": 0.30882493654886883,
        "clip_style": 0.5379612137873967,
        "style_lpips": 0.7552429497241974,
        "content_lpips": 0.34829375366666665,
        "clip_content": 0.8888891986666666,
        "fid_style": null,
        "art_fid": null,
        "classifier_acc": null
      },
      "Hayao": {
        "count": 30,
        "clip_dir": 0.23011778487513462,
        "clip_style": 0.8146573841571808,
        "style_lpips": 0.7333721737066905,
        "content_lpips": 0.263813915,
        "clip_content": 0.9189524313333332,
        "fid_style": null,
        "art_fid": null,
        "classifier_acc": null
      },
      "monet": {
        "count": 30,
        "clip_dir": 0.275805290043354,
        "clip_style": 0.4803117444117864,
        "style_lpips": 0.7688174287478129,
        "content_lpips": 0.3312093073333333,
        "clip_content": 0.8705226996666667,
        "fid_style": null,
        "art_fid": null,
        "classifier_acc": null
      },
      "photo": {
        "count": 30,
        "clip_dir": 0.31594252586364746,
        "clip_style": 0.5455000450213751,
        "style_lpips": 0.7710177640120188,
        "content_lpips": 0.411226664,
        "clip_content": 0.8650198083333335,
        "fid_style": null,
        "art_fid": null,
        "classifier_acc": null
      },
      "vangogh": {
        "count": 30,
        "clip_dir": 0.3825664152701696,
        "clip_style": 0.5829416314760844,
        "style_lpips": 0.7837301393349966,
        "content_lpips": 0.33917565,
        "clip_content": 0.8321258573333331,
        "fid_style": null,
        "art_fid": null,
        "classifier_acc": null
      }
    },
    "monet": {
      "cezanne": {
        "count": 30,
        "clip_dir": 0.3884328782558441,
        "clip_style": 0.7920968572298686,
        "style_lpips": 0.732535457611084,
        "content_lpips": 0.4301744106666667,
        "clip_content": 0.8522004836666667,
        "fid_style": null,
        "art_fid": null,
        "classifier_acc": null
      },
      "Hayao": {
        "count": 30,
        "clip_dir": 0.43129871984322865,
        "clip_style": 0.567407688498497,
        "style_lpips": 0.7540088454882304,
        "content_lpips": 0.464664726,
        "clip_content": 0.8357167746666668,
        "fid_style": null,
        "art_fid": null,
        "classifier_acc": null
      },
      "monet": {
        "count": 30,
        "clip_dir": 0.27053247472892206,
        "clip_style": 0.8222782174746196,
        "style_lpips": 0.7186402976512909,
        "content_lpips": 0.3952520929999999,
        "clip_content": 0.8914513403333334,
        "fid_style": null,
        "art_fid": null,
        "classifier_acc": null
      },
      "photo": {
        "count": 30,
        "clip_dir": 0.4676088631153107,
        "clip_style": 0.70696492989858,
        "style_lpips": 0.7486033240954081,
        "content_lpips": 0.437228574,
        "clip_content": 0.8445527846666665,
        "fid_style": null,
        "art_fid": null,
        "classifier_acc": null
      },
      "vangogh": {
        "count": 30,
        "clip_dir": 0.3636228675643603,
        "clip_style": 0.7837934056917827,
        "style_lpips": 0.7534521361192067,
        "content_lpips": 0.424436322,
        "clip_content": 0.836530776,
        "fid_style": null,
        "art_fid": null,
        "classifier_acc": null
      }
    },
    "photo": {
      "cezanne": {
        "count": 30,
        "clip_dir": 0.45944625238577524,
        "clip_style": 0.6326015969117482,
        "style_lpips": 0.7456240057945251,
        "content_lpips": 0.44332783333333325,
        "clip_content": 0.8306226876666668,
        "fid_style": 300.91325217361396,
        "art_fid": 435.7598001143625,
        "classifier_acc": null
      },
      "Hayao": {
        "count": 30,
        "clip_dir": 0.46598487893740337,
        "clip_style": 0.5891128281752268,
        "style_lpips": 0.75833025376002,
        "content_lpips": 0.4651798756666668,
        "clip_content": 0.8060946803333333,
        "fid_style": 330.8016050952865,
        "art_fid": 486.1490344995123,
        "classifier_acc": null
      },
      "monet": {
        "count": 30,
        "clip_dir": 0.31851672008633614,
        "clip_style": 0.6108326296011607,
        "style_lpips": 0.7440677762031556,
        "content_lpips": 0.3795476506666667,
        "clip_content": 0.881711761,
        "fid_style": 223.97734686547818,
        "art_fid": 310.36697032149016,
        "classifier_acc": null
      },
      "photo": {
        "count": 30,
        "clip_dir": 0.3056603449086348,
        "clip_style": 0.77833518187205,
        "style_lpips": 0.7500109374523163,
        "content_lpips": 0.37342466433333327,
        "clip_content": 0.8876027899999998,
        "fid_style": null,
        "art_fid": null,
        "classifier_acc": null
      },
      "vangogh": {
        "count": 30,
        "clip_dir": 0.46073488891124725,
        "clip_style": 0.6538380364576976,
        "style_lpips": 0.7823470453421275,
        "content_lpips": 0.49246363600000004,
        "clip_content": 0.8268511496666668,
        "fid_style": 307.6124011526247,
        "art_fid": 460.59278633893695,
        "classifier_acc": null
      }
    },
    "vangogh": {
      "cezanne": {
        "count": 30,
        "clip_dir": 0.3611558777590593,
        "clip_style": 0.7910432159900666,
        "style_lpips": 0.7323912819226582,
        "content_lpips": 0.39439979733333336,
        "clip_content": 0.8685290729999999,
        "fid_style": null,
        "art_fid": null,
        "classifier_acc": null
      },