{
  "checkpoint": "..\\1swd-dit-5style\\epoch_0040.pt",
  "timestamp": "2026-02-23 19:15:59",
  "metrics_note": {
    "clip_dir": "cos( CLIP(gen)-CLIP(src), CLIP(target_style_proto)-CLIP(src) ) - Measures edit direction.",
    "clip_style": "cos( CLIP(gen), CLIP(target_style_proto) ) - Measures absolute style similarity.",
    "art_fid": "computed as (1 + fid_style) * (1 + content_lpips)"
  },
  "matrix_breakdown": {
    "photo": {
      "photo": {
        "count": 50,
        "clip_dir": 0.32253594264388086,
        "clip_style": 0.791716319322586,
        "style_lpips": 0.7473982918262482,
        "content_lpips": 0.3050852606,
        "clip_content": 0.8979761844,
        "fid_style": null,
        "art_fid": null,
        "classifier_acc": null
      },
      "Hayao": {
        "count": 50,
        "clip_dir": 0.5143471366167068,
        "clip_style": 0.6268917042016983,
        "style_lpips": 0.7560944318771362,
        "content_lpips": 0.40654236520000003,
        "clip_content": 0.8224742241999999,
        "fid_style": null,
        "art_fid": null,
        "classifier_acc": null
      },
      "monet": {
        "count": 50,
        "clip_dir": 0.25993130713701246,
        "clip_style": 0.5904397678375244,
        "style_lpips": 0.754178956747055,
        "content_lpips": 0.29643334660000004,
        "clip_content": 0.9022782892,
        "fid_style": null,
        "art_fid": null,
        "classifier_acc": null
      },
      "vangogh": {
        "count": 50,
        "clip_dir": 0.41379469871520996,
        "clip_style": 0.6399464964866638,
        "style_lpips": 0.7885960936546326,
        "content_lpips": 0.431534244,
        "clip_content": 0.8634695944000002,
        "fid_style": null,
        "art_fid": null,
        "classifier_acc": null
      },
      "cezanne": {
        "count": 50,
        "clip_dir": 0.3573419886827469,
        "clip_style": 0.5883861088752746,
        "style_lpips": 0.760731920003891,
        "content_lpips": 0.3473750024,
        "clip_content": 0.8621632912,
        "fid_style": null,
        "art_fid": null,
        "classifier_acc": null
      }
    },
    "Hayao": {
      "photo": {
        "count": 50,
        "clip_dir": 0.20399914402514696,
        "clip_style": 0.5188779252767562,
        "style_lpips": 0.7762928628921508,
        "content_lpips": 0.34062761799999997,
        "clip_content": 0.9231819932,
        "fid_style": null,
        "art_fid": null,
        "classifier_acc": null
      },
      "Hayao": {
        "count": 50,
        "clip_dir": 0.27305265855044125,
        "clip_style": 0.8477658474445343,
        "style_lpips": 0.7280040490627289,
        "content_lpips": 0.1989034048,
        "clip_content": 0.9437672115999999,
        "fid_style": null,
        "art_fid": null,
        "classifier_acc": null
      },
      "monet": {
        "count": 50,
        "clip_dir": 0.14860014244914055,
        "clip_style": 0.44429622769355775,
        "style_lpips": 0.7757329535484314,
        "content_lpips": 0.2702869052,
        "clip_content": 0.9293628178,
        "fid_style": null,
        "art_fid": null,
        "classifier_acc": null
      },
      "vangogh": {
        "count": 50,
        "clip_dir": 0.2464713841676712,
        "clip_style": 0.5475399780273438,
        "style_lpips": 0.8130807065963745,
        "content_lpips": 0.31333919439999997,
        "clip_content": 0.9267001401999999,
        "fid_style": null,
        "art_fid": null,
        "classifier_acc": null
      },
      "cezanne": {
        "count": 50,
        "clip_dir": 0.17960522189736366,
        "clip_style": 0.49744009256362914,
        "style_lpips": 0.7668955338001251,
        "content_lpips": 0.235788884,
        "clip_content": 0.9313725504,
        "fid_style": null,
        "art_fid": null,
        "classifier_acc": null
      }
    },
    "monet": {
      "photo": {
        "count": 50,
        "clip_dir": 0.4245716804265976,
        "clip_style": 0.6932508504390716,
        "style_lpips": 0.7455588984489441,
        "content_lpips": 0.36100024859999996,
        "clip_content": 0.8879208733999999,
        "fid_style": null,
        "art_fid": null,
        "classifier_acc": null
      },
      "Hayao": {
        "count": 50,
        "clip_dir": 0.4870956587791443,
        "clip_style": 0.5955912870168686,
        "style_lpips": 0.7508348500728608,
        "content_lpips": 0.4354841468,
        "clip_content": 0.8706592839999998,
        "fid_style": null,
        "art_fid": null,
        "classifier_acc": null
      },
      "monet": {
        "count": 50,
        "clip_dir": 0.28472829625010493,
        "clip_style": 0.8336977279186248,
        "style_lpips": 0.7116072332859039,
        "content_lpips": 0.3393808278,
        "clip_content": 0.9026095014000001,
        "fid_style": null,
        "art_fid": null,
        "classifier_acc": null
      },
      "vangogh": {
        "count": 50,
        "clip_dir": 0.3816756561398506,
        "clip_style": 0.8044746232032776,
        "style_lpips": 0.7555667161941528,
        "content_lpips": 0.39426849500000005,
        "clip_content": 0.8806077338000001,
        "fid_style": null,
        "art_fid": null,
        "classifier_acc": null
      },
      "cezanne": {
        "count": 50,
        "clip_dir": 0.31376100301742554,
        "clip_style": 0.7865551340579987,
        "style_lpips": 0.7341805255413055,
        "content_lpips": 0.36552145199999997,
        "clip_content": 0.8944740646000001,
        "fid_style": null,
        "art_fid": null,
        "classifier_acc": null
      }
    },
    "vangogh": {
      "photo": {
        "count": 50,
        "clip_dir": 0.411009638607502,
        "clip_style": 0.6678125929832458,
        "style_lpips": 0.7531279838085174,
        "content_lpips": 0.3981557126,
        "clip_content": 0.8629941066,
        "fid_style": null,
        "art_fid": null,
        "classifier_acc": null
      },
      "Hayao": {
        "count": 50,
        "clip_dir": 0.46700658708810805,
        "clip_style": 0.6345816576480865,
        "style_lpips": 0.7506011855602265,
        "content_lpips": 0.39289259359999995,
        "clip_content": 0.8632150322000001,
        "fid_style": null,
        "art_fid": null,
        "classifier_acc": null
      },
      "monet": {
        "count": 50,
        "clip_dir": 0.2659395432472229,
        "clip_style": 0.7603028595447541,
        "style_lpips": 0.7405331611633301,
        "content_lpips": 0.3263514728,
        "clip_content": 0.8903396480000001,
        "fid_style": null,
        "art_fid": null,
        "classifier_acc": null
      },
      "vangogh": {
        "count": 50,
        "clip_dir": 0.25831387892365454,
        "clip_style": 0.805363940000534,
        "style_lpips": 0.741259491443634,
        "content_lpips": 0.3297162332,
        "clip_content": 0.8884393267999999,
        "fid_style": null,
        "art_fid": null,
        "classifier_acc": null
      },
      "cezanne": {
        "count": 50,
        "clip_dir": 0.27621243879199026,
        "clip_style": 0.7739545500278473,
        "style_lpips": 0.7375063991546631,
        "content_lpips": 0.3357933526,
        "clip_content": 0.8826433575999999,
        "fid_style": null,
        "art_fid": null,
        "classifier_acc": null
      }
    },
    "cezanne": {
      "photo": {
        "count": 50,
        "clip_dir": 0.4087589251995087,
        "clip_style": 0.6315554165840149,
        "style_lpips": 0.7481129825115204,
        "content_lpips": 0.38725740519999996,
        "clip_content": 0.862205614,
        "fid_style": null,
        "art_fid": null,
        "classifier_acc": null
      },
      "Hayao": {
        "count": 50,
        "clip_dir": 0.46508716881275175,
        "clip_style": 0.6023758345842362,
        "style_lpips": 0.7324608957767487,
        "content_lpips": 0.3676831192,
        "clip_content": 0.8693505098000002,
        "fid_style": null,
        "art_fid": null,
        "classifier_acc": null
      },