{
  "checkpoint": "G:\\GitHub\\Latent_Style\\Cycle-NCE\\ssim-optun-nce\\trial_0242\\epoch_0001.pt",
  "timestamp": "2026-02-20 14:06:18",
  "matrix_breakdown": {
    "photo": {
      "photo": {
        "count": 10,
        "style_swd": 1.8810782492160798,
        "content_ssim": 0.31730278,
        "classifier_acc": null
      },
      "Hayao": {
        "count": 10,
        "style_swd": 2.4106095641851426,
        "content_ssim": 0.328098071,
        "classifier_acc": null
      },
      "monet": {
        "count": 10,
        "style_swd": 1.1639714807271957,
        "content_ssim": 0.3414292689999999,
        "classifier_acc": null
      },
      "cezanne": {
        "count": 10,
        "style_swd": 1.1789385557174683,
        "content_ssim": 0.297751818,
        "classifier_acc": null
      },
      "vangogh": {
        "count": 10,
        "style_swd": 2.4011703073978423,
        "content_ssim": 0.319972697,
        "classifier_acc": null
      }
    },
    "Hayao": {
      "photo": {
        "count": 10,
        "style_swd": 1.8116294682025909,
        "content_ssim": 0.48022679299999993,
        "classifier_acc": null
      },
      "Hayao": {
        "count": 10,
        "style_swd": 2.0383540481328963,
        "content_ssim": 0.533674604,
        "classifier_acc": null
      },
      "monet": {
        "count": 10,
        "style_swd": 1.2121341139078141,
        "content_ssim": 0.57544342,
        "classifier_acc": null
      },
      "cezanne": {
        "count": 10,
        "style_swd": 1.1944000184535981,
        "content_ssim": 0.542735404,
        "classifier_acc": null
      },
      "vangogh": {
        "count": 10,
        "style_swd": 2.359755653142929,
        "content_ssim": 0.535780837,
        "classifier_acc": null
      }
    },
    "monet": {
      "photo": {
        "count": 10,
        "style_swd": 1.9348415315151215,
        "content_ssim": 0.33484398,
        "classifier_acc": null
      },
      "Hayao": {
        "count": 10,
        "style_swd": 2.563722848892212,
        "content_ssim": 0.398526926,
        "classifier_acc": null
      },
      "monet": {
        "count": 10,
        "style_swd": 1.2033045440912247,
        "content_ssim": 0.37275268799999994,
        "classifier_acc": null
      },
      "cezanne": {
        "count": 10,
        "style_swd": 0.9819653689861297,
        "content_ssim": 0.270464581,
        "classifier_acc": null
      },
      "vangogh": {
        "count": 10,
        "style_swd": 2.3287314116954803,
        "content_ssim": 0.336078272,
        "classifier_acc": null
      }
    },
    "cezanne": {
      "photo": {
        "count": 10,
        "style_swd": 1.8506223499774932,
        "content_ssim": 0.387466068,
        "classifier_acc": null
      },
      "Hayao": {
        "count": 10,
        "style_swd": 2.3573587000370027,
        "content_ssim": 0.46702273199999994,
        "classifier_acc": null
      },
      "monet": {
        "count": 10,
        "style_swd": 1.157427927851677,
        "content_ssim": 0.459741338,
        "classifier_acc": null
      },
      "cezanne": {
        "count": 10,
        "style_swd": 1.002278631925583,
        "content_ssim": 0.354720748,
        "classifier_acc": null
      },
      "vangogh": {
        "count": 10,
        "style_swd": 2.2040222942829133,
        "content_ssim": 0.425765164,
        "classifier_acc": null
      }
    },
    "vangogh": {
      "photo": {
        "count": 10,
        "style_swd": 1.917743057012558,
        "content_ssim": 0.287592731,
        "classifier_acc": null
      },
      "Hayao": {
        "count": 10,
        "style_swd": 1.9005370140075684,
        "content_ssim": 0.398013957,
        "classifier_acc": null
      },
      "monet": {
        "count": 10,
        "style_swd": 1.1911962270736693,
        "content_ssim": 0.343630222,
        "classifier_acc": null
      },
      "cezanne": {
        "count": 10,
        "style_swd": 0.9381665885448456,
        "content_ssim": 0.27435717740000004,
        "classifier_acc": null
      },
      "vangogh": {
        "count": 10,
        "style_swd": 2.0865281343460085,
        "content_ssim": 0.31267752699999996,
        "classifier_acc": null
      }
    }
  },
  "analysis": {
    "style_transfer_ability": {
      "style_swd": 1.7529472240805628,
      "content_ssim": 0.39024707286999993,
      "classifier_acc": 0.0
    },
    "photo_to_art_performance": {
      "style_swd": 1.7886724770069122,
      "valid": true,
      "classifier_acc": 0.0
    }
  },
  "classification_report": null,
  "detailed_style_metrics": {}
}