{
  "checkpoint": "/mnt/g/GitHub/Latent_Style/Cycle-NCE/style_ablation-50/bundle_content_guard_strict/epoch_0050.pt",
  "timestamp": "2026-02-14 16:44:07",
  "matrix_breakdown": {
    "photo": {
      "photo": {
        "count": 50,
        "clip_style": 0.6345213383436203,
        "style_lpips": 0.7364610421657563,
        "content_lpips": 0.4051204928,
        "clip_content": 0.818907545,
        "classifier_acc": 0.94
      },
      "Hayao": {
        "count": 50,
        "clip_style": 0.5417793548107147,
        "style_lpips": 0.7382921946048736,
        "content_lpips": 0.4583008164,
        "clip_content": 0.7641993004,
        "classifier_acc": 0.16
      }
    },
    "Hayao": {
      "photo": {
        "count": 50,
        "clip_style": 0.44365686535835264,
        "style_lpips": 0.7678553700447083,
        "content_lpips": 0.34829118359999994,
        "clip_content": 0.8694481226,
        "classifier_acc": 0.1
      },
      "Hayao": {
        "count": 50,
        "clip_style": 0.7100674617290497,
        "style_lpips": 0.7116888308525086,
        "content_lpips": 0.2899764392,
        "clip_content": 0.8864239168,
        "classifier_acc": 0.92
      }
    }
  },
  "analysis": {
    "style_transfer_ability": {
      "clip_style": 0.4927181100845337,
      "content_lpips": 0.403296,
      "classifier_acc": 0.13
    },
    "photo_to_art_performance": {
      "clip_style": 0.5417793548107147,
      "valid": true,
      "classifier_acc": 0.16
    }
  },
  "classification_report": {
    "Hayao": {
      "precision": 0.5294117647058824,
      "recall": 0.54,
      "f1-score": 0.5346534653465347,
      "support": 100.0
    },
    "photo": {
      "precision": 0.5306122448979592,
      "recall": 0.52,
      "f1-score": 0.5252525252525253,
      "support": 100.0
    },
    "accuracy": 0.53,
    "macro avg": {
      "precision": 0.5300120048019208,
      "recall": 0.53,
      "f1-score": 0.52995299529953,
      "support": 200.0
    },
    "weighted avg": {
      "precision": 0.5300120048019208,
      "recall": 0.53,
      "f1-score": 0.52995299529953,
      "support": 200.0
    }
  },
  "detailed_style_metrics": {
    "Hayao": {
      "precision": 0.5294117647058824,
      "recall": 0.54,
      "f1_score": 0.5346534653465347,
      "support": 100
    },
    "photo": {
      "precision": 0.5306122448979592,
      "recall": 0.52,
      "f1_score": 0.5252525252525253,
      "support": 100
    }
  }
}