epoch,loss_total,loss_style_swd,loss_mse,loss_identity,loss_style_cls,style_cls_transfer_acc,style_cls_identity_acc,style_cls_transfer_pass_rate,style_cls_identity_pass_rate,style_cls_conf_mean,style_cls_agree_mean,style_cls_weight_mean,loss_velocity_reg,learning_rate,epoch_time
1,1.095949,0.000000,4.186916,0.591918,0.000000,0.000000,0.000000,0.000000,0.000000,0.000000,0.000000,0.000000,0.001287,1.09e-05,0.00
2,0.911562,0.000000,2.448364,0.527363,0.000000,0.000000,0.000000,0.000000,0.000000,0.000000,0.000000,0.000000,0.025146,2.08e-05,0.00
3,0.941720,0.000000,2.167940,0.514058,0.000000,0.000000,0.000000,0.000000,0.000000,0.000000,0.000000,0.000000,0.031732,3.07e-05,0.00
4,0.939931,0.000000,2.107651,0.508659,0.000000,0.000000,0.000000,0.000000,0.000000,0.000000,0.000000,0.000000,0.032951,4.06e-05,0.00
