{
  "checkpoint": "..\\dict-50-0.05\\epoch_0050.pt",
  "timestamp": "2026-02-25 22:24:38",
  "metrics_note": {
    "clip_dir": "cos( CLIP(gen)-CLIP(src), CLIP(target_style_proto)-CLIP(src) ) - Measures edit direction.",
    "clip_style": "cos( CLIP(gen), CLIP(target_style_proto) ) - Measures absolute style similarity.",
    "fid_baseline": "FID between source-domain images and target-style references.",
    "fid": "FID between generated images and target-style real references (Inception features).",
    "delta_fid": "fid_baseline - fid (higher is better).",
    "delta_fid_ratio": "delta_fid / fid_baseline (relative improvement ratio).",
    "art_fid": "computed as (1 + fid_style) * (1 + content_lpips)"
  },
  "matrix_breakdown": {
    "photo": {
      "photo": {
        "count": 30,
        "clip_dir": 0.4223832776149114,
        "clip_style": 0.8100334544976552,
        "style_lpips": 0.7496350447336833,
        "content_lpips": 0.342385273,
        "clip_content": 0.8842863316666667,
        "fid_style": null,
        "art_fid": null,
        "fid_baseline": null,
        "delta_fid": null,
        "delta_fid_ratio": null,
        "classifier_acc": null
      },
      "Hayao": {
        "count": 30,
        "clip_dir": 0.4690730263789495,
        "clip_style": 0.5970492402712504,
        "style_lpips": 0.7557391544183095,
        "content_lpips": 0.384586204,
        "clip_content": 0.8566109066666667,
        "fid_style": 323.71497858299847,
        "art_fid": 449.5958795781752,
        "fid_baseline": 334.729000932728,
        "delta_fid": 11.014022349729544,
        "delta_fid_ratio": 0.03290429666697174,
        "classifier_acc": null
      },
      "monet": {
        "count": 30,
        "clip_dir": 0.35068686058123905,
        "clip_style": 0.6233390827973684,
        "style_lpips": 0.743482381105423,
        "content_lpips": 0.3180498813333334,
        "clip_content": 0.8848541843333333,
        "fid_style": 230.95032016990436,
        "art_fid": 305.72209197517117,
        "fid_baseline": 237.55478896111822,
        "delta_fid": 6.604468791213861,
        "delta_fid_ratio": 0.027801876022355617,
        "classifier_acc": null
      },
      "vangogh": {
        "count": 30,
        "clip_dir": 0.46312858661015827,
        "clip_style": 0.6603874146938324,
        "style_lpips": 0.7930445075035095,
        "content_lpips": 0.44355592433333335,
        "clip_content": 0.8430710883333333,
        "fid_style": 306.20998936399985,
        "art_fid": 443.4748001607823,
        "fid_baseline": 313.3414404549672,
        "delta_fid": 7.131451090967346,
        "delta_fid_ratio": 0.022759361419327693,
        "classifier_acc": null
      },
      "cezanne": {
        "count": 30,
        "clip_dir": 0.40712252954641975,
        "clip_style": 0.6146617511908213,
        "style_lpips": 0.7523909548918406,
        "content_lpips": 0.3806345906666667,
        "clip_content": 0.8662480030000002,
        "fid_style": 298.4683149871312,
        "art_fid": 413.45631447989433,
        "fid_baseline": 317.94764662800304,
        "delta_fid": 19.479331640871862,
        "delta_fid_ratio": 0.061265846272051734,
        "classifier_acc": null
      }
    },
    "Hayao": {
      "photo": {
        "count": 30,
        "clip_dir": 0.2645147889852524,
        "clip_style": 0.5392757246891657,
        "style_lpips": 0.7912222623825074,
        "content_lpips": 0.33025710033333333,
        "clip_content": 0.916612555,
        "fid_style": null,
        "art_fid": null,
        "fid_baseline": null,
        "delta_fid": null,
        "delta_fid_ratio": null,
        "classifier_acc": null
      },
      "Hayao": {
        "count": 30,
        "clip_dir": 0.32834405104319253,
        "clip_style": 0.8572690467039744,
        "style_lpips": 0.7253678182760874,
        "content_lpips": 0.2082178786666667,
        "clip_content": 0.9374409353333333,
        "fid_style": null,
        "art_fid": null,
        "fid_baseline": null,
        "delta_fid": null,
        "delta_fid_ratio": null,
        "classifier_acc": null
      },
      "monet": {
        "count": 30,
        "clip_dir": 0.22655094067255657,
        "clip_style": 0.475488618016243,
        "style_lpips": 0.7815145333607991,
        "content_lpips": 0.3004818046666667,
        "clip_content": 0.9159425960000002,
        "fid_style": null,
        "art_fid": null,
        "fid_baseline": null,
        "delta_fid": null,
        "delta_fid_ratio": null,
        "classifier_acc": null
      },
      "vangogh": {
        "count": 30,
        "clip_dir": 0.3368453949689865,
        "clip_style": 0.5767555793126424,
        "style_lpips": 0.7898919443289439,
        "content_lpips": 0.370980282,
        "clip_content": 0.8846993393333332,
        "fid_style": null,
        "art_fid": null,
        "fid_baseline": null,
        "delta_fid": null,
        "delta_fid_ratio": null,
        "classifier_acc": null
      },
      "cezanne": {
        "count": 30,
        "clip_dir": 0.21681010648608207,
        "clip_style": 0.5117624113957088,
        "style_lpips": 0.7631091217199961,
        "content_lpips": 0.2805826383333334,
        "clip_content": 0.9224224813333332,
        "fid_style": null,
        "art_fid": null,
        "fid_baseline": null,
        "delta_fid": null,
        "delta_fid_ratio": null,
        "classifier_acc": null
      }
    },
    "monet": {
      "photo": {
        "count": 30,
        "clip_dir": 0.4906475096940994,
        "clip_style": 0.7232757806777954,
        "style_lpips": 0.7583643098672231,
        "content_lpips": 0.3758704493333333,
        "clip_content": 0.8722170563333334,
        "fid_style": null,
        "art_fid": null,
        "fid_baseline": null,
        "delta_fid": null,
        "delta_fid_ratio": null,
        "classifier_acc": null
      },
      "Hayao": {
        "count": 30,
        "clip_dir": 0.4561583290497462,
        "clip_style": 0.5876116464535396,
        "style_lpips": 0.7613175531228383,
        "content_lpips": 0.4049867880000001,
        "clip_content": 0.8612866619999999,
        "fid_style": null,
        "art_fid": null,
        "fid_baseline": null,
        "delta_fid": null,
        "delta_fid_ratio": null,
        "classifier_acc": null
      },
      "monet": {
        "count": 30,
        "clip_dir": 0.3092584997415543,
        "clip_style": 0.8350772440433503,
        "style_lpips": 0.7077377518018086,
        "content_lpips": 0.33888351499999997,
        "clip_content": 0.8945246753333334,
        "fid_style": null,
        "art_fid": null,
        "fid_baseline": null,
        "delta_fid": null,
        "delta_fid_ratio": null,
        "classifier_acc": null
      },
      "vangogh": {
        "count": 30,
        "clip_dir": 0.38377337406078976,
        "clip_style": 0.7999563654263814,
        "style_lpips": 0.7671691139539083,
        "content_lpips": 0.412981257,
        "clip_content": 0.8560704533333331,
        "fid_style": null,
        "art_fid": null,
        "fid_baseline": null,
        "delta_fid": null,
        "delta_fid_ratio": null,
        "classifier_acc": null
      },
      "cezanne": {
        "count": 30,
        "clip_dir": 0.34018116593360903,
        "clip_style": 0.7918144365151724,
        "style_lpips": 0.7313274204730987,
        "content_lpips": 0.36537709433333326,
        "clip_content": 0.8807669249999999,
        "fid_style": null,
        "art_fid": null,
        "fid_baseline": null,
        "delta_fid": null,
        "delta_fid_ratio": null,
        "classifier_acc": null
      }
    },
    "vangogh": {
      "photo": {
        "count": 30,
        "clip_dir": 0.43100599249204,
        "clip_style": 0.6800972044467926,
        "style_lpips": 0.7654567281405131,
        "content_lpips": 0.3994997166666666,
        "clip_content": 0.8722611366666667,
        "fid_style": null,
        "art_fid": null,
        "fid_baseline": null,
        "delta_fid": null,
        "delta_fid_ratio": null,