{
  "checkpoint": "../2-6-photo-vangogh/epoch_0050.pt",
  "timestamp": "2026-02-06 23:23:38",
  "matrix_breakdown": {
    "photo": {
      "photo": {
        "count": 30,
        "clip_style": 0.6041050374507904,
        "style_lpips": 0.7302119016647339,
        "content_lpips": 0.4049874463333333,
        "clip_content": 0.7809733549999999,
        "classifier_acc": null
      },
      "vangogh": {
        "count": 30,
        "clip_style": 0.5782787283261617,
        "style_lpips": 0.8760214507579803,
        "content_lpips": 0.7854022106666666,
        "clip_content": 0.6792880083333332,
        "classifier_acc": null
      }
    },
    "vangogh": {
      "photo": {
        "count": 30,
        "clip_style": 0.5723137795925141,
        "style_lpips": 0.7818993111451467,
        "content_lpips": 0.6616076390000001,
        "clip_content": 0.6460812530000002,
        "classifier_acc": null
      },
      "vangogh": {
        "count": 30,
        "clip_style": 0.6749895254770915,
        "style_lpips": 0.7770212570826213,
        "content_lpips": 0.45283193699999996,
        "clip_content": 0.8169836366666667,
        "classifier_acc": null
      }
    }
  },
  "analysis": {
    "style_transfer_ability": {
      "clip_style": 0.5752962539593378,
      "content_lpips": 0.7235049248333334,
      "classifier_acc": 0.0
    },
    "photo_to_art_performance": {
      "clip_style": 0.5782787283261617,
      "valid": true,
      "classifier_acc": 0.0
    }
  },
  "classification_report": null,
  "detailed_style_metrics": {}
}