{
  "checkpoint": "../resnet/epoch_0150.pt",
  "timestamp": "2026-02-07 14:27:34",
  "matrix_breakdown": {
    "photo": {
      "photo": {
        "count": 30,
        "clip_style": 0.5987677812576294,
        "style_lpips": 0.7397800743579864,
        "content_lpips": 0.6139658863333334,
        "clip_content": 0.6282436506666667,
        "classifier_acc": 0.9666666666666667
      },
      "monet": {
        "count": 30,
        "clip_style": 0.5800321360429128,
        "style_lpips": 0.7370847821235657,
        "content_lpips": 0.6652908886666666,
        "clip_content": 0.5888424806666668,
        "classifier_acc": 0.5333333333333333
      }
    },
    "monet": {
      "photo": {
        "count": 30,
        "clip_style": 0.5687509735425313,
        "style_lpips": 0.7570844312508901,
        "content_lpips": 0.6754434943333333,
        "clip_content": 0.5730100343333333,
        "classifier_acc": 1.0
      },
      "monet": {
        "count": 30,
        "clip_style": 0.6265823403994243,
        "style_lpips": 0.6972787320613861,
        "content_lpips": 0.5787821823333333,
        "clip_content": 0.6548939263333333,
        "classifier_acc": 0.0
      }
    }
  },
  "analysis": {
    "style_transfer_ability": {
      "clip_style": 0.5743915547927221,
      "content_lpips": 0.6703671915,
      "classifier_acc": 0.7666666666666666
    },
    "photo_to_art_performance": {
      "clip_style": 0.5800321360429128,
      "valid": true,
      "classifier_acc": 0.5333333333333333
    }
  },
  "classification_report": {
    "monet": {
      "precision": 0.9411764705882353,
      "recall": 0.26666666666666666,
      "f1-score": 0.4155844155844156,
      "support": 60.0
    },
    "photo": {
      "precision": 0.5728155339805825,
      "recall": 0.9833333333333333,
      "f1-score": 0.7239263803680982,
      "support": 60.0
    },
    "accuracy": 0.625,
    "macro avg": {
      "precision": 0.7569960022844089,
      "recall": 0.625,
      "f1-score": 0.5697553979762568,
      "support": 120.0
    },
    "weighted avg": {
      "precision": 0.7569960022844088,
      "recall": 0.625,
      "f1-score": 0.569755397976257,
      "support": 120.0
    }
  },
  "detailed_style_metrics": {
    "monet": {
      "precision": 0.9411764705882353,
      "recall": 0.26666666666666666,
      "f1_score": 0.4155844155844156,
      "support": 60
    },
    "photo": {
      "precision": 0.5728155339805825,
      "recall": 0.9833333333333333,
      "f1_score": 0.7239263803680982,
      "support": 60
    }
  }
}