{
  "checkpoint": "../resnet/epoch_0100.pt",
  "timestamp": "2026-02-07 14:18:10",
  "matrix_breakdown": {
    "photo": {
      "photo": {
        "count": 30,
        "clip_style": 0.5885907193024953,
        "style_lpips": 0.7462294439474741,
        "content_lpips": 0.6337760170000001,
        "clip_content": 0.6113145193333334,
        "classifier_acc": 0.9666666666666667
      },
      "monet": {
        "count": 30,
        "clip_style": 0.5625410000483195,
        "style_lpips": 0.7439983089764913,
        "content_lpips": 0.6912103116666665,
        "clip_content": 0.5746276073333333,
        "classifier_acc": 0.7333333333333333
      }
    },
    "monet": {
      "photo": {
        "count": 30,
        "clip_style": 0.5675556898117066,
        "style_lpips": 0.7597362558046977,
        "content_lpips": 0.6827708023333333,
        "clip_content": 0.5724373543333333,
        "classifier_acc": 1.0
      },
      "monet": {
        "count": 30,
        "clip_style": 0.6333593885103862,
        "style_lpips": 0.7008802751700084,
        "content_lpips": 0.5938578443333333,
        "clip_content": 0.6572772060000001,
        "classifier_acc": 0.1
      }
    }
  },
  "analysis": {
    "style_transfer_ability": {
      "clip_style": 0.565048344930013,
      "content_lpips": 0.6869905569999999,
      "classifier_acc": 0.8666666666666667
    },
    "photo_to_art_performance": {
      "clip_style": 0.5625410000483195,
      "valid": true,
      "classifier_acc": 0.7333333333333333
    }
  },
  "classification_report": {
    "monet": {
      "precision": 0.9615384615384616,
      "recall": 0.4166666666666667,
      "f1-score": 0.5813953488372093,
      "support": 60.0
    },
    "photo": {
      "precision": 0.6276595744680851,
      "recall": 0.9833333333333333,
      "f1-score": 0.7662337662337663,
      "support": 60.0
    },
    "accuracy": 0.7,
    "macro avg": {
      "precision": 0.7945990180032734,
      "recall": 0.7,
      "f1-score": 0.6738145575354878,
      "support": 120.0
    },
    "weighted avg": {
      "precision": 0.7945990180032733,
      "recall": 0.7,
      "f1-score": 0.6738145575354878,
      "support": 120.0
    }
  },
  "detailed_style_metrics": {
    "monet": {
      "precision": 0.9615384615384616,
      "recall": 0.4166666666666667,
      "f1_score": 0.5813953488372093,
      "support": 60
    },
    "photo": {
      "precision": 0.6276595744680851,
      "recall": 0.9833333333333333,
      "f1_score": 0.7662337662337663,
      "support": 60
    }
  }
}