{
  "checkpoint": "../resnet/epoch_0050.pt",
  "timestamp": "2026-02-07 14:08:42",
  "matrix_breakdown": {
    "photo": {
      "photo": {
        "count": 30,
        "clip_style": 0.5887137293815613,
        "style_lpips": 0.7539393484592438,
        "content_lpips": 0.651410514,
        "clip_content": 0.6051676636666667,
        "classifier_acc": 0.9
      },
      "monet": {
        "count": 30,
        "clip_style": 0.5557904462019603,
        "style_lpips": 0.7516439239184062,
        "content_lpips": 0.7075163500000001,
        "clip_content": 0.5730135136666666,
        "classifier_acc": 0.6666666666666666
      }
    },
    "monet": {
      "photo": {
        "count": 30,
        "clip_style": 0.5593829691410065,
        "style_lpips": 0.7645268758138021,
        "content_lpips": 0.6892955286666668,
        "clip_content": 0.5768986353333332,
        "classifier_acc": 1.0
      },
      "monet": {
        "count": 30,
        "clip_style": 0.6429620504379272,
        "style_lpips": 0.7122533559799195,
        "content_lpips": 0.5911463893333334,
        "clip_content": 0.673774524,
        "classifier_acc": 0.1
      }
    }
  },
  "analysis": {
    "style_transfer_ability": {
      "clip_style": 0.5575867076714833,
      "content_lpips": 0.6984059393333335,
      "classifier_acc": 0.8333333333333333
    },
    "photo_to_art_performance": {
      "clip_style": 0.5557904462019603,
      "valid": true,
      "classifier_acc": 0.6666666666666666
    }
  },
  "classification_report": {
    "monet": {
      "precision": 0.8846153846153846,
      "recall": 0.38333333333333336,
      "f1-score": 0.5348837209302325,
      "support": 60.0
    },
    "photo": {
      "precision": 0.6063829787234043,
      "recall": 0.95,
      "f1-score": 0.7402597402597403,
      "support": 60.0
    },
    "accuracy": 0.6666666666666666,
    "macro avg": {
      "precision": 0.7454991816693944,
      "recall": 0.6666666666666666,
      "f1-score": 0.6375717305949864,
      "support": 120.0
    },
    "weighted avg": {
      "precision": 0.7454991816693944,
      "recall": 0.6666666666666666,
      "f1-score": 0.6375717305949865,
      "support": 120.0
    }
  },
  "detailed_style_metrics": {
    "monet": {
      "precision": 0.8846153846153846,
      "recall": 0.38333333333333336,
      "f1_score": 0.5348837209302325,
      "support": 60
    },
    "photo": {
      "precision": 0.6063829787234043,
      "recall": 0.95,
      "f1_score": 0.7402597402597403,
      "support": 60
    }
  }
}