{
  "checkpoint": "I:\\Github\\Latent_Style\\Cycle-NCE\\experiments\\20260223-micro5style-bs384\\runs\\exp03-phase1_60e-style_ctrl_sd512_bs288\\artifacts\\epoch_0040.pt",
  "timestamp": "2026-02-24 05:33:47",
  "metrics_note": {
    "clip_dir": "cos( CLIP(gen)-CLIP(src), CLIP(target_style_proto)-CLIP(src) ) - Measures edit direction.",
    "clip_style": "cos( CLIP(gen), CLIP(target_style_proto) ) - Measures absolute style similarity.",
    "art_fid": "computed as (1 + fid_style) * (1 + content_lpips)"
  },
  "matrix_breakdown": {
    "photo": {
      "photo": {
        "count": 50,
        "clip_dir": 0.32971110835671424,
        "clip_style": 0.7920127844810486,
        "style_lpips": 0.7496111953258514,
        "content_lpips": 0.30451699899999995,
        "clip_content": 0.8952433726,
        "fid_style": null,
        "art_fid": null,
        "classifier_acc": null
      },
      "Hayao": {
        "count": 50,
        "clip_dir": 0.5041344353556633,
        "clip_style": 0.6214211291074753,
        "style_lpips": 0.7616177880764008,
        "content_lpips": 0.4219375158,
        "clip_content": 0.8309708758,
        "fid_style": null,
        "art_fid": null,
        "classifier_acc": null
      },
      "monet": {
        "count": 50,
        "clip_dir": 0.26641608893871305,
        "clip_style": 0.5931597179174424,
        "style_lpips": 0.7516691279411316,
        "content_lpips": 0.30156146980000004,
        "clip_content": 0.9017075132000001,
        "fid_style": null,
        "art_fid": null,
        "classifier_acc": null
      },
      "vangogh": {
        "count": 50,
        "clip_dir": 0.4227449572086334,
        "clip_style": 0.6424521201848984,
        "style_lpips": 0.7875554060935974,
        "content_lpips": 0.44772576140000003,
        "clip_content": 0.8552906236,
        "fid_style": null,
        "art_fid": null,
        "classifier_acc": null
      },
      "cezanne": {
        "count": 50,
        "clip_dir": 0.36341022968292236,
        "clip_style": 0.5930251049995422,
        "style_lpips": 0.7564965522289276,
        "content_lpips": 0.3512359456,
        "clip_content": 0.8665171956000002,
        "fid_style": null,
        "art_fid": null,
        "classifier_acc": null
      }
    },
    "Hayao": {
      "photo": {
        "count": 50,
        "clip_dir": 0.18937280006706714,
        "clip_style": 0.5132488232851028,
        "style_lpips": 0.7788185632228851,
        "content_lpips": 0.35161562399999996,
        "clip_content": 0.9226069272,
        "fid_style": null,
        "art_fid": null,
        "classifier_acc": null
      },
      "Hayao": {
        "count": 50,
        "clip_dir": 0.2708983514457941,
        "clip_style": 0.8474955761432648,
        "style_lpips": 0.7283901870250702,
        "content_lpips": 0.19913130380000005,
        "clip_content": 0.9444871864000001,
        "fid_style": null,
        "art_fid": null,
        "classifier_acc": null
      },
      "monet": {
        "count": 50,
        "clip_dir": 0.14621895007789135,
        "clip_style": 0.44602565705776215,
        "style_lpips": 0.7809729087352753,
        "content_lpips": 0.25276282079999995,
        "clip_content": 0.9343732170000001,
        "fid_style": null,
        "art_fid": null,
        "classifier_acc": null
      },
      "vangogh": {
        "count": 50,
        "clip_dir": 0.2466416573524475,
        "clip_style": 0.5460194367170333,
        "style_lpips": 0.8154169082641601,
        "content_lpips": 0.3237851476,
        "clip_content": 0.9251855267999999,
        "fid_style": null,
        "art_fid": null,
        "classifier_acc": null
      },
      "cezanne": {
        "count": 50,
        "clip_dir": 0.15220479980111123,
        "clip_style": 0.4885521775484085,
        "style_lpips": 0.768891018629074,
        "content_lpips": 0.21804298727999996,
        "clip_content": 0.9356994576,
        "fid_style": null,
        "art_fid": null,
        "classifier_acc": null
      }
    },
    "monet": {
      "photo": {
        "count": 50,
        "clip_dir": 0.42029794573783874,
        "clip_style": 0.6916419649124146,
        "style_lpips": 0.7474455392360687,
        "content_lpips": 0.3760298256000001,
        "clip_content": 0.8917306509999999,
        "fid_style": null,
        "art_fid": null,
        "classifier_acc": null
      },
      "Hayao": {
        "count": 50,
        "clip_dir": 0.48153919219970703,
        "clip_style": 0.5927024018764496,
        "style_lpips": 0.7578877210617065,
        "content_lpips": 0.4466467102000001,
        "clip_content": 0.8720920296000001,
        "fid_style": null,
        "art_fid": null,
        "classifier_acc": null
      },
      "monet": {
        "count": 50,
        "clip_dir": 0.28303427398204806,
        "clip_style": 0.8333657276630402,
        "style_lpips": 0.7116151773929595,
        "content_lpips": 0.3394024196,
        "clip_content": 0.9026934712000001,
        "fid_style": null,
        "art_fid": null,
        "classifier_acc": null
      },
      "vangogh": {
        "count": 50,
        "clip_dir": 0.3850500126183033,
        "clip_style": 0.8045468318462372,
        "style_lpips": 0.7566260278224946,
        "content_lpips": 0.4106822989999999,
        "clip_content": 0.8797968930000001,
        "fid_style": null,
        "art_fid": null,
        "classifier_acc": null
      },
      "cezanne": {
        "count": 50,
        "clip_dir": 0.3099540601670742,
        "clip_style": 0.7896744441986084,
        "style_lpips": 0.7339423823356629,
        "content_lpips": 0.3599542864,
        "clip_content": 0.9012951038,
        "fid_style": null,
        "art_fid": null,
        "classifier_acc": null
      }
    },
    "vangogh": {
      "photo": {
        "count": 50,
        "clip_dir": 0.43588016629219056,
        "clip_style": 0.676549643278122,
        "style_lpips": 0.7567792463302613,
        "content_lpips": 0.41313949440000003,
        "clip_content": 0.853508109,
        "fid_style": null,
        "art_fid": null,
        "classifier_acc": null
      },
      "Hayao": {
        "count": 50,
        "clip_dir": 0.47995403975248335,
        "clip_style": 0.6401815903186798,
        "style_lpips": 0.7531201589107513,
        "content_lpips": 0.39897260380000005,
        "clip_content": 0.8524308804,
        "fid_style": null,
        "art_fid": null,
        "classifier_acc": null
      },
      "monet": {
        "count": 50,
        "clip_dir": 0.2693747217953205,
        "clip_style": 0.7602355527877808,
        "style_lpips": 0.7390479266643524,
        "content_lpips": 0.32876493399999995,
        "clip_content": 0.8889934706000001,
        "fid_style": null,
        "art_fid": null,
        "classifier_acc": null
      },
      "vangogh": {
        "count": 50,
        "clip_dir": 0.25514355778694153,
        "clip_style": 0.8042765367031097,
        "style_lpips": 0.7402876389026641,
        "content_lpips": 0.33232930940000005,
        "clip_content": 0.888249197,
        "fid_style": null,
        "art_fid": null,
        "classifier_acc": null
      },
      "cezanne": {
        "count": 50,
        "clip_dir": 0.2698581886291504,
        "clip_style": 0.7748931980133057,
        "style_lpips": 0.7417979621887207,
        "content_lpips": 0.32680426700000004,
        "clip_content": 0.8876820834,
        "fid_style": null,
        "art_fid": null,
        "classifier_acc": null
      }
    },
    "cezanne": {
      "photo": {
        "count": 50,
        "clip_dir": 0.4124746906757355,
        "clip_style": 0.6335988748073578,
        "style_lpips": 0.7551228499412537,
        "content_lpips": 0.3973683826,
        "clip_content": 0.864166835,
        "fid_style": null,
        "art_fid": null,
        "classifier_acc": null
      },
      "Hayao": {
        "count": 50,
        "clip_dir": 0.44748849272727964,
        "clip_style": 0.595487345457077,
        "style_lpips": 0.7465163242816925,