{
  "checkpoint": "..\\coord-spade-50e\\epoch_0050.pt",
  "timestamp": "2026-02-25 18:53:46",
  "metrics_note": {
    "clip_dir": "cos( CLIP(gen)-CLIP(src), CLIP(target_style_proto)-CLIP(src) ) - Measures edit direction.",
    "clip_style": "cos( CLIP(gen), CLIP(target_style_proto) ) - Measures absolute style similarity.",
    "fid_baseline": "FID between source-domain images and target-style references.",
    "fid": "FID between generated images and target-style real references (Inception features).",
    "delta_fid": "fid_baseline - fid (higher is better).",
    "delta_fid_ratio": "delta_fid / fid_baseline (relative improvement ratio).",
    "art_fid": "computed as (1 + fid_style) * (1 + content_lpips)"
  },
  "matrix_breakdown": {
    "photo": {
      "photo": {
        "count": 30,
        "clip_dir": 0.3337410487234592,
        "clip_style": 0.7884372512499491,
        "style_lpips": 0.7554454962412517,
        "content_lpips": 0.33244043966666664,
        "clip_content": 0.8943062616666667,
        "fid_style": null,
        "art_fid": null,
        "fid_baseline": null,
        "delta_fid": null,
        "delta_fid_ratio": null,
        "classifier_acc": null
      },
      "Hayao": {
        "count": 30,
        "clip_dir": 0.52686521311601,
        "clip_style": 0.628791539867719,
        "style_lpips": 0.7584011038144429,
        "content_lpips": 0.4345364719999999,
        "clip_content": 0.8212199040000001,
        "fid_style": 325.16449812103974,
        "art_fid": 467.894868426207,
        "fid_baseline": 334.729000932728,
        "delta_fid": 9.564502811688271,
        "delta_fid_ratio": 0.028573869563248547,
        "classifier_acc": null
      },
      "monet": {
        "count": 30,
        "clip_dir": 0.2747669848303,
        "clip_style": 0.5986929168303807,
        "style_lpips": 0.7457681198914846,
        "content_lpips": 0.314391819,
        "clip_content": 0.8999114086666665,
        "fid_style": 221.70502300542495,
        "art_fid": 292.72166028853735,
        "fid_baseline": 237.55478896111822,
        "delta_fid": 15.849765955693272,
        "delta_fid_ratio": 0.06672046488731272,
        "classifier_acc": null
      },
      "vangogh": {
        "count": 30,
        "clip_dir": 0.42650380978981656,
        "clip_style": 0.6449705024560293,
        "style_lpips": 0.7945449352264404,
        "content_lpips": 0.42784772266666676,
        "clip_content": 0.8575729893333334,
        "fid_style": 305.2917037497782,
        "art_fid": 437.3379116708142,
        "fid_baseline": 313.3414404549672,
        "delta_fid": 8.049736705188991,
        "delta_fid_ratio": 0.02568998436179042,
        "classifier_acc": null
      },
      "cezanne": {
        "count": 30,
        "clip_dir": 0.37702071319023767,
        "clip_style": 0.5988519062598546,
        "style_lpips": 0.763346654176712,
        "content_lpips": 0.35916761199999997,
        "clip_content": 0.862262025,
        "fid_style": 288.078922669748,
        "art_fid": 392.90670900457405,
        "fid_baseline": 317.94764662800304,
        "delta_fid": 29.868723958255032,
        "delta_fid_ratio": 0.09394227092110316,
        "classifier_acc": null
      }
    },
    "Hayao": {
      "photo": {
        "count": 30,
        "clip_dir": 0.19329220578074455,
        "clip_style": 0.5123119811216991,
        "style_lpips": 0.7900519708792368,
        "content_lpips": 0.3904341753333333,
        "clip_content": 0.922788692,
        "fid_style": null,
        "art_fid": null,
        "fid_baseline": null,
        "delta_fid": null,
        "delta_fid_ratio": null,
        "classifier_acc": null
      },
      "Hayao": {
        "count": 30,
        "clip_dir": 0.27468708517650764,
        "clip_style": 0.8463960846265157,
        "style_lpips": 0.728971290588379,
        "content_lpips": 0.20437646133333337,
        "clip_content": 0.9415476280000001,
        "fid_style": null,
        "art_fid": null,
        "fid_baseline": null,
        "delta_fid": null,
        "delta_fid_ratio": null,
        "classifier_acc": null
      },
      "monet": {
        "count": 30,
        "clip_dir": 0.14707715840389332,
        "clip_style": 0.44662348528703055,
        "style_lpips": 0.7709920823574066,
        "content_lpips": 0.33069429566666664,
        "clip_content": 0.9248399053333333,
        "fid_style": null,
        "art_fid": null,
        "fid_baseline": null,
        "delta_fid": null,
        "delta_fid_ratio": null,
        "classifier_acc": null
      },
      "vangogh": {
        "count": 30,
        "clip_dir": 0.3206145962079366,
        "clip_style": 0.5722562362750371,
        "style_lpips": 0.7984857479731242,
        "content_lpips": 0.3398010596666667,
        "clip_content": 0.8964779506666666,
        "fid_style": null,
        "art_fid": null,
        "fid_baseline": null,
        "delta_fid": null,
        "delta_fid_ratio": null,
        "classifier_acc": null
      },
      "cezanne": {
        "count": 30,
        "clip_dir": 0.1470757506787777,
        "clip_style": 0.4896075954039892,
        "style_lpips": 0.7781313995520274,
        "content_lpips": 0.22877313899999993,
        "clip_content": 0.9337326233333333,
        "fid_style": null,
        "art_fid": null,
        "fid_baseline": null,
        "delta_fid": null,
        "delta_fid_ratio": null,
        "classifier_acc": null
      }
    },
    "monet": {
      "photo": {
        "count": 30,
        "clip_dir": 0.4181536749005318,
        "clip_style": 0.6963379879792532,
        "style_lpips": 0.7595766385396322,
        "content_lpips": 0.3773020576666666,
        "clip_content": 0.8934051196666668,
        "fid_style": null,
        "art_fid": null,
        "fid_baseline": null,
        "delta_fid": null,
        "delta_fid_ratio": null,
        "classifier_acc": null
      },
      "Hayao": {
        "count": 30,
        "clip_dir": 0.5164305577675502,
        "clip_style": 0.6218329767386118,
        "style_lpips": 0.7622715950012207,
        "content_lpips": 0.44654391400000004,
        "clip_content": 0.848731913,
        "fid_style": null,
        "art_fid": null,
        "fid_baseline": null,
        "delta_fid": null,
        "delta_fid_ratio": null,
        "classifier_acc": null
      },
      "monet": {
        "count": 30,
        "clip_dir": 0.28495306745171545,
        "clip_style": 0.8299173931280772,
        "style_lpips": 0.7060409307479858,
        "content_lpips": 0.35187894200000003,
        "clip_content": 0.8956695203333335,
        "fid_style": null,
        "art_fid": null,
        "fid_baseline": null,
        "delta_fid": null,
        "delta_fid_ratio": null,
        "classifier_acc": null
      },
      "vangogh": {
        "count": 30,
        "clip_dir": 0.3543848251303037,
        "clip_style": 0.79744277993838,
        "style_lpips": 0.76808988849322,
        "content_lpips": 0.40816932833333325,
        "clip_content": 0.8668968103333333,
        "fid_style": null,
        "art_fid": null,
        "fid_baseline": null,
        "delta_fid": null,
        "delta_fid_ratio": null,
        "classifier_acc": null
      },
      "cezanne": {
        "count": 30,
        "clip_dir": 0.31763598024845124,
        "clip_style": 0.7877920269966125,
        "style_lpips": 0.7375339051087697,
        "content_lpips": 0.37607530233333336,
        "clip_content": 0.8851516933333333,
        "fid_style": null,
        "art_fid": null,
        "fid_baseline": null,
        "delta_fid": null,
        "delta_fid_ratio": null,
        "classifier_acc": null
      }
    },
    "vangogh": {
      "photo": {
        "count": 30,
        "clip_dir": 0.4044513593117396,
        "clip_style": 0.6690883954366048,
        "style_lpips": 0.763103206952413,
        "content_lpips": 0.416647324,
        "clip_content": 0.8747999696666667,
        "fid_style": null,
        "art_fid": null,
        "fid_baseline": null,
        "delta_fid": null,
        "delta_fid_ratio": null,