epoch,loss,distill,code,code_pred_norm,code_ref_norm,cycle,struct,edge,gram,gram_w,moment,push,nce,idt,w_cycle_eff,w_struct_eff,w_edge_eff,w_nce_eff,w_idt_eff,transfer_ratio,lr,epoch_time_sec
1,1.0173642915487289,0.28500246797921136,0.024824880273081364,0.45500158503651617,0.9882608038187027,0.0,0.0,0.0,0.018480434420052917,0.3696086896955967,0.03969128414057195,0.18407104969024657,0.0,0.0,0.0,0.0,0.0,0.0,0.0,1.0,0.0002,48.388766288757324
2,0.8446811208128929,0.46063653960824014,0.01752446667291224,0.5817630495131015,1.3369588100910186,0.0,0.0,0.0,0.006165334889665246,0.12330669809132815,0.006894363972824067,0.17685129053890705,0.0,0.0,0.0,0.0,0.0,0.0,0.0,1.0,0.00019986980580168453,38.12802839279175
3,0.7816377207636833,0.47313587218523023,0.015088567417114973,0.7462358874082565,1.4246807473897933,0.0,0.0,0.0,0.004695050311274826,0.09390100639313459,0.004588256241986528,0.14507005587220193,0.0,0.0,0.0,0.0,0.0,0.0,0.0,1.0,0.00019947958005998598,37.9881374835968
4,0.735676357448101,0.482343720048666,0.014377886718139053,0.9732952618598938,1.533610230088234,0.0,0.0,0.0,0.004023516409797594,0.08047032840549946,0.004106844152556732,0.10713707190006971,0.0,0.0,0.0,0.0,0.0,0.0,0.0,1.0,0.00019883039235653812,38.07079339027405
5,0.6908833947777748,0.4897108452022076,0.014210863779298961,1.253771232366562,1.612940576672554,0.0,0.0,0.0,0.0035579568473622205,0.07115913640707731,0.003821768359048292,0.06552642595022917,0.0,0.0,0.0,0.0,0.0,0.0,0.0,1.0,0.00019792402206971158,38.15734577178955
6,0.6439307096600533,0.49473570331931116,0.013573136078193784,1.5637122577428817,1.7208868128061294,0.0,0.0,0.0,0.003246462228707969,0.06492924453690647,0.003470503237331286,0.02303220922971377,0.0,0.0,0.0,0.0,0.0,0.0,0.0,1.0,0.00019676295349746153,37.94790863990784
7,0.6155599343776703,0.49605564787983897,0.013009259472601115,1.7453120589256286,1.7761197453737259,0.0,0.0,0.0,0.003020236577140167,0.060404731743037704,0.003288461327319965,0.00048559565171146346,0.0,0.0,0.0,0.0,0.0,0.0,0.0,1.0,0.00019535036904803964,38.04816031455994
