{
  "checkpoint": "..\\full-swd\\epoch_0080.pt",
  "timestamp": "2026-02-22 17:05:03",
  "metrics_note": {
    "clip_style": "backward-compatible alias of clip_dir (CLIP directional similarity)",
    "clip_dir": "cos( CLIP(gen)-CLIP(src), CLIP(target_style_proto)-CLIP(src) )",
    "art_fid": "computed as (1 + fid_style) * (1 + content_lpips)"
  },
  "matrix_breakdown": {
    "photo": {
      "photo": {
        "count": 50,
        "clip_dir": 0.3424935732781887,
        "clip_style": 0.3424935732781887,
        "style_lpips": 0.7508738172054291,
        "content_lpips": 0.2989018718,
        "clip_content": 0.8883779404000001,
        "fid_style": 105.0170402003971,
        "art_fid": 137.70573195899166,
        "classifier_acc": null
      },
      "Hayao": {
        "count": 50,
        "clip_dir": 0.5078821301460266,
        "clip_style": 0.5078821301460266,
        "style_lpips": 0.7458494257926941,
        "content_lpips": 0.48267298760000005,
        "clip_content": 0.8102183587999999,
        "fid_style": 317.3928231056362,
        "art_fid": 472.0724382644319,
        "classifier_acc": null
      },
      "monet": {
        "count": 50,
        "clip_dir": 0.39444870173931124,
        "clip_style": 0.39444870173931124,
        "style_lpips": 0.7485684049129486,
        "content_lpips": 0.416844898,
        "clip_content": 0.855446118,
        "fid_style": 213.13246486380427,
        "art_fid": 303.3924903384453,
        "classifier_acc": null
      },
      "cezanne": {
        "count": 50,
        "clip_dir": 0.43903066873550417,
        "clip_style": 0.43903066873550417,
        "style_lpips": 0.7544444072246551,
        "content_lpips": 0.4560804573999999,
        "clip_content": 0.8343422699999999,
        "fid_style": 285.63043716438415,
        "art_fid": 417.3569780510784,
        "classifier_acc": null
      },
      "vangogh": {
        "count": 50,
        "clip_dir": 0.4683250594139099,
        "clip_style": 0.4683250594139099,
        "style_lpips": 0.7733388936519623,
        "content_lpips": 0.49104036459999995,
        "clip_content": 0.8319464906,
        "fid_style": 298.7535823541512,
        "art_fid": 446.9446907234897,
        "classifier_acc": null
      }
    },
    "Hayao": {
      "photo": {
        "count": 50,
        "clip_dir": 0.33969822108745573,
        "clip_style": 0.33969822108745573,
        "style_lpips": 0.7761520719528199,
        "content_lpips": 0.3916326701999999,
        "clip_content": 0.87308892,
        "fid_style": 329.1009534763119,
        "art_fid": 459.37927132180585,
        "classifier_acc": null
      },
      "Hayao": {
        "count": 50,
        "clip_dir": 0.2701924798637629,
        "clip_style": 0.2701924798637629,
        "style_lpips": 0.7267547869682311,
        "content_lpips": 0.2042415702,
        "clip_content": 0.9454673364,
        "fid_style": 88.39555418733951,
        "art_fid": 107.65384254346093,
        "classifier_acc": null
      },
      "monet": {
        "count": 50,
        "clip_dir": 0.2956542164087296,
        "clip_style": 0.2956542164087296,
        "style_lpips": 0.7648149371147156,
        "content_lpips": 0.39901801859999997,
        "clip_content": 0.8722940941999999,
        "fid_style": 322.43630378650806,
        "art_fid": 452.4932168667082,
        "classifier_acc": null
      },
      "cezanne": {
        "count": 50,
        "clip_dir": 0.2998643745481968,
        "clip_style": 0.2998643745481968,
        "style_lpips": 0.7593720030784606,
        "content_lpips": 0.3722318052,
        "clip_content": 0.8837498890000001,
        "fid_style": 309.0114380004575,
        "art_fid": 425.4075552000156,
        "classifier_acc": null
      },
      "vangogh": {
        "count": 50,
        "clip_dir": 0.3677961981296539,
        "clip_style": 0.3677961981296539,
        "style_lpips": 0.7777862536907196,
        "content_lpips": 0.41085945199999996,
        "clip_content": 0.8559392328000002,
        "fid_style": 302.06992278628707,
        "art_fid": 427.58906517994325,
        "classifier_acc": null
      }
    },
    "monet": {
      "photo": {
        "count": 50,
        "clip_dir": 0.5155200439691544,
        "clip_style": 0.5155200439691544,
        "style_lpips": 0.7423964869976044,
        "content_lpips": 0.425143939,
        "clip_content": 0.8382808044000001,
        "fid_style": 262.9244658058504,
        "art_fid": 376.13035279702046,
        "classifier_acc": null
      },
      "Hayao": {
        "count": 50,
        "clip_dir": 0.524586329460144,
        "clip_style": 0.524586329460144,
        "style_lpips": 0.7393886160850525,
        "content_lpips": 0.48478775379999994,
        "clip_content": 0.8017858792,
        "fid_style": 337.63870747772626,
        "art_fid": 502.80660582558846,
        "classifier_acc": null
      },
      "monet": {
        "count": 50,
        "clip_dir": 0.2931244172155857,
        "clip_style": 0.2931244172155857,
        "style_lpips": 0.7064188206195832,
        "content_lpips": 0.3553352734,
        "clip_content": 0.8987698225999999,
        "fid_style": 117.504522767381,
        "art_fid": 160.61335976406485,
        "classifier_acc": null
      },
      "cezanne": {
        "count": 50,
        "clip_dir": 0.3798232901096344,
        "clip_style": 0.3798232901096344,
        "style_lpips": 0.7217504096031189,
        "content_lpips": 0.43225379500000005,
        "clip_content": 0.8332040528,
        "fid_style": 273.0774780126499,
        "art_fid": 392.54850800764694,
        "classifier_acc": null
      },
      "vangogh": {
        "count": 50,
        "clip_dir": 0.39143127247691156,
        "clip_style": 0.39143127247691156,
        "style_lpips": 0.7399714732170105,
        "content_lpips": 0.4457256048,
        "clip_content": 0.8373150020000001,
        "fid_style": 276.23385365863714,
        "art_fid": 400.80408075166787,
        "classifier_acc": null
      }
    },
    "cezanne": {
      "photo": {
        "count": 50,
        "clip_dir": 0.443971101641655,
        "clip_style": 0.443971101641655,
        "style_lpips": 0.7419093143939972,
        "content_lpips": 0.4058391194,
        "clip_content": 0.8497467176000001,
        "fid_style": 329.2848709088799,
        "art_fid": 464.3273920696824,
        "classifier_acc": null
      },
      "Hayao": {
        "count": 50,
        "clip_dir": 0.5102390557527542,
        "clip_style": 0.5102390557527542,
        "style_lpips": 0.7242314159870148,
        "content_lpips": 0.41060054040000005,
        "clip_content": 0.8206652711999999,
        "fid_style": 324.8105822690094,
        "art_fid": 459.5885834167033,
        "classifier_acc": null
      },
      "monet": {
        "count": 50,
        "clip_dir": 0.2819912678748369,
        "clip_style": 0.2819912678748369,
        "style_lpips": 0.7122758388519287,
        "content_lpips": 0.3883963716,
        "clip_content": 0.8649878248,
        "fid_style": 280.36175945665354,
        "art_fid": 390.6416459366098,
        "classifier_acc": null
      },
      "cezanne": {
        "count": 50,
        "clip_dir": 0.29482835859060286,
        "clip_style": 0.29482835859060286,
        "style_lpips": 0.7163160300254822,
        "content_lpips": 0.3535467654,
        "clip_content": 0.8639648008,
        "fid_style": 136.23049729349356,
        "art_fid": 185.74789572584166,
        "classifier_acc": null
      },
      "vangogh": {
        "count": 50,
        "clip_dir": 0.3465606467425823,
        "clip_style": 0.3465606467425823,
        "style_lpips": 0.7360396277904511,
        "content_lpips": 0.41619871740000003,
        "clip_content": 0.843539495,
        "fid_style": 281.56856321016625,
        "art_fid": 400.17323679579823,
        "classifier_acc": null
      }
    },
    "vangogh": {
      "photo": {
        "count": 50,
        "clip_dir": 0.47320462584495543,
        "clip_style": 0.47320462584495543,
        "style_lpips": 0.7445254528522491,