{
  "checkpoint": "../full_300-map16+32/epoch_0050.pt",
  "timestamp": "2026-02-12 15:54:29",
  "matrix_breakdown": {
    "photo": {
      "photo": {
        "count": 50,
        "clip_style": 0.6340169942378998,
        "style_lpips": 0.7339921700954437,
        "content_lpips": 0.39593473319999994,
        "clip_content": 0.8048941779999998,
        "classifier_acc": 1.0
      },
      "Hayao": {
        "count": 50,
        "clip_style": 0.5530522000789643,
        "style_lpips": 0.7453537631034851,
        "content_lpips": 0.448122877,
        "clip_content": 0.7366838510000001,
        "classifier_acc": 0.46
      }
    },
    "Hayao": {
      "photo": {
        "count": 50,
        "clip_style": 0.4526320868730545,
        "style_lpips": 0.7658047997951507,
        "content_lpips": 0.364392724,
        "clip_content": 0.8668479453999999,
        "classifier_acc": 0.98
      },
      "Hayao": {
        "count": 50,
        "clip_style": 0.699862869977951,
        "style_lpips": 0.71472181558609,
        "content_lpips": 0.3205571486,
        "clip_content": 0.8642355812000001,
        "classifier_acc": 1.0
      }
    }
  },
  "analysis": {
    "style_transfer_ability": {
      "clip_style": 0.5028421434760094,
      "content_lpips": 0.4062578005,
      "classifier_acc": 0.72
    },
    "photo_to_art_performance": {
      "clip_style": 0.5530522000789643,
      "valid": true,
      "classifier_acc": 0.46
    }
  },
  "classification_report": {
    "Hayao": {
      "precision": 0.9864864864864865,
      "recall": 0.73,
      "f1-score": 0.8390804597701149,
      "support": 100.0
    },
    "photo": {
      "precision": 0.7857142857142857,
      "recall": 0.99,
      "f1-score": 0.8761061946902655,
      "support": 100.0
    },
    "accuracy": 0.86,
    "macro avg": {
      "precision": 0.8861003861003861,
      "recall": 0.86,
      "f1-score": 0.8575933272301902,
      "support": 200.0
    },
    "weighted avg": {
      "precision": 0.886100386100386,
      "recall": 0.86,
      "f1-score": 0.8575933272301901,
      "support": 200.0
    }
  },
  "detailed_style_metrics": {
    "Hayao": {
      "precision": 0.9864864864864865,
      "recall": 0.73,
      "f1_score": 0.8390804597701149,
      "support": 100
    },
    "photo": {
      "precision": 0.7857142857142857,
      "recall": 0.99,
      "f1_score": 0.8761061946902655,
      "support": 100
    }
  }
}