{
  "num_rounds": 1,
  "latest": {
    "epoch": 60,
    "summary_path": "..\\exp_A_baseline\\full_eval\\epoch_0060\\summary.json",
    "transfer_clip_style": 0.6557411760588487,
    "transfer_content_lpips": 0.3692146165833333,
    "transfer_fid": 291.44794822178375,
    "transfer_art_fid": 408.72008997863475,
    "transfer_classifier_acc": 0.0,
    "photo_to_art_clip_style": 0.6231428191065789,
    "photo_to_art_fid": 291.44794822178375,
    "photo_to_art_art_fid": 408.72008997863475,
    "photo_to_art_classifier_acc": 0.0
  },
  "mean": {
    "transfer_clip_style": 0.6557411760588487,
    "transfer_content_lpips": 0.3692146165833333,
    "transfer_fid": 291.44794822178375,
    "transfer_art_fid": 408.72008997863475,
    "transfer_classifier_acc": 0.0,
    "photo_to_art_clip_style": 0.6231428191065789,
    "photo_to_art_fid": 291.44794822178375,
    "photo_to_art_art_fid": 408.72008997863475,
    "photo_to_art_classifier_acc": 0.0
  },
  "best": {
    "best_transfer_classifier_acc": {
      "epoch": 60,
      "summary_path": "..\\exp_A_baseline\\full_eval\\epoch_0060\\summary.json",
      "transfer_clip_style": 0.6557411760588487,
      "transfer_content_lpips": 0.3692146165833333,
      "transfer_fid": 291.44794822178375,
      "transfer_art_fid": 408.72008997863475,
      "transfer_classifier_acc": 0.0,
      "photo_to_art_clip_style": 0.6231428191065789,
      "photo_to_art_fid": 291.44794822178375,
      "photo_to_art_art_fid": 408.72008997863475,
      "photo_to_art_classifier_acc": 0.0
    },
    "best_transfer_clip_style": {
      "epoch": 60,
      "summary_path": "..\\exp_A_baseline\\full_eval\\epoch_0060\\summary.json",
      "transfer_clip_style": 0.6557411760588487,
      "transfer_content_lpips": 0.3692146165833333,
      "transfer_fid": 291.44794822178375,
      "transfer_art_fid": 408.72008997863475,
      "transfer_classifier_acc": 0.0,
      "photo_to_art_clip_style": 0.6231428191065789,
      "photo_to_art_fid": 291.44794822178375,
      "photo_to_art_art_fid": 408.72008997863475,
      "photo_to_art_classifier_acc": 0.0
    },
    "best_transfer_fid": {
      "epoch": 60,
      "summary_path": "..\\exp_A_baseline\\full_eval\\epoch_0060\\summary.json",
      "transfer_clip_style": 0.6557411760588487,
      "transfer_content_lpips": 0.3692146165833333,
      "transfer_fid": 291.44794822178375,
      "transfer_art_fid": 408.72008997863475,
      "transfer_classifier_acc": 0.0,
      "photo_to_art_clip_style": 0.6231428191065789,
      "photo_to_art_fid": 291.44794822178375,
      "photo_to_art_art_fid": 408.72008997863475,
      "photo_to_art_classifier_acc": 0.0
    },
    "best_transfer_art_fid": {
      "epoch": 60,
      "summary_path": "..\\exp_A_baseline\\full_eval\\epoch_0060\\summary.json",
      "transfer_clip_style": 0.6557411760588487,
      "transfer_content_lpips": 0.3692146165833333,
      "transfer_fid": 291.44794822178375,
      "transfer_art_fid": 408.72008997863475,
      "transfer_classifier_acc": 0.0,
      "photo_to_art_clip_style": 0.6231428191065789,
      "photo_to_art_fid": 291.44794822178375,
      "photo_to_art_art_fid": 408.72008997863475,
      "photo_to_art_classifier_acc": 0.0
    },
    "best_photo_to_art_classifier_acc": {
      "epoch": 60,
      "summary_path": "..\\exp_A_baseline\\full_eval\\epoch_0060\\summary.json",
      "transfer_clip_style": 0.6557411760588487,
      "transfer_content_lpips": 0.3692146165833333,
      "transfer_fid": 291.44794822178375,
      "transfer_art_fid": 408.72008997863475,
      "transfer_classifier_acc": 0.0,
      "photo_to_art_clip_style": 0.6231428191065789,
      "photo_to_art_fid": 291.44794822178375,
      "photo_to_art_art_fid": 408.72008997863475,
      "photo_to_art_classifier_acc": 0.0
    },
    "best_photo_to_art_clip_style": {
      "epoch": 60,
      "summary_path": "..\\exp_A_baseline\\full_eval\\epoch_0060\\summary.json",
      "transfer_clip_style": 0.6557411760588487,
      "transfer_content_lpips": 0.3692146165833333,
      "transfer_fid": 291.44794822178375,
      "transfer_art_fid": 408.72008997863475,
      "transfer_classifier_acc": 0.0,
      "photo_to_art_clip_style": 0.6231428191065789,
      "photo_to_art_fid": 291.44794822178375,
      "photo_to_art_art_fid": 408.72008997863475,
      "photo_to_art_classifier_acc": 0.0
    },
    "best_photo_to_art_fid": {
      "epoch": 60,
      "summary_path": "..\\exp_A_baseline\\full_eval\\epoch_0060\\summary.json",
      "transfer_clip_style": 0.6557411760588487,
      "transfer_content_lpips": 0.3692146165833333,
      "transfer_fid": 291.44794822178375,
      "transfer_art_fid": 408.72008997863475,
      "transfer_classifier_acc": 0.0,
      "photo_to_art_clip_style": 0.6231428191065789,
      "photo_to_art_fid": 291.44794822178375,
      "photo_to_art_art_fid": 408.72008997863475,
      "photo_to_art_classifier_acc": 0.0
    },
    "best_photo_to_art_art_fid": {
      "epoch": 60,
      "summary_path": "..\\exp_A_baseline\\full_eval\\epoch_0060\\summary.json",
      "transfer_clip_style": 0.6557411760588487,
      "transfer_content_lpips": 0.3692146165833333,
      "transfer_fid": 291.44794822178375,
      "transfer_art_fid": 408.72008997863475,
      "transfer_classifier_acc": 0.0,
      "photo_to_art_clip_style": 0.6231428191065789,
      "photo_to_art_fid": 291.44794822178375,
      "photo_to_art_art_fid": 408.72008997863475,
      "photo_to_art_classifier_acc": 0.0
    },
    "best_transfer_content_lpips": {
      "epoch": 60,
      "summary_path": "..\\exp_A_baseline\\full_eval\\epoch_0060\\summary.json",
      "transfer_clip_style": 0.6557411760588487,
      "transfer_content_lpips": 0.3692146165833333,
      "transfer_fid": 291.44794822178375,
      "transfer_art_fid": 408.72008997863475,
      "transfer_classifier_acc": 0.0,
      "photo_to_art_clip_style": 0.6231428191065789,
      "photo_to_art_fid": 291.44794822178375,
      "photo_to_art_art_fid": 408.72008997863475,
      "photo_to_art_classifier_acc": 0.0
    }
  },
  "rounds": [
    {
      "epoch": 60,
      "summary_path": "..\\exp_A_baseline\\full_eval\\epoch_0060\\summary.json",
      "transfer_clip_style": 0.6557411760588487,
      "transfer_content_lpips": 0.3692146165833333,
      "transfer_fid": 291.44794822178375,
      "transfer_art_fid": 408.72008997863475,
      "transfer_classifier_acc": 0.0,
      "photo_to_art_clip_style": 0.6231428191065789,
      "photo_to_art_fid": 291.44794822178375,
      "photo_to_art_art_fid": 408.72008997863475,
      "photo_to_art_classifier_acc": 0.0
    }
  ],
  "updated_at": "2026-02-26 00:36:45"
}