python : 2026-07-01 10:31:45,317 - INFO - Device: cuda
At line:15 char:3668
+ ... ngerBridge; python run.py --config configs/630_phase4i5c_sota_heun_rq ...
+                 ~~~~~~~~~~~~~~~~~~~~~~~~~~~~~~~~~~~~~~~~~~~~~~~~~~~~~~~~~
    + CategoryInfo          : NotSpecified: (2026-07-01 10:3... - Device: cuda:String) [], RemoteException
    + FullyQualifiedErrorId : NativeCommandError
 
2026-07-01 10:31:45,317 - INFO - Seed: 42
2026-07-01 10:31:45,327 - INFO - Loaded latent manifest cache: G:\GitHub\Latent_Style\Dataset\distinct5_512_latents_ema
\train\.latent_cache\packed\manifest.json
2026-07-01 10:31:45,327 - INFO - Loading latent dataset from G:\GitHub\Latent_Style\Dataset\distinct5_512_latents_ema\t
rain
2026-07-01 10:31:45,350 - INFO - Loaded packed latent cache: G:\GitHub\Latent_Style\Dataset\distinct5_512_latents_ema\t
rain\.latent_cache\packed\packed\00_Early_Renaissance.pt
2026-07-01 10:31:45,370 - INFO -   style=Early_Renaissance id=0 count=1000
2026-07-01 10:31:45,388 - INFO - Loaded packed latent cache: G:\GitHub\Latent_Style\Dataset\distinct5_512_latents_ema\t
rain\.latent_cache\packed\packed\01_Impressionism.pt
2026-07-01 10:31:45,405 - INFO -   style=Impressionism id=1 count=1000
2026-07-01 10:31:45,423 - INFO - Loaded packed latent cache: G:\GitHub\Latent_Style\Dataset\distinct5_512_latents_ema\t
rain\.latent_cache\packed\packed\02_Minimalism.pt
2026-07-01 10:31:45,442 - INFO -   style=Minimalism id=2 count=1000
2026-07-01 10:31:45,460 - INFO - Loaded packed latent cache: G:\GitHub\Latent_Style\Dataset\distinct5_512_latents_ema\t
rain\.latent_cache\packed\packed\03_Rococo.pt
2026-07-01 10:31:45,476 - INFO -   style=Rococo id=3 count=1000
2026-07-01 10:31:45,494 - INFO - Loaded packed latent cache: G:\GitHub\Latent_Style\Dataset\distinct5_512_latents_ema\t
rain\.latent_cache\packed\packed\04_Ukiyo_e.pt
2026-07-01 10:31:45,510 - INFO -   style=Ukiyo_e id=4 count=1000
2026-07-01 10:31:45,510 - WARNING - pairing cache not found: G:\GitHub\Latent_Style\Dataset\distinct5_512_latents_ema\t
rain\.latent_cache\prototype_pairing_top8.pt
2026-07-01 10:31:45,517 - INFO - DataLoader | batch=16 workers=0 shuffle=False pin_memory=False persistent_workers=Fals
e preload_to_gpu=False balanced_target=True pairing_cache=False pairing_mode=rank_stratified rank_schedule=fixed active
_topk=8 min_topk=1 curriculum_epochs=0 rank_power=1.000 topk=8 explore=0.000/0 dual_mix=0.000/0 aux_topk=0
2026-07-01 10:31:45,640 - INFO - Model params: 903,248
2026-07-01 10:31:46,672 - INFO - No checkpoint found, start from scratch.
2026-07-01 10:31:46,677 - INFO - Epoch 1 weight schedule: stage=0 w_content=0.0000 w_style=0.0000 w_style_strength_reg=
0.0000 sigma=0.0000

Epoch 1/5:   0%|          | 0/312 [00:00<?, ?it/s]
Epoch 1/5:   0%|          | 0/312 [00:03<?, ?it/s, curv=0.0000, flow=2.2991, kin=0.0000, loss=2.2991, ot=0.0000, t=0.38
4, tswd=0.0000]
Epoch 1/5:   0%|          | 1/312 [00:03<18:44,  3.62s/it, curv=0.0000, flow=2.2991, kin=0.0000, loss=2.2991, ot=0.0000
, t=0.384, tswd=0.0000]
Epoch 1/5:   1%|          | 3/312 [00:03<05:05,  1.01it/s, curv=0.0000, flow=2.2991, kin=0.0000, loss=2.2991, ot=0.0000
, t=0.384, tswd=0.0000]
Epoch 1/5:   2%|▏         | 5/312 [00:03<02:35,  1.97it/s, curv=0.0000, flow=2.2991, kin=0.0000, loss=2.2991, ot=0.0000
, t=0.384, tswd=0.0000]
Epoch 1/5:   3%|▎         | 8/312 [00:04<01:21,  3.74it/s, curv=0.0000, flow=2.2991, kin=0.0000, loss=2.2991, ot=0.0000
, t=0.384, tswd=0.0000]
Epoch 1/5:   3%|▎         | 10/312 [00:04<00:59,  5.12it/s, curv=0.0000, flow=2.2991, kin=0.0000, loss=2.2991, ot=0.000
0, t=0.384, tswd=0.0000]
Epoch 1/5:   4%|▍         | 13/312 [00:04<00:40,  7.44it/s, curv=0.0000, flow=2.2991, kin=0.0000, loss=2.2991, ot=0.000
0, t=0.384, tswd=0.0000]
Epoch 1/5:   5%|▍         | 15/312 [00:04<00:33,  8.98it/s, curv=0.0000, flow=2.2991, kin=0.0000, loss=2.2991, ot=0.000
0, t=0.384, tswd=0.0000]
Epoch 1/5:   6%|▌         | 18/312 [00:04<00:25, 11.51it/s, curv=0.0000, flow=2.2991, kin=0.0000, loss=2.2991, ot=0.000
0, t=0.384, tswd=0.0000]
Epoch 1/5:   6%|▌         | 18/312 [00:04<00:25, 11.51it/s, curv=0.0000, flow=2.5421, kin=0.0000, loss=2.5421, ot=0.000
0, t=0.512, tswd=0.0000]
Epoch 1/5:   7%|▋         | 21/312 [00:04<00:21, 13.80it/s, curv=0.0000, flow=2.5421, kin=0.0000, loss=2.5421, ot=0.000
0, t=0.512, tswd=0.0000]
Epoch 1/5:   8%|▊         | 24/312 [00:04<00:18, 15.60it/s, curv=0.0000, flow=2.5421, kin=0.0000, loss=2.5421, ot=0.000
0, t=0.512, tswd=0.0000]
Epoch 1/5:   9%|▊         | 27/312 [00:04<00:16, 17.24it/s, curv=0.0000, flow=2.5421, kin=0.0000, loss=2.5421, ot=0.000
0, t=0.512, tswd=0.0000]
Epoch 1/5:  10%|▉         | 30/312 [00:05<00:15, 18.01it/s, curv=0.0000, flow=2.5421, kin=0.0000, loss=2.5421, ot=0.000
0, t=0.512, tswd=0.0000]
Epoch 1/5:  11%|█         | 33/312 [00:05<00:14, 19.01it/s, curv=0.0000, flow=2.5421, kin=0.0000, loss=2.5421, ot=0.000
0, t=0.512, tswd=0.0000]
Epoch 1/5:  12%|█▏        | 36/312 [00:05<00:14, 19.70it/s, curv=0.0000, flow=2.5421, kin=0.0000, loss=2.5421, ot=0.000
0, t=0.512, tswd=0.0000]
Epoch 1/5:  12%|█▎        | 39/312 [00:05<00:13, 20.03it/s, curv=0.0000, flow=2.5421, kin=0.0000, loss=2.5421, ot=0.000
0, t=0.512, tswd=0.0000]
Epoch 1/5:  12%|█▎        | 39/312 [00:05<00:13, 20.03it/s, curv=0.0000, flow=2.5623, kin=0.0000, loss=2.5623, ot=0.000
0, t=0.496, tswd=0.0000]
Epoch 1/5:  13%|█▎        | 42/312 [00:05<00:13, 19.97it/s, curv=0.0000, flow=2.5623, kin=0.0000, loss=2.5623, ot=0.000
0, t=0.496, tswd=0.0000]
Epoch 1/5:  14%|█▍        | 45/312 [00:05<00:13, 20.16it/s, curv=0.0000, flow=2.5623, kin=0.0000, loss=2.5623, ot=0.000
0, t=0.496, tswd=0.0000]
Epoch 1/5:  15%|█▌        | 48/312 [00:05<00:13, 20.18it/s, curv=0.0000, flow=2.5623, kin=0.0000, loss=2.5623, ot=0.000
0, t=0.496, tswd=0.0000]
Epoch 1/5:  16%|█▋        | 51/312 [00:06<00:13, 20.06it/s, curv=0.0000, flow=2.5623, kin=0.0000, loss=2.5623, ot=0.000
0, t=0.496, tswd=0.0000]
Epoch 1/5:  17%|█▋        | 54/312 [00:06<00:12, 19.99it/s, curv=0.0000, flow=2.5623, kin=0.0000, loss=2.5623, ot=0.000
0, t=0.496, tswd=0.0000]
Epoch 1/5:  18%|█▊        | 57/312 [00:06<00:12, 20.17it/s, curv=0.0000, flow=2.5623, kin=0.0000, loss=2.5623, ot=0.000
0, t=0.496, tswd=0.0000]
Epoch 1/5:  18%|█▊        | 57/312 [00:06<00:12, 20.17it/s, curv=0.0000, flow=2.5488, kin=0.0000, loss=2.5488, ot=0.000
0, t=0.490, tswd=0.0000]
Epoch 1/5:  19%|█▉        | 60/312 [00:06<00:12, 20.64it/s, curv=0.0000, flow=2.5488, kin=0.0000, loss=2.5488, ot=0.000
0, t=0.490, tswd=0.0000]
Epoch 1/5:  20%|██        | 63/312 [00:06<00:12, 20.69it/s, curv=0.0000, flow=2.5488, kin=0.0000, loss=2.5488, ot=0.000
0, t=0.490, tswd=0.0000]
Epoch 1/5:  21%|██        | 66/312 [00:06<00:11, 21.06it/s, curv=0.0000, flow=2.5488, kin=0.0000, loss=2.5488, ot=0.000
0, t=0.490, tswd=0.0000]
Epoch 1/5:  22%|██▏       | 69/312 [00:06<00:11, 21.34it/s, curv=0.0000, flow=2.5488, kin=0.0000, loss=2.5488, ot=0.000
0, t=0.490, tswd=0.0000]
Epoch 1/5:  23%|██▎       | 72/312 [00:07<00:11, 21.29it/s, curv=0.0000, flow=2.5488, kin=0.0000, loss=2.5488, ot=0.000
0, t=0.490, tswd=0.0000]
Epoch 1/5:  24%|██▍       | 75/312 [00:07<00:11, 21.46it/s, curv=0.0000, flow=2.5488, kin=0.0000, loss=2.5488, ot=0.000
0, t=0.490, tswd=0.0000]
Epoch 1/5:  25%|██▌       | 78/312 [00:07<00:10, 21.43it/s, curv=0.0000, flow=2.5488, kin=0.0000, loss=2.5488, ot=0.000
0, t=0.490, tswd=0.0000]
Epoch 1/5:  25%|██▌       | 78/312 [00:07<00:10, 21.43it/s, curv=0.0000, flow=2.5429, kin=0.0000, loss=2.5429, ot=0.000
0, t=0.497, tswd=0.0000]
Epoch 1/5:  26%|██▌       | 81/312 [00:07<00:10, 21.09it/s, curv=0.0000, flow=2.5429, kin=0.0000, loss=2.5429, ot=0.000
0, t=0.497, tswd=0.0000]
Epoch 1/5:  27%|██▋       | 84/312 [00:07<00:10, 20.91it/s, curv=0.0000, flow=2.5429, kin=0.0000, loss=2.5429, ot=0.000
0, t=0.497, tswd=0.0000]
Epoch 1/5:  28%|██▊       | 87/312 [00:07<00:10, 20.86it/s, curv=0.0000, flow=2.5429, kin=0.0000, loss=2.5429, ot=0.000
0, t=0.497, tswd=0.0000]
Epoch 1/5:  29%|██▉       | 90/312 [00:07<00:10, 20.88it/s, curv=0.0000, flow=2.5429, kin=0.0000, loss=2.5429, ot=0.000
0, t=0.497, tswd=0.0000]
Epoch 1/5:  30%|██▉       | 93/312 [00:08<00:10, 20.60it/s, curv=0.0000, flow=2.5429, kin=0.0000, loss=2.5429, ot=0.000
0, t=0.497, tswd=0.0000]
Epoch 1/5:  31%|███       | 96/312 [00:08<00:10, 20.43it/s, curv=0.0000, flow=2.5429, kin=0.0000, loss=2.5429, ot=0.000
0, t=0.497, tswd=0.0000]
Epoch 1/5:  32%|███▏      | 99/312 [00:08<00:10, 20.44it/s, curv=0.0000, flow=2.5429, kin=0.0000, loss=2.5429, ot=0.000
0, t=0.497, tswd=0.0000]
Epoch 1/5:  32%|███▏      | 99/312 [00:08<00:10, 20.44it/s, curv=0.0000, flow=2.5358, kin=0.0000, loss=2.5358, ot=0.000
0, t=0.491, tswd=0.0000]
Epoch 1/5:  33%|███▎      | 102/312 [00:08<00:10, 20.67it/s, curv=0.0000, flow=2.5358, kin=0.0000, loss=2.5358, ot=0.00
00, t=0.491, tswd=0.0000]
Epoch 1/5:  34%|███▎      | 105/312 [00:08<00:09, 20.87it/s, curv=0.0000, flow=2.5358, kin=0.0000, loss=2.5358, ot=0.00
00, t=0.491, tswd=0.0000]
Epoch 1/5:  35%|███▍      | 108/312 [00:08<00:09, 21.09it/s, curv=0.0000, flow=2.5358, kin=0.0000, loss=2.5358, ot=0.00
00, t=0.491, tswd=0.0000]
Epoch 1/5:  36%|███▌      | 111/312 [00:08<00:09, 21.17it/s, curv=0.0000, flow=2.5358, kin=0.0000, loss=2.5358, ot=0.00
00, t=0.491, tswd=0.0000]
Epoch 1/5:  37%|███▋      | 114/312 [00:09<00:09, 21.19it/s, curv=0.0000, flow=2.5358, kin=0.0000, loss=2.5358, ot=0.00
00, t=0.491, tswd=0.0000]
Epoch 1/5:  38%|███▊      | 117/312 [00:09<00:09, 21.13it/s, curv=0.0000, flow=2.5358, kin=0.0000, loss=2.5358, ot=0.00
00, t=0.491, tswd=0.0000]
Epoch 1/5:  38%|███▊      | 117/312 [00:09<00:09, 21.13it/s, curv=0.0000, flow=2.5270, kin=0.0000, loss=2.5270, ot=0.00
00, t=0.491, tswd=0.0000]
Epoch 1/5:  38%|███▊      | 120/312 [00:09<00:09, 20.99it/s, curv=0.0000, flow=2.5270, kin=0.0000, loss=2.5270, ot=0.00
00, t=0.491, tswd=0.0000]
Epoch 1/5:  39%|███▉      | 123/312 [00:09<00:09, 20.76it/s, curv=0.0000, flow=2.5270, kin=0.0000, loss=2.5270, ot=0.00
00, t=0.491, tswd=0.0000]
Epoch 1/5:  40%|████      | 126/312 [00:09<00:09, 20.54it/s, curv=0.0000, flow=2.5270, kin=0.0000, loss=2.5270, ot=0.00
00, t=0.491, tswd=0.0000]
Epoch 1/5:  41%|████▏     | 129/312 [00:09<00:08, 20.46it/s, curv=0.0000, flow=2.5270, kin=0.0000, loss=2.5270, ot=0.00
00, t=0.491, tswd=0.0000]
Epoch 1/5:  42%|████▏     | 132/312 [00:09<00:08, 20.41it/s, curv=0.0000, flow=2.5270, kin=0.0000, loss=2.5270, ot=0.00
00, t=0.491, tswd=0.0000]
Epoch 1/5:  43%|████▎     | 135/312 [00:10<00:08, 20.21it/s, curv=0.0000, flow=2.5270, kin=0.0000, loss=2.5270, ot=0.00
00, t=0.491, tswd=0.0000]
Epoch 1/5:  44%|████▍     | 138/312 [00:10<00:08, 20.21it/s, curv=0.0000, flow=2.5270, kin=0.0000, loss=2.5270, ot=0.00
00, t=0.491, tswd=0.0000]
Epoch 1/5:  44%|████▍     | 138/312 [00:10<00:08, 20.21it/s, curv=0.0000, flow=2.5198, kin=0.0000, loss=2.5198, ot=0.00
00, t=0.494, tswd=0.0000]
Epoch 1/5:  45%|████▌     | 141/312 [00:10<00:08, 20.10it/s, curv=0.0000, flow=2.5198, kin=0.0000, loss=2.5198, ot=0.00
00, t=0.494, tswd=0.0000]
Epoch 1/5:  46%|████▌     | 144/312 [00:10<00:08, 20.63it/s, curv=0.0000, flow=2.5198, kin=0.0000, loss=2.5198, ot=0.00
00, t=0.494, tswd=0.0000]
Epoch 1/5:  47%|████▋     | 147/312 [00:10<00:07, 20.97it/s, curv=0.0000, flow=2.5198, kin=0.0000, loss=2.5198, ot=0.00
00, t=0.494, tswd=0.0000]
Epoch 1/5:  48%|████▊     | 150/312 [00:10<00:07, 21.29it/s, curv=0.0000, flow=2.5198, kin=0.0000, loss=2.5198, ot=0.00
00, t=0.494, tswd=0.0000]
Epoch 1/5:  49%|████▉     | 153/312 [00:10<00:07, 21.46it/s, curv=0.0000, flow=2.5198, kin=0.0000, loss=2.5198, ot=0.00
00, t=0.494, tswd=0.0000]
Epoch 1/5:  50%|█████     | 156/312 [00:11<00:07, 21.49it/s, curv=0.0000, flow=2.5198, kin=0.0000, loss=2.5198, ot=0.00
00, t=0.494, tswd=0.0000]
Epoch 1/5:  51%|█████     | 159/312 [00:11<00:07, 21.52it/s, curv=0.0000, flow=2.5198, kin=0.0000, loss=2.5198, ot=0.00
00, t=0.494, tswd=0.0000]
Epoch 1/5:  51%|█████     | 159/312 [00:11<00:07, 21.52it/s, curv=0.0000, flow=2.5210, kin=0.0000, loss=2.5210, ot=0.00
00, t=0.494, tswd=0.0000]
Epoch 1/5:  52%|█████▏    | 162/312 [00:11<00:07, 21.24it/s, curv=0.0000, flow=2.5210, kin=0.0000, loss=2.5210, ot=0.00
00, t=0.494, tswd=0.0000]
Epoch 1/5:  53%|█████▎    | 165/312 [00:11<00:07, 20.96it/s, curv=0.0000, flow=2.5210, kin=0.0000, loss=2.5210, ot=0.00
00, t=0.494, tswd=0.0000]
Epoch 1/5:  54%|█████▍    | 168/312 [00:11<00:06, 20.79it/s, curv=0.0000, flow=2.5210, kin=0.0000, loss=2.5210, ot=0.00
00, t=0.494, tswd=0.0000]
Epoch 1/5:  55%|█████▍    | 171/312 [00:11<00:06, 20.66it/s, curv=0.0000, flow=2.5210, kin=0.0000, loss=2.5210, ot=0.00
00, t=0.494, tswd=0.0000]
Epoch 1/5:  56%|█████▌    | 174/312 [00:11<00:06, 20.39it/s, curv=0.0000, flow=2.5210, kin=0.0000, loss=2.5210, ot=0.00
00, t=0.494, tswd=0.0000]
Epoch 1/5:  57%|█████▋    | 177/312 [00:12<00:06, 20.46it/s, curv=0.0000, flow=2.5210, kin=0.0000, loss=2.5210, ot=0.00
00, t=0.494, tswd=0.0000]
Epoch 1/5:  57%|█████▋    | 177/312 [00:12<00:06, 20.46it/s, curv=0.0000, flow=2.5122, kin=0.0000, loss=2.5122, ot=0.00
00, t=0.496, tswd=0.0000]
Epoch 1/5:  58%|█████▊    | 180/312 [00:12<00:06, 20.41it/s, curv=0.0000, flow=2.5122, kin=0.0000, loss=2.5122, ot=0.00
00, t=0.496, tswd=0.0000]
Epoch 1/5:  59%|█████▊    | 183/312 [00:12<00:06, 20.26it/s, curv=0.0000, flow=2.5122, kin=0.0000, loss=2.5122, ot=0.00
00, t=0.496, tswd=0.0000]
Epoch 1/5:  60%|█████▉    | 186/312 [00:12<00:06, 20.61it/s, curv=0.0000, flow=2.5122, kin=0.0000, loss=2.5122, ot=0.00
00, t=0.496, tswd=0.0000]
Epoch 1/5:  61%|██████    | 189/312 [00:12<00:05, 20.97it/s, curv=0.0000, flow=2.5122, kin=0.0000, loss=2.5122, ot=0.00
00, t=0.496, tswd=0.0000]
Epoch 1/5:  62%|██████▏   | 192/312 [00:12<00:05, 21.08it/s, curv=0.0000, flow=2.5122, kin=0.0000, loss=2.5122, ot=0.00
00, t=0.496, tswd=0.0000]
Epoch 1/5:  62%|██████▎   | 195/312 [00:12<00:05, 21.25it/s, curv=0.0000, flow=2.5122, kin=0.0000, loss=2.5122, ot=0.00
00, t=0.496, tswd=0.0000]
Epoch 1/5:  63%|██████▎   | 198/312 [00:13<00:05, 21.16it/s, curv=0.0000, flow=2.5122, kin=0.0000, loss=2.5122, ot=0.00
00, t=0.496, tswd=0.0000]
Epoch 1/5:  63%|██████▎   | 198/312 [00:13<00:05, 21.16it/s, curv=0.0000, flow=2.5085, kin=0.0000, loss=2.5085, ot=0.00
00, t=0.497, tswd=0.0000]
Epoch 1/5:  64%|██████▍   | 201/312 [00:13<00:05, 20.68it/s, curv=0.0000, flow=2.5085, kin=0.0000, loss=2.5085, ot=0.00
00, t=0.497, tswd=0.0000]
Epoch 1/5:  65%|██████▌   | 204/312 [00:13<00:05, 20.12it/s, curv=0.0000, flow=2.5085, kin=0.0000, loss=2.5085, ot=0.00
00, t=0.497, tswd=0.0000]
Epoch 1/5:  66%|██████▋   | 207/312 [00:13<00:05, 20.20it/s, curv=0.0000, flow=2.5085, kin=0.0000, loss=2.5085, ot=0.00
00, t=0.497, tswd=0.0000]
Epoch 1/5:  67%|██████▋   | 210/312 [00:13<00:05, 20.17it/s, curv=0.0000, flow=2.5085, kin=0.0000, loss=2.5085, ot=0.00
00, t=0.497, tswd=0.0000]
Epoch 1/5:  68%|██████▊   | 213/312 [00:13<00:04, 20.13it/s, curv=0.0000, flow=2.5085, kin=0.0000, loss=2.5085, ot=0.00
00, t=0.497, tswd=0.0000]
Epoch 1/5:  69%|██████▉   | 216/312 [00:14<00:04, 20.08it/s, curv=0.0000, flow=2.5085, kin=0.0000, loss=2.5085, ot=0.00
00, t=0.497, tswd=0.0000]
Epoch 1/5:  70%|███████   | 219/312 [00:14<00:04, 20.00it/s, curv=0.0000, flow=2.5085, kin=0.0000, loss=2.5085, ot=0.00
00, t=0.497, tswd=0.0000]
Epoch 1/5:  70%|███████   | 219/312 [00:14<00:04, 20.00it/s, curv=0.0000, flow=2.5039, kin=0.0000, loss=2.5039, ot=0.00
00, t=0.495, tswd=0.0000]
Epoch 1/5:  71%|███████   | 222/312 [00:14<00:04, 19.90it/s, curv=0.0000, flow=2.5039, kin=0.0000, loss=2.5039, ot=0.00
00, t=0.495, tswd=0.0000]
Epoch 1/5:  72%|███████▏  | 225/312 [00:14<00:04, 20.34it/s, curv=0.0000, flow=2.5039, kin=0.0000, loss=2.5039, ot=0.00
00, t=0.495, tswd=0.0000]
Epoch 1/5:  73%|███████▎  | 228/312 [00:14<00:04, 20.61it/s, curv=0.0000, flow=2.5039, kin=0.0000, loss=2.5039, ot=0.00
00, t=0.495, tswd=0.0000]
Epoch 1/5:  74%|███████▍  | 231/312 [00:14<00:03, 20.74it/s, curv=0.0000, flow=2.5039, kin=0.0000, loss=2.5039, ot=0.00
00, t=0.495, tswd=0.0000]
Epoch 1/5:  75%|███████▌  | 234/312 [00:14<00:03, 20.98it/s, curv=0.0000, flow=2.5039, kin=0.0000, loss=2.5039, ot=0.00
00, t=0.495, tswd=0.0000]
Epoch 1/5:  76%|███████▌  | 237/312 [00:15<00:03, 21.18it/s, curv=0.0000, flow=2.5039, kin=0.0000, loss=2.5039, ot=0.00
00, t=0.495, tswd=0.0000]
Epoch 1/5:  76%|███████▌  | 237/312 [00:15<00:03, 21.18it/s, curv=0.0000, flow=2.4955, kin=0.0000, loss=2.4955, ot=0.00
00, t=0.495, tswd=0.0000]
Epoch 1/5:  77%|███████▋  | 240/312 [00:15<00:03, 21.06it/s, curv=0.0000, flow=2.4955, kin=0.0000, loss=2.4955, ot=0.00
00, t=0.495, tswd=0.0000]
Epoch 1/5:  78%|███████▊  | 243/312 [00:15<00:03, 21.01it/s, curv=0.0000, flow=2.4955, kin=0.0000, loss=2.4955, ot=0.00
00, t=0.495, tswd=0.0000]
Epoch 1/5:  79%|███████▉  | 246/312 [00:15<00:03, 20.97it/s, curv=0.0000, flow=2.4955, kin=0.0000, loss=2.4955, ot=0.00
00, t=0.495, tswd=0.0000]
Epoch 1/5:  80%|███████▉  | 249/312 [00:15<00:03, 20.74it/s, curv=0.0000, flow=2.4955, kin=0.0000, loss=2.4955, ot=0.00
00, t=0.495, tswd=0.0000]
Epoch 1/5:  81%|████████  | 252/312 [00:15<00:02, 20.46it/s, curv=0.0000, flow=2.4955, kin=0.0000, loss=2.4955, ot=0.00
00, t=0.495, tswd=0.0000]
Epoch 1/5:  82%|████████▏ | 255/312 [00:15<00:02, 20.42it/s, curv=0.0000, flow=2.4955, kin=0.0000, loss=2.4955, ot=0.00
00, t=0.495, tswd=0.0000]
Epoch 1/5:  83%|████████▎ | 258/312 [00:16<00:02, 20.20it/s, curv=0.0000, flow=2.4955, kin=0.0000, loss=2.4955, ot=0.00
00, t=0.495, tswd=0.0000]
Epoch 1/5:  83%|████████▎ | 258/312 [00:16<00:02, 20.20it/s, curv=0.0000, flow=2.4874, kin=0.0000, loss=2.4874, ot=0.00
00, t=0.497, tswd=0.0000]
Epoch 1/5:  84%|████████▎ | 261/312 [00:16<00:02, 20.22it/s, curv=0.0000, flow=2.4874, kin=0.0000, loss=2.4874, ot=0.00
00, t=0.497, tswd=0.0000]
Epoch 1/5:  85%|████████▍ | 264/312 [00:16<00:02, 20.00it/s, curv=0.0000, flow=2.4874, kin=0.0000, loss=2.4874, ot=0.00
00, t=0.497, tswd=0.0000]
Epoch 1/5:  86%|████████▌ | 267/312 [00:16<00:02, 20.24it/s, curv=0.0000, flow=2.4874, kin=0.0000, loss=2.4874, ot=0.00
00, t=0.497, tswd=0.0000]
Epoch 1/5:  87%|████████▋ | 270/312 [00:16<00:02, 20.63it/s, curv=0.0000, flow=2.4874, kin=0.0000, loss=2.4874, ot=0.00
00, t=0.497, tswd=0.0000]
Epoch 1/5:  88%|████████▊ | 273/312 [00:16<00:01, 20.62it/s, curv=0.0000, flow=2.4874, kin=0.0000, loss=2.4874, ot=0.00
00, t=0.497, tswd=0.0000]
Epoch 1/5:  88%|████████▊ | 276/312 [00:16<00:01, 20.85it/s, curv=0.0000, flow=2.4874, kin=0.0000, loss=2.4874, ot=0.00
00, t=0.497, tswd=0.0000]
Epoch 1/5:  89%|████████▉ | 279/312 [00:17<00:01, 20.91it/s, curv=0.0000, flow=2.4874, kin=0.0000, loss=2.4874, ot=0.00
00, t=0.497, tswd=0.0000]
Epoch 1/5:  89%|████████▉ | 279/312 [00:17<00:01, 20.91it/s, curv=0.0000, flow=2.4826, kin=0.0000, loss=2.4826, ot=0.00
00, t=0.497, tswd=0.0000]
Epoch 1/5:  90%|█████████ | 282/312 [00:17<00:01, 20.98it/s, curv=0.0000, flow=2.4826, kin=0.0000, loss=2.4826, ot=0.00
00, t=0.497, tswd=0.0000]
Epoch 1/5:  91%|█████████▏| 285/312 [00:17<00:01, 20.92it/s, curv=0.0000, flow=2.4826, kin=0.0000, loss=2.4826, ot=0.00
00, t=0.497, tswd=0.0000]
Epoch 1/5:  92%|█████████▏| 288/312 [00:17<00:01, 20.67it/s, curv=0.0000, flow=2.4826, kin=0.0000, loss=2.4826, ot=0.00
00, t=0.497, tswd=0.0000]
Epoch 1/5:  93%|█████████▎| 291/312 [00:17<00:01, 20.48it/s, curv=0.0000, flow=2.4826, kin=0.0000, loss=2.4826, ot=0.00
00, t=0.497, tswd=0.0000]
Epoch 1/5:  94%|█████████▍| 294/312 [00:17<00:00, 20.45it/s, curv=0.0000, flow=2.4826, kin=0.0000, loss=2.4826, ot=0.00
00, t=0.497, tswd=0.0000]
Epoch 1/5:  95%|█████████▌| 297/312 [00:17<00:00, 20.44it/s, curv=0.0000, flow=2.4826, kin=0.0000, loss=2.4826, ot=0.00
00, t=0.497, tswd=0.0000]
Epoch 1/5:  95%|█████████▌| 297/312 [00:18<00:00, 20.44it/s, curv=0.0000, flow=2.4766, kin=0.0000, loss=2.4766, ot=0.00
00, t=0.498, tswd=0.0000]
Epoch 1/5:  96%|█████████▌| 300/312 [00:18<00:00, 20.21it/s, curv=0.0000, flow=2.4766, kin=0.0000, loss=2.4766, ot=0.00
00, t=0.498, tswd=0.0000]
Epoch 1/5:  97%|█████████▋| 303/312 [00:18<00:00, 20.29it/s, curv=0.0000, flow=2.4766, kin=0.0000, loss=2.4766, ot=0.00
00, t=0.498, tswd=0.0000]
Epoch 1/5:  98%|█████████▊| 306/312 [00:18<00:00, 20.64it/s, curv=0.0000, flow=2.4766, kin=0.0000, loss=2.4766, ot=0.00
00, t=0.498, tswd=0.0000]
Epoch 1/5:  99%|█████████▉| 309/312 [00:18<00:00, 20.82it/s, curv=0.0000, flow=2.4766, kin=0.0000, loss=2.4766, ot=0.00
00, t=0.498, tswd=0.0000]
Epoch 1/5:  99%|█████████▉| 309/312 [00:18<00:00, 20.82it/s, curv=0.0000, flow=2.4725, kin=0.0000, loss=2.4725, ot=0.00
00, t=0.499, tswd=0.0000]
Epoch 1/5: 100%|██████████| 312/312 [00:18<00:00, 20.89it/s, curv=0.0000, flow=2.4725, kin=0.0000, loss=2.4725, ot=0.00
00, t=0.499, tswd=0.0000]
Epoch 1/5: 100%|██████████| 312/312 [00:18<00:00, 16.69it/s, curv=0.0000, flow=2.4725, kin=0.0000, loss=2.4725, ot=0.00
00, t=0.499, tswd=0.0000]
2026-07-01 10:32:05,484 - INFO - Epoch 1/5 | loss=2.4725 flow=2.4725 kin=0.0000 ot=0.0000 tswd=0.0000 gini=0.000 hub=0.
000 otd=0.0000 fiber=0.000 leak=0.0000 tgtshift=0.0000 cla=0.0000 cea=0.0000 sem_attn=0.000 sem_k=0.000 topo_ent=0.000 
topo_on=0 plan_ent=0.000 bary_ent=0.000 tok_ent=0.000 tok_eff=0.0 tok_max=0.000 tok_svd=0.000 tok_cos=0.000 app_s=0.000
 app_d=0.000 sigma=0.000 bex=0 idr=0.00 t=0.499 |v|=0.000 lr=2.00e-04 data=0.4s comp=13.4s epoch=18.7s sps=267.09 bstep
=0.060s gpu=65.7/85.0% vram=3.44/3.62GB power=51.4/68.2W peak=0.59/0.66GB
2026-07-01 10:32:05,490 - INFO - Epoch 2 weight schedule: stage=0 w_content=0.0000 w_style=0.0000 w_style_strength_reg=
0.0000 sigma=0.0000

Epoch 2/5:   0%|          | 0/312 [00:00<?, ?it/s]
Epoch 2/5:   0%|          | 0/312 [00:00<?, ?it/s, curv=0.0000, flow=2.5165, kin=0.0000, loss=2.5165, ot=0.0000, t=0.58
1, tswd=0.0000]
Epoch 2/5:   1%|          | 3/312 [00:00<00:14, 21.56it/s, curv=0.0000, flow=2.5165, kin=0.0000, loss=2.5165, ot=0.0000
, t=0.581, tswd=0.0000]
Epoch 2/5:   2%|▏         | 6/312 [00:00<00:14, 21.10it/s, curv=0.0000, flow=2.5165, kin=0.0000, loss=2.5165, ot=0.0000
, t=0.581, tswd=0.0000]
Epoch 2/5:   3%|▎         | 9/312 [00:00<00:14, 21.35it/s, curv=0.0000, flow=2.5165, kin=0.0000, loss=2.5165, ot=0.0000
, t=0.581, tswd=0.0000]
Epoch 2/5:   4%|▍         | 12/312 [00:00<00:14, 20.93it/s, curv=0.0000, flow=2.5165, kin=0.0000, loss=2.5165, ot=0.000
0, t=0.581, tswd=0.0000]
Epoch 2/5:   5%|▍         | 15/312 [00:00<00:14, 20.83it/s, curv=0.0000, flow=2.5165, kin=0.0000, loss=2.5165, ot=0.000
0, t=0.581, tswd=0.0000]
Epoch 2/5:   6%|▌         | 18/312 [00:00<00:14, 20.89it/s, curv=0.0000, flow=2.5165, kin=0.0000, loss=2.5165, ot=0.000
0, t=0.581, tswd=0.0000]
Epoch 2/5:   6%|▌         | 18/312 [00:00<00:14, 20.89it/s, curv=0.0000, flow=2.4033, kin=0.0000, loss=2.4033, ot=0.000
0, t=0.486, tswd=0.0000]
Epoch 2/5:   7%|▋         | 21/312 [00:01<00:14, 20.57it/s, curv=0.0000, flow=2.4033, kin=0.0000, loss=2.4033, ot=0.000
0, t=0.486, tswd=0.0000]
Epoch 2/5:   8%|▊         | 24/312 [00:01<00:14, 20.44it/s, curv=0.0000, flow=2.4033, kin=0.0000, loss=2.4033, ot=0.000
0, t=0.486, tswd=0.0000]
Epoch 2/5:   9%|▊         | 27/312 [00:01<00:14, 20.11it/s, curv=0.0000, flow=2.4033, kin=0.0000, loss=2.4033, ot=0.000
0, t=0.486, tswd=0.0000]
Epoch 2/5:  10%|▉         | 30/312 [00:01<00:13, 20.26it/s, curv=0.0000, flow=2.4033, kin=0.0000, loss=2.4033, ot=0.000
0, t=0.486, tswd=0.0000]
Epoch 2/5:  11%|█         | 33/312 [00:01<00:13, 20.40it/s, curv=0.0000, flow=2.4033, kin=0.0000, loss=2.4033, ot=0.000
0, t=0.486, tswd=0.0000]
Epoch 2/5:  12%|█▏        | 36/312 [00:01<00:13, 20.73it/s, curv=0.0000, flow=2.4033, kin=0.0000, loss=2.4033, ot=0.000
0, t=0.486, tswd=0.0000]
Epoch 2/5:  12%|█▎        | 39/312 [00:01<00:13, 20.95it/s, curv=0.0000, flow=2.4033, kin=0.0000, loss=2.4033, ot=0.000
0, t=0.486, tswd=0.0000]
Epoch 2/5:  12%|█▎        | 39/312 [00:01<00:13, 20.95it/s, curv=0.0000, flow=2.3399, kin=0.0000, loss=2.3399, ot=0.000
0, t=0.502, tswd=0.0000]
Epoch 2/5:  13%|█▎        | 42/312 [00:02<00:12, 21.08it/s, curv=0.0000, flow=2.3399, kin=0.0000, loss=2.3399, ot=0.000
0, t=0.502, tswd=0.0000]
Epoch 2/5:  14%|█▍        | 45/312 [00:02<00:12, 21.20it/s, curv=0.0000, flow=2.3399, kin=0.0000, loss=2.3399, ot=0.000
0, t=0.502, tswd=0.0000]
Epoch 2/5:  15%|█▌        | 48/312 [00:02<00:12, 21.19it/s, curv=0.0000, flow=2.3399, kin=0.0000, loss=2.3399, ot=0.000
0, t=0.502, tswd=0.0000]
Epoch 2/5:  16%|█▋        | 51/312 [00:02<00:12, 21.40it/s, curv=0.0000, flow=2.3399, kin=0.0000, loss=2.3399, ot=0.000
0, t=0.502, tswd=0.0000]
Epoch 2/5:  17%|█▋        | 54/312 [00:02<00:12, 20.98it/s, curv=0.0000, flow=2.3399, kin=0.0000, loss=2.3399, ot=0.000
0, t=0.502, tswd=0.0000]
Epoch 2/5:  18%|█▊        | 57/312 [00:02<00:12, 20.67it/s, curv=0.0000, flow=2.3399, kin=0.0000, loss=2.3399, ot=0.000
0, t=0.502, tswd=0.0000]
Epoch 2/5:  18%|█▊        | 57/312 [00:02<00:12, 20.67it/s, curv=0.0000, flow=2.3347, kin=0.0000, loss=2.3347, ot=0.000
0, t=0.504, tswd=0.0000]
Epoch 2/5:  19%|█▉        | 60/312 [00:02<00:12, 20.51it/s, curv=0.0000, flow=2.3347, kin=0.0000, loss=2.3347, ot=0.000
0, t=0.504, tswd=0.0000]
Epoch 2/5:  20%|██        | 63/312 [00:03<00:12, 20.36it/s, curv=0.0000, flow=2.3347, kin=0.0000, loss=2.3347, ot=0.000
0, t=0.504, tswd=0.0000]
Epoch 2/5:  21%|██        | 66/312 [00:03<00:12, 20.21it/s, curv=0.0000, flow=2.3347, kin=0.0000, loss=2.3347, ot=0.000
0, t=0.504, tswd=0.0000]
Epoch 2/5:  22%|██▏       | 69/312 [00:03<00:12, 20.13it/s, curv=0.0000, flow=2.3347, kin=0.0000, loss=2.3347, ot=0.000
0, t=0.504, tswd=0.0000]
Epoch 2/5:  23%|██▎       | 72/312 [00:03<00:11, 20.18it/s, curv=0.0000, flow=2.3347, kin=0.0000, loss=2.3347, ot=0.000
0, t=0.504, tswd=0.0000]
Epoch 2/5:  24%|██▍       | 75/312 [00:03<00:11, 20.26it/s, curv=0.0000, flow=2.3347, kin=0.0000, loss=2.3347, ot=0.000
0, t=0.504, tswd=0.0000]
Epoch 2/5:  25%|██▌       | 78/312 [00:03<00:11, 20.62it/s, curv=0.0000, flow=2.3347, kin=0.0000, loss=2.3347, ot=0.000
0, t=0.504, tswd=0.0000]
Epoch 2/5:  25%|██▌       | 78/312 [00:03<00:11, 20.62it/s, curv=0.0000, flow=2.3281, kin=0.0000, loss=2.3281, ot=0.000
0, t=0.503, tswd=0.0000]
Epoch 2/5:  26%|██▌       | 81/312 [00:03<00:11, 20.71it/s, curv=0.0000, flow=2.3281, kin=0.0000, loss=2.3281, ot=0.000
0, t=0.503, tswd=0.0000]
Epoch 2/5:  27%|██▋       | 84/312 [00:04<00:10, 20.94it/s, curv=0.0000, flow=2.3281, kin=0.0000, loss=2.3281, ot=0.000
0, t=0.503, tswd=0.0000]
Epoch 2/5:  28%|██▊       | 87/312 [00:04<00:10, 21.07it/s, curv=0.0000, flow=2.3281, kin=0.0000, loss=2.3281, ot=0.000
0, t=0.503, tswd=0.0000]
Epoch 2/5:  29%|██▉       | 90/312 [00:04<00:10, 21.06it/s, curv=0.0000, flow=2.3281, kin=0.0000, loss=2.3281, ot=0.000
0, t=0.503, tswd=0.0000]
Epoch 2/5:  30%|██▉       | 93/312 [00:04<00:10, 21.12it/s, curv=0.0000, flow=2.3281, kin=0.0000, loss=2.3281, ot=0.000
0, t=0.503, tswd=0.0000]
Epoch 2/5:  31%|███       | 96/312 [00:04<00:10, 20.96it/s, curv=0.0000, flow=2.3281, kin=0.0000, loss=2.3281, ot=0.000
0, t=0.503, tswd=0.0000]
Epoch 2/5:  32%|███▏      | 99/312 [00:04<00:10, 20.76it/s, curv=0.0000, flow=2.3281, kin=0.0000, loss=2.3281, ot=0.000
0, t=0.503, tswd=0.0000]
Epoch 2/5:  32%|███▏      | 99/312 [00:04<00:10, 20.76it/s, curv=0.0000, flow=2.3170, kin=0.0000, loss=2.3170, ot=0.000
0, t=0.502, tswd=0.0000]
Epoch 2/5:  33%|███▎      | 102/312 [00:04<00:10, 20.58it/s, curv=0.0000, flow=2.3170, kin=0.0000, loss=2.3170, ot=0.00
00, t=0.502, tswd=0.0000]
Epoch 2/5:  34%|███▎      | 105/312 [00:05<00:10, 20.38it/s, curv=0.0000, flow=2.3170, kin=0.0000, loss=2.3170, ot=0.00
00, t=0.502, tswd=0.0000]
Epoch 2/5:  35%|███▍      | 108/312 [00:05<00:10, 20.29it/s, curv=0.0000, flow=2.3170, kin=0.0000, loss=2.3170, ot=0.00
00, t=0.502, tswd=0.0000]
Epoch 2/5:  36%|███▌      | 111/312 [00:05<00:09, 20.10it/s, curv=0.0000, flow=2.3170, kin=0.0000, loss=2.3170, ot=0.00
00, t=0.502, tswd=0.0000]
Epoch 2/5:  37%|███▋      | 114/312 [00:05<00:09, 20.11it/s, curv=0.0000, flow=2.3170, kin=0.0000, loss=2.3170, ot=0.00
00, t=0.502, tswd=0.0000]
Epoch 2/5:  38%|███▊      | 117/312 [00:05<00:09, 20.14it/s, curv=0.0000, flow=2.3170, kin=0.0000, loss=2.3170, ot=0.00
00, t=0.502, tswd=0.0000]
Epoch 2/5:  38%|███▊      | 117/312 [00:05<00:09, 20.14it/s, curv=0.0000, flow=2.3049, kin=0.0000, loss=2.3049, ot=0.00
00, t=0.500, tswd=0.0000]
Epoch 2/5:  38%|███▊      | 120/312 [00:05<00:09, 20.32it/s, curv=0.0000, flow=2.3049, kin=0.0000, loss=2.3049, ot=0.00
00, t=0.500, tswd=0.0000]
Epoch 2/5:  39%|███▉      | 123/312 [00:05<00:09, 20.72it/s, curv=0.0000, flow=2.3049, kin=0.0000, loss=2.3049, ot=0.00
00, t=0.500, tswd=0.0000]
Epoch 2/5:  40%|████      | 126/312 [00:06<00:08, 21.00it/s, curv=0.0000, flow=2.3049, kin=0.0000, loss=2.3049, ot=0.00
00, t=0.500, tswd=0.0000]
Epoch 2/5:  41%|████▏     | 129/312 [00:06<00:08, 21.16it/s, curv=0.0000, flow=2.3049, kin=0.0000, loss=2.3049, ot=0.00
00, t=0.500, tswd=0.0000]
Epoch 2/5:  42%|████▏     | 132/312 [00:06<00:08, 20.48it/s, curv=0.0000, flow=2.3049, kin=0.0000, loss=2.3049, ot=0.00
00, t=0.500, tswd=0.0000]
Epoch 2/5:  43%|████▎     | 135/312 [00:06<00:08, 20.35it/s, curv=0.0000, flow=2.3049, kin=0.0000, loss=2.3049, ot=0.00
00, t=0.500, tswd=0.0000]
Epoch 2/5:  44%|████▍     | 138/312 [00:06<00:08, 20.27it/s, curv=0.0000, flow=2.3049, kin=0.0000, loss=2.3049, ot=0.00
00, t=0.500, tswd=0.0000]
Epoch 2/5:  44%|████▍     | 138/312 [00:06<00:08, 20.27it/s, curv=0.0000, flow=2.2917, kin=0.0000, loss=2.2917, ot=0.00
00, t=0.496, tswd=0.0000]
Epoch 2/5:  45%|████▌     | 141/312 [00:06<00:08, 19.95it/s, curv=0.0000, flow=2.2917, kin=0.0000, loss=2.2917, ot=0.00
00, t=0.496, tswd=0.0000]
Epoch 2/5:  46%|████▌     | 144/312 [00:06<00:08, 20.12it/s, curv=0.0000, flow=2.2917, kin=0.0000, loss=2.2917, ot=0.00
00, t=0.496, tswd=0.0000]
Epoch 2/5:  47%|████▋     | 147/312 [00:07<00:08, 20.20it/s, curv=0.0000, flow=2.2917, kin=0.0000, loss=2.2917, ot=0.00
00, t=0.496, tswd=0.0000]
Epoch 2/5:  48%|████▊     | 150/312 [00:07<00:08, 20.04it/s, curv=0.0000, flow=2.2917, kin=0.0000, loss=2.2917, ot=0.00
00, t=0.496, tswd=0.0000]
Epoch 2/5:  49%|████▉     | 153/312 [00:07<00:07, 20.08it/s, curv=0.0000, flow=2.2917, kin=0.0000, loss=2.2917, ot=0.00
00, t=0.496, tswd=0.0000]
Epoch 2/5:  50%|█████     | 156/312 [00:07<00:07, 20.22it/s, curv=0.0000, flow=2.2917, kin=0.0000, loss=2.2917, ot=0.00
00, t=0.496, tswd=0.0000]
Epoch 2/5:  51%|█████     | 159/312 [00:07<00:07, 20.72it/s, curv=0.0000, flow=2.2917, kin=0.0000, loss=2.2917, ot=0.00
00, t=0.496, tswd=0.0000]
Epoch 2/5:  51%|█████     | 159/312 [00:07<00:07, 20.72it/s, curv=0.0000, flow=2.2941, kin=0.0000, loss=2.2941, ot=0.00
00, t=0.497, tswd=0.0000]
Epoch 2/5:  52%|█████▏    | 162/312 [00:07<00:07, 20.94it/s, curv=0.0000, flow=2.2941, kin=0.0000, loss=2.2941, ot=0.00
00, t=0.497, tswd=0.0000]
Epoch 2/5:  53%|█████▎    | 165/312 [00:07<00:06, 21.23it/s, curv=0.0000, flow=2.2941, kin=0.0000, loss=2.2941, ot=0.00
00, t=0.497, tswd=0.0000]
Epoch 2/5:  54%|█████▍    | 168/312 [00:08<00:06, 21.46it/s, curv=0.0000, flow=2.2941, kin=0.0000, loss=2.2941, ot=0.00
00, t=0.497, tswd=0.0000]
Epoch 2/5:  55%|█████▍    | 171/312 [00:08<00:06, 21.40it/s, curv=0.0000, flow=2.2941, kin=0.0000, loss=2.2941, ot=0.00
00, t=0.497, tswd=0.0000]
Epoch 2/5:  56%|█████▌    | 174/312 [00:08<00:06, 21.17it/s, curv=0.0000, flow=2.2941, kin=0.0000, loss=2.2941, ot=0.00
00, t=0.497, tswd=0.0000]
Epoch 2/5:  57%|█████▋    | 177/312 [00:08<00:06, 20.92it/s, curv=0.0000, flow=2.2941, kin=0.0000, loss=2.2941, ot=0.00
00, t=0.497, tswd=0.0000]
Epoch 2/5:  57%|█████▋    | 177/312 [00:08<00:06, 20.92it/s, curv=0.0000, flow=2.2866, kin=0.0000, loss=2.2866, ot=0.00
00, t=0.497, tswd=0.0000]
Epoch 2/5:  58%|█████▊    | 180/312 [00:08<00:06, 20.93it/s, curv=0.0000, flow=2.2866, kin=0.0000, loss=2.2866, ot=0.00
00, t=0.497, tswd=0.0000]
Epoch 2/5:  59%|█████▊    | 183/312 [00:08<00:06, 20.84it/s, curv=0.0000, flow=2.2866, kin=0.0000, loss=2.2866, ot=0.00
00, t=0.497, tswd=0.0000]
Epoch 2/5:  60%|█████▉    | 186/312 [00:09<00:06, 20.66it/s, curv=0.0000, flow=2.2866, kin=0.0000, loss=2.2866, ot=0.00
00, t=0.497, tswd=0.0000]
Epoch 2/5:  61%|██████    | 189/312 [00:09<00:05, 20.59it/s, curv=0.0000, flow=2.2866, kin=0.0000, loss=2.2866, ot=0.00
00, t=0.497, tswd=0.0000]
Epoch 2/5:  62%|██████▏   | 192/312 [00:09<00:05, 20.52it/s, curv=0.0000, flow=2.2866, kin=0.0000, loss=2.2866, ot=0.00
00, t=0.497, tswd=0.0000]
Epoch 2/5:  62%|██████▎   | 195/312 [00:09<00:05, 20.58it/s, curv=0.0000, flow=2.2866, kin=0.0000, loss=2.2866, ot=0.00
00, t=0.497, tswd=0.0000]
Epoch 2/5:  63%|██████▎   | 198/312 [00:09<00:05, 20.69it/s, curv=0.0000, flow=2.2866, kin=0.0000, loss=2.2866, ot=0.00
00, t=0.497, tswd=0.0000]
Epoch 2/5:  63%|██████▎   | 198/312 [00:09<00:05, 20.69it/s, curv=0.0000, flow=2.2817, kin=0.0000, loss=2.2817, ot=0.00
00, t=0.497, tswd=0.0000]
Epoch 2/5:  64%|██████▍   | 201/312 [00:09<00:05, 21.02it/s, curv=0.0000, flow=2.2817, kin=0.0000, loss=2.2817, ot=0.00
00, t=0.497, tswd=0.0000]
Epoch 2/5:  65%|██████▌   | 204/312 [00:09<00:05, 21.29it/s, curv=0.0000, flow=2.2817, kin=0.0000, loss=2.2817, ot=0.00
00, t=0.497, tswd=0.0000]
Epoch 2/5:  66%|██████▋   | 207/312 [00:09<00:04, 21.37it/s, curv=0.0000, flow=2.2817, kin=0.0000, loss=2.2817, ot=0.00
00, t=0.497, tswd=0.0000]
Epoch 2/5:  67%|██████▋   | 210/312 [00:10<00:04, 21.48it/s, curv=0.0000, flow=2.2817, kin=0.0000, loss=2.2817, ot=0.00
00, t=0.497, tswd=0.0000]
Epoch 2/5:  68%|██████▊   | 213/312 [00:10<00:04, 21.46it/s, curv=0.0000, flow=2.2817, kin=0.0000, loss=2.2817, ot=0.00
00, t=0.497, tswd=0.0000]
Epoch 2/5:  69%|██████▉   | 216/312 [00:10<00:04, 21.55it/s, curv=0.0000, flow=2.2817, kin=0.0000, loss=2.2817, ot=0.00
00, t=0.497, tswd=0.0000]
Epoch 2/5:  70%|███████   | 219/312 [00:10<00:04, 21.36it/s, curv=0.0000, flow=2.2817, kin=0.0000, loss=2.2817, ot=0.00
00, t=0.497, tswd=0.0000]
Epoch 2/5:  70%|███████   | 219/312 [00:10<00:04, 21.36it/s, curv=0.0000, flow=2.2765, kin=0.0000, loss=2.2765, ot=0.00
00, t=0.500, tswd=0.0000]
Epoch 2/5:  71%|███████   | 222/312 [00:10<00:04, 21.04it/s, curv=0.0000, flow=2.2765, kin=0.0000, loss=2.2765, ot=0.00
00, t=0.500, tswd=0.0000]
Epoch 2/5:  72%|███████▏  | 225/312 [00:10<00:04, 20.76it/s, curv=0.0000, flow=2.2765, kin=0.0000, loss=2.2765, ot=0.00
00, t=0.500, tswd=0.0000]
Epoch 2/5:  73%|███████▎  | 228/312 [00:11<00:04, 20.63it/s, curv=0.0000, flow=2.2765, kin=0.0000, loss=2.2765, ot=0.00
00, t=0.500, tswd=0.0000]
Epoch 2/5:  74%|███████▍  | 231/312 [00:11<00:03, 20.53it/s, curv=0.0000, flow=2.2765, kin=0.0000, loss=2.2765, ot=0.00
00, t=0.500, tswd=0.0000]
Epoch 2/5:  75%|███████▌  | 234/312 [00:11<00:03, 20.61it/s, curv=0.0000, flow=2.2765, kin=0.0000, loss=2.2765, ot=0.00
00, t=0.500, tswd=0.0000]
Epoch 2/5:  76%|███████▌  | 237/312 [00:11<00:03, 20.67it/s, curv=0.0000, flow=2.2765, kin=0.0000, loss=2.2765, ot=0.00
00, t=0.500, tswd=0.0000]
Epoch 2/5:  76%|███████▌  | 237/312 [00:11<00:03, 20.67it/s, curv=0.0000, flow=2.2790, kin=0.0000, loss=2.2790, ot=0.00
00, t=0.502, tswd=0.0000]
Epoch 2/5:  77%|███████▋  | 240/312 [00:11<00:03, 20.22it/s, curv=0.0000, flow=2.2790, kin=0.0000, loss=2.2790, ot=0.00
00, t=0.502, tswd=0.0000]
Epoch 2/5:  78%|███████▊  | 243/312 [00:11<00:03, 20.65it/s, curv=0.0000, flow=2.2790, kin=0.0000, loss=2.2790, ot=0.00
00, t=0.502, tswd=0.0000]
Epoch 2/5:  79%|███████▉  | 246/312 [00:11<00:03, 21.01it/s, curv=0.0000, flow=2.2790, kin=0.0000, loss=2.2790, ot=0.00
00, t=0.502, tswd=0.0000]
Epoch 2/5:  80%|███████▉  | 249/312 [00:12<00:02, 21.39it/s, curv=0.0000, flow=2.2790, kin=0.0000, loss=2.2790, ot=0.00
00, t=0.502, tswd=0.0000]
Epoch 2/5:  81%|████████  | 252/312 [00:12<00:02, 21.55it/s, curv=0.0000, flow=2.2790, kin=0.0000, loss=2.2790, ot=0.00
00, t=0.502, tswd=0.0000]
Epoch 2/5:  82%|████████▏ | 255/312 [00:12<00:02, 21.42it/s, curv=0.0000, flow=2.2790, kin=0.0000, loss=2.2790, ot=0.00
00, t=0.502, tswd=0.0000]
Epoch 2/5:  83%|████████▎ | 258/312 [00:12<00:02, 21.48it/s, curv=0.0000, flow=2.2790, kin=0.0000, loss=2.2790, ot=0.00
00, t=0.502, tswd=0.0000]
Epoch 2/5:  83%|████████▎ | 258/312 [00:12<00:02, 21.48it/s, curv=0.0000, flow=2.2752, kin=0.0000, loss=2.2752, ot=0.00
00, t=0.503, tswd=0.0000]
Epoch 2/5:  84%|████████▎ | 261/312 [00:12<00:02, 21.15it/s, curv=0.0000, flow=2.2752, kin=0.0000, loss=2.2752, ot=0.00
00, t=0.503, tswd=0.0000]
Epoch 2/5:  85%|████████▍ | 264/312 [00:12<00:02, 21.20it/s, curv=0.0000, flow=2.2752, kin=0.0000, loss=2.2752, ot=0.00
00, t=0.503, tswd=0.0000]
Epoch 2/5:  86%|████████▌ | 267/312 [00:12<00:02, 20.98it/s, curv=0.0000, flow=2.2752, kin=0.0000, loss=2.2752, ot=0.00
00, t=0.503, tswd=0.0000]
Epoch 2/5:  87%|████████▋ | 270/312 [00:13<00:02, 20.75it/s, curv=0.0000, flow=2.2752, kin=0.0000, loss=2.2752, ot=0.00
00, t=0.503, tswd=0.0000]
Epoch 2/5:  88%|████████▊ | 273/312 [00:13<00:01, 20.50it/s, curv=0.0000, flow=2.2752, kin=0.0000, loss=2.2752, ot=0.00
00, t=0.503, tswd=0.0000]
Epoch 2/5:  88%|████████▊ | 276/312 [00:13<00:01, 20.29it/s, curv=0.0000, flow=2.2752, kin=0.0000, loss=2.2752, ot=0.00
00, t=0.503, tswd=0.0000]
Epoch 2/5:  89%|████████▉ | 279/312 [00:13<00:01, 20.23it/s, curv=0.0000, flow=2.2752, kin=0.0000, loss=2.2752, ot=0.00
00, t=0.503, tswd=0.0000]
Epoch 2/5:  89%|████████▉ | 279/312 [00:13<00:01, 20.23it/s, curv=0.0000, flow=2.2659, kin=0.0000, loss=2.2659, ot=0.00
00, t=0.502, tswd=0.0000]
Epoch 2/5:  90%|█████████ | 282/312 [00:13<00:01, 20.24it/s, curv=0.0000, flow=2.2659, kin=0.0000, loss=2.2659, ot=0.00
00, t=0.502, tswd=0.0000]
Epoch 2/5:  91%|█████████▏| 285/312 [00:13<00:01, 20.44it/s, curv=0.0000, flow=2.2659, kin=0.0000, loss=2.2659, ot=0.00
00, t=0.502, tswd=0.0000]
Epoch 2/5:  92%|█████████▏| 288/312 [00:13<00:01, 20.84it/s, curv=0.0000, flow=2.2659, kin=0.0000, loss=2.2659, ot=0.00
00, t=0.502, tswd=0.0000]
Epoch 2/5:  93%|█████████▎| 291/312 [00:14<00:00, 21.13it/s, curv=0.0000, flow=2.2659, kin=0.0000, loss=2.2659, ot=0.00
00, t=0.502, tswd=0.0000]
Epoch 2/5:  94%|█████████▍| 294/312 [00:14<00:00, 21.19it/s, curv=0.0000, flow=2.2659, kin=0.0000, loss=2.2659, ot=0.00
00, t=0.502, tswd=0.0000]
Epoch 2/5:  95%|█████████▌| 297/312 [00:14<00:00, 21.13it/s, curv=0.0000, flow=2.2659, kin=0.0000, loss=2.2659, ot=0.00
00, t=0.502, tswd=0.0000]
Epoch 2/5:  95%|█████████▌| 297/312 [00:14<00:00, 21.13it/s, curv=0.0000, flow=2.2608, kin=0.0000, loss=2.2608, ot=0.00
00, t=0.504, tswd=0.0000]
Epoch 2/5:  96%|█████████▌| 300/312 [00:14<00:00, 21.19it/s, curv=0.0000, flow=2.2608, kin=0.0000, loss=2.2608, ot=0.00
00, t=0.504, tswd=0.0000]
Epoch 2/5:  97%|█████████▋| 303/312 [00:14<00:00, 21.09it/s, curv=0.0000, flow=2.2608, kin=0.0000, loss=2.2608, ot=0.00
00, t=0.504, tswd=0.0000]
Epoch 2/5:  98%|█████████▊| 306/312 [00:14<00:00, 20.79it/s, curv=0.0000, flow=2.2608, kin=0.0000, loss=2.2608, ot=0.00
00, t=0.504, tswd=0.0000]
Epoch 2/5:  99%|█████████▉| 309/312 [00:14<00:00, 20.73it/s, curv=0.0000, flow=2.2608, kin=0.0000, loss=2.2608, ot=0.00
00, t=0.504, tswd=0.0000]
Epoch 2/5:  99%|█████████▉| 309/312 [00:15<00:00, 20.73it/s, curv=0.0000, flow=2.2581, kin=0.0000, loss=2.2581, ot=0.00
00, t=0.504, tswd=0.0000]
Epoch 2/5: 100%|██████████| 312/312 [00:15<00:00, 20.77it/s, curv=0.0000, flow=2.2581, kin=0.0000, loss=2.2581, ot=0.00
00, t=0.504, tswd=0.0000]
Epoch 2/5: 100%|██████████| 312/312 [00:15<00:00, 20.76it/s, curv=0.0000, flow=2.2581, kin=0.0000, loss=2.2581, ot=0.00
00, t=0.504, tswd=0.0000]
2026-07-01 10:32:20,632 - INFO - Epoch 2/5 | loss=2.2581 flow=2.2581 kin=0.0000 ot=0.0000 tswd=0.0000 gini=0.000 hub=0.
000 otd=0.0000 fiber=0.000 leak=0.0000 tgtshift=0.0000 cla=0.0000 cea=0.0000 sem_attn=0.000 sem_k=0.000 topo_ent=0.000 
topo_on=0 plan_ent=0.000 bary_ent=0.000 tok_ent=0.000 tok_eff=0.0 tok_max=0.000 tok_svd=0.000 tok_cos=0.000 app_s=0.000
 app_d=0.000 sigma=0.000 bex=0 idr=0.00 t=0.504 |v|=0.000 lr=1.82e-04 data=0.4s comp=9.9s epoch=15.0s sps=332.13 bstep=
0.048s gpu=82.7/85.0% vram=3.46/3.51GB power=67.9/68.8W peak=0.59/0.66GB
2026-07-01 10:32:20,637 - INFO - Epoch 3 weight schedule: stage=0 w_content=0.0000 w_style=0.0000 w_style_strength_reg=
0.0000 sigma=0.0000

Epoch 3/5:   0%|          | 0/312 [00:00<?, ?it/s]
Epoch 3/5:   0%|          | 0/312 [00:00<?, ?it/s, curv=0.0000, flow=2.2375, kin=0.0000, loss=2.2375, ot=0.0000, t=0.53
8, tswd=0.0000]
Epoch 3/5:   1%|          | 3/312 [00:00<00:15, 20.10it/s, curv=0.0000, flow=2.2375, kin=0.0000, loss=2.2375, ot=0.0000
, t=0.538, tswd=0.0000]
Epoch 3/5:   2%|▏         | 6/312 [00:00<00:15, 20.32it/s, curv=0.0000, flow=2.2375, kin=0.0000, loss=2.2375, ot=0.0000
, t=0.538, tswd=0.0000]
Epoch 3/5:   3%|▎         | 9/312 [00:00<00:14, 20.46it/s, curv=0.0000, flow=2.2375, kin=0.0000, loss=2.2375, ot=0.0000
, t=0.538, tswd=0.0000]
Epoch 3/5:   4%|▍         | 12/312 [00:00<00:14, 21.01it/s, curv=0.0000, flow=2.2375, kin=0.0000, loss=2.2375, ot=0.000
0, t=0.538, tswd=0.0000]
Epoch 3/5:   5%|▍         | 15/312 [00:00<00:13, 21.30it/s, curv=0.0000, flow=2.2375, kin=0.0000, loss=2.2375, ot=0.000
0, t=0.538, tswd=0.0000]
Epoch 3/5:   6%|▌         | 18/312 [00:00<00:13, 21.49it/s, curv=0.0000, flow=2.2375, kin=0.0000, loss=2.2375, ot=0.000
0, t=0.538, tswd=0.0000]
Epoch 3/5:   6%|▌         | 18/312 [00:00<00:13, 21.49it/s, curv=0.0000, flow=2.1688, kin=0.0000, loss=2.1688, ot=0.000
0, t=0.505, tswd=0.0000]
Epoch 3/5:   7%|▋         | 21/312 [00:00<00:13, 21.61it/s, curv=0.0000, flow=2.1688, kin=0.0000, loss=2.1688, ot=0.000
0, t=0.505, tswd=0.0000]
Epoch 3/5:   8%|▊         | 24/312 [00:01<00:13, 21.08it/s, curv=0.0000, flow=2.1688, kin=0.0000, loss=2.1688, ot=0.000
0, t=0.505, tswd=0.0000]
Epoch 3/5:   9%|▊         | 27/312 [00:01<00:13, 21.13it/s, curv=0.0000, flow=2.1688, kin=0.0000, loss=2.1688, ot=0.000
0, t=0.505, tswd=0.0000]
Epoch 3/5:  10%|▉         | 30/312 [00:01<00:13, 20.99it/s, curv=0.0000, flow=2.1688, kin=0.0000, loss=2.1688, ot=0.000
0, t=0.505, tswd=0.0000]
Epoch 3/5:  11%|█         | 33/312 [00:01<00:13, 21.12it/s, curv=0.0000, flow=2.1688, kin=0.0000, loss=2.1688, ot=0.000
0, t=0.505, tswd=0.0000]
Epoch 3/5:  12%|█▏        | 36/312 [00:01<00:13, 20.91it/s, curv=0.0000, flow=2.1688, kin=0.0000, loss=2.1688, ot=0.000
0, t=0.505, tswd=0.0000]
Epoch 3/5:  12%|█▎        | 39/312 [00:01<00:13, 20.61it/s, curv=0.0000, flow=2.1688, kin=0.0000, loss=2.1688, ot=0.000
0, t=0.505, tswd=0.0000]
Epoch 3/5:  12%|█▎        | 39/312 [00:01<00:13, 20.61it/s, curv=0.0000, flow=2.1543, kin=0.0000, loss=2.1543, ot=0.000
0, t=0.516, tswd=0.0000]
Epoch 3/5:  13%|█▎        | 42/312 [00:02<00:13, 20.52it/s, curv=0.0000, flow=2.1543, kin=0.0000, loss=2.1543, ot=0.000
0, t=0.516, tswd=0.0000]
Epoch 3/5:  14%|█▍        | 45/312 [00:02<00:13, 20.31it/s, curv=0.0000, flow=2.1543, kin=0.0000, loss=2.1543, ot=0.000
0, t=0.516, tswd=0.0000]
Epoch 3/5:  15%|█▌        | 48/312 [00:02<00:12, 20.38it/s, curv=0.0000, flow=2.1543, kin=0.0000, loss=2.1543, ot=0.000
0, t=0.516, tswd=0.0000]
Epoch 3/5:  16%|█▋        | 51/312 [00:02<00:12, 20.48it/s, curv=0.0000, flow=2.1543, kin=0.0000, loss=2.1543, ot=0.000
0, t=0.516, tswd=0.0000]
Epoch 3/5:  17%|█▋        | 54/312 [00:02<00:12, 20.90it/s, curv=0.0000, flow=2.1543, kin=0.0000, loss=2.1543, ot=0.000
0, t=0.516, tswd=0.0000]
Epoch 3/5:  18%|█▊        | 57/312 [00:02<00:12, 21.15it/s, curv=0.0000, flow=2.1543, kin=0.0000, loss=2.1543, ot=0.000
0, t=0.516, tswd=0.0000]
Epoch 3/5:  18%|█▊        | 57/312 [00:02<00:12, 21.15it/s, curv=0.0000, flow=2.1632, kin=0.0000, loss=2.1632, ot=0.000
0, t=0.511, tswd=0.0000]
Epoch 3/5:  19%|█▉        | 60/312 [00:02<00:11, 21.25it/s, curv=0.0000, flow=2.1632, kin=0.0000, loss=2.1632, ot=0.000
0, t=0.511, tswd=0.0000]
Epoch 3/5:  20%|██        | 63/312 [00:03<00:11, 21.19it/s, curv=0.0000, flow=2.1632, kin=0.0000, loss=2.1632, ot=0.000
0, t=0.511, tswd=0.0000]
Epoch 3/5:  21%|██        | 66/312 [00:03<00:11, 21.26it/s, curv=0.0000, flow=2.1632, kin=0.0000, loss=2.1632, ot=0.000
0, t=0.511, tswd=0.0000]
Epoch 3/5:  22%|██▏       | 69/312 [00:03<00:11, 21.53it/s, curv=0.0000, flow=2.1632, kin=0.0000, loss=2.1632, ot=0.000
0, t=0.511, tswd=0.0000]
Epoch 3/5:  23%|██▎       | 72/312 [00:03<00:11, 21.27it/s, curv=0.0000, flow=2.1632, kin=0.0000, loss=2.1632, ot=0.000
0, t=0.511, tswd=0.0000]
Epoch 3/5:  24%|██▍       | 75/312 [00:03<00:11, 21.01it/s, curv=0.0000, flow=2.1632, kin=0.0000, loss=2.1632, ot=0.000
0, t=0.511, tswd=0.0000]
Epoch 3/5:  25%|██▌       | 78/312 [00:03<00:11, 20.90it/s, curv=0.0000, flow=2.1632, kin=0.0000, loss=2.1632, ot=0.000
0, t=0.511, tswd=0.0000]
Epoch 3/5:  25%|██▌       | 78/312 [00:03<00:11, 20.90it/s, curv=0.0000, flow=2.1573, kin=0.0000, loss=2.1573, ot=0.000
0, t=0.511, tswd=0.0000]
Epoch 3/5:  26%|██▌       | 81/312 [00:03<00:11, 20.97it/s, curv=0.0000, flow=2.1573, kin=0.0000, loss=2.1573, ot=0.000
0, t=0.511, tswd=0.0000]
Epoch 3/5:  27%|██▋       | 84/312 [00:04<00:10, 20.77it/s, curv=0.0000, flow=2.1573, kin=0.0000, loss=2.1573, ot=0.000
0, t=0.511, tswd=0.0000]
Epoch 3/5:  28%|██▊       | 87/312 [00:04<00:11, 20.42it/s, curv=0.0000, flow=2.1573, kin=0.0000, loss=2.1573, ot=0.000
0, t=0.511, tswd=0.0000]
Epoch 3/5:  29%|██▉       | 90/312 [00:04<00:10, 20.33it/s, curv=0.0000, flow=2.1573, kin=0.0000, loss=2.1573, ot=0.000
0, t=0.511, tswd=0.0000]
Epoch 3/5:  30%|██▉       | 93/312 [00:04<00:10, 20.29it/s, curv=0.0000, flow=2.1573, kin=0.0000, loss=2.1573, ot=0.000
0, t=0.511, tswd=0.0000]
Epoch 3/5:  31%|███       | 96/312 [00:04<00:10, 20.54it/s, curv=0.0000, flow=2.1573, kin=0.0000, loss=2.1573, ot=0.000
0, t=0.511, tswd=0.0000]
Epoch 3/5:  32%|███▏      | 99/312 [00:04<00:10, 20.93it/s, curv=0.0000, flow=2.1573, kin=0.0000, loss=2.1573, ot=0.000
0, t=0.511, tswd=0.0000]
Epoch 3/5:  32%|███▏      | 99/312 [00:04<00:10, 20.93it/s, curv=0.0000, flow=2.1419, kin=0.0000, loss=2.1419, ot=0.000
0, t=0.507, tswd=0.0000]
Epoch 3/5:  33%|███▎      | 102/312 [00:04<00:09, 21.27it/s, curv=0.0000, flow=2.1419, kin=0.0000, loss=2.1419, ot=0.00
00, t=0.507, tswd=0.0000]
Epoch 3/5:  34%|███▎      | 105/312 [00:05<00:09, 21.38it/s, curv=0.0000, flow=2.1419, kin=0.0000, loss=2.1419, ot=0.00
00, t=0.507, tswd=0.0000]
Epoch 3/5:  35%|███▍      | 108/312 [00:05<00:09, 21.22it/s, curv=0.0000, flow=2.1419, kin=0.0000, loss=2.1419, ot=0.00
00, t=0.507, tswd=0.0000]
Epoch 3/5:  36%|███▌      | 111/312 [00:05<00:09, 20.93it/s, curv=0.0000, flow=2.1419, kin=0.0000, loss=2.1419, ot=0.00
00, t=0.507, tswd=0.0000]
Epoch 3/5:  37%|███▋      | 114/312 [00:05<00:09, 20.63it/s, curv=0.0000, flow=2.1419, kin=0.0000, loss=2.1419, ot=0.00
00, t=0.507, tswd=0.0000]
Epoch 3/5:  38%|███▊      | 117/312 [00:05<00:09, 20.59it/s, curv=0.0000, flow=2.1419, kin=0.0000, loss=2.1419, ot=0.00
00, t=0.507, tswd=0.0000]
Epoch 3/5:  38%|███▊      | 117/312 [00:05<00:09, 20.59it/s, curv=0.0000, flow=2.1455, kin=0.0000, loss=2.1455, ot=0.00
00, t=0.505, tswd=0.0000]
Epoch 3/5:  38%|███▊      | 120/312 [00:05<00:09, 20.55it/s, curv=0.0000, flow=2.1455, kin=0.0000, loss=2.1455, ot=0.00
00, t=0.505, tswd=0.0000]
Epoch 3/5:  39%|███▉      | 123/312 [00:05<00:09, 20.53it/s, curv=0.0000, flow=2.1455, kin=0.0000, loss=2.1455, ot=0.00
00, t=0.505, tswd=0.0000]
Epoch 3/5:  40%|████      | 126/312 [00:06<00:09, 20.31it/s, curv=0.0000, flow=2.1455, kin=0.0000, loss=2.1455, ot=0.00
00, t=0.505, tswd=0.0000]
Epoch 3/5:  41%|████▏     | 129/312 [00:06<00:09, 20.18it/s, curv=0.0000, flow=2.1455, kin=0.0000, loss=2.1455, ot=0.00
00, t=0.505, tswd=0.0000]
Epoch 3/5:  42%|████▏     | 132/312 [00:06<00:08, 20.21it/s, curv=0.0000, flow=2.1455, kin=0.0000, loss=2.1455, ot=0.00
00, t=0.505, tswd=0.0000]
Epoch 3/5:  43%|████▎     | 135/312 [00:06<00:08, 20.36it/s, curv=0.0000, flow=2.1455, kin=0.0000, loss=2.1455, ot=0.00
00, t=0.505, tswd=0.0000]
Epoch 3/5:  44%|████▍     | 138/312 [00:06<00:08, 20.73it/s, curv=0.0000, flow=2.1455, kin=0.0000, loss=2.1455, ot=0.00
00, t=0.505, tswd=0.0000]
Epoch 3/5:  44%|████▍     | 138/312 [00:06<00:08, 20.73it/s, curv=0.0000, flow=2.1418, kin=0.0000, loss=2.1418, ot=0.00
00, t=0.510, tswd=0.0000]
Epoch 3/5:  45%|████▌     | 141/312 [00:06<00:08, 20.98it/s, curv=0.0000, flow=2.1418, kin=0.0000, loss=2.1418, ot=0.00
00, t=0.510, tswd=0.0000]
Epoch 3/5:  46%|████▌     | 144/312 [00:06<00:07, 21.14it/s, curv=0.0000, flow=2.1418, kin=0.0000, loss=2.1418, ot=0.00
00, t=0.510, tswd=0.0000]
Epoch 3/5:  47%|████▋     | 147/312 [00:07<00:07, 21.46it/s, curv=0.0000, flow=2.1418, kin=0.0000, loss=2.1418, ot=0.00
00, t=0.510, tswd=0.0000]
Epoch 3/5:  48%|████▊     | 150/312 [00:07<00:07, 21.43it/s, curv=0.0000, flow=2.1418, kin=0.0000, loss=2.1418, ot=0.00
00, t=0.510, tswd=0.0000]
Epoch 3/5:  49%|████▉     | 153/312 [00:07<00:07, 21.46it/s, curv=0.0000, flow=2.1418, kin=0.0000, loss=2.1418, ot=0.00
00, t=0.510, tswd=0.0000]
Epoch 3/5:  50%|█████     | 156/312 [00:07<00:07, 21.42it/s, curv=0.0000, flow=2.1418, kin=0.0000, loss=2.1418, ot=0.00
00, t=0.510, tswd=0.0000]
Epoch 3/5:  51%|█████     | 159/312 [00:07<00:07, 21.11it/s, curv=0.0000, flow=2.1418, kin=0.0000, loss=2.1418, ot=0.00
00, t=0.510, tswd=0.0000]
Epoch 3/5:  51%|█████     | 159/312 [00:07<00:07, 21.11it/s, curv=0.0000, flow=2.1392, kin=0.0000, loss=2.1392, ot=0.00
00, t=0.510, tswd=0.0000]
Epoch 3/5:  52%|█████▏    | 162/312 [00:07<00:07, 20.84it/s, curv=0.0000, flow=2.1392, kin=0.0000, loss=2.1392, ot=0.00
00, t=0.510, tswd=0.0000]
Epoch 3/5:  53%|█████▎    | 165/312 [00:07<00:07, 20.81it/s, curv=0.0000, flow=2.1392, kin=0.0000, loss=2.1392, ot=0.00
00, t=0.510, tswd=0.0000]
Epoch 3/5:  54%|█████▍    | 168/312 [00:08<00:06, 20.89it/s, curv=0.0000, flow=2.1392, kin=0.0000, loss=2.1392, ot=0.00
00, t=0.510, tswd=0.0000]
Epoch 3/5:  55%|█████▍    | 171/312 [00:08<00:06, 20.58it/s, curv=0.0000, flow=2.1392, kin=0.0000, loss=2.1392, ot=0.00
00, t=0.510, tswd=0.0000]
Epoch 3/5:  56%|█████▌    | 174/312 [00:08<00:06, 20.50it/s, curv=0.0000, flow=2.1392, kin=0.0000, loss=2.1392, ot=0.00
00, t=0.510, tswd=0.0000]
Epoch 3/5:  57%|█████▋    | 177/312 [00:08<00:06, 20.33it/s, curv=0.0000, flow=2.1392, kin=0.0000, loss=2.1392, ot=0.00
00, t=0.510, tswd=0.0000]
Epoch 3/5:  57%|█████▋    | 177/312 [00:08<00:06, 20.33it/s, curv=0.0000, flow=2.1392, kin=0.0000, loss=2.1392, ot=0.00
00, t=0.510, tswd=0.0000]
Epoch 3/5:  58%|█████▊    | 180/312 [00:08<00:06, 20.51it/s, curv=0.0000, flow=2.1392, kin=0.0000, loss=2.1392, ot=0.00
00, t=0.510, tswd=0.0000]
Epoch 3/5:  59%|█████▊    | 183/312 [00:08<00:06, 20.77it/s, curv=0.0000, flow=2.1392, kin=0.0000, loss=2.1392, ot=0.00
00, t=0.510, tswd=0.0000]
Epoch 3/5:  60%|█████▉    | 186/312 [00:08<00:06, 20.21it/s, curv=0.0000, flow=2.1392, kin=0.0000, loss=2.1392, ot=0.00
00, t=0.510, tswd=0.0000]
Epoch 3/5:  61%|██████    | 189/312 [00:09<00:06, 20.47it/s, curv=0.0000, flow=2.1392, kin=0.0000, loss=2.1392, ot=0.00
00, t=0.510, tswd=0.0000]
Epoch 3/5:  62%|██████▏   | 192/312 [00:09<00:05, 20.52it/s, curv=0.0000, flow=2.1392, kin=0.0000, loss=2.1392, ot=0.00
00, t=0.510, tswd=0.0000]
Epoch 3/5:  62%|██████▎   | 195/312 [00:09<00:05, 20.80it/s, curv=0.0000, flow=2.1392, kin=0.0000, loss=2.1392, ot=0.00
00, t=0.510, tswd=0.0000]
Epoch 3/5:  63%|██████▎   | 198/312 [00:09<00:05, 20.67it/s, curv=0.0000, flow=2.1392, kin=0.0000, loss=2.1392, ot=0.00
00, t=0.510, tswd=0.0000]
Epoch 3/5:  63%|██████▎   | 198/312 [00:09<00:05, 20.67it/s, curv=0.0000, flow=2.1363, kin=0.0000, loss=2.1363, ot=0.00
00, t=0.510, tswd=0.0000]
Epoch 3/5:  64%|██████▍   | 201/312 [00:09<00:05, 20.56it/s, curv=0.0000, flow=2.1363, kin=0.0000, loss=2.1363, ot=0.00
00, t=0.510, tswd=0.0000]
Epoch 3/5:  65%|██████▌   | 204/312 [00:09<00:05, 20.49it/s, curv=0.0000, flow=2.1363, kin=0.0000, loss=2.1363, ot=0.00
00, t=0.510, tswd=0.0000]
Epoch 3/5:  66%|██████▋   | 207/312 [00:09<00:05, 20.66it/s, curv=0.0000, flow=2.1363, kin=0.0000, loss=2.1363, ot=0.00
00, t=0.510, tswd=0.0000]
Epoch 3/5:  67%|██████▋   | 210/312 [00:10<00:04, 20.66it/s, curv=0.0000, flow=2.1363, kin=0.0000, loss=2.1363, ot=0.00
00, t=0.510, tswd=0.0000]
Epoch 3/5:  68%|██████▊   | 213/312 [00:10<00:04, 20.34it/s, curv=0.0000, flow=2.1363, kin=0.0000, loss=2.1363, ot=0.00
00, t=0.510, tswd=0.0000]
Epoch 3/5:  69%|██████▉   | 216/312 [00:10<00:04, 20.24it/s, curv=0.0000, flow=2.1363, kin=0.0000, loss=2.1363, ot=0.00
00, t=0.510, tswd=0.0000]
Epoch 3/5:  70%|███████   | 219/312 [00:10<00:04, 20.26it/s, curv=0.0000, flow=2.1363, kin=0.0000, loss=2.1363, ot=0.00
00, t=0.510, tswd=0.0000]
Epoch 3/5:  70%|███████   | 219/312 [00:10<00:04, 20.26it/s, curv=0.0000, flow=2.1370, kin=0.0000, loss=2.1370, ot=0.00
00, t=0.507, tswd=0.0000]
Epoch 3/5:  71%|███████   | 222/312 [00:10<00:04, 20.61it/s, curv=0.0000, flow=2.1370, kin=0.0000, loss=2.1370, ot=0.00
00, t=0.507, tswd=0.0000]
Epoch 3/5:  72%|███████▏  | 225/312 [00:10<00:04, 20.82it/s, curv=0.0000, flow=2.1370, kin=0.0000, loss=2.1370, ot=0.00
00, t=0.507, tswd=0.0000]
Epoch 3/5:  73%|███████▎  | 228/312 [00:10<00:03, 21.06it/s, curv=0.0000, flow=2.1370, kin=0.0000, loss=2.1370, ot=0.00
00, t=0.507, tswd=0.0000]
Epoch 3/5:  74%|███████▍  | 231/312 [00:11<00:03, 21.15it/s, curv=0.0000, flow=2.1370, kin=0.0000, loss=2.1370, ot=0.00
00, t=0.507, tswd=0.0000]
Epoch 3/5:  75%|███████▌  | 234/312 [00:11<00:03, 21.18it/s, curv=0.0000, flow=2.1370, kin=0.0000, loss=2.1370, ot=0.00
00, t=0.507, tswd=0.0000]
Epoch 3/5:  76%|███████▌  | 237/312 [00:11<00:03, 21.23it/s, curv=0.0000, flow=2.1370, kin=0.0000, loss=2.1370, ot=0.00
00, t=0.507, tswd=0.0000]
Epoch 3/5:  76%|███████▌  | 237/312 [00:11<00:03, 21.23it/s, curv=0.0000, flow=2.1366, kin=0.0000, loss=2.1366, ot=0.00
00, t=0.507, tswd=0.0000]
Epoch 3/5:  77%|███████▋  | 240/312 [00:11<00:03, 21.03it/s, curv=0.0000, flow=2.1366, kin=0.0000, loss=2.1366, ot=0.00
00, t=0.507, tswd=0.0000]
Epoch 3/5:  78%|███████▊  | 243/312 [00:11<00:03, 20.70it/s, curv=0.0000, flow=2.1366, kin=0.0000, loss=2.1366, ot=0.00
00, t=0.507, tswd=0.0000]
Epoch 3/5:  79%|███████▉  | 246/312 [00:11<00:03, 20.58it/s, curv=0.0000, flow=2.1366, kin=0.0000, loss=2.1366, ot=0.00
00, t=0.507, tswd=0.0000]
Epoch 3/5:  80%|███████▉  | 249/312 [00:11<00:03, 20.46it/s, curv=0.0000, flow=2.1366, kin=0.0000, loss=2.1366, ot=0.00
00, t=0.507, tswd=0.0000]
Epoch 3/5:  81%|████████  | 252/312 [00:12<00:03, 19.68it/s, curv=0.0000, flow=2.1366, kin=0.0000, loss=2.1366, ot=0.00
00, t=0.507, tswd=0.0000]
Epoch 3/5:  81%|████████▏ | 254/312 [00:12<00:03, 18.47it/s, curv=0.0000, flow=2.1366, kin=0.0000, loss=2.1366, ot=0.00
00, t=0.507, tswd=0.0000]
Epoch 3/5:  82%|████████▏ | 256/312 [00:12<00:03, 18.18it/s, curv=0.0000, flow=2.1366, kin=0.0000, loss=2.1366, ot=0.00
00, t=0.507, tswd=0.0000]
Epoch 3/5:  83%|████████▎ | 258/312 [00:12<00:03, 17.76it/s, curv=0.0000, flow=2.1366, kin=0.0000, loss=2.1366, ot=0.00
00, t=0.507, tswd=0.0000]
Epoch 3/5:  83%|████████▎ | 258/312 [00:12<00:03, 17.76it/s, curv=0.0000, flow=2.1355, kin=0.0000, loss=2.1355, ot=0.00
00, t=0.507, tswd=0.0000]
Epoch 3/5:  83%|████████▎ | 260/312 [00:12<00:02, 17.36it/s, curv=0.0000, flow=2.1355, kin=0.0000, loss=2.1355, ot=0.00
00, t=0.507, tswd=0.0000]
Epoch 3/5:  84%|████████▍ | 262/312 [00:12<00:02, 17.70it/s, curv=0.0000, flow=2.1355, kin=0.0000, loss=2.1355, ot=0.00
00, t=0.507, tswd=0.0000]
Epoch 3/5:  85%|████████▍ | 265/312 [00:12<00:02, 18.57it/s, curv=0.0000, flow=2.1355, kin=0.0000, loss=2.1355, ot=0.00
00, t=0.507, tswd=0.0000]
Epoch 3/5:  86%|████████▌ | 267/312 [00:12<00:02, 18.73it/s, curv=0.0000, flow=2.1355, kin=0.0000, loss=2.1355, ot=0.00
00, t=0.507, tswd=0.0000]
Epoch 3/5:  86%|████████▌ | 269/312 [00:13<00:02, 19.03it/s, curv=0.0000, flow=2.1355, kin=0.0000, loss=2.1355, ot=0.00
00, t=0.507, tswd=0.0000]
Epoch 3/5:  87%|████████▋ | 271/312 [00:13<00:02, 19.03it/s, curv=0.0000, flow=2.1355, kin=0.0000, loss=2.1355, ot=0.00
00, t=0.507, tswd=0.0000]
Epoch 3/5:  88%|████████▊ | 274/312 [00:13<00:01, 19.32it/s, curv=0.0000, flow=2.1355, kin=0.0000, loss=2.1355, ot=0.00
00, t=0.507, tswd=0.0000]
Epoch 3/5:  88%|████████▊ | 276/312 [00:13<00:01, 19.38it/s, curv=0.0000, flow=2.1355, kin=0.0000, loss=2.1355, ot=0.00
00, t=0.507, tswd=0.0000]
Epoch 3/5:  89%|████████▉ | 278/312 [00:13<00:01, 19.07it/s, curv=0.0000, flow=2.1355, kin=0.0000, loss=2.1355, ot=0.00
00, t=0.507, tswd=0.0000]
Epoch 3/5:  89%|████████▉ | 278/312 [00:13<00:01, 19.07it/s, curv=0.0000, flow=2.1342, kin=0.0000, loss=2.1342, ot=0.00
00, t=0.506, tswd=0.0000]
Epoch 3/5:  90%|████████▉ | 280/312 [00:13<00:01, 18.93it/s, curv=0.0000, flow=2.1342, kin=0.0000, loss=2.1342, ot=0.00
00, t=0.506, tswd=0.0000]
Epoch 3/5:  90%|█████████ | 282/312 [00:13<00:01, 18.79it/s, curv=0.0000, flow=2.1342, kin=0.0000, loss=2.1342, ot=0.00
00, t=0.506, tswd=0.0000]
Epoch 3/5:  91%|█████████▏| 285/312 [00:13<00:01, 19.46it/s, curv=0.0000, flow=2.1342, kin=0.0000, loss=2.1342, ot=0.00
00, t=0.506, tswd=0.0000]
Epoch 3/5:  92%|█████████▏| 287/312 [00:14<00:01, 19.49it/s, curv=0.0000, flow=2.1342, kin=0.0000, loss=2.1342, ot=0.00
00, t=0.506, tswd=0.0000]
Epoch 3/5:  93%|█████████▎| 289/312 [00:14<00:01, 19.43it/s, curv=0.0000, flow=2.1342, kin=0.0000, loss=2.1342, ot=0.00
00, t=0.506, tswd=0.0000]
Epoch 3/5:  93%|█████████▎| 291/312 [00:14<00:01, 19.31it/s, curv=0.0000, flow=2.1342, kin=0.0000, loss=2.1342, ot=0.00
00, t=0.506, tswd=0.0000]
Epoch 3/5:  94%|█████████▍| 294/312 [00:14<00:00, 19.73it/s, curv=0.0000, flow=2.1342, kin=0.0000, loss=2.1342, ot=0.00
00, t=0.506, tswd=0.0000]
Epoch 3/5:  95%|█████████▍| 296/312 [00:14<00:00, 19.20it/s, curv=0.0000, flow=2.1342, kin=0.0000, loss=2.1342, ot=0.00
00, t=0.506, tswd=0.0000]
Epoch 3/5:  96%|█████████▌| 299/312 [00:14<00:00, 19.73it/s, curv=0.0000, flow=2.1342, kin=0.0000, loss=2.1342, ot=0.00
00, t=0.506, tswd=0.0000]
Epoch 3/5:  96%|█████████▌| 299/312 [00:14<00:00, 19.73it/s, curv=0.0000, flow=2.1325, kin=0.0000, loss=2.1325, ot=0.00
00, t=0.505, tswd=0.0000]
Epoch 3/5:  97%|█████████▋| 302/312 [00:14<00:00, 20.14it/s, curv=0.0000, flow=2.1325, kin=0.0000, loss=2.1325, ot=0.00
00, t=0.505, tswd=0.0000]
Epoch 3/5:  98%|█████████▊| 305/312 [00:14<00:00, 20.54it/s, curv=0.0000, flow=2.1325, kin=0.0000, loss=2.1325, ot=0.00
00, t=0.505, tswd=0.0000]
Epoch 3/5:  99%|█████████▊| 308/312 [00:15<00:00, 20.75it/s, curv=0.0000, flow=2.1325, kin=0.0000, loss=2.1325, ot=0.00
00, t=0.505, tswd=0.0000]
Epoch 3/5: 100%|█████████▉| 311/312 [00:15<00:00, 20.48it/s, curv=0.0000, flow=2.1325, kin=0.0000, loss=2.1325, ot=0.00
00, t=0.505, tswd=0.0000]
Epoch 3/5: 100%|█████████▉| 311/312 [00:15<00:00, 20.48it/s, curv=0.0000, flow=2.1309, kin=0.0000, loss=2.1309, ot=0.00
00, t=0.505, tswd=0.0000]
Epoch 3/5: 100%|██████████| 312/312 [00:15<00:00, 20.45it/s, curv=0.0000, flow=2.1309, kin=0.0000, loss=2.1309, ot=0.00
00, t=0.505, tswd=0.0000]
2026-07-01 10:32:36,015 - INFO - Epoch 3/5 | loss=2.1309 flow=2.1309 kin=0.0000 ot=0.0000 tswd=0.0000 gini=0.000 hub=0.
000 otd=0.0000 fiber=0.000 leak=0.0000 tgtshift=0.0000 cla=0.0000 cea=0.0000 sem_attn=0.000 sem_k=0.000 topo_ent=0.000 
topo_on=0 plan_ent=0.000 bary_ent=0.000 tok_ent=0.000 tok_eff=0.0 tok_max=0.000 tok_svd=0.000 tok_cos=0.000 app_s=0.000
 app_d=0.000 sigma=0.000 bex=0 idr=0.00 t=0.505 |v|=0.000 lr=1.34e-04 data=0.4s comp=10.1s epoch=15.3s sps=327.13 bstep
=0.049s gpu=82.8/86.0% vram=3.52/3.61GB power=68.1/73.3W peak=0.59/0.66GB
2026-07-01 10:32:36,023 - INFO - Epoch 4 weight schedule: stage=0 w_content=0.0000 w_style=0.0000 w_style_strength_reg=
0.0000 sigma=0.0000

Epoch 4/5:   0%|          | 0/312 [00:00<?, ?it/s]
Epoch 4/5:   0%|          | 0/312 [00:00<?, ?it/s, curv=0.0000, flow=2.1656, kin=0.0000, loss=2.1656, ot=0.0000, t=0.47
8, tswd=0.0000]
Epoch 4/5:   1%|          | 2/312 [00:00<00:15, 19.55it/s, curv=0.0000, flow=2.1656, kin=0.0000, loss=2.1656, ot=0.0000
, t=0.478, tswd=0.0000]
Epoch 4/5:   2%|▏         | 5/312 [00:00<00:15, 20.16it/s, curv=0.0000, flow=2.1656, kin=0.0000, loss=2.1656, ot=0.0000
, t=0.478, tswd=0.0000]
Epoch 4/5:   3%|▎         | 8/312 [00:00<00:15, 20.04it/s, curv=0.0000, flow=2.1656, kin=0.0000, loss=2.1656, ot=0.0000
, t=0.478, tswd=0.0000]
Epoch 4/5:   4%|▎         | 11/312 [00:00<00:15, 20.03it/s, curv=0.0000, flow=2.1656, kin=0.0000, loss=2.1656, ot=0.000
0, t=0.478, tswd=0.0000]
Epoch 4/5:   4%|▍         | 14/312 [00:00<00:14, 19.87it/s, curv=0.0000, flow=2.1656, kin=0.0000, loss=2.1656, ot=0.000
0, t=0.478, tswd=0.0000]
Epoch 4/5:   5%|▌         | 16/312 [00:00<00:15, 19.61it/s, curv=0.0000, flow=2.1656, kin=0.0000, loss=2.1656, ot=0.000
0, t=0.478, tswd=0.0000]
Epoch 4/5:   6%|▌         | 19/312 [00:00<00:14, 19.80it/s, curv=0.0000, flow=2.1656, kin=0.0000, loss=2.1656, ot=0.000
0, t=0.478, tswd=0.0000]
Epoch 4/5:   6%|▌         | 19/312 [00:01<00:14, 19.80it/s, curv=0.0000, flow=2.0810, kin=0.0000, loss=2.0810, ot=0.000
0, t=0.486, tswd=0.0000]
Epoch 4/5:   7%|▋         | 22/312 [00:01<00:14, 20.17it/s, curv=0.0000, flow=2.0810, kin=0.0000, loss=2.0810, ot=0.000
0, t=0.486, tswd=0.0000]
Epoch 4/5:   8%|▊         | 25/312 [00:01<00:14, 20.39it/s, curv=0.0000, flow=2.0810, kin=0.0000, loss=2.0810, ot=0.000
0, t=0.486, tswd=0.0000]
Epoch 4/5:   9%|▉         | 28/312 [00:01<00:14, 19.89it/s, curv=0.0000, flow=2.0810, kin=0.0000, loss=2.0810, ot=0.000
0, t=0.486, tswd=0.0000]
Epoch 4/5:  10%|▉         | 31/312 [00:01<00:13, 20.09it/s, curv=0.0000, flow=2.0810, kin=0.0000, loss=2.0810, ot=0.000
0, t=0.486, tswd=0.0000]
Epoch 4/5:  11%|█         | 34/312 [00:01<00:13, 20.12it/s, curv=0.0000, flow=2.0810, kin=0.0000, loss=2.0810, ot=0.000
0, t=0.486, tswd=0.0000]
Epoch 4/5:  12%|█▏        | 37/312 [00:01<00:13, 20.12it/s, curv=0.0000, flow=2.0810, kin=0.0000, loss=2.0810, ot=0.000
0, t=0.486, tswd=0.0000]
Epoch 4/5:  12%|█▏        | 37/312 [00:02<00:13, 20.12it/s, curv=0.0000, flow=2.0916, kin=0.0000, loss=2.0916, ot=0.000
0, t=0.504, tswd=0.0000]
Epoch 4/5:  13%|█▎        | 40/312 [00:02<00:13, 19.72it/s, curv=0.0000, flow=2.0916, kin=0.0000, loss=2.0916, ot=0.000
0, t=0.504, tswd=0.0000]
Epoch 4/5:  14%|█▍        | 43/312 [00:02<00:13, 20.00it/s, curv=0.0000, flow=2.0916, kin=0.0000, loss=2.0916, ot=0.000
0, t=0.504, tswd=0.0000]
Epoch 4/5:  15%|█▍        | 46/312 [00:02<00:13, 20.06it/s, curv=0.0000, flow=2.0916, kin=0.0000, loss=2.0916, ot=0.000
0, t=0.504, tswd=0.0000]
Epoch 4/5:  16%|█▌        | 49/312 [00:02<00:13, 20.06it/s, curv=0.0000, flow=2.0916, kin=0.0000, loss=2.0916, ot=0.000
0, t=0.504, tswd=0.0000]
Epoch 4/5:  17%|█▋        | 52/312 [00:02<00:12, 20.00it/s, curv=0.0000, flow=2.0916, kin=0.0000, loss=2.0916, ot=0.000
0, t=0.504, tswd=0.0000]
Epoch 4/5:  18%|█▊        | 55/312 [00:02<00:12, 19.77it/s, curv=0.0000, flow=2.0916, kin=0.0000, loss=2.0916, ot=0.000
0, t=0.504, tswd=0.0000]
Epoch 4/5:  18%|█▊        | 57/312 [00:02<00:13, 19.58it/s, curv=0.0000, flow=2.0916, kin=0.0000, loss=2.0916, ot=0.000
0, t=0.504, tswd=0.0000]
Epoch 4/5:  18%|█▊        | 57/312 [00:03<00:13, 19.58it/s, curv=0.0000, flow=2.1070, kin=0.0000, loss=2.1070, ot=0.000
0, t=0.501, tswd=0.0000]
Epoch 4/5:  19%|█▉        | 60/312 [00:03<00:12, 19.91it/s, curv=0.0000, flow=2.1070, kin=0.0000, loss=2.1070, ot=0.000
0, t=0.501, tswd=0.0000]
Epoch 4/5:  20%|██        | 63/312 [00:03<00:12, 20.39it/s, curv=0.0000, flow=2.1070, kin=0.0000, loss=2.1070, ot=0.000
0, t=0.501, tswd=0.0000]
Epoch 4/5:  21%|██        | 66/312 [00:03<00:11, 20.77it/s, curv=0.0000, flow=2.1070, kin=0.0000, loss=2.1070, ot=0.000
0, t=0.501, tswd=0.0000]
Epoch 4/5:  22%|██▏       | 69/312 [00:03<00:11, 20.91it/s, curv=0.0000, flow=2.1070, kin=0.0000, loss=2.1070, ot=0.000
0, t=0.501, tswd=0.0000]
Epoch 4/5:  23%|██▎       | 72/312 [00:03<00:11, 21.12it/s, curv=0.0000, flow=2.1070, kin=0.0000, loss=2.1070, ot=0.000
0, t=0.501, tswd=0.0000]
Epoch 4/5:  24%|██▍       | 75/312 [00:03<00:11, 21.10it/s, curv=0.0000, flow=2.1070, kin=0.0000, loss=2.1070, ot=0.000
0, t=0.501, tswd=0.0000]
Epoch 4/5:  25%|██▌       | 78/312 [00:03<00:11, 20.76it/s, curv=0.0000, flow=2.1070, kin=0.0000, loss=2.1070, ot=0.000
0, t=0.501, tswd=0.0000]
Epoch 4/5:  25%|██▌       | 78/312 [00:03<00:11, 20.76it/s, curv=0.0000, flow=2.1023, kin=0.0000, loss=2.1023, ot=0.000
0, t=0.499, tswd=0.0000]
Epoch 4/5:  26%|██▌       | 81/312 [00:04<00:11, 20.57it/s, curv=0.0000, flow=2.1023, kin=0.0000, loss=2.1023, ot=0.000
0, t=0.499, tswd=0.0000]
Epoch 4/5:  27%|██▋       | 84/312 [00:04<00:11, 20.23it/s, curv=0.0000, flow=2.1023, kin=0.0000, loss=2.1023, ot=0.000
0, t=0.499, tswd=0.0000]
Epoch 4/5:  28%|██▊       | 87/312 [00:04<00:10, 20.48it/s, curv=0.0000, flow=2.1023, kin=0.0000, loss=2.1023, ot=0.000
0, t=0.499, tswd=0.0000]
Epoch 4/5:  29%|██▉       | 90/312 [00:04<00:10, 20.40it/s, curv=0.0000, flow=2.1023, kin=0.0000, loss=2.1023, ot=0.000
0, t=0.499, tswd=0.0000]
Epoch 4/5:  30%|██▉       | 93/312 [00:04<00:10, 20.35it/s, curv=0.0000, flow=2.1023, kin=0.0000, loss=2.1023, ot=0.000
0, t=0.499, tswd=0.0000]
Epoch 4/5:  31%|███       | 96/312 [00:04<00:10, 20.20it/s, curv=0.0000, flow=2.1023, kin=0.0000, loss=2.1023, ot=0.000
0, t=0.499, tswd=0.0000]
Epoch 4/5:  32%|███▏      | 99/312 [00:04<00:10, 20.09it/s, curv=0.0000, flow=2.1023, kin=0.0000, loss=2.1023, ot=0.000
0, t=0.499, tswd=0.0000]
Epoch 4/5:  32%|███▏      | 99/312 [00:04<00:10, 20.09it/s, curv=0.0000, flow=2.0951, kin=0.0000, loss=2.0951, ot=0.000
0, t=0.500, tswd=0.0000]
Epoch 4/5:  33%|███▎      | 102/312 [00:05<00:10, 20.02it/s, curv=0.0000, flow=2.0951, kin=0.0000, loss=2.0951, ot=0.00
00, t=0.500, tswd=0.0000]
Epoch 4/5:  34%|███▎      | 105/312 [00:05<00:10, 20.42it/s, curv=0.0000, flow=2.0951, kin=0.0000, loss=2.0951, ot=0.00
00, t=0.500, tswd=0.0000]
Epoch 4/5:  35%|███▍      | 108/312 [00:05<00:09, 20.71it/s, curv=0.0000, flow=2.0951, kin=0.0000, loss=2.0951, ot=0.00
00, t=0.500, tswd=0.0000]
Epoch 4/5:  36%|███▌      | 111/312 [00:05<00:09, 20.77it/s, curv=0.0000, flow=2.0951, kin=0.0000, loss=2.0951, ot=0.00
00, t=0.500, tswd=0.0000]
Epoch 4/5:  37%|███▋      | 114/312 [00:05<00:09, 21.01it/s, curv=0.0000, flow=2.0951, kin=0.0000, loss=2.0951, ot=0.00
00, t=0.500, tswd=0.0000]
Epoch 4/5:  38%|███▊      | 117/312 [00:05<00:09, 20.08it/s, curv=0.0000, flow=2.0951, kin=0.0000, loss=2.0951, ot=0.00
00, t=0.500, tswd=0.0000]
Epoch 4/5:  38%|███▊      | 117/312 [00:05<00:09, 20.08it/s, curv=0.0000, flow=2.0908, kin=0.0000, loss=2.0908, ot=0.00
00, t=0.498, tswd=0.0000]
Epoch 4/5:  38%|███▊      | 120/312 [00:05<00:09, 20.05it/s, curv=0.0000, flow=2.0908, kin=0.0000, loss=2.0908, ot=0.00
00, t=0.498, tswd=0.0000]
Epoch 4/5:  39%|███▉      | 123/312 [00:06<00:09, 19.80it/s, curv=0.0000, flow=2.0908, kin=0.0000, loss=2.0908, ot=0.00
00, t=0.498, tswd=0.0000]
Epoch 4/5:  40%|████      | 125/312 [00:06<00:09, 19.25it/s, curv=0.0000, flow=2.0908, kin=0.0000, loss=2.0908, ot=0.00
00, t=0.498, tswd=0.0000]
Epoch 4/5:  41%|████      | 127/312 [00:06<00:09, 19.29it/s, curv=0.0000, flow=2.0908, kin=0.0000, loss=2.0908, ot=0.00
00, t=0.498, tswd=0.0000]
Epoch 4/5:  42%|████▏     | 130/312 [00:06<00:09, 19.53it/s, curv=0.0000, flow=2.0908, kin=0.0000, loss=2.0908, ot=0.00
00, t=0.498, tswd=0.0000]
Epoch 4/5:  43%|████▎     | 133/312 [00:06<00:09, 19.81it/s, curv=0.0000, flow=2.0908, kin=0.0000, loss=2.0908, ot=0.00
00, t=0.498, tswd=0.0000]
Epoch 4/5:  43%|████▎     | 135/312 [00:06<00:08, 19.79it/s, curv=0.0000, flow=2.0908, kin=0.0000, loss=2.0908, ot=0.00
00, t=0.498, tswd=0.0000]
Epoch 4/5:  44%|████▍     | 137/312 [00:06<00:09, 19.35it/s, curv=0.0000, flow=2.0908, kin=0.0000, loss=2.0908, ot=0.00
00, t=0.498, tswd=0.0000]
Epoch 4/5:  45%|████▍     | 139/312 [00:06<00:09, 18.69it/s, curv=0.0000, flow=2.0908, kin=0.0000, loss=2.0908, ot=0.00
00, t=0.498, tswd=0.0000]
Epoch 4/5:  45%|████▍     | 139/312 [00:06<00:09, 18.69it/s, curv=0.0000, flow=2.0936, kin=0.0000, loss=2.0936, ot=0.00
00, t=0.496, tswd=0.0000]
Epoch 4/5:  46%|████▌     | 142/312 [00:07<00:08, 19.04it/s, curv=0.0000, flow=2.0936, kin=0.0000, loss=2.0936, ot=0.00
00, t=0.496, tswd=0.0000]
Epoch 4/5:  46%|████▋     | 145/312 [00:07<00:08, 19.03it/s, curv=0.0000, flow=2.0936, kin=0.0000, loss=2.0936, ot=0.00
00, t=0.496, tswd=0.0000]
Epoch 4/5:  47%|████▋     | 148/312 [00:07<00:08, 19.67it/s, curv=0.0000, flow=2.0936, kin=0.0000, loss=2.0936, ot=0.00
00, t=0.496, tswd=0.0000]
Epoch 4/5:  48%|████▊     | 151/312 [00:07<00:07, 20.27it/s, curv=0.0000, flow=2.0936, kin=0.0000, loss=2.0936, ot=0.00
00, t=0.496, tswd=0.0000]
Epoch 4/5:  49%|████▉     | 154/312 [00:07<00:07, 20.46it/s, curv=0.0000, flow=2.0936, kin=0.0000, loss=2.0936, ot=0.00
00, t=0.496, tswd=0.0000]
Epoch 4/5:  50%|█████     | 157/312 [00:07<00:07, 20.21it/s, curv=0.0000, flow=2.0936, kin=0.0000, loss=2.0936, ot=0.00
00, t=0.496, tswd=0.0000]
Epoch 4/5:  50%|█████     | 157/312 [00:07<00:07, 20.21it/s, curv=0.0000, flow=2.0897, kin=0.0000, loss=2.0897, ot=0.00
00, t=0.498, tswd=0.0000]
Epoch 4/5:  51%|█████▏    | 160/312 [00:07<00:07, 20.36it/s, curv=0.0000, flow=2.0897, kin=0.0000, loss=2.0897, ot=0.00
00, t=0.498, tswd=0.0000]
Epoch 4/5:  52%|█████▏    | 163/312 [00:08<00:07, 20.27it/s, curv=0.0000, flow=2.0897, kin=0.0000, loss=2.0897, ot=0.00
00, t=0.498, tswd=0.0000]
Epoch 4/5:  53%|█████▎    | 166/312 [00:08<00:07, 20.44it/s, curv=0.0000, flow=2.0897, kin=0.0000, loss=2.0897, ot=0.00
00, t=0.498, tswd=0.0000]
Epoch 4/5:  54%|█████▍    | 169/312 [00:08<00:06, 20.44it/s, curv=0.0000, flow=2.0897, kin=0.0000, loss=2.0897, ot=0.00
00, t=0.498, tswd=0.0000]
Epoch 4/5:  55%|█████▌    | 172/312 [00:08<00:06, 20.31it/s, curv=0.0000, flow=2.0897, kin=0.0000, loss=2.0897, ot=0.00
00, t=0.498, tswd=0.0000]
Epoch 4/5:  56%|█████▌    | 175/312 [00:08<00:06, 20.12it/s, curv=0.0000, flow=2.0897, kin=0.0000, loss=2.0897, ot=0.00
00, t=0.498, tswd=0.0000]
Epoch 4/5:  57%|█████▋    | 178/312 [00:08<00:06, 20.04it/s, curv=0.0000, flow=2.0897, kin=0.0000, loss=2.0897, ot=0.00
00, t=0.498, tswd=0.0000]
Epoch 4/5:  57%|█████▋    | 178/312 [00:08<00:06, 20.04it/s, curv=0.0000, flow=2.0864, kin=0.0000, loss=2.0864, ot=0.00
00, t=0.496, tswd=0.0000]
Epoch 4/5:  58%|█████▊    | 181/312 [00:09<00:06, 20.05it/s, curv=0.0000, flow=2.0864, kin=0.0000, loss=2.0864, ot=0.00
00, t=0.496, tswd=0.0000]
Epoch 4/5:  59%|█████▉    | 184/312 [00:09<00:06, 20.40it/s, curv=0.0000, flow=2.0864, kin=0.0000, loss=2.0864, ot=0.00
00, t=0.496, tswd=0.0000]
Epoch 4/5:  60%|█████▉    | 187/312 [00:09<00:06, 20.83it/s, curv=0.0000, flow=2.0864, kin=0.0000, loss=2.0864, ot=0.00
00, t=0.496, tswd=0.0000]
Epoch 4/5:  61%|██████    | 190/312 [00:09<00:05, 20.88it/s, curv=0.0000, flow=2.0864, kin=0.0000, loss=2.0864, ot=0.00
00, t=0.496, tswd=0.0000]
Epoch 4/5:  62%|██████▏   | 193/312 [00:09<00:05, 21.08it/s, curv=0.0000, flow=2.0864, kin=0.0000, loss=2.0864, ot=0.00
00, t=0.496, tswd=0.0000]
Epoch 4/5:  63%|██████▎   | 196/312 [00:09<00:05, 21.17it/s, curv=0.0000, flow=2.0864, kin=0.0000, loss=2.0864, ot=0.00
00, t=0.496, tswd=0.0000]
Epoch 4/5:  64%|██████▍   | 199/312 [00:09<00:05, 21.11it/s, curv=0.0000, flow=2.0864, kin=0.0000, loss=2.0864, ot=0.00
00, t=0.496, tswd=0.0000]
Epoch 4/5:  64%|██████▍   | 199/312 [00:09<00:05, 21.11it/s, curv=0.0000, flow=2.0880, kin=0.0000, loss=2.0880, ot=0.00
00, t=0.496, tswd=0.0000]
Epoch 4/5:  65%|██████▍   | 202/312 [00:10<00:05, 20.54it/s, curv=0.0000, flow=2.0880, kin=0.0000, loss=2.0880, ot=0.00
00, t=0.496, tswd=0.0000]
Epoch 4/5:  66%|██████▌   | 205/312 [00:10<00:05, 20.18it/s, curv=0.0000, flow=2.0880, kin=0.0000, loss=2.0880, ot=0.00
00, t=0.496, tswd=0.0000]
Epoch 4/5:  67%|██████▋   | 208/312 [00:10<00:05, 20.30it/s, curv=0.0000, flow=2.0880, kin=0.0000, loss=2.0880, ot=0.00
00, t=0.496, tswd=0.0000]
Epoch 4/5:  68%|██████▊   | 211/312 [00:10<00:04, 20.30it/s, curv=0.0000, flow=2.0880, kin=0.0000, loss=2.0880, ot=0.00
00, t=0.496, tswd=0.0000]
Epoch 4/5:  69%|██████▊   | 214/312 [00:10<00:04, 20.18it/s, curv=0.0000, flow=2.0880, kin=0.0000, loss=2.0880, ot=0.00
00, t=0.496, tswd=0.0000]
Epoch 4/5:  70%|██████▉   | 217/312 [00:10<00:04, 20.13it/s, curv=0.0000, flow=2.0880, kin=0.0000, loss=2.0880, ot=0.00
00, t=0.496, tswd=0.0000]
Epoch 4/5:  70%|██████▉   | 217/312 [00:10<00:04, 20.13it/s, curv=0.0000, flow=2.0876, kin=0.0000, loss=2.0876, ot=0.00
00, t=0.497, tswd=0.0000]
Epoch 4/5:  71%|███████   | 220/312 [00:10<00:04, 20.07it/s, curv=0.0000, flow=2.0876, kin=0.0000, loss=2.0876, ot=0.00
00, t=0.497, tswd=0.0000]
Epoch 4/5:  71%|███████▏  | 223/312 [00:11<00:04, 20.21it/s, curv=0.0000, flow=2.0876, kin=0.0000, loss=2.0876, ot=0.00
00, t=0.497, tswd=0.0000]
Epoch 4/5:  72%|███████▏  | 226/312 [00:11<00:04, 20.66it/s, curv=0.0000, flow=2.0876, kin=0.0000, loss=2.0876, ot=0.00
00, t=0.497, tswd=0.0000]
Epoch 4/5:  73%|███████▎  | 229/312 [00:11<00:04, 20.72it/s, curv=0.0000, flow=2.0876, kin=0.0000, loss=2.0876, ot=0.00
00, t=0.497, tswd=0.0000]
Epoch 4/5:  74%|███████▍  | 232/312 [00:11<00:03, 20.94it/s, curv=0.0000, flow=2.0876, kin=0.0000, loss=2.0876, ot=0.00
00, t=0.497, tswd=0.0000]
Epoch 4/5:  75%|███████▌  | 235/312 [00:11<00:03, 20.96it/s, curv=0.0000, flow=2.0876, kin=0.0000, loss=2.0876, ot=0.00
00, t=0.497, tswd=0.0000]
Epoch 4/5:  76%|███████▋  | 238/312 [00:11<00:03, 21.00it/s, curv=0.0000, flow=2.0876, kin=0.0000, loss=2.0876, ot=0.00
00, t=0.497, tswd=0.0000]
Epoch 4/5:  76%|███████▋  | 238/312 [00:11<00:03, 21.00it/s, curv=0.0000, flow=2.0899, kin=0.0000, loss=2.0899, ot=0.00
00, t=0.498, tswd=0.0000]
Epoch 4/5:  77%|███████▋  | 241/312 [00:11<00:03, 21.07it/s, curv=0.0000, flow=2.0899, kin=0.0000, loss=2.0899, ot=0.00
00, t=0.498, tswd=0.0000]
Epoch 4/5:  78%|███████▊  | 244/312 [00:12<00:03, 21.10it/s, curv=0.0000, flow=2.0899, kin=0.0000, loss=2.0899, ot=0.00
00, t=0.498, tswd=0.0000]
Epoch 4/5:  79%|███████▉  | 247/312 [00:12<00:03, 20.88it/s, curv=0.0000, flow=2.0899, kin=0.0000, loss=2.0899, ot=0.00
00, t=0.498, tswd=0.0000]
Epoch 4/5:  80%|████████  | 250/312 [00:12<00:03, 20.65it/s, curv=0.0000, flow=2.0899, kin=0.0000, loss=2.0899, ot=0.00
00, t=0.498, tswd=0.0000]
Epoch 4/5:  81%|████████  | 253/312 [00:12<00:02, 20.25it/s, curv=0.0000, flow=2.0899, kin=0.0000, loss=2.0899, ot=0.00
00, t=0.498, tswd=0.0000]
Epoch 4/5:  82%|████████▏ | 256/312 [00:12<00:02, 19.43it/s, curv=0.0000, flow=2.0899, kin=0.0000, loss=2.0899, ot=0.00
00, t=0.498, tswd=0.0000]
Epoch 4/5:  83%|████████▎ | 258/312 [00:12<00:02, 19.00it/s, curv=0.0000, flow=2.0899, kin=0.0000, loss=2.0899, ot=0.00
00, t=0.498, tswd=0.0000]
Epoch 4/5:  83%|████████▎ | 258/312 [00:12<00:02, 19.00it/s, curv=0.0000, flow=2.0891, kin=0.0000, loss=2.0891, ot=0.00
00, t=0.498, tswd=0.0000]
Epoch 4/5:  84%|████████▎ | 261/312 [00:12<00:02, 19.40it/s, curv=0.0000, flow=2.0891, kin=0.0000, loss=2.0891, ot=0.00
00, t=0.498, tswd=0.0000]
Epoch 4/5:  85%|████████▍ | 264/312 [00:13<00:02, 19.64it/s, curv=0.0000, flow=2.0891, kin=0.0000, loss=2.0891, ot=0.00
00, t=0.498, tswd=0.0000]
Epoch 4/5:  86%|████████▌ | 267/312 [00:13<00:02, 20.08it/s, curv=0.0000, flow=2.0891, kin=0.0000, loss=2.0891, ot=0.00
00, t=0.498, tswd=0.0000]
Epoch 4/5:  87%|████████▋ | 270/312 [00:13<00:02, 20.29it/s, curv=0.0000, flow=2.0891, kin=0.0000, loss=2.0891, ot=0.00
00, t=0.498, tswd=0.0000]
Epoch 4/5:  88%|████████▊ | 273/312 [00:13<00:01, 20.55it/s, curv=0.0000, flow=2.0891, kin=0.0000, loss=2.0891, ot=0.00
00, t=0.498, tswd=0.0000]
Epoch 4/5:  88%|████████▊ | 276/312 [00:13<00:01, 20.42it/s, curv=0.0000, flow=2.0891, kin=0.0000, loss=2.0891, ot=0.00
00, t=0.498, tswd=0.0000]
Epoch 4/5:  89%|████████▉ | 279/312 [00:13<00:01, 20.46it/s, curv=0.0000, flow=2.0891, kin=0.0000, loss=2.0891, ot=0.00
00, t=0.498, tswd=0.0000]
Epoch 4/5:  89%|████████▉ | 279/312 [00:13<00:01, 20.46it/s, curv=0.0000, flow=2.0884, kin=0.0000, loss=2.0884, ot=0.00
00, t=0.497, tswd=0.0000]
Epoch 4/5:  90%|█████████ | 282/312 [00:13<00:01, 20.73it/s, curv=0.0000, flow=2.0884, kin=0.0000, loss=2.0884, ot=0.00
00, t=0.497, tswd=0.0000]
Epoch 4/5:  91%|█████████▏| 285/312 [00:14<00:01, 20.73it/s, curv=0.0000, flow=2.0884, kin=0.0000, loss=2.0884, ot=0.00
00, t=0.497, tswd=0.0000]
Epoch 4/5:  92%|█████████▏| 288/312 [00:14<00:01, 20.70it/s, curv=0.0000, flow=2.0884, kin=0.0000, loss=2.0884, ot=0.00
00, t=0.497, tswd=0.0000]
Epoch 4/5:  93%|█████████▎| 291/312 [00:14<00:01, 20.49it/s, curv=0.0000, flow=2.0884, kin=0.0000, loss=2.0884, ot=0.00
00, t=0.497, tswd=0.0000]
Epoch 4/5:  94%|█████████▍| 294/312 [00:14<00:00, 20.43it/s, curv=0.0000, flow=2.0884, kin=0.0000, loss=2.0884, ot=0.00
00, t=0.497, tswd=0.0000]
Epoch 4/5:  95%|█████████▌| 297/312 [00:14<00:00, 20.36it/s, curv=0.0000, flow=2.0884, kin=0.0000, loss=2.0884, ot=0.00
00, t=0.497, tswd=0.0000]
Epoch 4/5:  95%|█████████▌| 297/312 [00:14<00:00, 20.36it/s, curv=0.0000, flow=2.0921, kin=0.0000, loss=2.0921, ot=0.00
00, t=0.499, tswd=0.0000]
Epoch 4/5:  96%|█████████▌| 300/312 [00:14<00:00, 20.06it/s, curv=0.0000, flow=2.0921, kin=0.0000, loss=2.0921, ot=0.00
00, t=0.499, tswd=0.0000]
Epoch 4/5:  97%|█████████▋| 303/312 [00:14<00:00, 20.07it/s, curv=0.0000, flow=2.0921, kin=0.0000, loss=2.0921, ot=0.00
00, t=0.499, tswd=0.0000]
Epoch 4/5:  98%|█████████▊| 306/312 [00:15<00:00, 20.28it/s, curv=0.0000, flow=2.0921, kin=0.0000, loss=2.0921, ot=0.00
00, t=0.499, tswd=0.0000]
Epoch 4/5:  99%|█████████▉| 309/312 [00:15<00:00, 20.22it/s, curv=0.0000, flow=2.0921, kin=0.0000, loss=2.0921, ot=0.00
00, t=0.499, tswd=0.0000]
Epoch 4/5:  99%|█████████▉| 309/312 [00:15<00:00, 20.22it/s, curv=0.0000, flow=2.0917, kin=0.0000, loss=2.0917, ot=0.00
00, t=0.499, tswd=0.0000]
Epoch 4/5: 100%|██████████| 312/312 [00:15<00:00, 20.56it/s, curv=0.0000, flow=2.0917, kin=0.0000, loss=2.0917, ot=0.00
00, t=0.499, tswd=0.0000]
Epoch 4/5: 100%|██████████| 312/312 [00:15<00:00, 20.25it/s, curv=0.0000, flow=2.0917, kin=0.0000, loss=2.0917, ot=0.00
00, t=0.499, tswd=0.0000]
2026-07-01 10:32:51,533 - INFO - Epoch 4/5 | loss=2.0917 flow=2.0917 kin=0.0000 ot=0.0000 tswd=0.0000 gini=0.000 hub=0.
000 otd=0.0000 fiber=0.000 leak=0.0000 tgtshift=0.0000 cla=0.0000 cea=0.0000 sem_attn=0.000 sem_k=0.000 topo_ent=0.000 
topo_on=0 plan_ent=0.000 bary_ent=0.000 tok_ent=0.000 tok_eff=0.0 tok_max=0.000 tok_svd=0.000 tok_cos=0.000 app_s=0.000
 app_d=0.000 sigma=0.000 bex=0 idr=0.00 t=0.499 |v|=0.000 lr=7.56e-05 data=0.5s comp=10.6s epoch=15.4s sps=324.06 bstep
=0.049s gpu=79.7/82.0% vram=3.48/3.55GB power=66.2/68.8W peak=0.59/0.66GB
2026-07-01 10:32:51,542 - INFO - Epoch 5 weight schedule: stage=0 w_content=0.0000 w_style=0.0000 w_style_strength_reg=
0.0000 sigma=0.0000

Epoch 5/5:   0%|          | 0/312 [00:00<?, ?it/s]
Epoch 5/5:   0%|          | 0/312 [00:00<?, ?it/s, curv=0.0000, flow=2.1563, kin=0.0000, loss=2.1563, ot=0.0000, t=0.59
1, tswd=0.0000]
Epoch 5/5:   1%|          | 3/312 [00:00<00:14, 20.94it/s, curv=0.0000, flow=2.1563, kin=0.0000, loss=2.1563, ot=0.0000
, t=0.591, tswd=0.0000]
Epoch 5/5:   2%|▏         | 6/312 [00:00<00:15, 20.24it/s, curv=0.0000, flow=2.1563, kin=0.0000, loss=2.1563, ot=0.0000
, t=0.591, tswd=0.0000]
Epoch 5/5:   3%|▎         | 9/312 [00:00<00:14, 20.44it/s, curv=0.0000, flow=2.1563, kin=0.0000, loss=2.1563, ot=0.0000
, t=0.591, tswd=0.0000]
Epoch 5/5:   4%|▍         | 12/312 [00:00<00:14, 20.67it/s, curv=0.0000, flow=2.1563, kin=0.0000, loss=2.1563, ot=0.000
0, t=0.591, tswd=0.0000]
Epoch 5/5:   5%|▍         | 15/312 [00:00<00:14, 20.47it/s, curv=0.0000, flow=2.1563, kin=0.0000, loss=2.1563, ot=0.000
0, t=0.591, tswd=0.0000]
Epoch 5/5:   6%|▌         | 18/312 [00:00<00:14, 20.39it/s, curv=0.0000, flow=2.1563, kin=0.0000, loss=2.1563, ot=0.000
0, t=0.591, tswd=0.0000]
Epoch 5/5:   6%|▌         | 18/312 [00:00<00:14, 20.39it/s, curv=0.0000, flow=2.1268, kin=0.0000, loss=2.1268, ot=0.000
0, t=0.502, tswd=0.0000]
Epoch 5/5:   7%|▋         | 21/312 [00:01<00:14, 20.24it/s, curv=0.0000, flow=2.1268, kin=0.0000, loss=2.1268, ot=0.000
0, t=0.502, tswd=0.0000]
Epoch 5/5:   8%|▊         | 24/312 [00:01<00:14, 20.23it/s, curv=0.0000, flow=2.1268, kin=0.0000, loss=2.1268, ot=0.000
0, t=0.502, tswd=0.0000]
Epoch 5/5:   9%|▊         | 27/312 [00:01<00:14, 19.98it/s, curv=0.0000, flow=2.1268, kin=0.0000, loss=2.1268, ot=0.000
0, t=0.502, tswd=0.0000]
Epoch 5/5:  10%|▉         | 30/312 [00:01<00:13, 20.19it/s, curv=0.0000, flow=2.1268, kin=0.0000, loss=2.1268, ot=0.000
0, t=0.502, tswd=0.0000]
Epoch 5/5:  11%|█         | 33/312 [00:01<00:13, 20.49it/s, curv=0.0000, flow=2.1268, kin=0.0000, loss=2.1268, ot=0.000
0, t=0.502, tswd=0.0000]
Epoch 5/5:  12%|█▏        | 36/312 [00:01<00:13, 20.90it/s, curv=0.0000, flow=2.1268, kin=0.0000, loss=2.1268, ot=0.000
0, t=0.502, tswd=0.0000]
Epoch 5/5:  12%|█▎        | 39/312 [00:01<00:12, 21.17it/s, curv=0.0000, flow=2.1268, kin=0.0000, loss=2.1268, ot=0.000
0, t=0.502, tswd=0.0000]
Epoch 5/5:  12%|█▎        | 39/312 [00:01<00:12, 21.17it/s, curv=0.0000, flow=2.0834, kin=0.0000, loss=2.0834, ot=0.000
0, t=0.503, tswd=0.0000]
Epoch 5/5:  13%|█▎        | 42/312 [00:02<00:12, 21.14it/s, curv=0.0000, flow=2.0834, kin=0.0000, loss=2.0834, ot=0.000
0, t=0.503, tswd=0.0000]
Epoch 5/5:  14%|█▍        | 45/312 [00:02<00:12, 21.04it/s, curv=0.0000, flow=2.0834, kin=0.0000, loss=2.0834, ot=0.000
0, t=0.503, tswd=0.0000]
Epoch 5/5:  15%|█▌        | 48/312 [00:02<00:12, 20.87it/s, curv=0.0000, flow=2.0834, kin=0.0000, loss=2.0834, ot=0.000
0, t=0.503, tswd=0.0000]
Epoch 5/5:  16%|█▋        | 51/312 [00:02<00:12, 21.04it/s, curv=0.0000, flow=2.0834, kin=0.0000, loss=2.0834, ot=0.000
0, t=0.503, tswd=0.0000]
Epoch 5/5:  17%|█▋        | 54/312 [00:02<00:12, 20.73it/s, curv=0.0000, flow=2.0834, kin=0.0000, loss=2.0834, ot=0.000
0, t=0.503, tswd=0.0000]
Epoch 5/5:  18%|█▊        | 57/312 [00:02<00:12, 20.32it/s, curv=0.0000, flow=2.0834, kin=0.0000, loss=2.0834, ot=0.000
0, t=0.503, tswd=0.0000]
Epoch 5/5:  18%|█▊        | 57/312 [00:02<00:12, 20.32it/s, curv=0.0000, flow=2.0852, kin=0.0000, loss=2.0852, ot=0.000
0, t=0.495, tswd=0.0000]
Epoch 5/5:  19%|█▉        | 60/312 [00:02<00:12, 20.33it/s, curv=0.0000, flow=2.0852, kin=0.0000, loss=2.0852, ot=0.000
0, t=0.495, tswd=0.0000]
Epoch 5/5:  20%|██        | 63/312 [00:03<00:12, 20.36it/s, curv=0.0000, flow=2.0852, kin=0.0000, loss=2.0852, ot=0.000
0, t=0.495, tswd=0.0000]
Epoch 5/5:  21%|██        | 66/312 [00:03<00:12, 20.29it/s, curv=0.0000, flow=2.0852, kin=0.0000, loss=2.0852, ot=0.000
0, t=0.495, tswd=0.0000]
Epoch 5/5:  22%|██▏       | 69/312 [00:03<00:12, 19.86it/s, curv=0.0000, flow=2.0852, kin=0.0000, loss=2.0852, ot=0.000
0, t=0.495, tswd=0.0000]
Epoch 5/5:  23%|██▎       | 71/312 [00:03<00:12, 19.49it/s, curv=0.0000, flow=2.0852, kin=0.0000, loss=2.0852, ot=0.000
0, t=0.495, tswd=0.0000]
Epoch 5/5:  23%|██▎       | 73/312 [00:03<00:12, 19.50it/s, curv=0.0000, flow=2.0852, kin=0.0000, loss=2.0852, ot=0.000
0, t=0.495, tswd=0.0000]
Epoch 5/5:  24%|██▍       | 76/312 [00:03<00:11, 19.85it/s, curv=0.0000, flow=2.0852, kin=0.0000, loss=2.0852, ot=0.000
0, t=0.495, tswd=0.0000]
Epoch 5/5:  25%|██▌       | 79/312 [00:03<00:11, 20.28it/s, curv=0.0000, flow=2.0852, kin=0.0000, loss=2.0852, ot=0.000
0, t=0.495, tswd=0.0000]
Epoch 5/5:  25%|██▌       | 79/312 [00:03<00:11, 20.28it/s, curv=0.0000, flow=2.0787, kin=0.0000, loss=2.0787, ot=0.000
0, t=0.505, tswd=0.0000]
Epoch 5/5:  26%|██▋       | 82/312 [00:04<00:11, 20.65it/s, curv=0.0000, flow=2.0787, kin=0.0000, loss=2.0787, ot=0.000
0, t=0.505, tswd=0.0000]
Epoch 5/5:  27%|██▋       | 85/312 [00:04<00:10, 20.79it/s, curv=0.0000, flow=2.0787, kin=0.0000, loss=2.0787, ot=0.000
0, t=0.505, tswd=0.0000]
Epoch 5/5:  28%|██▊       | 88/312 [00:04<00:10, 20.68it/s, curv=0.0000, flow=2.0787, kin=0.0000, loss=2.0787, ot=0.000
0, t=0.505, tswd=0.0000]
Epoch 5/5:  29%|██▉       | 91/312 [00:04<00:10, 20.42it/s, curv=0.0000, flow=2.0787, kin=0.0000, loss=2.0787, ot=0.000
0, t=0.505, tswd=0.0000]
Epoch 5/5:  30%|███       | 94/312 [00:04<00:11, 19.79it/s, curv=0.0000, flow=2.0787, kin=0.0000, loss=2.0787, ot=0.000
0, t=0.505, tswd=0.0000]
Epoch 5/5:  31%|███       | 96/312 [00:04<00:10, 19.76it/s, curv=0.0000, flow=2.0787, kin=0.0000, loss=2.0787, ot=0.000
0, t=0.505, tswd=0.0000]
Epoch 5/5:  32%|███▏      | 99/312 [00:04<00:10, 19.93it/s, curv=0.0000, flow=2.0787, kin=0.0000, loss=2.0787, ot=0.000
0, t=0.505, tswd=0.0000]
Epoch 5/5:  32%|███▏      | 99/312 [00:04<00:10, 19.93it/s, curv=0.0000, flow=2.0766, kin=0.0000, loss=2.0766, ot=0.000
0, t=0.499, tswd=0.0000]
Epoch 5/5:  33%|███▎      | 102/312 [00:05<00:10, 19.96it/s, curv=0.0000, flow=2.0766, kin=0.0000, loss=2.0766, ot=0.00
00, t=0.499, tswd=0.0000]
Epoch 5/5:  34%|███▎      | 105/312 [00:05<00:10, 19.98it/s, curv=0.0000, flow=2.0766, kin=0.0000, loss=2.0766, ot=0.00
00, t=0.499, tswd=0.0000]
Epoch 5/5:  34%|███▍      | 107/312 [00:05<00:10, 19.80it/s, curv=0.0000, flow=2.0766, kin=0.0000, loss=2.0766, ot=0.00
00, t=0.499, tswd=0.0000]
Epoch 5/5:  35%|███▌      | 110/312 [00:05<00:10, 20.02it/s, curv=0.0000, flow=2.0766, kin=0.0000, loss=2.0766, ot=0.00
00, t=0.499, tswd=0.0000]
Epoch 5/5:  36%|███▌      | 112/312 [00:05<00:09, 20.00it/s, curv=0.0000, flow=2.0766, kin=0.0000, loss=2.0766, ot=0.00
00, t=0.499, tswd=0.0000]
Epoch 5/5:  37%|███▋      | 115/312 [00:05<00:09, 20.44it/s, curv=0.0000, flow=2.0766, kin=0.0000, loss=2.0766, ot=0.00
00, t=0.499, tswd=0.0000]
Epoch 5/5:  38%|███▊      | 118/312 [00:05<00:09, 20.77it/s, curv=0.0000, flow=2.0766, kin=0.0000, loss=2.0766, ot=0.00
00, t=0.499, tswd=0.0000]
Epoch 5/5:  38%|███▊      | 118/312 [00:05<00:09, 20.77it/s, curv=0.0000, flow=2.0747, kin=0.0000, loss=2.0747, ot=0.00
00, t=0.496, tswd=0.0000]
Epoch 5/5:  39%|███▉      | 121/312 [00:05<00:09, 20.83it/s, curv=0.0000, flow=2.0747, kin=0.0000, loss=2.0747, ot=0.00
00, t=0.496, tswd=0.0000]
Epoch 5/5:  40%|███▉      | 124/312 [00:06<00:09, 20.17it/s, curv=0.0000, flow=2.0747, kin=0.0000, loss=2.0747, ot=0.00
00, t=0.496, tswd=0.0000]
Epoch 5/5:  41%|████      | 127/312 [00:06<00:09, 19.46it/s, curv=0.0000, flow=2.0747, kin=0.0000, loss=2.0747, ot=0.00
00, t=0.496, tswd=0.0000]
Epoch 5/5:  41%|████▏     | 129/312 [00:06<00:09, 19.48it/s, curv=0.0000, flow=2.0747, kin=0.0000, loss=2.0747, ot=0.00
00, t=0.496, tswd=0.0000]
Epoch 5/5:  42%|████▏     | 132/312 [00:06<00:09, 19.77it/s, curv=0.0000, flow=2.0747, kin=0.0000, loss=2.0747, ot=0.00
00, t=0.496, tswd=0.0000]
Epoch 5/5:  43%|████▎     | 135/312 [00:06<00:08, 19.94it/s, curv=0.0000, flow=2.0747, kin=0.0000, loss=2.0747, ot=0.00
00, t=0.496, tswd=0.0000]
Epoch 5/5:  44%|████▍     | 138/312 [00:06<00:08, 20.12it/s, curv=0.0000, flow=2.0747, kin=0.0000, loss=2.0747, ot=0.00
00, t=0.496, tswd=0.0000]
Epoch 5/5:  44%|████▍     | 138/312 [00:06<00:08, 20.12it/s, curv=0.0000, flow=2.0754, kin=0.0000, loss=2.0754, ot=0.00
00, t=0.497, tswd=0.0000]
Epoch 5/5:  45%|████▌     | 141/312 [00:06<00:08, 19.62it/s, curv=0.0000, flow=2.0754, kin=0.0000, loss=2.0754, ot=0.00
00, t=0.497, tswd=0.0000]
Epoch 5/5:  46%|████▌     | 143/312 [00:07<00:08, 19.27it/s, curv=0.0000, flow=2.0754, kin=0.0000, loss=2.0754, ot=0.00
00, t=0.497, tswd=0.0000]
Epoch 5/5:  46%|████▋     | 145/312 [00:07<00:08, 19.25it/s, curv=0.0000, flow=2.0754, kin=0.0000, loss=2.0754, ot=0.00
00, t=0.497, tswd=0.0000]
Epoch 5/5:  47%|████▋     | 147/312 [00:07<00:08, 19.10it/s, curv=0.0000, flow=2.0754, kin=0.0000, loss=2.0754, ot=0.00
00, t=0.497, tswd=0.0000]
Epoch 5/5:  48%|████▊     | 149/312 [00:07<00:08, 19.09it/s, curv=0.0000, flow=2.0754, kin=0.0000, loss=2.0754, ot=0.00
00, t=0.497, tswd=0.0000]
Epoch 5/5:  48%|████▊     | 151/312 [00:07<00:08, 19.20it/s, curv=0.0000, flow=2.0754, kin=0.0000, loss=2.0754, ot=0.00
00, t=0.497, tswd=0.0000]
Epoch 5/5:  49%|████▉     | 153/312 [00:07<00:08, 18.63it/s, curv=0.0000, flow=2.0754, kin=0.0000, loss=2.0754, ot=0.00
00, t=0.497, tswd=0.0000]
Epoch 5/5:  50%|████▉     | 155/312 [00:07<00:08, 18.64it/s, curv=0.0000, flow=2.0754, kin=0.0000, loss=2.0754, ot=0.00
00, t=0.497, tswd=0.0000]
Epoch 5/5:  51%|█████     | 158/312 [00:07<00:07, 19.42it/s, curv=0.0000, flow=2.0754, kin=0.0000, loss=2.0754, ot=0.00
00, t=0.497, tswd=0.0000]
Epoch 5/5:  51%|█████     | 158/312 [00:07<00:07, 19.42it/s, curv=0.0000, flow=2.0734, kin=0.0000, loss=2.0734, ot=0.00
00, t=0.499, tswd=0.0000]
Epoch 5/5:  52%|█████▏    | 161/312 [00:08<00:07, 19.71it/s, curv=0.0000, flow=2.0734, kin=0.0000, loss=2.0734, ot=0.00
00, t=0.499, tswd=0.0000]
Epoch 5/5:  53%|█████▎    | 164/312 [00:08<00:07, 20.07it/s, curv=0.0000, flow=2.0734, kin=0.0000, loss=2.0734, ot=0.00
00, t=0.499, tswd=0.0000]
Epoch 5/5:  53%|█████▎    | 166/312 [00:08<00:07, 19.95it/s, curv=0.0000, flow=2.0734, kin=0.0000, loss=2.0734, ot=0.00
00, t=0.499, tswd=0.0000]
Epoch 5/5:  54%|█████▍    | 168/312 [00:08<00:07, 19.60it/s, curv=0.0000, flow=2.0734, kin=0.0000, loss=2.0734, ot=0.00
00, t=0.499, tswd=0.0000]
Epoch 5/5:  54%|█████▍    | 170/312 [00:08<00:07, 19.34it/s, curv=0.0000, flow=2.0734, kin=0.0000, loss=2.0734, ot=0.00
00, t=0.499, tswd=0.0000]
Epoch 5/5:  55%|█████▌    | 172/312 [00:08<00:07, 19.35it/s, curv=0.0000, flow=2.0734, kin=0.0000, loss=2.0734, ot=0.00
00, t=0.499, tswd=0.0000]
Epoch 5/5:  56%|█████▌    | 174/312 [00:08<00:07, 19.32it/s, curv=0.0000, flow=2.0734, kin=0.0000, loss=2.0734, ot=0.00
00, t=0.499, tswd=0.0000]
Epoch 5/5:  56%|█████▋    | 176/312 [00:08<00:06, 19.51it/s, curv=0.0000, flow=2.0734, kin=0.0000, loss=2.0734, ot=0.00
00, t=0.499, tswd=0.0000]
Epoch 5/5:  57%|█████▋    | 178/312 [00:08<00:06, 19.61it/s, curv=0.0000, flow=2.0734, kin=0.0000, loss=2.0734, ot=0.00
00, t=0.499, tswd=0.0000]
Epoch 5/5:  57%|█████▋    | 178/312 [00:08<00:06, 19.61it/s, curv=0.0000, flow=2.0756, kin=0.0000, loss=2.0756, ot=0.00
00, t=0.497, tswd=0.0000]
Epoch 5/5:  58%|█████▊    | 180/312 [00:08<00:06, 19.62it/s, curv=0.0000, flow=2.0756, kin=0.0000, loss=2.0756, ot=0.00
00, t=0.497, tswd=0.0000]
Epoch 5/5:  58%|█████▊    | 182/312 [00:09<00:06, 19.58it/s, curv=0.0000, flow=2.0756, kin=0.0000, loss=2.0756, ot=0.00
00, t=0.497, tswd=0.0000]
Epoch 5/5:  59%|█████▉    | 184/312 [00:09<00:06, 19.42it/s, curv=0.0000, flow=2.0756, kin=0.0000, loss=2.0756, ot=0.00
00, t=0.497, tswd=0.0000]
Epoch 5/5:  60%|█████▉    | 186/312 [00:09<00:06, 19.38it/s, curv=0.0000, flow=2.0756, kin=0.0000, loss=2.0756, ot=0.00
00, t=0.497, tswd=0.0000]
Epoch 5/5:  61%|██████    | 189/312 [00:09<00:06, 19.78it/s, curv=0.0000, flow=2.0756, kin=0.0000, loss=2.0756, ot=0.00
00, t=0.497, tswd=0.0000]
Epoch 5/5:  62%|██████▏   | 192/312 [00:09<00:05, 20.31it/s, curv=0.0000, flow=2.0756, kin=0.0000, loss=2.0756, ot=0.00
00, t=0.497, tswd=0.0000]
Epoch 5/5:  62%|██████▎   | 195/312 [00:09<00:05, 20.58it/s, curv=0.0000, flow=2.0756, kin=0.0000, loss=2.0756, ot=0.00
00, t=0.497, tswd=0.0000]
Epoch 5/5:  63%|██████▎   | 198/312 [00:09<00:05, 20.89it/s, curv=0.0000, flow=2.0756, kin=0.0000, loss=2.0756, ot=0.00
00, t=0.497, tswd=0.0000]
Epoch 5/5:  63%|██████▎   | 198/312 [00:09<00:05, 20.89it/s, curv=0.0000, flow=2.0729, kin=0.0000, loss=2.0729, ot=0.00
00, t=0.497, tswd=0.0000]
Epoch 5/5:  64%|██████▍   | 201/312 [00:10<00:05, 20.43it/s, curv=0.0000, flow=2.0729, kin=0.0000, loss=2.0729, ot=0.00
00, t=0.497, tswd=0.0000]
Epoch 5/5:  65%|██████▌   | 204/312 [00:10<00:05, 20.13it/s, curv=0.0000, flow=2.0729, kin=0.0000, loss=2.0729, ot=0.00
00, t=0.497, tswd=0.0000]
Epoch 5/5:  66%|██████▋   | 207/312 [00:10<00:05, 20.13it/s, curv=0.0000, flow=2.0729, kin=0.0000, loss=2.0729, ot=0.00
00, t=0.497, tswd=0.0000]
Epoch 5/5:  67%|██████▋   | 210/312 [00:10<00:05, 20.07it/s, curv=0.0000, flow=2.0729, kin=0.0000, loss=2.0729, ot=0.00
00, t=0.497, tswd=0.0000]
Epoch 5/5:  68%|██████▊   | 213/312 [00:10<00:04, 19.94it/s, curv=0.0000, flow=2.0729, kin=0.0000, loss=2.0729, ot=0.00
00, t=0.497, tswd=0.0000]
Epoch 5/5:  69%|██████▉   | 216/312 [00:10<00:04, 20.27it/s, curv=0.0000, flow=2.0729, kin=0.0000, loss=2.0729, ot=0.00
00, t=0.497, tswd=0.0000]
Epoch 5/5:  70%|███████   | 219/312 [00:10<00:04, 20.13it/s, curv=0.0000, flow=2.0729, kin=0.0000, loss=2.0729, ot=0.00
00, t=0.497, tswd=0.0000]
Epoch 5/5:  70%|███████   | 219/312 [00:10<00:04, 20.13it/s, curv=0.0000, flow=2.0734, kin=0.0000, loss=2.0734, ot=0.00
00, t=0.498, tswd=0.0000]
Epoch 5/5:  71%|███████   | 222/312 [00:11<00:04, 20.13it/s, curv=0.0000, flow=2.0734, kin=0.0000, loss=2.0734, ot=0.00
00, t=0.498, tswd=0.0000]
Epoch 5/5:  72%|███████▏  | 225/312 [00:11<00:04, 19.96it/s, curv=0.0000, flow=2.0734, kin=0.0000, loss=2.0734, ot=0.00
00, t=0.498, tswd=0.0000]
Epoch 5/5:  73%|███████▎  | 227/312 [00:11<00:04, 19.96it/s, curv=0.0000, flow=2.0734, kin=0.0000, loss=2.0734, ot=0.00
00, t=0.498, tswd=0.0000]
Epoch 5/5:  73%|███████▎  | 229/312 [00:11<00:04, 19.96it/s, curv=0.0000, flow=2.0734, kin=0.0000, loss=2.0734, ot=0.00
00, t=0.498, tswd=0.0000]
Epoch 5/5:  74%|███████▍  | 231/312 [00:11<00:04, 19.62it/s, curv=0.0000, flow=2.0734, kin=0.0000, loss=2.0734, ot=0.00
00, t=0.498, tswd=0.0000]
Epoch 5/5:  75%|███████▌  | 234/312 [00:11<00:03, 19.98it/s, curv=0.0000, flow=2.0734, kin=0.0000, loss=2.0734, ot=0.00
00, t=0.498, tswd=0.0000]
Epoch 5/5:  76%|███████▌  | 237/312 [00:11<00:03, 20.33it/s, curv=0.0000, flow=2.0734, kin=0.0000, loss=2.0734, ot=0.00
00, t=0.498, tswd=0.0000]
Epoch 5/5:  76%|███████▌  | 237/312 [00:11<00:03, 20.33it/s, curv=0.0000, flow=2.0730, kin=0.0000, loss=2.0730, ot=0.00
00, t=0.499, tswd=0.0000]
Epoch 5/5:  77%|███████▋  | 240/312 [00:11<00:03, 20.58it/s, curv=0.0000, flow=2.0730, kin=0.0000, loss=2.0730, ot=0.00
00, t=0.499, tswd=0.0000]
Epoch 5/5:  78%|███████▊  | 243/312 [00:12<00:03, 20.74it/s, curv=0.0000, flow=2.0730, kin=0.0000, loss=2.0730, ot=0.00
00, t=0.499, tswd=0.0000]
Epoch 5/5:  79%|███████▉  | 246/312 [00:12<00:03, 20.49it/s, curv=0.0000, flow=2.0730, kin=0.0000, loss=2.0730, ot=0.00
00, t=0.499, tswd=0.0000]
Epoch 5/5:  80%|███████▉  | 249/312 [00:12<00:03, 20.45it/s, curv=0.0000, flow=2.0730, kin=0.0000, loss=2.0730, ot=0.00
00, t=0.499, tswd=0.0000]
Epoch 5/5:  81%|████████  | 252/312 [00:12<00:02, 20.15it/s, curv=0.0000, flow=2.0730, kin=0.0000, loss=2.0730, ot=0.00
00, t=0.499, tswd=0.0000]
Epoch 5/5:  82%|████████▏ | 255/312 [00:12<00:02, 19.84it/s, curv=0.0000, flow=2.0730, kin=0.0000, loss=2.0730, ot=0.00
00, t=0.499, tswd=0.0000]
Epoch 5/5:  83%|████████▎ | 258/312 [00:12<00:02, 20.12it/s, curv=0.0000, flow=2.0730, kin=0.0000, loss=2.0730, ot=0.00
00, t=0.499, tswd=0.0000]
Epoch 5/5:  83%|████████▎ | 258/312 [00:12<00:02, 20.12it/s, curv=0.0000, flow=2.0708, kin=0.0000, loss=2.0708, ot=0.00
00, t=0.499, tswd=0.0000]
Epoch 5/5:  84%|████████▎ | 261/312 [00:13<00:02, 19.86it/s, curv=0.0000, flow=2.0708, kin=0.0000, loss=2.0708, ot=0.00
00, t=0.499, tswd=0.0000]
Epoch 5/5:  84%|████████▍ | 263/312 [00:13<00:02, 19.54it/s, curv=0.0000, flow=2.0708, kin=0.0000, loss=2.0708, ot=0.00
00, t=0.499, tswd=0.0000]
Epoch 5/5:  85%|████████▍ | 265/312 [00:13<00:02, 19.49it/s, curv=0.0000, flow=2.0708, kin=0.0000, loss=2.0708, ot=0.00
00, t=0.499, tswd=0.0000]
Epoch 5/5:  86%|████████▌ | 267/312 [00:13<00:02, 19.48it/s, curv=0.0000, flow=2.0708, kin=0.0000, loss=2.0708, ot=0.00
00, t=0.499, tswd=0.0000]
Epoch 5/5:  86%|████████▌ | 269/312 [00:13<00:02, 19.47it/s, curv=0.0000, flow=2.0708, kin=0.0000, loss=2.0708, ot=0.00
00, t=0.499, tswd=0.0000]
Epoch 5/5:  87%|████████▋ | 271/312 [00:13<00:02, 19.22it/s, curv=0.0000, flow=2.0708, kin=0.0000, loss=2.0708, ot=0.00
00, t=0.499, tswd=0.0000]
Epoch 5/5:  88%|████████▊ | 274/312 [00:13<00:01, 19.51it/s, curv=0.0000, flow=2.0708, kin=0.0000, loss=2.0708, ot=0.00
00, t=0.499, tswd=0.0000]
Epoch 5/5:  89%|████████▉ | 277/312 [00:13<00:01, 19.95it/s, curv=0.0000, flow=2.0708, kin=0.0000, loss=2.0708, ot=0.00
00, t=0.499, tswd=0.0000]
Epoch 5/5:  89%|████████▉ | 277/312 [00:13<00:01, 19.95it/s, curv=0.0000, flow=2.0728, kin=0.0000, loss=2.0728, ot=0.00
00, t=0.500, tswd=0.0000]
Epoch 5/5:  90%|████████▉ | 280/312 [00:13<00:01, 20.38it/s, curv=0.0000, flow=2.0728, kin=0.0000, loss=2.0728, ot=0.00
00, t=0.500, tswd=0.0000]
Epoch 5/5:  91%|█████████ | 283/312 [00:14<00:01, 20.48it/s, curv=0.0000, flow=2.0728, kin=0.0000, loss=2.0728, ot=0.00
00, t=0.500, tswd=0.0000]
Epoch 5/5:  92%|█████████▏| 286/312 [00:14<00:01, 20.12it/s, curv=0.0000, flow=2.0728, kin=0.0000, loss=2.0728, ot=0.00
00, t=0.500, tswd=0.0000]
Epoch 5/5:  93%|█████████▎| 289/312 [00:14<00:01, 20.00it/s, curv=0.0000, flow=2.0728, kin=0.0000, loss=2.0728, ot=0.00
00, t=0.500, tswd=0.0000]
Epoch 5/5:  93%|█████████▎| 291/312 [00:14<00:01, 19.97it/s, curv=0.0000, flow=2.0728, kin=0.0000, loss=2.0728, ot=0.00
00, t=0.500, tswd=0.0000]
Epoch 5/5:  94%|█████████▍| 294/312 [00:14<00:00, 20.05it/s, curv=0.0000, flow=2.0728, kin=0.0000, loss=2.0728, ot=0.00
00, t=0.500, tswd=0.0000]
Epoch 5/5:  95%|█████████▌| 297/312 [00:14<00:00, 20.00it/s, curv=0.0000, flow=2.0728, kin=0.0000, loss=2.0728, ot=0.00
00, t=0.500, tswd=0.0000]
Epoch 5/5:  95%|█████████▌| 297/312 [00:14<00:00, 20.00it/s, curv=0.0000, flow=2.0741, kin=0.0000, loss=2.0741, ot=0.00
00, t=0.501, tswd=0.0000]
Epoch 5/5:  96%|█████████▌| 300/312 [00:14<00:00, 20.01it/s, curv=0.0000, flow=2.0741, kin=0.0000, loss=2.0741, ot=0.00
00, t=0.501, tswd=0.0000]
Epoch 5/5:  97%|█████████▋| 303/312 [00:15<00:00, 19.75it/s, curv=0.0000, flow=2.0741, kin=0.0000, loss=2.0741, ot=0.00
00, t=0.501, tswd=0.0000]
Epoch 5/5:  98%|█████████▊| 305/312 [00:15<00:00, 19.55it/s, curv=0.0000, flow=2.0741, kin=0.0000, loss=2.0741, ot=0.00
00, t=0.501, tswd=0.0000]
Epoch 5/5:  98%|█████████▊| 307/312 [00:15<00:00, 19.22it/s, curv=0.0000, flow=2.0741, kin=0.0000, loss=2.0741, ot=0.00
00, t=0.501, tswd=0.0000]
Epoch 5/5:  99%|█████████▉| 310/312 [00:15<00:00, 19.76it/s, curv=0.0000, flow=2.0741, kin=0.0000, loss=2.0741, ot=0.00
00, t=0.501, tswd=0.0000]
Epoch 5/5:  99%|█████████▉| 310/312 [00:15<00:00, 19.76it/s, curv=0.0000, flow=2.0770, kin=0.0000, loss=2.0770, ot=0.00
00, t=0.501, tswd=0.0000]
Epoch 5/5: 100%|██████████| 312/312 [00:15<00:00, 19.77it/s, curv=0.0000, flow=2.0770, kin=0.0000, loss=2.0770, ot=0.00
00, t=0.501, tswd=0.0000]
Epoch 5/5: 100%|██████████| 312/312 [00:15<00:00, 20.02it/s, curv=0.0000, flow=2.0770, kin=0.0000, loss=2.0770, ot=0.00
00, t=0.501, tswd=0.0000]
2026-07-01 10:33:07,235 - INFO - Epoch 5/5 | loss=2.0770 flow=2.0770 kin=0.0000 ot=0.0000 tswd=0.0000 gini=0.000 hub=0.
000 otd=0.0000 fiber=0.000 leak=0.0000 tgtshift=0.0000 cla=0.0000 cea=0.0000 sem_attn=0.000 sem_k=0.000 topo_ent=0.000 
topo_on=0 plan_ent=0.000 bary_ent=0.000 tok_ent=0.000 tok_eff=0.0 tok_max=0.000 tok_svd=0.000 tok_cos=0.000 app_s=0.000
 app_d=0.000 sigma=0.000 bex=0 idr=0.00 t=0.501 |v|=0.000 lr=2.81e-05 data=0.5s comp=10.6s epoch=15.6s sps=320.36 bstep
=0.050s gpu=81.6/84.0% vram=3.48/3.51GB power=68.8/74.8W peak=0.59/0.66GB
2026-07-01 10:33:07,273 - INFO - Saved checkpoint: G:\GitHub\Latent_Style\SchrodingerBridge\exp\630_phase4i5c_sota_heun
_rquad_5ep\epoch_0005.pt
2026-07-01 10:33:07,273 - INFO - Offloading training state to CPU before remote full eval.
2026-07-01 10:33:07,372 - INFO - Running full eval for G:\GitHub\Latent_Style\SchrodingerBridge\exp\630_phase4i5c_sota_
heun_rquad_5ep\epoch_0005.pt -> G:\GitHub\Latent_Style\SchrodingerBridge\exp\630_phase4i5c_sota_heun_rquad_5ep\full_eva
l\epoch_0005
HF cache dir: G:\GitHub\Latent_Style\SchrodingerBridge\exp\eval_cache\hf
HF hub cache dir: G:\GitHub\Latent_Style\SchrodingerBridge\exp\eval_cache\hf\hub

Phase 1: Generation (Batch Size 2)
  Fast metric path: keep decoded generated tensors on GPU (no PNG/sidecar host roundtrip).
  Diffusers VAE loaded: required by eval settings
  Source latent cache loaded: G:\GitHub\Latent_Style\SchrodingerBridge\exp\eval_cache\source_latents_b6033454d77f.pt
  Generating Batch 1/75
  Generating Batch 2/75
  Generating Batch 3/75
  Generating Batch 4/75
  Generating Batch 5/75
  Generating Batch 6/75
  Generating Batch 7/75
  Generating Batch 8/75
  Generating Batch 9/75
  Generating Batch 10/75
  Generating Batch 11/75
  Generating Batch 12/75
  Generating Batch 13/75
  Generating Batch 14/75
  Generating Batch 15/75
  Generating Batch 16/75
  Generating Batch 17/75
  Generating Batch 18/75
  Generating Batch 19/75
  Generating Batch 20/75
  Generating Batch 21/75
  Generating Batch 22/75
  Generating Batch 23/75
  Generating Batch 24/75
  Generating Batch 25/75
  Generating Batch 26/75
  Generating Batch 27/75
  Generating Batch 28/75
  Generating Batch 29/75
  Generating Batch 30/75
  Generating Batch 31/75
  Generating Batch 32/75
  Generating Batch 33/75
  Generating Batch 34/75
  Generating Batch 35/75
  Generating Batch 36/75
  Generating Batch 37/75
  Generating Batch 38/75
  Generating Batch 39/75

  Generating Batch 40/75
  Generating Batch 41/75
  Generating Batch 42/75
  Generating Batch 43/75
  Generating Batch 44/75
  Generating Batch 45/75
  Generating Batch 46/75
  Generating Batch 47/75
  Generating Batch 48/75
  Generating Batch 49/75
  Generating Batch 50/75
  Generating Batch 51/75
  Generating Batch 52/75
  Generating Batch 53/75
  Generating Batch 54/75
  Generating Batch 55/75
  Generating Batch 56/75
  Generating Batch 57/75
  Generating Batch 58/75
  Generating Batch 59/75
  Generating Batch 60/75
  Generating Batch 61/75
  Generating Batch 62/75
  Generating Batch 63/75
  Generating Batch 64/75
  Generating Batch 65/75
  Generating Batch 66/75
  Generating Batch 67/75
  Generating Batch 68/75
  Generating Batch 69/75
  Generating Batch 70/75
  Generating Batch 71/75
  Generating Batch 72/75
  Generating Batch 73/75
  Generating Batch 74/75
  Generating Batch 75/75
  Generation models unloaded

妫ｅ啯鐣?Phase 2: Evaluation
  LPIPS Loaded (alex)
Loading weights:   0%|          | 0/398 [00:00<?, ?it/s]
Loading weights: 100%|██████████| 398/398 [00:00<00:00, 48531.35it/s]
  CLIP Loaded (HF) from: G:\GitHub\Latent_Style\eval_cache\manual_clip\openai-clip-vit-base-patch32 (processor=loaded)
Found global reference cache: G:\GitHub\Latent_Style\SchrodingerBridge\exp\eval_cache\ref_feats_e2b030fd2b_m16.pt
  Reference cache loaded successfully
  Processing 750 generated images...
Found global source cache: G:\GitHub\Latent_Style\SchrodingerBridge\exp\eval_cache\src_feats_e2b030fd2b_img256_clip0.pt
  Source cache loaded successfully
  Fast metric path: source image device cache enabled.

妫ｅ啯鎯?Generating Summary...
Summary saved: G:\GitHub\Latent_Style\SchrodingerBridge\exp\630_phase4i5c_sota_heun_rquad_5ep\full_eval\epoch_0005\summary.json
2026-07-01 10:34:52,829 - INFO - Full eval completed for epoch_0005.pt in 105.5s
2026-07-01 10:34:52,833 - INFO - Refreshing eval curve for G:\GitHub\Latent_Style\SchrodingerBridge\exp\630_phase4i5c_s
ota_heun_rquad_5ep
G:\GitHub\Latent_Style\SchrodingerBridge\exp\630_phase4i5c_sota_heun_rquad_5ep\full_eval\clip_lpips_curve.csv
G:\GitHub\Latent_Style\SchrodingerBridge\exp\630_phase4i5c_sota_heun_rquad_5ep\full_eval\curve_summary.json
2026-07-01 10:34:52,910 - INFO - Refreshing eval convergence for G:\GitHub\Latent_Style\SchrodingerBridge\exp\630_phase
4i5c_sota_heun_rquad_5ep
G:\GitHub\Latent_Style\SchrodingerBridge\exp\630_phase4i5c_sota_heun_rquad_5ep\full_eval\round2_convergence.json
2026-07-01 10:34:52,977 - INFO - Restoring training state to CUDA after remote full eval.
2026-07-01 10:34:53,082 - INFO - Training completed.
