python : 2026-07-02 09:07:27,401 - INFO - Device: cuda
At line:15 char:3679
+ ... ridge\src"; python run.py --config configs/630_local_t21_adaln_zero_l ...
+                 ~~~~~~~~~~~~~~~~~~~~~~~~~~~~~~~~~~~~~~~~~~~~~~~~~~~~~~~~~
    + CategoryInfo          : NotSpecified: (2026-07-02 09:0... - Device: cuda:String) [], RemoteException
    + FullyQualifiedErrorId : NativeCommandError
 
2026-07-02 09:07:27,401 - INFO - Seed: 42
2026-07-02 09:07:27,408 - INFO - Loaded latent manifest cache: G:\GitHub\Latent_Style\Dataset\distinct5_512_latents_ema
\train\.latent_cache\packed\manifest.json
2026-07-02 09:07:27,408 - INFO - Loading latent dataset from G:\GitHub\Latent_Style\Dataset\distinct5_512_latents_ema\t
rain
2026-07-02 09:07:27,428 - INFO - Loaded packed latent cache: G:\GitHub\Latent_Style\Dataset\distinct5_512_latents_ema\t
rain\.latent_cache\packed\packed\00_Early_Renaissance.pt
2026-07-02 09:07:27,450 - INFO -   style=Early_Renaissance id=0 count=1000
2026-07-02 09:07:27,467 - INFO - Loaded packed latent cache: G:\GitHub\Latent_Style\Dataset\distinct5_512_latents_ema\t
rain\.latent_cache\packed\packed\01_Impressionism.pt
2026-07-02 09:07:27,485 - INFO -   style=Impressionism id=1 count=1000
2026-07-02 09:07:27,503 - INFO - Loaded packed latent cache: G:\GitHub\Latent_Style\Dataset\distinct5_512_latents_ema\t
rain\.latent_cache\packed\packed\02_Minimalism.pt
2026-07-02 09:07:27,521 - INFO -   style=Minimalism id=2 count=1000
2026-07-02 09:07:27,538 - INFO - Loaded packed latent cache: G:\GitHub\Latent_Style\Dataset\distinct5_512_latents_ema\t
rain\.latent_cache\packed\packed\03_Rococo.pt
2026-07-02 09:07:27,557 - INFO -   style=Rococo id=3 count=1000
2026-07-02 09:07:27,575 - INFO - Loaded packed latent cache: G:\GitHub\Latent_Style\Dataset\distinct5_512_latents_ema\t
rain\.latent_cache\packed\packed\04_Ukiyo_e.pt
2026-07-02 09:07:27,593 - INFO -   style=Ukiyo_e id=4 count=1000
2026-07-02 09:07:27,594 - WARNING - pairing cache not found: G:\GitHub\Latent_Style\Dataset\distinct5_512_latents_ema\t
rain\.latent_cache\prototype_pairing_top8.pt
2026-07-02 09:07:27,597 - INFO - DataLoader | batch=24 workers=0 shuffle=False pin_memory=False persistent_workers=Fals
e preload_to_gpu=False balanced_target=True pairing_cache=False pairing_mode=rank_stratified rank_schedule=fixed active
_topk=0 min_topk=1 curriculum_epochs=0 rank_power=1.000 topk=8 explore=0.000/0 dual_mix=0.000/0 aux_topk=0
2026-07-02 09:07:27,748 - INFO - Model params: 937,360
2026-07-02 09:07:28,862 - INFO - No checkpoint found, start from scratch.
2026-07-02 09:07:28,867 - INFO - Epoch 1 weight schedule: stage=0 w_content=0.0000 w_style=0.0000 w_style_strength_reg=
0.0000 sigma=0.0000

Epoch 1/5:   0%|          | 0/208 [00:00<?, ?it/s]
Epoch 1/5:   0%|          | 0/208 [00:00<?, ?it/s, curv=0.0000, flow=2.5632, kin=0.0000, loss=2.5632, ot=0.0000, t=0.41
2, tswd=0.0000]
Epoch 1/5:   0%|          | 1/208 [00:00<02:19,  1.49it/s, curv=0.0000, flow=2.5632, kin=0.0000, loss=2.5632, ot=0.0000
, t=0.412, tswd=0.0000]
Epoch 1/5:   1%|          | 2/208 [00:00<01:12,  2.83it/s, curv=0.0000, flow=2.5632, kin=0.0000, loss=2.5632, ot=0.0000
, t=0.412, tswd=0.0000]
Epoch 1/5:   1%|▏         | 3/208 [00:00<00:50,  4.08it/s, curv=0.0000, flow=2.5632, kin=0.0000, loss=2.5632, ot=0.0000
, t=0.412, tswd=0.0000]
Epoch 1/5:   2%|▏         | 4/208 [00:01<00:39,  5.23it/s, curv=0.0000, flow=2.5632, kin=0.0000, loss=2.5632, ot=0.0000
, t=0.412, tswd=0.0000]
Epoch 1/5:   2%|▏         | 5/208 [00:01<00:32,  6.18it/s, curv=0.0000, flow=2.5632, kin=0.0000, loss=2.5632, ot=0.0000
, t=0.412, tswd=0.0000]
Epoch 1/5:   3%|▎         | 6/208 [00:01<00:29,  6.77it/s, curv=0.0000, flow=2.5632, kin=0.0000, loss=2.5632, ot=0.0000
, t=0.412, tswd=0.0000]
Epoch 1/5:   3%|▎         | 7/208 [00:01<00:27,  7.42it/s, curv=0.0000, flow=2.5632, kin=0.0000, loss=2.5632, ot=0.0000
, t=0.412, tswd=0.0000]
Epoch 1/5:   4%|▍         | 8/208 [00:01<00:25,  7.95it/s, curv=0.0000, flow=2.5632, kin=0.0000, loss=2.5632, ot=0.0000
, t=0.412, tswd=0.0000]
Epoch 1/5:   4%|▍         | 9/208 [00:01<00:23,  8.37it/s, curv=0.0000, flow=2.5632, kin=0.0000, loss=2.5632, ot=0.0000
, t=0.412, tswd=0.0000]
Epoch 1/5:   5%|▍         | 10/208 [00:01<00:23,  8.59it/s, curv=0.0000, flow=2.5632, kin=0.0000, loss=2.5632, ot=0.000
0, t=0.412, tswd=0.0000]
Epoch 1/5:   5%|▌         | 11/208 [00:01<00:22,  8.83it/s, curv=0.0000, flow=2.5632, kin=0.0000, loss=2.5632, ot=0.000
0, t=0.412, tswd=0.0000]
Epoch 1/5:   6%|▌         | 12/208 [00:01<00:21,  8.92it/s, curv=0.0000, flow=2.5632, kin=0.0000, loss=2.5632, ot=0.000
0, t=0.412, tswd=0.0000]
Epoch 1/5:   6%|▋         | 13/208 [00:02<00:21,  9.04it/s, curv=0.0000, flow=2.5632, kin=0.0000, loss=2.5632, ot=0.000
0, t=0.412, tswd=0.0000]
Epoch 1/5:   7%|▋         | 14/208 [00:02<00:21,  9.10it/s, curv=0.0000, flow=2.5632, kin=0.0000, loss=2.5632, ot=0.000
0, t=0.412, tswd=0.0000]
Epoch 1/5:   7%|▋         | 15/208 [00:02<00:20,  9.20it/s, curv=0.0000, flow=2.5632, kin=0.0000, loss=2.5632, ot=0.000
0, t=0.412, tswd=0.0000]
Epoch 1/5:   8%|▊         | 16/208 [00:02<00:20,  9.25it/s, curv=0.0000, flow=2.5632, kin=0.0000, loss=2.5632, ot=0.000
0, t=0.412, tswd=0.0000]
Epoch 1/5:   8%|▊         | 17/208 [00:02<00:20,  9.27it/s, curv=0.0000, flow=2.5632, kin=0.0000, loss=2.5632, ot=0.000
0, t=0.412, tswd=0.0000]
Epoch 1/5:   9%|▊         | 18/208 [00:02<00:20,  9.29it/s, curv=0.0000, flow=2.5632, kin=0.0000, loss=2.5632, ot=0.000
0, t=0.412, tswd=0.0000]
Epoch 1/5:   9%|▊         | 18/208 [00:02<00:20,  9.29it/s, curv=0.0000, flow=2.5651, kin=0.0000, loss=2.5651, ot=0.000
0, t=0.481, tswd=0.0000]
Epoch 1/5:  10%|▉         | 20/208 [00:02<00:19,  9.59it/s, curv=0.0000, flow=2.5651, kin=0.0000, loss=2.5651, ot=0.000
0, t=0.481, tswd=0.0000]
Epoch 1/5:  11%|█         | 22/208 [00:02<00:19,  9.78it/s, curv=0.0000, flow=2.5651, kin=0.0000, loss=2.5651, ot=0.000
0, t=0.481, tswd=0.0000]
Epoch 1/5:  12%|█▏        | 24/208 [00:03<00:18,  9.83it/s, curv=0.0000, flow=2.5651, kin=0.0000, loss=2.5651, ot=0.000
0, t=0.481, tswd=0.0000]
Epoch 1/5:  12%|█▏        | 25/208 [00:03<00:18,  9.75it/s, curv=0.0000, flow=2.5651, kin=0.0000, loss=2.5651, ot=0.000
0, t=0.481, tswd=0.0000]
Epoch 1/5:  12%|█▎        | 26/208 [00:03<00:18,  9.69it/s, curv=0.0000, flow=2.5651, kin=0.0000, loss=2.5651, ot=0.000
0, t=0.481, tswd=0.0000]
Epoch 1/5:  13%|█▎        | 27/208 [00:03<00:19,  9.44it/s, curv=0.0000, flow=2.5651, kin=0.0000, loss=2.5651, ot=0.000
0, t=0.481, tswd=0.0000]
Epoch 1/5:  13%|█▎        | 28/208 [00:03<00:19,  9.42it/s, curv=0.0000, flow=2.5651, kin=0.0000, loss=2.5651, ot=0.000
0, t=0.481, tswd=0.0000]
Epoch 1/5:  14%|█▍        | 29/208 [00:03<00:19,  9.41it/s, curv=0.0000, flow=2.5651, kin=0.0000, loss=2.5651, ot=0.000
0, t=0.481, tswd=0.0000]
Epoch 1/5:  14%|█▍        | 30/208 [00:03<00:18,  9.48it/s, curv=0.0000, flow=2.5651, kin=0.0000, loss=2.5651, ot=0.000
0, t=0.481, tswd=0.0000]
Epoch 1/5:  15%|█▍        | 31/208 [00:03<00:18,  9.58it/s, curv=0.0000, flow=2.5651, kin=0.0000, loss=2.5651, ot=0.000
0, t=0.481, tswd=0.0000]
Epoch 1/5:  15%|█▌        | 32/208 [00:03<00:18,  9.65it/s, curv=0.0000, flow=2.5651, kin=0.0000, loss=2.5651, ot=0.000
0, t=0.481, tswd=0.0000]
Epoch 1/5:  16%|█▌        | 33/208 [00:04<00:18,  9.60it/s, curv=0.0000, flow=2.5651, kin=0.0000, loss=2.5651, ot=0.000
0, t=0.481, tswd=0.0000]
Epoch 1/5:  16%|█▋        | 34/208 [00:04<00:18,  9.50it/s, curv=0.0000, flow=2.5651, kin=0.0000, loss=2.5651, ot=0.000
0, t=0.481, tswd=0.0000]
Epoch 1/5:  17%|█▋        | 35/208 [00:04<00:18,  9.36it/s, curv=0.0000, flow=2.5651, kin=0.0000, loss=2.5651, ot=0.000
0, t=0.481, tswd=0.0000]
Epoch 1/5:  17%|█▋        | 36/208 [00:04<00:18,  9.41it/s, curv=0.0000, flow=2.5651, kin=0.0000, loss=2.5651, ot=0.000
0, t=0.481, tswd=0.0000]
Epoch 1/5:  18%|█▊        | 37/208 [00:04<00:18,  9.36it/s, curv=0.0000, flow=2.5651, kin=0.0000, loss=2.5651, ot=0.000
0, t=0.481, tswd=0.0000]
Epoch 1/5:  18%|█▊        | 38/208 [00:04<00:17,  9.51it/s, curv=0.0000, flow=2.5651, kin=0.0000, loss=2.5651, ot=0.000
0, t=0.481, tswd=0.0000]
Epoch 1/5:  19%|█▉        | 39/208 [00:04<00:17,  9.61it/s, curv=0.0000, flow=2.5651, kin=0.0000, loss=2.5651, ot=0.000
0, t=0.481, tswd=0.0000]
Epoch 1/5:  19%|█▉        | 39/208 [00:04<00:17,  9.61it/s, curv=0.0000, flow=2.5592, kin=0.0000, loss=2.5592, ot=0.000
0, t=0.494, tswd=0.0000]
Epoch 1/5:  19%|█▉        | 40/208 [00:04<00:17,  9.57it/s, curv=0.0000, flow=2.5592, kin=0.0000, loss=2.5592, ot=0.000
0, t=0.494, tswd=0.0000]
Epoch 1/5:  20%|█▉        | 41/208 [00:04<00:17,  9.42it/s, curv=0.0000, flow=2.5592, kin=0.0000, loss=2.5592, ot=0.000
0, t=0.494, tswd=0.0000]
Epoch 1/5:  20%|██        | 42/208 [00:05<00:17,  9.47it/s, curv=0.0000, flow=2.5592, kin=0.0000, loss=2.5592, ot=0.000
0, t=0.494, tswd=0.0000]
Epoch 1/5:  21%|██        | 43/208 [00:05<00:17,  9.47it/s, curv=0.0000, flow=2.5592, kin=0.0000, loss=2.5592, ot=0.000
0, t=0.494, tswd=0.0000]
Epoch 1/5:  21%|██        | 44/208 [00:05<00:17,  9.50it/s, curv=0.0000, flow=2.5592, kin=0.0000, loss=2.5592, ot=0.000
0, t=0.494, tswd=0.0000]
Epoch 1/5:  22%|██▏       | 45/208 [00:05<00:16,  9.61it/s, curv=0.0000, flow=2.5592, kin=0.0000, loss=2.5592, ot=0.000
0, t=0.494, tswd=0.0000]
Epoch 1/5:  22%|██▏       | 46/208 [00:05<00:16,  9.65it/s, curv=0.0000, flow=2.5592, kin=0.0000, loss=2.5592, ot=0.000
0, t=0.494, tswd=0.0000]
Epoch 1/5:  23%|██▎       | 47/208 [00:05<00:16,  9.67it/s, curv=0.0000, flow=2.5592, kin=0.0000, loss=2.5592, ot=0.000
0, t=0.494, tswd=0.0000]
Epoch 1/5:  23%|██▎       | 48/208 [00:05<00:16,  9.60it/s, curv=0.0000, flow=2.5592, kin=0.0000, loss=2.5592, ot=0.000
0, t=0.494, tswd=0.0000]
Epoch 1/5:  24%|██▎       | 49/208 [00:05<00:16,  9.49it/s, curv=0.0000, flow=2.5592, kin=0.0000, loss=2.5592, ot=0.000
0, t=0.494, tswd=0.0000]
Epoch 1/5:  25%|██▍       | 51/208 [00:05<00:16,  9.70it/s, curv=0.0000, flow=2.5592, kin=0.0000, loss=2.5592, ot=0.000
0, t=0.494, tswd=0.0000]
Epoch 1/5:  25%|██▌       | 53/208 [00:06<00:16,  9.67it/s, curv=0.0000, flow=2.5592, kin=0.0000, loss=2.5592, ot=0.000
0, t=0.494, tswd=0.0000]
Epoch 1/5:  26%|██▌       | 54/208 [00:06<00:15,  9.64it/s, curv=0.0000, flow=2.5592, kin=0.0000, loss=2.5592, ot=0.000
0, t=0.494, tswd=0.0000]
Epoch 1/5:  26%|██▋       | 55/208 [00:06<00:15,  9.68it/s, curv=0.0000, flow=2.5592, kin=0.0000, loss=2.5592, ot=0.000
0, t=0.494, tswd=0.0000]
Epoch 1/5:  27%|██▋       | 57/208 [00:06<00:15,  9.87it/s, curv=0.0000, flow=2.5592, kin=0.0000, loss=2.5592, ot=0.000
0, t=0.494, tswd=0.0000]
Epoch 1/5:  28%|██▊       | 58/208 [00:06<00:15,  9.81it/s, curv=0.0000, flow=2.5592, kin=0.0000, loss=2.5592, ot=0.000
0, t=0.494, tswd=0.0000]
Epoch 1/5:  28%|██▊       | 58/208 [00:06<00:15,  9.81it/s, curv=0.0000, flow=2.5569, kin=0.0000, loss=2.5569, ot=0.000
0, t=0.490, tswd=0.0000]
Epoch 1/5:  29%|██▉       | 60/208 [00:06<00:15,  9.77it/s, curv=0.0000, flow=2.5569, kin=0.0000, loss=2.5569, ot=0.000
0, t=0.490, tswd=0.0000]
Epoch 1/5:  30%|██▉       | 62/208 [00:07<00:14,  9.91it/s, curv=0.0000, flow=2.5569, kin=0.0000, loss=2.5569, ot=0.000
0, t=0.490, tswd=0.0000]
Epoch 1/5:  30%|███       | 63/208 [00:07<00:14,  9.87it/s, curv=0.0000, flow=2.5569, kin=0.0000, loss=2.5569, ot=0.000
0, t=0.490, tswd=0.0000]
Epoch 1/5:  31%|███       | 64/208 [00:07<00:14,  9.83it/s, curv=0.0000, flow=2.5569, kin=0.0000, loss=2.5569, ot=0.000
0, t=0.490, tswd=0.0000]
Epoch 1/5:  31%|███▏      | 65/208 [00:07<00:15,  9.53it/s, curv=0.0000, flow=2.5569, kin=0.0000, loss=2.5569, ot=0.000
0, t=0.490, tswd=0.0000]
Epoch 1/5:  32%|███▏      | 66/208 [00:07<00:15,  9.44it/s, curv=0.0000, flow=2.5569, kin=0.0000, loss=2.5569, ot=0.000
0, t=0.490, tswd=0.0000]
Epoch 1/5:  32%|███▏      | 67/208 [00:07<00:14,  9.53it/s, curv=0.0000, flow=2.5569, kin=0.0000, loss=2.5569, ot=0.000
0, t=0.490, tswd=0.0000]
Epoch 1/5:  33%|███▎      | 68/208 [00:07<00:14,  9.62it/s, curv=0.0000, flow=2.5569, kin=0.0000, loss=2.5569, ot=0.000
0, t=0.490, tswd=0.0000]
Epoch 1/5:  33%|███▎      | 69/208 [00:07<00:14,  9.71it/s, curv=0.0000, flow=2.5569, kin=0.0000, loss=2.5569, ot=0.000
0, t=0.490, tswd=0.0000]
Epoch 1/5:  34%|███▍      | 71/208 [00:08<00:13,  9.88it/s, curv=0.0000, flow=2.5569, kin=0.0000, loss=2.5569, ot=0.000
0, t=0.490, tswd=0.0000]
Epoch 1/5:  35%|███▌      | 73/208 [00:08<00:13,  9.79it/s, curv=0.0000, flow=2.5569, kin=0.0000, loss=2.5569, ot=0.000
0, t=0.490, tswd=0.0000]
Epoch 1/5:  36%|███▌      | 74/208 [00:08<00:13,  9.75it/s, curv=0.0000, flow=2.5569, kin=0.0000, loss=2.5569, ot=0.000
0, t=0.490, tswd=0.0000]
Epoch 1/5:  36%|███▌      | 75/208 [00:08<00:13,  9.69it/s, curv=0.0000, flow=2.5569, kin=0.0000, loss=2.5569, ot=0.000
0, t=0.490, tswd=0.0000]
Epoch 1/5:  37%|███▋      | 76/208 [00:08<00:13,  9.72it/s, curv=0.0000, flow=2.5569, kin=0.0000, loss=2.5569, ot=0.000
0, t=0.490, tswd=0.0000]
Epoch 1/5:  38%|███▊      | 78/208 [00:08<00:13,  9.87it/s, curv=0.0000, flow=2.5569, kin=0.0000, loss=2.5569, ot=0.000
0, t=0.490, tswd=0.0000]
Epoch 1/5:  38%|███▊      | 79/208 [00:08<00:13,  9.87it/s, curv=0.0000, flow=2.5569, kin=0.0000, loss=2.5569, ot=0.000
0, t=0.490, tswd=0.0000]
Epoch 1/5:  38%|███▊      | 79/208 [00:08<00:13,  9.87it/s, curv=0.0000, flow=2.5544, kin=0.0000, loss=2.5544, ot=0.000
0, t=0.499, tswd=0.0000]
Epoch 1/5:  38%|███▊      | 80/208 [00:08<00:13,  9.77it/s, curv=0.0000, flow=2.5544, kin=0.0000, loss=2.5544, ot=0.000
0, t=0.499, tswd=0.0000]
Epoch 1/5:  39%|███▉      | 81/208 [00:09<00:13,  9.68it/s, curv=0.0000, flow=2.5544, kin=0.0000, loss=2.5544, ot=0.000
0, t=0.499, tswd=0.0000]
Epoch 1/5:  39%|███▉      | 82/208 [00:09<00:12,  9.72it/s, curv=0.0000, flow=2.5544, kin=0.0000, loss=2.5544, ot=0.000
0, t=0.499, tswd=0.0000]
Epoch 1/5:  40%|███▉      | 83/208 [00:09<00:13,  9.53it/s, curv=0.0000, flow=2.5544, kin=0.0000, loss=2.5544, ot=0.000
0, t=0.499, tswd=0.0000]
Epoch 1/5:  40%|████      | 84/208 [00:09<00:12,  9.58it/s, curv=0.0000, flow=2.5544, kin=0.0000, loss=2.5544, ot=0.000
0, t=0.499, tswd=0.0000]
Epoch 1/5:  41%|████      | 85/208 [00:09<00:12,  9.51it/s, curv=0.0000, flow=2.5544, kin=0.0000, loss=2.5544, ot=0.000
0, t=0.499, tswd=0.0000]
Epoch 1/5:  41%|████▏     | 86/208 [00:09<00:13,  9.36it/s, curv=0.0000, flow=2.5544, kin=0.0000, loss=2.5544, ot=0.000
0, t=0.499, tswd=0.0000]
Epoch 1/5:  42%|████▏     | 87/208 [00:09<00:13,  9.20it/s, curv=0.0000, flow=2.5544, kin=0.0000, loss=2.5544, ot=0.000
0, t=0.499, tswd=0.0000]
Epoch 1/5:  42%|████▏     | 88/208 [00:09<00:12,  9.27it/s, curv=0.0000, flow=2.5544, kin=0.0000, loss=2.5544, ot=0.000
0, t=0.499, tswd=0.0000]
Epoch 1/5:  43%|████▎     | 89/208 [00:09<00:12,  9.39it/s, curv=0.0000, flow=2.5544, kin=0.0000, loss=2.5544, ot=0.000
0, t=0.499, tswd=0.0000]
Epoch 1/5:  43%|████▎     | 90/208 [00:10<00:12,  9.55it/s, curv=0.0000, flow=2.5544, kin=0.0000, loss=2.5544, ot=0.000
0, t=0.499, tswd=0.0000]
Epoch 1/5:  44%|████▍     | 91/208 [00:10<00:12,  9.54it/s, curv=0.0000, flow=2.5544, kin=0.0000, loss=2.5544, ot=0.000
0, t=0.499, tswd=0.0000]
Epoch 1/5:  44%|████▍     | 92/208 [00:10<00:12,  9.56it/s, curv=0.0000, flow=2.5544, kin=0.0000, loss=2.5544, ot=0.000
0, t=0.499, tswd=0.0000]
Epoch 1/5:  45%|████▌     | 94/208 [00:10<00:11,  9.90it/s, curv=0.0000, flow=2.5544, kin=0.0000, loss=2.5544, ot=0.000
0, t=0.499, tswd=0.0000]
Epoch 1/5:  46%|████▌     | 95/208 [00:10<00:11,  9.92it/s, curv=0.0000, flow=2.5544, kin=0.0000, loss=2.5544, ot=0.000
0, t=0.499, tswd=0.0000]
Epoch 1/5:  47%|████▋     | 97/208 [00:10<00:11, 10.00it/s, curv=0.0000, flow=2.5544, kin=0.0000, loss=2.5544, ot=0.000
0, t=0.499, tswd=0.0000]
Epoch 1/5:  47%|████▋     | 98/208 [00:10<00:11,  9.89it/s, curv=0.0000, flow=2.5544, kin=0.0000, loss=2.5544, ot=0.000
0, t=0.499, tswd=0.0000]
Epoch 1/5:  47%|████▋     | 98/208 [00:11<00:11,  9.89it/s, curv=0.0000, flow=2.5591, kin=0.0000, loss=2.5591, ot=0.000
0, t=0.504, tswd=0.0000]
Epoch 1/5:  48%|████▊     | 100/208 [00:11<00:10, 10.00it/s, curv=0.0000, flow=2.5591, kin=0.0000, loss=2.5591, ot=0.00
00, t=0.504, tswd=0.0000]
Epoch 1/5:  49%|████▊     | 101/208 [00:11<00:10,  9.92it/s, curv=0.0000, flow=2.5591, kin=0.0000, loss=2.5591, ot=0.00
00, t=0.504, tswd=0.0000]
Epoch 1/5:  50%|████▉     | 103/208 [00:11<00:10, 10.04it/s, curv=0.0000, flow=2.5591, kin=0.0000, loss=2.5591, ot=0.00
00, t=0.504, tswd=0.0000]
Epoch 1/5:  50%|█████     | 104/208 [00:11<00:10, 10.01it/s, curv=0.0000, flow=2.5591, kin=0.0000, loss=2.5591, ot=0.00
00, t=0.504, tswd=0.0000]
Epoch 1/5:  51%|█████     | 106/208 [00:11<00:10, 10.01it/s, curv=0.0000, flow=2.5591, kin=0.0000, loss=2.5591, ot=0.00
00, t=0.504, tswd=0.0000]
Epoch 1/5:  52%|█████▏    | 108/208 [00:11<00:09, 10.02it/s, curv=0.0000, flow=2.5591, kin=0.0000, loss=2.5591, ot=0.00
00, t=0.504, tswd=0.0000]
Epoch 1/5:  52%|█████▏    | 109/208 [00:11<00:10,  9.89it/s, curv=0.0000, flow=2.5591, kin=0.0000, loss=2.5591, ot=0.00
00, t=0.504, tswd=0.0000]
Epoch 1/5:  53%|█████▎    | 111/208 [00:12<00:09,  9.93it/s, curv=0.0000, flow=2.5591, kin=0.0000, loss=2.5591, ot=0.00
00, t=0.504, tswd=0.0000]
Epoch 1/5:  54%|█████▍    | 112/208 [00:12<00:09,  9.82it/s, curv=0.0000, flow=2.5591, kin=0.0000, loss=2.5591, ot=0.00
00, t=0.504, tswd=0.0000]
Epoch 1/5:  55%|█████▍    | 114/208 [00:12<00:09,  9.87it/s, curv=0.0000, flow=2.5591, kin=0.0000, loss=2.5591, ot=0.00
00, t=0.504, tswd=0.0000]
Epoch 1/5:  55%|█████▌    | 115/208 [00:12<00:09,  9.81it/s, curv=0.0000, flow=2.5591, kin=0.0000, loss=2.5591, ot=0.00
00, t=0.504, tswd=0.0000]
Epoch 1/5:  56%|█████▌    | 116/208 [00:12<00:09,  9.83it/s, curv=0.0000, flow=2.5591, kin=0.0000, loss=2.5591, ot=0.00
00, t=0.504, tswd=0.0000]
Epoch 1/5:  56%|█████▋    | 117/208 [00:12<00:09,  9.77it/s, curv=0.0000, flow=2.5591, kin=0.0000, loss=2.5591, ot=0.00
00, t=0.504, tswd=0.0000]
Epoch 1/5:  57%|█████▋    | 119/208 [00:12<00:08,  9.95it/s, curv=0.0000, flow=2.5591, kin=0.0000, loss=2.5591, ot=0.00
00, t=0.504, tswd=0.0000]
Epoch 1/5:  57%|█████▋    | 119/208 [00:13<00:08,  9.95it/s, curv=0.0000, flow=2.5646, kin=0.0000, loss=2.5646, ot=0.00
00, t=0.506, tswd=0.0000]
Epoch 1/5:  58%|█████▊    | 120/208 [00:13<00:08,  9.83it/s, curv=0.0000, flow=2.5646, kin=0.0000, loss=2.5646, ot=0.00
00, t=0.506, tswd=0.0000]
Epoch 1/5:  58%|█████▊    | 121/208 [00:13<00:08,  9.72it/s, curv=0.0000, flow=2.5646, kin=0.0000, loss=2.5646, ot=0.00
00, t=0.506, tswd=0.0000]
Epoch 1/5:  59%|█████▊    | 122/208 [00:13<00:08,  9.69it/s, curv=0.0000, flow=2.5646, kin=0.0000, loss=2.5646, ot=0.00
00, t=0.506, tswd=0.0000]
Epoch 1/5:  59%|█████▉    | 123/208 [00:13<00:08,  9.74it/s, curv=0.0000, flow=2.5646, kin=0.0000, loss=2.5646, ot=0.00
00, t=0.506, tswd=0.0000]
Epoch 1/5:  60%|█████▉    | 124/208 [00:13<00:08,  9.79it/s, curv=0.0000, flow=2.5646, kin=0.0000, loss=2.5646, ot=0.00
00, t=0.506, tswd=0.0000]
Epoch 1/5:  60%|██████    | 125/208 [00:13<00:08,  9.73it/s, curv=0.0000, flow=2.5646, kin=0.0000, loss=2.5646, ot=0.00
00, t=0.506, tswd=0.0000]
Epoch 1/5:  61%|██████    | 127/208 [00:13<00:08,  9.77it/s, curv=0.0000, flow=2.5646, kin=0.0000, loss=2.5646, ot=0.00
00, t=0.506, tswd=0.0000]
Epoch 1/5:  62%|██████▏   | 128/208 [00:13<00:08,  9.75it/s, curv=0.0000, flow=2.5646, kin=0.0000, loss=2.5646, ot=0.00
00, t=0.506, tswd=0.0000]
Epoch 1/5:  62%|██████▏   | 129/208 [00:13<00:08,  9.73it/s, curv=0.0000, flow=2.5646, kin=0.0000, loss=2.5646, ot=0.00
00, t=0.506, tswd=0.0000]
Epoch 1/5:  62%|██████▎   | 130/208 [00:14<00:07,  9.79it/s, curv=0.0000, flow=2.5646, kin=0.0000, loss=2.5646, ot=0.00
00, t=0.506, tswd=0.0000]
Epoch 1/5:  63%|██████▎   | 132/208 [00:14<00:07,  9.65it/s, curv=0.0000, flow=2.5646, kin=0.0000, loss=2.5646, ot=0.00
00, t=0.506, tswd=0.0000]
Epoch 1/5:  64%|██████▍   | 133/208 [00:14<00:07,  9.61it/s, curv=0.0000, flow=2.5646, kin=0.0000, loss=2.5646, ot=0.00
00, t=0.506, tswd=0.0000]
Epoch 1/5:  64%|██████▍   | 134/208 [00:14<00:07,  9.59it/s, curv=0.0000, flow=2.5646, kin=0.0000, loss=2.5646, ot=0.00
00, t=0.506, tswd=0.0000]
Epoch 1/5:  65%|██████▍   | 135/208 [00:14<00:07,  9.65it/s, curv=0.0000, flow=2.5646, kin=0.0000, loss=2.5646, ot=0.00
00, t=0.506, tswd=0.0000]
Epoch 1/5:  66%|██████▌   | 137/208 [00:14<00:07,  9.84it/s, curv=0.0000, flow=2.5646, kin=0.0000, loss=2.5646, ot=0.00
00, t=0.506, tswd=0.0000]
Epoch 1/5:  66%|██████▋   | 138/208 [00:14<00:07,  9.82it/s, curv=0.0000, flow=2.5646, kin=0.0000, loss=2.5646, ot=0.00
00, t=0.506, tswd=0.0000]
Epoch 1/5:  66%|██████▋   | 138/208 [00:15<00:07,  9.82it/s, curv=0.0000, flow=2.5649, kin=0.0000, loss=2.5649, ot=0.00
00, t=0.503, tswd=0.0000]
Epoch 1/5:  67%|██████▋   | 140/208 [00:15<00:06,  9.93it/s, curv=0.0000, flow=2.5649, kin=0.0000, loss=2.5649, ot=0.00
00, t=0.503, tswd=0.0000]
Epoch 1/5:  68%|██████▊   | 141/208 [00:15<00:06,  9.88it/s, curv=0.0000, flow=2.5649, kin=0.0000, loss=2.5649, ot=0.00
00, t=0.503, tswd=0.0000]
Epoch 1/5:  69%|██████▉   | 143/208 [00:15<00:06,  9.95it/s, curv=0.0000, flow=2.5649, kin=0.0000, loss=2.5649, ot=0.00
00, t=0.503, tswd=0.0000]
Epoch 1/5:  69%|██████▉   | 144/208 [00:15<00:06,  9.92it/s, curv=0.0000, flow=2.5649, kin=0.0000, loss=2.5649, ot=0.00
00, t=0.503, tswd=0.0000]
Epoch 1/5:  70%|███████   | 146/208 [00:15<00:06,  9.92it/s, curv=0.0000, flow=2.5649, kin=0.0000, loss=2.5649, ot=0.00
00, t=0.503, tswd=0.0000]
Epoch 1/5:  71%|███████   | 147/208 [00:15<00:06,  9.81it/s, curv=0.0000, flow=2.5649, kin=0.0000, loss=2.5649, ot=0.00
00, t=0.503, tswd=0.0000]
Epoch 1/5:  71%|███████   | 148/208 [00:15<00:06,  9.83it/s, curv=0.0000, flow=2.5649, kin=0.0000, loss=2.5649, ot=0.00
00, t=0.503, tswd=0.0000]
Epoch 1/5:  72%|███████▏  | 149/208 [00:16<00:06,  9.79it/s, curv=0.0000, flow=2.5649, kin=0.0000, loss=2.5649, ot=0.00
00, t=0.503, tswd=0.0000]
Epoch 1/5:  73%|███████▎  | 151/208 [00:16<00:05,  9.59it/s, curv=0.0000, flow=2.5649, kin=0.0000, loss=2.5649, ot=0.00
00, t=0.503, tswd=0.0000]
Epoch 1/5:  73%|███████▎  | 152/208 [00:16<00:05,  9.65it/s, curv=0.0000, flow=2.5649, kin=0.0000, loss=2.5649, ot=0.00
00, t=0.503, tswd=0.0000]
Epoch 1/5:  74%|███████▍  | 154/208 [00:16<00:05,  9.84it/s, curv=0.0000, flow=2.5649, kin=0.0000, loss=2.5649, ot=0.00
00, t=0.503, tswd=0.0000]
Epoch 1/5:  75%|███████▍  | 155/208 [00:16<00:05,  9.84it/s, curv=0.0000, flow=2.5649, kin=0.0000, loss=2.5649, ot=0.00
00, t=0.503, tswd=0.0000]
Epoch 1/5:  75%|███████▌  | 157/208 [00:16<00:05,  9.98it/s, curv=0.0000, flow=2.5649, kin=0.0000, loss=2.5649, ot=0.00
00, t=0.503, tswd=0.0000]
Epoch 1/5:  76%|███████▌  | 158/208 [00:16<00:05,  9.91it/s, curv=0.0000, flow=2.5649, kin=0.0000, loss=2.5649, ot=0.00
00, t=0.503, tswd=0.0000]
Epoch 1/5:  76%|███████▌  | 158/208 [00:17<00:05,  9.91it/s, curv=0.0000, flow=2.5578, kin=0.0000, loss=2.5578, ot=0.00
00, t=0.500, tswd=0.0000]
Epoch 1/5:  77%|███████▋  | 160/208 [00:17<00:04, 10.01it/s, curv=0.0000, flow=2.5578, kin=0.0000, loss=2.5578, ot=0.00
00, t=0.500, tswd=0.0000]
Epoch 1/5:  77%|███████▋  | 161/208 [00:17<00:04,  9.97it/s, curv=0.0000, flow=2.5578, kin=0.0000, loss=2.5578, ot=0.00
00, t=0.500, tswd=0.0000]
Epoch 1/5:  78%|███████▊  | 162/208 [00:17<00:04,  9.94it/s, curv=0.0000, flow=2.5578, kin=0.0000, loss=2.5578, ot=0.00
00, t=0.500, tswd=0.0000]
Epoch 1/5:  78%|███████▊  | 163/208 [00:17<00:04,  9.75it/s, curv=0.0000, flow=2.5578, kin=0.0000, loss=2.5578, ot=0.00
00, t=0.500, tswd=0.0000]
Epoch 1/5:  79%|███████▉  | 165/208 [00:17<00:04,  9.93it/s, curv=0.0000, flow=2.5578, kin=0.0000, loss=2.5578, ot=0.00
00, t=0.500, tswd=0.0000]
Epoch 1/5:  80%|███████▉  | 166/208 [00:17<00:04,  9.71it/s, curv=0.0000, flow=2.5578, kin=0.0000, loss=2.5578, ot=0.00
00, t=0.500, tswd=0.0000]
Epoch 1/5:  80%|████████  | 167/208 [00:17<00:04,  9.72it/s, curv=0.0000, flow=2.5578, kin=0.0000, loss=2.5578, ot=0.00
00, t=0.500, tswd=0.0000]
Epoch 1/5:  81%|████████  | 168/208 [00:17<00:04,  9.65it/s, curv=0.0000, flow=2.5578, kin=0.0000, loss=2.5578, ot=0.00
00, t=0.500, tswd=0.0000]
Epoch 1/5:  81%|████████▏ | 169/208 [00:18<00:04,  9.60it/s, curv=0.0000, flow=2.5578, kin=0.0000, loss=2.5578, ot=0.00
00, t=0.500, tswd=0.0000]
Epoch 1/5:  82%|████████▏ | 170/208 [00:18<00:03,  9.66it/s, curv=0.0000, flow=2.5578, kin=0.0000, loss=2.5578, ot=0.00
00, t=0.500, tswd=0.0000]
Epoch 1/5:  82%|████████▏ | 171/208 [00:18<00:03,  9.54it/s, curv=0.0000, flow=2.5578, kin=0.0000, loss=2.5578, ot=0.00
00, t=0.500, tswd=0.0000]
Epoch 1/5:  83%|████████▎ | 172/208 [00:18<00:03,  9.24it/s, curv=0.0000, flow=2.5578, kin=0.0000, loss=2.5578, ot=0.00
00, t=0.500, tswd=0.0000]
Epoch 1/5:  84%|████████▎ | 174/208 [00:18<00:03,  9.58it/s, curv=0.0000, flow=2.5578, kin=0.0000, loss=2.5578, ot=0.00
00, t=0.500, tswd=0.0000]
Epoch 1/5:  85%|████████▍ | 176/208 [00:18<00:03,  9.79it/s, curv=0.0000, flow=2.5578, kin=0.0000, loss=2.5578, ot=0.00
00, t=0.500, tswd=0.0000]
Epoch 1/5:  85%|████████▌ | 177/208 [00:18<00:03,  9.81it/s, curv=0.0000, flow=2.5578, kin=0.0000, loss=2.5578, ot=0.00
00, t=0.500, tswd=0.0000]
Epoch 1/5:  86%|████████▌ | 178/208 [00:18<00:03,  9.78it/s, curv=0.0000, flow=2.5578, kin=0.0000, loss=2.5578, ot=0.00
00, t=0.500, tswd=0.0000]
Epoch 1/5:  86%|████████▌ | 178/208 [00:19<00:03,  9.78it/s, curv=0.0000, flow=2.5462, kin=0.0000, loss=2.5462, ot=0.00
00, t=0.500, tswd=0.0000]
Epoch 1/5:  87%|████████▋ | 180/208 [00:19<00:02,  9.86it/s, curv=0.0000, flow=2.5462, kin=0.0000, loss=2.5462, ot=0.00
00, t=0.500, tswd=0.0000]
Epoch 1/5:  88%|████████▊ | 182/208 [00:19<00:02,  9.99it/s, curv=0.0000, flow=2.5462, kin=0.0000, loss=2.5462, ot=0.00
00, t=0.500, tswd=0.0000]
Epoch 1/5:  88%|████████▊ | 183/208 [00:19<00:02,  9.99it/s, curv=0.0000, flow=2.5462, kin=0.0000, loss=2.5462, ot=0.00
00, t=0.500, tswd=0.0000]
Epoch 1/5:  89%|████████▉ | 185/208 [00:19<00:02, 10.01it/s, curv=0.0000, flow=2.5462, kin=0.0000, loss=2.5462, ot=0.00
00, t=0.500, tswd=0.0000]
Epoch 1/5:  89%|████████▉ | 186/208 [00:19<00:02,  9.99it/s, curv=0.0000, flow=2.5462, kin=0.0000, loss=2.5462, ot=0.00
00, t=0.500, tswd=0.0000]
Epoch 1/5:  90%|████████▉ | 187/208 [00:19<00:02,  9.95it/s, curv=0.0000, flow=2.5462, kin=0.0000, loss=2.5462, ot=0.00
00, t=0.500, tswd=0.0000]
Epoch 1/5:  90%|█████████ | 188/208 [00:19<00:02,  9.96it/s, curv=0.0000, flow=2.5462, kin=0.0000, loss=2.5462, ot=0.00
00, t=0.500, tswd=0.0000]
Epoch 1/5:  91%|█████████ | 189/208 [00:20<00:01,  9.81it/s, curv=0.0000, flow=2.5462, kin=0.0000, loss=2.5462, ot=0.00
00, t=0.500, tswd=0.0000]
Epoch 1/5:  91%|█████████▏| 190/208 [00:20<00:01,  9.78it/s, curv=0.0000, flow=2.5462, kin=0.0000, loss=2.5462, ot=0.00
00, t=0.500, tswd=0.0000]
Epoch 1/5:  92%|█████████▏| 191/208 [00:20<00:01,  9.73it/s, curv=0.0000, flow=2.5462, kin=0.0000, loss=2.5462, ot=0.00
00, t=0.500, tswd=0.0000]
Epoch 1/5:  92%|█████████▏| 192/208 [00:20<00:01,  9.72it/s, curv=0.0000, flow=2.5462, kin=0.0000, loss=2.5462, ot=0.00
00, t=0.500, tswd=0.0000]
Epoch 1/5:  93%|█████████▎| 194/208 [00:20<00:01,  9.66it/s, curv=0.0000, flow=2.5462, kin=0.0000, loss=2.5462, ot=0.00
00, t=0.500, tswd=0.0000]
Epoch 1/5:  94%|█████████▍| 195/208 [00:20<00:01,  9.56it/s, curv=0.0000, flow=2.5462, kin=0.0000, loss=2.5462, ot=0.00
00, t=0.500, tswd=0.0000]
Epoch 1/5:  94%|█████████▍| 196/208 [00:20<00:01,  9.64it/s, curv=0.0000, flow=2.5462, kin=0.0000, loss=2.5462, ot=0.00
00, t=0.500, tswd=0.0000]
Epoch 1/5:  95%|█████████▍| 197/208 [00:20<00:01,  9.63it/s, curv=0.0000, flow=2.5462, kin=0.0000, loss=2.5462, ot=0.00
00, t=0.500, tswd=0.0000]
Epoch 1/5:  96%|█████████▌| 199/208 [00:21<00:00,  9.71it/s, curv=0.0000, flow=2.5462, kin=0.0000, loss=2.5462, ot=0.00
00, t=0.500, tswd=0.0000]
Epoch 1/5:  96%|█████████▌| 199/208 [00:21<00:00,  9.71it/s, curv=0.0000, flow=2.5380, kin=0.0000, loss=2.5380, ot=0.00
00, t=0.500, tswd=0.0000]
Epoch 1/5:  96%|█████████▌| 200/208 [00:21<00:00,  9.67it/s, curv=0.0000, flow=2.5380, kin=0.0000, loss=2.5380, ot=0.00
00, t=0.500, tswd=0.0000]
Epoch 1/5:  97%|█████████▋| 201/208 [00:21<00:00,  9.71it/s, curv=0.0000, flow=2.5380, kin=0.0000, loss=2.5380, ot=0.00
00, t=0.500, tswd=0.0000]
Epoch 1/5:  97%|█████████▋| 202/208 [00:21<00:00,  9.63it/s, curv=0.0000, flow=2.5380, kin=0.0000, loss=2.5380, ot=0.00
00, t=0.500, tswd=0.0000]
Epoch 1/5:  98%|█████████▊| 204/208 [00:21<00:00,  9.88it/s, curv=0.0000, flow=2.5380, kin=0.0000, loss=2.5380, ot=0.00
00, t=0.500, tswd=0.0000]
Epoch 1/5:  99%|█████████▊| 205/208 [00:21<00:00,  9.86it/s, curv=0.0000, flow=2.5380, kin=0.0000, loss=2.5380, ot=0.00
00, t=0.500, tswd=0.0000]
Epoch 1/5: 100%|█████████▉| 207/208 [00:21<00:00,  9.97it/s, curv=0.0000, flow=2.5380, kin=0.0000, loss=2.5380, ot=0.00
00, t=0.500, tswd=0.0000]
Epoch 1/5: 100%|█████████▉| 207/208 [00:22<00:00,  9.97it/s, curv=0.0000, flow=2.5344, kin=0.0000, loss=2.5344, ot=0.00
00, t=0.500, tswd=0.0000]
Epoch 1/5: 100%|██████████| 208/208 [00:22<00:00,  9.92it/s, curv=0.0000, flow=2.5344, kin=0.0000, loss=2.5344, ot=0.00
00, t=0.500, tswd=0.0000]
Epoch 1/5: 100%|██████████| 208/208 [00:22<00:00,  9.44it/s, curv=0.0000, flow=2.5344, kin=0.0000, loss=2.5344, ot=0.00
00, t=0.500, tswd=0.0000]
2026-07-02 09:07:51,029 - INFO - Epoch 1/5 | loss=2.5344 flow=2.5344 kin=0.0000 ot=0.0000 tswd=0.0000 gini=0.000 hub=0.
000 otd=0.0000 fiber=0.000 leak=0.0000 tgtshift=0.0000 cla=0.0000 cea=0.0000 sem_attn=0.000 sem_k=0.000 topo_ent=0.000 
topo_on=0 plan_ent=0.000 bary_ent=0.000 tok_ent=0.000 tok_eff=0.0 tok_max=0.000 tok_svd=0.000 tok_cos=0.000 app_s=0.000
 app_d=0.000 sigma=0.000 bex=0 idr=0.00 t=0.500 |v|=0.000 lr=2.00e-04 data=0.6s comp=13.8s epoch=22.0s sps=226.56 bstep
=0.106s gpu=81.4/91.0% vram=5.36/5.58GB power=60.7/68.6W peak=1.42/2.03GB
2026-07-02 09:07:51,035 - INFO - Epoch 2 weight schedule: stage=0 w_content=0.0000 w_style=0.0000 w_style_strength_reg=
0.0000 sigma=0.0000

Epoch 2/5:   0%|          | 0/208 [00:00<?, ?it/s]
Epoch 2/5:   0%|          | 0/208 [00:00<?, ?it/s, curv=0.0000, flow=2.3413, kin=0.0000, loss=2.3413, ot=0.0000, t=0.44
8, tswd=0.0000]
Epoch 2/5:   0%|          | 1/208 [00:00<00:22,  9.32it/s, curv=0.0000, flow=2.3413, kin=0.0000, loss=2.3413, ot=0.0000
, t=0.448, tswd=0.0000]
Epoch 2/5:   1%|          | 2/208 [00:00<00:21,  9.66it/s, curv=0.0000, flow=2.3413, kin=0.0000, loss=2.3413, ot=0.0000
, t=0.448, tswd=0.0000]
Epoch 2/5:   1%|▏         | 3/208 [00:00<00:20,  9.79it/s, curv=0.0000, flow=2.3413, kin=0.0000, loss=2.3413, ot=0.0000
, t=0.448, tswd=0.0000]
Epoch 2/5:   2%|▏         | 5/208 [00:00<00:20, 10.12it/s, curv=0.0000, flow=2.3413, kin=0.0000, loss=2.3413, ot=0.0000
, t=0.448, tswd=0.0000]
Epoch 2/5:   3%|▎         | 7/208 [00:00<00:19, 10.08it/s, curv=0.0000, flow=2.3413, kin=0.0000, loss=2.3413, ot=0.0000
, t=0.448, tswd=0.0000]
Epoch 2/5:   4%|▍         | 9/208 [00:00<00:19, 10.09it/s, curv=0.0000, flow=2.3413, kin=0.0000, loss=2.3413, ot=0.0000
, t=0.448, tswd=0.0000]
Epoch 2/5:   5%|▌         | 11/208 [00:01<00:19,  9.99it/s, curv=0.0000, flow=2.3413, kin=0.0000, loss=2.3413, ot=0.000
0, t=0.448, tswd=0.0000]
Epoch 2/5:   6%|▋         | 13/208 [00:01<00:19, 10.16it/s, curv=0.0000, flow=2.3413, kin=0.0000, loss=2.3413, ot=0.000
0, t=0.448, tswd=0.0000]
Epoch 2/5:   7%|▋         | 15/208 [00:01<00:19, 10.12it/s, curv=0.0000, flow=2.3413, kin=0.0000, loss=2.3413, ot=0.000
0, t=0.448, tswd=0.0000]
Epoch 2/5:   8%|▊         | 17/208 [00:01<00:18, 10.12it/s, curv=0.0000, flow=2.3413, kin=0.0000, loss=2.3413, ot=0.000
0, t=0.448, tswd=0.0000]
Epoch 2/5:   9%|▉         | 19/208 [00:01<00:18, 10.15it/s, curv=0.0000, flow=2.3413, kin=0.0000, loss=2.3413, ot=0.000
0, t=0.448, tswd=0.0000]
Epoch 2/5:   9%|▉         | 19/208 [00:01<00:18, 10.15it/s, curv=0.0000, flow=2.4063, kin=0.0000, loss=2.4063, ot=0.000
0, t=0.492, tswd=0.0000]
Epoch 2/5:  10%|█         | 21/208 [00:02<00:18,  9.85it/s, curv=0.0000, flow=2.4063, kin=0.0000, loss=2.4063, ot=0.000
0, t=0.492, tswd=0.0000]
Epoch 2/5:  11%|█         | 23/208 [00:02<00:18,  9.95it/s, curv=0.0000, flow=2.4063, kin=0.0000, loss=2.4063, ot=0.000
0, t=0.492, tswd=0.0000]
Epoch 2/5:  12%|█▏        | 24/208 [00:02<00:18,  9.92it/s, curv=0.0000, flow=2.4063, kin=0.0000, loss=2.4063, ot=0.000
0, t=0.492, tswd=0.0000]
Epoch 2/5:  12%|█▏        | 25/208 [00:02<00:18,  9.87it/s, curv=0.0000, flow=2.4063, kin=0.0000, loss=2.4063, ot=0.000
0, t=0.492, tswd=0.0000]
Epoch 2/5:  13%|█▎        | 27/208 [00:02<00:18, 10.00it/s, curv=0.0000, flow=2.4063, kin=0.0000, loss=2.4063, ot=0.000
0, t=0.492, tswd=0.0000]
Epoch 2/5:  13%|█▎        | 28/208 [00:02<00:18,  9.95it/s, curv=0.0000, flow=2.4063, kin=0.0000, loss=2.4063, ot=0.000
0, t=0.492, tswd=0.0000]
Epoch 2/5:  14%|█▍        | 30/208 [00:02<00:17, 10.02it/s, curv=0.0000, flow=2.4063, kin=0.0000, loss=2.4063, ot=0.000
0, t=0.492, tswd=0.0000]
Epoch 2/5:  15%|█▍        | 31/208 [00:03<00:17,  9.97it/s, curv=0.0000, flow=2.4063, kin=0.0000, loss=2.4063, ot=0.000
0, t=0.492, tswd=0.0000]
Epoch 2/5:  15%|█▌        | 32/208 [00:03<00:17,  9.93it/s, curv=0.0000, flow=2.4063, kin=0.0000, loss=2.4063, ot=0.000
0, t=0.492, tswd=0.0000]
Epoch 2/5:  16%|█▌        | 33/208 [00:03<00:17,  9.91it/s, curv=0.0000, flow=2.4063, kin=0.0000, loss=2.4063, ot=0.000
0, t=0.492, tswd=0.0000]
Epoch 2/5:  17%|█▋        | 35/208 [00:03<00:17,  9.92it/s, curv=0.0000, flow=2.4063, kin=0.0000, loss=2.4063, ot=0.000
0, t=0.492, tswd=0.0000]
Epoch 2/5:  17%|█▋        | 36/208 [00:03<00:17,  9.91it/s, curv=0.0000, flow=2.4063, kin=0.0000, loss=2.4063, ot=0.000
0, t=0.492, tswd=0.0000]
Epoch 2/5:  18%|█▊        | 37/208 [00:03<00:17,  9.90it/s, curv=0.0000, flow=2.4063, kin=0.0000, loss=2.4063, ot=0.000
0, t=0.492, tswd=0.0000]
Epoch 2/5:  18%|█▊        | 38/208 [00:03<00:17,  9.92it/s, curv=0.0000, flow=2.4063, kin=0.0000, loss=2.4063, ot=0.000
0, t=0.492, tswd=0.0000]
Epoch 2/5:  19%|█▉        | 39/208 [00:03<00:17,  9.92it/s, curv=0.0000, flow=2.4063, kin=0.0000, loss=2.4063, ot=0.000
0, t=0.492, tswd=0.0000]
Epoch 2/5:  19%|█▉        | 39/208 [00:04<00:17,  9.92it/s, curv=0.0000, flow=2.4016, kin=0.0000, loss=2.4016, ot=0.000
0, t=0.487, tswd=0.0000]
Epoch 2/5:  19%|█▉        | 40/208 [00:04<00:17,  9.77it/s, curv=0.0000, flow=2.4016, kin=0.0000, loss=2.4016, ot=0.000
0, t=0.487, tswd=0.0000]
Epoch 2/5:  20%|█▉        | 41/208 [00:04<00:17,  9.66it/s, curv=0.0000, flow=2.4016, kin=0.0000, loss=2.4016, ot=0.000
0, t=0.487, tswd=0.0000]
Epoch 2/5:  20%|██        | 42/208 [00:04<00:17,  9.63it/s, curv=0.0000, flow=2.4016, kin=0.0000, loss=2.4016, ot=0.000
0, t=0.487, tswd=0.0000]
Epoch 2/5:  21%|██        | 44/208 [00:04<00:16,  9.89it/s, curv=0.0000, flow=2.4016, kin=0.0000, loss=2.4016, ot=0.000
0, t=0.487, tswd=0.0000]
Epoch 2/5:  22%|██▏       | 46/208 [00:04<00:16, 10.04it/s, curv=0.0000, flow=2.4016, kin=0.0000, loss=2.4016, ot=0.000
0, t=0.487, tswd=0.0000]
Epoch 2/5:  23%|██▎       | 48/208 [00:04<00:15, 10.00it/s, curv=0.0000, flow=2.4016, kin=0.0000, loss=2.4016, ot=0.000
0, t=0.487, tswd=0.0000]
Epoch 2/5:  24%|██▎       | 49/208 [00:04<00:16,  9.89it/s, curv=0.0000, flow=2.4016, kin=0.0000, loss=2.4016, ot=0.000
0, t=0.487, tswd=0.0000]
Epoch 2/5:  24%|██▍       | 50/208 [00:05<00:17,  8.92it/s, curv=0.0000, flow=2.4016, kin=0.0000, loss=2.4016, ot=0.000
0, t=0.487, tswd=0.0000]
Epoch 2/5:  25%|██▌       | 52/208 [00:05<00:16,  9.34it/s, curv=0.0000, flow=2.4016, kin=0.0000, loss=2.4016, ot=0.000
0, t=0.487, tswd=0.0000]
Epoch 2/5:  25%|██▌       | 53/208 [00:05<00:16,  9.45it/s, curv=0.0000, flow=2.4016, kin=0.0000, loss=2.4016, ot=0.000
0, t=0.487, tswd=0.0000]
Epoch 2/5:  26%|██▋       | 55/208 [00:05<00:15,  9.67it/s, curv=0.0000, flow=2.4016, kin=0.0000, loss=2.4016, ot=0.000
0, t=0.487, tswd=0.0000]
Epoch 2/5:  27%|██▋       | 56/208 [00:05<00:15,  9.69it/s, curv=0.0000, flow=2.4016, kin=0.0000, loss=2.4016, ot=0.000
0, t=0.487, tswd=0.0000]
Epoch 2/5:  28%|██▊       | 58/208 [00:05<00:15,  9.92it/s, curv=0.0000, flow=2.4016, kin=0.0000, loss=2.4016, ot=0.000
0, t=0.487, tswd=0.0000]
Epoch 2/5:  28%|██▊       | 58/208 [00:06<00:15,  9.92it/s, curv=0.0000, flow=2.3975, kin=0.0000, loss=2.3975, ot=0.000
0, t=0.494, tswd=0.0000]
Epoch 2/5:  29%|██▉       | 60/208 [00:06<00:14,  9.87it/s, curv=0.0000, flow=2.3975, kin=0.0000, loss=2.3975, ot=0.000
0, t=0.494, tswd=0.0000]
Epoch 2/5:  29%|██▉       | 61/208 [00:06<00:14,  9.83it/s, curv=0.0000, flow=2.3975, kin=0.0000, loss=2.3975, ot=0.000
0, t=0.494, tswd=0.0000]
Epoch 2/5:  30%|██▉       | 62/208 [00:06<00:14,  9.84it/s, curv=0.0000, flow=2.3975, kin=0.0000, loss=2.3975, ot=0.000
0, t=0.494, tswd=0.0000]
Epoch 2/5:  30%|███       | 63/208 [00:06<00:14,  9.85it/s, curv=0.0000, flow=2.3975, kin=0.0000, loss=2.3975, ot=0.000
0, t=0.494, tswd=0.0000]
Epoch 2/5:  31%|███       | 64/208 [00:06<00:15,  9.44it/s, curv=0.0000, flow=2.3975, kin=0.0000, loss=2.3975, ot=0.000
0, t=0.494, tswd=0.0000]
Epoch 2/5:  31%|███▏      | 65/208 [00:06<00:15,  9.50it/s, curv=0.0000, flow=2.3975, kin=0.0000, loss=2.3975, ot=0.000
0, t=0.494, tswd=0.0000]
Epoch 2/5:  32%|███▏      | 66/208 [00:06<00:14,  9.63it/s, curv=0.0000, flow=2.3975, kin=0.0000, loss=2.3975, ot=0.000
0, t=0.494, tswd=0.0000]
Epoch 2/5:  32%|███▏      | 67/208 [00:06<00:14,  9.65it/s, curv=0.0000, flow=2.3975, kin=0.0000, loss=2.3975, ot=0.000
0, t=0.494, tswd=0.0000]
Epoch 2/5:  33%|███▎      | 68/208 [00:06<00:14,  9.52it/s, curv=0.0000, flow=2.3975, kin=0.0000, loss=2.3975, ot=0.000
0, t=0.494, tswd=0.0000]
Epoch 2/5:  33%|███▎      | 69/208 [00:07<00:14,  9.56it/s, curv=0.0000, flow=2.3975, kin=0.0000, loss=2.3975, ot=0.000
0, t=0.494, tswd=0.0000]
Epoch 2/5:  34%|███▎      | 70/208 [00:07<00:14,  9.57it/s, curv=0.0000, flow=2.3975, kin=0.0000, loss=2.3975, ot=0.000
0, t=0.494, tswd=0.0000]
Epoch 2/5:  34%|███▍      | 71/208 [00:07<00:14,  9.62it/s, curv=0.0000, flow=2.3975, kin=0.0000, loss=2.3975, ot=0.000
0, t=0.494, tswd=0.0000]
Epoch 2/5:  35%|███▍      | 72/208 [00:07<00:14,  9.66it/s, curv=0.0000, flow=2.3975, kin=0.0000, loss=2.3975, ot=0.000
0, t=0.494, tswd=0.0000]
Epoch 2/5:  36%|███▌      | 74/208 [00:07<00:13,  9.77it/s, curv=0.0000, flow=2.3975, kin=0.0000, loss=2.3975, ot=0.000
0, t=0.494, tswd=0.0000]
Epoch 2/5:  37%|███▋      | 76/208 [00:07<00:13,  9.91it/s, curv=0.0000, flow=2.3975, kin=0.0000, loss=2.3975, ot=0.000
0, t=0.494, tswd=0.0000]
Epoch 2/5:  37%|███▋      | 77/208 [00:07<00:13,  9.81it/s, curv=0.0000, flow=2.3975, kin=0.0000, loss=2.3975, ot=0.000
0, t=0.494, tswd=0.0000]
Epoch 2/5:  38%|███▊      | 78/208 [00:07<00:13,  9.82it/s, curv=0.0000, flow=2.3975, kin=0.0000, loss=2.3975, ot=0.000
0, t=0.494, tswd=0.0000]
Epoch 2/5:  38%|███▊      | 79/208 [00:08<00:13,  9.72it/s, curv=0.0000, flow=2.3975, kin=0.0000, loss=2.3975, ot=0.000
0, t=0.494, tswd=0.0000]
Epoch 2/5:  38%|███▊      | 79/208 [00:08<00:13,  9.72it/s, curv=0.0000, flow=2.3915, kin=0.0000, loss=2.3915, ot=0.000
0, t=0.494, tswd=0.0000]
Epoch 2/5:  38%|███▊      | 80/208 [00:08<00:13,  9.77it/s, curv=0.0000, flow=2.3915, kin=0.0000, loss=2.3915, ot=0.000
0, t=0.494, tswd=0.0000]
Epoch 2/5:  39%|███▉      | 82/208 [00:08<00:12,  9.87it/s, curv=0.0000, flow=2.3915, kin=0.0000, loss=2.3915, ot=0.000
0, t=0.494, tswd=0.0000]
Epoch 2/5:  40%|███▉      | 83/208 [00:08<00:12,  9.82it/s, curv=0.0000, flow=2.3915, kin=0.0000, loss=2.3915, ot=0.000
0, t=0.494, tswd=0.0000]
Epoch 2/5:  41%|████      | 85/208 [00:08<00:12,  9.90it/s, curv=0.0000, flow=2.3915, kin=0.0000, loss=2.3915, ot=0.000
0, t=0.494, tswd=0.0000]
Epoch 2/5:  41%|████▏     | 86/208 [00:08<00:12,  9.89it/s, curv=0.0000, flow=2.3915, kin=0.0000, loss=2.3915, ot=0.000
0, t=0.494, tswd=0.0000]
Epoch 2/5:  42%|████▏     | 87/208 [00:08<00:12,  9.82it/s, curv=0.0000, flow=2.3915, kin=0.0000, loss=2.3915, ot=0.000
0, t=0.494, tswd=0.0000]
Epoch 2/5:  43%|████▎     | 89/208 [00:09<00:11,  9.96it/s, curv=0.0000, flow=2.3915, kin=0.0000, loss=2.3915, ot=0.000
0, t=0.494, tswd=0.0000]
Epoch 2/5:  43%|████▎     | 90/208 [00:09<00:11,  9.91it/s, curv=0.0000, flow=2.3915, kin=0.0000, loss=2.3915, ot=0.000
0, t=0.494, tswd=0.0000]
Epoch 2/5:  44%|████▍     | 92/208 [00:09<00:11,  9.90it/s, curv=0.0000, flow=2.3915, kin=0.0000, loss=2.3915, ot=0.000
0, t=0.494, tswd=0.0000]
Epoch 2/5:  45%|████▌     | 94/208 [00:09<00:11, 10.05it/s, curv=0.0000, flow=2.3915, kin=0.0000, loss=2.3915, ot=0.000
0, t=0.494, tswd=0.0000]
Epoch 2/5:  46%|████▌     | 96/208 [00:09<00:11, 10.00it/s, curv=0.0000, flow=2.3915, kin=0.0000, loss=2.3915, ot=0.000
0, t=0.494, tswd=0.0000]
Epoch 2/5:  47%|████▋     | 98/208 [00:09<00:10, 10.09it/s, curv=0.0000, flow=2.3915, kin=0.0000, loss=2.3915, ot=0.000
0, t=0.494, tswd=0.0000]
Epoch 2/5:  47%|████▋     | 98/208 [00:10<00:10, 10.09it/s, curv=0.0000, flow=2.3845, kin=0.0000, loss=2.3845, ot=0.000
0, t=0.494, tswd=0.0000]
Epoch 2/5:  48%|████▊     | 100/208 [00:10<00:10, 10.03it/s, curv=0.0000, flow=2.3845, kin=0.0000, loss=2.3845, ot=0.00
00, t=0.494, tswd=0.0000]
Epoch 2/5:  49%|████▉     | 102/208 [00:10<00:10, 10.07it/s, curv=0.0000, flow=2.3845, kin=0.0000, loss=2.3845, ot=0.00
00, t=0.494, tswd=0.0000]
Epoch 2/5:  50%|█████     | 104/208 [00:10<00:10, 10.16it/s, curv=0.0000, flow=2.3845, kin=0.0000, loss=2.3845, ot=0.00
00, t=0.494, tswd=0.0000]
Epoch 2/5:  51%|█████     | 106/208 [00:10<00:10, 10.16it/s, curv=0.0000, flow=2.3845, kin=0.0000, loss=2.3845, ot=0.00
00, t=0.494, tswd=0.0000]
Epoch 2/5:  52%|█████▏    | 108/208 [00:10<00:09, 10.18it/s, curv=0.0000, flow=2.3845, kin=0.0000, loss=2.3845, ot=0.00
00, t=0.494, tswd=0.0000]
Epoch 2/5:  53%|█████▎    | 110/208 [00:11<00:09, 10.12it/s, curv=0.0000, flow=2.3845, kin=0.0000, loss=2.3845, ot=0.00
00, t=0.494, tswd=0.0000]
Epoch 2/5:  54%|█████▍    | 112/208 [00:11<00:09, 10.01it/s, curv=0.0000, flow=2.3845, kin=0.0000, loss=2.3845, ot=0.00
00, t=0.494, tswd=0.0000]
Epoch 2/5:  55%|█████▍    | 114/208 [00:11<00:09, 10.00it/s, curv=0.0000, flow=2.3845, kin=0.0000, loss=2.3845, ot=0.00
00, t=0.494, tswd=0.0000]
Epoch 2/5:  56%|█████▌    | 116/208 [00:11<00:09,  9.99it/s, curv=0.0000, flow=2.3845, kin=0.0000, loss=2.3845, ot=0.00
00, t=0.494, tswd=0.0000]
Epoch 2/5:  56%|█████▋    | 117/208 [00:11<00:09,  9.99it/s, curv=0.0000, flow=2.3845, kin=0.0000, loss=2.3845, ot=0.00
00, t=0.494, tswd=0.0000]
Epoch 2/5:  57%|█████▋    | 119/208 [00:12<00:08, 10.01it/s, curv=0.0000, flow=2.3845, kin=0.0000, loss=2.3845, ot=0.00
00, t=0.494, tswd=0.0000]
Epoch 2/5:  57%|█████▋    | 119/208 [00:12<00:08, 10.01it/s, curv=0.0000, flow=2.3788, kin=0.0000, loss=2.3788, ot=0.00
00, t=0.496, tswd=0.0000]
Epoch 2/5:  58%|█████▊    | 121/208 [00:12<00:08,  9.93it/s, curv=0.0000, flow=2.3788, kin=0.0000, loss=2.3788, ot=0.00
00, t=0.496, tswd=0.0000]
Epoch 2/5:  59%|█████▊    | 122/208 [00:12<00:08,  9.89it/s, curv=0.0000, flow=2.3788, kin=0.0000, loss=2.3788, ot=0.00
00, t=0.496, tswd=0.0000]
Epoch 2/5:  60%|█████▉    | 124/208 [00:12<00:08, 10.05it/s, curv=0.0000, flow=2.3788, kin=0.0000, loss=2.3788, ot=0.00
00, t=0.496, tswd=0.0000]
Epoch 2/5:  61%|██████    | 126/208 [00:12<00:08, 10.05it/s, curv=0.0000, flow=2.3788, kin=0.0000, loss=2.3788, ot=0.00
00, t=0.496, tswd=0.0000]
Epoch 2/5:  62%|██████▏   | 128/208 [00:12<00:07, 10.08it/s, curv=0.0000, flow=2.3788, kin=0.0000, loss=2.3788, ot=0.00
00, t=0.496, tswd=0.0000]
Epoch 2/5:  62%|██████▎   | 130/208 [00:13<00:07, 10.16it/s, curv=0.0000, flow=2.3788, kin=0.0000, loss=2.3788, ot=0.00
00, t=0.496, tswd=0.0000]
Epoch 2/5:  63%|██████▎   | 132/208 [00:13<00:07, 10.21it/s, curv=0.0000, flow=2.3788, kin=0.0000, loss=2.3788, ot=0.00
00, t=0.496, tswd=0.0000]
Epoch 2/5:  64%|██████▍   | 134/208 [00:13<00:07, 10.18it/s, curv=0.0000, flow=2.3788, kin=0.0000, loss=2.3788, ot=0.00
00, t=0.496, tswd=0.0000]
Epoch 2/5:  65%|██████▌   | 136/208 [00:13<00:07, 10.18it/s, curv=0.0000, flow=2.3788, kin=0.0000, loss=2.3788, ot=0.00
00, t=0.496, tswd=0.0000]
Epoch 2/5:  66%|██████▋   | 138/208 [00:13<00:06, 10.07it/s, curv=0.0000, flow=2.3788, kin=0.0000, loss=2.3788, ot=0.00
00, t=0.496, tswd=0.0000]
Epoch 2/5:  66%|██████▋   | 138/208 [00:14<00:06, 10.07it/s, curv=0.0000, flow=2.3697, kin=0.0000, loss=2.3697, ot=0.00
00, t=0.496, tswd=0.0000]
Epoch 2/5:  67%|██████▋   | 140/208 [00:14<00:06,  9.96it/s, curv=0.0000, flow=2.3697, kin=0.0000, loss=2.3697, ot=0.00
00, t=0.496, tswd=0.0000]
Epoch 2/5:  68%|██████▊   | 142/208 [00:14<00:06,  9.91it/s, curv=0.0000, flow=2.3697, kin=0.0000, loss=2.3697, ot=0.00
00, t=0.496, tswd=0.0000]
Epoch 2/5:  69%|██████▉   | 144/208 [00:14<00:06, 10.02it/s, curv=0.0000, flow=2.3697, kin=0.0000, loss=2.3697, ot=0.00
00, t=0.496, tswd=0.0000]
Epoch 2/5:  70%|███████   | 146/208 [00:14<00:06, 10.02it/s, curv=0.0000, flow=2.3697, kin=0.0000, loss=2.3697, ot=0.00
00, t=0.496, tswd=0.0000]
Epoch 2/5:  71%|███████   | 148/208 [00:14<00:05, 10.01it/s, curv=0.0000, flow=2.3697, kin=0.0000, loss=2.3697, ot=0.00
00, t=0.496, tswd=0.0000]
Epoch 2/5:  72%|███████▏  | 150/208 [00:15<00:05, 10.00it/s, curv=0.0000, flow=2.3697, kin=0.0000, loss=2.3697, ot=0.00
00, t=0.496, tswd=0.0000]
Epoch 2/5:  73%|███████▎  | 152/208 [00:15<00:05, 10.01it/s, curv=0.0000, flow=2.3697, kin=0.0000, loss=2.3697, ot=0.00
00, t=0.496, tswd=0.0000]
Epoch 2/5:  74%|███████▍  | 154/208 [00:15<00:05,  9.97it/s, curv=0.0000, flow=2.3697, kin=0.0000, loss=2.3697, ot=0.00
00, t=0.496, tswd=0.0000]
Epoch 2/5:  75%|███████▌  | 156/208 [00:15<00:05, 10.02it/s, curv=0.0000, flow=2.3697, kin=0.0000, loss=2.3697, ot=0.00
00, t=0.496, tswd=0.0000]
Epoch 2/5:  76%|███████▌  | 158/208 [00:15<00:05,  9.97it/s, curv=0.0000, flow=2.3697, kin=0.0000, loss=2.3697, ot=0.00
00, t=0.496, tswd=0.0000]
Epoch 2/5:  76%|███████▌  | 158/208 [00:16<00:05,  9.97it/s, curv=0.0000, flow=2.3634, kin=0.0000, loss=2.3634, ot=0.00
00, t=0.493, tswd=0.0000]
Epoch 2/5:  77%|███████▋  | 160/208 [00:16<00:04,  9.97it/s, curv=0.0000, flow=2.3634, kin=0.0000, loss=2.3634, ot=0.00
00, t=0.493, tswd=0.0000]
Epoch 2/5:  78%|███████▊  | 162/208 [00:16<00:04,  9.99it/s, curv=0.0000, flow=2.3634, kin=0.0000, loss=2.3634, ot=0.00
00, t=0.493, tswd=0.0000]
Epoch 2/5:  78%|███████▊  | 163/208 [00:16<00:04,  9.92it/s, curv=0.0000, flow=2.3634, kin=0.0000, loss=2.3634, ot=0.00
00, t=0.493, tswd=0.0000]
Epoch 2/5:  79%|███████▉  | 165/208 [00:16<00:04,  9.91it/s, curv=0.0000, flow=2.3634, kin=0.0000, loss=2.3634, ot=0.00
00, t=0.493, tswd=0.0000]
Epoch 2/5:  80%|████████  | 167/208 [00:16<00:04, 10.02it/s, curv=0.0000, flow=2.3634, kin=0.0000, loss=2.3634, ot=0.00
00, t=0.493, tswd=0.0000]
Epoch 2/5:  81%|████████  | 168/208 [00:16<00:04,  9.73it/s, curv=0.0000, flow=2.3634, kin=0.0000, loss=2.3634, ot=0.00
00, t=0.493, tswd=0.0000]
Epoch 2/5:  81%|████████▏ | 169/208 [00:17<00:03,  9.77it/s, curv=0.0000, flow=2.3634, kin=0.0000, loss=2.3634, ot=0.00
00, t=0.493, tswd=0.0000]
Epoch 2/5:  82%|████████▏ | 171/208 [00:17<00:03,  9.90it/s, curv=0.0000, flow=2.3634, kin=0.0000, loss=2.3634, ot=0.00
00, t=0.493, tswd=0.0000]
Epoch 2/5:  83%|████████▎ | 172/208 [00:17<00:03,  9.86it/s, curv=0.0000, flow=2.3634, kin=0.0000, loss=2.3634, ot=0.00
00, t=0.493, tswd=0.0000]
Epoch 2/5:  84%|████████▎ | 174/208 [00:17<00:03,  9.90it/s, curv=0.0000, flow=2.3634, kin=0.0000, loss=2.3634, ot=0.00
00, t=0.493, tswd=0.0000]
Epoch 2/5:  85%|████████▍ | 176/208 [00:17<00:03, 10.00it/s, curv=0.0000, flow=2.3634, kin=0.0000, loss=2.3634, ot=0.00
00, t=0.493, tswd=0.0000]
Epoch 2/5:  85%|████████▌ | 177/208 [00:17<00:03,  9.99it/s, curv=0.0000, flow=2.3634, kin=0.0000, loss=2.3634, ot=0.00
00, t=0.493, tswd=0.0000]
Epoch 2/5:  86%|████████▌ | 178/208 [00:17<00:03,  9.96it/s, curv=0.0000, flow=2.3634, kin=0.0000, loss=2.3634, ot=0.00
00, t=0.493, tswd=0.0000]
Epoch 2/5:  86%|████████▌ | 178/208 [00:18<00:03,  9.96it/s, curv=0.0000, flow=2.3505, kin=0.0000, loss=2.3505, ot=0.00
00, t=0.497, tswd=0.0000]
Epoch 2/5:  87%|████████▋ | 180/208 [00:18<00:02, 10.04it/s, curv=0.0000, flow=2.3505, kin=0.0000, loss=2.3505, ot=0.00
00, t=0.497, tswd=0.0000]
Epoch 2/5:  88%|████████▊ | 182/208 [00:18<00:02, 10.02it/s, curv=0.0000, flow=2.3505, kin=0.0000, loss=2.3505, ot=0.00
00, t=0.497, tswd=0.0000]
Epoch 2/5:  88%|████████▊ | 184/208 [00:18<00:02, 10.00it/s, curv=0.0000, flow=2.3505, kin=0.0000, loss=2.3505, ot=0.00
00, t=0.497, tswd=0.0000]
Epoch 2/5:  89%|████████▉ | 185/208 [00:18<00:02,  9.98it/s, curv=0.0000, flow=2.3505, kin=0.0000, loss=2.3505, ot=0.00
00, t=0.497, tswd=0.0000]
Epoch 2/5:  89%|████████▉ | 186/208 [00:18<00:02,  9.92it/s, curv=0.0000, flow=2.3505, kin=0.0000, loss=2.3505, ot=0.00
00, t=0.497, tswd=0.0000]
Epoch 2/5:  90%|█████████ | 188/208 [00:18<00:02,  9.97it/s, curv=0.0000, flow=2.3505, kin=0.0000, loss=2.3505, ot=0.00
00, t=0.497, tswd=0.0000]
Epoch 2/5:  91%|█████████ | 189/208 [00:19<00:01,  9.97it/s, curv=0.0000, flow=2.3505, kin=0.0000, loss=2.3505, ot=0.00
00, t=0.497, tswd=0.0000]
Epoch 2/5:  91%|█████████▏| 190/208 [00:19<00:01,  9.92it/s, curv=0.0000, flow=2.3505, kin=0.0000, loss=2.3505, ot=0.00
00, t=0.497, tswd=0.0000]
Epoch 2/5:  92%|█████████▏| 191/208 [00:19<00:01,  9.80it/s, curv=0.0000, flow=2.3505, kin=0.0000, loss=2.3505, ot=0.00
00, t=0.497, tswd=0.0000]
Epoch 2/5:  93%|█████████▎| 193/208 [00:19<00:01, 10.05it/s, curv=0.0000, flow=2.3505, kin=0.0000, loss=2.3505, ot=0.00
00, t=0.497, tswd=0.0000]
Epoch 2/5:  93%|█████████▎| 194/208 [00:19<00:01, 10.02it/s, curv=0.0000, flow=2.3505, kin=0.0000, loss=2.3505, ot=0.00
00, t=0.497, tswd=0.0000]
Epoch 2/5:  94%|█████████▍| 196/208 [00:19<00:01, 10.10it/s, curv=0.0000, flow=2.3505, kin=0.0000, loss=2.3505, ot=0.00
00, t=0.497, tswd=0.0000]
Epoch 2/5:  95%|█████████▌| 198/208 [00:19<00:01, 10.00it/s, curv=0.0000, flow=2.3505, kin=0.0000, loss=2.3505, ot=0.00
00, t=0.497, tswd=0.0000]
Epoch 2/5:  96%|█████████▌| 199/208 [00:20<00:00,  9.79it/s, curv=0.0000, flow=2.3505, kin=0.0000, loss=2.3505, ot=0.00
00, t=0.497, tswd=0.0000]
Epoch 2/5:  96%|█████████▌| 199/208 [00:20<00:00,  9.79it/s, curv=0.0000, flow=2.3368, kin=0.0000, loss=2.3368, ot=0.00
00, t=0.496, tswd=0.0000]
Epoch 2/5:  96%|█████████▌| 200/208 [00:20<00:00,  9.73it/s, curv=0.0000, flow=2.3368, kin=0.0000, loss=2.3368, ot=0.00
00, t=0.496, tswd=0.0000]
Epoch 2/5:  97%|█████████▋| 201/208 [00:20<00:00,  9.64it/s, curv=0.0000, flow=2.3368, kin=0.0000, loss=2.3368, ot=0.00
00, t=0.496, tswd=0.0000]
Epoch 2/5:  98%|█████████▊| 203/208 [00:20<00:00,  9.89it/s, curv=0.0000, flow=2.3368, kin=0.0000, loss=2.3368, ot=0.00
00, t=0.496, tswd=0.0000]
Epoch 2/5:  99%|█████████▊| 205/208 [00:20<00:00,  9.87it/s, curv=0.0000, flow=2.3368, kin=0.0000, loss=2.3368, ot=0.00
00, t=0.496, tswd=0.0000]
Epoch 2/5: 100%|█████████▉| 207/208 [00:20<00:00, 10.02it/s, curv=0.0000, flow=2.3368, kin=0.0000, loss=2.3368, ot=0.00
00, t=0.496, tswd=0.0000]
Epoch 2/5: 100%|█████████▉| 207/208 [00:20<00:00, 10.02it/s, curv=0.0000, flow=2.3347, kin=0.0000, loss=2.3347, ot=0.00
00, t=0.498, tswd=0.0000]
Epoch 2/5: 100%|██████████| 208/208 [00:20<00:00, 10.00it/s, curv=0.0000, flow=2.3347, kin=0.0000, loss=2.3347, ot=0.00
00, t=0.498, tswd=0.0000]
Epoch 2/5: 100%|██████████| 208/208 [00:20<00:00,  9.93it/s, curv=0.0000, flow=2.3347, kin=0.0000, loss=2.3347, ot=0.00
00, t=0.498, tswd=0.0000]
2026-07-02 09:08:12,111 - INFO - Epoch 2/5 | loss=2.3347 flow=2.3347 kin=0.0000 ot=0.0000 tswd=0.0000 gini=0.000 hub=0.
000 otd=0.0000 fiber=0.000 leak=0.0000 tgtshift=0.0000 cla=0.0000 cea=0.0000 sem_attn=0.000 sem_k=0.000 topo_ent=0.000 
topo_on=0 plan_ent=0.000 bary_ent=0.000 tok_ent=0.000 tok_eff=0.0 tok_max=0.000 tok_svd=0.000 tok_cos=0.000 app_s=0.000
 app_d=0.000 sigma=0.000 bex=0 idr=0.00 t=0.498 |v|=0.000 lr=1.82e-04 data=0.5s comp=12.6s epoch=21.0s sps=238.27 bstep
=0.101s gpu=90.3/92.0% vram=5.58/5.60GB power=66.4/68.3W peak=1.37/2.03GB
2026-07-02 09:08:12,118 - INFO - Epoch 3 weight schedule: stage=0 w_content=0.0000 w_style=0.0000 w_style_strength_reg=
0.0000 sigma=0.0000

Epoch 3/5:   0%|          | 0/208 [00:00<?, ?it/s]
Epoch 3/5:   0%|          | 0/208 [00:00<?, ?it/s, curv=0.0000, flow=2.2805, kin=0.0000, loss=2.2805, ot=0.0000, t=0.54
5, tswd=0.0000]
Epoch 3/5:   1%|          | 2/208 [00:00<00:20, 10.14it/s, curv=0.0000, flow=2.2805, kin=0.0000, loss=2.2805, ot=0.0000
, t=0.545, tswd=0.0000]
Epoch 3/5:   2%|▏         | 4/208 [00:00<00:20, 10.11it/s, curv=0.0000, flow=2.2805, kin=0.0000, loss=2.2805, ot=0.0000
, t=0.545, tswd=0.0000]
Epoch 3/5:   3%|▎         | 6/208 [00:00<00:20, 10.09it/s, curv=0.0000, flow=2.2805, kin=0.0000, loss=2.2805, ot=0.0000
, t=0.545, tswd=0.0000]
Epoch 3/5:   4%|▍         | 8/208 [00:00<00:19, 10.14it/s, curv=0.0000, flow=2.2805, kin=0.0000, loss=2.2805, ot=0.0000
, t=0.545, tswd=0.0000]
Epoch 3/5:   5%|▍         | 10/208 [00:00<00:19, 10.09it/s, curv=0.0000, flow=2.2805, kin=0.0000, loss=2.2805, ot=0.000
0, t=0.545, tswd=0.0000]
Epoch 3/5:   6%|▌         | 12/208 [00:01<00:19, 10.19it/s, curv=0.0000, flow=2.2805, kin=0.0000, loss=2.2805, ot=0.000
0, t=0.545, tswd=0.0000]
Epoch 3/5:   7%|▋         | 14/208 [00:01<00:19, 10.16it/s, curv=0.0000, flow=2.2805, kin=0.0000, loss=2.2805, ot=0.000
0, t=0.545, tswd=0.0000]
Epoch 3/5:   8%|▊         | 16/208 [00:01<00:19, 10.01it/s, curv=0.0000, flow=2.2805, kin=0.0000, loss=2.2805, ot=0.000
0, t=0.545, tswd=0.0000]
Epoch 3/5:   9%|▊         | 18/208 [00:01<00:18, 10.07it/s, curv=0.0000, flow=2.2805, kin=0.0000, loss=2.2805, ot=0.000
0, t=0.545, tswd=0.0000]
Epoch 3/5:   9%|▊         | 18/208 [00:01<00:18, 10.07it/s, curv=0.0000, flow=2.2475, kin=0.0000, loss=2.2475, ot=0.000
0, t=0.498, tswd=0.0000]
Epoch 3/5:  10%|▉         | 20/208 [00:01<00:18, 10.09it/s, curv=0.0000, flow=2.2475, kin=0.0000, loss=2.2475, ot=0.000
0, t=0.498, tswd=0.0000]
Epoch 3/5:  11%|█         | 22/208 [00:02<00:18, 10.21it/s, curv=0.0000, flow=2.2475, kin=0.0000, loss=2.2475, ot=0.000
0, t=0.498, tswd=0.0000]
Epoch 3/5:  12%|█▏        | 24/208 [00:02<00:17, 10.26it/s, curv=0.0000, flow=2.2475, kin=0.0000, loss=2.2475, ot=0.000
0, t=0.498, tswd=0.0000]
Epoch 3/5:  12%|█▎        | 26/208 [00:02<00:18,  9.99it/s, curv=0.0000, flow=2.2475, kin=0.0000, loss=2.2475, ot=0.000
0, t=0.498, tswd=0.0000]
Epoch 3/5:  13%|█▎        | 28/208 [00:02<00:18,  9.93it/s, curv=0.0000, flow=2.2475, kin=0.0000, loss=2.2475, ot=0.000
0, t=0.498, tswd=0.0000]
Epoch 3/5:  14%|█▍        | 29/208 [00:02<00:18,  9.91it/s, curv=0.0000, flow=2.2475, kin=0.0000, loss=2.2475, ot=0.000
0, t=0.498, tswd=0.0000]
Epoch 3/5:  14%|█▍        | 30/208 [00:02<00:18,  9.79it/s, curv=0.0000, flow=2.2475, kin=0.0000, loss=2.2475, ot=0.000
0, t=0.498, tswd=0.0000]
Epoch 3/5:  15%|█▌        | 32/208 [00:03<00:17, 10.00it/s, curv=0.0000, flow=2.2475, kin=0.0000, loss=2.2475, ot=0.000
0, t=0.498, tswd=0.0000]
Epoch 3/5:  16%|█▋        | 34/208 [00:03<00:17, 10.08it/s, curv=0.0000, flow=2.2475, kin=0.0000, loss=2.2475, ot=0.000
0, t=0.498, tswd=0.0000]
Epoch 3/5:  17%|█▋        | 36/208 [00:03<00:16, 10.17it/s, curv=0.0000, flow=2.2475, kin=0.0000, loss=2.2475, ot=0.000
0, t=0.498, tswd=0.0000]
Epoch 3/5:  18%|█▊        | 38/208 [00:03<00:16, 10.09it/s, curv=0.0000, flow=2.2475, kin=0.0000, loss=2.2475, ot=0.000
0, t=0.498, tswd=0.0000]
Epoch 3/5:  18%|█▊        | 38/208 [00:03<00:16, 10.09it/s, curv=0.0000, flow=2.2496, kin=0.0000, loss=2.2496, ot=0.000
0, t=0.505, tswd=0.0000]
Epoch 3/5:  19%|█▉        | 40/208 [00:03<00:16,  9.90it/s, curv=0.0000, flow=2.2496, kin=0.0000, loss=2.2496, ot=0.000
0, t=0.505, tswd=0.0000]
Epoch 3/5:  20%|█▉        | 41/208 [00:04<00:16,  9.90it/s, curv=0.0000, flow=2.2496, kin=0.0000, loss=2.2496, ot=0.000
0, t=0.505, tswd=0.0000]
Epoch 3/5:  20%|██        | 42/208 [00:04<00:16,  9.84it/s, curv=0.0000, flow=2.2496, kin=0.0000, loss=2.2496, ot=0.000
0, t=0.505, tswd=0.0000]
Epoch 3/5:  21%|██        | 44/208 [00:04<00:16,  9.95it/s, curv=0.0000, flow=2.2496, kin=0.0000, loss=2.2496, ot=0.000
0, t=0.505, tswd=0.0000]
Epoch 3/5:  22%|██▏       | 45/208 [00:04<00:16,  9.89it/s, curv=0.0000, flow=2.2496, kin=0.0000, loss=2.2496, ot=0.000
0, t=0.505, tswd=0.0000]
Epoch 3/5:  22%|██▏       | 46/208 [00:04<00:16,  9.88it/s, curv=0.0000, flow=2.2496, kin=0.0000, loss=2.2496, ot=0.000
0, t=0.505, tswd=0.0000]
Epoch 3/5:  23%|██▎       | 48/208 [00:04<00:16,  9.89it/s, curv=0.0000, flow=2.2496, kin=0.0000, loss=2.2496, ot=0.000
0, t=0.505, tswd=0.0000]
Epoch 3/5:  24%|██▍       | 50/208 [00:04<00:15, 10.00it/s, curv=0.0000, flow=2.2496, kin=0.0000, loss=2.2496, ot=0.000
0, t=0.505, tswd=0.0000]
Epoch 3/5:  25%|██▌       | 52/208 [00:05<00:15, 10.04it/s, curv=0.0000, flow=2.2496, kin=0.0000, loss=2.2496, ot=0.000
0, t=0.505, tswd=0.0000]
Epoch 3/5:  26%|██▌       | 54/208 [00:05<00:15, 10.00it/s, curv=0.0000, flow=2.2496, kin=0.0000, loss=2.2496, ot=0.000
0, t=0.505, tswd=0.0000]
Epoch 3/5:  26%|██▋       | 55/208 [00:05<00:15,  9.95it/s, curv=0.0000, flow=2.2496, kin=0.0000, loss=2.2496, ot=0.000
0, t=0.505, tswd=0.0000]
Epoch 3/5:  27%|██▋       | 57/208 [00:05<00:15, 10.06it/s, curv=0.0000, flow=2.2496, kin=0.0000, loss=2.2496, ot=0.000
0, t=0.505, tswd=0.0000]
Epoch 3/5:  28%|██▊       | 59/208 [00:05<00:14, 10.00it/s, curv=0.0000, flow=2.2496, kin=0.0000, loss=2.2496, ot=0.000
0, t=0.505, tswd=0.0000]
Epoch 3/5:  28%|██▊       | 59/208 [00:05<00:14, 10.00it/s, curv=0.0000, flow=2.2363, kin=0.0000, loss=2.2363, ot=0.000
0, t=0.504, tswd=0.0000]
Epoch 3/5:  29%|██▉       | 60/208 [00:05<00:14,  9.94it/s, curv=0.0000, flow=2.2363, kin=0.0000, loss=2.2363, ot=0.000
0, t=0.504, tswd=0.0000]
Epoch 3/5:  29%|██▉       | 61/208 [00:06<00:14,  9.90it/s, curv=0.0000, flow=2.2363, kin=0.0000, loss=2.2363, ot=0.000
0, t=0.504, tswd=0.0000]
Epoch 3/5:  30%|███       | 63/208 [00:06<00:14,  9.85it/s, curv=0.0000, flow=2.2363, kin=0.0000, loss=2.2363, ot=0.000
0, t=0.504, tswd=0.0000]
Epoch 3/5:  31%|███▏      | 65/208 [00:06<00:14,  9.95it/s, curv=0.0000, flow=2.2363, kin=0.0000, loss=2.2363, ot=0.000
0, t=0.504, tswd=0.0000]
Epoch 3/5:  32%|███▏      | 66/208 [00:06<00:14,  9.91it/s, curv=0.0000, flow=2.2363, kin=0.0000, loss=2.2363, ot=0.000
0, t=0.504, tswd=0.0000]
Epoch 3/5:  32%|███▏      | 67/208 [00:06<00:14,  9.82it/s, curv=0.0000, flow=2.2363, kin=0.0000, loss=2.2363, ot=0.000
0, t=0.504, tswd=0.0000]
Epoch 3/5:  33%|███▎      | 69/208 [00:06<00:14,  9.85it/s, curv=0.0000, flow=2.2363, kin=0.0000, loss=2.2363, ot=0.000
0, t=0.504, tswd=0.0000]
Epoch 3/5:  34%|███▎      | 70/208 [00:07<00:14,  9.76it/s, curv=0.0000, flow=2.2363, kin=0.0000, loss=2.2363, ot=0.000
0, t=0.504, tswd=0.0000]
Epoch 3/5:  35%|███▍      | 72/208 [00:07<00:13,  9.91it/s, curv=0.0000, flow=2.2363, kin=0.0000, loss=2.2363, ot=0.000
0, t=0.504, tswd=0.0000]
Epoch 3/5:  36%|███▌      | 74/208 [00:07<00:13, 10.04it/s, curv=0.0000, flow=2.2363, kin=0.0000, loss=2.2363, ot=0.000
0, t=0.504, tswd=0.0000]
Epoch 3/5:  37%|███▋      | 76/208 [00:07<00:13, 10.02it/s, curv=0.0000, flow=2.2363, kin=0.0000, loss=2.2363, ot=0.000
0, t=0.504, tswd=0.0000]
Epoch 3/5:  38%|███▊      | 78/208 [00:07<00:12, 10.13it/s, curv=0.0000, flow=2.2363, kin=0.0000, loss=2.2363, ot=0.000
0, t=0.504, tswd=0.0000]
Epoch 3/5:  38%|███▊      | 78/208 [00:07<00:12, 10.13it/s, curv=0.0000, flow=2.2296, kin=0.0000, loss=2.2296, ot=0.000
0, t=0.507, tswd=0.0000]
Epoch 3/5:  38%|███▊      | 80/208 [00:07<00:12, 10.11it/s, curv=0.0000, flow=2.2296, kin=0.0000, loss=2.2296, ot=0.000
0, t=0.507, tswd=0.0000]
Epoch 3/5:  39%|███▉      | 82/208 [00:08<00:12, 10.06it/s, curv=0.0000, flow=2.2296, kin=0.0000, loss=2.2296, ot=0.000
0, t=0.507, tswd=0.0000]
Epoch 3/5:  40%|████      | 84/208 [00:08<00:12, 10.05it/s, curv=0.0000, flow=2.2296, kin=0.0000, loss=2.2296, ot=0.000
0, t=0.507, tswd=0.0000]
Epoch 3/5:  41%|████▏     | 86/208 [00:08<00:12, 10.13it/s, curv=0.0000, flow=2.2296, kin=0.0000, loss=2.2296, ot=0.000
0, t=0.507, tswd=0.0000]
Epoch 3/5:  42%|████▏     | 88/208 [00:08<00:11, 10.12it/s, curv=0.0000, flow=2.2296, kin=0.0000, loss=2.2296, ot=0.000
0, t=0.507, tswd=0.0000]
Epoch 3/5:  43%|████▎     | 90/208 [00:08<00:11,  9.98it/s, curv=0.0000, flow=2.2296, kin=0.0000, loss=2.2296, ot=0.000
0, t=0.507, tswd=0.0000]
Epoch 3/5:  44%|████▍     | 91/208 [00:09<00:11,  9.98it/s, curv=0.0000, flow=2.2296, kin=0.0000, loss=2.2296, ot=0.000
0, t=0.507, tswd=0.0000]
Epoch 3/5:  44%|████▍     | 92/208 [00:09<00:12,  9.60it/s, curv=0.0000, flow=2.2296, kin=0.0000, loss=2.2296, ot=0.000
0, t=0.507, tswd=0.0000]
Epoch 3/5:  45%|████▌     | 94/208 [00:09<00:11,  9.83it/s, curv=0.0000, flow=2.2296, kin=0.0000, loss=2.2296, ot=0.000
0, t=0.507, tswd=0.0000]
Epoch 3/5:  46%|████▌     | 95/208 [00:09<00:11,  9.82it/s, curv=0.0000, flow=2.2296, kin=0.0000, loss=2.2296, ot=0.000
0, t=0.507, tswd=0.0000]
Epoch 3/5:  46%|████▌     | 96/208 [00:09<00:11,  9.84it/s, curv=0.0000, flow=2.2296, kin=0.0000, loss=2.2296, ot=0.000
0, t=0.507, tswd=0.0000]
Epoch 3/5:  47%|████▋     | 98/208 [00:09<00:11,  9.91it/s, curv=0.0000, flow=2.2296, kin=0.0000, loss=2.2296, ot=0.000
0, t=0.507, tswd=0.0000]
Epoch 3/5:  48%|████▊     | 99/208 [00:09<00:10,  9.91it/s, curv=0.0000, flow=2.2296, kin=0.0000, loss=2.2296, ot=0.000
0, t=0.507, tswd=0.0000]
Epoch 3/5:  48%|████▊     | 99/208 [00:10<00:10,  9.91it/s, curv=0.0000, flow=2.2299, kin=0.0000, loss=2.2299, ot=0.000
0, t=0.507, tswd=0.0000]
Epoch 3/5:  48%|████▊     | 100/208 [00:10<00:11,  9.68it/s, curv=0.0000, flow=2.2299, kin=0.0000, loss=2.2299, ot=0.00
00, t=0.507, tswd=0.0000]
Epoch 3/5:  49%|████▊     | 101/208 [00:10<00:11,  9.71it/s, curv=0.0000, flow=2.2299, kin=0.0000, loss=2.2299, ot=0.00
00, t=0.507, tswd=0.0000]
Epoch 3/5:  49%|████▉     | 102/208 [00:10<00:10,  9.67it/s, curv=0.0000, flow=2.2299, kin=0.0000, loss=2.2299, ot=0.00
00, t=0.507, tswd=0.0000]
Epoch 3/5:  50%|█████     | 104/208 [00:10<00:10,  9.74it/s, curv=0.0000, flow=2.2299, kin=0.0000, loss=2.2299, ot=0.00
00, t=0.507, tswd=0.0000]
Epoch 3/5:  50%|█████     | 105/208 [00:10<00:10,  9.77it/s, curv=0.0000, flow=2.2299, kin=0.0000, loss=2.2299, ot=0.00
00, t=0.507, tswd=0.0000]
Epoch 3/5:  51%|█████▏    | 107/208 [00:10<00:10,  9.91it/s, curv=0.0000, flow=2.2299, kin=0.0000, loss=2.2299, ot=0.00
00, t=0.507, tswd=0.0000]
Epoch 3/5:  52%|█████▏    | 109/208 [00:10<00:09, 10.04it/s, curv=0.0000, flow=2.2299, kin=0.0000, loss=2.2299, ot=0.00
00, t=0.507, tswd=0.0000]
Epoch 3/5:  53%|█████▎    | 110/208 [00:11<00:09,  9.99it/s, curv=0.0000, flow=2.2299, kin=0.0000, loss=2.2299, ot=0.00
00, t=0.507, tswd=0.0000]
Epoch 3/5:  54%|█████▍    | 112/208 [00:11<00:09, 10.07it/s, curv=0.0000, flow=2.2299, kin=0.0000, loss=2.2299, ot=0.00
00, t=0.507, tswd=0.0000]
Epoch 3/5:  55%|█████▍    | 114/208 [00:11<00:09, 10.25it/s, curv=0.0000, flow=2.2299, kin=0.0000, loss=2.2299, ot=0.00
00, t=0.507, tswd=0.0000]
Epoch 3/5:  56%|█████▌    | 116/208 [00:11<00:08, 10.25it/s, curv=0.0000, flow=2.2299, kin=0.0000, loss=2.2299, ot=0.00
00, t=0.507, tswd=0.0000]
Epoch 3/5:  57%|█████▋    | 118/208 [00:11<00:08, 10.20it/s, curv=0.0000, flow=2.2299, kin=0.0000, loss=2.2299, ot=0.00
00, t=0.507, tswd=0.0000]
Epoch 3/5:  57%|█████▋    | 118/208 [00:12<00:08, 10.20it/s, curv=0.0000, flow=2.2224, kin=0.0000, loss=2.2224, ot=0.00
00, t=0.504, tswd=0.0000]
Epoch 3/5:  58%|█████▊    | 120/208 [00:12<00:08, 10.08it/s, curv=0.0000, flow=2.2224, kin=0.0000, loss=2.2224, ot=0.00
00, t=0.504, tswd=0.0000]
Epoch 3/5:  59%|█████▊    | 122/208 [00:12<00:08, 10.02it/s, curv=0.0000, flow=2.2224, kin=0.0000, loss=2.2224, ot=0.00
00, t=0.504, tswd=0.0000]
Epoch 3/5:  60%|█████▉    | 124/208 [00:12<00:08, 10.08it/s, curv=0.0000, flow=2.2224, kin=0.0000, loss=2.2224, ot=0.00
00, t=0.504, tswd=0.0000]
Epoch 3/5:  61%|██████    | 126/208 [00:12<00:08,  9.89it/s, curv=0.0000, flow=2.2224, kin=0.0000, loss=2.2224, ot=0.00
00, t=0.504, tswd=0.0000]
Epoch 3/5:  62%|██████▏   | 128/208 [00:12<00:08,  9.99it/s, curv=0.0000, flow=2.2224, kin=0.0000, loss=2.2224, ot=0.00
00, t=0.504, tswd=0.0000]
Epoch 3/5:  62%|██████▎   | 130/208 [00:13<00:07, 10.02it/s, curv=0.0000, flow=2.2224, kin=0.0000, loss=2.2224, ot=0.00
00, t=0.504, tswd=0.0000]
Epoch 3/5:  63%|██████▎   | 132/208 [00:13<00:07, 10.04it/s, curv=0.0000, flow=2.2224, kin=0.0000, loss=2.2224, ot=0.00
00, t=0.504, tswd=0.0000]
Epoch 3/5:  64%|██████▍   | 134/208 [00:13<00:07,  9.76it/s, curv=0.0000, flow=2.2224, kin=0.0000, loss=2.2224, ot=0.00
00, t=0.504, tswd=0.0000]
Epoch 3/5:  65%|██████▍   | 135/208 [00:13<00:07,  9.77it/s, curv=0.0000, flow=2.2224, kin=0.0000, loss=2.2224, ot=0.00
00, t=0.504, tswd=0.0000]
Epoch 3/5:  66%|██████▌   | 137/208 [00:13<00:07,  9.99it/s, curv=0.0000, flow=2.2224, kin=0.0000, loss=2.2224, ot=0.00
00, t=0.504, tswd=0.0000]
Epoch 3/5:  67%|██████▋   | 139/208 [00:13<00:06, 10.11it/s, curv=0.0000, flow=2.2224, kin=0.0000, loss=2.2224, ot=0.00
00, t=0.504, tswd=0.0000]
Epoch 3/5:  67%|██████▋   | 139/208 [00:14<00:06, 10.11it/s, curv=0.0000, flow=2.2200, kin=0.0000, loss=2.2200, ot=0.00
00, t=0.504, tswd=0.0000]
Epoch 3/5:  68%|██████▊   | 141/208 [00:14<00:06, 10.04it/s, curv=0.0000, flow=2.2200, kin=0.0000, loss=2.2200, ot=0.00
00, t=0.504, tswd=0.0000]
Epoch 3/5:  69%|██████▉   | 143/208 [00:14<00:06,  9.99it/s, curv=0.0000, flow=2.2200, kin=0.0000, loss=2.2200, ot=0.00
00, t=0.504, tswd=0.0000]
Epoch 3/5:  69%|██████▉   | 144/208 [00:14<00:06,  9.95it/s, curv=0.0000, flow=2.2200, kin=0.0000, loss=2.2200, ot=0.00
00, t=0.504, tswd=0.0000]
Epoch 3/5:  70%|██████▉   | 145/208 [00:14<00:06,  9.95it/s, curv=0.0000, flow=2.2200, kin=0.0000, loss=2.2200, ot=0.00
00, t=0.504, tswd=0.0000]
Epoch 3/5:  70%|███████   | 146/208 [00:14<00:06,  9.91it/s, curv=0.0000, flow=2.2200, kin=0.0000, loss=2.2200, ot=0.00
00, t=0.504, tswd=0.0000]
Epoch 3/5:  71%|███████   | 147/208 [00:14<00:06,  9.75it/s, curv=0.0000, flow=2.2200, kin=0.0000, loss=2.2200, ot=0.00
00, t=0.504, tswd=0.0000]
Epoch 3/5:  71%|███████   | 148/208 [00:14<00:06,  9.81it/s, curv=0.0000, flow=2.2200, kin=0.0000, loss=2.2200, ot=0.00
00, t=0.504, tswd=0.0000]
Epoch 3/5:  72%|███████▏  | 149/208 [00:14<00:06,  9.81it/s, curv=0.0000, flow=2.2200, kin=0.0000, loss=2.2200, ot=0.00
00, t=0.504, tswd=0.0000]
Epoch 3/5:  73%|███████▎  | 151/208 [00:15<00:05, 10.02it/s, curv=0.0000, flow=2.2200, kin=0.0000, loss=2.2200, ot=0.00
00, t=0.504, tswd=0.0000]
Epoch 3/5:  74%|███████▎  | 153/208 [00:15<00:05, 10.24it/s, curv=0.0000, flow=2.2200, kin=0.0000, loss=2.2200, ot=0.00
00, t=0.504, tswd=0.0000]
Epoch 3/5:  75%|███████▍  | 155/208 [00:15<00:05, 10.25it/s, curv=0.0000, flow=2.2200, kin=0.0000, loss=2.2200, ot=0.00
00, t=0.504, tswd=0.0000]
Epoch 3/5:  75%|███████▌  | 157/208 [00:15<00:05, 10.12it/s, curv=0.0000, flow=2.2200, kin=0.0000, loss=2.2200, ot=0.00
00, t=0.504, tswd=0.0000]
Epoch 3/5:  76%|███████▋  | 159/208 [00:15<00:04, 10.16it/s, curv=0.0000, flow=2.2200, kin=0.0000, loss=2.2200, ot=0.00
00, t=0.504, tswd=0.0000]
Epoch 3/5:  76%|███████▋  | 159/208 [00:16<00:04, 10.16it/s, curv=0.0000, flow=2.2205, kin=0.0000, loss=2.2205, ot=0.00
00, t=0.505, tswd=0.0000]
Epoch 3/5:  77%|███████▋  | 161/208 [00:16<00:04, 10.07it/s, curv=0.0000, flow=2.2205, kin=0.0000, loss=2.2205, ot=0.00
00, t=0.505, tswd=0.0000]
Epoch 3/5:  78%|███████▊  | 163/208 [00:16<00:04, 10.21it/s, curv=0.0000, flow=2.2205, kin=0.0000, loss=2.2205, ot=0.00
00, t=0.505, tswd=0.0000]
Epoch 3/5:  79%|███████▉  | 165/208 [00:16<00:04, 10.17it/s, curv=0.0000, flow=2.2205, kin=0.0000, loss=2.2205, ot=0.00
00, t=0.505, tswd=0.0000]
Epoch 3/5:  80%|████████  | 167/208 [00:16<00:04, 10.15it/s, curv=0.0000, flow=2.2205, kin=0.0000, loss=2.2205, ot=0.00
00, t=0.505, tswd=0.0000]
Epoch 3/5:  81%|████████▏ | 169/208 [00:16<00:03, 10.06it/s, curv=0.0000, flow=2.2205, kin=0.0000, loss=2.2205, ot=0.00
00, t=0.505, tswd=0.0000]
Epoch 3/5:  82%|████████▏ | 171/208 [00:17<00:03,  9.83it/s, curv=0.0000, flow=2.2205, kin=0.0000, loss=2.2205, ot=0.00
00, t=0.505, tswd=0.0000]
Epoch 3/5:  83%|████████▎ | 173/208 [00:17<00:03,  9.93it/s, curv=0.0000, flow=2.2205, kin=0.0000, loss=2.2205, ot=0.00
00, t=0.505, tswd=0.0000]
Epoch 3/5:  84%|████████▎ | 174/208 [00:17<00:03,  9.92it/s, curv=0.0000, flow=2.2205, kin=0.0000, loss=2.2205, ot=0.00
00, t=0.505, tswd=0.0000]
Epoch 3/5:  84%|████████▍ | 175/208 [00:17<00:03,  9.93it/s, curv=0.0000, flow=2.2205, kin=0.0000, loss=2.2205, ot=0.00
00, t=0.505, tswd=0.0000]
Epoch 3/5:  85%|████████▌ | 177/208 [00:17<00:03, 10.09it/s, curv=0.0000, flow=2.2205, kin=0.0000, loss=2.2205, ot=0.00
00, t=0.505, tswd=0.0000]
Epoch 3/5:  86%|████████▌ | 179/208 [00:17<00:02, 10.14it/s, curv=0.0000, flow=2.2205, kin=0.0000, loss=2.2205, ot=0.00
00, t=0.505, tswd=0.0000]
Epoch 3/5:  86%|████████▌ | 179/208 [00:17<00:02, 10.14it/s, curv=0.0000, flow=2.2132, kin=0.0000, loss=2.2132, ot=0.00
00, t=0.505, tswd=0.0000]
Epoch 3/5:  87%|████████▋ | 181/208 [00:18<00:02, 10.12it/s, curv=0.0000, flow=2.2132, kin=0.0000, loss=2.2132, ot=0.00
00, t=0.505, tswd=0.0000]
Epoch 3/5:  88%|████████▊ | 183/208 [00:18<00:02, 10.09it/s, curv=0.0000, flow=2.2132, kin=0.0000, loss=2.2132, ot=0.00
00, t=0.505, tswd=0.0000]
Epoch 3/5:  89%|████████▉ | 185/208 [00:18<00:02, 10.13it/s, curv=0.0000, flow=2.2132, kin=0.0000, loss=2.2132, ot=0.00
00, t=0.505, tswd=0.0000]
Epoch 3/5:  90%|████████▉ | 187/208 [00:18<00:02, 10.20it/s, curv=0.0000, flow=2.2132, kin=0.0000, loss=2.2132, ot=0.00
00, t=0.505, tswd=0.0000]
Epoch 3/5:  91%|█████████ | 189/208 [00:18<00:01, 10.14it/s, curv=0.0000, flow=2.2132, kin=0.0000, loss=2.2132, ot=0.00
00, t=0.505, tswd=0.0000]
Epoch 3/5:  92%|█████████▏| 191/208 [00:19<00:01, 10.09it/s, curv=0.0000, flow=2.2132, kin=0.0000, loss=2.2132, ot=0.00
00, t=0.505, tswd=0.0000]
Epoch 3/5:  93%|█████████▎| 193/208 [00:19<00:01, 10.09it/s, curv=0.0000, flow=2.2132, kin=0.0000, loss=2.2132, ot=0.00
00, t=0.505, tswd=0.0000]
Epoch 3/5:  94%|█████████▍| 195/208 [00:19<00:01, 10.14it/s, curv=0.0000, flow=2.2132, kin=0.0000, loss=2.2132, ot=0.00
00, t=0.505, tswd=0.0000]
Epoch 3/5:  95%|█████████▍| 197/208 [00:19<00:01, 10.11it/s, curv=0.0000, flow=2.2132, kin=0.0000, loss=2.2132, ot=0.00
00, t=0.505, tswd=0.0000]
Epoch 3/5:  96%|█████████▌| 199/208 [00:19<00:00, 10.15it/s, curv=0.0000, flow=2.2132, kin=0.0000, loss=2.2132, ot=0.00
00, t=0.505, tswd=0.0000]
Epoch 3/5:  96%|█████████▌| 199/208 [00:19<00:00, 10.15it/s, curv=0.0000, flow=2.2110, kin=0.0000, loss=2.2110, ot=0.00
00, t=0.504, tswd=0.0000]
Epoch 3/5:  97%|█████████▋| 201/208 [00:20<00:00, 10.23it/s, curv=0.0000, flow=2.2110, kin=0.0000, loss=2.2110, ot=0.00
00, t=0.504, tswd=0.0000]
Epoch 3/5:  98%|█████████▊| 203/208 [00:20<00:00, 10.14it/s, curv=0.0000, flow=2.2110, kin=0.0000, loss=2.2110, ot=0.00
00, t=0.504, tswd=0.0000]
Epoch 3/5:  99%|█████████▊| 205/208 [00:20<00:00, 10.06it/s, curv=0.0000, flow=2.2110, kin=0.0000, loss=2.2110, ot=0.00
00, t=0.504, tswd=0.0000]
Epoch 3/5: 100%|█████████▉| 207/208 [00:20<00:00, 10.06it/s, curv=0.0000, flow=2.2110, kin=0.0000, loss=2.2110, ot=0.00
00, t=0.504, tswd=0.0000]
Epoch 3/5: 100%|█████████▉| 207/208 [00:20<00:00, 10.06it/s, curv=0.0000, flow=2.2097, kin=0.0000, loss=2.2097, ot=0.00
00, t=0.503, tswd=0.0000]
Epoch 3/5: 100%|██████████| 208/208 [00:20<00:00, 10.01it/s, curv=0.0000, flow=2.2097, kin=0.0000, loss=2.2097, ot=0.00
00, t=0.503, tswd=0.0000]
2026-07-02 09:08:33,063 - INFO - Epoch 3/5 | loss=2.2097 flow=2.2097 kin=0.0000 ot=0.0000 tswd=0.0000 gini=0.000 hub=0.
000 otd=0.0000 fiber=0.000 leak=0.0000 tgtshift=0.0000 cla=0.0000 cea=0.0000 sem_attn=0.000 sem_k=0.000 topo_ent=0.000 
topo_on=0 plan_ent=0.000 bary_ent=0.000 tok_ent=0.000 tok_eff=0.0 tok_max=0.000 tok_svd=0.000 tok_cos=0.000 app_s=0.000
 app_d=0.000 sigma=0.000 bex=0 idr=0.00 t=0.503 |v|=0.000 lr=1.34e-04 data=0.5s comp=12.5s epoch=20.8s sps=240.33 bstep
=0.100s gpu=88.0/93.0% vram=5.57/5.57GB power=66.4/67.0W peak=1.37/2.03GB
2026-07-02 09:08:33,069 - INFO - Epoch 4 weight schedule: stage=0 w_content=0.0000 w_style=0.0000 w_style_strength_reg=
0.0000 sigma=0.0000

Epoch 4/5:   0%|          | 0/208 [00:00<?, ?it/s]
Epoch 4/5:   0%|          | 0/208 [00:00<?, ?it/s, curv=0.0000, flow=2.0179, kin=0.0000, loss=2.0179, ot=0.0000, t=0.66
9, tswd=0.0000]
Epoch 4/5:   1%|          | 2/208 [00:00<00:20, 10.15it/s, curv=0.0000, flow=2.0179, kin=0.0000, loss=2.0179, ot=0.0000
, t=0.669, tswd=0.0000]
Epoch 4/5:   2%|▏         | 4/208 [00:00<00:20, 10.15it/s, curv=0.0000, flow=2.0179, kin=0.0000, loss=2.0179, ot=0.0000
, t=0.669, tswd=0.0000]
Epoch 4/5:   3%|▎         | 6/208 [00:00<00:20, 10.04it/s, curv=0.0000, flow=2.0179, kin=0.0000, loss=2.0179, ot=0.0000
, t=0.669, tswd=0.0000]
Epoch 4/5:   4%|▍         | 8/208 [00:00<00:19, 10.07it/s, curv=0.0000, flow=2.0179, kin=0.0000, loss=2.0179, ot=0.0000
, t=0.669, tswd=0.0000]
Epoch 4/5:   5%|▍         | 10/208 [00:00<00:19,  9.98it/s, curv=0.0000, flow=2.0179, kin=0.0000, loss=2.0179, ot=0.000
0, t=0.669, tswd=0.0000]
Epoch 4/5:   5%|▌         | 11/208 [00:01<00:19,  9.92it/s, curv=0.0000, flow=2.0179, kin=0.0000, loss=2.0179, ot=0.000
0, t=0.669, tswd=0.0000]
Epoch 4/5:   6%|▌         | 12/208 [00:01<00:19,  9.91it/s, curv=0.0000, flow=2.0179, kin=0.0000, loss=2.0179, ot=0.000
0, t=0.669, tswd=0.0000]
Epoch 4/5:   6%|▋         | 13/208 [00:01<00:19,  9.82it/s, curv=0.0000, flow=2.0179, kin=0.0000, loss=2.0179, ot=0.000
0, t=0.669, tswd=0.0000]
Epoch 4/5:   7%|▋         | 15/208 [00:01<00:19,  9.98it/s, curv=0.0000, flow=2.0179, kin=0.0000, loss=2.0179, ot=0.000
0, t=0.669, tswd=0.0000]
Epoch 4/5:   8%|▊         | 16/208 [00:01<00:19,  9.88it/s, curv=0.0000, flow=2.0179, kin=0.0000, loss=2.0179, ot=0.000
0, t=0.669, tswd=0.0000]
Epoch 4/5:   8%|▊         | 17/208 [00:01<00:19,  9.76it/s, curv=0.0000, flow=2.0179, kin=0.0000, loss=2.0179, ot=0.000
0, t=0.669, tswd=0.0000]
Epoch 4/5:   9%|▊         | 18/208 [00:01<00:19,  9.80it/s, curv=0.0000, flow=2.0179, kin=0.0000, loss=2.0179, ot=0.000
0, t=0.669, tswd=0.0000]
Epoch 4/5:   9%|▉         | 19/208 [00:01<00:19,  9.80it/s, curv=0.0000, flow=2.0179, kin=0.0000, loss=2.0179, ot=0.000
0, t=0.669, tswd=0.0000]
Epoch 4/5:   9%|▉         | 19/208 [00:02<00:19,  9.80it/s, curv=0.0000, flow=2.1508, kin=0.0000, loss=2.1508, ot=0.000
0, t=0.518, tswd=0.0000]
Epoch 4/5:  10%|▉         | 20/208 [00:02<00:19,  9.69it/s, curv=0.0000, flow=2.1508, kin=0.0000, loss=2.1508, ot=0.000
0, t=0.518, tswd=0.0000]
Epoch 4/5:  10%|█         | 21/208 [00:02<00:19,  9.68it/s, curv=0.0000, flow=2.1508, kin=0.0000, loss=2.1508, ot=0.000
0, t=0.518, tswd=0.0000]
Epoch 4/5:  11%|█         | 23/208 [00:02<00:18,  9.83it/s, curv=0.0000, flow=2.1508, kin=0.0000, loss=2.1508, ot=0.000
0, t=0.518, tswd=0.0000]
Epoch 4/5:  12%|█▏        | 25/208 [00:02<00:18, 10.05it/s, curv=0.0000, flow=2.1508, kin=0.0000, loss=2.1508, ot=0.000
0, t=0.518, tswd=0.0000]
Epoch 4/5:  13%|█▎        | 27/208 [00:02<00:17, 10.10it/s, curv=0.0000, flow=2.1508, kin=0.0000, loss=2.1508, ot=0.000
0, t=0.518, tswd=0.0000]
Epoch 4/5:  14%|█▍        | 29/208 [00:02<00:17, 10.08it/s, curv=0.0000, flow=2.1508, kin=0.0000, loss=2.1508, ot=0.000
0, t=0.518, tswd=0.0000]
Epoch 4/5:  15%|█▍        | 31/208 [00:03<00:17, 10.12it/s, curv=0.0000, flow=2.1508, kin=0.0000, loss=2.1508, ot=0.000
0, t=0.518, tswd=0.0000]
Epoch 4/5:  16%|█▌        | 33/208 [00:03<00:17, 10.04it/s, curv=0.0000, flow=2.1508, kin=0.0000, loss=2.1508, ot=0.000
0, t=0.518, tswd=0.0000]
Epoch 4/5:  17%|█▋        | 35/208 [00:03<00:17,  9.99it/s, curv=0.0000, flow=2.1508, kin=0.0000, loss=2.1508, ot=0.000
0, t=0.518, tswd=0.0000]
Epoch 4/5:  17%|█▋        | 36/208 [00:03<00:17,  9.96it/s, curv=0.0000, flow=2.1508, kin=0.0000, loss=2.1508, ot=0.000
0, t=0.518, tswd=0.0000]
Epoch 4/5:  18%|█▊        | 38/208 [00:03<00:16, 10.02it/s, curv=0.0000, flow=2.1508, kin=0.0000, loss=2.1508, ot=0.000
0, t=0.518, tswd=0.0000]
Epoch 4/5:  18%|█▊        | 38/208 [00:04<00:16, 10.02it/s, curv=0.0000, flow=2.1493, kin=0.0000, loss=2.1493, ot=0.000
0, t=0.507, tswd=0.0000]
Epoch 4/5:  19%|█▉        | 40/208 [00:04<00:16,  9.99it/s, curv=0.0000, flow=2.1493, kin=0.0000, loss=2.1493, ot=0.000
0, t=0.507, tswd=0.0000]
Epoch 4/5:  20%|██        | 42/208 [00:04<00:16, 10.07it/s, curv=0.0000, flow=2.1493, kin=0.0000, loss=2.1493, ot=0.000
0, t=0.507, tswd=0.0000]
Epoch 4/5:  21%|██        | 44/208 [00:04<00:16, 10.16it/s, curv=0.0000, flow=2.1493, kin=0.0000, loss=2.1493, ot=0.000
0, t=0.507, tswd=0.0000]
Epoch 4/5:  22%|██▏       | 46/208 [00:04<00:16, 10.10it/s, curv=0.0000, flow=2.1493, kin=0.0000, loss=2.1493, ot=0.000
0, t=0.507, tswd=0.0000]
Epoch 4/5:  23%|██▎       | 48/208 [00:04<00:15, 10.12it/s, curv=0.0000, flow=2.1493, kin=0.0000, loss=2.1493, ot=0.000
0, t=0.507, tswd=0.0000]
Epoch 4/5:  24%|██▍       | 50/208 [00:04<00:15, 10.13it/s, curv=0.0000, flow=2.1493, kin=0.0000, loss=2.1493, ot=0.000
0, t=0.507, tswd=0.0000]
Epoch 4/5:  25%|██▌       | 52/208 [00:05<00:15, 10.04it/s, curv=0.0000, flow=2.1493, kin=0.0000, loss=2.1493, ot=0.000
0, t=0.507, tswd=0.0000]
Epoch 4/5:  26%|██▌       | 54/208 [00:05<00:15, 10.03it/s, curv=0.0000, flow=2.1493, kin=0.0000, loss=2.1493, ot=0.000
0, t=0.507, tswd=0.0000]
Epoch 4/5:  27%|██▋       | 56/208 [00:05<00:15, 10.05it/s, curv=0.0000, flow=2.1493, kin=0.0000, loss=2.1493, ot=0.000
0, t=0.507, tswd=0.0000]
Epoch 4/5:  28%|██▊       | 58/208 [00:05<00:14, 10.11it/s, curv=0.0000, flow=2.1493, kin=0.0000, loss=2.1493, ot=0.000
0, t=0.507, tswd=0.0000]
Epoch 4/5:  28%|██▊       | 58/208 [00:05<00:14, 10.11it/s, curv=0.0000, flow=2.1429, kin=0.0000, loss=2.1429, ot=0.000
0, t=0.500, tswd=0.0000]
Epoch 4/5:  29%|██▉       | 60/208 [00:05<00:14, 10.20it/s, curv=0.0000, flow=2.1429, kin=0.0000, loss=2.1429, ot=0.000
0, t=0.500, tswd=0.0000]
Epoch 4/5:  30%|██▉       | 62/208 [00:06<00:14, 10.15it/s, curv=0.0000, flow=2.1429, kin=0.0000, loss=2.1429, ot=0.000
0, t=0.500, tswd=0.0000]
Epoch 4/5:  31%|███       | 64/208 [00:06<00:14, 10.09it/s, curv=0.0000, flow=2.1429, kin=0.0000, loss=2.1429, ot=0.000
0, t=0.500, tswd=0.0000]
Epoch 4/5:  32%|███▏      | 66/208 [00:06<00:14, 10.11it/s, curv=0.0000, flow=2.1429, kin=0.0000, loss=2.1429, ot=0.000
0, t=0.500, tswd=0.0000]
Epoch 4/5:  33%|███▎      | 68/208 [00:06<00:13, 10.14it/s, curv=0.0000, flow=2.1429, kin=0.0000, loss=2.1429, ot=0.000
0, t=0.500, tswd=0.0000]
Epoch 4/5:  34%|███▎      | 70/208 [00:06<00:13, 10.20it/s, curv=0.0000, flow=2.1429, kin=0.0000, loss=2.1429, ot=0.000
0, t=0.500, tswd=0.0000]
Epoch 4/5:  35%|███▍      | 72/208 [00:07<00:13, 10.14it/s, curv=0.0000, flow=2.1429, kin=0.0000, loss=2.1429, ot=0.000
0, t=0.500, tswd=0.0000]
Epoch 4/5:  36%|███▌      | 74/208 [00:07<00:13, 10.12it/s, curv=0.0000, flow=2.1429, kin=0.0000, loss=2.1429, ot=0.000
0, t=0.500, tswd=0.0000]
Epoch 4/5:  37%|███▋      | 76/208 [00:07<00:13, 10.11it/s, curv=0.0000, flow=2.1429, kin=0.0000, loss=2.1429, ot=0.000
0, t=0.500, tswd=0.0000]
Epoch 4/5:  38%|███▊      | 78/208 [00:07<00:12, 10.02it/s, curv=0.0000, flow=2.1429, kin=0.0000, loss=2.1429, ot=0.000
0, t=0.500, tswd=0.0000]
Epoch 4/5:  38%|███▊      | 78/208 [00:07<00:12, 10.02it/s, curv=0.0000, flow=2.1427, kin=0.0000, loss=2.1427, ot=0.000
0, t=0.499, tswd=0.0000]
Epoch 4/5:  38%|███▊      | 80/208 [00:07<00:12, 10.03it/s, curv=0.0000, flow=2.1427, kin=0.0000, loss=2.1427, ot=0.000
0, t=0.499, tswd=0.0000]
Epoch 4/5:  39%|███▉      | 82/208 [00:08<00:12, 10.05it/s, curv=0.0000, flow=2.1427, kin=0.0000, loss=2.1427, ot=0.000
0, t=0.499, tswd=0.0000]
Epoch 4/5:  40%|████      | 84/208 [00:08<00:12,  9.97it/s, curv=0.0000, flow=2.1427, kin=0.0000, loss=2.1427, ot=0.000
0, t=0.499, tswd=0.0000]
Epoch 4/5:  41%|████▏     | 86/208 [00:08<00:12, 10.00it/s, curv=0.0000, flow=2.1427, kin=0.0000, loss=2.1427, ot=0.000
0, t=0.499, tswd=0.0000]
Epoch 4/5:  42%|████▏     | 88/208 [00:08<00:11, 10.02it/s, curv=0.0000, flow=2.1427, kin=0.0000, loss=2.1427, ot=0.000
0, t=0.499, tswd=0.0000]
Epoch 4/5:  43%|████▎     | 90/208 [00:08<00:11, 10.13it/s, curv=0.0000, flow=2.1427, kin=0.0000, loss=2.1427, ot=0.000
0, t=0.499, tswd=0.0000]
Epoch 4/5:  44%|████▍     | 92/208 [00:09<00:11, 10.12it/s, curv=0.0000, flow=2.1427, kin=0.0000, loss=2.1427, ot=0.000
0, t=0.499, tswd=0.0000]
Epoch 4/5:  45%|████▌     | 94/208 [00:09<00:11,  9.98it/s, curv=0.0000, flow=2.1427, kin=0.0000, loss=2.1427, ot=0.000
0, t=0.499, tswd=0.0000]
Epoch 4/5:  46%|████▌     | 95/208 [00:09<00:11,  9.98it/s, curv=0.0000, flow=2.1427, kin=0.0000, loss=2.1427, ot=0.000
0, t=0.499, tswd=0.0000]
Epoch 4/5:  46%|████▌     | 96/208 [00:09<00:11,  9.95it/s, curv=0.0000, flow=2.1427, kin=0.0000, loss=2.1427, ot=0.000
0, t=0.499, tswd=0.0000]
Epoch 4/5:  47%|████▋     | 97/208 [00:09<00:11,  9.85it/s, curv=0.0000, flow=2.1427, kin=0.0000, loss=2.1427, ot=0.000
0, t=0.499, tswd=0.0000]
Epoch 4/5:  48%|████▊     | 99/208 [00:09<00:10,  9.92it/s, curv=0.0000, flow=2.1427, kin=0.0000, loss=2.1427, ot=0.000
0, t=0.499, tswd=0.0000]
Epoch 4/5:  48%|████▊     | 99/208 [00:09<00:10,  9.92it/s, curv=0.0000, flow=2.1474, kin=0.0000, loss=2.1474, ot=0.000
0, t=0.502, tswd=0.0000]
Epoch 4/5:  48%|████▊     | 100/208 [00:09<00:10,  9.91it/s, curv=0.0000, flow=2.1474, kin=0.0000, loss=2.1474, ot=0.00
00, t=0.502, tswd=0.0000]
Epoch 4/5:  49%|████▊     | 101/208 [00:10<00:10,  9.75it/s, curv=0.0000, flow=2.1474, kin=0.0000, loss=2.1474, ot=0.00
00, t=0.502, tswd=0.0000]
Epoch 4/5:  49%|████▉     | 102/208 [00:10<00:10,  9.70it/s, curv=0.0000, flow=2.1474, kin=0.0000, loss=2.1474, ot=0.00
00, t=0.502, tswd=0.0000]
Epoch 4/5:  50%|████▉     | 103/208 [00:10<00:10,  9.77it/s, curv=0.0000, flow=2.1474, kin=0.0000, loss=2.1474, ot=0.00
00, t=0.502, tswd=0.0000]
Epoch 4/5:  50%|█████     | 104/208 [00:10<00:10,  9.80it/s, curv=0.0000, flow=2.1474, kin=0.0000, loss=2.1474, ot=0.00
00, t=0.502, tswd=0.0000]
Epoch 4/5:  51%|█████     | 106/208 [00:10<00:10,  9.79it/s, curv=0.0000, flow=2.1474, kin=0.0000, loss=2.1474, ot=0.00
00, t=0.502, tswd=0.0000]
Epoch 4/5:  52%|█████▏    | 108/208 [00:10<00:10,  9.95it/s, curv=0.0000, flow=2.1474, kin=0.0000, loss=2.1474, ot=0.00
00, t=0.502, tswd=0.0000]
Epoch 4/5:  52%|█████▏    | 109/208 [00:10<00:10,  9.84it/s, curv=0.0000, flow=2.1474, kin=0.0000, loss=2.1474, ot=0.00
00, t=0.502, tswd=0.0000]
Epoch 4/5:  53%|█████▎    | 111/208 [00:11<00:09, 10.03it/s, curv=0.0000, flow=2.1474, kin=0.0000, loss=2.1474, ot=0.00
00, t=0.502, tswd=0.0000]
Epoch 4/5:  54%|█████▍    | 112/208 [00:11<00:09,  9.94it/s, curv=0.0000, flow=2.1474, kin=0.0000, loss=2.1474, ot=0.00
00, t=0.502, tswd=0.0000]
Epoch 4/5:  55%|█████▍    | 114/208 [00:11<00:09,  9.98it/s, curv=0.0000, flow=2.1474, kin=0.0000, loss=2.1474, ot=0.00
00, t=0.502, tswd=0.0000]
Epoch 4/5:  56%|█████▌    | 116/208 [00:11<00:09, 10.12it/s, curv=0.0000, flow=2.1474, kin=0.0000, loss=2.1474, ot=0.00
00, t=0.502, tswd=0.0000]
Epoch 4/5:  57%|█████▋    | 118/208 [00:11<00:08, 10.20it/s, curv=0.0000, flow=2.1474, kin=0.0000, loss=2.1474, ot=0.00
00, t=0.502, tswd=0.0000]
Epoch 4/5:  57%|█████▋    | 118/208 [00:12<00:08, 10.20it/s, curv=0.0000, flow=2.1448, kin=0.0000, loss=2.1448, ot=0.00
00, t=0.501, tswd=0.0000]
Epoch 4/5:  58%|█████▊    | 120/208 [00:12<00:09,  9.75it/s, curv=0.0000, flow=2.1448, kin=0.0000, loss=2.1448, ot=0.00
00, t=0.501, tswd=0.0000]
Epoch 4/5:  59%|█████▊    | 122/208 [00:12<00:08,  9.89it/s, curv=0.0000, flow=2.1448, kin=0.0000, loss=2.1448, ot=0.00
00, t=0.501, tswd=0.0000]
Epoch 4/5:  60%|█████▉    | 124/208 [00:12<00:08,  9.95it/s, curv=0.0000, flow=2.1448, kin=0.0000, loss=2.1448, ot=0.00
00, t=0.501, tswd=0.0000]
Epoch 4/5:  60%|██████    | 125/208 [00:12<00:08,  9.93it/s, curv=0.0000, flow=2.1448, kin=0.0000, loss=2.1448, ot=0.00
00, t=0.501, tswd=0.0000]
Epoch 4/5:  61%|██████    | 126/208 [00:12<00:08,  9.92it/s, curv=0.0000, flow=2.1448, kin=0.0000, loss=2.1448, ot=0.00
00, t=0.501, tswd=0.0000]
Epoch 4/5:  61%|██████    | 127/208 [00:12<00:08,  9.91it/s, curv=0.0000, flow=2.1448, kin=0.0000, loss=2.1448, ot=0.00
00, t=0.501, tswd=0.0000]
Epoch 4/5:  62%|██████▏   | 128/208 [00:12<00:08,  9.93it/s, curv=0.0000, flow=2.1448, kin=0.0000, loss=2.1448, ot=0.00
00, t=0.501, tswd=0.0000]
Epoch 4/5:  62%|██████▎   | 130/208 [00:12<00:07, 10.03it/s, curv=0.0000, flow=2.1448, kin=0.0000, loss=2.1448, ot=0.00
00, t=0.501, tswd=0.0000]
Epoch 4/5:  63%|██████▎   | 132/208 [00:13<00:07, 10.08it/s, curv=0.0000, flow=2.1448, kin=0.0000, loss=2.1448, ot=0.00
00, t=0.501, tswd=0.0000]
Epoch 4/5:  64%|██████▍   | 134/208 [00:13<00:07, 10.05it/s, curv=0.0000, flow=2.1448, kin=0.0000, loss=2.1448, ot=0.00
00, t=0.501, tswd=0.0000]
Epoch 4/5:  65%|██████▌   | 136/208 [00:13<00:07, 10.09it/s, curv=0.0000, flow=2.1448, kin=0.0000, loss=2.1448, ot=0.00
00, t=0.501, tswd=0.0000]
Epoch 4/5:  66%|██████▋   | 138/208 [00:13<00:06, 10.10it/s, curv=0.0000, flow=2.1448, kin=0.0000, loss=2.1448, ot=0.00
00, t=0.501, tswd=0.0000]
Epoch 4/5:  66%|██████▋   | 138/208 [00:13<00:06, 10.10it/s, curv=0.0000, flow=2.1438, kin=0.0000, loss=2.1438, ot=0.00
00, t=0.500, tswd=0.0000]
Epoch 4/5:  67%|██████▋   | 140/208 [00:13<00:06, 10.00it/s, curv=0.0000, flow=2.1438, kin=0.0000, loss=2.1438, ot=0.00
00, t=0.500, tswd=0.0000]
Epoch 4/5:  68%|██████▊   | 141/208 [00:14<00:06,  9.79it/s, curv=0.0000, flow=2.1438, kin=0.0000, loss=2.1438, ot=0.00
00, t=0.500, tswd=0.0000]
Epoch 4/5:  69%|██████▉   | 143/208 [00:14<00:06,  9.95it/s, curv=0.0000, flow=2.1438, kin=0.0000, loss=2.1438, ot=0.00
00, t=0.500, tswd=0.0000]
Epoch 4/5:  69%|██████▉   | 144/208 [00:14<00:06,  9.91it/s, curv=0.0000, flow=2.1438, kin=0.0000, loss=2.1438, ot=0.00
00, t=0.500, tswd=0.0000]
Epoch 4/5:  70%|███████   | 146/208 [00:14<00:06, 10.00it/s, curv=0.0000, flow=2.1438, kin=0.0000, loss=2.1438, ot=0.00
00, t=0.500, tswd=0.0000]
Epoch 4/5:  71%|███████   | 148/208 [00:14<00:05, 10.11it/s, curv=0.0000, flow=2.1438, kin=0.0000, loss=2.1438, ot=0.00
00, t=0.500, tswd=0.0000]
Epoch 4/5:  72%|███████▏  | 150/208 [00:14<00:05, 10.08it/s, curv=0.0000, flow=2.1438, kin=0.0000, loss=2.1438, ot=0.00
00, t=0.500, tswd=0.0000]
Epoch 4/5:  73%|███████▎  | 152/208 [00:15<00:05,  9.97it/s, curv=0.0000, flow=2.1438, kin=0.0000, loss=2.1438, ot=0.00
00, t=0.500, tswd=0.0000]
Epoch 4/5:  74%|███████▎  | 153/208 [00:15<00:05,  9.91it/s, curv=0.0000, flow=2.1438, kin=0.0000, loss=2.1438, ot=0.00
00, t=0.500, tswd=0.0000]
Epoch 4/5:  75%|███████▍  | 155/208 [00:15<00:05,  9.90it/s, curv=0.0000, flow=2.1438, kin=0.0000, loss=2.1438, ot=0.00
00, t=0.500, tswd=0.0000]
Epoch 4/5:  75%|███████▌  | 156/208 [00:15<00:05,  9.90it/s, curv=0.0000, flow=2.1438, kin=0.0000, loss=2.1438, ot=0.00
00, t=0.500, tswd=0.0000]
Epoch 4/5:  76%|███████▌  | 158/208 [00:15<00:04, 10.13it/s, curv=0.0000, flow=2.1438, kin=0.0000, loss=2.1438, ot=0.00
00, t=0.500, tswd=0.0000]
Epoch 4/5:  76%|███████▌  | 158/208 [00:15<00:04, 10.13it/s, curv=0.0000, flow=2.1428, kin=0.0000, loss=2.1428, ot=0.00
00, t=0.499, tswd=0.0000]
Epoch 4/5:  77%|███████▋  | 160/208 [00:15<00:04, 10.15it/s, curv=0.0000, flow=2.1428, kin=0.0000, loss=2.1428, ot=0.00
00, t=0.499, tswd=0.0000]
Epoch 4/5:  78%|███████▊  | 162/208 [00:16<00:04, 10.02it/s, curv=0.0000, flow=2.1428, kin=0.0000, loss=2.1428, ot=0.00
00, t=0.499, tswd=0.0000]
Epoch 4/5:  79%|███████▉  | 164/208 [00:16<00:04, 10.12it/s, curv=0.0000, flow=2.1428, kin=0.0000, loss=2.1428, ot=0.00
00, t=0.499, tswd=0.0000]
Epoch 4/5:  80%|███████▉  | 166/208 [00:16<00:04, 10.20it/s, curv=0.0000, flow=2.1428, kin=0.0000, loss=2.1428, ot=0.00
00, t=0.499, tswd=0.0000]
Epoch 4/5:  81%|████████  | 168/208 [00:16<00:03, 10.14it/s, curv=0.0000, flow=2.1428, kin=0.0000, loss=2.1428, ot=0.00
00, t=0.499, tswd=0.0000]
Epoch 4/5:  82%|████████▏ | 170/208 [00:16<00:03, 10.11it/s, curv=0.0000, flow=2.1428, kin=0.0000, loss=2.1428, ot=0.00
00, t=0.499, tswd=0.0000]
Epoch 4/5:  83%|████████▎ | 172/208 [00:17<00:03,  9.99it/s, curv=0.0000, flow=2.1428, kin=0.0000, loss=2.1428, ot=0.00
00, t=0.499, tswd=0.0000]
Epoch 4/5:  83%|████████▎ | 173/208 [00:17<00:03,  9.93it/s, curv=0.0000, flow=2.1428, kin=0.0000, loss=2.1428, ot=0.00
00, t=0.499, tswd=0.0000]
Epoch 4/5:  84%|████████▎ | 174/208 [00:17<00:03,  9.91it/s, curv=0.0000, flow=2.1428, kin=0.0000, loss=2.1428, ot=0.00
00, t=0.499, tswd=0.0000]
Epoch 4/5:  84%|████████▍ | 175/208 [00:17<00:03,  9.87it/s, curv=0.0000, flow=2.1428, kin=0.0000, loss=2.1428, ot=0.00
00, t=0.499, tswd=0.0000]
Epoch 4/5:  85%|████████▍ | 176/208 [00:17<00:03,  9.75it/s, curv=0.0000, flow=2.1428, kin=0.0000, loss=2.1428, ot=0.00
00, t=0.499, tswd=0.0000]
Epoch 4/5:  86%|████████▌ | 178/208 [00:17<00:03,  9.85it/s, curv=0.0000, flow=2.1428, kin=0.0000, loss=2.1428, ot=0.00
00, t=0.499, tswd=0.0000]
Epoch 4/5:  86%|████████▌ | 179/208 [00:17<00:02,  9.86it/s, curv=0.0000, flow=2.1428, kin=0.0000, loss=2.1428, ot=0.00
00, t=0.499, tswd=0.0000]
Epoch 4/5:  86%|████████▌ | 179/208 [00:17<00:02,  9.86it/s, curv=0.0000, flow=2.1393, kin=0.0000, loss=2.1393, ot=0.00
00, t=0.497, tswd=0.0000]
Epoch 4/5:  87%|████████▋ | 181/208 [00:18<00:02,  9.91it/s, curv=0.0000, flow=2.1393, kin=0.0000, loss=2.1393, ot=0.00
00, t=0.497, tswd=0.0000]
Epoch 4/5:  88%|████████▊ | 182/208 [00:18<00:02,  9.85it/s, curv=0.0000, flow=2.1393, kin=0.0000, loss=2.1393, ot=0.00
00, t=0.497, tswd=0.0000]
Epoch 4/5:  88%|████████▊ | 184/208 [00:18<00:02,  9.98it/s, curv=0.0000, flow=2.1393, kin=0.0000, loss=2.1393, ot=0.00
00, t=0.497, tswd=0.0000]
Epoch 4/5:  89%|████████▉ | 186/208 [00:18<00:02,  9.96it/s, curv=0.0000, flow=2.1393, kin=0.0000, loss=2.1393, ot=0.00
00, t=0.497, tswd=0.0000]
Epoch 4/5:  90%|█████████ | 188/208 [00:18<00:02,  9.99it/s, curv=0.0000, flow=2.1393, kin=0.0000, loss=2.1393, ot=0.00
00, t=0.497, tswd=0.0000]
Epoch 4/5:  91%|█████████▏| 190/208 [00:18<00:01, 10.07it/s, curv=0.0000, flow=2.1393, kin=0.0000, loss=2.1393, ot=0.00
00, t=0.497, tswd=0.0000]
Epoch 4/5:  92%|█████████▏| 192/208 [00:19<00:01,  9.98it/s, curv=0.0000, flow=2.1393, kin=0.0000, loss=2.1393, ot=0.00
00, t=0.497, tswd=0.0000]
Epoch 4/5:  93%|█████████▎| 193/208 [00:19<00:01,  9.84it/s, curv=0.0000, flow=2.1393, kin=0.0000, loss=2.1393, ot=0.00
00, t=0.497, tswd=0.0000]
Epoch 4/5:  94%|█████████▍| 195/208 [00:19<00:01,  9.94it/s, curv=0.0000, flow=2.1393, kin=0.0000, loss=2.1393, ot=0.00
00, t=0.497, tswd=0.0000]
Epoch 4/5:  95%|█████████▍| 197/208 [00:19<00:01, 10.07it/s, curv=0.0000, flow=2.1393, kin=0.0000, loss=2.1393, ot=0.00
00, t=0.497, tswd=0.0000]
Epoch 4/5:  96%|█████████▌| 199/208 [00:19<00:00, 10.06it/s, curv=0.0000, flow=2.1393, kin=0.0000, loss=2.1393, ot=0.00
00, t=0.497, tswd=0.0000]
Epoch 4/5:  96%|█████████▌| 199/208 [00:19<00:00, 10.06it/s, curv=0.0000, flow=2.1397, kin=0.0000, loss=2.1397, ot=0.00
00, t=0.498, tswd=0.0000]
Epoch 4/5:  97%|█████████▋| 201/208 [00:20<00:00,  9.98it/s, curv=0.0000, flow=2.1397, kin=0.0000, loss=2.1397, ot=0.00
00, t=0.498, tswd=0.0000]
Epoch 4/5:  97%|█████████▋| 202/208 [00:20<00:00,  9.92it/s, curv=0.0000, flow=2.1397, kin=0.0000, loss=2.1397, ot=0.00
00, t=0.498, tswd=0.0000]
Epoch 4/5:  98%|█████████▊| 203/208 [00:20<00:00,  9.87it/s, curv=0.0000, flow=2.1397, kin=0.0000, loss=2.1397, ot=0.00
00, t=0.498, tswd=0.0000]
Epoch 4/5:  99%|█████████▊| 205/208 [00:20<00:00, 10.06it/s, curv=0.0000, flow=2.1397, kin=0.0000, loss=2.1397, ot=0.00
00, t=0.498, tswd=0.0000]
Epoch 4/5: 100%|█████████▉| 207/208 [00:20<00:00, 10.17it/s, curv=0.0000, flow=2.1397, kin=0.0000, loss=2.1397, ot=0.00
00, t=0.498, tswd=0.0000]
Epoch 4/5: 100%|█████████▉| 207/208 [00:20<00:00, 10.17it/s, curv=0.0000, flow=2.1415, kin=0.0000, loss=2.1415, ot=0.00
00, t=0.498, tswd=0.0000]
Epoch 4/5: 100%|██████████| 208/208 [00:20<00:00, 10.00it/s, curv=0.0000, flow=2.1415, kin=0.0000, loss=2.1415, ot=0.00
00, t=0.498, tswd=0.0000]
2026-07-02 09:08:53,970 - INFO - Epoch 4/5 | loss=2.1415 flow=2.1415 kin=0.0000 ot=0.0000 tswd=0.0000 gini=0.000 hub=0.
000 otd=0.0000 fiber=0.000 leak=0.0000 tgtshift=0.0000 cla=0.0000 cea=0.0000 sem_attn=0.000 sem_k=0.000 topo_ent=0.000 
topo_on=0 plan_ent=0.000 bary_ent=0.000 tok_ent=0.000 tok_eff=0.0 tok_max=0.000 tok_svd=0.000 tok_cos=0.000 app_s=0.000
 app_d=0.000 sigma=0.000 bex=0 idr=0.00 t=0.498 |v|=0.000 lr=7.56e-05 data=0.5s comp=12.4s epoch=20.8s sps=240.05 bstep
=0.100s gpu=88.5/91.0% vram=5.57/5.57GB power=66.9/67.5W peak=1.42/2.03GB
2026-07-02 09:08:53,976 - INFO - Epoch 5 weight schedule: stage=0 w_content=0.0000 w_style=0.0000 w_style_strength_reg=
0.0000 sigma=0.0000

Epoch 5/5:   0%|          | 0/208 [00:00<?, ?it/s]
Epoch 5/5:   0%|          | 0/208 [00:00<?, ?it/s, curv=0.0000, flow=2.2028, kin=0.0000, loss=2.2028, ot=0.0000, t=0.53
8, tswd=0.0000]
Epoch 5/5:   1%|          | 2/208 [00:00<00:20, 10.01it/s, curv=0.0000, flow=2.2028, kin=0.0000, loss=2.2028, ot=0.0000
, t=0.538, tswd=0.0000]
Epoch 5/5:   2%|▏         | 4/208 [00:00<00:20, 10.16it/s, curv=0.0000, flow=2.2028, kin=0.0000, loss=2.2028, ot=0.0000
, t=0.538, tswd=0.0000]
Epoch 5/5:   3%|▎         | 6/208 [00:00<00:19, 10.15it/s, curv=0.0000, flow=2.2028, kin=0.0000, loss=2.2028, ot=0.0000
, t=0.538, tswd=0.0000]
Epoch 5/5:   4%|▍         | 8/208 [00:00<00:19, 10.11it/s, curv=0.0000, flow=2.2028, kin=0.0000, loss=2.2028, ot=0.0000
, t=0.538, tswd=0.0000]
Epoch 5/5:   5%|▍         | 10/208 [00:00<00:19, 10.20it/s, curv=0.0000, flow=2.2028, kin=0.0000, loss=2.2028, ot=0.000
0, t=0.538, tswd=0.0000]
Epoch 5/5:   6%|▌         | 12/208 [00:01<00:19, 10.24it/s, curv=0.0000, flow=2.2028, kin=0.0000, loss=2.2028, ot=0.000
0, t=0.538, tswd=0.0000]
Epoch 5/5:   7%|▋         | 14/208 [00:01<00:18, 10.22it/s, curv=0.0000, flow=2.2028, kin=0.0000, loss=2.2028, ot=0.000
0, t=0.538, tswd=0.0000]
Epoch 5/5:   8%|▊         | 16/208 [00:01<00:18, 10.16it/s, curv=0.0000, flow=2.2028, kin=0.0000, loss=2.2028, ot=0.000
0, t=0.538, tswd=0.0000]
Epoch 5/5:   9%|▊         | 18/208 [00:01<00:18, 10.12it/s, curv=0.0000, flow=2.2028, kin=0.0000, loss=2.2028, ot=0.000
0, t=0.538, tswd=0.0000]
Epoch 5/5:   9%|▊         | 18/208 [00:01<00:18, 10.12it/s, curv=0.0000, flow=2.1573, kin=0.0000, loss=2.1573, ot=0.000
0, t=0.500, tswd=0.0000]
Epoch 5/5:  10%|▉         | 20/208 [00:01<00:18, 10.03it/s, curv=0.0000, flow=2.1573, kin=0.0000, loss=2.1573, ot=0.000
0, t=0.500, tswd=0.0000]
Epoch 5/5:  11%|█         | 22/208 [00:02<00:18,  9.99it/s, curv=0.0000, flow=2.1573, kin=0.0000, loss=2.1573, ot=0.000
0, t=0.500, tswd=0.0000]
Epoch 5/5:  11%|█         | 23/208 [00:02<00:18,  9.86it/s, curv=0.0000, flow=2.1573, kin=0.0000, loss=2.1573, ot=0.000
0, t=0.500, tswd=0.0000]
Epoch 5/5:  12%|█▏        | 25/208 [00:02<00:18,  9.96it/s, curv=0.0000, flow=2.1573, kin=0.0000, loss=2.1573, ot=0.000
0, t=0.500, tswd=0.0000]
Epoch 5/5:  13%|█▎        | 27/208 [00:02<00:17, 10.08it/s, curv=0.0000, flow=2.1573, kin=0.0000, loss=2.1573, ot=0.000
0, t=0.500, tswd=0.0000]
Epoch 5/5:  14%|█▍        | 29/208 [00:02<00:17, 10.01it/s, curv=0.0000, flow=2.1573, kin=0.0000, loss=2.1573, ot=0.000
0, t=0.500, tswd=0.0000]
Epoch 5/5:  15%|█▍        | 31/208 [00:03<00:17, 10.07it/s, curv=0.0000, flow=2.1573, kin=0.0000, loss=2.1573, ot=0.000
0, t=0.500, tswd=0.0000]
Epoch 5/5:  16%|█▌        | 33/208 [00:03<00:17,  9.97it/s, curv=0.0000, flow=2.1573, kin=0.0000, loss=2.1573, ot=0.000
0, t=0.500, tswd=0.0000]
Epoch 5/5:  16%|█▋        | 34/208 [00:03<00:17,  9.89it/s, curv=0.0000, flow=2.1573, kin=0.0000, loss=2.1573, ot=0.000
0, t=0.500, tswd=0.0000]
Epoch 5/5:  17%|█▋        | 36/208 [00:03<00:17, 10.07it/s, curv=0.0000, flow=2.1573, kin=0.0000, loss=2.1573, ot=0.000
0, t=0.500, tswd=0.0000]
Epoch 5/5:  18%|█▊        | 38/208 [00:03<00:17,  9.98it/s, curv=0.0000, flow=2.1573, kin=0.0000, loss=2.1573, ot=0.000
0, t=0.500, tswd=0.0000]
Epoch 5/5:  19%|█▉        | 39/208 [00:03<00:16,  9.97it/s, curv=0.0000, flow=2.1573, kin=0.0000, loss=2.1573, ot=0.000
0, t=0.500, tswd=0.0000]
Epoch 5/5:  19%|█▉        | 39/208 [00:03<00:16,  9.97it/s, curv=0.0000, flow=2.1304, kin=0.0000, loss=2.1304, ot=0.000
0, t=0.491, tswd=0.0000]
Epoch 5/5:  20%|█▉        | 41/208 [00:04<00:16,  9.98it/s, curv=0.0000, flow=2.1304, kin=0.0000, loss=2.1304, ot=0.000
0, t=0.491, tswd=0.0000]
Epoch 5/5:  21%|██        | 43/208 [00:04<00:16,  9.99it/s, curv=0.0000, flow=2.1304, kin=0.0000, loss=2.1304, ot=0.000
0, t=0.491, tswd=0.0000]
Epoch 5/5:  21%|██        | 44/208 [00:04<00:16,  9.99it/s, curv=0.0000, flow=2.1304, kin=0.0000, loss=2.1304, ot=0.000
0, t=0.491, tswd=0.0000]
Epoch 5/5:  22%|██▏       | 45/208 [00:04<00:16,  9.97it/s, curv=0.0000, flow=2.1304, kin=0.0000, loss=2.1304, ot=0.000
0, t=0.491, tswd=0.0000]
Epoch 5/5:  23%|██▎       | 47/208 [00:04<00:16, 10.00it/s, curv=0.0000, flow=2.1304, kin=0.0000, loss=2.1304, ot=0.000
0, t=0.491, tswd=0.0000]
Epoch 5/5:  23%|██▎       | 48/208 [00:04<00:16,  9.93it/s, curv=0.0000, flow=2.1304, kin=0.0000, loss=2.1304, ot=0.000
0, t=0.491, tswd=0.0000]
Epoch 5/5:  24%|██▍       | 50/208 [00:04<00:15,  9.98it/s, curv=0.0000, flow=2.1304, kin=0.0000, loss=2.1304, ot=0.000
0, t=0.491, tswd=0.0000]
Epoch 5/5:  25%|██▍       | 51/208 [00:05<00:15,  9.88it/s, curv=0.0000, flow=2.1304, kin=0.0000, loss=2.1304, ot=0.000
0, t=0.491, tswd=0.0000]
Epoch 5/5:  25%|██▌       | 52/208 [00:05<00:16,  9.72it/s, curv=0.0000, flow=2.1304, kin=0.0000, loss=2.1304, ot=0.000
0, t=0.491, tswd=0.0000]
Epoch 5/5:  26%|██▌       | 54/208 [00:05<00:15,  9.95it/s, curv=0.0000, flow=2.1304, kin=0.0000, loss=2.1304, ot=0.000
0, t=0.491, tswd=0.0000]
Epoch 5/5:  26%|██▋       | 55/208 [00:05<00:15,  9.92it/s, curv=0.0000, flow=2.1304, kin=0.0000, loss=2.1304, ot=0.000
0, t=0.491, tswd=0.0000]
Epoch 5/5:  27%|██▋       | 56/208 [00:05<00:15,  9.94it/s, curv=0.0000, flow=2.1304, kin=0.0000, loss=2.1304, ot=0.000
0, t=0.491, tswd=0.0000]
Epoch 5/5:  27%|██▋       | 57/208 [00:05<00:15,  9.89it/s, curv=0.0000, flow=2.1304, kin=0.0000, loss=2.1304, ot=0.000
0, t=0.491, tswd=0.0000]
Epoch 5/5:  28%|██▊       | 59/208 [00:05<00:14,  9.94it/s, curv=0.0000, flow=2.1304, kin=0.0000, loss=2.1304, ot=0.000
0, t=0.491, tswd=0.0000]
Epoch 5/5:  28%|██▊       | 59/208 [00:05<00:14,  9.94it/s, curv=0.0000, flow=2.1335, kin=0.0000, loss=2.1335, ot=0.000
0, t=0.490, tswd=0.0000]
Epoch 5/5:  29%|██▉       | 60/208 [00:05<00:14,  9.91it/s, curv=0.0000, flow=2.1335, kin=0.0000, loss=2.1335, ot=0.000
0, t=0.490, tswd=0.0000]
Epoch 5/5:  29%|██▉       | 61/208 [00:06<00:14,  9.84it/s, curv=0.0000, flow=2.1335, kin=0.0000, loss=2.1335, ot=0.000
0, t=0.490, tswd=0.0000]
Epoch 5/5:  30%|███       | 63/208 [00:06<00:14,  9.90it/s, curv=0.0000, flow=2.1335, kin=0.0000, loss=2.1335, ot=0.000
0, t=0.490, tswd=0.0000]
Epoch 5/5:  31%|███       | 64/208 [00:06<00:14,  9.87it/s, curv=0.0000, flow=2.1335, kin=0.0000, loss=2.1335, ot=0.000
0, t=0.490, tswd=0.0000]
Epoch 5/5:  32%|███▏      | 66/208 [00:06<00:14,  9.98it/s, curv=0.0000, flow=2.1335, kin=0.0000, loss=2.1335, ot=0.000
0, t=0.490, tswd=0.0000]
Epoch 5/5:  32%|███▏      | 67/208 [00:06<00:14,  9.98it/s, curv=0.0000, flow=2.1335, kin=0.0000, loss=2.1335, ot=0.000
0, t=0.490, tswd=0.0000]
Epoch 5/5:  33%|███▎      | 69/208 [00:06<00:13, 10.09it/s, curv=0.0000, flow=2.1335, kin=0.0000, loss=2.1335, ot=0.000
0, t=0.490, tswd=0.0000]
Epoch 5/5:  34%|███▍      | 71/208 [00:07<00:13, 10.04it/s, curv=0.0000, flow=2.1335, kin=0.0000, loss=2.1335, ot=0.000
0, t=0.490, tswd=0.0000]
Epoch 5/5:  35%|███▌      | 73/208 [00:07<00:13,  9.96it/s, curv=0.0000, flow=2.1335, kin=0.0000, loss=2.1335, ot=0.000
0, t=0.490, tswd=0.0000]
Epoch 5/5:  36%|███▌      | 75/208 [00:07<00:13,  9.96it/s, curv=0.0000, flow=2.1335, kin=0.0000, loss=2.1335, ot=0.000
0, t=0.490, tswd=0.0000]
Epoch 5/5:  37%|███▋      | 77/208 [00:07<00:12, 10.09it/s, curv=0.0000, flow=2.1335, kin=0.0000, loss=2.1335, ot=0.000
0, t=0.490, tswd=0.0000]
Epoch 5/5:  38%|███▊      | 79/208 [00:07<00:12, 10.13it/s, curv=0.0000, flow=2.1335, kin=0.0000, loss=2.1335, ot=0.000
0, t=0.490, tswd=0.0000]
Epoch 5/5:  38%|███▊      | 79/208 [00:07<00:12, 10.13it/s, curv=0.0000, flow=2.1302, kin=0.0000, loss=2.1302, ot=0.000
0, t=0.493, tswd=0.0000]
Epoch 5/5:  39%|███▉      | 81/208 [00:08<00:12, 10.15it/s, curv=0.0000, flow=2.1302, kin=0.0000, loss=2.1302, ot=0.000
0, t=0.493, tswd=0.0000]
Epoch 5/5:  40%|███▉      | 83/208 [00:08<00:12, 10.15it/s, curv=0.0000, flow=2.1302, kin=0.0000, loss=2.1302, ot=0.000
0, t=0.493, tswd=0.0000]
Epoch 5/5:  41%|████      | 85/208 [00:08<00:12, 10.05it/s, curv=0.0000, flow=2.1302, kin=0.0000, loss=2.1302, ot=0.000
0, t=0.493, tswd=0.0000]
Epoch 5/5:  42%|████▏     | 87/208 [00:08<00:12, 10.07it/s, curv=0.0000, flow=2.1302, kin=0.0000, loss=2.1302, ot=0.000
0, t=0.493, tswd=0.0000]
Epoch 5/5:  43%|████▎     | 89/208 [00:08<00:11, 10.07it/s, curv=0.0000, flow=2.1302, kin=0.0000, loss=2.1302, ot=0.000
0, t=0.493, tswd=0.0000]
Epoch 5/5:  44%|████▍     | 91/208 [00:09<00:11, 10.06it/s, curv=0.0000, flow=2.1302, kin=0.0000, loss=2.1302, ot=0.000
0, t=0.493, tswd=0.0000]
Epoch 5/5:  45%|████▍     | 93/208 [00:09<00:11, 10.04it/s, curv=0.0000, flow=2.1302, kin=0.0000, loss=2.1302, ot=0.000
0, t=0.493, tswd=0.0000]
Epoch 5/5:  46%|████▌     | 95/208 [00:09<00:11, 10.05it/s, curv=0.0000, flow=2.1302, kin=0.0000, loss=2.1302, ot=0.000
0, t=0.493, tswd=0.0000]
Epoch 5/5:  47%|████▋     | 97/208 [00:09<00:10, 10.18it/s, curv=0.0000, flow=2.1302, kin=0.0000, loss=2.1302, ot=0.000
0, t=0.493, tswd=0.0000]
Epoch 5/5:  48%|████▊     | 99/208 [00:09<00:10, 10.16it/s, curv=0.0000, flow=2.1302, kin=0.0000, loss=2.1302, ot=0.000
0, t=0.493, tswd=0.0000]
Epoch 5/5:  48%|████▊     | 99/208 [00:09<00:10, 10.16it/s, curv=0.0000, flow=2.1267, kin=0.0000, loss=2.1267, ot=0.000
0, t=0.494, tswd=0.0000]
Epoch 5/5:  49%|████▊     | 101/208 [00:10<00:10, 10.12it/s, curv=0.0000, flow=2.1267, kin=0.0000, loss=2.1267, ot=0.00
00, t=0.494, tswd=0.0000]
Epoch 5/5:  50%|████▉     | 103/208 [00:10<00:10, 10.13it/s, curv=0.0000, flow=2.1267, kin=0.0000, loss=2.1267, ot=0.00
00, t=0.494, tswd=0.0000]
Epoch 5/5:  50%|█████     | 105/208 [00:10<00:10,  9.88it/s, curv=0.0000, flow=2.1267, kin=0.0000, loss=2.1267, ot=0.00
00, t=0.494, tswd=0.0000]
Epoch 5/5:  51%|█████▏    | 107/208 [00:10<00:10, 10.07it/s, curv=0.0000, flow=2.1267, kin=0.0000, loss=2.1267, ot=0.00
00, t=0.494, tswd=0.0000]
Epoch 5/5:  52%|█████▏    | 109/208 [00:10<00:10,  9.88it/s, curv=0.0000, flow=2.1267, kin=0.0000, loss=2.1267, ot=0.00
00, t=0.494, tswd=0.0000]
Epoch 5/5:  53%|█████▎    | 111/208 [00:11<00:09, 10.04it/s, curv=0.0000, flow=2.1267, kin=0.0000, loss=2.1267, ot=0.00
00, t=0.494, tswd=0.0000]
Epoch 5/5:  54%|█████▍    | 113/208 [00:11<00:09, 10.04it/s, curv=0.0000, flow=2.1267, kin=0.0000, loss=2.1267, ot=0.00
00, t=0.494, tswd=0.0000]
Epoch 5/5:  55%|█████▌    | 115/208 [00:11<00:09, 10.00it/s, curv=0.0000, flow=2.1267, kin=0.0000, loss=2.1267, ot=0.00
00, t=0.494, tswd=0.0000]
Epoch 5/5:  56%|█████▋    | 117/208 [00:11<00:09, 10.03it/s, curv=0.0000, flow=2.1267, kin=0.0000, loss=2.1267, ot=0.00
00, t=0.494, tswd=0.0000]
Epoch 5/5:  57%|█████▋    | 119/208 [00:11<00:08, 10.04it/s, curv=0.0000, flow=2.1267, kin=0.0000, loss=2.1267, ot=0.00
00, t=0.494, tswd=0.0000]
Epoch 5/5:  57%|█████▋    | 119/208 [00:11<00:08, 10.04it/s, curv=0.0000, flow=2.1250, kin=0.0000, loss=2.1250, ot=0.00
00, t=0.495, tswd=0.0000]
Epoch 5/5:  58%|█████▊    | 121/208 [00:12<00:08, 10.01it/s, curv=0.0000, flow=2.1250, kin=0.0000, loss=2.1250, ot=0.00
00, t=0.495, tswd=0.0000]
Epoch 5/5:  59%|█████▉    | 123/208 [00:12<00:08,  9.97it/s, curv=0.0000, flow=2.1250, kin=0.0000, loss=2.1250, ot=0.00
00, t=0.495, tswd=0.0000]
Epoch 5/5:  60%|█████▉    | 124/208 [00:12<00:08,  9.90it/s, curv=0.0000, flow=2.1250, kin=0.0000, loss=2.1250, ot=0.00
00, t=0.495, tswd=0.0000]
Epoch 5/5:  60%|██████    | 125/208 [00:12<00:08,  9.91it/s, curv=0.0000, flow=2.1250, kin=0.0000, loss=2.1250, ot=0.00
00, t=0.495, tswd=0.0000]
Epoch 5/5:  61%|██████    | 126/208 [00:12<00:08,  9.84it/s, curv=0.0000, flow=2.1250, kin=0.0000, loss=2.1250, ot=0.00
00, t=0.495, tswd=0.0000]
Epoch 5/5:  61%|██████    | 127/208 [00:12<00:08,  9.77it/s, curv=0.0000, flow=2.1250, kin=0.0000, loss=2.1250, ot=0.00
00, t=0.495, tswd=0.0000]
Epoch 5/5:  62%|██████▏   | 128/208 [00:12<00:08,  9.79it/s, curv=0.0000, flow=2.1250, kin=0.0000, loss=2.1250, ot=0.00
00, t=0.495, tswd=0.0000]
Epoch 5/5:  62%|██████▏   | 129/208 [00:12<00:08,  9.83it/s, curv=0.0000, flow=2.1250, kin=0.0000, loss=2.1250, ot=0.00
00, t=0.495, tswd=0.0000]
Epoch 5/5:  62%|██████▎   | 130/208 [00:12<00:07,  9.75it/s, curv=0.0000, flow=2.1250, kin=0.0000, loss=2.1250, ot=0.00
00, t=0.495, tswd=0.0000]
Epoch 5/5:  63%|██████▎   | 132/208 [00:13<00:07,  9.98it/s, curv=0.0000, flow=2.1250, kin=0.0000, loss=2.1250, ot=0.00
00, t=0.495, tswd=0.0000]
Epoch 5/5:  64%|██████▍   | 133/208 [00:13<00:07,  9.90it/s, curv=0.0000, flow=2.1250, kin=0.0000, loss=2.1250, ot=0.00
00, t=0.495, tswd=0.0000]
Epoch 5/5:  64%|██████▍   | 134/208 [00:13<00:07,  9.82it/s, curv=0.0000, flow=2.1250, kin=0.0000, loss=2.1250, ot=0.00
00, t=0.495, tswd=0.0000]
Epoch 5/5:  65%|██████▌   | 136/208 [00:13<00:07, 10.06it/s, curv=0.0000, flow=2.1250, kin=0.0000, loss=2.1250, ot=0.00
00, t=0.495, tswd=0.0000]
Epoch 5/5:  66%|██████▋   | 138/208 [00:13<00:06, 10.21it/s, curv=0.0000, flow=2.1250, kin=0.0000, loss=2.1250, ot=0.00
00, t=0.495, tswd=0.0000]
Epoch 5/5:  66%|██████▋   | 138/208 [00:13<00:06, 10.21it/s, curv=0.0000, flow=2.1221, kin=0.0000, loss=2.1221, ot=0.00
00, t=0.496, tswd=0.0000]
Epoch 5/5:  67%|██████▋   | 140/208 [00:13<00:06, 10.22it/s, curv=0.0000, flow=2.1221, kin=0.0000, loss=2.1221, ot=0.00
00, t=0.496, tswd=0.0000]
Epoch 5/5:  68%|██████▊   | 142/208 [00:14<00:06, 10.11it/s, curv=0.0000, flow=2.1221, kin=0.0000, loss=2.1221, ot=0.00
00, t=0.496, tswd=0.0000]
Epoch 5/5:  69%|██████▉   | 144/208 [00:14<00:06, 10.18it/s, curv=0.0000, flow=2.1221, kin=0.0000, loss=2.1221, ot=0.00
00, t=0.496, tswd=0.0000]
Epoch 5/5:  70%|███████   | 146/208 [00:14<00:06, 10.10it/s, curv=0.0000, flow=2.1221, kin=0.0000, loss=2.1221, ot=0.00
00, t=0.496, tswd=0.0000]
Epoch 5/5:  71%|███████   | 148/208 [00:14<00:05, 10.05it/s, curv=0.0000, flow=2.1221, kin=0.0000, loss=2.1221, ot=0.00
00, t=0.496, tswd=0.0000]
Epoch 5/5:  72%|███████▏  | 150/208 [00:14<00:05, 10.10it/s, curv=0.0000, flow=2.1221, kin=0.0000, loss=2.1221, ot=0.00
00, t=0.496, tswd=0.0000]
Epoch 5/5:  73%|███████▎  | 152/208 [00:15<00:05, 10.02it/s, curv=0.0000, flow=2.1221, kin=0.0000, loss=2.1221, ot=0.00
00, t=0.496, tswd=0.0000]
Epoch 5/5:  74%|███████▍  | 154/208 [00:15<00:05, 10.04it/s, curv=0.0000, flow=2.1221, kin=0.0000, loss=2.1221, ot=0.00
00, t=0.496, tswd=0.0000]
Epoch 5/5:  75%|███████▌  | 156/208 [00:15<00:05, 10.03it/s, curv=0.0000, flow=2.1221, kin=0.0000, loss=2.1221, ot=0.00
00, t=0.496, tswd=0.0000]
Epoch 5/5:  76%|███████▌  | 158/208 [00:15<00:04, 10.06it/s, curv=0.0000, flow=2.1221, kin=0.0000, loss=2.1221, ot=0.00
00, t=0.496, tswd=0.0000]
Epoch 5/5:  76%|███████▌  | 158/208 [00:15<00:04, 10.06it/s, curv=0.0000, flow=2.1271, kin=0.0000, loss=2.1271, ot=0.00
00, t=0.496, tswd=0.0000]
Epoch 5/5:  77%|███████▋  | 160/208 [00:15<00:04,  9.98it/s, curv=0.0000, flow=2.1271, kin=0.0000, loss=2.1271, ot=0.00
00, t=0.496, tswd=0.0000]
Epoch 5/5:  77%|███████▋  | 161/208 [00:16<00:04,  9.90it/s, curv=0.0000, flow=2.1271, kin=0.0000, loss=2.1271, ot=0.00
00, t=0.496, tswd=0.0000]
Epoch 5/5:  78%|███████▊  | 162/208 [00:16<00:04,  9.92it/s, curv=0.0000, flow=2.1271, kin=0.0000, loss=2.1271, ot=0.00
00, t=0.496, tswd=0.0000]
Epoch 5/5:  78%|███████▊  | 163/208 [00:16<00:04,  9.85it/s, curv=0.0000, flow=2.1271, kin=0.0000, loss=2.1271, ot=0.00
00, t=0.496, tswd=0.0000]
Epoch 5/5:  79%|███████▉  | 165/208 [00:16<00:04,  9.94it/s, curv=0.0000, flow=2.1271, kin=0.0000, loss=2.1271, ot=0.00
00, t=0.496, tswd=0.0000]
Epoch 5/5:  80%|███████▉  | 166/208 [00:16<00:04,  9.89it/s, curv=0.0000, flow=2.1271, kin=0.0000, loss=2.1271, ot=0.00
00, t=0.496, tswd=0.0000]
Epoch 5/5:  80%|████████  | 167/208 [00:16<00:04,  9.89it/s, curv=0.0000, flow=2.1271, kin=0.0000, loss=2.1271, ot=0.00
00, t=0.496, tswd=0.0000]
Epoch 5/5:  81%|████████  | 168/208 [00:16<00:04,  9.90it/s, curv=0.0000, flow=2.1271, kin=0.0000, loss=2.1271, ot=0.00
00, t=0.496, tswd=0.0000]
Epoch 5/5:  82%|████████▏ | 170/208 [00:16<00:03,  9.87it/s, curv=0.0000, flow=2.1271, kin=0.0000, loss=2.1271, ot=0.00
00, t=0.496, tswd=0.0000]
Epoch 5/5:  83%|████████▎ | 172/208 [00:17<00:03,  9.85it/s, curv=0.0000, flow=2.1271, kin=0.0000, loss=2.1271, ot=0.00
00, t=0.496, tswd=0.0000]
Epoch 5/5:  84%|████████▎ | 174/208 [00:17<00:03,  9.91it/s, curv=0.0000, flow=2.1271, kin=0.0000, loss=2.1271, ot=0.00
00, t=0.496, tswd=0.0000]
Epoch 5/5:  84%|████████▍ | 175/208 [00:17<00:03,  9.83it/s, curv=0.0000, flow=2.1271, kin=0.0000, loss=2.1271, ot=0.00
00, t=0.496, tswd=0.0000]
Epoch 5/5:  85%|████████▌ | 177/208 [00:17<00:03,  9.96it/s, curv=0.0000, flow=2.1271, kin=0.0000, loss=2.1271, ot=0.00
00, t=0.496, tswd=0.0000]
Epoch 5/5:  86%|████████▌ | 178/208 [00:17<00:03,  9.95it/s, curv=0.0000, flow=2.1271, kin=0.0000, loss=2.1271, ot=0.00
00, t=0.496, tswd=0.0000]
Epoch 5/5:  86%|████████▌ | 179/208 [00:17<00:02,  9.95it/s, curv=0.0000, flow=2.1271, kin=0.0000, loss=2.1271, ot=0.00
00, t=0.496, tswd=0.0000]
Epoch 5/5:  86%|████████▌ | 179/208 [00:17<00:02,  9.95it/s, curv=0.0000, flow=2.1225, kin=0.0000, loss=2.1225, ot=0.00
00, t=0.498, tswd=0.0000]
Epoch 5/5:  87%|████████▋ | 180/208 [00:17<00:02,  9.84it/s, curv=0.0000, flow=2.1225, kin=0.0000, loss=2.1225, ot=0.00
00, t=0.498, tswd=0.0000]
Epoch 5/5:  88%|████████▊ | 182/208 [00:18<00:02, 10.06it/s, curv=0.0000, flow=2.1225, kin=0.0000, loss=2.1225, ot=0.00
00, t=0.498, tswd=0.0000]
Epoch 5/5:  88%|████████▊ | 183/208 [00:18<00:02,  9.99it/s, curv=0.0000, flow=2.1225, kin=0.0000, loss=2.1225, ot=0.00
00, t=0.498, tswd=0.0000]
Epoch 5/5:  89%|████████▉ | 185/208 [00:18<00:02, 10.00it/s, curv=0.0000, flow=2.1225, kin=0.0000, loss=2.1225, ot=0.00
00, t=0.498, tswd=0.0000]
Epoch 5/5:  89%|████████▉ | 186/208 [00:18<00:02,  9.96it/s, curv=0.0000, flow=2.1225, kin=0.0000, loss=2.1225, ot=0.00
00, t=0.498, tswd=0.0000]
Epoch 5/5:  90%|████████▉ | 187/208 [00:18<00:02,  9.91it/s, curv=0.0000, flow=2.1225, kin=0.0000, loss=2.1225, ot=0.00
00, t=0.498, tswd=0.0000]
Epoch 5/5:  91%|█████████ | 189/208 [00:18<00:01, 10.06it/s, curv=0.0000, flow=2.1225, kin=0.0000, loss=2.1225, ot=0.00
00, t=0.498, tswd=0.0000]
Epoch 5/5:  91%|█████████▏| 190/208 [00:18<00:01,  9.96it/s, curv=0.0000, flow=2.1225, kin=0.0000, loss=2.1225, ot=0.00
00, t=0.498, tswd=0.0000]
Epoch 5/5:  92%|█████████▏| 192/208 [00:19<00:01, 10.01it/s, curv=0.0000, flow=2.1225, kin=0.0000, loss=2.1225, ot=0.00
00, t=0.498, tswd=0.0000]
Epoch 5/5:  93%|█████████▎| 194/208 [00:19<00:01,  9.97it/s, curv=0.0000, flow=2.1225, kin=0.0000, loss=2.1225, ot=0.00
00, t=0.498, tswd=0.0000]
Epoch 5/5:  94%|█████████▍| 196/208 [00:19<00:01,  9.98it/s, curv=0.0000, flow=2.1225, kin=0.0000, loss=2.1225, ot=0.00
00, t=0.498, tswd=0.0000]
Epoch 5/5:  95%|█████████▍| 197/208 [00:19<00:01,  9.96it/s, curv=0.0000, flow=2.1225, kin=0.0000, loss=2.1225, ot=0.00
00, t=0.498, tswd=0.0000]
Epoch 5/5:  95%|█████████▌| 198/208 [00:19<00:01,  9.85it/s, curv=0.0000, flow=2.1225, kin=0.0000, loss=2.1225, ot=0.00
00, t=0.498, tswd=0.0000]
Epoch 5/5:  95%|█████████▌| 198/208 [00:19<00:01,  9.85it/s, curv=0.0000, flow=2.1209, kin=0.0000, loss=2.1209, ot=0.00
00, t=0.500, tswd=0.0000]
Epoch 5/5:  96%|█████████▌| 200/208 [00:19<00:00,  9.99it/s, curv=0.0000, flow=2.1209, kin=0.0000, loss=2.1209, ot=0.00
00, t=0.500, tswd=0.0000]
Epoch 5/5:  97%|█████████▋| 202/208 [00:20<00:00, 10.02it/s, curv=0.0000, flow=2.1209, kin=0.0000, loss=2.1209, ot=0.00
00, t=0.500, tswd=0.0000]
Epoch 5/5:  98%|█████████▊| 203/208 [00:20<00:00,  9.97it/s, curv=0.0000, flow=2.1209, kin=0.0000, loss=2.1209, ot=0.00
00, t=0.500, tswd=0.0000]
Epoch 5/5:  99%|█████████▊| 205/208 [00:20<00:00,  9.97it/s, curv=0.0000, flow=2.1209, kin=0.0000, loss=2.1209, ot=0.00
00, t=0.500, tswd=0.0000]
Epoch 5/5:  99%|█████████▉| 206/208 [00:20<00:00,  9.92it/s, curv=0.0000, flow=2.1209, kin=0.0000, loss=2.1209, ot=0.00
00, t=0.500, tswd=0.0000]
Epoch 5/5:  99%|█████████▉| 206/208 [00:20<00:00,  9.92it/s, curv=0.0000, flow=2.1214, kin=0.0000, loss=2.1214, ot=0.00
00, t=0.500, tswd=0.0000]
Epoch 5/5: 100%|██████████| 208/208 [00:20<00:00,  9.97it/s, curv=0.0000, flow=2.1214, kin=0.0000, loss=2.1214, ot=0.00
00, t=0.500, tswd=0.0000]
Epoch 5/5: 100%|██████████| 208/208 [00:20<00:00, 10.00it/s, curv=0.0000, flow=2.1214, kin=0.0000, loss=2.1214, ot=0.00
00, t=0.500, tswd=0.0000]
2026-07-02 09:09:14,892 - INFO - Epoch 5/5 | loss=2.1214 flow=2.1214 kin=0.0000 ot=0.0000 tswd=0.0000 gini=0.000 hub=0.
000 otd=0.0000 fiber=0.000 leak=0.0000 tgtshift=0.0000 cla=0.0000 cea=0.0000 sem_attn=0.000 sem_k=0.000 topo_ent=0.000 
topo_on=0 plan_ent=0.000 bary_ent=0.000 tok_ent=0.000 tok_eff=0.0 tok_max=0.000 tok_svd=0.000 tok_cos=0.000 app_s=0.000
 app_d=0.000 sigma=0.000 bex=0 idr=0.00 t=0.500 |v|=0.000 lr=2.81e-05 data=0.5s comp=12.6s epoch=20.8s sps=240.00 bstep
=0.100s gpu=87.1/91.0% vram=5.58/5.60GB power=66.2/68.5W peak=1.42/2.03GB
2026-07-02 09:09:14,944 - INFO - Saved checkpoint: G:\GitHub\Latent_Style\SchrodingerBridge\exp\630_local_t21_adaln_zer
o_ll\epoch_0005.pt
2026-07-02 09:09:14,944 - INFO - Offloading training state to CPU before remote full eval.
2026-07-02 09:09:15,077 - INFO - Running full eval for G:\GitHub\Latent_Style\SchrodingerBridge\exp\630_local_t21_adaln
_zero_ll\epoch_0005.pt -> G:\GitHub\Latent_Style\SchrodingerBridge\exp\630_local_t21_adaln_zero_ll\full_eval\epoch_0005
HF cache dir: G:\GitHub\Latent_Style\SchrodingerBridge\exp\eval_cache\hf
HF hub cache dir: G:\GitHub\Latent_Style\SchrodingerBridge\exp\eval_cache\hf\hub

Phase 1: Generation (Batch Size 2)
  Fast metric path: keep decoded generated tensors on GPU (no PNG/sidecar host roundtrip).
  Diffusers VAE loaded: required by eval settings
  Source latent cache loaded: G:\GitHub\Latent_Style\SchrodingerBridge\exp\eval_cache\source_latents_b6033454d77f.pt
  Generating Batch 1/75
  Generating Batch 2/75
  Generating Batch 3/75
  Generating Batch 4/75
  Generating Batch 5/75
  Generating Batch 6/75
  Generating Batch 7/75
  Generating Batch 8/75
  Generating Batch 9/75
  Generating Batch 10/75
  Generating Batch 11/75
  Generating Batch 12/75
  Generating Batch 13/75
  Generating Batch 14/75
  Generating Batch 15/75
  Generating Batch 16/75
  Generating Batch 17/75
  Generating Batch 18/75
  Generating Batch 19/75
  Generating Batch 20/75
  Generating Batch 21/75
  Generating Batch 22/75
  Generating Batch 23/75
  Generating Batch 24/75
  Generating Batch 25/75
  Generating Batch 26/75
  Generating Batch 27/75
  Generating Batch 28/75
  Generating Batch 29/75
  Generating Batch 30/75
  Generating Batch 31/75
  Generating Batch 32/75
  Generating Batch 33/75
  Generating Batch 34/75
  Generating Batch 35/75
  Generating Batch 36/75
  Generating Batch 37/75
  Generating Batch 38/75
  Generating Batch 39/75
  Generating Batch 40/75
  Generating Batch 41/75
  Generating Batch 42/75
  Generating Batch 43/75
  Generating Batch 44/75
  Generating Batch 45/75
  Generating Batch 46/75
  Generating Batch 47/75
  Generating Batch 48/75
  Generating Batch 49/75
  Generating Batch 50/75
  Generating Batch 51/75
  Generating Batch 52/75
  Generating Batch 53/75
  Generating Batch 54/75
  Generating Batch 55/75
  Generating Batch 56/75
  Generating Batch 57/75
  Generating Batch 58/75
  Generating Batch 59/75
  Generating Batch 60/75
  Generating Batch 61/75
  Generating Batch 62/75
  Generating Batch 63/75
  Generating Batch 64/75
  Generating Batch 65/75
  Generating Batch 66/75
  Generating Batch 67/75
  Generating Batch 68/75
  Generating Batch 69/75
  Generating Batch 70/75
  Generating Batch 71/75
  Generating Batch 72/75
  Generating Batch 73/75
  Generating Batch 74/75
  Generating Batch 75/75
  Generation models unloaded

妫ｅ啯鐣?Phase 2: Evaluation
  LPIPS Loaded (alex)

Loading weights:   0%|          | 0/398 [00:00<?, ?it/s]
Loading weights: 100%|██████████| 398/398 [00:00<00:00, 51095.25it/s]
  CLIP Loaded (HF) from: G:\GitHub\Latent_Style\eval_cache\manual_clip\openai-clip-vit-base-patch32 (processor=loaded)
Found global reference cache: G:\GitHub\Latent_Style\SchrodingerBridge\exp\eval_cache\ref_feats_e2b030fd2b_m16.pt
  Reference cache loaded successfully
  Processing 750 generated images...
Found global source cache: G:\GitHub\Latent_Style\SchrodingerBridge\exp\eval_cache\src_feats_e2b030fd2b_img256_clip0.pt
  Source cache loaded successfully
  Fast metric path: source image device cache enabled.

妫ｅ啯鎯?Generating Summary...
Summary saved: G:\GitHub\Latent_Style\SchrodingerBridge\exp\630_local_t21_adaln_zero_ll\full_eval\epoch_0005\summary.json
2026-07-02 09:11:11,841 - INFO - Full eval completed for epoch_0005.pt in 116.8s
2026-07-02 09:11:11,849 - INFO - Refreshing eval curve for G:\GitHub\Latent_Style\SchrodingerBridge\exp\630_local_t21_a
daln_zero_ll
G:\GitHub\Latent_Style\SchrodingerBridge\exp\630_local_t21_adaln_zero_ll\full_eval\clip_lpips_curve.csv
G:\GitHub\Latent_Style\SchrodingerBridge\exp\630_local_t21_adaln_zero_ll\full_eval\curve_summary.json
2026-07-02 09:11:11,915 - INFO - Refreshing eval convergence for G:\GitHub\Latent_Style\SchrodingerBridge\exp\630_local
_t21_adaln_zero_ll
G:\GitHub\Latent_Style\SchrodingerBridge\exp\630_local_t21_adaln_zero_ll\full_eval\round2_convergence.json
2026-07-02 09:11:11,988 - INFO - Restoring training state to CUDA after remote full eval.
2026-07-02 09:11:12,101 - INFO - Training completed.
