{
  "num_rounds": 2,
  "latest": {
    "epoch": 80,
    "summary_path": "..\\abl_rank64\\full_eval\\epoch_0080\\summary.json",
    "transfer_clip_style": 0.6983480581641197,
    "transfer_content_lpips": 0.5430140354666667,
    "transfer_fid": 300.4198598477714,
    "transfer_art_fid": 471.36048005793754,
    "transfer_classifier_acc": 0.0,
    "photo_to_art_clip_style": 0.6887916987140974,
    "photo_to_art_fid": 300.4198598477714,
    "photo_to_art_art_fid": 471.36048005793754,
    "photo_to_art_classifier_acc": 0.0
  },
  "mean": {
    "transfer_clip_style": 0.6904218916594982,
    "transfer_content_lpips": 0.5229817578916667,
    "transfer_fid": 301.7444684378944,
    "transfer_art_fid": 467.6292487762271,
    "transfer_classifier_acc": 0.0,
    "photo_to_art_clip_style": 0.6794564863046011,
    "photo_to_art_fid": 301.7444684378944,
    "photo_to_art_art_fid": 467.6292487762271,
    "photo_to_art_classifier_acc": 0.0
  },
  "best": {
    "best_transfer_classifier_acc": {
      "epoch": 40,
      "summary_path": "..\\abl_rank64\\full_eval\\epoch_0040\\summary.json",
      "transfer_clip_style": 0.6824957251548767,
      "transfer_content_lpips": 0.5029494803166668,
      "transfer_fid": 303.0690770280173,
      "transfer_art_fid": 463.89801749451664,
      "transfer_classifier_acc": 0.0,
      "photo_to_art_clip_style": 0.6701212738951048,
      "photo_to_art_fid": 303.0690770280173,
      "photo_to_art_art_fid": 463.89801749451664,
      "photo_to_art_classifier_acc": 0.0
    },
    "best_transfer_clip_style": {
      "epoch": 80,
      "summary_path": "..\\abl_rank64\\full_eval\\epoch_0080\\summary.json",
      "transfer_clip_style": 0.6983480581641197,
      "transfer_content_lpips": 0.5430140354666667,
      "transfer_fid": 300.4198598477714,
      "transfer_art_fid": 471.36048005793754,
      "transfer_classifier_acc": 0.0,
      "photo_to_art_clip_style": 0.6887916987140974,
      "photo_to_art_fid": 300.4198598477714,
      "photo_to_art_art_fid": 471.36048005793754,
      "photo_to_art_classifier_acc": 0.0
    },
    "best_transfer_fid": {
      "epoch": 80,
      "summary_path": "..\\abl_rank64\\full_eval\\epoch_0080\\summary.json",
      "transfer_clip_style": 0.6983480581641197,
      "transfer_content_lpips": 0.5430140354666667,
      "transfer_fid": 300.4198598477714,
      "transfer_art_fid": 471.36048005793754,
      "transfer_classifier_acc": 0.0,
      "photo_to_art_clip_style": 0.6887916987140974,
      "photo_to_art_fid": 300.4198598477714,
      "photo_to_art_art_fid": 471.36048005793754,
      "photo_to_art_classifier_acc": 0.0
    },
    "best_transfer_art_fid": {
      "epoch": 40,
      "summary_path": "..\\abl_rank64\\full_eval\\epoch_0040\\summary.json",
      "transfer_clip_style": 0.6824957251548767,
      "transfer_content_lpips": 0.5029494803166668,
      "transfer_fid": 303.0690770280173,
      "transfer_art_fid": 463.89801749451664,
      "transfer_classifier_acc": 0.0,
      "photo_to_art_clip_style": 0.6701212738951048,
      "photo_to_art_fid": 303.0690770280173,
      "photo_to_art_art_fid": 463.89801749451664,
      "photo_to_art_classifier_acc": 0.0
    },
    "best_photo_to_art_classifier_acc": {
      "epoch": 40,
      "summary_path": "..\\abl_rank64\\full_eval\\epoch_0040\\summary.json",
      "transfer_clip_style": 0.6824957251548767,
      "transfer_content_lpips": 0.5029494803166668,
      "transfer_fid": 303.0690770280173,
      "transfer_art_fid": 463.89801749451664,
      "transfer_classifier_acc": 0.0,
      "photo_to_art_clip_style": 0.6701212738951048,
      "photo_to_art_fid": 303.0690770280173,
      "photo_to_art_art_fid": 463.89801749451664,
      "photo_to_art_classifier_acc": 0.0
    },
    "best_photo_to_art_clip_style": {
      "epoch": 80,
      "summary_path": "..\\abl_rank64\\full_eval\\epoch_0080\\summary.json",
      "transfer_clip_style": 0.6983480581641197,
      "transfer_content_lpips": 0.5430140354666667,
      "transfer_fid": 300.4198598477714,
      "transfer_art_fid": 471.36048005793754,
      "transfer_classifier_acc": 0.0,
      "photo_to_art_clip_style": 0.6887916987140974,
      "photo_to_art_fid": 300.4198598477714,
      "photo_to_art_art_fid": 471.36048005793754,
      "photo_to_art_classifier_acc": 0.0
    },
    "best_photo_to_art_fid": {
      "epoch": 80,
      "summary_path": "..\\abl_rank64\\full_eval\\epoch_0080\\summary.json",
      "transfer_clip_style": 0.6983480581641197,
      "transfer_content_lpips": 0.5430140354666667,
      "transfer_fid": 300.4198598477714,
      "transfer_art_fid": 471.36048005793754,
      "transfer_classifier_acc": 0.0,
      "photo_to_art_clip_style": 0.6887916987140974,
      "photo_to_art_fid": 300.4198598477714,
      "photo_to_art_art_fid": 471.36048005793754,
      "photo_to_art_classifier_acc": 0.0
    },
    "best_photo_to_art_art_fid": {
      "epoch": 40,
      "summary_path": "..\\abl_rank64\\full_eval\\epoch_0040\\summary.json",
      "transfer_clip_style": 0.6824957251548767,
      "transfer_content_lpips": 0.5029494803166668,
      "transfer_fid": 303.0690770280173,
      "transfer_art_fid": 463.89801749451664,
      "transfer_classifier_acc": 0.0,
      "photo_to_art_clip_style": 0.6701212738951048,
      "photo_to_art_fid": 303.0690770280173,
      "photo_to_art_art_fid": 463.89801749451664,
      "photo_to_art_classifier_acc": 0.0
    },
    "best_transfer_content_lpips": {
      "epoch": 40,
      "summary_path": "..\\abl_rank64\\full_eval\\epoch_0040\\summary.json",
      "transfer_clip_style": 0.6824957251548767,
      "transfer_content_lpips": 0.5029494803166668,
      "transfer_fid": 303.0690770280173,
      "transfer_art_fid": 463.89801749451664,
      "transfer_classifier_acc": 0.0,
      "photo_to_art_clip_style": 0.6701212738951048,
      "photo_to_art_fid": 303.0690770280173,
      "photo_to_art_art_fid": 463.89801749451664,
      "photo_to_art_classifier_acc": 0.0
    }
  },
  "rounds": [
    {
      "epoch": 40,
      "summary_path": "..\\abl_rank64\\full_eval\\epoch_0040\\summary.json",
      "transfer_clip_style": 0.6824957251548767,
      "transfer_content_lpips": 0.5029494803166668,
      "transfer_fid": 303.0690770280173,
      "transfer_art_fid": 463.89801749451664,
      "transfer_classifier_acc": 0.0,
      "photo_to_art_clip_style": 0.6701212738951048,
      "photo_to_art_fid": 303.0690770280173,
      "photo_to_art_art_fid": 463.89801749451664,
      "photo_to_art_classifier_acc": 0.0
    },
    {
      "epoch": 80,
      "summary_path": "..\\abl_rank64\\full_eval\\epoch_0080\\summary.json",
      "transfer_clip_style": 0.6983480581641197,
      "transfer_content_lpips": 0.5430140354666667,
      "transfer_fid": 300.4198598477714,
      "transfer_art_fid": 471.36048005793754,
      "transfer_classifier_acc": 0.0,
      "photo_to_art_clip_style": 0.6887916987140974,
      "photo_to_art_fid": 300.4198598477714,
      "photo_to_art_art_fid": 471.36048005793754,
      "photo_to_art_classifier_acc": 0.0
    }
  ],
  "updated_at": "2026-03-18 23:07:25"
}