{
  "checkpoint": "G:\\GitHub\\Latent_Style\\Cycle-NCE\\ssim-optun-nce\\trial_0248\\epoch_0001.pt",
  "timestamp": "2026-02-20 14:28:25",
  "matrix_breakdown": {
    "photo": {
      "photo": {
        "count": 10,
        "style_swd": 1.9106676995754241,
        "content_ssim": 0.344250002,
        "classifier_acc": null
      },
      "Hayao": {
        "count": 10,
        "style_swd": 2.184880882501602,
        "content_ssim": 0.33064156199999994,
        "classifier_acc": null
      },
      "monet": {
        "count": 10,
        "style_swd": 1.1392127245664596,
        "content_ssim": 0.34142972499999996,
        "classifier_acc": null
      },
      "cezanne": {
        "count": 10,
        "style_swd": 1.4227811962366104,
        "content_ssim": 0.340464306,
        "classifier_acc": null
      },
      "vangogh": {
        "count": 10,
        "style_swd": 2.4129197120666506,
        "content_ssim": 0.31121940400000003,
        "classifier_acc": null
      }
    },
    "Hayao": {
      "photo": {
        "count": 10,
        "style_swd": 1.8851545929908753,
        "content_ssim": 0.480050285,
        "classifier_acc": null
      },
      "Hayao": {
        "count": 10,
        "style_swd": 1.9176619619131088,
        "content_ssim": 0.45791395799999995,
        "classifier_acc": null
      },
      "monet": {
        "count": 10,
        "style_swd": 1.109213301539421,
        "content_ssim": 0.5244262940000001,
        "classifier_acc": null
      },
      "cezanne": {
        "count": 10,
        "style_swd": 1.186565089225769,
        "content_ssim": 0.548747095,
        "classifier_acc": null
      },
      "vangogh": {
        "count": 10,
        "style_swd": 2.2992777943611147,
        "content_ssim": 0.5262759029999999,
        "classifier_acc": null
      }
    },
    "monet": {
      "photo": {
        "count": 10,
        "style_swd": 1.8158677220344543,
        "content_ssim": 0.32252817200000006,
        "classifier_acc": null
      },
      "Hayao": {
        "count": 10,
        "style_swd": 1.8925959706306457,
        "content_ssim": 0.336008281,
        "classifier_acc": null
      },
      "monet": {
        "count": 10,
        "style_swd": 1.0001362532377243,
        "content_ssim": 0.381604309,
        "classifier_acc": null
      },
      "cezanne": {
        "count": 10,
        "style_swd": 1.12428477704525,
        "content_ssim": 0.390729718,
        "classifier_acc": null
      },
      "vangogh": {
        "count": 10,
        "style_swd": 2.1919889092445373,
        "content_ssim": 0.33499388799999996,
        "classifier_acc": null
      }
    },
    "cezanne": {
      "photo": {
        "count": 10,
        "style_swd": 1.8058477759361267,
        "content_ssim": 0.37098570100000006,
        "classifier_acc": null
      },
      "Hayao": {
        "count": 10,
        "style_swd": 1.8090341866016388,
        "content_ssim": 0.378409203,
        "classifier_acc": null
      },
      "monet": {
        "count": 10,
        "style_swd": 1.0608085572719574,
        "content_ssim": 0.461045951,
        "classifier_acc": null
      },
      "cezanne": {
        "count": 10,
        "style_swd": 1.0982129901647568,
        "content_ssim": 0.48279262,
        "classifier_acc": null
      },
      "vangogh": {
        "count": 10,
        "style_swd": 2.207662636041641,
        "content_ssim": 0.41413021699999997,
        "classifier_acc": null
      }
    },
    "vangogh": {
      "photo": {
        "count": 10,
        "style_swd": 1.8372437059879303,
        "content_ssim": 0.28018965360000003,
        "classifier_acc": null
      },
      "Hayao": {
        "count": 10,
        "style_swd": 1.9535050332546233,
        "content_ssim": 0.29771796400000006,
        "classifier_acc": null
      },
      "monet": {
        "count": 10,
        "style_swd": 1.0886289596557617,
        "content_ssim": 0.33214017300000004,
        "classifier_acc": null
      },
      "cezanne": {
        "count": 10,
        "style_swd": 1.0760112673044204,
        "content_ssim": 0.373746754,
        "classifier_acc": null
      },
      "vangogh": {
        "count": 10,
        "style_swd": 2.1984529316425325,
        "content_ssim": 0.308308571,
        "classifier_acc": null
      }
    }
  },
  "analysis": {
    "style_transfer_ability": {
      "style_swd": 1.6751742397248743,
      "content_ssim": 0.38479401248,
      "classifier_acc": 0.0
    },
    "photo_to_art_performance": {
      "style_swd": 1.7899486288428308,
      "valid": true,
      "classifier_acc": 0.0
    }
  },
  "classification_report": null,
  "detailed_style_metrics": {}
}