{
  "checkpoint": "G:\\GitHub\\Latent_Style\\Cycle-NCE\\ssim-optun-nce\\trial_0241\\epoch_0001.pt",
  "timestamp": "2026-02-20 14:02:37",
  "matrix_breakdown": {
    "photo": {
      "photo": {
        "count": 10,
        "style_swd": 1.9438247978687286,
        "content_ssim": 0.339504538,
        "classifier_acc": null
      },
      "Hayao": {
        "count": 10,
        "style_swd": 2.2878670752048493,
        "content_ssim": 0.34427796600000005,
        "classifier_acc": null
      },
      "monet": {
        "count": 10,
        "style_swd": 1.125430154800415,
        "content_ssim": 0.345505685,
        "classifier_acc": null
      },
      "cezanne": {
        "count": 10,
        "style_swd": 1.3933885365724563,
        "content_ssim": 0.353888006,
        "classifier_acc": null
      },
      "vangogh": {
        "count": 10,
        "style_swd": 2.4469891667366026,
        "content_ssim": 0.31582864200000005,
        "classifier_acc": null
      }
    },
    "Hayao": {
      "photo": {
        "count": 10,
        "style_swd": 1.9429833889007568,
        "content_ssim": 0.48412814299999996,
        "classifier_acc": null
      },
      "Hayao": {
        "count": 10,
        "style_swd": 1.9740121424198152,
        "content_ssim": 0.4841398250000001,
        "classifier_acc": null
      },
      "monet": {
        "count": 10,
        "style_swd": 1.1256910115480423,
        "content_ssim": 0.5623913020000001,
        "classifier_acc": null
      },
      "cezanne": {
        "count": 10,
        "style_swd": 1.227472785115242,
        "content_ssim": 0.5831280779999999,
        "classifier_acc": null
      },
      "vangogh": {
        "count": 10,
        "style_swd": 2.3234287083148955,
        "content_ssim": 0.527230266,
        "classifier_acc": null
      }
    },
    "monet": {
      "photo": {
        "count": 10,
        "style_swd": 1.830857902765274,
        "content_ssim": 0.334086233,
        "classifier_acc": null
      },
      "Hayao": {
        "count": 10,
        "style_swd": 2.0155742704868316,
        "content_ssim": 0.37377300999999996,
        "classifier_acc": null
      },
      "monet": {
        "count": 10,
        "style_swd": 1.0701900452375412,
        "content_ssim": 0.383506261,
        "classifier_acc": null
      },
      "cezanne": {
        "count": 10,
        "style_swd": 1.137999814748764,
        "content_ssim": 0.39658498100000006,
        "classifier_acc": null
      },
      "vangogh": {
        "count": 10,
        "style_swd": 2.1918971657752992,
        "content_ssim": 0.337685477,
        "classifier_acc": null
      }
    },
    "cezanne": {
      "photo": {
        "count": 10,
        "style_swd": 1.8121766865253448,
        "content_ssim": 0.387420507,
        "classifier_acc": null
      },
      "Hayao": {
        "count": 10,
        "style_swd": 1.9196825444698333,
        "content_ssim": 0.43984488,
        "classifier_acc": null
      },
      "monet": {
        "count": 10,
        "style_swd": 1.059652990102768,
        "content_ssim": 0.47322113399999993,
        "classifier_acc": null
      },
      "cezanne": {
        "count": 10,
        "style_swd": 1.0759761393070222,
        "content_ssim": 0.502330781,
        "classifier_acc": null
      },
      "vangogh": {
        "count": 10,
        "style_swd": 2.102669906616211,
        "content_ssim": 0.415821565,
        "classifier_acc": null
      }
    },
    "vangogh": {
      "photo": {
        "count": 10,
        "style_swd": 1.8413904845714568,
        "content_ssim": 0.2853867046,
        "classifier_acc": null
      },
      "Hayao": {
        "count": 10,
        "style_swd": 2.000099903345108,
        "content_ssim": 0.34567564500000003,
        "classifier_acc": null
      },
      "monet": {
        "count": 10,
        "style_swd": 1.121495285630226,
        "content_ssim": 0.339154952,
        "classifier_acc": null
      },
      "cezanne": {
        "count": 10,
        "style_swd": 0.881921723484993,
        "content_ssim": 0.397170962,
        "classifier_acc": null
      },
      "vangogh": {
        "count": 10,
        "style_swd": 2.0723228216171266,
        "content_ssim": 0.30917102300000004,
        "classifier_acc": null
      }
    }
  },
  "analysis": {
    "style_transfer_ability": {
      "style_swd": 1.6894334752857685,
      "content_ssim": 0.40211020693000005,
      "classifier_acc": 0.0
    },
    "photo_to_art_performance": {
      "style_swd": 1.813418733328581,
      "valid": true,
      "classifier_acc": 0.0
    }
  },
  "classification_report": null,
  "detailed_style_metrics": {}
}