{
  "checkpoint": "..\\full-adagn-map16-skipfix-hires1-lossv2\\epoch_0020.pt",
  "timestamp": "2026-02-22 21:29:13",
  "metrics_note": {
    "clip_style": "backward-compatible alias of clip_dir (CLIP directional similarity)",
    "clip_dir": "cos( CLIP(gen)-CLIP(src), CLIP(target_style_proto)-CLIP(src) )",
    "art_fid": "computed as (1 + fid_style) * (1 + content_lpips)"
  },
  "matrix_breakdown": {
    "photo": {
      "photo": {
        "count": 50,
        "clip_dir": 0.32399360358715057,
        "clip_style": 0.32399360358715057,
        "style_lpips": 0.7482093667984009,
        "content_lpips": 0.3000261898,
        "clip_content": 0.8988358726,
        "fid_style": 104.78268251017933,
        "art_fid": 137.52025769053154,
        "classifier_acc": null
      },
      "Hayao": {
        "count": 50,
        "clip_dir": 0.5528570747375489,
        "clip_style": 0.5528570747375489,
        "style_lpips": 0.7451452612876892,
        "content_lpips": 0.5067199606,
        "clip_content": 0.776097074,
        "fid_style": 315.79204825774696,
        "art_fid": 477.3169024693058,
        "classifier_acc": null
      }
    },
    "Hayao": {
      "photo": {
        "count": 50,
        "clip_dir": 0.3074281366169453,
        "clip_style": 0.3074281366169453,
        "style_lpips": 0.7737012314796448,
        "content_lpips": 0.34908686000000005,
        "clip_content": 0.8806610246,
        "fid_style": 334.1358364498227,
        "art_fid": 452.1273532695649,
        "classifier_acc": null
      },
      "Hayao": {
        "count": 50,
        "clip_dir": 0.28752187568694354,
        "clip_style": 0.28752187568694354,
        "style_lpips": 0.7253063976764679,
        "content_lpips": 0.22820096920000002,
        "clip_content": 0.9331718791999998,
        "fid_style": 105.14063406140947,
        "art_fid": 130.36202962572565,
        "classifier_acc": null
      }
    }
  },
  "analysis": {
    "style_transfer_ability": {
      "clip_dir": 0.43014260567724705,
      "clip_style": 0.43014260567724705,
      "content_lpips": 0.4279034103,
      "art_fid": 464.7221278694353,
      "classifier_acc": 0.0
    },
    "photo_to_art_performance": {
      "clip_dir": 0.5528570747375489,
      "clip_style": 0.5528570747375489,
      "art_fid": 477.3169024693058,
      "valid": true,
      "classifier_acc": 0.0
    }
  },
  "classification_report": null,
  "detailed_style_metrics": {}
}