{
  "checkpoint": "../overfit50-style-force/epoch_0020.pt",
  "timestamp": "2026-02-09 20:57:24",
  "matrix_breakdown": {
    "photo": {
      "photo": {
        "count": 50,
        "clip_style": 0.6268439638614655,
        "style_lpips": 0.7496530628204345,
        "content_lpips": 0.30306618960000004,
        "clip_content": 0.8897418739999999,
        "classifier_acc": 0.94
      },
      "Hayao": {
        "count": 50,
        "clip_style": 0.48192703902721407,
        "style_lpips": 0.7936529529094696,
        "content_lpips": 0.3034787164,
        "clip_content": 0.8909604486000002,
        "classifier_acc": 0.06
      }
    },
    "Hayao": {
      "photo": {
        "count": 50,
        "clip_style": 0.4046444523334503,
        "style_lpips": 0.799680757522583,
        "content_lpips": 0.2116489839,
        "clip_content": 0.9376492892,
        "classifier_acc": 0.08
      },
      "Hayao": {
        "count": 50,
        "clip_style": 0.7185824346542359,
        "style_lpips": 0.7247038853168487,
        "content_lpips": 0.21168466120000004,
        "clip_content": 0.9368285797999999,
        "classifier_acc": 0.9
      }
    }
  },
  "analysis": {
    "style_transfer_ability": {
      "clip_style": 0.4432857456803322,
      "content_lpips": 0.25756385015,
      "classifier_acc": 0.07
    },
    "photo_to_art_performance": {
      "clip_style": 0.48192703902721407,
      "valid": true,
      "classifier_acc": 0.06
    }
  },
  "classification_report": {
    "Hayao": {
      "precision": 0.4948453608247423,
      "recall": 0.48,
      "f1-score": 0.4873096446700508,
      "support": 100.0
    },
    "photo": {
      "precision": 0.49514563106796117,
      "recall": 0.51,
      "f1-score": 0.5024630541871922,
      "support": 100.0
    },
    "accuracy": 0.495,
    "macro avg": {
      "precision": 0.4949954959463517,
      "recall": 0.495,
      "f1-score": 0.4948863494286215,
      "support": 200.0
    },
    "weighted avg": {
      "precision": 0.49499549594635167,
      "recall": 0.495,
      "f1-score": 0.4948863494286215,
      "support": 200.0
    }
  },
  "detailed_style_metrics": {
    "Hayao": {
      "precision": 0.4948453608247423,
      "recall": 0.48,
      "f1_score": 0.4873096446700508,
      "support": 100
    },
    "photo": {
      "precision": 0.49514563106796117,
      "recall": 0.51,
      "f1_score": 0.5024630541871922,
      "support": 100
    }
  }
}