experiment_id,epoch,epoch_num,skip_routing_mode,skip_fusion_mode,semantic_attn_temperature,style_attn_temperature,base_dim,num_res_blocks,w_kinetic,w_cycle,terminal_swd_weight,w_color,w_low_freq,w_repulsive,w_nce,low_freq_kernel_size,swd_use_high_freq,swd_patch_sizes,swd_num_projections,semantic_swd_num_projections,batch_size,learning_rate,num_epochs,save_interval,virtual_length_multiplier,clip_style,clip_content,content_lpips,one_minus_content_lpips,all_clip_style,all_clip_content,all_content_lpips,one_minus_all_content_lpips,transfer_clip_style,transfer_clip_content,transfer_content_lpips,one_minus_transfer_content_lpips,clip_style_photo_to_art,clip_content_photo_to_art,content_lpips_photo_to_art,delta_lpips_1_to_3,cmmd_all,dino_structure_all,gram_micro_all,gram_macro_all,cmmd_transfer,dino_structure_transfer,gram_micro_transfer,gram_macro_transfer,cmmd_photo_to_art,dino_structure_photo_to_art,gram_micro_photo_to_art,gram_macro_photo_to_art,status,returncode,summary_exists
01_gold_no_skip,,,none,add_proj,0.08,0.08,96,2,1.0,,20.0,8.0,,0.2,,,True,1|3|5|9,64,,192,0.0003,100,20,1,,,,,,,,,,,,,,,,,,,,,,,,,,,,,config_only,,False
01_gold_no_skip,epoch_0020,20,none,add_proj,0.08,0.08,96,2,1.0,,20.0,8.0,,0.2,,,True,1|3|5|9,64,,192,0.0003,100,20,1,0.7239462329546611,0.6553048308533334,0.6716198343733333,0.3283801656266667,0.7239462329546611,0.6553048308533334,0.6716198343733333,0.3283801656266667,0.7179649140437443,0.65140000615,0.6801840881333333,0.3198159118666667,0.7172579134504,0.6318817775833334,0.7358665955,,,,,,,,,,,,,,ok,0,True
01_gold_no_skip,epoch_0040,40,none,add_proj,0.08,0.08,96,2,1.0,,20.0,8.0,,0.2,,,True,1|3|5|9,64,,192,0.0003,100,20,1,0.7256811312039693,0.63528607212,0.6890679333466666,0.3109320666533334,0.7256811312039693,0.63528607212,0.6890679333466666,0.3109320666533334,0.7213415539264679,0.6312845243666667,0.6980472380833332,0.30195276191666676,0.722386039296786,0.6170952350000001,0.7331562264166667,,,,,,,,,,,,,,ok,0,True
01_gold_no_skip,epoch_0060,60,none,add_proj,0.08,0.08,96,2,1.0,,20.0,8.0,,0.2,,,True,1|3|5|9,64,,192,0.0003,100,20,1,0.727290450334549,0.62706866996,0.7220436669999999,0.2779563330000001,0.727290450334549,0.62706866996,0.7220436669999999,0.2779563330000001,0.7240410742163658,0.6228156020666666,0.73107314935,0.26892685065,0.7277767166495324,0.6030811673333333,0.7769803193333334,,,,,,,,,,,,,,ok,0,True
01_gold_no_skip,epoch_0080,80,none,add_proj,0.08,0.08,96,2,1.0,,20.0,8.0,,0.2,,,True,1|3|5|9,64,,192,0.0003,100,20,1,0.729556171655655,0.6251060244266666,0.7196977403866667,0.2803022596133333,0.729556171655655,0.6251060244266666,0.7196977403866667,0.2803022596133333,0.7266249704360962,0.6208398590166666,0.7281920301,0.2718079699,0.7294493357340495,0.5994137701666666,0.7725624568333332,,,,,,,,,,,,,,ok,0,True
01_gold_no_skip,epoch_0100,100,none,add_proj,0.08,0.08,96,2,1.0,,20.0,8.0,,0.2,,,True,1|3|5|9,64,,192,0.0003,100,20,1,0.7282828404903411,0.6245964343333333,0.7231609054133333,0.27683909458666667,0.7282828404903411,0.6245964343333333,0.7231609054133333,0.27683909458666667,0.7257406069835026,0.6209651140833333,0.7318878193666667,0.2681121806333333,0.7308460061748823,0.5967025329166666,0.76885581525,,,,,,,,,,,,,,ok,0,True
01_omf_swd_15,,,none,add_proj,0.08,0.08,96,2,2.0,,15.0,15.0,,0.1,,,True,1|3|5|9,64,,160,0.0003,160,20,1,,,,,,,,,,,,,,,,,,,,,,,,,,,,,config_only,,False
01_omf_swd_15,epoch_0020,20,none,add_proj,0.08,0.08,96,2,2.0,,15.0,15.0,,0.1,,,True,1|3|5|9,64,,160,0.0003,160,20,1,0.7049340578715007,0.7849944251600001,0.48674325255999995,0.51325674744,0.7049340578715007,0.7849944251600001,0.48674325255999995,0.51325674744,0.6809229051073393,0.7814295361333333,0.4934032419833333,0.5065967580166667,0.6670777300993601,0.7316641845,0.5513256749166666,,,,,,,,,,,,,,ok,0,True
01_omf_swd_15,epoch_0040,40,none,add_proj,0.08,0.08,96,2,2.0,,15.0,15.0,,0.1,,,True,1|3|5|9,64,,160,0.0003,160,20,1,0.704940244237582,0.76905914932,0.5032044007866666,0.4967955992133334,0.704940244237582,0.76905914932,0.5032044007866666,0.4967955992133334,0.6823772079249222,0.7658063447666666,0.5100397561166667,0.48996024388333326,0.6677204459905625,0.7361787031666666,0.5553613021666667,,,,,,,,,,,,,,ok,0,True
01_omf_swd_15,epoch_0060,60,none,add_proj,0.08,0.08,96,2,2.0,,15.0,15.0,,0.1,,,True,1|3|5|9,64,,160,0.0003,160,20,1,0.7084361896514894,0.7646689147733334,0.51141937964,0.48858062036000005,0.7084361896514894,0.7646689147733334,0.51141937964,0.48858062036000005,0.6863108891248704,0.7598340773500001,0.5193526052833333,0.48064739471666673,0.6723251342773438,0.7234807507500002,0.5748334368333332,,,,,,,,,,,,,,ok,0,True
01_omf_swd_15,epoch_0080,80,none,add_proj,0.08,0.08,96,2,2.0,,15.0,15.0,,0.1,,,True,1|3|5|9,64,,160,0.0003,160,20,1,0.7075321538845698,0.7656022224933333,0.5131298037866667,0.4868701962133333,0.7075321538845698,0.7656022224933333,0.5131298037866667,0.4868701962133333,0.6855920781195162,0.7610254193166667,0.52136443565,0.47863556435,0.6692454914251963,0.7363493685000001,0.5704009419166667,,,,,,,,,,,,,,ok,0,True
01_omf_swd_15,epoch_0100,100,none,add_proj,0.08,0.08,96,2,2.0,,15.0,15.0,,0.1,,,True,1|3|5|9,64,,160,0.0003,160,20,1,0.7072038329442342,0.7650552901866666,0.5102738074266666,0.4897261925733334,0.7072038329442342,0.7650552901866666,0.5102738074266666,0.4897261925733334,0.6848749122023582,0.7602635480166666,0.5170109294833334,0.4829890705166666,0.6691843161980311,0.7375397645833333,0.5612920404166667,,,,,,,,,,,,,,ok,0,True
01_omf_swd_15,epoch_0120,120,none,add_proj,0.08,0.08,96,2,2.0,,15.0,15.0,,0.1,,,True,1|3|5|9,64,,160,0.0003,160,20,1,0.7127980196475983,0.7499997727066666,0.5336724866,0.4663275134,0.7127980196475983,0.7499997727066666,0.5336724866,0.4663275134,0.6925269342462221,0.7442091065666666,0.5430018549,0.45699814510000003,0.6783927758534749,0.7203057180833333,0.58236192825,,,,,,,,,,,,,,ok,0,True
01_omf_swd_15,epoch_0140,140,none,add_proj,0.08,0.08,96,2,2.0,,15.0,15.0,,0.1,,,True,1|3|5|9,64,,160,0.0003,160,20,1,0.7128252549568811,0.7447682797866668,0.5434383621600001,0.4565616378399999,0.7128252549568811,0.7447682797866668,0.5434383621600001,0.4565616378399999,0.6929959929486116,0.73915899025,0.5515286666333332,0.4484713333666668,0.6784681901335716,0.7110507751666666,0.5986655725833332,,,,,,,,,,,,,,ok,0,True
01_omf_swd_15,epoch_0160,160,none,add_proj,0.08,0.08,96,2,2.0,,15.0,15.0,,0.1,,,True,1|3|5|9,64,,160,0.0003,160,20,1,0.7127981059948603,0.74034757268,0.5506297620666667,0.4493702379333333,0.7127981059948603,0.74034757268,0.5506297620666667,0.4493702379333333,0.6935304593543211,0.7344734877166668,0.5590680560166666,0.44093194398333335,0.6780821298559506,0.7087141776666666,0.6067737920833333,,,,,,,,,,,,,,ok,0,True
01_strict_anchor,,,none,add_proj,0.08,0.08,96,2,5.0,,15.0,10.0,,0.1,,,True,1|3|5|9,64,,96,0.0003,100,20,1,,,,,,,,,,,,,,,,,,,,,,,,,,,,,config_only,,False
01_strict_anchor,epoch_0020,20,none,add_proj,0.08,0.08,96,2,5.0,,15.0,10.0,,0.1,,,True,1|3|5|9,64,,96,0.0003,100,20,1,0.6888907337387404,0.86234522928,0.38334224545333334,0.6166577545466667,0.6888907337387404,0.86234522928,0.38334224545333334,0.6166577545466667,0.6567738219350576,0.8606231550416668,0.38792759874166677,0.6120724012583332,0.6353615884979567,0.8076506989583334,0.434857887375,,,,,,,,,,,,,,ok,0,True
01_strict_anchor,epoch_0040,40,none,add_proj,0.08,0.08,96,2,5.0,,15.0,10.0,,0.1,,,True,1|3|5|9,64,,96,0.0003,100,20,1,0.6900055877566338,0.8553355426533333,0.3888214843533333,0.6111785156466667,0.6900055877566338,0.8553355426533333,0.3888214843533333,0.6111785156466667,0.6587764385094246,0.85353524085,0.39358048327500006,0.6064195167249999,0.6353179997454086,0.7984660665833334,0.4468746878333334,,,,,,,,,,,,,,ok,0,True
01_strict_anchor,epoch_0060,60,none,add_proj,0.08,0.08,96,2,5.0,,15.0,10.0,,0.1,,,True,1|3|5|9,64,,96,0.0003,100,20,1,0.6956822064320246,0.8432783151466667,0.41508806381333335,0.5849119361866666,0.6956822064320246,0.8432783151466667,0.41508806381333335,0.5849119361866666,0.6662270095447699,0.8420470534666666,0.41966804101666666,0.5803319589833333,0.646567097802957,0.788491304,0.4785895073333334,,,,,,,,,,,,,,ok,0,True
02_balanced_omf,,,none,add_proj,0.08,0.08,96,2,2.0,,25.0,15.0,,0.1,,,True,1|3|5|9,64,,96,0.0003,100,20,1,,,,,,,,,,,,,,,,,,,,,,,,,,,,,config_only,,False
02_gold_norm_skip,,,normalized,add_proj,0.08,0.08,96,2,1.0,,20.0,8.0,,0.2,,,True,1|3|5|9,64,,96,0.0003,100,20,1,,,,,,,,,,,,,,,,,,,,,,,,,,,,,config_only,,False
02_omf_swd_30,,,none,add_proj,0.08,0.08,96,2,2.0,,30.0,15.0,,0.1,,,True,1|3|5|9,64,,160,0.0003,160,20,1,,,,,,,,,,,,,,,,,,,,,,,,,,,,,config_only,,False
02_omf_swd_30,epoch_0020,20,none,add_proj,0.08,0.08,96,2,2.0,,30.0,15.0,,0.1,,,True,1|3|5|9,64,,160,0.0003,160,20,1,0.7071805142164231,0.7693784649200001,0.5085654822800001,0.4914345177199999,0.7071805142164231,0.7693784649200001,0.5085654822800001,0.4914345177199999,0.6853174695869286,0.7653016700833334,0.5161586934499999,0.4838413065500001,0.674985173344612,0.7303074487500001,0.5683709898333333,,,,,,,,,,,,,,ok,0,True
02_omf_swd_30,epoch_0040,40,none,add_proj,0.08,0.08,96,2,2.0,,30.0,15.0,,0.1,,,True,1|3|5|9,64,,160,0.0003,160,20,1,0.7125289045969645,0.7478500250000002,0.5369664716,0.4630335284,0.7125289045969645,0.7478500250000002,0.5369664716,0.4630335284,0.6940693644682566,0.7437632685166669,0.5450994551833334,0.45490054481666664,0.688100125392278,0.7088075740833333,0.6016297368333334,,,,,,,,,,,,,,ok,0,True
02_omf_swd_30,epoch_0060,60,none,add_proj,0.08,0.08,96,2,2.0,,30.0,15.0,,0.1,,,True,1|3|5|9,64,,160,0.0003,160,20,1,0.7130221650600432,0.7452413259066667,0.5400939874799999,0.4599060125200001,0.7130221650600432,0.7452413259066667,0.5400939874799999,0.4599060125200001,0.6942488871018093,0.7396465118333333,0.5490616901333333,0.4509383098666667,0.6841239596406619,0.7111254439999999,0.6024088864166667,,,,,,,,,,,,,,ok,0,True
02_omf_swd_30,epoch_0080,80,none,add_proj,0.08,0.08,96,2,2.0,,30.0,15.0,,0.1,,,True,1|3|5|9,64,,160,0.0003,160,20,1,0.7158245242039363,0.73355150636,0.5578243052533333,0.44217569474666674,0.7158245242039363,0.73355150636,0.5578243052533333,0.44217569474666674,0.6978325681388379,0.7266696500500001,0.5674491295999999,0.43255087040000006,0.6891764829556147,0.7002849369999999,0.61720061,,,,,,,,,,,,,,ok,0,True
02_omf_swd_30,epoch_0100,100,none,add_proj,0.08,0.08,96,2,2.0,,30.0,15.0,,0.1,,,True,1|3|5|9,64,,160,0.0003,160,20,1,0.7165980416536333,0.7285530389733335,0.5700463051866668,0.42995369481333323,0.7165980416536333,0.7285530389733335,0.5700463051866668,0.42995369481333323,0.6994656024873257,0.7223408343,0.5794077618333333,0.4205922381666667,0.6954466233650843,0.6918819819166666,0.6375252160833333,,,,,,,,,,,,,,ok,0,True
02_omf_swd_30,epoch_0120,120,none,add_proj,0.08,0.08,96,2,2.0,,30.0,15.0,,0.1,,,True,1|3|5|9,64,,160,0.0003,160,20,1,0.7173467390537261,0.72103216736,0.5790022949200001,0.4209977050799999,0.7173467390537261,0.72103216736,0.5790022949200001,0.4209977050799999,0.7009634344776472,0.7147512740666667,0.5892283391333334,0.4107716608666666,0.6966112747788429,0.6897609726666666,0.6418091060833333,,,,,,,,,,,,,,ok,0,True
02_omf_swd_30,epoch_0140,140,none,add_proj,0.08,0.08,96,2,2.0,,30.0,15.0,,0.1,,,True,1|3|5|9,64,,160,0.0003,160,20,1,0.7179676600297293,0.7168270136,0.5764964462266667,0.42350355377333326,0.7179676600297293,0.7168270136,0.5764964462266667,0.42350355377333326,0.7018644434213639,0.7093656226499999,0.5867612655666666,0.41323873443333337,0.6911817401647568,0.68496143625,0.6257277155,,,,,,,,,,,,,,ok,0,True
02_omf_swd_30,epoch_0160,160,none,add_proj,0.08,0.08,96,2,2.0,,30.0,15.0,,0.1,,,True,1|3|5|9,64,,160,0.0003,160,20,1,0.7196782594919204,0.7146853246133332,0.58404428984,0.41595571016,0.7196782594919204,0.7146853246133332,0.58404428984,0.41595571016,0.7042275373637675,0.70770920795,0.5946920952999999,0.4053079047000001,0.69535993039608,0.6852484905,0.6427517859166667,,,,,,,,,,,,,,ok,0,True
03_aggressive_style,,,none,add_proj,0.08,0.08,96,2,1.0,,40.0,15.0,,0.1,,,True,1|3|5|9,64,,96,0.0003,100,20,1,,,,,,,,,,,,,,,,,,,,,,,,,,,,,config_only,,False
03_no_repulsive,,,none,add_proj,0.08,0.08,96,2,1.0,,20.0,8.0,,0.0,,,True,1|3|5|9,64,,96,0.0003,100,20,1,,,,,,,,,,,,,,,,,,,,,,,,,,,,,config_only,,False
03_omf_swd_45,,,none,add_proj,0.08,0.08,96,2,2.0,,45.0,15.0,,0.1,,,True,1|3|5|9,64,,160,0.0003,160,20,1,,,,,,,,,,,,,,,,,,,,,,,,,,,,,config_only,,False
03_omf_swd_45,epoch_0020,20,none,add_proj,0.08,0.08,96,2,2.0,,45.0,15.0,,0.1,,,True,1|3|5|9,64,,160,0.0003,160,20,1,0.7121037403742473,0.7644239064533334,0.5186518237200001,0.48134817627999993,0.7121037403742473,0.7644239064533334,0.5186518237200001,0.48134817627999993,0.6913818426926932,0.7594273398666668,0.52639844375,0.47360155625,0.6808457652727763,0.7302304278333334,0.5807863730833334,,,,,,,,,,,,,,ok,0,True
03_omf_swd_45,epoch_0040,40,none,add_proj,0.08,0.08,96,2,2.0,,45.0,15.0,,0.1,,,True,1|3|5|9,64,,160,0.0003,160,20,1,0.7129498631954193,0.7458766635733334,0.5434044379199999,0.4565955620800001,0.7129498631954193,0.7458766635733334,0.5434044379199999,0.4565955620800001,0.6942957958579064,0.7409598706499999,0.5526002800833332,0.4473997199166668,0.6837980598211288,0.7114394090833334,0.6041714319166667,,,,,,,,,,,,,,ok,0,True
03_omf_swd_45,epoch_0060,60,none,add_proj,0.08,0.08,96,2,2.0,,45.0,15.0,,0.1,,,True,1|3|5|9,64,,160,0.0003,160,20,1,0.7152024749120075,0.7300417533333333,0.5572387487733333,0.44276125122666665,0.7152024749120075,0.7300417533333333,0.5572387487733333,0.44276125122666665,0.6983476388454439,0.7248975793333333,0.5662825863166667,0.4337174136833333,0.6900273238619168,0.6986630781666666,0.6179306356666666,,,,,,,,,,,,,,ok,0,True
03_omf_swd_45,epoch_0080,80,none,add_proj,0.08,0.08,96,2,2.0,,45.0,15.0,,0.1,,,True,1|3|5|9,64,,160,0.0003,160,20,1,0.7156269902388255,0.7346599580400002,0.5517356667600001,0.4482643332399999,0.7156269902388255,0.7346599580400002,0.5517356667600001,0.4482643332399999,0.6978470280766487,0.7287277178499999,0.5612001162500001,0.4387998837499999,0.6883352960149448,0.69912823325,0.6019930523333333,,,,,,,,,,,,,,ok,0,True
03_omf_swd_45,epoch_0100,100,none,add_proj,0.08,0.08,96,2,2.0,,45.0,15.0,,0.1,,,True,1|3|5|9,64,,160,0.0003,160,20,1,0.716482699751854,0.7154381760399999,0.5734105074133332,0.4265894925866668,0.716482699751854,0.7154381760399999,0.5734105074133332,0.4265894925866668,0.7007426116367181,0.7081844263666668,0.5830589367833334,0.4169410632166666,0.6938114364941914,0.6803675044999999,0.6269071629999999,,,,,,,,,,,,,,ok,0,True
03_omf_swd_45,epoch_0120,120,none,add_proj,0.08,0.08,96,2,2.0,,45.0,15.0,,0.1,,,True,1|3|5|9,64,,160,0.0003,160,20,1,0.7164815382162729,0.7200637919866666,0.5655272085066667,0.4344727914933333,0.7164815382162729,0.7200637919866666,0.5655272085066667,0.4344727914933333,0.7007774537801742,0.7134029059666666,0.5746262788333334,0.4253737211666666,0.6933744991819063,0.6876794935,0.6161175245833334,,,,,,,,,,,,,,ok,0,True
03_omf_swd_45,epoch_0140,140,none,add_proj,0.08,0.08,96,2,2.0,,45.0,15.0,,0.1,,,True,1|3|5|9,64,,160,0.0003,160,20,1,0.7176598248879116,0.7086686445733332,0.5841556728533334,0.41584432714666664,0.7176598248879116,0.7086686445733332,0.5841556728533334,0.41584432714666664,0.7028773698707422,0.7017142516333335,0.5935096814666666,0.4064903185333334,0.6951976920167605,0.6752724725000001,0.6297769719166666,,,,,,,,,,,,,,ok,0,True
03_omf_swd_45,epoch_0160,160,none,add_proj,0.08,0.08,96,2,2.0,,45.0,15.0,,0.1,,,True,1|3|5|9,64,,160,0.0003,160,20,1,0.7153455798228582,0.7072717824799999,0.5887674772533333,0.41123252274666666,0.7153455798228582,0.7072717824799999,0.5887674772533333,0.41123252274666666,0.7009128094216188,0.7005149105833334,0.5985324045333335,0.40146759546666655,0.6927656034628551,0.6725644015000001,0.6370390200833334,,,,,,,,,,,,,,ok,0,True
04_anchor_kin_only,,,none,add_proj,0.08,0.08,96,2,4.0,,25.0,15.0,,0.1,,,True,1|3|5|9,64,,160,0.0003,160,20,1,,,,,,,,,,,,,,,,,,,,,,,,,,,,,config_only,,False
04_anchor_kin_only,epoch_0020,20,none,add_proj,0.08,0.08,96,2,4.0,,25.0,15.0,,0.1,,,True,1|3|5|9,64,,160,0.0003,160,20,1,0.6979011364380519,0.8214271781466667,0.43757239884,0.56242760116,0.6979011364380519,0.8214271781466667,0.43757239884,0.56242760116,0.6709184749424457,0.8187657211166666,0.44379537706666666,0.5562046229333333,0.6549642237524191,0.7639407708333334,0.5012808869166666,,,,,,,,,,,,,,ok,0,True
04_anchor_kin_only,epoch_0040,40,none,add_proj,0.08,0.08,96,2,4.0,,25.0,15.0,,0.1,,,True,1|3|5|9,64,,160,0.0003,160,20,1,0.7027070617675781,0.8124016794533333,0.4529875207066666,0.5470124792933334,0.7027070617675781,0.8124016794533333,0.4529875207066666,0.5470124792933334,0.6760011973977089,0.8082770377166668,0.45985443446666674,0.5401455655333333,0.6613954285780589,0.7579819436666666,0.5133467812500001,,,,,,,,,,,,,,ok,0,True
04_anchor_kin_only,epoch_0060,60,none,add_proj,0.08,0.08,96,2,4.0,,25.0,15.0,,0.1,,,True,1|3|5|9,64,,160,0.0003,160,20,1,0.7060248226324718,0.8122621448799999,0.45743028008,0.54256971992,0.7060248226324718,0.8122621448799999,0.45743028008,0.54256971992,0.6798792170484861,0.8078462072333332,0.46476423281666673,0.5352357671833332,0.6616808287799358,0.7523754600000001,0.5284061241666667,,,,,,,,,,,,,,ok,0,True
04_anchor_kin_only,epoch_0080,80,none,add_proj,0.08,0.08,96,2,4.0,,25.0,15.0,,0.1,,,True,1|3|5|9,64,,160,0.0003,160,20,1,0.7061495373249055,0.8016934349466667,0.47206319134666663,0.5279368086533334,0.7061495373249055,0.8016934349466667,0.47206319134666663,0.5279368086533334,0.6803526492913564,0.7973833468999999,0.4789037719833333,0.5210962280166667,0.6630303278565407,0.74597018375,0.5345611297499999,,,,,,,,,,,,,,ok,0,True
04_anchor_kin_only,epoch_0100,100,none,add_proj,0.08,0.08,96,2,4.0,,25.0,15.0,,0.1,,,True,1|3|5|9,64,,160,0.0003,160,20,1,0.7095424376328786,0.7951746500933333,0.4816442505066667,0.5183557494933333,0.7095424376328786,0.7951746500933333,0.4816442505066667,0.5183557494933333,0.6850943994522094,0.7899295516333334,0.48905765636666676,0.5109423436333332,0.6645393965144952,0.7464019685833334,0.5383246009999999,,,,,,,,,,,,,,ok,0,True
04_anchor_kin_only,epoch_0120,120,none,add_proj,0.08,0.08,96,2,4.0,,25.0,15.0,,0.1,,,True,1|3|5|9,64,,160,0.0003,160,20,1,0.7112513513565064,0.7801492504266666,0.49874380547999997,0.50125619452,0.7112513513565064,0.7801492504266666,0.49874380547999997,0.50125619452,0.6878295991818111,0.7751200102166667,0.5059536932333334,0.4940463067666666,0.6713002882897854,0.7328039446666665,0.5569578109166666,,,,,,,,,,,,,,ok,0,True
04_anchor_kin_only,epoch_0140,140,none,add_proj,0.08,0.08,96,2,4.0,,25.0,15.0,,0.1,,,True,1|3|5|9,64,,160,0.0003,160,20,1,0.7131838506460189,0.7785586877866666,0.5093396284,0.4906603716,0.7131838506460189,0.7785586877866666,0.5093396284,0.4906603716,0.6903755849103134,0.7730139929666666,0.5174050305666666,0.48259496943333335,0.6721477049092451,0.7256724560000001,0.5765121206666667,,,,,,,,,,,,,,ok,0,True
04_anchor_kin_only,epoch_0160,160,none,add_proj,0.08,0.08,96,2,4.0,,25.0,15.0,,0.1,,,True,1|3|5|9,64,,160,0.0003,160,20,1,0.711700397570928,0.7808614422266668,0.50268723344,0.49731276656,0.711700397570928,0.7808614422266668,0.50268723344,0.49731276656,0.6887830702463784,0.7753876420666668,0.5114208395333334,0.4885791604666666,0.6692430051664511,0.7315656441666666,0.5569468178333333,,,,,,,,,,,,,,ok,0,True
04_arch_skip,,,normalized,add_proj,0.08,0.08,96,2,2.0,,25.0,15.0,,0.1,,,True,1|3|5|9,64,,96,0.0003,100,20,1,,,,,,,,,,,,,,,,,,,,,,,,,,,,,config_only,,False
04_repulsive_05,,,none,add_proj,0.08,0.08,96,2,1.0,,20.0,8.0,,0.5,,,True,1|3|5|9,64,,96,0.0003,100,20,1,,,,,,,,,,,,,,,,,,,,,,,,,,,,,config_only,,False
05_anchor_ot_mse_only,,,none,add_proj,0.08,0.08,96,2,0.0,,25.0,15.0,,0.1,,,True,1|3|5|9,64,,160,0.0003,160,20,1,,,,,,,,,,,,,,,,,,,,,,,,,,,,,config_only,,False
05_anchor_ot_mse_only,epoch_0020,20,none,add_proj,0.08,0.08,96,2,0.0,,25.0,15.0,,0.1,,,True,1|3|5|9,64,,160,0.0003,160,20,1,0.6958234320481619,0.6129513039066666,0.7231403805066666,0.2768596194933334,0.6958234320481619,0.6129513039066666,0.7231403805066666,0.2768596194933334,0.6908740171790122,0.61032086315,0.7280091859500001,0.2719908140499999,0.6897789652148882,0.6302758175833333,0.7519625943333333,,,,,,,,,,,,,,ok,0,True
05_anchor_ot_mse_only,epoch_0040,40,none,add_proj,0.08,0.08,96,2,0.0,,25.0,15.0,,0.1,,,True,1|3|5|9,64,,160,0.0003,160,20,1,0.68529616856575,0.5903040726800001,0.7384492716133333,0.2615507283866667,0.68529616856575,0.5903040726800001,0.7384492716133333,0.2615507283866667,0.681972403426965,0.5882343180999999,0.7419468087333333,0.2580531912666667,0.6822131708264351,0.6194601816666667,0.7641656045833334,,,,,,,,,,,,,,ok,0,True
05_anchor_ot_mse_only,epoch_0060,60,none,add_proj,0.08,0.08,96,2,0.0,,25.0,15.0,,0.1,,,True,1|3|5|9,64,,160,0.0003,160,20,1,0.6839082214832307,0.5878589360533334,0.7470489793333335,0.2529510206666665,0.6839082214832307,0.5878589360533334,0.7470489793333335,0.2529510206666665,0.6816285911202431,0.58689709995,0.75010601905,0.24989398095000004,0.6789293617010117,0.6179110752500001,0.7744706884166667,,,,,,,,,,,,,,ok,0,True
05_anchor_ot_mse_only,epoch_0080,80,none,add_proj,0.08,0.08,96,2,0.0,,25.0,15.0,,0.1,,,True,1|3|5|9,64,,160,0.0003,160,20,1,0.682743524869283,0.5828727427066667,0.7603913933466666,0.2396086066533334,0.682743524869283,0.5828727427066667,0.7603913933466666,0.2396086066533334,0.6812035937110582,0.5822160660666668,0.7632740858833333,0.23672591411666666,0.6742124353845914,0.6149917139166666,0.7874667949166666,,,,,,,,,,,,,,ok,0,True
05_anchor_ot_mse_only,epoch_0100,100,none,add_proj,0.08,0.08,96,2,0.0,,25.0,15.0,,0.1,,,True,1|3|5|9,64,,160,0.0003,160,20,1,0.6833751304944354,0.5841952745333334,0.7569978005733334,0.24300219942666657,0.6833751304944354,0.5841952745333334,0.7569978005733334,0.24300219942666657,0.6815600318710009,0.5833698848333334,0.7598324514666666,0.24016754853333344,0.6746147270003954,0.6183755625,0.7772101416666667,,,,,,,,,,,,,,ok,0,True
05_anchor_ot_mse_only,epoch_0120,120,none,add_proj,0.08,0.08,96,2,0.0,,25.0,15.0,,0.1,,,True,1|3|5|9,64,,160,0.0003,160,20,1,0.6835898275375365,0.5834622734933333,0.7642814762800001,0.2357185237199999,0.6835898275375365,0.5834622734933333,0.7642814762800001,0.2357185237199999,0.6820130517085394,0.5827778515166666,0.7671004646000001,0.23289953539999986,0.6735456938544909,0.6158941915833334,0.7851079063333334,,,,,,,,,,,,,,ok,0,True
05_anchor_ot_mse_only,epoch_0140,140,none,add_proj,0.08,0.08,96,2,0.0,,25.0,15.0,,0.1,,,True,1|3|5|9,64,,160,0.0003,160,20,1,0.6818995237350464,0.5816554950133334,0.7639687333733334,0.23603126662666662,0.6818995237350464,0.5816554950133334,0.7639687333733334,0.23603126662666662,0.6804128634929658,0.5810197220666666,0.7664140230333333,0.23358597696666672,0.6716825385888419,0.6136273585,0.7831376364166667,,,,,,,,,,,,,,ok,0,True
05_anchor_ot_mse_only,epoch_0160,160,none,add_proj,0.08,0.08,96,2,0.0,,25.0,15.0,,0.1,,,True,1|3|5|9,64,,160,0.0003,160,20,1,0.6821769110361735,0.5824355623999999,0.76215424688,0.23784575312,0.6821769110361735,0.5824355623999999,0.76215424688,0.23784575312,0.6805895416935286,0.5817634945333333,0.7645355602,0.23546443979999998,0.6697284196813902,0.6157811002500001,0.7810600583333334,,,,,,,,,,,,,,ok,0,True
05_color_05,,,none,add_proj,0.08,0.08,96,2,2.0,,25.0,0.0,,0.1,,,True,1|3|5|9,64,,96,0.0003,100,20,1,,,,,,,,,,,,,,,,,,,,,,,,,,,,,config_only,,False
06_anchor_skip_only,,,normalized,add_proj,0.08,0.08,96,2,0.0,,25.0,15.0,,0.1,,,True,1|3|5|9,64,,160,0.0003,160,20,1,,,,,,,,,,,,,,,,,,,,,,,,,,,,,config_only,,False
06_anchor_skip_only,epoch_0020,20,normalized,add_proj,0.08,0.08,96,2,0.0,,25.0,15.0,,0.1,,,True,1|3|5|9,64,,160,0.0003,160,20,1,0.7369167456626893,0.6003037275733334,0.84510209572,0.15489790428000005,0.7369167456626893,0.6003037275733334,0.84510209572,0.15489790428000005,0.7363001481691995,0.5947107129833333,0.8528383468666666,0.1471616531333334,0.7347892676790555,0.5675516688333333,0.9053010244166665,,,,,,,,,,,,,,ok,0,True
06_anchor_skip_only,epoch_0040,40,normalized,add_proj,0.08,0.08,96,2,0.0,,25.0,15.0,,0.1,,,True,1|3|5|9,64,,160,0.0003,160,20,1,0.7297360932826996,0.5995700948133333,0.8440675911466667,0.15593240885333326,0.7297360932826996,0.5995700948133333,0.8440675911466667,0.15593240885333326,0.7295630286137262,0.5955412372666667,0.8518770437000001,0.14812295629999994,0.7290161003669102,0.56747321825,0.89071084425,,,,,,,,,,,,,,ok,0,True
06_anchor_skip_only,epoch_0060,60,normalized,add_proj,0.08,0.08,96,2,0.0,,25.0,15.0,,0.1,,,True,1|3|5|9,64,,160,0.0003,160,20,1,0.7208439428806305,0.5940199854933333,0.8419639113866667,0.1580360886133333,0.7208439428806305,0.5940199854933333,0.8419639113866667,0.1580360886133333,0.7205732215444246,0.5910197926833332,0.8491385303166666,0.15086146968333336,0.71552235831817,0.5672331955,0.8896192495833333,,,,,,,,,,,,,,ok,0,True
06_anchor_skip_only,epoch_0080,80,normalized,add_proj,0.08,0.08,96,2,0.0,,25.0,15.0,,0.1,,,True,1|3|5|9,64,,160,0.0003,160,20,1,0.7307649312019348,0.5982856358933334,0.8683377606666667,0.13166223933333332,0.7307649312019348,0.5982856358933334,0.8683377606666667,0.13166223933333332,0.7303465650478997,0.5936633545166666,0.8755206405500001,0.12447935944999988,0.7277426396807035,0.5667197385833334,0.928375692,,,,,,,,,,,,,,ok,0,True
06_anchor_skip_only,epoch_0100,100,normalized,add_proj,0.08,0.08,96,2,0.0,,25.0,15.0,,0.1,,,True,1|3|5|9,64,,160,0.0003,160,20,1,0.7249647223154705,0.5937982487466666,0.85700082364,0.14299917636000004,0.7249647223154705,0.5937982487466666,0.85700082364,0.14299917636000004,0.72496065924565,0.5900294908000001,0.8650813532333332,0.13491864676666676,0.7206388736764591,0.5704601864166667,0.8967879146666666,,,,,,,,,,,,,,ok,0,True
06_anchor_skip_only,epoch_0120,120,normalized,add_proj,0.08,0.08,96,2,0.0,,25.0,15.0,,0.1,,,True,1|3|5|9,64,,160,0.0003,160,20,1,0.7249523072242736,0.5933215314933333,0.8714830684533332,0.12851693154666677,0.7249523072242736,0.5933215314933333,0.8714830684533332,0.12851693154666677,0.724983085890611,0.5892905086500001,0.8786711038666667,0.12132889613333331,0.7216956093907356,0.5675539044166668,0.922648079,,,,,,,,,,,,,,ok,0,True
06_color_12,,,none,add_proj,0.08,0.08,96,2,1.0,,20.0,12.0,,0.2,,,True,1|3|5|9,64,,96,0.0003,100,20,1,,,,,,,,,,,,,,,,,,,,,,,,,,,,,config_only,,False
06_high_color,,,none,add_proj,0.08,0.08,96,2,2.0,,25.0,30.0,,0.1,,,True,1|3|5|9,64,,96,0.0003,100,20,1,,,,,,,,,,,,,,,,,,,,,,,,,,,,,config_only,,False
07_anchor_hybrid_all,,,normalized,add_proj,0.08,0.08,96,2,2.0,,25.0,15.0,,0.1,,,True,1|3|5|9,64,,160,0.0003,160,20,1,,,,,,,,,,,,,,,,,,,,,,,,,,,,,config_only,,False
07_anchor_hybrid_all,epoch_0020,20,normalized,add_proj,0.08,0.08,96,2,2.0,,25.0,15.0,,0.1,,,True,1|3|5|9,64,,160,0.0003,160,20,1,0.7231286210219064,0.6652053183733334,0.66318524932,0.33681475068,0.7231286210219064,0.6652053183733334,0.66318524932,0.33681475068,0.7157607054710389,0.6618523839166667,0.6704940137666667,0.32950598623333327,0.7263687367240588,0.6146727693333334,0.7252596766666667,,,,,,,,,,,,,,ok,0,True
07_anchor_hybrid_all,epoch_0040,40,normalized,add_proj,0.08,0.08,96,2,2.0,,25.0,15.0,,0.1,,,True,1|3|5|9,64,,160,0.0003,160,20,1,0.7222246530056,0.64998462296,0.6792339785066666,0.32076602149333344,0.7222246530056,0.64998462296,0.6792339785066666,0.32076602149333344,0.71664306640625,0.6465243646166667,0.6863032499666667,0.3136967500333333,0.7224477112293244,0.6070743129166667,0.7374166266666667,,,,,,,,,,,,,,ok,0,True
07_anchor_hybrid_all,epoch_0060,60,normalized,add_proj,0.08,0.08,96,2,2.0,,25.0,15.0,,0.1,,,True,1|3|5|9,64,,160,0.0003,160,20,1,0.724336640516917,0.6476231623466666,0.6805085984533333,0.31949140154666666,0.724336640516917,0.6476231623466666,0.6805085984533333,0.31949140154666666,0.7185999899109204,0.6432523972166667,0.6875911733166666,0.31240882668333336,0.7249323849876721,0.60121313275,0.7384571094166666,,,,,,,,,,,,,,ok,0,True
07_anchor_hybrid_all,epoch_0080,80,normalized,add_proj,0.08,0.08,96,2,2.0,,25.0,15.0,,0.1,,,True,1|3|5|9,64,,160,0.0003,160,20,1,0.7182656484444935,0.6325130191866666,0.6975402439333334,0.30245975606666664,0.7182656484444935,0.6325130191866666,0.6975402439333334,0.30245975606666664,0.7139138318101564,0.6288317314833333,0.7054157555166667,0.2945842444833333,0.7201934198538462,0.5903129029166667,0.7530329415,,,,,,,,,,,,,,ok,0,True
07_anchor_hybrid_all,epoch_0100,100,normalized,add_proj,0.08,0.08,96,2,2.0,,25.0,15.0,,0.1,,,True,1|3|5|9,64,,160,0.0003,160,20,1,0.7192267457644144,0.6129857827466667,0.7325672044400001,0.2674327955599999,0.7192267457644144,0.6129857827466667,0.7325672044400001,0.2674327955599999,0.7172150887052218,0.6090092748,0.73913495555,0.26086504445,0.7231481750806172,0.5846966700833333,0.7860428460833333,,,,,,,,,,,,,,ok,0,True
07_anchor_hybrid_all,epoch_0120,120,normalized,add_proj,0.08,0.08,96,2,2.0,,25.0,15.0,,0.1,,,True,1|3|5|9,64,,160,0.0003,160,20,1,0.7133320873578388,0.5985761805333333,0.752690661,0.24730933899999996,0.7133320873578388,0.5985761805333333,0.752690661,0.24730933899999996,0.7120552816987037,0.59443061995,0.7591386562666667,0.24086134373333334,0.7179159065087637,0.5762673395,0.80207704825,,,,,,,,,,,,,,ok,0,True
07_anchor_hybrid_all,epoch_0140,140,normalized,add_proj,0.08,0.08,96,2,2.0,,25.0,15.0,,0.1,,,True,1|3|5|9,64,,160,0.0003,160,20,1,0.7145298749605814,0.6003602378,0.7609811382266666,0.23901886177333342,0.7145298749605814,0.6003602378,0.7609811382266666,0.23901886177333342,0.7136088647445044,0.5966920239833333,0.7680849089999999,0.23191509100000007,0.7181964432199797,0.5761949286666667,0.8108151555833333,,,,,,,,,,,,,,ok,0,True
07_anchor_hybrid_all,epoch_0160,160,normalized,add_proj,0.08,0.08,96,2,2.0,,25.0,15.0,,0.1,,,True,1|3|5|9,64,,160,0.0003,160,20,1,0.7092033640543619,0.5953430697200001,0.7602828464266668,0.23971715357333323,0.7092033640543619,0.5953430697200001,0.7602828464266668,0.23971715357333323,0.7079830543200175,0.5916195109333334,0.7663644503833333,0.23363554961666666,0.7108488803108534,0.5733108365,0.804979762,,,,,,,,,,,,,,ok,0,True
07_pure_physics,,,none,add_proj,0.08,0.08,96,2,4.0,,30.0,0.0,,0.0,,,True,1|3|5|9,64,,96,0.0003,100,20,1,,,,,,,,,,,,,,,,,,,,,,,,,,,,,config_only,,False
07_swd_10,,,none,add_proj,0.08,0.08,96,2,1.0,,10.0,8.0,,0.2,,,True,1|3|5|9,64,,96,0.0003,100,20,1,,,,,,,,,,,,,,,,,,,,,,,,,,,,,config_only,,False
08_color_00,,,none,add_proj,0.08,0.08,96,2,2.0,,25.0,0.0,,0.1,,,True,1|3|5|9,64,,160,0.0003,160,20,1,,,,,,,,,,,,,,,,,,,,,,,,,,,,,config_only,,False
08_heavy_repulsive,,,none,add_proj,0.08,0.08,96,2,2.0,,25.0,15.0,,0.5,,,True,1|3|5|9,64,,96,0.0003,100,20,1,,,,,,,,,,,,,,,,,,,,,,,,,,,,,config_only,,False
08_swd_30,,,none,add_proj,0.08,0.08,96,2,1.0,,30.0,8.0,,0.2,,,True,1|3|5|9,64,,96,0.0003,100,20,1,,,,,,,,,,,,,,,,,,,,,,,,,,,,,config_only,,False
09_color_25,,,none,add_proj,0.08,0.08,96,2,2.0,,25.0,25.0,,0.1,,,True,1|3|5|9,64,,160,0.0003,160,20,1,,,,,,,,,,,,,,,,,,,,,,,,,,,,,config_only,,False
09_kinetic_05,,,none,add_proj,0.08,0.08,96,2,0.5,,20.0,8.0,,0.2,,,True,1|3|5|9,64,,96,0.0003,100,20,1,,,,,,,,,,,,,,,,,,,,,,,,,,,,,config_only,,False
10_color_50,,,none,add_proj,0.08,0.08,96,2,2.0,,25.0,50.0,,0.1,,,True,1|3|5|9,64,,160,0.0003,160,20,1,,,,,,,,,,,,,,,,,,,,,,,,,,,,,config_only,,False
10_kinetic_20_norm_skip,,,normalized,add_proj,0.08,0.08,96,2,2.0,,20.0,8.0,,0.2,,,True,1|3|5|9,64,,96,0.0003,100,20,1,,,,,,,,,,,,,,,,,,,,,,,,,,,,,config_only,,False
11_repel_00,,,none,add_proj,0.08,0.08,96,2,2.0,,25.0,15.0,,0.0,,,True,1|3|5|9,64,,160,0.0003,160,20,1,,,,,,,,,,,,,,,,,,,,,,,,,,,,,config_only,,False
12_repel_05,,,none,add_proj,0.08,0.08,96,2,2.0,,25.0,15.0,,0.5,,,True,1|3|5|9,64,,160,0.0003,160,20,1,,,,,,,,,,,,,,,,,,,,,,,,,,,,,config_only,,False
13_repel_10,,,none,add_proj,0.08,0.08,96,2,2.0,,25.0,15.0,,1.0,,,True,1|3|5|9,64,,160,0.0003,160,20,1,,,,,,,,,,,,,,,,,,,,,,,,,,,,,config_only,,False
14_extreme_free_flow,,,none,add_proj,0.08,0.08,96,2,0.0,,40.0,15.0,,0.2,,,True,1|3|5|9,64,,160,0.0003,160,20,1,,,,,,,,,,,,,,,,,,,,,,,,,,,,,config_only,,False
15_extreme_stiff_ode,,,normalized,add_proj,0.08,0.08,96,2,8.0,,10.0,10.0,,0.0,,,True,1|3|5|9,64,,160,0.0003,160,20,1,,,,,,,,,,,,,,,,,,,,,,,,,,,,,config_only,,False
16_the_god_weight,,,normalized,add_proj,0.08,0.08,96,2,1.5,,30.0,15.0,,0.2,,,True,1|3|5|9,64,,160,0.0003,160,20,1,,,,,,,,,,,,,,,,,,,,,,,,,,,,,config_only,,False
E001,,,normalized,add_proj,0.12,0.08,64,4,2.0,0.5,10.0,0.0,0.0,0.0,0.0,7,False,3|5|7|15,64,64,,0.0002,8,1,1.0,,,,,,,,,,,,,,,,,,,,,,,,,,,,,config_only,,False
E001,epoch_0001,1,normalized,add_proj,0.12,0.08,64,4,2.0,0.5,10.0,0.0,0.0,0.0,0.0,7,False,3|5|7|15,64,64,32,0.0002,8,1,1.0,0.6926341841220855,0.8887192863200001,0.35536054904,0.64463945096,0.6926341841220855,0.8887192863200001,0.35536054904,0.64463945096,0.6590195403496424,0.8848699013833332,0.3644919322333333,0.6355080677666667,0.6276853375136853,0.8567055768333333,0.3846659994166667,0.004740636759999972,,,,,,,,,,,,,ok,0,True
E001,epoch_0002,2,normalized,add_proj,0.12,0.08,64,4,2.0,0.5,10.0,0.0,0.0,0.0,0.0,7,False,3|5|7|15,64,64,32,0.0002,8,1,1.0,0.6939006962378821,0.8868694336,0.35790317742666666,0.6420968225733333,0.6939006962378821,0.8868694336,0.35790317742666666,0.6420968225733333,0.6603930515547594,0.8823637176833332,0.3676467942,0.6323532058,0.627273760487636,0.8587001323333332,0.389343952,0.004740636759999972,,,,,,,,,,,,,ok,0,True
E001,epoch_0003,3,normalized,add_proj,0.12,0.08,64,4,2.0,0.5,10.0,0.0,0.0,0.0,0.0,7,False,3|5|7|15,64,64,32,0.0002,8,1,1.0,0.6954550660451254,0.8851956610799999,0.36010118579999995,0.6398988142,0.6954550660451254,0.8851956610799999,0.36010118579999995,0.6398988142,0.6623349708318711,0.88053577225,0.37005349964999995,0.62994650035,0.6292205323775609,0.8578413083333334,0.39436777525,0.004740636759999972,,,,,,,,,,,,,ok,0,True
E001,epoch_0004,4,normalized,add_proj,0.12,0.08,64,4,2.0,0.5,10.0,0.0,0.0,0.0,0.0,7,False,3|5|7|15,64,64,32,0.0002,8,1,1.0,0.6957050650517147,0.8830339109466668,0.36075841223999994,0.6392415877600001,0.6957050650517147,0.8830339109466668,0.36075841223999994,0.6392415877600001,0.6627561179300148,0.8783450906000001,0.3705854482666666,0.6294145517333334,0.6293264210224152,0.8553801095,0.39218949916666673,0.004740636759999972,,,,,,,,,,,,,ok,0,True
E001,epoch_0005,5,normalized,add_proj,0.12,0.08,64,4,2.0,0.5,10.0,0.0,0.0,0.0,0.0,7,False,3|5|7|15,64,64,32,0.0002,8,1,1.0,0.6955766874949137,0.8812272501866666,0.36202751672000005,0.63797248328,0.6955766874949137,0.8812272501866666,0.36202751672000005,0.63797248328,0.6626695424318314,0.8763405294833335,0.3716128761666667,0.6283871238333333,0.6297930106520653,0.851634808,0.3884352324166667,0.004740636759999972,,,,,,,,,,,,,ok,0,True
E001,epoch_0006,6,normalized,add_proj,0.12,0.08,64,4,2.0,0.5,10.0,0.0,0.0,0.0,0.0,7,False,3|5|7|15,64,64,32,0.0002,8,1,1.0,0.6956749472220739,0.8788711002666666,0.36407282313333333,0.6359271768666667,0.6956749472220739,0.8788711002666666,0.36407282313333333,0.6359271768666667,0.6629386517902216,0.8738880878333333,0.37353659829999997,0.6264634017,0.6310830441613992,0.8492199769166666,0.3887654878333334,0.004740636759999972,,,,,,,,,,,,,ok,0,True
E001,epoch_0007,7,normalized,add_proj,0.12,0.08,64,4,2.0,0.5,10.0,0.0,0.0,0.0,0.0,7,False,3|5|7|15,64,64,32,0.0002,8,1,1.0,0.6953819921811422,0.87879453712,0.3653387394666667,0.6346612605333333,0.6953819921811422,0.87879453712,0.3653387394666667,0.6346612605333333,0.6625253714124362,0.8738495706166667,0.3748771323166667,0.6251228676833334,0.6294807200630506,0.84936557475,0.38706622500000004,0.004740636759999972,,,,,,,,,,,,,ok,0,True
E001,epoch_0008,8,normalized,add_proj,0.12,0.08,64,4,2.0,0.5,10.0,0.0,0.0,0.0,0.0,7,False,3|5|7|15,64,64,32,0.0002,8,1,1.0,0.6944602833191554,0.8804775778533334,0.36480288853333326,0.6351971114666668,0.6944602833191554,0.8804775778533334,0.36480288853333326,0.6351971114666668,0.6612473155558108,0.8754321577333333,0.37439880706666656,0.6256011929333334,0.627173121025165,0.8520383090833333,0.3811517903333333,0.004740636759999972,,,,,,,,,,,,,ok,0,True
E002,,,normalized,add_proj,0.12,0.08,64,4,2.0,0.5,12.5,0.0,0.0,0.0,0.0,7,False,3|5|7|15,64,64,,0.0002,8,1,1.0,,,,,,,,,,,,,,,,,,,,,,,,,,,,,config_only,,False
E002,epoch_0001,1,normalized,add_proj,0.12,0.08,64,4,2.0,0.5,12.5,0.0,0.0,0.0,0.0,7,False,3|5|7|15,64,64,32,0.0002,8,1,1.0,0.6945621633927027,0.8840052765333334,0.36235312897333327,0.6376468710266667,0.6945621633927027,0.8840052765333334,0.36235312897333327,0.6376468710266667,0.6613251984616121,0.8794915614166665,0.37170499116666667,0.6282950088333333,0.6311567261815071,0.8494155184166666,0.3925186724166667,0.00781823434666673,,,,,,,,,,,,,ok,0,True
E002,epoch_0002,2,normalized,add_proj,0.12,0.08,64,4,2.0,0.5,12.5,0.0,0.0,0.0,0.0,7,False,3|5|7|15,64,64,32,0.0002,8,1,1.0,0.6954387443463007,0.8826295997066667,0.36528054290666667,0.6347194570933333,0.6954387443463007,0.8826295997066667,0.36528054290666667,0.6347194570933333,0.6622559455533823,0.8779912469,0.3748951796,0.6251048204,0.6301058453818162,0.8528900255833334,0.3992353106666666,0.00781823434666673,,,,,,,,,,,,,ok,0,True
E002,epoch_0003,3,normalized,add_proj,0.12,0.08,64,4,2.0,0.5,12.5,0.0,0.0,0.0,0.0,7,False,3|5|7|15,64,64,32,0.0002,8,1,1.0,0.6965430256525675,0.87928273536,0.37017136332,0.62982863668,0.6965430256525675,0.87928273536,0.37017136332,0.62982863668,0.6639428838094077,0.8743990161666668,0.38030837841666665,0.6196916215833334,0.6329674512147903,0.8504462351666666,0.4055511079166666,0.00781823434666673,,,,,,,,,,,,,ok,0,True
E002,epoch_0004,4,normalized,add_proj,0.12,0.08,64,4,2.0,0.5,12.5,0.0,0.0,0.0,0.0,7,False,3|5|7|15,64,64,32,0.0002,8,1,1.0,0.6976934065818786,0.8766910537866667,0.37334642628,0.6266535737200001,0.6976934065818786,0.8766910537866667,0.37334642628,0.6266535737200001,0.6652913644909859,0.8716020178833335,0.3833988930166667,0.6166011069833333,0.63666889021794,0.8454461983333333,0.41071685300000005,0.00781823434666673,,,,,,,,,,,,,ok,0,True
E002,epoch_0005,5,normalized,add_proj,0.12,0.08,64,4,2.0,0.5,12.5,0.0,0.0,0.0,0.0,7,False,3|5|7|15,64,64,32,0.0002,8,1,1.0,0.6973983384370804,0.8743296794266666,0.37434086245333326,0.6256591375466667,0.6973983384370804,0.8743296794266666,0.37434086245333326,0.6256591375466667,0.6650866765280564,0.8691760306666667,0.3841658109,0.6158341891,0.6377066714068254,0.8439822692500001,0.4071458065,0.00781823434666673,,,,,,,,,,,,,ok,0,True
E002,epoch_0006,6,normalized,add_proj,0.12,0.08,64,4,2.0,0.5,12.5,0.0,0.0,0.0,0.0,7,False,3|5|7|15,64,64,32,0.0002,8,1,1.0,0.6977147604624432,0.8717628328799999,0.3758259805733333,0.6241740194266667,0.6977147604624432,0.8717628328799999,0.3758259805733333,0.6241740194266667,0.6656211470564207,0.8664206466166668,0.3857459819166667,0.6142540180833334,0.6373473418255647,0.8418972585833334,0.40364559925000004,0.00781823434666673,,,,,,,,,,,,,ok,0,True
E002,epoch_0007,7,normalized,add_proj,0.12,0.08,64,4,2.0,0.5,12.5,0.0,0.0,0.0,0.0,7,False,3|5|7|15,64,64,32,0.0002,8,1,1.0,0.6976966413656871,0.8716765277333333,0.37718978716,0.6228102128399999,0.6976966413656871,0.8716765277333333,0.37718978716,0.6228102128399999,0.6654456472396849,0.8663652498833334,0.3872600629833334,0.6127399370166666,0.6376767203211784,0.84175100525,0.403115119,0.00781823434666673,,,,,,,,,,,,,ok,0,True
E002,epoch_0008,8,normalized,add_proj,0.12,0.08,64,4,2.0,0.5,12.5,0.0,0.0,0.0,0.0,7,False,3|5|7|15,64,64,32,0.0002,8,1,1.0,0.6966702275276184,0.8731461265066666,0.37602588952,0.6239741104800001,0.6966702275276184,0.8731461265066666,0.37602588952,0.6239741104800001,0.6641105458140373,0.8679207269999999,0.38611046991666664,0.6138895300833334,0.6351155524452528,0.8439870980000002,0.39626839399999997,0.00781823434666673,,,,,,,,,,,,,ok,0,True
E003,,,normalized,add_proj,0.12,0.08,64,4,2.0,0.5,15.0,0.0,0.0,0.0,0.0,7,False,3|5|7|15,64,64,,0.0002,8,1,1.0,,,,,,,,,,,,,,,,,,,,,,,,,,,,,config_only,,False
E003,epoch_0001,1,normalized,add_proj,0.12,0.08,64,4,2.0,0.5,15.0,0.0,0.0,0.0,0.0,7,False,3|5|7|15,64,64,32,0.0002,8,1,1.0,0.6960824354489644,0.87878688572,0.36979761654666676,0.6302023834533332,0.6960824354489644,0.87878688572,0.36979761654666676,0.6302023834533332,0.6633886936306952,0.8740292162333334,0.37915267651666673,0.6208473234833333,0.6358523763716222,0.8411920319999999,0.402416233,0.007971385653333163,,,,,,,,,,,,,ok,0,True
E003,epoch_0002,2,normalized,add_proj,0.12,0.08,64,4,2.0,0.5,15.0,0.0,0.0,0.0,0.0,7,False,3|5|7|15,64,64,32,0.0002,8,1,1.0,0.6970132543643315,0.8772639867866667,0.37411683611999996,0.62588316388,0.6970132543643315,0.8772639867866667,0.37411683611999996,0.62588316388,0.664383858392636,0.8724897990333333,0.38374419785,0.61625580215,0.6366167689363162,0.8435048439166666,0.41257665849999997,0.007971385653333163,,,,,,,,,,,,,ok,0,True
E003,epoch_0003,3,normalized,add_proj,0.12,0.08,64,4,2.0,0.5,15.0,0.0,0.0,0.0,0.0,7,False,3|5|7|15,64,64,32,0.0002,8,1,1.0,0.6985311297972997,0.8736818060533333,0.3777690021999999,0.6222309978,0.6985311297972997,0.8736818060533333,0.3777690021999999,0.6222309978,0.6663990524907908,0.8686033634166668,0.3875144462666667,0.6124855537333334,0.6386531330645084,0.8410206166666666,0.41774512433333333,0.007971385653333163,,,,,,,,,,,,,ok,0,True
E003,epoch_0004,4,normalized,add_proj,0.12,0.08,64,4,2.0,0.5,15.0,0.0,0.0,0.0,0.0,7,False,3|5|7|15,64,64,32,0.0002,8,1,1.0,0.6990735548337301,0.8711781302666668,0.3807323000533333,0.6192676999466666,0.6990735548337301,0.8711781302666668,0.3807323000533333,0.6192676999466666,0.6672127396861712,0.8660696401499999,0.3905109570833333,0.6094890429166667,0.6405047843853633,0.8388654498333334,0.4195704104166667,0.007971385653333163,,,,,,,,,,,,,ok,0,True
E003,epoch_0005,5,normalized,add_proj,0.12,0.08,64,4,2.0,0.5,15.0,0.0,0.0,0.0,0.0,7,False,3|5|7|15,64,64,32,0.0002,8,1,1.0,0.6992776932319006,0.8691349492666666,0.3810251853333334,0.6189748146666666,0.6992776932319006,0.8691349492666666,0.3810251853333334,0.6189748146666666,0.6675450117886068,0.8639508743333334,0.39067412971666665,0.6093258702833333,0.6400236239035925,0.838979857,0.414538472,0.007971385653333163,,,,,,,,,,,,,ok,0,True
E003,epoch_0006,6,normalized,add_proj,0.12,0.08,64,4,2.0,0.5,15.0,0.0,0.0,0.0,0.0,7,False,3|5|7|15,64,64,32,0.0002,8,1,1.0,0.6991999480724336,0.8668755383600001,0.3820407577733333,0.6179592422266666,0.6991999480724336,0.8668755383600001,0.3820407577733333,0.6179592422266666,0.6675361133615175,0.8614589424999999,0.39176497713333325,0.6082350228666668,0.6398322882751624,0.83832534675,0.4110201366666667,0.007971385653333163,,,,,,,,,,,,,ok,0,True
E003,epoch_0007,7,normalized,add_proj,0.12,0.08,64,4,2.0,0.5,15.0,0.0,0.0,0.0,0.0,7,False,3|5|7|15,64,64,32,0.0002,8,1,1.0,0.6995750759442647,0.86583070004,0.3838896102,0.6161103898,0.6995750759442647,0.86583070004,0.3838896102,0.6161103898,0.6678697405258814,0.8601226072333334,0.3938641998,0.6061358002,0.6403694175183773,0.8364419765,0.41047881383333334,0.007971385653333163,,,,,,,,,,,,,ok,0,True
E003,epoch_0008,8,normalized,add_proj,0.12,0.08,64,4,2.0,0.5,15.0,0.0,0.0,0.0,0.0,7,False,3|5|7|15,64,64,32,0.0002,8,1,1.0,0.6989344284534456,0.8670765965333334,0.38283603668,0.61716396332,0.6989344284534456,0.8670765965333334,0.38283603668,0.61716396332,0.6670025210579237,0.8614475690833332,0.3929298044833333,0.6070701955166666,0.6382260245581468,0.8381292199166667,0.4042884881666666,0.007971385653333163,,,,,,,,,,,,,ok,0,True
E004,,,normalized,add_proj,0.12,0.08,64,4,2.0,1.0,10.0,0.0,0.0,0.0,0.0,7,False,3|5|7|15,64,64,,0.0002,8,1,1.0,,,,,,,,,,,,,,,,,,,,,,,,,,,,,config_only,,False
E004,epoch_0001,1,normalized,add_proj,0.12,0.08,64,4,2.0,1.0,10.0,0.0,0.0,0.0,0.0,7,False,3|5|7|15,64,64,32,0.0002,8,1,1.0,0.6897604650259018,0.8923004137733334,0.3473221315866666,0.6526778684133334,0.6897604650259018,0.8923004137733334,0.3473221315866666,0.6526778684133334,0.6556087984144686,0.8887458576666667,0.3561866919,0.6438133080999999,0.6207928344607354,0.8660064393333333,0.3668864513333333,0.006650893986666795,,,,,,,,,,,,,ok,0,True
E004,epoch_0002,2,normalized,add_proj,0.12,0.08,64,4,2.0,1.0,10.0,0.0,0.0,0.0,0.0,7,False,3|5|7|15,64,64,32,0.0002,8,1,1.0,0.6919654168685279,0.8900313326266667,0.3522134522533332,0.6477865477466668,0.6919654168685279,0.8900313326266667,0.3522134522533332,0.6477865477466668,0.6582479055225848,0.8859116480000001,0.36241732098333335,0.6375826790166667,0.6229431293904781,0.8671594485833334,0.37582485941666666,0.006650893986666795,,,,,,,,,,,,,ok,0,True
E004,epoch_0003,3,normalized,add_proj,0.12,0.08,64,4,2.0,1.0,10.0,0.0,0.0,0.0,0.0,7,False,3|5|7|15,64,64,32,0.0002,8,1,1.0,0.6933049372434616,0.8886433990399999,0.3539730255733334,0.6460269744266667,0.6933049372434616,0.8886433990399999,0.3539730255733334,0.6460269744266667,0.6600277578334015,0.8844668930833335,0.3643025823833334,0.6356974176166665,0.6238865735630194,0.8656611147500001,0.38296321308333336,0.006650893986666795,,,,,,,,,,,,,ok,0,True
E004,epoch_0004,4,normalized,add_proj,0.12,0.08,64,4,2.0,1.0,10.0,0.0,0.0,0.0,0.0,7,False,3|5|7|15,64,64,32,0.0002,8,1,1.0,0.6939519103765488,0.8880837924933332,0.3544495227066667,0.6455504772933334,0.6939519103765488,0.8880837924933332,0.3544495227066667,0.6455504772933334,0.6606369427343209,0.8836956351000002,0.3646923716,0.6353076284,0.6247112892568112,0.86421049025,0.38395249858333336,0.006650893986666795,,,,,,,,,,,,,ok,0,True
E004,epoch_0005,5,normalized,add_proj,0.12,0.08,64,4,2.0,1.0,10.0,0.0,0.0,0.0,0.0,7,False,3|5|7|15,64,64,32,0.0002,8,1,1.0,0.6941884107589722,0.8869632833733333,0.3554017990933333,0.6445982009066666,0.6941884107589722,0.8869632833733333,0.3554017990933333,0.6445982009066666,0.6608444152275721,0.8824073377999999,0.36528848606666664,0.6347115139333334,0.6244712171455225,0.8632903727500001,0.3810908595,0.006650893986666795,,,,,,,,,,,,,ok,0,True
E004,epoch_0006,6,normalized,add_proj,0.12,0.08,64,4,2.0,1.0,10.0,0.0,0.0,0.0,0.0,7,False,3|5|7|15,64,64,32,0.0002,8,1,1.0,0.6940522257089614,0.8841888406666666,0.35709380696,0.64290619304,0.6940522257089614,0.8841888406666666,0.35709380696,0.64290619304,0.6609652387599151,0.8793805875,0.3668915262333333,0.6331084737666667,0.6259223138292631,0.8592666561666665,0.3800153635833333,0.006650893986666795,,,,,,,,,,,,,ok,0,True
E004,epoch_0007,7,normalized,add_proj,0.12,0.08,64,4,2.0,1.0,10.0,0.0,0.0,0.0,0.0,7,False,3|5|7|15,64,64,32,0.0002,8,1,1.0,0.6946505835056304,0.8825676301466666,0.3595249087066667,0.6404750912933332,0.6946505835056304,0.8825676301466666,0.3595249087066667,0.6404750912933332,0.6615431780616442,0.8776211789833332,0.36948817171666665,0.6305118282833333,0.6267391967276732,0.8568803105,0.3835939711666667,0.006650893986666795,,,,,,,,,,,,,ok,0,True
E004,epoch_0008,8,normalized,add_proj,0.12,0.08,64,4,2.0,1.0,10.0,0.0,0.0,0.0,0.0,7,False,3|5|7|15,64,64,32,0.0002,8,1,1.0,0.6933517204523086,0.8853377078266667,0.3569774243733333,0.6430225756266668,0.6933517204523086,0.8853377078266667,0.3569774243733333,0.6430225756266668,0.6598239457110564,0.8805819131833333,0.36676935891666673,0.6332306410833333,0.6238294328252475,0.8607782944166668,0.374536836,0.006650893986666795,,,,,,,,,,,,,ok,0,True
E005,,,normalized,add_proj,0.12,0.08,64,4,2.0,1.0,12.5,0.0,0.0,0.0,0.0,7,False,3|5|7|15,64,64,,0.0002,8,1,1.0,,,,,,,,,,,,,,,,,,,,,,,,,,,,,config_only,,False
E005,epoch_0001,1,normalized,add_proj,0.12,0.08,64,4,2.0,1.0,12.5,0.0,0.0,0.0,0.0,7,False,3|5|7|15,64,64,32,0.0002,8,1,1.0,0.6928639390468596,0.8877458862666667,0.3569103607466667,0.6430896392533333,0.6928639390468596,0.8877458862666667,0.3569103607466667,0.6430896392533333,0.6593936249613763,0.8836034332666667,0.36628740753333333,0.6337125924666667,0.6269845356543859,0.8572046882500001,0.38468403375,0.005863198586666618,,,,,,,,,,,,,ok,0,True
E005,epoch_0002,2,normalized,add_proj,0.12,0.08,64,4,2.0,1.0,12.5,0.0,0.0,0.0,0.0,7,False,3|5|7|15,64,64,32,0.0002,8,1,1.0,0.6947504418691,0.8858395191466667,0.36121473576,0.63878526424,0.6947504418691,0.8858395191466667,0.36121473576,0.63878526424,0.6614973305662473,0.8813208234166666,0.37144029264999995,0.62855970735,0.6275500863790512,0.8595614645833332,0.3910507769166667,0.005863198586666618,,,,,,,,,,,,,ok,0,True
E005,epoch_0003,3,normalized,add_proj,0.12,0.08,64,4,2.0,1.0,12.5,0.0,0.0,0.0,0.0,7,False,3|5|7|15,64,64,32,0.0002,8,1,1.0,0.6953990503549576,0.8841355507466667,0.36277355933333333,0.6372264406666667,0.6953990503549576,0.8841355507466667,0.36277355933333333,0.6372264406666667,0.6624832643568516,0.8794475813166669,0.37330977258333337,0.6266902274166666,0.6288291566073894,0.858803996,0.3975654233333334,0.005863198586666618,,,,,,,,,,,,,ok,0,True
E005,epoch_0004,4,normalized,add_proj,0.12,0.08,64,4,2.0,1.0,12.5,0.0,0.0,0.0,0.0,7,False,3|5|7|15,64,64,32,0.0002,8,1,1.0,0.6965188546180727,0.8817613986666666,0.3665204827333334,0.6334795172666666,0.6965188546180727,0.8817613986666666,0.3665204827333334,0.6334795172666666,0.6638651448488235,0.8769674477833334,0.37702430458333336,0.6229756954166666,0.631359526515007,0.85479379925,0.40362809675000005,0.005863198586666618,,,,,,,,,,,,,ok,0,True
E005,epoch_0005,5,normalized,add_proj,0.12,0.08,64,4,2.0,1.0,12.5,0.0,0.0,0.0,0.0,7,False,3|5|7|15,64,64,32,0.0002,8,1,1.0,0.696530091961225,0.8797815099199999,0.36690483912,0.63309516088,0.696530091961225,0.8797815099199999,0.36690483912,0.63309516088,0.6640540338059266,0.8749305808666665,0.37709793989999996,0.6229020601,0.6318549955884616,0.8532091993333334,0.3989533580833333,0.005863198586666618,,,,,,,,,,,,,ok,0,True
E005,epoch_0006,6,normalized,add_proj,0.12,0.08,64,4,2.0,1.0,12.5,0.0,0.0,0.0,0.0,7,False,3|5|7|15,64,64,32,0.0002,8,1,1.0,0.6972491034269334,0.8761405487733334,0.37014221903999994,0.6298577809600001,0.6972491034269334,0.8761405487733334,0.37014221903999994,0.6298577809600001,0.6650724660853545,0.87092710765,0.3803351864833333,0.6196648135166667,0.6341206520795822,0.8484115817500001,0.39878716233333333,0.005863198586666618,,,,,,,,,,,,,ok,0,True
E005,epoch_0007,7,normalized,add_proj,0.12,0.08,64,4,2.0,1.0,12.5,0.0,0.0,0.0,0.0,7,False,3|5|7|15,64,64,32,0.0002,8,1,1.0,0.6974374307394028,0.8753431604533333,0.37156094969333336,0.6284390503066666,0.6974374307394028,0.8753431604533333,0.37156094969333336,0.6284390503066666,0.6652146015067896,0.8702708281666667,0.38175970030000006,0.6182402996999999,0.6351115942001343,0.8466710465833333,0.3990443233333334,0.005863198586666618,,,,,,,,,,,,,ok,0,True
E005,epoch_0008,8,normalized,add_proj,0.12,0.08,64,4,2.0,1.0,12.5,0.0,0.0,0.0,0.0,7,False,3|5|7|15,64,64,32,0.0002,8,1,1.0,0.6964275718132654,0.8770201626799999,0.37105800732,0.62894199268,0.6964275718132654,0.8770201626799999,0.37105800732,0.62894199268,0.6638079564273357,0.8719029704666668,0.3812622,0.6187378,0.632205879688263,0.8504442174166668,0.3923903267500001,0.005863198586666618,,,,,,,,,,,,,ok,0,True
E006,,,normalized,add_proj,0.12,0.08,64,4,2.0,1.0,15.0,0.0,0.0,0.0,0.0,7,False,3|5|7|15,64,64,,0.0002,8,1,1.0,,,,,,,,,,,,,,,,,,,,,,,,,,,,,config_only,,False
E006,epoch_0001,1,normalized,add_proj,0.12,0.08,64,4,2.0,1.0,15.0,0.0,0.0,0.0,0.0,7,False,3|5|7|15,64,64,32,0.0002,8,1,1.0,0.6940734929243724,0.8840916052266665,0.36233166870666667,0.6376683312933333,0.6940734929243724,0.8840916052266665,0.36233166870666667,0.6376683312933333,0.6609804732600848,0.8796929370333333,0.3718217173500001,0.62817828265,0.6298957640926044,0.8516431921666667,0.39064881208333335,0.00864551717333334,,,,,,,,,,,,,ok,0,True
E006,epoch_0002,2,normalized,add_proj,0.12,0.08,64,4,2.0,1.0,15.0,0.0,0.0,0.0,0.0,7,False,3|5|7|15,64,64,32,0.0002,8,1,1.0,0.6951867870489755,0.8822339125466668,0.36594314387999993,0.6340568561200001,0.6951867870489755,0.8822339125466668,0.36594314387999993,0.6340568561200001,0.6621440192063651,0.8774545642333333,0.37607711699999996,0.6239228830000001,0.6301891709367434,0.8544210980833332,0.3988232964999999,0.00864551717333334,,,,,,,,,,,,,ok,0,True
E006,epoch_0003,3,normalized,add_proj,0.12,0.08,64,4,2.0,1.0,15.0,0.0,0.0,0.0,0.0,7,False,3|5|7|15,64,64,32,0.0002,8,1,1.0,0.6966906307538351,0.8796320702399999,0.37097718588,0.62902281412,0.6966906307538351,0.8796320702399999,0.37097718588,0.62902281412,0.664038816690445,0.8748210962499998,0.38131459231666665,0.6186854076833334,0.6330152722696463,0.8528534301666666,0.4087425308333334,0.00864551717333334,,,,,,,,,,,,,ok,0,True
E006,epoch_0004,4,normalized,add_proj,0.12,0.08,64,4,2.0,1.0,15.0,0.0,0.0,0.0,0.0,7,False,3|5|7|15,64,64,32,0.0002,8,1,1.0,0.6979632822275161,0.8769676371866667,0.37444585589333335,0.6255541441066667,0.6979632822275161,0.8769676371866667,0.37444585589333335,0.6255541441066667,0.6656377073625724,0.8720666502166668,0.3847143280833333,0.6152856719166667,0.6360504689315954,0.8482737165833334,0.41555381399999997,0.00864551717333334,,,,,,,,,,,,,ok,0,True
E006,epoch_0005,5,normalized,add_proj,0.12,0.08,64,4,2.0,1.0,15.0,0.0,0.0,0.0,0.0,7,False,3|5|7|15,64,64,32,0.0002,8,1,1.0,0.6976403030554456,0.8746163298933333,0.3748226057599999,0.6251773942400001,0.6976403030554456,0.8746163298933333,0.3748226057599999,0.6251773942400001,0.6652814853191376,0.8694801358833333,0.3849362052666666,0.6150637947333334,0.6364007065693538,0.8446156364166667,0.4104149100833333,0.00864551717333334,,,,,,,,,,,,,ok,0,True
E006,epoch_0006,6,normalized,add_proj,0.12,0.08,64,4,2.0,1.0,15.0,0.0,0.0,0.0,0.0,7,False,3|5|7|15,64,64,32,0.0002,8,1,1.0,0.6983160318930944,0.8715052632533333,0.37612707140000007,0.6238729286,0.6983160318930944,0.8715052632533333,0.37612707140000007,0.6238729286,0.666264457354943,0.86622430445,0.3861679809333333,0.6138320190666666,0.6376476377248763,0.8413512898333334,0.40775215249999996,0.00864551717333334,,,,,,,,,,,,,ok,0,True
E006,epoch_0007,7,normalized,add_proj,0.12,0.08,64,4,2.0,1.0,15.0,0.0,0.0,0.0,0.0,7,False,3|5|7|15,64,64,32,0.0002,8,1,1.0,0.6986669756571452,0.8709480240533334,0.3775457895333333,0.6224542104666667,0.6986669756571452,0.8709480240533334,0.3775457895333333,0.6224542104666667,0.6665988627076149,0.8657171980833333,0.3876889100333334,0.6123110899666666,0.6384311586618424,0.8412227868333334,0.4070994235,0.00864551717333334,,,,,,,,,,,,,ok,0,True
E006,epoch_0008,8,normalized,add_proj,0.12,0.08,64,4,2.0,1.0,15.0,0.0,0.0,0.0,0.0,7,False,3|5|7|15,64,64,32,0.0002,8,1,1.0,0.6977504293123882,0.8725694649733333,0.3770896897066666,0.6229103102933333,0.6977504293123882,0.8725694649733333,0.3770896897066666,0.6229103102933333,0.6654201257228851,0.86725907725,0.38727183266666665,0.6127281673333334,0.6356190676490465,0.8443594575833333,0.4004654925,0.00864551717333334,,,,,,,,,,,,,ok,0,True
E007,,,normalized,add_proj,0.12,0.08,64,4,2.0,1.5,10.0,0.0,0.0,0.0,0.0,7,False,3|5|7|15,64,64,,0.0002,8,1,1.0,,,,,,,,,,,,,,,,,,,,,,,,,,,,,config_only,,False
E007,epoch_0001,1,normalized,add_proj,0.12,0.08,64,4,2.0,1.5,10.0,0.0,0.0,0.0,0.0,7,False,3|5|7|15,64,64,32,0.0002,8,1,1.0,0.6885521805286408,0.89380939272,0.34630093736,0.65369906264,0.6885521805286408,0.89380939272,0.34630093736,0.65369906264,0.6542308527231218,0.8904829484833334,0.35528672201666667,0.6447132779833333,0.6177067582805951,0.8692748603333333,0.36424675108333326,0.0017480607466666132,,,,,,,,,,,,,ok,0,True
E007,epoch_0002,2,normalized,add_proj,0.12,0.08,64,4,2.0,1.5,10.0,0.0,0.0,0.0,0.0,7,False,3|5|7|15,64,64,32,0.0002,8,1,1.0,0.6904849069515865,0.89164159048,0.35056910773333333,0.6494308922666667,0.6904849069515865,0.89164159048,0.35056910773333333,0.6494308922666667,0.6566469250619412,0.8877039135,0.3609373725833334,0.6390626274166666,0.6195798282821973,0.8722294584166665,0.3695311921666667,0.0017480607466666132,,,,,,,,,,,,,ok,0,True
E007,epoch_0003,3,normalized,add_proj,0.12,0.08,64,4,2.0,1.5,10.0,0.0,0.0,0.0,0.0,7,False,3|5|7|15,64,64,32,0.0002,8,1,1.0,0.6912205860217412,0.8929897450533333,0.3480489981066666,0.6519510018933334,0.6912205860217412,0.8929897450533333,0.3480489981066666,0.6519510018933334,0.6572910812993843,0.8889764323,0.3584356797666667,0.6415643202333333,0.6191536563138167,0.8738044331666667,0.37167915241666666,0.0017480607466666132,,,,,,,,,,,,,ok,0,True
E007,epoch_0004,4,normalized,add_proj,0.12,0.08,64,4,2.0,1.5,10.0,0.0,0.0,0.0,0.0,7,False,3|5|7|15,64,64,32,0.0002,8,1,1.0,0.691169553319613,0.8928114486933333,0.34639477021333337,0.6536052297866666,0.691169553319613,0.8928114486933333,0.34639477021333337,0.6536052297866666,0.6572130068639914,0.8887627654333332,0.35652445555,0.64347554445,0.6182754004995028,0.8730491388333335,0.36906287341666666,0.0017480607466666132,,,,,,,,,,,,,ok,0,True
E007,epoch_0005,5,normalized,add_proj,0.12,0.08,64,4,2.0,1.5,10.0,0.0,0.0,0.0,0.0,7,False,3|5|7|15,64,64,32,0.0002,8,1,1.0,0.6916810967922211,0.8914433705200001,0.34889122464000005,0.65110877536,0.6916810967922211,0.8914433705200001,0.34889122464000005,0.65110877536,0.6578183737397193,0.8872756160833333,0.3586612596,0.6413387403999999,0.62016623194019,0.869766944,0.37102009700000005,0.0017480607466666132,,,,,,,,,,,,,ok,0,True
E007,epoch_0006,6,normalized,add_proj,0.12,0.08,64,4,2.0,1.5,10.0,0.0,0.0,0.0,0.0,7,False,3|5|7|15,64,64,32,0.0002,8,1,1.0,0.6919549041986466,0.8882127360933333,0.3521187601333333,0.6478812398666667,0.6919549041986466,0.8882127360933333,0.3521187601333333,0.6478812398666667,0.6584313389162222,0.8839168692833335,0.3618717300666666,0.6381282699333334,0.6217684494952361,0.865288872,0.37233455974999996,0.0017480607466666132,,,,,,,,,,,,,ok,0,True
E007,epoch_0007,7,normalized,add_proj,0.12,0.08,64,4,2.0,1.5,10.0,0.0,0.0,0.0,0.0,7,False,3|5|7|15,64,64,32,0.0002,8,1,1.0,0.6927727141777674,0.88621507548,0.3549142770266666,0.6450857229733333,0.6927727141777674,0.88621507548,0.3549142770266666,0.6450857229733333,0.6593735315899054,0.8818039136833333,0.36479215936666665,0.6352078406333334,0.6235031505425771,0.86227905775,0.3759561416666667,0.0017480607466666132,,,,,,,,,,,,,ok,0,True
E007,epoch_0008,8,normalized,add_proj,0.12,0.08,64,4,2.0,1.5,10.0,0.0,0.0,0.0,0.0,7,False,3|5|7|15,64,64,32,0.0002,8,1,1.0,0.6914442491531374,0.8880740465733332,0.3534825026666666,0.6465174973333334,0.6914442491531374,0.8880740465733332,0.3534825026666666,0.6465174973333334,0.6576768600940704,0.8838224446666667,0.3632683786833333,0.6367316213166667,0.6205746869246165,0.86606149175,0.36868893424999993,0.0017480607466666132,,,,,,,,,,,,,ok,0,True
E008,,,normalized,add_proj,0.12,0.08,64,4,2.0,1.5,12.5,0.0,0.0,0.0,0.0,7,False,3|5|7|15,64,64,,0.0002,8,1,1.0,,,,,,,,,,,,,,,,,,,,,,,,,,,,,config_only,,False
E008,epoch_0001,1,normalized,add_proj,0.12,0.08,64,4,2.0,1.5,12.5,0.0,0.0,0.0,0.0,7,False,3|5|7|15,64,64,32,0.0002,8,1,1.0,0.6907747722069424,0.8909901214133332,0.3515894558933333,0.6484105441066668,0.6907747722069424,0.8909901214133332,0.3515894558933333,0.6484105441066668,0.6568443757792314,0.8872559618500002,0.3608381010666667,0.6391618989333333,0.6226091856757799,0.8640622275833333,0.37365761833333333,0.0051322389866666485,,,,,,,,,,,,,ok,0,True
E008,epoch_0002,2,normalized,add_proj,0.12,0.08,64,4,2.0,1.5,12.5,0.0,0.0,0.0,0.0,7,False,3|5|7|15,64,64,32,0.0002,8,1,1.0,0.6931860539913177,0.88885360228,0.35495122550666663,0.6450487744933333,0.6931860539913177,0.88885360228,0.35495122550666663,0.6450487744933333,0.6595881897211074,0.8844725587833333,0.36533117093333334,0.6346688290666667,0.624247583001852,0.8673888097499999,0.38028929491666663,0.0051322389866666485,,,,,,,,,,,,,ok,0,True
E008,epoch_0003,3,normalized,add_proj,0.12,0.08,64,4,2.0,1.5,12.5,0.0,0.0,0.0,0.0,7,False,3|5|7|15,64,64,32,0.0002,8,1,1.0,0.6939370222886403,0.8875758846266666,0.35672169487999994,0.6432783051200001,0.6939370222886403,0.8875758846266666,0.35672169487999994,0.6432783051200001,0.6607481551170349,0.8831891699666666,0.36720318396666674,0.6327968160333333,0.6254525894920031,0.86550343375,0.38642191991666663,0.0051322389866666485,,,,,,,,,,,,,ok,0,True
E008,epoch_0004,4,normalized,add_proj,0.12,0.08,64,4,2.0,1.5,12.5,0.0,0.0,0.0,0.0,7,False,3|5|7|15,64,64,32,0.0002,8,1,1.0,0.6952570657332738,0.8859030470266667,0.3590291364266667,0.6409708635733333,0.6952570657332738,0.8859030470266667,0.3590291364266667,0.6409708635733333,0.6622622409959634,0.8813589310000001,0.3694487232,0.6305512768,0.6279838254054387,0.8629622553333333,0.39141997900000003,0.0051322389866666485,,,,,,,,,,,,,ok,0,True
E008,epoch_0005,5,normalized,add_proj,0.12,0.08,64,4,2.0,1.5,12.5,0.0,0.0,0.0,0.0,7,False,3|5|7|15,64,64,32,0.0002,8,1,1.0,0.6953953226804732,0.8841579812,0.3609131757866667,0.6390868242133333,0.6953953226804732,0.8841579812,0.3609131757866667,0.6390868242133333,0.6625603706141312,0.8795552303833334,0.37092403806666663,0.6290759619333334,0.6288782042761644,0.86137082525,0.39028972358333336,0.0051322389866666485,,,,,,,,,,,,,ok,0,True
E008,epoch_0006,6,normalized,add_proj,0.12,0.08,64,4,2.0,1.5,12.5,0.0,0.0,0.0,0.0,7,False,3|5|7|15,64,64,32,0.0002,8,1,1.0,0.6956038474241893,0.88100165308,0.36298343194666666,0.6370165680533333,0.6956038474241893,0.88100165308,0.36298343194666666,0.6370165680533333,0.6629211670160295,0.8761515791833334,0.3729463291166667,0.6270536708833333,0.6303154821197192,0.8577264054166667,0.38912211816666664,0.0051322389866666485,,,,,,,,,,,,,ok,0,True
E008,epoch_0007,7,normalized,add_proj,0.12,0.08,64,4,2.0,1.5,12.5,0.0,0.0,0.0,0.0,7,False,3|5|7|15,64,64,32,0.0002,8,1,1.0,0.6955639946460724,0.8802141845199999,0.36410045284,0.63589954716,0.6955639946460724,0.8802141845199999,0.36410045284,0.63589954716,0.6628624789913495,0.8753708586666666,0.37430063086666665,0.6256993691333333,0.6308455223838487,0.8549359160000001,0.39040686441666667,0.0051322389866666485,,,,,,,,,,,,,ok,0,True
E008,epoch_0008,8,normalized,add_proj,0.12,0.08,64,4,2.0,1.5,12.5,0.0,0.0,0.0,0.0,7,False,3|5|7|15,64,64,32,0.0002,8,1,1.0,0.6942838505506517,0.8822287335466666,0.3628464695866667,0.6371535304133333,0.6942838505506517,0.8822287335466666,0.3628464695866667,0.6371535304133333,0.6611419933537643,0.8775151446166666,0.3730223031666666,0.6269776968333334,0.627298295746247,0.8596769225,0.3827033310000001,0.0051322389866666485,,,,,,,,,,,,,ok,0,True
E009,,,normalized,add_proj,0.12,0.08,64,4,2.0,1.5,15.0,0.0,0.0,0.0,0.0,7,False,3|5|7|15,64,64,,0.0002,8,1,1.0,,,,,,,,,,,,,,,,,,,,,,,,,,,,,config_only,,False
E009,epoch_0001,1,normalized,add_proj,0.12,0.08,64,4,2.0,1.5,15.0,0.0,0.0,0.0,0.0,7,False,3|5|7|15,64,64,32,0.0002,8,1,1.0,0.6934591746330261,0.8865337309733333,0.36067363020000004,0.6393263698,0.6934591746330261,0.8865337309733333,0.36067363020000004,0.6393263698,0.6601050514976184,0.882194623,0.37036660936666665,0.6296333906333333,0.6281827032566071,0.8568120875,0.38734948016666665,0.002039021986666667,,,,,,,,,,,,,ok,0,True
E009,epoch_0002,2,normalized,add_proj,0.12,0.08,64,4,2.0,1.5,15.0,0.0,0.0,0.0,0.0,7,False,3|5|7|15,64,64,32,0.0002,8,1,1.0,0.6942707260449729,0.8856408961199999,0.36033208821333335,0.6396679117866666,0.6942707260449729,0.8856408961199999,0.36033208821333335,0.6396679117866666,0.6608453875780106,0.8808707153000002,0.37068630453333334,0.6293136954666667,0.6260443372031053,0.8612223300833335,0.38827692908333333,0.002039021986666667,,,,,,,,,,,,,ok,0,True
E009,epoch_0003,3,normalized,add_proj,0.12,0.08,64,4,2.0,1.5,15.0,0.0,0.0,0.0,0.0,7,False,3|5|7|15,64,64,32,0.0002,8,1,1.0,0.6951578164498011,0.88344381976,0.3627126521866667,0.6372873478133333,0.6951578164498011,0.88344381976,0.3627126521866667,0.6372873478133333,0.6620531598230203,0.8787224527666668,0.3733689489666667,0.6266310510333333,0.6274890887240568,0.8603313868333333,0.39493603575,0.002039021986666667,,,,,,,,,,,,,ok,0,True
E009,epoch_0004,4,normalized,add_proj,0.12,0.08,64,4,2.0,1.5,15.0,0.0,0.0,0.0,0.0,7,False,3|5|7|15,64,64,32,0.0002,8,1,1.0,0.6969894426663715,0.8803976562533333,0.36742992652,0.6325700734799999,0.6969894426663715,0.8803976562533333,0.36742992652,0.6325700734799999,0.6643870395421981,0.87554472785,0.37813876006666663,0.6218612399333334,0.6311779926220575,0.8555528513333334,0.4028705543333333,0.002039021986666667,,,,,,,,,,,,,ok,0,True
E009,epoch_0005,5,normalized,add_proj,0.12,0.08,64,4,2.0,1.5,15.0,0.0,0.0,0.0,0.0,7,False,3|5|7|15,64,64,32,0.0002,8,1,1.0,0.6977558796405792,0.8778493354933333,0.3700463032666667,0.6299536967333332,0.6977558796405792,0.8778493354933333,0.3700463032666667,0.6299536967333332,0.6653652833898862,0.8727157839166667,0.38057815943333334,0.6194218405666667,0.6331941902637482,0.8520007535,0.40381821041666666,0.002039021986666667,,,,,,,,,,,,,ok,0,True
E009,epoch_0006,6,normalized,add_proj,0.12,0.08,64,4,2.0,1.5,15.0,0.0,0.0,0.0,0.0,7,False,3|5|7|15,64,64,32,0.0002,8,1,1.0,0.6979657436609267,0.87355516584,0.3730701872933333,0.6269298127066667,0.6979657436609267,0.87355516584,0.3730701872933333,0.6269298127066667,0.6656935660541057,0.8681001788333333,0.38358750736666664,0.6164124926333334,0.6350454136729241,0.8468903066666666,0.40443296075,0.002039021986666667,,,,,,,,,,,,,ok,0,True
E009,epoch_0007,7,normalized,add_proj,0.12,0.08,64,4,2.0,1.5,15.0,0.0,0.0,0.0,0.0,7,False,3|5|7|15,64,64,32,0.0002,8,1,1.0,0.6983937684694926,0.87247506456,0.37480889841333337,0.6251911015866667,0.6983937684694926,0.87247506456,0.37480889841333337,0.6251911015866667,0.6662738278508186,0.8669869706,0.38546621125,0.61453378875,0.6355074678858121,0.8453630619166667,0.40408052858333343,0.002039021986666667,,,,,,,,,,,,,ok,0,True
E009,epoch_0008,8,normalized,add_proj,0.12,0.08,64,4,2.0,1.5,15.0,0.0,0.0,0.0,0.0,7,False,3|5|7|15,64,64,32,0.0002,8,1,1.0,0.6971187631289163,0.8744394692933334,0.3735449073866667,0.6264550926133333,0.6971187631289163,0.8744394692933334,0.3735449073866667,0.6264550926133333,0.6646176329255102,0.8692213051000002,0.38419260115000003,0.6158073988499999,0.6319834515452385,0.8491842152500001,0.396053513,0.002039021986666667,,,,,,,,,,,,,ok,0,True
E010,,,normalized,add_proj,0.12,0.08,64,4,3.0,0.5,10.0,0.0,0.0,0.0,0.0,7,False,3|5|7|15,64,64,,0.0002,8,1,1.0,,,,,,,,,,,,,,,,,,,,,,,,,,,,,config_only,,False
E010,epoch_0001,1,normalized,add_proj,0.12,0.08,64,4,3.0,0.5,10.0,0.0,0.0,0.0,0.0,7,False,3|5|7|15,64,64,32,0.0002,8,1,1.0,0.6883394898573557,0.8948703853733333,0.3409223578933333,0.6590776421066666,0.6883394898573557,0.8948703853733333,0.3409223578933333,0.6590776421066666,0.6539068004488944,0.8917374499500003,0.3491593251166667,0.6508406748833333,0.6195585889120897,0.8675583444166667,0.36398302216666667,0.0024272759866666993,,,,,,,,,,,,,ok,0,True
E010,epoch_0002,2,normalized,add_proj,0.12,0.08,64,4,3.0,0.5,10.0,0.0,0.0,0.0,0.0,7,False,3|5|7|15,64,64,32,0.0002,8,1,1.0,0.6899875122308731,0.8933618801200001,0.3435864234666666,0.6564135765333334,0.6899875122308731,0.8933618801200001,0.3435864234666666,0.6564135765333334,0.655725596199433,0.8896371526500001,0.35279201778333336,0.6472079822166666,0.6217129771908123,0.8681789224166665,0.36931031016666666,0.0024272759866666993,,,,,,,,,,,,,ok,0,True
E010,epoch_0003,3,normalized,add_proj,0.12,0.08,64,4,3.0,0.5,10.0,0.0,0.0,0.0,0.0,7,False,3|5|7|15,64,64,32,0.0002,8,1,1.0,0.6907266393105189,0.8935940607466667,0.34334963388,0.65665036612,0.6907266393105189,0.8935940607466667,0.34334963388,0.65665036612,0.6565615721046925,0.8896158009666667,0.35255730384999995,0.64744269615,0.6208508734901745,0.86918898475,0.36875378875000003,0.0024272759866666993,,,,,,,,,,,,,ok,0,True
E010,epoch_0004,4,normalized,add_proj,0.12,0.08,64,4,3.0,0.5,10.0,0.0,0.0,0.0,0.0,7,False,3|5|7|15,64,64,32,0.0002,8,1,1.0,0.6911925588051478,0.8932378425999999,0.34340603204,0.65659396796,0.6911925588051478,0.8932378425999999,0.34340603204,0.65659396796,0.657112384289503,0.8891741018166666,0.3526054217833333,0.6473945782166667,0.620358337710301,0.8681976793333332,0.3676878189166667,0.0024272759866666993,,,,,,,,,,,,,ok,0,True
E010,epoch_0005,5,normalized,add_proj,0.12,0.08,64,4,3.0,0.5,10.0,0.0,0.0,0.0,0.0,7,False,3|5|7|15,64,64,32,0.0002,8,1,1.0,0.690850783030192,0.8933078956933334,0.34230755676,0.65769244324,0.690850783030192,0.8933078956933334,0.34230755676,0.65769244324,0.6565487498044967,0.8892435377333335,0.3510329534666667,0.6489670465333333,0.6189214957257113,0.8676341511666666,0.3622398168333334,0.0024272759866666993,,,,,,,,,,,,,ok,0,True
E010,epoch_0006,6,normalized,add_proj,0.12,0.08,64,4,3.0,0.5,10.0,0.0,0.0,0.0,0.0,7,False,3|5|7|15,64,64,32,0.0002,8,1,1.0,0.6904319139321646,0.8906065066933333,0.34441420390666666,0.6555857960933333,0.6904319139321646,0.8906065066933333,0.34441420390666666,0.6555857960933333,0.6565109681089718,0.8865899023499999,0.35292620610000003,0.6470737939,0.6196869870026906,0.8640843884166667,0.3605742409166666,0.0024272759866666993,,,,,,,,,,,,,ok,0,True
E010,epoch_0007,7,normalized,add_proj,0.12,0.08,64,4,3.0,0.5,10.0,0.0,0.0,0.0,0.0,7,False,3|5|7|15,64,64,32,0.0002,8,1,1.0,0.6905692052443823,0.8904049667733333,0.34519008483999997,0.65480991516,0.6905692052443823,0.8904049667733333,0.34519008483999997,0.65480991516,0.6564531171818575,0.8863413238833333,0.3537501122833334,0.6462498877166666,0.6203822245200475,0.8624812355,0.36274343483333327,0.0024272759866666993,,,,,,,,,,,,,ok,0,True
E010,epoch_0008,8,normalized,add_proj,0.12,0.08,64,4,3.0,0.5,10.0,0.0,0.0,0.0,0.0,7,False,3|5|7|15,64,64,32,0.0002,8,1,1.0,0.689296973546346,0.8922248314533333,0.3439866299866667,0.6560133700133333,0.689296973546346,0.8922248314533333,0.3439866299866667,0.6560133700133333,0.6549607773621876,0.8883017438833335,0.3525383838166667,0.6474616161833333,0.6172675058245658,0.866663533,0.35626274,0.0024272759866666993,,,,,,,,,,,,,ok,0,True
E011,,,normalized,add_proj,0.12,0.08,64,4,3.0,0.5,12.5,0.0,0.0,0.0,0.0,7,False,3|5|7|15,64,64,,0.0002,8,1,1.0,,,,,,,,,,,,,,,,,,,,,,,,,,,,,config_only,,False
E011,epoch_0001,1,normalized,add_proj,0.12,0.08,64,4,3.0,0.5,12.5,0.0,0.0,0.0,0.0,7,False,3|5|7|15,64,64,32,0.0002,8,1,1.0,0.6912447104056676,0.89121371736,0.3490956383333333,0.6509043616666668,0.6912447104056676,0.89121371736,0.3490956383333333,0.6509043616666668,0.6572374939421812,0.8876625886999999,0.357751708,0.642248292,0.6246856523056825,0.860323148,0.37604076908333334,0.0030188115199999976,,,,,,,,,,,,,ok,0,True
E011,epoch_0002,2,normalized,add_proj,0.12,0.08,64,4,3.0,0.5,12.5,0.0,0.0,0.0,0.0,7,False,3|5|7|15,64,64,32,0.0002,8,1,1.0,0.6922069784402848,0.8895996134533333,0.35162364485333325,0.6483763551466668,0.6922069784402848,0.8895996134533333,0.35162364485333325,0.6483763551466668,0.6583804871141911,0.8856144069666664,0.36090046365,0.63909953635,0.6240643692513307,0.8631690255833333,0.379070997,0.0030188115199999976,,,,,,,,,,,,,ok,0,True
E011,epoch_0003,3,normalized,add_proj,0.12,0.08,64,4,3.0,0.5,12.5,0.0,0.0,0.0,0.0,7,False,3|5|7|15,64,64,32,0.0002,8,1,1.0,0.692969509402911,0.8894156933866667,0.3521144498533333,0.6478855501466667,0.692969509402911,0.8894156933866667,0.3521144498533333,0.6478855501466667,0.6592516360183558,0.8852578626333333,0.3614604064333333,0.6385395935666667,0.6236842711766561,0.8635084796666667,0.38032295675,0.0030188115199999976,,,,,,,,,,,,,ok,0,True
E011,epoch_0004,4,normalized,add_proj,0.12,0.08,64,4,3.0,0.5,12.5,0.0,0.0,0.0,0.0,7,False,3|5|7|15,64,64,32,0.0002,8,1,1.0,0.6940838250716527,0.8877995733599999,0.3541080261066667,0.6458919738933333,0.6940838250716527,0.8877995733599999,0.3541080261066667,0.6458919738933333,0.6604347115258377,0.8832260295166666,0.3634706644,0.6365293356,0.6258982658386231,0.8594005048333334,0.38301129349999996,0.0030188115199999976,,,,,,,,,,,,,ok,0,True
E011,epoch_0005,5,normalized,add_proj,0.12,0.08,64,4,3.0,0.5,12.5,0.0,0.0,0.0,0.0,7,False,3|5|7|15,64,64,32,0.0002,8,1,1.0,0.6942313056786855,0.8861895685333334,0.3548265456933333,0.6451734543066667,0.6942313056786855,0.8861895685333334,0.3548265456933333,0.6451734543066667,0.6605821939309439,0.8813880690666667,0.36395658908333334,0.6360434109166666,0.6258591895302137,0.8577579915,0.37834107175000004,0.0030188115199999976,,,,,,,,,,,,,ok,0,True
E011,epoch_0006,6,normalized,add_proj,0.12,0.08,64,4,3.0,0.5,12.5,0.0,0.0,0.0,0.0,7,False,3|5|7|15,64,64,32,0.0002,8,1,1.0,0.6944562555948894,0.8836159907733332,0.35737141130666666,0.6426285886933334,0.6944562555948894,0.8836159907733332,0.35737141130666666,0.6426285886933334,0.6610738549629848,0.8785601364666669,0.3665045183833333,0.6334954816166667,0.6258336337904136,0.8536752776666667,0.37750825549999995,0.0030188115199999976,,,,,,,,,,,,,ok,0,True
E011,epoch_0007,7,normalized,add_proj,0.12,0.08,64,4,3.0,0.5,12.5,0.0,0.0,0.0,0.0,7,False,3|5|7|15,64,64,32,0.0002,8,1,1.0,0.6944800560077034,0.8829422750266667,0.35908901452,0.6409109854799999,0.6944800560077034,0.8829422750266667,0.35908901452,0.6409109854799999,0.661155627022187,0.8779439467666666,0.36834061301666665,0.6316593869833333,0.6270448433856168,0.8523937960000001,0.37838013316666663,0.0030188115199999976,,,,,,,,,,,,,ok,0,True
E011,epoch_0008,8,normalized,add_proj,0.12,0.08,64,4,3.0,0.5,12.5,0.0,0.0,0.0,0.0,7,False,3|5|7|15,64,64,32,0.0002,8,1,1.0,0.693309447725614,0.88484105328,0.3577072345733333,0.6422927654266667,0.693309447725614,0.88484105328,0.3577072345733333,0.6422927654266667,0.6596504795054595,0.8799865412833332,0.3669140687333334,0.6330859312666666,0.6248229168355465,0.8559912938333334,0.37196704333333336,0.0030188115199999976,,,,,,,,,,,,,ok,0,True
E012,,,normalized,add_proj,0.12,0.08,64,4,3.0,0.5,15.0,0.0,0.0,0.0,0.0,7,False,3|5|7|15,64,64,,0.0002,8,1,1.0,,,,,,,,,,,,,,,,,,,,,,,,,,,,,config_only,,False
E012,epoch_0001,1,normalized,add_proj,0.12,0.08,64,4,3.0,0.5,15.0,0.0,0.0,0.0,0.0,7,False,3|5|7|15,64,64,32,0.0002,8,1,1.0,0.6926922094027202,0.8871387694933333,0.35579919485333333,0.6442008051466667,0.6926922094027202,0.8871387694933333,0.35579919485333333,0.6442008051466667,0.6591558251778286,0.8832092925500001,0.36473367484999997,0.63526632515,0.6279458915193875,0.8550324655000001,0.38339925975,0.005666592319999941,,,,,,,,,,,,,ok,0,True
E012,epoch_0002,2,normalized,add_proj,0.12,0.08,64,4,3.0,0.5,15.0,0.0,0.0,0.0,0.0,7,False,3|5|7|15,64,64,32,0.0002,8,1,1.0,0.6936571216980616,0.8860811254400001,0.35952886009333335,0.6404711399066667,0.6936571216980616,0.8860811254400001,0.35952886009333335,0.6404711399066667,0.6601912773152192,0.8817878897833331,0.3689972648166667,0.6310027351833333,0.6273878569404284,0.8565093975833333,0.39090147458333335,0.005666592319999941,,,,,,,,,,,,,ok,0,True
E012,epoch_0003,3,normalized,add_proj,0.12,0.08,64,4,3.0,0.5,15.0,0.0,0.0,0.0,0.0,7,False,3|5|7|15,64,64,32,0.0002,8,1,1.0,0.695193799773852,0.8845422767733333,0.3614657871733333,0.6385342128266667,0.695193799773852,0.8845422767733333,0.3614657871733333,0.6385342128266667,0.6621115331351757,0.8799856926166667,0.3710611491,0.6289388509,0.6291238191227119,0.8560617680833333,0.3948272076666667,0.005666592319999941,,,,,,,,,,,,,ok,0,True
E012,epoch_0004,4,normalized,add_proj,0.12,0.08,64,4,3.0,0.5,15.0,0.0,0.0,0.0,0.0,7,False,3|5|7|15,64,64,32,0.0002,8,1,1.0,0.6963835754394531,0.8826126619600001,0.36353852839999995,0.6364614716000001,0.6963835754394531,0.8826126619600001,0.36353852839999995,0.6364614716000001,0.6634762399395309,0.8777106760333332,0.37313335441666673,0.6268666455833333,0.6314531452953815,0.8526668155,0.39593335575,0.005666592319999941,,,,,,,,,,,,,ok,0,True
E012,epoch_0005,5,normalized,add_proj,0.12,0.08,64,4,3.0,0.5,15.0,0.0,0.0,0.0,0.0,7,False,3|5|7|15,64,64,32,0.0002,8,1,1.0,0.6956378074089686,0.8801960650400001,0.36433072430666663,0.6356692756933333,0.6956378074089686,0.8801960650400001,0.36433072430666663,0.6356692756933333,0.662739012191693,0.8751660370833333,0.37370850863333327,0.6262914913666667,0.6310572003324826,0.8499710011666668,0.39149209291666665,0.005666592319999941,,,,,,,,,,,,,ok,0,True
E012,epoch_0006,6,normalized,add_proj,0.12,0.08,64,4,3.0,0.5,15.0,0.0,0.0,0.0,0.0,7,False,3|5|7|15,64,64,32,0.0002,8,1,1.0,0.6956689917246501,0.8775401151066667,0.36666854374666663,0.6333314562533334,0.6956689917246501,0.8775401151066667,0.36666854374666663,0.6333314562533334,0.6629251990715661,0.8723031656833331,0.37601752180000003,0.6239824782,0.6314332668979963,0.8475533702499999,0.38932632391666666,0.005666592319999941,,,,,,,,,,,,,ok,0,True
E012,epoch_0007,7,normalized,add_proj,0.12,0.08,64,4,3.0,0.5,15.0,0.0,0.0,0.0,0.0,7,False,3|5|7|15,64,64,32,0.0002,8,1,1.0,0.6962905758221943,0.8767276809200001,0.3691583428266667,0.6308416571733333,0.6962905758221943,0.8767276809200001,0.3691583428266667,0.6308416571733333,0.6634643271565438,0.8713797455666666,0.37870326995000003,0.62129673005,0.6330807976424695,0.8450097731666666,0.3915132018333333,0.005666592319999941,,,,,,,,,,,,,ok,0,True
E012,epoch_0008,8,normalized,add_proj,0.12,0.08,64,4,3.0,0.5,15.0,0.0,0.0,0.0,0.0,7,False,3|5|7|15,64,64,32,0.0002,8,1,1.0,0.6960574012200037,0.8783942220933334,0.36865926052,0.63134073948,0.6960574012200037,0.8783942220933334,0.36865926052,0.63134073948,0.6629643706977367,0.8730780882000001,0.3783125515833333,0.6216874484166667,0.6310875073075295,0.8481589713333335,0.3860317321666667,0.005666592319999941,,,,,,,,,,,,,ok,0,True
E013,,,normalized,add_proj,0.12,0.08,64,4,3.0,1.0,10.0,0.0,0.0,0.0,0.0,7,False,3|5|7|15,64,64,,0.0002,8,1,1.0,,,,,,,,,,,,,,,,,,,,,,,,,,,,,config_only,,False
E013,epoch_0001,1,normalized,add_proj,0.12,0.08,64,4,3.0,1.0,10.0,0.0,0.0,0.0,0.0,7,False,3|5|7|15,64,64,32,0.0002,8,1,1.0,0.685728003025055,0.89811862128,0.33491706093333334,0.6650829390666666,0.685728003025055,0.89811862128,0.33491706093333334,0.6650829390666666,0.6508027229706446,0.8953558419333334,0.3428428692,0.6571571307999999,0.6132825238009294,0.8752326688333334,0.35135457575000006,0.0034597321733332853,,,,,,,,,,,,,ok,0,True
E013,epoch_0002,2,normalized,add_proj,0.12,0.08,64,4,3.0,1.0,10.0,0.0,0.0,0.0,0.0,7,False,3|5|7|15,64,64,32,0.0002,8,1,1.0,0.6883974822362265,0.8954814601066667,0.3409213145733333,0.6590786854266667,0.6883974822362265,0.8954814601066667,0.3409213145733333,0.6590786854266667,0.6540036629637084,0.8919601163833335,0.35017761166666667,0.6498223883333334,0.616926841189464,0.8739769815,0.36065216266666666,0.0034597321733332853,,,,,,,,,,,,,ok,0,True
E013,epoch_0003,3,normalized,add_proj,0.12,0.08,64,4,3.0,1.0,10.0,0.0,0.0,0.0,0.0,7,False,3|5|7|15,64,64,32,0.0002,8,1,1.0,0.688840650876363,0.8966608276133333,0.33837679310666663,0.6616232068933334,0.688840650876363,0.8966608276133333,0.33837679310666663,0.6616232068933334,0.6542546765009563,0.8930120471833334,0.3476056051333334,0.6523943948666666,0.6155294405917326,0.8761730073333334,0.3586975464166666,0.0034597321733332853,,,,,,,,,,,,,ok,0,True
E013,epoch_0004,4,normalized,add_proj,0.12,0.08,64,4,3.0,1.0,10.0,0.0,0.0,0.0,0.0,7,False,3|5|7|15,64,64,32,0.0002,8,1,1.0,0.6890756096045177,0.8968455427600002,0.33774851312000004,0.66225148688,0.6890756096045177,0.8968455427600002,0.33774851312000004,0.66225148688,0.6546900908152262,0.8931475915833333,0.34683655615000003,0.65316344385,0.6156901863714059,0.8754008198333334,0.35831798191666664,0.0034597321733332853,,,,,,,,,,,,,ok,0,True
E013,epoch_0005,5,normalized,add_proj,0.12,0.08,64,4,3.0,1.0,10.0,0.0,0.0,0.0,0.0,7,False,3|5|7|15,64,64,32,0.0002,8,1,1.0,0.6893810308376948,0.8963904927333334,0.33719667000000003,0.66280333,0.6893810308376948,0.8963904927333334,0.33719667000000003,0.66280333,0.6547774177292982,0.8924311104666666,0.34592807200000003,0.654071928,0.6155849461754164,0.8745582881666666,0.35486852366666666,0.0034597321733332853,,,,,,,,,,,,,ok,0,True
E013,epoch_0006,6,normalized,add_proj,0.12,0.08,64,4,3.0,1.0,10.0,0.0,0.0,0.0,0.0,7,False,3|5|7|15,64,64,32,0.0002,8,1,1.0,0.6892444124221803,0.8936349420266667,0.33971046535999994,0.6602895346400001,0.6892444124221803,0.8936349420266667,0.33971046535999994,0.6602895346400001,0.6547645727793375,0.8895270099666666,0.3483122471833333,0.6516877528166667,0.6157312648991744,0.87007494425,0.3544295750833333,0.0034597321733332853,,,,,,,,,,,,,ok,0,True
E013,epoch_0007,7,normalized,add_proj,0.12,0.08,64,4,3.0,1.0,10.0,0.0,0.0,0.0,0.0,7,False,3|5|7|15,64,64,32,0.0002,8,1,1.0,0.689676795164744,0.8922426835733335,0.3427375366266666,0.6572624633733334,0.689676795164744,0.8922426835733335,0.3427375366266666,0.6572624633733334,0.6552434263626734,0.8880558899666667,0.35150500340000007,0.6484949966,0.6167177731792133,0.8674043143333334,0.35784645558333333,0.0034597321733332853,,,,,,,,,,,,,ok,0,True
E013,epoch_0008,8,normalized,add_proj,0.12,0.08,64,4,3.0,1.0,10.0,0.0,0.0,0.0,0.0,7,False,3|5|7|15,64,64,32,0.0002,8,1,1.0,0.6882946963707605,0.8937030575066668,0.34186072744,0.6581392725599999,0.6882946963707605,0.8937030575066668,0.34186072744,0.6581392725599999,0.6537382012108963,0.8897599281999999,0.35049413571666665,0.6495058642833333,0.613938104858001,0.8714911266666667,0.35185310566666667,0.0034597321733332853,,,,,,,,,,,,,ok,0,True
E014,,,normalized,add_proj,0.12,0.08,64,4,3.0,1.0,12.5,0.0,0.0,0.0,0.0,7,False,3|5|7|15,64,64,,0.0002,8,1,1.0,,,,,,,,,,,,,,,,,,,,,,,,,,,,,config_only,,False
E014,epoch_0001,1,normalized,add_proj,0.12,0.08,64,4,3.0,1.0,12.5,0.0,0.0,0.0,0.0,7,False,3|5|7|15,64,64,32,0.0002,8,1,1.0,0.6896487527688343,0.8932536473333333,0.34585277619999993,0.6541472238000001,0.6896487527688343,0.8932536473333333,0.34585277619999993,0.6541472238000001,0.6554206086198489,0.8898148331166666,0.3545486134166667,0.6454513865833333,0.6210037738084793,0.8664404673333335,0.368198626,0.0034978532400000706,,,,,,,,,,,,,ok,0,True
E014,epoch_0002,2,normalized,add_proj,0.12,0.08,64,4,3.0,1.0,12.5,0.0,0.0,0.0,0.0,7,False,3|5|7|15,64,64,32,0.0002,8,1,1.0,0.691428429365158,0.8913592116933333,0.34931776701333334,0.6506822329866666,0.691428429365158,0.8913592116933333,0.34931776701333334,0.6506822329866666,0.6575696677962939,0.8874561120166667,0.3589589619166667,0.6410410380833333,0.6222330130636692,0.8680363197499998,0.3745925603333334,0.0034978532400000706,,,,,,,,,,,,,ok,0,True
E014,epoch_0003,3,normalized,add_proj,0.12,0.08,64,4,3.0,1.0,12.5,0.0,0.0,0.0,0.0,7,False,3|5|7|15,64,64,32,0.0002,8,1,1.0,0.6924241838852565,0.8912962579866668,0.34935062944,0.65064937056,0.6924241838852565,0.8912962579866668,0.34935062944,0.65064937056,0.6586430583894252,0.8871787767500001,0.35904102449999986,0.6409589755000001,0.6229246551791827,0.8678389595833333,0.3770439530833333,0.0034978532400000706,,,,,,,,,,,,,ok,0,True
E014,epoch_0004,4,normalized,add_proj,0.12,0.08,64,4,3.0,1.0,12.5,0.0,0.0,0.0,0.0,7,False,3|5|7|15,64,64,32,0.0002,8,1,1.0,0.6932455568710963,0.8906885413066666,0.34974877368,0.65025122632,0.6932455568710963,0.8906885413066666,0.34974877368,0.65025122632,0.659633656591177,0.8863692517666667,0.35933940835,0.64066059165,0.6239350743591785,0.8663965084166667,0.37716839816666664,0.0034978532400000706,,,,,,,,,,,,,ok,0,True
E014,epoch_0005,5,normalized,add_proj,0.12,0.08,64,4,3.0,1.0,12.5,0.0,0.0,0.0,0.0,7,False,3|5|7|15,64,64,32,0.0002,8,1,1.0,0.6933360384305318,0.8894893132133334,0.3502509388533334,0.6497490611466665,0.6933360384305318,0.8894893132133334,0.3502509388533334,0.6497490611466665,0.6596042422453563,0.8849840201666668,0.3596161120333333,0.6403838879666667,0.6238111073772112,0.8642661176666667,0.37398670116666666,0.0034978532400000706,,,,,,,,,,,,,ok,0,True
E014,epoch_0006,6,normalized,add_proj,0.12,0.08,64,4,3.0,1.0,12.5,0.0,0.0,0.0,0.0,7,False,3|5|7|15,64,64,32,0.0002,8,1,1.0,0.6931408168077471,0.88698182636,0.35180963883999994,0.6481903611600001,0.6931408168077471,0.88698182636,0.35180963883999994,0.6481903611600001,0.6596586035192014,0.88239464835,0.3610200842666667,0.6389799157333333,0.6241117919484774,0.86113295275,0.37188263066666666,0.0034978532400000706,,,,,,,,,,,,,ok,0,True
E014,epoch_0007,7,normalized,add_proj,0.12,0.08,64,4,3.0,1.0,12.5,0.0,0.0,0.0,0.0,7,False,3|5|7|15,64,64,32,0.0002,8,1,1.0,0.6936080554326375,0.8855771562133333,0.35418161670666665,0.6458183832933333,0.6936080554326375,0.8855771562133333,0.35418161670666665,0.6458183832933333,0.6601925225059192,0.8808904466666666,0.3635665688,0.6364334312,0.6254380571345488,0.8581759964166666,0.3746753246666667,0.0034978532400000706,,,,,,,,,,,,,ok,0,True
E014,epoch_0008,8,normalized,add_proj,0.12,0.08,64,4,3.0,1.0,12.5,0.0,0.0,0.0,0.0,7,False,3|5|7|15,64,64,32,0.0002,8,1,1.0,0.6917695148785908,0.8879456908533334,0.3524721974266666,0.6475278025733334,0.6917695148785908,0.8879456908533334,0.3524721974266666,0.6475278025733334,0.6579042773445447,0.8834729907000002,0.3617502346,0.6382497654,0.6220333988467852,0.8626115654166667,0.36663210474999997,0.0034978532400000706,,,,,,,,,,,,,ok,0,True
E015,,,normalized,add_proj,0.12,0.08,64,4,3.0,1.0,15.0,0.0,0.0,0.0,0.0,7,False,3|5|7|15,64,64,,0.0002,8,1,1.0,,,,,,,,,,,,,,,,,,,,,,,,,,,,,config_only,,False
E015,epoch_0001,1,normalized,add_proj,0.12,0.08,64,4,3.0,1.0,15.0,0.0,0.0,0.0,0.0,7,False,3|5|7|15,64,64,32,0.0002,8,1,1.0,0.6915421408812205,0.89045881068,0.35180039130666674,0.6481996086933333,0.6915421408812205,0.89045881068,0.35180039130666674,0.6481996086933333,0.6576181199153266,0.8865722659333333,0.360908484,0.639091516,0.6237768446405729,0.8610951596666667,0.3772588303333333,0.005360629533333272,,,,,,,,,,,,,ok,0,True
E015,epoch_0002,2,normalized,add_proj,0.12,0.08,64,4,3.0,1.0,15.0,0.0,0.0,0.0,0.0,7,False,3|5|7|15,64,64,32,0.0002,8,1,1.0,0.6930165760119756,0.8880574128133334,0.35550367464,0.64449632536,0.6930165760119756,0.8880574128133334,0.35550367464,0.64449632536,0.6594496015210946,0.8837643352833332,0.36542850634999996,0.63457149365,0.6252974510192871,0.8627738181666667,0.38339270275,0.005360629533333272,,,,,,,,,,,,,ok,0,True
E015,epoch_0003,3,normalized,add_proj,0.12,0.08,64,4,3.0,1.0,15.0,0.0,0.0,0.0,0.0,7,False,3|5|7|15,64,64,32,0.0002,8,1,1.0,0.6941319148540497,0.8870491368400001,0.35716102084,0.64283897916,0.6941319148540497,0.8870491368400001,0.35716102084,0.64283897916,0.6607963438828788,0.8826619447333333,0.36728770986666665,0.6327122901333333,0.6269793522854645,0.861995679,0.38883225749999994,0.005360629533333272,,,,,,,,,,,,,ok,0,True
E015,epoch_0004,4,normalized,add_proj,0.12,0.08,64,4,3.0,1.0,15.0,0.0,0.0,0.0,0.0,7,False,3|5|7|15,64,64,32,0.0002,8,1,1.0,0.6957159506877264,0.8849581963466666,0.36012949862666666,0.6398705013733333,0.6957159506877264,0.8849581963466666,0.36012949862666666,0.6398705013733333,0.6625290378431478,0.8801827780666664,0.3702973711833334,0.6297026288166666,0.6288353860378265,0.85861828025,0.3925862078333333,0.005360629533333272,,,,,,,,,,,,,ok,0,True
E015,epoch_0005,5,normalized,add_proj,0.12,0.08,64,4,3.0,1.0,15.0,0.0,0.0,0.0,0.0,7,False,3|5|7|15,64,64,32,0.0002,8,1,1.0,0.6952599553267161,0.8842785012133332,0.35953374532,0.64046625468,0.6952599553267161,0.8842785012133332,0.35953374532,0.64046625468,0.6618657782673835,0.8793253285166667,0.36930030611666675,0.6306996938833332,0.6283289529383183,0.8572353588333333,0.3859440038333333,0.005360629533333272,,,,,,,,,,,,,ok,0,True
E015,epoch_0006,6,normalized,add_proj,0.12,0.08,64,4,3.0,1.0,15.0,0.0,0.0,0.0,0.0,7,False,3|5|7|15,64,64,32,0.0002,8,1,1.0,0.6955772456725439,0.8810239348000001,0.36237824238666666,0.6376217576133334,0.6955772456725439,0.8810239348000001,0.36237824238666666,0.6376217576133334,0.662469829370578,0.8757942249666668,0.3721366054166667,0.6278633945833333,0.6295494481921196,0.8528954145833335,0.38650044225,0.005360629533333272,,,,,,,,,,,,,ok,0,True
E015,epoch_0007,7,normalized,add_proj,0.12,0.08,64,4,3.0,1.0,15.0,0.0,0.0,0.0,0.0,7,False,3|5|7|15,64,64,32,0.0002,8,1,1.0,0.6959417459964752,0.8799264138533335,0.36443457852,0.63556542148,0.6959417459964752,0.8799264138533335,0.36443457852,0.63556542148,0.6628879620631536,0.87469397575,0.3743789513166667,0.6256210486833333,0.6302352830767632,0.8510374969166666,0.38764153700000004,0.005360629533333272,,,,,,,,,,,,,ok,0,True
E015,epoch_0008,8,normalized,add_proj,0.12,0.08,64,4,3.0,1.0,15.0,0.0,0.0,0.0,0.0,7,False,3|5|7|15,64,64,32,0.0002,8,1,1.0,0.6945515557924906,0.8812413012666669,0.36328814444,0.63671185556,0.6945515557924906,0.8812413012666669,0.36328814444,0.63671185556,0.6612371867895127,0.8760295386333332,0.37318632879999997,0.6268136712000001,0.6268970961372058,0.8540586113333334,0.3805034296666667,0.005360629533333272,,,,,,,,,,,,,ok,0,True
E016,,,normalized,add_proj,0.12,0.08,64,4,3.0,1.5,10.0,0.0,0.0,0.0,0.0,7,False,3|5|7|15,64,64,,0.0002,8,1,1.0,,,,,,,,,,,,,,,,,,,,,,,,,,,,,config_only,,False
E016,epoch_0001,1,normalized,add_proj,0.12,0.08,64,4,3.0,1.5,10.0,0.0,0.0,0.0,0.0,7,False,3|5|7|15,64,64,32,0.0002,8,1,1.0,0.6843205602566401,0.89929055256,0.33381625498666667,0.6661837450133333,0.6843205602566401,0.89929055256,0.33381625498666667,0.6661837450133333,0.6491924284398556,0.8966722143833332,0.34136272926666666,0.6586372707333333,0.611476013312737,0.8782857904999999,0.34490295066666665,0.001127891200000064,,,,,,,,,,,,,ok,0,True
E016,epoch_0002,2,normalized,add_proj,0.12,0.08,64,4,3.0,1.5,10.0,0.0,0.0,0.0,0.0,7,False,3|5|7|15,64,64,32,0.0002,8,1,1.0,0.6866123801072438,0.89609997776,0.34035068724,0.65964931276,0.6866123801072438,0.89609997776,0.34035068724,0.65964931276,0.6521014585097631,0.8926268939166666,0.3496255325,0.6503744675,0.6133791193366052,0.8767312717500001,0.3534231895833333,0.001127891200000064,,,,,,,,,,,,,ok,0,True
E016,epoch_0003,3,normalized,add_proj,0.12,0.08,64,4,3.0,1.5,10.0,0.0,0.0,0.0,0.0,7,False,3|5|7|15,64,64,32,0.0002,8,1,1.0,0.6869171694517133,0.8986388727466667,0.33494414618666674,0.6650558538133333,0.6869171694517133,0.8986388727466667,0.33494414618666674,0.6650558538133333,0.652136432180802,0.8951453539000003,0.3442440574,0.6557559425999999,0.6126341946423054,0.879256483,0.35124381908333335,0.001127891200000064,,,,,,,,,,,,,ok,0,True
E016,epoch_0004,4,normalized,add_proj,0.12,0.08,64,4,3.0,1.5,10.0,0.0,0.0,0.0,0.0,7,False,3|5|7|15,64,64,32,0.0002,8,1,1.0,0.6866639150778453,0.8991330209200002,0.3326803356266667,0.6673196643733332,0.6866639150778453,0.8991330209200002,0.3326803356266667,0.6673196643733332,0.6517876792947451,0.8956523033833333,0.34166312968333334,0.6583368703166667,0.611580399920543,0.8794432036666666,0.34955575083333335,0.001127891200000064,,,,,,,,,,,,,ok,0,True
E016,epoch_0005,5,normalized,add_proj,0.12,0.08,64,4,3.0,1.5,10.0,0.0,0.0,0.0,0.0,7,False,3|5|7|15,64,64,32,0.0002,8,1,1.0,0.6871048212051392,0.8984253454933332,0.33435407366666664,0.6656459263333334,0.6871048212051392,0.8984253454933332,0.33435407366666664,0.6656459263333334,0.6522513994574547,0.8947886999166668,0.3430995408333333,0.6569004591666667,0.6120124059418837,0.8778722500833332,0.35072006641666664,0.001127891200000064,,,,,,,,,,,,,ok,0,True
E016,epoch_0006,6,normalized,add_proj,0.12,0.08,64,4,3.0,1.5,10.0,0.0,0.0,0.0,0.0,7,False,3|5|7|15,64,64,32,0.0002,8,1,1.0,0.6872988240321477,0.8961530381466667,0.33686955374666666,0.6631304462533334,0.6872988240321477,0.8961530381466667,0.33686955374666666,0.6631304462533334,0.6527052230139574,0.8923406393833334,0.34553634765,0.65446365235,0.6130123222867647,0.8742519077500002,0.3503895404166667,0.001127891200000064,,,,,,,,,,,,,ok,0,True
E016,epoch_0007,7,normalized,add_proj,0.12,0.08,64,4,3.0,1.5,10.0,0.0,0.0,0.0,0.0,7,False,3|5|7|15,64,64,32,0.0002,8,1,1.0,0.688043280561765,0.8941235260266667,0.33954709172,0.6604529082799999,0.688043280561765,0.8941235260266667,0.33954709172,0.6604529082799999,0.6536128398279348,0.89006504655,0.34839007869999994,0.6516099213000001,0.6146379334231218,0.8706473352499999,0.3539208681666667,0.001127891200000064,,,,,,,,,,,,,ok,0,True
E016,epoch_0008,8,normalized,add_proj,0.12,0.08,64,4,3.0,1.5,10.0,0.0,0.0,0.0,0.0,7,False,3|5|7|15,64,64,32,0.0002,8,1,1.0,0.6864802262385687,0.8951972283999998,0.33906935594666665,0.6609306440533333,0.6864802262385687,0.8951972283999998,0.33906935594666665,0.6609306440533333,0.65172995125254,0.8914797244833332,0.34772852428333334,0.6522714757166667,0.6122672123213608,0.8733265375000001,0.3490666260833334,0.001127891200000064,,,,,,,,,,,,,ok,0,True
E017,,,normalized,add_proj,0.12,0.08,64,4,3.0,1.5,12.5,0.0,0.0,0.0,0.0,7,False,3|5|7|15,64,64,,0.0002,8,1,1.0,,,,,,,,,,,,,,,,,,,,,,,,,,,,,config_only,,False
E017,epoch_0001,1,normalized,add_proj,0.12,0.08,64,4,3.0,1.5,12.5,0.0,0.0,0.0,0.0,7,False,3|5|7|15,64,64,32,0.0002,8,1,1.0,0.6875090543429058,0.8953651743866666,0.34231948277333335,0.6576805172266666,0.6875090543429058,0.8953651743866666,0.34231948277333335,0.6576805172266666,0.6530355223019917,0.8922939939166668,0.35086427491666666,0.6491357250833334,0.616464962810278,0.8713192661666667,0.3590095305833333,0.001271791560000013,,,,,,,,,,,,,ok,0,True
E017,epoch_0002,2,normalized,add_proj,0.12,0.08,64,4,3.0,1.5,12.5,0.0,0.0,0.0,0.0,7,False,3|5|7|15,64,64,32,0.0002,8,1,1.0,0.6897882940371831,0.8932982264799999,0.34607686112,0.65392313888,0.6897882940371831,0.8932982264799999,0.34607686112,0.65392313888,0.6555068937440713,0.8894541243999999,0.3559591994500001,0.6440408005499999,0.6190011948347092,0.872518314,0.365494362,0.001271791560000013,,,,,,,,,,,,,ok,0,True
E017,epoch_0003,3,normalized,add_proj,0.12,0.08,64,4,3.0,1.5,12.5,0.0,0.0,0.0,0.0,7,False,3|5|7|15,64,64,32,0.0002,8,1,1.0,0.6904893211126325,0.8943350497466668,0.34359127433333336,0.6564087256666666,0.6904893211126325,0.8943350497466668,0.34359127433333336,0.6564087256666666,0.6563409840563933,0.8905501784833334,0.3533179701,0.6466820299,0.6181010069946448,0.873543005,0.36655646625,0.001271791560000013,,,,,,,,,,,,,ok,0,True
E017,epoch_0004,4,normalized,add_proj,0.12,0.08,64,4,3.0,1.5,12.5,0.0,0.0,0.0,0.0,7,False,3|5|7|15,64,64,32,0.0002,8,1,1.0,0.6906800272862118,0.89421453416,0.3435258836933333,0.6564741163066667,0.6906800272862118,0.89421453416,0.3435258836933333,0.6564741163066667,0.6566353703041872,0.8904027786333334,0.3530696941,0.6469303059,0.6182465491195519,0.8730254989166667,0.36730152416666667,0.001271791560000013,,,,,,,,,,,,,ok,0,True
E017,epoch_0005,5,normalized,add_proj,0.12,0.08,64,4,3.0,1.5,12.5,0.0,0.0,0.0,0.0,7,False,3|5|7|15,64,64,32,0.0002,8,1,1.0,0.6905692135492961,0.8936243236133332,0.34264436393333336,0.6573556360666666,0.6905692135492961,0.8936243236133332,0.34264436393333336,0.6573556360666666,0.6564008451501528,0.8896662266833333,0.35176874724999996,0.64823125275,0.6175473670164744,0.8717665905833334,0.3631399030833333,0.001271791560000013,,,,,,,,,,,,,ok,0,True
E017,epoch_0006,6,normalized,add_proj,0.12,0.08,64,4,3.0,1.5,12.5,0.0,0.0,0.0,0.0,7,False,3|5|7|15,64,64,32,0.0002,8,1,1.0,0.6910144323110581,0.89023591752,0.3457432108,0.6542567892,0.6910144323110581,0.89023591752,0.3457432108,0.6542567892,0.6570846189558506,0.8859726798333334,0.3547470389833333,0.6452529610166666,0.6195151805877686,0.867061648,0.36377502166666664,0.001271791560000013,,,,,,,,,,,,,ok,0,True
E017,epoch_0007,7,normalized,add_proj,0.12,0.08,64,4,3.0,1.5,12.5,0.0,0.0,0.0,0.0,7,False,3|5|7|15,64,64,32,0.0002,8,1,1.0,0.6915034679174424,0.88853498,0.3481642271199999,0.6518357728800002,0.6915034679174424,0.88853498,0.3481642271199999,0.6518357728800002,0.6577184043824672,0.8842299768833334,0.35735809596666657,0.6426419040333334,0.6203881176809469,0.86345634575,0.36591808475000004,0.001271791560000013,,,,,,,,,,,,,ok,0,True
E017,epoch_0008,8,normalized,add_proj,0.12,0.08,64,4,3.0,1.5,12.5,0.0,0.0,0.0,0.0,7,False,3|5|7|15,64,64,32,0.0002,8,1,1.0,0.690014007727305,0.8902476403466666,0.34726435424,0.65273564576,0.690014007727305,0.8902476403466666,0.34726435424,0.65273564576,0.6559037201603254,0.8860900681833332,0.3563581422833334,0.6436418577166666,0.6175927470127741,0.8672329384166668,0.3597948290833333,0.001271791560000013,,,,,,,,,,,,,ok,0,True
E018,,,normalized,add_proj,0.12,0.08,64,4,3.0,1.5,15.0,0.0,0.0,0.0,0.0,7,False,3|5|7|15,64,64,,0.0002,8,1,1.0,,,,,,,,,,,,,,,,,,,,,,,,,,,,,config_only,,False
E018,epoch_0001,1,normalized,add_proj,0.12,0.08,64,4,3.0,1.5,15.0,0.0,0.0,0.0,0.0,7,False,3|5|7|15,64,64,32,0.0002,8,1,1.0,0.6898976684014002,0.8928206853333333,0.3472705985333333,0.6527294014666667,0.6898976684014002,0.8928206853333333,0.3472705985333333,0.6527294014666667,0.6556542891760667,0.8892533772333333,0.35618668601666664,0.6438133139833333,0.6210895200570424,0.8657673281666666,0.36827814316666657,0.0031751518133333323,,,,,,,,,,,,,ok,0,True
E018,epoch_0002,2,normalized,add_proj,0.12,0.08,64,4,3.0,1.5,15.0,0.0,0.0,0.0,0.0,7,False,3|5|7|15,64,64,32,0.0002,8,1,1.0,0.6917346182664236,0.8902866649733333,0.35027092200000004,0.649729078,0.6917346182664236,0.8902866649733333,0.35027092200000004,0.649729078,0.6579066428542137,0.8861710299833334,0.36019861415,0.63980138585,0.6221899266044298,0.867873785,0.3735629488333333,0.0031751518133333323,,,,,,,,,,,,,ok,0,True
E018,epoch_0003,3,normalized,add_proj,0.12,0.08,64,4,3.0,1.5,15.0,0.0,0.0,0.0,0.0,7,False,3|5|7|15,64,64,32,0.0002,8,1,1.0,0.6923942785660425,0.8902423567733332,0.35044575034666664,0.6495542496533333,0.6923942785660425,0.8902423567733332,0.35044575034666664,0.6495542496533333,0.658704107751449,0.8860543881333334,0.36046821011666663,0.6395317898833334,0.6218566492199898,0.8687206204166666,0.3764489698333333,0.0031751518133333323,,,,,,,,,,,,,ok,0,True
E018,epoch_0004,4,normalized,add_proj,0.12,0.08,64,4,3.0,1.5,15.0,0.0,0.0,0.0,0.0,7,False,3|5|7|15,64,64,32,0.0002,8,1,1.0,0.6938311924139657,0.8893634238933333,0.3518986366266666,0.6481013633733335,0.6938311924139657,0.8893634238933333,0.3518986366266666,0.6481013633733335,0.6603514290849367,0.8848926528333335,0.3619362693666667,0.6380637306333333,0.6241567562023799,0.8664577384166667,0.37862222175,0.0031751518133333323,,,,,,,,,,,,,ok,0,True
E018,epoch_0005,5,normalized,add_proj,0.12,0.08,64,4,3.0,1.5,15.0,0.0,0.0,0.0,0.0,7,False,3|5|7|15,64,64,32,0.0002,8,1,1.0,0.6939881101051967,0.8876364659199999,0.35348626471999994,0.6465137352800001,0.6939881101051967,0.8876364659199999,0.35348626471999994,0.6465137352800001,0.6605502845346928,0.8830131517333333,0.36334170728333326,0.6366582927166667,0.6248453768591086,0.8631018355833333,0.377522434,0.0031751518133333323,,,,,,,,,,,,,ok,0,True
E018,epoch_0006,6,normalized,add_proj,0.12,0.08,64,4,3.0,1.5,15.0,0.0,0.0,0.0,0.0,7,False,3|5|7|15,64,64,32,0.0002,8,1,1.0,0.6942780635356904,0.88498284864,0.35564059094666667,0.6443594090533333,0.6942780635356904,0.88498284864,0.35564059094666667,0.6443594090533333,0.6610672622919084,0.8802073605333334,0.36544235231666666,0.6345576476833333,0.6265596814453602,0.8594685760833332,0.37760913974999993,0.0031751518133333323,,,,,,,,,,,,,ok,0,True
E018,epoch_0007,7,normalized,add_proj,0.12,0.08,64,4,3.0,1.5,15.0,0.0,0.0,0.0,0.0,7,False,3|5|7|15,64,64,32,0.0002,8,1,1.0,0.6945779372056324,0.8834203532399999,0.3584828491733333,0.6415171508266667,0.6945779372056324,0.8834203532399999,0.3584828491733333,0.6415171508266667,0.6613796098033586,0.8784858101000002,0.36841314216666665,0.6315868578333333,0.6282109176119168,0.8563045819999999,0.38124178175,0.0031751518133333323,,,,,,,,,,,,,ok,0,True
E018,epoch_0008,8,normalized,add_proj,0.12,0.08,64,4,3.0,1.5,15.0,0.0,0.0,0.0,0.0,7,False,3|5|7|15,64,64,32,0.0002,8,1,1.0,0.6931879140933356,0.8850574210133334,0.3574211589466667,0.6425788410533333,0.6931879140933356,0.8850574210133334,0.3574211589466667,0.6425788410533333,0.6595690687994162,0.8802023378333332,0.3673629632,0.6326370368,0.6248375068108241,0.8597835551666667,0.37461018991666667,0.0031751518133333323,,,,,,,,,,,,,ok,0,True
E019,,,normalized,add_proj,0.12,0.08,64,4,4.0,0.5,10.0,0.0,0.0,0.0,0.0,7,False,3|5|7|15,64,64,,0.0002,8,1,1.0,,,,,,,,,,,,,,,,,,,,,,,,,,,,,config_only,,False
E019,epoch_0001,1,normalized,add_proj,0.12,0.08,64,4,4.0,0.5,10.0,0.0,0.0,0.0,0.0,7,False,3|5|7|15,64,64,32,0.0002,8,1,1.0,0.6838566286166509,0.9001726440133332,0.32872065928,0.67127934072,0.6838566286166509,0.9001726440133332,0.32872065928,0.67127934072,0.6485851003229618,0.8977436147833334,0.33569738081666667,0.6643026191833333,0.6116445168852807,0.8770883986666665,0.34540581108333335,0.0031046919466666267,,,,,,,,,,,,,ok,0,True
E019,epoch_0002,2,normalized,add_proj,0.12,0.08,64,4,4.0,0.5,10.0,0.0,0.0,0.0,0.0,7,False,3|5|7|15,64,64,32,0.0002,8,1,1.0,0.6866773028771083,0.8980871193066667,0.33358273979999997,0.6664172602,0.6866773028771083,0.8980871193066667,0.33358273979999997,0.6664172602,0.6517800310750802,0.8948430584333336,0.34194494825000005,0.6580550517499999,0.6147744615872701,0.8752887736666668,0.35347925849999995,0.0031046919466666267,,,,,,,,,,,,,ok,0,True
E019,epoch_0003,3,normalized,add_proj,0.12,0.08,64,4,4.0,0.5,10.0,0.0,0.0,0.0,0.0,7,False,3|5|7|15,64,64,32,0.0002,8,1,1.0,0.6868742491404217,0.8990089316266666,0.3318253512266666,0.6681746487733333,0.6868742491404217,0.8990089316266666,0.3318253512266666,0.6681746487733333,0.6519983803232511,0.8957089219333332,0.34020148964999997,0.65979851035,0.6137967196603616,0.8772624256666666,0.35110052091666666,0.0031046919466666267,,,,,,,,,,,,,ok,0,True
E019,epoch_0004,4,normalized,add_proj,0.12,0.08,64,4,4.0,0.5,10.0,0.0,0.0,0.0,0.0,7,False,3|5|7|15,64,64,32,0.0002,8,1,1.0,0.6866402133703231,0.8992565335866667,0.33034996241333336,0.6696500375866666,0.6866402133703231,0.8992565335866667,0.33034996241333336,0.6696500375866666,0.6517364072302977,0.8959558437,0.3384883286166666,0.6615116713833333,0.6122490038474401,0.8770992427500001,0.34819957100000004,0.0031046919466666267,,,,,,,,,,,,,ok,0,True
E019,epoch_0005,5,normalized,add_proj,0.12,0.08,64,4,4.0,0.5,10.0,0.0,0.0,0.0,0.0,7,False,3|5|7|15,64,64,32,0.0002,8,1,1.0,0.6861927025318145,0.8990273785733334,0.3301501068266666,0.6698498931733334,0.6861927025318145,0.8990273785733334,0.3301501068266666,0.6698498931733334,0.6511014187335968,0.8956671425500001,0.33796560323333336,0.6620343967666666,0.6115678283075492,0.8773885850833333,0.34528985491666664,0.0031046919466666267,,,,,,,,,,,,,ok,0,True
E019,epoch_0006,6,normalized,add_proj,0.12,0.08,64,4,4.0,0.5,10.0,0.0,0.0,0.0,0.0,7,False,3|5|7|15,64,64,32,0.0002,8,1,1.0,0.6862165103356043,0.89634347736,0.3325998567333333,0.6674001432666667,0.6862165103356043,0.89634347736,0.3325998567333333,0.6674001432666667,0.6513616715371608,0.8928208312333332,0.34019991536666666,0.6598000846333334,0.6120420212546985,0.8728014168333333,0.34489245041666666,0.0031046919466666267,,,,,,,,,,,,,ok,0,True
E019,epoch_0007,7,normalized,add_proj,0.12,0.08,64,4,4.0,0.5,10.0,0.0,0.0,0.0,0.0,7,False,3|5|7|15,64,64,32,0.0002,8,1,1.0,0.6865647551616033,0.8953521050400001,0.3342989851733333,0.6657010148266667,0.6865647551616033,0.8953521050400001,0.3342989851733333,0.6657010148266667,0.6517025684813659,0.8917832326833335,0.3420321790833333,0.6579678209166667,0.6116608910262584,0.8705517194999998,0.34688894116666663,0.0031046919466666267,,,,,,,,,,,,,ok,0,True
E019,epoch_0008,8,normalized,add_proj,0.12,0.08,64,4,4.0,0.5,10.0,0.0,0.0,0.0,0.0,7,False,3|5|7|15,64,64,32,0.0002,8,1,1.0,0.6854982459545136,0.8965355897333334,0.33366496234666665,0.6663350376533334,0.6854982459545136,0.8965355897333334,0.33366496234666665,0.6663350376533334,0.6504617136716841,0.8931922182,0.34133875123333335,0.6586612487666667,0.6092224059005578,0.8732497934999999,0.3420588428333333,0.0031046919466666267,,,,,,,,,,,,,ok,0,True
E020,,,normalized,add_proj,0.12,0.08,64,4,4.0,0.5,12.5,0.0,0.0,0.0,0.0,7,False,3|5|7|15,64,64,,0.0002,8,1,1.0,,,,,,,,,,,,,,,,,,,,,,,,,,,,,config_only,,False
E020,epoch_0001,1,normalized,add_proj,0.12,0.08,64,4,4.0,0.5,12.5,0.0,0.0,0.0,0.0,7,False,3|5|7|15,64,64,32,0.0002,8,1,1.0,0.6882865161498387,0.89578525824,0.3393036589333333,0.6606963410666666,0.6882865161498387,0.89578525824,0.3393036589333333,0.6606963410666666,0.6537065525352955,0.892669895266667,0.3472148740166667,0.6527851259833333,0.6194456661740939,0.86829987675,0.36267871283333336,0.00240359421333336,,,,,,,,,,,,,ok,0,True
E020,epoch_0002,2,normalized,add_proj,0.12,0.08,64,4,4.0,0.5,12.5,0.0,0.0,0.0,0.0,7,False,3|5|7|15,64,64,32,0.0002,8,1,1.0,0.6893229238986969,0.8939418834133334,0.3426260184,0.6573739815999999,0.6893229238986969,0.8939418834133334,0.3426260184,0.6573739815999999,0.65507395307223,0.8903148917166668,0.35140039465,0.64859960535,0.6202946829299132,0.8688714465,0.36701810991666667,0.00240359421333336,,,,,,,,,,,,,ok,0,True
E020,epoch_0003,3,normalized,add_proj,0.12,0.08,64,4,4.0,0.5,12.5,0.0,0.0,0.0,0.0,7,False,3|5|7|15,64,64,32,0.0002,8,1,1.0,0.6898623827695846,0.8942310869199999,0.34170725314666667,0.6582927468533333,0.6898623827695846,0.8942310869199999,0.34170725314666667,0.6582927468533333,0.6556846652925016,0.8903958195000001,0.35065792733333334,0.6493420726666667,0.6193469027678172,0.8704294618333333,0.365347068,0.00240359421333336,,,,,,,,,,,,,ok,0,True
E020,epoch_0004,4,normalized,add_proj,0.12,0.08,64,4,4.0,0.5,12.5,0.0,0.0,0.0,0.0,7,False,3|5|7|15,64,64,32,0.0002,8,1,1.0,0.6907674670616786,0.8937178136133334,0.34150105729333335,0.6584989427066666,0.6907674670616786,0.8937178136133334,0.34150105729333335,0.6584989427066666,0.6566850970685484,0.8898362763333335,0.3503129064,0.6496870936,0.6200064964592458,0.8685465493333333,0.36484248416666665,0.00240359421333336,,,,,,,,,,,,,ok,0,True
E020,epoch_0005,5,normalized,add_proj,0.12,0.08,64,4,4.0,0.5,12.5,0.0,0.0,0.0,0.0,7,False,3|5|7|15,64,64,32,0.0002,8,1,1.0,0.6903823609749477,0.8928070908533334,0.3411856226400001,0.6588143773599999,0.6903823609749477,0.8928070908533334,0.3411856226400001,0.6588143773599999,0.6561429779231548,0.8888061647166667,0.34964799271666663,0.6503520072833333,0.6190393226842086,0.86690384175,0.36032664108333334,0.00240359421333336,,,,,,,,,,,,,ok,0,True
E020,epoch_0006,6,normalized,add_proj,0.12,0.08,64,4,4.0,0.5,12.5,0.0,0.0,0.0,0.0,7,False,3|5|7|15,64,64,32,0.0002,8,1,1.0,0.6900084912379583,0.8912319456933333,0.34301683405333333,0.6569831659466667,0.6900084912379583,0.8912319456933333,0.34301683405333333,0.6569831659466667,0.6558694574733576,0.8871743728,0.35140875275,0.64859124725,0.6199626572430135,0.86278211525,0.3607893068333333,0.00240359421333336,,,,,,,,,,,,,ok,0,True
E020,epoch_0007,7,normalized,add_proj,0.12,0.08,64,4,4.0,0.5,12.5,0.0,0.0,0.0,0.0,7,False,3|5|7|15,64,64,32,0.0002,8,1,1.0,0.6904905636310578,0.8914013461599999,0.34394133624,0.65605866376,0.6904905636310578,0.8914013461599999,0.34394133624,0.65605866376,0.6563067920009295,0.8873295029833332,0.3524477543166667,0.6475522456833334,0.619689046094815,0.8621415136666667,0.36116125216666667,0.00240359421333336,,,,,,,,,,,,,ok,0,True
E020,epoch_0008,8,normalized,add_proj,0.12,0.08,64,4,4.0,0.5,12.5,0.0,0.0,0.0,0.0,7,False,3|5|7|15,64,64,32,0.0002,8,1,1.0,0.6889284468491873,0.8928960930266666,0.34276325138666663,0.6572367486133334,0.6889284468491873,0.8928960930266666,0.34276325138666663,0.6572367486133334,0.6544114447633426,0.8889060198333334,0.3512631088,0.6487368912,0.6162197331587473,0.8653071025000001,0.35510359833333327,0.00240359421333336,,,,,,,,,,,,,ok,0,True
E021,,,normalized,add_proj,0.12,0.08,64,4,4.0,0.5,15.0,0.0,0.0,0.0,0.0,7,False,3|5|7|15,64,64,,0.0002,8,1,1.0,,,,,,,,,,,,,,,,,,,,,,,,,,,,,config_only,,False
E021,epoch_0001,1,normalized,add_proj,0.12,0.08,64,4,4.0,0.5,15.0,0.0,0.0,0.0,0.0,7,False,3|5|7|15,64,64,32,0.0002,8,1,1.0,0.6907042281627654,0.8917644802,0.3469563119733333,0.6530436880266667,0.6907042281627654,0.8917644802,0.3469563119733333,0.6530436880266667,0.6567423494656881,0.8882532561666666,0.35551835424999995,0.64448164575,0.6238470360636711,0.8618000860833334,0.3727976415,0.0038382366933332746,,,,,,,,,,,,,ok,0,True
E021,epoch_0002,2,normalized,add_proj,0.12,0.08,64,4,4.0,0.5,15.0,0.0,0.0,0.0,0.0,7,False,3|5|7|15,64,64,32,0.0002,8,1,1.0,0.692002602895101,0.8905252530133333,0.35030138895999996,0.64969861104,0.692002602895101,0.8905252530133333,0.35030138895999996,0.64969861104,0.6582110056281091,0.8867072985833333,0.3593143821166667,0.6406856178833333,0.6242408894002438,0.8632937821666667,0.3791263570833333,0.0038382366933332746,,,,,,,,,,,,,ok,0,True
E021,epoch_0003,3,normalized,add_proj,0.12,0.08,64,4,4.0,0.5,15.0,0.0,0.0,0.0,0.0,7,False,3|5|7|15,64,64,32,0.0002,8,1,1.0,0.6921006656090418,0.8909407768933333,0.3507945486666666,0.6492054513333334,0.6921006656090418,0.8909407768933333,0.3507945486666666,0.6492054513333334,0.6582974197963873,0.8868938153,0.3599870419333333,0.6400129580666667,0.6234011513491472,0.8645703585833333,0.3793885511666667,0.0038382366933332746,,,,,,,,,,,,,ok,0,True
E021,epoch_0004,4,normalized,add_proj,0.12,0.08,64,4,4.0,0.5,15.0,0.0,0.0,0.0,0.0,7,False,3|5|7|15,64,64,32,0.0002,8,1,1.0,0.6933321683009467,0.8891742499199999,0.35136705106666666,0.6486329489333333,0.6933321683009467,0.8891742499199999,0.35136705106666666,0.6486329489333333,0.6596150624255339,0.8846973325166665,0.36056593555000005,0.63943406445,0.62437227293849,0.8615506937499999,0.3774188525833334,0.0038382366933332746,,,,,,,,,,,,,ok,0,True
E021,epoch_0005,5,normalized,add_proj,0.12,0.08,64,4,4.0,0.5,15.0,0.0,0.0,0.0,0.0,7,False,3|5|7|15,64,64,32,0.0002,8,1,1.0,0.6935863492091499,0.8874847191066665,0.35247608101333333,0.6475239189866666,0.6935863492091499,0.8874847191066665,0.35247608101333333,0.6475239189866666,0.6599686547617118,0.8829489023166666,0.3614244477333334,0.6385755522666666,0.6245593103269735,0.8581391651666667,0.3741137965,0.0038382366933332746,,,,,,,,,,,,,ok,0,True
E021,epoch_0006,6,normalized,add_proj,0.12,0.08,64,4,4.0,0.5,15.0,0.0,0.0,0.0,0.0,7,False,3|5|7|15,64,64,32,0.0002,8,1,1.0,0.6936263078053791,0.8854000060133334,0.35412831304000003,0.64587168696,0.6936263078053791,0.8854000060133334,0.35412831304000003,0.64587168696,0.6602395447095235,0.8806557072166665,0.3629115682166667,0.6370884317833333,0.6245211203893026,0.8556046233333332,0.37254350733333336,0.0038382366933332746,,,,,,,,,,,,,ok,0,True
E021,epoch_0007,7,normalized,add_proj,0.12,0.08,64,4,4.0,0.5,15.0,0.0,0.0,0.0,0.0,7,False,3|5|7|15,64,64,32,0.0002,8,1,1.0,0.6941914136012395,0.8850447130133332,0.35562983676000004,0.64437016324,0.6941914136012395,0.8850447130133332,0.35562983676000004,0.64437016324,0.6608206173280876,0.8803243577,0.36456467085,0.63543532915,0.6261582359671592,0.8546318529999999,0.3740287140833334,0.0038382366933332746,,,,,,,,,,,,,ok,0,True
E021,epoch_0008,8,normalized,add_proj,0.12,0.08,64,4,4.0,0.5,15.0,0.0,0.0,0.0,0.0,7,False,3|5|7|15,64,64,32,0.0002,8,1,1.0,0.6928797596693039,0.8869343734533334,0.3541203296133333,0.6458796703866667,0.6928797596693039,0.8869343734533334,0.3541203296133333,0.6458796703866667,0.6591595425705115,0.88225177925,0.3631095882833333,0.6368904117166667,0.6229538775980472,0.8577137168333333,0.368214849,0.0038382366933332746,,,,,,,,,,,,,ok,0,True
E022,,,normalized,add_proj,0.12,0.08,64,4,4.0,1.0,10.0,0.0,0.0,0.0,0.0,7,False,3|5|7|15,64,64,,0.0002,8,1,1.0,,,,,,,,,,,,,,,,,,,,,,,,,,,,,config_only,,False
E022,epoch_0001,1,normalized,add_proj,0.12,0.08,64,4,4.0,1.0,10.0,0.0,0.0,0.0,0.0,7,False,3|5|7|15,64,64,32,0.0002,8,1,1.0,0.6821583541631699,0.9010874188800001,0.3272006829333333,0.6727993170666666,0.6821583541631699,0.9010874188800001,0.3272006829333333,0.6727993170666666,0.6467033444344997,0.8988600167333335,0.33395125188333336,0.6660487481166666,0.6079272126158078,0.8804295762500001,0.3399053494166667,0.0010234024933333252,,,,,,,,,,,,,ok,0,True
E022,epoch_0002,2,normalized,add_proj,0.12,0.08,64,4,4.0,1.0,10.0,0.0,0.0,0.0,0.0,7,False,3|5|7|15,64,64,32,0.0002,8,1,1.0,0.684388314048449,0.8994226046533335,0.33113045193333335,0.6688695480666667,0.684388314048449,0.8994226046533335,0.33113045193333335,0.6688695480666667,0.6494506206611792,0.8965424085999999,0.33928152175,0.66071847825,0.6099051999549071,0.8801103471666667,0.3450866714166667,0.0010234024933333252,,,,,,,,,,,,,ok,0,True
E022,epoch_0003,3,normalized,add_proj,0.12,0.08,64,4,4.0,1.0,10.0,0.0,0.0,0.0,0.0,7,False,3|5|7|15,64,64,32,0.0002,8,1,1.0,0.6849832101662954,0.9010801094,0.32822408542666665,0.6717759145733333,0.6849832101662954,0.9010801094,0.32822408542666665,0.6717759145733333,0.6498407635092736,0.8980168615666667,0.3364826692,0.6635173308,0.6094899199903011,0.8823406649166666,0.3423176900833333,0.0010234024933333252,,,,,,,,,,,,,ok,0,True
E022,epoch_0004,4,normalized,add_proj,0.12,0.08,64,4,4.0,1.0,10.0,0.0,0.0,0.0,0.0,7,False,3|5|7|15,64,64,32,0.0002,8,1,1.0,0.6847941554784776,0.9014823534133334,0.3265142013733333,0.6734857986266667,0.6847941554784776,0.9014823534133334,0.3265142013733333,0.6734857986266667,0.6495935653150082,0.8983469596499999,0.3344987146666667,0.6655012853333333,0.6085836360851924,0.8820963115833333,0.341189392,0.0010234024933333252,,,,,,,,,,,,,ok,0,True
E022,epoch_0005,5,normalized,add_proj,0.12,0.08,64,4,4.0,1.0,10.0,0.0,0.0,0.0,0.0,7,False,3|5|7|15,64,64,32,0.0002,8,1,1.0,0.6850160826047262,0.9011100345733334,0.32692987954666664,0.6730701204533334,0.6850160826047262,0.9011100345733334,0.32692987954666664,0.6730701204533334,0.6497992124160131,0.8979082509166666,0.3346216816333333,0.6653783183666667,0.608626742909352,0.8825294878333334,0.3394832891666667,0.0010234024933333252,,,,,,,,,,,,,ok,0,True
E022,epoch_0006,6,normalized,add_proj,0.12,0.08,64,4,4.0,1.0,10.0,0.0,0.0,0.0,0.0,7,False,3|5|7|15,64,64,32,0.0002,8,1,1.0,0.6852304845650992,0.8986682242533334,0.33000954932,0.6699904506800001,0.6852304845650992,0.8986682242533334,0.33000954932,0.6699904506800001,0.6501009038090706,0.8952286059666668,0.3375664523666667,0.6624335476333333,0.6089172420402368,0.8783830548333332,0.3394380311666667,0.0010234024933333252,,,,,,,,,,,,,ok,0,True
E022,epoch_0007,7,normalized,add_proj,0.12,0.08,64,4,4.0,1.0,10.0,0.0,0.0,0.0,0.0,7,False,3|5|7|15,64,64,32,0.0002,8,1,1.0,0.6862751536766687,0.8969077973999999,0.33285748956,0.66714251044,0.6862751536766687,0.8969077973999999,0.33285748956,0.66714251044,0.6513515634834767,0.8933335264333333,0.3406992370666667,0.6593007629333333,0.6112850258747736,0.8737431571666665,0.3448887846666666,0.0010234024933333252,,,,,,,,,,,,,ok,0,True
E022,epoch_0008,8,normalized,add_proj,0.12,0.08,64,4,4.0,1.0,10.0,0.0,0.0,0.0,0.0,7,False,3|5|7|15,64,64,32,0.0002,8,1,1.0,0.6849583112398784,0.89829377916,0.33155750758666663,0.6684424924133334,0.6849583112398784,0.89829377916,0.33155750758666663,0.6684424924133334,0.6497166419029237,0.8949088134500001,0.33931994116666664,0.6606800588333334,0.6088743867973487,0.87672360675,0.3403099911666667,0.0010234024933333252,,,,,,,,,,,,,ok,0,True
E023,,,normalized,add_proj,0.12,0.08,64,4,4.0,1.0,12.5,0.0,0.0,0.0,0.0,7,False,3|5|7|15,64,64,,0.0002,8,1,1.0,,,,,,,,,,,,,,,,,,,,,,,,,,,,,config_only,,False
E023,epoch_0001,1,normalized,add_proj,0.12,0.08,64,4,4.0,1.0,12.5,0.0,0.0,0.0,0.0,7,False,3|5|7|15,64,64,32,0.0002,8,1,1.0,0.6861935578187307,0.8979929897066667,0.3346299983333333,0.6653700016666667,0.6861935578187307,0.8979929897066667,0.3346299983333333,0.6653700016666667,0.6513687576850256,0.8952391028833333,0.34250325005,0.65749674995,0.6144492181638876,0.8742548234166667,0.35316657533333334,0.002469758746666717,,,,,,,,,,,,,ok,0,True
E023,epoch_0002,2,normalized,add_proj,0.12,0.08,64,4,4.0,1.0,12.5,0.0,0.0,0.0,0.0,7,False,3|5|7|15,64,64,32,0.0002,8,1,1.0,0.6881746569474538,0.8961203636133334,0.3377618068666667,0.6622381931333333,0.6881746569474538,0.8961203636133334,0.3377618068666667,0.6622381931333333,0.6535933419068654,0.89268255765,0.3467734758333333,0.6532265241666667,0.6173389616111914,0.8733588666666666,0.359676821,0.002469758746666717,,,,,,,,,,,,,ok,0,True
E023,epoch_0003,3,normalized,add_proj,0.12,0.08,64,4,4.0,1.0,12.5,0.0,0.0,0.0,0.0,7,False,3|5|7|15,64,64,32,0.0002,8,1,1.0,0.6883889265855154,0.8964101732533334,0.33709975708,0.6629002429199999,0.6883889265855154,0.8964101732533334,0.33709975708,0.6629002429199999,0.6538003964225451,0.8927394561833333,0.34623453618333333,0.6537654638166667,0.6158581602076689,0.8754401858333334,0.35766973283333336,0.002469758746666717,,,,,,,,,,,,,ok,0,True
E023,epoch_0004,4,normalized,add_proj,0.12,0.08,64,4,4.0,1.0,12.5,0.0,0.0,0.0,0.0,7,False,3|5|7|15,64,64,32,0.0002,8,1,1.0,0.6889822779099145,0.8965486197066668,0.33650374328,0.66349625672,0.6889822779099145,0.8965486197066668,0.33650374328,0.66349625672,0.654479380796353,0.8927952207833334,0.3455918588166666,0.6544081411833333,0.6154695476094881,0.8741291901666668,0.3574718225,0.002469758746666717,,,,,,,,,,,,,ok,0,True
E023,epoch_0005,5,normalized,add_proj,0.12,0.08,64,4,4.0,1.0,12.5,0.0,0.0,0.0,0.0,7,False,3|5|7|15,64,64,32,0.0002,8,1,1.0,0.6884131733576456,0.8961074465466666,0.33678981694666665,0.6632101830533333,0.6884131733576456,0.8961074465466666,0.33678981694666665,0.6632101830533333,0.6538320833444595,0.8923795884500001,0.3454009994166667,0.6545990005833333,0.6145290891329447,0.8740192768333332,0.35334455358333333,0.002469758746666717,,,,,,,,,,,,,ok,0,True
E023,epoch_0006,6,normalized,add_proj,0.12,0.08,64,4,4.0,1.0,12.5,0.0,0.0,0.0,0.0,7,False,3|5|7|15,64,64,32,0.0002,8,1,1.0,0.6885498964389165,0.8935834497466666,0.33979059506666665,0.6602094049333334,0.6885498964389165,0.8935834497466666,0.33979059506666665,0.6602094049333334,0.6542162211239337,0.8897968673666667,0.3482770686833333,0.6517229313166667,0.6156768468519052,0.8700514669166666,0.3544194180833333,0.002469758746666717,,,,,,,,,,,,,ok,0,True
E023,epoch_0007,7,normalized,add_proj,0.12,0.08,64,4,4.0,1.0,12.5,0.0,0.0,0.0,0.0,7,False,3|5|7|15,64,64,32,0.0002,8,1,1.0,0.6890942119757334,0.8925719240933333,0.34194252368,0.65805747632,0.6890942119757334,0.8925719240933333,0.34194252368,0.65805747632,0.654699794948101,0.8886051203,0.35053015691666667,0.6494698430833333,0.6165289672712485,0.8671591425833335,0.35735367883333335,0.002469758746666717,,,,,,,,,,,,,ok,0,True
E023,epoch_0008,8,normalized,add_proj,0.12,0.08,64,4,4.0,1.0,12.5,0.0,0.0,0.0,0.0,7,False,3|5|7|15,64,64,32,0.0002,8,1,1.0,0.687636083960533,0.8939540565466666,0.34069688797333336,0.6593031120266666,0.687636083960533,0.8939540565466666,0.34069688797333336,0.6593031120266666,0.6529633228480816,0.8902569773166666,0.3491335871333333,0.6508664128666667,0.6136828911801179,0.87018263575,0.35130127699999997,0.002469758746666717,,,,,,,,,,,,,ok,0,True
E024,,,normalized,add_proj,0.12,0.08,64,4,4.0,1.0,15.0,0.0,0.0,0.0,0.0,7,False,3|5|7|15,64,64,,0.0002,8,1,1.0,,,,,,,,,,,,,,,,,,,,,,,,,,,,,config_only,,False
E024,epoch_0001,1,normalized,add_proj,0.12,0.08,64,4,4.0,1.0,15.0,0.0,0.0,0.0,0.0,7,False,3|5|7|15,64,64,32,0.0002,8,1,1.0,0.6892467471758523,0.8941830682000002,0.3425431627333333,0.6574568372666667,0.6892467471758523,0.8941830682000002,0.3425431627333333,0.6574568372666667,0.6549365753928821,0.8909041909166667,0.3510929693833333,0.6489070306166667,0.6208875566720963,0.8677247910000001,0.3641902673333333,0.0030356989066667173,,,,,,,,,,,,,ok,0,True
E024,epoch_0002,2,normalized,add_proj,0.12,0.08,64,4,4.0,1.0,15.0,0.0,0.0,0.0,0.0,7,False,3|5|7|15,64,64,32,0.0002,8,1,1.0,0.6906558073361714,0.8922745655866667,0.34607353096,0.65392646904,0.6906558073361714,0.8922745655866667,0.34607353096,0.65392646904,0.6566926857829094,0.8884375480500001,0.3555799940333334,0.6444200059666666,0.6213570654392242,0.8680319000833334,0.37082746800000005,0.0030356989066667173,,,,,,,,,,,,,ok,0,True
E024,epoch_0003,3,normalized,add_proj,0.12,0.08,64,4,4.0,1.0,15.0,0.0,0.0,0.0,0.0,7,False,3|5|7|15,64,64,32,0.0002,8,1,1.0,0.6913883790572484,0.8924628739733333,0.34557886164,0.65442113836,0.6913883790572484,0.8924628739733333,0.34557886164,0.65442113836,0.6575201551616192,0.8884675229666668,0.3550418771166667,0.6449581228833333,0.6214952404300372,0.8694935529166667,0.37104123433333336,0.0030356989066667173,,,,,,,,,,,,,ok,0,True
E024,epoch_0004,4,normalized,add_proj,0.12,0.08,64,4,4.0,1.0,15.0,0.0,0.0,0.0,0.0,7,False,3|5|7|15,64,64,32,0.0002,8,1,1.0,0.6921732344230017,0.8922321406266667,0.3463411562533333,0.6536588437466667,0.6921732344230017,0.8922321406266667,0.3463411562533333,0.6536588437466667,0.6582977670927843,0.8880734697499999,0.35558265050000004,0.6444173495,0.6214380189776421,0.8678600465833334,0.37141184958333334,0.0030356989066667173,,,,,,,,,,,,,ok,0,True
E024,epoch_0005,5,normalized,add_proj,0.12,0.08,64,4,4.0,1.0,15.0,0.0,0.0,0.0,0.0,7,False,3|5|7|15,64,64,32,0.0002,8,1,1.0,0.6911366089582444,0.89180697448,0.34534941180000006,0.6546505882,0.6911366089582444,0.89180697448,0.34534941180000006,0.6546505882,0.6570255926748116,0.8877033424666665,0.3541964544,0.6458035456,0.6198367357254029,0.8677344773333333,0.36429904525000006,0.0030356989066667173,,,,,,,,,,,,,ok,0,True
E024,epoch_0006,6,normalized,add_proj,0.12,0.08,64,4,4.0,1.0,15.0,0.0,0.0,0.0,0.0,7,False,3|5|7|15,64,64,32,0.0002,8,1,1.0,0.6914372361501059,0.8890295372133333,0.34699059798666665,0.6530094020133334,0.6914372361501059,0.8890295372133333,0.34699059798666665,0.6530094020133334,0.6575976165135702,0.8846294742999999,0.35573257128333335,0.6442674287166666,0.6208263427019118,0.8633082320000001,0.36412179224999996,0.0030356989066667173,,,,,,,,,,,,,ok,0,True
E024,epoch_0007,7,normalized,add_proj,0.12,0.08,64,4,4.0,1.0,15.0,0.0,0.0,0.0,0.0,7,False,3|5|7|15,64,64,32,0.0002,8,1,1.0,0.6918765408992766,0.8883529860133332,0.34916803658666656,0.6508319634133335,0.6918765408992766,0.8883529860133332,0.34916803658666656,0.6508319634133335,0.6580592680970828,0.8839792127666666,0.35814387439999995,0.6418561256,0.6224773834149042,0.859958991,0.3679861493333333,0.0030356989066667173,,,,,,,,,,,,,ok,0,True
E024,epoch_0008,8,normalized,add_proj,0.12,0.08,64,4,4.0,1.0,15.0,0.0,0.0,0.0,0.0,7,False,3|5|7|15,64,64,32,0.0002,8,1,1.0,0.6906144095659257,0.8896968057733335,0.3480065629466666,0.6519934370533333,0.6906144095659257,0.8896968057733335,0.3480065629466666,0.6519934370533333,0.6565517796576023,0.8854164550333333,0.3569549451833333,0.6430450548166666,0.61967736830314,0.8627810309166667,0.36201069108333334,0.0030356989066667173,,,,,,,,,,,,,ok,0,True
E025,,,add_proj,add_proj,0.12,0.08,64,4,2.0,1.0,12.5,0.0,0.0,0.0,0.0,7,False,3|5|7|15,64,64,,0.0002,8,1,1.0,,,,,,,,,,,,,,,,,,,,,,,,,,,,,config_only,,False
E025,epoch_0001,1,add_proj,add_proj,0.12,0.08,64,4,2.0,1.0,12.5,0.0,0.0,0.0,0.0,7,False,3|5|7|15,64,64,32,0.0002,8,1,1.0,0.6930565042893092,0.8876472449733334,0.3581628873466666,0.6418371126533333,0.6930565042893092,0.8876472449733334,0.3581628873466666,0.6418371126533333,0.6596788280705612,0.8835307764833333,0.3676032441833333,0.6323967558166668,0.6276818794508775,0.8573280706666666,0.3854121908333333,0.0032305598266667013,,,,,,,,,,,,,ok,0,True
E025,epoch_0002,2,add_proj,add_proj,0.12,0.08,64,4,2.0,1.0,12.5,0.0,0.0,0.0,0.0,7,False,3|5|7|15,64,64,32,0.0002,8,1,1.0,0.6936965550978978,0.8861246537333334,0.3592568685333334,0.6407431314666666,0.6936965550978978,0.8861246537333334,0.3592568685333334,0.6407431314666666,0.6602252202729384,0.8817013286,0.36942653398333336,0.6305734660166666,0.6264768595496815,0.8597821395,0.3885490478333334,0.0032305598266667013,,,,,,,,,,,,,ok,0,True
E025,epoch_0003,3,add_proj,add_proj,0.12,0.08,64,4,2.0,1.0,12.5,0.0,0.0,0.0,0.0,7,False,3|5|7|15,64,64,32,0.0002,8,1,1.0,0.6947068381309509,0.8848040812800001,0.3613934471733333,0.6386065528266667,0.6947068381309509,0.8848040812800001,0.3613934471733333,0.6386065528266667,0.6615548474589985,0.8802413792999999,0.3718074365833333,0.6281925634166667,0.6278236957887808,0.8597395674999999,0.39552862391666666,0.0032305598266667013,,,,,,,,,,,,,ok,0,True
E025,epoch_0004,4,add_proj,add_proj,0.12,0.08,64,4,2.0,1.0,12.5,0.0,0.0,0.0,0.0,7,False,3|5|7|15,64,64,32,0.0002,8,1,1.0,0.6961380003293356,0.8819040632933333,0.36446838150666666,0.6355316184933333,0.6961380003293356,0.8819040632933333,0.36446838150666666,0.6355316184933333,0.6633918330073356,0.8770950582666666,0.37487327228333334,0.6251267277166667,0.6298164042333763,0.8558391468333333,0.39922224716666666,0.0032305598266667013,,,,,,,,,,,,,ok,0,True
E025,epoch_0005,5,add_proj,add_proj,0.12,0.08,64,4,2.0,1.0,12.5,0.0,0.0,0.0,0.0,7,False,3|5|7|15,64,64,32,0.0002,8,1,1.0,0.6962368150154749,0.87997727504,0.3658582860533333,0.6341417139466667,0.6962368150154749,0.87997727504,0.3658582860533333,0.6341417139466667,0.6634441452721754,0.8750192959166666,0.37605726041666665,0.6239427395833334,0.6307610780000686,0.85334755625,0.39457193916666666,0.0032305598266667013,,,,,,,,,,,,,ok,0,True
E025,epoch_0006,6,add_proj,add_proj,0.12,0.08,64,4,2.0,1.0,12.5,0.0,0.0,0.0,0.0,7,False,3|5|7|15,64,64,32,0.0002,8,1,1.0,0.6963521357377371,0.8766253850533333,0.36878992746666667,0.6312100725333334,0.6963521357377371,0.8766253850533333,0.36878992746666667,0.6312100725333334,0.6638198501865069,0.8714468421999999,0.3788476808833333,0.6211523191166667,0.6326058380305768,0.8502505025833333,0.39478548466666663,0.0032305598266667013,,,,,,,,,,,,,ok,0,True
E025,epoch_0007,7,add_proj,add_proj,0.12,0.08,64,4,2.0,1.0,12.5,0.0,0.0,0.0,0.0,7,False,3|5|7|15,64,64,32,0.0002,8,1,1.0,0.6969971800247827,0.8755494736666667,0.37099659928,0.62900340072,0.6969971800247827,0.8755494736666667,0.37099659928,0.62900340072,0.66447464838624,0.8704278917666667,0.38119144125,0.6188085587500001,0.6337442410488923,0.8473156380833333,0.39823279991666666,0.0032305598266667013,,,,,,,,,,,,,ok,0,True
E025,epoch_0008,8,add_proj,add_proj,0.12,0.08,64,4,2.0,1.0,12.5,0.0,0.0,0.0,0.0,7,False,3|5|7|15,64,64,32,0.0002,8,1,1.0,0.6962024169762931,0.8769169446799999,0.37078935758666676,0.6292106424133332,0.6962024169762931,0.8769169446799999,0.37078935758666676,0.6292106424133332,0.663471273481846,0.8717288971666667,0.38104361843333334,0.6189563815666667,0.6318789298335711,0.8493199455,0.39213067783333333,0.0032305598266667013,,,,,,,,,,,,,ok,0,True
E026,,,none,add_proj,0.12,0.08,64,4,2.0,1.0,12.5,0.0,0.0,0.0,0.0,7,False,3|5|7|15,64,64,,0.0002,8,1,1.0,,,,,,,,,,,,,,,,,,,,,,,,,,,,,config_only,,False
E026,epoch_0001,1,none,add_proj,0.12,0.08,64,4,2.0,1.0,12.5,0.0,0.0,0.0,0.0,7,False,3|5|7|15,64,64,32,0.0002,8,1,1.0,0.6912232932647068,0.8869779001466667,0.35943756547999994,0.6405624345200001,0.6912232932647068,0.8869779001466667,0.35943756547999994,0.6405624345200001,0.6575496178368727,0.8827679113666667,0.3692856304666667,0.6307143695333333,0.6226370672384898,0.8631614068333333,0.37979992783333333,0.009090788413333328,,,,,,,,,,,,,ok,0,True
E026,epoch_0002,2,none,add_proj,0.12,0.08,64,4,2.0,1.0,12.5,0.0,0.0,0.0,0.0,7,False,3|5|7|15,64,64,32,0.0002,8,1,1.0,0.6940751088460287,0.8839712168266665,0.3662203196666667,0.6337796803333333,0.6940751088460287,0.8839712168266665,0.3662203196666667,0.6337796803333333,0.6610121562083562,0.8792392716333334,0.37732964593333335,0.6226703540666667,0.6275302805006504,0.8608058059166666,0.39598170108333336,0.009090788413333328,,,,,,,,,,,,,ok,0,True
E026,epoch_0003,3,none,add_proj,0.12,0.08,64,4,2.0,1.0,12.5,0.0,0.0,0.0,0.0,7,False,3|5|7|15,64,64,32,0.0002,8,1,1.0,0.6941751871109009,0.8832736207199998,0.36852835389333327,0.6314716461066667,0.6941751871109009,0.8832736207199998,0.36852835389333327,0.6314716461066667,0.6610947041710217,0.8785933666,0.37927998101666666,0.6207200189833333,0.6275006686647733,0.8610201363333334,0.4006881179166667,0.009090788413333328,,,,,,,,,,,,,ok,0,True
E026,epoch_0004,4,none,add_proj,0.12,0.08,64,4,2.0,1.0,12.5,0.0,0.0,0.0,0.0,7,False,3|5|7|15,64,64,32,0.0002,8,1,1.0,0.6948218917449316,0.8819166799733335,0.37278590009333334,0.6272140999066667,0.6948218917449316,0.8819166799733335,0.37278590009333334,0.6272140999066667,0.6620581865807375,0.8773771455833332,0.3834773113,0.6165226886999999,0.6292929540077845,0.86013141575,0.4063509075833333,0.009090788413333328,,,,,,,,,,,,,ok,0,True
E026,epoch_0005,5,none,add_proj,0.12,0.08,64,4,2.0,1.0,12.5,0.0,0.0,0.0,0.0,7,False,3|5|7|15,64,64,32,0.0002,8,1,1.0,0.6944851403236388,0.8804003256133334,0.37359752088,0.62640247912,0.6944851403236388,0.8804003256133334,0.37359752088,0.62640247912,0.6616205520431201,0.8757835109000001,0.38398439245000004,0.61601560755,0.629249352713426,0.8601673169166666,0.40252608283333335,0.009090788413333328,,,,,,,,,,,,,ok,0,True
E026,epoch_0006,6,none,add_proj,0.12,0.08,64,4,2.0,1.0,12.5,0.0,0.0,0.0,0.0,7,False,3|5|7|15,64,64,32,0.0002,8,1,1.0,0.6946342395941417,0.8766462176533332,0.37651728124,0.62348271876,0.6946342395941417,0.8766462176533332,0.37651728124,0.62348271876,0.661993695795536,0.8716959196333333,0.38710060515,0.61289939485,0.6288868350287279,0.8577017369166666,0.3994478645,0.009090788413333328,,,,,,,,,,,,,ok,0,True
E026,epoch_0007,7,none,add_proj,0.12,0.08,64,4,2.0,1.0,12.5,0.0,0.0,0.0,0.0,7,False,3|5|7|15,64,64,32,0.0002,8,1,1.0,0.6960070811907451,0.8723534395599999,0.3822280980799999,0.6177719019200001,0.6960070811907451,0.8723534395599999,0.3822280980799999,0.6177719019200001,0.6637817299365998,0.8672716058666667,0.39316862210000003,0.6068313779,0.6320778625706832,0.8545607344166667,0.40773493924999993,0.009090788413333328,,,,,,,,,,,,,ok,0,True
E026,epoch_0008,8,none,add_proj,0.12,0.08,64,4,2.0,1.0,12.5,0.0,0.0,0.0,0.0,7,False,3|5|7|15,64,64,32,0.0002,8,1,1.0,0.6946297863324484,0.8730791469466667,0.38020660594666666,0.6197933940533333,0.6946297863324484,0.8730791469466667,0.38020660594666666,0.6197933940533333,0.6620320494969686,0.8681028676166666,0.39098500785,0.60901499215,0.629733236382405,0.8558578793333333,0.4007253393333333,0.009090788413333328,,,,,,,,,,,,,ok,0,True
E027,,,add_proj,add_proj,0.12,0.08,64,4,3.0,1.0,12.5,0.0,0.0,0.0,0.0,7,False,3|5|7|15,64,64,,0.0002,8,1,1.0,,,,,,,,,,,,,,,,,,,,,,,,,,,,,config_only,,False
E027,epoch_0001,1,add_proj,add_proj,0.12,0.08,64,4,3.0,1.0,12.5,0.0,0.0,0.0,0.0,7,False,3|5|7|15,64,64,32,0.0002,8,1,1.0,0.689780523777008,0.8933520578533333,0.34583946033333335,0.6541605396666667,0.689780523777008,0.8933520578533333,0.34583946033333335,0.6541605396666667,0.6554898687203725,0.8899343631833334,0.3544467968,0.6455532032,0.621527681996425,0.86671171575,0.36743561275,0.0044754239066666646,,,,,,,,,,,,,ok,0,True
E027,epoch_0002,2,add_proj,add_proj,0.12,0.08,64,4,3.0,1.0,12.5,0.0,0.0,0.0,0.0,7,False,3|5|7|15,64,64,32,0.0002,8,1,1.0,0.6913719077905018,0.8912303606133335,0.34814886970666664,0.6518511302933334,0.6913719077905018,0.8912303606133335,0.34814886970666664,0.6518511302933334,0.6574771754940351,0.8872264773333335,0.3578437874666667,0.6421562125333333,0.6219526747862498,0.868442549,0.37213323725,0.0044754239066666646,,,,,,,,,,,,,ok,0,True
E027,epoch_0003,3,add_proj,add_proj,0.12,0.08,64,4,3.0,1.0,12.5,0.0,0.0,0.0,0.0,7,False,3|5|7|15,64,64,32,0.0002,8,1,1.0,0.6925374138752619,0.8911194961866667,0.35031488424,0.64968511576,0.6925374138752619,0.8911194961866667,0.35031488424,0.64968511576,0.6587997149924437,0.8869748633833334,0.36038023685,0.63961976315,0.6231092038253943,0.8676891958333334,0.37994188816666663,0.0044754239066666646,,,,,,,,,,,,,ok,0,True
E027,epoch_0004,4,add_proj,add_proj,0.12,0.08,64,4,3.0,1.0,12.5,0.0,0.0,0.0,0.0,7,False,3|5|7|15,64,64,32,0.0002,8,1,1.0,0.6930368975798289,0.8909626631733335,0.35046899550666666,0.6495310044933333,0.6930368975798289,0.8909626631733335,0.35046899550666666,0.6495310044933333,0.6593412994345029,0.8867641364333334,0.36012057635,0.6398794236500001,0.6240252584218979,0.8656383935,0.37890788175,0.0044754239066666646,,,,,,,,,,,,,ok,0,True
E027,epoch_0005,5,add_proj,add_proj,0.12,0.08,64,4,3.0,1.0,12.5,0.0,0.0,0.0,0.0,7,False,3|5|7|15,64,64,32,0.0002,8,1,1.0,0.6928111830155056,0.8901645958533335,0.3500484219333334,0.6499515780666666,0.6928111830155056,0.8901645958533335,0.3500484219333334,0.6499515780666666,0.6590728979806105,0.8859439118999999,0.3593560993833333,0.6406439006166667,0.6236707905928294,0.8650999456666667,0.3739497488333333,0.0044754239066666646,,,,,,,,,,,,,ok,0,True
E027,epoch_0006,6,add_proj,add_proj,0.12,0.08,64,4,3.0,1.0,12.5,0.0,0.0,0.0,0.0,7,False,3|5|7|15,64,64,32,0.0002,8,1,1.0,0.6924530592362086,0.8880883578,0.3508300380266667,0.6491699619733333,0.6924530592362086,0.8880883578,0.3508300380266667,0.6491699619733333,0.6588213401536147,0.8836811587,0.3600252465166667,0.6399747534833333,0.6234596704443296,0.8623512461666667,0.37129884808333335,0.0044754239066666646,,,,,,,,,,,,,ok,0,True
E027,epoch_0007,7,add_proj,add_proj,0.12,0.08,64,4,3.0,1.0,12.5,0.0,0.0,0.0,0.0,7,False,3|5|7|15,64,64,32,0.0002,8,1,1.0,0.6930674559672674,0.8868524747466666,0.3531611331733333,0.6468388668266667,0.6930674559672674,0.8868524747466666,0.3531611331733333,0.6468388668266667,0.6594457542399565,0.88225710865,0.3625736275666666,0.6374263724333333,0.6250051120917002,0.8597830053333333,0.3737672340833333,0.0044754239066666646,,,,,,,,,,,,,ok,0,True
E027,epoch_0008,8,add_proj,add_proj,0.12,0.08,64,4,3.0,1.0,12.5,0.0,0.0,0.0,0.0,7,False,3|5|7|15,64,64,32,0.0002,8,1,1.0,0.6912646511395772,0.8884236808666666,0.35210213314666666,0.6478978668533333,0.6912646511395772,0.8884236808666666,0.35210213314666666,0.6478978668533333,0.6573268618186315,0.8840711559666667,0.3614891230833333,0.6385108769166667,0.6212279995282491,0.8628787009999999,0.3670753695833333,0.0044754239066666646,,,,,,,,,,,,,ok,0,True
E028,,,none,add_proj,0.12,0.08,64,4,3.0,1.0,12.5,0.0,0.0,0.0,0.0,7,False,3|5|7|15,64,64,,0.0002,8,1,1.0,,,,,,,,,,,,,,,,,,,,,,,,,,,,,config_only,,False
E028,epoch_0001,1,none,add_proj,0.12,0.08,64,4,3.0,1.0,12.5,0.0,0.0,0.0,0.0,7,False,3|5|7|15,64,64,32,0.0002,8,1,1.0,0.687933989882469,0.8918857771333333,0.34946505456000004,0.65053494544,0.687933989882469,0.8918857771333333,0.34946505456000004,0.65053494544,0.653691611935695,0.8883540816166666,0.3582973238666667,0.6417026761333333,0.6170148206253846,0.8692008994166667,0.36311654824999995,0.0032087403866665754,,,,,,,,,,,,,ok,0,True
E028,epoch_0002,2,none,add_proj,0.12,0.08,64,4,3.0,1.0,12.5,0.0,0.0,0.0,0.0,7,False,3|5|7|15,64,64,32,0.0002,8,1,1.0,0.6905006613334019,0.8894732972666667,0.35254881588000003,0.6474511841199999,0.6905006613334019,0.8894732972666667,0.35254881588000003,0.6474511841199999,0.6567680408060552,0.8852324229833334,0.362630258,0.637369742,0.6214988032976786,0.8667863998333332,0.371588319,0.0032087403866665754,,,,,,,,,,,,,ok,0,True
E028,epoch_0003,3,none,add_proj,0.12,0.08,64,4,3.0,1.0,12.5,0.0,0.0,0.0,0.0,7,False,3|5|7|15,64,64,32,0.0002,8,1,1.0,0.690879277030627,0.8906210705599998,0.3526737949466666,0.6473262050533334,0.690879277030627,0.8906210705599998,0.3526737949466666,0.6473262050533334,0.6570485163231691,0.8865056299166667,0.36246692025,0.6375330797500001,0.621106430143118,0.86897843375,0.37255196924999995,0.0032087403866665754,,,,,,,,,,,,,ok,0,True
E028,epoch_0004,4,none,add_proj,0.12,0.08,64,4,3.0,1.0,12.5,0.0,0.0,0.0,0.0,7,False,3|5|7|15,64,64,32,0.0002,8,1,1.0,0.6920957406759262,0.8892378970666668,0.3557915184533333,0.6442084815466667,0.6920957406759262,0.8892378970666668,0.3557915184533333,0.6442084815466667,0.6584868521988392,0.8849664353333333,0.36558841356666666,0.6344115864333333,0.6232343100011349,0.8673508571666666,0.37825178675,0.0032087403866665754,,,,,,,,,,,,,ok,0,True
E028,epoch_0005,5,none,add_proj,0.12,0.08,64,4,3.0,1.0,12.5,0.0,0.0,0.0,0.0,7,False,3|5|7|15,64,64,32,0.0002,8,1,1.0,0.6922338668107986,0.8882392667066666,0.35882698782666667,0.6411730121733333,0.6922338668107986,0.8882392667066666,0.35882698782666667,0.6411730121733333,0.6587842895090581,0.8839217680500001,0.3686287414666666,0.6313712585333334,0.6243710326651732,0.8661146700833333,0.38095947249999995,0.0032087403866665754,,,,,,,,,,,,,ok,0,True
E028,epoch_0006,6,none,add_proj,0.12,0.08,64,4,3.0,1.0,12.5,0.0,0.0,0.0,0.0,7,False,3|5|7|15,64,64,32,0.0002,8,1,1.0,0.6927831218640008,0.8853263763466667,0.36152450360000005,0.6384754963999999,0.6927831218640008,0.8853263763466667,0.36152450360000005,0.6384754963999999,0.659435466080904,0.8808538883000001,0.37141807461666676,0.6285819253833332,0.6245188876986504,0.8646881960833334,0.3778670981666667,0.0032087403866665754,,,,,,,,,,,,,ok,0,True
E028,epoch_0007,7,none,add_proj,0.12,0.08,64,4,3.0,1.0,12.5,0.0,0.0,0.0,0.0,7,False,3|5|7|15,64,64,32,0.0002,8,1,1.0,0.6933643610080084,0.8826384123600001,0.3653370361333333,0.6346629638666668,0.6933643610080084,0.8826384123600001,0.3653370361333333,0.6346629638666668,0.6602314887940886,0.8779407599333332,0.3754591402833333,0.6245408597166666,0.6263024295369783,0.8619548463333334,0.38428427991666675,0.0032087403866665754,,,,,,,,,,,,,ok,0,True
E028,epoch_0008,8,none,add_proj,0.12,0.08,64,4,3.0,1.0,12.5,0.0,0.0,0.0,0.0,7,False,3|5|7|15,64,64,32,0.0002,8,1,1.0,0.692193107485771,0.8840220891866666,0.3630307776266667,0.6369692223733333,0.692193107485771,0.8840220891866666,0.3630307776266667,0.6369692223733333,0.6586298397680125,0.8794175907666666,0.37285712618333333,0.6271428738166667,0.6237735023101171,0.8645397445,0.3758222875,0.0032087403866665754,,,,,,,,,,,,,ok,0,True
E029,,,normalized,add_proj,0.12,0.08,64,4,2.0,0.5,12.5,0.0,0.0,0.0,0.0,7,True,1|3|5|9,64,64,,0.0002,8,1,1.0,,,,,,,,,,,,,,,,,,,,,,,,,,,,,config_only,,False
E029,epoch_0001,1,normalized,add_proj,0.12,0.08,64,4,2.0,0.5,12.5,0.0,0.0,0.0,0.0,7,True,1|3|5|9,64,64,32,0.0002,8,1,1.0,0.6854623962640762,0.8635328542133334,0.3622765821866667,0.6377234178133333,0.6854623962640762,0.8635328542133334,0.3622765821866667,0.6377234178133333,0.653519201129675,0.8606593287666666,0.36687789248333336,0.6331221075166666,0.6183973227938016,0.8434501190833333,0.3721379765833333,-0.00452084130666669,,,,,,,,,,,,,ok,0,True
E029,epoch_0002,2,normalized,add_proj,0.12,0.08,64,4,2.0,0.5,12.5,0.0,0.0,0.0,0.0,7,True,1|3|5|9,64,64,32,0.0002,8,1,1.0,0.686354283650716,0.8606384809733334,0.36253226892,0.63746773108,0.686354283650716,0.8606384809733334,0.36253226892,0.63746773108,0.6546130898594856,0.8574908860166668,0.3673444065333334,0.6326555934666667,0.6219712679584821,0.8360763290833334,0.37837864683333333,-0.00452084130666669,,,,,,,,,,,,,ok,0,True
E029,epoch_0003,3,normalized,add_proj,0.12,0.08,64,4,2.0,0.5,12.5,0.0,0.0,0.0,0.0,7,True,1|3|5|9,64,64,32,0.0002,8,1,1.0,0.6860237179994584,0.8655539294266665,0.35775574088,0.6422442591199999,0.6860237179994584,0.8655539294266665,0.35775574088,0.6422442591199999,0.6538544916609923,0.8621822689166667,0.3625613698833333,0.6374386301166667,0.6193120621144772,0.8385023539166666,0.37196820925000007,-0.00452084130666669,,,,,,,,,,,,,ok,0,True
E029,epoch_0004,4,normalized,add_proj,0.12,0.08,64,4,2.0,0.5,12.5,0.0,0.0,0.0,0.0,7,True,1|3|5|9,64,64,32,0.0002,8,1,1.0,0.6852522784868875,0.8688333638399999,0.35459253847999994,0.6454074615200001,0.6852522784868875,0.8688333638399999,0.35459253847999994,0.6454074615200001,0.6524027626713117,0.8653876686166665,0.35948251784999996,0.64051748215,0.6158395409584045,0.8414591494999999,0.3655568690833333,-0.00452084130666669,,,,,,,,,,,,,ok,0,True
E029,epoch_0005,5,normalized,add_proj,0.12,0.08,64,4,2.0,0.5,12.5,0.0,0.0,0.0,0.0,7,True,1|3|5|9,64,64,32,0.0002,8,1,1.0,0.6837814240455627,0.8709578386533333,0.3522145143866667,0.6477854856133334,0.6837814240455627,0.8709578386533333,0.3522145143866667,0.6477854856133334,0.650352623263995,0.8675544051999999,0.3571485513666667,0.6428514486333333,0.6138010223706564,0.84264012025,0.3599293621666666,-0.00452084130666669,,,,,,,,,,,,,ok,0,True
E029,epoch_0006,6,normalized,add_proj,0.12,0.08,64,4,2.0,0.5,12.5,0.0,0.0,0.0,0.0,7,True,1|3|5|9,64,64,32,0.0002,8,1,1.0,0.6845282293160757,0.86829377692,0.3555662630133334,0.6444337369866666,0.6845282293160757,0.86829377692,0.3555662630133334,0.6444337369866666,0.6514991541703541,0.8647522841333333,0.3610282421166667,0.6389717578833334,0.6160948445399602,0.8379743780833333,0.36492137300000005,-0.00452084130666669,,,,,,,,,,,,,ok,0,True
E029,epoch_0007,7,normalized,add_proj,0.12,0.08,64,4,2.0,0.5,12.5,0.0,0.0,0.0,0.0,7,True,1|3|5|9,64,64,32,0.0002,8,1,1.0,0.6852745079199473,0.8660452421066667,0.35868675708,0.64131324292,0.6852745079199473,0.8660452421066667,0.35868675708,0.64131324292,0.6524066743254662,0.8622012445333332,0.3643391174166667,0.6356608825833333,0.6176149601737657,0.8362461157499999,0.36837491325000005,-0.00452084130666669,,,,,,,,,,,,,ok,0,True
E029,epoch_0008,8,normalized,add_proj,0.12,0.08,64,4,2.0,0.5,12.5,0.0,0.0,0.0,0.0,7,True,1|3|5|9,64,64,32,0.0002,8,1,1.0,0.6842570602099101,0.8635751136266667,0.35975006276000004,0.6402499372399999,0.6842570602099101,0.8635751136266667,0.35975006276000004,0.6402499372399999,0.6517062034209569,0.8600741175333333,0.36532187006666667,0.6346781299333333,0.6168138712644577,0.8361769984166667,0.3669805510833334,-0.00452084130666669,,,,,,,,,,,,,ok,0,True
E030,,,normalized,add_proj,0.12,0.08,64,4,2.0,1.0,12.5,0.0,0.0,0.0,0.0,7,True,1|3|5|9,64,64,,0.0002,8,1,1.0,,,,,,,,,,,,,,,,,,,,,,,,,,,,,config_only,,False
E030,epoch_0001,1,normalized,add_proj,0.12,0.08,64,4,2.0,1.0,12.5,0.0,0.0,0.0,0.0,7,True,1|3|5|9,64,64,32,0.0002,8,1,1.0,0.6816894872983298,0.8737414390399999,0.34756977601333333,0.6524302239866666,0.6816894872983298,0.8737414390399999,0.34756977601333333,0.6524302239866666,0.6485749814907709,0.8711196871166667,0.35220919475,0.64779080525,0.6086169078946113,0.8550258685000001,0.35705570875000003,0.003280832000000067,,,,,,,,,,,,,ok,0,True
E030,epoch_0002,2,normalized,add_proj,0.12,0.08,64,4,2.0,1.0,12.5,0.0,0.0,0.0,0.0,7,True,1|3|5|9,64,64,32,0.0002,8,1,1.0,0.6846805906295776,0.8684769964399999,0.35231456724,0.64768543276,0.6846805906295776,0.8684769964399999,0.35231456724,0.64768543276,0.6521675462524097,0.86533236405,0.35729771088333334,0.6427022891166667,0.6139485215147336,0.8475698837499999,0.36022513200000006,0.003280832000000067,,,,,,,,,,,,,ok,0,True
E030,epoch_0003,3,normalized,add_proj,0.12,0.08,64,4,2.0,1.0,12.5,0.0,0.0,0.0,0.0,7,True,1|3|5|9,64,64,32,0.0002,8,1,1.0,0.6853603493769963,0.8712446866533334,0.3508506080133334,0.6491493919866667,0.6853603493769963,0.8712446866533334,0.3508506080133334,0.6491493919866667,0.6526272941132387,0.86820243045,0.35591682351666665,0.6440831764833334,0.6153209584454696,0.8493389561666665,0.3578859108333334,0.003280832000000067,,,,,,,,,,,,,ok,0,True
E030,epoch_0004,4,normalized,add_proj,0.12,0.08,64,4,2.0,1.0,12.5,0.0,0.0,0.0,0.0,7,True,1|3|5|9,64,64,32,0.0002,8,1,1.0,0.6842770760059357,0.87487387764,0.34589546396000004,0.65410453604,0.6842770760059357,0.87487387764,0.34589546396000004,0.65410453604,0.6509041252732277,0.8719521668500001,0.3509701717833333,0.6490298282166667,0.6127685571710269,0.8511633579166666,0.35294008941666655,0.003280832000000067,,,,,,,,,,,,,ok,0,True
E030,epoch_0005,5,normalized,add_proj,0.12,0.08,64,4,2.0,1.0,12.5,0.0,0.0,0.0,0.0,7,True,1|3|5|9,64,64,32,0.0002,8,1,1.0,0.682305899699529,0.87502454992,0.34467842369333335,0.6553215763066667,0.682305899699529,0.87502454992,0.34467842369333335,0.6553215763066667,0.6485818122824033,0.8723994993333333,0.34955361065,0.65044638935,0.6094501167535782,0.8518669673333333,0.3496020370833334,0.003280832000000067,,,,,,,,,,,,,ok,0,True
E030,epoch_0006,6,normalized,add_proj,0.12,0.08,64,4,2.0,1.0,12.5,0.0,0.0,0.0,0.0,7,True,1|3|5|9,64,64,32,0.0002,8,1,1.0,0.6828520451784135,0.8703443747066667,0.3508437645866666,0.6491562354133333,0.6828520451784135,0.8703443747066667,0.3508437645866666,0.6491562354133333,0.6495779397586982,0.8673785294833332,0.35621261335,0.64378738665,0.6102411399284999,0.84580284025,0.35517014341666664,0.003280832000000067,,,,,,,,,,,,,ok,0,True
E030,epoch_0007,7,normalized,add_proj,0.12,0.08,64,4,2.0,1.0,12.5,0.0,0.0,0.0,0.0,7,True,1|3|5|9,64,64,32,0.0002,8,1,1.0,0.6834158151547115,0.8683506116533333,0.35350873295999996,0.64649126704,0.6834158151547115,0.8683506116533333,0.35350873295999996,0.64649126704,0.6504636035859584,0.8653478891999999,0.35912048534999996,0.64087951465,0.6111082650721072,0.845006854,0.35848295075000003,0.003280832000000067,,,,,,,,,,,,,ok,0,True
E030,epoch_0008,8,normalized,add_proj,0.12,0.08,64,4,2.0,1.0,12.5,0.0,0.0,0.0,0.0,7,True,1|3|5|9,64,64,32,0.0002,8,1,1.0,0.6827594081163406,0.8667688851866666,0.3528823564533333,0.6471176435466667,0.6827594081163406,0.8667688851866666,0.3528823564533333,0.6471176435466667,0.6497158350050449,0.8636239629833332,0.35830647135000004,0.64169352865,0.6096477754414081,0.8424572127500001,0.3588205993333333,0.003280832000000067,,,,,,,,,,,,,ok,0,True
E031,,,normalized,add_proj,0.12,0.08,64,4,3.0,0.5,12.5,0.0,0.0,0.0,0.0,7,True,1|3|5|9,64,64,,0.0002,8,1,1.0,,,,,,,,,,,,,,,,,,,,,,,,,,,,,config_only,,False
E031,epoch_0001,1,normalized,add_proj,0.12,0.08,64,4,3.0,0.5,12.5,0.0,0.0,0.0,0.0,7,True,1|3|5|9,64,64,32,0.0002,8,1,1.0,0.6810994946161907,0.8767885317200002,0.34241944664,0.65758055336,0.6810994946161907,0.8767885317200002,0.34241944664,0.65758055336,0.647136936187744,0.8743797162499998,0.3463293259,0.6536706741,0.6067235807577769,0.8514785169166668,0.3544217685833333,-0.0037495572266666444,,,,,,,,,,,,,ok,0,True
E031,epoch_0002,2,normalized,add_proj,0.12,0.08,64,4,3.0,0.5,12.5,0.0,0.0,0.0,0.0,7,True,1|3|5|9,64,64,32,0.0002,8,1,1.0,0.6830123643080394,0.8748395304800001,0.3459704245333334,0.6540295754666666,0.6830123643080394,0.8748395304800001,0.3459704245333334,0.6540295754666666,0.6496539879838626,0.8725414882166665,0.35020761166666664,0.6497923883333334,0.6117576402922471,0.85077911325,0.3552812654166666,-0.0037495572266666444,,,,,,,,,,,,,ok,0,True
E031,epoch_0003,3,normalized,add_proj,0.12,0.08,64,4,3.0,0.5,12.5,0.0,0.0,0.0,0.0,7,True,1|3|5|9,64,64,32,0.0002,8,1,1.0,0.6814675158262253,0.8793588935600001,0.33866988941333337,0.6613301105866667,0.6814675158262253,0.8793588935600001,0.33866988941333337,0.6613301105866667,0.6474869916339715,0.8769502137166667,0.3426306001,0.6573693999,0.6058427405854065,0.8540269436666666,0.3472608594166666,-0.0037495572266666444,,,,,,,,,,,,,ok,0,True
E031,epoch_0004,4,normalized,add_proj,0.12,0.08,64,4,3.0,0.5,12.5,0.0,0.0,0.0,0.0,7,True,1|3|5|9,64,64,32,0.0002,8,1,1.0,0.6806691389481228,0.8806039876266667,0.33664279754666665,0.6633572024533334,0.6806691389481228,0.8806039876266667,0.33664279754666665,0.6633572024533334,0.646341641098261,0.8781558982166666,0.3406109614166667,0.6593890385833333,0.6035428906480471,0.8566694458333334,0.3422299420833333,-0.0037495572266666444,,,,,,,,,,,,,ok,0,True
E031,epoch_0005,5,normalized,add_proj,0.12,0.08,64,4,3.0,0.5,12.5,0.0,0.0,0.0,0.0,7,True,1|3|5|9,64,64,32,0.0002,8,1,1.0,0.6799892920255662,0.8826689110133333,0.33365822226666664,0.6663417777333334,0.6799892920255662,0.8826689110133333,0.33365822226666664,0.6663417777333334,0.6453235871096452,0.8802838875666668,0.33763492,0.66236508,0.6026993135611216,0.85822530525,0.33815645316666665,-0.0037495572266666444,,,,,,,,,,,,,ok,0,True
E031,epoch_0006,6,normalized,add_proj,0.12,0.08,64,4,3.0,0.5,12.5,0.0,0.0,0.0,0.0,7,True,1|3|5|9,64,64,32,0.0002,8,1,1.0,0.6813557606140773,0.8796376855200001,0.33811754295999996,0.66188245704,0.6813557606140773,0.8796376855200001,0.33811754295999996,0.66188245704,0.6469647278885048,0.8768250712666668,0.34274607633333326,0.6572539236666668,0.6064956006904443,0.8504277834166666,0.34751903075,-0.0037495572266666444,,,,,,,,,,,,,ok,0,True
E031,epoch_0007,7,normalized,add_proj,0.12,0.08,64,4,3.0,0.5,12.5,0.0,0.0,0.0,0.0,7,True,1|3|5|9,64,64,32,0.0002,8,1,1.0,0.6821438225905101,0.8771888723466666,0.34194682812,0.65805317188,0.6821438225905101,0.8771888723466666,0.34194682812,0.65805317188,0.648097154299418,0.8742595826,0.34671458255000004,0.65328541745,0.6085466486712297,0.8472265855833333,0.3522742321666667,-0.0037495572266666444,,,,,,,,,,,,,ok,0,True
E031,epoch_0008,8,normalized,add_proj,0.12,0.08,64,4,3.0,0.5,12.5,0.0,0.0,0.0,0.0,7,True,1|3|5|9,64,64,32,0.0002,8,1,1.0,0.6818884897629419,0.8756820304133334,0.34252001596,0.6574799840400001,0.6818884897629419,0.8756820304133334,0.34252001596,0.6574799840400001,0.6480554315944513,0.8729436325,0.3470704350166666,0.6529295649833333,0.6084293104708194,0.8478500603333334,0.34994131175,-0.0037495572266666444,,,,,,,,,,,,,ok,0,True
E032,,,normalized,add_proj,0.12,0.08,64,4,3.0,1.0,12.5,0.0,0.0,0.0,0.0,7,True,1|3|5|9,64,64,,0.0002,8,1,1.0,,,,,,,,,,,,,,,,,,,,,,,,,,,,,config_only,,False
E032,epoch_0001,1,normalized,add_proj,0.12,0.08,64,4,3.0,1.0,12.5,0.0,0.0,0.0,0.0,7,True,1|3|5|9,64,64,32,0.0002,8,1,1.0,0.6803193943897884,0.8826087744933332,0.3348252790666666,0.6651747209333334,0.6803193943897884,0.8826087744933332,0.3348252790666666,0.6651747209333334,0.6458357224365076,0.8800967815166667,0.33877263231666666,0.6612273676833333,0.6014707595109939,0.8615684051666667,0.3424694119166667,-0.0025398910133332953,,,,,,,,,,,,,ok,0,True
E032,epoch_0002,2,normalized,add_proj,0.12,0.08,64,4,3.0,1.0,12.5,0.0,0.0,0.0,0.0,7,True,1|3|5|9,64,64,32,0.0002,8,1,1.0,0.6808027713298798,0.88090797412,0.3366433998133333,0.6633566001866666,0.6808027713298798,0.88090797412,0.3366433998133333,0.6633566001866666,0.6466234190265336,0.87840469685,0.34082585675,0.65917414325,0.6044676214456559,0.8585657525,0.34339865950000004,-0.0025398910133332953,,,,,,,,,,,,,ok,0,True
E032,epoch_0003,3,normalized,add_proj,0.12,0.08,64,4,3.0,1.0,12.5,0.0,0.0,0.0,0.0,7,True,1|3|5|9,64,64,32,0.0002,8,1,1.0,0.6797282696962356,0.88408222956,0.3322853880533333,0.6677146119466667,0.6797282696962356,0.88408222956,0.3322853880533333,0.6677146119466667,0.6452108871440093,0.8816774580166665,0.33633969570000005,0.6636603043,0.6028642368813356,0.8627648113333334,0.33749589333333335,-0.0025398910133332953,,,,,,,,,,,,,ok,0,True
E032,epoch_0004,4,normalized,add_proj,0.12,0.08,64,4,3.0,1.0,12.5,0.0,0.0,0.0,0.0,7,True,1|3|5|9,64,64,32,0.0002,8,1,1.0,0.679658172527949,0.8846815081733334,0.3306493810933333,0.6693506189066667,0.679658172527949,0.8846815081733334,0.3306493810933333,0.6693506189066667,0.6448180571198463,0.8823593888166668,0.3347710234333333,0.6652289765666667,0.6013546412189801,0.8620484951666666,0.33660544091666666,-0.0025398910133332953,,,,,,,,,,,,,ok,0,True
E032,epoch_0005,5,normalized,add_proj,0.12,0.08,64,4,3.0,1.0,12.5,0.0,0.0,0.0,0.0,7,True,1|3|5|9,64,64,32,0.0002,8,1,1.0,0.6789361100594202,0.8837142195200001,0.33119307928,0.66880692072,0.6789361100594202,0.8837142195200001,0.33119307928,0.66880692072,0.6439834173023701,0.8813064619500001,0.33533708971666665,0.6646629102833334,0.6022017166018485,0.8608879128333332,0.3363697299166667,-0.0025398910133332953,,,,,,,,,,,,,ok,0,True
E032,epoch_0006,6,normalized,add_proj,0.12,0.08,64,4,3.0,1.0,12.5,0.0,0.0,0.0,0.0,7,True,1|3|5|9,64,64,32,0.0002,8,1,1.0,0.6802510352929433,0.8788415413466667,0.33807839933333333,0.6619216006666666,0.6802510352929433,0.8788415413466667,0.33807839933333333,0.6619216006666666,0.645803516805172,0.87612644805,0.34264427445000006,0.65735572555,0.6056629575788975,0.8516139284166666,0.3452799773333333,-0.0025398910133332953,,,,,,,,,,,,,ok,0,True
E032,epoch_0007,7,normalized,add_proj,0.12,0.08,64,4,3.0,1.0,12.5,0.0,0.0,0.0,0.0,7,True,1|3|5|9,64,64,32,0.0002,8,1,1.0,0.6802873992522558,0.8782866442799999,0.34016355698666667,0.6598364430133333,0.6802873992522558,0.8782866442799999,0.34016355698666667,0.6598364430133333,0.645782997061809,0.8753916086666667,0.3449778466833333,0.6550221533166667,0.606950883815686,0.8504092398333333,0.34762396266666673,-0.0025398910133332953,,,,,,,,,,,,,ok,0,True
E032,epoch_0008,8,normalized,add_proj,0.12,0.08,64,4,3.0,1.0,12.5,0.0,0.0,0.0,0.0,7,True,1|3|5|9,64,64,32,0.0002,8,1,1.0,0.6799517407019933,0.8784168824533333,0.33842073836,0.66157926164,0.6799517407019933,0.8784168824533333,0.33842073836,0.66157926164,0.6456833642224471,0.8757971654666665,0.3429841871166666,0.6570158128833334,0.6060906785229841,0.8519127573333334,0.34557780475,-0.0025398910133332953,,,,,,,,,,,,,ok,0,True
E033,,,normalized,add_proj,0.12,0.08,64,4,2.0,0.5,15.0,0.0,0.0,0.0,0.0,7,True,1|3|5|9,64,64,,0.0002,8,1,1.0,,,,,,,,,,,,,,,,,,,,,,,,,,,,,config_only,,False
E033,epoch_0001,1,normalized,add_proj,0.12,0.08,64,4,2.0,0.5,15.0,0.0,0.0,0.0,0.0,7,True,1|3|5|9,64,64,32,0.0002,8,1,1.0,0.6846333936850229,0.8552069758666667,0.37331915164,0.6266808483599999,0.6846333936850229,0.8552069758666667,0.37331915164,0.6266808483599999,0.6532328276832898,0.8525360455833333,0.3778779607666667,0.6221220392333333,0.6224502697587013,0.83443124,0.3854071313333334,-0.0033098659466667124,,,,,,,,,,,,,ok,0,True
E033,epoch_0002,2,normalized,add_proj,0.12,0.08,64,4,2.0,0.5,15.0,0.0,0.0,0.0,0.0,7,True,1|3|5|9,64,64,32,0.0002,8,1,1.0,0.6869523958762487,0.8531618407333333,0.37477492343999996,0.62522507656,0.6869523958762487,0.8531618407333333,0.37477492343999996,0.62522507656,0.6559642753501734,0.8498922616,0.3796905328666667,0.6203094671333333,0.6257330633699895,0.8305338615,0.38825707108333335,-0.0033098659466667124,,,,,,,,,,,,,ok,0,True
E033,epoch_0003,3,normalized,add_proj,0.12,0.08,64,4,2.0,0.5,15.0,0.0,0.0,0.0,0.0,7,True,1|3|5|9,64,64,32,0.0002,8,1,1.0,0.6873255915641786,0.8580870883733334,0.3700092856933333,0.6299907143066668,0.6873255915641786,0.8580870883733334,0.3700092856933333,0.6299907143066668,0.6554995483160019,0.8543355771833333,0.3751658427833333,0.6248341572166667,0.6232958850761254,0.8322205346666666,0.3827733295,-0.0033098659466667124,,,,,,,,,,,,,ok,0,True
E033,epoch_0004,4,normalized,add_proj,0.12,0.08,64,4,2.0,0.5,15.0,0.0,0.0,0.0,0.0,7,True,1|3|5|9,64,64,32,0.0002,8,1,1.0,0.6865539528131486,0.8628716195333332,0.36525804368,0.6347419563200001,0.6865539528131486,0.8628716195333332,0.36525804368,0.6347419563200001,0.6540260896583399,0.8591813725166666,0.3706168550333333,0.6293831449666667,0.6201445112625759,0.8349668254166666,0.37615232925,-0.0033098659466667124,,,,,,,,,,,,,ok,0,True
E033,epoch_0005,5,normalized,add_proj,0.12,0.08,64,4,2.0,0.5,15.0,0.0,0.0,0.0,0.0,7,True,1|3|5|9,64,64,32,0.0002,8,1,1.0,0.6854330606063208,0.8668773602800001,0.35964969070666664,0.6403503092933334,0.6854330606063208,0.8668773602800001,0.35964969070666664,0.6403503092933334,0.6521703173220158,0.8632284487833335,0.3650269043666666,0.6349730956333334,0.6182243170837561,0.8375388331666667,0.3686446205833333,-0.0033098659466667124,,,,,,,,,,,,,ok,0,True
E033,epoch_0006,6,normalized,add_proj,0.12,0.08,64,4,2.0,0.5,15.0,0.0,0.0,0.0,0.0,7,True,1|3|5|9,64,64,32,0.0002,8,1,1.0,0.6860379053354262,0.8638617440133334,0.3634301721866667,0.6365698278133334,0.6860379053354262,0.8638617440133334,0.3634301721866667,0.6365698278133334,0.6531495316326618,0.8599513597999999,0.36927815973333333,0.6307218402666667,0.6207249102493128,0.83220877175,0.3743521361666667,-0.0033098659466667124,,,,,,,,,,,,,ok,0,True
E033,epoch_0007,7,normalized,add_proj,0.12,0.08,64,4,2.0,0.5,15.0,0.0,0.0,0.0,0.0,7,True,1|3|5|9,64,64,32,0.0002,8,1,1.0,0.6866788665056228,0.86038010176,0.3684254910133334,0.6315745089866667,0.6866788665056228,0.86038010176,0.3684254910133334,0.6315745089866667,0.6542504294216633,0.85636437065,0.37444242071666667,0.6255575792833333,0.6215969954927762,0.8302342126666666,0.37839956008333336,-0.0033098659466667124,,,,,,,,,,,,,ok,0,True
E033,epoch_0008,8,normalized,add_proj,0.12,0.08,64,4,2.0,0.5,15.0,0.0,0.0,0.0,0.0,7,True,1|3|5|9,64,64,32,0.0002,8,1,1.0,0.6862175695896149,0.8583329489599998,0.36926056775999994,0.6307394322400001,0.6862175695896149,0.8583329489599998,0.36926056775999994,0.6307394322400001,0.6540956615408262,0.8544984265666666,0.3751446768,0.6248553232,0.621007396777471,0.82986799075,0.3765976835,-0.0033098659466667124,,,,,,,,,,,,,ok,0,True
E034,,,normalized,add_proj,0.12,0.08,64,4,2.0,1.0,15.0,0.0,0.0,0.0,0.0,7,True,1|3|5|9,64,64,,0.0002,8,1,1.0,,,,,,,,,,,,,,,,,,,,,,,,,,,,,config_only,,False
E034,epoch_0001,1,normalized,add_proj,0.12,0.08,64,4,2.0,1.0,15.0,0.0,0.0,0.0,0.0,7,True,1|3|5|9,64,64,32,0.0002,8,1,1.0,0.6837825370232262,0.8672210801466668,0.3569546085466666,0.6430453914533334,0.6837825370232262,0.8672210801466668,0.3569546085466666,0.6430453914533334,0.6511676022907097,0.8642229861499999,0.36185098001666666,0.6381490199833333,0.6142694003880024,0.8490409958333331,0.364951724,0.0023668590400000578,,,,,,,,,,,,,ok,0,True
E034,epoch_0002,2,normalized,add_proj,0.12,0.08,64,4,2.0,1.0,15.0,0.0,0.0,0.0,0.0,7,True,1|3|5|9,64,64,32,0.0002,8,1,1.0,0.6860338740746181,0.8608353741466667,0.36323249796,0.63676750204,0.6860338740746181,0.8608353741466667,0.36323249796,0.63676750204,0.6545782502988975,0.8578190530666665,0.3685688675833333,0.6314311324166667,0.6207945597668488,0.8413334813333334,0.3727011335833333,0.0023668590400000578,,,,,,,,,,,,,ok,0,True
E034,epoch_0003,3,normalized,add_proj,0.12,0.08,64,4,2.0,1.0,15.0,0.0,0.0,0.0,0.0,7,True,1|3|5|9,64,64,32,0.0002,8,1,1.0,0.685416959563891,0.86344318776,0.35932146758666667,0.6406785324133333,0.685416959563891,0.86344318776,0.35932146758666667,0.6406785324133333,0.6533419887721539,0.8600799033000002,0.3645835750833334,0.6354164249166666,0.6182443380355834,0.8398708663333334,0.36952875425000004,0.0023668590400000578,,,,,,,,,,,,,ok,0,True
E034,epoch_0004,4,normalized,add_proj,0.12,0.08,64,4,2.0,1.0,15.0,0.0,0.0,0.0,0.0,7,True,1|3|5|9,64,64,32,0.0002,8,1,1.0,0.6839132430950801,0.8668298895466667,0.35478353588000006,0.64521646412,0.6839132430950801,0.8668298895466667,0.35478353588000006,0.64521646412,0.6512062720954418,0.8634840649166667,0.3599995607166667,0.6400004392833333,0.6138760725657144,0.8431170777500001,0.3626563299166667,0.0023668590400000578,,,,,,,,,,,,,ok,0,True
E034,epoch_0005,5,normalized,add_proj,0.12,0.08,64,4,2.0,1.0,15.0,0.0,0.0,0.0,0.0,7,True,1|3|5|9,64,64,32,0.0002,8,1,1.0,0.6830573068062464,0.8666768334000001,0.35483612269333337,0.6451638773066666,0.6830573068062464,0.8666768334000001,0.35483612269333337,0.6451638773066666,0.649925569842259,0.8633132110333334,0.36017253093333335,0.6398274690666667,0.6121786010762056,0.8405154090000001,0.36226684541666665,0.0023668590400000578,,,,,,,,,,,,,ok,0,True
E034,epoch_0006,6,normalized,add_proj,0.12,0.08,64,4,2.0,1.0,15.0,0.0,0.0,0.0,0.0,7,True,1|3|5|9,64,64,32,0.0002,8,1,1.0,0.6840577185153961,0.8631811501466666,0.3591644372133333,0.6408355627866666,0.6840577185153961,0.8631811501466666,0.3591644372133333,0.6408355627866666,0.6513369314869244,0.8594420521333331,0.36499448813333335,0.6350055118666666,0.6139525815844535,0.8366762613333332,0.3669047155,0.0023668590400000578,,,,,,,,,,,,,ok,0,True
E034,epoch_0007,7,normalized,add_proj,0.12,0.08,64,4,2.0,1.0,15.0,0.0,0.0,0.0,0.0,7,True,1|3|5|9,64,64,32,0.0002,8,1,1.0,0.6838558118343353,0.8620140106266667,0.3616790899066666,0.6383209100933334,0.6838558118343353,0.8620140106266667,0.3616790899066666,0.6383209100933334,0.6512011980017026,0.8581278930666667,0.3677614631333333,0.6322385368666668,0.6143109766145548,0.8364173792499999,0.36783074108333336,0.0023668590400000578,,,,,,,,,,,,,ok,0,True
E034,epoch_0008,8,normalized,add_proj,0.12,0.08,64,4,2.0,1.0,15.0,0.0,0.0,0.0,0.0,7,True,1|3|5|9,64,64,32,0.0002,8,1,1.0,0.6838160942395528,0.8597779030533332,0.3624343606933333,0.6375656393066667,0.6838160942395528,0.8597779030533332,0.3624343606933333,0.6375656393066667,0.6513346625367801,0.8557913067166668,0.3684647415333333,0.6315352584666667,0.6134561032056809,0.8330295542500001,0.3688240671666666,0.0023668590400000578,,,,,,,,,,,,,ok,0,True
E035,,,normalized,add_proj,0.12,0.08,64,4,3.0,0.5,15.0,0.0,0.0,0.0,0.0,7,True,1|3|5|9,64,64,,0.0002,8,1,1.0,,,,,,,,,,,,,,,,,,,,,,,,,,,,,config_only,,False
E035,epoch_0001,1,normalized,add_proj,0.12,0.08,64,4,3.0,0.5,15.0,0.0,0.0,0.0,0.0,7,True,1|3|5|9,64,64,32,0.0002,8,1,1.0,0.6837553685903549,0.8678539158399999,0.3541555359733334,0.6458444640266666,0.6837553685903549,0.8678539158399999,0.3541555359733334,0.6458444640266666,0.6512763510644435,0.8654776393833334,0.35835986876666664,0.6416401312333333,0.6155948701004188,0.8435290685833334,0.36619624041666665,-0.006427758213333412,,,,,,,,,,,,,ok,0,True
E035,epoch_0002,2,normalized,add_proj,0.12,0.08,64,4,3.0,0.5,15.0,0.0,0.0,0.0,0.0,7,True,1|3|5|9,64,64,32,0.0002,8,1,1.0,0.6855139546791713,0.8680037239066667,0.3553791386266667,0.6446208613733333,0.6855139546791713,0.8680037239066667,0.3553791386266667,0.6446208613733333,0.6531508959829807,0.8651396585833334,0.35992822636666666,0.6400717736333333,0.6171624799569448,0.8437081129166666,0.3663192184166667,-0.006427758213333412,,,,,,,,,,,,,ok,0,True
E035,epoch_0003,3,normalized,add_proj,0.12,0.08,64,4,3.0,0.5,15.0,0.0,0.0,0.0,0.0,7,True,1|3|5|9,64,64,32,0.0002,8,1,1.0,0.6847132818301518,0.8735989298533333,0.34772777775999997,0.65227222224,0.6847132818301518,0.8735989298533333,0.34772777775999997,0.65227222224,0.6513629451890787,0.8705981083000001,0.35217110578333327,0.6478288942166668,0.6136748810609182,0.84620384025,0.3593180437499999,-0.006427758213333412,,,,,,,,,,,,,ok,0,True
E035,epoch_0004,4,normalized,add_proj,0.12,0.08,64,4,3.0,0.5,15.0,0.0,0.0,0.0,0.0,7,True,1|3|5|9,64,64,32,0.0002,8,1,1.0,0.6832548888921737,0.8742020903066667,0.34612706505333335,0.6538729349466667,0.6832548888921737,0.8742020903066667,0.34612706505333335,0.6538729349466667,0.649807945539554,0.8713240950333334,0.35049367659999997,0.6495063234,0.6107360914349557,0.8485549763333333,0.35394495375,-0.006427758213333412,,,,,,,,,,,,,ok,0,True
E035,epoch_0005,5,normalized,add_proj,0.12,0.08,64,4,3.0,0.5,15.0,0.0,0.0,0.0,0.0,7,True,1|3|5|9,64,64,32,0.0002,8,1,1.0,0.6819999301433564,0.8775634280133333,0.34183236312,0.65816763688,0.6819999301433564,0.8775634280133333,0.34183236312,0.65816763688,0.6480739827950796,0.8749253074833334,0.3461943580833334,0.6538056419166667,0.6066318474709987,0.8519390770833334,0.34759647258333337,-0.006427758213333412,,,,,,,,,,,,,ok,0,True
E035,epoch_0006,6,normalized,add_proj,0.12,0.08,64,4,3.0,0.5,15.0,0.0,0.0,0.0,0.0,7,True,1|3|5|9,64,64,32,0.0002,8,1,1.0,0.682473173379898,0.8748126630266667,0.34467085333333336,0.6553291466666666,0.682473173379898,0.8748126630266667,0.34467085333333336,0.6553291466666666,0.6487287766734757,0.8718252813499999,0.34955114291666667,0.6504488570833333,0.6096501119434833,0.8463790109166667,0.35346862791666667,-0.006427758213333412,,,,,,,,,,,,,ok,0,True
E035,epoch_0007,7,normalized,add_proj,0.12,0.08,64,4,3.0,0.5,15.0,0.0,0.0,0.0,0.0,7,True,1|3|5|9,64,64,32,0.0002,8,1,1.0,0.6831073936223983,0.8716133152399999,0.34929372590666674,0.6507062740933333,0.6831073936223983,0.8716133152399999,0.34929372590666674,0.6507062740933333,0.6497229827940463,0.8686211155666665,0.35435100438333333,0.6456489956166667,0.6118375832835833,0.8423891864166666,0.3581817514166667,-0.006427758213333412,,,,,,,,,,,,,ok,0,True
E035,epoch_0008,8,normalized,add_proj,0.12,0.08,64,4,3.0,0.5,15.0,0.0,0.0,0.0,0.0,7,True,1|3|5|9,64,64,32,0.0002,8,1,1.0,0.682831802646319,0.8692567275466666,0.35128826012000003,0.64871173988,0.682831802646319,0.8692567275466666,0.35128826012000003,0.64871173988,0.6496309844156105,0.86615695025,0.3562001913333334,0.6437998086666665,0.6116109895209472,0.8419414895833334,0.35671894833333334,-0.006427758213333412,,,,,,,,,,,,,ok,0,True
E036,,,normalized,add_proj,0.12,0.08,64,4,3.0,1.0,15.0,0.0,0.0,0.0,0.0,7,True,1|3|5|9,64,64,,0.0002,8,1,1.0,,,,,,,,,,,,,,,,,,,,,,,,,,,,,config_only,,False
E036,epoch_0001,1,normalized,add_proj,0.12,0.08,64,4,3.0,1.0,15.0,0.0,0.0,0.0,0.0,7,True,1|3|5|9,64,64,32,0.0002,8,1,1.0,0.6812558816274007,0.8767534642533333,0.34243892088000005,0.65756107912,0.6812558816274007,0.8767534642533333,0.34243892088000005,0.65756107912,0.6477110435565313,0.8744484448833335,0.3464330521,0.6535669478999999,0.6049997883538405,0.8575674870000001,0.35041527991666666,-0.0024166745599999984,,,,,,,,,,,,,ok,0,True
E036,epoch_0002,2,normalized,add_proj,0.12,0.08,64,4,3.0,1.0,15.0,0.0,0.0,0.0,0.0,7,True,1|3|5|9,64,64,32,0.0002,8,1,1.0,0.6819175828297933,0.8765248743733334,0.3404377254133334,0.6595622745866666,0.6819175828297933,0.8765248743733334,0.3404377254133334,0.6595622745866666,0.6483572792013487,0.8738816036333334,0.3448485504666666,0.6551514495333334,0.6093960692485174,0.85631887875,0.34878119733333335,-0.0024166745599999984,,,,,,,,,,,,,ok,0,True
E036,epoch_0003,3,normalized,add_proj,0.12,0.08,64,4,3.0,1.0,15.0,0.0,0.0,0.0,0.0,7,True,1|3|5|9,64,64,32,0.0002,8,1,1.0,0.6815847808122635,0.8775470744666667,0.34002224632000005,0.65997775368,0.6815847808122635,0.8775470744666667,0.34002224632000005,0.65997775368,0.6474958278238774,0.8747664677666668,0.3443627696833334,0.6556372303166667,0.6081986593703429,0.85575363,0.3463373592500001,-0.0024166745599999984,,,,,,,,,,,,,ok,0,True
E036,epoch_0004,4,normalized,add_proj,0.12,0.08,64,4,3.0,1.0,15.0,0.0,0.0,0.0,0.0,7,True,1|3|5|9,64,64,32,0.0002,8,1,1.0,0.6813766492207844,0.8783371379466667,0.33854546946666664,0.6614545305333334,0.6813766492207844,0.8783371379466667,0.33854546946666664,0.6614545305333334,0.6471504350503287,0.8755191226500001,0.34303231013333335,0.6569676898666666,0.6073585574825605,0.8561092863333333,0.34529902975,-0.0024166745599999984,,,,,,,,,,,,,ok,0,True
E036,epoch_0005,5,normalized,add_proj,0.12,0.08,64,4,3.0,1.0,15.0,0.0,0.0,0.0,0.0,7,True,1|3|5|9,64,64,32,0.0002,8,1,1.0,0.6802642546892166,0.8785278958266666,0.3383360387466666,0.6616639612533334,0.6802642546892166,0.8785278958266666,0.3383360387466666,0.6616639612533334,0.6457290992637476,0.87583285615,0.34274425001666664,0.6572557499833334,0.60596341441075,0.8548105283333334,0.3431465726666667,-0.0024166745599999984,,,,,,,,,,,,,ok,0,True
E036,epoch_0006,6,normalized,add_proj,0.12,0.08,64,4,3.0,1.0,15.0,0.0,0.0,0.0,0.0,7,True,1|3|5|9,64,64,32,0.0002,8,1,1.0,0.6810545060237247,0.8747787250266665,0.34433869474666673,0.6556613052533333,0.6810545060237247,0.8747787250266665,0.34433869474666673,0.6556613052533333,0.6466137616336346,0.8716089513666668,0.34935788278333335,0.6506421172166666,0.6078197968502839,0.8491739514999999,0.34890056075,-0.0024166745599999984,,,,,,,,,,,,,ok,0,True
E036,epoch_0007,7,normalized,add_proj,0.12,0.08,64,4,3.0,1.0,15.0,0.0,0.0,0.0,0.0,7,True,1|3|5|9,64,64,32,0.0002,8,1,1.0,0.681889784137408,0.8732784486266668,0.34733109446666666,0.6526689055333333,0.681889784137408,0.8732784486266668,0.34733109446666666,0.6526689055333333,0.6477338358263176,0.8700392621333334,0.35263330383333336,0.6473666961666666,0.6091327620049318,0.8471663615833334,0.35266137099999995,-0.0024166745599999984,,,,,,,,,,,,,ok,0,True
E036,epoch_0008,8,normalized,add_proj,0.12,0.08,64,4,3.0,1.0,15.0,0.0,0.0,0.0,0.0,7,True,1|3|5|9,64,64,32,0.0002,8,1,1.0,0.6814618816375733,0.8722712525866667,0.34657330955999993,0.6534266904400001,0.6814618816375733,0.8722712525866667,0.34657330955999993,0.6534266904400001,0.6473124715685844,0.8689058040333334,0.35179964201666664,0.6482003579833333,0.6083416196207205,0.8466294008333333,0.3517939588333333,-0.0024166745599999984,,,,,,,,,,,,,ok,0,True
E037,,,normalized,add_proj,0.12,0.08,64,4,2.0,0.5,15.0,0.0,0.0,0.0,0.0,7,True,1|3|5|7|15,64,64,,0.0002,8,1,1.0,,,,,,,,,,,,,,,,,,,,,,,,,,,,,config_only,,False
E037,epoch_0001,1,normalized,add_proj,0.12,0.08,64,4,2.0,0.5,15.0,0.0,0.0,0.0,0.0,7,True,1|3|5|7|15,64,64,32,0.0002,8,1,1.0,0.6848847188949584,0.8562960216000001,0.3701928986,0.6298071014,0.6848847188949584,0.8562960216000001,0.3701928986,0.6298071014,0.6535017873843512,0.8536350808666668,0.37481634905000005,0.62518365095,0.6224989543358485,0.8347620811666666,0.38224252375,-0.0006147755333333893,,,,,,,,,,,,,ok,0,True
E037,epoch_0002,2,normalized,add_proj,0.12,0.08,64,4,2.0,0.5,15.0,0.0,0.0,0.0,0.0,7,True,1|3|5|7|15,64,64,32,0.0002,8,1,1.0,0.6878305430809655,0.8535391964133333,0.371987387,0.628012613,0.6878305430809655,0.8535391964133333,0.371987387,0.628012613,0.657065390596787,0.8503442459999999,0.3768392860333334,0.6231607139666666,0.6257309471567472,0.8304802960000001,0.38419855541666675,-0.0006147755333333893,,,,,,,,,,,,,ok,0,True
E037,epoch_0003,3,normalized,add_proj,0.12,0.08,64,4,2.0,0.5,15.0,0.0,0.0,0.0,0.0,7,True,1|3|5|7|15,64,64,32,0.0002,8,1,1.0,0.6872030095656712,0.8582575348133332,0.3695781230666666,0.6304218769333334,0.6872030095656712,0.8582575348133332,0.3695781230666666,0.6304218769333334,0.6557682903110982,0.8548661683833334,0.37469872103333335,0.6253012789666667,0.6245752582947413,0.8307134834166667,0.38178855641666665,-0.0006147755333333893,,,,,,,,,,,,,ok,0,True
E037,epoch_0004,4,normalized,add_proj,0.12,0.08,64,4,2.0,0.5,15.0,0.0,0.0,0.0,0.0,7,True,1|3|5|7|15,64,64,32,0.0002,8,1,1.0,0.6871793982187907,0.8614237985600001,0.3678364638666667,0.6321635361333333,0.6871793982187907,0.8614237985600001,0.3678364638666667,0.6321635361333333,0.6552237540483474,0.8578891307833334,0.37325370995,0.62674629005,0.6228767829636733,0.8334240041666666,0.3779923441666667,-0.0006147755333333893,,,,,,,,,,,,,ok,0,True
E037,epoch_0005,5,normalized,add_proj,0.12,0.08,64,4,2.0,0.5,15.0,0.0,0.0,0.0,0.0,7,True,1|3|5|7|15,64,64,32,0.0002,8,1,1.0,0.6865001271168392,0.8645562684133334,0.36270942364,0.6372905763600001,0.6865001271168392,0.8645562684133334,0.36270942364,0.6372905763600001,0.6539475190142789,0.8608611491666668,0.3681437538,0.6318562462,0.6191970112423102,0.8345171463333334,0.37084198725,-0.0006147755333333893,,,,,,,,,,,,,ok,0,True
E037,epoch_0006,6,normalized,add_proj,0.12,0.08,64,4,2.0,0.5,15.0,0.0,0.0,0.0,0.0,7,True,1|3|5|7|15,64,64,32,0.0002,8,1,1.0,0.6868449919223784,0.8629751816933333,0.3662601242933334,0.6337398757066666,0.6868449919223784,0.8629751816933333,0.3662601242933334,0.6337398757066666,0.6543034161130586,0.8591192224333332,0.37212045676666666,0.6278795432333333,0.622230223317941,0.832462665,0.37482785858333334,-0.0006147755333333893,,,,,,,,,,,,,ok,0,True
E037,epoch_0007,7,normalized,add_proj,0.12,0.08,64,4,2.0,0.5,15.0,0.0,0.0,0.0,0.0,7,True,1|3|5|7|15,64,64,32,0.0002,8,1,1.0,0.6874303949276606,0.8601850439466667,0.36883034459999997,0.6311696554,0.6874303949276606,0.8601850439466667,0.36883034459999997,0.6311696554,0.6552344638605913,0.85617357075,0.37479879903333335,0.6252012009666666,0.6223588027060032,0.8306274225,0.37717020691666664,-0.0006147755333333893,,,,,,,,,,,,,ok,0,True
E037,epoch_0008,8,normalized,add_proj,0.12,0.08,64,4,2.0,0.5,15.0,0.0,0.0,0.0,0.0,7,True,1|3|5|7|15,64,64,32,0.0002,8,1,1.0,0.6871962093114854,0.85761696796,0.36949884624000007,0.6305011537599999,0.6871962093114854,0.85761696796,0.36949884624000007,0.6305011537599999,0.6552518987158934,0.8538165539666667,0.37530605506666664,0.6246939449333333,0.621758866061767,0.8282070666666665,0.3757058195833334,-0.0006147755333333893,,,,,,,,,,,,,ok,0,True
E038,,,normalized,add_proj,0.12,0.08,64,4,3.0,0.5,15.0,0.0,0.0,0.0,0.0,7,True,1|3|5|7|15,64,64,,0.0002,8,1,1.0,,,,,,,,,,,,,,,,,,,,,,,,,,,,,config_only,,False
E038,epoch_0001,1,normalized,add_proj,0.12,0.08,64,4,3.0,0.5,15.0,0.0,0.0,0.0,0.0,7,True,1|3|5|7|15,64,64,32,0.0002,8,1,1.0,0.6831187882423402,0.8699214175333334,0.3518133340533333,0.6481866659466666,0.6831187882423402,0.8699214175333334,0.3518133340533333,0.6481866659466666,0.6504369302590688,0.8676175428166666,0.35577073900000006,0.644229261,0.6136342890560627,0.8477922444999999,0.3622145070833333,-0.002379347746666649,,,,,,,,,,,,,ok,0,True
E038,epoch_0002,2,normalized,add_proj,0.12,0.08,64,4,3.0,0.5,15.0,0.0,0.0,0.0,0.0,7,True,1|3|5|7|15,64,64,32,0.0002,8,1,1.0,0.6854530211687089,0.8687617001466666,0.35393351460000005,0.6460664854,0.6854530211687089,0.8687617001466666,0.35393351460000005,0.6460664854,0.653130434503158,0.8661678108666667,0.35833006018333335,0.6416699398166666,0.6160931584735712,0.844272615,0.36429131416666666,-0.002379347746666649,,,,,,,,,,,,,ok,0,True
E038,epoch_0003,3,normalized,add_proj,0.12,0.08,64,4,3.0,0.5,15.0,0.0,0.0,0.0,0.0,7,True,1|3|5|7|15,64,64,32,0.0002,8,1,1.0,0.684202158610026,0.8717370959999999,0.34943398630666667,0.6505660136933333,0.684202158610026,0.8717370959999999,0.34943398630666667,0.6505660136933333,0.6513965752720833,0.8689875949166668,0.3538635338166667,0.6461364661833333,0.61300960034132,0.84427313375,0.36138005158333325,-0.002379347746666649,,,,,,,,,,,,,ok,0,True
E038,epoch_0004,4,normalized,add_proj,0.12,0.08,64,4,3.0,0.5,15.0,0.0,0.0,0.0,0.0,7,True,1|3|5|7|15,64,64,32,0.0002,8,1,1.0,0.6836327077945075,0.8758619110666666,0.34491908718666664,0.6550809128133334,0.6836327077945075,0.8758619110666666,0.34491908718666664,0.6550809128133334,0.6502240784466267,0.8729952616333332,0.3493958907666667,0.6506041092333332,0.61119149128596,0.8476526103333333,0.3555242816666667,-0.002379347746666649,,,,,,,,,,,,,ok,0,True
E038,epoch_0005,5,normalized,add_proj,0.12,0.08,64,4,3.0,0.5,15.0,0.0,0.0,0.0,0.0,7,True,1|3|5|7|15,64,64,32,0.0002,8,1,1.0,0.681830675760905,0.8772952640933331,0.34109911911999996,0.6589008808800001,0.681830675760905,0.8772952640933331,0.34109911911999996,0.6589008808800001,0.6478254522879918,0.8745950767499998,0.34552341173333334,0.6544765882666667,0.6078785466651122,0.8496810024999999,0.34878639850000004,-0.002379347746666649,,,,,,,,,,,,,ok,0,True
E038,epoch_0006,6,normalized,add_proj,0.12,0.08,64,4,3.0,0.5,15.0,0.0,0.0,0.0,0.0,7,True,1|3|5|7|15,64,64,32,0.0002,8,1,1.0,0.6826362216472625,0.8737511800533335,0.34588298488,0.65411701512,0.6826362216472625,0.8737511800533335,0.34588298488,0.65411701512,0.6489427762230238,0.8707618938333332,0.3508538511,0.6491461489,0.6095748022198677,0.8443621809166666,0.35567111058333334,-0.002379347746666649,,,,,,,,,,,,,ok,0,True
E038,epoch_0007,7,normalized,add_proj,0.12,0.08,64,4,3.0,0.5,15.0,0.0,0.0,0.0,0.0,7,True,1|3|5|7|15,64,64,32,0.0002,8,1,1.0,0.6836975212891897,0.8712699784799999,0.3497856960133333,0.6502143039866667,0.6836975212891897,0.8712699784799999,0.3497856960133333,0.6502143039866667,0.6504205244779586,0.8681926878166667,0.3550950029333334,0.6449049970666666,0.6122611485421658,0.8415353938333333,0.36113702050000007,-0.002379347746666649,,,,,,,,,,,,,ok,0,True
E038,epoch_0008,8,normalized,add_proj,0.12,0.08,64,4,3.0,0.5,15.0,0.0,0.0,0.0,0.0,7,True,1|3|5|7|15,64,64,32,0.0002,8,1,1.0,0.6828066881895066,0.8686962917333334,0.35125237934666664,0.6487476206533334,0.6828066881895066,0.8686962917333334,0.35125237934666664,0.6487476206533334,0.6497620204587777,0.8656045943999999,0.3564071924833333,0.6435928075166667,0.6112449708084265,0.8416926841666665,0.35958753308333335,-0.002379347746666649,,,,,,,,,,,,,ok,0,True
E039,,,normalized,add_proj,0.12,0.08,64,4,4.0,1.0,12.5,0.0,0.0,0.0,0.0,7,True,1|3|5|9,64,64,,0.0002,8,1,1.0,,,,,,,,,,,,,,,,,,,,,,,,,,,,,config_only,,False
E039,epoch_0001,1,normalized,add_proj,0.12,0.08,64,4,4.0,1.0,12.5,0.0,0.0,0.0,0.0,7,True,1|3|5|9,64,64,32,0.0002,8,1,1.0,0.6781679079135259,0.8839345039066667,0.33530095150666667,0.6646990484933333,0.6781679079135259,0.8839345039066667,0.33530095150666667,0.6646990484933333,0.6435211290419103,0.8819047570833334,0.3388510357833333,0.6611489642166667,0.5967316376666228,0.8679928604166667,0.341935145,-0.01047182487999998,,,,,,,,,,,,,ok,0,True
E039,epoch_0002,2,normalized,add_proj,0.12,0.08,64,4,4.0,1.0,12.5,0.0,0.0,0.0,0.0,7,True,1|3|5|9,64,64,32,0.0002,8,1,1.0,0.6772639080286027,0.8865078495466666,0.3277128507866667,0.6722871492133333,0.6772639080286027,0.8865078495466666,0.3277128507866667,0.6722871492133333,0.6423288316031297,0.8842646569166668,0.3314298984833334,0.6685701015166666,0.5973329477012158,0.8622023609166667,0.3358769434999999,-0.01047182487999998,,,,,,,,,,,,,ok,0,True
E039,epoch_0003,3,normalized,add_proj,0.12,0.08,64,4,4.0,1.0,12.5,0.0,0.0,0.0,0.0,7,True,1|3|5|9,64,64,32,0.0002,8,1,1.0,0.6767176234324773,0.8889342398533334,0.3248291266266667,0.6751708733733333,0.6767176234324773,0.8889342398533334,0.3248291266266667,0.6751708733733333,0.6413458715379238,0.8867915869499999,0.3283395904333334,0.6716604095666666,0.5966497572759787,0.8673781120833334,0.3308206345,-0.01047182487999998,,,,,,,,,,,,,ok,0,True
E039,epoch_0004,4,normalized,add_proj,0.12,0.08,64,4,4.0,1.0,12.5,0.0,0.0,0.0,0.0,7,True,1|3|5|9,64,64,32,0.0002,8,1,1.0,0.6760394720236459,0.8909214840666668,0.3205218094933333,0.6794781905066667,0.6760394720236459,0.8909214840666668,0.3205218094933333,0.6794781905066667,0.6405154083172481,0.8891381837333332,0.32382246151666666,0.6761775384833333,0.5963472453256449,0.8718955254999999,0.3272748683333333,-0.01047182487999998,,,,,,,,,,,,,ok,0,True
E039,epoch_0005,5,normalized,add_proj,0.12,0.08,64,4,4.0,1.0,12.5,0.0,0.0,0.0,0.0,7,True,1|3|5|9,64,64,32,0.0002,8,1,1.0,0.6750373573700587,0.8897648380933333,0.32085808850666664,0.6791419114933334,0.6750373573700587,0.8897648380933333,0.32085808850666664,0.6791419114933334,0.6392818788190682,0.8878795876166666,0.32424726833333334,0.6757527316666667,0.5952849455177784,0.8687312383333334,0.32830843033333335,-0.01047182487999998,,,,,,,,,,,,,ok,0,True
E039,epoch_0006,6,normalized,add_proj,0.12,0.08,64,4,4.0,1.0,12.5,0.0,0.0,0.0,0.0,7,True,1|3|5|9,64,64,32,0.0002,8,1,1.0,0.6763109452327092,0.8864288178133333,0.32559507665333337,0.6744049233466667,0.6763109452327092,0.8864288178133333,0.32559507665333337,0.6744049233466667,0.6408227590223153,0.8840130587499999,0.3295219987333333,0.6704780012666667,0.5975399014850458,0.8616107858333333,0.3344198675,-0.01047182487999998,,,,,,,,,,,,,ok,0,True
E039,epoch_0007,7,normalized,add_proj,0.12,0.08,64,4,4.0,1.0,12.5,0.0,0.0,0.0,0.0,7,True,1|3|5|9,64,64,32,0.0002,8,1,1.0,0.6765347209374108,0.8866189769466666,0.3281921898933334,0.6718078101066667,0.6765347209374108,0.8866189769466666,0.3281921898933334,0.6718078101066667,0.6409406897922357,0.8840184770666667,0.3323861187833333,0.6676138812166668,0.5984504791597525,0.8605493075,0.33597392133333337,-0.01047182487999998,,,,,,,,,,,,,ok,0,True
E039,epoch_0008,8,normalized,add_proj,0.12,0.08,64,4,4.0,1.0,12.5,0.0,0.0,0.0,0.0,7,True,1|3|5|9,64,64,32,0.0002,8,1,1.0,0.676401105205218,0.8860254729866667,0.3274192398266667,0.6725807601733333,0.676401105205218,0.8860254729866667,0.3274192398266667,0.6725807601733333,0.640867398728927,0.8835190595499999,0.3313042714166667,0.6686957285833333,0.5973584587375323,0.86197027525,0.33345124458333336,-0.01047182487999998,,,,,,,,,,,,,ok,0,True
E040,,,normalized,add_proj,0.12,0.08,64,4,4.0,1.0,15.0,0.0,0.0,0.0,0.0,7,True,1|3|5|9,64,64,,0.0002,8,1,1.0,,,,,,,,,,,,,,,,,,,,,,,,,,,,,config_only,,False
E040,epoch_0001,1,normalized,add_proj,0.12,0.08,64,4,4.0,1.0,15.0,0.0,0.0,0.0,0.0,7,True,1|3|5|9,64,64,32,0.0002,8,1,1.0,0.6804718730052312,0.8813628758666667,0.33642463380000004,0.6635753661999999,0.6804718730052312,0.8813628758666667,0.33642463380000004,0.6635753661999999,0.6463063278297583,0.87910690705,0.34027087415,0.65972912585,0.6013673819601536,0.86010821175,0.34507807375,-0.006019627040000031,,,,,,,,,,,,,ok,0,True
E040,epoch_0002,2,normalized,add_proj,0.12,0.08,64,4,4.0,1.0,15.0,0.0,0.0,0.0,0.0,7,True,1|3|5|9,64,64,32,0.0002,8,1,1.0,0.6805076994498571,0.8806225545733334,0.3350996238266666,0.6649003761733334,0.6805076994498571,0.8806225545733334,0.3350996238266666,0.6649003761733334,0.646538663059473,0.8781400610166668,0.3391193245333334,0.6608806754666666,0.6042041569948197,0.8562909851666667,0.3450224196666666,-0.006019627040000031,,,,,,,,,,,,,ok,0,True
E040,epoch_0003,3,normalized,add_proj,0.12,0.08,64,4,4.0,1.0,15.0,0.0,0.0,0.0,0.0,7,True,1|3|5|9,64,64,32,0.0002,8,1,1.0,0.6795970166126887,0.8850078416800002,0.33040500676,0.66959499324,0.6795970166126887,0.8850078416800002,0.33040500676,0.66959499324,0.644795745164156,0.8826818237833333,0.3342486089333333,0.6657513910666667,0.6015581220388413,0.8634141945833333,0.3379201423333333,-0.006019627040000031,,,,,,,,,,,,,ok,0,True
E040,epoch_0004,4,normalized,add_proj,0.12,0.08,64,4,4.0,1.0,15.0,0.0,0.0,0.0,0.0,7,True,1|3|5|9,64,64,32,0.0002,8,1,1.0,0.6790098156929016,0.8873108768533332,0.32733654058666667,0.6726634594133334,0.6790098156929016,0.8873108768533332,0.32733654058666667,0.6726634594133334,0.6436648283402127,0.8849526420833334,0.3311125138,0.6688874862,0.5994621691604456,0.866177659,0.3342545410833333,-0.006019627040000031,,,,,,,,,,,,,ok,0,True
E040,epoch_0005,5,normalized,add_proj,0.12,0.08,64,4,4.0,1.0,15.0,0.0,0.0,0.0,0.0,7,True,1|3|5|9,64,64,32,0.0002,8,1,1.0,0.6785869036118188,0.8863406517866668,0.3276384129066667,0.6723615870933333,0.6785869036118188,0.8863406517866668,0.3276384129066667,0.6723615870933333,0.6431926122804482,0.8840324083333332,0.33146025591666667,0.6685397440833334,0.5990373067557812,0.8642034658333334,0.33411214175000004,-0.006019627040000031,,,,,,,,,,,,,ok,0,True
E040,epoch_0006,6,normalized,add_proj,0.12,0.08,64,4,4.0,1.0,15.0,0.0,0.0,0.0,0.0,7,True,1|3|5|9,64,64,32,0.0002,8,1,1.0,0.6796321345567704,0.8832068184266667,0.33256711248000004,0.66743288752,0.6796321345567704,0.8832068184266667,0.33256711248000004,0.66743288752,0.6445581699907781,0.8805476963166667,0.3370320135666666,0.6629679864333333,0.6024825120965639,0.8572026020833333,0.3413820278333334,-0.006019627040000031,,,,,,,,,,,,,ok,0,True
E040,epoch_0007,7,normalized,add_proj,0.12,0.08,64,4,4.0,1.0,15.0,0.0,0.0,0.0,0.0,7,True,1|3|5|9,64,64,32,0.0002,8,1,1.0,0.6802727026939392,0.8822935607466666,0.3348024815200001,0.6651975184799999,0.6802727026939392,0.8822935607466666,0.3348024815200001,0.6651975184799999,0.6451504098375639,0.87939366885,0.33947047560000004,0.6605295244,0.6033637469013533,0.8555569055000001,0.3434111116666667,-0.006019627040000031,,,,,,,,,,,,,ok,0,True
E040,epoch_0008,8,normalized,add_proj,0.12,0.08,64,4,4.0,1.0,15.0,0.0,0.0,0.0,0.0,7,True,1|3|5|9,64,64,32,0.0002,8,1,1.0,0.6795292713244756,0.8811676911866667,0.33477468902666657,0.6652253109733335,0.6795292713244756,0.8811676911866667,0.33477468902666657,0.6652253109733335,0.6446236452956995,0.8784422115833334,0.3391714371666666,0.6608285628333335,0.6022915991644064,0.8568048444166666,0.34060487366666664,-0.006019627040000031,,,,,,,,,,,,,ok,0,True
E041,,,normalized,add_proj,0.12,0.08,64,4,2.0,0.5,15.0,0.0,0.15,0.0,0.0,7,False,3|5|7|15,64,64,,0.0002,8,1,1.0,,,,,,,,,,,,,,,,,,,,,,,,,,,,,config_only,,False
E041,epoch_0001,1,normalized,add_proj,0.12,0.08,64,4,2.0,0.5,15.0,0.0,0.15,0.0,0.0,7,False,3|5|7|15,64,64,32,0.0002,8,1,1.0,0.6961570738156637,0.8789377213600001,0.36984198679999997,0.6301580132,0.6961570738156637,0.8789377213600001,0.36984198679999997,0.6301580132,0.6633750566840172,0.8741631251000002,0.3791515195,0.6208484805000001,0.6357276983559131,0.841129875,0.40229027575,0.007921986320000018,,,,,,,,,,,,,ok,0,True
E041,epoch_0002,2,normalized,add_proj,0.12,0.08,64,4,2.0,0.5,15.0,0.0,0.15,0.0,0.0,7,False,3|5|7|15,64,64,32,0.0002,8,1,1.0,0.6968480859200159,0.8775864519200001,0.37440623321333333,0.6255937667866667,0.6968480859200159,0.8775864519200001,0.37440623321333333,0.6255937667866667,0.6642209930717945,0.8727967977000002,0.38412467756666674,0.6158753224333333,0.6357216735680898,0.8437372972499999,0.4116867064166666,0.007921986320000018,,,,,,,,,,,,,ok,0,True
E041,epoch_0003,3,normalized,add_proj,0.12,0.08,64,4,2.0,0.5,15.0,0.0,0.15,0.0,0.0,7,False,3|5|7|15,64,64,32,0.0002,8,1,1.0,0.6984337395032247,0.8742288035999999,0.37776397312,0.62223602688,0.6984337395032247,0.8742288035999999,0.37776397312,0.62223602688,0.6663379380106925,0.8691553439999999,0.38770661424999997,0.61229338575,0.6391714975237845,0.8423298532500001,0.41623970208333333,0.007921986320000018,,,,,,,,,,,,,ok,0,True
E041,epoch_0004,4,normalized,add_proj,0.12,0.08,64,4,2.0,0.5,15.0,0.0,0.15,0.0,0.0,7,False,3|5|7|15,64,64,32,0.0002,8,1,1.0,0.6995126405556998,0.8704057204400002,0.38112038891999994,0.6188796110800001,0.6995126405556998,0.8704057204400002,0.38112038891999994,0.6188796110800001,0.6677789450685183,0.8652047029833334,0.3909567532666667,0.6090432467333333,0.6411072062949339,0.8382330658333332,0.41958482666666663,0.007921986320000018,,,,,,,,,,,,,ok,0,True
E041,epoch_0005,5,normalized,add_proj,0.12,0.08,64,4,2.0,0.5,15.0,0.0,0.15,0.0,0.0,7,False,3|5|7|15,64,64,32,0.0002,8,1,1.0,0.6985718462069831,0.8689381840533333,0.38066864354666663,0.6193313564533334,0.6985718462069831,0.8689381840533333,0.38066864354666663,0.6193313564533334,0.666758963316679,0.8637134033166666,0.3902647257333333,0.6097352742666666,0.639761632680893,0.8385367748333333,0.4124699313333333,0.007921986320000018,,,,,,,,,,,,,ok,0,True
E041,epoch_0006,6,normalized,add_proj,0.12,0.08,64,4,2.0,0.5,15.0,0.0,0.15,0.0,0.0,7,False,3|5|7|15,64,64,32,0.0002,8,1,1.0,0.699053857843081,0.8656104648,0.38304238172,0.6169576182800001,0.699053857843081,0.8656104648,0.38304238172,0.6169576182800001,0.6674746789038182,0.8601213414833333,0.39282015535,0.6071798446500001,0.6412025295197964,0.8357246833333335,0.41071898508333327,0.007921986320000018,,,,,,,,,,,,,ok,0,True
E041,epoch_0007,7,normalized,add_proj,0.12,0.08,64,4,2.0,0.5,15.0,0.0,0.15,0.0,0.0,7,False,3|5|7|15,64,64,32,0.0002,8,1,1.0,0.6992997086842854,0.8656843783866668,0.38395123284,0.61604876716,0.6992997086842854,0.8656843783866668,0.38395123284,0.61604876716,0.6677766390641531,0.86006317265,0.39387668461666664,0.6061233153833334,0.6422779493033886,0.8352967185833333,0.4094353484166667,0.007921986320000018,,,,,,,,,,,,,ok,0,True
E041,epoch_0008,8,normalized,add_proj,0.12,0.08,64,4,2.0,0.5,15.0,0.0,0.15,0.0,0.0,7,False,3|5|7|15,64,64,32,0.0002,8,1,1.0,0.6983574983676274,0.8671645227066668,0.3831088011333334,0.6168911988666665,0.6983574983676274,0.8671645227066668,0.3831088011333334,0.6168911988666665,0.6665098173916341,0.8616616846500001,0.39308653860000003,0.6069134614,0.6401053590079149,0.8366913381666667,0.40346558066666666,0.007921986320000018,,,,,,,,,,,,,ok,0,True
E042,,,normalized,add_proj,0.12,0.08,64,4,2.0,0.5,15.0,0.0,0.3,0.0,0.0,7,False,3|5|7|15,64,64,,0.0002,8,1,1.0,,,,,,,,,,,,,,,,,,,,,,,,,,,,,config_only,,False
E042,epoch_0001,1,normalized,add_proj,0.12,0.08,64,4,2.0,0.5,15.0,0.0,0.3,0.0,0.0,7,False,3|5|7|15,64,64,32,0.0002,8,1,1.0,0.6957605083386105,0.8789829037999999,0.36896611805333335,0.6310338819466667,0.6957605083386105,0.8789829037999999,0.36896611805333335,0.6310338819466667,0.6629250917335352,0.8742574064166666,0.37824002745000007,0.6217599725499999,0.6349872509638468,0.8422672170833333,0.40054208958333337,0.009099042653333334,,,,,,,,,,,,,ok,0,True
E042,epoch_0002,2,normalized,add_proj,0.12,0.08,64,4,2.0,0.5,15.0,0.0,0.3,0.0,0.0,7,False,3|5|7|15,64,64,32,0.0002,8,1,1.0,0.6975667963822683,0.87763209692,0.37478704177333333,0.6252129582266667,0.6975667963822683,0.87763209692,0.37478704177333333,0.6252129582266667,0.6649223466714222,0.8728647121499999,0.38432747098333336,0.6156725290166667,0.6372747600078582,0.8440212035833334,0.4136690531666667,0.009099042653333334,,,,,,,,,,,,,ok,0,True
E042,epoch_0003,3,normalized,add_proj,0.12,0.08,64,4,2.0,0.5,15.0,0.0,0.3,0.0,0.0,7,False,3|5|7|15,64,64,32,0.0002,8,1,1.0,0.6983693610827129,0.8733936465066666,0.3780651607066667,0.6219348392933333,0.6983693610827129,0.8733936465066666,0.3780651607066667,0.6219348392933333,0.6661353980501493,0.8683491054333334,0.3878847278666667,0.6121152721333333,0.6389622072378793,0.8408470203333334,0.41864237483333333,0.009099042653333334,,,,,,,,,,,,,ok,0,True
E042,epoch_0004,4,normalized,add_proj,0.12,0.08,64,4,2.0,0.5,15.0,0.0,0.3,0.0,0.0,7,False,3|5|7|15,64,64,32,0.0002,8,1,1.0,0.6999069636265438,0.8701690165466667,0.3830271896533333,0.6169728103466667,0.6999069636265438,0.8701690165466667,0.3830271896533333,0.6169728103466667,0.6679779099921385,0.8648360758166668,0.3929142118333333,0.6070857881666667,0.6414766604701678,0.8380975465833334,0.4241450184166667,0.009099042653333334,,,,,,,,,,,,,ok,0,True
E042,epoch_0005,5,normalized,add_proj,0.12,0.08,64,4,2.0,0.5,15.0,0.0,0.3,0.0,0.0,7,False,3|5|7|15,64,64,32,0.0002,8,1,1.0,0.6996661754846574,0.8673953295733332,0.38403478158666665,0.6159652184133333,0.6996661754846574,0.8673953295733332,0.38403478158666665,0.6159652184133333,0.6678846144179503,0.8618037050333331,0.39406222514999995,0.6059377748500001,0.6416348174214364,0.8353325779166667,0.41865397600000004,0.009099042653333334,,,,,,,,,,,,,ok,0,True
E042,epoch_0006,6,normalized,add_proj,0.12,0.08,64,4,2.0,0.5,15.0,0.0,0.3,0.0,0.0,7,False,3|5|7|15,64,64,32,0.0002,8,1,1.0,0.699947793841362,0.8650451110133333,0.3845942497866667,0.6154057502133333,0.699947793841362,0.8650451110133333,0.3845942497866667,0.6154057502133333,0.6684001149237156,0.8592402215166665,0.3947986498,0.6052013502,0.6418995335698128,0.8337546483333333,0.41424737525000005,0.009099042653333334,,,,,,,,,,,,,ok,0,True
E042,epoch_0007,7,normalized,add_proj,0.12,0.08,64,4,2.0,0.5,15.0,0.0,0.3,0.0,0.0,7,False,3|5|7|15,64,64,32,0.0002,8,1,1.0,0.6999985992113749,0.8651441184266667,0.3853102252400001,0.61468977476,0.6999985992113749,0.8651441184266667,0.3853102252400001,0.61468977476,0.6682056109110514,0.8591182940666666,0.395636188,0.604363812,0.641604107618332,0.8337523596666667,0.4119969654166667,0.009099042653333334,,,,,,,,,,,,,ok,0,True
E042,epoch_0008,8,normalized,add_proj,0.12,0.08,64,4,2.0,0.5,15.0,0.0,0.3,0.0,0.0,7,False,3|5|7|15,64,64,32,0.0002,8,1,1.0,0.6990898905595144,0.8670178366933334,0.38369265785333334,0.6163073421466667,0.6990898905595144,0.8670178366933334,0.38369265785333334,0.6163073421466667,0.6671468620498975,0.8611674372833333,0.3940810479833333,0.6059189520166667,0.6390855006873608,0.8366095520833334,0.4044858843333334,0.009099042653333334,,,,,,,,,,,,,ok,0,True
E043,,,normalized,add_proj,0.12,0.08,64,4,3.0,0.5,15.0,0.0,0.15,0.0,0.0,7,False,3|5|7|15,64,64,,0.0002,8,1,1.0,,,,,,,,,,,,,,,,,,,,,,,,,,,,,config_only,,False
E043,epoch_0001,1,normalized,add_proj,0.12,0.08,64,4,3.0,0.5,15.0,0.0,0.15,0.0,0.0,7,False,3|5|7|15,64,64,32,0.0002,8,1,1.0,0.6930060838858286,0.8875879263466666,0.35532880532000005,0.6446711946799999,0.6930060838858286,0.8875879263466666,0.35532880532000005,0.6446711946799999,0.6593816299239796,0.8836455328833333,0.3641892836333333,0.6358107163666666,0.6279638926188151,0.8551560759166668,0.383099407,0.00720333576000004,,,,,,,,,,,,,ok,0,True
E043,epoch_0002,2,normalized,add_proj,0.12,0.08,64,4,3.0,0.5,15.0,0.0,0.15,0.0,0.0,7,False,3|5|7|15,64,64,32,0.0002,8,1,1.0,0.6944443649450937,0.8855851020000002,0.35952132200000003,0.640478678,0.6944443649450937,0.8855851020000002,0.35952132200000003,0.640478678,0.661143237054348,0.8812733108499999,0.368959619,0.631040381,0.6292546307047209,0.8560158987500001,0.393191172,0.00720333576000004,,,,,,,,,,,,,ok,0,True
E043,epoch_0003,3,normalized,add_proj,0.12,0.08,64,4,3.0,0.5,15.0,0.0,0.15,0.0,0.0,7,False,3|5|7|15,64,64,32,0.0002,8,1,1.0,0.6951702614625295,0.8832286067066667,0.3625321410800001,0.6374678589199999,0.6951702614625295,0.8832286067066667,0.3625321410800001,0.6374678589199999,0.66225653976202,0.8786798233666667,0.37222000005,0.62777999995,0.6296731332937877,0.8548483000000001,0.39637989349999997,0.00720333576000004,,,,,,,,,,,,,ok,0,True
E043,epoch_0004,4,normalized,add_proj,0.12,0.08,64,4,3.0,0.5,15.0,0.0,0.15,0.0,0.0,7,False,3|5|7|15,64,64,32,0.0002,8,1,1.0,0.696923808336258,0.8811568896533335,0.36571410268,0.6342858973200001,0.696923808336258,0.8811568896533335,0.36571410268,0.6342858973200001,0.6642094472050667,0.8763015692833334,0.3754923548833333,0.6245076451166667,0.6323718977471192,0.85084591525,0.4004024288333333,0.00720333576000004,,,,,,,,,,,,,ok,0,True
E043,epoch_0005,5,normalized,add_proj,0.12,0.08,64,4,3.0,0.5,15.0,0.0,0.15,0.0,0.0,7,False,3|5|7|15,64,64,32,0.0002,8,1,1.0,0.6958843401670457,0.8805296000666665,0.36452065029333336,0.6354793497066666,0.6958843401670457,0.8805296000666665,0.36452065029333336,0.6354793497066666,0.6630553342401981,0.8757489028166667,0.37385073760000004,0.6261492624,0.6318824710945288,0.8507721129166669,0.39269120358333337,0.00720333576000004,,,,,,,,,,,,,ok,0,True
E043,epoch_0006,6,normalized,add_proj,0.12,0.08,64,4,3.0,0.5,15.0,0.0,0.15,0.0,0.0,7,False,3|5|7|15,64,64,32,0.0002,8,1,1.0,0.6960749890406928,0.8779475191066668,0.3666543938266667,0.6333456061733334,0.6960749890406928,0.8779475191066668,0.3666543938266667,0.6333456061733334,0.6634403019646804,0.8729849835666667,0.3760066234,0.6239933766,0.6317992433905602,0.84759020325,0.3904963880833333,0.00720333576000004,,,,,,,,,,,,,ok,0,True
E043,epoch_0007,7,normalized,add_proj,0.12,0.08,64,4,3.0,0.5,15.0,0.0,0.15,0.0,0.0,7,False,3|5|7|15,64,64,32,0.0002,8,1,1.0,0.6963404762347539,0.8768325734533333,0.3691002623333333,0.6308997376666667,0.6963404762347539,0.8768325734533333,0.3691002623333333,0.6308997376666667,0.6637269241114457,0.8717473495166667,0.3786037832333333,0.6213962167666667,0.6330100504060586,0.845437381,0.39202760324999997,0.00720333576000004,,,,,,,,,,,,,ok,0,True
E043,epoch_0008,8,normalized,add_proj,0.12,0.08,64,4,3.0,0.5,15.0,0.0,0.15,0.0,0.0,7,False,3|5|7|15,64,64,32,0.0002,8,1,1.0,0.695585977355639,0.8783452268933333,0.3681306974933333,0.6318693025066666,0.695585977355639,0.8783452268933333,0.3681306974933333,0.6318693025066666,0.6626586047311623,0.8733150244500001,0.37773827625,0.62226172375,0.6304353515307108,0.8480987486666667,0.38557228925000003,0.00720333576000004,,,,,,,,,,,,,ok,0,True
E044,,,normalized,add_proj,0.12,0.08,64,4,3.0,1.0,15.0,0.0,0.3,0.0,0.0,7,False,3|5|7|15,64,64,,0.0002,8,1,1.0,,,,,,,,,,,,,,,,,,,,,,,,,,,,,config_only,,False
E044,epoch_0001,1,normalized,add_proj,0.12,0.08,64,4,3.0,1.0,15.0,0.0,0.3,0.0,0.0,7,False,3|5|7|15,64,64,32,0.0002,8,1,1.0,0.6917528538703919,0.8903682563199999,0.35173205523999995,0.64826794476,0.6917528538703919,0.8903682563199999,0.35173205523999995,0.64826794476,0.6579480980833371,0.8865482251166666,0.36080237238333335,0.6391976276166667,0.6244206771254539,0.8608256445,0.377045171,0.005322501613333364,,,,,,,,,,,,,ok,0,True
E044,epoch_0002,2,normalized,add_proj,0.12,0.08,64,4,3.0,1.0,15.0,0.0,0.3,0.0,0.0,7,False,3|5|7|15,64,64,32,0.0002,8,1,1.0,0.6931705267826714,0.8878370556666667,0.3559466489733334,0.6440533510266666,0.6931705267826714,0.8878370556666667,0.3559466489733334,0.6440533510266666,0.659586564153433,0.8834707423000001,0.36595907614999995,0.63404092385,0.6255668873588245,0.86308866225,0.38644991591666666,0.005322501613333364,,,,,,,,,,,,,ok,0,True
E044,epoch_0003,3,normalized,add_proj,0.12,0.08,64,4,3.0,1.0,15.0,0.0,0.3,0.0,0.0,7,False,3|5|7|15,64,64,32,0.0002,8,1,1.0,0.6940801876783371,0.8871404616799999,0.3570545568533333,0.6429454431466667,0.6940801876783371,0.8871404616799999,0.3570545568533333,0.6429454431466667,0.6606599179406961,0.8828517435166667,0.36688877028333333,0.6331112297166667,0.6265463973085085,0.8626476116666666,0.38854429408333335,0.005322501613333364,,,,,,,,,,,,,ok,0,True
E044,epoch_0004,4,normalized,add_proj,0.12,0.08,64,4,3.0,1.0,15.0,0.0,0.3,0.0,0.0,7,False,3|5|7|15,64,64,32,0.0002,8,1,1.0,0.69534990187486,0.8854367068400001,0.3595382971066667,0.6404617028933333,0.69534990187486,0.8854367068400001,0.3595382971066667,0.6404617028933333,0.6621414075791835,0.8809524759333331,0.3693542048833333,0.6306457951166666,0.628534293671449,0.8592363985833332,0.39140616333333333,0.005322501613333364,,,,,,,,,,,,,ok,0,True
E044,epoch_0005,5,normalized,add_proj,0.12,0.08,64,4,3.0,1.0,15.0,0.0,0.3,0.0,0.0,7,False,3|5|7|15,64,64,32,0.0002,8,1,1.0,0.6957913251717884,0.8834300251733334,0.3612166219466667,0.6387833780533333,0.6957913251717884,0.8834300251733334,0.3612166219466667,0.6387833780533333,0.662770942946275,0.8786902374833332,0.37096171074999995,0.62903828925,0.6291091226041318,0.8568955394166666,0.3883869575,0.005322501613333364,,,,,,,,,,,,,ok,0,True
E044,epoch_0006,6,normalized,add_proj,0.12,0.08,64,4,3.0,1.0,15.0,0.0,0.3,0.0,0.0,7,False,3|5|7|15,64,64,32,0.0002,8,1,1.0,0.6954544845024745,0.8807211453866667,0.3627147662666666,0.6372852337333335,0.6954544845024745,0.8807211453866667,0.3627147662666666,0.6372852337333335,0.6625960932672024,0.8758302144999999,0.3724065734333334,0.6275934265666666,0.6306374703844388,0.8522471145,0.3880024689166667,0.005322501613333364,,,,,,,,,,,,,ok,0,True
E044,epoch_0007,7,normalized,add_proj,0.12,0.08,64,4,3.0,1.0,15.0,0.0,0.3,0.0,0.0,7,False,3|5|7|15,64,64,32,0.0002,8,1,1.0,0.6958181122938791,0.87985327476,0.3643753322800001,0.6356246677199999,0.6958181122938791,0.87985327476,0.3643753322800001,0.6356246677199999,0.6627821312348048,0.8747438707,0.37415692064999995,0.62584307935,0.6309055862327417,0.85052652,0.3875576881666667,0.005322501613333364,,,,,,,,,,,,,ok,0,True
E044,epoch_0008,8,normalized,add_proj,0.12,0.08,64,4,3.0,1.0,15.0,0.0,0.3,0.0,0.0,7,False,3|5|7|15,64,64,32,0.0002,8,1,1.0,0.6945781886577607,0.8817237982533334,0.36347735629333333,0.6365226437066667,0.6945781886577607,0.8817237982533334,0.36347735629333333,0.6365226437066667,0.661299602886041,0.8768759850666668,0.37324681308333335,0.6267531869166667,0.6282829294602077,0.8542017130833334,0.38009260425,0.005322501613333364,,,,,,,,,,,,,ok,0,True
E045,,,normalized,add_proj,0.12,0.08,64,4,2.0,0.5,15.0,0.0,0.0,0.0,0.03,7,False,3|5|7|15,64,64,,0.0002,8,1,1.0,,,,,,,,,,,,,,,,,,,,,,,,,,,,,config_only,,False
E045,epoch_0001,1,normalized,add_proj,0.12,0.08,64,4,2.0,0.5,15.0,0.0,0.0,0.0,0.03,7,False,3|5|7|15,64,64,32,0.0002,8,1,1.0,0.6948644373416901,0.8825366561733332,0.36392254688000003,0.63607745312,0.6948644373416901,0.8825366561733332,0.36392254688000003,0.63607745312,0.6617580476403236,0.8781025638333333,0.3730631674666666,0.6269368325333333,0.6324184333284696,0.8459617580833333,0.3951694245,0.008770009026666636,,,,,,,,,,,,,ok,0,True
E045,epoch_0002,2,normalized,add_proj,0.12,0.08,64,4,2.0,0.5,15.0,0.0,0.0,0.0,0.03,7,False,3|5|7|15,64,64,32,0.0002,8,1,1.0,0.6968924738168717,0.8802607807066668,0.37016524852,0.62983475148,0.6968924738168717,0.8802607807066668,0.37016524852,0.62983475148,0.6641503625611465,0.8756780561333335,0.37983430735,0.62016569265,0.6336242030064265,0.8481839401666668,0.40728017208333334,0.008770009026666636,,,,,,,,,,,,,ok,0,True
E045,epoch_0003,3,normalized,add_proj,0.12,0.08,64,4,2.0,0.5,15.0,0.0,0.0,0.0,0.03,7,False,3|5|7|15,64,64,32,0.0002,8,1,1.0,0.697618215640386,0.8774739379333334,0.37269255590666667,0.6273074440933333,0.697618215640386,0.8774739379333334,0.37269255590666667,0.6273074440933333,0.6651524846752485,0.8724985900166666,0.3826177160333334,0.6173822839666666,0.6348793402314186,0.8462772984166667,0.4094421985833333,0.008770009026666636,,,,,,,,,,,,,ok,0,True
E045,epoch_0004,4,normalized,add_proj,0.12,0.08,64,4,2.0,0.5,15.0,0.0,0.0,0.0,0.03,7,False,3|5|7|15,64,64,32,0.0002,8,1,1.0,0.6987557472785315,0.8739234416666668,0.37684931798666665,0.6231506820133333,0.6987557472785315,0.8739234416666668,0.37684931798666665,0.6231506820133333,0.6665857928494613,0.8686833772333333,0.38671469326666663,0.6132853067333334,0.6377306086321672,0.8419299239166667,0.4152796381666667,0.008770009026666636,,,,,,,,,,,,,ok,0,True
E045,epoch_0005,5,normalized,add_proj,0.12,0.08,64,4,2.0,0.5,15.0,0.0,0.0,0.0,0.03,7,False,3|5|7|15,64,64,32,0.0002,8,1,1.0,0.69837302672863,0.8722596866266666,0.3778426386400001,0.6221573613599999,0.69837302672863,0.8722596866266666,0.3778426386400001,0.6221573613599999,0.6662233176330725,0.8668985780166667,0.3875632208333334,0.6124367791666666,0.6381168238818645,0.8408600974166667,0.41047897358333335,0.008770009026666636,,,,,,,,,,,,,ok,0,True
E045,epoch_0006,6,normalized,add_proj,0.12,0.08,64,4,2.0,0.5,15.0,0.0,0.0,0.0,0.03,7,False,3|5|7|15,64,64,32,0.0002,8,1,1.0,0.6986362814108531,0.8700515514133332,0.37892136683999994,0.62107863316,0.6986362814108531,0.8700515514133332,0.37892136683999994,0.62107863316,0.6665477839112282,0.8644385951166665,0.38866514295,0.61133485705,0.6385375286142032,0.8390776901666667,0.40700680741666667,0.008770009026666636,,,,,,,,,,,,,ok,0,True
E045,epoch_0007,7,normalized,add_proj,0.12,0.08,64,4,2.0,0.5,15.0,0.0,0.0,0.0,0.03,7,False,3|5|7|15,64,64,32,0.0002,8,1,1.0,0.6988801025152206,0.8693564452666668,0.3806481524133333,0.6193518475866667,0.6988801025152206,0.8693564452666668,0.3806481524133333,0.6193518475866667,0.6669178735713163,0.8638956619499998,0.3905426815666667,0.6094573184333333,0.6389067841072876,0.8384994786666667,0.4067486564166667,0.008770009026666636,,,,,,,,,,,,,ok,0,True
E045,epoch_0008,8,normalized,add_proj,0.12,0.08,64,4,2.0,0.5,15.0,0.0,0.0,0.0,0.03,7,False,3|5|7|15,64,64,32,0.0002,8,1,1.0,0.6981942760547001,0.8707454136666665,0.37951314033333333,0.6204868596666666,0.6981942760547001,0.8707454136666665,0.37951314033333333,0.6204868596666666,0.6658315133551757,0.8652170961333333,0.38946540436666666,0.6105345956333333,0.6361942484974861,0.8405531602499998,0.40020032949999995,0.008770009026666636,,,,,,,,,,,,,ok,0,True
E046,,,normalized,add_proj,0.12,0.08,64,4,2.0,1.0,15.0,0.0,0.0,0.0,0.06,7,False,3|5|7|15,64,64,,0.0002,8,1,1.0,,,,,,,,,,,,,,,,,,,,,,,,,,,,,config_only,,False
E046,epoch_0001,1,normalized,add_proj,0.12,0.08,64,4,2.0,1.0,15.0,0.0,0.0,0.0,0.06,7,False,3|5|7|15,64,64,32,0.0002,8,1,1.0,0.6928061587413152,0.8879638963733334,0.3554251466933333,0.6445748533066666,0.6928061587413152,0.8879638963733334,0.3554251466933333,0.6445748533066666,0.6593038449188074,0.8839816626666666,0.3645905483333333,0.6354094516666666,0.6274076168735823,0.8571422668333334,0.38245711225,0.00637471642666676,,,,,,,,,,,,,ok,0,True
E046,epoch_0002,2,normalized,add_proj,0.12,0.08,64,4,2.0,1.0,15.0,0.0,0.0,0.0,0.06,7,False,3|5|7|15,64,64,32,0.0002,8,1,1.0,0.6944987124602,0.8851987067733333,0.3601831336800001,0.6398168663199999,0.6944987124602,0.8851987067733333,0.3601831336800001,0.6398168663199999,0.6612497747937838,0.8805448023166667,0.3701366396833334,0.6298633603166666,0.6268776158491771,0.8590255189166667,0.3881131646666667,0.00637471642666676,,,,,,,,,,,,,ok,0,True
E046,epoch_0003,3,normalized,add_proj,0.12,0.08,64,4,2.0,1.0,15.0,0.0,0.0,0.0,0.06,7,False,3|5|7|15,64,64,32,0.0002,8,1,1.0,0.6954443107048671,0.88414304636,0.36179986312000006,0.6382001368799999,0.6954443107048671,0.88414304636,0.36179986312000006,0.6382001368799999,0.6623673184216022,0.8794958279000001,0.37185623603333334,0.6281437639666667,0.6278266817331314,0.8590728739166669,0.3943962900833333,0.00637471642666676,,,,,,,,,,,,,ok,0,True
E046,epoch_0004,4,normalized,add_proj,0.12,0.08,64,4,2.0,1.0,15.0,0.0,0.0,0.0,0.06,7,False,3|5|7|15,64,64,32,0.0002,8,1,1.0,0.6968667569557827,0.8816579634266667,0.3654509667333333,0.6345490332666667,0.6968667569557827,0.8816579634266667,0.3654509667333333,0.6345490332666667,0.6640463021894295,0.8766765454166666,0.37565645049999996,0.6243435495,0.6300054701666037,0.8546738944166666,0.3989666231666667,0.00637471642666676,,,,,,,,,,,,,ok,0,True
E046,epoch_0005,5,normalized,add_proj,0.12,0.08,64,4,2.0,1.0,15.0,0.0,0.0,0.0,0.06,7,False,3|5|7|15,64,64,32,0.0002,8,1,1.0,0.6970058757066725,0.8797969640800001,0.36614130928,0.63385869072,0.6970058757066725,0.8797969640800001,0.36614130928,0.63385869072,0.6643962864577772,0.8747406562833333,0.37598981523333336,0.6240101847666666,0.6317308912674586,0.8527209171666668,0.395704466,0.00637471642666676,,,,,,,,,,,,,ok,0,True
E046,epoch_0006,6,normalized,add_proj,0.12,0.08,64,4,2.0,1.0,15.0,0.0,0.0,0.0,0.06,7,False,3|5|7|15,64,64,32,0.0002,8,1,1.0,0.6971537231604258,0.8761612463866665,0.36841529436000003,0.6315847056399999,0.6971537231604258,0.8761612463866665,0.36841529436000003,0.6315847056399999,0.6647844676176706,0.8707855471,0.37828899010000006,0.6217110099,0.6331685118377208,0.8473792292500001,0.39541969475,0.00637471642666676,,,,,,,,,,,,,ok,0,True
E046,epoch_0007,7,normalized,add_proj,0.12,0.08,64,4,2.0,1.0,15.0,0.0,0.0,0.0,0.06,7,False,3|5|7|15,64,64,32,0.0002,8,1,1.0,0.6975508541663489,0.8752543464666667,0.37040401706666665,0.6295959829333333,0.6975508541663489,0.8752543464666667,0.37040401706666665,0.6295959829333333,0.6651521401107312,0.8698172526333334,0.38033331591666664,0.6196666840833334,0.6340270554025967,0.8458142616666666,0.3972742169166667,0.00637471642666676,,,,,,,,,,,,,ok,0,True
E046,epoch_0008,8,normalized,add_proj,0.12,0.08,64,4,2.0,1.0,15.0,0.0,0.0,0.0,0.06,7,False,3|5|7|15,64,64,32,0.0002,8,1,1.0,0.696721593062083,0.87668057148,0.3704792445333334,0.6295207554666666,0.696721593062083,0.87668057148,0.3704792445333334,0.6295207554666666,0.6640063040455182,0.8712327037333333,0.38055253671666667,0.6194474632833333,0.6314769933621089,0.8488622404999999,0.39138975475,0.00637471642666676,,,,,,,,,,,,,ok,0,True
E047,,,normalized,add_proj,0.12,0.08,64,4,3.0,0.5,15.0,0.0,0.0,0.0,0.03,7,False,3|5|7|15,64,64,,0.0002,8,1,1.0,,,,,,,,,,,,,,,,,,,,,,,,,,,,,config_only,,False
E047,epoch_0001,1,normalized,add_proj,0.12,0.08,64,4,3.0,0.5,15.0,0.0,0.0,0.0,0.03,7,False,3|5|7|15,64,64,32,0.0002,8,1,1.0,0.6922712859312693,0.8891413774266665,0.35142085765333336,0.6485791423466667,0.6922712859312693,0.8891413774266665,0.35142085765333336,0.6485791423466667,0.6585083725055059,0.8852381719166666,0.3600751986833334,0.6399248013166666,0.6268280756970246,0.8575053609999999,0.3782636903333333,0.006112551733333305,,,,,,,,,,,,,ok,0,True
E047,epoch_0002,2,normalized,add_proj,0.12,0.08,64,4,3.0,0.5,15.0,0.0,0.0,0.0,0.03,7,False,3|5|7|15,64,64,32,0.0002,8,1,1.0,0.6942049169540404,0.88655609544,0.3564134943200001,0.6435865056799999,0.6942049169540404,0.88655609544,0.3564134943200001,0.6435865056799999,0.6609130208690962,0.8822373736,0.3656175252833333,0.6343824747166666,0.6273235326011976,0.8589606699166668,0.38606207141666665,0.006112551733333305,,,,,,,,,,,,,ok,0,True
E047,epoch_0003,3,normalized,add_proj,0.12,0.08,64,4,3.0,0.5,15.0,0.0,0.0,0.0,0.03,7,False,3|5|7|15,64,64,32,0.0002,8,1,1.0,0.6949230735699337,0.8850290724133333,0.35753340938666667,0.6424665906133333,0.6949230735699337,0.8850290724133333,0.35753340938666667,0.6424665906133333,0.6619520697494348,0.8806162055666666,0.36696078670000004,0.6330392133,0.6272952079772949,0.8574055042500001,0.38914283475,0.006112551733333305,,,,,,,,,,,,,ok,0,True
E047,epoch_0004,4,normalized,add_proj,0.12,0.08,64,4,3.0,0.5,15.0,0.0,0.0,0.0,0.03,7,False,3|5|7|15,64,64,32,0.0002,8,1,1.0,0.6955344423055649,0.88341053796,0.3597489692533334,0.6402510307466667,0.6955344423055649,0.88341053796,0.3597489692533334,0.6402510307466667,0.6626544932027658,0.8787584845166665,0.3692568489166667,0.6307431510833332,0.6279404287536938,0.8540593014166666,0.39096985516666666,0.006112551733333305,,,,,,,,,,,,,ok,0,True
E047,epoch_0005,5,normalized,add_proj,0.12,0.08,64,4,3.0,0.5,15.0,0.0,0.0,0.0,0.03,7,False,3|5|7|15,64,64,32,0.0002,8,1,1.0,0.6957832417885463,0.8817068453466668,0.36105552243999994,0.6389444775600001,0.6957832417885463,0.8817068453466668,0.36105552243999994,0.6389444775600001,0.6629674294094245,0.8768990857333334,0.3703231648,0.6296768352,0.629608079046011,0.8514726478333334,0.3869230838333333,0.006112551733333305,,,,,,,,,,,,,ok,0,True
E047,epoch_0006,6,normalized,add_proj,0.12,0.08,64,4,3.0,0.5,15.0,0.0,0.0,0.0,0.03,7,False,3|5|7|15,64,64,32,0.0002,8,1,1.0,0.6958490269184113,0.8795192664666667,0.36394071148,0.63605928852,0.6958490269184113,0.8795192664666667,0.36394071148,0.63605928852,0.6630367385347684,0.8744608074666665,0.37324558675,0.62675441325,0.63097494567434,0.848725695,0.3870268318333333,0.006112551733333305,,,,,,,,,,,,,ok,0,True
E047,epoch_0007,7,normalized,add_proj,0.12,0.08,64,4,3.0,0.5,15.0,0.0,0.0,0.0,0.03,7,False,3|5|7|15,64,64,32,0.0002,8,1,1.0,0.6955836448669435,0.8795647834399999,0.36526405339999996,0.6347359466,0.6955836448669435,0.8795647834399999,0.36526405339999996,0.6347359466,0.6626571859916051,0.8745588316666666,0.37461155471666663,0.6253884452833334,0.6306039929389954,0.8485146557499998,0.3867842111666666,0.006112551733333305,,,,,,,,,,,,,ok,0,True
E047,epoch_0008,8,normalized,add_proj,0.12,0.08,64,4,3.0,0.5,15.0,0.0,0.0,0.0,0.03,7,False,3|5|7|15,64,64,32,0.0002,8,1,1.0,0.6949941620031993,0.8806344359600001,0.3644632836,0.6355367164,0.6949941620031993,0.8806344359600001,0.3644632836,0.6355367164,0.6618582717577616,0.8756186780666667,0.37383146333333334,0.6261685366666667,0.6291689457992713,0.8517035530833335,0.3809062495833333,0.006112551733333305,,,,,,,,,,,,,ok,0,True
E048,,,normalized,add_proj,0.12,0.08,64,4,3.0,1.0,15.0,0.0,0.0,0.0,0.06,7,False,3|5|7|15,64,64,,0.0002,8,1,1.0,,,,,,,,,,,,,,,,,,,,,,,,,,,,,config_only,,False
E048,epoch_0001,1,normalized,add_proj,0.12,0.08,64,4,3.0,1.0,15.0,0.0,0.0,0.0,0.06,7,False,3|5|7|15,64,64,32,0.0002,8,1,1.0,0.6900709320704143,0.89291922544,0.34506200605333326,0.6549379939466667,0.6900709320704143,0.89291922544,0.34506200605333326,0.6549379939466667,0.6559565789500872,0.8895044244333332,0.3536545846833334,0.6463454153166666,0.6215965564052264,0.8651966688333333,0.36749734950000007,0.004954581173333417,,,,,,,,,,,,,ok,0,True
E048,epoch_0002,2,normalized,add_proj,0.12,0.08,64,4,3.0,1.0,15.0,0.0,0.0,0.0,0.06,7,False,3|5|7|15,64,64,32,0.0002,8,1,1.0,0.692148163874944,0.8906482820399999,0.34953494844000005,0.6504650515599999,0.692148163874944,0.8906482820399999,0.34953494844000005,0.6504650515599999,0.6583745297789574,0.8866684973833333,0.3590456171,0.6409543829,0.6232314643760523,0.8661158935,0.37570754149999996,0.004954581173333417,,,,,,,,,,,,,ok,0,True
E048,epoch_0003,3,normalized,add_proj,0.12,0.08,64,4,3.0,1.0,15.0,0.0,0.0,0.0,0.06,7,False,3|5|7|15,64,64,32,0.0002,8,1,1.0,0.6932764871517816,0.8908796205466666,0.3500165872266667,0.6499834127733333,0.6932764871517816,0.8908796205466666,0.3500165872266667,0.6499834127733333,0.6596631719171999,0.8868150491666666,0.35958505478333336,0.6404149452166666,0.6228485561907291,0.8678261555833333,0.37794960908333336,0.004954581173333417,,,,,,,,,,,,,ok,0,True
E048,epoch_0004,4,normalized,add_proj,0.12,0.08,64,4,3.0,1.0,15.0,0.0,0.0,0.0,0.06,7,False,3|5|7|15,64,64,32,0.0002,8,1,1.0,0.6938454047838847,0.8905170126266668,0.3505594091333333,0.6494405908666667,0.6938454047838847,0.8905170126266668,0.3505594091333333,0.6494405908666667,0.6600741164882978,0.8861649902166666,0.36000395296666665,0.6399960470333333,0.6226944322387378,0.8664821045833334,0.3776675668333333,0.004954581173333417,,,,,,,,,,,,,ok,0,True
E048,epoch_0005,5,normalized,add_proj,0.12,0.08,64,4,3.0,1.0,15.0,0.0,0.0,0.0,0.06,7,False,3|5|7|15,64,64,32,0.0002,8,1,1.0,0.693742150425911,0.8888712760666667,0.35049170197333335,0.6495082980266667,0.693742150425911,0.8888712760666667,0.35049170197333335,0.6495082980266667,0.6600490486125151,0.8843835551166667,0.35967625008333337,0.6403237499166666,0.6220098719000817,0.8636136095,0.37286511641666664,0.004954581173333417,,,,,,,,,,,,,ok,0,True
E048,epoch_0006,6,normalized,add_proj,0.12,0.08,64,4,3.0,1.0,15.0,0.0,0.0,0.0,0.06,7,False,3|5|7|15,64,64,32,0.0002,8,1,1.0,0.6938105449676515,0.8863526780933333,0.35282446980000004,0.6471755302,0.6938105449676515,0.8863526780933333,0.35282446980000004,0.6471755302,0.660378786722819,0.8818083021166666,0.3618847785,0.6381152215,0.6238593384623528,0.8601567963333333,0.3731992715,0.004954581173333417,,,,,,,,,,,,,ok,0,True
E048,epoch_0007,7,normalized,add_proj,0.12,0.08,64,4,3.0,1.0,15.0,0.0,0.0,0.0,0.06,7,False,3|5|7|15,64,64,32,0.0002,8,1,1.0,0.6942373082240423,0.8851106699866667,0.3553511559066667,0.6446488440933333,0.6942373082240423,0.8851106699866667,0.3553511559066667,0.6446488440933333,0.6607531543076037,0.8804190520333334,0.36460647960000003,0.6353935204,0.6249093207220237,0.85738230925,0.3759544260833333,0.004954581173333417,,,,,,,,,,,,,ok,0,True
E048,epoch_0008,8,normalized,add_proj,0.12,0.08,64,4,3.0,1.0,15.0,0.0,0.0,0.0,0.06,7,False,3|5|7|15,64,64,32,0.0002,8,1,1.0,0.6927340784470241,0.8869041698,0.35396057897333333,0.6460394210266667,0.6927340784470241,0.8869041698,0.35396057897333333,0.6460394210266667,0.6589820944766204,0.8823038427166667,0.36312206863333335,0.6368779313666666,0.6215276839832465,0.8610876775,0.368960797,0.004954581173333417,,,,,,,,,,,,,ok,0,True
E049,,,normalized,add_proj,0.12,0.08,64,4,2.0,0.5,17.5,0.0,0.15,0.0,0.03,7,False,3|5|7|15,64,64,,0.0002,8,1,1.0,,,,,,,,,,,,,,,,,,,,,,,,,,,,,config_only,,False
E049,epoch_0001,1,normalized,add_proj,0.12,0.08,64,4,2.0,0.5,17.5,0.0,0.15,0.0,0.03,7,False,3|5|7|15,64,64,32,0.0002,8,1,1.0,0.6964528826077779,0.8770827349066667,0.37145455673333333,0.6285454432666666,0.6964528826077779,0.8770827349066667,0.37145455673333333,0.6285454432666666,0.6639498257637023,0.8723863794166666,0.380759781,0.6192402189999999,0.6372259693841139,0.8380917796666667,0.4039535124166667,0.007749824999999988,,,,,,,,,,,,,ok,0,True
E049,epoch_0002,2,normalized,add_proj,0.12,0.08,64,4,2.0,0.5,17.5,0.0,0.15,0.0,0.03,7,False,3|5|7|15,64,64,32,0.0002,8,1,1.0,0.6979432495435078,0.8757478897866666,0.3766261289333333,0.6233738710666668,0.6979432495435078,0.8757478897866666,0.3766261289333333,0.6233738710666668,0.6655291320880253,0.8709190529166666,0.3860731828833333,0.6139268171166667,0.6368939658006032,0.8421137905,0.41461227050000005,0.007749824999999988,,,,,,,,,,,,,ok,0,True
E049,epoch_0003,3,normalized,add_proj,0.12,0.08,64,4,2.0,0.5,17.5,0.0,0.15,0.0,0.03,7,False,3|5|7|15,64,64,32,0.0002,8,1,1.0,0.6992882542212804,0.87162866216,0.3792043817333333,0.6207956182666667,0.6992882542212804,0.87162866216,0.3792043817333333,0.6207956182666667,0.6672885310153167,0.8665060714499999,0.3888099191333333,0.6111900808666667,0.6397156203786531,0.8394154399166667,0.4185666615,0.007749824999999988,,,,,,,,,,,,,ok,0,True
E049,epoch_0004,4,normalized,add_proj,0.12,0.08,64,4,2.0,0.5,17.5,0.0,0.15,0.0,0.03,7,False,3|5|7|15,64,64,32,0.0002,8,1,1.0,0.7004650775988899,0.8678704462399999,0.38392267904,0.61607732096,0.7004650775988899,0.8678704462399999,0.38392267904,0.61607732096,0.6691242073476313,0.8624690465499999,0.3936615924833334,0.6063384075166667,0.6424182442327341,0.8364927779166667,0.42448202474999996,0.007749824999999988,,,,,,,,,,,,,ok,0,True
E049,epoch_0005,5,normalized,add_proj,0.12,0.08,64,4,2.0,0.5,17.5,0.0,0.15,0.0,0.03,7,False,3|5|7|15,64,64,32,0.0002,8,1,1.0,0.7003976649045945,0.8651742097733335,0.3856874923200001,0.6143125076799999,0.7003976649045945,0.8651742097733335,0.3856874923200001,0.6143125076799999,0.6691505152483781,0.8595249348666666,0.39530958796666665,0.6046904120333334,0.6429426578183968,0.834274366,0.41961599941666666,0.007749824999999988,,,,,,,,,,,,,ok,0,True
E049,epoch_0006,6,normalized,add_proj,0.12,0.08,64,4,2.0,0.5,17.5,0.0,0.15,0.0,0.03,7,False,3|5|7|15,64,64,32,0.0002,8,1,1.0,0.7000369658470155,0.8633638344266668,0.38622867694666674,0.6137713230533333,0.7000369658470155,0.8633638344266668,0.38622867694666674,0.6137713230533333,0.6687736516197523,0.8574982592500001,0.39593959785,0.60406040215,0.6424511149525642,0.8339280043333334,0.4155901735,0.007749824999999988,,,,,,,,,,,,,ok,0,True
E049,epoch_0007,7,normalized,add_proj,0.12,0.08,64,4,2.0,0.5,17.5,0.0,0.15,0.0,0.03,7,False,3|5|7|15,64,64,32,0.0002,8,1,1.0,0.7000491345723471,0.8622715966933333,0.38810859512000007,0.6118914048799999,0.7000491345723471,0.8622715966933333,0.38810859512000007,0.6118914048799999,0.6686955607930819,0.8562829991166666,0.3980849335833333,0.6019150664166667,0.6426614900430043,0.8332203589166666,0.41556299625000004,0.007749824999999988,,,,,,,,,,,,,ok,0,True
E049,epoch_0008,8,normalized,add_proj,0.12,0.08,64,4,2.0,0.5,17.5,0.0,0.15,0.0,0.03,7,False,3|5|7|15,64,64,32,0.0002,8,1,1.0,0.6997496135234833,0.8643981492,0.3866317402799999,0.6133682597200001,0.6997496135234833,0.8643981492,0.3866317402799999,0.6133682597200001,0.6680952607591948,0.8583242824833333,0.39672687843333326,0.6032731215666667,0.6407301848133405,0.8351473599166668,0.4081427138333334,0.007749824999999988,,,,,,,,,,,,,ok,0,True
E050,,,normalized,add_proj,0.12,0.08,64,4,2.0,1.0,17.5,0.0,0.3,0.0,0.03,7,False,3|5|7|15,64,64,,0.0002,8,1,1.0,,,,,,,,,,,,,,,,,,,,,,,,,,,,,config_only,,False
E050,epoch_0001,1,normalized,add_proj,0.12,0.08,64,4,2.0,1.0,17.5,0.0,0.3,0.0,0.03,7,False,3|5|7|15,64,64,32,0.0002,8,1,1.0,0.6946405459642411,0.8830011977600001,0.36305511024,0.6369448897600001,0.6946405459642411,0.8830011977600001,0.36305511024,0.6369448897600001,0.661701603382826,0.8785520631333332,0.37248880905,0.62751119095,0.6317057763536771,0.84919306475,0.3927335084166667,0.0082763070800001,,,,,,,,,,,,,ok,0,True
E050,epoch_0002,2,normalized,add_proj,0.12,0.08,64,4,2.0,1.0,17.5,0.0,0.3,0.0,0.03,7,False,3|5|7|15,64,64,32,0.0002,8,1,1.0,0.696335356871287,0.8809229864399998,0.3684494218933334,0.6315505781066666,0.696335356871287,0.8809229864399998,0.3684494218933334,0.6315505781066666,0.6634008889396985,0.8760437826166669,0.3785535807666666,0.6214464192333333,0.6317985465129217,0.8522551263333332,0.40271440575,0.0082763070800001,,,,,,,,,,,,,ok,0,True
E050,epoch_0003,3,normalized,add_proj,0.12,0.08,64,4,2.0,1.0,17.5,0.0,0.3,0.0,0.03,7,False,3|5|7|15,64,64,32,0.0002,8,1,1.0,0.6972257566054663,0.8782360813733334,0.3713314173200001,0.6286685826799999,0.6972257566054663,0.8782360813733334,0.3713314173200001,0.6286685826799999,0.6647991435229778,0.8733269117833334,0.3816140263833333,0.6183859736166667,0.6334772924582164,0.85055659,0.4093921806666667,0.0082763070800001,,,,,,,,,,,,,ok,0,True
E050,epoch_0004,4,normalized,add_proj,0.12,0.08,64,4,2.0,1.0,17.5,0.0,0.3,0.0,0.03,7,False,3|5|7|15,64,64,32,0.0002,8,1,1.0,0.6986711951096852,0.8739117412533335,0.37604938924,0.62395061076,0.6986711951096852,0.8739117412533335,0.37604938924,0.62395061076,0.6667297845085461,0.8686929141166667,0.38635376841666663,0.6136462315833333,0.637234058479468,0.8443141814166667,0.41682720100000004,0.0082763070800001,,,,,,,,,,,,,ok,0,True
E050,epoch_0005,5,normalized,add_proj,0.12,0.08,64,4,2.0,1.0,17.5,0.0,0.3,0.0,0.03,7,False,3|5|7|15,64,64,32,0.0002,8,1,1.0,0.6985363680124281,0.8721824051066666,0.37625173473333334,0.6237482652666666,0.6985363680124281,0.8721824051066666,0.37625173473333334,0.6237482652666666,0.6664231694241364,0.8667077568333331,0.38620858588333334,0.6137914141166667,0.6378793579836687,0.8424598165833334,0.41186344208333336,0.0082763070800001,,,,,,,,,,,,,ok,0,True
E050,epoch_0006,6,normalized,add_proj,0.12,0.08,64,4,2.0,1.0,17.5,0.0,0.3,0.0,0.03,7,False,3|5|7|15,64,64,32,0.0002,8,1,1.0,0.6984748116731643,0.8703087721333332,0.37754605418666665,0.6224539458133334,0.6984748116731643,0.8703087721333332,0.37754605418666665,0.6224539458133334,0.666494186470906,0.8647007510666667,0.3875696187833333,0.6124303812166667,0.6386703461408615,0.8401866399166666,0.4090123203333334,0.0082763070800001,,,,,,,,,,,,,ok,0,True
E050,epoch_0007,7,normalized,add_proj,0.12,0.08,64,4,2.0,1.0,17.5,0.0,0.3,0.0,0.03,7,False,3|5|7|15,64,64,32,0.0002,8,1,1.0,0.6987694692214329,0.8698508022,0.37955900036,0.62044099964,0.6987694692214329,0.8698508022,0.37955900036,0.62044099964,0.6666542408366998,0.8641451743833333,0.3897552388166666,0.6102447611833334,0.639649111777544,0.8385298350833333,0.4104322848333333,0.0082763070800001,,,,,,,,,,,,,ok,0,True
E050,epoch_0008,8,normalized,add_proj,0.12,0.08,64,4,2.0,1.0,17.5,0.0,0.3,0.0,0.03,7,False,3|5|7|15,64,64,32,0.0002,8,1,1.0,0.6981959834098815,0.8707787139466666,0.37893768320000004,0.6210623168,0.6981959834098815,0.8707787139466666,0.37893768320000004,0.6210623168,0.6658849175771079,0.8650369414833335,0.38920229533333334,0.6107977046666666,0.6366439861555895,0.8403247944999999,0.4033144046666667,0.0082763070800001,,,,,,,,,,,,,ok,0,True
E051,,,normalized,add_proj,0.12,0.08,64,4,3.0,0.5,17.5,0.0,0.15,0.0,0.06,7,False,3|5|7|15,64,64,,0.0002,8,1,1.0,,,,,,,,,,,,,,,,,,,,,,,,,,,,,config_only,,False
E051,epoch_0001,1,normalized,add_proj,0.12,0.08,64,4,3.0,0.5,17.5,0.0,0.15,0.0,0.06,7,False,3|5|7|15,64,64,32,0.0002,8,1,1.0,0.6931730862458546,0.8870837091866668,0.35458643901333337,0.6454135609866667,0.6931730862458546,0.8870837091866668,0.35458643901333337,0.6454135609866667,0.6596323342124621,0.8830959617666666,0.36326329045,0.6367367095500001,0.6282026906808218,0.8531882251666667,0.38300638666666664,0.008062612239999989,,,,,,,,,,,,,ok,0,True
E051,epoch_0002,2,normalized,add_proj,0.12,0.08,64,4,3.0,0.5,17.5,0.0,0.15,0.0,0.06,7,False,3|5|7|15,64,64,32,0.0002,8,1,1.0,0.6946914021174113,0.8854893088933333,0.35998346876,0.64001653124,0.6946914021174113,0.8854893088933333,0.35998346876,0.64001653124,0.6613020318746566,0.8811358320833333,0.3693197877333334,0.6306802122666666,0.6282948419451714,0.8557407990833333,0.3934244846666667,0.008062612239999989,,,,,,,,,,,,,ok,0,True
E051,epoch_0003,3,normalized,add_proj,0.12,0.08,64,4,3.0,0.5,17.5,0.0,0.15,0.0,0.06,7,False,3|5|7|15,64,64,32,0.0002,8,1,1.0,0.6958098401625951,0.8831164982666667,0.36264905125333335,0.6373509487466666,0.6958098401625951,0.8831164982666667,0.36264905125333335,0.6373509487466666,0.6628263132274151,0.87862379645,0.37213307091666664,0.6278669290833334,0.6296002864837646,0.8542890573333333,0.3978376660833333,0.008062612239999989,,,,,,,,,,,,,ok,0,True
E051,epoch_0004,4,normalized,add_proj,0.12,0.08,64,4,3.0,0.5,17.5,0.0,0.15,0.0,0.06,7,False,3|5|7|15,64,64,32,0.0002,8,1,1.0,0.6969635046323139,0.8810211249466665,0.36482471935999994,0.6351752806400001,0.6969635046323139,0.8810211249466665,0.36482471935999994,0.6351752806400001,0.6642229158679644,0.8762799992166667,0.3743285356166667,0.6256714643833333,0.6315200909972191,0.8510280119166667,0.39811405741666667,0.008062612239999989,,,,,,,,,,,,,ok,0,True
E051,epoch_0005,5,normalized,add_proj,0.12,0.08,64,4,3.0,0.5,17.5,0.0,0.15,0.0,0.06,7,False,3|5|7|15,64,64,32,0.0002,8,1,1.0,0.697061516404152,0.87912829864,0.36689589712,0.63310410288,0.697061516404152,0.87912829864,0.36689589712,0.63310410288,0.6643962527811527,0.8741828772833333,0.37620308203333336,0.6237969179666667,0.6324766432245572,0.8492115505,0.3951237505,0.008062612239999989,,,,,,,,,,,,,ok,0,True
E051,epoch_0006,6,normalized,add_proj,0.12,0.08,64,4,3.0,0.5,17.5,0.0,0.15,0.0,0.06,7,False,3|5|7|15,64,64,32,0.0002,8,1,1.0,0.6967539482911428,0.8768007185999999,0.3695273943866667,0.6304726056133333,0.6967539482911428,0.8768007185999999,0.3695273943866667,0.6304726056133333,0.664112665851911,0.8716290730666666,0.37887327285000005,0.62112672715,0.6320503423611322,0.8470209364166668,0.39326076600000004,0.008062612239999989,,,,,,,,,,,,,ok,0,True
E051,epoch_0007,7,normalized,add_proj,0.12,0.08,64,4,3.0,0.5,17.5,0.0,0.15,0.0,0.06,7,False,3|5|7|15,64,64,32,0.0002,8,1,1.0,0.6966728353500364,0.8774781123733334,0.3700835136133333,0.6299164863866666,0.6966728353500364,0.8774781123733334,0.3700835136133333,0.6299164863866666,0.6639793293674787,0.8724266527000001,0.3795466012666667,0.6204533987333333,0.6327013534804184,0.8465605224166667,0.3925351254166667,0.008062612239999989,,,,,,,,,,,,,ok,0,True
E051,epoch_0008,8,normalized,add_proj,0.12,0.08,64,4,3.0,0.5,17.5,0.0,0.15,0.0,0.06,7,False,3|5|7|15,64,64,32,0.0002,8,1,1.0,0.6955324152708053,0.87873215676,0.3693765171733333,0.6306234828266667,0.6955324152708053,0.87873215676,0.3693765171733333,0.6306234828266667,0.6624106980860234,0.8736126604333332,0.37891176885,0.62108823115,0.6296493398646513,0.84881125125,0.38625198775,0.008062612239999989,,,,,,,,,,,,,ok,0,True
E052,,,normalized,add_proj,0.12,0.08,64,4,3.0,1.0,17.5,0.0,0.3,0.0,0.06,7,False,3|5|7|15,64,64,,0.0002,8,1,1.0,,,,,,,,,,,,,,,,,,,,,,,,,,,,,config_only,,False
E052,epoch_0001,1,normalized,add_proj,0.12,0.08,64,4,3.0,1.0,17.5,0.0,0.3,0.0,0.06,7,False,3|5|7|15,64,64,32,0.0002,8,1,1.0,0.6918860030174255,0.8905618097866668,0.3513617526,0.6486382474,0.6918860030174255,0.8905618097866668,0.3513617526,0.6486382474,0.6580276923378308,0.88690435745,0.3602967390333333,0.6397032609666666,0.6254027863343556,0.8604950923333333,0.378201148,0.006846985520000015,,,,,,,,,,,,,ok,0,True
E052,epoch_0002,2,normalized,add_proj,0.12,0.08,64,4,3.0,1.0,17.5,0.0,0.3,0.0,0.06,7,False,3|5|7|15,64,64,32,0.0002,8,1,1.0,0.6935791991949083,0.8868806432666666,0.35664529124,0.64335470876,0.6935791991949083,0.8868806432666666,0.35664529124,0.64335470876,0.660054515848557,0.8825203133333334,0.3666014387,0.6333985612999999,0.6259461984038353,0.8600240904166667,0.3859390808333333,0.006846985520000015,,,,,,,,,,,,,ok,0,True
E052,epoch_0003,3,normalized,add_proj,0.12,0.08,64,4,3.0,1.0,17.5,0.0,0.3,0.0,0.06,7,False,3|5|7|15,64,64,32,0.0002,8,1,1.0,0.6950260554949442,0.8864773995733334,0.35820873812000004,0.6417912618799999,0.6950260554949442,0.8864773995733334,0.35820873812000004,0.6417912618799999,0.6615711639324824,0.8818534551166668,0.36820174215,0.63179825785,0.6273244934777419,0.8605370136666667,0.3907461555000001,0.006846985520000015,,,,,,,,,,,,,ok,0,True
E052,epoch_0004,4,normalized,add_proj,0.12,0.08,64,4,3.0,1.0,17.5,0.0,0.3,0.0,0.06,7,False,3|5|7|15,64,64,32,0.0002,8,1,1.0,0.6960439879099529,0.8848914040266667,0.35958554412,0.64041445588,0.6960439879099529,0.8848914040266667,0.35958554412,0.64041445588,0.662885819276174,0.8801992308500001,0.36959704639999996,0.6304029536,0.6279983818531036,0.85833631025,0.38980049541666667,0.006846985520000015,,,,,,,,,,,,,ok,0,True
E052,epoch_0005,5,normalized,add_proj,0.12,0.08,64,4,3.0,1.0,17.5,0.0,0.3,0.0,0.06,7,False,3|5|7|15,64,64,32,0.0002,8,1,1.0,0.6959679477214814,0.8836451395600001,0.3605226652933334,0.6394773347066667,0.6959679477214814,0.8836451395600001,0.3605226652933334,0.6394773347066667,0.6627260144551597,0.8786242065666668,0.37017409863333334,0.6298259013666667,0.628273186335961,0.8566002235000001,0.38596720016666664,0.006846985520000015,,,,,,,,,,,,,ok,0,True
E052,epoch_0006,6,normalized,add_proj,0.12,0.08,64,4,3.0,1.0,17.5,0.0,0.3,0.0,0.06,7,False,3|5|7|15,64,64,32,0.0002,8,1,1.0,0.6957524507443109,0.8812886853466666,0.36254749864,0.63745250136,0.6957524507443109,0.8812886853466666,0.36254749864,0.63745250136,0.6627316653231781,0.8763248185333335,0.37204691231666664,0.6279530876833334,0.6295532176891963,0.8538476574166668,0.38590013833333336,0.006846985520000015,,,,,,,,,,,,,ok,0,True
E052,epoch_0007,7,normalized,add_proj,0.12,0.08,64,4,3.0,1.0,17.5,0.0,0.3,0.0,0.06,7,False,3|5|7|15,64,64,32,0.0002,8,1,1.0,0.6960662026802699,0.8798815300666668,0.36513047571999996,0.63486952428,0.6960662026802699,0.8798815300666668,0.36513047571999996,0.63486952428,0.6630541356901327,0.8749143328999999,0.37477002043333335,0.6252299795666667,0.6302131168544293,0.8509989191666667,0.38932108583333336,0.006846985520000015,,,,,,,,,,,,,ok,0,True
E052,epoch_0008,8,normalized,add_proj,0.12,0.08,64,4,3.0,1.0,17.5,0.0,0.3,0.0,0.06,7,False,3|5|7|15,64,64,32,0.0002,8,1,1.0,0.6952339491049447,0.8813454267199999,0.36412578772000004,0.63587421228,0.6952339491049447,0.8813454267199999,0.36412578772000004,0.63587421228,0.6619595500826836,0.8763303261666666,0.37377617036666666,0.6262238296333333,0.6272058462103208,0.8537781735833333,0.38180259599999994,0.006846985520000015,,,,,,,,,,,,,ok,0,True
E053,,,normalized,add_proj,0.12,0.08,64,4,3.0,1.0,12.5,0.5,0.15,0.0,0.0,7,False,3|5|7|15,64,64,,0.0002,8,1,1.0,,,,,,,,,,,,,,,,,,,,,,,,,,,,,config_only,,False
E053,epoch_0001,1,normalized,add_proj,0.12,0.08,64,4,3.0,1.0,12.5,0.5,0.15,0.0,0.0,7,False,3|5|7|15,64,64,32,0.0002,8,1,1.0,0.690048734386762,0.8921364707866667,0.3473585248933334,0.6526414751066666,0.690048734386762,0.8921364707866667,0.3473585248933334,0.6526414751066666,0.6559396150211493,0.8887028758666666,0.35596345141666663,0.6440365485833334,0.6230331954856714,0.8628907834166667,0.37279534983333334,0.005136432706666527,,,,,,,,,,,,,ok,0,True
E053,epoch_0002,2,normalized,add_proj,0.12,0.08,64,4,3.0,1.0,12.5,0.5,0.15,0.0,0.0,7,False,3|5|7|15,64,64,32,0.0002,8,1,1.0,0.6924589729706446,0.8884586660266666,0.35368603627999995,0.64631396372,0.6924589729706446,0.8884586660266666,0.35368603627999995,0.64631396372,0.6589988833169141,0.8843966702166666,0.3636112471833333,0.6363887528166667,0.6255122768382231,0.8607796134999999,0.38278164366666667,0.005136432706666527,,,,,,,,,,,,,ok,0,True
E053,epoch_0003,3,normalized,add_proj,0.12,0.08,64,4,3.0,1.0,12.5,0.5,0.15,0.0,0.0,7,False,3|5|7|15,64,64,32,0.0002,8,1,1.0,0.6931252958774567,0.8888688022266666,0.35249495759999994,0.6475050424000001,0.6931252958774567,0.8888688022266666,0.35249495759999994,0.6475050424000001,0.6597781014442444,0.8846489599999998,0.36247262486666665,0.6375273751333334,0.6251236689587434,0.8615173814999999,0.382889601,0.005136432706666527,,,,,,,,,,,,,ok,0,True
E053,epoch_0004,4,normalized,add_proj,0.12,0.08,64,4,3.0,1.0,12.5,0.5,0.15,0.0,0.0,7,False,3|5|7|15,64,64,32,0.0002,8,1,1.0,0.6930240470170975,0.8881072673333332,0.3517345373333333,0.6482654626666666,0.6930240470170975,0.8881072673333332,0.3517345373333333,0.6482654626666666,0.6595211933553218,0.8837189350333332,0.3614885786333333,0.6385114213666667,0.6245418831706047,0.86046865725,0.38000296166666675,0.005136432706666527,,,,,,,,,,,,,ok,0,True
E053,epoch_0005,5,normalized,add_proj,0.12,0.08,64,4,3.0,1.0,12.5,0.5,0.15,0.0,0.0,7,False,3|5|7|15,64,64,32,0.0002,8,1,1.0,0.693320247133573,0.88669528556,0.35221713924,0.64778286076,0.693320247133573,0.88669528556,0.35221713924,0.64778286076,0.6597380498548349,0.8822268094999999,0.3615173792333334,0.6384826207666666,0.62452647164464,0.8579762805833333,0.37686552441666665,0.005136432706666527,,,,,,,,,,,,,ok,0,True
E053,epoch_0006,6,normalized,add_proj,0.12,0.08,64,4,3.0,1.0,12.5,0.5,0.15,0.0,0.0,7,False,3|5|7|15,64,64,32,0.0002,8,1,1.0,0.6933884454170864,0.8834624604,0.35540799864,0.6445920013599999,0.6933884454170864,0.8834624604,0.35540799864,0.6445920013599999,0.6599119872351487,0.8787662102333336,0.3645833887166666,0.6354166112833334,0.6255922265350818,0.8542306265833334,0.3774662299166667,0.005136432706666527,,,,,,,,,,,,,ok,0,True
E053,epoch_0007,7,normalized,add_proj,0.12,0.08,64,4,3.0,1.0,12.5,0.5,0.15,0.0,0.0,7,False,3|5|7|15,64,64,32,0.0002,8,1,1.0,0.6941335045099258,0.8822258938133334,0.3581457697333334,0.6418542302666665,0.6941335045099258,0.8822258938133334,0.3581457697333334,0.6418542302666665,0.6607060769697031,0.8773041027333333,0.36753406443333336,0.6324659355666666,0.6266730432709058,0.8513045216666668,0.37975778000000004,0.005136432706666527,,,,,,,,,,,,,ok,0,True
E053,epoch_0008,8,normalized,add_proj,0.12,0.08,64,4,3.0,1.0,12.5,0.5,0.15,0.0,0.0,7,False,3|5|7|15,64,64,32,0.0002,8,1,1.0,0.6930278093417486,0.8837918938266667,0.35692899909333337,0.6430710009066667,0.6930278093417486,0.8837918938266667,0.35692899909333337,0.6430710009066667,0.6593210195998351,0.8790247689833333,0.36618082674999997,0.63381917325,0.6237545395890871,0.8549730125,0.3723179949166667,0.005136432706666527,,,,,,,,,,,,,ok,0,True
E054,,,normalized,add_proj,0.12,0.08,64,4,3.0,1.0,12.5,1.0,0.15,0.0,0.0,7,False,3|5|7|15,64,64,,0.0002,8,1,1.0,,,,,,,,,,,,,,,,,,,,,,,,,,,,,config_only,,False
E054,epoch_0001,1,normalized,add_proj,0.12,0.08,64,4,3.0,1.0,12.5,1.0,0.15,0.0,0.0,7,False,3|5|7|15,64,64,32,0.0002,8,1,1.0,0.6912833658854167,0.8902573804133332,0.3520855411733333,0.6479144588266668,0.6912833658854167,0.8902573804133332,0.3520855411733333,0.6479144588266668,0.6574019254247347,0.8867382168500001,0.36079991916666665,0.6392000808333334,0.6270668695370356,0.8565196984166665,0.384744752,0.004343431559999944,,,,,,,,,,,,,ok,0,True
E054,epoch_0002,2,normalized,add_proj,0.12,0.08,64,4,3.0,1.0,12.5,1.0,0.15,0.0,0.0,7,False,3|5|7|15,64,64,32,0.0002,8,1,1.0,0.6934988778034846,0.8861680219200001,0.3577932696933333,0.6422067303066668,0.6934988778034846,0.8861680219200001,0.3577932696933333,0.6422067303066668,0.6601393057405949,0.8819778077166667,0.36764577619999994,0.6323542238000001,0.6286098035673301,0.8547809993333333,0.3930583963333333,0.004343431559999944,,,,,,,,,,,,,ok,0,True
E054,epoch_0003,3,normalized,add_proj,0.12,0.08,64,4,3.0,1.0,12.5,1.0,0.15,0.0,0.0,7,False,3|5|7|15,64,64,32,0.0002,8,1,1.0,0.6937662016153335,0.8863606591733334,0.35642897273333324,0.6435710272666668,0.6937662016153335,0.8863606591733334,0.35642897273333324,0.6435710272666668,0.6604361809790135,0.8820305806166667,0.36619770285,0.63380229715,0.6268375548223655,0.8550679278333333,0.3913423995833334,0.004343431559999944,,,,,,,,,,,,,ok,0,True
E054,epoch_0004,4,normalized,add_proj,0.12,0.08,64,4,3.0,1.0,12.5,1.0,0.15,0.0,0.0,7,False,3|5|7|15,64,64,32,0.0002,8,1,1.0,0.693598347902298,0.8862196731599999,0.3558026872533333,0.6441973127466667,0.693598347902298,0.8862196731599999,0.3558026872533333,0.6441973127466667,0.6601234485705694,0.8817589135333334,0.36528261873333334,0.6347173812666667,0.6267957371970018,0.85385237225,0.3892469888333333,0.004343431559999944,,,,,,,,,,,,,ok,0,True
E054,epoch_0005,5,normalized,add_proj,0.12,0.08,64,4,3.0,1.0,12.5,1.0,0.15,0.0,0.0,7,False,3|5|7|15,64,64,32,0.0002,8,1,1.0,0.6934275769790014,0.8846818117466668,0.3566624204266667,0.6433375795733334,0.6934275769790014,0.8846818117466668,0.3566624204266667,0.6433375795733334,0.6600282437105973,0.8802204624666666,0.36560890538333335,0.6343910946166667,0.6271604023873806,0.8518228470000001,0.3859247006666667,0.004343431559999944,,,,,,,,,,,,,ok,0,True
E054,epoch_0006,6,normalized,add_proj,0.12,0.08,64,4,3.0,1.0,12.5,1.0,0.15,0.0,0.0,7,False,3|5|7|15,64,64,32,0.0002,8,1,1.0,0.6935569671789804,0.8810783754666666,0.3598627266133333,0.6401372733866667,0.6935569671789804,0.8810783754666666,0.3598627266133333,0.6401372733866667,0.6604468210538228,0.8764742436166667,0.36882744165,0.6311725583500001,0.6275453882912795,0.84730253375,0.38713661508333336,0.004343431559999944,,,,,,,,,,,,,ok,0,True
E054,epoch_0007,7,normalized,add_proj,0.12,0.08,64,4,3.0,1.0,12.5,1.0,0.15,0.0,0.0,7,False,3|5|7|15,64,64,32,0.0002,8,1,1.0,0.6946258076032003,0.8783929762800001,0.36378573838666667,0.6362142616133333,0.6946258076032003,0.8783929762800001,0.36378573838666667,0.6362142616133333,0.6618126466870307,0.8735727379999998,0.37309052900000006,0.6269094709999999,0.6299858649571737,0.8431985832500001,0.3916053899166667,0.004343431559999944,,,,,,,,,,,,,ok,0,True
E054,epoch_0008,8,normalized,add_proj,0.12,0.08,64,4,3.0,1.0,12.5,1.0,0.15,0.0,0.0,7,False,3|5|7|15,64,64,32,0.0002,8,1,1.0,0.6939754388729731,0.87961615564,0.36295547838666664,0.6370445216133334,0.6939754388729731,0.87961615564,0.36295547838666664,0.6370445216133334,0.660957741489013,0.8748097973166666,0.37230394400000005,0.627696056,0.6265375949442387,0.8472274745833333,0.3843348988333334,0.004343431559999944,,,,,,,,,,,,,ok,0,True
E055,,,normalized,add_proj,0.12,0.08,64,4,3.0,1.0,12.5,2.0,0.15,0.0,0.03,7,False,3|5|7|15,64,64,,0.0002,8,1,1.0,,,,,,,,,,,,,,,,,,,,,,,,,,,,,config_only,,False
E055,epoch_0001,1,normalized,add_proj,0.12,0.08,64,4,3.0,1.0,12.5,2.0,0.15,0.0,0.03,7,False,3|5|7|15,64,64,32,0.0002,8,1,1.0,0.6921390827496846,0.8864980611066666,0.35489854409333327,0.6451014559066668,0.6921390827496846,0.8864980611066666,0.35489854409333327,0.6451014559066668,0.6586422866582871,0.8829929855833335,0.36350545331666667,0.6364945466833334,0.6297245594362417,0.8487499055833332,0.39339015299999996,0.00765948329333338,,,,,,,,,,,,,ok,0,True
E055,epoch_0002,2,normalized,add_proj,0.12,0.08,64,4,3.0,1.0,12.5,2.0,0.15,0.0,0.03,7,False,3|5|7|15,64,64,32,0.0002,8,1,1.0,0.6929757558902103,0.8815619749733332,0.3599637478266666,0.6400362521733334,0.6929757558902103,0.8815619749733332,0.3599637478266666,0.6400362521733334,0.6599465490877627,0.8775028029166666,0.36962589118333333,0.6303741088166667,0.62863747899731,0.8458331420833334,0.39753634525000003,0.00765948329333338,,,,,,,,,,,,,ok,0,True
E055,epoch_0003,3,normalized,add_proj,0.12,0.08,64,4,3.0,1.0,12.5,2.0,0.15,0.0,0.03,7,False,3|5|7|15,64,64,32,0.0002,8,1,1.0,0.6939670570294062,0.8805556355333334,0.36255802738666665,0.6374419726133334,0.6939670570294062,0.8805556355333334,0.36255802738666665,0.6374419726133334,0.6612152647475402,0.8762419056833333,0.3724801723500001,0.6275198276499999,0.6292939444382986,0.8443243910833332,0.4020684659166667,0.00765948329333338,,,,,,,,,,,,,ok,0,True
E055,epoch_0004,4,normalized,add_proj,0.12,0.08,64,4,3.0,1.0,12.5,2.0,0.15,0.0,0.03,7,False,3|5|7|15,64,64,32,0.0002,8,1,1.0,0.6947050519784292,0.8789626008799999,0.3651549960666667,0.6348450039333333,0.6947050519784292,0.8789626008799999,0.3651549960666667,0.6348450039333333,0.6620478545626005,0.8745141625166667,0.37484122778333334,0.6251587722166667,0.6306758508086204,0.8417937581666667,0.40409407408333337,0.00765948329333338,,,,,,,,,,,,,ok,0,True
E055,epoch_0005,5,normalized,add_proj,0.12,0.08,64,4,3.0,1.0,12.5,2.0,0.15,0.0,0.03,7,False,3|5|7|15,64,64,32,0.0002,8,1,1.0,0.6938427747090656,0.8779824626666667,0.3651632796133334,0.6348367203866666,0.6938427747090656,0.8779824626666667,0.3651632796133334,0.6348367203866666,0.6610281801223755,0.8735213394000001,0.37434414711666664,0.6256558528833334,0.6286706139643987,0.842639004,0.39733488699999997,0.00765948329333338,,,,,,,,,,,,,ok,0,True
E055,epoch_0006,6,normalized,add_proj,0.12,0.08,64,4,3.0,1.0,12.5,2.0,0.15,0.0,0.03,7,False,3|5|7|15,64,64,32,0.0002,8,1,1.0,0.6937238728205363,0.8742986676933333,0.3691081013466666,0.6308918986533334,0.6937238728205363,0.8742986676933333,0.3691081013466666,0.6308918986533334,0.6611384335160255,0.8697070147333333,0.37829039789999996,0.6217096021,0.6288024812936783,0.8386652059166666,0.39762560241666667,0.00765948329333338,,,,,,,,,,,,,ok,0,True
E055,epoch_0007,7,normalized,add_proj,0.12,0.08,64,4,3.0,1.0,12.5,2.0,0.15,0.0,0.03,7,False,3|5|7|15,64,64,32,0.0002,8,1,1.0,0.6949527107477189,0.8702455696933333,0.37426719529333335,0.6257328047066666,0.6949527107477189,0.8702455696933333,0.37426719529333335,0.6257328047066666,0.6627990909914175,0.8653688337500001,0.3837101479666667,0.6162898520333333,0.6307813492914041,0.8351732938333333,0.40347010591666665,0.00765948329333338,,,,,,,,,,,,,ok,0,True
E055,epoch_0008,8,normalized,add_proj,0.12,0.08,64,4,3.0,1.0,12.5,2.0,0.15,0.0,0.03,7,False,3|5|7|15,64,64,32,0.0002,8,1,1.0,0.694468620101611,0.87177060356,0.37287186549333334,0.6271281345066666,0.694468620101611,0.87177060356,0.37287186549333334,0.6271281345066666,0.6620158312221369,0.8668936398500001,0.38228367416666675,0.6177163258333332,0.628538652509451,0.8376325230833335,0.3957931545,0.00765948329333338,,,,,,,,,,,,,ok,0,True
E056,,,normalized,add_proj,0.12,0.08,64,4,3.0,1.0,12.5,3.0,0.3,0.0,0.03,7,False,3|5|7|15,64,64,,0.0002,8,1,1.0,,,,,,,,,,,,,,,,,,,,,,,,,,,,,config_only,,False
E056,epoch_0001,1,normalized,add_proj,0.12,0.08,64,4,3.0,1.0,12.5,3.0,0.3,0.0,0.03,7,False,3|5|7|15,64,64,32,0.0002,8,1,1.0,0.693431472301483,0.8810013650133331,0.36290566297333327,0.6370943370266667,0.693431472301483,0.8810013650133331,0.36290566297333327,0.6370943370266667,0.660435225168864,0.8773591737666667,0.3714984508333333,0.6285015491666667,0.6344084414343039,0.8384265516666666,0.4085231205,0.010585130386666697,,,,,,,,,,,,,ok,0,True
E056,epoch_0002,2,normalized,add_proj,0.12,0.08,64,4,3.0,1.0,12.5,3.0,0.3,0.0,0.03,7,False,3|5|7|15,64,64,32,0.0002,8,1,1.0,0.6951067547400792,0.8738104606799999,0.36940463681333335,0.6305953631866666,0.6951067547400792,0.8738104606799999,0.36940463681333335,0.6305953631866666,0.662913789798816,0.8694569928500002,0.37928934673333337,0.6207106532666666,0.6345419456561405,0.8312477693333333,0.4166805787500001,0.010585130386666697,,,,,,,,,,,,,ok,0,True
E056,epoch_0003,3,normalized,add_proj,0.12,0.08,64,4,3.0,1.0,12.5,3.0,0.3,0.0,0.03,7,False,3|5|7|15,64,64,32,0.0002,8,1,1.0,0.69530453423659,0.8716141988666668,0.37349079335999996,0.62650920664,0.69530453423659,0.8716141988666668,0.37349079335999996,0.62650920664,0.6633125579853852,0.8669806360999999,0.3836745659833333,0.6163254340166666,0.6333344255884489,0.8321453051666667,0.4183117270833333,0.010585130386666697,,,,,,,,,,,,,ok,0,True
E056,epoch_0004,4,normalized,add_proj,0.12,0.08,64,4,3.0,1.0,12.5,3.0,0.3,0.0,0.03,7,False,3|5|7|15,64,64,32,0.0002,8,1,1.0,0.6953266651233038,0.8704685080533333,0.3750107146933334,0.6249892853066665,0.6953266651233038,0.8704685080533333,0.3750107146933334,0.6249892853066665,0.6633944891393185,0.8658659169833334,0.3849060635,0.6150939365,0.6335966192185878,0.8314141316666667,0.41835371908333335,0.010585130386666697,,,,,,,,,,,,,ok,0,True
E056,epoch_0005,5,normalized,add_proj,0.12,0.08,64,4,3.0,1.0,12.5,3.0,0.3,0.0,0.03,7,False,3|5|7|15,64,64,32,0.0002,8,1,1.0,0.6951041970650356,0.8680887303733335,0.3770320055066667,0.6229679944933333,0.6951041970650356,0.8680887303733335,0.3770320055066667,0.6229679944933333,0.6631503791113694,0.8634277578666667,0.3863823966166667,0.6136176033833334,0.6327657327055931,0.8311436799166667,0.41470592891666674,0.010585130386666697,,,,,,,,,,,,,ok,0,True
E056,epoch_0006,6,normalized,add_proj,0.12,0.08,64,4,3.0,1.0,12.5,3.0,0.3,0.0,0.03,7,False,3|5|7|15,64,64,32,0.0002,8,1,1.0,0.6950929030577342,0.8636954027466668,0.38129443826666665,0.6187055617333334,0.6950929030577342,0.8636954027466668,0.38129443826666665,0.6187055617333334,0.6635247312982877,0.8588432500333333,0.3905342284833333,0.6094657715166667,0.6327020275096099,0.8278476407500001,0.41446653941666667,0.010585130386666697,,,,,,,,,,,,,ok,0,True
E056,epoch_0007,7,normalized,add_proj,0.12,0.08,64,4,3.0,1.0,12.5,3.0,0.3,0.0,0.03,7,False,3|5|7|15,64,64,32,0.0002,8,1,1.0,0.6964082059462865,0.8587560896266666,0.3864886593600001,0.6135113406399999,0.6964082059462865,0.8587560896266666,0.3864886593600001,0.6135113406399999,0.6654630955557028,0.8535622239333334,0.39604696613333334,0.6039530338666667,0.6354063508411248,0.8224004344166667,0.42075183899999996,0.010585130386666697,,,,,,,,,,,,,ok,0,True
E056,epoch_0008,8,normalized,add_proj,0.12,0.08,64,4,3.0,1.0,12.5,3.0,0.3,0.0,0.03,7,False,3|5|7|15,64,64,32,0.0002,8,1,1.0,0.6959370685418446,0.8593055602133333,0.3862905292,0.6137094707999999,0.6959370685418446,0.8593055602133333,0.3862905292,0.6137094707999999,0.6648060182730358,0.8541119354333333,0.39593681995,0.60406318005,0.6334263247748216,0.8239808935833334,0.415220237,0.010585130386666697,,,,,,,,,,,,,ok,0,True
E057,,,normalized,add_proj,0.12,0.08,64,4,2.0,1.0,15.0,0.5,0.15,0.0,0.03,7,False,3|5|7|15,64,64,,0.0002,8,1,1.0,,,,,,,,,,,,,,,,,,,,,,,,,,,,,config_only,,False
E057,epoch_0001,1,normalized,add_proj,0.12,0.08,64,4,2.0,1.0,15.0,0.5,0.15,0.0,0.03,7,False,3|5|7|15,64,64,32,0.0002,8,1,1.0,0.6942160470088323,0.8848258552933334,0.36246200038666665,0.6375379996133334,0.6942160470088323,0.8848258552933334,0.36246200038666665,0.6375379996133334,0.6609555620451768,0.8805406162666666,0.37165779785,0.62834220215,0.6307523265480995,0.8496591714166666,0.39532088400000004,0.007692713853333255,,,,,,,,,,,,,ok,0,True
E057,epoch_0002,2,normalized,add_proj,0.12,0.08,64,4,2.0,1.0,15.0,0.5,0.15,0.0,0.03,7,False,3|5|7|15,64,64,32,0.0002,8,1,1.0,0.6951209676663082,0.8810766751333334,0.3663003253466667,0.6336996746533333,0.6951209676663082,0.8810766751333334,0.3663003253466667,0.6336996746533333,0.6621562077105047,0.8763385555500001,0.3763742130166666,0.6236257869833334,0.6300428380568822,0.8508796620833333,0.39949149175,0.007692713853333255,,,,,,,,,,,,,ok,0,True
E057,epoch_0003,3,normalized,add_proj,0.12,0.08,64,4,2.0,1.0,15.0,0.5,0.15,0.0,0.03,7,False,3|5|7|15,64,64,32,0.0002,8,1,1.0,0.6966909430821737,0.8785529221466666,0.3701547142399999,0.6298452857600001,0.6966909430821737,0.8785529221466666,0.3701547142399999,0.6298452857600001,0.6640670415759087,0.8736374122999997,0.38057894111666657,0.6194210588833334,0.6325442065795264,0.8481713136666665,0.40910678858333327,0.007692713853333255,,,,,,,,,,,,,ok,0,True
E057,epoch_0004,4,normalized,add_proj,0.12,0.08,64,4,2.0,1.0,15.0,0.5,0.15,0.0,0.03,7,False,3|5|7|15,64,64,32,0.0002,8,1,1.0,0.6978303704659145,0.8754966146533333,0.3737497333733334,0.6262502666266666,0.6978303704659145,0.8754966146533333,0.3737497333733334,0.6262502666266666,0.6656053166091443,0.8703033476666666,0.3842457192333334,0.6157542807666666,0.634855081140995,0.8441880710833334,0.41451050275,0.007692713853333255,,,,,,,,,,,,,ok,0,True
E057,epoch_0005,5,normalized,add_proj,0.12,0.08,64,4,2.0,1.0,15.0,0.5,0.15,0.0,0.03,7,False,3|5|7|15,64,64,32,0.0002,8,1,1.0,0.6985277836322784,0.8724852598933333,0.3766034548133333,0.6233965451866668,0.6985277836322784,0.8724852598933333,0.3766034548133333,0.6233965451866668,0.6665387283762296,0.8671062761666667,0.3867994490833333,0.6132005509166667,0.636385673781236,0.8399513192500001,0.4129720933333333,0.007692713853333255,,,,,,,,,,,,,ok,0,True
E057,epoch_0006,6,normalized,add_proj,0.12,0.08,64,4,2.0,1.0,15.0,0.5,0.15,0.0,0.03,7,False,3|5|7|15,64,64,32,0.0002,8,1,1.0,0.6985342294772465,0.8694770212133333,0.37854303650666665,0.6214569634933333,0.6985342294772465,0.8694770212133333,0.37854303650666665,0.6214569634933333,0.6666449512541295,0.8639679071666668,0.38869489776666666,0.6113051022333333,0.6376107042034467,0.8365934381666665,0.41104919083333336,0.007692713853333255,,,,,,,,,,,,,ok,0,True
E057,epoch_0007,7,normalized,add_proj,0.12,0.08,64,4,2.0,1.0,15.0,0.5,0.15,0.0,0.03,7,False,3|5|7|15,64,64,32,0.0002,8,1,1.0,0.6986516583760579,0.86756199924,0.38120160336,0.61879839664,0.6986516583760579,0.86756199924,0.38120160336,0.61879839664,0.6668459147214889,0.8619768410166666,0.39153054768333334,0.6084694523166667,0.6383891793588797,0.8340619584166667,0.4114306729166667,0.007692713853333255,,,,,,,,,,,,,ok,0,True
E057,epoch_0008,8,normalized,add_proj,0.12,0.08,64,4,2.0,1.0,15.0,0.5,0.15,0.0,0.03,7,False,3|5|7|15,64,64,32,0.0002,8,1,1.0,0.6978791269063949,0.8694640465466668,0.37981183038666666,0.6201881696133333,0.6978791269063949,0.8694640465466668,0.37981183038666666,0.6201881696133333,0.6657023008167744,0.8639091896666666,0.3901766008833334,0.6098233991166666,0.6358580023050309,0.8376990779166668,0.4030927947499999,0.007692713853333255,,,,,,,,,,,,,ok,0,True
E058,,,normalized,add_proj,0.12,0.08,64,4,2.0,1.0,15.0,1.0,0.15,0.0,0.03,7,False,3|5|7|15,64,64,,0.0002,8,1,1.0,,,,,,,,,,,,,,,,,,,,,,,,,,,,,config_only,,False
E058,epoch_0001,1,normalized,add_proj,0.12,0.08,64,4,2.0,1.0,15.0,1.0,0.15,0.0,0.03,7,False,3|5|7|15,64,64,32,0.0002,8,1,1.0,0.6953030314048131,0.8806712572266667,0.36805654789333336,0.6319434521066667,0.6953030314048131,0.8806712572266667,0.36805654789333336,0.6319434521066667,0.6625004391372202,0.8763718911166667,0.37740007103333334,0.6225999289666666,0.6339974905053773,0.8419221109166666,0.4062976450833334,0.006733835986666714,,,,,,,,,,,,,ok,0,True
E058,epoch_0002,2,normalized,add_proj,0.12,0.08,64,4,2.0,1.0,15.0,1.0,0.15,0.0,0.03,7,False,3|5|7|15,64,64,32,0.0002,8,1,1.0,0.6968774436712266,0.8772148197866667,0.3719882788933333,0.6280117211066667,0.6968774436712266,0.8772148197866667,0.3719882788933333,0.6280117211066667,0.6645129023492335,0.8724928061,0.3819844417166667,0.6180155582833333,0.634033697595199,0.8426660593333333,0.4122562250833333,0.006733835986666714,,,,,,,,,,,,,ok,0,True
E058,epoch_0003,3,normalized,add_proj,0.12,0.08,64,4,2.0,1.0,15.0,1.0,0.15,0.0,0.03,7,False,3|5|7|15,64,64,32,0.0002,8,1,1.0,0.6970849062601725,0.8745608437999999,0.3747903838800001,0.6252096161199999,0.6970849062601725,0.8745608437999999,0.3747903838800001,0.6252096161199999,0.6649034939209619,0.8697251784833334,0.38498175568333337,0.6150182443166666,0.6343138739466667,0.8404267345833333,0.4153020444166666,0.006733835986666714,,,,,,,,,,,,,ok,0,True
E058,epoch_0004,4,normalized,add_proj,0.12,0.08,64,4,2.0,1.0,15.0,1.0,0.15,0.0,0.03,7,False,3|5|7|15,64,64,32,0.0002,8,1,1.0,0.6983230673074723,0.8717267271600001,0.3773550760133334,0.6226449239866666,0.6983230673074723,0.8717267271600001,0.3773550760133334,0.6226449239866666,0.6664139775931834,0.8665033046666666,0.3873510358833333,0.6126489641166667,0.6366538919508457,0.8357893520833333,0.41812008308333337,0.006733835986666714,,,,,,,,,,,,,ok,0,True
E058,epoch_0005,5,normalized,add_proj,0.12,0.08,64,4,2.0,1.0,15.0,1.0,0.15,0.0,0.03,7,False,3|5|7|15,64,64,32,0.0002,8,1,1.0,0.698532692193985,0.8683949121466666,0.38121411808000005,0.61878588192,0.698532692193985,0.8683949121466666,0.38121411808000005,0.61878588192,0.6668288698792457,0.862992049,0.39111238805000004,0.60888761195,0.6376357175409794,0.8319099930833334,0.4173297085833333,0.006733835986666714,,,,,,,,,,,,,ok,0,True
E058,epoch_0006,6,normalized,add_proj,0.12,0.08,64,4,2.0,1.0,15.0,1.0,0.15,0.0,0.03,7,False,3|5|7|15,64,64,32,0.0002,8,1,1.0,0.6988418115377426,0.86526298236,0.38495351640000003,0.6150464836,0.6988418115377426,0.86526298236,0.38495351640000003,0.6150464836,0.6673704900840918,0.8596888898499999,0.39497074624999995,0.60502925375,0.6391717781623205,0.82846924525,0.4176920465,0.006733835986666714,,,,,,,,,,,,,ok,0,True
E058,epoch_0007,7,normalized,add_proj,0.12,0.08,64,4,2.0,1.0,15.0,1.0,0.15,0.0,0.03,7,False,3|5|7|15,64,64,32,0.0002,8,1,1.0,0.6991872569719949,0.8623889345866667,0.38793329765333334,0.6120667023466666,0.6991872569719949,0.8623889345866667,0.38793329765333334,0.6120667023466666,0.6679508928457896,0.8566639515666665,0.39820094575000003,0.60179905425,0.6399464791019758,0.8255865585833333,0.41876562700000003,0.006733835986666714,,,,,,,,,,,,,ok,0,True
E058,epoch_0008,8,normalized,add_proj,0.12,0.08,64,4,2.0,1.0,15.0,1.0,0.15,0.0,0.03,7,False,3|5|7|15,64,64,32,0.0002,8,1,1.0,0.6990363357861837,0.8629568591066668,0.38801850171999996,0.61198149828,0.6990363357861837,0.8629568591066668,0.38801850171999996,0.61198149828,0.6675391317407291,0.8569861394666667,0.39845211441666667,0.6015478855833334,0.6384625367820262,0.8276433518333334,0.4128612642499999,0.006733835986666714,,,,,,,,,,,,,ok,0,True
E059,,,normalized,add_proj,0.12,0.08,64,4,2.0,1.0,15.0,2.0,0.3,0.0,0.06,7,False,3|5|7|15,64,64,,0.0002,8,1,1.0,,,,,,,,,,,,,,,,,,,,,,,,,,,,,config_only,,False
E059,epoch_0001,1,normalized,add_proj,0.12,0.08,64,4,2.0,1.0,15.0,2.0,0.3,0.0,0.06,7,False,3|5|7|15,64,64,32,0.0002,8,1,1.0,0.6968491148153941,0.8763491854666665,0.37226754324,0.62773245676,0.6968491148153941,0.8763491854666665,0.37226754324,0.62773245676,0.6646286564071973,0.8720695698833334,0.38141702445,0.6185829755500001,0.6386411803464095,0.83313937725,0.417612974,0.008628044093333342,,,,,,,,,,,,,ok,0,True
E059,epoch_0002,2,normalized,add_proj,0.12,0.08,64,4,2.0,1.0,15.0,2.0,0.3,0.0,0.06,7,False,3|5|7|15,64,64,32,0.0002,8,1,1.0,0.6969999188582103,0.8718609600000002,0.3748847763866667,0.6251152236133333,0.6969999188582103,0.8718609600000002,0.3748847763866667,0.6251152236133333,0.6650604949394862,0.8671728084166667,0.3846253714666667,0.6153746285333332,0.6352445684373379,0.8326123848333334,0.4174259031666666,0.008628044093333342,,,,,,,,,,,,,ok,0,True
E059,epoch_0003,3,normalized,add_proj,0.12,0.08,64,4,2.0,1.0,15.0,2.0,0.3,0.0,0.06,7,False,3|5|7|15,64,64,32,0.0002,8,1,1.0,0.6976962647438049,0.8675678408,0.38089558733333334,0.6191044126666667,0.6976962647438049,0.8675678408,0.38089558733333334,0.6191044126666667,0.6661886392037075,0.8626555151666668,0.39097471323333327,0.6090252867666668,0.6372915302713712,0.8294401799166667,0.42626576741666666,0.008628044093333342,,,,,,,,,,,,,ok,0,True
E059,epoch_0004,4,normalized,add_proj,0.12,0.08,64,4,2.0,1.0,15.0,2.0,0.3,0.0,0.06,7,False,3|5|7|15,64,64,32,0.0002,8,1,1.0,0.6990092336336773,0.8636773277199999,0.38591201968,0.61408798032,0.6990092336336773,0.8636773277199999,0.38591201968,0.61408798032,0.6678618767857551,0.8586604545500001,0.39582782741666667,0.6041721725833333,0.6391997178395589,0.8267036489166667,0.4312610805833333,0.008628044093333342,,,,,,,,,,,,,ok,0,True
E059,epoch_0005,5,normalized,add_proj,0.12,0.08,64,4,2.0,1.0,15.0,2.0,0.3,0.0,0.06,7,False,3|5|7|15,64,64,32,0.0002,8,1,1.0,0.6991708198785783,0.8597063016933332,0.38950547548000003,0.61049452452,0.6991708198785783,0.8597063016933332,0.38950547548000003,0.61049452452,0.6682026938100655,0.8544990255833336,0.39928508591666667,0.6007149140833333,0.6397148112456004,0.8242166740833333,0.4299669410833334,0.008628044093333342,,,,,,,,,,,,,ok,0,True
E059,epoch_0006,6,normalized,add_proj,0.12,0.08,64,4,2.0,1.0,15.0,2.0,0.3,0.0,0.06,7,False,3|5|7|15,64,64,32,0.0002,8,1,1.0,0.6995613691409429,0.8553931308400001,0.3931391344000001,0.6068608655999999,0.6995613691409429,0.8553931308400001,0.3931391344000001,0.6068608655999999,0.6688641738394898,0.8498474217000002,0.40293183773333335,0.5970681622666667,0.6411393302182357,0.8194288026666666,0.42958442933333335,0.008628044093333342,,,,,,,,,,,,,ok,0,True
E059,epoch_0007,7,normalized,add_proj,0.12,0.08,64,4,2.0,1.0,15.0,2.0,0.3,0.0,0.06,7,False,3|5|7|15,64,64,32,0.0002,8,1,1.0,0.6999750762780508,0.8513113393600001,0.39762261769333335,0.6023773823066667,0.6999750762780508,0.8513113393600001,0.39762261769333335,0.6023773823066667,0.6697028229633968,0.8454446554166667,0.40760286118333333,0.5923971388166667,0.642547807097435,0.8156492145833333,0.43277882124999995,0.008628044093333342,,,,,,,,,,,,,ok,0,True
E059,epoch_0008,8,normalized,add_proj,0.12,0.08,64,4,2.0,1.0,15.0,2.0,0.3,0.0,0.06,7,False,3|5|7|15,64,64,32,0.0002,8,1,1.0,0.7000496060450873,0.8532568135066667,0.3965114574933334,0.6034885425066666,0.7000496060450873,0.8532568135066667,0.3965114574933334,0.6034885425066666,0.6695418753723303,0.8473232399166667,0.4066674766666667,0.5933325233333333,0.6401012162367503,0.8193089503333334,0.4249810385,0.008628044093333342,,,,,,,,,,,,,ok,0,True
E060,,,normalized,add_proj,0.12,0.08,64,4,2.0,1.0,15.0,5.0,0.3,0.0,0.06,7,False,3|5|7|15,64,64,,0.0002,8,1,1.0,,,,,,,,,,,,,,,,,,,,,,,,,,,,,config_only,,False
E060,epoch_0001,1,normalized,add_proj,0.12,0.08,64,4,2.0,1.0,15.0,5.0,0.3,0.0,0.06,7,False,3|5|7|15,64,64,32,0.0002,8,1,1.0,0.6976073200305302,0.8578755325599999,0.39069400157333334,0.6093059984266667,0.6976073200305302,0.8578755325599999,0.39069400157333334,0.6093059984266667,0.6673544285198052,0.8540824022166668,0.39898924724999996,0.60101075275,0.6455654673278332,0.80704783875,0.446917276,0.018380727399999963,,,,,,,,,,,,,ok,0,True
E060,epoch_0002,2,normalized,add_proj,0.12,0.08,64,4,2.0,1.0,15.0,5.0,0.3,0.0,0.06,7,False,3|5|7|15,64,64,32,0.0002,8,1,1.0,0.6989099400838217,0.8460332538800001,0.4015830972933334,0.5984169027066666,0.6989099400838217,0.8460332538800001,0.4015830972933334,0.5984169027066666,0.6695871650179226,0.8414794886333332,0.4106050219666666,0.5893949780333334,0.6457345200081667,0.7983631214166667,0.45881402358333334,0.018380727399999963,,,,,,,,,,,,,ok,0,True
E060,epoch_0003,3,normalized,add_proj,0.12,0.08,64,4,2.0,1.0,15.0,5.0,0.3,0.0,0.06,7,False,3|5|7|15,64,64,32,0.0002,8,1,1.0,0.6999056167205175,0.8398500011333333,0.4090747289733333,0.5909252710266667,0.6999056167205175,0.8398500011333333,0.4090747289733333,0.5909252710266667,0.6711102445423603,0.8349248178166666,0.41851188078333335,0.5814881192166667,0.6476646048327287,0.7951425153333332,0.4638209225833333,0.018380727399999963,,,,,,,,,,,,,ok,0,True
E060,epoch_0004,4,normalized,add_proj,0.12,0.08,64,4,2.0,1.0,15.0,5.0,0.3,0.0,0.06,7,False,3|5|7|15,64,64,32,0.0002,8,1,1.0,0.7005373403231303,0.8351494198533334,0.41405428934666666,0.5859457106533333,0.7005373403231303,0.8351494198533334,0.41405428934666666,0.5859457106533333,0.6722288979093233,0.8303346605499999,0.4233256451,0.5766743549,0.6493112442394098,0.7941716439166666,0.46687258833333334,0.018380727399999963,,,,,,,,,,,,,ok,0,True
E060,epoch_0005,5,normalized,add_proj,0.12,0.08,64,4,2.0,1.0,15.0,5.0,0.3,0.0,0.06,7,False,3|5|7|15,64,64,32,0.0002,8,1,1.0,0.700871483405431,0.8305362528533334,0.4189747644,0.5810252356000001,0.700871483405431,0.8305362528533334,0.4189747644,0.5810252356000001,0.6728823151191076,0.8255703311833335,0.42795587575000005,0.57204412425,0.6493422091007233,0.7926906674166667,0.4668338020833333,0.018380727399999963,,,,,,,,,,,,,ok,0,True
E060,epoch_0006,6,normalized,add_proj,0.12,0.08,64,4,2.0,1.0,15.0,5.0,0.3,0.0,0.06,7,False,3|5|7|15,64,64,32,0.0002,8,1,1.0,0.7009463122288386,0.82344140256,0.4240031147733333,0.5759968852266667,0.7009463122288386,0.82344140256,0.4240031147733333,0.5759968852266667,0.6736958989997706,0.8182912408666667,0.43293690310000005,0.5670630968999999,0.6495286737879118,0.7871187184166667,0.46835370875000004,0.018380727399999963,,,,,,,,,,,,,ok,0,True
E060,epoch_0007,7,normalized,add_proj,0.12,0.08,64,4,2.0,1.0,15.0,5.0,0.3,0.0,0.06,7,False,3|5|7|15,64,64,32,0.0002,8,1,1.0,0.7008983862002691,0.8182172534933333,0.42815835777333333,0.5718416422266667,0.7008983862002691,0.8182172534933333,0.42815835777333333,0.5718416422266667,0.6739083867768447,0.8125518839333333,0.43723608615,0.56276391385,0.6493912393848101,0.7817246055833333,0.46894454575000005,0.018380727399999963,,,,,,,,,,,,,ok,0,True
E060,epoch_0008,8,normalized,add_proj,0.12,0.08,64,4,2.0,1.0,15.0,5.0,0.3,0.0,0.06,7,False,3|5|7|15,64,64,32,0.0002,8,1,1.0,0.7017878482739132,0.8198851763333334,0.42732086362666655,0.5726791363733335,0.7017878482739132,0.8198851763333334,0.42732086362666655,0.5726791363733335,0.6746813063323497,0.8140245497666665,0.43667017675,0.5633298232499999,0.6483069772521655,0.7840974084166668,0.4637230165833333,0.018380727399999963,,,,,,,,,,,,,ok,0,True
E061,,,normalized,add_proj,0.12,0.08,64,4,0.5,0.5,15.0,0.0,0.15,0.0,0.03,7,False,3|5|7|15,64,64,,0.0002,8,1,1.0,,,,,,,,,,,,,,,,,,,,,,,,,,,,,config_only,,False
E062,,,normalized,add_proj,0.12,0.08,64,4,0.5,1.0,15.0,0.0,0.3,0.0,0.03,7,False,3|5|7|15,64,64,,0.00015,8,1,1.0,,,,,,,,,,,,,,,,,,,,,,,,,,,,,config_only,,False
E063,,,normalized,add_proj,0.12,0.08,64,4,1.0,0.5,17.5,0.0,0.15,0.0,0.03,7,False,3|5|7|15,64,64,,0.0002,8,1,1.0,,,,,,,,,,,,,,,,,,,,,,,,,,,,,config_only,,False
E064,,,normalized,add_proj,0.12,0.08,64,4,1.0,1.0,17.5,0.0,0.3,0.0,0.06,7,False,3|5|7|15,64,64,,0.00015,8,1,1.0,,,,,,,,,,,,,,,,,,,,,,,,,,,,,config_only,,False
E065,,,normalized,add_proj,0.12,0.08,64,4,1.5,0.5,20.0,0.0,0.15,0.0,0.03,7,False,3|5|7|15,64,64,,0.00015,8,1,1.0,,,,,,,,,,,,,,,,,,,,,,,,,,,,,config_only,,False
E066,,,normalized,add_proj,0.12,0.08,64,4,1.5,1.0,20.0,0.0,0.3,0.0,0.06,7,False,3|5|7|15,64,64,,0.0001,8,1,1.0,,,,,,,,,,,,,,,,,,,,,,,,,,,,,config_only,,False
E067,,,normalized,add_proj,0.12,0.08,64,4,2.0,0.5,25.0,0.0,0.3,0.0,0.06,7,False,3|5|7|15,64,64,,0.0001,8,1,1.0,,,,,,,,,,,,,,,,,,,,,,,,,,,,,config_only,,False
E068,,,normalized,add_proj,0.12,0.08,64,4,2.0,1.0,25.0,0.0,0.5,0.0,0.06,7,False,3|5|7|15,64,64,,0.0001,8,1,1.0,,,,,,,,,,,,,,,,,,,,,,,,,,,,,config_only,,False
E069,,,normalized,add_proj,0.12,0.08,96,4,3.0,1.0,12.5,0.0,0.0,0.0,0.0,7,False,3|5|7|15,64,64,,0.0002,8,1,1.0,,,,,,,,,,,,,,,,,,,,,,,,,,,,,config_only,,False
E070,,,normalized,add_proj,0.12,0.05,96,4,3.0,1.0,12.5,0.0,0.0,0.0,0.0,7,False,3|5|7|15,64,64,,0.0002,8,1,1.0,,,,,,,,,,,,,,,,,,,,,,,,,,,,,config_only,,False
E071,,,normalized,add_proj,0.12,0.08,96,6,3.0,1.0,12.5,0.0,0.0,0.0,0.0,7,False,3|5|7|15,64,64,,0.0002,8,1,1.0,,,,,,,,,,,,,,,,,,,,,,,,,,,,,config_only,,False
E072,,,normalized,add_proj,0.12,0.05,64,6,3.0,1.0,12.5,0.0,0.0,0.0,0.0,7,False,3|5|7|15,64,64,,0.0002,8,1,1.0,,,,,,,,,,,,,,,,,,,,,,,,,,,,,config_only,,False
E073,,,normalized,add_proj,0.08,0.05,64,4,2.0,1.0,15.0,0.0,0.0,0.0,0.0,7,False,3|5|7|15,64,64,,0.0002,8,1,1.0,,,,,,,,,,,,,,,,,,,,,,,,,,,,,config_only,,False
E074,,,normalized,add_proj,0.08,0.05,96,4,2.0,1.0,15.0,0.0,0.0,0.0,0.0,7,False,3|5|7|15,64,64,,0.0002,8,1,1.0,,,,,,,,,,,,,,,,,,,,,,,,,,,,,config_only,,False
E075,,,normalized,add_proj,0.12,0.08,64,4,3.0,1.0,12.5,0.0,0.0,0.0,0.0,7,False,3|5|7|15,128,64,,0.0002,8,1,1.0,,,,,,,,,,,,,,,,,,,,,,,,,,,,,config_only,,False
E076,,,normalized,add_proj,0.12,0.08,64,4,3.0,1.0,12.5,0.0,0.0,0.0,0.0,7,False,3|5|7|15,64,128,,0.0002,8,1,1.0,,,,,,,,,,,,,,,,,,,,,,,,,,,,,config_only,,False
E077,,,normalized,add_proj,0.12,0.08,64,4,3.0,1.0,12.5,0.0,0.0,0.0,0.0,7,True,1|3|5|9|15,128,128,,0.0002,8,1,1.0,,,,,,,,,,,,,,,,,,,,,,,,,,,,,config_only,,False
E078,,,normalized,add_proj,0.12,0.08,64,4,2.0,1.0,15.0,0.0,0.0,0.0,0.0,7,True,1|3|5|7|11|15,96,96,,0.0002,8,1,1.0,,,,,,,,,,,,,,,,,,,,,,,,,,,,,config_only,,False
E079,,,normalized,add_proj,0.12,0.08,64,4,2.0,1.0,15.0,0.0,0.0,0.0,0.0,7,False,3|5|7|15,64,64,,0.0001,8,1,1.0,,,,,,,,,,,,,,,,,,,,,,,,,,,,,config_only,,False
E080,,,normalized,add_proj,0.12,0.08,64,4,3.0,1.0,12.5,0.0,0.0,0.0,0.0,7,False,3|5|7|15,64,64,,0.0003,8,1,1.0,,,,,,,,,,,,,,,,,,,,,,,,,,,,,config_only,,False
S-add__K-1_C-0_W-10_Col-0,,,add_proj,,,,,,1.0,0.0,10.0,0.0,,,,,,,,,,,,,,,,,,,,,,,,,,,,,,,,,,,,,,,,,,config_only,,False
S-add__K-1_C-0_W-10_Col-0,epoch_0001,1,add_proj,add_proj,0.12,0.08,64,4,1.0,0.0,10.0,0.0,0.0,0.0,0.0,5,False,3|5|7|15,64,64,108,0.0002,8,1,1,0.6975708537101746,0.87003054812,0.38645505770666666,0.6135449422933333,0.6975708537101746,0.87003054812,0.38645505770666666,0.6135449422933333,0.6658222171664239,0.8664515819,0.39458207488333336,0.6054179251166667,0.643574696034193,0.8225698765,0.42971690858333333,-0.00916495637333331,,,,,,,,,,,,,ok,0,True
S-add__K-1_C-0_W-10_Col-0,epoch_0002,2,add_proj,add_proj,0.12,0.08,64,4,1.0,0.0,10.0,0.0,0.0,0.0,0.0,5,False,3|5|7|15,64,64,108,0.0002,8,1,1,0.6958392717043559,0.8724797094,0.3800498122666667,0.6199501877333333,0.6958392717043559,0.8724797094,0.3800498122666667,0.6199501877333333,0.6636752958099047,0.8684800129833332,0.3882813256333334,0.6117186743666666,0.6369841160873573,0.8423845525833333,0.40009573924999997,-0.00916495637333331,,,,,,,,,,,,,ok,0,True
S-add__K-1_C-0_W-10_Col-0,epoch_0003,3,add_proj,add_proj,0.12,0.08,64,4,1.0,0.0,10.0,0.0,0.0,0.0,0.0,5,False,3|5|7|15,64,64,108,0.0002,8,1,1,0.697748105764389,0.8728216880533333,0.37729010133333335,0.6227098986666666,0.697748105764389,0.8728216880533333,0.37729010133333335,0.6227098986666666,0.6656168382366497,0.8680737932666667,0.38562384171666664,0.6143761582833334,0.6394288773338,0.8417747971666667,0.4021638476666667,-0.00916495637333331,,,,,,,,,,,,,ok,0,True
S-add__K-1_C-0_W-10_Col-0,epoch_0004,4,add_proj,add_proj,0.12,0.08,64,4,1.0,0.0,10.0,0.0,0.0,0.0,0.0,5,False,3|5|7|15,64,64,108,0.0002,8,1,1,0.7011956191857657,0.8663012847066667,0.3832191771066667,0.6167808228933334,0.7011956191857657,0.8663012847066667,0.3832191771066667,0.6167808228933334,0.6701444272200267,0.8610972243833332,0.39157706523333335,0.6084229347666666,0.6448730319738387,0.8318480909999999,0.4148099180000001,-0.00916495637333331,,,,,,,,,,,,,ok,0,True
S-add__K-1_C-0_W-10_Col-0,epoch_0005,5,add_proj,add_proj,0.12,0.08,64,4,1.0,0.0,10.0,0.0,0.0,0.0,0.0,5,False,3|5|7|15,64,64,108,0.0002,8,1,1,0.703928370277087,0.85602208832,0.3968908656666666,0.6031091343333335,0.703928370277087,0.85602208832,0.3968908656666666,0.6031091343333335,0.674248416076104,0.8506557166333334,0.4054344242666666,0.5945655757333335,0.6513413518667222,0.8179335002500001,0.43071612858333336,-0.00916495637333331,,,,,,,,,,,,,ok,0,True
S-add__K-1_C-0_W-10_Col-0,epoch_0006,6,add_proj,add_proj,0.12,0.08,64,4,1.0,0.0,10.0,0.0,0.0,0.0,0.0,5,False,3|5|7|15,64,64,108,0.0002,8,1,1,0.7052833715279897,0.8509236340933333,0.40124533446666666,0.5987546655333333,0.7052833715279897,0.8509236340933333,0.40124533446666666,0.5987546655333333,0.6760456109046936,0.84530975115,0.410317983,0.589682017,0.6540747518340746,0.8129973990833333,0.4318902330833333,-0.00916495637333331,,,,,,,,,,,,,ok,0,True
S-add__K-1_C-0_W-10_Col-0,epoch_0007,7,add_proj,add_proj,0.12,0.08,64,4,1.0,0.0,10.0,0.0,0.0,0.0,0.0,5,False,3|5|7|15,64,64,108,0.0002,8,1,1,0.706219963669777,0.8461179858533333,0.40712081641333336,0.5928791835866667,0.706219963669777,0.8461179858533333,0.40712081641333336,0.5928791835866667,0.6773886088033517,0.8401598329166665,0.4168001561666667,0.5831998438333332,0.6536851805945237,0.8091251663333332,0.4337483111666667,-0.00916495637333331,,,,,,,,,,,,,ok,0,True
S-add__K-1_C-0_W-10_Col-0,epoch_0008,8,add_proj,add_proj,0.12,0.08,64,4,1.0,0.0,10.0,0.0,0.0,0.0,0.0,5,False,3|5|7|15,64,64,108,0.0002,8,1,1,0.7072268083492915,0.8387406734266666,0.4140423068266666,0.5859576931733335,0.7072268083492915,0.8387406734266666,0.4140423068266666,0.5859576931733335,0.6788413776457309,0.8329544387333332,0.4234821779833333,0.5765178220166667,0.6546648785471916,0.8048065384166666,0.43786830983333325,-0.00916495637333331,,,,,,,,,,,,,ok,0,True
S-add__K-1_C-0_W-10_Col-15,,,add_proj,,,,,,1.0,0.0,10.0,15.0,,,,,,,,,,,,,,,,,,,,,,,,,,,,,,,,,,,,,,,,,,config_only,,False
S-add__K-1_C-0_W-10_Col-15,epoch_0001,1,add_proj,add_proj,0.12,0.08,64,4,1.0,0.0,10.0,15.0,0.0,0.0,0.0,5,False,3|5|7|15,64,64,108,0.0002,8,1,1,0.7039819493691125,0.7446641747333334,0.50055736048,0.49944263952,0.7039819493691125,0.7446641747333334,0.50055736048,0.49944263952,0.6860856831570465,0.7426691852833334,0.5060499527666666,0.49395004723333336,0.6561943165957929,0.7001097927499998,0.5579105794166667,0.034850114133333276,,,,,,,,,,,,,ok,0,True
S-add__K-1_C-0_W-10_Col-15,epoch_0002,2,add_proj,add_proj,0.12,0.08,64,4,1.0,0.0,10.0,15.0,0.0,0.0,0.0,5,False,3|5|7|15,64,64,108,0.0002,8,1,1,0.7019885722001394,0.7166075412533333,0.5202006479866667,0.47979935201333335,0.7019885722001394,0.7166075412533333,0.5202006479866667,0.47979935201333335,0.6880412288506826,0.7151655419666667,0.5258072725166667,0.4741927274833333,0.6535144135355949,0.67951209425,0.5820436354999999,0.034850114133333276,,,,,,,,,,,,,ok,0,True
S-add__K-1_C-0_W-10_Col-15,epoch_0003,3,add_proj,add_proj,0.12,0.08,64,4,1.0,0.0,10.0,15.0,0.0,0.0,0.0,5,False,3|5|7|15,64,64,108,0.0002,8,1,1,0.699534413655599,0.6984606496799999,0.5354074746133333,0.46459252538666673,0.699534413655599,0.6984606496799999,0.5354074746133333,0.46459252538666673,0.6874685504039129,0.6971243962833333,0.5412619187166667,0.45873808128333327,0.6541503851612409,0.6663916900833333,0.5975333056666666,0.034850114133333276,,,,,,,,,,,,,ok,0,True
S-add__K-1_C-0_W-10_Col-15,epoch_0004,4,add_proj,add_proj,0.12,0.08,64,4,1.0,0.0,10.0,15.0,0.0,0.0,0.0,5,False,3|5|7|15,64,64,108,0.0002,8,1,1,0.6994402008851368,0.6922452184266666,0.5406382075866667,0.4593617924133333,0.6994402008851368,0.6922452184266666,0.5406382075866667,0.4593617924133333,0.6877791002392769,0.6907851170833332,0.54665268165,0.45334731835,0.6556628957390785,0.661152458,0.6073572489166668,0.034850114133333276,,,,,,,,,,,,,ok,0,True
S-add__K-1_C-0_W-10_Col-15,epoch_0005,5,add_proj,add_proj,0.12,0.08,64,4,1.0,0.0,10.0,15.0,0.0,0.0,0.0,5,False,3|5|7|15,64,64,108,0.0002,8,1,1,0.6950372192064921,0.6797339053466667,0.5468737559066666,0.45312624409333335,0.6950372192064921,0.6797339053466667,0.5468737559066666,0.45312624409333335,0.6841122803092003,0.67796421065,0.5526708650333333,0.4473291349666667,0.6532739073038101,0.6580092735833333,0.6011834968333333,0.034850114133333276,,,,,,,,,,,,,ok,0,True
S-add__K-1_C-0_W-10_Col-15,epoch_0006,6,add_proj,add_proj,0.12,0.08,64,4,1.0,0.0,10.0,15.0,0.0,0.0,0.0,5,False,3|5|7|15,64,64,108,0.0002,8,1,1,0.6985219570795693,0.6830077508133333,0.5478919121200001,0.4521080878799999,0.6985219570795693,0.6830077508133333,0.5478919121200001,0.4521080878799999,0.6874877711137135,0.68121817315,0.5536807362833331,0.44631926371666686,0.6565205415089925,0.6563350420833333,0.6089039719166667,0.034850114133333276,,,,,,,,,,,,,ok,0,True
S-add__K-1_C-0_W-10_Col-15,epoch_0007,7,add_proj,add_proj,0.12,0.08,64,4,1.0,0.0,10.0,15.0,0.0,0.0,0.0,5,False,3|5|7|15,64,64,108,0.0002,8,1,1,0.6987618670066199,0.6782287379333332,0.5529640400933333,0.44703595990666667,0.6987618670066199,0.6782287379333332,0.5529640400933333,0.44703595990666667,0.6882744351526102,0.6764177547,0.5589478597666666,0.4410521402333334,0.6574115499854087,0.6545161813333333,0.6088936103333333,0.034850114133333276,,,,,,,,,,,,,ok,0,True
S-add__K-1_C-0_W-10_Col-15,epoch_0008,8,add_proj,add_proj,0.12,0.08,64,4,1.0,0.0,10.0,15.0,0.0,0.0,0.0,5,False,3|5|7|15,64,64,108,0.0002,8,1,1,0.696896104256312,0.67207686796,0.5558083035333332,0.4441916964666668,0.696896104256312,0.67207686796,0.5558083035333332,0.4441916964666668,0.6867710533738135,0.6700990673333334,0.5618897895000001,0.4381102104999999,0.6563941940665246,0.652894945,0.6069175495833334,0.034850114133333276,,,,,,,,,,,,,ok,0,True
S-add__K-1_C-0_W-20_Col-0,,,add_proj,add_proj,0.12,0.08,64,4,1.0,0.0,20.0,0.0,0.0,0.0,0.0,5,False,3|5|7|15,64,64,108,0.0002,8,1,1,0.7218544493118922,0.7634903846533334,0.5110315488133333,0.48896845118666665,0.7218544493118922,0.7634903846533334,0.5110315488133333,0.48896845118666665,0.7015778407951196,0.7560674950333334,0.5222992895166667,0.4777007104833333,0.6863716850678127,0.7246573724166666,0.5566826491666667,,,,,,,,,,,,,,ok,0,True
S-add__K-1_C-0_W-20_Col-0,epoch_0001,1,add_proj,add_proj,0.12,0.08,64,4,1.0,0.0,20.0,0.0,0.0,0.0,0.0,5,False,3|5|7|15,64,64,108,0.0002,8,1,1,0.7036364084879558,0.8391597369466666,0.42715468284000013,0.5728453171599999,0.7036364084879558,0.8391597369466666,0.42715468284000013,0.5728453171599999,0.6747356924414636,0.835390422,0.43531108865000007,0.56468891135,0.6572788787384828,0.7871949981666667,0.474012871,-0.004788707306666862,,,,,,,,,,,,,ok,0,True
S-add__K-1_C-0_W-20_Col-0,epoch_0002,2,add_proj,add_proj,0.12,0.08,64,4,1.0,0.0,20.0,0.0,0.0,0.0,0.0,5,False,3|5|7|15,64,64,108,0.0002,8,1,1,0.7030776033401489,0.8412250300666667,0.42220418536000004,0.57779581464,0.7030776033401489,0.8412250300666667,0.42220418536000004,0.57779581464,0.6741143502791723,0.83652638825,0.4302377757833333,0.5697622242166667,0.6553208045661449,0.8025770320000001,0.45414391425,-0.004788707306666862,,,,,,,,,,,,,ok,0,True
S-add__K-1_C-0_W-20_Col-0,epoch_0003,3,add_proj,add_proj,0.12,0.08,64,4,1.0,0.0,20.0,0.0,0.0,0.0,0.0,5,False,3|5|7|15,64,64,108,0.0002,8,1,1,0.7062330225308737,0.8384603033733333,0.42236597553333327,0.5776340244666667,0.7062330225308737,0.8384603033733333,0.42236597553333327,0.5776340244666667,0.6778255192438761,0.8328121619333334,0.43053191591666673,0.5694680840833333,0.6565093701084455,0.7993229726666667,0.4557224809166667,-0.004788707306666862,,,,,,,,,,,,,ok,0,True
S-add__K-1_C-0_W-20_Col-0,epoch_0004,4,add_proj,add_proj,0.12,0.08,64,4,1.0,0.0,20.0,0.0,0.0,0.0,0.0,5,False,3|5|7|15,64,64,108,0.0002,8,1,1,0.708375190695127,0.8327801755733333,0.42575125521333335,0.5742487447866667,0.708375190695127,0.8327801755733333,0.42575125521333335,0.5742487447866667,0.6809300792713959,0.8271087311833334,0.4336092792333333,0.5663907207666667,0.6612755872309208,0.7917651976666668,0.46371095374999993,-0.004788707306666862,,,,,,,,,,,,,ok,0,True
S-add__K-1_C-0_W-20_Col-0,epoch_0005,5,add_proj,add_proj,0.12,0.08,64,4,1.0,0.0,20.0,0.0,0.0,0.0,0.0,5,False,3|5|7|15,64,64,108,0.0002,8,1,1,0.7105338015158972,0.82202888772,0.44079731659999993,0.5592026834000001,0.7105338015158972,0.82202888772,0.44079731659999993,0.5592026834000001,0.6841988132894039,0.8161334058333335,0.4489099012833333,0.5510900987166667,0.6670955533782641,0.7786457518333334,0.48250649641666665,-0.004788707306666862,,,,,,,,,,,,,ok,0,True
S-add__K-1_C-0_W-20_Col-0,epoch_0006,6,add_proj,add_proj,0.12,0.08,64,4,1.0,0.0,20.0,0.0,0.0,0.0,0.0,5,False,3|5|7|15,64,64,108,0.0002,8,1,1,0.7145721129576366,0.8118771919733332,0.45054822898666663,0.5494517710133333,0.7145721129576366,0.8118771919733332,0.45054822898666663,0.5494517710133333,0.6892414863904317,0.8053864311166666,0.45929706635,0.54070293365,0.6726597209771473,0.7653603083333334,0.4931297541666666,-0.004788707306666862,,,,,,,,,,,,,ok,0,True
S-add__K-1_C-0_W-20_Col-0,epoch_0007,7,add_proj,add_proj,0.12,0.08,64,4,1.0,0.0,20.0,0.0,0.0,0.0,0.0,5,False,3|5|7|15,64,64,108,0.0002,8,1,1,0.7161144725879032,0.8085747790133333,0.45141794859999995,0.5485820514,0.7161144725879032,0.8085747790133333,0.45141794859999995,0.5485820514,0.6910778415699801,0.8019331573,0.4608877823166667,0.5391122176833333,0.6715568795800209,0.7642643579166666,0.4881700596666667,-0.004788707306666862,,,,,,,,,,,,,ok,0,True
S-add__K-1_C-0_W-20_Col-0,epoch_0008,8,add_proj,add_proj,0.12,0.08,64,4,1.0,0.0,20.0,0.0,0.0,0.0,0.0,5,False,3|5|7|15,64,64,108,0.0002,8,1,1,0.7167235833803812,0.7977139172000001,0.4615265375866667,0.5384734624133334,0.7167235833803812,0.7977139172000001,0.4615265375866667,0.5384734624133334,0.6925371631979942,0.7909456111833334,0.4711549257833333,0.5288450742166667,0.6727231472730637,0.7586140765000001,0.4947884589166666,-0.004788707306666862,,,,,,,,,,,,,ok,0,True
S-add__K-1_C-0_W-20_Col-15,,,add_proj,,,,,,1.0,0.0,20.0,15.0,,,,,,,,,,,,,,,,,,,,,,,,,,,,,,,,,,,,,,,,,,config_only,,False
S-add__K-1_C-0_W-20_Col-15,epoch_0001,1,add_proj,add_proj,0.12,0.08,64,4,1.0,0.0,20.0,15.0,0.0,0.0,0.0,5,False,3|5|7|15,64,64,108,0.0002,8,1,1,0.7035599205493926,0.7462830686266666,0.5028663073066666,0.4971336926933334,0.7035599205493926,0.7462830686266666,0.5028663073066666,0.4971336926933334,0.6855844367543857,0.7440904805999999,0.5085934510833333,0.4914065489166667,0.6536523366967837,0.7022391176666667,0.5513373350833333,0.04540839860000012,,,,,,,,,,,,,ok,0,True
S-add__K-1_C-0_W-20_Col-15,epoch_0002,2,add_proj,add_proj,0.12,0.08,64,4,1.0,0.0,20.0,15.0,0.0,0.0,0.0,5,False,3|5|7|15,64,64,108,0.0002,8,1,1,0.7027628401517867,0.7078351035733335,0.5357170557333334,0.4642829442666666,0.7027628401517867,0.7078351035733335,0.5357170557333334,0.4642829442666666,0.689622917920351,0.7062530076666668,0.5413348182166665,0.4586651817833335,0.6558324272433916,0.6729281133333332,0.6034137418333334,0.04540839860000012,,,,,,,,,,,,,ok,0,True
S-add__K-1_C-0_W-20_Col-15,epoch_0003,3,add_proj,add_proj,0.12,0.08,64,4,1.0,0.0,20.0,15.0,0.0,0.0,0.0,5,False,3|5|7|15,64,64,108,0.0002,8,1,1,0.6985129032532374,0.6856212581999999,0.5482747059066667,0.4517252940933333,0.6985129032532374,0.6856212581999999,0.5482747059066667,0.4517252940933333,0.6870998161534468,0.6836808587500001,0.5536181619833334,0.44638183801666664,0.6544793079296747,0.6572440626666667,0.6110586710833333,0.04540839860000012,,,,,,,,,,,,,ok,0,True
S-add__K-1_C-0_W-20_Col-15,epoch_0004,4,add_proj,add_proj,0.12,0.08,64,4,1.0,0.0,20.0,15.0,0.0,0.0,0.0,5,False,3|5|7|15,64,64,108,0.0002,8,1,1,0.693524778008461,0.6701141430399999,0.5593958106933333,0.44060418930666667,0.693524778008461,0.6701141430399999,0.5593958106933333,0.44060418930666667,0.6833419807255268,0.6681995317666667,0.5647028237166667,0.4352971762833333,0.6519786631067594,0.6506255833333334,0.6091910408333333,0.04540839860000012,,,,,,,,,,,,,ok,0,True
S-add__K-1_C-0_W-20_Col-15,epoch_0005,5,add_proj,add_proj,0.12,0.08,64,4,1.0,0.0,20.0,15.0,0.0,0.0,0.0,5,False,3|5|7|15,64,64,108,0.0002,8,1,1,0.6934044580062231,0.6661383144133335,0.56606995048,0.43393004952,0.6934044580062231,0.6661383144133335,0.56606995048,0.43393004952,0.6830672605335713,0.6639851947833334,0.5710618025333334,0.4289381974666666,0.6550330261389414,0.6465578154166668,0.6192120231666667,0.04540839860000012,,,,,,,,,,,,,ok,0,True
S-add__K-1_C-0_W-20_Col-15,epoch_0006,6,add_proj,add_proj,0.12,0.08,64,4,1.0,0.0,20.0,15.0,0.0,0.0,0.0,5,False,3|5|7|15,64,64,108,0.0002,8,1,1,0.6966449490388236,0.6661617363866666,0.57002428744,0.42997571256,0.6966449490388236,0.6661617363866666,0.57002428744,0.42997571256,0.6862380329767863,0.6635426069833332,0.5750432371666666,0.4249567628333334,0.6577199543515841,0.6444226260833333,0.6245577563333332,0.04540839860000012,,,,,,,,,,,,,ok,0,True
S-add__K-1_C-0_W-20_Col-15,epoch_0007,7,add_proj,add_proj,0.12,0.08,64,4,1.0,0.0,20.0,15.0,0.0,0.0,0.0,5,False,3|5|7|15,64,64,108,0.0002,8,1,1,0.7034876656532287,0.6708340613599999,0.5655118561466668,0.43448814385333323,0.7034876656532287,0.6708340613599999,0.5655118561466668,0.43448814385333323,0.693932602306207,0.6683932273833333,0.5713991283333335,0.4286008716666665,0.6629102696975071,0.6466326907500001,0.6146391879166666,0.04540839860000012,,,,,,,,,,,,,ok,0,True
S-add__K-1_C-0_W-20_Col-15,epoch_0008,8,add_proj,add_proj,0.12,0.08,64,4,1.0,0.0,20.0,15.0,0.0,0.0,0.0,5,False,3|5|7|15,64,64,108,0.0002,8,1,1,0.7017064399321875,0.6676777536933334,0.5677243776666667,0.4322756223333333,0.7017064399321875,0.6676777536933334,0.5677243776666667,0.4322756223333333,0.6922473940749964,0.6650049779833334,0.5736381492333333,0.42636185076666666,0.6615205407142639,0.6449701022500001,0.6148297464166668,0.04540839860000012,,,,,,,,,,,,,ok,0,True
S-add__K-1_C-2_W-10_Col-0,,,add_proj,,,,,,1.0,2.0,10.0,0.0,,,,,,,,,,,,,,,,,,,,,,,,,,,,,,,,,,,,,,,,,,config_only,,False
S-add__K-1_C-2_W-10_Col-0,epoch_0001,1,add_proj,add_proj,0.12,0.08,64,4,1.0,2.0,10.0,0.0,0.0,0.0,0.0,5,False,3|5|7|15,64,64,108,0.0002,8,1,1,0.6822736095190048,0.89162169668,0.3529903465466667,0.6470096534533333,0.6822736095190048,0.89162169668,0.3529903465466667,0.6470096534533333,0.6472076782087485,0.8886151609166666,0.3609386328333334,0.6390613671666666,0.6120775905748208,0.8766271476666667,0.35422621875,-0.005231511306666714,,,,,,,,,,,,,ok,0,True
S-add__K-1_C-2_W-10_Col-0,epoch_0002,2,add_proj,add_proj,0.12,0.08,64,4,1.0,2.0,10.0,0.0,0.0,0.0,0.0,5,False,3|5|7|15,64,64,108,0.0002,8,1,1,0.6841038466294606,0.8938176868133333,0.34373645808,0.65626354192,0.6841038466294606,0.8938176868133333,0.34373645808,0.65626354192,0.6493947033087413,0.89051437275,0.35270121536666665,0.6472987846333333,0.6091681030889352,0.8804328010833333,0.3468264529999999,-0.005231511306666714,,,,,,,,,,,,,ok,0,True
S-add__K-1_C-2_W-10_Col-0,epoch_0003,3,add_proj,add_proj,0.12,0.08,64,4,1.0,2.0,10.0,0.0,0.0,0.0,0.0,5,False,3|5|7|15,64,64,108,0.0002,8,1,1,0.6871934773921967,0.89358325676,0.34775883524,0.6522411647599999,0.6871934773921967,0.89358325676,0.34775883524,0.6522411647599999,0.652884809076786,0.8901997581999999,0.35774722403333337,0.6422527759666666,0.6169631848732631,0.8781181266666667,0.36510401566666667,-0.005231511306666714,,,,,,,,,,,,,ok,0,True
S-add__K-1_C-2_W-10_Col-0,epoch_0004,4,add_proj,add_proj,0.12,0.08,64,4,1.0,2.0,10.0,0.0,0.0,0.0,0.0,5,False,3|5|7|15,64,64,108,0.0002,8,1,1,0.689473953406016,0.8870228956533333,0.35520233683999997,0.6447976631600001,0.689473953406016,0.8870228956533333,0.35520233683999997,0.6447976631600001,0.6557614849011103,0.88285165735,0.3654409408166666,0.6345590591833334,0.6203515070180098,0.8689800659166667,0.37225405125,-0.005231511306666714,,,,,,,,,,,,,ok,0,True
S-add__K-1_C-2_W-10_Col-0,epoch_0005,5,add_proj,add_proj,0.12,0.08,64,4,1.0,2.0,10.0,0.0,0.0,0.0,0.0,5,False,3|5|7|15,64,64,108,0.0002,8,1,1,0.6918332552115122,0.8832756210399999,0.3577694664533334,0.6422305335466666,0.6918332552115122,0.8832756210399999,0.3577694664533334,0.6422305335466666,0.658591390947501,0.8785761249833334,0.3681085791833333,0.6318914208166667,0.6230756434301534,0.8642140939999998,0.3782413816666667,-0.005231511306666714,,,,,,,,,,,,,ok,0,True
S-add__K-1_C-2_W-10_Col-0,epoch_0006,6,add_proj,add_proj,0.12,0.08,64,4,1.0,2.0,10.0,0.0,0.0,0.0,0.0,5,False,3|5|7|15,64,64,108,0.0002,8,1,1,0.6944085846741994,0.8803085008133334,0.36578951087999995,0.63421048912,0.6944085846741994,0.8803085008133334,0.36578951087999995,0.63421048912,0.6616339153051376,0.8751711535166666,0.3770001764666667,0.6229998235333333,0.6253492156664531,0.8611378567500001,0.38643491750000003,-0.005231511306666714,,,,,,,,,,,,,ok,0,True
S-add__K-1_C-2_W-10_Col-0,epoch_0007,7,add_proj,add_proj,0.12,0.08,64,4,1.0,2.0,10.0,0.0,0.0,0.0,0.0,5,False,3|5|7|15,64,64,108,0.0002,8,1,1,0.6939654624859491,0.8807255551333333,0.36826816956,0.6317318304399999,0.6939654624859491,0.8807255551333333,0.36826816956,0.6317318304399999,0.6609407930076123,0.8757566255666667,0.37965373908333333,0.6203462609166667,0.625325700889031,0.8633904109166668,0.3865719585833334,-0.005231511306666714,,,,,,,,,,,,,ok,0,True
S-add__K-1_C-2_W-10_Col-0,epoch_0008,8,add_proj,add_proj,0.12,0.08,64,4,1.0,2.0,10.0,0.0,0.0,0.0,0.0,5,False,3|5|7|15,64,64,108,0.0002,8,1,1,0.6948476721048354,0.8754802629466666,0.3727595126666667,0.6272404873333333,0.6948476721048354,0.8754802629466666,0.3727595126666667,0.6272404873333333,0.6621788752575716,0.8702407645166668,0.38407227903333335,0.6159277209666667,0.6268122980992,0.8607766008333333,0.38850115275,-0.005231511306666714,,,,,,,,,,,,,ok,0,True
S-add__K-1_C-2_W-10_Col-15,,,add_proj,,,,,,1.0,2.0,10.0,15.0,,,,,,,,,,,,,,,,,,,,,,,,,,,,,,,,,,,,,,,,,,config_only,,False
S-add__K-1_C-2_W-10_Col-15,epoch_0001,1,add_proj,add_proj,0.12,0.08,64,4,1.0,2.0,10.0,15.0,0.0,0.0,0.0,5,False,3|5|7|15,64,64,108,0.0002,8,1,1,0.7013912861347198,0.8310173924666667,0.4300334323600001,0.5699665676399999,0.7013912861347198,0.8310173924666667,0.4300334323600001,0.5699665676399999,0.6736604739228884,0.8276377272166666,0.4388683105166666,0.5611316894833334,0.6517310597002506,0.780623238,0.5019010228333334,0.0020871919466665667,,,,,,,,,,,,,ok,0,True
S-add__K-1_C-2_W-10_Col-15,epoch_0002,2,add_proj,add_proj,0.12,0.08,64,4,1.0,2.0,10.0,15.0,0.0,0.0,0.0,5,False,3|5|7|15,64,64,108,0.0002,8,1,1,0.7024559855858484,0.8217520387066667,0.43343056404,0.56656943596,0.7024559855858484,0.8217520387066667,0.43343056404,0.56656943596,0.6752795509994031,0.8177010371833333,0.44159374074999996,0.5584062592500001,0.6500172863403957,0.7790842326666666,0.4915513735,0.0020871919466665667,,,,,,,,,,,,,ok,0,True
S-add__K-1_C-2_W-10_Col-15,epoch_0003,3,add_proj,add_proj,0.12,0.08,64,4,1.0,2.0,10.0,15.0,0.0,0.0,0.0,5,False,3|5|7|15,64,64,108,0.0002,8,1,1,0.7031017384926479,0.8186919773866665,0.43212062430666665,0.5678793756933334,0.7031017384926479,0.8186919773866665,0.43212062430666665,0.5678793756933334,0.6768129350244998,0.8147616762666667,0.44052743051666665,0.5594725694833333,0.6509482353925705,0.7766910976666667,0.4965168045833334,0.0020871919466665667,,,,,,,,,,,,,ok,0,True
S-add__K-1_C-2_W-10_Col-15,epoch_0004,4,add_proj,add_proj,0.12,0.08,64,4,1.0,2.0,10.0,15.0,0.0,0.0,0.0,5,False,3|5|7|15,64,64,108,0.0002,8,1,1,0.7059930828809737,0.7955360414,0.4588018300933333,0.5411981699066667,0.7059930828809737,0.7955360414,0.4588018300933333,0.5411981699066667,0.6825281782448291,0.7915354638500001,0.46720424799999993,0.5327957520000001,0.6590063971777758,0.7519285071666667,0.53165670025,0.0020871919466665667,,,,,,,,,,,,,ok,0,True
S-add__K-1_C-2_W-10_Col-15,epoch_0005,5,add_proj,add_proj,0.12,0.08,64,4,1.0,2.0,10.0,15.0,0.0,0.0,0.0,5,False,3|5|7|15,64,64,108,0.0002,8,1,1,0.7052059961954754,0.7895824758400001,0.45922695894666665,0.5407730410533333,0.7052059961954754,0.7895824758400001,0.45922695894666665,0.5407730410533333,0.6821192996700605,0.78516590165,0.4675653364,0.5324346636,0.6571619190275669,0.7460024848333333,0.52332679575,0.0020871919466665667,,,,,,,,,,,,,ok,0,True
S-add__K-1_C-2_W-10_Col-15,epoch_0006,6,add_proj,add_proj,0.12,0.08,64,4,1.0,2.0,10.0,15.0,0.0,0.0,0.0,5,False,3|5|7|15,64,64,108,0.0002,8,1,1,0.7059535463651022,0.7911457238,0.45773092166666673,0.5422690783333333,0.7059535463651022,0.7911457238,0.45773092166666673,0.5422690783333333,0.6827846131722133,0.7866574414833334,0.46598985311666663,0.5340101468833334,0.6575632919867833,0.7434405505000001,0.5274290592499999,0.0020871919466665667,,,,,,,,,,,,,ok,0,True
S-add__K-1_C-2_W-10_Col-15,epoch_0007,7,add_proj,add_proj,0.12,0.08,64,4,1.0,2.0,10.0,15.0,0.0,0.0,0.0,5,False,3|5|7|15,64,64,108,0.0002,8,1,1,0.7075285224119823,0.79259038016,0.45973225122666667,0.5402677487733334,0.7075285224119823,0.79259038016,0.45973225122666667,0.5402677487733334,0.6842762287457783,0.7878137334833333,0.46846183693333343,0.5315381630666666,0.6589128402372201,0.7447323181666667,0.5283450988333334,0.0020871919466665667,,,,,,,,,,,,,ok,0,True
S-add__K-1_C-2_W-10_Col-15,epoch_0008,8,add_proj,add_proj,0.12,0.08,64,4,1.0,2.0,10.0,15.0,0.0,0.0,0.0,5,False,3|5|7|15,64,64,108,0.0002,8,1,1,0.7071796878973642,0.7815913708533334,0.4673378388933333,0.5326621611066666,0.7071796878973642,0.7815913708533334,0.4673378388933333,0.5326621611066666,0.6849686186512312,0.77664604685,0.4761410384166666,0.5238589615833333,0.6590428779522578,0.73594298975,0.5303543280833334,0.0020871919466665667,,,,,,,,,,,,,ok,0,True
S-add__K-1_C-2_W-20_Col-0,,,add_proj,,,,,,1.0,2.0,20.0,0.0,,,,,,,,,,,,,,,,,,,,,,,,,,,,,,,,,,,,,,,,,,config_only,,False
S-add__K-1_C-2_W-20_Col-0,epoch_0001,1,add_proj,add_proj,0.12,0.08,64,4,1.0,2.0,20.0,0.0,0.0,0.0,0.0,5,False,3|5|7|15,64,64,108,0.0002,8,1,1,0.6894714108308156,0.8838241817066667,0.3675190003866667,0.6324809996133334,0.6894714108308156,0.8838241817066667,0.3675190003866667,0.6324809996133334,0.65542787839969,0.8805411011166667,0.37545525626666665,0.6245447437333334,0.6249594738086065,0.8584266495000001,0.38355242833333336,-0.0075472867199999905,,,,,,,,,,,,,ok,0,True
S-add__K-1_C-2_W-20_Col-0,epoch_0002,2,add_proj,add_proj,0.12,0.08,64,4,1.0,2.0,20.0,0.0,0.0,0.0,0.0,5,False,3|5|7|15,64,64,108,0.0002,8,1,1,0.691941786448161,0.8874101977066666,0.3613068751066667,0.6386931248933333,0.691941786448161,0.8874101977066666,0.3613068751066667,0.6386931248933333,0.6578331739703815,0.8834442636666665,0.37062507958333335,0.6293749204166666,0.6269200921058655,0.8675801469166666,0.37933414249999997,-0.0075472867199999905,,,,,,,,,,,,,ok,0,True
S-add__K-1_C-2_W-20_Col-0,epoch_0003,3,add_proj,add_proj,0.12,0.08,64,4,1.0,2.0,20.0,0.0,0.0,0.0,0.0,5,False,3|5|7|15,64,64,108,0.0002,8,1,1,0.692385757168134,0.8870363311733334,0.3599717136666667,0.6400282863333333,0.692385757168134,0.8870363311733334,0.3599717136666667,0.6400282863333333,0.6585267836352189,0.8830136795666668,0.3696326785833334,0.6303673214166666,0.6266643971204758,0.8697812444166665,0.38012693791666674,-0.0075472867199999905,,,,,,,,,,,,,ok,0,True
S-add__K-1_C-2_W-20_Col-0,epoch_0004,4,add_proj,add_proj,0.12,0.08,64,4,1.0,2.0,20.0,0.0,0.0,0.0,0.0,5,False,3|5|7|15,64,64,108,0.0002,8,1,1,0.69571646797657,0.880040111,0.3677755142000001,0.6322244857999999,0.69571646797657,0.880040111,0.3677755142000001,0.6322244857999999,0.6627832164863745,0.8754300174333334,0.37766964515,0.62233035485,0.6304366638263067,0.8615715670833333,0.39601327524999996,-0.0075472867199999905,,,,,,,,,,,,,ok,0,True
S-add__K-1_C-2_W-20_Col-0,epoch_0005,5,add_proj,add_proj,0.12,0.08,64,4,1.0,2.0,20.0,0.0,0.0,0.0,0.0,5,False,3|5|7|15,64,64,108,0.0002,8,1,1,0.6976729951699574,0.8758924606666666,0.3713864594666667,0.6286135405333333,0.6976729951699574,0.8758924606666666,0.3713864594666667,0.6286135405333333,0.6653718879818916,0.8707949540166664,0.3815959288333334,0.6184040711666666,0.6343198550244172,0.8551340081666667,0.4027074180833333,-0.0075472867199999905,,,,,,,,,,,,,ok,0,True
S-add__K-1_C-2_W-20_Col-0,epoch_0006,6,add_proj,add_proj,0.12,0.08,64,4,1.0,2.0,20.0,0.0,0.0,0.0,0.0,5,False,3|5|7|15,64,64,108,0.0002,8,1,1,0.6978902648289997,0.8750514164666667,0.3736696536666666,0.6263303463333334,0.6978902648289997,0.8750514164666667,0.3736696536666666,0.6263303463333334,0.6656614910562832,0.8697971154499999,0.3845430420666667,0.6154569579333333,0.6333522642652194,0.8544119969166666,0.4021923252499999,-0.0075472867199999905,,,,,,,,,,,,,ok,0,True
S-add__K-1_C-2_W-20_Col-0,epoch_0007,7,add_proj,add_proj,0.12,0.08,64,4,1.0,2.0,20.0,0.0,0.0,0.0,0.0,5,False,3|5|7|15,64,64,108,0.0002,8,1,1,0.6988893483082452,0.8693583804133332,0.38517267248,0.61482732752,0.6988893483082452,0.8693583804133332,0.38517267248,0.61482732752,0.6669311668972175,0.8635233594333334,0.39684747931666664,0.6031525206833334,0.6344308922688167,0.8509660274166666,0.4074214243333334,-0.0075472867199999905,,,,,,,,,,,,,ok,0,True
S-add__K-1_C-2_W-20_Col-0,epoch_0008,8,add_proj,add_proj,0.12,0.08,64,4,1.0,2.0,20.0,0.0,0.0,0.0,0.0,5,False,3|5|7|15,64,64,108,0.0002,8,1,1,0.6992676055034001,0.8655120427066666,0.3876202491200001,0.61237975088,0.6992676055034001,0.8655120427066666,0.3876202491200001,0.61237975088,0.6675429339706896,0.8596071234166667,0.39897830703333337,0.6010216929666666,0.6344795460502306,0.849783283,0.40695531175,-0.0075472867199999905,,,,,,,,,,,,,ok,0,True
S-add__K-1_C-2_W-20_Col-15,,,add_proj,,,,,,1.0,2.0,20.0,15.0,,,,,,,,,,,,,,,,,,,,,,,,,,,,,,,,,,,,,,,,,,config_only,,False
S-add__K-1_C-2_W-20_Col-15,epoch_0001,1,add_proj,add_proj,0.12,0.08,64,4,1.0,2.0,20.0,15.0,0.0,0.0,0.0,5,False,3|5|7|15,64,64,108,0.0002,8,1,1,0.7012161310911178,0.8274992777466668,0.4258318215066667,0.5741681784933332,0.7012161310911178,0.8274992777466668,0.4258318215066667,0.5741681784933332,0.6735588400065899,0.8240705587000001,0.4335323541666667,0.5664676458333333,0.6498047937949498,0.7798462086666667,0.48107773433333334,0.0417053042533333,,,,,,,,,,,,,ok,0,True
S-add__K-1_C-2_W-20_Col-15,epoch_0002,2,add_proj,add_proj,0.12,0.08,64,4,1.0,2.0,20.0,15.0,0.0,0.0,0.0,5,False,3|5|7|15,64,64,108,0.0002,8,1,1,0.7050859242677687,0.8005037455599999,0.45184729804,0.54815270196,0.7050859242677687,0.8005037455599999,0.45184729804,0.54815270196,0.6811673118174075,0.796668484,0.46055748511666667,0.5394425148833333,0.6580178402364254,0.7591184464166667,0.51696461175,0.0417053042533333,,,,,,,,,,,,,ok,0,True
S-add__K-1_C-2_W-20_Col-15,epoch_0003,3,add_proj,add_proj,0.12,0.08,64,4,1.0,2.0,20.0,15.0,0.0,0.0,0.0,5,False,3|5|7|15,64,64,108,0.0002,8,1,1,0.704726676940918,0.7792607132533333,0.46753712576,0.5324628742399999,0.704726676940918,0.7792607132533333,0.46753712576,0.5324628742399999,0.6828785082697868,0.7749864242666666,0.47583777926666676,0.5241622207333332,0.6598274556299051,0.7362469522499999,0.529962503,0.0417053042533333,,,,,,,,,,,,,ok,0,True
S-add__K-1_C-2_W-20_Col-15,epoch_0004,4,add_proj,add_proj,0.12,0.08,64,4,1.0,2.0,20.0,15.0,0.0,0.0,0.0,5,False,3|5|7|15,64,64,108,0.0002,8,1,1,0.705663029273351,0.7730601447333334,0.4729901727333333,0.5270098272666667,0.705663029273351,0.7730601447333334,0.4729901727333333,0.5270098272666667,0.6847271727522214,0.7685877588833333,0.4809767584166667,0.5190232415833334,0.6595890226463477,0.73211573475,0.5281017580833334,0.0417053042533333,,,,,,,,,,,,,ok,0,True
S-add__K-1_C-2_W-20_Col-15,epoch_0005,5,add_proj,add_proj,0.12,0.08,64,4,1.0,2.0,20.0,15.0,0.0,0.0,0.0,5,False,3|5|7|15,64,64,108,0.0002,8,1,1,0.7071347598632175,0.7677550148266667,0.4798251713333333,0.5201748286666668,0.7071347598632175,0.7677550148266667,0.4798251713333333,0.5201748286666668,0.6866774407525857,0.7630398073666667,0.48749406409999996,0.5125059359,0.6601924146215121,0.7240693905,0.5404139105,0.0417053042533333,,,,,,,,,,,,,ok,0,True
S-add__K-1_C-2_W-20_Col-15,epoch_0006,6,add_proj,add_proj,0.12,0.08,64,4,1.0,2.0,20.0,15.0,0.0,0.0,0.0,5,False,3|5|7|15,64,64,108,0.0002,8,1,1,0.7068556632995606,0.7535621201333333,0.49531993212,0.5046800678800001,0.7068556632995606,0.7535621201333333,0.49531993212,0.5046800678800001,0.6877741323908169,0.7488433761833334,0.5030073731833333,0.49699262681666667,0.6625374811391036,0.7117946283333334,0.5596920843333333,0.0417053042533333,,,,,,,,,,,,,ok,0,True
S-add__K-1_C-2_W-20_Col-15,epoch_0007,7,add_proj,add_proj,0.12,0.08,64,4,1.0,2.0,20.0,15.0,0.0,0.0,0.0,5,False,3|5|7|15,64,64,108,0.0002,8,1,1,0.7082559813658397,0.7585870072133334,0.48929357132,0.51070642868,0.7082559813658397,0.7585870072133334,0.48929357132,0.51070642868,0.6891087120771408,0.7538099172333333,0.49752939939999996,0.5024706006,0.6620333726207415,0.7138489542500001,0.5473953139166667,0.0417053042533333,,,,,,,,,,,,,ok,0,True
S-add__K-1_C-2_W-20_Col-15,epoch_0008,8,add_proj,add_proj,0.12,0.08,64,4,1.0,2.0,20.0,15.0,0.0,0.0,0.0,5,False,3|5|7|15,64,64,108,0.0002,8,1,1,0.7053728119532268,0.7419703145866666,0.49906422759999997,0.5009357724000001,0.7053728119532268,0.7419703145866666,0.49906422759999997,0.5009357724000001,0.6876784621675809,0.7370061280999999,0.5069531963000001,0.49304680369999987,0.6602711210648219,0.7046298925833332,0.5487199736666667,0.0417053042533333,,,,,,,,,,,,,ok,0,True
S-add__K-1_C-5_W-10_Col-0,,,add_proj,,,,,,1.0,5.0,10.0,0.0,,,,,,,,,,,,,,,,,,,,,,,,,,,,,,,,,,,,,,,,,,config_only,,False
S-add__K-1_C-5_W-10_Col-0,epoch_0001,1,add_proj,add_proj,0.12,0.08,64,4,1.0,5.0,10.0,0.0,0.0,0.0,0.0,5,False,3|5|7|15,64,64,108,0.0002,8,1,1,0.676310737490654,0.8935634882266666,0.3555399918799999,0.64446000812,0.676310737490654,0.8935634882266666,0.3555399918799999,0.64446000812,0.6411725744108359,0.8913560074,0.36243596575000003,0.63756403425,0.5970791347324849,0.8858116155833333,0.3290609964166667,-0.0030375557599999214,,,,,,,,,,,,,ok,0,True
S-add__K-1_C-5_W-10_Col-0,epoch_0002,2,add_proj,add_proj,0.12,0.08,64,4,1.0,5.0,10.0,0.0,0.0,0.0,0.0,5,False,3|5|7|15,64,64,108,0.0002,8,1,1,0.6787715459664662,0.8911666774266667,0.35388075875999997,0.6461192412400001,0.6787715459664662,0.8911666774266667,0.35388075875999997,0.6461192412400001,0.6439722479383151,0.8881510282166666,0.36103389505,0.63896610495,0.6024671529730161,0.8829305560833334,0.3357456150833333,-0.0030375557599999214,,,,,,,,,,,,,ok,0,True
S-add__K-1_C-5_W-10_Col-0,epoch_0003,3,add_proj,add_proj,0.12,0.08,64,4,1.0,5.0,10.0,0.0,0.0,0.0,0.0,5,False,3|5|7|15,64,64,108,0.0002,8,1,1,0.6839294201532999,0.8899515154533333,0.35250243612,0.64749756388,0.6839294201532999,0.8899515154533333,0.35250243612,0.64749756388,0.6497561117013295,0.8860942685166666,0.3624616363166667,0.6375383636833333,0.6107636876404285,0.8771885282499999,0.34871276725,-0.0030375557599999214,,,,,,,,,,,,,ok,0,True
S-add__K-1_C-5_W-10_Col-0,epoch_0004,4,add_proj,add_proj,0.12,0.08,64,4,1.0,5.0,10.0,0.0,0.0,0.0,0.0,5,False,3|5|7|15,64,64,108,0.0002,8,1,1,0.6825154884656272,0.88915427268,0.3505630652399999,0.6494369347600001,0.6825154884656272,0.88915427268,0.3505630652399999,0.6494369347600001,0.6483671114842097,0.8855489985333334,0.3592712276,0.6407287723999999,0.6084009061257044,0.8794454376666666,0.34273516383333336,-0.0030375557599999214,,,,,,,,,,,,,ok,0,True
S-add__K-1_C-5_W-10_Col-0,epoch_0005,5,add_proj,add_proj,0.12,0.08,64,4,1.0,5.0,10.0,0.0,0.0,0.0,0.0,5,False,3|5|7|15,64,64,108,0.0002,8,1,1,0.6837662296692529,0.88823114664,0.3436630434000001,0.6563369565999999,0.6837662296692529,0.88823114664,0.3436630434000001,0.6563369565999999,0.6496273528039456,0.8848515610999999,0.3518083752833333,0.6481916247166667,0.6105996154248715,0.8793486454166667,0.34297156375,-0.0030375557599999214,,,,,,,,,,,,,ok,0,True
S-add__K-1_C-5_W-10_Col-0,epoch_0006,6,add_proj,add_proj,0.12,0.08,64,4,1.0,5.0,10.0,0.0,0.0,0.0,0.0,5,False,3|5|7|15,64,64,108,0.0002,8,1,1,0.6873542991876601,0.8818038494800001,0.35237817058666665,0.6476218294133333,0.6873542991876601,0.8818038494800001,0.35237817058666665,0.6476218294133333,0.6540862984955311,0.8777976501666668,0.3609752853666666,0.6390247146333334,0.6162164819737276,0.8721961159166667,0.3572332133333333,-0.0030375557599999214,,,,,,,,,,,,,ok,0,True
S-add__K-1_C-5_W-10_Col-0,epoch_0007,7,add_proj,add_proj,0.12,0.08,64,4,1.0,5.0,10.0,0.0,0.0,0.0,0.0,5,False,3|5|7|15,64,64,108,0.0002,8,1,1,0.6882922774950663,0.88078010572,0.35734257416,0.64265742584,0.6882922774950663,0.88078010572,0.35734257416,0.64265742584,0.6551764221986136,0.8765148152,0.3669004307333334,0.6330995692666666,0.6154511064291001,0.8728081141666668,0.36040226875,-0.0030375557599999214,,,,,,,,,,,,,ok,0,True
S-add__K-1_C-5_W-10_Col-0,epoch_0008,8,add_proj,add_proj,0.12,0.08,64,4,1.0,5.0,10.0,0.0,0.0,0.0,0.0,5,False,3|5|7|15,64,64,108,0.0002,8,1,1,0.6892326459487279,0.87496291776,0.36685517479999996,0.6331448252,0.6892326459487279,0.87496291776,0.36685517479999996,0.6331448252,0.6564426341156164,0.8702572985333333,0.37696057004999994,0.6230394299500001,0.6178139304121335,0.8679734035000001,0.3693778525,-0.0030375557599999214,,,,,,,,,,,,,ok,0,True
S-add__K-1_C-5_W-10_Col-15,,,add_proj,,,,,,1.0,5.0,10.0,15.0,,,,,,,,,,,,,,,,,,,,,,,,,,,,,,,,,,,,,,,,,,config_only,,False
S-add__K-1_C-5_W-10_Col-15,epoch_0001,1,add_proj,add_proj,0.12,0.08,64,4,1.0,5.0,10.0,15.0,0.0,0.0,0.0,5,False,3|5|7|15,64,64,108,0.0002,8,1,1,0.6978951241572697,0.8434017373066665,0.4282345491066667,0.5717654508933333,0.6978951241572697,0.8434017373066665,0.4282345491066667,0.5717654508933333,0.6689825670421123,0.8401193496999999,0.4391560631999999,0.5608439368000001,0.652283771832784,0.7928187069166666,0.49301441125,-0.0038453861333333506,,,,,,,,,,,,,ok,0,True
S-add__K-1_C-5_W-10_Col-15,epoch_0002,2,add_proj,add_proj,0.12,0.08,64,4,1.0,5.0,10.0,15.0,0.0,0.0,0.0,5,False,3|5|7|15,64,64,108,0.0002,8,1,1,0.6987121208111445,0.8413049956533334,0.42623231868,0.57376768132,0.6987121208111445,0.8413049956533334,0.42623231868,0.57376768132,0.6695129795372486,0.8377748564499999,0.4356284847166667,0.5643715152833333,0.6469050392508507,0.7959033239166666,0.4935448830833334,-0.0038453861333333506,,,,,,,,,,,,,ok,0,True
S-add__K-1_C-5_W-10_Col-15,epoch_0003,3,add_proj,add_proj,0.12,0.08,64,4,1.0,5.0,10.0,15.0,0.0,0.0,0.0,5,False,3|5|7|15,64,64,108,0.0002,8,1,1,0.6992986760139466,0.8362148595333333,0.42438916297333334,0.5756108370266666,0.6992986760139466,0.8362148595333333,0.42438916297333334,0.5756108370266666,0.6706566921869914,0.8325379236666668,0.4335074018166667,0.5664925981833333,0.6466023460030556,0.793121099,0.49284236491666666,-0.0038453861333333506,,,,,,,,,,,,,ok,0,True
S-add__K-1_C-5_W-10_Col-15,epoch_0004,4,add_proj,add_proj,0.12,0.08,64,4,1.0,5.0,10.0,15.0,0.0,0.0,0.0,5,False,3|5|7|15,64,64,108,0.0002,8,1,1,0.7009444714784621,0.8363821385466668,0.42374611745333335,0.5762538825466667,0.7009444714784621,0.8363821385466668,0.42374611745333335,0.5762538825466667,0.6724649798373381,0.8327101316499999,0.4331080548666666,0.5668919451333334,0.6501351480682691,0.79060068325,0.5041869764166667,-0.0038453861333333506,,,,,,,,,,,,,ok,0,True
S-add__K-1_C-5_W-10_Col-15,epoch_0005,5,add_proj,add_proj,0.12,0.08,64,4,1.0,5.0,10.0,15.0,0.0,0.0,0.0,5,False,3|5|7|15,64,64,108,0.0002,8,1,1,0.6996714433431624,0.8323369012133334,0.42039546558666663,0.5796045344133334,0.6996714433431624,0.8323369012133334,0.42039546558666663,0.5796045344133334,0.6713913036882878,0.8285641479666668,0.4290622538166667,0.5709377461833334,0.6458588103453319,0.7914180657500001,0.48453162925000004,-0.0038453861333333506,,,,,,,,,,,,,ok,0,True
S-add__K-1_C-5_W-10_Col-15,epoch_0006,6,add_proj,add_proj,0.12,0.08,64,4,1.0,5.0,10.0,15.0,0.0,0.0,0.0,5,False,3|5|7|15,64,64,108,0.0002,8,1,1,0.6997907774845759,0.8226134716133333,0.42780335105333334,0.5721966489466667,0.6997907774845759,0.8226134716133333,0.42780335105333334,0.5721966489466667,0.6726877551774184,0.8189811213333332,0.4361283256499999,0.5638716743500001,0.6460444502532483,0.7820511404999999,0.49018624208333333,-0.0038453861333333506,,,,,,,,,,,,,ok,0,True
S-add__K-1_C-5_W-10_Col-15,epoch_0007,7,add_proj,add_proj,0.12,0.08,64,4,1.0,5.0,10.0,15.0,0.0,0.0,0.0,5,False,3|5|7|15,64,64,108,0.0002,8,1,1,0.7004054580926895,0.8232780923066667,0.4278648842533333,0.5721351157466668,0.7004054580926895,0.8232780923066667,0.4278648842533333,0.5721351157466668,0.673325398117304,0.8197553940166665,0.4361745801333334,0.5638254198666666,0.6456912487745285,0.7843931004166667,0.49098638375000003,-0.0038453861333333506,,,,,,,,,,,,,ok,0,True
S-add__K-1_C-5_W-10_Col-15,epoch_0008,8,add_proj,add_proj,0.12,0.08,64,4,1.0,5.0,10.0,15.0,0.0,0.0,0.0,5,False,3|5|7|15,64,64,108,0.0002,8,1,1,0.7015221141974131,0.8143710429066665,0.4366351453466667,0.5633648546533333,0.7015221141974131,0.8143710429066665,0.4366351453466667,0.5633648546533333,0.6754268208146094,0.81048452625,0.4451830399333333,0.5548169600666667,0.6466199353337287,0.7773015925833333,0.49675678325,-0.0038453861333333506,,,,,,,,,,,,,ok,0,True
S-add__K-1_C-5_W-20_Col-0,,,add_proj,,,,,,1.0,5.0,20.0,0.0,,,,,,,,,,,,,,,,,,,,,,,,,,,,,,,,,,,,,,,,,,config_only,,False
S-add__K-1_C-5_W-20_Col-0,epoch_0001,1,add_proj,add_proj,0.12,0.08,64,4,1.0,5.0,20.0,0.0,0.0,0.0,0.0,5,False,3|5|7|15,64,64,108,0.0002,8,1,1,0.6834119764963785,0.8894036457466666,0.35515946887999994,0.6448405311200001,0.6834119764963785,0.8894036457466666,0.35515946887999994,0.6448405311200001,0.6486076848705611,0.8861633334000001,0.36394023670000003,0.6360597633,0.6134805768728256,0.8738760597499999,0.3618147545,0.00480301317333337,,,,,,,,,,,,,ok,0,True
S-add__K-1_C-5_W-20_Col-0,epoch_0002,2,add_proj,add_proj,0.12,0.08,64,4,1.0,5.0,20.0,0.0,0.0,0.0,0.0,5,False,3|5|7|15,64,64,108,0.0002,8,1,1,0.6865993374983469,0.8895172663333334,0.3513699314933334,0.6486300685066666,0.6865993374983469,0.8895172663333334,0.3513699314933334,0.6486300685066666,0.6525226734081905,0.88562292645,0.3608904649333333,0.6391095350666667,0.6139350486298403,0.8763339165833334,0.35837773325,0.00480301317333337,,,,,,,,,,,,,ok,0,True
S-add__K-1_C-5_W-20_Col-0,epoch_0003,3,add_proj,add_proj,0.12,0.08,64,4,1.0,5.0,20.0,0.0,0.0,0.0,0.0,5,False,3|5|7|15,64,64,108,0.0002,8,1,1,0.690280440568924,0.8878044616399999,0.3599624820533333,0.6400375179466666,0.690280440568924,0.8878044616399999,0.3599624820533333,0.6400375179466666,0.6567060951391855,0.88383204145,0.37126350750000003,0.6287364925,0.6229819623132546,0.8709446104166667,0.38699160983333336,0.00480301317333337,,,,,,,,,,,,,ok,0,True
S-add__K-1_C-5_W-20_Col-0,epoch_0004,4,add_proj,add_proj,0.12,0.08,64,4,1.0,5.0,20.0,0.0,0.0,0.0,0.0,5,False,3|5|7|15,64,64,108,0.0002,8,1,1,0.6913662603298821,0.8828300548933332,0.3633122444133333,0.6366877555866667,0.6913662603298821,0.8828300548933332,0.3633122444133333,0.6366877555866667,0.6581385532518229,0.8782458070000001,0.37425641001666665,0.6257435899833333,0.6234373169640699,0.8661133588333334,0.3818033691666667,0.00480301317333337,,,,,,,,,,,,,ok,0,True
S-add__K-1_C-5_W-20_Col-0,epoch_0005,5,add_proj,add_proj,0.12,0.08,64,4,1.0,5.0,20.0,0.0,0.0,0.0,0.0,5,False,3|5|7|15,64,64,108,0.0002,8,1,1,0.6929849187930425,0.8791752560666666,0.36260190509333334,0.6373980949066667,0.6929849187930425,0.8791752560666666,0.36260190509333334,0.6373980949066667,0.6602819322049617,0.8742566646666667,0.37338360688333333,0.6266163931166666,0.6245096946756045,0.86226788525,0.3849925179166667,0.00480301317333337,,,,,,,,,,,,,ok,0,True
S-add__K-1_C-5_W-20_Col-0,epoch_0006,6,add_proj,add_proj,0.12,0.08,64,4,1.0,5.0,20.0,0.0,0.0,0.0,0.0,5,False,3|5|7|15,64,64,108,0.0002,8,1,1,0.6957543694575627,0.8744503980133334,0.37212229681333325,0.6278777031866667,0.6957543694575627,0.8744503980133334,0.37212229681333325,0.6278777031866667,0.6637769288321336,0.8689646034499999,0.38380248266666667,0.6161975173333334,0.6276747499903044,0.858806461,0.3952477369166667,0.00480301317333337,,,,,,,,,,,,,ok,0,True
S-add__K-1_C-5_W-20_Col-0,epoch_0007,7,add_proj,add_proj,0.12,0.08,64,4,1.0,5.0,20.0,0.0,0.0,0.0,0.0,5,False,3|5|7|15,64,64,108,0.0002,8,1,1,0.6952150044043859,0.87585054208,0.37455567868,0.62544432132,0.6952150044043859,0.87585054208,0.37455567868,0.62544432132,0.6628210382163524,0.8704042122833332,0.3864298692666667,0.6135701307333332,0.6259120538830758,0.8610278344166667,0.39488608658333335,0.00480301317333337,,,,,,,,,,,,,ok,0,True
S-add__K-1_C-5_W-20_Col-0,epoch_0008,8,add_proj,add_proj,0.12,0.08,64,4,1.0,5.0,20.0,0.0,0.0,0.0,0.0,5,False,3|5|7|15,64,64,108,0.0002,8,1,1,0.6957086379528046,0.8690258918799999,0.38090555940000004,0.6190944406,0.6957086379528046,0.8690258918799999,0.38090555940000004,0.6190944406,0.663896095653375,0.8632888863000001,0.3927143046666667,0.6072856953333333,0.6266448331375917,0.8569265779166666,0.3987700116666666,0.00480301317333337,,,,,,,,,,,,,ok,0,True
S-add__K-1_C-5_W-20_Col-15,,,add_proj,,,,,,1.0,5.0,20.0,15.0,,,,,,,,,,,,,,,,,,,,,,,,,,,,,,,,,,,,,,,,,,config_only,,False
S-add__K-1_C-5_W-20_Col-15,epoch_0001,1,add_proj,add_proj,0.12,0.08,64,4,1.0,5.0,20.0,15.0,0.0,0.0,0.0,5,False,3|5|7|15,64,64,108,0.0002,8,1,1,0.6969843528668086,0.8521113748933334,0.41107758978666664,0.5889224102133334,0.6969843528668086,0.8521113748933334,0.41107758978666664,0.5889224102133334,0.6664697820444903,0.8485757083666666,0.42021119286666675,0.5797888071333333,0.6473188780248165,0.8088430892499999,0.45971733216666666,0.011178921040000012,,,,,,,,,,,,,ok,0,True
S-add__K-1_C-5_W-20_Col-15,epoch_0002,2,add_proj,add_proj,0.12,0.08,64,4,1.0,5.0,20.0,15.0,0.0,0.0,0.0,5,False,3|5|7|15,64,64,108,0.0002,8,1,1,0.6966809488932293,0.8541087598,0.3973040432133334,0.6026959567866665,0.6966809488932293,0.8541087598,0.3973040432133334,0.6026959567866665,0.6663251368204752,0.8504935416666667,0.40653043786666665,0.5934695621333334,0.642162578801314,0.8149266567500002,0.444351473,0.011178921040000012,,,,,,,,,,,,,ok,0,True
S-add__K-1_C-5_W-20_Col-15,epoch_0003,3,add_proj,add_proj,0.12,0.08,64,4,1.0,5.0,20.0,15.0,0.0,0.0,0.0,5,False,3|5|7|15,64,64,108,0.0002,8,1,1,0.7010750014781952,0.8337789054799998,0.42225651082666665,0.5777434891733333,0.7010750014781952,0.8337789054799998,0.42225651082666665,0.5777434891733333,0.6729039353132248,0.8295049682333333,0.43257065466666667,0.5674293453333333,0.6501494040091832,0.7929193391666667,0.4859503693333333,0.011178921040000012,,,,,,,,,,,,,ok,0,True
S-add__K-1_C-5_W-20_Col-15,epoch_0004,4,add_proj,add_proj,0.12,0.08,64,4,1.0,5.0,20.0,15.0,0.0,0.0,0.0,5,False,3|5|7|15,64,64,108,0.0002,8,1,1,0.7021061057249705,0.8124719568666666,0.44018196977333335,0.5598180302266667,0.7021061057249705,0.8124719568666666,0.44018196977333335,0.5598180302266667,0.6759866213798523,0.8075419055499999,0.45026872654999994,0.5497312734500001,0.651920632024606,0.7734797261666666,0.497381391,0.011178921040000012,,,,,,,,,,,,,ok,0,True
S-add__K-1_C-5_W-20_Col-15,epoch_0005,5,add_proj,add_proj,0.12,0.08,64,4,1.0,5.0,20.0,15.0,0.0,0.0,0.0,5,False,3|5|7|15,64,64,108,0.0002,8,1,1,0.7033547658920287,0.8064371810666667,0.4456998263733334,0.5543001736266666,0.7033547658920287,0.8064371810666667,0.4456998263733334,0.5543001736266666,0.6778801889220873,0.8012899401333332,0.45560021168333326,0.5443997883166667,0.6529736690223217,0.7646626299166668,0.5091660675,0.011178921040000012,,,,,,,,,,,,,ok,0,True
S-add__K-1_C-5_W-20_Col-15,epoch_0006,6,add_proj,add_proj,0.12,0.08,64,4,1.0,5.0,20.0,15.0,0.0,0.0,0.0,5,False,3|5|7|15,64,64,108,0.0002,8,1,1,0.7044258224566778,0.8069393694666666,0.44448999368000003,0.55551000632,0.7044258224566778,0.8069393694666666,0.44448999368000003,0.55551000632,0.6787225640316805,0.8014335913499998,0.45420146646666676,0.5457985335333333,0.6531059205532074,0.7640733800833333,0.5119557014166667,0.011178921040000012,,,,,,,,,,,,,ok,0,True
S-add__K-1_C-5_W-20_Col-15,epoch_0007,7,add_proj,add_proj,0.12,0.08,64,4,1.0,5.0,20.0,15.0,0.0,0.0,0.0,5,False,3|5|7|15,64,64,108,0.0002,8,1,1,0.7045943835973739,0.8081474624533334,0.4439568721466667,0.5560431278533333,0.7045943835973739,0.8081474624533334,0.4439568721466667,0.5560431278533333,0.6791145022213458,0.8026554837833333,0.45410014386666664,0.5458998561333334,0.65118082066377,0.7671507415000001,0.5011776525,0.011178921040000012,,,,,,,,,,,,,ok,0,True
S-add__K-1_C-5_W-20_Col-15,epoch_0008,8,add_proj,add_proj,0.12,0.08,64,4,1.0,5.0,20.0,15.0,0.0,0.0,0.0,5,False,3|5|7|15,64,64,108,0.0002,8,1,1,0.7045377909739813,0.7964424722133332,0.45306656286666663,0.5469334371333334,0.7045377909739813,0.7964424722133332,0.45306656286666663,0.5469334371333334,0.6801039478679499,0.7908098940499999,0.4630690081666667,0.5369309918333334,0.6515263142685095,0.7570786500833334,0.5069685392500001,0.011178921040000012,,,,,,,,,,,,,ok,0,True
S-add__K-2_C-0_W-10_Col-0,,,add_proj,,,,,,2.0,0.0,10.0,0.0,,,,,,,,,,,,,,,,,,,,,,,,,,,,,,,,,,,,,,,,,,config_only,,False
S-add__K-2_C-0_W-10_Col-0,epoch_0001,1,add_proj,add_proj,0.12,0.08,64,4,2.0,0.0,10.0,0.0,0.0,0.0,0.0,5,False,3|5|7|15,64,64,108,0.0002,8,1,1,0.6864873224099477,0.8892888736666668,0.3481283983466666,0.6518716016533335,0.6864873224099477,0.8892888736666668,0.3481283983466666,0.6518716016533335,0.6523659707109134,0.8868295838666669,0.35444442330000003,0.6455555767,0.6215172298252583,0.8573667041666666,0.368397832,-0.0054697514399998926,,,,,,,,,,,,,ok,0,True
S-add__K-2_C-0_W-10_Col-0,epoch_0002,2,add_proj,add_proj,0.12,0.08,64,4,2.0,0.0,10.0,0.0,0.0,0.0,0.0,5,False,3|5|7|15,64,64,108,0.0002,8,1,1,0.6861891727844873,0.8935307924266667,0.34370290915999996,0.6562970908400001,0.6861891727844873,0.8935307924266667,0.34370290915999996,0.6562970908400001,0.6512218836446605,0.8909209490833332,0.35064122289999994,0.6493587771,0.6160543578366439,0.8735648331666668,0.3511000816666667,-0.0054697514399998926,,,,,,,,,,,,,ok,0,True
S-add__K-2_C-0_W-10_Col-0,epoch_0003,3,add_proj,add_proj,0.12,0.08,64,4,2.0,0.0,10.0,0.0,0.0,0.0,0.0,5,False,3|5|7|15,64,64,108,0.0002,8,1,1,0.6879028497139612,0.89402697888,0.3426586469066667,0.6573413530933333,0.6879028497139612,0.89402697888,0.3426586469066667,0.6573413530933333,0.6531498293578625,0.8909445115500001,0.34978084136666665,0.6502191586333333,0.6176205361882845,0.8740266848333332,0.3534134053333333,-0.0054697514399998926,,,,,,,,,,,,,ok,0,True
S-add__K-2_C-0_W-10_Col-0,epoch_0004,4,add_proj,add_proj,0.12,0.08,64,4,2.0,0.0,10.0,0.0,0.0,0.0,0.0,5,False,3|5|7|15,64,64,108,0.0002,8,1,1,0.6921256754000983,0.890462155,0.3474506256666667,0.6525493743333333,0.6921256754000983,0.890462155,0.3474506256666667,0.6525493743333333,0.6579469158748784,0.8867146441166668,0.35488859101666664,0.6451114089833334,0.6260005672772726,0.8636607770833334,0.369695376,-0.0054697514399998926,,,,,,,,,,,,,ok,0,True
S-add__K-2_C-0_W-10_Col-0,epoch_0005,5,add_proj,add_proj,0.12,0.08,64,4,2.0,0.0,10.0,0.0,0.0,0.0,0.0,5,False,3|5|7|15,64,64,108,0.0002,8,1,1,0.6951307845115662,0.8846209170666667,0.3576413878666667,0.6423586121333333,0.6951307845115662,0.8846209170666667,0.3576413878666667,0.6423586121333333,0.6619355737169583,0.8805781315000001,0.36558427078333333,0.6344157292166667,0.6335762038826942,0.85284368725,0.3831402890833333,-0.0054697514399998926,,,,,,,,,,,,,ok,0,True
S-add__K-2_C-0_W-10_Col-0,epoch_0006,6,add_proj,add_proj,0.12,0.08,64,4,2.0,0.0,10.0,0.0,0.0,0.0,0.0,5,False,3|5|7|15,64,64,108,0.0002,8,1,1,0.6960228343804679,0.8822839501733335,0.3602367959866666,0.6397632040133334,0.6960228343804679,0.8822839501733335,0.3602367959866666,0.6397632040133334,0.6630146882931391,0.8781477630833333,0.36848872775,0.63151127225,0.6337848191459974,0.8491783699166668,0.38256476083333335,-0.0054697514399998926,,,,,,,,,,,,,ok,0,True
S-add__K-2_C-0_W-10_Col-0,epoch_0007,7,add_proj,add_proj,0.12,0.08,64,4,2.0,0.0,10.0,0.0,0.0,0.0,0.0,5,False,3|5|7|15,64,64,108,0.0002,8,1,1,0.6973841663996379,0.8784098700400002,0.3663272087999999,0.6336727912000001,0.6973841663996379,0.8784098700400002,0.3663272087999999,0.6336727912000001,0.6645765952269236,0.8736276684500002,0.37532567910000003,0.6246743209,0.6336484824617704,0.8462167093333333,0.3833479768333333,-0.0054697514399998926,,,,,,,,,,,,,ok,0,True
S-add__K-2_C-0_W-10_Col-0,epoch_0008,8,add_proj,add_proj,0.12,0.08,64,4,2.0,0.0,10.0,0.0,0.0,0.0,0.0,5,False,3|5|7|15,64,64,108,0.0002,8,1,1,0.6980837634404499,0.8724201496666666,0.37345991730666667,0.6265400826933334,0.6980837634404499,0.8724201496666666,0.37345991730666667,0.6265400826933334,0.6655897245804467,0.8675013862333334,0.3825788577833333,0.6174211422166667,0.6356977730989456,0.8423756054166665,0.3883463215,-0.0054697514399998926,,,,,,,,,,,,,ok,0,True
S-add__K-2_C-0_W-10_Col-15,,,add_proj,,,,,,2.0,0.0,10.0,15.0,,,,,,,,,,,,,,,,,,,,,,,,,,,,,,,,,,,,,,,,,,config_only,,False
S-add__K-2_C-0_W-10_Col-15,epoch_0001,1,add_proj,add_proj,0.12,0.08,64,4,2.0,0.0,10.0,15.0,0.0,0.0,0.0,5,False,3|5|7|15,64,64,108,0.0002,8,1,1,0.7044885642131168,0.7845843568533333,0.46551258634666665,0.5344874136533333,0.7044885642131168,0.7845843568533333,0.46551258634666665,0.5344874136533333,0.6820301887889703,0.7819776708000001,0.47150851200000005,0.528491488,0.6556706128021081,0.7334014534166666,0.525813581,0.019355397639999994,,,,,,,,,,,,,ok,0,True
S-add__K-2_C-0_W-10_Col-15,epoch_0002,2,add_proj,add_proj,0.12,0.08,64,4,2.0,0.0,10.0,15.0,0.0,0.0,0.0,5,False,3|5|7|15,64,64,108,0.0002,8,1,1,0.7054710572957993,0.7714131474533333,0.4768855674666666,0.5231144325333335,0.7054710572957993,0.7714131474533333,0.4768855674666666,0.5231144325333335,0.6854500256478786,0.7691757824500001,0.48315011136666675,0.5168498886333333,0.6554802536964417,0.7264743261666666,0.5413382207499999,0.019355397639999994,,,,,,,,,,,,,ok,0,True
S-add__K-2_C-0_W-10_Col-15,epoch_0003,3,add_proj,add_proj,0.12,0.08,64,4,2.0,0.0,10.0,15.0,0.0,0.0,0.0,5,False,3|5|7|15,64,64,108,0.0002,8,1,1,0.7062982921997707,0.7621930379466666,0.48486798398666664,0.5151320160133334,0.7062982921997707,0.7621930379466666,0.48486798398666664,0.5151320160133334,0.6877459308008353,0.7597689417666667,0.49151003765,0.50848996235,0.6571897730231285,0.7220533114166667,0.54579309125,0.019355397639999994,,,,,,,,,,,,,ok,0,True
S-add__K-2_C-0_W-10_Col-15,epoch_0004,4,add_proj,add_proj,0.12,0.08,64,4,2.0,0.0,10.0,15.0,0.0,0.0,0.0,5,False,3|5|7|15,64,64,108,0.0002,8,1,1,0.7069458286762237,0.7539609937733335,0.4914554968133333,0.5085445031866667,0.7069458286762237,0.7539609937733335,0.4914554968133333,0.5085445031866667,0.6889695477485657,0.7511035812666667,0.49812683865000007,0.5018731613499999,0.6576509060959022,0.70646961325,0.5634438691666666,0.019355397639999994,,,,,,,,,,,,,ok,0,True
S-add__K-2_C-0_W-10_Col-15,epoch_0005,5,add_proj,add_proj,0.12,0.08,64,4,2.0,0.0,10.0,15.0,0.0,0.0,0.0,5,False,3|5|7|15,64,64,108,0.0002,8,1,1,0.7057272628545761,0.7473577334800001,0.49610025286666665,0.5038997471333333,0.7057272628545761,0.7473577334800001,0.49610025286666665,0.5038997471333333,0.6883144078155358,0.7443336088833334,0.5028076014499999,0.4971923985500001,0.6555688753724098,0.7051448364166667,0.5565381143333333,0.019355397639999994,,,,,,,,,,,,,ok,0,True
S-add__K-2_C-0_W-10_Col-15,epoch_0006,6,add_proj,add_proj,0.12,0.08,64,4,2.0,0.0,10.0,15.0,0.0,0.0,0.0,5,False,3|5|7|15,64,64,108,0.0002,8,1,1,0.7072639640967051,0.7498385296666668,0.49579555024,0.50420444976,0.7072639640967051,0.7498385296666668,0.49579555024,0.50420444976,0.6896099973718325,0.7468203074833333,0.5025203762833333,0.49747962371666665,0.6560814519723257,0.7039807814166668,0.5610451610833332,0.019355397639999994,,,,,,,,,,,,,ok,0,True
S-add__K-2_C-0_W-10_Col-15,epoch_0007,7,add_proj,add_proj,0.12,0.08,64,4,2.0,0.0,10.0,15.0,0.0,0.0,0.0,5,False,3|5|7|15,64,64,108,0.0002,8,1,1,0.7087223674853642,0.7451078600400001,0.5012430286266667,0.4987569713733333,0.7087223674853642,0.7451078600400001,0.5012430286266667,0.4987569713733333,0.6917371538778146,0.7419835132666666,0.5082472956666667,0.4917527043333333,0.659782899916172,0.7005768104166666,0.5651014571666666,0.019355397639999994,,,,,,,,,,,,,ok,0,True
S-add__K-2_C-0_W-10_Col-15,epoch_0008,8,add_proj,add_proj,0.12,0.08,64,4,2.0,0.0,10.0,15.0,0.0,0.0,0.0,5,False,3|5|7|15,64,64,108,0.0002,8,1,1,0.7081056704918542,0.7396172321066666,0.5028165170000001,0.4971834829999999,0.7081056704918542,0.7396172321066666,0.5028165170000001,0.4971834829999999,0.6916778715948264,0.7362559787999999,0.5099638614333333,0.4900361385666667,0.6600141942501069,0.6968897102499999,0.5624730907500001,0.019355397639999994,,,,,,,,,,,,,ok,0,True
S-add__K-2_C-0_W-20_Col-0,,,add_proj,,,,,,2.0,0.0,20.0,0.0,,,,,,,,,,,,,,,,,,,,,,,,,,,,,,,,,,,,,,,,,,config_only,,False
S-add__K-2_C-0_W-20_Col-0,epoch_0001,1,add_proj,add_proj,0.12,0.08,64,4,2.0,0.0,20.0,0.0,0.0,0.0,0.0,5,False,3|5|7|15,64,64,108,0.0002,8,1,1,0.6975879969199498,0.8702193928799999,0.38663300069333334,0.6133669993066666,0.6975879969199498,0.8702193928799999,0.38663300069333334,0.6133669993066666,0.6658834428091843,0.8667845824833332,0.39476091459999996,0.6052390854,0.6439399729172388,0.8225289044999999,0.43054578699999996,-0.008399860466666687,,,,,,,,,,,,,ok,0,True
S-add__K-2_C-0_W-20_Col-0,epoch_0002,2,add_proj,add_proj,0.12,0.08,64,4,2.0,0.0,20.0,0.0,0.0,0.0,0.0,5,False,3|5|7|15,64,64,108,0.0002,8,1,1,0.6962818398078283,0.8724325936266666,0.38016837000000003,0.61983163,0.6962818398078283,0.8724325936266666,0.38016837000000003,0.61983163,0.6641322393715383,0.8683436315666666,0.38843159166666663,0.6115684083333334,0.6382267405589421,0.8414078879166667,0.40227489233333336,-0.008399860466666687,,,,,,,,,,,,,ok,0,True
S-add__K-2_C-0_W-20_Col-0,epoch_0003,3,add_proj,add_proj,0.12,0.08,64,4,2.0,0.0,20.0,0.0,0.0,0.0,0.0,5,False,3|5|7|15,64,64,108,0.0002,8,1,1,0.698078258037567,0.8721021276,0.37823314022666665,0.6217668597733333,0.698078258037567,0.8721021276,0.37823314022666665,0.6217668597733333,0.6660466188192369,0.8673973704833333,0.38660880314999996,0.6133911968500001,0.6397243782877922,0.841036552,0.40450208525000003,-0.008399860466666687,,,,,,,,,,,,,ok,0,True
S-add__K-2_C-0_W-20_Col-0,epoch_0004,4,add_proj,add_proj,0.12,0.08,64,4,2.0,0.0,20.0,0.0,0.0,0.0,0.0,5,False,3|5|7|15,64,64,108,0.0002,8,1,1,0.7011786124308902,0.8675692821200001,0.38155920438666663,0.6184407956133333,0.7011786124308902,0.8675692821200001,0.38155920438666663,0.6184407956133333,0.6700940330326557,0.8625842566333333,0.3898253142,0.6101746858,0.6448726815481981,0.83333693875,0.41312856341666665,-0.008399860466666687,,,,,,,,,,,,,ok,0,True
S-add__K-2_C-0_W-20_Col-0,epoch_0005,5,add_proj,add_proj,0.12,0.08,64,4,2.0,0.0,20.0,0.0,0.0,0.0,0.0,5,False,3|5|7|15,64,64,108,0.0002,8,1,1,0.7040330975055695,0.8561603219733334,0.39667522273333333,0.6033247772666667,0.7040330975055695,0.8561603219733334,0.39667522273333333,0.6033247772666667,0.674374756515026,0.8506914315999999,0.4052156722666667,0.5947843277333333,0.6515846356749534,0.8180802775833335,0.43217776508333333,-0.008399860466666687,,,,,,,,,,,,,ok,0,True
S-add__K-2_C-0_W-20_Col-0,epoch_0006,6,add_proj,add_proj,0.12,0.08,64,4,2.0,0.0,20.0,0.0,0.0,0.0,0.0,5,False,3|5|7|15,64,64,108,0.0002,8,1,1,0.7052890607118607,0.8508032971999999,0.40207808089333325,0.5979219191066667,0.7052890607118607,0.8508032971999999,0.40207808089333325,0.5979219191066667,0.6760484188298383,0.8451789814833333,0.4111768267166667,0.5888231732833333,0.6528640019396941,0.8127276783333334,0.43347130408333323,-0.008399860466666687,,,,,,,,,,,,,ok,0,True
S-add__K-2_C-0_W-20_Col-0,epoch_0007,7,add_proj,add_proj,0.12,0.08,64,4,2.0,0.0,20.0,0.0,0.0,0.0,0.0,5,False,3|5|7|15,64,64,108,0.0002,8,1,1,0.7055345423618953,0.8467088348933334,0.4062927033199999,0.5937072966800001,0.7055345423618953,0.8467088348933334,0.4062927033199999,0.5937072966800001,0.6765138181547323,0.8408576777999999,0.41589326803333326,0.5841067319666667,0.6515568263828754,0.8102028236666667,0.4327359428333334,-0.008399860466666687,,,,,,,,,,,,,ok,0,True
S-add__K-2_C-0_W-20_Col-0,epoch_0008,8,add_proj,add_proj,0.12,0.08,64,4,2.0,0.0,20.0,0.0,0.0,0.0,0.0,5,False,3|5|7|15,64,64,108,0.0002,8,1,1,0.706571411371231,0.8394065041466667,0.41318421096,0.58681578904,0.706571411371231,0.8394065041466667,0.41318421096,0.58681578904,0.6778819306691488,0.8334740331333332,0.42260807688333335,0.5773919231166666,0.652354647219181,0.8052560464999998,0.4365063558333334,-0.008399860466666687,,,,,,,,,,,,,ok,0,True
S-add__K-2_C-0_W-20_Col-15,,,add_proj,,,,,,2.0,0.0,20.0,15.0,,,,,,,,,,,,,,,,,,,,,,,,,,,,,,,,,,,,,,,,,,config_only,,False
S-add__K-2_C-0_W-20_Col-15,epoch_0001,1,add_proj,add_proj,0.12,0.08,64,4,2.0,0.0,20.0,15.0,0.0,0.0,0.0,5,False,3|5|7|15,64,64,108,0.0002,8,1,1,0.705494797150294,0.7793488094533335,0.4722881446666667,0.5277118553333333,0.705494797150294,0.7793488094533335,0.4722881446666667,0.5277118553333333,0.6840641785661379,0.7766912828666668,0.4784276508166667,0.5215723491833333,0.6569339873890081,0.7294373448333333,0.5286209188333333,0.030934772333333416,,,,,,,,,,,,,ok,0,True
S-add__K-2_C-0_W-20_Col-15,epoch_0002,2,add_proj,add_proj,0.12,0.08,64,4,2.0,0.0,20.0,15.0,0.0,0.0,0.0,5,False,3|5|7|15,64,64,108,0.0002,8,1,1,0.7052516208489736,0.7508771377866665,0.4961335490666666,0.5038664509333334,0.7052516208489736,0.7508771377866665,0.4961335490666666,0.5038664509333334,0.6876654773950577,0.7486352317333334,0.5023753456833334,0.4976246543166666,0.6588756377498308,0.7089713459999998,0.5647701343333333,0.030934772333333416,,,,,,,,,,,,,ok,0,True
S-add__K-2_C-0_W-20_Col-15,epoch_0003,3,add_proj,add_proj,0.12,0.08,64,4,2.0,0.0,20.0,15.0,0.0,0.0,0.0,5,False,3|5|7|15,64,64,108,0.0002,8,1,1,0.70480857082208,0.7376975276933334,0.5032229170000001,0.4967770829999999,0.70480857082208,0.7376975276933334,0.5032229170000001,0.4967770829999999,0.6884922589361667,0.7350043988333334,0.5094042643666665,0.4905957356333335,0.6577033169567585,0.69896344875,0.56495090575,0.030934772333333416,,,,,,,,,,,,,ok,0,True
S-add__K-2_C-0_W-20_Col-15,epoch_0004,4,add_proj,add_proj,0.12,0.08,64,4,2.0,0.0,20.0,15.0,0.0,0.0,0.0,5,False,3|5|7|15,64,64,108,0.0002,8,1,1,0.7036566316286723,0.7277775322266667,0.51277924308,0.48722075692,0.7036566316286723,0.7277775322266667,0.51277924308,0.48722075692,0.6881463674704233,0.7247296569666666,0.5190088961,0.4809911039,0.65732287093997,0.6928870519166668,0.5643139099166666,0.030934772333333416,,,,,,,,,,,,,ok,0,True
S-add__K-2_C-0_W-20_Col-15,epoch_0005,5,add_proj,add_proj,0.12,0.08,64,4,2.0,0.0,20.0,15.0,0.0,0.0,0.0,5,False,3|5|7|15,64,64,108,0.0002,8,1,1,0.7048297673066457,0.7237203384666667,0.5191959845733334,0.4808040154266666,0.7048297673066457,0.7237203384666667,0.5191959845733334,0.4808040154266666,0.6894079958399136,0.7204904163166665,0.52518906665,0.47481093335,0.6597342019279798,0.6857214600833333,0.5768507970833333,0.030934772333333416,,,,,,,,,,,,,ok,0,True
S-add__K-2_C-0_W-20_Col-15,epoch_0006,6,add_proj,add_proj,0.12,0.08,64,4,2.0,0.0,20.0,15.0,0.0,0.0,0.0,5,False,3|5|7|15,64,64,108,0.0002,8,1,1,0.7070534854332605,0.7213629992933334,0.5239104124133334,0.47608958758666664,0.7070534854332605,0.7213629992933334,0.5239104124133334,0.47608958758666664,0.6919245168069998,0.71816257935,0.5299514590333333,0.4700485409666667,0.6633959372838337,0.6817794035833333,0.58269538675,0.030934772333333416,,,,,,,,,,,,,ok,0,True
S-add__K-2_C-0_W-20_Col-15,epoch_0007,7,add_proj,add_proj,0.12,0.08,64,4,2.0,0.0,20.0,15.0,0.0,0.0,0.0,5,False,3|5|7|15,64,64,108,0.0002,8,1,1,0.7132453716595968,0.7271335135333333,0.5180430943733334,0.4819569056266666,0.7132453716595968,0.7271335135333333,0.5180430943733334,0.4819569056266666,0.6984318274259567,0.7237112327666667,0.52488226875,0.47511773125,0.6689072690904141,0.6861502764166666,0.5723380822500002,0.030934772333333416,,,,,,,,,,,,,ok,0,True
S-add__K-2_C-0_W-20_Col-15,epoch_0008,8,add_proj,add_proj,0.12,0.08,64,4,2.0,0.0,20.0,15.0,0.0,0.0,0.0,5,False,3|5|7|15,64,64,108,0.0002,8,1,1,0.7114988609552384,0.7219388110266667,0.5208125612933333,0.4791874387066667,0.7114988609552384,0.7219388110266667,0.5208125612933333,0.4791874387066667,0.6971352697908878,0.7183890782333333,0.5277268469833334,0.4722731530166666,0.6684423712392649,0.6843714258333333,0.5712558799166667,0.030934772333333416,,,,,,,,,,,,,ok,0,True
S-add__K-2_C-2_W-10_Col-0,,,add_proj,,,,,,2.0,2.0,10.0,0.0,,,,,,,,,,,,,,,,,,,,,,,,,,,,,,,,,,,,,,,,,,config_only,,False
S-add__K-2_C-2_W-10_Col-0,epoch_0001,1,add_proj,add_proj,0.12,0.08,64,4,2.0,2.0,10.0,0.0,0.0,0.0,0.0,5,False,3|5|7|15,64,64,108,0.0002,8,1,1,0.6777873017787932,0.8958484397200001,0.3396909387733333,0.6603090612266667,0.6777873017787932,0.8958484397200001,0.3396909387733333,0.6603090612266667,0.6421889578302702,0.8934755908333333,0.3456500131333333,0.6543499868666667,0.6001828787227472,0.88369203325,0.3317793381666666,-0.0043246740799999794,,,,,,,,,,,,,ok,0,True
S-add__K-2_C-2_W-10_Col-0,epoch_0002,2,add_proj,add_proj,0.12,0.08,64,4,2.0,2.0,10.0,0.0,0.0,0.0,0.0,5,False,3|5|7|15,64,64,108,0.0002,8,1,1,0.6801235667069753,0.8993520447866667,0.32991881816,0.67008118184,0.6801235667069753,0.8993520447866667,0.32991881816,0.67008118184,0.6447372560699781,0.8968165469833334,0.3374614217833333,0.6625385782166666,0.6028937041759491,0.8859547326666666,0.33044674233333327,-0.0043246740799999794,,,,,,,,,,,,,ok,0,True
S-add__K-2_C-2_W-10_Col-0,epoch_0003,3,add_proj,add_proj,0.12,0.08,64,4,2.0,2.0,10.0,0.0,0.0,0.0,0.0,5,False,3|5|7|15,64,64,108,0.0002,8,1,1,0.681200713912646,0.8990359118266668,0.3353662646933333,0.6646337353066667,0.681200713912646,0.8990359118266668,0.3353662646933333,0.6646337353066667,0.6459022259215514,0.8964595359833332,0.34402239823333336,0.6559776017666666,0.6057781882584095,0.8862863811666666,0.3376545864166667,-0.0043246740799999794,,,,,,,,,,,,,ok,0,True
S-add__K-2_C-2_W-10_Col-0,epoch_0004,4,add_proj,add_proj,0.12,0.08,64,4,2.0,2.0,10.0,0.0,0.0,0.0,0.0,5,False,3|5|7|15,64,64,108,0.0002,8,1,1,0.6856786562999089,0.8944302931599999,0.34155943521333343,0.6584405647866666,0.6856786562999089,0.8944302931599999,0.34155943521333343,0.6584405647866666,0.6511175021032491,0.8909982371833334,0.3510629034166667,0.6489370965833333,0.6121716238558292,0.8774370094166666,0.3512823555,-0.0043246740799999794,,,,,,,,,,,,,ok,0,True
S-add__K-2_C-2_W-10_Col-0,epoch_0005,5,add_proj,add_proj,0.12,0.08,64,4,2.0,2.0,10.0,0.0,0.0,0.0,0.0,5,False,3|5|7|15,64,64,108,0.0002,8,1,1,0.6879074490467707,0.8910628595333334,0.34315608294666666,0.6568439170533333,0.6879074490467707,0.8910628595333334,0.34315608294666666,0.6568439170533333,0.6537911157310009,0.8870786144166667,0.3525707128833333,0.6474292871166667,0.6160548699398836,0.8710306458333335,0.3582183845,-0.0043246740799999794,,,,,,,,,,,,,ok,0,True
S-add__K-2_C-2_W-10_Col-0,epoch_0006,6,add_proj,add_proj,0.12,0.08,64,4,2.0,2.0,10.0,0.0,0.0,0.0,0.0,5,False,3|5|7|15,64,64,108,0.0002,8,1,1,0.6897504722674688,0.8907155238666666,0.34700936139999994,0.6529906386000001,0.6897504722674688,0.8907155238666666,0.34700936139999994,0.6529906386000001,0.6558363338808219,0.8864632739999999,0.35706523935,0.64293476065,0.6184330431123575,0.8701398000833332,0.361740753,-0.0043246740799999794,,,,,,,,,,,,,ok,0,True
S-add__K-2_C-2_W-10_Col-0,epoch_0007,7,add_proj,add_proj,0.12,0.08,64,4,2.0,2.0,10.0,0.0,0.0,0.0,0.0,5,False,3|5|7|15,64,64,108,0.0002,8,1,1,0.6893286896944046,0.8913246356666665,0.3488779503466667,0.6511220496533333,0.6893286896944046,0.8913246356666665,0.3488779503466667,0.6511220496533333,0.6551290435095628,0.8872147822999998,0.3590257487333333,0.6409742512666667,0.6174357287585736,0.8731339029166667,0.36012285141666667,-0.0043246740799999794,,,,,,,,,,,,,ok,0,True
S-add__K-2_C-2_W-10_Col-0,epoch_0008,8,add_proj,add_proj,0.12,0.08,64,4,2.0,2.0,10.0,0.0,0.0,0.0,0.0,5,False,3|5|7|15,64,64,108,0.0002,8,1,1,0.6899617468118667,0.8867663254533332,0.35495383204,0.64504616796,0.6899617468118667,0.8867663254533332,0.35495383204,0.64504616796,0.6559980903565883,0.88235084435,0.36522314683333335,0.6347768531666667,0.6185909047722815,0.8685771763333334,0.36234748191666666,-0.0043246740799999794,,,,,,,,,,,,,ok,0,True
S-add__K-2_C-2_W-10_Col-15,,,add_proj,,,,,,2.0,2.0,10.0,15.0,,,,,,,,,,,,,,,,,,,,,,,,,,,,,,,,,,,,,,,,,,config_only,,False
S-add__K-2_C-2_W-10_Col-15,epoch_0001,1,add_proj,add_proj,0.12,0.08,64,4,2.0,2.0,10.0,15.0,0.0,0.0,0.0,5,False,3|5|7|15,64,64,108,0.0002,8,1,1,0.6974197924534478,0.8493560614666665,0.40714753376000007,0.5928524662399999,0.6974197924534478,0.8493560614666665,0.40714753376000007,0.5928524662399999,0.6676964237789312,0.8466775936,0.4155405565666667,0.5844594434333332,0.6482426928977172,0.8016301106666668,0.47780568341666674,0.008618271373333264,,,,,,,,,,,,,ok,0,True
S-add__K-2_C-2_W-10_Col-15,epoch_0002,2,add_proj,add_proj,0.12,0.08,64,4,2.0,2.0,10.0,15.0,0.0,0.0,0.0,5,False,3|5|7|15,64,64,108,0.0002,8,1,1,0.6999153487682342,0.8393621677466667,0.4171205933466667,0.5828794066533334,0.6999153487682342,0.8393621677466667,0.4171205933466667,0.5828794066533334,0.6711337149143218,0.8358758304999998,0.4253191369833333,0.5746808630166667,0.6469631269574165,0.7953421022500001,0.47726550474999996,0.008618271373333264,,,,,,,,,,,,,ok,0,True
S-add__K-2_C-2_W-10_Col-15,epoch_0003,3,add_proj,add_proj,0.12,0.08,64,4,2.0,2.0,10.0,15.0,0.0,0.0,0.0,5,False,3|5|7|15,64,64,108,0.0002,8,1,1,0.7011145465373991,0.8355470342533333,0.41576580513333333,0.5842341948666667,0.7011145465373991,0.8355470342533333,0.41576580513333333,0.5842341948666667,0.6728472784161568,0.8319512744333334,0.4241408358333333,0.5758591641666667,0.6479590632021427,0.7905608267500002,0.4809505600833333,0.008618271373333264,,,,,,,,,,,,,ok,0,True
S-add__K-2_C-2_W-10_Col-15,epoch_0004,4,add_proj,add_proj,0.12,0.08,64,4,2.0,2.0,10.0,15.0,0.0,0.0,0.0,5,False,3|5|7|15,64,64,108,0.0002,8,1,1,0.7039581845204036,0.8172154194266666,0.4377094435066667,0.5622905564933334,0.7039581845204036,0.8172154194266666,0.4377094435066667,0.5622905564933334,0.6776767380535602,0.8133279074333334,0.44633337063333334,0.5536666293666667,0.6524935913582643,0.7711059883333333,0.51167177025,0.008618271373333264,,,,,,,,,,,,,ok,0,True
S-add__K-2_C-2_W-10_Col-15,epoch_0005,5,add_proj,add_proj,0.12,0.08,64,4,2.0,2.0,10.0,15.0,0.0,0.0,0.0,5,False,3|5|7|15,64,64,108,0.0002,8,1,1,0.7028969473044078,0.8106378208933335,0.4390380834,0.5609619165999999,0.7028969473044078,0.8106378208933335,0.4390380834,0.5609619165999999,0.6771244738499322,0.8064961897166667,0.4474440088333333,0.5525559911666666,0.650249495357275,0.76602477,0.5008163300833334,0.008618271373333264,,,,,,,,,,,,,ok,0,True
S-add__K-2_C-2_W-10_Col-15,epoch_0006,6,add_proj,add_proj,0.12,0.08,64,4,2.0,2.0,10.0,15.0,0.0,0.0,0.0,5,False,3|5|7|15,64,64,108,0.0002,8,1,1,0.7034576539595921,0.8113087342266667,0.4386313522133333,0.5613686477866666,0.7034576539595921,0.8113087342266667,0.4386313522133333,0.5613686477866666,0.6776914104322593,0.8071573595166667,0.4469745880333333,0.5530254119666667,0.6507082651058833,0.7644946605,0.5071821350833333,0.008618271373333264,,,,,,,,,,,,,ok,0,True
S-add__K-2_C-2_W-10_Col-15,epoch_0007,7,add_proj,add_proj,0.12,0.08,64,4,2.0,2.0,10.0,15.0,0.0,0.0,0.0,5,False,3|5|7|15,64,64,108,0.0002,8,1,1,0.7046898174683253,0.80822576684,0.4444755770133333,0.5555244229866667,0.7046898174683253,0.80822576684,0.4444755770133333,0.5555244229866667,0.679512941290935,0.8039509602500001,0.4532587543,0.5467412457,0.6523119010031224,0.7611557085833333,0.5114631305,0.008618271373333264,,,,,,,,,,,,,ok,0,True
S-add__K-2_C-2_W-10_Col-15,epoch_0008,8,add_proj,add_proj,0.12,0.08,64,4,2.0,2.0,10.0,15.0,0.0,0.0,0.0,5,False,3|5|7|15,64,64,108,0.0002,8,1,1,0.7051088780959448,0.800094246,0.44985315218666666,0.5501468478133333,0.7051088780959448,0.800094246,0.44985315218666666,0.5501468478133333,0.6809233392775058,0.7956820510666667,0.4587174285333332,0.5412825714666668,0.6537178511420886,0.7530096054166666,0.5139832553333333,0.008618271373333264,,,,,,,,,,,,,ok,0,True
S-add__K-2_C-2_W-20_Col-0,,,add_proj,,,,,,2.0,2.0,20.0,0.0,,,,,,,,,,,,,,,,,,,,,,,,,,,,,,,,,,,,,,,,,,config_only,,False
S-add__K-2_C-2_W-20_Col-0,epoch_0001,1,add_proj,add_proj,0.12,0.08,64,4,2.0,2.0,20.0,0.0,0.0,0.0,0.0,5,False,3|5|7|15,64,64,108,0.0002,8,1,1,0.683795047402382,0.8895284981866668,0.3576136735466667,0.6423863264533334,0.683795047402382,0.8895284981866668,0.3576136735466667,0.6423863264533334,0.6489554627239704,0.8863946348499999,0.36525481651666664,0.6347451834833333,0.6135489657521248,0.87191031475,0.35773146625,-0.00604715758666674,,,,,,,,,,,,,ok,0,True
S-add__K-2_C-2_W-20_Col-0,epoch_0002,2,add_proj,add_proj,0.12,0.08,64,4,2.0,2.0,20.0,0.0,0.0,0.0,0.0,5,False,3|5|7|15,64,64,108,0.0002,8,1,1,0.6881473501125973,0.8941242748266666,0.35053773768,0.6494622623199999,0.6881473501125973,0.8941242748266666,0.35053773768,0.6494622623199999,0.6533028020958107,0.8908383589833335,0.35969813954999996,0.64030186045,0.6195935597022374,0.8776272088333334,0.368842493,-0.00604715758666674,,,,,,,,,,,,,ok,0,True
S-add__K-2_C-2_W-20_Col-0,epoch_0003,3,add_proj,add_proj,0.12,0.08,64,4,2.0,2.0,20.0,0.0,0.0,0.0,0.0,5,False,3|5|7|15,64,64,108,0.0002,8,1,1,0.6893673007488252,0.8912436209066666,0.35156651595999994,0.6484334840400001,0.6893673007488252,0.8912436209066666,0.35156651595999994,0.6484334840400001,0.6551197243730227,0.8878152660833333,0.3610876484833333,0.6389123515166667,0.6217583502332369,0.8763798590833334,0.36758860849999997,-0.00604715758666674,,,,,,,,,,,,,ok,0,True
S-add__K-2_C-2_W-20_Col-0,epoch_0004,4,add_proj,add_proj,0.12,0.08,64,4,2.0,2.0,20.0,0.0,0.0,0.0,0.0,5,False,3|5|7|15,64,64,108,0.0002,8,1,1,0.693115824898084,0.88464982644,0.35940003698666667,0.6405999630133333,0.693115824898084,0.88464982644,0.35940003698666667,0.6405999630133333,0.6597915709515412,0.8803676128000001,0.36924739214999996,0.6307526078500001,0.6283781016866365,0.8663899419166666,0.3826360156666666,-0.00604715758666674,,,,,,,,,,,,,ok,0,True
S-add__K-2_C-2_W-20_Col-0,epoch_0005,5,add_proj,add_proj,0.12,0.08,64,4,2.0,2.0,20.0,0.0,0.0,0.0,0.0,5,False,3|5|7|15,64,64,108,0.0002,8,1,1,0.6960389059384664,0.8790122193866668,0.36793446352,0.6320655364800001,0.6960389059384664,0.8790122193866668,0.36793446352,0.6320655364800001,0.66332784841458,0.8739405099666667,0.3783060553166666,0.6216939446833334,0.6332851633429527,0.8586774680833333,0.39407653141666665,-0.00604715758666674,,,,,,,,,,,,,ok,0,True
S-add__K-2_C-2_W-20_Col-0,epoch_0006,6,add_proj,add_proj,0.12,0.08,64,4,2.0,2.0,20.0,0.0,0.0,0.0,0.0,5,False,3|5|7|15,64,64,108,0.0002,8,1,1,0.69655055252711,0.8788713215466667,0.36776687681333337,0.6322331231866667,0.69655055252711,0.8788713215466667,0.36776687681333337,0.6322331231866667,0.6639834741751353,0.8738489357500002,0.37841472685,0.62158527315,0.6327422266205152,0.8579367150833335,0.39096206066666667,-0.00604715758666674,,,,,,,,,,,,,ok,0,True
S-add__K-2_C-2_W-20_Col-0,epoch_0007,7,add_proj,add_proj,0.12,0.08,64,4,2.0,2.0,20.0,0.0,0.0,0.0,0.0,5,False,3|5|7|15,64,64,108,0.0002,8,1,1,0.6963990035057068,0.8771920046000001,0.3736004298533333,0.6263995701466667,0.6963990035057068,0.8771920046000001,0.3736004298533333,0.6263995701466667,0.6637763541936874,0.8720422672333333,0.3848017340333333,0.6151982659666667,0.6320027326544126,0.857698059,0.3932605754166666,-0.00604715758666674,,,,,,,,,,,,,ok,0,True
S-add__K-2_C-2_W-20_Col-0,epoch_0008,8,add_proj,add_proj,0.12,0.08,64,4,2.0,2.0,20.0,0.0,0.0,0.0,0.0,5,False,3|5|7|15,64,64,108,0.0002,8,1,1,0.6975007643699647,0.8717956648133333,0.37905188753333335,0.6209481124666667,0.6975007643699647,0.8717956648133333,0.37905188753333335,0.6209481124666667,0.6652984829743703,0.8663040568166667,0.3902931958166667,0.6097068041833333,0.633635846277078,0.85455691575,0.3969561427500001,-0.00604715758666674,,,,,,,,,,,,,ok,0,True
S-add__K-2_C-2_W-20_Col-15,,,add_proj,,,,,,2.0,2.0,20.0,15.0,,,,,,,,,,,,,,,,,,,,,,,,,,,,,,,,,,,,,,,,,,config_only,,False
S-add__K-2_C-2_W-20_Col-15,epoch_0001,1,add_proj,add_proj,0.12,0.08,64,4,2.0,2.0,20.0,15.0,0.0,0.0,0.0,5,False,3|5|7|15,64,64,108,0.0002,8,1,1,0.6985281711816788,0.8440737080799998,0.40944630245333336,0.5905536975466666,0.6985281711816788,0.8440737080799998,0.40944630245333336,0.5905536975466666,0.6690760023891925,0.8407929198166666,0.4171006675166667,0.5828993324833334,0.6445988141000271,0.7975622886666667,0.4606967525833333,0.03769760119999993,,,,,,,,,,,,,ok,0,True
S-add__K-2_C-2_W-20_Col-15,epoch_0002,2,add_proj,add_proj,0.12,0.08,64,4,2.0,2.0,20.0,15.0,0.0,0.0,0.0,5,False,3|5|7|15,64,64,108,0.0002,8,1,1,0.7013719081083933,0.82659362032,0.42024258808,0.57975741192,0.7013719081083933,0.82659362032,0.42024258808,0.57975741192,0.6741461218396821,0.8226616666333333,0.42840373475,0.57159626525,0.6484892080227533,0.7870830190833333,0.47297732958333333,0.03769760119999993,,,,,,,,,,,,,ok,0,True
S-add__K-2_C-2_W-20_Col-15,epoch_0003,3,add_proj,add_proj,0.12,0.08,64,4,2.0,2.0,20.0,15.0,0.0,0.0,0.0,5,False,3|5|7|15,64,64,108,0.0002,8,1,1,0.7043837138017018,0.8020813284799999,0.4471439036533333,0.5528560963466667,0.7043837138017018,0.8020813284799999,0.4471439036533333,0.5528560963466667,0.6799219764272373,0.7978139583333335,0.4558178728333334,0.5441821271666666,0.65632912615935,0.75779585925,0.5135463916666666,0.03769760119999993,,,,,,,,,,,,,ok,0,True
S-add__K-2_C-2_W-20_Col-15,epoch_0004,4,add_proj,add_proj,0.12,0.08,64,4,2.0,2.0,20.0,15.0,0.0,0.0,0.0,5,False,3|5|7|15,64,64,108,0.0002,8,1,1,0.704851065158844,0.7929162893066666,0.45540426849333326,0.5445957315066667,0.704851065158844,0.7929162893066666,0.45540426849333326,0.5445957315066667,0.6813981076081593,0.7882269640666666,0.4639386431166666,0.5360613568833335,0.6550728604197502,0.7502831868333333,0.5124567008333332,0.03769760119999993,,,,,,,,,,,,,ok,0,True
S-add__K-2_C-2_W-20_Col-15,epoch_0005,5,add_proj,add_proj,0.12,0.08,64,4,2.0,2.0,20.0,15.0,0.0,0.0,0.0,5,False,3|5|7|15,64,64,108,0.0002,8,1,1,0.706870221455892,0.7855126489733334,0.4634580688133333,0.5365419311866667,0.706870221455892,0.7855126489733334,0.4634580688133333,0.5365419311866667,0.6845048268636067,0.7808903237500001,0.4715506399833333,0.5284493600166666,0.6574363668759664,0.7427676889166668,0.5263148824999999,0.03769760119999993,,,,,,,,,,,,,ok,0,True
S-add__K-2_C-2_W-20_Col-15,epoch_0006,6,add_proj,add_proj,0.12,0.08,64,4,2.0,2.0,20.0,15.0,0.0,0.0,0.0,5,False,3|5|7|15,64,64,108,0.0002,8,1,1,0.7072950481971105,0.7729750624,0.4782330753466667,0.5217669246533333,0.7072950481971105,0.7729750624,0.4782330753466667,0.5217669246533333,0.6861904397110143,0.7683637354166667,0.4864907489333333,0.5135092510666668,0.6604462223748366,0.7314422114999999,0.5447316024166666,0.03769760119999993,,,,,,,,,,,,,ok,0,True
S-add__K-2_C-2_W-20_Col-15,epoch_0007,7,add_proj,add_proj,0.12,0.08,64,4,2.0,2.0,20.0,15.0,0.0,0.0,0.0,5,False,3|5|7|15,64,64,108,0.0002,8,1,1,0.7080159176190695,0.7771985468666665,0.47249020541333336,0.5275097945866667,0.7080159176190695,0.7771985468666665,0.47249020541333336,0.5275097945866667,0.686636956135432,0.7722211090833333,0.4812181338666667,0.5187818661333333,0.6594378285109996,0.7342944153333333,0.5310983093333334,0.03769760119999993,,,,,,,,,,,,,ok,0,True
S-add__K-2_C-2_W-20_Col-15,epoch_0008,8,add_proj,add_proj,0.12,0.08,64,4,2.0,2.0,20.0,15.0,0.0,0.0,0.0,5,False,3|5|7|15,64,64,108,0.0002,8,1,1,0.7064920292297998,0.7663788955866667,0.47799426852000004,0.52200573148,0.7064920292297998,0.7663788955866667,0.47799426852000004,0.52200573148,0.686108205864827,0.7613870748500001,0.48659523218333317,0.5134047678166669,0.6578374832868575,0.7269103970833334,0.5290628594166666,0.03769760119999993,,,,,,,,,,,,,ok,0,True
S-add__K-2_C-5_W-10_Col-0,,,add_proj,,,,,,2.0,5.0,10.0,0.0,,,,,,,,,,,,,,,,,,,,,,,,,,,,,,,,,,,,,,,,,,config_only,,False
S-add__K-2_C-5_W-10_Col-0,epoch_0001,1,add_proj,add_proj,0.12,0.08,64,4,2.0,5.0,10.0,0.0,0.0,0.0,0.0,5,False,3|5|7|15,64,64,108,0.0002,8,1,1,0.6769183249473572,0.8958580527066665,0.33622468244000003,0.66377531756,0.6769183249473572,0.8958580527066665,0.33622468244000003,0.66377531756,0.6418870412309965,0.8936048670833333,0.34291144455,0.65708855545,0.5977366839845976,0.8858467435833333,0.32627115858333333,0.006886452026666712,,,,,,,,,,,,,ok,0,True
S-add__K-2_C-5_W-10_Col-0,epoch_0002,2,add_proj,add_proj,0.12,0.08,64,4,2.0,5.0,10.0,0.0,0.0,0.0,0.0,5,False,3|5|7|15,64,64,108,0.0002,8,1,1,0.6767110147476196,0.8935538472666668,0.3484702530133334,0.6515297469866665,0.6767110147476196,0.8935538472666668,0.3484702530133334,0.6515297469866665,0.6417529557148616,0.8910619715166666,0.35492085726666667,0.6450791427333333,0.5993291574219862,0.8860880312499999,0.3296766533333333,0.006886452026666712,,,,,,,,,,,,,ok,0,True
S-add__K-2_C-5_W-10_Col-0,epoch_0003,3,add_proj,add_proj,0.12,0.08,64,4,2.0,5.0,10.0,0.0,0.0,0.0,0.0,5,False,3|5|7|15,64,64,108,0.0002,8,1,1,0.6805677414337794,0.8936334702533333,0.34311113446666675,0.6568888655333333,0.6805677414337794,0.8936334702533333,0.34311113446666675,0.6568888655333333,0.6461720137298107,0.8904535080833333,0.3520474707,0.6479525293,0.6044216928382714,0.8815846683333333,0.33544518775,0.006886452026666712,,,,,,,,,,,,,ok,0,True
S-add__K-2_C-5_W-10_Col-0,epoch_0004,4,add_proj,add_proj,0.12,0.08,64,4,2.0,5.0,10.0,0.0,0.0,0.0,0.0,5,False,3|5|7|15,64,64,108,0.0002,8,1,1,0.6822016140222549,0.89532751992,0.34167413190666657,0.6583258680933335,0.6822016140222549,0.89532751992,0.34167413190666657,0.6583258680933335,0.6475348002215225,0.8920489532666668,0.3510413788166667,0.6489586211833334,0.6092171919842561,0.8821853030000001,0.3431367393333333,0.006886452026666712,,,,,,,,,,,,,ok,0,True
S-add__K-2_C-5_W-10_Col-0,epoch_0005,5,add_proj,add_proj,0.12,0.08,64,4,2.0,5.0,10.0,0.0,0.0,0.0,0.0,5,False,3|5|7|15,64,64,108,0.0002,8,1,1,0.6818581174214681,0.89587050928,0.33660266871999994,0.6633973312800001,0.6818581174214681,0.89587050928,0.33660266871999994,0.6633973312800001,0.6468564382195473,0.8927517503333332,0.34512827933333334,0.6548717206666667,0.6066331592698893,0.8822026414166666,0.3360069583333333,0.006886452026666712,,,,,,,,,,,,,ok,0,True
S-add__K-2_C-5_W-10_Col-0,epoch_0006,6,add_proj,add_proj,0.12,0.08,64,4,2.0,5.0,10.0,0.0,0.0,0.0,0.0,5,False,3|5|7|15,64,64,108,0.0002,8,1,1,0.6842416117191316,0.8913834259333333,0.34165583316,0.6583441668400001,0.6842416117191316,0.8913834259333333,0.34165583316,0.6583441668400001,0.6498127368092537,0.88783099625,0.35002349903333324,0.6499765009666667,0.6107819090286891,0.8766142356666666,0.3441281690833333,0.006886452026666712,,,,,,,,,,,,,ok,0,True
S-add__K-2_C-5_W-10_Col-0,epoch_0007,7,add_proj,add_proj,0.12,0.08,64,4,2.0,5.0,10.0,0.0,0.0,0.0,0.0,5,False,3|5|7|15,64,64,108,0.0002,8,1,1,0.6848192456563313,0.8918961168933334,0.34301025163999993,0.65698974836,0.6848192456563313,0.8918961168933334,0.34301025163999993,0.65698974836,0.6502077381809551,0.8882537872833334,0.3521477662333333,0.6478522337666667,0.6101828192671139,0.8789375948333333,0.3439962519166666,0.006886452026666712,,,,,,,,,,,,,ok,0,True
S-add__K-2_C-5_W-10_Col-0,epoch_0008,8,add_proj,add_proj,0.12,0.08,64,4,2.0,5.0,10.0,0.0,0.0,0.0,0.0,5,False,3|5|7|15,64,64,108,0.0002,8,1,1,0.6846946918169659,0.8889342659333331,0.35047786648,0.64952213352,0.6846946918169659,0.8889342659333331,0.35047786648,0.64952213352,0.6502642977237703,0.8851949277166666,0.35976965463333327,0.6402303453666667,0.6100022062659264,0.8772424468333333,0.3484317518333333,0.006886452026666712,,,,,,,,,,,,,ok,0,True
S-add__K-2_C-5_W-10_Col-15,,,add_proj,,,,,,2.0,5.0,10.0,15.0,,,,,,,,,,,,,,,,,,,,,,,,,,,,,,,,,,,,,,,,,,config_only,,False
S-add__K-2_C-5_W-10_Col-15,epoch_0001,1,add_proj,add_proj,0.12,0.08,64,4,2.0,5.0,10.0,15.0,0.0,0.0,0.0,5,False,3|5|7|15,64,64,108,0.0002,8,1,1,0.6936047112147015,0.8565419357199999,0.40747103178666677,0.5925289682133332,0.6936047112147015,0.8565419357199999,0.40747103178666677,0.5925289682133332,0.662855609258016,0.8534119601166665,0.41740327615000006,0.5825967238499999,0.6400662946204345,0.8116078731666666,0.45084215941666667,-0.0003304400266667118,,,,,,,,,,,,,ok,0,True
S-add__K-2_C-5_W-10_Col-15,epoch_0002,2,add_proj,add_proj,0.12,0.08,64,4,2.0,5.0,10.0,15.0,0.0,0.0,0.0,5,False,3|5|7|15,64,64,108,0.0002,8,1,1,0.6962505153020223,0.8509421157466666,0.4136581928266667,0.5863418071733333,0.6962505153020223,0.8509421157466666,0.4136581928266667,0.5863418071733333,0.6660634739200274,0.8476165652999998,0.4229360865166666,0.5770639134833334,0.6444251542290051,0.8058146674166666,0.4785324871666667,-0.0003304400266667118,,,,,,,,,,,,,ok,0,True
S-add__K-2_C-5_W-10_Col-15,epoch_0003,3,add_proj,add_proj,0.12,0.08,64,4,2.0,5.0,10.0,15.0,0.0,0.0,0.0,5,False,3|5|7|15,64,64,108,0.0002,8,1,1,0.6962442385752996,0.84980445016,0.40714059176000006,0.5928594082399999,0.6962442385752996,0.84980445016,0.40714059176000006,0.5928594082399999,0.6661020050942897,0.8465500969333334,0.41617372625,0.58382627375,0.6423971014718215,0.8055161434166667,0.47332897183333333,-0.0003304400266667118,,,,,,,,,,,,,ok,0,True
S-add__K-2_C-5_W-10_Col-15,epoch_0004,4,add_proj,add_proj,0.12,0.08,64,4,2.0,5.0,10.0,15.0,0.0,0.0,0.0,5,False,3|5|7|15,64,64,108,0.0002,8,1,1,0.6991127729415894,0.8436443893066666,0.41648734479999994,0.5835126552000001,0.6991127729415894,0.8436443893066666,0.41648734479999994,0.5835126552000001,0.6697670737902324,0.8401667948166667,0.4255976490666667,0.5744023509333334,0.6463748325904211,0.7958796347499999,0.49768529866666666,-0.0003304400266667118,,,,,,,,,,,,,ok,0,True
S-add__K-2_C-5_W-10_Col-15,epoch_0005,5,add_proj,add_proj,0.12,0.08,64,4,2.0,5.0,10.0,15.0,0.0,0.0,0.0,5,False,3|5|7|15,64,64,108,0.0002,8,1,1,0.6975251918633778,0.8421003972266666,0.41021027367999996,0.58978972632,0.6975251918633778,0.8421003972266666,0.41021027367999996,0.58978972632,0.668247124950091,0.8383545589500001,0.4188875480666666,0.5811124519333334,0.6409736139078934,0.7974624345833334,0.47445681458333333,-0.0003304400266667118,,,,,,,,,,,,,ok,0,True
S-add__K-2_C-5_W-10_Col-15,epoch_0006,6,add_proj,add_proj,0.12,0.08,64,4,2.0,5.0,10.0,15.0,0.0,0.0,0.0,5,False,3|5|7|15,64,64,108,0.0002,8,1,1,0.6972788274685542,0.83348661372,0.41573622928,0.58426377072,0.6972788274685542,0.83348661372,0.41573622928,0.58426377072,0.6687293995916843,0.82980146045,0.4239939378499999,0.57600606215,0.641921016573906,0.7884240979999999,0.47953620916666667,-0.0003304400266667118,,,,,,,,,,,,,ok,0,True
S-add__K-2_C-5_W-10_Col-15,epoch_0007,7,add_proj,add_proj,0.12,0.08,64,4,2.0,5.0,10.0,15.0,0.0,0.0,0.0,5,False,3|5|7|15,64,64,108,0.0002,8,1,1,0.6977877934376399,0.8323169796,0.4191892254533333,0.5808107745466666,0.6977877934376399,0.8323169796,0.4191892254533333,0.5808107745466666,0.6693515135347843,0.8286350898,0.42750021966666657,0.5724997803333334,0.6416632095972696,0.7890535365833333,0.48268298075,-0.0003304400266667118,,,,,,,,,,,,,ok,0,True
S-add__K-2_C-5_W-10_Col-15,epoch_0008,8,add_proj,add_proj,0.12,0.08,64,4,2.0,5.0,10.0,15.0,0.0,0.0,0.0,5,False,3|5|7|15,64,64,108,0.0002,8,1,1,0.698452542622884,0.8268975289333333,0.42453100664000004,0.5754689933599999,0.698452542622884,0.8268975289333333,0.42453100664000004,0.5754689933599999,0.6705302020907403,0.8229512003833334,0.4328738728833333,0.5671261271166668,0.6409963749349117,0.7846732186666667,0.48319110083333333,-0.0003304400266667118,,,,,,,,,,,,,ok,0,True
S-add__K-2_C-5_W-20_Col-0,,,add_proj,,,,,,2.0,5.0,20.0,0.0,,,,,,,,,,,,,,,,,,,,,,,,,,,,,,,,,,,,,,,,,,config_only,,False
S-add__K-2_C-5_W-20_Col-0,epoch_0001,1,add_proj,add_proj,0.12,0.08,64,4,2.0,5.0,20.0,0.0,0.0,0.0,0.0,5,False,3|5|7|15,64,64,108,0.0002,8,1,1,0.6813080775340399,0.8899194292,0.35495159488,0.6450484051200001,0.6813080775340399,0.8899194292,0.35495159488,0.6450484051200001,0.6465247728923956,0.8867618893166668,0.36318446554999995,0.63681553445,0.6095509849488735,0.8760948189166667,0.35534114624999996,-0.011733884813333317,,,,,,,,,,,,,ok,0,True
S-add__K-2_C-5_W-20_Col-0,epoch_0002,2,add_proj,add_proj,0.12,0.08,64,4,2.0,5.0,20.0,0.0,0.0,0.0,0.0,5,False,3|5|7|15,64,64,108,0.0002,8,1,1,0.6821555000146229,0.89372763472,0.3437041246133334,0.6562958753866666,0.6821555000146229,0.89372763472,0.3437041246133334,0.6562958753866666,0.6474460159738858,0.8906683914833332,0.3520027659499999,0.6479972340500001,0.605248216787974,0.8817395700833333,0.34196541933333335,-0.011733884813333317,,,,,,,,,,,,,ok,0,True
S-add__K-2_C-5_W-20_Col-0,epoch_0003,3,add_proj,add_proj,0.12,0.08,64,4,2.0,5.0,20.0,0.0,0.0,0.0,0.0,5,False,3|5|7|15,64,64,108,0.0002,8,1,1,0.68588101653258,0.8947760260533333,0.3432177100666667,0.6567822899333333,0.68588101653258,0.8947760260533333,0.3432177100666667,0.6567822899333333,0.6513740492363771,0.89144326855,0.3528949896666667,0.6471050103333333,0.6138381528357664,0.8801009589166666,0.3569475108333333,-0.011733884813333317,,,,,,,,,,,,,ok,0,True
S-add__K-2_C-5_W-20_Col-0,epoch_0004,4,add_proj,add_proj,0.12,0.08,64,4,2.0,5.0,20.0,0.0,0.0,0.0,0.0,5,False,3|5|7|15,64,64,108,0.0002,8,1,1,0.6888281620343527,0.8886853104133334,0.35269300229333334,0.6473069977066667,0.6888281620343527,0.8886853104133334,0.35269300229333334,0.6473069977066667,0.654945529003938,0.8845728944000001,0.3630019347666667,0.6369980652333334,0.6184799609084924,0.8717642776666666,0.3675230654166667,-0.011733884813333317,,,,,,,,,,,,,ok,0,True
S-add__K-2_C-5_W-20_Col-0,epoch_0005,5,add_proj,add_proj,0.12,0.08,64,4,2.0,5.0,20.0,0.0,0.0,0.0,0.0,5,False,3|5|7|15,64,64,108,0.0002,8,1,1,0.6906813532908758,0.8842135630133333,0.3545099734133333,0.6454900265866668,0.6906813532908758,0.8842135630133333,0.3545099734133333,0.6454900265866668,0.657306366612514,0.8796703199833333,0.36492022455,0.6350797754499999,0.6215467184782029,0.8662417239166667,0.3748142010833333,-0.011733884813333317,,,,,,,,,,,,,ok,0,True
S-add__K-2_C-5_W-20_Col-0,epoch_0006,6,add_proj,add_proj,0.12,0.08,64,4,2.0,5.0,20.0,0.0,0.0,0.0,0.0,5,False,3|5|7|15,64,64,108,0.0002,8,1,1,0.6929382704893748,0.8807079665599999,0.3621834881466666,0.6378165118533334,0.6929382704893748,0.8807079665599999,0.3621834881466666,0.6378165118533334,0.660043616294861,0.8756412643000001,0.3734132378833333,0.6265867621166668,0.6240111750861009,0.8627858853333334,0.3833287405833333,-0.011733884813333317,,,,,,,,,,,,,ok,0,True
S-add__K-2_C-5_W-20_Col-0,epoch_0007,7,add_proj,add_proj,0.12,0.08,64,4,2.0,5.0,20.0,0.0,0.0,0.0,0.0,5,False,3|5|7|15,64,64,108,0.0002,8,1,1,0.6926977753241856,0.8811394076799999,0.36552693348000004,0.63447306652,0.6926977753241856,0.8811394076799999,0.36552693348000004,0.63447306652,0.6596530722081662,0.8760869069833335,0.37702227788333337,0.6229777221166666,0.624012919018666,0.8641886749999999,0.3819395785833334,-0.011733884813333317,,,,,,,,,,,,,ok,0,True
S-add__K-2_C-5_W-20_Col-0,epoch_0008,8,add_proj,add_proj,0.12,0.08,64,4,2.0,5.0,20.0,0.0,0.0,0.0,0.0,5,False,3|5|7|15,64,64,108,0.0002,8,1,1,0.6932948819001515,0.8759992192133333,0.37078881104000005,0.62921118896,0.6932948819001515,0.8759992192133333,0.37078881104000005,0.62921118896,0.6606167283654212,0.8706284415666667,0.38213953278333335,0.6178604672166667,0.6245690320928892,0.8609405697499999,0.38390128183333333,-0.011733884813333317,,,,,,,,,,,,,ok,0,True
S-add__K-2_C-5_W-20_Col-15,,,add_proj,,,,,,2.0,5.0,20.0,15.0,,,,,,,,,,,,,,,,,,,,,,,,,,,,,,,,,,,,,,,,,,config_only,,False
S-add__K-2_C-5_W-20_Col-15,epoch_0001,1,add_proj,add_proj,0.12,0.08,64,4,2.0,5.0,20.0,15.0,0.0,0.0,0.0,5,False,3|5|7|15,64,64,108,0.0002,8,1,1,0.694973432858785,0.8553435619866667,0.4033220853466667,0.5966779146533333,0.694973432858785,0.8553435619866667,0.4033220853466667,0.5966779146533333,0.6639449787139892,0.8516398192166668,0.4124062338499999,0.5875937661500001,0.6433261729776859,0.8108826045833334,0.44921946491666664,0.006000083893333341,,,,,,,,,,,,,ok,0,True
S-add__K-2_C-5_W-20_Col-15,epoch_0002,2,add_proj,add_proj,0.12,0.08,64,4,2.0,5.0,20.0,15.0,0.0,0.0,0.0,5,False,3|5|7|15,64,64,108,0.0002,8,1,1,0.6955985413789749,0.8586128878666668,0.3935107726533334,0.6064892273466667,0.6955985413789749,0.8586128878666668,0.3935107726533334,0.6064892273466667,0.664705823113521,0.8547723448333333,0.40284334448333337,0.5971566555166666,0.6393353715538979,0.8189818670833333,0.44145794149999995,0.006000083893333341,,,,,,,,,,,,,ok,0,True
S-add__K-2_C-5_W-20_Col-15,epoch_0003,3,add_proj,add_proj,0.12,0.08,64,4,2.0,5.0,20.0,15.0,0.0,0.0,0.0,5,False,3|5|7|15,64,64,108,0.0002,8,1,1,0.6981094717582066,0.8447728002666668,0.40932216924000003,0.59067783076,0.6981094717582066,0.8447728002666668,0.40932216924000003,0.59067783076,0.668587774982055,0.8405739433999999,0.41968502553333337,0.5803149744666667,0.6454898496468862,0.8028409486666668,0.46652989375000004,0.006000083893333341,,,,,,,,,,,,,ok,0,True
S-add__K-2_C-5_W-20_Col-15,epoch_0004,4,add_proj,add_proj,0.12,0.08,64,4,2.0,5.0,20.0,15.0,0.0,0.0,0.0,5,False,3|5|7|15,64,64,108,0.0002,8,1,1,0.7002542406320571,0.8294417202933333,0.42240926530666667,0.5775907346933333,0.7002542406320571,0.8294417202933333,0.42240926530666667,0.5775907346933333,0.6720787082612514,0.8247238548166667,0.43255985350000004,0.5674401465,0.6476839105288188,0.7886563928333333,0.4814366423333334,0.006000083893333341,,,,,,,,,,,,,ok,0,True
S-add__K-2_C-5_W-20_Col-15,epoch_0005,5,add_proj,add_proj,0.12,0.08,64,4,2.0,5.0,20.0,15.0,0.0,0.0,0.0,5,False,3|5|7|15,64,64,108,0.0002,8,1,1,0.7014803173542021,0.8220133806133334,0.42921030184000003,0.57078969816,0.7014803173542021,0.8220133806133334,0.42921030184000003,0.57078969816,0.6740340968966485,0.8170942877166667,0.4391605218333333,0.5608394781666667,0.6491174603501956,0.7784538004166667,0.4926811629999999,0.006000083893333341,,,,,,,,,,,,,ok,0,True
S-add__K-2_C-5_W-20_Col-15,epoch_0006,6,add_proj,add_proj,0.12,0.08,64,4,2.0,5.0,20.0,15.0,0.0,0.0,0.0,5,False,3|5|7|15,64,64,108,0.0002,8,1,1,0.7022776312033335,0.8218405063066667,0.42879201730666666,0.5712079826933334,0.7022776312033335,0.8218405063066667,0.42879201730666666,0.5712079826933334,0.675060630540053,0.8169062421666666,0.4385015601,0.5614984399,0.6498161258796851,0.7767295145833334,0.4973665740833333,0.006000083893333341,,,,,,,,,,,,,ok,0,True
S-add__K-2_C-5_W-20_Col-15,epoch_0007,7,add_proj,add_proj,0.12,0.08,64,4,2.0,5.0,20.0,15.0,0.0,0.0,0.0,5,False,3|5|7|15,64,64,108,0.0002,8,1,1,0.7029219369093576,0.8186394856666667,0.43387236364,0.5661276363600001,0.7029219369093576,0.8186394856666667,0.43387236364,0.5661276363600001,0.6762810283899306,0.8137054575666666,0.44389235224999996,0.55610764775,0.6491473908225696,0.7777634739166667,0.4917522940833333,0.006000083893333341,,,,,,,,,,,,,ok,0,True
S-add__K-2_C-5_W-20_Col-15,epoch_0008,8,add_proj,add_proj,0.12,0.08,64,4,2.0,5.0,20.0,15.0,0.0,0.0,0.0,5,False,3|5|7|15,64,64,108,0.0002,8,1,1,0.7029996368487675,0.8095244980933335,0.4401795020266668,0.5598204979733332,0.7029996368487675,0.8095244980933335,0.4401795020266668,0.5598204979733332,0.6771020912627379,0.8042550051166666,0.4501761249999999,0.5498238750000001,0.6494514716168244,0.7691041770833333,0.49477788175000004,0.006000083893333341,,,,,,,,,,,,,ok,0,True
S-add__K-3_C-2_W-10_Col-15,,,add_proj,add_proj,0.12,0.08,64,4,3.0,2.0,10.0,15.0,0.0,0.0,0.0,5,False,3|5|7|15,64,64,32,5e-05,20,1,0.5,,,,,,,,,,,,,,,,,,,,,,,,,,,,,config_only,,False
S-add__K-3_C-2_W-10_Col-15,epoch_0001,1,add_proj,add_proj,0.12,0.08,64,4,3.0,2.0,10.0,15.0,0.0,0.0,0.0,5,False,3|5|7|15,64,64,32,5e-05,20,1,0.5,0.6978223231633504,0.8449237583066666,0.4056629919333334,0.5943370080666666,0.6978223231633504,0.8449237583066666,0.4056629919333334,0.5943370080666666,0.6690186975399652,0.8420073092333332,0.4125688717500001,0.5874311282499999,0.6450442569951216,0.78247033,0.46926657825,0.02369582579999996,,,,,,,,,,,,,ok,0,True
S-add__K-3_C-2_W-10_Col-15,epoch_0002,2,add_proj,add_proj,0.12,0.08,64,4,3.0,2.0,10.0,15.0,0.0,0.0,0.0,5,False,3|5|7|15,64,64,32,5e-05,20,1,0.5,0.70043945145607,0.83313594088,0.4226451138666667,0.5773548861333333,0.70043945145607,0.83313594088,0.4226451138666667,0.5773548861333333,0.6725174005826313,0.8293645534166666,0.43045321414999993,0.5695467858500001,0.6466968707740307,0.7752908768333332,0.48712338399999994,0.02369582579999996,,,,,,,,,,,,,ok,0,True
S-add__K-3_C-2_W-10_Col-15,epoch_0003,3,add_proj,add_proj,0.12,0.08,64,4,3.0,2.0,10.0,15.0,0.0,0.0,0.0,5,False,3|5|7|15,64,64,32,5e-05,20,1,0.5,0.7005441462596258,0.8270861345066666,0.42935881773333334,0.5706411822666666,0.7005441462596258,0.8270861345066666,0.42935881773333334,0.5706411822666666,0.6728696948786577,0.8231762758500001,0.4371789713,0.5628210287,0.646445502837499,0.7721973260833332,0.49220823291666665,0.02369582579999996,,,,,,,,,,,,,ok,0,True
S-add__K-3_C-2_W-10_Col-15,epoch_0004,4,add_proj,add_proj,0.12,0.08,64,4,3.0,2.0,10.0,15.0,0.0,0.0,0.0,5,False,3|5|7|15,64,64,32,5e-05,20,1,0.5,0.7011173570553462,0.8226506784533334,0.43408949732,0.56591050268,0.7011173570553462,0.8226506784533334,0.43408949732,0.56591050268,0.6739010504384835,0.8186997863666667,0.4418524811166667,0.5581475188833334,0.6469249847034614,0.7704170490833333,0.49509429325,0.02369582579999996,,,,,,,,,,,,,ok,0,True
S-add__K-3_C-2_W-10_Col-15,epoch_0005,5,add_proj,add_proj,0.12,0.08,64,4,3.0,2.0,10.0,15.0,0.0,0.0,0.0,5,False,3|5|7|15,64,64,32,5e-05,20,1,0.5,0.701171170671781,0.8202636251466667,0.4361181284800001,0.5638818715199999,0.701171170671781,0.8202636251466667,0.4361181284800001,0.5638818715199999,0.6741730055709679,0.8164004732500001,0.4438700540999999,0.5561299459000001,0.64759123797218,0.7692721889999999,0.49660700516666667,0.02369582579999996,,,,,,,,,,,,,ok,0,True
S-add__K-3_C-2_W-10_Col-15,epoch_0006,6,add_proj,add_proj,0.12,0.08,64,4,3.0,2.0,10.0,15.0,0.0,0.0,0.0,5,False,3|5|7|15,64,64,32,5e-05,20,1,0.5,0.7014987499713896,0.8199246654,0.4359106387866667,0.5640893612133333,0.7014987499713896,0.8199246654,0.4359106387866667,0.5640893612133333,0.6745949105421702,0.8160895462666667,0.4436430605166667,0.5563569394833333,0.6485518909990787,0.7688363533333333,0.4971574605833333,0.02369582579999996,,,,,,,,,,,,,ok,0,True
S-add__K-3_C-2_W-10_Col-15,epoch_0007,7,add_proj,add_proj,0.12,0.08,64,4,3.0,2.0,10.0,15.0,0.0,0.0,0.0,5,False,3|5|7|15,64,64,32,5e-05,20,1,0.5,0.7014590766032538,0.8193528731066665,0.4356769973200001,0.5643230026799999,0.7014590766032538,0.8193528731066665,0.4356769973200001,0.5643230026799999,0.6745338362952074,0.8154864548499999,0.4433048284333333,0.5566951715666667,0.649316651870807,0.76807486,0.4982301975000001,0.02369582579999996,,,,,,,,,,,,,ok,0,True
S-add__K-3_C-2_W-10_Col-15,epoch_0008,8,add_proj,add_proj,0.12,0.08,64,4,3.0,2.0,10.0,15.0,0.0,0.0,0.0,5,False,3|5|7|15,64,64,32,5e-05,20,1,0.5,0.7021274751027425,0.81773373724,0.43740285692,0.56259714308,0.7021274751027425,0.81773373724,0.43740285692,0.56259714308,0.6753981225689252,0.8137866283999999,0.4450035559166666,0.5549964440833334,0.6502457015216351,0.76567256225,0.5024298287500001,0.02369582579999996,,,,,,,,,,,,,ok,0,True
S-add__K-3_C-2_W-10_Col-15,epoch_0009,9,add_proj,add_proj,0.12,0.08,64,4,3.0,2.0,10.0,15.0,0.0,0.0,0.0,5,False,3|5|7|15,64,64,32,5e-05,20,1,0.5,0.7027671574751537,0.8152687251066666,0.44031041812000005,0.55968958188,0.7027671574751537,0.8152687251066666,0.44031041812000005,0.55968958188,0.6764227350552876,0.8114056716833333,0.4478606662,0.5521393338,0.6513472408056259,0.7618441445833333,0.5070081388333334,0.02369582579999996,,,,,,,,,,,,,ok,0,True
S-add__K-3_C-2_W-10_Col-15,epoch_0010,10,add_proj,add_proj,0.12,0.08,64,4,3.0,2.0,10.0,15.0,0.0,0.0,0.0,5,False,3|5|7|15,64,64,32,5e-05,20,1,0.5,0.7034428800741831,0.8143600996399998,0.4421934257866667,0.5578065742133334,0.7034428800741831,0.8143600996399998,0.4421934257866667,0.5578065742133334,0.6772540856401126,0.81043043305,0.4498032403833333,0.5501967596166667,0.6526227854192257,0.7597857153333333,0.5099308771666666,0.02369582579999996,,,,,,,,,,,,,ok,0,True
S-add__K-3_C-2_W-10_Col-15,epoch_0011,11,add_proj,add_proj,0.12,0.08,64,4,3.0,2.0,10.0,15.0,0.0,0.0,0.0,5,False,3|5|7|15,64,64,32,5e-05,20,1,0.5,0.7040185602903367,0.8129431234933332,0.44304708313333335,0.5569529168666667,0.7040185602903367,0.8129431234933332,0.44304708313333335,0.5569529168666667,0.678106442441543,0.8089500443000001,0.4509426590333333,0.5490573409666667,0.6528247190018495,0.75755137325,0.5111901669166666,0.02369582579999996,,,,,,,,,,,,,ok,0,True
S-add__K-3_C-2_W-10_Col-15,epoch_0012,12,add_proj,add_proj,0.12,0.08,64,4,3.0,2.0,10.0,15.0,0.0,0.0,0.0,5,False,3|5|7|15,64,64,32,5e-05,20,1,0.5,0.7042931158939997,0.8103585470133333,0.44288819251999995,0.5571118074800001,0.7042931158939997,0.8103585470133333,0.44288819251999995,0.5571118074800001,0.6784878312051298,0.8061131628333333,0.4509759120333333,0.5490240879666667,0.6522809252142907,0.7553781243333334,0.5056731562500001,0.02369582579999996,,,,,,,,,,,,,ok,0,True
S-add__K-3_C-2_W-10_Col-15,epoch_0013,13,add_proj,add_proj,0.12,0.08,64,4,3.0,2.0,10.0,15.0,0.0,0.0,0.0,5,False,3|5|7|15,64,64,32,5e-05,20,1,0.5,0.7048981204430262,0.80817905936,0.4438742267333333,0.5561257732666667,0.7048981204430262,0.80817905936,0.4438742267333333,0.5561257732666667,0.6793129013478756,0.8038555481833333,0.4521270114999999,0.5478729885000001,0.6531947096188864,0.7541701492500001,0.50466068225,0.02369582579999996,,,,,,,,,,,,,ok,0,True
S-add__K-3_C-2_W-10_Col-15,epoch_0014,14,add_proj,add_proj,0.12,0.08,64,4,3.0,2.0,10.0,15.0,0.0,0.0,0.0,5,False,3|5|7|15,64,64,32,5e-05,20,1,0.5,0.7046169356505075,0.8084038682533332,0.44234825970666664,0.5576517402933334,0.7046169356505075,0.8084038682533332,0.44234825970666664,0.5576517402933334,0.6792118336757024,0.8042087397333333,0.4506258716833333,0.5493741283166667,0.6520931392908096,0.7541124885833334,0.5011598614999999,0.02369582579999996,,,,,,,,,,,,,ok,0,True
S-add__K-3_C-2_W-10_Col-15,epoch_0015,15,add_proj,add_proj,0.12,0.08,64,4,3.0,2.0,10.0,15.0,0.0,0.0,0.0,5,False,3|5|7|15,64,64,32,5e-05,20,1,0.5,0.7040439691940942,0.8068738988133333,0.44384847932,0.5561515206800001,0.7040439691940942,0.8068738988133333,0.44384847932,0.5561515206800001,0.6786763140062492,0.8026213112166667,0.45219791219999983,0.5478020878000002,0.6511178851127625,0.7546602289166666,0.5002901545833333,0.02369582579999996,,,,,,,,,,,,,ok,0,True
S-add__K-3_C-2_W-10_Col-15,epoch_0016,16,add_proj,add_proj,0.12,0.08,64,4,3.0,2.0,10.0,15.0,0.0,0.0,0.0,5,False,3|5|7|15,64,64,32,5e-05,20,1,0.5,0.7029109505017598,0.7967361422666667,0.45166670732,0.54833329268,0.7029109505017598,0.7967361422666667,0.45166670732,0.54833329268,0.6784607257445654,0.7925769222666668,0.45947357715,0.54052642285,0.6523255720734596,0.7463977900000001,0.5033016738333334,0.02369582579999996,,,,,,,,,,,,,ok,0,True
S-add__K-3_C-2_W-10_Col-15,epoch_0017,17,add_proj,add_proj,0.12,0.08,64,4,3.0,2.0,10.0,15.0,0.0,0.0,0.0,5,False,3|5|7|15,64,64,32,5e-05,20,1,0.5,0.7029503583510717,0.791435491,0.4561564187066666,0.5438435812933333,0.7029503583510717,0.791435491,0.4561564187066666,0.5438435812933333,0.6789821985860666,0.78724376135,0.4635182299499999,0.5364817700500001,0.65335600177447,0.7429969390833333,0.5051835496666667,0.02369582579999996,,,,,,,,,,,,,ok,0,True
S-add__K-3_C-2_W-10_Col-15,epoch_0018,18,add_proj,add_proj,0.12,0.08,64,4,3.0,2.0,10.0,15.0,0.0,0.0,0.0,5,False,3|5|7|15,64,64,32,5e-05,20,1,0.5,0.7027251489162445,0.7939085764666668,0.45244316468,0.54755683532,0.7027251489162445,0.7939085764666668,0.45244316468,0.54755683532,0.6784614844123523,0.7896649673,0.45964916275000006,0.5403508372499999,0.6527517447868983,0.7447242535,0.5006780418333334,0.02369582579999996,,,,,,,,,,,,,ok,0,True
S-add__K-3_C-2_W-10_Col-15,epoch_0019,19,add_proj,add_proj,0.12,0.08,64,4,3.0,2.0,10.0,15.0,0.0,0.0,0.0,5,False,3|5|7|15,64,64,32,5e-05,20,1,0.5,0.7029494628111521,0.7966757299199999,0.45081749492,0.54918250508,0.7029494628111521,0.7966757299199999,0.45081749492,0.54918250508,0.6784258950750033,0.7924622249499998,0.45824865405,0.5417513459500001,0.6523075528442859,0.7474401225,0.498689878,0.02369582579999996,,,,,,,,,,,,,ok,0,True
S-add__K-3_C-2_W-10_Col-15,epoch_0020,20,add_proj,add_proj,0.12,0.08,64,4,3.0,2.0,10.0,15.0,0.0,0.0,0.0,5,False,3|5|7|15,64,64,32,5e-05,20,1,0.5,0.7029420464833578,0.7984296862400001,0.44894078307999996,0.55105921692,0.7029420464833578,0.7984296862400001,0.44894078307999996,0.55105921692,0.6783176693320274,0.7942379643166667,0.4564831022333333,0.5435168977666667,0.6522779708107314,0.7489174070833334,0.49746912208333327,0.02369582579999996,,,,,,,,,,,,,ok,0,True
S-add__K-4_C-0_W-10_Col-0,,,add_proj,,,,,,4.0,0.0,10.0,0.0,,,,,,,,,,,,,,,,,,,,,,,,,,,,,,,,,,,,,,,,,,config_only,,False
S-add__K-4_C-0_W-10_Col-0,epoch_0001,1,add_proj,add_proj,0.12,0.08,64,4,4.0,0.0,10.0,0.0,0.0,0.0,0.0,5,False,3|5|7|15,64,64,108,0.0002,8,1,1,0.677106243332227,0.89649353384,0.3305411021333334,0.6694588978666667,0.677106243332227,0.89649353384,0.3305411021333334,0.6694588978666667,0.641622235327959,0.8946212116666666,0.33532173644999996,0.66467826355,0.6023602150380611,0.877402157,0.3334059324166666,-0.004023879613333392,,,,,,,,,,,,,ok,0,True
S-add__K-4_C-0_W-10_Col-0,epoch_0002,2,add_proj,add_proj,0.12,0.08,64,4,4.0,0.0,10.0,0.0,0.0,0.0,0.0,5,False,3|5|7|15,64,64,108,0.0002,8,1,1,0.6791262392203014,0.9011016867866668,0.3270755301466666,0.6729244698533334,0.6791262392203014,0.9011016867866668,0.3270755301466666,0.6729244698533334,0.6431159941355388,0.8989313635833331,0.3332111412166667,0.6667888587833333,0.6048120642701784,0.8845698776666667,0.3288342280833333,-0.004023879613333392,,,,,,,,,,,,,ok,0,True
S-add__K-4_C-0_W-10_Col-0,epoch_0003,3,add_proj,add_proj,0.12,0.08,64,4,4.0,0.0,10.0,0.0,0.0,0.0,0.0,5,False,3|5|7|15,64,64,108,0.0002,8,1,1,0.679455031355222,0.9016133620266668,0.32651722252,0.6734827774800001,0.679455031355222,0.9016133620266668,0.32651722252,0.6734827774800001,0.643291861365239,0.8993147384333333,0.33294023193333333,0.6670597680666667,0.6037176715830963,0.8875396864999998,0.32712327208333336,-0.004023879613333392,,,,,,,,,,,,,ok,0,True
S-add__K-4_C-0_W-10_Col-0,epoch_0004,4,add_proj,add_proj,0.12,0.08,64,4,4.0,0.0,10.0,0.0,0.0,0.0,0.0,5,False,3|5|7|15,64,64,108,0.0002,8,1,1,0.6831834649244943,0.8996303982933336,0.32799173765333334,0.6720082623466667,0.6831834649244943,0.8996303982933336,0.32799173765333334,0.6720082623466667,0.6477637291948001,0.8969802284500001,0.3351553893,0.6648446107,0.6102803833782673,0.8809210450000001,0.34054264808333334,-0.004023879613333392,,,,,,,,,,,,,ok,0,True
S-add__K-4_C-0_W-10_Col-0,epoch_0005,5,add_proj,add_proj,0.12,0.08,64,4,4.0,0.0,10.0,0.0,0.0,0.0,0.0,5,False,3|5|7|15,64,64,108,0.0002,8,1,1,0.6867071523269018,0.8964018803733333,0.3343412266,0.6656587734,0.6867071523269018,0.8964018803733333,0.3343412266,0.6656587734,0.6519153280556201,0.8931028034333334,0.34182196815,0.65817803185,0.6169181140760581,0.8721978645000001,0.353349099,-0.004023879613333392,,,,,,,,,,,,,ok,0,True
S-add__K-4_C-0_W-10_Col-0,epoch_0006,6,add_proj,add_proj,0.12,0.08,64,4,4.0,0.0,10.0,0.0,0.0,0.0,0.0,5,False,3|5|7|15,64,64,108,0.0002,8,1,1,0.6866822500228882,0.89685545772,0.33310437701333334,0.6668956229866667,0.6866822500228882,0.89685545772,0.33310437701333334,0.6668956229866667,0.6519678034385045,0.8936471364166666,0.34073395018333336,0.6592660498166667,0.6160216266910234,0.8727278636666667,0.3467115106666666,-0.004023879613333392,,,,,,,,,,,,,ok,0,True
S-add__K-4_C-0_W-10_Col-0,epoch_0007,7,add_proj,add_proj,0.12,0.08,64,4,4.0,0.0,10.0,0.0,0.0,0.0,0.0,5,False,3|5|7|15,64,64,108,0.0002,8,1,1,0.6865966296990712,0.8960618899866667,0.33724114156,0.6627588584399999,0.6865966296990712,0.8960618899866667,0.33724114156,0.6627588584399999,0.6515909284353258,0.8926509496499999,0.34498245708333336,0.6550175429166667,0.614994315803051,0.8740614146666665,0.3440420249166667,-0.004023879613333392,,,,,,,,,,,,,ok,0,True
S-add__K-4_C-0_W-10_Col-0,epoch_0008,8,add_proj,add_proj,0.12,0.08,64,4,4.0,0.0,10.0,0.0,0.0,0.0,0.0,5,False,3|5|7|15,64,64,108,0.0002,8,1,1,0.6881023630698522,0.8924558547333333,0.3436787860933334,0.6563212139066665,0.6881023630698522,0.8924558547333333,0.3436787860933334,0.6563212139066665,0.6533699498077233,0.888801728,0.3518030922666667,0.6481969077333334,0.6177155320843062,0.8683926748333334,0.3498439160833333,-0.004023879613333392,,,,,,,,,,,,,ok,0,True
S-add__K-4_C-0_W-10_Col-15,,,add_proj,,,,,,4.0,0.0,10.0,15.0,,,,,,,,,,,,,,,,,,,,,,,,,,,,,,,,,,,,,,,,,,config_only,,False
S-add__K-4_C-0_W-10_Col-15,epoch_0001,1,add_proj,add_proj,0.12,0.08,64,4,4.0,0.0,10.0,15.0,0.0,0.0,0.0,5,False,3|5|7|15,64,64,108,0.0002,8,1,1,0.6997094080050786,0.8369686924933333,0.41675073536,0.58324926464,0.6997094080050786,0.8369686924933333,0.41675073536,0.58324926464,0.6712873119612535,0.8340826820666667,0.42397478223333335,0.5760252177666667,0.6469303804139296,0.7831579791666666,0.4822097983333333,-0.001473990733333319,,,,,,,,,,,,,ok,0,True
S-add__K-4_C-0_W-10_Col-15,epoch_0002,2,add_proj,add_proj,0.12,0.08,64,4,4.0,0.0,10.0,15.0,0.0,0.0,0.0,5,False,3|5|7|15,64,64,108,0.0002,8,1,1,0.7010098679860433,0.8312367529999999,0.42035520724000003,0.5796447927599999,0.7010098679860433,0.8312367529999999,0.42035520724000003,0.5796447927599999,0.6730626285076141,0.82767564875,0.4272424744666667,0.5727575255333333,0.6453289282818635,0.7844034400833334,0.4790826284166667,-0.001473990733333319,,,,,,,,,,,,,ok,0,True
S-add__K-4_C-0_W-10_Col-15,epoch_0003,3,add_proj,add_proj,0.12,0.08,64,4,4.0,0.0,10.0,15.0,0.0,0.0,0.0,5,False,3|5|7|15,64,64,108,0.0002,8,1,1,0.7010657897392909,0.83110010792,0.4152767446266667,0.5847232553733333,0.7010657897392909,0.83110010792,0.4152767446266667,0.5847232553733333,0.6732944449285667,0.8277678525166665,0.4220995866333334,0.5779004133666665,0.6439087122678757,0.7883039069166666,0.4728508113333334,-0.001473990733333319,,,,,,,,,,,,,ok,0,True
S-add__K-4_C-0_W-10_Col-15,epoch_0004,4,add_proj,add_proj,0.12,0.08,64,4,4.0,0.0,10.0,15.0,0.0,0.0,0.0,5,False,3|5|7|15,64,64,108,0.0002,8,1,1,0.7043438278039297,0.8142922677466669,0.4374139022933333,0.5625860977066667,0.7043438278039297,0.8142922677466669,0.4374139022933333,0.5625860977066667,0.6787071578701338,0.8107595232166668,0.44461047916666663,0.5553895208333334,0.6489171688755353,0.7675674563333332,0.5093799775833333,-0.001473990733333319,,,,,,,,,,,,,ok,0,True
S-add__K-4_C-0_W-10_Col-15,epoch_0005,5,add_proj,add_proj,0.12,0.08,64,4,4.0,0.0,10.0,15.0,0.0,0.0,0.0,5,False,3|5|7|15,64,64,108,0.0002,8,1,1,0.7036740823189418,0.8054295379733333,0.44281877562666666,0.5571812243733334,0.7036740823189418,0.8054295379733333,0.44281877562666666,0.5571812243733334,0.6788277637461821,0.8015700668166668,0.4501622044166666,0.5498377955833333,0.6484501111010711,0.7607414315000001,0.5035716711666667,-0.001473990733333319,,,,,,,,,,,,,ok,0,True
S-add__K-4_C-0_W-10_Col-15,epoch_0006,6,add_proj,add_proj,0.12,0.08,64,4,4.0,0.0,10.0,15.0,0.0,0.0,0.0,5,False,3|5|7|15,64,64,108,0.0002,8,1,1,0.7048137116829554,0.8046057552133334,0.4440933476400001,0.5559066523599999,0.7048137116829554,0.8046057552133334,0.4440933476400001,0.5559066523599999,0.6800440504650276,0.80073433405,0.45136872946666673,0.5486312705333333,0.6490731087823709,0.7562711795833332,0.5104943039166667,-0.001473990733333319,,,,,,,,,,,,,ok,0,True
S-add__K-4_C-0_W-10_Col-15,epoch_0007,7,add_proj,add_proj,0.12,0.08,64,4,4.0,0.0,10.0,15.0,0.0,0.0,0.0,5,False,3|5|7|15,64,64,108,0.0002,8,1,1,0.7067766803503038,0.8018186035200001,0.44979450461333337,0.5502054953866666,0.7067766803503038,0.8018186035200001,0.44979450461333337,0.5502054953866666,0.6826073051989077,0.7976866830166667,0.45734853400000003,0.5426514659999999,0.6518681978185972,0.7521613824166667,0.515930403,-0.001473990733333319,,,,,,,,,,,,,ok,0,True
S-add__K-4_C-0_W-10_Col-15,epoch_0008,8,add_proj,add_proj,0.12,0.08,64,4,4.0,0.0,10.0,15.0,0.0,0.0,0.0,5,False,3|5|7|15,64,64,108,0.0002,8,1,1,0.7065425762732823,0.7967987070133334,0.4507069931066667,0.5492930068933333,0.7065425762732823,0.7967987070133334,0.4507069931066667,0.5492930068933333,0.6830722903708617,0.7926586503166667,0.4584565806666667,0.5415434193333333,0.6528718533615272,0.7492199780833333,0.51116751025,-0.001473990733333319,,,,,,,,,,,,,ok,0,True
S-add__K-4_C-0_W-20_Col-0,,,add_proj,,,,,,4.0,0.0,20.0,0.0,,,,,,,,,,,,,,,,,,,,,,,,,,,,,,,,,,,,,,,,,,config_only,,False
S-add__K-4_C-0_W-20_Col-0,epoch_0001,1,add_proj,add_proj,0.12,0.08,64,4,4.0,0.0,20.0,0.0,0.0,0.0,0.0,5,False,3|5|7|15,64,64,108,0.0002,8,1,1,0.6866480508645375,0.8892479732933333,0.3483004227066666,0.6516995772933334,0.6866480508645375,0.8892479732933333,0.3483004227066666,0.6516995772933334,0.6524070463577908,0.8867753732166666,0.354597536,0.645402464,0.6215571050842603,0.8575296920833333,0.3689735378333333,-0.005212920506666607,,,,,,,,,,,,,ok,0,True
S-add__K-4_C-0_W-20_Col-0,epoch_0002,2,add_proj,add_proj,0.12,0.08,64,4,4.0,0.0,20.0,0.0,0.0,0.0,0.0,5,False,3|5|7|15,64,64,108,0.0002,8,1,1,0.6859857963323595,0.8934691751733332,0.34382454740000007,0.6561754525999999,0.6859857963323595,0.8934691751733332,0.34382454740000007,0.6561754525999999,0.6510641623040041,0.8909265133666666,0.35077727063333336,0.6492227293666666,0.6159983997543652,0.8732007418333333,0.35116844408333336,-0.005212920506666607,,,,,,,,,,,,,ok,0,True
S-add__K-4_C-0_W-20_Col-0,epoch_0003,3,add_proj,add_proj,0.12,0.08,64,4,4.0,0.0,20.0,0.0,0.0,0.0,0.0,5,False,3|5|7|15,64,64,108,0.0002,8,1,1,0.6881638110478718,0.8939100513466667,0.3430875022,0.6569124978,0.6881638110478718,0.8939100513466667,0.3430875022,0.6569124978,0.6534569237629573,0.8908338669333332,0.35024521889999993,0.6497547811000001,0.6183904804289341,0.8740882216666667,0.35362287825,-0.005212920506666607,,,,,,,,,,,,,ok,0,True
S-add__K-4_C-0_W-20_Col-0,epoch_0004,4,add_proj,add_proj,0.12,0.08,64,4,4.0,0.0,20.0,0.0,0.0,0.0,0.0,5,False,3|5|7|15,64,64,108,0.0002,8,1,1,0.6920757066011428,0.8900835532000001,0.34795466738666664,0.6520453326133333,0.6920757066011428,0.8900835532000001,0.34795466738666664,0.6520453326133333,0.6579457512994609,0.8863617627833336,0.35545449478333335,0.6445455052166666,0.6268688693642617,0.8627254105833333,0.3708502764166666,-0.005212920506666607,,,,,,,,,,,,,ok,0,True
S-add__K-4_C-0_W-20_Col-0,epoch_0005,5,add_proj,add_proj,0.12,0.08,64,4,4.0,0.0,20.0,0.0,0.0,0.0,0.0,5,False,3|5|7|15,64,64,108,0.0002,8,1,1,0.6951313391129175,0.8845170985999999,0.3574625615066666,0.6425374384933333,0.6951313391129175,0.8845170985999999,0.3574625615066666,0.6425374384933333,0.6618850279351076,0.8804351839499999,0.3653679048666666,0.6346320951333334,0.6330625082055727,0.8524205155833334,0.3829305995,-0.005212920506666607,,,,,,,,,,,,,ok,0,True
S-add__K-4_C-0_W-20_Col-0,epoch_0006,6,add_proj,add_proj,0.12,0.08,64,4,4.0,0.0,20.0,0.0,0.0,0.0,0.0,5,False,3|5|7|15,64,64,108,0.0002,8,1,1,0.6963251930077871,0.8820325759999998,0.36080583181333337,0.6391941681866666,0.6963251930077871,0.8820325759999998,0.36080583181333337,0.6391941681866666,0.6633637022972106,0.8778497808500001,0.3690498156666666,0.6309501843333334,0.6344145933787028,0.8485486658333334,0.38323832683333336,-0.005212920506666607,,,,,,,,,,,,,ok,0,True
S-add__K-4_C-0_W-20_Col-0,epoch_0007,7,add_proj,add_proj,0.12,0.08,64,4,4.0,0.0,20.0,0.0,0.0,0.0,0.0,5,False,3|5|7|15,64,64,108,0.0002,8,1,1,0.6972878550688425,0.8780899410666667,0.36651181180000003,0.6334881882,0.6972878550688425,0.8780899410666667,0.36651181180000003,0.6334881882,0.6644932472705841,0.8732881656166667,0.37555333998333335,0.6244466600166667,0.6336301003893217,0.8458598624166666,0.38406389458333334,-0.005212920506666607,,,,,,,,,,,,,ok,0,True
S-add__K-4_C-0_W-20_Col-0,epoch_0008,8,add_proj,add_proj,0.12,0.08,64,4,4.0,0.0,20.0,0.0,0.0,0.0,0.0,5,False,3|5|7|15,64,64,108,0.0002,8,1,1,0.6980517344474793,0.8721291101733333,0.37315525902666663,0.6268447409733333,0.6980517344474793,0.8721291101733333,0.37315525902666663,0.6268447409733333,0.6656495923797291,0.8672282099333334,0.38229060895,0.61770939105,0.6356159816185634,0.8418452350833333,0.38767641941666664,-0.005212920506666607,,,,,,,,,,,,,ok,0,True
S-add__K-4_C-0_W-20_Col-15,,,add_proj,,,,,,4.0,0.0,20.0,15.0,,,,,,,,,,,,,,,,,,,,,,,,,,,,,,,,,,,,,,,,,,config_only,,False
S-add__K-4_C-0_W-20_Col-15,epoch_0001,1,add_proj,add_proj,0.12,0.08,64,4,4.0,0.0,20.0,15.0,0.0,0.0,0.0,5,False,3|5|7|15,64,64,108,0.0002,8,1,1,0.7004766039450964,0.8241011027599999,0.42528953922666657,0.5747104607733334,0.7004766039450964,0.8241011027599999,0.42528953922666657,0.5747104607733334,0.6736486656963826,0.8213314593,0.43175406999999993,0.56824593,0.6470993685225646,0.7737624827499999,0.47823784050000007,0.028063299173333445,,,,,,,,,,,,,ok,0,True
S-add__K-4_C-0_W-20_Col-15,epoch_0002,2,add_proj,add_proj,0.12,0.08,64,4,4.0,0.0,20.0,15.0,0.0,0.0,0.0,5,False,3|5|7|15,64,64,108,0.0002,8,1,1,0.7038277224302292,0.7977702965066668,0.45057799784,0.54942200216,0.7038277224302292,0.7977702965066668,0.45057799784,0.54942200216,0.6808119896550973,0.7948778524,0.45760868740000005,0.5423913126,0.6533036058147749,0.7580434958333334,0.5097463872500001,0.028063299173333445,,,,,,,,,,,,,ok,0,True
S-add__K-4_C-0_W-20_Col-15,epoch_0003,3,add_proj,add_proj,0.12,0.08,64,4,4.0,0.0,20.0,15.0,0.0,0.0,0.0,5,False,3|5|7|15,64,64,108,0.0002,8,1,1,0.7051472810506821,0.7911530120266665,0.4533528384,0.5466471615999999,0.7051472810506821,0.7911530120266665,0.4533528384,0.5466471615999999,0.6826889200508595,0.7875573397333333,0.46052756483333335,0.5394724351666667,0.6551570390661557,0.7488748220000001,0.5146917741666667,0.028063299173333445,,,,,,,,,,,,,ok,0,True
S-add__K-4_C-0_W-20_Col-15,epoch_0004,4,add_proj,add_proj,0.12,0.08,64,4,4.0,0.0,20.0,15.0,0.0,0.0,0.0,5,False,3|5|7|15,64,64,108,0.0002,8,1,1,0.7057158573468527,0.7805764077333334,0.46455274090666654,0.5354472590933335,0.7057158573468527,0.7805764077333334,0.46455274090666654,0.5354472590933335,0.6845698806643487,0.7766249353833334,0.4716977884666667,0.5283022115333333,0.6561603503922622,0.7415132742500001,0.5159387561666666,0.028063299173333445,,,,,,,,,,,,,ok,0,True
S-add__K-4_C-0_W-20_Col-15,epoch_0005,5,add_proj,add_proj,0.12,0.08,64,4,4.0,0.0,20.0,15.0,0.0,0.0,0.0,5,False,3|5|7|15,64,64,108,0.0002,8,1,1,0.7070416220029193,0.7756863339600001,0.4707171052533333,0.5292828947466667,0.7070416220029193,0.7756863339600001,0.4707171052533333,0.5292828947466667,0.6866087250908217,0.771815382,0.47778530334999997,0.5222146966500001,0.6571144829193751,0.7351802860833333,0.526893887,0.028063299173333445,,,,,,,,,,,,,ok,0,True
S-add__K-4_C-0_W-20_Col-15,epoch_0006,6,add_proj,add_proj,0.12,0.08,64,4,4.0,0.0,20.0,15.0,0.0,0.0,0.0,5,False,3|5|7|15,64,64,108,0.0002,8,1,1,0.7086829655567805,0.7726622741200001,0.4744913059066667,0.5255086940933333,0.7086829655567805,0.7726622741200001,0.4744913059066667,0.5255086940933333,0.6885173206031323,0.7686769008833332,0.4815718571166666,0.5184281428833334,0.6588111862540245,0.7262722476666668,0.53702757825,0.028063299173333445,,,,,,,,,,,,,ok,0,True
S-add__K-4_C-0_W-20_Col-15,epoch_0007,7,add_proj,add_proj,0.12,0.08,64,4,4.0,0.0,20.0,15.0,0.0,0.0,0.0,5,False,3|5|7|15,64,64,108,0.0002,8,1,1,0.7116304239432018,0.7744962024133334,0.47196470564000004,0.52803529436,0.7116304239432018,0.7744962024133334,0.47196470564000004,0.52803529436,0.6916031442085903,0.7702083042333334,0.4794917868666668,0.5205082131333332,0.6602823485930761,0.7276564590833333,0.5293074072499999,0.028063299173333445,,,,,,,,,,,,,ok,0,True
S-add__K-4_C-0_W-20_Col-15,epoch_0008,8,add_proj,add_proj,0.12,0.08,64,4,4.0,0.0,20.0,15.0,0.0,0.0,0.0,5,False,3|5|7|15,64,64,108,0.0002,8,1,1,0.7106679376363754,0.7693168594666667,0.47576754062666665,0.5242324593733334,0.7106679376363754,0.7693168594666667,0.47576754062666665,0.5242324593733334,0.6911881233751774,0.76495690915,0.4835168317666666,0.5164831682333334,0.6601257925232251,0.7244326788333333,0.5283731433333333,0.028063299173333445,,,,,,,,,,,,,ok,0,True
S-add__K-4_C-2_W-10_Col-0,,,add_proj,,,,,,4.0,2.0,10.0,0.0,,,,,,,,,,,,,,,,,,,,,,,,,,,,,,,,,,,,,,,,,,config_only,,False
S-add__K-4_C-2_W-10_Col-0,epoch_0001,1,add_proj,add_proj,0.12,0.08,64,4,4.0,2.0,10.0,0.0,0.0,0.0,0.0,5,False,3|5|7|15,64,64,108,0.0002,8,1,1,0.672086059808731,0.8966904565466666,0.33616307383999994,0.6638369261600001,0.672086059808731,0.8966904565466666,0.33616307383999994,0.6638369261600001,0.636015420158704,0.8950287014499999,0.3402002876833333,0.6597997123166667,0.5902883164584637,0.8873398499166667,0.3220626011666667,-0.01276444206666666,,,,,,,,,,,,,ok,0,True
S-add__K-4_C-2_W-10_Col-0,epoch_0002,2,add_proj,add_proj,0.12,0.08,64,4,4.0,2.0,10.0,0.0,0.0,0.0,0.0,5,False,3|5|7|15,64,64,108,0.0002,8,1,1,0.6759448972543081,0.9023392990000001,0.31869409541333327,0.6813059045866667,0.6759448972543081,0.9023392990000001,0.31869409541333327,0.6813059045866667,0.6400355977813403,0.9005136385666667,0.3250081904666667,0.6749918095333334,0.5960766432185968,0.8897280590833334,0.31940300825,-0.01276444206666666,,,,,,,,,,,,,ok,0,True
S-add__K-4_C-2_W-10_Col-0,epoch_0003,3,add_proj,add_proj,0.12,0.08,64,4,4.0,2.0,10.0,0.0,0.0,0.0,0.0,5,False,3|5|7|15,64,64,108,0.0002,8,1,1,0.676974471529325,0.9022200537866667,0.3233986317733333,0.6766013682266667,0.676974471529325,0.9022200537866667,0.3233986317733333,0.6766013682266667,0.6409574903547763,0.90008343915,0.3304466459166666,0.6695533540833334,0.5981643460690974,0.8893546149166667,0.32236505433333335,-0.01276444206666666,,,,,,,,,,,,,ok,0,True
S-add__K-4_C-2_W-10_Col-0,epoch_0004,4,add_proj,add_proj,0.12,0.08,64,4,4.0,2.0,10.0,0.0,0.0,0.0,0.0,5,False,3|5|7|15,64,64,108,0.0002,8,1,1,0.6799693045218786,0.9013858395866666,0.32480347216,0.6751965278400001,0.6799693045218786,0.9013858395866666,0.32480347216,0.6751965278400001,0.6443762423098087,0.898869959,0.3327880449,0.6672119551,0.6028756834566593,0.8861043264999999,0.331229261,-0.01276444206666666,,,,,,,,,,,,,ok,0,True
S-add__K-4_C-2_W-10_Col-0,epoch_0005,5,add_proj,add_proj,0.12,0.08,64,4,4.0,2.0,10.0,0.0,0.0,0.0,0.0,5,False,3|5|7|15,64,64,108,0.0002,8,1,1,0.6822753847837447,0.8981934769333334,0.32994772909333336,0.6700522709066666,0.6822753847837447,0.8981934769333334,0.32994772909333336,0.6700522709066666,0.6470758399864038,0.8950181579333334,0.3382087297666666,0.6617912702333334,0.6070232053597768,0.8797130956666666,0.33734405575,-0.01276444206666666,,,,,,,,,,,,,ok,0,True
S-add__K-4_C-2_W-10_Col-0,epoch_0006,6,add_proj,add_proj,0.12,0.08,64,4,4.0,2.0,10.0,0.0,0.0,0.0,0.0,5,False,3|5|7|15,64,64,108,0.0002,8,1,1,0.6825601687431334,0.8994386243466667,0.32764052390666665,0.6723594760933334,0.6825601687431334,0.8994386243466667,0.32764052390666665,0.6723594760933334,0.6472093613942465,0.8963423672166668,0.3357341529833334,0.6642658470166666,0.6077841398616631,0.8807625030833334,0.33722828241666664,-0.01276444206666666,,,,,,,,,,,,,ok,0,True
S-add__K-4_C-2_W-10_Col-0,epoch_0007,7,add_proj,add_proj,0.12,0.08,64,4,4.0,2.0,10.0,0.0,0.0,0.0,0.0,5,False,3|5|7|15,64,64,108,0.0002,8,1,1,0.68145167807738,0.9009755434266666,0.32638328478666667,0.6736167152133333,0.68145167807738,0.9009755434266666,0.32638328478666667,0.6736167152133333,0.645685330182314,0.8981245020833333,0.3344362086666667,0.6655637913333333,0.6046797019739947,0.8853160659166666,0.3319585146666667,-0.01276444206666666,,,,,,,,,,,,,ok,0,True
S-add__K-4_C-2_W-10_Col-0,epoch_0008,8,add_proj,add_proj,0.12,0.08,64,4,4.0,2.0,10.0,0.0,0.0,0.0,0.0,5,False,3|5|7|15,64,64,108,0.0002,8,1,1,0.6822509959936142,0.8987380467466667,0.3332729495466667,0.6667270504533334,0.6822509959936142,0.8987380467466667,0.3332729495466667,0.6667270504533334,0.6466921429336072,0.8956841346500001,0.34155799238333334,0.6584420076166666,0.604917524755001,0.8833332898333334,0.3334679606666667,-0.01276444206666666,,,,,,,,,,,,,ok,0,True
S-add__K-4_C-2_W-10_Col-15,,,add_proj,,,,,,4.0,2.0,10.0,15.0,,,,,,,,,,,,,,,,,,,,,,,,,,,,,,,,,,,,,,,,,,config_only,,False
S-add__K-4_C-2_W-10_Col-15,epoch_0001,1,add_proj,add_proj,0.12,0.08,64,4,4.0,2.0,10.0,15.0,0.0,0.0,0.0,5,False,3|5|7|15,64,64,108,0.0002,8,1,1,0.6940095643202463,0.8604266902133334,0.3944652813733333,0.6055347186266666,0.6940095643202463,0.8604266902133334,0.3944652813733333,0.6055347186266666,0.6629810711741448,0.8577721370499999,0.4026321997,0.5973678003,0.6412513638536135,0.8126907805000001,0.45696100549999996,0.014352232080000027,,,,,,,,,,,,,ok,0,True
S-add__K-4_C-2_W-10_Col-15,epoch_0002,2,add_proj,add_proj,0.12,0.08,64,4,4.0,2.0,10.0,15.0,0.0,0.0,0.0,5,False,3|5|7|15,64,64,108,0.0002,8,1,1,0.6948211731910706,0.8556181134,0.3966996895866666,0.6033003104133334,0.6948211731910706,0.8556181134,0.3966996895866666,0.6033003104133334,0.6642191376288731,0.8526529096333334,0.40485456031666667,0.5951454396833333,0.6405674499770005,0.8122957163333333,0.4514129838333333,0.014352232080000027,,,,,,,,,,,,,ok,0,True
S-add__K-4_C-2_W-10_Col-15,epoch_0003,3,add_proj,add_proj,0.12,0.08,64,4,4.0,2.0,10.0,15.0,0.0,0.0,0.0,5,False,3|5|7|15,64,64,108,0.0002,8,1,1,0.6985085186163584,0.8440482799866668,0.40881751345333334,0.5911824865466666,0.6985085186163584,0.8440482799866668,0.40881751345333334,0.5911824865466666,0.6691664681831996,0.8405534223333333,0.4177338630333334,0.5822661369666666,0.6460736873249213,0.7967576298333332,0.47795475575000007,0.014352232080000027,,,,,,,,,,,,,ok,0,True
S-add__K-4_C-2_W-10_Col-15,epoch_0004,4,add_proj,add_proj,0.12,0.08,64,4,4.0,2.0,10.0,15.0,0.0,0.0,0.0,5,False,3|5|7|15,64,64,108,0.0002,8,1,1,0.698593332529068,0.84208278188,0.40904905727999996,0.59095094272,0.698593332529068,0.84208278188,0.40904905727999996,0.59095094272,0.669273455341657,0.8386352019000001,0.41764266080000007,0.5823573391999999,0.6443511731922626,0.7966092861666667,0.47704385558333334,0.014352232080000027,,,,,,,,,,,,,ok,0,True
S-add__K-4_C-2_W-10_Col-15,epoch_0005,5,add_proj,add_proj,0.12,0.08,64,4,4.0,2.0,10.0,15.0,0.0,0.0,0.0,5,False,3|5|7|15,64,64,108,0.0002,8,1,1,0.6991256942749025,0.8319157077999999,0.4177843908400001,0.5822156091599999,0.6991256942749025,0.8319157077999999,0.4177843908400001,0.5822156091599999,0.6707686632871629,0.8280158482,0.4264098683333334,0.5735901316666666,0.6442847179869811,0.78541045125,0.48185274833333325,0.014352232080000027,,,,,,,,,,,,,ok,0,True
S-add__K-4_C-2_W-10_Col-15,epoch_0006,6,add_proj,add_proj,0.12,0.08,64,4,4.0,2.0,10.0,15.0,0.0,0.0,0.0,5,False,3|5|7|15,64,64,108,0.0002,8,1,1,0.6996981966495516,0.8340188781866666,0.41651902128,0.5834809787199999,0.6996981966495516,0.8340188781866666,0.41651902128,0.5834809787199999,0.6710563931862513,0.8301891319333334,0.4249188191166667,0.5750811808833334,0.6444978594779969,0.7854000957499999,0.48606887641666674,0.014352232080000027,,,,,,,,,,,,,ok,0,True
S-add__K-4_C-2_W-10_Col-15,epoch_0007,7,add_proj,add_proj,0.12,0.08,64,4,4.0,2.0,10.0,15.0,0.0,0.0,0.0,5,False,3|5|7|15,64,64,108,0.0002,8,1,1,0.7003609515825907,0.8337740547333334,0.4177166068133333,0.5822833931866667,0.7003609515825907,0.8337740547333334,0.4177166068133333,0.5822833931866667,0.6718824943900109,0.8297362959000001,0.42639053618333334,0.5736094638166667,0.6443956854442755,0.7843990719166666,0.48438748483333327,0.014352232080000027,,,,,,,,,,,,,ok,0,True
S-add__K-4_C-2_W-10_Col-15,epoch_0008,8,add_proj,add_proj,0.12,0.08,64,4,4.0,2.0,10.0,15.0,0.0,0.0,0.0,5,False,3|5|7|15,64,64,108,0.0002,8,1,1,0.700724107424418,0.8273896706266666,0.42178492079999996,0.5782150792,0.700724107424418,0.8273896706266666,0.42178492079999996,0.5782150792,0.6728121334314345,0.8232141003000001,0.4304657575833334,0.5695342424166666,0.6452097068230311,0.7780392288333334,0.48466064433333333,0.014352232080000027,,,,,,,,,,,,,ok,0,True
S-add__K-4_C-2_W-20_Col-0,,,add_proj,,,,,,4.0,2.0,20.0,0.0,,,,,,,,,,,,,,,,,,,,,,,,,,,,,,,,,,,,,,,,,,config_only,,False
S-add__K-4_C-2_W-20_Col-0,epoch_0001,1,add_proj,add_proj,0.12,0.08,64,4,4.0,2.0,20.0,0.0,0.0,0.0,0.0,5,False,3|5|7|15,64,64,108,0.0002,8,1,1,0.6796922950744628,0.8943284048933333,0.3436964676,0.6563035324,0.6796922950744628,0.8943284048933333,0.3436964676,0.6563035324,0.6443569964170456,0.891873776066667,0.349885734,0.650114266,0.6073611239592234,0.8779691445833333,0.34282498325,-0.008775479173333267,,,,,,,,,,,,,ok,0,True
S-add__K-4_C-2_W-20_Col-0,epoch_0002,2,add_proj,add_proj,0.12,0.08,64,4,4.0,2.0,20.0,0.0,0.0,0.0,0.0,5,False,3|5|7|15,64,64,108,0.0002,8,1,1,0.6818092348178227,0.8989064139200003,0.33714348753333334,0.6628565124666667,0.6818092348178227,0.8989064139200003,0.33714348753333334,0.6628565124666667,0.6462184572716553,0.8963985543999999,0.3451088310333333,0.6548911689666668,0.6094825431704521,0.8845489800833333,0.3422742438333334,-0.008775479173333267,,,,,,,,,,,,,ok,0,True
S-add__K-4_C-2_W-20_Col-0,epoch_0003,3,add_proj,add_proj,0.12,0.08,64,4,4.0,2.0,20.0,0.0,0.0,0.0,0.0,5,False,3|5|7|15,64,64,108,0.0002,8,1,1,0.6829876788854599,0.8987805511866667,0.33492098842666673,0.6650790115733333,0.6829876788854599,0.8987805511866667,0.33492098842666673,0.6650790115733333,0.6475488615532716,0.8961667429,0.3429864038666667,0.6570135961333333,0.6099255532026291,0.8858300871666666,0.3413264394166667,-0.008775479173333267,,,,,,,,,,,,,ok,0,True
S-add__K-4_C-2_W-20_Col-0,epoch_0004,4,add_proj,add_proj,0.12,0.08,64,4,4.0,2.0,20.0,0.0,0.0,0.0,0.0,5,False,3|5|7|15,64,64,108,0.0002,8,1,1,0.6875260118246079,0.8934742627466667,0.34322694408000004,0.65677305592,0.6875260118246079,0.8934742627466667,0.34322694408000004,0.65677305592,0.6529362660149733,0.88994481345,0.35221689240000004,0.6477831076,0.6179467720290025,0.8753194843333334,0.35871611858333335,-0.008775479173333267,,,,,,,,,,,,,ok,0,True
S-add__K-4_C-2_W-20_Col-0,epoch_0005,5,add_proj,add_proj,0.12,0.08,64,4,4.0,2.0,20.0,0.0,0.0,0.0,0.0,5,False,3|5|7|15,64,64,108,0.0002,8,1,1,0.690847555200259,0.8893545552400001,0.34897101892000004,0.65102898108,0.690847555200259,0.8893545552400001,0.34897101892000004,0.65102898108,0.656894421428442,0.8851582303166667,0.35822431521666664,0.6417756847833334,0.6230166013042131,0.8676775670833332,0.37052988308333334,-0.008775479173333267,,,,,,,,,,,,,ok,0,True
S-add__K-4_C-2_W-20_Col-0,epoch_0006,6,add_proj,add_proj,0.12,0.08,64,4,4.0,2.0,20.0,0.0,0.0,0.0,0.0,5,False,3|5|7|15,64,64,108,0.0002,8,1,1,0.6921044863859812,0.8877663321599999,0.35194133912,0.6480586608800001,0.6921044863859812,0.8877663321599999,0.35194133912,0.6480586608800001,0.6584561676780383,0.8834739316499999,0.3616774623833333,0.6383225376166667,0.6239770111938318,0.8647742259166666,0.3695286735,-0.008775479173333267,,,,,,,,,,,,,ok,0,True
S-add__K-4_C-2_W-20_Col-0,epoch_0007,7,add_proj,add_proj,0.12,0.08,64,4,4.0,2.0,20.0,0.0,0.0,0.0,0.0,5,False,3|5|7|15,64,64,108,0.0002,8,1,1,0.6923912918170292,0.8861274594399999,0.35793331737333334,0.6420666826266667,0.6923912918170292,0.8861274594399999,0.35793331737333334,0.6420666826266667,0.6587785430252552,0.8817758227333332,0.36800661560000003,0.6319933844,0.6244140699505806,0.8644801699166667,0.37144291858333334,-0.008775479173333267,,,,,,,,,,,,,ok,0,True
S-add__K-4_C-2_W-20_Col-0,epoch_0008,8,add_proj,add_proj,0.12,0.08,64,4,4.0,2.0,20.0,0.0,0.0,0.0,0.0,5,False,3|5|7|15,64,64,108,0.0002,8,1,1,0.6930089413324991,0.8825196208133333,0.3617914324933333,0.6382085675066667,0.6930089413324991,0.8825196208133333,0.3617914324933333,0.6382085675066667,0.6596062896649043,0.87780993555,0.37193748503333335,0.6280625149666667,0.6243466220796108,0.8619297666666665,0.3726489070833333,-0.008775479173333267,,,,,,,,,,,,,ok,0,True
S-add__K-4_C-2_W-20_Col-15,,,add_proj,,,,,,4.0,2.0,20.0,15.0,,,,,,,,,,,,,,,,,,,,,,,,,,,,,,,,,,,,,,,,,,config_only,,False
S-add__K-4_C-2_W-20_Col-15,epoch_0001,1,add_proj,add_proj,0.12,0.08,64,4,4.0,2.0,20.0,15.0,0.0,0.0,0.0,5,False,3|5|7|15,64,64,108,0.0002,8,1,1,0.6934540472825368,0.8616198602933335,0.38893453556,0.61106546444,0.6934540472825368,0.8616198602933335,0.38893453556,0.61106546444,0.6617762266596159,0.8585928198999999,0.3962331569166667,0.6037668430833333,0.6358035621543725,0.8219691723333333,0.42897687675000007,0.014384436466666595,,,,,,,,,,,,,ok,0,True
S-add__K-4_C-2_W-20_Col-15,epoch_0002,2,add_proj,add_proj,0.12,0.08,64,4,4.0,2.0,20.0,15.0,0.0,0.0,0.0,5,False,3|5|7|15,64,64,108,0.0002,8,1,1,0.6945869766076406,0.8579741691999999,0.38579527405333336,0.6142047259466666,0.6945869766076406,0.8579741691999999,0.38579527405333336,0.6142047259466666,0.6636643699804942,0.8546374401000001,0.39365909131666665,0.6063409086833333,0.6362229367097219,0.8194332275833334,0.43146937025,0.014384436466666595,,,,,,,,,,,,,ok,0,True
S-add__K-4_C-2_W-20_Col-15,epoch_0003,3,add_proj,add_proj,0.12,0.08,64,4,4.0,2.0,20.0,15.0,0.0,0.0,0.0,5,False,3|5|7|15,64,64,108,0.0002,8,1,1,0.698235069712003,0.8431793763333334,0.4033189720266666,0.5966810279733334,0.698235069712003,0.8431793763333334,0.4033189720266666,0.5966810279733334,0.6689092632631461,0.8393985092499999,0.41198514514999995,0.58801485485,0.642755717287461,0.8029568858333334,0.4602433971666667,0.014384436466666595,,,,,,,,,,,,,ok,0,True
S-add__K-4_C-2_W-20_Col-15,epoch_0004,4,add_proj,add_proj,0.12,0.08,64,4,4.0,2.0,20.0,15.0,0.0,0.0,0.0,5,False,3|5|7|15,64,64,108,0.0002,8,1,1,0.7016886312166849,0.8259392752933333,0.4227963207466667,0.5772036792533333,0.7016886312166849,0.8259392752933333,0.4227963207466667,0.5772036792533333,0.6740861888726551,0.8211639332833333,0.43190288578333325,0.5680971142166668,0.6477854686478773,0.7842945713333332,0.4785632928333333,0.014384436466666595,,,,,,,,,,,,,ok,0,True
S-add__K-4_C-2_W-20_Col-15,epoch_0005,5,add_proj,add_proj,0.12,0.08,64,4,4.0,2.0,20.0,15.0,0.0,0.0,0.0,5,False,3|5|7|15,64,64,108,0.0002,8,1,1,0.7035218828121821,0.8194943809333333,0.43015581500000005,0.569844185,0.7035218828121821,0.8194943809333333,0.43015581500000005,0.569844185,0.6766988753775757,0.8145137358166668,0.43907083956666665,0.5609291604333333,0.6499959667523703,0.7753546634166666,0.4934125323333333,0.014384436466666595,,,,,,,,,,,,,ok,0,True
S-add__K-4_C-2_W-20_Col-15,epoch_0006,6,add_proj,add_proj,0.12,0.08,64,4,4.0,2.0,20.0,15.0,0.0,0.0,0.0,5,False,3|5|7|15,64,64,108,0.0002,8,1,1,0.7050814354817072,0.8134097416266667,0.43841755988000003,0.56158244012,0.7050814354817072,0.8134097416266667,0.43841755988000003,0.56158244012,0.6789583856364092,0.8082513993499999,0.44746735825000006,0.5525326417499999,0.652230371783177,0.76710703425,0.5053069171666668,0.014384436466666595,,,,,,,,,,,,,ok,0,True
S-add__K-4_C-2_W-20_Col-15,epoch_0007,7,add_proj,add_proj,0.12,0.08,64,4,4.0,2.0,20.0,15.0,0.0,0.0,0.0,5,False,3|5|7|15,64,64,108,0.0002,8,1,1,0.7056663542985916,0.8095545491066667,0.4431285339066667,0.5568714660933334,0.7056663542985916,0.8095545491066667,0.4431285339066667,0.5568714660933334,0.680058366904656,0.8042609730666668,0.45259102301666665,0.5474089769833334,0.6525101403395335,0.7644964198333334,0.5020480508333334,0.014384436466666595,,,,,,,,,,,,,ok,0,True
S-add__K-4_C-2_W-20_Col-15,epoch_0008,8,add_proj,add_proj,0.12,0.08,64,4,4.0,2.0,20.0,15.0,0.0,0.0,0.0,5,False,3|5|7|15,64,64,108,0.0002,8,1,1,0.7053318028450013,0.8033778772666667,0.44462616996000004,0.55537383004,0.7053318028450013,0.8033778772666667,0.44462616996000004,0.55537383004,0.6803491456309955,0.7979719214333332,0.45394964083333333,0.5460503591666667,0.6512442765136559,0.7600111281666666,0.4977005408333333,0.014384436466666595,,,,,,,,,,,,,ok,0,True
S-add__K-4_C-5_W-10_Col-0,,,add_proj,,,,,,4.0,5.0,10.0,0.0,,,,,,,,,,,,,,,,,,,,,,,,,,,,,,,,,,,,,,,,,,config_only,,False
S-add__K-4_C-5_W-10_Col-0,epoch_0001,1,add_proj,add_proj,0.12,0.08,64,4,4.0,5.0,10.0,0.0,0.0,0.0,0.0,5,False,3|5|7|15,64,64,108,0.0002,8,1,1,0.6734924392700194,0.8943065831466668,0.3436835607733333,0.6563164392266667,0.6734924392700194,0.8943065831466668,0.3436835607733333,0.6563164392266667,0.6384525574247042,0.8926295346666666,0.3488344911333333,0.6511655088666667,0.5914251856505871,0.8885540092499999,0.3222790640833333,-0.011909005933333272,,,,,,,,,,,,,ok,0,True
S-add__K-4_C-5_W-10_Col-0,epoch_0002,2,add_proj,add_proj,0.12,0.08,64,4,4.0,5.0,10.0,0.0,0.0,0.0,0.0,5,False,3|5|7|15,64,64,108,0.0002,8,1,1,0.6753675887187324,0.8950759345066668,0.3405593041066667,0.6594406958933333,0.6753675887187324,0.8950759345066668,0.3405593041066667,0.6594406958933333,0.6403321906427542,0.8928445448333333,0.34629024718333334,0.6537097528166667,0.595361342281103,0.8879781953333334,0.32511213233333336,-0.011909005933333272,,,,,,,,,,,,,ok,0,True
S-add__K-4_C-5_W-10_Col-0,epoch_0003,3,add_proj,add_proj,0.12,0.08,64,4,4.0,5.0,10.0,0.0,0.0,0.0,0.0,5,False,3|5|7|15,64,64,108,0.0002,8,1,1,0.6785194447835287,0.8973383848266668,0.33177455484,0.66822544516,0.6785194447835287,0.8973383848266668,0.33177455484,0.66822544516,0.64374963114659,0.8947246929,0.3394612869833333,0.6605387130166667,0.6011757142841816,0.88770887275,0.32804984383333335,-0.011909005933333272,,,,,,,,,,,,,ok,0,True
S-add__K-4_C-5_W-10_Col-0,epoch_0004,4,add_proj,add_proj,0.12,0.08,64,4,4.0,5.0,10.0,0.0,0.0,0.0,0.0,5,False,3|5|7|15,64,64,108,0.0002,8,1,1,0.6792163632710775,0.8992593101599999,0.3298029098533333,0.6701970901466667,0.6792163632710775,0.8992593101599999,0.3298029098533333,0.6701970901466667,0.6440614794691404,0.8965380705500001,0.33817398043333335,0.6618260195666666,0.6048808587094148,0.8845981905833334,0.3334166634166667,-0.011909005933333272,,,,,,,,,,,,,ok,0,True
S-add__K-4_C-5_W-10_Col-0,epoch_0005,5,add_proj,add_proj,0.12,0.08,64,4,4.0,5.0,10.0,0.0,0.0,0.0,0.0,5,False,3|5|7|15,64,64,108,0.0002,8,1,1,0.6788018217086793,0.9000815133066666,0.32743589490666664,0.6725641050933333,0.6788018217086793,0.9000815133066666,0.32743589490666664,0.6725641050933333,0.6432210849722226,0.897469718,0.33549137498333337,0.6645086250166666,0.6022986747324467,0.8856247005,0.3284807090833334,-0.011909005933333272,,,,,,,,,,,,,ok,0,True
S-add__K-4_C-5_W-10_Col-0,epoch_0006,6,add_proj,add_proj,0.12,0.08,64,4,4.0,5.0,10.0,0.0,0.0,0.0,0.0,5,False,3|5|7|15,64,64,108,0.0002,8,1,1,0.6787395028670631,0.8989514343733331,0.3269073946,0.6730926053999999,0.6787395028670631,0.8989514343733331,0.3269073946,0.6730926053999999,0.6434008670349917,0.8964340256,0.33415024691666667,0.6658497530833334,0.6018874155978362,0.8843404584999999,0.3279398715833334,-0.011909005933333272,,,,,,,,,,,,,ok,0,True
S-add__K-4_C-5_W-10_Col-0,epoch_0007,7,add_proj,add_proj,0.12,0.08,64,4,4.0,5.0,10.0,0.0,0.0,0.0,0.0,5,False,3|5|7|15,64,64,108,0.0002,8,1,1,0.6779340470631918,0.9007344571866667,0.32311827617333333,0.6768817238266667,0.6779340470631918,0.9007344571866667,0.32311827617333333,0.6768817238266667,0.6422348181406659,0.8983324042166668,0.3303543232,0.6696456768,0.5997318873802822,0.8863383640833333,0.3247540335833333,-0.011909005933333272,,,,,,,,,,,,,ok,0,True
S-add__K-4_C-5_W-10_Col-0,epoch_0008,8,add_proj,add_proj,0.12,0.08,64,4,4.0,5.0,10.0,0.0,0.0,0.0,0.0,5,False,3|5|7|15,64,64,108,0.0002,8,1,1,0.6786923388640088,0.8987364044266667,0.33083217384,0.66916782616,0.6786923388640088,0.8987364044266667,0.33083217384,0.66916782616,0.6432323507467906,0.8960876742833331,0.3384171337333334,0.6615828662666666,0.6001175721486409,0.8856281055,0.32754166008333335,-0.011909005933333272,,,,,,,,,,,,,ok,0,True
S-add__K-4_C-5_W-10_Col-15,,,add_proj,,,,,,4.0,5.0,10.0,15.0,,,,,,,,,,,,,,,,,,,,,,,,,,,,,,,,,,,,,,,,,,config_only,,False
S-add__K-4_C-5_W-10_Col-15,epoch_0001,1,add_proj,add_proj,0.12,0.08,64,4,4.0,5.0,10.0,15.0,0.0,0.0,0.0,5,False,3|5|7|15,64,64,108,0.0002,8,1,1,0.6873971732060115,0.8705533898266666,0.38023255836,0.6197674416400001,0.6873971732060115,0.8705533898266666,0.38023255836,0.6197674416400001,0.6545382849872112,0.8677231307833333,0.3888940797166667,0.6111059202833333,0.6309934775034587,0.83130876475,0.4185362428333334,0.007916214173333325,,,,,,,,,,,,,ok,0,True
S-add__K-4_C-5_W-10_Col-15,epoch_0002,2,add_proj,add_proj,0.12,0.08,64,4,4.0,5.0,10.0,15.0,0.0,0.0,0.0,5,False,3|5|7|15,64,64,108,0.0002,8,1,1,0.6910787138938903,0.8680913160933333,0.3855044453333334,0.6144955546666666,0.6910787138938903,0.8680913160933333,0.3855044453333334,0.6144955546666666,0.6590231109658877,0.8653639496166667,0.39404602591666665,0.6059539740833333,0.635461245973905,0.82548353075,0.4412862826666667,0.007916214173333325,,,,,,,,,,,,,ok,0,True
S-add__K-4_C-5_W-10_Col-15,epoch_0003,3,add_proj,add_proj,0.12,0.08,64,4,4.0,5.0,10.0,15.0,0.0,0.0,0.0,5,False,3|5|7|15,64,64,108,0.0002,8,1,1,0.6920723665157954,0.8637612308533332,0.3881487725333333,0.6118512274666668,0.6920723665157954,0.8637612308533332,0.3881487725333333,0.6118512274666668,0.6603397246698538,0.8607360640833333,0.39676074954999996,0.60323925045,0.6353774664302667,0.8198660449166666,0.44652336483333327,0.007916214173333325,,,,,,,,,,,,,ok,0,True
S-add__K-4_C-5_W-10_Col-15,epoch_0004,4,add_proj,add_proj,0.12,0.08,64,4,4.0,5.0,10.0,15.0,0.0,0.0,0.0,5,False,3|5|7|15,64,64,108,0.0002,8,1,1,0.6940709279378255,0.8562578227199998,0.3954947973199999,0.6045052026800001,0.6940709279378255,0.8562578227199998,0.3954947973199999,0.6045052026800001,0.6631718460718791,0.8531222046833333,0.40398724868333336,0.5960127513166666,0.6391443473597368,0.8100581074166665,0.4605382529166666,0.007916214173333325,,,,,,,,,,,,,ok,0,True
S-add__K-4_C-5_W-10_Col-15,epoch_0005,5,add_proj,add_proj,0.12,0.08,64,4,4.0,5.0,10.0,15.0,0.0,0.0,0.0,5,False,3|5|7|15,64,64,108,0.0002,8,1,1,0.6949792804320652,0.85031203224,0.40261258908,0.5973874109199999,0.6949792804320652,0.85031203224,0.40261258908,0.5973874109199999,0.6648547119398912,0.8472396461,0.41104646088333335,0.5889535391166667,0.6414156002302965,0.8033809159999998,0.46924595008333336,0.007916214173333325,,,,,,,,,,,,,ok,0,True
S-add__K-4_C-5_W-10_Col-15,epoch_0006,6,add_proj,add_proj,0.12,0.08,64,4,4.0,5.0,10.0,15.0,0.0,0.0,0.0,5,False,3|5|7|15,64,64,108,0.0002,8,1,1,0.6945048739512761,0.8512747516799999,0.39954889818666667,0.6004511018133334,0.6945048739512761,0.8512747516799999,0.39954889818666667,0.6004511018133334,0.6641393948098024,0.8480811933166666,0.40756529253333335,0.5924347074666667,0.6391633450984955,0.80529404075,0.46062109175000004,0.007916214173333325,,,,,,,,,,,,,ok,0,True
S-add__K-4_C-5_W-10_Col-15,epoch_0007,7,add_proj,add_proj,0.12,0.08,64,4,4.0,5.0,10.0,15.0,0.0,0.0,0.0,5,False,3|5|7|15,64,64,108,0.0002,8,1,1,0.6948517866929373,0.8495532316000001,0.40253007757333337,0.5974699224266666,0.6948517866929373,0.8495532316000001,0.40253007757333337,0.5974699224266666,0.6646433080236117,0.8462755070166667,0.4105175250166666,0.5894824749833334,0.6383869195977847,0.8035710575833332,0.4618809703333333,0.007916214173333325,,,,,,,,,,,,,ok,0,True
S-add__K-4_C-5_W-10_Col-15,epoch_0008,8,add_proj,add_proj,0.12,0.08,64,4,4.0,5.0,10.0,15.0,0.0,0.0,0.0,5,False,3|5|7|15,64,64,108,0.0002,8,1,1,0.6954393449227015,0.8450298750933334,0.40764903062666663,0.5923509693733333,0.6954393449227015,0.8450298750933334,0.40764903062666663,0.5923509693733333,0.665741433451573,0.8418037186000001,0.41560679275000006,0.58439320725,0.6384794826308886,0.7991088695000002,0.46337753616666666,0.007916214173333325,,,,,,,,,,,,,ok,0,True
S-add__K-4_C-5_W-20_Col-0,,,add_proj,,,,,,4.0,5.0,20.0,0.0,,,,,,,,,,,,,,,,,,,,,,,,,,,,,,,,,,,,,,,,,,config_only,,False
S-add__K-4_C-5_W-20_Col-0,epoch_0001,1,add_proj,add_proj,0.12,0.08,64,4,4.0,5.0,20.0,0.0,0.0,0.0,0.0,5,False,3|5|7|15,64,64,108,0.0002,8,1,1,0.6752873975038528,0.8970104547066665,0.3441265172,0.6558734828,0.6752873975038528,0.8970104547066665,0.3441265172,0.6558734828,0.6392076555391153,0.8949053863333333,0.34996016725,0.65003983275,0.594669343282779,0.8883035316666668,0.3238996531666667,-0.01397366043999998,,,,,,,,,,,,,ok,0,True
S-add__K-4_C-5_W-20_Col-0,epoch_0002,2,add_proj,add_proj,0.12,0.08,64,4,4.0,5.0,20.0,0.0,0.0,0.0,0.0,5,False,3|5|7|15,64,64,108,0.0002,8,1,1,0.6775907102028529,0.89953901708,0.32754771936,0.67245228064,0.6775907102028529,0.89953901708,0.32754771936,0.67245228064,0.6420475120842457,0.8973147823833333,0.33415622305000003,0.66584377695,0.5975928408404192,0.8886767391666666,0.32202616916666665,-0.01397366043999998,,,,,,,,,,,,,ok,0,True
S-add__K-4_C-5_W-20_Col-0,epoch_0003,3,add_proj,add_proj,0.12,0.08,64,4,4.0,5.0,20.0,0.0,0.0,0.0,0.0,5,False,3|5|7|15,64,64,108,0.0002,8,1,1,0.6811324963172276,0.9005183568266668,0.33015285676,0.6698471432399999,0.6811324963172276,0.9005183568266668,0.33015285676,0.6698471432399999,0.6455792229870956,0.8980505260833335,0.3382363844166666,0.6617636155833334,0.6056653050084909,0.88608161175,0.3366658724166667,-0.01397366043999998,,,,,,,,,,,,,ok,0,True
S-add__K-4_C-5_W-20_Col-0,epoch_0004,4,add_proj,add_proj,0.12,0.08,64,4,4.0,5.0,20.0,0.0,0.0,0.0,0.0,5,False,3|5|7|15,64,64,108,0.0002,8,1,1,0.6835100793838501,0.8959010147199998,0.33899690882666667,0.6610030911733333,0.6835100793838501,0.8959010147199998,0.33899690882666667,0.6610030911733333,0.6487079617381096,0.8928239493666666,0.3481602270333333,0.6518397729666667,0.609515880793333,0.8812984228333333,0.34497473116666666,-0.01397366043999998,,,,,,,,,,,,,ok,0,True
S-add__K-4_C-5_W-20_Col-0,epoch_0005,5,add_proj,add_proj,0.12,0.08,64,4,4.0,5.0,20.0,0.0,0.0,0.0,0.0,5,False,3|5|7|15,64,64,108,0.0002,8,1,1,0.6856290704409281,0.8927883858533333,0.33967242296,0.66032757704,0.6856290704409281,0.8927883858533333,0.33967242296,0.66032757704,0.6512605248888333,0.8891491584666665,0.34894131495,0.65105868505,0.6131894417107107,0.8749953988333334,0.3517756891666666,-0.01397366043999998,,,,,,,,,,,,,ok,0,True
S-add__K-4_C-5_W-20_Col-0,epoch_0006,6,add_proj,add_proj,0.12,0.08,64,4,4.0,5.0,20.0,0.0,0.0,0.0,0.0,5,False,3|5|7|15,64,64,108,0.0002,8,1,1,0.687250722249349,0.8918501864666666,0.34266485958666665,0.6573351404133334,0.687250722249349,0.8918501864666666,0.34266485958666665,0.6573351404133334,0.6530781772732734,0.8880402384833334,0.35239671013333335,0.6476032898666666,0.6147293147941431,0.8736812813333333,0.3556907293333333,-0.01397366043999998,,,,,,,,,,,,,ok,0,True
S-add__K-4_C-5_W-20_Col-0,epoch_0007,7,add_proj,add_proj,0.12,0.08,64,4,4.0,5.0,20.0,0.0,0.0,0.0,0.0,5,False,3|5|7|15,64,64,108,0.0002,8,1,1,0.687318390448888,0.8923180478266666,0.3457000564533334,0.6542999435466665,0.687318390448888,0.8923180478266666,0.3457000564533334,0.6542999435466665,0.6529032923777899,0.8885159236666664,0.35572610065,0.64427389935,0.6142497022946676,0.8763093407499999,0.3545251174166667,-0.01397366043999998,,,,,,,,,,,,,ok,0,True
S-add__K-4_C-5_W-20_Col-0,epoch_0008,8,add_proj,add_proj,0.12,0.08,64,4,4.0,5.0,20.0,0.0,0.0,0.0,0.0,5,False,3|5|7|15,64,64,108,0.0002,8,1,1,0.6881721127827961,0.8871188222666667,0.3540945109066667,0.6459054890933333,0.6881721127827961,0.8871188222666667,0.3540945109066667,0.6459054890933333,0.6539545885721842,0.8827992580666667,0.3642798370333333,0.6357201629666667,0.61538159151872,0.8709861867500001,0.358699715,-0.01397366043999998,,,,,,,,,,,,,ok,0,True
S-add__K-4_C-5_W-20_Col-15,,,add_proj,,,,,,4.0,5.0,20.0,15.0,,,,,,,,,,,,,,,,,,,,,,,,,,,,,,,,,,,,,,,,,,config_only,,False
S-add__K-4_C-5_W-20_Col-15,epoch_0001,1,add_proj,add_proj,0.12,0.08,64,4,4.0,5.0,20.0,15.0,0.0,0.0,0.0,5,False,3|5|7|15,64,64,108,0.0002,8,1,1,0.6903326535224914,0.8762971273733333,0.37220894369333335,0.6277910563066667,0.6903326535224914,0.8762971273733333,0.37220894369333335,0.6277910563066667,0.6576211999853452,0.8733193761666668,0.38130972106666666,0.6186902789333333,0.6326694356898467,0.8389243826666666,0.4176345563333333,0.019575167399999982,,,,,,,,,,,,,ok,0,True
S-add__K-4_C-5_W-20_Col-15,epoch_0002,2,add_proj,add_proj,0.12,0.08,64,4,4.0,5.0,20.0,15.0,0.0,0.0,0.0,5,False,3|5|7|15,64,64,108,0.0002,8,1,1,0.6903250750303269,0.8690314831733333,0.37937539623999994,0.6206246037600001,0.6903250750303269,0.8690314831733333,0.37937539623999994,0.6206246037600001,0.658196261972189,0.8656769650833335,0.38806377768333333,0.6119362223166667,0.6301886739830176,0.8325750906666667,0.4162740648333334,0.019575167399999982,,,,,,,,,,,,,ok,0,True
S-add__K-4_C-5_W-20_Col-15,epoch_0003,3,add_proj,add_proj,0.12,0.08,64,4,4.0,5.0,20.0,15.0,0.0,0.0,0.0,5,False,3|5|7|15,64,64,108,0.0002,8,1,1,0.693331750949224,0.8565669221866666,0.39178411109333333,0.6082158889066667,0.693331750949224,0.8565669221866666,0.39178411109333333,0.6082158889066667,0.6626023077964783,0.8527828723,0.4015396719,0.5984603281,0.6369169120987256,0.81586326425,0.43827099258333335,0.019575167399999982,,,,,,,,,,,,,ok,0,True
S-add__K-4_C-5_W-20_Col-15,epoch_0004,4,add_proj,add_proj,0.12,0.08,64,4,4.0,5.0,20.0,15.0,0.0,0.0,0.0,5,False,3|5|7|15,64,64,108,0.0002,8,1,1,0.6967463731368383,0.8492226713600001,0.3992786096933333,0.6007213903066667,0.6967463731368383,0.8492226713600001,0.3992786096933333,0.6007213903066667,0.6666549394031366,0.8449537815000001,0.4091704371666666,0.5908295628333333,0.6405323470632235,0.8082439746666665,0.4508436591666667,0.019575167399999982,,,,,,,,,,,,,ok,0,True
S-add__K-4_C-5_W-20_Col-15,epoch_0005,5,add_proj,add_proj,0.12,0.08,64,4,4.0,5.0,20.0,15.0,0.0,0.0,0.0,5,False,3|5|7|15,64,64,108,0.0002,8,1,1,0.698517194588979,0.841035398,0.40859669738666665,0.5914033026133334,0.698517194588979,0.841035398,0.40859669738666665,0.5914033026133334,0.6690895302097003,0.8363399349333335,0.4185645438333333,0.5814354561666667,0.6443992602328459,0.7962293088333334,0.4692583851666667,0.019575167399999982,,,,,,,,,,,,,ok,0,True
S-add__K-4_C-5_W-20_Col-15,epoch_0006,6,add_proj,add_proj,0.12,0.08,64,4,4.0,5.0,20.0,15.0,0.0,0.0,0.0,5,False,3|5|7|15,64,64,108,0.0002,8,1,1,0.6995033839146296,0.8413614641866666,0.40934274908,0.59065725092,0.6995033839146296,0.8413614641866666,0.40934274908,0.59065725092,0.6701431437830132,0.8366908261500001,0.4190410866333333,0.5809589133666667,0.6451562240719795,0.7949974508333334,0.47563311166666666,0.019575167399999982,,,,,,,,,,,,,ok,0,True
S-add__K-4_C-5_W-20_Col-15,epoch_0007,7,add_proj,add_proj,0.12,0.08,64,4,4.0,5.0,20.0,15.0,0.0,0.0,0.0,5,False,3|5|7|15,64,64,108,0.0002,8,1,1,0.6995110102494557,0.8389543496800002,0.41322707005333326,0.5867729299466667,0.6995110102494557,0.8389543496800002,0.41322707005333326,0.5867729299466667,0.6704807432492574,0.83436567555,0.42305989126666665,0.5769401087333333,0.644303884357214,0.7951773821666667,0.4704225331666666,0.019575167399999982,,,,,,,,,,,,,ok,0,True
S-add__K-4_C-5_W-20_Col-15,epoch_0008,8,add_proj,add_proj,0.12,0.08,64,4,4.0,5.0,20.0,15.0,0.0,0.0,0.0,5,False,3|5|7|15,64,64,108,0.0002,8,1,1,0.699583694299062,0.8303470625599999,0.41919852036,0.5808014796400001,0.699583694299062,0.8303470625599999,0.41919852036,0.5808014796400001,0.6712365894516309,0.8256164723333335,0.4289713593166666,0.5710286406833334,0.6444080206255118,0.7871863766666667,0.4737469271666666,0.019575167399999982,,,,,,,,,,,,,ok,0,True
S-add__K-5_C-5_W-15_Col-15,,,add_proj,add_proj,0.12,0.08,64,4,5.0,5.0,15.0,15.0,0.0,0.0,0.0,5,False,3|5|7|15,64,64,32,5e-05,20,1,0.5,,,,,,,,,,,,,,,,,,,,,,,,,,,,,config_only,,False
S-add__K-5_C-5_W-15_Col-15,epoch_0001,1,add_proj,add_proj,0.12,0.08,64,4,5.0,5.0,15.0,15.0,0.0,0.0,0.0,5,False,3|5|7|15,64,64,32,5e-05,20,1,0.5,0.6878746387561161,0.8660438191466667,0.3754982372933333,0.6245017627066667,0.6878746387561161,0.8660438191466667,0.3754982372933333,0.6245017627066667,0.6555907229085763,0.86338668685,0.3823790016333333,0.6176209983666667,0.6307311601936818,0.8166250278333334,0.4191748104166667,0.01834624220000003,,,,,,,,,,,,,ok,0,True
S-add__K-5_C-5_W-15_Col-15,epoch_0002,2,add_proj,add_proj,0.12,0.08,64,4,5.0,5.0,15.0,15.0,0.0,0.0,0.0,5,False,3|5|7|15,64,64,32,5e-05,20,1,0.5,0.6912692145903905,0.8600678774000001,0.39088044990666665,0.6091195500933333,0.6912692145903905,0.8600678774000001,0.39088044990666665,0.6091195500933333,0.6597248916327954,0.8564807224166666,0.39908425636666667,0.6009157436333333,0.6343573038776715,0.8129850243333334,0.43741508591666667,0.01834624220000003,,,,,,,,,,,,,ok,0,True
S-add__K-5_C-5_W-15_Col-15,epoch_0003,3,add_proj,add_proj,0.12,0.08,64,4,5.0,5.0,15.0,15.0,0.0,0.0,0.0,5,False,3|5|7|15,64,64,32,5e-05,20,1,0.5,0.6926443693637847,0.8577914777066665,0.39384447949333334,0.6061555205066667,0.6926443693637847,0.8577914777066665,0.39384447949333334,0.6061555205066667,0.6613907023270926,0.8540753943666667,0.4023655467166667,0.5976344532833333,0.6361491908629735,0.81182147325,0.44258145874999993,0.01834624220000003,,,,,,,,,,,,,ok,0,True
S-add__K-5_C-5_W-15_Col-15,epoch_0004,4,add_proj,add_proj,0.12,0.08,64,4,5.0,5.0,15.0,15.0,0.0,0.0,0.0,5,False,3|5|7|15,64,64,32,5e-05,20,1,0.5,0.6935991285244625,0.85535560976,0.39536443796,0.60463556204,0.6935991285244625,0.85535560976,0.39536443796,0.60463556204,0.6625532746811708,0.8517593982333335,0.4038180388,0.5961819612,0.6379014944036802,0.8093093779166668,0.4469291934166667,0.01834624220000003,,,,,,,,,,,,,ok,0,True
S-add__K-5_C-5_W-15_Col-15,epoch_0005,5,add_proj,add_proj,0.12,0.08,64,4,5.0,5.0,15.0,15.0,0.0,0.0,0.0,5,False,3|5|7|15,64,64,32,5e-05,20,1,0.5,0.694870579044024,0.8523703594666665,0.3993434763066667,0.6006565236933332,0.694870579044024,0.8523703594666665,0.3993434763066667,0.6006565236933332,0.6641451018551984,0.8487321216166667,0.4076971559833333,0.5923028440166667,0.6393970549106598,0.8061463345000001,0.45289424433333336,0.01834624220000003,,,,,,,,,,,,,ok,0,True
S-add__K-5_C-5_W-15_Col-15,epoch_0006,6,add_proj,add_proj,0.12,0.08,64,4,5.0,5.0,15.0,15.0,0.0,0.0,0.0,5,False,3|5|7|15,64,64,32,5e-05,20,1,0.5,0.6950956542889277,0.8506897777600001,0.40120070991999995,0.5987992900800001,0.6950956542889277,0.8506897777600001,0.40120070991999995,0.5987992900800001,0.6644992162287234,0.8471184867,0.4095635196333333,0.5904364803666666,0.6401776979366938,0.804887911,0.45466889516666664,0.01834624220000003,,,,,,,,,,,,,ok,0,True
S-add__K-5_C-5_W-15_Col-15,epoch_0007,7,add_proj,add_proj,0.12,0.08,64,4,5.0,5.0,15.0,15.0,0.0,0.0,0.0,5,False,3|5|7|15,64,64,32,5e-05,20,1,0.5,0.6958416516383488,0.8502693323333336,0.40162554272,0.59837445728,0.6958416516383488,0.8502693323333336,0.40162554272,0.59837445728,0.6653627980252106,0.8465894717333334,0.41006083401666665,0.5899391659833333,0.6407322891056537,0.8040866010833334,0.4538610596666667,0.01834624220000003,,,,,,,,,,,,,ok,0,True
S-add__K-5_C-5_W-15_Col-15,epoch_0008,8,add_proj,add_proj,0.12,0.08,64,4,5.0,5.0,15.0,15.0,0.0,0.0,0.0,5,False,3|5|7|15,64,64,32,5e-05,20,1,0.5,0.6964178139368694,0.8492900943466666,0.40197068549333337,0.5980293145066666,0.6964178139368694,0.8492900943466666,0.40197068549333337,0.5980293145066666,0.6661859984199205,0.84574359185,0.41040595480000003,0.5895940451999999,0.6414680848519008,0.8035921941666667,0.4544237514166667,0.01834624220000003,,,,,,,,,,,,,ok,0,True
S-add__K-5_C-5_W-15_Col-15,epoch_0009,9,add_proj,add_proj,0.12,0.08,64,4,5.0,5.0,15.0,15.0,0.0,0.0,0.0,5,False,3|5|7|15,64,64,32,5e-05,20,1,0.5,0.697105176448822,0.8477960696133333,0.40323108437333327,0.5967689156266667,0.697105176448822,0.8477960696133333,0.40323108437333327,0.5967689156266667,0.6669569198290508,0.8440707940666666,0.41167216146666663,0.5883278385333334,0.6417597370843093,0.8011443425,0.45723506050000007,0.01834624220000003,,,,,,,,,,,,,ok,0,True
S-add__K-5_C-5_W-15_Col-15,epoch_0010,10,add_proj,add_proj,0.12,0.08,64,4,5.0,5.0,15.0,15.0,0.0,0.0,0.0,5,False,3|5|7|15,64,64,32,5e-05,20,1,0.5,0.6981581558386485,0.8456013095466666,0.40591461677333335,0.5940853832266666,0.6981581558386485,0.8456013095466666,0.40591461677333335,0.5940853832266666,0.6683059744040171,0.8418567483666667,0.4144363580833333,0.5855636419166668,0.6434051933387915,0.7983164454166667,0.46166632208333336,0.01834624220000003,,,,,,,,,,,,,ok,0,True
S-add__K-5_C-5_W-15_Col-15,epoch_0011,11,add_proj,add_proj,0.12,0.08,64,4,5.0,5.0,15.0,15.0,0.0,0.0,0.0,5,False,3|5|7|15,64,64,32,5e-05,20,1,0.5,0.6989685383240382,0.8442118978,0.40799691181333336,0.5920030881866667,0.6989685383240382,0.8442118978,0.40799691181333336,0.5920030881866667,0.6692048034568627,0.8403182420833332,0.41666403266666674,0.5833359673333333,0.6438643738627433,0.7958176956666667,0.4644355094166667,0.01834624220000003,,,,,,,,,,,,,ok,0,True
S-add__K-5_C-5_W-15_Col-15,epoch_0012,12,add_proj,add_proj,0.12,0.08,64,4,5.0,5.0,15.0,15.0,0.0,0.0,0.0,5,False,3|5|7|15,64,64,32,5e-05,20,1,0.5,0.699248636484146,0.8409301645333334,0.41097896765333336,0.5890210323466667,0.699248636484146,0.8409301645333334,0.41097896765333336,0.5890210323466667,0.6697048853834471,0.8368327576500001,0.4198535816833333,0.5801464183166667,0.6429852689305942,0.7917124212500001,0.46383935925,0.01834624220000003,,,,,,,,,,,,,ok,0,True
S-add__K-5_C-5_W-15_Col-15,epoch_0013,13,add_proj,add_proj,0.12,0.08,64,4,5.0,5.0,15.0,15.0,0.0,0.0,0.0,5,False,3|5|7|15,64,64,32,5e-05,20,1,0.5,0.6993337223529815,0.8387369714133334,0.41256428944,0.58743571056,0.6993337223529815,0.8387369714133334,0.41256428944,0.58743571056,0.6700834923982621,0.8348311339500001,0.4216484314500001,0.5783515685499999,0.6430216580629349,0.7896537383333334,0.46357505858333337,0.01834624220000003,,,,,,,,,,,,,ok,0,True
S-add__K-5_C-5_W-15_Col-15,epoch_0014,14,add_proj,add_proj,0.12,0.08,64,4,5.0,5.0,15.0,15.0,0.0,0.0,0.0,5,False,3|5|7|15,64,64,32,5e-05,20,1,0.5,0.6997313927412034,0.8373808978666666,0.41493452052,0.58506547948,0.6997313927412034,0.8373808978666666,0.41493452052,0.58506547948,0.6706062667071818,0.8332955414666667,0.42433338663333336,0.5756666133666666,0.6441541542609532,0.7865187581666666,0.46757427125000006,0.01834624220000003,,,,,,,,,,,,,ok,0,True
S-add__K-5_C-5_W-15_Col-15,epoch_0015,15,add_proj,add_proj,0.12,0.08,64,4,5.0,5.0,15.0,15.0,0.0,0.0,0.0,5,False,3|5|7|15,64,64,32,5e-05,20,1,0.5,0.6997116831938425,0.8371399112933335,0.41407129870666665,0.5859287012933334,0.6997116831938425,0.8371399112933335,0.41407129870666665,0.5859287012933334,0.6706878274679183,0.8329515565666666,0.42346114021666664,0.5765388597833334,0.6440848348041376,0.7862858520833332,0.4661196733333333,0.01834624220000003,,,,,,,,,,,,,ok,0,True
S-add__K-5_C-5_W-15_Col-15,epoch_0016,16,add_proj,add_proj,0.12,0.08,64,4,5.0,5.0,15.0,15.0,0.0,0.0,0.0,5,False,3|5|7|15,64,64,32,5e-05,20,1,0.5,0.6983230474789938,0.83359104384,0.41649711212000007,0.5835028878799999,0.6983230474789938,0.83359104384,0.41649711212000007,0.5835028878799999,0.6689904224872588,0.8290759427666666,0.4255115893166666,0.5744884106833335,0.6409774832427502,0.7842894023333333,0.45686159533333337,0.01834624220000003,,,,,,,,,,,,,ok,0,True
S-add__K-5_C-5_W-15_Col-15,epoch_0017,17,add_proj,add_proj,0.12,0.08,64,4,5.0,5.0,15.0,15.0,0.0,0.0,0.0,5,False,3|5|7|15,64,64,32,5e-05,20,1,0.5,0.6986002219518025,0.8288853358399999,0.4218134400666667,0.5781865599333333,0.6986002219518025,0.8288853358399999,0.4218134400666667,0.5781865599333333,0.6696916680534681,0.8241758156833334,0.4305111935666667,0.5694888064333333,0.6420914818843205,0.7798539475,0.458726266,0.01834624220000003,,,,,,,,,,,,,ok,0,True
S-add__K-5_C-5_W-15_Col-15,epoch_0018,18,add_proj,add_proj,0.12,0.08,64,4,5.0,5.0,15.0,15.0,0.0,0.0,0.0,5,False,3|5|7|15,64,64,32,5e-05,20,1,0.5,0.6984939133723576,0.8334908029466667,0.4167797571066667,0.5832202428933333,0.6984939133723576,0.8334908029466667,0.4167797571066667,0.5832202428933333,0.6692154821256796,0.8289326971,0.42562032706666664,0.5743796729333334,0.6411966013411681,0.7835545874166667,0.4569533849166667,0.01834624220000003,,,,,,,,,,,,,ok,0,True
S-add__K-5_C-5_W-15_Col-15,epoch_0019,19,add_proj,add_proj,0.12,0.08,64,4,5.0,5.0,15.0,15.0,0.0,0.0,0.0,5,False,3|5|7|15,64,64,32,5e-05,20,1,0.5,0.698182648340861,0.83400554164,0.41722700134666657,0.5827729986533334,0.698182648340861,0.83400554164,0.41722700134666657,0.5827729986533334,0.6688445315758387,0.8294824465166666,0.4261443499166667,0.5738556500833333,0.6411597475409507,0.7847396630833333,0.45648527141666667,0.01834624220000003,,,,,,,,,,,,,ok,0,True
S-add__K-5_C-5_W-15_Col-15,epoch_0020,20,add_proj,add_proj,0.12,0.08,64,4,5.0,5.0,15.0,15.0,0.0,0.0,0.0,5,False,3|5|7|15,64,64,32,5e-05,20,1,0.5,0.6977397951285043,0.8349901246666667,0.41601649337333335,0.5839835066266666,0.6977397951285043,0.8349901246666667,0.41601649337333335,0.5839835066266666,0.6683494229118029,0.8304525048,0.42486353296666673,0.5751364670333332,0.6400285022954146,0.7865583375,0.45420347541666667,0.01834624220000003,,,,,,,,,,,,,ok,0,True
S-none_K-1_C-0_W-10_Col-0,,,none,add_proj,0.12,0.08,64,4,1.0,0.0,10.0,0.0,0.0,0.0,0.0,5,False,3|5|7|15,64,64,108,0.0002,8,1,1,,,,,,,,,,,,,,,,,,,,,,,,,,,,,config_only,,False
S-none_K-1_C-0_W-10_Col-0,epoch_0001,1,none,add_proj,0.12,0.08,64,4,1.0,0.0,10.0,0.0,0.0,0.0,0.0,5,False,3|5|7|15,64,64,108,0.0002,8,1,1,0.6861361982027689,0.8636065122,0.40848115570666665,0.5915188442933333,0.6861361982027689,0.8636065122,0.40848115570666665,0.5915188442933333,0.6543541719516118,0.8597268760833334,0.41524731475000004,0.58475268525,0.6320477006336054,0.8253877389166666,0.45811667808333334,-0.015882077479999868,,,,,,,,,,,,,ok,0,True
S-none_K-1_C-0_W-10_Col-0,epoch_0002,2,none,add_proj,0.12,0.08,64,4,1.0,0.0,10.0,0.0,0.0,0.0,0.0,5,False,3|5|7|15,64,64,108,0.0002,8,1,1,0.6981367489099501,0.8661039449466668,0.3969745975066667,0.6030254024933333,0.6981367489099501,0.8661039449466668,0.3969745975066667,0.6030254024933333,0.6665474602083366,0.86093281085,0.4079555822166666,0.5920444177833334,0.6467443406581879,0.8380767725,0.44579052483333337,-0.015882077479999868,,,,,,,,,,,,,ok,0,True
S-none_K-1_C-0_W-10_Col-0,epoch_0003,3,none,add_proj,0.12,0.08,64,4,1.0,0.0,10.0,0.0,0.0,0.0,0.0,5,False,3|5|7|15,64,64,108,0.0002,8,1,1,0.6978852835098901,0.8633861008266667,0.3925990782266668,0.6074009217733332,0.6978852835098901,0.8633861008266667,0.3925990782266668,0.6074009217733332,0.6661791020135085,0.8581267552166667,0.40251284174999996,0.5974871582500001,0.6440231963992118,0.8426287574166668,0.42363374991666664,-0.015882077479999868,,,,,,,,,,,,,ok,0,True
S-none_K-1_C-0_W-10_Col-0,epoch_0004,4,none,add_proj,0.12,0.08,64,4,1.0,0.0,10.0,0.0,0.0,0.0,0.0,5,False,3|5|7|15,64,64,108,0.0002,8,1,1,0.6944732377529145,0.86763907868,0.3901976771733333,0.6098023228266667,0.6944732377529145,0.86763907868,0.3901976771733333,0.6098023228266667,0.6620086932182312,0.86296222775,0.40012831705000007,0.5998716829499999,0.6366171131531397,0.8488905556666666,0.4109683114166667,-0.015882077479999868,,,,,,,,,,,,,ok,0,True
S-none_K-1_C-0_W-10_Col-0,epoch_0005,5,none,add_proj,0.12,0.08,64,4,1.0,0.0,10.0,0.0,0.0,0.0,0.0,5,False,3|5|7|15,64,64,108,0.0002,8,1,1,0.6956855719486873,0.8624441734266667,0.4032348376266667,0.5967651623733333,0.6956855719486873,0.8624441734266667,0.4032348376266667,0.5967651623733333,0.6637807833651701,0.85707599455,0.4149269453333334,0.5850730546666666,0.642337254434824,0.8383948626666666,0.43733159541666666,-0.015882077479999868,,,,,,,,,,,,,ok,0,True
S-none_K-1_C-0_W-10_Col-0,epoch_0006,6,none,add_proj,0.12,0.08,64,4,1.0,0.0,10.0,0.0,0.0,0.0,0.0,5,False,3|5|7|15,64,64,108,0.0002,8,1,1,0.6923095932006835,0.868641292,0.39217584076,0.60782415924,0.6923095932006835,0.868641292,0.39217584076,0.60782415924,0.6596599809328716,0.864020322,0.4027002193166666,0.5972997806833333,0.6328890003263951,0.84748617925,0.4129169134166667,-0.015882077479999868,,,,,,,,,,,,,ok,0,True
S-none_K-1_C-0_W-10_Col-0,epoch_0007,7,none,add_proj,0.12,0.08,64,4,1.0,0.0,10.0,0.0,0.0,0.0,0.0,5,False,3|5|7|15,64,64,108,0.0002,8,1,1,0.6931604599555332,0.8690856314533335,0.39586901221333337,0.6041309877866666,0.6931604599555332,0.8690856314533335,0.39586901221333337,0.6041309877866666,0.6604006186624368,0.8643070500000001,0.4068048723166666,0.5931951276833334,0.6323184904952843,0.848056277,0.4135896925833334,-0.015882077479999868,,,,,,,,,,,,,ok,0,True
S-none_K-1_C-0_W-10_Col-0,epoch_0008,8,none,add_proj,0.12,0.08,64,4,1.0,0.0,10.0,0.0,0.0,0.0,0.0,5,False,3|5|7|15,64,64,108,0.0002,8,1,1,0.691885490377744,0.8663376687866667,0.39449320996,0.60550679004,0.691885490377744,0.8663376687866667,0.39449320996,0.60550679004,0.6595192303756872,0.8616905818666666,0.4049207088999999,0.5950792911,0.6325635150074959,0.8443392825,0.4129973834166667,-0.015882077479999868,,,,,,,,,,,,,ok,0,True
S-none_K-1_C-0_W-10_Col-15,,,none,add_proj,0.12,0.08,64,4,1.0,0.0,10.0,15.0,0.0,0.0,0.0,5,False,3|5|7|15,64,64,108,0.0002,8,1,1,,,,,,,,,,,,,,,,,,,,,,,,,,,,,config_only,,False
S-none_K-1_C-0_W-10_Col-15,epoch_0001,1,none,add_proj,0.12,0.08,64,4,1.0,0.0,10.0,15.0,0.0,0.0,0.0,5,False,3|5|7|15,64,64,108,0.0002,8,1,1,0.6967091699043909,0.8382434744266668,0.4339533533866667,0.5660466466133334,0.6967091699043909,0.8382434744266668,0.4339533533866667,0.5660466466133334,0.6675034735103449,0.8358372085166665,0.44206661338333325,0.5579333866166667,0.6505121516684691,0.7880934403333333,0.510044142,0.02046455093333327,,,,,,,,,,,,,ok,0,True
S-none_K-1_C-0_W-10_Col-15,epoch_0002,2,none,add_proj,0.12,0.08,64,4,1.0,0.0,10.0,15.0,0.0,0.0,0.0,5,False,3|5|7|15,64,64,108,0.0002,8,1,1,0.6961012013753254,0.8347609051333332,0.42677656361333327,0.5732234363866667,0.6961012013753254,0.8347609051333332,0.42677656361333327,0.5732234363866667,0.6673774439096453,0.83206475925,0.4349470537666667,0.5650529462333334,0.6456190553804239,0.7859685023333333,0.48350127058333336,0.02046455093333327,,,,,,,,,,,,,ok,0,True
S-none_K-1_C-0_W-10_Col-15,epoch_0003,3,none,add_proj,0.12,0.08,64,4,1.0,0.0,10.0,15.0,0.0,0.0,0.0,5,False,3|5|7|15,64,64,108,0.0002,8,1,1,0.7003113825321197,0.8121641544666669,0.45441790431999995,0.54558209568,0.7003113825321197,0.8121641544666669,0.45441790431999995,0.54558209568,0.6732397072513898,0.80831627335,0.46275079335,0.53724920665,0.6516786257425944,0.7595940010833333,0.5193899001666666,0.02046455093333327,,,,,,,,,,,,,ok,0,True
S-none_K-1_C-0_W-10_Col-15,epoch_0004,4,none,add_proj,0.12,0.08,64,4,1.0,0.0,10.0,15.0,0.0,0.0,0.0,5,False,3|5|7|15,64,64,108,0.0002,8,1,1,0.7022525004148483,0.8058415523066667,0.4647530477466666,0.5352469522533334,0.7022525004148483,0.8058415523066667,0.4647530477466666,0.5352469522533334,0.6756926794350147,0.8014748673,0.47378702594999994,0.5262129740500001,0.6546145595610142,0.7538018199166667,0.5344174226666666,0.02046455093333327,,,,,,,,,,,,,ok,0,True
S-none_K-1_C-0_W-10_Col-15,epoch_0005,5,none,add_proj,0.12,0.08,64,4,1.0,0.0,10.0,15.0,0.0,0.0,0.0,5,False,3|5|7|15,64,64,108,0.0002,8,1,1,0.7069031799236933,0.7912307300133334,0.4883170179733333,0.5116829820266666,0.7069031799236933,0.7912307300133334,0.4883170179733333,0.5116829820266666,0.6826972090701263,0.7869221211666667,0.4979569936166667,0.5020430063833333,0.6640649644037087,0.7456619894999998,0.5551928901666666,0.02046455093333327,,,,,,,,,,,,,ok,0,True
S-none_K-1_C-0_W-10_Col-15,epoch_0006,6,none,add_proj,0.12,0.08,64,4,1.0,0.0,10.0,15.0,0.0,0.0,0.0,5,False,3|5|7|15,64,64,108,0.0002,8,1,1,0.7076487858692805,0.7785932783333332,0.4957954740266666,0.5042045259733334,0.7076487858692805,0.7785932783333332,0.4957954740266666,0.5042045259733334,0.6850100024044514,0.77426258605,0.5043794509166666,0.4956205490833334,0.6689977178970974,0.74163553375,0.5463402852499999,0.02046455093333327,,,,,,,,,,,,,ok,0,True
S-none_K-1_C-0_W-10_Col-15,epoch_0007,7,none,add_proj,0.12,0.08,64,4,1.0,0.0,10.0,15.0,0.0,0.0,0.0,5,False,3|5|7|15,64,64,108,0.0002,8,1,1,0.7077673052151997,0.7661339247466666,0.5115947721066667,0.4884052278933333,0.7077673052151997,0.7661339247466666,0.5115947721066667,0.4884052278933333,0.6865201203028362,0.7614777514666666,0.51985430235,0.48014569765000004,0.673432532697916,0.7268595028333333,0.567202738,0.02046455093333327,,,,,,,,,,,,,ok,0,True
S-none_K-1_C-0_W-10_Col-15,epoch_0008,8,none,add_proj,0.12,0.08,64,4,1.0,0.0,10.0,15.0,0.0,0.0,0.0,5,False,3|5|7|15,64,64,108,0.0002,8,1,1,0.7066781351168951,0.7598433187599999,0.5111916990400001,0.48880830095999994,0.7066781351168951,0.7598433187599999,0.5111916990400001,0.48880830095999994,0.6858216249446075,0.7549695540166665,0.5194203673,0.48057963270000004,0.6707862210770449,0.7242190157499999,0.5530344125833333,0.02046455093333327,,,,,,,,,,,,,ok,0,True
S-none_K-1_C-0_W-20_Col-0,,,none,add_proj,0.12,0.08,64,4,1.0,0.0,20.0,0.0,0.0,0.0,0.0,5,False,3|5|7|15,64,64,108,0.0002,8,1,1,,,,,,,,,,,,,,,,,,,,,,,,,,,,,config_only,,False
S-none_K-1_C-0_W-20_Col-0,epoch_0001,1,none,add_proj,0.12,0.08,64,4,1.0,0.0,20.0,0.0,0.0,0.0,0.0,5,False,3|5|7|15,64,64,108,0.0002,8,1,1,0.6881277045408885,0.8630527380133333,0.3934247270933333,0.6065752729066667,0.6881277045408885,0.8630527380133333,0.3934247270933333,0.6065752729066667,0.6557600802183152,0.8601487782999999,0.40075363841666667,0.5992463615833333,0.6307958727081617,0.8472645970833333,0.3926491093333333,0.05231529296000004,,,,,,,,,,,,,ok,0,True
S-none_K-1_C-0_W-20_Col-0,epoch_0002,2,none,add_proj,0.12,0.08,64,4,1.0,0.0,20.0,0.0,0.0,0.0,0.0,5,False,3|5|7|15,64,64,108,0.0002,8,1,1,0.7012530012925466,0.8382420929733334,0.43247967188,0.56752032812,0.7012530012925466,0.8382420929733334,0.43247967188,0.56752032812,0.6718659031391143,0.8329186308333334,0.4434099993833335,0.5565900006166665,0.6508219281832377,0.8075301331666668,0.47572344508333336,0.05231529296000004,,,,,,,,,,,,,ok,0,True
S-none_K-1_C-0_W-20_Col-0,epoch_0003,3,none,add_proj,0.12,0.08,64,4,1.0,0.0,20.0,0.0,0.0,0.0,0.0,5,False,3|5|7|15,64,64,108,0.0002,8,1,1,0.7032303955157597,0.8279339403066668,0.44574002005333335,0.5542599799466666,0.7032303955157597,0.8279339403066668,0.44574002005333335,0.5542599799466666,0.6750053510566553,0.8218912912833332,0.4569983117666666,0.5430016882333334,0.6536901419361433,0.8031780157500001,0.48201868425,0.05231529296000004,,,,,,,,,,,,,ok,0,True
S-none_K-1_C-0_W-20_Col-0,epoch_0004,4,none,add_proj,0.12,0.08,64,4,1.0,0.0,20.0,0.0,0.0,0.0,0.0,5,False,3|5|7|15,64,64,108,0.0002,8,1,1,0.7039547982613246,0.8249676882666667,0.44428106818666663,0.5557189318133333,0.7039547982613246,0.8249676882666667,0.44428106818666663,0.5557189318133333,0.6761630911131701,0.8185635658833335,0.45577640483333337,0.5442235951666666,0.6560881520311037,0.79613713075,0.48254811766666666,0.05231529296000004,,,,,,,,,,,,,ok,0,True
S-none_K-1_C-0_W-20_Col-0,epoch_0005,5,none,add_proj,0.12,0.08,64,4,1.0,0.0,20.0,0.0,0.0,0.0,0.0,5,False,3|5|7|15,64,64,108,0.0002,8,1,1,0.7038926627635956,0.8245701842533333,0.44836992386666663,0.5516300761333334,0.7038926627635956,0.8245701842533333,0.44836992386666663,0.5516300761333334,0.6759996614853542,0.8180780345,0.45965919255000004,0.54034080745,0.6557928189635277,0.8003482188333333,0.48519660125,0.05231529296000004,,,,,,,,,,,,,ok,0,True
S-none_K-1_C-0_W-20_Col-0,epoch_0006,6,none,add_proj,0.12,0.08,64,4,1.0,0.0,20.0,0.0,0.0,0.0,0.0,5,False,3|5|7|15,64,64,108,0.0002,8,1,1,0.7036632390419642,0.8280158381466666,0.44391127072,0.5560887292800001,0.7036632390419642,0.8280158381466666,0.44391127072,0.5560887292800001,0.6754329151411851,0.8215326511666665,0.4553290481166668,0.5446709518833333,0.6548045545816421,0.7998501299166666,0.48369985316666664,0.05231529296000004,,,,,,,,,,,,,ok,0,True
S-none_K-1_C-0_W-20_Col-0,epoch_0007,7,none,add_proj,0.12,0.08,64,4,1.0,0.0,20.0,0.0,0.0,0.0,0.0,5,False,3|5|7|15,64,64,108,0.0002,8,1,1,0.703508348663648,0.8262639796399999,0.4426572581466667,0.5573427418533333,0.703508348663648,0.8262639796399999,0.4426572581466667,0.5573427418533333,0.6752455333371958,0.8194607785333332,0.45385478981666666,0.5461452101833333,0.6535008793075879,0.7966198302499999,0.47889135625,0.05231529296000004,,,,,,,,,,,,,ok,0,True
S-none_K-1_C-0_W-20_Col-0,epoch_0008,8,none,add_proj,0.12,0.08,64,4,1.0,0.0,20.0,0.0,0.0,0.0,0.0,5,False,3|5|7|15,64,64,108,0.0002,8,1,1,0.7036010053555171,0.8234227672666665,0.44816957577333333,0.5518304242266667,0.7036010053555171,0.8234227672666665,0.44816957577333333,0.5518304242266667,0.6759850123027961,0.8169059272666667,0.4594570128666667,0.5405429871333334,0.6543764178951581,0.7988514465833334,0.4839232655833334,0.05231529296000004,,,,,,,,,,,,,ok,0,True
S-none_K-1_C-0_W-20_Col-15,,,none,add_proj,0.12,0.08,64,4,1.0,0.0,20.0,15.0,0.0,0.0,0.0,5,False,3|5|7|15,64,64,108,0.0002,8,1,1,,,,,,,,,,,,,,,,,,,,,,,,,,,,,config_only,,False
S-none_K-1_C-0_W-20_Col-15,epoch_0001,1,none,add_proj,0.12,0.08,64,4,1.0,0.0,20.0,15.0,0.0,0.0,0.0,5,False,3|5|7|15,64,64,108,0.0002,8,1,1,0.6930531783501307,0.8423574052666667,0.41559552599999994,0.5844044740000001,0.6930531783501307,0.8423574052666667,0.41559552599999994,0.5844044740000001,0.6632331986725332,0.8399692347666667,0.4227261606666667,0.5772738393333333,0.6458886563777924,0.7981395340833333,0.46731426033333334,0.05035183365333351,,,,,,,,,,,,,ok,0,True
S-none_K-1_C-0_W-20_Col-15,epoch_0002,2,none,add_proj,0.12,0.08,64,4,1.0,0.0,20.0,15.0,0.0,0.0,0.0,5,False,3|5|7|15,64,64,108,0.0002,8,1,1,0.6968255446354549,0.8270064838533334,0.4258637981866667,0.5741362018133334,0.6968255446354549,0.8270064838533334,0.4258637981866667,0.5741362018133334,0.6684770399828752,0.8237411062833333,0.4328586072166667,0.5671413927833333,0.6450133283933004,0.7942147668333333,0.4566001831666666,0.05035183365333351,,,,,,,,,,,,,ok,0,True
S-none_K-1_C-0_W-20_Col-15,epoch_0003,3,none,add_proj,0.12,0.08,64,4,1.0,0.0,20.0,15.0,0.0,0.0,0.0,5,False,3|5|7|15,64,64,108,0.0002,8,1,1,0.7054749672412873,0.79716118804,0.46594735965333345,0.5340526403466666,0.7054749672412873,0.79716118804,0.46594735965333345,0.5340526403466666,0.6810780857006709,0.79305103475,0.4734511267833332,0.5265488732166668,0.6613032882412274,0.7741629165000001,0.5017983425833333,0.05035183365333351,,,,,,,,,,,,,ok,0,True
S-none_K-1_C-0_W-20_Col-15,epoch_0004,4,none,add_proj,0.12,0.08,64,4,1.0,0.0,20.0,15.0,0.0,0.0,0.0,5,False,3|5|7|15,64,64,108,0.0002,8,1,1,0.710381352742513,0.7741512198266666,0.4955969215066666,0.5044030784933333,0.710381352742513,0.7741512198266666,0.4955969215066666,0.5044030784933333,0.688910513917605,0.7699239621833334,0.5032480832,0.49675191679999997,0.6751737679044405,0.7535548109999999,0.5471886584999999,0.05035183365333351,,,,,,,,,,,,,ok,0,True
S-none_K-1_C-0_W-20_Col-15,epoch_0005,5,none,add_proj,0.12,0.08,64,4,1.0,0.0,20.0,15.0,0.0,0.0,0.0,5,False,3|5|7|15,64,64,108,0.0002,8,1,1,0.7107921185493469,0.7553713461866666,0.5114576284,0.4885423716,0.7107921185493469,0.7553713461866666,0.5114576284,0.4885423716,0.6913061358531316,0.7510977569499999,0.5188674320333332,0.4811325679666668,0.6816884234547615,0.7366118044166667,0.5580574973333333,0.05035183365333351,,,,,,,,,,,,,ok,0,True
S-none_K-1_C-0_W-20_Col-15,epoch_0006,6,none,add_proj,0.12,0.08,64,4,1.0,0.0,20.0,15.0,0.0,0.0,0.0,5,False,3|5|7|15,64,64,108,0.0002,8,1,1,0.7108778852621712,0.7542495101733333,0.5111373474133334,0.4888626525866666,0.7108778852621712,0.7542495101733333,0.5111373474133334,0.4888626525866666,0.691395993034045,0.7498974937499999,0.5182976290833333,0.4817023709166667,0.6841386104623476,0.7295066401666666,0.558965155,0.05035183365333351,,,,,,,,,,,,,ok,0,True
S-none_K-1_C-0_W-20_Col-15,epoch_0007,7,none,add_proj,0.12,0.08,64,4,1.0,0.0,20.0,15.0,0.0,0.0,0.0,5,False,3|5|7|15,64,64,108,0.0002,8,1,1,0.7119705825249354,0.7386087184266666,0.5271585159066666,0.4728414840933334,0.7119705825249354,0.7386087184266666,0.5271585159066666,0.4728414840933334,0.6939647082984448,0.7337855898166668,0.5345590817500001,0.4654409182499999,0.6874193554123242,0.7158683400000001,0.5669281316666667,0.05035183365333351,,,,,,,,,,,,,ok,0,True
S-none_K-1_C-0_W-20_Col-15,epoch_0008,8,none,add_proj,0.12,0.08,64,4,1.0,0.0,20.0,15.0,0.0,0.0,0.0,5,False,3|5|7|15,64,64,108,0.0002,8,1,1,0.7115642338991164,0.7270846872666665,0.5377391515333333,0.4622608484666667,0.7115642338991164,0.7270846872666665,0.5377391515333333,0.4622608484666667,0.6945776039858658,0.7221608281499999,0.5450084015833333,0.4549915984166667,0.6885082359115282,0.7063800620833334,0.5725423465833334,0.05035183365333351,,,,,,,,,,,,,ok,0,True
S-none_K-1_C-2_W-10_Col-0,,,none,add_proj,0.12,0.08,64,4,1.0,2.0,10.0,0.0,0.0,0.0,0.0,5,False,3|5|7|15,64,64,108,0.0002,8,1,1,,,,,,,,,,,,,,,,,,,,,,,,,,,,,config_only,,False
S-none_K-1_C-2_W-10_Col-0,epoch_0001,1,none,add_proj,0.12,0.08,64,4,1.0,2.0,10.0,0.0,0.0,0.0,0.0,5,False,3|5|7|15,64,64,108,0.0002,8,1,1,0.6791756596962611,0.89463987784,0.3437717555466666,0.6562282444533334,0.6791756596962611,0.89463987784,0.3437717555466666,0.6562282444533334,0.6438861913979054,0.8926256815,0.34994852125000003,0.65005147875,0.6069249227643013,0.8791261605,0.3389676914166666,0.0037609506000000903,,,,,,,,,,,,,ok,0,True
S-none_K-1_C-2_W-10_Col-0,epoch_0002,2,none,add_proj,0.12,0.08,64,4,1.0,2.0,10.0,0.0,0.0,0.0,0.0,5,False,3|5|7|15,64,64,108,0.0002,8,1,1,0.6803116980791092,0.8970024564800001,0.33484635817333336,0.6651536418266666,0.6803116980791092,0.8970024564800001,0.33484635817333336,0.6651536418266666,0.6448372146983942,0.8947571180000002,0.3425307743,0.6574692257,0.6085692768295605,0.87993026025,0.34157525899999996,0.0037609506000000903,,,,,,,,,,,,,ok,0,True
S-none_K-1_C-2_W-10_Col-0,epoch_0003,3,none,add_proj,0.12,0.08,64,4,1.0,2.0,10.0,0.0,0.0,0.0,0.0,5,False,3|5|7|15,64,64,108,0.0002,8,1,1,0.6833322610855102,0.89344127388,0.3475327061466667,0.6524672938533334,0.6833322610855102,0.89344127388,0.3475327061466667,0.6524672938533334,0.6482618055740993,0.8905229973166667,0.3571029889,0.6428970111000001,0.6151592642068863,0.8768988933333333,0.36348402949999997,0.0037609506000000903,,,,,,,,,,,,,ok,0,True
S-none_K-1_C-2_W-10_Col-0,epoch_0004,4,none,add_proj,0.12,0.08,64,4,1.0,2.0,10.0,0.0,0.0,0.0,0.0,5,False,3|5|7|15,64,64,108,0.0002,8,1,1,0.6840415480534235,0.8932473793866668,0.34540414403999997,0.65459585596,0.6840415480534235,0.8932473793866668,0.34540414403999997,0.65459585596,0.6490784316758316,0.8902154984833335,0.35447214525000004,0.64552785475,0.6162093316515287,0.8769839076666666,0.3654770744166666,0.0037609506000000903,,,,,,,,,,,,,ok,0,True
S-none_K-1_C-2_W-10_Col-0,epoch_0005,5,none,add_proj,0.12,0.08,64,4,1.0,2.0,10.0,0.0,0.0,0.0,0.0,5,False,3|5|7|15,64,64,108,0.0002,8,1,1,0.6879258578221004,0.8844341242666667,0.3585361374266667,0.6414638625733333,0.6879258578221004,0.8844341242666667,0.3585361374266667,0.6414638625733333,0.6540093286335469,0.8804877466333332,0.36799349081666666,0.6320065091833333,0.620812214165926,0.86929613275,0.37498447383333333,0.0037609506000000903,,,,,,,,,,,,,ok,0,True
S-none_K-1_C-2_W-10_Col-0,epoch_0006,6,none,add_proj,0.12,0.08,64,4,1.0,2.0,10.0,0.0,0.0,0.0,0.0,5,False,3|5|7|15,64,64,108,0.0002,8,1,1,0.6923034940560661,0.8807414905333333,0.3667382599466667,0.6332617400533334,0.6923034940560661,0.8807414905333333,0.3667382599466667,0.6332617400533334,0.659341994524002,0.87625528475,0.3775624156666667,0.6224375843333333,0.6271147598822912,0.8646774016666666,0.3935795838333334,0.0037609506000000903,,,,,,,,,,,,,ok,0,True
S-none_K-1_C-2_W-10_Col-0,epoch_0007,7,none,add_proj,0.12,0.08,64,4,1.0,2.0,10.0,0.0,0.0,0.0,0.0,5,False,3|5|7|15,64,64,108,0.0002,8,1,1,0.6928386456171671,0.8769764287066667,0.3738216468,0.6261783532,0.6928386456171671,0.8769764287066667,0.3738216468,0.6261783532,0.6601252173384031,0.8719000706666666,0.38527871185,0.6147212881499999,0.6272103734314441,0.8634161074166666,0.39684331608333334,0.0037609506000000903,,,,,,,,,,,,,ok,0,True
S-none_K-1_C-2_W-10_Col-0,epoch_0008,8,none,add_proj,0.12,0.08,64,4,1.0,2.0,10.0,0.0,0.0,0.0,0.0,5,False,3|5|7|15,64,64,108,0.0002,8,1,1,0.6916385562022527,0.8742055092400001,0.3761741376133333,0.6238258623866667,0.6916385562022527,0.8742055092400001,0.3761741376133333,0.6238258623866667,0.658834299792846,0.8688664301,0.3873422955,0.6126577045,0.6249461894234022,0.8628451339166667,0.39050464775,0.0037609506000000903,,,,,,,,,,,,,ok,0,True
S-none_K-1_C-2_W-10_Col-15,,,none,add_proj,0.12,0.08,64,4,1.0,2.0,10.0,15.0,0.0,0.0,0.0,5,False,3|5|7|15,64,64,108,0.0002,8,1,1,,,,,,,,,,,,,,,,,,,,,,,,,,,,,config_only,,False
S-none_K-1_C-2_W-10_Col-15,epoch_0001,1,none,add_proj,0.12,0.08,64,4,1.0,2.0,10.0,15.0,0.0,0.0,0.0,5,False,3|5|7|15,64,64,108,0.0002,8,1,1,0.6928154867490133,0.8474399937466667,0.4204509115333333,0.5795490884666668,0.6928154867490133,0.8474399937466667,0.4204509115333333,0.5795490884666668,0.6626643446087838,0.8448328128833333,0.4294260826166667,0.5705739173833333,0.6452559555570284,0.7990543171666667,0.4765772254166666,-0.0041161546133333116,,,,,,,,,,,,,ok,0,True
S-none_K-1_C-2_W-10_Col-15,epoch_0002,2,none,add_proj,0.12,0.08,64,4,1.0,2.0,10.0,15.0,0.0,0.0,0.0,5,False,3|5|7|15,64,64,108,0.0002,8,1,1,0.6956793603102366,0.8422451655600001,0.42790837356,0.57209162644,0.6956793603102366,0.8422451655600001,0.42790837356,0.57209162644,0.6661441566546759,0.8390329528833333,0.4373193522333333,0.5626806477666667,0.6475733160972595,0.79353693125,0.49340389041666666,-0.0041161546133333116,,,,,,,,,,,,,ok,0,True
S-none_K-1_C-2_W-10_Col-15,epoch_0003,3,none,add_proj,0.12,0.08,64,4,1.0,2.0,10.0,15.0,0.0,0.0,0.0,5,False,3|5|7|15,64,64,108,0.0002,8,1,1,0.6954849552710851,0.8482577903466667,0.41633475692,0.58366524308,0.6954849552710851,0.8482577903466667,0.41633475692,0.58366524308,0.6654422872761885,0.8454167530666667,0.4251546596000001,0.5748453403999999,0.6463802680373192,0.8017438534166667,0.4813448145,-0.0041161546133333116,,,,,,,,,,,,,ok,0,True
S-none_K-1_C-2_W-10_Col-15,epoch_0004,4,none,add_proj,0.12,0.08,64,4,1.0,2.0,10.0,15.0,0.0,0.0,0.0,5,False,3|5|7|15,64,64,108,0.0002,8,1,1,0.6972797037363052,0.8353629013333332,0.43361979900000003,0.566380201,0.6972797037363052,0.8353629013333332,0.43361979900000003,0.566380201,0.6684962742030621,0.8321281040333334,0.44300308814999995,0.55699691185,0.6492298379540444,0.7855961910833332,0.5031656357500001,-0.0041161546133333116,,,,,,,,,,,,,ok,0,True
S-none_K-1_C-2_W-10_Col-15,epoch_0005,5,none,add_proj,0.12,0.08,64,4,1.0,2.0,10.0,15.0,0.0,0.0,0.0,5,False,3|5|7|15,64,64,108,0.0002,8,1,1,0.7000022836128871,0.8249120597333333,0.44283119919999997,0.5571688008,0.7000022836128871,0.8249120597333333,0.44283119919999997,0.5571688008,0.6721154795587062,0.82090772495,0.4521630065666667,0.5478369934333334,0.6510177547732988,0.7739849234166667,0.5112704745833334,-0.0041161546133333116,,,,,,,,,,,,,ok,0,True
S-none_K-1_C-2_W-10_Col-15,epoch_0006,6,none,add_proj,0.12,0.08,64,4,1.0,2.0,10.0,15.0,0.0,0.0,0.0,5,False,3|5|7|15,64,64,108,0.0002,8,1,1,0.7002378986279169,0.8218807128533334,0.4449626609866666,0.5550373390133334,0.7002378986279169,0.8218807128533334,0.4449626609866666,0.5550373390133334,0.6725926084816456,0.8174768401333333,0.45437644568333335,0.5456235543166666,0.650299287835757,0.7705379474999998,0.5100489541666666,-0.0041161546133333116,,,,,,,,,,,,,ok,0,True
S-none_K-1_C-2_W-10_Col-15,epoch_0007,7,none,add_proj,0.12,0.08,64,4,1.0,2.0,10.0,15.0,0.0,0.0,0.0,5,False,3|5|7|15,64,64,108,0.0002,8,1,1,0.7021440569162368,0.81854633248,0.4504102766266667,0.5495897233733333,0.7021440569162368,0.81854633248,0.4504102766266667,0.5495897233733333,0.6750457414487997,0.8137143604833333,0.46055801733333335,0.5394419826666667,0.6525318610171478,0.7668111435,0.5163921236666666,-0.0041161546133333116,,,,,,,,,,,,,ok,0,True
S-none_K-1_C-2_W-10_Col-15,epoch_0008,8,none,add_proj,0.12,0.08,64,4,1.0,2.0,10.0,15.0,0.0,0.0,0.0,5,False,3|5|7|15,64,64,108,0.0002,8,1,1,0.7026374373435975,0.8124737932400001,0.45572844742666674,0.5442715525733333,0.7026374373435975,0.8124737932400001,0.45572844742666674,0.5442715525733333,0.6760445686181387,0.8074673760166664,0.46584726508333335,0.5341527349166666,0.6546525694429874,0.7613622864999999,0.5198502296666667,-0.0041161546133333116,,,,,,,,,,,,,ok,0,True
S-none_K-1_C-2_W-20_Col-0,,,none,add_proj,0.12,0.08,64,4,1.0,2.0,20.0,0.0,0.0,0.0,0.0,5,False,3|5|7|15,64,64,108,0.0002,8,1,1,,,,,,,,,,,,,,,,,,,,,,,,,,,,,config_only,,False
S-none_K-1_C-2_W-20_Col-0,epoch_0001,1,none,add_proj,0.12,0.08,64,4,1.0,2.0,20.0,0.0,0.0,0.0,0.0,5,False,3|5|7|15,64,64,108,0.0002,8,1,1,0.6853178857962291,0.8861697530399999,0.374015653,0.6259843469999999,0.6853178857962291,0.8861697530399999,0.374015653,0.6259843469999999,0.6508300745487212,0.8831506631333331,0.38163378051666663,0.6183662194833334,0.6159708321094512,0.8690019529999999,0.36373795941666665,-0.014863042106666668,,,,,,,,,,,,,ok,0,True
S-none_K-1_C-2_W-20_Col-0,epoch_0002,2,none,add_proj,0.12,0.08,64,4,1.0,2.0,20.0,0.0,0.0,0.0,0.0,5,False,3|5|7|15,64,64,108,0.0002,8,1,1,0.6876621357599894,0.8924942808799998,0.35596933526666674,0.6440306647333333,0.6876621357599894,0.8924942808799998,0.35596933526666674,0.6440306647333333,0.6528075395027797,0.8897469973166668,0.36484134920000005,0.6351586508,0.6247560525933902,0.8703803151666666,0.38795374875,-0.014863042106666668,,,,,,,,,,,,,ok,0,True
S-none_K-1_C-2_W-20_Col-0,epoch_0003,3,none,add_proj,0.12,0.08,64,4,1.0,2.0,20.0,0.0,0.0,0.0,0.0,5,False,3|5|7|15,64,64,108,0.0002,8,1,1,0.6896911065975825,0.8899467419466667,0.35915261089333333,0.6408473891066666,0.6896911065975825,0.8899467419466667,0.35915261089333333,0.6408473891066666,0.6551272284487883,0.8864243475833333,0.36871796030000004,0.6312820397,0.6267981390158335,0.8681928102500001,0.3928016094166667,-0.014863042106666668,,,,,,,,,,,,,ok,0,True
S-none_K-1_C-2_W-20_Col-0,epoch_0004,4,none,add_proj,0.12,0.08,64,4,1.0,2.0,20.0,0.0,0.0,0.0,0.0,5,False,3|5|7|15,64,64,108,0.0002,8,1,1,0.6950544236501058,0.8740866404133333,0.38416233693333324,0.6158376630666668,0.6950544236501058,0.8740866404133333,0.38416233693333324,0.6158376630666668,0.6620445016026497,0.86879172535,0.39481097021666667,0.6051890297833333,0.6348285441597302,0.8553050154166666,0.4093914825833333,-0.014863042106666668,,,,,,,,,,,,,ok,0,True
S-none_K-1_C-2_W-20_Col-0,epoch_0005,5,none,add_proj,0.12,0.08,64,4,1.0,2.0,20.0,0.0,0.0,0.0,0.0,5,False,3|5|7|15,64,64,108,0.0002,8,1,1,0.6993057808876038,0.8650851264400002,0.4007170869733333,0.5992829130266667,0.6993057808876038,0.8650851264400002,0.4007170869733333,0.5992829130266667,0.6675781300663948,0.8589856401333333,0.41266067455,0.58733932545,0.6403539473811786,0.845553177,0.4328156158333333,-0.014863042106666668,,,,,,,,,,,,,ok,0,True
S-none_K-1_C-2_W-20_Col-0,epoch_0006,6,none,add_proj,0.12,0.08,64,4,1.0,2.0,20.0,0.0,0.0,0.0,0.0,5,False,3|5|7|15,64,64,108,0.0002,8,1,1,0.7008365405400593,0.8604854817466666,0.4109163046933333,0.5890836953066667,0.7008365405400593,0.8604854817466666,0.4109163046933333,0.5890836953066667,0.669654029707114,0.8542312053833333,0.4239300095333333,0.5760699904666666,0.6418858096003532,0.8412675176666666,0.4514736579166666,-0.014863042106666668,,,,,,,,,,,,,ok,0,True
S-none_K-1_C-2_W-20_Col-0,epoch_0007,7,none,add_proj,0.12,0.08,64,4,1.0,2.0,20.0,0.0,0.0,0.0,0.0,5,False,3|5|7|15,64,64,108,0.0002,8,1,1,0.7000377620458603,0.8579212507999999,0.41088035610666673,0.5891196438933333,0.7000377620458603,0.8579212507999999,0.41088035610666673,0.5891196438933333,0.6689345150689283,0.8516693507666668,0.42357397985,0.57642602015,0.6383720772961775,0.84319347475,0.44157396616666666,-0.014863042106666668,,,,,,,,,,,,,ok,0,True
S-none_K-1_C-2_W-20_Col-0,epoch_0008,8,none,add_proj,0.12,0.08,64,4,1.0,2.0,20.0,0.0,0.0,0.0,0.0,5,False,3|5|7|15,64,64,108,0.0002,8,1,1,0.6993441187143326,0.8582730821200001,0.40553647231999995,0.5944635276800001,0.6993441187143326,0.8582730821200001,0.40553647231999995,0.5944635276800001,0.667976512759924,0.8521032406833335,0.4175309211166667,0.5824690788833333,0.6355520735184351,0.8451867386666667,0.4279351901666667,-0.014863042106666668,,,,,,,,,,,,,ok,0,True
S-none_K-1_C-2_W-20_Col-15,,,none,add_proj,0.12,0.08,64,4,1.0,2.0,20.0,15.0,0.0,0.0,0.0,5,False,3|5|7|15,64,64,108,0.0002,8,1,1,,,,,,,,,,,,,,,,,,,,,,,,,,,,,config_only,,False
S-none_K-1_C-2_W-20_Col-15,epoch_0001,1,none,add_proj,0.12,0.08,64,4,1.0,2.0,20.0,15.0,0.0,0.0,0.0,5,False,3|5|7|15,64,64,108,0.0002,8,1,1,0.6910640451113383,0.8611894662133333,0.40764151264000004,0.59235848736,0.6910640451113383,0.8611894662133333,0.40764151264000004,0.59235848736,0.6596700884898503,0.8587487127333334,0.41667955163333337,0.5833204483666666,0.6393254404266675,0.8198486404166667,0.44835593241666666,0.006505851626666614,,,,,,,,,,,,,ok,0,True
S-none_K-1_C-2_W-20_Col-15,epoch_0002,2,none,add_proj,0.12,0.08,64,4,1.0,2.0,20.0,15.0,0.0,0.0,0.0,5,False,3|5|7|15,64,64,108,0.0002,8,1,1,0.6904279443820317,0.8546620576666666,0.4010439067333333,0.5989560932666667,0.6904279443820317,0.8546620576666666,0.4010439067333333,0.5989560932666667,0.6596587313711644,0.8523096456333334,0.4092443031666666,0.5907556968333334,0.6370565317571164,0.8148313764999999,0.4373116085833333,0.006505851626666614,,,,,,,,,,,,,ok,0,True
S-none_K-1_C-2_W-20_Col-15,epoch_0003,3,none,add_proj,0.12,0.08,64,4,1.0,2.0,20.0,15.0,0.0,0.0,0.0,5,False,3|5|7|15,64,64,108,0.0002,8,1,1,0.6953356159528096,0.8463409296666667,0.41414736426666665,0.5858526357333333,0.6953356159528096,0.8463409296666667,0.41414736426666665,0.5858526357333333,0.6654770812392234,0.8429016520333332,0.4234708109333334,0.5765291890666666,0.6442863002419472,0.8025783082499999,0.4648264285833333,0.006505851626666614,,,,,,,,,,,,,ok,0,True
S-none_K-1_C-2_W-20_Col-15,epoch_0004,4,none,add_proj,0.12,0.08,64,4,1.0,2.0,20.0,15.0,0.0,0.0,0.0,5,False,3|5|7|15,64,64,108,0.0002,8,1,1,0.6989987538655599,0.8366320191733333,0.43085639101333334,0.5691436089866666,0.6989987538655599,0.8366320191733333,0.43085639101333334,0.5691436089866666,0.6698019576072692,0.8327713975333333,0.4400277283166667,0.5599722716833333,0.6506621266404788,0.7895015418333333,0.4963965238333333,0.006505851626666614,,,,,,,,,,,,,ok,0,True
S-none_K-1_C-2_W-20_Col-15,epoch_0005,5,none,add_proj,0.12,0.08,64,4,1.0,2.0,20.0,15.0,0.0,0.0,0.0,5,False,3|5|7|15,64,64,108,0.0002,8,1,1,0.7016601243813833,0.8210672007333332,0.44600950881333334,0.5539904911866667,0.7016601243813833,0.8210672007333332,0.44600950881333334,0.5539904911866667,0.6740048596262931,0.8161839261166668,0.4554906607166667,0.5445093392833333,0.6533805519342423,0.7757686154166668,0.5036853204166667,0.006505851626666614,,,,,,,,,,,,,ok,0,True
S-none_K-1_C-2_W-20_Col-15,epoch_0006,6,none,add_proj,0.12,0.08,64,4,1.0,2.0,20.0,15.0,0.0,0.0,0.0,5,False,3|5|7|15,64,64,108,0.0002,8,1,1,0.7035169348716737,0.8174549576666668,0.4506474474666667,0.5493525525333334,0.7035169348716737,0.8174549576666668,0.4506474474666667,0.5493525525333334,0.6764871400594712,0.81223983495,0.4599941589666667,0.5400058410333333,0.6560761913657188,0.7703113541666666,0.5136420984166667,0.006505851626666614,,,,,,,,,,,,,ok,0,True
S-none_K-1_C-2_W-20_Col-15,epoch_0007,7,none,add_proj,0.12,0.08,64,4,1.0,2.0,20.0,15.0,0.0,0.0,0.0,5,False,3|5|7|15,64,64,108,0.0002,8,1,1,0.7057240469455719,0.8070528308666667,0.46248457761333334,0.5375154223866667,0.7057240469455719,0.8070528308666667,0.46248457761333334,0.5375154223866667,0.6799980500340461,0.8011197975,0.4727447087166666,0.5272552912833335,0.6601437027255694,0.7618317765833333,0.5209720233333333,0.006505851626666614,,,,,,,,,,,,,ok,0,True
S-none_K-1_C-2_W-20_Col-15,epoch_0008,8,none,add_proj,0.12,0.08,64,4,1.0,2.0,20.0,15.0,0.0,0.0,0.0,5,False,3|5|7|15,64,64,108,0.0002,8,1,1,0.7052884600559871,0.79941685096,0.46692240428,0.53307759572,0.7052884600559871,0.79941685096,0.46692240428,0.53307759572,0.6801700243850547,0.7934167107666668,0.47672591398333325,0.5232740860166667,0.6595716891189416,0.7573440054166668,0.5189006405833333,0.006505851626666614,,,,,,,,,,,,,ok,0,True
S-none_K-1_C-5_W-10_Col-0,,,none,add_proj,0.12,0.08,64,4,1.0,5.0,10.0,0.0,0.0,0.0,0.0,5,False,3|5|7|15,64,64,108,0.0002,8,1,1,,,,,,,,,,,,,,,,,,,,,,,,,,,,,config_only,,False
S-none_K-1_C-5_W-10_Col-0,epoch_0001,1,none,add_proj,0.12,0.08,64,4,1.0,5.0,10.0,0.0,0.0,0.0,0.0,5,False,3|5|7|15,64,64,108,0.0002,8,1,1,0.6776291589339575,0.88931145716,0.36125970154666676,0.6387402984533332,0.6776291589339575,0.88931145716,0.36125970154666676,0.6387402984533332,0.6432508133351803,0.8868530325166667,0.36760539065000003,0.6323946093499999,0.6011517487466336,0.8754626429166668,0.3427258881666667,-0.0018534928133333572,,,,,,,,,,,,,ok,0,True
S-none_K-1_C-5_W-10_Col-0,epoch_0002,2,none,add_proj,0.12,0.08,64,4,1.0,5.0,10.0,0.0,0.0,0.0,0.0,5,False,3|5|7|15,64,64,108,0.0002,8,1,1,0.6770650835037232,0.8895838500666667,0.36430444028000003,0.63569555972,0.6770650835037232,0.8895838500666667,0.36430444028000003,0.63569555972,0.6422750454147657,0.8870271854666665,0.37115932155000003,0.62884067845,0.6036630436778068,0.8775767939166665,0.34187054908333336,-0.0018534928133333572,,,,,,,,,,,,,ok,0,True
S-none_K-1_C-5_W-10_Col-0,epoch_0003,3,none,add_proj,0.12,0.08,64,4,1.0,5.0,10.0,0.0,0.0,0.0,0.0,5,False,3|5|7|15,64,64,108,0.0002,8,1,1,0.6826233855088552,0.8837529826533335,0.3594062087333334,0.6405937912666666,0.6826233855088552,0.8837529826533335,0.3594062087333334,0.6405937912666666,0.6489365335305533,0.8806379959833333,0.3684296951,0.6315703049,0.6146969988942146,0.8713308371666668,0.35789549350000005,-0.0018534928133333572,,,,,,,,,,,,,ok,0,True
S-none_K-1_C-5_W-10_Col-0,epoch_0004,4,none,add_proj,0.12,0.08,64,4,1.0,5.0,10.0,0.0,0.0,0.0,0.0,5,False,3|5|7|15,64,64,108,0.0002,8,1,1,0.6815154331127802,0.87908297932,0.36751758258666667,0.6324824174133333,0.6815154331127802,0.87908297932,0.36751758258666667,0.6324824174133333,0.6481499745945135,0.8760182778833332,0.3757010401666666,0.6242989598333334,0.6140354519089063,0.8680863549166666,0.35763551758333334,-0.0018534928133333572,,,,,,,,,,,,,ok,0,True
S-none_K-1_C-5_W-10_Col-0,epoch_0005,5,none,add_proj,0.12,0.08,64,4,1.0,5.0,10.0,0.0,0.0,0.0,0.0,5,False,3|5|7|15,64,64,108,0.0002,8,1,1,0.684796973745028,0.8726700197066667,0.3621924802000001,0.6378075198,0.684796973745028,0.8726700197066667,0.3621924802000001,0.6378075198,0.6521990483502547,0.8695648311666668,0.3698925346333334,0.6301074653666666,0.6203507962326209,0.8635639877500001,0.36641425966666663,-0.0018534928133333572,,,,,,,,,,,,,ok,0,True
S-none_K-1_C-5_W-10_Col-0,epoch_0006,6,none,add_proj,0.12,0.08,64,4,1.0,5.0,10.0,0.0,0.0,0.0,0.0,5,False,3|5|7|15,64,64,108,0.0002,8,1,1,0.68623970135053,0.8710399803466666,0.3614689927466666,0.6385310072533334,0.68623970135053,0.8710399803466666,0.3614689927466666,0.6385310072533334,0.6539853820204734,0.8679368741,0.36949411645,0.6305058835499999,0.6206829282144706,0.86499778125,0.37159063350000004,-0.0018534928133333572,,,,,,,,,,,,,ok,0,True
S-none_K-1_C-5_W-10_Col-0,epoch_0007,7,none,add_proj,0.12,0.08,64,4,1.0,5.0,10.0,0.0,0.0,0.0,0.0,5,False,3|5|7|15,64,64,108,0.0002,8,1,1,0.6886431332826617,0.8647251070666667,0.37421224896,0.6257877510400001,0.6886431332826617,0.8647251070666667,0.37421224896,0.6257877510400001,0.6571604476869106,0.8609281987166668,0.38342484146666667,0.6165751585333333,0.6249518836537997,0.8616695038333334,0.38474159375,-0.0018534928133333572,,,,,,,,,,,,,ok,0,True
S-none_K-1_C-5_W-10_Col-0,epoch_0008,8,none,add_proj,0.12,0.08,64,4,1.0,5.0,10.0,0.0,0.0,0.0,0.0,5,False,3|5|7|15,64,64,108,0.0002,8,1,1,0.6884697746833166,0.85883052268,0.38457576247999997,0.6154242375200001,0.6884697746833166,0.85883052268,0.38457576247999997,0.6154242375200001,0.6572354810933272,0.8544503269166667,0.39386795738333336,0.6061320426166666,0.6260124077399571,0.8570758253333333,0.38685471708333335,-0.0018534928133333572,,,,,,,,,,,,,ok,0,True
S-none_K-1_C-5_W-10_Col-15,,,none,add_proj,0.12,0.08,64,4,1.0,5.0,10.0,15.0,0.0,0.0,0.0,5,False,3|5|7|15,64,64,108,0.0002,8,1,1,,,,,,,,,,,,,,,,,,,,,,,,,,,,,config_only,,False
S-none_K-1_C-5_W-10_Col-15,epoch_0001,1,none,add_proj,0.12,0.08,64,4,1.0,5.0,10.0,15.0,0.0,0.0,0.0,5,False,3|5|7|15,64,64,108,0.0002,8,1,1,0.6923685117562611,0.8525721208533333,0.41882554387999993,0.5811744561200001,0.6923685117562611,0.8525721208533333,0.41882554387999993,0.5811744561200001,0.661641627450784,0.8495611029333334,0.4286372047833334,0.5713627952166667,0.6457814166943232,0.8043198285,0.47557286749999994,-0.0055954615733332935,,,,,,,,,,,,,ok,0,True
S-none_K-1_C-5_W-10_Col-15,epoch_0002,2,none,add_proj,0.12,0.08,64,4,1.0,5.0,10.0,15.0,0.0,0.0,0.0,5,False,3|5|7|15,64,64,108,0.0002,8,1,1,0.6961261878410974,0.8445164675733333,0.4313823320266667,0.5686176679733332,0.6961261878410974,0.8445164675733333,0.4313823320266667,0.5686176679733332,0.6664566967387994,0.8409777691666666,0.4419235793833334,0.5580764206166666,0.6495142149428527,0.7963707008333332,0.4968786325000001,-0.0055954615733332935,,,,,,,,,,,,,ok,0,True
S-none_K-1_C-5_W-10_Col-15,epoch_0003,3,none,add_proj,0.12,0.08,64,4,1.0,5.0,10.0,15.0,0.0,0.0,0.0,5,False,3|5|7|15,64,64,108,0.0002,8,1,1,0.6948775724172591,0.8518029955733333,0.41323008230666664,0.5867699176933334,0.6948775724172591,0.8518029955733333,0.41323008230666664,0.5867699176933334,0.6645040656626224,0.8482415468333334,0.42329251460000006,0.5767074853999999,0.6444898659984271,0.8066532612500001,0.47088703624999995,-0.0055954615733332935,,,,,,,,,,,,,ok,0,True
S-none_K-1_C-5_W-10_Col-15,epoch_0004,4,none,add_proj,0.12,0.08,64,4,1.0,5.0,10.0,15.0,0.0,0.0,0.0,5,False,3|5|7|15,64,64,108,0.0002,8,1,1,0.6970189176797867,0.8508756904533334,0.4163273200133334,0.5836726799866666,0.6970189176797867,0.8508756904533334,0.4163273200133334,0.5836726799866666,0.6665715585649012,0.8471882229833334,0.42653649808333327,0.5734635019166667,0.645833886663119,0.8038542198333334,0.48822899708333334,-0.0055954615733332935,,,,,,,,,,,,,ok,0,True
S-none_K-1_C-5_W-10_Col-15,epoch_0005,5,none,add_proj,0.12,0.08,64,4,1.0,5.0,10.0,15.0,0.0,0.0,0.0,5,False,3|5|7|15,64,64,108,0.0002,8,1,1,0.6972860510349274,0.8397385936133334,0.42701158897333336,0.5729884110266666,0.6972860510349274,0.8397385936133334,0.42701158897333336,0.5729884110266666,0.6677987810969352,0.835733995,0.43705980115000004,0.56294019885,0.6458536118268966,0.7935443792499999,0.4949522623333334,-0.0055954615733332935,,,,,,,,,,,,,ok,0,True
S-none_K-1_C-5_W-10_Col-15,epoch_0006,6,none,add_proj,0.12,0.08,64,4,1.0,5.0,10.0,15.0,0.0,0.0,0.0,5,False,3|5|7|15,64,64,108,0.0002,8,1,1,0.696457643389702,0.8393887017599999,0.4239029998133333,0.5760970001866668,0.696457643389702,0.8393887017599999,0.4239029998133333,0.5760970001866668,0.6670039748648802,0.8353520591833334,0.4337796376,0.5662203624,0.6436820060014725,0.7944047834999999,0.4823494883333333,-0.0055954615733332935,,,,,,,,,,,,,ok,0,True
S-none_K-1_C-5_W-10_Col-15,epoch_0007,7,none,add_proj,0.12,0.08,64,4,1.0,5.0,10.0,15.0,0.0,0.0,0.0,5,False,3|5|7|15,64,64,108,0.0002,8,1,1,0.6975170625050862,0.8413579011600001,0.42458295017333325,0.5754170498266667,0.6975170625050862,0.8413579011600001,0.42458295017333325,0.5754170498266667,0.668087561527888,0.8371560265166667,0.43498837104999993,0.56501162895,0.6441005647182465,0.7968156367499999,0.48260937649999996,-0.0055954615733332935,,,,,,,,,,,,,ok,0,True
S-none_K-1_C-5_W-10_Col-15,epoch_0008,8,none,add_proj,0.12,0.08,64,4,1.0,5.0,10.0,15.0,0.0,0.0,0.0,5,False,3|5|7|15,64,64,108,0.0002,8,1,1,0.6995513337453206,0.8336157082000001,0.4373471292666667,0.5626528707333334,0.6995513337453206,0.8336157082000001,0.4373471292666667,0.5626528707333334,0.6708523017168044,0.8289009674166667,0.4484964789166666,0.5515035210833334,0.6477148115634919,0.7873456491666666,0.49833644666666665,-0.0055954615733332935,,,,,,,,,,,,,ok,0,True
S-none_K-1_C-5_W-20_Col-0,,,none,add_proj,0.12,0.08,64,4,1.0,5.0,20.0,0.0,0.0,0.0,0.0,5,False,3|5|7|15,64,64,108,0.0002,8,1,1,,,,,,,,,,,,,,,,,,,,,,,,,,,,,config_only,,False
S-none_K-1_C-5_W-20_Col-0,epoch_0001,1,none,add_proj,0.12,0.08,64,4,1.0,5.0,20.0,0.0,0.0,0.0,0.0,5,False,3|5|7|15,64,64,108,0.0002,8,1,1,0.6772617513338725,0.8945888268133334,0.34991578058666667,0.6500842194133334,0.6772617513338725,0.8945888268133334,0.34991578058666667,0.6500842194133334,0.6415823500355085,0.89261161705,0.3558781793666667,0.6441218206333332,0.6017497045298418,0.8820803211666668,0.33226924975000005,0.011992758013333382,,,,,,,,,,,,,ok,0,True
S-none_K-1_C-5_W-20_Col-0,epoch_0002,2,none,add_proj,0.12,0.08,64,4,1.0,5.0,20.0,0.0,0.0,0.0,0.0,5,False,3|5|7|15,64,64,108,0.0002,8,1,1,0.6829618231058121,0.8955239083733332,0.34219825662666664,0.6578017433733334,0.6829618231058121,0.8955239083733332,0.34219825662666664,0.6578017433733334,0.6480268227557341,0.8930688010166667,0.35120524993333324,0.6487947500666668,0.6141706295311451,0.8781980061666668,0.35896889624999995,0.011992758013333382,,,,,,,,,,,,,ok,0,True
S-none_K-1_C-5_W-20_Col-0,epoch_0003,3,none,add_proj,0.12,0.08,64,4,1.0,5.0,20.0,0.0,0.0,0.0,0.0,5,False,3|5|7|15,64,64,108,0.0002,8,1,1,0.6855519845485687,0.8863752390933333,0.36190853860000005,0.6380914614,0.6855519845485687,0.8863752390933333,0.36190853860000005,0.6380914614,0.6514083886146544,0.8830190735000001,0.37243431558333334,0.6275656844166666,0.6193391487002373,0.8721761585833332,0.38206984349999995,0.011992758013333382,,,,,,,,,,,,,ok,0,True
S-none_K-1_C-5_W-20_Col-0,epoch_0004,4,none,add_proj,0.12,0.08,64,4,1.0,5.0,20.0,0.0,0.0,0.0,0.0,5,False,3|5|7|15,64,64,108,0.0002,8,1,1,0.6861751575867333,0.88523495496,0.35801126144,0.64198873856,0.6861751575867333,0.88523495496,0.35801126144,0.64198873856,0.6520393461485703,0.8819452577,0.3672643913833332,0.6327356086166668,0.6194029621779918,0.8733197663333334,0.37973413250000004,0.011992758013333382,,,,,,,,,,,,,ok,0,True
S-none_K-1_C-5_W-20_Col-0,epoch_0005,5,none,add_proj,0.12,0.08,64,4,1.0,5.0,20.0,0.0,0.0,0.0,0.0,5,False,3|5|7|15,64,64,108,0.0002,8,1,1,0.6890401808023452,0.8787149151599999,0.36563934377333335,0.6343606562266666,0.6890401808023452,0.8787149151599999,0.36563934377333335,0.6343606562266666,0.6556471830109756,0.8746941352833334,0.3749123408,0.6250876592,0.6224371733764807,0.8662924932499999,0.38512183999999994,0.011992758013333382,,,,,,,,,,,,,ok,0,True
S-none_K-1_C-5_W-20_Col-0,epoch_0006,6,none,add_proj,0.12,0.08,64,4,1.0,5.0,20.0,0.0,0.0,0.0,0.0,5,False,3|5|7|15,64,64,108,0.0002,8,1,1,0.6933226859172186,0.8730184677866667,0.37738235408000004,0.6226176459199999,0.6933226859172186,0.8730184677866667,0.37738235408000004,0.6226176459199999,0.6609443704783917,0.8682819769666669,0.38774474878333337,0.6122552512166666,0.6283708229660987,0.8615458459999998,0.4073034105,0.011992758013333382,,,,,,,,,,,,,ok,0,True
S-none_K-1_C-5_W-20_Col-0,epoch_0007,7,none,add_proj,0.12,0.08,64,4,1.0,5.0,20.0,0.0,0.0,0.0,0.0,5,False,3|5|7|15,64,64,108,0.0002,8,1,1,0.6944820206165315,0.8657243404933334,0.39010908884,0.6098909111599999,0.6944820206165315,0.8657243404933334,0.39010908884,0.6098909111599999,0.6628562682867052,0.8603231796999999,0.4013431585,0.5986568415,0.6291865167518457,0.8570194236666666,0.4163166274999999,0.011992758013333382,,,,,,,,,,,,,ok,0,True
S-none_K-1_C-5_W-20_Col-0,epoch_0008,8,none,add_proj,0.12,0.08,64,4,1.0,5.0,20.0,0.0,0.0,0.0,0.0,5,False,3|5|7|15,64,64,108,0.0002,8,1,1,0.69354076508681,0.8617612316266665,0.39249427694666655,0.6075057230533334,0.69354076508681,0.8617612316266665,0.39249427694666655,0.6075057230533334,0.6620503675440947,0.8562245555666665,0.40324274373333335,0.5967572562666666,0.6278493997951349,0.8549241200833335,0.41028456183333334,0.011992758013333382,,,,,,,,,,,,,ok,0,True
S-none_K-1_C-5_W-20_Col-15,,,none,add_proj,0.12,0.08,64,4,1.0,5.0,20.0,15.0,0.0,0.0,0.0,5,False,3|5|7|15,64,64,108,0.0002,8,1,1,,,,,,,,,,,,,,,,,,,,,,,,,,,,,config_only,,False
S-none_K-1_C-5_W-20_Col-15,epoch_0001,1,none,add_proj,0.12,0.08,64,4,1.0,5.0,20.0,15.0,0.0,0.0,0.0,5,False,3|5|7|15,64,64,108,0.0002,8,1,1,0.6919131252368291,0.8612484323600001,0.4013588612,0.5986411387999999,0.6919131252368291,0.8612484323600001,0.4013588612,0.5986411387999999,0.6606093217432499,0.8584020833666666,0.41102788700000004,0.588972113,0.6427851890524228,0.8141118965000002,0.4525631299166667,6.932320000041514e-06,,,,,,,,,,,,,ok,0,True
S-none_K-1_C-5_W-20_Col-15,epoch_0002,2,none,add_proj,0.12,0.08,64,4,1.0,5.0,20.0,15.0,0.0,0.0,0.0,5,False,3|5|7|15,64,64,108,0.0002,8,1,1,0.6887039271195731,0.86418784068,0.3946799565333334,0.6053200434666666,0.6887039271195731,0.86418784068,0.3946799565333334,0.6053200434666666,0.6565612563490868,0.8612217109166664,0.4035988297833334,0.5964011702166666,0.6331037109096845,0.8257034203333333,0.4253952290833334,6.932320000041514e-06,,,,,,,,,,,,,ok,0,True
S-none_K-1_C-5_W-20_Col-15,epoch_0003,3,none,add_proj,0.12,0.08,64,4,1.0,5.0,20.0,15.0,0.0,0.0,0.0,5,False,3|5|7|15,64,64,108,0.0002,8,1,1,0.6939829688866932,0.8592484610133334,0.40136579352000007,0.5986342064799999,0.6939829688866932,0.8592484610133334,0.40136579352000007,0.5986342064799999,0.6628932020068168,0.8556647998999999,0.4117578856333334,0.5882421143666666,0.6424655929207802,0.8153672670833333,0.4545757091666666,6.932320000041514e-06,,,,,,,,,,,,,ok,0,True
S-none_K-1_C-5_W-20_Col-15,epoch_0004,4,none,add_proj,0.12,0.08,64,4,1.0,5.0,20.0,15.0,0.0,0.0,0.0,5,False,3|5|7|15,64,64,108,0.0002,8,1,1,0.6953766252597172,0.8531403220666667,0.41335081133333335,0.5866491886666667,0.6953766252597172,0.8531403220666667,0.41335081133333335,0.5866491886666667,0.6646332044899463,0.8493563645333333,0.4234897968166667,0.5765102031833333,0.6456148366133373,0.8073628774999999,0.4772077481666667,6.932320000041514e-06,,,,,,,,,,,,,ok,0,True
S-none_K-1_C-5_W-20_Col-15,epoch_0005,5,none,add_proj,0.12,0.08,64,4,1.0,5.0,20.0,15.0,0.0,0.0,0.0,5,False,3|5|7|15,64,64,108,0.0002,8,1,1,0.6973275003433228,0.8449848007066667,0.4211252885066667,0.5788747114933332,0.6973275003433228,0.8449848007066667,0.4211252885066667,0.5788747114933332,0.6673526429136594,0.8402213188,0.43177046490000004,0.5682295351,0.6470920011401176,0.7985001255833333,0.4790576835,6.932320000041514e-06,,,,,,,,,,,,,ok,0,True
S-none_K-1_C-5_W-20_Col-15,epoch_0006,6,none,add_proj,0.12,0.08,64,4,1.0,5.0,20.0,15.0,0.0,0.0,0.0,5,False,3|5|7|15,64,64,108,0.0002,8,1,1,0.6984380880991619,0.8468850852533333,0.41800396932,0.58199603068,0.6984380880991619,0.8468850852533333,0.41800396932,0.58199603068,0.6685731250047684,0.8421567613166665,0.42864118225,0.57135881775,0.6476462684571743,0.7998717307499998,0.4820011548333333,6.932320000041514e-06,,,,,,,,,,,,,ok,0,True
S-none_K-1_C-5_W-20_Col-15,epoch_0007,7,none,add_proj,0.12,0.08,64,4,1.0,5.0,20.0,15.0,0.0,0.0,0.0,5,False,3|5|7|15,64,64,108,0.0002,8,1,1,0.70067977587382,0.8400268022266666,0.4285307442133333,0.5714692557866667,0.70067977587382,0.8400268022266666,0.4285307442133333,0.5714692557866667,0.6716508557399113,0.8344604352333332,0.44034541870000005,0.5596545813,0.6509216941893101,0.79180565275,0.4900731283333334,6.932320000041514e-06,,,,,,,,,,,,,ok,0,True
S-none_K-1_C-5_W-20_Col-15,epoch_0008,8,none,add_proj,0.12,0.08,64,4,1.0,5.0,20.0,15.0,0.0,0.0,0.0,5,False,3|5|7|15,64,64,108,0.0002,8,1,1,0.7011615643501281,0.82993471184,0.43927317174666664,0.5607268282533333,0.7011615643501281,0.82993471184,0.43927317174666664,0.5607268282533333,0.6728184327483178,0.8240111267166667,0.4509607362333333,0.5490392637666667,0.6509293536345164,0.7821210385833334,0.49800680008333337,6.932320000041514e-06,,,,,,,,,,,,,ok,0,True
S-none_K-2_C-0_W-10_Col-0,,,none,add_proj,0.12,0.08,64,4,2.0,0.0,10.0,0.0,0.0,0.0,0.0,5,False,3|5|7|15,64,64,108,0.0002,8,1,1,,,,,,,,,,,,,,,,,,,,,,,,,,,,,config_only,,False
S-none_K-2_C-0_W-10_Col-0,epoch_0001,1,none,add_proj,0.12,0.08,64,4,2.0,0.0,10.0,0.0,0.0,0.0,0.0,5,False,3|5|7|15,64,64,108,0.0002,8,1,1,0.6779913414319355,0.8919424414799999,0.35258716399999995,0.647412836,0.6779913414319355,0.8919424414799999,0.35258716399999995,0.647412836,0.6429189774394035,0.8902931370000001,0.35744288616666664,0.6425571138333334,0.6055758891006311,0.87589064125,0.34055223891666664,-0.01091438383999993,,,,,,,,,,,,,ok,0,True
S-none_K-2_C-0_W-10_Col-0,epoch_0002,2,none,add_proj,0.12,0.08,64,4,2.0,0.0,10.0,0.0,0.0,0.0,0.0,5,False,3|5|7|15,64,64,108,0.0002,8,1,1,0.6842238728602728,0.89200282196,0.3441820150266666,0.6558179849733334,0.6842238728602728,0.89200282196,0.3441820150266666,0.6558179849733334,0.6493791768451531,0.8892326457499997,0.35179427308333333,0.6482057269166667,0.6191099390387536,0.8733869537500001,0.35072347658333336,-0.01091438383999993,,,,,,,,,,,,,ok,0,True
S-none_K-2_C-0_W-10_Col-0,epoch_0003,3,none,add_proj,0.12,0.08,64,4,2.0,0.0,10.0,0.0,0.0,0.0,0.0,5,False,3|5|7|15,64,64,108,0.0002,8,1,1,0.6846931705474855,0.8930507703066667,0.34167278016,0.65832721984,0.6846931705474855,0.8930507703066667,0.34167278016,0.65832721984,0.6495588431755702,0.8902194167499999,0.3493257319,0.6506742681,0.6193814434111118,0.8742728346666667,0.3560534840833333,-0.01091438383999993,,,,,,,,,,,,,ok,0,True
S-none_K-2_C-0_W-10_Col-0,epoch_0004,4,none,add_proj,0.12,0.08,64,4,2.0,0.0,10.0,0.0,0.0,0.0,0.0,5,False,3|5|7|15,64,64,108,0.0002,8,1,1,0.6898772581020991,0.8829327206400001,0.36229836021333334,0.6377016397866666,0.6898772581020991,0.8829327206400001,0.36229836021333334,0.6377016397866666,0.6559761847555636,0.8788139693333331,0.37070351454999995,0.62929648545,0.627544138332208,0.8614293945833333,0.37619307508333333,-0.01091438383999993,,,,,,,,,,,,,ok,0,True
S-none_K-2_C-0_W-10_Col-0,epoch_0005,5,none,add_proj,0.12,0.08,64,4,2.0,0.0,10.0,0.0,0.0,0.0,0.0,5,False,3|5|7|15,64,64,108,0.0002,8,1,1,0.692881925145785,0.8802160556399999,0.36741331466666666,0.6325866853333333,0.692881925145785,0.8802160556399999,0.36741331466666666,0.6325866853333333,0.6595555149018765,0.8757135396166668,0.3765057449333334,0.6234942550666667,0.6318325753013293,0.85513361325,0.39374813725,-0.01091438383999993,,,,,,,,,,,,,ok,0,True
S-none_K-2_C-0_W-10_Col-0,epoch_0006,6,none,add_proj,0.12,0.08,64,4,2.0,0.0,10.0,0.0,0.0,0.0,0.0,5,False,3|5|7|15,64,64,108,0.0002,8,1,1,0.6969177633523941,0.8721252502,0.3799703603866667,0.6200296396133333,0.6969177633523941,0.8721252502,0.3799703603866667,0.6200296396133333,0.6645091134806472,0.8665209102833332,0.39042487253333336,0.6095751274666666,0.6368315075834592,0.8471304660000001,0.40788683591666663,-0.01091438383999993,,,,,,,,,,,,,ok,0,True
S-none_K-2_C-0_W-10_Col-0,epoch_0007,7,none,add_proj,0.12,0.08,64,4,2.0,0.0,10.0,0.0,0.0,0.0,0.0,5,False,3|5|7|15,64,64,108,0.0002,8,1,1,0.6963394125302632,0.87087584572,0.38108803560000004,0.6189119644,0.6963394125302632,0.87087584572,0.38108803560000004,0.6189119644,0.6639776729544005,0.8655344120333334,0.39136502903333337,0.6086349709666666,0.6349754517277082,0.8505239075000001,0.4002184318333333,-0.01091438383999993,,,,,,,,,,,,,ok,0,True
S-none_K-2_C-0_W-10_Col-0,epoch_0008,8,none,add_proj,0.12,0.08,64,4,2.0,0.0,10.0,0.0,0.0,0.0,0.0,5,False,3|5|7|15,64,64,108,0.0002,8,1,1,0.6954849292834601,0.8692952499599998,0.3808265913066667,0.6191734086933334,0.6954849292834601,0.8692952499599998,0.3808265913066667,0.6191734086933334,0.6632360638678074,0.8639739963499998,0.3909047522166667,0.6090952477833333,0.6321064462264379,0.8505159228333333,0.39385957833333335,-0.01091438383999993,,,,,,,,,,,,,ok,0,True
S-none_K-2_C-0_W-10_Col-15,,,none,add_proj,0.12,0.08,64,4,2.0,0.0,10.0,15.0,0.0,0.0,0.0,5,False,3|5|7|15,64,64,108,0.0002,8,1,1,,,,,,,,,,,,,,,,,,,,,,,,,,,,,config_only,,False
S-none_K-2_C-0_W-10_Col-15,epoch_0001,1,none,add_proj,0.12,0.08,64,4,2.0,0.0,10.0,15.0,0.0,0.0,0.0,5,False,3|5|7|15,64,64,108,0.0002,8,1,1,0.6952243327299754,0.8455617515599999,0.41693169377333333,0.5830683062266666,0.6952243327299754,0.8455617515599999,0.41693169377333333,0.5830683062266666,0.665472695628802,0.8433629460333332,0.4246125132333334,0.5753874867666666,0.6482784594098727,0.7964538105,0.48713604758333334,0.004453266453333327,,,,,,,,,,,,,ok,0,True
S-none_K-2_C-0_W-10_Col-15,epoch_0002,2,none,add_proj,0.12,0.08,64,4,2.0,0.0,10.0,15.0,0.0,0.0,0.0,5,False,3|5|7|15,64,64,108,0.0002,8,1,1,0.6945322533051173,0.8456933548266667,0.40943581368,0.59056418632,0.6945322533051173,0.8456933548266667,0.40943581368,0.59056418632,0.6648831056058406,0.8431039657833335,0.41728298068333336,0.5827170193166666,0.6420493853588898,0.7999215729166667,0.4626903915,0.004453266453333327,,,,,,,,,,,,,ok,0,True
S-none_K-2_C-0_W-10_Col-15,epoch_0003,3,none,add_proj,0.12,0.08,64,4,2.0,0.0,10.0,15.0,0.0,0.0,0.0,5,False,3|5|7|15,64,64,108,0.0002,8,1,1,0.6980076643625895,0.8368718686666667,0.42138496022666666,0.5786150397733334,0.6980076643625895,0.8368718686666667,0.42138496022666666,0.5786150397733334,0.669345322450002,0.8339608300166667,0.4293852552333333,0.5706147447666667,0.6461578900615375,0.7879815420833334,0.48067973008333337,0.004453266453333327,,,,,,,,,,,,,ok,0,True
S-none_K-2_C-0_W-10_Col-15,epoch_0004,4,none,add_proj,0.12,0.08,64,4,2.0,0.0,10.0,15.0,0.0,0.0,0.0,5,False,3|5|7|15,64,64,108,0.0002,8,1,1,0.702789036432902,0.8245437795466667,0.4434297163466666,0.5565702836533334,0.702789036432902,0.8245437795466667,0.4434297163466666,0.5565702836533334,0.6755777318278948,0.8212300873833334,0.4512012913,0.5487987087,0.6551812293628851,0.7775893723333334,0.5094055700833333,0.004453266453333327,,,,,,,,,,,,,ok,0,True
S-none_K-2_C-0_W-10_Col-15,epoch_0005,5,none,add_proj,0.12,0.08,64,4,2.0,0.0,10.0,15.0,0.0,0.0,0.0,5,False,3|5|7|15,64,64,108,0.0002,8,1,1,0.7046831709543865,0.80872609704,0.45552497614666665,0.5444750238533334,0.7046831709543865,0.80872609704,0.45552497614666665,0.5444750238533334,0.6789413663744925,0.8048658428500002,0.46334732528333333,0.5366526747166667,0.6597332686185837,0.76441923125,0.5113390504166666,0.004453266453333327,,,,,,,,,,,,,ok,0,True
S-none_K-2_C-0_W-10_Col-15,epoch_0006,6,none,add_proj,0.12,0.08,64,4,2.0,0.0,10.0,15.0,0.0,0.0,0.0,5,False,3|5|7|15,64,64,108,0.0002,8,1,1,0.7052992966572446,0.804185004,0.4608806330133334,0.5391193669866666,0.7052992966572446,0.804185004,0.4608806330133334,0.5391193669866666,0.6801121917863686,0.8002682893999999,0.4684408920000001,0.531559108,0.6614959103365738,0.7605525235,0.5180901428333334,0.004453266453333327,,,,,,,,,,,,,ok,0,True
S-none_K-2_C-0_W-10_Col-15,epoch_0007,7,none,add_proj,0.12,0.08,64,4,2.0,0.0,10.0,15.0,0.0,0.0,0.0,5,False,3|5|7|15,64,64,108,0.0002,8,1,1,0.7063727161089579,0.7993530113866666,0.4664240289066667,0.5335759710933333,0.7063727161089579,0.7993530113866666,0.4664240289066667,0.5335759710933333,0.6820619789759318,0.7951124615166667,0.4744078857,0.5255921143,0.6624498583376408,0.7555143539166667,0.5197281803333333,0.004453266453333327,,,,,,,,,,,,,ok,0,True
S-none_K-2_C-0_W-10_Col-15,epoch_0008,8,none,add_proj,0.12,0.08,64,4,2.0,0.0,10.0,15.0,0.0,0.0,0.0,5,False,3|5|7|15,64,64,108,0.0002,8,1,1,0.707026506582896,0.7934902017733333,0.47178064508,0.52821935492,0.707026506582896,0.7934902017733333,0.47178064508,0.52821935492,0.6831073193748792,0.7889693877499999,0.4798525377333333,0.5201474622666666,0.6643305962284406,0.7510917569166665,0.5208876227499999,0.004453266453333327,,,,,,,,,,,,,ok,0,True
S-none_K-2_C-0_W-20_Col-0,,,none,add_proj,0.12,0.08,64,4,2.0,0.0,20.0,0.0,0.0,0.0,0.0,5,False,3|5|7|15,64,64,108,0.0002,8,1,1,,,,,,,,,,,,,,,,,,,,,,,,,,,,,config_only,,False
S-none_K-2_C-0_W-20_Col-0,epoch_0001,1,none,add_proj,0.12,0.08,64,4,2.0,0.0,20.0,0.0,0.0,0.0,0.0,5,False,3|5|7|15,64,64,108,0.0002,8,1,1,0.6826176742315292,0.8873781440933333,0.35593784143999996,0.64406215856,0.6826176742315292,0.8873781440933333,0.35593784143999996,0.64406215856,0.648124763816595,0.8850449885666665,0.3624945213,0.6375054787000001,0.6189746538798013,0.8659276855,0.3539369875,0.010994611013333322,,,,,,,,,,,,,ok,0,True
S-none_K-2_C-0_W-20_Col-0,epoch_0002,2,none,add_proj,0.12,0.08,64,4,2.0,0.0,20.0,0.0,0.0,0.0,0.0,5,False,3|5|7|15,64,64,108,0.0002,8,1,1,0.6899166777133943,0.8853585498133333,0.35960122032,0.6403987796799999,0.6899166777133943,0.8853585498133333,0.35960122032,0.6403987796799999,0.6555944162607192,0.8821811006333334,0.36774622496666665,0.6322537750333334,0.6333175900081793,0.859001505,0.387879427,0.010994611013333322,,,,,,,,,,,,,ok,0,True
S-none_K-2_C-0_W-20_Col-0,epoch_0003,3,none,add_proj,0.12,0.08,64,4,2.0,0.0,20.0,0.0,0.0,0.0,0.0,5,False,3|5|7|15,64,64,108,0.0002,8,1,1,0.6923616325855255,0.8799403484266668,0.3669324524533333,0.6330675475466667,0.6923616325855255,0.8799403484266668,0.3669324524533333,0.6330675475466667,0.6587481035788854,0.8761241887000001,0.3754087705166667,0.6245912294833333,0.6342882523934046,0.8569965245833333,0.3899691744166667,0.010994611013333322,,,,,,,,,,,,,ok,0,True
S-none_K-2_C-0_W-20_Col-0,epoch_0004,4,none,add_proj,0.12,0.08,64,4,2.0,0.0,20.0,0.0,0.0,0.0,0.0,5,False,3|5|7|15,64,64,108,0.0002,8,1,1,0.6943307172457378,0.8719068362666667,0.3796649040266667,0.6203350959733334,0.6943307172457378,0.8719068362666667,0.3796649040266667,0.6203350959733334,0.6614264932274818,0.8675159472833334,0.38842647015,0.61157352985,0.6383663391073544,0.847280187,0.4026446123333334,0.010994611013333322,,,,,,,,,,,,,ok,0,True
S-none_K-2_C-0_W-20_Col-0,epoch_0005,5,none,add_proj,0.12,0.08,64,4,2.0,0.0,20.0,0.0,0.0,0.0,0.0,5,False,3|5|7|15,64,64,108,0.0002,8,1,1,0.6974530941645304,0.8667033631866665,0.38752101967999997,0.61247898032,0.6974530941645304,0.8667033631866665,0.38752101967999997,0.61247898032,0.6652472592393558,0.8617415707833332,0.3973069286,0.6026930714000001,0.6445000285903613,0.8367523990833334,0.42536571016666663,0.010994611013333322,,,,,,,,,,,,,ok,0,True
S-none_K-2_C-0_W-20_Col-0,epoch_0006,6,none,add_proj,0.12,0.08,64,4,2.0,0.0,20.0,0.0,0.0,0.0,0.0,5,False,3|5|7|15,64,64,108,0.0002,8,1,1,0.7018256240288417,0.8564738841600001,0.40351390483999994,0.5964860951600001,0.7018256240288417,0.8564738841600001,0.40351390483999994,0.5964860951600001,0.6708197654783724,0.8502876693333332,0.41480449538333336,0.5851955046166666,0.6496425246198972,0.8286854315,0.4423499385,0.010994611013333322,,,,,,,,,,,,,ok,0,True
S-none_K-2_C-0_W-20_Col-0,epoch_0007,7,none,add_proj,0.12,0.08,64,4,2.0,0.0,20.0,0.0,0.0,0.0,0.0,5,False,3|5|7|15,64,64,108,0.0002,8,1,1,0.7027880112330118,0.8493066416133334,0.41449864740000003,0.5855013525999999,0.7027880112330118,0.8493066416133334,0.41449864740000003,0.5855013525999999,0.6723060203591982,0.8424071453833333,0.4261693785666667,0.5738306214333333,0.6500152533253034,0.8236390839999999,0.44662215116666665,0.010994611013333322,,,,,,,,,,,,,ok,0,True
S-none_K-2_C-0_W-20_Col-0,epoch_0008,8,none,add_proj,0.12,0.08,64,4,2.0,0.0,20.0,0.0,0.0,0.0,0.0,5,False,3|5|7|15,64,64,108,0.0002,8,1,1,0.7016411415735881,0.8488287737733335,0.4101704897866667,0.5898295102133333,0.7016411415735881,0.8488287737733335,0.4101704897866667,0.5898295102133333,0.6711581494410833,0.8421657578333333,0.4213195397833334,0.5786804602166666,0.6463630676269531,0.8257319605,0.43278672533333334,0.010994611013333322,,,,,,,,,,,,,ok,0,True
S-none_K-2_C-0_W-20_Col-15,,,none,add_proj,0.12,0.08,64,4,2.0,0.0,20.0,15.0,0.0,0.0,0.0,5,False,3|5|7|15,64,64,108,0.0002,8,1,1,,,,,,,,,,,,,,,,,,,,,,,,,,,,,config_only,,False
S-none_K-2_C-0_W-20_Col-15,epoch_0001,1,none,add_proj,0.12,0.08,64,4,2.0,0.0,20.0,15.0,0.0,0.0,0.0,5,False,3|5|7|15,64,64,108,0.0002,8,1,1,0.6950515008370082,0.8500408104799999,0.4121310107066667,0.5878689892933333,0.6950515008370082,0.8500408104799999,0.4121310107066667,0.5878689892933333,0.6650353522598744,0.8475382608666667,0.4201331862666667,0.5798668137333334,0.6470524862408638,0.8050326496666667,0.4714745140833334,0.030163729973333275,,,,,,,,,,,,,ok,0,True
S-none_K-2_C-0_W-20_Col-15,epoch_0002,2,none,add_proj,0.12,0.08,64,4,2.0,0.0,20.0,15.0,0.0,0.0,0.0,5,False,3|5|7|15,64,64,108,0.0002,8,1,1,0.6946617808341979,0.8458548835066666,0.40532530093333335,0.5946746990666667,0.6946617808341979,0.8458548835066666,0.40532530093333335,0.5946746990666667,0.6648809279998142,0.8430532603500002,0.4128176981166667,0.5871823018833333,0.6404065897067387,0.8070201068333334,0.4402630105,0.030163729973333275,,,,,,,,,,,,,ok,0,True
S-none_K-2_C-0_W-20_Col-15,epoch_0003,3,none,add_proj,0.12,0.08,64,4,2.0,0.0,20.0,15.0,0.0,0.0,0.0,5,False,3|5|7|15,64,64,108,0.0002,8,1,1,0.7029663746754329,0.8199907863733332,0.44229474067999996,0.55770525932,0.7029663746754329,0.8199907863733332,0.44229474067999996,0.55770525932,0.6760659871995449,0.8160882490666665,0.4501561667333334,0.5498438332666666,0.6537055596709251,0.79032281825,0.48273416933333335,0.030163729973333275,,,,,,,,,,,,,ok,0,True
S-none_K-2_C-0_W-20_Col-15,epoch_0004,4,none,add_proj,0.12,0.08,64,4,2.0,0.0,20.0,15.0,0.0,0.0,0.0,5,False,3|5|7|15,64,64,108,0.0002,8,1,1,0.7080147931178411,0.8025296612133332,0.46719846932,0.53280153068,0.7080147931178411,0.8025296612133332,0.46719846932,0.53280153068,0.6830248149732748,0.79819956595,0.4750149788,0.5249850212,0.6641864707072576,0.7706133803333333,0.5232137426666665,0.030163729973333275,,,,,,,,,,,,,ok,0,True
S-none_K-2_C-0_W-20_Col-15,epoch_0005,5,none,add_proj,0.12,0.08,64,4,2.0,0.0,20.0,15.0,0.0,0.0,0.0,5,False,3|5|7|15,64,64,108,0.0002,8,1,1,0.709089428861936,0.78595549952,0.4799850483333333,0.5200149516666668,0.709089428861936,0.78595549952,0.4799850483333333,0.5200149516666668,0.6858827665944893,0.7812602641666667,0.4876801919,0.5123198081,0.6700285737713179,0.7554870745,0.5286789869166666,0.030163729973333275,,,,,,,,,,,,,ok,0,True
S-none_K-2_C-0_W-20_Col-15,epoch_0006,6,none,add_proj,0.12,0.08,64,4,2.0,0.0,20.0,15.0,0.0,0.0,0.0,5,False,3|5|7|15,64,64,108,0.0002,8,1,1,0.7097837330102921,0.78208913416,0.48549460436,0.51450539564,0.7097837330102921,0.78208913416,0.48549460436,0.51450539564,0.6870290281871955,0.7773601838666667,0.49321014466666674,0.5067898553333332,0.6720795278747875,0.7474951355000001,0.53750960875,0.030163729973333275,,,,,,,,,,,,,ok,0,True
S-none_K-2_C-0_W-20_Col-15,epoch_0007,7,none,add_proj,0.12,0.08,64,4,2.0,0.0,20.0,15.0,0.0,0.0,0.0,5,False,3|5|7|15,64,64,108,0.0002,8,1,1,0.7114487874905268,0.7713153500000002,0.49691251131999997,0.5030874886800001,0.7114487874905268,0.7713153500000002,0.49691251131999997,0.5030874886800001,0.6902601619064808,0.7664606258166666,0.5050976704166666,0.49490232958333336,0.6758500948548317,0.7392738591666668,0.5419694897499999,0.030163729973333275,,,,,,,,,,,,,ok,0,True
S-none_K-2_C-0_W-20_Col-15,epoch_0008,8,none,add_proj,0.12,0.08,64,4,2.0,0.0,20.0,15.0,0.0,0.0,0.0,5,False,3|5|7|15,64,64,108,0.0002,8,1,1,0.710875095963478,0.76580412056,0.50010558176,0.49989441824,0.710875095963478,0.76580412056,0.50010558176,0.49989441824,0.6901976553102334,0.7610528385500002,0.5081084527333333,0.49189154726666673,0.6755940660834312,0.7354330311666666,0.5382352588333333,0.030163729973333275,,,,,,,,,,,,,ok,0,True
S-none_K-2_C-2_W-10_Col-0,,,none,add_proj,0.12,0.08,64,4,2.0,2.0,10.0,0.0,0.0,0.0,0.0,5,False,3|5|7|15,64,64,108,0.0002,8,1,1,,,,,,,,,,,,,,,,,,,,,,,,,,,,,config_only,,False
S-none_K-2_C-2_W-10_Col-0,epoch_0001,1,none,add_proj,0.12,0.08,64,4,2.0,2.0,10.0,0.0,0.0,0.0,0.0,5,False,3|5|7|15,64,64,108,0.0002,8,1,1,0.6741544713576634,0.8979937695866669,0.3403373238933334,0.6596626761066666,0.6741544713576634,0.8979937695866669,0.3403373238933334,0.6596626761066666,0.6381405962010225,0.8964053639000001,0.3450367454666667,0.6549632545333333,0.5942327705522379,0.8851872816666666,0.32577778183333334,-0.0008114424800000353,,,,,,,,,,,,,ok,0,True
S-none_K-2_C-2_W-10_Col-0,epoch_0002,2,none,add_proj,0.12,0.08,64,4,2.0,2.0,10.0,0.0,0.0,0.0,0.0,5,False,3|5|7|15,64,64,108,0.0002,8,1,1,0.6763371177117031,0.9017809271733332,0.32249320369333334,0.6775067963066667,0.6763371177117031,0.9017809271733332,0.32249320369333334,0.6775067963066667,0.6403325206538042,0.9001106994000001,0.3287859183,0.6712140817000001,0.6013792042930921,0.8859671649166666,0.3253279445833333,-0.0008114424800000353,,,,,,,,,,,,,ok,0,True
S-none_K-2_C-2_W-10_Col-0,epoch_0003,3,none,add_proj,0.12,0.08,64,4,2.0,2.0,10.0,0.0,0.0,0.0,0.0,5,False,3|5|7|15,64,64,108,0.0002,8,1,1,0.6800974553823471,0.8970532532933332,0.33952588141333334,0.6604741185866667,0.6800974553823471,0.8970532532933332,0.33952588141333334,0.6604741185866667,0.6446749466160934,0.8946085528333334,0.34793123659999997,0.6520687634,0.6084647638102373,0.88137026525,0.3442309975,-0.0008114424800000353,,,,,,,,,,,,,ok,0,True
S-none_K-2_C-2_W-10_Col-0,epoch_0004,4,none,add_proj,0.12,0.08,64,4,2.0,2.0,10.0,0.0,0.0,0.0,0.0,5,False,3|5|7|15,64,64,108,0.0002,8,1,1,0.6799115988016129,0.8988518931466666,0.3324439885066667,0.6675560114933333,0.6799115988016129,0.8988518931466666,0.3324439885066667,0.6675560114933333,0.6443426158527533,0.8963893855499998,0.34009789225000003,0.65990210775,0.607196469604969,0.8836882584166668,0.3400420078333333,-0.0008114424800000353,,,,,,,,,,,,,ok,0,True
S-none_K-2_C-2_W-10_Col-0,epoch_0005,5,none,add_proj,0.12,0.08,64,4,2.0,2.0,10.0,0.0,0.0,0.0,0.0,5,False,3|5|7|15,64,64,108,0.0002,8,1,1,0.6850168365637461,0.8913908953066665,0.34598713865333336,0.6540128613466667,0.6850168365637461,0.8913908953066665,0.34598713865333336,0.6540128613466667,0.6506269643704096,0.8879765938333334,0.3547431912333333,0.6452568087666667,0.6142230885724227,0.8756613383333333,0.35457870599999997,-0.0008114424800000353,,,,,,,,,,,,,ok,0,True
S-none_K-2_C-2_W-10_Col-0,epoch_0006,6,none,add_proj,0.12,0.08,64,4,2.0,2.0,10.0,0.0,0.0,0.0,0.0,5,False,3|5|7|15,64,64,108,0.0002,8,1,1,0.6897100105285644,0.8884047695466667,0.35358402608,0.6464159739199999,0.6897100105285644,0.8884047695466667,0.35358402608,0.6464159739199999,0.6562241820494333,0.8845030953666667,0.3637676000833333,0.6362323999166667,0.6231581476827462,0.87022950025,0.37623407666666664,-0.0008114424800000353,,,,,,,,,,,,,ok,0,True
S-none_K-2_C-2_W-10_Col-0,epoch_0007,7,none,add_proj,0.12,0.08,64,4,2.0,2.0,10.0,0.0,0.0,0.0,0.0,5,False,3|5|7|15,64,64,108,0.0002,8,1,1,0.6887092729409535,0.8874600677333333,0.35579029905333326,0.6442097009466667,0.6887092729409535,0.8874600677333333,0.35579029905333326,0.6442097009466667,0.6549609412749609,0.8834851683166667,0.36627737505,0.63372262495,0.6204487428069114,0.8720977859166668,0.37176850024999997,-0.0008114424800000353,,,,,,,,,,,,,ok,0,True
S-none_K-2_C-2_W-10_Col-0,epoch_0008,8,none,add_proj,0.12,0.08,64,4,2.0,2.0,10.0,0.0,0.0,0.0,0.0,5,False,3|5|7|15,64,64,108,0.0002,8,1,1,0.6877527318795522,0.8848582720666667,0.35893558793333336,0.6410644120666666,0.6877527318795522,0.8848582720666667,0.35893558793333336,0.6410644120666666,0.6540282654762268,0.8806301850166667,0.36911570439999997,0.6308842956,0.6181364675362905,0.8715976643333333,0.3655202160833334,-0.0008114424800000353,,,,,,,,,,,,,ok,0,True
S-none_K-2_C-2_W-10_Col-15,,,none,add_proj,0.12,0.08,64,4,2.0,2.0,10.0,15.0,0.0,0.0,0.0,5,False,3|5|7|15,64,64,108,0.0002,8,1,1,,,,,,,,,,,,,,,,,,,,,,,,,,,,,config_only,,False
S-none_K-2_C-2_W-10_Col-15,epoch_0001,1,none,add_proj,0.12,0.08,64,4,2.0,2.0,10.0,15.0,0.0,0.0,0.0,5,False,3|5|7|15,64,64,108,0.0002,8,1,1,0.6948758414586385,0.8506569791333334,0.42069019993333334,0.5793098000666667,0.6948758414586385,0.8506569791333334,0.42069019993333334,0.5793098000666667,0.6646927627921104,0.8480499358333333,0.430023038,0.5699769619999999,0.6482804223895073,0.799284028,0.4982527063333333,-0.017447994066666694,,,,,,,,,,,,,ok,0,True
S-none_K-2_C-2_W-10_Col-15,epoch_0002,2,none,add_proj,0.12,0.08,64,4,2.0,2.0,10.0,15.0,0.0,0.0,0.0,5,False,3|5|7|15,64,64,108,0.0002,8,1,1,0.6933096004724502,0.8528913612666666,0.4139240074533334,0.5860759925466665,0.6933096004724502,0.8528913612666666,0.4139240074533334,0.5860759925466665,0.6627989370127518,0.8499675621333334,0.42327424220000004,0.5767257578,0.642770280689001,0.8073525328333333,0.4722603963333334,-0.017447994066666694,,,,,,,,,,,,,ok,0,True
S-none_K-2_C-2_W-10_Col-15,epoch_0003,3,none,add_proj,0.12,0.08,64,4,2.0,2.0,10.0,15.0,0.0,0.0,0.0,5,False,3|5|7|15,64,64,108,0.0002,8,1,1,0.6935100359519324,0.8567978457866665,0.40324220586666665,0.5967577941333333,0.6935100359519324,0.8567978457866665,0.40324220586666665,0.5967577941333333,0.6626243720948697,0.8540434348,0.4119439290833333,0.5880560709166667,0.6414436139166355,0.8123498191666666,0.46342440458333334,-0.017447994066666694,,,,,,,,,,,,,ok,0,True
S-none_K-2_C-2_W-10_Col-15,epoch_0004,4,none,add_proj,0.12,0.08,64,4,2.0,2.0,10.0,15.0,0.0,0.0,0.0,5,False,3|5|7|15,64,64,108,0.0002,8,1,1,0.6966402606566748,0.8431950865733333,0.42344465459999997,0.5765553454000001,0.6966402606566748,0.8431950865733333,0.42344465459999997,0.5765553454000001,0.6671412567794323,0.8397484498333334,0.4332417969833333,0.5667582030166667,0.6472516372799874,0.79354654975,0.49045915216666663,-0.017447994066666694,,,,,,,,,,,,,ok,0,True
S-none_K-2_C-2_W-10_Col-15,epoch_0005,5,none,add_proj,0.12,0.08,64,4,2.0,2.0,10.0,15.0,0.0,0.0,0.0,5,False,3|5|7|15,64,64,108,0.0002,8,1,1,0.6974896866877874,0.8374123376533333,0.4274986454399999,0.5725013545600002,0.6974896866877874,0.8374123376533333,0.4274986454399999,0.5725013545600002,0.6685422424972058,0.8339336844166668,0.4367354156,0.5632645843999999,0.647274611890316,0.7877605910833333,0.4977226752500001,-0.017447994066666694,,,,,,,,,,,,,ok,0,True
S-none_K-2_C-2_W-10_Col-15,epoch_0006,6,none,add_proj,0.12,0.08,64,4,2.0,2.0,10.0,15.0,0.0,0.0,0.0,5,False,3|5|7|15,64,64,108,0.0002,8,1,1,0.6983495093981424,0.8353065926800001,0.4297761310533334,0.5702238689466665,0.6983495093981424,0.8353065926800001,0.4297761310533334,0.5702238689466665,0.6695300164818764,0.8315794634166667,0.4390332699,0.5609667301,0.6473616473376751,0.7855030701666667,0.49666641049999993,-0.017447994066666694,,,,,,,,,,,,,ok,0,True
S-none_K-2_C-2_W-10_Col-15,epoch_0007,7,none,add_proj,0.12,0.08,64,4,2.0,2.0,10.0,15.0,0.0,0.0,0.0,5,False,3|5|7|15,64,64,108,0.0002,8,1,1,0.6996263519525527,0.8326301285066667,0.4338999974,0.5661000026,0.6996263519525527,0.8326301285066667,0.4338999974,0.5661000026,0.6713213037947814,0.8285329893333333,0.44376847994999996,0.5562315200500001,0.64854688073198,0.78190009275,0.4997999785,-0.017447994066666694,,,,,,,,,,,,,ok,0,True
S-none_K-2_C-2_W-10_Col-15,epoch_0008,8,none,add_proj,0.12,0.08,64,4,2.0,2.0,10.0,15.0,0.0,0.0,0.0,5,False,3|5|7|15,64,64,108,0.0002,8,1,1,0.7002445929050445,0.8283036876533335,0.43708336028,0.5629166397200001,0.7002445929050445,0.8283036876533335,0.43708336028,0.5629166397200001,0.672250497440497,0.8238258519666667,0.44690618175,0.55309381825,0.6500447399914264,0.7774368623333333,0.5008427308333334,-0.017447994066666694,,,,,,,,,,,,,ok,0,True
S-none_K-2_C-2_W-20_Col-0,,,none,add_proj,0.12,0.08,64,4,2.0,2.0,20.0,0.0,0.0,0.0,0.0,5,False,3|5|7|15,64,64,108,0.0002,8,1,1,,,,,,,,,,,,,,,,,,,,,,,,,,,,,config_only,,False
S-none_K-2_C-2_W-20_Col-0,epoch_0001,1,none,add_proj,0.12,0.08,64,4,2.0,2.0,20.0,0.0,0.0,0.0,0.0,5,False,3|5|7|15,64,64,108,0.0002,8,1,1,0.6827737276951471,0.8948709577066666,0.3461147149333334,0.6538852850666665,0.6827737276951471,0.8948709577066666,0.3461147149333334,0.6538852850666665,0.6477433792253335,0.89269065115,0.3532276672,0.6467723328,0.6170055528481801,0.8734446008333334,0.35859730466666667,-0.0014321876800000855,,,,,,,,,,,,,ok,0,True
S-none_K-2_C-2_W-20_Col-0,epoch_0002,2,none,add_proj,0.12,0.08,64,4,2.0,2.0,20.0,0.0,0.0,0.0,0.0,5,False,3|5|7|15,64,64,108,0.0002,8,1,1,0.6831447943051657,0.8962200576933332,0.34116901026133334,0.6588309897386666,0.6831447943051657,0.8962200576933332,0.34116901026133334,0.6588309897386666,0.647794241309166,0.8936708207833334,0.34916240941,0.65083759059,0.6139359732468923,0.8784551939999999,0.35566710025,-0.0014321876800000855,,,,,,,,,,,,,ok,0,True
S-none_K-2_C-2_W-20_Col-0,epoch_0003,3,none,add_proj,0.12,0.08,64,4,2.0,2.0,20.0,0.0,0.0,0.0,0.0,5,False,3|5|7|15,64,64,108,0.0002,8,1,1,0.6847107766469321,0.89437391368,0.3446825272533333,0.6553174727466666,0.6847107766469321,0.89437391368,0.3446825272533333,0.6553174727466666,0.6495408616463343,0.8915426445833334,0.35321072496666667,0.6467892750333333,0.618137500435114,0.8769171678333334,0.3647504274166667,-0.0014321876800000855,,,,,,,,,,,,,ok,0,True
S-none_K-2_C-2_W-20_Col-0,epoch_0004,4,none,add_proj,0.12,0.08,64,4,2.0,2.0,20.0,0.0,0.0,0.0,0.0,5,False,3|5|7|15,64,64,108,0.0002,8,1,1,0.6887093489964804,0.8849991753733332,0.36049168294666667,0.6395083170533333,0.6887093489964804,0.8849991753733332,0.36049168294666667,0.6395083170533333,0.6546420416235923,0.8810080745166667,0.3696608870166667,0.6303391129833333,0.6225462096432844,0.8699063796666666,0.37187416516666666,-0.0014321876800000855,,,,,,,,,,,,,ok,0,True
S-none_K-2_C-2_W-20_Col-0,epoch_0005,5,none,add_proj,0.12,0.08,64,4,2.0,2.0,20.0,0.0,0.0,0.0,0.0,5,False,3|5|7|15,64,64,108,0.0002,8,1,1,0.6911129407485328,0.8827739709999999,0.36017325543999995,0.6398267445600001,0.6911129407485328,0.8827739709999999,0.36017325543999995,0.6398267445600001,0.6575022912522157,0.8784951886166665,0.36973251561666676,0.6302674843833332,0.625725553681453,0.8648370069999999,0.3831362718333333,-0.0014321876800000855,,,,,,,,,,,,,ok,0,True
S-none_K-2_C-2_W-20_Col-0,epoch_0006,6,none,add_proj,0.12,0.08,64,4,2.0,2.0,20.0,0.0,0.0,0.0,0.0,5,False,3|5|7|15,64,64,108,0.0002,8,1,1,0.6955758251349132,0.8757638236933333,0.3738635566533333,0.6261364433466667,0.6955758251349132,0.8757638236933333,0.3738635566533333,0.6261364433466667,0.6629460088411967,0.8705156464499998,0.3851077748333334,0.6148922251666666,0.6323438664277394,0.8559826011666668,0.4052742739166667,-0.0014321876800000855,,,,,,,,,,,,,ok,0,True
S-none_K-2_C-2_W-20_Col-0,epoch_0007,7,none,add_proj,0.12,0.08,64,4,2.0,2.0,20.0,0.0,0.0,0.0,0.0,5,False,3|5|7|15,64,64,108,0.0002,8,1,1,0.6962575358549755,0.8712189212266668,0.38318121224,0.61681878776,0.6962575358549755,0.8712189212266668,0.38318121224,0.61681878776,0.6639506524801254,0.8654893039333332,0.39488418501666667,0.6051158149833333,0.6323152035474777,0.8546078181666668,0.4072910344166667,-0.0014321876800000855,,,,,,,,,,,,,ok,0,True
S-none_K-2_C-2_W-20_Col-0,epoch_0008,8,none,add_proj,0.12,0.08,64,4,2.0,2.0,20.0,0.0,0.0,0.0,0.0,5,False,3|5|7|15,64,64,108,0.0002,8,1,1,0.6959532681306204,0.8686181162933333,0.38604995715999996,0.61395004284,0.6959532681306204,0.8686181162933333,0.38604995715999996,0.61395004284,0.663694441219171,0.8627808858833333,0.3975741967833334,0.6024258032166666,0.630006584028403,0.855445177,0.4026870689166667,-0.0014321876800000855,,,,,,,,,,,,,ok,0,True
S-none_K-2_C-2_W-20_Col-15,,,none,add_proj,0.12,0.08,64,4,2.0,2.0,20.0,15.0,0.0,0.0,0.0,5,False,3|5|7|15,64,64,108,0.0002,8,1,1,,,,,,,,,,,,,,,,,,,,,,,,,,,,,config_only,,False
S-none_K-2_C-2_W-20_Col-15,epoch_0001,1,none,add_proj,0.12,0.08,64,4,2.0,2.0,20.0,15.0,0.0,0.0,0.0,5,False,3|5|7|15,64,64,108,0.0002,8,1,1,0.6886158585945765,0.8677426158,0.39363712073333335,0.6063628792666667,0.6886158585945765,0.8677426158,0.39363712073333335,0.6063628792666667,0.656711406558752,0.86553276985,0.4022024436166666,0.5977975563833333,0.633606701095899,0.8301839342499999,0.42721383275,0.012895540573333308,,,,,,,,,,,,,ok,0,True
S-none_K-2_C-2_W-20_Col-15,epoch_0002,2,none,add_proj,0.12,0.08,64,4,2.0,2.0,20.0,15.0,0.0,0.0,0.0,5,False,3|5|7|15,64,64,108,0.0002,8,1,1,0.6915436577002209,0.85842744348,0.39586603602666665,0.6041339639733334,0.6915436577002209,0.85842744348,0.39586603602666665,0.6041339639733334,0.6602589732408524,0.8555800764500001,0.4045186376166667,0.5954813623833333,0.63894755144914,0.8151535353333332,0.44182660400000007,0.012895540573333308,,,,,,,,,,,,,ok,0,True
S-none_K-2_C-2_W-20_Col-15,epoch_0003,3,none,add_proj,0.12,0.08,64,4,2.0,2.0,20.0,15.0,0.0,0.0,0.0,5,False,3|5|7|15,64,64,108,0.0002,8,1,1,0.6940035344362259,0.8527628980266667,0.40653266130666665,0.5934673386933333,0.6940035344362259,0.8527628980266667,0.40653266130666665,0.5934673386933333,0.6635129689673581,0.8494574324166667,0.41610575151666673,0.5838942484833333,0.6428186749418576,0.8077228509166667,0.45811518375,0.012895540573333308,,,,,,,,,,,,,ok,0,True
S-none_K-2_C-2_W-20_Col-15,epoch_0004,4,none,add_proj,0.12,0.08,64,4,2.0,2.0,20.0,15.0,0.0,0.0,0.0,5,False,3|5|7|15,64,64,108,0.0002,8,1,1,0.6961027562618256,0.84919855372,0.41285177273333334,0.5871482272666666,0.6961027562618256,0.84919855372,0.41285177273333334,0.5871482272666666,0.6656006764372191,0.8456496972833334,0.4220117364666667,0.5779882635333333,0.6463469455639521,0.8026742110833333,0.47345304199999994,0.012895540573333308,,,,,,,,,,,,,ok,0,True
S-none_K-2_C-2_W-20_Col-15,epoch_0005,5,none,add_proj,0.12,0.08,64,4,2.0,2.0,20.0,15.0,0.0,0.0,0.0,5,False,3|5|7|15,64,64,108,0.0002,8,1,1,0.6991408654054005,0.8359775250533334,0.4274370935066667,0.5725629064933333,0.6991408654054005,0.8359775250533334,0.4274370935066667,0.5725629064933333,0.6701864638924598,0.8315167726333333,0.4369440269999999,0.5630559730000001,0.6495354299743971,0.78836948575,0.4843704645833333,0.012895540573333308,,,,,,,,,,,,,ok,0,True
S-none_K-2_C-2_W-20_Col-15,epoch_0006,6,none,add_proj,0.12,0.08,64,4,2.0,2.0,20.0,15.0,0.0,0.0,0.0,5,False,3|5|7|15,64,64,108,0.0002,8,1,1,0.7011350657542548,0.8326152172133334,0.43377473676,0.56622526324,0.7011350657542548,0.8326152172133334,0.43377473676,0.56622526324,0.6725385991235574,0.8277582444666665,0.4434153871333334,0.5565846128666666,0.6521193747719128,0.7837655399999999,0.49820460349999995,0.012895540573333308,,,,,,,,,,,,,ok,0,True
S-none_K-2_C-2_W-20_Col-15,epoch_0007,7,none,add_proj,0.12,0.08,64,4,2.0,2.0,20.0,15.0,0.0,0.0,0.0,5,False,3|5|7|15,64,64,108,0.0002,8,1,1,0.7034330813884736,0.8234792444533333,0.4443614351066667,0.5556385648933333,0.7034330813884736,0.8234792444533333,0.4443614351066667,0.5556385648933333,0.6759286429484685,0.8179238045,0.4548732557166667,0.5451267442833333,0.6554092201093833,0.775468374,0.5031197826666667,0.012895540573333308,,,,,,,,,,,,,ok,0,True
S-none_K-2_C-2_W-20_Col-15,epoch_0008,8,none,add_proj,0.12,0.08,64,4,2.0,2.0,20.0,15.0,0.0,0.0,0.0,5,False,3|5|7|15,64,64,108,0.0002,8,1,1,0.7026767563819886,0.818765141,0.44582042165333335,0.5541795783466666,0.7026767563819886,0.818765141,0.44582042165333335,0.5541795783466666,0.6754963314533234,0.8131487634999999,0.4557944962166666,0.5442055037833333,0.6542681823174158,0.7730335232499999,0.4977231644166667,0.012895540573333308,,,,,,,,,,,,,ok,0,True
S-none_K-2_C-5_W-10_Col-0,,,none,add_proj,0.12,0.08,64,4,2.0,5.0,10.0,0.0,0.0,0.0,0.0,5,False,3|5|7|15,64,64,108,0.0002,8,1,1,,,,,,,,,,,,,,,,,,,,,,,,,,,,,config_only,,False
S-none_K-2_C-5_W-10_Col-0,epoch_0001,1,none,add_proj,0.12,0.08,64,4,2.0,5.0,10.0,0.0,0.0,0.0,0.0,5,False,3|5|7|15,64,64,108,0.0002,8,1,1,0.6735250268777212,0.8940067655733334,0.35131281747999993,0.64868718252,0.6735250268777212,0.8940067655733334,0.35131281747999993,0.64868718252,0.6384127548336982,0.8923493455499999,0.35614347324999995,0.64385652675,0.5923746548593044,0.8840195770833335,0.32684589599999997,-0.009034116826666605,,,,,,,,,,,,,ok,0,True
S-none_K-2_C-5_W-10_Col-0,epoch_0002,2,none,add_proj,0.12,0.08,64,4,2.0,5.0,10.0,0.0,0.0,0.0,0.0,5,False,3|5|7|15,64,64,108,0.0002,8,1,1,0.6753053398927052,0.893413165,0.34081855009333334,0.6591814499066666,0.6753053398927052,0.893413165,0.34081855009333334,0.6591814499066666,0.6403412561615307,0.8910954101833333,0.3463147158166667,0.6536852841833334,0.5981676754852137,0.8812533031666666,0.32970036925,-0.009034116826666605,,,,,,,,,,,,,ok,0,True
S-none_K-2_C-5_W-10_Col-0,epoch_0003,3,none,add_proj,0.12,0.08,64,4,2.0,5.0,10.0,0.0,0.0,0.0,0.0,5,False,3|5|7|15,64,64,108,0.0002,8,1,1,0.6796056741476058,0.8939462263733334,0.3422787006533333,0.6577212993466667,0.6796056741476058,0.8939462263733334,0.3422787006533333,0.6577212993466667,0.6447729432086149,0.8911168247166668,0.3507301008,0.6492698992,0.6044263939062754,0.8792001589166667,0.33924259925,-0.009034116826666605,,,,,,,,,,,,,ok,0,True
S-none_K-2_C-5_W-10_Col-0,epoch_0004,4,none,add_proj,0.12,0.08,64,4,2.0,5.0,10.0,0.0,0.0,0.0,0.0,5,False,3|5|7|15,64,64,108,0.0002,8,1,1,0.6793240796724956,0.8909360019066667,0.3546986353866666,0.6453013646133334,0.6793240796724956,0.8909360019066667,0.3546986353866666,0.6453013646133334,0.6446937305728595,0.8879510578166666,0.3629992860000001,0.6370007139999999,0.6052609210213025,0.8775386224166668,0.34125726333333334,-0.009034116826666605,,,,,,,,,,,,,ok,0,True
S-none_K-2_C-5_W-10_Col-0,epoch_0005,5,none,add_proj,0.12,0.08,64,4,2.0,5.0,10.0,0.0,0.0,0.0,0.0,5,False,3|5|7|15,64,64,108,0.0002,8,1,1,0.6790050032933553,0.8913927698266667,0.34539538424,0.6546046157600001,0.6790050032933553,0.8913927698266667,0.34539538424,0.6546046157600001,0.6443437503774961,0.8888854724666666,0.3525753563,0.6474246437,0.6045937843620777,0.8801160146666667,0.33355115491666665,-0.009034116826666605,,,,,,,,,,,,,ok,0,True
S-none_K-2_C-5_W-10_Col-0,epoch_0006,6,none,add_proj,0.12,0.08,64,4,2.0,5.0,10.0,0.0,0.0,0.0,0.0,5,False,3|5|7|15,64,64,108,0.0002,8,1,1,0.6820063519080479,0.8881605746133333,0.3432480533333333,0.6567519466666667,0.6820063519080479,0.8881605746133333,0.3432480533333333,0.6567519466666667,0.6478805536528428,0.8852130343000001,0.35092898139999995,0.6490710186,0.6098723294834296,0.8758447440833335,0.3436951656666667,-0.009034116826666605,,,,,,,,,,,,,ok,0,True
S-none_K-2_C-5_W-10_Col-0,epoch_0007,7,none,add_proj,0.12,0.08,64,4,2.0,5.0,10.0,0.0,0.0,0.0,0.0,5,False,3|5|7|15,64,64,108,0.0002,8,1,1,0.6837290405035019,0.8856266178,0.3484698177599999,0.6515301822400001,0.6837290405035019,0.8856266178,0.3484698177599999,0.6515301822400001,0.6499525582293669,0.8823555482166666,0.3568984752166666,0.6431015247833334,0.613722950965166,0.8738179910833332,0.35042026325,-0.009034116826666605,,,,,,,,,,,,,ok,0,True
S-none_K-2_C-5_W-10_Col-0,epoch_0008,8,none,add_proj,0.12,0.08,64,4,2.0,5.0,10.0,0.0,0.0,0.0,0.0,5,False,3|5|7|15,64,64,108,0.0002,8,1,1,0.6834211244980493,0.8807849108933334,0.36309339236,0.6369066076400001,0.6834211244980493,0.8807849108933334,0.36309339236,0.6369066076400001,0.6500594662129879,0.8771927791166666,0.37143803185,0.62856196815,0.6137816411753495,0.8712488944166666,0.35353375075000004,-0.009034116826666605,,,,,,,,,,,,,ok,0,True
S-none_K-2_C-5_W-10_Col-15,,,none,,,,,,2.0,5.0,10.0,15.0,,,,,,,,,,,,,,,,,,,,,,,,,,,,,,,,,,,,,,,,,,config_only,,False
S-none_K-2_C-5_W-10_Col-15,epoch_0001,1,none,add_proj,0.12,0.08,64,4,2.0,5.0,10.0,15.0,0.0,0.0,0.0,5,False,3|5|7|15,64,64,108,0.0002,8,1,1,0.6918412665923435,0.8631439028933333,0.4038368559866667,0.5961631440133333,0.6918412665923435,0.8631439028933333,0.4038368559866667,0.5961631440133333,0.6602952301005524,0.8601074630666666,0.4138836149166666,0.5861163850833334,0.6420041734973589,0.8147986854166667,0.4630737266666667,-0.004781619280000038,,,,,,,,,,,,,ok,0,True
S-none_K-2_C-5_W-10_Col-15,epoch_0002,2,none,add_proj,0.12,0.08,64,4,2.0,5.0,10.0,15.0,0.0,0.0,0.0,5,False,3|5|7|15,64,64,108,0.0002,8,1,1,0.6934124668041864,0.8562394742266666,0.41166598676,0.58833401324,0.6934124668041864,0.8562394742266666,0.41166598676,0.58833401324,0.6626841334005198,0.8530410007833332,0.42146988795,0.5785301120499999,0.6420509497324626,0.8105381487500001,0.47065297316666665,-0.004781619280000038,,,,,,,,,,,,,ok,0,True
S-none_K-2_C-5_W-10_Col-15,epoch_0003,3,none,add_proj,0.12,0.08,64,4,2.0,5.0,10.0,15.0,0.0,0.0,0.0,5,False,3|5|7|15,64,64,108,0.0002,8,1,1,0.6917661784092586,0.8609378462666666,0.39905523670666665,0.6009447632933334,0.6917661784092586,0.8609378462666666,0.39905523670666665,0.6009447632933334,0.6603299346069494,0.8577992698833332,0.40846146525,0.59153853475,0.6371494049827258,0.8188867460833333,0.4525466456666667,-0.004781619280000038,,,,,,,,,,,,,ok,0,True
S-none_K-2_C-5_W-10_Col-15,epoch_0004,4,none,add_proj,0.12,0.08,64,4,2.0,5.0,10.0,15.0,0.0,0.0,0.0,5,False,3|5|7|15,64,64,108,0.0002,8,1,1,0.6953200731277466,0.8585058290666666,0.40271548728,0.5972845127199999,0.6953200731277466,0.8585058290666666,0.40271548728,0.5972845127199999,0.6645057579874993,0.855108443,0.41261415091666664,0.5873858490833334,0.6429461215933164,0.8141454934166666,0.47268202125000003,-0.004781619280000038,,,,,,,,,,,,,ok,0,True
S-none_K-2_C-5_W-10_Col-15,epoch_0005,5,none,add_proj,0.12,0.08,64,4,2.0,5.0,10.0,15.0,0.0,0.0,0.0,5,False,3|5|7|15,64,64,108,0.0002,8,1,1,0.6959427887598673,0.8505702864266667,0.4124810760266667,0.5875189239733333,0.6959427887598673,0.8505702864266667,0.4124810760266667,0.5875189239733333,0.6655582278966903,0.8469276416833333,0.4220050114999999,0.5779949885000001,0.6436668654282888,0.8066102161666666,0.4790832778333334,-0.004781619280000038,,,,,,,,,,,,,ok,0,True
S-none_K-2_C-5_W-10_Col-15,epoch_0006,6,none,add_proj,0.12,0.08,64,4,2.0,5.0,10.0,15.0,0.0,0.0,0.0,5,False,3|5|7|15,64,64,108,0.0002,8,1,1,0.6946869997183481,0.84932560976,0.4102450469866666,0.5897549530133335,0.6946869997183481,0.84932560976,0.4102450469866666,0.5897549530133335,0.6641211929917334,0.8454746035499999,0.41959762828333336,0.5804023717166666,0.6405837051570415,0.8049034034166668,0.4676859883333333,-0.004781619280000038,,,,,,,,,,,,,ok,0,True
S-none_K-2_C-5_W-10_Col-15,epoch_0007,7,none,add_proj,0.12,0.08,64,4,2.0,5.0,10.0,15.0,0.0,0.0,0.0,5,False,3|5|7|15,64,64,108,0.0002,8,1,1,0.6960227057139079,0.8505273605599999,0.4130507616933334,0.5869492383066666,0.6960227057139079,0.8505273605599999,0.4130507616933334,0.5869492383066666,0.6654930784304937,0.8466430348166668,0.42281292005,0.5771870799500001,0.6418181960781415,0.8058109141666667,0.4740216081666667,-0.004781619280000038,,,,,,,,,,,,,ok,0,True
S-none_K-2_C-5_W-10_Col-15,epoch_0008,8,none,add_proj,0.12,0.08,64,4,2.0,5.0,10.0,15.0,0.0,0.0,0.0,5,False,3|5|7|15,64,64,108,0.0002,8,1,1,0.6977508443593977,0.8443884281466667,0.4232861461733334,0.5767138538266666,0.6977508443593977,0.8443884281466667,0.4232861461733334,0.5767138538266666,0.6680899290740491,0.8400248852833332,0.43366261731666667,0.5663373826833333,0.6445722788572312,0.7979295255833333,0.48456796091666665,-0.004781619280000038,,,,,,,,,,,,,ok,0,True
S-none_K-2_C-5_W-20_Col-0,,,none,,,,,,2.0,5.0,20.0,0.0,,,,,,,,,,,,,,,,,,,,,,,,,,,,,,,,,,,,,,,,,,config_only,,False
S-none_K-2_C-5_W-20_Col-0,epoch_0001,1,none,add_proj,0.12,0.08,64,4,2.0,5.0,20.0,0.0,0.0,0.0,0.0,5,False,3|5|7|15,64,64,108,0.0002,8,1,1,0.6764039156039555,0.89512004944,0.35106362102666666,0.6489363789733333,0.6764039156039555,0.89512004944,0.35106362102666666,0.6489363789733333,0.6406693073610465,0.8931007225333332,0.35671967535000004,0.64328032465,0.5985078163444996,0.8827625239166667,0.33010813766666663,-0.006491710253333338,,,,,,,,,,,,,ok,0,True
S-none_K-2_C-5_W-20_Col-0,epoch_0002,2,none,add_proj,0.12,0.08,64,4,2.0,5.0,20.0,0.0,0.0,0.0,0.0,5,False,3|5|7|15,64,64,108,0.0002,8,1,1,0.6778818246920904,0.8985510523066667,0.32967289062666666,0.6703271093733334,0.6778818246920904,0.8985510523066667,0.32967289062666666,0.6703271093733334,0.6422795429329078,0.8966767401666665,0.3365759544833333,0.6634240455166667,0.603714074442784,0.8838481593333333,0.3318381475,-0.006491710253333338,,,,,,,,,,,,,ok,0,True
S-none_K-2_C-5_W-20_Col-0,epoch_0003,3,none,add_proj,0.12,0.08,64,4,2.0,5.0,20.0,0.0,0.0,0.0,0.0,5,False,3|5|7|15,64,64,108,0.0002,8,1,1,0.6818656090100607,0.8934023209066667,0.3445719107733333,0.6554280892266666,0.6818656090100607,0.8934023209066667,0.3445719107733333,0.6554280892266666,0.646988758345445,0.8907544319333335,0.35381025883333334,0.6461897411666666,0.6125978549321494,0.87932787525,0.3561721329166667,-0.006491710253333338,,,,,,,,,,,,,ok,0,True
S-none_K-2_C-5_W-20_Col-0,epoch_0004,4,none,add_proj,0.12,0.08,64,4,2.0,5.0,20.0,0.0,0.0,0.0,0.0,5,False,3|5|7|15,64,64,108,0.0002,8,1,1,0.6825483076572418,0.8928769854133334,0.3436450045200001,0.6563549954799999,0.6825483076572418,0.8928769854133334,0.3436450045200001,0.6563549954799999,0.6477006884415945,0.8899709112166665,0.35246269105000005,0.64753730895,0.6128780946135521,0.8794513828333335,0.35656116233333324,-0.006491710253333338,,,,,,,,,,,,,ok,0,True
S-none_K-2_C-5_W-20_Col-0,epoch_0005,5,none,add_proj,0.12,0.08,64,4,2.0,5.0,20.0,0.0,0.0,0.0,0.0,5,False,3|5|7|15,64,64,108,0.0002,8,1,1,0.6872723456223805,0.8838314712,0.35585221430666664,0.6441477856933333,0.6872723456223805,0.8838314712,0.35585221430666664,0.6441477856933333,0.6538388646642368,0.8801118756666668,0.36518836754999995,0.63481163245,0.6200639252861341,0.8694009946666665,0.37200126608333334,-0.006491710253333338,,,,,,,,,,,,,ok,0,True
S-none_K-2_C-5_W-20_Col-0,epoch_0006,6,none,add_proj,0.12,0.08,64,4,2.0,5.0,20.0,0.0,0.0,0.0,0.0,5,False,3|5|7|15,64,64,108,0.0002,8,1,1,0.6916053053935368,0.8796682464933333,0.3670351242533333,0.6329648757466667,0.6916053053935368,0.8796682464933333,0.3670351242533333,0.6329648757466667,0.6589708369473616,0.8752879649666667,0.37764850624999996,0.6223514937500001,0.6266226386030516,0.8643625842500001,0.39608901875,-0.006491710253333338,,,,,,,,,,,,,ok,0,True
S-none_K-2_C-5_W-20_Col-0,epoch_0007,7,none,add_proj,0.12,0.08,64,4,2.0,5.0,20.0,0.0,0.0,0.0,0.0,5,False,3|5|7|15,64,64,108,0.0002,8,1,1,0.6931788498163223,0.8734125149199999,0.37793623224,0.62206376776,0.6931788498163223,0.8734125149199999,0.37793623224,0.62206376776,0.6612601121763388,0.8684664308500001,0.3894204629333334,0.6105795370666667,0.6297632458309332,0.8607916620833332,0.4039886494166667,-0.006491710253333338,,,,,,,,,,,,,ok,0,True
S-none_K-2_C-5_W-20_Col-0,epoch_0008,8,none,add_proj,0.12,0.08,64,4,2.0,5.0,20.0,0.0,0.0,0.0,0.0,5,False,3|5|7|15,64,64,108,0.0002,8,1,1,0.6912932769854864,0.8705942242399999,0.3779811669066666,0.6220188330933334,0.6912932769854864,0.8705942242399999,0.3779811669066666,0.6220188330933334,0.6591725359857082,0.8654188415166667,0.3890026305666667,0.6109973694333333,0.6257618275781472,0.8591125815833334,0.39326648266666664,-0.006491710253333338,,,,,,,,,,,,,ok,0,True
S-none_K-2_C-5_W-20_Col-15,,,none,,,,,,2.0,5.0,20.0,15.0,,,,,,,,,,,,,,,,,,,,,,,,,,,,,,,,,,,,,,,,,,config_only,,False
S-none_K-2_C-5_W-20_Col-15,epoch_0001,1,none,add_proj,0.12,0.08,64,4,2.0,5.0,20.0,15.0,0.0,0.0,0.0,5,False,3|5|7|15,64,64,108,0.0002,8,1,1,0.6898028343518575,0.8664880305866666,0.4015636033733334,0.5984363966266666,0.6898028343518575,0.8664880305866666,0.4015636033733334,0.5984363966266666,0.6579128329952557,0.8635799624333332,0.41134546018333334,0.5886545398166667,0.6386323062082132,0.8262424676666666,0.4393549950833333,-0.009987187880000081,,,,,,,,,,,,,ok,0,True
S-none_K-2_C-5_W-20_Col-15,epoch_0002,2,none,add_proj,0.12,0.08,64,4,2.0,5.0,20.0,15.0,0.0,0.0,0.0,5,False,3|5|7|15,64,64,108,0.0002,8,1,1,0.6874487263361614,0.8711293803599999,0.38197709851999995,0.61802290148,0.6874487263361614,0.8711293803599999,0.38197709851999995,0.61802290148,0.6545506324370702,0.86807220345,0.39081809003333334,0.6091819099666667,0.6312659874558448,0.8328873729999998,0.4160037443333333,-0.009987187880000081,,,,,,,,,,,,,ok,0,True
S-none_K-2_C-5_W-20_Col-15,epoch_0003,3,none,add_proj,0.12,0.08,64,4,2.0,5.0,20.0,15.0,0.0,0.0,0.0,5,False,3|5|7|15,64,64,108,0.0002,8,1,1,0.6929586705366769,0.8655927438266666,0.39157641549333333,0.6084235845066667,0.6929586705366769,0.8655927438266666,0.39157641549333333,0.6084235845066667,0.6613390087087949,0.8619665513999999,0.40202779211666667,0.5979722078833334,0.6394021920859814,0.8245881201666667,0.445356401,-0.009987187880000081,,,,,,,,,,,,,ok,0,True
S-none_K-2_C-5_W-20_Col-15,epoch_0004,4,none,add_proj,0.12,0.08,64,4,2.0,5.0,20.0,15.0,0.0,0.0,0.0,5,False,3|5|7|15,64,64,108,0.0002,8,1,1,0.693033725142479,0.8602300069600001,0.39915907425333336,0.6008409257466667,0.693033725142479,0.8602300069600001,0.39915907425333336,0.6008409257466667,0.6614821094771226,0.8563823317999997,0.40940751676666665,0.5905924832333334,0.6402275927364826,0.8177863507499998,0.45044064866666667,-0.009987187880000081,,,,,,,,,,,,,ok,0,True
S-none_K-2_C-5_W-20_Col-15,epoch_0005,5,none,add_proj,0.12,0.08,64,4,2.0,5.0,20.0,15.0,0.0,0.0,0.0,5,False,3|5|7|15,64,64,108,0.0002,8,1,1,0.6963376142978669,0.8531794283733334,0.40870492770666655,0.5912950722933334,0.6963376142978669,0.8531794283733334,0.40870492770666655,0.5912950722933334,0.665507941643397,0.8486043745833334,0.41935128760000007,0.5806487123999999,0.6444536616404851,0.8068554210833333,0.4657398136666666,-0.009987187880000081,,,,,,,,,,,,,ok,0,True
S-none_K-2_C-5_W-20_Col-15,epoch_0006,6,none,add_proj,0.12,0.08,64,4,2.0,5.0,20.0,15.0,0.0,0.0,0.0,5,False,3|5|7|15,64,64,108,0.0002,8,1,1,0.6970545667409896,0.8531867810266667,0.40927258567999997,0.5907274143200001,0.6970545667409896,0.8531867810266667,0.40927258567999997,0.5907274143200001,0.6662988373140493,0.8484390793000001,0.41995453964999996,0.58004546035,0.6443585753440857,0.8063755573333332,0.47117559574999995,-0.009987187880000081,,,,,,,,,,,,,ok,0,True
S-none_K-2_C-5_W-20_Col-15,epoch_0007,7,none,add_proj,0.12,0.08,64,4,2.0,5.0,20.0,15.0,0.0,0.0,0.0,5,False,3|5|7|15,64,64,108,0.0002,8,1,1,0.6995417933464049,0.8462784805066668,0.41979299912,0.58020700088,0.6995417933464049,0.8462784805066668,0.41979299912,0.58020700088,0.6698394633332889,0.8409282580999999,0.4316524480666667,0.5683475519333333,0.6486265316605567,0.7983700346666667,0.4824064599999999,-0.009987187880000081,,,,,,,,,,,,,ok,0,True
S-none_K-2_C-5_W-20_Col-15,epoch_0008,8,none,add_proj,0.12,0.08,64,4,2.0,5.0,20.0,15.0,0.0,0.0,0.0,5,False,3|5|7|15,64,64,108,0.0002,8,1,1,0.6993502223094304,0.8394962607066667,0.42501586502666666,0.5749841349733333,0.6993502223094304,0.8394962607066667,0.42501586502666666,0.5749841349733333,0.6700662779311338,0.8337603669,0.43660939943333343,0.5633906005666666,0.6473338211576144,0.79203503275,0.4819655560000001,-0.009987187880000081,,,,,,,,,,,,,ok,0,True
S-none_K-4_C-0_W-10_Col-0,,,none,,,,,,4.0,0.0,10.0,0.0,,,,,,,,,,,,,,,,,,,,,,,,,,,,,,,,,,,,,,,,,,config_only,,False
S-none_K-4_C-0_W-10_Col-0,epoch_0001,1,none,add_proj,0.12,0.08,64,4,4.0,0.0,10.0,0.0,0.0,0.0,0.0,5,False,3|5|7|15,64,64,108,0.0002,8,1,1,0.6735475694735844,0.8981687975733333,0.33339316336799996,0.666606836632,0.6735475694735844,0.8981687975733333,0.33339316336799996,0.666606836632,0.6374597277740637,0.89695936065,0.33675587919333333,0.6632441208066666,0.5966701902449132,0.8827953224166666,0.32816530516666664,0.0018196345253332913,,,,,,,,,,,,,ok,0,True
S-none_K-4_C-0_W-10_Col-0,epoch_0002,2,none,add_proj,0.12,0.08,64,4,4.0,0.0,10.0,0.0,0.0,0.0,0.0,5,False,3|5|7|15,64,64,108,0.0002,8,1,1,0.6750982956091564,0.9000486043866667,0.3279866619733333,0.6720133380266666,0.6750982956091564,0.9000486043866667,0.3279866619733333,0.6720133380266666,0.6389876067638396,0.8985386053166666,0.3328714930666667,0.6671285069333333,0.5988500210146109,0.8860548858333333,0.32215071041666665,0.0018196345253332913,,,,,,,,,,,,,ok,0,True
S-none_K-4_C-0_W-10_Col-0,epoch_0003,3,none,add_proj,0.12,0.08,64,4,4.0,0.0,10.0,0.0,0.0,0.0,0.0,5,False,3|5|7|15,64,64,108,0.0002,8,1,1,0.6802084068059923,0.8974076051066667,0.33521279789333325,0.6647872021066668,0.6802084068059923,0.8974076051066667,0.33521279789333325,0.6647872021066668,0.6444799609482288,0.8949384329499999,0.34152879806666664,0.6584712019333334,0.6084874821205934,0.88029206525,0.33617646525000006,0.0018196345253332913,,,,,,,,,,,,,ok,0,True
S-none_K-4_C-0_W-10_Col-0,epoch_0004,4,none,add_proj,0.12,0.08,64,4,4.0,0.0,10.0,0.0,0.0,0.0,0.0,5,False,3|5|7|15,64,64,108,0.0002,8,1,1,0.6810037656227749,0.8975284632666667,0.33177194247999997,0.66822805752,0.6810037656227749,0.8975284632666667,0.33177194247999997,0.66822805752,0.6455015124380588,0.8950422778833336,0.3382046094666667,0.6617953905333334,0.6101883520682653,0.8792842925000001,0.33823576725,0.0018196345253332913,,,,,,,,,,,,,ok,0,True
S-none_K-4_C-0_W-10_Col-0,epoch_0005,5,none,add_proj,0.12,0.08,64,4,4.0,0.0,10.0,0.0,0.0,0.0,0.0,5,False,3|5|7|15,64,64,108,0.0002,8,1,1,0.6857078761259716,0.8943526490133332,0.33813585084000003,0.6618641491599999,0.6857078761259716,0.8943526490133332,0.33813585084000003,0.6618641491599999,0.651011787056923,0.8911511043333332,0.3454906376,0.6545093624,0.6169357645014921,0.8738784765833334,0.3496425374166666,0.0018196345253332913,,,,,,,,,,,,,ok,0,True
S-none_K-4_C-0_W-10_Col-0,epoch_0006,6,none,add_proj,0.12,0.08,64,4,4.0,0.0,10.0,0.0,0.0,0.0,0.0,5,False,3|5|7|15,64,64,108,0.0002,8,1,1,0.6882524005174637,0.8929911630533334,0.3403233299599999,0.6596766700400001,0.6882524005174637,0.8929911630533334,0.3403233299599999,0.6596766700400001,0.6538794558743636,0.8894216091333333,0.3485562241666667,0.6514437758333333,0.6206975425283114,0.8707257971666668,0.35732398074999994,0.0018196345253332913,,,,,,,,,,,,,ok,0,True
S-none_K-4_C-0_W-10_Col-0,epoch_0007,7,none,add_proj,0.12,0.08,64,4,4.0,0.0,10.0,0.0,0.0,0.0,0.0,5,False,3|5|7|15,64,64,108,0.0002,8,1,1,0.6875877699454626,0.8925176619466667,0.34270573894666667,0.6572942610533333,0.6875877699454626,0.8925176619466667,0.34270573894666667,0.6572942610533333,0.6530049208303292,0.8889616514333334,0.35089735255000004,0.6491026474499999,0.6191315963864327,0.8733022370833334,0.35366682883333334,0.0018196345253332913,,,,,,,,,,,,,ok,0,True
S-none_K-4_C-0_W-10_Col-0,epoch_0008,8,none,add_proj,0.12,0.08,64,4,4.0,0.0,10.0,0.0,0.0,0.0,0.0,5,False,3|5|7|15,64,64,108,0.0002,8,1,1,0.6860111442009608,0.8909108795333335,0.34485324532,0.65514675468,0.6860111442009608,0.8909108795333335,0.34485324532,0.65514675468,0.6513360158105691,0.8872945708,0.35300184118333333,0.6469981588166667,0.6164461838702361,0.8729242040833333,0.3502479734166667,0.0018196345253332913,,,,,,,,,,,,,ok,0,True
S-none_K-4_C-0_W-10_Col-15,,,none,,,,,,4.0,0.0,10.0,15.0,,,,,,,,,,,,,,,,,,,,,,,,,,,,,,,,,,,,,,,,,,config_only,,False
S-none_K-4_C-0_W-10_Col-15,epoch_0001,1,none,add_proj,0.12,0.08,64,4,4.0,0.0,10.0,15.0,0.0,0.0,0.0,5,False,3|5|7|15,64,64,108,0.0002,8,1,1,0.6907615015904109,0.8637407566266667,0.3908171681333333,0.6091828318666668,0.6907615015904109,0.8637407566266667,0.3908171681333333,0.6091828318666668,0.6590321520467598,0.8620185306666667,0.3981135963333334,0.6018864036666667,0.6400889615217844,0.8203246957500001,0.4528167701666667,0.004288028706666669,,,,,,,,,,,,,ok,0,True
S-none_K-4_C-0_W-10_Col-15,epoch_0002,2,none,add_proj,0.12,0.08,64,4,4.0,0.0,10.0,15.0,0.0,0.0,0.0,5,False,3|5|7|15,64,64,108,0.0002,8,1,1,0.6925807845592499,0.8546062500266666,0.4000668430533333,0.5999331569466667,0.6925807845592499,0.8546062500266666,0.4000668430533333,0.5999331569466667,0.66169124742349,0.8521073521666667,0.40788304051666663,0.5921169594833333,0.6401268569131693,0.8109328921666666,0.45588244283333335,0.004288028706666669,,,,,,,,,,,,,ok,0,True
S-none_K-4_C-0_W-10_Col-15,epoch_0003,3,none,add_proj,0.12,0.08,64,4,4.0,0.0,10.0,15.0,0.0,0.0,0.0,5,False,3|5|7|15,64,64,108,0.0002,8,1,1,0.6926028306881588,0.8563521600533334,0.39510519683999995,0.6048948031600001,0.6926028306881588,0.8563521600533334,0.39510519683999995,0.6048948031600001,0.6618456883728505,0.8539249907500001,0.40265470926666663,0.5973452907333334,0.6372116046647232,0.81197069975,0.44697902375,0.004288028706666669,,,,,,,,,,,,,ok,0,True
S-none_K-4_C-0_W-10_Col-15,epoch_0004,4,none,add_proj,0.12,0.08,64,4,4.0,0.0,10.0,15.0,0.0,0.0,0.0,5,False,3|5|7|15,64,64,108,0.0002,8,1,1,0.6970638434092205,0.8420440313333333,0.4193885679466666,0.5806114320533333,0.6970638434092205,0.8420440313333333,0.4193885679466666,0.5806114320533333,0.6678114926815033,0.8390247243666668,0.4277970941666666,0.5722029058333333,0.6451589966813722,0.7936699296666666,0.4818135568333333,0.004288028706666669,,,,,,,,,,,,,ok,0,True
S-none_K-4_C-0_W-10_Col-15,epoch_0005,5,none,add_proj,0.12,0.08,64,4,4.0,0.0,10.0,15.0,0.0,0.0,0.0,5,False,3|5|7|15,64,64,108,0.0002,8,1,1,0.6984743940830233,0.8360060925066667,0.4232618828266667,0.5767381171733332,0.6984743940830233,0.8360060925066667,0.4232618828266667,0.5767381171733332,0.6697394193212192,0.8327707780833334,0.43141362736666666,0.5685863726333333,0.6456100354592006,0.7885771621666666,0.48293413575,0.004288028706666669,,,,,,,,,,,,,ok,0,True
S-none_K-4_C-0_W-10_Col-15,epoch_0006,6,none,add_proj,0.12,0.08,64,4,4.0,0.0,10.0,15.0,0.0,0.0,0.0,5,False,3|5|7|15,64,64,108,0.0002,8,1,1,0.7001113262971242,0.8342601506666667,0.42611894722666677,0.5738810527733332,0.7001113262971242,0.8342601506666667,0.42611894722666677,0.5738810527733332,0.6716686461369197,0.8307836600999998,0.43407975228333334,0.5659202477166667,0.6476895242929459,0.7857282705000002,0.4889136375,0.004288028706666669,,,,,,,,,,,,,ok,0,True
S-none_K-4_C-0_W-10_Col-15,epoch_0007,7,none,add_proj,0.12,0.08,64,4,4.0,0.0,10.0,15.0,0.0,0.0,0.0,5,False,3|5|7|15,64,64,108,0.0002,8,1,1,0.7008349253733952,0.8316227988666667,0.42923239524,0.57076760476,0.7008349253733952,0.8316227988666667,0.42923239524,0.57076760476,0.6729198396702607,0.8281040130666666,0.43759089920000005,0.5624091008,0.6484266174336275,0.7842162882500001,0.4882552223333333,0.004288028706666669,,,,,,,,,,,,,ok,0,True
S-none_K-4_C-0_W-10_Col-15,epoch_0008,8,none,add_proj,0.12,0.08,64,4,4.0,0.0,10.0,15.0,0.0,0.0,0.0,5,False,3|5|7|15,64,64,108,0.0002,8,1,1,0.7008928771018982,0.8270057930933332,0.4318256466533334,0.5681743533466665,0.7008928771018982,0.8270057930933332,0.4318256466533334,0.5681743533466665,0.6732639441887538,0.8231154092,0.44021181865000003,0.55978818135,0.6492694971462091,0.7786151004166666,0.48674055308333336,0.004288028706666669,,,,,,,,,,,,,ok,0,True
S-none_K-4_C-0_W-20_Col-0,,,none,,,,,,4.0,0.0,20.0,0.0,,,,,,,,,,,,,,,,,,,,,,,,,,,,,,,,,,,,,,,,,,config_only,,False
S-none_K-4_C-0_W-20_Col-0,epoch_0001,1,none,add_proj,0.12,0.08,64,4,4.0,0.0,20.0,0.0,0.0,0.0,0.0,5,False,3|5|7|15,64,64,108,0.0002,8,1,1,0.6776894067923229,0.8921301735866666,0.3520582621733334,0.6479417378266665,0.6776894067923229,0.8921301735866666,0.3520582621733334,0.6479417378266665,0.6425331567724546,0.8904714191666668,0.3568861689833333,0.6431138310166666,0.6053789330025514,0.8763226623333333,0.33967814541666663,-0.010473861400000117,,,,,,,,,,,,,ok,0,True
S-none_K-4_C-0_W-20_Col-0,epoch_0002,2,none,add_proj,0.12,0.08,64,4,4.0,0.0,20.0,0.0,0.0,0.0,0.0,5,False,3|5|7|15,64,64,108,0.0002,8,1,1,0.6844024196863174,0.8919895971866666,0.3439729948000001,0.6560270051999999,0.6844024196863174,0.8919895971866666,0.3439729948000001,0.6560270051999999,0.649586161027352,0.8892924051666669,0.35162809270000006,0.6483719072999999,0.6189776269098124,0.8735950643333333,0.3509335464166667,-0.010473861400000117,,,,,,,,,,,,,ok,0,True
S-none_K-4_C-0_W-20_Col-0,epoch_0003,3,none,add_proj,0.12,0.08,64,4,4.0,0.0,20.0,0.0,0.0,0.0,0.0,5,False,3|5|7|15,64,64,108,0.0002,8,1,1,0.684632923523585,0.89321018396,0.3415844007733333,0.6584155992266667,0.684632923523585,0.89321018396,0.3415844007733333,0.6584155992266667,0.6495151824752489,0.8903999662666667,0.34925962190000004,0.6507403781,0.619341034690539,0.8742052304166666,0.3561477245,-0.010473861400000117,,,,,,,,,,,,,ok,0,True
S-none_K-4_C-0_W-20_Col-0,epoch_0004,4,none,add_proj,0.12,0.08,64,4,4.0,0.0,20.0,0.0,0.0,0.0,0.0,5,False,3|5|7|15,64,64,108,0.0002,8,1,1,0.6899496111869812,0.8828513118800001,0.36261151042666667,0.6373884895733333,0.6899496111869812,0.8828513118800001,0.36261151042666667,0.6373884895733333,0.6561232574780782,0.8787650935166667,0.3710061069666667,0.6289938930333333,0.6276395586629708,0.8606863131666667,0.37517085391666666,-0.010473861400000117,,,,,,,,,,,,,ok,0,True
S-none_K-4_C-0_W-20_Col-0,epoch_0005,5,none,add_proj,0.12,0.08,64,4,4.0,0.0,20.0,0.0,0.0,0.0,0.0,5,False,3|5|7|15,64,64,108,0.0002,8,1,1,0.6928954872290294,0.8800149992266667,0.36816873596,0.63183126404,0.6928954872290294,0.8800149992266667,0.36816873596,0.63183126404,0.6594599135716757,0.8754888561833332,0.3772160407666667,0.6227839592333333,0.631244270503521,0.8550071263333333,0.39373904625,-0.010473861400000117,,,,,,,,,,,,,ok,0,True
S-none_K-4_C-0_W-20_Col-0,epoch_0006,6,none,add_proj,0.12,0.08,64,4,4.0,0.0,20.0,0.0,0.0,0.0,0.0,5,False,3|5|7|15,64,64,108,0.0002,8,1,1,0.6967976148525874,0.8722366053733335,0.3796237976933334,0.6203762023066666,0.6967976148525874,0.8722366053733335,0.3796237976933334,0.6203762023066666,0.6644566958645978,0.8666760343166668,0.3900310691666667,0.6099689308333334,0.6366266757249832,0.84674901375,0.40833255350000003,-0.010473861400000117,,,,,,,,,,,,,ok,0,True
S-none_K-4_C-0_W-20_Col-0,epoch_0007,7,none,add_proj,0.12,0.08,64,4,4.0,0.0,20.0,0.0,0.0,0.0,0.0,5,False,3|5|7|15,64,64,108,0.0002,8,1,1,0.696378585020701,0.8702211137733333,0.38242251481333334,0.6175774851866667,0.696378585020701,0.8702211137733333,0.38242251481333334,0.6175774851866667,0.6641964055101076,0.8648655233666668,0.39277949175,0.60722050825,0.6349421213070552,0.8492966155833334,0.40219906441666664,-0.010473861400000117,,,,,,,,,,,,,ok,0,True
S-none_K-4_C-0_W-20_Col-0,epoch_0008,8,none,add_proj,0.12,0.08,64,4,4.0,0.0,20.0,0.0,0.0,0.0,0.0,5,False,3|5|7|15,64,64,108,0.0002,8,1,1,0.6954647407134373,0.8692378922933334,0.3808797788533333,0.6191202211466666,0.6954647407134373,0.8692378922933334,0.3808797788533333,0.6191202211466666,0.6633073294659455,0.8638212711666668,0.39096759940000003,0.6090324006,0.6315844878554344,0.8497122461666666,0.3939645675,-0.010473861400000117,,,,,,,,,,,,,ok,0,True
S-none_K-4_C-0_W-20_Col-15,,,none,,,,,,4.0,0.0,20.0,15.0,,,,,,,,,,,,,,,,,,,,,,,,,,,,,,,,,,,,,,,,,,config_only,,False
S-none_K-4_C-0_W-20_Col-15,epoch_0001,1,none,add_proj,0.12,0.08,64,4,4.0,0.0,20.0,15.0,0.0,0.0,0.0,5,False,3|5|7|15,64,64,108,0.0002,8,1,1,0.6883512327671052,0.8705052667866666,0.37682700210666664,0.6231729978933334,0.6883512327671052,0.8705052667866666,0.37682700210666664,0.6231729978933334,0.6557503050565721,0.8686432681499999,0.3838325048833333,0.6161674951166667,0.6331094426413377,0.8316209829166666,0.4212034394166667,0.02522266827999997,,,,,,,,,,,,,ok,0,True
S-none_K-4_C-0_W-20_Col-15,epoch_0002,2,none,add_proj,0.12,0.08,64,4,4.0,0.0,20.0,15.0,0.0,0.0,0.0,5,False,3|5|7|15,64,64,108,0.0002,8,1,1,0.6902667775948842,0.8614474005466667,0.3847890025066667,0.6152109974933333,0.6902667775948842,0.8614474005466667,0.3847890025066667,0.6152109974933333,0.6588370904326439,0.8591362116000001,0.39226873826666664,0.6077312617333334,0.6340451012055079,0.8220273348333333,0.42262387500000004,0.02522266827999997,,,,,,,,,,,,,ok,0,True
S-none_K-4_C-0_W-20_Col-15,epoch_0003,3,none,add_proj,0.12,0.08,64,4,4.0,0.0,20.0,15.0,0.0,0.0,0.0,5,False,3|5|7|15,64,64,108,0.0002,8,1,1,0.6949292150338491,0.85076471708,0.4020496703866666,0.5979503296133334,0.6949292150338491,0.85076471708,0.4020496703866666,0.5979503296133334,0.6647785425186157,0.8478636352833334,0.40991687274999994,0.59008312725,0.6403214365243912,0.8124719575833333,0.44436575016666663,0.02522266827999997,,,,,,,,,,,,,ok,0,True
S-none_K-4_C-0_W-20_Col-15,epoch_0004,4,none,add_proj,0.12,0.08,64,4,4.0,0.0,20.0,15.0,0.0,0.0,0.0,5,False,3|5|7|15,64,64,108,0.0002,8,1,1,0.6995120102564494,0.8397418245999999,0.41931667970666664,0.5806833202933334,0.6995120102564494,0.8397418245999999,0.41931667970666664,0.5806833202933334,0.6705145933230717,0.8364755035333336,0.4271056707166666,0.5728943292833334,0.6491061131159465,0.7997036343333335,0.4762032091666667,0.02522266827999997,,,,,,,,,,,,,ok,0,True
S-none_K-4_C-0_W-20_Col-15,epoch_0005,5,none,add_proj,0.12,0.08,64,4,4.0,0.0,20.0,15.0,0.0,0.0,0.0,5,False,3|5|7|15,64,64,108,0.0002,8,1,1,0.7036385577122369,0.8223331114266667,0.4374437481066667,0.5625562518933334,0.7036385577122369,0.8223331114266667,0.4374437481066667,0.5625562518933334,0.67640449081858,0.8182082061833335,0.44547941170000005,0.5545205883,0.6554690519968669,0.7837639649166667,0.4890596759166667,0.02522266827999997,,,,,,,,,,,,,ok,0,True
S-none_K-4_C-0_W-20_Col-15,epoch_0006,6,none,add_proj,0.12,0.08,64,4,4.0,0.0,20.0,15.0,0.0,0.0,0.0,5,False,3|5|7|15,64,64,108,0.0002,8,1,1,0.7053379461765289,0.8171909532800001,0.44605440277333336,0.5539455972266667,0.7053379461765289,0.8171909532800001,0.44605440277333336,0.5539455972266667,0.6788762275377909,0.8129160355166667,0.4542500463,0.5457499537,0.6587588255604109,0.7778133497499999,0.5021626015,0.02522266827999997,,,,,,,,,,,,,ok,0,True
S-none_K-4_C-0_W-20_Col-15,epoch_0007,7,none,add_proj,0.12,0.08,64,4,4.0,0.0,20.0,15.0,0.0,0.0,0.0,5,False,3|5|7|15,64,64,108,0.0002,8,1,1,0.7068758238951365,0.8086433365466666,0.45525139272000004,0.54474860728,0.7068758238951365,0.8086433365466666,0.45525139272000004,0.54474860728,0.6812920178969701,0.8036865194333332,0.4640366668166666,0.5359633331833333,0.660926300038894,0.7695231620833335,0.5043543134166667,0.02522266827999997,,,,,,,,,,,,,ok,0,True
S-none_K-4_C-0_W-20_Col-15,epoch_0008,8,none,add_proj,0.12,0.08,64,4,4.0,0.0,20.0,15.0,0.0,0.0,0.0,5,False,3|5|7|15,64,64,108,0.0002,8,1,1,0.7057159984509149,0.80676228084,0.45452046685333336,0.5454795331466666,0.7057159984509149,0.80676228084,0.45452046685333336,0.5454795331466666,0.6803528510034085,0.80197817495,0.4629777532333333,0.5370222467666668,0.6595183099309604,0.7689879383333333,0.49656606716666674,0.02522266827999997,,,,,,,,,,,,,ok,0,True
S-none_K-4_C-2_W-10_Col-0,,,none,,,,,,4.0,2.0,10.0,0.0,,,,,,,,,,,,,,,,,,,,,,,,,,,,,,,,,,,,,,,,,,config_only,,False
S-none_K-4_C-2_W-10_Col-0,epoch_0001,1,none,add_proj,0.12,0.08,64,4,4.0,2.0,10.0,0.0,0.0,0.0,0.0,5,False,3|5|7|15,64,64,108,0.0002,8,1,1,0.6723318636417389,0.90197228164,0.31864271942,0.68135728058,0.6723318636417389,0.90197228164,0.31864271942,0.68135728058,0.6363622546195984,0.9010995690166664,0.3225694014583333,0.6774305985416667,0.5938479639589787,0.8907361560833333,0.31921099616666665,0.004878165473333307,,,,,,,,,,,,,ok,0,True
S-none_K-4_C-2_W-10_Col-0,epoch_0002,2,none,add_proj,0.12,0.08,64,4,4.0,2.0,10.0,0.0,0.0,0.0,0.0,5,False,3|5|7|15,64,64,108,0.0002,8,1,1,0.6750762352943421,0.8987471576,0.3318633260666667,0.6681366739333333,0.6750762352943421,0.8987471576,0.3318633260666667,0.6681366739333333,0.6394009236494699,0.8970230729333336,0.33748118986666664,0.6625188101333334,0.5966883125404516,0.8855672059999999,0.32400717808333335,0.004878165473333307,,,,,,,,,,,,,ok,0,True
S-none_K-4_C-2_W-10_Col-0,epoch_0003,3,none,add_proj,0.12,0.08,64,4,4.0,2.0,10.0,0.0,0.0,0.0,0.0,5,False,3|5|7|15,64,64,108,0.0002,8,1,1,0.6762978790203731,0.9009990940533333,0.3235208848933333,0.6764791151066667,0.6762978790203731,0.9009990940533333,0.3235208848933333,0.6764791151066667,0.6405714303751786,0.8991479372500001,0.32954605945000004,0.67045394055,0.6011972919106483,0.8851019160833333,0.32792087766666667,0.004878165473333307,,,,,,,,,,,,,ok,0,True
S-none_K-4_C-2_W-10_Col-0,epoch_0004,4,none,add_proj,0.12,0.08,64,4,4.0,2.0,10.0,0.0,0.0,0.0,0.0,5,False,3|5|7|15,64,64,108,0.0002,8,1,1,0.677623930335045,0.9020240134399999,0.3217941610933333,0.6782058389066667,0.677623930335045,0.9020240134399999,0.3217941610933333,0.6782058389066667,0.6417161111533642,0.8999777420333333,0.3288329081333333,0.6711670918666667,0.6040299807985624,0.8854680125,0.3305295119166667,0.004878165473333307,,,,,,,,,,,,,ok,0,True
S-none_K-4_C-2_W-10_Col-0,epoch_0005,5,none,add_proj,0.12,0.08,64,4,4.0,2.0,10.0,0.0,0.0,0.0,0.0,5,False,3|5|7|15,64,64,108,0.0002,8,1,1,0.6807185302575429,0.8985498069066667,0.33285187278666667,0.6671481272133333,0.6807185302575429,0.8985498069066667,0.33285187278666667,0.6671481272133333,0.64545484572649,0.8958448907166666,0.34073615818333336,0.6592638418166666,0.606729547182719,0.8819165753333332,0.33456269158333335,0.004878165473333307,,,,,,,,,,,,,ok,0,True
S-none_K-4_C-2_W-10_Col-0,epoch_0006,6,none,add_proj,0.12,0.08,64,4,4.0,2.0,10.0,0.0,0.0,0.0,0.0,5,False,3|5|7|15,64,64,108,0.0002,8,1,1,0.6829992924928666,0.89853353456,0.33116957261333335,0.6688304273866666,0.6829992924928666,0.89853353456,0.33116957261333335,0.6688304273866666,0.6480323763191699,0.8957484826833335,0.33951785600000006,0.6604821439999999,0.6116094465057055,0.88043976,0.3437261685833333,0.004878165473333307,,,,,,,,,,,,,ok,0,True
S-none_K-4_C-2_W-10_Col-0,epoch_0007,7,none,add_proj,0.12,0.08,64,4,4.0,2.0,10.0,0.0,0.0,0.0,0.0,5,False,3|5|7|15,64,64,108,0.0002,8,1,1,0.680629194021225,0.89963442856,0.32956963548000007,0.6704303645199999,0.680629194021225,0.89963442856,0.32956963548000007,0.6704303645199999,0.6451623763640721,0.8971079801666665,0.33775842491666663,0.6622415750833334,0.6074849699934324,0.88320338925,0.33691629116666666,0.004878165473333307,,,,,,,,,,,,,ok,0,True
S-none_K-4_C-2_W-10_Col-0,epoch_0008,8,none,add_proj,0.12,0.08,64,4,4.0,2.0,10.0,0.0,0.0,0.0,0.0,5,False,3|5|7|15,64,64,108,0.0002,8,1,1,0.6798699398438134,0.8983267398666667,0.3339441131066666,0.6660558868933334,0.6798699398438134,0.8983267398666667,0.3339441131066666,0.6660558868933334,0.6443098179996014,0.8955729329999998,0.34217174535,0.65782825465,0.6049647356073062,0.8837490905833334,0.3334710850833333,0.004878165473333307,,,,,,,,,,,,,ok,0,True
S-none_K-4_C-2_W-10_Col-15,,,none,,,,,,4.0,2.0,10.0,15.0,,,,,,,,,,,,,,,,,,,,,,,,,,,,,,,,,,,,,,,,,,config_only,,False
S-none_K-4_C-2_W-10_Col-15,epoch_0001,1,none,add_proj,0.12,0.08,64,4,4.0,2.0,10.0,15.0,0.0,0.0,0.0,5,False,3|5|7|15,64,64,108,0.0002,8,1,1,0.6889090702533721,0.8632682511866666,0.3903031138133333,0.6096968861866667,0.6889090702533721,0.8632682511866666,0.3903031138133333,0.6096968861866667,0.6570210128029188,0.86092242425,0.3986156953833333,0.6013843046166667,0.6364245946208636,0.8212620405,0.438015332,-0.000536095866666586,,,,,,,,,,,,,ok,0,True
S-none_K-4_C-2_W-10_Col-15,epoch_0002,2,none,add_proj,0.12,0.08,64,4,4.0,2.0,10.0,15.0,0.0,0.0,0.0,5,False,3|5|7|15,64,64,108,0.0002,8,1,1,0.6894950863917668,0.8662244644799999,0.3885409398666667,0.6114590601333333,0.6894950863917668,0.8662244644799999,0.3885409398666667,0.6114590601333333,0.6576251742740473,0.8637095676499997,0.3970740721,0.6029259279,0.6339885021249454,0.8246597005833333,0.43588044316666663,-0.000536095866666586,,,,,,,,,,,,,ok,0,True
S-none_K-4_C-2_W-10_Col-15,epoch_0003,3,none,add_proj,0.12,0.08,64,4,4.0,2.0,10.0,15.0,0.0,0.0,0.0,5,False,3|5|7|15,64,64,108,0.0002,8,1,1,0.6916397326389948,0.8660595253733332,0.38976701794666674,0.6102329820533332,0.6916397326389948,0.8660595253733332,0.38976701794666674,0.6102329820533332,0.6598169316351414,0.8633433926499998,0.3986234003166667,0.6013765996833333,0.6381193074087301,0.82278550075,0.45435861558333335,-0.000536095866666586,,,,,,,,,,,,,ok,0,True
S-none_K-4_C-2_W-10_Col-15,epoch_0004,4,none,add_proj,0.12,0.08,64,4,4.0,2.0,10.0,15.0,0.0,0.0,0.0,5,False,3|5|7|15,64,64,108,0.0002,8,1,1,0.6927938027381896,0.8575074122266667,0.40418717782666663,0.5958128221733334,0.6927938027381896,0.8575074122266667,0.40418717782666663,0.5958128221733334,0.6616816655794779,0.8545572977000001,0.41337902819999994,0.5866209718000001,0.6420544813076655,0.8114819066666668,0.47014900116666664,-0.000536095866666586,,,,,,,,,,,,,ok,0,True
S-none_K-4_C-2_W-10_Col-15,epoch_0005,5,none,add_proj,0.12,0.08,64,4,4.0,2.0,10.0,15.0,0.0,0.0,0.0,5,False,3|5|7|15,64,64,108,0.0002,8,1,1,0.693283296227455,0.8536124328266668,0.4036823761466667,0.5963176238533333,0.693283296227455,0.8536124328266668,0.4036823761466667,0.5963176238533333,0.6625985124210516,0.8505258619666666,0.4125228434166666,0.5874771565833334,0.6412327657143275,0.8066010446666667,0.46584184725000005,-0.000536095866666586,,,,,,,,,,,,,ok,0,True
S-none_K-4_C-2_W-10_Col-15,epoch_0006,6,none,add_proj,0.12,0.08,64,4,4.0,2.0,10.0,15.0,0.0,0.0,0.0,5,False,3|5|7|15,64,64,108,0.0002,8,1,1,0.6942469439109167,0.8531211379466666,0.40574334694666675,0.5942566530533333,0.6942469439109167,0.8531211379466666,0.40574334694666675,0.5942566530533333,0.663633916825056,0.8500323021999998,0.41447987401666664,0.5855201259833334,0.6419910199940204,0.8045244490833333,0.4722532315833333,-0.000536095866666586,,,,,,,,,,,,,ok,0,True
S-none_K-4_C-2_W-10_Col-15,epoch_0007,7,none,add_proj,0.12,0.08,64,4,4.0,2.0,10.0,15.0,0.0,0.0,0.0,5,False,3|5|7|15,64,64,108,0.0002,8,1,1,0.695978324651718,0.8497811951466666,0.4114875468933333,0.5885124531066668,0.695978324651718,0.8497811951466666,0.4114875468933333,0.5885124531066668,0.6659416984518367,0.84641640495,0.42090850055000006,0.5790914994499999,0.6437814851601918,0.8002771430000001,0.4768477984166667,-0.000536095866666586,,,,,,,,,,,,,ok,0,True
S-none_K-4_C-2_W-10_Col-15,epoch_0008,8,none,add_proj,0.12,0.08,64,4,4.0,2.0,10.0,15.0,0.0,0.0,0.0,5,False,3|5|7|15,64,64,108,0.0002,8,1,1,0.6959529340664545,0.8465584978533333,0.4125858528533333,0.5874141471466667,0.6959529340664545,0.8465584978533333,0.4125858528533333,0.5874141471466667,0.6660993531843027,0.8429604005666667,0.4218713875333333,0.5781286124666667,0.6440526440739631,0.7975534974166667,0.47485179283333334,-0.000536095866666586,,,,,,,,,,,,,ok,0,True
S-none_K-4_C-2_W-20_Col-0,,,none,,,,,,4.0,2.0,20.0,0.0,,,,,,,,,,,,,,,,,,,,,,,,,,,,,,,,,,,,,,,,,,config_only,,False
S-none_K-4_C-2_W-20_Col-0,epoch_0001,1,none,add_proj,0.12,0.08,64,4,4.0,2.0,20.0,0.0,0.0,0.0,0.0,5,False,3|5|7|15,64,64,108,0.0002,8,1,1,0.6776950254042943,0.8959741260399998,0.34224949034666663,0.6577505096533334,0.6776950254042943,0.8959741260399998,0.34224949034666663,0.6577505096533334,0.64214451794823,0.8940899806499999,0.3474020407333333,0.6525979592666666,0.605206248909235,0.8787324386666666,0.3382304169166668,-0.009352626759999982,,,,,,,,,,,,,ok,0,True
S-none_K-4_C-2_W-20_Col-0,epoch_0002,2,none,add_proj,0.12,0.08,64,4,4.0,2.0,20.0,0.0,0.0,0.0,0.0,5,False,3|5|7|15,64,64,108,0.0002,8,1,1,0.6768594932556152,0.8999768346533332,0.32927385742666665,0.6707261425733333,0.6768594932556152,0.8999768346533332,0.32927385742666665,0.6707261425733333,0.6409241802493731,0.8981958691499999,0.3350249887833333,0.6649750112166667,0.6013623192906379,0.8851079929166665,0.326950289,-0.009352626759999982,,,,,,,,,,,,,ok,0,True
S-none_K-4_C-2_W-20_Col-0,epoch_0003,3,none,add_proj,0.12,0.08,64,4,4.0,2.0,20.0,0.0,0.0,0.0,0.0,5,False,3|5|7|15,64,64,108,0.0002,8,1,1,0.6802975329558055,0.8999413354666668,0.33289686358666665,0.6671031364133333,0.6802975329558055,0.8999413354666668,0.33289686358666665,0.6671031364133333,0.6444058740139008,0.8976614744166668,0.3402964887333334,0.6597035112666666,0.6098508288462957,0.8833195946666665,0.3435089191666667,-0.009352626759999982,,,,,,,,,,,,,ok,0,True
S-none_K-4_C-2_W-20_Col-0,epoch_0004,4,none,add_proj,0.12,0.08,64,4,4.0,2.0,20.0,0.0,0.0,0.0,0.0,5,False,3|5|7|15,64,64,108,0.0002,8,1,1,0.6838823999961218,0.8939777312666667,0.34219293401333334,0.6578070659866666,0.6838823999961218,0.8939777312666667,0.34219293401333334,0.6578070659866666,0.6489687182009221,0.89095709425,0.3505143975,0.6494856025,0.6149364580710729,0.8781168605833334,0.3530762109166667,-0.009352626759999982,,,,,,,,,,,,,ok,0,True
S-none_K-4_C-2_W-20_Col-0,epoch_0005,5,none,add_proj,0.12,0.08,64,4,4.0,2.0,20.0,0.0,0.0,0.0,0.0,5,False,3|5|7|15,64,64,108,0.0002,8,1,1,0.6882866513331731,0.8896208747733333,0.35014114464,0.64985885536,0.6882866513331731,0.8896208747733333,0.35014114464,0.64985885536,0.6542078381280103,0.8859036953166667,0.35934784051666663,0.6406521594833334,0.6212117401262125,0.8717467354166667,0.3671714201666667,-0.009352626759999982,,,,,,,,,,,,,ok,0,True
S-none_K-4_C-2_W-20_Col-0,epoch_0006,6,none,add_proj,0.12,0.08,64,4,4.0,2.0,20.0,0.0,0.0,0.0,0.0,5,False,3|5|7|15,64,64,108,0.0002,8,1,1,0.6931416857242584,0.8833212351066667,0.36427916710666675,0.6357208328933333,0.6931416857242584,0.8833212351066667,0.36427916710666675,0.6357208328933333,0.6600020648042361,0.8786775859333332,0.3752119739333334,0.6247880260666666,0.6282802055279414,0.8638103271666666,0.3897555539166666,-0.009352626759999982,,,,,,,,,,,,,ok,0,True
S-none_K-4_C-2_W-20_Col-0,epoch_0007,7,none,add_proj,0.12,0.08,64,4,4.0,2.0,20.0,0.0,0.0,0.0,0.0,5,False,3|5|7|15,64,64,108,0.0002,8,1,1,0.692545823653539,0.8813558394666665,0.3668814631866667,0.6331185368133333,0.692545823653539,0.8813558394666665,0.3668814631866667,0.6331185368133333,0.6592665405074756,0.8764655739999998,0.37785794060000005,0.6221420594,0.6267514208952586,0.8644509867499999,0.3846399518333333,-0.009352626759999982,,,,,,,,,,,,,ok,0,True
S-none_K-4_C-2_W-20_Col-0,epoch_0008,8,none,add_proj,0.12,0.08,64,4,4.0,2.0,20.0,0.0,0.0,0.0,0.0,5,False,3|5|7|15,64,64,108,0.0002,8,1,1,0.691217138091723,0.8806713669333334,0.36647617798666665,0.6335238220133333,0.691217138091723,0.8806713669333334,0.36647617798666665,0.6335238220133333,0.6580225388705729,0.8759079231000001,0.37700320853333336,0.6229967914666666,0.6232272724310557,0.8661958036666668,0.37576206833333337,-0.009352626759999982,,,,,,,,,,,,,ok,0,True
S-none_K-4_C-2_W-20_Col-15,,,none,,,,,,4.0,2.0,20.0,15.0,,,,,,,,,,,,,,,,,,,,,,,,,,,,,,,,,,,,,,,,,,config_only,,False
S-none_K-4_C-2_W-20_Col-15,epoch_0001,1,none,add_proj,0.12,0.08,64,4,4.0,2.0,20.0,15.0,0.0,0.0,0.0,5,False,3|5|7|15,64,64,108,0.0002,8,1,1,0.6887424869537352,0.8727746131866667,0.3805064559866667,0.6194935440133333,0.6887424869537352,0.8727746131866667,0.3805064559866667,0.6194935440133333,0.6561999139189721,0.8705200421333334,0.38935658338333334,0.6106434166166667,0.6361893465121587,0.8318155327500001,0.43306653716666665,0.007631249386666594,,,,,,,,,,,,,ok,0,True
S-none_K-4_C-2_W-20_Col-15,epoch_0002,2,none,add_proj,0.12,0.08,64,4,4.0,2.0,20.0,15.0,0.0,0.0,0.0,5,False,3|5|7|15,64,64,108,0.0002,8,1,1,0.6865153270165126,0.8695222100400001,0.37895245599999994,0.6210475440000001,0.6865153270165126,0.8695222100400001,0.37895245599999994,0.6210475440000001,0.6540670258303483,0.8671420125166666,0.38718087391666667,0.6128191260833333,0.6282943467299144,0.8330360495833332,0.40855149025,0.007631249386666594,,,,,,,,,,,,,ok,0,True
S-none_K-4_C-2_W-20_Col-15,epoch_0003,3,none,add_proj,0.12,0.08,64,4,4.0,2.0,20.0,15.0,0.0,0.0,0.0,5,False,3|5|7|15,64,64,108,0.0002,8,1,1,0.6907289153337477,0.86471227148,0.3881377053733333,0.6118622946266667,0.6907289153337477,0.86471227148,0.3881377053733333,0.6118622946266667,0.6589855308830738,0.8618311231833333,0.39755275458333333,0.6024472454166667,0.636584347486496,0.8231472345833333,0.43771038525,0.007631249386666594,,,,,,,,,,,,,ok,0,True
S-none_K-4_C-2_W-20_Col-15,epoch_0004,4,none,add_proj,0.12,0.08,64,4,4.0,2.0,20.0,15.0,0.0,0.0,0.0,5,False,3|5|7|15,64,64,108,0.0002,8,1,1,0.6925207952658335,0.8613704269200001,0.3946932940933333,0.6053067059066667,0.6925207952658335,0.8613704269200001,0.3946932940933333,0.6053067059066667,0.6607615414261818,0.8581249994333333,0.40401416155,0.5959858384500001,0.640696807205677,0.8159552394166667,0.45494921358333335,0.007631249386666594,,,,,,,,,,,,,ok,0,True
S-none_K-4_C-2_W-20_Col-15,epoch_0005,5,none,add_proj,0.12,0.08,64,4,4.0,2.0,20.0,15.0,0.0,0.0,0.0,5,False,3|5|7|15,64,64,108,0.0002,8,1,1,0.6956155692338943,0.8518866182800001,0.40606809426666657,0.5939319057333334,0.6956155692338943,0.8518866182800001,0.40606809426666657,0.5939319057333334,0.6650293879210949,0.8479924953666667,0.41567631966666657,0.5843236803333334,0.6432317597170671,0.8055802047499999,0.4617277055833333,0.007631249386666594,,,,,,,,,,,,,ok,0,True
S-none_K-4_C-2_W-20_Col-15,epoch_0006,6,none,add_proj,0.12,0.08,64,4,4.0,2.0,20.0,15.0,0.0,0.0,0.0,5,False,3|5|7|15,64,64,108,0.0002,8,1,1,0.6979149954319002,0.8465562795333332,0.41594862164000007,0.5840513783599999,0.6979149954319002,0.8465562795333332,0.41594862164000007,0.5840513783599999,0.6681402614712716,0.8422363344999999,0.42609289681666657,0.5739071031833334,0.6470438083012898,0.7978627585,0.48085028725,0.007631249386666594,,,,,,,,,,,,,ok,0,True
S-none_K-4_C-2_W-20_Col-15,epoch_0007,7,none,add_proj,0.12,0.08,64,4,4.0,2.0,20.0,15.0,0.0,0.0,0.0,5,False,3|5|7|15,64,64,108,0.0002,8,1,1,0.6998131855328878,0.8391732897866667,0.4254391254666667,0.5745608745333333,0.6998131855328878,0.8391732897866667,0.4254391254666667,0.5745608745333333,0.6708722926179569,0.8342372480666667,0.43639911640000006,0.5636008835999999,0.6499863947431247,0.7908459999999999,0.4880204874166667,0.007631249386666594,,,,,,,,,,,,,ok,0,True
S-none_K-4_C-2_W-20_Col-15,epoch_0008,8,none,add_proj,0.12,0.08,64,4,4.0,2.0,20.0,15.0,0.0,0.0,0.0,5,False,3|5|7|15,64,64,108,0.0002,8,1,1,0.6981357391675312,0.8393862223466667,0.42040262532,0.57959737468,0.6981357391675312,0.8393862223466667,0.42040262532,0.57959737468,0.6689257455865543,0.8343843676666667,0.430684148,0.569315852,0.6466566855708759,0.7927995425,0.4715506743333333,0.007631249386666594,,,,,,,,,,,,,ok,0,True
S-none_K-4_C-5_W-10_Col-0,,,none,,,,,,4.0,5.0,10.0,0.0,,,,,,,,,,,,,,,,,,,,,,,,,,,,,,,,,,,,,,,,,,config_only,,False
S-none_K-4_C-5_W-10_Col-0,epoch_0001,1,none,add_proj,0.12,0.08,64,4,4.0,5.0,10.0,0.0,0.0,0.0,0.0,5,False,3|5|7|15,64,64,108,0.0002,8,1,1,0.6739254182974497,0.8987387249333332,0.32686983197333336,0.6731301680266666,0.6739254182974497,0.8987387249333332,0.32686983197333336,0.6731301680266666,0.6385873229304948,0.8973094516833333,0.33139554368333324,0.6686044563166668,0.5939875019093355,0.8891406834166666,0.31799229016666664,-0.0005104794720000028,,,,,,,,,,,,,ok,0,True
S-none_K-4_C-5_W-10_Col-0,epoch_0002,2,none,add_proj,0.12,0.08,64,4,4.0,5.0,10.0,0.0,0.0,0.0,0.0,5,False,3|5|7|15,64,64,108,0.0002,8,1,1,0.6710441506703694,0.9023188669333332,0.31784559222666664,0.6821544077733334,0.6710441506703694,0.9023188669333332,0.31784559222666664,0.6821544077733334,0.6349716874957084,0.9013014995666667,0.3217645948333333,0.6782354051666667,0.5894632736841838,0.894721443,0.3078323508333333,-0.0005104794720000028,,,,,,,,,,,,,ok,0,True
S-none_K-4_C-5_W-10_Col-0,epoch_0003,3,none,add_proj,0.12,0.08,64,4,4.0,5.0,10.0,0.0,0.0,0.0,0.0,5,False,3|5|7|15,64,64,108,0.0002,8,1,1,0.6775010665655136,0.8973273326933334,0.32635935250133336,0.6736406474986667,0.6775010665655136,0.8973273326933334,0.32635935250133336,0.6736406474986667,0.6426507443686326,0.8950026660833335,0.3328529338766667,0.6671470661233333,0.6008032528062661,0.8845483256666666,0.3285229410833333,-0.0005104794720000028,,,,,,,,,,,,,ok,0,True
S-none_K-4_C-5_W-10_Col-0,epoch_0004,4,none,add_proj,0.12,0.08,64,4,4.0,5.0,10.0,0.0,0.0,0.0,0.0,5,False,3|5|7|15,64,64,108,0.0002,8,1,1,0.676694193402926,0.8983747727333333,0.33320469304,0.66679530696,0.676694193402926,0.8983747727333333,0.33320469304,0.66679530696,0.641524083862702,0.8961678697833333,0.3403305789333333,0.6596694210666667,0.5991825106243293,0.8855898437499999,0.32555436591666664,-0.0005104794720000028,,,,,,,,,,,,,ok,0,True
S-none_K-4_C-5_W-10_Col-0,epoch_0005,5,none,add_proj,0.12,0.08,64,4,4.0,5.0,10.0,0.0,0.0,0.0,0.0,5,False,3|5|7|15,64,64,108,0.0002,8,1,1,0.6765861877600352,0.8994595663733334,0.33124253378666674,0.6687574662133333,0.6765861877600352,0.8994595663733334,0.33124253378666674,0.6687574662133333,0.6410409611463547,0.8972492338166667,0.33855852286666666,0.6614414771333333,0.5987440447012583,0.88686820825,0.32393876141666667,-0.0005104794720000028,,,,,,,,,,,,,ok,0,True
S-none_K-4_C-5_W-10_Col-0,epoch_0006,6,none,add_proj,0.12,0.08,64,4,4.0,5.0,10.0,0.0,0.0,0.0,0.0,5,False,3|5|7|15,64,64,108,0.0002,8,1,1,0.6780246993700664,0.8977213570800001,0.3305534796,0.6694465204,0.6780246993700664,0.8977213570800001,0.3305534796,0.6694465204,0.6425278383493425,0.8951776121833335,0.3377787538,0.6622212462,0.6002668502430122,0.8838185824166667,0.32662495866666663,-0.0005104794720000028,,,,,,,,,,,,,ok,0,True
S-none_K-4_C-5_W-10_Col-0,epoch_0007,7,none,add_proj,0.12,0.08,64,4,4.0,5.0,10.0,0.0,0.0,0.0,0.0,5,False,3|5|7|15,64,64,108,0.0002,8,1,1,0.6777079481283823,0.8982287891066667,0.32983737901333327,0.6701626209866667,0.6777079481283823,0.8982287891066667,0.32983737901333327,0.6701626209866667,0.6422171944379806,0.8958548500999999,0.3371130719,0.6628869281,0.6003977499902248,0.88536057775,0.32689875091666665,-0.0005104794720000028,,,,,,,,,,,,,ok,0,True
S-none_K-4_C-5_W-10_Col-0,epoch_0008,8,none,add_proj,0.12,0.08,64,4,4.0,5.0,10.0,0.0,0.0,0.0,0.0,5,False,3|5|7|15,64,64,108,0.0002,8,1,1,0.6774369260470072,0.8961798725066668,0.3390813159066666,0.6609186840933334,0.6774369260470072,0.8961798725066668,0.3390813159066666,0.6609186840933334,0.6420265914003054,0.8935091715833334,0.34638891243333336,0.6536110875666666,0.5995506413280963,0.8842802257499999,0.32885786041666665,-0.0005104794720000028,,,,,,,,,,,,,ok,0,True
S-none_K-4_C-5_W-10_Col-15,,,none,,,,,,4.0,5.0,10.0,15.0,,,,,,,,,,,,,,,,,,,,,,,,,,,,,,,,,,,,,,,,,,config_only,,False
S-none_K-4_C-5_W-10_Col-15,epoch_0001,1,none,add_proj,0.12,0.08,64,4,4.0,5.0,10.0,15.0,0.0,0.0,0.0,5,False,3|5|7|15,64,64,108,0.0002,8,1,1,0.6844903023242951,0.8819033841733334,0.3641463539333334,0.6358536460666666,0.6844903023242951,0.8819033841733334,0.3641463539333334,0.6358536460666666,0.650563530822595,0.8798674484666666,0.37169585978333336,0.6283041402166667,0.6282473216454187,0.8455989212500001,0.40681650950000003,0.013432089853333273,,,,,,,,,,,,,ok,0,True
S-none_K-4_C-5_W-10_Col-15,epoch_0002,2,none,add_proj,0.12,0.08,64,4,4.0,5.0,10.0,15.0,0.0,0.0,0.0,5,False,3|5|7|15,64,64,108,0.0002,8,1,1,0.6848080614407857,0.8779085331066667,0.3709266130533333,0.6290733869466667,0.6848080614407857,0.8779085331066667,0.3709266130533333,0.6290733869466667,0.6512389868497849,0.8753974672333333,0.37891787020000006,0.6210821298,0.6263386828203996,0.8406240190833334,0.40682737775,0.013432089853333273,,,,,,,,,,,,,ok,0,True
S-none_K-4_C-5_W-10_Col-15,epoch_0003,3,none,add_proj,0.12,0.08,64,4,4.0,5.0,10.0,15.0,0.0,0.0,0.0,5,False,3|5|7|15,64,64,108,0.0002,8,1,1,0.6899968497355781,0.8734211512800001,0.37757844378666666,0.6224215562133333,0.6899968497355781,0.8734211512800001,0.37757844378666666,0.6224215562133333,0.6572639561196169,0.8706540944666668,0.3863188677333333,0.6136811322666667,0.6339507532616456,0.83172706375,0.4360733345833333,0.013432089853333273,,,,,,,,,,,,,ok,0,True
S-none_K-4_C-5_W-10_Col-15,epoch_0004,4,none,add_proj,0.12,0.08,64,4,4.0,5.0,10.0,15.0,0.0,0.0,0.0,5,False,3|5|7|15,64,64,108,0.0002,8,1,1,0.6928515205780665,0.8638715551599999,0.3933225011066666,0.6066774988933334,0.6928515205780665,0.8638715551599999,0.3933225011066666,0.6066774988933334,0.6611247806251049,0.8604210173,0.4027892147333333,0.5972107852666667,0.6383915615578492,0.8198366707499999,0.45840096566666666,0.013432089853333273,,,,,,,,,,,,,ok,0,True
S-none_K-4_C-5_W-10_Col-15,epoch_0005,5,none,add_proj,0.12,0.08,64,4,4.0,5.0,10.0,15.0,0.0,0.0,0.0,5,False,3|5|7|15,64,64,108,0.0002,8,1,1,0.6915123020807902,0.8624249577733335,0.3941282598133333,0.6058717401866667,0.6915123020807902,0.8624249577733335,0.3941282598133333,0.6058717401866667,0.6596307258804639,0.8591408026666667,0.4028561080833334,0.5971438919166666,0.6353433921933174,0.8178779340833333,0.45389377375,0.013432089853333273,,,,,,,,,,,,,ok,0,True
S-none_K-4_C-5_W-10_Col-15,epoch_0006,6,none,add_proj,0.12,0.08,64,4,4.0,5.0,10.0,15.0,0.0,0.0,0.0,5,False,3|5|7|15,64,64,108,0.0002,8,1,1,0.6925988996823628,0.8598572511333333,0.39518194904,0.6048180509600001,0.6925988996823628,0.8598572511333333,0.39518194904,0.6048180509600001,0.6609861466288567,0.8564706667833333,0.4036915629999999,0.596308437,0.6360668609539668,0.8146075286666667,0.45244012566666664,0.013432089853333273,,,,,,,,,,,,,ok,0,True
S-none_K-4_C-5_W-10_Col-15,epoch_0007,7,none,add_proj,0.12,0.08,64,4,4.0,5.0,10.0,15.0,0.0,0.0,0.0,5,False,3|5|7|15,64,64,108,0.0002,8,1,1,0.6938621726036073,0.8598602459200001,0.40053510102666673,0.5994648989733333,0.6938621726036073,0.8598602459200001,0.40053510102666673,0.5994648989733333,0.6623714529474576,0.8565714196166667,0.4092063875500001,0.59079361245,0.6370865345001221,0.8140640578333332,0.46261767249999997,0.013432089853333273,,,,,,,,,,,,,ok,0,True
S-none_K-4_C-5_W-10_Col-15,epoch_0008,8,none,add_proj,0.12,0.08,64,4,4.0,5.0,10.0,15.0,0.0,0.0,0.0,5,False,3|5|7|15,64,64,108,0.0002,8,1,1,0.6941810288031895,0.8562671436666668,0.40448042604,0.59551957396,0.6941810288031895,0.8562671436666668,0.40448042604,0.59551957396,0.6629820354282856,0.8525582369666667,0.41352797035,0.58647202965,0.6377875648438931,0.8098383587500001,0.46249536875,0.013432089853333273,,,,,,,,,,,,,ok,0,True
S-none_K-4_C-5_W-20_Col-0,,,none,,,,,,4.0,5.0,20.0,0.0,,,,,,,,,,,,,,,,,,,,,,,,,,,,,,,,,,,,,,,,,,config_only,,False
S-none_K-4_C-5_W-20_Col-0,epoch_0001,1,none,add_proj,0.12,0.08,64,4,4.0,5.0,20.0,0.0,0.0,0.0,0.0,5,False,3|5|7|15,64,64,108,0.0002,8,1,1,0.6773086638450622,0.8959755545333334,0.34331598628000004,0.65668401372,0.6773086638450622,0.8959755545333334,0.34331598628000004,0.65668401372,0.6417505645751953,0.893974818,0.34946833149999995,0.6505316685,0.6022606328129768,0.8802840736666668,0.33574947108333336,-0.013950968946666698,,,,,,,,,,,,,ok,0,True
S-none_K-4_C-5_W-20_Col-0,epoch_0002,2,none,add_proj,0.12,0.08,64,4,4.0,5.0,20.0,0.0,0.0,0.0,0.0,5,False,3|5|7|15,64,64,108,0.0002,8,1,1,0.6768020317554473,0.89986305608,0.32816942687999995,0.67183057312,0.6768020317554473,0.89986305608,0.32816942687999995,0.67183057312,0.6413569255669913,0.8981635672166666,0.3349692040333333,0.6650307959666667,0.6013477640847364,0.886084328,0.32731530758333327,-0.013950968946666698,,,,,,,,,,,,,ok,0,True
S-none_K-4_C-5_W-20_Col-0,epoch_0003,3,none,add_proj,0.12,0.08,64,4,4.0,5.0,20.0,0.0,0.0,0.0,0.0,5,False,3|5|7|15,64,64,108,0.0002,8,1,1,0.6790217716693878,0.8998689401333333,0.32936501733333334,0.6706349826666667,0.6790217716693878,0.8998689401333333,0.32936501733333334,0.6706349826666667,0.6434202415744464,0.8976446148333335,0.3375312746833333,0.6624687253166667,0.6058112812538942,0.8845783393333333,0.3355796578333334,-0.013950968946666698,,,,,,,,,,,,,ok,0,True
S-none_K-4_C-5_W-20_Col-0,epoch_0004,4,none,add_proj,0.12,0.08,64,4,4.0,5.0,20.0,0.0,0.0,0.0,0.0,5,False,3|5|7|15,64,64,108,0.0002,8,1,1,0.6798711240291595,0.8984361517733334,0.33218622029333333,0.6678137797066667,0.6798711240291595,0.8984361517733334,0.33218622029333333,0.6678137797066667,0.6443655493855476,0.8959867488166665,0.3400953868666667,0.6599046131333333,0.6078831247985363,0.8831203551666665,0.34135538558333334,-0.013950968946666698,,,,,,,,,,,,,ok,0,True
S-none_K-4_C-5_W-20_Col-0,epoch_0005,5,none,add_proj,0.12,0.08,64,4,4.0,5.0,20.0,0.0,0.0,0.0,0.0,5,False,3|5|7|15,64,64,108,0.0002,8,1,1,0.6850268184343975,0.8913951302266666,0.3449696703066666,0.6550303296933334,0.6850268184343975,0.8913951302266666,0.3449696703066666,0.6550303296933334,0.6507708406448365,0.8880870884999998,0.35381409770000005,0.6461859023,0.6153077940146128,0.8761643818333332,0.3555829758333333,-0.013950968946666698,,,,,,,,,,,,,ok,0,True
S-none_K-4_C-5_W-20_Col-0,epoch_0006,6,none,add_proj,0.12,0.08,64,4,4.0,5.0,20.0,0.0,0.0,0.0,0.0,5,False,3|5|7|15,64,64,108,0.0002,8,1,1,0.6886815896431605,0.8891252502133332,0.3514139921866667,0.6485860078133333,0.6886815896431605,0.8891252502133332,0.3514139921866667,0.6485860078133333,0.6550252298017343,0.8853247751333333,0.36155629206666673,0.6384437079333333,0.6222764040033022,0.87244243325,0.37186499308333326,-0.013950968946666698,,,,,,,,,,,,,ok,0,True
S-none_K-4_C-5_W-20_Col-0,epoch_0007,7,none,add_proj,0.12,0.08,64,4,4.0,5.0,20.0,0.0,0.0,0.0,0.0,5,False,3|5|7|15,64,64,108,0.0002,8,1,1,0.6876378390391668,0.8873531507733334,0.35503573126666665,0.6449642687333333,0.6876378390391668,0.8873531507733334,0.35503573126666665,0.6449642687333333,0.6539216086765129,0.8835513038833334,0.36564677285,0.63435322715,0.6202640699843566,0.8729118956666668,0.3702091545,-0.013950968946666698,,,,,,,,,,,,,ok,0,True
S-none_K-4_C-5_W-20_Col-0,epoch_0008,8,none,add_proj,0.12,0.08,64,4,4.0,5.0,20.0,0.0,0.0,0.0,0.0,5,False,3|5|7|15,64,64,108,0.0002,8,1,1,0.6862593760490419,0.8856955364266667,0.35726530153333336,0.6427346984666666,0.6862593760490419,0.8856955364266667,0.35726530153333336,0.6427346984666666,0.6523490420977275,0.8817065567666666,0.36732807719999994,0.6326719228000001,0.6164069334665935,0.8727953514166665,0.3619091126666667,-0.013950968946666698,,,,,,,,,,,,,ok,0,True
S-none_K-4_C-5_W-20_Col-15,,,none,,,,,,4.0,5.0,20.0,15.0,,,,,,,,,,,,,,,,,,,,,,,,,,,,,,,,,,,,,,,,,,config_only,,False
S-none_K-4_C-5_W-20_Col-15,epoch_0001,1,none,add_proj,0.12,0.08,64,4,4.0,5.0,20.0,15.0,0.0,0.0,0.0,5,False,3|5|7|15,64,64,108,0.0002,8,1,1,0.6882231734593709,0.87653511112,0.3763940270933334,0.6236059729066665,0.6882231734593709,0.87653511112,0.3763940270933334,0.6236059729066665,0.6554897607366243,0.8737405057000001,0.3862132104666667,0.6137867895333333,0.6348169572651386,0.8370811623333335,0.4215666429166667,-0.005044839480000007,,,,,,,,,,,,,ok,0,True
S-none_K-4_C-5_W-20_Col-15,epoch_0002,2,none,add_proj,0.12,0.08,64,4,4.0,5.0,20.0,15.0,0.0,0.0,0.0,5,False,3|5|7|15,64,64,108,0.0002,8,1,1,0.6848962451219559,0.878779352,0.36834615988,0.63165384012,0.6848962451219559,0.878779352,0.36834615988,0.63165384012,0.651419176409642,0.8760969419499999,0.37664674165,0.62335325835,0.6246367531518142,0.84515976375,0.39386038808333335,-0.005044839480000007,,,,,,,,,,,,,ok,0,True
S-none_K-4_C-5_W-20_Col-15,epoch_0003,3,none,add_proj,0.12,0.08,64,4,4.0,5.0,20.0,15.0,0.0,0.0,0.0,5,False,3|5|7|15,64,64,108,0.0002,8,1,1,0.688587574005127,0.87759729024,0.3713491876133334,0.6286508123866665,0.688587574005127,0.87759729024,0.3713491876133334,0.6286508123866665,0.6554514340559642,0.8744628925499999,0.38079014371666664,0.6192098562833334,0.6311719583968322,0.8408979139166666,0.41625323283333326,-0.005044839480000007,,,,,,,,,,,,,ok,0,True
S-none_K-4_C-5_W-20_Col-15,epoch_0004,4,none,add_proj,0.12,0.08,64,4,4.0,5.0,20.0,15.0,0.0,0.0,0.0,5,False,3|5|7|15,64,64,108,0.0002,8,1,1,0.6888116451104481,0.8723739672266667,0.3775728898133333,0.6224271101866667,0.6888116451104481,0.8723739672266667,0.3775728898133333,0.6224271101866667,0.6557700516780218,0.8689245507999999,0.38695983953333335,0.6130401604666667,0.6327747280399004,0.8330738051666666,0.42459112725000003,-0.005044839480000007,,,,,,,,,,,,,ok,0,True
S-none_K-4_C-5_W-20_Col-15,epoch_0005,5,none,add_proj,0.12,0.08,64,4,4.0,5.0,20.0,15.0,0.0,0.0,0.0,5,False,3|5|7|15,64,64,108,0.0002,8,1,1,0.6917866535186767,0.8656948742799999,0.38825575561333336,0.6117442443866666,0.6917866535186767,0.8656948742799999,0.38825575561333336,0.6117442443866666,0.6596576370795568,0.8618874698666665,0.39810167286666664,0.6018983271333334,0.6368516395489374,0.8229757209166667,0.44053170100000005,-0.005044839480000007,,,,,,,,,,,,,ok,0,True
S-none_K-4_C-5_W-20_Col-15,epoch_0006,6,none,add_proj,0.12,0.08,64,4,4.0,5.0,20.0,15.0,0.0,0.0,0.0,5,False,3|5|7|15,64,64,108,0.0002,8,1,1,0.6934589340686798,0.8656035972400001,0.39035513138666666,0.6096448686133333,0.6934589340686798,0.8656035972400001,0.39035513138666666,0.6096448686133333,0.6616378298401833,0.8616194435166665,0.4004531963833333,0.5995468036166667,0.6393420691291491,0.8211202636666668,0.4489579775,-0.005044839480000007,,,,,,,,,,,,,ok,0,True
S-none_K-4_C-5_W-20_Col-15,epoch_0007,7,none,add_proj,0.12,0.08,64,4,4.0,5.0,20.0,15.0,0.0,0.0,0.0,5,False,3|5|7|15,64,64,108,0.0002,8,1,1,0.6960429028669993,0.8584546757199999,0.4020289883333333,0.5979710116666668,0.6960429028669993,0.8584546757199999,0.4020289883333333,0.5979710116666668,0.6650810699661571,0.85375148415,0.4132169872333334,0.5867830127666667,0.6432003905375798,0.8118797678333334,0.46233095716666667,-0.005044839480000007,,,,,,,,,,,,,ok,0,True
S-none_K-4_C-5_W-20_Col-15,epoch_0008,8,none,add_proj,0.12,0.08,64,4,4.0,5.0,20.0,15.0,0.0,0.0,0.0,5,False,3|5|7|15,64,64,108,0.0002,8,1,1,0.6951689840555191,0.8537167568266668,0.40462440861333326,0.5953755913866667,0.6951689840555191,0.8537167568266668,0.40462440861333326,0.5953755913866667,0.6643851306537788,0.8486913557,0.41546852115000005,0.58453147885,0.6414156725009282,0.8064694605833334,0.4588532538333333,-0.005044839480000007,,,,,,,,,,,,,ok,0,True
S-norm_K-1_C-0_W-10_Col-0,,,normalized,,,,,,1.0,0.0,10.0,0.0,,,,,,,,,,,,,,,,,,,,,,,,,,,,,,,,,,,,,,,,,,config_only,,False
S-norm_K-1_C-0_W-10_Col-0,epoch_0001,1,normalized,add_proj,0.12,0.08,64,4,1.0,0.0,10.0,0.0,0.0,0.0,0.0,5,False,3|5|7|15,64,64,108,0.0002,8,1,1,0.6975789391199747,0.8704267934933334,0.38681837512,0.6131816248799999,0.6975789391199747,0.8704267934933334,0.38681837512,0.6131816248799999,0.6657791335384051,0.8669373247166666,0.3949198337166667,0.6050801662833333,0.6438724229733149,0.8229380033333333,0.43037384749999996,-0.009550399946666677,,,,,,,,,,,,,ok,0,True
S-norm_K-1_C-0_W-10_Col-0,epoch_0002,2,normalized,add_proj,0.12,0.08,64,4,1.0,0.0,10.0,0.0,0.0,0.0,0.0,5,False,3|5|7|15,64,64,108,0.0002,8,1,1,0.6961272047360737,0.8727019736266667,0.3797651346,0.6202348654000001,0.6961272047360737,0.8727019736266667,0.3797651346,0.6202348654000001,0.6639041836063067,0.8686480892333334,0.38799990415,0.61200009585,0.6378509576121967,0.8419326229166666,0.4013175855833333,-0.009550399946666677,,,,,,,,,,,,,ok,0,True
S-norm_K-1_C-0_W-10_Col-0,epoch_0003,3,normalized,add_proj,0.12,0.08,64,4,1.0,0.0,10.0,0.0,0.0,0.0,0.0,5,False,3|5|7|15,64,64,108,0.0002,8,1,1,0.6979791105588278,0.8728610115866668,0.3772679751733333,0.6227320248266667,0.6979791105588278,0.8728610115866668,0.3772679751733333,0.6227320248266667,0.6658333940307298,0.8681247900000001,0.3855269770833334,0.6144730229166666,0.639180780450503,0.8424866794166667,0.4029714675833333,-0.009550399946666677,,,,,,,,,,,,,ok,0,True
S-norm_K-1_C-0_W-10_Col-0,epoch_0004,4,normalized,add_proj,0.12,0.08,64,4,1.0,0.0,10.0,0.0,0.0,0.0,0.0,5,False,3|5|7|15,64,64,108,0.0002,8,1,1,0.7007626455624897,0.8666344295733335,0.3826601927466667,0.6173398072533334,0.7007626455624897,0.8666344295733335,0.3826601927466667,0.6173398072533334,0.6696718257665634,0.8616363084499999,0.3909245155166666,0.6090754844833334,0.6442232472201188,0.8324906105833334,0.41332415775,-0.009550399946666677,,,,,,,,,,,,,ok,0,True
S-norm_K-1_C-0_W-10_Col-0,epoch_0005,5,normalized,add_proj,0.12,0.08,64,4,1.0,0.0,10.0,0.0,0.0,0.0,0.0,5,False,3|5|7|15,64,64,108,0.0002,8,1,1,0.7038410535653432,0.8562075861866667,0.39735120811999997,0.6026487918800001,0.7038410535653432,0.8562075861866667,0.39735120811999997,0.6026487918800001,0.6741943157712619,0.8508891117333333,0.4058235028666667,0.5941764971333333,0.65253161440293,0.8180518435833334,0.43205287891666666,-0.009550399946666677,,,,,,,,,,,,,ok,0,True
S-norm_K-1_C-0_W-10_Col-0,epoch_0006,6,normalized,add_proj,0.12,0.08,64,4,1.0,0.0,10.0,0.0,0.0,0.0,0.0,5,False,3|5|7|15,64,64,108,0.0002,8,1,1,0.7052291464408239,0.8512684566933334,0.40207949381333336,0.5979205061866666,0.7052291464408239,0.8512684566933334,0.40207949381333336,0.5979205061866666,0.6760389786461988,0.8458558158833333,0.41104480745000005,0.58895519255,0.654320484896501,0.8127847859999999,0.4340655246666667,-0.009550399946666677,,,,,,,,,,,,,ok,0,True
S-norm_K-1_C-0_W-10_Col-0,epoch_0007,7,normalized,add_proj,0.12,0.08,64,4,1.0,0.0,10.0,0.0,0.0,0.0,0.0,5,False,3|5|7|15,64,64,108,0.0002,8,1,1,0.7058427583773931,0.8476037898933333,0.40597612415999995,0.59402387584,0.7058427583773931,0.8476037898933333,0.40597612415999995,0.59402387584,0.6767812329034011,0.8417697804166668,0.4155256883333333,0.5844743116666666,0.6513957681755225,0.8109396420000001,0.43248021133333336,-0.009550399946666677,,,,,,,,,,,,,ok,0,True
S-norm_K-1_C-0_W-10_Col-0,epoch_0008,8,normalized,add_proj,0.12,0.08,64,4,1.0,0.0,10.0,0.0,0.0,0.0,0.0,5,False,3|5|7|15,64,64,108,0.0002,8,1,1,0.7067751317421594,0.8403585641066669,0.41300615312,0.58699384688,0.7067751317421594,0.8403585641066669,0.41300615312,0.58699384688,0.6781277986864249,0.8346274153500002,0.42242037629999996,0.5775796237,0.6524672716856003,0.8061788664166667,0.4361611365,-0.009550399946666677,,,,,,,,,,,,,ok,0,True
S-norm_K-1_C-0_W-10_Col-15,,,normalized,,,,,,1.0,0.0,10.0,15.0,,,,,,,,,,,,,,,,,,,,,,,,,,,,,,,,,,,,,,,,,,config_only,,False
S-norm_K-1_C-0_W-10_Col-15,epoch_0001,1,normalized,add_proj,0.12,0.08,64,4,1.0,0.0,10.0,15.0,0.0,0.0,0.0,5,False,3|5|7|15,64,64,108,0.0002,8,1,1,0.7038938979705175,0.7443671077866667,0.5008679521466667,0.4991320478533333,0.7038938979705175,0.7443671077866667,0.5008679521466667,0.4991320478533333,0.6859663865466912,0.7422288876666667,0.5063649368166665,0.4936350631833335,0.6556943381826084,0.6993885293333333,0.5579141487499999,0.03341415905333334,,,,,,,,,,,,,ok,0,True
S-norm_K-1_C-0_W-10_Col-15,epoch_0002,2,normalized,add_proj,0.12,0.08,64,4,1.0,0.0,10.0,15.0,0.0,0.0,0.0,5,False,3|5|7|15,64,64,108,0.0002,8,1,1,0.7017134159406027,0.7159985631066667,0.5203414534799999,0.47965854652000006,0.7017134159406027,0.7159985631066667,0.5203414534799999,0.47965854652000006,0.6877201944589617,0.7145687426666667,0.5259035498333333,0.4740964501666667,0.6525800804297129,0.6791025757500001,0.5823677245833333,0.03341415905333334,,,,,,,,,,,,,ok,0,True
S-norm_K-1_C-0_W-10_Col-15,epoch_0003,3,normalized,add_proj,0.12,0.08,64,4,1.0,0.0,10.0,15.0,0.0,0.0,0.0,5,False,3|5|7|15,64,64,108,0.0002,8,1,1,0.6998279564778009,0.69921195556,0.5342821112,0.4657178888,0.6998279564778009,0.69921195556,0.5342821112,0.4657178888,0.6877555306255816,0.6979535111666668,0.54012700975,0.45987299024999995,0.6547571167349815,0.6671420161666668,0.5968789736666666,0.03341415905333334,,,,,,,,,,,,,ok,0,True
S-norm_K-1_C-0_W-10_Col-15,epoch_0004,4,normalized,add_proj,0.12,0.08,64,4,1.0,0.0,10.0,15.0,0.0,0.0,0.0,5,False,3|5|7|15,64,64,108,0.0002,8,1,1,0.6994539654652278,0.6914560980666665,0.5410100930133334,0.45898990698666664,0.6994539654652278,0.6914560980666665,0.5410100930133334,0.45898990698666664,0.6878659616410732,0.6899234750833334,0.5470423891166667,0.4529576108833333,0.656024303038915,0.660887689,0.60814680225,0.03341415905333334,,,,,,,,,,,,,ok,0,True
S-norm_K-1_C-0_W-10_Col-15,epoch_0005,5,normalized,add_proj,0.12,0.08,64,4,1.0,0.0,10.0,15.0,0.0,0.0,0.0,5,False,3|5|7|15,64,64,108,0.0002,8,1,1,0.6950403840541839,0.6799392286666667,0.5468510706799999,0.45314892932000006,0.6950403840541839,0.6799392286666667,0.5468510706799999,0.45314892932000006,0.6842629583676657,0.6782103728,0.5527048612833332,0.4472951387166668,0.6534617274999619,0.6585195729166666,0.6014937112500001,0.03341415905333334,,,,,,,,,,,,,ok,0,True
S-norm_K-1_C-0_W-10_Col-15,epoch_0006,6,normalized,add_proj,0.12,0.08,64,4,1.0,0.0,10.0,15.0,0.0,0.0,0.0,5,False,3|5|7|15,64,64,108,0.0002,8,1,1,0.6979429349899291,0.68156692948,0.54839486184,0.45160513816000003,0.6979429349899291,0.68156692948,0.54839486184,0.45160513816000003,0.6867849557598432,0.6793966013499999,0.5541839275833335,0.44581607241666654,0.6557844623923302,0.6552446471666666,0.6089681035000001,0.03341415905333334,,,,,,,,,,,,,ok,0,True
S-norm_K-1_C-0_W-10_Col-15,epoch_0007,7,normalized,add_proj,0.12,0.08,64,4,1.0,0.0,10.0,15.0,0.0,0.0,0.0,5,False,3|5|7|15,64,64,108,0.0002,8,1,1,0.6989436499277751,0.6783408146133334,0.55247615632,0.44752384368,0.6989436499277751,0.6783408146133334,0.55247615632,0.44752384368,0.6882824382185937,0.6762258573166666,0.5584221069666666,0.4415778930333334,0.6560454145073891,0.6537750820833332,0.6083849084166666,0.03341415905333334,,,,,,,,,,,,,ok,0,True
S-norm_K-1_C-0_W-10_Col-15,epoch_0008,8,normalized,add_proj,0.12,0.08,64,4,1.0,0.0,10.0,15.0,0.0,0.0,0.0,5,False,3|5|7|15,64,64,108,0.0002,8,1,1,0.6974973698059718,0.6739456333333333,0.5542328836400001,0.4457671163599999,0.6974973698059718,0.6739456333333333,0.5542328836400001,0.4457671163599999,0.6871701365212598,0.67166623885,0.5603257681,0.4396742319,0.6558468331893286,0.6526176095833333,0.6054756083333332,0.03341415905333334,,,,,,,,,,,,,ok,0,True
S-norm_K-1_C-0_W-20_Col-0,,,normalized,,,,,,1.0,0.0,20.0,0.0,,,,,,,,,,,,,,,,,,,,,,,,,,,,,,,,,,,,,,,,,,config_only,,False
S-norm_K-1_C-0_W-20_Col-0,epoch_0001,1,normalized,add_proj,0.12,0.08,64,4,1.0,0.0,20.0,0.0,0.0,0.0,0.0,5,False,3|5|7|15,64,64,108,0.0002,8,1,1,0.70344173570474,0.8390166004533332,0.42695053965333324,0.5730494603466667,0.70344173570474,0.8390166004533332,0.42695053965333324,0.5730494603466667,0.6745087901254495,0.83520869655,0.43511304316666666,0.5648869568333333,0.6565420863529046,0.7873199761666667,0.4734560634166666,-0.0039000147733332935,,,,,,,,,,,,,ok,0,True
S-norm_K-1_C-0_W-20_Col-0,epoch_0002,2,normalized,add_proj,0.12,0.08,64,4,1.0,0.0,20.0,0.0,0.0,0.0,0.0,5,False,3|5|7|15,64,64,108,0.0002,8,1,1,0.7032495466073354,0.8405895528666667,0.4229539561333333,0.5770460438666667,0.7032495466073354,0.8405895528666667,0.4229539561333333,0.5770460438666667,0.6743134693304698,0.83587141425,0.4310197803666667,0.5689802196333333,0.6557144997020562,0.8015281467500001,0.4555156350833333,-0.0039000147733332935,,,,,,,,,,,,,ok,0,True
S-norm_K-1_C-0_W-20_Col-0,epoch_0003,3,normalized,add_proj,0.12,0.08,64,4,1.0,0.0,20.0,0.0,0.0,0.0,0.0,5,False,3|5|7|15,64,64,108,0.0002,8,1,1,0.7060988974173864,0.8377099464933333,0.42305052487999995,0.57694947512,0.7060988974173864,0.8377099464933333,0.42305052487999995,0.57694947512,0.677750787784656,0.8321682892666666,0.43118056066666666,0.5688194393333333,0.6564353816211224,0.79876556175,0.45568563125,-0.0039000147733332935,,,,,,,,,,,,,ok,0,True
S-norm_K-1_C-0_W-20_Col-0,epoch_0004,4,normalized,add_proj,0.12,0.08,64,4,1.0,0.0,20.0,0.0,0.0,0.0,0.0,5,False,3|5|7|15,64,64,108,0.0002,8,1,1,0.7086747236649196,0.8326886965200001,0.42541098534666666,0.5745890146533333,0.7086747236649196,0.8326886965200001,0.42541098534666666,0.5745890146533333,0.6812047444283963,0.8268799376666666,0.4332729733500001,0.56672702665,0.6615780773262183,0.79221325725,0.46398626075,-0.0039000147733332935,,,,,,,,,,,,,ok,0,True
S-norm_K-1_C-0_W-20_Col-0,epoch_0005,5,normalized,add_proj,0.12,0.08,64,4,1.0,0.0,20.0,0.0,0.0,0.0,0.0,5,False,3|5|7|15,64,64,108,0.0002,8,1,1,0.7107892512083055,0.82199548256,0.4417781002933333,0.5582218997066667,0.7107892512083055,0.82199548256,0.4417781002933333,0.5582218997066667,0.6845330368975799,0.8160913746,0.44990235888333335,0.5500976411166667,0.6670498820642631,0.7780781861666667,0.4842645238333334,-0.0039000147733332935,,,,,,,,,,,,,ok,0,True
S-norm_K-1_C-0_W-20_Col-0,epoch_0006,6,normalized,add_proj,0.12,0.08,64,4,1.0,0.0,20.0,0.0,0.0,0.0,0.0,5,False,3|5|7|15,64,64,108,0.0002,8,1,1,0.7145745479265849,0.8124353766266665,0.45034252723999996,0.5496574727600001,0.7145745479265849,0.8124353766266665,0.45034252723999996,0.5496574727600001,0.6892003296812376,0.80599241225,0.45910582208333334,0.5408941779166667,0.6717106771965822,0.7669575438333334,0.49315911958333336,-0.0039000147733332935,,,,,,,,,,,,,ok,0,True
S-norm_K-1_C-0_W-20_Col-0,epoch_0007,7,normalized,add_proj,0.12,0.08,64,4,1.0,0.0,20.0,0.0,0.0,0.0,0.0,5,False,3|5|7|15,64,64,108,0.0002,8,1,1,0.715261351943016,0.8098365695733334,0.45009947101333336,0.5499005289866666,0.715261351943016,0.8098365695733334,0.45009947101333336,0.5499005289866666,0.6901832048594952,0.8032634226333334,0.4595354633833334,0.5404645366166666,0.6695693763593832,0.7661729081666666,0.48612156758333336,-0.0039000147733332935,,,,,,,,,,,,,ok,0,True
S-norm_K-1_C-0_W-20_Col-0,epoch_0008,8,normalized,add_proj,0.12,0.08,64,4,1.0,0.0,20.0,0.0,0.0,0.0,0.0,5,False,3|5|7|15,64,64,108,0.0002,8,1,1,0.7161468224525452,0.7975860797333334,0.46117903751999995,0.53882096248,0.7161468224525452,0.7975860797333334,0.46117903751999995,0.53882096248,0.691959366798401,0.7910743192333334,0.47080235495,0.52919764505,0.6716958537697792,0.7594387173333332,0.4940821405,-0.0039000147733332935,,,,,,,,,,,,,ok,0,True
S-norm_K-1_C-0_W-20_Col-15,,,normalized,,,,,,1.0,0.0,20.0,15.0,,,,,,,,,,,,,,,,,,,,,,,,,,,,,,,,,,,,,,,,,,config_only,,False
S-norm_K-1_C-0_W-20_Col-15,epoch_0001,1,normalized,add_proj,0.12,0.08,64,4,1.0,0.0,20.0,15.0,0.0,0.0,0.0,5,False,3|5|7|15,64,64,108,0.0002,8,1,1,0.7037104279994965,0.74607235572,0.5031087187866666,0.49689128121333337,0.7037104279994965,0.74607235572,0.5031087187866666,0.49689128121333337,0.6858983830610912,0.7439858133500001,0.5088162928000002,0.4911837071999998,0.6537843676904838,0.7026839291666667,0.5508960866666667,0.04579751600000004,,,,,,,,,,,,,ok,0,True
S-norm_K-1_C-0_W-20_Col-15,epoch_0002,2,normalized,add_proj,0.12,0.08,64,4,1.0,0.0,20.0,15.0,0.0,0.0,0.0,5,False,3|5|7|15,64,64,108,0.0002,8,1,1,0.7026408115625382,0.7071210384533333,0.5358928222533332,0.46410717774666677,0.7026408115625382,0.7071210384533333,0.5358928222533332,0.46410717774666677,0.6895437074204287,0.7055624594333334,0.5414713889,0.4585286111,0.6558381289243698,0.6726335286666667,0.6040756545,0.04579751600000004,,,,,,,,,,,,,ok,0,True
S-norm_K-1_C-0_W-20_Col-15,epoch_0003,3,normalized,add_proj,0.12,0.08,64,4,1.0,0.0,20.0,15.0,0.0,0.0,0.0,5,False,3|5|7|15,64,64,108,0.0002,8,1,1,0.6985614197651546,0.6850658976266668,0.5489062347866667,0.45109376521333333,0.6985614197651546,0.6850658976266668,0.5489062347866667,0.45109376521333333,0.6872924615442753,0.6831643451833334,0.5541927241333334,0.4458072758666666,0.6544483189781507,0.6571542266666666,0.6117672868333334,0.04579751600000004,,,,,,,,,,,,,ok,0,True
S-norm_K-1_C-0_W-20_Col-15,epoch_0004,4,normalized,add_proj,0.12,0.08,64,4,1.0,0.0,20.0,15.0,0.0,0.0,0.0,5,False,3|5|7|15,64,64,108,0.0002,8,1,1,0.6935836585760117,0.6700697703333334,0.5599599973466668,0.4400400026533332,0.6935836585760117,0.6700697703333334,0.5599599973466668,0.4400400026533332,0.6834316005806129,0.66818299455,0.5652693513999999,0.4347306486000001,0.6529035453995069,0.6510941379166666,0.60944774525,0.04579751600000004,,,,,,,,,,,,,ok,0,True
S-norm_K-1_C-0_W-20_Col-15,epoch_0005,5,normalized,add_proj,0.12,0.08,64,4,1.0,0.0,20.0,15.0,0.0,0.0,0.0,5,False,3|5|7|15,64,64,108,0.0002,8,1,1,0.6934480881293615,0.6659765146266666,0.5663336727866667,0.4336663272133333,0.6934480881293615,0.6659765146266666,0.5663336727866667,0.4336663272133333,0.6830173888305822,0.6636786725333332,0.57131233485,0.42868766515,0.6546522681911786,0.6455356507499999,0.62052421425,0.04579751600000004,,,,,,,,,,,,,ok,0,True
S-norm_K-1_C-0_W-20_Col-15,epoch_0006,6,normalized,add_proj,0.12,0.08,64,4,1.0,0.0,20.0,15.0,0.0,0.0,0.0,5,False,3|5|7|15,64,64,108,0.0002,8,1,1,0.696543693780899,0.6647379796933334,0.5715452250133333,0.42845477498666673,0.696543693780899,0.6647379796933334,0.5715452250133333,0.42845477498666673,0.6863705166180929,0.6623658469333333,0.5765552825833333,0.42344471741666667,0.6586489041646322,0.6428252971666666,0.6260820608333335,0.04579751600000004,,,,,,,,,,,,,ok,0,True
S-norm_K-1_C-0_W-20_Col-15,epoch_0007,7,normalized,add_proj,0.12,0.08,64,4,1.0,0.0,20.0,15.0,0.0,0.0,0.0,5,False,3|5|7|15,64,64,108,0.0002,8,1,1,0.7042976192235948,0.6720546764800001,0.5643631968,0.4356368032,0.7042976192235948,0.6720546764800001,0.5643631968,0.4356368032,0.6946158038079738,0.6696747405166665,0.5703377297666667,0.42966227023333325,0.6638736496369044,0.6473336509166666,0.61388944125,0.04579751600000004,,,,,,,,,,,,,ok,0,True
S-norm_K-1_C-0_W-20_Col-15,epoch_0008,8,normalized,add_proj,0.12,0.08,64,4,1.0,0.0,20.0,15.0,0.0,0.0,0.0,5,False,3|5|7|15,64,64,108,0.0002,8,1,1,0.7022436967293421,0.6683761959600001,0.5674238758933333,0.4325761241066667,0.7022436967293421,0.6683761959600001,0.5674238758933333,0.4325761241066667,0.6926630230247974,0.6657346175166667,0.5734290580166668,0.42657094198333323,0.6620689938465755,0.6442907774166666,0.6138519421666667,0.04579751600000004,,,,,,,,,,,,,ok,0,True
S-norm_K-1_C-2_W-10_Col-0,,,normalized,,,,,,1.0,2.0,10.0,0.0,,,,,,,,,,,,,,,,,,,,,,,,,,,,,,,,,,,,,,,,,,config_only,,False
S-norm_K-1_C-2_W-10_Col-0,epoch_0001,1,normalized,add_proj,0.12,0.08,64,4,1.0,2.0,10.0,0.0,0.0,0.0,0.0,5,False,3|5|7|15,64,64,108,0.0002,8,1,1,0.6827071595986685,0.8918269663866667,0.35313160448,0.64686839552,0.6827071595986685,0.8918269663866667,0.35313160448,0.64686839552,0.6476466965675354,0.8888609801166668,0.3612034923666667,0.6387965076333333,0.6124020246167977,0.8770888938333334,0.35533894874999994,-0.0068528383600000575,,,,,,,,,,,,,ok,0,True
S-norm_K-1_C-2_W-10_Col-0,epoch_0002,2,normalized,add_proj,0.12,0.08,64,4,1.0,2.0,10.0,0.0,0.0,0.0,0.0,5,False,3|5|7|15,64,64,108,0.0002,8,1,1,0.683853292187055,0.8939713528,0.3434195425733333,0.6565804574266667,0.683853292187055,0.8939713528,0.3434195425733333,0.6565804574266667,0.6491082931061586,0.8907199164333335,0.35229661609999996,0.6477033839,0.6089366719126702,0.880388573,0.3467163845833333,-0.0068528383600000575,,,,,,,,,,,,,ok,0,True
S-norm_K-1_C-2_W-10_Col-0,epoch_0003,3,normalized,add_proj,0.12,0.08,64,4,1.0,2.0,10.0,0.0,0.0,0.0,0.0,5,False,3|5|7|15,64,64,108,0.0002,8,1,1,0.6867074971993763,0.8941661309333333,0.34627876611999997,0.65372123388,0.6867074971993763,0.8941661309333333,0.34627876611999997,0.65372123388,0.652255939145883,0.8908752924,0.35611715636666663,0.6438828436333334,0.6157549982269604,0.8788502870000001,0.36270950550000003,-0.0068528383600000575,,,,,,,,,,,,,ok,0,True
S-norm_K-1_C-2_W-10_Col-0,epoch_0004,4,normalized,add_proj,0.12,0.08,64,4,1.0,2.0,10.0,0.0,0.0,0.0,0.0,5,False,3|5|7|15,64,64,108,0.0002,8,1,1,0.6897964128255845,0.8871334180266668,0.35507380648000003,0.6449261935199999,0.6897964128255845,0.8871334180266668,0.35507380648000003,0.6449261935199999,0.6560909734666348,0.8829985606333335,0.36531119638333337,0.6346888036166667,0.620563076188167,0.8686244806666668,0.3725014954166667,-0.0068528383600000575,,,,,,,,,,,,,ok,0,True
S-norm_K-1_C-2_W-10_Col-0,epoch_0005,5,normalized,add_proj,0.12,0.08,64,4,1.0,2.0,10.0,0.0,0.0,0.0,0.0,5,False,3|5|7|15,64,64,108,0.0002,8,1,1,0.692027257521947,0.8834367406533333,0.3582114808533333,0.6417885191466667,0.692027257521947,0.8834367406533333,0.3582114808533333,0.6417885191466667,0.6587625246246656,0.8787092018999999,0.36861596673333336,0.6313840332666667,0.6231223719815413,0.8644977684166665,0.37817072033333327,-0.0068528383600000575,,,,,,,,,,,,,ok,0,True
S-norm_K-1_C-2_W-10_Col-0,epoch_0006,6,normalized,add_proj,0.12,0.08,64,4,1.0,2.0,10.0,0.0,0.0,0.0,0.0,5,False,3|5|7|15,64,64,108,0.0002,8,1,1,0.6947010925213496,0.8797156278133335,0.3664532947733333,0.6335467052266667,0.6947010925213496,0.8797156278133335,0.3664532947733333,0.6335467052266667,0.6620431297520796,0.8745433377833335,0.37777432746666667,0.6222256725333333,0.6260744564235211,0.8603500403333334,0.3883505728333333,-0.0068528383600000575,,,,,,,,,,,,,ok,0,True
S-norm_K-1_C-2_W-10_Col-0,epoch_0007,7,normalized,add_proj,0.12,0.08,64,4,1.0,2.0,10.0,0.0,0.0,0.0,0.0,5,False,3|5|7|15,64,64,108,0.0002,8,1,1,0.6942109112342197,0.8808296959199999,0.36863634028,0.6313636597200001,0.6942109112342197,0.8808296959199999,0.36863634028,0.6313636597200001,0.661271925220887,0.87593923585,0.38011560355000007,0.6198843964499999,0.6248156068225702,0.86302922675,0.3871149145,-0.0068528383600000575,,,,,,,,,,,,,ok,0,True
S-norm_K-1_C-2_W-10_Col-0,epoch_0008,8,normalized,add_proj,0.12,0.08,64,4,1.0,2.0,10.0,0.0,0.0,0.0,0.0,5,False,3|5|7|15,64,64,108,0.0002,8,1,1,0.6946017523209254,0.87520226056,0.37351509594666665,0.6264849040533333,0.6946017523209254,0.87520226056,0.37351509594666665,0.6264849040533333,0.6619359911978246,0.8698604168666666,0.3849776371166667,0.6150223628833333,0.6261436832447846,0.8594035738333333,0.38923277,-0.0068528383600000575,,,,,,,,,,,,,ok,0,True
S-norm_K-1_C-2_W-10_Col-15,,,normalized,,,,,,1.0,2.0,10.0,15.0,,,,,,,,,,,,,,,,,,,,,,,,,,,,,,,,,,,,,,,,,,config_only,,False
S-norm_K-1_C-2_W-10_Col-15,epoch_0001,1,normalized,add_proj,0.12,0.08,64,4,1.0,2.0,10.0,15.0,0.0,0.0,0.0,5,False,3|5|7|15,64,64,108,0.0002,8,1,1,0.7014405952294668,0.8305937433199999,0.43029701298666667,0.5697029870133333,0.7014405952294668,0.8305937433199999,0.43029701298666667,0.5697029870133333,0.673673322101434,0.8272170777833334,0.43922377645,0.56077622355,0.6518123976886273,0.7799497451666666,0.5029315679999999,0.0012573680533333187,,,,,,,,,,,,,ok,0,True
S-norm_K-1_C-2_W-10_Col-15,epoch_0002,2,normalized,add_proj,0.12,0.08,64,4,1.0,2.0,10.0,15.0,0.0,0.0,0.0,5,False,3|5|7|15,64,64,108,0.0002,8,1,1,0.7025047068993251,0.8206491223466666,0.43509888038666666,0.5649011196133333,0.7025047068993251,0.8206491223466666,0.43509888038666666,0.5649011196133333,0.6754854116340478,0.8167555720333335,0.4432226316166667,0.5567773683833332,0.6504939804474513,0.7780931010000001,0.4948261380833333,0.0012573680533333187,,,,,,,,,,,,,ok,0,True
S-norm_K-1_C-2_W-10_Col-15,epoch_0003,3,normalized,add_proj,0.12,0.08,64,4,1.0,2.0,10.0,15.0,0.0,0.0,0.0,5,False,3|5|7|15,64,64,108,0.0002,8,1,1,0.7032269686460495,0.8188603449866667,0.43155438104,0.56844561896,0.7032269686460495,0.8188603449866667,0.43155438104,0.56844561896,0.6769386323789756,0.8149491451499999,0.43989652735,0.56010347265,0.6508347635467846,0.7769860720833333,0.49512644808333334,0.0012573680533333187,,,,,,,,,,,,,ok,0,True
S-norm_K-1_C-2_W-10_Col-15,epoch_0004,4,normalized,add_proj,0.12,0.08,64,4,1.0,2.0,10.0,15.0,0.0,0.0,0.0,5,False,3|5|7|15,64,64,108,0.0002,8,1,1,0.7057221924066545,0.79689441512,0.45761867109333343,0.5423813289066666,0.7057221924066545,0.79689441512,0.45761867109333343,0.5423813289066666,0.6819671563804148,0.7927591484500002,0.46605500081666673,0.5339449991833333,0.6587937893966833,0.7527000990833332,0.530267722,0.0012573680533333187,,,,,,,,,,,,,ok,0,True
S-norm_K-1_C-2_W-10_Col-15,epoch_0005,5,normalized,add_proj,0.12,0.08,64,4,1.0,2.0,10.0,15.0,0.0,0.0,0.0,5,False,3|5|7|15,64,64,108,0.0002,8,1,1,0.7055572846333185,0.7894973097733333,0.45977618525333336,0.5402238147466667,0.7055572846333185,0.7894973097733333,0.45977618525333336,0.5402238147466667,0.6825392020245393,0.7850349750166666,0.4681488756000001,0.5318511243999999,0.6582530178129673,0.7456203898333333,0.5243582095,0.0012573680533333187,,,,,,,,,,,,,ok,0,True
S-norm_K-1_C-2_W-10_Col-15,epoch_0006,6,normalized,add_proj,0.12,0.08,64,4,1.0,2.0,10.0,15.0,0.0,0.0,0.0,5,False,3|5|7|15,64,64,108,0.0002,8,1,1,0.7061777542432149,0.7903092589866665,0.4591415448666667,0.5408584551333333,0.7061777542432149,0.7903092589866665,0.4591415448666667,0.5408584551333333,0.6829727248350779,0.7857128985833333,0.4674765298333332,0.5325234701666668,0.6588298964003722,0.74272679625,0.529776372,0.0012573680533333187,,,,,,,,,,,,,ok,0,True
S-norm_K-1_C-2_W-10_Col-15,epoch_0007,7,normalized,add_proj,0.12,0.08,64,4,1.0,2.0,10.0,15.0,0.0,0.0,0.0,5,False,3|5|7|15,64,64,108,0.0002,8,1,1,0.7072813307046891,0.7916584179066666,0.4601222376133333,0.5398777623866666,0.7072813307046891,0.7916584179066666,0.4601222376133333,0.5398777623866666,0.6840183079739411,0.7868633467666666,0.4688696530833334,0.5311303469166666,0.6583936894933382,0.7440753996666667,0.5280238690000001,0.0012573680533333187,,,,,,,,,,,,,ok,0,True
S-norm_K-1_C-2_W-10_Col-15,epoch_0008,8,normalized,add_proj,0.12,0.08,64,4,1.0,2.0,10.0,15.0,0.0,0.0,0.0,5,False,3|5|7|15,64,64,108,0.0002,8,1,1,0.7073470656077068,0.7802510437866669,0.4684549763333334,0.5315450236666666,0.7073470656077068,0.7802510437866669,0.4684549763333334,0.5315450236666666,0.6852935612201692,0.7753639758499999,0.4772994005666667,0.5227005994333334,0.6593537077307701,0.73488082825,0.5309192854166667,0.0012573680533333187,,,,,,,,,,,,,ok,0,True
S-norm_K-1_C-2_W-20_Col-0,,,normalized,,,,,,1.0,2.0,20.0,0.0,,,,,,,,,,,,,,,,,,,,,,,,,,,,,,,,,,,,,,,,,,config_only,,False
S-norm_K-1_C-2_W-20_Col-0,epoch_0001,1,normalized,add_proj,0.12,0.08,64,4,1.0,2.0,20.0,0.0,0.0,0.0,0.0,5,False,3|5|7|15,64,64,108,0.0002,8,1,1,0.6895749143362047,0.88373397852,0.3674498042666666,0.6325501957333334,0.6895749143362047,0.88373397852,0.3674498042666666,0.6325501957333334,0.6554800394674143,0.8803594015166667,0.3753818172833333,0.6246181827166667,0.6249313193062941,0.85859941525,0.3832518594166667,-0.007311525546666642,,,,,,,,,,,,,ok,0,True
S-norm_K-1_C-2_W-20_Col-0,epoch_0002,2,normalized,add_proj,0.12,0.08,64,4,1.0,2.0,20.0,0.0,0.0,0.0,0.0,5,False,3|5|7|15,64,64,108,0.0002,8,1,1,0.6919799781243006,0.8874706812533333,0.36142762311999993,0.63857237688,0.6919799781243006,0.8874706812533333,0.36142762311999993,0.63857237688,0.657825032720963,0.8835027978333334,0.37075763283333335,0.6292423671666667,0.6264738813042641,0.8674387239166668,0.3800922794166667,-0.007311525546666642,,,,,,,,,,,,,ok,0,True
S-norm_K-1_C-2_W-20_Col-0,epoch_0003,3,normalized,add_proj,0.12,0.08,64,4,1.0,2.0,20.0,0.0,0.0,0.0,0.0,5,False,3|5|7|15,64,64,108,0.0002,8,1,1,0.6924948459863665,0.8867078037733332,0.36013827872,0.63986172128,0.6924948459863665,0.8867078037733332,0.36013827872,0.63986172128,0.658725526680549,0.8827327060666669,0.3698376640666667,0.6301623359333333,0.6265586877862612,0.8699082585833334,0.3802131690000001,-0.007311525546666642,,,,,,,,,,,,,ok,0,True
S-norm_K-1_C-2_W-20_Col-0,epoch_0004,4,normalized,add_proj,0.12,0.08,64,4,1.0,2.0,20.0,0.0,0.0,0.0,0.0,5,False,3|5|7|15,64,64,108,0.0002,8,1,1,0.6960571378469467,0.8793110778000001,0.3693213249866666,0.6306786750133334,0.6960571378469467,0.8793110778000001,0.3693213249866666,0.6306786750133334,0.6631609296302001,0.8745838363166667,0.37934412115,0.6206558788500001,0.6315901647011439,0.86168680825,0.3971889735,-0.007311525546666642,,,,,,,,,,,,,ok,0,True
S-norm_K-1_C-2_W-20_Col-0,epoch_0005,5,normalized,add_proj,0.12,0.08,64,4,1.0,2.0,20.0,0.0,0.0,0.0,0.0,5,False,3|5|7|15,64,64,108,0.0002,8,1,1,0.697658726731936,0.8754726962799999,0.37191777573333334,0.6280822242666666,0.697658726731936,0.8754726962799999,0.37191777573333334,0.6280822242666666,0.6654164952536423,0.8703159588833334,0.38220715471666666,0.6177928452833333,0.634061544885238,0.85556111175,0.4021299995833334,-0.007311525546666642,,,,,,,,,,,,,ok,0,True
S-norm_K-1_C-2_W-20_Col-0,epoch_0006,6,normalized,add_proj,0.12,0.08,64,4,1.0,2.0,20.0,0.0,0.0,0.0,0.0,5,False,3|5|7|15,64,64,108,0.0002,8,1,1,0.6980667153994243,0.8747579742266667,0.37430310308,0.6256968969200001,0.6980667153994243,0.8747579742266667,0.37430310308,0.6256968969200001,0.665902216931184,0.8694241511000002,0.38519257976666665,0.6148074202333333,0.6346815044681231,0.8537331000000001,0.40273783416666664,-0.007311525546666642,,,,,,,,,,,,,ok,0,True
S-norm_K-1_C-2_W-20_Col-0,epoch_0007,7,normalized,add_proj,0.12,0.08,64,4,1.0,2.0,20.0,0.0,0.0,0.0,0.0,5,False,3|5|7|15,64,64,108,0.0002,8,1,1,0.6990269819100696,0.86980232652,0.3846246017066667,0.6153753982933333,0.6990269819100696,0.86980232652,0.3846246017066667,0.6153753982933333,0.6671146709720294,0.8639994133833333,0.39624395020000003,0.6037560498,0.6341738293568293,0.8517869579999999,0.40590045550000003,-0.007311525546666642,,,,,,,,,,,,,ok,0,True
S-norm_K-1_C-2_W-20_Col-0,epoch_0008,8,normalized,add_proj,0.12,0.08,64,4,1.0,2.0,20.0,0.0,0.0,0.0,0.0,5,False,3|5|7|15,64,64,108,0.0002,8,1,1,0.6998310156265894,0.86509166768,0.3882893006133334,0.6117106993866666,0.6998310156265894,0.86509166768,0.3882893006133334,0.6117106993866666,0.6682316890855629,0.8591472581333333,0.3996863432833333,0.6003136567166667,0.6352094744642576,0.8503938765,0.40679389608333333,-0.007311525546666642,,,,,,,,,,,,,ok,0,True
S-norm_K-1_C-2_W-20_Col-15,,,normalized,,,,,,1.0,2.0,20.0,15.0,,,,,,,,,,,,,,,,,,,,,,,,,,,,,,,,,,,,,,,,,,config_only,,False
S-norm_K-1_C-2_W-20_Col-15,epoch_0001,1,normalized,add_proj,0.12,0.08,64,4,1.0,2.0,20.0,15.0,0.0,0.0,0.0,5,False,3|5|7|15,64,64,108,0.0002,8,1,1,0.7011887105305991,0.8277569769066666,0.42576521808,0.57423478192,0.7011887105305991,0.8277569769066666,0.42576521808,0.57423478192,0.6734816493590673,0.8243216826833333,0.4334888712333333,0.5665111287666666,0.649777506540219,0.7801277,0.4811837168333334,0.04234166626666663,,,,,,,,,,,,,ok,0,True
S-norm_K-1_C-2_W-20_Col-15,epoch_0002,2,normalized,add_proj,0.12,0.08,64,4,1.0,2.0,20.0,15.0,0.0,0.0,0.0,5,False,3|5|7|15,64,64,108,0.0002,8,1,1,0.7053079228401186,0.7996950787066668,0.4529743622266667,0.5470256377733334,0.7053079228401186,0.7996950787066668,0.4529743622266667,0.5470256377733334,0.6813686820864677,0.7957113081,0.46171559323333344,0.5382844067666666,0.6584830219546953,0.7579731570833333,0.51917850225,0.04234166626666663,,,,,,,,,,,,,ok,0,True
S-norm_K-1_C-2_W-20_Col-15,epoch_0003,3,normalized,add_proj,0.12,0.08,64,4,1.0,2.0,20.0,15.0,0.0,0.0,0.0,5,False,3|5|7|15,64,64,108,0.0002,8,1,1,0.7049049336115519,0.7792323292666665,0.46810688434666664,0.5318931156533333,0.7049049336115519,0.7792323292666665,0.46810688434666664,0.5318931156533333,0.6831101740399996,0.7749921065333333,0.47640688891666666,0.5235931110833334,0.6602086911598841,0.7362729745833333,0.5303411729166667,0.04234166626666663,,,,,,,,,,,,,ok,0,True
S-norm_K-1_C-2_W-20_Col-15,epoch_0004,4,normalized,add_proj,0.12,0.08,64,4,1.0,2.0,20.0,15.0,0.0,0.0,0.0,5,False,3|5|7|15,64,64,108,0.0002,8,1,1,0.7055081849098207,0.77118846556,0.4750324721466667,0.5249675278533332,0.7055081849098207,0.77118846556,0.4750324721466667,0.5249675278533332,0.6847574443618456,0.7666361790166667,0.48307851394999995,0.51692148605,0.6595788066585859,0.7316101325,0.5292289814166667,0.04234166626666663,,,,,,,,,,,,,ok,0,True
S-norm_K-1_C-2_W-20_Col-15,epoch_0005,5,normalized,add_proj,0.12,0.08,64,4,1.0,2.0,20.0,15.0,0.0,0.0,0.0,5,False,3|5|7|15,64,64,108,0.0002,8,1,1,0.707347561677297,0.7689124389199999,0.47867438276,0.52132561724,0.707347561677297,0.7689124389199999,0.47867438276,0.52132561724,0.686923684279124,0.7643422733499999,0.4864773048666667,0.5135226951333334,0.6608246850470701,0.7242851001666666,0.5397509534999999,0.04234166626666663,,,,,,,,,,,,,ok,0,True
S-norm_K-1_C-2_W-20_Col-15,epoch_0006,6,normalized,add_proj,0.12,0.08,64,4,1.0,2.0,20.0,15.0,0.0,0.0,0.0,5,False,3|5|7|15,64,64,108,0.0002,8,1,1,0.7070835974613827,0.7546416350666667,0.4931904843466666,0.5068095156533334,0.7070835974613827,0.7546416350666667,0.4931904843466666,0.5068095156533334,0.6879444680114587,0.749902388,0.5009357237166667,0.4990642762833333,0.6625153054793675,0.71231323025,0.5565708986666666,0.04234166626666663,,,,,,,,,,,,,ok,0,True
S-norm_K-1_C-2_W-20_Col-15,epoch_0007,7,normalized,add_proj,0.12,0.08,64,4,1.0,2.0,20.0,15.0,0.0,0.0,0.0,5,False,3|5|7|15,64,64,108,0.0002,8,1,1,0.7081733789841335,0.7561745428400001,0.49093805534666674,0.5090619446533333,0.7081733789841335,0.7561745428400001,0.49093805534666674,0.5090619446533333,0.689208902567625,0.7514340738166667,0.49918524773333345,0.5008147522666666,0.6620921641588211,0.7129093555833333,0.5486780149166667,0.04234166626666663,,,,,,,,,,,,,ok,0,True
S-norm_K-1_C-2_W-20_Col-15,epoch_0008,8,normalized,add_proj,0.12,0.08,64,4,1.0,2.0,20.0,15.0,0.0,0.0,0.0,5,False,3|5|7|15,64,64,108,0.0002,8,1,1,0.7058715463876725,0.74367063672,0.4978127820666667,0.5021872179333333,0.7058715463876725,0.74367063672,0.4978127820666667,0.5021872179333333,0.6879697634279729,0.7387620596166665,0.50580384135,0.49419615865,0.6597135275602339,0.7051607265,0.5474676969166667,0.04234166626666663,,,,,,,,,,,,,ok,0,True
S-norm_K-1_C-5_W-10_Col-0,,,normalized,,,,,,1.0,5.0,10.0,0.0,,,,,,,,,,,,,,,,,,,,,,,,,,,,,,,,,,,,,,,,,,config_only,,False
S-norm_K-1_C-5_W-10_Col-0,epoch_0001,1,normalized,add_proj,0.12,0.08,64,4,1.0,5.0,10.0,0.0,0.0,0.0,0.0,5,False,3|5|7|15,64,64,108,0.0002,8,1,1,0.6763064138491949,0.8950409128666666,0.33968139609333337,0.6603186039066666,0.6763064138491949,0.8950409128666666,0.33968139609333337,0.6603186039066666,0.6412674483160179,0.89280156355,0.3460047094,0.6539952906,0.5961941910286744,0.8865037988333333,0.3262899301666667,0.014815960279999985,,,,,,,,,,,,,ok,0,True
S-norm_K-1_C-5_W-10_Col-0,epoch_0002,2,normalized,add_proj,0.12,0.08,64,4,1.0,5.0,10.0,0.0,0.0,0.0,0.0,5,False,3|5|7|15,64,64,108,0.0002,8,1,1,0.6775193325281144,0.8907736147066667,0.3581842705066667,0.6418157294933333,0.6775193325281144,0.8907736147066667,0.3581842705066667,0.6418157294933333,0.6424755237996578,0.8878551707166666,0.3648506297833333,0.6351493702166666,0.6007742357750734,0.88257461875,0.33341315141666666,0.014815960279999985,,,,,,,,,,,,,ok,0,True
S-norm_K-1_C-5_W-10_Col-0,epoch_0003,3,normalized,add_proj,0.12,0.08,64,4,1.0,5.0,10.0,0.0,0.0,0.0,0.0,5,False,3|5|7|15,64,64,108,0.0002,8,1,1,0.6849514284133911,0.8894428115733334,0.35449735637333335,0.6455026436266667,0.6849514284133911,0.8894428115733334,0.35449735637333335,0.6455026436266667,0.6508655255039532,0.8854178760666667,0.36488664263333337,0.6351133573666666,0.6126567748685678,0.8765234291666667,0.35489261433333336,0.014815960279999985,,,,,,,,,,,,,ok,0,True
S-norm_K-1_C-5_W-10_Col-0,epoch_0004,4,normalized,add_proj,0.12,0.08,64,4,1.0,5.0,10.0,0.0,0.0,0.0,0.0,5,False,3|5|7|15,64,64,108,0.0002,8,1,1,0.6828772876262664,0.8921233408133332,0.3457603315200001,0.6542396684799999,0.6828772876262664,0.8921233408133332,0.3457603315200001,0.6542396684799999,0.648376876314481,0.8886335008166665,0.35480353115,0.64519646885,0.60891114945213,0.8814088606666666,0.34210619200000003,0.014815960279999985,,,,,,,,,,,,,ok,0,True
S-norm_K-1_C-5_W-10_Col-0,epoch_0005,5,normalized,add_proj,0.12,0.08,64,4,1.0,5.0,10.0,0.0,0.0,0.0,0.0,5,False,3|5|7|15,64,64,108,0.0002,8,1,1,0.6842839229106904,0.8891674382933332,0.34346905455999993,0.6565309454400001,0.6842839229106904,0.8891674382933332,0.34346905455999993,0.6565309454400001,0.650179875989755,0.8856383037500001,0.3519642756,0.6480357244,0.6107559417684872,0.8794441630833333,0.34396644708333335,0.014815960279999985,,,,,,,,,,,,,ok,0,True
S-norm_K-1_C-5_W-10_Col-0,epoch_0006,6,normalized,add_proj,0.12,0.08,64,4,1.0,5.0,10.0,0.0,0.0,0.0,0.0,5,False,3|5|7|15,64,64,108,0.0002,8,1,1,0.6871418988307317,0.8836918798133334,0.3501550942933333,0.6498449057066666,0.6871418988307317,0.8836918798133334,0.3501550942933333,0.6498449057066666,0.6537089063227177,0.8795845327,0.35887201145000003,0.64112798855,0.6152641450365385,0.8727548993333334,0.3559627266666666,0.014815960279999985,,,,,,,,,,,,,ok,0,True
S-norm_K-1_C-5_W-10_Col-0,epoch_0007,7,normalized,add_proj,0.12,0.08,64,4,1.0,5.0,10.0,0.0,0.0,0.0,0.0,5,False,3|5|7|15,64,64,108,0.0002,8,1,1,0.6879275062878927,0.8829496615333333,0.35476659132,0.64523340868,0.6879275062878927,0.8829496615333333,0.35476659132,0.64523340868,0.654808301726977,0.8788093973333334,0.3643197675666666,0.6356802324333334,0.614323499550422,0.87363043325,0.3574091011666667,0.014815960279999985,,,,,,,,,,,,,ok,0,True
S-norm_K-1_C-5_W-10_Col-0,epoch_0008,8,normalized,add_proj,0.12,0.08,64,4,1.0,5.0,10.0,0.0,0.0,0.0,0.0,5,False,3|5|7|15,64,64,108,0.0002,8,1,1,0.688738438606262,0.8774287642533334,0.3641496503733333,0.6358503496266668,0.688738438606262,0.8774287642533334,0.3641496503733333,0.6358503496266668,0.6558603303631148,0.8728924754333333,0.37415931976666666,0.6258406802333334,0.6165872799853485,0.86970052675,0.36627144508333337,0.014815960279999985,,,,,,,,,,,,,ok,0,True
S-norm_K-1_C-5_W-10_Col-15,,,normalized,,,,,,1.0,5.0,10.0,15.0,,,,,,,,,,,,,,,,,,,,,,,,,,,,,,,,,,,,,,,,,,config_only,,False
S-norm_K-1_C-5_W-10_Col-15,epoch_0001,1,normalized,add_proj,0.12,0.08,64,4,1.0,5.0,10.0,15.0,0.0,0.0,0.0,5,False,3|5|7|15,64,64,108,0.0002,8,1,1,0.6978238620360692,0.8442631226400001,0.42671149034666667,0.5732885096533333,0.6978238620360692,0.8442631226400001,0.42671149034666667,0.5732885096533333,0.6687741238375505,0.8410570390333334,0.4376272495166667,0.5623727504833334,0.651321700712045,0.7934789977500001,0.49224443791666667,-0.001305979359999987,,,,,,,,,,,,,ok,0,True
S-norm_K-1_C-5_W-10_Col-15,epoch_0002,2,normalized,add_proj,0.12,0.08,64,4,1.0,5.0,10.0,15.0,0.0,0.0,0.0,5,False,3|5|7|15,64,64,108,0.0002,8,1,1,0.6986969034671785,0.8407638585066667,0.42664398377333335,0.5733560162266667,0.6986969034671785,0.8407638585066667,0.42664398377333335,0.5733560162266667,0.6696719098091127,0.8373000657666667,0.43600832775000004,0.56399167225,0.6472108917931716,0.7959309339999999,0.49314580983333334,-0.001305979359999987,,,,,,,,,,,,,ok,0,True
S-norm_K-1_C-5_W-10_Col-15,epoch_0003,3,normalized,add_proj,0.12,0.08,64,4,1.0,5.0,10.0,15.0,0.0,0.0,0.0,5,False,3|5|7|15,64,64,108,0.0002,8,1,1,0.6994732264280319,0.8352842494666666,0.4254055109866667,0.5745944890133333,0.6994732264280319,0.8352842494666666,0.4254055109866667,0.5745944890133333,0.6708761154115199,0.8315809544666667,0.4344891808833333,0.5655108191166667,0.6459605877598127,0.7920016754166667,0.49383197541666657,-0.001305979359999987,,,,,,,,,,,,,ok,0,True
S-norm_K-1_C-5_W-10_Col-15,epoch_0004,4,normalized,add_proj,0.12,0.08,64,4,1.0,5.0,10.0,15.0,0.0,0.0,0.0,5,False,3|5|7|15,64,64,108,0.0002,8,1,1,0.7010008997519812,0.83663136264,0.42387868773333337,0.5761213122666666,0.7010008997519812,0.83663136264,0.42387868773333337,0.5761213122666666,0.6726049385964871,0.8329627600333336,0.43320534959999996,0.5667946504000001,0.650402552386125,0.790743536,0.5037970369166667,-0.001305979359999987,,,,,,,,,,,,,ok,0,True
S-norm_K-1_C-5_W-10_Col-15,epoch_0005,5,normalized,add_proj,0.12,0.08,64,4,1.0,5.0,10.0,15.0,0.0,0.0,0.0,5,False,3|5|7|15,64,64,108,0.0002,8,1,1,0.6999315932591756,0.8319743754399999,0.42171497224,0.57828502776,0.6999315932591756,0.8319743754399999,0.42171497224,0.57828502776,0.6718436552087467,0.8282450988333332,0.4303834276500001,0.56961657235,0.6462540117402872,0.7905280690833332,0.48714305825000004,-0.001305979359999987,,,,,,,,,,,,,ok,0,True
S-norm_K-1_C-5_W-10_Col-15,epoch_0006,6,normalized,add_proj,0.12,0.08,64,4,1.0,5.0,10.0,15.0,0.0,0.0,0.0,5,False,3|5|7|15,64,64,108,0.0002,8,1,1,0.6998836903572083,0.82115662748,0.4299724168533334,0.5700275831466666,0.6998836903572083,0.82115662748,0.4299724168533334,0.5700275831466666,0.6728717436393102,0.8174139351666666,0.4383797714,0.5616202286,0.6465718800822894,0.7801837411666667,0.49323316050000005,-0.001305979359999987,,,,,,,,,,,,,ok,0,True
S-norm_K-1_C-5_W-10_Col-15,epoch_0007,7,normalized,add_proj,0.12,0.08,64,4,1.0,5.0,10.0,15.0,0.0,0.0,0.0,5,False,3|5|7|15,64,64,108,0.0002,8,1,1,0.7004520090023676,0.8225436524000002,0.42869795738666666,0.5713020426133333,0.7004520090023676,0.8225436524000002,0.42869795738666666,0.5713020426133333,0.6734189227720101,0.8189062440833332,0.43704799275,0.56295200725,0.6456999391317368,0.7835914313333333,0.49186709508333326,-0.001305979359999987,,,,,,,,,,,,,ok,0,True
S-norm_K-1_C-5_W-10_Col-15,epoch_0008,8,normalized,add_proj,0.12,0.08,64,4,1.0,5.0,10.0,15.0,0.0,0.0,0.0,5,False,3|5|7|15,64,64,108,0.0002,8,1,1,0.7015257606506347,0.8136366361599999,0.43796479157333335,0.5620352084266667,0.7015257606506347,0.8136366361599999,0.43796479157333335,0.5620352084266667,0.6754561217625936,0.8096898301166668,0.44654553615000003,0.55345446385,0.6462918748458226,0.7758492876666666,0.49863993033333337,-0.001305979359999987,,,,,,,,,,,,,ok,0,True
S-norm_K-1_C-5_W-20_Col-0,,,normalized,,,,,,1.0,5.0,20.0,0.0,,,,,,,,,,,,,,,,,,,,,,,,,,,,,,,,,,,,,,,,,,config_only,,False
S-norm_K-1_C-5_W-20_Col-0,epoch_0001,1,normalized,add_proj,0.12,0.08,64,4,1.0,5.0,20.0,0.0,0.0,0.0,0.0,5,False,3|5|7|15,64,64,108,0.0002,8,1,1,0.6831392547686894,0.88961656132,0.35457191626666673,0.6454280837333333,0.6831392547686894,0.88961656132,0.35457191626666673,0.6454280837333333,0.6484169639647007,0.8864566296999999,0.36331626815000007,0.6366837318499999,0.6126804942886035,0.8747784897499999,0.3603671789166667,0.007135257786666627,,,,,,,,,,,,,ok,0,True
S-norm_K-1_C-5_W-20_Col-0,epoch_0002,2,normalized,add_proj,0.12,0.08,64,4,1.0,5.0,20.0,0.0,0.0,0.0,0.0,5,False,3|5|7|15,64,64,108,0.0002,8,1,1,0.68716328394413,0.8892548095066667,0.35259004756,0.64740995244,0.68716328394413,0.8892548095066667,0.35259004756,0.64740995244,0.6530816203852494,0.8852785939333334,0.3623225889,0.6376774111,0.6145324361821016,0.8752888149166667,0.3608786280833334,0.007135257786666627,,,,,,,,,,,,,ok,0,True
S-norm_K-1_C-5_W-20_Col-0,epoch_0003,3,normalized,add_proj,0.12,0.08,64,4,1.0,5.0,20.0,0.0,0.0,0.0,0.0,5,False,3|5|7|15,64,64,108,0.0002,8,1,1,0.6905967372655869,0.8875290613866667,0.36170717405333336,0.6382928259466667,0.6905967372655869,0.8875290613866667,0.36170717405333336,0.6382928259466667,0.6570235932370027,0.8835120324833335,0.37316826810000003,0.6268317319,0.6236949349443117,0.8712605411666666,0.3879837446666667,0.007135257786666627,,,,,,,,,,,,,ok,0,True
S-norm_K-1_C-5_W-20_Col-0,epoch_0004,4,normalized,add_proj,0.12,0.08,64,4,1.0,5.0,20.0,0.0,0.0,0.0,0.0,5,False,3|5|7|15,64,64,108,0.0002,8,1,1,0.6914919326702753,0.8827409797333334,0.3635464653066667,0.6364535346933333,0.6914919326702753,0.8827409797333334,0.3635464653066667,0.6364535346933333,0.6582902918756008,0.8781639896,0.37454615310000006,0.6254538468999999,0.6230632049341996,0.8661110187500001,0.38200144399999997,0.007135257786666627,,,,,,,,,,,,,ok,0,True
S-norm_K-1_C-5_W-20_Col-0,epoch_0005,5,normalized,add_proj,0.12,0.08,64,4,1.0,5.0,20.0,0.0,0.0,0.0,0.0,5,False,3|5|7|15,64,64,108,0.0002,8,1,1,0.6930066328843434,0.8791221777333332,0.3624539755599999,0.6375460244400001,0.6930066328843434,0.8791221777333332,0.3624539755599999,0.6375460244400001,0.6603261240323385,0.8742405962833335,0.37319700568333336,0.6268029943166666,0.6244902143875759,0.862065263,0.38481387608333334,0.007135257786666627,,,,,,,,,,,,,ok,0,True
S-norm_K-1_C-5_W-20_Col-0,epoch_0006,6,normalized,add_proj,0.12,0.08,64,4,1.0,5.0,20.0,0.0,0.0,0.0,0.0,5,False,3|5|7|15,64,64,108,0.0002,8,1,1,0.6959484497308732,0.87409762516,0.37280425733333333,0.6271957426666667,0.6959484497308732,0.87409762516,0.37280425733333333,0.6271957426666667,0.6639721692105134,0.8685085429499999,0.38451424221666664,0.6154857577833334,0.6274945276478926,0.8578219067499999,0.39553534025,0.007135257786666627,,,,,,,,,,,,,ok,0,True
S-norm_K-1_C-5_W-20_Col-0,epoch_0007,7,normalized,add_proj,0.12,0.08,64,4,1.0,5.0,20.0,0.0,0.0,0.0,0.0,5,False,3|5|7|15,64,64,108,0.0002,8,1,1,0.6948568646510442,0.87631643532,0.37428131150666666,0.6257186884933333,0.6948568646510442,0.87631643532,0.37428131150666666,0.6257186884933333,0.6625427381694318,0.8709412072500002,0.3861709677833333,0.6138290322166666,0.6262222953140736,0.8606425433333333,0.39421876066666667,0.007135257786666627,,,,,,,,,,,,,ok,0,True
S-norm_K-1_C-5_W-20_Col-0,epoch_0008,8,normalized,add_proj,0.12,0.08,64,4,1.0,5.0,20.0,0.0,0.0,0.0,0.0,5,False,3|5|7|15,64,64,108,0.0002,8,1,1,0.6957055812279385,0.8689212859466666,0.3813927886,0.6186072114000001,0.6957055812279385,0.8689212859466666,0.3813927886,0.6186072114000001,0.6638757205506165,0.8632074488999999,0.3932253072833333,0.6067746927166666,0.6272228712836901,0.8562971470833333,0.3998302186666667,0.007135257786666627,,,,,,,,,,,,,ok,0,True
S-norm_K-1_C-5_W-20_Col-15,,,normalized,,,,,,1.0,5.0,20.0,15.0,,,,,,,,,,,,,,,,,,,,,,,,,,,,,,,,,,,,,,,,,,config_only,,False
S-norm_K-1_C-5_W-20_Col-15,epoch_0001,1,normalized,add_proj,0.12,0.08,64,4,1.0,5.0,20.0,15.0,0.0,0.0,0.0,5,False,3|5|7|15,64,64,108,0.0002,8,1,1,0.696045495669047,0.8546148884666668,0.40696528128,0.59303471872,0.696045495669047,0.8546148884666668,0.40696528128,0.59303471872,0.6651834193865459,0.8510829664166668,0.4159194978333334,0.5840805021666666,0.6454727791249752,0.8114277353333332,0.4538116031666667,0.0137928568266667,,,,,,,,,,,,,ok,0,True
S-norm_K-1_C-5_W-20_Col-15,epoch_0002,2,normalized,add_proj,0.12,0.08,64,4,1.0,5.0,20.0,15.0,0.0,0.0,0.0,5,False,3|5|7|15,64,64,108,0.0002,8,1,1,0.6964042141040165,0.8554006924933333,0.3948967037733333,0.6051032962266667,0.6964042141040165,0.8554006924933333,0.3948967037733333,0.6051032962266667,0.6659327357510726,0.8518642254333333,0.4041010877500001,0.5958989122499999,0.6417566279570261,0.81608224975,0.44270761025000005,0.0137928568266667,,,,,,,,,,,,,ok,0,True
S-norm_K-1_C-5_W-20_Col-15,epoch_0003,3,normalized,add_proj,0.12,0.08,64,4,1.0,5.0,20.0,15.0,0.0,0.0,0.0,5,False,3|5|7|15,64,64,108,0.0002,8,1,1,0.7006791395346323,0.8347650080933334,0.4207581381066667,0.5792418618933333,0.7006791395346323,0.8347650080933334,0.4207581381066667,0.5792418618933333,0.6723329586784044,0.8305189559166667,0.4309618713666666,0.5690381286333335,0.6494233071804048,0.7940385923333333,0.4823877995,0.0137928568266667,,,,,,,,,,,,,ok,0,True
S-norm_K-1_C-5_W-20_Col-15,epoch_0004,4,normalized,add_proj,0.12,0.08,64,4,1.0,5.0,20.0,15.0,0.0,0.0,0.0,5,False,3|5|7|15,64,64,108,0.0002,8,1,1,0.7018478886683782,0.8129522413466667,0.4391074249866667,0.5608925750133333,0.7018478886683782,0.8129522413466667,0.4391074249866667,0.5608925750133333,0.6756816433370113,0.8080722005000001,0.44916642498333337,0.5508335750166666,0.6515907714764277,0.7740405877500001,0.4967296027500001,0.0137928568266667,,,,,,,,,,,,,ok,0,True
S-norm_K-1_C-5_W-20_Col-15,epoch_0005,5,normalized,add_proj,0.12,0.08,64,4,1.0,5.0,20.0,15.0,0.0,0.0,0.0,5,False,3|5|7|15,64,64,108,0.0002,8,1,1,0.703555058479309,0.8064209982133334,0.4453256132533333,0.5546743867466667,0.703555058479309,0.8064209982133334,0.4453256132533333,0.5546743867466667,0.678037355641524,0.8012427644999999,0.45520261279999996,0.5447973872,0.6535707160830497,0.7651776205833334,0.5094336900833334,0.0137928568266667,,,,,,,,,,,,,ok,0,True
S-norm_K-1_C-5_W-20_Col-15,epoch_0006,6,normalized,add_proj,0.12,0.08,64,4,1.0,5.0,20.0,15.0,0.0,0.0,0.0,5,False,3|5|7|15,64,64,108,0.0002,8,1,1,0.704343596816063,0.8073908955866664,0.44376204904,0.55623795096,0.704343596816063,0.8073908955866664,0.44376204904,0.55623795096,0.6786384989321232,0.8019364716,0.45349227748333326,0.5465077225166668,0.6532291750113169,0.7635315213333334,0.5126181096666667,0.0137928568266667,,,,,,,,,,,,,ok,0,True
S-norm_K-1_C-5_W-20_Col-15,epoch_0007,7,normalized,add_proj,0.12,0.08,64,4,1.0,5.0,20.0,15.0,0.0,0.0,0.0,5,False,3|5|7|15,64,64,108,0.0002,8,1,1,0.7045227076212565,0.8077092435866667,0.44431940966666666,0.5556805903333333,0.7045227076212565,0.8077092435866667,0.44431940966666666,0.5556805903333333,0.6790574190020562,0.8022822393999999,0.45451318240000005,0.5454868176,0.6512678777178129,0.7673030086666667,0.5022089635833333,0.0137928568266667,,,,,,,,,,,,,ok,0,True
S-norm_K-1_C-5_W-20_Col-15,epoch_0008,8,normalized,add_proj,0.12,0.08,64,4,1.0,5.0,20.0,15.0,0.0,0.0,0.0,5,False,3|5|7|15,64,64,108,0.0002,8,1,1,0.7046769906282425,0.7966123694399999,0.45227356321333334,0.5477264367866667,0.7046769906282425,0.7966123694399999,0.45227356321333334,0.5477264367866667,0.680237602442503,0.79093158415,0.46231239550000003,0.5376876045,0.6522098734974862,0.7573338715833334,0.506188658,0.0137928568266667,,,,,,,,,,,,,ok,0,True
S-norm_K-2_C-0_W-10_Col-0,,,normalized,,,,,,2.0,0.0,10.0,0.0,,,,,,,,,,,,,,,,,,,,,,,,,,,,,,,,,,,,,,,,,,config_only,,False
S-norm_K-2_C-0_W-10_Col-0,epoch_0001,1,normalized,add_proj,0.12,0.08,64,4,2.0,0.0,10.0,0.0,0.0,0.0,0.0,5,False,3|5|7|15,64,64,108,0.0002,8,1,1,0.6864154034852983,0.8893091774800002,0.3480262335733333,0.6519737664266667,0.6864154034852983,0.8893091774800002,0.3480262335733333,0.6519737664266667,0.6522373395661513,0.8869125135333332,0.35432535851666663,0.6456746414833334,0.6213486211995284,0.8577585284166667,0.36791564516666664,-0.005487742719999911,,,,,,,,,,,,,ok,0,True
S-norm_K-2_C-0_W-10_Col-0,epoch_0002,2,normalized,add_proj,0.12,0.08,64,4,2.0,0.0,10.0,0.0,0.0,0.0,0.0,5,False,3|5|7|15,64,64,108,0.0002,8,1,1,0.6859613619248073,0.8934597818133334,0.34370161709333336,0.6562983829066666,0.6859613619248073,0.8934597818133334,0.34370161709333336,0.6562983829066666,0.6510381559034188,0.8908484662166666,0.35061687090000004,0.6493831291,0.6160501942038537,0.8731462803333334,0.3510037150833333,-0.005487742719999911,,,,,,,,,,,,,ok,0,True
S-norm_K-2_C-0_W-10_Col-0,epoch_0003,3,normalized,add_proj,0.12,0.08,64,4,2.0,0.0,10.0,0.0,0.0,0.0,0.0,5,False,3|5|7|15,64,64,108,0.0002,8,1,1,0.6880197639067969,0.8942192248933334,0.3425384908533334,0.6574615091466667,0.6880197639067969,0.8942192248933334,0.3425384908533334,0.6574615091466667,0.6532308346529802,0.8911875564,0.3496468972,0.6503531028,0.6184273064136505,0.8743042263333333,0.35285203625,-0.005487742719999911,,,,,,,,,,,,,ok,0,True
S-norm_K-2_C-0_W-10_Col-0,epoch_0004,4,normalized,add_proj,0.12,0.08,64,4,2.0,0.0,10.0,0.0,0.0,0.0,0.0,5,False,3|5|7|15,64,64,108,0.0002,8,1,1,0.691949744105339,0.8905528277199999,0.3469602539866667,0.6530397460133333,0.691949744105339,0.8905528277199999,0.3469602539866667,0.6530397460133333,0.6578063043455282,0.8869399708000001,0.35432389870000003,0.6456761013,0.6266095409790675,0.8640562108333334,0.36934782025,-0.005487742719999911,,,,,,,,,,,,,ok,0,True
S-norm_K-2_C-0_W-10_Col-0,epoch_0005,5,normalized,add_proj,0.12,0.08,64,4,2.0,0.0,10.0,0.0,0.0,0.0,0.0,5,False,3|5|7|15,64,64,108,0.0002,8,1,1,0.6952349477608999,0.8844238105999999,0.3576403227333333,0.6423596772666667,0.6952349477608999,0.8844238105999999,0.3576403227333333,0.6423596772666667,0.6621071388324101,0.8802943152833332,0.3655574160166667,0.6344425839833333,0.6334748685359954,0.8523478218333334,0.38355490766666667,-0.005487742719999911,,,,,,,,,,,,,ok,0,True
S-norm_K-2_C-0_W-10_Col-0,epoch_0006,6,normalized,add_proj,0.12,0.08,64,4,2.0,0.0,10.0,0.0,0.0,0.0,0.0,5,False,3|5|7|15,64,64,108,0.0002,8,1,1,0.6958994534015654,0.8820070434799999,0.3607179138133334,0.6392820861866666,0.6958994534015654,0.8820070434799999,0.3607179138133334,0.6392820861866666,0.6629727543393771,0.87797514005,0.3689999442333334,0.6310000557666666,0.6338756963610649,0.8490132385833333,0.3833148510833333,-0.005487742719999911,,,,,,,,,,,,,ok,0,True
S-norm_K-2_C-0_W-10_Col-0,epoch_0007,7,normalized,add_proj,0.12,0.08,64,4,2.0,0.0,10.0,0.0,0.0,0.0,0.0,5,False,3|5|7|15,64,64,108,0.0002,8,1,1,0.6975554944674173,0.8780891608666666,0.36737990912,0.6326200908799999,0.6975554944674173,0.8780891608666666,0.36737990912,0.6326200908799999,0.6647547140717507,0.87332014165,0.37646624131666667,0.6235337586833334,0.6344996313254039,0.84523275025,0.3858591671666667,-0.005487742719999911,,,,,,,,,,,,,ok,0,True
S-norm_K-2_C-0_W-10_Col-0,epoch_0008,8,normalized,add_proj,0.12,0.08,64,4,2.0,0.0,10.0,0.0,0.0,0.0,0.0,5,False,3|5|7|15,64,64,108,0.0002,8,1,1,0.6983663074970247,0.8721468187200001,0.3741653363333333,0.6258346636666667,0.6983663074970247,0.8721468187200001,0.3741653363333333,0.6258346636666667,0.6659139663974444,0.8671782735666668,0.3833764730666667,0.6166235269333333,0.6358524094025294,0.8414379859166665,0.38926628175,-0.005487742719999911,,,,,,,,,,,,,ok,0,True
S-norm_K-2_C-0_W-10_Col-15,,,normalized,,,,,,2.0,0.0,10.0,15.0,,,,,,,,,,,,,,,,,,,,,,,,,,,,,,,,,,,,,,,,,,config_only,,False
S-norm_K-2_C-0_W-10_Col-15,epoch_0001,1,normalized,add_proj,0.12,0.08,64,4,2.0,0.0,10.0,15.0,0.0,0.0,0.0,5,False,3|5|7|15,64,64,108,0.0002,8,1,1,0.70490481030941,0.7841910434399999,0.46614379744000006,0.53385620256,0.70490481030941,0.7841910434399999,0.46614379744000006,0.53385620256,0.6825748953719935,0.7815577177333333,0.47213027378333344,0.5278697262166665,0.6563475300868352,0.7330057450000002,0.5258376520833333,0.018270453479999893,,,,,,,,,,,,,ok,0,True
S-norm_K-2_C-0_W-10_Col-15,epoch_0002,2,normalized,add_proj,0.12,0.08,64,4,2.0,0.0,10.0,15.0,0.0,0.0,0.0,5,False,3|5|7|15,64,64,108,0.0002,8,1,1,0.705946622689565,0.7720235682933334,0.47644812144,0.52355187856,0.705946622689565,0.7720235682933334,0.47644812144,0.52355187856,0.6858673366904259,0.7696907240166666,0.4827132884833333,0.5172867115166667,0.6564231584469478,0.7269693849999999,0.541111181,0.018270453479999893,,,,,,,,,,,,,ok,0,True
S-norm_K-2_C-0_W-10_Col-15,epoch_0003,3,normalized,add_proj,0.12,0.08,64,4,2.0,0.0,10.0,15.0,0.0,0.0,0.0,5,False,3|5|7|15,64,64,108,0.0002,8,1,1,0.7060460674365362,0.7616929050266665,0.48441425091999996,0.51558574908,0.7060460674365362,0.7616929050266665,0.48441425091999996,0.51558574908,0.6874706810216109,0.7591713405166667,0.4909984579333334,0.5090015420666666,0.6562237833937009,0.72231147925,0.5429525409166667,0.018270453479999893,,,,,,,,,,,,,ok,0,True
S-norm_K-2_C-0_W-10_Col-15,epoch_0004,4,normalized,add_proj,0.12,0.08,64,4,2.0,0.0,10.0,15.0,0.0,0.0,0.0,5,False,3|5|7|15,64,64,108,0.0002,8,1,1,0.7071471511920293,0.7544743053466667,0.4907121413333333,0.5092878586666667,0.7071471511920293,0.7544743053466667,0.4907121413333333,0.5092878586666667,0.6891259378691514,0.75164382865,0.49739588856666667,0.5026041114333333,0.6574863170584043,0.7076030209999999,0.5620045666666666,0.018270453479999893,,,,,,,,,,,,,ok,0,True
S-norm_K-2_C-0_W-10_Col-15,epoch_0005,5,normalized,add_proj,0.12,0.08,64,4,2.0,0.0,10.0,15.0,0.0,0.0,0.0,5,False,3|5|7|15,64,64,108,0.0002,8,1,1,0.7054272499879201,0.7465214960533332,0.4969196686799999,0.5030803313200001,0.7054272499879201,0.7465214960533332,0.4969196686799999,0.5030803313200001,0.6881325302521388,0.7436328247666667,0.5036687480666666,0.4963312519333334,0.655286672214667,0.7041977466666667,0.5581199208333333,0.018270453479999893,,,,,,,,,,,,,ok,0,True
S-norm_K-2_C-0_W-10_Col-15,epoch_0006,6,normalized,add_proj,0.12,0.08,64,4,2.0,0.0,10.0,15.0,0.0,0.0,0.0,5,False,3|5|7|15,64,64,108,0.0002,8,1,1,0.7074332335789997,0.7500600428266666,0.49584480557333327,0.5041551944266667,0.7074332335789997,0.7500600428266666,0.49584480557333327,0.5041551944266667,0.6896608679493268,0.74699906215,0.5026273563500001,0.4973726436499999,0.6567737934490046,0.7039884078333332,0.5610321956666666,0.018270453479999893,,,,,,,,,,,,,ok,0,True
S-norm_K-2_C-0_W-10_Col-15,epoch_0007,7,normalized,add_proj,0.12,0.08,64,4,2.0,0.0,10.0,15.0,0.0,0.0,0.0,5,False,3|5|7|15,64,64,108,0.0002,8,1,1,0.7085239598751069,0.7449395830133332,0.50169362436,0.49830637564,0.7085239598751069,0.7449395830133332,0.50169362436,0.49830637564,0.6913185410698254,0.7417471286,0.50869915115,0.49130084885,0.6590290293097496,0.6994295495833333,0.5648143138333332,0.018270453479999893,,,,,,,,,,,,,ok,0,True
S-norm_K-2_C-0_W-10_Col-15,epoch_0008,8,normalized,add_proj,0.12,0.08,64,4,2.0,0.0,10.0,15.0,0.0,0.0,0.0,5,False,3|5|7|15,64,64,108,0.0002,8,1,1,0.7083797598282495,0.7400031101866668,0.5030717723333333,0.49692822766666667,0.7083797598282495,0.7400031101866668,0.5030717723333333,0.49692822766666667,0.691744622240464,0.7365972627666666,0.5102737007666667,0.48972629923333333,0.6600792169570924,0.6958688068333333,0.5631331933333333,0.018270453479999893,,,,,,,,,,,,,ok,0,True
S-norm_K-2_C-0_W-20_Col-0,,,normalized,,,,,,2.0,0.0,20.0,0.0,,,,,,,,,,,,,,,,,,,,,,,,,,,,,,,,,,,,,,,,,,config_only,,False
S-norm_K-2_C-0_W-20_Col-0,epoch_0001,1,normalized,add_proj,0.12,0.08,64,4,2.0,0.0,20.0,0.0,0.0,0.0,0.0,5,False,3|5|7|15,64,64,108,0.0002,8,1,1,0.6972418274084728,0.870233118,0.38662771914666666,0.6133722808533333,0.6972418274084728,0.870233118,0.38662771914666666,0.6133722808533333,0.6654195323586463,0.8667323785333332,0.39477594898333335,0.6052240510166667,0.6436419263482094,0.8229817869999999,0.4296219224166667,-0.008299060986666662,,,,,,,,,,,,,ok,0,True
S-norm_K-2_C-0_W-20_Col-0,epoch_0002,2,normalized,add_proj,0.12,0.08,64,4,2.0,0.0,20.0,0.0,0.0,0.0,0.0,5,False,3|5|7|15,64,64,108,0.0002,8,1,1,0.696291639606158,0.8723234987999998,0.3807888239333333,0.6192111760666668,0.696291639606158,0.8723234987999998,0.3807888239333333,0.6192111760666668,0.6641718483467896,0.8681824995333333,0.38906905989999996,0.6109309401,0.6386508271098137,0.8415553911666666,0.40229277616666664,-0.008299060986666662,,,,,,,,,,,,,ok,0,True
S-norm_K-2_C-0_W-20_Col-0,epoch_0003,3,normalized,add_proj,0.12,0.08,64,4,2.0,0.0,20.0,0.0,0.0,0.0,0.0,5,False,3|5|7|15,64,64,108,0.0002,8,1,1,0.6984684550364813,0.8722756397999999,0.37832865816,0.62167134184,0.6984684550364813,0.8722756397999999,0.37832865816,0.62167134184,0.6664028056959312,0.8674679044166667,0.3867237607333333,0.6132762392666666,0.6399397358298301,0.8408802050833333,0.4048155223333333,-0.008299060986666662,,,,,,,,,,,,,ok,0,True
S-norm_K-2_C-0_W-20_Col-0,epoch_0004,4,normalized,add_proj,0.12,0.08,64,4,2.0,0.0,20.0,0.0,0.0,0.0,0.0,5,False,3|5|7|15,64,64,108,0.0002,8,1,1,0.7009514404535294,0.8665643323066666,0.38288470744,0.61711529256,0.7009514404535294,0.8665643323066666,0.38288470744,0.61711529256,0.6699849087496599,0.8616354329166667,0.39117516331666663,0.6088248366833333,0.6442475249369939,0.8324916365000001,0.4143013929166667,-0.008299060986666662,,,,,,,,,,,,,ok,0,True
S-norm_K-2_C-0_W-20_Col-0,epoch_0005,5,normalized,add_proj,0.12,0.08,64,4,2.0,0.0,20.0,0.0,0.0,0.0,0.0,5,False,3|5|7|15,64,64,108,0.0002,8,1,1,0.7036399179299673,0.8556888466133334,0.3969399774533333,0.6030600225466667,0.7036399179299673,0.8556888466133334,0.3969399774533333,0.6030600225466667,0.6740347689390183,0.8503403388666667,0.4054786387166667,0.5945213612833333,0.651465214540561,0.8179694936666667,0.43195917599999994,-0.008299060986666662,,,,,,,,,,,,,ok,0,True
S-norm_K-2_C-0_W-20_Col-0,epoch_0006,6,normalized,add_proj,0.12,0.08,64,4,2.0,0.0,20.0,0.0,0.0,0.0,0.0,5,False,3|5|7|15,64,64,108,0.0002,8,1,1,0.7050364189942678,0.85065694048,0.4028099551466666,0.5971900448533334,0.7050364189942678,0.85065694048,0.4028099551466666,0.5971900448533334,0.6757728744546572,0.8450394945000002,0.4119630329333333,0.5880369670666667,0.6533699666460355,0.8121387290833333,0.4342545975,-0.008299060986666662,,,,,,,,,,,,,ok,0,True
S-norm_K-2_C-0_W-20_Col-0,epoch_0007,7,normalized,add_proj,0.12,0.08,64,4,2.0,0.0,20.0,0.0,0.0,0.0,0.0,5,False,3|5|7|15,64,64,108,0.0002,8,1,1,0.7058394206762313,0.8466718513466666,0.4065537020266667,0.5934462979733333,0.7058394206762313,0.8466718513466666,0.4065537020266667,0.5934462979733333,0.6767956839501859,0.8406706684833335,0.4162003803,0.5837996196999999,0.6516882732510567,0.8099448822499999,0.4328115083333333,-0.008299060986666662,,,,,,,,,,,,,ok,0,True
S-norm_K-2_C-0_W-20_Col-0,epoch_0008,8,normalized,add_proj,0.12,0.08,64,4,2.0,0.0,20.0,0.0,0.0,0.0,0.0,5,False,3|5|7|15,64,64,108,0.0002,8,1,1,0.706620949546496,0.8391418471733333,0.4132050750133333,0.5867949249866666,0.706620949546496,0.8391418471733333,0.4132050750133333,0.5867949249866666,0.678135756800572,0.8334626605000001,0.42261742061666663,0.5773825793833334,0.6526165547470252,0.8051665891666666,0.43673995116666664,-0.008299060986666662,,,,,,,,,,,,,ok,0,True
S-norm_K-2_C-0_W-20_Col-15,,,normalized,,,,,,2.0,0.0,20.0,15.0,,,,,,,,,,,,,,,,,,,,,,,,,,,,,,,,,,,,,,,,,,config_only,,False
S-norm_K-2_C-0_W-20_Col-15,epoch_0001,1,normalized,add_proj,0.12,0.08,64,4,2.0,0.0,20.0,15.0,0.0,0.0,0.0,5,False,3|5|7|15,64,64,108,0.0002,8,1,1,0.7055361986160278,0.7790969500400001,0.47251414744000003,0.5274858525599999,0.7055361986160278,0.7790969500400001,0.47251414744000003,0.5274858525599999,0.6841166045268376,0.7763531502333333,0.47864647676666666,0.5213535232333333,0.6572111000617346,0.7290399690833334,0.52863588525,0.030522187013333257,,,,,,,,,,,,,ok,0,True
S-norm_K-2_C-0_W-20_Col-15,epoch_0002,2,normalized,add_proj,0.12,0.08,64,4,2.0,0.0,20.0,15.0,0.0,0.0,0.0,5,False,3|5|7|15,64,64,108,0.0002,8,1,1,0.7054522204796473,0.7507975275066666,0.4961638347066667,0.5038361652933333,0.7054522204796473,0.7507975275066666,0.4961638347066667,0.5038361652933333,0.6878906142214934,0.7485102725499999,0.5024257809,0.4975742191,0.6591370359063148,0.7086574314999999,0.5650511993333334,0.030522187013333257,,,,,,,,,,,,,ok,0,True
S-norm_K-2_C-0_W-20_Col-15,epoch_0003,3,normalized,add_proj,0.12,0.08,64,4,2.0,0.0,20.0,15.0,0.0,0.0,0.0,5,False,3|5|7|15,64,64,108,0.0002,8,1,1,0.7047477663755417,0.7374044568666666,0.5030363344533333,0.4969636655466667,0.7047477663755417,0.7374044568666666,0.5030363344533333,0.4969636655466667,0.6884319566190242,0.7347434752166668,0.5091999923166666,0.49080000768333343,0.6575940797726314,0.6983761304166666,0.5649129708333334,0.030522187013333257,,,,,,,,,,,,,ok,0,True
S-norm_K-2_C-0_W-20_Col-15,epoch_0004,4,normalized,add_proj,0.12,0.08,64,4,2.0,0.0,20.0,15.0,0.0,0.0,0.0,5,False,3|5|7|15,64,64,108,0.0002,8,1,1,0.7038286602497101,0.7279550091066668,0.5126362578533334,0.48736374214666656,0.7038286602497101,0.7279550091066668,0.5126362578533334,0.48736374214666656,0.6882644778490066,0.7249146833666666,0.5188409612499999,0.4811590387500001,0.6569707880417506,0.69313572425,0.5641913115833332,0.030522187013333257,,,,,,,,,,,,,ok,0,True
S-norm_K-2_C-0_W-20_Col-15,epoch_0005,5,normalized,add_proj,0.12,0.08,64,4,2.0,0.0,20.0,15.0,0.0,0.0,0.0,5,False,3|5|7|15,64,64,108,0.0002,8,1,1,0.7048114893039067,0.7229213807866667,0.5197033896400001,0.48029661035999993,0.7048114893039067,0.7229213807866667,0.5197033896400001,0.48029661035999993,0.6895330804089707,0.7198075775333335,0.5257072213,0.4742927787,0.6601405762135982,0.6855263875000001,0.5774392504166667,0.030522187013333257,,,,,,,,,,,,,ok,0,True
S-norm_K-2_C-0_W-20_Col-15,epoch_0006,6,normalized,add_proj,0.12,0.08,64,4,2.0,0.0,20.0,15.0,0.0,0.0,0.0,5,False,3|5|7|15,64,64,108,0.0002,8,1,1,0.7073716533581416,0.72095014748,0.52416620136,0.47583379863999997,0.7073716533581416,0.72095014748,0.52416620136,0.47583379863999997,0.6924411456286907,0.7176795019166667,0.5302174811833333,0.46978251881666666,0.6643133486310642,0.6822398275833332,0.5829084100833333,0.030522187013333257,,,,,,,,,,,,,ok,0,True
S-norm_K-2_C-0_W-20_Col-15,epoch_0007,7,normalized,add_proj,0.12,0.08,64,4,2.0,0.0,20.0,15.0,0.0,0.0,0.0,5,False,3|5|7|15,64,64,108,0.0002,8,1,1,0.7134751013120015,0.7269717889199999,0.5183442075466667,0.48165579245333334,0.7134751013120015,0.7269717889199999,0.5183442075466667,0.48165579245333334,0.6986978163321814,0.7234414979999999,0.5252959161999999,0.47470408380000007,0.6693894813458124,0.6860588703333335,0.572647197,0.030522187013333257,,,,,,,,,,,,,ok,0,True
S-norm_K-2_C-0_W-20_Col-15,epoch_0008,8,normalized,add_proj,0.12,0.08,64,4,2.0,0.0,20.0,15.0,0.0,0.0,0.0,5,False,3|5|7|15,64,64,108,0.0002,8,1,1,0.7121170322497684,0.7219906021599999,0.52096703708,0.47903296291999997,0.7121170322497684,0.7219906021599999,0.52096703708,0.47903296291999997,0.6975270735720793,0.7181867478166667,0.52794105675,0.47205894325,0.6686431961754957,0.6839204330833333,0.5710870365833334,0.030522187013333257,,,,,,,,,,,,,ok,0,True
S-norm_K-2_C-2_W-10_Col-0,,,normalized,,,,,,2.0,2.0,10.0,0.0,,,,,,,,,,,,,,,,,,,,,,,,,,,,,,,,,,,,,,,,,,config_only,,False
S-norm_K-2_C-2_W-10_Col-0,epoch_0001,1,normalized,add_proj,0.12,0.08,64,4,2.0,2.0,10.0,0.0,0.0,0.0,0.0,5,False,3|5|7|15,64,64,108,0.0002,8,1,1,0.6779254940748214,0.8963929019199999,0.33905346084,0.66094653916,0.6779254940748214,0.8963929019199999,0.33905346084,0.66094653916,0.6422409962117671,0.8940363545499999,0.34505114995,0.65494885005,0.6007966900865237,0.8844545704166666,0.33172077133333333,-0.003377024226666636,,,,,,,,,,,,,ok,0,True
S-norm_K-2_C-2_W-10_Col-0,epoch_0002,2,normalized,add_proj,0.12,0.08,64,4,2.0,2.0,10.0,0.0,0.0,0.0,0.0,5,False,3|5|7|15,64,64,108,0.0002,8,1,1,0.6800153711636859,0.89919370528,0.33025251091999996,0.66974748908,0.6800153711636859,0.89919370528,0.33025251091999996,0.66974748908,0.6446102295319238,0.8967009324166666,0.3377869169166667,0.6622130830833333,0.6032785075406233,0.8861861295,0.3309914308333333,-0.003377024226666636,,,,,,,,,,,,,ok,0,True
S-norm_K-2_C-2_W-10_Col-0,epoch_0003,3,normalized,add_proj,0.12,0.08,64,4,2.0,2.0,10.0,0.0,0.0,0.0,0.0,5,False,3|5|7|15,64,64,108,0.0002,8,1,1,0.681506139477094,0.89902770348,0.33567643661333335,0.6643235633866666,0.681506139477094,0.89902770348,0.33567643661333335,0.6643235633866666,0.6461846406757832,0.8964268680833332,0.3444350260166667,0.6555649739833334,0.6066253915429115,0.8859972130833333,0.33919036616666665,-0.003377024226666636,,,,,,,,,,,,,ok,0,True
S-norm_K-2_C-2_W-10_Col-0,epoch_0004,4,normalized,add_proj,0.12,0.08,64,4,2.0,2.0,10.0,0.0,0.0,0.0,0.0,5,False,3|5|7|15,64,64,108,0.0002,8,1,1,0.6855003257195155,0.8947730318133332,0.3398569921333333,0.6601430078666667,0.6855003257195155,0.8947730318133332,0.3398569921333333,0.6601430078666667,0.6509967302779356,0.8914751154999999,0.3492850887833333,0.6507149112166667,0.6126474286119142,0.8779273489999999,0.350453938,-0.003377024226666636,,,,,,,,,,,,,ok,0,True
S-norm_K-2_C-2_W-10_Col-0,epoch_0005,5,normalized,add_proj,0.12,0.08,64,4,2.0,2.0,10.0,0.0,0.0,0.0,0.0,5,False,3|5|7|15,64,64,108,0.0002,8,1,1,0.6877487692038219,0.8908133720000001,0.34381300586666663,0.6561869941333334,0.6877487692038219,0.8908133720000001,0.34381300586666663,0.6561869941333334,0.6536712368329366,0.8868542223166667,0.3532757646333334,0.6467242353666667,0.6159892285863559,0.87099700675,0.3577502430833333,-0.003377024226666636,,,,,,,,,,,,,ok,0,True
S-norm_K-2_C-2_W-10_Col-0,epoch_0006,6,normalized,add_proj,0.12,0.08,64,4,2.0,2.0,10.0,0.0,0.0,0.0,0.0,5,False,3|5|7|15,64,64,108,0.0002,8,1,1,0.6899986008405685,0.8899618393466667,0.3479894165066667,0.6520105834933333,0.6899986008405685,0.8899618393466667,0.3479894165066667,0.6520105834933333,0.6561640881995361,0.8856403553833333,0.3581437613166667,0.6418562386833333,0.6184784789880118,0.8691999009166665,0.36278791341666666,-0.003377024226666636,,,,,,,,,,,,,ok,0,True
S-norm_K-2_C-2_W-10_Col-0,epoch_0007,7,normalized,add_proj,0.12,0.08,64,4,2.0,2.0,10.0,0.0,0.0,0.0,0.0,5,False,3|5|7|15,64,64,108,0.0002,8,1,1,0.689487634340922,0.8908919219733333,0.3502063049466666,0.6497936950533334,0.689487634340922,0.8908919219733333,0.3502063049466666,0.6497936950533334,0.6554637917876243,0.8868232926333335,0.36043518043333334,0.6395648195666667,0.6176213306685289,0.8725121985833333,0.36129373625000005,-0.003377024226666636,,,,,,,,,,,,,ok,0,True
S-norm_K-2_C-2_W-10_Col-0,epoch_0008,8,normalized,add_proj,0.12,0.08,64,4,2.0,2.0,10.0,0.0,0.0,0.0,0.0,5,False,3|5|7|15,64,64,108,0.0002,8,1,1,0.6897833828528722,0.8868003519466666,0.3551623678533334,0.6448376321466667,0.6897833828528722,0.8868003519466666,0.3551623678533334,0.6448376321466667,0.6558078242838382,0.8824459145666669,0.3654368380666667,0.6345631619333333,0.6182042328019937,0.8691153683333335,0.3624083276666667,-0.003377024226666636,,,,,,,,,,,,,ok,0,True
S-norm_K-2_C-2_W-10_Col-15,,,normalized,,,,,,2.0,2.0,10.0,15.0,,,,,,,,,,,,,,,,,,,,,,,,,,,,,,,,,,,,,,,,,,config_only,,False
S-norm_K-2_C-2_W-10_Col-15,epoch_0001,1,normalized,add_proj,0.12,0.08,64,4,2.0,2.0,10.0,15.0,0.0,0.0,0.0,5,False,3|5|7|15,64,64,108,0.0002,8,1,1,0.6972455538113913,0.8491337136,0.40711250914666663,0.5928874908533334,0.6972455538113913,0.8491337136,0.40711250914666663,0.5928874908533334,0.6674386568864186,0.8463698684999998,0.41553229408333336,0.5844677059166666,0.647378129263719,0.8017061020833333,0.47668317758333334,0.007860175760000088,,,,,,,,,,,,,ok,0,True
S-norm_K-2_C-2_W-10_Col-15,epoch_0002,2,normalized,add_proj,0.12,0.08,64,4,2.0,2.0,10.0,15.0,0.0,0.0,0.0,5,False,3|5|7|15,64,64,108,0.0002,8,1,1,0.7002877700726191,0.8392154052266666,0.417406897,0.582593103,0.7002877700726191,0.8392154052266666,0.417406897,0.582593103,0.6714203381041685,0.8356151318499998,0.42558105531666673,0.5744189446833332,0.6477357904116312,0.79441829725,0.47974952941666665,0.007860175760000088,,,,,,,,,,,,,ok,0,True
S-norm_K-2_C-2_W-10_Col-15,epoch_0003,3,normalized,add_proj,0.12,0.08,64,4,2.0,2.0,10.0,15.0,0.0,0.0,0.0,5,False,3|5|7|15,64,64,108,0.0002,8,1,1,0.7012470608154932,0.8362102037333332,0.4149726849066667,0.5850273150933333,0.7012470608154932,0.8362102037333332,0.4149726849066667,0.5850273150933333,0.672975179105997,0.832743987,0.42328237228333326,0.5767176277166668,0.6471541364987692,0.7912335093333334,0.4785339218333333,0.007860175760000088,,,,,,,,,,,,,ok,0,True
S-norm_K-2_C-2_W-10_Col-15,epoch_0004,4,normalized,add_proj,0.12,0.08,64,4,2.0,2.0,10.0,15.0,0.0,0.0,0.0,5,False,3|5|7|15,64,64,108,0.0002,8,1,1,0.704022627790769,0.8173360313066667,0.43838916966666674,0.5616108303333333,0.704022627790769,0.8173360313066667,0.43838916966666674,0.5616108303333333,0.6779030894736449,0.8134738798500001,0.4470462564166667,0.5529537435833334,0.6531538071731726,0.7706710416666667,0.5139711505,0.007860175760000088,,,,,,,,,,,,,ok,0,True
S-norm_K-2_C-2_W-10_Col-15,epoch_0005,5,normalized,add_proj,0.12,0.08,64,4,2.0,2.0,10.0,15.0,0.0,0.0,0.0,5,False,3|5|7|15,64,64,108,0.0002,8,1,1,0.7028630652427674,0.8110314749199999,0.43876850041333326,0.5612314995866667,0.7028630652427674,0.8110314749199999,0.43876850041333326,0.5612314995866667,0.6771792456507684,0.8069273362333333,0.44718279735,0.55281720265,0.650531604140997,0.7673683884166665,0.5006448400833333,0.007860175760000088,,,,,,,,,,,,,ok,0,True
S-norm_K-2_C-2_W-10_Col-15,epoch_0006,6,normalized,add_proj,0.12,0.08,64,4,2.0,2.0,10.0,15.0,0.0,0.0,0.0,5,False,3|5|7|15,64,64,108,0.0002,8,1,1,0.7032986205418905,0.8114768951066668,0.4384688411466666,0.5615311588533334,0.7032986205418905,0.8114768951066668,0.4384688411466666,0.5615311588533334,0.6775238849719366,0.8072459498666668,0.44680247294999986,0.5531975270500001,0.6508450654645761,0.76468974275,0.5071029815833333,0.007860175760000088,,,,,,,,,,,,,ok,0,True
S-norm_K-2_C-2_W-10_Col-15,epoch_0007,7,normalized,add_proj,0.12,0.08,64,4,2.0,2.0,10.0,15.0,0.0,0.0,0.0,5,False,3|5|7|15,64,64,108,0.0002,8,1,1,0.7046226828098296,0.8098515412933335,0.44282454112,0.55717545888,0.7046226828098296,0.8098515412933335,0.44282454112,0.55717545888,0.6792778701583544,0.8054863607166667,0.4516542919833334,0.5483457080166666,0.6520102952917417,0.7633254842500001,0.5093356332500001,0.007860175760000088,,,,,,,,,,,,,ok,0,True
S-norm_K-2_C-2_W-10_Col-15,epoch_0008,8,normalized,add_proj,0.12,0.08,64,4,2.0,2.0,10.0,15.0,0.0,0.0,0.0,5,False,3|5|7|15,64,64,108,0.0002,8,1,1,0.7053956684271493,0.8006379611866666,0.4496085459333333,0.5503914540666667,0.7053956684271493,0.8006379611866666,0.4496085459333333,0.5503914540666667,0.6811143478751183,0.7961692789,0.45846862941666666,0.5415313705833333,0.6548754965265593,0.7538571079166667,0.5137466210833332,0.007860175760000088,,,,,,,,,,,,,ok,0,True
S-norm_K-2_C-2_W-20_Col-0,,,normalized,,,,,,2.0,2.0,20.0,0.0,,,,,,,,,,,,,,,,,,,,,,,,,,,,,,,,,,,,,,,,,,config_only,,False
S-norm_K-2_C-2_W-20_Col-0,epoch_0001,1,normalized,add_proj,0.12,0.08,64,4,2.0,2.0,20.0,0.0,0.0,0.0,0.0,5,False,3|5|7|15,64,64,108,0.0002,8,1,1,0.6838496334950129,0.88914504736,0.3582036597333334,0.6417963402666667,0.6838496334950129,0.88914504736,0.3582036597333334,0.6417963402666667,0.6490090421338877,0.8859102695666665,0.36586550871666673,0.6341344912833333,0.6141676247119904,0.8716652899999999,0.35810329724999995,-0.006935852866666703,,,,,,,,,,,,,ok,0,True
S-norm_K-2_C-2_W-20_Col-0,epoch_0002,2,normalized,add_proj,0.12,0.08,64,4,2.0,2.0,20.0,0.0,0.0,0.0,0.0,5,False,3|5|7|15,64,64,108,0.0002,8,1,1,0.6884706191619236,0.8938418173333332,0.35122087191999996,0.64877912808,0.6884706191619236,0.8938418173333332,0.35122087191999996,0.64877912808,0.65371151988705,0.8905911587333332,0.36046210373333326,0.6395378962666667,0.6199534033735593,0.8769414240833333,0.37073240625000004,-0.006935852866666703,,,,,,,,,,,,,ok,0,True
S-norm_K-2_C-2_W-20_Col-0,epoch_0003,3,normalized,add_proj,0.12,0.08,64,4,2.0,2.0,20.0,0.0,0.0,0.0,0.0,5,False,3|5|7|15,64,64,108,0.0002,8,1,1,0.6895444406668345,0.8911917935866667,0.3512678068666667,0.6487321931333333,0.6895444406668345,0.8911917935866667,0.3512678068666667,0.6487321931333333,0.655347996254762,0.8876811420500001,0.36075032583333333,0.6392496741666667,0.6218606315553189,0.8766603179999999,0.36759115141666665,-0.006935852866666703,,,,,,,,,,,,,ok,0,True
S-norm_K-2_C-2_W-20_Col-0,epoch_0004,4,normalized,add_proj,0.12,0.08,64,4,2.0,2.0,20.0,0.0,0.0,0.0,0.0,5,False,3|5|7|15,64,64,108,0.0002,8,1,1,0.6929457751115163,0.8849933852666666,0.3587416165466667,0.6412583834533333,0.6929457751115163,0.8849933852666666,0.3587416165466667,0.6412583834533333,0.6596025635798772,0.8808340273833334,0.3685321553166667,0.6314678446833333,0.6283579687277476,0.8670873180833334,0.3824037438333333,-0.006935852866666703,,,,,,,,,,,,,ok,0,True
S-norm_K-2_C-2_W-20_Col-0,epoch_0005,5,normalized,add_proj,0.12,0.08,64,4,2.0,2.0,20.0,0.0,0.0,0.0,0.0,5,False,3|5|7|15,64,64,108,0.0002,8,1,1,0.6960634224812189,0.8790617637866667,0.36830152217333334,0.6316984778266667,0.6960634224812189,0.8790617637866667,0.36830152217333334,0.6316984778266667,0.6634303670624893,0.8740202904166667,0.37871703176666666,0.6212829682333334,0.6336395313342412,0.8575969544166666,0.39564746825,-0.006935852866666703,,,,,,,,,,,,,ok,0,True
S-norm_K-2_C-2_W-20_Col-0,epoch_0006,6,normalized,add_proj,0.12,0.08,64,4,2.0,2.0,20.0,0.0,0.0,0.0,0.0,5,False,3|5|7|15,64,64,108,0.0002,8,1,1,0.6966506922642389,0.8782694040933334,0.3693336105066667,0.6306663894933333,0.6966506922642389,0.8782694040933334,0.3693336105066667,0.6306663894933333,0.6641867664953074,0.8732067043333334,0.38007843860000007,0.6199215614,0.6332415868838628,0.8571985889166666,0.3925727105833333,-0.006935852866666703,,,,,,,,,,,,,ok,0,True
S-norm_K-2_C-2_W-20_Col-0,epoch_0007,7,normalized,add_proj,0.12,0.08,64,4,2.0,2.0,20.0,0.0,0.0,0.0,0.0,5,False,3|5|7|15,64,64,108,0.0002,8,1,1,0.6962480523188909,0.8765075354533335,0.3751301717733333,0.6248698282266667,0.6962480523188909,0.8765075354533335,0.3751301717733333,0.6248698282266667,0.6637364010512831,0.8714080053833333,0.3864344786166667,0.6135655213833333,0.6318283398946126,0.8567578699166667,0.39488816883333333,-0.006935852866666703,,,,,,,,,,,,,ok,0,True
S-norm_K-2_C-2_W-20_Col-0,epoch_0008,8,normalized,add_proj,0.12,0.08,64,4,2.0,2.0,20.0,0.0,0.0,0.0,0.0,5,False,3|5|7|15,64,64,108,0.0002,8,1,1,0.6975841494003931,0.8718481307066667,0.3795230002533333,0.6204769997466667,0.6975841494003931,0.8718481307066667,0.3795230002533333,0.6204769997466667,0.66537771448493,0.8663843772499998,0.39080353003333335,0.6091964699666667,0.6333667943874995,0.8542386096666668,0.3973746701666666,-0.006935852866666703,,,,,,,,,,,,,ok,0,True
S-norm_K-2_C-2_W-20_Col-15,,,normalized,,,,,,2.0,2.0,20.0,15.0,,,,,,,,,,,,,,,,,,,,,,,,,,,,,,,,,,,,,,,,,,config_only,,False
S-norm_K-2_C-2_W-20_Col-15,epoch_0001,1,normalized,add_proj,0.12,0.08,64,4,2.0,2.0,20.0,15.0,0.0,0.0,0.0,5,False,3|5|7|15,64,64,108,0.0002,8,1,1,0.6985253899494807,0.8435563745733333,0.40989562051999995,0.59010437948,0.6985253899494807,0.8435563745733333,0.40989562051999995,0.59010437948,0.6691021293898424,0.8402991556499998,0.41755826291666664,0.5824417370833334,0.6447429649531841,0.7973352237499999,0.46016350049999993,0.03806803805333342,,,,,,,,,,,,,ok,0,True
S-norm_K-2_C-2_W-20_Col-15,epoch_0002,2,normalized,add_proj,0.12,0.08,64,4,2.0,2.0,20.0,15.0,0.0,0.0,0.0,5,False,3|5|7|15,64,64,108,0.0002,8,1,1,0.7013595887025198,0.8269063345466668,0.4197952063733333,0.5802047936266668,0.7013595887025198,0.8269063345466668,0.4197952063733333,0.5802047936266668,0.6741335184375445,0.8230280999333333,0.4279040689166666,0.5720959310833333,0.6479105934500695,0.7874189438333332,0.47200824291666665,0.03806803805333342,,,,,,,,,,,,,ok,0,True
S-norm_K-2_C-2_W-20_Col-15,epoch_0003,3,normalized,add_proj,0.12,0.08,64,4,2.0,2.0,20.0,15.0,0.0,0.0,0.0,5,False,3|5|7|15,64,64,108,0.0002,8,1,1,0.70475736673673,0.8017081820666667,0.44796365857333337,0.5520363414266667,0.70475736673673,0.8017081820666667,0.44796365857333337,0.5520363414266667,0.6804159008463223,0.7974719609833334,0.4566869201166666,0.5433130798833334,0.656926760574182,0.7576185035833333,0.5157184683333332,0.03806803805333342,,,,,,,,,,,,,ok,0,True
S-norm_K-2_C-2_W-20_Col-15,epoch_0004,4,normalized,add_proj,0.12,0.08,64,4,2.0,2.0,20.0,15.0,0.0,0.0,0.0,5,False,3|5|7|15,64,64,108,0.0002,8,1,1,0.704729276061058,0.79202263824,0.45618294158666667,0.5438170584133333,0.704729276061058,0.79202263824,0.45618294158666667,0.5438170584133333,0.6813620823125044,0.78739567475,0.46469043186666675,0.5353095681333333,0.6555068045854568,0.7500003843333334,0.5135061984166667,0.03806803805333342,,,,,,,,,,,,,ok,0,True
S-norm_K-2_C-2_W-20_Col-15,epoch_0005,5,normalized,add_proj,0.12,0.08,64,4,2.0,2.0,20.0,15.0,0.0,0.0,0.0,5,False,3|5|7|15,64,64,108,0.0002,8,1,1,0.7064592351118725,0.7858944201733334,0.46321669736000004,0.53678330264,0.7064592351118725,0.7858944201733334,0.46321669736000004,0.53678330264,0.6839205460747083,0.78121688715,0.47134268690000003,0.5286573131,0.6574842311441897,0.74282523075,0.52639708875,0.03806803805333342,,,,,,,,,,,,,ok,0,True
S-norm_K-2_C-2_W-20_Col-15,epoch_0006,6,normalized,add_proj,0.12,0.08,64,4,2.0,2.0,20.0,15.0,0.0,0.0,0.0,5,False,3|5|7|15,64,64,108,0.0002,8,1,1,0.7073016744852064,0.77387428868,0.47691071089333337,0.5230892891066666,0.7073016744852064,0.77387428868,0.47691071089333337,0.5230892891066666,0.6860732036332289,0.7691984393833333,0.4851584287833333,0.5148415712166667,0.6607709539433321,0.7315277252499999,0.5436422525833333,0.03806803805333342,,,,,,,,,,,,,ok,0,True
S-norm_K-2_C-2_W-20_Col-15,epoch_0007,7,normalized,add_proj,0.12,0.08,64,4,2.0,2.0,20.0,15.0,0.0,0.0,0.0,5,False,3|5|7|15,64,64,108,0.0002,8,1,1,0.7075293438434602,0.77538471668,0.47346334862666667,0.5265366513733334,0.7075293438434602,0.77538471668,0.47346334862666667,0.5265366513733334,0.6862805732091267,0.7704819416166667,0.48211261991666665,0.5178873800833333,0.6592785192032655,0.732456619,0.5314910885833333,0.03806803805333342,,,,,,,,,,,,,ok,0,True
S-norm_K-2_C-2_W-20_Col-15,epoch_0008,8,normalized,add_proj,0.12,0.08,64,4,2.0,2.0,20.0,15.0,0.0,0.0,0.0,5,False,3|5|7|15,64,64,108,0.0002,8,1,1,0.7065997073252995,0.7666508409333334,0.4779016470666667,0.5220983529333333,0.7065997073252995,0.7666508409333334,0.4779016470666667,0.5220983529333333,0.6861690451204777,0.7616439496,0.4865059979833333,0.5134940020166667,0.6579668961465359,0.7267677988333333,0.5290185776666667,0.03806803805333342,,,,,,,,,,,,,ok,0,True
S-norm_K-2_C-5_W-10_Col-0,,,normalized,,,,,,2.0,5.0,10.0,0.0,,,,,,,,,,,,,,,,,,,,,,,,,,,,,,,,,,,,,,,,,,config_only,,False
S-norm_K-2_C-5_W-10_Col-0,epoch_0001,1,normalized,add_proj,0.12,0.08,64,4,2.0,5.0,10.0,0.0,0.0,0.0,0.0,5,False,3|5|7|15,64,64,108,0.0002,8,1,1,0.676870120803515,0.89486951608,0.33985171987999996,0.66014828012,0.676870120803515,0.89486951608,0.33985171987999996,0.66014828012,0.6419685965279738,0.8925298098833332,0.34606592856666674,0.6539340714333333,0.5969098021586736,0.88512516925,0.326903512,0.002868979853333342,,,,,,,,,,,,,ok,0,True
S-norm_K-2_C-5_W-10_Col-0,epoch_0002,2,normalized,add_proj,0.12,0.08,64,4,2.0,5.0,10.0,0.0,0.0,0.0,0.0,5,False,3|5|7|15,64,64,108,0.0002,8,1,1,0.6770439831415813,0.89434123092,0.34529684638666674,0.6547031536133332,0.6770439831415813,0.89434123092,0.34529684638666674,0.6547031536133332,0.6420685401558874,0.8917862021000001,0.35192127446666666,0.6480787255333333,0.6000184915959834,0.88547657025,0.33076158533333333,0.002868979853333342,,,,,,,,,,,,,ok,0,True
S-norm_K-2_C-5_W-10_Col-0,epoch_0003,3,normalized,add_proj,0.12,0.08,64,4,2.0,5.0,10.0,0.0,0.0,0.0,0.0,5,False,3|5|7|15,64,64,108,0.0002,8,1,1,0.6819215242465339,0.8940524058,0.3427206997333333,0.6572793002666667,0.6819215242465339,0.8940524058,0.3427206997333333,0.6572793002666667,0.6475371697048347,0.890630861,0.35240772206666665,0.6475922779333334,0.6073946145673592,0.8804298312500001,0.34061167016666666,0.002868979853333342,,,,,,,,,,,,,ok,0,True
S-norm_K-2_C-5_W-10_Col-0,epoch_0004,4,normalized,add_proj,0.12,0.08,64,4,2.0,5.0,10.0,0.0,0.0,0.0,0.0,5,False,3|5|7|15,64,64,108,0.0002,8,1,1,0.6816065038442612,0.89554952812,0.3408627218,0.6591372782,0.6816065038442612,0.89554952812,0.3408627218,0.6591372782,0.6467963788410028,0.89233724865,0.35015695205,0.6498430479499999,0.6072454787790775,0.8825480985833333,0.3411162813333333,0.002868979853333342,,,,,,,,,,,,,ok,0,True
S-norm_K-2_C-5_W-10_Col-0,epoch_0005,5,normalized,add_proj,0.12,0.08,64,4,2.0,5.0,10.0,0.0,0.0,0.0,0.0,5,False,3|5|7|15,64,64,108,0.0002,8,1,1,0.6815720620552699,0.8966132684266667,0.3350241809733334,0.6649758190266666,0.6815720620552699,0.8966132684266667,0.3350241809733334,0.6649758190266666,0.6464536722004415,0.8935672177,0.34355039344999994,0.6564496065500001,0.605951722462972,0.8835482188333333,0.3342833018333334,0.002868979853333342,,,,,,,,,,,,,ok,0,True
S-norm_K-2_C-5_W-10_Col-0,epoch_0006,6,normalized,add_proj,0.12,0.08,64,4,2.0,5.0,10.0,0.0,0.0,0.0,0.0,5,False,3|5|7|15,64,64,108,0.0002,8,1,1,0.6831223509709041,0.8924602866666667,0.3393538936266666,0.6606461063733333,0.6831223509709041,0.8924602866666667,0.3393538936266666,0.6606461063733333,0.6485563881695271,0.8890526331833332,0.3475557736833333,0.6524442263166668,0.6086832026640574,0.8781825560833333,0.3404485934166666,0.002868979853333342,,,,,,,,,,,,,ok,0,True
S-norm_K-2_C-5_W-10_Col-0,epoch_0007,7,normalized,add_proj,0.12,0.08,64,4,2.0,5.0,10.0,0.0,0.0,0.0,0.0,5,False,3|5|7|15,64,64,108,0.0002,8,1,1,0.6836893287102381,0.8921090398666667,0.3415997203333334,0.6584002796666666,0.6836893287102381,0.8921090398666667,0.3415997203333334,0.6584002796666666,0.6489968626201152,0.8886035570999999,0.35047004461666664,0.6495299553833334,0.6090839189787706,0.8797371507499999,0.3416291375,0.002868979853333342,,,,,,,,,,,,,ok,0,True
S-norm_K-2_C-5_W-10_Col-0,epoch_0008,8,normalized,add_proj,0.12,0.08,64,4,2.0,5.0,10.0,0.0,0.0,0.0,0.0,5,False,3|5|7|15,64,64,108,0.0002,8,1,1,0.6844472155570983,0.8885015801866668,0.35022726781333335,0.6497727321866666,0.6844472155570983,0.8885015801866668,0.35022726781333335,0.6497727321866666,0.6500311599175135,0.8848149252333334,0.3594571369666667,0.6405428630333333,0.6098090666035811,0.87667847125,0.34854369583333333,0.002868979853333342,,,,,,,,,,,,,ok,0,True
S-norm_K-2_C-5_W-10_Col-15,,,normalized,,,,,,2.0,5.0,10.0,15.0,,,,,,,,,,,,,,,,,,,,,,,,,,,,,,,,,,,,,,,,,,config_only,,False
S-norm_K-2_C-5_W-10_Col-15,epoch_0001,1,normalized,add_proj,0.12,0.08,64,4,2.0,5.0,10.0,15.0,0.0,0.0,0.0,5,False,3|5|7|15,64,64,108,0.0002,8,1,1,0.6936543447971344,0.8563340375599999,0.40775206996,0.59224793004,0.6936543447971344,0.8563340375599999,0.40775206996,0.59224793004,0.6629054992397626,0.8532272681333334,0.41767060303333337,0.5823293969666666,0.6401895587642987,0.8107352519166666,0.45290418525,0.002526887306666614,,,,,,,,,,,,,ok,0,True
S-norm_K-2_C-5_W-10_Col-15,epoch_0002,2,normalized,add_proj,0.12,0.08,64,4,2.0,5.0,10.0,15.0,0.0,0.0,0.0,5,False,3|5|7|15,64,64,108,0.0002,8,1,1,0.6964209548234941,0.8514812903066666,0.41378422152,0.58621577848,0.6964209548234941,0.8514812903066666,0.41378422152,0.58621577848,0.6661427043378353,0.8481793253500001,0.4230562716833334,0.5769437283166666,0.6446599766612052,0.8054271755,0.48045445525,0.002526887306666614,,,,,,,,,,,,,ok,0,True
S-norm_K-2_C-5_W-10_Col-15,epoch_0003,3,normalized,add_proj,0.12,0.08,64,4,2.0,5.0,10.0,15.0,0.0,0.0,0.0,5,False,3|5|7|15,64,64,108,0.0002,8,1,1,0.6971359332005183,0.84780925144,0.41027895726666663,0.5897210427333334,0.6971359332005183,0.84780925144,0.41027895726666663,0.5897210427333334,0.6671986070772012,0.8444969687666667,0.41943578815000004,0.58056421185,0.6429310373961926,0.8023978013333333,0.47851765716666667,0.002526887306666614,,,,,,,,,,,,,ok,0,True
S-norm_K-2_C-5_W-10_Col-15,epoch_0004,4,normalized,add_proj,0.12,0.08,64,4,2.0,5.0,10.0,15.0,0.0,0.0,0.0,5,False,3|5|7|15,64,64,108,0.0002,8,1,1,0.6988314735889435,0.8441030997066666,0.41504085584,0.5849591441599999,0.6988314735889435,0.8441030997066666,0.41504085584,0.5849591441599999,0.6693048341075578,0.8404868493333332,0.4242093305666666,0.5757906694333335,0.6451087688406308,0.7967711190833334,0.49401695966666664,0.002526887306666614,,,,,,,,,,,,,ok,0,True
S-norm_K-2_C-5_W-10_Col-15,epoch_0005,5,normalized,add_proj,0.12,0.08,64,4,2.0,5.0,10.0,15.0,0.0,0.0,0.0,5,False,3|5|7|15,64,64,108,0.0002,8,1,1,0.6972593246301015,0.8417557413200001,0.4107822924933333,0.5892177075066667,0.6972593246301015,0.8417557413200001,0.4107822924933333,0.5892177075066667,0.6679983174800873,0.8381114462666666,0.41950823623333333,0.5804917637666667,0.6407117423911889,0.7983468944999998,0.47490877741666665,0.002526887306666614,,,,,,,,,,,,,ok,0,True
S-norm_K-2_C-5_W-10_Col-15,epoch_0006,6,normalized,add_proj,0.12,0.08,64,4,2.0,5.0,10.0,15.0,0.0,0.0,0.0,5,False,3|5|7|15,64,64,108,0.0002,8,1,1,0.6969242414633433,0.8341483840000001,0.4154757725066666,0.5845242274933333,0.6969242414633433,0.8341483840000001,0.4154757725066666,0.5845242274933333,0.6682950475811958,0.8305633952333334,0.42376057585,0.57623942415,0.6404920138418675,0.7901650789166665,0.47681347458333334,0.002526887306666614,,,,,,,,,,,,,ok,0,True
S-norm_K-2_C-5_W-10_Col-15,epoch_0007,7,normalized,add_proj,0.12,0.08,64,4,2.0,5.0,10.0,15.0,0.0,0.0,0.0,5,False,3|5|7|15,64,64,108,0.0002,8,1,1,0.6977348407904307,0.8327895510400001,0.4186281623866666,0.5813718376133334,0.6977348407904307,0.8327895510400001,0.4186281623866666,0.5813718376133334,0.669352167348067,0.8291080657333334,0.4269436715833333,0.5730563284166668,0.6406956086556117,0.7897579585000001,0.4811861615,0.002526887306666614,,,,,,,,,,,,,ok,0,True
S-norm_K-2_C-5_W-10_Col-15,epoch_0008,8,normalized,add_proj,0.12,0.08,64,4,2.0,5.0,10.0,15.0,0.0,0.0,0.0,5,False,3|5|7|15,64,64,108,0.0002,8,1,1,0.6982287551959355,0.8270940022400001,0.4241609303866667,0.5758390696133333,0.6982287551959355,0.8270940022400001,0.4241609303866667,0.5758390696133333,0.6704200153052808,0.8232743149333335,0.43253694063333337,0.5674630593666666,0.6404774022599061,0.7855110339166665,0.4829135725,0.002526887306666614,,,,,,,,,,,,,ok,0,True
S-norm_K-2_C-5_W-20_Col-0,,,normalized,,,,,,2.0,5.0,20.0,0.0,,,,,,,,,,,,,,,,,,,,,,,,,,,,,,,,,,,,,,,,,,config_only,,False
S-norm_K-2_C-5_W-20_Col-0,epoch_0001,1,normalized,add_proj,0.12,0.08,64,4,2.0,5.0,20.0,0.0,0.0,0.0,0.0,5,False,3|5|7|15,64,64,108,0.0002,8,1,1,0.6811560280720392,0.8901560713066666,0.3543288500533333,0.6456711499466667,0.6811560280720392,0.8901560713066666,0.3543288500533333,0.6456711499466667,0.6463855568071206,0.8870846259,0.36257693463333335,0.6374230653666666,0.6089060852924983,0.8764879305,0.35412785766666666,-0.01178935814666665,,,,,,,,,,,,,ok,0,True
S-norm_K-2_C-5_W-20_Col-0,epoch_0002,2,normalized,add_proj,0.12,0.08,64,4,2.0,5.0,20.0,0.0,0.0,0.0,0.0,5,False,3|5|7|15,64,64,108,0.0002,8,1,1,0.6822385051647822,0.89408148524,0.3429291731733333,0.6570708268266667,0.6822385051647822,0.89408148524,0.3429291731733333,0.6570708268266667,0.6473895884056887,0.8909901993,0.35106265935,0.6489373406500001,0.6052159368991852,0.8819591241666667,0.34130648983333334,-0.01178935814666665,,,,,,,,,,,,,ok,0,True
S-norm_K-2_C-5_W-20_Col-0,epoch_0003,3,normalized,add_proj,0.12,0.08,64,4,2.0,5.0,20.0,0.0,0.0,0.0,0.0,5,False,3|5|7|15,64,64,108,0.0002,8,1,1,0.6858769659201304,0.89524270864,0.34253949190666666,0.6574605080933333,0.6858769659201304,0.89524270864,0.34253949190666666,0.6574605080933333,0.6512262369195622,0.8919690236500001,0.3520561872333333,0.6479438127666667,0.6130116336047648,0.8809633090833333,0.3562010216666666,-0.01178935814666665,,,,,,,,,,,,,ok,0,True
S-norm_K-2_C-5_W-20_Col-0,epoch_0004,4,normalized,add_proj,0.12,0.08,64,4,2.0,5.0,20.0,0.0,0.0,0.0,0.0,5,False,3|5|7|15,64,64,108,0.0002,8,1,1,0.6882349371910095,0.8889338395733334,0.3514359153466666,0.6485640846533334,0.6882349371910095,0.8889338395733334,0.3514359153466666,0.6485640846533334,0.6543171410759291,0.8849331545666667,0.36160412988333335,0.6383958701166667,0.6176421254873276,0.8725224634166667,0.36542846425,-0.01178935814666665,,,,,,,,,,,,,ok,0,True
S-norm_K-2_C-5_W-20_Col-0,epoch_0005,5,normalized,add_proj,0.12,0.08,64,4,2.0,5.0,20.0,0.0,0.0,0.0,0.0,5,False,3|5|7|15,64,64,108,0.0002,8,1,1,0.6903784935077032,0.8845698962133334,0.3531342972,0.6468657028,0.6903784935077032,0.8845698962133334,0.3531342972,0.6468657028,0.6570421848197778,0.8801329376999998,0.3634157767666667,0.6365842232333333,0.6209688869615396,0.8668100953333333,0.3730530705,-0.01178935814666665,,,,,,,,,,,,,ok,0,True
S-norm_K-2_C-5_W-20_Col-0,epoch_0006,6,normalized,add_proj,0.12,0.08,64,4,2.0,5.0,20.0,0.0,0.0,0.0,0.0,5,False,3|5|7|15,64,64,108,0.0002,8,1,1,0.6925290431578953,0.8817714006933334,0.35952122254666663,0.6404787774533334,0.6925290431578953,0.8817714006933334,0.35952122254666663,0.6404787774533334,0.6596907916168372,0.8768533356500001,0.37057446016666673,0.6294255398333333,0.6236084647476674,0.8635793096666667,0.3803474360833333,-0.01178935814666665,,,,,,,,,,,,,ok,0,True
S-norm_K-2_C-5_W-20_Col-0,epoch_0007,7,normalized,add_proj,0.12,0.08,64,4,2.0,5.0,20.0,0.0,0.0,0.0,0.0,5,False,3|5|7|15,64,64,108,0.0002,8,1,1,0.6925599795182545,0.8820213345733334,0.36389555441333327,0.6361044455866667,0.6925599795182545,0.8820213345733334,0.36389555441333327,0.6361044455866667,0.6593738224109014,0.8770213623666665,0.37531781946666665,0.6246821805333334,0.6236108645796776,0.8657544985,0.37985116499999994,-0.01178935814666665,,,,,,,,,,,,,ok,0,True
S-norm_K-2_C-5_W-20_Col-0,epoch_0008,8,normalized,add_proj,0.12,0.08,64,4,2.0,5.0,20.0,0.0,0.0,0.0,0.0,5,False,3|5|7|15,64,64,108,0.0002,8,1,1,0.6933142639398574,0.8759133974,0.37051485819999996,0.6294851418,0.6933142639398574,0.8759133974,0.37051485819999996,0.6294851418,0.6605894316732884,0.8706018720166666,0.38187994464999997,0.61812005535,0.6249262956281503,0.8611856015,0.38446343875,-0.01178935814666665,,,,,,,,,,,,,ok,0,True
S-norm_K-2_C-5_W-20_Col-15,,,normalized,,,,,,2.0,5.0,20.0,15.0,,,,,,,,,,,,,,,,,,,,,,,,,,,,,,,,,,,,,,,,,,config_only,,False
S-norm_K-2_C-5_W-20_Col-15,epoch_0001,1,normalized,add_proj,0.12,0.08,64,4,2.0,5.0,20.0,15.0,0.0,0.0,0.0,5,False,3|5|7|15,64,64,108,0.0002,8,1,1,0.6948334018389385,0.8551772643999999,0.4032635243333334,0.5967364756666667,0.6948334018389385,0.8551772643999999,0.4032635243333334,0.5967364756666667,0.6637810872991879,0.8514230798166664,0.4123340297833333,0.5876659702166667,0.6428950446347396,0.8109412345,0.44852246850000005,0.0060403970399999785,,,,,,,,,,,,,ok,0,True
S-norm_K-2_C-5_W-20_Col-15,epoch_0002,2,normalized,add_proj,0.12,0.08,64,4,2.0,5.0,20.0,15.0,0.0,0.0,0.0,5,False,3|5|7|15,64,64,108,0.0002,8,1,1,0.695895787914594,0.8573317542133333,0.3952681339866666,0.6047318660133334,0.695895787914594,0.8573317542133333,0.3952681339866666,0.6047318660133334,0.6651597639421623,0.8535041777,0.40480003670000003,0.5951999633,0.6402458970745404,0.81749188125,0.4451885975,0.0060403970399999785,,,,,,,,,,,,,ok,0,True
S-norm_K-2_C-5_W-20_Col-15,epoch_0003,3,normalized,add_proj,0.12,0.08,64,4,2.0,5.0,20.0,15.0,0.0,0.0,0.0,5,False,3|5|7|15,64,64,108,0.0002,8,1,1,0.6980841508309048,0.8444657116666667,0.4093039213733334,0.5906960786266666,0.6980841508309048,0.8444657116666667,0.4093039213733334,0.5906960786266666,0.6685320544739564,0.8401864527833334,0.41964548349999997,0.5803545165,0.6451839976012708,0.8026343158333333,0.4661890673333334,0.0060403970399999785,,,,,,,,,,,,,ok,0,True
S-norm_K-2_C-5_W-20_Col-15,epoch_0004,4,normalized,add_proj,0.12,0.08,64,4,2.0,5.0,20.0,15.0,0.0,0.0,0.0,5,False,3|5|7|15,64,64,108,0.0002,8,1,1,0.7001501045227052,0.8287287338133333,0.4229047494933333,0.5770952505066667,0.7001501045227052,0.8287287338133333,0.4229047494933333,0.5770952505066667,0.6720632976293563,0.8239311392833333,0.43305786145,0.56694213855,0.6471018160382906,0.7882427610833334,0.48090247125,0.0060403970399999785,,,,,,,,,,,,,ok,0,True
S-norm_K-2_C-5_W-20_Col-15,epoch_0005,5,normalized,add_proj,0.12,0.08,64,4,2.0,5.0,20.0,15.0,0.0,0.0,0.0,5,False,3|5|7|15,64,64,108,0.0002,8,1,1,0.7013009980916977,0.8226118824133334,0.4287815660266666,0.5712184339733334,0.7013009980916977,0.8226118824133334,0.4287815660266666,0.5712184339733334,0.673792839795351,0.8175240156333332,0.43882566748333335,0.5611743325166667,0.6488317109644413,0.7792189154999999,0.4920474980833333,0.0060403970399999785,,,,,,,,,,,,,ok,0,True
S-norm_K-2_C-5_W-20_Col-15,epoch_0006,6,normalized,add_proj,0.12,0.08,64,4,2.0,5.0,20.0,15.0,0.0,0.0,0.0,5,False,3|5|7|15,64,64,108,0.0002,8,1,1,0.7023606254259743,0.8221030283066666,0.4290127101333333,0.5709872898666667,0.7023606254259743,0.8221030283066666,0.4290127101333333,0.5709872898666667,0.6749108368158341,0.8170119981500001,0.43877687234999996,0.56122312765,0.6496020063757896,0.7776085392500001,0.49695955266666664,0.0060403970399999785,,,,,,,,,,,,,ok,0,True
S-norm_K-2_C-5_W-20_Col-15,epoch_0007,7,normalized,add_proj,0.12,0.08,64,4,2.0,5.0,20.0,15.0,0.0,0.0,0.0,5,False,3|5|7|15,64,64,108,0.0002,8,1,1,0.7029408913056056,0.8184807906,0.43371239213333335,0.5662876078666667,0.7029408913056056,0.8184807906,0.43371239213333335,0.5662876078666667,0.6762290682892005,0.8134156556500001,0.44368116766666665,0.5563188323333333,0.6489093552033106,0.7775052418333335,0.49199570191666664,0.0060403970399999785,,,,,,,,,,,,,ok,0,True
S-norm_K-2_C-5_W-20_Col-15,epoch_0008,8,normalized,add_proj,0.12,0.08,64,4,2.0,5.0,20.0,15.0,0.0,0.0,0.0,5,False,3|5|7|15,64,64,108,0.0002,8,1,1,0.7032671813964844,0.8088843626666666,0.44062352568,0.55937647432,0.7032671813964844,0.8088843626666666,0.44062352568,0.55937647432,0.6773895117640496,0.8034498172,0.45059679041666667,0.5494032095833333,0.6496721081435681,0.76926137025,0.4955666185,0.0060403970399999785,,,,,,,,,,,,,ok,0,True
S-norm_K-3_C-2_W-10_Col-15,,,normalized,add_proj,0.12,0.08,64,4,3.0,2.0,10.0,15.0,0.0,0.0,0.0,5,False,3|5|7|15,64,64,32,5e-05,20,1,0.5,,,,,,,,,,,,,,,,,,,,,,,,,,,,,config_only,,False
S-norm_K-3_C-2_W-10_Col-15,epoch_0001,1,normalized,add_proj,0.12,0.08,64,4,3.0,2.0,10.0,15.0,0.0,0.0,0.0,5,False,3|5|7|15,64,64,32,5e-05,20,1,0.5,0.6982088438669841,0.8446776556533332,0.40607239544,0.5939276045599999,0.6982088438669841,0.8446776556533332,0.40607239544,0.5939276045599999,0.669462267657121,0.8417675595833334,0.41295931143333336,0.5870406885666666,0.6455828703939914,0.7824698319166667,0.4702273916666667,0.02341727406666666,,,,,,,,,,,,,ok,0,True
S-norm_K-3_C-2_W-10_Col-15,epoch_0002,2,normalized,add_proj,0.12,0.08,64,4,3.0,2.0,10.0,15.0,0.0,0.0,0.0,5,False,3|5|7|15,64,64,32,5e-05,20,1,0.5,0.7001496328910192,0.8330015956933333,0.42255973812000003,0.57744026188,0.7001496328910192,0.8330015956933333,0.42255973812000003,0.57744026188,0.6722600808242956,0.8292968300166667,0.43034293928333334,0.5696570607166667,0.6465658381581306,0.7751624901666667,0.48684107225000006,0.02341727406666666,,,,,,,,,,,,,ok,0,True
S-norm_K-3_C-2_W-10_Col-15,epoch_0003,3,normalized,add_proj,0.12,0.08,64,4,3.0,2.0,10.0,15.0,0.0,0.0,0.0,5,False,3|5|7|15,64,64,32,5e-05,20,1,0.5,0.7006435682376225,0.8269884693199999,0.42948966950666667,0.5705103304933333,0.7006435682376225,0.8269884693199999,0.42948966950666667,0.5705103304933333,0.6731321308513483,0.8231881599666666,0.4373261018333333,0.5626738981666667,0.6472964860498904,0.7722723558333333,0.4923805576666667,0.02341727406666666,,,,,,,,,,,,,ok,0,True
S-norm_K-3_C-2_W-10_Col-15,epoch_0004,4,normalized,add_proj,0.12,0.08,64,4,3.0,2.0,10.0,15.0,0.0,0.0,0.0,5,False,3|5|7|15,64,64,32,5e-05,20,1,0.5,0.7011526043812434,0.8223621443066667,0.4344692631466666,0.5655307368533333,0.7011526043812434,0.8223621443066667,0.4344692631466666,0.5655307368533333,0.673993884176016,0.8185072425333333,0.44224186376666663,0.5577581362333334,0.6475244979063669,0.77038242025,0.4955442765,0.02341727406666666,,,,,,,,,,,,,ok,0,True
S-norm_K-3_C-2_W-10_Col-15,epoch_0005,5,normalized,add_proj,0.12,0.08,64,4,3.0,2.0,10.0,15.0,0.0,0.0,0.0,5,False,3|5|7|15,64,64,32,5e-05,20,1,0.5,0.7014321151971817,0.8206770043733332,0.43563133782666663,0.5643686621733334,0.7014321151971817,0.8206770043733332,0.43563133782666663,0.5643686621733334,0.6744028028349082,0.81678433075,0.4433827227166667,0.5566172772833333,0.6477087753514448,0.76968864275,0.49608054049999994,0.02341727406666666,,,,,,,,,,,,,ok,0,True
S-norm_K-3_C-2_W-10_Col-15,epoch_0006,6,normalized,add_proj,0.12,0.08,64,4,3.0,2.0,10.0,15.0,0.0,0.0,0.0,5,False,3|5|7|15,64,64,32,5e-05,20,1,0.5,0.7015899768273036,0.8200131647466666,0.43584264568000003,0.56415735432,0.7015899768273036,0.8200131647466666,0.43584264568000003,0.56415735432,0.6746515933175882,0.8161084598,0.4435699403166666,0.5564300596833334,0.6487972905238469,0.7688936441666666,0.4973930039166667,0.02341727406666666,,,,,,,,,,,,,ok,0,True
S-norm_K-3_C-2_W-10_Col-15,epoch_0007,7,normalized,add_proj,0.12,0.08,64,4,3.0,2.0,10.0,15.0,0.0,0.0,0.0,5,False,3|5|7|15,64,64,32,5e-05,20,1,0.5,0.7014116792678832,0.8191744163599999,0.43596749030666665,0.5640325096933334,0.7014116792678832,0.8191744163599999,0.43596749030666665,0.5640325096933334,0.6744526810447374,0.8152201806333335,0.4435849521833334,0.5564150478166666,0.6486973154048125,0.7670679139166666,0.498895181,0.02341727406666666,,,,,,,,,,,,,ok,0,True
S-norm_K-3_C-2_W-10_Col-15,epoch_0008,8,normalized,add_proj,0.12,0.08,64,4,3.0,2.0,10.0,15.0,0.0,0.0,0.0,5,False,3|5|7|15,64,64,32,5e-05,20,1,0.5,0.7020721799532573,0.8174682189066668,0.4375875092133333,0.5624124907866668,0.7020721799532573,0.8174682189066668,0.4375875092133333,0.5624124907866668,0.6753606986006101,0.8134782587999998,0.44518561381666666,0.5548143861833333,0.650323253373305,0.76468747825,0.5027301345833334,0.02341727406666666,,,,,,,,,,,,,ok,0,True
S-norm_K-3_C-2_W-10_Col-15,epoch_0009,9,normalized,add_proj,0.12,0.08,64,4,3.0,2.0,10.0,15.0,0.0,0.0,0.0,5,False,3|5|7|15,64,64,32,5e-05,20,1,0.5,0.7026740769545238,0.8155514851333333,0.4403049784400001,0.5596950215599998,0.7026740769545238,0.8155514851333333,0.4403049784400001,0.5596950215599998,0.676241801182429,0.8117100577333334,0.4478702354833334,0.5521297645166666,0.6508341101308663,0.7622160698333333,0.5072095803333333,0.02341727406666666,,,,,,,,,,,,,ok,0,True
S-norm_K-3_C-2_W-10_Col-15,epoch_0010,10,normalized,add_proj,0.12,0.08,64,4,3.0,2.0,10.0,15.0,0.0,0.0,0.0,5,False,3|5|7|15,64,64,32,5e-05,20,1,0.5,0.703325833717982,0.8140603874266666,0.4423966374933333,0.5576033625066668,0.703325833717982,0.8140603874266666,0.4423966374933333,0.5576033625066668,0.6771160622437795,0.8101917892666668,0.45002350015000003,0.54997649985,0.6527799655993779,0.7594774715833333,0.5102455198333333,0.02341727406666666,,,,,,,,,,,,,ok,0,True
S-norm_K-3_C-2_W-10_Col-15,epoch_0011,11,normalized,add_proj,0.12,0.08,64,4,3.0,2.0,10.0,15.0,0.0,0.0,0.0,5,False,3|5|7|15,64,64,32,5e-05,20,1,0.5,0.7039075050751368,0.8129648900800001,0.442969961,0.557030039,0.7039075050751368,0.8129648900800001,0.442969961,0.557030039,0.6778824513653915,0.8088928751500001,0.45086480674999996,0.54913519325,0.6524536445736885,0.7572983900833334,0.51091554825,0.02341727406666666,,,,,,,,,,,,,ok,0,True
S-norm_K-3_C-2_W-10_Col-15,epoch_0012,12,normalized,add_proj,0.12,0.08,64,4,3.0,2.0,10.0,15.0,0.0,0.0,0.0,5,False,3|5|7|15,64,64,32,5e-05,20,1,0.5,0.70438405696551,0.8112537802399999,0.44212104190666657,0.5578789580933334,0.70438405696551,0.8112537802399999,0.44212104190666657,0.5578789580933334,0.6783959257602692,0.80689691615,0.4502040870166667,0.5497959129833333,0.6520972497761249,0.7566256370833334,0.5049158665833333,0.02341727406666666,,,,,,,,,,,,,ok,0,True
S-norm_K-3_C-2_W-10_Col-15,epoch_0013,13,normalized,add_proj,0.12,0.08,64,4,3.0,2.0,10.0,15.0,0.0,0.0,0.0,5,False,3|5|7|15,64,64,32,5e-05,20,1,0.5,0.7046685932477313,0.8089402227333333,0.4427837822666667,0.5572162177333333,0.7046685932477313,0.8089402227333333,0.4427837822666667,0.5572162177333333,0.6788823780417441,0.8045233126333334,0.45098937670000006,0.5490106233,0.6522293833394844,0.7537255297499998,0.5039144369166666,0.02341727406666666,,,,,,,,,,,,,ok,0,True
S-norm_K-3_C-2_W-10_Col-15,epoch_0014,14,normalized,add_proj,0.12,0.08,64,4,3.0,2.0,10.0,15.0,0.0,0.0,0.0,5,False,3|5|7|15,64,64,32,5e-05,20,1,0.5,0.7046657129923503,0.8087367963466667,0.4420206066266667,0.5579793933733332,0.7046657129923503,0.8087367963466667,0.4420206066266667,0.5579793933733332,0.6791266963879268,0.8045344544166667,0.4503082436,0.5496917564,0.6517922319471836,0.7547263362500001,0.5019163459166667,0.02341727406666666,,,,,,,,,,,,,ok,0,True
S-norm_K-3_C-2_W-10_Col-15,epoch_0015,15,normalized,add_proj,0.12,0.08,64,4,3.0,2.0,10.0,15.0,0.0,0.0,0.0,5,False,3|5|7|15,64,64,32,5e-05,20,1,0.5,0.7041785290638606,0.8074349382533333,0.4432030706266667,0.5567969293733332,0.7041785290638606,0.8074349382533333,0.4432030706266667,0.5567969293733332,0.6787855111062526,0.8032570580833334,0.45157267720000005,0.5484273228,0.6512974542876084,0.7546354270833333,0.50114589275,0.02341727406666666,,,,,,,,,,,,,ok,0,True
S-norm_K-3_C-2_W-10_Col-15,epoch_0016,16,normalized,add_proj,0.12,0.08,64,4,3.0,2.0,10.0,15.0,0.0,0.0,0.0,5,False,3|5|7|15,64,64,32,5e-05,20,1,0.5,0.7028792082866033,0.7971920112933334,0.45099312152,0.54900687848,0.7028792082866033,0.7971920112933334,0.45099312152,0.54900687848,0.6782850175599257,0.7929033784666667,0.4588519348,0.5411480652,0.6519654579460621,0.7468628413333332,0.5021685065833333,0.02341727406666666,,,,,,,,,,,,,ok,0,True
S-norm_K-3_C-2_W-10_Col-15,epoch_0017,17,normalized,add_proj,0.12,0.08,64,4,3.0,2.0,10.0,15.0,0.0,0.0,0.0,5,False,3|5|7|15,64,64,32,5e-05,20,1,0.5,0.702893257300059,0.7910144852666666,0.4564145248933334,0.5435854751066667,0.702893257300059,0.7910144852666666,0.4564145248933334,0.5435854751066667,0.6789371705055236,0.7867090597166667,0.4637906171166667,0.5362093828833333,0.6532040148973466,0.7423386745,0.5050336880833334,0.02341727406666666,,,,,,,,,,,,,ok,0,True
S-norm_K-3_C-2_W-10_Col-15,epoch_0018,18,normalized,add_proj,0.12,0.08,64,4,3.0,2.0,10.0,15.0,0.0,0.0,0.0,5,False,3|5|7|15,64,64,32,5e-05,20,1,0.5,0.7029294781684875,0.7938860667733334,0.45268557062666664,0.5473144293733334,0.7029294781684875,0.7938860667733334,0.45268557062666664,0.5473144293733334,0.6785568514466286,0.7894767263666667,0.4599517311,0.5400482689,0.6524443760514258,0.7444160198333333,0.5012443576666668,0.02341727406666666,,,,,,,,,,,,,ok,0,True
S-norm_K-3_C-2_W-10_Col-15,epoch_0019,19,normalized,add_proj,0.12,0.08,64,4,3.0,2.0,10.0,15.0,0.0,0.0,0.0,5,False,3|5|7|15,64,64,32,5e-05,20,1,0.5,0.7030012888908387,0.7963004924533332,0.4510506450266667,0.5489493549733333,0.7030012888908387,0.7963004924533332,0.4510506450266667,0.5489493549733333,0.6784923543532688,0.7919121459666666,0.45851577336666677,0.5414842266333333,0.652395806958278,0.7464399513333333,0.49896795633333335,0.02341727406666666,,,,,,,,,,,,,ok,0,True
S-norm_K-3_C-2_W-10_Col-15,epoch_0020,20,normalized,add_proj,0.12,0.08,64,4,3.0,2.0,10.0,15.0,0.0,0.0,0.0,5,False,3|5|7|15,64,64,32,5e-05,20,1,0.5,0.7029201922019324,0.7989420998533332,0.44831835714666673,0.5516816428533333,0.7029201922019324,0.7989420998533332,0.44831835714666673,0.5516816428533333,0.6782231568793455,0.7945748821166667,0.45598166953333336,0.5440183304666666,0.6516779681046804,0.7487335940833334,0.497539564,0.02341727406666666,,,,,,,,,,,,,ok,0,True
S-norm_K-4_C-0_W-10_Col-0,,,normalized,,,,,,4.0,0.0,10.0,0.0,,,,,,,,,,,,,,,,,,,,,,,,,,,,,,,,,,,,,,,,,,config_only,,False
S-norm_K-4_C-0_W-10_Col-0,epoch_0001,1,normalized,add_proj,0.12,0.08,64,4,4.0,0.0,10.0,0.0,0.0,0.0,0.0,5,False,3|5|7|15,64,64,108,0.0002,8,1,1,0.6771751593748728,0.89601942556,0.3304957044,0.6695042956,0.6771751593748728,0.89601942556,0.3304957044,0.6695042956,0.6417225241661072,0.8940477389666667,0.3352549399833333,0.6647450600166667,0.6026579248408477,0.8766467495,0.3332207810833333,-0.0030376533066666656,,,,,,,,,,,,,ok,0,True
S-norm_K-4_C-0_W-10_Col-0,epoch_0002,2,normalized,add_proj,0.12,0.08,64,4,4.0,0.0,10.0,0.0,0.0,0.0,0.0,5,False,3|5|7|15,64,64,108,0.0002,8,1,1,0.6792865865627924,0.9015858634,0.32581384116,0.67418615884,0.6792865865627924,0.9015858634,0.32581384116,0.67418615884,0.6432061478992304,0.8994298634166666,0.33191153679999996,0.6680884632,0.6049521503349146,0.884420305,0.32910686675,-0.0030376533066666656,,,,,,,,,,,,,ok,0,True
S-norm_K-4_C-0_W-10_Col-0,epoch_0003,3,normalized,add_proj,0.12,0.08,64,4,4.0,0.0,10.0,0.0,0.0,0.0,0.0,5,False,3|5|7|15,64,64,108,0.0002,8,1,1,0.6796372586488725,0.9012500274533335,0.3274580510933333,0.6725419489066666,0.6796372586488725,0.9012500274533335,0.3274580510933333,0.6725419489066666,0.6435227978726228,0.89884498315,0.3339453908333333,0.6660546091666667,0.6037844804426035,0.88704600325,0.32771152233333334,-0.0030376533066666656,,,,,,,,,,,,,ok,0,True
S-norm_K-4_C-0_W-10_Col-0,epoch_0004,4,normalized,add_proj,0.12,0.08,64,4,4.0,0.0,10.0,0.0,0.0,0.0,0.0,5,False,3|5|7|15,64,64,108,0.0002,8,1,1,0.6833254691759747,0.8993005936933334,0.32902983176,0.67097016824,0.6833254691759747,0.8993005936933334,0.32902983176,0.67097016824,0.6478789191444715,0.8964850670166667,0.3362723713833333,0.6637276286166667,0.6103061315913996,0.8804227040833332,0.34063565566666676,-0.0030376533066666656,,,,,,,,,,,,,ok,0,True
S-norm_K-4_C-0_W-10_Col-0,epoch_0005,5,normalized,add_proj,0.12,0.08,64,4,4.0,0.0,10.0,0.0,0.0,0.0,0.0,5,False,3|5|7|15,64,64,108,0.0002,8,1,1,0.6868640962441762,0.8964070606266666,0.3347069897866667,0.6652930102133333,0.6868640962441762,0.8964070606266666,0.3347069897866667,0.6652930102133333,0.6520096029837925,0.8931209745333334,0.3422114316,0.6577885684,0.6178147780398527,0.8723771410000001,0.3527666105,-0.0030376533066666656,,,,,,,,,,,,,ok,0,True
S-norm_K-4_C-0_W-10_Col-0,epoch_0006,6,normalized,add_proj,0.12,0.08,64,4,4.0,0.0,10.0,0.0,0.0,0.0,0.0,5,False,3|5|7|15,64,64,108,0.0002,8,1,1,0.6865007990996043,0.8966269023333333,0.3337017166933333,0.6662982833066666,0.6865007990996043,0.8966269023333333,0.3337017166933333,0.6662982833066666,0.6517179896434148,0.8933993996833335,0.34139640388333337,0.6586035961166666,0.6159820904334387,0.8732991244999999,0.3462198333333333,-0.0030376533066666656,,,,,,,,,,,,,ok,0,True
S-norm_K-4_C-0_W-10_Col-0,epoch_0007,7,normalized,add_proj,0.12,0.08,64,4,4.0,0.0,10.0,0.0,0.0,0.0,0.0,5,False,3|5|7|15,64,64,108,0.0002,8,1,1,0.6864974935452145,0.8961649198933334,0.33708904634666675,0.6629109536533333,0.6864974935452145,0.8961649198933334,0.33708904634666675,0.6629109536533333,0.6514776315788428,0.8928767297833333,0.3448185210333333,0.6551814789666667,0.6143914729356765,0.8744139143333334,0.3437847021666667,-0.0030376533066666656,,,,,,,,,,,,,ok,0,True
S-norm_K-4_C-0_W-10_Col-0,epoch_0008,8,normalized,add_proj,0.12,0.08,64,4,4.0,0.0,10.0,0.0,0.0,0.0,0.0,5,False,3|5|7|15,64,64,108,0.0002,8,1,1,0.6880929632584254,0.8926048076133333,0.34315541317333326,0.6568445868266668,0.6880929632584254,0.8926048076133333,0.34315541317333326,0.6568445868266668,0.6533792860805988,0.8889443958666667,0.35127161339999996,0.6487283866,0.6176997924844424,0.8687923388333334,0.3495763121666667,-0.0030376533066666656,,,,,,,,,,,,,ok,0,True
S-norm_K-4_C-0_W-10_Col-15,,,normalized,,,,,,4.0,0.0,10.0,15.0,,,,,,,,,,,,,,,,,,,,,,,,,,,,,,,,,,,,,,,,,,config_only,,False
S-norm_K-4_C-0_W-10_Col-15,epoch_0001,1,normalized,add_proj,0.12,0.08,64,4,4.0,0.0,10.0,15.0,0.0,0.0,0.0,5,False,3|5|7|15,64,64,108,0.0002,8,1,1,0.7005285029411316,0.8363725128933335,0.41869897330666667,0.5813010266933334,0.7005285029411316,0.8363725128933335,0.41869897330666667,0.5813010266933334,0.6722372220953305,0.83344241375,0.4259529687,0.5740470313,0.6483203962445259,0.7819378689166666,0.4872037771666667,-0.004592495520000017,,,,,,,,,,,,,ok,0,True
S-norm_K-4_C-0_W-10_Col-15,epoch_0002,2,normalized,add_proj,0.12,0.08,64,4,4.0,0.0,10.0,15.0,0.0,0.0,0.0,5,False,3|5|7|15,64,64,108,0.0002,8,1,1,0.70091628185908,0.8324047808133334,0.41902650496000005,0.58097349504,0.70091628185908,0.8324047808133334,0.41902650496000005,0.58097349504,0.672891286611557,0.8289137467166666,0.42585655011666673,0.5741434498833333,0.6450855751832326,0.7861010481666667,0.47552835983333336,-0.004592495520000017,,,,,,,,,,,,,ok,0,True
S-norm_K-4_C-0_W-10_Col-15,epoch_0003,3,normalized,add_proj,0.12,0.08,64,4,4.0,0.0,10.0,15.0,0.0,0.0,0.0,5,False,3|5|7|15,64,64,108,0.0002,8,1,1,0.7004344872633615,0.8317156132933334,0.41410647778666665,0.5858935222133334,0.7004344872633615,0.8317156132933334,0.41410647778666665,0.5858935222133334,0.6726321059465408,0.8285341163166668,0.42088413378333334,0.5791158662166667,0.6430554171403249,0.7892715551666667,0.47129459374999993,-0.004592495520000017,,,,,,,,,,,,,ok,0,True
S-norm_K-4_C-0_W-10_Col-15,epoch_0004,4,normalized,add_proj,0.12,0.08,64,4,4.0,0.0,10.0,15.0,0.0,0.0,0.0,5,False,3|5|7|15,64,64,108,0.0002,8,1,1,0.7042079387903215,0.8145981119600001,0.43719349750666664,0.5628065024933333,0.7042079387903215,0.8145981119600001,0.43719349750666664,0.5628065024933333,0.6786234715084236,0.8111864406333332,0.44440328944999996,0.55559671055,0.6493120156228542,0.7684676264166665,0.5082300980000001,-0.004592495520000017,,,,,,,,,,,,,ok,0,True
S-norm_K-4_C-0_W-10_Col-15,epoch_0005,5,normalized,add_proj,0.12,0.08,64,4,4.0,0.0,10.0,15.0,0.0,0.0,0.0,5,False,3|5|7|15,64,64,108,0.0002,8,1,1,0.70371268983682,0.8050107465466667,0.4435369927866666,0.5564630072133334,0.70371268983682,0.8050107465466667,0.4435369927866666,0.5564630072133334,0.6789446771641573,0.8011065673166667,0.4509291333,0.5490708666999999,0.64860796580712,0.7606241285,0.5038382961666668,-0.004592495520000017,,,,,,,,,,,,,ok,0,True
S-norm_K-4_C-0_W-10_Col-15,epoch_0006,6,normalized,add_proj,0.12,0.08,64,4,4.0,0.0,10.0,15.0,0.0,0.0,0.0,5,False,3|5|7|15,64,64,108,0.0002,8,1,1,0.7047933145364127,0.8045775738,0.4436534188266667,0.5563465811733332,0.7047933145364127,0.8045775738,0.4436534188266667,0.5563465811733332,0.6800493423144023,0.8007110830833332,0.4509187678666667,0.5490812321333334,0.648594644665718,0.7569663521666667,0.50959550425,-0.004592495520000017,,,,,,,,,,,,,ok,0,True
S-norm_K-4_C-0_W-10_Col-15,epoch_0007,7,normalized,add_proj,0.12,0.08,64,4,4.0,0.0,10.0,15.0,0.0,0.0,0.0,5,False,3|5|7|15,64,64,108,0.0002,8,1,1,0.7069219617843627,0.8020045453466668,0.44921759980000003,0.5507824001999999,0.7069219617843627,0.8020045453466668,0.44921759980000003,0.5507824001999999,0.6828952679038048,0.7980294036,0.4567324281666667,0.5432675718333333,0.6527071143190066,0.7524431416666667,0.5149708709999999,-0.004592495520000017,,,,,,,,,,,,,ok,0,True
S-norm_K-4_C-0_W-10_Col-15,epoch_0008,8,normalized,add_proj,0.12,0.08,64,4,4.0,0.0,10.0,15.0,0.0,0.0,0.0,5,False,3|5|7|15,64,64,108,0.0002,8,1,1,0.7068362344106037,0.7961735672533333,0.4509603159466667,0.5490396840533334,0.7068362344106037,0.7961735672533333,0.4509603159466667,0.5490396840533334,0.6835839068889618,0.7921941623333334,0.45866015629999995,0.5413398437000001,0.6531467507282893,0.749301898,0.5114982966666668,-0.004592495520000017,,,,,,,,,,,,,ok,0,True
S-norm_K-4_C-0_W-20_Col-0,,,normalized,,,,,,4.0,0.0,20.0,0.0,,,,,,,,,,,,,,,,,,,,,,,,,,,,,,,,,,,,,,,,,,config_only,,False
S-norm_K-4_C-0_W-20_Col-0,epoch_0001,1,normalized,add_proj,0.12,0.08,64,4,4.0,0.0,20.0,0.0,0.0,0.0,0.0,5,False,3|5|7|15,64,64,108,0.0002,8,1,1,0.6864514013528823,0.8893195646400001,0.34824945906666666,0.6517505409333333,0.6864514013528823,0.8893195646400001,0.34824945906666666,0.6517505409333333,0.6523281121750673,0.8869329453666668,0.3545613024666667,0.6454386975333333,0.6209821018079916,0.8584003906666667,0.3678347331666667,-0.005099581880000037,,,,,,,,,,,,,ok,0,True
S-norm_K-4_C-0_W-20_Col-0,epoch_0002,2,normalized,add_proj,0.12,0.08,64,4,4.0,0.0,20.0,0.0,0.0,0.0,0.0,5,False,3|5|7|15,64,64,108,0.0002,8,1,1,0.686164438088735,0.8932852213466667,0.34433276722666667,0.6556672327733333,0.686164438088735,0.8932852213466667,0.34433276722666667,0.6556672327733333,0.6512208973368009,0.8906819109166667,0.3512995534,0.6487004465999999,0.6161458517114321,0.8735012221666667,0.35167351541666664,-0.005099581880000037,,,,,,,,,,,,,ok,0,True
S-norm_K-4_C-0_W-20_Col-0,epoch_0003,3,normalized,add_proj,0.12,0.08,64,4,4.0,0.0,20.0,0.0,0.0,0.0,0.0,5,False,3|5|7|15,64,64,108,0.0002,8,1,1,0.6879829534292221,0.8938381224266666,0.3431498771866666,0.6568501228133334,0.6879829534292221,0.8938381224266666,0.3431498771866666,0.6568501228133334,0.6532357660432657,0.8908049430666665,0.35030858905,0.64969141095,0.6182709522545338,0.8745024746666668,0.35324647183333335,-0.005099581880000037,,,,,,,,,,,,,ok,0,True
S-norm_K-4_C-0_W-20_Col-0,epoch_0004,4,normalized,add_proj,0.12,0.08,64,4,4.0,0.0,20.0,0.0,0.0,0.0,0.0,5,False,3|5|7|15,64,64,108,0.0002,8,1,1,0.691796865105629,0.8904940691200001,0.34749459082666667,0.6525054091733333,0.691796865105629,0.8904940691200001,0.34749459082666667,0.6525054091733333,0.6576082449654738,0.8868544011666666,0.35498702671666665,0.6450129732833334,0.6264087369044622,0.8638339851666665,0.3699549323333333,-0.005099581880000037,,,,,,,,,,,,,ok,0,True
S-norm_K-4_C-0_W-20_Col-0,epoch_0005,5,normalized,add_proj,0.12,0.08,64,4,4.0,0.0,20.0,0.0,0.0,0.0,0.0,5,False,3|5|7|15,64,64,108,0.0002,8,1,1,0.6950101960897446,0.8848268332799999,0.35730971116,0.64269028884,0.6950101960897446,0.8848268332799999,0.35730971116,0.64269028884,0.6617649884521961,0.8807668214166668,0.36523183121666664,0.6347681687833333,0.6328162382046382,0.8529439006666666,0.3832555608333333,-0.005099581880000037,,,,,,,,,,,,,ok,0,True
S-norm_K-4_C-0_W-20_Col-0,epoch_0006,6,normalized,add_proj,0.12,0.08,64,4,4.0,0.0,20.0,0.0,0.0,0.0,0.0,5,False,3|5|7|15,64,64,108,0.0002,8,1,1,0.6957845281362534,0.8821437610799999,0.3603888719066667,0.6396111280933333,0.6957845281362534,0.8821437610799999,0.3603888719066667,0.6396111280933333,0.6627850395937761,0.8781371424333333,0.3686020603666667,0.6313979396333333,0.6336491604646047,0.8494655502499999,0.3818429595,-0.005099581880000037,,,,,,,,,,,,,ok,0,True
S-norm_K-4_C-0_W-20_Col-0,epoch_0007,7,normalized,add_proj,0.12,0.08,64,4,4.0,0.0,20.0,0.0,0.0,0.0,0.0,5,False,3|5|7|15,64,64,108,0.0002,8,1,1,0.6970636561314265,0.8786727191200001,0.36567437996,0.63432562004,0.6970636561314265,0.8786727191200001,0.36567437996,0.63432562004,0.6642586472133795,0.8740442599000001,0.3746254756833333,0.6253745243166666,0.6337003342807292,0.8467419965833335,0.3833125743333334,-0.005099581880000037,,,,,,,,,,,,,ok,0,True
S-norm_K-4_C-0_W-20_Col-0,epoch_0008,8,normalized,add_proj,0.12,0.08,64,4,4.0,0.0,20.0,0.0,0.0,0.0,0.0,5,False,3|5|7|15,64,64,108,0.0002,8,1,1,0.6980877201954523,0.8726673464933334,0.3729940748666667,0.6270059251333333,0.6980877201954523,0.8726673464933334,0.3729940748666667,0.6270059251333333,0.665473456333081,0.8676320805,0.3820962918,0.6179037082000001,0.6360714482764402,0.8424508241666667,0.3875137710833333,-0.005099581880000037,,,,,,,,,,,,,ok,0,True
S-norm_K-4_C-0_W-20_Col-15,,,normalized,,,,,,4.0,0.0,20.0,15.0,,,,,,,,,,,,,,,,,,,,,,,,,,,,,,,,,,,,,,,,,,config_only,,False
S-norm_K-4_C-0_W-20_Col-15,epoch_0001,1,normalized,add_proj,0.12,0.08,64,4,4.0,0.0,20.0,15.0,0.0,0.0,0.0,5,False,3|5|7|15,64,64,108,0.0002,8,1,1,0.7006518187920253,0.8235465053066666,0.4259532767866666,0.5740467232133334,0.7006518187920253,0.8235465053066666,0.4259532767866666,0.5740467232133334,0.673904699931542,0.8208259279,0.43246955849999996,0.5675304415,0.6478421154121559,0.7734598930833333,0.47968956266666674,0.027673375413333423,,,,,,,,,,,,,ok,0,True
S-norm_K-4_C-0_W-20_Col-15,epoch_0002,2,normalized,add_proj,0.12,0.08,64,4,4.0,0.0,20.0,15.0,0.0,0.0,0.0,5,False,3|5|7|15,64,64,108,0.0002,8,1,1,0.7039826925198236,0.7982447916133333,0.45039871737333337,0.5496012826266666,0.7039826925198236,0.7982447916133333,0.45039871737333337,0.5496012826266666,0.6810079522430896,0.7954260107833334,0.4574448691,0.5425551309000001,0.6532671665151915,0.7583903818333333,0.51042945625,0.027673375413333423,,,,,,,,,,,,,ok,0,True
S-norm_K-4_C-0_W-20_Col-15,epoch_0003,3,normalized,add_proj,0.12,0.08,64,4,4.0,0.0,20.0,15.0,0.0,0.0,0.0,5,False,3|5|7|15,64,64,108,0.0002,8,1,1,0.7049060226281483,0.7905989994533332,0.45362665220000004,0.5463733477999999,0.7049060226281483,0.7905989994533332,0.45362665220000004,0.5463733477999999,0.68254834095637,0.7870980679333335,0.460797448,0.539202552,0.6553439858059089,0.748283451,0.5147963477499999,0.027673375413333423,,,,,,,,,,,,,ok,0,True
S-norm_K-4_C-0_W-20_Col-15,epoch_0004,4,normalized,add_proj,0.12,0.08,64,4,4.0,0.0,20.0,15.0,0.0,0.0,0.0,5,False,3|5|7|15,64,64,108,0.0002,8,1,1,0.705857551376025,0.7805142343866666,0.46531119048,0.53468880952,0.705857551376025,0.7805142343866666,0.46531119048,0.53468880952,0.6847203622758389,0.7765929540833333,0.4724268391833334,0.5275731608166666,0.6560249696175258,0.7412626560000001,0.5170353654166667,0.027673375413333423,,,,,,,,,,,,,ok,0,True
S-norm_K-4_C-0_W-20_Col-15,epoch_0005,5,normalized,add_proj,0.12,0.08,64,4,4.0,0.0,20.0,15.0,0.0,0.0,0.0,5,False,3|5|7|15,64,64,108,0.0002,8,1,1,0.7072145010232924,0.7749517860933333,0.4719883075733333,0.5280116924266667,0.7072145010232924,0.7749517860933333,0.4719883075733333,0.5280116924266667,0.6869416452944279,0.7711065115666668,0.47904012985,0.52095987015,0.6575135936339697,0.7336774860833333,0.52883623525,0.027673375413333423,,,,,,,,,,,,,ok,0,True
S-norm_K-4_C-0_W-20_Col-15,epoch_0006,6,normalized,add_proj,0.12,0.08,64,4,4.0,0.0,20.0,15.0,0.0,0.0,0.0,5,False,3|5|7|15,64,64,108,0.0002,8,1,1,0.7086345843474069,0.7725479833866666,0.4745560441466667,0.5254439558533333,0.7086345843474069,0.7725479833866666,0.4745560441466667,0.5254439558533333,0.688535483777523,0.7685510767,0.4815154859333333,0.5184845140666667,0.6585633118947347,0.7258907906666667,0.5360866030833333,0.027673375413333423,,,,,,,,,,,,,ok,0,True
S-norm_K-4_C-0_W-20_Col-15,epoch_0007,7,normalized,add_proj,0.12,0.08,64,4,4.0,0.0,20.0,15.0,0.0,0.0,0.0,5,False,3|5|7|15,64,64,108,0.0002,8,1,1,0.7112624506553015,0.7731143217733334,0.47345749938666665,0.5265425006133333,0.7112624506553015,0.7731143217733334,0.47345749938666665,0.5265425006133333,0.6913998455305894,0.7688890225,0.4809421440333333,0.5190578559666668,0.660225755472978,0.7256961553333333,0.5305585931666666,0.027673375413333423,,,,,,,,,,,,,ok,0,True
S-norm_K-4_C-0_W-20_Col-15,epoch_0008,8,normalized,add_proj,0.12,0.08,64,4,4.0,0.0,20.0,15.0,0.0,0.0,0.0,5,False,3|5|7|15,64,64,108,0.0002,8,1,1,0.7107553629875183,0.7685479846133333,0.47635281234666654,0.5236471876533335,0.7107553629875183,0.7685479846133333,0.47635281234666654,0.5236471876533335,0.6914816834529242,0.7643915714333333,0.4840651633833334,0.5159348366166666,0.6605729269484679,0.72379181875,0.5281401016666667,0.027673375413333423,,,,,,,,,,,,,ok,0,True
S-norm_K-4_C-2_W-10_Col-0,,,normalized,,,,,,4.0,2.0,10.0,0.0,,,,,,,,,,,,,,,,,,,,,,,,,,,,,,,,,,,,,,,,,,config_only,,False
S-norm_K-4_C-2_W-10_Col-0,epoch_0001,1,normalized,add_proj,0.12,0.08,64,4,4.0,2.0,10.0,0.0,0.0,0.0,0.0,5,False,3|5|7|15,64,64,108,0.0002,8,1,1,0.6738682343959809,0.8981682294800001,0.330472324,0.669527676,0.6738682343959809,0.8981682294800001,0.330472324,0.669527676,0.6379633469382922,0.8963995637666665,0.3351926213666666,0.6648073786333334,0.5934551047782104,0.8889031756666668,0.3198391874166666,-0.007083288680000022,,,,,,,,,,,,,ok,0,True
S-norm_K-4_C-2_W-10_Col-0,epoch_0002,2,normalized,add_proj,0.12,0.08,64,4,4.0,2.0,10.0,0.0,0.0,0.0,0.0,5,False,3|5|7|15,64,64,108,0.0002,8,1,1,0.675953414162,0.9016792624533333,0.3226445434533333,0.6773554565466666,0.675953414162,0.9016792624533333,0.3226445434533333,0.6773554565466666,0.6399778690437476,0.8996666123500001,0.3289956548833333,0.6710043451166667,0.5964906016985575,0.88966053075,0.32190532175000003,-0.007083288680000022,,,,,,,,,,,,,ok,0,True
S-norm_K-4_C-2_W-10_Col-0,epoch_0003,3,normalized,add_proj,0.12,0.08,64,4,4.0,2.0,10.0,0.0,0.0,0.0,0.0,5,False,3|5|7|15,64,64,108,0.0002,8,1,1,0.6774972064495087,0.9022507178000001,0.32338903531999996,0.67661096468,0.6774972064495087,0.9022507178000001,0.32338903531999996,0.67661096468,0.6414465078711511,0.9000370713999999,0.33062964888333335,0.6693703511166667,0.5987118760744731,0.8891936183333333,0.3237320688333334,-0.007083288680000022,,,,,,,,,,,,,ok,0,True
S-norm_K-4_C-2_W-10_Col-0,epoch_0004,4,normalized,add_proj,0.12,0.08,64,4,4.0,2.0,10.0,0.0,0.0,0.0,0.0,5,False,3|5|7|15,64,64,108,0.0002,8,1,1,0.6800557765165965,0.9013276453466668,0.32523629521333336,0.6747637047866666,0.6800557765165965,0.9013276453466668,0.32523629521333336,0.6747637047866666,0.644460723300775,0.8988030042,0.33319813198333337,0.6668018680166666,0.6029944154123466,0.8858592340833333,0.3313932166666667,-0.007083288680000022,,,,,,,,,,,,,ok,0,True
S-norm_K-4_C-2_W-10_Col-0,epoch_0005,5,normalized,add_proj,0.12,0.08,64,4,4.0,2.0,10.0,0.0,0.0,0.0,0.0,5,False,3|5|7|15,64,64,108,0.0002,8,1,1,0.6819263921181363,0.89895558476,0.3279249347733333,0.6720750652266667,0.6819263921181363,0.89895558476,0.3279249347733333,0.6720750652266667,0.646643226693074,0.8959234581333332,0.33576228316666656,0.6642377168333334,0.6060925319790841,0.8810606805000001,0.3351645559166667,-0.007083288680000022,,,,,,,,,,,,,ok,0,True
S-norm_K-4_C-2_W-10_Col-0,epoch_0006,6,normalized,add_proj,0.12,0.08,64,4,4.0,2.0,10.0,0.0,0.0,0.0,0.0,5,False,3|5|7|15,64,64,108,0.0002,8,1,1,0.6820538716316225,0.9003971390800001,0.325208954,0.674791046,0.6820538716316225,0.9003971390800001,0.325208954,0.674791046,0.6465868535637855,0.8974361425333335,0.33304842870000007,0.6669515712999999,0.6064315100510915,0.8826617325833332,0.33443989475,-0.007083288680000022,,,,,,,,,,,,,ok,0,True
S-norm_K-4_C-2_W-10_Col-0,epoch_0007,7,normalized,add_proj,0.12,0.08,64,4,4.0,2.0,10.0,0.0,0.0,0.0,0.0,5,False,3|5|7|15,64,64,108,0.0002,8,1,1,0.6809548540910084,0.9016801672133333,0.32572785435999996,0.67427214564,0.6809548540910084,0.9016801672133333,0.32572785435999996,0.67427214564,0.6450309216976166,0.8989107822666667,0.33369120905,0.6663087909500001,0.6035746929546197,0.8867992544166666,0.3306519118333333,-0.007083288680000022,,,,,,,,,,,,,ok,0,True
S-norm_K-4_C-2_W-10_Col-0,epoch_0008,8,normalized,add_proj,0.12,0.08,64,4,4.0,2.0,10.0,0.0,0.0,0.0,0.0,5,False,3|5|7|15,64,64,108,0.0002,8,1,1,0.6818164379199346,0.8988271312133334,0.3329872954133334,0.6670127045866666,0.6818164379199346,0.8988271312133334,0.3329872954133334,0.6670127045866666,0.6461420163015525,0.8958161086,0.34123458638333337,0.6587654136166666,0.6046691966553529,0.8833500711666665,0.33318858491666664,-0.007083288680000022,,,,,,,,,,,,,ok,0,True
S-norm_K-4_C-2_W-10_Col-15,,,normalized,,,,,,4.0,2.0,10.0,15.0,,,,,,,,,,,,,,,,,,,,,,,,,,,,,,,,,,,,,,,,,,config_only,,False
S-norm_K-4_C-2_W-10_Col-15,epoch_0001,1,normalized,add_proj,0.12,0.08,64,4,4.0,2.0,10.0,15.0,0.0,0.0,0.0,5,False,3|5|7|15,64,64,108,0.0002,8,1,1,0.6938656165599822,0.8612168290666667,0.3935310841466667,0.6064689158533333,0.6938656165599822,0.8612168290666667,0.3935310841466667,0.6064689158533333,0.662785298426946,0.8585485914166666,0.4018851064500001,0.5981148935499999,0.6414816409349442,0.8137227210833333,0.4570240785833333,0.01430247185333322,,,,,,,,,,,,,ok,0,True
S-norm_K-4_C-2_W-10_Col-15,epoch_0002,2,normalized,add_proj,0.12,0.08,64,4,4.0,2.0,10.0,15.0,0.0,0.0,0.0,5,False,3|5|7|15,64,64,108,0.0002,8,1,1,0.6945825992027918,0.8550993837733334,0.3968079748933333,0.6031920251066667,0.6945825992027918,0.8550993837733334,0.3968079748933333,0.6031920251066667,0.6639952924350897,0.8521367621833333,0.40496747173333325,0.5950325282666667,0.640064002821843,0.81192142475,0.4505045988333334,0.01430247185333322,,,,,,,,,,,,,ok,0,True
S-norm_K-4_C-2_W-10_Col-15,epoch_0003,3,normalized,add_proj,0.12,0.08,64,4,4.0,2.0,10.0,15.0,0.0,0.0,0.0,5,False,3|5|7|15,64,64,108,0.0002,8,1,1,0.6980499155521394,0.8447555980133332,0.40783355599999993,0.5921664440000001,0.6980499155521394,0.8447555980133332,0.40783355599999993,0.5921664440000001,0.6685219880938529,0.8412878403499999,0.41671376533333326,0.5832862346666667,0.6461456892391045,0.7975340119166666,0.47928104174999997,0.01430247185333322,,,,,,,,,,,,,ok,0,True
S-norm_K-4_C-2_W-10_Col-15,epoch_0004,4,normalized,add_proj,0.12,0.08,64,4,4.0,2.0,10.0,15.0,0.0,0.0,0.0,5,False,3|5|7|15,64,64,108,0.0002,8,1,1,0.6980342257817587,0.8416942763999999,0.40906109942666674,0.5909389005733332,0.6980342257817587,0.8416942763999999,0.40906109942666674,0.5909389005733332,0.6686087622245152,0.8382357999166666,0.41760662466666665,0.5823933753333334,0.6429844933251541,0.7962521575833333,0.47700941966666666,0.01430247185333322,,,,,,,,,,,,,ok,0,True
S-norm_K-4_C-2_W-10_Col-15,epoch_0005,5,normalized,add_proj,0.12,0.08,64,4,4.0,2.0,10.0,15.0,0.0,0.0,0.0,5,False,3|5|7|15,64,64,108,0.0002,8,1,1,0.6990234120289485,0.8313703744133335,0.41826920700000003,0.581730793,0.6990234120289485,0.8313703744133335,0.41826920700000003,0.581730793,0.6706877214213213,0.8274035960333335,0.4268488216666667,0.5731511783333333,0.6441109403967857,0.7844303151666666,0.48317209875,0.01430247185333322,,,,,,,,,,,,,ok,0,True
S-norm_K-4_C-2_W-10_Col-15,epoch_0006,6,normalized,add_proj,0.12,0.08,64,4,4.0,2.0,10.0,15.0,0.0,0.0,0.0,5,False,3|5|7|15,64,64,108,0.0002,8,1,1,0.6998534182310103,0.8326447472933333,0.41789800364,0.58210199636,0.6998534182310103,0.8326447472933333,0.41789800364,0.58210199636,0.6714943045874436,0.8288028906000001,0.4262854234500001,0.5737145765499999,0.6447164083520571,0.7836157265833333,0.48836159358333336,0.01430247185333322,,,,,,,,,,,,,ok,0,True
S-norm_K-4_C-2_W-10_Col-15,epoch_0007,7,normalized,add_proj,0.12,0.08,64,4,4.0,2.0,10.0,15.0,0.0,0.0,0.0,5,False,3|5|7|15,64,64,108,0.0002,8,1,1,0.7005064674218496,0.8338454238266667,0.41773609064,0.5822639093599999,0.7005064674218496,0.8338454238266667,0.41773609064,0.5822639093599999,0.6720844411849975,0.8298677998166667,0.42640410455,0.57359589545,0.6451369014879068,0.7852623983333333,0.48433807566666665,0.01430247185333322,,,,,,,,,,,,,ok,0,True
S-norm_K-4_C-2_W-10_Col-15,epoch_0008,8,normalized,add_proj,0.12,0.08,64,4,4.0,2.0,10.0,15.0,0.0,0.0,0.0,5,False,3|5|7|15,64,64,108,0.0002,8,1,1,0.7007919261058173,0.8279218199999999,0.4214990190666667,0.5785009809333332,0.7007919261058173,0.8279218199999999,0.4214990190666667,0.5785009809333332,0.6728182705740134,0.8237273300333333,0.4301441451833333,0.5698558548166667,0.6451188758015632,0.778774672,0.48443743775000003,0.01430247185333322,,,,,,,,,,,,,ok,0,True
S-norm_K-4_C-2_W-20_Col-0,,,normalized,,,,,,4.0,2.0,20.0,0.0,,,,,,,,,,,,,,,,,,,,,,,,,,,,,,,,,,,,,,,,,,config_only,,False
S-norm_K-4_C-2_W-20_Col-0,epoch_0001,1,normalized,add_proj,0.12,0.08,64,4,4.0,2.0,20.0,0.0,0.0,0.0,0.0,5,False,3|5|7|15,64,64,108,0.0002,8,1,1,0.6794155306418737,0.8941800519333333,0.3433981851466667,0.6566018148533332,0.6794155306418737,0.8941800519333333,0.3433981851466667,0.6566018148533332,0.6440556966761748,0.8916810999999999,0.34958292616666664,0.6504170738333334,0.6061803365747134,0.8777904905,0.34207919983333335,-0.007772968799999946,,,,,,,,,,,,,ok,0,True
S-norm_K-4_C-2_W-20_Col-0,epoch_0002,2,normalized,add_proj,0.12,0.08,64,4,4.0,2.0,20.0,0.0,0.0,0.0,0.0,5,False,3|5|7|15,64,64,108,0.0002,8,1,1,0.6820018790960312,0.8986878690933332,0.3372466093866666,0.6627533906133334,0.6820018790960312,0.8986878690933332,0.3372466093866666,0.6627533906133334,0.6463776752849422,0.8961872335499999,0.34522616251666666,0.6547738374833334,0.6098946273326874,0.8840447531666668,0.342810086,-0.007772968799999946,,,,,,,,,,,,,ok,0,True
S-norm_K-4_C-2_W-20_Col-0,epoch_0003,3,normalized,add_proj,0.12,0.08,64,4,4.0,2.0,20.0,0.0,0.0,0.0,0.0,5,False,3|5|7|15,64,64,108,0.0002,8,1,1,0.6829719491799672,0.8987509994266665,0.33562521634666675,0.6643747836533332,0.6829719491799672,0.8987509994266665,0.33562521634666675,0.6643747836533332,0.6474700562159221,0.8960836508833332,0.34373568053333337,0.6562643194666666,0.6097377603252729,0.885965737,0.3419814780833333,-0.007772968799999946,,,,,,,,,,,,,ok,0,True
S-norm_K-4_C-2_W-20_Col-0,epoch_0004,4,normalized,add_proj,0.12,0.08,64,4,4.0,2.0,20.0,0.0,0.0,0.0,0.0,5,False,3|5|7|15,64,64,108,0.0002,8,1,1,0.6874777479966481,0.8935568082800001,0.3431229035733333,0.6568770964266667,0.6874777479966481,0.8935568082800001,0.3431229035733333,0.6568770964266667,0.6529370243350665,0.8900494024666668,0.3520943830166667,0.6479056169833333,0.6179495066404342,0.875799019,0.3580122963333333,-0.007772968799999946,,,,,,,,,,,,,ok,0,True
S-norm_K-4_C-2_W-20_Col-0,epoch_0005,5,normalized,add_proj,0.12,0.08,64,4,4.0,2.0,20.0,0.0,0.0,0.0,0.0,5,False,3|5|7|15,64,64,108,0.0002,8,1,1,0.6907953672806423,0.8891861354266666,0.3495022192133333,0.6504977807866668,0.6907953672806423,0.8891861354266666,0.3495022192133333,0.6504977807866668,0.6569378444055716,0.8850768961333333,0.35882681834999997,0.64117318165,0.6226775512099265,0.8681425725833334,0.3705409926666667,-0.007772968799999946,,,,,,,,,,,,,ok,0,True
S-norm_K-4_C-2_W-20_Col-0,epoch_0006,6,normalized,add_proj,0.12,0.08,64,4,4.0,2.0,20.0,0.0,0.0,0.0,0.0,5,False,3|5|7|15,64,64,108,0.0002,8,1,1,0.6917410945892334,0.8885792470933334,0.3504870584666666,0.6495129415333334,0.6917410945892334,0.8885792470933334,0.3504870584666666,0.6495129415333334,0.6579580038785934,0.8842305124333334,0.36015782085,0.63984217915,0.6232917832831542,0.8653290513333334,0.3677819810833334,-0.007772968799999946,,,,,,,,,,,,,ok,0,True
S-norm_K-4_C-2_W-20_Col-0,epoch_0007,7,normalized,add_proj,0.12,0.08,64,4,4.0,2.0,20.0,0.0,0.0,0.0,0.0,5,False,3|5|7|15,64,64,108,0.0002,8,1,1,0.6923202776908874,0.8865463073333332,0.3573556405066667,0.6426443594933333,0.6923202776908874,0.8865463073333332,0.3573556405066667,0.6426443594933333,0.6585568247238796,0.8821354318666668,0.36741440451666674,0.6325855954833333,0.6238117744525273,0.8650229862500001,0.37047874950000004,-0.007772968799999946,,,,,,,,,,,,,ok,0,True
S-norm_K-4_C-2_W-20_Col-0,epoch_0008,8,normalized,add_proj,0.12,0.08,64,4,4.0,2.0,20.0,0.0,0.0,0.0,0.0,5,False,3|5|7|15,64,64,108,0.0002,8,1,1,0.693020580569903,0.8826174872,0.3615620704133334,0.6384379295866667,0.693020580569903,0.8826174872,0.3615620704133334,0.6384379295866667,0.6595653383433818,0.8779332109333333,0.37172848281666665,0.6282715171833333,0.6244792866210143,0.8627472020000001,0.37220678416666664,-0.007772968799999946,,,,,,,,,,,,,ok,0,True
S-norm_K-4_C-2_W-20_Col-15,,,normalized,,,,,,4.0,2.0,20.0,15.0,,,,,,,,,,,,,,,,,,,,,,,,,,,,,,,,,,,,,,,,,,config_only,,False
S-norm_K-4_C-2_W-20_Col-15,epoch_0001,1,normalized,add_proj,0.12,0.08,64,4,4.0,2.0,20.0,15.0,0.0,0.0,0.0,5,False,3|5|7|15,64,64,108,0.0002,8,1,1,0.6933396154244741,0.8618934573866666,0.3891793302266667,0.6108206697733334,0.6933396154244741,0.8618934573866666,0.3891793302266667,0.6108206697733334,0.6616418898105622,0.8588718169,0.39646784376666666,0.6035321562333333,0.6362411727507908,0.8221603169166666,0.4294109403333333,0.013977244253333354,,,,,,,,,,,,,ok,0,True
S-norm_K-4_C-2_W-20_Col-15,epoch_0002,2,normalized,add_proj,0.12,0.08,64,4,4.0,2.0,20.0,15.0,0.0,0.0,0.0,5,False,3|5|7|15,64,64,108,0.0002,8,1,1,0.6946719836791356,0.8579987672799999,0.38625076102666667,0.6137492389733333,0.6946719836791356,0.8579987672799999,0.38625076102666667,0.6137492389733333,0.6637231143812339,0.8547271441000002,0.39412622811666664,0.6058737718833334,0.636625732978185,0.8186946460833334,0.4328673395833333,0.013977244253333354,,,,,,,,,,,,,ok,0,True
S-norm_K-4_C-2_W-20_Col-15,epoch_0003,3,normalized,add_proj,0.12,0.08,64,4,4.0,2.0,20.0,15.0,0.0,0.0,0.0,5,False,3|5|7|15,64,64,108,0.0002,8,1,1,0.698235656817754,0.84319437956,0.40315657448000003,0.5968434255199999,0.698235656817754,0.84319437956,0.40315657448000003,0.5968434255199999,0.6689133752385776,0.8393415739,0.4118505930166667,0.5881494069833333,0.6425142285724481,0.8028209306666667,0.4598265166666667,0.013977244253333354,,,,,,,,,,,,,ok,0,True
S-norm_K-4_C-2_W-20_Col-15,epoch_0004,4,normalized,add_proj,0.12,0.08,64,4,4.0,2.0,20.0,15.0,0.0,0.0,0.0,5,False,3|5|7|15,64,64,108,0.0002,8,1,1,0.7019940985043843,0.8252273310666667,0.42358870382666663,0.5764112961733334,0.7019940985043843,0.8252273310666667,0.42358870382666663,0.5764112961733334,0.6745698203643162,0.8204120161,0.43268781484999996,0.56731218515,0.6483110492428144,0.7837929085833333,0.48035124441666666,0.013977244253333354,,,,,,,,,,,,,ok,0,True
S-norm_K-4_C-2_W-20_Col-15,epoch_0005,5,normalized,add_proj,0.12,0.08,64,4,4.0,2.0,20.0,15.0,0.0,0.0,0.0,5,False,3|5|7|15,64,64,108,0.0002,8,1,1,0.7036807063420614,0.8176378533466668,0.4323692131333333,0.5676307868666667,0.7036807063420614,0.8176378533466668,0.4323692131333333,0.5676307868666667,0.6771339088678359,0.8127161929166666,0.44122312888333326,0.5587768711166667,0.6504689877231915,0.7731603016666667,0.49611741616666666,0.013977244253333354,,,,,,,,,,,,,ok,0,True
S-norm_K-4_C-2_W-20_Col-15,epoch_0006,6,normalized,add_proj,0.12,0.08,64,4,4.0,2.0,20.0,15.0,0.0,0.0,0.0,5,False,3|5|7|15,64,64,108,0.0002,8,1,1,0.7054389340480169,0.8136192794133332,0.43836699346666674,0.5616330065333333,0.7054389340480169,0.8136192794133332,0.43836699346666674,0.5616330065333333,0.6793514712154867,0.8085741998333333,0.4474051838333333,0.5525948161666667,0.6530077554285526,0.7673734600833333,0.5045768688333334,0.013977244253333354,,,,,,,,,,,,,ok,0,True
S-norm_K-4_C-2_W-20_Col-15,epoch_0007,7,normalized,add_proj,0.12,0.08,64,4,4.0,2.0,20.0,15.0,0.0,0.0,0.0,5,False,3|5|7|15,64,64,108,0.0002,8,1,1,0.7054439378182095,0.8106360665866665,0.44139188039999994,0.5586081196000001,0.7054439378182095,0.8106360665866665,0.44139188039999994,0.5586081196000001,0.6798075235386689,0.8054547787166667,0.45082739600000005,0.549172604,0.6521105567614237,0.7655668948333333,0.50046187,0.013977244253333354,,,,,,,,,,,,,ok,0,True
S-norm_K-4_C-2_W-20_Col-15,epoch_0008,8,normalized,add_proj,0.12,0.08,64,4,4.0,2.0,20.0,15.0,0.0,0.0,0.0,5,False,3|5|7|15,64,64,108,0.0002,8,1,1,0.7053932184775671,0.8033742643600001,0.44471717296,0.55528282704,0.7053932184775671,0.8033742643600001,0.44471717296,0.55528282704,0.6804787936309974,0.7980348299666666,0.4539947413166667,0.5460052586833333,0.650788973023494,0.7604830882500001,0.4977214895,0.013977244253333354,,,,,,,,,,,,,ok,0,True
S-norm_K-4_C-5_W-10_Col-0,,,normalized,,,,,,4.0,5.0,10.0,0.0,,,,,,,,,,,,,,,,,,,,,,,,,,,,,,,,,,,,,,,,,,config_only,,False
S-norm_K-4_C-5_W-10_Col-0,epoch_0001,1,normalized,add_proj,0.12,0.08,64,4,4.0,5.0,10.0,0.0,0.0,0.0,0.0,5,False,3|5|7|15,64,64,108,0.0002,8,1,1,0.6722291306654613,0.8996090820133333,0.32853448244000005,0.67146551756,0.6722291306654613,0.8996090820133333,0.32853448244000005,0.67146551756,0.6362899260719617,0.8981807095333334,0.33385653903333334,0.6661434609666667,0.5899032729367415,0.8920644521666667,0.31370451275,-0.0018373739733333894,,,,,,,,,,,,,ok,0,True
S-norm_K-4_C-5_W-10_Col-0,epoch_0002,2,normalized,add_proj,0.12,0.08,64,4,4.0,5.0,10.0,0.0,0.0,0.0,0.0,5,False,3|5|7|15,64,64,108,0.0002,8,1,1,0.674890967210134,0.8973081805600001,0.3306175813466667,0.6693824186533333,0.674890967210134,0.8973081805600001,0.3306175813466667,0.6693824186533333,0.6396729306379954,0.8953737223833335,0.3362499042833333,0.6637500957166667,0.5954665263493856,0.8897563380833333,0.3222817906666666,-0.0018373739733333894,,,,,,,,,,,,,ok,0,True
S-norm_K-4_C-5_W-10_Col-0,epoch_0003,3,normalized,add_proj,0.12,0.08,64,4,4.0,5.0,10.0,0.0,0.0,0.0,0.0,5,False,3|5|7|15,64,64,108,0.0002,8,1,1,0.6761069864034652,0.8993036286799999,0.32669710846666666,0.6733028915333333,0.6761069864034652,0.8993036286799999,0.32669710846666666,0.6733028915333333,0.6409089988966782,0.8971140859,0.33350845758333336,0.6664915424166666,0.597107608616352,0.8895715204166665,0.32258508300000005,-0.0018373739733333894,,,,,,,,,,,,,ok,0,True
S-norm_K-4_C-5_W-10_Col-0,epoch_0004,4,normalized,add_proj,0.12,0.08,64,4,4.0,5.0,10.0,0.0,0.0,0.0,0.0,5,False,3|5|7|15,64,64,108,0.0002,8,1,1,0.6784755863348644,0.8998562209066665,0.32521332793333335,0.6747866720666666,0.6784755863348644,0.8998562209066665,0.32521332793333335,0.6747866720666666,0.6432530534267425,0.89731499355,0.33308283788333337,0.6669171621166666,0.6029031592110793,0.8854915153333333,0.33125711866666674,-0.0018373739733333894,,,,,,,,,,,,,ok,0,True
S-norm_K-4_C-5_W-10_Col-0,epoch_0005,5,normalized,add_proj,0.12,0.08,64,4,4.0,5.0,10.0,0.0,0.0,0.0,0.0,5,False,3|5|7|15,64,64,108,0.0002,8,1,1,0.6777963723341626,0.9011117719466667,0.3226354884133334,0.6773645115866667,0.6777963723341626,0.9011117719466667,0.3226354884133334,0.6773645115866667,0.642154362599055,0.8987700724666666,0.33014266771666667,0.6698573322833333,0.5996802898744742,0.8871896476666666,0.32370214408333337,-0.0018373739733333894,,,,,,,,,,,,,ok,0,True
S-norm_K-4_C-5_W-10_Col-0,epoch_0006,6,normalized,add_proj,0.12,0.08,64,4,4.0,5.0,10.0,0.0,0.0,0.0,0.0,5,False,3|5|7|15,64,64,108,0.0002,8,1,1,0.6779568397998809,0.8993677229733332,0.32530795166666665,0.6746920483333334,0.6779568397998809,0.8993677229733332,0.32530795166666665,0.6746920483333334,0.6425189039111139,0.8968855810499999,0.3322446390166667,0.6677553609833333,0.5998432266215483,0.8848058030833332,0.32522619983333334,-0.0018373739733333894,,,,,,,,,,,,,ok,0,True
S-norm_K-4_C-5_W-10_Col-0,epoch_0007,7,normalized,add_proj,0.12,0.08,64,4,4.0,5.0,10.0,0.0,0.0,0.0,0.0,5,False,3|5|7|15,64,64,108,0.0002,8,1,1,0.6782448115348817,0.90049116016,0.3228270934133333,0.6771729065866667,0.6782448115348817,0.90049116016,0.3228270934133333,0.6771729065866667,0.6426098674535751,0.8981572527666668,0.3299999316833334,0.6700000683166666,0.6002984531223774,0.8861722504999999,0.3253869761666667,-0.0018373739733333894,,,,,,,,,,,,,ok,0,True
S-norm_K-4_C-5_W-10_Col-0,epoch_0008,8,normalized,add_proj,0.12,0.08,64,4,4.0,5.0,10.0,0.0,0.0,0.0,0.0,5,False,3|5|7|15,64,64,108,0.0002,8,1,1,0.678622574408849,0.8988278708533332,0.32922677151999996,0.6707732284800001,0.678622574408849,0.8988278708533332,0.32922677151999996,0.6707732284800001,0.643087770541509,0.8962647228666667,0.33670715604999996,0.6632928439500001,0.6001543521881104,0.8855000655,0.32779802925,-0.0018373739733333894,,,,,,,,,,,,,ok,0,True
S-norm_K-4_C-5_W-10_Col-15,,,normalized,,,,,,4.0,5.0,10.0,15.0,,,,,,,,,,,,,,,,,,,,,,,,,,,,,,,,,,,,,,,,,,config_only,,False
S-norm_K-4_C-5_W-10_Col-15,epoch_0001,1,normalized,add_proj,0.12,0.08,64,4,4.0,5.0,10.0,15.0,0.0,0.0,0.0,5,False,3|5|7|15,64,64,108,0.0002,8,1,1,0.6880855573415756,0.8727412320000001,0.3784336610133333,0.6215663389866667,0.6880855573415756,0.8727412320000001,0.3784336610133333,0.6215663389866667,0.6551042520503202,0.8698810794,0.3872257396166666,0.6127742603833334,0.6326611451804638,0.8323086421666666,0.42488906975,0.01111991130666673,,,,,,,,,,,,,ok,0,True
S-norm_K-4_C-5_W-10_Col-15,epoch_0002,2,normalized,add_proj,0.12,0.08,64,4,4.0,5.0,10.0,15.0,0.0,0.0,0.0,5,False,3|5|7|15,64,64,108,0.0002,8,1,1,0.6902788083155948,0.8684182304666667,0.38408981180000007,0.6159101882,0.6902788083155948,0.8684182304666667,0.38408981180000007,0.6159101882,0.6579332103828589,0.8654243580833333,0.39245375526666665,0.6075462447333333,0.632918751736482,0.8262087945000001,0.43567527875,0.01111991130666673,,,,,,,,,,,,,ok,0,True
S-norm_K-4_C-5_W-10_Col-15,epoch_0003,3,normalized,add_proj,0.12,0.08,64,4,4.0,5.0,10.0,15.0,0.0,0.0,0.0,5,False,3|5|7|15,64,64,108,0.0002,8,1,1,0.6923850153287251,0.8635102838000001,0.38955357232000004,0.6104464276799999,0.6923850153287251,0.8635102838000001,0.38955357232000004,0.6104464276799999,0.6606745994091032,0.8605544775166667,0.39817381483333336,0.6018261851666666,0.636393471310536,0.81892321925,0.45181629516666666,0.01111991130666673,,,,,,,,,,,,,ok,0,True
S-norm_K-4_C-5_W-10_Col-15,epoch_0004,4,normalized,add_proj,0.12,0.08,64,4,4.0,5.0,10.0,15.0,0.0,0.0,0.0,5,False,3|5|7|15,64,64,108,0.0002,8,1,1,0.693179039676984,0.8584359268,0.39134438741333333,0.6086556125866667,0.693179039676984,0.8584359268,0.39134438741333333,0.6086556125866667,0.6620466103653115,0.8554677287833332,0.3997120350166667,0.6002879649833333,0.6371078493694464,0.81282528475,0.45363093758333334,0.01111991130666673,,,,,,,,,,,,,ok,0,True
S-norm_K-4_C-5_W-10_Col-15,epoch_0005,5,normalized,add_proj,0.12,0.08,64,4,4.0,5.0,10.0,15.0,0.0,0.0,0.0,5,False,3|5|7|15,64,64,108,0.0002,8,1,1,0.6945005519390106,0.8514992109333334,0.40011343872,0.59988656128,0.6945005519390106,0.8514992109333334,0.40011343872,0.59988656128,0.6642612958947817,0.8484855487166667,0.40854174463333326,0.5914582553666667,0.6394589516023795,0.804655176,0.4657849165833333,0.01111991130666673,,,,,,,,,,,,,ok,0,True
S-norm_K-4_C-5_W-10_Col-15,epoch_0006,6,normalized,add_proj,0.12,0.08,64,4,4.0,5.0,10.0,15.0,0.0,0.0,0.0,5,False,3|5|7|15,64,64,108,0.0002,8,1,1,0.6942046834230423,0.8517922888266667,0.3978787966399999,0.6021212033600001,0.6942046834230423,0.8517922888266667,0.3978787966399999,0.6021212033600001,0.6637491009136041,0.8485299375666667,0.4058635509666666,0.5941364490333334,0.6378947307666143,0.8051138490833334,0.458776208,0.01111991130666673,,,,,,,,,,,,,ok,0,True
S-norm_K-4_C-5_W-10_Col-15,epoch_0007,7,normalized,add_proj,0.12,0.08,64,4,4.0,5.0,10.0,15.0,0.0,0.0,0.0,5,False,3|5|7|15,64,64,108,0.0002,8,1,1,0.694978652437528,0.8500834102933332,0.40199287922666654,0.5980071207733335,0.694978652437528,0.8500834102933332,0.40199287922666654,0.5980071207733335,0.6646077524125575,0.8466884782666666,0.4099360194,0.5900639806,0.6385475190977257,0.8043737950833334,0.46167795966666664,0.01111991130666673,,,,,,,,,,,,,ok,0,True
S-norm_K-4_C-5_W-10_Col-15,epoch_0008,8,normalized,add_proj,0.12,0.08,64,4,4.0,5.0,10.0,15.0,0.0,0.0,0.0,5,False,3|5|7|15,64,64,108,0.0002,8,1,1,0.6953292479912442,0.8460308449333332,0.40640378553333334,0.5935962144666667,0.6953292479912442,0.8460308449333332,0.40640378553333334,0.5935962144666667,0.6654353437324365,0.8426448421666665,0.41428253815,0.5857174618500001,0.6376930942138036,0.8007521048333333,0.4622786651666667,0.01111991130666673,,,,,,,,,,,,,ok,0,True
S-norm_K-4_C-5_W-20_Col-0,,,normalized,,,,,,4.0,5.0,20.0,0.0,,,,,,,,,,,,,,,,,,,,,,,,,,,,,,,,,,,,,,,,,,config_only,,False
S-norm_K-4_C-5_W-20_Col-0,epoch_0001,1,normalized,add_proj,0.12,0.08,64,4,4.0,5.0,20.0,0.0,0.0,0.0,0.0,5,False,3|5|7|15,64,64,108,0.0002,8,1,1,0.675318686326345,0.8968385012266669,0.34440676344,0.65559323656,0.675318686326345,0.8968385012266669,0.34440676344,0.65559323656,0.6391796889901161,0.8946665292166667,0.3503227431333333,0.6496772568666667,0.5948912307620048,0.8879417716666665,0.32442029650000004,-0.01460122572,,,,,,,,,,,,,ok,0,True
S-norm_K-4_C-5_W-20_Col-0,epoch_0002,2,normalized,add_proj,0.12,0.08,64,4,4.0,5.0,20.0,0.0,0.0,0.0,0.0,5,False,3|5|7|15,64,64,108,0.0002,8,1,1,0.6777831527789435,0.8995731532400001,0.32739152404000005,0.67260847596,0.6777831527789435,0.8995731532400001,0.32739152404000005,0.67260847596,0.6422166244685651,0.8973376831666666,0.3341347869333333,0.6658652130666667,0.5982668293019135,0.8880397813333333,0.32302306641666667,-0.01460122572,,,,,,,,,,,,,ok,0,True
S-norm_K-4_C-5_W-20_Col-0,epoch_0003,3,normalized,add_proj,0.12,0.08,64,4,4.0,5.0,20.0,0.0,0.0,0.0,0.0,5,False,3|5|7|15,64,64,108,0.0002,8,1,1,0.681125961780548,0.9007705731600001,0.32980553772,0.67019446228,0.681125961780548,0.9007705731600001,0.32980553772,0.67019446228,0.6455058265725773,0.8983307250833334,0.33791863791666665,0.6620813620833333,0.6053912130494913,0.8869461945833333,0.3362596234166667,-0.01460122572,,,,,,,,,,,,,ok,0,True
S-norm_K-4_C-5_W-20_Col-0,epoch_0004,4,normalized,add_proj,0.12,0.08,64,4,4.0,5.0,20.0,0.0,0.0,0.0,0.0,5,False,3|5|7|15,64,64,108,0.0002,8,1,1,0.6838897376855213,0.8960189414266668,0.33905463278666675,0.6609453672133332,0.6838897376855213,0.8960189414266668,0.33905463278666675,0.6609453672133332,0.649125275015831,0.8928837405333334,0.34836220413333335,0.6516377958666666,0.6096402168273926,0.8811778518333333,0.3457797566666666,-0.01460122572,,,,,,,,,,,,,ok,0,True
S-norm_K-4_C-5_W-20_Col-0,epoch_0005,5,normalized,add_proj,0.12,0.08,64,4,4.0,5.0,20.0,0.0,0.0,0.0,0.0,5,False,3|5|7|15,64,64,108,0.0002,8,1,1,0.6859294207890829,0.8925661865866669,0.34033873781333335,0.6596612621866667,0.6859294207890829,0.8925661865866669,0.34033873781333335,0.6596612621866667,0.6515895050764084,0.8888762258833334,0.3496901566333333,0.6503098433666668,0.6134139604866504,0.8742135788333333,0.3525093984166667,-0.01460122572,,,,,,,,,,,,,ok,0,True
S-norm_K-4_C-5_W-20_Col-0,epoch_0006,6,normalized,add_proj,0.12,0.08,64,4,4.0,5.0,20.0,0.0,0.0,0.0,0.0,5,False,3|5|7|15,64,64,108,0.0002,8,1,1,0.6872727271318435,0.8916699301466667,0.34293718557333336,0.6570628144266666,0.6872727271318435,0.8916699301466667,0.34293718557333336,0.6570628144266666,0.6530295171837012,0.8877555426000001,0.35270436976666664,0.6472956302333334,0.6151516678432624,0.8727581313333334,0.3568473428333333,-0.01460122572,,,,,,,,,,,,,ok,0,True
S-norm_K-4_C-5_W-20_Col-0,epoch_0007,7,normalized,add_proj,0.12,0.08,64,4,4.0,5.0,20.0,0.0,0.0,0.0,0.0,5,False,3|5|7|15,64,64,108,0.0002,8,1,1,0.6871692965030671,0.8921788767999999,0.34575952856000003,0.65424047144,0.6871692965030671,0.8921788767999999,0.34575952856000003,0.65424047144,0.6527187717954319,0.8883229988333333,0.35575961401666667,0.6442403859833333,0.6139062749842803,0.8760121515,0.35413364525,-0.01460122572,,,,,,,,,,,,,ok,0,True
S-norm_K-4_C-5_W-20_Col-0,epoch_0008,8,normalized,add_proj,0.12,0.08,64,4,4.0,5.0,20.0,0.0,0.0,0.0,0.0,5,False,3|5|7|15,64,64,108,0.0002,8,1,1,0.6881202028592428,0.8875261791333334,0.3534345571333333,0.6465654428666667,0.6881202028592428,0.8875261791333334,0.3534345571333333,0.6465654428666667,0.6538664998610815,0.8832465201500002,0.3635165978,0.6364834022,0.614722953736782,0.8716997698333334,0.35779152616666665,-0.01460122572,,,,,,,,,,,,,ok,0,True
S-norm_K-4_C-5_W-20_Col-15,,,normalized,,,,,,4.0,5.0,20.0,15.0,,,,,,,,,,,,,,,,,,,,,,,,,,,,,,,,,,,,,,,,,,config_only,,False
S-norm_K-4_C-5_W-20_Col-15,epoch_0001,1,normalized,add_proj,0.12,0.08,64,4,4.0,5.0,20.0,15.0,0.0,0.0,0.0,5,False,3|5|7|15,64,64,108,0.0002,8,1,1,0.6912525975306828,0.8741463345466666,0.3759509738,0.6240490262,0.6912525975306828,0.8741463345466666,0.3759509738,0.6240490262,0.6589425320923329,0.87101667185,0.38510099015,0.61489900985,0.6344499222934246,0.8362918490833333,0.421712416,0.018739545053333362,,,,,,,,,,,,,ok,0,True
S-norm_K-4_C-5_W-20_Col-15,epoch_0002,2,normalized,add_proj,0.12,0.08,64,4,4.0,5.0,20.0,15.0,0.0,0.0,0.0,5,False,3|5|7|15,64,64,108,0.0002,8,1,1,0.6897269772291185,0.8699743673333334,0.37761388744,0.62238611256,0.6897269772291185,0.8699743673333334,0.37761388744,0.62238611256,0.6572848152617615,0.8666488746833334,0.3861546125666667,0.6138453874333333,0.6286108737190564,0.83373810375,0.4126828143333333,0.018739545053333362,,,,,,,,,,,,,ok,0,True
S-norm_K-4_C-5_W-20_Col-15,epoch_0003,3,normalized,add_proj,0.12,0.08,64,4,4.0,5.0,20.0,15.0,0.0,0.0,0.0,5,False,3|5|7|15,64,64,108,0.0002,8,1,1,0.6941229219834011,0.85514695176,0.39469051885333334,0.6053094811466666,0.6941229219834011,0.85514695176,0.39469051885333334,0.6053094811466666,0.6634825390080611,0.8512568409833333,0.4046638509666667,0.5953361490333333,0.6380362244943778,0.8138444492499999,0.4424442324166667,0.018739545053333362,,,,,,,,,,,,,ok,0,True
S-norm_K-4_C-5_W-20_Col-15,epoch_0004,4,normalized,add_proj,0.12,0.08,64,4,4.0,5.0,20.0,15.0,0.0,0.0,0.0,5,False,3|5|7|15,64,64,108,0.0002,8,1,1,0.6961133314768473,0.8509583738933333,0.3974290350266667,0.6025709649733333,0.6961133314768473,0.8509583738933333,0.3974290350266667,0.6025709649733333,0.6658162117004395,0.8469251719833333,0.40723226688333336,0.5927677331166666,0.6401781685650348,0.810103503,0.4491901036666667,0.018739545053333362,,,,,,,,,,,,,ok,0,True
S-norm_K-4_C-5_W-20_Col-15,epoch_0005,5,normalized,add_proj,0.12,0.08,64,4,4.0,5.0,20.0,15.0,0.0,0.0,0.0,5,False,3|5|7|15,64,64,108,0.0002,8,1,1,0.6982338300148646,0.8409598179866667,0.40774435717333335,0.5922556428266667,0.6982338300148646,0.8409598179866667,0.40774435717333335,0.5922556428266667,0.668764292150736,0.8363277338166668,0.4176009008166666,0.5823990991833334,0.6437532573938369,0.7952883499166666,0.4680785136666667,0.018739545053333362,,,,,,,,,,,,,ok,0,True
S-norm_K-4_C-5_W-20_Col-15,epoch_0006,6,normalized,add_proj,0.12,0.08,64,4,4.0,5.0,20.0,15.0,0.0,0.0,0.0,5,False,3|5|7|15,64,64,108,0.0002,8,1,1,0.6991672854820886,0.8429861315333333,0.40684824054666663,0.5931517594533333,0.6991672854820886,0.8429861315333333,0.40684824054666663,0.5931517594533333,0.66968607639273,0.8385032075500002,0.4164525116666667,0.5835474883333334,0.6452285841107368,0.7971716587500001,0.471445271,0.018739545053333362,,,,,,,,,,,,,ok,0,True
S-norm_K-4_C-5_W-20_Col-15,epoch_0007,7,normalized,add_proj,0.12,0.08,64,4,4.0,5.0,20.0,15.0,0.0,0.0,0.0,5,False,3|5|7|15,64,64,108,0.0002,8,1,1,0.6998998390038806,0.83928507456,0.41239874343999994,0.5876012565600001,0.6998998390038806,0.83928507456,0.41239874343999994,0.5876012565600001,0.670959521830082,0.8347117265499999,0.4222268283499999,0.5777731716500001,0.644339173535506,0.7952030505000001,0.4694409791666666,0.018739545053333362,,,,,,,,,,,,,ok,0,True
S-norm_K-4_C-5_W-20_Col-15,epoch_0008,8,normalized,add_proj,0.12,0.08,64,4,4.0,5.0,20.0,15.0,0.0,0.0,0.0,5,False,3|5|7|15,64,64,108,0.0002,8,1,1,0.6999667751789092,0.8304236200399998,0.41877071318666664,0.5812292868133333,0.6999667751789092,0.8304236200399998,0.41877071318666664,0.5812292868133333,0.6717410480976104,0.8256707469833332,0.42857972019999996,0.5714202798000001,0.6450782716274261,0.7861693845000001,0.4737193591666667,0.018739545053333362,,,,,,,,,,,,,ok,0,True
S-norm_K-5_C-5_W-15_Col-15,,,normalized,add_proj,0.12,0.08,64,4,5.0,5.0,15.0,15.0,0.0,0.0,0.0,5,False,3|5|7|15,64,64,32,5e-05,20,1,0.5,,,,,,,,,,,,,,,,,,,,,,,,,,,,,config_only,,False
S-norm_K-5_C-5_W-15_Col-15,epoch_0001,1,normalized,add_proj,0.12,0.08,64,4,5.0,5.0,15.0,15.0,0.0,0.0,0.0,5,False,3|5|7|15,64,64,32,5e-05,20,1,0.5,0.6879459590117137,0.86588020872,0.37545324995999996,0.62454675004,0.6879459590117137,0.86588020872,0.37545324995999996,0.62454675004,0.655732958316803,0.8632047296833335,0.38234353123333337,0.6176564687666666,0.6311244448026021,0.8161998938333332,0.4195244834166667,0.0187602040933334,,,,,,,,,,,,,ok,0,True
S-norm_K-5_C-5_W-15_Col-15,epoch_0002,2,normalized,add_proj,0.12,0.08,64,4,5.0,5.0,15.0,15.0,0.0,0.0,0.0,5,False,3|5|7|15,64,64,32,5e-05,20,1,0.5,0.6914748812516529,0.8596490340799999,0.3912134841733333,0.6087865158266668,0.6914748812516529,0.8596490340799999,0.3912134841733333,0.6087865158266668,0.6600528691212335,0.8560578669000002,0.3994299397166667,0.6005700602833333,0.6346126745144526,0.8125132128333333,0.43799765475,0.0187602040933334,,,,,,,,,,,,,ok,0,True
S-norm_K-5_C-5_W-15_Col-15,epoch_0003,3,normalized,add_proj,0.12,0.08,64,4,5.0,5.0,15.0,15.0,0.0,0.0,0.0,5,False,3|5|7|15,64,64,32,5e-05,20,1,0.5,0.6924984270731609,0.8573126893066666,0.39421345405333336,0.6057865459466667,0.6924984270731609,0.8573126893066666,0.39421345405333336,0.6057865459466667,0.6613166260719299,0.8537074741000001,0.40273602058333335,0.5972639794166666,0.6361678222815196,0.8117177017499999,0.4430663800833333,0.0187602040933334,,,,,,,,,,,,,ok,0,True
S-norm_K-5_C-5_W-15_Col-15,epoch_0004,4,normalized,add_proj,0.12,0.08,64,4,5.0,5.0,15.0,15.0,0.0,0.0,0.0,5,False,3|5|7|15,64,64,32,5e-05,20,1,0.5,0.6935449544588724,0.8552340756933334,0.3957322469066667,0.6042677530933334,0.6935449544588724,0.8552340756933334,0.3957322469066667,0.6042677530933334,0.6623932257294655,0.851508293,0.40421720675,0.5957827932499999,0.6378001819054285,0.8092101226666667,0.44728994816666656,0.0187602040933334,,,,,,,,,,,,,ok,0,True
S-norm_K-5_C-5_W-15_Col-15,epoch_0005,5,normalized,add_proj,0.12,0.08,64,4,5.0,5.0,15.0,15.0,0.0,0.0,0.0,5,False,3|5|7|15,64,64,32,5e-05,20,1,0.5,0.694819271882375,0.8515632877599999,0.39973580079999993,0.6002641992000001,0.694819271882375,0.8515632877599999,0.39973580079999993,0.6002641992000001,0.6641643663247427,0.8478945117166667,0.4080745185333333,0.5919254814666667,0.6387445266048114,0.8056607563333332,0.45313680008333335,0.0187602040933334,,,,,,,,,,,,,ok,0,True
S-norm_K-5_C-5_W-15_Col-15,epoch_0006,6,normalized,add_proj,0.12,0.08,64,4,5.0,5.0,15.0,15.0,0.0,0.0,0.0,5,False,3|5|7|15,64,64,32,5e-05,20,1,0.5,0.6953327694733937,0.8503618063733334,0.40152487640000006,0.5984751235999999,0.6953327694733937,0.8503618063733334,0.40152487640000006,0.5984751235999999,0.6648534199595452,0.8466976607833334,0.40990193745000003,0.59009806255,0.6405368439853191,0.8042319525,0.45462841275000004,0.0187602040933334,,,,,,,,,,,,,ok,0,True
S-norm_K-5_C-5_W-15_Col-15,epoch_0007,7,normalized,add_proj,0.12,0.08,64,4,5.0,5.0,15.0,15.0,0.0,0.0,0.0,5,False,3|5|7|15,64,64,32,5e-05,20,1,0.5,0.6955239026149114,0.8503556029466667,0.40125282300000004,0.5987471769999999,0.6955239026149114,0.8503556029466667,0.40125282300000004,0.5987471769999999,0.665085199723641,0.8468391604333334,0.40967611663333336,0.5903238833666666,0.6403758416573208,0.8053274374166666,0.45294655058333333,0.0187602040933334,,,,,,,,,,,,,ok,0,True
S-norm_K-5_C-5_W-15_Col-15,epoch_0008,8,normalized,add_proj,0.12,0.08,64,4,5.0,5.0,15.0,15.0,0.0,0.0,0.0,5,False,3|5|7|15,64,64,32,5e-05,20,1,0.5,0.6962028457721076,0.8489806661066668,0.40214415788,0.59785584212,0.6962028457721076,0.8489806661066668,0.40214415788,0.59785584212,0.6658123698333901,0.8452525307500001,0.41057431634999997,0.58942568365,0.6415886993209521,0.8029455731666667,0.4547520408333333,0.0187602040933334,,,,,,,,,,,,,ok,0,True
S-norm_K-5_C-5_W-15_Col-15,epoch_0009,9,normalized,add_proj,0.12,0.08,64,4,5.0,5.0,15.0,15.0,0.0,0.0,0.0,5,False,3|5|7|15,64,64,32,5e-05,20,1,0.5,0.6970184428294499,0.8470516427199999,0.4036374646133333,0.5963625353866667,0.6970184428294499,0.8470516427199999,0.4036374646133333,0.5963625353866667,0.666945728311936,0.8433221440666667,0.4120743359,0.5879256641,0.641890891889731,0.8009741868333333,0.45795811466666664,0.0187602040933334,,,,,,,,,,,,,ok,0,True
S-norm_K-5_C-5_W-15_Col-15,epoch_0010,10,normalized,add_proj,0.12,0.08,64,4,5.0,5.0,15.0,15.0,0.0,0.0,0.0,5,False,3|5|7|15,64,64,32,5e-05,20,1,0.5,0.6982169516483943,0.84560898676,0.4056525203733334,0.5943474796266666,0.6982169516483943,0.84560898676,0.4056525203733334,0.5943474796266666,0.6683245087166626,0.8418649032000001,0.41414624708333336,0.5858537529166666,0.64319401755929,0.7981634360833333,0.46120001324999993,0.0187602040933334,,,,,,,,,,,,,ok,0,True
S-norm_K-5_C-5_W-15_Col-15,epoch_0011,11,normalized,add_proj,0.12,0.08,64,4,5.0,5.0,15.0,15.0,0.0,0.0,0.0,5,False,3|5|7|15,64,64,32,5e-05,20,1,0.5,0.693934013446172,0.8462998718533332,0.39868821008,0.60131178992,0.693934013446172,0.8462998718533332,0.39868821008,0.60131178992,0.6637915461262068,0.8430394335499999,0.4067270049166667,0.5932729950833333,0.6367489621043205,0.80190358975,0.44503431908333335,0.0187602040933334,,,,,,,,,,,,,ok,0,True
S-norm_K-5_C-5_W-15_Col-15,epoch_0012,12,normalized,add_proj,0.12,0.08,64,4,5.0,5.0,15.0,15.0,0.0,0.0,0.0,5,False,3|5|7|15,64,64,32,5e-05,20,1,0.5,0.6947374686400096,0.8449280703600001,0.4009164085333334,0.5990835914666666,0.6947374686400096,0.8449280703600001,0.4009164085333334,0.5990835914666666,0.6648737539847691,0.8418431438833334,0.4091493973833334,0.5908506026166667,0.6378303363919259,0.7995659414166666,0.4493767805833333,0.0187602040933334,,,,,,,,,,,,,ok,0,True
S-norm_K-5_C-5_W-15_Col-15,epoch_0013,13,normalized,add_proj,0.12,0.08,64,4,5.0,5.0,15.0,15.0,0.0,0.0,0.0,5,False,3|5|7|15,64,64,32,5e-05,20,1,0.5,0.6960432349443437,0.8444584989066667,0.4021999157333333,0.5978000842666666,0.6960432349443437,0.8444584989066667,0.4021999157333333,0.5978000842666666,0.6663231944541136,0.8411940608166667,0.41058275450000004,0.5894172455,0.638936048001051,0.7985983648333332,0.45160762641666663,0.0187602040933334,,,,,,,,,,,,,ok,0,True
S-norm_K-5_C-5_W-15_Col-15,epoch_0014,14,normalized,add_proj,0.12,0.08,64,4,5.0,5.0,15.0,15.0,0.0,0.0,0.0,5,False,3|5|7|15,64,64,32,5e-05,20,1,0.5,0.696427387158076,0.84382631424,0.40343655198666667,0.5965634480133333,0.696427387158076,0.84382631424,0.40343655198666667,0.5965634480133333,0.666842054327329,0.8406198740833333,0.4118815739333333,0.5881184260666668,0.639818810671568,0.79808845025,0.45300535475000003,0.0187602040933334,,,,,,,,,,,,,ok,0,True
S-norm_K-5_C-5_W-15_Col-15,epoch_0015,15,normalized,add_proj,0.12,0.08,64,4,5.0,5.0,15.0,15.0,0.0,0.0,0.0,5,False,3|5|7|15,64,64,32,5e-05,20,1,0.5,0.6971871633529664,0.8422221599866667,0.40558557409333335,0.5944144259066666,0.6971871633529664,0.8422221599866667,0.40558557409333335,0.5944144259066666,0.6678359333674113,0.8388902340166666,0.41412316283333334,0.5858768371666667,0.6405468620359899,0.7960467028333335,0.45487911975,0.0187602040933334,,,,,,,,,,,,,ok,0,True
S-norm_K-5_C-5_W-15_Col-15,epoch_0016,16,normalized,add_proj,0.12,0.08,64,4,5.0,5.0,15.0,15.0,0.0,0.0,0.0,5,False,3|5|7|15,64,64,32,5e-05,20,1,0.5,0.6978129510879516,0.84088028416,0.4076894100666667,0.5923105899333333,0.6978129510879516,0.84088028416,0.4076894100666667,0.5923105899333333,0.6685549842317898,0.8373831532,0.41630898033333336,0.5836910196666667,0.6403144195675851,0.7950156454166667,0.4561025678333333,0.0187602040933334,,,,,,,,,,,,,ok,0,True
S-norm_K-5_C-5_W-15_Col-15,epoch_0017,17,normalized,add_proj,0.12,0.08,64,4,5.0,5.0,15.0,15.0,0.0,0.0,0.0,5,False,3|5|7|15,64,64,32,5e-05,20,1,0.5,0.6984137669801711,0.8398179960933335,0.40931170516000004,0.59068829484,0.6984137669801711,0.8398179960933335,0.40931170516000004,0.59068829484,0.6693751584986847,0.8363361960500001,0.41795841148333335,0.5820415885166667,0.6416266925632954,0.7943878199166667,0.45633221558333337,0.0187602040933334,,,,,,,,,,,,,ok,0,True
S-norm_K-5_C-5_W-15_Col-15,epoch_0018,18,normalized,add_proj,0.12,0.08,64,4,5.0,5.0,15.0,15.0,0.0,0.0,0.0,5,False,3|5|7|15,64,64,32,5e-05,20,1,0.5,0.6984603069225946,0.8388188104266666,0.41048443589333333,0.5895155641066667,0.6984603069225946,0.8388188104266666,0.41048443589333333,0.5895155641066667,0.6693254315356414,0.8351328998000002,0.41912704986666666,0.5808729501333334,0.641261616597573,0.7932599070833333,0.4555896955833333,0.0187602040933334,,,,,,,,,,,,,ok,0,True
S-norm_K-5_C-5_W-15_Col-15,epoch_0019,19,normalized,add_proj,0.12,0.08,64,4,5.0,5.0,15.0,15.0,0.0,0.0,0.0,5,False,3|5|7|15,64,64,32,5e-05,20,1,0.5,0.6988162533442179,0.8375866807733334,0.41172756764,0.5882724323599999,0.6988162533442179,0.8375866807733334,0.41172756764,0.5882724323599999,0.6697530438502629,0.8337423367333333,0.42031488001666667,0.5796851199833333,0.6415172485013803,0.7924600445833333,0.4544133826666667,0.0187602040933334,,,,,,,,,,,,,ok,0,True
S-norm_K-5_C-5_W-15_Col-15,epoch_0020,20,normalized,add_proj,0.12,0.08,64,4,5.0,5.0,15.0,15.0,0.0,0.0,0.0,5,False,3|5|7|15,64,64,32,5e-05,20,1,0.5,0.6989873307148616,0.8367664013466666,0.41237882469333337,0.5876211753066667,0.6989873307148616,0.8367664013466666,0.41237882469333337,0.5876211753066667,0.6699141071736812,0.8327523647999999,0.4208950509,0.5791049491,0.6411414504051208,0.7919051900000001,0.4533012213333333,0.0187602040933334,,,,,,,,,,,,,ok,0,True
_suite_base,,,,,0.12,,64,4,0.45,0.2,10.0,0.0,1.0,0.0,0.0,5,True,3|5|7|15,64,64,32,0.0002,20,10,,,,,,,,,,,,,,,,,,,,,,,,,,,,,,config_only,,False
arch60_00_baseline_naked,,,none,add_proj,0.08,0.08,96,2,1.0,,40.0,15.0,,0.1,,,True,1|3|5|9,64,,160,0.0003,60,20,1,,,,,,,,,,,,,,,,,,,,,,,,,,,,,config_only,,False
arch60_01_arch_add_proj,,,normalized,add_proj,0.08,0.08,96,2,1.0,,40.0,15.0,,0.1,,,True,1|3|5|9,64,,160,0.0003,60,20,1,,,,,,,,,,,,,,,,,,,,,,,,,,,,,config_only,,False
arch60_02_math_ot_mse,,,none,add_proj,0.08,0.08,96,2,1.0,,40.0,15.0,,0.1,,,True,1|3|5|9,64,,160,0.0003,60,20,1,,,,,,,,,,,,,,,,,,,,,,,,,,,,,config_only,,False
arch60_03_feat_retention,,,none,add_proj,0.08,0.08,96,2,1.0,,40.0,15.0,,0.1,,,True,1|3|5|9,64,,160,0.0003,60,20,1,,,,,,,,,,,,,,,,,,,,,,,,,,,,,config_only,,False
arch60_04_ultimate_armor,,,normalized,add_proj,0.08,0.08,96,2,1.0,,40.0,15.0,,0.1,,,True,1|3|5|9,64,,160,0.0003,60,20,1,,,,,,,,,,,,,,,,,,,,,,,,,,,,,config_only,,False
artifacts,,,none,add_proj,0.08,0.08,32,2,2.0,0.0,25.0,10.0,0.0,0.1,0.0,7,True,1|3|5|9,64,64,32,0.0003,40,20,1,,,,,,,,,,,,,,,,,,,,,,,,,,,,,config_only,,False
artifacts,epoch_0020,20,none,add_proj,0.08,0.08,32,2,2.0,0.0,25.0,10.0,0.0,0.1,0.0,7,True,1|3|5|9,64,64,32,0.0003,40,20,1,0.7149928744633993,0.7603046481733332,0.5186269747866666,0.48137302521333336,0.7149928744633993,0.7603046481733332,0.5186269747866666,0.48137302521333336,0.694154303173224,0.7565468589833333,0.526299493,0.473700507,0.6903690750400225,0.68501358875,0.5873598758333333,,,,,,,,,,,,,,ok,0,True
artifacts,epoch_0040,40,none,add_proj,0.08,0.08,32,2,2.0,0.0,25.0,10.0,0.0,0.1,0.0,7,True,1|3|5|9,64,64,32,0.0003,40,20,1,0.7119787305196126,0.6876128936066666,0.6427193942399999,0.3572806057600001,0.7119787305196126,0.6876128936066666,0.6427193942399999,0.3572806057600001,0.6991993533074855,0.684258381825,0.6495471279999998,0.3504528720000002,0.6966688695053259,0.6362268199583334,0.699246757125,,,,,,,,,,,,,,ok,0,True
artifacts,epoch_0080,80,normalized,add_proj,0.08,0.08,96,2,2.0,,25.0,10.0,,0.1,,,True,1|3|5|9,64,,96,0.0003,80,40,1,0.688140315314134,0.6234310763333335,0.6863087135833332,0.31369128641666677,0.688140315314134,0.6234310763333335,0.6863087135833332,0.31369128641666677,0.6738111545642217,0.6139551233333334,0.7104017964999998,0.2895982035000002,0.0,0.0,0.0,,,,,,,,,,,,,,ok,0,True
artifacts,epoch_0120,120,normalized,add_proj,0.08,0.08,96,2,2.0,,25.0,10.0,,0.1,,,True,1|3|5|9,64,,96,0.0003,80,40,1,0.6257162933548291,0.5498829024166667,0.7468517485,0.2531482515,0.6257162933548291,0.5498829024166667,0.7468517485,0.2531482515,0.6210996131102244,0.5456437721666667,0.7597347431666668,0.24026525683333322,0.0,0.0,0.0,,,,,,,,,,,,,,ok,0,True
artifacts_iclr,,,normalized,add_proj,0.08,0.08,96,2,2.0,,30.0,15.0,,0.0,,,True,1|3|5|9,64,,96,0.0003,120,40,1,,,,,,,,,,,,,,,,,,,,,,,,,,,,,config_only,,False
artifacts_iclr,epoch_0040,,,,,,,,,,,,,,,,,,,,,,,,,0.6449381887912751,0.5892890785,0.6770810666666667,,0.6506155788898468,0.5891866643333333,0.6687419805833332,,0.6449381887912751,0.5892890785,0.6770810666666667,,0.0,0.0,0.0,,,,,,,,,,,,,,ok,0,True
artifacts_iclr,epoch_0080,,,,,,,,,,,,,,,,,,,,,,,,,0.6257560759782791,0.5602406455,0.724301225,,0.6348603228727976,0.5670184904166666,0.7100357900833334,,0.6257560759782791,0.5602406455,0.724301225,,0.0,0.0,0.0,,,,,,,,,,,,,,ok,0,True
artifacts_iclr,epoch_0120,,,,,,,,,,,,,,,,,,,,,,,,,0.6210996131102244,0.5456437721666667,0.7597347431666668,,0.6257162933548291,0.5498829024166667,0.7468517485,,0.6210996131102244,0.5456437721666667,0.7597347431666668,,0.0,0.0,0.0,,,,,,,,,,,,,,ok,0,True
artifacts_omf_e30,,,none,add_proj,0.08,0.08,96,2,1.0,,0.1,15.0,,10.0,,,True,1|3|5|9,64,,96,0.0003,30,30,1,,,,,,,,,,,,,,,,,,,,,,,,,,,,,config_only,,False
artifacts_omf_e30,epoch_0030,30,none,add_proj,0.08,0.08,96,2,1.0,,0.1,15.0,,10.0,,,True,1|3|5|9,64,,96,0.0003,30,30,1,0.6979407920837403,0.7334386586399999,0.5245890407466667,0.4754109592533333,0.6979407920837403,0.7334386586399999,0.5245890407466667,0.4754109592533333,0.6789598633845647,0.7309094673,0.5287179781666668,0.47128202183333323,0.6731939082344374,0.688358147,0.5444067244999999,,,,,,,,,,,,,,ok,0,True
artifacts_omf_monge_e20,,,none,add_proj,0.08,0.08,96,2,0.0,,0.1,15.0,,1.0,,,True,1|3|5|9,64,,96,0.0003,20,20,1,,,,,,,,,,,,,,,,,,,,,,,,,,,,,config_only,,False
artifacts_omf_monge_e20,epoch_0020,20,none,add_proj,0.08,0.08,96,2,0.0,,0.1,15.0,,1.0,,,True,1|3|5|9,64,,96,0.0003,20,20,1,0.7176444892485937,0.6951728553466665,0.5983667114533333,0.4016332885466667,0.7176444892485937,0.6951728553466665,0.5983667114533333,0.4016332885466667,0.7058557126422723,0.6919788063833333,0.6049360590333334,0.39506394096666664,0.6970351129770279,0.62696997725,0.6670795676666667,,,,,,,,,,,,,,ok,0,True
fd20_g0_golden_pedestal,epoch_0010,,,,,,,,,,,,,,,,,,,,,,,,,0.7037303335666656,0.7729331994266667,0.49070833381333334,,0.7037303335666656,0.7729331994266667,0.49070833381333334,,0.6839364581306776,0.7706346870833333,0.49669380175000005,,0.6735205421845119,0.7712442361666667,0.5059278529166666,,,,,,,,,,,,,,ok,0,True
fd20_g0_golden_pedestal,epoch_0020,,,,,,,,,,,,,,,,,,,,,,,,,0.7032592846552531,0.7639528901066668,0.4954449557866667,,0.7032592846552531,0.7639528901066668,0.4954449557866667,,0.6835992950201034,0.76098212385,0.5017847056999999,,0.6671610390146573,0.7668946414166666,0.5077586956666666,,,,,,,,,,,,,,ok,0,True
fd20_g0_golden_pedestal,epoch_0030,,,,,,,,,,,,,,,,,,,,,,,,,0.7036304703156153,0.7525766350133334,0.5035652234933334,,0.7036304703156153,0.7525766350133334,0.5035652234933334,,0.6848630732794603,0.7493533250000001,0.5095494840333333,,0.6695499395330747,0.7590809725,0.5053073124999999,,,,,,,,,,,,,,ok,0,True
fd20_g0_golden_pedestal,epoch_0040,,,,,,,,,,,,,,,,,,,,,,,,,0.7014273111820221,0.7522412756800001,0.50028663284,,0.7014273111820221,0.7522412756800001,0.50028663284,,0.6828455517689388,0.74932930385,0.5059946065500001,,0.6717678765455882,0.7557863599166668,0.5061204057500001,,,,,,,,,,,,,,ok,0,True
fd20_g0_golden_pedestal,epoch_0050,,,,,,,,,,,,,,,,,,,,,,,,,0.6985902369419734,0.7395341396533334,0.5210171018666666,,0.6985902369419734,0.7395341396533334,0.5210171018666666,,0.6810847716033458,0.7372535071166667,0.5271141432166665,,0.6739937255779902,0.7430613921666667,0.5235390063333334,,,,,,,,,,,,,,ok,0,True
fd20_g0_golden_pedestal,epoch_0060,,,,,,,,,,,,,,,,,,,,,,,,,0.7037236177126566,0.74629328948,0.51630886732,,0.7037236177126566,0.74629328948,0.51630886732,,0.6860169205069543,0.7434557802499999,0.5233827167333333,,0.678250061472257,0.7468739692499999,0.5267059279166667,,,,,,,,,,,,,,ok,0,True
fd20_g0_golden_pedestal_e15s1_b32,epoch_0001,,,,,,,,,,,,,,,,,,,,,,,,,0.6985786872307459,0.8182633884666666,0.4479383228533333,,0.6985786872307459,0.8182633884666666,0.4479383228533333,,0.6733586843311786,0.8161620599500001,0.45395086425,,0.6511083533366521,0.7971959946666667,0.47633761566666666,,0.055084310621023175,0.018697976366927226,0.1232209898297054,2.7629571948622664,0.0590929888188839,0.018776039076037705,0.1270554488460766,2.9494637024061134,0.06202134117484093,0.021731605450622738,0.13975251456237553,3.0960271059225004,updated_modern_metrics,0,True
fd20_g0_golden_pedestal_e15s1_b32,epoch_0002,,,,,,,,,,,,,,,,,,,,,,,,,0.701582180738449,0.81189430884,0.45931725590666667,,0.701582180738449,0.81189430884,0.45931725590666667,,0.6774908183018367,0.8094019033666667,0.4656268080666667,,0.6575746869047483,0.8015170909166667,0.48909521766666664,,0.05516751036047936,0.01914991158246994,0.12629031076639272,2.7414549023459354,0.05899900533258915,0.019265579973968366,0.13025983166880906,2.914421950460722,0.06191436853259802,0.021991695479179424,0.13935534194267044,3.0956460164549453,updated_modern_metrics,0,True
fd20_g0_golden_pedestal_e15s1_b32,epoch_0003,,,,,,,,,,,,,,,,,,,,,,,,,0.700258672396342,0.8041629425733333,0.46202844364,,0.700258672396342,0.8041629425733333,0.46202844364,,0.6769395902752876,0.8013932687166667,0.46860303573333334,,0.6541862184802691,0.7947727316666666,0.4882739375833334,,0.0558409509062767,0.019587344928334156,0.1186156898451348,2.745144865567486,0.059596145339310166,0.019691697317175565,0.12254486418697827,2.9202576260765394,0.062286931090056896,0.0225271767238155,0.13017982048525786,3.103341652577122,updated_modern_metrics,0,True
fd20_g0_golden_pedestal_e15s1_b32,epoch_0004,,,,,,,,,,,,,,,,,,,,,,,,,0.6999344936211904,0.7983796948533333,0.4624778177866667,,0.6999344936211904,0.7983796948533333,0.4624778177866667,,0.6776304053266843,0.7959808391166667,0.4689684842666667,,0.6584229782223702,0.7875019855000001,0.48814230108333334,,0.056225778609514235,0.019760960292071104,0.1135083942313989,2.7456634739140666,0.059804116003215314,0.019881021194159985,0.11751144829118858,2.916750333768626,0.062069883570075035,0.023226145119406284,0.12380483608285431,3.1038316822300356,updated_modern_metrics,0,True
fd20_g0_golden_pedestal_e15s1_b32,epoch_0005,,,,,,,,,,,,,,,,,,,,,,,,,0.6990473671356837,0.8010339713866667,0.4569297728666667,,0.6990473671356837,0.8010339713866667,0.4569297728666667,,0.6760396941999594,0.7985902334166667,0.46353283440000004,,0.6568767572442691,0.7950936159166666,0.47909818025,,0.05607384145259857,0.019467586220552523,0.11471437670825982,2.7389395221223434,0.05966305490583181,0.019611068633385003,0.11876349311690622,2.908530241822203,0.06207413226366043,0.022473116715749104,0.1270692805206636,3.0983980445812147,updated_modern_metrics,0,True
fd20_g0_golden_pedestal_e15s1_b32,epoch_0006,,,,,,,,,,,,,,,,,,,,,,,,,0.6986825416088104,0.7977650370933334,0.46209704570666665,,0.6986825416088104,0.7977650370933334,0.46209704570666665,,0.6767500722408295,0.79558337605,0.46855155091666667,,0.6605756441752116,0.79416508875,0.48726076325,,0.05651799708604813,0.01980963512758414,0.1119111165102416,2.74922533030808,0.06003808230161667,0.019897463647648692,0.11602713774647175,2.9161633114951355,0.06236763019114733,0.022824358629683652,0.12471252705339186,3.106409198883921,updated_modern_metrics,0,True
fd20_g0_golden_pedestal_e15s1_b32,epoch_0007,,,,,,,,,,,,,,,,,,,,,,,,,0.6987846292257309,0.7920647572933334,0.46418154968,,0.6987846292257309,0.7920647572933334,0.46418154968,,0.676915005693833,0.7895290941666666,0.47072210661666664,,0.6614487325151761,0.789669358,0.4890998363333333,,0.05691828191280365,0.020341438168038923,0.11093723550260379,2.75597600701948,0.06027755867689848,0.020462059448473156,0.11488719380198745,2.9226787462085486,0.06248572934418917,0.023541805109319587,0.12476732903645218,3.0956698548980057,updated_modern_metrics,0,True
fd20_g0_golden_pedestal_e15s1_b32,epoch_0008,,,,,,,,,,,,,,,,,,,,,,,,,0.6980580194393794,0.78875377396,0.46681542032,,0.6980580194393794,0.78875377396,0.46681542032,,0.6769714427491029,0.7866144470333334,0.4729942912166667,,0.6632490451137225,0.7888947839166667,0.4869227540833333,,0.057281378209590915,0.020820657622069118,0.11091093075826454,2.757658500348528,0.06054698899388313,0.02092225212759028,0.11479135901870904,2.9225025799001254,0.06258033961057663,0.0240695877543961,0.12491744426079095,3.1115886328431466,updated_modern_metrics,0,True
fd20_g0_golden_pedestal_e15s1_b32,epoch_0009,,,,,,,,,,,,,,,,,,,,,,,,,0.6988166193167369,0.7838254250133333,0.4736773036933334,,0.6988166193167369,0.7838254250133333,0.4736773036933334,,0.677699452439944,0.7811547542333332,0.4797767803666667,,0.6648132383823395,0.7833062333333334,0.49082331225,,0.05772583365440369,0.02167307725176215,0.11145256350080793,2.766676194384694,0.06090634055435658,0.021787444613873958,0.11516617361213624,2.9289520603604613,0.06285686325281858,0.02509366353818526,0.12549364789350267,3.1193934459549686,updated_modern_metrics,0,True
fd20_g0_golden_pedestal_e15s1_b32,epoch_0010,,,,,,,,,,,,,,,,,,,,,,,,,0.6993966488043468,0.7754076289066667,0.4830345135466667,,0.6993966488043468,0.7754076289066667,0.4830345135466667,,0.6791585663954417,0.77268916535,0.4894272795,,0.6666169464588165,0.7753096644166666,0.49799219608333334,,0.058240400701761244,0.022964582084367673,0.1091980799320154,2.772707782978813,0.0613304253667593,0.02306355563458055,0.11287274990987499,2.934915968409429,0.063270159997046,0.026196824371193847,0.12143736528232693,3.1155027374935647,updated_modern_metrics,0,True
fd20_g0_golden_pedestal_e15s1_b32,epoch_0011,,,,,,,,,,,,,,,,,,,,,,,,,0.6996022269725799,0.77394318544,0.4837759566666666,,0.6996022269725799,0.77394318544,0.4837759566666666,,0.679251064856847,0.7708140483166667,0.4903701880333333,,0.6676525463660559,0.7744100756666668,0.49517568533333334,,0.058276248574256895,0.023170740988105534,0.11342969942845714,2.77134675017496,0.061362061835825446,0.02334704010281712,0.11694736095543097,2.9352223500423134,0.06298123300075531,0.026173929885650673,0.12548645625065546,3.0967362344885867,updated_modern_metrics,0,True
fd20_g0_golden_pedestal_e15s1_b32,epoch_0012,,,,,,,,,,,,,,,,,,,,,,,,,0.6998558896382651,0.7728048939200001,0.4854778640133333,,0.6998558896382651,0.7728048939200001,0.4854778640133333,,0.6794076561927795,0.7698056149666667,0.49205233765,,0.6671924675504366,0.774767633,0.49668445725,,0.058315578103065493,0.023540764937798178,0.11767250093041609,2.7693169616560143,0.06144463773816824,0.02369008843942235,0.12113981904733614,2.931177955729266,0.06280002277344465,0.026526433369144797,0.13080635947699193,3.104585964387904,updated_modern_metrics,0,True
fd20_g0_golden_pedestal_e15s1_b32,epoch_0013,,,,,,,,,,,,,,,,,,,,,,,,,0.7001083798408508,0.77108590844,0.4875068362533333,,0.7001083798408508,0.77108590844,0.4875068362533333,,0.6800663481156032,0.7684398485666667,0.49396519445,,0.6665804172555605,0.7743741815833334,0.49802230025,,0.05818118155002594,0.02370513913035393,0.1186587108320091,2.7755760854780673,0.061165219731628896,0.023841042898905773,0.12214137339450341,2.9385597295686603,0.06240004952996969,0.02667049819914003,0.1322455922801358,3.1045978100349507,updated_modern_metrics,0,True
fd20_g0_golden_pedestal_e15s1_b32,epoch_0014,,,,,,,,,,,,,,,,,,,,,,,,,0.7011006087859473,0.76576012728,0.49439169941333333,,0.7011006087859473,0.76576012728,0.49439169941333333,,0.6817825304965178,0.7634613215666667,0.5008480971333333,,0.6693203300237656,0.76867336425,0.5074049930833333,,0.05851849287748337,0.02436648251240452,0.11351310451282189,2.7891222320298352,0.06141271665692329,0.02449110186037918,0.1170093141394318,2.95360085501646,0.06283656321465969,0.02801718896565338,0.12657644409240068,3.1073373382600646,updated_modern_metrics,0,True
fd20_g0_golden_pedestal_e15s1_b32,epoch_0015,,,,,,,,,,,,,,,,,,,,,,,,,0.7014708071947098,0.7628401233333334,0.4972954200266667,,0.7014708071947098,0.7628401233333334,0.4972954200266667,,0.6825726275146008,0.76055370265,0.5037415402,,0.6702401503920555,0.76469246675,0.5125967564166667,,0.058686912655830384,0.024675392288714647,0.1125181798999353,2.796665366475781,0.06155878268182278,0.024794199803533652,0.11599699309561402,2.9585316511119406,0.0630398690700531,0.028636741979668538,0.12510964082418166,3.1155196561478076,updated_modern_metrics,0,True
fd20_g1_micro_only,epoch_0010,,,,,,,,,,,,,,,,,,,,,,,,,0.7000645939509075,0.7732791451066667,0.48879334651999995,,0.7000645939509075,0.7732791451066667,0.48879334651999995,,0.6796680843830109,0.7712699392333334,0.4942147969833333,,0.6658415570855141,0.7791014911666666,0.49705023824999994,,,,,,,,,,,,,,ok,0,True
fd20_g1_micro_only,epoch_0020,,,,,,,,,,,,,,,,,,,,,,,,,0.7011581232150396,0.7801843498533333,0.4801550437466666,,0.7011581232150396,0.7801843498533333,0.4801550437466666,,0.6806957020858924,0.7785973889333333,0.4865426250333334,,0.6665357192357382,0.7786108109166667,0.493076889,,,,,,,,,,,,,,ok,0,True
fd20_g1_micro_only,epoch_0030,,,,,,,,,,,,,,,,,,,,,,,,,0.703572993795077,0.7643527041600001,0.50460681592,,0.703572993795077,0.7643527041600001,0.50460681592,,0.6840905070801576,0.7622026243166667,0.5106465511333333,,0.6741756146152814,0.7614997599166669,0.5259308261666666,,,,,,,,,,,,,,ok,0,True
fd20_g1_micro_only,epoch_0040,,,,,,,,,,,,,,,,,,,,,,,,,0.7036984631617864,0.7474753635733333,0.5159876130266666,,0.7036984631617864,0.7474753635733333,0.5159876130266666,,0.6857734251519044,0.7451109599000001,0.5218814654666667,,0.6774229104320209,0.7447008257500001,0.5265565700833333,,,,,,,,,,,,,,ok,0,True
fd20_g1_micro_only,epoch_0050,,,,,,,,,,,,,,,,,,,,,,,,,0.700724682688713,0.7355060954133333,0.52750413236,,0.700724682688713,0.7355060954133333,0.52750413236,,0.6845569658776125,0.7340993719833333,0.5327581372999999,,0.679039153456688,0.7395132103333334,0.5352849863333334,,,,,,,,,,,,,,ok,0,True
fd20_g1_micro_only,epoch_0060,,,,,,,,,,,,,,,,,,,,,,,,,0.7017492681741715,0.7350648123066665,0.5283767360133333,,0.7017492681741715,0.7350648123066665,0.5283767360133333,,0.6855198862651983,0.7336812862666666,0.5335357717333332,,0.6805799822012584,0.7402588556666667,0.5415699041666666,,,,,,,,,,,,,,ok,0,True
g0_blackdot_m1_softbalance10,,,none,add_proj,0.12,0.08,64,4,0.4,0.15,12.0,0.0,0.0,0.0,0.0,5,False,,,64,32,0.0002,10,10,1,,,,,,,,,,,,,,,,,,,,,,,,,,,,,config_only,,False
g0_blackdot_m2_damped10,,,none,add_proj,0.12,0.08,64,4,0.45,0.2,10.0,0.0,0.0,0.0,0.0,5,False,,,64,32,0.0002,10,10,1,,,,,,,,,,,,,,,,,,,,,,,,,,,,,config_only,,False
g0_blackdot_m2_damped20_inplace,,,none,add_proj,0.12,0.08,64,4,0.45,0.2,10.0,0.0,0.0,0.0,0.0,5,False,,,64,32,0.0002,20,10,1,,,,,,,,,,,,,,,,,,,,,,,,,,,,,config_only,,False
g0_blackdot_m2_damped20_inplace,epoch_0010,10,none,add_proj,0.12,0.08,64,4,0.45,0.2,10.0,0.0,0.0,0.0,0.0,5,False,,,64,32,0.0002,20,10,1,0.7016827369530997,0.8237768070266667,0.44273057632,0.55726942368,0.7016827369530997,0.8237768070266667,0.44273057632,0.55726942368,0.674300580918789,0.8168520104499999,0.4557788640166667,0.5442211359833333,0.6561247438192368,0.8027162641666667,0.49472503825,,,,,,,,,,,,,,ok,0,True
g0_blackdot_m2_damped20_inplace,epoch_0020,20,none,add_proj,0.12,0.08,64,4,0.45,0.2,10.0,0.0,0.0,0.0,0.0,5,False,,,64,32,0.0002,20,10,1,0.7052499622106552,0.8095409591333333,0.45028329712000004,0.54971670288,0.7052499622106552,0.8095409591333333,0.45028329712000004,0.54971670288,0.6791022640963394,0.8029189137499999,0.4632232797833333,0.5367767202166667,0.6587649022539457,0.7924723119166667,0.48087186041666663,,,,,,,,,,,,,,ok,0,True
g0_blackdot_m3_stylekeep10,,,none,add_proj,0.12,0.08,64,4,0.4,0.1,14.0,0.0,0.0,0.0,0.0,5,False,,,64,32,0.0002,10,10,1,,,,,,,,,,,,,,,,,,,,,,,,,,,,,config_only,,False
g0_cycle10_swd12_hf20,,,,,,,,,0.3,1.0,12.0,,1.0,0.0,0.0,5,True,,,,,,20,10,,,,,,,,,,,,,,,,,,,,,,,,,,,,,,config_only,,False
g0_cycle15_swd10_hf20,,,,,,,,,0.3,1.5,10.0,,1.0,0.0,0.0,5,True,,,,,,20,10,,,,,,,,,,,,,,,,,,,,,,,,,,,,,,config_only,,False
g0_cycle_adain_hf20,,,none,add_proj,0.08,0.08,64,4,0.3,2.0,8.0,0.0,1.0,0.0,0.0,5,True,,,64,32,0.0002,20,10,1,,,,,,,,,,,,,,,,,,,,,,,,,,,,,config_only,,False
g0_d3_numeric_debug,,,none,add_proj,0.08,0.08,64,4,0.3,0.15,16.0,0.0,0.0,0.15,0.0,5,False,,,64,32,0.0002,1,1,1,,,,,,,,,,,,,,,,,,,,,,,,,,,,,config_only,,False
g0_damping_cycle20,,,none,add_proj,0.08,0.08,64,4,0.3,0.2,16.0,0.0,0.0,0.0,0.0,5,False,,,64,32,0.0002,20,10,1,,,,,,,,,,,,,,,,,,,,,,,,,,,,,config_only,,False
g0_damping_hybrid20,,,none,add_proj,0.08,0.08,64,4,0.3,0.15,16.0,0.0,0.0,0.15,0.0,5,False,,,64,32,0.0002,20,10,1,,,,,,,,,,,,,,,,,,,,,,,,,,,,,config_only,,False
g0_damping_repulsive20,,,none,add_proj,0.08,0.08,64,4,0.3,0.0,16.0,0.0,0.0,0.2,0.0,5,False,,,64,32,0.0002,20,10,1,,,,,,,,,,,,,,,,,,,,,,,,,,,,,config_only,,False
g0_golden_pedestal,,,none,add_proj,0.12,0.08,64,4,0.45,0.2,10.0,0.0,1.0,0.0,0.0,5,True,3|5|7|15,64,64,108,0.0002,60,10,1,,,,,,,,,,,,,,,,,,,,,,,,,,,,,config_only,,False
g0_golden_pedestal,epoch_0010,10,none,add_proj,0.12,0.08,64,4,0.45,0.2,10.0,0.0,1.0,0.0,0.0,5,True,3|5|7|15,64,64,108,0.0002,60,10,1,0.7037303335666656,0.7729331994266667,0.49070833381333334,0.5092916661866667,0.7037303335666656,0.7729331994266667,0.49070833381333334,0.5092916661866667,0.6839364581306776,0.7706346870833333,0.49669380175000005,0.50330619825,0.6735205421845119,0.7712442361666667,0.5059278529166666,,,,,,,,,,,,,,ok,0,True
g0_golden_pedestal,epoch_0020,20,none,add_proj,0.12,0.08,64,4,0.45,0.2,10.0,0.0,1.0,0.0,0.0,5,True,3|5|7|15,64,64,108,0.0002,60,10,1,0.7032592846552531,0.7639528901066668,0.4954449557866667,0.5045550442133333,0.7032592846552531,0.7639528901066668,0.4954449557866667,0.5045550442133333,0.6835992950201034,0.76098212385,0.5017847056999999,0.4982152943000001,0.6671610390146573,0.7668946414166666,0.5077586956666666,,,,,,,,,,,,,,ok,0,True
g0_golden_pedestal,epoch_0030,30,none,add_proj,0.12,0.08,64,4,0.45,0.2,10.0,0.0,1.0,0.0,0.0,5,True,3|5|7|15,64,64,108,0.0002,60,10,1,0.7036304703156153,0.7525766350133334,0.5035652234933334,0.49643477650666656,0.7036304703156153,0.7525766350133334,0.5035652234933334,0.49643477650666656,0.6848630732794603,0.7493533250000001,0.5095494840333333,0.49045051596666667,0.6695499395330747,0.7590809725,0.5053073124999999,,,,,,,,,,,,,,ok,0,True
g0_golden_pedestal,epoch_0040,40,none,add_proj,0.12,0.08,64,4,0.45,0.2,10.0,0.0,1.0,0.0,0.0,5,True,3|5|7|15,64,64,108,0.0002,60,10,1,0.7014273111820221,0.7522412756800001,0.50028663284,0.49971336716000003,0.7014273111820221,0.7522412756800001,0.50028663284,0.49971336716000003,0.6828455517689388,0.74932930385,0.5059946065500001,0.49400539344999994,0.6717678765455882,0.7557863599166668,0.5061204057500001,,,,,,,,,,,,,,ok,0,True
g0_golden_pedestal,epoch_0050,50,none,add_proj,0.12,0.08,64,4,0.45,0.2,10.0,0.0,1.0,0.0,0.0,5,True,3|5|7|15,64,64,108,0.0002,60,10,1,0.6985902369419734,0.7395341396533334,0.5210171018666666,0.4789828981333334,0.6985902369419734,0.7395341396533334,0.5210171018666666,0.4789828981333334,0.6810847716033458,0.7372535071166667,0.5271141432166665,0.4728858567833335,0.6739937255779902,0.7430613921666667,0.5235390063333334,,,,,,,,,,,,,,ok,0,True
g0_golden_pedestal,epoch_0060,60,none,add_proj,0.12,0.08,64,4,0.45,0.2,10.0,0.0,1.0,0.0,0.0,5,True,3|5|7|15,64,64,108,0.0002,60,10,1,0.7037236177126566,0.74629328948,0.51630886732,0.48369113267999997,0.7037236177126566,0.74629328948,0.51630886732,0.48369113267999997,0.6860169205069543,0.7434557802499999,0.5233827167333333,0.47661728326666675,0.678250061472257,0.7468739692499999,0.5267059279166667,,,,,,,,,,,,,,ok,0,True
g0_golden_pedestal_e15s1,,,,,,,,,,,,,,,,,,,,,,,15,1,,,,,,,,,,,,,,,,,,,,,,,,,,,,,,config_only,,False
g0_golden_pedestal_e15s1_b32,,,none,add_proj,0.12,0.08,64,4,0.45,0.2,10.0,0.0,1.0,0.0,0.0,5,True,3|5|7|15,64,64,32,0.0002,15,1,1,,,,,,,,,,,,,,,,,,,,,,,,,,,,,config_only,,False
g0_golden_pedestal_e15s1_b32,epoch_0001,1,none,add_proj,0.12,0.08,64,4,0.45,0.2,10.0,0.0,1.0,0.0,0.0,5,True,3|5|7|15,64,64,32,0.0002,15,1,1,0.6985786872307459,0.8182633884666666,0.4479383228533333,0.5520616771466667,0.6985786872307459,0.8182633884666666,0.4479383228533333,0.5520616771466667,0.6733586843311786,0.8161620599500001,0.45395086425,0.54604913575,0.6511083533366521,0.7971959946666667,0.47633761566666666,0.014090120786666716,0.055084310621023175,0.018697976366927226,0.1232209898297054,2.7629571948622664,0.0590929888188839,0.018776039076037705,0.1270554488460766,2.9494637024061134,0.06202134117484093,0.021731605450622738,0.13975251456237553,3.0960271059225004,ok,0,True
g0_golden_pedestal_e15s1_b32,epoch_0002,2,none,add_proj,0.12,0.08,64,4,0.45,0.2,10.0,0.0,1.0,0.0,0.0,5,True,3|5|7|15,64,64,32,0.0002,15,1,1,0.701582180738449,0.81189430884,0.45931725590666667,0.5406827440933333,0.701582180738449,0.81189430884,0.45931725590666667,0.5406827440933333,0.6774908183018367,0.8094019033666667,0.4656268080666667,0.5343731919333333,0.6575746869047483,0.8015170909166667,0.48909521766666664,0.014090120786666716,0.05516751036047936,0.01914991158246994,0.12629031076639272,2.7414549023459354,0.05899900533258915,0.019265579973968366,0.13025983166880906,2.914421950460722,0.06191436853259802,0.021991695479179424,0.13935534194267044,3.0956460164549453,ok,0,True
g0_golden_pedestal_e15s1_b32,epoch_0003,3,none,add_proj,0.12,0.08,64,4,0.45,0.2,10.0,0.0,1.0,0.0,0.0,5,True,3|5|7|15,64,64,32,0.0002,15,1,1,0.700258672396342,0.8041629425733333,0.46202844364,0.53797155636,0.700258672396342,0.8041629425733333,0.46202844364,0.53797155636,0.6769395902752876,0.8013932687166667,0.46860303573333334,0.5313969642666667,0.6541862184802691,0.7947727316666666,0.4882739375833334,0.014090120786666716,0.0558409509062767,0.019587344928334156,0.1186156898451348,2.745144865567486,0.059596145339310166,0.019691697317175565,0.12254486418697827,2.9202576260765394,0.062286931090056896,0.0225271767238155,0.13017982048525786,3.103341652577122,ok,0,True
g0_golden_pedestal_e15s1_b32,epoch_0004,4,none,add_proj,0.12,0.08,64,4,0.45,0.2,10.0,0.0,1.0,0.0,0.0,5,True,3|5|7|15,64,64,32,0.0002,15,1,1,0.6999344936211904,0.7983796948533333,0.4624778177866667,0.5375221822133334,0.6999344936211904,0.7983796948533333,0.4624778177866667,0.5375221822133334,0.6776304053266843,0.7959808391166667,0.4689684842666667,0.5310315157333333,0.6584229782223702,0.7875019855000001,0.48814230108333334,0.014090120786666716,0.056225778609514235,0.019760960292071104,0.1135083942313989,2.7456634739140666,0.059804116003215314,0.019881021194159985,0.11751144829118858,2.916750333768626,0.062069883570075035,0.023226145119406284,0.12380483608285431,3.1038316822300356,ok,0,True
g0_golden_pedestal_e15s1_b32,epoch_0005,5,none,add_proj,0.12,0.08,64,4,0.45,0.2,10.0,0.0,1.0,0.0,0.0,5,True,3|5|7|15,64,64,32,0.0002,15,1,1,0.6990473671356837,0.8010339713866667,0.4569297728666667,0.5430702271333333,0.6990473671356837,0.8010339713866667,0.4569297728666667,0.5430702271333333,0.6760396941999594,0.7985902334166667,0.46353283440000004,0.5364671656,0.6568767572442691,0.7950936159166666,0.47909818025,0.014090120786666716,0.05607384145259857,0.019467586220552523,0.11471437670825982,2.7389395221223434,0.05966305490583181,0.019611068633385003,0.11876349311690622,2.908530241822203,0.06207413226366043,0.022473116715749104,0.1270692805206636,3.0983980445812147,ok,0,True
g0_golden_pedestal_e15s1_b32,epoch_0006,6,none,add_proj,0.12,0.08,64,4,0.45,0.2,10.0,0.0,1.0,0.0,0.0,5,True,3|5|7|15,64,64,32,0.0002,15,1,1,0.6986825416088104,0.7977650370933334,0.46209704570666665,0.5379029542933333,0.6986825416088104,0.7977650370933334,0.46209704570666665,0.5379029542933333,0.6767500722408295,0.79558337605,0.46855155091666667,0.5314484490833333,0.6605756441752116,0.79416508875,0.48726076325,0.014090120786666716,0.05651799708604813,0.01980963512758414,0.1119111165102416,2.74922533030808,0.06003808230161667,0.019897463647648692,0.11602713774647175,2.9161633114951355,0.06236763019114733,0.022824358629683652,0.12471252705339186,3.106409198883921,ok,0,True
g0_golden_pedestal_e15s1_b32,epoch_0007,7,none,add_proj,0.12,0.08,64,4,0.45,0.2,10.0,0.0,1.0,0.0,0.0,5,True,3|5|7|15,64,64,32,0.0002,15,1,1,0.6987846292257309,0.7920647572933334,0.46418154968,0.53581845032,0.6987846292257309,0.7920647572933334,0.46418154968,0.53581845032,0.676915005693833,0.7895290941666666,0.47072210661666664,0.5292778933833333,0.6614487325151761,0.789669358,0.4890998363333333,0.014090120786666716,0.05691828191280365,0.020341438168038923,0.11093723550260379,2.75597600701948,0.06027755867689848,0.020462059448473156,0.11488719380198745,2.9226787462085486,0.06248572934418917,0.023541805109319587,0.12476732903645218,3.0956698548980057,ok,0,True
g0_golden_pedestal_e15s1_b32,epoch_0008,8,none,add_proj,0.12,0.08,64,4,0.45,0.2,10.0,0.0,1.0,0.0,0.0,5,True,3|5|7|15,64,64,32,0.0002,15,1,1,0.6980580194393794,0.78875377396,0.46681542032,0.53318457968,0.6980580194393794,0.78875377396,0.46681542032,0.53318457968,0.6769714427491029,0.7866144470333334,0.4729942912166667,0.5270057087833333,0.6632490451137225,0.7888947839166667,0.4869227540833333,0.014090120786666716,0.057281378209590915,0.020820657622069118,0.11091093075826454,2.757658500348528,0.06054698899388313,0.02092225212759028,0.11479135901870904,2.9225025799001254,0.06258033961057663,0.0240695877543961,0.12491744426079095,3.1115886328431466,ok,0,True
g0_golden_pedestal_e15s1_b32,epoch_0009,9,none,add_proj,0.12,0.08,64,4,0.45,0.2,10.0,0.0,1.0,0.0,0.0,5,True,3|5|7|15,64,64,32,0.0002,15,1,1,0.6988166193167369,0.7838254250133333,0.4736773036933334,0.5263226963066666,0.6988166193167369,0.7838254250133333,0.4736773036933334,0.5263226963066666,0.677699452439944,0.7811547542333332,0.4797767803666667,0.5202232196333333,0.6648132383823395,0.7833062333333334,0.49082331225,0.014090120786666716,0.05772583365440369,0.02167307725176215,0.11145256350080793,2.766676194384694,0.06090634055435658,0.021787444613873958,0.11516617361213624,2.9289520603604613,0.06285686325281858,0.02509366353818526,0.12549364789350267,3.1193934459549686,ok,0,True
g0_golden_pedestal_e15s1_b32,epoch_0010,10,none,add_proj,0.12,0.08,64,4,0.45,0.2,10.0,0.0,1.0,0.0,0.0,5,True,3|5|7|15,64,64,32,0.0002,15,1,1,0.6993966488043468,0.7754076289066667,0.4830345135466667,0.5169654864533333,0.6993966488043468,0.7754076289066667,0.4830345135466667,0.5169654864533333,0.6791585663954417,0.77268916535,0.4894272795,0.5105727205,0.6666169464588165,0.7753096644166666,0.49799219608333334,0.014090120786666716,0.058240400701761244,0.022964582084367673,0.1091980799320154,2.772707782978813,0.0613304253667593,0.02306355563458055,0.11287274990987499,2.934915968409429,0.063270159997046,0.026196824371193847,0.12143736528232693,3.1155027374935647,ok,0,True
g0_golden_pedestal_e15s1_b32,epoch_0011,11,none,add_proj,0.12,0.08,64,4,0.45,0.2,10.0,0.0,1.0,0.0,0.0,5,True,3|5|7|15,64,64,32,0.0002,15,1,1,0.6996022269725799,0.77394318544,0.4837759566666666,0.5162240433333334,0.6996022269725799,0.77394318544,0.4837759566666666,0.5162240433333334,0.679251064856847,0.7708140483166667,0.4903701880333333,0.5096298119666667,0.6676525463660559,0.7744100756666668,0.49517568533333334,0.014090120786666716,0.058276248574256895,0.023170740988105534,0.11342969942845714,2.77134675017496,0.061362061835825446,0.02334704010281712,0.11694736095543097,2.9352223500423134,0.06298123300075531,0.026173929885650673,0.12548645625065546,3.0967362344885867,ok,0,True
g0_golden_pedestal_e15s1_b32,epoch_0012,12,none,add_proj,0.12,0.08,64,4,0.45,0.2,10.0,0.0,1.0,0.0,0.0,5,True,3|5|7|15,64,64,32,0.0002,15,1,1,0.6998558896382651,0.7728048939200001,0.4854778640133333,0.5145221359866667,0.6998558896382651,0.7728048939200001,0.4854778640133333,0.5145221359866667,0.6794076561927795,0.7698056149666667,0.49205233765,0.50794766235,0.6671924675504366,0.774767633,0.49668445725,0.014090120786666716,0.058315578103065493,0.023540764937798178,0.11767250093041609,2.7693169616560143,0.06144463773816824,0.02369008843942235,0.12113981904733614,2.931177955729266,0.06280002277344465,0.026526433369144797,0.13080635947699193,3.104585964387904,ok,0,True
g0_golden_pedestal_e15s1_b32,epoch_0013,13,none,add_proj,0.12,0.08,64,4,0.45,0.2,10.0,0.0,1.0,0.0,0.0,5,True,3|5|7|15,64,64,32,0.0002,15,1,1,0.7001083798408508,0.77108590844,0.4875068362533333,0.5124931637466668,0.7001083798408508,0.77108590844,0.4875068362533333,0.5124931637466668,0.6800663481156032,0.7684398485666667,0.49396519445,0.50603480555,0.6665804172555605,0.7743741815833334,0.49802230025,0.014090120786666716,0.05818118155002594,0.02370513913035393,0.1186587108320091,2.7755760854780673,0.061165219731628896,0.023841042898905773,0.12214137339450341,2.9385597295686603,0.06240004952996969,0.02667049819914003,0.1322455922801358,3.1045978100349507,ok,0,True
g0_golden_pedestal_e15s1_b32,epoch_0014,14,none,add_proj,0.12,0.08,64,4,0.45,0.2,10.0,0.0,1.0,0.0,0.0,5,True,3|5|7|15,64,64,32,0.0002,15,1,1,0.7011006087859473,0.76576012728,0.49439169941333333,0.5056083005866667,0.7011006087859473,0.76576012728,0.49439169941333333,0.5056083005866667,0.6817825304965178,0.7634613215666667,0.5008480971333333,0.49915190286666666,0.6693203300237656,0.76867336425,0.5074049930833333,0.014090120786666716,0.05851849287748337,0.02436648251240452,0.11351310451282189,2.7891222320298352,0.06141271665692329,0.02449110186037918,0.1170093141394318,2.95360085501646,0.06283656321465969,0.02801718896565338,0.12657644409240068,3.1073373382600646,ok,0,True
g0_golden_pedestal_e15s1_b32,epoch_0015,15,none,add_proj,0.12,0.08,64,4,0.45,0.2,10.0,0.0,1.0,0.0,0.0,5,True,3|5|7|15,64,64,32,0.0002,15,1,1,0.7014708071947098,0.7628401233333334,0.4972954200266667,0.5027045799733333,0.7014708071947098,0.7628401233333334,0.4972954200266667,0.5027045799733333,0.6825726275146008,0.76055370265,0.5037415402,0.49625845980000005,0.6702401503920555,0.76469246675,0.5125967564166667,0.014090120786666716,0.058686912655830384,0.024675392288714647,0.1125181798999353,2.796665366475781,0.06155878268182278,0.024794199803533652,0.11599699309561402,2.9585316511119406,0.0630398690700531,0.028636741979668538,0.12510964082418166,3.1155196561478076,ok,0,True
g0_kernel3_patch135_hf20,,,none,add_proj,0.08,0.08,64,4,0.3,1.5,10.0,0.0,1.0,0.0,0.0,3,True,1|3|5,,64,32,0.0002,20,10,1,,,,,,,,,,,,,,,,,,,,,,,,,,,,,config_only,,False
g0_kernel5_patch359_hf20,,,none,add_proj,0.08,0.08,64,4,0.3,1.5,10.0,0.0,1.0,0.0,0.0,5,True,3|5|9,,64,32,0.0002,20,10,1,,,,,,,,,,,,,,,,,,,,,,,,,,,,,config_only,,False
g0_l5_numeric_debug,,,none,add_proj,0.08,0.08,64,4,0.3,0.0,16.0,0.0,0.0,0.0,0.0,5,False,,,64,32,0.0002,1,1,1,,,,,,,,,,,,,,,,,,,,,,,,,,,,,config_only,,False
g0_l5_numeric_debug_tanhhead,,,none,add_proj,0.08,0.08,64,4,0.3,0.0,16.0,0.0,0.0,0.0,0.0,5,False,,,64,32,0.0002,1,1,1,,,,,,,,,,,,,,,,,,,,,,,,,,,,,config_only,,False
g0_local_sweep_swd14_k025,,,none,add_proj,0.08,0.08,64,4,0.25,0.0,14.0,0.0,0.0,0.0,0.0,5,False,,,64,32,0.0002,10,10,1,,,,,,,,,,,,,,,,,,,,,,,,,,,,,config_only,,False
g0_local_sweep_swd16_k015,,,none,add_proj,0.08,0.08,64,4,0.15,0.0,16.0,0.0,0.0,0.0,0.0,5,False,,,64,32,0.0002,10,10,1,,,,,,,,,,,,,,,,,,,,,,,,,,,,,config_only,,False
g0_local_sweep_swd16_k025,,,none,add_proj,0.08,0.08,64,4,0.25,0.0,16.0,0.0,0.0,0.0,0.0,5,False,,,64,32,0.0002,10,10,1,,,,,,,,,,,,,,,,,,,,,,,,,,,,,config_only,,False
g0_local_sweep_swd16_k030,,,none,add_proj,0.08,0.08,64,4,0.3,0.0,16.0,0.0,0.0,0.0,0.0,5,False,,,64,32,0.0002,10,10,1,,,,,,,,,,,,,,,,,,,,,,,,,,,,,config_only,,False
g0_local_sweep_swd20_k025,,,none,add_proj,0.08,0.08,64,4,0.25,0.0,20.0,0.0,0.0,0.0,0.0,5,False,,,64,32,0.0002,10,10,1,,,,,,,,,,,,,,,,,,,,,,,,,,,,,config_only,,False
g0_lockdown_e15s1_b32,,,normalized,add_proj,0.12,0.08,64,4,2.0,4.0,15.0,0.0,15.0,0.0,0.0,5,True,3|5|7|15,64,64,32,0.0001,15,1,1,,,,,,,,,,,,,,,,,,,,,,,,,,,,,config_only,,False
g0_lockdown_e15s1_b32,epoch_0001,1,normalized,add_proj,0.12,0.08,64,4,2.0,4.0,15.0,0.0,15.0,0.0,0.0,5,True,3|5|7|15,64,64,32,0.0001,15,1,1,0.6727557090123496,0.0,0.40251263518666663,0.5974873648133334,0.6727557090123496,0.0,0.40251263518666663,0.5974873648133334,0.6438180422782899,0.0,0.4070342361833334,0.5929657638166665,0.6092805090049902,0.0,0.431472156,0.03577030126666669,,,,,,,,,,,,,ok,0,True
g0_lockdown_e15s1_b32,epoch_0002,2,normalized,add_proj,0.12,0.08,64,4,2.0,4.0,15.0,0.0,15.0,0.0,0.0,5,True,3|5|7|15,64,64,32,0.0001,15,1,1,0.6855287501811981,0.8240854298666668,0.42053871508,0.57946128492,0.6855287501811981,0.8240854298666668,0.42053871508,0.57946128492,0.6600321245193481,0.8220168752000001,0.4257554856333334,0.5742445143666666,0.6227686457335948,0.8617223145833333,0.42437881033333336,0.03577030126666669,,,,,,,,,,,,,ok,0,True
g0_lockdown_e15s1_b32,epoch_0003,3,normalized,add_proj,0.12,0.08,64,4,2.0,4.0,15.0,0.0,15.0,0.0,0.0,5,True,3|5|7|15,64,64,32,0.0001,15,1,1,0.6872056279977162,0.8092350948666668,0.4382829364533333,0.5617170635466666,0.6872056279977162,0.8092350948666668,0.4382829364533333,0.5617170635466666,0.6631877952814101,0.8071774917166665,0.44293958018333324,0.5570604198166668,0.6303559000293414,0.850767644,0.44206688208333333,0.03577030126666669,,,,,,,,,,,,,ok,0,True
g0_off_manifold_explosion10,,,none,add_proj,0.08,0.08,64,4,0.05,0.0,50.0,0.0,0.0,0.0,0.0,5,False,,,64,32,0.0002,10,10,1,,,,,,,,,,,,,,,,,,,,,,,,,,,,,config_only,,False
g0_off_manifold_softbackoff10,,,none,add_proj,0.08,0.08,64,4,0.15,0.0,20.0,0.0,0.0,0.0,0.0,5,False,,,64,32,0.0002,10,10,1,,,,,,,,,,,,,,,,,,,,,,,,,,,,,config_only,,False
g0_probe_cycle10,,,none,add_proj,0.08,0.08,64,4,0.3,0.2,16.0,0.0,0.0,0.0,0.0,5,False,,,64,32,0.0002,10,10,1,,,,,,,,,,,,,,,,,,,,,,,,,,,,,config_only,,False
g0_probe_fullband_stable10,,,none,add_proj,0.08,0.08,64,4,0.3,0.0,16.0,0.0,0.0,0.0,0.0,5,False,,,64,32,0.0002,10,10,1,,,,,,,,,,,,,,,,,,,,,,,,,,,,,config_only,,False
g0_probe_nce10,,,none,add_proj,0.08,0.08,64,4,0.3,0.0,16.0,0.0,0.0,0.0,0.1,5,False,,,64,32,0.0002,10,10,1,,,,,,,,,,,,,,,,,,,,,,,,,,,,,config_only,,False
g0_probe_repulsive10,,,none,add_proj,0.08,0.08,64,4,0.3,0.0,16.0,0.0,0.0,0.2,0.0,5,False,,,64,32,0.0002,10,10,1,,,,,,,,,,,,,,,,,,,,,,,,,,,,,config_only,,False
g0_universe_center,,,none,add_proj,0.08,0.08,64,4,1.5,1.0,8.0,0.0,1.0,0.0,0.0,5,True,,,64,108,0.0002,60,10,1,,,,,,,,,,,,,,,,,,,,,,,,,,,,,config_only,,False
g0_universe_center,epoch_0010,10,none,add_proj,0.08,0.08,64,4,1.5,1.0,8.0,0.0,1.0,0.0,0.0,5,True,,,64,108,0.0002,60,10,1,0.6780559357802072,0.8714731525866667,0.35058518131999994,0.6494148186800001,0.6780559357802072,0.8714731525866667,0.35058518131999994,0.6494148186800001,0.6449059115846951,0.8693479076666666,0.3541673584666667,0.6458326415333333,0.6103884220123291,0.8472491355,0.3533070545,,,,,,,,,,,,,,ok,0,True
g0_universe_center,epoch_0020,20,none,add_proj,0.08,0.08,64,4,1.5,1.0,8.0,0.0,1.0,0.0,0.0,5,True,,,64,108,0.0002,60,10,1,0.679267979423205,0.8729952111999999,0.35114925034666666,0.6488507496533333,0.679267979423205,0.8729952111999999,0.35114925034666666,0.6488507496533333,0.6460470213989418,0.8705335045166667,0.3550892660333333,0.6449107339666666,0.6179470099508763,0.8354402120833332,0.3659854575000001,,,,,,,,,,,,,,ok,0,True
g0_universe_center,epoch_0030,30,none,add_proj,0.08,0.08,64,4,1.5,1.0,8.0,0.0,1.0,0.0,0.0,5,True,,,64,108,0.0002,60,10,1,0.6828021094799043,0.8652454447733335,0.3589444050266667,0.6410555949733333,0.6828021094799043,0.8652454447733335,0.3589444050266667,0.6410555949733333,0.6501874884963035,0.8620863207999999,0.3635676510333334,0.6364323489666666,0.6113875033954779,0.8438502795833333,0.3593226335833334,,,,,,,,,,,,,,ok,0,True
g0_universe_center,epoch_0040,40,none,add_proj,0.08,0.08,64,4,1.5,1.0,8.0,0.0,1.0,0.0,0.0,5,True,,,64,108,0.0002,60,10,1,0.6809645344813664,0.8703576917466667,0.35295575372000004,0.6470442462799999,0.6809645344813664,0.8703576917466667,0.35295575372000004,0.6470442462799999,0.6480549950897694,0.8677592732333332,0.35714692815000004,0.64285307185,0.6075485199689865,0.8508464028333333,0.34882868474999995,,,,,,,,,,,,,,ok,0,True
g0_universe_center,epoch_0050,50,none,add_proj,0.08,0.08,64,4,1.5,1.0,8.0,0.0,1.0,0.0,0.0,5,True,,,64,108,0.0002,60,10,1,0.6819914029041927,0.8640474730000001,0.3601072769466666,0.6398927230533333,0.6819914029041927,0.8640474730000001,0.3601072769466666,0.6398927230533333,0.6497568873067696,0.8610471394666666,0.36404233188333335,0.6359576681166667,0.6136139700810115,0.838368145,0.36492595466666666,,,,,,,,,,,,,,ok,0,True
g0_universe_center,epoch_0060,60,none,add_proj,0.08,0.08,64,4,1.5,1.0,8.0,0.0,1.0,0.0,0.0,5,True,,,64,108,0.0002,60,10,1,0.6821487712462742,0.86749791236,0.35619124432000004,0.64380875568,0.6821487712462742,0.86749791236,0.35619124432000004,0.64380875568,0.6495762327810128,0.8642990497500002,0.3603689435166667,0.6396310564833333,0.6114739961922169,0.8427964050833333,0.35976997866666666,,,,,,,,,,,,,,ok,0,True
g0_universe_center_adain20,,,none,add_proj,0.08,0.08,64,4,1.5,1,1,0.0,1,0.0,0.0,5,True,,,64,32,0.0002,20,10,1,,,,,,,,,,,,,,,,,,,,,,,,,,,,,config_only,,False
g0_universe_center_ste_fix,,,none,add_proj,0.08,0.08,64,4,1.5,1.0,8.0,0.0,1.0,0.0,0.0,5,True,,,64,32,0.0002,30,10,1,,,,,,,,,,,,,,,,,,,,,,,,,,,,,config_only,,False
g0_universe_center_ste_fix,epoch_0010,10,none,add_proj,0.08,0.08,64,4,1.5,1.0,8.0,0.0,1.0,0.0,0.0,5,True,,,64,32,0.0002,30,10,1,0.6751708556811016,0.8836494637866665,0.32637367028666664,0.6736263297133334,0.6751708556811016,0.8836494637866665,0.32637367028666664,0.6736263297133334,0.6393781866629917,0.8826413848666667,0.32800635734999994,0.6719936426500001,0.6001260722676912,0.8461478293333333,0.3370820118333333,,,,,,,,,,,,,,ok,0,True
g0_universe_center_ste_fix,epoch_0020,20,none,add_proj,0.08,0.08,64,4,1.5,1.0,8.0,0.0,1.0,0.0,0.0,5,True,,,64,32,0.0002,30,10,1,0.6752993747790654,0.88524198504,0.32540572496799997,0.674594275032,0.6752993747790654,0.88524198504,0.32540572496799997,0.674594275032,0.6396456743776798,0.8841831607000001,0.32704513441666666,0.6729548655833333,0.6008726666371027,0.8568732439166667,0.3336976328333333,,,,,,,,,,,,,,ok,0,True
g10_loose_l1,,,,,,,,,,,,,,,,7,,,,,,,,,,,,,,,,,,,,,,,,,,,,,,,,,,,,,,config_only,,False
g10_thermal_soft_collapse,,,none,add_proj,0.2,0.08,64,4,1.5,1.0,8.0,0.0,1.0,0.0,0.0,5,True,,,64,108,0.0002,60,10,1,,,,,,,,,,,,,,,,,,,,,,,,,,,,,config_only,,False
g11_blind_men_slicing,,,none,add_proj,0.08,0.08,64,4,1.5,1.0,8.0,0.0,1.0,0.0,0.0,5,True,,,16,108,0.0002,60,10,1,,,,,,,,,,,,,,,,,,,,,,,,,,,,,config_only,,False
g11_cycle_drop,,,,,,,,,,0.0,,,,,,,,,,,,,,,,,,,,,,,,,,,,,,,,,,,,,,,,,,,,config_only,,False
g12_limit_approximation,,,none,add_proj,0.08,0.08,64,4,1.5,1.0,8.0,0.0,1.0,0.0,0.0,5,True,,,128,108,0.0002,60,10,1,,,,,,,,,,,,,,,,,,,,,,,,,,,,,config_only,,False
g1_absolute_release,,,none,add_proj,0.08,0.08,64,4,0.5,1.0,8.0,0.0,1.0,0.0,0.0,5,True,,,64,108,0.0002,60,10,1,,,,,,,,,,,,,,,,,,,,,,,,,,,,,config_only,,False
g1_absolute_release,epoch_0010,10,none,add_proj,0.08,0.08,64,4,0.5,1.0,8.0,0.0,1.0,0.0,0.0,5,True,,,64,108,0.0002,60,10,1,0.6849864027897518,0.8336534910666668,0.3869466668133333,0.6130533331866668,0.6849864027897518,0.8336534910666668,0.3869466668133333,0.6130533331866668,0.6569009771446386,0.8305626494,0.39203594331666664,0.6079640566833333,0.6206286254028479,0.8202764981666667,0.3935617015,,,,,,,,,,,,,,ok,0,True
g1_absolute_release,epoch_0020,20,none,add_proj,0.08,0.08,64,4,0.5,1.0,8.0,0.0,1.0,0.0,0.0,5,True,,,64,108,0.0002,60,10,1,0.6833648742834728,0.8111319587866666,0.40778797012,0.59221202988,0.6833648742834728,0.8111319587866666,0.40778797012,0.59221202988,0.6578377986947694,0.8094892187166666,0.41156129083333326,0.5884387091666667,0.6299644708633423,0.7968389000833334,0.42024295308333337,,,,,,,,,,,,,,ok,0,True
g1_absolute_release,epoch_0030,30,none,add_proj,0.08,0.08,64,4,0.5,1.0,8.0,0.0,1.0,0.0,0.0,5,True,,,64,108,0.0002,60,10,1,0.6847808255751928,0.8258949352533334,0.3965780349733333,0.6034219650266667,0.6847808255751928,0.8258949352533334,0.3965780349733333,0.6034219650266667,0.6573758308589458,0.8239665586500001,0.40066924403333337,0.5993307559666666,0.6219170408944289,0.8160818198333333,0.396580505,,,,,,,,,,,,,,ok,0,True
g1_absolute_release,epoch_0040,40,none,add_proj,0.08,0.08,64,4,0.5,1.0,8.0,0.0,1.0,0.0,0.0,5,True,,,64,108,0.0002,60,10,1,0.6848821065425874,0.8062778941466666,0.41612352214666665,0.5838764778533334,0.6848821065425874,0.8062778941466666,0.41612352214666665,0.5838764778533334,0.6591613498330117,0.8036346730166665,0.4198229962000001,0.5801770037999999,0.6315154855449994,0.79494105825,0.4193957590833334,,,,,,,,,,,,,,ok,0,True
g1_absolute_release,epoch_0050,50,none,add_proj,0.08,0.08,64,4,0.5,1.0,8.0,0.0,1.0,0.0,0.0,5,True,,,64,108,0.0002,60,10,1,0.6860313583612441,0.8128451509066665,0.4106869910266667,0.5893130089733333,0.6860313583612441,0.8128451509066665,0.4106869910266667,0.5893130089733333,0.6595869873464107,0.8100300722666665,0.41472192198333335,0.5852780780166666,0.6315359100699425,0.7939461875833334,0.4172941549166667,,,,,,,,,,,,,,ok,0,True
g1_absolute_release,epoch_0060,60,none,add_proj,0.08,0.08,64,4,0.5,1.0,8.0,0.0,1.0,0.0,0.0,5,True,,,64,108,0.0002,60,10,1,0.6884728274345399,0.8095950984400001,0.41750952821333326,0.5824904717866668,0.6884728274345399,0.8095950984400001,0.41750952821333326,0.5824904717866668,0.6624195984999339,0.8067251982666667,0.42174447005,0.5782555299500001,0.6368502592047056,0.7939212909166669,0.4228654535,,,,,,,,,,,,,,ok,0,True
g1_high_tension_base,,,none,add_proj,0.08,0.08,64,4,2.0,1.0,5.0,0.0,1.0,0.0,0.0,7,True,,,64,32,0.0002,80,10,1,,,,,,,,,,,,,,,,,,,,,,,,,,,,,config_only,,False
g1_high_tension_base,epoch_0010,10,none,add_proj,0.08,0.08,64,4,2.0,1.0,5.0,0.0,1.0,0.0,0.0,7,True,,,64,96,0.0002,80,10,1,0.6720274108250937,0.8905327024666667,0.3159436600666667,0.6840563399333333,0.6720274108250937,0.8905327024666667,0.3159436600666667,0.6840563399333333,0.6361061705152194,0.8887663575166664,0.31814220550000005,0.6818577945,0.5977219509581725,0.8624832952499999,0.32570651725000005,,,,,,,,,,,,,,ok,0,True
g1_high_tension_base,epoch_0020,20,none,add_proj,0.08,0.08,64,4,2.0,1.0,5.0,0.0,1.0,0.0,0.0,7,True,,,64,96,0.0002,80,10,1,0.6724355041980743,0.8868870888000001,0.3239488365333334,0.6760511634666666,0.6724355041980743,0.8868870888000001,0.3239488365333334,0.6760511634666666,0.6368227356672287,0.8852588149833334,0.3262542117333334,0.6737457882666666,0.5950538809100787,0.8667804634166667,0.3257572880833334,,,,,,,,,,,,,,ok,0,True
g1_high_tension_base,epoch_0030,30,none,add_proj,0.08,0.08,64,4,2.0,1.0,5.0,0.0,1.0,0.0,0.0,7,True,,,64,96,0.0002,80,10,1,0.6734725915193558,0.8862539184533332,0.32424171471999996,0.67575828528,0.6734725915193558,0.8862539184533332,0.32424171471999996,0.67575828528,0.6376110561192034,0.8843400318166668,0.32669936175,0.67330063825,0.5959027027090391,0.8570713560000001,0.3342668637499999,,,,,,,,,,,,,,ok,0,True
g1_high_tension_base,epoch_0040,40,none,add_proj,0.08,0.08,64,4,2.0,1.0,5.0,0.0,1.0,0.0,0.0,7,True,,,64,96,0.0002,80,10,1,0.67319489188989,0.8862993566,0.32321462488,0.6767853751199999,0.67319489188989,0.8862993566,0.32321462488,0.6767853751199999,0.6377674587070943,0.88453088505,0.32559755795000006,0.6744024420499999,0.591221097111702,0.8746683968333333,0.32004409575000003,,,,,,,,,,,,,,ok,0,True
g1_high_tension_base,epoch_0050,50,none,add_proj,0.08,0.08,64,4,2.0,1.0,5.0,0.0,1.0,0.0,0.0,7,True,,,64,96,0.0002,80,10,1,0.6726242688894272,0.8852555106400001,0.3267445202133333,0.6732554797866668,0.6726242688894272,0.8852555106400001,0.3267445202133333,0.6732554797866668,0.6370309530198576,0.8833808149833333,0.3293027162833334,0.6706972837166666,0.5922086569170157,0.8678281346666668,0.3285978239166667,,,,,,,,,,,,,,ok,0,True
g1_high_tension_base,epoch_0060,60,none,add_proj,0.08,0.08,64,4,2.0,1.0,5.0,0.0,1.0,0.0,0.0,7,True,,,64,96,0.0002,80,10,1,0.6717857921520869,0.8914753035733334,0.31942290974666665,0.6805770902533333,0.6717857921520869,0.8914753035733334,0.31942290974666665,0.6805770902533333,0.6354213374356429,0.8898703051833333,0.32200357046666667,0.6779964295333334,0.5910181182126204,0.8714586325833333,0.32412030675,,,,,,,,,,,,,,ok,0,True
g1_high_tension_base,epoch_0070,70,none,add_proj,0.08,0.08,64,4,2.0,1.0,5.0,0.0,1.0,0.0,0.0,7,True,,,64,96,0.0002,80,10,1,0.6740868382851284,0.8843030336666667,0.32984314416,0.67015685584,0.6740868382851284,0.8843030336666667,0.32984314416,0.67015685584,0.6384493211408457,0.8820402594333332,0.3331381341333334,0.6668618658666666,0.5928836594025294,0.8651114383333334,0.33189071308333334,,,,,,,,,,,,,,ok,0,True
g1_high_tension_base,epoch_0080,80,none,add_proj,0.08,0.08,64,4,2.0,1.0,5.0,0.0,1.0,0.0,0.0,7,True,,,64,96,0.0002,80,10,1,0.6746037958860398,0.8818405274933332,0.3313697511466666,0.6686302488533333,0.6746037958860398,0.8818405274933332,0.3313697511466666,0.6686302488533333,0.6391894756257533,0.8793739453666666,0.3346539605166666,0.6653460394833334,0.5953005152444044,0.862392763,0.33348662041666666,,,,,,,,,,,,,,ok,0,True
g1_micro_only,,,none,add_proj,0.12,0.08,64,4,0.45,0.2,10.0,0.0,1.0,0.0,0.0,5,True,1|3|5,64,64,108,0.0002,60,10,1,,,,,,,,,,,,,,,,,,,,,,,,,,,,,config_only,,False
g1_micro_only,epoch_0010,10,none,add_proj,0.12,0.08,64,4,0.45,0.2,10.0,0.0,1.0,0.0,0.0,5,True,1|3|5,64,64,108,0.0002,60,10,1,0.7000645939509075,0.7732791451066667,0.48879334651999995,0.51120665348,0.7000645939509075,0.7732791451066667,0.48879334651999995,0.51120665348,0.6796680843830109,0.7712699392333334,0.4942147969833333,0.5057852030166667,0.6658415570855141,0.7791014911666666,0.49705023824999994,,,,,,,,,,,,,,ok,0,True
g1_micro_only,epoch_0020,20,none,add_proj,0.12,0.08,64,4,0.45,0.2,10.0,0.0,1.0,0.0,0.0,5,True,1|3|5,64,64,108,0.0002,60,10,1,0.7011581232150396,0.7801843498533333,0.4801550437466666,0.5198449562533334,0.7011581232150396,0.7801843498533333,0.4801550437466666,0.5198449562533334,0.6806957020858924,0.7785973889333333,0.4865426250333334,0.5134573749666667,0.6665357192357382,0.7786108109166667,0.493076889,,,,,,,,,,,,,,ok,0,True
g1_micro_only,epoch_0030,30,none,add_proj,0.12,0.08,64,4,0.45,0.2,10.0,0.0,1.0,0.0,0.0,5,True,1|3|5,64,64,108,0.0002,60,10,1,0.703572993795077,0.7643527041600001,0.50460681592,0.49539318408,0.703572993795077,0.7643527041600001,0.50460681592,0.49539318408,0.6840905070801576,0.7622026243166667,0.5106465511333333,0.48935344886666665,0.6741756146152814,0.7614997599166669,0.5259308261666666,,,,,,,,,,,,,,ok,0,True
g1_micro_only,epoch_0040,40,none,add_proj,0.12,0.08,64,4,0.45,0.2,10.0,0.0,1.0,0.0,0.0,5,True,1|3|5,64,64,108,0.0002,60,10,1,0.7036984631617864,0.7474753635733333,0.5159876130266666,0.4840123869733334,0.7036984631617864,0.7474753635733333,0.5159876130266666,0.4840123869733334,0.6857734251519044,0.7451109599000001,0.5218814654666667,0.4781185345333333,0.6774229104320209,0.7447008257500001,0.5265565700833333,,,,,,,,,,,,,,ok,0,True
g1_micro_only,epoch_0050,50,none,add_proj,0.12,0.08,64,4,0.45,0.2,10.0,0.0,1.0,0.0,0.0,5,True,1|3|5,64,64,108,0.0002,60,10,1,0.700724682688713,0.7355060954133333,0.52750413236,0.47249586763999996,0.700724682688713,0.7355060954133333,0.52750413236,0.47249586763999996,0.6845569658776125,0.7340993719833333,0.5327581372999999,0.4672418627000001,0.679039153456688,0.7395132103333334,0.5352849863333334,,,,,,,,,,,,,,ok,0,True
g1_micro_only,epoch_0060,60,none,add_proj,0.12,0.08,64,4,0.45,0.2,10.0,0.0,1.0,0.0,0.0,5,True,1|3|5,64,64,108,0.0002,60,10,1,0.7017492681741715,0.7350648123066665,0.5283767360133333,0.47162326398666665,0.7017492681741715,0.7350648123066665,0.5283767360133333,0.47162326398666665,0.6855198862651983,0.7336812862666666,0.5335357717333332,0.4664642282666668,0.6805799822012584,0.7402588556666667,0.5415699041666666,,,,,,,,,,,,,,ok,0,True
g2_absolute_freeze,,,none,add_proj,0.08,0.08,64,4,4.0,1.0,8.0,0.0,1.0,0.0,0.0,5,True,,,64,108,0.0002,60,10,1,,,,,,,,,,,,,,,,,,,,,,,,,,,,,config_only,,False
g2_absolute_freeze,epoch_0010,10,none,add_proj,0.08,0.08,64,4,4.0,1.0,8.0,0.0,1.0,0.0,0.0,5,True,,,64,108,0.0002,60,10,1,0.6705365416606268,0.89511474084,0.31642063517333335,0.6835793648266666,0.6705365416606268,0.89511474084,0.31642063517333335,0.6835793648266666,0.6345202725629012,0.89406642665,0.3187848200833333,0.6812151799166667,0.5919948535660903,0.8758096760833332,0.3231299118333333,,,,,,,,,,,,,,ok,0,True
g2_absolute_freeze,epoch_0020,20,none,add_proj,0.08,0.08,64,4,4.0,1.0,8.0,0.0,1.0,0.0,0.0,5,True,,,64,108,0.0002,60,10,1,0.670039520184199,0.8905833065333334,0.31925480552,0.68074519448,0.670039520184199,0.8905833065333334,0.31925480552,0.68074519448,0.6339237181345622,0.8889060594666667,0.3217271673166667,0.6782728326833334,0.5915365427732469,0.8694333349166666,0.3307338598333333,,,,,,,,,,,,,,ok,0,True
g2_absolute_freeze,epoch_0030,30,none,add_proj,0.08,0.08,64,4,4.0,1.0,8.0,0.0,1.0,0.0,0.0,5,True,,,64,108,0.0002,60,10,1,0.6700571186939875,0.8965199412933333,0.315724256,0.684275744,0.6700571186939875,0.8965199412933333,0.315724256,0.684275744,0.6335840452214081,0.89511945125,0.31801973214999996,0.68198026785,0.58630550801754,0.8783763671666667,0.3241976535,,,,,,,,,,,,,,ok,0,True
g2_absolute_freeze,epoch_0040,40,none,add_proj,0.08,0.08,64,4,4.0,1.0,8.0,0.0,1.0,0.0,0.0,5,True,,,64,108,0.0002,60,10,1,0.6707881795962652,0.8935041974133333,0.31728901572,0.68271098428,0.6707881795962652,0.8935041974133333,0.31728901572,0.68271098428,0.6347618168095747,0.8923880611166668,0.31943957695,0.68056042305,0.5865343185762565,0.8833219595833333,0.31762832491666665,,,,,,,,,,,,,,ok,0,True
g2_absolute_freeze,epoch_0050,50,none,add_proj,0.08,0.08,64,4,4.0,1.0,8.0,0.0,1.0,0.0,0.0,5,True,,,64,108,0.0002,60,10,1,0.6718536007801691,0.8912474831066666,0.322855007,0.677144993,0.6718536007801691,0.8912474831066666,0.322855007,0.677144993,0.6357810424268245,0.8897561436999999,0.32495767065000003,0.67504232935,0.5882961871723333,0.8720603785833333,0.330979879,,,,,,,,,,,,,,ok,0,True
g2_absolute_freeze,epoch_0060,60,none,add_proj,0.08,0.08,64,4,4.0,1.0,8.0,0.0,1.0,0.0,0.0,5,True,,,64,108,0.0002,60,10,1,0.6717312361399332,0.8930430487200001,0.32098181537333337,0.6790181846266666,0.6717312361399332,0.8930430487200001,0.32098181537333337,0.6790181846266666,0.6353896616895993,0.8916539578333333,0.32307979094999995,0.67692020905,0.5877953869601091,0.8769216049166667,0.3254862768333333,,,,,,,,,,,,,,ok,0,True
g2_macro_only,,,,,,,,,,,,,,,,,,9|15|21,,,,,,,,,,,,,,,,,,,,,,,,,,,,,,,,,,,,config_only,,False
g2_swd_nuke,,,none,add_proj,0.08,0.08,64,4,2.0,1.0,12.0,0.0,1.0,0.0,0.0,7,True,,,64,32,0.0002,80,10,1,,,,,,,,,,,,,,,,,,,,,,,,,,,,,config_only,,False
g2_swd_nuke,epoch_0010,10,none,add_proj,0.08,0.08,64,4,2.0,1.0,12.0,0.0,1.0,0.0,0.0,7,True,,,64,96,0.0002,80,10,1,0.6836629557609559,0.8633757671333333,0.35635688733333337,0.6436431126666666,0.6836629557609559,0.8633757671333333,0.35635688733333337,0.6436431126666666,0.6519054359197616,0.8606682414666667,0.36010776963333335,0.6398922303666666,0.6185462273657323,0.8398221914999999,0.35987312425000006,,,,,,,,,,,,,,ok,0,True
g2_swd_nuke,epoch_0020,20,none,add_proj,0.08,0.08,64,4,2.0,1.0,12.0,0.0,1.0,0.0,0.0,7,True,,,64,96,0.0002,80,10,1,0.6832533504962922,0.8638559943333333,0.35376565168000007,0.6462343483199999,0.6832533504962922,0.8638559943333333,0.35376565168000007,0.6462343483199999,0.6509929897387823,0.8616543103833335,0.35777831246666664,0.6422216875333333,0.6228485733270644,0.8260710589166665,0.3653976459166667,,,,,,,,,,,,,,ok,0,True
g2_swd_nuke,epoch_0030,30,none,add_proj,0.08,0.08,64,4,2.0,1.0,12.0,0.0,1.0,0.0,0.0,7,True,,,64,96,0.0002,80,10,1,0.6858238805929819,0.8493313156666666,0.3737198439733333,0.6262801560266666,0.6858238805929819,0.8493313156666666,0.3737198439733333,0.6262801560266666,0.6551340855161348,0.8463391469666668,0.3780473289,0.6219526711000001,0.6304587369163832,0.81578772825,0.3783474493333334,,,,,,,,,,,,,,ok,0,True
g2_swd_nuke,epoch_0040,40,none,add_proj,0.08,0.08,64,4,2.0,1.0,12.0,0.0,1.0,0.0,0.0,7,True,,,64,96,0.0002,80,10,1,0.685831103682518,0.8565687021599999,0.3678601879466667,0.6321398120533332,0.685831103682518,0.8565687021599999,0.3678601879466667,0.6321398120533332,0.6543743003904818,0.8536765108333333,0.3728434120333334,0.6271565879666666,0.6262879505753517,0.8225740301666666,0.3736269403333333,,,,,,,,,,,,,,ok,0,True
g2_swd_nuke,epoch_0050,50,none,add_proj,0.08,0.08,64,4,2.0,1.0,12.0,0.0,1.0,0.0,0.0,7,True,,,64,96,0.0002,80,10,1,0.6850750102599461,0.8553668302399998,0.3681330585066667,0.6318669414933333,0.6850750102599461,0.8553668302399998,0.3681330585066667,0.6318669414933333,0.6543375041584173,0.85299688545,0.37335360446666666,0.6266463955333333,0.6286298766732217,0.8164398235833334,0.3855878430833334,,,,,,,,,,,,,,ok,0,True
g2_swd_nuke,epoch_0060,60,none,add_proj,0.08,0.08,64,4,2.0,1.0,12.0,0.0,1.0,0.0,0.0,7,True,,,64,96,0.0002,80,10,1,0.6856274531284967,0.8527678402,0.36906659526666663,0.6309334047333334,0.6856274531284967,0.8527678402,0.36906659526666663,0.6309334047333334,0.6547174702584744,0.8497363824333333,0.37398276305,0.62601723695,0.6265078475077948,0.8210020945833334,0.378245798,,,,,,,,,,,,,,ok,0,True
g2_swd_nuke,epoch_0070,70,none,add_proj,0.08,0.08,64,4,2.0,1.0,12.0,0.0,1.0,0.0,0.0,7,True,,,64,96,0.0002,80,10,1,0.6852674742539725,0.8571341487066667,0.3678461500533334,0.6321538499466666,0.6852674742539725,0.8571341487066667,0.3678461500533334,0.6321538499466666,0.6535337194800377,0.8535737195166668,0.37282178494999996,0.62717821505,0.6244039724270503,0.8253668693333334,0.3760976773333333,,,,,,,,,,,,,,ok,0,True
g2_swd_nuke,epoch_0080,80,none,add_proj,0.08,0.08,64,4,2.0,1.0,12.0,0.0,1.0,0.0,0.0,7,True,,,64,96,0.0002,80,10,1,0.6853091899951299,0.8566805662933333,0.3683556765066667,0.6316443234933333,0.6853091899951299,0.8566805662933333,0.3683556765066667,0.6316443234933333,0.653575786302487,0.8534303539166668,0.37350039086666664,0.6264996091333334,0.6257835609217486,0.8236860432499999,0.37918009249999995,,,,,,,,,,,,,,ok,0,True
g3_bimodal_split,,,,,,,,,,,,,,,,,,3|25,,,,,,,,,,,,,,,,,,,,,,,,,,,,,,,,,,,,config_only,,False
g3_gravity_black_hole,,,none,add_proj,0.08,0.08,64,4,1.5,1.0,20.0,0.0,1.0,0.0,0.0,5,True,,,64,108,0.0002,60,10,1,,,,,,,,,,,,,,,,,,,,,,,,,,,,,config_only,,False
g3_gravity_black_hole,epoch_0010,10,none,add_proj,0.08,0.08,64,4,1.5,1.0,20.0,0.0,1.0,0.0,0.0,5,True,,,64,108,0.0002,60,10,1,0.6888311388889947,0.8310344316800001,0.3974763964266667,0.6025236035733332,0.6888311388889947,0.8310344316800001,0.3974763964266667,0.6025236035733332,0.6603848051528136,0.82747725515,0.4018593420166667,0.5981406579833333,0.631966945528984,0.8034716051666666,0.4089934825,,,,,,,,,,,,,,ok,0,True
g3_gravity_black_hole,epoch_0020,20,none,add_proj,0.08,0.08,64,4,1.5,1.0,20.0,0.0,1.0,0.0,0.0,5,True,,,64,108,0.0002,60,10,1,0.6918291635513306,0.8285907248400001,0.4064771985733333,0.5935228014266667,0.6918291635513306,0.8285907248400001,0.4064771985733333,0.5935228014266667,0.6641561039288838,0.8249392388166668,0.4116731908166667,0.5883268091833334,0.638289759059747,0.79041820175,0.42443813775000006,,,,,,,,,,,,,,ok,0,True
g3_gravity_black_hole,epoch_0030,30,none,add_proj,0.08,0.08,64,4,1.5,1.0,20.0,0.0,1.0,0.0,0.0,5,True,,,64,108,0.0002,60,10,1,0.6915522549947103,0.82481696464,0.41160869506666664,0.5883913049333334,0.6915522549947103,0.82481696464,0.41160869506666664,0.5883913049333334,0.664296748538812,0.8208590995666668,0.41679454176666664,0.5832054582333334,0.6405559095243613,0.7856059198333334,0.42990270283333326,,,,,,,,,,,,,,ok,0,True
g3_gravity_black_hole,epoch_0040,40,none,add_proj,0.08,0.08,64,4,1.5,1.0,20.0,0.0,1.0,0.0,0.0,5,True,,,64,108,0.0002,60,10,1,0.6929943629105887,0.8075187264,0.43113964882666667,0.5688603511733333,0.6929943629105887,0.8075187264,0.43113964882666667,0.5688603511733333,0.6677289503812791,0.8033580629333334,0.43649115138333333,0.5635088486166666,0.6471032877763112,0.7787047545833334,0.4374593878333333,,,,,,,,,,,,,,ok,0,True
g3_gravity_black_hole,epoch_0050,50,none,add_proj,0.08,0.08,64,4,1.5,1.0,20.0,0.0,1.0,0.0,0.0,5,True,,,64,108,0.0002,60,10,1,0.6933961660464605,0.8118491515333334,0.42871473086666667,0.5712852691333333,0.6933961660464605,0.8118491515333334,0.42871473086666667,0.5712852691333333,0.6675435517728328,0.8076265637166665,0.43390076656666665,0.5660992334333333,0.6459861439963182,0.7813203280833333,0.4362370205833333,,,,,,,,,,,,,,ok,0,True
g3_gravity_black_hole,epoch_0060,60,none,add_proj,0.08,0.08,64,4,1.5,1.0,20.0,0.0,1.0,0.0,0.0,5,True,,,64,108,0.0002,60,10,1,0.6930753772656122,0.8158092875066666,0.42670669282666673,0.5732933071733333,0.6930753772656122,0.8158092875066666,0.42670669282666673,0.5732933071733333,0.6669385135670505,0.8114024799166668,0.4319445976,0.5680554024,0.6458416990935802,0.7824636149166666,0.4378494321666667,,,,,,,,,,,,,,ok,0,True
g3_kinetic_vise,,,none,add_proj,0.08,0.08,64,4,5.0,1.0,5.0,0.0,1.0,0.0,0.0,7,True,,,64,32,0.0002,80,10,1,,,,,,,,,,,,,,,,,,,,,,,,,,,,,config_only,,False
g4_brittle_flow,,,none,add_proj,0.08,0.08,64,4,0.5,1.0,8.0,0.0,1.0,0.0,0.0,7,True,,,64,32,0.0002,80,10,1,,,,,,,,,,,,,,,,,,,,,,,,,,,,,config_only,,False
g4_gravity_vacuum,,,none,add_proj,0.08,0.08,64,4,1.5,1.0,2.0,0.0,1.0,0.0,0.0,5,True,,,64,108,0.0002,60,10,1,,,,,,,,,,,,,,,,,,,,,,,,,,,,,config_only,,False
g4_gravity_vacuum,epoch_0010,10,none,add_proj,0.08,0.08,64,4,1.5,1.0,2.0,0.0,1.0,0.0,0.0,5,True,,,64,108,0.0002,60,10,1,0.6652050688664118,0.90077032088,0.30366100335466667,0.6963389966453333,0.6652050688664118,0.90077032088,0.30366100335466667,0.6963389966453333,0.6278892404337725,0.9002957607833334,0.3046896472766666,0.6953103527233334,0.579480242729187,0.8930648478333333,0.3050284809166667,,,,,,,,,,,,,,ok,0,True
g4_gravity_vacuum,epoch_0020,20,none,add_proj,0.08,0.08,64,4,1.5,1.0,2.0,0.0,1.0,0.0,0.0,5,True,,,64,108,0.0002,60,10,1,0.6666623459657033,0.8991727625333334,0.30654861372000003,0.69345138628,0.6666623459657033,0.8991727625333334,0.30654861372000003,0.69345138628,0.6297371393442155,0.8984197602,0.3077741586333333,0.6922258413666666,0.5826450889309247,0.8847537905,0.31355969008333334,,,,,,,,,,,,,,ok,0,True
g4_gravity_vacuum,epoch_0030,30,none,add_proj,0.08,0.08,64,4,1.5,1.0,2.0,0.0,1.0,0.0,0.0,5,True,,,64,108,0.0002,60,10,1,0.6674479440053304,0.8974149043733333,0.30885207161333333,0.6911479283866666,0.6674479440053304,0.8974149043733333,0.30885207161333333,0.6911479283866666,0.6306654890378316,0.8965129269000001,0.31014444686666665,0.6898555531333334,0.5844386396308741,0.8801006736666668,0.31789181275,,,,,,,,,,,,,,ok,0,True
g4_gravity_vacuum,epoch_0040,40,none,add_proj,0.08,0.08,64,4,1.5,1.0,2.0,0.0,1.0,0.0,0.0,5,True,,,64,108,0.0002,60,10,1,0.6670362428824107,0.8953201053066667,0.3103806015466667,0.6896193984533333,0.6670362428824107,0.8953201053066667,0.3103806015466667,0.6896193984533333,0.6304035248359046,0.8942907413166667,0.3117586784666667,0.6882413215333333,0.5825650771458943,0.878736187,0.3198765875833333,,,,,,,,,,,,,,ok,0,True
g4_gravity_vacuum,epoch_0050,50,none,add_proj,0.08,0.08,64,4,1.5,1.0,2.0,0.0,1.0,0.0,0.0,5,True,,,64,108,0.0002,60,10,1,0.6665658320188522,0.8982780588666666,0.30809177648,0.69190822352,0.6665658320188522,0.8982780588666666,0.30809177648,0.69190822352,0.629919426292181,0.8976271548166667,0.3093401177166667,0.6906598822833333,0.5788028761744499,0.8830910670833334,0.3150596237500001,,,,,,,,,,,,,,ok,0,True
g4_gravity_vacuum,epoch_0060,60,none,add_proj,0.08,0.08,64,4,1.5,1.0,2.0,0.0,1.0,0.0,0.0,5,True,,,64,108,0.0002,60,10,1,0.6671710766553879,0.8969822009733334,0.30960740763999994,0.6903925923600001,0.6671710766553879,0.8969822009733334,0.30960740763999994,0.6903925923600001,0.6306019374231497,0.8962441121333333,0.31096834654999994,0.6890316534500001,0.58078056499362,0.8820227440833335,0.31641267191666667,,,,,,,,,,,,,,ok,0,True
g4_high_tension,,,,,,,,,0.6,,15.0,,,,,,,,,,,,,,,,,,,,,,,,,,,,,,,,,,,,,,,,,,,config_only,,False
g5_low_tension,,,,,,,,,0.3,,6.0,,,,,,,,,,,,,,,,,,,,,,,,,,,,,,,,,,,,,,,,,,,config_only,,False
g5_midfreq_strangulation,,,none,add_proj,0.08,0.08,64,4,1.5,1.0,8.0,0.0,1.0,0.0,0.0,3,True,,,64,108,0.0002,60,10,1,,,,,,,,,,,,,,,,,,,,,,,,,,,,,config_only,,False
g5_midfreq_strangulation,epoch_0010,10,none,add_proj,0.08,0.08,64,4,1.5,1.0,8.0,0.0,1.0,0.0,0.0,3,True,,,64,108,0.0002,60,10,1,0.6679502857923508,0.8973848096799999,0.32180471142666667,0.6781952885733333,0.6679502857923508,0.8973848096799999,0.32180471142666667,0.6781952885733333,0.6317415201167266,0.8965589969,0.32436474595,0.67563525405,0.5859439382950464,0.8829892611666667,0.3309980885833333,,,,,,,,,,,,,,ok,0,True
g5_midfreq_strangulation,epoch_0020,20,none,add_proj,0.08,0.08,64,4,1.5,1.0,8.0,0.0,1.0,0.0,0.0,3,True,,,64,108,0.0002,60,10,1,0.6705220841566722,0.8965131773733335,0.32362019226666666,0.6763798077333334,0.6705220841566722,0.8965131773733335,0.32362019226666666,0.6763798077333334,0.6342058908939362,0.8953316720833335,0.3262296321166666,0.6737703678833333,0.5897175706923008,0.8800026149166665,0.3310164585833333,,,,,,,,,,,,,,ok,0,True
g5_midfreq_strangulation,epoch_0030,30,none,add_proj,0.08,0.08,64,4,1.5,1.0,8.0,0.0,1.0,0.0,0.0,3,True,,,64,108,0.0002,60,10,1,0.6721541617314021,0.89196386344,0.332781302,0.667218698,0.6721541617314021,0.89196386344,0.332781302,0.667218698,0.6369100514551003,0.8907138354833334,0.3360683747666666,0.6639316252333334,0.592166451861461,0.8697890709166667,0.34520569766666664,,,,,,,,,,,,,,ok,0,True
g5_midfreq_strangulation,epoch_0040,40,none,add_proj,0.08,0.08,64,4,1.5,1.0,8.0,0.0,1.0,0.0,0.0,3,True,,,64,108,0.0002,60,10,1,0.6717671908537547,0.8897447876533334,0.33182712548,0.66817287452,0.6717671908537547,0.8897447876533334,0.33182712548,0.66817287452,0.6367675326267879,0.8888671924166666,0.33381897304999997,0.66618102695,0.5897757964829604,0.873635041,0.33679011833333333,,,,,,,,,,,,,,ok,0,True
g5_midfreq_strangulation,epoch_0050,50,none,add_proj,0.08,0.08,64,4,1.5,1.0,8.0,0.0,1.0,0.0,0.0,3,True,,,64,108,0.0002,60,10,1,0.6733563207785288,0.8867373043466665,0.33775883492000003,0.66224116508,0.6733563207785288,0.8867373043466665,0.33775883492000003,0.66224116508,0.6388346834977469,0.8855542099333332,0.3405784304666667,0.6594215695333333,0.591459142913421,0.8727976304166667,0.34130730524999997,,,,,,,,,,,,,,ok,0,True
g5_midfreq_strangulation,epoch_0060,60,none,add_proj,0.08,0.08,64,4,1.5,1.0,8.0,0.0,1.0,0.0,0.0,3,True,,,64,108,0.0002,60,10,1,0.6741131799221038,0.8860604193066667,0.33883503484,0.66116496516,0.6741131799221038,0.8860604193066667,0.33883503484,0.66116496516,0.6397413858771325,0.8847080179499999,0.341378261,0.658621739,0.592362821350495,0.87080601325,0.3438107116666667,,,,,,,,,,,,,,ok,0,True
g5_the_singularity,,,none,add_proj,0.08,0.08,64,4,3.0,1.0,15.0,0.0,1.0,0.0,0.0,7,True,,,64,32,0.0002,80,10,1,,,,,,,,,,,,,,,,,,,,,,,,,,,,,config_only,,False
g6_cycle_ablation,,,none,add_proj,0.08,0.08,64,4,2.0,0.0,8.0,0.0,1.0,0.0,0.0,7,True,,,64,32,0.0002,80,10,1,,,,,,,,,,,,,,,,,,,,,,,,,,,,,config_only,,False
g6_structure_amnesty,,,none,add_proj,0.08,0.08,64,4,1.5,1.0,8.0,0.0,1.0,0.0,0.0,9,True,,,64,108,0.0002,60,10,1,,,,,,,,,,,,,,,,,,,,,,,,,,,,,config_only,,False
g6_structure_amnesty,epoch_0010,10,none,add_proj,0.08,0.08,64,4,1.5,1.0,8.0,0.0,1.0,0.0,0.0,9,True,,,64,108,0.0002,60,10,1,0.6862324806054434,0.8580340427333334,0.36482156024,0.63517843976,0.6862324806054434,0.8580340427333334,0.36482156024,0.63517843976,0.6546367564797402,0.8554538666500001,0.3682234196333333,0.6317765803666666,0.6220902214447657,0.8337651991666667,0.3676980555,,,,,,,,,,,,,,ok,0,True
g6_structure_amnesty,epoch_0020,20,none,add_proj,0.08,0.08,64,4,1.5,1.0,8.0,0.0,1.0,0.0,0.0,9,True,,,64,108,0.0002,60,10,1,0.6884610537687937,0.8553249606133333,0.37074804119999993,0.6292519588000001,0.6884610537687937,0.8553249606133333,0.37074804119999993,0.6292519588000001,0.6578394200404485,0.8522616532166667,0.3747933818166667,0.6252066181833333,0.6265965377291044,0.8282698690833333,0.37128459158333327,,,,,,,,,,,,,,ok,0,True
g6_structure_amnesty,epoch_0030,30,none,add_proj,0.08,0.08,64,4,1.5,1.0,8.0,0.0,1.0,0.0,0.0,9,True,,,64,108,0.0002,60,10,1,0.6873335374991099,0.85431684628,0.37284754424,0.62715245576,0.6873335374991099,0.85431684628,0.37284754424,0.62715245576,0.656262298822403,0.8513847177333336,0.3770805390333334,0.6229194609666666,0.6249050396184126,0.8303692467500001,0.37130002599999995,,,,,,,,,,,,,,ok,0,True
g6_structure_amnesty,epoch_0040,40,none,add_proj,0.08,0.08,64,4,1.5,1.0,8.0,0.0,1.0,0.0,0.0,9,True,,,64,108,0.0002,60,10,1,0.6858678887287775,0.8554086934666668,0.37186982403999996,0.62813017596,0.6858678887287775,0.8554086934666668,0.37186982403999996,0.62813017596,0.6545985999206703,0.85289940635,0.37542850185,0.62457149815,0.6248134354750315,0.8299992144166667,0.3710075414166667,,,,,,,,,,,,,,ok,0,True
g6_structure_amnesty,epoch_0050,50,none,add_proj,0.08,0.08,64,4,1.5,1.0,8.0,0.0,1.0,0.0,0.0,9,True,,,64,108,0.0002,60,10,1,0.6872859649658203,0.8556442876399999,0.37293277929333335,0.6270672207066667,0.6872859649658203,0.8556442876399999,0.37293277929333335,0.6270672207066667,0.6559703304370246,0.8522578171499999,0.37742002811666675,0.6225799718833332,0.6255073219537736,0.8260752655833332,0.37922442833333336,,,,,,,,,,,,,,ok,0,True
g6_structure_amnesty,epoch_0060,60,none,add_proj,0.08,0.08,64,4,1.5,1.0,8.0,0.0,1.0,0.0,0.0,9,True,,,64,108,0.0002,60,10,1,0.6882782912651697,0.8554358789200001,0.3735462927733333,0.6264537072266667,0.6882782912651697,0.8554358789200001,0.3735462927733333,0.6264537072266667,0.6572607365747294,0.8521724823333333,0.3781535604833334,0.6218464395166666,0.627075295895338,0.8244380054166667,0.38265492683333335,,,,,,,,,,,,,,ok,0,True
g6_zero_friction,,,,,,,,,0.1,,,,,,,,,,,,,,,,,,,,,,,,,,,,,,,,,,,,,,,,,,,,,config_only,,False
g7_flesh_stripping,,,none,add_proj,0.08,0.08,64,4,1.5,0.0,8.0,0.0,1.0,0.0,0.0,5,True,,,64,108,0.0002,60,10,1,,,,,,,,,,,,,,,,,,,,,,,,,,,,,config_only,,False
g7_flesh_stripping,epoch_0010,10,none,add_proj,0.08,0.08,64,4,1.5,0.0,8.0,0.0,1.0,0.0,0.0,5,True,,,64,108,0.0002,60,10,1,0.6821180744171141,0.8622793098799998,0.36170528397333335,0.6382947160266667,0.6821180744171141,0.8622793098799998,0.36170528397333335,0.6382947160266667,0.6499910741051037,0.8595716668,0.3648734458333334,0.6351265541666666,0.6196656617025533,0.8158715695833334,0.3799829014166667,,,,,,,,,,,,,,ok,0,True
g7_flesh_stripping,epoch_0020,20,none,add_proj,0.08,0.08,64,4,1.5,0.0,8.0,0.0,1.0,0.0,0.0,5,True,,,64,108,0.0002,60,10,1,0.6840852764844894,0.85587166364,0.37430337580000006,0.6256966241999999,0.6840852764844894,0.85587166364,0.37430337580000006,0.6256966241999999,0.6527227438986302,0.853495154,0.37782950098333334,0.6221704990166667,0.6247581303119659,0.8155460851666665,0.3855580001666667,,,,,,,,,,,,,,ok,0,True
g7_flesh_stripping,epoch_0030,30,none,add_proj,0.08,0.08,64,4,1.5,0.0,8.0,0.0,1.0,0.0,0.0,5,True,,,64,108,0.0002,60,10,1,0.6845975341002145,0.85190785256,0.37520954232000003,0.62479045768,0.6845975341002145,0.85190785256,0.37520954232000003,0.62479045768,0.6540410304069519,0.8496230332833333,0.37857295471666663,0.6214270452833334,0.6251408765713373,0.8099554168333335,0.3915871774166666,,,,,,,,,,,,,,ok,0,True
g7_flesh_stripping,epoch_0040,40,none,add_proj,0.08,0.08,64,4,1.5,0.0,8.0,0.0,1.0,0.0,0.0,5,True,,,64,108,0.0002,60,10,1,0.6851662301222483,0.8407238184799999,0.38746018132,0.61253981868,0.6851662301222483,0.8407238184799999,0.38746018132,0.61253981868,0.6562035006284714,0.8384461431,0.3911816777166667,0.6088183222833333,0.6320790775120257,0.7996471935833334,0.40703627483333327,,,,,,,,,,,,,,ok,0,True
g7_flesh_stripping,epoch_0050,50,none,add_proj,0.08,0.08,64,4,1.5,0.0,8.0,0.0,1.0,0.0,0.0,5,True,,,64,108,0.0002,60,10,1,0.685101919611295,0.8441381786266667,0.38599070561333326,0.6140092943866667,0.685101919611295,0.8441381786266667,0.38599070561333326,0.6140092943866667,0.6559448790053526,0.8425036836500001,0.3895294716,0.6104705284,0.6274754193921884,0.8138901755000001,0.39453089008333325,,,,,,,,,,,,,,ok,0,True
g7_flesh_stripping,epoch_0060,60,none,add_proj,0.08,0.08,64,4,1.5,0.0,8.0,0.0,1.0,0.0,0.0,5,True,,,64,108,0.0002,60,10,1,0.6854628541469574,0.8466866744266668,0.38303265222666666,0.6169673477733333,0.6854628541469574,0.8466866744266668,0.38303265222666666,0.6169673477733333,0.655972168147564,0.8443909770000001,0.3869911829166667,0.6130088170833333,0.6297366268932819,0.8087689565833334,0.39770845725,,,,,,,,,,,,,,ok,0,True
g7_freq_ablation,,,none,add_proj,0.08,0.08,64,4,2.0,1.0,8.0,0.0,0.0,0.0,0.0,7,True,,,64,32,0.0002,80,10,1,,,,,,,,,,,,,,,,,,,,,,,,,,,,,config_only,,False
g7_sharp_ot,,,,,0.08,,,,,,,,,,,,,,,,,,,,,,,,,,,,,,,,,,,,,,,,,,,,,,,,,config_only,,False
g8_absolute_nailgun,,,none,add_proj,0.08,0.08,64,4,1.5,5.0,8.0,0.0,1.0,0.0,0.0,5,True,,,64,108,0.0002,60,10,1,,,,,,,,,,,,,,,,,,,,,,,,,,,,,config_only,,False
g8_absolute_nailgun,epoch_0010,10,none,add_proj,0.08,0.08,64,4,1.5,5.0,8.0,0.0,1.0,0.0,0.0,5,True,,,64,108,0.0002,60,10,1,0.671373850107193,0.8910696495733333,0.3267431054,0.6732568945999999,0.671373850107193,0.8910696495733333,0.3267431054,0.6732568945999999,0.635632813970248,0.8895066361166668,0.3300432878666667,0.6699567121333333,0.5928800754249096,0.8613613325,0.33921614499999997,,,,,,,,,,,,,,ok,0,True
g8_absolute_nailgun,epoch_0020,20,none,add_proj,0.08,0.08,64,4,1.5,5.0,8.0,0.0,1.0,0.0,0.0,5,True,,,64,108,0.0002,60,10,1,0.6739509630203248,0.8822437292533334,0.33480963630666666,0.6651903636933334,0.6739509630203248,0.8822437292533334,0.33480963630666666,0.6651903636933334,0.6390571809808414,0.8803788641999999,0.3377558268,0.6622441732,0.5928965238233408,0.8662718780833333,0.33408816575000005,,,,,,,,,,,,,,ok,0,True
g8_absolute_nailgun,epoch_0030,30,none,add_proj,0.08,0.08,64,4,1.5,5.0,8.0,0.0,1.0,0.0,0.0,5,True,,,64,108,0.0002,60,10,1,0.6754387423992158,0.8788692807066666,0.3403450814933333,0.6596549185066667,0.6754387423992158,0.8788692807066666,0.3403450814933333,0.6596549185066667,0.6411475688219069,0.8764360332999999,0.34440526331666665,0.6555947366833333,0.5980998314917088,0.8566623809999999,0.34419882999999996,,,,,,,,,,,,,,ok,0,True
g8_absolute_nailgun,epoch_0040,40,none,add_proj,0.08,0.08,64,4,1.5,5.0,8.0,0.0,1.0,0.0,0.0,5,True,,,64,108,0.0002,60,10,1,0.6762353440523147,0.8788166252933333,0.33779954116,0.66220045884,0.6762353440523147,0.8788166252933333,0.33779954116,0.66220045884,0.6419131598373253,0.8762528782999999,0.3411723573666667,0.6588276426333333,0.5945593545834222,0.8619429164166666,0.33805151466666666,,,,,,,,,,,,,,ok,0,True
g8_absolute_nailgun,epoch_0050,50,none,add_proj,0.08,0.08,64,4,1.5,5.0,8.0,0.0,1.0,0.0,0.0,5,True,,,64,108,0.0002,60,10,1,0.6765522549947103,0.87537866408,0.34312262944,0.65687737056,0.6765522549947103,0.87537866408,0.34312262944,0.65687737056,0.6423631910483042,0.8723698827999999,0.34709498908333336,0.6529050109166666,0.5956631963451704,0.8577957514166666,0.34457778400000005,,,,,,,,,,,,,,ok,0,True
g8_absolute_nailgun,epoch_0060,60,none,add_proj,0.08,0.08,64,4,1.5,5.0,8.0,0.0,1.0,0.0,0.0,5,True,,,64,108,0.0002,60,10,1,0.6763781093358994,0.8731961181066665,0.3441014953866667,0.6558985046133333,0.6763781093358994,0.8731961181066665,0.3441014953866667,0.6558985046133333,0.6428301612039407,0.8702269066499999,0.3480784790833334,0.6519215209166667,0.5973657632867495,0.8565950516666667,0.3447139596666667,,,,,,,,,,,,,,ok,0,True
g8_soft_ot,,,,,0.16,,,,,,,,,,,,,,,,,,,,,,,,,,,,,,,,,,,,,,,,,,,,,,,,,config_only,,False
g8_sweet_spot,,,none,add_proj,0.08,0.08,64,4,1.5,1.0,8.0,0.0,1.0,0.0,0.0,7,True,,,64,32,0.0002,80,10,1,,,,,,,,,,,,,,,,,,,,,,,,,,,,,config_only,,False
g9_cryogenic_hard_match,,,none,add_proj,0.02,0.08,64,4,1.5,1.0,8.0,0.0,1.0,0.0,0.0,5,True,,,64,108,0.0002,60,10,1,,,,,,,,,,,,,,,,,,,,,,,,,,,,,config_only,,False
g9_cryogenic_hard_match,epoch_0010,10,none,add_proj,0.02,0.08,64,4,1.5,1.0,8.0,0.0,1.0,0.0,0.0,5,True,,,64,108,0.0002,60,10,1,0.6757341817617416,0.8779609331066667,0.3393262203333334,0.6606737796666666,0.6757341817617416,0.8779609331066667,0.3393262203333334,0.6606737796666666,0.641308441311121,0.8757733689333331,0.3426997183,0.6573002817,0.5968263372778893,0.8528162193333333,0.34411524241666663,,,,,,,,,,,,,,ok,0,True
g9_cryogenic_hard_match,epoch_0020,20,none,add_proj,0.02,0.08,64,4,1.5,1.0,8.0,0.0,1.0,0.0,0.0,5,True,,,64,108,0.0002,60,10,1,0.6776851068735122,0.8762715136266667,0.34046543272,0.6595345672799999,0.6776851068735122,0.8762715136266667,0.34046543272,0.6595345672799999,0.6438486484189829,0.8741324971333333,0.34390126585,0.65609873415,0.6016608486572901,0.851176419,0.34517825341666664,,,,,,,,,,,,,,ok,0,True
g9_strict_l1,,,,,,,,,,,,,,,,3,,,,,,,,,,,,,,,,,,,,,,,,,,,,,,,,,,,,,,config_only,,False
kin40_00,,,none,add_proj,0.08,0.08,96,2,0.0,1.0,0.1,0.0,1.0,0.0,0.0,7,True,1|3|5|9,64,16,96,0.0003,40,20,1,,,,,,,,,,,,,,,,,,,,,,,,,,,,,config_only,,False
kin40_02,,,none,add_proj,0.08,0.08,96,2,0.2,1.0,0.1,0.0,1.0,0.0,0.0,7,True,1|3|5|9,64,16,96,0.0003,40,20,1,,,,,,,,,,,,,,,,,,,,,,,,,,,,,config_only,,False
kin40_10,,,none,add_proj,0.08,0.08,96,2,1.0,1.0,0.1,0.0,1.0,0.0,0.0,7,True,1|3|5|9,64,16,96,0.0003,40,20,1,,,,,,,,,,,,,,,,,,,,,,,,,,,,,config_only,,False
latent60_01_naked,,,none,add_proj,0.08,0.08,96,2,1.0,2.0,40.0,15.0,0.0,0.1,0.0,7,True,1|3|5|9,64,,160,0.0003,60,20,1,,,,,,,,,,,,,,,,,,,,,,,,,,,,,config_only,,False
latent60_02_patch_nce,,,none,add_proj,0.08,0.08,96,2,1.0,2.0,40.0,15.0,0.0,0.1,0.5,7,True,1|3|5|9,64,,160,0.0003,60,20,1,,,,,,,,,,,,,,,,,,,,,,,,,,,,,config_only,,False
latent60_03_low_freq,,,none,add_proj,0.08,0.08,96,2,1.0,2.0,40.0,15.0,15.0,0.1,0.0,7,True,1|3|5|9,64,,160,0.0003,60,20,1,,,,,,,,,,,,,,,,,,,,,,,,,,,,,config_only,,False
latent60_04_nce_low_freq,,,none,add_proj,0.08,0.08,96,2,1.0,2.0,40.0,15.0,15.0,0.1,0.5,7,True,1|3|5|9,64,,160,0.0003,60,20,1,,,,,,,,,,,,,,,,,,,,,,,,,,,,,config_only,,False
next_round_80_base,,,none,add_proj,0.12,0.08,64,4,0.0,0.0,0.0,0.0,0.0,0.0,0.0,5,False,3|5|7|15,64,64,32,0.0002,8,1,1,,,,,,,,,,,,,,,,,,,,,,,,,,,,,config_only,,False
o10e,,,,,,,,,,,,,,,,,,,,,,,,,,0.71114497033755,0.6834686983066668,0.6195904949466666,0.3804095050533334,0.71114497033755,0.6834686983066668,0.6195904949466666,0.3804095050533334,0.698244248429934,0.6784242064333333,0.6268637182333334,0.3731362817666666,0.6920842091242472,0.6663329203333335,0.6645769585000001,,,,,,,,,,,,,,ok,0,True
o10l1,,,,,,,,,,,,,,,,,,,,,,,,,,0.7121928152640661,0.7094089329200002,0.5728206513066667,0.4271793486933333,0.7121928152640661,0.7094089329200002,0.5728206513066667,0.4271793486933333,0.6969902212917806,0.7034726916,0.5813664321166666,0.4186335678833334,0.6902435104052226,0.6938926670000001,0.6069986778333333,,,,,,,,,,,,,,ok,0,True
o10l2,,,,,,,,,,,,,,,,,,,,,,,,,,0.7148743069966633,0.7224355612933331,0.5566599489866667,0.4433400510133333,0.7148743069966633,0.7224355612933331,0.5566599489866667,0.4433400510133333,0.6984742624560991,0.7161313981,0.5655459084833333,0.4344540915166667,0.6855527728796005,0.6939865382499999,0.58664351175,,,,,,,,,,,,,,ok,0,True
o10l3,,,,,,,,,,,,,,,,,,,,,,,,,,0.7142888608773549,0.7298830116799999,0.5433409435600001,0.45665905643999993,0.7142888608773549,0.7298830116799999,0.5433409435600001,0.45665905643999993,0.6973229417204857,0.7239367406666667,0.5529436432166667,0.44705635678333333,0.6928105413913728,0.7158145350833334,0.5745031076666667,,,,,,,,,,,,,,ok,0,True
o10l4,,,,,,,,,,,,,,,,,,,,,,,,,,0.7134044717152913,0.7373203097599998,0.5388705310799999,0.46112946892000006,0.7134044717152913,0.7373203097599998,0.5388705310799999,0.46112946892000006,0.6955798854430517,0.7317563581833333,0.5476621463666667,0.45233785363333334,0.6897268931070963,0.7129092439166667,0.5675062392500001,,,,,,,,,,,,,,ok,0,True
o10l5,,,,,,,,,,,,,,,,,,,,,,,,,,0.7145686383644739,0.7391433095466666,0.5350653522,0.46493464780000004,0.7145686383644739,0.7391433095466666,0.5350653522,0.46493464780000004,0.6965926137069861,0.7329851146333334,0.5441555655666667,0.45584443443333333,0.6877492288748422,0.7202165133333334,0.5645495636666668,,,,,,,,,,,,,,ok,0,True
o10m1,,,,,,,,,,,,,,,,,,,,,,,,,,0.7033525527715682,0.7980351086399999,0.4649633006800001,0.53503669932,0.7033525527715682,0.7980351086399999,0.4649633006800001,0.53503669932,0.6789814636607965,0.7920050756999999,0.47634265969999995,0.5236573403,0.6612482547760009,0.7817875115833334,0.5022843871666667,,,,,,,,,,,,,,ok,0,True
o10m2,,,,,,,,,,,,,,,,,,,,,,,,,,0.699859430551529,0.8349774684933332,0.42859654876000003,0.5714034512399999,0.699859430551529,0.8349774684933332,0.42859654876000003,0.5714034512399999,0.6712964095671972,0.8280335778166666,0.44156349961666663,0.5584365003833334,0.6499981929858526,0.8085031219166665,0.47065804324999994,,,,,,,,,,,,,,ok,0,True
o10m3,,,,,,,,,,,,,,,,,,,,,,,,,,0.7103085473775863,0.7784738613333333,0.48847257566666663,0.5115274243333334,0.7103085473775863,0.7784738613333333,0.48847257566666663,0.5115274243333334,0.6879547205070655,0.7718131621833333,0.49912003326666665,0.5008799667333333,0.6748285373051961,0.7620298433333332,0.5158973065000001,,,,,,,,,,,,,,ok,0,True
o10pb,,,,,,,,,,,,,,,,,,,,,,,,,,0.7118570988178253,0.7340953342399998,0.5388133785733333,0.46118662142666667,0.7118570988178253,0.7340953342399998,0.5388133785733333,0.46118662142666667,0.6936799791455269,0.7280047033333333,0.5475585311666668,0.45244146883333325,0.6871786539753277,0.7238982375,0.5666278160833333,,,,,,,,,,,,,,ok,0,True
o10pc,,,,,,,,,,,,,,,,,,,,,,,,,,0.7121643115282059,0.7420137643199999,0.5357370293333333,0.46426297066666666,0.7121643115282059,0.7420137643199999,0.5357370293333333,0.46426297066666666,0.6934330128133296,0.7360165034166667,0.5446543363833334,0.4553456636166666,0.680418496330579,0.7288734807500001,0.56087671725,,,,,,,,,,,,,,ok,0,True
o10pn,,,,,,,,,,,,,,,,,,,,,,,,,,0.7027292039394379,0.8356332303866667,0.42172284636,0.57827715364,0.7027292039394379,0.8356332303866667,0.42172284636,0.57827715364,0.6737173957626024,0.8286765102666667,0.4338810994999999,0.5661189005,0.65396718531847,0.8129284266666668,0.45752568508333336,,,,,,,,,,,,,,ok,0,True
o10pr,,,,,,,,,,,,,,,,,,,,,,,,,,0.7114715360005697,0.7305091413066667,0.5411200910666667,0.4588799089333333,0.7114715360005697,0.7305091413066667,0.5411200910666667,0.4588799089333333,0.695133096675078,0.7252040116166667,0.5501593594,0.44984064059999995,0.68674658536911,0.7183445500833333,0.5731103925833333,,,,,,,,,,,,,,ok,0,True
o10s,,,,,,,,,,,,,,,,,,,,,,,,,,0.7100607004165649,0.7031355343733334,0.5886604216133333,0.4113395783866667,0.7100607004165649,0.7031355343733334,0.5886604216133333,0.4113395783866667,0.6947214339176814,0.6973150811666666,0.5974338476666666,0.40256615233333337,0.693528646727403,0.6828007806666666,0.6316027617500001,,,,,,,,,,,,,,ok,0,True
o20_m2_inplace,epoch_0010,,,,,,,,,,,,,,,,,,,,,,,,,0.7016827369530997,0.8237768070266667,0.44273057632,,0.7016827369530997,0.8237768070266667,0.44273057632,,0.674300580918789,0.8168520104499999,0.4557788640166667,,0.6561247438192368,0.8027162641666667,0.49472503825,,,,,,,,,,,,,,skipped_existing,0,True
o20_m2_inplace,epoch_0020,,,,,,,,,,,,,,,,,,,,,,,,,0.7052499622106552,0.8095409591333333,0.45028329712000004,,0.7052499622106552,0.8095409591333333,0.45028329712000004,,0.6791022640963394,0.8029189137499999,0.4632232797833333,,0.6587649022539457,0.7924723119166667,0.48087186041666663,,,,,,,,,,,,,,skipped_existing,0,True
o20a,,,,,,,,,,,,,,,,,,,,,,,,,,0.667257201631864,0.9021130841466668,0.29620701625199997,0.703792983748,0.667257201631864,0.9021130841466668,0.29620701625199997,0.703792983748,0.62985291197896,0.9017605326166667,0.2972855107833333,0.7027144892166667,0.5835618632535139,0.8958920629166667,0.3006985913333333,,,,,,,,,,,,,,ok,0,True
o20cahf,,,,,,,,,,,,,,,,,,,,,,,,,,0.6889474626382192,0.7896632101066666,0.45542776614666663,0.5445722338533334,0.6889474626382192,0.7896632101066666,0.45542776614666663,0.5445722338533334,0.6667776547869046,0.7869066353666666,0.4614634960666667,0.5385365039333333,0.6489248196283977,0.7956929575833334,0.47883178108333335,,,,,,,,,,,,,,ok,0,True
o20d1,,,,,,,,,,,,,,,,,,,,,,,,,,0.7134965398311616,0.7346359788666667,0.5548078040266666,0.44519219597333337,0.7134965398311616,0.7346359788666667,0.5548078040266666,0.44519219597333337,0.6959513086080552,0.7287598048999999,0.56406014565,0.43593985435000004,0.6840842430790266,0.7217049341666668,0.5847712051666667,,,,,,,,,,,,,,ok,0,True
o20d2,,,,,,,,,,,,,,,,,,,,,,,,,,0.7147357421318691,0.7254420701466665,0.5502553683333334,0.44974463166666656,0.7147357421318691,0.7254420701466665,0.5502553683333334,0.44974463166666656,0.6985667718946934,0.7193594156166667,0.55941198,0.44058801999999997,0.6893334865570068,0.7129939445,0.5820484331666667,,,,,,,,,,,,,,ok,0,True
o20d3,,,,,,,,,,,,,,,,,,,,,,,,,,0.7156742614110311,0.7363044179333335,0.5435364840933333,0.4564635159066667,0.7156742614110311,0.7363044179333335,0.5435364840933333,0.4564635159066667,0.698373916943868,0.7301672403666666,0.5521082371666667,0.4478917628333333,0.6874847213427225,0.7123606340833333,0.5713772696666667,,,,,,,,,,,,,,ok,0,True
o20k3p135,,,,,,,,,,,,,,,,,,,,,,,,,,0.6969951929648718,0.7854450418266665,0.4458509098,0.5541490902,0.6969951929648718,0.7854450418266665,0.4458509098,0.5541490902,0.6740492617587248,0.78149165005,0.4496153193333334,0.5503846806666666,0.6473119815190633,0.7919199222499999,0.4475824240833333,,,,,,,,,,,,,,ok,0,True
o30e3,,,,,,,,,,,,,,,,,,,,,,,,,,0.6761014602581661,0.8811989206933332,0.32856090221333334,0.6714390977866667,0.6761014602581661,0.8811989206933332,0.32856090221333334,0.6714390977866667,0.6406189773976803,0.8799279234833335,0.3302887229166667,0.6697112770833333,0.6005547429124515,0.8569424419999999,0.3336474535,,,,,,,,,,,,,,ok,0,True
ot-exp,,,none,add_proj,0.08,0.08,32,2,8.0,0.0,5.0,10.0,1.0,0.1,0.0,7,True,1|3|5|15,64,64,64,0.0003,80,20,1,,,,,,,,,,,,,,,,,,,,,,,,,,,,,config_only,,False
ot-exp-80,,,none,add_proj,0.08,0.08,64,4,1.5,1.0,0.15,0.0,1.0,0.0,0.0,7,True,,,64,32,0.0002,80,10,1,,,,,,,,,,,,,,,,,,,,,,,,,,,,,config_only,,False
ot-exp-80,epoch_0010,10,none,add_proj,0.08,0.08,64,4,1.5,1.0,0.15,0.0,1.0,0.0,0.0,7,True,,,64,32,0.0002,80,10,1,0.6655151680310567,0.9035821633066665,0.2977638070986666,0.7022361929013334,0.6655151680310567,0.9035821633066665,0.2977638070986666,0.7022361929013334,0.6284137519200643,0.9035563484833334,0.2977629708733333,0.7022370291266666,0.5791809345285097,0.9045179091666666,0.2965219836666667,,,,,,,,,,,,,,ok,0,True
ot-exp-struct,,,none,add_proj,0.08,0.08,32,2,8.0,0.0,5.0,10.0,1.0,0.1,0.0,7,True,1|3|5|15,64,64,64,0.0003,80,20,1,,,,,,,,,,,,,,,,,,,,,,,,,,,,,config_only,,False
ot-exp-struct,epoch_0020,20,none,add_proj,0.08,0.08,32,2,8.0,0.0,5.0,10.0,1.0,0.1,0.0,7,True,1|3|5|15,64,64,64,0.0003,80,20,1,0.6817777235905331,0.8676639865600001,0.3558219020133333,0.6441780979866667,0.6817777235905331,0.8676639865600001,0.3558219020133333,0.6441780979866667,0.648992594430844,0.8663868994333332,0.35965287285,0.64034712715,0.619599635899067,0.8301357910833334,0.3878430455,,,,,,,,,,,,,,ok,0,True
ot-exp-struct,epoch_0040,40,none,add_proj,0.08,0.08,32,2,8.0,0.0,5.0,10.0,1.0,0.1,0.0,7,True,1|3|5|15,64,64,64,0.0003,80,20,1,0.6858468499978383,0.8610930096000001,0.36743767246666664,0.6325623275333334,0.6858468499978383,0.8610930096000001,0.36743767246666664,0.6325623275333334,0.6542128441234429,0.8598213025333333,0.3714978843166667,0.6285021156833333,0.6284305632114411,0.8103905341666666,0.4089183034166667,,,,,,,,,,,,,,ok,0,True
ot-exp-struct,epoch_0060,60,none,add_proj,0.08,0.08,32,2,8.0,0.0,5.0,10.0,1.0,0.1,0.0,7,True,1|3|5|15,64,64,64,0.0003,80,20,1,0.6863058177630106,0.85652826564,0.3762916982,0.6237083018,0.6863058177630106,0.85652826564,0.3762916982,0.6237083018,0.654825926621755,0.8550147437,0.3801239989166667,0.6198760010833333,0.6315461566050847,0.8068972315833334,0.41267618116666666,,,,,,,,,,,,,,ok,0,True
ot-exp-struct,epoch_0080,80,none,add_proj,0.08,0.08,32,2,8.0,0.0,5.0,10.0,1.0,0.1,0.0,7,True,1|3|5|15,64,64,64,0.0003,80,20,1,0.6855632545948027,0.8577840359866665,0.37281865702666667,0.6271813429733333,0.6855632545948027,0.8577840359866665,0.37281865702666667,0.6271813429733333,0.6541498365004857,0.8565452882000001,0.37658206766666663,0.6234179323333333,0.6281973664959273,0.8085908536666667,0.40941826108333335,,,,,,,,,,,,,,ok,0,True
pareto_probe_4,,,none,add_proj,0.12,0.08,64,4,0.45,0.2,10.0,0.0,0.0,0.0,0.0,5,False,3|5|7|15,64,64,32,5e-05,20,1,0.5,,,,,,,,,,,,,,,,,,,,,,,,,,,,,config_only,,False
screening_base,,,none,add_proj,0.12,0.08,64,4,0.0,0.0,0.0,0.0,0.0,0.0,0.0,5,False,3|5|7|15,64,64,32,0.0002,3,1,1,,,,,,,,,,,,,,,,,,,,,,,,,,,,,config_only,,False
