{
  "num_rounds": 1,
  "latest": {
    "epoch": 60,
    "summary_path": "..\\exp_C_macro_texture\\full_eval\\epoch_0060\\summary.json",
    "transfer_clip_style": 0.6546217292547226,
    "transfer_content_lpips": 0.37444483738333334,
    "transfer_fid": 290.4186291859543,
    "transfer_art_fid": 407.77719499466815,
    "transfer_classifier_acc": 0.0,
    "photo_to_art_clip_style": 0.6252084741989772,
    "photo_to_art_fid": 290.4186291859543,
    "photo_to_art_art_fid": 407.77719499466815,
    "photo_to_art_classifier_acc": 0.0
  },
  "mean": {
    "transfer_clip_style": 0.6546217292547226,
    "transfer_content_lpips": 0.37444483738333334,
    "transfer_fid": 290.4186291859543,
    "transfer_art_fid": 407.77719499466815,
    "transfer_classifier_acc": 0.0,
    "photo_to_art_clip_style": 0.6252084741989772,
    "photo_to_art_fid": 290.4186291859543,
    "photo_to_art_art_fid": 407.77719499466815,
    "photo_to_art_classifier_acc": 0.0
  },
  "best": {
    "best_transfer_classifier_acc": {
      "epoch": 60,
      "summary_path": "..\\exp_C_macro_texture\\full_eval\\epoch_0060\\summary.json",
      "transfer_clip_style": 0.6546217292547226,
      "transfer_content_lpips": 0.37444483738333334,
      "transfer_fid": 290.4186291859543,
      "transfer_art_fid": 407.77719499466815,
      "transfer_classifier_acc": 0.0,
      "photo_to_art_clip_style": 0.6252084741989772,
      "photo_to_art_fid": 290.4186291859543,
      "photo_to_art_art_fid": 407.77719499466815,
      "photo_to_art_classifier_acc": 0.0
    },
    "best_transfer_clip_style": {
      "epoch": 60,
      "summary_path": "..\\exp_C_macro_texture\\full_eval\\epoch_0060\\summary.json",
      "transfer_clip_style": 0.6546217292547226,
      "transfer_content_lpips": 0.37444483738333334,
      "transfer_fid": 290.4186291859543,
      "transfer_art_fid": 407.77719499466815,
      "transfer_classifier_acc": 0.0,
      "photo_to_art_clip_style": 0.6252084741989772,
      "photo_to_art_fid": 290.4186291859543,
      "photo_to_art_art_fid": 407.77719499466815,
      "photo_to_art_classifier_acc": 0.0
    },
    "best_transfer_fid": {
      "epoch": 60,
      "summary_path": "..\\exp_C_macro_texture\\full_eval\\epoch_0060\\summary.json",
      "transfer_clip_style": 0.6546217292547226,
      "transfer_content_lpips": 0.37444483738333334,
      "transfer_fid": 290.4186291859543,
      "transfer_art_fid": 407.77719499466815,
      "transfer_classifier_acc": 0.0,
      "photo_to_art_clip_style": 0.6252084741989772,
      "photo_to_art_fid": 290.4186291859543,
      "photo_to_art_art_fid": 407.77719499466815,
      "photo_to_art_classifier_acc": 0.0
    },
    "best_transfer_art_fid": {
      "epoch": 60,
      "summary_path": "..\\exp_C_macro_texture\\full_eval\\epoch_0060\\summary.json",
      "transfer_clip_style": 0.6546217292547226,
      "transfer_content_lpips": 0.37444483738333334,
      "transfer_fid": 290.4186291859543,
      "transfer_art_fid": 407.77719499466815,
      "transfer_classifier_acc": 0.0,
      "photo_to_art_clip_style": 0.6252084741989772,
      "photo_to_art_fid": 290.4186291859543,
      "photo_to_art_art_fid": 407.77719499466815,
      "photo_to_art_classifier_acc": 0.0
    },
    "best_photo_to_art_classifier_acc": {
      "epoch": 60,
      "summary_path": "..\\exp_C_macro_texture\\full_eval\\epoch_0060\\summary.json",
      "transfer_clip_style": 0.6546217292547226,
      "transfer_content_lpips": 0.37444483738333334,
      "transfer_fid": 290.4186291859543,
      "transfer_art_fid": 407.77719499466815,
      "transfer_classifier_acc": 0.0,
      "photo_to_art_clip_style": 0.6252084741989772,
      "photo_to_art_fid": 290.4186291859543,
      "photo_to_art_art_fid": 407.77719499466815,
      "photo_to_art_classifier_acc": 0.0
    },
    "best_photo_to_art_clip_style": {
      "epoch": 60,
      "summary_path": "..\\exp_C_macro_texture\\full_eval\\epoch_0060\\summary.json",
      "transfer_clip_style": 0.6546217292547226,
      "transfer_content_lpips": 0.37444483738333334,
      "transfer_fid": 290.4186291859543,
      "transfer_art_fid": 407.77719499466815,
      "transfer_classifier_acc": 0.0,
      "photo_to_art_clip_style": 0.6252084741989772,
      "photo_to_art_fid": 290.4186291859543,
      "photo_to_art_art_fid": 407.77719499466815,
      "photo_to_art_classifier_acc": 0.0
    },
    "best_photo_to_art_fid": {
      "epoch": 60,
      "summary_path": "..\\exp_C_macro_texture\\full_eval\\epoch_0060\\summary.json",
      "transfer_clip_style": 0.6546217292547226,
      "transfer_content_lpips": 0.37444483738333334,
      "transfer_fid": 290.4186291859543,
      "transfer_art_fid": 407.77719499466815,
      "transfer_classifier_acc": 0.0,
      "photo_to_art_clip_style": 0.6252084741989772,
      "photo_to_art_fid": 290.4186291859543,
      "photo_to_art_art_fid": 407.77719499466815,
      "photo_to_art_classifier_acc": 0.0
    },
    "best_photo_to_art_art_fid": {
      "epoch": 60,
      "summary_path": "..\\exp_C_macro_texture\\full_eval\\epoch_0060\\summary.json",
      "transfer_clip_style": 0.6546217292547226,
      "transfer_content_lpips": 0.37444483738333334,
      "transfer_fid": 290.4186291859543,
      "transfer_art_fid": 407.77719499466815,
      "transfer_classifier_acc": 0.0,
      "photo_to_art_clip_style": 0.6252084741989772,
      "photo_to_art_fid": 290.4186291859543,
      "photo_to_art_art_fid": 407.77719499466815,
      "photo_to_art_classifier_acc": 0.0
    },
    "best_transfer_content_lpips": {
      "epoch": 60,
      "summary_path": "..\\exp_C_macro_texture\\full_eval\\epoch_0060\\summary.json",
      "transfer_clip_style": 0.6546217292547226,
      "transfer_content_lpips": 0.37444483738333334,
      "transfer_fid": 290.4186291859543,
      "transfer_art_fid": 407.77719499466815,
      "transfer_classifier_acc": 0.0,
      "photo_to_art_clip_style": 0.6252084741989772,
      "photo_to_art_fid": 290.4186291859543,
      "photo_to_art_art_fid": 407.77719499466815,
      "photo_to_art_classifier_acc": 0.0
    }
  },
  "rounds": [
    {
      "epoch": 60,
      "summary_path": "..\\exp_C_macro_texture\\full_eval\\epoch_0060\\summary.json",
      "transfer_clip_style": 0.6546217292547226,
      "transfer_content_lpips": 0.37444483738333334,
      "transfer_fid": 290.4186291859543,
      "transfer_art_fid": 407.77719499466815,
      "transfer_classifier_acc": 0.0,
      "photo_to_art_clip_style": 0.6252084741989772,
      "photo_to_art_fid": 290.4186291859543,
      "photo_to_art_art_fid": 407.77719499466815,
      "photo_to_art_classifier_acc": 0.0
    }
  ],
  "updated_at": "2026-02-26 03:38:46"
}