{
  "checkpoint": "../ca_grad_1-30/epoch_0150.pt",
  "timestamp": "2026-01-30 13:30:23",
  "matrix_breakdown": {
    "monet": {
      "monet": {
        "count": 30,
        "clip_style": 0.7007563153505327,
        "style_lpips": 0.7083618493278823,
        "content_lpips": 0.5532755047082901,
        "clip_content": 0.7531235595544179
      },
      "photo": {
        "count": 30,
        "clip_style": 0.5710664909680684,
        "style_lpips": 0.7582527901728949,
        "content_lpips": 0.5794707010189692,
        "clip_content": 0.740711905558904
      },
      "vangogh": {
        "count": 30,
        "clip_style": 0.6685114458401997,
        "style_lpips": 0.7665384742021559,
        "content_lpips": 0.554113914569219,
        "clip_content": 0.7606026887893677
      },
      "cezanne": {
        "count": 30,
        "clip_style": 0.662229144056638,
        "style_lpips": 0.7413775563637415,
        "content_lpips": 0.5558252135912577,
        "clip_content": 0.7557490726312002
      }
    },
    "photo": {
      "monet": {
        "count": 30,
        "clip_style": 0.6389985543290775,
        "style_lpips": 0.7357955086231234,
        "content_lpips": 0.5568495293458303,
        "clip_content": 0.6486241350571315
      },
      "photo": {
        "count": 30,
        "clip_style": 0.5972192442615827,
        "style_lpips": 0.7552540255586307,
        "content_lpips": 0.5263789107402166,
        "clip_content": 0.6877603809038798
      },
      "vangogh": {
        "count": 30,
        "clip_style": 0.619305751244227,
        "style_lpips": 0.797620039979617,
        "content_lpips": 0.5560537616411845,
        "clip_content": 0.6611153503259023
      },
      "cezanne": {
        "count": 30,
        "clip_style": 0.6105446396072706,
        "style_lpips": 0.7544222430785494,
        "content_lpips": 0.5552919189135234,
        "clip_content": 0.6620759646097819
      }
    },
    "vangogh": {
      "monet": {
        "count": 30,
        "clip_style": 0.6857045860886574,
        "style_lpips": 0.7253959536155066,
        "content_lpips": 0.5688106924295425,
        "clip_content": 0.746867972612381
      },
      "photo": {
        "count": 30,
        "clip_style": 0.5634016962846121,
        "style_lpips": 0.7862557971477508,
        "content_lpips": 0.6164430359999339,
        "clip_content": 0.7098020633061727
      },
      "vangogh": {
        "count": 30,
        "clip_style": 0.674695458730062,
        "style_lpips": 0.7364653450449308,
        "content_lpips": 0.5651298016309738,
        "clip_content": 0.7500132977962494
      },
      "cezanne": {
        "count": 30,
        "clip_style": 0.6743845993081728,
        "style_lpips": 0.7372306389808655,
        "content_lpips": 0.5687696794668834,
        "clip_content": 0.7507761240005493
      }
    },
    "cezanne": {
      "monet": {
        "count": 30,
        "clip_style": 0.6813215990066526,
        "style_lpips": 0.7192839897871017,
        "content_lpips": 0.5525362253189087,
        "clip_content": 0.7569969813028972
      },
      "photo": {
        "count": 30,
        "clip_style": 0.5613090776999791,
        "style_lpips": 0.7671111362377804,
        "content_lpips": 0.6026840368906657,
        "clip_content": 0.6902893284956614
      },
      "vangogh": {
        "count": 30,
        "clip_style": 0.6558043329715729,
        "style_lpips": 0.7652492892742156,
        "content_lpips": 0.5508363127708436,
        "clip_content": 0.7468016485373179
      },
      "cezanne": {
        "count": 30,
        "clip_style": 0.671023443321387,
        "style_lpips": 0.7219536373019219,
        "content_lpips": 0.548812261223793,
        "clip_content": 0.7533016661802928
      }
    }
  },
  "analysis": {
    "style_transfer_ability": {
      "clip_style": 0.6327151597837607,
      "content_lpips": 0.5681404184963967
    },
    "photo_to_art_performance": {
      "clip_style": 0.622949648393525,
      "valid": true
    }
  }
}