{
  "checkpoint": "..\\ablate_A2_p11_id045_tv005\\epoch_0060.pt",
  "timestamp": "2026-03-04 05:53:22",
  "metrics_note": {
    "clip_dir": "cos( CLIP(gen)-CLIP(src), CLIP(target_style_proto)-CLIP(src) ) - Measures edit direction.",
    "clip_style": "cos( CLIP(gen), CLIP(target_style_proto) ) - Measures absolute style similarity.",
    "fid_baseline": "FID between source-domain images and target-style references.",
    "fid": "FID between generated images and target-style real references (Inception features).",
    "delta_fid": "fid_baseline - fid (higher is better).",
    "delta_fid_ratio": "delta_fid / fid_baseline (relative improvement ratio).",
    "art_fid": "computed as (1 + fid_style) * (1 + content_lpips)"
  },
  "matrix_breakdown": {
    "photo": {
      "photo": {
        "count": 30,
        "clip_dir": 0.5245617419481278,
        "clip_style": 0.7859697123368581,
        "style_lpips": 0.7278319140275319,
        "content_lpips": 0.4749599503333333,
        "clip_content": 0.7549802013333333,
        "fid_style": null,
        "art_fid": null,
        "fid_baseline": null,
        "delta_fid": null,
        "delta_fid_ratio": null,
        "classifier_acc": null
      },
      "Hayao": {
        "count": 30,
        "clip_dir": 0.6130561967690785,
        "clip_style": 0.6697584927082062,
        "style_lpips": 0.7189881106217703,
        "content_lpips": 0.569923306,
        "clip_content": 0.6970160346666666,
        "fid_style": 350.0237164459026,
        "art_fid": 551.080313407158,
        "fid_baseline": 334.729000932728,
        "delta_fid": -15.294715513174594,
        "delta_fid_ratio": -0.04569283053023673,
        "classifier_acc": null
      },
      "monet": {
        "count": 30,
        "clip_dir": 0.5202750076850255,
        "clip_style": 0.675656545162201,
        "style_lpips": 0.7125518222649893,
        "content_lpips": 0.47179772099999995,
        "clip_content": 0.7637412233333333,
        "fid_style": 237.544799525803,
        "art_fid": 351.0896922984787,
        "fid_baseline": 237.55478896111822,
        "delta_fid": 0.009989435315219453,
        "delta_fid_ratio": 4.205107949583148e-05,
        "classifier_acc": null
      },
      "vangogh": {
        "count": 30,
        "clip_dir": 0.5855557441711425,
        "clip_style": 0.706955341498057,
        "style_lpips": 0.7335646450519562,
        "content_lpips": 0.5346447466666667,
        "clip_content": 0.7400404493333335,
        "fid_style": 313.0244608736674,
        "art_fid": 481.915989204606,
        "fid_baseline": 313.3414404549672,
        "delta_fid": 0.3169795812997904,
        "delta_fid_ratio": 0.0010116107873875243,
        "classifier_acc": null
      },
      "cezanne": {
        "count": 30,
        "clip_dir": 0.5645079175631206,
        "clip_style": 0.6690885623296102,
        "style_lpips": 0.7035154064496358,
        "content_lpips": 0.5317127176666666,
        "clip_content": 0.718325376,
        "fid_style": 307.37043810291726,
        "art_fid": 472.33492179468004,
        "fid_baseline": 317.94764662800304,
        "delta_fid": 10.57720852508578,
        "delta_fid_ratio": 0.03326713890561063,
        "classifier_acc": null
      }
    },
    "Hayao": {
      "photo": {
        "count": 30,
        "clip_dir": 0.4257320031523705,
        "clip_style": 0.5906914830207824,
        "style_lpips": 0.7426629543304444,
        "content_lpips": 0.4493239753333333,
        "clip_content": 0.8274078496666666,
        "fid_style": null,
        "art_fid": null,
        "fid_baseline": null,
        "delta_fid": null,
        "delta_fid_ratio": null,
        "classifier_acc": null
      },
      "Hayao": {
        "count": 30,
        "clip_dir": 0.4213233754038811,
        "clip_style": 0.8405982077121734,
        "style_lpips": 0.7017525474230448,
        "content_lpips": 0.35885712633333333,
        "clip_content": 0.8816571946666667,
        "fid_style": null,
        "art_fid": null,
        "fid_baseline": null,
        "delta_fid": null,
        "delta_fid_ratio": null,
        "classifier_acc": null
      },
      "monet": {
        "count": 30,
        "clip_dir": 0.3883275493979454,
        "clip_style": 0.5302234699328741,
        "style_lpips": 0.7296448191006978,
        "content_lpips": 0.43462535633333327,
        "clip_content": 0.8279023683333335,
        "fid_style": null,
        "art_fid": null,
        "fid_baseline": null,
        "delta_fid": null,
        "delta_fid_ratio": null,
        "classifier_acc": null
      },
      "vangogh": {
        "count": 30,
        "clip_dir": 0.4524131784836451,
        "clip_style": 0.6201231400171916,
        "style_lpips": 0.7402458488941193,
        "content_lpips": 0.4262427736666667,
        "clip_content": 0.8291305870000001,
        "fid_style": null,
        "art_fid": null,
        "fid_baseline": null,
        "delta_fid": null,
        "delta_fid_ratio": null,
        "classifier_acc": null
      },
      "cezanne": {
        "count": 30,
        "clip_dir": 0.40600917538007103,
        "clip_style": 0.5722698092460632,
        "style_lpips": 0.7083516875902812,
        "content_lpips": 0.4174259726666667,
        "clip_content": 0.8360974286666667,
        "fid_style": null,
        "art_fid": null,
        "fid_baseline": null,
        "delta_fid": null,
        "delta_fid_ratio": null,
        "classifier_acc": null
      }
    },
    "monet": {
      "photo": {
        "count": 30,
        "clip_dir": 0.5818022221326828,
        "clip_style": 0.7454090436299642,
        "style_lpips": 0.7318708618481954,
        "content_lpips": 0.47921698666666673,
        "clip_content": 0.7692307110000002,
        "fid_style": null,
        "art_fid": null,
        "fid_baseline": null,
        "delta_fid": null,
        "delta_fid_ratio": null,
        "classifier_acc": null
      },
      "Hayao": {
        "count": 30,
        "clip_dir": 0.5975964327653249,
        "clip_style": 0.6592049737771352,
        "style_lpips": 0.7317558666070302,
        "content_lpips": 0.5543685653333335,
        "clip_content": 0.7217856353333333,
        "fid_style": null,
        "art_fid": null,
        "fid_baseline": null,
        "delta_fid": null,
        "delta_fid_ratio": null,
        "classifier_acc": null
      },
      "monet": {
        "count": 30,
        "clip_dir": 0.4446862742304802,
        "clip_style": 0.816295733054479,
        "style_lpips": 0.687545923391978,
        "content_lpips": 0.45785097766666666,
        "clip_content": 0.8067858836666668,
        "fid_style": null,
        "art_fid": null,
        "fid_baseline": null,
        "delta_fid": null,
        "delta_fid_ratio": null,
        "classifier_acc": null
      },
      "vangogh": {
        "count": 30,
        "clip_dir": 0.47199125786622365,
        "clip_style": 0.8028124094009399,
        "style_lpips": 0.7239608287811279,
        "content_lpips": 0.48379578733333334,
        "clip_content": 0.8043932496666667,
        "fid_style": null,
        "art_fid": null,
        "fid_baseline": null,
        "delta_fid": null,
        "delta_fid_ratio": null,
        "classifier_acc": null
      },
      "cezanne": {
        "count": 30,
        "clip_dir": 0.47115160524845123,
        "clip_style": 0.7716642657915751,
        "style_lpips": 0.6969325443108877,
        "content_lpips": 0.5033784886666667,
        "clip_content": 0.7604141046666668,
        "fid_style": null,
        "art_fid": null,
        "fid_baseline": null,
        "delta_fid": null,
        "delta_fid_ratio": null,
        "classifier_acc": null
      }
    },
    "vangogh": {
      "photo": {
        "count": 30,
        "clip_dir": 0.5391986221075058,
        "clip_style": 0.7052949011325836,
        "style_lpips": 0.7327217936515809,
        "content_lpips": 0.5084005686666666,
        "clip_content": 0.7664506556666666,
        "fid_style": null,
        "art_fid": null,
        "fid_baseline": null,
        "delta_fid": null,