{
  "checkpoint": "../full_300_strong-style-v1/epoch_0100.pt",
  "timestamp": "2026-02-12 14:03:11",
  "matrix_breakdown": {
    "photo": {
      "photo": {
        "count": 50,
        "clip_style": 0.6289151400327683,
        "style_lpips": 0.7462251842021942,
        "content_lpips": 0.3064155502,
        "clip_content": 0.8742268368,
        "classifier_acc": 0.98
      },
      "Hayao": {
        "count": 50,
        "clip_style": 0.5063468807935715,
        "style_lpips": 0.7675731909275055,
        "content_lpips": 0.3374959792,
        "clip_content": 0.8472934509999999,
        "classifier_acc": 0.24
      }
    },
    "Hayao": {
      "photo": {
        "count": 50,
        "clip_style": 0.4130102932453156,
        "style_lpips": 0.7927429378032684,
        "content_lpips": 0.25358819819999995,
        "clip_content": 0.9297411024,
        "classifier_acc": 0.08
      },
      "Hayao": {
        "count": 50,
        "clip_style": 0.7280137431621552,
        "style_lpips": 0.7202389943599701,
        "content_lpips": 0.2130333216,
        "clip_content": 0.9357010122000001,
        "classifier_acc": 1.0
      }
    }
  },
  "analysis": {
    "style_transfer_ability": {
      "clip_style": 0.45967858701944353,
      "content_lpips": 0.2955420887,
      "classifier_acc": 0.16
    },
    "photo_to_art_performance": {
      "clip_style": 0.5063468807935715,
      "valid": true,
      "classifier_acc": 0.24
    }
  },
  "classification_report": {
    "Hayao": {
      "precision": 0.5688073394495413,
      "recall": 0.62,
      "f1-score": 0.5933014354066986,
      "support": 100.0
    },
    "photo": {
      "precision": 0.5824175824175825,
      "recall": 0.53,
      "f1-score": 0.5549738219895288,
      "support": 100.0
    },
    "accuracy": 0.575,
    "macro avg": {
      "precision": 0.5756124609335619,
      "recall": 0.575,
      "f1-score": 0.5741376286981137,
      "support": 200.0
    },
    "weighted avg": {
      "precision": 0.5756124609335619,
      "recall": 0.575,
      "f1-score": 0.5741376286981137,
      "support": 200.0
    }
  },
  "detailed_style_metrics": {
    "Hayao": {
      "precision": 0.5688073394495413,
      "recall": 0.62,
      "f1_score": 0.5933014354066986,
      "support": 100
    },
    "photo": {
      "precision": 0.5824175824175825,
      "recall": 0.53,
      "f1_score": 0.5549738219895288,
      "support": 100
    }
  }
}