epoch,loss,swd,color,identity,identity_ratio,lr,data_time_sec,transfer_time_sec,fwd_loss_time_sec,backward_time_sec,optimizer_time_sec,step_overhead_time_sec,compute_time_sec,epoch_time_sec,samples_seen,samples_per_sec,compute_samples_per_sec
1,50.31570053100586,0.29705992341041565,0.22415293753147125,0.11079758405685425,0.20185546576976776,0.00017760975454034474,2.8127127999996446,0.009127700000135519,91.13730179999948,26.972354800001085,0.9001334000022325,1.6092369999960283,119.01891770000293,123.51748037338257,10240,82.90324550861443,86.0367427118668
