{
  "checkpoint": "../overfit50-style-force-balance-v1/epoch_0040.pt",
  "timestamp": "2026-02-09 22:37:27",
  "matrix_breakdown": {
    "photo": {
      "photo": {
        "count": 50,
        "clip_style": 0.5357708543539047,
        "style_lpips": 0.8083707761764526,
        "content_lpips": 0.7776607582,
        "clip_content": 0.5430173412,
        "classifier_acc": 1.0
      },
      "Hayao": {
        "count": 50,
        "clip_style": 0.5660166370868683,
        "style_lpips": 0.8077267467975616,
        "content_lpips": 0.7734240184000001,
        "clip_content": 0.5606339323999999,
        "classifier_acc": 0.92
      }
    },
    "Hayao": {
      "photo": {
        "count": 50,
        "clip_style": 0.5263046157360077,
        "style_lpips": 0.809230409860611,
        "content_lpips": 0.8131915000000001,
        "clip_content": 0.5673019952,
        "classifier_acc": 1.0
      },
      "Hayao": {
        "count": 50,
        "clip_style": 0.5839364314079285,
        "style_lpips": 0.8140392422676086,
        "content_lpips": 0.7657686504,
        "clip_content": 0.5980552848,
        "classifier_acc": 0.84
      }
    }
  },
  "analysis": {
    "style_transfer_ability": {
      "clip_style": 0.546160626411438,
      "content_lpips": 0.7933077592000001,
      "classifier_acc": 0.96
    },
    "photo_to_art_performance": {
      "clip_style": 0.5660166370868683,
      "valid": true,
      "classifier_acc": 0.92
    }
  },
  "classification_report": {
    "Hayao": {
      "precision": 1.0,
      "recall": 0.88,
      "f1-score": 0.9361702127659575,
      "support": 100.0
    },
    "photo": {
      "precision": 0.8928571428571429,
      "recall": 1.0,
      "f1-score": 0.9433962264150944,
      "support": 100.0
    },
    "accuracy": 0.94,
    "macro avg": {
      "precision": 0.9464285714285714,
      "recall": 0.94,
      "f1-score": 0.9397832195905259,
      "support": 200.0
    },
    "weighted avg": {
      "precision": 0.9464285714285714,
      "recall": 0.94,
      "f1-score": 0.9397832195905259,
      "support": 200.0
    }
  },
  "detailed_style_metrics": {
    "Hayao": {
      "precision": 1.0,
      "recall": 0.88,
      "f1_score": 0.9361702127659575,
      "support": 100
    },
    "photo": {
      "precision": 0.8928571428571429,
      "recall": 1.0,
      "f1_score": 0.9433962264150944,
      "support": 100
    }
  }
}