{
  "checkpoint": "..\\full-8-8monet\\epoch_0100.pt",
  "timestamp": "2026-02-23 06:21:28",
  "metrics_note": {
    "clip_style": "backward-compatible alias of clip_dir (CLIP directional similarity)",
    "clip_dir": "cos( CLIP(gen)-CLIP(src), CLIP(target_style_proto)-CLIP(src) )",
    "art_fid": "computed as (1 + fid_style) * (1 + content_lpips)"
  },
  "matrix_breakdown": {
    "photo": {
      "photo": {
        "count": 50,
        "clip_dir": 0.3169104354083538,
        "clip_style": 0.3169104354083538,
        "style_lpips": 0.7525825309753418,
        "content_lpips": 0.2900630004,
        "clip_content": 0.9035341872000001,
        "fid_style": 96.54867340732193,
        "art_fid": 125.84393430088942,
        "classifier_acc": null
      },
      "Hayao": {
        "count": 50,
        "clip_dir": 0.37641875505447386,
        "clip_style": 0.37641875505447386,
        "style_lpips": 0.7974681746959686,
        "content_lpips": 0.2900543438,
        "clip_content": 0.9035516304000001,
        "fid_style": 313.9503685215623,
        "art_fid": 406.3030909926523,
        "classifier_acc": null
      },
      "monet": {
        "count": 50,
        "clip_dir": 0.25677289873361586,
        "clip_style": 0.25677289873361586,
        "style_lpips": 0.7561337602138519,
        "content_lpips": 0.2900654832,
        "clip_content": 0.9036279258000001,
        "fid_style": 213.51746600328016,
        "art_fid": 276.7415784343612,
        "classifier_acc": null
      },
      "cezanne": {
        "count": 50,
        "clip_dir": 0.2688567978143692,
        "clip_style": 0.2688567978143692,
        "style_lpips": 0.772011011838913,
        "content_lpips": 0.2900543438,
        "clip_content": 0.9035516304000001,
        "fid_style": 281.7483303103219,
        "art_fid": 364.76071171902794,
        "classifier_acc": null
      },
      "vangogh": {
        "count": 50,
        "clip_dir": 0.2870451565086842,
        "clip_style": 0.2870451565086842,
        "style_lpips": 0.8156721830368042,
        "content_lpips": 0.29006244839999995,
        "clip_content": 0.9035598532,
        "fid_style": 288.751908370703,
        "art_fid": 373.7980563412816,
        "classifier_acc": null
      }
    },
    "Hayao": {
      "photo": {
        "count": 50,
        "clip_dir": 0.14953311698511243,
        "clip_style": 0.14953311698511243,
        "style_lpips": 0.8046501111984253,
        "content_lpips": 0.19773554059999998,
        "clip_content": 0.9448727694,
        "fid_style": 324.2531242605358,
        "art_fid": 389.56722661803184,
        "classifier_acc": null
      },
      "Hayao": {
        "count": 50,
        "clip_dir": 0.27089800920337437,
        "clip_style": 0.27089800920337437,
        "style_lpips": 0.7285199642181397,
        "content_lpips": 0.19773490740000002,
        "clip_content": 0.944901977,
        "fid_style": 86.18048728510551,
        "art_fid": 104.41911286551274,
        "classifier_acc": null
      },
      "monet": {
        "count": 50,
        "clip_dir": 0.1119081563130021,
        "clip_style": 0.1119081563130021,
        "style_lpips": 0.789614839553833,
        "content_lpips": 0.19773490740000002,
        "clip_content": 0.944901977,
        "fid_style": 315.623094700147,
        "art_fid": 379.2305330113821,
        "classifier_acc": null
      },
      "cezanne": {
        "count": 50,
        "clip_dir": 0.11034889865666628,
        "clip_style": 0.11034889865666628,
        "style_lpips": 0.7699917602539063,
        "content_lpips": 0.19773490740000002,
        "clip_content": 0.944901977,
        "fid_style": 300.83797578466226,
        "art_fid": 361.52187997624594,
        "classifier_acc": null
      },
      "vangogh": {
        "count": 50,
        "clip_dir": 0.10710183192044496,
        "clip_style": 0.10710183192044496,
        "style_lpips": 0.8035155367851258,
        "content_lpips": 0.19773490740000002,
        "clip_content": 0.944901977,
        "fid_style": 300.7985544371602,
        "art_fid": 361.47466365224597,
        "classifier_acc": null
      }
    },
    "monet": {
      "photo": {
        "count": 50,
        "clip_dir": 0.3772885063290596,
        "clip_style": 0.3772885063290596,
        "style_lpips": 0.7580200290679932,
        "content_lpips": 0.3394697702000001,
        "clip_content": 0.9029359051999998,
        "fid_style": 249.63238525709846,
        "art_fid": 335.71450348500355,
        "classifier_acc": null
      },
      "Hayao": {
        "count": 50,
        "clip_dir": 0.3953564590215683,
        "clip_style": 0.3953564590215683,
        "style_lpips": 0.777345267534256,
        "content_lpips": 0.33947278780000006,
        "clip_content": 0.9030161795999999,
        "fid_style": 326.1948766588222,
        "art_fid": 438.26863359206976,
        "classifier_acc": null
      },
      "monet": {
        "count": 50,
        "clip_dir": 0.28474092796444894,
        "clip_style": 0.28474092796444894,
        "style_lpips": 0.711643568277359,
        "content_lpips": 0.339469992,
        "clip_content": 0.903193838,
        "fid_style": 114.02854830866205,
        "art_fid": 154.07728868277516,
        "classifier_acc": null
      },
      "cezanne": {
        "count": 50,
        "clip_dir": 0.30213905274868014,
        "clip_style": 0.30213905274868014,
        "style_lpips": 0.7377492392063141,
        "content_lpips": 0.33947293540000006,
        "clip_content": 0.9029550785999999,
        "fid_style": 266.3303275549603,
        "art_fid": 358.08173857148626,
        "classifier_acc": null
      },
      "vangogh": {
        "count": 50,
        "clip_dir": 0.3026479911804199,
        "clip_style": 0.3026479911804199,
        "style_lpips": 0.7704414057731629,
        "content_lpips": 0.3394679494,
        "clip_content": 0.90305104,
        "fid_style": 267.63781157911984,
        "art_fid": 359.8317386071872,
        "classifier_acc": null
      }
    },
    "cezanne": {
      "photo": {
        "count": 50,
        "clip_dir": 0.36370415687561036,
        "clip_style": 0.36370415687561036,
        "style_lpips": 0.7686597347259522,
        "content_lpips": 0.3292265456,
        "clip_content": 0.8853542522,
        "fid_style": 306.18246658322573,
        "art_fid": 408.3150889253086,
        "classifier_acc": null
      },
      "Hayao": {
        "count": 50,
        "clip_dir": 0.41500824570655825,
        "clip_style": 0.41500824570655825,
        "style_lpips": 0.7538978242874146,
        "content_lpips": 0.32921988899999993,
        "clip_content": 0.8853340272000001,
        "fid_style": 299.21261231875593,
        "art_fid": 399.04857522273676,
        "classifier_acc": null
      },
      "monet": {
        "count": 50,
        "clip_dir": 0.24535009622573853,
        "clip_style": 0.24535009622573853,
        "style_lpips": 0.736929041147232,
        "content_lpips": 0.32921988899999993,
        "clip_content": 0.8853340272000001,
        "fid_style": 263.2376929754477,
        "art_fid": 351.22999692644066,
        "classifier_acc": null
      },
      "cezanne": {
        "count": 50,
        "clip_dir": 0.26227051615715025,
        "clip_style": 0.26227051615715025,
        "style_lpips": 0.7236344039440155,
        "content_lpips": 0.3292265456,
        "clip_content": 0.8853542522,
        "fid_style": 107.0938690841675,
        "art_fid": 143.6812402032866,
        "classifier_acc": null
      },
      "vangogh": {
        "count": 50,
        "clip_dir": 0.2520949524641037,
        "clip_style": 0.2520949524641037,
        "style_lpips": 0.7730803763866425,
        "content_lpips": 0.32921988899999993,
        "clip_content": 0.8853340272000001,
        "fid_style": 249.34815345838538,
        "art_fid": 332.76774475131,
        "classifier_acc": null
      }
    },
    "vangogh": {
      "photo": {
        "count": 50,
        "clip_dir": 0.36219871550798416,
        "clip_style": 0.36219871550798416,
        "style_lpips": 0.7906820166110993,