{
  "checkpoint": "../overfit50-no-idt/epoch_0010.pt",
  "timestamp": "2026-02-08 17:33:40",
  "matrix_breakdown": {
    "photo": {
      "photo": {
        "count": 50,
        "clip_style": 0.6386617624759674,
        "style_lpips": 0.0,
        "content_lpips": 0.0,
        "clip_content": 0.8932085170000001,
        "classifier_acc": 1.0
      },
      "Hayao": {
        "count": 50,
        "clip_style": 0.49484085500240327,
        "style_lpips": 0.0,
        "content_lpips": 0.0,
        "clip_content": 0.8799943280000001,
        "classifier_acc": 0.12
      }
    },
    "Hayao": {
      "photo": {
        "count": 50,
        "clip_style": 0.4095966309309006,
        "style_lpips": 0.0,
        "content_lpips": 0.0,
        "clip_content": 0.9373897026,
        "classifier_acc": 0.44
      },
      "Hayao": {
        "count": 50,
        "clip_style": 0.7225592505931854,
        "style_lpips": 0.0,
        "content_lpips": 0.0,
        "clip_content": 0.9411069716,
        "classifier_acc": 0.86
      }
    }
  },
  "analysis": {
    "style_transfer_ability": {
      "clip_style": 0.45221874296665193,
      "content_lpips": 0.0,
      "classifier_acc": 0.28
    },
    "photo_to_art_performance": {
      "clip_style": 0.49484085500240327,
      "valid": true,
      "classifier_acc": 0.12
    }
  },
  "classification_report": {
    "Hayao": {
      "precision": 0.6363636363636364,
      "recall": 0.49,
      "f1-score": 0.5536723163841808,
      "support": 100.0
    },
    "photo": {
      "precision": 0.5853658536585366,
      "recall": 0.72,
      "f1-score": 0.6457399103139013,
      "support": 100.0
    },
    "accuracy": 0.605,
    "macro avg": {
      "precision": 0.6108647450110865,
      "recall": 0.605,
      "f1-score": 0.5997061133490411,
      "support": 200.0
    },
    "weighted avg": {
      "precision": 0.6108647450110865,
      "recall": 0.605,
      "f1-score": 0.5997061133490411,
      "support": 200.0
    }
  },
  "detailed_style_metrics": {
    "Hayao": {
      "precision": 0.6363636363636364,
      "recall": 0.49,
      "f1_score": 0.5536723163841808,
      "support": 100
    },
    "photo": {
      "precision": 0.5853658536585366,
      "recall": 0.72,
      "f1_score": 0.6457399103139013,
      "support": 100
    }
  }
}