source_root,period,method,dataset_or_setting,dataset_key,resolution,variant_or_run,scope,images,clip_style,content_lpips,clip_content,ssim_y,edge_f1,musiq,hf_patch_kid,plain_kid,aggregate_art_fid,train_time_value,train_time_unit,train_time_label,infer_time_value,infer_time_unit,infer_time_label,params_m,hardware,status,source_path,source_kind,validity_class,note
G:/GitHub/Latent_Style,,LANCET,Distinct5-512 / 1000 per style,distinct5_512,512,LANCET best-lpips (F e1),full,,0.696914507508278,0.31864464036,,,,,,,122.63254700962189,1.2,m,1.2m,,,,3.91,,,G:\GitHub\Latent_Style\SchrodingerBridge\docs\experiments\distinct5_512_20260602\artfid_metric_hacking\distinct5_aggregate_artfid_keypoints.remote.csv,artfid_comparison_points,metric_evidence,ArtFID comparison point; train time preserved from train_time_label.
G:/GitHub/Latent_Style,,LANCET,Distinct5-512 / 1000 per style,distinct5_512,512,LANCET best-style (K e1),full,,0.7009949656327565,0.3622938977466666,,,,,,,157.1687499147529,1.2,m,1.2m,,,,3.91,,,G:\GitHub\Latent_Style\SchrodingerBridge\docs\experiments\distinct5_512_20260602\artfid_metric_hacking\distinct5_aggregate_artfid_keypoints.remote.csv,artfid_comparison_points,metric_evidence,ArtFID comparison point; train time preserved from train_time_label.
G:/GitHub/Latent_Style,,LANCET,Distinct5-512 / 1000 per style,distinct5_512,512,LANCET best-lpips (F e1),transfer,,0.6643604030708471,0.3245282069166667,,,,,,,126.8257137813018,1.2,m,1.2m,,,,3.91,,,G:\GitHub\Latent_Style\SchrodingerBridge\docs\experiments\distinct5_512_20260602\artfid_metric_hacking\distinct5_aggregate_artfid_keypoints.remote.csv,artfid_comparison_points,metric_evidence,ArtFID comparison point; train time preserved from train_time_label.
G:/GitHub/Latent_Style,,LANCET,Distinct5-512 / 1000 per style,distinct5_512,512,LANCET best-style (K e1),transfer,,0.6711669415235519,0.3722808781833334,,,,,,,161.95765747448172,1.2,m,1.2m,,,,3.91,,,G:\GitHub\Latent_Style\SchrodingerBridge\docs\experiments\distinct5_512_20260602\artfid_metric_hacking\distinct5_aggregate_artfid_keypoints.remote.csv,artfid_comparison_points,metric_evidence,ArtFID comparison point; train time preserved from train_time_label.
G:/GitHub/Latent_Style,,LANCET,distinct5_512,distinct5_512,512,LANCET-F-e1,full,,0.696914507508278,,,,,,,,122.63254700962189,,,,42.104,s,42.104 s,3.91,,,SchrodingerBridge/docs/experiments/distinct5_512_20260602/artfid_metric_hacking/distinct5_aggregate_artfid_keypoints.csv,generic_csv,metric_evidence,Parsed from SchrodingerBridge/docs/experiments/distinct5_512_20260602/artfid_metric_hacking/distinct5_aggregate_artfid_keypoints.csv
G:/GitHub/Latent_Style,,LANCET,distinct5_512,distinct5_512,512,LANCET-F-e1,transfer,,0.6643604030708471,,,,,,,,126.8257137813018,,,,35.975,s,35.975 s,3.91,,,SchrodingerBridge/docs/experiments/distinct5_512_20260602/artfid_metric_hacking/distinct5_aggregate_artfid_keypoints.csv,generic_csv,metric_evidence,Parsed from SchrodingerBridge/docs/experiments/distinct5_512_20260602/artfid_metric_hacking/distinct5_aggregate_artfid_keypoints.csv
G:/GitHub/Latent_Style,,LANCET,distinct5_512,distinct5_512,512,LANCET-K-e1,full,,0.7009949656327565,,,,,,,,157.1687499147529,,,,41.843,s,41.843 s,3.91,,,SchrodingerBridge/docs/experiments/distinct5_512_20260602/artfid_metric_hacking/distinct5_aggregate_artfid_keypoints.csv,generic_csv,metric_evidence,Parsed from SchrodingerBridge/docs/experiments/distinct5_512_20260602/artfid_metric_hacking/distinct5_aggregate_artfid_keypoints.csv
G:/GitHub/Latent_Style,,LANCET,distinct5_512,distinct5_512,512,LANCET-K-e1,transfer,,0.6711669415235519,,,,,,,,161.95765747448172,,,,35.748,s,35.748 s,3.91,,,SchrodingerBridge/docs/experiments/distinct5_512_20260602/artfid_metric_hacking/distinct5_aggregate_artfid_keypoints.csv,generic_csv,metric_evidence,Parsed from SchrodingerBridge/docs/experiments/distinct5_512_20260602/artfid_metric_hacking/distinct5_aggregate_artfid_keypoints.csv
G:/GitHub/Latent_Style,,LANCET,distinct5_512,distinct5_512,512,LANCET-F-e1,full,,0.696914507508278,,,,,,,,122.63254700962189,,,,40.472,s,40.472 s,3.91,,,SchrodingerBridge/docs/experiments/distinct5_512_20260602/artfid_metric_hacking/distinct5_aggregate_artfid_keypoints.remote.csv,generic_csv,metric_evidence,Parsed from SchrodingerBridge/docs/experiments/distinct5_512_20260602/artfid_metric_hacking/distinct5_aggregate_artfid_keypoints.remote.csv
G:/GitHub/Latent_Style,,LANCET,distinct5_512,distinct5_512,512,LANCET-F-e1,transfer,,0.6643604030708471,,,,,,,,126.8257137813018,,,,35.519,s,35.519 s,3.91,,,SchrodingerBridge/docs/experiments/distinct5_512_20260602/artfid_metric_hacking/distinct5_aggregate_artfid_keypoints.remote.csv,generic_csv,metric_evidence,Parsed from SchrodingerBridge/docs/experiments/distinct5_512_20260602/artfid_metric_hacking/distinct5_aggregate_artfid_keypoints.remote.csv
G:/GitHub/Latent_Style,,LANCET,distinct5_512,distinct5_512,512,LANCET-K-e1,full,,0.7009949656327565,,,,,,,,157.1687499147529,,,,40.72,s,40.72 s,3.91,,,SchrodingerBridge/docs/experiments/distinct5_512_20260602/artfid_metric_hacking/distinct5_aggregate_artfid_keypoints.remote.csv,generic_csv,metric_evidence,Parsed from SchrodingerBridge/docs/experiments/distinct5_512_20260602/artfid_metric_hacking/distinct5_aggregate_artfid_keypoints.remote.csv
G:/GitHub/Latent_Style,,LANCET,distinct5_512,distinct5_512,512,LANCET-K-e1,transfer,,0.6711669415235519,,,,,,,,161.95765747448172,,,,35.709,s,35.709 s,3.91,,,SchrodingerBridge/docs/experiments/distinct5_512_20260602/artfid_metric_hacking/distinct5_aggregate_artfid_keypoints.remote.csv,generic_csv,metric_evidence,Parsed from SchrodingerBridge/docs/experiments/distinct5_512_20260602/artfid_metric_hacking/distinct5_aggregate_artfid_keypoints.remote.csv
G:/GitHub/Latent_Style,,LANCET,distinct5_512,distinct5_512,512,LANCET-F-e1,full,,0.696914507508278,,,,,,,,122.63254700962189,,,,42.104,s,42.104 s,3.91,,,SchrodingerBridge/docs/experiments/noop_comparison_across_datasets_20260602/aggregate_artfid_keypoints.csv,generic_csv,metric_evidence,Parsed from SchrodingerBridge/docs/experiments/noop_comparison_across_datasets_20260602/aggregate_artfid_keypoints.csv
G:/GitHub/Latent_Style,,LANCET,distinct5_512,distinct5_512,512,LANCET-F-e1,transfer,,0.6643604030708471,,,,,,,,126.8257137813018,,,,35.975,s,35.975 s,3.91,,,SchrodingerBridge/docs/experiments/noop_comparison_across_datasets_20260602/aggregate_artfid_keypoints.csv,generic_csv,metric_evidence,Parsed from SchrodingerBridge/docs/experiments/noop_comparison_across_datasets_20260602/aggregate_artfid_keypoints.csv
G:/GitHub/Latent_Style,,LANCET,distinct5_512,distinct5_512,512,LANCET-K-e1,full,,0.7009949656327565,,,,,,,,157.1687499147529,,,,41.843,s,41.843 s,3.91,,,SchrodingerBridge/docs/experiments/noop_comparison_across_datasets_20260602/aggregate_artfid_keypoints.csv,generic_csv,metric_evidence,Parsed from SchrodingerBridge/docs/experiments/noop_comparison_across_datasets_20260602/aggregate_artfid_keypoints.csv
G:/GitHub/Latent_Style,,LANCET,distinct5_512,distinct5_512,512,LANCET-K-e1,transfer,,0.6711669415235519,,,,,,,,161.95765747448172,,,,35.748,s,35.748 s,3.91,,,SchrodingerBridge/docs/experiments/noop_comparison_across_datasets_20260602/aggregate_artfid_keypoints.csv,generic_csv,metric_evidence,Parsed from SchrodingerBridge/docs/experiments/noop_comparison_across_datasets_20260602/aggregate_artfid_keypoints.csv
G:/GitHub/Latent_Style,,LANCET/LBM,distinct5_512,distinct5_512,512,SaMAM 250,,,0.5479905153512955,0.60062504418691,,,,,,,,3191.26,s,3191.26 s,,,,3.91,,,SchrodingerBridge/docs/experiments/distinct5_512_20260602/tables/clip_style_vs_1lpips_points.csv,generic_csv,metric_evidence,Parsed from SchrodingerBridge/docs/experiments/distinct5_512_20260602/tables/clip_style_vs_1lpips_points.csv
G:/GitHub/Latent_Style,,LANCET/LBM,distinct5_512,distinct5_512,512,SaMAM 500,,,0.5629966173171997,0.5424447286427021,,,,,,,,6285.47,s,6285.47 s,,,,3.91,,,SchrodingerBridge/docs/experiments/distinct5_512_20260602/tables/clip_style_vs_1lpips_points.csv,generic_csv,metric_evidence,Parsed from SchrodingerBridge/docs/experiments/distinct5_512_20260602/tables/clip_style_vs_1lpips_points.csv
G:/GitHub/Latent_Style,,LANCET/LBM,distinct5_512,distinct5_512,512,SaMAM 750,,,0.5657316401004792,0.5359654448231062,,,,,,,,9473.03,s,9473.03 s,,,,3.91,,,SchrodingerBridge/docs/experiments/distinct5_512_20260602/tables/clip_style_vs_1lpips_points.csv,generic_csv,metric_evidence,Parsed from SchrodingerBridge/docs/experiments/distinct5_512_20260602/tables/clip_style_vs_1lpips_points.csv
G:/GitHub/Latent_Style,,LANCET/LBM,distinct5_512,distinct5_512,512,SaMAM 1000,,,0.5659095385869344,0.460542116244634,,,,,,,,12523.23,s,12523.23 s,,,,3.91,,,SchrodingerBridge/docs/experiments/distinct5_512_20260602/tables/clip_style_vs_1lpips_points.csv,generic_csv,metric_evidence,Parsed from SchrodingerBridge/docs/experiments/distinct5_512_20260602/tables/clip_style_vs_1lpips_points.csv
G:/GitHub/Latent_Style,,LANCET/LBM,distinct5_512,distinct5_512,512,SaMAM 1250,,,0.5780386782089869,0.4429448606769244,,,,,,,,15544.849999999999,s,15544.849999999999 s,,,,3.91,,,SchrodingerBridge/docs/experiments/distinct5_512_20260602/tables/clip_style_vs_1lpips_points.csv,generic_csv,metric_evidence,Parsed from SchrodingerBridge/docs/experiments/distinct5_512_20260602/tables/clip_style_vs_1lpips_points.csv
G:/GitHub/Latent_Style,,LANCET/LBM,distinct5_512,distinct5_512,512,SaMAM 1500,,,0.5805252346197765,0.4128264354666074,,,,,,,,18570.19,s,18570.19 s,,,,3.91,,,SchrodingerBridge/docs/experiments/distinct5_512_20260602/tables/clip_style_vs_1lpips_points.csv,generic_csv,metric_evidence,Parsed from SchrodingerBridge/docs/experiments/distinct5_512_20260602/tables/clip_style_vs_1lpips_points.csv
G:/GitHub/Latent_Style,,LANCET/LBM,distinct5_512,distinct5_512,512,SaMAM 1750,,,0.5776164135138194,0.37724381402134893,,,,,,,,21618.3,s,21618.3 s,,,,3.91,,,SchrodingerBridge/docs/experiments/distinct5_512_20260602/tables/clip_style_vs_1lpips_points.csv,generic_csv,metric_evidence,Parsed from SchrodingerBridge/docs/experiments/distinct5_512_20260602/tables/clip_style_vs_1lpips_points.csv
G:/GitHub/Latent_Style,,LANCET/LBM,distinct5_512,distinct5_512,512,SaMAM 2000,,,0.5833460243542989,0.36215300556023916,,,,,,,,24574.96,s,24574.96 s,,,,3.91,,,SchrodingerBridge/docs/experiments/distinct5_512_20260602/tables/clip_style_vs_1lpips_points.csv,generic_csv,metric_evidence,Parsed from SchrodingerBridge/docs/experiments/distinct5_512_20260602/tables/clip_style_vs_1lpips_points.csv
G:/GitHub/Latent_Style,,LANCET/LBM,distinct5_512,distinct5_512,512,SaMAM 2250,,,0.5810966821114222,0.35382040921847024,,,,,,,,27513.02,s,27513.02 s,,,,3.91,,,SchrodingerBridge/docs/experiments/distinct5_512_20260602/tables/clip_style_vs_1lpips_points.csv,generic_csv,metric_evidence,Parsed from SchrodingerBridge/docs/experiments/distinct5_512_20260602/tables/clip_style_vs_1lpips_points.csv
G:/GitHub/Latent_Style,,LANCET/LBM,distinct5_512,distinct5_512,512,No-op 5x5,,,0.6801226128737131,0.0,,,,,,,,0.0,s,0.0 s,,,,3.91,,,SchrodingerBridge/docs/experiments/distinct5_512_20260602/tables/clip_style_vs_1lpips_points.csv,generic_csv,metric_evidence,Parsed from SchrodingerBridge/docs/experiments/distinct5_512_20260602/tables/clip_style_vs_1lpips_points.csv
G:/GitHub/Latent_Style,,LANCET/LBM,distinct5_512,distinct5_512,512,Baseline e1,,,0.6869580874443055,0.44675554204,,,,,,,,70.76506447792053,s,70.76506447792053 s,,,,3.91,,,SchrodingerBridge/docs/experiments/distinct5_512_20260602/tables/clip_style_vs_1lpips_points.csv,generic_csv,metric_evidence,Parsed from SchrodingerBridge/docs/experiments/distinct5_512_20260602/tables/clip_style_vs_1lpips_points.csv
G:/GitHub/Latent_Style,,LANCET/LBM,distinct5_512,distinct5_512,512,Baseline e8,,,0.687648866891861,0.45274286515999995,,,,,,,,506.22308826446533,s,506.22308826446533 s,,,,3.91,,,SchrodingerBridge/docs/experiments/distinct5_512_20260602/tables/clip_style_vs_1lpips_points.csv,generic_csv,metric_evidence,Parsed from SchrodingerBridge/docs/experiments/distinct5_512_20260602/tables/clip_style_vs_1lpips_points.csv
G:/GitHub/Latent_Style,,LANCET/LBM,distinct5_512,distinct5_512,512,C e2,,,0.6906585683425267,0.4225928860933334,,,,,,,,135.67059016227722,s,135.67059016227722 s,,,,3.91,,,SchrodingerBridge/docs/experiments/distinct5_512_20260602/tables/clip_style_vs_1lpips_points.csv,generic_csv,metric_evidence,Parsed from SchrodingerBridge/docs/experiments/distinct5_512_20260602/tables/clip_style_vs_1lpips_points.csv
G:/GitHub/Latent_Style,,LANCET/LBM,distinct5_512,distinct5_512,512,D e1,,,0.6897613146305084,0.41559896694666665,,,,,,,,72.09774112701416,s,72.09774112701416 s,,,,3.91,,,SchrodingerBridge/docs/experiments/distinct5_512_20260602/tables/clip_style_vs_1lpips_points.csv,generic_csv,metric_evidence,Parsed from SchrodingerBridge/docs/experiments/distinct5_512_20260602/tables/clip_style_vs_1lpips_points.csv
G:/GitHub/Latent_Style,,LANCET/LBM,distinct5_512,distinct5_512,512,E e1,,,0.697346945643425,0.3581669207866666,,,,,,,,71.83662033081055,s,71.83662033081055 s,,,,3.91,,,SchrodingerBridge/docs/experiments/distinct5_512_20260602/tables/clip_style_vs_1lpips_points.csv,generic_csv,metric_evidence,Parsed from SchrodingerBridge/docs/experiments/distinct5_512_20260602/tables/clip_style_vs_1lpips_points.csv
G:/GitHub/Latent_Style,,LANCET/LBM,distinct5_512,distinct5_512,512,E e3,,,0.6934616965850193,0.33308632712,,,,,,,,197.38312029838562,s,197.38312029838562 s,,,,3.91,,,SchrodingerBridge/docs/experiments/distinct5_512_20260602/tables/clip_style_vs_1lpips_points.csv,generic_csv,metric_evidence,Parsed from SchrodingerBridge/docs/experiments/distinct5_512_20260602/tables/clip_style_vs_1lpips_points.csv
G:/GitHub/Latent_Style,,LANCET/LBM,distinct5_512,distinct5_512,512,F e1,,,0.696914507508278,0.31864464036,,,,,,,,72.96682977676392,s,72.96682977676392 s,,,,3.91,,,SchrodingerBridge/docs/experiments/distinct5_512_20260602/tables/clip_style_vs_1lpips_points.csv,generic_csv,metric_evidence,Parsed from SchrodingerBridge/docs/experiments/distinct5_512_20260602/tables/clip_style_vs_1lpips_points.csv
G:/GitHub/Latent_Style,,LANCET/LBM,distinct5_512,distinct5_512,512,H e1,,,0.6973625582059225,0.32133288292,,,,,,,,73.24106001853943,s,73.24106001853943 s,,,,3.91,,,SchrodingerBridge/docs/experiments/distinct5_512_20260602/tables/clip_style_vs_1lpips_points.csv,generic_csv,metric_evidence,Parsed from SchrodingerBridge/docs/experiments/distinct5_512_20260602/tables/clip_style_vs_1lpips_points.csv
G:/GitHub/Latent_Style,,LANCET/LBM,distinct5_512,distinct5_512,512,H e2,,,0.6993825696706771,0.34840661536,,,,,,,,135.9388608932495,s,135.9388608932495 s,,,,3.91,,,SchrodingerBridge/docs/experiments/distinct5_512_20260602/tables/clip_style_vs_1lpips_points.csv,generic_csv,metric_evidence,Parsed from SchrodingerBridge/docs/experiments/distinct5_512_20260602/tables/clip_style_vs_1lpips_points.csv
G:/GitHub/Latent_Style,,LANCET/LBM,distinct5_512,distinct5_512,512,J e1,,,0.6976529497305551,0.33227413865333333,,,,,,,,73.37286019325256,s,73.37286019325256 s,,,,3.91,,,SchrodingerBridge/docs/experiments/distinct5_512_20260602/tables/clip_style_vs_1lpips_points.csv,generic_csv,metric_evidence,Parsed from SchrodingerBridge/docs/experiments/distinct5_512_20260602/tables/clip_style_vs_1lpips_points.csv
G:/GitHub/Latent_Style,,LANCET/LBM,distinct5_512,distinct5_512,512,K e1,,,0.7009949656327565,0.36229389774666665,,,,,,,,72.46199893951416,s,72.46199893951416 s,,,,3.91,,,SchrodingerBridge/docs/experiments/distinct5_512_20260602/tables/clip_style_vs_1lpips_points.csv,generic_csv,metric_evidence,Parsed from SchrodingerBridge/docs/experiments/distinct5_512_20260602/tables/clip_style_vs_1lpips_points.csv
G:/GitHub/Latent_Style,,LANCET/LBM,distinct5_512,distinct5_512,512,L e1,,,0.6977771087487539,0.3397095243333333,,,,,,,,73.0322208404541,s,73.0322208404541 s,,,,3.91,,,SchrodingerBridge/docs/experiments/distinct5_512_20260602/tables/clip_style_vs_1lpips_points.csv,generic_csv,metric_evidence,Parsed from SchrodingerBridge/docs/experiments/distinct5_512_20260602/tables/clip_style_vs_1lpips_points.csv
G:/GitHub/Latent_Style,,LANCET/LBM,distinct5_512,distinct5_512,512,M e1,,,0.6987261127630869,0.34654294562666665,,,,,,,,73.28537821769714,s,73.28537821769714 s,,,,3.91,,,SchrodingerBridge/docs/experiments/distinct5_512_20260602/tables/clip_style_vs_1lpips_points.csv,generic_csv,metric_evidence,Parsed from SchrodingerBridge/docs/experiments/distinct5_512_20260602/tables/clip_style_vs_1lpips_points.csv
G:/GitHub/Latent_Style,,No-op,distinct5_512,distinct5_512,512,No-op,full,,0.6801226128737131,,,,,,,,1.0012583908589932,,,,63.206,s,63.206 s,,,,SchrodingerBridge/docs/experiments/distinct5_512_20260602/artfid_metric_hacking/distinct5_aggregate_artfid_keypoints.csv,generic_csv,metric_evidence,Parsed from SchrodingerBridge/docs/experiments/distinct5_512_20260602/artfid_metric_hacking/distinct5_aggregate_artfid_keypoints.csv
G:/GitHub/Latent_Style,,No-op,distinct5_512,distinct5_512,512,No-op,transfer,,0.6399208252628644,,,,,,,,1.0010985648530095,,,,53.888,s,53.888 s,,,,SchrodingerBridge/docs/experiments/distinct5_512_20260602/artfid_metric_hacking/distinct5_aggregate_artfid_keypoints.csv,generic_csv,metric_evidence,Parsed from SchrodingerBridge/docs/experiments/distinct5_512_20260602/artfid_metric_hacking/distinct5_aggregate_artfid_keypoints.csv
G:/GitHub/Latent_Style,,No-op,distinct5_512,distinct5_512,512,No-op,full,,0.6801226128737131,,,,,,,,1.0012583908589932,,,,63.172,s,63.172 s,,,,SchrodingerBridge/docs/experiments/distinct5_512_20260602/artfid_metric_hacking/distinct5_aggregate_artfid_keypoints.remote.csv,generic_csv,metric_evidence,Parsed from SchrodingerBridge/docs/experiments/distinct5_512_20260602/artfid_metric_hacking/distinct5_aggregate_artfid_keypoints.remote.csv
G:/GitHub/Latent_Style,,No-op,distinct5_512,distinct5_512,512,No-op,transfer,,0.6399208252628644,,,,,,,,1.0010985648530095,,,,52.634,s,52.634 s,,,,SchrodingerBridge/docs/experiments/distinct5_512_20260602/artfid_metric_hacking/distinct5_aggregate_artfid_keypoints.remote.csv,generic_csv,metric_evidence,Parsed from SchrodingerBridge/docs/experiments/distinct5_512_20260602/artfid_metric_hacking/distinct5_aggregate_artfid_keypoints.remote.csv
G:/GitHub/Latent_Style,,No-op,distinct5_512,distinct5_512,512,No-op,full,,0.6801226128737131,,,,,,,,1.0012583908589932,,,,63.206,s,63.206 s,,,,SchrodingerBridge/docs/experiments/noop_comparison_across_datasets_20260602/aggregate_artfid_keypoints.csv,generic_csv,metric_evidence,Parsed from SchrodingerBridge/docs/experiments/noop_comparison_across_datasets_20260602/aggregate_artfid_keypoints.csv
G:/GitHub/Latent_Style,,No-op,distinct5_512,distinct5_512,512,No-op,transfer,,0.6399208252628644,,,,,,,,1.0010985648530095,,,,53.888,s,53.888 s,,,,SchrodingerBridge/docs/experiments/noop_comparison_across_datasets_20260602/aggregate_artfid_keypoints.csv,generic_csv,metric_evidence,Parsed from SchrodingerBridge/docs/experiments/noop_comparison_across_datasets_20260602/aggregate_artfid_keypoints.csv
G:/GitHub/Latent_Style,,SaMAM,Distinct5-512 / 1000 per style,distinct5_512,512,SaMAM best-lpips (2250),full,,0.5810966821114222,0.3538204092184702,,,,,,,146.07096815798894,7.6,h,7.6h,,,,,,,G:\GitHub\Latent_Style\SchrodingerBridge\docs\experiments\distinct5_512_20260602\artfid_metric_hacking\distinct5_aggregate_artfid_keypoints.remote.csv,artfid_comparison_points,metric_evidence,ArtFID comparison point; train time preserved from train_time_label.
G:/GitHub/Latent_Style,,SaMAM,Distinct5-512 / 1000 per style,distinct5_512,512,SaMAM best-style (2k),full,,0.5833460243542989,0.3621530055602391,,,,,,,152.2123439756121,6.8,h,6.8h,,,,,,,G:\GitHub\Latent_Style\SchrodingerBridge\docs\experiments\distinct5_512_20260602\artfid_metric_hacking\distinct5_aggregate_artfid_keypoints.remote.csv,artfid_comparison_points,metric_evidence,ArtFID comparison point; train time preserved from train_time_label.
G:/GitHub/Latent_Style,,SaMAM,Distinct5-512 / 1000 per style,distinct5_512,512,SaMAM best-lpips (2250),transfer,,0.5522515382866064,0.3604523678372304,,,,,,,148.20585228085082,7.6,h,7.6h,,,,,,,G:\GitHub\Latent_Style\SchrodingerBridge\docs\experiments\distinct5_512_20260602\artfid_metric_hacking\distinct5_aggregate_artfid_keypoints.remote.csv,artfid_comparison_points,metric_evidence,ArtFID comparison point; train time preserved from train_time_label.
G:/GitHub/Latent_Style,,SaMAM,Distinct5-512 / 1000 per style,distinct5_512,512,SaMAM best-style (2k),transfer,,0.5545786788066228,0.3691024965047836,,,,,,,154.25894735281716,6.8,h,6.8h,,,,,,,G:\GitHub\Latent_Style\SchrodingerBridge\docs\experiments\distinct5_512_20260602\artfid_metric_hacking\distinct5_aggregate_artfid_keypoints.remote.csv,artfid_comparison_points,metric_evidence,ArtFID comparison point; train time preserved from train_time_label.
G:/GitHub/Latent_Style,,SaMAM,Distinct5-512 / 1000 per style,distinct5_512,512,SaMAM closed 3k,full,,0.6978010030587514,0.3220869704133334,,,,,,,345.60174531483347,10.2,h,10.2h,,,,,,,G:\GitHub\Latent_Style\SchrodingerBridge\docs\experiments\distinct5_512_20260602\baseline_packet_status_20260604\packet_status.json,artfid_comparison_points,metric_evidence,ArtFID comparison point; train time preserved from train_time_label.
G:/GitHub/Latent_Style,,SaMAM,Distinct5-512 / 1000 per style,distinct5_512,512,SaMAM closed 3k,transfer,,0.6646182161569595,0.3270938639666667,,,,,,,394.76620834787985,10.2,h,10.2h,,,,,,,G:\GitHub\Latent_Style\SchrodingerBridge\docs\experiments\distinct5_512_20260602\baseline_packet_status_20260604\packet_status.json,artfid_comparison_points,metric_evidence,ArtFID comparison point; train time preserved from train_time_label.
G:/GitHub/Latent_Style,,SaMAM,distinct5_512,distinct5_512,512,SaMAM-2000,full,,0.5833460243542989,,,,,,,,152.2123439756121,,,,56.546,s,56.546 s,,,,SchrodingerBridge/docs/experiments/distinct5_512_20260602/artfid_metric_hacking/distinct5_aggregate_artfid_keypoints.csv,generic_csv,metric_evidence,Parsed from SchrodingerBridge/docs/experiments/distinct5_512_20260602/artfid_metric_hacking/distinct5_aggregate_artfid_keypoints.csv
G:/GitHub/Latent_Style,,SaMAM,distinct5_512,distinct5_512,512,SaMAM-2000,transfer,,0.5545786788066228,,,,,,,,154.25894735281716,,,,47.582,s,47.582 s,,,,SchrodingerBridge/docs/experiments/distinct5_512_20260602/artfid_metric_hacking/distinct5_aggregate_artfid_keypoints.csv,generic_csv,metric_evidence,Parsed from SchrodingerBridge/docs/experiments/distinct5_512_20260602/artfid_metric_hacking/distinct5_aggregate_artfid_keypoints.csv
G:/GitHub/Latent_Style,,SaMAM,distinct5_512,distinct5_512,512,SaMAM-2250,full,,0.5810966821114222,,,,,,,,146.07096815798894,,,,56.559,s,56.559 s,,,,SchrodingerBridge/docs/experiments/distinct5_512_20260602/artfid_metric_hacking/distinct5_aggregate_artfid_keypoints.csv,generic_csv,metric_evidence,Parsed from SchrodingerBridge/docs/experiments/distinct5_512_20260602/artfid_metric_hacking/distinct5_aggregate_artfid_keypoints.csv
G:/GitHub/Latent_Style,,SaMAM,distinct5_512,distinct5_512,512,SaMAM-2250,transfer,,0.5522515382866064,,,,,,,,148.20585228085082,,,,47.38,s,47.38 s,,,,SchrodingerBridge/docs/experiments/distinct5_512_20260602/artfid_metric_hacking/distinct5_aggregate_artfid_keypoints.csv,generic_csv,metric_evidence,Parsed from SchrodingerBridge/docs/experiments/distinct5_512_20260602/artfid_metric_hacking/distinct5_aggregate_artfid_keypoints.csv
G:/GitHub/Latent_Style,,SaMAM,distinct5_512,distinct5_512,512,SaMAM-2000,full,,0.5833460243542989,,,,,,,,152.2123439756121,,,,54.817,s,54.817 s,,,,SchrodingerBridge/docs/experiments/distinct5_512_20260602/artfid_metric_hacking/distinct5_aggregate_artfid_keypoints.remote.csv,generic_csv,metric_evidence,Parsed from SchrodingerBridge/docs/experiments/distinct5_512_20260602/artfid_metric_hacking/distinct5_aggregate_artfid_keypoints.remote.csv
G:/GitHub/Latent_Style,,SaMAM,distinct5_512,distinct5_512,512,SaMAM-2000,transfer,,0.5545786788066228,,,,,,,,154.25894735281716,,,,46.282,s,46.282 s,,,,SchrodingerBridge/docs/experiments/distinct5_512_20260602/artfid_metric_hacking/distinct5_aggregate_artfid_keypoints.remote.csv,generic_csv,metric_evidence,Parsed from SchrodingerBridge/docs/experiments/distinct5_512_20260602/artfid_metric_hacking/distinct5_aggregate_artfid_keypoints.remote.csv
G:/GitHub/Latent_Style,,SaMAM,distinct5_512,distinct5_512,512,SaMAM-2250,full,,0.5810966821114222,,,,,,,,146.07096815798894,,,,55.001,s,55.001 s,,,,SchrodingerBridge/docs/experiments/distinct5_512_20260602/artfid_metric_hacking/distinct5_aggregate_artfid_keypoints.remote.csv,generic_csv,metric_evidence,Parsed from SchrodingerBridge/docs/experiments/distinct5_512_20260602/artfid_metric_hacking/distinct5_aggregate_artfid_keypoints.remote.csv
G:/GitHub/Latent_Style,,SaMAM,distinct5_512,distinct5_512,512,SaMAM-2250,transfer,,0.5522515382866064,,,,,,,,148.20585228085082,,,,47.32,s,47.32 s,,,,SchrodingerBridge/docs/experiments/distinct5_512_20260602/artfid_metric_hacking/distinct5_aggregate_artfid_keypoints.remote.csv,generic_csv,metric_evidence,Parsed from SchrodingerBridge/docs/experiments/distinct5_512_20260602/artfid_metric_hacking/distinct5_aggregate_artfid_keypoints.remote.csv
G:/GitHub/Latent_Style,,SaMAM,distinct5_512,distinct5_512,512,SaMAM-2000,full,,0.5833460243542989,,,,,,,,152.2123439756121,,,,56.546,s,56.546 s,,,,SchrodingerBridge/docs/experiments/noop_comparison_across_datasets_20260602/aggregate_artfid_keypoints.csv,generic_csv,metric_evidence,Parsed from SchrodingerBridge/docs/experiments/noop_comparison_across_datasets_20260602/aggregate_artfid_keypoints.csv
G:/GitHub/Latent_Style,,SaMAM,distinct5_512,distinct5_512,512,SaMAM-2000,transfer,,0.5545786788066228,,,,,,,,154.25894735281716,,,,47.582,s,47.582 s,,,,SchrodingerBridge/docs/experiments/noop_comparison_across_datasets_20260602/aggregate_artfid_keypoints.csv,generic_csv,metric_evidence,Parsed from SchrodingerBridge/docs/experiments/noop_comparison_across_datasets_20260602/aggregate_artfid_keypoints.csv
G:/GitHub/Latent_Style,,SaMAM,distinct5_512,distinct5_512,512,SaMAM-2250,full,,0.5810966821114222,,,,,,,,146.07096815798894,,,,56.559,s,56.559 s,,,,SchrodingerBridge/docs/experiments/noop_comparison_across_datasets_20260602/aggregate_artfid_keypoints.csv,generic_csv,metric_evidence,Parsed from SchrodingerBridge/docs/experiments/noop_comparison_across_datasets_20260602/aggregate_artfid_keypoints.csv
G:/GitHub/Latent_Style,,SaMAM,distinct5_512,distinct5_512,512,SaMAM-2250,transfer,,0.5522515382866064,,,,,,,,148.20585228085082,,,,47.38,s,47.38 s,,,,SchrodingerBridge/docs/experiments/noop_comparison_across_datasets_20260602/aggregate_artfid_keypoints.csv,generic_csv,metric_evidence,Parsed from SchrodingerBridge/docs/experiments/noop_comparison_across_datasets_20260602/aggregate_artfid_keypoints.csv
G:/GitHub/Latent_Style,,SaMST,Distinct5-512 / 1000 per style,distinct5_512,512,SaMST e15,full,,0.7247245136102042,0.6255497488,,,,,,,395.71170712852535,5.8,h,5.8h,,,,6,,,G:\GitHub\Latent_Style\Related_Works\baseline_pipeline\results\samst_distinct5_512_real_b2_e15_20260602\eval_epoch15\epoch_0015\summary.json,artfid_comparison_points,metric_evidence,ArtFID comparison point; train time preserved from train_time_label.
G:/GitHub/Latent_Style,,SaMST,Distinct5-512 / 1000 per style,distinct5_512,512,SaMST e15,transfer,,0.69574123164018,0.6319495817333334,,,,,,,444.4870406090582,5.8,h,5.8h,,,,6,,,G:\GitHub\Latent_Style\Related_Works\baseline_pipeline\results\samst_distinct5_512_real_b2_e15_20260602\eval_epoch15\epoch_0015\summary.json,artfid_comparison_points,metric_evidence,ArtFID comparison point; train time preserved from train_time_label.
G:/GitHub/Latent_Style,,idt,Distinct5-512 / 1000 per style,distinct5_512,512,idt,full,,0.6801251527865727,0.0,,,,,,,216.50988095718216,,,ref,,,,,,,G:\GitHub\Latent_Style\SchrodingerBridge\docs\experiments\idt_eval_20260602\distinct5_512\idt_5x5\summary.json,artfid_comparison_points,metric_evidence,ArtFID comparison point; train time preserved from train_time_label.
G:/GitHub/Latent_Style,,idt,Distinct5-512 / 1000 per style,distinct5_512,512,idt,transfer,,0.6399224616587161,0.0,,,,,,,323.66084570519234,,,ref,,,,,,,G:\GitHub\Latent_Style\SchrodingerBridge\docs\experiments\idt_eval_20260602\distinct5_512\idt_5x5\summary.json,artfid_comparison_points,metric_evidence,ArtFID comparison point; train time preserved from train_time_label.
I:\,2026-06-02,LANCET/LBM,distinct5_512,distinct5_512,512,no_op_identity_5x5,full_eval_or_summary,,,,,,,,,,,,,,51.711705126996094,s,51.711705126996094 s timings_sec.wall_total,,,summary_found,I:\Github\Latent_Style\SchrodingerBridge\docs\experiments\distinct5_512_20260602\no_op_identity_5x5\summary.json,remote_summary_json_curated,timing_evidence,Remote curated summary.json after experiment-path filter.
I:\,2026-06-02,LANCET/LBM,distinct5_512,distinct5_512,512,epoch_0001_smoke25,full_eval_or_summary,,,,,,,,,,,,,,44.498293371000045,s,44.498293371000045 s timings_sec.wall_total,,,summary_found,I:\Github\Latent_Style\SchrodingerBridge\exp\_remote_smoke_distinct5_512_ema_baseline_b48_vlen005\full_eval\epoch_0001_smoke25\summary.json,remote_summary_json_curated,timing_evidence,Remote curated summary.json after experiment-path filter.
I:\,2026-06-02,LANCET/LBM,distinct5_512,distinct5_512,512,epoch_0001,full_eval_or_summary,,,,,,,,,,,,,,101.42849573700005,s,101.42849573700005 s timings_sec.wall_total,,,summary_found,I:\Github\Latent_Style\SchrodingerBridge\exp\distinct5_512_ema_baseline_direct_atom_residual_b44_remote\full_eval\epoch_0001\summary.json,remote_summary_json_curated,timing_evidence,Remote curated summary.json after experiment-path filter.
I:\,2026-06-02,LANCET/LBM,distinct5_512,distinct5_512,512,epoch_0002,full_eval_or_summary,,,,,,,,,,,,,,95.40597825800069,s,95.40597825800069 s timings_sec.wall_total,,,summary_found,I:\Github\Latent_Style\SchrodingerBridge\exp\distinct5_512_ema_baseline_direct_atom_residual_b44_remote\full_eval\epoch_0002\summary.json,remote_summary_json_curated,timing_evidence,Remote curated summary.json after experiment-path filter.
I:\,2026-06-02,LANCET/LBM,distinct5_512,distinct5_512,512,epoch_0003,full_eval_or_summary,,,,,,,,,,,,,,97.88693645900003,s,97.88693645900003 s timings_sec.wall_total,,,summary_found,I:\Github\Latent_Style\SchrodingerBridge\exp\distinct5_512_ema_baseline_direct_atom_residual_b44_remote\full_eval\epoch_0003\summary.json,remote_summary_json_curated,timing_evidence,Remote curated summary.json after experiment-path filter.
I:\,2026-06-02,LANCET/LBM,distinct5_512,distinct5_512,512,epoch_0004,full_eval_or_summary,,,,,,,,,,,,,,95.14059642399934,s,95.14059642399934 s timings_sec.wall_total,,,summary_found,I:\Github\Latent_Style\SchrodingerBridge\exp\distinct5_512_ema_baseline_direct_atom_residual_b44_remote\full_eval\epoch_0004\summary.json,remote_summary_json_curated,timing_evidence,Remote curated summary.json after experiment-path filter.
I:\,2026-06-02,LANCET/LBM,distinct5_512,distinct5_512,512,epoch_0005,full_eval_or_summary,,,,,,,,,,,,,,94.90749232599956,s,94.90749232599956 s timings_sec.wall_total,,,summary_found,I:\Github\Latent_Style\SchrodingerBridge\exp\distinct5_512_ema_baseline_direct_atom_residual_b44_remote\full_eval\epoch_0005\summary.json,remote_summary_json_curated,timing_evidence,Remote curated summary.json after experiment-path filter.
I:\,2026-06-02,LANCET/LBM,distinct5_512,distinct5_512,512,epoch_0006,full_eval_or_summary,,,,,,,,,,,,,,95.09559635999994,s,95.09559635999994 s timings_sec.wall_total,,,summary_found,I:\Github\Latent_Style\SchrodingerBridge\exp\distinct5_512_ema_baseline_direct_atom_residual_b44_remote\full_eval\epoch_0006\summary.json,remote_summary_json_curated,timing_evidence,Remote curated summary.json after experiment-path filter.
I:\,2026-06-02,LANCET/LBM,distinct5_512,distinct5_512,512,epoch_0007,full_eval_or_summary,,,,,,,,,,,,,,95.01530161799928,s,95.01530161799928 s timings_sec.wall_total,,,summary_found,I:\Github\Latent_Style\SchrodingerBridge\exp\distinct5_512_ema_baseline_direct_atom_residual_b44_remote\full_eval\epoch_0007\summary.json,remote_summary_json_curated,timing_evidence,Remote curated summary.json after experiment-path filter.
I:\,2026-06-02,LANCET/LBM,distinct5_512,distinct5_512,512,epoch_0008,full_eval_or_summary,,,,,,,,,,,,,,94.8003261089998,s,94.8003261089998 s timings_sec.wall_total,,,summary_found,I:\Github\Latent_Style\SchrodingerBridge\exp\distinct5_512_ema_baseline_direct_atom_residual_b44_remote\full_eval\epoch_0008\summary.json,remote_summary_json_curated,timing_evidence,Remote curated summary.json after experiment-path filter.
I:\,2026-06-02,LANCET/LBM,distinct5_512,distinct5_512,512,epoch_0001,full_eval_or_summary,,,,,,,,,,,,,,95.24508640099975,s,95.24508640099975 s timings_sec.wall_total,,,summary_found,I:\Github\Latent_Style\SchrodingerBridge\exp\distinct5_512_ema_variant_a_class_prototypes_b44_remote\full_eval\epoch_0001\summary.json,remote_summary_json_curated,timing_evidence,Remote curated summary.json after experiment-path filter.
I:\,2026-06-02,LANCET/LBM,distinct5_512,distinct5_512,512,epoch_0002,full_eval_or_summary,,,,,,,,,,,,,,95.29496694299996,s,95.29496694299996 s timings_sec.wall_total,,,summary_found,I:\Github\Latent_Style\SchrodingerBridge\exp\distinct5_512_ema_variant_a_class_prototypes_b44_remote\full_eval\epoch_0002\summary.json,remote_summary_json_curated,timing_evidence,Remote curated summary.json after experiment-path filter.
I:\,2026-06-02,LANCET/LBM,distinct5_512,distinct5_512,512,epoch_0003,full_eval_or_summary,,,,,,,,,,,,,,97.8382688419997,s,97.8382688419997 s timings_sec.wall_total,,,summary_found,I:\Github\Latent_Style\SchrodingerBridge\exp\distinct5_512_ema_variant_a_class_prototypes_b44_remote\full_eval\epoch_0003\summary.json,remote_summary_json_curated,timing_evidence,Remote curated summary.json after experiment-path filter.
I:\,2026-06-02,LANCET/LBM,distinct5_512,distinct5_512,512,epoch_0004,full_eval_or_summary,,,,,,,,,,,,,,95.34430218299985,s,95.34430218299985 s timings_sec.wall_total,,,summary_found,I:\Github\Latent_Style\SchrodingerBridge\exp\distinct5_512_ema_variant_a_class_prototypes_b44_remote\full_eval\epoch_0004\summary.json,remote_summary_json_curated,timing_evidence,Remote curated summary.json after experiment-path filter.
I:\,2026-06-02,LANCET/LBM,distinct5_512,distinct5_512,512,epoch_0005,full_eval_or_summary,,,,,,,,,,,,,,95.02715564099981,s,95.02715564099981 s timings_sec.wall_total,,,summary_found,I:\Github\Latent_Style\SchrodingerBridge\exp\distinct5_512_ema_variant_a_class_prototypes_b44_remote\full_eval\epoch_0005\summary.json,remote_summary_json_curated,timing_evidence,Remote curated summary.json after experiment-path filter.
I:\,2026-06-02,LANCET/LBM,distinct5_512,distinct5_512,512,epoch_0006,full_eval_or_summary,,,,,,,,,,,,,,94.86079137599972,s,94.86079137599972 s timings_sec.wall_total,,,summary_found,I:\Github\Latent_Style\SchrodingerBridge\exp\distinct5_512_ema_variant_a_class_prototypes_b44_remote\full_eval\epoch_0006\summary.json,remote_summary_json_curated,timing_evidence,Remote curated summary.json after experiment-path filter.
I:\,2026-06-02,LANCET/LBM,distinct5_512,distinct5_512,512,epoch_0007,full_eval_or_summary,,,,,,,,,,,,,,94.7584971490005,s,94.7584971490005 s timings_sec.wall_total,,,summary_found,I:\Github\Latent_Style\SchrodingerBridge\exp\distinct5_512_ema_variant_a_class_prototypes_b44_remote\full_eval\epoch_0007\summary.json,remote_summary_json_curated,timing_evidence,Remote curated summary.json after experiment-path filter.
I:\,2026-06-02,LANCET/LBM,distinct5_512,distinct5_512,512,epoch_0008,full_eval_or_summary,,,,,,,,,,,,,,95.04837335200136,s,95.04837335200136 s timings_sec.wall_total,,,summary_found,I:\Github\Latent_Style\SchrodingerBridge\exp\distinct5_512_ema_variant_a_class_prototypes_b44_remote\full_eval\epoch_0008\summary.json,remote_summary_json_curated,timing_evidence,Remote curated summary.json after experiment-path filter.
I:\,2026-06-02,LANCET/LBM,distinct5_512,distinct5_512,512,epoch_0001,full_eval_or_summary,,,,,,,,,,,,,,98.81614170499961,s,98.81614170499961 s timings_sec.wall_total,,,summary_found,I:\Github\Latent_Style\SchrodingerBridge\exp\distinct5_512_ema_variant_b_global_vq_b44_remote\full_eval\epoch_0001\summary.json,remote_summary_json_curated,timing_evidence,Remote curated summary.json after experiment-path filter.
I:\,2026-06-02,LANCET/LBM,distinct5_512,distinct5_512,512,epoch_0002,full_eval_or_summary,,,,,,,,,,,,,,95.60686075800004,s,95.60686075800004 s timings_sec.wall_total,,,summary_found,I:\Github\Latent_Style\SchrodingerBridge\exp\distinct5_512_ema_variant_b_global_vq_b44_remote\full_eval\epoch_0002\summary.json,remote_summary_json_curated,timing_evidence,Remote curated summary.json after experiment-path filter.
I:\,2026-06-02,LANCET/LBM,distinct5_512,distinct5_512,512,epoch_0003,full_eval_or_summary,,,,,,,,,,,,,,95.44951747099913,s,95.44951747099913 s timings_sec.wall_total,,,summary_found,I:\Github\Latent_Style\SchrodingerBridge\exp\distinct5_512_ema_variant_b_global_vq_b44_remote\full_eval\epoch_0003\summary.json,remote_summary_json_curated,timing_evidence,Remote curated summary.json after experiment-path filter.
I:\,2026-06-02,LANCET/LBM,distinct5_512,distinct5_512,512,epoch_0004,full_eval_or_summary,,,,,,,,,,,,,,95.05624773300042,s,95.05624773300042 s timings_sec.wall_total,,,summary_found,I:\Github\Latent_Style\SchrodingerBridge\exp\distinct5_512_ema_variant_b_global_vq_b44_remote\full_eval\epoch_0004\summary.json,remote_summary_json_curated,timing_evidence,Remote curated summary.json after experiment-path filter.
I:\,2026-06-02,LANCET/LBM,distinct5_512,distinct5_512,512,epoch_0005,full_eval_or_summary,,,,,,,,,,,,,,95.01549649899971,s,95.01549649899971 s timings_sec.wall_total,,,summary_found,I:\Github\Latent_Style\SchrodingerBridge\exp\distinct5_512_ema_variant_b_global_vq_b44_remote\full_eval\epoch_0005\summary.json,remote_summary_json_curated,timing_evidence,Remote curated summary.json after experiment-path filter.
I:\,2026-06-02,LANCET/LBM,distinct5_512,distinct5_512,512,epoch_0006,full_eval_or_summary,,,,,,,,,,,,,,95.02998779799964,s,95.02998779799964 s timings_sec.wall_total,,,summary_found,I:\Github\Latent_Style\SchrodingerBridge\exp\distinct5_512_ema_variant_b_global_vq_b44_remote\full_eval\epoch_0006\summary.json,remote_summary_json_curated,timing_evidence,Remote curated summary.json after experiment-path filter.
I:\,2026-06-02,LANCET/LBM,distinct5_512,distinct5_512,512,epoch_0007,full_eval_or_summary,,,,,,,,,,,,,,95.16350627599968,s,95.16350627599968 s timings_sec.wall_total,,,summary_found,I:\Github\Latent_Style\SchrodingerBridge\exp\distinct5_512_ema_variant_b_global_vq_b44_remote\full_eval\epoch_0007\summary.json,remote_summary_json_curated,timing_evidence,Remote curated summary.json after experiment-path filter.
I:\,2026-06-02,LANCET/LBM,distinct5_512,distinct5_512,512,epoch_0008,full_eval_or_summary,,,,,,,,,,,,,,95.20408842699908,s,95.20408842699908 s timings_sec.wall_total,,,summary_found,I:\Github\Latent_Style\SchrodingerBridge\exp\distinct5_512_ema_variant_b_global_vq_b44_remote\full_eval\epoch_0008\summary.json,remote_summary_json_curated,timing_evidence,Remote curated summary.json after experiment-path filter.
I:\,2026-06-02,LANCET/LBM,distinct5_512,distinct5_512,512,epoch_0001,full_eval_or_summary,,,,,,,,,,,,,,98.58742219600026,s,98.58742219600026 s timings_sec.wall_total,,,summary_found,I:\Github\Latent_Style\SchrodingerBridge\exp\distinct5_512_ema_variant_c_content_guided_spatial_b44_remote\full_eval\epoch_0001\summary.json,remote_summary_json_curated,timing_evidence,Remote curated summary.json after experiment-path filter.
I:\,2026-06-02,LANCET/LBM,distinct5_512,distinct5_512,512,epoch_0002,full_eval_or_summary,,,,,,,,,,,,,,95.89410842699908,s,95.89410842699908 s timings_sec.wall_total,,,summary_found,I:\Github\Latent_Style\SchrodingerBridge\exp\distinct5_512_ema_variant_c_content_guided_spatial_b44_remote\full_eval\epoch_0002\summary.json,remote_summary_json_curated,timing_evidence,Remote curated summary.json after experiment-path filter.
I:\,2026-06-02,LANCET/LBM,distinct5_512,distinct5_512,512,epoch_0003,full_eval_or_summary,,,,,,,,,,,,,,95.23135643200112,s,95.23135643200112 s timings_sec.wall_total,,,summary_found,I:\Github\Latent_Style\SchrodingerBridge\exp\distinct5_512_ema_variant_c_content_guided_spatial_b44_remote\full_eval\epoch_0003\summary.json,remote_summary_json_curated,timing_evidence,Remote curated summary.json after experiment-path filter.
I:\,2026-06-02,LANCET/LBM,distinct5_512,distinct5_512,512,epoch_0004,full_eval_or_summary,,,,,,,,,,,,,,95.34808660300041,s,95.34808660300041 s timings_sec.wall_total,,,summary_found,I:\Github\Latent_Style\SchrodingerBridge\exp\distinct5_512_ema_variant_c_content_guided_spatial_b44_remote\full_eval\epoch_0004\summary.json,remote_summary_json_curated,timing_evidence,Remote curated summary.json after experiment-path filter.
I:\,2026-06-02,LANCET/LBM,distinct5_512,distinct5_512,512,epoch_0005,full_eval_or_summary,,,,,,,,,,,,,,94.78858905499874,s,94.78858905499874 s timings_sec.wall_total,,,summary_found,I:\Github\Latent_Style\SchrodingerBridge\exp\distinct5_512_ema_variant_c_content_guided_spatial_b44_remote\full_eval\epoch_0005\summary.json,remote_summary_json_curated,timing_evidence,Remote curated summary.json after experiment-path filter.
I:\,2026-06-02,LANCET/LBM,distinct5_512,distinct5_512,512,epoch_0006,full_eval_or_summary,,,,,,,,,,,,,,98.34615033000046,s,98.34615033000046 s timings_sec.wall_total,,,summary_found,I:\Github\Latent_Style\SchrodingerBridge\exp\distinct5_512_ema_variant_c_content_guided_spatial_b44_remote\full_eval\epoch_0006\summary.json,remote_summary_json_curated,timing_evidence,Remote curated summary.json after experiment-path filter.
I:\,2026-06-02,LANCET/LBM,distinct5_512,distinct5_512,512,epoch_0007,full_eval_or_summary,,,,,,,,,,,,,,94.84917641399988,s,94.84917641399988 s timings_sec.wall_total,,,summary_found,I:\Github\Latent_Style\SchrodingerBridge\exp\distinct5_512_ema_variant_c_content_guided_spatial_b44_remote\full_eval\epoch_0007\summary.json,remote_summary_json_curated,timing_evidence,Remote curated summary.json after experiment-path filter.
I:\,2026-06-02,LANCET/LBM,distinct5_512,distinct5_512,512,epoch_0008,full_eval_or_summary,,,,,,,,,,,,,,95.09122094299892,s,95.09122094299892 s timings_sec.wall_total,,,summary_found,I:\Github\Latent_Style\SchrodingerBridge\exp\distinct5_512_ema_variant_c_content_guided_spatial_b44_remote\full_eval\epoch_0008\summary.json,remote_summary_json_curated,timing_evidence,Remote curated summary.json after experiment-path filter.
I:\,2026-06-02,LANCET/LBM,distinct5_512,distinct5_512,512,epoch_0001,full_eval_or_summary,,,,,,,,,,,,,,96.12465538200013,s,96.12465538200013 s timings_sec.wall_total,,,summary_found,I:\Github\Latent_Style\SchrodingerBridge\exp\distinct5_512_ema_variant_d_vq_content_guided_b44_remote\full_eval\epoch_0001\summary.json,remote_summary_json_curated,timing_evidence,Remote curated summary.json after experiment-path filter.
I:\,2026-06-02,LANCET/LBM,distinct5_512,distinct5_512,512,epoch_0002,full_eval_or_summary,,,,,,,,,,,,,,95.42896754200046,s,95.42896754200046 s timings_sec.wall_total,,,summary_found,I:\Github\Latent_Style\SchrodingerBridge\exp\distinct5_512_ema_variant_d_vq_content_guided_b44_remote\full_eval\epoch_0002\summary.json,remote_summary_json_curated,timing_evidence,Remote curated summary.json after experiment-path filter.
I:\,2026-06-02,LANCET/LBM,distinct5_512,distinct5_512,512,epoch_0003,full_eval_or_summary,,,,,,,,,,,,,,95.3460023459993,s,95.3460023459993 s timings_sec.wall_total,,,summary_found,I:\Github\Latent_Style\SchrodingerBridge\exp\distinct5_512_ema_variant_d_vq_content_guided_b44_remote\full_eval\epoch_0003\summary.json,remote_summary_json_curated,timing_evidence,Remote curated summary.json after experiment-path filter.
I:\,2026-06-02,LANCET/LBM,distinct5_512,distinct5_512,512,epoch_0004,full_eval_or_summary,,,,,,,,,,,,,,95.96035734999896,s,95.96035734999896 s timings_sec.wall_total,,,summary_found,I:\Github\Latent_Style\SchrodingerBridge\exp\distinct5_512_ema_variant_d_vq_content_guided_b44_remote\full_eval\epoch_0004\summary.json,remote_summary_json_curated,timing_evidence,Remote curated summary.json after experiment-path filter.
I:\,2026-06-02,LANCET/LBM,distinct5_512,distinct5_512,512,epoch_0005,full_eval_or_summary,,,,,,,,,,,,,,95.57398176600145,s,95.57398176600145 s timings_sec.wall_total,,,summary_found,I:\Github\Latent_Style\SchrodingerBridge\exp\distinct5_512_ema_variant_d_vq_content_guided_b44_remote\full_eval\epoch_0005\summary.json,remote_summary_json_curated,timing_evidence,Remote curated summary.json after experiment-path filter.
I:\,2026-06-02,LANCET/LBM,distinct5_512,distinct5_512,512,epoch_0006,full_eval_or_summary,,,,,,,,,,,,,,99.00904599099886,s,99.00904599099886 s timings_sec.wall_total,,,summary_found,I:\Github\Latent_Style\SchrodingerBridge\exp\distinct5_512_ema_variant_d_vq_content_guided_b44_remote\full_eval\epoch_0006\summary.json,remote_summary_json_curated,timing_evidence,Remote curated summary.json after experiment-path filter.
I:\,2026-06-02,LANCET/LBM,distinct5_512,distinct5_512,512,epoch_0007,full_eval_or_summary,,,,,,,,,,,,,,95.46431372400002,s,95.46431372400002 s timings_sec.wall_total,,,summary_found,I:\Github\Latent_Style\SchrodingerBridge\exp\distinct5_512_ema_variant_d_vq_content_guided_b44_remote\full_eval\epoch_0007\summary.json,remote_summary_json_curated,timing_evidence,Remote curated summary.json after experiment-path filter.
I:\,2026-06-02,LANCET/LBM,distinct5_512,distinct5_512,512,epoch_0008,full_eval_or_summary,,,,,,,,,,,,,,95.94725668200044,s,95.94725668200044 s timings_sec.wall_total,,,summary_found,I:\Github\Latent_Style\SchrodingerBridge\exp\distinct5_512_ema_variant_d_vq_content_guided_b44_remote\full_eval\epoch_0008\summary.json,remote_summary_json_curated,timing_evidence,Remote curated summary.json after experiment-path filter.
I:\,2026-06-02,LANCET/LBM,distinct5_512,distinct5_512,512,epoch_0001,full_eval_or_summary,,,,,,,,,,,,,,95.27484137700048,s,95.27484137700048 s timings_sec.wall_total,,,summary_found,I:\Github\Latent_Style\SchrodingerBridge\exp\distinct5_512_ema_variant_e_latent_prototype_ot_queue_b44_remote\full_eval\epoch_0001\summary.json,remote_summary_json_curated,timing_evidence,Remote curated summary.json after experiment-path filter.
I:\,2026-06-02,LANCET/LBM,distinct5_512,distinct5_512,512,epoch_0002,full_eval_or_summary,,,,,,,,,,,,,,95.29054736299804,s,95.29054736299804 s timings_sec.wall_total,,,summary_found,I:\Github\Latent_Style\SchrodingerBridge\exp\distinct5_512_ema_variant_e_latent_prototype_ot_queue_b44_remote\full_eval\epoch_0002\summary.json,remote_summary_json_curated,timing_evidence,Remote curated summary.json after experiment-path filter.
I:\,2026-06-02,LANCET/LBM,distinct5_512,distinct5_512,512,epoch_0003,full_eval_or_summary,,,,,,,,,,,,,,99.3647932060012,s,99.3647932060012 s timings_sec.wall_total,,,summary_found,I:\Github\Latent_Style\SchrodingerBridge\exp\distinct5_512_ema_variant_e_latent_prototype_ot_queue_b44_remote\full_eval\epoch_0003\summary.json,remote_summary_json_curated,timing_evidence,Remote curated summary.json after experiment-path filter.
I:\,2026-06-02,LANCET/LBM,distinct5_512,distinct5_512,512,epoch_0004,full_eval_or_summary,,,,,,,,,,,,,,95.70050463400185,s,95.70050463400185 s timings_sec.wall_total,,,summary_found,I:\Github\Latent_Style\SchrodingerBridge\exp\distinct5_512_ema_variant_e_latent_prototype_ot_queue_b44_remote\full_eval\epoch_0004\summary.json,remote_summary_json_curated,timing_evidence,Remote curated summary.json after experiment-path filter.
I:\,2026-06-02,LANCET/LBM,distinct5_512,distinct5_512,512,epoch_0005,full_eval_or_summary,,,,,,,,,,,,,,95.5203923980007,s,95.5203923980007 s timings_sec.wall_total,,,summary_found,I:\Github\Latent_Style\SchrodingerBridge\exp\distinct5_512_ema_variant_e_latent_prototype_ot_queue_b44_remote\full_eval\epoch_0005\summary.json,remote_summary_json_curated,timing_evidence,Remote curated summary.json after experiment-path filter.
I:\,2026-06-02,LANCET/LBM,distinct5_512,distinct5_512,512,epoch_0006,full_eval_or_summary,,,,,,,,,,,,,,95.42917411999952,s,95.42917411999952 s timings_sec.wall_total,,,summary_found,I:\Github\Latent_Style\SchrodingerBridge\exp\distinct5_512_ema_variant_e_latent_prototype_ot_queue_b44_remote\full_eval\epoch_0006\summary.json,remote_summary_json_curated,timing_evidence,Remote curated summary.json after experiment-path filter.
I:\,2026-06-02,LANCET/LBM,distinct5_512,distinct5_512,512,epoch_0007,full_eval_or_summary,,,,,,,,,,,,,,95.4741402389991,s,95.4741402389991 s timings_sec.wall_total,,,summary_found,I:\Github\Latent_Style\SchrodingerBridge\exp\distinct5_512_ema_variant_e_latent_prototype_ot_queue_b44_remote\full_eval\epoch_0007\summary.json,remote_summary_json_curated,timing_evidence,Remote curated summary.json after experiment-path filter.
I:\,2026-06-02,LANCET/LBM,distinct5_512,distinct5_512,512,epoch_0008,full_eval_or_summary,,,,,,,,,,,,,,95.38143512199895,s,95.38143512199895 s timings_sec.wall_total,,,summary_found,I:\Github\Latent_Style\SchrodingerBridge\exp\distinct5_512_ema_variant_e_latent_prototype_ot_queue_b44_remote\full_eval\epoch_0008\summary.json,remote_summary_json_curated,timing_evidence,Remote curated summary.json after experiment-path filter.
I:\,2026-06-02,LANCET/LBM,distinct5_512,distinct5_512,512,epoch_0001,full_eval_or_summary,,,,,,,,,,,,,,102.57174764299998,s,102.57174764299998 s timings_sec.wall_total,,,summary_found,I:\Github\Latent_Style\SchrodingerBridge\exp\distinct5_512_ema_variant_j_aux_hard_swd_queue_e3_b44_remote\full_eval\epoch_0001\summary.json,remote_summary_json_curated,timing_evidence,Remote curated summary.json after experiment-path filter.
I:\,2026-06-02,LANCET/LBM,distinct5_512,distinct5_512,512,epoch_0002,full_eval_or_summary,,,,,,,,,,,,,,95.52035205799984,s,95.52035205799984 s timings_sec.wall_total,,,summary_found,I:\Github\Latent_Style\SchrodingerBridge\exp\distinct5_512_ema_variant_j_aux_hard_swd_queue_e3_b44_remote\full_eval\epoch_0002\summary.json,remote_summary_json_curated,timing_evidence,Remote curated summary.json after experiment-path filter.
I:\,2026-06-02,LANCET/LBM,distinct5_512,distinct5_512,512,epoch_0003,full_eval_or_summary,,,,,,,,,,,,,,95.3742954019981,s,95.3742954019981 s timings_sec.wall_total,,,summary_found,I:\Github\Latent_Style\SchrodingerBridge\exp\distinct5_512_ema_variant_j_aux_hard_swd_queue_e3_b44_remote\full_eval\epoch_0003\summary.json,remote_summary_json_curated,timing_evidence,Remote curated summary.json after experiment-path filter.
I:\,2026-06-02,LANCET/LBM,distinct5_512,distinct5_512,512,epoch_0001,full_eval_or_summary,,,,,,,,,,,,,,101.0314540090003,s,101.0314540090003 s timings_sec.wall_total,,,summary_found,I:\Github\Latent_Style\SchrodingerBridge\exp\distinct5_512_ema_variant_k_content_adaptive_vq_queue_e3_b44_remote\full_eval\epoch_0001\summary.json,remote_summary_json_curated,timing_evidence,Remote curated summary.json after experiment-path filter.
I:\,2026-06-02,LANCET/LBM,distinct5_512,distinct5_512,512,epoch_0002,full_eval_or_summary,,,,,,,,,,,,,,95.55572255299921,s,95.55572255299921 s timings_sec.wall_total,,,summary_found,I:\Github\Latent_Style\SchrodingerBridge\exp\distinct5_512_ema_variant_k_content_adaptive_vq_queue_e3_b44_remote\full_eval\epoch_0002\summary.json,remote_summary_json_curated,timing_evidence,Remote curated summary.json after experiment-path filter.
I:\,2026-06-02,LANCET/LBM,distinct5_512,distinct5_512,512,epoch_0003,full_eval_or_summary,,,,,,,,,,,,,,95.61086336899825,s,95.61086336899825 s timings_sec.wall_total,,,summary_found,I:\Github\Latent_Style\SchrodingerBridge\exp\distinct5_512_ema_variant_k_content_adaptive_vq_queue_e3_b44_remote\full_eval\epoch_0003\summary.json,remote_summary_json_curated,timing_evidence,Remote curated summary.json after experiment-path filter.
I:\,2026-06-02,LANCET/LBM,distinct5_512,distinct5_512,512,epoch_0001,full_eval_or_summary,,,,,,,,,,,,,,100.06962744499833,s,100.06962744499833 s timings_sec.wall_total,,,summary_found,I:\Github\Latent_Style\SchrodingerBridge\exp\distinct5_512_ema_variant_l_content_adaptive_annealed_queue_e3_b44_remote\full_eval\epoch_0001\summary.json,remote_summary_json_curated,timing_evidence,Remote curated summary.json after experiment-path filter.
I:\,2026-06-02,LANCET/LBM,distinct5_512,distinct5_512,512,epoch_0002,full_eval_or_summary,,,,,,,,,,,,,,95.40814951599896,s,95.40814951599896 s timings_sec.wall_total,,,summary_found,I:\Github\Latent_Style\SchrodingerBridge\exp\distinct5_512_ema_variant_l_content_adaptive_annealed_queue_e3_b44_remote\full_eval\epoch_0002\summary.json,remote_summary_json_curated,timing_evidence,Remote curated summary.json after experiment-path filter.
I:\,2026-06-02,LANCET/LBM,distinct5_512,distinct5_512,512,epoch_0003,full_eval_or_summary,,,,,,,,,,,,,,95.69641234200026,s,95.69641234200026 s timings_sec.wall_total,,,summary_found,I:\Github\Latent_Style\SchrodingerBridge\exp\distinct5_512_ema_variant_l_content_adaptive_annealed_queue_e3_b44_remote\full_eval\epoch_0003\summary.json,remote_summary_json_curated,timing_evidence,Remote curated summary.json after experiment-path filter.
I:\,2026-06-02,LANCET/LBM,distinct5_512,distinct5_512,512,epoch_0001,full_eval_or_summary,,,,,,,,,,,,,,100.32157164899763,s,100.32157164899763 s timings_sec.wall_total,,,summary_found,I:\Github\Latent_Style\SchrodingerBridge\exp\distinct5_512_ema_variant_m_style_gated_content_router_e3_b44_remote\full_eval\epoch_0001\summary.json,remote_summary_json_curated,timing_evidence,Remote curated summary.json after experiment-path filter.
I:\,2026-06-02,LANCET/LBM,distinct5_512,distinct5_512,512,epoch_0002,full_eval_or_summary,,,,,,,,,,,,,,96.27991813699919,s,96.27991813699919 s timings_sec.wall_total,,,summary_found,I:\Github\Latent_Style\SchrodingerBridge\exp\distinct5_512_ema_variant_m_style_gated_content_router_e3_b44_remote\full_eval\epoch_0002\summary.json,remote_summary_json_curated,timing_evidence,Remote curated summary.json after experiment-path filter.
I:\,2026-06-02,LANCET/LBM,distinct5_512,distinct5_512,512,epoch_0003,full_eval_or_summary,,,,,,,,,,,,,,95.98097363600027,s,95.98097363600027 s timings_sec.wall_total,,,summary_found,I:\Github\Latent_Style\SchrodingerBridge\exp\distinct5_512_ema_variant_m_style_gated_content_router_e3_b44_remote\full_eval\epoch_0003\summary.json,remote_summary_json_curated,timing_evidence,Remote curated summary.json after experiment-path filter.
G:/GitHub/Latent_Style,2026-06-02,LANCET/LBM,distinct5_512,distinct5_512,512,idt_5x5,full_eval,,,,,,,,,,,,,,27.095642000000225,s,27.095642000000225 s internal timings_sec.wall_total,3.91,,,SchrodingerBridge/docs/experiments/idt_eval_20260602/distinct5_512/idt_5x5/summary.json,summary.json,timing_evidence,Parsed top-level/overall metrics; timings_sec.wall_total treated as full eval/inference wall if present.
G:/GitHub/Latent_Style,2026-06-02,LANCET/LBM,distinct5_512,distinct5_512,512,full_eval,full_eval,,,,,,,,,,,,,,12.151823293000003,s,12.151823293000003 s internal timings_sec.wall_total,3.91,,,SchrodingerBridge/exp/_smoke_distinct5_512_ema_baseline_vlen004/full_eval/epoch_0001_smoke25_timing/summary.json,summary.json,timing_evidence,Parsed top-level/overall metrics; timings_sec.wall_total treated as full eval/inference wall if present.
G:/GitHub/Latent_Style,2026-06-02,LANCET/LBM,distinct5_512,distinct5_512,512,full_eval,full_eval,,,,,,,,,,,,,,90.82485276100124,s,90.82485276100124 s internal timings_sec.wall_total,3.91,,,SchrodingerBridge/exp/distinct5_512_ema_variant_f_annealed_prototype_ot_queue_e3_b44_remote/full_eval/epoch_0001/summary.json,summary.json,timing_evidence,Parsed top-level/overall metrics; timings_sec.wall_total treated as full eval/inference wall if present.
G:/GitHub/Latent_Style,2026-06-02,LANCET/LBM,distinct5_512,distinct5_512,512,full_eval,full_eval,,,,,,,,,,,,,,97.59912403999988,s,97.59912403999988 s internal timings_sec.wall_total,3.91,,,SchrodingerBridge/exp/distinct5_512_ema_variant_h_hard_explore_queue_e3_b44_remote/full_eval/epoch_0001/summary.json,summary.json,timing_evidence,Parsed top-level/overall metrics; timings_sec.wall_total treated as full eval/inference wall if present.
G:/GitHub/Latent_Style,2026-06-02,LANCET/LBM,distinct5_512,distinct5_512,512,full_eval,full_eval,,,,,,,,,,,,,,95.98756044499896,s,95.98756044499896 s internal timings_sec.wall_total,3.91,,,SchrodingerBridge/exp/distinct5_512_ema_variant_h_hard_explore_queue_e3_b44_remote/full_eval/epoch_0002/summary.json,summary.json,timing_evidence,Parsed top-level/overall metrics; timings_sec.wall_total treated as full eval/inference wall if present.
G:/GitHub/Latent_Style,2026-06-02,LANCET/LBM,distinct5_512,distinct5_512,512,full_eval,full_eval,,,,,,,,,,,,,,101.0314540090003,s,101.0314540090003 s internal timings_sec.wall_total,3.91,,,SchrodingerBridge/exp/distinct5_512_ema_variant_k_content_adaptive_vq_queue_e3_b44_remote/full_eval/epoch_0001/summary.json,summary.json,timing_evidence,Parsed top-level/overall metrics; timings_sec.wall_total treated as full eval/inference wall if present.
G:/GitHub/Latent_Style,2026-06-02,LBM,distinct5_512,distinct5_512,512,H_balanced,full,,0.6994,0.3213,,,,,,,,2.3,m,2.3m,,,,3.91,remote RTX 3060,completed,SchrodingerBridge/docs/experiments/2026-06-02-distinct5-512-lancet-representation-summary.zh.md,aaai2027_master_experiment_log,metric_evidence,Balanced style/content reference
G:/GitHub/Latent_Style,2026-06-02,LBM,distinct5_512,distinct5_512,512,F_best_lpips,full,,0.6969,0.3186,,,,,,,122.6,1.2,m,1.2m,,,,3.91,remote RTX 3060,completed,SchrodingerBridge/docs/experiments/distinct5_512_20260602/,aaai2027_master_experiment_log,metric_evidence,Current best LPIPS content-preserving point
G:/GitHub/Latent_Style,2026-06-02,LBM,distinct5_512,distinct5_512,512,K_best_style,full,,0.7010,0.3623,,,,,,,157.2,1.2,m,1.2m,,,,3.91,remote RTX 3060,completed,SchrodingerBridge/docs/experiments/distinct5_512_20260602/,aaai2027_master_experiment_log,metric_evidence,"Current best style point, weaker LPIPS"
G:/GitHub/Latent_Style,2026-06-02,SaMAM,distinct5_512,distinct5_512,512,best_current_curve,full,,0.5811,0.3538,,,,,,,146.1,7.6,h,7.6h,,,,,remote RTX 3060 WSL,completed,SchrodingerBridge/docs/experiments/comparison_20260602/comparison_report.md,aaai2027_master_experiment_log,metric_evidence,Negative no-op-adjusted style on Distinct5
G:/GitHub/Latent_Style,2026-06-02,SaMST,distinct5_512,distinct5_512,512,style_high_damage,full,,0.7247,0.6255,,,,,,,395.7,5.8,h,5.8h,,,,6,Windows / reproduced run,completed,SchrodingerBridge/docs/experiments/comparison_20260602/comparison_report.md,aaai2027_master_experiment_log,metric_evidence,"High raw style, severe LPIPS / ArtFID collapse"
G:/GitHub/Latent_Style,2026-06-02,idt,distinct5_512,distinct5_512,512,no_op,full,,0.6801,0.0000,,,,,,,216.5,0,,0,,,,,remote RTX 3060 / eval bundle,completed,SchrodingerBridge/docs/experiments/metric_hacking_noop_20260602/README.md,aaai2027_master_experiment_log,metric_evidence,Anchor for no-op adjusted style gain
I:\,2026-06-03,LANCET/LBM,distinct5_512,distinct5_512,512,idt_5x5,full_eval_or_summary,,,,,,,,,,,,,,27.095642000000225,s,27.095642000000225 s timings_sec.wall_total,,,summary_found,I:\Github\Latent_Style_TokenizerClean\SchrodingerBridge\docs\experiments\idt_eval_20260602\distinct5_512\idt_5x5\summary.json,remote_summary_json_curated,timing_evidence,Remote curated summary.json after experiment-path filter.
G:/GitHub/Latent_Style,2026-06-03,LBM,distinct5_512,distinct5_512,512,H_base__endpoint_metric_huber__seed42,full,,0.6928812635,0.3556942509,,,,,,,,,,completed repaired packet; train and full-eval complete on remote 3060,,,,3.91,remote RTX 3060,completed,SchrodingerBridge/configs/aaai2027/endpoint_metric_h_omf_flow_huber_seed42.json,aaai2027_master_experiment_log,metric_evidence,"Activated repaired endpoint-metric Huber arm completed on remote 3060. Full: e1=0.6928812635/0.3556942509, e2=0.6923208323/0.3650320160, e3=0.6909498694/0.3497314371. Transfer: e1=0.6633475696/0.3561823752, e2=0.6638556846/0.3652528899, e3=0.6608838979/0.3499506217. Recommended balance point is e1; e3 is the lowest-LPIPS point. Even the best repaired Huber point remains far worse on LPIPS than the reviewed H mainline, so this arm supports the negative endpoint-only conclusion rather than a local-kernel win."
G:/GitHub/Latent_Style,2026-06-03,LBM,distinct5_512,distinct5_512,512,H_base__endpoint_metric_l1__seed42,full,,0.6910941314,0.3552152437,,,,,,,,,,completed repaired packet; train and full-eval complete on remote 3060,,,,3.91,remote RTX 3060,completed,SchrodingerBridge/configs/aaai2027/endpoint_metric_h_omf_flow_l1_seed42.json,aaai2027_master_experiment_log,metric_evidence,"Activated repaired endpoint-metric L1 arm completed on remote 3060. Full: e1=0.6932040906/0.3624896984, e2=0.6927190168/0.3715741649, e3=0.6910941314/0.3552152437. Transfer: e1=0.6641346080/0.3630398018, e2=0.6648551672/0.3717617980, e3=0.6613619615/0.3554974833. Best raw style is e1; best LPIPS is e3. As with repaired MSE and Huber, the arm remains materially behind the reviewed H mainline on LPIPS and does not support replacing the W1-style mainline with pure endpoint-only pointwise supervision."
G:/GitHub/Latent_Style,2026-06-03,LBM,distinct5_512,distinct5_512,512,H_base__endpoint_metric_mse__seed42,full,,0.6997619076,0.5169997306,,,,,,,,-97,s,completed repaired packet; per-epoch eval wall_total about 95-97s,,,,3.91,remote RTX 3060,completed,SchrodingerBridge/configs/aaai2027/endpoint_metric_h_omf_flow_mse_seed42.json,aaai2027_master_experiment_log,metric_evidence,"Activated repaired endpoint-metric arm completed on remote 3060. Full: e1=0.6997619076/0.5169997306, e2=0.6971165484/0.5478854412, e3=0.6985144924/0.5201614953. Transfer: e1=0.6847187312/0.5186539203, e2=0.6862729452/0.5501397298, e3=0.6842668918/0.5225907604. Best epoch is e1 by style/LPIPS balance, but all three epochs remain far worse on LPIPS than the reviewed H mainline, so this arm currently argues against pure endpoint-only pointwise supervision as the mainline replacement."
G:/GitHub/Latent_Style,2026-06-03,LBM,distinct5_512,distinct5_512,512,H_base__flow_huber__seed42,full,,0.6986,0.3560,,,,,,,,,,3 epochs + auto full-eval; train complete 2026-06-03 02:07 +08:00,,,,3.91,remote RTX 3060,completed,SchrodingerBridge/configs/aaai2027/flow_loss_h_base_huber_seed42.json,aaai2027_master_experiment_log,metric_evidence,"Automatic full-eval succeeded for all three epochs. e1=0.6965/0.3322, e2=0.6986/0.3560, e3=0.6961/0.3409 (full clip_style/content_lpips). Best raw style at e2; best LPIPS at e1. Post-run config audit shows resolved objective_mode=omf and w_flow=0.0, so this row cannot support the intended loss-kernel claim."
G:/GitHub/Latent_Style,2026-06-03,LBM,distinct5_512,distinct5_512,512,H_base__flow_l1__seed42,full,,0.6988,0.3608,,,,,,,,,,3 epochs + auto full-eval; train complete on remote 3060,,,,3.91,remote RTX 3060,completed,SchrodingerBridge/configs/aaai2027/flow_loss_h_base_l1_seed42.json,aaai2027_master_experiment_log,metric_evidence,"Automatic full-eval completed. e1=0.6964/0.3313, e2=0.6988/0.3608, e3=0.6960/0.3415 (full clip_style/content_lpips). Post-run config audit shows resolved objective_mode=omf and w_flow=0.0, so this row is non-probing for the intended loss-kernel claim and should be read as a near-null operational control."
G:/GitHub/Latent_Style,2026-06-03,LBM,distinct5_512,distinct5_512,512,H_base__flow_mse__seed42,full,,0.6989,0.3595,,,,,,,,,,3 epochs + eval retry; train complete 2026-06-03 01:16 local remote time,,,,3.91,remote RTX 3060,completed,SchrodingerBridge/configs/aaai2027/flow_loss_h_base_mse_seed42.json,aaai2027_master_experiment_log,metric_evidence,"Recovered after offline CLIP cache-path bug; e1=0.6964/0.3313, e2=0.6989/0.3595, e3=0.6961/0.3422 (full clip_style/content_lpips). Best raw style at e2; best LPIPS at e1. Post-run config audit shows resolved objective_mode=omf and w_flow=0.0, so this row cannot support the intended loss-kernel claim."
G:/GitHub/Latent_Style,2026-06-03,LBM,distinct5_512,distinct5_512,512,H_base__path_kinetic_k000__seed42,train,,0.6790,0.4862,,,,,,,,,,launched at 2026-06-03 15:52 +08:00; train complete 2026-06-03 16:01 +08:00,,,,3.91,remote RTX 3060,completed,SchrodingerBridge/configs/aaai2027/path_kinetic_h_base_seed42_b44_k000.json,aaai2027_master_experiment_log,metric_evidence,"Matched no-kinetic arm is now fully landed with `remote_train.log`, `epoch_0001..0003.pt`, and `full_eval/epoch_0001..0003/summary.json`. Full metrics: e1=0.6761/0.5198, e2=0.6775/0.4862, e3=0.6790/0.5073 (clip_style/content_lpips). The retained result is materially weaker than the clean base arm and also weaker than `k025`, supporting the later same-family path-stability probe read that removing kinetic increases field magnitude while degrading the quality frontier."
G:/GitHub/Latent_Style,2026-06-03,LBM,distinct5_512,distinct5_512,512,H_base__path_kinetic_k025__seed42,train,,0.6825,0.4600,,,,,,,,,,launched at 2026-06-03 15:41 +08:00; train complete 2026-06-03 15:49 +08:00,,,,3.91,remote RTX 3060,completed,SchrodingerBridge/configs/aaai2027/path_kinetic_h_base_seed42_b44_k025.json,aaai2027_master_experiment_log,metric_evidence,"Matched weakened-kinetic arm is now fully landed with `remote_train.log`, `epoch_0001..0003.pt`, and `full_eval/epoch_0001..0003/summary.json`. Full metrics: e1=0.6792/0.4977, e2=0.6825/0.4600, e3=0.6817/0.4668 (clip_style/content_lpips). The retained result is currently weaker than the clean base arm on both style and LPIPS, so this arm does not yet support a positive weakened-kinetic mechanism reading by itself."
G:/GitHub/Latent_Style,2026-06-03,LBM,distinct5_512,distinct5_512,512,H_base__saswd_random__seed42,full,,0.6860751852,0.2691072983,,,,,,,,971.7,s,runtime-anomalous completion; epoch walls include 971.7s at e1 and 882.4s at e3,,,,3.91,remote RTX 3060,completed,SchrodingerBridge/configs/aaai2027/saswd_axis_h_base_seed42_b44_saswd_random.json,aaai2027_master_experiment_log,metric_evidence,"Matched random-axis arm `SB_SASWD_H_RAND_S42` completed and produced full-eval summaries for all three epochs. Full: e1=0.6860751852/0.2691072983, e2=0.6863345393/0.2706820921, e3=0.6863872107/0.2706962664. Transfer: e1=0.6506762915/0.2692665908, e2=0.6507716310/0.2710198916, e3=0.6508313735/0.2713293984. Best full-view LPIPS is e1. The arm is usable only as quality-only evidence because the run sustained severe throughput degradation throughout training; its runtime is inadmissible as normal formal-speed evidence. In the landed pair, this arm undercuts any clean positive semantic-axis superiority reading by retaining a much stronger LPIPS advantage."
G:/GitHub/Latent_Style,2026-06-03,LBM,distinct5_512,distinct5_512,512,H_base__saswd_semantic__seed42,full,,0.6963431751,0.3313274828,,,,,,,,,,train complete; per-epoch summaries collected on remote 3060,,,,3.91,remote RTX 3060,completed,SchrodingerBridge/configs/aaai2027/saswd_axis_h_base_seed42_b44_saswd_semantic.json,aaai2027_master_experiment_log,metric_evidence,"Matched semantic-axis arm `SB_SASWD_H_SEM_S42` completed on remote 3060. Full: e1=0.6963431751/0.3313274828, e2=0.6987337865/0.3608344315, e3=0.6961391042/0.3415375931. Transfer: e1=0.6650688401/0.3391037583, e2=0.6684234888/0.3702646600, e3=0.6645665071/0.3506202180. Best full-view LPIPS/balance is e1; best raw style is e2. After the landed random-axis pair, this arm remains usable as one side of a negative closure packet, not as stand-alone evidence for semantic-axis superiority."
G:/GitHub/Latent_Style,2026-06-03,LBM,distinct5_512,distinct5_512,512,H_base__path_kinetic_base__seed42__clean_rerun,train,,0.6891,0.4272,,,,,,,,,,clean rerun launched 2026-06-03 15:16 +08:00; train complete 2026-06-03 15:25 +08:00,,,,3.91,remote RTX 3060,completed,SchrodingerBridge/docs/experiments/2026-06-03-path-stability-launch-status.md,aaai2027_master_experiment_log,metric_evidence,"The clean Distinct5 H-family base rerun is now fully landed with `remote_train.log`, `epoch_0001..0003.pt`, and `full_eval/epoch_0001..0003/summary.json`. Full metrics: e1=0.6891/0.4272, e2=0.6821/0.4198, e3=0.6887/0.4171 (clip_style/content_lpips). This closes the provenance hole for the base arm only; same-family packet closure still requires k025, k000, and the retained probe."
G:/GitHub/Latent_Style,2026-06-03,LBM_vs_SaMAM_vs_SaMST,distinct5_512,distinct5_512,512,time_to_parity_curve,full,,,,,,,,,,,,,training-only wall clock; see parity CSV,,,,3.91,single normalized full-scope timing packet,completed,SchrodingerBridge/docs/experiments/2026-06-03-time-to-parity/distinct5_time_to_parity_points.csv,aaai2027_master_experiment_log,log_evidence,"Same-scope Distinct5 full timing artifact generated. LBM is represented by reviewed operating-point records, SaMAM by the indexed partial curve, and SaMST by the current e15 operating-point record. This replaces mixed anecdotal speed prose, but the claim boundary remains narrow until reviewer recheck lands and SaMST has a matched curve."
I:\,2026-06-03,SaMAM,distinct5_512,distinct5_512,512,step_003000_artfid_reuse,full_eval_or_summary,,,,,,,,,,,,,,67.58261958399908,s,67.58261958399908 s timings_sec.wall_total,,,summary_found,I:\Github\Latent_Style\Related_Works\baseline_pipeline\results\samam_distinct5_512_mamba_b6_seg250_remote_wsl_20260601_2130_diag\eval_curve\step_003000_artfid_reuse\summary.json,remote_summary_json_curated,timing_evidence,Remote curated summary.json after experiment-path filter.
G:/GitHub/Latent_Style,2026-06-05,LANCET/LBM,distinct5_512,distinct5_512,512,full_eval,full_eval,,,,,,,,,,,,,,69.67562539999926,s,69.67562539999926 s internal timings_sec.wall_total,3.91,,,SchrodingerBridge/exp/local_distinct5_512_sdxl_fix_k_b32_e8/full_eval/epoch_0001/summary.json,summary.json,timing_evidence,Parsed top-level/overall metrics; timings_sec.wall_total treated as full eval/inference wall if present.
G:/GitHub/Latent_Style,2026-06-05,LANCET/LBM,distinct5_512,distinct5_512,512,full_eval,full_eval,,,,,,,,,,,,,,66.61649679999391,s,66.61649679999391 s internal timings_sec.wall_total,3.91,,,SchrodingerBridge/exp/local_distinct5_512_sdxl_fix_k_b32_e8/full_eval/epoch_0002/summary.json,summary.json,timing_evidence,Parsed top-level/overall metrics; timings_sec.wall_total treated as full eval/inference wall if present.
G:/GitHub/Latent_Style,2026-06-05,LANCET/LBM,distinct5_512,distinct5_512,512,full_eval,full_eval,,,,,,,,,,,,,,66.44555270000274,s,66.44555270000274 s internal timings_sec.wall_total,3.91,,,SchrodingerBridge/exp/local_distinct5_512_sdxl_fix_k_b32_e8/full_eval/epoch_0003/summary.json,summary.json,timing_evidence,Parsed top-level/overall metrics; timings_sec.wall_total treated as full eval/inference wall if present.
G:/GitHub/Latent_Style,2026-06-05,LANCET/LBM,distinct5_512,distinct5_512,512,full_eval,full_eval,,,,,,,,,,,,,,66.36438259999704,s,66.36438259999704 s internal timings_sec.wall_total,3.91,,,SchrodingerBridge/exp/local_distinct5_512_sdxl_fix_k_b32_e8/full_eval/epoch_0004/summary.json,summary.json,timing_evidence,Parsed top-level/overall metrics; timings_sec.wall_total treated as full eval/inference wall if present.
G:/GitHub/Latent_Style,2026-06-05,LANCET/LBM,distinct5_512,distinct5_512,512,full_eval,full_eval,,,,,,,,,,,,,,66.66595129999769,s,66.66595129999769 s internal timings_sec.wall_total,3.91,,,SchrodingerBridge/exp/local_distinct5_512_sdxl_fix_k_b32_e8/full_eval/epoch_0005/summary.json,summary.json,timing_evidence,Parsed top-level/overall metrics; timings_sec.wall_total treated as full eval/inference wall if present.
G:/GitHub/Latent_Style,2026-06-05,LANCET/LBM,distinct5_512,distinct5_512,512,full_eval,full_eval,,,,,,,,,,,,,,65.9789574000024,s,65.9789574000024 s internal timings_sec.wall_total,3.91,,,SchrodingerBridge/exp/local_distinct5_512_sdxl_fix_k_b32_e8/full_eval/epoch_0006/summary.json,summary.json,timing_evidence,Parsed top-level/overall metrics; timings_sec.wall_total treated as full eval/inference wall if present.
G:/GitHub/Latent_Style,2026-06-05,LANCET/LBM,distinct5_512,distinct5_512,512,full_eval,full_eval,,,,,,,,,,,,,,66.2478986999995,s,66.2478986999995 s internal timings_sec.wall_total,3.91,,,SchrodingerBridge/exp/local_distinct5_512_sdxl_fix_k_b32_e8/full_eval/epoch_0007/summary.json,summary.json,timing_evidence,Parsed top-level/overall metrics; timings_sec.wall_total treated as full eval/inference wall if present.
G:/GitHub/Latent_Style,2026-06-05,LANCET/LBM,distinct5_512,distinct5_512,512,full_eval,full_eval,,,,,,,,,,,,,,66.27645900000061,s,66.27645900000061 s internal timings_sec.wall_total,3.91,,,SchrodingerBridge/exp/local_distinct5_512_sdxl_fix_k_b32_e8/full_eval/epoch_0008/summary.json,summary.json,timing_evidence,Parsed top-level/overall metrics; timings_sec.wall_total treated as full eval/inference wall if present.
G:/GitHub/Latent_Style,2026-06-05,LANCET/LBM,distinct5_512,distinct5_512,512,logs,,,,,,,,,,,,,,,23.43,s,23.43 s (elapsed_sec=23.43),3.91,,,/mnt/g/GitHub/Latent_Style/Related_Works/baseline_pipeline/results/samst_distinct5_wsl_samecost_calib_20260605_032849/logs/train_Early_Renaissance.log,text_timing_regex,timing_evidence,Timing regex hit in text/log; inspect source for exact stage.
G:/GitHub/Latent_Style,2026-06-05,LANCET/LBM,distinct5_512,distinct5_512,512,logs,,,,,,,,,,,,,,,19.33,s,19.33 s (elapsed_sec=19.33),3.91,,,/mnt/g/GitHub/Latent_Style/Related_Works/baseline_pipeline/results/samst_distinct5_wsl_samecost_calib_20260605_032849/logs/train_Impressionism.log,text_timing_regex,timing_evidence,Timing regex hit in text/log; inspect source for exact stage.
G:/GitHub/Latent_Style,2026-06-05,LANCET/LBM,distinct5_512,distinct5_512,512,logs,,,,,,,,,,,,,,,19.16,s,19.16 s (elapsed_sec=19.16),3.91,,,/mnt/g/GitHub/Latent_Style/Related_Works/baseline_pipeline/results/samst_distinct5_wsl_samecost_calib_20260605_032849/logs/train_Minimalism.log,text_timing_regex,timing_evidence,Timing regex hit in text/log; inspect source for exact stage.
G:/GitHub/Latent_Style,2026-06-05,LANCET/LBM,distinct5_512,distinct5_512,512,logs,,,,,,,,,,,,,,,19.02,s,19.02 s (elapsed_sec=19.02),3.91,,,/mnt/g/GitHub/Latent_Style/Related_Works/baseline_pipeline/results/samst_distinct5_wsl_samecost_calib_20260605_032849/logs/train_Rococo.log,text_timing_regex,timing_evidence,Timing regex hit in text/log; inspect source for exact stage.
G:/GitHub/Latent_Style,2026-06-05,LANCET/LBM,distinct5_512,distinct5_512,512,logs,,,,,,,,,,,,,,,19.41,s,19.41 s (elapsed_sec=19.41),3.91,,,/mnt/g/GitHub/Latent_Style/Related_Works/baseline_pipeline/results/samst_distinct5_wsl_samecost_calib_20260605_032849/logs/train_Ukiyo_e.log,text_timing_regex,timing_evidence,Timing regex hit in text/log; inspect source for exact stage.
G:/GitHub/Latent_Style,,LANCET,Legacy256 / overfit50,legacy256_overfit50,256,LANCET archive e7,full,,0.703508348663648,0.4426572581466667,,,,,,,287.8303786488108,5.2,m,5.2m,,,,3.91,,,G:\GitHub\Latent_Style\SchrodingerBridge\archives\old_experiment_dirs\grid_search_3epoch\S-none_K-1_C-0_W-20_Col-0\full_eval\epoch_0007\summary.json,artfid_comparison_points,metric_evidence,ArtFID comparison point; train time preserved from train_time_label.
G:/GitHub/Latent_Style,,LANCET,Legacy256 / overfit50,legacy256_overfit50,256,LANCET archive e7,transfer,,0.6752455333371958,0.45385478981666666,,,,,,,310.06004445072676,5.2,m,5.2m,,,,3.91,,,G:\GitHub\Latent_Style\SchrodingerBridge\archives\old_experiment_dirs\grid_search_3epoch\S-none_K-1_C-0_W-20_Col-0\full_eval\epoch_0007\summary.json,artfid_comparison_points,metric_evidence,ArtFID comparison point; train time preserved from train_time_label.
G:/GitHub/Latent_Style,,LANCET,Legacy256 / overfit50,legacy256_overfit50,256,LANCET archive e8,full,,0.7036010053555171,0.44816957577333333,,,,,,,293.018483138329,5.9,m,5.9m,,,,3.91,,,G:\GitHub\Latent_Style\SchrodingerBridge\archives\old_experiment_dirs\grid_search_3epoch\S-none_K-1_C-0_W-20_Col-0\full_eval\epoch_0008\summary.json,artfid_comparison_points,metric_evidence,ArtFID comparison point; train time preserved from train_time_label.
G:/GitHub/Latent_Style,,LANCET,Legacy256 / overfit50,legacy256_overfit50,256,LANCET archive e8,transfer,,0.6759850123027961,0.4594570128666667,,,,,,,313.84374996766155,5.9,m,5.9m,,,,3.91,,,G:\GitHub\Latent_Style\SchrodingerBridge\archives\old_experiment_dirs\grid_search_3epoch\S-none_K-1_C-0_W-20_Col-0\full_eval\epoch_0008\summary.json,artfid_comparison_points,metric_evidence,ArtFID comparison point; train time preserved from train_time_label.
G:/GitHub/Latent_Style,,LBM,legacy256_overfit50 / 5-domain multi-style,legacy256_overfit50,256,,,,,,,,,,,,,309.9,s,309.9 s,85.4,s,85.4 s,3.91,,,SchrodingerBridge/archives/old_root_files/training_times_documentation.md,training_times_documentation.md,timing_evidence,Ours 7 epochs; source table says 309.9 s and inference 85.4 s per 750 images.
G:/GitHub/Latent_Style,,SaMAM,Legacy256 / overfit50,legacy256_overfit50,256,SaMAM best-content (25k),full,,0.6938233523368835,0.39395823450666667,,,,,,,248.70793080820545,3.9,h,3.9h,,,,,,,G:\GitHub\Latent_Style\Related_Works\baseline_pipeline\results\samam_wsl_mamba_256_continue17k_to25k\formal_eval_750\step_025000\summary.json,artfid_comparison_points,metric_evidence,ArtFID comparison point; train time preserved from train_time_label.
G:/GitHub/Latent_Style,,SaMAM,Legacy256 / overfit50,legacy256_overfit50,256,SaMAM best-content (25k),transfer,,0.6669773708780606,0.4021742742833333,,,,,,,277.2721633527835,3.9,h,3.9h,,,,,,,G:\GitHub\Latent_Style\Related_Works\baseline_pipeline\results\samam_wsl_mamba_256_continue17k_to25k\formal_eval_750\step_025000\summary.json,artfid_comparison_points,metric_evidence,ArtFID comparison point; train time preserved from train_time_label.
G:/GitHub/Latent_Style,,SaMAM,Legacy256 / overfit50,legacy256_overfit50,256,SaMAM best-style (14k),full,,0.6968672373692193,0.43627805274666664,,,,,,,285.8129778113213,2.2,h,2.2h,,,,,,,G:\GitHub\Latent_Style\Related_Works\baseline_pipeline\results\samam_wsl_mamba_256_formal_750_eval\step_014000\summary.json,artfid_comparison_points,metric_evidence,ArtFID comparison point; train time preserved from train_time_label.
G:/GitHub/Latent_Style,,SaMAM,Legacy256 / overfit50,legacy256_overfit50,256,SaMAM best-style (14k),transfer,,0.671752924968799,0.4392484994666666,,,,,,,304.32280945149495,2.2,h,2.2h,,,,,,,G:\GitHub\Latent_Style\Related_Works\baseline_pipeline\results\samam_wsl_mamba_256_formal_750_eval\step_014000\summary.json,artfid_comparison_points,metric_evidence,ArtFID comparison point; train time preserved from train_time_label.
G:/GitHub/Latent_Style,,SaMST,Legacy256 / overfit50,legacy256_overfit50,256,SaMST,full,,0.7253123044570288,0.53903856028,,,,,,,273.7965843550592,1.9,h,1.9h,,,,6,,,G:\GitHub\Latent_Style\Related_Works\baseline_pipeline\results\samst\protocol_a_800\summary.json,artfid_comparison_points,metric_evidence,ArtFID comparison point; train time preserved from train_time_label.
G:/GitHub/Latent_Style,,SaMST,Legacy256 / overfit50,legacy256_overfit50,256,SaMST,transfer,,0.7034510732193787,0.5571298963833333,,,,,,,302.48498753747083,1.9,h,1.9h,,,,6,,,G:\GitHub\Latent_Style\Related_Works\baseline_pipeline\results\samst\protocol_a_800\summary.json,artfid_comparison_points,metric_evidence,ArtFID comparison point; train time preserved from train_time_label.
G:/GitHub/Latent_Style,,idt,Legacy256 / overfit50,legacy256_overfit50,256,idt,full,,0.6593609295606613,0.0,,,,,,,182.7174038755024,,,ref,,,,,,,G:\GitHub\Latent_Style\SchrodingerBridge\docs\experiments\idt_eval_20260602\legacy256_overfit50\idt_5x5\summary.json,artfid_comparison_points,metric_evidence,ArtFID comparison point; train time preserved from train_time_label.
G:/GitHub/Latent_Style,,idt,Legacy256 / overfit50,legacy256_overfit50,256,idt,transfer,,0.613607810229063,0.0,,,,,,,265.57669131867476,,,ref,,,,,,,G:\GitHub\Latent_Style\SchrodingerBridge\docs\experiments\idt_eval_20260602\legacy256_overfit50\idt_5x5\summary.json,artfid_comparison_points,metric_evidence,ArtFID comparison point; train time preserved from train_time_label.
G:/GitHub/Latent_Style,2026-06-02,LANCET/LBM,legacy256_overfit50,legacy256_overfit50,256,idt_5x5,full_eval,,,,,,,,,,,,,,20.621361799989245,s,20.621361799989245 s internal timings_sec.wall_total,3.91,,,SchrodingerBridge/docs/experiments/idt_eval_20260602/legacy256_overfit50/idt_5x5/summary.json,summary.json,timing_evidence,Parsed top-level/overall metrics; timings_sec.wall_total treated as full eval/inference wall if present.
G:/GitHub/Latent_Style,2026-06-02,LANCET/LBM,legacy256_overfit50,legacy256_overfit50,256,legacy256_no_op_identity_5x5,full_eval,,,,,,,,,,,,,,21.568036500000744,s,21.568036500000744 s internal timings_sec.wall_total,3.91,,,SchrodingerBridge/docs/experiments/metric_hacking_noop_20260602/legacy256_no_op_identity_5x5/summary.json,summary.json,timing_evidence,Parsed top-level/overall metrics; timings_sec.wall_total treated as full eval/inference wall if present.
G:/GitHub/Latent_Style,2026-06-02,LBM,legacy256_overfit50,legacy256_overfit50,256,historical_clean_tradeoff,full,,0.7161,0.4514,,,,,,,,310,s,310s to reported point,,,,3.91,RTX 4070 Laptop,completed,SchrodingerBridge/S-add__K-1_C-0_W-20_Col-0/full_eval/epoch_0008/summary.json,aaai2027_master_experiment_log,metric_evidence,Main historical paper point; cost tracked separately in training_times_documentation.md
G:/GitHub/Latent_Style,2026-06-02,SaMST,legacy256_overfit50,legacy256_overfit50,256,strict_reference,full,,0.7194,0.4664,,,,,,,,6769,s,6769s estimated to reported point,,,,6,RTX 4070 Laptop,completed,SchrodingerBridge/docs/experiments/comparison_20260602/selected_style_metrics_historical_merged.csv,aaai2027_master_experiment_log,metric_evidence,Closest efficient historical baseline
I:\,2026-06-03,LANCET/LBM,legacy256_overfit50,legacy256_overfit50,256,idt_5x5,full_eval_or_summary,,,,,,,,,,,,,,20.621361799989245,s,20.621361799989245 s timings_sec.wall_total,,,summary_found,I:\Github\Latent_Style_TokenizerClean\SchrodingerBridge\docs\experiments\idt_eval_20260602\legacy256_overfit50\idt_5x5\summary.json,remote_summary_json_curated,timing_evidence,Remote curated summary.json after experiment-path filter.
I:\,2026-06-03,LANCET/LBM,legacy256_overfit50,legacy256_overfit50,256,legacy256_no_op_identity_5x5,full_eval_or_summary,,,,,,,,,,,,,,21.568036500000744,s,21.568036500000744 s timings_sec.wall_total,,,summary_found,I:\Github\Latent_Style_TokenizerClean\SchrodingerBridge\docs\experiments\metric_hacking_noop_20260602\legacy256_no_op_identity_5x5\summary.json,remote_summary_json_curated,timing_evidence,Remote curated summary.json after experiment-path filter.
G:/GitHub/Latent_Style,,,path_family_run_summary.csv,path_family_run_summary.csv,,Latent_Style,,,,,,,,,,,,,,,0.001,s,0.001 s,,,,run_summary.csv,generic_csv,timing_evidence,Parsed from run_summary.csv
G:/GitHub/Latent_Style,,,path_family_run_summary.csv,path_family_run_summary.csv,,Latent_Style,,,,,,,,,,,,,,,0.000,s,0.000 s,,,,run_summary.csv,generic_csv,timing_evidence,Parsed from run_summary.csv
G:/GitHub/Latent_Style,,,path_family_run_summary.csv,path_family_run_summary.csv,,Latent_Style,,,,,,,,,,,,0.001,s,0.001 s,,,,,,,run_summary.csv,generic_csv,timing_evidence,Parsed from run_summary.csv
G:/GitHub/Latent_Style,,,path_family_run_summary.csv,path_family_run_summary.csv,,Latent_Style,,,,,,,,,,,,0.000,s,0.000 s,,,,,,,run_summary.csv,generic_csv,timing_evidence,Parsed from run_summary.csv
G:/GitHub/Latent_Style,,,path_family_step_count_sweep,path_family_step_count_sweep,,step_count_sweep,,,,,,,,,,,,,,,0.001,s,0.001 s,,,,step_count_sweep/status.csv,generic_csv,timing_evidence,Parsed from step_count_sweep/status.csv
G:/GitHub/Latent_Style,,,path_family_step_count_sweep,path_family_step_count_sweep,,step_count_sweep,,,,,,,,,,,,,,,0.000,s,0.000 s,,,,step_count_sweep/status.csv,generic_csv,timing_evidence,Parsed from step_count_sweep/status.csv
G:/GitHub/Latent_Style,2026-06-02,LANCET/LBM,photo_monet_5x5,photo_monet_5x5,512,legacy512_no_op_identity_5x5,full_eval,,,,,,,,,,,,,,46.0305015000049,s,46.0305015000049 s internal timings_sec.wall_total,3.91,,,SchrodingerBridge/docs/experiments/metric_hacking_noop_20260602/legacy512_no_op_identity_5x5/summary.json,summary.json,timing_evidence,Parsed top-level/overall metrics; timings_sec.wall_total treated as full eval/inference wall if present.
I:\,2026-06-03,LANCET/LBM,photo_monet_5x5,photo_monet_5x5,512,legacy512_no_op_identity_5x5,full_eval_or_summary,,,,,,,,,,,,,,46.0305015000049,s,46.0305015000049 s timings_sec.wall_total,,,summary_found,I:\Github\Latent_Style_TokenizerClean\SchrodingerBridge\docs\experiments\metric_hacking_noop_20260602\legacy512_no_op_identity_5x5\summary.json,remote_summary_json_curated,timing_evidence,Remote curated summary.json after experiment-path filter.
G:/GitHub/Latent_Style,,AdaIN,run_511 / strict protocol timing probes,run511_5domain,256,adain_4g_bg,,,,,,,,,,,,6.045,s,6.045 s,,,,,,train=ok; infer=,Related_Works/results/metrics_summary/timing_summary.csv,Related_Works timing_summary.csv,timing_evidence,
G:/GitHub/Latent_Style,,AdaIN,run_511 / strict protocol timing probes,run511_5domain,256,adain_4g_real,,750,,,,,,,,,,,,,5.736,s,5.736 s,,,train=; infer=ok,Related_Works/results/metrics_summary/timing_summary.csv,Related_Works timing_summary.csv,timing_evidence,Inference succeeded but visual output is invalid; timing still recorded.
G:/GitHub/Latent_Style,,AdaIN,run_511 / strict protocol timing probes,run511_5domain,256,adain_7g_full,,10,,,,,,,,,,,,,0.269,s,0.269 s,,,train=; infer=ok,Related_Works/results/metrics_summary/timing_summary.csv,Related_Works timing_summary.csv,timing_evidence,
G:/GitHub/Latent_Style,,AdaIN,run_511 / strict protocol timing probes,run511_5domain,256,adain_7g_v32k,,750,,,,,,,,,,9220.393,s,9220.393 s,9.281,s,9.281 s,,,train=ok; infer=ok,Related_Works/results/metrics_summary/timing_summary.csv,Related_Works timing_summary.csv,timing_evidence,Full train + strict 750 inference timing available.
G:/GitHub/Latent_Style,,AdaIN,run_511 / strict protocol timing probes,run511_5domain,256,adain_7g_vgg19,,750,,,,,,,,,,262.78,s,262.78 s,9.098,s,9.098 s,,,train=ok; infer=ok,Related_Works/results/metrics_summary/timing_summary.csv,Related_Works timing_summary.csv,timing_evidence,Full train + strict 750 inference timing available.
G:/GitHub/Latent_Style,,AdaIN,run_511 / strict protocol timing probes,run511_5domain,256,adain_smoke,,,,,,,,,,,,1.082,s,1.082 s,,,,,,train=ok; infer=,Related_Works/results/metrics_summary/timing_summary.csv,Related_Works timing_summary.csv,timing_evidence,
G:/GitHub/Latent_Style,,AdaIN,run_511 / strict protocol timing probes,run511_5domain,256,adain_smoke2,,,,,,,,,,,,1.56,s,1.56 s,,,,,,train=ok; infer=,Related_Works/results/metrics_summary/timing_summary.csv,Related_Works timing_summary.csv,timing_evidence,
G:/GitHub/Latent_Style,,AdaIN,run_511 / strict protocol timing probes,run511_5domain,256,adain_vgg19_smoke,,15,,,,,,,,,,7.06,s,7.06 s,0.23,s,0.23 s,,,train=ok; infer=ok,Related_Works/results/metrics_summary/timing_summary.csv,Related_Works timing_summary.csv,timing_evidence,
G:/GitHub/Latent_Style,,AdaIN,run511_5domain,run511_5domain,,adain_4g_bg,,0,,,,,,,,,,6.045,s,6.045 s,,,,,,train=ok; infer=,Related_Works/run_511/outputs/adain_4g_bg,Related_Works repro_data_inventory.csv,timing_evidence,inventory_source=run_511_outputs; checkpoints=1
G:/GitHub/Latent_Style,,AdaIN,run511_5domain,run511_5domain,,adain_4g_real,,750,0.6308,0.849,0.5297,,,,,,,,,,5.736,s,5.736 s,,,train=; infer=ok,Related_Works/run_511/outputs/adain_4g_real,Related_Works repro_data_inventory.csv,metric_evidence,inventory_source=run_511_outputs; checkpoints=1
G:/GitHub/Latent_Style,,AdaIN,run511_5domain,run511_5domain,,adain_7g_full,,10,,,,,,,,,,,,,0.269,s,0.269 s,,,train=; infer=ok,Related_Works/run_511/outputs/adain_7g_full,Related_Works repro_data_inventory.csv,timing_evidence,inventory_source=run_511_outputs; checkpoints=1
G:/GitHub/Latent_Style,,AdaIN,run511_5domain,run511_5domain,,adain_7g_v32k,,750,0.713,0.6298,0.699,0.3246,0.0167,,,,,9220.393,s,9220.393 s,9.281,s,9.281 s,,,train=ok; infer=ok,Related_Works/run_511/outputs/adain_7g_v32k,Related_Works repro_data_inventory.csv,metric_evidence,inventory_source=run_511_outputs; checkpoints=1
G:/GitHub/Latent_Style,,AdaIN,run511_5domain,run511_5domain,,adain_7g_vgg19,,750,0.693,0.687,0.5991,,,,,,,262.78,s,262.78 s,9.098,s,9.098 s,,,train=ok; infer=ok,Related_Works/run_511/outputs/adain_7g_vgg19,Related_Works repro_data_inventory.csv,metric_evidence,inventory_source=run_511_outputs; checkpoints=1
G:/GitHub/Latent_Style,,AdaIN,run511_5domain,run511_5domain,,adain_smoke,,0,,,,,,,,,,1.082,s,1.082 s,,,,,,train=ok; infer=,Related_Works/run_511/outputs/adain_smoke,Related_Works repro_data_inventory.csv,timing_evidence,inventory_source=run_511_outputs; checkpoints=1
G:/GitHub/Latent_Style,,AdaIN,run511_5domain,run511_5domain,,adain_smoke2,,0,,,,,,,,,,1.56,s,1.56 s,,,,,,train=ok; infer=,Related_Works/run_511/outputs/adain_smoke2,Related_Works repro_data_inventory.csv,timing_evidence,inventory_source=run_511_outputs; checkpoints=1
G:/GitHub/Latent_Style,,AdaIN,run511_5domain,run511_5domain,,adain_vgg19_smoke,,15,,,,,,,,,,7.06,s,7.06 s,0.23,s,0.23 s,,,train=ok; infer=ok,Related_Works/run_511/outputs/adain_vgg19_smoke,Related_Works repro_data_inventory.csv,timing_evidence,inventory_source=run_511_outputs; checkpoints=1
G:/GitHub/Latent_Style,,AesFA,run_511 / strict protocol timing probes,run511_5domain,256,aesfa_timing_probe,,,,,,,,,,,,3.947,s,3.947 s,,,,3.22,,train=failed; infer=,Related_Works/results/metrics_summary/timing_summary.csv,Related_Works timing_summary.csv,timing_evidence,
G:/GitHub/Latent_Style,,AesFA,run511_5domain,run511_5domain,,aesfa_timing_probe,,0,,,,,,,,,,3.947,s,3.947 s,,,,3.22,,train=failed; infer=,Related_Works/run_511/outputs/aesfa_timing_probe,Related_Works repro_data_inventory.csv,timing_evidence,inventory_source=run_511_outputs; checkpoints=0
G:/GitHub/Latent_Style,,AesFA,run_511 review baseline suite full4g,run511_5domain,256,,,,,,,,,,,,,6607.60,s,6607.60 s,40.26,s,40.26 s,3.22,,,SchrodingerBridge/archives/old_root_files/training_times_documentation.md,training_times_documentation.md,timing_evidence,Other-baselines table; inference 40.26 s per 750 images.
G:/GitHub/Latent_Style,,AesPA-Net,run_511 review baseline suite full4g,run511_5domain,256,,,,,,,,,,,,,366.30,s,366.30 s,345.28,s,345.28 s,24.20,,,SchrodingerBridge/archives/old_root_files/training_times_documentation.md,training_times_documentation.md,timing_evidence,Other-baselines table; inference 345.28 s per 750 images.
G:/GitHub/Latent_Style,,CAST,run_511 / strict protocol timing probes,run511_5domain,256,cast_smoke,,,,,,,,,,,,8.554,s,8.554 s,,,,7.01,,train=failed; infer=,Related_Works/results/metrics_summary/timing_summary.csv,Related_Works timing_summary.csv,timing_evidence,
G:/GitHub/Latent_Style,,CAST,run_511 / strict protocol timing probes,run511_5domain,256,cast_smoke2,,0,,,,,,,,,,26.654,s,26.654 s,3.759,s,3.759 s,7.01,,train=ok; infer=failed,Related_Works/results/metrics_summary/timing_summary.csv,Related_Works timing_summary.csv,timing_evidence,
G:/GitHub/Latent_Style,,CAST,run_511 / strict protocol timing probes,run511_5domain,256,cast_smoke3,,0,,,,,,,,,,29.366,s,29.366 s,4.032,s,4.032 s,7.01,,train=ok; infer=failed,Related_Works/results/metrics_summary/timing_summary.csv,Related_Works timing_summary.csv,timing_evidence,Training is a 1-epoch smoke run; inference failed in this smoke config.
G:/GitHub/Latent_Style,,CAST,run511_5domain,run511_5domain,,cast_smoke,,0,,,,,,,,,,8.554,s,8.554 s,,,,7.01,,train=failed; infer=,Related_Works/run_511/outputs/cast_smoke,Related_Works repro_data_inventory.csv,timing_evidence,inventory_source=run_511_outputs; checkpoints=0
G:/GitHub/Latent_Style,,CAST,run511_5domain,run511_5domain,,cast_smoke2,,0,,,,,,,,,,26.654,s,26.654 s,3.759,s,3.759 s,7.01,,train=ok; infer=failed,Related_Works/run_511/outputs/cast_smoke2,Related_Works repro_data_inventory.csv,timing_evidence,inventory_source=run_511_outputs; checkpoints=0
G:/GitHub/Latent_Style,,CAST,run511_5domain,run511_5domain,,cast_smoke3,,0,,,,,,,,,,29.366,s,29.366 s,4.032,s,4.032 s,7.01,,train=ok; infer=failed,Related_Works/run_511/outputs/cast_smoke3,Related_Works repro_data_inventory.csv,timing_evidence,inventory_source=run_511_outputs; checkpoints=14
G:/GitHub/Latent_Style,,CAST,run_511 review baseline suite full4g,run511_5domain,256,,,,,,,,,,,,,1759.80,s,1759.80 s,75.47,s,75.47 s,7.01,,,SchrodingerBridge/archives/old_root_files/training_times_documentation.md,training_times_documentation.md,timing_evidence,Other-baselines table; inference 75.47 s per 750 images.
G:/GitHub/Latent_Style,,S2WAT,run_511 / 5-domain strict protocol,run511_5domain,256,,,,,,,,,,,,,10600,s,10600 s,,,,7,,,SchrodingerBridge/archives/old_root_files/training_times_documentation.md,training_times_documentation.md,timing_evidence,Estimated 2000-iteration train; inference not separately measured in this doc.
G:/GitHub/Latent_Style,,SaMST,run_511 / strict protocol timing probes,run511_5domain,256,samst_750_strict,,750,,,,,,,,,,,,,39.826,s,39.826 s,6,,train=; infer=ok,Related_Works/results/metrics_summary/timing_summary.csv,Related_Works timing_summary.csv,timing_evidence,Only strict full-750 inference time is recorded here; training time was not preserved in `summary.json`.
G:/GitHub/Latent_Style,,SaMST,run_511 / strict protocol timing probes,run511_5domain,256,samst_timing_probe,,,,,,,,,,,,67.687,s,67.687 s,,,,6,,train=ok; infer=,Related_Works/results/metrics_summary/timing_summary.csv,Related_Works timing_summary.csv,timing_evidence,
G:/GitHub/Latent_Style,,SaMST,run511_5domain,run511_5domain,,samst_timing_probe,,0,,,,,,,,,,67.687,s,67.687 s,,,,6,,train=ok; infer=,Related_Works/run_511/outputs/samst_timing_probe,Related_Works repro_data_inventory.csv,timing_evidence,inventory_source=run_511_outputs; checkpoints=5
G:/GitHub/Latent_Style,,SaMST,run_511 / 5-domain strict protocol,run511_5domain,256,,,,,,,,,,,,,6768.7,s,6768.7 s,39.8,s,39.8 s,6,,,SchrodingerBridge/archives/old_root_files/training_times_documentation.md,training_times_documentation.md,timing_evidence,Estimated 100-epoch train from 1-epoch timing probe; inference 39.8 s per 750 images.
G:/GitHub/Latent_Style,,StyTr2,run_511 / strict protocol timing probes,run511_5domain,256,stytr2_smoke,,,,,,,,,,,,2.558,s,2.558 s,,,,48.34,,train=failed; infer=,Related_Works/results/metrics_summary/timing_summary.csv,Related_Works timing_summary.csv,timing_evidence,
G:/GitHub/Latent_Style,,StyTr2,run_511 / strict protocol timing probes,run511_5domain,256,stytr2_smoke2,,,,,,,,,,,,4.412,s,4.412 s,,,,48.34,,train=failed; infer=,Related_Works/results/metrics_summary/timing_summary.csv,Related_Works timing_summary.csv,timing_evidence,
G:/GitHub/Latent_Style,,StyTr2,run_511 / strict protocol timing probes,run511_5domain,256,stytr2_smoke3,,,,,,,,,,,,5.23,s,5.23 s,,,,48.34,,train=failed; infer=,Related_Works/results/metrics_summary/timing_summary.csv,Related_Works timing_summary.csv,timing_evidence,
G:/GitHub/Latent_Style,,StyTr2,run_511 / strict protocol timing probes,run511_5domain,256,stytr2_smoke4,,,,,,,,,,,,5.469,s,5.469 s,,,,48.34,,train=failed; infer=,Related_Works/results/metrics_summary/timing_summary.csv,Related_Works timing_summary.csv,timing_evidence,
G:/GitHub/Latent_Style,,StyTr2,run_511 / strict protocol timing probes,run511_5domain,256,stytr2_smoke5,,0,,,,,,,,,,372.048,s,372.048 s,7.055,s,7.055 s,48.34,,train=ok; infer=failed,Related_Works/results/metrics_summary/timing_summary.csv,Related_Works timing_summary.csv,timing_evidence,
G:/GitHub/Latent_Style,,StyTr2,run_511 / strict protocol timing probes,run511_5domain,256,stytr2_smoke6,,5,,,,,,,,,,59.25,s,59.25 s,35.81,s,35.81 s,48.34,,train=ok; infer=ok,Related_Works/results/metrics_summary/timing_summary.csv,Related_Works timing_summary.csv,timing_evidence,"Training is a 1-iter smoke run (`max_iter=1`), not a full epoch."
G:/GitHub/Latent_Style,,StyTr2,run511_5domain,run511_5domain,,stytr2_smoke,,0,,,,,,,,,,2.558,s,2.558 s,,,,48.34,,train=failed; infer=,Related_Works/run_511/outputs/stytr2_smoke,Related_Works repro_data_inventory.csv,timing_evidence,inventory_source=run_511_outputs; checkpoints=0
G:/GitHub/Latent_Style,,StyTr2,run511_5domain,run511_5domain,,stytr2_smoke2,,0,,,,,,,,,,4.412,s,4.412 s,,,,48.34,,train=failed; infer=,Related_Works/run_511/outputs/stytr2_smoke2,Related_Works repro_data_inventory.csv,timing_evidence,inventory_source=run_511_outputs; checkpoints=0
G:/GitHub/Latent_Style,,StyTr2,run511_5domain,run511_5domain,,stytr2_smoke3,,0,,,,,,,,,,5.23,s,5.23 s,,,,48.34,,train=failed; infer=,Related_Works/run_511/outputs/stytr2_smoke3,Related_Works repro_data_inventory.csv,timing_evidence,inventory_source=run_511_outputs; checkpoints=0
G:/GitHub/Latent_Style,,StyTr2,run511_5domain,run511_5domain,,stytr2_smoke4,,0,,,,,,,,,,5.469,s,5.469 s,,,,48.34,,train=failed; infer=,Related_Works/run_511/outputs/stytr2_smoke4,Related_Works repro_data_inventory.csv,timing_evidence,inventory_source=run_511_outputs; checkpoints=0
G:/GitHub/Latent_Style,,StyTr2,run511_5domain,run511_5domain,,stytr2_smoke5,,0,,,,,,,,,,372.048,s,372.048 s,7.055,s,7.055 s,48.34,,train=ok; infer=failed,Related_Works/run_511/outputs/stytr2_smoke5,Related_Works repro_data_inventory.csv,timing_evidence,inventory_source=run_511_outputs; checkpoints=3
G:/GitHub/Latent_Style,,StyTr2,run511_5domain,run511_5domain,,stytr2_smoke6,,5,,,,,,,,,,59.25,s,59.25 s,35.81,s,35.81 s,48.34,,train=ok; infer=ok,Related_Works/run_511/outputs/stytr2_smoke6,Related_Works repro_data_inventory.csv,timing_evidence,inventory_source=run_511_outputs; checkpoints=3
G:/GitHub/Latent_Style,,StyTr2,run_511 review baseline suite full4g,run511_5domain,256,,,,,,,,,,,,,143.46,s,143.46 s,567.37,s,567.37 s,48.34,,,SchrodingerBridge/archives/old_root_files/training_times_documentation.md,training_times_documentation.md,timing_evidence,Other-baselines table; inference 567.37 s per 750 images.
G:/GitHub/Latent_Style,,StyleID,run_511 / strict protocol timing probes,run511_5domain,256,styleid_750_strict,,750,,,,,,,,,,,,,603.316,s,603.316 s,,,train=; infer=ok,Related_Works/results/metrics_summary/timing_summary.csv,Related_Works timing_summary.csv,timing_evidence,"Inference timing is not a fair full-750 run: `photo` was actually generated (~603s), other targets were reused/copied."
I:\,2026-06-03,LANCET/LBM,schrodingerbridge_aaai2027,schrodingerbridge_aaai2027,,epoch_0001,full_eval_or_summary,,,,,,,,,,,,,,111.99988173399925,s,111.99988173399925 s timings_sec.wall_total,,,summary_found,I:\Github\Latent_Style\SchrodingerBridge\exp\aaai2027_longer_train_f_seed42_b44_e8\full_eval\epoch_0001\summary.json,remote_summary_json_curated,timing_evidence,Remote curated summary.json after experiment-path filter.
I:\,2026-06-03,LANCET/LBM,schrodingerbridge_aaai2027,schrodingerbridge_aaai2027,,epoch_0002,full_eval_or_summary,,,,,,,,,,,,,,121.9430976019994,s,121.9430976019994 s timings_sec.wall_total,,,summary_found,I:\Github\Latent_Style\SchrodingerBridge\exp\aaai2027_longer_train_f_seed42_b44_e8\full_eval\epoch_0002\summary.json,remote_summary_json_curated,timing_evidence,Remote curated summary.json after experiment-path filter.
I:\,2026-06-03,LANCET/LBM,schrodingerbridge_aaai2027,schrodingerbridge_aaai2027,,epoch_0003,full_eval_or_summary,,,,,,,,,,,,,,126.47379621800064,s,126.47379621800064 s timings_sec.wall_total,,,summary_found,I:\Github\Latent_Style\SchrodingerBridge\exp\aaai2027_longer_train_f_seed42_b44_e8\full_eval\epoch_0003\summary.json,remote_summary_json_curated,timing_evidence,Remote curated summary.json after experiment-path filter.
I:\,2026-06-03,LANCET/LBM,schrodingerbridge_aaai2027,schrodingerbridge_aaai2027,,epoch_0004,full_eval_or_summary,,,,,,,,,,,,,,130.40203274800115,s,130.40203274800115 s timings_sec.wall_total,,,summary_found,I:\Github\Latent_Style\SchrodingerBridge\exp\aaai2027_longer_train_f_seed42_b44_e8\full_eval\epoch_0004\summary.json,remote_summary_json_curated,timing_evidence,Remote curated summary.json after experiment-path filter.
I:\,2026-06-03,LANCET/LBM,schrodingerbridge_aaai2027,schrodingerbridge_aaai2027,,epoch_0005,full_eval_or_summary,,,,,,,,,,,,,,127.11739125399981,s,127.11739125399981 s timings_sec.wall_total,,,summary_found,I:\Github\Latent_Style\SchrodingerBridge\exp\aaai2027_longer_train_f_seed42_b44_e8\full_eval\epoch_0005\summary.json,remote_summary_json_curated,timing_evidence,Remote curated summary.json after experiment-path filter.
I:\,2026-06-03,LANCET/LBM,schrodingerbridge_aaai2027,schrodingerbridge_aaai2027,,epoch_0006,full_eval_or_summary,,,,,,,,,,,,,,130.2783281079992,s,130.2783281079992 s timings_sec.wall_total,,,summary_found,I:\Github\Latent_Style\SchrodingerBridge\exp\aaai2027_longer_train_f_seed42_b44_e8\full_eval\epoch_0006\summary.json,remote_summary_json_curated,timing_evidence,Remote curated summary.json after experiment-path filter.
I:\,2026-06-03,LANCET/LBM,schrodingerbridge_aaai2027,schrodingerbridge_aaai2027,,epoch_0007,full_eval_or_summary,,,,,,,,,,,,,,138.85060355799942,s,138.85060355799942 s timings_sec.wall_total,,,summary_found,I:\Github\Latent_Style\SchrodingerBridge\exp\aaai2027_longer_train_f_seed42_b44_e8\full_eval\epoch_0007\summary.json,remote_summary_json_curated,timing_evidence,Remote curated summary.json after experiment-path filter.
I:\,2026-06-03,LANCET/LBM,schrodingerbridge_aaai2027,schrodingerbridge_aaai2027,,epoch_0008,full_eval_or_summary,,,,,,,,,,,,,,136.38432930499948,s,136.38432930499948 s timings_sec.wall_total,,,summary_found,I:\Github\Latent_Style\SchrodingerBridge\exp\aaai2027_longer_train_f_seed42_b44_e8\full_eval\epoch_0008\summary.json,remote_summary_json_curated,timing_evidence,Remote curated summary.json after experiment-path filter.
I:\,2026-06-03,LANCET/LBM,schrodingerbridge_aaai2027,schrodingerbridge_aaai2027,,epoch_0001,full_eval_or_summary,,,,,,,,,,,,,,99.50512621400048,s,99.50512621400048 s timings_sec.wall_total,,,summary_found,I:\Github\Latent_Style\SchrodingerBridge\exp\aaai2027_longer_train_k_seed42_b44_e8\full_eval\epoch_0001\summary.json,remote_summary_json_curated,timing_evidence,Remote curated summary.json after experiment-path filter.
I:\,2026-06-03,LANCET/LBM,schrodingerbridge_aaai2027,schrodingerbridge_aaai2027,,epoch_0002,full_eval_or_summary,,,,,,,,,,,,,,105.36358040800042,s,105.36358040800042 s timings_sec.wall_total,,,summary_found,I:\Github\Latent_Style\SchrodingerBridge\exp\aaai2027_longer_train_k_seed42_b44_e8\full_eval\epoch_0002\summary.json,remote_summary_json_curated,timing_evidence,Remote curated summary.json after experiment-path filter.
I:\,2026-06-03,LANCET/LBM,schrodingerbridge_aaai2027,schrodingerbridge_aaai2027,,epoch_0003,full_eval_or_summary,,,,,,,,,,,,,,106.8814852659998,s,106.8814852659998 s timings_sec.wall_total,,,summary_found,I:\Github\Latent_Style\SchrodingerBridge\exp\aaai2027_longer_train_k_seed42_b44_e8\full_eval\epoch_0003\summary.json,remote_summary_json_curated,timing_evidence,Remote curated summary.json after experiment-path filter.
I:\,2026-06-03,LANCET/LBM,schrodingerbridge_aaai2027,schrodingerbridge_aaai2027,,epoch_0004,full_eval_or_summary,,,,,,,,,,,,,,101.22834209699977,s,101.22834209699977 s timings_sec.wall_total,,,summary_found,I:\Github\Latent_Style\SchrodingerBridge\exp\aaai2027_longer_train_k_seed42_b44_e8\full_eval\epoch_0004\summary.json,remote_summary_json_curated,timing_evidence,Remote curated summary.json after experiment-path filter.
I:\,2026-06-03,LANCET/LBM,schrodingerbridge_aaai2027,schrodingerbridge_aaai2027,,epoch_0001,full_eval_or_summary,,,,,,,,,,,,,,87.72151049994864,s,87.72151049994864 s timings_sec.wall_total,,,summary_found,I:\Github\Latent_Style\SchrodingerBridge\exp\aaai2027_path_kinetic_h_base_seed42_b44\full_eval\epoch_0001\summary.json,remote_summary_json_curated,timing_evidence,Remote curated summary.json after experiment-path filter.
I:\,2026-06-03,LANCET/LBM,schrodingerbridge_aaai2027,schrodingerbridge_aaai2027,,epoch_0002,full_eval_or_summary,,,,,,,,,,,,,,87.18359550018795,s,87.18359550018795 s timings_sec.wall_total,,,summary_found,I:\Github\Latent_Style\SchrodingerBridge\exp\aaai2027_path_kinetic_h_base_seed42_b44\full_eval\epoch_0002\summary.json,remote_summary_json_curated,timing_evidence,Remote curated summary.json after experiment-path filter.
I:\,2026-06-03,LANCET/LBM,schrodingerbridge_aaai2027,schrodingerbridge_aaai2027,,epoch_0003,full_eval_or_summary,,,,,,,,,,,,,,87.37109569995664,s,87.37109569995664 s timings_sec.wall_total,,,summary_found,I:\Github\Latent_Style\SchrodingerBridge\exp\aaai2027_path_kinetic_h_base_seed42_b44\full_eval\epoch_0003\summary.json,remote_summary_json_curated,timing_evidence,Remote curated summary.json after experiment-path filter.
I:\,2026-06-03,LANCET/LBM,schrodingerbridge_aaai2027,schrodingerbridge_aaai2027,,epoch_0001,full_eval_or_summary,,,,,,,,,,,,,,89.29995969985612,s,89.29995969985612 s timings_sec.wall_total,,,summary_found,I:\Github\Latent_Style\SchrodingerBridge\exp\aaai2027_path_kinetic_h_base_seed42_b44_k000\full_eval\epoch_0001\summary.json,remote_summary_json_curated,timing_evidence,Remote curated summary.json after experiment-path filter.
I:\,2026-06-03,LANCET/LBM,schrodingerbridge_aaai2027,schrodingerbridge_aaai2027,,epoch_0002,full_eval_or_summary,,,,,,,,,,,,,,88.24905449990183,s,88.24905449990183 s timings_sec.wall_total,,,summary_found,I:\Github\Latent_Style\SchrodingerBridge\exp\aaai2027_path_kinetic_h_base_seed42_b44_k000\full_eval\epoch_0002\summary.json,remote_summary_json_curated,timing_evidence,Remote curated summary.json after experiment-path filter.
I:\,2026-06-03,LANCET/LBM,schrodingerbridge_aaai2027,schrodingerbridge_aaai2027,,epoch_0003,full_eval_or_summary,,,,,,,,,,,,,,88.4397754999809,s,88.4397754999809 s timings_sec.wall_total,,,summary_found,I:\Github\Latent_Style\SchrodingerBridge\exp\aaai2027_path_kinetic_h_base_seed42_b44_k000\full_eval\epoch_0003\summary.json,remote_summary_json_curated,timing_evidence,Remote curated summary.json after experiment-path filter.
I:\,2026-06-03,LANCET/LBM,schrodingerbridge_aaai2027,schrodingerbridge_aaai2027,,epoch_0001,full_eval_or_summary,,,,,,,,,,,,,,88.58594169979915,s,88.58594169979915 s timings_sec.wall_total,,,summary_found,I:\Github\Latent_Style\SchrodingerBridge\exp\aaai2027_path_kinetic_h_base_seed42_b44_k025\full_eval\epoch_0001\summary.json,remote_summary_json_curated,timing_evidence,Remote curated summary.json after experiment-path filter.
I:\,2026-06-03,LANCET/LBM,schrodingerbridge_aaai2027,schrodingerbridge_aaai2027,,epoch_0002,full_eval_or_summary,,,,,,,,,,,,,,88.38396210013889,s,88.38396210013889 s timings_sec.wall_total,,,summary_found,I:\Github\Latent_Style\SchrodingerBridge\exp\aaai2027_path_kinetic_h_base_seed42_b44_k025\full_eval\epoch_0002\summary.json,remote_summary_json_curated,timing_evidence,Remote curated summary.json after experiment-path filter.
I:\,2026-06-03,LANCET/LBM,schrodingerbridge_aaai2027,schrodingerbridge_aaai2027,,epoch_0003,full_eval_or_summary,,,,,,,,,,,,,,88.40818769996986,s,88.40818769996986 s timings_sec.wall_total,,,summary_found,I:\Github\Latent_Style\SchrodingerBridge\exp\aaai2027_path_kinetic_h_base_seed42_b44_k025\full_eval\epoch_0003\summary.json,remote_summary_json_curated,timing_evidence,Remote curated summary.json after experiment-path filter.
I:\,2026-06-03,LANCET/LBM,schrodingerbridge_aaai2027,schrodingerbridge_aaai2027,,epoch_0001,full_eval_or_summary,,,,,,,,,,,,,,97.27645479800049,s,97.27645479800049 s timings_sec.wall_total,,,summary_found,I:\Github\Latent_Style_TokenizerClean\SchrodingerBridge\exp\aaai2027_endpoint_metric_h_omf_flow_huber_seed42_b44\full_eval\epoch_0001\summary.json,remote_summary_json_curated,timing_evidence,Remote curated summary.json after experiment-path filter.
I:\,2026-06-03,LANCET/LBM,schrodingerbridge_aaai2027,schrodingerbridge_aaai2027,,epoch_0002,full_eval_or_summary,,,,,,,,,,,,,,95.33395843800008,s,95.33395843800008 s timings_sec.wall_total,,,summary_found,I:\Github\Latent_Style_TokenizerClean\SchrodingerBridge\exp\aaai2027_endpoint_metric_h_omf_flow_huber_seed42_b44\full_eval\epoch_0002\summary.json,remote_summary_json_curated,timing_evidence,Remote curated summary.json after experiment-path filter.
I:\,2026-06-03,LANCET/LBM,schrodingerbridge_aaai2027,schrodingerbridge_aaai2027,,epoch_0003,full_eval_or_summary,,,,,,,,,,,,,,95.5552878870003,s,95.5552878870003 s timings_sec.wall_total,,,summary_found,I:\Github\Latent_Style_TokenizerClean\SchrodingerBridge\exp\aaai2027_endpoint_metric_h_omf_flow_huber_seed42_b44\full_eval\epoch_0003\summary.json,remote_summary_json_curated,timing_evidence,Remote curated summary.json after experiment-path filter.
I:\,2026-06-03,LANCET/LBM,schrodingerbridge_aaai2027,schrodingerbridge_aaai2027,,epoch_0001,full_eval_or_summary,,,,,,,,,,,,,,95.40097211299963,s,95.40097211299963 s timings_sec.wall_total,,,summary_found,I:\Github\Latent_Style_TokenizerClean\SchrodingerBridge\exp\aaai2027_endpoint_metric_h_omf_flow_l1_seed42_b44\full_eval\epoch_0001\summary.json,remote_summary_json_curated,timing_evidence,Remote curated summary.json after experiment-path filter.
I:\,2026-06-03,LANCET/LBM,schrodingerbridge_aaai2027,schrodingerbridge_aaai2027,,epoch_0002,full_eval_or_summary,,,,,,,,,,,,,,95.28474056099913,s,95.28474056099913 s timings_sec.wall_total,,,summary_found,I:\Github\Latent_Style_TokenizerClean\SchrodingerBridge\exp\aaai2027_endpoint_metric_h_omf_flow_l1_seed42_b44\full_eval\epoch_0002\summary.json,remote_summary_json_curated,timing_evidence,Remote curated summary.json after experiment-path filter.
I:\,2026-06-03,LANCET/LBM,schrodingerbridge_aaai2027,schrodingerbridge_aaai2027,,epoch_0003,full_eval_or_summary,,,,,,,,,,,,,,100.00101462700059,s,100.00101462700059 s timings_sec.wall_total,,,summary_found,I:\Github\Latent_Style_TokenizerClean\SchrodingerBridge\exp\aaai2027_endpoint_metric_h_omf_flow_l1_seed42_b44\full_eval\epoch_0003\summary.json,remote_summary_json_curated,timing_evidence,Remote curated summary.json after experiment-path filter.
I:\,2026-06-03,LANCET/LBM,schrodingerbridge_aaai2027,schrodingerbridge_aaai2027,,epoch_0001,full_eval_or_summary,,,,,,,,,,,,,,96.96855601400057,s,96.96855601400057 s timings_sec.wall_total,,,summary_found,I:\Github\Latent_Style_TokenizerClean\SchrodingerBridge\exp\aaai2027_endpoint_metric_h_omf_flow_mse_seed42_b44\full_eval\epoch_0001\summary.json,remote_summary_json_curated,timing_evidence,Remote curated summary.json after experiment-path filter.
I:\,2026-06-03,LANCET/LBM,schrodingerbridge_aaai2027,schrodingerbridge_aaai2027,,epoch_0002,full_eval_or_summary,,,,,,,,,,,,,,95.3387875920007,s,95.3387875920007 s timings_sec.wall_total,,,summary_found,I:\Github\Latent_Style_TokenizerClean\SchrodingerBridge\exp\aaai2027_endpoint_metric_h_omf_flow_mse_seed42_b44\full_eval\epoch_0002\summary.json,remote_summary_json_curated,timing_evidence,Remote curated summary.json after experiment-path filter.
I:\,2026-06-03,LANCET/LBM,schrodingerbridge_aaai2027,schrodingerbridge_aaai2027,,epoch_0003,full_eval_or_summary,,,,,,,,,,,,,,96.25385517700033,s,96.25385517700033 s timings_sec.wall_total,,,summary_found,I:\Github\Latent_Style_TokenizerClean\SchrodingerBridge\exp\aaai2027_endpoint_metric_h_omf_flow_mse_seed42_b44\full_eval\epoch_0003\summary.json,remote_summary_json_curated,timing_evidence,Remote curated summary.json after experiment-path filter.
I:\,2026-06-03,LANCET/LBM,schrodingerbridge_aaai2027,schrodingerbridge_aaai2027,,epoch_0001,full_eval_or_summary,,,,,,,,,,,,,,97.68601497599997,s,97.68601497599997 s timings_sec.wall_total,,,summary_found,I:\Github\Latent_Style_TokenizerClean\SchrodingerBridge\exp\aaai2027_flow_loss_h_base_huber_seed42_b44\full_eval\epoch_0001\summary.json,remote_summary_json_curated,timing_evidence,Remote curated summary.json after experiment-path filter.
I:\,2026-06-03,LANCET/LBM,schrodingerbridge_aaai2027,schrodingerbridge_aaai2027,,epoch_0002,full_eval_or_summary,,,,,,,,,,,,,,95.69901886100001,s,95.69901886100001 s timings_sec.wall_total,,,summary_found,I:\Github\Latent_Style_TokenizerClean\SchrodingerBridge\exp\aaai2027_flow_loss_h_base_huber_seed42_b44\full_eval\epoch_0002\summary.json,remote_summary_json_curated,timing_evidence,Remote curated summary.json after experiment-path filter.
I:\,2026-06-03,LANCET/LBM,schrodingerbridge_aaai2027,schrodingerbridge_aaai2027,,epoch_0003,full_eval_or_summary,,,,,,,,,,,,,,95.27279649699994,s,95.27279649699994 s timings_sec.wall_total,,,summary_found,I:\Github\Latent_Style_TokenizerClean\SchrodingerBridge\exp\aaai2027_flow_loss_h_base_huber_seed42_b44\full_eval\epoch_0003\summary.json,remote_summary_json_curated,timing_evidence,Remote curated summary.json after experiment-path filter.
I:\,2026-06-03,LANCET/LBM,schrodingerbridge_aaai2027,schrodingerbridge_aaai2027,,epoch_0001,full_eval_or_summary,,,,,,,,,,,,,,96.31247445100007,s,96.31247445100007 s timings_sec.wall_total,,,summary_found,I:\Github\Latent_Style_TokenizerClean\SchrodingerBridge\exp\aaai2027_flow_loss_h_base_l1_seed42_b44\full_eval\epoch_0001\summary.json,remote_summary_json_curated,timing_evidence,Remote curated summary.json after experiment-path filter.
I:\,2026-06-03,LANCET/LBM,schrodingerbridge_aaai2027,schrodingerbridge_aaai2027,,epoch_0002,full_eval_or_summary,,,,,,,,,,,,,,95.57861858800015,s,95.57861858800015 s timings_sec.wall_total,,,summary_found,I:\Github\Latent_Style_TokenizerClean\SchrodingerBridge\exp\aaai2027_flow_loss_h_base_l1_seed42_b44\full_eval\epoch_0002\summary.json,remote_summary_json_curated,timing_evidence,Remote curated summary.json after experiment-path filter.
I:\,2026-06-03,LANCET/LBM,schrodingerbridge_aaai2027,schrodingerbridge_aaai2027,,epoch_0003,full_eval_or_summary,,,,,,,,,,,,,,95.31783230300016,s,95.31783230300016 s timings_sec.wall_total,,,summary_found,I:\Github\Latent_Style_TokenizerClean\SchrodingerBridge\exp\aaai2027_flow_loss_h_base_l1_seed42_b44\full_eval\epoch_0003\summary.json,remote_summary_json_curated,timing_evidence,Remote curated summary.json after experiment-path filter.
I:\,2026-06-03,LANCET/LBM,schrodingerbridge_aaai2027,schrodingerbridge_aaai2027,,epoch_0001,full_eval_or_summary,,,,,,,,,,,,,,41.556338596,s,41.556338596 s timings_sec.wall_total,,,summary_found,I:\Github\Latent_Style_TokenizerClean\SchrodingerBridge\exp\aaai2027_flow_loss_h_base_mse_seed42_b44\full_eval\epoch_0001\summary.json,remote_summary_json_curated,timing_evidence,Remote curated summary.json after experiment-path filter.
I:\,2026-06-03,LANCET/LBM,schrodingerbridge_aaai2027,schrodingerbridge_aaai2027,,epoch_0002,full_eval_or_summary,,,,,,,,,,,,,,94.71406762699999,s,94.71406762699999 s timings_sec.wall_total,,,summary_found,I:\Github\Latent_Style_TokenizerClean\SchrodingerBridge\exp\aaai2027_flow_loss_h_base_mse_seed42_b44\full_eval\epoch_0002\summary.json,remote_summary_json_curated,timing_evidence,Remote curated summary.json after experiment-path filter.
I:\,2026-06-03,LANCET/LBM,schrodingerbridge_aaai2027,schrodingerbridge_aaai2027,,epoch_0003,full_eval_or_summary,,,,,,,,,,,,,,94.29738296599999,s,94.29738296599999 s timings_sec.wall_total,,,summary_found,I:\Github\Latent_Style_TokenizerClean\SchrodingerBridge\exp\aaai2027_flow_loss_h_base_mse_seed42_b44\full_eval\epoch_0003\summary.json,remote_summary_json_curated,timing_evidence,Remote curated summary.json after experiment-path filter.
I:\,2026-06-03,LANCET/LBM,schrodingerbridge_aaai2027,schrodingerbridge_aaai2027,,epoch_0001,full_eval_or_summary,,,,,,,,,,,,,,21.335367999970913,s,21.335367999970913 s timings_sec.wall_total,,,summary_found,I:\Github\Latent_Style_TokenizerClean\SchrodingerBridge\exp\aaai2027_tokenizer_localization_l_e1_executoronly_seed42_b44\full_eval\epoch_0001\summary.json,remote_summary_json_curated,timing_evidence,Remote curated summary.json after experiment-path filter.
I:\,2026-06-03,LANCET/LBM,schrodingerbridge_aaai2027,schrodingerbridge_aaai2027,,epoch_0002,full_eval_or_summary,,,,,,,,,,,,,,87.73761130007915,s,87.73761130007915 s timings_sec.wall_total,,,summary_found,I:\Github\Latent_Style_TokenizerClean\SchrodingerBridge\exp\aaai2027_tokenizer_localization_l_e1_executoronly_seed42_b44\full_eval\epoch_0002\summary.json,remote_summary_json_curated,timing_evidence,Remote curated summary.json after experiment-path filter.
I:\,2026-06-03,LANCET/LBM,schrodingerbridge_aaai2027,schrodingerbridge_aaai2027,,epoch_0003,full_eval_or_summary,,,,,,,,,,,,,,87.60610380000435,s,87.60610380000435 s timings_sec.wall_total,,,summary_found,I:\Github\Latent_Style_TokenizerClean\SchrodingerBridge\exp\aaai2027_tokenizer_localization_l_e1_executoronly_seed42_b44\full_eval\epoch_0003\summary.json,remote_summary_json_curated,timing_evidence,Remote curated summary.json after experiment-path filter.
I:\,2026-06-03,LANCET/LBM,schrodingerbridge_aaai2027,schrodingerbridge_aaai2027,,epoch_0001,full_eval_or_summary,,,,,,,,,,,,,,93.35209690011106,s,93.35209690011106 s timings_sec.wall_total,,,summary_found,I:\Github\Latent_Style_TokenizerClean\SchrodingerBridge\exp\aaai2027_tokenizer_localization_l_e1_stylebranch_seed42_b44\full_eval\epoch_0001\summary.json,remote_summary_json_curated,timing_evidence,Remote curated summary.json after experiment-path filter.
I:\,2026-06-03,LANCET/LBM,schrodingerbridge_aaai2027,schrodingerbridge_aaai2027,,epoch_0002,full_eval_or_summary,,,,,,,,,,,,,,151.64121619984508,s,151.64121619984508 s timings_sec.wall_total,,,summary_found,I:\Github\Latent_Style_TokenizerClean\SchrodingerBridge\exp\aaai2027_tokenizer_localization_l_e1_stylebranch_seed42_b44\full_eval\epoch_0002\summary.json,remote_summary_json_curated,timing_evidence,Remote curated summary.json after experiment-path filter.
I:\,2026-06-03,LANCET/LBM,schrodingerbridge_aaai2027,schrodingerbridge_aaai2027,,epoch_0003,full_eval_or_summary,,,,,,,,,,,,,,151.23942160001025,s,151.23942160001025 s timings_sec.wall_total,,,summary_found,I:\Github\Latent_Style_TokenizerClean\SchrodingerBridge\exp\aaai2027_tokenizer_localization_l_e1_stylebranch_seed42_b44\full_eval\epoch_0003\summary.json,remote_summary_json_curated,timing_evidence,Remote curated summary.json after experiment-path filter.
I:\,2026-06-05,LANCET/LBM,schrodingerbridge_aaai2027,schrodingerbridge_aaai2027,,epoch_0005,full_eval_or_summary,,,,,,,,,,,,,,101.55471802900001,s,101.55471802900001 s timings_sec.wall_total,,,summary_found,I:\Github\Latent_Style\SchrodingerBridge\exp\aaai2027_longer_train_k_seed42_b44_e8\full_eval_artfid\epoch_0005\summary.json,remote_summary_json_curated,timing_evidence,Remote curated summary.json after experiment-path filter.
I:\,2026-06-05,LANCET/LBM,schrodingerbridge_aaai2027,schrodingerbridge_aaai2027,,epoch_0006,full_eval_or_summary,,,,,,,,,,,,,,104.54114171100014,s,104.54114171100014 s timings_sec.wall_total,,,summary_found,I:\Github\Latent_Style\SchrodingerBridge\exp\aaai2027_longer_train_k_seed42_b44_e8\full_eval_artfid\epoch_0006\summary.json,remote_summary_json_curated,timing_evidence,Remote curated summary.json after experiment-path filter.
I:\,2026-06-05,LANCET/LBM,schrodingerbridge_aaai2027,schrodingerbridge_aaai2027,,epoch_0007,full_eval_or_summary,,,,,,,,,,,,,,99.20048128999997,s,99.20048128999997 s timings_sec.wall_total,,,summary_found,I:\Github\Latent_Style\SchrodingerBridge\exp\aaai2027_longer_train_k_seed42_b44_e8\full_eval_artfid\epoch_0007\summary.json,remote_summary_json_curated,timing_evidence,Remote curated summary.json after experiment-path filter.
I:\,2026-06-05,LANCET/LBM,schrodingerbridge_aaai2027,schrodingerbridge_aaai2027,,epoch_0008,full_eval_or_summary,,,,,,,,,,,,,,105.18277635000004,s,105.18277635000004 s timings_sec.wall_total,,,summary_found,I:\Github\Latent_Style\SchrodingerBridge\exp\aaai2027_longer_train_k_seed42_b44_e8\full_eval_artfid\epoch_0008\summary.json,remote_summary_json_curated,timing_evidence,Remote curated summary.json after experiment-path filter.
G:/GitHub/Latent_Style,,L2 matching cost,schrodingerbridge_destructive_ablation,schrodingerbridge_destructive_ablation,,D9_l2_ot_cost,,750,0.7016,0.4589,0.8021,0.455,0.309,,4.1912,0.054227,,311.098,s,311.098 s,59.323,s,59.323 s,,,,G:\GitHub\Latent_Style\SchrodingerBridge\ablation_destructive_7epoch\D9_l2_ot_cost\full_eval\epoch_0007,generic_csv,metric_evidence,Parsed from SchrodingerBridge/archives/old_root_files/summary_all_tested_metrics_with_ablations.csv
G:/GitHub/Latent_Style,,Ours D0 full,schrodingerbridge_destructive_ablation,schrodingerbridge_destructive_ablation,,D0_full_correct_7ep,,750,0.7014,0.4593,0.8022,0.4542,0.309,,4.184545,0.054214,,290.650,s,290.650 s,60.034,s,60.034 s,3.91,,,G:\GitHub\Latent_Style\SchrodingerBridge\ablation_destructive_7epoch\D0_full_correct_7ep\full_eval\epoch_0007,generic_csv,metric_evidence,Parsed from SchrodingerBridge/archives/old_root_files/summary_all_tested_metrics_with_ablations.csv
G:/GitHub/Latent_Style,,"conv body, no global attention",schrodingerbridge_destructive_ablation,schrodingerbridge_destructive_ablation,,D4_conv_body_no_global_attn,,750,0.7022,0.4594,0.802,0.4543,0.3091,,4.179079,0.05453,,295.498,s,295.498 s,78.771,s,78.771 s,,,,G:\GitHub\Latent_Style\SchrodingerBridge\ablation_destructive_7epoch\D4_conv_body_no_global_attn\full_eval\epoch_0007,generic_csv,metric_evidence,Parsed from SchrodingerBridge/archives/old_root_files/summary_all_tested_metrics_with_ablations.csv
G:/GitHub/Latent_Style,,disable routed skip path,schrodingerbridge_destructive_ablation,schrodingerbridge_destructive_ablation,,D5_disable_skip_routing,,750,0.6951,0.4727,0.8057,0.4613,0.2975,,4.985016,0.062353,,294.609,s,294.609 s,61.995,s,61.995 s,,,,G:\GitHub\Latent_Style\SchrodingerBridge\ablation_destructive_7epoch\D5_disable_skip_routing\full_eval\epoch_0007,generic_csv,metric_evidence,Parsed from SchrodingerBridge/archives/old_root_files/summary_all_tested_metrics_with_ablations.csv
G:/GitHub/Latent_Style,,disable spatial style prior,schrodingerbridge_destructive_ablation,schrodingerbridge_destructive_ablation,,D6_disable_spatial_prior,,750,0.7022,0.4589,0.8033,0.4548,0.3095,,4.194194,0.054133,,305.783,s,305.783 s,61.803,s,61.803 s,,,,G:\GitHub\Latent_Style\SchrodingerBridge\ablation_destructive_7epoch\D6_disable_spatial_prior\full_eval\epoch_0007,generic_csv,metric_evidence,Parsed from SchrodingerBridge/archives/old_root_files/summary_all_tested_metrics_with_ablations.csv
G:/GitHub/Latent_Style,,micro high-frequency SWD,schrodingerbridge_destructive_ablation,schrodingerbridge_destructive_ablation,,D10_micro_hf_swd_trap,,750,0.6989,0.4863,0.7772,0.3883,0.1925,,5.710126,0.089156,,302.119,s,302.119 s,59.399,s,59.399 s,,,,G:\GitHub\Latent_Style\SchrodingerBridge\ablation_destructive_7epoch\D10_micro_hf_swd_trap\full_eval\epoch_0007,generic_csv,metric_evidence,Parsed from SchrodingerBridge/archives/old_root_files/summary_all_tested_metrics_with_ablations.csv
G:/GitHub/Latent_Style,,no residual path,schrodingerbridge_destructive_ablation,schrodingerbridge_destructive_ablation,,D7_no_residual_path,,750,0.7013,0.4592,0.8025,0.4547,0.3093,,4.176114,0.054496,,304.251,s,304.251 s,61.887,s,61.887 s,,,,G:\GitHub\Latent_Style\SchrodingerBridge\ablation_destructive_7epoch\D7_no_residual_path\full_eval\epoch_0007,generic_csv,metric_evidence,Parsed from SchrodingerBridge/archives/old_root_files/summary_all_tested_metrics_with_ablations.csv
G:/GitHub/Latent_Style,,single terminal step,schrodingerbridge_destructive_ablation,schrodingerbridge_destructive_ablation,,D11_single_terminal_step,,750,0.7012,0.4585,0.8032,0.455,0.3096,,4.172345,0.054519,,298.565,s,298.565 s,59.904,s,59.904 s,,,,G:\GitHub\Latent_Style\SchrodingerBridge\ablation_destructive_7epoch\D11_single_terminal_step\full_eval\epoch_0007,generic_csv,metric_evidence,Parsed from SchrodingerBridge/archives/old_root_files/summary_all_tested_metrics_with_ablations.csv
G:/GitHub/Latent_Style,,strong color loss,schrodingerbridge_destructive_ablation,schrodingerbridge_destructive_ablation,,D8_strong_color_loss,,750,0.6923,0.5675,0.6629,0.3401,0.2769,,5.679315,0.148481,,308.588,s,308.588 s,60.987,s,60.987 s,,,,G:\GitHub\Latent_Style\SchrodingerBridge\ablation_destructive_7epoch\D8_strong_color_loss\full_eval\epoch_0007,generic_csv,metric_evidence,Parsed from SchrodingerBridge/archives/old_root_files/summary_all_tested_metrics_with_ablations.csv
G:/GitHub/Latent_Style,,w/o SWD and kinetic,schrodingerbridge_destructive_ablation,schrodingerbridge_destructive_ablation,,D3_no_swd_no_kinetic,,750,0.6884,0.3938,0.8527,0.4368,0.1694,,6.745173,0.049534,,306.550,s,306.550 s,60.567,s,60.567 s,,,,G:\GitHub\Latent_Style\SchrodingerBridge\ablation_destructive_7epoch\D3_no_swd_no_kinetic\full_eval\epoch_0007,generic_csv,metric_evidence,Parsed from SchrodingerBridge/archives/old_root_files/summary_all_tested_metrics_with_ablations.csv
G:/GitHub/Latent_Style,,w/o kinetic,schrodingerbridge_destructive_ablation,schrodingerbridge_destructive_ablation,,D2_no_kinetic,,750,0.7159,0.6375,0.6624,0.2687,0.2492,,4.776494,0.12627,,303.312,s,303.312 s,64.423,s,64.423 s,,,,G:\GitHub\Latent_Style\SchrodingerBridge\ablation_destructive_7epoch\D2_no_kinetic\full_eval\epoch_0007,generic_csv,metric_evidence,Parsed from SchrodingerBridge/archives/old_root_files/summary_all_tested_metrics_with_ablations.csv
G:/GitHub/Latent_Style,,w/o terminal SWD,schrodingerbridge_destructive_ablation,schrodingerbridge_destructive_ablation,,D1_no_terminal_swd,,750,0.6708,0.349,0.8989,0.4729,0.1824,,5.843525,0.04196,,295.935,s,295.935 s,63.630,s,63.630 s,,,,G:\GitHub\Latent_Style\SchrodingerBridge\ablation_destructive_7epoch\D1_no_terminal_swd\full_eval\epoch_0007,generic_csv,metric_evidence,Parsed from SchrodingerBridge/archives/old_root_files/summary_all_tested_metrics_with_ablations.csv
G:/GitHub/Latent_Style,,LANCET/LBM,schrodingerbridge_exp_general,schrodingerbridge_exp_general,,Full control from corrected config,,,,,,,,,,,,290.650,s,290.650 s,60.034,s,60.034 s,3.91,,,SchrodingerBridge/exp/ablation_destructive_7epoch/destructive_ablation_7epoch_registry.csv,generic_csv,timing_evidence,Parsed from SchrodingerBridge/exp/ablation_destructive_7epoch/destructive_ablation_7epoch_registry.csv
G:/GitHub/Latent_Style,,LANCET/LBM,schrodingerbridge_exp_general,schrodingerbridge_exp_general,,w/o terminal SWD,,,,,,,,,,,,295.935,s,295.935 s,63.630,s,63.630 s,3.91,,,SchrodingerBridge/exp/ablation_destructive_7epoch/destructive_ablation_7epoch_registry.csv,generic_csv,timing_evidence,Parsed from SchrodingerBridge/exp/ablation_destructive_7epoch/destructive_ablation_7epoch_registry.csv
G:/GitHub/Latent_Style,,LANCET/LBM,schrodingerbridge_exp_general,schrodingerbridge_exp_general,,w/o kinetic,,,,,,,,,,,,303.312,s,303.312 s,64.423,s,64.423 s,3.91,,,SchrodingerBridge/exp/ablation_destructive_7epoch/destructive_ablation_7epoch_registry.csv,generic_csv,timing_evidence,Parsed from SchrodingerBridge/exp/ablation_destructive_7epoch/destructive_ablation_7epoch_registry.csv
G:/GitHub/Latent_Style,,LANCET/LBM,schrodingerbridge_exp_general,schrodingerbridge_exp_general,,w/o SWD and kinetic,,,,,,,,,,,,306.550,s,306.550 s,60.567,s,60.567 s,3.91,,,SchrodingerBridge/exp/ablation_destructive_7epoch/destructive_ablation_7epoch_registry.csv,generic_csv,timing_evidence,Parsed from SchrodingerBridge/exp/ablation_destructive_7epoch/destructive_ablation_7epoch_registry.csv
G:/GitHub/Latent_Style,,LANCET/LBM,schrodingerbridge_exp_general,schrodingerbridge_exp_general,,"conv body, no global attention",,,,,,,,,,,,295.498,s,295.498 s,78.771,s,78.771 s,3.91,,,SchrodingerBridge/exp/ablation_destructive_7epoch/destructive_ablation_7epoch_registry.csv,generic_csv,timing_evidence,Parsed from SchrodingerBridge/exp/ablation_destructive_7epoch/destructive_ablation_7epoch_registry.csv
G:/GitHub/Latent_Style,,LANCET/LBM,schrodingerbridge_exp_general,schrodingerbridge_exp_general,,disable routed skip path,,,,,,,,,,,,294.609,s,294.609 s,61.995,s,61.995 s,3.91,,,SchrodingerBridge/exp/ablation_destructive_7epoch/destructive_ablation_7epoch_registry.csv,generic_csv,timing_evidence,Parsed from SchrodingerBridge/exp/ablation_destructive_7epoch/destructive_ablation_7epoch_registry.csv
G:/GitHub/Latent_Style,,LANCET/LBM,schrodingerbridge_exp_general,schrodingerbridge_exp_general,,disable spatial style prior,,,,,,,,,,,,305.783,s,305.783 s,61.803,s,61.803 s,3.91,,,SchrodingerBridge/exp/ablation_destructive_7epoch/destructive_ablation_7epoch_registry.csv,generic_csv,timing_evidence,Parsed from SchrodingerBridge/exp/ablation_destructive_7epoch/destructive_ablation_7epoch_registry.csv
G:/GitHub/Latent_Style,,LANCET/LBM,schrodingerbridge_exp_general,schrodingerbridge_exp_general,,no residual path,,,,,,,,,,,,304.251,s,304.251 s,61.887,s,61.887 s,3.91,,,SchrodingerBridge/exp/ablation_destructive_7epoch/destructive_ablation_7epoch_registry.csv,generic_csv,timing_evidence,Parsed from SchrodingerBridge/exp/ablation_destructive_7epoch/destructive_ablation_7epoch_registry.csv
G:/GitHub/Latent_Style,,LANCET/LBM,schrodingerbridge_exp_general,schrodingerbridge_exp_general,,strong color loss,,,,,,,,,,,,308.588,s,308.588 s,60.987,s,60.987 s,3.91,,,SchrodingerBridge/exp/ablation_destructive_7epoch/destructive_ablation_7epoch_registry.csv,generic_csv,timing_evidence,Parsed from SchrodingerBridge/exp/ablation_destructive_7epoch/destructive_ablation_7epoch_registry.csv
G:/GitHub/Latent_Style,,LANCET/LBM,schrodingerbridge_exp_general,schrodingerbridge_exp_general,,L2 matching cost,,,,,,,,,,,,311.098,s,311.098 s,59.323,s,59.323 s,3.91,,,SchrodingerBridge/exp/ablation_destructive_7epoch/destructive_ablation_7epoch_registry.csv,generic_csv,timing_evidence,Parsed from SchrodingerBridge/exp/ablation_destructive_7epoch/destructive_ablation_7epoch_registry.csv
G:/GitHub/Latent_Style,,LANCET/LBM,schrodingerbridge_exp_general,schrodingerbridge_exp_general,,micro high-frequency SWD,,,,,,,,,,,,302.119,s,302.119 s,59.399,s,59.399 s,3.91,,,SchrodingerBridge/exp/ablation_destructive_7epoch/destructive_ablation_7epoch_registry.csv,generic_csv,timing_evidence,Parsed from SchrodingerBridge/exp/ablation_destructive_7epoch/destructive_ablation_7epoch_registry.csv
G:/GitHub/Latent_Style,,LANCET/LBM,schrodingerbridge_exp_general,schrodingerbridge_exp_general,,single terminal step,,,,,,,,,,,,298.565,s,298.565 s,59.904,s,59.904 s,3.91,,,SchrodingerBridge/exp/ablation_destructive_7epoch/destructive_ablation_7epoch_registry.csv,generic_csv,timing_evidence,Parsed from SchrodingerBridge/exp/ablation_destructive_7epoch/destructive_ablation_7epoch_registry.csv
G:/GitHub/Latent_Style,2026-06-01,LANCET/LBM,schrodingerbridge_exp_general,schrodingerbridge_exp_general,,execution_budget_e1_fulleval150,full_eval,150,0.8023816573619843,0.35825922548770905,0.9251622529824575,,,,,,,,,,75.124865653,s,75.124865653 s internal timings_sec.wall_total,3.91,,,SchrodingerBridge/exp/timing_20260601/execution_budget_e1_fulleval150/summary.json,summary.json,metric_evidence,Parsed top-level/overall metrics; timings_sec.wall_total treated as full eval/inference wall if present.
G:/GitHub/Latent_Style,2026-06-01,LANCET/LBM,schrodingerbridge_exp_general,schrodingerbridge_exp_general,,execution_budget_smoke_fulleval150,full_eval,150,0.8023416554927826,0.3581881191333135,0.925125972032547,,,,,,,,,,74.726338731,s,74.726338731 s internal timings_sec.wall_total,3.91,,,SchrodingerBridge/exp/timing_20260601/execution_budget_smoke_fulleval150/summary.json,summary.json,metric_evidence,Parsed top-level/overall metrics; timings_sec.wall_total treated as full eval/inference wall if present.
G:/GitHub/Latent_Style,2026-06-01,LANCET/LBM,schrodingerbridge_exp_general,schrodingerbridge_exp_general,,lancet_fulleval150_delta_diag,full_eval,150,0.8024094422658284,0.3580919901529948,0.9251788508892059,,,,,,,,,,74.82689960900001,s,74.82689960900001 s internal timings_sec.wall_total,3.91,,,SchrodingerBridge/exp/timing_20260601/lancet_fulleval150_delta_diag/summary.json,summary.json,metric_evidence,Parsed top-level/overall metrics; timings_sec.wall_total treated as full eval/inference wall if present.
G:/GitHub/Latent_Style,2026-06-01,LANCET/LBM,schrodingerbridge_exp_general,schrodingerbridge_exp_general,,lancet_fulleval150_delta_var,full_eval,150,0.8023576374848683,0.35809604267279305,0.9251979549725851,,,,,,,,,,74.973515446,s,74.973515446 s internal timings_sec.wall_total,3.91,,,SchrodingerBridge/exp/timing_20260601/lancet_fulleval150_delta_var/summary.json,summary.json,metric_evidence,Parsed top-level/overall metrics; timings_sec.wall_total treated as full eval/inference wall if present.
G:/GitHub/Latent_Style,2026-06-01,LANCET/LBM,schrodingerbridge_exp_general,schrodingerbridge_exp_general,,lancet_generate150_b2,full_eval,150,,,,,,,,,,,,,35.732565003,s,35.732565003 s internal timings_sec.wall_total,3.91,,,SchrodingerBridge/exp/timing_20260601/lancet_generate150_b2/summary.json,summary.json,timing_evidence,Parsed top-level/overall metrics; timings_sec.wall_total treated as full eval/inference wall if present.
G:/GitHub/Latent_Style,2026-06-01,LANCET/LBM,schrodingerbridge_exp_general,schrodingerbridge_exp_general,,lancet_generate150_b2_nosave,full_eval,150,,,,,,,,,,,,,30.706400138999996,s,30.706400138999996 s internal timings_sec.wall_total,3.91,,,SchrodingerBridge/exp/timing_20260601/lancet_generate150_b2_nosave/summary.json,summary.json,timing_evidence,Parsed top-level/overall metrics; timings_sec.wall_total treated as full eval/inference wall if present.
G:/GitHub/Latent_Style,2026-06-01,LANCET/LBM,schrodingerbridge_exp_general,schrodingerbridge_exp_general,,lancet_generate150_b2_tchunk5,full_eval,150,,,,,,,,,,,,,36.804927367999994,s,36.804927367999994 s internal timings_sec.wall_total,3.91,,,SchrodingerBridge/exp/timing_20260601/lancet_generate150_b2_tchunk5/summary.json,summary.json,timing_evidence,Parsed top-level/overall metrics; timings_sec.wall_total treated as full eval/inference wall if present.
G:/GitHub/Latent_Style,2026-06-01,LANCET/LBM,schrodingerbridge_exp_general,schrodingerbridge_exp_general,,lancet_generate150_b2_tchunk5_vaebs2,full_eval,150,,,,,,,,,,,,,31.938653461,s,31.938653461 s internal timings_sec.wall_total,3.91,,,SchrodingerBridge/exp/timing_20260601/lancet_generate150_b2_tchunk5_vaebs2/summary.json,summary.json,timing_evidence,Parsed top-level/overall metrics; timings_sec.wall_total treated as full eval/inference wall if present.
G:/GitHub/Latent_Style,2026-06-01,LANCET/LBM,schrodingerbridge_exp_general,schrodingerbridge_exp_general,,style_injection_delta_div_e3_fulleval150,full_eval,150,0.8023971752325694,0.35823953052361807,0.9253148106733958,,,,,,,,,,73.64351472800001,s,73.64351472800001 s internal timings_sec.wall_total,3.91,,,SchrodingerBridge/exp/timing_20260601/style_injection_delta_div_e3_fulleval150/summary.json,summary.json,metric_evidence,Parsed top-level/overall metrics; timings_sec.wall_total treated as full eval/inference wall if present.
G:/GitHub/Latent_Style,2026-06-01,LANCET/LBM,schrodingerbridge_exp_general,schrodingerbridge_exp_general,,style_injection_delta_div_w05_e3_fulleval150,full_eval,150,0.8023878232638041,0.3582665938138962,0.9253852260112763,,,,,,,,,,73.15797216799999,s,73.15797216799999 s internal timings_sec.wall_total,3.91,,,SchrodingerBridge/exp/timing_20260601/style_injection_delta_div_w05_e3_fulleval150/summary.json,summary.json,metric_evidence,Parsed top-level/overall metrics; timings_sec.wall_total treated as full eval/inference wall if present.
G:/GitHub/Latent_Style,2026-06-01,LANCET/LBM,schrodingerbridge_exp_general,schrodingerbridge_exp_general,,style_injection_e1_fulleval150,full_eval,150,0.8024451982975006,0.35808172007401784,0.9253513979911804,,,,,,,,,,73.43421055099999,s,73.43421055099999 s internal timings_sec.wall_total,3.91,,,SchrodingerBridge/exp/timing_20260601/style_injection_e1_fulleval150/summary.json,summary.json,metric_evidence,Parsed top-level/overall metrics; timings_sec.wall_total treated as full eval/inference wall if present.
G:/GitHub/Latent_Style,2026-06-01,LANCET/LBM,schrodingerbridge_exp_general,schrodingerbridge_exp_general,,style_injection_e3_fulleval150,full_eval,150,0.8023992697397868,0.3582368236780167,0.9252122616767884,,,,,,,,,,72.774371065,s,72.774371065 s internal timings_sec.wall_total,3.91,,,SchrodingerBridge/exp/timing_20260601/style_injection_e3_fulleval150/summary.json,summary.json,metric_evidence,Parsed top-level/overall metrics; timings_sec.wall_total treated as full eval/inference wall if present.
G:/GitHub/Latent_Style,2026-06-02,LANCET/LBM,schrodingerbridge_exp_general,schrodingerbridge_exp_general,,carrier_gate_e3_fulleval150,full_eval,150,0.8022729790210724,0.3581900235017141,0.9254059127966563,,,,,,,,,,72.481238304,s,72.481238304 s internal timings_sec.wall_total,3.91,,,SchrodingerBridge/exp/timing_20260601/carrier_gate_e3_fulleval150/summary.json,summary.json,metric_evidence,Parsed top-level/overall metrics; timings_sec.wall_total treated as full eval/inference wall if present.
G:/GitHub/Latent_Style,2026-06-02,LANCET/LBM,schrodingerbridge_exp_general,schrodingerbridge_exp_general,,run_eval_opt150_b12_v2_w8_png,full_eval,,,,,,,,,,,,,,16.540549241999997,s,16.540549241999997 s internal timings_sec.wall_total,3.91,,,SchrodingerBridge/exp/timing_20260602/run_eval_opt150_b12_v2_w8_png/summary.json,summary.json,timing_evidence,Parsed top-level/overall metrics; timings_sec.wall_total treated as full eval/inference wall if present.
G:/GitHub/Latent_Style,2026-06-02,LANCET/LBM,schrodingerbridge_exp_general,schrodingerbridge_exp_general,,run_eval_opt150_b12_v2_w8_png_nogrid,full_eval,,,,,,,,,,,,,,11.24610233200002,s,11.24610233200002 s internal timings_sec.wall_total,3.91,,,SchrodingerBridge/exp/timing_20260602/run_eval_opt150_b12_v2_w8_png_nogrid/summary.json,summary.json,timing_evidence,Parsed top-level/overall metrics; timings_sec.wall_total treated as full eval/inference wall if present.
G:/GitHub/Latent_Style,2026-06-02,LANCET/LBM,schrodingerbridge_exp_general,schrodingerbridge_exp_general,,run_eval_opt150_b12_v4_w8_png_nogrid,full_eval,,,,,,,,,,,,,,11.511190367999973,s,11.511190367999973 s internal timings_sec.wall_total,3.91,,,SchrodingerBridge/exp/timing_20260602/run_eval_opt150_b12_v4_w8_png_nogrid/summary.json,summary.json,timing_evidence,Parsed top-level/overall metrics; timings_sec.wall_total treated as full eval/inference wall if present.
G:/GitHub/Latent_Style,2026-06-02,LANCET/LBM,schrodingerbridge_exp_general,schrodingerbridge_exp_general,,run_eval_opt150_b15_v2_w8_png_nogrid,full_eval,,,,,,,,,,,,,,11.357327714000007,s,11.357327714000007 s internal timings_sec.wall_total,3.91,,,SchrodingerBridge/exp/timing_20260602/run_eval_opt150_b15_v2_w8_png_nogrid/summary.json,summary.json,timing_evidence,Parsed top-level/overall metrics; timings_sec.wall_total treated as full eval/inference wall if present.
G:/GitHub/Latent_Style,2026-06-02,LANCET/LBM,schrodingerbridge_exp_general,schrodingerbridge_exp_general,,run_eval_opt150_b8_v2_w4_piljpg,full_eval,,,,,,,,,,,,,,17.033137939999996,s,17.033137939999996 s internal timings_sec.wall_total,3.91,,,SchrodingerBridge/exp/timing_20260602/run_eval_opt150_b8_v2_w4_piljpg/summary.json,summary.json,timing_evidence,Parsed top-level/overall metrics; timings_sec.wall_total treated as full eval/inference wall if present.
G:/GitHub/Latent_Style,2026-06-02,LANCET/LBM,schrodingerbridge_exp_general,schrodingerbridge_exp_general,,run_eval_opt150_b8_v2_w4_png,full_eval,,,,,,,,,,,,,,17.964796102,s,17.964796102 s internal timings_sec.wall_total,3.91,,,SchrodingerBridge/exp/timing_20260602/run_eval_opt150_b8_v2_w4_png/summary.json,summary.json,timing_evidence,Parsed top-level/overall metrics; timings_sec.wall_total treated as full eval/inference wall if present.
G:/GitHub/Latent_Style,2026-06-02,LANCET/LBM,schrodingerbridge_exp_general,schrodingerbridge_exp_general,,run_eval_opt150_b8_v2_w8_piljpg,full_eval,,,,,,,,,,,,,,16.246393041999994,s,16.246393041999994 s internal timings_sec.wall_total,3.91,,,SchrodingerBridge/exp/timing_20260602/run_eval_opt150_b8_v2_w8_piljpg/summary.json,summary.json,timing_evidence,Parsed top-level/overall metrics; timings_sec.wall_total treated as full eval/inference wall if present.
G:/GitHub/Latent_Style,2026-06-02,LANCET/LBM,schrodingerbridge_exp_general,schrodingerbridge_exp_general,,run_eval_opt150_b8_v2_w8_png,full_eval,,,,,,,,,,,,,,16.801288207,s,16.801288207 s internal timings_sec.wall_total,3.91,,,SchrodingerBridge/exp/timing_20260602/run_eval_opt150_b8_v2_w8_png/summary.json,summary.json,timing_evidence,Parsed top-level/overall metrics; timings_sec.wall_total treated as full eval/inference wall if present.
G:/GitHub/Latent_Style,2026-06-02,LANCET/LBM,schrodingerbridge_exp_general,schrodingerbridge_exp_general,,run_eval_opt150_b8_v2_w8_png_nogrid,full_eval,,,,,,,,,,,,,,12.055891438999993,s,12.055891438999993 s internal timings_sec.wall_total,3.91,,,SchrodingerBridge/exp/timing_20260602/run_eval_opt150_b8_v2_w8_png_nogrid/summary.json,summary.json,timing_evidence,Parsed top-level/overall metrics; timings_sec.wall_total treated as full eval/inference wall if present.
G:/GitHub/Latent_Style,2026-06-02,LANCET/LBM,schrodingerbridge_exp_general,schrodingerbridge_exp_general,,run_eval_opt150_b8_v2_w8_tvpng,full_eval,,,,,,,,,,,,,,18.77439915800001,s,18.77439915800001 s internal timings_sec.wall_total,3.91,,,SchrodingerBridge/exp/timing_20260602/run_eval_opt150_b8_v2_w8_tvpng/summary.json,summary.json,timing_evidence,Parsed top-level/overall metrics; timings_sec.wall_total treated as full eval/inference wall if present.
G:/GitHub/Latent_Style,2026-06-02,LANCET/LBM,schrodingerbridge_exp_general,schrodingerbridge_exp_general,,run_eval_opt150_b8_v4_w8_png,full_eval,,,,,,,,,,,,,,17.382429326999983,s,17.382429326999983 s internal timings_sec.wall_total,3.91,,,SchrodingerBridge/exp/timing_20260602/run_eval_opt150_b8_v4_w8_png/summary.json,summary.json,timing_evidence,Parsed top-level/overall metrics; timings_sec.wall_total treated as full eval/inference wall if present.
G:/GitHub/Latent_Style,,LANCET/LBM,schrodingerbridge_review_additional,schrodingerbridge_review_additional,,step_count_sweep,,,,,,,,,,,,,,,88.994,s,88.994 s,3.91,,,SchrodingerBridge/exp/review_additional_experiments/review_additional_experiments/step_count_sweep/status.csv,generic_csv,timing_evidence,Parsed from SchrodingerBridge/exp/review_additional_experiments/review_additional_experiments/step_count_sweep/status.csv
G:/GitHub/Latent_Style,,LANCET/LBM,schrodingerbridge_review_additional,schrodingerbridge_review_additional,,step_count_sweep,,,,,,,,,,,,,,,78.625,s,78.625 s,3.91,,,SchrodingerBridge/exp/review_additional_experiments/review_additional_experiments/step_count_sweep/status.csv,generic_csv,timing_evidence,Parsed from SchrodingerBridge/exp/review_additional_experiments/review_additional_experiments/step_count_sweep/status.csv
G:/GitHub/Latent_Style,,LANCET/LBM,schrodingerbridge_review_additional,schrodingerbridge_review_additional,,step_count_sweep,,,,,,,,,,,,,,,78.925,s,78.925 s,3.91,,,SchrodingerBridge/exp/review_additional_experiments/review_additional_experiments/step_count_sweep/status.csv,generic_csv,timing_evidence,Parsed from SchrodingerBridge/exp/review_additional_experiments/review_additional_experiments/step_count_sweep/status.csv
G:/GitHub/Latent_Style,,LANCET/LBM,schrodingerbridge_review_additional,schrodingerbridge_review_additional,,step_count_sweep,,,,,,,,,,,,,,,80.292,s,80.292 s,3.91,,,SchrodingerBridge/exp/review_additional_experiments/review_additional_experiments/step_count_sweep/status.csv,generic_csv,timing_evidence,Parsed from SchrodingerBridge/exp/review_additional_experiments/review_additional_experiments/step_count_sweep/status.csv
G:/GitHub/Latent_Style,,LANCET/LBM,schrodingerbridge_review_additional,schrodingerbridge_review_additional,,step_count_sweep,,,,,,,,,,,,,,,79.579,s,79.579 s,3.91,,,SchrodingerBridge/exp/review_additional_experiments/review_additional_experiments/step_count_sweep/status.csv,generic_csv,timing_evidence,Parsed from SchrodingerBridge/exp/review_additional_experiments/review_additional_experiments/step_count_sweep/status.csv
G:/GitHub/Latent_Style,,LANCET/LBM,schrodingerbridge_root_legacy,schrodingerbridge_root_legacy,,theory_switch_validation,,,,,,,,,,,,,,,199.736,s,199.736 s,3.91,,,SchrodingerBridge/archives/old_experiment_dirs/theory_switch_validation/theory_switch_validation_status.csv,generic_csv,timing_evidence,Parsed from SchrodingerBridge/archives/old_experiment_dirs/theory_switch_validation/theory_switch_validation_status.csv
G:/GitHub/Latent_Style,,LANCET/LBM,schrodingerbridge_root_legacy,schrodingerbridge_root_legacy,,theory_switch_validation,,,,,,,,,,,,,,,200.361,s,200.361 s,3.91,,,SchrodingerBridge/archives/old_experiment_dirs/theory_switch_validation/theory_switch_validation_status.csv,generic_csv,timing_evidence,Parsed from SchrodingerBridge/archives/old_experiment_dirs/theory_switch_validation/theory_switch_validation_status.csv
G:/GitHub/Latent_Style,,LANCET/LBM,schrodingerbridge_root_legacy,schrodingerbridge_root_legacy,,theory_switch_validation,,,,,,,,,,,,,,,206.241,s,206.241 s,3.91,,,SchrodingerBridge/archives/old_experiment_dirs/theory_switch_validation/theory_switch_validation_status.csv,generic_csv,timing_evidence,Parsed from SchrodingerBridge/archives/old_experiment_dirs/theory_switch_validation/theory_switch_validation_status.csv
G:/GitHub/Latent_Style,,LANCET/LBM,schrodingerbridge_root_legacy,schrodingerbridge_root_legacy,,theory_switch_validation,,,,,,,,,,,,,,,225.318,s,225.318 s,3.91,,,SchrodingerBridge/archives/old_experiment_dirs/theory_switch_validation/theory_switch_validation_status.csv,generic_csv,timing_evidence,Parsed from SchrodingerBridge/archives/old_experiment_dirs/theory_switch_validation/theory_switch_validation_status.csv
G:/GitHub/Latent_Style,,LANCET/LBM,schrodingerbridge_root_legacy,schrodingerbridge_root_legacy,,theory_switch_validation,,,,,,,,,,,,,,,227.25,s,227.25 s,3.91,,,SchrodingerBridge/archives/old_experiment_dirs/theory_switch_validation/theory_switch_validation_status.csv,generic_csv,timing_evidence,Parsed from SchrodingerBridge/archives/old_experiment_dirs/theory_switch_validation/theory_switch_validation_status.csv
G:/GitHub/Latent_Style,,LANCET/LBM,schrodingerbridge_root_legacy,schrodingerbridge_root_legacy,,theory_switch_validation,,,,,,,,,,,,,,,243.585,s,243.585 s,3.91,,,SchrodingerBridge/archives/old_experiment_dirs/theory_switch_validation/theory_switch_validation_status.csv,generic_csv,timing_evidence,Parsed from SchrodingerBridge/archives/old_experiment_dirs/theory_switch_validation/theory_switch_validation_status.csv
G:/GitHub/Latent_Style,,LANCET/LBM,schrodingerbridge_root_legacy,schrodingerbridge_root_legacy,,theory_switch_validation,,,,,,,,,,,,,,,292.349,s,292.349 s,3.91,,,SchrodingerBridge/archives/old_experiment_dirs/theory_switch_validation/theory_switch_validation_status.csv,generic_csv,timing_evidence,Parsed from SchrodingerBridge/archives/old_experiment_dirs/theory_switch_validation/theory_switch_validation_status.csv
G:/GitHub/Latent_Style,,LANCET/LBM,schrodingerbridge_root_legacy,schrodingerbridge_root_legacy,,theory_switch_validation,,,,,,,,,,,,,,,225.438,s,225.438 s,3.91,,,SchrodingerBridge/archives/old_experiment_dirs/theory_switch_validation/theory_switch_validation_status.csv,generic_csv,timing_evidence,Parsed from SchrodingerBridge/archives/old_experiment_dirs/theory_switch_validation/theory_switch_validation_status.csv
I:\,2026-06-03,LANCET/LBM,schrodingerbridge_root_legacy,schrodingerbridge_root_legacy,,epoch_0001,full_eval_or_summary,,,,,,,,,,,,,,99.85250971500136,s,99.85250971500136 s timings_sec.wall_total,,,summary_found,I:\Github\Latent_Style_TokenizerClean\SchrodingerBridge\expsaswd_axis_h_base_seed42_b44_saswd_random\full_eval\epoch_0001\summary.json,remote_summary_json_curated,timing_evidence,Remote curated summary.json after experiment-path filter.
I:\,2026-06-03,LANCET/LBM,schrodingerbridge_root_legacy,schrodingerbridge_root_legacy,,epoch_0002,full_eval_or_summary,,,,,,,,,,,,,,95.37816414500048,s,95.37816414500048 s timings_sec.wall_total,,,summary_found,I:\Github\Latent_Style_TokenizerClean\SchrodingerBridge\expsaswd_axis_h_base_seed42_b44_saswd_random\full_eval\epoch_0002\summary.json,remote_summary_json_curated,timing_evidence,Remote curated summary.json after experiment-path filter.
I:\,2026-06-03,LANCET/LBM,schrodingerbridge_root_legacy,schrodingerbridge_root_legacy,,epoch_0003,full_eval_or_summary,,,,,,,,,,,,,,95.14267541700065,s,95.14267541700065 s timings_sec.wall_total,,,summary_found,I:\Github\Latent_Style_TokenizerClean\SchrodingerBridge\expsaswd_axis_h_base_seed42_b44_saswd_random\full_eval\epoch_0003\summary.json,remote_summary_json_curated,timing_evidence,Remote curated summary.json after experiment-path filter.
I:\,2026-06-03,LANCET/LBM,schrodingerbridge_root_legacy,schrodingerbridge_root_legacy,,epoch_0001,full_eval_or_summary,,,,,,,,,,,,,,96.89431783699911,s,96.89431783699911 s timings_sec.wall_total,,,summary_found,I:\Github\Latent_Style_TokenizerClean\SchrodingerBridge\expsaswd_axis_h_base_seed42_b44_saswd_semantic\full_eval\epoch_0001\summary.json,remote_summary_json_curated,timing_evidence,Remote curated summary.json after experiment-path filter.
I:\,2026-06-03,LANCET/LBM,schrodingerbridge_root_legacy,schrodingerbridge_root_legacy,,epoch_0002,full_eval_or_summary,,,,,,,,,,,,,,99.13324547600132,s,99.13324547600132 s timings_sec.wall_total,,,summary_found,I:\Github\Latent_Style_TokenizerClean\SchrodingerBridge\expsaswd_axis_h_base_seed42_b44_saswd_semantic\full_eval\epoch_0002\summary.json,remote_summary_json_curated,timing_evidence,Remote curated summary.json after experiment-path filter.
I:\,2026-06-03,LANCET/LBM,schrodingerbridge_root_legacy,schrodingerbridge_root_legacy,,epoch_0003,full_eval_or_summary,,,,,,,,,,,,,,95.11370804799844,s,95.11370804799844 s timings_sec.wall_total,,,summary_found,I:\Github\Latent_Style_TokenizerClean\SchrodingerBridge\expsaswd_axis_h_base_seed42_b44_saswd_semantic\full_eval\epoch_0003\summary.json,remote_summary_json_curated,timing_evidence,Remote curated summary.json after experiment-path filter.
G:/GitHub/Latent_Style,,,schrodingerbridge_weight_sweep,schrodingerbridge_weight_sweep,,lambda_grid,,,,,,,,,,,,0.001,s,0.001 s,,,,,,,lambda_grid/status.csv,generic_csv,timing_evidence,Parsed from lambda_grid/status.csv
G:/GitHub/Latent_Style,,,schrodingerbridge_weight_sweep,schrodingerbridge_weight_sweep,,lambda_grid,,,,,,,,,,,,0.000,s,0.000 s,,,,,,,lambda_grid/status.csv,generic_csv,timing_evidence,Parsed from lambda_grid/status.csv
G:/GitHub/Latent_Style,,LANCET/LBM,schrodingerbridge_weight_sweep,schrodingerbridge_weight_sweep,,lambda_grid,,,,,,,,,,,,327.518,s,327.518 s,,,,3.91,,,SchrodingerBridge/exp/review_additional_experiments/review_additional_experiments/lambda_grid/status.csv,generic_csv,timing_evidence,Parsed from SchrodingerBridge/exp/review_additional_experiments/review_additional_experiments/lambda_grid/status.csv
G:/GitHub/Latent_Style,,LANCET/LBM,schrodingerbridge_weight_sweep,schrodingerbridge_weight_sweep,,lambda_grid,,,,,,,,,,,,313.744,s,313.744 s,,,,3.91,,,SchrodingerBridge/exp/review_additional_experiments/review_additional_experiments/lambda_grid/status.csv,generic_csv,timing_evidence,Parsed from SchrodingerBridge/exp/review_additional_experiments/review_additional_experiments/lambda_grid/status.csv
G:/GitHub/Latent_Style,,LANCET/LBM,schrodingerbridge_weight_sweep,schrodingerbridge_weight_sweep,,lambda_grid,,,,,,,,,,,,312.926,s,312.926 s,,,,3.91,,,SchrodingerBridge/exp/review_additional_experiments/review_additional_experiments/lambda_grid/status.csv,generic_csv,timing_evidence,Parsed from SchrodingerBridge/exp/review_additional_experiments/review_additional_experiments/lambda_grid/status.csv
G:/GitHub/Latent_Style,,LANCET/LBM,schrodingerbridge_weight_sweep,schrodingerbridge_weight_sweep,,lambda_grid,,,,,,,,,,,,304.239,s,304.239 s,,,,3.91,,,SchrodingerBridge/exp/review_additional_experiments/review_additional_experiments/lambda_grid/status.csv,generic_csv,timing_evidence,Parsed from SchrodingerBridge/exp/review_additional_experiments/review_additional_experiments/lambda_grid/status.csv
G:/GitHub/Latent_Style,,LANCET/LBM,schrodingerbridge_weight_sweep,schrodingerbridge_weight_sweep,,lambda_grid,,,,,,,,,,,,305.058,s,305.058 s,,,,3.91,,,SchrodingerBridge/exp/review_additional_experiments/review_additional_experiments/lambda_grid/status.csv,generic_csv,timing_evidence,Parsed from SchrodingerBridge/exp/review_additional_experiments/review_additional_experiments/lambda_grid/status.csv
G:/GitHub/Latent_Style,,LANCET/LBM,schrodingerbridge_weight_sweep,schrodingerbridge_weight_sweep,,lambda_grid,,,,,,,,,,,,304.686,s,304.686 s,,,,3.91,,,SchrodingerBridge/exp/review_additional_experiments/review_additional_experiments/lambda_grid/status.csv,generic_csv,timing_evidence,Parsed from SchrodingerBridge/exp/review_additional_experiments/review_additional_experiments/lambda_grid/status.csv
G:/GitHub/Latent_Style,,LANCET/LBM,schrodingerbridge_weight_sweep,schrodingerbridge_weight_sweep,,lambda_grid,,,,,,,,,,,,304.618,s,304.618 s,,,,3.91,,,SchrodingerBridge/exp/review_additional_experiments/review_additional_experiments/lambda_grid/status.csv,generic_csv,timing_evidence,Parsed from SchrodingerBridge/exp/review_additional_experiments/review_additional_experiments/lambda_grid/status.csv
G:/GitHub/Latent_Style,,LANCET/LBM,schrodingerbridge_weight_sweep,schrodingerbridge_weight_sweep,,lambda_grid,,,,,,,,,,,,304.661,s,304.661 s,,,,3.91,,,SchrodingerBridge/exp/review_additional_experiments/review_additional_experiments/lambda_grid/status.csv,generic_csv,timing_evidence,Parsed from SchrodingerBridge/exp/review_additional_experiments/review_additional_experiments/lambda_grid/status.csv
G:/GitHub/Latent_Style,,LANCET/LBM,schrodingerbridge_weight_sweep,schrodingerbridge_weight_sweep,,lambda_grid,,,,,,,,,,,,304.291,s,304.291 s,,,,3.91,,,SchrodingerBridge/exp/review_additional_experiments/review_additional_experiments/lambda_grid/status.csv,generic_csv,timing_evidence,Parsed from SchrodingerBridge/exp/review_additional_experiments/review_additional_experiments/lambda_grid/status.csv
G:/GitHub/Latent_Style,,AdaIN v32k,run_511 / strict 750,strict_protocol_750,256,,,,,,,,,,,,,9220.39,s,9220.39 s,9.28,s,9.28 s,,,,SchrodingerBridge/archives/old_root_files/training_times_documentation.md,training_times_documentation.md,timing_evidence,AdaIN v32k 32k iterations; inference 9.28 s per 750 images.
G:/GitHub/Latent_Style,,AdaIN vgg19,run_511 / strict 750,strict_protocol_750,256,,,,,,,,,,,,,262.78,s,262.78 s,9.10,s,9.10 s,,,,SchrodingerBridge/archives/old_root_files/training_times_documentation.md,training_times_documentation.md,timing_evidence,AdaIN vgg19 2k iterations; inference 9.10 s per 750 images.
G:/GitHub/Latent_Style,,L2 matching cost,strict_protocol_750,strict_protocol_750,,D9_l2_ot_cost,,750,0.7016,0.4589,0.8021,0.455,0.309,,4.1912,0.054227,,311.098,s,311.098 s,59.323,s,59.323 s,,,,G:\GitHub\Latent_Style\SchrodingerBridge\ablation_destructive_7epoch\D9_l2_ot_cost\full_eval\epoch_0007,generic_csv,metric_evidence,Parsed from SchrodingerBridge/exp/ablation_destructive_7epoch/combined_summary/combined_750_with_destructive_ablations.csv
G:/GitHub/Latent_Style,,Ours D0 full,strict_protocol_750,strict_protocol_750,,D0_full_correct_7ep,,750,0.7014,0.4593,0.8022,0.4542,0.309,,4.184545,0.054214,,290.650,s,290.650 s,60.034,s,60.034 s,3.91,,,G:\GitHub\Latent_Style\SchrodingerBridge\ablation_destructive_7epoch\D0_full_correct_7ep\full_eval\epoch_0007,generic_csv,metric_evidence,Parsed from SchrodingerBridge/exp/ablation_destructive_7epoch/combined_summary/combined_750_with_destructive_ablations.csv
G:/GitHub/Latent_Style,,SaMST,strict_protocol_750,strict_protocol_750,,samst_750_strict,,750,0.7194,0.4664,0.8193,0.652,0.5162,,,,,,,,39.826,s,39.826 s,6,,train=; infer=ok,Related_Works/run_511/outputs/samst_750_strict,Related_Works repro_data_inventory.csv,metric_evidence,inventory_source=run_511_outputs; checkpoints=7
G:/GitHub/Latent_Style,,StyleID,strict_protocol_750,strict_protocol_750,,styleid_750_strict,,750,0.7597,0.7497,0.5519,0.1466,0.1954,,,,,,,,603.316,s,603.316 s,,,train=; infer=ok,Related_Works/run_511/outputs/styleid_750_strict,Related_Works repro_data_inventory.csv,metric_evidence,inventory_source=run_511_outputs; checkpoints=0
G:/GitHub/Latent_Style,,StyleID,run_511 / strict 750,strict_protocol_750,256,,,,,,,,,,,,,0,training-free,training-free,603.32,s,603.32 s,,,,SchrodingerBridge/archives/old_root_files/training_times_documentation.md,training_times_documentation.md,timing_evidence,Training-free baseline; inference 603.32 s estimated/recorded.
G:/GitHub/Latent_Style,,"conv body, no global attention",strict_protocol_750,strict_protocol_750,,D4_conv_body_no_global_attn,,750,0.7022,0.4594,0.802,0.4543,0.3091,,4.179079,0.05453,,295.498,s,295.498 s,78.771,s,78.771 s,,,,G:\GitHub\Latent_Style\SchrodingerBridge\ablation_destructive_7epoch\D4_conv_body_no_global_attn\full_eval\epoch_0007,generic_csv,metric_evidence,Parsed from SchrodingerBridge/exp/ablation_destructive_7epoch/combined_summary/combined_750_with_destructive_ablations.csv
G:/GitHub/Latent_Style,,disable routed skip path,strict_protocol_750,strict_protocol_750,,D5_disable_skip_routing,,750,0.6951,0.4727,0.8057,0.4613,0.2975,,4.985016,0.062353,,294.609,s,294.609 s,61.995,s,61.995 s,,,,G:\GitHub\Latent_Style\SchrodingerBridge\ablation_destructive_7epoch\D5_disable_skip_routing\full_eval\epoch_0007,generic_csv,metric_evidence,Parsed from SchrodingerBridge/exp/ablation_destructive_7epoch/combined_summary/combined_750_with_destructive_ablations.csv
G:/GitHub/Latent_Style,,disable spatial style prior,strict_protocol_750,strict_protocol_750,,D6_disable_spatial_prior,,750,0.7022,0.4589,0.8033,0.4548,0.3095,,4.194194,0.054133,,305.783,s,305.783 s,61.803,s,61.803 s,,,,G:\GitHub\Latent_Style\SchrodingerBridge\ablation_destructive_7epoch\D6_disable_spatial_prior\full_eval\epoch_0007,generic_csv,metric_evidence,Parsed from SchrodingerBridge/exp/ablation_destructive_7epoch/combined_summary/combined_750_with_destructive_ablations.csv
G:/GitHub/Latent_Style,,micro high-frequency SWD,strict_protocol_750,strict_protocol_750,,D10_micro_hf_swd_trap,,750,0.6989,0.4863,0.7772,0.3883,0.1925,,5.710126,0.089156,,302.119,s,302.119 s,59.399,s,59.399 s,,,,G:\GitHub\Latent_Style\SchrodingerBridge\ablation_destructive_7epoch\D10_micro_hf_swd_trap\full_eval\epoch_0007,generic_csv,metric_evidence,Parsed from SchrodingerBridge/exp/ablation_destructive_7epoch/combined_summary/combined_750_with_destructive_ablations.csv
G:/GitHub/Latent_Style,,no residual path,strict_protocol_750,strict_protocol_750,,D7_no_residual_path,,750,0.7013,0.4592,0.8025,0.4547,0.3093,,4.176114,0.054496,,304.251,s,304.251 s,61.887,s,61.887 s,,,,G:\GitHub\Latent_Style\SchrodingerBridge\ablation_destructive_7epoch\D7_no_residual_path\full_eval\epoch_0007,generic_csv,metric_evidence,Parsed from SchrodingerBridge/exp/ablation_destructive_7epoch/combined_summary/combined_750_with_destructive_ablations.csv
G:/GitHub/Latent_Style,,single terminal step,strict_protocol_750,strict_protocol_750,,D11_single_terminal_step,,750,0.7012,0.4585,0.8032,0.455,0.3096,,4.172345,0.054519,,298.565,s,298.565 s,59.904,s,59.904 s,,,,G:\GitHub\Latent_Style\SchrodingerBridge\ablation_destructive_7epoch\D11_single_terminal_step\full_eval\epoch_0007,generic_csv,metric_evidence,Parsed from SchrodingerBridge/exp/ablation_destructive_7epoch/combined_summary/combined_750_with_destructive_ablations.csv
G:/GitHub/Latent_Style,,strong color loss,strict_protocol_750,strict_protocol_750,,D8_strong_color_loss,,750,0.6923,0.5675,0.6629,0.3401,0.2769,,5.679315,0.148481,,308.588,s,308.588 s,60.987,s,60.987 s,,,,G:\GitHub\Latent_Style\SchrodingerBridge\ablation_destructive_7epoch\D8_strong_color_loss\full_eval\epoch_0007,generic_csv,metric_evidence,Parsed from SchrodingerBridge/exp/ablation_destructive_7epoch/combined_summary/combined_750_with_destructive_ablations.csv
G:/GitHub/Latent_Style,,w/o SWD and kinetic,strict_protocol_750,strict_protocol_750,,D3_no_swd_no_kinetic,,750,0.6884,0.3938,0.8527,0.4368,0.1694,,6.745173,0.049534,,306.550,s,306.550 s,60.567,s,60.567 s,,,,G:\GitHub\Latent_Style\SchrodingerBridge\ablation_destructive_7epoch\D3_no_swd_no_kinetic\full_eval\epoch_0007,generic_csv,metric_evidence,Parsed from SchrodingerBridge/exp/ablation_destructive_7epoch/combined_summary/combined_750_with_destructive_ablations.csv
G:/GitHub/Latent_Style,,w/o kinetic,strict_protocol_750,strict_protocol_750,,D2_no_kinetic,,750,0.7159,0.6375,0.6624,0.2687,0.2492,,4.776494,0.12627,,303.312,s,303.312 s,64.423,s,64.423 s,,,,G:\GitHub\Latent_Style\SchrodingerBridge\ablation_destructive_7epoch\D2_no_kinetic\full_eval\epoch_0007,generic_csv,metric_evidence,Parsed from SchrodingerBridge/exp/ablation_destructive_7epoch/combined_summary/combined_750_with_destructive_ablations.csv
G:/GitHub/Latent_Style,,w/o terminal SWD,strict_protocol_750,strict_protocol_750,,D1_no_terminal_swd,,750,0.6708,0.349,0.8989,0.4729,0.1824,,5.843525,0.04196,,295.935,s,295.935 s,63.630,s,63.630 s,,,,G:\GitHub\Latent_Style\SchrodingerBridge\ablation_destructive_7epoch\D1_no_terminal_swd\full_eval\epoch_0007,generic_csv,metric_evidence,Parsed from SchrodingerBridge/exp/ablation_destructive_7epoch/combined_summary/combined_750_with_destructive_ablations.csv
G:/GitHub/Latent_Style,2026-06-01,LANCET/LBM,strict_protocol_750,strict_protocol_750,,lancet_fulleval750_b2_tchunk5_vaebs2,full_eval,750,0.7923192752202352,0.35503635529677074,0.9180235827763875,,,,,,,,,,218.04756745000003,s,218.04756745000003 s internal timings_sec.wall_total,3.91,,,SchrodingerBridge/exp/timing_20260601/lancet_fulleval750_b2_tchunk5_vaebs2/summary.json,summary.json,metric_evidence,Parsed top-level/overall metrics; timings_sec.wall_total treated as full eval/inference wall if present.
G:/GitHub/Latent_Style,2026-06-01,LANCET/LBM,strict_protocol_750,strict_protocol_750,,lancet_generate750_b2_tchunk5_vaebs2,full_eval,750,,,,,,,,,,,,,129.111993284,s,129.111993284 s internal timings_sec.wall_total,3.91,,,SchrodingerBridge/exp/timing_20260601/lancet_generate750_b2_tchunk5_vaebs2/summary.json,summary.json,timing_evidence,Parsed top-level/overall metrics; timings_sec.wall_total treated as full eval/inference wall if present.
G:/GitHub/Latent_Style,2026-06-02,LANCET/LBM,strict_protocol_750,strict_protocol_750,,lancet_generate750_current_b2_tchunk5_vaebs2,full_eval,750,,,,,,,,,,,,,139.851493545,s,139.851493545 s internal timings_sec.wall_total,3.91,,,SchrodingerBridge/exp/timing_20260602/lancet_generate750_current_b2_tchunk5_vaebs2/summary.json,summary.json,timing_evidence,Parsed top-level/overall metrics; timings_sec.wall_total treated as full eval/inference wall if present.
G:/GitHub/Latent_Style,2026-06-02,LANCET/LBM,strict_protocol_750,strict_protocol_750,,live_windows_png750_b12_nogrid,full_eval,,,,,,,,,,,,,,47.72444559998985,s,47.72444559998985 s internal timings_sec.wall_total,3.91,,,SchrodingerBridge/exp/timing_20260602/live_windows_png750_b12_nogrid/summary.json,summary.json,timing_evidence,Parsed top-level/overall metrics; timings_sec.wall_total treated as full eval/inference wall if present.
G:/GitHub/Latent_Style,2026-06-02,LANCET/LBM,strict_protocol_750,strict_protocol_750,,live_wsl_png750_b12_nogrid,full_eval,,,,,,,,,,,,,,50.198929202,s,50.198929202 s internal timings_sec.wall_total,3.91,,,SchrodingerBridge/exp/timing_20260602/live_wsl_png750_b12_nogrid/summary.json,summary.json,timing_evidence,Parsed top-level/overall metrics; timings_sec.wall_total treated as full eval/inference wall if present.
G:/GitHub/Latent_Style,2026-06-02,LANCET/LBM,strict_protocol_750,strict_protocol_750,,run_eval_png750_b12_v2_w8_grid,full_eval,,,,,,,,,,,,,,70.11673331500003,s,70.11673331500003 s internal timings_sec.wall_total,3.91,,,SchrodingerBridge/exp/timing_20260602/run_eval_png750_b12_v2_w8_grid/summary.json,summary.json,timing_evidence,Parsed top-level/overall metrics; timings_sec.wall_total treated as full eval/inference wall if present.
G:/GitHub/Latent_Style,2026-06-02,LANCET/LBM,strict_protocol_750,strict_protocol_750,,run_eval_png750_b12_v2_w8_nogrid,full_eval,,,,,,,,,,,,,,46.791428548,s,46.791428548 s internal timings_sec.wall_total,3.91,,,SchrodingerBridge/exp/timing_20260602/run_eval_png750_b12_v2_w8_nogrid/summary.json,summary.json,timing_evidence,Parsed top-level/overall metrics; timings_sec.wall_total treated as full eval/inference wall if present.
G:/GitHub/Latent_Style,,LANCET,WikiArt512 / 3600 per style,wikiart512_5style,512,LANCET hist b32 e8,full,,0.7922978092034658,0.3550378331343333,,,,,,,350.2084875218386,0.7,m,0.7m,,,,3.91,,,G:\GitHub\Latent_Style\SchrodingerBridge\exp\local_wsl_wikiart512_hist_b32_e8\full_eval_epoch_0008_b2_opt_nocls\summary.json,artfid_comparison_points,metric_evidence,ArtFID comparison point; train time preserved from train_time_label.
G:/GitHub/Latent_Style,,LANCET,WikiArt512 / 3600 per style,wikiart512_5style,512,LANCET hist b32 e8,transfer,,0.7852639506260554,0.3557362271596988,,,,,,,404.2144887592864,0.7,m,0.7m,,,,3.91,,,G:\GitHub\Latent_Style\SchrodingerBridge\exp\local_wsl_wikiart512_hist_b32_e8\full_eval_epoch_0008_b2_opt_nocls\summary.json,artfid_comparison_points,metric_evidence,ArtFID comparison point; train time preserved from train_time_label.
G:/GitHub/Latent_Style,,SaMAM,WikiArt512 / 3600 per style,wikiart512_5style,512,SaMAM best-style (5k),full,,0.7912443998654684,0.28329175086666664,,,,,,,289.12667544442655,2.1,h,2.1h,,,,,,,G:\GitHub\Latent_Style\Related_Works\baseline_pipeline\results\samam_wsl_mamba_512_scratch_clean_silent_b1_20k\formal_eval_750\step_005000\summary.json,artfid_comparison_points,metric_evidence,ArtFID comparison point; train time preserved from train_time_label.
G:/GitHub/Latent_Style,,SaMAM,WikiArt512 / 3600 per style,wikiart512_5style,512,SaMAM best-style (5k),transfer,,0.7845889044801393,0.2833103877333334,,,,,,,343.37426300387875,2.1,h,2.1h,,,,,,,G:\GitHub\Latent_Style\Related_Works\baseline_pipeline\results\samam_wsl_mamba_512_scratch_clean_silent_b1_20k\formal_eval_750\step_005000\summary.json,artfid_comparison_points,metric_evidence,ArtFID comparison point; train time preserved from train_time_label.
G:/GitHub/Latent_Style,,SaMAM,WikiArt512 / 3600 per style,wikiart512_5style,512,SaMAM best-content (10k),full,,0.7850886265436807,0.16433595481733335,,,,,,,254.39062778771137,4.4,h,4.4h,,,,,,,G:\GitHub\Latent_Style\Related_Works\baseline_pipeline\results\samam_wsl_mamba_512_scratch_clean_silent_b1_20k\formal_eval_750\step_010000\summary.json,artfid_comparison_points,metric_evidence,ArtFID comparison point; train time preserved from train_time_label.
G:/GitHub/Latent_Style,,SaMAM,WikiArt512 / 3600 per style,wikiart512_5style,512,SaMAM best-content (10k),transfer,,0.7773564200599988,0.16439261076166667,,,,,,,328.58145188042766,4.4,h,4.4h,,,,,,,G:\GitHub\Latent_Style\Related_Works\baseline_pipeline\results\samam_wsl_mamba_512_scratch_clean_silent_b1_20k\formal_eval_750\step_010000\summary.json,artfid_comparison_points,metric_evidence,ArtFID comparison point; train time preserved from train_time_label.
G:/GitHub/Latent_Style,,SaMST,WikiArt512 / 3600 per style,wikiart512_5style,512,SaMST e5,full,,0.773973307609558,0.6123956792533333,,,,,,,426.6529968076026,4.2,h,4.2h,,,,6,,,G:\GitHub\Latent_Style\Related_Works\baseline_pipeline\results\timing_20260602\samst_wikiart512_curve_midpoints\epoch_0005\summary.json,artfid_comparison_points,metric_evidence,ArtFID comparison point; train time preserved from train_time_label.
G:/GitHub/Latent_Style,,SaMST,WikiArt512 / 3600 per style,wikiart512_5style,512,SaMST e5,transfer,,0.7687445387244225,0.6121340467499999,,,,,,,444.2399203067613,4.2,h,4.2h,,,,6,,,G:\GitHub\Latent_Style\Related_Works\baseline_pipeline\results\timing_20260602\samst_wikiart512_curve_midpoints\epoch_0005\summary.json,artfid_comparison_points,metric_evidence,ArtFID comparison point; train time preserved from train_time_label.
G:/GitHub/Latent_Style,,SaMST,WikiArt512 / 3600 per style,wikiart512_5style,512,SaMST e10,full,,0.7745031952063244,0.6108974266133333,,,,,,,426.19807589160456,8.3,h,8.3h,,,,6,,,G:\GitHub\Latent_Style\Related_Works\baseline_pipeline\results\timing_20260602\samst_wikiart512_curve_midpoints\epoch_0010\summary.json,artfid_comparison_points,metric_evidence,ArtFID comparison point; train time preserved from train_time_label.
G:/GitHub/Latent_Style,,SaMST,WikiArt512 / 3600 per style,wikiart512_5style,512,SaMST e10,transfer,,0.7688595057527224,0.6106467537666668,,,,,,,444.65943001870994,8.3,h,8.3h,,,,6,,,G:\GitHub\Latent_Style\Related_Works\baseline_pipeline\results\timing_20260602\samst_wikiart512_curve_midpoints\epoch_0010\summary.json,artfid_comparison_points,metric_evidence,ArtFID comparison point; train time preserved from train_time_label.
G:/GitHub/Latent_Style,,SaMST,WikiArt512 / 3600 per style,wikiart512_5style,512,SaMST e15,full,,0.7767400147120159,0.6088616661733334,,,,,,,421.3698495410816,12.3,h,12.3h,,,,6,,,G:\GitHub\Latent_Style\Related_Works\baseline_pipeline\results\timing_20260602\samst_wikiart512_epoch15_generate750_png\epoch_0015\summary.json,artfid_comparison_points,metric_evidence,ArtFID comparison point; train time preserved from train_time_label.
G:/GitHub/Latent_Style,,SaMST,WikiArt512 / 3600 per style,wikiart512_5style,512,SaMST e15,transfer,,0.7710875839988389,0.6085886559,,,,,,,441.68304609634197,12.3,h,12.3h,,,,6,,,G:\GitHub\Latent_Style\Related_Works\baseline_pipeline\results\timing_20260602\samst_wikiart512_epoch15_generate750_png\epoch_0015\summary.json,artfid_comparison_points,metric_evidence,ArtFID comparison point; train time preserved from train_time_label.
G:/GitHub/Latent_Style,,idt,WikiArt512 / 3600 per style,wikiart512_5style,512,idt,full,,0.7815262297789255,0.0,,,,,,,211.60215436533116,,,ref,,,,,,,G:\GitHub\Latent_Style\SchrodingerBridge\docs\experiments\idt_eval_20260602\wikiart512_5style\idt_5x5\summary.json,artfid_comparison_points,metric_evidence,ArtFID comparison point; train time preserved from train_time_label.
G:/GitHub/Latent_Style,,idt,WikiArt512 / 3600 per style,wikiart512_5style,512,idt,transfer,,0.7730244772632916,0.0,,,,,,,312.6146369027132,,,ref,,,,,,,G:\GitHub\Latent_Style\SchrodingerBridge\docs\experiments\idt_eval_20260602\wikiart512_5style\idt_5x5\summary.json,artfid_comparison_points,metric_evidence,ArtFID comparison point; train time preserved from train_time_label.
G:/GitHub/Latent_Style,2026-06-01,LANCET/LBM,wikiart512_5style,wikiart512_5style,512,eval150_b2_nocompile,full_eval,150,0.8023973890145619,0.3580983473857244,0.9252081533273061,,,,,,,,,,65.87985914400002,s,65.87985914400002 s internal timings_sec.wall_total,3.91,,,SchrodingerBridge/exp/local_wsl_wikiart512_hist_b32_e8/eval150_b2_nocompile/summary.json,summary.json,metric_evidence,Parsed top-level/overall metrics; timings_sec.wall_total treated as full eval/inference wall if present.
G:/GitHub/Latent_Style,2026-06-01,LANCET/LBM,wikiart512_5style,wikiart512_5style,512,eval150_b2_onnx_cuda,full_eval,150,0.8023281939824423,0.3580892467498779,0.9251610227425893,,,,,,,,,,59.171485063000006,s,59.171485063000006 s internal timings_sec.wall_total,3.91,,,SchrodingerBridge/exp/local_wsl_wikiart512_hist_b32_e8/eval150_b2_onnx_cuda/summary.json,summary.json,metric_evidence,Parsed top-level/overall metrics; timings_sec.wall_total treated as full eval/inference wall if present.
G:/GitHub/Latent_Style,2026-06-01,LANCET/LBM,wikiart512_5style,wikiart512_5style,512,eval150_b4_gpuclip_nocompile,full_eval,150,0.8027887801329295,0.35809645215670266,0.9243914671738942,,,,,,,,,,81.75260542100001,s,81.75260542100001 s internal timings_sec.wall_total,3.91,,,SchrodingerBridge/exp/local_wsl_wikiart512_hist_b32_e8/eval150_b4_gpuclip_nocompile/summary.json,summary.json,metric_evidence,Parsed top-level/overall metrics; timings_sec.wall_total treated as full eval/inference wall if present.
G:/GitHub/Latent_Style,2026-06-01,LANCET/LBM,wikiart512_5style,wikiart512_5style,512,full_eval_epoch_0008_b2_onnx_cuda_nosave,full_eval,750,0.7922720431486766,0.3550324852267901,0.9179918785889943,,,,,,,,,,234.72677412100006,s,234.72677412100006 s internal timings_sec.wall_total,3.91,,,SchrodingerBridge/exp/local_wsl_wikiart512_hist_b32_e8/full_eval_epoch_0008_b2_onnx_cuda_nosave/summary.json,summary.json,metric_evidence,Parsed top-level/overall metrics; timings_sec.wall_total treated as full eval/inference wall if present.
G:/GitHub/Latent_Style,2026-06-01,LANCET/LBM,wikiart512_5style,wikiart512_5style,512,full_eval_epoch_0008_b2_opt_nocls,full_eval,750,0.7922978092034658,0.3550378331343333,0.918000604391098,,,,,,,,,,206.792325715,s,206.792325715 s internal timings_sec.wall_total,3.91,,,SchrodingerBridge/exp/local_wsl_wikiart512_hist_b32_e8/full_eval_epoch_0008_b2_opt_nocls/summary.json,summary.json,metric_evidence,Parsed top-level/overall metrics; timings_sec.wall_total treated as full eval/inference wall if present.
G:/GitHub/Latent_Style,2026-06-01,LANCET/LBM,wikiart512_5style,wikiart512_5style,512,full_eval_epoch_0008_b4_jit_nosave,full_eval,750,0.792329665740331,0.3550366922815641,0.9180150276025136,,,,,,,,,,227.806470328,s,227.806470328 s internal timings_sec.wall_total,3.91,,,SchrodingerBridge/exp/local_wsl_wikiart512_hist_b32_e8/full_eval_epoch_0008_b4_jit_nosave/summary.json,summary.json,metric_evidence,Parsed top-level/overall metrics; timings_sec.wall_total treated as full eval/inference wall if present.
G:/GitHub/Latent_Style,2026-06-01,LANCET/LBM,wikiart512_5style,wikiart512_5style,512,full_eval_epoch_0008_b4_jit_nosave_cpuclipfix,full_eval,750,0.7923357907136281,0.3550360063711802,0.9180249639352163,,,,,,,,,,231.41166038700004,s,231.41166038700004 s internal timings_sec.wall_total,3.91,,,SchrodingerBridge/exp/local_wsl_wikiart512_hist_b32_e8/full_eval_epoch_0008_b4_jit_nosave_cpuclipfix/summary.json,summary.json,metric_evidence,Parsed top-level/overall metrics; timings_sec.wall_total treated as full eval/inference wall if present.
G:/GitHub/Latent_Style,2026-06-01,LANCET/LBM,wikiart512_5style,wikiart512_5style,512,local_wsl_wikiart512_hist_b32_e8,,,,,,,,,,,,,,,53.19,s,53.19 s (WALL_SECONDS=53.19),3.91,,,SchrodingerBridge/exp/local_wsl_wikiart512_hist_b32_e8/train_stdout.log,text_timing_regex,timing_evidence,Timing regex hit in text/log; inspect source for exact stage.
G:/GitHub/Latent_Style,2026-06-02,LANCET/LBM,wikiart512_5style,wikiart512_5style,512,idt_5x5,full_eval,,,,,,,,,,,,,,32.021122200007085,s,32.021122200007085 s internal timings_sec.wall_total,3.91,,,SchrodingerBridge/docs/experiments/idt_eval_20260602/wikiart512_5style/idt_5x5/summary.json,summary.json,timing_evidence,Parsed top-level/overall metrics; timings_sec.wall_total treated as full eval/inference wall if present.
I:\,2026-06-03,LANCET/LBM,wikiart512_5style,wikiart512_5style,512,idt_5x5,full_eval_or_summary,,,,,,,,,,,,,,32.021122200007085,s,32.021122200007085 s timings_sec.wall_total,,,summary_found,I:\Github\Latent_Style_TokenizerClean\SchrodingerBridge\docs\experiments\idt_eval_20260602\wikiart512_5style\idt_5x5\summary.json,remote_summary_json_curated,timing_evidence,Remote curated summary.json after experiment-path filter.
G:/GitHub/Latent_Style,2026-06-05,LBM,Distinct5-512 same-cost,distinct5_512,512,step_000350,transfer,750,0.6629465200,0.3376801931,,,,,,,,1.8633,m,1.9m,84.38,s,112.51 ms/img (84.38 s / 750),3.91,RTX 4070 local WSL,closed_same_cost_packet,G:/GitHub/Latent_Style/SchrodingerBridge/exp/local_wsl_distinct5_512_ema_k_b16_step2min_v350/full_eval/step_000350/summary.json,summary.json,timing_evidence,Closed same-cost Distinct5 row; metrics from the reviewed summary and inference from the checkpoint-synchronized generation-only timing packet.
G:/GitHub/Latent_Style,2026-06-05,SaMAM,Distinct5-512 same-cost,distinct5_512,512,step_000016,transfer,750,0.5016368766,0.9452449672,,,,,,,,2.1597,m,2.2m,109.16,s,145.55 ms/img (109.16 s / 750),,RTX 4070 local WSL,closed_same_cost_packet,G:/GitHub/Latent_Style/Related_Works/baseline_pipeline/results/samam_distinct5_512_wsl_b4_stepalign16_ckpt_20260605_045139/sb_eval_step16_timed_r1/step_000016/summary.json,summary.json,timing_evidence,Closed same-cost Distinct5 row fixed at user-selected step 16.
G:/GitHub/Latent_Style,2026-06-05,SaMST,Distinct5-512 same-cost,distinct5_512,512,step_000040_per_style,transfer,750,0.6565460857,0.7487348509,,,,,,,,2.0067,m,2.0m,345.68,s,460.91 ms/img (345.68 s / 750),,RTX 4070 local WSL,closed_same_cost_packet,G:/GitHub/Latent_Style/Related_Works/baseline_pipeline/results/samst_distinct5_512_wsl_b6_stepalign40_r2_20260605/sb_eval_step40_timed/step_000040/summary.json,summary.json,timing_evidence,Closed same-cost Distinct5 row under the original 256-train-resolution step-40-per-style setting.
G:/GitHub/Latent_Style,2026-06-05,SaMST,Distinct5-512 remote step packet,distinct5_512,512,step_000040_per_style_remote3060,transfer,750,0.65356306374073,0.7446211902,,,,,,,543.867156652311,17.8200,m,17.8m,382.182,s,509.58 ms/img (382.182 s / 750),,RTX 3060 remote WSL,landed_remote_packet,G:/GitHub/Latent_Style/Related_Works/baseline_pipeline/results/samst_distinct5_512_wsl_stepalign40_remote_20260605_r1/eval_bundle/eval_step_000040_full/step_000040_full/summary.json,summary.json,timing_evidence,Remote 3060 WSL step-40-per-style packet landed after syncing the reviewed local SaMST helpers; targetwise transfer ArtFID was derived from the retained summary matrix because this branch did not emit aggregate_targetwise_artfid.json.
