{
  "checkpoint": "/mnt/g/GitHub/Latent_Style/Cycle-NCE/style_ablation-50/loss_no_color_moment/epoch_0050.pt",
  "timestamp": "2026-02-14 17:36:51",
  "matrix_breakdown": {
    "photo": {
      "photo": {
        "count": 50,
        "clip_style": 0.6269954478740692,
        "style_lpips": 0.7443037366867066,
        "content_lpips": 0.401445587,
        "clip_content": 0.8023023212,
        "classifier_acc": 0.98
      },
      "Hayao": {
        "count": 50,
        "clip_style": 0.5372678399085998,
        "style_lpips": 0.7601339948177338,
        "content_lpips": 0.4234589772,
        "clip_content": 0.7642010272,
        "classifier_acc": 0.08
      }
    },
    "Hayao": {
      "photo": {
        "count": 50,
        "clip_style": 0.448531094789505,
        "style_lpips": 0.7845784080028534,
        "content_lpips": 0.305015016,
        "clip_content": 0.8782619166,
        "classifier_acc": 0.08
      },
      "Hayao": {
        "count": 50,
        "clip_style": 0.7024352633953095,
        "style_lpips": 0.7124927258491516,
        "content_lpips": 0.3110234482,
        "clip_content": 0.866995979,
        "classifier_acc": 0.92
      }
    }
  },
  "analysis": {
    "style_transfer_ability": {
      "clip_style": 0.49289946734905243,
      "content_lpips": 0.3642369966,
      "classifier_acc": 0.08
    },
    "photo_to_art_performance": {
      "clip_style": 0.5372678399085998,
      "valid": true,
      "classifier_acc": 0.08
    }
  },
  "classification_report": {
    "Hayao": {
      "precision": 0.5154639175257731,
      "recall": 0.5,
      "f1-score": 0.5076142131979695,
      "support": 100.0
    },
    "photo": {
      "precision": 0.5145631067961165,
      "recall": 0.53,
      "f1-score": 0.5221674876847291,
      "support": 100.0
    },
    "accuracy": 0.515,
    "macro avg": {
      "precision": 0.5150135121609448,
      "recall": 0.515,
      "f1-score": 0.5148908504413493,
      "support": 200.0
    },
    "weighted avg": {
      "precision": 0.5150135121609448,
      "recall": 0.515,
      "f1-score": 0.5148908504413493,
      "support": 200.0
    }
  },
  "detailed_style_metrics": {
    "Hayao": {
      "precision": 0.5154639175257731,
      "recall": 0.5,
      "f1_score": 0.5076142131979695,
      "support": 100
    },
    "photo": {
      "precision": 0.5145631067961165,
      "recall": 0.53,
      "f1_score": 0.5221674876847291,
      "support": 100
    }
  }
}