{
  "checkpoint": "G:\\GitHub\\Latent_Style\\Cycle-NCE\\ssim-optun-nce\\trial_0250\\epoch_0001.pt",
  "timestamp": "2026-02-20 14:35:31",
  "matrix_breakdown": {
    "photo": {
      "photo": {
        "count": 10,
        "style_swd": 2.021881413459778,
        "content_ssim": 0.318074764,
        "classifier_acc": null
      },
      "Hayao": {
        "count": 10,
        "style_swd": 2.4680278807878495,
        "content_ssim": 0.310258031,
        "classifier_acc": null
      },
      "monet": {
        "count": 10,
        "style_swd": 1.0665158540010453,
        "content_ssim": 0.30904918800000003,
        "classifier_acc": null
      },
      "cezanne": {
        "count": 10,
        "style_swd": 1.1747619837522507,
        "content_ssim": 0.268245896,
        "classifier_acc": null
      },
      "vangogh": {
        "count": 10,
        "style_swd": 2.4220630645751955,
        "content_ssim": 0.32500259400000003,
        "classifier_acc": null
      }
    },
    "Hayao": {
      "photo": {
        "count": 10,
        "style_swd": 2.0694606006145477,
        "content_ssim": 0.489654702,
        "classifier_acc": null
      },
      "Hayao": {
        "count": 10,
        "style_swd": 2.3335675626993178,
        "content_ssim": 0.5108301749999999,
        "classifier_acc": null
      },
      "monet": {
        "count": 10,
        "style_swd": 1.0601764619350433,
        "content_ssim": 0.5119720419999999,
        "classifier_acc": null
      },
      "cezanne": {
        "count": 10,
        "style_swd": 1.0618484288454055,
        "content_ssim": 0.390391174,
        "classifier_acc": null
      },
      "vangogh": {
        "count": 10,
        "style_swd": 2.156833291053772,
        "content_ssim": 0.5516595219999999,
        "classifier_acc": null
      }
    },
    "monet": {
      "photo": {
        "count": 10,
        "style_swd": 2.0429865062236785,
        "content_ssim": 0.35778537499999996,
        "classifier_acc": null
      },
      "Hayao": {
        "count": 10,
        "style_swd": 2.4880740344524384,
        "content_ssim": 0.37550264800000005,
        "classifier_acc": null
      },
      "monet": {
        "count": 10,
        "style_swd": 0.979688036441803,
        "content_ssim": 0.342796808,
        "classifier_acc": null
      },
      "cezanne": {
        "count": 10,
        "style_swd": 1.1084580630064012,
        "content_ssim": 0.24791727800000002,
        "classifier_acc": null
      },
      "vangogh": {
        "count": 10,
        "style_swd": 2.240417557954788,
        "content_ssim": 0.343715922,
        "classifier_acc": null
      }
    },
    "cezanne": {
      "photo": {
        "count": 10,
        "style_swd": 1.8576800584793092,
        "content_ssim": 0.386824866,
        "classifier_acc": null
      },
      "Hayao": {
        "count": 10,
        "style_swd": 2.2874644845724106,
        "content_ssim": 0.430142216,
        "classifier_acc": null
      },
      "monet": {
        "count": 10,
        "style_swd": 0.9717551350593567,
        "content_ssim": 0.419635494,
        "classifier_acc": null
      },
      "cezanne": {
        "count": 10,
        "style_swd": 1.0532210916280746,
        "content_ssim": 0.31713358300000005,
        "classifier_acc": null
      },
      "vangogh": {
        "count": 10,
        "style_swd": 2.0357935070991515,
        "content_ssim": 0.4343012,
        "classifier_acc": null
      }
    },
    "vangogh": {
      "photo": {
        "count": 10,
        "style_swd": 1.854873663187027,
        "content_ssim": 0.31357193800000005,
        "classifier_acc": null
      },
      "Hayao": {
        "count": 10,
        "style_swd": 2.4167060792446136,
        "content_ssim": 0.351756812,
        "classifier_acc": null
      },
      "monet": {
        "count": 10,
        "style_swd": 1.0451959073543549,
        "content_ssim": 0.32358946800000005,
        "classifier_acc": null
      },
      "cezanne": {
        "count": 10,
        "style_swd": 1.2695280611515045,
        "content_ssim": 0.2239027266,
        "classifier_acc": null
      },
      "vangogh": {
        "count": 10,
        "style_swd": 1.949465525150299,
        "content_ssim": 0.324325434,
        "classifier_acc": null
      }
    }
  },
  "analysis": {
    "style_transfer_ability": {
      "style_swd": 1.7549310311675073,
      "content_ssim": 0.3682439546299999,
      "classifier_acc": 0.0
    },
    "photo_to_art_performance": {
      "style_swd": 1.7828421957790852,
      "valid": true,
      "classifier_acc": 0.0
    }
  },
  "classification_report": null,
  "detailed_style_metrics": {}
}