{
  "checkpoint": "G:\\GitHub\\Latent_Style\\Cycle-NCE\\ssim-optun-nce\\trial_0222\\epoch_0001.pt",
  "timestamp": "2026-02-20 12:52:46",
  "matrix_breakdown": {
    "photo": {
      "photo": {
        "count": 10,
        "style_swd": 1.8912746787071228,
        "content_ssim": 0.33351550199999996,
        "classifier_acc": null
      },
      "Hayao": {
        "count": 10,
        "style_swd": 2.1695980459451674,
        "content_ssim": 0.348830901,
        "classifier_acc": null
      },
      "monet": {
        "count": 10,
        "style_swd": 1.1437649935483933,
        "content_ssim": 0.329310914,
        "classifier_acc": null
      },
      "cezanne": {
        "count": 10,
        "style_swd": 1.1672305285930633,
        "content_ssim": 0.29406703300000003,
        "classifier_acc": null
      },
      "vangogh": {
        "count": 10,
        "style_swd": 2.188669055700302,
        "content_ssim": 0.309507215,
        "classifier_acc": null
      }
    },
    "Hayao": {
      "photo": {
        "count": 10,
        "style_swd": 1.897491639852524,
        "content_ssim": 0.49183368199999994,
        "classifier_acc": null
      },
      "Hayao": {
        "count": 10,
        "style_swd": 2.0789517223834992,
        "content_ssim": 0.530565978,
        "classifier_acc": null
      },
      "monet": {
        "count": 10,
        "style_swd": 1.1480197429656982,
        "content_ssim": 0.5557004429999999,
        "classifier_acc": null
      },
      "cezanne": {
        "count": 10,
        "style_swd": 1.252487912774086,
        "content_ssim": 0.52057304,
        "classifier_acc": null
      },
      "vangogh": {
        "count": 10,
        "style_swd": 2.2687542140483856,
        "content_ssim": 0.509791459,
        "classifier_acc": null
      }
    },
    "monet": {
      "photo": {
        "count": 10,
        "style_swd": 1.9166461169719695,
        "content_ssim": 0.32227085699999997,
        "classifier_acc": null
      },
      "Hayao": {
        "count": 10,
        "style_swd": 2.3622179716825484,
        "content_ssim": 0.4118207320000001,
        "classifier_acc": null
      },
      "monet": {
        "count": 10,
        "style_swd": 1.1954783201217651,
        "content_ssim": 0.346024452,
        "classifier_acc": null
      },
      "cezanne": {
        "count": 10,
        "style_swd": 1.0204657375812531,
        "content_ssim": 0.27808853099999997,
        "classifier_acc": null
      },
      "vangogh": {
        "count": 10,
        "style_swd": 2.2025184512138365,
        "content_ssim": 0.32447724099999997,
        "classifier_acc": null
      }
    },
    "cezanne": {
      "photo": {
        "count": 10,
        "style_swd": 1.8060025513172149,
        "content_ssim": 0.400881445,
        "classifier_acc": null
      },
      "Hayao": {
        "count": 10,
        "style_swd": 1.9872134506702424,
        "content_ssim": 0.491376918,
        "classifier_acc": null
      },
      "monet": {
        "count": 10,
        "style_swd": 1.1752393156290055,
        "content_ssim": 0.435336545,
        "classifier_acc": null
      },
      "cezanne": {
        "count": 10,
        "style_swd": 1.0189245223999024,
        "content_ssim": 0.364351042,
        "classifier_acc": null
      },
      "vangogh": {
        "count": 10,
        "style_swd": 2.1636950790882112,
        "content_ssim": 0.409106492,
        "classifier_acc": null
      }
    },
    "vangogh": {
      "photo": {
        "count": 10,
        "style_swd": 1.9980329275131226,
        "content_ssim": 0.285214866,
        "classifier_acc": null
      },
      "Hayao": {
        "count": 10,
        "style_swd": 1.6568474769592285,
        "content_ssim": 0.401238752,
        "classifier_acc": null
      },
      "monet": {
        "count": 10,
        "style_swd": 1.1707230478525161,
        "content_ssim": 0.32039227300000006,
        "classifier_acc": null
      },
      "cezanne": {
        "count": 10,
        "style_swd": 0.9952914297580719,
        "content_ssim": 0.27536032600000004,
        "classifier_acc": null
      },
      "vangogh": {
        "count": 10,
        "style_swd": 2.0095747292041777,
        "content_ssim": 0.29862636,
        "classifier_acc": null
      }
    }
  },
  "analysis": {
    "style_transfer_ability": {
      "style_swd": 1.6845454844832422,
      "content_ssim": 0.3857589832500001,
      "classifier_acc": 0.0
    },
    "photo_to_art_performance": {
      "style_swd": 1.6673156559467315,
      "valid": true,
      "classifier_acc": 0.0
    }
  },
  "classification_report": null,
  "detailed_style_metrics": {}
}