{
  "num_rounds": 1,
  "latest": {
    "epoch": 100,
    "summary_path": "..\\master_sweep_03_cap_192\\full_eval\\epoch_0100\\summary.json",
    "transfer_clip_style": 0.6713886881868045,
    "transfer_content_lpips": 0.4503596424166667,
    "transfer_fid": 301.2343524640531,
    "transfer_art_fid": 447.6161797215591,
    "transfer_classifier_acc": 0.0,
    "photo_to_art_clip_style": 0.6511959547797839,
    "photo_to_art_fid": 301.2343524640531,
    "photo_to_art_art_fid": 447.6161797215591,
    "photo_to_art_classifier_acc": 0.0
  },
  "mean": {
    "transfer_clip_style": 0.6713886881868045,
    "transfer_content_lpips": 0.4503596424166667,
    "transfer_fid": 301.2343524640531,
    "transfer_art_fid": 447.6161797215591,
    "transfer_classifier_acc": 0.0,
    "photo_to_art_clip_style": 0.6511959547797839,
    "photo_to_art_fid": 301.2343524640531,
    "photo_to_art_art_fid": 447.6161797215591,
    "photo_to_art_classifier_acc": 0.0
  },
  "best": {
    "best_transfer_classifier_acc": {
      "epoch": 100,
      "summary_path": "..\\master_sweep_03_cap_192\\full_eval\\epoch_0100\\summary.json",
      "transfer_clip_style": 0.6713886881868045,
      "transfer_content_lpips": 0.4503596424166667,
      "transfer_fid": 301.2343524640531,
      "transfer_art_fid": 447.6161797215591,
      "transfer_classifier_acc": 0.0,
      "photo_to_art_clip_style": 0.6511959547797839,
      "photo_to_art_fid": 301.2343524640531,
      "photo_to_art_art_fid": 447.6161797215591,
      "photo_to_art_classifier_acc": 0.0
    },
    "best_transfer_clip_style": {
      "epoch": 100,
      "summary_path": "..\\master_sweep_03_cap_192\\full_eval\\epoch_0100\\summary.json",
      "transfer_clip_style": 0.6713886881868045,
      "transfer_content_lpips": 0.4503596424166667,
      "transfer_fid": 301.2343524640531,
      "transfer_art_fid": 447.6161797215591,
      "transfer_classifier_acc": 0.0,
      "photo_to_art_clip_style": 0.6511959547797839,
      "photo_to_art_fid": 301.2343524640531,
      "photo_to_art_art_fid": 447.6161797215591,
      "photo_to_art_classifier_acc": 0.0
    },
    "best_transfer_fid": {
      "epoch": 100,
      "summary_path": "..\\master_sweep_03_cap_192\\full_eval\\epoch_0100\\summary.json",
      "transfer_clip_style": 0.6713886881868045,
      "transfer_content_lpips": 0.4503596424166667,
      "transfer_fid": 301.2343524640531,
      "transfer_art_fid": 447.6161797215591,
      "transfer_classifier_acc": 0.0,
      "photo_to_art_clip_style": 0.6511959547797839,
      "photo_to_art_fid": 301.2343524640531,
      "photo_to_art_art_fid": 447.6161797215591,
      "photo_to_art_classifier_acc": 0.0
    },
    "best_transfer_art_fid": {
      "epoch": 100,
      "summary_path": "..\\master_sweep_03_cap_192\\full_eval\\epoch_0100\\summary.json",
      "transfer_clip_style": 0.6713886881868045,
      "transfer_content_lpips": 0.4503596424166667,
      "transfer_fid": 301.2343524640531,
      "transfer_art_fid": 447.6161797215591,
      "transfer_classifier_acc": 0.0,
      "photo_to_art_clip_style": 0.6511959547797839,
      "photo_to_art_fid": 301.2343524640531,
      "photo_to_art_art_fid": 447.6161797215591,
      "photo_to_art_classifier_acc": 0.0
    },
    "best_photo_to_art_classifier_acc": {
      "epoch": 100,
      "summary_path": "..\\master_sweep_03_cap_192\\full_eval\\epoch_0100\\summary.json",
      "transfer_clip_style": 0.6713886881868045,
      "transfer_content_lpips": 0.4503596424166667,
      "transfer_fid": 301.2343524640531,
      "transfer_art_fid": 447.6161797215591,
      "transfer_classifier_acc": 0.0,
      "photo_to_art_clip_style": 0.6511959547797839,
      "photo_to_art_fid": 301.2343524640531,
      "photo_to_art_art_fid": 447.6161797215591,
      "photo_to_art_classifier_acc": 0.0
    },
    "best_photo_to_art_clip_style": {
      "epoch": 100,
      "summary_path": "..\\master_sweep_03_cap_192\\full_eval\\epoch_0100\\summary.json",
      "transfer_clip_style": 0.6713886881868045,
      "transfer_content_lpips": 0.4503596424166667,
      "transfer_fid": 301.2343524640531,
      "transfer_art_fid": 447.6161797215591,
      "transfer_classifier_acc": 0.0,
      "photo_to_art_clip_style": 0.6511959547797839,
      "photo_to_art_fid": 301.2343524640531,
      "photo_to_art_art_fid": 447.6161797215591,
      "photo_to_art_classifier_acc": 0.0
    },
    "best_photo_to_art_fid": {
      "epoch": 100,
      "summary_path": "..\\master_sweep_03_cap_192\\full_eval\\epoch_0100\\summary.json",
      "transfer_clip_style": 0.6713886881868045,
      "transfer_content_lpips": 0.4503596424166667,
      "transfer_fid": 301.2343524640531,
      "transfer_art_fid": 447.6161797215591,
      "transfer_classifier_acc": 0.0,
      "photo_to_art_clip_style": 0.6511959547797839,
      "photo_to_art_fid": 301.2343524640531,
      "photo_to_art_art_fid": 447.6161797215591,
      "photo_to_art_classifier_acc": 0.0
    },
    "best_photo_to_art_art_fid": {
      "epoch": 100,
      "summary_path": "..\\master_sweep_03_cap_192\\full_eval\\epoch_0100\\summary.json",
      "transfer_clip_style": 0.6713886881868045,
      "transfer_content_lpips": 0.4503596424166667,
      "transfer_fid": 301.2343524640531,
      "transfer_art_fid": 447.6161797215591,
      "transfer_classifier_acc": 0.0,
      "photo_to_art_clip_style": 0.6511959547797839,
      "photo_to_art_fid": 301.2343524640531,
      "photo_to_art_art_fid": 447.6161797215591,
      "photo_to_art_classifier_acc": 0.0
    },
    "best_transfer_content_lpips": {
      "epoch": 100,
      "summary_path": "..\\master_sweep_03_cap_192\\full_eval\\epoch_0100\\summary.json",
      "transfer_clip_style": 0.6713886881868045,
      "transfer_content_lpips": 0.4503596424166667,
      "transfer_fid": 301.2343524640531,
      "transfer_art_fid": 447.6161797215591,
      "transfer_classifier_acc": 0.0,
      "photo_to_art_clip_style": 0.6511959547797839,
      "photo_to_art_fid": 301.2343524640531,
      "photo_to_art_art_fid": 447.6161797215591,
      "photo_to_art_classifier_acc": 0.0
    }
  },
  "rounds": [
    {
      "epoch": 100,
      "summary_path": "..\\master_sweep_03_cap_192\\full_eval\\epoch_0100\\summary.json",
      "transfer_clip_style": 0.6713886881868045,
      "transfer_content_lpips": 0.4503596424166667,
      "transfer_fid": 301.2343524640531,
      "transfer_art_fid": 447.6161797215591,
      "transfer_classifier_acc": 0.0,
      "photo_to_art_clip_style": 0.6511959547797839,
      "photo_to_art_fid": 301.2343524640531,
      "photo_to_art_art_fid": 447.6161797215591,
      "photo_to_art_classifier_acc": 0.0
    }
  ],
  "updated_at": "2026-02-27 20:15:36"
}