{
  "num_rounds": 1,
  "latest": {
    "epoch": 60,
    "summary_path": "..\\exp_D_impasto_tv\\full_eval\\epoch_0060\\summary.json",
    "transfer_clip_style": 0.6548529360195002,
    "transfer_content_lpips": 0.36559058871666666,
    "transfer_fid": 289.2446408986399,
    "transfer_art_fid": 404.13603481943886,
    "transfer_classifier_acc": 0.0,
    "photo_to_art_clip_style": 0.622545929501454,
    "photo_to_art_fid": 289.2446408986399,
    "photo_to_art_art_fid": 404.13603481943886,
    "photo_to_art_classifier_acc": 0.0
  },
  "mean": {
    "transfer_clip_style": 0.6548529360195002,
    "transfer_content_lpips": 0.36559058871666666,
    "transfer_fid": 289.2446408986399,
    "transfer_art_fid": 404.13603481943886,
    "transfer_classifier_acc": 0.0,
    "photo_to_art_clip_style": 0.622545929501454,
    "photo_to_art_fid": 289.2446408986399,
    "photo_to_art_art_fid": 404.13603481943886,
    "photo_to_art_classifier_acc": 0.0
  },
  "best": {
    "best_transfer_classifier_acc": {
      "epoch": 60,
      "summary_path": "..\\exp_D_impasto_tv\\full_eval\\epoch_0060\\summary.json",
      "transfer_clip_style": 0.6548529360195002,
      "transfer_content_lpips": 0.36559058871666666,
      "transfer_fid": 289.2446408986399,
      "transfer_art_fid": 404.13603481943886,
      "transfer_classifier_acc": 0.0,
      "photo_to_art_clip_style": 0.622545929501454,
      "photo_to_art_fid": 289.2446408986399,
      "photo_to_art_art_fid": 404.13603481943886,
      "photo_to_art_classifier_acc": 0.0
    },
    "best_transfer_clip_style": {
      "epoch": 60,
      "summary_path": "..\\exp_D_impasto_tv\\full_eval\\epoch_0060\\summary.json",
      "transfer_clip_style": 0.6548529360195002,
      "transfer_content_lpips": 0.36559058871666666,
      "transfer_fid": 289.2446408986399,
      "transfer_art_fid": 404.13603481943886,
      "transfer_classifier_acc": 0.0,
      "photo_to_art_clip_style": 0.622545929501454,
      "photo_to_art_fid": 289.2446408986399,
      "photo_to_art_art_fid": 404.13603481943886,
      "photo_to_art_classifier_acc": 0.0
    },
    "best_transfer_fid": {
      "epoch": 60,
      "summary_path": "..\\exp_D_impasto_tv\\full_eval\\epoch_0060\\summary.json",
      "transfer_clip_style": 0.6548529360195002,
      "transfer_content_lpips": 0.36559058871666666,
      "transfer_fid": 289.2446408986399,
      "transfer_art_fid": 404.13603481943886,
      "transfer_classifier_acc": 0.0,
      "photo_to_art_clip_style": 0.622545929501454,
      "photo_to_art_fid": 289.2446408986399,
      "photo_to_art_art_fid": 404.13603481943886,
      "photo_to_art_classifier_acc": 0.0
    },
    "best_transfer_art_fid": {
      "epoch": 60,
      "summary_path": "..\\exp_D_impasto_tv\\full_eval\\epoch_0060\\summary.json",
      "transfer_clip_style": 0.6548529360195002,
      "transfer_content_lpips": 0.36559058871666666,
      "transfer_fid": 289.2446408986399,
      "transfer_art_fid": 404.13603481943886,
      "transfer_classifier_acc": 0.0,
      "photo_to_art_clip_style": 0.622545929501454,
      "photo_to_art_fid": 289.2446408986399,
      "photo_to_art_art_fid": 404.13603481943886,
      "photo_to_art_classifier_acc": 0.0
    },
    "best_photo_to_art_classifier_acc": {
      "epoch": 60,
      "summary_path": "..\\exp_D_impasto_tv\\full_eval\\epoch_0060\\summary.json",
      "transfer_clip_style": 0.6548529360195002,
      "transfer_content_lpips": 0.36559058871666666,
      "transfer_fid": 289.2446408986399,
      "transfer_art_fid": 404.13603481943886,
      "transfer_classifier_acc": 0.0,
      "photo_to_art_clip_style": 0.622545929501454,
      "photo_to_art_fid": 289.2446408986399,
      "photo_to_art_art_fid": 404.13603481943886,
      "photo_to_art_classifier_acc": 0.0
    },
    "best_photo_to_art_clip_style": {
      "epoch": 60,
      "summary_path": "..\\exp_D_impasto_tv\\full_eval\\epoch_0060\\summary.json",
      "transfer_clip_style": 0.6548529360195002,
      "transfer_content_lpips": 0.36559058871666666,
      "transfer_fid": 289.2446408986399,
      "transfer_art_fid": 404.13603481943886,
      "transfer_classifier_acc": 0.0,
      "photo_to_art_clip_style": 0.622545929501454,
      "photo_to_art_fid": 289.2446408986399,
      "photo_to_art_art_fid": 404.13603481943886,
      "photo_to_art_classifier_acc": 0.0
    },
    "best_photo_to_art_fid": {
      "epoch": 60,
      "summary_path": "..\\exp_D_impasto_tv\\full_eval\\epoch_0060\\summary.json",
      "transfer_clip_style": 0.6548529360195002,
      "transfer_content_lpips": 0.36559058871666666,
      "transfer_fid": 289.2446408986399,
      "transfer_art_fid": 404.13603481943886,
      "transfer_classifier_acc": 0.0,
      "photo_to_art_clip_style": 0.622545929501454,
      "photo_to_art_fid": 289.2446408986399,
      "photo_to_art_art_fid": 404.13603481943886,
      "photo_to_art_classifier_acc": 0.0
    },
    "best_photo_to_art_art_fid": {
      "epoch": 60,
      "summary_path": "..\\exp_D_impasto_tv\\full_eval\\epoch_0060\\summary.json",
      "transfer_clip_style": 0.6548529360195002,
      "transfer_content_lpips": 0.36559058871666666,
      "transfer_fid": 289.2446408986399,
      "transfer_art_fid": 404.13603481943886,
      "transfer_classifier_acc": 0.0,
      "photo_to_art_clip_style": 0.622545929501454,
      "photo_to_art_fid": 289.2446408986399,
      "photo_to_art_art_fid": 404.13603481943886,
      "photo_to_art_classifier_acc": 0.0
    },
    "best_transfer_content_lpips": {
      "epoch": 60,
      "summary_path": "..\\exp_D_impasto_tv\\full_eval\\epoch_0060\\summary.json",
      "transfer_clip_style": 0.6548529360195002,
      "transfer_content_lpips": 0.36559058871666666,
      "transfer_fid": 289.2446408986399,
      "transfer_art_fid": 404.13603481943886,
      "transfer_classifier_acc": 0.0,
      "photo_to_art_clip_style": 0.622545929501454,
      "photo_to_art_fid": 289.2446408986399,
      "photo_to_art_art_fid": 404.13603481943886,
      "photo_to_art_classifier_acc": 0.0
    }
  },
  "rounds": [
    {
      "epoch": 60,
      "summary_path": "..\\exp_D_impasto_tv\\full_eval\\epoch_0060\\summary.json",
      "transfer_clip_style": 0.6548529360195002,
      "transfer_content_lpips": 0.36559058871666666,
      "transfer_fid": 289.2446408986399,
      "transfer_art_fid": 404.13603481943886,
      "transfer_classifier_acc": 0.0,
      "photo_to_art_clip_style": 0.622545929501454,
      "photo_to_art_fid": 289.2446408986399,
      "photo_to_art_art_fid": 404.13603481943886,
      "photo_to_art_classifier_acc": 0.0
    }
  ],
  "updated_at": "2026-02-26 05:00:53"
}