epoch,loss,distill,code,code_ref,code_proto,cycle,gram,moment,push,nce,idt,w_cycle_eff,w_nce_eff,w_idt_eff,style_ref_alpha,transfer_ratio,lr,epoch_time_sec
1,0.5695937449733416,0.001601935599561936,0.0365787404589355,0.013894789308930436,0.022683951538056135,0.017176763038150966,0.0,0.0,0.0,0.0,0.0,10.0,0.0,0.0,1.0,1.0,0.0002,37.05633592605591
2,0.20887881641586623,0.00026271144815837033,0.017434422625228763,0.0071995184601595,0.010234903854628405,0.002928036294179037,0.0,0.0,0.0,0.0,0.0,10.0,0.0,0.0,1.0,1.0,0.0001997071467046472,24.13852047920227
3,0.15202133605877557,0.00016559540987752067,0.013392635698740682,0.005582491168752313,0.007810144529988368,0.001478307395397375,0.0,0.0,0.0,0.0,0.0,10.0,0.0,0.0,1.0,1.0,0.00019883039235653812,25.5939302444458
4,0.11940834795435269,0.00013449605467030779,0.010679658424730102,0.004628434233988325,0.006051224074326456,0.0009921842526334028,0.0,0.0,0.0,0.0,0.0,10.0,0.0,0.0,1.0,1.0,0.0001973751424377793,25.65049719810486
