{
  "checkpoint": "../400-cos_lr_ca_grad_1-30/epoch_0100.pt",
  "timestamp": "2026-01-30 20:32:43",
  "matrix_breakdown": {
    "monet": {
      "monet": {
        "count": 30,
        "clip_style": 0.6851834183335305,
        "style_lpips": 0.7127539339065552,
        "content_lpips": 0.5866637766361237,
        "clip_content": 0.7279967784881591
      },
      "photo": {
        "count": 30,
        "clip_style": 0.5859873797098795,
        "style_lpips": 0.7651327807505924,
        "content_lpips": 0.5749569455782573,
        "clip_content": 0.7281996965408325
      },
      "vangogh": {
        "count": 30,
        "clip_style": 0.66644710791111,
        "style_lpips": 0.7532147943576177,
        "content_lpips": 0.6021352231502533,
        "clip_content": 0.7188308258851369
      },
      "cezanne": {
        "count": 30,
        "clip_style": 0.6514030240178106,
        "style_lpips": 0.7342496505180995,
        "content_lpips": 0.5994584441184998,
        "clip_content": 0.7262885391712188
      }
    },
    "photo": {
      "monet": {
        "count": 30,
        "clip_style": 0.6409709935188295,
        "style_lpips": 0.7214996493657431,
        "content_lpips": 0.5865385899941127,
        "clip_content": 0.6449947873751323
      },
      "photo": {
        "count": 30,
        "clip_style": 0.6009928315281867,
        "style_lpips": 0.7500929785172145,
        "content_lpips": 0.5335838596026102,
        "clip_content": 0.6928596893946329
      },
      "vangogh": {
        "count": 30,
        "clip_style": 0.6344289982120195,
        "style_lpips": 0.7670427870750427,
        "content_lpips": 0.5972921073436737,
        "clip_content": 0.6483941694100698
      },
      "cezanne": {
        "count": 30,
        "clip_style": 0.6189891909360885,
        "style_lpips": 0.7374012549320856,
        "content_lpips": 0.588668950398763,
        "clip_content": 0.6369846642017365
      }
    },
    "vangogh": {
      "monet": {
        "count": 30,
        "clip_style": 0.6738536030650139,
        "style_lpips": 0.7243870140711467,
        "content_lpips": 0.5883487155040105,
        "clip_content": 0.7278549949328105
      },
      "photo": {
        "count": 30,
        "clip_style": 0.5785238593618074,
        "style_lpips": 0.7926828697522479,
        "content_lpips": 0.5914804756641387,
        "clip_content": 0.7144484321276346
      },
      "vangogh": {
        "count": 30,
        "clip_style": 0.6674582710266113,
        "style_lpips": 0.7390206740299858,
        "content_lpips": 0.5967028439044952,
        "clip_content": 0.715218981107076
      },
      "cezanne": {
        "count": 30,
        "clip_style": 0.6469774296879768,
        "style_lpips": 0.7381823736826579,
        "content_lpips": 0.5923059513171514,
        "clip_content": 0.7222912589708964
      }
    },
    "cezanne": {
      "monet": {
        "count": 30,
        "clip_style": 0.6551155790289244,
        "style_lpips": 0.723399337530136,
        "content_lpips": 0.5726405580838522,
        "clip_content": 0.7068386912345886
      },
      "photo": {
        "count": 30,
        "clip_style": 0.5696969155867895,
        "style_lpips": 0.7780744591951371,
        "content_lpips": 0.5605836004018784,
        "clip_content": 0.6995583792527517
      },
      "vangogh": {
        "count": 30,
        "clip_style": 0.6584184587001799,
        "style_lpips": 0.7522567489941914,
        "content_lpips": 0.583776518702507,
        "clip_content": 0.689056768019994
      },
      "cezanne": {
        "count": 30,
        "clip_style": 0.6476580415765443,
        "style_lpips": 0.7253987272381784,
        "content_lpips": 0.5817891468604406,
        "clip_content": 0.6926238775253296
      }
    }
  },
  "analysis": {
    "style_transfer_ability": {
      "clip_style": 0.631734378311369,
      "content_lpips": 0.5865155066880915
    },
    "photo_to_art_performance": {
      "clip_style": 0.6314630608889792,
      "valid": true
    }
  }
}