{
  "checkpoint": "../overfit50-v5-mse-sharp/epoch_0020.pt",
  "timestamp": "2026-02-10 22:52:03",
  "matrix_breakdown": {
    "photo": {
      "photo": {
        "count": 50,
        "clip_style": 0.6332964754104614,
        "style_lpips": 0.7506667459011078,
        "content_lpips": 0.28728703460000005,
        "clip_content": 0.903564617,
        "classifier_acc": 0.94
      },
      "Hayao": {
        "count": 50,
        "clip_style": 0.4751106590032578,
        "style_lpips": 0.7897738480567932,
        "content_lpips": 0.29177270479999995,
        "clip_content": 0.899395553,
        "classifier_acc": 0.1
      }
    },
    "Hayao": {
      "photo": {
        "count": 50,
        "clip_style": 0.4046278101205826,
        "style_lpips": 0.802021701335907,
        "content_lpips": 0.19242160075999998,
        "clip_content": 0.942746834,
        "classifier_acc": 0.06
      },
      "Hayao": {
        "count": 50,
        "clip_style": 0.720783166885376,
        "style_lpips": 0.7245339703559875,
        "content_lpips": 0.19074749280000003,
        "clip_content": 0.9447295725999999,
        "classifier_acc": 0.96
      }
    }
  },
  "analysis": {
    "style_transfer_ability": {
      "clip_style": 0.4398692345619202,
      "content_lpips": 0.24209715277999996,
      "classifier_acc": 0.08
    },
    "photo_to_art_performance": {
      "clip_style": 0.4751106590032578,
      "valid": true,
      "classifier_acc": 0.1
    }
  },
  "classification_report": {
    "Hayao": {
      "precision": 0.5145631067961165,
      "recall": 0.53,
      "f1-score": 0.5221674876847291,
      "support": 100.0
    },
    "photo": {
      "precision": 0.5154639175257731,
      "recall": 0.5,
      "f1-score": 0.5076142131979695,
      "support": 100.0
    },
    "accuracy": 0.515,
    "macro avg": {
      "precision": 0.5150135121609448,
      "recall": 0.515,
      "f1-score": 0.5148908504413493,
      "support": 200.0
    },
    "weighted avg": {
      "precision": 0.5150135121609448,
      "recall": 0.515,
      "f1-score": 0.5148908504413493,
      "support": 200.0
    }
  },
  "detailed_style_metrics": {
    "Hayao": {
      "precision": 0.5145631067961165,
      "recall": 0.53,
      "f1_score": 0.5221674876847291,
      "support": 100
    },
    "photo": {
      "precision": 0.5154639175257731,
      "recall": 0.5,
      "f1_score": 0.5076142131979695,
      "support": 100
    }
  }
}