src_style,tgt_style,src_image,gen_image,content_lpips,clip_dir,clip_style,clip_content
Early_Renaissance,Early_Renaissance,Early_Renaissance__fra-angelico_saint-cosmas-and-saint-damian-before-lisius-1440.jpg,images/Early_Renaissance_Early_Renaissance__fra-angelico_saint-cosmas-and-saint-damian-before-lisius-1440_to_Early_Renaissance.png,0.5120095,0.0,0.7372050285339355,0.0
Early_Renaissance,Early_Renaissance,Early_Renaissance__domenico-veneziano_not-detected-269819.jpg,images/Early_Renaissance_Early_Renaissance__domenico-veneziano_not-detected-269819_to_Early_Renaissance.png,0.5028012,0.0,0.7259067893028259,0.0
Early_Renaissance,Early_Renaissance,Early_Renaissance__carlo-crivelli_saint-thomas-aquinas-1476.jpg,images/Early_Renaissance_Early_Renaissance__carlo-crivelli_saint-thomas-aquinas-1476_to_Early_Renaissance.png,0.54126585,0.0,0.6878390908241272,0.0
Early_Renaissance,Early_Renaissance,Early_Renaissance__pietro-perugino_giovanni-colombini.jpg,images/Early_Renaissance_Early_Renaissance__pietro-perugino_giovanni-colombini_to_Early_Renaissance.png,0.58726203,0.0,0.6738590002059937,0.0
Early_Renaissance,Impressionism,Early_Renaissance__fra-angelico_saint-cosmas-and-saint-damian-before-lisius-1440.jpg,images/Early_Renaissance_Early_Renaissance__fra-angelico_saint-cosmas-and-saint-damian-before-lisius-1440_to_Impressionism.png,0.51555765,0.0,0.8104708194732666,0.0
Early_Renaissance,Impressionism,Early_Renaissance__domenico-veneziano_not-detected-269819.jpg,images/Early_Renaissance_Early_Renaissance__domenico-veneziano_not-detected-269819_to_Impressionism.png,0.4919653,0.0,0.7947164177894592,0.0
Early_Renaissance,Impressionism,Early_Renaissance__carlo-crivelli_saint-thomas-aquinas-1476.jpg,images/Early_Renaissance_Early_Renaissance__carlo-crivelli_saint-thomas-aquinas-1476_to_Impressionism.png,0.52984357,0.0,0.7094275951385498,0.0
Early_Renaissance,Impressionism,Early_Renaissance__pietro-perugino_giovanni-colombini.jpg,images/Early_Renaissance_Early_Renaissance__pietro-perugino_giovanni-colombini_to_Impressionism.png,0.5776663,0.0,0.8248828053474426,0.0
Early_Renaissance,Minimalism,Early_Renaissance__fra-angelico_saint-cosmas-and-saint-damian-before-lisius-1440.jpg,images/Early_Renaissance_Early_Renaissance__fra-angelico_saint-cosmas-and-saint-damian-before-lisius-1440_to_Minimalism.png,0.54859567,0.0,0.7129296660423279,0.0
Early_Renaissance,Minimalism,Early_Renaissance__domenico-veneziano_not-detected-269819.jpg,images/Early_Renaissance_Early_Renaissance__domenico-veneziano_not-detected-269819_to_Minimalism.png,0.56150174,0.0,0.8850265741348267,0.0
Early_Renaissance,Minimalism,Early_Renaissance__carlo-crivelli_saint-thomas-aquinas-1476.jpg,images/Early_Renaissance_Early_Renaissance__carlo-crivelli_saint-thomas-aquinas-1476_to_Minimalism.png,0.48286265,0.0,0.7301813364028931,0.0
Early_Renaissance,Minimalism,Early_Renaissance__pietro-perugino_giovanni-colombini.jpg,images/Early_Renaissance_Early_Renaissance__pietro-perugino_giovanni-colombini_to_Minimalism.png,0.56652427,0.0,0.7121104001998901,0.0
Early_Renaissance,Rococo,Early_Renaissance__fra-angelico_saint-cosmas-and-saint-damian-before-lisius-1440.jpg,images/Early_Renaissance_Early_Renaissance__fra-angelico_saint-cosmas-and-saint-damian-before-lisius-1440_to_Rococo.png,0.5417115,0.0,0.6896861791610718,0.0
Early_Renaissance,Rococo,Early_Renaissance__domenico-veneziano_not-detected-269819.jpg,images/Early_Renaissance_Early_Renaissance__domenico-veneziano_not-detected-269819_to_Rococo.png,0.5273953,0.0,0.6192872524261475,0.0
Early_Renaissance,Rococo,Early_Renaissance__carlo-crivelli_saint-thomas-aquinas-1476.jpg,images/Early_Renaissance_Early_Renaissance__carlo-crivelli_saint-thomas-aquinas-1476_to_Rococo.png,0.55897486,0.0,0.621636688709259,0.0
Early_Renaissance,Rococo,Early_Renaissance__pietro-perugino_giovanni-colombini.jpg,images/Early_Renaissance_Early_Renaissance__pietro-perugino_giovanni-colombini_to_Rococo.png,0.60662925,0.0,0.64278244972229,0.0
Early_Renaissance,Ukiyo_e,Early_Renaissance__fra-angelico_saint-cosmas-and-saint-damian-before-lisius-1440.jpg,images/Early_Renaissance_Early_Renaissance__fra-angelico_saint-cosmas-and-saint-damian-before-lisius-1440_to_Ukiyo_e.png,0.50579375,0.0,0.6746869087219238,0.0
Early_Renaissance,Ukiyo_e,Early_Renaissance__domenico-veneziano_not-detected-269819.jpg,images/Early_Renaissance_Early_Renaissance__domenico-veneziano_not-detected-269819_to_Ukiyo_e.png,0.5089092,0.0,0.6759809255599976,0.0
Early_Renaissance,Ukiyo_e,Early_Renaissance__carlo-crivelli_saint-thomas-aquinas-1476.jpg,images/Early_Renaissance_Early_Renaissance__carlo-crivelli_saint-thomas-aquinas-1476_to_Ukiyo_e.png,0.5131744,0.0,0.6424214839935303,0.0
Early_Renaissance,Ukiyo_e,Early_Renaissance__pietro-perugino_giovanni-colombini.jpg,images/Early_Renaissance_Early_Renaissance__pietro-perugino_giovanni-colombini_to_Ukiyo_e.png,0.56794405,0.0,0.6891093254089355,0.0
Early_Renaissance,Early_Renaissance,Early_Renaissance__leonardo-da-vinci_studies-of-a-bewalking.jpg,images/Early_Renaissance_Early_Renaissance__leonardo-da-vinci_studies-of-a-bewalking_to_Early_Renaissance.png,0.50548875,0.0,0.7322148680686951,0.0
Early_Renaissance,Early_Renaissance,Early_Renaissance__benozzo-gozzoli_madonna-and-child-1485.jpg,images/Early_Renaissance_Early_Renaissance__benozzo-gozzoli_madonna-and-child-1485_to_Early_Renaissance.png,0.558168,0.0,0.7135840654373169,0.0
Early_Renaissance,Early_Renaissance,Early_Renaissance__bartolome-bermejo_death-of-the-virgin-1462.jpg,images/Early_Renaissance_Early_Renaissance__bartolome-bermejo_death-of-the-virgin-1462_to_Early_Renaissance.png,0.58246756,0.0,0.7192531824111938,0.0
Early_Renaissance,Early_Renaissance,Early_Renaissance__domenico-ghirlandaio_st-stephen-st-jacobo-st-peter.jpg,images/Early_Renaissance_Early_Renaissance__domenico-ghirlandaio_st-stephen-st-jacobo-st-peter_to_Early_Renaissance.png,0.5140772,0.0,0.7736412882804871,0.0
Early_Renaissance,Impressionism,Early_Renaissance__leonardo-da-vinci_studies-of-a-bewalking.jpg,images/Early_Renaissance_Early_Renaissance__leonardo-da-vinci_studies-of-a-bewalking_to_Impressionism.png,0.4897283,0.0,0.7552029490470886,0.0
Early_Renaissance,Impressionism,Early_Renaissance__benozzo-gozzoli_madonna-and-child-1485.jpg,images/Early_Renaissance_Early_Renaissance__benozzo-gozzoli_madonna-and-child-1485_to_Impressionism.png,0.5506847,0.0,0.7492843270301819,0.0
Early_Renaissance,Impressionism,Early_Renaissance__bartolome-bermejo_death-of-the-virgin-1462.jpg,images/Early_Renaissance_Early_Renaissance__bartolome-bermejo_death-of-the-virgin-1462_to_Impressionism.png,0.59892285,0.0,0.8113778233528137,0.0
Early_Renaissance,Impressionism,Early_Renaissance__domenico-ghirlandaio_st-stephen-st-jacobo-st-peter.jpg,images/Early_Renaissance_Early_Renaissance__domenico-ghirlandaio_st-stephen-st-jacobo-st-peter_to_Impressionism.png,0.51617074,0.0,0.7857763171195984,0.0
Early_Renaissance,Minimalism,Early_Renaissance__leonardo-da-vinci_studies-of-a-bewalking.jpg,images/Early_Renaissance_Early_Renaissance__leonardo-da-vinci_studies-of-a-bewalking_to_Minimalism.png,0.5316048,0.0,0.8210859894752502,0.0
Early_Renaissance,Minimalism,Early_Renaissance__benozzo-gozzoli_madonna-and-child-1485.jpg,images/Early_Renaissance_Early_Renaissance__benozzo-gozzoli_madonna-and-child-1485_to_Minimalism.png,0.508258,0.0,0.720569908618927,0.0
Early_Renaissance,Minimalism,Early_Renaissance__bartolome-bermejo_death-of-the-virgin-1462.jpg,images/Early_Renaissance_Early_Renaissance__bartolome-bermejo_death-of-the-virgin-1462_to_Minimalism.png,0.60501224,0.0,0.7533734440803528,0.0
Early_Renaissance,Minimalism,Early_Renaissance__domenico-ghirlandaio_st-stephen-st-jacobo-st-peter.jpg,images/Early_Renaissance_Early_Renaissance__domenico-ghirlandaio_st-stephen-st-jacobo-st-peter_to_Minimalism.png,0.5086567,0.0,0.7110905647277832,0.0
Early_Renaissance,Rococo,Early_Renaissance__leonardo-da-vinci_studies-of-a-bewalking.jpg,images/Early_Renaissance_Early_Renaissance__leonardo-da-vinci_studies-of-a-bewalking_to_Rococo.png,0.54493237,0.0,0.6378543972969055,0.0
Early_Renaissance,Rococo,Early_Renaissance__benozzo-gozzoli_madonna-and-child-1485.jpg,images/Early_Renaissance_Early_Renaissance__benozzo-gozzoli_madonna-and-child-1485_to_Rococo.png,0.5708761,0.0,0.6958401799201965,0.0
Early_Renaissance,Rococo,Early_Renaissance__bartolome-bermejo_death-of-the-virgin-1462.jpg,images/Early_Renaissance_Early_Renaissance__bartolome-bermejo_death-of-the-virgin-1462_to_Rococo.png,0.5864086,0.0,0.6923636198043823,0.0
Early_Renaissance,Rococo,Early_Renaissance__domenico-ghirlandaio_st-stephen-st-jacobo-st-peter.jpg,images/Early_Renaissance_Early_Renaissance__domenico-ghirlandaio_st-stephen-st-jacobo-st-peter_to_Rococo.png,0.54272926,0.0,0.7060112357139587,0.0
Early_Renaissance,Ukiyo_e,Early_Renaissance__leonardo-da-vinci_studies-of-a-bewalking.jpg,images/Early_Renaissance_Early_Renaissance__leonardo-da-vinci_studies-of-a-bewalking_to_Ukiyo_e.png,0.47434652,0.0,0.6675103306770325,0.0
Early_Renaissance,Ukiyo_e,Early_Renaissance__benozzo-gozzoli_madonna-and-child-1485.jpg,images/Early_Renaissance_Early_Renaissance__benozzo-gozzoli_madonna-and-child-1485_to_Ukiyo_e.png,0.5528974,0.0,0.6595910787582397,0.0
Early_Renaissance,Ukiyo_e,Early_Renaissance__bartolome-bermejo_death-of-the-virgin-1462.jpg,images/Early_Renaissance_Early_Renaissance__bartolome-bermejo_death-of-the-virgin-1462_to_Ukiyo_e.png,0.5971774,0.0,0.7432436943054199,0.0
Early_Renaissance,Ukiyo_e,Early_Renaissance__domenico-ghirlandaio_st-stephen-st-jacobo-st-peter.jpg,images/Early_Renaissance_Early_Renaissance__domenico-ghirlandaio_st-stephen-st-jacobo-st-peter_to_Ukiyo_e.png,0.5138006,0.0,0.689549446105957,0.0
Early_Renaissance,Early_Renaissance,Early_Renaissance__domenico-ghirlandaio_st-jerome.jpg,images/Early_Renaissance_Early_Renaissance__domenico-ghirlandaio_st-jerome_to_Early_Renaissance.png,0.5125291,0.0,0.7226305603981018,0.0
Early_Renaissance,Early_Renaissance,Early_Renaissance__filippo-lippi_adoration-of-the-magi-detail-2.jpg,images/Early_Renaissance_Early_Renaissance__filippo-lippi_adoration-of-the-magi-detail-2_to_Early_Renaissance.png,0.5686845,0.0,0.7014979124069214,0.0
Early_Renaissance,Early_Renaissance,Early_Renaissance__carlo-crivelli_piet-1.jpg,images/Early_Renaissance_Early_Renaissance__carlo-crivelli_piet-1_to_Early_Renaissance.png,0.5745108,0.0,0.6773249506950378,0.0
Early_Renaissance,Early_Renaissance,Early_Renaissance__piero-della-francesca_portrait-of-a-boy.jpg,images/Early_Renaissance_Early_Renaissance__piero-della-francesca_portrait-of-a-boy_to_Early_Renaissance.png,0.5513196,0.0,0.6814656257629395,0.0
Early_Renaissance,Impressionism,Early_Renaissance__domenico-ghirlandaio_st-jerome.jpg,images/Early_Renaissance_Early_Renaissance__domenico-ghirlandaio_st-jerome_to_Impressionism.png,0.519511,0.0,0.7831394672393799,0.0
Early_Renaissance,Impressionism,Early_Renaissance__filippo-lippi_adoration-of-the-magi-detail-2.jpg,images/Early_Renaissance_Early_Renaissance__filippo-lippi_adoration-of-the-magi-detail-2_to_Impressionism.png,0.5696907,0.0,0.7673170566558838,0.0
Early_Renaissance,Impressionism,Early_Renaissance__carlo-crivelli_piet-1.jpg,images/Early_Renaissance_Early_Renaissance__carlo-crivelli_piet-1_to_Impressionism.png,0.5572397,0.0,0.6565735340118408,0.0
Early_Renaissance,Impressionism,Early_Renaissance__piero-della-francesca_portrait-of-a-boy.jpg,images/Early_Renaissance_Early_Renaissance__piero-della-francesca_portrait-of-a-boy_to_Impressionism.png,0.567812,0.0,0.668928325176239,0.0
Early_Renaissance,Minimalism,Early_Renaissance__domenico-ghirlandaio_st-jerome.jpg,images/Early_Renaissance_Early_Renaissance__domenico-ghirlandaio_st-jerome_to_Minimalism.png,0.5531807,0.0,0.78241366147995,0.0
Early_Renaissance,Minimalism,Early_Renaissance__filippo-lippi_adoration-of-the-magi-detail-2.jpg,images/Early_Renaissance_Early_Renaissance__filippo-lippi_adoration-of-the-magi-detail-2_to_Minimalism.png,0.5435247,0.0,0.7726070284843445,0.0
Early_Renaissance,Minimalism,Early_Renaissance__carlo-crivelli_piet-1.jpg,images/Early_Renaissance_Early_Renaissance__carlo-crivelli_piet-1_to_Minimalism.png,0.43644363,0.0,0.7825837135314941,0.0
Early_Renaissance,Minimalism,Early_Renaissance__piero-della-francesca_portrait-of-a-boy.jpg,images/Early_Renaissance_Early_Renaissance__piero-della-francesca_portrait-of-a-boy_to_Minimalism.png,0.5214056,0.0,0.745823323726654,0.0
Early_Renaissance,Rococo,Early_Renaissance__domenico-ghirlandaio_st-jerome.jpg,images/Early_Renaissance_Early_Renaissance__domenico-ghirlandaio_st-jerome_to_Rococo.png,0.52500904,0.0,0.6803923845291138,0.0
Early_Renaissance,Rococo,Early_Renaissance__filippo-lippi_adoration-of-the-magi-detail-2.jpg,images/Early_Renaissance_Early_Renaissance__filippo-lippi_adoration-of-the-magi-detail-2_to_Rococo.png,0.5605738,0.0,0.679161548614502,0.0
Early_Renaissance,Rococo,Early_Renaissance__carlo-crivelli_piet-1.jpg,images/Early_Renaissance_Early_Renaissance__carlo-crivelli_piet-1_to_Rococo.png,0.58327055,0.0,0.6113573312759399,0.0
Early_Renaissance,Rococo,Early_Renaissance__piero-della-francesca_portrait-of-a-boy.jpg,images/Early_Renaissance_Early_Renaissance__piero-della-francesca_portrait-of-a-boy_to_Rococo.png,0.52121305,0.0,0.6480207443237305,0.0
Early_Renaissance,Ukiyo_e,Early_Renaissance__domenico-ghirlandaio_st-jerome.jpg,images/Early_Renaissance_Early_Renaissance__domenico-ghirlandaio_st-jerome_to_Ukiyo_e.png,0.519712,0.0,0.6815536022186279,0.0
Early_Renaissance,Ukiyo_e,Early_Renaissance__filippo-lippi_adoration-of-the-magi-detail-2.jpg,images/Early_Renaissance_Early_Renaissance__filippo-lippi_adoration-of-the-magi-detail-2_to_Ukiyo_e.png,0.5573591,0.0,0.6925090551376343,0.0
Early_Renaissance,Ukiyo_e,Early_Renaissance__carlo-crivelli_piet-1.jpg,images/Early_Renaissance_Early_Renaissance__carlo-crivelli_piet-1_to_Ukiyo_e.png,0.5290967,0.0,0.660783588886261,0.0
Early_Renaissance,Ukiyo_e,Early_Renaissance__piero-della-francesca_portrait-of-a-boy.jpg,images/Early_Renaissance_Early_Renaissance__piero-della-francesca_portrait-of-a-boy_to_Ukiyo_e.png,0.5533953,0.0,0.6669051647186279,0.0
Early_Renaissance,Early_Renaissance,Early_Renaissance__sandro-botticelli_trinity(1).jpg,images/Early_Renaissance_Early_Renaissance__sandro-botticelli_trinity(1)_to_Early_Renaissance.png,0.55125695,0.0,0.6794760227203369,0.0
Early_Renaissance,Early_Renaissance,Early_Renaissance__jacopo-bellini_view-of-a-fortification-of-jerusalem(1).jpg,images/Early_Renaissance_Early_Renaissance__jacopo-bellini_view-of-a-fortification-of-jerusalem(1)_to_Early_Renaissance.png,0.47709697,0.0,0.7309564352035522,0.0
Early_Renaissance,Early_Renaissance,Early_Renaissance__filippo-lippi_confirmation-of-the-carmelite-rule.jpg,images/Early_Renaissance_Early_Renaissance__filippo-lippi_confirmation-of-the-carmelite-rule_to_Early_Renaissance.png,0.552528,0.0,0.6838148832321167,0.0
Early_Renaissance,Early_Renaissance,Early_Renaissance__pisanello_stork-1430.jpg,images/Early_Renaissance_Early_Renaissance__pisanello_stork-1430_to_Early_Renaissance.png,0.55634964,0.0,0.7237757444381714,0.0
Early_Renaissance,Impressionism,Early_Renaissance__sandro-botticelli_trinity(1).jpg,images/Early_Renaissance_Early_Renaissance__sandro-botticelli_trinity(1)_to_Impressionism.png,0.55804205,0.0,0.8153583407402039,0.0
Early_Renaissance,Impressionism,Early_Renaissance__jacopo-bellini_view-of-a-fortification-of-jerusalem(1).jpg,images/Early_Renaissance_Early_Renaissance__jacopo-bellini_view-of-a-fortification-of-jerusalem(1)_to_Impressionism.png,0.45038238,0.0,0.7729686498641968,0.0
Early_Renaissance,Impressionism,Early_Renaissance__filippo-lippi_confirmation-of-the-carmelite-rule.jpg,images/Early_Renaissance_Early_Renaissance__filippo-lippi_confirmation-of-the-carmelite-rule_to_Impressionism.png,0.555482,0.0,0.8207544088363647,0.0
Early_Renaissance,Impressionism,Early_Renaissance__pisanello_stork-1430.jpg,images/Early_Renaissance_Early_Renaissance__pisanello_stork-1430_to_Impressionism.png,0.5353305,0.0,0.8407009243965149,0.0
Early_Renaissance,Minimalism,Early_Renaissance__sandro-botticelli_trinity(1).jpg,images/Early_Renaissance_Early_Renaissance__sandro-botticelli_trinity(1)_to_Minimalism.png,0.5624044,0.0,0.6842160820960999,0.0
Early_Renaissance,Minimalism,Early_Renaissance__jacopo-bellini_view-of-a-fortification-of-jerusalem(1).jpg,images/Early_Renaissance_Early_Renaissance__jacopo-bellini_view-of-a-fortification-of-jerusalem(1)_to_Minimalism.png,0.41227025,0.0,0.8876858949661255,0.0
Early_Renaissance,Minimalism,Early_Renaissance__filippo-lippi_confirmation-of-the-carmelite-rule.jpg,images/Early_Renaissance_Early_Renaissance__filippo-lippi_confirmation-of-the-carmelite-rule_to_Minimalism.png,0.57476044,0.0,0.7777160406112671,0.0
Early_Renaissance,Minimalism,Early_Renaissance__pisanello_stork-1430.jpg,images/Early_Renaissance_Early_Renaissance__pisanello_stork-1430_to_Minimalism.png,0.49060145,0.0,0.74382483959198,0.0
Early_Renaissance,Rococo,Early_Renaissance__sandro-botticelli_trinity(1).jpg,images/Early_Renaissance_Early_Renaissance__sandro-botticelli_trinity(1)_to_Rococo.png,0.55364144,0.0,0.6790429353713989,0.0
Early_Renaissance,Rococo,Early_Renaissance__jacopo-bellini_view-of-a-fortification-of-jerusalem(1).jpg,images/Early_Renaissance_Early_Renaissance__jacopo-bellini_view-of-a-fortification-of-jerusalem(1)_to_Rococo.png,0.49866003,0.0,0.6948283910751343,0.0
Early_Renaissance,Rococo,Early_Renaissance__filippo-lippi_confirmation-of-the-carmelite-rule.jpg,images/Early_Renaissance_Early_Renaissance__filippo-lippi_confirmation-of-the-carmelite-rule_to_Rococo.png,0.5853422,0.0,0.6337951421737671,0.0
Early_Renaissance,Rococo,Early_Renaissance__pisanello_stork-1430.jpg,images/Early_Renaissance_Early_Renaissance__pisanello_stork-1430_to_Rococo.png,0.5945856,0.0,0.7264355421066284,0.0
Early_Renaissance,Ukiyo_e,Early_Renaissance__sandro-botticelli_trinity(1).jpg,images/Early_Renaissance_Early_Renaissance__sandro-botticelli_trinity(1)_to_Ukiyo_e.png,0.5648691,0.0,0.6921401023864746,0.0
Early_Renaissance,Ukiyo_e,Early_Renaissance__jacopo-bellini_view-of-a-fortification-of-jerusalem(1).jpg,images/Early_Renaissance_Early_Renaissance__jacopo-bellini_view-of-a-fortification-of-jerusalem(1)_to_Ukiyo_e.png,0.44801366,0.0,0.6808016896247864,0.0
Early_Renaissance,Ukiyo_e,Early_Renaissance__filippo-lippi_confirmation-of-the-carmelite-rule.jpg,images/Early_Renaissance_Early_Renaissance__filippo-lippi_confirmation-of-the-carmelite-rule_to_Ukiyo_e.png,0.55484074,0.0,0.6794548034667969,0.0
Early_Renaissance,Ukiyo_e,Early_Renaissance__pisanello_stork-1430.jpg,images/Early_Renaissance_Early_Renaissance__pisanello_stork-1430_to_Ukiyo_e.png,0.50717777,0.0,0.719954252243042,0.0
Early_Renaissance,Early_Renaissance,Early_Renaissance__andrea-mantegna_maria-with-the-sleeping-child-1455.jpg,images/Early_Renaissance_Early_Renaissance__andrea-mantegna_maria-with-the-sleeping-child-1455_to_Early_Renaissance.png,0.5440837,0.0,0.6807944178581238,0.0
Early_Renaissance,Early_Renaissance,Early_Renaissance__domenico-ghirlandaio_the-nativity-1.jpg,images/Early_Renaissance_Early_Renaissance__domenico-ghirlandaio_the-nativity-1_to_Early_Renaissance.png,0.49745655,0.0,0.7485580444335938,0.0
Early_Renaissance,Early_Renaissance,Early_Renaissance__fra-angelico_coronation-of-the-virgin-detail-1435-1.jpg,images/Early_Renaissance_Early_Renaissance__fra-angelico_coronation-of-the-virgin-detail-1435-1_to_Early_Renaissance.png,0.53145945,0.0,0.6972646713256836,0.0
Early_Renaissance,Early_Renaissance,Early_Renaissance__andrea-mantegna_scenes-from-the-life-of-st-james-1448-2.jpg,images/Early_Renaissance_Early_Renaissance__andrea-mantegna_scenes-from-the-life-of-st-james-1448-2_to_Early_Renaissance.png,0.4857939,0.0,0.7161266803741455,0.0
Early_Renaissance,Impressionism,Early_Renaissance__andrea-mantegna_maria-with-the-sleeping-child-1455.jpg,images/Early_Renaissance_Early_Renaissance__andrea-mantegna_maria-with-the-sleeping-child-1455_to_Impressionism.png,0.5565473,0.0,0.7627200484275818,0.0
Early_Renaissance,Impressionism,Early_Renaissance__domenico-ghirlandaio_the-nativity-1.jpg,images/Early_Renaissance_Early_Renaissance__domenico-ghirlandaio_the-nativity-1_to_Impressionism.png,0.50449765,0.0,0.7745866775512695,0.0
Early_Renaissance,Impressionism,Early_Renaissance__fra-angelico_coronation-of-the-virgin-detail-1435-1.jpg,images/Early_Renaissance_Early_Renaissance__fra-angelico_coronation-of-the-virgin-detail-1435-1_to_Impressionism.png,0.5202488,0.0,0.8213447332382202,0.0
Early_Renaissance,Impressionism,Early_Renaissance__andrea-mantegna_scenes-from-the-life-of-st-james-1448-2.jpg,images/Early_Renaissance_Early_Renaissance__andrea-mantegna_scenes-from-the-life-of-st-james-1448-2_to_Impressionism.png,0.49476147,0.0,0.7567277550697327,0.0
Early_Renaissance,Minimalism,Early_Renaissance__andrea-mantegna_maria-with-the-sleeping-child-1455.jpg,images/Early_Renaissance_Early_Renaissance__andrea-mantegna_maria-with-the-sleeping-child-1455_to_Minimalism.png,0.5867134,0.0,0.6663075685501099,0.0
Early_Renaissance,Minimalism,Early_Renaissance__domenico-ghirlandaio_the-nativity-1.jpg,images/Early_Renaissance_Early_Renaissance__domenico-ghirlandaio_the-nativity-1_to_Minimalism.png,0.54520714,0.0,0.7287845015525818,0.0
Early_Renaissance,Minimalism,Early_Renaissance__fra-angelico_coronation-of-the-virgin-detail-1435-1.jpg,images/Early_Renaissance_Early_Renaissance__fra-angelico_coronation-of-the-virgin-detail-1435-1_to_Minimalism.png,0.51476073,0.0,0.7725151777267456,0.0
Early_Renaissance,Minimalism,Early_Renaissance__andrea-mantegna_scenes-from-the-life-of-st-james-1448-2.jpg,images/Early_Renaissance_Early_Renaissance__andrea-mantegna_scenes-from-the-life-of-st-james-1448-2_to_Minimalism.png,0.5485184,0.0,0.7517728805541992,0.0
Early_Renaissance,Rococo,Early_Renaissance__andrea-mantegna_maria-with-the-sleeping-child-1455.jpg,images/Early_Renaissance_Early_Renaissance__andrea-mantegna_maria-with-the-sleeping-child-1455_to_Rococo.png,0.5730815,0.0,0.6925581693649292,0.0
Early_Renaissance,Rococo,Early_Renaissance__domenico-ghirlandaio_the-nativity-1.jpg,images/Early_Renaissance_Early_Renaissance__domenico-ghirlandaio_the-nativity-1_to_Rococo.png,0.5150321,0.0,0.662173330783844,0.0
Early_Renaissance,Rococo,Early_Renaissance__fra-angelico_coronation-of-the-virgin-detail-1435-1.jpg,images/Early_Renaissance_Early_Renaissance__fra-angelico_coronation-of-the-virgin-detail-1435-1_to_Rococo.png,0.5549353,0.0,0.6728639602661133,0.0
Early_Renaissance,Rococo,Early_Renaissance__andrea-mantegna_scenes-from-the-life-of-st-james-1448-2.jpg,images/Early_Renaissance_Early_Renaissance__andrea-mantegna_scenes-from-the-life-of-st-james-1448-2_to_Rococo.png,0.50776577,0.0,0.6614264845848083,0.0
Early_Renaissance,Ukiyo_e,Early_Renaissance__andrea-mantegna_maria-with-the-sleeping-child-1455.jpg,images/Early_Renaissance_Early_Renaissance__andrea-mantegna_maria-with-the-sleeping-child-1455_to_Ukiyo_e.png,0.56389356,0.0,0.6982991695404053,0.0
Early_Renaissance,Ukiyo_e,Early_Renaissance__domenico-ghirlandaio_the-nativity-1.jpg,images/Early_Renaissance_Early_Renaissance__domenico-ghirlandaio_the-nativity-1_to_Ukiyo_e.png,0.5109598,0.0,0.7091997861862183,0.0
Early_Renaissance,Ukiyo_e,Early_Renaissance__fra-angelico_coronation-of-the-virgin-detail-1435-1.jpg,images/Early_Renaissance_Early_Renaissance__fra-angelico_coronation-of-the-virgin-detail-1435-1_to_Ukiyo_e.png,0.51651686,0.0,0.6938304901123047,0.0
Early_Renaissance,Ukiyo_e,Early_Renaissance__andrea-mantegna_scenes-from-the-life-of-st-james-1448-2.jpg,images/Early_Renaissance_Early_Renaissance__andrea-mantegna_scenes-from-the-life-of-st-james-1448-2_to_Ukiyo_e.png,0.48411703,0.0,0.7041323781013489,0.0
Early_Renaissance,Early_Renaissance,Early_Renaissance__fra-angelico_bosco-ai-frati-altarpiece.jpg,images/Early_Renaissance_Early_Renaissance__fra-angelico_bosco-ai-frati-altarpiece_to_Early_Renaissance.png,0.5053211,0.0,0.7151196002960205,0.0
Early_Renaissance,Early_Renaissance,Early_Renaissance__sandro-botticelli_inferno-canto-xviii-1480(1).jpg,images/Early_Renaissance_Early_Renaissance__sandro-botticelli_inferno-canto-xviii-1480(1)_to_Early_Renaissance.png,0.5829821,0.0,0.7262498736381531,0.0
Early_Renaissance,Early_Renaissance,Early_Renaissance__antonello-da-messina_painter-self-portrait.jpg,images/Early_Renaissance_Early_Renaissance__antonello-da-messina_painter-self-portrait_to_Early_Renaissance.png,0.5233154,0.0,0.7122355699539185,0.0
Early_Renaissance,Early_Renaissance,Early_Renaissance__paolo-uccello_scene-adoration-of-the-three-kings-1440.jpg,images/Early_Renaissance_Early_Renaissance__paolo-uccello_scene-adoration-of-the-three-kings-1440_to_Early_Renaissance.png,0.49504542,0.0,0.6922640800476074,0.0
Early_Renaissance,Impressionism,Early_Renaissance__fra-angelico_bosco-ai-frati-altarpiece.jpg,images/Early_Renaissance_Early_Renaissance__fra-angelico_bosco-ai-frati-altarpiece_to_Impressionism.png,0.5057755,0.0,0.7660537958145142,0.0
Early_Renaissance,Impressionism,Early_Renaissance__sandro-botticelli_inferno-canto-xviii-1480(1).jpg,images/Early_Renaissance_Early_Renaissance__sandro-botticelli_inferno-canto-xviii-1480(1)_to_Impressionism.png,0.587456,0.0,0.8136214017868042,0.0
Early_Renaissance,Impressionism,Early_Renaissance__antonello-da-messina_painter-self-portrait.jpg,images/Early_Renaissance_Early_Renaissance__antonello-da-messina_painter-self-portrait_to_Impressionism.png,0.50780237,0.0,0.6433115005493164,0.0
Early_Renaissance,Impressionism,Early_Renaissance__paolo-uccello_scene-adoration-of-the-three-kings-1440.jpg,images/Early_Renaissance_Early_Renaissance__paolo-uccello_scene-adoration-of-the-three-kings-1440_to_Impressionism.png,0.48602214,0.0,0.8146795034408569,0.0
Early_Renaissance,Minimalism,Early_Renaissance__fra-angelico_bosco-ai-frati-altarpiece.jpg,images/Early_Renaissance_Early_Renaissance__fra-angelico_bosco-ai-frati-altarpiece_to_Minimalism.png,0.52053034,0.0,0.7263826131820679,0.0
Early_Renaissance,Minimalism,Early_Renaissance__sandro-botticelli_inferno-canto-xviii-1480(1).jpg,images/Early_Renaissance_Early_Renaissance__sandro-botticelli_inferno-canto-xviii-1480(1)_to_Minimalism.png,0.6215813,0.0,0.8504008650779724,0.0
Early_Renaissance,Minimalism,Early_Renaissance__antonello-da-messina_painter-self-portrait.jpg,images/Early_Renaissance_Early_Renaissance__antonello-da-messina_painter-self-portrait_to_Minimalism.png,0.48750222,0.0,0.7651184797286987,0.0
Early_Renaissance,Minimalism,Early_Renaissance__paolo-uccello_scene-adoration-of-the-three-kings-1440.jpg,images/Early_Renaissance_Early_Renaissance__paolo-uccello_scene-adoration-of-the-three-kings-1440_to_Minimalism.png,0.48480284,0.0,0.7608447670936584,0.0
Early_Renaissance,Rococo,Early_Renaissance__fra-angelico_bosco-ai-frati-altarpiece.jpg,images/Early_Renaissance_Early_Renaissance__fra-angelico_bosco-ai-frati-altarpiece_to_Rococo.png,0.53245574,0.0,0.6299618482589722,0.0
Early_Renaissance,Rococo,Early_Renaissance__sandro-botticelli_inferno-canto-xviii-1480(1).jpg,images/Early_Renaissance_Early_Renaissance__sandro-botticelli_inferno-canto-xviii-1480(1)_to_Rococo.png,0.5885097,0.0,0.6512861847877502,0.0
Early_Renaissance,Rococo,Early_Renaissance__antonello-da-messina_painter-self-portrait.jpg,images/Early_Renaissance_Early_Renaissance__antonello-da-messina_painter-self-portrait_to_Rococo.png,0.54668754,0.0,0.6502621173858643,0.0
Early_Renaissance,Rococo,Early_Renaissance__paolo-uccello_scene-adoration-of-the-three-kings-1440.jpg,images/Early_Renaissance_Early_Renaissance__paolo-uccello_scene-adoration-of-the-three-kings-1440_to_Rococo.png,0.5212407,0.0,0.6486589908599854,0.0
Early_Renaissance,Ukiyo_e,Early_Renaissance__fra-angelico_bosco-ai-frati-altarpiece.jpg,images/Early_Renaissance_Early_Renaissance__fra-angelico_bosco-ai-frati-altarpiece_to_Ukiyo_e.png,0.49495268,0.0,0.6241127252578735,0.0
Early_Renaissance,Ukiyo_e,Early_Renaissance__sandro-botticelli_inferno-canto-xviii-1480(1).jpg,images/Early_Renaissance_Early_Renaissance__sandro-botticelli_inferno-canto-xviii-1480(1)_to_Ukiyo_e.png,0.5801257,0.0,0.7338862419128418,0.0
Early_Renaissance,Ukiyo_e,Early_Renaissance__antonello-da-messina_painter-self-portrait.jpg,images/Early_Renaissance_Early_Renaissance__antonello-da-messina_painter-self-portrait_to_Ukiyo_e.png,0.49395472,0.0,0.5982548594474792,0.0
Early_Renaissance,Ukiyo_e,Early_Renaissance__paolo-uccello_scene-adoration-of-the-three-kings-1440.jpg,images/Early_Renaissance_Early_Renaissance__paolo-uccello_scene-adoration-of-the-three-kings-1440_to_Ukiyo_e.png,0.4827741,0.0,0.6744006276130676,0.0
Early_Renaissance,Early_Renaissance,Early_Renaissance__benozzo-gozzoli_procession-of-the-magus-caspar-detail-1461-4.jpg,images/Early_Renaissance_Early_Renaissance__benozzo-gozzoli_procession-of-the-magus-caspar-detail-1461-4_to_Early_Renaissance.png,0.5764288,0.0,0.6685608625411987,0.0
Early_Renaissance,Early_Renaissance,Early_Renaissance__benozzo-gozzoli_the-school-of-tagaste-1465-1.jpg,images/Early_Renaissance_Early_Renaissance__benozzo-gozzoli_the-school-of-tagaste-1465-1_to_Early_Renaissance.png,0.55416596,0.0,0.766220211982727,0.0
Early_Renaissance,Early_Renaissance,Early_Renaissance__leonardo-da-vinci_study-of-the-effect-of-light-on-a-profile-head-facsimile.jpg,images/Early_Renaissance_Early_Renaissance__leonardo-da-vinci_study-of-the-effect-of-light-on-a-profile-head-facsimile_to_Early_Renaissance.png,0.50299186,0.0,0.7050982117652893,0.0
Early_Renaissance,Early_Renaissance,Early_Renaissance__andrea-mantegna_adoration-of-the-magi-central-panel-from-the-altarpiece.jpg,images/Early_Renaissance_Early_Renaissance__andrea-mantegna_adoration-of-the-magi-central-panel-from-the-altarpiece_to_Early_Renaissance.png,0.5225249,0.0,0.7236353158950806,0.0
Early_Renaissance,Impressionism,Early_Renaissance__benozzo-gozzoli_procession-of-the-magus-caspar-detail-1461-4.jpg,images/Early_Renaissance_Early_Renaissance__benozzo-gozzoli_procession-of-the-magus-caspar-detail-1461-4_to_Impressionism.png,0.5798423,0.0,0.7926791310310364,0.0
Early_Renaissance,Impressionism,Early_Renaissance__benozzo-gozzoli_the-school-of-tagaste-1465-1.jpg,images/Early_Renaissance_Early_Renaissance__benozzo-gozzoli_the-school-of-tagaste-1465-1_to_Impressionism.png,0.56166565,0.0,0.8396704196929932,0.0
Early_Renaissance,Impressionism,Early_Renaissance__leonardo-da-vinci_study-of-the-effect-of-light-on-a-profile-head-facsimile.jpg,images/Early_Renaissance_Early_Renaissance__leonardo-da-vinci_study-of-the-effect-of-light-on-a-profile-head-facsimile_to_Impressionism.png,0.46835458,0.0,0.7253302931785583,0.0
Early_Renaissance,Impressionism,Early_Renaissance__andrea-mantegna_adoration-of-the-magi-central-panel-from-the-altarpiece.jpg,images/Early_Renaissance_Early_Renaissance__andrea-mantegna_adoration-of-the-magi-central-panel-from-the-altarpiece_to_Impressionism.png,0.53567874,0.0,0.8338690996170044,0.0
Early_Renaissance,Minimalism,Early_Renaissance__benozzo-gozzoli_procession-of-the-magus-caspar-detail-1461-4.jpg,images/Early_Renaissance_Early_Renaissance__benozzo-gozzoli_procession-of-the-magus-caspar-detail-1461-4_to_Minimalism.png,0.62068063,0.0,0.7785876989364624,0.0
Early_Renaissance,Minimalism,Early_Renaissance__benozzo-gozzoli_the-school-of-tagaste-1465-1.jpg,images/Early_Renaissance_Early_Renaissance__benozzo-gozzoli_the-school-of-tagaste-1465-1_to_Minimalism.png,0.5734478,0.0,0.7931092381477356,0.0
Early_Renaissance,Minimalism,Early_Renaissance__leonardo-da-vinci_study-of-the-effect-of-light-on-a-profile-head-facsimile.jpg,images/Early_Renaissance_Early_Renaissance__leonardo-da-vinci_study-of-the-effect-of-light-on-a-profile-head-facsimile_to_Minimalism.png,0.45627788,0.0,0.8644996285438538,0.0
Early_Renaissance,Minimalism,Early_Renaissance__andrea-mantegna_adoration-of-the-magi-central-panel-from-the-altarpiece.jpg,images/Early_Renaissance_Early_Renaissance__andrea-mantegna_adoration-of-the-magi-central-panel-from-the-altarpiece_to_Minimalism.png,0.55517817,0.0,0.7823811769485474,0.0
Early_Renaissance,Rococo,Early_Renaissance__benozzo-gozzoli_procession-of-the-magus-caspar-detail-1461-4.jpg,images/Early_Renaissance_Early_Renaissance__benozzo-gozzoli_procession-of-the-magus-caspar-detail-1461-4_to_Rococo.png,0.5949101,0.0,0.6328300833702087,0.0
Early_Renaissance,Rococo,Early_Renaissance__benozzo-gozzoli_the-school-of-tagaste-1465-1.jpg,images/Early_Renaissance_Early_Renaissance__benozzo-gozzoli_the-school-of-tagaste-1465-1_to_Rococo.png,0.57802856,0.0,0.6696153879165649,0.0
Early_Renaissance,Rococo,Early_Renaissance__leonardo-da-vinci_study-of-the-effect-of-light-on-a-profile-head-facsimile.jpg,images/Early_Renaissance_Early_Renaissance__leonardo-da-vinci_study-of-the-effect-of-light-on-a-profile-head-facsimile_to_Rococo.png,0.5321413,0.0,0.6476341485977173,0.0
Early_Renaissance,Rococo,Early_Renaissance__andrea-mantegna_adoration-of-the-magi-central-panel-from-the-altarpiece.jpg,images/Early_Renaissance_Early_Renaissance__andrea-mantegna_adoration-of-the-magi-central-panel-from-the-altarpiece_to_Rococo.png,0.5387895,0.0,0.68716961145401,0.0
Early_Renaissance,Ukiyo_e,Early_Renaissance__benozzo-gozzoli_procession-of-the-magus-caspar-detail-1461-4.jpg,images/Early_Renaissance_Early_Renaissance__benozzo-gozzoli_procession-of-the-magus-caspar-detail-1461-4_to_Ukiyo_e.png,0.5832788,0.0,0.699533224105835,0.0
Early_Renaissance,Ukiyo_e,Early_Renaissance__benozzo-gozzoli_the-school-of-tagaste-1465-1.jpg,images/Early_Renaissance_Early_Renaissance__benozzo-gozzoli_the-school-of-tagaste-1465-1_to_Ukiyo_e.png,0.54664695,0.0,0.7191069722175598,0.0
Early_Renaissance,Ukiyo_e,Early_Renaissance__leonardo-da-vinci_study-of-the-effect-of-light-on-a-profile-head-facsimile.jpg,images/Early_Renaissance_Early_Renaissance__leonardo-da-vinci_study-of-the-effect-of-light-on-a-profile-head-facsimile_to_Ukiyo_e.png,0.4759508,0.0,0.6904107332229614,0.0
Early_Renaissance,Ukiyo_e,Early_Renaissance__andrea-mantegna_adoration-of-the-magi-central-panel-from-the-altarpiece.jpg,images/Early_Renaissance_Early_Renaissance__andrea-mantegna_adoration-of-the-magi-central-panel-from-the-altarpiece_to_Ukiyo_e.png,0.52439797,0.0,0.7006662487983704,0.0
Early_Renaissance,Early_Renaissance,Early_Renaissance__andrea-mantegna_the-circumcision-of-christ-1464.jpg,images/Early_Renaissance_Early_Renaissance__andrea-mantegna_the-circumcision-of-christ-1464_to_Early_Renaissance.png,0.54420185,0.0,0.7096612453460693,0.0
Early_Renaissance,Early_Renaissance,Early_Renaissance__giovanni-bellini_virgin-and-child-1488.jpg,images/Early_Renaissance_Early_Renaissance__giovanni-bellini_virgin-and-child-1488_to_Early_Renaissance.png,0.55565286,0.0,0.7221511602401733,0.0
Impressionism,Early_Renaissance,Impressionism__john-singer-sargent_lake-in-the-tyrol.jpg,images/Impressionism_Impressionism__john-singer-sargent_lake-in-the-tyrol_to_Early_Renaissance.png,0.52917826,0.0,0.6011813282966614,0.0
Impressionism,Early_Renaissance,Impressionism__eugene-boudin_laundresses-on-the-banks-of-the-touques-9.jpg,images/Impressionism_Impressionism__eugene-boudin_laundresses-on-the-banks-of-the-touques-9_to_Early_Renaissance.png,0.5532727,0.0,0.6786039471626282,0.0
Early_Renaissance,Impressionism,Early_Renaissance__andrea-mantegna_the-circumcision-of-christ-1464.jpg,images/Early_Renaissance_Early_Renaissance__andrea-mantegna_the-circumcision-of-christ-1464_to_Impressionism.png,0.54782945,0.0,0.8085702657699585,0.0
Early_Renaissance,Impressionism,Early_Renaissance__giovanni-bellini_virgin-and-child-1488.jpg,images/Early_Renaissance_Early_Renaissance__giovanni-bellini_virgin-and-child-1488_to_Impressionism.png,0.56757456,0.0,0.755126953125,0.0
Impressionism,Impressionism,Impressionism__john-singer-sargent_lake-in-the-tyrol.jpg,images/Impressionism_Impressionism__john-singer-sargent_lake-in-the-tyrol_to_Impressionism.png,0.5220649,0.0,0.8036954402923584,0.0
Impressionism,Impressionism,Impressionism__eugene-boudin_laundresses-on-the-banks-of-the-touques-9.jpg,images/Impressionism_Impressionism__eugene-boudin_laundresses-on-the-banks-of-the-touques-9_to_Impressionism.png,0.5575193,0.0,0.8554098606109619,0.0
Early_Renaissance,Minimalism,Early_Renaissance__andrea-mantegna_the-circumcision-of-christ-1464.jpg,images/Early_Renaissance_Early_Renaissance__andrea-mantegna_the-circumcision-of-christ-1464_to_Minimalism.png,0.54019004,0.0,0.7830253839492798,0.0
Early_Renaissance,Minimalism,Early_Renaissance__giovanni-bellini_virgin-and-child-1488.jpg,images/Early_Renaissance_Early_Renaissance__giovanni-bellini_virgin-and-child-1488_to_Minimalism.png,0.55539995,0.0,0.6666774749755859,0.0
Impressionism,Minimalism,Impressionism__john-singer-sargent_lake-in-the-tyrol.jpg,images/Impressionism_Impressionism__john-singer-sargent_lake-in-the-tyrol_to_Minimalism.png,0.5332928,0.0,0.7773553133010864,0.0
Impressionism,Minimalism,Impressionism__eugene-boudin_laundresses-on-the-banks-of-the-touques-9.jpg,images/Impressionism_Impressionism__eugene-boudin_laundresses-on-the-banks-of-the-touques-9_to_Minimalism.png,0.59067744,0.0,0.7365872859954834,0.0
Early_Renaissance,Rococo,Early_Renaissance__andrea-mantegna_the-circumcision-of-christ-1464.jpg,images/Early_Renaissance_Early_Renaissance__andrea-mantegna_the-circumcision-of-christ-1464_to_Rococo.png,0.5655751,0.0,0.6717766523361206,0.0
Early_Renaissance,Rococo,Early_Renaissance__giovanni-bellini_virgin-and-child-1488.jpg,images/Early_Renaissance_Early_Renaissance__giovanni-bellini_virgin-and-child-1488_to_Rococo.png,0.56427264,0.0,0.6969732046127319,0.0
Impressionism,Rococo,Impressionism__john-singer-sargent_lake-in-the-tyrol.jpg,images/Impressionism_Impressionism__john-singer-sargent_lake-in-the-tyrol_to_Rococo.png,0.5597494,0.0,0.609420895576477,0.0
Impressionism,Rococo,Impressionism__eugene-boudin_laundresses-on-the-banks-of-the-touques-9.jpg,images/Impressionism_Impressionism__eugene-boudin_laundresses-on-the-banks-of-the-touques-9_to_Rococo.png,0.57633567,0.0,0.6726017594337463,0.0
Early_Renaissance,Ukiyo_e,Early_Renaissance__andrea-mantegna_the-circumcision-of-christ-1464.jpg,images/Early_Renaissance_Early_Renaissance__andrea-mantegna_the-circumcision-of-christ-1464_to_Ukiyo_e.png,0.5334563,0.0,0.7165192365646362,0.0
Early_Renaissance,Ukiyo_e,Early_Renaissance__giovanni-bellini_virgin-and-child-1488.jpg,images/Early_Renaissance_Early_Renaissance__giovanni-bellini_virgin-and-child-1488_to_Ukiyo_e.png,0.57073736,0.0,0.6891493797302246,0.0
Impressionism,Ukiyo_e,Impressionism__john-singer-sargent_lake-in-the-tyrol.jpg,images/Impressionism_Impressionism__john-singer-sargent_lake-in-the-tyrol_to_Ukiyo_e.png,0.50802565,0.0,0.6712786555290222,0.0
Impressionism,Ukiyo_e,Impressionism__eugene-boudin_laundresses-on-the-banks-of-the-touques-9.jpg,images/Impressionism_Impressionism__eugene-boudin_laundresses-on-the-banks-of-the-touques-9_to_Ukiyo_e.png,0.55241597,0.0,0.6952362060546875,0.0
Impressionism,Early_Renaissance,Impressionism__claude-monet_rouen-cathedral-the-portal-at-midday.jpg,images/Impressionism_Impressionism__claude-monet_rouen-cathedral-the-portal-at-midday_to_Early_Renaissance.png,0.54156864,0.0,0.6575947403907776,0.0
Impressionism,Early_Renaissance,Impressionism__stefan-dimitrescu_cabaret.jpg,images/Impressionism_Impressionism__stefan-dimitrescu_cabaret_to_Early_Renaissance.png,0.5711442,0.0,0.7126305103302002,0.0
Impressionism,Early_Renaissance,Impressionism__nicolae-vermont_rotterdam-port-1928.jpg,images/Impressionism_Impressionism__nicolae-vermont_rotterdam-port-1928_to_Early_Renaissance.png,0.52961105,0.0,0.6375688314437866,0.0
Impressionism,Early_Renaissance,Impressionism__childe-hassam_evening-champs-elysees-aka-pres-du-louvre.jpg,images/Impressionism_Impressionism__childe-hassam_evening-champs-elysees-aka-pres-du-louvre_to_Early_Renaissance.png,0.59006274,0.0,0.6780968308448792,0.0
Impressionism,Impressionism,Impressionism__claude-monet_rouen-cathedral-the-portal-at-midday.jpg,images/Impressionism_Impressionism__claude-monet_rouen-cathedral-the-portal-at-midday_to_Impressionism.png,0.54209685,0.0,0.790979266166687,0.0
Impressionism,Impressionism,Impressionism__stefan-dimitrescu_cabaret.jpg,images/Impressionism_Impressionism__stefan-dimitrescu_cabaret_to_Impressionism.png,0.5772586,0.0,0.871929407119751,0.0
Impressionism,Impressionism,Impressionism__nicolae-vermont_rotterdam-port-1928.jpg,images/Impressionism_Impressionism__nicolae-vermont_rotterdam-port-1928_to_Impressionism.png,0.5262691,0.0,0.871482253074646,0.0
Impressionism,Impressionism,Impressionism__childe-hassam_evening-champs-elysees-aka-pres-du-louvre.jpg,images/Impressionism_Impressionism__childe-hassam_evening-champs-elysees-aka-pres-du-louvre_to_Impressionism.png,0.5946085,0.0,0.8688046932220459,0.0
Impressionism,Minimalism,Impressionism__claude-monet_rouen-cathedral-the-portal-at-midday.jpg,images/Impressionism_Impressionism__claude-monet_rouen-cathedral-the-portal-at-midday_to_Minimalism.png,0.6102841,0.0,0.8959062099456787,0.0
Impressionism,Minimalism,Impressionism__stefan-dimitrescu_cabaret.jpg,images/Impressionism_Impressionism__stefan-dimitrescu_cabaret_to_Minimalism.png,0.61925554,0.0,0.7237067818641663,0.0
Impressionism,Minimalism,Impressionism__nicolae-vermont_rotterdam-port-1928.jpg,images/Impressionism_Impressionism__nicolae-vermont_rotterdam-port-1928_to_Minimalism.png,0.56880826,0.0,0.8135920763015747,0.0
Impressionism,Minimalism,Impressionism__childe-hassam_evening-champs-elysees-aka-pres-du-louvre.jpg,images/Impressionism_Impressionism__childe-hassam_evening-champs-elysees-aka-pres-du-louvre_to_Minimalism.png,0.6307355,0.0,0.7538537383079529,0.0
Impressionism,Rococo,Impressionism__claude-monet_rouen-cathedral-the-portal-at-midday.jpg,images/Impressionism_Impressionism__claude-monet_rouen-cathedral-the-portal-at-midday_to_Rococo.png,0.56584644,0.0,0.6147236824035645,0.0
Impressionism,Rococo,Impressionism__stefan-dimitrescu_cabaret.jpg,images/Impressionism_Impressionism__stefan-dimitrescu_cabaret_to_Rococo.png,0.5911901,0.0,0.7135396003723145,0.0
Impressionism,Rococo,Impressionism__nicolae-vermont_rotterdam-port-1928.jpg,images/Impressionism_Impressionism__nicolae-vermont_rotterdam-port-1928_to_Rococo.png,0.5623655,0.0,0.6869527101516724,0.0
Impressionism,Rococo,Impressionism__childe-hassam_evening-champs-elysees-aka-pres-du-louvre.jpg,images/Impressionism_Impressionism__childe-hassam_evening-champs-elysees-aka-pres-du-louvre_to_Rococo.png,0.6069364,0.0,0.6603115200996399,0.0
Impressionism,Ukiyo_e,Impressionism__claude-monet_rouen-cathedral-the-portal-at-midday.jpg,images/Impressionism_Impressionism__claude-monet_rouen-cathedral-the-portal-at-midday_to_Ukiyo_e.png,0.5383998,0.0,0.6524949669837952,0.0
Impressionism,Ukiyo_e,Impressionism__stefan-dimitrescu_cabaret.jpg,images/Impressionism_Impressionism__stefan-dimitrescu_cabaret_to_Ukiyo_e.png,0.58490324,0.0,0.7472661733627319,0.0
Impressionism,Ukiyo_e,Impressionism__nicolae-vermont_rotterdam-port-1928.jpg,images/Impressionism_Impressionism__nicolae-vermont_rotterdam-port-1928_to_Ukiyo_e.png,0.50979054,0.0,0.6597024202346802,0.0
Impressionism,Ukiyo_e,Impressionism__childe-hassam_evening-champs-elysees-aka-pres-du-louvre.jpg,images/Impressionism_Impressionism__childe-hassam_evening-champs-elysees-aka-pres-du-louvre_to_Ukiyo_e.png,0.59193504,0.0,0.6873751878738403,0.0
Impressionism,Early_Renaissance,Impressionism__camille-pissarro_the-gardener-afternoon-sun-eragny-1899.jpg,images/Impressionism_Impressionism__camille-pissarro_the-gardener-afternoon-sun-eragny-1899_to_Early_Renaissance.png,0.61170983,0.0,0.632168173789978,0.0
Impressionism,Early_Renaissance,Impressionism__edgar-degas_study-of-gentile-bellini-1855.jpg,images/Impressionism_Impressionism__edgar-degas_study-of-gentile-bellini-1855_to_Early_Renaissance.png,0.5731525,0.0,0.6671444177627563,0.0
Impressionism,Early_Renaissance,Impressionism__edgar-degas_ancer-with-red-stockings.jpg,images/Impressionism_Impressionism__edgar-degas_ancer-with-red-stockings_to_Early_Renaissance.png,0.5501835,0.0,0.6495201587677002,0.0
Impressionism,Early_Renaissance,Impressionism__eugene-boudin_the-port-ships-at-dock.jpg,images/Impressionism_Impressionism__eugene-boudin_the-port-ships-at-dock_to_Early_Renaissance.png,0.57142687,0.0,0.6410980224609375,0.0
Impressionism,Impressionism,Impressionism__camille-pissarro_the-gardener-afternoon-sun-eragny-1899.jpg,images/Impressionism_Impressionism__camille-pissarro_the-gardener-afternoon-sun-eragny-1899_to_Impressionism.png,0.61095166,0.0,0.7735010385513306,0.0
Impressionism,Impressionism,Impressionism__edgar-degas_study-of-gentile-bellini-1855.jpg,images/Impressionism_Impressionism__edgar-degas_study-of-gentile-bellini-1855_to_Impressionism.png,0.5480872,0.0,0.7270781993865967,0.0
Impressionism,Impressionism,Impressionism__edgar-degas_ancer-with-red-stockings.jpg,images/Impressionism_Impressionism__edgar-degas_ancer-with-red-stockings_to_Impressionism.png,0.5405346,0.0,0.7725754976272583,0.0
Impressionism,Impressionism,Impressionism__eugene-boudin_the-port-ships-at-dock.jpg,images/Impressionism_Impressionism__eugene-boudin_the-port-ships-at-dock_to_Impressionism.png,0.55970293,0.0,0.8229295611381531,0.0
Impressionism,Minimalism,Impressionism__camille-pissarro_the-gardener-afternoon-sun-eragny-1899.jpg,images/Impressionism_Impressionism__camille-pissarro_the-gardener-afternoon-sun-eragny-1899_to_Minimalism.png,0.63855624,0.0,0.7577313780784607,0.0
Impressionism,Minimalism,Impressionism__edgar-degas_study-of-gentile-bellini-1855.jpg,images/Impressionism_Impressionism__edgar-degas_study-of-gentile-bellini-1855_to_Minimalism.png,0.44592375,0.0,0.783225417137146,0.0
Impressionism,Minimalism,Impressionism__edgar-degas_ancer-with-red-stockings.jpg,images/Impressionism_Impressionism__edgar-degas_ancer-with-red-stockings_to_Minimalism.png,0.5329115,0.0,0.8204789161682129,0.0
Impressionism,Minimalism,Impressionism__eugene-boudin_the-port-ships-at-dock.jpg,images/Impressionism_Impressionism__eugene-boudin_the-port-ships-at-dock_to_Minimalism.png,0.54339653,0.0,0.7309832572937012,0.0
Impressionism,Rococo,Impressionism__camille-pissarro_the-gardener-afternoon-sun-eragny-1899.jpg,images/Impressionism_Impressionism__camille-pissarro_the-gardener-afternoon-sun-eragny-1899_to_Rococo.png,0.61912394,0.0,0.6017525792121887,0.0
Impressionism,Rococo,Impressionism__edgar-degas_study-of-gentile-bellini-1855.jpg,images/Impressionism_Impressionism__edgar-degas_study-of-gentile-bellini-1855_to_Rococo.png,0.5873433,0.0,0.6466378569602966,0.0
Impressionism,Rococo,Impressionism__edgar-degas_ancer-with-red-stockings.jpg,images/Impressionism_Impressionism__edgar-degas_ancer-with-red-stockings_to_Rococo.png,0.5879856,0.0,0.6383948922157288,0.0
Impressionism,Rococo,Impressionism__eugene-boudin_the-port-ships-at-dock.jpg,images/Impressionism_Impressionism__eugene-boudin_the-port-ships-at-dock_to_Rococo.png,0.58074844,0.0,0.6559697985649109,0.0
Impressionism,Ukiyo_e,Impressionism__camille-pissarro_the-gardener-afternoon-sun-eragny-1899.jpg,images/Impressionism_Impressionism__camille-pissarro_the-gardener-afternoon-sun-eragny-1899_to_Ukiyo_e.png,0.6254674,0.0,0.6736298203468323,0.0
Impressionism,Ukiyo_e,Impressionism__edgar-degas_study-of-gentile-bellini-1855.jpg,images/Impressionism_Impressionism__edgar-degas_study-of-gentile-bellini-1855_to_Ukiyo_e.png,0.5293435,0.0,0.6863982677459717,0.0
Impressionism,Ukiyo_e,Impressionism__edgar-degas_ancer-with-red-stockings.jpg,images/Impressionism_Impressionism__edgar-degas_ancer-with-red-stockings_to_Ukiyo_e.png,0.5428142,0.0,0.7014510631561279,0.0
Impressionism,Ukiyo_e,Impressionism__eugene-boudin_the-port-ships-at-dock.jpg,images/Impressionism_Impressionism__eugene-boudin_the-port-ships-at-dock_to_Ukiyo_e.png,0.54369605,0.0,0.6531270742416382,0.0
Impressionism,Early_Renaissance,Impressionism__claude-monet_palazzo-contarini-2.jpg,images/Impressionism_Impressionism__claude-monet_palazzo-contarini-2_to_Early_Renaissance.png,0.5477046,0.0,0.654416024684906,0.0
Impressionism,Early_Renaissance,Impressionism__rudolf-schweitzer-cumpana_str-du-n-atena.jpg,images/Impressionism_Impressionism__rudolf-schweitzer-cumpana_str-du-n-atena_to_Early_Renaissance.png,0.56843185,0.0,0.6461341381072998,0.0
Impressionism,Early_Renaissance,Impressionism__winston-churchill_distant-view-of-the-pyramids-1921-1(1).jpg,images/Impressionism_Impressionism__winston-churchill_distant-view-of-the-pyramids-1921-1(1)_to_Early_Renaissance.png,0.5157185,0.0,0.6843195557594299,0.0
Impressionism,Early_Renaissance,Impressionism__mihaly-munkacsy_dusty-country-road-ii-1883.jpg,images/Impressionism_Impressionism__mihaly-munkacsy_dusty-country-road-ii-1883_to_Early_Renaissance.png,0.53140265,0.0,0.6725696325302124,0.0
Impressionism,Impressionism,Impressionism__claude-monet_palazzo-contarini-2.jpg,images/Impressionism_Impressionism__claude-monet_palazzo-contarini-2_to_Impressionism.png,0.5235423,0.0,0.851609468460083,0.0
Impressionism,Impressionism,Impressionism__rudolf-schweitzer-cumpana_str-du-n-atena.jpg,images/Impressionism_Impressionism__rudolf-schweitzer-cumpana_str-du-n-atena_to_Impressionism.png,0.5581676,0.0,0.8368780016899109,0.0
Impressionism,Impressionism,Impressionism__winston-churchill_distant-view-of-the-pyramids-1921-1(1).jpg,images/Impressionism_Impressionism__winston-churchill_distant-view-of-the-pyramids-1921-1(1)_to_Impressionism.png,0.48546958,0.0,0.8492192029953003,0.0
Impressionism,Impressionism,Impressionism__mihaly-munkacsy_dusty-country-road-ii-1883.jpg,images/Impressionism_Impressionism__mihaly-munkacsy_dusty-country-road-ii-1883_to_Impressionism.png,0.522382,0.0,0.8425523638725281,0.0
Impressionism,Minimalism,Impressionism__claude-monet_palazzo-contarini-2.jpg,images/Impressionism_Impressionism__claude-monet_palazzo-contarini-2_to_Minimalism.png,0.53881043,0.0,0.8053841590881348,0.0
Impressionism,Minimalism,Impressionism__rudolf-schweitzer-cumpana_str-du-n-atena.jpg,images/Impressionism_Impressionism__rudolf-schweitzer-cumpana_str-du-n-atena_to_Minimalism.png,0.58036566,0.0,0.8770066499710083,0.0
Impressionism,Minimalism,Impressionism__winston-churchill_distant-view-of-the-pyramids-1921-1(1).jpg,images/Impressionism_Impressionism__winston-churchill_distant-view-of-the-pyramids-1921-1(1)_to_Minimalism.png,0.50299525,0.0,0.8748921155929565,0.0
Impressionism,Minimalism,Impressionism__mihaly-munkacsy_dusty-country-road-ii-1883.jpg,images/Impressionism_Impressionism__mihaly-munkacsy_dusty-country-road-ii-1883_to_Minimalism.png,0.5542465,0.0,0.8791376352310181,0.0
Impressionism,Rococo,Impressionism__claude-monet_palazzo-contarini-2.jpg,images/Impressionism_Impressionism__claude-monet_palazzo-contarini-2_to_Rococo.png,0.54948187,0.0,0.6548274159431458,0.0
Impressionism,Rococo,Impressionism__rudolf-schweitzer-cumpana_str-du-n-atena.jpg,images/Impressionism_Impressionism__rudolf-schweitzer-cumpana_str-du-n-atena_to_Rococo.png,0.581999,0.0,0.6487454175949097,0.0
Impressionism,Rococo,Impressionism__winston-churchill_distant-view-of-the-pyramids-1921-1(1).jpg,images/Impressionism_Impressionism__winston-churchill_distant-view-of-the-pyramids-1921-1(1)_to_Rococo.png,0.5271361,0.0,0.6859835982322693,0.0
Impressionism,Rococo,Impressionism__mihaly-munkacsy_dusty-country-road-ii-1883.jpg,images/Impressionism_Impressionism__mihaly-munkacsy_dusty-country-road-ii-1883_to_Rococo.png,0.5506861,0.0,0.6753649115562439,0.0
Impressionism,Ukiyo_e,Impressionism__claude-monet_palazzo-contarini-2.jpg,images/Impressionism_Impressionism__claude-monet_palazzo-contarini-2_to_Ukiyo_e.png,0.5314517,0.0,0.6617094874382019,0.0
Impressionism,Ukiyo_e,Impressionism__rudolf-schweitzer-cumpana_str-du-n-atena.jpg,images/Impressionism_Impressionism__rudolf-schweitzer-cumpana_str-du-n-atena_to_Ukiyo_e.png,0.560356,0.0,0.6964471936225891,0.0
Impressionism,Ukiyo_e,Impressionism__winston-churchill_distant-view-of-the-pyramids-1921-1(1).jpg,images/Impressionism_Impressionism__winston-churchill_distant-view-of-the-pyramids-1921-1(1)_to_Ukiyo_e.png,0.4884923,0.0,0.6801682710647583,0.0
Impressionism,Ukiyo_e,Impressionism__mihaly-munkacsy_dusty-country-road-ii-1883.jpg,images/Impressionism_Impressionism__mihaly-munkacsy_dusty-country-road-ii-1883_to_Ukiyo_e.png,0.523407,0.0,0.6849403381347656,0.0
Impressionism,Early_Renaissance,Impressionism__eugene-boudin_trouville-the-fish-market-1884.jpg,images/Impressionism_Impressionism__eugene-boudin_trouville-the-fish-market-1884_to_Early_Renaissance.png,0.5395541,0.0,0.7141363620758057,0.0
Impressionism,Early_Renaissance,Impressionism__william-merritt-chase_at-the-boat-landing.jpg,images/Impressionism_Impressionism__william-merritt-chase_at-the-boat-landing_to_Early_Renaissance.png,0.5542785,0.0,0.6243464350700378,0.0
Impressionism,Early_Renaissance,Impressionism__alfred-sisley_the-banks-of-the-oise-1878.jpg,images/Impressionism_Impressionism__alfred-sisley_the-banks-of-the-oise-1878_to_Early_Renaissance.png,0.62089306,0.0,0.6513432860374451,0.0
Impressionism,Early_Renaissance,Impressionism__edouard-manet_tarring-the-boat-1873.jpg,images/Impressionism_Impressionism__edouard-manet_tarring-the-boat-1873_to_Early_Renaissance.png,0.52545136,0.0,0.7168331742286682,0.0
Impressionism,Impressionism,Impressionism__eugene-boudin_trouville-the-fish-market-1884.jpg,images/Impressionism_Impressionism__eugene-boudin_trouville-the-fish-market-1884_to_Impressionism.png,0.54392564,0.0,0.8601054549217224,0.0
Impressionism,Impressionism,Impressionism__william-merritt-chase_at-the-boat-landing.jpg,images/Impressionism_Impressionism__william-merritt-chase_at-the-boat-landing_to_Impressionism.png,0.5229453,0.0,0.8699830174446106,0.0
Impressionism,Impressionism,Impressionism__alfred-sisley_the-banks-of-the-oise-1878.jpg,images/Impressionism_Impressionism__alfred-sisley_the-banks-of-the-oise-1878_to_Impressionism.png,0.5943215,0.0,0.8682341575622559,0.0
Impressionism,Impressionism,Impressionism__edouard-manet_tarring-the-boat-1873.jpg,images/Impressionism_Impressionism__edouard-manet_tarring-the-boat-1873_to_Impressionism.png,0.51752025,0.0,0.8062661290168762,0.0
Impressionism,Minimalism,Impressionism__eugene-boudin_trouville-the-fish-market-1884.jpg,images/Impressionism_Impressionism__eugene-boudin_trouville-the-fish-market-1884_to_Minimalism.png,0.5915762,0.0,0.706149160861969,0.0
Impressionism,Minimalism,Impressionism__william-merritt-chase_at-the-boat-landing.jpg,images/Impressionism_Impressionism__william-merritt-chase_at-the-boat-landing_to_Minimalism.png,0.4988585,0.0,0.7966076135635376,0.0
Impressionism,Minimalism,Impressionism__alfred-sisley_the-banks-of-the-oise-1878.jpg,images/Impressionism_Impressionism__alfred-sisley_the-banks-of-the-oise-1878_to_Minimalism.png,0.5251716,0.0,0.8009966611862183,0.0
Impressionism,Minimalism,Impressionism__edouard-manet_tarring-the-boat-1873.jpg,images/Impressionism_Impressionism__edouard-manet_tarring-the-boat-1873_to_Minimalism.png,0.5409244,0.0,0.7843764424324036,0.0
Impressionism,Rococo,Impressionism__eugene-boudin_trouville-the-fish-market-1884.jpg,images/Impressionism_Impressionism__eugene-boudin_trouville-the-fish-market-1884_to_Rococo.png,0.5613482,0.0,0.7044046521186829,0.0
Impressionism,Rococo,Impressionism__william-merritt-chase_at-the-boat-landing.jpg,images/Impressionism_Impressionism__william-merritt-chase_at-the-boat-landing_to_Rococo.png,0.55548894,0.0,0.6713325381278992,0.0
Impressionism,Rococo,Impressionism__alfred-sisley_the-banks-of-the-oise-1878.jpg,images/Impressionism_Impressionism__alfred-sisley_the-banks-of-the-oise-1878_to_Rococo.png,0.631262,0.0,0.6786662936210632,0.0
Impressionism,Rococo,Impressionism__edouard-manet_tarring-the-boat-1873.jpg,images/Impressionism_Impressionism__edouard-manet_tarring-the-boat-1873_to_Rococo.png,0.5314939,0.0,0.6877321004867554,0.0
Impressionism,Ukiyo_e,Impressionism__eugene-boudin_trouville-the-fish-market-1884.jpg,images/Impressionism_Impressionism__eugene-boudin_trouville-the-fish-market-1884_to_Ukiyo_e.png,0.5392645,0.0,0.6409605741500854,0.0
Impressionism,Ukiyo_e,Impressionism__william-merritt-chase_at-the-boat-landing.jpg,images/Impressionism_Impressionism__william-merritt-chase_at-the-boat-landing_to_Ukiyo_e.png,0.5279447,0.0,0.671880841255188,0.0
Impressionism,Ukiyo_e,Impressionism__alfred-sisley_the-banks-of-the-oise-1878.jpg,images/Impressionism_Impressionism__alfred-sisley_the-banks-of-the-oise-1878_to_Ukiyo_e.png,0.57349503,0.0,0.6596516370773315,0.0
Impressionism,Ukiyo_e,Impressionism__edouard-manet_tarring-the-boat-1873.jpg,images/Impressionism_Impressionism__edouard-manet_tarring-the-boat-1873_to_Ukiyo_e.png,0.52820647,0.0,0.6994818449020386,0.0
Impressionism,Early_Renaissance,Impressionism__joaquã­n-sorolla_study-of-vineyard.jpg,images/Impressionism_Impressionism__joaquã­n-sorolla_study-of-vineyard_to_Early_Renaissance.png,0.6151504,0.0,0.650054395198822,0.0
Impressionism,Early_Renaissance,Impressionism__antoine-blanchard_place-de-la-madeleine-hiver.jpg,images/Impressionism_Impressionism__antoine-blanchard_place-de-la-madeleine-hiver_to_Early_Renaissance.png,0.5352315,0.0,0.561126172542572,0.0
Impressionism,Early_Renaissance,Impressionism__henri-matisse_brittany-also-known-as-boat-1896.jpg,images/Impressionism_Impressionism__henri-matisse_brittany-also-known-as-boat-1896_to_Early_Renaissance.png,0.5408582,0.0,0.6888919472694397,0.0
Impressionism,Early_Renaissance,Impressionism__william-merritt-chase_gray-day-on-the-lagoon-a-passenger-boat-venice.jpg,images/Impressionism_Impressionism__william-merritt-chase_gray-day-on-the-lagoon-a-passenger-boat-venice_to_Early_Renaissance.png,0.53755635,0.0,0.6299477815628052,0.0
Impressionism,Impressionism,Impressionism__joaquã­n-sorolla_study-of-vineyard.jpg,images/Impressionism_Impressionism__joaquã­n-sorolla_study-of-vineyard_to_Impressionism.png,0.6123526,0.0,0.7924680113792419,0.0
Impressionism,Impressionism,Impressionism__antoine-blanchard_place-de-la-madeleine-hiver.jpg,images/Impressionism_Impressionism__antoine-blanchard_place-de-la-madeleine-hiver_to_Impressionism.png,0.5214491,0.0,0.7745939493179321,0.0
Impressionism,Impressionism,Impressionism__henri-matisse_brittany-also-known-as-boat-1896.jpg,images/Impressionism_Impressionism__henri-matisse_brittany-also-known-as-boat-1896_to_Impressionism.png,0.5320062,0.0,0.8242421746253967,0.0
Impressionism,Impressionism,Impressionism__william-merritt-chase_gray-day-on-the-lagoon-a-passenger-boat-venice.jpg,images/Impressionism_Impressionism__william-merritt-chase_gray-day-on-the-lagoon-a-passenger-boat-venice_to_Impressionism.png,0.52166045,0.0,0.8404651880264282,0.0
Impressionism,Minimalism,Impressionism__joaquã­n-sorolla_study-of-vineyard.jpg,images/Impressionism_Impressionism__joaquã­n-sorolla_study-of-vineyard_to_Minimalism.png,0.59028655,0.0,0.8539621233940125,0.0
Impressionism,Minimalism,Impressionism__antoine-blanchard_place-de-la-madeleine-hiver.jpg,images/Impressionism_Impressionism__antoine-blanchard_place-de-la-madeleine-hiver_to_Minimalism.png,0.557024,0.0,0.7150943875312805,0.0
Impressionism,Minimalism,Impressionism__henri-matisse_brittany-also-known-as-boat-1896.jpg,images/Impressionism_Impressionism__henri-matisse_brittany-also-known-as-boat-1896_to_Minimalism.png,0.56688327,0.0,0.8916034698486328,0.0
Impressionism,Minimalism,Impressionism__william-merritt-chase_gray-day-on-the-lagoon-a-passenger-boat-venice.jpg,images/Impressionism_Impressionism__william-merritt-chase_gray-day-on-the-lagoon-a-passenger-boat-venice_to_Minimalism.png,0.53140837,0.0,0.7542175054550171,0.0
Impressionism,Rococo,Impressionism__joaquã­n-sorolla_study-of-vineyard.jpg,images/Impressionism_Impressionism__joaquã­n-sorolla_study-of-vineyard_to_Rococo.png,0.63085866,0.0,0.6332992315292358,0.0
Impressionism,Rococo,Impressionism__antoine-blanchard_place-de-la-madeleine-hiver.jpg,images/Impressionism_Impressionism__antoine-blanchard_place-de-la-madeleine-hiver_to_Rococo.png,0.5526356,0.0,0.6362845301628113,0.0
Impressionism,Rococo,Impressionism__henri-matisse_brittany-also-known-as-boat-1896.jpg,images/Impressionism_Impressionism__henri-matisse_brittany-also-known-as-boat-1896_to_Rococo.png,0.5642855,0.0,0.6711218357086182,0.0
Impressionism,Rococo,Impressionism__william-merritt-chase_gray-day-on-the-lagoon-a-passenger-boat-venice.jpg,images/Impressionism_Impressionism__william-merritt-chase_gray-day-on-the-lagoon-a-passenger-boat-venice_to_Rococo.png,0.5608282,0.0,0.6578432321548462,0.0
Impressionism,Ukiyo_e,Impressionism__joaquã­n-sorolla_study-of-vineyard.jpg,images/Impressionism_Impressionism__joaquã­n-sorolla_study-of-vineyard_to_Ukiyo_e.png,0.59669554,0.0,0.6821589469909668,0.0
Impressionism,Ukiyo_e,Impressionism__antoine-blanchard_place-de-la-madeleine-hiver.jpg,images/Impressionism_Impressionism__antoine-blanchard_place-de-la-madeleine-hiver_to_Ukiyo_e.png,0.5223073,0.0,0.5852704048156738,0.0
Impressionism,Ukiyo_e,Impressionism__henri-matisse_brittany-also-known-as-boat-1896.jpg,images/Impressionism_Impressionism__henri-matisse_brittany-also-known-as-boat-1896_to_Ukiyo_e.png,0.5234345,0.0,0.6704668402671814,0.0
Impressionism,Ukiyo_e,Impressionism__william-merritt-chase_gray-day-on-the-lagoon-a-passenger-boat-venice.jpg,images/Impressionism_Impressionism__william-merritt-chase_gray-day-on-the-lagoon-a-passenger-boat-venice_to_Ukiyo_e.png,0.5029414,0.0,0.6498759984970093,0.0
Impressionism,Early_Renaissance,Impressionism__augustus-john_proven-al-landscape.jpg,images/Impressionism_Impressionism__augustus-john_proven-al-landscape_to_Early_Renaissance.png,0.56903875,0.0,0.6778554916381836,0.0
Impressionism,Early_Renaissance,Impressionism__pierre-auguste-renoir_still-life-with-apples-and-pomegranates-1901.jpg,images/Impressionism_Impressionism__pierre-auguste-renoir_still-life-with-apples-and-pomegranates-1901_to_Early_Renaissance.png,0.57534254,0.0,0.6640852689743042,0.0
Impressionism,Early_Renaissance,Impressionism__childe-hassam_september-moonrise.jpg,images/Impressionism_Impressionism__childe-hassam_september-moonrise_to_Early_Renaissance.png,0.56303114,0.0,0.6350794434547424,0.0
Impressionism,Early_Renaissance,Impressionism__claude-monet_bordighera-the-house-of-gardener.jpg,images/Impressionism_Impressionism__claude-monet_bordighera-the-house-of-gardener_to_Early_Renaissance.png,0.59014237,0.0,0.7229427695274353,0.0
Impressionism,Impressionism,Impressionism__augustus-john_proven-al-landscape.jpg,images/Impressionism_Impressionism__augustus-john_proven-al-landscape_to_Impressionism.png,0.56593364,0.0,0.8259605169296265,0.0
Impressionism,Impressionism,Impressionism__pierre-auguste-renoir_still-life-with-apples-and-pomegranates-1901.jpg,images/Impressionism_Impressionism__pierre-auguste-renoir_still-life-with-apples-and-pomegranates-1901_to_Impressionism.png,0.5580407,0.0,0.7992929220199585,0.0
Impressionism,Impressionism,Impressionism__childe-hassam_september-moonrise.jpg,images/Impressionism_Impressionism__childe-hassam_september-moonrise_to_Impressionism.png,0.5160115,0.0,0.8008298277854919,0.0
Impressionism,Impressionism,Impressionism__claude-monet_bordighera-the-house-of-gardener.jpg,images/Impressionism_Impressionism__claude-monet_bordighera-the-house-of-gardener_to_Impressionism.png,0.5856632,0.0,0.8300804495811462,0.0
Impressionism,Minimalism,Impressionism__augustus-john_proven-al-landscape.jpg,images/Impressionism_Impressionism__augustus-john_proven-al-landscape_to_Minimalism.png,0.5517252,0.0,0.7864311933517456,0.0
Impressionism,Minimalism,Impressionism__pierre-auguste-renoir_still-life-with-apples-and-pomegranates-1901.jpg,images/Impressionism_Impressionism__pierre-auguste-renoir_still-life-with-apples-and-pomegranates-1901_to_Minimalism.png,0.52205294,0.0,0.8308643102645874,0.0
Impressionism,Minimalism,Impressionism__childe-hassam_september-moonrise.jpg,images/Impressionism_Impressionism__childe-hassam_september-moonrise_to_Minimalism.png,0.4894144,0.0,0.8351156711578369,0.0
Impressionism,Minimalism,Impressionism__claude-monet_bordighera-the-house-of-gardener.jpg,images/Impressionism_Impressionism__claude-monet_bordighera-the-house-of-gardener_to_Minimalism.png,0.62659824,0.0,0.8038247227668762,0.0
Impressionism,Rococo,Impressionism__augustus-john_proven-al-landscape.jpg,images/Impressionism_Impressionism__augustus-john_proven-al-landscape_to_Rococo.png,0.5901282,0.0,0.6590664386749268,0.0
Impressionism,Rococo,Impressionism__pierre-auguste-renoir_still-life-with-apples-and-pomegranates-1901.jpg,images/Impressionism_Impressionism__pierre-auguste-renoir_still-life-with-apples-and-pomegranates-1901_to_Rococo.png,0.5897106,0.0,0.6270869970321655,0.0
Impressionism,Rococo,Impressionism__childe-hassam_september-moonrise.jpg,images/Impressionism_Impressionism__childe-hassam_september-moonrise_to_Rococo.png,0.57231784,0.0,0.6476795673370361,0.0
Impressionism,Rococo,Impressionism__claude-monet_bordighera-the-house-of-gardener.jpg,images/Impressionism_Impressionism__claude-monet_bordighera-the-house-of-gardener_to_Rococo.png,0.59607553,0.0,0.6735450029373169,0.0
Impressionism,Ukiyo_e,Impressionism__augustus-john_proven-al-landscape.jpg,images/Impressionism_Impressionism__augustus-john_proven-al-landscape_to_Ukiyo_e.png,0.5559756,0.0,0.6753798127174377,0.0
Impressionism,Ukiyo_e,Impressionism__pierre-auguste-renoir_still-life-with-apples-and-pomegranates-1901.jpg,images/Impressionism_Impressionism__pierre-auguste-renoir_still-life-with-apples-and-pomegranates-1901_to_Ukiyo_e.png,0.5702107,0.0,0.6760808229446411,0.0
Impressionism,Ukiyo_e,Impressionism__childe-hassam_september-moonrise.jpg,images/Impressionism_Impressionism__childe-hassam_september-moonrise_to_Ukiyo_e.png,0.51523083,0.0,0.661925196647644,0.0
Impressionism,Ukiyo_e,Impressionism__claude-monet_bordighera-the-house-of-gardener.jpg,images/Impressionism_Impressionism__claude-monet_bordighera-the-house-of-gardener_to_Ukiyo_e.png,0.59798944,0.0,0.712278425693512,0.0
Impressionism,Early_Renaissance,Impressionism__nikolay-bogdanov-belsky_connoisseurs-of-books-knowledge-is-power.jpg,images/Impressionism_Impressionism__nikolay-bogdanov-belsky_connoisseurs-of-books-knowledge-is-power_to_Early_Renaissance.png,0.6036742,0.0,0.646396279335022,0.0
Impressionism,Early_Renaissance,Impressionism__alfred-sisley_riverbank-at-veneux-1881.jpg,images/Impressionism_Impressionism__alfred-sisley_riverbank-at-veneux-1881_to_Early_Renaissance.png,0.49818558,0.0,0.6503444910049438,0.0
Impressionism,Early_Renaissance,Impressionism__armand-guillaumin_valley-in-pontgibaud-1890.jpg,images/Impressionism_Impressionism__armand-guillaumin_valley-in-pontgibaud-1890_to_Early_Renaissance.png,0.56868935,0.0,0.6251281499862671,0.0
Impressionism,Early_Renaissance,Impressionism__konstantin-korovin_arctic-ocean-1913.jpg,images/Impressionism_Impressionism__konstantin-korovin_arctic-ocean-1913_to_Early_Renaissance.png,0.49019003,0.0,0.665442705154419,0.0
Impressionism,Impressionism,Impressionism__nikolay-bogdanov-belsky_connoisseurs-of-books-knowledge-is-power.jpg,images/Impressionism_Impressionism__nikolay-bogdanov-belsky_connoisseurs-of-books-knowledge-is-power_to_Impressionism.png,0.59671724,0.0,0.830077052116394,0.0
Impressionism,Impressionism,Impressionism__alfred-sisley_riverbank-at-veneux-1881.jpg,images/Impressionism_Impressionism__alfred-sisley_riverbank-at-veneux-1881_to_Impressionism.png,0.49282563,0.0,0.8204932808876038,0.0
Impressionism,Impressionism,Impressionism__armand-guillaumin_valley-in-pontgibaud-1890.jpg,images/Impressionism_Impressionism__armand-guillaumin_valley-in-pontgibaud-1890_to_Impressionism.png,0.55297714,0.0,0.8322420120239258,0.0
Impressionism,Impressionism,Impressionism__konstantin-korovin_arctic-ocean-1913.jpg,images/Impressionism_Impressionism__konstantin-korovin_arctic-ocean-1913_to_Impressionism.png,0.4682723,0.0,0.8421549797058105,0.0
Impressionism,Minimalism,Impressionism__nikolay-bogdanov-belsky_connoisseurs-of-books-knowledge-is-power.jpg,images/Impressionism_Impressionism__nikolay-bogdanov-belsky_connoisseurs-of-books-knowledge-is-power_to_Minimalism.png,0.57331157,0.0,0.6850836277008057,0.0
Impressionism,Minimalism,Impressionism__alfred-sisley_riverbank-at-veneux-1881.jpg,images/Impressionism_Impressionism__alfred-sisley_riverbank-at-veneux-1881_to_Minimalism.png,0.56289554,0.0,0.8187130689620972,0.0
Impressionism,Minimalism,Impressionism__armand-guillaumin_valley-in-pontgibaud-1890.jpg,images/Impressionism_Impressionism__armand-guillaumin_valley-in-pontgibaud-1890_to_Minimalism.png,0.5448241,0.0,0.8118687868118286,0.0
Impressionism,Minimalism,Impressionism__konstantin-korovin_arctic-ocean-1913.jpg,images/Impressionism_Impressionism__konstantin-korovin_arctic-ocean-1913_to_Minimalism.png,0.5043348,0.0,0.863885223865509,0.0
Impressionism,Rococo,Impressionism__nikolay-bogdanov-belsky_connoisseurs-of-books-knowledge-is-power.jpg,images/Impressionism_Impressionism__nikolay-bogdanov-belsky_connoisseurs-of-books-knowledge-is-power_to_Rococo.png,0.6073615,0.0,0.6276534199714661,0.0
Impressionism,Rococo,Impressionism__alfred-sisley_riverbank-at-veneux-1881.jpg,images/Impressionism_Impressionism__alfred-sisley_riverbank-at-veneux-1881_to_Rococo.png,0.521915,0.0,0.6455253958702087,0.0
Impressionism,Rococo,Impressionism__armand-guillaumin_valley-in-pontgibaud-1890.jpg,images/Impressionism_Impressionism__armand-guillaumin_valley-in-pontgibaud-1890_to_Rococo.png,0.5736494,0.0,0.619476318359375,0.0
Impressionism,Rococo,Impressionism__konstantin-korovin_arctic-ocean-1913.jpg,images/Impressionism_Impressionism__konstantin-korovin_arctic-ocean-1913_to_Rococo.png,0.530752,0.0,0.6598684787750244,0.0
Impressionism,Ukiyo_e,Impressionism__nikolay-bogdanov-belsky_connoisseurs-of-books-knowledge-is-power.jpg,images/Impressionism_Impressionism__nikolay-bogdanov-belsky_connoisseurs-of-books-knowledge-is-power_to_Ukiyo_e.png,0.59604955,0.0,0.7011626958847046,0.0
Impressionism,Ukiyo_e,Impressionism__alfred-sisley_riverbank-at-veneux-1881.jpg,images/Impressionism_Impressionism__alfred-sisley_riverbank-at-veneux-1881_to_Ukiyo_e.png,0.5096934,0.0,0.672856330871582,0.0
Impressionism,Ukiyo_e,Impressionism__armand-guillaumin_valley-in-pontgibaud-1890.jpg,images/Impressionism_Impressionism__armand-guillaumin_valley-in-pontgibaud-1890_to_Ukiyo_e.png,0.5551539,0.0,0.6571857929229736,0.0
Impressionism,Ukiyo_e,Impressionism__konstantin-korovin_arctic-ocean-1913.jpg,images/Impressionism_Impressionism__konstantin-korovin_arctic-ocean-1913_to_Ukiyo_e.png,0.46331972,0.0,0.6869986653327942,0.0
Minimalism,Early_Renaissance,Minimalism__robert-mangold_untitled-fcpa-1995.jpg,images/Minimalism_Minimalism__robert-mangold_untitled-fcpa-1995_to_Early_Renaissance.png,0.5571575,0.0,0.6036113500595093,0.0
Minimalism,Early_Renaissance,Minimalism__judy-chicago_morning-fan-1971.jpg,images/Minimalism_Minimalism__judy-chicago_morning-fan-1971_to_Early_Renaissance.png,0.49797648,0.0,0.6174286603927612,0.0
Minimalism,Early_Renaissance,Minimalism__joan-hernandez-pijuan_nuvol-rosa-2-1990.jpg,images/Minimalism_Minimalism__joan-hernandez-pijuan_nuvol-rosa-2-1990_to_Early_Renaissance.png,0.47178876,0.0,0.6569209098815918,0.0
Minimalism,Early_Renaissance,Minimalism__tony-smith_die-1968.jpg,images/Minimalism_Minimalism__tony-smith_die-1968_to_Early_Renaissance.png,0.53562385,0.0,0.6182025074958801,0.0
Minimalism,Impressionism,Minimalism__robert-mangold_untitled-fcpa-1995.jpg,images/Minimalism_Minimalism__robert-mangold_untitled-fcpa-1995_to_Impressionism.png,0.5288198,0.0,0.6156414747238159,0.0
Minimalism,Impressionism,Minimalism__judy-chicago_morning-fan-1971.jpg,images/Minimalism_Minimalism__judy-chicago_morning-fan-1971_to_Impressionism.png,0.4709868,0.0,0.6863685250282288,0.0
Minimalism,Impressionism,Minimalism__joan-hernandez-pijuan_nuvol-rosa-2-1990.jpg,images/Minimalism_Minimalism__joan-hernandez-pijuan_nuvol-rosa-2-1990_to_Impressionism.png,0.42754054,0.0,0.7460395097732544,0.0
Minimalism,Impressionism,Minimalism__tony-smith_die-1968.jpg,images/Minimalism_Minimalism__tony-smith_die-1968_to_Impressionism.png,0.5153613,0.0,0.6482626795768738,0.0
Minimalism,Minimalism,Minimalism__robert-mangold_untitled-fcpa-1995.jpg,images/Minimalism_Minimalism__robert-mangold_untitled-fcpa-1995_to_Minimalism.png,0.2657081,0.0,0.8709001541137695,0.0
Minimalism,Minimalism,Minimalism__judy-chicago_morning-fan-1971.jpg,images/Minimalism_Minimalism__judy-chicago_morning-fan-1971_to_Minimalism.png,0.31590688,0.0,0.8883480429649353,0.0
Minimalism,Minimalism,Minimalism__joan-hernandez-pijuan_nuvol-rosa-2-1990.jpg,images/Minimalism_Minimalism__joan-hernandez-pijuan_nuvol-rosa-2-1990_to_Minimalism.png,0.38659588,0.0,0.9026894569396973,0.0
Minimalism,Minimalism,Minimalism__tony-smith_die-1968.jpg,images/Minimalism_Minimalism__tony-smith_die-1968_to_Minimalism.png,0.39151645,0.0,0.7804790139198303,0.0
Minimalism,Rococo,Minimalism__robert-mangold_untitled-fcpa-1995.jpg,images/Minimalism_Minimalism__robert-mangold_untitled-fcpa-1995_to_Rococo.png,0.52536035,0.0,0.5872861742973328,0.0
Minimalism,Rococo,Minimalism__judy-chicago_morning-fan-1971.jpg,images/Minimalism_Minimalism__judy-chicago_morning-fan-1971_to_Rococo.png,0.4942754,0.0,0.5995681285858154,0.0
Minimalism,Rococo,Minimalism__joan-hernandez-pijuan_nuvol-rosa-2-1990.jpg,images/Minimalism_Minimalism__joan-hernandez-pijuan_nuvol-rosa-2-1990_to_Rococo.png,0.41346568,0.0,0.635233998298645,0.0
Minimalism,Rococo,Minimalism__tony-smith_die-1968.jpg,images/Minimalism_Minimalism__tony-smith_die-1968_to_Rococo.png,0.5117643,0.0,0.5861281156539917,0.0
Minimalism,Ukiyo_e,Minimalism__robert-mangold_untitled-fcpa-1995.jpg,images/Minimalism_Minimalism__robert-mangold_untitled-fcpa-1995_to_Ukiyo_e.png,0.5152697,0.0,0.6075392961502075,0.0
Minimalism,Ukiyo_e,Minimalism__judy-chicago_morning-fan-1971.jpg,images/Minimalism_Minimalism__judy-chicago_morning-fan-1971_to_Ukiyo_e.png,0.45779353,0.0,0.6625747084617615,0.0
Minimalism,Ukiyo_e,Minimalism__joan-hernandez-pijuan_nuvol-rosa-2-1990.jpg,images/Minimalism_Minimalism__joan-hernandez-pijuan_nuvol-rosa-2-1990_to_Ukiyo_e.png,0.49798912,0.0,0.6339886784553528,0.0
Minimalism,Ukiyo_e,Minimalism__tony-smith_die-1968.jpg,images/Minimalism_Minimalism__tony-smith_die-1968_to_Ukiyo_e.png,0.54934484,0.0,0.6060913801193237,0.0
Minimalism,Early_Renaissance,Minimalism__robert-ryman_surface-veil-1970.jpg,images/Minimalism_Minimalism__robert-ryman_surface-veil-1970_to_Early_Renaissance.png,0.558156,0.0,0.6626981496810913,0.0
Minimalism,Early_Renaissance,Minimalism__eva-hesse_expanded-expansion-1969.jpg,images/Minimalism_Minimalism__eva-hesse_expanded-expansion-1969_to_Early_Renaissance.png,0.53445464,0.0,0.5813664793968201,0.0
Minimalism,Early_Renaissance,Minimalism__ellsworth-kelly_diagonal-1951.jpg,images/Minimalism_Minimalism__ellsworth-kelly_diagonal-1951_to_Early_Renaissance.png,0.563191,0.0,0.5677909255027771,0.0
Minimalism,Early_Renaissance,Minimalism__john-mclaughlin_number-13-1973.jpg,images/Minimalism_Minimalism__john-mclaughlin_number-13-1973_to_Early_Renaissance.png,0.6629295,0.0,0.6344276070594788,0.0
Minimalism,Impressionism,Minimalism__robert-ryman_surface-veil-1970.jpg,images/Minimalism_Minimalism__robert-ryman_surface-veil-1970_to_Impressionism.png,0.52967113,0.0,0.7231661677360535,0.0
Minimalism,Impressionism,Minimalism__eva-hesse_expanded-expansion-1969.jpg,images/Minimalism_Minimalism__eva-hesse_expanded-expansion-1969_to_Impressionism.png,0.5143992,0.0,0.5365428924560547,0.0
Minimalism,Impressionism,Minimalism__ellsworth-kelly_diagonal-1951.jpg,images/Minimalism_Minimalism__ellsworth-kelly_diagonal-1951_to_Impressionism.png,0.5305469,0.0,0.5627366900444031,0.0
Minimalism,Impressionism,Minimalism__john-mclaughlin_number-13-1973.jpg,images/Minimalism_Minimalism__john-mclaughlin_number-13-1973_to_Impressionism.png,0.682485,0.0,0.6201245784759521,0.0
Minimalism,Minimalism,Minimalism__robert-ryman_surface-veil-1970.jpg,images/Minimalism_Minimalism__robert-ryman_surface-veil-1970_to_Minimalism.png,0.3506053,0.0,0.9157349467277527,0.0
Minimalism,Minimalism,Minimalism__eva-hesse_expanded-expansion-1969.jpg,images/Minimalism_Minimalism__eva-hesse_expanded-expansion-1969_to_Minimalism.png,0.37709773,0.0,0.9110097885131836,0.0
Minimalism,Minimalism,Minimalism__ellsworth-kelly_diagonal-1951.jpg,images/Minimalism_Minimalism__ellsworth-kelly_diagonal-1951_to_Minimalism.png,0.30726475,0.0,0.8340548872947693,0.0
Minimalism,Minimalism,Minimalism__john-mclaughlin_number-13-1973.jpg,images/Minimalism_Minimalism__john-mclaughlin_number-13-1973_to_Minimalism.png,0.58835316,0.0,0.8682867288589478,0.0
Minimalism,Rococo,Minimalism__robert-ryman_surface-veil-1970.jpg,images/Minimalism_Minimalism__robert-ryman_surface-veil-1970_to_Rococo.png,0.5576352,0.0,0.6548129320144653,0.0
Minimalism,Rococo,Minimalism__eva-hesse_expanded-expansion-1969.jpg,images/Minimalism_Minimalism__eva-hesse_expanded-expansion-1969_to_Rococo.png,0.49524993,0.0,0.6006327867507935,0.0
Minimalism,Rococo,Minimalism__ellsworth-kelly_diagonal-1951.jpg,images/Minimalism_Minimalism__ellsworth-kelly_diagonal-1951_to_Rococo.png,0.57912743,0.0,0.5832956433296204,0.0
Minimalism,Rococo,Minimalism__john-mclaughlin_number-13-1973.jpg,images/Minimalism_Minimalism__john-mclaughlin_number-13-1973_to_Rococo.png,0.5899365,0.0,0.5625126957893372,0.0
Minimalism,Ukiyo_e,Minimalism__robert-ryman_surface-veil-1970.jpg,images/Minimalism_Minimalism__robert-ryman_surface-veil-1970_to_Ukiyo_e.png,0.5246253,0.0,0.6388675570487976,0.0
Minimalism,Ukiyo_e,Minimalism__eva-hesse_expanded-expansion-1969.jpg,images/Minimalism_Minimalism__eva-hesse_expanded-expansion-1969_to_Ukiyo_e.png,0.536624,0.0,0.542017936706543,0.0
Minimalism,Ukiyo_e,Minimalism__ellsworth-kelly_diagonal-1951.jpg,images/Minimalism_Minimalism__ellsworth-kelly_diagonal-1951_to_Ukiyo_e.png,0.5156776,0.0,0.5897606611251831,0.0
Minimalism,Ukiyo_e,Minimalism__john-mclaughlin_number-13-1973.jpg,images/Minimalism_Minimalism__john-mclaughlin_number-13-1973_to_Ukiyo_e.png,0.66950136,0.0,0.6250678896903992,0.0
Minimalism,Early_Renaissance,Minimalism__joan-hernandez-pijuan_untitled-120-1999.jpg,images/Minimalism_Minimalism__joan-hernandez-pijuan_untitled-120-1999_to_Early_Renaissance.png,0.56180644,0.0,0.6903265118598938,0.0
Minimalism,Early_Renaissance,Minimalism__mira-schendel_untitled-1984.jpg,images/Minimalism_Minimalism__mira-schendel_untitled-1984_to_Early_Renaissance.png,0.47013503,0.0,0.6517859697341919,0.0
Minimalism,Early_Renaissance,Minimalism__imi-knoebel_weiss-und-schwarz-4-2009.jpg,images/Minimalism_Minimalism__imi-knoebel_weiss-und-schwarz-4-2009_to_Early_Renaissance.png,0.5199443,0.0,0.646601140499115,0.0
Minimalism,Early_Renaissance,Minimalism__sean-scully_untitled-1973.jpg,images/Minimalism_Minimalism__sean-scully_untitled-1973_to_Early_Renaissance.png,0.64500415,0.0,0.6240808963775635,0.0
Minimalism,Impressionism,Minimalism__joan-hernandez-pijuan_untitled-120-1999.jpg,images/Minimalism_Minimalism__joan-hernandez-pijuan_untitled-120-1999_to_Impressionism.png,0.5377588,0.0,0.7094658017158508,0.0
Minimalism,Impressionism,Minimalism__mira-schendel_untitled-1984.jpg,images/Minimalism_Minimalism__mira-schendel_untitled-1984_to_Impressionism.png,0.40428132,0.0,0.652721107006073,0.0
Minimalism,Impressionism,Minimalism__imi-knoebel_weiss-und-schwarz-4-2009.jpg,images/Minimalism_Minimalism__imi-knoebel_weiss-und-schwarz-4-2009_to_Impressionism.png,0.4884371,0.0,0.6976264715194702,0.0
Minimalism,Impressionism,Minimalism__sean-scully_untitled-1973.jpg,images/Minimalism_Minimalism__sean-scully_untitled-1973_to_Impressionism.png,0.6035521,0.0,0.740271806716919,0.0
Minimalism,Minimalism,Minimalism__joan-hernandez-pijuan_untitled-120-1999.jpg,images/Minimalism_Minimalism__joan-hernandez-pijuan_untitled-120-1999_to_Minimalism.png,0.3887798,0.0,0.8450815081596375,0.0
Minimalism,Minimalism,Minimalism__mira-schendel_untitled-1984.jpg,images/Minimalism_Minimalism__mira-schendel_untitled-1984_to_Minimalism.png,0.3991024,0.0,0.8118963241577148,0.0
Minimalism,Minimalism,Minimalism__imi-knoebel_weiss-und-schwarz-4-2009.jpg,images/Minimalism_Minimalism__imi-knoebel_weiss-und-schwarz-4-2009_to_Minimalism.png,0.30143273,0.0,0.8757971525192261,0.0
Minimalism,Minimalism,Minimalism__sean-scully_untitled-1973.jpg,images/Minimalism_Minimalism__sean-scully_untitled-1973_to_Minimalism.png,0.4808053,0.0,0.9088220596313477,0.0
Minimalism,Rococo,Minimalism__joan-hernandez-pijuan_untitled-120-1999.jpg,images/Minimalism_Minimalism__joan-hernandez-pijuan_untitled-120-1999_to_Rococo.png,0.553356,0.0,0.6169243454933167,0.0
Minimalism,Rococo,Minimalism__mira-schendel_untitled-1984.jpg,images/Minimalism_Minimalism__mira-schendel_untitled-1984_to_Rococo.png,0.45563012,0.0,0.5538181066513062,0.0
Minimalism,Rococo,Minimalism__imi-knoebel_weiss-und-schwarz-4-2009.jpg,images/Minimalism_Minimalism__imi-knoebel_weiss-und-schwarz-4-2009_to_Rococo.png,0.51855034,0.0,0.6048752665519714,0.0
Minimalism,Rococo,Minimalism__sean-scully_untitled-1973.jpg,images/Minimalism_Minimalism__sean-scully_untitled-1973_to_Rococo.png,0.59833926,0.0,0.5999618172645569,0.0
Minimalism,Ukiyo_e,Minimalism__joan-hernandez-pijuan_untitled-120-1999.jpg,images/Minimalism_Minimalism__joan-hernandez-pijuan_untitled-120-1999_to_Ukiyo_e.png,0.53513575,0.0,0.6419769525527954,0.0
Minimalism,Ukiyo_e,Minimalism__mira-schendel_untitled-1984.jpg,images/Minimalism_Minimalism__mira-schendel_untitled-1984_to_Ukiyo_e.png,0.43525755,0.0,0.6562246084213257,0.0
Minimalism,Ukiyo_e,Minimalism__imi-knoebel_weiss-und-schwarz-4-2009.jpg,images/Minimalism_Minimalism__imi-knoebel_weiss-und-schwarz-4-2009_to_Ukiyo_e.png,0.46390766,0.0,0.6527537703514099,0.0
Minimalism,Ukiyo_e,Minimalism__sean-scully_untitled-1973.jpg,images/Minimalism_Minimalism__sean-scully_untitled-1973_to_Ukiyo_e.png,0.63391715,0.0,0.6855831146240234,0.0
Minimalism,Early_Renaissance,Minimalism__yves-klein_untitled-yellow-monochrome-1956.jpg,images/Minimalism_Minimalism__yves-klein_untitled-yellow-monochrome-1956_to_Early_Renaissance.png,0.65442395,0.0,0.6310871243476868,0.0
Minimalism,Early_Renaissance,Minimalism__robert-ryman_conversion-2003.jpg,images/Minimalism_Minimalism__robert-ryman_conversion-2003_to_Early_Renaissance.png,0.6286829,0.0,0.5885282754898071,0.0
Minimalism,Early_Renaissance,Minimalism__pino-pinelli_pittura-r-1993.jpg,images/Minimalism_Minimalism__pino-pinelli_pittura-r-1993_to_Early_Renaissance.png,0.6829775,0.0,0.6395415663719177,0.0
Minimalism,Early_Renaissance,Minimalism__william-scott_bowl-white-on-grey-1962.jpg,images/Minimalism_Minimalism__william-scott_bowl-white-on-grey-1962_to_Early_Renaissance.png,0.59977996,0.0,0.6772198677062988,0.0
Minimalism,Impressionism,Minimalism__yves-klein_untitled-yellow-monochrome-1956.jpg,images/Minimalism_Minimalism__yves-klein_untitled-yellow-monochrome-1956_to_Impressionism.png,0.59499544,0.0,0.6819901466369629,0.0
Minimalism,Impressionism,Minimalism__robert-ryman_conversion-2003.jpg,images/Minimalism_Minimalism__robert-ryman_conversion-2003_to_Impressionism.png,0.5739143,0.0,0.5271854996681213,0.0
Minimalism,Impressionism,Minimalism__pino-pinelli_pittura-r-1993.jpg,images/Minimalism_Minimalism__pino-pinelli_pittura-r-1993_to_Impressionism.png,0.62819755,0.0,0.649407684803009,0.0
Minimalism,Impressionism,Minimalism__william-scott_bowl-white-on-grey-1962.jpg,images/Minimalism_Minimalism__william-scott_bowl-white-on-grey-1962_to_Impressionism.png,0.5570067,0.0,0.6895648241043091,0.0
Minimalism,Minimalism,Minimalism__yves-klein_untitled-yellow-monochrome-1956.jpg,images/Minimalism_Minimalism__yves-klein_untitled-yellow-monochrome-1956_to_Minimalism.png,0.4267763,0.0,0.8641304969787598,0.0
Minimalism,Minimalism,Minimalism__robert-ryman_conversion-2003.jpg,images/Minimalism_Minimalism__robert-ryman_conversion-2003_to_Minimalism.png,0.358398,0.0,0.8391609191894531,0.0
Minimalism,Minimalism,Minimalism__pino-pinelli_pittura-r-1993.jpg,images/Minimalism_Minimalism__pino-pinelli_pittura-r-1993_to_Minimalism.png,0.5378644,0.0,0.9146225452423096,0.0
Minimalism,Minimalism,Minimalism__william-scott_bowl-white-on-grey-1962.jpg,images/Minimalism_Minimalism__william-scott_bowl-white-on-grey-1962_to_Minimalism.png,0.46715605,0.0,0.9167003035545349,0.0
Minimalism,Rococo,Minimalism__yves-klein_untitled-yellow-monochrome-1956.jpg,images/Minimalism_Minimalism__yves-klein_untitled-yellow-monochrome-1956_to_Rococo.png,0.58420306,0.0,0.5985559225082397,0.0
Minimalism,Rococo,Minimalism__robert-ryman_conversion-2003.jpg,images/Minimalism_Minimalism__robert-ryman_conversion-2003_to_Rococo.png,0.59314984,0.0,0.595352053642273,0.0
Minimalism,Rococo,Minimalism__pino-pinelli_pittura-r-1993.jpg,images/Minimalism_Minimalism__pino-pinelli_pittura-r-1993_to_Rococo.png,0.6350935,0.0,0.5922493934631348,0.0
Minimalism,Rococo,Minimalism__william-scott_bowl-white-on-grey-1962.jpg,images/Minimalism_Minimalism__william-scott_bowl-white-on-grey-1962_to_Rococo.png,0.55774546,0.0,0.6042158603668213,0.0
Minimalism,Ukiyo_e,Minimalism__yves-klein_untitled-yellow-monochrome-1956.jpg,images/Minimalism_Minimalism__yves-klein_untitled-yellow-monochrome-1956_to_Ukiyo_e.png,0.6563402,0.0,0.6022928953170776,0.0
Minimalism,Ukiyo_e,Minimalism__robert-ryman_conversion-2003.jpg,images/Minimalism_Minimalism__robert-ryman_conversion-2003_to_Ukiyo_e.png,0.61986357,0.0,0.6147212386131287,0.0
Minimalism,Ukiyo_e,Minimalism__pino-pinelli_pittura-r-1993.jpg,images/Minimalism_Minimalism__pino-pinelli_pittura-r-1993_to_Ukiyo_e.png,0.6807804,0.0,0.6298182010650635,0.0
Minimalism,Ukiyo_e,Minimalism__william-scott_bowl-white-on-grey-1962.jpg,images/Minimalism_Minimalism__william-scott_bowl-white-on-grey-1962_to_Ukiyo_e.png,0.5854658,0.0,0.6031181812286377,0.0
Minimalism,Early_Renaissance,Minimalism__alvaro-lapa_criminals-and-their-properties-1974.jpg,images/Minimalism_Minimalism__alvaro-lapa_criminals-and-their-properties-1974_to_Early_Renaissance.png,0.5548342,0.0,0.6458291411399841,0.0
Minimalism,Early_Renaissance,Minimalism__john-mclaughlin_number-4.jpg,images/Minimalism_Minimalism__john-mclaughlin_number-4_to_Early_Renaissance.png,0.63516676,0.0,0.6418735980987549,0.0
Minimalism,Early_Renaissance,Minimalism__robert-mangold_ellow-black-zone-painting-iv-1996.jpg,images/Minimalism_Minimalism__robert-mangold_ellow-black-zone-painting-iv-1996_to_Early_Renaissance.png,0.5538871,0.0,0.6022571921348572,0.0
Minimalism,Early_Renaissance,Minimalism__brice-marden_joined-2011.jpg,images/Minimalism_Minimalism__brice-marden_joined-2011_to_Early_Renaissance.png,0.59968513,0.0,0.6717982888221741,0.0
Minimalism,Impressionism,Minimalism__alvaro-lapa_criminals-and-their-properties-1974.jpg,images/Minimalism_Minimalism__alvaro-lapa_criminals-and-their-properties-1974_to_Impressionism.png,0.4976582,0.0,0.685399055480957,0.0
Minimalism,Impressionism,Minimalism__john-mclaughlin_number-4.jpg,images/Minimalism_Minimalism__john-mclaughlin_number-4_to_Impressionism.png,0.59518814,0.0,0.6476354002952576,0.0
Minimalism,Impressionism,Minimalism__robert-mangold_ellow-black-zone-painting-iv-1996.jpg,images/Minimalism_Minimalism__robert-mangold_ellow-black-zone-painting-iv-1996_to_Impressionism.png,0.51691204,0.0,0.6643161177635193,0.0
Minimalism,Impressionism,Minimalism__brice-marden_joined-2011.jpg,images/Minimalism_Minimalism__brice-marden_joined-2011_to_Impressionism.png,0.5721675,0.0,0.6921473741531372,0.0
Minimalism,Minimalism,Minimalism__alvaro-lapa_criminals-and-their-properties-1974.jpg,images/Minimalism_Minimalism__alvaro-lapa_criminals-and-their-properties-1974_to_Minimalism.png,0.45444223,0.0,0.9184219837188721,0.0
Minimalism,Minimalism,Minimalism__john-mclaughlin_number-4.jpg,images/Minimalism_Minimalism__john-mclaughlin_number-4_to_Minimalism.png,0.39895266,0.0,0.8163508176803589,0.0
Minimalism,Minimalism,Minimalism__robert-mangold_ellow-black-zone-painting-iv-1996.jpg,images/Minimalism_Minimalism__robert-mangold_ellow-black-zone-painting-iv-1996_to_Minimalism.png,0.35627815,0.0,0.9130055904388428,0.0
Minimalism,Minimalism,Minimalism__brice-marden_joined-2011.jpg,images/Minimalism_Minimalism__brice-marden_joined-2011_to_Minimalism.png,0.2961808,0.0,0.8812382221221924,0.0
Minimalism,Rococo,Minimalism__alvaro-lapa_criminals-and-their-properties-1974.jpg,images/Minimalism_Minimalism__alvaro-lapa_criminals-and-their-properties-1974_to_Rococo.png,0.5204863,0.0,0.6164258718490601,0.0
Minimalism,Rococo,Minimalism__john-mclaughlin_number-4.jpg,images/Minimalism_Minimalism__john-mclaughlin_number-4_to_Rococo.png,0.5974275,0.0,0.6083266139030457,0.0
Minimalism,Rococo,Minimalism__robert-mangold_ellow-black-zone-painting-iv-1996.jpg,images/Minimalism_Minimalism__robert-mangold_ellow-black-zone-painting-iv-1996_to_Rococo.png,0.49763706,0.0,0.606059193611145,0.0
Minimalism,Rococo,Minimalism__brice-marden_joined-2011.jpg,images/Minimalism_Minimalism__brice-marden_joined-2011_to_Rococo.png,0.5854422,0.0,0.6301068663597107,0.0
Minimalism,Ukiyo_e,Minimalism__alvaro-lapa_criminals-and-their-properties-1974.jpg,images/Minimalism_Minimalism__alvaro-lapa_criminals-and-their-properties-1974_to_Ukiyo_e.png,0.58289146,0.0,0.6608623266220093,0.0
Minimalism,Ukiyo_e,Minimalism__john-mclaughlin_number-4.jpg,images/Minimalism_Minimalism__john-mclaughlin_number-4_to_Ukiyo_e.png,0.6099919,0.0,0.6049883365631104,0.0
Minimalism,Ukiyo_e,Minimalism__robert-mangold_ellow-black-zone-painting-iv-1996.jpg,images/Minimalism_Minimalism__robert-mangold_ellow-black-zone-painting-iv-1996_to_Ukiyo_e.png,0.5534849,0.0,0.5501759648323059,0.0
Minimalism,Ukiyo_e,Minimalism__brice-marden_joined-2011.jpg,images/Minimalism_Minimalism__brice-marden_joined-2011_to_Ukiyo_e.png,0.5766179,0.0,0.6701509356498718,0.0
Minimalism,Early_Renaissance,Minimalism__richard-tuttle_relative-to-our-society-1990.jpg,images/Minimalism_Minimalism__richard-tuttle_relative-to-our-society-1990_to_Early_Renaissance.png,0.58850384,0.0,0.6388238072395325,0.0
Minimalism,Early_Renaissance,Minimalism__yves-gaucher_traces-2000.jpg,images/Minimalism_Minimalism__yves-gaucher_traces-2000_to_Early_Renaissance.png,0.5365988,0.0,0.6376585364341736,0.0
Minimalism,Early_Renaissance,Minimalism__dan-flavin_greens-crossing-greens-to-piet-mondrian-who-lacked-green-1966.jpg,images/Minimalism_Minimalism__dan-flavin_greens-crossing-greens-to-piet-mondrian-who-lacked-green-1966_to_Early_Renaissance.png,0.5942441,0.0,0.6601317524909973,0.0
Minimalism,Early_Renaissance,Minimalism__ruth-vollmer_trimer-monomer-dimer-1965.jpg,images/Minimalism_Minimalism__ruth-vollmer_trimer-monomer-dimer-1965_to_Early_Renaissance.png,0.61654603,0.0,0.627471923828125,0.0
Minimalism,Impressionism,Minimalism__richard-tuttle_relative-to-our-society-1990.jpg,images/Minimalism_Minimalism__richard-tuttle_relative-to-our-society-1990_to_Impressionism.png,0.54601,0.0,0.710801362991333,0.0
Minimalism,Impressionism,Minimalism__yves-gaucher_traces-2000.jpg,images/Minimalism_Minimalism__yves-gaucher_traces-2000_to_Impressionism.png,0.50230974,0.0,0.6781027317047119,0.0
Minimalism,Impressionism,Minimalism__dan-flavin_greens-crossing-greens-to-piet-mondrian-who-lacked-green-1966.jpg,images/Minimalism_Minimalism__dan-flavin_greens-crossing-greens-to-piet-mondrian-who-lacked-green-1966_to_Impressionism.png,0.54787976,0.0,0.6994436979293823,0.0
Minimalism,Impressionism,Minimalism__ruth-vollmer_trimer-monomer-dimer-1965.jpg,images/Minimalism_Minimalism__ruth-vollmer_trimer-monomer-dimer-1965_to_Impressionism.png,0.5849909,0.0,0.5934635996818542,0.0
Minimalism,Minimalism,Minimalism__richard-tuttle_relative-to-our-society-1990.jpg,images/Minimalism_Minimalism__richard-tuttle_relative-to-our-society-1990_to_Minimalism.png,0.40746486,0.0,0.8549184203147888,0.0
Minimalism,Minimalism,Minimalism__yves-gaucher_traces-2000.jpg,images/Minimalism_Minimalism__yves-gaucher_traces-2000_to_Minimalism.png,0.34943652,0.0,0.8939862251281738,0.0
Minimalism,Minimalism,Minimalism__dan-flavin_greens-crossing-greens-to-piet-mondrian-who-lacked-green-1966.jpg,images/Minimalism_Minimalism__dan-flavin_greens-crossing-greens-to-piet-mondrian-who-lacked-green-1966_to_Minimalism.png,0.47471556,0.0,0.8704112768173218,0.0
Minimalism,Minimalism,Minimalism__ruth-vollmer_trimer-monomer-dimer-1965.jpg,images/Minimalism_Minimalism__ruth-vollmer_trimer-monomer-dimer-1965_to_Minimalism.png,0.5025721,0.0,0.702363908290863,0.0
Minimalism,Rococo,Minimalism__richard-tuttle_relative-to-our-society-1990.jpg,images/Minimalism_Minimalism__richard-tuttle_relative-to-our-society-1990_to_Rococo.png,0.5654965,0.0,0.6465253233909607,0.0
Minimalism,Rococo,Minimalism__yves-gaucher_traces-2000.jpg,images/Minimalism_Minimalism__yves-gaucher_traces-2000_to_Rococo.png,0.51328456,0.0,0.5787073969841003,0.0
Minimalism,Rococo,Minimalism__dan-flavin_greens-crossing-greens-to-piet-mondrian-who-lacked-green-1966.jpg,images/Minimalism_Minimalism__dan-flavin_greens-crossing-greens-to-piet-mondrian-who-lacked-green-1966_to_Rococo.png,0.52178943,0.0,0.6035465002059937,0.0
Minimalism,Rococo,Minimalism__ruth-vollmer_trimer-monomer-dimer-1965.jpg,images/Minimalism_Minimalism__ruth-vollmer_trimer-monomer-dimer-1965_to_Rococo.png,0.600542,0.0,0.5255315899848938,0.0
Minimalism,Ukiyo_e,Minimalism__richard-tuttle_relative-to-our-society-1990.jpg,images/Minimalism_Minimalism__richard-tuttle_relative-to-our-society-1990_to_Ukiyo_e.png,0.5538246,0.0,0.6691364645957947,0.0
Minimalism,Ukiyo_e,Minimalism__yves-gaucher_traces-2000.jpg,images/Minimalism_Minimalism__yves-gaucher_traces-2000_to_Ukiyo_e.png,0.50859505,0.0,0.6314069032669067,0.0
Minimalism,Ukiyo_e,Minimalism__dan-flavin_greens-crossing-greens-to-piet-mondrian-who-lacked-green-1966.jpg,images/Minimalism_Minimalism__dan-flavin_greens-crossing-greens-to-piet-mondrian-who-lacked-green-1966_to_Ukiyo_e.png,0.615747,0.0,0.651670515537262,0.0
Minimalism,Ukiyo_e,Minimalism__ruth-vollmer_trimer-monomer-dimer-1965.jpg,images/Minimalism_Minimalism__ruth-vollmer_trimer-monomer-dimer-1965_to_Ukiyo_e.png,0.58133465,0.0,0.6021416783332825,0.0
Minimalism,Early_Renaissance,Minimalism__fernando-lanhas_o39-68-1968.jpg,images/Minimalism_Minimalism__fernando-lanhas_o39-68-1968_to_Early_Renaissance.png,0.5809796,0.0,0.6608134508132935,0.0
Minimalism,Early_Renaissance,Minimalism__frank-stella_gezira-from-black-series-ii-1967.jpg,images/Minimalism_Minimalism__frank-stella_gezira-from-black-series-ii-1967_to_Early_Renaissance.png,0.5991768,0.0,0.6467418670654297,0.0
Minimalism,Early_Renaissance,Minimalism__ronald-davis_zig-zag-times-two-1966.jpg,images/Minimalism_Minimalism__ronald-davis_zig-zag-times-two-1966_to_Early_Renaissance.png,0.5746877,0.0,0.6545071005821228,0.0
Minimalism,Early_Renaissance,Minimalism__agnes-martin_happy-valley-1967.jpg,images/Minimalism_Minimalism__agnes-martin_happy-valley-1967_to_Early_Renaissance.png,0.60044336,0.0,0.6799219250679016,0.0
Minimalism,Impressionism,Minimalism__fernando-lanhas_o39-68-1968.jpg,images/Minimalism_Minimalism__fernando-lanhas_o39-68-1968_to_Impressionism.png,0.55123657,0.0,0.6664761304855347,0.0
Minimalism,Impressionism,Minimalism__frank-stella_gezira-from-black-series-ii-1967.jpg,images/Minimalism_Minimalism__frank-stella_gezira-from-black-series-ii-1967_to_Impressionism.png,0.5498766,0.0,0.6189740896224976,0.0
Minimalism,Impressionism,Minimalism__ronald-davis_zig-zag-times-two-1966.jpg,images/Minimalism_Minimalism__ronald-davis_zig-zag-times-two-1966_to_Impressionism.png,0.5567843,0.0,0.6276249289512634,0.0
Minimalism,Impressionism,Minimalism__agnes-martin_happy-valley-1967.jpg,images/Minimalism_Minimalism__agnes-martin_happy-valley-1967_to_Impressionism.png,0.5645217,0.0,0.7299797534942627,0.0
Minimalism,Minimalism,Minimalism__fernando-lanhas_o39-68-1968.jpg,images/Minimalism_Minimalism__fernando-lanhas_o39-68-1968_to_Minimalism.png,0.44870543,0.0,0.8777503967285156,0.0
Minimalism,Minimalism,Minimalism__frank-stella_gezira-from-black-series-ii-1967.jpg,images/Minimalism_Minimalism__frank-stella_gezira-from-black-series-ii-1967_to_Minimalism.png,0.30824873,0.0,0.9141894578933716,0.0
Minimalism,Minimalism,Minimalism__ronald-davis_zig-zag-times-two-1966.jpg,images/Minimalism_Minimalism__ronald-davis_zig-zag-times-two-1966_to_Minimalism.png,0.27721184,0.0,0.8286963701248169,0.0
Minimalism,Minimalism,Minimalism__agnes-martin_happy-valley-1967.jpg,images/Minimalism_Minimalism__agnes-martin_happy-valley-1967_to_Minimalism.png,0.35183167,0.0,0.8954213857650757,0.0
Minimalism,Rococo,Minimalism__fernando-lanhas_o39-68-1968.jpg,images/Minimalism_Minimalism__fernando-lanhas_o39-68-1968_to_Rococo.png,0.5633048,0.0,0.6118902564048767,0.0
Minimalism,Rococo,Minimalism__frank-stella_gezira-from-black-series-ii-1967.jpg,images/Minimalism_Minimalism__frank-stella_gezira-from-black-series-ii-1967_to_Rococo.png,0.55061316,0.0,0.6115958094596863,0.0
Minimalism,Rococo,Minimalism__ronald-davis_zig-zag-times-two-1966.jpg,images/Minimalism_Minimalism__ronald-davis_zig-zag-times-two-1966_to_Rococo.png,0.54037803,0.0,0.5926158428192139,0.0
Minimalism,Rococo,Minimalism__agnes-martin_happy-valley-1967.jpg,images/Minimalism_Minimalism__agnes-martin_happy-valley-1967_to_Rococo.png,0.5790831,0.0,0.6312384009361267,0.0
Minimalism,Ukiyo_e,Minimalism__fernando-lanhas_o39-68-1968.jpg,images/Minimalism_Minimalism__fernando-lanhas_o39-68-1968_to_Ukiyo_e.png,0.58211267,0.0,0.6676585078239441,0.0
Minimalism,Ukiyo_e,Minimalism__frank-stella_gezira-from-black-series-ii-1967.jpg,images/Minimalism_Minimalism__frank-stella_gezira-from-black-series-ii-1967_to_Ukiyo_e.png,0.5926834,0.0,0.6261131763458252,0.0
Minimalism,Ukiyo_e,Minimalism__ronald-davis_zig-zag-times-two-1966.jpg,images/Minimalism_Minimalism__ronald-davis_zig-zag-times-two-1966_to_Ukiyo_e.png,0.5911634,0.0,0.6213124990463257,0.0
Minimalism,Ukiyo_e,Minimalism__agnes-martin_happy-valley-1967.jpg,images/Minimalism_Minimalism__agnes-martin_happy-valley-1967_to_Ukiyo_e.png,0.56680965,0.0,0.6791771650314331,0.0
Minimalism,Early_Renaissance,Minimalism__bruce-nauman_la-brea-art-tips-rat-spit-tar-pits-1972.jpg,images/Minimalism_Minimalism__bruce-nauman_la-brea-art-tips-rat-spit-tar-pits-1972_to_Early_Renaissance.png,0.48022068,0.0,0.6575071215629578,0.0
Minimalism,Early_Renaissance,Minimalism__robert-morris_box-with-the-sound-of-its-own-making-1961.jpg,images/Minimalism_Minimalism__robert-morris_box-with-the-sound-of-its-own-making-1961_to_Early_Renaissance.png,0.50171375,0.0,0.6281787753105164,0.0
Rococo,Early_Renaissance,Rococo__joshua-reynolds_colonel-george-k-h-coussmaker-grenadier-guards.jpg,images/Rococo_Rococo__joshua-reynolds_colonel-george-k-h-coussmaker-grenadier-guards_to_Early_Renaissance.png,0.6091609,0.0,0.7261622548103333,0.0
Rococo,Early_Renaissance,Rococo__giovanni-domenico-tiepolo_christ-s-fall-on-the-way-to-calvary-1772.jpg,images/Rococo_Rococo__giovanni-domenico-tiepolo_christ-s-fall-on-the-way-to-calvary-1772_to_Early_Renaissance.png,0.625485,0.0,0.69448322057724,0.0
Minimalism,Impressionism,Minimalism__bruce-nauman_la-brea-art-tips-rat-spit-tar-pits-1972.jpg,images/Minimalism_Minimalism__bruce-nauman_la-brea-art-tips-rat-spit-tar-pits-1972_to_Impressionism.png,0.4650451,0.0,0.6819156408309937,0.0
Minimalism,Impressionism,Minimalism__robert-morris_box-with-the-sound-of-its-own-making-1961.jpg,images/Minimalism_Minimalism__robert-morris_box-with-the-sound-of-its-own-making-1961_to_Impressionism.png,0.48100597,0.0,0.6389803290367126,0.0
Rococo,Impressionism,Rococo__joshua-reynolds_colonel-george-k-h-coussmaker-grenadier-guards.jpg,images/Rococo_Rococo__joshua-reynolds_colonel-george-k-h-coussmaker-grenadier-guards_to_Impressionism.png,0.61349463,0.0,0.7916713953018188,0.0
Rococo,Impressionism,Rococo__giovanni-domenico-tiepolo_christ-s-fall-on-the-way-to-calvary-1772.jpg,images/Rococo_Rococo__giovanni-domenico-tiepolo_christ-s-fall-on-the-way-to-calvary-1772_to_Impressionism.png,0.6367069,0.0,0.7715672850608826,0.0
Minimalism,Minimalism,Minimalism__bruce-nauman_la-brea-art-tips-rat-spit-tar-pits-1972.jpg,images/Minimalism_Minimalism__bruce-nauman_la-brea-art-tips-rat-spit-tar-pits-1972_to_Minimalism.png,0.41341162,0.0,0.8300631046295166,0.0
Minimalism,Minimalism,Minimalism__robert-morris_box-with-the-sound-of-its-own-making-1961.jpg,images/Minimalism_Minimalism__robert-morris_box-with-the-sound-of-its-own-making-1961_to_Minimalism.png,0.40257025,0.0,0.8377120494842529,0.0
Rococo,Minimalism,Rococo__joshua-reynolds_colonel-george-k-h-coussmaker-grenadier-guards.jpg,images/Rococo_Rococo__joshua-reynolds_colonel-george-k-h-coussmaker-grenadier-guards_to_Minimalism.png,0.60010004,0.0,0.7814429998397827,0.0
Rococo,Minimalism,Rococo__giovanni-domenico-tiepolo_christ-s-fall-on-the-way-to-calvary-1772.jpg,images/Rococo_Rococo__giovanni-domenico-tiepolo_christ-s-fall-on-the-way-to-calvary-1772_to_Minimalism.png,0.5858283,0.0,0.7973249554634094,0.0
Minimalism,Rococo,Minimalism__bruce-nauman_la-brea-art-tips-rat-spit-tar-pits-1972.jpg,images/Minimalism_Minimalism__bruce-nauman_la-brea-art-tips-rat-spit-tar-pits-1972_to_Rococo.png,0.44502988,0.0,0.615576446056366,0.0
Minimalism,Rococo,Minimalism__robert-morris_box-with-the-sound-of-its-own-making-1961.jpg,images/Minimalism_Minimalism__robert-morris_box-with-the-sound-of-its-own-making-1961_to_Rococo.png,0.51792586,0.0,0.5787928700447083,0.0
Rococo,Rococo,Rococo__joshua-reynolds_colonel-george-k-h-coussmaker-grenadier-guards.jpg,images/Rococo_Rococo__joshua-reynolds_colonel-george-k-h-coussmaker-grenadier-guards_to_Rococo.png,0.61573607,0.0,0.6953142285346985,0.0
Rococo,Rococo,Rococo__giovanni-domenico-tiepolo_christ-s-fall-on-the-way-to-calvary-1772.jpg,images/Rococo_Rococo__giovanni-domenico-tiepolo_christ-s-fall-on-the-way-to-calvary-1772_to_Rococo.png,0.6378561,0.0,0.6593561172485352,0.0
Minimalism,Ukiyo_e,Minimalism__bruce-nauman_la-brea-art-tips-rat-spit-tar-pits-1972.jpg,images/Minimalism_Minimalism__bruce-nauman_la-brea-art-tips-rat-spit-tar-pits-1972_to_Ukiyo_e.png,0.4714629,0.0,0.685767412185669,0.0
Minimalism,Ukiyo_e,Minimalism__robert-morris_box-with-the-sound-of-its-own-making-1961.jpg,images/Minimalism_Minimalism__robert-morris_box-with-the-sound-of-its-own-making-1961_to_Ukiyo_e.png,0.46146235,0.0,0.6764461994171143,0.0
Rococo,Ukiyo_e,Rococo__joshua-reynolds_colonel-george-k-h-coussmaker-grenadier-guards.jpg,images/Rococo_Rococo__joshua-reynolds_colonel-george-k-h-coussmaker-grenadier-guards_to_Ukiyo_e.png,0.6103312,0.0,0.7188606262207031,0.0
Rococo,Ukiyo_e,Rococo__giovanni-domenico-tiepolo_christ-s-fall-on-the-way-to-calvary-1772.jpg,images/Rococo_Rococo__giovanni-domenico-tiepolo_christ-s-fall-on-the-way-to-calvary-1772_to_Ukiyo_e.png,0.6168359,0.0,0.6807960867881775,0.0
Rococo,Early_Renaissance,Rococo__dmitry-levitzky_maria-feodorovna.jpg,images/Rococo_Rococo__dmitry-levitzky_maria-feodorovna_to_Early_Renaissance.png,0.59377885,0.0,0.6896430253982544,0.0
Rococo,Early_Renaissance,Rococo__thomas-gainsborough_a-peasant-girl-with-dog-and-jug-1785.jpg,images/Rococo_Rococo__thomas-gainsborough_a-peasant-girl-with-dog-and-jug-1785_to_Early_Renaissance.png,0.55228025,0.0,0.6833154559135437,0.0
Rococo,Early_Renaissance,Rococo__maurice-quentin-de-la-tour_marie-josephe-of-saxony-1.jpg,images/Rococo_Rococo__maurice-quentin-de-la-tour_marie-josephe-of-saxony-1_to_Early_Renaissance.png,0.5379027,0.0,0.6924245357513428,0.0
Rococo,Early_Renaissance,Rococo__bernardo-bellotto_view-of-dresden-the-dresden-fortifications-moat-with-a-bridge-between-gate-and-post-mile-pillar.jpg,images/Rococo_Rococo__bernardo-bellotto_view-of-dresden-the-dresden-fortifications-moat-with-a-bridge-between-gate-and-post-mile-pillar_to_Early_Renaissance.png,0.51441216,0.0,0.6778712868690491,0.0
Rococo,Impressionism,Rococo__dmitry-levitzky_maria-feodorovna.jpg,images/Rococo_Rococo__dmitry-levitzky_maria-feodorovna_to_Impressionism.png,0.5798113,0.0,0.7773820161819458,0.0
Rococo,Impressionism,Rococo__thomas-gainsborough_a-peasant-girl-with-dog-and-jug-1785.jpg,images/Rococo_Rococo__thomas-gainsborough_a-peasant-girl-with-dog-and-jug-1785_to_Impressionism.png,0.55983776,0.0,0.8158822059631348,0.0
Rococo,Impressionism,Rococo__maurice-quentin-de-la-tour_marie-josephe-of-saxony-1.jpg,images/Rococo_Rococo__maurice-quentin-de-la-tour_marie-josephe-of-saxony-1_to_Impressionism.png,0.54155123,0.0,0.7608948945999146,0.0
Rococo,Impressionism,Rococo__bernardo-bellotto_view-of-dresden-the-dresden-fortifications-moat-with-a-bridge-between-gate-and-post-mile-pillar.jpg,images/Rococo_Rococo__bernardo-bellotto_view-of-dresden-the-dresden-fortifications-moat-with-a-bridge-between-gate-and-post-mile-pillar_to_Impressionism.png,0.4982289,0.0,0.7887375354766846,0.0
Rococo,Minimalism,Rococo__dmitry-levitzky_maria-feodorovna.jpg,images/Rococo_Rococo__dmitry-levitzky_maria-feodorovna_to_Minimalism.png,0.4878561,0.0,0.6847990155220032,0.0
Rococo,Minimalism,Rococo__thomas-gainsborough_a-peasant-girl-with-dog-and-jug-1785.jpg,images/Rococo_Rococo__thomas-gainsborough_a-peasant-girl-with-dog-and-jug-1785_to_Minimalism.png,0.59002984,0.0,0.7805750370025635,0.0
Rococo,Minimalism,Rococo__maurice-quentin-de-la-tour_marie-josephe-of-saxony-1.jpg,images/Rococo_Rococo__maurice-quentin-de-la-tour_marie-josephe-of-saxony-1_to_Minimalism.png,0.5637883,0.0,0.6675509214401245,0.0
Rococo,Minimalism,Rococo__bernardo-bellotto_view-of-dresden-the-dresden-fortifications-moat-with-a-bridge-between-gate-and-post-mile-pillar.jpg,images/Rococo_Rococo__bernardo-bellotto_view-of-dresden-the-dresden-fortifications-moat-with-a-bridge-between-gate-and-post-mile-pillar_to_Minimalism.png,0.52056056,0.0,0.800373911857605,0.0
Rococo,Rococo,Rococo__dmitry-levitzky_maria-feodorovna.jpg,images/Rococo_Rococo__dmitry-levitzky_maria-feodorovna_to_Rococo.png,0.5928612,0.0,0.7048683166503906,0.0
Rococo,Rococo,Rococo__thomas-gainsborough_a-peasant-girl-with-dog-and-jug-1785.jpg,images/Rococo_Rococo__thomas-gainsborough_a-peasant-girl-with-dog-and-jug-1785_to_Rococo.png,0.5400194,0.0,0.7039875984191895,0.0
Rococo,Rococo,Rococo__maurice-quentin-de-la-tour_marie-josephe-of-saxony-1.jpg,images/Rococo_Rococo__maurice-quentin-de-la-tour_marie-josephe-of-saxony-1_to_Rococo.png,0.52475435,0.0,0.7334802150726318,0.0
Rococo,Rococo,Rococo__bernardo-bellotto_view-of-dresden-the-dresden-fortifications-moat-with-a-bridge-between-gate-and-post-mile-pillar.jpg,images/Rococo_Rococo__bernardo-bellotto_view-of-dresden-the-dresden-fortifications-moat-with-a-bridge-between-gate-and-post-mile-pillar_to_Rococo.png,0.5296291,0.0,0.6489037275314331,0.0
Rococo,Ukiyo_e,Rococo__dmitry-levitzky_maria-feodorovna.jpg,images/Rococo_Rococo__dmitry-levitzky_maria-feodorovna_to_Ukiyo_e.png,0.5626279,0.0,0.7255020141601562,0.0
Rococo,Ukiyo_e,Rococo__thomas-gainsborough_a-peasant-girl-with-dog-and-jug-1785.jpg,images/Rococo_Rococo__thomas-gainsborough_a-peasant-girl-with-dog-and-jug-1785_to_Ukiyo_e.png,0.5737057,0.0,0.726151704788208,0.0
Rococo,Ukiyo_e,Rococo__maurice-quentin-de-la-tour_marie-josephe-of-saxony-1.jpg,images/Rococo_Rococo__maurice-quentin-de-la-tour_marie-josephe-of-saxony-1_to_Ukiyo_e.png,0.5524701,0.0,0.7061439156532288,0.0
Rococo,Ukiyo_e,Rococo__bernardo-bellotto_view-of-dresden-the-dresden-fortifications-moat-with-a-bridge-between-gate-and-post-mile-pillar.jpg,images/Rococo_Rococo__bernardo-bellotto_view-of-dresden-the-dresden-fortifications-moat-with-a-bridge-between-gate-and-post-mile-pillar_to_Ukiyo_e.png,0.49346113,0.0,0.6850955486297607,0.0
Rococo,Early_Renaissance,Rococo__bernardo-bellotto_pirna-seen-from-the-right-bank-of-the-elbe.jpg,images/Rococo_Rococo__bernardo-bellotto_pirna-seen-from-the-right-bank-of-the-elbe_to_Early_Renaissance.png,0.5360504,0.0,0.6665725111961365,0.0
Rococo,Early_Renaissance,Rococo__dmitry-levitzky_portrait-of-unknown-woman-with-a-rose-1788.jpg,images/Rococo_Rococo__dmitry-levitzky_portrait-of-unknown-woman-with-a-rose-1788_to_Early_Renaissance.png,0.5433091,0.0,0.7005630135536194,0.0
Rococo,Early_Renaissance,Rococo__dmitry-levitzky_portrait-of-maria-palovna-narychkina-1773.jpg,images/Rococo_Rococo__dmitry-levitzky_portrait-of-maria-palovna-narychkina-1773_to_Early_Renaissance.png,0.5175389,0.0,0.6944128274917603,0.0
Rococo,Early_Renaissance,Rococo__giovanni-domenico-tiepolo_the-new-world-1797.jpg,images/Rococo_Rococo__giovanni-domenico-tiepolo_the-new-world-1797_to_Early_Renaissance.png,0.51505125,0.0,0.6595026254653931,0.0
Rococo,Impressionism,Rococo__bernardo-bellotto_pirna-seen-from-the-right-bank-of-the-elbe.jpg,images/Rococo_Rococo__bernardo-bellotto_pirna-seen-from-the-right-bank-of-the-elbe_to_Impressionism.png,0.5204579,0.0,0.8522356748580933,0.0
Rococo,Impressionism,Rococo__dmitry-levitzky_portrait-of-unknown-woman-with-a-rose-1788.jpg,images/Rococo_Rococo__dmitry-levitzky_portrait-of-unknown-woman-with-a-rose-1788_to_Impressionism.png,0.5320893,0.0,0.7787642478942871,0.0
Rococo,Impressionism,Rococo__dmitry-levitzky_portrait-of-maria-palovna-narychkina-1773.jpg,images/Rococo_Rococo__dmitry-levitzky_portrait-of-maria-palovna-narychkina-1773_to_Impressionism.png,0.52597255,0.0,0.7557165622711182,0.0
Rococo,Impressionism,Rococo__giovanni-domenico-tiepolo_the-new-world-1797.jpg,images/Rococo_Rococo__giovanni-domenico-tiepolo_the-new-world-1797_to_Impressionism.png,0.5112736,0.0,0.7865293025970459,0.0
Rococo,Minimalism,Rococo__bernardo-bellotto_pirna-seen-from-the-right-bank-of-the-elbe.jpg,images/Rococo_Rococo__bernardo-bellotto_pirna-seen-from-the-right-bank-of-the-elbe_to_Minimalism.png,0.5515518,0.0,0.8051817417144775,0.0
Rococo,Minimalism,Rococo__dmitry-levitzky_portrait-of-unknown-woman-with-a-rose-1788.jpg,images/Rococo_Rococo__dmitry-levitzky_portrait-of-unknown-woman-with-a-rose-1788_to_Minimalism.png,0.5745909,0.0,0.660205602645874,0.0
Rococo,Minimalism,Rococo__dmitry-levitzky_portrait-of-maria-palovna-narychkina-1773.jpg,images/Rococo_Rococo__dmitry-levitzky_portrait-of-maria-palovna-narychkina-1773_to_Minimalism.png,0.56370723,0.0,0.7779650092124939,0.0
Rococo,Minimalism,Rococo__giovanni-domenico-tiepolo_the-new-world-1797.jpg,images/Rococo_Rococo__giovanni-domenico-tiepolo_the-new-world-1797_to_Minimalism.png,0.5203693,0.0,0.8192644119262695,0.0
Rococo,Rococo,Rococo__bernardo-bellotto_pirna-seen-from-the-right-bank-of-the-elbe.jpg,images/Rococo_Rococo__bernardo-bellotto_pirna-seen-from-the-right-bank-of-the-elbe_to_Rococo.png,0.5261659,0.0,0.6848639845848083,0.0
Rococo,Rococo,Rococo__dmitry-levitzky_portrait-of-unknown-woman-with-a-rose-1788.jpg,images/Rococo_Rococo__dmitry-levitzky_portrait-of-unknown-woman-with-a-rose-1788_to_Rococo.png,0.5453349,0.0,0.7204763889312744,0.0
Rococo,Rococo,Rococo__dmitry-levitzky_portrait-of-maria-palovna-narychkina-1773.jpg,images/Rococo_Rococo__dmitry-levitzky_portrait-of-maria-palovna-narychkina-1773_to_Rococo.png,0.47707173,0.0,0.6992380023002625,0.0
Rococo,Rococo,Rococo__giovanni-domenico-tiepolo_the-new-world-1797.jpg,images/Rococo_Rococo__giovanni-domenico-tiepolo_the-new-world-1797_to_Rococo.png,0.53822017,0.0,0.6316767334938049,0.0
Rococo,Ukiyo_e,Rococo__bernardo-bellotto_pirna-seen-from-the-right-bank-of-the-elbe.jpg,images/Rococo_Rococo__bernardo-bellotto_pirna-seen-from-the-right-bank-of-the-elbe_to_Ukiyo_e.png,0.5531421,0.0,0.6734195351600647,0.0
Rococo,Ukiyo_e,Rococo__dmitry-levitzky_portrait-of-unknown-woman-with-a-rose-1788.jpg,images/Rococo_Rococo__dmitry-levitzky_portrait-of-unknown-woman-with-a-rose-1788_to_Ukiyo_e.png,0.53770626,0.0,0.7047885060310364,0.0
Rococo,Ukiyo_e,Rococo__dmitry-levitzky_portrait-of-maria-palovna-narychkina-1773.jpg,images/Rococo_Rococo__dmitry-levitzky_portrait-of-maria-palovna-narychkina-1773_to_Ukiyo_e.png,0.5368824,0.0,0.6782523989677429,0.0
Rococo,Ukiyo_e,Rococo__giovanni-domenico-tiepolo_the-new-world-1797.jpg,images/Rococo_Rococo__giovanni-domenico-tiepolo_the-new-world-1797_to_Ukiyo_e.png,0.51016057,0.0,0.6531254053115845,0.0
Rococo,Early_Renaissance,Rococo__carl-ludwig-johann-christineck_portrait-of-paul-of-russia-dressed-as-chevalier-of-the-order-of-st-andrew-1760.jpg,images/Rococo_Rococo__carl-ludwig-johann-christineck_portrait-of-paul-of-russia-dressed-as-chevalier-of-the-order-of-st-andrew-1760_to_Early_Renaissance.png,0.55442566,0.0,0.6654322743415833,0.0
Rococo,Early_Renaissance,Rococo__thomas-gainsborough_a-coastal-landscape-1782.jpg,images/Rococo_Rococo__thomas-gainsborough_a-coastal-landscape-1782_to_Early_Renaissance.png,0.5356908,0.0,0.6563441157341003,0.0
Rococo,Early_Renaissance,Rococo__william-hogarth_the-countess-s-morning-levee.jpg,images/Rococo_Rococo__william-hogarth_the-countess-s-morning-levee_to_Early_Renaissance.png,0.5220275,0.0,0.6538819074630737,0.0
Rococo,Early_Renaissance,Rococo__louise-elisabeth-vigee-le-brun_the-bather-1792.jpg,images/Rococo_Rococo__louise-elisabeth-vigee-le-brun_the-bather-1792_to_Early_Renaissance.png,0.56733155,0.0,0.7070986032485962,0.0
Rococo,Impressionism,Rococo__carl-ludwig-johann-christineck_portrait-of-paul-of-russia-dressed-as-chevalier-of-the-order-of-st-andrew-1760.jpg,images/Rococo_Rococo__carl-ludwig-johann-christineck_portrait-of-paul-of-russia-dressed-as-chevalier-of-the-order-of-st-andrew-1760_to_Impressionism.png,0.55573994,0.0,0.7752934694290161,0.0
Rococo,Impressionism,Rococo__thomas-gainsborough_a-coastal-landscape-1782.jpg,images/Rococo_Rococo__thomas-gainsborough_a-coastal-landscape-1782_to_Impressionism.png,0.5439474,0.0,0.8244556784629822,0.0
Rococo,Impressionism,Rococo__william-hogarth_the-countess-s-morning-levee.jpg,images/Rococo_Rococo__william-hogarth_the-countess-s-morning-levee_to_Impressionism.png,0.5321852,0.0,0.698721170425415,0.0
Rococo,Impressionism,Rococo__louise-elisabeth-vigee-le-brun_the-bather-1792.jpg,images/Rococo_Rococo__louise-elisabeth-vigee-le-brun_the-bather-1792_to_Impressionism.png,0.56721145,0.0,0.7974887490272522,0.0
Rococo,Minimalism,Rococo__carl-ludwig-johann-christineck_portrait-of-paul-of-russia-dressed-as-chevalier-of-the-order-of-st-andrew-1760.jpg,images/Rococo_Rococo__carl-ludwig-johann-christineck_portrait-of-paul-of-russia-dressed-as-chevalier-of-the-order-of-st-andrew-1760_to_Minimalism.png,0.58344966,0.0,0.6775367856025696,0.0
Rococo,Minimalism,Rococo__thomas-gainsborough_a-coastal-landscape-1782.jpg,images/Rococo_Rococo__thomas-gainsborough_a-coastal-landscape-1782_to_Minimalism.png,0.56774306,0.0,0.7594795227050781,0.0
Rococo,Minimalism,Rococo__william-hogarth_the-countess-s-morning-levee.jpg,images/Rococo_Rococo__william-hogarth_the-countess-s-morning-levee_to_Minimalism.png,0.5511762,0.0,0.6897895336151123,0.0
Rococo,Minimalism,Rococo__louise-elisabeth-vigee-le-brun_the-bather-1792.jpg,images/Rococo_Rococo__louise-elisabeth-vigee-le-brun_the-bather-1792_to_Minimalism.png,0.55968314,0.0,0.7300615310668945,0.0
Rococo,Rococo,Rococo__carl-ludwig-johann-christineck_portrait-of-paul-of-russia-dressed-as-chevalier-of-the-order-of-st-andrew-1760.jpg,images/Rococo_Rococo__carl-ludwig-johann-christineck_portrait-of-paul-of-russia-dressed-as-chevalier-of-the-order-of-st-andrew-1760_to_Rococo.png,0.55940104,0.0,0.685361385345459,0.0
Rococo,Rococo,Rococo__thomas-gainsborough_a-coastal-landscape-1782.jpg,images/Rococo_Rococo__thomas-gainsborough_a-coastal-landscape-1782_to_Rococo.png,0.5671699,0.0,0.6913938522338867,0.0
Rococo,Rococo,Rococo__william-hogarth_the-countess-s-morning-levee.jpg,images/Rococo_Rococo__william-hogarth_the-countess-s-morning-levee_to_Rococo.png,0.5237442,0.0,0.6636503338813782,0.0
Rococo,Rococo,Rococo__louise-elisabeth-vigee-le-brun_the-bather-1792.jpg,images/Rococo_Rococo__louise-elisabeth-vigee-le-brun_the-bather-1792_to_Rococo.png,0.57056934,0.0,0.6939957141876221,0.0
Rococo,Ukiyo_e,Rococo__carl-ludwig-johann-christineck_portrait-of-paul-of-russia-dressed-as-chevalier-of-the-order-of-st-andrew-1760.jpg,images/Rococo_Rococo__carl-ludwig-johann-christineck_portrait-of-paul-of-russia-dressed-as-chevalier-of-the-order-of-st-andrew-1760_to_Ukiyo_e.png,0.5743498,0.0,0.70265793800354,0.0
Rococo,Ukiyo_e,Rococo__thomas-gainsborough_a-coastal-landscape-1782.jpg,images/Rococo_Rococo__thomas-gainsborough_a-coastal-landscape-1782_to_Ukiyo_e.png,0.5186874,0.0,0.6339805126190186,0.0
Rococo,Ukiyo_e,Rococo__william-hogarth_the-countess-s-morning-levee.jpg,images/Rococo_Rococo__william-hogarth_the-countess-s-morning-levee_to_Ukiyo_e.png,0.52732456,0.0,0.6118006706237793,0.0
Rococo,Ukiyo_e,Rococo__louise-elisabeth-vigee-le-brun_the-bather-1792.jpg,images/Rococo_Rococo__louise-elisabeth-vigee-le-brun_the-bather-1792_to_Ukiyo_e.png,0.5658729,0.0,0.7371552586555481,0.0
Rococo,Early_Renaissance,Rococo__jean-marc-nattier_portrait-of-louis-tocqu-1762.jpg,images/Rococo_Rococo__jean-marc-nattier_portrait-of-louis-tocqu-1762_to_Early_Renaissance.png,0.5490588,0.0,0.7217683792114258,0.0
Rococo,Early_Renaissance,Rococo__thomas-gainsborough_john-plampin.jpg,images/Rococo_Rococo__thomas-gainsborough_john-plampin_to_Early_Renaissance.png,0.5517831,0.0,0.6813098192214966,0.0
Rococo,Early_Renaissance,Rococo__antoine-watteau_head-of-a-man.jpg,images/Rococo_Rococo__antoine-watteau_head-of-a-man_to_Early_Renaissance.png,0.5322765,0.0,0.7139137387275696,0.0
Rococo,Early_Renaissance,Rococo__francois-boucher_portrait-of-madame-boucher-1745.jpg,images/Rococo_Rococo__francois-boucher_portrait-of-madame-boucher-1745_to_Early_Renaissance.png,0.5688411,0.0,0.7061371803283691,0.0
Rococo,Impressionism,Rococo__jean-marc-nattier_portrait-of-louis-tocqu-1762.jpg,images/Rococo_Rococo__jean-marc-nattier_portrait-of-louis-tocqu-1762_to_Impressionism.png,0.5562447,0.0,0.7938969731330872,0.0
Rococo,Impressionism,Rococo__thomas-gainsborough_john-plampin.jpg,images/Rococo_Rococo__thomas-gainsborough_john-plampin_to_Impressionism.png,0.5601164,0.0,0.7785283327102661,0.0
Rococo,Impressionism,Rococo__antoine-watteau_head-of-a-man.jpg,images/Rococo_Rococo__antoine-watteau_head-of-a-man_to_Impressionism.png,0.52174616,0.0,0.7807080745697021,0.0
Rococo,Impressionism,Rococo__francois-boucher_portrait-of-madame-boucher-1745.jpg,images/Rococo_Rococo__francois-boucher_portrait-of-madame-boucher-1745_to_Impressionism.png,0.58070904,0.0,0.7290977239608765,0.0
Rococo,Minimalism,Rococo__jean-marc-nattier_portrait-of-louis-tocqu-1762.jpg,images/Rococo_Rococo__jean-marc-nattier_portrait-of-louis-tocqu-1762_to_Minimalism.png,0.5912175,0.0,0.6826793551445007,0.0
Rococo,Minimalism,Rococo__thomas-gainsborough_john-plampin.jpg,images/Rococo_Rococo__thomas-gainsborough_john-plampin_to_Minimalism.png,0.5532755,0.0,0.7331608533859253,0.0
Rococo,Minimalism,Rococo__antoine-watteau_head-of-a-man.jpg,images/Rococo_Rococo__antoine-watteau_head-of-a-man_to_Minimalism.png,0.5193673,0.0,0.8478124737739563,0.0
Rococo,Minimalism,Rococo__francois-boucher_portrait-of-madame-boucher-1745.jpg,images/Rococo_Rococo__francois-boucher_portrait-of-madame-boucher-1745_to_Minimalism.png,0.5635482,0.0,0.7664800882339478,0.0
Rococo,Rococo,Rococo__jean-marc-nattier_portrait-of-louis-tocqu-1762.jpg,images/Rococo_Rococo__jean-marc-nattier_portrait-of-louis-tocqu-1762_to_Rococo.png,0.55652845,0.0,0.76698899269104,0.0
Rococo,Rococo,Rococo__thomas-gainsborough_john-plampin.jpg,images/Rococo_Rococo__thomas-gainsborough_john-plampin_to_Rococo.png,0.5761547,0.0,0.6671491265296936,0.0
Rococo,Rococo,Rococo__antoine-watteau_head-of-a-man.jpg,images/Rococo_Rococo__antoine-watteau_head-of-a-man_to_Rococo.png,0.57919776,0.0,0.69871586561203,0.0
Rococo,Rococo,Rococo__francois-boucher_portrait-of-madame-boucher-1745.jpg,images/Rococo_Rococo__francois-boucher_portrait-of-madame-boucher-1745_to_Rococo.png,0.58019066,0.0,0.707355260848999,0.0
Rococo,Ukiyo_e,Rococo__jean-marc-nattier_portrait-of-louis-tocqu-1762.jpg,images/Rococo_Rococo__jean-marc-nattier_portrait-of-louis-tocqu-1762_to_Ukiyo_e.png,0.564379,0.0,0.712192177772522,0.0
Rococo,Ukiyo_e,Rococo__thomas-gainsborough_john-plampin.jpg,images/Rococo_Rococo__thomas-gainsborough_john-plampin_to_Ukiyo_e.png,0.55456674,0.0,0.6762287020683289,0.0
Rococo,Ukiyo_e,Rococo__antoine-watteau_head-of-a-man.jpg,images/Rococo_Rococo__antoine-watteau_head-of-a-man_to_Ukiyo_e.png,0.50357205,0.0,0.6720862984657288,0.0
Rococo,Ukiyo_e,Rococo__francois-boucher_portrait-of-madame-boucher-1745.jpg,images/Rococo_Rococo__francois-boucher_portrait-of-madame-boucher-1745_to_Ukiyo_e.png,0.56529737,0.0,0.6748105883598328,0.0
Rococo,Early_Renaissance,Rococo__joseph-wright_mr-and-mrs-thomas-coltman.jpg,images/Rococo_Rococo__joseph-wright_mr-and-mrs-thomas-coltman_to_Early_Renaissance.png,0.5614021,0.0,0.6709849834442139,0.0
Rococo,Early_Renaissance,Rococo__antoine-watteau_the-delicate-musician.jpg,images/Rococo_Rococo__antoine-watteau_the-delicate-musician_to_Early_Renaissance.png,0.5675058,0.0,0.632895827293396,0.0
Rococo,Early_Renaissance,Rococo__joseph-wright_d-ewes-coke-his-wife-hannah-and-daniel-parker-coke.jpg,images/Rococo_Rococo__joseph-wright_d-ewes-coke-his-wife-hannah-and-daniel-parker-coke_to_Early_Renaissance.png,0.59630954,0.0,0.6939454674720764,0.0
Rococo,Early_Renaissance,Rococo__thomas-gainsborough_robert-butcher-of-walthamstan.jpg,images/Rococo_Rococo__thomas-gainsborough_robert-butcher-of-walthamstan_to_Early_Renaissance.png,0.5764321,0.0,0.6937426328659058,0.0
Rococo,Impressionism,Rococo__joseph-wright_mr-and-mrs-thomas-coltman.jpg,images/Rococo_Rococo__joseph-wright_mr-and-mrs-thomas-coltman_to_Impressionism.png,0.5698826,0.0,0.7825210094451904,0.0
Rococo,Impressionism,Rococo__antoine-watteau_the-delicate-musician.jpg,images/Rococo_Rococo__antoine-watteau_the-delicate-musician_to_Impressionism.png,0.57693166,0.0,0.773413896560669,0.0
Rococo,Impressionism,Rococo__joseph-wright_d-ewes-coke-his-wife-hannah-and-daniel-parker-coke.jpg,images/Rococo_Rococo__joseph-wright_d-ewes-coke-his-wife-hannah-and-daniel-parker-coke_to_Impressionism.png,0.6118163,0.0,0.759240984916687,0.0
Rococo,Impressionism,Rococo__thomas-gainsborough_robert-butcher-of-walthamstan.jpg,images/Rococo_Rococo__thomas-gainsborough_robert-butcher-of-walthamstan_to_Impressionism.png,0.5884404,0.0,0.7823877334594727,0.0
Rococo,Minimalism,Rococo__joseph-wright_mr-and-mrs-thomas-coltman.jpg,images/Rococo_Rococo__joseph-wright_mr-and-mrs-thomas-coltman_to_Minimalism.png,0.5995331,0.0,0.7656528353691101,0.0
Rococo,Minimalism,Rococo__antoine-watteau_the-delicate-musician.jpg,images/Rococo_Rococo__antoine-watteau_the-delicate-musician_to_Minimalism.png,0.6351383,0.0,0.7145192623138428,0.0
Rococo,Minimalism,Rococo__joseph-wright_d-ewes-coke-his-wife-hannah-and-daniel-parker-coke.jpg,images/Rococo_Rococo__joseph-wright_d-ewes-coke-his-wife-hannah-and-daniel-parker-coke_to_Minimalism.png,0.5973473,0.0,0.6872420310974121,0.0
Rococo,Minimalism,Rococo__thomas-gainsborough_robert-butcher-of-walthamstan.jpg,images/Rococo_Rococo__thomas-gainsborough_robert-butcher-of-walthamstan_to_Minimalism.png,0.5629581,0.0,0.8093929290771484,0.0
Rococo,Rococo,Rococo__joseph-wright_mr-and-mrs-thomas-coltman.jpg,images/Rococo_Rococo__joseph-wright_mr-and-mrs-thomas-coltman_to_Rococo.png,0.5919523,0.0,0.6550054550170898,0.0
Rococo,Rococo,Rococo__antoine-watteau_the-delicate-musician.jpg,images/Rococo_Rococo__antoine-watteau_the-delicate-musician_to_Rococo.png,0.5824383,0.0,0.6959405541419983,0.0
Rococo,Rococo,Rococo__joseph-wright_d-ewes-coke-his-wife-hannah-and-daniel-parker-coke.jpg,images/Rococo_Rococo__joseph-wright_d-ewes-coke-his-wife-hannah-and-daniel-parker-coke_to_Rococo.png,0.6052989,0.0,0.6773446798324585,0.0
Rococo,Rococo,Rococo__thomas-gainsborough_robert-butcher-of-walthamstan.jpg,images/Rococo_Rococo__thomas-gainsborough_robert-butcher-of-walthamstan_to_Rococo.png,0.59741807,0.0,0.6832624077796936,0.0
Rococo,Ukiyo_e,Rococo__joseph-wright_mr-and-mrs-thomas-coltman.jpg,images/Rococo_Rococo__joseph-wright_mr-and-mrs-thomas-coltman_to_Ukiyo_e.png,0.5563437,0.0,0.670355498790741,0.0
Rococo,Ukiyo_e,Rococo__antoine-watteau_the-delicate-musician.jpg,images/Rococo_Rococo__antoine-watteau_the-delicate-musician_to_Ukiyo_e.png,0.5706105,0.0,0.6809394359588623,0.0
Rococo,Ukiyo_e,Rococo__joseph-wright_d-ewes-coke-his-wife-hannah-and-daniel-parker-coke.jpg,images/Rococo_Rococo__joseph-wright_d-ewes-coke-his-wife-hannah-and-daniel-parker-coke_to_Ukiyo_e.png,0.5965493,0.0,0.7031320333480835,0.0
Rococo,Ukiyo_e,Rococo__thomas-gainsborough_robert-butcher-of-walthamstan.jpg,images/Rococo_Rococo__thomas-gainsborough_robert-butcher-of-walthamstan_to_Ukiyo_e.png,0.59028,0.0,0.6914640069007874,0.0
Rococo,Early_Renaissance,Rococo__benjamin-west_the-angel-of-the-lord-announcing-the-resurrection-1805.jpg,images/Rococo_Rococo__benjamin-west_the-angel-of-the-lord-announcing-the-resurrection-1805_to_Early_Renaissance.png,0.5427809,0.0,0.7240508198738098,0.0
Rococo,Early_Renaissance,Rococo__pietro-longhi_the-tooth-extractor.jpg,images/Rococo_Rococo__pietro-longhi_the-tooth-extractor_to_Early_Renaissance.png,0.5281935,0.0,0.7068557739257812,0.0
Rococo,Early_Renaissance,Rococo__canaletto_london-the-thames-and-the-city-of-london-from-the-terrace-of-richmond-house.jpg,images/Rococo_Rococo__canaletto_london-the-thames-and-the-city-of-london-from-the-terrace-of-richmond-house_to_Early_Renaissance.png,0.5631033,0.0,0.6481277942657471,0.0
Rococo,Early_Renaissance,Rococo__carl-ludwig-johann-christineck_nikolai-mordvinov-1771.jpg,images/Rococo_Rococo__carl-ludwig-johann-christineck_nikolai-mordvinov-1771_to_Early_Renaissance.png,0.5741032,0.0,0.7161867618560791,0.0
Rococo,Impressionism,Rococo__benjamin-west_the-angel-of-the-lord-announcing-the-resurrection-1805.jpg,images/Rococo_Rococo__benjamin-west_the-angel-of-the-lord-announcing-the-resurrection-1805_to_Impressionism.png,0.55334496,0.0,0.8041156530380249,0.0
Rococo,Impressionism,Rococo__pietro-longhi_the-tooth-extractor.jpg,images/Rococo_Rococo__pietro-longhi_the-tooth-extractor_to_Impressionism.png,0.535281,0.0,0.7686344385147095,0.0
Rococo,Impressionism,Rococo__canaletto_london-the-thames-and-the-city-of-london-from-the-terrace-of-richmond-house.jpg,images/Rococo_Rococo__canaletto_london-the-thames-and-the-city-of-london-from-the-terrace-of-richmond-house_to_Impressionism.png,0.534957,0.0,0.7735656499862671,0.0
Rococo,Impressionism,Rococo__carl-ludwig-johann-christineck_nikolai-mordvinov-1771.jpg,images/Rococo_Rococo__carl-ludwig-johann-christineck_nikolai-mordvinov-1771_to_Impressionism.png,0.57612,0.0,0.7542106509208679,0.0
Rococo,Minimalism,Rococo__benjamin-west_the-angel-of-the-lord-announcing-the-resurrection-1805.jpg,images/Rococo_Rococo__benjamin-west_the-angel-of-the-lord-announcing-the-resurrection-1805_to_Minimalism.png,0.56506443,0.0,0.7251611351966858,0.0
Rococo,Minimalism,Rococo__pietro-longhi_the-tooth-extractor.jpg,images/Rococo_Rococo__pietro-longhi_the-tooth-extractor_to_Minimalism.png,0.56579655,0.0,0.7896733283996582,0.0
Rococo,Minimalism,Rococo__canaletto_london-the-thames-and-the-city-of-london-from-the-terrace-of-richmond-house.jpg,images/Rococo_Rococo__canaletto_london-the-thames-and-the-city-of-london-from-the-terrace-of-richmond-house_to_Minimalism.png,0.45949638,0.0,0.8933219313621521,0.0
Rococo,Minimalism,Rococo__carl-ludwig-johann-christineck_nikolai-mordvinov-1771.jpg,images/Rococo_Rococo__carl-ludwig-johann-christineck_nikolai-mordvinov-1771_to_Minimalism.png,0.60914284,0.0,0.7584331035614014,0.0
Rococo,Rococo,Rococo__benjamin-west_the-angel-of-the-lord-announcing-the-resurrection-1805.jpg,images/Rococo_Rococo__benjamin-west_the-angel-of-the-lord-announcing-the-resurrection-1805_to_Rococo.png,0.54326975,0.0,0.6837421655654907,0.0
Rococo,Rococo,Rococo__pietro-longhi_the-tooth-extractor.jpg,images/Rococo_Rococo__pietro-longhi_the-tooth-extractor_to_Rococo.png,0.54915756,0.0,0.6998403072357178,0.0
Rococo,Rococo,Rococo__canaletto_london-the-thames-and-the-city-of-london-from-the-terrace-of-richmond-house.jpg,images/Rococo_Rococo__canaletto_london-the-thames-and-the-city-of-london-from-the-terrace-of-richmond-house_to_Rococo.png,0.5800779,0.0,0.6417183876037598,0.0
Rococo,Rococo,Rococo__carl-ludwig-johann-christineck_nikolai-mordvinov-1771.jpg,images/Rococo_Rococo__carl-ludwig-johann-christineck_nikolai-mordvinov-1771_to_Rococo.png,0.5780629,0.0,0.7147289514541626,0.0
Rococo,Ukiyo_e,Rococo__benjamin-west_the-angel-of-the-lord-announcing-the-resurrection-1805.jpg,images/Rococo_Rococo__benjamin-west_the-angel-of-the-lord-announcing-the-resurrection-1805_to_Ukiyo_e.png,0.5550879,0.0,0.7153761386871338,0.0
Rococo,Ukiyo_e,Rococo__pietro-longhi_the-tooth-extractor.jpg,images/Rococo_Rococo__pietro-longhi_the-tooth-extractor_to_Ukiyo_e.png,0.5327998,0.0,0.6965280771255493,0.0
Rococo,Ukiyo_e,Rococo__canaletto_london-the-thames-and-the-city-of-london-from-the-terrace-of-richmond-house.jpg,images/Rococo_Rococo__canaletto_london-the-thames-and-the-city-of-london-from-the-terrace-of-richmond-house_to_Ukiyo_e.png,0.507193,0.0,0.6675984859466553,0.0
Rococo,Ukiyo_e,Rococo__carl-ludwig-johann-christineck_nikolai-mordvinov-1771.jpg,images/Rococo_Rococo__carl-ludwig-johann-christineck_nikolai-mordvinov-1771_to_Ukiyo_e.png,0.57194626,0.0,0.7071813344955444,0.0
Rococo,Early_Renaissance,Rococo__maurice-quentin-de-la-tour_study-for-portrait-of-mademoiselle-dangeville-1.jpg,images/Rococo_Rococo__maurice-quentin-de-la-tour_study-for-portrait-of-mademoiselle-dangeville-1_to_Early_Renaissance.png,0.535674,0.0,0.6934593915939331,0.0
Rococo,Early_Renaissance,Rococo__antoine-pesne_carl-heinrich-graun.jpg,images/Rococo_Rococo__antoine-pesne_carl-heinrich-graun_to_Early_Renaissance.png,0.5411714,0.0,0.6960650086402893,0.0
Rococo,Early_Renaissance,Rococo__benjamin-west_self-portrait-1770.jpg,images/Rococo_Rococo__benjamin-west_self-portrait-1770_to_Early_Renaissance.png,0.50880873,0.0,0.6991894841194153,0.0
Rococo,Early_Renaissance,Rococo__louise-elisabeth-vigee-le-brun_portrait-of-joseph-vernet-1778.jpg,images/Rococo_Rococo__louise-elisabeth-vigee-le-brun_portrait-of-joseph-vernet-1778_to_Early_Renaissance.png,0.5209515,0.0,0.6769810914993286,0.0
Rococo,Impressionism,Rococo__maurice-quentin-de-la-tour_study-for-portrait-of-mademoiselle-dangeville-1.jpg,images/Rococo_Rococo__maurice-quentin-de-la-tour_study-for-portrait-of-mademoiselle-dangeville-1_to_Impressionism.png,0.52539885,0.0,0.7513943314552307,0.0
Rococo,Impressionism,Rococo__antoine-pesne_carl-heinrich-graun.jpg,images/Rococo_Rococo__antoine-pesne_carl-heinrich-graun_to_Impressionism.png,0.535172,0.0,0.7330180406570435,0.0
Rococo,Impressionism,Rococo__benjamin-west_self-portrait-1770.jpg,images/Rococo_Rococo__benjamin-west_self-portrait-1770_to_Impressionism.png,0.5110457,0.0,0.7452589273452759,0.0
Rococo,Impressionism,Rococo__louise-elisabeth-vigee-le-brun_portrait-of-joseph-vernet-1778.jpg,images/Rococo_Rococo__louise-elisabeth-vigee-le-brun_portrait-of-joseph-vernet-1778_to_Impressionism.png,0.5162256,0.0,0.7558479309082031,0.0
Rococo,Minimalism,Rococo__maurice-quentin-de-la-tour_study-for-portrait-of-mademoiselle-dangeville-1.jpg,images/Rococo_Rococo__maurice-quentin-de-la-tour_study-for-portrait-of-mademoiselle-dangeville-1_to_Minimalism.png,0.5573796,0.0,0.6506211757659912,0.0
Rococo,Minimalism,Rococo__antoine-pesne_carl-heinrich-graun.jpg,images/Rococo_Rococo__antoine-pesne_carl-heinrich-graun_to_Minimalism.png,0.5462761,0.0,0.6968955993652344,0.0
Rococo,Minimalism,Rococo__benjamin-west_self-portrait-1770.jpg,images/Rococo_Rococo__benjamin-west_self-portrait-1770_to_Minimalism.png,0.5333329,0.0,0.6240092515945435,0.0
Rococo,Minimalism,Rococo__louise-elisabeth-vigee-le-brun_portrait-of-joseph-vernet-1778.jpg,images/Rococo_Rococo__louise-elisabeth-vigee-le-brun_portrait-of-joseph-vernet-1778_to_Minimalism.png,0.55319643,0.0,0.6402707695960999,0.0
Rococo,Rococo,Rococo__maurice-quentin-de-la-tour_study-for-portrait-of-mademoiselle-dangeville-1.jpg,images/Rococo_Rococo__maurice-quentin-de-la-tour_study-for-portrait-of-mademoiselle-dangeville-1_to_Rococo.png,0.5441807,0.0,0.7076578736305237,0.0
Rococo,Rococo,Rococo__antoine-pesne_carl-heinrich-graun.jpg,images/Rococo_Rococo__antoine-pesne_carl-heinrich-graun_to_Rococo.png,0.5477431,0.0,0.6470909118652344,0.0
Rococo,Rococo,Rococo__benjamin-west_self-portrait-1770.jpg,images/Rococo_Rococo__benjamin-west_self-portrait-1770_to_Rococo.png,0.5046729,0.0,0.6974331140518188,0.0
Rococo,Rococo,Rococo__louise-elisabeth-vigee-le-brun_portrait-of-joseph-vernet-1778.jpg,images/Rococo_Rococo__louise-elisabeth-vigee-le-brun_portrait-of-joseph-vernet-1778_to_Rococo.png,0.507751,0.0,0.7777761816978455,0.0
Rococo,Ukiyo_e,Rococo__maurice-quentin-de-la-tour_study-for-portrait-of-mademoiselle-dangeville-1.jpg,images/Rococo_Rococo__maurice-quentin-de-la-tour_study-for-portrait-of-mademoiselle-dangeville-1_to_Ukiyo_e.png,0.54054046,0.0,0.6836845874786377,0.0
Rococo,Ukiyo_e,Rococo__antoine-pesne_carl-heinrich-graun.jpg,images/Rococo_Rococo__antoine-pesne_carl-heinrich-graun_to_Ukiyo_e.png,0.52965397,0.0,0.6827584505081177,0.0
Rococo,Ukiyo_e,Rococo__benjamin-west_self-portrait-1770.jpg,images/Rococo_Rococo__benjamin-west_self-portrait-1770_to_Ukiyo_e.png,0.5242933,0.0,0.6882738471031189,0.0
Rococo,Ukiyo_e,Rococo__louise-elisabeth-vigee-le-brun_portrait-of-joseph-vernet-1778.jpg,images/Rococo_Rococo__louise-elisabeth-vigee-le-brun_portrait-of-joseph-vernet-1778_to_Ukiyo_e.png,0.5247767,0.0,0.6825432777404785,0.0
Ukiyo_e,Early_Renaissance,Ukiyo_e__utagawa-kunisada_not_detected_240381(1).jpg,images/Ukiyo_e_Ukiyo_e__utagawa-kunisada_not_detected_240381(1)_to_Early_Renaissance.png,0.54514515,0.0,0.7234266996383667,0.0
Ukiyo_e,Early_Renaissance,Ukiyo_e__tsukioka-yoshitoshi_not_detected_242419.jpg,images/Ukiyo_e_Ukiyo_e__tsukioka-yoshitoshi_not_detected_242419_to_Early_Renaissance.png,0.526169,0.0,0.6930434107780457,0.0
Ukiyo_e,Early_Renaissance,Ukiyo_e__kitagawa-utamaro_upon-my-oath.jpg,images/Ukiyo_e_Ukiyo_e__kitagawa-utamaro_upon-my-oath_to_Early_Renaissance.png,0.5194932,0.0,0.6699868440628052,0.0
Ukiyo_e,Early_Renaissance,Ukiyo_e__utagawa-kuniyoshi_tamatori-being-pursued-bya-dragon.jpg,images/Ukiyo_e_Ukiyo_e__utagawa-kuniyoshi_tamatori-being-pursued-bya-dragon_to_Early_Renaissance.png,0.56466484,0.0,0.7035377025604248,0.0
Ukiyo_e,Impressionism,Ukiyo_e__utagawa-kunisada_not_detected_240381(1).jpg,images/Ukiyo_e_Ukiyo_e__utagawa-kunisada_not_detected_240381(1)_to_Impressionism.png,0.539525,0.0,0.8518651127815247,0.0
Ukiyo_e,Impressionism,Ukiyo_e__tsukioka-yoshitoshi_not_detected_242419.jpg,images/Ukiyo_e_Ukiyo_e__tsukioka-yoshitoshi_not_detected_242419_to_Impressionism.png,0.5111736,0.0,0.7655405402183533,0.0
Ukiyo_e,Impressionism,Ukiyo_e__kitagawa-utamaro_upon-my-oath.jpg,images/Ukiyo_e_Ukiyo_e__kitagawa-utamaro_upon-my-oath_to_Impressionism.png,0.4981702,0.0,0.7826921939849854,0.0
Ukiyo_e,Impressionism,Ukiyo_e__utagawa-kuniyoshi_tamatori-being-pursued-bya-dragon.jpg,images/Ukiyo_e_Ukiyo_e__utagawa-kuniyoshi_tamatori-being-pursued-bya-dragon_to_Impressionism.png,0.5633404,0.0,0.7528965473175049,0.0
Ukiyo_e,Minimalism,Ukiyo_e__utagawa-kunisada_not_detected_240381(1).jpg,images/Ukiyo_e_Ukiyo_e__utagawa-kunisada_not_detected_240381(1)_to_Minimalism.png,0.5200113,0.0,0.8597176671028137,0.0
Ukiyo_e,Minimalism,Ukiyo_e__tsukioka-yoshitoshi_not_detected_242419.jpg,images/Ukiyo_e_Ukiyo_e__tsukioka-yoshitoshi_not_detected_242419_to_Minimalism.png,0.5125071,0.0,0.8565325736999512,0.0
Ukiyo_e,Minimalism,Ukiyo_e__kitagawa-utamaro_upon-my-oath.jpg,images/Ukiyo_e_Ukiyo_e__kitagawa-utamaro_upon-my-oath_to_Minimalism.png,0.43973136,0.0,0.8600594997406006,0.0
Ukiyo_e,Minimalism,Ukiyo_e__utagawa-kuniyoshi_tamatori-being-pursued-bya-dragon.jpg,images/Ukiyo_e_Ukiyo_e__utagawa-kuniyoshi_tamatori-being-pursued-bya-dragon_to_Minimalism.png,0.5660025,0.0,0.8032509088516235,0.0
Ukiyo_e,Rococo,Ukiyo_e__utagawa-kunisada_not_detected_240381(1).jpg,images/Ukiyo_e_Ukiyo_e__utagawa-kunisada_not_detected_240381(1)_to_Rococo.png,0.5754792,0.0,0.6829296946525574,0.0
Ukiyo_e,Rococo,Ukiyo_e__tsukioka-yoshitoshi_not_detected_242419.jpg,images/Ukiyo_e_Ukiyo_e__tsukioka-yoshitoshi_not_detected_242419_to_Rococo.png,0.54427934,0.0,0.6563043594360352,0.0
Ukiyo_e,Rococo,Ukiyo_e__kitagawa-utamaro_upon-my-oath.jpg,images/Ukiyo_e_Ukiyo_e__kitagawa-utamaro_upon-my-oath_to_Rococo.png,0.5469858,0.0,0.6372078061103821,0.0
Ukiyo_e,Rococo,Ukiyo_e__utagawa-kuniyoshi_tamatori-being-pursued-bya-dragon.jpg,images/Ukiyo_e_Ukiyo_e__utagawa-kuniyoshi_tamatori-being-pursued-bya-dragon_to_Rococo.png,0.5805763,0.0,0.661177396774292,0.0
Ukiyo_e,Ukiyo_e,Ukiyo_e__utagawa-kunisada_not_detected_240381(1).jpg,images/Ukiyo_e_Ukiyo_e__utagawa-kunisada_not_detected_240381(1)_to_Ukiyo_e.png,0.51941675,0.0,0.7398945093154907,0.0
Ukiyo_e,Ukiyo_e,Ukiyo_e__tsukioka-yoshitoshi_not_detected_242419.jpg,images/Ukiyo_e_Ukiyo_e__tsukioka-yoshitoshi_not_detected_242419_to_Ukiyo_e.png,0.52338696,0.0,0.700844943523407,0.0
Ukiyo_e,Ukiyo_e,Ukiyo_e__kitagawa-utamaro_upon-my-oath.jpg,images/Ukiyo_e_Ukiyo_e__kitagawa-utamaro_upon-my-oath_to_Ukiyo_e.png,0.47277653,0.0,0.7137066721916199,0.0
Ukiyo_e,Ukiyo_e,Ukiyo_e__utagawa-kuniyoshi_tamatori-being-pursued-bya-dragon.jpg,images/Ukiyo_e_Ukiyo_e__utagawa-kuniyoshi_tamatori-being-pursued-bya-dragon_to_Ukiyo_e.png,0.57359564,0.0,0.6996666193008423,0.0
Ukiyo_e,Early_Renaissance,Ukiyo_e__utagawa-kuniyoshi_a-record-of-origins-of-the-great-country-of-japan.jpg,images/Ukiyo_e_Ukiyo_e__utagawa-kuniyoshi_a-record-of-origins-of-the-great-country-of-japan_to_Early_Renaissance.png,0.5170449,0.0,0.716681957244873,0.0
Ukiyo_e,Early_Renaissance,Ukiyo_e__katsushika-hokusai_woman-looking-at-herself-in-a-mirror.jpg,images/Ukiyo_e_Ukiyo_e__katsushika-hokusai_woman-looking-at-herself-in-a-mirror_to_Early_Renaissance.png,0.52373326,0.0,0.6753124594688416,0.0
Ukiyo_e,Early_Renaissance,Ukiyo_e__katsushika-hokusai_ono-shindon-in-the-suraga-province.jpg,images/Ukiyo_e_Ukiyo_e__katsushika-hokusai_ono-shindon-in-the-suraga-province_to_Early_Renaissance.png,0.56719404,0.0,0.6437221765518188,0.0
Ukiyo_e,Early_Renaissance,Ukiyo_e__ogata-gekko_nihon-hana-zue-1896.jpg,images/Ukiyo_e_Ukiyo_e__ogata-gekko_nihon-hana-zue-1896_to_Early_Renaissance.png,0.4903828,0.0,0.7233525514602661,0.0
Ukiyo_e,Impressionism,Ukiyo_e__utagawa-kuniyoshi_a-record-of-origins-of-the-great-country-of-japan.jpg,images/Ukiyo_e_Ukiyo_e__utagawa-kuniyoshi_a-record-of-origins-of-the-great-country-of-japan_to_Impressionism.png,0.5018552,0.0,0.8173224329948425,0.0
Ukiyo_e,Impressionism,Ukiyo_e__katsushika-hokusai_woman-looking-at-herself-in-a-mirror.jpg,images/Ukiyo_e_Ukiyo_e__katsushika-hokusai_woman-looking-at-herself-in-a-mirror_to_Impressionism.png,0.49598658,0.0,0.7628118991851807,0.0
Ukiyo_e,Impressionism,Ukiyo_e__katsushika-hokusai_ono-shindon-in-the-suraga-province.jpg,images/Ukiyo_e_Ukiyo_e__katsushika-hokusai_ono-shindon-in-the-suraga-province_to_Impressionism.png,0.5487449,0.0,0.7640203833580017,0.0
Ukiyo_e,Impressionism,Ukiyo_e__ogata-gekko_nihon-hana-zue-1896.jpg,images/Ukiyo_e_Ukiyo_e__ogata-gekko_nihon-hana-zue-1896_to_Impressionism.png,0.46549815,0.0,0.8028014898300171,0.0
Ukiyo_e,Minimalism,Ukiyo_e__utagawa-kuniyoshi_a-record-of-origins-of-the-great-country-of-japan.jpg,images/Ukiyo_e_Ukiyo_e__utagawa-kuniyoshi_a-record-of-origins-of-the-great-country-of-japan_to_Minimalism.png,0.49163422,0.0,0.8413497805595398,0.0
Ukiyo_e,Minimalism,Ukiyo_e__katsushika-hokusai_woman-looking-at-herself-in-a-mirror.jpg,images/Ukiyo_e_Ukiyo_e__katsushika-hokusai_woman-looking-at-herself-in-a-mirror_to_Minimalism.png,0.49908555,0.0,0.816550076007843,0.0
Ukiyo_e,Minimalism,Ukiyo_e__katsushika-hokusai_ono-shindon-in-the-suraga-province.jpg,images/Ukiyo_e_Ukiyo_e__katsushika-hokusai_ono-shindon-in-the-suraga-province_to_Minimalism.png,0.46466747,0.0,0.7463096380233765,0.0
Ukiyo_e,Minimalism,Ukiyo_e__ogata-gekko_nihon-hana-zue-1896.jpg,images/Ukiyo_e_Ukiyo_e__ogata-gekko_nihon-hana-zue-1896_to_Minimalism.png,0.4286291,0.0,0.7911273837089539,0.0
Ukiyo_e,Rococo,Ukiyo_e__utagawa-kuniyoshi_a-record-of-origins-of-the-great-country-of-japan.jpg,images/Ukiyo_e_Ukiyo_e__utagawa-kuniyoshi_a-record-of-origins-of-the-great-country-of-japan_to_Rococo.png,0.5322013,0.0,0.6953727006912231,0.0
Ukiyo_e,Rococo,Ukiyo_e__katsushika-hokusai_woman-looking-at-herself-in-a-mirror.jpg,images/Ukiyo_e_Ukiyo_e__katsushika-hokusai_woman-looking-at-herself-in-a-mirror_to_Rococo.png,0.5445194,0.0,0.6678909659385681,0.0
Ukiyo_e,Rococo,Ukiyo_e__katsushika-hokusai_ono-shindon-in-the-suraga-province.jpg,images/Ukiyo_e_Ukiyo_e__katsushika-hokusai_ono-shindon-in-the-suraga-province_to_Rococo.png,0.57396346,0.0,0.6395611763000488,0.0
Ukiyo_e,Rococo,Ukiyo_e__ogata-gekko_nihon-hana-zue-1896.jpg,images/Ukiyo_e_Ukiyo_e__ogata-gekko_nihon-hana-zue-1896_to_Rococo.png,0.5130817,0.0,0.6880567073822021,0.0
Ukiyo_e,Ukiyo_e,Ukiyo_e__utagawa-kuniyoshi_a-record-of-origins-of-the-great-country-of-japan.jpg,images/Ukiyo_e_Ukiyo_e__utagawa-kuniyoshi_a-record-of-origins-of-the-great-country-of-japan_to_Ukiyo_e.png,0.499632,0.0,0.7533650398254395,0.0
Ukiyo_e,Ukiyo_e,Ukiyo_e__katsushika-hokusai_woman-looking-at-herself-in-a-mirror.jpg,images/Ukiyo_e_Ukiyo_e__katsushika-hokusai_woman-looking-at-herself-in-a-mirror_to_Ukiyo_e.png,0.46874893,0.0,0.7004294395446777,0.0
Ukiyo_e,Ukiyo_e,Ukiyo_e__katsushika-hokusai_ono-shindon-in-the-suraga-province.jpg,images/Ukiyo_e_Ukiyo_e__katsushika-hokusai_ono-shindon-in-the-suraga-province_to_Ukiyo_e.png,0.5312818,0.0,0.7301777601242065,0.0
Ukiyo_e,Ukiyo_e,Ukiyo_e__ogata-gekko_nihon-hana-zue-1896.jpg,images/Ukiyo_e_Ukiyo_e__ogata-gekko_nihon-hana-zue-1896_to_Ukiyo_e.png,0.4340058,0.0,0.7945231795310974,0.0
Ukiyo_e,Early_Renaissance,Ukiyo_e__kitagawa-utamaro_yama-uba-and-kintaro-1.jpg,images/Ukiyo_e_Ukiyo_e__kitagawa-utamaro_yama-uba-and-kintaro-1_to_Early_Renaissance.png,0.57609844,0.0,0.6971990466117859,0.0
Ukiyo_e,Early_Renaissance,Ukiyo_e__utagawa-kunisada-ii_oichi-from-the-beauties-of-tokyo-series.jpg,images/Ukiyo_e_Ukiyo_e__utagawa-kunisada-ii_oichi-from-the-beauties-of-tokyo-series_to_Early_Renaissance.png,0.527529,0.0,0.6758459210395813,0.0
Ukiyo_e,Early_Renaissance,Ukiyo_e__kitagawa-utamaro_the-hour-of-the-horse.jpg,images/Ukiyo_e_Ukiyo_e__kitagawa-utamaro_the-hour-of-the-horse_to_Early_Renaissance.png,0.5303486,0.0,0.6447191834449768,0.0
Ukiyo_e,Early_Renaissance,Ukiyo_e__utagawa-kuniyoshi_kuzunoha.jpg,images/Ukiyo_e_Ukiyo_e__utagawa-kuniyoshi_kuzunoha_to_Early_Renaissance.png,0.48938966,0.0,0.6150094270706177,0.0
Ukiyo_e,Impressionism,Ukiyo_e__kitagawa-utamaro_yama-uba-and-kintaro-1.jpg,images/Ukiyo_e_Ukiyo_e__kitagawa-utamaro_yama-uba-and-kintaro-1_to_Impressionism.png,0.5546433,0.0,0.7413575649261475,0.0
Ukiyo_e,Impressionism,Ukiyo_e__utagawa-kunisada-ii_oichi-from-the-beauties-of-tokyo-series.jpg,images/Ukiyo_e_Ukiyo_e__utagawa-kunisada-ii_oichi-from-the-beauties-of-tokyo-series_to_Impressionism.png,0.50810695,0.0,0.7354848980903625,0.0
Ukiyo_e,Impressionism,Ukiyo_e__kitagawa-utamaro_the-hour-of-the-horse.jpg,images/Ukiyo_e_Ukiyo_e__kitagawa-utamaro_the-hour-of-the-horse_to_Impressionism.png,0.5257257,0.0,0.7600184679031372,0.0
Ukiyo_e,Impressionism,Ukiyo_e__utagawa-kuniyoshi_kuzunoha.jpg,images/Ukiyo_e_Ukiyo_e__utagawa-kuniyoshi_kuzunoha_to_Impressionism.png,0.4786504,0.0,0.7235767245292664,0.0
Ukiyo_e,Minimalism,Ukiyo_e__kitagawa-utamaro_yama-uba-and-kintaro-1.jpg,images/Ukiyo_e_Ukiyo_e__kitagawa-utamaro_yama-uba-and-kintaro-1_to_Minimalism.png,0.3682474,0.0,0.7694353461265564,0.0
Ukiyo_e,Minimalism,Ukiyo_e__utagawa-kunisada-ii_oichi-from-the-beauties-of-tokyo-series.jpg,images/Ukiyo_e_Ukiyo_e__utagawa-kunisada-ii_oichi-from-the-beauties-of-tokyo-series_to_Minimalism.png,0.5126618,0.0,0.816838264465332,0.0
Ukiyo_e,Minimalism,Ukiyo_e__kitagawa-utamaro_the-hour-of-the-horse.jpg,images/Ukiyo_e_Ukiyo_e__kitagawa-utamaro_the-hour-of-the-horse_to_Minimalism.png,0.52811754,0.0,0.7167870402336121,0.0
Ukiyo_e,Minimalism,Ukiyo_e__utagawa-kuniyoshi_kuzunoha.jpg,images/Ukiyo_e_Ukiyo_e__utagawa-kuniyoshi_kuzunoha_to_Minimalism.png,0.46024525,0.0,0.8827023506164551,0.0
Ukiyo_e,Rococo,Ukiyo_e__kitagawa-utamaro_yama-uba-and-kintaro-1.jpg,images/Ukiyo_e_Ukiyo_e__kitagawa-utamaro_yama-uba-and-kintaro-1_to_Rococo.png,0.57449234,0.0,0.6610687971115112,0.0
Ukiyo_e,Rococo,Ukiyo_e__utagawa-kunisada-ii_oichi-from-the-beauties-of-tokyo-series.jpg,images/Ukiyo_e_Ukiyo_e__utagawa-kunisada-ii_oichi-from-the-beauties-of-tokyo-series_to_Rococo.png,0.52759886,0.0,0.6452345252037048,0.0
Ukiyo_e,Rococo,Ukiyo_e__kitagawa-utamaro_the-hour-of-the-horse.jpg,images/Ukiyo_e_Ukiyo_e__kitagawa-utamaro_the-hour-of-the-horse_to_Rococo.png,0.5589,0.0,0.6506987810134888,0.0
Ukiyo_e,Rococo,Ukiyo_e__utagawa-kuniyoshi_kuzunoha.jpg,images/Ukiyo_e_Ukiyo_e__utagawa-kuniyoshi_kuzunoha_to_Rococo.png,0.4995594,0.0,0.5598040819168091,0.0
Ukiyo_e,Ukiyo_e,Ukiyo_e__kitagawa-utamaro_yama-uba-and-kintaro-1.jpg,images/Ukiyo_e_Ukiyo_e__kitagawa-utamaro_yama-uba-and-kintaro-1_to_Ukiyo_e.png,0.5248938,0.0,0.7220426797866821,0.0
Ukiyo_e,Ukiyo_e,Ukiyo_e__utagawa-kunisada-ii_oichi-from-the-beauties-of-tokyo-series.jpg,images/Ukiyo_e_Ukiyo_e__utagawa-kunisada-ii_oichi-from-the-beauties-of-tokyo-series_to_Ukiyo_e.png,0.5189391,0.0,0.6974037289619446,0.0
Ukiyo_e,Ukiyo_e,Ukiyo_e__kitagawa-utamaro_the-hour-of-the-horse.jpg,images/Ukiyo_e_Ukiyo_e__kitagawa-utamaro_the-hour-of-the-horse_to_Ukiyo_e.png,0.5210586,0.0,0.6739976406097412,0.0
Ukiyo_e,Ukiyo_e,Ukiyo_e__utagawa-kuniyoshi_kuzunoha.jpg,images/Ukiyo_e_Ukiyo_e__utagawa-kuniyoshi_kuzunoha_to_Ukiyo_e.png,0.47024816,0.0,0.6980428695678711,0.0
Ukiyo_e,Early_Renaissance,Ukiyo_e__utagawa-toyokuni_the-heian-courtier.jpg,images/Ukiyo_e_Ukiyo_e__utagawa-toyokuni_the-heian-courtier_to_Early_Renaissance.png,0.48720855,0.0,0.6642462611198425,0.0
Ukiyo_e,Early_Renaissance,Ukiyo_e__utagawa-kuniyoshi_a-man-confronted-with-an-apparition-of-the-fox-goddess.jpg,images/Ukiyo_e_Ukiyo_e__utagawa-kuniyoshi_a-man-confronted-with-an-apparition-of-the-fox-goddess_to_Early_Renaissance.png,0.5425273,0.0,0.7069350481033325,0.0
Ukiyo_e,Early_Renaissance,Ukiyo_e__utagawa-kunisada_not_detected_240333.jpg,images/Ukiyo_e_Ukiyo_e__utagawa-kunisada_not_detected_240333_to_Early_Renaissance.png,0.5310804,0.0,0.663316547870636,0.0
Ukiyo_e,Early_Renaissance,Ukiyo_e__utagawa-kuniyoshi_tsuchigumo.jpg,images/Ukiyo_e_Ukiyo_e__utagawa-kuniyoshi_tsuchigumo_to_Early_Renaissance.png,0.5401231,0.0,0.6975827813148499,0.0
Ukiyo_e,Impressionism,Ukiyo_e__utagawa-toyokuni_the-heian-courtier.jpg,images/Ukiyo_e_Ukiyo_e__utagawa-toyokuni_the-heian-courtier_to_Impressionism.png,0.4604174,0.0,0.7874957323074341,0.0
Ukiyo_e,Impressionism,Ukiyo_e__utagawa-kuniyoshi_a-man-confronted-with-an-apparition-of-the-fox-goddess.jpg,images/Ukiyo_e_Ukiyo_e__utagawa-kuniyoshi_a-man-confronted-with-an-apparition-of-the-fox-goddess_to_Impressionism.png,0.5287283,0.0,0.774490237236023,0.0
Ukiyo_e,Impressionism,Ukiyo_e__utagawa-kunisada_not_detected_240333.jpg,images/Ukiyo_e_Ukiyo_e__utagawa-kunisada_not_detected_240333_to_Impressionism.png,0.5227486,0.0,0.7594552040100098,0.0
Ukiyo_e,Impressionism,Ukiyo_e__utagawa-kuniyoshi_tsuchigumo.jpg,images/Ukiyo_e_Ukiyo_e__utagawa-kuniyoshi_tsuchigumo_to_Impressionism.png,0.5348713,0.0,0.835127055644989,0.0
Ukiyo_e,Minimalism,Ukiyo_e__utagawa-toyokuni_the-heian-courtier.jpg,images/Ukiyo_e_Ukiyo_e__utagawa-toyokuni_the-heian-courtier_to_Minimalism.png,0.47052366,0.0,0.7178179621696472,0.0
Ukiyo_e,Minimalism,Ukiyo_e__utagawa-kuniyoshi_a-man-confronted-with-an-apparition-of-the-fox-goddess.jpg,images/Ukiyo_e_Ukiyo_e__utagawa-kuniyoshi_a-man-confronted-with-an-apparition-of-the-fox-goddess_to_Minimalism.png,0.552377,0.0,0.674760103225708,0.0
Ukiyo_e,Minimalism,Ukiyo_e__utagawa-kunisada_not_detected_240333.jpg,images/Ukiyo_e_Ukiyo_e__utagawa-kunisada_not_detected_240333_to_Minimalism.png,0.53169054,0.0,0.7973253726959229,0.0
Ukiyo_e,Minimalism,Ukiyo_e__utagawa-kuniyoshi_tsuchigumo.jpg,images/Ukiyo_e_Ukiyo_e__utagawa-kuniyoshi_tsuchigumo_to_Minimalism.png,0.5560003,0.0,0.816094160079956,0.0
Ukiyo_e,Rococo,Ukiyo_e__utagawa-toyokuni_the-heian-courtier.jpg,images/Ukiyo_e_Ukiyo_e__utagawa-toyokuni_the-heian-courtier_to_Rococo.png,0.5360346,0.0,0.6592534780502319,0.0
Ukiyo_e,Rococo,Ukiyo_e__utagawa-kuniyoshi_a-man-confronted-with-an-apparition-of-the-fox-goddess.jpg,images/Ukiyo_e_Ukiyo_e__utagawa-kuniyoshi_a-man-confronted-with-an-apparition-of-the-fox-goddess_to_Rococo.png,0.56481117,0.0,0.6491649746894836,0.0
Ukiyo_e,Rococo,Ukiyo_e__utagawa-kunisada_not_detected_240333.jpg,images/Ukiyo_e_Ukiyo_e__utagawa-kunisada_not_detected_240333_to_Rococo.png,0.5579728,0.0,0.6321504712104797,0.0
Ukiyo_e,Rococo,Ukiyo_e__utagawa-kuniyoshi_tsuchigumo.jpg,images/Ukiyo_e_Ukiyo_e__utagawa-kuniyoshi_tsuchigumo_to_Rococo.png,0.566516,0.0,0.6573013663291931,0.0
Ukiyo_e,Ukiyo_e,Ukiyo_e__utagawa-toyokuni_the-heian-courtier.jpg,images/Ukiyo_e_Ukiyo_e__utagawa-toyokuni_the-heian-courtier_to_Ukiyo_e.png,0.43326542,0.0,0.7441121339797974,0.0
Ukiyo_e,Ukiyo_e,Ukiyo_e__utagawa-kuniyoshi_a-man-confronted-with-an-apparition-of-the-fox-goddess.jpg,images/Ukiyo_e_Ukiyo_e__utagawa-kuniyoshi_a-man-confronted-with-an-apparition-of-the-fox-goddess_to_Ukiyo_e.png,0.53574485,0.0,0.7596510648727417,0.0
Ukiyo_e,Ukiyo_e,Ukiyo_e__utagawa-kunisada_not_detected_240333.jpg,images/Ukiyo_e_Ukiyo_e__utagawa-kunisada_not_detected_240333_to_Ukiyo_e.png,0.5270917,0.0,0.677824854850769,0.0
Ukiyo_e,Ukiyo_e,Ukiyo_e__utagawa-kuniyoshi_tsuchigumo.jpg,images/Ukiyo_e_Ukiyo_e__utagawa-kuniyoshi_tsuchigumo_to_Ukiyo_e.png,0.53242993,0.0,0.7219251990318298,0.0
Ukiyo_e,Early_Renaissance,Ukiyo_e__hiroshige_oiso-toraga-ame-shower-1835.jpg,images/Ukiyo_e_Ukiyo_e__hiroshige_oiso-toraga-ame-shower-1835_to_Early_Renaissance.png,0.54631245,0.0,0.67332923412323,0.0
Ukiyo_e,Early_Renaissance,Ukiyo_e__ogata-gekko_print-from-series-women-s-customs-and-manners-1895-1.jpg,images/Ukiyo_e_Ukiyo_e__ogata-gekko_print-from-series-women-s-customs-and-manners-1895-1_to_Early_Renaissance.png,0.47767982,0.0,0.6725689172744751,0.0
Ukiyo_e,Early_Renaissance,Ukiyo_e__utagawa-kunisada_not_detected_240353.jpg,images/Ukiyo_e_Ukiyo_e__utagawa-kunisada_not_detected_240353_to_Early_Renaissance.png,0.56051505,0.0,0.6787291169166565,0.0
Ukiyo_e,Early_Renaissance,Ukiyo_e__katsushika-hokusai_cargo-ship-and-wave.jpg,images/Ukiyo_e_Ukiyo_e__katsushika-hokusai_cargo-ship-and-wave_to_Early_Renaissance.png,0.5294683,0.0,0.6806745529174805,0.0
Ukiyo_e,Impressionism,Ukiyo_e__hiroshige_oiso-toraga-ame-shower-1835.jpg,images/Ukiyo_e_Ukiyo_e__hiroshige_oiso-toraga-ame-shower-1835_to_Impressionism.png,0.5383365,0.0,0.8276917934417725,0.0
Ukiyo_e,Impressionism,Ukiyo_e__ogata-gekko_print-from-series-women-s-customs-and-manners-1895-1.jpg,images/Ukiyo_e_Ukiyo_e__ogata-gekko_print-from-series-women-s-customs-and-manners-1895-1_to_Impressionism.png,0.46153584,0.0,0.7404758930206299,0.0
Ukiyo_e,Impressionism,Ukiyo_e__utagawa-kunisada_not_detected_240353.jpg,images/Ukiyo_e_Ukiyo_e__utagawa-kunisada_not_detected_240353_to_Impressionism.png,0.55242825,0.0,0.7932343482971191,0.0
Ukiyo_e,Impressionism,Ukiyo_e__katsushika-hokusai_cargo-ship-and-wave.jpg,images/Ukiyo_e_Ukiyo_e__katsushika-hokusai_cargo-ship-and-wave_to_Impressionism.png,0.50273573,0.0,0.7998325228691101,0.0
Ukiyo_e,Minimalism,Ukiyo_e__hiroshige_oiso-toraga-ame-shower-1835.jpg,images/Ukiyo_e_Ukiyo_e__hiroshige_oiso-toraga-ame-shower-1835_to_Minimalism.png,0.516513,0.0,0.8261051177978516,0.0
Ukiyo_e,Minimalism,Ukiyo_e__ogata-gekko_print-from-series-women-s-customs-and-manners-1895-1.jpg,images/Ukiyo_e_Ukiyo_e__ogata-gekko_print-from-series-women-s-customs-and-manners-1895-1_to_Minimalism.png,0.44274366,0.0,0.7587395906448364,0.0
Ukiyo_e,Minimalism,Ukiyo_e__utagawa-kunisada_not_detected_240353.jpg,images/Ukiyo_e_Ukiyo_e__utagawa-kunisada_not_detected_240353_to_Minimalism.png,0.55676115,0.0,0.7487499117851257,0.0
Ukiyo_e,Minimalism,Ukiyo_e__katsushika-hokusai_cargo-ship-and-wave.jpg,images/Ukiyo_e_Ukiyo_e__katsushika-hokusai_cargo-ship-and-wave_to_Minimalism.png,0.45815438,0.0,0.798791766166687,0.0
Ukiyo_e,Rococo,Ukiyo_e__hiroshige_oiso-toraga-ame-shower-1835.jpg,images/Ukiyo_e_Ukiyo_e__hiroshige_oiso-toraga-ame-shower-1835_to_Rococo.png,0.5557622,0.0,0.6572936177253723,0.0
Ukiyo_e,Rococo,Ukiyo_e__ogata-gekko_print-from-series-women-s-customs-and-manners-1895-1.jpg,images/Ukiyo_e_Ukiyo_e__ogata-gekko_print-from-series-women-s-customs-and-manners-1895-1_to_Rococo.png,0.50419295,0.0,0.6493480205535889,0.0
Ukiyo_e,Rococo,Ukiyo_e__utagawa-kunisada_not_detected_240353.jpg,images/Ukiyo_e_Ukiyo_e__utagawa-kunisada_not_detected_240353_to_Rococo.png,0.57175505,0.0,0.6489521265029907,0.0
Ukiyo_e,Rococo,Ukiyo_e__katsushika-hokusai_cargo-ship-and-wave.jpg,images/Ukiyo_e_Ukiyo_e__katsushika-hokusai_cargo-ship-and-wave_to_Rococo.png,0.5333139,0.0,0.6582578420639038,0.0
Ukiyo_e,Ukiyo_e,Ukiyo_e__hiroshige_oiso-toraga-ame-shower-1835.jpg,images/Ukiyo_e_Ukiyo_e__hiroshige_oiso-toraga-ame-shower-1835_to_Ukiyo_e.png,0.5380722,0.0,0.6845665574073792,0.0
Ukiyo_e,Ukiyo_e,Ukiyo_e__ogata-gekko_print-from-series-women-s-customs-and-manners-1895-1.jpg,images/Ukiyo_e_Ukiyo_e__ogata-gekko_print-from-series-women-s-customs-and-manners-1895-1_to_Ukiyo_e.png,0.4321385,0.0,0.738150954246521,0.0
Ukiyo_e,Ukiyo_e,Ukiyo_e__utagawa-kunisada_not_detected_240353.jpg,images/Ukiyo_e_Ukiyo_e__utagawa-kunisada_not_detected_240353_to_Ukiyo_e.png,0.55647427,0.0,0.7148716449737549,0.0
Ukiyo_e,Ukiyo_e,Ukiyo_e__katsushika-hokusai_cargo-ship-and-wave.jpg,images/Ukiyo_e_Ukiyo_e__katsushika-hokusai_cargo-ship-and-wave_to_Ukiyo_e.png,0.51996136,0.0,0.7167086601257324,0.0
Ukiyo_e,Early_Renaissance,Ukiyo_e__utagawa-kunisada_not_detected_240347.jpg,images/Ukiyo_e_Ukiyo_e__utagawa-kunisada_not_detected_240347_to_Early_Renaissance.png,0.4857703,0.0,0.694701075553894,0.0
Ukiyo_e,Early_Renaissance,Ukiyo_e__utagawa-kuniyoshi_woman-seated-under-a-cherry-blossoms.jpg,images/Ukiyo_e_Ukiyo_e__utagawa-kuniyoshi_woman-seated-under-a-cherry-blossoms_to_Early_Renaissance.png,0.49933934,0.0,0.6686927080154419,0.0
Ukiyo_e,Early_Renaissance,Ukiyo_e__katsushika-hokusai_fishing-in-the-river-kinu.jpg,images/Ukiyo_e_Ukiyo_e__katsushika-hokusai_fishing-in-the-river-kinu_to_Early_Renaissance.png,0.48902494,0.0,0.6538001298904419,0.0
Ukiyo_e,Early_Renaissance,Ukiyo_e__utagawa-kuniyoshi_ishiyakushi.jpg,images/Ukiyo_e_Ukiyo_e__utagawa-kuniyoshi_ishiyakushi_to_Early_Renaissance.png,0.53291386,0.0,0.6183586716651917,0.0
Ukiyo_e,Impressionism,Ukiyo_e__utagawa-kunisada_not_detected_240347.jpg,images/Ukiyo_e_Ukiyo_e__utagawa-kunisada_not_detected_240347_to_Impressionism.png,0.4658238,0.0,0.8045710325241089,0.0
Ukiyo_e,Impressionism,Ukiyo_e__utagawa-kuniyoshi_woman-seated-under-a-cherry-blossoms.jpg,images/Ukiyo_e_Ukiyo_e__utagawa-kuniyoshi_woman-seated-under-a-cherry-blossoms_to_Impressionism.png,0.48777062,0.0,0.8125232458114624,0.0
Ukiyo_e,Impressionism,Ukiyo_e__katsushika-hokusai_fishing-in-the-river-kinu.jpg,images/Ukiyo_e_Ukiyo_e__katsushika-hokusai_fishing-in-the-river-kinu_to_Impressionism.png,0.4731121,0.0,0.8123807907104492,0.0
Ukiyo_e,Impressionism,Ukiyo_e__utagawa-kuniyoshi_ishiyakushi.jpg,images/Ukiyo_e_Ukiyo_e__utagawa-kuniyoshi_ishiyakushi_to_Impressionism.png,0.5176749,0.0,0.6076962947845459,0.0
Ukiyo_e,Minimalism,Ukiyo_e__utagawa-kunisada_not_detected_240347.jpg,images/Ukiyo_e_Ukiyo_e__utagawa-kunisada_not_detected_240347_to_Minimalism.png,0.48203933,0.0,0.8563430309295654,0.0
Ukiyo_e,Minimalism,Ukiyo_e__utagawa-kuniyoshi_woman-seated-under-a-cherry-blossoms.jpg,images/Ukiyo_e_Ukiyo_e__utagawa-kuniyoshi_woman-seated-under-a-cherry-blossoms_to_Minimalism.png,0.5005332,0.0,0.7518110275268555,0.0
Ukiyo_e,Minimalism,Ukiyo_e__katsushika-hokusai_fishing-in-the-river-kinu.jpg,images/Ukiyo_e_Ukiyo_e__katsushika-hokusai_fishing-in-the-river-kinu_to_Minimalism.png,0.50722986,0.0,0.8099627494812012,0.0
Ukiyo_e,Minimalism,Ukiyo_e__utagawa-kuniyoshi_ishiyakushi.jpg,images/Ukiyo_e_Ukiyo_e__utagawa-kuniyoshi_ishiyakushi_to_Minimalism.png,0.52892375,0.0,0.7051970958709717,0.0
Ukiyo_e,Rococo,Ukiyo_e__utagawa-kunisada_not_detected_240347.jpg,images/Ukiyo_e_Ukiyo_e__utagawa-kunisada_not_detected_240347_to_Rococo.png,0.51944053,0.0,0.631415069103241,0.0
Ukiyo_e,Rococo,Ukiyo_e__utagawa-kuniyoshi_woman-seated-under-a-cherry-blossoms.jpg,images/Ukiyo_e_Ukiyo_e__utagawa-kuniyoshi_woman-seated-under-a-cherry-blossoms_to_Rococo.png,0.55451566,0.0,0.6555787324905396,0.0
Ukiyo_e,Rococo,Ukiyo_e__katsushika-hokusai_fishing-in-the-river-kinu.jpg,images/Ukiyo_e_Ukiyo_e__katsushika-hokusai_fishing-in-the-river-kinu_to_Rococo.png,0.51190436,0.0,0.637252926826477,0.0
Ukiyo_e,Rococo,Ukiyo_e__utagawa-kuniyoshi_ishiyakushi.jpg,images/Ukiyo_e_Ukiyo_e__utagawa-kuniyoshi_ishiyakushi_to_Rococo.png,0.55775857,0.0,0.5962094068527222,0.0
Ukiyo_e,Ukiyo_e,Ukiyo_e__utagawa-kunisada_not_detected_240347.jpg,images/Ukiyo_e_Ukiyo_e__utagawa-kunisada_not_detected_240347_to_Ukiyo_e.png,0.44432297,0.0,0.7362754344940186,0.0
Ukiyo_e,Ukiyo_e,Ukiyo_e__utagawa-kuniyoshi_woman-seated-under-a-cherry-blossoms.jpg,images/Ukiyo_e_Ukiyo_e__utagawa-kuniyoshi_woman-seated-under-a-cherry-blossoms_to_Ukiyo_e.png,0.46803653,0.0,0.7337118983268738,0.0
Ukiyo_e,Ukiyo_e,Ukiyo_e__katsushika-hokusai_fishing-in-the-river-kinu.jpg,images/Ukiyo_e_Ukiyo_e__katsushika-hokusai_fishing-in-the-river-kinu_to_Ukiyo_e.png,0.4894375,0.0,0.7253220081329346,0.0
Ukiyo_e,Ukiyo_e,Ukiyo_e__utagawa-kuniyoshi_ishiyakushi.jpg,images/Ukiyo_e_Ukiyo_e__utagawa-kuniyoshi_ishiyakushi_to_Ukiyo_e.png,0.5117918,0.0,0.6583170294761658,0.0
Ukiyo_e,Early_Renaissance,Ukiyo_e__keisai-eisen_the-courtesan-kaoru-of-owariya-matched-with-okitsu-1825(1).jpg,images/Ukiyo_e_Ukiyo_e__keisai-eisen_the-courtesan-kaoru-of-owariya-matched-with-okitsu-1825(1)_to_Early_Renaissance.png,0.5591792,0.0,0.6852819919586182,0.0
Ukiyo_e,Early_Renaissance,Ukiyo_e__keisai-eisen_yabai-with-two-women-1840.jpg,images/Ukiyo_e_Ukiyo_e__keisai-eisen_yabai-with-two-women-1840_to_Early_Renaissance.png,0.4930024,0.0,0.7022280693054199,0.0
Ukiyo_e,Early_Renaissance,Ukiyo_e__utagawa-kuniyoshi_high-noon-at-kasumigaseki.jpg,images/Ukiyo_e_Ukiyo_e__utagawa-kuniyoshi_high-noon-at-kasumigaseki_to_Early_Renaissance.png,0.5500643,0.0,0.7026346325874329,0.0
Ukiyo_e,Early_Renaissance,Ukiyo_e__hiroshige_hakone-kosuizu.jpg,images/Ukiyo_e_Ukiyo_e__hiroshige_hakone-kosuizu_to_Early_Renaissance.png,0.5661819,0.0,0.6195195913314819,0.0
Ukiyo_e,Impressionism,Ukiyo_e__keisai-eisen_the-courtesan-kaoru-of-owariya-matched-with-okitsu-1825(1).jpg,images/Ukiyo_e_Ukiyo_e__keisai-eisen_the-courtesan-kaoru-of-owariya-matched-with-okitsu-1825(1)_to_Impressionism.png,0.5447687,0.0,0.789419949054718,0.0
Ukiyo_e,Impressionism,Ukiyo_e__keisai-eisen_yabai-with-two-women-1840.jpg,images/Ukiyo_e_Ukiyo_e__keisai-eisen_yabai-with-two-women-1840_to_Impressionism.png,0.47844732,0.0,0.7821488380432129,0.0
Ukiyo_e,Impressionism,Ukiyo_e__utagawa-kuniyoshi_high-noon-at-kasumigaseki.jpg,images/Ukiyo_e_Ukiyo_e__utagawa-kuniyoshi_high-noon-at-kasumigaseki_to_Impressionism.png,0.53211504,0.0,0.716486394405365,0.0
Ukiyo_e,Impressionism,Ukiyo_e__hiroshige_hakone-kosuizu.jpg,images/Ukiyo_e_Ukiyo_e__hiroshige_hakone-kosuizu_to_Impressionism.png,0.5445164,0.0,0.8165802359580994,0.0
Ukiyo_e,Minimalism,Ukiyo_e__keisai-eisen_the-courtesan-kaoru-of-owariya-matched-with-okitsu-1825(1).jpg,images/Ukiyo_e_Ukiyo_e__keisai-eisen_the-courtesan-kaoru-of-owariya-matched-with-okitsu-1825(1)_to_Minimalism.png,0.54364836,0.0,0.8630117774009705,0.0
Ukiyo_e,Minimalism,Ukiyo_e__keisai-eisen_yabai-with-two-women-1840.jpg,images/Ukiyo_e_Ukiyo_e__keisai-eisen_yabai-with-two-women-1840_to_Minimalism.png,0.48643625,0.0,0.8060096502304077,0.0
Ukiyo_e,Minimalism,Ukiyo_e__utagawa-kuniyoshi_high-noon-at-kasumigaseki.jpg,images/Ukiyo_e_Ukiyo_e__utagawa-kuniyoshi_high-noon-at-kasumigaseki_to_Minimalism.png,0.49600732,0.0,0.7642483115196228,0.0
Ukiyo_e,Minimalism,Ukiyo_e__hiroshige_hakone-kosuizu.jpg,images/Ukiyo_e_Ukiyo_e__hiroshige_hakone-kosuizu_to_Minimalism.png,0.49478292,0.0,0.8283061385154724,0.0
Ukiyo_e,Rococo,Ukiyo_e__keisai-eisen_the-courtesan-kaoru-of-owariya-matched-with-okitsu-1825(1).jpg,images/Ukiyo_e_Ukiyo_e__keisai-eisen_the-courtesan-kaoru-of-owariya-matched-with-okitsu-1825(1)_to_Rococo.png,0.5858022,0.0,0.6372398734092712,0.0
Ukiyo_e,Rococo,Ukiyo_e__keisai-eisen_yabai-with-two-women-1840.jpg,images/Ukiyo_e_Ukiyo_e__keisai-eisen_yabai-with-two-women-1840_to_Rococo.png,0.49796763,0.0,0.6574138402938843,0.0
Ukiyo_e,Rococo,Ukiyo_e__utagawa-kuniyoshi_high-noon-at-kasumigaseki.jpg,images/Ukiyo_e_Ukiyo_e__utagawa-kuniyoshi_high-noon-at-kasumigaseki_to_Rococo.png,0.5533681,0.0,0.6267289519309998,0.0
Ukiyo_e,Rococo,Ukiyo_e__hiroshige_hakone-kosuizu.jpg,images/Ukiyo_e_Ukiyo_e__hiroshige_hakone-kosuizu_to_Rococo.png,0.57558334,0.0,0.6403453946113586,0.0
Ukiyo_e,Ukiyo_e,Ukiyo_e__keisai-eisen_the-courtesan-kaoru-of-owariya-matched-with-okitsu-1825(1).jpg,images/Ukiyo_e_Ukiyo_e__keisai-eisen_the-courtesan-kaoru-of-owariya-matched-with-okitsu-1825(1)_to_Ukiyo_e.png,0.5208227,0.0,0.7358077764511108,0.0
Ukiyo_e,Ukiyo_e,Ukiyo_e__keisai-eisen_yabai-with-two-women-1840.jpg,images/Ukiyo_e_Ukiyo_e__keisai-eisen_yabai-with-two-women-1840_to_Ukiyo_e.png,0.48893785,0.0,0.6946442723274231,0.0
Ukiyo_e,Ukiyo_e,Ukiyo_e__utagawa-kuniyoshi_high-noon-at-kasumigaseki.jpg,images/Ukiyo_e_Ukiyo_e__utagawa-kuniyoshi_high-noon-at-kasumigaseki_to_Ukiyo_e.png,0.53426886,0.0,0.6941336393356323,0.0
Ukiyo_e,Ukiyo_e,Ukiyo_e__hiroshige_hakone-kosuizu.jpg,images/Ukiyo_e_Ukiyo_e__hiroshige_hakone-kosuizu_to_Ukiyo_e.png,0.5296823,0.0,0.6954420804977417,0.0
Ukiyo_e,Early_Renaissance,Ukiyo_e__katsushika-hokusai_fishing-in-the-bay-uraga.jpg,images/Ukiyo_e_Ukiyo_e__katsushika-hokusai_fishing-in-the-bay-uraga_to_Early_Renaissance.png,0.48982975,0.0,0.6457009315490723,0.0
Ukiyo_e,Early_Renaissance,Ukiyo_e__utagawa-kunisada_the-actor.jpg,images/Ukiyo_e_Ukiyo_e__utagawa-kunisada_the-actor_to_Early_Renaissance.png,0.4949925,0.0,0.6939511299133301,0.0
Ukiyo_e,Impressionism,Ukiyo_e__katsushika-hokusai_fishing-in-the-bay-uraga.jpg,images/Ukiyo_e_Ukiyo_e__katsushika-hokusai_fishing-in-the-bay-uraga_to_Impressionism.png,0.47207236,0.0,0.7925453186035156,0.0
Ukiyo_e,Impressionism,Ukiyo_e__utagawa-kunisada_the-actor.jpg,images/Ukiyo_e_Ukiyo_e__utagawa-kunisada_the-actor_to_Impressionism.png,0.4811119,0.0,0.7873238325119019,0.0
Ukiyo_e,Minimalism,Ukiyo_e__katsushika-hokusai_fishing-in-the-bay-uraga.jpg,images/Ukiyo_e_Ukiyo_e__katsushika-hokusai_fishing-in-the-bay-uraga_to_Minimalism.png,0.50623137,0.0,0.8294150829315186,0.0
Ukiyo_e,Minimalism,Ukiyo_e__utagawa-kunisada_the-actor.jpg,images/Ukiyo_e_Ukiyo_e__utagawa-kunisada_the-actor_to_Minimalism.png,0.4884857,0.0,0.7542515993118286,0.0
Ukiyo_e,Rococo,Ukiyo_e__katsushika-hokusai_fishing-in-the-bay-uraga.jpg,images/Ukiyo_e_Ukiyo_e__katsushika-hokusai_fishing-in-the-bay-uraga_to_Rococo.png,0.5162053,0.0,0.6342124938964844,0.0
Ukiyo_e,Rococo,Ukiyo_e__utagawa-kunisada_the-actor.jpg,images/Ukiyo_e_Ukiyo_e__utagawa-kunisada_the-actor_to_Rococo.png,0.52379036,0.0,0.6204496026039124,0.0
Ukiyo_e,Ukiyo_e,Ukiyo_e__katsushika-hokusai_fishing-in-the-bay-uraga.jpg,images/Ukiyo_e_Ukiyo_e__katsushika-hokusai_fishing-in-the-bay-uraga_to_Ukiyo_e.png,0.46009544,0.0,0.6881843209266663,0.0
Ukiyo_e,Ukiyo_e,Ukiyo_e__utagawa-kunisada_the-actor.jpg,images/Ukiyo_e_Ukiyo_e__utagawa-kunisada_the-actor_to_Ukiyo_e.png,0.46872157,0.0,0.7838363647460938,0.0
