{
  "checkpoint": "../FP32-ode/epoch_0100.pt",
  "timestamp": "2026-01-31 15:52:46",
  "matrix_breakdown": {
    "monet": {
      "monet": {
        "count": 30,
        "clip_style": 0.6350001573363939,
        "style_lpips": 0.7320776863098144,
        "content_lpips": 0.6173005839188893,
        "clip_content": 0.6708811223506927
      },
      "photo": {
        "count": 30,
        "clip_style": 0.5748527370293934,
        "style_lpips": 0.7718163269360862,
        "content_lpips": 0.5835481802622478,
        "clip_content": 0.7152426520983378
      },
      "vangogh": {
        "count": 30,
        "clip_style": 0.6346976997454962,
        "style_lpips": 0.7736683938900629,
        "content_lpips": 0.6509231348832448,
        "clip_content": 0.6459352930386861
      },
      "cezanne": {
        "count": 30,
        "clip_style": 0.5862035945852597,
        "style_lpips": 0.7497046362558998,
        "content_lpips": 0.6499829312165578,
        "clip_content": 0.6369742115338644
      }
    },
    "photo": {
      "monet": {
        "count": 30,
        "clip_style": 0.5852302354772887,
        "style_lpips": 0.7444592732985813,
        "content_lpips": 0.6657277464866638,
        "clip_content": 0.6132891009251277
      },
      "photo": {
        "count": 30,
        "clip_style": 0.587643231411775,
        "style_lpips": 0.741350272576014,
        "content_lpips": 0.39603469570477806,
        "clip_content": 0.7600638846556346
      },
      "vangogh": {
        "count": 30,
        "clip_style": 0.5987939069271087,
        "style_lpips": 0.7773441467285157,
        "content_lpips": 0.680890824397405,
        "clip_content": 0.601066118478775
      },
      "cezanne": {
        "count": 30,
        "clip_style": 0.5592195413907369,
        "style_lpips": 0.7452230668067934,
        "content_lpips": 0.6556079347928365,
        "clip_content": 0.6095314711332321
      }
    },
    "vangogh": {
      "monet": {
        "count": 30,
        "clip_style": 0.6085497681299846,
        "style_lpips": 0.738347410639127,
        "content_lpips": 0.6276221394538879,
        "clip_content": 0.6916550159454345
      },
      "photo": {
        "count": 30,
        "clip_style": 0.5647333308259646,
        "style_lpips": 0.8056605126460392,
        "content_lpips": 0.6213227063417435,
        "clip_content": 0.6969841380914052
      },
      "vangogh": {
        "count": 30,
        "clip_style": 0.6248604251941045,
        "style_lpips": 0.7616422365903853,
        "content_lpips": 0.6347343504428864,
        "clip_content": 0.6731162945429484
      },
      "cezanne": {
        "count": 30,
        "clip_style": 0.5839469253619511,
        "style_lpips": 0.7455728333393734,
        "content_lpips": 0.6383390903472901,
        "clip_content": 0.6595703939596812
      }
    },
    "cezanne": {
      "monet": {
        "count": 30,
        "clip_style": 0.6001632617115974,
        "style_lpips": 0.7391777524153391,
        "content_lpips": 0.6178678194681804,
        "clip_content": 0.6299076060454051
      },
      "photo": {
        "count": 30,
        "clip_style": 0.5509628200332325,
        "style_lpips": 0.7777739912668864,
        "content_lpips": 0.5935748358567555,
        "clip_content": 0.6928303062915802
      },
      "vangogh": {
        "count": 30,
        "clip_style": 0.6205187524954479,
        "style_lpips": 0.7692258396546044,
        "content_lpips": 0.6257759809494019,
        "clip_content": 0.6306937098503113
      },
      "cezanne": {
        "count": 30,
        "clip_style": 0.5842845903635026,
        "style_lpips": 0.7364938060442607,
        "content_lpips": 0.6057639201482137,
        "clip_content": 0.6195123573144277
      }
    }
  },
  "analysis": {
    "style_transfer_ability": {
      "clip_style": 0.5889893811427885,
      "content_lpips": 0.6342652770380178
    },
    "photo_to_art_performance": {
      "clip_style": 0.5810812279317115,
      "valid": true
    }
  }
}