epoch,loss_total,loss_style_swd,loss_style_swd_weighted,loss_mse,loss_mse_weighted,loss_layout,loss_mse_raw,learning_rate,epoch_time
146,2.508052,0.657791,80.572135,7.55e-05,0.00
147,2.501161,0.653777,81.541750,7.51e-05,0.00
148,2.505857,0.651900,80.947790,7.48e-05,0.00
149,2.506971,0.651129,81.413726,7.44e-05,0.00
150,2.504935,0.650879,81.093052,7.41e-05,0.00
151,2.508727,0.650443,81.488440,7.37e-05,0.00
