{
  "checkpoint": "../overfit50-style-force/epoch_0005.pt",
  "timestamp": "2026-02-09 20:44:36",
  "matrix_breakdown": {
    "photo": {
      "photo": {
        "count": 50,
        "clip_style": 0.6286961787939072,
        "style_lpips": 0.7493876302242279,
        "content_lpips": 0.3000109486,
        "clip_content": 0.8939472269999998,
        "classifier_acc": 0.94
      },
      "Hayao": {
        "count": 50,
        "clip_style": 0.4800096422433853,
        "style_lpips": 0.7933953595161438,
        "content_lpips": 0.300627851,
        "clip_content": 0.8937685152,
        "classifier_acc": 0.06
      }
    },
    "Hayao": {
      "photo": {
        "count": 50,
        "clip_style": 0.40581457436084745,
        "style_lpips": 0.8005952322483063,
        "content_lpips": 0.20630215059999998,
        "clip_content": 0.9380046933999999,
        "classifier_acc": 0.08
      },
      "Hayao": {
        "count": 50,
        "clip_style": 0.7172610116004944,
        "style_lpips": 0.7242800056934356,
        "content_lpips": 0.20726728829999996,
        "clip_content": 0.9374176589999998,
        "classifier_acc": 0.92
      }
    }
  },
  "analysis": {
    "style_transfer_ability": {
      "clip_style": 0.44291210830211636,
      "content_lpips": 0.2534650008,
      "classifier_acc": 0.07
    },
    "photo_to_art_performance": {
      "clip_style": 0.4800096422433853,
      "valid": true,
      "classifier_acc": 0.06
    }
  },
  "classification_report": {
    "Hayao": {
      "precision": 0.5,
      "recall": 0.49,
      "f1-score": 0.494949494949495,
      "support": 100.0
    },
    "photo": {
      "precision": 0.5,
      "recall": 0.51,
      "f1-score": 0.504950495049505,
      "support": 100.0
    },
    "accuracy": 0.5,
    "macro avg": {
      "precision": 0.5,
      "recall": 0.5,
      "f1-score": 0.4999499949995,
      "support": 200.0
    },
    "weighted avg": {
      "precision": 0.5,
      "recall": 0.5,
      "f1-score": 0.4999499949995,
      "support": 200.0
    }
  },
  "detailed_style_metrics": {
    "Hayao": {
      "precision": 0.5,
      "recall": 0.49,
      "f1_score": 0.494949494949495,
      "support": 100
    },
    "photo": {
      "precision": 0.5,
      "recall": 0.51,
      "f1_score": 0.504950495049505,
      "support": 100
    }
  }
}