epoch,loss,swd,color,identity,identity_ratio,lr,data_time_sec,transfer_time_sec,fwd_loss_time_sec,backward_time_sec,optimizer_time_sec,step_overhead_time_sec,compute_time_sec,epoch_time_sec,samples_seen,samples_per_sec,compute_samples_per_sec
1,160.2220458984375,0.4224247634410858,1.5022461414337158,0.6248174905776978,0.20228174328804016,8.333333333333333e-05,0.4794967998750508,0.004250300116837025,581.0589363998733,24.184897500206716,0.19819290027953684,0.03622139967046678,605.4462771004764,614.0515611171722,10080,16.415559601641583,16.648876013035885
2,107.38218688964844,0.2882569134235382,0.980548620223999,0.703364372253418,0.20396827161312103,0.00016666666666666666,0.47791730030439794,0.004506599740125239,571.8077281003352,1.5583313000388443,0.1618729003239423,0.03465319937095046,573.5324389004381,582.2753920555115,10080,17.31139618388513,17.575291851538722
3,97.3972396850586,0.26494503021240234,0.8734520077705383,0.7356435656547546,0.2033730298280716,0.00025,0.47108749963808805,0.004531500046141446,817.6696331994608,1.564281800063327,0.16463859984651208,0.03545090090483427,819.4030850994168,833.1391859054565,10080,12.098818745447732,12.301637842597348
4,87.39478302001953,0.23683954775333405,0.7851827144622803,0.7677399516105652,0.20079365372657776,0.0003333333333333333,0.47079469996970147,0.004221100127324462,817.7862071001437,1.5921420004451647,0.1592757002217695,0.03436009935103357,819.5418459009379,833.3879253864288,10080,12.095207637338953,12.299554989677025
5,86.3507080078125,0.2281712293624878,0.799099326133728,0.7614920735359192,0.20029760897159576,0.0004166666666666667,0.4804213998140767,0.004636000143364072,817.3501258995384,1.5816818999592215,0.16371420049108565,0.0364625999936834,819.1001580001321,832.810868024826,10080,12.103588446085835,12.306187346625288
6,86.40808868408203,0.22619082033634186,0.8080279231071472,0.7685291767120361,0.19831348955631256,0.0005,0.4753453992307186,0.004629899631254375,817.4487465999555,1.583485800307244,0.16308429988566786,0.03616250038612634,819.1999465997797,832.5621364116669,10080,12.107204446559008,12.304688302091146
