src_style,tgt_style,src_image,gen_image,content_lpips,clip_dir,clip_style,clip_content
Early_Renaissance,Early_Renaissance,Early_Renaissance__fra-angelico_saint-cosmas-and-saint-damian-before-lisius-1440.jpg,images/Early_Renaissance_Early_Renaissance__fra-angelico_saint-cosmas-and-saint-damian-before-lisius-1440_to_Early_Renaissance.png,0.35310557,0.0,0.8426737189292908,0.0
Early_Renaissance,Early_Renaissance,Early_Renaissance__domenico-veneziano_not-detected-269819.jpg,images/Early_Renaissance_Early_Renaissance__domenico-veneziano_not-detected-269819_to_Early_Renaissance.png,0.3737014,0.0,0.7833203673362732,0.0
Early_Renaissance,Early_Renaissance,Early_Renaissance__carlo-crivelli_saint-thomas-aquinas-1476.jpg,images/Early_Renaissance_Early_Renaissance__carlo-crivelli_saint-thomas-aquinas-1476_to_Early_Renaissance.png,0.32641357,0.0,0.7997387647628784,0.0
Early_Renaissance,Early_Renaissance,Early_Renaissance__pietro-perugino_giovanni-colombini.jpg,images/Early_Renaissance_Early_Renaissance__pietro-perugino_giovanni-colombini_to_Early_Renaissance.png,0.3890646,0.0,0.8357594013214111,0.0
Early_Renaissance,Impressionism,Early_Renaissance__fra-angelico_saint-cosmas-and-saint-damian-before-lisius-1440.jpg,images/Early_Renaissance_Early_Renaissance__fra-angelico_saint-cosmas-and-saint-damian-before-lisius-1440_to_Impressionism.png,0.3714335,0.0,0.7437217235565186,0.0
Early_Renaissance,Impressionism,Early_Renaissance__domenico-veneziano_not-detected-269819.jpg,images/Early_Renaissance_Early_Renaissance__domenico-veneziano_not-detected-269819_to_Impressionism.png,0.36585593,0.0,0.7491685152053833,0.0
Early_Renaissance,Impressionism,Early_Renaissance__carlo-crivelli_saint-thomas-aquinas-1476.jpg,images/Early_Renaissance_Early_Renaissance__carlo-crivelli_saint-thomas-aquinas-1476_to_Impressionism.png,0.33027965,0.0,0.6120113134384155,0.0
Early_Renaissance,Impressionism,Early_Renaissance__pietro-perugino_giovanni-colombini.jpg,images/Early_Renaissance_Early_Renaissance__pietro-perugino_giovanni-colombini_to_Impressionism.png,0.3835085,0.0,0.7323985695838928,0.0
Early_Renaissance,Minimalism,Early_Renaissance__fra-angelico_saint-cosmas-and-saint-damian-before-lisius-1440.jpg,images/Early_Renaissance_Early_Renaissance__fra-angelico_saint-cosmas-and-saint-damian-before-lisius-1440_to_Minimalism.png,0.46779823,0.0,0.7217423915863037,0.0
Early_Renaissance,Minimalism,Early_Renaissance__domenico-veneziano_not-detected-269819.jpg,images/Early_Renaissance_Early_Renaissance__domenico-veneziano_not-detected-269819_to_Minimalism.png,0.48180717,0.0,0.771776556968689,0.0
Early_Renaissance,Minimalism,Early_Renaissance__carlo-crivelli_saint-thomas-aquinas-1476.jpg,images/Early_Renaissance_Early_Renaissance__carlo-crivelli_saint-thomas-aquinas-1476_to_Minimalism.png,0.41642514,0.0,0.6510945558547974,0.0
Early_Renaissance,Minimalism,Early_Renaissance__pietro-perugino_giovanni-colombini.jpg,images/Early_Renaissance_Early_Renaissance__pietro-perugino_giovanni-colombini_to_Minimalism.png,0.48153055,0.0,0.7448107004165649,0.0
Early_Renaissance,Rococo,Early_Renaissance__fra-angelico_saint-cosmas-and-saint-damian-before-lisius-1440.jpg,images/Early_Renaissance_Early_Renaissance__fra-angelico_saint-cosmas-and-saint-damian-before-lisius-1440_to_Rococo.png,0.36687273,0.0,0.7364386320114136,0.0
Early_Renaissance,Rococo,Early_Renaissance__domenico-veneziano_not-detected-269819.jpg,images/Early_Renaissance_Early_Renaissance__domenico-veneziano_not-detected-269819_to_Rococo.png,0.3946965,0.0,0.7579119205474854,0.0
Early_Renaissance,Rococo,Early_Renaissance__carlo-crivelli_saint-thomas-aquinas-1476.jpg,images/Early_Renaissance_Early_Renaissance__carlo-crivelli_saint-thomas-aquinas-1476_to_Rococo.png,0.34272984,0.0,0.6901707649230957,0.0
Early_Renaissance,Rococo,Early_Renaissance__pietro-perugino_giovanni-colombini.jpg,images/Early_Renaissance_Early_Renaissance__pietro-perugino_giovanni-colombini_to_Rococo.png,0.3958457,0.0,0.7486008405685425,0.0
Early_Renaissance,Ukiyo_e,Early_Renaissance__fra-angelico_saint-cosmas-and-saint-damian-before-lisius-1440.jpg,images/Early_Renaissance_Early_Renaissance__fra-angelico_saint-cosmas-and-saint-damian-before-lisius-1440_to_Ukiyo_e.png,0.37195176,0.0,0.7144215106964111,0.0
Early_Renaissance,Ukiyo_e,Early_Renaissance__domenico-veneziano_not-detected-269819.jpg,images/Early_Renaissance_Early_Renaissance__domenico-veneziano_not-detected-269819_to_Ukiyo_e.png,0.38330913,0.0,0.7537466883659363,0.0
Early_Renaissance,Ukiyo_e,Early_Renaissance__carlo-crivelli_saint-thomas-aquinas-1476.jpg,images/Early_Renaissance_Early_Renaissance__carlo-crivelli_saint-thomas-aquinas-1476_to_Ukiyo_e.png,0.3291963,0.0,0.6543961763381958,0.0
Early_Renaissance,Ukiyo_e,Early_Renaissance__pietro-perugino_giovanni-colombini.jpg,images/Early_Renaissance_Early_Renaissance__pietro-perugino_giovanni-colombini_to_Ukiyo_e.png,0.39721358,0.0,0.726082444190979,0.0
Early_Renaissance,Early_Renaissance,Early_Renaissance__leonardo-da-vinci_studies-of-a-bewalking.jpg,images/Early_Renaissance_Early_Renaissance__leonardo-da-vinci_studies-of-a-bewalking_to_Early_Renaissance.png,0.3716539,0.0,0.7404009699821472,0.0
Early_Renaissance,Early_Renaissance,Early_Renaissance__benozzo-gozzoli_madonna-and-child-1485.jpg,images/Early_Renaissance_Early_Renaissance__benozzo-gozzoli_madonna-and-child-1485_to_Early_Renaissance.png,0.3663674,0.0,0.8592314124107361,0.0
Early_Renaissance,Early_Renaissance,Early_Renaissance__bartolome-bermejo_death-of-the-virgin-1462.jpg,images/Early_Renaissance_Early_Renaissance__bartolome-bermejo_death-of-the-virgin-1462_to_Early_Renaissance.png,0.42882282,0.0,0.8417631387710571,0.0
Early_Renaissance,Early_Renaissance,Early_Renaissance__domenico-ghirlandaio_st-stephen-st-jacobo-st-peter.jpg,images/Early_Renaissance_Early_Renaissance__domenico-ghirlandaio_st-stephen-st-jacobo-st-peter_to_Early_Renaissance.png,0.34620225,0.0,0.8482266664505005,0.0
Early_Renaissance,Impressionism,Early_Renaissance__leonardo-da-vinci_studies-of-a-bewalking.jpg,images/Early_Renaissance_Early_Renaissance__leonardo-da-vinci_studies-of-a-bewalking_to_Impressionism.png,0.3607095,0.0,0.6957016587257385,0.0
Early_Renaissance,Impressionism,Early_Renaissance__benozzo-gozzoli_madonna-and-child-1485.jpg,images/Early_Renaissance_Early_Renaissance__benozzo-gozzoli_madonna-and-child-1485_to_Impressionism.png,0.36503592,0.0,0.633639931678772,0.0
Early_Renaissance,Impressionism,Early_Renaissance__bartolome-bermejo_death-of-the-virgin-1462.jpg,images/Early_Renaissance_Early_Renaissance__bartolome-bermejo_death-of-the-virgin-1462_to_Impressionism.png,0.44873908,0.0,0.7253885865211487,0.0
Early_Renaissance,Impressionism,Early_Renaissance__domenico-ghirlandaio_st-stephen-st-jacobo-st-peter.jpg,images/Early_Renaissance_Early_Renaissance__domenico-ghirlandaio_st-stephen-st-jacobo-st-peter_to_Impressionism.png,0.34502485,0.0,0.6926056146621704,0.0
Early_Renaissance,Minimalism,Early_Renaissance__leonardo-da-vinci_studies-of-a-bewalking.jpg,images/Early_Renaissance_Early_Renaissance__leonardo-da-vinci_studies-of-a-bewalking_to_Minimalism.png,0.45666468,0.0,0.7733170986175537,0.0
Early_Renaissance,Minimalism,Early_Renaissance__benozzo-gozzoli_madonna-and-child-1485.jpg,images/Early_Renaissance_Early_Renaissance__benozzo-gozzoli_madonna-and-child-1485_to_Minimalism.png,0.43794692,0.0,0.617853581905365,0.0
Early_Renaissance,Minimalism,Early_Renaissance__bartolome-bermejo_death-of-the-virgin-1462.jpg,images/Early_Renaissance_Early_Renaissance__bartolome-bermejo_death-of-the-virgin-1462_to_Minimalism.png,0.5139626,0.0,0.7537611722946167,0.0
Early_Renaissance,Minimalism,Early_Renaissance__domenico-ghirlandaio_st-stephen-st-jacobo-st-peter.jpg,images/Early_Renaissance_Early_Renaissance__domenico-ghirlandaio_st-stephen-st-jacobo-st-peter_to_Minimalism.png,0.43441176,0.0,0.7189525365829468,0.0
Early_Renaissance,Rococo,Early_Renaissance__leonardo-da-vinci_studies-of-a-bewalking.jpg,images/Early_Renaissance_Early_Renaissance__leonardo-da-vinci_studies-of-a-bewalking_to_Rococo.png,0.40173185,0.0,0.6519807577133179,0.0
Early_Renaissance,Rococo,Early_Renaissance__benozzo-gozzoli_madonna-and-child-1485.jpg,images/Early_Renaissance_Early_Renaissance__benozzo-gozzoli_madonna-and-child-1485_to_Rococo.png,0.3654979,0.0,0.6821066737174988,0.0
Early_Renaissance,Rococo,Early_Renaissance__bartolome-bermejo_death-of-the-virgin-1462.jpg,images/Early_Renaissance_Early_Renaissance__bartolome-bermejo_death-of-the-virgin-1462_to_Rococo.png,0.4467113,0.0,0.7991011142730713,0.0
Early_Renaissance,Rococo,Early_Renaissance__domenico-ghirlandaio_st-stephen-st-jacobo-st-peter.jpg,images/Early_Renaissance_Early_Renaissance__domenico-ghirlandaio_st-stephen-st-jacobo-st-peter_to_Rococo.png,0.34263468,0.0,0.7603628635406494,0.0
Early_Renaissance,Ukiyo_e,Early_Renaissance__leonardo-da-vinci_studies-of-a-bewalking.jpg,images/Early_Renaissance_Early_Renaissance__leonardo-da-vinci_studies-of-a-bewalking_to_Ukiyo_e.png,0.36574447,0.0,0.6776950359344482,0.0
Early_Renaissance,Ukiyo_e,Early_Renaissance__benozzo-gozzoli_madonna-and-child-1485.jpg,images/Early_Renaissance_Early_Renaissance__benozzo-gozzoli_madonna-and-child-1485_to_Ukiyo_e.png,0.36890334,0.0,0.6101571917533875,0.0
Early_Renaissance,Ukiyo_e,Early_Renaissance__bartolome-bermejo_death-of-the-virgin-1462.jpg,images/Early_Renaissance_Early_Renaissance__bartolome-bermejo_death-of-the-virgin-1462_to_Ukiyo_e.png,0.44910687,0.0,0.7395011186599731,0.0
Early_Renaissance,Ukiyo_e,Early_Renaissance__domenico-ghirlandaio_st-stephen-st-jacobo-st-peter.jpg,images/Early_Renaissance_Early_Renaissance__domenico-ghirlandaio_st-stephen-st-jacobo-st-peter_to_Ukiyo_e.png,0.35782605,0.0,0.6770762205123901,0.0
Early_Renaissance,Early_Renaissance,Early_Renaissance__domenico-ghirlandaio_st-jerome.jpg,images/Early_Renaissance_Early_Renaissance__domenico-ghirlandaio_st-jerome_to_Early_Renaissance.png,0.3596574,0.0,0.835896909236908,0.0
Early_Renaissance,Early_Renaissance,Early_Renaissance__filippo-lippi_adoration-of-the-magi-detail-2.jpg,images/Early_Renaissance_Early_Renaissance__filippo-lippi_adoration-of-the-magi-detail-2_to_Early_Renaissance.png,0.4391878,0.0,0.7369933128356934,0.0
Early_Renaissance,Early_Renaissance,Early_Renaissance__carlo-crivelli_piet-1.jpg,images/Early_Renaissance_Early_Renaissance__carlo-crivelli_piet-1_to_Early_Renaissance.png,0.33160138,0.0,0.8117020130157471,0.0
Early_Renaissance,Early_Renaissance,Early_Renaissance__piero-della-francesca_portrait-of-a-boy.jpg,images/Early_Renaissance_Early_Renaissance__piero-della-francesca_portrait-of-a-boy_to_Early_Renaissance.png,0.47797495,0.0,0.7264212965965271,0.0
Early_Renaissance,Impressionism,Early_Renaissance__domenico-ghirlandaio_st-jerome.jpg,images/Early_Renaissance_Early_Renaissance__domenico-ghirlandaio_st-jerome_to_Impressionism.png,0.37281048,0.0,0.6916254758834839,0.0
Early_Renaissance,Impressionism,Early_Renaissance__filippo-lippi_adoration-of-the-magi-detail-2.jpg,images/Early_Renaissance_Early_Renaissance__filippo-lippi_adoration-of-the-magi-detail-2_to_Impressionism.png,0.4507787,0.0,0.6915361881256104,0.0
Early_Renaissance,Impressionism,Early_Renaissance__carlo-crivelli_piet-1.jpg,images/Early_Renaissance_Early_Renaissance__carlo-crivelli_piet-1_to_Impressionism.png,0.33318913,0.0,0.6284656524658203,0.0
Early_Renaissance,Impressionism,Early_Renaissance__piero-della-francesca_portrait-of-a-boy.jpg,images/Early_Renaissance_Early_Renaissance__piero-della-francesca_portrait-of-a-boy_to_Impressionism.png,0.49563015,0.0,0.6283611059188843,0.0
Early_Renaissance,Minimalism,Early_Renaissance__domenico-ghirlandaio_st-jerome.jpg,images/Early_Renaissance_Early_Renaissance__domenico-ghirlandaio_st-jerome_to_Minimalism.png,0.4698362,0.0,0.7823523283004761,0.0
Early_Renaissance,Minimalism,Early_Renaissance__filippo-lippi_adoration-of-the-magi-detail-2.jpg,images/Early_Renaissance_Early_Renaissance__filippo-lippi_adoration-of-the-magi-detail-2_to_Minimalism.png,0.50107116,0.0,0.710904598236084,0.0
Early_Renaissance,Minimalism,Early_Renaissance__carlo-crivelli_piet-1.jpg,images/Early_Renaissance_Early_Renaissance__carlo-crivelli_piet-1_to_Minimalism.png,0.37575832,0.0,0.7367027401924133,0.0
Early_Renaissance,Minimalism,Early_Renaissance__piero-della-francesca_portrait-of-a-boy.jpg,images/Early_Renaissance_Early_Renaissance__piero-della-francesca_portrait-of-a-boy_to_Minimalism.png,0.52023095,0.0,0.7174511551856995,0.0
Early_Renaissance,Rococo,Early_Renaissance__domenico-ghirlandaio_st-jerome.jpg,images/Early_Renaissance_Early_Renaissance__domenico-ghirlandaio_st-jerome_to_Rococo.png,0.3809806,0.0,0.7487050294876099,0.0
Early_Renaissance,Rococo,Early_Renaissance__filippo-lippi_adoration-of-the-magi-detail-2.jpg,images/Early_Renaissance_Early_Renaissance__filippo-lippi_adoration-of-the-magi-detail-2_to_Rococo.png,0.4360991,0.0,0.7025281190872192,0.0
Early_Renaissance,Rococo,Early_Renaissance__carlo-crivelli_piet-1.jpg,images/Early_Renaissance_Early_Renaissance__carlo-crivelli_piet-1_to_Rococo.png,0.34452704,0.0,0.6780034899711609,0.0
Early_Renaissance,Rococo,Early_Renaissance__piero-della-francesca_portrait-of-a-boy.jpg,images/Early_Renaissance_Early_Renaissance__piero-della-francesca_portrait-of-a-boy_to_Rococo.png,0.4724267,0.0,0.71282958984375,0.0
Early_Renaissance,Ukiyo_e,Early_Renaissance__domenico-ghirlandaio_st-jerome.jpg,images/Early_Renaissance_Early_Renaissance__domenico-ghirlandaio_st-jerome_to_Ukiyo_e.png,0.38435122,0.0,0.6927603483200073,0.0
Early_Renaissance,Ukiyo_e,Early_Renaissance__filippo-lippi_adoration-of-the-magi-detail-2.jpg,images/Early_Renaissance_Early_Renaissance__filippo-lippi_adoration-of-the-magi-detail-2_to_Ukiyo_e.png,0.4658338,0.0,0.6767116785049438,0.0
Early_Renaissance,Ukiyo_e,Early_Renaissance__carlo-crivelli_piet-1.jpg,images/Early_Renaissance_Early_Renaissance__carlo-crivelli_piet-1_to_Ukiyo_e.png,0.3313246,0.0,0.6755064725875854,0.0
Early_Renaissance,Ukiyo_e,Early_Renaissance__piero-della-francesca_portrait-of-a-boy.jpg,images/Early_Renaissance_Early_Renaissance__piero-della-francesca_portrait-of-a-boy_to_Ukiyo_e.png,0.507233,0.0,0.6747416257858276,0.0
Early_Renaissance,Early_Renaissance,Early_Renaissance__sandro-botticelli_trinity(1).jpg,images/Early_Renaissance_Early_Renaissance__sandro-botticelli_trinity(1)_to_Early_Renaissance.png,0.37618327,0.0,0.8730868697166443,0.0
Early_Renaissance,Early_Renaissance,Early_Renaissance__jacopo-bellini_view-of-a-fortification-of-jerusalem(1).jpg,images/Early_Renaissance_Early_Renaissance__jacopo-bellini_view-of-a-fortification-of-jerusalem(1)_to_Early_Renaissance.png,0.3189649,0.0,0.7164618968963623,0.0
Early_Renaissance,Early_Renaissance,Early_Renaissance__filippo-lippi_confirmation-of-the-carmelite-rule.jpg,images/Early_Renaissance_Early_Renaissance__filippo-lippi_confirmation-of-the-carmelite-rule_to_Early_Renaissance.png,0.38115954,0.0,0.7930595874786377,0.0
Early_Renaissance,Early_Renaissance,Early_Renaissance__pisanello_stork-1430.jpg,images/Early_Renaissance_Early_Renaissance__pisanello_stork-1430_to_Early_Renaissance.png,0.34279278,0.0,0.6650276184082031,0.0
Early_Renaissance,Impressionism,Early_Renaissance__sandro-botticelli_trinity(1).jpg,images/Early_Renaissance_Early_Renaissance__sandro-botticelli_trinity(1)_to_Impressionism.png,0.39020616,0.0,0.6989662647247314,0.0
Early_Renaissance,Impressionism,Early_Renaissance__jacopo-bellini_view-of-a-fortification-of-jerusalem(1).jpg,images/Early_Renaissance_Early_Renaissance__jacopo-bellini_view-of-a-fortification-of-jerusalem(1)_to_Impressionism.png,0.3068056,0.0,0.7656897902488708,0.0
Early_Renaissance,Impressionism,Early_Renaissance__filippo-lippi_confirmation-of-the-carmelite-rule.jpg,images/Early_Renaissance_Early_Renaissance__filippo-lippi_confirmation-of-the-carmelite-rule_to_Impressionism.png,0.3844012,0.0,0.7738526463508606,0.0
Early_Renaissance,Impressionism,Early_Renaissance__pisanello_stork-1430.jpg,images/Early_Renaissance_Early_Renaissance__pisanello_stork-1430_to_Impressionism.png,0.3236764,0.0,0.6546621322631836,0.0
Early_Renaissance,Minimalism,Early_Renaissance__sandro-botticelli_trinity(1).jpg,images/Early_Renaissance_Early_Renaissance__sandro-botticelli_trinity(1)_to_Minimalism.png,0.4802124,0.0,0.6930986642837524,0.0
Early_Renaissance,Minimalism,Early_Renaissance__jacopo-bellini_view-of-a-fortification-of-jerusalem(1).jpg,images/Early_Renaissance_Early_Renaissance__jacopo-bellini_view-of-a-fortification-of-jerusalem(1)_to_Minimalism.png,0.3753325,0.0,0.8448988199234009,0.0
Early_Renaissance,Minimalism,Early_Renaissance__filippo-lippi_confirmation-of-the-carmelite-rule.jpg,images/Early_Renaissance_Early_Renaissance__filippo-lippi_confirmation-of-the-carmelite-rule_to_Minimalism.png,0.48528853,0.0,0.8132644891738892,0.0
Early_Renaissance,Minimalism,Early_Renaissance__pisanello_stork-1430.jpg,images/Early_Renaissance_Early_Renaissance__pisanello_stork-1430_to_Minimalism.png,0.39293247,0.0,0.7227902412414551,0.0
Early_Renaissance,Rococo,Early_Renaissance__sandro-botticelli_trinity(1).jpg,images/Early_Renaissance_Early_Renaissance__sandro-botticelli_trinity(1)_to_Rococo.png,0.3893867,0.0,0.7730016112327576,0.0
Early_Renaissance,Rococo,Early_Renaissance__jacopo-bellini_view-of-a-fortification-of-jerusalem(1).jpg,images/Early_Renaissance_Early_Renaissance__jacopo-bellini_view-of-a-fortification-of-jerusalem(1)_to_Rococo.png,0.32681066,0.0,0.7146170735359192,0.0
Early_Renaissance,Rococo,Early_Renaissance__filippo-lippi_confirmation-of-the-carmelite-rule.jpg,images/Early_Renaissance_Early_Renaissance__filippo-lippi_confirmation-of-the-carmelite-rule_to_Rococo.png,0.3852438,0.0,0.7308505773544312,0.0
Early_Renaissance,Rococo,Early_Renaissance__pisanello_stork-1430.jpg,images/Early_Renaissance_Early_Renaissance__pisanello_stork-1430_to_Rococo.png,0.3544592,0.0,0.6429708003997803,0.0
Early_Renaissance,Ukiyo_e,Early_Renaissance__sandro-botticelli_trinity(1).jpg,images/Early_Renaissance_Early_Renaissance__sandro-botticelli_trinity(1)_to_Ukiyo_e.png,0.40195253,0.0,0.6838405132293701,0.0
Early_Renaissance,Ukiyo_e,Early_Renaissance__jacopo-bellini_view-of-a-fortification-of-jerusalem(1).jpg,images/Early_Renaissance_Early_Renaissance__jacopo-bellini_view-of-a-fortification-of-jerusalem(1)_to_Ukiyo_e.png,0.31942534,0.0,0.7063137888908386,0.0
Early_Renaissance,Ukiyo_e,Early_Renaissance__filippo-lippi_confirmation-of-the-carmelite-rule.jpg,images/Early_Renaissance_Early_Renaissance__filippo-lippi_confirmation-of-the-carmelite-rule_to_Ukiyo_e.png,0.38556382,0.0,0.779500424861908,0.0
Early_Renaissance,Ukiyo_e,Early_Renaissance__pisanello_stork-1430.jpg,images/Early_Renaissance_Early_Renaissance__pisanello_stork-1430_to_Ukiyo_e.png,0.33582848,0.0,0.6593158841133118,0.0
Early_Renaissance,Early_Renaissance,Early_Renaissance__andrea-mantegna_maria-with-the-sleeping-child-1455.jpg,images/Early_Renaissance_Early_Renaissance__andrea-mantegna_maria-with-the-sleeping-child-1455_to_Early_Renaissance.png,0.42583618,0.0,0.8134286999702454,0.0
Early_Renaissance,Early_Renaissance,Early_Renaissance__domenico-ghirlandaio_the-nativity-1.jpg,images/Early_Renaissance_Early_Renaissance__domenico-ghirlandaio_the-nativity-1_to_Early_Renaissance.png,0.36727554,0.0,0.8862676620483398,0.0
Early_Renaissance,Early_Renaissance,Early_Renaissance__fra-angelico_coronation-of-the-virgin-detail-1435-1.jpg,images/Early_Renaissance_Early_Renaissance__fra-angelico_coronation-of-the-virgin-detail-1435-1_to_Early_Renaissance.png,0.3563652,0.0,0.8321287035942078,0.0
Early_Renaissance,Early_Renaissance,Early_Renaissance__andrea-mantegna_scenes-from-the-life-of-st-james-1448-2.jpg,images/Early_Renaissance_Early_Renaissance__andrea-mantegna_scenes-from-the-life-of-st-james-1448-2_to_Early_Renaissance.png,0.35510603,0.0,0.7462880611419678,0.0
Early_Renaissance,Impressionism,Early_Renaissance__andrea-mantegna_maria-with-the-sleeping-child-1455.jpg,images/Early_Renaissance_Early_Renaissance__andrea-mantegna_maria-with-the-sleeping-child-1455_to_Impressionism.png,0.44121563,0.0,0.6742606163024902,0.0
Early_Renaissance,Impressionism,Early_Renaissance__domenico-ghirlandaio_the-nativity-1.jpg,images/Early_Renaissance_Early_Renaissance__domenico-ghirlandaio_the-nativity-1_to_Impressionism.png,0.3772031,0.0,0.6669802665710449,0.0
Early_Renaissance,Impressionism,Early_Renaissance__fra-angelico_coronation-of-the-virgin-detail-1435-1.jpg,images/Early_Renaissance_Early_Renaissance__fra-angelico_coronation-of-the-virgin-detail-1435-1_to_Impressionism.png,0.34575108,0.0,0.6626501679420471,0.0
Early_Renaissance,Impressionism,Early_Renaissance__andrea-mantegna_scenes-from-the-life-of-st-james-1448-2.jpg,images/Early_Renaissance_Early_Renaissance__andrea-mantegna_scenes-from-the-life-of-st-james-1448-2_to_Impressionism.png,0.36480534,0.0,0.7264379262924194,0.0
Early_Renaissance,Minimalism,Early_Renaissance__andrea-mantegna_maria-with-the-sleeping-child-1455.jpg,images/Early_Renaissance_Early_Renaissance__andrea-mantegna_maria-with-the-sleeping-child-1455_to_Minimalism.png,0.5075611,0.0,0.6546550393104553,0.0
Early_Renaissance,Minimalism,Early_Renaissance__domenico-ghirlandaio_the-nativity-1.jpg,images/Early_Renaissance_Early_Renaissance__domenico-ghirlandaio_the-nativity-1_to_Minimalism.png,0.4721742,0.0,0.6903335452079773,0.0
Early_Renaissance,Minimalism,Early_Renaissance__fra-angelico_coronation-of-the-virgin-detail-1435-1.jpg,images/Early_Renaissance_Early_Renaissance__fra-angelico_coronation-of-the-virgin-detail-1435-1_to_Minimalism.png,0.4310809,0.0,0.7389892339706421,0.0
Early_Renaissance,Minimalism,Early_Renaissance__andrea-mantegna_scenes-from-the-life-of-st-james-1448-2.jpg,images/Early_Renaissance_Early_Renaissance__andrea-mantegna_scenes-from-the-life-of-st-james-1448-2_to_Minimalism.png,0.47689298,0.0,0.7396533489227295,0.0
Early_Renaissance,Rococo,Early_Renaissance__andrea-mantegna_maria-with-the-sleeping-child-1455.jpg,images/Early_Renaissance_Early_Renaissance__andrea-mantegna_maria-with-the-sleeping-child-1455_to_Rococo.png,0.43387982,0.0,0.7376307249069214,0.0
Early_Renaissance,Rococo,Early_Renaissance__domenico-ghirlandaio_the-nativity-1.jpg,images/Early_Renaissance_Early_Renaissance__domenico-ghirlandaio_the-nativity-1_to_Rococo.png,0.39119142,0.0,0.7245868444442749,0.0
Early_Renaissance,Rococo,Early_Renaissance__fra-angelico_coronation-of-the-virgin-detail-1435-1.jpg,images/Early_Renaissance_Early_Renaissance__fra-angelico_coronation-of-the-virgin-detail-1435-1_to_Rococo.png,0.3689243,0.0,0.7224782109260559,0.0
Early_Renaissance,Rococo,Early_Renaissance__andrea-mantegna_scenes-from-the-life-of-st-james-1448-2.jpg,images/Early_Renaissance_Early_Renaissance__andrea-mantegna_scenes-from-the-life-of-st-james-1448-2_to_Rococo.png,0.3664137,0.0,0.746978223323822,0.0
Early_Renaissance,Ukiyo_e,Early_Renaissance__andrea-mantegna_maria-with-the-sleeping-child-1455.jpg,images/Early_Renaissance_Early_Renaissance__andrea-mantegna_maria-with-the-sleeping-child-1455_to_Ukiyo_e.png,0.44310018,0.0,0.6459859609603882,0.0
Early_Renaissance,Ukiyo_e,Early_Renaissance__domenico-ghirlandaio_the-nativity-1.jpg,images/Early_Renaissance_Early_Renaissance__domenico-ghirlandaio_the-nativity-1_to_Ukiyo_e.png,0.38447252,0.0,0.6611461043357849,0.0
Early_Renaissance,Ukiyo_e,Early_Renaissance__fra-angelico_coronation-of-the-virgin-detail-1435-1.jpg,images/Early_Renaissance_Early_Renaissance__fra-angelico_coronation-of-the-virgin-detail-1435-1_to_Ukiyo_e.png,0.35470968,0.0,0.6622536182403564,0.0
Early_Renaissance,Ukiyo_e,Early_Renaissance__andrea-mantegna_scenes-from-the-life-of-st-james-1448-2.jpg,images/Early_Renaissance_Early_Renaissance__andrea-mantegna_scenes-from-the-life-of-st-james-1448-2_to_Ukiyo_e.png,0.37077695,0.0,0.6952313780784607,0.0
Early_Renaissance,Early_Renaissance,Early_Renaissance__fra-angelico_bosco-ai-frati-altarpiece.jpg,images/Early_Renaissance_Early_Renaissance__fra-angelico_bosco-ai-frati-altarpiece_to_Early_Renaissance.png,0.36586416,0.0,0.8729997277259827,0.0
Early_Renaissance,Early_Renaissance,Early_Renaissance__sandro-botticelli_inferno-canto-xviii-1480(1).jpg,images/Early_Renaissance_Early_Renaissance__sandro-botticelli_inferno-canto-xviii-1480(1)_to_Early_Renaissance.png,0.41944766,0.0,0.8488951325416565,0.0
Early_Renaissance,Early_Renaissance,Early_Renaissance__antonello-da-messina_painter-self-portrait.jpg,images/Early_Renaissance_Early_Renaissance__antonello-da-messina_painter-self-portrait_to_Early_Renaissance.png,0.34856284,0.0,0.7494842410087585,0.0
Early_Renaissance,Early_Renaissance,Early_Renaissance__paolo-uccello_scene-adoration-of-the-three-kings-1440.jpg,images/Early_Renaissance_Early_Renaissance__paolo-uccello_scene-adoration-of-the-three-kings-1440_to_Early_Renaissance.png,0.35469955,0.0,0.770433783531189,0.0
Early_Renaissance,Impressionism,Early_Renaissance__fra-angelico_bosco-ai-frati-altarpiece.jpg,images/Early_Renaissance_Early_Renaissance__fra-angelico_bosco-ai-frati-altarpiece_to_Impressionism.png,0.37111893,0.0,0.6741406917572021,0.0
Early_Renaissance,Impressionism,Early_Renaissance__sandro-botticelli_inferno-canto-xviii-1480(1).jpg,images/Early_Renaissance_Early_Renaissance__sandro-botticelli_inferno-canto-xviii-1480(1)_to_Impressionism.png,0.43014506,0.0,0.7416293025016785,0.0
Early_Renaissance,Impressionism,Early_Renaissance__antonello-da-messina_painter-self-portrait.jpg,images/Early_Renaissance_Early_Renaissance__antonello-da-messina_painter-self-portrait_to_Impressionism.png,0.34870756,0.0,0.6141821146011353,0.0
Early_Renaissance,Impressionism,Early_Renaissance__paolo-uccello_scene-adoration-of-the-three-kings-1440.jpg,images/Early_Renaissance_Early_Renaissance__paolo-uccello_scene-adoration-of-the-three-kings-1440_to_Impressionism.png,0.35473898,0.0,0.6935649514198303,0.0
Early_Renaissance,Minimalism,Early_Renaissance__fra-angelico_bosco-ai-frati-altarpiece.jpg,images/Early_Renaissance_Early_Renaissance__fra-angelico_bosco-ai-frati-altarpiece_to_Minimalism.png,0.4577263,0.0,0.701005220413208,0.0
Early_Renaissance,Minimalism,Early_Renaissance__sandro-botticelli_inferno-canto-xviii-1480(1).jpg,images/Early_Renaissance_Early_Renaissance__sandro-botticelli_inferno-canto-xviii-1480(1)_to_Minimalism.png,0.53524685,0.0,0.7803667187690735,0.0
Early_Renaissance,Minimalism,Early_Renaissance__antonello-da-messina_painter-self-portrait.jpg,images/Early_Renaissance_Early_Renaissance__antonello-da-messina_painter-self-portrait_to_Minimalism.png,0.4287112,0.0,0.7017256617546082,0.0
Early_Renaissance,Minimalism,Early_Renaissance__paolo-uccello_scene-adoration-of-the-three-kings-1440.jpg,images/Early_Renaissance_Early_Renaissance__paolo-uccello_scene-adoration-of-the-three-kings-1440_to_Minimalism.png,0.4597903,0.0,0.7981013059616089,0.0
Early_Renaissance,Rococo,Early_Renaissance__fra-angelico_bosco-ai-frati-altarpiece.jpg,images/Early_Renaissance_Early_Renaissance__fra-angelico_bosco-ai-frati-altarpiece_to_Rococo.png,0.37271774,0.0,0.728280782699585,0.0
Early_Renaissance,Rococo,Early_Renaissance__sandro-botticelli_inferno-canto-xviii-1480(1).jpg,images/Early_Renaissance_Early_Renaissance__sandro-botticelli_inferno-canto-xviii-1480(1)_to_Rococo.png,0.4287762,0.0,0.717259407043457,0.0
Early_Renaissance,Rococo,Early_Renaissance__antonello-da-messina_painter-self-portrait.jpg,images/Early_Renaissance_Early_Renaissance__antonello-da-messina_painter-self-portrait_to_Rococo.png,0.3612214,0.0,0.729684054851532,0.0
Early_Renaissance,Rococo,Early_Renaissance__paolo-uccello_scene-adoration-of-the-three-kings-1440.jpg,images/Early_Renaissance_Early_Renaissance__paolo-uccello_scene-adoration-of-the-three-kings-1440_to_Rococo.png,0.36493507,0.0,0.6520950198173523,0.0
Early_Renaissance,Ukiyo_e,Early_Renaissance__fra-angelico_bosco-ai-frati-altarpiece.jpg,images/Early_Renaissance_Early_Renaissance__fra-angelico_bosco-ai-frati-altarpiece_to_Ukiyo_e.png,0.36958042,0.0,0.660822868347168,0.0
Early_Renaissance,Ukiyo_e,Early_Renaissance__sandro-botticelli_inferno-canto-xviii-1480(1).jpg,images/Early_Renaissance_Early_Renaissance__sandro-botticelli_inferno-canto-xviii-1480(1)_to_Ukiyo_e.png,0.44012523,0.0,0.7895177602767944,0.0
Early_Renaissance,Ukiyo_e,Early_Renaissance__antonello-da-messina_painter-self-portrait.jpg,images/Early_Renaissance_Early_Renaissance__antonello-da-messina_painter-self-portrait_to_Ukiyo_e.png,0.34916556,0.0,0.6955574750900269,0.0
Early_Renaissance,Ukiyo_e,Early_Renaissance__paolo-uccello_scene-adoration-of-the-three-kings-1440.jpg,images/Early_Renaissance_Early_Renaissance__paolo-uccello_scene-adoration-of-the-three-kings-1440_to_Ukiyo_e.png,0.3701716,0.0,0.7370911836624146,0.0
Early_Renaissance,Early_Renaissance,Early_Renaissance__benozzo-gozzoli_procession-of-the-magus-caspar-detail-1461-4.jpg,images/Early_Renaissance_Early_Renaissance__benozzo-gozzoli_procession-of-the-magus-caspar-detail-1461-4_to_Early_Renaissance.png,0.38644144,0.0,0.7749139070510864,0.0
Early_Renaissance,Early_Renaissance,Early_Renaissance__benozzo-gozzoli_the-school-of-tagaste-1465-1.jpg,images/Early_Renaissance_Early_Renaissance__benozzo-gozzoli_the-school-of-tagaste-1465-1_to_Early_Renaissance.png,0.38189894,0.0,0.8606423735618591,0.0
Early_Renaissance,Early_Renaissance,Early_Renaissance__leonardo-da-vinci_study-of-the-effect-of-light-on-a-profile-head-facsimile.jpg,images/Early_Renaissance_Early_Renaissance__leonardo-da-vinci_study-of-the-effect-of-light-on-a-profile-head-facsimile_to_Early_Renaissance.png,0.2858887,0.0,0.7580023407936096,0.0
Early_Renaissance,Early_Renaissance,Early_Renaissance__andrea-mantegna_adoration-of-the-magi-central-panel-from-the-altarpiece.jpg,images/Early_Renaissance_Early_Renaissance__andrea-mantegna_adoration-of-the-magi-central-panel-from-the-altarpiece_to_Early_Renaissance.png,0.39459488,0.0,0.8517484664916992,0.0
Early_Renaissance,Impressionism,Early_Renaissance__benozzo-gozzoli_procession-of-the-magus-caspar-detail-1461-4.jpg,images/Early_Renaissance_Early_Renaissance__benozzo-gozzoli_procession-of-the-magus-caspar-detail-1461-4_to_Impressionism.png,0.4022839,0.0,0.649080753326416,0.0
Early_Renaissance,Impressionism,Early_Renaissance__benozzo-gozzoli_the-school-of-tagaste-1465-1.jpg,images/Early_Renaissance_Early_Renaissance__benozzo-gozzoli_the-school-of-tagaste-1465-1_to_Impressionism.png,0.38567978,0.0,0.7138111591339111,0.0
Early_Renaissance,Impressionism,Early_Renaissance__leonardo-da-vinci_study-of-the-effect-of-light-on-a-profile-head-facsimile.jpg,images/Early_Renaissance_Early_Renaissance__leonardo-da-vinci_study-of-the-effect-of-light-on-a-profile-head-facsimile_to_Impressionism.png,0.2755247,0.0,0.6340185403823853,0.0
Early_Renaissance,Impressionism,Early_Renaissance__andrea-mantegna_adoration-of-the-magi-central-panel-from-the-altarpiece.jpg,images/Early_Renaissance_Early_Renaissance__andrea-mantegna_adoration-of-the-magi-central-panel-from-the-altarpiece_to_Impressionism.png,0.39958102,0.0,0.7320685386657715,0.0
Early_Renaissance,Minimalism,Early_Renaissance__benozzo-gozzoli_procession-of-the-magus-caspar-detail-1461-4.jpg,images/Early_Renaissance_Early_Renaissance__benozzo-gozzoli_procession-of-the-magus-caspar-detail-1461-4_to_Minimalism.png,0.5211934,0.0,0.7119849920272827,0.0
Early_Renaissance,Minimalism,Early_Renaissance__benozzo-gozzoli_the-school-of-tagaste-1465-1.jpg,images/Early_Renaissance_Early_Renaissance__benozzo-gozzoli_the-school-of-tagaste-1465-1_to_Minimalism.png,0.49394995,0.0,0.6897098422050476,0.0
Early_Renaissance,Minimalism,Early_Renaissance__leonardo-da-vinci_study-of-the-effect-of-light-on-a-profile-head-facsimile.jpg,images/Early_Renaissance_Early_Renaissance__leonardo-da-vinci_study-of-the-effect-of-light-on-a-profile-head-facsimile_to_Minimalism.png,0.39222893,0.0,0.8012559413909912,0.0
Early_Renaissance,Minimalism,Early_Renaissance__andrea-mantegna_adoration-of-the-magi-central-panel-from-the-altarpiece.jpg,images/Early_Renaissance_Early_Renaissance__andrea-mantegna_adoration-of-the-magi-central-panel-from-the-altarpiece_to_Minimalism.png,0.48472887,0.0,0.7556596398353577,0.0
Early_Renaissance,Rococo,Early_Renaissance__benozzo-gozzoli_procession-of-the-magus-caspar-detail-1461-4.jpg,images/Early_Renaissance_Early_Renaissance__benozzo-gozzoli_procession-of-the-magus-caspar-detail-1461-4_to_Rococo.png,0.40880886,0.0,0.7619919776916504,0.0
Early_Renaissance,Rococo,Early_Renaissance__benozzo-gozzoli_the-school-of-tagaste-1465-1.jpg,images/Early_Renaissance_Early_Renaissance__benozzo-gozzoli_the-school-of-tagaste-1465-1_to_Rococo.png,0.3974812,0.0,0.7567331790924072,0.0
Early_Renaissance,Rococo,Early_Renaissance__leonardo-da-vinci_study-of-the-effect-of-light-on-a-profile-head-facsimile.jpg,images/Early_Renaissance_Early_Renaissance__leonardo-da-vinci_study-of-the-effect-of-light-on-a-profile-head-facsimile_to_Rococo.png,0.3245094,0.0,0.6407800316810608,0.0
Early_Renaissance,Rococo,Early_Renaissance__andrea-mantegna_adoration-of-the-magi-central-panel-from-the-altarpiece.jpg,images/Early_Renaissance_Early_Renaissance__andrea-mantegna_adoration-of-the-magi-central-panel-from-the-altarpiece_to_Rococo.png,0.3843737,0.0,0.77630615234375,0.0
Early_Renaissance,Ukiyo_e,Early_Renaissance__benozzo-gozzoli_procession-of-the-magus-caspar-detail-1461-4.jpg,images/Early_Renaissance_Early_Renaissance__benozzo-gozzoli_procession-of-the-magus-caspar-detail-1461-4_to_Ukiyo_e.png,0.4067174,0.0,0.6471299529075623,0.0
Early_Renaissance,Ukiyo_e,Early_Renaissance__benozzo-gozzoli_the-school-of-tagaste-1465-1.jpg,images/Early_Renaissance_Early_Renaissance__benozzo-gozzoli_the-school-of-tagaste-1465-1_to_Ukiyo_e.png,0.3913884,0.0,0.7128593921661377,0.0
Early_Renaissance,Ukiyo_e,Early_Renaissance__leonardo-da-vinci_study-of-the-effect-of-light-on-a-profile-head-facsimile.jpg,images/Early_Renaissance_Early_Renaissance__leonardo-da-vinci_study-of-the-effect-of-light-on-a-profile-head-facsimile_to_Ukiyo_e.png,0.2649182,0.0,0.6848849654197693,0.0
Early_Renaissance,Ukiyo_e,Early_Renaissance__andrea-mantegna_adoration-of-the-magi-central-panel-from-the-altarpiece.jpg,images/Early_Renaissance_Early_Renaissance__andrea-mantegna_adoration-of-the-magi-central-panel-from-the-altarpiece_to_Ukiyo_e.png,0.40935817,0.0,0.7290626764297485,0.0
Early_Renaissance,Early_Renaissance,Early_Renaissance__andrea-mantegna_the-circumcision-of-christ-1464.jpg,images/Early_Renaissance_Early_Renaissance__andrea-mantegna_the-circumcision-of-christ-1464_to_Early_Renaissance.png,0.36780956,0.0,0.8796154260635376,0.0
Early_Renaissance,Early_Renaissance,Early_Renaissance__giovanni-bellini_virgin-and-child-1488.jpg,images/Early_Renaissance_Early_Renaissance__giovanni-bellini_virgin-and-child-1488_to_Early_Renaissance.png,0.39015177,0.0,0.8184826374053955,0.0
Impressionism,Early_Renaissance,Impressionism__john-singer-sargent_lake-in-the-tyrol.jpg,images/Impressionism_Impressionism__john-singer-sargent_lake-in-the-tyrol_to_Early_Renaissance.png,0.37658587,0.0,0.6538617014884949,0.0
Impressionism,Early_Renaissance,Impressionism__eugene-boudin_laundresses-on-the-banks-of-the-touques-9.jpg,images/Impressionism_Impressionism__eugene-boudin_laundresses-on-the-banks-of-the-touques-9_to_Early_Renaissance.png,0.40466094,0.0,0.6827219128608704,0.0
Early_Renaissance,Impressionism,Early_Renaissance__andrea-mantegna_the-circumcision-of-christ-1464.jpg,images/Early_Renaissance_Early_Renaissance__andrea-mantegna_the-circumcision-of-christ-1464_to_Impressionism.png,0.37235773,0.0,0.7171200513839722,0.0
Early_Renaissance,Impressionism,Early_Renaissance__giovanni-bellini_virgin-and-child-1488.jpg,images/Early_Renaissance_Early_Renaissance__giovanni-bellini_virgin-and-child-1488_to_Impressionism.png,0.4087949,0.0,0.6910905241966248,0.0
Impressionism,Impressionism,Impressionism__john-singer-sargent_lake-in-the-tyrol.jpg,images/Impressionism_Impressionism__john-singer-sargent_lake-in-the-tyrol_to_Impressionism.png,0.3647076,0.0,0.8109827041625977,0.0
Impressionism,Impressionism,Impressionism__eugene-boudin_laundresses-on-the-banks-of-the-touques-9.jpg,images/Impressionism_Impressionism__eugene-boudin_laundresses-on-the-banks-of-the-touques-9_to_Impressionism.png,0.4060051,0.0,0.8580722212791443,0.0
Early_Renaissance,Minimalism,Early_Renaissance__andrea-mantegna_the-circumcision-of-christ-1464.jpg,images/Early_Renaissance_Early_Renaissance__andrea-mantegna_the-circumcision-of-christ-1464_to_Minimalism.png,0.4609415,0.0,0.7310280203819275,0.0
Early_Renaissance,Minimalism,Early_Renaissance__giovanni-bellini_virgin-and-child-1488.jpg,images/Early_Renaissance_Early_Renaissance__giovanni-bellini_virgin-and-child-1488_to_Minimalism.png,0.47761,0.0,0.74413001537323,0.0
Impressionism,Minimalism,Impressionism__john-singer-sargent_lake-in-the-tyrol.jpg,images/Impressionism_Impressionism__john-singer-sargent_lake-in-the-tyrol_to_Minimalism.png,0.4499943,0.0,0.7885423898696899,0.0
Impressionism,Minimalism,Impressionism__eugene-boudin_laundresses-on-the-banks-of-the-touques-9.jpg,images/Impressionism_Impressionism__eugene-boudin_laundresses-on-the-banks-of-the-touques-9_to_Minimalism.png,0.5078874,0.0,0.6985940933227539,0.0
Early_Renaissance,Rococo,Early_Renaissance__andrea-mantegna_the-circumcision-of-christ-1464.jpg,images/Early_Renaissance_Early_Renaissance__andrea-mantegna_the-circumcision-of-christ-1464_to_Rococo.png,0.38139457,0.0,0.7544397115707397,0.0
Early_Renaissance,Rococo,Early_Renaissance__giovanni-bellini_virgin-and-child-1488.jpg,images/Early_Renaissance_Early_Renaissance__giovanni-bellini_virgin-and-child-1488_to_Rococo.png,0.3999871,0.0,0.6849201917648315,0.0
Impressionism,Rococo,Impressionism__john-singer-sargent_lake-in-the-tyrol.jpg,images/Impressionism_Impressionism__john-singer-sargent_lake-in-the-tyrol_to_Rococo.png,0.37585825,0.0,0.6464692950248718,0.0
Impressionism,Rococo,Impressionism__eugene-boudin_laundresses-on-the-banks-of-the-touques-9.jpg,images/Impressionism_Impressionism__eugene-boudin_laundresses-on-the-banks-of-the-touques-9_to_Rococo.png,0.42031392,0.0,0.7149421572685242,0.0
Early_Renaissance,Ukiyo_e,Early_Renaissance__andrea-mantegna_the-circumcision-of-christ-1464.jpg,images/Early_Renaissance_Early_Renaissance__andrea-mantegna_the-circumcision-of-christ-1464_to_Ukiyo_e.png,0.37317294,0.0,0.7116348743438721,0.0
Early_Renaissance,Ukiyo_e,Early_Renaissance__giovanni-bellini_virgin-and-child-1488.jpg,images/Early_Renaissance_Early_Renaissance__giovanni-bellini_virgin-and-child-1488_to_Ukiyo_e.png,0.4170685,0.0,0.6624484062194824,0.0
Impressionism,Ukiyo_e,Impressionism__john-singer-sargent_lake-in-the-tyrol.jpg,images/Impressionism_Impressionism__john-singer-sargent_lake-in-the-tyrol_to_Ukiyo_e.png,0.38284078,0.0,0.6851404905319214,0.0
Impressionism,Ukiyo_e,Impressionism__eugene-boudin_laundresses-on-the-banks-of-the-touques-9.jpg,images/Impressionism_Impressionism__eugene-boudin_laundresses-on-the-banks-of-the-touques-9_to_Ukiyo_e.png,0.41482735,0.0,0.6733707189559937,0.0
Impressionism,Early_Renaissance,Impressionism__claude-monet_rouen-cathedral-the-portal-at-midday.jpg,images/Impressionism_Impressionism__claude-monet_rouen-cathedral-the-portal-at-midday_to_Early_Renaissance.png,0.42817077,0.0,0.753210723400116,0.0
Impressionism,Early_Renaissance,Impressionism__stefan-dimitrescu_cabaret.jpg,images/Impressionism_Impressionism__stefan-dimitrescu_cabaret_to_Early_Renaissance.png,0.43020934,0.0,0.6991100311279297,0.0
Impressionism,Early_Renaissance,Impressionism__nicolae-vermont_rotterdam-port-1928.jpg,images/Impressionism_Impressionism__nicolae-vermont_rotterdam-port-1928_to_Early_Renaissance.png,0.39731503,0.0,0.632094144821167,0.0
Impressionism,Early_Renaissance,Impressionism__childe-hassam_evening-champs-elysees-aka-pres-du-louvre.jpg,images/Impressionism_Impressionism__childe-hassam_evening-champs-elysees-aka-pres-du-louvre_to_Early_Renaissance.png,0.41086337,0.0,0.7000017166137695,0.0
Impressionism,Impressionism,Impressionism__claude-monet_rouen-cathedral-the-portal-at-midday.jpg,images/Impressionism_Impressionism__claude-monet_rouen-cathedral-the-portal-at-midday_to_Impressionism.png,0.42796278,0.0,0.7670629024505615,0.0
Impressionism,Impressionism,Impressionism__stefan-dimitrescu_cabaret.jpg,images/Impressionism_Impressionism__stefan-dimitrescu_cabaret_to_Impressionism.png,0.42397544,0.0,0.7800076603889465,0.0
Impressionism,Impressionism,Impressionism__nicolae-vermont_rotterdam-port-1928.jpg,images/Impressionism_Impressionism__nicolae-vermont_rotterdam-port-1928_to_Impressionism.png,0.3897555,0.0,0.8614966869354248,0.0
Impressionism,Impressionism,Impressionism__childe-hassam_evening-champs-elysees-aka-pres-du-louvre.jpg,images/Impressionism_Impressionism__childe-hassam_evening-champs-elysees-aka-pres-du-louvre_to_Impressionism.png,0.40688598,0.0,0.848940908908844,0.0
Impressionism,Minimalism,Impressionism__claude-monet_rouen-cathedral-the-portal-at-midday.jpg,images/Impressionism_Impressionism__claude-monet_rouen-cathedral-the-portal-at-midday_to_Minimalism.png,0.5485799,0.0,0.8637309670448303,0.0
Impressionism,Minimalism,Impressionism__stefan-dimitrescu_cabaret.jpg,images/Impressionism_Impressionism__stefan-dimitrescu_cabaret_to_Minimalism.png,0.5396686,0.0,0.7551404237747192,0.0
Impressionism,Minimalism,Impressionism__nicolae-vermont_rotterdam-port-1928.jpg,images/Impressionism_Impressionism__nicolae-vermont_rotterdam-port-1928_to_Minimalism.png,0.4983317,0.0,0.7487444281578064,0.0
Impressionism,Minimalism,Impressionism__childe-hassam_evening-champs-elysees-aka-pres-du-louvre.jpg,images/Impressionism_Impressionism__childe-hassam_evening-champs-elysees-aka-pres-du-louvre_to_Minimalism.png,0.53041136,0.0,0.7171115279197693,0.0
Impressionism,Rococo,Impressionism__claude-monet_rouen-cathedral-the-portal-at-midday.jpg,images/Impressionism_Impressionism__claude-monet_rouen-cathedral-the-portal-at-midday_to_Rococo.png,0.44333974,0.0,0.700880229473114,0.0
Impressionism,Rococo,Impressionism__stefan-dimitrescu_cabaret.jpg,images/Impressionism_Impressionism__stefan-dimitrescu_cabaret_to_Rococo.png,0.43992466,0.0,0.7346673011779785,0.0
Impressionism,Rococo,Impressionism__nicolae-vermont_rotterdam-port-1928.jpg,images/Impressionism_Impressionism__nicolae-vermont_rotterdam-port-1928_to_Rococo.png,0.4194591,0.0,0.7006608247756958,0.0
Impressionism,Rococo,Impressionism__childe-hassam_evening-champs-elysees-aka-pres-du-louvre.jpg,images/Impressionism_Impressionism__childe-hassam_evening-champs-elysees-aka-pres-du-louvre_to_Rococo.png,0.43309215,0.0,0.7474586367607117,0.0
Impressionism,Ukiyo_e,Impressionism__claude-monet_rouen-cathedral-the-portal-at-midday.jpg,images/Impressionism_Impressionism__claude-monet_rouen-cathedral-the-portal-at-midday_to_Ukiyo_e.png,0.43419987,0.0,0.6902631521224976,0.0
Impressionism,Ukiyo_e,Impressionism__stefan-dimitrescu_cabaret.jpg,images/Impressionism_Impressionism__stefan-dimitrescu_cabaret_to_Ukiyo_e.png,0.45240003,0.0,0.7364176511764526,0.0
Impressionism,Ukiyo_e,Impressionism__nicolae-vermont_rotterdam-port-1928.jpg,images/Impressionism_Impressionism__nicolae-vermont_rotterdam-port-1928_to_Ukiyo_e.png,0.40134174,0.0,0.6493395566940308,0.0
Impressionism,Ukiyo_e,Impressionism__childe-hassam_evening-champs-elysees-aka-pres-du-louvre.jpg,images/Impressionism_Impressionism__childe-hassam_evening-champs-elysees-aka-pres-du-louvre_to_Ukiyo_e.png,0.41938636,0.0,0.7362141609191895,0.0
Impressionism,Early_Renaissance,Impressionism__camille-pissarro_the-gardener-afternoon-sun-eragny-1899.jpg,images/Impressionism_Impressionism__camille-pissarro_the-gardener-afternoon-sun-eragny-1899_to_Early_Renaissance.png,0.43657476,0.0,0.6410122513771057,0.0
Impressionism,Early_Renaissance,Impressionism__edgar-degas_study-of-gentile-bellini-1855.jpg,images/Impressionism_Impressionism__edgar-degas_study-of-gentile-bellini-1855_to_Early_Renaissance.png,0.36076367,0.0,0.706403374671936,0.0
Impressionism,Early_Renaissance,Impressionism__edgar-degas_ancer-with-red-stockings.jpg,images/Impressionism_Impressionism__edgar-degas_ancer-with-red-stockings_to_Early_Renaissance.png,0.33651862,0.0,0.6858370304107666,0.0
Impressionism,Early_Renaissance,Impressionism__eugene-boudin_the-port-ships-at-dock.jpg,images/Impressionism_Impressionism__eugene-boudin_the-port-ships-at-dock_to_Early_Renaissance.png,0.35913256,0.0,0.6110938191413879,0.0
Impressionism,Impressionism,Impressionism__camille-pissarro_the-gardener-afternoon-sun-eragny-1899.jpg,images/Impressionism_Impressionism__camille-pissarro_the-gardener-afternoon-sun-eragny-1899_to_Impressionism.png,0.42664674,0.0,0.8005492687225342,0.0
Impressionism,Impressionism,Impressionism__edgar-degas_study-of-gentile-bellini-1855.jpg,images/Impressionism_Impressionism__edgar-degas_study-of-gentile-bellini-1855_to_Impressionism.png,0.33718237,0.0,0.6695653796195984,0.0
Impressionism,Impressionism,Impressionism__edgar-degas_ancer-with-red-stockings.jpg,images/Impressionism_Impressionism__edgar-degas_ancer-with-red-stockings_to_Impressionism.png,0.33573264,0.0,0.7344552874565125,0.0
Impressionism,Impressionism,Impressionism__eugene-boudin_the-port-ships-at-dock.jpg,images/Impressionism_Impressionism__eugene-boudin_the-port-ships-at-dock_to_Impressionism.png,0.3469941,0.0,0.771628201007843,0.0
Impressionism,Minimalism,Impressionism__camille-pissarro_the-gardener-afternoon-sun-eragny-1899.jpg,images/Impressionism_Impressionism__camille-pissarro_the-gardener-afternoon-sun-eragny-1899_to_Minimalism.png,0.55118704,0.0,0.709540605545044,0.0
Impressionism,Minimalism,Impressionism__edgar-degas_study-of-gentile-bellini-1855.jpg,images/Impressionism_Impressionism__edgar-degas_study-of-gentile-bellini-1855_to_Minimalism.png,0.41096523,0.0,0.7998950481414795,0.0
Impressionism,Minimalism,Impressionism__edgar-degas_ancer-with-red-stockings.jpg,images/Impressionism_Impressionism__edgar-degas_ancer-with-red-stockings_to_Minimalism.png,0.4462687,0.0,0.7878633141517639,0.0
Impressionism,Minimalism,Impressionism__eugene-boudin_the-port-ships-at-dock.jpg,images/Impressionism_Impressionism__eugene-boudin_the-port-ships-at-dock_to_Minimalism.png,0.45473856,0.0,0.6871219873428345,0.0
Impressionism,Rococo,Impressionism__camille-pissarro_the-gardener-afternoon-sun-eragny-1899.jpg,images/Impressionism_Impressionism__camille-pissarro_the-gardener-afternoon-sun-eragny-1899_to_Rococo.png,0.45814204,0.0,0.702671468257904,0.0
Impressionism,Rococo,Impressionism__edgar-degas_study-of-gentile-bellini-1855.jpg,images/Impressionism_Impressionism__edgar-degas_study-of-gentile-bellini-1855_to_Rococo.png,0.39371857,0.0,0.6534982323646545,0.0
Impressionism,Rococo,Impressionism__edgar-degas_ancer-with-red-stockings.jpg,images/Impressionism_Impressionism__edgar-degas_ancer-with-red-stockings_to_Rococo.png,0.34292138,0.0,0.7180854082107544,0.0
Impressionism,Rococo,Impressionism__eugene-boudin_the-port-ships-at-dock.jpg,images/Impressionism_Impressionism__eugene-boudin_the-port-ships-at-dock_to_Rococo.png,0.3859279,0.0,0.7298973798751831,0.0
Impressionism,Ukiyo_e,Impressionism__camille-pissarro_the-gardener-afternoon-sun-eragny-1899.jpg,images/Impressionism_Impressionism__camille-pissarro_the-gardener-afternoon-sun-eragny-1899_to_Ukiyo_e.png,0.44310933,0.0,0.6533382534980774,0.0
Impressionism,Ukiyo_e,Impressionism__edgar-degas_study-of-gentile-bellini-1855.jpg,images/Impressionism_Impressionism__edgar-degas_study-of-gentile-bellini-1855_to_Ukiyo_e.png,0.3286577,0.0,0.662926435470581,0.0
Impressionism,Ukiyo_e,Impressionism__edgar-degas_ancer-with-red-stockings.jpg,images/Impressionism_Impressionism__edgar-degas_ancer-with-red-stockings_to_Ukiyo_e.png,0.34538925,0.0,0.7229048013687134,0.0
Impressionism,Ukiyo_e,Impressionism__eugene-boudin_the-port-ships-at-dock.jpg,images/Impressionism_Impressionism__eugene-boudin_the-port-ships-at-dock_to_Ukiyo_e.png,0.36008444,0.0,0.6510399580001831,0.0
Impressionism,Early_Renaissance,Impressionism__claude-monet_palazzo-contarini-2.jpg,images/Impressionism_Impressionism__claude-monet_palazzo-contarini-2_to_Early_Renaissance.png,0.39499074,0.0,0.7278448343276978,0.0
Impressionism,Early_Renaissance,Impressionism__rudolf-schweitzer-cumpana_str-du-n-atena.jpg,images/Impressionism_Impressionism__rudolf-schweitzer-cumpana_str-du-n-atena_to_Early_Renaissance.png,0.4172532,0.0,0.663116455078125,0.0
Impressionism,Early_Renaissance,Impressionism__winston-churchill_distant-view-of-the-pyramids-1921-1(1).jpg,images/Impressionism_Impressionism__winston-churchill_distant-view-of-the-pyramids-1921-1(1)_to_Early_Renaissance.png,0.3882588,0.0,0.7110794186592102,0.0
Impressionism,Early_Renaissance,Impressionism__mihaly-munkacsy_dusty-country-road-ii-1883.jpg,images/Impressionism_Impressionism__mihaly-munkacsy_dusty-country-road-ii-1883_to_Early_Renaissance.png,0.39357162,0.0,0.730947732925415,0.0
Impressionism,Impressionism,Impressionism__claude-monet_palazzo-contarini-2.jpg,images/Impressionism_Impressionism__claude-monet_palazzo-contarini-2_to_Impressionism.png,0.3927765,0.0,0.8604691028594971,0.0
Impressionism,Impressionism,Impressionism__rudolf-schweitzer-cumpana_str-du-n-atena.jpg,images/Impressionism_Impressionism__rudolf-schweitzer-cumpana_str-du-n-atena_to_Impressionism.png,0.41941133,0.0,0.871636152267456,0.0
Impressionism,Impressionism,Impressionism__winston-churchill_distant-view-of-the-pyramids-1921-1(1).jpg,images/Impressionism_Impressionism__winston-churchill_distant-view-of-the-pyramids-1921-1(1)_to_Impressionism.png,0.37765345,0.0,0.8514237999916077,0.0
Impressionism,Impressionism,Impressionism__mihaly-munkacsy_dusty-country-road-ii-1883.jpg,images/Impressionism_Impressionism__mihaly-munkacsy_dusty-country-road-ii-1883_to_Impressionism.png,0.38793576,0.0,0.8583820462226868,0.0
Impressionism,Minimalism,Impressionism__claude-monet_palazzo-contarini-2.jpg,images/Impressionism_Impressionism__claude-monet_palazzo-contarini-2_to_Minimalism.png,0.47207,0.0,0.7580173015594482,0.0
Impressionism,Minimalism,Impressionism__rudolf-schweitzer-cumpana_str-du-n-atena.jpg,images/Impressionism_Impressionism__rudolf-schweitzer-cumpana_str-du-n-atena_to_Minimalism.png,0.5258464,0.0,0.8359686136245728,0.0
Impressionism,Minimalism,Impressionism__winston-churchill_distant-view-of-the-pyramids-1921-1(1).jpg,images/Impressionism_Impressionism__winston-churchill_distant-view-of-the-pyramids-1921-1(1)_to_Minimalism.png,0.4724669,0.0,0.8288514614105225,0.0
Impressionism,Minimalism,Impressionism__mihaly-munkacsy_dusty-country-road-ii-1883.jpg,images/Impressionism_Impressionism__mihaly-munkacsy_dusty-country-road-ii-1883_to_Minimalism.png,0.4899474,0.0,0.8285821080207825,0.0
Impressionism,Rococo,Impressionism__claude-monet_palazzo-contarini-2.jpg,images/Impressionism_Impressionism__claude-monet_palazzo-contarini-2_to_Rococo.png,0.4044776,0.0,0.705215573310852,0.0
Impressionism,Rococo,Impressionism__rudolf-schweitzer-cumpana_str-du-n-atena.jpg,images/Impressionism_Impressionism__rudolf-schweitzer-cumpana_str-du-n-atena_to_Rococo.png,0.43269,0.0,0.6426743268966675,0.0
Impressionism,Rococo,Impressionism__winston-churchill_distant-view-of-the-pyramids-1921-1(1).jpg,images/Impressionism_Impressionism__winston-churchill_distant-view-of-the-pyramids-1921-1(1)_to_Rococo.png,0.4038566,0.0,0.7197571992874146,0.0
Impressionism,Rococo,Impressionism__mihaly-munkacsy_dusty-country-road-ii-1883.jpg,images/Impressionism_Impressionism__mihaly-munkacsy_dusty-country-road-ii-1883_to_Rococo.png,0.39630055,0.0,0.7342168092727661,0.0
Impressionism,Ukiyo_e,Impressionism__claude-monet_palazzo-contarini-2.jpg,images/Impressionism_Impressionism__claude-monet_palazzo-contarini-2_to_Ukiyo_e.png,0.39442658,0.0,0.7066583633422852,0.0
Impressionism,Ukiyo_e,Impressionism__rudolf-schweitzer-cumpana_str-du-n-atena.jpg,images/Impressionism_Impressionism__rudolf-schweitzer-cumpana_str-du-n-atena_to_Ukiyo_e.png,0.4272621,0.0,0.7180228233337402,0.0
Impressionism,Ukiyo_e,Impressionism__winston-churchill_distant-view-of-the-pyramids-1921-1(1).jpg,images/Impressionism_Impressionism__winston-churchill_distant-view-of-the-pyramids-1921-1(1)_to_Ukiyo_e.png,0.39988032,0.0,0.7275334596633911,0.0
Impressionism,Ukiyo_e,Impressionism__mihaly-munkacsy_dusty-country-road-ii-1883.jpg,images/Impressionism_Impressionism__mihaly-munkacsy_dusty-country-road-ii-1883_to_Ukiyo_e.png,0.4031144,0.0,0.7343417406082153,0.0
Impressionism,Early_Renaissance,Impressionism__eugene-boudin_trouville-the-fish-market-1884.jpg,images/Impressionism_Impressionism__eugene-boudin_trouville-the-fish-market-1884_to_Early_Renaissance.png,0.40438703,0.0,0.6337047219276428,0.0
Impressionism,Early_Renaissance,Impressionism__william-merritt-chase_at-the-boat-landing.jpg,images/Impressionism_Impressionism__william-merritt-chase_at-the-boat-landing_to_Early_Renaissance.png,0.37809992,0.0,0.6391634941101074,0.0
Impressionism,Early_Renaissance,Impressionism__alfred-sisley_the-banks-of-the-oise-1878.jpg,images/Impressionism_Impressionism__alfred-sisley_the-banks-of-the-oise-1878_to_Early_Renaissance.png,0.44436833,0.0,0.6376534104347229,0.0
Impressionism,Early_Renaissance,Impressionism__edouard-manet_tarring-the-boat-1873.jpg,images/Impressionism_Impressionism__edouard-manet_tarring-the-boat-1873_to_Early_Renaissance.png,0.37036592,0.0,0.674924373626709,0.0
Impressionism,Impressionism,Impressionism__eugene-boudin_trouville-the-fish-market-1884.jpg,images/Impressionism_Impressionism__eugene-boudin_trouville-the-fish-market-1884_to_Impressionism.png,0.41046596,0.0,0.7845708131790161,0.0
Impressionism,Impressionism,Impressionism__william-merritt-chase_at-the-boat-landing.jpg,images/Impressionism_Impressionism__william-merritt-chase_at-the-boat-landing_to_Impressionism.png,0.36053813,0.0,0.8177425861358643,0.0
Impressionism,Impressionism,Impressionism__alfred-sisley_the-banks-of-the-oise-1878.jpg,images/Impressionism_Impressionism__alfred-sisley_the-banks-of-the-oise-1878_to_Impressionism.png,0.41891667,0.0,0.8813296556472778,0.0
Impressionism,Impressionism,Impressionism__edouard-manet_tarring-the-boat-1873.jpg,images/Impressionism_Impressionism__edouard-manet_tarring-the-boat-1873_to_Impressionism.png,0.3748763,0.0,0.8369055986404419,0.0
Impressionism,Minimalism,Impressionism__eugene-boudin_trouville-the-fish-market-1884.jpg,images/Impressionism_Impressionism__eugene-boudin_trouville-the-fish-market-1884_to_Minimalism.png,0.5006046,0.0,0.6283513903617859,0.0
Impressionism,Minimalism,Impressionism__william-merritt-chase_at-the-boat-landing.jpg,images/Impressionism_Impressionism__william-merritt-chase_at-the-boat-landing_to_Minimalism.png,0.44879863,0.0,0.7964909076690674,0.0
Impressionism,Minimalism,Impressionism__alfred-sisley_the-banks-of-the-oise-1878.jpg,images/Impressionism_Impressionism__alfred-sisley_the-banks-of-the-oise-1878_to_Minimalism.png,0.49110803,0.0,0.7494012713432312,0.0
Impressionism,Minimalism,Impressionism__edouard-manet_tarring-the-boat-1873.jpg,images/Impressionism_Impressionism__edouard-manet_tarring-the-boat-1873_to_Minimalism.png,0.47189873,0.0,0.7498297691345215,0.0
Impressionism,Rococo,Impressionism__eugene-boudin_trouville-the-fish-market-1884.jpg,images/Impressionism_Impressionism__eugene-boudin_trouville-the-fish-market-1884_to_Rococo.png,0.4177289,0.0,0.7197150588035583,0.0
Impressionism,Rococo,Impressionism__william-merritt-chase_at-the-boat-landing.jpg,images/Impressionism_Impressionism__william-merritt-chase_at-the-boat-landing_to_Rococo.png,0.3974328,0.0,0.6615298390388489,0.0
Impressionism,Rococo,Impressionism__alfred-sisley_the-banks-of-the-oise-1878.jpg,images/Impressionism_Impressionism__alfred-sisley_the-banks-of-the-oise-1878_to_Rococo.png,0.45368126,0.0,0.6928548812866211,0.0
Impressionism,Rococo,Impressionism__edouard-manet_tarring-the-boat-1873.jpg,images/Impressionism_Impressionism__edouard-manet_tarring-the-boat-1873_to_Rococo.png,0.3786256,0.0,0.725022554397583,0.0
Impressionism,Ukiyo_e,Impressionism__eugene-boudin_trouville-the-fish-market-1884.jpg,images/Impressionism_Impressionism__eugene-boudin_trouville-the-fish-market-1884_to_Ukiyo_e.png,0.4189121,0.0,0.6312767267227173,0.0
Impressionism,Ukiyo_e,Impressionism__william-merritt-chase_at-the-boat-landing.jpg,images/Impressionism_Impressionism__william-merritt-chase_at-the-boat-landing_to_Ukiyo_e.png,0.3800665,0.0,0.6402513980865479,0.0
Impressionism,Ukiyo_e,Impressionism__alfred-sisley_the-banks-of-the-oise-1878.jpg,images/Impressionism_Impressionism__alfred-sisley_the-banks-of-the-oise-1878_to_Ukiyo_e.png,0.43797153,0.0,0.6687775254249573,0.0
Impressionism,Ukiyo_e,Impressionism__edouard-manet_tarring-the-boat-1873.jpg,images/Impressionism_Impressionism__edouard-manet_tarring-the-boat-1873_to_Ukiyo_e.png,0.39641368,0.0,0.6900033354759216,0.0
Impressionism,Early_Renaissance,Impressionism__joaquã­n-sorolla_study-of-vineyard.jpg,images/Impressionism_Impressionism__joaquã­n-sorolla_study-of-vineyard_to_Early_Renaissance.png,0.44995558,0.0,0.7073831558227539,0.0
Impressionism,Early_Renaissance,Impressionism__antoine-blanchard_place-de-la-madeleine-hiver.jpg,images/Impressionism_Impressionism__antoine-blanchard_place-de-la-madeleine-hiver_to_Early_Renaissance.png,0.38770837,0.0,0.5649762749671936,0.0
Impressionism,Early_Renaissance,Impressionism__henri-matisse_brittany-also-known-as-boat-1896.jpg,images/Impressionism_Impressionism__henri-matisse_brittany-also-known-as-boat-1896_to_Early_Renaissance.png,0.42037287,0.0,0.7153255343437195,0.0
Impressionism,Early_Renaissance,Impressionism__william-merritt-chase_gray-day-on-the-lagoon-a-passenger-boat-venice.jpg,images/Impressionism_Impressionism__william-merritt-chase_gray-day-on-the-lagoon-a-passenger-boat-venice_to_Early_Renaissance.png,0.38541275,0.0,0.6053226590156555,0.0
Impressionism,Impressionism,Impressionism__joaquã­n-sorolla_study-of-vineyard.jpg,images/Impressionism_Impressionism__joaquã­n-sorolla_study-of-vineyard_to_Impressionism.png,0.4491211,0.0,0.860506534576416,0.0
Impressionism,Impressionism,Impressionism__antoine-blanchard_place-de-la-madeleine-hiver.jpg,images/Impressionism_Impressionism__antoine-blanchard_place-de-la-madeleine-hiver_to_Impressionism.png,0.38811597,0.0,0.7829570770263672,0.0
Impressionism,Impressionism,Impressionism__henri-matisse_brittany-also-known-as-boat-1896.jpg,images/Impressionism_Impressionism__henri-matisse_brittany-also-known-as-boat-1896_to_Impressionism.png,0.40215573,0.0,0.8204296827316284,0.0
Impressionism,Impressionism,Impressionism__william-merritt-chase_gray-day-on-the-lagoon-a-passenger-boat-venice.jpg,images/Impressionism_Impressionism__william-merritt-chase_gray-day-on-the-lagoon-a-passenger-boat-venice_to_Impressionism.png,0.35988063,0.0,0.8384639024734497,0.0
Impressionism,Minimalism,Impressionism__joaquã­n-sorolla_study-of-vineyard.jpg,images/Impressionism_Impressionism__joaquã­n-sorolla_study-of-vineyard_to_Minimalism.png,0.5145811,0.0,0.8158278465270996,0.0
Impressionism,Minimalism,Impressionism__antoine-blanchard_place-de-la-madeleine-hiver.jpg,images/Impressionism_Impressionism__antoine-blanchard_place-de-la-madeleine-hiver_to_Minimalism.png,0.515559,0.0,0.7209552526473999,0.0
Impressionism,Minimalism,Impressionism__henri-matisse_brittany-also-known-as-boat-1896.jpg,images/Impressionism_Impressionism__henri-matisse_brittany-also-known-as-boat-1896_to_Minimalism.png,0.49687868,0.0,0.8585059642791748,0.0
Impressionism,Minimalism,Impressionism__william-merritt-chase_gray-day-on-the-lagoon-a-passenger-boat-venice.jpg,images/Impressionism_Impressionism__william-merritt-chase_gray-day-on-the-lagoon-a-passenger-boat-venice_to_Minimalism.png,0.48906288,0.0,0.6935776472091675,0.0
Impressionism,Rococo,Impressionism__joaquã­n-sorolla_study-of-vineyard.jpg,images/Impressionism_Impressionism__joaquã­n-sorolla_study-of-vineyard_to_Rococo.png,0.47010455,0.0,0.6747758388519287,0.0
Impressionism,Rococo,Impressionism__antoine-blanchard_place-de-la-madeleine-hiver.jpg,images/Impressionism_Impressionism__antoine-blanchard_place-de-la-madeleine-hiver_to_Rococo.png,0.4092625,0.0,0.6085327863693237,0.0
Impressionism,Rococo,Impressionism__henri-matisse_brittany-also-known-as-boat-1896.jpg,images/Impressionism_Impressionism__henri-matisse_brittany-also-known-as-boat-1896_to_Rococo.png,0.41944498,0.0,0.7065693140029907,0.0
Impressionism,Rococo,Impressionism__william-merritt-chase_gray-day-on-the-lagoon-a-passenger-boat-venice.jpg,images/Impressionism_Impressionism__william-merritt-chase_gray-day-on-the-lagoon-a-passenger-boat-venice_to_Rococo.png,0.39598408,0.0,0.6588992476463318,0.0
Impressionism,Ukiyo_e,Impressionism__joaquã­n-sorolla_study-of-vineyard.jpg,images/Impressionism_Impressionism__joaquã­n-sorolla_study-of-vineyard_to_Ukiyo_e.png,0.4591075,0.0,0.7050440311431885,0.0
Impressionism,Ukiyo_e,Impressionism__antoine-blanchard_place-de-la-madeleine-hiver.jpg,images/Impressionism_Impressionism__antoine-blanchard_place-de-la-madeleine-hiver_to_Ukiyo_e.png,0.40422875,0.0,0.5778178572654724,0.0
Impressionism,Ukiyo_e,Impressionism__henri-matisse_brittany-also-known-as-boat-1896.jpg,images/Impressionism_Impressionism__henri-matisse_brittany-also-known-as-boat-1896_to_Ukiyo_e.png,0.41561738,0.0,0.7157573699951172,0.0
Impressionism,Ukiyo_e,Impressionism__william-merritt-chase_gray-day-on-the-lagoon-a-passenger-boat-venice.jpg,images/Impressionism_Impressionism__william-merritt-chase_gray-day-on-the-lagoon-a-passenger-boat-venice_to_Ukiyo_e.png,0.3864996,0.0,0.6273373365402222,0.0
Impressionism,Early_Renaissance,Impressionism__augustus-john_proven-al-landscape.jpg,images/Impressionism_Impressionism__augustus-john_proven-al-landscape_to_Early_Renaissance.png,0.41440603,0.0,0.6903533935546875,0.0
Impressionism,Early_Renaissance,Impressionism__pierre-auguste-renoir_still-life-with-apples-and-pomegranates-1901.jpg,images/Impressionism_Impressionism__pierre-auguste-renoir_still-life-with-apples-and-pomegranates-1901_to_Early_Renaissance.png,0.38313204,0.0,0.6849628686904907,0.0
Impressionism,Early_Renaissance,Impressionism__childe-hassam_september-moonrise.jpg,images/Impressionism_Impressionism__childe-hassam_september-moonrise_to_Early_Renaissance.png,0.40671808,0.0,0.6589614748954773,0.0
Impressionism,Early_Renaissance,Impressionism__claude-monet_bordighera-the-house-of-gardener.jpg,images/Impressionism_Impressionism__claude-monet_bordighera-the-house-of-gardener_to_Early_Renaissance.png,0.4443364,0.0,0.6655142307281494,0.0
Impressionism,Impressionism,Impressionism__augustus-john_proven-al-landscape.jpg,images/Impressionism_Impressionism__augustus-john_proven-al-landscape_to_Impressionism.png,0.39783275,0.0,0.8395029306411743,0.0
Impressionism,Impressionism,Impressionism__pierre-auguste-renoir_still-life-with-apples-and-pomegranates-1901.jpg,images/Impressionism_Impressionism__pierre-auguste-renoir_still-life-with-apples-and-pomegranates-1901_to_Impressionism.png,0.3579756,0.0,0.8331019878387451,0.0
Impressionism,Impressionism,Impressionism__childe-hassam_september-moonrise.jpg,images/Impressionism_Impressionism__childe-hassam_september-moonrise_to_Impressionism.png,0.3854043,0.0,0.8059524297714233,0.0
Impressionism,Impressionism,Impressionism__claude-monet_bordighera-the-house-of-gardener.jpg,images/Impressionism_Impressionism__claude-monet_bordighera-the-house-of-gardener_to_Impressionism.png,0.44625607,0.0,0.8979776501655579,0.0
Impressionism,Minimalism,Impressionism__augustus-john_proven-al-landscape.jpg,images/Impressionism_Impressionism__augustus-john_proven-al-landscape_to_Minimalism.png,0.47752357,0.0,0.7832291126251221,0.0
Impressionism,Minimalism,Impressionism__pierre-auguste-renoir_still-life-with-apples-and-pomegranates-1901.jpg,images/Impressionism_Impressionism__pierre-auguste-renoir_still-life-with-apples-and-pomegranates-1901_to_Minimalism.png,0.43001056,0.0,0.8167293071746826,0.0
Impressionism,Minimalism,Impressionism__childe-hassam_september-moonrise.jpg,images/Impressionism_Impressionism__childe-hassam_september-moonrise_to_Minimalism.png,0.43276247,0.0,0.8568357229232788,0.0
Impressionism,Minimalism,Impressionism__claude-monet_bordighera-the-house-of-gardener.jpg,images/Impressionism_Impressionism__claude-monet_bordighera-the-house-of-gardener_to_Minimalism.png,0.5594272,0.0,0.8004231452941895,0.0
Impressionism,Rococo,Impressionism__augustus-john_proven-al-landscape.jpg,images/Impressionism_Impressionism__augustus-john_proven-al-landscape_to_Rococo.png,0.4203643,0.0,0.6982204914093018,0.0
Impressionism,Rococo,Impressionism__pierre-auguste-renoir_still-life-with-apples-and-pomegranates-1901.jpg,images/Impressionism_Impressionism__pierre-auguste-renoir_still-life-with-apples-and-pomegranates-1901_to_Rococo.png,0.376571,0.0,0.6874270439147949,0.0
Impressionism,Rococo,Impressionism__childe-hassam_september-moonrise.jpg,images/Impressionism_Impressionism__childe-hassam_september-moonrise_to_Rococo.png,0.4230807,0.0,0.6433835029602051,0.0
Impressionism,Rococo,Impressionism__claude-monet_bordighera-the-house-of-gardener.jpg,images/Impressionism_Impressionism__claude-monet_bordighera-the-house-of-gardener_to_Rococo.png,0.47128028,0.0,0.7294910550117493,0.0
Impressionism,Ukiyo_e,Impressionism__augustus-john_proven-al-landscape.jpg,images/Impressionism_Impressionism__augustus-john_proven-al-landscape_to_Ukiyo_e.png,0.41845074,0.0,0.6978942155838013,0.0
Impressionism,Ukiyo_e,Impressionism__pierre-auguste-renoir_still-life-with-apples-and-pomegranates-1901.jpg,images/Impressionism_Impressionism__pierre-auguste-renoir_still-life-with-apples-and-pomegranates-1901_to_Ukiyo_e.png,0.37992883,0.0,0.7075870037078857,0.0
Impressionism,Ukiyo_e,Impressionism__childe-hassam_september-moonrise.jpg,images/Impressionism_Impressionism__childe-hassam_september-moonrise_to_Ukiyo_e.png,0.37087315,0.0,0.6870942115783691,0.0
Impressionism,Ukiyo_e,Impressionism__claude-monet_bordighera-the-house-of-gardener.jpg,images/Impressionism_Impressionism__claude-monet_bordighera-the-house-of-gardener_to_Ukiyo_e.png,0.471823,0.0,0.6839954853057861,0.0
Impressionism,Early_Renaissance,Impressionism__nikolay-bogdanov-belsky_connoisseurs-of-books-knowledge-is-power.jpg,images/Impressionism_Impressionism__nikolay-bogdanov-belsky_connoisseurs-of-books-knowledge-is-power_to_Early_Renaissance.png,0.40293974,0.0,0.6686180830001831,0.0
Impressionism,Early_Renaissance,Impressionism__alfred-sisley_riverbank-at-veneux-1881.jpg,images/Impressionism_Impressionism__alfred-sisley_riverbank-at-veneux-1881_to_Early_Renaissance.png,0.3725697,0.0,0.6744484901428223,0.0
Impressionism,Early_Renaissance,Impressionism__armand-guillaumin_valley-in-pontgibaud-1890.jpg,images/Impressionism_Impressionism__armand-guillaumin_valley-in-pontgibaud-1890_to_Early_Renaissance.png,0.4202992,0.0,0.7015506029129028,0.0
Impressionism,Early_Renaissance,Impressionism__konstantin-korovin_arctic-ocean-1913.jpg,images/Impressionism_Impressionism__konstantin-korovin_arctic-ocean-1913_to_Early_Renaissance.png,0.36767465,0.0,0.6619769930839539,0.0
Impressionism,Impressionism,Impressionism__nikolay-bogdanov-belsky_connoisseurs-of-books-knowledge-is-power.jpg,images/Impressionism_Impressionism__nikolay-bogdanov-belsky_connoisseurs-of-books-knowledge-is-power_to_Impressionism.png,0.4027828,0.0,0.6579962372779846,0.0
Impressionism,Impressionism,Impressionism__alfred-sisley_riverbank-at-veneux-1881.jpg,images/Impressionism_Impressionism__alfred-sisley_riverbank-at-veneux-1881_to_Impressionism.png,0.38669342,0.0,0.8937437534332275,0.0
Impressionism,Impressionism,Impressionism__armand-guillaumin_valley-in-pontgibaud-1890.jpg,images/Impressionism_Impressionism__armand-guillaumin_valley-in-pontgibaud-1890_to_Impressionism.png,0.4142283,0.0,0.9058356285095215,0.0
Impressionism,Impressionism,Impressionism__konstantin-korovin_arctic-ocean-1913.jpg,images/Impressionism_Impressionism__konstantin-korovin_arctic-ocean-1913_to_Impressionism.png,0.35502425,0.0,0.8471554517745972,0.0
Impressionism,Minimalism,Impressionism__nikolay-bogdanov-belsky_connoisseurs-of-books-knowledge-is-power.jpg,images/Impressionism_Impressionism__nikolay-bogdanov-belsky_connoisseurs-of-books-knowledge-is-power_to_Minimalism.png,0.47962058,0.0,0.6496105194091797,0.0
Impressionism,Minimalism,Impressionism__alfred-sisley_riverbank-at-veneux-1881.jpg,images/Impressionism_Impressionism__alfred-sisley_riverbank-at-veneux-1881_to_Minimalism.png,0.48658597,0.0,0.7881165742874146,0.0
Impressionism,Minimalism,Impressionism__armand-guillaumin_valley-in-pontgibaud-1890.jpg,images/Impressionism_Impressionism__armand-guillaumin_valley-in-pontgibaud-1890_to_Minimalism.png,0.4900331,0.0,0.7996991872787476,0.0
Impressionism,Minimalism,Impressionism__konstantin-korovin_arctic-ocean-1913.jpg,images/Impressionism_Impressionism__konstantin-korovin_arctic-ocean-1913_to_Minimalism.png,0.4630831,0.0,0.8328763842582703,0.0
Impressionism,Rococo,Impressionism__nikolay-bogdanov-belsky_connoisseurs-of-books-knowledge-is-power.jpg,images/Impressionism_Impressionism__nikolay-bogdanov-belsky_connoisseurs-of-books-knowledge-is-power_to_Rococo.png,0.42590195,0.0,0.6390872597694397,0.0
Impressionism,Rococo,Impressionism__alfred-sisley_riverbank-at-veneux-1881.jpg,images/Impressionism_Impressionism__alfred-sisley_riverbank-at-veneux-1881_to_Rococo.png,0.39325327,0.0,0.7291728258132935,0.0
Impressionism,Rococo,Impressionism__armand-guillaumin_valley-in-pontgibaud-1890.jpg,images/Impressionism_Impressionism__armand-guillaumin_valley-in-pontgibaud-1890_to_Rococo.png,0.4325259,0.0,0.7030365467071533,0.0
Impressionism,Rococo,Impressionism__konstantin-korovin_arctic-ocean-1913.jpg,images/Impressionism_Impressionism__konstantin-korovin_arctic-ocean-1913_to_Rococo.png,0.3779987,0.0,0.6746830940246582,0.0
Impressionism,Ukiyo_e,Impressionism__nikolay-bogdanov-belsky_connoisseurs-of-books-knowledge-is-power.jpg,images/Impressionism_Impressionism__nikolay-bogdanov-belsky_connoisseurs-of-books-knowledge-is-power_to_Ukiyo_e.png,0.40991426,0.0,0.613595724105835,0.0
Impressionism,Ukiyo_e,Impressionism__alfred-sisley_riverbank-at-veneux-1881.jpg,images/Impressionism_Impressionism__alfred-sisley_riverbank-at-veneux-1881_to_Ukiyo_e.png,0.3912506,0.0,0.7237256169319153,0.0
Impressionism,Ukiyo_e,Impressionism__armand-guillaumin_valley-in-pontgibaud-1890.jpg,images/Impressionism_Impressionism__armand-guillaumin_valley-in-pontgibaud-1890_to_Ukiyo_e.png,0.42058456,0.0,0.7152888178825378,0.0
Impressionism,Ukiyo_e,Impressionism__konstantin-korovin_arctic-ocean-1913.jpg,images/Impressionism_Impressionism__konstantin-korovin_arctic-ocean-1913_to_Ukiyo_e.png,0.37198868,0.0,0.6913822889328003,0.0
Minimalism,Early_Renaissance,Minimalism__robert-mangold_untitled-fcpa-1995.jpg,images/Minimalism_Minimalism__robert-mangold_untitled-fcpa-1995_to_Early_Renaissance.png,0.29679656,0.0,0.6847670674324036,0.0
Minimalism,Early_Renaissance,Minimalism__judy-chicago_morning-fan-1971.jpg,images/Minimalism_Minimalism__judy-chicago_morning-fan-1971_to_Early_Renaissance.png,0.2746989,0.0,0.6214842200279236,0.0
Minimalism,Early_Renaissance,Minimalism__joan-hernandez-pijuan_nuvol-rosa-2-1990.jpg,images/Minimalism_Minimalism__joan-hernandez-pijuan_nuvol-rosa-2-1990_to_Early_Renaissance.png,0.32174233,0.0,0.699851393699646,0.0
Minimalism,Early_Renaissance,Minimalism__tony-smith_die-1968.jpg,images/Minimalism_Minimalism__tony-smith_die-1968_to_Early_Renaissance.png,0.4631777,0.0,0.6433984041213989,0.0
Minimalism,Impressionism,Minimalism__robert-mangold_untitled-fcpa-1995.jpg,images/Minimalism_Minimalism__robert-mangold_untitled-fcpa-1995_to_Impressionism.png,0.2760712,0.0,0.707436740398407,0.0
Minimalism,Impressionism,Minimalism__judy-chicago_morning-fan-1971.jpg,images/Minimalism_Minimalism__judy-chicago_morning-fan-1971_to_Impressionism.png,0.26182204,0.0,0.7138863205909729,0.0
Minimalism,Impressionism,Minimalism__joan-hernandez-pijuan_nuvol-rosa-2-1990.jpg,images/Minimalism_Minimalism__joan-hernandez-pijuan_nuvol-rosa-2-1990_to_Impressionism.png,0.31220627,0.0,0.7133196592330933,0.0
Minimalism,Impressionism,Minimalism__tony-smith_die-1968.jpg,images/Minimalism_Minimalism__tony-smith_die-1968_to_Impressionism.png,0.44598076,0.0,0.6560194492340088,0.0
Minimalism,Minimalism,Minimalism__robert-mangold_untitled-fcpa-1995.jpg,images/Minimalism_Minimalism__robert-mangold_untitled-fcpa-1995_to_Minimalism.png,0.27613032,0.0,0.9010607004165649,0.0
Minimalism,Minimalism,Minimalism__judy-chicago_morning-fan-1971.jpg,images/Minimalism_Minimalism__judy-chicago_morning-fan-1971_to_Minimalism.png,0.31569928,0.0,0.8163244128227234,0.0
Minimalism,Minimalism,Minimalism__joan-hernandez-pijuan_nuvol-rosa-2-1990.jpg,images/Minimalism_Minimalism__joan-hernandez-pijuan_nuvol-rosa-2-1990_to_Minimalism.png,0.42479414,0.0,0.90691739320755,0.0
Minimalism,Minimalism,Minimalism__tony-smith_die-1968.jpg,images/Minimalism_Minimalism__tony-smith_die-1968_to_Minimalism.png,0.4668628,0.0,0.8143746852874756,0.0
Minimalism,Rococo,Minimalism__robert-mangold_untitled-fcpa-1995.jpg,images/Minimalism_Minimalism__robert-mangold_untitled-fcpa-1995_to_Rococo.png,0.31418234,0.0,0.6475131511688232,0.0
Minimalism,Rococo,Minimalism__judy-chicago_morning-fan-1971.jpg,images/Minimalism_Minimalism__judy-chicago_morning-fan-1971_to_Rococo.png,0.29532555,0.0,0.6226613521575928,0.0
Minimalism,Rococo,Minimalism__joan-hernandez-pijuan_nuvol-rosa-2-1990.jpg,images/Minimalism_Minimalism__joan-hernandez-pijuan_nuvol-rosa-2-1990_to_Rococo.png,0.32750368,0.0,0.637757420539856,0.0
Minimalism,Rococo,Minimalism__tony-smith_die-1968.jpg,images/Minimalism_Minimalism__tony-smith_die-1968_to_Rococo.png,0.42536873,0.0,0.5967851877212524,0.0
Minimalism,Ukiyo_e,Minimalism__robert-mangold_untitled-fcpa-1995.jpg,images/Minimalism_Minimalism__robert-mangold_untitled-fcpa-1995_to_Ukiyo_e.png,0.27205065,0.0,0.6878825426101685,0.0
Minimalism,Ukiyo_e,Minimalism__judy-chicago_morning-fan-1971.jpg,images/Minimalism_Minimalism__judy-chicago_morning-fan-1971_to_Ukiyo_e.png,0.27411312,0.0,0.6535155773162842,0.0
Minimalism,Ukiyo_e,Minimalism__joan-hernandez-pijuan_nuvol-rosa-2-1990.jpg,images/Minimalism_Minimalism__joan-hernandez-pijuan_nuvol-rosa-2-1990_to_Ukiyo_e.png,0.33620596,0.0,0.6763231754302979,0.0
Minimalism,Ukiyo_e,Minimalism__tony-smith_die-1968.jpg,images/Minimalism_Minimalism__tony-smith_die-1968_to_Ukiyo_e.png,0.47451153,0.0,0.624287486076355,0.0
Minimalism,Early_Renaissance,Minimalism__robert-ryman_surface-veil-1970.jpg,images/Minimalism_Minimalism__robert-ryman_surface-veil-1970_to_Early_Renaissance.png,0.36829597,0.0,0.628707766532898,0.0
Minimalism,Early_Renaissance,Minimalism__eva-hesse_expanded-expansion-1969.jpg,images/Minimalism_Minimalism__eva-hesse_expanded-expansion-1969_to_Early_Renaissance.png,0.3395412,0.0,0.6871080994606018,0.0
Minimalism,Early_Renaissance,Minimalism__ellsworth-kelly_diagonal-1951.jpg,images/Minimalism_Minimalism__ellsworth-kelly_diagonal-1951_to_Early_Renaissance.png,0.3848109,0.0,0.6698022484779358,0.0
Minimalism,Early_Renaissance,Minimalism__john-mclaughlin_number-13-1973.jpg,images/Minimalism_Minimalism__john-mclaughlin_number-13-1973_to_Early_Renaissance.png,0.6421691,0.0,0.6264399886131287,0.0
Minimalism,Impressionism,Minimalism__robert-ryman_surface-veil-1970.jpg,images/Minimalism_Minimalism__robert-ryman_surface-veil-1970_to_Impressionism.png,0.33277106,0.0,0.6443858742713928,0.0
Minimalism,Impressionism,Minimalism__eva-hesse_expanded-expansion-1969.jpg,images/Minimalism_Minimalism__eva-hesse_expanded-expansion-1969_to_Impressionism.png,0.3253637,0.0,0.6868472099304199,0.0
Minimalism,Impressionism,Minimalism__ellsworth-kelly_diagonal-1951.jpg,images/Minimalism_Minimalism__ellsworth-kelly_diagonal-1951_to_Impressionism.png,0.3480797,0.0,0.6439967155456543,0.0
Minimalism,Impressionism,Minimalism__john-mclaughlin_number-13-1973.jpg,images/Minimalism_Minimalism__john-mclaughlin_number-13-1973_to_Impressionism.png,0.6605241,0.0,0.6432307362556458,0.0
Minimalism,Minimalism,Minimalism__robert-ryman_surface-veil-1970.jpg,images/Minimalism_Minimalism__robert-ryman_surface-veil-1970_to_Minimalism.png,0.36544824,0.0,0.9045224189758301,0.0
Minimalism,Minimalism,Minimalism__eva-hesse_expanded-expansion-1969.jpg,images/Minimalism_Minimalism__eva-hesse_expanded-expansion-1969_to_Minimalism.png,0.35602328,0.0,0.9042586088180542,0.0
Minimalism,Minimalism,Minimalism__ellsworth-kelly_diagonal-1951.jpg,images/Minimalism_Minimalism__ellsworth-kelly_diagonal-1951_to_Minimalism.png,0.31422102,0.0,0.812666118144989,0.0
Minimalism,Minimalism,Minimalism__john-mclaughlin_number-13-1973.jpg,images/Minimalism_Minimalism__john-mclaughlin_number-13-1973_to_Minimalism.png,0.65466416,0.0,0.9168609380722046,0.0
Minimalism,Rococo,Minimalism__robert-ryman_surface-veil-1970.jpg,images/Minimalism_Minimalism__robert-ryman_surface-veil-1970_to_Rococo.png,0.3666168,0.0,0.5978447794914246,0.0
Minimalism,Rococo,Minimalism__eva-hesse_expanded-expansion-1969.jpg,images/Minimalism_Minimalism__eva-hesse_expanded-expansion-1969_to_Rococo.png,0.32709587,0.0,0.6578807234764099,0.0
Minimalism,Rococo,Minimalism__ellsworth-kelly_diagonal-1951.jpg,images/Minimalism_Minimalism__ellsworth-kelly_diagonal-1951_to_Rococo.png,0.39543515,0.0,0.6004607081413269,0.0
Minimalism,Rococo,Minimalism__john-mclaughlin_number-13-1973.jpg,images/Minimalism_Minimalism__john-mclaughlin_number-13-1973_to_Rococo.png,0.61360407,0.0,0.6100560426712036,0.0
Minimalism,Ukiyo_e,Minimalism__robert-ryman_surface-veil-1970.jpg,images/Minimalism_Minimalism__robert-ryman_surface-veil-1970_to_Ukiyo_e.png,0.340262,0.0,0.645887553691864,0.0
Minimalism,Ukiyo_e,Minimalism__eva-hesse_expanded-expansion-1969.jpg,images/Minimalism_Minimalism__eva-hesse_expanded-expansion-1969_to_Ukiyo_e.png,0.3406456,0.0,0.6713190078735352,0.0
Minimalism,Ukiyo_e,Minimalism__ellsworth-kelly_diagonal-1951.jpg,images/Minimalism_Minimalism__ellsworth-kelly_diagonal-1951_to_Ukiyo_e.png,0.36645627,0.0,0.6700996160507202,0.0
Minimalism,Ukiyo_e,Minimalism__john-mclaughlin_number-13-1973.jpg,images/Minimalism_Minimalism__john-mclaughlin_number-13-1973_to_Ukiyo_e.png,0.6746893,0.0,0.6226768493652344,0.0
Minimalism,Early_Renaissance,Minimalism__joan-hernandez-pijuan_untitled-120-1999.jpg,images/Minimalism_Minimalism__joan-hernandez-pijuan_untitled-120-1999_to_Early_Renaissance.png,0.26771158,0.0,0.6374282240867615,0.0
Minimalism,Early_Renaissance,Minimalism__mira-schendel_untitled-1984.jpg,images/Minimalism_Minimalism__mira-schendel_untitled-1984_to_Early_Renaissance.png,0.608212,0.0,0.6230716705322266,0.0
Minimalism,Early_Renaissance,Minimalism__imi-knoebel_weiss-und-schwarz-4-2009.jpg,images/Minimalism_Minimalism__imi-knoebel_weiss-und-schwarz-4-2009_to_Early_Renaissance.png,0.27513623,0.0,0.6647650599479675,0.0
Minimalism,Early_Renaissance,Minimalism__sean-scully_untitled-1973.jpg,images/Minimalism_Minimalism__sean-scully_untitled-1973_to_Early_Renaissance.png,0.33756992,0.0,0.6112796664237976,0.0
Minimalism,Impressionism,Minimalism__joan-hernandez-pijuan_untitled-120-1999.jpg,images/Minimalism_Minimalism__joan-hernandez-pijuan_untitled-120-1999_to_Impressionism.png,0.2536201,0.0,0.6465867161750793,0.0
Minimalism,Impressionism,Minimalism__mira-schendel_untitled-1984.jpg,images/Minimalism_Minimalism__mira-schendel_untitled-1984_to_Impressionism.png,0.5713551,0.0,0.5522093176841736,0.0
Minimalism,Impressionism,Minimalism__imi-knoebel_weiss-und-schwarz-4-2009.jpg,images/Minimalism_Minimalism__imi-knoebel_weiss-und-schwarz-4-2009_to_Impressionism.png,0.253766,0.0,0.6924476623535156,0.0
Minimalism,Impressionism,Minimalism__sean-scully_untitled-1973.jpg,images/Minimalism_Minimalism__sean-scully_untitled-1973_to_Impressionism.png,0.30857548,0.0,0.6638527512550354,0.0
Minimalism,Minimalism,Minimalism__joan-hernandez-pijuan_untitled-120-1999.jpg,images/Minimalism_Minimalism__joan-hernandez-pijuan_untitled-120-1999_to_Minimalism.png,0.31759852,0.0,0.829875111579895,0.0
Minimalism,Minimalism,Minimalism__mira-schendel_untitled-1984.jpg,images/Minimalism_Minimalism__mira-schendel_untitled-1984_to_Minimalism.png,0.581241,0.0,0.7857252359390259,0.0
Minimalism,Minimalism,Minimalism__imi-knoebel_weiss-und-schwarz-4-2009.jpg,images/Minimalism_Minimalism__imi-knoebel_weiss-und-schwarz-4-2009_to_Minimalism.png,0.297172,0.0,0.8737335205078125,0.0
Minimalism,Minimalism,Minimalism__sean-scully_untitled-1973.jpg,images/Minimalism_Minimalism__sean-scully_untitled-1973_to_Minimalism.png,0.41354412,0.0,0.8835464119911194,0.0
Minimalism,Rococo,Minimalism__joan-hernandez-pijuan_untitled-120-1999.jpg,images/Minimalism_Minimalism__joan-hernandez-pijuan_untitled-120-1999_to_Rococo.png,0.2958473,0.0,0.6121654510498047,0.0
Minimalism,Rococo,Minimalism__mira-schendel_untitled-1984.jpg,images/Minimalism_Minimalism__mira-schendel_untitled-1984_to_Rococo.png,0.5989047,0.0,0.5257657170295715,0.0
Minimalism,Rococo,Minimalism__imi-knoebel_weiss-und-schwarz-4-2009.jpg,images/Minimalism_Minimalism__imi-knoebel_weiss-und-schwarz-4-2009_to_Rococo.png,0.29890066,0.0,0.5960261821746826,0.0
Minimalism,Rococo,Minimalism__sean-scully_untitled-1973.jpg,images/Minimalism_Minimalism__sean-scully_untitled-1973_to_Rococo.png,0.33697113,0.0,0.5928144454956055,0.0
Minimalism,Ukiyo_e,Minimalism__joan-hernandez-pijuan_untitled-120-1999.jpg,images/Minimalism_Minimalism__joan-hernandez-pijuan_untitled-120-1999_to_Ukiyo_e.png,0.27173728,0.0,0.6601524949073792,0.0
Minimalism,Ukiyo_e,Minimalism__mira-schendel_untitled-1984.jpg,images/Minimalism_Minimalism__mira-schendel_untitled-1984_to_Ukiyo_e.png,0.6091017,0.0,0.591709315776825,0.0
Minimalism,Ukiyo_e,Minimalism__imi-knoebel_weiss-und-schwarz-4-2009.jpg,images/Minimalism_Minimalism__imi-knoebel_weiss-und-schwarz-4-2009_to_Ukiyo_e.png,0.2542024,0.0,0.6433651447296143,0.0
Minimalism,Ukiyo_e,Minimalism__sean-scully_untitled-1973.jpg,images/Minimalism_Minimalism__sean-scully_untitled-1973_to_Ukiyo_e.png,0.3302404,0.0,0.651520311832428,0.0
Minimalism,Early_Renaissance,Minimalism__yves-klein_untitled-yellow-monochrome-1956.jpg,images/Minimalism_Minimalism__yves-klein_untitled-yellow-monochrome-1956_to_Early_Renaissance.png,0.505322,0.0,0.692357063293457,0.0
Minimalism,Early_Renaissance,Minimalism__robert-ryman_conversion-2003.jpg,images/Minimalism_Minimalism__robert-ryman_conversion-2003_to_Early_Renaissance.png,0.49467692,0.0,0.627443790435791,0.0
Minimalism,Early_Renaissance,Minimalism__pino-pinelli_pittura-r-1993.jpg,images/Minimalism_Minimalism__pino-pinelli_pittura-r-1993_to_Early_Renaissance.png,0.43961754,0.0,0.6244910955429077,0.0
Minimalism,Early_Renaissance,Minimalism__william-scott_bowl-white-on-grey-1962.jpg,images/Minimalism_Minimalism__william-scott_bowl-white-on-grey-1962_to_Early_Renaissance.png,0.39209205,0.0,0.6729117035865784,0.0
Minimalism,Impressionism,Minimalism__yves-klein_untitled-yellow-monochrome-1956.jpg,images/Minimalism_Minimalism__yves-klein_untitled-yellow-monochrome-1956_to_Impressionism.png,0.46545368,0.0,0.7784701585769653,0.0
Minimalism,Impressionism,Minimalism__robert-ryman_conversion-2003.jpg,images/Minimalism_Minimalism__robert-ryman_conversion-2003_to_Impressionism.png,0.45697775,0.0,0.6318231821060181,0.0
Minimalism,Impressionism,Minimalism__pino-pinelli_pittura-r-1993.jpg,images/Minimalism_Minimalism__pino-pinelli_pittura-r-1993_to_Impressionism.png,0.40652162,0.0,0.6430968046188354,0.0
Minimalism,Impressionism,Minimalism__william-scott_bowl-white-on-grey-1962.jpg,images/Minimalism_Minimalism__william-scott_bowl-white-on-grey-1962_to_Impressionism.png,0.34665418,0.0,0.746732234954834,0.0
Minimalism,Minimalism,Minimalism__yves-klein_untitled-yellow-monochrome-1956.jpg,images/Minimalism_Minimalism__yves-klein_untitled-yellow-monochrome-1956_to_Minimalism.png,0.49117205,0.0,0.8350831270217896,0.0
Minimalism,Minimalism,Minimalism__robert-ryman_conversion-2003.jpg,images/Minimalism_Minimalism__robert-ryman_conversion-2003_to_Minimalism.png,0.4123883,0.0,0.807054877281189,0.0
Minimalism,Minimalism,Minimalism__pino-pinelli_pittura-r-1993.jpg,images/Minimalism_Minimalism__pino-pinelli_pittura-r-1993_to_Minimalism.png,0.48321053,0.0,0.832446813583374,0.0
Minimalism,Minimalism,Minimalism__william-scott_bowl-white-on-grey-1962.jpg,images/Minimalism_Minimalism__william-scott_bowl-white-on-grey-1962_to_Minimalism.png,0.41017723,0.0,0.9113419055938721,0.0
Minimalism,Rococo,Minimalism__yves-klein_untitled-yellow-monochrome-1956.jpg,images/Minimalism_Minimalism__yves-klein_untitled-yellow-monochrome-1956_to_Rococo.png,0.50098985,0.0,0.6769494414329529,0.0
Minimalism,Rococo,Minimalism__robert-ryman_conversion-2003.jpg,images/Minimalism_Minimalism__robert-ryman_conversion-2003_to_Rococo.png,0.5128595,0.0,0.5276099443435669,0.0
Minimalism,Rococo,Minimalism__pino-pinelli_pittura-r-1993.jpg,images/Minimalism_Minimalism__pino-pinelli_pittura-r-1993_to_Rococo.png,0.44436404,0.0,0.6093094348907471,0.0
Minimalism,Rococo,Minimalism__william-scott_bowl-white-on-grey-1962.jpg,images/Minimalism_Minimalism__william-scott_bowl-white-on-grey-1962_to_Rococo.png,0.39325124,0.0,0.6476680040359497,0.0
Minimalism,Ukiyo_e,Minimalism__yves-klein_untitled-yellow-monochrome-1956.jpg,images/Minimalism_Minimalism__yves-klein_untitled-yellow-monochrome-1956_to_Ukiyo_e.png,0.49583232,0.0,0.7052844762802124,0.0
Minimalism,Ukiyo_e,Minimalism__robert-ryman_conversion-2003.jpg,images/Minimalism_Minimalism__robert-ryman_conversion-2003_to_Ukiyo_e.png,0.49538797,0.0,0.6539894938468933,0.0
Minimalism,Ukiyo_e,Minimalism__pino-pinelli_pittura-r-1993.jpg,images/Minimalism_Minimalism__pino-pinelli_pittura-r-1993_to_Ukiyo_e.png,0.43859237,0.0,0.6327940225601196,0.0
Minimalism,Ukiyo_e,Minimalism__william-scott_bowl-white-on-grey-1962.jpg,images/Minimalism_Minimalism__william-scott_bowl-white-on-grey-1962_to_Ukiyo_e.png,0.37905043,0.0,0.670988917350769,0.0
Minimalism,Early_Renaissance,Minimalism__alvaro-lapa_criminals-and-their-properties-1974.jpg,images/Minimalism_Minimalism__alvaro-lapa_criminals-and-their-properties-1974_to_Early_Renaissance.png,0.39517248,0.0,0.6605784893035889,0.0
Minimalism,Early_Renaissance,Minimalism__john-mclaughlin_number-4.jpg,images/Minimalism_Minimalism__john-mclaughlin_number-4_to_Early_Renaissance.png,0.47007787,0.0,0.6411111950874329,0.0
Minimalism,Early_Renaissance,Minimalism__robert-mangold_ellow-black-zone-painting-iv-1996.jpg,images/Minimalism_Minimalism__robert-mangold_ellow-black-zone-painting-iv-1996_to_Early_Renaissance.png,0.3500874,0.0,0.647620677947998,0.0
Minimalism,Early_Renaissance,Minimalism__brice-marden_joined-2011.jpg,images/Minimalism_Minimalism__brice-marden_joined-2011_to_Early_Renaissance.png,0.3338172,0.0,0.6193810701370239,0.0
Minimalism,Impressionism,Minimalism__alvaro-lapa_criminals-and-their-properties-1974.jpg,images/Minimalism_Minimalism__alvaro-lapa_criminals-and-their-properties-1974_to_Impressionism.png,0.36100858,0.0,0.7392252683639526,0.0
Minimalism,Impressionism,Minimalism__john-mclaughlin_number-4.jpg,images/Minimalism_Minimalism__john-mclaughlin_number-4_to_Impressionism.png,0.43379012,0.0,0.611257791519165,0.0
Minimalism,Impressionism,Minimalism__robert-mangold_ellow-black-zone-painting-iv-1996.jpg,images/Minimalism_Minimalism__robert-mangold_ellow-black-zone-painting-iv-1996_to_Impressionism.png,0.33763772,0.0,0.6975959539413452,0.0
Minimalism,Impressionism,Minimalism__brice-marden_joined-2011.jpg,images/Minimalism_Minimalism__brice-marden_joined-2011_to_Impressionism.png,0.32123023,0.0,0.6280493140220642,0.0
Minimalism,Minimalism,Minimalism__alvaro-lapa_criminals-and-their-properties-1974.jpg,images/Minimalism_Minimalism__alvaro-lapa_criminals-and-their-properties-1974_to_Minimalism.png,0.39539644,0.0,0.9071595668792725,0.0
Minimalism,Minimalism,Minimalism__john-mclaughlin_number-4.jpg,images/Minimalism_Minimalism__john-mclaughlin_number-4_to_Minimalism.png,0.41673076,0.0,0.7874338626861572,0.0
Minimalism,Minimalism,Minimalism__robert-mangold_ellow-black-zone-painting-iv-1996.jpg,images/Minimalism_Minimalism__robert-mangold_ellow-black-zone-painting-iv-1996_to_Minimalism.png,0.35566628,0.0,0.9153821468353271,0.0
Minimalism,Minimalism,Minimalism__brice-marden_joined-2011.jpg,images/Minimalism_Minimalism__brice-marden_joined-2011_to_Minimalism.png,0.29976055,0.0,0.8358051776885986,0.0
Minimalism,Rococo,Minimalism__alvaro-lapa_criminals-and-their-properties-1974.jpg,images/Minimalism_Minimalism__alvaro-lapa_criminals-and-their-properties-1974_to_Rococo.png,0.38644195,0.0,0.657575249671936,0.0
Minimalism,Rococo,Minimalism__john-mclaughlin_number-4.jpg,images/Minimalism_Minimalism__john-mclaughlin_number-4_to_Rococo.png,0.4760006,0.0,0.578019380569458,0.0
Minimalism,Rococo,Minimalism__robert-mangold_ellow-black-zone-painting-iv-1996.jpg,images/Minimalism_Minimalism__robert-mangold_ellow-black-zone-painting-iv-1996_to_Rococo.png,0.3611167,0.0,0.5903440117835999,0.0
Minimalism,Rococo,Minimalism__brice-marden_joined-2011.jpg,images/Minimalism_Minimalism__brice-marden_joined-2011_to_Rococo.png,0.3512044,0.0,0.603121817111969,0.0
Minimalism,Ukiyo_e,Minimalism__alvaro-lapa_criminals-and-their-properties-1974.jpg,images/Minimalism_Minimalism__alvaro-lapa_criminals-and-their-properties-1974_to_Ukiyo_e.png,0.3855819,0.0,0.6904352903366089,0.0
Minimalism,Ukiyo_e,Minimalism__john-mclaughlin_number-4.jpg,images/Minimalism_Minimalism__john-mclaughlin_number-4_to_Ukiyo_e.png,0.45465675,0.0,0.5919864773750305,0.0
Minimalism,Ukiyo_e,Minimalism__robert-mangold_ellow-black-zone-painting-iv-1996.jpg,images/Minimalism_Minimalism__robert-mangold_ellow-black-zone-painting-iv-1996_to_Ukiyo_e.png,0.3495764,0.0,0.6623226404190063,0.0
Minimalism,Ukiyo_e,Minimalism__brice-marden_joined-2011.jpg,images/Minimalism_Minimalism__brice-marden_joined-2011_to_Ukiyo_e.png,0.32296422,0.0,0.6366100311279297,0.0
Minimalism,Early_Renaissance,Minimalism__richard-tuttle_relative-to-our-society-1990.jpg,images/Minimalism_Minimalism__richard-tuttle_relative-to-our-society-1990_to_Early_Renaissance.png,0.37196654,0.0,0.6457264423370361,0.0
Minimalism,Early_Renaissance,Minimalism__yves-gaucher_traces-2000.jpg,images/Minimalism_Minimalism__yves-gaucher_traces-2000_to_Early_Renaissance.png,0.36495447,0.0,0.6618098020553589,0.0
Minimalism,Early_Renaissance,Minimalism__dan-flavin_greens-crossing-greens-to-piet-mondrian-who-lacked-green-1966.jpg,images/Minimalism_Minimalism__dan-flavin_greens-crossing-greens-to-piet-mondrian-who-lacked-green-1966_to_Early_Renaissance.png,0.42943114,0.0,0.655995786190033,0.0
Minimalism,Early_Renaissance,Minimalism__ruth-vollmer_trimer-monomer-dimer-1965.jpg,images/Minimalism_Minimalism__ruth-vollmer_trimer-monomer-dimer-1965_to_Early_Renaissance.png,0.41743338,0.0,0.584104061126709,0.0
Minimalism,Impressionism,Minimalism__richard-tuttle_relative-to-our-society-1990.jpg,images/Minimalism_Minimalism__richard-tuttle_relative-to-our-society-1990_to_Impressionism.png,0.34732658,0.0,0.6844538450241089,0.0
Minimalism,Impressionism,Minimalism__yves-gaucher_traces-2000.jpg,images/Minimalism_Minimalism__yves-gaucher_traces-2000_to_Impressionism.png,0.3548876,0.0,0.6981174945831299,0.0
Minimalism,Impressionism,Minimalism__dan-flavin_greens-crossing-greens-to-piet-mondrian-who-lacked-green-1966.jpg,images/Minimalism_Minimalism__dan-flavin_greens-crossing-greens-to-piet-mondrian-who-lacked-green-1966_to_Impressionism.png,0.39914784,0.0,0.6815187931060791,0.0
Minimalism,Impressionism,Minimalism__ruth-vollmer_trimer-monomer-dimer-1965.jpg,images/Minimalism_Minimalism__ruth-vollmer_trimer-monomer-dimer-1965_to_Impressionism.png,0.3952744,0.0,0.5377435684204102,0.0
Minimalism,Minimalism,Minimalism__richard-tuttle_relative-to-our-society-1990.jpg,images/Minimalism_Minimalism__richard-tuttle_relative-to-our-society-1990_to_Minimalism.png,0.40016484,0.0,0.8503717184066772,0.0
Minimalism,Minimalism,Minimalism__yves-gaucher_traces-2000.jpg,images/Minimalism_Minimalism__yves-gaucher_traces-2000_to_Minimalism.png,0.41262022,0.0,0.8778301477432251,0.0
Minimalism,Minimalism,Minimalism__dan-flavin_greens-crossing-greens-to-piet-mondrian-who-lacked-green-1966.jpg,images/Minimalism_Minimalism__dan-flavin_greens-crossing-greens-to-piet-mondrian-who-lacked-green-1966_to_Minimalism.png,0.42075008,0.0,0.8504329323768616,0.0
Minimalism,Minimalism,Minimalism__ruth-vollmer_trimer-monomer-dimer-1965.jpg,images/Minimalism_Minimalism__ruth-vollmer_trimer-monomer-dimer-1965_to_Minimalism.png,0.4435584,0.0,0.7290757298469543,0.0
Minimalism,Rococo,Minimalism__richard-tuttle_relative-to-our-society-1990.jpg,images/Minimalism_Minimalism__richard-tuttle_relative-to-our-society-1990_to_Rococo.png,0.38760692,0.0,0.6429965496063232,0.0
Minimalism,Rococo,Minimalism__yves-gaucher_traces-2000.jpg,images/Minimalism_Minimalism__yves-gaucher_traces-2000_to_Rococo.png,0.39099455,0.0,0.6139079332351685,0.0
Minimalism,Rococo,Minimalism__dan-flavin_greens-crossing-greens-to-piet-mondrian-who-lacked-green-1966.jpg,images/Minimalism_Minimalism__dan-flavin_greens-crossing-greens-to-piet-mondrian-who-lacked-green-1966_to_Rococo.png,0.41878372,0.0,0.6031638979911804,0.0
Minimalism,Rococo,Minimalism__ruth-vollmer_trimer-monomer-dimer-1965.jpg,images/Minimalism_Minimalism__ruth-vollmer_trimer-monomer-dimer-1965_to_Rococo.png,0.41967922,0.0,0.5379471778869629,0.0
Minimalism,Ukiyo_e,Minimalism__richard-tuttle_relative-to-our-society-1990.jpg,images/Minimalism_Minimalism__richard-tuttle_relative-to-our-society-1990_to_Ukiyo_e.png,0.3653709,0.0,0.6613748073577881,0.0
Minimalism,Ukiyo_e,Minimalism__yves-gaucher_traces-2000.jpg,images/Minimalism_Minimalism__yves-gaucher_traces-2000_to_Ukiyo_e.png,0.39527088,0.0,0.665244996547699,0.0
Minimalism,Ukiyo_e,Minimalism__dan-flavin_greens-crossing-greens-to-piet-mondrian-who-lacked-green-1966.jpg,images/Minimalism_Minimalism__dan-flavin_greens-crossing-greens-to-piet-mondrian-who-lacked-green-1966_to_Ukiyo_e.png,0.42387253,0.0,0.6530828475952148,0.0
Minimalism,Ukiyo_e,Minimalism__ruth-vollmer_trimer-monomer-dimer-1965.jpg,images/Minimalism_Minimalism__ruth-vollmer_trimer-monomer-dimer-1965_to_Ukiyo_e.png,0.4200062,0.0,0.6004561185836792,0.0
Minimalism,Early_Renaissance,Minimalism__fernando-lanhas_o39-68-1968.jpg,images/Minimalism_Minimalism__fernando-lanhas_o39-68-1968_to_Early_Renaissance.png,0.30008683,0.0,0.6936537027359009,0.0
Minimalism,Early_Renaissance,Minimalism__frank-stella_gezira-from-black-series-ii-1967.jpg,images/Minimalism_Minimalism__frank-stella_gezira-from-black-series-ii-1967_to_Early_Renaissance.png,0.32388166,0.0,0.6801572442054749,0.0
Minimalism,Early_Renaissance,Minimalism__ronald-davis_zig-zag-times-two-1966.jpg,images/Minimalism_Minimalism__ronald-davis_zig-zag-times-two-1966_to_Early_Renaissance.png,0.33535796,0.0,0.6317346096038818,0.0
Minimalism,Early_Renaissance,Minimalism__agnes-martin_happy-valley-1967.jpg,images/Minimalism_Minimalism__agnes-martin_happy-valley-1967_to_Early_Renaissance.png,0.40266258,0.0,0.6694995164871216,0.0
Minimalism,Impressionism,Minimalism__fernando-lanhas_o39-68-1968.jpg,images/Minimalism_Minimalism__fernando-lanhas_o39-68-1968_to_Impressionism.png,0.28102484,0.0,0.7333981990814209,0.0
Minimalism,Impressionism,Minimalism__frank-stella_gezira-from-black-series-ii-1967.jpg,images/Minimalism_Minimalism__frank-stella_gezira-from-black-series-ii-1967_to_Impressionism.png,0.30773315,0.0,0.6504061222076416,0.0
Minimalism,Impressionism,Minimalism__ronald-davis_zig-zag-times-two-1966.jpg,images/Minimalism_Minimalism__ronald-davis_zig-zag-times-two-1966_to_Impressionism.png,0.33096057,0.0,0.6341583132743835,0.0
Minimalism,Impressionism,Minimalism__agnes-martin_happy-valley-1967.jpg,images/Minimalism_Minimalism__agnes-martin_happy-valley-1967_to_Impressionism.png,0.3646879,0.0,0.7389339804649353,0.0
Minimalism,Minimalism,Minimalism__fernando-lanhas_o39-68-1968.jpg,images/Minimalism_Minimalism__fernando-lanhas_o39-68-1968_to_Minimalism.png,0.34103903,0.0,0.8748229742050171,0.0
Minimalism,Minimalism,Minimalism__frank-stella_gezira-from-black-series-ii-1967.jpg,images/Minimalism_Minimalism__frank-stella_gezira-from-black-series-ii-1967_to_Minimalism.png,0.2590292,0.0,0.9112305641174316,0.0
Minimalism,Minimalism,Minimalism__ronald-davis_zig-zag-times-two-1966.jpg,images/Minimalism_Minimalism__ronald-davis_zig-zag-times-two-1966_to_Minimalism.png,0.3645425,0.0,0.8332030773162842,0.0
Minimalism,Minimalism,Minimalism__agnes-martin_happy-valley-1967.jpg,images/Minimalism_Minimalism__agnes-martin_happy-valley-1967_to_Minimalism.png,0.3452319,0.0,0.8732638359069824,0.0
Minimalism,Rococo,Minimalism__fernando-lanhas_o39-68-1968.jpg,images/Minimalism_Minimalism__fernando-lanhas_o39-68-1968_to_Rococo.png,0.3121404,0.0,0.6582772135734558,0.0
Minimalism,Rococo,Minimalism__frank-stella_gezira-from-black-series-ii-1967.jpg,images/Minimalism_Minimalism__frank-stella_gezira-from-black-series-ii-1967_to_Rococo.png,0.35092697,0.0,0.6043136119842529,0.0
Minimalism,Rococo,Minimalism__ronald-davis_zig-zag-times-two-1966.jpg,images/Minimalism_Minimalism__ronald-davis_zig-zag-times-two-1966_to_Rococo.png,0.34559947,0.0,0.5756658911705017,0.0
Minimalism,Rococo,Minimalism__agnes-martin_happy-valley-1967.jpg,images/Minimalism_Minimalism__agnes-martin_happy-valley-1967_to_Rococo.png,0.41075853,0.0,0.6418030261993408,0.0
Minimalism,Ukiyo_e,Minimalism__fernando-lanhas_o39-68-1968.jpg,images/Minimalism_Minimalism__fernando-lanhas_o39-68-1968_to_Ukiyo_e.png,0.30265686,0.0,0.7085175514221191,0.0
Minimalism,Ukiyo_e,Minimalism__frank-stella_gezira-from-black-series-ii-1967.jpg,images/Minimalism_Minimalism__frank-stella_gezira-from-black-series-ii-1967_to_Ukiyo_e.png,0.30160636,0.0,0.6725274920463562,0.0
Minimalism,Ukiyo_e,Minimalism__ronald-davis_zig-zag-times-two-1966.jpg,images/Minimalism_Minimalism__ronald-davis_zig-zag-times-two-1966_to_Ukiyo_e.png,0.32279438,0.0,0.6141362190246582,0.0
Minimalism,Ukiyo_e,Minimalism__agnes-martin_happy-valley-1967.jpg,images/Minimalism_Minimalism__agnes-martin_happy-valley-1967_to_Ukiyo_e.png,0.37313113,0.0,0.6679565906524658,0.0
Minimalism,Early_Renaissance,Minimalism__bruce-nauman_la-brea-art-tips-rat-spit-tar-pits-1972.jpg,images/Minimalism_Minimalism__bruce-nauman_la-brea-art-tips-rat-spit-tar-pits-1972_to_Early_Renaissance.png,0.36430222,0.0,0.5817123055458069,0.0
Minimalism,Early_Renaissance,Minimalism__robert-morris_box-with-the-sound-of-its-own-making-1961.jpg,images/Minimalism_Minimalism__robert-morris_box-with-the-sound-of-its-own-making-1961_to_Early_Renaissance.png,0.3233403,0.0,0.6527032852172852,0.0
Rococo,Early_Renaissance,Rococo__joshua-reynolds_colonel-george-k-h-coussmaker-grenadier-guards.jpg,images/Rococo_Rococo__joshua-reynolds_colonel-george-k-h-coussmaker-grenadier-guards_to_Early_Renaissance.png,0.44798473,0.0,0.7243334650993347,0.0
Rococo,Early_Renaissance,Rococo__giovanni-domenico-tiepolo_christ-s-fall-on-the-way-to-calvary-1772.jpg,images/Rococo_Rococo__giovanni-domenico-tiepolo_christ-s-fall-on-the-way-to-calvary-1772_to_Early_Renaissance.png,0.40401077,0.0,0.7959832549095154,0.0
Minimalism,Impressionism,Minimalism__bruce-nauman_la-brea-art-tips-rat-spit-tar-pits-1972.jpg,images/Minimalism_Minimalism__bruce-nauman_la-brea-art-tips-rat-spit-tar-pits-1972_to_Impressionism.png,0.3779905,0.0,0.5745490193367004,0.0
Minimalism,Impressionism,Minimalism__robert-morris_box-with-the-sound-of-its-own-making-1961.jpg,images/Minimalism_Minimalism__robert-morris_box-with-the-sound-of-its-own-making-1961_to_Impressionism.png,0.31956926,0.0,0.6265028119087219,0.0
Rococo,Impressionism,Rococo__joshua-reynolds_colonel-george-k-h-coussmaker-grenadier-guards.jpg,images/Rococo_Rococo__joshua-reynolds_colonel-george-k-h-coussmaker-grenadier-guards_to_Impressionism.png,0.4635601,0.0,0.7661712765693665,0.0
Rococo,Impressionism,Rococo__giovanni-domenico-tiepolo_christ-s-fall-on-the-way-to-calvary-1772.jpg,images/Rococo_Rococo__giovanni-domenico-tiepolo_christ-s-fall-on-the-way-to-calvary-1772_to_Impressionism.png,0.41661817,0.0,0.6834351420402527,0.0
Minimalism,Minimalism,Minimalism__bruce-nauman_la-brea-art-tips-rat-spit-tar-pits-1972.jpg,images/Minimalism_Minimalism__bruce-nauman_la-brea-art-tips-rat-spit-tar-pits-1972_to_Minimalism.png,0.41531092,0.0,0.8263857960700989,0.0
Minimalism,Minimalism,Minimalism__robert-morris_box-with-the-sound-of-its-own-making-1961.jpg,images/Minimalism_Minimalism__robert-morris_box-with-the-sound-of-its-own-making-1961_to_Minimalism.png,0.37932974,0.0,0.8273949027061462,0.0
Rococo,Minimalism,Rococo__joshua-reynolds_colonel-george-k-h-coussmaker-grenadier-guards.jpg,images/Rococo_Rococo__joshua-reynolds_colonel-george-k-h-coussmaker-grenadier-guards_to_Minimalism.png,0.5145294,0.0,0.706678032875061,0.0
Rococo,Minimalism,Rococo__giovanni-domenico-tiepolo_christ-s-fall-on-the-way-to-calvary-1772.jpg,images/Rococo_Rococo__giovanni-domenico-tiepolo_christ-s-fall-on-the-way-to-calvary-1772_to_Minimalism.png,0.49081102,0.0,0.6794106960296631,0.0
Minimalism,Rococo,Minimalism__bruce-nauman_la-brea-art-tips-rat-spit-tar-pits-1972.jpg,images/Minimalism_Minimalism__bruce-nauman_la-brea-art-tips-rat-spit-tar-pits-1972_to_Rococo.png,0.36862278,0.0,0.5544336438179016,0.0
Minimalism,Rococo,Minimalism__robert-morris_box-with-the-sound-of-its-own-making-1961.jpg,images/Minimalism_Minimalism__robert-morris_box-with-the-sound-of-its-own-making-1961_to_Rococo.png,0.34396133,0.0,0.6069676876068115,0.0
Rococo,Rococo,Rococo__joshua-reynolds_colonel-george-k-h-coussmaker-grenadier-guards.jpg,images/Rococo_Rococo__joshua-reynolds_colonel-george-k-h-coussmaker-grenadier-guards_to_Rococo.png,0.45332658,0.0,0.8349257707595825,0.0
Rococo,Rococo,Rococo__giovanni-domenico-tiepolo_christ-s-fall-on-the-way-to-calvary-1772.jpg,images/Rococo_Rococo__giovanni-domenico-tiepolo_christ-s-fall-on-the-way-to-calvary-1772_to_Rococo.png,0.4078337,0.0,0.7531002759933472,0.0
Minimalism,Ukiyo_e,Minimalism__bruce-nauman_la-brea-art-tips-rat-spit-tar-pits-1972.jpg,images/Minimalism_Minimalism__bruce-nauman_la-brea-art-tips-rat-spit-tar-pits-1972_to_Ukiyo_e.png,0.39569718,0.0,0.5616859197616577,0.0
Minimalism,Ukiyo_e,Minimalism__robert-morris_box-with-the-sound-of-its-own-making-1961.jpg,images/Minimalism_Minimalism__robert-morris_box-with-the-sound-of-its-own-making-1961_to_Ukiyo_e.png,0.326891,0.0,0.6249996423721313,0.0
Rococo,Ukiyo_e,Rococo__joshua-reynolds_colonel-george-k-h-coussmaker-grenadier-guards.jpg,images/Rococo_Rococo__joshua-reynolds_colonel-george-k-h-coussmaker-grenadier-guards_to_Ukiyo_e.png,0.46967188,0.0,0.6934006214141846,0.0
Rococo,Ukiyo_e,Rococo__giovanni-domenico-tiepolo_christ-s-fall-on-the-way-to-calvary-1772.jpg,images/Rococo_Rococo__giovanni-domenico-tiepolo_christ-s-fall-on-the-way-to-calvary-1772_to_Ukiyo_e.png,0.42988092,0.0,0.6877124309539795,0.0
Rococo,Early_Renaissance,Rococo__dmitry-levitzky_maria-feodorovna.jpg,images/Rococo_Rococo__dmitry-levitzky_maria-feodorovna_to_Early_Renaissance.png,0.37271756,0.0,0.7025639414787292,0.0
Rococo,Early_Renaissance,Rococo__thomas-gainsborough_a-peasant-girl-with-dog-and-jug-1785.jpg,images/Rococo_Rococo__thomas-gainsborough_a-peasant-girl-with-dog-and-jug-1785_to_Early_Renaissance.png,0.41659665,0.0,0.7377811670303345,0.0
Rococo,Early_Renaissance,Rococo__maurice-quentin-de-la-tour_marie-josephe-of-saxony-1.jpg,images/Rococo_Rococo__maurice-quentin-de-la-tour_marie-josephe-of-saxony-1_to_Early_Renaissance.png,0.3799622,0.0,0.7062134742736816,0.0
Rococo,Early_Renaissance,Rococo__bernardo-bellotto_view-of-dresden-the-dresden-fortifications-moat-with-a-bridge-between-gate-and-post-mile-pillar.jpg,images/Rococo_Rococo__bernardo-bellotto_view-of-dresden-the-dresden-fortifications-moat-with-a-bridge-between-gate-and-post-mile-pillar_to_Early_Renaissance.png,0.39242166,0.0,0.6911492347717285,0.0
Rococo,Impressionism,Rococo__dmitry-levitzky_maria-feodorovna.jpg,images/Rococo_Rococo__dmitry-levitzky_maria-feodorovna_to_Impressionism.png,0.37650415,0.0,0.6531767845153809,0.0
Rococo,Impressionism,Rococo__thomas-gainsborough_a-peasant-girl-with-dog-and-jug-1785.jpg,images/Rococo_Rococo__thomas-gainsborough_a-peasant-girl-with-dog-and-jug-1785_to_Impressionism.png,0.4219011,0.0,0.7964744567871094,0.0
Rococo,Impressionism,Rococo__maurice-quentin-de-la-tour_marie-josephe-of-saxony-1.jpg,images/Rococo_Rococo__maurice-quentin-de-la-tour_marie-josephe-of-saxony-1_to_Impressionism.png,0.40527153,0.0,0.6934260129928589,0.0
Rococo,Impressionism,Rococo__bernardo-bellotto_view-of-dresden-the-dresden-fortifications-moat-with-a-bridge-between-gate-and-post-mile-pillar.jpg,images/Rococo_Rococo__bernardo-bellotto_view-of-dresden-the-dresden-fortifications-moat-with-a-bridge-between-gate-and-post-mile-pillar_to_Impressionism.png,0.37659353,0.0,0.8110535740852356,0.0
Rococo,Minimalism,Rococo__dmitry-levitzky_maria-feodorovna.jpg,images/Rococo_Rococo__dmitry-levitzky_maria-feodorovna_to_Minimalism.png,0.441284,0.0,0.6816332340240479,0.0
Rococo,Minimalism,Rococo__thomas-gainsborough_a-peasant-girl-with-dog-and-jug-1785.jpg,images/Rococo_Rococo__thomas-gainsborough_a-peasant-girl-with-dog-and-jug-1785_to_Minimalism.png,0.5114952,0.0,0.7511907815933228,0.0
Rococo,Minimalism,Rococo__maurice-quentin-de-la-tour_marie-josephe-of-saxony-1.jpg,images/Rococo_Rococo__maurice-quentin-de-la-tour_marie-josephe-of-saxony-1_to_Minimalism.png,0.48653218,0.0,0.6756755709648132,0.0
Rococo,Minimalism,Rococo__bernardo-bellotto_view-of-dresden-the-dresden-fortifications-moat-with-a-bridge-between-gate-and-post-mile-pillar.jpg,images/Rococo_Rococo__bernardo-bellotto_view-of-dresden-the-dresden-fortifications-moat-with-a-bridge-between-gate-and-post-mile-pillar_to_Minimalism.png,0.46309376,0.0,0.8050635457038879,0.0
Rococo,Rococo,Rococo__dmitry-levitzky_maria-feodorovna.jpg,images/Rococo_Rococo__dmitry-levitzky_maria-feodorovna_to_Rococo.png,0.3971782,0.0,0.8788350224494934,0.0
Rococo,Rococo,Rococo__thomas-gainsborough_a-peasant-girl-with-dog-and-jug-1785.jpg,images/Rococo_Rococo__thomas-gainsborough_a-peasant-girl-with-dog-and-jug-1785_to_Rococo.png,0.42948326,0.0,0.805214524269104,0.0
Rococo,Rococo,Rococo__maurice-quentin-de-la-tour_marie-josephe-of-saxony-1.jpg,images/Rococo_Rococo__maurice-quentin-de-la-tour_marie-josephe-of-saxony-1_to_Rococo.png,0.4037591,0.0,0.8060712814331055,0.0
Rococo,Rococo,Rococo__bernardo-bellotto_view-of-dresden-the-dresden-fortifications-moat-with-a-bridge-between-gate-and-post-mile-pillar.jpg,images/Rococo_Rococo__bernardo-bellotto_view-of-dresden-the-dresden-fortifications-moat-with-a-bridge-between-gate-and-post-mile-pillar_to_Rococo.png,0.40299618,0.0,0.70210862159729,0.0
Rococo,Ukiyo_e,Rococo__dmitry-levitzky_maria-feodorovna.jpg,images/Rococo_Rococo__dmitry-levitzky_maria-feodorovna_to_Ukiyo_e.png,0.37946987,0.0,0.6650396585464478,0.0
Rococo,Ukiyo_e,Rococo__thomas-gainsborough_a-peasant-girl-with-dog-and-jug-1785.jpg,images/Rococo_Rococo__thomas-gainsborough_a-peasant-girl-with-dog-and-jug-1785_to_Ukiyo_e.png,0.45171556,0.0,0.7105929255485535,0.0
Rococo,Ukiyo_e,Rococo__maurice-quentin-de-la-tour_marie-josephe-of-saxony-1.jpg,images/Rococo_Rococo__maurice-quentin-de-la-tour_marie-josephe-of-saxony-1_to_Ukiyo_e.png,0.39827752,0.0,0.6429875493049622,0.0
Rococo,Ukiyo_e,Rococo__bernardo-bellotto_view-of-dresden-the-dresden-fortifications-moat-with-a-bridge-between-gate-and-post-mile-pillar.jpg,images/Rococo_Rococo__bernardo-bellotto_view-of-dresden-the-dresden-fortifications-moat-with-a-bridge-between-gate-and-post-mile-pillar_to_Ukiyo_e.png,0.38719678,0.0,0.638388991355896,0.0
Rococo,Early_Renaissance,Rococo__bernardo-bellotto_pirna-seen-from-the-right-bank-of-the-elbe.jpg,images/Rococo_Rococo__bernardo-bellotto_pirna-seen-from-the-right-bank-of-the-elbe_to_Early_Renaissance.png,0.41904494,0.0,0.7267782688140869,0.0
Rococo,Early_Renaissance,Rococo__dmitry-levitzky_portrait-of-unknown-woman-with-a-rose-1788.jpg,images/Rococo_Rococo__dmitry-levitzky_portrait-of-unknown-woman-with-a-rose-1788_to_Early_Renaissance.png,0.38185126,0.0,0.6742931008338928,0.0
Rococo,Early_Renaissance,Rococo__dmitry-levitzky_portrait-of-maria-palovna-narychkina-1773.jpg,images/Rococo_Rococo__dmitry-levitzky_portrait-of-maria-palovna-narychkina-1773_to_Early_Renaissance.png,0.42275795,0.0,0.7034578323364258,0.0
Rococo,Early_Renaissance,Rococo__giovanni-domenico-tiepolo_the-new-world-1797.jpg,images/Rococo_Rococo__giovanni-domenico-tiepolo_the-new-world-1797_to_Early_Renaissance.png,0.36632955,0.0,0.7590432167053223,0.0
Rococo,Impressionism,Rococo__bernardo-bellotto_pirna-seen-from-the-right-bank-of-the-elbe.jpg,images/Rococo_Rococo__bernardo-bellotto_pirna-seen-from-the-right-bank-of-the-elbe_to_Impressionism.png,0.3989362,0.0,0.8492406606674194,0.0
Rococo,Impressionism,Rococo__dmitry-levitzky_portrait-of-unknown-woman-with-a-rose-1788.jpg,images/Rococo_Rococo__dmitry-levitzky_portrait-of-unknown-woman-with-a-rose-1788_to_Impressionism.png,0.38884526,0.0,0.6094404458999634,0.0
Rococo,Impressionism,Rococo__dmitry-levitzky_portrait-of-maria-palovna-narychkina-1773.jpg,images/Rococo_Rococo__dmitry-levitzky_portrait-of-maria-palovna-narychkina-1773_to_Impressionism.png,0.44138616,0.0,0.698794960975647,0.0
Rococo,Impressionism,Rococo__giovanni-domenico-tiepolo_the-new-world-1797.jpg,images/Rococo_Rococo__giovanni-domenico-tiepolo_the-new-world-1797_to_Impressionism.png,0.37316826,0.0,0.7826032638549805,0.0
Rococo,Minimalism,Rococo__bernardo-bellotto_pirna-seen-from-the-right-bank-of-the-elbe.jpg,images/Rococo_Rococo__bernardo-bellotto_pirna-seen-from-the-right-bank-of-the-elbe_to_Minimalism.png,0.473325,0.0,0.7534573078155518,0.0
Rococo,Minimalism,Rococo__dmitry-levitzky_portrait-of-unknown-woman-with-a-rose-1788.jpg,images/Rococo_Rococo__dmitry-levitzky_portrait-of-unknown-woman-with-a-rose-1788_to_Minimalism.png,0.49478212,0.0,0.6725535988807678,0.0
Rococo,Minimalism,Rococo__dmitry-levitzky_portrait-of-maria-palovna-narychkina-1773.jpg,images/Rococo_Rococo__dmitry-levitzky_portrait-of-maria-palovna-narychkina-1773_to_Minimalism.png,0.5165194,0.0,0.723686933517456,0.0
Rococo,Minimalism,Rococo__giovanni-domenico-tiepolo_the-new-world-1797.jpg,images/Rococo_Rococo__giovanni-domenico-tiepolo_the-new-world-1797_to_Minimalism.png,0.45410606,0.0,0.8371178507804871,0.0
Rococo,Rococo,Rococo__bernardo-bellotto_pirna-seen-from-the-right-bank-of-the-elbe.jpg,images/Rococo_Rococo__bernardo-bellotto_pirna-seen-from-the-right-bank-of-the-elbe_to_Rococo.png,0.40820593,0.0,0.7356243133544922,0.0
Rococo,Rococo,Rococo__dmitry-levitzky_portrait-of-unknown-woman-with-a-rose-1788.jpg,images/Rococo_Rococo__dmitry-levitzky_portrait-of-unknown-woman-with-a-rose-1788_to_Rococo.png,0.3936719,0.0,0.8206909894943237,0.0
Rococo,Rococo,Rococo__dmitry-levitzky_portrait-of-maria-palovna-narychkina-1773.jpg,images/Rococo_Rococo__dmitry-levitzky_portrait-of-maria-palovna-narychkina-1773_to_Rococo.png,0.43353936,0.0,0.7921844720840454,0.0
Rococo,Rococo,Rococo__giovanni-domenico-tiepolo_the-new-world-1797.jpg,images/Rococo_Rococo__giovanni-domenico-tiepolo_the-new-world-1797_to_Rococo.png,0.37349463,0.0,0.6982393860816956,0.0
Rococo,Ukiyo_e,Rococo__bernardo-bellotto_pirna-seen-from-the-right-bank-of-the-elbe.jpg,images/Rococo_Rococo__bernardo-bellotto_pirna-seen-from-the-right-bank-of-the-elbe_to_Ukiyo_e.png,0.43097174,0.0,0.7210464477539062,0.0
Rococo,Ukiyo_e,Rococo__dmitry-levitzky_portrait-of-unknown-woman-with-a-rose-1788.jpg,images/Rococo_Rococo__dmitry-levitzky_portrait-of-unknown-woman-with-a-rose-1788_to_Ukiyo_e.png,0.40280336,0.0,0.6161729097366333,0.0
Rococo,Ukiyo_e,Rococo__dmitry-levitzky_portrait-of-maria-palovna-narychkina-1773.jpg,images/Rococo_Rococo__dmitry-levitzky_portrait-of-maria-palovna-narychkina-1773_to_Ukiyo_e.png,0.4403827,0.0,0.6028866767883301,0.0
Rococo,Ukiyo_e,Rococo__giovanni-domenico-tiepolo_the-new-world-1797.jpg,images/Rococo_Rococo__giovanni-domenico-tiepolo_the-new-world-1797_to_Ukiyo_e.png,0.383452,0.0,0.7073585391044617,0.0
Rococo,Early_Renaissance,Rococo__carl-ludwig-johann-christineck_portrait-of-paul-of-russia-dressed-as-chevalier-of-the-order-of-st-andrew-1760.jpg,images/Rococo_Rococo__carl-ludwig-johann-christineck_portrait-of-paul-of-russia-dressed-as-chevalier-of-the-order-of-st-andrew-1760_to_Early_Renaissance.png,0.37814844,0.0,0.67884361743927,0.0
Rococo,Early_Renaissance,Rococo__thomas-gainsborough_a-coastal-landscape-1782.jpg,images/Rococo_Rococo__thomas-gainsborough_a-coastal-landscape-1782_to_Early_Renaissance.png,0.40715134,0.0,0.7279691100120544,0.0
Rococo,Early_Renaissance,Rococo__william-hogarth_the-countess-s-morning-levee.jpg,images/Rococo_Rococo__william-hogarth_the-countess-s-morning-levee_to_Early_Renaissance.png,0.36506552,0.0,0.7885907888412476,0.0
Rococo,Early_Renaissance,Rococo__louise-elisabeth-vigee-le-brun_the-bather-1792.jpg,images/Rococo_Rococo__louise-elisabeth-vigee-le-brun_the-bather-1792_to_Early_Renaissance.png,0.34919134,0.0,0.7439110279083252,0.0
Rococo,Impressionism,Rococo__carl-ludwig-johann-christineck_portrait-of-paul-of-russia-dressed-as-chevalier-of-the-order-of-st-andrew-1760.jpg,images/Rococo_Rococo__carl-ludwig-johann-christineck_portrait-of-paul-of-russia-dressed-as-chevalier-of-the-order-of-st-andrew-1760_to_Impressionism.png,0.40275005,0.0,0.6942018270492554,0.0
Rococo,Impressionism,Rococo__thomas-gainsborough_a-coastal-landscape-1782.jpg,images/Rococo_Rococo__thomas-gainsborough_a-coastal-landscape-1782_to_Impressionism.png,0.40952322,0.0,0.7733911275863647,0.0
Rococo,Impressionism,Rococo__william-hogarth_the-countess-s-morning-levee.jpg,images/Rococo_Rococo__william-hogarth_the-countess-s-morning-levee_to_Impressionism.png,0.37402475,0.0,0.7206807136535645,0.0
Rococo,Impressionism,Rococo__louise-elisabeth-vigee-le-brun_the-bather-1792.jpg,images/Rococo_Rococo__louise-elisabeth-vigee-le-brun_the-bather-1792_to_Impressionism.png,0.36534557,0.0,0.7310671806335449,0.0
Rococo,Minimalism,Rococo__carl-ludwig-johann-christineck_portrait-of-paul-of-russia-dressed-as-chevalier-of-the-order-of-st-andrew-1760.jpg,images/Rococo_Rococo__carl-ludwig-johann-christineck_portrait-of-paul-of-russia-dressed-as-chevalier-of-the-order-of-st-andrew-1760_to_Minimalism.png,0.48873585,0.0,0.687803328037262,0.0
Rococo,Minimalism,Rococo__thomas-gainsborough_a-coastal-landscape-1782.jpg,images/Rococo_Rococo__thomas-gainsborough_a-coastal-landscape-1782_to_Minimalism.png,0.4958099,0.0,0.7485556602478027,0.0
Rococo,Minimalism,Rococo__william-hogarth_the-countess-s-morning-levee.jpg,images/Rococo_Rococo__william-hogarth_the-countess-s-morning-levee_to_Minimalism.png,0.44911098,0.0,0.7193021178245544,0.0
Rococo,Minimalism,Rococo__louise-elisabeth-vigee-le-brun_the-bather-1792.jpg,images/Rococo_Rococo__louise-elisabeth-vigee-le-brun_the-bather-1792_to_Minimalism.png,0.4439199,0.0,0.7093570828437805,0.0
Rococo,Rococo,Rococo__carl-ludwig-johann-christineck_portrait-of-paul-of-russia-dressed-as-chevalier-of-the-order-of-st-andrew-1760.jpg,images/Rococo_Rococo__carl-ludwig-johann-christineck_portrait-of-paul-of-russia-dressed-as-chevalier-of-the-order-of-st-andrew-1760_to_Rococo.png,0.4137684,0.0,0.8236918449401855,0.0
Rococo,Rococo,Rococo__thomas-gainsborough_a-coastal-landscape-1782.jpg,images/Rococo_Rococo__thomas-gainsborough_a-coastal-landscape-1782_to_Rococo.png,0.40128955,0.0,0.6874379515647888,0.0
Rococo,Rococo,Rococo__william-hogarth_the-countess-s-morning-levee.jpg,images/Rococo_Rococo__william-hogarth_the-countess-s-morning-levee_to_Rococo.png,0.372894,0.0,0.8353531956672668,0.0
Rococo,Rococo,Rococo__louise-elisabeth-vigee-le-brun_the-bather-1792.jpg,images/Rococo_Rococo__louise-elisabeth-vigee-le-brun_the-bather-1792_to_Rococo.png,0.36799926,0.0,0.824803352355957,0.0
Rococo,Ukiyo_e,Rococo__carl-ludwig-johann-christineck_portrait-of-paul-of-russia-dressed-as-chevalier-of-the-order-of-st-andrew-1760.jpg,images/Rococo_Rococo__carl-ludwig-johann-christineck_portrait-of-paul-of-russia-dressed-as-chevalier-of-the-order-of-st-andrew-1760_to_Ukiyo_e.png,0.39782387,0.0,0.670833945274353,0.0
Rococo,Ukiyo_e,Rococo__thomas-gainsborough_a-coastal-landscape-1782.jpg,images/Rococo_Rococo__thomas-gainsborough_a-coastal-landscape-1782_to_Ukiyo_e.png,0.42965502,0.0,0.6983088254928589,0.0
Rococo,Ukiyo_e,Rococo__william-hogarth_the-countess-s-morning-levee.jpg,images/Rococo_Rococo__william-hogarth_the-countess-s-morning-levee_to_Ukiyo_e.png,0.37804693,0.0,0.7088292837142944,0.0
Rococo,Ukiyo_e,Rococo__louise-elisabeth-vigee-le-brun_the-bather-1792.jpg,images/Rococo_Rococo__louise-elisabeth-vigee-le-brun_the-bather-1792_to_Ukiyo_e.png,0.3721381,0.0,0.6531854271888733,0.0
Rococo,Early_Renaissance,Rococo__jean-marc-nattier_portrait-of-louis-tocqu-1762.jpg,images/Rococo_Rococo__jean-marc-nattier_portrait-of-louis-tocqu-1762_to_Early_Renaissance.png,0.42380384,0.0,0.6344020962715149,0.0
Rococo,Early_Renaissance,Rococo__thomas-gainsborough_john-plampin.jpg,images/Rococo_Rococo__thomas-gainsborough_john-plampin_to_Early_Renaissance.png,0.37392166,0.0,0.696601152420044,0.0
Rococo,Early_Renaissance,Rococo__antoine-watteau_head-of-a-man.jpg,images/Rococo_Rococo__antoine-watteau_head-of-a-man_to_Early_Renaissance.png,0.3570261,0.0,0.7293002605438232,0.0
Rococo,Early_Renaissance,Rococo__francois-boucher_portrait-of-madame-boucher-1745.jpg,images/Rococo_Rococo__francois-boucher_portrait-of-madame-boucher-1745_to_Early_Renaissance.png,0.38870245,0.0,0.7289614677429199,0.0
Rococo,Impressionism,Rococo__jean-marc-nattier_portrait-of-louis-tocqu-1762.jpg,images/Rococo_Rococo__jean-marc-nattier_portrait-of-louis-tocqu-1762_to_Impressionism.png,0.444983,0.0,0.5806207060813904,0.0
Rococo,Impressionism,Rococo__thomas-gainsborough_john-plampin.jpg,images/Rococo_Rococo__thomas-gainsborough_john-plampin_to_Impressionism.png,0.38263848,0.0,0.6970970034599304,0.0
Rococo,Impressionism,Rococo__antoine-watteau_head-of-a-man.jpg,images/Rococo_Rococo__antoine-watteau_head-of-a-man_to_Impressionism.png,0.3365595,0.0,0.723004937171936,0.0
Rococo,Impressionism,Rococo__francois-boucher_portrait-of-madame-boucher-1745.jpg,images/Rococo_Rococo__francois-boucher_portrait-of-madame-boucher-1745_to_Impressionism.png,0.39339763,0.0,0.7122477293014526,0.0
Rococo,Minimalism,Rococo__jean-marc-nattier_portrait-of-louis-tocqu-1762.jpg,images/Rococo_Rococo__jean-marc-nattier_portrait-of-louis-tocqu-1762_to_Minimalism.png,0.5218339,0.0,0.6582761406898499,0.0
Rococo,Minimalism,Rococo__thomas-gainsborough_john-plampin.jpg,images/Rococo_Rococo__thomas-gainsborough_john-plampin_to_Minimalism.png,0.47487733,0.0,0.7372990846633911,0.0
Rococo,Minimalism,Rococo__antoine-watteau_head-of-a-man.jpg,images/Rococo_Rococo__antoine-watteau_head-of-a-man_to_Minimalism.png,0.40799645,0.0,0.7753900289535522,0.0
Rococo,Minimalism,Rococo__francois-boucher_portrait-of-madame-boucher-1745.jpg,images/Rococo_Rococo__francois-boucher_portrait-of-madame-boucher-1745_to_Minimalism.png,0.46550763,0.0,0.7282942533493042,0.0
Rococo,Rococo,Rococo__jean-marc-nattier_portrait-of-louis-tocqu-1762.jpg,images/Rococo_Rococo__jean-marc-nattier_portrait-of-louis-tocqu-1762_to_Rococo.png,0.4392898,0.0,0.8507841229438782,0.0
Rococo,Rococo,Rococo__thomas-gainsborough_john-plampin.jpg,images/Rococo_Rococo__thomas-gainsborough_john-plampin_to_Rococo.png,0.3815953,0.0,0.8238422870635986,0.0
Rococo,Rococo,Rococo__antoine-watteau_head-of-a-man.jpg,images/Rococo_Rococo__antoine-watteau_head-of-a-man_to_Rococo.png,0.37064874,0.0,0.7066918611526489,0.0
Rococo,Rococo,Rococo__francois-boucher_portrait-of-madame-boucher-1745.jpg,images/Rococo_Rococo__francois-boucher_portrait-of-madame-boucher-1745_to_Rococo.png,0.3967438,0.0,0.776300311088562,0.0
Rococo,Ukiyo_e,Rococo__jean-marc-nattier_portrait-of-louis-tocqu-1762.jpg,images/Rococo_Rococo__jean-marc-nattier_portrait-of-louis-tocqu-1762_to_Ukiyo_e.png,0.4617977,0.0,0.5901541113853455,0.0
Rococo,Ukiyo_e,Rococo__thomas-gainsborough_john-plampin.jpg,images/Rococo_Rococo__thomas-gainsborough_john-plampin_to_Ukiyo_e.png,0.39713913,0.0,0.7342262268066406,0.0
Rococo,Ukiyo_e,Rococo__antoine-watteau_head-of-a-man.jpg,images/Rococo_Rococo__antoine-watteau_head-of-a-man_to_Ukiyo_e.png,0.34896183,0.0,0.7075763940811157,0.0
Rococo,Ukiyo_e,Rococo__francois-boucher_portrait-of-madame-boucher-1745.jpg,images/Rococo_Rococo__francois-boucher_portrait-of-madame-boucher-1745_to_Ukiyo_e.png,0.3991678,0.0,0.7050760984420776,0.0
Rococo,Early_Renaissance,Rococo__joseph-wright_mr-and-mrs-thomas-coltman.jpg,images/Rococo_Rococo__joseph-wright_mr-and-mrs-thomas-coltman_to_Early_Renaissance.png,0.42226368,0.0,0.7669897079467773,0.0
Rococo,Early_Renaissance,Rococo__antoine-watteau_the-delicate-musician.jpg,images/Rococo_Rococo__antoine-watteau_the-delicate-musician_to_Early_Renaissance.png,0.4418619,0.0,0.7099956274032593,0.0
Rococo,Early_Renaissance,Rococo__joseph-wright_d-ewes-coke-his-wife-hannah-and-daniel-parker-coke.jpg,images/Rococo_Rococo__joseph-wright_d-ewes-coke-his-wife-hannah-and-daniel-parker-coke_to_Early_Renaissance.png,0.4227116,0.0,0.6884710788726807,0.0
Rococo,Early_Renaissance,Rococo__thomas-gainsborough_robert-butcher-of-walthamstan.jpg,images/Rococo_Rococo__thomas-gainsborough_robert-butcher-of-walthamstan_to_Early_Renaissance.png,0.48544756,0.0,0.6723982095718384,0.0
Rococo,Impressionism,Rococo__joseph-wright_mr-and-mrs-thomas-coltman.jpg,images/Rococo_Rococo__joseph-wright_mr-and-mrs-thomas-coltman_to_Impressionism.png,0.43232337,0.0,0.7849423289299011,0.0
Rococo,Impressionism,Rococo__antoine-watteau_the-delicate-musician.jpg,images/Rococo_Rococo__antoine-watteau_the-delicate-musician_to_Impressionism.png,0.4574679,0.0,0.7847336530685425,0.0
Rococo,Impressionism,Rococo__joseph-wright_d-ewes-coke-his-wife-hannah-and-daniel-parker-coke.jpg,images/Rococo_Rococo__joseph-wright_d-ewes-coke-his-wife-hannah-and-daniel-parker-coke_to_Impressionism.png,0.43185806,0.0,0.661234974861145,0.0
Rococo,Impressionism,Rococo__thomas-gainsborough_robert-butcher-of-walthamstan.jpg,images/Rococo_Rococo__thomas-gainsborough_robert-butcher-of-walthamstan_to_Impressionism.png,0.5051498,0.0,0.6170121431350708,0.0
Rococo,Minimalism,Rococo__joseph-wright_mr-and-mrs-thomas-coltman.jpg,images/Rococo_Rococo__joseph-wright_mr-and-mrs-thomas-coltman_to_Minimalism.png,0.51638854,0.0,0.7808393836021423,0.0
Rococo,Minimalism,Rococo__antoine-watteau_the-delicate-musician.jpg,images/Rococo_Rococo__antoine-watteau_the-delicate-musician_to_Minimalism.png,0.5629951,0.0,0.751955509185791,0.0
Rococo,Minimalism,Rococo__joseph-wright_d-ewes-coke-his-wife-hannah-and-daniel-parker-coke.jpg,images/Rococo_Rococo__joseph-wright_d-ewes-coke-his-wife-hannah-and-daniel-parker-coke_to_Minimalism.png,0.5175518,0.0,0.6156782507896423,0.0
Rococo,Minimalism,Rococo__thomas-gainsborough_robert-butcher-of-walthamstan.jpg,images/Rococo_Rococo__thomas-gainsborough_robert-butcher-of-walthamstan_to_Minimalism.png,0.544076,0.0,0.6987345218658447,0.0
Rococo,Rococo,Rococo__joseph-wright_mr-and-mrs-thomas-coltman.jpg,images/Rococo_Rococo__joseph-wright_mr-and-mrs-thomas-coltman_to_Rococo.png,0.42942637,0.0,0.8250480890274048,0.0
Rococo,Rococo,Rococo__antoine-watteau_the-delicate-musician.jpg,images/Rococo_Rococo__antoine-watteau_the-delicate-musician_to_Rococo.png,0.4690287,0.0,0.7806301116943359,0.0
Rococo,Rococo,Rococo__joseph-wright_d-ewes-coke-his-wife-hannah-and-daniel-parker-coke.jpg,images/Rococo_Rococo__joseph-wright_d-ewes-coke-his-wife-hannah-and-daniel-parker-coke_to_Rococo.png,0.4365927,0.0,0.796849250793457,0.0
Rococo,Rococo,Rococo__thomas-gainsborough_robert-butcher-of-walthamstan.jpg,images/Rococo_Rococo__thomas-gainsborough_robert-butcher-of-walthamstan_to_Rococo.png,0.4739656,0.0,0.8239560127258301,0.0
Rococo,Ukiyo_e,Rococo__joseph-wright_mr-and-mrs-thomas-coltman.jpg,images/Rococo_Rococo__joseph-wright_mr-and-mrs-thomas-coltman_to_Ukiyo_e.png,0.4372427,0.0,0.7193136215209961,0.0
Rococo,Ukiyo_e,Rococo__antoine-watteau_the-delicate-musician.jpg,images/Rococo_Rococo__antoine-watteau_the-delicate-musician_to_Ukiyo_e.png,0.46514755,0.0,0.6842408776283264,0.0
Rococo,Ukiyo_e,Rococo__joseph-wright_d-ewes-coke-his-wife-hannah-and-daniel-parker-coke.jpg,images/Rococo_Rococo__joseph-wright_d-ewes-coke-his-wife-hannah-and-daniel-parker-coke_to_Ukiyo_e.png,0.42682773,0.0,0.6237955689430237,0.0
Rococo,Ukiyo_e,Rococo__thomas-gainsborough_robert-butcher-of-walthamstan.jpg,images/Rococo_Rococo__thomas-gainsborough_robert-butcher-of-walthamstan_to_Ukiyo_e.png,0.51708424,0.0,0.6136958599090576,0.0
Rococo,Early_Renaissance,Rococo__benjamin-west_the-angel-of-the-lord-announcing-the-resurrection-1805.jpg,images/Rococo_Rococo__benjamin-west_the-angel-of-the-lord-announcing-the-resurrection-1805_to_Early_Renaissance.png,0.39209387,0.0,0.8081825375556946,0.0
Rococo,Early_Renaissance,Rococo__pietro-longhi_the-tooth-extractor.jpg,images/Rococo_Rococo__pietro-longhi_the-tooth-extractor_to_Early_Renaissance.png,0.36035058,0.0,0.7777589559555054,0.0
Rococo,Early_Renaissance,Rococo__canaletto_london-the-thames-and-the-city-of-london-from-the-terrace-of-richmond-house.jpg,images/Rococo_Rococo__canaletto_london-the-thames-and-the-city-of-london-from-the-terrace-of-richmond-house_to_Early_Renaissance.png,0.33332974,0.0,0.6533856987953186,0.0
Rococo,Early_Renaissance,Rococo__carl-ludwig-johann-christineck_nikolai-mordvinov-1771.jpg,images/Rococo_Rococo__carl-ludwig-johann-christineck_nikolai-mordvinov-1771_to_Early_Renaissance.png,0.4138588,0.0,0.7330990433692932,0.0
Rococo,Impressionism,Rococo__benjamin-west_the-angel-of-the-lord-announcing-the-resurrection-1805.jpg,images/Rococo_Rococo__benjamin-west_the-angel-of-the-lord-announcing-the-resurrection-1805_to_Impressionism.png,0.4001581,0.0,0.7371377348899841,0.0
Rococo,Impressionism,Rococo__pietro-longhi_the-tooth-extractor.jpg,images/Rococo_Rococo__pietro-longhi_the-tooth-extractor_to_Impressionism.png,0.39071518,0.0,0.748795747756958,0.0
Rococo,Impressionism,Rococo__canaletto_london-the-thames-and-the-city-of-london-from-the-terrace-of-richmond-house.jpg,images/Rococo_Rococo__canaletto_london-the-thames-and-the-city-of-london-from-the-terrace-of-richmond-house_to_Impressionism.png,0.30959082,0.0,0.7492601871490479,0.0
Rococo,Impressionism,Rococo__carl-ludwig-johann-christineck_nikolai-mordvinov-1771.jpg,images/Rococo_Rococo__carl-ludwig-johann-christineck_nikolai-mordvinov-1771_to_Impressionism.png,0.42907813,0.0,0.6503404974937439,0.0
Rococo,Minimalism,Rococo__benjamin-west_the-angel-of-the-lord-announcing-the-resurrection-1805.jpg,images/Rococo_Rococo__benjamin-west_the-angel-of-the-lord-announcing-the-resurrection-1805_to_Minimalism.png,0.48787323,0.0,0.7024076581001282,0.0
Rococo,Minimalism,Rococo__pietro-longhi_the-tooth-extractor.jpg,images/Rococo_Rococo__pietro-longhi_the-tooth-extractor_to_Minimalism.png,0.49445355,0.0,0.7512713670730591,0.0
Rococo,Minimalism,Rococo__canaletto_london-the-thames-and-the-city-of-london-from-the-terrace-of-richmond-house.jpg,images/Rococo_Rococo__canaletto_london-the-thames-and-the-city-of-london-from-the-terrace-of-richmond-house_to_Minimalism.png,0.3718934,0.0,0.8526843190193176,0.0
Rococo,Minimalism,Rococo__carl-ludwig-johann-christineck_nikolai-mordvinov-1771.jpg,images/Rococo_Rococo__carl-ludwig-johann-christineck_nikolai-mordvinov-1771_to_Minimalism.png,0.5166013,0.0,0.6984848976135254,0.0
Rococo,Rococo,Rococo__benjamin-west_the-angel-of-the-lord-announcing-the-resurrection-1805.jpg,images/Rococo_Rococo__benjamin-west_the-angel-of-the-lord-announcing-the-resurrection-1805_to_Rococo.png,0.40264934,0.0,0.7867977619171143,0.0
Rococo,Rococo,Rococo__pietro-longhi_the-tooth-extractor.jpg,images/Rococo_Rococo__pietro-longhi_the-tooth-extractor_to_Rococo.png,0.38175815,0.0,0.799746572971344,0.0
Rococo,Rococo,Rococo__canaletto_london-the-thames-and-the-city-of-london-from-the-terrace-of-richmond-house.jpg,images/Rococo_Rococo__canaletto_london-the-thames-and-the-city-of-london-from-the-terrace-of-richmond-house_to_Rococo.png,0.36817455,0.0,0.6622046232223511,0.0
Rococo,Rococo,Rococo__carl-ludwig-johann-christineck_nikolai-mordvinov-1771.jpg,images/Rococo_Rococo__carl-ludwig-johann-christineck_nikolai-mordvinov-1771_to_Rococo.png,0.4305948,0.0,0.8369570970535278,0.0
Rococo,Ukiyo_e,Rococo__benjamin-west_the-angel-of-the-lord-announcing-the-resurrection-1805.jpg,images/Rococo_Rococo__benjamin-west_the-angel-of-the-lord-announcing-the-resurrection-1805_to_Ukiyo_e.png,0.4117947,0.0,0.6839345693588257,0.0
Rococo,Ukiyo_e,Rococo__pietro-longhi_the-tooth-extractor.jpg,images/Rococo_Rococo__pietro-longhi_the-tooth-extractor_to_Ukiyo_e.png,0.3986984,0.0,0.7083518505096436,0.0
Rococo,Ukiyo_e,Rococo__canaletto_london-the-thames-and-the-city-of-london-from-the-terrace-of-richmond-house.jpg,images/Rococo_Rococo__canaletto_london-the-thames-and-the-city-of-london-from-the-terrace-of-richmond-house_to_Ukiyo_e.png,0.31016958,0.0,0.6862109899520874,0.0
Rococo,Ukiyo_e,Rococo__carl-ludwig-johann-christineck_nikolai-mordvinov-1771.jpg,images/Rococo_Rococo__carl-ludwig-johann-christineck_nikolai-mordvinov-1771_to_Ukiyo_e.png,0.43901885,0.0,0.659109890460968,0.0
Rococo,Early_Renaissance,Rococo__maurice-quentin-de-la-tour_study-for-portrait-of-mademoiselle-dangeville-1.jpg,images/Rococo_Rococo__maurice-quentin-de-la-tour_study-for-portrait-of-mademoiselle-dangeville-1_to_Early_Renaissance.png,0.36411542,0.0,0.7040176391601562,0.0
Rococo,Early_Renaissance,Rococo__antoine-pesne_carl-heinrich-graun.jpg,images/Rococo_Rococo__antoine-pesne_carl-heinrich-graun_to_Early_Renaissance.png,0.33249512,0.0,0.6815608739852905,0.0
Rococo,Early_Renaissance,Rococo__benjamin-west_self-portrait-1770.jpg,images/Rococo_Rococo__benjamin-west_self-portrait-1770_to_Early_Renaissance.png,0.36786214,0.0,0.6974652409553528,0.0
Rococo,Early_Renaissance,Rococo__louise-elisabeth-vigee-le-brun_portrait-of-joseph-vernet-1778.jpg,images/Rococo_Rococo__louise-elisabeth-vigee-le-brun_portrait-of-joseph-vernet-1778_to_Early_Renaissance.png,0.41744232,0.0,0.621032178401947,0.0
Rococo,Impressionism,Rococo__maurice-quentin-de-la-tour_study-for-portrait-of-mademoiselle-dangeville-1.jpg,images/Rococo_Rococo__maurice-quentin-de-la-tour_study-for-portrait-of-mademoiselle-dangeville-1_to_Impressionism.png,0.35159162,0.0,0.6915051341056824,0.0
Rococo,Impressionism,Rococo__antoine-pesne_carl-heinrich-graun.jpg,images/Rococo_Rococo__antoine-pesne_carl-heinrich-graun_to_Impressionism.png,0.33757895,0.0,0.6582434773445129,0.0
Rococo,Impressionism,Rococo__benjamin-west_self-portrait-1770.jpg,images/Rococo_Rococo__benjamin-west_self-portrait-1770_to_Impressionism.png,0.3779618,0.0,0.6700457334518433,0.0
Rococo,Impressionism,Rococo__louise-elisabeth-vigee-le-brun_portrait-of-joseph-vernet-1778.jpg,images/Rococo_Rococo__louise-elisabeth-vigee-le-brun_portrait-of-joseph-vernet-1778_to_Impressionism.png,0.42424256,0.0,0.5864653587341309,0.0
Rococo,Minimalism,Rococo__maurice-quentin-de-la-tour_study-for-portrait-of-mademoiselle-dangeville-1.jpg,images/Rococo_Rococo__maurice-quentin-de-la-tour_study-for-portrait-of-mademoiselle-dangeville-1_to_Minimalism.png,0.47306275,0.0,0.6573861241340637,0.0
Rococo,Minimalism,Rococo__antoine-pesne_carl-heinrich-graun.jpg,images/Rococo_Rococo__antoine-pesne_carl-heinrich-graun_to_Minimalism.png,0.46814254,0.0,0.6901668906211853,0.0
Rococo,Minimalism,Rococo__benjamin-west_self-portrait-1770.jpg,images/Rococo_Rococo__benjamin-west_self-portrait-1770_to_Minimalism.png,0.47831213,0.0,0.6339544653892517,0.0
Rococo,Minimalism,Rococo__louise-elisabeth-vigee-le-brun_portrait-of-joseph-vernet-1778.jpg,images/Rococo_Rococo__louise-elisabeth-vigee-le-brun_portrait-of-joseph-vernet-1778_to_Minimalism.png,0.51947546,0.0,0.6310142278671265,0.0
Rococo,Rococo,Rococo__maurice-quentin-de-la-tour_study-for-portrait-of-mademoiselle-dangeville-1.jpg,images/Rococo_Rococo__maurice-quentin-de-la-tour_study-for-portrait-of-mademoiselle-dangeville-1_to_Rococo.png,0.36805293,0.0,0.7960039973258972,0.0
Rococo,Rococo,Rococo__antoine-pesne_carl-heinrich-graun.jpg,images/Rococo_Rococo__antoine-pesne_carl-heinrich-graun_to_Rococo.png,0.34722555,0.0,0.8196185827255249,0.0
Rococo,Rococo,Rococo__benjamin-west_self-portrait-1770.jpg,images/Rococo_Rococo__benjamin-west_self-portrait-1770_to_Rococo.png,0.3836999,0.0,0.8246793150901794,0.0
Rococo,Rococo,Rococo__louise-elisabeth-vigee-le-brun_portrait-of-joseph-vernet-1778.jpg,images/Rococo_Rococo__louise-elisabeth-vigee-le-brun_portrait-of-joseph-vernet-1778_to_Rococo.png,0.42801556,0.0,0.8263874053955078,0.0
Rococo,Ukiyo_e,Rococo__maurice-quentin-de-la-tour_study-for-portrait-of-mademoiselle-dangeville-1.jpg,images/Rococo_Rococo__maurice-quentin-de-la-tour_study-for-portrait-of-mademoiselle-dangeville-1_to_Ukiyo_e.png,0.37780988,0.0,0.6012703776359558,0.0
Rococo,Ukiyo_e,Rococo__antoine-pesne_carl-heinrich-graun.jpg,images/Rococo_Rococo__antoine-pesne_carl-heinrich-graun_to_Ukiyo_e.png,0.34406585,0.0,0.6015214920043945,0.0
Rococo,Ukiyo_e,Rococo__benjamin-west_self-portrait-1770.jpg,images/Rococo_Rococo__benjamin-west_self-portrait-1770_to_Ukiyo_e.png,0.38289505,0.0,0.6700854897499084,0.0
Rococo,Ukiyo_e,Rococo__louise-elisabeth-vigee-le-brun_portrait-of-joseph-vernet-1778.jpg,images/Rococo_Rococo__louise-elisabeth-vigee-le-brun_portrait-of-joseph-vernet-1778_to_Ukiyo_e.png,0.43891624,0.0,0.5680739879608154,0.0
Ukiyo_e,Early_Renaissance,Ukiyo_e__utagawa-kunisada_not_detected_240381(1).jpg,images/Ukiyo_e_Ukiyo_e__utagawa-kunisada_not_detected_240381(1)_to_Early_Renaissance.png,0.38563025,0.0,0.7074108123779297,0.0
Ukiyo_e,Early_Renaissance,Ukiyo_e__tsukioka-yoshitoshi_not_detected_242419.jpg,images/Ukiyo_e_Ukiyo_e__tsukioka-yoshitoshi_not_detected_242419_to_Early_Renaissance.png,0.3552882,0.0,0.6381581425666809,0.0
Ukiyo_e,Early_Renaissance,Ukiyo_e__kitagawa-utamaro_upon-my-oath.jpg,images/Ukiyo_e_Ukiyo_e__kitagawa-utamaro_upon-my-oath_to_Early_Renaissance.png,0.28963697,0.0,0.6830312013626099,0.0
Ukiyo_e,Early_Renaissance,Ukiyo_e__utagawa-kuniyoshi_tamatori-being-pursued-bya-dragon.jpg,images/Ukiyo_e_Ukiyo_e__utagawa-kuniyoshi_tamatori-being-pursued-bya-dragon_to_Early_Renaissance.png,0.39959788,0.0,0.7483013272285461,0.0
Ukiyo_e,Impressionism,Ukiyo_e__utagawa-kunisada_not_detected_240381(1).jpg,images/Ukiyo_e_Ukiyo_e__utagawa-kunisada_not_detected_240381(1)_to_Impressionism.png,0.3858357,0.0,0.7289701700210571,0.0
Ukiyo_e,Impressionism,Ukiyo_e__tsukioka-yoshitoshi_not_detected_242419.jpg,images/Ukiyo_e_Ukiyo_e__tsukioka-yoshitoshi_not_detected_242419_to_Impressionism.png,0.35650092,0.0,0.6063716411590576,0.0
Ukiyo_e,Impressionism,Ukiyo_e__kitagawa-utamaro_upon-my-oath.jpg,images/Ukiyo_e_Ukiyo_e__kitagawa-utamaro_upon-my-oath_to_Impressionism.png,0.28789595,0.0,0.6974618434906006,0.0
Ukiyo_e,Impressionism,Ukiyo_e__utagawa-kuniyoshi_tamatori-being-pursued-bya-dragon.jpg,images/Ukiyo_e_Ukiyo_e__utagawa-kuniyoshi_tamatori-being-pursued-bya-dragon_to_Impressionism.png,0.39783534,0.0,0.7675474286079407,0.0
Ukiyo_e,Minimalism,Ukiyo_e__utagawa-kunisada_not_detected_240381(1).jpg,images/Ukiyo_e_Ukiyo_e__utagawa-kunisada_not_detected_240381(1)_to_Minimalism.png,0.4608401,0.0,0.7679707407951355,0.0
Ukiyo_e,Minimalism,Ukiyo_e__tsukioka-yoshitoshi_not_detected_242419.jpg,images/Ukiyo_e_Ukiyo_e__tsukioka-yoshitoshi_not_detected_242419_to_Minimalism.png,0.44144872,0.0,0.7763518691062927,0.0
Ukiyo_e,Minimalism,Ukiyo_e__kitagawa-utamaro_upon-my-oath.jpg,images/Ukiyo_e_Ukiyo_e__kitagawa-utamaro_upon-my-oath_to_Minimalism.png,0.36604938,0.0,0.7676912546157837,0.0
Ukiyo_e,Minimalism,Ukiyo_e__utagawa-kuniyoshi_tamatori-being-pursued-bya-dragon.jpg,images/Ukiyo_e_Ukiyo_e__utagawa-kuniyoshi_tamatori-being-pursued-bya-dragon_to_Minimalism.png,0.49915662,0.0,0.807063102722168,0.0
Ukiyo_e,Rococo,Ukiyo_e__utagawa-kunisada_not_detected_240381(1).jpg,images/Ukiyo_e_Ukiyo_e__utagawa-kunisada_not_detected_240381(1)_to_Rococo.png,0.40695044,0.0,0.7343416213989258,0.0
Ukiyo_e,Rococo,Ukiyo_e__tsukioka-yoshitoshi_not_detected_242419.jpg,images/Ukiyo_e_Ukiyo_e__tsukioka-yoshitoshi_not_detected_242419_to_Rococo.png,0.3642916,0.0,0.6600940227508545,0.0
Ukiyo_e,Rococo,Ukiyo_e__kitagawa-utamaro_upon-my-oath.jpg,images/Ukiyo_e_Ukiyo_e__kitagawa-utamaro_upon-my-oath_to_Rococo.png,0.311246,0.0,0.7229725122451782,0.0
Ukiyo_e,Rococo,Ukiyo_e__utagawa-kuniyoshi_tamatori-being-pursued-bya-dragon.jpg,images/Ukiyo_e_Ukiyo_e__utagawa-kuniyoshi_tamatori-being-pursued-bya-dragon_to_Rococo.png,0.41344196,0.0,0.6911709308624268,0.0
Ukiyo_e,Ukiyo_e,Ukiyo_e__utagawa-kunisada_not_detected_240381(1).jpg,images/Ukiyo_e_Ukiyo_e__utagawa-kunisada_not_detected_240381(1)_to_Ukiyo_e.png,0.39217722,0.0,0.9301398396492004,0.0
Ukiyo_e,Ukiyo_e,Ukiyo_e__tsukioka-yoshitoshi_not_detected_242419.jpg,images/Ukiyo_e_Ukiyo_e__tsukioka-yoshitoshi_not_detected_242419_to_Ukiyo_e.png,0.35880694,0.0,0.7419900298118591,0.0
Ukiyo_e,Ukiyo_e,Ukiyo_e__kitagawa-utamaro_upon-my-oath.jpg,images/Ukiyo_e_Ukiyo_e__kitagawa-utamaro_upon-my-oath_to_Ukiyo_e.png,0.29391566,0.0,0.8934253454208374,0.0
Ukiyo_e,Ukiyo_e,Ukiyo_e__utagawa-kuniyoshi_tamatori-being-pursued-bya-dragon.jpg,images/Ukiyo_e_Ukiyo_e__utagawa-kuniyoshi_tamatori-being-pursued-bya-dragon_to_Ukiyo_e.png,0.40892947,0.0,0.8502089381217957,0.0
Ukiyo_e,Early_Renaissance,Ukiyo_e__utagawa-kuniyoshi_a-record-of-origins-of-the-great-country-of-japan.jpg,images/Ukiyo_e_Ukiyo_e__utagawa-kuniyoshi_a-record-of-origins-of-the-great-country-of-japan_to_Early_Renaissance.png,0.33414048,0.0,0.7610567212104797,0.0
Ukiyo_e,Early_Renaissance,Ukiyo_e__katsushika-hokusai_woman-looking-at-herself-in-a-mirror.jpg,images/Ukiyo_e_Ukiyo_e__katsushika-hokusai_woman-looking-at-herself-in-a-mirror_to_Early_Renaissance.png,0.3520888,0.0,0.6975504755973816,0.0
Ukiyo_e,Early_Renaissance,Ukiyo_e__katsushika-hokusai_ono-shindon-in-the-suraga-province.jpg,images/Ukiyo_e_Ukiyo_e__katsushika-hokusai_ono-shindon-in-the-suraga-province_to_Early_Renaissance.png,0.32086158,0.0,0.6884059906005859,0.0
Ukiyo_e,Early_Renaissance,Ukiyo_e__ogata-gekko_nihon-hana-zue-1896.jpg,images/Ukiyo_e_Ukiyo_e__ogata-gekko_nihon-hana-zue-1896_to_Early_Renaissance.png,0.35601214,0.0,0.6854782700538635,0.0
Ukiyo_e,Impressionism,Ukiyo_e__utagawa-kuniyoshi_a-record-of-origins-of-the-great-country-of-japan.jpg,images/Ukiyo_e_Ukiyo_e__utagawa-kuniyoshi_a-record-of-origins-of-the-great-country-of-japan_to_Impressionism.png,0.32318765,0.0,0.718900203704834,0.0
Ukiyo_e,Impressionism,Ukiyo_e__katsushika-hokusai_woman-looking-at-herself-in-a-mirror.jpg,images/Ukiyo_e_Ukiyo_e__katsushika-hokusai_woman-looking-at-herself-in-a-mirror_to_Impressionism.png,0.34566966,0.0,0.6926726698875427,0.0
Ukiyo_e,Impressionism,Ukiyo_e__katsushika-hokusai_ono-shindon-in-the-suraga-province.jpg,images/Ukiyo_e_Ukiyo_e__katsushika-hokusai_ono-shindon-in-the-suraga-province_to_Impressionism.png,0.31632328,0.0,0.6800622940063477,0.0
Ukiyo_e,Impressionism,Ukiyo_e__ogata-gekko_nihon-hana-zue-1896.jpg,images/Ukiyo_e_Ukiyo_e__ogata-gekko_nihon-hana-zue-1896_to_Impressionism.png,0.3424679,0.0,0.7209837436676025,0.0
Ukiyo_e,Minimalism,Ukiyo_e__utagawa-kuniyoshi_a-record-of-origins-of-the-great-country-of-japan.jpg,images/Ukiyo_e_Ukiyo_e__utagawa-kuniyoshi_a-record-of-origins-of-the-great-country-of-japan_to_Minimalism.png,0.42709637,0.0,0.8203504681587219,0.0
Ukiyo_e,Minimalism,Ukiyo_e__katsushika-hokusai_woman-looking-at-herself-in-a-mirror.jpg,images/Ukiyo_e_Ukiyo_e__katsushika-hokusai_woman-looking-at-herself-in-a-mirror_to_Minimalism.png,0.4721464,0.0,0.8681505918502808,0.0
Ukiyo_e,Minimalism,Ukiyo_e__katsushika-hokusai_ono-shindon-in-the-suraga-province.jpg,images/Ukiyo_e_Ukiyo_e__katsushika-hokusai_ono-shindon-in-the-suraga-province_to_Minimalism.png,0.42861348,0.0,0.7637535929679871,0.0
Ukiyo_e,Minimalism,Ukiyo_e__ogata-gekko_nihon-hana-zue-1896.jpg,images/Ukiyo_e_Ukiyo_e__ogata-gekko_nihon-hana-zue-1896_to_Minimalism.png,0.4185583,0.0,0.8518348336219788,0.0
Ukiyo_e,Rococo,Ukiyo_e__utagawa-kuniyoshi_a-record-of-origins-of-the-great-country-of-japan.jpg,images/Ukiyo_e_Ukiyo_e__utagawa-kuniyoshi_a-record-of-origins-of-the-great-country-of-japan_to_Rococo.png,0.34632003,0.0,0.7249679565429688,0.0
Ukiyo_e,Rococo,Ukiyo_e__katsushika-hokusai_woman-looking-at-herself-in-a-mirror.jpg,images/Ukiyo_e_Ukiyo_e__katsushika-hokusai_woman-looking-at-herself-in-a-mirror_to_Rococo.png,0.36680174,0.0,0.6597036719322205,0.0
Ukiyo_e,Rococo,Ukiyo_e__katsushika-hokusai_ono-shindon-in-the-suraga-province.jpg,images/Ukiyo_e_Ukiyo_e__katsushika-hokusai_ono-shindon-in-the-suraga-province_to_Rococo.png,0.33972424,0.0,0.5830827951431274,0.0
Ukiyo_e,Rococo,Ukiyo_e__ogata-gekko_nihon-hana-zue-1896.jpg,images/Ukiyo_e_Ukiyo_e__ogata-gekko_nihon-hana-zue-1896_to_Rococo.png,0.36171055,0.0,0.7016538381576538,0.0
Ukiyo_e,Ukiyo_e,Ukiyo_e__utagawa-kuniyoshi_a-record-of-origins-of-the-great-country-of-japan.jpg,images/Ukiyo_e_Ukiyo_e__utagawa-kuniyoshi_a-record-of-origins-of-the-great-country-of-japan_to_Ukiyo_e.png,0.33078277,0.0,0.8001291751861572,0.0
Ukiyo_e,Ukiyo_e,Ukiyo_e__katsushika-hokusai_woman-looking-at-herself-in-a-mirror.jpg,images/Ukiyo_e_Ukiyo_e__katsushika-hokusai_woman-looking-at-herself-in-a-mirror_to_Ukiyo_e.png,0.36827785,0.0,0.7147810459136963,0.0
Ukiyo_e,Ukiyo_e,Ukiyo_e__katsushika-hokusai_ono-shindon-in-the-suraga-province.jpg,images/Ukiyo_e_Ukiyo_e__katsushika-hokusai_ono-shindon-in-the-suraga-province_to_Ukiyo_e.png,0.3299958,0.0,0.8513875603675842,0.0
Ukiyo_e,Ukiyo_e,Ukiyo_e__ogata-gekko_nihon-hana-zue-1896.jpg,images/Ukiyo_e_Ukiyo_e__ogata-gekko_nihon-hana-zue-1896_to_Ukiyo_e.png,0.3490398,0.0,0.8806114196777344,0.0
Ukiyo_e,Early_Renaissance,Ukiyo_e__kitagawa-utamaro_yama-uba-and-kintaro-1.jpg,images/Ukiyo_e_Ukiyo_e__kitagawa-utamaro_yama-uba-and-kintaro-1_to_Early_Renaissance.png,0.3339212,0.0,0.5984168648719788,0.0
Ukiyo_e,Early_Renaissance,Ukiyo_e__utagawa-kunisada-ii_oichi-from-the-beauties-of-tokyo-series.jpg,images/Ukiyo_e_Ukiyo_e__utagawa-kunisada-ii_oichi-from-the-beauties-of-tokyo-series_to_Early_Renaissance.png,0.36663043,0.0,0.6999545693397522,0.0
Ukiyo_e,Early_Renaissance,Ukiyo_e__kitagawa-utamaro_the-hour-of-the-horse.jpg,images/Ukiyo_e_Ukiyo_e__kitagawa-utamaro_the-hour-of-the-horse_to_Early_Renaissance.png,0.3478455,0.0,0.6753582954406738,0.0
Ukiyo_e,Early_Renaissance,Ukiyo_e__utagawa-kuniyoshi_kuzunoha.jpg,images/Ukiyo_e_Ukiyo_e__utagawa-kuniyoshi_kuzunoha_to_Early_Renaissance.png,0.33748487,0.0,0.7009873390197754,0.0
Ukiyo_e,Impressionism,Ukiyo_e__kitagawa-utamaro_yama-uba-and-kintaro-1.jpg,images/Ukiyo_e_Ukiyo_e__kitagawa-utamaro_yama-uba-and-kintaro-1_to_Impressionism.png,0.31840962,0.0,0.6467524170875549,0.0
Ukiyo_e,Impressionism,Ukiyo_e__utagawa-kunisada-ii_oichi-from-the-beauties-of-tokyo-series.jpg,images/Ukiyo_e_Ukiyo_e__utagawa-kunisada-ii_oichi-from-the-beauties-of-tokyo-series_to_Impressionism.png,0.37273073,0.0,0.7270163297653198,0.0
Ukiyo_e,Impressionism,Ukiyo_e__kitagawa-utamaro_the-hour-of-the-horse.jpg,images/Ukiyo_e_Ukiyo_e__kitagawa-utamaro_the-hour-of-the-horse_to_Impressionism.png,0.356803,0.0,0.6348620653152466,0.0
Ukiyo_e,Impressionism,Ukiyo_e__utagawa-kuniyoshi_kuzunoha.jpg,images/Ukiyo_e_Ukiyo_e__utagawa-kuniyoshi_kuzunoha_to_Impressionism.png,0.33401144,0.0,0.7084417343139648,0.0
Ukiyo_e,Minimalism,Ukiyo_e__kitagawa-utamaro_yama-uba-and-kintaro-1.jpg,images/Ukiyo_e_Ukiyo_e__kitagawa-utamaro_yama-uba-and-kintaro-1_to_Minimalism.png,0.35815775,0.0,0.7323309779167175,0.0
Ukiyo_e,Minimalism,Ukiyo_e__utagawa-kunisada-ii_oichi-from-the-beauties-of-tokyo-series.jpg,images/Ukiyo_e_Ukiyo_e__utagawa-kunisada-ii_oichi-from-the-beauties-of-tokyo-series_to_Minimalism.png,0.46871227,0.0,0.7885299324989319,0.0
Ukiyo_e,Minimalism,Ukiyo_e__kitagawa-utamaro_the-hour-of-the-horse.jpg,images/Ukiyo_e_Ukiyo_e__kitagawa-utamaro_the-hour-of-the-horse_to_Minimalism.png,0.45188355,0.0,0.7420203685760498,0.0
Ukiyo_e,Minimalism,Ukiyo_e__utagawa-kuniyoshi_kuzunoha.jpg,images/Ukiyo_e_Ukiyo_e__utagawa-kuniyoshi_kuzunoha_to_Minimalism.png,0.41933662,0.0,0.8078594207763672,0.0
Ukiyo_e,Rococo,Ukiyo_e__kitagawa-utamaro_yama-uba-and-kintaro-1.jpg,images/Ukiyo_e_Ukiyo_e__kitagawa-utamaro_yama-uba-and-kintaro-1_to_Rococo.png,0.35000908,0.0,0.599541962146759,0.0
Ukiyo_e,Rococo,Ukiyo_e__utagawa-kunisada-ii_oichi-from-the-beauties-of-tokyo-series.jpg,images/Ukiyo_e_Ukiyo_e__utagawa-kunisada-ii_oichi-from-the-beauties-of-tokyo-series_to_Rococo.png,0.38068494,0.0,0.6897337436676025,0.0
Ukiyo_e,Rococo,Ukiyo_e__kitagawa-utamaro_the-hour-of-the-horse.jpg,images/Ukiyo_e_Ukiyo_e__kitagawa-utamaro_the-hour-of-the-horse_to_Rococo.png,0.37324068,0.0,0.696841835975647,0.0
Ukiyo_e,Rococo,Ukiyo_e__utagawa-kuniyoshi_kuzunoha.jpg,images/Ukiyo_e_Ukiyo_e__utagawa-kuniyoshi_kuzunoha_to_Rococo.png,0.33982533,0.0,0.6397911310195923,0.0
Ukiyo_e,Ukiyo_e,Ukiyo_e__kitagawa-utamaro_yama-uba-and-kintaro-1.jpg,images/Ukiyo_e_Ukiyo_e__kitagawa-utamaro_yama-uba-and-kintaro-1_to_Ukiyo_e.png,0.30890736,0.0,0.6991798281669617,0.0
Ukiyo_e,Ukiyo_e,Ukiyo_e__utagawa-kunisada-ii_oichi-from-the-beauties-of-tokyo-series.jpg,images/Ukiyo_e_Ukiyo_e__utagawa-kunisada-ii_oichi-from-the-beauties-of-tokyo-series_to_Ukiyo_e.png,0.38701546,0.0,0.8645715117454529,0.0
Ukiyo_e,Ukiyo_e,Ukiyo_e__kitagawa-utamaro_the-hour-of-the-horse.jpg,images/Ukiyo_e_Ukiyo_e__kitagawa-utamaro_the-hour-of-the-horse_to_Ukiyo_e.png,0.35224026,0.0,0.8241289854049683,0.0
Ukiyo_e,Ukiyo_e,Ukiyo_e__utagawa-kuniyoshi_kuzunoha.jpg,images/Ukiyo_e_Ukiyo_e__utagawa-kuniyoshi_kuzunoha_to_Ukiyo_e.png,0.34061155,0.0,0.8476859331130981,0.0
Ukiyo_e,Early_Renaissance,Ukiyo_e__utagawa-toyokuni_the-heian-courtier.jpg,images/Ukiyo_e_Ukiyo_e__utagawa-toyokuni_the-heian-courtier_to_Early_Renaissance.png,0.34197283,0.0,0.6168369054794312,0.0
Ukiyo_e,Early_Renaissance,Ukiyo_e__utagawa-kuniyoshi_a-man-confronted-with-an-apparition-of-the-fox-goddess.jpg,images/Ukiyo_e_Ukiyo_e__utagawa-kuniyoshi_a-man-confronted-with-an-apparition-of-the-fox-goddess_to_Early_Renaissance.png,0.38544416,0.0,0.6817930340766907,0.0
Ukiyo_e,Early_Renaissance,Ukiyo_e__utagawa-kunisada_not_detected_240333.jpg,images/Ukiyo_e_Ukiyo_e__utagawa-kunisada_not_detected_240333_to_Early_Renaissance.png,0.370075,0.0,0.6997469663619995,0.0
Ukiyo_e,Early_Renaissance,Ukiyo_e__utagawa-kuniyoshi_tsuchigumo.jpg,images/Ukiyo_e_Ukiyo_e__utagawa-kuniyoshi_tsuchigumo_to_Early_Renaissance.png,0.40055048,0.0,0.7375962734222412,0.0
Ukiyo_e,Impressionism,Ukiyo_e__utagawa-toyokuni_the-heian-courtier.jpg,images/Ukiyo_e_Ukiyo_e__utagawa-toyokuni_the-heian-courtier_to_Impressionism.png,0.32634705,0.0,0.6768449544906616,0.0
Ukiyo_e,Impressionism,Ukiyo_e__utagawa-kuniyoshi_a-man-confronted-with-an-apparition-of-the-fox-goddess.jpg,images/Ukiyo_e_Ukiyo_e__utagawa-kuniyoshi_a-man-confronted-with-an-apparition-of-the-fox-goddess_to_Impressionism.png,0.37846595,0.0,0.6910432577133179,0.0
Ukiyo_e,Impressionism,Ukiyo_e__utagawa-kunisada_not_detected_240333.jpg,images/Ukiyo_e_Ukiyo_e__utagawa-kunisada_not_detected_240333_to_Impressionism.png,0.36728895,0.0,0.7146570682525635,0.0
Ukiyo_e,Impressionism,Ukiyo_e__utagawa-kuniyoshi_tsuchigumo.jpg,images/Ukiyo_e_Ukiyo_e__utagawa-kuniyoshi_tsuchigumo_to_Impressionism.png,0.39977217,0.0,0.7661023139953613,0.0
Ukiyo_e,Minimalism,Ukiyo_e__utagawa-toyokuni_the-heian-courtier.jpg,images/Ukiyo_e_Ukiyo_e__utagawa-toyokuni_the-heian-courtier_to_Minimalism.png,0.42860147,0.0,0.7095159888267517,0.0
Ukiyo_e,Minimalism,Ukiyo_e__utagawa-kuniyoshi_a-man-confronted-with-an-apparition-of-the-fox-goddess.jpg,images/Ukiyo_e_Ukiyo_e__utagawa-kuniyoshi_a-man-confronted-with-an-apparition-of-the-fox-goddess_to_Minimalism.png,0.50300086,0.0,0.7146417498588562,0.0
Ukiyo_e,Minimalism,Ukiyo_e__utagawa-kunisada_not_detected_240333.jpg,images/Ukiyo_e_Ukiyo_e__utagawa-kunisada_not_detected_240333_to_Minimalism.png,0.46524066,0.0,0.8262730836868286,0.0
Ukiyo_e,Minimalism,Ukiyo_e__utagawa-kuniyoshi_tsuchigumo.jpg,images/Ukiyo_e_Ukiyo_e__utagawa-kuniyoshi_tsuchigumo_to_Minimalism.png,0.5166098,0.0,0.8605391383171082,0.0
Ukiyo_e,Rococo,Ukiyo_e__utagawa-toyokuni_the-heian-courtier.jpg,images/Ukiyo_e_Ukiyo_e__utagawa-toyokuni_the-heian-courtier_to_Rococo.png,0.35381564,0.0,0.6066516637802124,0.0
Ukiyo_e,Rococo,Ukiyo_e__utagawa-kuniyoshi_a-man-confronted-with-an-apparition-of-the-fox-goddess.jpg,images/Ukiyo_e_Ukiyo_e__utagawa-kuniyoshi_a-man-confronted-with-an-apparition-of-the-fox-goddess_to_Rococo.png,0.40300214,0.0,0.6105127334594727,0.0
Ukiyo_e,Rococo,Ukiyo_e__utagawa-kunisada_not_detected_240333.jpg,images/Ukiyo_e_Ukiyo_e__utagawa-kunisada_not_detected_240333_to_Rococo.png,0.39073318,0.0,0.6545490026473999,0.0
Ukiyo_e,Rococo,Ukiyo_e__utagawa-kuniyoshi_tsuchigumo.jpg,images/Ukiyo_e_Ukiyo_e__utagawa-kuniyoshi_tsuchigumo_to_Rococo.png,0.41845673,0.0,0.6791568994522095,0.0
Ukiyo_e,Ukiyo_e,Ukiyo_e__utagawa-toyokuni_the-heian-courtier.jpg,images/Ukiyo_e_Ukiyo_e__utagawa-toyokuni_the-heian-courtier_to_Ukiyo_e.png,0.3313891,0.0,0.7883790731430054,0.0
Ukiyo_e,Ukiyo_e,Ukiyo_e__utagawa-kuniyoshi_a-man-confronted-with-an-apparition-of-the-fox-goddess.jpg,images/Ukiyo_e_Ukiyo_e__utagawa-kuniyoshi_a-man-confronted-with-an-apparition-of-the-fox-goddess_to_Ukiyo_e.png,0.40173718,0.0,0.8708322644233704,0.0
Ukiyo_e,Ukiyo_e,Ukiyo_e__utagawa-kunisada_not_detected_240333.jpg,images/Ukiyo_e_Ukiyo_e__utagawa-kunisada_not_detected_240333_to_Ukiyo_e.png,0.3687931,0.0,0.8320484757423401,0.0
Ukiyo_e,Ukiyo_e,Ukiyo_e__utagawa-kuniyoshi_tsuchigumo.jpg,images/Ukiyo_e_Ukiyo_e__utagawa-kuniyoshi_tsuchigumo_to_Ukiyo_e.png,0.40054095,0.0,0.8078237771987915,0.0
Ukiyo_e,Early_Renaissance,Ukiyo_e__hiroshige_oiso-toraga-ame-shower-1835.jpg,images/Ukiyo_e_Ukiyo_e__hiroshige_oiso-toraga-ame-shower-1835_to_Early_Renaissance.png,0.32953757,0.0,0.6202061772346497,0.0
Ukiyo_e,Early_Renaissance,Ukiyo_e__ogata-gekko_print-from-series-women-s-customs-and-manners-1895-1.jpg,images/Ukiyo_e_Ukiyo_e__ogata-gekko_print-from-series-women-s-customs-and-manners-1895-1_to_Early_Renaissance.png,0.3289026,0.0,0.6204168796539307,0.0
Ukiyo_e,Early_Renaissance,Ukiyo_e__utagawa-kunisada_not_detected_240353.jpg,images/Ukiyo_e_Ukiyo_e__utagawa-kunisada_not_detected_240353_to_Early_Renaissance.png,0.39115518,0.0,0.715823769569397,0.0
Ukiyo_e,Early_Renaissance,Ukiyo_e__katsushika-hokusai_cargo-ship-and-wave.jpg,images/Ukiyo_e_Ukiyo_e__katsushika-hokusai_cargo-ship-and-wave_to_Early_Renaissance.png,0.28546447,0.0,0.6519510746002197,0.0
Ukiyo_e,Impressionism,Ukiyo_e__hiroshige_oiso-toraga-ame-shower-1835.jpg,images/Ukiyo_e_Ukiyo_e__hiroshige_oiso-toraga-ame-shower-1835_to_Impressionism.png,0.33028913,0.0,0.7407239079475403,0.0
Ukiyo_e,Impressionism,Ukiyo_e__ogata-gekko_print-from-series-women-s-customs-and-manners-1895-1.jpg,images/Ukiyo_e_Ukiyo_e__ogata-gekko_print-from-series-women-s-customs-and-manners-1895-1_to_Impressionism.png,0.30892798,0.0,0.709113359451294,0.0
Ukiyo_e,Impressionism,Ukiyo_e__utagawa-kunisada_not_detected_240353.jpg,images/Ukiyo_e_Ukiyo_e__utagawa-kunisada_not_detected_240353_to_Impressionism.png,0.39575496,0.0,0.7104027271270752,0.0
Ukiyo_e,Impressionism,Ukiyo_e__katsushika-hokusai_cargo-ship-and-wave.jpg,images/Ukiyo_e_Ukiyo_e__katsushika-hokusai_cargo-ship-and-wave_to_Impressionism.png,0.28871268,0.0,0.6640880703926086,0.0
Ukiyo_e,Minimalism,Ukiyo_e__hiroshige_oiso-toraga-ame-shower-1835.jpg,images/Ukiyo_e_Ukiyo_e__hiroshige_oiso-toraga-ame-shower-1835_to_Minimalism.png,0.4538502,0.0,0.7965794801712036,0.0
Ukiyo_e,Minimalism,Ukiyo_e__ogata-gekko_print-from-series-women-s-customs-and-manners-1895-1.jpg,images/Ukiyo_e_Ukiyo_e__ogata-gekko_print-from-series-women-s-customs-and-manners-1895-1_to_Minimalism.png,0.4076314,0.0,0.7656760811805725,0.0
Ukiyo_e,Minimalism,Ukiyo_e__utagawa-kunisada_not_detected_240353.jpg,images/Ukiyo_e_Ukiyo_e__utagawa-kunisada_not_detected_240353_to_Minimalism.png,0.48840028,0.0,0.6907146573066711,0.0
Ukiyo_e,Minimalism,Ukiyo_e__katsushika-hokusai_cargo-ship-and-wave.jpg,images/Ukiyo_e_Ukiyo_e__katsushika-hokusai_cargo-ship-and-wave_to_Minimalism.png,0.3942185,0.0,0.7605419158935547,0.0
Ukiyo_e,Rococo,Ukiyo_e__hiroshige_oiso-toraga-ame-shower-1835.jpg,images/Ukiyo_e_Ukiyo_e__hiroshige_oiso-toraga-ame-shower-1835_to_Rococo.png,0.34077078,0.0,0.6590932607650757,0.0
Ukiyo_e,Rococo,Ukiyo_e__ogata-gekko_print-from-series-women-s-customs-and-manners-1895-1.jpg,images/Ukiyo_e_Ukiyo_e__ogata-gekko_print-from-series-women-s-customs-and-manners-1895-1_to_Rococo.png,0.3249577,0.0,0.6080026626586914,0.0
Ukiyo_e,Rococo,Ukiyo_e__utagawa-kunisada_not_detected_240353.jpg,images/Ukiyo_e_Ukiyo_e__utagawa-kunisada_not_detected_240353_to_Rococo.png,0.41534123,0.0,0.7187536954879761,0.0
Ukiyo_e,Rococo,Ukiyo_e__katsushika-hokusai_cargo-ship-and-wave.jpg,images/Ukiyo_e_Ukiyo_e__katsushika-hokusai_cargo-ship-and-wave_to_Rococo.png,0.31945544,0.0,0.6179148554801941,0.0
Ukiyo_e,Ukiyo_e,Ukiyo_e__hiroshige_oiso-toraga-ame-shower-1835.jpg,images/Ukiyo_e_Ukiyo_e__hiroshige_oiso-toraga-ame-shower-1835_to_Ukiyo_e.png,0.33742696,0.0,0.7979548573493958,0.0
Ukiyo_e,Ukiyo_e,Ukiyo_e__ogata-gekko_print-from-series-women-s-customs-and-manners-1895-1.jpg,images/Ukiyo_e_Ukiyo_e__ogata-gekko_print-from-series-women-s-customs-and-manners-1895-1_to_Ukiyo_e.png,0.3294391,0.0,0.8375647664070129,0.0
Ukiyo_e,Ukiyo_e,Ukiyo_e__utagawa-kunisada_not_detected_240353.jpg,images/Ukiyo_e_Ukiyo_e__utagawa-kunisada_not_detected_240353_to_Ukiyo_e.png,0.39993393,0.0,0.8336498141288757,0.0
Ukiyo_e,Ukiyo_e,Ukiyo_e__katsushika-hokusai_cargo-ship-and-wave.jpg,images/Ukiyo_e_Ukiyo_e__katsushika-hokusai_cargo-ship-and-wave_to_Ukiyo_e.png,0.291376,0.0,0.7134788036346436,0.0
Ukiyo_e,Early_Renaissance,Ukiyo_e__utagawa-kunisada_not_detected_240347.jpg,images/Ukiyo_e_Ukiyo_e__utagawa-kunisada_not_detected_240347_to_Early_Renaissance.png,0.3341858,0.0,0.6950024366378784,0.0
Ukiyo_e,Early_Renaissance,Ukiyo_e__utagawa-kuniyoshi_woman-seated-under-a-cherry-blossoms.jpg,images/Ukiyo_e_Ukiyo_e__utagawa-kuniyoshi_woman-seated-under-a-cherry-blossoms_to_Early_Renaissance.png,0.3350271,0.0,0.6957683563232422,0.0
Ukiyo_e,Early_Renaissance,Ukiyo_e__katsushika-hokusai_fishing-in-the-river-kinu.jpg,images/Ukiyo_e_Ukiyo_e__katsushika-hokusai_fishing-in-the-river-kinu_to_Early_Renaissance.png,0.36233127,0.0,0.6944183111190796,0.0
Ukiyo_e,Early_Renaissance,Ukiyo_e__utagawa-kuniyoshi_ishiyakushi.jpg,images/Ukiyo_e_Ukiyo_e__utagawa-kuniyoshi_ishiyakushi_to_Early_Renaissance.png,0.3654099,0.0,0.6236363053321838,0.0
Ukiyo_e,Impressionism,Ukiyo_e__utagawa-kunisada_not_detected_240347.jpg,images/Ukiyo_e_Ukiyo_e__utagawa-kunisada_not_detected_240347_to_Impressionism.png,0.33444333,0.0,0.7788023948669434,0.0
Ukiyo_e,Impressionism,Ukiyo_e__utagawa-kuniyoshi_woman-seated-under-a-cherry-blossoms.jpg,images/Ukiyo_e_Ukiyo_e__utagawa-kuniyoshi_woman-seated-under-a-cherry-blossoms_to_Impressionism.png,0.3349595,0.0,0.6998893022537231,0.0
Ukiyo_e,Impressionism,Ukiyo_e__katsushika-hokusai_fishing-in-the-river-kinu.jpg,images/Ukiyo_e_Ukiyo_e__katsushika-hokusai_fishing-in-the-river-kinu_to_Impressionism.png,0.3505934,0.0,0.7414346933364868,0.0
Ukiyo_e,Impressionism,Ukiyo_e__utagawa-kuniyoshi_ishiyakushi.jpg,images/Ukiyo_e_Ukiyo_e__utagawa-kuniyoshi_ishiyakushi_to_Impressionism.png,0.3666815,0.0,0.6454516649246216,0.0
Ukiyo_e,Minimalism,Ukiyo_e__utagawa-kunisada_not_detected_240347.jpg,images/Ukiyo_e_Ukiyo_e__utagawa-kunisada_not_detected_240347_to_Minimalism.png,0.42471415,0.0,0.7998611927032471,0.0
Ukiyo_e,Minimalism,Ukiyo_e__utagawa-kuniyoshi_woman-seated-under-a-cherry-blossoms.jpg,images/Ukiyo_e_Ukiyo_e__utagawa-kuniyoshi_woman-seated-under-a-cherry-blossoms_to_Minimalism.png,0.4352504,0.0,0.7690958976745605,0.0
Ukiyo_e,Minimalism,Ukiyo_e__katsushika-hokusai_fishing-in-the-river-kinu.jpg,images/Ukiyo_e_Ukiyo_e__katsushika-hokusai_fishing-in-the-river-kinu_to_Minimalism.png,0.4699905,0.0,0.7748161554336548,0.0
Ukiyo_e,Minimalism,Ukiyo_e__utagawa-kuniyoshi_ishiyakushi.jpg,images/Ukiyo_e_Ukiyo_e__utagawa-kuniyoshi_ishiyakushi_to_Minimalism.png,0.48722562,0.0,0.7105534672737122,0.0
Ukiyo_e,Rococo,Ukiyo_e__utagawa-kunisada_not_detected_240347.jpg,images/Ukiyo_e_Ukiyo_e__utagawa-kunisada_not_detected_240347_to_Rococo.png,0.35332096,0.0,0.64493727684021,0.0
Ukiyo_e,Rococo,Ukiyo_e__utagawa-kuniyoshi_woman-seated-under-a-cherry-blossoms.jpg,images/Ukiyo_e_Ukiyo_e__utagawa-kuniyoshi_woman-seated-under-a-cherry-blossoms_to_Rococo.png,0.35465994,0.0,0.6697719097137451,0.0
Ukiyo_e,Rococo,Ukiyo_e__katsushika-hokusai_fishing-in-the-river-kinu.jpg,images/Ukiyo_e_Ukiyo_e__katsushika-hokusai_fishing-in-the-river-kinu_to_Rococo.png,0.3719437,0.0,0.6777268052101135,0.0
Ukiyo_e,Rococo,Ukiyo_e__utagawa-kuniyoshi_ishiyakushi.jpg,images/Ukiyo_e_Ukiyo_e__utagawa-kuniyoshi_ishiyakushi_to_Rococo.png,0.3702361,0.0,0.5986416339874268,0.0
Ukiyo_e,Ukiyo_e,Ukiyo_e__utagawa-kunisada_not_detected_240347.jpg,images/Ukiyo_e_Ukiyo_e__utagawa-kunisada_not_detected_240347_to_Ukiyo_e.png,0.33383822,0.0,0.8809980154037476,0.0
Ukiyo_e,Ukiyo_e,Ukiyo_e__utagawa-kuniyoshi_woman-seated-under-a-cherry-blossoms.jpg,images/Ukiyo_e_Ukiyo_e__utagawa-kuniyoshi_woman-seated-under-a-cherry-blossoms_to_Ukiyo_e.png,0.3369691,0.0,0.857245147228241,0.0
Ukiyo_e,Ukiyo_e,Ukiyo_e__katsushika-hokusai_fishing-in-the-river-kinu.jpg,images/Ukiyo_e_Ukiyo_e__katsushika-hokusai_fishing-in-the-river-kinu_to_Ukiyo_e.png,0.3579529,0.0,0.816206693649292,0.0
Ukiyo_e,Ukiyo_e,Ukiyo_e__utagawa-kuniyoshi_ishiyakushi.jpg,images/Ukiyo_e_Ukiyo_e__utagawa-kuniyoshi_ishiyakushi_to_Ukiyo_e.png,0.385571,0.0,0.8261728286743164,0.0
Ukiyo_e,Early_Renaissance,Ukiyo_e__keisai-eisen_the-courtesan-kaoru-of-owariya-matched-with-okitsu-1825(1).jpg,images/Ukiyo_e_Ukiyo_e__keisai-eisen_the-courtesan-kaoru-of-owariya-matched-with-okitsu-1825(1)_to_Early_Renaissance.png,0.34526646,0.0,0.6860725283622742,0.0
Ukiyo_e,Early_Renaissance,Ukiyo_e__keisai-eisen_yabai-with-two-women-1840.jpg,images/Ukiyo_e_Ukiyo_e__keisai-eisen_yabai-with-two-women-1840_to_Early_Renaissance.png,0.32237393,0.0,0.7129778861999512,0.0
Ukiyo_e,Early_Renaissance,Ukiyo_e__utagawa-kuniyoshi_high-noon-at-kasumigaseki.jpg,images/Ukiyo_e_Ukiyo_e__utagawa-kuniyoshi_high-noon-at-kasumigaseki_to_Early_Renaissance.png,0.3386582,0.0,0.6192975044250488,0.0
Ukiyo_e,Early_Renaissance,Ukiyo_e__hiroshige_hakone-kosuizu.jpg,images/Ukiyo_e_Ukiyo_e__hiroshige_hakone-kosuizu_to_Early_Renaissance.png,0.32769868,0.0,0.7036997675895691,0.0
Ukiyo_e,Impressionism,Ukiyo_e__keisai-eisen_the-courtesan-kaoru-of-owariya-matched-with-okitsu-1825(1).jpg,images/Ukiyo_e_Ukiyo_e__keisai-eisen_the-courtesan-kaoru-of-owariya-matched-with-okitsu-1825(1)_to_Impressionism.png,0.3469258,0.0,0.6907881498336792,0.0
Ukiyo_e,Impressionism,Ukiyo_e__keisai-eisen_yabai-with-two-women-1840.jpg,images/Ukiyo_e_Ukiyo_e__keisai-eisen_yabai-with-two-women-1840_to_Impressionism.png,0.31351364,0.0,0.713706374168396,0.0
Ukiyo_e,Impressionism,Ukiyo_e__utagawa-kuniyoshi_high-noon-at-kasumigaseki.jpg,images/Ukiyo_e_Ukiyo_e__utagawa-kuniyoshi_high-noon-at-kasumigaseki_to_Impressionism.png,0.33754796,0.0,0.6323631405830383,0.0
Ukiyo_e,Impressionism,Ukiyo_e__hiroshige_hakone-kosuizu.jpg,images/Ukiyo_e_Ukiyo_e__hiroshige_hakone-kosuizu_to_Impressionism.png,0.3270403,0.0,0.7145299911499023,0.0
Ukiyo_e,Minimalism,Ukiyo_e__keisai-eisen_the-courtesan-kaoru-of-owariya-matched-with-okitsu-1825(1).jpg,images/Ukiyo_e_Ukiyo_e__keisai-eisen_the-courtesan-kaoru-of-owariya-matched-with-okitsu-1825(1)_to_Minimalism.png,0.4415294,0.0,0.7300906777381897,0.0
Ukiyo_e,Minimalism,Ukiyo_e__keisai-eisen_yabai-with-two-women-1840.jpg,images/Ukiyo_e_Ukiyo_e__keisai-eisen_yabai-with-two-women-1840_to_Minimalism.png,0.45021817,0.0,0.818618893623352,0.0
Ukiyo_e,Minimalism,Ukiyo_e__utagawa-kuniyoshi_high-noon-at-kasumigaseki.jpg,images/Ukiyo_e_Ukiyo_e__utagawa-kuniyoshi_high-noon-at-kasumigaseki_to_Minimalism.png,0.43532184,0.0,0.7963841557502747,0.0
Ukiyo_e,Minimalism,Ukiyo_e__hiroshige_hakone-kosuizu.jpg,images/Ukiyo_e_Ukiyo_e__hiroshige_hakone-kosuizu_to_Minimalism.png,0.42009127,0.0,0.8034479022026062,0.0
Ukiyo_e,Rococo,Ukiyo_e__keisai-eisen_the-courtesan-kaoru-of-owariya-matched-with-okitsu-1825(1).jpg,images/Ukiyo_e_Ukiyo_e__keisai-eisen_the-courtesan-kaoru-of-owariya-matched-with-okitsu-1825(1)_to_Rococo.png,0.36421707,0.0,0.6552502512931824,0.0
Ukiyo_e,Rococo,Ukiyo_e__keisai-eisen_yabai-with-two-women-1840.jpg,images/Ukiyo_e_Ukiyo_e__keisai-eisen_yabai-with-two-women-1840_to_Rococo.png,0.33634892,0.0,0.7105710506439209,0.0
Ukiyo_e,Rococo,Ukiyo_e__utagawa-kuniyoshi_high-noon-at-kasumigaseki.jpg,images/Ukiyo_e_Ukiyo_e__utagawa-kuniyoshi_high-noon-at-kasumigaseki_to_Rococo.png,0.33486348,0.0,0.6720584630966187,0.0
Ukiyo_e,Rococo,Ukiyo_e__hiroshige_hakone-kosuizu.jpg,images/Ukiyo_e_Ukiyo_e__hiroshige_hakone-kosuizu_to_Rococo.png,0.34527326,0.0,0.5929678678512573,0.0
Ukiyo_e,Ukiyo_e,Ukiyo_e__keisai-eisen_the-courtesan-kaoru-of-owariya-matched-with-okitsu-1825(1).jpg,images/Ukiyo_e_Ukiyo_e__keisai-eisen_the-courtesan-kaoru-of-owariya-matched-with-okitsu-1825(1)_to_Ukiyo_e.png,0.3406089,0.0,0.891576886177063,0.0
Ukiyo_e,Ukiyo_e,Ukiyo_e__keisai-eisen_yabai-with-two-women-1840.jpg,images/Ukiyo_e_Ukiyo_e__keisai-eisen_yabai-with-two-women-1840_to_Ukiyo_e.png,0.33569464,0.0,0.8682355880737305,0.0
Ukiyo_e,Ukiyo_e,Ukiyo_e__utagawa-kuniyoshi_high-noon-at-kasumigaseki.jpg,images/Ukiyo_e_Ukiyo_e__utagawa-kuniyoshi_high-noon-at-kasumigaseki_to_Ukiyo_e.png,0.35470507,0.0,0.7063944935798645,0.0
Ukiyo_e,Ukiyo_e,Ukiyo_e__hiroshige_hakone-kosuizu.jpg,images/Ukiyo_e_Ukiyo_e__hiroshige_hakone-kosuizu_to_Ukiyo_e.png,0.32667017,0.0,0.8722420930862427,0.0
Ukiyo_e,Early_Renaissance,Ukiyo_e__katsushika-hokusai_fishing-in-the-bay-uraga.jpg,images/Ukiyo_e_Ukiyo_e__katsushika-hokusai_fishing-in-the-bay-uraga_to_Early_Renaissance.png,0.3446691,0.0,0.6400561332702637,0.0
Ukiyo_e,Early_Renaissance,Ukiyo_e__utagawa-kunisada_the-actor.jpg,images/Ukiyo_e_Ukiyo_e__utagawa-kunisada_the-actor_to_Early_Renaissance.png,0.33384892,0.0,0.6994326114654541,0.0
Ukiyo_e,Impressionism,Ukiyo_e__katsushika-hokusai_fishing-in-the-bay-uraga.jpg,images/Ukiyo_e_Ukiyo_e__katsushika-hokusai_fishing-in-the-bay-uraga_to_Impressionism.png,0.33464843,0.0,0.7068741321563721,0.0
Ukiyo_e,Impressionism,Ukiyo_e__utagawa-kunisada_the-actor.jpg,images/Ukiyo_e_Ukiyo_e__utagawa-kunisada_the-actor_to_Impressionism.png,0.33879763,0.0,0.6685584783554077,0.0
Ukiyo_e,Minimalism,Ukiyo_e__katsushika-hokusai_fishing-in-the-bay-uraga.jpg,images/Ukiyo_e_Ukiyo_e__katsushika-hokusai_fishing-in-the-bay-uraga_to_Minimalism.png,0.46786934,0.0,0.7935003042221069,0.0
Ukiyo_e,Minimalism,Ukiyo_e__utagawa-kunisada_the-actor.jpg,images/Ukiyo_e_Ukiyo_e__utagawa-kunisada_the-actor_to_Minimalism.png,0.46382934,0.0,0.7623546719551086,0.0
Ukiyo_e,Rococo,Ukiyo_e__katsushika-hokusai_fishing-in-the-bay-uraga.jpg,images/Ukiyo_e_Ukiyo_e__katsushika-hokusai_fishing-in-the-bay-uraga_to_Rococo.png,0.3605584,0.0,0.6601063013076782,0.0
Ukiyo_e,Rococo,Ukiyo_e__utagawa-kunisada_the-actor.jpg,images/Ukiyo_e_Ukiyo_e__utagawa-kunisada_the-actor_to_Rococo.png,0.35263264,0.0,0.5995932817459106,0.0
Ukiyo_e,Ukiyo_e,Ukiyo_e__katsushika-hokusai_fishing-in-the-bay-uraga.jpg,images/Ukiyo_e_Ukiyo_e__katsushika-hokusai_fishing-in-the-bay-uraga_to_Ukiyo_e.png,0.3440903,0.0,0.8373286724090576,0.0
Ukiyo_e,Ukiyo_e,Ukiyo_e__utagawa-kunisada_the-actor.jpg,images/Ukiyo_e_Ukiyo_e__utagawa-kunisada_the-actor_to_Ukiyo_e.png,0.35551554,0.0,0.8161163330078125,0.0
