{
  "checkpoint": "../resnet/epoch_0250.pt",
  "timestamp": "2026-02-07 14:46:17",
  "matrix_breakdown": {
    "photo": {
      "photo": {
        "count": 30,
        "clip_style": 0.5940483887990315,
        "style_lpips": 0.7380908846855163,
        "content_lpips": 0.5964958056666667,
        "clip_content": 0.6338345510000001,
        "classifier_acc": 0.9
      },
      "monet": {
        "count": 30,
        "clip_style": 0.5711861908435821,
        "style_lpips": 0.7365505854288737,
        "content_lpips": 0.6474046213333332,
        "clip_content": 0.6094192780000001,
        "classifier_acc": 0.36666666666666664
      }
    },
    "monet": {
      "photo": {
        "count": 30,
        "clip_style": 0.5660528560479482,
        "style_lpips": 0.7581476549307505,
        "content_lpips": 0.6571694499999999,
        "clip_content": 0.5914614379999998,
        "classifier_acc": 1.0
      },
      "monet": {
        "count": 30,
        "clip_style": 0.6272069036960601,
        "style_lpips": 0.6977334360281626,
        "content_lpips": 0.5659957606666667,
        "clip_content": 0.657018875,
        "classifier_acc": 0.06666666666666667
      }
    }
  },
  "analysis": {
    "style_transfer_ability": {
      "clip_style": 0.5686195234457652,
      "content_lpips": 0.6522870356666666,
      "classifier_acc": 0.6833333333333333
    },
    "photo_to_art_performance": {
      "clip_style": 0.5711861908435821,
      "valid": true,
      "classifier_acc": 0.36666666666666664
    }
  },
  "classification_report": {
    "monet": {
      "precision": 0.8125,
      "recall": 0.21666666666666667,
      "f1-score": 0.34210526315789475,
      "support": 60.0
    },
    "photo": {
      "precision": 0.5480769230769231,
      "recall": 0.95,
      "f1-score": 0.6951219512195121,
      "support": 60.0
    },
    "accuracy": 0.5833333333333334,
    "macro avg": {
      "precision": 0.6802884615384616,
      "recall": 0.5833333333333333,
      "f1-score": 0.5186136071887034,
      "support": 120.0
    },
    "weighted avg": {
      "precision": 0.6802884615384616,
      "recall": 0.5833333333333334,
      "f1-score": 0.5186136071887034,
      "support": 120.0
    }
  },
  "detailed_style_metrics": {
    "monet": {
      "precision": 0.8125,
      "recall": 0.21666666666666667,
      "f1_score": 0.34210526315789475,
      "support": 60
    },
    "photo": {
      "precision": 0.5480769230769231,
      "recall": 0.95,
      "f1_score": 0.6951219512195121,
      "support": 60
    }
  }
}