{
  "checkpoint": "G:\\GitHub\\Latent_Style\\Cycle-NCE\\ssim-optun-nce\\trial_0207\\epoch_0001.pt",
  "timestamp": "2026-02-20 11:57:37",
  "matrix_breakdown": {
    "photo": {
      "photo": {
        "count": 10,
        "style_swd": 1.8547839879989625,
        "content_ssim": 0.310403523,
        "classifier_acc": null
      },
      "Hayao": {
        "count": 10,
        "style_swd": 2.4033099353313445,
        "content_ssim": 0.302689092,
        "classifier_acc": null
      },
      "monet": {
        "count": 10,
        "style_swd": 1.3419175773859024,
        "content_ssim": 0.3064362749999999,
        "classifier_acc": null
      },
      "cezanne": {
        "count": 10,
        "style_swd": 1.3772675156593324,
        "content_ssim": 0.271899763,
        "classifier_acc": null
      },
      "vangogh": {
        "count": 10,
        "style_swd": 3.191276478767395,
        "content_ssim": 0.295238726,
        "classifier_acc": null
      }
    },
    "Hayao": {
      "photo": {
        "count": 10,
        "style_swd": 1.8360265076160431,
        "content_ssim": 0.476533841,
        "classifier_acc": null
      },
      "Hayao": {
        "count": 10,
        "style_swd": 2.261820411682129,
        "content_ssim": 0.44899882300000005,
        "classifier_acc": null
      },
      "monet": {
        "count": 10,
        "style_swd": 1.294179204106331,
        "content_ssim": 0.518031071,
        "classifier_acc": null
      },
      "cezanne": {
        "count": 10,
        "style_swd": 1.2859447360038758,
        "content_ssim": 0.38003027599999994,
        "classifier_acc": null
      },
      "vangogh": {
        "count": 10,
        "style_swd": 2.8988968431949615,
        "content_ssim": 0.5137603860000001,
        "classifier_acc": null
      }
    },
    "monet": {
      "photo": {
        "count": 10,
        "style_swd": 1.8621434092521667,
        "content_ssim": 0.33437253299999997,
        "classifier_acc": null
      },
      "Hayao": {
        "count": 10,
        "style_swd": 2.32434858083725,
        "content_ssim": 0.31238985399999997,
        "classifier_acc": null
      },
      "monet": {
        "count": 10,
        "style_swd": 1.2322347432374954,
        "content_ssim": 0.331468797,
        "classifier_acc": null
      },
      "cezanne": {
        "count": 10,
        "style_swd": 1.4036369979381562,
        "content_ssim": 0.241121427,
        "classifier_acc": null
      },
      "vangogh": {
        "count": 10,
        "style_swd": 2.920441913604736,
        "content_ssim": 0.340497993,
        "classifier_acc": null
      }
    },
    "cezanne": {
      "photo": {
        "count": 10,
        "style_swd": 1.8018269836902618,
        "content_ssim": 0.38662990399999997,
        "classifier_acc": null
      },
      "Hayao": {
        "count": 10,
        "style_swd": 2.193589133024216,
        "content_ssim": 0.360875759,
        "classifier_acc": null
      },
      "monet": {
        "count": 10,
        "style_swd": 1.2541853964328766,
        "content_ssim": 0.376289358,
        "classifier_acc": null
      },
      "cezanne": {
        "count": 10,
        "style_swd": 1.4391705214977264,
        "content_ssim": 0.287498479,
        "classifier_acc": null
      },
      "vangogh": {
        "count": 10,
        "style_swd": 2.770963191986084,
        "content_ssim": 0.38879410200000003,
        "classifier_acc": null
      }
    },
    "vangogh": {
      "photo": {
        "count": 10,
        "style_swd": 1.847541731595993,
        "content_ssim": 0.289661893,
        "classifier_acc": null
      },
      "Hayao": {
        "count": 10,
        "style_swd": 2.2631858944892884,
        "content_ssim": 0.29134145,
        "classifier_acc": null
      },
      "monet": {
        "count": 10,
        "style_swd": 1.2753529310226441,
        "content_ssim": 0.30920845799999996,
        "classifier_acc": null
      },
      "cezanne": {
        "count": 10,
        "style_swd": 1.2343712031841279,
        "content_ssim": 0.2423494426,
        "classifier_acc": null
      },
      "vangogh": {
        "count": 10,
        "style_swd": 2.765420663356781,
        "content_ssim": 0.31292601099999995,
        "classifier_acc": null
      }
    }
  },
  "analysis": {
    "style_transfer_ability": {
      "style_swd": 1.9390203082561492,
      "content_ssim": 0.34690758018,
      "classifier_acc": 0.0
    },
    "photo_to_art_performance": {
      "style_swd": 2.078442876785994,
      "valid": true,
      "classifier_acc": 0.0
    }
  },
  "classification_report": null,
  "detailed_style_metrics": {}
}