{
  "checkpoint": "..\\ablate_A1_p7_id045_tv005\\epoch_0060.pt",
  "timestamp": "2026-03-04 04:12:59",
  "metrics_note": {
    "clip_dir": "cos( CLIP(gen)-CLIP(src), CLIP(target_style_proto)-CLIP(src) ) - Measures edit direction.",
    "clip_style": "cos( CLIP(gen), CLIP(target_style_proto) ) - Measures absolute style similarity.",
    "fid_baseline": "FID between source-domain images and target-style references.",
    "fid": "FID between generated images and target-style real references (Inception features).",
    "delta_fid": "fid_baseline - fid (higher is better).",
    "delta_fid_ratio": "delta_fid / fid_baseline (relative improvement ratio).",
    "art_fid": "computed as (1 + fid_style) * (1 + content_lpips)"
  },
  "matrix_breakdown": {
    "photo": {
      "photo": {
        "count": 30,
        "clip_dir": 0.5346407145261765,
        "clip_style": 0.789612760146459,
        "style_lpips": 0.7283693691094716,
        "content_lpips": 0.481434908,
        "clip_content": 0.7523781876666668,
        "fid_style": null,
        "art_fid": null,
        "fid_baseline": null,
        "delta_fid": null,
        "delta_fid_ratio": null,
        "classifier_acc": null
      },
      "Hayao": {
        "count": 30,
        "clip_dir": 0.6042433530092239,
        "clip_style": 0.663879253466924,
        "style_lpips": 0.7204175591468811,
        "content_lpips": 0.5646264473333333,
        "clip_content": 0.6997142700000001,
        "fid_style": 346.3021745013426,
        "art_fid": 543.3981674411771,
        "fid_baseline": 334.729000932728,
        "delta_fid": -11.573173568614607,
        "delta_fid_ratio": -0.03457475610528446,
        "classifier_acc": null
      },
      "monet": {
        "count": 30,
        "clip_dir": 0.5145985911289851,
        "clip_style": 0.6730201244354248,
        "style_lpips": 0.7125951826572419,
        "content_lpips": 0.474030085,
        "clip_content": 0.7650905316666667,
        "fid_style": 238.23823323113663,
        "art_fid": 352.64435326494214,
        "fid_baseline": 237.55478896111822,
        "delta_fid": -0.6834442700184127,
        "delta_fid_ratio": -0.0028769963889478793,
        "classifier_acc": null
      },
      "vangogh": {
        "count": 30,
        "clip_dir": 0.5843344440062841,
        "clip_style": 0.7037411530812582,
        "style_lpips": 0.7367998600006104,
        "content_lpips": 0.535364123,
        "clip_content": 0.7358767816666667,
        "fid_style": 315.9454838171795,
        "art_fid": 486.6267247997744,
        "fid_baseline": 313.3414404549672,
        "delta_fid": -2.6040433622122805,
        "delta_fid_ratio": -0.008310561662163957,
        "classifier_acc": null
      },
      "cezanne": {
        "count": 30,
        "clip_dir": 0.5496971974770228,
        "clip_style": 0.6586180647214254,
        "style_lpips": 0.7064619680245717,
        "content_lpips": 0.5285967570000001,
        "clip_content": 0.718342775,
        "fid_style": 317.17043108669327,
        "art_fid": 486.35428913241134,
        "fid_baseline": 317.94764662800304,
        "delta_fid": 0.7772155413097721,
        "delta_fid_ratio": 0.002444476471370489,
        "classifier_acc": null
      }
    },
    "Hayao": {
      "photo": {
        "count": 30,
        "clip_dir": 0.45395238598187765,
        "clip_style": 0.6040806025266647,
        "style_lpips": 0.7421506583690644,
        "content_lpips": 0.45654687233333324,
        "clip_content": 0.8168032336666666,
        "fid_style": null,
        "art_fid": null,
        "fid_baseline": null,
        "delta_fid": null,
        "delta_fid_ratio": null,
        "classifier_acc": null
      },
      "Hayao": {
        "count": 30,
        "clip_dir": 0.4285357743501663,
        "clip_style": 0.827072403828303,
        "style_lpips": 0.7044709881146749,
        "content_lpips": 0.37734646933333327,
        "clip_content": 0.8544353116666666,
        "fid_style": null,
        "art_fid": null,
        "fid_baseline": null,
        "delta_fid": null,
        "delta_fid_ratio": null,
        "classifier_acc": null
      },
      "monet": {
        "count": 30,
        "clip_dir": 0.40275980134805045,
        "clip_style": 0.5355032195647558,
        "style_lpips": 0.7274319728215536,
        "content_lpips": 0.4469117186666667,
        "clip_content": 0.8145400046666668,
        "fid_style": null,
        "art_fid": null,
        "fid_baseline": null,
        "delta_fid": null,
        "delta_fid_ratio": null,
        "classifier_acc": null
      },
      "vangogh": {
        "count": 30,
        "clip_dir": 0.4747902790705363,
        "clip_style": 0.6297584056854248,
        "style_lpips": 0.7413741807142894,
        "content_lpips": 0.4379146286666666,
        "clip_content": 0.8109633033333331,
        "fid_style": null,
        "art_fid": null,
        "fid_baseline": null,
        "delta_fid": null,
        "delta_fid_ratio": null,
        "classifier_acc": null
      },
      "cezanne": {
        "count": 30,
        "clip_dir": 0.4144211202859879,
        "clip_style": 0.5750049501657486,
        "style_lpips": 0.7099990566571553,
        "content_lpips": 0.4287468873333334,
        "clip_content": 0.8204438856666665,
        "fid_style": null,
        "art_fid": null,
        "fid_baseline": null,
        "delta_fid": null,
        "delta_fid_ratio": null,
        "classifier_acc": null
      }
    },
    "monet": {
      "photo": {
        "count": 30,
        "clip_dir": 0.586096943418185,
        "clip_style": 0.7496801078319549,
        "style_lpips": 0.7322609901428223,
        "content_lpips": 0.48582257966666664,
        "clip_content": 0.7719390186666667,
        "fid_style": null,
        "art_fid": null,
        "fid_baseline": null,
        "delta_fid": null,
        "delta_fid_ratio": null,
        "classifier_acc": null
      },
      "Hayao": {
        "count": 30,
        "clip_dir": 0.5975885371367137,
        "clip_style": 0.6589043577512105,
        "style_lpips": 0.7334788580735524,
        "content_lpips": 0.554013106,
        "clip_content": 0.7199461076666667,
        "fid_style": null,
        "art_fid": null,
        "fid_baseline": null,
        "delta_fid": null,
        "delta_fid_ratio": null,
        "classifier_acc": null
      },
      "monet": {
        "count": 30,
        "clip_dir": 0.43214430809021,
        "clip_style": 0.8158151268959045,
        "style_lpips": 0.6874697665373485,
        "content_lpips": 0.4586234486666666,
        "clip_content": 0.8119874729999998,
        "fid_style": null,
        "art_fid": null,
        "fid_baseline": null,
        "delta_fid": null,
        "delta_fid_ratio": null,
        "classifier_acc": null
      },
      "vangogh": {
        "count": 30,
        "clip_dir": 0.46069392959276834,
        "clip_style": 0.7995820621649424,
        "style_lpips": 0.7274129947026571,
        "content_lpips": 0.4847337093333333,
        "clip_content": 0.805761345,
        "fid_style": null,
        "art_fid": null,
        "fid_baseline": null,
        "delta_fid": null,
        "delta_fid_ratio": null,
        "classifier_acc": null
      },
      "cezanne": {
        "count": 30,
        "clip_dir": 0.4551943838596344,
        "clip_style": 0.7681075712045033,
        "style_lpips": 0.6997404575347901,
        "content_lpips": 0.5027816293333334,
        "clip_content": 0.76562484,
        "fid_style": null,
        "art_fid": null,
        "fid_baseline": null,
        "delta_fid": null,
        "delta_fid_ratio": null,
        "classifier_acc": null
      }
    },
    "vangogh": {
      "photo": {
        "count": 30,
        "clip_dir": 0.5529448300600052,
        "clip_style": 0.7127157628536225,
        "style_lpips": 0.7315880874792735,
        "content_lpips": 0.5157466503333333,
        "clip_content": 0.7621793179999999,
        "fid_style": null,
        "art_fid": null,
        "fid_baseline": null,
        "delta_fid": null,
        "delta_fid_ratio": null,