{
  "checkpoint": "..\\exp_G1_edge_rush\\epoch_0120.pt",
  "timestamp": "2026-03-02 22:50:25",
  "metrics_note": {
    "clip_dir": "cos( CLIP(gen)-CLIP(src), CLIP(target_style_proto)-CLIP(src) ) - Measures edit direction.",
    "clip_style": "cos( CLIP(gen), CLIP(target_style_proto) ) - Measures absolute style similarity.",
    "fid_baseline": "FID between source-domain images and target-style references.",
    "fid": "FID between generated images and target-style real references (Inception features).",
    "delta_fid": "fid_baseline - fid (higher is better).",
    "delta_fid_ratio": "delta_fid / fid_baseline (relative improvement ratio).",
    "art_fid": "computed as (1 + fid_style) * (1 + content_lpips)"
  },
  "matrix_breakdown": {
    "photo": {
      "photo": {
        "count": 30,
        "clip_dir": 0.3737480486432711,
        "clip_style": 0.7975070536136627,
        "style_lpips": 0.7459049642086029,
        "content_lpips": 0.32574192399999996,
        "clip_content": 0.8860153440000001,
        "fid_style": null,
        "art_fid": null,
        "fid_baseline": null,
        "delta_fid": null,
        "delta_fid_ratio": null,
        "classifier_acc": null
      },
      "Hayao": {
        "count": 30,
        "clip_dir": 0.5054059197505315,
        "clip_style": 0.6151279509067535,
        "style_lpips": 0.7382994453112285,
        "content_lpips": 0.43841490499999997,
        "clip_content": 0.8230335799999999,
        "fid_style": 329.09177324731684,
        "art_fid": 474.80892665682074,
        "fid_baseline": 334.729000932728,
        "delta_fid": 5.637227685411176,
        "delta_fid_ratio": 0.016841169034361964,
        "classifier_acc": null
      },
      "monet": {
        "count": 30,
        "clip_dir": 0.3391953984896342,
        "clip_style": 0.6174350400765737,
        "style_lpips": 0.727852592865626,
        "content_lpips": 0.3401950696666666,
        "clip_content": 0.8758267706666667,
        "fid_style": 225.31796233376355,
        "art_fid": 303.3102172967163,
        "fid_baseline": 237.55478896111822,
        "delta_fid": 12.236826627354674,
        "delta_fid_ratio": 0.05151159730716915,
        "classifier_acc": null
      },
      "vangogh": {
        "count": 30,
        "clip_dir": 0.4987979163726171,
        "clip_style": 0.6724695841471354,
        "style_lpips": 0.7444472948710124,
        "content_lpips": 0.4382133593333333,
        "clip_content": 0.8262182403333332,
        "fid_style": 296.80602232521505,
        "art_fid": 428.3085997980452,
        "fid_baseline": 313.3414404549672,
        "delta_fid": 16.535418129752145,
        "delta_fid_ratio": 0.052771245660143004,
        "classifier_acc": null
      },
      "cezanne": {
        "count": 30,
        "clip_dir": 0.4615080863237381,
        "clip_style": 0.6325354139010112,
        "style_lpips": 0.7158643345038096,
        "content_lpips": 0.39263287,
        "clip_content": 0.8339549733333332,
        "fid_style": 283.35517999622647,
        "art_fid": 396.00237041751143,
        "fid_baseline": 317.94764662800304,
        "delta_fid": 34.592466631776574,
        "delta_fid_ratio": 0.10879925358356109,
        "classifier_acc": null
      }
    },
    "Hayao": {
      "photo": {
        "count": 30,
        "clip_dir": 0.2555781498551369,
        "clip_style": 0.5340121765931447,
        "style_lpips": 0.7685559968153636,
        "content_lpips": 0.33706481099999996,
        "clip_content": 0.9079555346666665,
        "fid_style": null,
        "art_fid": null,
        "fid_baseline": null,
        "delta_fid": null,
        "delta_fid_ratio": null,
        "classifier_acc": null
      },
      "Hayao": {
        "count": 30,
        "clip_dir": 0.3033742149670919,
        "clip_style": 0.8529681364695231,
        "style_lpips": 0.7219057937463125,
        "content_lpips": 0.19971835900000004,
        "clip_content": 0.9445350030000002,
        "fid_style": null,
        "art_fid": null,
        "fid_baseline": null,
        "delta_fid": null,
        "delta_fid_ratio": null,
        "classifier_acc": null
      },
      "monet": {
        "count": 30,
        "clip_dir": 0.30951189175248145,
        "clip_style": 0.5032557507356008,
        "style_lpips": 0.7337831298510233,
        "content_lpips": 0.3677766036666667,
        "clip_content": 0.888087253,
        "fid_style": null,
        "art_fid": null,
        "fid_baseline": null,
        "delta_fid": null,
        "delta_fid_ratio": null,
        "classifier_acc": null
      },
      "vangogh": {
        "count": 30,
        "clip_dir": 0.38358828077713647,
        "clip_style": 0.5970698237419129,
        "style_lpips": 0.7446364343166352,
        "content_lpips": 0.36768605833333334,
        "clip_content": 0.8812277123333331,
        "fid_style": null,
        "art_fid": null,
        "fid_baseline": null,
        "delta_fid": null,
        "delta_fid_ratio": null,
        "classifier_acc": null
      },
      "cezanne": {
        "count": 30,
        "clip_dir": 0.3343214104572932,
        "clip_style": 0.5569493214289347,
        "style_lpips": 0.7198564688364665,
        "content_lpips": 0.33164757,
        "clip_content": 0.9026738180000001,
        "fid_style": null,
        "art_fid": null,
        "fid_baseline": null,
        "delta_fid": null,
        "delta_fid_ratio": null,
        "classifier_acc": null
      }
    },
    "monet": {
      "photo": {
        "count": 30,
        "clip_dir": 0.4845108866691589,
        "clip_style": 0.7157610893249512,
        "style_lpips": 0.751230384906133,
        "content_lpips": 0.39946302233333336,
        "clip_content": 0.8521486243333333,
        "fid_style": null,
        "art_fid": null,
        "fid_baseline": null,
        "delta_fid": null,
        "delta_fid_ratio": null,
        "classifier_acc": null
      },
      "Hayao": {
        "count": 30,
        "clip_dir": 0.5216625293095907,
        "clip_style": 0.6207373162110646,
        "style_lpips": 0.7466103772322337,
        "content_lpips": 0.47621825866666667,
        "clip_content": 0.8200129326666665,
        "fid_style": null,
        "art_fid": null,
        "fid_baseline": null,
        "delta_fid": null,
        "delta_fid_ratio": null,
        "classifier_acc": null
      },
      "monet": {
        "count": 30,
        "clip_dir": 0.29824766889214516,
        "clip_style": 0.8317672928174337,
        "style_lpips": 0.7005849123001099,
        "content_lpips": 0.3481916733333333,
        "clip_content": 0.8950587609999998,
        "fid_style": null,
        "art_fid": null,
        "fid_baseline": null,
        "delta_fid": null,
        "delta_fid_ratio": null,
        "classifier_acc": null
      },
      "vangogh": {
        "count": 30,
        "clip_dir": 0.3976617306470871,
        "clip_style": 0.808940730492274,
        "style_lpips": 0.7369876225789388,
        "content_lpips": 0.4046806756666666,
        "clip_content": 0.8632031386666665,
        "fid_style": null,
        "art_fid": null,
        "fid_baseline": null,
        "delta_fid": null,
        "delta_fid_ratio": null,
        "classifier_acc": null
      },
      "cezanne": {
        "count": 30,
        "clip_dir": 0.3785202076037725,
        "clip_style": 0.8002490818500518,
        "style_lpips": 0.7078630030155182,
        "content_lpips": 0.3848012133333334,
        "clip_content": 0.8758500819999999,
        "fid_style": null,
        "art_fid": null,
        "fid_baseline": null,
        "delta_fid": null,
        "delta_fid_ratio": null,
        "classifier_acc": null
      }
    },
    "vangogh": {
      "photo": {
        "count": 30,
        "clip_dir": 0.4643339619040489,
        "clip_style": 0.6835156957308451,
        "style_lpips": 0.7517640093962351,
        "content_lpips": 0.48257964766666667,
        "clip_content": 0.8242935899999999,
        "fid_style": null,
        "art_fid": null,
        "fid_baseline": null,
        "delta_fid": null,