{
  "checkpoint": "..\\final_demodulation\\epoch_0080.pt",
  "timestamp": "2026-03-03 21:29:51",
  "metrics_note": {
    "clip_dir": "cos( CLIP(gen)-CLIP(src), CLIP(target_style_proto)-CLIP(src) ) - Measures edit direction.",
    "clip_style": "cos( CLIP(gen), CLIP(target_style_proto) ) - Measures absolute style similarity.",
    "fid_baseline": "FID between source-domain images and target-style references.",
    "fid": "FID between generated images and target-style real references (Inception features).",
    "delta_fid": "fid_baseline - fid (higher is better).",
    "delta_fid_ratio": "delta_fid / fid_baseline (relative improvement ratio).",
    "art_fid": "computed as (1 + fid_style) * (1 + content_lpips)"
  },
  "matrix_breakdown": {
    "photo": {
      "photo": {
        "count": 30,
        "clip_dir": 0.6128438909848531,
        "clip_style": 0.7536897401014964,
        "style_lpips": 0.7519097626209259,
        "content_lpips": 0.6813167106666664,
        "clip_content": 0.6068734393333333,
        "fid_style": null,
        "art_fid": null,
        "fid_baseline": null,
        "delta_fid": null,
        "delta_fid_ratio": null,
        "classifier_acc": null
      },
      "Hayao": {
        "count": 30,
        "clip_dir": 0.6148085792859396,
        "clip_style": 0.6402599116166433,
        "style_lpips": 0.745265378554662,
        "content_lpips": 0.7586732823333333,
        "clip_content": 0.5862979676666666,
        "fid_style": 447.0873100887354,
        "art_fid": 788.0391804056704,
        "fid_baseline": 334.729000932728,
        "delta_fid": -112.35830915600741,
        "delta_fid_ratio": -0.3356694784226018,
        "classifier_acc": null
      },
      "monet": {
        "count": 30,
        "clip_dir": 0.6311070183912914,
        "clip_style": 0.7032209157943725,
        "style_lpips": 0.719471408923467,
        "content_lpips": 0.7004500583333333,
        "clip_content": 0.6010476853333333,
        "fid_style": 406.795579864508,
        "art_fid": 693.4360175686782,
        "fid_baseline": 237.55478896111822,
        "delta_fid": -169.24079090338978,
        "delta_fid_ratio": -0.712428453425497,
        "classifier_acc": null
      },
      "vangogh": {
        "count": 30,
        "clip_dir": 0.7139537910620372,
        "clip_style": 0.766405447324117,
        "style_lpips": 0.7420887430508931,
        "content_lpips": 0.7613080733333334,
        "clip_content": 0.5941945360000002,
        "fid_style": 430.7915434647372,
        "art_fid": 760.5179315015025,
        "fid_baseline": 313.3414404549672,
        "delta_fid": -117.45010300976998,
        "delta_fid_ratio": -0.3748310559855541,
        "classifier_acc": null
      },
      "cezanne": {
        "count": 30,
        "clip_dir": 0.619392728805542,
        "clip_style": 0.6727312624454498,
        "style_lpips": 0.7227015793323517,
        "content_lpips": 0.75408424,
        "clip_content": 0.5860473313333332,
        "fid_style": 542.5923296321142,
        "art_fid": 953.5067383925766,
        "fid_baseline": 317.94764662800304,
        "delta_fid": -224.6446830041112,
        "delta_fid_ratio": -0.7065461417518973,
        "classifier_acc": null
      }
    },
    "Hayao": {
      "photo": {
        "count": 30,
        "clip_dir": 0.7299710055192311,
        "clip_style": 0.7444122989972433,
        "style_lpips": 0.758988763888677,
        "content_lpips": 0.7228912203333333,
        "clip_content": 0.5205561723333334,
        "fid_style": null,
        "art_fid": null,
        "fid_baseline": null,
        "delta_fid": null,
        "delta_fid_ratio": null,
        "classifier_acc": null
      },
      "Hayao": {
        "count": 30,
        "clip_dir": 0.49841589430967964,
        "clip_style": 0.6624649862448374,
        "style_lpips": 0.7539920568466186,
        "content_lpips": 0.6708502553333333,
        "clip_content": 0.5648084790000001,
        "fid_style": null,
        "art_fid": null,
        "fid_baseline": null,
        "delta_fid": null,
        "delta_fid_ratio": null,
        "classifier_acc": null
      },
      "monet": {
        "count": 30,
        "clip_dir": 0.6797809402147929,
        "clip_style": 0.6816828707853954,
        "style_lpips": 0.7246520201365153,
        "content_lpips": 0.720720138,
        "clip_content": 0.537091597,
        "fid_style": null,
        "art_fid": null,
        "fid_baseline": null,
        "delta_fid": null,
        "delta_fid_ratio": null,
        "classifier_acc": null
      },
      "vangogh": {
        "count": 30,
        "clip_dir": 0.7327907284100851,
        "clip_style": 0.751929905017217,
        "style_lpips": 0.7389977971712748,
        "content_lpips": 0.7152264156666668,
        "clip_content": 0.5321166639999999,
        "fid_style": null,
        "art_fid": null,
        "fid_baseline": null,
        "delta_fid": null,
        "delta_fid_ratio": null,
        "classifier_acc": null
      },
      "cezanne": {
        "count": 30,
        "clip_dir": 0.6349694073200226,
        "clip_style": 0.6489547948042552,
        "style_lpips": 0.722303573290507,
        "content_lpips": 0.7340001596666664,
        "clip_content": 0.5295466176666666,
        "fid_style": null,
        "art_fid": null,
        "fid_baseline": null,
        "delta_fid": null,
        "delta_fid_ratio": null,
        "classifier_acc": null
      }
    },
    "monet": {
      "photo": {
        "count": 30,
        "clip_dir": 0.6713773051897685,
        "clip_style": 0.7390372673670451,
        "style_lpips": 0.75288854042689,
        "content_lpips": 0.7015624720000001,
        "clip_content": 0.556198584,
        "fid_style": null,
        "art_fid": null,
        "fid_baseline": null,
        "delta_fid": null,
        "delta_fid_ratio": null,
        "classifier_acc": null
      },
      "Hayao": {
        "count": 30,
        "clip_dir": 0.6173753003279369,
        "clip_style": 0.6438285251458485,
        "style_lpips": 0.7454847236474355,
        "content_lpips": 0.7424418710000001,
        "clip_content": 0.5845439766666668,
        "fid_style": null,
        "art_fid": null,
        "fid_baseline": null,
        "delta_fid": null,
        "delta_fid_ratio": null,
        "classifier_acc": null
      },
      "monet": {
        "count": 30,
        "clip_dir": 0.4575206791361173,
        "clip_style": 0.6919678588708241,
        "style_lpips": 0.7174366275469463,
        "content_lpips": 0.6743306973333333,
        "clip_content": 0.6152281273333333,
        "fid_style": null,
        "art_fid": null,
        "fid_baseline": null,
        "delta_fid": null,
        "delta_fid_ratio": null,
        "classifier_acc": null
      },
      "vangogh": {
        "count": 30,
        "clip_dir": 0.5821118126312892,
        "clip_style": 0.7607441465059916,
        "style_lpips": 0.7420477151870728,
        "content_lpips": 0.7086432956666668,
        "clip_content": 0.6411856410000001,
        "fid_style": null,
        "art_fid": null,
        "fid_baseline": null,
        "delta_fid": null,
        "delta_fid_ratio": null,
        "classifier_acc": null
      },
      "cezanne": {
        "count": 30,
        "clip_dir": 0.4501688927412033,
        "clip_style": 0.6437033454577128,
        "style_lpips": 0.7238854428132375,
        "content_lpips": 0.7268914410000001,
        "clip_content": 0.5740588609999999,
        "fid_style": null,
        "art_fid": null,
        "fid_baseline": null,
        "delta_fid": null,
        "delta_fid_ratio": null,
        "classifier_acc": null
      }
    },
    "vangogh": {
      "photo": {
        "count": 30,
        "clip_dir": 0.6727734784285228,
        "clip_style": 0.7342877467473348,
        "style_lpips": 0.7502776801586151,
        "content_lpips": 0.7416230646666666,
        "clip_content": 0.5673088403333334,
        "fid_style": null,
        "art_fid": null,
        "fid_baseline": null,
        "delta_fid": null,
        "delta_fid_ratio": null,