{
  "checkpoint": "..\\inject_I4_body_hires\\epoch_0040.pt",
  "timestamp": "2026-03-05 05:54:01",
  "metrics_note": {
    "clip_dir": "cos( CLIP(gen)-CLIP(src), CLIP(target_style_proto)-CLIP(src) ) - Measures edit direction.",
    "clip_style": "cos( CLIP(gen), CLIP(target_style_proto) ) - Measures absolute style similarity.",
    "fid_baseline": "FID between source-domain images and target-style references.",
    "fid": "FID between generated images and target-style real references (Inception features).",
    "delta_fid": "fid_baseline - fid (higher is better).",
    "delta_fid_ratio": "delta_fid / fid_baseline (relative improvement ratio).",
    "art_fid": "computed as (1 + fid_style) * (1 + content_lpips)"
  },
  "matrix_breakdown": {
    "photo": {
      "photo": {
        "count": 30,
        "clip_dir": 0.5285043984651565,
        "clip_style": 0.7887707551320394,
        "style_lpips": 0.7352135121822357,
        "content_lpips": 0.49358621133333336,
        "clip_content": 0.7569104226666666,
        "fid_style": null,
        "art_fid": null,
        "fid_baseline": null,
        "delta_fid": null,
        "delta_fid_ratio": null,
        "classifier_acc": null
      },
      "Hayao": {
        "count": 30,
        "clip_dir": 0.6124090204636256,
        "clip_style": 0.6697476387023926,
        "style_lpips": 0.7240183472633361,
        "content_lpips": 0.5795948136666668,
        "clip_content": 0.7031157956666667,
        "fid_style": 351.5015982185,
        "art_fid": 556.8096963551537,
        "fid_baseline": 334.729000932728,
        "delta_fid": -16.772597285772008,
        "delta_fid_ratio": -0.05010798956479684,
        "classifier_acc": null
      },
      "monet": {
        "count": 30,
        "clip_dir": 0.5351852993170421,
        "clip_style": 0.6763248900572459,
        "style_lpips": 0.7258577406406402,
        "content_lpips": 0.5129178846666667,
        "clip_content": 0.7421041536666667,
        "fid_style": 249.37313356966968,
        "art_fid": 378.7939916175894,
        "fid_baseline": 237.55478896111822,
        "delta_fid": -11.818344608551456,
        "delta_fid_ratio": -0.04974997414379983,
        "classifier_acc": null
      },
      "vangogh": {
        "count": 30,
        "clip_dir": 0.576069583495458,
        "clip_style": 0.7007636904716492,
        "style_lpips": 0.7457352022329966,
        "content_lpips": 0.5698667163333333,
        "clip_content": 0.7368081613333334,
        "fid_style": 323.6763507678355,
        "art_fid": 509.6985966509915,
        "fid_baseline": 313.3414404549672,
        "delta_fid": -10.334910312868317,
        "delta_fid_ratio": -0.032982902924880216,
        "classifier_acc": null
      },
      "cezanne": {
        "count": 30,
        "clip_dir": 0.5481035083532333,
        "clip_style": 0.661674306790034,
        "style_lpips": 0.7148488541444142,
        "content_lpips": 0.5422694189999999,
        "clip_content": 0.7310122099999998,
        "fid_style": 318.275471075264,
        "art_fid": 492.4087952761987,
        "fid_baseline": 317.94764662800304,
        "delta_fid": -0.3278244472609799,
        "delta_fid_ratio": -0.0010310642356932828,
        "classifier_acc": null
      }
    },
    "Hayao": {
      "photo": {
        "count": 30,
        "clip_dir": 0.4041300843159358,
        "clip_style": 0.5834563672542572,
        "style_lpips": 0.7472644686698914,
        "content_lpips": 0.434421618,
        "clip_content": 0.8379051573333333,
        "fid_style": null,
        "art_fid": null,
        "fid_baseline": null,
        "delta_fid": null,
        "delta_fid_ratio": null,
        "classifier_acc": null
      },
      "Hayao": {
        "count": 30,
        "clip_dir": 0.42573378880818685,
        "clip_style": 0.8378900766372681,
        "style_lpips": 0.7037113626797994,
        "content_lpips": 0.37967254766666664,
        "clip_content": 0.8723719293333334,
        "fid_style": null,
        "art_fid": null,
        "fid_baseline": null,
        "delta_fid": null,
        "delta_fid_ratio": null,
        "classifier_acc": null
      },
      "monet": {
        "count": 30,
        "clip_dir": 0.3873316362500191,
        "clip_style": 0.5301153322060903,
        "style_lpips": 0.7375205377737681,
        "content_lpips": 0.4381595466666666,
        "clip_content": 0.8279149346666667,
        "fid_style": null,
        "art_fid": null,
        "fid_baseline": null,
        "delta_fid": null,
        "delta_fid_ratio": null,
        "classifier_acc": null
      },
      "vangogh": {
        "count": 30,
        "clip_dir": 0.46470756431420646,
        "clip_style": 0.6250459353129069,
        "style_lpips": 0.7517814099788666,
        "content_lpips": 0.4397586463333333,
        "clip_content": 0.818876939,
        "fid_style": null,
        "art_fid": null,
        "fid_baseline": null,
        "delta_fid": null,
        "delta_fid_ratio": null,
        "classifier_acc": null
      },
      "cezanne": {
        "count": 30,
        "clip_dir": 0.3753579964240392,
        "clip_style": 0.5625892599423726,
        "style_lpips": 0.7207262317339579,
        "content_lpips": 0.39405076466666666,
        "clip_content": 0.8556966366666666,
        "fid_style": null,
        "art_fid": null,
        "fid_baseline": null,
        "delta_fid": null,
        "delta_fid_ratio": null,
        "classifier_acc": null
      }
    },
    "monet": {
      "photo": {
        "count": 30,
        "clip_dir": 0.567532961567243,
        "clip_style": 0.7391607364018759,
        "style_lpips": 0.7391623834768931,
        "content_lpips": 0.4926325666666667,
        "clip_content": 0.7727972726666666,
        "fid_style": null,
        "art_fid": null,
        "fid_baseline": null,
        "delta_fid": null,
        "delta_fid_ratio": null,
        "classifier_acc": null
      },
      "Hayao": {
        "count": 30,
        "clip_dir": 0.5885109653075536,
        "clip_style": 0.6544319450855255,
        "style_lpips": 0.7368705908457438,
        "content_lpips": 0.5586486669999999,
        "clip_content": 0.734189002,
        "fid_style": null,
        "art_fid": null,
        "fid_baseline": null,
        "delta_fid": null,
        "delta_fid_ratio": null,
        "classifier_acc": null
      },
      "monet": {
        "count": 30,
        "clip_dir": 0.4448781987031301,
        "clip_style": 0.810218604405721,
        "style_lpips": 0.7008273979028066,
        "content_lpips": 0.4876217683333332,
        "clip_content": 0.7980948506666667,
        "fid_style": null,
        "art_fid": null,
        "fid_baseline": null,
        "delta_fid": null,
        "delta_fid_ratio": null,
        "classifier_acc": null
      },
      "vangogh": {
        "count": 30,
        "clip_dir": 0.45997475981712344,
        "clip_style": 0.7912679433822631,
        "style_lpips": 0.7339661300182343,
        "content_lpips": 0.503895882,
        "clip_content": 0.7913721680000001,
        "fid_style": null,
        "art_fid": null,
        "fid_baseline": null,
        "delta_fid": null,
        "delta_fid_ratio": null,
        "classifier_acc": null
      },
      "cezanne": {
        "count": 30,
        "clip_dir": 0.443915922443072,
        "clip_style": 0.7620863060156504,
        "style_lpips": 0.7079436163107554,
        "content_lpips": 0.5129725803333333,
        "clip_content": 0.7646252830000001,
        "fid_style": null,
        "art_fid": null,
        "fid_baseline": null,
        "delta_fid": null,
        "delta_fid_ratio": null,
        "classifier_acc": null
      }
    },
    "vangogh": {
      "photo": {
        "count": 30,
        "clip_dir": 0.5378582825263342,
        "clip_style": 0.7043310264746349,
        "style_lpips": 0.7371525526046753,
        "content_lpips": 0.5144280676666667,
        "clip_content": 0.7627776840000001,
        "fid_style": null,
        "art_fid": null,
        "fid_baseline": null,
        "delta_fid": null,
        "delta_fid_ratio": null,