{
  "checkpoint": "..\\inject_I2_hires_decoder_only\\epoch_0040.pt",
  "timestamp": "2026-03-05 00:48:26",
  "metrics_note": {
    "clip_dir": "cos( CLIP(gen)-CLIP(src), CLIP(target_style_proto)-CLIP(src) ) - Measures edit direction.",
    "clip_style": "cos( CLIP(gen), CLIP(target_style_proto) ) - Measures absolute style similarity.",
    "fid_baseline": "FID between source-domain images and target-style references.",
    "fid": "FID between generated images and target-style real references (Inception features).",
    "delta_fid": "fid_baseline - fid (higher is better).",
    "delta_fid_ratio": "delta_fid / fid_baseline (relative improvement ratio).",
    "art_fid": "computed as (1 + fid_style) * (1 + content_lpips)"
  },
  "matrix_breakdown": {
    "photo": {
      "photo": {
        "count": 30,
        "clip_dir": 0.5343722641468048,
        "clip_style": 0.788752684990565,
        "style_lpips": 0.7364353100458781,
        "content_lpips": 0.4944929303333333,
        "clip_content": 0.752678561,
        "fid_style": null,
        "art_fid": null,
        "fid_baseline": null,
        "delta_fid": null,
        "delta_fid_ratio": null,
        "classifier_acc": null
      },
      "Hayao": {
        "count": 30,
        "clip_dir": 0.5908264368772507,
        "clip_style": 0.6551444152990977,
        "style_lpips": 0.7260139167308808,
        "content_lpips": 0.5848211336666668,
        "clip_content": 0.7073688996666666,
        "fid_style": 356.5306044154466,
        "art_fid": 566.6220578102167,
        "fid_baseline": 334.729000932728,
        "delta_fid": -21.801603482718576,
        "delta_fid_ratio": -0.06513210215418455,
        "classifier_acc": null
      },
      "monet": {
        "count": 30,
        "clip_dir": 0.5239912817875544,
        "clip_style": 0.6755417803923289,
        "style_lpips": 0.7199112335840862,
        "content_lpips": 0.48777448233333337,
        "clip_content": 0.7657294870000002,
        "fid_style": 242.91406532189018,
        "art_fid": 362.889122268094,
        "fid_baseline": 237.55478896111822,
        "delta_fid": -5.359276360771958,
        "delta_fid_ratio": -0.022560169736881783,
        "classifier_acc": null
      },
      "vangogh": {
        "count": 30,
        "clip_dir": 0.5848896771669387,
        "clip_style": 0.7038666208585104,
        "style_lpips": 0.7424849510192871,
        "content_lpips": 0.5597155653333332,
        "clip_content": 0.7317168703333334,
        "fid_style": 320.24448218429046,
        "art_fid": 501.05001914028446,
        "fid_baseline": 313.3414404549672,
        "delta_fid": -6.903041729323263,
        "delta_fid_ratio": -0.022030414232155654,
        "classifier_acc": null
      },
      "cezanne": {
        "count": 30,
        "clip_dir": 0.5448725322882334,
        "clip_style": 0.6588960309823354,
        "style_lpips": 0.7120924552281698,
        "content_lpips": 0.533765402,
        "clip_content": 0.7297774846666666,
        "fid_style": 319.85799029104805,
        "art_fid": 492.1208844636614,
        "fid_baseline": 317.94764662800304,
        "delta_fid": -1.910343663045012,
        "delta_fid_ratio": -0.006008359185246945,
        "classifier_acc": null
      }
    },
    "Hayao": {
      "photo": {
        "count": 30,
        "clip_dir": 0.4503470147649447,
        "clip_style": 0.6056297143300374,
        "style_lpips": 0.7466861287752787,
        "content_lpips": 0.44955355999999996,
        "clip_content": 0.8130111919999999,
        "fid_style": null,
        "art_fid": null,
        "fid_baseline": null,
        "delta_fid": null,
        "delta_fid_ratio": null,
        "classifier_acc": null
      },
      "Hayao": {
        "count": 30,
        "clip_dir": 0.4078165983160337,
        "clip_style": 0.8421862999598185,
        "style_lpips": 0.7107388695081075,
        "content_lpips": 0.3589519816666667,
        "clip_content": 0.8845054856666666,
        "fid_style": null,
        "art_fid": null,
        "fid_baseline": null,
        "delta_fid": null,
        "delta_fid_ratio": null,
        "classifier_acc": null
      },
      "monet": {
        "count": 30,
        "clip_dir": 0.4036454250415166,
        "clip_style": 0.5365492184956868,
        "style_lpips": 0.7330434362093607,
        "content_lpips": 0.440501909,
        "clip_content": 0.8160558816666669,
        "fid_style": null,
        "art_fid": null,
        "fid_baseline": null,
        "delta_fid": null,
        "delta_fid_ratio": null,
        "classifier_acc": null
      },
      "vangogh": {
        "count": 30,
        "clip_dir": 0.4897689054409663,
        "clip_style": 0.6349985579649607,
        "style_lpips": 0.7456833064556122,
        "content_lpips": 0.4477516209999999,
        "clip_content": 0.8005899473333333,
        "fid_style": null,
        "art_fid": null,
        "fid_baseline": null,
        "delta_fid": null,
        "delta_fid_ratio": null,
        "classifier_acc": null
      },
      "cezanne": {
        "count": 30,
        "clip_dir": 0.405277223388354,
        "clip_style": 0.5740547011295954,
        "style_lpips": 0.7151205162207286,
        "content_lpips": 0.40859761,
        "clip_content": 0.8396014546666666,
        "fid_style": null,
        "art_fid": null,
        "fid_baseline": null,
        "delta_fid": null,
        "delta_fid_ratio": null,
        "classifier_acc": null
      }
    },
    "monet": {
      "photo": {
        "count": 30,
        "clip_dir": 0.5695097774267197,
        "clip_style": 0.7420837839444479,
        "style_lpips": 0.736572019259135,
        "content_lpips": 0.4891356833333334,
        "clip_content": 0.777404417,
        "fid_style": null,
        "art_fid": null,
        "fid_baseline": null,
        "delta_fid": null,
        "delta_fid_ratio": null,
        "classifier_acc": null
      },
      "Hayao": {
        "count": 30,
        "clip_dir": 0.5904463092486064,
        "clip_style": 0.6547195732593536,
        "style_lpips": 0.7352690100669861,
        "content_lpips": 0.5637597843333334,
        "clip_content": 0.7267333646666667,
        "fid_style": null,
        "art_fid": null,
        "fid_baseline": null,
        "delta_fid": null,
        "delta_fid_ratio": null,
        "classifier_acc": null
      },
      "monet": {
        "count": 30,
        "clip_dir": 0.4324286719163259,
        "clip_style": 0.8178984483083089,
        "style_lpips": 0.6924331068992615,
        "content_lpips": 0.4608808096666667,
        "clip_content": 0.8181782049999998,
        "fid_style": null,
        "art_fid": null,
        "fid_baseline": null,
        "delta_fid": null,
        "delta_fid_ratio": null,
        "classifier_acc": null
      },
      "vangogh": {
        "count": 30,
        "clip_dir": 0.4573686401049296,
        "clip_style": 0.7928014596303304,
        "style_lpips": 0.7299973507722218,
        "content_lpips": 0.4934353736666667,
        "clip_content": 0.7963773990000002,
        "fid_style": null,
        "art_fid": null,
        "fid_baseline": null,
        "delta_fid": null,
        "delta_fid_ratio": null,
        "classifier_acc": null
      },
      "cezanne": {
        "count": 30,
        "clip_dir": 0.4341451714436213,
        "clip_style": 0.7574441691239675,
        "style_lpips": 0.7028576791286468,
        "content_lpips": 0.5016315126666667,
        "clip_content": 0.7625078716666667,
        "fid_style": null,
        "art_fid": null,
        "fid_baseline": null,
        "delta_fid": null,
        "delta_fid_ratio": null,
        "classifier_acc": null
      }
    },
    "vangogh": {
      "photo": {
        "count": 30,
        "clip_dir": 0.5534685591856638,
        "clip_style": 0.7167334794998169,
        "style_lpips": 0.7354014853636424,
        "content_lpips": 0.5182242996666666,
        "clip_content": 0.7676229593333335,
        "fid_style": null,
        "art_fid": null,
        "fid_baseline": null,
        "delta_fid": null,
        "delta_fid_ratio": null,