{
  "checkpoint": "..\\inject_I0_all_open\\epoch_0040.pt",
  "timestamp": "2026-03-04 19:30:21",
  "metrics_note": {
    "clip_dir": "cos( CLIP(gen)-CLIP(src), CLIP(target_style_proto)-CLIP(src) ) - Measures edit direction.",
    "clip_style": "cos( CLIP(gen), CLIP(target_style_proto) ) - Measures absolute style similarity.",
    "fid_baseline": "FID between source-domain images and target-style references.",
    "fid": "FID between generated images and target-style real references (Inception features).",
    "delta_fid": "fid_baseline - fid (higher is better).",
    "delta_fid_ratio": "delta_fid / fid_baseline (relative improvement ratio).",
    "art_fid": "computed as (1 + fid_style) * (1 + content_lpips)"
  },
  "matrix_breakdown": {
    "photo": {
      "photo": {
        "count": 30,
        "clip_dir": 0.5249801049629848,
        "clip_style": 0.7856898466746013,
        "style_lpips": 0.7359155575434367,
        "content_lpips": 0.4973324799999999,
        "clip_content": 0.7543227246666667,
        "fid_style": null,
        "art_fid": null,
        "fid_baseline": null,
        "delta_fid": null,
        "delta_fid_ratio": null,
        "classifier_acc": null
      },
      "Hayao": {
        "count": 30,
        "clip_dir": 0.6038510431845983,
        "clip_style": 0.6621419767538707,
        "style_lpips": 0.7242631415526072,
        "content_lpips": 0.5912367623333333,
        "clip_content": 0.6963569826666665,
        "fid_style": 354.869065763645,
        "art_fid": 566.2719400203305,
        "fid_baseline": 334.729000932728,
        "delta_fid": -20.14006483091697,
        "delta_fid_ratio": -0.06016826977882508,
        "classifier_acc": null
      },
      "monet": {
        "count": 30,
        "clip_dir": 0.5418869058291117,
        "clip_style": 0.6848144749800364,
        "style_lpips": 0.721326074997584,
        "content_lpips": 0.49975329900000004,
        "clip_content": 0.7546633263333333,
        "fid_style": 247.64442356201775,
        "art_fid": 372.90529451508945,
        "fid_baseline": 237.55478896111822,
        "delta_fid": -10.08963460089953,
        "delta_fid_ratio": -0.04247287392110184,
        "classifier_acc": null
      },
      "vangogh": {
        "count": 30,
        "clip_dir": 0.5967327157656351,
        "clip_style": 0.7100112517674764,
        "style_lpips": 0.7431236565113067,
        "content_lpips": 0.5670382893333333,
        "clip_content": 0.7228875876666668,
        "fid_style": 316.99667032299976,
        "art_fid": 498.31295827664957,
        "fid_baseline": 313.3414404549672,
        "delta_fid": -3.6552298680325634,
        "delta_fid_ratio": -0.011665325412193239,
        "classifier_acc": null
      },
      "cezanne": {
        "count": 30,
        "clip_dir": 0.5581097036600113,
        "clip_style": 0.6678154289722442,
        "style_lpips": 0.7122423489888509,
        "content_lpips": 0.5378033983333332,
        "clip_content": 0.7289727410000001,
        "fid_style": 321.53322184390663,
        "art_fid": 495.99268462695846,
        "fid_baseline": 317.94764662800304,
        "delta_fid": -3.5855752159035887,
        "delta_fid_ratio": -0.011277250371029453,
        "classifier_acc": null
      }
    },
    "Hayao": {
      "photo": {
        "count": 30,
        "clip_dir": 0.4308559795220693,
        "clip_style": 0.5964567621548971,
        "style_lpips": 0.7474161903063457,
        "content_lpips": 0.44954893500000004,
        "clip_content": 0.8233731306666667,
        "fid_style": null,
        "art_fid": null,
        "fid_baseline": null,
        "delta_fid": null,
        "delta_fid_ratio": null,
        "classifier_acc": null
      },
      "Hayao": {
        "count": 30,
        "clip_dir": 0.4284555474917094,
        "clip_style": 0.8357978006203969,
        "style_lpips": 0.7048970599969228,
        "content_lpips": 0.385763224,
        "clip_content": 0.8678305336666665,
        "fid_style": null,
        "art_fid": null,
        "fid_baseline": null,
        "delta_fid": null,
        "delta_fid_ratio": null,
        "classifier_acc": null
      },
      "monet": {
        "count": 30,
        "clip_dir": 0.39315681358178456,
        "clip_style": 0.5346296310424805,
        "style_lpips": 0.733383442958196,
        "content_lpips": 0.4396366086666666,
        "clip_content": 0.8274990419999998,
        "fid_style": null,
        "art_fid": null,
        "fid_baseline": null,
        "delta_fid": null,
        "delta_fid_ratio": null,
        "classifier_acc": null
      },
      "vangogh": {
        "count": 30,
        "clip_dir": 0.482710341612498,
        "clip_style": 0.6345169723033905,
        "style_lpips": 0.7463338116804759,
        "content_lpips": 0.44523075399999995,
        "clip_content": 0.8108761866666666,
        "fid_style": null,
        "art_fid": null,
        "fid_baseline": null,
        "delta_fid": null,
        "delta_fid_ratio": null,
        "classifier_acc": null
      },
      "cezanne": {
        "count": 30,
        "clip_dir": 0.38468065361181897,
        "clip_style": 0.5664681325356166,
        "style_lpips": 0.7157369554042816,
        "content_lpips": 0.40349152399999993,
        "clip_content": 0.8543024853333333,
        "fid_style": null,
        "art_fid": null,
        "fid_baseline": null,
        "delta_fid": null,
        "delta_fid_ratio": null,
        "classifier_acc": null
      }
    },
    "monet": {
      "photo": {
        "count": 30,
        "clip_dir": 0.5685694287220637,
        "clip_style": 0.7394035756587982,
        "style_lpips": 0.738226463397344,
        "content_lpips": 0.49582920499999994,
        "clip_content": 0.7719026640000002,
        "fid_style": null,
        "art_fid": null,
        "fid_baseline": null,
        "delta_fid": null,
        "delta_fid_ratio": null,
        "classifier_acc": null
      },
      "Hayao": {
        "count": 30,
        "clip_dir": 0.5983154972394308,
        "clip_style": 0.6597364068031311,
        "style_lpips": 0.736516143878301,
        "content_lpips": 0.571332575,
        "clip_content": 0.7181957196666666,
        "fid_style": null,
        "art_fid": null,
        "fid_baseline": null,
        "delta_fid": null,
        "delta_fid_ratio": null,
        "classifier_acc": null
      },
      "monet": {
        "count": 30,
        "clip_dir": 0.43568599224090576,
        "clip_style": 0.8078821579615275,
        "style_lpips": 0.6967225929101308,
        "content_lpips": 0.48153949266666657,
        "clip_content": 0.8000590313333332,
        "fid_style": null,
        "art_fid": null,
        "fid_baseline": null,
        "delta_fid": null,
        "delta_fid_ratio": null,
        "classifier_acc": null
      },
      "vangogh": {
        "count": 30,
        "clip_dir": 0.48463950951894125,
        "clip_style": 0.8010421792666117,
        "style_lpips": 0.7322971959908803,
        "content_lpips": 0.5055058426666668,
        "clip_content": 0.7928339990000001,
        "fid_style": null,
        "art_fid": null,
        "fid_baseline": null,
        "delta_fid": null,
        "delta_fid_ratio": null,
        "classifier_acc": null
      },
      "cezanne": {
        "count": 30,
        "clip_dir": 0.44648886819680533,
        "clip_style": 0.7598686516284943,
        "style_lpips": 0.7067564189434051,
        "content_lpips": 0.5126137856666667,
        "clip_content": 0.759572497,
        "fid_style": null,
        "art_fid": null,
        "fid_baseline": null,
        "delta_fid": null,
        "delta_fid_ratio": null,
        "classifier_acc": null
      }
    },
    "vangogh": {
      "photo": {
        "count": 30,
        "clip_dir": 0.5521568248669306,
        "clip_style": 0.711626660823822,
        "style_lpips": 0.7361803611119588,
        "content_lpips": 0.523532872,
        "clip_content": 0.7574214306666668,
        "fid_style": null,
        "art_fid": null,
        "fid_baseline": null,
        "delta_fid": null,