{
  "checkpoint": "..\\inject_I0_all_open\\epoch_0080.pt",
  "timestamp": "2026-03-04 20:50:26",
  "metrics_note": {
    "clip_dir": "cos( CLIP(gen)-CLIP(src), CLIP(target_style_proto)-CLIP(src) ) - Measures edit direction.",
    "clip_style": "cos( CLIP(gen), CLIP(target_style_proto) ) - Measures absolute style similarity.",
    "fid_baseline": "FID between source-domain images and target-style references.",
    "fid": "FID between generated images and target-style real references (Inception features).",
    "delta_fid": "fid_baseline - fid (higher is better).",
    "delta_fid_ratio": "delta_fid / fid_baseline (relative improvement ratio).",
    "art_fid": "computed as (1 + fid_style) * (1 + content_lpips)"
  },
  "matrix_breakdown": {
    "photo": {
      "photo": {
        "count": 30,
        "clip_dir": 0.5320128281911214,
        "clip_style": 0.7917933066685995,
        "style_lpips": 0.7264166633288066,
        "content_lpips": 0.47200459866666666,
        "clip_content": 0.7609877893333333,
        "fid_style": null,
        "art_fid": null,
        "fid_baseline": null,
        "delta_fid": null,
        "delta_fid_ratio": null,
        "classifier_acc": null
      },
      "Hayao": {
        "count": 30,
        "clip_dir": 0.5976081649462383,
        "clip_style": 0.6585676491260528,
        "style_lpips": 0.7180962701638539,
        "content_lpips": 0.5736449203333333,
        "clip_content": 0.6948277003333333,
        "fid_style": 357.20256264333665,
        "art_fid": 563.6836431540694,
        "fid_baseline": 334.729000932728,
        "delta_fid": -22.473561710608635,
        "delta_fid_ratio": -0.06713957155784434,
        "classifier_acc": null
      },
      "monet": {
        "count": 30,
        "clip_dir": 0.5311811705430348,
        "clip_style": 0.6784351885318756,
        "style_lpips": 0.7137582381566365,
        "content_lpips": 0.4835113133333333,
        "clip_content": 0.7581318923333332,
        "fid_style": 255.41935755481887,
        "art_fid": 380.4010178902389,
        "fid_baseline": 237.55478896111822,
        "delta_fid": -17.864568593700653,
        "delta_fid_ratio": -0.07520188783323008,
        "classifier_acc": null
      },
      "vangogh": {
        "count": 30,
        "clip_dir": 0.5937663634618123,
        "clip_style": 0.7094778577486675,
        "style_lpips": 0.7366248627503713,
        "content_lpips": 0.5587263539999999,
        "clip_content": 0.7277068906666667,
        "fid_style": 322.2913946195433,
        "art_fid": 503.922816814896,
        "fid_baseline": 313.3414404549672,
        "delta_fid": -8.949954164576127,
        "delta_fid_ratio": -0.02856294447226937,
        "classifier_acc": null
      },
      "cezanne": {
        "count": 30,
        "clip_dir": 0.5639088769753774,
        "clip_style": 0.6690781593322754,
        "style_lpips": 0.7055899480978648,
        "content_lpips": 0.542046942,
        "clip_content": 0.7174619646666668,
        "fid_style": 332.5260209591718,
        "art_fid": 514.3127806975187,
        "fid_baseline": 317.94764662800304,
        "delta_fid": -14.578374331168732,
        "delta_fid_ratio": -0.04585149311775013,
        "classifier_acc": null
      }
    },
    "Hayao": {
      "photo": {
        "count": 30,
        "clip_dir": 0.44220268726348877,
        "clip_style": 0.5978722125291824,
        "style_lpips": 0.7393803715705871,
        "content_lpips": 0.4658552796666667,
        "clip_content": 0.8121360943333332,
        "fid_style": null,
        "art_fid": null,
        "fid_baseline": null,
        "delta_fid": null,
        "delta_fid_ratio": null,
        "classifier_acc": null
      },
      "Hayao": {
        "count": 30,
        "clip_dir": 0.4195198948184649,
        "clip_style": 0.8414387782414754,
        "style_lpips": 0.7021438042322795,
        "content_lpips": 0.3513268903333333,
        "clip_content": 0.8787156106666667,
        "fid_style": null,
        "art_fid": null,
        "fid_baseline": null,
        "delta_fid": null,
        "delta_fid_ratio": null,
        "classifier_acc": null
      },
      "monet": {
        "count": 30,
        "clip_dir": 0.39159201085567474,
        "clip_style": 0.5292884051799774,
        "style_lpips": 0.7269312083721161,
        "content_lpips": 0.44396917133333325,
        "clip_content": 0.8200380336666665,
        "fid_style": null,
        "art_fid": null,
        "fid_baseline": null,
        "delta_fid": null,
        "delta_fid_ratio": null,
        "classifier_acc": null
      },
      "vangogh": {
        "count": 30,
        "clip_dir": 0.4746848613023758,
        "clip_style": 0.6286859452724457,
        "style_lpips": 0.7390518208344777,
        "content_lpips": 0.44509807433333337,
        "clip_content": 0.8101017033333334,
        "fid_style": null,
        "art_fid": null,
        "fid_baseline": null,
        "delta_fid": null,
        "delta_fid_ratio": null,
        "classifier_acc": null
      },
      "cezanne": {
        "count": 30,
        "clip_dir": 0.4170506199200948,
        "clip_style": 0.5773622711499532,
        "style_lpips": 0.7086416979630789,
        "content_lpips": 0.42520769966666666,
        "clip_content": 0.831414972,
        "fid_style": null,
        "art_fid": null,
        "fid_baseline": null,
        "delta_fid": null,
        "delta_fid_ratio": null,
        "classifier_acc": null
      }
    },
    "monet": {
      "photo": {
        "count": 30,
        "clip_dir": 0.5761269629001617,
        "clip_style": 0.7418459773063659,
        "style_lpips": 0.732198166847229,
        "content_lpips": 0.4897101486666667,
        "clip_content": 0.7705269043333334,
        "fid_style": null,
        "art_fid": null,
        "fid_baseline": null,
        "delta_fid": null,
        "delta_fid_ratio": null,
        "classifier_acc": null
      },
      "Hayao": {
        "count": 30,
        "clip_dir": 0.6092017769813538,
        "clip_style": 0.6661181271076202,
        "style_lpips": 0.7314249515533447,
        "content_lpips": 0.5702868369999999,
        "clip_content": 0.7129212910000002,
        "fid_style": null,
        "art_fid": null,
        "fid_baseline": null,
        "delta_fid": null,
        "delta_fid_ratio": null,
        "classifier_acc": null
      },
      "monet": {
        "count": 30,
        "clip_dir": 0.4282481854160627,
        "clip_style": 0.8181229650974273,
        "style_lpips": 0.6928637146949768,
        "content_lpips": 0.4674704476666667,
        "clip_content": 0.8182509093333334,
        "fid_style": null,
        "art_fid": null,
        "fid_baseline": null,
        "delta_fid": null,
        "delta_fid_ratio": null,
        "classifier_acc": null
      },
      "vangogh": {
        "count": 30,
        "clip_dir": 0.4744112238287926,
        "clip_style": 0.8003351787726084,
        "style_lpips": 0.7282086193561554,
        "content_lpips": 0.5014360540000001,
        "clip_content": 0.7974571336666667,
        "fid_style": null,
        "art_fid": null,
        "fid_baseline": null,
        "delta_fid": null,
        "delta_fid_ratio": null,
        "classifier_acc": null
      },
      "cezanne": {
        "count": 30,
        "clip_dir": 0.46422185997168225,
        "clip_style": 0.7656527002652486,
        "style_lpips": 0.7021064281463623,
        "content_lpips": 0.5173004713333333,
        "clip_content": 0.7573377493333333,
        "fid_style": null,
        "art_fid": null,
        "fid_baseline": null,
        "delta_fid": null,
        "delta_fid_ratio": null,
        "classifier_acc": null
      }
    },
    "vangogh": {
      "photo": {
        "count": 30,
        "clip_dir": 0.5654399851957957,
        "clip_style": 0.7167176564534505,
        "style_lpips": 0.7318237900733948,
        "content_lpips": 0.519926914,
        "clip_content": 0.7437065116666667,
        "fid_style": null,
        "art_fid": null,
        "fid_baseline": null,
        "delta_fid": null,