{
  "checkpoint": "..\\inject_I4_body_hires\\epoch_0080.pt",
  "timestamp": "2026-03-05 07:10:07",
  "metrics_note": {
    "clip_dir": "cos( CLIP(gen)-CLIP(src), CLIP(target_style_proto)-CLIP(src) ) - Measures edit direction.",
    "clip_style": "cos( CLIP(gen), CLIP(target_style_proto) ) - Measures absolute style similarity.",
    "fid_baseline": "FID between source-domain images and target-style references.",
    "fid": "FID between generated images and target-style real references (Inception features).",
    "delta_fid": "fid_baseline - fid (higher is better).",
    "delta_fid_ratio": "delta_fid / fid_baseline (relative improvement ratio).",
    "art_fid": "computed as (1 + fid_style) * (1 + content_lpips)"
  },
  "matrix_breakdown": {
    "photo": {
      "photo": {
        "count": 30,
        "clip_dir": 0.5155974835157394,
        "clip_style": 0.7922077715396881,
        "style_lpips": 0.729337485631307,
        "content_lpips": 0.4607319776666667,
        "clip_content": 0.7762144566666666,
        "fid_style": null,
        "art_fid": null,
        "fid_baseline": null,
        "delta_fid": null,
        "delta_fid_ratio": null,
        "classifier_acc": null
      },
      "Hayao": {
        "count": 30,
        "clip_dir": 0.5920220096906026,
        "clip_style": 0.6547226885954539,
        "style_lpips": 0.7201619942982992,
        "content_lpips": 0.5700572256666666,
        "clip_content": 0.7000340316666667,
        "fid_style": 359.4224631707214,
        "art_fid": 565.8838925937691,
        "fid_baseline": 334.729000932728,
        "delta_fid": -24.6934622379934,
        "delta_fid_ratio": -0.07377150521521784,
        "classifier_acc": null
      },
      "monet": {
        "count": 30,
        "clip_dir": 0.5127125531435013,
        "clip_style": 0.6679356515407562,
        "style_lpips": 0.7162095387776692,
        "content_lpips": 0.48328965866666673,
        "clip_content": 0.762922365,
        "fid_style": 251.63685032388145,
        "art_fid": 374.73362748353185,
        "fid_baseline": 237.55478896111822,
        "delta_fid": -14.082061362763227,
        "delta_fid_ratio": -0.05927921480491857,
        "classifier_acc": null
      },
      "vangogh": {
        "count": 30,
        "clip_dir": 0.5928984860579173,
        "clip_style": 0.7098983506361644,
        "style_lpips": 0.7386552393436432,
        "content_lpips": 0.5649903573333332,
        "clip_content": 0.7302591093333334,
        "fid_style": 320.40046072774794,
        "art_fid": 502.9886218814162,
        "fid_baseline": 313.3414404549672,
        "delta_fid": -7.059020272780742,
        "delta_fid_ratio": -0.022528205214513434,
        "classifier_acc": null
      },
      "cezanne": {
        "count": 30,
        "clip_dir": 0.5559666802485784,
        "clip_style": 0.6645646890004476,
        "style_lpips": 0.7077217936515808,
        "content_lpips": 0.5444073876666667,
        "clip_content": 0.7197507446666667,
        "fid_style": 327.58909089814114,
        "art_fid": 507.4754194897631,
        "fid_baseline": 317.94764662800304,
        "delta_fid": -9.641444270138095,
        "delta_fid_ratio": -0.03032399947724265,
        "classifier_acc": null
      }
    },
    "Hayao": {
      "photo": {
        "count": 30,
        "clip_dir": 0.41992368598779045,
        "clip_style": 0.5877030303080877,
        "style_lpips": 0.7430295368035634,
        "content_lpips": 0.45046607666666666,
        "clip_content": 0.8225065299999997,
        "fid_style": null,
        "art_fid": null,
        "fid_baseline": null,
        "delta_fid": null,
        "delta_fid_ratio": null,
        "classifier_acc": null
      },
      "Hayao": {
        "count": 30,
        "clip_dir": 0.3399522225062052,
        "clip_style": 0.8451324025789897,
        "style_lpips": 0.7133618334929148,
        "content_lpips": 0.26661784066666666,
        "clip_content": 0.9175029689999998,
        "fid_style": null,
        "art_fid": null,
        "fid_baseline": null,
        "delta_fid": null,
        "delta_fid_ratio": null,
        "classifier_acc": null
      },
      "monet": {
        "count": 30,
        "clip_dir": 0.39797507325808207,
        "clip_style": 0.5317055890957515,
        "style_lpips": 0.729895289738973,
        "content_lpips": 0.4486866546666667,
        "clip_content": 0.8139226836666669,
        "fid_style": null,
        "art_fid": null,
        "fid_baseline": null,
        "delta_fid": null,
        "delta_fid_ratio": null,
        "classifier_acc": null
      },
      "vangogh": {
        "count": 30,
        "clip_dir": 0.47118742068608604,
        "clip_style": 0.6249618073304494,
        "style_lpips": 0.7416264633337657,
        "content_lpips": 0.45002067366666665,
        "clip_content": 0.8028930343333333,
        "fid_style": null,
        "art_fid": null,
        "fid_baseline": null,
        "delta_fid": null,
        "delta_fid_ratio": null,
        "classifier_acc": null
      },
      "cezanne": {
        "count": 30,
        "clip_dir": 0.406259323656559,
        "clip_style": 0.5708991954723994,
        "style_lpips": 0.7125239789485931,
        "content_lpips": 0.42359219933333336,
        "clip_content": 0.8300648210000001,
        "fid_style": null,
        "art_fid": null,
        "fid_baseline": null,
        "delta_fid": null,
        "delta_fid_ratio": null,
        "classifier_acc": null
      }
    },
    "monet": {
      "photo": {
        "count": 30,
        "clip_dir": 0.5828458865483602,
        "clip_style": 0.7484111626942952,
        "style_lpips": 0.7339716752370199,
        "content_lpips": 0.4826759036666667,
        "clip_content": 0.779457913,
        "fid_style": null,
        "art_fid": null,
        "fid_baseline": null,
        "delta_fid": null,
        "delta_fid_ratio": null,
        "classifier_acc": null
      },
      "Hayao": {
        "count": 30,
        "clip_dir": 0.6080733269453049,
        "clip_style": 0.6659961998462677,
        "style_lpips": 0.7318003952503205,
        "content_lpips": 0.562976745,
        "clip_content": 0.717398524,
        "fid_style": null,
        "art_fid": null,
        "fid_baseline": null,
        "delta_fid": null,
        "delta_fid_ratio": null,
        "classifier_acc": null
      },
      "monet": {
        "count": 30,
        "clip_dir": 0.4248338133096695,
        "clip_style": 0.8212945501009623,
        "style_lpips": 0.6933972736199697,
        "content_lpips": 0.4576458643333333,
        "clip_content": 0.8257953363333334,
        "fid_style": null,
        "art_fid": null,
        "fid_baseline": null,
        "delta_fid": null,
        "delta_fid_ratio": null,
        "classifier_acc": null
      },
      "vangogh": {
        "count": 30,
        "clip_dir": 0.47224405109882356,
        "clip_style": 0.7982625921567281,
        "style_lpips": 0.729775853951772,
        "content_lpips": 0.497992137,
        "clip_content": 0.7961072866666666,
        "fid_style": null,
        "art_fid": null,
        "fid_baseline": null,
        "delta_fid": null,
        "delta_fid_ratio": null,
        "classifier_acc": null
      },
      "cezanne": {
        "count": 30,
        "clip_dir": 0.4626273194948832,
        "clip_style": 0.7628205219904581,
        "style_lpips": 0.7027317484219869,
        "content_lpips": 0.51355216,
        "clip_content": 0.753155715,
        "fid_style": null,
        "art_fid": null,
        "fid_baseline": null,
        "delta_fid": null,
        "delta_fid_ratio": null,
        "classifier_acc": null
      }
    },
    "vangogh": {
      "photo": {
        "count": 30,
        "clip_dir": 0.5495994567871094,
        "clip_style": 0.7092482964197795,
        "style_lpips": 0.7328358193238577,
        "content_lpips": 0.5118487123333334,
        "clip_content": 0.7531727023333333,
        "fid_style": null,
        "art_fid": null,
        "fid_baseline": null,
        "delta_fid": null,
        "delta_fid_ratio": null,