{
  "checkpoint": "..\\inject_I5_body_decoder\\epoch_0080.pt",
  "timestamp": "2026-03-05 09:51:27",
  "metrics_note": {
    "clip_dir": "cos( CLIP(gen)-CLIP(src), CLIP(target_style_proto)-CLIP(src) ) - Measures edit direction.",
    "clip_style": "cos( CLIP(gen), CLIP(target_style_proto) ) - Measures absolute style similarity.",
    "fid_baseline": "FID between source-domain images and target-style references.",
    "fid": "FID between generated images and target-style real references (Inception features).",
    "delta_fid": "fid_baseline - fid (higher is better).",
    "delta_fid_ratio": "delta_fid / fid_baseline (relative improvement ratio).",
    "art_fid": "computed as (1 + fid_style) * (1 + content_lpips)"
  },
  "matrix_breakdown": {
    "photo": {
      "photo": {
        "count": 30,
        "clip_dir": 0.5320743143558502,
        "clip_style": 0.790672113498052,
        "style_lpips": 0.7278301576773326,
        "content_lpips": 0.4741772446666666,
        "clip_content": 0.758682507,
        "fid_style": null,
        "art_fid": null,
        "fid_baseline": null,
        "delta_fid": null,
        "delta_fid_ratio": null,
        "classifier_acc": null
      },
      "Hayao": {
        "count": 30,
        "clip_dir": 0.6048406451940537,
        "clip_style": 0.6627826114495595,
        "style_lpips": 0.7186290661493937,
        "content_lpips": 0.5744683570000001,
        "clip_content": 0.6964135093333333,
        "fid_style": 355.77132426929006,
        "art_fid": 561.7251607469834,
        "fid_baseline": 334.729000932728,
        "delta_fid": -21.04232333656205,
        "delta_fid_ratio": -0.06286375927370279,
        "classifier_acc": null
      },
      "monet": {
        "count": 30,
        "clip_dir": 0.5210586518049241,
        "clip_style": 0.6732243915398916,
        "style_lpips": 0.7149500608444214,
        "content_lpips": 0.48053283566666666,
        "clip_content": 0.7625769503333333,
        "fid_style": 247.66972170122736,
        "art_fid": 368.163688214759,
        "fid_baseline": 237.55478896111822,
        "delta_fid": -10.11493274010914,
        "delta_fid_ratio": -0.04257936783486483,
        "classifier_acc": null
      },
      "vangogh": {
        "count": 30,
        "clip_dir": 0.5918435742457707,
        "clip_style": 0.7076529582341512,
        "style_lpips": 0.7375068863232931,
        "content_lpips": 0.5540389283333335,
        "clip_content": 0.7235790556666668,
        "fid_style": 314.9792465290859,
        "art_fid": 491.0440496516349,
        "fid_baseline": 313.3414404549672,
        "delta_fid": -1.6378060741187142,
        "delta_fid_ratio": -0.0052269054222149605,
        "classifier_acc": null
      },
      "cezanne": {
        "count": 30,
        "clip_dir": 0.5562473386526108,
        "clip_style": 0.6636015892028808,
        "style_lpips": 0.7065325359503428,
        "content_lpips": 0.542625201,
        "clip_content": 0.7180571723333331,
        "fid_style": 326.3034689490063,
        "art_fid": 504.90657957545807,
        "fid_baseline": 317.94764662800304,
        "delta_fid": -8.355822321003245,
        "delta_fid_ratio": -0.026280497464349878,
        "classifier_acc": null
      }
    },
    "Hayao": {
      "photo": {
        "count": 30,
        "clip_dir": 0.4420392334461212,
        "clip_style": 0.5982369929552078,
        "style_lpips": 0.7404201626777649,
        "content_lpips": 0.4622515546666667,
        "clip_content": 0.8152482456666665,
        "fid_style": null,
        "art_fid": null,
        "fid_baseline": null,
        "delta_fid": null,
        "delta_fid_ratio": null,
        "classifier_acc": null
      },
      "Hayao": {
        "count": 30,
        "clip_dir": 0.412769711514314,
        "clip_style": 0.8441952725251516,
        "style_lpips": 0.7019057393074035,
        "content_lpips": 0.33815311600000003,
        "clip_content": 0.8882422510000001,
        "fid_style": null,
        "art_fid": null,
        "fid_baseline": null,
        "delta_fid": null,
        "delta_fid_ratio": null,
        "classifier_acc": null
      },
      "monet": {
        "count": 30,
        "clip_dir": 0.40035805106163025,
        "clip_style": 0.5335001071294149,
        "style_lpips": 0.7284749945004781,
        "content_lpips": 0.4458056656666667,
        "clip_content": 0.8156332136666666,
        "fid_style": null,
        "art_fid": null,
        "fid_baseline": null,
        "delta_fid": null,
        "delta_fid_ratio": null,
        "classifier_acc": null
      },
      "vangogh": {
        "count": 30,
        "clip_dir": 0.47953331967194873,
        "clip_style": 0.6293391664822896,
        "style_lpips": 0.7409791608651479,
        "content_lpips": 0.4455124656666667,
        "clip_content": 0.8003266316666667,
        "fid_style": null,
        "art_fid": null,
        "fid_baseline": null,
        "delta_fid": null,
        "delta_fid_ratio": null,
        "classifier_acc": null
      },
      "cezanne": {
        "count": 30,
        "clip_dir": 0.4177666624387105,
        "clip_style": 0.5766418367624283,
        "style_lpips": 0.7102496842543284,
        "content_lpips": 0.4247154543333334,
        "clip_content": 0.8267369503333332,
        "fid_style": null,
        "art_fid": null,
        "fid_baseline": null,
        "delta_fid": null,
        "delta_fid_ratio": null,
        "classifier_acc": null
      }
    },
    "monet": {
      "photo": {
        "count": 30,
        "clip_dir": 0.5740370233853658,
        "clip_style": 0.7434756815433502,
        "style_lpips": 0.7335504551728567,
        "content_lpips": 0.48754137133333325,
        "clip_content": 0.7801486263333334,
        "fid_style": null,
        "art_fid": null,
        "fid_baseline": null,
        "delta_fid": null,
        "delta_fid_ratio": null,
        "classifier_acc": null
      },
      "Hayao": {
        "count": 30,
        "clip_dir": 0.6058241426944733,
        "clip_style": 0.6647045811017355,
        "style_lpips": 0.7318734347820282,
        "content_lpips": 0.568210762,
        "clip_content": 0.719884679,
        "fid_style": null,
        "art_fid": null,
        "fid_baseline": null,
        "delta_fid": null,
        "delta_fid_ratio": null,
        "classifier_acc": null
      },
      "monet": {
        "count": 30,
        "clip_dir": 0.42597038894891737,
        "clip_style": 0.8201867183049519,
        "style_lpips": 0.6922176063060761,
        "content_lpips": 0.4604899636666667,
        "clip_content": 0.8233127239999999,
        "fid_style": null,
        "art_fid": null,
        "fid_baseline": null,
        "delta_fid": null,
        "delta_fid_ratio": null,
        "classifier_acc": null
      },
      "vangogh": {
        "count": 30,
        "clip_dir": 0.46333907296260196,
        "clip_style": 0.801518605152766,
        "style_lpips": 0.7293477853139242,
        "content_lpips": 0.4942975036666667,
        "clip_content": 0.8073030343333332,
        "fid_style": null,
        "art_fid": null,
        "fid_baseline": null,
        "delta_fid": null,
        "delta_fid_ratio": null,
        "classifier_acc": null
      },
      "cezanne": {
        "count": 30,
        "clip_dir": 0.4624092563986778,
        "clip_style": 0.7683106342951457,
        "style_lpips": 0.7024379849433899,
        "content_lpips": 0.515439502,
        "clip_content": 0.7618722056666665,
        "fid_style": null,
        "art_fid": null,
        "fid_baseline": null,
        "delta_fid": null,
        "delta_fid_ratio": null,
        "classifier_acc": null
      }
    },
    "vangogh": {
      "photo": {
        "count": 30,
        "clip_dir": 0.5549970587094625,
        "clip_style": 0.711400689681371,
        "style_lpips": 0.7323345283667246,
        "content_lpips": 0.5177595923333332,
        "clip_content": 0.7508149893333333,
        "fid_style": null,
        "art_fid": null,
        "fid_baseline": null,
        "delta_fid": null,
        "delta_fid_ratio": null,