{
  "checkpoint": "..\\master_sweep_14_narrow_micro\\epoch_0100.pt",
  "timestamp": "2026-03-01 06:52:44",
  "metrics_note": {
    "clip_dir": "cos( CLIP(gen)-CLIP(src), CLIP(target_style_proto)-CLIP(src) ) - Measures edit direction.",
    "clip_style": "cos( CLIP(gen), CLIP(target_style_proto) ) - Measures absolute style similarity.",
    "fid_baseline": "FID between source-domain images and target-style references.",
    "fid": "FID between generated images and target-style real references (Inception features).",
    "delta_fid": "fid_baseline - fid (higher is better).",
    "delta_fid_ratio": "delta_fid / fid_baseline (relative improvement ratio).",
    "art_fid": "computed as (1 + fid_style) * (1 + content_lpips)"
  },
  "matrix_breakdown": {
    "photo": {
      "photo": {
        "count": 30,
        "clip_dir": 0.4634411702553431,
        "clip_style": 0.8129596889019013,
        "style_lpips": 0.7361353894074758,
        "content_lpips": 0.3900102536666667,
        "clip_content": 0.85913743,
        "fid_style": null,
        "art_fid": null,
        "fid_baseline": null,
        "delta_fid": null,
        "delta_fid_ratio": null,
        "classifier_acc": null
      },
      "Hayao": {
        "count": 30,
        "clip_dir": 0.5089372307062149,
        "clip_style": 0.6153304815292359,
        "style_lpips": 0.7520799199740092,
        "content_lpips": 0.47817911399999996,
        "clip_content": 0.803482997,
        "fid_style": 330.56550103626796,
        "art_fid": 490.11319855475665,
        "fid_baseline": 334.729000932728,
        "delta_fid": 4.163499896460053,
        "delta_fid_ratio": 0.01243841999007672,
        "classifier_acc": null
      },
      "monet": {
        "count": 30,
        "clip_dir": 0.352888810634613,
        "clip_style": 0.620679126183192,
        "style_lpips": 0.7421988129615784,
        "content_lpips": 0.3516888866666667,
        "clip_content": 0.8725844536666668,
        "fid_style": 224.72149883503093,
        "art_fid": 305.10524145705426,
        "fid_baseline": 237.55478896111822,
        "delta_fid": 12.833290126087292,
        "delta_fid_ratio": 0.05402244333700964,
        "classifier_acc": null
      },
      "vangogh": {
        "count": 30,
        "clip_dir": 0.49030776719252267,
        "clip_style": 0.6704549153645833,
        "style_lpips": 0.7834312438964843,
        "content_lpips": 0.48436281600000003,
        "clip_content": 0.8238528526666667,
        "fid_style": 307.54605530407326,
        "art_fid": 457.9942915168459,
        "fid_baseline": 313.3414404549672,
        "delta_fid": 5.795385150893935,
        "delta_fid_ratio": 0.01849543150908836,
        "classifier_acc": null
      },
      "cezanne": {
        "count": 30,
        "clip_dir": 0.4214402814706167,
        "clip_style": 0.614390108982722,
        "style_lpips": 0.7398404717445374,
        "content_lpips": 0.4059847353333333,
        "clip_content": 0.8347649883333333,
        "fid_style": 307.46931623526217,
        "art_fid": 433.7031499454894,
        "fid_baseline": 317.94764662800304,
        "delta_fid": 10.478330392740872,
        "delta_fid_ratio": 0.03295615018343086,
        "classifier_acc": null
      }
    },
    "Hayao": {
      "photo": {
        "count": 30,
        "clip_dir": 0.38797905842463176,
        "clip_style": 0.5786132206519444,
        "style_lpips": 0.7615788618723551,
        "content_lpips": 0.408709022,
        "clip_content": 0.8639419466666668,
        "fid_style": null,
        "art_fid": null,
        "fid_baseline": null,
        "delta_fid": null,
        "delta_fid_ratio": null,
        "classifier_acc": null
      },
      "Hayao": {
        "count": 30,
        "clip_dir": 0.2862630841632684,
        "clip_style": 0.8482959886391958,
        "style_lpips": 0.7268906692663829,
        "content_lpips": 0.20232538166666666,
        "clip_content": 0.9404594620000001,
        "fid_style": null,
        "art_fid": null,
        "fid_baseline": null,
        "delta_fid": null,
        "delta_fid_ratio": null,
        "classifier_acc": null
      },
      "monet": {
        "count": 30,
        "clip_dir": 0.2668703980743885,
        "clip_style": 0.48608889679114026,
        "style_lpips": 0.7731402913729349,
        "content_lpips": 0.33818558966666656,
        "clip_content": 0.8923434666666666,
        "fid_style": null,
        "art_fid": null,
        "fid_baseline": null,
        "delta_fid": null,
        "delta_fid_ratio": null,
        "classifier_acc": null
      },
      "vangogh": {
        "count": 30,
        "clip_dir": 0.3572756459315618,
        "clip_style": 0.5783306996027628,
        "style_lpips": 0.788709282875061,
        "content_lpips": 0.3749519826666667,
        "clip_content": 0.8613331273333332,
        "fid_style": null,
        "art_fid": null,
        "fid_baseline": null,
        "delta_fid": null,
        "delta_fid_ratio": null,
        "classifier_acc": null
      },
      "cezanne": {
        "count": 30,
        "clip_dir": 0.25222210163871445,
        "clip_style": 0.5179309527079264,
        "style_lpips": 0.7510463774204255,
        "content_lpips": 0.30945371200000005,
        "clip_content": 0.8969732829999999,
        "fid_style": null,
        "art_fid": null,
        "fid_baseline": null,
        "delta_fid": null,
        "delta_fid_ratio": null,
        "classifier_acc": null
      }
    },
    "monet": {
      "photo": {
        "count": 30,
        "clip_dir": 0.5526436527570089,
        "clip_style": 0.7416053593158722,
        "style_lpips": 0.7420849184195201,
        "content_lpips": 0.41646776666666663,
        "clip_content": 0.8177412056666664,
        "fid_style": null,
        "art_fid": null,
        "fid_baseline": null,
        "delta_fid": null,
        "delta_fid_ratio": null,
        "classifier_acc": null
      },
      "Hayao": {
        "count": 30,
        "clip_dir": 0.5166172742843628,
        "clip_style": 0.619650520881017,
        "style_lpips": 0.7588211735089619,
        "content_lpips": 0.4777221340000001,
        "clip_content": 0.819382727,
        "fid_style": null,
        "art_fid": null,
        "fid_baseline": null,
        "delta_fid": null,
        "delta_fid_ratio": null,
        "classifier_acc": null
      },
      "monet": {
        "count": 30,
        "clip_dir": 0.3164340282479922,
        "clip_style": 0.8283964077631633,
        "style_lpips": 0.7067179143428802,
        "content_lpips": 0.35701502500000004,
        "clip_content": 0.8814437156666667,
        "fid_style": null,
        "art_fid": null,
        "fid_baseline": null,
        "delta_fid": null,
        "delta_fid_ratio": null,
        "classifier_acc": null
      },
      "vangogh": {
        "count": 30,
        "clip_dir": 0.3774721021453539,
        "clip_style": 0.7869304219881693,
        "style_lpips": 0.7583519995212555,
        "content_lpips": 0.4290789586666666,
        "clip_content": 0.8344951236666667,
        "fid_style": null,
        "art_fid": null,
        "fid_baseline": null,
        "delta_fid": null,
        "delta_fid_ratio": null,
        "classifier_acc": null
      },
      "cezanne": {
        "count": 30,
        "clip_dir": 0.35156912356615067,
        "clip_style": 0.7731171647707621,
        "style_lpips": 0.7235874871412913,
        "content_lpips": 0.39654944499999994,
        "clip_content": 0.841549134,
        "fid_style": null,
        "art_fid": null,
        "fid_baseline": null,
        "delta_fid": null,
        "delta_fid_ratio": null,
        "classifier_acc": null
      }
    },
    "vangogh": {
      "photo": {
        "count": 30,
        "clip_dir": 0.5219250231981277,
        "clip_style": 0.7081244150797527,
        "style_lpips": 0.7472971578439077,
        "content_lpips": 0.4582625419999999,
        "clip_content": 0.7965134529999999,
        "fid_style": null,
        "art_fid": null,
        "fid_baseline": null,
        "delta_fid": null,