{
  "num_rounds": 2,
  "latest": {
    "epoch": 100,
    "summary_path": "..\\spatial-adagn\\full_eval\\epoch_0100\\summary.json",
    "transfer_clip_style": 0.647999062091112,
    "transfer_content_lpips": 0.35984067614000004,
    "transfer_fid": 291.60493159313637,
    "transfer_art_fid": 406.17248769007836,
    "transfer_classifier_acc": 0.0,
    "photo_to_art_clip_style": 0.622078647216161,
    "photo_to_art_fid": 291.60493159313637,
    "photo_to_art_art_fid": 406.17248769007836,
    "photo_to_art_classifier_acc": 0.0
  },
  "mean": {
    "transfer_clip_style": 0.6486681679884592,
    "transfer_content_lpips": 0.36226336300333334,
    "transfer_fid": 288.5976578307981,
    "transfer_art_fid": 400.9629899873646,
    "transfer_classifier_acc": 0.0,
    "photo_to_art_clip_style": 0.6152564836045106,
    "photo_to_art_fid": 288.5976578307981,
    "photo_to_art_art_fid": 400.9629899873646,
    "photo_to_art_classifier_acc": 0.0
  },
  "best": {
    "best_transfer_classifier_acc": {
      "epoch": 20,
      "summary_path": "..\\spatial-adagn\\full_eval\\epoch_0020\\summary.json",
      "transfer_clip_style": 0.6493372738858064,
      "transfer_content_lpips": 0.36468604986666664,
      "transfer_fid": 285.59038406845974,
      "transfer_art_fid": 395.7534922846509,
      "transfer_classifier_acc": 0.0,
      "photo_to_art_clip_style": 0.6084343199928601,
      "photo_to_art_fid": 285.59038406845974,
      "photo_to_art_art_fid": 395.7534922846509,
      "photo_to_art_classifier_acc": 0.0
    },
    "best_transfer_clip_style": {
      "epoch": 20,
      "summary_path": "..\\spatial-adagn\\full_eval\\epoch_0020\\summary.json",
      "transfer_clip_style": 0.6493372738858064,
      "transfer_content_lpips": 0.36468604986666664,
      "transfer_fid": 285.59038406845974,
      "transfer_art_fid": 395.7534922846509,
      "transfer_classifier_acc": 0.0,
      "photo_to_art_clip_style": 0.6084343199928601,
      "photo_to_art_fid": 285.59038406845974,
      "photo_to_art_art_fid": 395.7534922846509,
      "photo_to_art_classifier_acc": 0.0
    },
    "best_transfer_fid": {
      "epoch": 20,
      "summary_path": "..\\spatial-adagn\\full_eval\\epoch_0020\\summary.json",
      "transfer_clip_style": 0.6493372738858064,
      "transfer_content_lpips": 0.36468604986666664,
      "transfer_fid": 285.59038406845974,
      "transfer_art_fid": 395.7534922846509,
      "transfer_classifier_acc": 0.0,
      "photo_to_art_clip_style": 0.6084343199928601,
      "photo_to_art_fid": 285.59038406845974,
      "photo_to_art_art_fid": 395.7534922846509,
      "photo_to_art_classifier_acc": 0.0
    },
    "best_transfer_art_fid": {
      "epoch": 20,
      "summary_path": "..\\spatial-adagn\\full_eval\\epoch_0020\\summary.json",
      "transfer_clip_style": 0.6493372738858064,
      "transfer_content_lpips": 0.36468604986666664,
      "transfer_fid": 285.59038406845974,
      "transfer_art_fid": 395.7534922846509,
      "transfer_classifier_acc": 0.0,
      "photo_to_art_clip_style": 0.6084343199928601,
      "photo_to_art_fid": 285.59038406845974,
      "photo_to_art_art_fid": 395.7534922846509,
      "photo_to_art_classifier_acc": 0.0
    },
    "best_photo_to_art_classifier_acc": {
      "epoch": 20,
      "summary_path": "..\\spatial-adagn\\full_eval\\epoch_0020\\summary.json",
      "transfer_clip_style": 0.6493372738858064,
      "transfer_content_lpips": 0.36468604986666664,
      "transfer_fid": 285.59038406845974,
      "transfer_art_fid": 395.7534922846509,
      "transfer_classifier_acc": 0.0,
      "photo_to_art_clip_style": 0.6084343199928601,
      "photo_to_art_fid": 285.59038406845974,
      "photo_to_art_art_fid": 395.7534922846509,
      "photo_to_art_classifier_acc": 0.0
    },
    "best_photo_to_art_clip_style": {
      "epoch": 100,
      "summary_path": "..\\spatial-adagn\\full_eval\\epoch_0100\\summary.json",
      "transfer_clip_style": 0.647999062091112,
      "transfer_content_lpips": 0.35984067614000004,
      "transfer_fid": 291.60493159313637,
      "transfer_art_fid": 406.17248769007836,
      "transfer_classifier_acc": 0.0,
      "photo_to_art_clip_style": 0.622078647216161,
      "photo_to_art_fid": 291.60493159313637,
      "photo_to_art_art_fid": 406.17248769007836,
      "photo_to_art_classifier_acc": 0.0
    },
    "best_photo_to_art_fid": {
      "epoch": 20,
      "summary_path": "..\\spatial-adagn\\full_eval\\epoch_0020\\summary.json",
      "transfer_clip_style": 0.6493372738858064,
      "transfer_content_lpips": 0.36468604986666664,
      "transfer_fid": 285.59038406845974,
      "transfer_art_fid": 395.7534922846509,
      "transfer_classifier_acc": 0.0,
      "photo_to_art_clip_style": 0.6084343199928601,
      "photo_to_art_fid": 285.59038406845974,
      "photo_to_art_art_fid": 395.7534922846509,
      "photo_to_art_classifier_acc": 0.0
    },
    "best_photo_to_art_art_fid": {
      "epoch": 20,
      "summary_path": "..\\spatial-adagn\\full_eval\\epoch_0020\\summary.json",
      "transfer_clip_style": 0.6493372738858064,
      "transfer_content_lpips": 0.36468604986666664,
      "transfer_fid": 285.59038406845974,
      "transfer_art_fid": 395.7534922846509,
      "transfer_classifier_acc": 0.0,
      "photo_to_art_clip_style": 0.6084343199928601,
      "photo_to_art_fid": 285.59038406845974,
      "photo_to_art_art_fid": 395.7534922846509,
      "photo_to_art_classifier_acc": 0.0
    },
    "best_transfer_content_lpips": {
      "epoch": 100,
      "summary_path": "..\\spatial-adagn\\full_eval\\epoch_0100\\summary.json",
      "transfer_clip_style": 0.647999062091112,
      "transfer_content_lpips": 0.35984067614000004,
      "transfer_fid": 291.60493159313637,
      "transfer_art_fid": 406.17248769007836,
      "transfer_classifier_acc": 0.0,
      "photo_to_art_clip_style": 0.622078647216161,
      "photo_to_art_fid": 291.60493159313637,
      "photo_to_art_art_fid": 406.17248769007836,
      "photo_to_art_classifier_acc": 0.0
    }
  },
  "rounds": [
    {
      "epoch": 20,
      "summary_path": "..\\spatial-adagn\\full_eval\\epoch_0020\\summary.json",
      "transfer_clip_style": 0.6493372738858064,
      "transfer_content_lpips": 0.36468604986666664,
      "transfer_fid": 285.59038406845974,
      "transfer_art_fid": 395.7534922846509,
      "transfer_classifier_acc": 0.0,
      "photo_to_art_clip_style": 0.6084343199928601,
      "photo_to_art_fid": 285.59038406845974,
      "photo_to_art_art_fid": 395.7534922846509,
      "photo_to_art_classifier_acc": 0.0
    },
    {
      "epoch": 100,
      "summary_path": "..\\spatial-adagn\\full_eval\\epoch_0100\\summary.json",
      "transfer_clip_style": 0.647999062091112,
      "transfer_content_lpips": 0.35984067614000004,
      "transfer_fid": 291.60493159313637,
      "transfer_art_fid": 406.17248769007836,
      "transfer_classifier_acc": 0.0,
      "photo_to_art_clip_style": 0.622078647216161,
      "photo_to_art_fid": 291.60493159313637,
      "photo_to_art_art_fid": 406.17248769007836,
      "photo_to_art_classifier_acc": 0.0
    }
  ],
  "updated_at": "2026-02-24 22:47:13"
}