{
  "num_rounds": 2,
  "latest": {
    "epoch": 80,
    "summary_path": "spatial-adagn-expB-depth\\full_eval\\epoch_0080\\summary.json",
    "transfer_clip_style": 0.6414599415163199,
    "transfer_content_lpips": 0.39209020828333335,
    "transfer_fid_baseline": 300.88946089756377,
    "transfer_fid": 289.34580407963495,
    "transfer_delta_fid": 11.543656817928799,
    "transfer_delta_fid_ratio": 0.040120184341152575,
    "transfer_art_fid": 416.66630393688195,
    "transfer_classifier_acc": 0.0,
    "photo_to_art_clip_style": 0.6059942796826363,
    "photo_to_art_fid_baseline": 300.88946089756377,
    "photo_to_art_fid": 289.34580407963495,
    "photo_to_art_delta_fid": 11.543656817928799,
    "photo_to_art_delta_fid_ratio": 0.040120184341152575,
    "photo_to_art_art_fid": 416.66630393688195,
    "photo_to_art_classifier_acc": 0.0
  },
  "mean": {
    "transfer_clip_style": 0.6435697073241075,
    "transfer_content_lpips": 0.37758595520000005,
    "transfer_fid_baseline": 300.8913400708839,
    "transfer_fid": 289.45356550185613,
    "transfer_delta_fid": 11.437774569027784,
    "transfer_delta_fid_ratio": 0.03993813180606642,
    "transfer_art_fid": 411.47961044120365,
    "transfer_classifier_acc": 0.0,
    "photo_to_art_clip_style": 0.6104034314552943,
    "photo_to_art_fid_baseline": 300.8913400708839,
    "photo_to_art_fid": 289.45356550185613,
    "photo_to_art_delta_fid": 11.437774569027784,
    "photo_to_art_delta_fid_ratio": 0.03993813180606642,
    "photo_to_art_art_fid": 411.47961044120365,
    "photo_to_art_classifier_acc": 0.0
  },
  "best": {
    "best_transfer_clip_style": {
      "epoch": 40,
      "summary_path": "spatial-adagn-expB-depth\\full_eval\\epoch_0040\\summary.json",
      "transfer_clip_style": 0.645679473131895,
      "transfer_content_lpips": 0.3630817021166667,
      "transfer_fid_baseline": 300.8932192442041,
      "transfer_fid": 289.5613269240773,
      "transfer_delta_fid": 11.33189232012677,
      "transfer_delta_fid_ratio": 0.03975607927098026,
      "transfer_art_fid": 406.29291694552535,
      "transfer_classifier_acc": 0.0,
      "photo_to_art_clip_style": 0.6148125832279523,
      "photo_to_art_fid_baseline": 300.8932192442041,
      "photo_to_art_fid": 289.5613269240773,
      "photo_to_art_delta_fid": 11.33189232012677,
      "photo_to_art_delta_fid_ratio": 0.03975607927098026,
      "photo_to_art_art_fid": 406.29291694552535,
      "photo_to_art_classifier_acc": 0.0
    },
    "best_transfer_delta_fid": {
      "epoch": 80,
      "summary_path": "spatial-adagn-expB-depth\\full_eval\\epoch_0080\\summary.json",
      "transfer_clip_style": 0.6414599415163199,
      "transfer_content_lpips": 0.39209020828333335,
      "transfer_fid_baseline": 300.88946089756377,
      "transfer_fid": 289.34580407963495,
      "transfer_delta_fid": 11.543656817928799,
      "transfer_delta_fid_ratio": 0.040120184341152575,
      "transfer_art_fid": 416.66630393688195,
      "transfer_classifier_acc": 0.0,
      "photo_to_art_clip_style": 0.6059942796826363,
      "photo_to_art_fid_baseline": 300.88946089756377,
      "photo_to_art_fid": 289.34580407963495,
      "photo_to_art_delta_fid": 11.543656817928799,
      "photo_to_art_delta_fid_ratio": 0.040120184341152575,
      "photo_to_art_art_fid": 416.66630393688195,
      "photo_to_art_classifier_acc": 0.0
    },
    "best_transfer_content_lpips": {
      "epoch": 40,
      "summary_path": "spatial-adagn-expB-depth\\full_eval\\epoch_0040\\summary.json",
      "transfer_clip_style": 0.645679473131895,
      "transfer_content_lpips": 0.3630817021166667,
      "transfer_fid_baseline": 300.8932192442041,
      "transfer_fid": 289.5613269240773,
      "transfer_delta_fid": 11.33189232012677,
      "transfer_delta_fid_ratio": 0.03975607927098026,
      "transfer_art_fid": 406.29291694552535,
      "transfer_classifier_acc": 0.0,
      "photo_to_art_clip_style": 0.6148125832279523,
      "photo_to_art_fid_baseline": 300.8932192442041,
      "photo_to_art_fid": 289.5613269240773,
      "photo_to_art_delta_fid": 11.33189232012677,
      "photo_to_art_delta_fid_ratio": 0.03975607927098026,
      "photo_to_art_art_fid": 406.29291694552535,
      "photo_to_art_classifier_acc": 0.0
    },
    "best_photo_to_art_clip_style": {
      "epoch": 40,
      "summary_path": "spatial-adagn-expB-depth\\full_eval\\epoch_0040\\summary.json",
      "transfer_clip_style": 0.645679473131895,
      "transfer_content_lpips": 0.3630817021166667,
      "transfer_fid_baseline": 300.8932192442041,
      "transfer_fid": 289.5613269240773,
      "transfer_delta_fid": 11.33189232012677,
      "transfer_delta_fid_ratio": 0.03975607927098026,
      "transfer_art_fid": 406.29291694552535,
      "transfer_classifier_acc": 0.0,
      "photo_to_art_clip_style": 0.6148125832279523,
      "photo_to_art_fid_baseline": 300.8932192442041,
      "photo_to_art_fid": 289.5613269240773,
      "photo_to_art_delta_fid": 11.33189232012677,
      "photo_to_art_delta_fid_ratio": 0.03975607927098026,
      "photo_to_art_art_fid": 406.29291694552535,
      "photo_to_art_classifier_acc": 0.0
    },
    "best_photo_to_art_delta_fid": {
      "epoch": 80,
      "summary_path": "spatial-adagn-expB-depth\\full_eval\\epoch_0080\\summary.json",
      "transfer_clip_style": 0.6414599415163199,
      "transfer_content_lpips": 0.39209020828333335,
      "transfer_fid_baseline": 300.88946089756377,
      "transfer_fid": 289.34580407963495,
      "transfer_delta_fid": 11.543656817928799,
      "transfer_delta_fid_ratio": 0.040120184341152575,
      "transfer_art_fid": 416.66630393688195,
      "transfer_classifier_acc": 0.0,
      "photo_to_art_clip_style": 0.6059942796826363,
      "photo_to_art_fid_baseline": 300.88946089756377,
      "photo_to_art_fid": 289.34580407963495,
      "photo_to_art_delta_fid": 11.543656817928799,
      "photo_to_art_delta_fid_ratio": 0.040120184341152575,
      "photo_to_art_art_fid": 416.66630393688195,
      "photo_to_art_classifier_acc": 0.0
    }
  },
  "rounds": [
    {
      "epoch": 40,
      "summary_path": "spatial-adagn-expB-depth\\full_eval\\epoch_0040\\summary.json",
      "transfer_clip_style": 0.645679473131895,
      "transfer_content_lpips": 0.3630817021166667,
      "transfer_fid_baseline": 300.8932192442041,
      "transfer_fid": 289.5613269240773,
      "transfer_delta_fid": 11.33189232012677,
      "transfer_delta_fid_ratio": 0.03975607927098026,
      "transfer_art_fid": 406.29291694552535,
      "transfer_classifier_acc": 0.0,
      "photo_to_art_clip_style": 0.6148125832279523,
      "photo_to_art_fid_baseline": 300.8932192442041,
      "photo_to_art_fid": 289.5613269240773,
      "photo_to_art_delta_fid": 11.33189232012677,
      "photo_to_art_delta_fid_ratio": 0.03975607927098026,
      "photo_to_art_art_fid": 406.29291694552535,
      "photo_to_art_classifier_acc": 0.0
    },
    {
      "epoch": 80,
      "summary_path": "spatial-adagn-expB-depth\\full_eval\\epoch_0080\\summary.json",
      "transfer_clip_style": 0.6414599415163199,
      "transfer_content_lpips": 0.39209020828333335,
      "transfer_fid_baseline": 300.88946089756377,
      "transfer_fid": 289.34580407963495,
      "transfer_delta_fid": 11.543656817928799,
      "transfer_delta_fid_ratio": 0.040120184341152575,
      "transfer_art_fid": 416.66630393688195,
      "transfer_classifier_acc": 0.0,
      "photo_to_art_clip_style": 0.6059942796826363,
      "photo_to_art_fid_baseline": 300.88946089756377,
      "photo_to_art_fid": 289.34580407963495,
      "photo_to_art_delta_fid": 11.543656817928799,
      "photo_to_art_delta_fid_ratio": 0.040120184341152575,
      "photo_to_art_art_fid": 416.66630393688195,
      "photo_to_art_classifier_acc": 0.0
    }
  ],
  "updated_at": "2026-02-25 09:31:59"
}