{
  "checkpoint": "../overfit50-v5-mse-sharp/epoch_0040.pt",
  "timestamp": "2026-02-10 23:12:09",
  "matrix_breakdown": {
    "photo": {
      "photo": {
        "count": 50,
        "clip_style": 0.6361273336410522,
        "style_lpips": 0.7514073181152344,
        "content_lpips": 0.2904672602,
        "clip_content": 0.9049324346000001,
        "classifier_acc": 0.96
      },
      "Hayao": {
        "count": 50,
        "clip_style": 0.47419990062713624,
        "style_lpips": 0.7938342547416687,
        "content_lpips": 0.28911480619999996,
        "clip_content": 0.9017737205999999,
        "classifier_acc": 0.06
      }
    },
    "Hayao": {
      "photo": {
        "count": 50,
        "clip_style": 0.40788254618644715,
        "style_lpips": 0.8029627215862274,
        "content_lpips": 0.19444535452,
        "clip_content": 0.9445807134,
        "classifier_acc": 0.1
      },
      "Hayao": {
        "count": 50,
        "clip_style": 0.7197053575515747,
        "style_lpips": 0.726899995803833,
        "content_lpips": 0.1966929188,
        "clip_content": 0.9446223554,
        "classifier_acc": 0.96
      }
    }
  },
  "analysis": {
    "style_transfer_ability": {
      "clip_style": 0.4410412234067917,
      "content_lpips": 0.24178008035999998,
      "classifier_acc": 0.08
    },
    "photo_to_art_performance": {
      "clip_style": 0.47419990062713624,
      "valid": true,
      "classifier_acc": 0.06
    }
  },
  "classification_report": {
    "Hayao": {
      "precision": 0.5204081632653061,
      "recall": 0.51,
      "f1-score": 0.5151515151515151,
      "support": 100.0
    },
    "photo": {
      "precision": 0.5196078431372549,
      "recall": 0.53,
      "f1-score": 0.5247524752475248,
      "support": 100.0
    },
    "accuracy": 0.52,
    "macro avg": {
      "precision": 0.5200080032012806,
      "recall": 0.52,
      "f1-score": 0.51995199519952,
      "support": 200.0
    },
    "weighted avg": {
      "precision": 0.5200080032012806,
      "recall": 0.52,
      "f1-score": 0.51995199519952,
      "support": 200.0
    }
  },
  "detailed_style_metrics": {
    "Hayao": {
      "precision": 0.5204081632653061,
      "recall": 0.51,
      "f1_score": 0.5151515151515151,
      "support": 100
    },
    "photo": {
      "precision": 0.5196078431372549,
      "recall": 0.53,
      "f1_score": 0.5247524752475248,
      "support": 100
    }
  }
}