{
  "checkpoint": "G:\\GitHub\\Latent_Style\\Cycle-NCE\\ssim-optun-nce\\trial_0226\\epoch_0001.pt",
  "timestamp": "2026-02-20 13:07:27",
  "matrix_breakdown": {
    "photo": {
      "photo": {
        "count": 10,
        "style_swd": 1.8848153352737427,
        "content_ssim": 0.32269771999999997,
        "classifier_acc": null
      },
      "Hayao": {
        "count": 10,
        "style_swd": 2.2350770056247713,
        "content_ssim": 0.34570312499999994,
        "classifier_acc": null
      },
      "monet": {
        "count": 10,
        "style_swd": 1.1109646290540696,
        "content_ssim": 0.34001627,
        "classifier_acc": null
      },
      "cezanne": {
        "count": 10,
        "style_swd": 1.1851048737764358,
        "content_ssim": 0.32437472300000003,
        "classifier_acc": null
      },
      "vangogh": {
        "count": 10,
        "style_swd": 2.265647268295288,
        "content_ssim": 0.3210771599999999,
        "classifier_acc": null
      }
    },
    "Hayao": {
      "photo": {
        "count": 10,
        "style_swd": 1.8599224090576172,
        "content_ssim": 0.474189508,
        "classifier_acc": null
      },
      "Hayao": {
        "count": 10,
        "style_swd": 1.9507286369800567,
        "content_ssim": 0.508439205,
        "classifier_acc": null
      },
      "monet": {
        "count": 10,
        "style_swd": 1.2255345910787583,
        "content_ssim": 0.5769312469999999,
        "classifier_acc": null
      },
      "cezanne": {
        "count": 10,
        "style_swd": 1.2034563452005387,
        "content_ssim": 0.560818413,
        "classifier_acc": null
      },
      "vangogh": {
        "count": 10,
        "style_swd": 2.2250778138637544,
        "content_ssim": 0.5465585629999999,
        "classifier_acc": null
      }
    },
    "monet": {
      "photo": {
        "count": 10,
        "style_swd": 1.8648738980293273,
        "content_ssim": 0.324919491,
        "classifier_acc": null
      },
      "Hayao": {
        "count": 10,
        "style_swd": 2.29388222694397,
        "content_ssim": 0.410555396,
        "classifier_acc": null
      },
      "monet": {
        "count": 10,
        "style_swd": 1.1113566249608993,
        "content_ssim": 0.382762041,
        "classifier_acc": null
      },
      "cezanne": {
        "count": 10,
        "style_swd": 1.0081657469272614,
        "content_ssim": 0.317113139,
        "classifier_acc": null
      },
      "vangogh": {
        "count": 10,
        "style_swd": 2.272928202152252,
        "content_ssim": 0.34709083399999996,
        "classifier_acc": null
      }
    },
    "cezanne": {
      "photo": {
        "count": 10,
        "style_swd": 1.8143205761909484,
        "content_ssim": 0.384064256,
        "classifier_acc": null
      },
      "Hayao": {
        "count": 10,
        "style_swd": 2.027991896867752,
        "content_ssim": 0.48636213899999997,
        "classifier_acc": null
      },
      "monet": {
        "count": 10,
        "style_swd": 1.168082019686699,
        "content_ssim": 0.461830206,
        "classifier_acc": null
      },
      "cezanne": {
        "count": 10,
        "style_swd": 1.0250226229429245,
        "content_ssim": 0.40993322600000004,
        "classifier_acc": null
      },
      "vangogh": {
        "count": 10,
        "style_swd": 2.214216023683548,
        "content_ssim": 0.4315287710000001,
        "classifier_acc": null
      }
    },
    "vangogh": {
      "photo": {
        "count": 10,
        "style_swd": 1.9513534724712371,
        "content_ssim": 0.27038274700000003,
        "classifier_acc": null
      },
      "Hayao": {
        "count": 10,
        "style_swd": 1.8045799821615218,
        "content_ssim": 0.388803257,
        "classifier_acc": null
      },
      "monet": {
        "count": 10,
        "style_swd": 1.1589566469192505,
        "content_ssim": 0.345922863,
        "classifier_acc": null
      },
      "cezanne": {
        "count": 10,
        "style_swd": 1.003717640042305,
        "content_ssim": 0.307198697,
        "classifier_acc": null
      },
      "vangogh": {
        "count": 10,
        "style_swd": 2.0019663631916047,
        "content_ssim": 0.318400624,
        "classifier_acc": null
      }
    }
  },
  "analysis": {
    "style_transfer_ability": {
      "style_swd": 1.6946926634013653,
      "content_ssim": 0.39827204025,
      "classifier_acc": 0.0
    },
    "photo_to_art_performance": {
      "style_swd": 1.6991984441876413,
      "valid": true,
      "classifier_acc": 0.0
    }
  },
  "classification_report": null,
  "detailed_style_metrics": {}
}