{
  "checkpoint": "G:\\GitHub\\Latent_Style\\Cycle-NCE\\ssim-optun-nce\\trial_0229\\epoch_0001.pt",
  "timestamp": "2026-02-20 13:18:29",
  "matrix_breakdown": {
    "photo": {
      "photo": {
        "count": 10,
        "style_swd": 1.8742125451564788,
        "content_ssim": 0.322035863,
        "classifier_acc": null
      },
      "Hayao": {
        "count": 10,
        "style_swd": 2.2149946063756945,
        "content_ssim": 0.34330195,
        "classifier_acc": null
      },
      "monet": {
        "count": 10,
        "style_swd": 1.0998043894767762,
        "content_ssim": 0.34013469399999996,
        "classifier_acc": null
      },
      "cezanne": {
        "count": 10,
        "style_swd": 1.1531043142080306,
        "content_ssim": 0.31332465600000003,
        "classifier_acc": null
      },
      "vangogh": {
        "count": 10,
        "style_swd": 2.278547668457031,
        "content_ssim": 0.322379482,
        "classifier_acc": null
      }
    },
    "Hayao": {
      "photo": {
        "count": 10,
        "style_swd": 1.8583372414112092,
        "content_ssim": 0.4765397600000001,
        "classifier_acc": null
      },
      "Hayao": {
        "count": 10,
        "style_swd": 1.9582625955343247,
        "content_ssim": 0.5230745349999999,
        "classifier_acc": null
      },
      "monet": {
        "count": 10,
        "style_swd": 1.1836644619703294,
        "content_ssim": 0.574728795,
        "classifier_acc": null
      },
      "cezanne": {
        "count": 10,
        "style_swd": 1.2281222999095918,
        "content_ssim": 0.542199211,
        "classifier_acc": null
      },
      "vangogh": {
        "count": 10,
        "style_swd": 2.1859284043312073,
        "content_ssim": 0.5464084409999999,
        "classifier_acc": null
      }
    },
    "monet": {
      "photo": {
        "count": 10,
        "style_swd": 1.9172294974327087,
        "content_ssim": 0.32427338600000005,
        "classifier_acc": null
      },
      "Hayao": {
        "count": 10,
        "style_swd": 2.287306171655655,
        "content_ssim": 0.41289813000000003,
        "classifier_acc": null
      },
      "monet": {
        "count": 10,
        "style_swd": 1.1379348635673523,
        "content_ssim": 0.37886956299999996,
        "classifier_acc": null
      },
      "cezanne": {
        "count": 10,
        "style_swd": 1.0094986975193023,
        "content_ssim": 0.305312396,
        "classifier_acc": null
      },
      "vangogh": {
        "count": 10,
        "style_swd": 2.2944999992847444,
        "content_ssim": 0.349019542,
        "classifier_acc": null
      }
    },
    "cezanne": {
      "photo": {
        "count": 10,
        "style_swd": 1.8395211160182954,
        "content_ssim": 0.385704897,
        "classifier_acc": null
      },
      "Hayao": {
        "count": 10,
        "style_swd": 2.0411521226167677,
        "content_ssim": 0.491165867,
        "classifier_acc": null
      },
      "monet": {
        "count": 10,
        "style_swd": 1.130938133597374,
        "content_ssim": 0.45739441200000003,
        "classifier_acc": null
      },
      "cezanne": {
        "count": 10,
        "style_swd": 0.9948633044958115,
        "content_ssim": 0.394363055,
        "classifier_acc": null
      },
      "vangogh": {
        "count": 10,
        "style_swd": 2.209956705570221,
        "content_ssim": 0.432854811,
        "classifier_acc": null
      }
    },
    "vangogh": {
      "photo": {
        "count": 10,
        "style_swd": 1.9494185984134673,
        "content_ssim": 0.271315985,
        "classifier_acc": null
      },
      "Hayao": {
        "count": 10,
        "style_swd": 1.7678488224744797,
        "content_ssim": 0.393255648,
        "classifier_acc": null
      },
      "monet": {
        "count": 10,
        "style_swd": 1.1623763293027878,
        "content_ssim": 0.342338392,
        "classifier_acc": null
      },
      "cezanne": {
        "count": 10,
        "style_swd": 0.9825985163450242,
        "content_ssim": 0.29337182240000004,
        "classifier_acc": null
      },
      "vangogh": {
        "count": 10,
        "style_swd": 2.01070818901062,
        "content_ssim": 0.31875608099999997,
        "classifier_acc": null
      }
    }
  },
  "analysis": {
    "style_transfer_ability": {
      "style_swd": 1.6897424048185345,
      "content_ssim": 0.39589611387,
      "classifier_acc": 0.0
    },
    "photo_to_art_performance": {
      "style_swd": 1.6866127446293833,
      "valid": true,
      "classifier_acc": 0.0
    }
  },
  "classification_report": null,
  "detailed_style_metrics": {}
}