{
  "checkpoint": "../adacut_overfit/epoch_0100.pt",
  "timestamp": "2026-02-08 13:45:44",
  "matrix_breakdown": {
    "photo": {
      "photo": {
        "count": 8,
        "clip_style": 0.6315851211547852,
        "style_lpips": 0.7384441941976547,
        "content_lpips": 0.26693967125,
        "clip_content": 0.9174489575,
        "classifier_acc": 1.0
      },
      "Hayao": {
        "count": 8,
        "clip_style": 0.527669046074152,
        "style_lpips": 0.7803586721420288,
        "content_lpips": 0.32450182875,
        "clip_content": 0.8828979725,
        "classifier_acc": 0.0
      }
    },
    "Hayao": {
      "photo": {
        "count": 8,
        "clip_style": 0.39794858917593956,
        "style_lpips": 0.8084483817219734,
        "content_lpips": 0.24112704625,
        "clip_content": 0.923216005,
        "classifier_acc": 0.375
      },
      "Hayao": {
        "count": 8,
        "clip_style": 0.7161268815398216,
        "style_lpips": 0.7633023038506508,
        "content_lpips": 0.22326059625,
        "clip_content": 0.93027137,
        "classifier_acc": 0.75
      }
    }
  },
  "analysis": {
    "style_transfer_ability": {
      "clip_style": 0.4628088176250458,
      "content_lpips": 0.2828144375,
      "classifier_acc": 0.1875
    },
    "photo_to_art_performance": {
      "clip_style": 0.527669046074152,
      "valid": true,
      "classifier_acc": 0.0
    }
  },
  "classification_report": {
    "Hayao": {
      "precision": 0.5454545454545454,
      "recall": 0.375,
      "f1-score": 0.4444444444444444,
      "support": 16.0
    },
    "photo": {
      "precision": 0.5238095238095238,
      "recall": 0.6875,
      "f1-score": 0.5945945945945946,
      "support": 16.0
    },
    "accuracy": 0.53125,
    "macro avg": {
      "precision": 0.5346320346320346,
      "recall": 0.53125,
      "f1-score": 0.5195195195195195,
      "support": 32.0
    },
    "weighted avg": {
      "precision": 0.5346320346320346,
      "recall": 0.53125,
      "f1-score": 0.5195195195195195,
      "support": 32.0
    }
  },
  "detailed_style_metrics": {
    "Hayao": {
      "precision": 0.5454545454545454,
      "recall": 0.375,
      "f1_score": 0.4444444444444444,
      "support": 16
    },
    "photo": {
      "precision": 0.5238095238095238,
      "recall": 0.6875,
      "f1_score": 0.5945945945945946,
      "support": 16
    }
  }
}