{
  "checkpoint": "G:\\GitHub\\Latent_Style\\Cycle-NCE\\ssim-optun-nce\\trial_0243\\epoch_0001.pt",
  "timestamp": "2026-02-20 14:09:59",
  "matrix_breakdown": {
    "photo": {
      "photo": {
        "count": 10,
        "style_swd": 1.9085407376289367,
        "content_ssim": 0.344077105,
        "classifier_acc": null
      },
      "Hayao": {
        "count": 10,
        "style_swd": 2.180138647556305,
        "content_ssim": 0.337356339,
        "classifier_acc": null
      },
      "monet": {
        "count": 10,
        "style_swd": 1.1299275875091552,
        "content_ssim": 0.341832709,
        "classifier_acc": null
      },
      "cezanne": {
        "count": 10,
        "style_swd": 1.450608804821968,
        "content_ssim": 0.341316418,
        "classifier_acc": null
      },
      "vangogh": {
        "count": 10,
        "style_swd": 2.4981121361255645,
        "content_ssim": 0.310864969,
        "classifier_acc": null
      }
    },
    "Hayao": {
      "photo": {
        "count": 10,
        "style_swd": 1.8984717667102813,
        "content_ssim": 0.48423986799999996,
        "classifier_acc": null
      },
      "Hayao": {
        "count": 10,
        "style_swd": 2.009839215874672,
        "content_ssim": 0.47068889599999997,
        "classifier_acc": null
      },
      "monet": {
        "count": 10,
        "style_swd": 1.0607537120580672,
        "content_ssim": 0.524788856,
        "classifier_acc": null
      },
      "cezanne": {
        "count": 10,
        "style_swd": 1.2239326626062392,
        "content_ssim": 0.550964346,
        "classifier_acc": null
      },
      "vangogh": {
        "count": 10,
        "style_swd": 2.2852267265319823,
        "content_ssim": 0.510236183,
        "classifier_acc": null
      }
    },
    "monet": {
      "photo": {
        "count": 10,
        "style_swd": 1.840659987926483,
        "content_ssim": 0.32613404,
        "classifier_acc": null
      },
      "Hayao": {
        "count": 10,
        "style_swd": 1.9720299512147903,
        "content_ssim": 0.346686771,
        "classifier_acc": null
      },
      "monet": {
        "count": 10,
        "style_swd": 1.0589231640100478,
        "content_ssim": 0.36849305200000004,
        "classifier_acc": null
      },
      "cezanne": {
        "count": 10,
        "style_swd": 1.1672677904367448,
        "content_ssim": 0.390012794,
        "classifier_acc": null
      },
      "vangogh": {
        "count": 10,
        "style_swd": 2.2268798530101774,
        "content_ssim": 0.326579246,
        "classifier_acc": null
      }
    },
    "cezanne": {
      "photo": {
        "count": 10,
        "style_swd": 1.8490711212158204,
        "content_ssim": 0.37153933100000003,
        "classifier_acc": null
      },
      "Hayao": {
        "count": 10,
        "style_swd": 1.906351163983345,
        "content_ssim": 0.397368653,
        "classifier_acc": null
      },
      "monet": {
        "count": 10,
        "style_swd": 1.0463561326265336,
        "content_ssim": 0.45190593300000004,
        "classifier_acc": null
      },
      "cezanne": {
        "count": 10,
        "style_swd": 1.137944746017456,
        "content_ssim": 0.48644108399999997,
        "classifier_acc": null
      },
      "vangogh": {
        "count": 10,
        "style_swd": 2.135284560918808,
        "content_ssim": 0.41194071900000007,
        "classifier_acc": null
      }
    },
    "vangogh": {
      "photo": {
        "count": 10,
        "style_swd": 1.8601694703102112,
        "content_ssim": 0.285187335,
        "classifier_acc": null
      },
      "Hayao": {
        "count": 10,
        "style_swd": 1.9555830478668212,
        "content_ssim": 0.31188244540000004,
        "classifier_acc": null
      },
      "monet": {
        "count": 10,
        "style_swd": 1.0884152621030807,
        "content_ssim": 0.323429393,
        "classifier_acc": null
      },
      "cezanne": {
        "count": 10,
        "style_swd": 1.0275105327367782,
        "content_ssim": 0.382146051,
        "classifier_acc": null
      },
      "vangogh": {
        "count": 10,
        "style_swd": 2.1920414090156557,
        "content_ssim": 0.296788814,
        "classifier_acc": null
      }
    }
  },
  "analysis": {
    "style_transfer_ability": {
      "style_swd": 1.6901375459134578,
      "content_ssim": 0.38632061997,
      "classifier_acc": 0.0
    },
    "photo_to_art_performance": {
      "style_swd": 1.8146967940032481,
      "valid": true,
      "classifier_acc": 0.0
    }
  },
  "classification_report": null,
  "detailed_style_metrics": {}
}