{
  "checkpoint": "..\\exp_C_macro_texture\\epoch_0060.pt",
  "timestamp": "2026-02-26 03:38:40",
  "metrics_note": {
    "clip_dir": "cos( CLIP(gen)-CLIP(src), CLIP(target_style_proto)-CLIP(src) ) - Measures edit direction.",
    "clip_style": "cos( CLIP(gen), CLIP(target_style_proto) ) - Measures absolute style similarity.",
    "fid_baseline": "FID between source-domain images and target-style references.",
    "fid": "FID between generated images and target-style real references (Inception features).",
    "delta_fid": "fid_baseline - fid (higher is better).",
    "delta_fid_ratio": "delta_fid / fid_baseline (relative improvement ratio).",
    "art_fid": "computed as (1 + fid_style) * (1 + content_lpips)"
  },
  "matrix_breakdown": {
    "photo": {
      "photo": {
        "count": 30,
        "clip_dir": 0.42833179732163745,
        "clip_style": 0.806281836827596,
        "style_lpips": 0.7498156368732453,
        "content_lpips": 0.35136117999999994,
        "clip_content": 0.8697494216666667,
        "fid_style": null,
        "art_fid": null,
        "fid_baseline": null,
        "delta_fid": null,
        "delta_fid_ratio": null,
        "classifier_acc": null
      },
      "Hayao": {
        "count": 30,
        "clip_dir": 0.4793553729852041,
        "clip_style": 0.6018074313799541,
        "style_lpips": 0.7539522568384807,
        "content_lpips": 0.4045917093333334,
        "clip_content": 0.8478824819999998,
        "fid_style": 327.74831551469026,
        "art_fid": 461.7571584292328,
        "fid_baseline": 334.729000932728,
        "delta_fid": 6.980685418037751,
        "delta_fid_ratio": 0.020854737410221265,
        "classifier_acc": null
      },
      "monet": {
        "count": 30,
        "clip_dir": 0.3484405865271886,
        "clip_style": 0.6238865077495575,
        "style_lpips": 0.7474859019120534,
        "content_lpips": 0.33010633333333333,
        "clip_content": 0.8879187169999999,
        "fid_style": 225.6751245982721,
        "art_fid": 301.5020188372842,
        "fid_baseline": 237.55478896111822,
        "delta_fid": 11.879664362846114,
        "delta_fid_ratio": 0.0500081030350877,
        "classifier_acc": null
      },
      "vangogh": {
        "count": 30,
        "clip_dir": 0.4707843671242396,
        "clip_style": 0.6633684813976288,
        "style_lpips": 0.7927459875742594,
        "content_lpips": 0.4529331243333334,
        "clip_content": 0.8428138403333334,
        "fid_style": 308.91655216412926,
        "art_fid": 450.28802441844283,
        "fid_baseline": 313.3414404549672,
        "delta_fid": 4.424888290837941,
        "delta_fid_ratio": 0.014121618527102793,
        "classifier_acc": null
      },
      "cezanne": {
        "count": 30,
        "clip_dir": 0.40579263865947723,
        "clip_style": 0.6117714762687683,
        "style_lpips": 0.7566580593585968,
        "content_lpips": 0.3903216056666666,
        "clip_content": 0.8608388173333331,
        "fid_style": 299.3345244667256,
        "art_fid": 417.5615782937128,
        "fid_baseline": 317.94764662800304,
        "delta_fid": 18.61312216127743,
        "delta_fid_ratio": 0.058541468567794366,
        "classifier_acc": null
      }
    },
    "Hayao": {
      "photo": {
        "count": 30,
        "clip_dir": 0.2910068410138289,
        "clip_style": 0.5477780371904373,
        "style_lpips": 0.7900153497854868,
        "content_lpips": 0.34151722700000003,
        "clip_content": 0.9058028273333335,
        "fid_style": null,
        "art_fid": null,
        "fid_baseline": null,
        "delta_fid": null,
        "delta_fid_ratio": null,
        "classifier_acc": null
      },
      "Hayao": {
        "count": 30,
        "clip_dir": 0.3410748466849327,
        "clip_style": 0.8575862348079681,
        "style_lpips": 0.7235934098561605,
        "content_lpips": 0.21593974833333332,
        "clip_content": 0.9338438253333334,
        "fid_style": null,
        "art_fid": null,
        "fid_baseline": null,
        "delta_fid": null,
        "delta_fid_ratio": null,
        "classifier_acc": null
      },
      "monet": {
        "count": 30,
        "clip_dir": 0.22236341660221418,
        "clip_style": 0.4721032748619715,
        "style_lpips": 0.7813405732313792,
        "content_lpips": 0.30926126133333326,
        "clip_content": 0.9091950286666666,
        "fid_style": null,
        "art_fid": null,
        "fid_baseline": null,
        "delta_fid": null,
        "delta_fid_ratio": null,
        "classifier_acc": null
      },
      "vangogh": {
        "count": 30,
        "clip_dir": 0.32072280446688334,
        "clip_style": 0.5705694168806076,
        "style_lpips": 0.7910992940266927,
        "content_lpips": 0.358459816,
        "clip_content": 0.8894167553333333,
        "fid_style": null,
        "art_fid": null,
        "fid_baseline": null,
        "delta_fid": null,
        "delta_fid_ratio": null,
        "classifier_acc": null
      },
      "cezanne": {
        "count": 30,
        "clip_dir": 0.2262879600127538,
        "clip_style": 0.5138572752475739,
        "style_lpips": 0.7648612598578135,
        "content_lpips": 0.30026855133333336,
        "clip_content": 0.9164633040000001,
        "fid_style": null,
        "art_fid": null,
        "fid_baseline": null,
        "delta_fid": null,
        "delta_fid_ratio": null,
        "classifier_acc": null
      }
    },
    "monet": {
      "photo": {
        "count": 30,
        "clip_dir": 0.49950024535258614,
        "clip_style": 0.7256095071633657,
        "style_lpips": 0.7611325701077779,
        "content_lpips": 0.37631299366666665,
        "clip_content": 0.8675082636666668,
        "fid_style": null,
        "art_fid": null,
        "fid_baseline": null,
        "delta_fid": null,
        "delta_fid_ratio": null,
        "classifier_acc": null
      },
      "Hayao": {
        "count": 30,
        "clip_dir": 0.4725072537859281,
        "clip_style": 0.5942711333433787,
        "style_lpips": 0.7563699762026469,
        "content_lpips": 0.423343436,
        "clip_content": 0.8475856086666665,
        "fid_style": null,
        "art_fid": null,
        "fid_baseline": null,
        "delta_fid": null,
        "delta_fid_ratio": null,
        "classifier_acc": null
      },
      "monet": {
        "count": 30,
        "clip_dir": 0.3062071457505226,
        "clip_style": 0.8311908642450968,
        "style_lpips": 0.7117766877015431,
        "content_lpips": 0.3414830126666667,
        "clip_content": 0.8897029626666665,
        "fid_style": null,
        "art_fid": null,
        "fid_baseline": null,
        "delta_fid": null,
        "delta_fid_ratio": null,
        "classifier_acc": null
      },
      "vangogh": {
        "count": 30,
        "clip_dir": 0.3811954925457636,
        "clip_style": 0.7937516053517659,
        "style_lpips": 0.7667726576328278,
        "content_lpips": 0.4205339116666667,
        "clip_content": 0.8470131450000001,
        "fid_style": null,
        "art_fid": null,
        "fid_baseline": null,
        "delta_fid": null,
        "delta_fid_ratio": null,
        "classifier_acc": null
      },
      "cezanne": {
        "count": 30,
        "clip_dir": 0.3350688636302948,
        "clip_style": 0.7863024294376373,
        "style_lpips": 0.7336450378100078,
        "content_lpips": 0.3767807896666666,
        "clip_content": 0.8739991909999999,
        "fid_style": null,
        "art_fid": null,
        "fid_baseline": null,
        "delta_fid": null,
        "delta_fid_ratio": null,
        "classifier_acc": null
      }
    },
    "vangogh": {
      "photo": {
        "count": 30,
        "clip_dir": 0.46069171180327734,
        "clip_style": 0.6875518937905629,
        "style_lpips": 0.7697974741458893,
        "content_lpips": 0.40671423933333334,
        "clip_content": 0.8451846453333335,
        "fid_style": null,
        "art_fid": null,
        "fid_baseline": null,
        "delta_fid": null,