{
  "num_rounds": 3,
  "latest": {
    "epoch": 60,
    "summary_path": "..\\scale_c64\\full_eval\\epoch_0060\\summary.json",
    "transfer_clip_style": 0.6680745955308278,
    "transfer_content_lpips": 0.4974596409666668,
    "transfer_fid": 327.08945888832153,
    "transfer_art_fid": 501.8863004062847,
    "transfer_classifier_acc": 0.0,
    "photo_to_art_clip_style": 0.6467574790120125,
    "photo_to_art_fid": 327.08945888832153,
    "photo_to_art_art_fid": 501.8863004062847,
    "photo_to_art_classifier_acc": 0.0
  },
  "mean": {
    "transfer_clip_style": 0.6676203425394164,
    "transfer_content_lpips": 0.49447356644444446,
    "transfer_fid": 319.3631649415444,
    "transfer_art_fid": 486.6282357032698,
    "transfer_classifier_acc": 0.0,
    "photo_to_art_clip_style": 0.645355116824309,
    "photo_to_art_fid": 319.3631649415444,
    "photo_to_art_art_fid": 486.6282357032698,
    "photo_to_art_classifier_acc": 0.0
  },
  "best": {
    "best_transfer_classifier_acc": {
      "epoch": 20,
      "summary_path": "..\\scale_c64\\full_eval\\epoch_0020\\summary.json",
      "transfer_clip_style": 0.6661936342716217,
      "transfer_content_lpips": 0.5049311268500001,
      "transfer_fid": 312.04672869761885,
      "transfer_art_fid": 475.79995098168945,
      "transfer_classifier_acc": 0.0,
      "photo_to_art_clip_style": 0.6410177061955133,
      "photo_to_art_fid": 312.04672869761885,
      "photo_to_art_art_fid": 475.79995098168945,
      "photo_to_art_classifier_acc": 0.0
    },
    "best_transfer_clip_style": {
      "epoch": 40,
      "summary_path": "..\\scale_c64\\full_eval\\epoch_0040\\summary.json",
      "transfer_clip_style": 0.6685927978157997,
      "transfer_content_lpips": 0.4810299315166667,
      "transfer_fid": 318.9533072386928,
      "transfer_art_fid": 482.1984557218352,
      "transfer_classifier_acc": 0.0,
      "photo_to_art_clip_style": 0.6482901652654012,
      "photo_to_art_fid": 318.9533072386928,
      "photo_to_art_art_fid": 482.1984557218352,
      "photo_to_art_classifier_acc": 0.0
    },
    "best_transfer_fid": {
      "epoch": 20,
      "summary_path": "..\\scale_c64\\full_eval\\epoch_0020\\summary.json",
      "transfer_clip_style": 0.6661936342716217,
      "transfer_content_lpips": 0.5049311268500001,
      "transfer_fid": 312.04672869761885,
      "transfer_art_fid": 475.79995098168945,
      "transfer_classifier_acc": 0.0,
      "photo_to_art_clip_style": 0.6410177061955133,
      "photo_to_art_fid": 312.04672869761885,
      "photo_to_art_art_fid": 475.79995098168945,
      "photo_to_art_classifier_acc": 0.0
    },
    "best_transfer_art_fid": {
      "epoch": 20,
      "summary_path": "..\\scale_c64\\full_eval\\epoch_0020\\summary.json",
      "transfer_clip_style": 0.6661936342716217,
      "transfer_content_lpips": 0.5049311268500001,
      "transfer_fid": 312.04672869761885,
      "transfer_art_fid": 475.79995098168945,
      "transfer_classifier_acc": 0.0,
      "photo_to_art_clip_style": 0.6410177061955133,
      "photo_to_art_fid": 312.04672869761885,
      "photo_to_art_art_fid": 475.79995098168945,
      "photo_to_art_classifier_acc": 0.0
    },
    "best_photo_to_art_classifier_acc": {
      "epoch": 20,
      "summary_path": "..\\scale_c64\\full_eval\\epoch_0020\\summary.json",
      "transfer_clip_style": 0.6661936342716217,
      "transfer_content_lpips": 0.5049311268500001,
      "transfer_fid": 312.04672869761885,
      "transfer_art_fid": 475.79995098168945,
      "transfer_classifier_acc": 0.0,
      "photo_to_art_clip_style": 0.6410177061955133,
      "photo_to_art_fid": 312.04672869761885,
      "photo_to_art_art_fid": 475.79995098168945,
      "photo_to_art_classifier_acc": 0.0
    },
    "best_photo_to_art_clip_style": {
      "epoch": 40,
      "summary_path": "..\\scale_c64\\full_eval\\epoch_0040\\summary.json",
      "transfer_clip_style": 0.6685927978157997,
      "transfer_content_lpips": 0.4810299315166667,
      "transfer_fid": 318.9533072386928,
      "transfer_art_fid": 482.1984557218352,
      "transfer_classifier_acc": 0.0,
      "photo_to_art_clip_style": 0.6482901652654012,
      "photo_to_art_fid": 318.9533072386928,
      "photo_to_art_art_fid": 482.1984557218352,
      "photo_to_art_classifier_acc": 0.0
    },
    "best_photo_to_art_fid": {
      "epoch": 20,
      "summary_path": "..\\scale_c64\\full_eval\\epoch_0020\\summary.json",
      "transfer_clip_style": 0.6661936342716217,
      "transfer_content_lpips": 0.5049311268500001,
      "transfer_fid": 312.04672869761885,
      "transfer_art_fid": 475.79995098168945,
      "transfer_classifier_acc": 0.0,
      "photo_to_art_clip_style": 0.6410177061955133,
      "photo_to_art_fid": 312.04672869761885,
      "photo_to_art_art_fid": 475.79995098168945,
      "photo_to_art_classifier_acc": 0.0
    },
    "best_photo_to_art_art_fid": {
      "epoch": 20,
      "summary_path": "..\\scale_c64\\full_eval\\epoch_0020\\summary.json",
      "transfer_clip_style": 0.6661936342716217,
      "transfer_content_lpips": 0.5049311268500001,
      "transfer_fid": 312.04672869761885,
      "transfer_art_fid": 475.79995098168945,
      "transfer_classifier_acc": 0.0,
      "photo_to_art_clip_style": 0.6410177061955133,
      "photo_to_art_fid": 312.04672869761885,
      "photo_to_art_art_fid": 475.79995098168945,
      "photo_to_art_classifier_acc": 0.0
    },
    "best_transfer_content_lpips": {
      "epoch": 40,
      "summary_path": "..\\scale_c64\\full_eval\\epoch_0040\\summary.json",
      "transfer_clip_style": 0.6685927978157997,
      "transfer_content_lpips": 0.4810299315166667,
      "transfer_fid": 318.9533072386928,
      "transfer_art_fid": 482.1984557218352,
      "transfer_classifier_acc": 0.0,
      "photo_to_art_clip_style": 0.6482901652654012,
      "photo_to_art_fid": 318.9533072386928,
      "photo_to_art_art_fid": 482.1984557218352,
      "photo_to_art_classifier_acc": 0.0
    }
  },
  "rounds": [
    {
      "epoch": 20,
      "summary_path": "..\\scale_c64\\full_eval\\epoch_0020\\summary.json",
      "transfer_clip_style": 0.6661936342716217,
      "transfer_content_lpips": 0.5049311268500001,
      "transfer_fid": 312.04672869761885,
      "transfer_art_fid": 475.79995098168945,
      "transfer_classifier_acc": 0.0,
      "photo_to_art_clip_style": 0.6410177061955133,
      "photo_to_art_fid": 312.04672869761885,
      "photo_to_art_art_fid": 475.79995098168945,
      "photo_to_art_classifier_acc": 0.0
    },
    {
      "epoch": 40,
      "summary_path": "..\\scale_c64\\full_eval\\epoch_0040\\summary.json",
      "transfer_clip_style": 0.6685927978157997,
      "transfer_content_lpips": 0.4810299315166667,
      "transfer_fid": 318.9533072386928,
      "transfer_art_fid": 482.1984557218352,
      "transfer_classifier_acc": 0.0,
      "photo_to_art_clip_style": 0.6482901652654012,
      "photo_to_art_fid": 318.9533072386928,
      "photo_to_art_art_fid": 482.1984557218352,
      "photo_to_art_classifier_acc": 0.0
    },
    {
      "epoch": 60,
      "summary_path": "..\\scale_c64\\full_eval\\epoch_0060\\summary.json",
      "transfer_clip_style": 0.6680745955308278,
      "transfer_content_lpips": 0.4974596409666668,
      "transfer_fid": 327.08945888832153,
      "transfer_art_fid": 501.8863004062847,
      "transfer_classifier_acc": 0.0,
      "photo_to_art_clip_style": 0.6467574790120125,
      "photo_to_art_fid": 327.08945888832153,
      "photo_to_art_art_fid": 501.8863004062847,
      "photo_to_art_classifier_acc": 0.0
    }
  ],
  "updated_at": "2026-03-17 08:57:14"
}