{
  "checkpoint": "/mnt/g/GitHub/Latent_Style/Cycle-NCE/style_ablation-50/inj_no_output_affine/epoch_0050.pt",
  "timestamp": "2026-02-14 17:18:16",
  "matrix_breakdown": {
    "photo": {
      "photo": {
        "count": 50,
        "clip_style": 0.6352892804145813,
        "style_lpips": 0.7360712110996246,
        "content_lpips": 0.42410625500000004,
        "clip_content": 0.8142440423999999,
        "classifier_acc": 0.92
      },
      "Hayao": {
        "count": 50,
        "clip_style": 0.5441851621866226,
        "style_lpips": 0.7358433330059051,
        "content_lpips": 0.4785581368,
        "clip_content": 0.757384351,
        "classifier_acc": 0.16
      }
    },
    "Hayao": {
      "photo": {
        "count": 50,
        "clip_style": 0.4554157269001007,
        "style_lpips": 0.765116708278656,
        "content_lpips": 0.36972502260000006,
        "clip_content": 0.8511282058,
        "classifier_acc": 0.08
      },
      "Hayao": {
        "count": 50,
        "clip_style": 0.7037262225151062,
        "style_lpips": 0.7113679361343384,
        "content_lpips": 0.3112601808,
        "clip_content": 0.8718636636000001,
        "classifier_acc": 0.92
      }
    }
  },
  "analysis": {
    "style_transfer_ability": {
      "clip_style": 0.49980044454336164,
      "content_lpips": 0.4241415797,
      "classifier_acc": 0.12
    },
    "photo_to_art_performance": {
      "clip_style": 0.5441851621866226,
      "valid": true,
      "classifier_acc": 0.16
    }
  },
  "classification_report": {
    "Hayao": {
      "precision": 0.5192307692307693,
      "recall": 0.54,
      "f1-score": 0.5294117647058824,
      "support": 100.0
    },
    "photo": {
      "precision": 0.5208333333333334,
      "recall": 0.5,
      "f1-score": 0.5102040816326531,
      "support": 100.0
    },
    "accuracy": 0.52,
    "macro avg": {
      "precision": 0.5200320512820513,
      "recall": 0.52,
      "f1-score": 0.5198079231692677,
      "support": 200.0
    },
    "weighted avg": {
      "precision": 0.5200320512820513,
      "recall": 0.52,
      "f1-score": 0.5198079231692677,
      "support": 200.0
    }
  },
  "detailed_style_metrics": {
    "Hayao": {
      "precision": 0.5192307692307693,
      "recall": 0.54,
      "f1_score": 0.5294117647058824,
      "support": 100
    },
    "photo": {
      "precision": 0.5208333333333334,
      "recall": 0.5,
      "f1_score": 0.5102040816326531,
      "support": 100
    }
  }
}