{
  "checkpoint": "G:\\GitHub\\Latent_Style\\Cycle-NCE\\epoch_0200.pt",
  "config": "G:\\GitHub\\Latent_Style\\Cycle-NCE\\src\\config.json",
  "input_dir": "G:\\GitHub\\Latent_Style\\style_data\\overfit50",
  "num_images": 250,
  "num_batches": 63,
  "batch_size": 4,
  "warmup_batches": 3,
  "device": "cuda",
  "dtype": "torch.float16",
  "image_size": 256,
  "style_id": 1,
  "num_steps": 1,
  "step_size": 1.0,
  "style_strength": 1.0,
  "taesd_model_id": "madebyollin/taesd",
  "encode": {
    "mean_ms": 10.87203015811697,
    "std_ms": 11.591427720685655,
    "p50_ms": 9.269200003473088,
    "p90_ms": 9.440660005202517,
    "p95_ms": 11.000490005244501,
    "p99_ms": 45.679177994025174,
    "min_ms": 9.11620000260882,
    "max_ms": 102.06390000530519
  },
  "model": {
    "mean_ms": 6.688666667619217,
    "std_ms": 1.7445730226757854,
    "p50_ms": 6.475700007285923,
    "p90_ms": 6.818100006785244,
    "p95_ms": 7.035839988384396,
    "p99_ms": 12.60517599701419,
    "min_ms": 5.939299997407943,
    "max_ms": 20.138299994869158
  },
  "decode": {
    "mean_ms": 11.406655555927298,
    "std_ms": 2.5036876904759926,
    "p50_ms": 10.933399986242875,
    "p90_ms": 12.37828001612798,
    "p95_ms": 12.650720024248585,
    "p99_ms": 20.590831988374745,
    "min_ms": 10.617399995680898,
    "max_ms": 30.4249000037089
  },
  "e2e": {
    "mean_ms": 28.967352381663485,
    "std_ms": 15.73822069998859,
    "p50_ms": 26.754199992865324,
    "p90_ms": 29.43296000012197,
    "p95_ms": 29.688060024636798,
    "p99_ms": 76.81455398735156,
    "min_ms": 25.796900008572266,
    "max_ms": 152.62710000388324
  },
  "per_image_ms": 7.241838095415871,
  "throughput_fps": 138.0864894829679,
  "wall_time_total_sec": 2.091278300009435,
  "peak_vram_allocated_mb": 1229.49951171875,
  "batch_timings_csv": "G:\\GitHub\\Latent_Style\\Cycle-NCE\\src\\flash_200\\batch_timings.csv",
  "preview_dir": null
}