{
  "checkpoint": "../overfit50-upscale-styleid-v2/epoch_0040.pt",
  "timestamp": "2026-02-09 16:50:29",
  "matrix_breakdown": {
    "photo": {
      "photo": {
        "count": 50,
        "clip_style": 0.6255362701416015,
        "style_lpips": 0.0,
        "content_lpips": 0.0,
        "clip_content": 0.8946248904,
        "classifier_acc": 0.98
      },
      "Hayao": {
        "count": 50,
        "clip_style": 0.4797693032026291,
        "style_lpips": 0.0,
        "content_lpips": 0.0,
        "clip_content": 0.8947753965999999,
        "classifier_acc": 0.02
      }
    },
    "Hayao": {
      "photo": {
        "count": 50,
        "clip_style": 0.4133638274669647,
        "style_lpips": 0.0,
        "content_lpips": 0.0,
        "clip_content": 0.9393345547999999,
        "classifier_acc": 0.14
      },
      "Hayao": {
        "count": 50,
        "clip_style": 0.7241549491882324,
        "style_lpips": 0.0,
        "content_lpips": 0.0,
        "clip_content": 0.939387929,
        "classifier_acc": 0.86
      }
    }
  },
  "analysis": {
    "style_transfer_ability": {
      "clip_style": 0.4465665653347969,
      "content_lpips": 0.0,
      "classifier_acc": 0.08
    },
    "photo_to_art_performance": {
      "clip_style": 0.4797693032026291,
      "valid": true,
      "classifier_acc": 0.02
    }
  },
  "classification_report": {
    "Hayao": {
      "precision": 0.5,
      "recall": 0.44,
      "f1-score": 0.46808510638297873,
      "support": 100.0
    },
    "photo": {
      "precision": 0.5,
      "recall": 0.56,
      "f1-score": 0.5283018867924528,
      "support": 100.0
    },
    "accuracy": 0.5,
    "macro avg": {
      "precision": 0.5,
      "recall": 0.5,
      "f1-score": 0.4981934965877158,
      "support": 200.0
    },
    "weighted avg": {
      "precision": 0.5,
      "recall": 0.5,
      "f1-score": 0.4981934965877158,
      "support": 200.0
    }
  },
  "detailed_style_metrics": {
    "Hayao": {
      "precision": 0.5,
      "recall": 0.44,
      "f1_score": 0.46808510638297873,
      "support": 100
    },
    "photo": {
      "precision": 0.5,
      "recall": 0.56,
      "f1_score": 0.5283018867924528,
      "support": 100
    }
  }
}