{
  "checkpoint": "G:\\GitHub\\Latent_Style\\Cycle-NCE\\ssim-optun-nce\\trial_0213\\epoch_0001.pt",
  "timestamp": "2026-02-20 12:19:40",
  "matrix_breakdown": {
    "photo": {
      "photo": {
        "count": 10,
        "style_swd": 1.8479377686977387,
        "content_ssim": 0.31010158600000004,
        "classifier_acc": null
      },
      "Hayao": {
        "count": 10,
        "style_swd": 2.3147331207990645,
        "content_ssim": 0.28710489,
        "classifier_acc": null
      },
      "monet": {
        "count": 10,
        "style_swd": 1.2011021018028258,
        "content_ssim": 0.31737511500000004,
        "classifier_acc": null
      },
      "cezanne": {
        "count": 10,
        "style_swd": 1.1187744736671448,
        "content_ssim": 0.32298928400000004,
        "classifier_acc": null
      },
      "vangogh": {
        "count": 10,
        "style_swd": 2.676805227994919,
        "content_ssim": 0.309804804,
        "classifier_acc": null
      }
    },
    "Hayao": {
      "photo": {
        "count": 10,
        "style_swd": 1.7907524824142456,
        "content_ssim": 0.474018892,
        "classifier_acc": null
      },
      "Hayao": {
        "count": 10,
        "style_swd": 1.9433735251426696,
        "content_ssim": 0.4531674170000001,
        "classifier_acc": null
      },
      "monet": {
        "count": 10,
        "style_swd": 1.1815893352031708,
        "content_ssim": 0.5217838250000001,
        "classifier_acc": null
      },
      "cezanne": {
        "count": 10,
        "style_swd": 1.03002470433712,
        "content_ssim": 0.47698147999999996,
        "classifier_acc": null
      },
      "vangogh": {
        "count": 10,
        "style_swd": 2.3344185948371887,
        "content_ssim": 0.5054514520000001,
        "classifier_acc": null
      }
    },
    "monet": {
      "photo": {
        "count": 10,
        "style_swd": 1.7543128788471223,
        "content_ssim": 0.346830346,
        "classifier_acc": null
      },
      "Hayao": {
        "count": 10,
        "style_swd": 2.2598996996879577,
        "content_ssim": 0.347230227,
        "classifier_acc": null
      },
      "monet": {
        "count": 10,
        "style_swd": 1.1080117285251618,
        "content_ssim": 0.344460718,
        "classifier_acc": null
      },
      "cezanne": {
        "count": 10,
        "style_swd": 0.9997424989938736,
        "content_ssim": 0.30791041599999996,
        "classifier_acc": null
      },
      "vangogh": {
        "count": 10,
        "style_swd": 2.4225997745990755,
        "content_ssim": 0.314631679,
        "classifier_acc": null
      }
    },
    "cezanne": {
      "photo": {
        "count": 10,
        "style_swd": 1.7662969827651978,
        "content_ssim": 0.408884431,
        "classifier_acc": null
      },
      "Hayao": {
        "count": 10,
        "style_swd": 2.0718874424695968,
        "content_ssim": 0.41467275,
        "classifier_acc": null
      },
      "monet": {
        "count": 10,
        "style_swd": 1.1316840142011642,
        "content_ssim": 0.41663054,
        "classifier_acc": null
      },
      "cezanne": {
        "count": 10,
        "style_swd": 0.941311827301979,
        "content_ssim": 0.384251295,
        "classifier_acc": null
      },
      "vangogh": {
        "count": 10,
        "style_swd": 2.419289398193359,
        "content_ssim": 0.396815795,
        "classifier_acc": null
      }
    },
    "vangogh": {
      "photo": {
        "count": 10,
        "style_swd": 1.8556243360042572,
        "content_ssim": 0.298213204,
        "classifier_acc": null
      },
      "Hayao": {
        "count": 10,
        "style_swd": 2.1522322714328768,
        "content_ssim": 0.309764337,
        "classifier_acc": null
      },
      "monet": {
        "count": 10,
        "style_swd": 1.1307319819927215,
        "content_ssim": 0.311608187,
        "classifier_acc": null
      },
      "cezanne": {
        "count": 10,
        "style_swd": 1.008538630604744,
        "content_ssim": 0.28427955899999996,
        "classifier_acc": null
      },
      "vangogh": {
        "count": 10,
        "style_swd": 2.3054631114006043,
        "content_ssim": 0.292217159,
        "classifier_acc": null
      }
    }
  },
  "analysis": {
    "style_transfer_ability": {
      "style_swd": 1.7310519975423815,
      "content_ssim": 0.36864906064999997,
      "classifier_acc": 0.0
    },
    "photo_to_art_performance": {
      "style_swd": 1.8278537310659884,
      "valid": true,
      "classifier_acc": 0.0
    }
  },
  "classification_report": null,
  "detailed_style_metrics": {}
}