{
  "checkpoint": "../50-no-distill/epoch_0040.pt",
  "timestamp": "2026-02-09 17:54:41",
  "matrix_breakdown": {
    "photo": {
      "photo": {
        "count": 50,
        "clip_style": 0.6351962798833847,
        "style_lpips": 0.0,
        "content_lpips": 0.0,
        "clip_content": 0.9042105922,
        "classifier_acc": 0.94
      },
      "Hayao": {
        "count": 50,
        "clip_style": 0.4736813515424728,
        "style_lpips": 0.0,
        "content_lpips": 0.0,
        "clip_content": 0.9038278066000001,
        "classifier_acc": 0.06
      }
    },
    "Hayao": {
      "photo": {
        "count": 50,
        "clip_style": 0.40927560985088346,
        "style_lpips": 0.0,
        "content_lpips": 0.0,
        "clip_content": 0.9447459212,
        "classifier_acc": 0.1
      },
      "Hayao": {
        "count": 50,
        "clip_style": 0.7198362910747528,
        "style_lpips": 0.0,
        "content_lpips": 0.0,
        "clip_content": 0.9447343131999999,
        "classifier_acc": 0.88
      }
    }
  },
  "analysis": {
    "style_transfer_ability": {
      "clip_style": 0.44147848069667817,
      "content_lpips": 0.0,
      "classifier_acc": 0.08
    },
    "photo_to_art_performance": {
      "clip_style": 0.4736813515424728,
      "valid": true,
      "classifier_acc": 0.06
    }
  },
  "classification_report": {
    "Hayao": {
      "precision": 0.49473684210526314,
      "recall": 0.47,
      "f1-score": 0.48205128205128206,
      "support": 100.0
    },
    "photo": {
      "precision": 0.49523809523809526,
      "recall": 0.52,
      "f1-score": 0.5073170731707317,
      "support": 100.0
    },
    "accuracy": 0.495,
    "macro avg": {
      "precision": 0.4949874686716792,
      "recall": 0.495,
      "f1-score": 0.4946841776110069,
      "support": 200.0
    },
    "weighted avg": {
      "precision": 0.49498746867167925,
      "recall": 0.495,
      "f1-score": 0.4946841776110069,
      "support": 200.0
    }
  },
  "detailed_style_metrics": {
    "Hayao": {
      "precision": 0.49473684210526314,
      "recall": 0.47,
      "f1_score": 0.48205128205128206,
      "support": 100
    },
    "photo": {
      "precision": 0.49523809523809526,
      "recall": 0.52,
      "f1_score": 0.5073170731707317,
      "support": 100
    }
  }
}