
=== I:/Github/Latent_Style/WEAVE/docs/experiments/comparison_20260602/artfid_comparison_points.json ===
  type: list, len=38
  first item: {'dataset': 'distinct5_512', 'dataset_title': 'Distinct5-512 / 1000 per style', 'scope': 'full', 'method': 'LANCET', 'label': 'LANCET best-lpips (F e1)', 'clip_style': 0.6969145075, 'content_lpips': 0.3186446404, 'one_minus_lpips': 0.6813553596, 'aggregate_art_fid': 122.6325470096, 'aggregate_art_fid_fid': 92.6172719258, 'aggregate_art_fid_content_lpips': 0.3099350631, 'summary_path': 'G:\\GitHub\\Latent_Style\\SchrodingerBridge\\docs\\experiments\\distinct5_512_20260602\\artfid_metric_hacking\\distinct5_aggregate_artfid_keypoints.remote.csv', 'artfid_path': 'G:\\GitHub\\Latent_Style\\SchrodingerBridge\\docs\\experiments\\distinct5_512_20260602\\artfid_metric_hacking\\distinct5_aggregate_artfid_keypoints.remote.json', 'source_type': 'targetwise_remote_bundle', 'point_order': 5, 'train_time

=== I:/Github/Latent_Style/WEAVE/docs/experiments/comparison_20260602/artfid_comparison_points.csv ===
  CSV: 41 lines
    dataset,dataset_title,scope,method,label,clip_style,content_lpips,one_minus_lpips,aggregate_art_fid,aggregate_art_fid_fid,aggregate_art_fid_content_lpips,summary_path,artfid_path,source_type,point_order,train_time_label
    distinct5_512,Distinct5-512 / 1000 per style,full,LANCET,LANCET best-lpips (F e1),0.696914507508278,0.31864464036,0.6813553596399999,122.63254700962189,92.61727192582305,0.309935063123703,G:\GitHub\Latent_Style\SchrodingerBridge\docs\experiments\distinct5_512_20260602\artfid_metric_hacking\distinct5_aggregate_artfid_keypoints.remote.csv,G:\GitHub\Latent_Style\SchrodingerBridge\docs\experiments\distinct5_512_20260602\artfid_metric_hacking\distinct5_aggregate_artfid_keypoints.remote.json,targetwise_remote_bundle,5,1.2m
    distinct5_512,Distinct5-512 / 1000 per style,full,LANCET,LANCET best-style (K e1),0.7009949656327565,0.3622938977466666,0.6377061022533335,157.1687499147529,112.52361103288379,0.3844586908817291,G:\GitHub\Latent_Style\SchrodingerBridge\docs\experiments\distinct5_512_20260602\artfid_metric_hacking\distinct5_aggregate_artfid_keypoints.remote.csv,G:\GitHub\Latent_Style\SchrodingerBridge\docs\experiments\distinct5_512_20260602\artfid_metric_hacking\distinct5_aggregate_artfid_keypoints.remote.json,targetwise_remote_bundle,4,1.2m
    distinct5_512,Distinct5-512 / 1000 per style,full,SaMAM,SaMAM best-lpips (2250),0.5810966821114222,0.3538204092184702,0.6461795907815298,146.07096815798894,114.06197350041356,0.26949819922447205,G:\GitHub\Latent_Style\SchrodingerBridge\docs\experiments\distinct5_512_20260602\artfid_metric_hacking\distinct5_aggregate_artfid_keypoints.remote.csv,G:\GitHub\Latent_Style\SchrodingerBridge\docs\experiments\distinct5_512_20260602\artfid_metric_hacking\distinct5_aggregate_artfid_keypoints.remote.json,targetwise_remote_bundle,3,7.6h
    distinct5_512,Distinct5-512 / 1000 per style,full,SaMAM,SaMAM best-style (2k),0.5833460243542989,0.3621530055602391,0.6378469944397609,152.2123439756121,118.74986367096437,0.2710857391357422,G:\GitHub\Latent_Style\SchrodingerBridge\docs\experiments\distinct5_512_20260602\artfid_metric_hacking\distinct5_aggregate_artfid_keypoints.remote.csv,G:\GitHub\Latent_Style\SchrodingerBridge\docs\experiments\distinct5_512_20260602\artfid_metric_hacking\distinct5_aggregate_artfid_keypoints.remote.json,targetwise_remote_bundle,2,6.8h
    distinct5_512,Distinct5-512 / 1000 per style,full,SaMAM,SaMAM closed 3k,0.6978010030587514,0.3220869704133334,0.6779130295866666,345.60174531483347,nan,nan,G:\GitHub\Latent_Style\SchrodingerBridge\docs\experiments\distinct5_512_20260602\baseline_packet_status_20260604\packet_status.json,G:\GitHub\Latent_Style\SchrodingerBridge\docs\experiments\distinct5_512_20260602\baseline_packet_status_20260604\packet_status.json,packet_status,6,10.2h
    distinct5_512,Distinct5-512 / 1000 per style,full,SaMST,SaMST e15,0.7247245136102042,0.6255497488,0.3744502512,395.71170712852535,247.8291918397209,0.6072965741157532,G:\GitHub\Latent_Style\Related_Works\baseline_pipeline\results\samst_distinct5_512_real_b2_e15_20260602\eval_epoch15\epoch_0015\summary.json,G:\GitHub\Latent_Style\Related_Works\baseline_pipeline\results\samst_distinct5_512_real_b2_e15_20260602\eval_epoch15\epoch_0015\aggregate_targetwise_artfid.json,targetwise_local,1,5.8h
    distinct5_512,Distinct5-512 / 1000 per style,full,idt,idt,0.6801251527865727,0.0,1.0,216.50988095718216,215.50988095718216,0.0,G:\GitHub\Latent_Style\SchrodingerBridge\docs\experiments\idt_eval_20260602\distinct5_512\idt_5x5\summary.json,G:\GitHub\Latent_Style\SchrodingerBridge\docs\experiments\idt_eval_20260602\distinct5_512\idt_5x5\aggregate_targetwise_artfid.json,targetwise_local,0,ref
    distinct5_512,Distinct5-512 / 1000 per style,transfer,LANCET,LANCET best-lpips (F e1),0.6643604030708471,0.3245282069166667,0.6754717930833334,126.8257137813018,95.07419973534797,0.32008087635040283,G:\GitHub\Latent_Style\SchrodingerBridge\docs\experiments\distinct5_512_20260602\artfid_metric_hacking\distinct5_aggregate_artfid_keypoints.remote.csv,G:\GitHub\Latent_Style\SchrodingerBridge\docs\experiments\distinct5_512_20260602\artfid_metric_hacking\distinct5_aggregate_artfid_keypoints.remote.json,targetwise_remote_bundle,5,1.2m
    distinct5_512,Distinct5-512 / 1000 per style,transfer,LANCET,LANCET best-style (K e1),0.6711669415235519,0.3722808781833334,0.6277191218166667,161.95765747448172,114.79748097321135,0.39862850308418274,G:\GitHub\Latent_Style\SchrodingerBridge\docs\experiments\distinct5_512_20260602\artfid_metric_hacking\distinct5_aggregate_artfid_keypoints.remote.csv,G:\GitHub\Latent_Style\SchrodingerBridge\docs\experiments\distinct5_512_20260602\artfid_metric_hacking\distinct5_aggregate_artfid_keypoints.remote.json,targetwise_remote_bundle,4,1.2m
    distinct5_512,Distinct5-512 / 1000 per style,transfer,SaMAM,SaMAM best-lpips (2250),0.5522515382866064,0.3604523678372304,0.6395476321627696,148.20585228085082,115.22282856112793,0.27518710494041443,G:\GitHub\Latent_Style\SchrodingerBridge\docs\experiments\distinct5_512_20260602\artfid_metric_hacking\distinct5_aggregate_artfid_keypoints.remote.csv,G:\GitHub\Latent_Style\SchrodingerBridge\docs\experiments\distinct5_512_20260602\artfid_metric_hacking\distinct5_aggregate_artfid_keypoints.remote.json,targetwise_remote_bundle,3,7.6h
    distinct5_512,Distinct5-512 / 1000 per style,transfer,SaMAM,SaMAM best-style (2k),0.5545786788066228,0.3691024965047836,0.6308975034952164,154.25894735281716,119.85407723584393,0.2764066457748413,G:\GitHub\Latent_Style\SchrodingerBridge\docs\experiments\distinct5_512_20260602\artfid_metric_hacking\distinct5_aggregate_artfid_keypoints.remote.csv,G:\GitHub\Latent_Style\SchrodingerBridge\docs\experiments\distinct5_512_20260602\artfid_metric_hacking\distinct5_aggregate_artfid_keypoints.remote.json,targetwise_remote_bundle,2,6.8h
    distinct5_512,Distinct5-512 / 1000 per style,transfer,SaMAM,SaMAM closed 3k,0.6646182161569595,0.3270938639666667,0.6729061360333333,394.76620834787985,nan,nan,G:\GitHub\Latent_Style\SchrodingerBridge\docs\experiments\distinct5_512_20260602\baseline_packet_status_20260604\packet_status.json,G:\GitHub\Latent_Style\SchrodingerBridge\docs\experiments\distinct5_512_20260602\baseline_packet_status_20260604\packet_status.json,packet_status,6,10.2h
    distinct5_512,Distinct5-512 / 1000 per style,transfer,SaMST,SaMST e15,0.69574123164018,0.6319495817333334,0.3680504182666666,444.4870406090582,276.8698551085637,0.6180838584899903,G:\GitHub\Latent_Style\Related_Works\baseline_pipeline\results\samst_distinct5_512_real_b2_e15_20260602\eval_epoch15\epoch_0015\summary.json,G:\GitHub\Latent_Style\Related_Works\baseline_pipeline\results\samst_distinct5_512_real_b2_e15_20260602\eval_epoch15\epoch_0015\aggregate_targetwise_artfid.json,targetwise_local,1,5.8h
    distinct5_512,Distinct5-512 / 1000 per style,transfer,idt,idt,0.6399224616587161,0.0,1.0,323.66084570519234,322.66084570519234,0.0,G:\GitHub\Latent_Style\SchrodingerBridge\docs\experiments\idt_eval_20260602\distinct5_512\idt_5x5\summary.json,G:\GitHub\Latent_Style\SchrodingerBridge\docs\experiments\idt_eval_20260602\distinct5_512\idt_5x5\aggregate_targetwise_artfid.json,targetwise_local,0,ref
    legacy256_overfit50,Legacy256 / overfit50,full,LANCET,LANCET archive e7,0.703508348663648,0.4426572581466667,0.5573427418533333,287.8303786488108,205.72016742171817,0.3939118266105652,G:\GitHub\Latent_Style\SchrodingerBridge\archives\old_experiment_dirs\grid_search_3epoch\S-none_K-1_C-0_W-20_Col-0\full_eval\epoch_0007\summary.json,G:\GitHub\Latent_Style\SchrodingerBridge\archives\old_experiment_dirs\grid_search_3epoch\S-none_K-1_C-0_W-20_Col-0\full_eval\epoch_0007\aggregate_targetwise_artfid.json,targetwise_archive_proxy,4,5.2m
    legacy256_overfit50,Legacy256 / overfit50,full,LANCET,LANCET archive e8,0.7036010053555171,0.44816957577333333,0.5518304242266667,293.018483138329,208.24250822979752,0.40219072699546815,G:\GitHub\Latent_Style\SchrodingerBridge\archives\old_experiment_dirs\grid_search_3epoch\S-none_K-1_C-0_W-20_Col-0\full_eval\epoch_0008\summary.json,G:\GitHub\Latent_Style\SchrodingerBridge\archives\old_experiment_dirs\grid_search_3epoch\S-none_K-1_C-0_W-20_Col-0\full_eval\epoch_0008\aggregate_targetwise_artfid.json,targetwise_archive_proxy,5,5.9m
    legacy256_overfit50,Legacy256 / overfit50,full,SaMAM,SaMAM best-content (25k),0.6938233523368835,0.39395823450666667,0.6060417654933333,248.70793080820545,191.53220675609083,0.290424519777298,G:\GitHub\Latent_Style\Related_Works\baseline_pipeline\results\samam_wsl_mamba_256_continue17k_to25k\formal_eval_750\step_025000\summary.json,G:\GitHub\Latent_Style\Related_Works\baseline_pipeline\results\samam_wsl_mamba_256_continue17k_to25k\formal_eval_750\step_025000\aggregate_targetwise_artfid.json,targetwise_local,3,3.9h
    legacy256_overfit50,Legacy256 / overfit50,full,SaMAM,SaMAM best-style (14k),0.6968672373692193,0.43627805274666664,0.5637219472533334,285.8129778113213,212.61751282774404,0.33688645362854003,G:\GitHub\Latent_Style\Related_Works\baseline_pipeline\results\samam_wsl_mamba_256_formal_750_eval\step_014000\summary.json,G:\GitHub\Latent_Style\Related_Works\baseline_pipeline\results\samam_wsl_mamba_256_formal_750_eval\step_014000\aggregate_targetwise_artfid.json,targetwise_local,2,2.2h
    legacy256_overfit50,Legacy256 / overfit50,full,SaMST,SaMST,0.7253123044570288,0.53903856028,0.46096143972000003,273.7965843550592,183.8895877568293,0.4805033266544342,G:\GitHub\Latent_Style\Related_Works\baseline_pipeline\results\samst\protocol_a_800\summary.json,G:\GitHub\Latent_Style\Related_Works\baseline_pipeline\results\samst\protocol_a_800\aggregate_targetwise_artfid.json,targetwise_local,1,1.9h
    legacy256_overfit50,Legacy256 / overfit50,full,idt,idt,0.6593609295606613,0.0,1.0,182.7174038755024,181.7174038755024,0.0,G:\GitHub\Latent_Style\SchrodingerBridge\docs\experiments\idt_eval_20260602\legacy256_overfit50\idt_5x5\summary.json,G:\GitHub\Latent_Style\SchrodingerBridge\docs\experiments\idt_eval_20260602\legacy256_overfit50\idt_5x5\aggregate_targetwise_artfid.json,targetwise_local,0,ref
    legacy256_overfit50,Legacy256 / overfit50,transfer,LANCET,LANCET archive e7,0.6752455333371958,0.45385478981666666,0.5461452101833333,310.06004445072676,220.1142993870075,0.4039080858230591,G:\GitHub\Latent_Style\SchrodingerBridge\archives\old_experiment_dirs\grid_search_3epoch\S-none_K-1_C-0_W-20_Col-0\full_eval\epoch_0007\summary.json,G:\GitHub\Latent_Style\SchrodingerBridge\archives\old_experiment_dirs\grid_search_3epoch\S-none_K-1_C-0_W-20_Col-0\full_eval\epoch_0007\aggregate_targetwise_artfid.json,targetwise_archive_proxy,4,5.2m
    legacy256_overfit50,Legacy256 / overfit50,transfer,LANCET,LANCET archive e8,0.6759850123027961,0.4594570128666667,0.5405429871333334,313.84374996766155,221.5358377208032,0.4121687650680542,G:\GitHub\Latent_Style\SchrodingerBridge\archives\old_experiment_dirs\grid_search_3epoch\S-none_K-1_C-0_W-20_Col-0\full_eval\epoch_0008\summary.json,G:\GitHub\Latent_Style\SchrodingerBridge\archives\old_experiment_dirs\grid_search_3epoch\S-none_K-1_C-0_W-20_Col-0\full_eval\epoch_0008\aggregate_targetwise_artfid.json,targetwise_archive_proxy,5,5.9m
    legacy256_overfit50,Legacy256 / overfit50,transfer,SaMAM,SaMAM best-content (25k),0.6669773708780606,0.4021742742833333,0.5978257257166667,277.2721633527835,212.2865906033747,0.2998263597488403,G:\GitHub\Latent_Style\Related_Works\baseline_pipeline\results\samam_wsl_mamba_256_continue17k_to25k\formal_eval_750\step_025000\summary.json,G:\GitHub\Latent_Style\Related_Works\baseline_pipeline\results\samam_wsl_mamba_256_continue17k_to25k\formal_eval_750\step_025000\aggregate_targetwise_artfid.json,targetwise_local,3,3.9h
    legacy256_overfit50,Legacy256 / overfit50,transfer,SaMAM,SaMAM best-style (14k),0.671752924968799,0.4392484994666666,0.5607515005333334,304.32280945149495,225.85327039521172,0.34035760164260864,G:\GitHub\Latent_Style\Related_Works\baseline_pipeline\results\samam_wsl_mamba_256_formal_750_eval\step_014000\summary.json,G:\GitHub\Latent_Style\Related_Works\baseline_pipeline\results\samam_wsl_mamba_256_formal_750_eval\step_014000\aggregate_targetwise_artfid.json,targetwise_local,2,2.2h

=== I:/Github/Latent_Style/WEAVE/runs/submission/hf_oriented_internal_early_stop/artfid_oriented_e4_epoch_metrics.json ===
  type: list, len=1
  first item: {'epoch': 4, 'checkpoint': 'epoch_0004.pt', 'clip_s': 0.7126146295865377, 'lpips': 0.2596358710533333, 'dino_s': 0.0, 'dino_c': 0.0, 'eval_subdir': 'artfid_oriented_e4', 'config_override': 'I:\\Github\\Latent_Style\\WEAVE\\inference.json'}

=== I:/Github/Latent_Style/WEAVE/runs/submission/hf_oriented_internal_early_stop/artfid_oriented_e4_epoch_metrics.csv ===
  CSV: 2 lines
    epoch,checkpoint,clip_s,lpips,dino_s,dino_c,eval_subdir,config_override
    4,epoch_0004.pt,0.7126146295865377,0.2596358710533333,0.0,0.0,artfid_oriented_e4,I:\Github\Latent_Style\WEAVE\inference.json

=== I:/Github/Latent_Style/WEAVE/exp/repro_weave_d5/summary.json ===
  dict keys: ['checkpoint', 'timestamp', 'metrics_note', 'settings', 'timings_sec', 'idt_baselines', 'matrix_breakdown', 'analysis', 'runtime_observability', 'introstyle_analysis_sidecar', 'appearance_deltas', 'summary_grid_path']
  artfid-related keys: []
    timestamp = 2026-07-16 02:20:32
    summary_grid_path = I:\Github\Latent_Style\WEAVE\exp\repro_weave_d5\summary_grid.png

=== I:/Github/Latent_Style/WEAVE/exp/repro_weave_d5/metrics.csv ===
  CSV: 751 lines
    src_style,tgt_style,src_image,gen_image,content_lpips,clip_dir,clip_style,clip_s_delta_idt,clip_t,clip_content,clip_image_vector
    Early_Renaissance,Early_Renaissance,Early_Renaissance__andrea-mantegna_adoration-of-the-magi-central-panel-from-the-altarpiece.jpg,Early_Renaissance_Early_Renaissance__andrea-mantegna_adoration-of-the-magi-central-panel-from-the-altarpiece_to_Early_Renaissance.png,0.30233845,0.0,0.8160901069641113,0.003816543022791552,0.27792418003082275,0.0,-0.05725722 0.02389868 -0.005976542 0.003789373 -0.02141578 -0.04190741 -0.01456036 0.01218916 -0.03475202 0.02101769 -0.006359538 0.01028306 0.02048771 -0.03920869 0.03881857 -0.02037835 -0.0772126 -0.01343015 0.006849392 0.01769697 0.04551706 0.06401946 -0.00302156 0.004562845 0.05987538 0.009977336 0.01534566 -0.0006600945 0.01546888 -0.00630546 -0.03522708 -0.02660281 0.03807607 -0.02848415 -0.05908834 0.03334738 -0.01786936 0.03556794 0.03551099 0.05820449 -0.01572258 -0.008671036 0.01314429 -0.04440549 0.04623618 -0.08583844 -0.03281347 0.05496291 0.03783885 -0.00851299 0.04974631 -0.01197018 -0.01309272 -0.006657403 -0.02831949 -0.0414412 -0.003087828 0.01439875 0.01714062 -0.0006976082 0.03309676 -0.04249019 0.05165688 0.02017741 -0.009484963 0.003021048 -0.03279775 0.02426409 -0.03166426 -0.04603606 -0.02079972 -0.03982419 -0.01605077 0.009245733 -0.03188736 -0.09595998 0.06210772 -0.008826841 0.01404923 -0.03054815 -0.01310952 0.007968514 0.04502289 -0.01328558 0.008449147 0.02359849 -0.1028559 0.009118017 -0.04928665 -0.01418071 0.001672919 -0.008621683 -0.5521056 0.08640213 0.01619144 0.03338254 0.01413883 0.05075938 0.07855182 -0.04433917 0.0123513 0.02285582 -0.01811684 -0.0007539747 0.001919714 -0.01008909 -0.1734609 -0.03115306 -0.006412991 0.0068424 -0.01509802 -0.02274062 0.02115726 0.005682575 0.02175702 -0.02513414 -0.05568628 -0.02456289 0.02747172 0.05305934 -0.00209391 -0.06913006 0.007279253 -0.028949 -0.01671305 -0.06177782 -0.006634524 0.01969852 -0.001385297 0.04148176 0.002467703 -0.0289257 -0.01070274 0.08269157 -0.01224399 -0.05815339 -0.02735872 0.05244567 0.02381486 -0.002386561 -0.02179022 -0.02187332 -0.07813571 -0.01238119 -0.02970593 -0.01893574 0.02542046 0.02295443 0.01302692 0.002800377 0.002857694 0.008947668 -0.007423823 0.02383062 -0.01755422 -0.04226177 -0.01971775 -0.02108512 0.0146262 0.06239836 0.003171088 0.02324295 -0.04309874 0.04251659 0.007564018 0.05778604 0.0241738 0.06677017 -0.01534234 -0.01191081 0.010407 0.02846521 -0.06465078 0.02156108 -0.02311598 -0.06104724 0.00864247 -0.001825422 0.06003602 -0.02670603 -2.135367e-05 -0.02332743 0.04494628 0.05813297 -0.01218643 0.04788208 0.03605449 -9.566383e-05 -0.01602479 -0.03557544 -0.009917807 0.04353948 0.05532046 -0.02354324 0.02301333 0.01098143 0.02911115 -0.02192483 -0.05913495 0.01766921 0.050777 0.02922653 0.04457069 -0.003315796 0.07531594 -0.03032195 -0.03661037 -0.01465261 -0.006407304 0.04982099 -0.03148082 0.06343196 -0.008025791 -0.006100127 0.02858946 -0.03106028 0.03246176 -0.0003296619 -0.03200777 -0.03887642 -0.04385693 0.07572208 -0.006460945 -0.05582285 0.0005263296 0.0110197 0.01657099 -0.03994992 -0.04515006 0.02749934 -0.003604433 0.02289444 -0.02843748 0.05093846 -0.005592385 0.06944543 0.007830868 0.02362167 -0.009365559 -0.0378971 -0.004593016 -0.008160331 0.05243846 -0.02775773 -0.05363917 0.005402939 0.02526356 0.02705299 0.01791406 -0.003386199 -0.02790366 -0.02040617 -0.01576205 -0.007346877 0.009703522 0.042507 -0.014065 -0.0007416931 0.07920959 0.03668735 0.007384828 0.005369904 -0.01438646 -0.05138893 0.02588252 -0.0175444 -0.01771315 -0.001031338 0.03807839 -0.03737134 0.004100954 -0.007021598 0.03768602 0.01240162 0.02218658 0.01547377 -0.02618792 -0.02464163 0.04130022 -0.08775781 0.01979174 0.05247145 0.04476587 -0.01363755 0.005785313 0.01339705 -0.07022494 0.006339364 -0.03235158 -0.02181536 0.02244953 -0.01564866 0.005463592 0.00869011 -0.0673425 -0.002449041 0.06933488 0.007774851 0.02564133 -0.02427676 -0.02308308 -0.01854108 -0.01695705 -0.03310317 0.02282438 -0.03345193 0.007192515 0.05185653 0.03901701 0.05108646 -0.0333666 0.04214515 0.08239983 -0.01471563 0.02566226 0.02066277 -0.02442506 0.02094077 0.05460334 -0.02368334 0.03691464 0.1488126 -0.00994848 -0.08908059 0.02893444 0.005281223 -0.01279703 0.009789256 0.0008960136 -0.02328655 -0.04155286 0.003073699 0.02868089 0.01444395 -0.03514546 -0.01443979 0.0569037 0.03393862 0.005259498 0.007899698 -9.002781e-05 -0.0104168 -0.01022132 -0.0008486238 -0.006072138 -0.04585906 0.04204627 0.04832801 0.009744424 0.004584027 0.005631628 0.07710745 0.05322962 0.02899783 -0.02358719 -0.0275996 -0.01593596 -0.155859 -0.02734886 0.01738084 0.01443929 -0.03060453 0.0194411 -0.01832766 -0.1397674 0.02504561 -0.04396157 -0.04617897 0.02938641 0.06783805 0.001119804 -0.01459207 -0.0008508493 0.0006810102 0.01769357 0.02656112 0.05919655 -0.0536185 0.04130008 -0.02495758 0.02506222 -0.02228966 -0.03394772 -0.0581942 -0.004679103 0.02231801 0.006963978 0.0006574249 -0.05286498 0.07094643 -0.01315055 0.03323375 0.02302184 0.02012212 -0.001024785 -0.04762176 0.01468714 0.0111877 0.05335285 -0.06029208 0.005440657 -0.009905399 0.01334656 -0.009395869 -0.02295922 -0.007683911 -0.02952236 0.03188704 0.02749446 -0.02136217 0.0006511848 0.02151425 -0.006897972 0.02811114 0.0002010993 -0.01125644 0.02729395 0.03701705 -0.02601039 0.02356985 0.01599589 -0.03287495 0.01638017 0.003598796 0.005908926 -0.004801347 0.001868962 -0.04659611 0.1655786 0.03793496 0.02115653 0.03401276 0.07664479 -0.02478837 0.02003905 -0.04097051 0.004334163 -0.001430718 0.01353402 -0.0007775365 -0.01823727 0.02238499 -0.01652304 -0.01108806 0.02393587 0.01060952 0.004848153 -0.06860226 0.006594727 0.02371717 0.03371753 -0.001923804 0.02682067 0.05580035 -0.01033664 0.00919042 0.01404767 0.02866862 -0.01447229 0.02848907 -0.002564377 -0.004309641 -0.04259904 0.006253077 0.01593375 0.0006326608 -0.07116253 -0.02880647 -0.02944213 0.03933073 0.004752806 -0.03928707 -0.06939652 -0.03982871 0.02084563 -0.007116892 -0.006296254 -0.05804681 0.004433818 0.04287821 0.0008230319 -0.03690811 -0.03786466 0.05016318 0.06077261 0.001873636 0.03836164 -0.009856387 -0.01459766 -0.01929505 0.02513305 0.002684518 0.01828893 -0.08837041 -0.02234587 -0.004625888 0.07506581 -0.01714501 0.01023731 -0.01320697 0.04388107 -0.04238784 -0.02651646 0.02028941 0.004357733 -0.01293851 -0.03555416 0.03289451 0.0007069176 0.08024178 -0.02077155 0.0196674
    Early_Renaissance,Impressionism,Early_Renaissance__andrea-mantegna_adoration-of-the-magi-central-panel-from-the-altarpiece.jpg,Early_Renaissance_Early_Renaissance__andrea-mantegna_adoration-of-the-magi-central-panel-from-the-altarpiece_to_Impressionism.png,0.2940169,0.0,0.7189798951148987,-0.09479320645332334,0.19641682505607605,0.0,-0.05117562 0.01540047 -0.006294367 0.003377275 -0.02484362 -0.03971849 -0.01605584 0.0100261 -0.02878159 0.02175001 -0.01007356 0.01104254 0.01095863 -0.0395457 0.04471416 -0.02241141 -0.08176979 -0.01037194 0.006365403 0.01134554 0.04438131 0.06777839 -0.001334511 0.01609448 0.0642508 0.01182107 0.01630399 0.004618513 0.01475171 -0.003232861 -0.02920936 -0.02715097 0.03898543 -0.0298931 -0.06642719 0.03246529 -0.01011366 0.03145175 0.04017261 0.05370301 -0.02068444 -0.009999177 0.006879416 -0.03812753 0.04714216 -0.09182399 -0.0344088 0.05741302 0.04139005 -0.007260642 0.05021942 -0.01201449 -0.01225324 -0.007140619 -0.02831614 -0.0402629 -0.007605318 0.009584269 0.02383837 0.009077478 0.03435925 -0.04236208 0.05344192 0.02241928 -0.005902136 0.00463883 -0.03327411 0.02327788 -0.03151044 -0.04640334 -0.02572711 -0.04124602 -0.01659163 0.009952538 -0.03681801 -0.0946459 0.06349956 -0.004835904 0.01668449 -0.02592886 -0.01448843 0.01491522 0.05326279 -0.01101637 0.008841665 0.02260061 -0.09786496 0.01035364 -0.0539692 -0.01088597 0.002922092 -0.01307889 -0.5448866 0.08006247 0.01465954 0.02719408 0.01206684 0.05403649 0.08230171 -0.0452272 0.0205174 0.01857512 -0.01945128 -0.00640616 0.004440059 -0.0109581 -0.158782 -0.02647858 -0.008875377 0.01418894 -0.0152542 -0.02386051 0.02076413 0.004356992 0.02323108 -0.02279476 -0.05827535 -0.02249402 0.03233321 0.04933084 -0.002806687 -0.06837609 0.005563976 -0.03065959 -0.01970226 -0.06702457 -0.009346657 0.02477132 -0.0007866573 0.04671192 0.001895437 -0.02698583 -0.009680605 0.08114404 -0.01882222 -0.05531922 -0.02866335 0.0512023 0.02555028 -0.006257356 -0.02122723 -0.02773809 -0.07927685 -0.0115656 -0.02433946 -0.01683879 0.02677536 0.02070302 0.01500326 0.00284164 0.003926285 0.01326877 0.007197651 0.03468678 -0.01143487 -0.04123197 -0.02453593 -0.0205822 0.01057969 0.06430564 0.004554295 0.02378344 -0.04397801 0.04443571 0.008058453 0.05548327 0.03006666 0.06852314 -0.01342917 -0.006741459 0.006728767 0.02618902 -0.06199632 0.02379476 -0.02581986 -0.06370401 0.01309626 -0.001494419 0.06211426 -0.03074875 0.003787818 -0.01947348 0.05261134 0.06244275 -0.003291731 0.04856515 0.03289388 -0.004077342 -0.01372619 -0.03946403 -0.005375254 0.04415501 0.06019443 -0.02370782 0.02769601 0.007123813 0.02638001 -0.02571224 -0.05192773 0.01930046 0.0532142 0.02942823 0.0479418 -0.008214543 0.07516003 -0.034155 -0.03413348 -0.01351709 -0.004261327 0.04938229 -0.02556391 0.07004879 -0.01257166 -0.009780382 0.02506935 -0.02668064 0.03456993 -0.001351938 -0.03097878 -0.04226702 -0.04927804 0.07154532 -0.005787568 -0.05324482 0.004832535 0.009604374 0.01709048 -0.03886697 -0.0447954 0.0279154 -0.004607835 0.02736256 -0.03199656 0.0485929 -0.005337685 0.06923589 0.005684133 0.02527418 -0.006110047 -0.04268821 -0.003871585 -0.005208178 0.0547525 -0.02534157 -0.05473987 0.008314507 0.02763012 0.02874382 0.01746894 -0.006289846 -0.02934919 -0.01596761 -0.0110165 -0.01186281 0.01092682 0.0459995 -0.01063189 0.002596976 0.067053 0.03782243 0.007833703 0.001675944 -0.01547828 -0.04487497 0.02859497 -0.02109971 -0.01809884 -0.008167431 0.039221 -0.03586648 0.009763706 -0.007894512 0.04120295 0.01701978 0.02493229 0.01451548 -0.02318937 -0.02408036 0.03779414 -0.08768753 0.01750698 0.05116318 0.04575363 -0.01227849 0.006884364 0.008885166 -0.05970003 0.004802903 -0.03569956 -0.02291922 0.02576827 -0.01622184 0.009004713 0.01256053 -0.0622788 -0.006971001 0.06383634 0.005056841 0.02195226 -0.01794721 -0.02427427 -0.02342629 -0.01797936 -0.03340729 0.02148764 -0.03419679 0.0111114 0.0490144 0.03774411 0.0480212 -0.03626237 0.04050561 0.08084352 -0.01414118 0.02176807 0.0219569 -0.02295862 0.01808239 0.05301969 -0.02590114 0.04546665 0.1424437 -0.009475106 -0.09337869 0.02900328 0.002734188 -0.009311815 0.01256266 -5.310829e-05 -0.02899869 -0.03831651 -0.0005764406 0.03272336 0.02006116 -0.0318319 -0.0148727 0.05348078 0.03462716 0.003886446 0.0101117 0.002718092 -0.01028048 -0.006425526 0.0006908927 -0.002932425 -0.04406827 0.03929502 0.0519497 0.009185409 0.00525632 0.004542334 0.07025014 0.04998541 0.0296227 -0.02389717 -0.02913905 -0.01330504 -0.1704963 -0.03377256 0.01179449 0.01519744 -0.03008802 0.01724887 -0.02688318 -0.1412657 0.01937471 -0.04435498 -0.04334152 0.0331856 0.06820231 0.004905486 -0.01629342 -0.002041529 -0.001514877 0.02395111 0.02916064 0.06826938 -0.05064128 0.03737671 -0.02300394 0.02681877 -0.02735916 -0.02987149 -0.0580191 -0.006931161 0.02093562 0.001348403 -0.003903079 -0.05279983 0.07454598 -0.005693143 0.03442546 0.03302797 0.02057091 0.006740126 -0.05011039 0.01823459 0.01127791 0.06100536 -0.05428531 0.008438352 -0.005333534 0.01323456 -0.004195622 -0.01813808 -0.008907313 -0.03280017 0.02802461 0.02339552 -0.02142549 -0.006765632 0.02204618 -0.009927234 0.02854932 0.002356859 -0.00696002 0.02669906 0.03935146 -0.02410368 0.02812237 0.01946565 -0.03146818 0.0206967 0.005929199 0.009534547 -0.002256986 0.009117615 -0.04567202 0.1699122 0.03475788 0.02465373 0.03210842 0.07320234 -0.02695672 0.02014916 -0.03765578 0.005395706 -0.001923124 0.01853707 -0.004759729 -0.01879353 0.01866646 -0.01501289 -0.01137831 0.02640121 0.008784043 -0.002588227 -0.07420878 0.006953639 0.02237391 0.03280311 -0.0005537253 0.02373701 0.06027417 -0.0100534 0.01341128 0.01151597 0.02796801 -0.01288914 0.02480189 -0.01189834 -0.001201268 -0.03858841 0.01375164 0.01889849 0.0005487616 -0.07319533 -0.03366417 -0.02777717 0.03480497 0.007140972 -0.03948254 -0.06784222 -0.03522323 0.0184772 -0.00788881 -0.004774603 -0.06226109 0.00534499 0.03998423 -0.0005008072 -0.04225493 -0.04206495 0.04598448 0.0670909 0.001936773 0.03985491 -0.01592772 -0.01149097 -0.01936609 0.03004396 0.002919365 0.02199864 -0.08831282 -0.02606686 -0.001649425 0.07414135 -0.01951028 0.01155902 -0.01317077 0.0398877 -0.04489006 -0.02618903 0.01817176 -0.01036005 -0.01644901 -0.03763454 0.03147092 0.00230112 0.07784838 -0.0194898 0.02046609
    Early_Renaissance,Minimalism,Early_Renaissance__andrea-mantegna_adoration-of-the-magi-central-panel-from-the-altarpiece.jpg,Early_Renaissance_Early_Renaissance__andrea-mantegna_adoration-of-the-magi-central-panel-from-the-altarpiece_to_Minimalism.png,0.45807874,0.0,0.7436763048171997,-0.11322459975878396,0.19259703159332275,0.0,-0.01246997 0.006139153 -0.02401905 0.001144525 -0.006760144 -0.05037023 0.01813172 0.03639096 0.01038864 0.03721945 -0.03459409 0.005096036 -0.009903704 -0.04186172 0.008177665 -0.02160414 -0.1179474 -0.01830573 0.02240641 -0.01425787 0.03289818 0.05282158 -0.004645107 -0.002187758 0.04969763 0.004519557 -0.004511727 0.00226821 0.02945966 -0.0112033 -0.01643306 -0.02761914 -0.01288295 -0.02710948 -0.05920262 -0.004746769 -0.02994317 0.02841558 0.04310937 -0.02603183 -0.01354723 -0.008452607 -0.01904164 0.00222997 0.01350894 -0.05416496 -0.01206385 0.03461304 0.03008618 -0.03298846 0.04825522 -0.007239161 0.01371328 -0.01696785 -0.00465527 -0.03630859 -0.01662973 0.01176613 0.007124602 -0.03376995 -0.01996427 -0.05107588 0.03840865 0.01540001 -0.04157896 0.02011454 -0.0135309 0.0438698 -0.04261922 -0.03210235 -0.02622067 -0.03580657 0.01234904 0.02012427 -0.02849633 -0.07202096 0.03305133 0.009043752 0.02066786 -0.03442018 -0.01169131 -0.01715724 0.01601081 -0.00896846 0.01282671 0.007545007 -0.03342853 -0.02368228 -0.02276465 0.007012875 0.01988552 0.01378533 -0.6668501 0.07124487 0.03055286 0.02189676 -0.007817951 0.03349308 0.09135773 -0.08467762 0.01815476 0.01983872 -0.02451282 -0.007382105 -0.06217588 -0.0256896 -0.1838447 -0.007069278 0.00605598 0.01436562 0.01151281 -0.02896186 0.003160383 -0.001630963 0.002428303 0.0009187775 -0.04932405 -0.01317514 0.006602672 0.02787464 -0.01192704 -0.06162761 0.002675708 -0.008602727 -0.03658501 -0.02609184 -0.02211149 0.02802042 0.01007964 0.02658521 -0.005388761 -0.01406214 -0.00720555 0.08587049 -0.02678741 -0.03481351 -0.02230124 0.01985862 0.004410362 2.864291e-05 -0.03423766 0.001201198 -0.04760234 -0.006973234 -0.02369385 -0.03205021 0.007018255 0.05999421 -0.01312516 0.01869478 -0.02181386 -0.006851399 0.008861706 0.01289442 -0.006948159 -0.04494983 0.0146147 -0.03957637 0.03128209 0.05649534 0.02526241 0.02390553 0.01036084 0.02962679 -0.01346419 0.02543183 0.02045807 0.06476967 -0.00524195 -0.0173275 0.01054067 -0.00458686 -0.03669879 0.03339136 -0.01937889 -0.04104023 -0.02502113 0.01038218 -0.001168613 0.00272501 0.03529418 -0.02755469 0.02408095 0.03058608 -0.02210666 0.03057222 0.03793958 -0.00391563 0.01821696 0.00217161 -0.00282155 0.004098337 0.05509913 -0.02045068 0.004130531 0.01225573 0.02470113 0.00705972 -0.05619959 0.03163359 0.05303915 -0.0006674376 0.05195003 0.03747167 0.05590951 -0.01935733 -0.05873511 0.0001700104 -0.01010484 0.04923302 -0.01305107 0.07857605 0.001270779 -0.03779915 0.03991719 -0.04523862 0.03089444 0.006550347 -0.04407351 -0.03886888 -0.0358731 0.04502715 -0.0132151 -0.05099429 0.01543624 0.01765288 0.02078064 -0.0167716 -0.02289402 0.04108788 -0.02577687 -0.008294 -0.01406227 0.01805726 -0.005329538 0.0255698 -0.01491642 0.01200207 0.01400523 -0.01262234 -0.01593115 -0.003939805 0.05452573 -0.01149515 -0.053656 -0.04634 0.02942512 0.02021659 0.02483913 -0.03274503 -0.008773441 -0.01329033 0.01053647 0.005188975 0.0003703294 0.04783674 -0.02647631 0.0001776727 0.01674494 0.02204565 0.01097179 -0.0107801 -0.007794539 -0.04912975 -0.01667033 -0.02224705 -0.01198876 -0.03438628 0.03784161 -0.02892927 -0.01207022 0.004049336 0.03231705 0.0177187 0.02961099 0.0516598 -0.01702483 0.0162066 0.002577829 -0.04158488 0.01010386 0.0424604 0.0411384 -0.03149252 0.0240959 0.02033063 -0.08176036 0.009625501 -0.02699105 -0.01591409 0.002988427 -0.007304194 0.01278661 -0.01156854 -0.04037933 0.03294332 0.02803709 0.01519381 0.01949283 -0.02860939 -0.007885306 -0.03221416 -0.007364464 -0.04205666 0.02266662 -0.06526171 0.02426794 0.01196179 0.03837892 0.05708813 -0.03105605 -0.003799953 0.08562254 0.01012678 0.01940704 0.01650746 -0.02317853 0.03121217 0.05033323 -0.03937588 0.002399246 0.1509047 -0.01397662 0.00340181 -0.0298547 0.03311916 0.002000525 0.01228672 -0.02195975 0.02181191 -0.005913536 0.02290815 0.004500867 -0.0002320113 -0.01594852 -0.01021687 0.05563411 0.02374652 -0.05152489 -0.02812394 0.0325789 -0.03567955 -0.007004957 0.01824423 -0.01763188 -0.02456508 0.03122104 0.0140128 0.02507289 -0.02436814 -0.003605762 0.0740198 0.04367827 0.001446938 -0.01257949 -0.003617139 0.01417023 -0.05613704 0.008228764 0.001664557 -0.01333096 -0.01097783 0.03152391 0.02195235 -0.106499 -0.01850917 -0.03731992 -0.02853613 0.00902506 0.07005177 0.004284034 -0.01209551 0.01825896 0.02755275 0.02901658 0.02600105 0.03369423 -0.02703671 0.01620297 -0.0007998105 0.01357217 0.008007091 -0.006647572 -0.03220115 -0.01418776 0.01800751 0.01705604 0.008008553 -0.0614334 0.1748222 -0.04862607 0.01700368 -4.944341e-05 -0.01171347 0.01782411 -0.02280929 0.01806277 -0.003594073 0.03986699 -0.008766938 0.007026207 -0.008043393 0.06114918 -0.02173852 -0.003232997 -0.03276987 -0.02606891 0.02085332 0.03475859 -0.03550187 0.03584883 -0.01338498 -0.02970648 0.03954394 -0.009726356 -0.01732855 0.01517431 0.01556194 -0.002490694 0.01695037 0.03609504 -0.01412059 0.01748127 -0.01740579 -0.02486797 -0.01844113 -0.003403986 -0.02525453 0.1532056 0.03955299 0.01595827 0.008627159 0.05932671 -0.01716278 0.02077308 -0.02548927 0.01385686 0.01102108 -0.006955233 -0.034682 -0.02407036 0.01450678 -0.009781996 -0.01079192 0.01042394 0.007887535 0.006931596 -0.03806681 -0.01162758 0.02716105 0.01399243 -0.04293851 0.006459207 0.007464838 -0.0007369106 0.04461662 -0.003568405 -0.01388472 -0.03055304 0.0004753096 -0.009003886 0.01164196 -0.03919156 -0.02997926 0.03677097 -0.003266671 -0.01813454 -0.01821764 -0.01071338 0.008771507 -0.01088398 -0.002559182 -0.02885423 -0.03725487 0.02823515 0.01184697 -0.03520897 -0.04273598 -0.01268539 -0.002919775 -0.01203122 -0.02895051 -0.03117287 0.03298749 0.02574391 0.01898175 0.03259959 -0.01925583 -0.0536653 -0.01726355 0.01934319 -0.01640446 0.02611004 -0.0719192 -0.01405978 -0.004215787 0.05279853 -0.01542764 -0.01287071 0.009974611 0.04120596 -0.0308369 -0.02598773 0.02342606 0.02084403 0.01071415 -0.004526026 0.005271188 -0.01418596 0.07777765 -0.02141427 0.03278967
    Early_Renaissance,Rococo,Early_Renaissance__andrea-mantegna_adoration-of-the-magi-central-panel-from-the-altarpiece.jpg,Early_Renaissance_Early_Renaissance__andrea-mantegna_adoration-of-the-magi-central-panel-from-the-altarpiece_to_Rococo.png,0.2841116,0.0,0.754494309425354,-0.05588120619455972,0.26285114884376526,0.0,-0.05050357 0.02405702 -0.008925107 0.0006390403 -0.02908284 -0.04931284 -0.0135002 0.01619701 -0.03369701 0.02359969 -0.0109113 0.01093966 0.01448143 -0.03985357 0.03790694 -0.02301058 -0.08159842 -0.01165557 0.01042904 0.0114017 0.04391402 0.07391515 -0.006394505 0.009650205 0.06167205 0.01292951 0.01802678 -0.004306821 0.01750637 -0.003294851 -0.0363143 -0.02775884 0.03842328 -0.02913626 -0.06326052 0.03514916 -0.01835479 0.02782769 0.04153055 0.0524364 -0.01798351 -0.009651646 0.01595845 -0.03820857 0.04672507 -0.07121794 -0.02956871 0.05647644 0.04197929 -0.00964483 0.0505558 -0.008555435 -0.01632867 -0.0102043 -0.03034975 -0.04037914 -0.0006986617 0.01647477 0.02316761 0.003136516 0.03039228 -0.0443338 0.05246526 0.02276987 -0.007779168 0.003815403 -0.02874353 0.02056639 -0.03422625 -0.04655439 -0.02628909 -0.04025108 -0.01634951 0.009267698 -0.03806141 -0.09493309 0.06481077 -0.007294175 0.02192936 -0.03053907 -0.009369877 0.01155378 0.04928967 -0.01617075 0.00700171 0.02547826 -0.1017445 0.0121402 -0.04301613 -0.01668365 0.00464064 -0.0129121 -0.5550853 0.08045171 0.01158524 0.02846067 0.006435067 0.04989888 0.08154389 -0.03777826 0.01698146 0.01696658 -0.01724938 -0.005559453 0.002079672 -0.01225767 -0.16999 -0.02803856 -0.00238716 0.007704099 -0.01705029 -0.0182877 0.02024852 0.006219225 0.02339987 -0.02937084 -0.0567063 -0.02066472 0.02919886 0.05353753 -0.005166641 -0.06454098 0.00711444 -0.0271651 -0.02265935 -0.06018301 -0.008690823 0.02389858 0.0006589356 0.04449046 0.003158473 -0.03702244 -0.01010127 0.0832368 -0.01841218 -0.05617233 -0.02556852 0.05050163 0.02871034 0.001018204 -0.02236388 -0.02066329 -0.07337301 -0.0132524 -0.02398361 -0.02067502 0.01759349 0.01950668 0.01732369 0.002430301 -0.003671881 0.008246259 -0.002015599 0.02748449 -0.01543851 -0.04560829 -0.01983367 -0.02186036 0.01718864 0.06183394 0.00163778 0.01970704 -0.04335731 0.04884446 0.01089374 0.05442384 0.02072391 0.06860898 -0.01566102 -0.01071382 0.006719017 0.02676656 -0.06596876 0.02347535 -0.02017274 -0.06445714 0.004762854 0.0005123781 0.05885405 -0.03017382 0.0006606268 -0.02605744 0.05498734 0.0566125 -0.009124748 0.05211346 0.03166184 0.002491191 -0.01441232 -0.04385808 -0.006966995 0.05051598 0.06465153 -0.02686899 0.02740782 0.009318341 0.02835523 -0.02419517 -0.05546948 0.01590448 0.05067336 0.02884266 0.043852 -0.004699027 0.07082602 -0.02614476 -0.03793849 -0.01052115 -0.00297274 0.04679373 -0.02809972 0.06597998 -0.002663266 -0.01332752 0.02825955 -0.0303876 0.03371296 -0.003768405 -0.03644402 -0.04484072 -0.04486361 0.08060689 -0.006006092 -0.05339078 -0.0003040573 0.01024437 0.01625822 -0.04464229 -0.04718028 0.02976938 -0.004763552 0.02369133 -0.02769455 0.05429636 -0.003302651 0.06457513 0.007381931 0.0278208 -0.008380538 -0.03780405 -0.003443433 -0.006778286 0.05642159 -0.02275522 -0.05364571 0.002997571 0.02715925 0.02940818 0.01975663 -0.004029675 -0.02567304 -0.0195769 -0.01394024 -0.009586474 0.004820077 0.04494009 -0.01164418 0.0002947849 0.07157811 0.03162941 0.01415854 0.002526746 -0.01953888 -0.05598418 0.0245201 -0.01814178 -0.01225215 -0.002533342 0.03540447 -0.04102545 0.005805951 -0.006699538 0.04234127 0.01474192 0.02838948 0.01402106 -0.02469375 -0.0220905 0.03561878 -0.09062158 0.01691624 0.051178 0.04717827 -0.01246787 0.006352264 0.01202585 -0.06675505 -0.001851254 -0.03423499 -0.01997799 0.02091692 -0.01185736 0.009750629 0.006669709 -0.06368015 0.003226847 0.07763886 0.01049476 0.02307404 -0.02254554 -0.02099341 -0.02368713 -0.01616692 -0.03244388 0.02562789 -0.03256043 0.007159565 0.04575118 0.04402992 0.04662985 -0.03876491 0.04218125 0.08296429 -0.01415618 0.02964811 0.02166033 -0.0260283 0.02260485 0.05195833 -0.0251094 0.04081845 0.1346857 -0.007252485 -0.0849723 0.02239326 0.005342844 -0.01009233 0.01274149 0.003370973 -0.02082589 -0.03428701 0.001737812 0.03139337 0.01504819 -0.03519229 -0.01754986 0.05164774 0.03768081 -0.0007207671 0.01018029 0.004811026 -0.009065193 -0.009241047 0.001498294 -0.005898173 -0.04803903 0.03768288 0.05155771 0.008849017 0.005738253 0.005387525 0.06879474 0.05759984 0.03326186 -0.02075848 -0.02384453 -0.01051058 -0.1633252 -0.02833468 0.008568606 0.01354282 -0.02775315 0.01754178 -0.02283425 -0.1366993 0.0232657 -0.04518293 -0.05671564 0.03083909 0.06638492 0.001682811 -0.01888935 -0.001420403 0.0003987906 0.02387652 0.0264785 0.05258594 -0.05015667 0.03291439 -0.02501852 0.02969152 -0.02414227 -0.03292482 -0.05720553 -0.008897789 0.01899008 0.006584245 -0.005919227 -0.05498426 0.0768786 -0.01084269 0.02722813 0.02803448 0.01939957 0.007033881 -0.05607427 0.0128803 0.007099418 0.05367384 -0.05593477 0.005329655 -0.01254862 0.02059952 -0.009944985 -0.02111542 -0.0125578 -0.03175746 0.03227259 0.01992186 -0.02350263 -0.003552399 0.02302446 -0.008673003 0.02472437 0.005537039 -0.01292353 0.02304909 0.03737574 -0.02093884 0.02461089 0.01761177 -0.0337234 0.01548559 0.009043197 0.004122545 -0.002144173 0.006003101 -0.04487907 0.1546165 0.03792458 0.02388656 0.03553403 0.07398773 -0.02251952 0.02091275 -0.04041481 0.001454338 -0.00347678 0.01813552 -0.001638337 -0.0163771 0.01773479 -0.01662429 -0.01474624 0.02820208 0.009290304 -0.00132506 -0.07133142 0.005223608 0.0242065 0.03092017 -0.003327172 0.02594517 0.06317106 -0.01303172 0.01586121 0.01075748 0.02748697 -0.007639869 0.02384945 -0.01029396 -0.002806249 -0.0422815 0.01139699 0.01705179 0.001336589 -0.07220045 -0.02753187 -0.03096052 0.03402017 0.003004489 -0.03538334 -0.06842677 -0.03939746 0.01812543 -0.00620474 -0.003240153 -0.06057844 0.000814151 0.03886673 -0.002278318 -0.04003258 -0.03865073 0.04950611 0.06418397 -0.002028221 0.03604741 -0.01707256 -0.01893976 -0.01735017 0.02675926 0.001733593 0.02055791 -0.08909927 -0.02392692 -0.002823344 0.06934772 -0.01871242 0.01029503 -0.01156817 0.04466361 -0.04230094 -0.02363198 0.01808866 -0.005645525 -0.008952845 -0.0419841 0.03328047 0.002642245 0.07979779 -0.01952589 0.02170533
    Early_Renaissance,Ukiyo_e,Early_Renaissance__andrea-mantegna_adoration-of-the-magi-central-panel-from-the-altarpiece.jpg,Early_Renaissance_Early_Renaissance__andrea-mantegna_adoration-of-the-magi-central-panel-from-the-altarpiece_to_Ukiyo_e.png,0.32250294,0.0,0.7338737845420837,-0.1431703964869181,0.24341270327568054,0.0,-0.05779291 0.02410245 -0.003968152 0.005125602 -0.01998155 -0.04167393 -0.01521668 0.01325181 -0.03147083 0.02235896 -0.007611583 0.01203325 0.01390452 -0.04191905 0.03930032 -0.02113611 -0.08400758 -0.01336527 0.008953476 0.01761783 0.04366296 0.06242898 -0.004831059 0.004496474 0.06271481 0.01138638 0.01407987 -0.0008210556 0.01578959 -0.005339482 -0.03311558 -0.02749951 0.03596026 -0.02759181 -0.05897298 0.03278022 -0.01843597 0.03726164 0.03441058 0.06303761 -0.01837167 -0.006541831 0.01065521 -0.04102582 0.0460135 -0.09421166 -0.03330297 0.05138613 0.04150556 -0.005078284 0.05222856 -0.01016324 -0.01164992 -0.007125926 -0.03204685 -0.04199542 -0.002625414 0.009689686 0.01622971 -0.0009558478 0.03070857 -0.04385246 0.0530961 0.02376475 -0.00737376 0.00440697 -0.03481507 0.02121377 -0.0285459 -0.04942236 -0.01797539 -0.03769565 -0.01432582 0.008939378 -0.03279561 -0.09401275 0.06543907 -0.007363158 0.01887636 -0.02900299 -0.008517431 0.009282788 0.04697011 -0.0127316 0.01170367 0.0240009 -0.09881021 0.01451004 -0.05190396 -0.01589971 0.00250341 -0.01041033 -0.5522556 0.08466114 0.01522981 0.03734758 0.01730464 0.04863485 0.08188922 -0.05065018 0.01352129 0.02657072 -0.01435981 -0.004494776 0.001769868 -0.008919441 -0.1685181 -0.03253628 -0.01004248 0.004714731 -0.01555098 -0.02352816 0.02465765 0.008439645 0.02536527 -0.02163125 -0.05244441 -0.02818322 0.02762123 0.05140797 -0.002760411 -0.06912955 0.003880551 -0.02919571 -0.01407412 -0.06121224 -0.004567034 0.01811098 -0.0002363221 0.04424537 0.002431003 -0.02815893 -0.008714222 0.08293494 -0.01188703 -0.05983809 -0.02667997 0.04962119 0.02247447 -0.004225129 -0.02065278 -0.02434163 -0.08140954 -0.01037902 -0.02720982 -0.02191893 0.02713028 0.02197734 0.01788281 0.004562754 0.00176002 0.008931066 0.0007068262 0.0236946 -0.01535882 -0.04435149 -0.01779396 -0.01845656 0.01517062 0.06390136 0.002088168 0.02537684 -0.04569359 0.04223985 0.007906534 0.05434648 0.01720493 0.06661762 -0.01548547 -0.008969198 0.01064474 0.02862211 -0.06081712 0.01619664 -0.02243585 -0.05496782 0.01090842 -0.004855217 0.05864508 -0.02378079 -0.0004546375 -0.01977386 0.0453283 0.05221147 -0.01092057 0.05217364 0.03553316 -0.002236437 -0.01324642 -0.03591381 -0.008971017 0.04361466 0.05708999 -0.02521669 0.02197768 0.008848046 0.03196822 -0.02378317 -0.0530353 0.02114922 0.05408991 0.03030263 0.04189716 -0.00319416 0.07546452 -0.03235803 -0.03602561 -0.01381304 -0.007007286 0.04570346 -0.02937143 0.06605269 -0.01205699 -0.005516477 0.02948131 -0.03095091 0.03234296 0.002104384 -0.0332703 -0.03909224 -0.04304103 0.07338644 -0.006947563 -0.05295008 0.003245449 0.009412112 0.0160996 -0.03978253 -0.04632261 0.02746516 -0.0006492782 0.02183308 -0.02471443 0.05363203 -0.005329813 0.07058247 0.009812926 0.0233997 -0.0073199 -0.04229312 -0.0003689726 -0.007527506 0.05235444 -0.0279747 -0.05411093 0.003694538 0.02235978 0.03214141 0.01862275 0.0007789794 -0.02775603 -0.0195686 -0.01564652 -0.009779424 0.01129224 0.04132665 -0.0179098 -0.001636563 0.0694274 0.0374952 0.008816157 0.006367016 -0.01576766 -0.05260649 0.02420859 -0.01876626 -0.02000028 -0.001985385 0.03579966 -0.03764283 0.006057451 -0.006587666 0.04021348 0.01137749 0.0225929 0.01401049 -0.02714179 -0.02360231 0.03803524 -0.08714572 0.01643356 0.05136643 0.04594805 -0.01544577 0.005339889 0.01309323 -0.06452759 0.003210975 -0.03025073 -0.01814808 0.02274264 -0.01922146 0.009957683 0.01111931 -0.06484342 -0.002881006 0.07194281 0.007435739 0.02526997 -0.02590089 -0.02557765 -0.02003302 -0.01901688 -0.03377634 0.02251862 -0.03375869 0.00904953 0.0519903 0.0387535 0.04751352 -0.03547488 0.04140089 0.08263469 -0.01276075 0.025614 0.02074359 -0.02049403 0.01977523 0.05500716 -0.02192303 0.03260416 0.1466076 -0.01031159 -0.09103978 0.02795694 0.003822931 -0.01055051 0.01219545 0.0009672549 -0.02464709 -0.04232851 0.004569199 0.0278517 0.01215846 -0.03689011 -0.01057343 0.05181476 0.0378822 0.006351879 0.007388365 0.003392368 -0.01337283 -0.01366607 0.0001407231 -0.004663111 -0.04614554 0.04012863 0.04622611 0.01128831 0.00856751 0.002437105 0.0778993 0.05448655 0.02727994 -0.02306603 -0.0230212 -0.01617325 -0.1569909 -0.02829606 0.01992873 0.01477139 -0.03319529 0.01709613 -0.01893647 -0.1383593 0.02821516 -0.04755387 -0.05209189 0.02668233 0.06812809 0.001710849 -0.01513991 -5.536216e-06 0.0006057108 0.02623011 0.02854555 0.0582195 -0.05585596 0.03818498 -0.02380178 0.02328288 -0.02685983 -0.03244656 -0.05534371 -0.002508101 0.02209081 0.003897131 0.002056539 -0.05275505 0.07411028 -0.01094988 0.0349309 0.02541853 0.02249595 0.002670377 -0.04723496 0.01762795 0.01190288 0.05057268 -0.06260683 0.009536587 -0.008360183 0.01264598 -0.0107005 -0.02843507 -0.009191127 -0.03237054 0.02707013 0.02756859 -0.02026346 0.002582052 0.0189249 -0.006869693 0.02797887 -0.003167487 -0.01508761 0.02825458 0.03597357 -0.024921 0.0258723 0.01329679 -0.03631916 0.01893748 -0.005358209 0.004985781 -0.004814801 0.0004212576 -0.04878143 0.1632036 0.03935091 0.02036058 0.03540039 0.07400142 -0.0240483 0.02187289 -0.03713831 0.008902347 -0.0003689647 0.0161567 -0.0003962487 -0.01850925 0.02188072 -0.01730409 -0.01206359 0.02282191 0.01064763 0.008299265 -0.06646673 0.007206749 0.0241573 0.03219802 -0.001149525 0.02778953 0.0533178 -0.01100631 0.01001962 0.01476621 0.03269327 -0.01294398 0.02800702 -0.003368773 -0.005079171 -0.04180242 0.002365498 0.01851292 0.001382585 -0.07432806 -0.02851388 -0.02338836 0.04018125 0.006071816 -0.03732413 -0.07346863 -0.03926245 0.02441913 -0.008695711 -0.005561251 -0.05943673 -0.001224022 0.04320072 0.001512408 -0.0349453 -0.03456201 0.04983738 0.06333966 0.002011569 0.04060581 -0.01200202 -0.01730519 -0.02196302 0.02641418 0.0005098738 0.02005841 -0.08731175 -0.02578022 -0.005090964 0.07385443 -0.02176019 0.01280468 -0.01656942 0.04327577 -0.04302488 -0.02547854 0.02004881 0.008879184 -0.01531313 -0.03440565 0.03291404 0.003827605 0.07977982 -0.02275538 0.02144122
    Early_Renaissance,Early_Renaissance,Early_Renaissance__andrea-mantegna_maria-with-the-sleeping-child-1455.jpg,Early_Renaissance_Early_Renaissance__andrea-mantegna_maria-with-the-sleeping-child-1455_to_Early_Renaissance.png,0.32874024,0.0,0.8169367909431458,0.004663227001825976,0.27647000551223755,0.0,-0.01499855 0.01370847 0.001017818 0.01927232 0.01564398 -0.01699076 0.0121607 0.00416544 0.02763385 -0.007223177 -0.01447196 -0.02501735 0.04782759 -0.008335394 0.03341814 0.004676475 -0.02726953 0.001336394 -0.006679137 0.04550924 0.02827338 0.03046468 0.0258374 0.06359054 0.01986372 0.02464827 -0.003449321 -0.01304116 0.02321898 -0.0558309 -0.001358637 0.009578203 0.02568241 -0.01384612 -0.0877707 -0.01374781 0.0003888086 0.0137365 0.03471832 0.003594557 0.01470867 0.01968392 -0.01107226 0.03114654 0.06063747 -0.008826097 -0.02394559 0.05359188 0.04626323 -0.0006282626 0.002837721 0.009076467 0.01645279 0.0001382534 0.01278235 -0.007668204 -0.05881397 0.009773301 -0.01404024 0.001488475 0.06755696 -0.0342396 0.08724771 -0.03476023 0.01207534 -0.0358164 0.02849627 -0.04570242 -0.01828865 -0.03037548 -0.004553831 0.008708436 -0.03242936 0.01173921 -0.02924761 -0.07338644 0.03254098 0.02545401 0.003894283 0.05431814 -0.01679446 -0.02829534 0.03162704 -0.04298812 0.01458934 0.02570057 0.06668148 0.004585521 0.0440911 0.01946559 -0.005355297 -0.03472608 -0.5942758 0.04362088 0.02535126 0.002983008 0.01767028 -0.002876258 0.003608748 -0.03008398 0.04836345 -0.001289274 0.007901016 0.005167509 -0.02328534 0.004774193 0.04769745 -0.001673568 -0.002632944 0.02942158 -0.0215745 -0.03859663 0.01807007 0.01500654 0.02068651 0.01133817 -0.03694721 -0.0368502 0.01396155 0.02095407 -0.0001843907 -0.06736237 0.03091021 -0.001174817 -0.04716516 -0.0244798 -0.03249875 0.0509717 0.008510714 0.03320512 0.03242622 0.03973463 -0.06213293 0.07836743 0.03168404 -0.002351 0.01371266 0.02588882 -0.01832679 -0.04846875 0.04754572 -0.02745825 0.01785428 -0.01864746 -0.06202006 -0.007710404 -0.01166064 -0.001900408 -0.04561305 0.007266476 0.01836032 -0.04655723 -0.01976971 0.01516348 -0.0126347 -0.03036831 -0.02643553 -0.01830952 0.001312131 0.09242452 -0.02280734 -0.03397093 -0.0559668 0.02694236 0.02153337 -0.0099331 0.0008950401 0.0219229 0.02039488 0.05795323 -0.00569451 -0.0367179 -0.02852856 -0.007238983 -0.03877436 -0.04210463 0.04574299 -0.003368953 0.05120253 -0.02056438 0.006358189 0.0124387 0.02030833 -0.06230316 0.004877056 0.001269206 -0.00108099 0.008899382 -0.02313964 -0.01468775 0.02456055 0.03815955 -0.02339212 -0.0143762 0.05062007 -0.02239257 -0.003367363 0.03378458 -0.09655392 0.002327535 0.03841102 0.04044468 -0.00762437 -0.008035752 0.0302652 -0.01513389 -0.01398124 -0.04920058 -0.0359363 0.009081887 -0.01518865 0.1137509 0.009298731 0.01239911 0.0255855 0.01365015 0.02215942 -0.004434004 0.01338419 0.0153589 -0.009383062 -0.002314453 -0.02915318 -0.006333934 -0.040686 -0.03756301 0.006441698 -0.04888083 -0.001274519 0.01407815 0.01630671 0.0116655 -0.002578183 -0.02744925 0.009376555 0.04556388 0.0164808 -0.01399123 0.02981206 -0.03396126 -0.01467642 0.007100679 0.02192645 -0.03228535 -0.07286874 -0.02008608 0.01370848 0.004612464 -0.01557995 0.02856625 0.04063962 -0.01136096 0.0001925894 -0.02814998 -0.02378212 0.061271 -0.04897077 -0.01772248 0.06808657 0.02146186 0.03631967 -0.0240243 -0.02757243 -0.1090393 0.02432777 -0.006378422 -0.03850977 -0.05763077 0.07701521 -0.06099635 0.003559064 0.06099446 -0.005390112 0.04327679 0.05829212 0.03866208 -0.03590588 -0.01355736 4.494793e-05 -0.03101235 -0.02900166 0.01357712 0.01521747 -0.04509393 0.03618441 -0.01135186 -0.1274357 0.0005742722 -0.02786092 -0.01870401 0.03477162 -0.01607844 0.04253184 0.04238191 -0.01224325 -0.04281231 0.01992073 -0.02980141 0.003076845 -0.006847822 -0.02727555 -0.04136888 -0.03126981 -0.06401825 0.01111293 -0.0360725 0.06557825 0.04296273 0.03145535 0.03133315 -0.04817973 -0.01321801 0.07815368 0.03420116 0.0234577 0.05600054 -0.01469252 0.04372925 0.01628703 -0.05055281 0.05078078 0.1088891 -0.003973878 -0.08011536 -0.0116379 -0.0097431 0.02215354 -0.006072581 -0.006420255 -0.01128388 -0.02029662 0.03273718 0.01188777 0.003394223 0.002984989 0.002209391 0.06787612 0.003042465 -0.03741013 0.02168063 0.001101023 -0.002054363 -0.01066187 0.01287556 -0.01461613 -0.05766646 -0.01360163 0.005769587 0.01232905 -0.01338693 -0.05106724 0.03709084 -0.01049052 -0.01014009 0.008079829 0.02622975 -0.0500721 -0.1324611 0.01407408 -0.002379047 0.00451617 0.012099 -0.00400865 -0.03951632 -0.2051412 -0.01079555 -0.02729884 0.012754 0.01676849 0.0362979 0.0214033 0.02488597 -0.0005078157 -0.03488578 0.0166095 0.01266741 0.1210321 -0.05586374 -0.06736957 -0.01639966 0.01281701 -0.03620036 -0.01488044 -0.04473973 -0.03117722 0.004864823 0.05052041 -0.002759462 -0.006396493 0.09820332 0.04635933 0.004963755 -0.0115605 -0.005003965 -0.009926104 0.01350386 0.0008301513 0.001877856 0.03679225 -0.04209457 0.01068307 9.237582e-05 0.05329759 -0.01355075 -0.003641375 0.000291343 -0.0009666997 0.06437599 -0.0201384 -0.02808951 -0.05597806 0.01341401 0.03900452 0.04282332 0.009547579 0.02035867 -0.0002230848 0.01359119 -0.06189098 -0.01510731 0.02235807 -0.03015315 0.02751065 0.03053134 0.007104329 0.01291266 0.02755721 -0.04947966 0.09430812 0.02151766 0.01793053 0.05602148 0.08858965 -0.06135233 -0.05603407 -0.01546174 0.03480032 -0.01922988 -0.02751448 -0.03544526 -0.009273561 -0.02557733 -0.04322257 0.0211881 -0.006227014 -0.01583692 0.05158929 -0.04084059 0.02139721 -0.002333845 0.06189479 -0.01269953 -0.02505634 0.0756871 -0.02823982 0.03219997 0.01944626 -0.002304436 -0.02296696 -0.0184267 -0.03574719 0.01908146 -0.01158689 -0.02374189 0.04853794 0.01118142 0.04148274 -0.007277879 -0.04131966 0.01721908 0.01155395 0.000654019 -0.01079072 0.002707154 0.02914105 -0.06900066 0.02071839 -0.03039942 0.03731121 -0.01572005 -0.01841228 -0.01562744 0.003647482 0.002955973 0.0450867 0.01200895 0.01935545 0.07470588 -0.008698243 -0.05758769 -0.009652593 -0.02648131 0.01000877 -0.0351601 -0.01485353 0.03489318 0.01849062 -0.02069694 0.002562915 -0.00538994 0.003481408 -0.02899323 -0.01340705 0.02466539 0.02266449 -0.03009946 0.01401322 0.01774222 -0.0112035 0.03414918 -0.01654295 -0.04055462
    Early_Renaissance,Impressionism,Early_Renaissance__andrea-mantegna_maria-with-the-sleeping-child-1455.jpg,Early_Renaissance_Early_Renaissance__andrea-mantegna_maria-with-the-sleeping-child-1455_to_Impressionism.png,0.32701826,0.0,0.6435180902481079,-0.1702550113201141,0.20697884261608124,0.0,-0.015632 0.0175347 -0.0002353056 0.02014024 0.01677762 -0.02032873 0.01158989 0.0009012511 0.026767 -0.007351092 -0.01243183 -0.02547969 0.04935432 -0.009151419 0.03325707 0.000394318 -0.02227442 -0.005533621 -0.007771875 0.04495699 0.03055155 0.02845877 0.02313956 0.06944385 0.02315815 0.0252093 0.002105497 -0.01557323 0.02264491 -0.05613778 -0.004012438 0.01241802 0.02308612 -0.01526061 -0.08854631 -0.008887384 0.003673652 0.02060166 0.03392433 -0.0001972575 0.02188949 0.01798059 -0.00388357 0.03350778 0.05942257 -0.01245723 -0.02311959 0.05466754 0.05048997 -0.002522368 1.516104e-05 0.0142178 0.01415408 0.002711911 0.01513583 -0.01120085 -0.06556173 0.009732164 -0.01334366 0.0005994097 0.07099524 -0.03453923 0.08528058 -0.03515938 0.0164151 -0.03846885 0.02463221 -0.0414028 -0.01480094 -0.03019976 -0.006377626 0.01210725 -0.03470816 0.0121976 -0.02628522 -0.0769563 0.03192971 0.02453468 0.004208711 0.0592567 -0.02131935 -0.03047881 0.03663132 -0.04564926 0.01394624 0.02370232 0.06619681 0.004691307 0.0393286 0.0200472 -0.006621768 -0.03655412 -0.5862578 0.03817317 0.02146457 0.0006428272 0.01735374 -0.001579229 0.002868705 -0.02808031 0.04576567 -0.003723869 0.009371527 0.005236907 -0.01763418 0.002714709 0.04077388 -0.006268515 -0.002177664 0.03038386 -0.01947838 -0.04056688 0.01515169 0.009095828 0.01655296 0.01394677 -0.03861921 -0.04091332 0.01332302 0.02474385 -0.001885912 -0.07288049 0.03157055 0.001874609 -0.04640243 -0.02543294 -0.03289955 0.05189634 0.01026612 0.03508282 0.03319084 0.0407329 -0.06307792 0.07878035 0.03362796 -0.005955071 0.01063964 0.02081866 -0.01493054 -0.04451997 0.04263756 -0.02784839 0.01538587 -0.01920263 -0.06147461 -0.007538605 -0.008472859 -0.002033626 -0.04662698 0.005406208 0.01715791 -0.04652386 -0.02203724 0.01248219 -0.018709 -0.02577746 -0.02398776 -0.01544996 0.0007696085 0.09513249 -0.01801502 -0.03564632 -0.05573162 0.03027775 0.02104523 -0.01236946 -0.001482584 0.02530552 0.01911545 0.0543547 -0.005504708 -0.03923638 -0.03408452 -0.007463637 -0.03886001 -0.04129461 0.03987467 -0.002632936 0.05788318 -0.01902116 0.009341236 0.01021574 0.02330509 -0.06472313 0.004726375 0.003270885 -0.003853957 0.005105128 -0.02317 -0.02011002 0.02595278 0.0382112 -0.0251196 -0.01746905 0.05422687 -0.01893358 -0.0009572327 0.03662046 -0.09249382 0.00423732 0.03562201 0.0384414 -0.01157853 -0.006497246 0.03216043 -0.0151981 -0.01680094 -0.04452111 -0.03457975 0.007184044 -0.01845291 0.1090002 0.007474967 0.01359637 0.02663997 0.0179259 0.02314264 -0.006860794 0.01110111 0.01264761 -0.002449141 -0.001406368 -0.03012588 -0.006233431 -0.03614406 -0.03724014 0.003832812 -0.05088271 0.0006911862 0.01500837 0.01361693 0.009955341 -0.007523288 -0.02488008 0.007554604 0.04980009 0.0162293 -0.01374374 0.03295369 -0.03573883 -0.01254265 0.008288603 0.01963552 -0.03102296 -0.07871334 -0.01794561 0.01712218 0.006800089 -0.01183334 0.02971664 0.04293847 -0.0139067 -0.002087878 -0.02649602 -0.01845646 0.06210238 -0.04938815 -0.02090143 0.06365132 0.0239042 0.03434317 -0.02488692 -0.03005261 -0.1125214 0.0256076 -0.009108088 -0.0330013 -0.05961836 0.07774014 -0.05688306 0.003950734 0.06377091 -0.002356123 0.04327514 0.0552786 0.03873525 -0.03804373 -0.01747013 0.002528966 -0.03527675 -0.02619926 0.01490117 0.01448829 -0.04555197 0.03571591 -0.0119418 -0.1154262 -0.003085973 -0.02583237 -0.02119754 0.03605266 -0.01318862 0.0420465 0.03818916 -0.01038678 -0.04706504 0.01778643 -0.0371973 0.003353584 -0.002239957 -0.02555762 -0.04281525 -0.02780083 -0.06192119 0.009265292 -0.0372809 0.06634017 0.04081675 0.03880109 0.03018218 -0.05087095 -0.01094843 0.07856018 0.03233309 0.02028438 0.05796158 -0.01701607 0.04377707 0.01362778 -0.04871688 0.0496086 0.1107278 -0.002815907 -0.07794288 -0.01311866 -0.01024712 0.02042313 -0.004159915 -0.003996217 -0.01504018 -0.01791404 0.03195588 0.01550769 0.005830018 0.003077999 0.000179981 0.06875848 0.002562111 -0.03829278 0.02119509 0.001389486 -0.002133755 -0.005757285 0.01916162 -0.01094435 -0.05954399 -0.01786784 0.007922848 0.01094389 -0.009370269 -0.05493117 0.0319229 -0.006242677 -0.009684485 0.007636007 0.02212282 -0.04735278 -0.130653 0.01282673 0.002074871 0.00589085 0.01233441 -0.001881758 -0.04406323 -0.2071765 -0.01109867 -0.02644321 0.008027624 0.01853154 0.03025992 0.02217872 0.02464524 -0.002379313 -0.03034286 0.01734472 0.01363515 0.1216334 -0.05279458 -0.06900679 -0.01808302 0.01164947 -0.0371499 -0.01297175 -0.04403232 -0.02877433 0.005005562 0.05289264 -0.00308074 -0.004196235 0.101624 0.04538063 0.001892783 -0.009611589 -0.004841818 -0.008432567 0.01644977 0.003364894 -0.00507928 0.03637093 -0.04689302 0.01290176 0.001449795 0.05366183 -0.01585746 0.0007099826 -0.0003744994 0.001818875 0.06822421 -0.0172591 -0.02704458 -0.06020533 0.008608415 0.03847263 0.04248573 0.009573905 0.0192795 -0.00151111 0.01121705 -0.06126151 -0.01621628 0.02098296 -0.02801448 0.02542848 0.02599903 0.005499846 0.01155998 0.02435343 -0.05039744 0.1058961 0.02262773 0.02223865 0.05682105 0.08744249 -0.06317426 -0.05369265 -0.01478049 0.03337676 -0.01823043 -0.0326022 -0.04259101 -0.00876285 -0.02612451 -0.0461003 0.01772659 -0.008325773 -0.01215715 0.05117669 -0.04339513 0.02256131 0.002427875 0.0688889 -0.0128102 -0.02540179 0.08028694 -0.03103352 0.0276715 0.02058184 -0.005348122 -0.01811815 -0.01870371 -0.03624403 0.01708835 -0.009041149 -0.02134961 0.04916967 0.01205394 0.04145191 -0.009500667 -0.04167475 0.01332377 0.01235136 0.003135399 -0.005272745 0.00170043 0.02652127 -0.06853272 0.02072714 -0.03111558 0.03934813 -0.01298815 -0.01907234 -0.0211335 0.007279126 0.00914799 0.04683641 0.01949043 0.02184462 0.07344961 -0.01223704 -0.05684775 -0.01305348 -0.02709347 0.01107405 -0.03498571 -0.01528642 0.035506 0.01796193 -0.02564471 0.0007921897 -0.002761471 0.001877854 -0.03175778 -0.01531278 0.02723575 0.02552486 -0.03589904 0.01434992 0.01450808 -0.0163493 0.03603126 -0.01364151 -0.04344526
    Early_Renaissance,Minimalism,Early_Renaissance__andrea-mantegna_maria-with-the-sleeping-child-1455.jpg,Early_Renaissance_Early_Renaissance__andrea-mantegna_maria-with-the-sleeping-child-1455_to_Minimalism.png,0.46919927,0.0,0.6523518562316895,-0.20454904834429422,0.1718030869960785,0.0,-0.004286377 0.004091509 -0.002680133 0.02561617 0.0251378 -0.02306235 0.01895002 0.004528279 0.03190243 -0.002985275 -0.008246577 -0.01348383 0.03649725 -0.005618881 0.01620357 -0.006399604 -0.01800053 0.001377496 0.006068571 0.03645656 0.04544896 0.02055298 0.01888869 0.06934651 0.0195222 0.01834088 -0.01001378 -0.01487403 0.0228847 -0.06588921 0.001169612 0.0003838506 0.0008256215 -0.001118772 -0.09750535 -0.01673329 -0.01164864 0.02031614 0.0364131 -0.01613983 0.01932436 -5.898529e-06 -0.01409048 0.02378731 0.04819871 -0.02531922 -0.01116191 0.05286676 0.04824009 -0.008672465 0.01341808 0.01840982 0.0221354 0.006513044 0.01239732 -0.0009180034 -0.07018856 0.01421705 -0.02581475 -0.01259166 0.07618157 -0.0441829 0.07606667 -0.04337908 0.003534875 -0.01093121 0.01460495 -0.01883898 -0.01575344 -0.01324246 -0.0141007 0.004544728 -0.03301131 0.03690543 -0.03041252 -0.06211341 0.01636429 0.01930075 0.001433774 0.06526759 -0.0224976 -0.01527242 0.04417675 -0.05604427 0.02702903 0.01302891 0.06665884 0.006475617 0.03467937 0.03075382 -0.004636974 -0.02646839 -0.6184763 0.03770205 0.02776914 -0.0173337 0.007929157 -0.004248381 0.02851675 -0.01828567 0.03417282 -0.001504316 0.0005110487 0.0008106161 -0.02806392 -0.006320953 -0.002141103 -0.01811538 -0.004090486 0.03060087 -0.001646636 -0.03287377 0.01938745 -0.009907838 0.006706007 0.03073824 -0.04398699 -0.05127288 0.001210371 0.02567031 0.01021874 -0.09172011 0.03177976 0.01157848 -0.04649235 -0.02235379 -0.02770559 0.03784658 0.009238919 0.02935226 0.02397187 0.02562792 -0.0627678 0.0791216 0.01328128 -0.004258395 0.007718283 0.01452188 -0.02096556 -0.02005686 0.03882636 -0.0231718 0.008667905 -0.01299248 -0.04941902 -0.002553487 0.006920475 0.0005856455 -0.03603561 0.002335614 0.01435237 -0.0437174 -0.02443935 0.008820205 -0.0147742 -0.02607246 -0.02585412 -0.03745541 -0.006000928 0.08420219 0.01221876 -0.02634323 -0.03766466 0.01451137 0.006745889 -0.006759892 0.01329202 0.0316187 0.01159409 0.04834824 -0.009448663 -0.04022881 -0.01227976 0.006531426 -0.04347233 -0.0400422 0.03776463 0.00685345 0.02370478 -0.007827098 0.0005245246 -0.0004599395 0.005992815 -0.03666116 -0.01624999 -0.005693721 -0.01347576 0.002003326 -0.02189356 -0.01558893 0.0168129 0.03593797 -0.0125491 -0.01040456 0.03129687 0.009068577 0.0008449727 0.0542703 -0.09302773 0.003769874 0.01935342 0.03641611 -0.01156701 0.01412858 0.03009636 -0.01939292 -0.03472393 -0.0288463 -0.0414909 0.008039761 -0.02298537 0.1065041 0.01867643 0.005631001 0.03805317 0.01531561 0.0109604 -0.02558625 0.01600457 0.007824683 -0.009360009 -0.01676663 -0.03321373 -0.0133784 -0.02824315 -0.03229664 0.0105437 -0.04917951 -0.007117737 0.03316193 0.009573121 0.007837502 -0.01350452 -0.02767136 0.02506265 0.04473186 0.01385682 -0.01079915 0.02476009 -0.02958764 -0.001389153 0.0074974 0.02848472 -0.02783405 -0.09047531 -0.04189292 0.01264037 0.0001533625 -0.006420372 0.02621075 0.02911148 -0.02077775 0.003354437 -0.01561281 -0.01853428 0.05917076 -0.03620703 -0.01736965 0.06841218 0.0181154 0.03843324 -0.01668036 -0.02615522 -0.09057172 0.02593581 -0.003721149 -0.02447782 -0.05815548 0.05434557 -0.05667756 0.01181743 0.0596004 -0.0005427111 0.0419253 0.05323212 0.03781543 -0.03484338 -0.004148443 -0.005887943 -0.04114256 -0.005151212 0.01402061 0.02207254 -0.02871082 0.03785902 -0.02676214 -0.1237666 -0.00698085 -0.04195767 -0.02153951 0.02690259 -0.01560065 0.05177224 0.03353629 -0.009598926 -0.01856448 0.01584363 -0.01782732 -0.007055885 0.004415299 -0.0132389 -0.03311645 -0.03359154 -0.06848896 0.02380388 -0.05353736 0.06553835 0.02899428 0.04990649 0.02426923 -0.0473531 -0.01133267 0.07892057 0.02910851 0.008799571 0.05798772 -0.001604493 0.05035945 0.008844053 -0.05225899 0.05023413 0.1271707 -0.01233364 -0.0565799 -0.01468417 0.006796999 0.01742946 0.001897652 0.003587573 -0.001914604 -0.02149143 0.02881177 0.01777254 0.005270463 -0.0006219975 -0.007448673 0.06370042 -0.002489432 -0.02869476 0.002973349 -0.005237325 -0.01871274 -0.02302862 0.02119536 -0.009094804 -0.05178665 -0.01773034 0.004768852 0.003102033 -0.02068898 -0.0337351 0.03990154 -0.0184765 -0.01908636 -0.001988221 0.01160193 -0.04446587 -0.09665719 0.01530524 -0.01273593 0.0008499283 0.0183701 0.005247565 -0.0578065 -0.2146425 -0.02697917 -0.0434664 0.02085824 0.007431022 0.04705013 0.027623 0.02283621 0.00208802 -0.008935368 0.001416126 0.005290814 0.1223606 -0.04312808 -0.06084926 -0.01917964 0.03092769 -0.0006224168 -0.01587657 -0.02971216 -0.0200932 -0.01269431 0.04085739 -0.008628881 -0.007572549 0.1093845 0.06017484 -0.006118882 -0.01842974 -0.01780072 -0.01377743 0.03239941 -0.006340459 -0.009549213 0.02839358 -0.0251741 0.01808334 0.001216273 0.06881098 -0.01044051 -0.006814551 0.001087136 -0.00387294 0.05815189 -0.002364561 -0.03246107 -0.04441775 0.01026688 0.02897029 0.03127836 0.003002509 0.026955 -0.01934315 0.006520708 -0.03719896 -0.008883643 0.01832388 -0.01512501 0.02793772 0.03004561 0.004543613 0.005793861 0.01708306 -0.03145677 0.1182085 0.01614665 0.03536354 0.05312784 0.0908931 -0.03851715 -0.04613785 -0.02363846 0.01192142 -0.01826258 -0.03134062 -0.04045839 -0.01349095 -0.03671312 -0.05917109 0.0008292238 -0.001822253 -0.01474745 0.04540057 -0.0394289 0.02903906 0.02323428 0.06827173 -0.04058956 -0.01433513 0.0879328 -0.0224125 0.04018697 0.0196453 -0.0003525405 -0.02832477 -0.01789071 -0.02875231 0.01644343 -0.009294437 -0.01726661 0.05184038 0.006849583 0.03809383 -0.02616237 -0.03806812 0.01293659 -0.001783159 0.006066388 0.006875878 0.003063495 0.01408263 -0.04857488 0.01814472 -0.04482424 0.03429974 -0.01921592 -0.01346877 -0.02609672 0.02098428 0.01050519 0.04829688 0.02989536 0.015637 0.06578229 -0.02335796 -0.06083831 -0.01354222 -0.0135849 0.01758113 -0.04032395 -0.02648808 0.04898457 0.02828005 -0.02554296 0.01064713 -0.01399618 0.005651558 -0.02013492 -0.01126311 0.03437368 0.03026694 -0.04707455 0.01453191 0.008574838 -0.01719525 0.02804935 -0.00808502 -0.04090424
    Early_Renaissance,Rococo,Early_Renaissance__andrea-mantegna_maria-with-the-sleeping-child-1455.jpg,Early_Renaissance_Early_Renaissance__andrea-mantegna_maria-with-the-sleeping-child-1455_to_Rococo.png,0.31672102,0.0,0.739851713180542,-0.07052380243937173,0.2427637279033661,0.0,-0.01250342 0.02110281 -0.0009173061 0.02313508 0.01708129 -0.02202623 0.01534729 0.009226995 0.02048652 -0.006297723 -0.01071467 -0.02762402 0.05074717 -0.009649939 0.03555846 -0.0006693725 -0.0275467 -0.006051535 -0.00403764 0.04437108 0.03426664 0.02958951 0.02403087 0.0715083 0.02650613 0.02613093 0.005062819 -0.01906213 0.02087994 -0.05481028 -0.01037149 0.00877538 0.0214531 -0.01744371 -0.08494598 -0.008336927 -0.002051 0.02429184 0.03900484 -0.004132883 0.02185504 0.01746922 -0.001449405 0.02982136 0.05611643 -0.01464359 -0.0169621 0.05402385 0.05152091 -0.002758 0.001882402 0.01307657 0.01882998 3.337687e-05 0.01205634 -0.006958925 -0.06100271 0.01406908 -0.02128009 -0.0001706631 0.06440838 -0.03305756 0.07907602 -0.03084505 0.0120891 -0.04026805 0.02320361 -0.03999336 -0.01621931 -0.02897389 -0.01070659 0.01474457 -0.03654125 0.01284268 -0.02748494 -0.07666693 0.02771404 0.02626752 0.007302794 0.05406578 -0.02022244 -0.03046387 0.03845892 -0.04764998 0.01348798 0.02138822 0.06213982 0.007705252 0.03840433 0.01606476 -0.004559915 -0.0378866 -0.5915318 0.03779957 0.021676 0.0008450713 0.01988667 0.0009339994 0.006615059 -0.02134097 0.04369637 -0.004434698 0.0126668 0.006542995 -0.01700688 0.006676742 0.02285514 -0.00293158 0.002795312 0.02932193 -0.01898034 -0.03864244 0.01342202 0.007998957 0.01985332 0.01404681 -0.04230364 -0.03782602 0.01331591 0.02304311 -0.001174127 -0.07189688 0.03358195 0.005246953 -0.04388022 -0.0254367 -0.03162236 0.0505272 0.008638169 0.03551856 0.03693983 0.03701138 -0.06282374 0.08102367 0.02969086 -0.006938679 0.01134533 0.01837111 -0.015194 -0.0383949 0.04394617 -0.02462135 0.01825625 -0.01671399 -0.06103479 -0.007340909 -0.01164975 -0.007738856 -0.04758596 0.003716239 0.0148017 -0.0477026 -0.02850618 0.01000037 -0.01555744 -0.02553779 -0.02599995 -0.01973824 0.002091783 0.09467433 -0.01575629 -0.03330061 -0.05524445 0.03725132 0.01937142 -0.008715449 -0.004634156 0.02467191 0.0147752 0.05120631 -0.002461557 -0.03838511 -0.03393985 -0.007668032 -0.04022977 -0.04189679 0.04244488 -0.00616142 0.05634344 -0.02113502 0.00913951 0.01325681 0.0208455 -0.06179474 0.004605659 0.003194517 -0.004567476 0.004425122 -0.01972426 -0.01739088 0.02644962 0.03569965 -0.02253662 -0.01703795 0.05320197 -0.01890273 -0.004799015 0.03246592 -0.08662035 0.005764668 0.03270927 0.04253708 -0.007532033 -0.00713899 0.03098286 -0.01147937 -0.01970648 -0.04430377 -0.03147386 0.009785932 -0.02257916 0.1128521 0.008516551 0.0183075 0.03157674 0.0144755 0.02676437 -0.0129635 0.003885313 0.009438017 -0.003354451 0.007778173 -0.03279287 -0.007037278 -0.03356566 -0.03794528 0.00285591 -0.05498479 -0.001768625 0.01931563 0.01137473 0.01318222 -0.004250032 -0.02693327 0.00451627 0.05422167 0.01966553 -0.01794084 0.0370831 -0.03625746 -0.01449683 0.006553185 0.0191303 -0.02912831 -0.07889271 -0.02196499 0.01619381 0.00970674 -0.009967343 0.02805507 0.03811856 -0.01746671 -0.005540038 -0.02790768 -0.01880584 0.06828878 -0.05195744 -0.02074736 0.05867512 0.0216212 0.03493116 -0.02554003 -0.0314095 -0.1095589 0.02792799 -0.009555402 -0.03062386 -0.05893817 0.07509542 -0.05785709 0.004151696 0.06041839 0.0009474472 0.04355571 0.05364412 0.04015435 -0.03989771 -0.01758073 0.004260405 -0.0382791 -0.02711226 0.01551186 0.0195218 -0.04216849 0.03430001 -0.01507557 -0.125476 -0.002693947 -0.02341612 -0.02476059 0.03209308 -0.01175942 0.04028405 0.03790819 -0.01054015 -0.04571517 0.02771765 -0.0369525 0.002848482 -0.007242462 -0.02232831 -0.04447319 -0.0294685 -0.05721645 0.01209652 -0.03799185 0.05911908 0.04054626 0.03929718 0.03397202 -0.05569495 -0.01118767 0.08081225 0.03060022 0.02290932 0.05788846 -0.01602444 0.04397343 0.01203093 -0.05550724 0.04846591 0.1007916 -0.001437251 -0.07741405 -0.01535745 -0.003758807 0.02055097 -0.003037804 -0.002247031 -0.009658648 -0.019296 0.02565802 0.01578881 0.0003666621 0.001070755 0.001292605 0.06456146 0.007467089 -0.03367312 0.02052083 0.0006901597 -0.002331917 -0.007023555 0.01800709 -0.00726562 -0.06012238 -0.02202285 0.01000234 0.01104536 -0.009783496 -0.05936272 0.03063788 -0.006613116 -0.0127627 0.005775581 0.02260868 -0.04784142 -0.1339631 0.01497218 -0.002460768 0.0002978506 0.01527851 0.002489778 -0.04826342 -0.1985741 -0.001895512 -0.02747617 0.006278643 0.01597178 0.03548523 0.0232805 0.03127974 -0.005127917 -0.02539503 0.01838577 0.01087691 0.1230486 -0.04756244 -0.06646119 -0.01924949 0.008939547 -0.03776215 -0.01445578 -0.04528802 -0.0252108 0.004873585 0.05098791 -0.004678989 -0.005125095 0.1053855 0.0436005 -0.003416747 -0.004561527 -0.003006103 -0.009292047 0.01518049 0.001715817 -0.005616209 0.03462429 -0.0520682 0.01306888 0.003159547 0.05287712 -0.02097448 0.005276575 -0.0009194917 9.661426e-05 0.07119986 -0.01045731 -0.02469678 -0.06837382 0.01023054 0.03741859 0.04041274 0.01337559 0.01647229 0.002095221 0.01073204 -0.05941739 -0.01574838 0.01508534 -0.0248792 0.02620887 0.02261411 0.001656329 0.01413335 0.02081948 -0.04302271 0.09655987 0.02629119 0.02365297 0.06117553 0.087403 -0.06540194 -0.05827389 -0.01800707 0.03248087 -0.0193905 -0.03259488 -0.04200832 -0.005800425 -0.03346391 -0.03791771 0.01888111 -0.009109665 -0.01385609 0.04960671 -0.04879932 0.02198236 0.004691551 0.06971063 -0.008496597 -0.02536437 0.08309948 -0.03334685 0.03348655 0.02241016 -0.005186138 -0.01514434 -0.02561553 -0.03906337 0.018498 -0.009768316 -0.0207904 0.05308337 0.009707992 0.04074824 -0.01072566 -0.04223806 0.01523651 0.0114839 0.003546832 -0.006377043 -0.001920485 0.02350955 -0.0700305 0.02142398 -0.03348828 0.03879761 -0.01212559 -0.0193275 -0.01754608 0.002518387 0.009170836 0.0466548 0.01905686 0.02025075 0.07153196 -0.01528564 -0.05860839 -0.01258405 -0.026332 0.01300307 -0.03653611 -0.02262283 0.03705555 0.01444061 -0.02280078 0.002465993 -0.0002883244 0.002516442 -0.02905342 -0.0136464 0.02757088 0.0202454 -0.03628634 0.01042341 0.01514349 -0.01439927 0.03452973 -0.01469237 -0.04694996
    Early_Renaissance,Ukiyo_e,Early_Renaissance__andrea-mantegna_maria-with-the-sleeping-child-1455.jpg,Early_Renaissance_Early_Renaissance__andrea-mantegna_maria-with-the-sleeping-child-1455_to_Ukiyo_e.png,0.34423602,0.0,0.6427867412567139,-0.23425743977228797,0.1949920356273651,0.0,-0.01561233 0.01247188 7.430854e-05 0.02012469 0.01757267 -0.01561081 0.01139359 0.002244979 0.02907753 -0.008148273 -0.01379426 -0.02438333 0.04692952 -0.006676274 0.0316787 0.003870688 -0.02276331 -0.001522945 -0.005505712 0.04460655 0.0269248 0.03003484 0.02313716 0.06527261 0.01943503 0.02415934 -0.002419994 -0.01328708 0.0253947 -0.05703903 0.00210468 0.01244436 0.02631691 -0.01368461 -0.0886235 -0.01375947 0.002652291 0.01604841 0.03187742 0.003942576 0.01485688 0.02014368 -0.009584987 0.03089031 0.06180265 -0.00800925 -0.02610332 0.05373621 0.04938575 -0.001517204 0.003761275 0.0104928 0.01551147 5.178239e-06 0.0156932 -0.01134996 -0.06163137 0.008411426 -0.01303234 0.00231691 0.06703297 -0.032637 0.08989909 -0.03620642 0.01473354 -0.03613133 0.02822994 -0.04430606 -0.01558463 -0.03043625 -0.003257593 0.006810843 -0.03316918 0.009431505 -0.02760568 -0.07568685 0.03286527 0.02474952 0.002437602 0.05704296 -0.01766155 -0.02806782 0.03470648 -0.04394809 0.01481873 0.02669316 0.06680386 0.004313721 0.04106956 0.02252314 -0.005682409 -0.03526209 -0.592456 0.04317284 0.02553424 0.001023297 0.01760358 -0.004181101 0.003411748 -0.02960384 0.05034195 -0.001490343 0.008157525 0.004699227 -0.02278617 0.00376886 0.05034711 -0.003715212 -0.003651252 0.02872992 -0.01953732 -0.04057312 0.0192445 0.01651567 0.01704331 0.01267952 -0.03604262 -0.04077541 0.01196321 0.02118848 0.001382967 -0.0671676 0.02915348 -0.002341694 -0.04926016 -0.02431834 -0.02965828 0.05084918 0.007746893 0.03298105 0.03044254 0.04032828 -0.06133183 0.07809647 0.03375319 -0.001093167 0.01126193 0.02801831 -0.01799 -0.0497946 0.04460102 -0.02832092 0.01296969 -0.01895561 -0.06284463 -0.007311915 -0.009196881 -0.0008965746 -0.04697898 0.008489755 0.0198534 -0.04749274 -0.02001667 0.01571657 -0.01473226 -0.02950646 -0.02683297 -0.01655368 0.001965918 0.09306601 -0.02202693 -0.03426474 -0.05530781 0.02495313 0.02168098 -0.009007934 0.001206825 0.02265504 0.01862894 0.0589686 -0.005336667 -0.03788578 -0.03070686 -0.007108213 -0.03991359 -0.03906505 0.04391745 -0.004090471 0.05492689 -0.02063578 0.006076957 0.01400536 0.02264813 -0.06470067 0.002596782 0.001334074 -0.002542 0.007345576 -0.02385403 -0.01587762 0.02198217 0.0366289 -0.02185067 -0.01220741 0.05282756 -0.02257469 -0.002880688 0.03469206 -0.09663274 0.002038026 0.03876776 0.03966111 -0.007624534 -0.006091265 0.03051943 -0.01691369 -0.01192507 -0.04828933 -0.03621385 0.008396584 -0.01517653 0.1105812 0.007892452 0.01307488 0.02353744 0.01863946 0.02066911 -0.003146306 0.01436589 0.02026138 -0.008433388 -0.002673571 -0.02754353 -0.006885232 -0.03962703 -0.03876423 0.007008258 -0.0489615 -0.0006880946 0.01487552 0.01513619 0.01096951 -0.004467151 -0.02531016 0.01038285 0.04441922 0.01583985 -0.01281372 0.02941041 -0.03362823 -0.01490161 0.005810812 0.02084296 -0.03411131 -0.07594824 -0.01835007 0.01564025 0.005365108 -0.01354245 0.02973141 0.04122641 -0.0131267 -0.0003060931 -0.02605101 -0.02042963 0.06015463 -0.05102361 -0.01836425 0.06348727 0.02438647 0.03379491 -0.02338157 -0.02791076 -0.1095008 0.02636531 -0.005323086 -0.03823635 -0.05857312 0.07548921 -0.05834956 0.004367246 0.06277203 -0.005490215 0.0435141 0.05712592 0.04046934 -0.03600678 -0.01576179 0.0008688679 -0.03022051 -0.02883458 0.01570369 0.01506366 -0.04780978 0.0367276 -0.009855515 -0.1208168 -0.0009913838 -0.02731347 -0.01731268 0.03818356 -0.01949651 0.04288426 0.0400384 -0.01170949 -0.04287509 0.01739186 -0.03400407 0.001199675 -0.002435457 -0.02733862 -0.04232789 -0.02946535 -0.06572393 0.008316659 -0.03493118 0.06628073 0.04502324 0.03248424 0.02891568 -0.04981137 -0.01309755 0.07788409 0.03468685 0.01953141 0.05515767 -0.01498661 0.04239398 0.01674446 -0.04711026 0.04946533 0.1118939 -0.002440749 -0.07891057 -0.01319402 -0.01195181 0.02282578 -0.006710938 -0.006777027 -0.01372665 -0.02075849 0.03280289 0.01328957 0.006475202 0.003760775 0.001926241 0.07155959 0.001244654 -0.03893627 0.02308388 0.00174081 -0.001706021 -0.009706791 0.01178019 -0.01496104 -0.06004499 -0.0133941 0.00395149 0.01207861 -0.01357549 -0.04986718 0.0378364 -0.01019213 -0.009017938 0.003556877 0.02368265 -0.04768704 -0.1270301 0.01305067 -0.0007470737 0.007001137 0.01200442 -0.003017905 -0.03936261 -0.2066587 -0.01284824 -0.02800349 0.01388707 0.02005324 0.03576553 0.0228149 0.02261888 0.001406614 -0.03501482 0.01511159 0.01045889 0.1187757 -0.0565959 -0.06993212 -0.0173852 0.01607763 -0.03422713 -0.01325862 -0.04328248 -0.03227231 0.005976866 0.04918956 -0.004757136 -0.007047133 0.09698326 0.04629421 0.004784635 -0.01161783 -0.006790319 -0.008488875 0.01599963 0.001096602 0.001202117 0.03775358 -0.04286201 0.008174787 -0.0009851735 0.0526316 -0.01110005 -0.002045247 0.0007498703 0.001570761 0.06576624 -0.02105176 -0.02753653 -0.05551007 0.01374153 0.03767006 0.04188098 0.008267196 0.02110718 0.001945547 0.01273172 -0.06437576 -0.01333976 0.02290733 -0.03053452 0.02728525 0.03409776 0.007664033 0.01274016 0.02859814 -0.05404517 0.1021767 0.02017645 0.01905004 0.05430514 0.08837967 -0.06113466 -0.05263057 -0.01571128 0.0351686 -0.01776005 -0.0318357 -0.03684146 -0.008771748 -0.0236693 -0.0450747 0.02101794 -0.008431994 -0.01401745 0.04890037 -0.03960789 0.02112214 -0.003730237 0.06456684 -0.01233395 -0.02263507 0.07665017 -0.02843474 0.0293477 0.02069521 -0.001797922 -0.02204533 -0.0174896 -0.03387958 0.01750879 -0.01060187 -0.02346788 0.04828465 0.0100917 0.04139431 -0.007113354 -0.03984759 0.01475617 0.0116296 0.0006455547 -0.01001549 0.004025602 0.02656324 -0.07085886 0.02212728 -0.02949829 0.0389645 -0.01462722 -0.01962921 -0.01845939 0.006000655 0.006120725 0.04627386 0.01337876 0.02066549 0.07469555 -0.01091163 -0.05828766 -0.01025579 -0.02586421 0.01040122 -0.03244323 -0.01127791 0.03645424 0.01986343 -0.02164595 0.002030249 -0.007018927 0.002272375 -0.02962124 -0.01444864 0.02284 0.02360659 -0.0303208 0.01576131 0.0162876 -0.01110568 0.03232628 -0.01461584 -0.03908833
    Early_Renaissance,Early_Renaissance,Early_Renaissance__andrea-mantegna_scenes-from-the-life-of-st-james-1448-2.jpg,Early_Renaissance_Early_Renaissance__andrea-mantegna_scenes-from-the-life-of-st-james-1448-2_to_Early_Renaissance.png,0.23737606,0.0,0.8345474004745483,0.022273836533228564,0.28134459257125854,0.0,-0.0322678 0.03066016 -0.006990376 -0.0249809 0.0271512 -0.05360509 -0.01613932 0.006567808 -0.04002265 0.01256666 0.02882176 -0.01810259 0.03832681 -0.02885854 0.01657122 -0.04543645 -0.01063861 0.02679539 0.01502084 0.01471871 0.06051301 0.05241593 0.01720889 0.04180952 0.04623385 -0.004642671 0.04219334 -0.01826958 -0.01342449 -0.01373783 -0.04578315 -0.02137349 -0.001972027 -0.01488032 -0.04526807 0.00750429 -0.02083561 -0.028164 -0.003416679 -0.04655079 -0.001257718 -0.004539172 0.009393767 -0.03119904 0.04739989 -0.0684822 -0.04206519 0.0126481 -0.001766377 -0.00661288 0.01425782 0.006799418 -0.01669542 -0.04046842 -0.03227562 -0.02747289 -0.02267565 -0.008536245 -0.0009852181 0.004821501 0.02757584 -0.03394235 0.05167324 0.03045413 0.004612238 -0.007525469 -0.03645845 -0.0001086043 -0.05406748 -0.02311334 -0.02934985 -0.00649326 -0.03633606 -0.04282195 -0.04256953 -0.02924763 0.02315515 -0.01646476 0.001727835 0.002571277 0.009593506 0.01741561 0.01089679 -0.02273499 0.01117484 -0.00168772 -0.05356217 0.008194456 -0.03034684 -7.731012e-05 -0.02816034 -0.00420829 -0.6267195 0.08406 0.02159241 -0.01388654 0.01993935 0.01019715 0.08759113 0.01641204 -0.008508096 -0.03041958 -8.961624e-05 -0.0008572123 0.03588497 0.001934989 -0.246029 -0.006161514 -0.006753928 0.0216584 0.00407596 -0.006367675 0.006917891 0.004874473 0.01325725 -0.04200185 -0.03217112 -0.037481 0.02012191 0.008753031 -0.008139852 -0.04115195 -0.02862969 -0.003106934 -0.01570423 -0.04509468 -0.001876055 0.004168888 0.003186372 0.008226588 0.0237934 -0.01148697 0.01394706 0.0827378 0.01945098 -0.03533312 -0.0297481 -0.009713995 0.02414274 0.01690286 -0.0334142 -0.001046239 -0.03979339 -0.01681228 -0.01593983 -0.005150364 0.04282972 -0.004121608 0.007892855 0.0070532 -0.02384852 -0.004360646 -0.004592108 0.04674669 0.007706301 -0.02619298 0.006704178 -0.0472953 0.0287961 0.04285309 0.01470913 -0.02141314 -0.009106616 0.03739916 0.02265793 0.03360939 -0.03880903 0.02342839 -0.02781676 -0.02587429 0.001774634 -0.005219148 -0.01508658 0.01479629 -0.004205247 -0.03791248 0.02690718 -0.0005621247 0.1057821 -0.01369236 0.005998608 0.01028041 0.020952 0.06573607 0.03556625 -0.006540462 0.0005469743 0.001146951 -0.003318606 -0.00112289 -0.004244098 0.0539343 -0.01972742 0.002577902 0.03287126 0.02492698 0.04136557 -0.007328025 -0.08378072 0.05855505 0.05471109 0.0501852 0.00766503 0.008197669 0.07736273 -0.03540109 -0.01876299 -0.007581904 -0.03790634 -0.0138862 -0.004590663 0.04317883 -0.02639127 0.01659543 0.03487334 -0.00785757 0.02230636 0.004162674 -0.03458913 -0.02557705 0.009672772 0.07153076 0.01492723 -0.03953495 0.008446441 0.02166655 -0.005333409 -0.03923849 -0.03729554 -0.001926481 -0.008705477 0.004400792 -0.02190559 -0.001469251 -0.02812991 0.06150731 -0.009837327 0.01779815 -0.02775968 -0.05564956 -0.03010676 -0.006999353 0.05075253 -0.003821269 -0.05498987 0.008810694 0.006174019 0.04299068 -0.009838246 -0.002729336 -0.00072853 -0.003224422 0.01740194 0.02372437 0.01193687 0.02192422 -0.0265798 -0.0001602121 0.01201338 0.04024242 0.03740431 0.008327218 -0.009358535 0.002594089 0.04761818 0.004890719 0.03086436 -0.07397763 -0.04026942 0.01586763 -0.01490413 0.007755593 0.04392289 0.02813126 0.006518833 -0.001922124 -0.05255829 -0.01352919 0.04291253 -0.03431331 0.02886361 0.05253702 0.01801995 -0.01748513 -0.006195491 0.0236955 -0.08007311 -0.008987292 -0.01086629 0.008754385 0.05678016 -0.01198673 0.02365458 0.004155174 -0.02612509 0.001771526 0.05804306 0.006193065 0.003738667 0.05140315 -0.04343223 -0.02882095 -0.00310539 0.01973615 0.02339254 -0.03141232 -0.001015742 0.01698164 0.05452869 0.006547639 -0.04936404 0.03205174 0.08252706 0.01691399 0.006090312 0.05113107 0.04928387 0.02941721 0.007983224 -0.007918801 0.02759713 0.1040431 -0.005177713 -0.05232529 -0.01360928 -0.000604118 -0.0132236 0.0282294 -0.003270865 0.005405527 -0.05260633 0.03762 0.01921797 -0.009469653 -0.02381885 0.02245326 0.04627654 0.05361983 0.01412391 0.00117062 0.008857624 -0.01191814 -0.01407675 0.03330975 0.03053296 -0.04320465 0.005520021 0.03695282 0.01013631 0.0208082 -0.004480155 0.02946312 0.01893367 0.008604197 -0.03314396 -0.02299522 -0.0269779 -0.1217698 0.01118931 -0.01608586 -0.02287264 -0.01406985 0.01917291 -0.01337583 -0.1312758 0.03450297 -0.02709717 -0.01233498 0.04917236 0.01619487 -0.002968619 -0.002619731 0.01848249 0.01595074 0.02366736 0.0127762 0.02326884 -0.0218495 0.04925011 -0.009191301 0.02863843 -0.03525246 -0.0106461 -0.05674813 -0.01313641 0.009292279 -0.009204181 0.02206837 -0.04180233 0.1442227 0.04682777 0.03793753 0.01512179 0.01637228 -0.005436766 -0.04239612 0.02001738 0.02429456 -0.0002339621 -0.08794325 -0.01043285 -0.004151342 0.03878086 -0.004356853 -0.02605711 -0.005117904 -0.00246239 0.03145567 0.0417673 -0.01075854 -0.06585886 -0.01338672 0.020217 0.03495349 0.01513157 -0.006602 0.02509159 0.002621314 -0.0160625 -0.03826842 -0.005424664 -0.0556445 0.01619305 0.03253768 0.04496874 0.02607905 -0.01950156 -0.06544363 0.1220324 0.02306175 0.004425122 0.05510842 0.1150922 -0.0126262 0.005556346 -0.03731336 0.02833355 0.009850745 -0.02418675 0.006587881 -0.006773919 -0.06093029 -0.0006970031 0.03000491 0.02610902 -0.02019506 -0.006394077 -0.03129211 0.01263172 0.03967544 -0.008201415 0.04276583 0.005446537 0.08635665 0.004837747 -0.01987238 0.03201947 0.002562906 0.01514939 0.02880475 0.0006741191 -0.01589964 -0.02424055 -0.01081393 0.007307319 -0.01986054 -0.01745017 0.01241136 -0.004383247 0.01577442 0.005260732 -0.03183074 -0.07995655 -0.02722252 -0.0008003223 0.01726097 -0.007083322 -0.02561967 0.04585003 0.04197235 0.01960064 -0.03756087 0.000495323 0.03002126 0.04327997 -0.001524318 0.008291309 -0.01313418 -0.0201396 -0.06923502 0.0566998 -0.007117781 -0.03713892 -0.03837463 0.00866753 -0.01225771 0.06304217 -0.01107581 -0.004046882 0.003481231 0.04085475 -0.02963694 -0.0352793 0.009282934 0.04704085 0.01241558 -0.04279603 -0.0005831781 0.0322586 0.03707549 -0.02104655 0.01263421
    Early_Renaissance,Impressionism,Early_Renaissance__andrea-mantegna_scenes-from-the-life-of-st-james-1448-2.jpg,Early_Renaissance_Early_Renaissance__andrea-mantegna_scenes-from-the-life-of-st-james-1448-2_to_Impressionism.png,0.2255925,0.0,0.6917744874954224,-0.12199861407279966,0.17159922420978546,0.0,-0.03457301 0.02801199 0.001153983 -0.03207625 0.03820758 -0.04947023 -0.01272633 0.008709344 -0.03678999 0.01013659 0.02930961 -0.02157665 0.04083357 -0.03053523 0.01970352 -0.04421784 -0.007901817 0.03199876 0.008914261 0.01336346 0.06333316 0.05205745 0.00933795 0.04246026 0.05196183 -0.007677443 0.04247198 -0.01864922 -0.01851786 -0.010265 -0.04501905 -0.02100681 -0.001144035 -0.01763698 -0.03700079 0.007754925 -0.0231474 -0.0206354 -0.00611501 -0.03673106 -0.003743379 -0.004523685 0.004554176 -0.02897755 0.04925996 -0.08130595 -0.04044359 0.01207889 -0.001344671 -0.01164008 0.01424282 0.008893554 -0.0173445 -0.04073024 -0.03698454 -0.02955784 -0.01578528 -0.02012297 -0.009507272 0.01031121 0.02485102 -0.02606958 0.05137268 0.03013189 0.006726276 -0.004931436 -0.03693157 0.006169096 -0.05316777 -0.02305116 -0.02636718 0.0007343741 -0.03288695 -0.04476868 -0.03583445 -0.03023691 0.02896194 -0.01412431 0.0007077405 -0.006083561 0.01103455 0.02424369 0.009474003 -0.02341482 0.01127392 -0.002852107 -0.05776653 0.01002634 -0.03616075 -0.00367331 -0.02851224 -0.009176376 -0.6229633 0.07951334 0.02412946 -0.01121245 0.01992241 0.003401257 0.08693247 0.02518129 -0.002660357 -0.02273474 -0.00128276 -0.001388363 0.03576529 -0.007593809 -0.2499812 -0.004570112 -0.01041109 0.01687498 0.009713914 -0.005211629 0.008591225 0.009320651 0.01461386 -0.04169459 -0.03362456 -0.03584048 0.01503384 0.009247102 -0.008069973 -0.04940826 -0.03610499 -0.001656563 -0.01223287 -0.04631935 0.0001429512 0.002278219 0.002440714 0.01501277 0.02889457 -0.01690797 0.01772867 0.08290958 0.02019648 -0.03190841 -0.02299394 -0.006618549 0.02649066 0.01473833 -0.03854472 0.00104298 -0.04095736 -0.01991096 -0.01470381 -0.006171032 0.04566261 -0.008041974 0.01234048 0.00525136 -0.01819646 -0.002693918 0.0005230336 0.03810804 0.004699998 -0.02773516 0.0009513029 -0.04793603 0.02695963 0.04082476 0.01537065 -0.01925248 -0.009652711 0.03850004 0.01872543 0.03825549 -0.03986423 0.02101296 -0.03446621 -0.02676088 0.01197882 -0.006861089 -0.009421881 0.01210334 -0.01374198 -0.0291029 0.03319029 -0.001656734 0.1099241 -0.01607091 0.005049697 0.01662645 0.01274158 0.06405424 0.032921 -0.006330139 0.004078277 0.002922721 -0.0009118036 -0.00339794 -0.00681068 0.05230752 -0.0193148 0.001285451 0.02968177 0.0241218 0.03982715 -0.001217308 -0.07928271 0.05976992 0.05360608 0.04774919 0.006553406 0.0128974 0.07457009 -0.04363186 -0.02163321 -0.003338503 -0.03717094 -0.01137318 -0.006701076 0.04623911 -0.02740693 0.020048 0.03554698 -0.007772148 0.02047873 0.008239075 -0.03751612 -0.02874098 0.01258971 0.07693207 0.009547436 -0.0397202 0.01197805 0.02362289 -0.008643881 -0.03478575 -0.0340623 -0.0005273689 -0.009372251 -0.0002128898 -0.02081849 -0.004813048 -0.03203033 0.06008131 -0.01148078 0.01827651 -0.03428537 -0.05997829 -0.0312152 -0.01176585 0.03991363 -0.0101882 -0.05219273 0.005935442 0.007889378 0.04218434 -0.01550284 0.003283687 -0.001191544 3.206653e-05 0.01904561 0.02220602 0.006211894 0.01790546 -0.02936398 -0.0002848107 0.000244718 0.03662622 0.03597112 0.008653139 -0.01078651 0.01177938 0.04466847 0.004126571 0.02883979 -0.07224996 -0.03827805 0.02082854 -0.01697652 0.004044921 0.04212708 0.02037608 0.007617415 -0.01280253 -0.05444273 -0.01263297 0.04457469 -0.02928752 0.02810242 0.05103166 0.02008422 -0.009270013 -0.00848084 0.02229983 -0.08570815 -0.008121093 -0.008672745 0.004443143 0.06169839 -0.01062395 0.03046487 0.0007259648 -0.02403089 0.008607019 0.05960921 0.003843153 0.003756656 0.05037751 -0.04154668 -0.0307282 -0.008715512 0.02055613 0.02298117 -0.03150862 -0.00219781 0.01878892 0.05206838 0.006394261 -0.05234173 0.03274165 0.08268708 0.01628866 0.002403035 0.05075692 0.04946169 0.03194261 0.008346892 -0.00858234 0.03267098 0.1040597 -0.007333999 -0.05220847 -0.01505402 -0.008711945 -0.01348128 0.02708936 -0.001922337 0.002457042 -0.05113091 0.03270559 0.02077488 -0.009070157 -0.02672226 0.02185809 0.03581757 0.0546643 0.02225965 0.003548239 0.004011012 -0.01183038 -0.01619739 0.03227101 0.03164435 -0.04172293 0.009734663 0.04340712 0.01138771 0.0172601 -0.007441358 0.02629756 0.02374696 0.009521196 -0.03634249 -0.01746745 -0.02754178 -0.1171836 0.00339823 -0.0171265 -0.02909164 -0.01488816 0.0161372 -0.01675599 -0.1252465 0.03049449 -0.02735692 -0.0149386 0.05426573 0.02459796 -0.003460496 -0.006237944 0.02183681 0.01360736 0.02197182 0.01159013 0.02675311 -0.01696347 0.04476985 -0.01229346 0.02461417 -0.03611543 -0.01564152 -0.05809088 -0.01486351 0.007748286 -0.01069688 0.02098653 -0.04273245 0.1397814 0.04061284 0.04617318 0.01589909 0.01393798 -0.006938736 -0.04324517 0.02084211 0.02883222 0.005975958 -0.09185144 -0.004244678 0.0002448916 0.02922588 -0.00525421 -0.02575488 -0.004400983 0.00518425 0.02890235 0.04752421 -0.006256622 -0.07337248 -0.01163037 0.01286511 0.02654608 0.01214605 -0.006847243 0.03220447 -0.002576167 -0.01711598 -0.03636261 -0.005056106 -0.05726239 0.01563707 0.01898084 0.04227507 0.02202517 -0.01505537 -0.06261374 0.1262011 0.0189401 0.002896742 0.05676911 0.1176539 -0.01274808 0.001815756 -0.03418177 0.02315568 0.01633938 -0.02593611 0.007452607 -0.003212032 -0.05076515 0.004149423 0.02768555 0.03041504 -0.01633639 -0.01150983 -0.02909379 0.0184594 0.03655899 -0.008677223 0.04358933 -0.001487692 0.08438744 0.002122854 -0.01558651 0.03370007 0.004714455 0.01752179 0.03219471 0.0054846 -0.01998047 -0.01791423 -0.009066339 0.002255729 -0.02149542 -0.01280614 0.01441007 -0.0006532032 0.01059873 0.007259422 -0.03639149 -0.08144345 -0.02532888 0.0003409521 0.02085329 -0.005714104 -0.02586005 0.04289453 0.04313354 0.01912596 -0.03934525 0.005797905 0.02809983 0.04649088 -0.002368014 0.01080894 -0.01533848 -0.0226337 -0.06877566 0.05916307 -0.00724225 -0.04404331 -0.03873928 0.003453558 -0.01821866 0.06113129 -0.005552145 -0.0007709718 -0.0001353106 0.03824144 -0.0339673 -0.03020681 0.008387637 0.04627227 0.01164449 -0.04429822 -0.002265727 0.03927288 0.04208874 -0.0243605 0.01390005
    Early_Renaissance,Minimalism,Early_Renaissance__andrea-mantegna_scenes-from-the-life-of-st-james-1448-2.jpg,Early_Renaissance_Early_Renaissance__andrea-mantegna_scenes-from-the-life-of-st-james-1448-2_to_Minimalism.png,0.5894614,0.0,0.8450320959091187,-0.011868808666865016,0.22844494879245758,0.0,0.02357016 -0.003745922 0.001285369 -0.01343646 0.04905599 -0.03185641 0.02474677 0.05917847 0.03920936 0.03348169 -0.02203964 -0.006119029 -0.05115199 0.001958689 -0.01160847 -0.02526534 -0.0230932 0.001411489 -0.006321957 0.009908167 0.0001510822 -0.008096593 0.0109568 0.02409009 0.0195437 0.05368598 0.003344471 0.01741683 0.02550338 -0.001213124 0.01625528 -0.0292412 -0.01985843 -0.00441101 -0.03423077 -0.009838188 -0.01411176 8.985427e-06 -0.0111795 -0.03996344 0.01938307 0.002840553 -0.004753246 0.003442264 -0.0001085294 -0.0466543 0.01813834 -0.008549619 0.01487528 -0.01545749 -0.001335838 -0.000315473 0.02180616 -0.02642073 -0.01402188 0.004267721 -0.02693138 0.02483547 -0.02074786 -0.04029012 -0.0509859 -0.01441199 -0.004442923 0.01612709 -0.00931306 0.03812257 0.002380609 -0.03822183 -0.02065585 0.01984376 -0.009549566 -0.01430159 0.02930062 -0.01402585 0.01371463 -0.01688502 0.005916344 0.00393217 0.01534259 -0.00678306 0.02953979 0.01263911 -0.009856765 -0.03387029 0.02334801 0.01396144 0.05052083 0.004017687 0.01300491 0.003486936 0.0124127 0.01374402 -0.7710788 0.01620981 0.02085611 0.03369388 0.01232986 0.01999476 0.01948609 -0.05293854 0.005842615 -0.01190372 0.0245384 -0.004494873 -0.01391023 0.005586626 -0.1458572 0.009096218 0.001584323 0.0167494 -0.009965769 -0.05830949 -0.0031973 0.0006016974 -0.01596747 -0.006244561 -0.01311608 -4.743097e-05 -0.02477693 0.01705732 -0.02074958 -0.0740212 0.0253418 0.01004142 -0.007044206 -0.02483241 -0.01348803 -0.04355219 0.02198602 0.02922717 0.01350879 -0.01209963 -0.01993394 0.09018471 0.01325418 0.03513908 -0.02618596 -0.06874863 -0.0182343 0.0118017 -0.017285 0.008291554 -0.02637439 0.02338063 0.002290179 -0.01977441 0.02246821 0.04321659 -0.03518814 0.01080993 -0.02441844 0.001728978 0.03615777 0.01237724 0.01078756 -0.01824958 0.04014616 0.008964038 0.01922688 0.02808071 0.008375283 -0.01233706 0.001692809 -0.008448447 -0.04839603 0.04720323 -0.02302794 0.0146603 0.001508589 -0.02235828 0.008613095 -0.03196351 0.002367785 0.00601608 0.01971315 -0.0137729 0.02695219 -0.002010311 -0.01151919 -0.01611418 -0.01267972 0.02424027 -0.009715054 0.02181575 -0.02527663 0.002578583 0.01148836 0.02285237 0.01122602 0.007590668 0.004032559 0.009709309 0.02640958 0.002992924 -0.003425921 0.02234262 0.01190683 -0.009163057 -0.03511754 0.01239228 -0.007563419 0.009070816 0.03605935 0.03945414 -0.01422083 -0.01787308 0.00460453 0.005648997 0.002174145 -0.007157929 -0.02353549 0.08784182 -0.01342292 -0.02255636 -0.02046243 -0.01559904 0.01797594 0.01503942 -0.02431238 -0.02727492 0.0195962 -0.03172055 -0.04728109 -0.0402755 0.01928331 -0.01690857 0.01477709 -0.05482512 -0.01341483 0.02085527 -0.02482756 0.01834431 -0.0282589 -0.03132418 -0.002166377 0.01706645 -0.01853664 -0.003254816 0.004012221 0.01135988 -0.03230008 -0.004799325 0.01969612 -0.018232 -0.03345841 0.001974347 -0.0110974 0.01667234 -0.01402718 -0.02350625 -0.001373921 0.01171037 -0.009888524 0.01691856 0.01433699 0.01457661 -0.001321842 0.002539077 -0.06726464 0.03408048 0.02396883 -0.001282842 -0.01016358 -0.02473058 -0.0108267 -0.001574526 0.01944846 -0.02609012 2.806266e-05 0.004118621 -0.0442151 0.009958307 0.02269997 -0.001405764 0.01416001 0.02815064 -0.03561378 0.04166068 -0.01898939 -0.01064234 0.00702931 0.03486713 0.00490152 -0.004812873 -0.006761202 0.04483885 -0.04811804 0.008862656 0.02516328 -0.02453653 0.01435545 -0.01773332 0.018558 -0.02193891 -0.02484132 0.03841699 -0.05554286 -0.02179561 0.03274823 -0.004482076 -0.01053691 -0.01413529 -0.03364556 0.000511947 0.0008841587 -0.04657341 0.004397066 0.01033043 0.02007423 0.005632885 -0.01871683 0.009200545 0.09007912 0.01093446 0.0005977708 0.01824131 -0.003278816 0.009638206 0.00430267 -0.04174393 0.02508206 0.2346542 0.02729232 0.01786605 -0.05383698 -0.01318456 0.003321932 0.002972465 -0.006641609 0.05468747 -0.0316298 0.02027396 0.002162342 0.001838606 0.001191418 -0.002630819 0.05504378 0.0239579 -0.03351333 -0.02398796 0.02997095 -0.03412394 0.02098865 0.009569216 0.01664964 -0.01716585 0.01869334 -0.021881 -0.003108466 -0.04338787 0.04364427 0.01278451 0.01322532 -0.01977071 -0.01022125 -0.008688085 0.01435396 0.0361776 0.007653422 -0.01240749 -0.01393722 -0.02627346 0.0160342 0.0207865 -0.04580045 -0.03109159 -0.007442546 0.03791684 0.03935545 0.05062094 0.01975202 -0.0007390166 0.03075967 0.03270728 0.001250513 0.02096402 -0.03481394 -0.01080805 -0.05329918 0.009033304 -0.005355448 0.0426328 0.003567815 0.02028871 0.01808753 -0.02259408 0.01578282 -0.006812082 -0.03314339 0.1017644 -0.005297186 -0.003293378 0.009745726 -0.02554587 -0.01805955 0.01055337 0.001935449 0.00509112 0.04041772 0.006666119 0.001009883 -0.008243822 0.05077106 -0.02336295 0.009035397 -0.01510517 -0.003315111 -0.007587542 0.009564516 -0.03753608 0.0269597 -0.004148426 0.0180053 0.03070474 0.001479933 -0.004681146 -0.006257528 -0.04004048 0.0003515735 0.01840358 0.006366779 -0.04473721 -0.01461281 -0.07094461 0.01666259 0.008764562 0.009492481 0.004695861 0.1291751 0.0001226347 -0.02227691 0.003771584 -0.02242466 0.0007259288 -0.001473495 -0.009272046 0.0216748 0.00374477 -0.002101105 -0.02897501 -0.01376914 -0.04338827 -0.009251745 -0.02036696 -0.02205526 0.006397379 0.01489896 0.001671015 0.02852406 -0.02131986 -0.0006291144 -0.01436438 0.004269663 -0.005902424 0.0125317 0.00707256 -4.306807e-05 0.0008512234 -0.02395801 -0.02557678 -0.01809362 -0.0008376392 -0.01656455 -0.01389151 -0.005724239 -0.0005859362 0.03180485 -0.0003429159 -0.002460024 0.001459602 0.01707437 -0.02727304 0.01316338 -0.02890592 0.01419116 0.006257529 -0.01817249 -0.0348644 0.02279308 -0.02785932 0.01099478 -0.005104802 -0.001129902 0.02939956 0.008506535 0.04394071 0.01330481 0.003076038 -0.04630352 -0.02969067 0.001834044 -0.01844219 0.03970098 -0.02953204 -0.03036597 0.007207558 -0.02817437 -0.05156585 -0.0065179 -0.007752122 -0.008620957 0.002017777 0.0007265781 -0.01992132 0.09761516 8.10315e-05 0.001420906 -0.05826479 -0.003400928 0.028108 -0.0004112939 -0.008004803
    Early_Renaissance,Rococo,Early_Renaissance__andrea-mantegna_scenes-from-the-life-of-st-james-1448-2.jpg,Early_Renaissance_Early_Renaissance__andrea-mantegna_scenes-from-the-life-of-st-james-1448-2_to_Rococo.png,0.22769094,0.0,0.7833316326141357,-0.02704388300577798,0.26396745443344116,0.0,-0.03621756 0.02290114 0.0007250317 -0.03019695 0.03305976 -0.04643873 -0.01477664 0.005751322 -0.03445022 0.0135198 0.0299224 -0.01933026 0.0372691 -0.03037158 0.01782519 -0.04558676 -0.01417182 0.02823338 0.005609623 0.01618284 0.06442059 0.05433602 0.01423519 0.04989659 0.05103656 -0.006930789 0.04115126 -0.01525595 -0.01869993 -0.01073494 -0.04073343 -0.02639396 -0.003422195 -0.02132256 -0.04433705 0.01565074 -0.01913222 -0.02205072 -0.006020406 -0.03173493 -0.004673682 -0.004355049 0.008591452 -0.02823069 0.0482722 -0.07369082 -0.03728422 0.01377095 -0.003403502 -0.009285911 0.01429479 0.003761996 -0.01811688 -0.0330372 -0.03335835 -0.0294003 -0.01798986 -0.01455594 -0.007371205 0.002825732 0.03680857 -0.0314734 0.05566887 0.02865141 0.01052952 -0.00238399 -0.03675504 -0.0002116113 -0.04908811 -0.02273484 -0.02657961 -0.0064236 -0.03743833 -0.0343251 -0.040677 -0.03176753 0.03273287 -0.01258357 0.001679619 -0.003153147 0.01420746 0.01657115 0.01254064 -0.01798599 0.01423495 -0.002200904 -0.0598572 0.009423335 -0.03633197 -0.001686918 -0.03287759 -0.008705495 -0.6164215 0.08612455 0.01823575 -0.01409949 0.02049245 0.0007344802 0.08155308 0.03330119 -0.001434565 -0.02151236 -0.001679839 -0.00303708 0.03626243 -0.004689547 -0.258113 -0.003398164 -0.01091991 0.0218138 0.003040012 -0.005512133 0.007342172 0.009692801 0.01794088 -0.03715124 -0.03234595 -0.0387428 0.02050521 0.01197717 -0.0002909129 -0.04693829 -0.03132217 -0.005904921 -0.01103738 -0.05501843 -0.001400138 0.0006277559 0.004073646 0.01439635 0.02709916 -0.01254915 0.01206343 0.08067553 0.01354095 -0.0387632 -0.02958183 -0.002005939 0.02776412 0.01994564 -0.03656973 -0.005604868 -0.04178449 -0.01631804 -0.01701034 -0.003243516 0.04818233 -0.00522933 0.01490889 0.005328312 -0.01680874 -0.001163454 -0.002496585 0.04791781 0.004341486 -0.02850373 0.001624439 -0.0491146 0.02103455 0.04226991 0.01521988 -0.02057747 -0.0101163 0.0390563 0.02306988 0.03581337 -0.03048971 0.02066864 -0.03291586 -0.0263234 0.006776632 -0.006279496 -0.0146982 0.01191565 -0.007989899 -0.02833609 0.02996519 -0.000789862 0.1086064 -0.01543148 0.0007998999 0.01421064 0.01750168 0.06616186 0.0370861 -0.004870669 3.89417e-05 0.002823 -0.002503643 -0.005075858 -0.004647588 0.05479403 -0.0198315 -0.00118134 0.02163021 0.02950938 0.03908508 0.003780748 -0.07460885 0.06567654 0.06055706 0.04477725 0.004129473 0.01046706 0.07459668 -0.04556158 -0.02005555 0.001031015 -0.03644412 -0.01236426 -0.003810842 0.04405563 -0.02722068 0.01943987 0.03079019 -0.007570506 0.01678909 0.005532168 -0.04742473 -0.03109199 0.008299841 0.07140257 0.006576767 -0.04060264 0.01439961 0.0210309 -0.008713182 -0.03896147 -0.03243583 -0.00225805 -0.007650346 0.000923656 -0.02280491 -0.00711661 -0.02915919 0.05975832 -0.01102784 0.0225783 -0.03141797 -0.05972633 -0.02427998 -0.009362388 0.04162107 -0.003327726 -0.05690363 0.002282659 0.008286149 0.0429222 -0.01590452 0.003350346 -0.003924616 -0.0004270842 0.01679225 0.02675718 0.009347579 0.02546288 -0.02373531 0.0007815649 0.01696121 0.04045317 0.03283706 0.009001874 -0.01376473 0.01038428 0.04501105 0.004172222 0.03142338 -0.07403771 -0.04039686 0.02108998 -0.01849167 0.004718769 0.04826615 0.02044968 0.00548271 -0.0102565 -0.04767182 -0.01184009 0.04258058 -0.03392071 0.02829555 0.05739099 0.0177448 -0.0135531 -0.01062876 0.01988902 -0.07994396 -0.008755021 -0.01474671 0.0004823396 0.06238211 -0.01263903 0.02477182 0.002736707 -0.02314076 0.0008698692 0.04898809 0.006931522 0.002428453 0.05419525 -0.03876777 -0.03210554 -0.005641426 0.0195673 0.02364155 -0.03661655 -0.002545877 0.02264968 0.0510658 0.0004816724 -0.05138444 0.03363958 0.08046756 0.01326179 0.001275587 0.05169386 0.04775307 0.02966553 0.005461991 -0.005573709 0.02920265 0.1051427 -0.00488289 -0.05141228 -0.01474142 -0.007799536 -0.01481654 0.0278065 -0.00380793 -0.001473999 -0.04958128 0.03674956 0.01983695 -0.009573867 -0.02765508 0.02313858 0.04681513 0.05601135 0.01377157 0.004140496 0.004216495 -0.01125584 -0.009275349 0.03057662 0.03501349 -0.03817116 0.01285075 0.04245417 0.008514849 0.02020101 -0.003357735 0.03058166 0.02273426 0.01319528 -0.03554524 -0.01617262 -0.03234854 -0.1229118 0.005476005 -0.02038654 -0.01382437 -0.01632601 0.01637304 -0.01730295 -0.1308046 0.03360761 -0.03027943 -0.004257494 0.05184145 0.02281041 -0.003803161 -0.01134468 0.01911096 0.01433073 0.01693787 0.01084727 0.033878 -0.01979389 0.05026599 -0.01407638 0.02316938 -0.03258898 -0.01393089 -0.06022969 -0.01451199 0.006815187 -0.01278846 0.01994355 -0.03587017 0.1411579 0.03678029 0.04265206 0.01134679 0.01289438 -0.005867666 -0.04318969 0.02595581 0.02615138 0.01293102 -0.08489963 -0.004981562 -0.004664456 0.02571473 0.0004549081 -0.02542771 -0.003336003 0.003080345 0.02961929 0.05049305 -0.006011444 -0.07052778 -0.008448765 0.01485489 0.02833404 0.01047231 -0.006119461 0.02563401 0.004271211 -0.01489447 -0.04005122 -0.001101765 -0.06157208 0.01624154 0.02064704 0.0480535 0.02275037 -0.02233457 -0.06179242 0.1357817 0.01998853 -0.000219644 0.0489828 0.1147452 -0.01132439 0.004365698 -0.03464187 0.0247702 0.01293401 -0.02677875 0.008122724 -0.01196276 -0.04984428 -0.002432175 0.02953924 0.03206865 -0.01133857 -0.009479847 -0.0272168 0.02058867 0.04329569 -0.01051811 0.04338242 -0.0002770746 0.0892171 0.004047006 -0.02336173 0.02510796 0.006679368 0.01591025 0.03711212 0.004308946 -0.01840268 -0.01778297 -0.006762627 0.008013016 -0.02176232 -0.01492423 0.01099053 -0.003851383 0.008782877 0.008486561 -0.03968877 -0.08128845 -0.02100847 -0.0002485504 0.01746621 -0.003451208 -0.02357111 0.04357388 0.03992333 0.01753443 -0.03808311 0.001076242 0.02937796 0.04825898 -0.0008979526 0.00995296 -0.01578781 -0.02282317 -0.06885767 0.06019347 -0.008201285 -0.03699374 -0.03766727 0.003402132 -0.01431586 0.06585317 -0.009374487 -0.007431957 0.0001132342 0.03457356 -0.03355473 -0.03002702 0.009961811 0.04765156 0.01285761 -0.04335295 -0.005585226 0.03637783 0.04167331 -0.02465288 0.01234464
    Early_Renaissance,Ukiyo_e,Early_Renaissance__andrea-mantegna_scenes-from-the-life-of-st-james-1448-2.jpg,Early_Renaissance_Early_Renaissance__andrea-mantegna_scenes-from-the-life-of-st-james-1448-2_to_Ukiyo_e.png,0.2486099,0.0,0.7404643297195435,-0.13657985130945838,0.22490611672401428,0.0,-0.03393571 0.03247381 -0.005596567 -0.02333771 0.02774842 -0.05977253 -0.01917986 0.003865526 -0.04103302 0.01420358 0.03140612 -0.01872751 0.04146969 -0.02836112 0.01519139 -0.05012107 -0.01296116 0.02752556 0.01211194 0.01629574 0.06211974 0.05101741 0.01506306 0.0341454 0.04440711 -0.006870047 0.03690538 -0.01691523 -0.01506263 -0.01136289 -0.04562996 -0.0190278 -0.006206136 -0.01651849 -0.04876592 0.006074194 -0.02344818 -0.02982581 -0.001312379 -0.03382331 0.001070542 -0.001477767 0.00999555 -0.03178369 0.04653967 -0.06460196 -0.0383679 0.01024573 0.001657332 -0.008359141 0.01007992 0.008590636 -0.01724578 -0.04410394 -0.03590457 -0.02960796 -0.01136912 -0.01107091 -0.002238619 0.005791591 0.02771119 -0.03182561 0.05472733 0.02365763 0.006429992 -0.01035476 -0.03512647 -0.0008837114 -0.05666018 -0.02429261 -0.03080199 -0.005078027 -0.03707935 -0.04129775 -0.04353984 -0.03194856 0.02838574 -0.02061536 -0.001489797 -0.001243933 0.006138463 0.01457683 0.01358958 -0.02123256 0.01129588 -0.001599575 -0.06060817 0.007014174 -0.0310119 1.579747e-05 -0.02497208 -0.004865427 -0.6195142 0.08377077 0.02394529 -0.01070064 0.01977748 0.01344443 0.09119941 0.02157612 -0.007457126 -0.02760504 0.001136107 -0.0002411193 0.03444633 -0.00310935 -0.2521398 -0.009322584 -0.003553004 0.01816386 0.0005884858 -0.00706528 0.00530389 0.004310437 0.01143764 -0.04746446 -0.03065787 -0.0360785 0.01755512 0.00581058 -0.0007415024 -0.04060485 -0.025199 -0.003450539 -0.01155007 -0.04448932 0.0004568969 0.003519538 0.006428977 0.01274603 0.02310801 -0.0122076 0.01917138 0.08252796 0.02860359 -0.03594151 -0.02942464 -0.009433012 0.02500835 0.01195478 -0.0331752 0.0008745657 -0.03975254 -0.01881915 -0.01580647 -0.007671068 0.04453703 -0.007297793 0.00763516 0.00725873 -0.02496707 -0.005123784 4.239277e-05 0.0431179 0.001677115 -0.02740385 0.008034221 -0.0493111 0.0347847 0.03946998 0.01660204 -0.02190572 -0.0109646 0.03074206 0.01571628 0.03652417 -0.03869395 0.02059412 -0.02927333 -0.02747107 -0.0002271504 -0.003607863 -0.01385903 0.01547071 0.0006673708 -0.03267055 0.02612847 0.001115884 0.1095984 -0.01626277 0.003870093 0.01341582 0.01788697 0.0619052 0.03469538 -0.002940502 0.002294512 0.004074697 -0.0002741181 -0.00131738 -0.001491576 0.05719283 -0.01689024 0.001927171 0.03375417 0.02249961 0.04672805 -0.009335235 -0.08700702 0.05972173 0.05776308 0.04719911 0.004888827 0.01195145 0.07287725 -0.03746984 -0.01708351 -0.009234768 -0.04381939 -0.01117721 0.001941104 0.04498117 -0.0258887 0.01443084 0.03681715 -0.01242451 0.02335644 0.007150935 -0.03701147 -0.02851838 0.01184861 0.07007886 0.0129636 -0.03901626 0.009826692 0.02828354 -0.005217142 -0.03871564 -0.03828182 0.0008252608 -0.01175813 0.0009259098 -0.02069244 -0.002625722 -0.02762887 0.07324231 -0.01221239 0.01630541 -0.03100942 -0.0571305 -0.03056534 -0.006093632 0.0547467 -0.004762223 -0.05323516 0.007782224 0.009965077 0.04426884 -0.01149366 -0.001018102 0.0007672455 -0.002357741 0.01484489 0.02119417 0.01005427 0.02045828 -0.02495219 8.662187e-05 0.02722475 0.04402788 0.03383882 0.008228619 -0.01486108 0.006174585 0.04529385 0.00822196 0.03267445 -0.0743396 -0.04270375 0.01418047 -0.01244675 0.004477906 0.04486043 0.02964302 0.008930528 -0.001505525 -0.05473267 -0.01085739 0.04558875 -0.03450082 0.03430672 0.04697292 0.01595993 -0.0169814 -0.00582543 0.02471891 -0.08265871 -0.01260391 -0.007646034 0.01064663 0.05106842 -0.01038751 0.02544079 0.004238881 -0.02820955 0.003124902 0.06161404 0.01014097 0.003385702 0.04898414 -0.03979354 -0.02719816 -0.001732475 0.02062068 0.02682703 -0.0268997 -0.003558139 0.01863436 0.05310444 0.006666755 -0.04751541 0.03124632 0.08229904 0.01587092 0.006651411 0.05239332 0.04914109 0.03106692 0.007215821 0.002516577 0.02242788 0.1024151 -0.002776721 -0.05204912 -0.01456669 -0.001651008 -0.009409749 0.02937049 -0.01029053 0.003625032 -0.04536197 0.03809524 0.02191339 -0.005196352 -0.02767128 0.02050522 0.04782192 0.04938555 0.01390186 0.002636802 0.009817597 -0.009056564 -0.01023857 0.03136206 0.02668663 -0.04249614 0.004339196 0.0338241 0.01079889 0.01675585 -0.003311165 0.03131128 0.02124843 0.01062024 -0.03149919 -0.01987642 -0.02618549 -0.1230135 0.005030674 -0.01360303 -0.03113614 -0.01371646 0.01644567 -0.004130307 -0.1304377 0.03323258 -0.02459607 -0.01025355 0.04611615 0.01840311 -0.006873685 -0.00601846 0.01712093 0.01863552 0.02124479 0.01158475 0.02101095 -0.02035288 0.04563717 -0.01270232 0.03229434 -0.03990996 -0.008067926 -0.05349568 -0.01090645 0.004364384 -0.006222208 0.02671971 -0.04556992 0.1381044 0.04316242 0.04461428 0.01338145 0.01480773 -0.002702043 -0.04497239 0.01164326 0.02278475 0.0005716768 -0.08688995 -0.005687857 -0.006932478 0.04171562 -0.006132321 -0.02765206 -0.00572776 0.002300754 0.03123962 0.03955804 -0.007303376 -0.06318391 -0.01340634 0.0161644 0.03630132 0.01788808 -0.01337819 0.0208381 0.0005232967 -0.01183008 -0.0332534 -0.001153821 -0.0550093 0.01630326 0.02733146 0.04091352 0.02097503 -0.02193825 -0.06950685 0.1336325 0.02372265 -0.0006051693 0.05541506 0.1148458 -0.01383374 0.008903335 -0.03627426 0.02639265 0.01433246 -0.02768526 0.007465609 -0.006472206 -0.05952591 -0.00583187 0.03474838 0.02982965 -0.0208071 -0.004859394 -0.03394184 0.009042373 0.0407111 -0.01353102 0.04466727 0.002676185 0.08746856 0.006233986 -0.02126611 0.03241501 0.00375256 0.01547186 0.02957687 0.003231276 -0.0129305 -0.02780707 -0.01322206 0.003729289 -0.01826824 -0.0143426 0.01345393 -0.003863935 0.009252511 0.004231451 -0.0317122 -0.08162712 -0.02610654 0.002866218 0.01663801 -0.005331704 -0.02308558 0.04392039 0.03769345 0.01765409 -0.03468762 -0.0007857329 0.0326735 0.04473491 -0.001380989 0.006057003 -0.009959256 -0.02234905 -0.07085593 0.05533157 -0.01056533 -0.03809805 -0.04255317 0.01339755 -0.01012165 0.06560815 -0.01023701 -0.005787324 0.0005434831 0.03984707 -0.03076961 -0.03784391 0.01129002 0.04846168 0.01309381 -0.04210908 -0.001523991 0.03096837 0.04517226 -0.01644707 0.01139082
    Early_Renaissance,Early_Renaissance,Early_Renaissance__andrea-mantegna_the-circumcision-of-christ-1464.jpg,Early_Renaissance_Early_Renaissance__andrea-mantegna_the-circumcision-of-christ-1464_to_Early_Renaissance.png,0.22293845,0.0,0.8896875381469727,0.07741397420565288,0.29400312900543213,0.0,0.02346092 -0.01260579 -0.005297079 -0.01799425 0.008754246 -0.02106443 0.006130792 0.0411775 -0.02552984 0.008207545 -0.00870754 0.02545792 0.005204935 -0.03448952 0.02376172 -0.03524652 -0.06477724 0.03171727 0.01411908 0.002238724 0.03972286 0.0327814 -0.001634141 0.04526338 0.07086471 0.005100621 0.07411003 0.005112026 0.001167606 -0.001199662 -0.02974256 -0.05207468 0.007267907 -0.05112642 -0.07017019 -0.01368847 -0.0302364 -0.006804044 -0.001860425 -0.0391756 0.01753405 -0.02611179 0.006740827 -0.01043942 0.08018761 -0.04410734 -0.04209076 0.04383624 0.03113477 -0.00837668 0.002624344 -0.02904694 -0.002774536 -0.03825522 -0.03193635 -0.008241092 -0.05161542 -0.006008545 -0.009755795 0.001220009 0.02155006 -0.02167595 0.0628432 0.01448108 0.03694984 -0.005565247 -0.0301857 0.01371517 -0.04014694 -0.01965065 -0.03776401 -0.0168817 -0.02658064 -0.02139706 -0.02950859 -0.0103246 -0.002100682 -0.008024888 0.009588076 0.005026594 -0.02280269 -0.01237763 0.05740321 -0.06133699 -0.008737539 0.01432189 -0.09326198 -0.01205959 -0.02199782 0.01341745 -0.008612807 -0.02419926 -0.6004961 0.05701408 0.005141017 0.01137571 0.01888411 0.03579596 0.09292859 0.009756628 -0.006304585 -0.04664344 -0.01523615 -0.001642361 0.03714896 -0.01781279 -0.1176966 0.01833579 0.00961915 0.01260975 -0.001719656 0.02213998 -0.007359377 0.007932416 0.01176452 -0.01307925 -0.03346645 0.01812728 -0.0163665 0.009901467 -0.017813 -0.07750223 0.02904285 0.008104579 -0.01405467 -0.06048535 -0.03385536 0.01173107 -0.0193864 0.05706532 0.03646444 0.01685206 -0.01693516 0.08043889 -0.02667503 -0.02976414 -0.02119681 -0.02470315 0.03024947 0.02233533 0.006839526 0.003100406 -0.02914767 0.01917085 -0.009038645 0.00398216 0.0379338 -0.02899333 -0.01869838 -0.006963787 -0.03016503 -0.006306538 -0.01113498 0.06940864 0.03321477 -0.03154793 0.01544912 -0.003758373 -0.001228976 0.07224858 0.02414916 -0.01761198 -0.01533904 0.03948973 0.05447347 0.04085901 -0.01814913 0.006818015 0.003657827 -0.01813391 -0.01174844 -0.05828948 -0.0288044 0.00487986 -0.02385519 -0.0680628 -0.002003498 -0.02119367 0.104334 -0.01167199 -0.007767285 0.003845064 0.03483703 0.04170274 0.04054943 0.003839647 0.0105112 0.01495121 -0.003056243 0.01153327 0.01572133 0.04031297 0.02695377 0.007704288 0.07562562 0.01555509 0.03090775 0.0008608976 -0.06735363 0.0564466 0.0470649 0.06870267 0.02291604 -0.02194204 0.04501952 -0.006028332 -0.01633566 -0.0001598812 -0.03040563 0.008214049 -0.0576317 0.09104431 -0.005415115 0.01123036 0.03793061 -0.008152489 0.04329434 -0.02437592 -0.03591367 -0.02487106 0.0006956545 0.05234455 0.0001966029 -0.04046291 -0.01067315 -0.01183867 -0.01588823 -0.04456396 -0.04163612 0.02254354 0.008263082 -0.003800573 -0.01536616 0.02752451 -0.02675668 0.04518379 -0.01192582 0.01990569 -0.007548481 -0.0522155 -0.04742542 -0.01913142 0.04946398 0.005198964 -0.06191028 0.01396347 -0.003585268 0.03034742 -0.05477943 0.001946457 -0.006994017 0.02245182 0.01007463 -0.03269226 0.004728382 0.05023127 -0.01661801 0.03226835 0.03777203 0.03310516 0.01448241 -0.002368459 -0.02160958 0.007786731 0.05989748 -0.004131726 0.007436111 -0.03788819 -0.01132044 0.003047573 -0.01455523 0.006303118 0.06389993 -0.01429088 0.0190402 0.02053886 -0.01322786 -0.009005764 0.02522963 -0.06924677 0.01446372 0.01691919 0.03143862 -0.009490926 0.0003492511 0.0479184 -0.09346434 -0.02348414 -0.02446574 -0.008830985 0.06014076 -0.03369905 -0.0002026916 0.004391094 0.00786885 -0.0200675 0.02914152 -0.008218239 0.03277951 0.04171176 -0.010631 -0.05429829 -0.01824456 0.0343603 0.001577212 0.00538218 -0.00591652 -0.007936316 0.06348417 0.01473796 -0.05911069 0.002033106 0.08019067 0.003336426 0.002106846 0.0594824 0.004600079 0.02776774 0.01742297 -0.04306477 0.02115174 0.06058617 0.001946688 -0.05557802 -0.04918516 -0.01858639 -0.03707474 0.06359269 0.005600957 -0.01118525 -0.04544527 0.04257919 0.03297698 0.0004710509 0.004265793 -0.02665261 0.05560549 0.07585362 -0.008025608 0.008655473 0.01783219 -0.008263237 -0.002981355 0.02483419 0.03353983 -0.04090242 0.03495352 0.07767607 -0.02356659 0.003561051 -0.03386715 0.03486953 0.02274881 -0.008930132 -0.01120869 0.006244695 -0.01499238 -0.2164453 -0.002119333 0.002198864 -0.0568917 -0.002938022 0.03770416 -0.08052076 -0.1117501 0.01416582 -0.03456856 -0.01270143 0.06694021 0.03216969 0.02841044 -0.01791598 0.00213764 0.01132221 0.01794111 0.04576093 0.02065578 -0.01512729 0.05621826 0.007984965 -0.01291426 -0.01892025 -0.001111166 -0.08454099 -0.008231561 0.01327427 -0.007835098 0.007149536 -0.007833024 0.1222189 0.04553705 0.004366322 0.00509787 0.02166205 0.01595011 -0.03139591 0.01734961 0.01296012 0.06125186 -0.0573997 -0.0394665 -0.008183208 0.07076897 -0.01241572 0.02215847 0.007827769 -0.001539124 0.05010841 -0.01880455 -0.01211703 -0.0971849 -0.03358711 0.01135373 0.01912562 0.04127418 0.02908475 0.02390204 0.02144599 0.005105711 -0.0168647 -0.02690728 -0.02176151 -0.000862756 0.0241184 0.02722144 0.02047893 0.0162232 -0.0436394 0.1063189 0.01215009 0.01310027 0.03708737 0.09992027 -0.00128015 0.02962423 -0.01059664 0.04224419 -0.009189538 -0.03235485 -0.0331603 0.006658169 -0.006145683 -0.002174936 -0.01392739 0.02013573 -0.01327352 -0.0006204817 -0.06027765 0.01453558 0.01413303 0.03262546 -0.01605132 -0.0229594 0.10732 -0.01147431 -0.008544198 0.02029352 0.03481181 0.01539737 0.008720726 -0.05181374 -0.006852709 0.01173242 0.01076668 -0.01169692 -0.02219173 -0.01751233 0.006029018 0.01662763 0.01038346 0.02410702 -0.03045046 0.003490145 0.008978189 0.02997963 -0.007825469 -0.004038179 -0.04659567 0.03596443 0.03297913 -0.01145405 -0.04922034 -0.00251526 0.04747589 0.03646753 0.01614803 0.004562063 -0.004791302 -0.0192928 -0.03760825 0.03578577 0.02489676 0.01913769 -0.01663669 -0.01724067 0.02047479 0.07006732 -0.005275071 -0.009773172 0.002463245 0.03986509 -0.001439334 -0.006535667 0.01751233 0.007947091 0.03023558 -0.06959739 0.01590366 0.0153838 -0.01565974 -0.0245502 -0.00484283
    Early_Renaissance,Impressionism,Early_Renaissance__andrea-mantegna_the-circumcision-of-christ-1464.jpg,Early_Renaissance_Early_Renaissance__andrea-mantegna_the-circumcision-of-christ-1464_to_Impressionism.png,0.21543463,0.0,0.6772164702415466,-0.1365566313266754,0.2049247920513153,0.0,0.02848472 -0.01055696 -0.00518484 -0.02181703 0.007020294 -0.0210719 0.003226057 0.04902277 -0.01953768 0.01044198 -0.01347239 0.02982414 0.005041159 -0.03283068 0.02175977 -0.03114003 -0.06775347 0.03584968 0.01010301 -0.00255816 0.04337137 0.0288261 -0.001513355 0.04714337 0.076455 0.004036256 0.07891501 0.00895501 -0.0005892213 0.003097103 -0.02608513 -0.05198345 0.01095231 -0.04742159 -0.07067338 -0.01339379 -0.03356839 -0.00831356 -0.004666863 -0.0399855 0.0154688 -0.0258825 0.001576759 -0.004015054 0.0775058 -0.04167428 -0.04252611 0.04465812 0.0286143 -0.009005633 0.0005843393 -0.02043192 -0.00245293 -0.04013411 -0.03094101 -0.007528087 -0.04508046 -0.01030057 -0.0001429058 0.003870523 0.01569894 -0.01709871 0.06582324 0.01382526 0.03472421 -0.002637173 -0.03017968 0.004705635 -0.03529861 -0.01506719 -0.03294926 -0.01463478 -0.02649674 -0.01560009 -0.02777869 -0.005284517 -0.00426007 -0.00891169 0.0117978 0.006314826 -0.02459087 -0.01504126 0.05399776 -0.06525581 -0.005933733 0.01323882 -0.09820264 -0.01018512 -0.03052117 0.01752605 -0.01091634 -0.02439076 -0.6140915 0.05698662 0.00751795 0.009161085 0.01625925 0.03989132 0.08537787 0.01731126 -0.001946534 -0.04731269 -0.01854424 -0.003925195 0.04783412 -0.02029808 -0.1076334 0.01849459 0.01091436 0.009339212 -0.004245812 0.03353153 -0.01790923 0.01036163 0.005892112 -0.01856412 -0.03592321 0.01428197 -0.02123738 0.01440485 -0.0265826 -0.0852958 0.02806073 0.01151906 -0.01479507 -0.05583538 -0.02983297 0.01479999 -0.01946808 0.05158444 0.03058198 0.01567141 -0.01621676 0.08158821 -0.02853334 -0.03500593 -0.01493563 -0.01948159 0.03267808 0.02827581 0.005248384 0.001876933 -0.02452465 0.01073726 -0.001463289 0.002681691 0.03685328 -0.02547875 -0.01776058 -0.01332856 -0.0311853 -0.005132675 -0.02081558 0.06244525 0.02773205 -0.02620193 0.01158397 0.000247877 0.0003935008 0.06994259 0.02647754 -0.01932273 -0.01384368 0.04068376 0.0486012 0.04312412 -0.03262163 0.001874971 0.002348761 -0.02274855 -0.01146635 -0.05797301 -0.02645352 0.004907573 -0.02168662 -0.0665478 0.006118295 -0.01911129 0.09934777 -0.01159552 -0.006162833 0.007360249 0.03522458 0.04561691 0.03626746 0.004759062 0.005216911 0.01405736 -0.001754888 0.008640005 0.01397633 0.04440323 0.02261493 0.003593547 0.0830329 0.0150059 0.03225709 0.002776442 -0.07042121 0.05833443 0.04302778 0.06476952 0.02282773 -0.0179763 0.04504946 -0.005375821 -0.01598245 -0.0004146486 -0.02686947 -0.0004384581 -0.05657315 0.08340108 -0.002908935 0.008377928 0.03806525 -0.005887882 0.04482487 -0.02375478 -0.04278682 -0.02209128 0.0006033111 0.04975317 0.004234629 -0.03853312 -0.01060484 -0.004005571 -0.01848092 -0.04189187 -0.04000101 0.02833177 0.01706396 -0.009380529 -0.0237964 0.03315481 -0.0291031 0.04559665 -0.01258489 0.02259023 -0.005203418 -0.04808098 -0.04585006 -0.0213135 0.04410418 0.007501593 -0.0587393 0.002328571 -0.008806286 0.01678872 -0.05380803 0.001600658 -0.00661259 0.02145942 0.008085694 -0.03218859 0.01063374 0.04669144 -0.01280819 0.03622492 0.02759417 0.03034392 0.0170781 -0.007115757 -0.01831928 0.005191291 0.05171251 -0.005336353 0.008876066 -0.0408819 -0.009649648 0.001983227 -0.01902207 0.002824944 0.05989524 -0.01730765 0.01644383 0.02187326 -0.008712271 -0.005893038 0.02212744 -0.06856629 0.01488776 0.01237945 0.03630706 -0.008136451 0.0010015 0.04528013 -0.09682325 -0.02972401 -0.01979544 -0.005702338 0.05547635 -0.03146264 -0.001854813 0.003591725 0.009485605 -0.009848931 0.03191638 -0.01284869 0.03218864 0.04149359 -0.008749909 -0.05681911 -0.01466916 0.0409785 -0.003740117 0.004797344 -0.009258259 -0.01362141 0.05696507 0.01437801 -0.05283041 -0.0001851003 0.08134156 0.002874071 0.0024416 0.06469107 0.01018495 0.0267981 0.01936962 -0.04207512 0.01601861 0.04962917 0.001213868 -0.04676832 -0.05106982 -0.01368278 -0.03837191 0.06795657 0.006695438 -0.005427984 -0.04062099 0.0453395 0.03472118 -0.0001793432 0.00996409 -0.03046759 0.05063057 0.07637559 -0.007962918 0.006467435 0.01650498 -0.006927961 -0.00887888 0.02523828 0.03434624 -0.04190291 0.03484898 0.07906165 -0.0262232 0.01101186 -0.03794671 0.0352855 0.0210719 -0.01443628 -0.008986376 0.006452228 -0.008392023 -0.2113396 0.0008080178 -0.0007345172 -0.06016533 -0.003184485 0.03894705 -0.09100342 -0.1074167 0.01464752 -0.03681386 -0.007612919 0.06444421 0.02420472 0.02443387 -0.01621773 -0.00439883 0.01068517 0.009895172 0.04759441 0.01187545 -0.01532413 0.05458782 0.01230209 -0.01173529 -0.01441956 -0.0008793941 -0.07337816 -0.00699761 0.01403945 -0.005249004 0.00487702 -0.007318969 0.1206527 0.03882378 -0.001005093 0.006422648 0.02243255 0.0190131 -0.03603029 0.01478356 0.01217916 0.06247737 -0.05760708 -0.03803785 -0.01181183 0.06319801 -0.006813287 0.02391872 0.008015664 -0.001250131 0.05311965 -0.02462607 -0.01786058 -0.0977473 -0.03775555 0.00999114 0.01312177 0.04316213 0.02526678 0.02356423 0.0221658 0.008807487 -0.01162757 -0.02512499 -0.01774336 -0.005443854 0.02572134 0.02997054 0.02646018 0.01486135 -0.03948931 0.1047846 0.006032014 0.01100396 0.03350737 0.08873167 0.002603858 0.03132658 -0.004503606 0.04018606 -0.004471733 -0.03647978 -0.03252838 0.007894091 -0.002890251 0.003330239 -0.0148511 0.02342617 -0.01903669 0.003450647 -0.05824154 0.01718192 0.01156885 0.03100261 -0.02219446 -0.0230641 0.1061656 -0.01425398 -0.009928727 0.01444226 0.04107559 0.01171498 0.01191609 -0.05615606 -0.007527623 0.01380407 0.015741 -0.01469219 -0.024163 -0.01382184 0.008475482 0.02633829 0.01549516 0.02497324 -0.03058307 0.00687392 0.009739377 0.02592516 -0.0006518751 -0.002261111 -0.04572915 0.03416105 0.03238825 -0.01322901 -0.04772219 -0.0006712305 0.04695176 0.03525379 0.01528421 -0.001039523 -0.00757207 -0.02434403 -0.02846316 0.03258121 0.02390997 0.01738554 -0.01038391 -0.01696734 0.01167731 0.06747092 -0.003424826 -0.004452448 -0.0007703634 0.04158172 0.005253961 -0.00780618 0.01826675 0.006980972 0.03182115 -0.06397098 0.01886246 0.02016864 -0.0244025 -0.01934537 -0.00104941
    Early_Renaissance,Minimalism,Early_Renaissance__andrea-mantegna_the-circumcision-of-christ-1464.jpg,Early_Renaissance_Early_Renaissance__andrea-mantegna_the-circumcision-of-christ-1464_to_Minimalism.png,0.6048485,0.0,0.8014230728149414,-0.05547783176104226,0.2124868929386139,0.0,0.03162217 0.008263757 0.01323073 0.002474491 0.02180211 -0.02071723 0.004021539 0.08159748 0.0383583 0.03870315 -0.01630749 0.004234796 -0.06211273 -0.01595904 -0.01391538 -0.007194164 -0.07817326 -0.001748019 0.008891814 0.01657046 0.01086014 -0.02132626 0.005183383 0.0184548 0.01167752 0.04152796 0.00215869 0.01856013 0.0168612 0.01067116 0.01361889 -0.007574455 -0.01588952 0.009864579 -0.04836126 -0.007264442 0.00361174 0.009667686 -0.01942909 -0.03139259 0.01508426 0.01436526 -0.006761042 -0.0029361 -0.006012974 -0.07961489 0.02631293 0.0006348047 0.02739935 -0.02000547 -0.01565295 -0.01139824 0.02417735 -0.01081751 -0.0004742168 0.01356456 -0.02475519 0.03231115 0.001229355 -0.0306826 -0.03342386 -0.02314155 -0.02081444 0.003428281 -0.001149972 0.0389634 -0.01685614 -0.05639929 -0.02944843 0.0202365 -0.008831465 -0.01401043 0.05285541 0.007401879 -0.01214287 -0.01981933 0.0244798 0.0206857 0.009519692 -0.01861618 0.02589409 0.007305832 0.002256307 -0.01475009 -0.004120609 0.01899879 0.021379 -0.02350178 0.02128383 -0.006002569 0.0003328743 -0.001284417 -0.7709156 0.01444722 -0.005509988 0.03437667 0.028929 0.02206532 0.005982937 -0.05343175 0.007714984 0.005048123 0.01262459 -0.001204011 0.01028273 0.002586418 -0.07746747 0.01412732 -0.01352632 0.01329469 0.02263774 -0.0289568 0.001833862 -0.009926685 -0.02610233 -0.008131259 -0.01451014 0.007915107 -0.01196456 0.03490714 -0.02559742 -0.0923576 0.0153451 0.01397477 -0.01448288 0.006824131 -0.004075049 -0.02395339 0.01937404 0.02904314 -0.0159775 0.00424276 -0.02463894 0.08883429 0.01811506 0.03515415 -0.01946323 -0.08779521 -0.02223967 0.0006629262 -0.008440094 0.0128824 -0.006278996 0.01608015 0.0244069 -0.01468343 0.01834263 0.03615886 -0.02684218 0.01022871 0.005693301 0.01273359 0.003982631 0.01142479 0.002900932 -0.003370045 0.02962668 0.007010029 0.01097896 0.01776287 0.004393729 0.000623179 0.001652364 -0.008084898 -0.04975297 0.02129334 -0.07211784 0.01909131 -0.001766759 -0.01559917 0.01551087 -0.02401687 0.009928289 -0.0006488306 0.004378074 0.008816314 0.009750203 -0.006404448 -0.02863605 -0.009080629 -0.02670094 0.01787813 0.004949706 0.01296736 -0.05211657 0.005880244 0.01841253 0.02999048 0.01193608 -0.006476075 0.008237948 0.007315416 0.02930119 -0.0156942 0.003378528 0.01157462 0.01100718 -0.00332908 -0.03737755 0.009742255 -0.004012985 -0.004984183 0.02509917 0.01303609 -0.0239067 -0.002881591 -0.008531506 0.02041269 -0.006646161 -0.00129139 -0.03053879 0.08110184 -0.03026011 -0.02453464 -0.02992965 -0.01060385 0.006513748 -0.0174029 -0.03106693 -0.03443236 0.02635604 -0.02186061 -0.04064805 -0.01858574 0.03129026 -0.01513006 0.01280795 -0.06374548 -0.01857273 0.01776894 -0.02671034 0.006803509 -0.01177195 -0.03686468 0.01520769 0.01027034 -0.01050209 -0.001075029 -0.01990424 0.02441488 -0.02527763 -0.01854113 0.0390131 -0.01356749 -0.02464108 -0.02515177 -0.02573108 0.01416238 -0.007111478 -0.01781963 -0.01278969 0.006675979 -0.01107505 0.009413801 0.01378814 0.02034662 -0.0250886 0.01289069 -0.07198472 0.03423979 0.01322949 -0.02043702 -0.02233836 -0.07068048 -0.01658349 -0.001810144 0.01403007 -0.03710349 0.0002136736 -0.006846914 -0.03718428 0.003367033 -0.006999155 0.01079888 0.01430784 0.02207314 -0.01998067 0.02339156 -0.01512034 -0.008409512 0.009188277 0.02474349 0.01628895 0.0009514896 0.01179106 0.03159748 -0.07478116 -0.01452673 0.01829346 -0.03431335 -0.002102247 -0.014199 0.0184136 -0.0073554 -0.01070026 0.03062729 -0.05841754 -0.01433336 0.02722595 -0.005671355 0.01146317 -0.01447059 -0.01755052 -0.01301678 -0.006466857 -0.03128547 0.02780052 -0.003191514 0.02073793 0.008100327 -0.02328324 -0.01384431 0.0886902 0.006620022 -0.006835768 0.006844387 -0.01921069 -0.01660906 0.01379121 -0.02767296 0.03044196 0.2174513 0.01579857 0.02510498 -0.07199121 -0.01193019 -0.0004819005 -0.003173671 -0.007513165 0.05699391 -0.02959492 0.01028537 -0.03486882 0.00462034 -0.0008386617 -0.02256908 0.04343908 0.03118573 -0.03198679 -0.03794448 0.02571925 -0.005602924 0.006624769 -0.007589606 -0.005123261 -0.03898003 0.01722817 -0.008484854 -0.01102336 -0.03387498 -0.0004254137 0.01141404 0.01446587 -0.01605712 0.0109246 0.0004040323 0.02985279 0.01230652 0.004927308 -0.005058847 -0.02198508 -0.01399894 0.006405629 0.01823622 0.004508084 -0.01965187 0.01166325 0.02167494 0.0172598 0.01394265 0.003361673 -0.001958633 0.04437923 0.02822475 -0.00202653 0.03066006 -0.05953449 0.001917016 -0.03104047 0.02091586 -0.01632093 0.02691287 0.002669574 0.01738247 0.03064267 -0.0262081 0.02211264 -0.01326234 -0.0183938 0.1435347 -0.01157918 -0.03189842 -0.003227476 -0.02165378 -0.001676551 -0.003239422 0.003958649 -0.005984843 0.03051917 0.001507181 -0.0003595795 -0.01248551 0.03700885 -0.00666002 0.009866752 -0.02370013 0.005292826 0.01290682 0.009406415 -0.008370238 0.05560598 -0.03316688 0.01209692 0.0198865 0.004947623 0.0004205822 -0.02346551 -0.05256098 0.02316165 0.01495159 0.004293907 -0.03311121 -0.02460691 -0.1026289 0.006335675 0.01751988 0.01590935 -0.01964247 0.1190511 -0.001963365 -0.00624926 -0.006036556 -0.06665172 -0.01563503 0.02003781 0.005593576 0.01586044 0.0210129 -0.02312644 -0.02388252 -0.008235172 -0.059835 -0.01300765 -0.02111157 -0.005743028 0.004942164 -0.001466598 0.01273141 0.0168123 -0.02604866 0.01430193 -0.007138338 0.009441657 0.02288546 0.02347478 -0.0008099493 -0.01650999 -0.01580948 -0.00699399 -0.01948462 -0.01408712 -0.002773571 -0.0004263173 -0.005639837 0.002592977 -0.02296857 0.01445015 -0.003963836 0.00789517 -0.002718284 0.0111365 -0.0009985074 0.006685316 -0.03177865 0.03067053 0.003374693 -0.004526541 -0.02370457 0.02777438 -0.02871571 0.003827339 0.004118608 -0.007007292 0.04247261 0.01273214 0.05071953 0.01130921 0.006970021 -0.03900918 -0.0349772 -0.005335564 -0.0154029 0.0325736 -0.02744832 -0.01594512 0.004651217 -0.02171253 -0.04731715 -0.008488756 -0.001063679 -0.0004521303 0.00297941 -0.002309137 -0.009046473 0.08848339 -0.001277281 0.009139691 -0.04733989 0.02184492 0.01044594 0.007325026 0.0190717
    Early_Renaissance,Rococo,Early_Renaissance__andrea-mantegna_the-circumcision-of-christ-1464.jpg,Early_Renaissance_Early_Renaissance__andrea-mantegna_the-circumcision-of-christ-1464_to_Rococo.png,0.21166751,0.0,0.7509114146232605,-0.059464100996653224,0.2527082562446594,0.0,0.02179531 -0.01119992 -0.001990185 -0.02432336 0.007343974 -0.02257177 0.003721696 0.0482621 -0.02030416 0.01167016 -0.01499253 0.0241284 -0.0001217289 -0.03122156 0.02307738 -0.03559773 -0.05813197 0.03776446 0.006636062 0.003153057 0.03860286 0.03035822 -0.005626388 0.04047078 0.07853372 0.00681469 0.07717639 0.00725718 -0.001895943 -0.0001528432 -0.02484418 -0.05358427 0.01355148 -0.04594653 -0.06755345 -0.01697969 -0.03219884 -0.006975907 -0.005411552 -0.04395498 0.01883078 -0.02282148 0.006274721 -0.005941255 0.08262426 -0.03757189 -0.04299808 0.04593873 0.02379057 -0.004555753 -0.001023001 -0.02191072 -0.004480644 -0.03553908 -0.02941309 -0.008993301 -0.0468366 -0.005800274 -0.007138204 0.0003920193 0.01103806 -0.02557905 0.05773184 0.01795462 0.03602438 -0.004200499 -0.0309977 0.005111263 -0.03588949 -0.01454921 -0.03315104 -0.009021819 -0.03057962 -0.02079407 -0.02827619 -0.00748263 -0.008337635 -0.01261909 0.01735238 -0.0008025731 -0.0190744 -0.009067247 0.05583315 -0.05907593 -0.0118851 0.01261094 -0.09531255 -0.005087791 -0.03296454 0.01422333 -0.01488652 -0.02498775 -0.6107693 0.05787003 0.007015331 0.01036582 0.02262984 0.03192177 0.09862147 0.0174548 -0.006552291 -0.04745114 -0.01811172 -0.003878725 0.04709314 -0.01664468 -0.1126211 0.01703262 0.009661878 0.01095357 -0.001829925 0.03151011 -0.01580138 0.01178943 0.009160953 -0.01640911 -0.02871657 0.01854385 -0.01918214 0.01207438 -0.02340107 -0.08386055 0.02092776 0.0113235 -0.01572176 -0.05708848 -0.03611419 0.01334723 -0.02254358 0.05122822 0.0331076 0.01841979 -0.02016123 0.08158834 -0.03551832 -0.03452323 -0.01269771 -0.01892686 0.03044529 0.03443206 0.005135221 0.000986333 -0.0245365 0.01585613 0.002845715 0.005345609 0.03582541 -0.03174919 -0.01662761 -0.009181963 -0.02779951 -0.004712077 -0.0256254 0.05897276 0.01981638 -0.02190072 0.01365249 0.0001402479 -0.00046252 0.06784469 0.02855213 -0.01892144 -0.006373688 0.04248341 0.05218592 0.04390913 -0.03800165 0.001294664 0.0003183359 -0.02287636 -0.01394001 -0.05872232 -0.02885809 0.01273059 -0.02187558 -0.06033169 -0.00407747 -0.02447882 0.1004872 -0.008021636 -0.009283553 0.01038611 0.02974181 0.03926459 0.03172609 0.006361734 0.008110922 0.009973709 -0.005772017 0.01423912 0.01140991 0.04578478 0.02709385 0.003041288 0.07996681 0.0193617 0.02823842 0.002855289 -0.07084688 0.05596224 0.04052255 0.06461688 0.02045233 -0.01648702 0.04804219 -0.005259321 -0.01593065 -0.0002274371 -0.02758498 0.001850686 -0.05921034 0.08457784 -0.002750689 0.007141777 0.03710108 -0.007998947 0.04091122 -0.01575437 -0.04218128 -0.02339751 0.005266024 0.04971216 0.005366239 -0.04105254 -0.009993914 -0.006796989 -0.01678323 -0.04137552 -0.03857311 0.02209792 0.008977856 -0.004737789 -0.02084674 0.02971492 -0.02974598 0.04430057 -0.007278796 0.02525622 -0.0095021 -0.05475799 -0.038548 -0.02033534 0.04211336 0.005435435 -0.0575324 0.002044572 -0.002164712 0.01602114 -0.05447672 -0.005221955 -0.005231395 0.02079682 0.01066075 -0.0377503 0.01385541 0.04061969 -0.01785732 0.0281175 0.02292347 0.02255842 0.01462378 -0.009700136 -0.0111611 0.0159954 0.05798939 -0.01040463 0.005864481 -0.03680276 -0.01172395 0.005224253 -0.01838636 0.003522685 0.06224106 -0.01602661 0.01789708 0.02477445 -0.01499911 -0.01388227 0.02271778 -0.06692702 0.01247277 0.01378515 0.03930558 -0.004547437 0.003909339 0.0414934 -0.102082 -0.03622485 -0.01785522 -0.0002608841 0.05548735 -0.02577699 -0.0008367125 0.001137542 0.01317527 -0.01409152 0.04006235 -0.006776412 0.03885016 0.04993294 -0.01144895 -0.05611595 -0.0175365 0.04502079 -0.005821472 0.01045932 -0.01121231 -0.01035139 0.06165243 0.01087021 -0.05079253 0.000190604 0.08134607 0.00611969 0.001381207 0.06108762 0.01121585 0.03370094 0.01981406 -0.04560897 0.01836985 0.05208219 0.002772431 -0.05248502 -0.03987604 -0.01638792 -0.0374935 0.06320231 0.008197947 -0.00607394 -0.03830091 0.04477315 0.02916905 -0.004575321 0.009959274 -0.02844925 0.05011217 0.07345573 -0.009645103 0.003388302 0.0176293 -0.008566307 -0.008744845 0.02418507 0.03446899 -0.04504378 0.03109387 0.08035833 -0.02928523 0.01085343 -0.03927954 0.02632686 0.02654084 -0.01377156 -0.01011491 0.005645965 -0.01565031 -0.2131186 -0.001065655 0.000906189 -0.06502384 -0.006020774 0.03710603 -0.08532254 -0.1083277 0.01425684 -0.03777695 -0.01399947 0.06873733 0.02394953 0.02377766 -0.01836104 -0.0019238 0.01311297 0.01376477 0.04635772 0.01855534 -0.01362356 0.05719001 0.009468475 -0.009317849 -0.02066933 -0.004978883 -0.07844879 -0.009526312 0.01319751 -0.005458003 0.01065665 -0.01308632 0.1205066 0.0461262 0.01023308 0.009355934 0.02123045 0.01900733 -0.03637692 0.01526723 0.008507619 0.05830807 -0.05812646 -0.0464781 -0.002965085 0.05539607 -0.005335064 0.02418688 0.008804885 -0.000990456 0.05293479 -0.01619793 -0.01874206 -0.1006389 -0.0366249 0.009161609 0.01567975 0.0444659 0.03106423 0.02465979 0.01999077 0.008059132 -0.01424141 -0.02914927 -0.0153944 -0.003456723 0.018889 0.02652878 0.02139128 0.007566521 -0.04100093 0.1013564 0.01043738 0.0135877 0.03956565 0.0938203 -0.003780688 0.02937354 -0.002447515 0.04525483 -0.01041928 -0.03846664 -0.0316952 0.01553611 -0.006283388 0.00331293 -0.01227468 0.022912 -0.01387849 0.0003915596 -0.05487195 0.01580935 0.008888675 0.02685852 -0.01620874 -0.02500167 0.1061453 -0.01145526 -0.01096774 0.0177649 0.04446001 0.014566 0.009153587 -0.05223934 -0.01067086 0.01533208 0.01394376 -0.01273634 -0.02151319 -0.02181557 0.01354311 0.02387267 0.01937866 0.02601249 -0.03635982 0.001542491 0.008047494 0.02550193 0.002793477 -0.001955417 -0.04205202 0.03871249 0.03402166 -0.009606875 -0.05322956 0.004260174 0.04633953 0.03763578 0.01392685 0.00571452 -0.01010264 -0.02294105 -0.02891468 0.03791842 0.02109394 0.01191044 -0.01265104 -0.01687476 0.007716567 0.06531207 -0.005495763 -0.004669695 -0.004592564 0.03976194 0.006602341 -0.002564425 0.01965002 0.01413422 0.03107055 -0.067288 0.01905189 0.01865824 -0.01815939 -0.02806694 0.0007555794
    Early_Renaissance,Ukiyo_e,Early_Renaissance__andrea-mantegna_the-circumcision-of-christ-1464.jpg,Early_Renaissance_Early_Renaissance__andrea-mantegna_the-circumcision-of-christ-1464_to_Ukiyo_e.png,0.2328472,0.0,0.6740816831588745,-0.20296249787012732,0.1996799111366272,0.0,0.02774622 -0.01686442 -0.006120513 -0.01461779 0.007897216 -0.02140972 0.006742036 0.04166907 -0.0246606 0.01104034 -0.0120823 0.02637508 0.0007330583 -0.0348283 0.02280828 -0.03069361 -0.06337208 0.03146025 0.01754265 -0.00121205 0.04093748 0.03201364 -0.001592727 0.04901765 0.07062263 0.003804822 0.07531871 0.005742394 0.002902756 -0.006907474 -0.02410087 -0.05454434 0.003189615 -0.05117206 -0.076572 -0.01608844 -0.03016672 -0.003254893 -0.0001286248 -0.04424832 0.01834248 -0.0282296 0.008719273 -0.01019342 0.07540445 -0.03971574 -0.04137645 0.04554727 0.02811433 -0.01026115 -0.0002169382 -0.02387532 -0.003399719 -0.04149802 -0.03369581 -0.01380035 -0.04667311 -0.006698388 -0.007878708 -0.001982444 0.02101863 -0.01920854 0.06675982 0.01065095 0.03836322 -0.003108724 -0.02147394 0.0109378 -0.03831095 -0.01992214 -0.0403902 -0.02211648 -0.02080658 -0.01854116 -0.02829623 -0.004919395 -0.002238584 -0.009705991 0.01145346 0.01009083 -0.02487546 -0.01604655 0.05455851 -0.0602407 -0.002544324 0.01617731 -0.08936515 -0.008794463 -0.0199397 0.01276308 -0.009064129 -0.02461535 -0.6066062 0.05794264 0.00745434 0.01270731 0.02023866 0.04328632 0.09894046 0.003870165 -0.003201326 -0.05016125 -0.01849738 -0.004757748 0.03533511 -0.01755246 -0.1050329 0.01517714 0.01211842 0.008409102 -0.00447593 0.02579074 -0.008057433 0.01204793 0.01008912 -0.0124043 -0.03602403 0.02028957 -0.01972985 0.0150237 -0.0175482 -0.08469297 0.03510216 0.009522658 -0.01239744 -0.05761041 -0.03049544 0.01192914 -0.02055933 0.05744328 0.03042723 0.01609527 -0.01751012 0.0795158 -0.03130643 -0.02927975 -0.0211561 -0.02118128 0.03089587 0.0249708 0.007166328 0.002337308 -0.02630293 0.01553149 -0.01190356 0.005370045 0.03460808 -0.02694743 -0.01938125 -0.007165342 -0.03255863 -0.006779396 -0.01247648 0.07069369 0.03504641 -0.03063774 0.01594198 -0.001971915 0.003465091 0.07052458 0.02743098 -0.01398307 -0.02125682 0.03937538 0.0553732 0.03666462 -0.01989982 0.005599178 0.005246437 -0.01802827 -0.01922493 -0.05692347 -0.02828717 0.007798937 -0.01987116 -0.06897655 0.0002028579 -0.02193136 0.09820306 -0.01046921 -0.005050098 0.008118002 0.03618559 0.04020239 0.04112279 0.003770748 0.00795657 0.01335479 0.001110372 0.01343348 0.01243201 0.04048301 0.02959793 0.00704972 0.07997157 0.01276478 0.03025362 0.003405845 -0.07172483 0.05379268 0.04852246 0.06868335 0.02930168 -0.02841635 0.04294589 -0.007850979 -0.01517458 -0.003122577 -0.03451815 0.009379762 -0.05752347 0.08889597 -0.003216214 0.01258253 0.04023937 -0.007582846 0.04448073 -0.02505413 -0.03727141 -0.02567101 -0.0002584347 0.04528667 0.007611006 -0.0379103 -0.01468478 -0.008987572 -0.01370624 -0.04318495 -0.04411983 0.02611377 0.009877264 -0.004641195 -0.01903382 0.03072335 -0.02818116 0.04250701 -0.01335922 0.02501844 -0.004881529 -0.04691716 -0.0473319 -0.01719146 0.04864046 0.004732684 -0.05925525 0.01488197 -0.008607896 0.02489877 -0.04957927 -0.006688912 -0.004263214 0.01898123 0.006000536 -0.03094116 0.00733587 0.05128292 -0.0144259 0.03399145 0.04407077 0.03003544 0.01971905 -0.001395358 -0.02005743 0.002519088 0.05801011 -0.002367439 0.01050676 -0.03750938 -0.01161997 -0.0005119645 -0.01182718 0.004392534 0.06226114 -0.01070148 0.02131414 0.02543126 -0.007910358 -0.005213761 0.02071031 -0.06567195 0.01632805 0.01478365 0.03018644 -0.01365777 0.001601783 0.0473316 -0.09055872 -0.01934839 -0.01987131 -0.01069948 0.0570528 -0.04100656 -0.001617543 0.007134226 0.007780587 -0.015653 0.03355625 -0.01326919 0.03128158 0.03696994 -0.01025525 -0.05029453 -0.01753278 0.03527978 0.0009777806 0.003816569 -0.0008127098 -0.01274668 0.05862323 0.01354973 -0.05736925 0.002801911 0.07928009 0.002683476 0.004601198 0.05832761 0.00773884 0.02859516 0.01955961 -0.04978339 0.02129205 0.06119765 0.002456384 -0.05101435 -0.05290144 -0.01305808 -0.03218183 0.0642923 0.004933089 -0.01005167 -0.04145297 0.04666029 0.03398646 0.001560967 0.004459584 -0.02525385 0.0514891 0.07325733 -0.008727841 0.01187469 0.01599826 -0.01143801 -0.005644922 0.02413609 0.03313305 -0.03985861 0.03136652 0.08182471 -0.02560787 0.005556724 -0.03185897 0.03854219 0.01720437 -0.006161563 -0.009605371 0.0101938 -0.008282759 -0.2167311 -0.002446148 -0.0004470466 -0.06324883 0.001420677 0.03434884 -0.08343226 -0.1142326 0.01413316 -0.03408061 -0.009394716 0.06322555 0.03193761 0.02759932 -0.01697126 0.004040101 0.007472012 0.02024872 0.04797371 0.01335752 -0.0151987 0.04929184 0.009689114 -0.009705059 -0.01621947 0.001702985 -0.07503504 -0.007562052 0.01541424 -0.005088022 0.01096221 -0.008067577 0.1217171 0.04447002 0.004752507 0.003790536 0.02334091 0.01679577 -0.03014228 0.0188171 0.01416541 0.06191736 -0.05223776 -0.04078125 -0.01786174 0.07308104 -0.005737908 0.02441638 0.009696453 -0.001128698 0.04969371 -0.02447814 -0.01161726 -0.09745921 -0.03241043 0.008800568 0.02072128 0.04093165 0.02461311 0.02324646 0.019602 0.007806449 -0.01588625 -0.02457917 -0.01576589 -0.0008923961 0.02881637 0.02996624 0.02399311 0.01559924 -0.0381203 0.105267 0.009358038 0.009964241 0.03405798 0.09571436 -0.001607126 0.03119836 -0.00581279 0.04554541 -0.005007007 -0.02996446 -0.03091774 0.003791502 -0.002963278 -0.004589404 -0.01705474 0.0179303 -0.01155283 0.0001281364 -0.0636167 0.01807485 0.0116087 0.03733228 -0.01998022 -0.0212148 0.1087806 -0.008992095 -0.003938214 0.02312205 0.03487897 0.01639731 0.009456445 -0.05164264 -0.005472459 0.01314753 0.0119341 -0.01066605 -0.0263337 -0.01663306 0.007247887 0.01573282 0.01459533 0.02802737 -0.03191928 0.005309502 0.01005375 0.03071158 -0.01242555 -0.004913311 -0.04440539 0.03162127 0.03128531 -0.01307352 -0.04914703 -0.001117801 0.04599882 0.04222385 0.02207349 0.003560761 0.0006409736 -0.02034864 -0.03467077 0.03192444 0.02113616 0.02157393 -0.01548316 -0.01601833 0.02343405 0.0677522 -0.005835995 -0.00299572 0.004301412 0.04040366 -0.0005810144 -0.01185096 0.01605148 0.01025863 0.0302042 -0.06647475 0.01356054 0.01688932 -0.02127261 -0.02234063 -0.001723736
    Early_Renaissance,Early_Renaissance,Early_Renaissance__antonello-da-messina_painter-self-portrait.jpg,Early_Renaissance_Early_Renaissance__antonello-da-messina_painter-self-portrait_to_Early_Renaissance.png,0.17262638,0.0,0.8470165729522705,0.03474300901095073,0.2729194760322571,0.0,-0.04605842 0.0112495 -0.01621598 -7.059456e-06 0.03127107 -0.007199535 -0.02634947 0.02793405 -0.02318572 -0.005965871 0.03815568 -0.02222161 0.03658913 -0.0261024 0.02133718 -0.02483617 0.04357069 0.02755894 0.009516066 0.03065781 0.09364412 0.01105411 0.01874668 0.04921306 0.029016 0.03101244 0.01888056 0.008047093 -0.02379202 -0.06025577 -0.03025323 -0.01116926 0.03728044 -0.01968107 -0.03284822 0.01982026 -0.02312418 0.02530207 0.0001029342 -0.04390119 -0.02762471 0.001244918 0.0008239898 -0.05473141 0.04305363 -0.04899379 -0.02456605 0.0215157 0.0330835 -0.008745858 0.004735677 -0.007335044 -0.005358072 -0.007058627 -0.02554498 0.01768096 -0.01047523 -0.0114541 -0.03819547 0.003029173 0.08334119 -0.04372683 0.0715319 -0.01516518 0.02637676 0.008674698 -0.0005583377 -0.04416433 -0.06431396 -0.06348885 -0.03229228 -0.0432663 -0.04046573 -0.03332049 -0.01873212 0.01798764 0.0389471 -0.02618102 -0.008127329 0.01636217 0.003532235 0.04412244 0.0374407 -0.03592882 0.01608364 -0.00462959 -0.04569006 -0.02411941 -0.006395793 0.02193321 0.009788467 0.0008412731 -0.6205057 0.0515304 0.02339882 0.01506545 0.01631328 0.01253831 0.02977616 -0.006079237 0.03094642 0.03579519 0.01632206 0.01752918 0.0949354 0.00361953 -0.1717954 0.001809738 -0.003834724 0.005017103 -0.01770639 -0.01740369 0.02655049 0.01434745 0.03312067 -0.09196215 -0.02870851 0.02002535 -0.02159651 0.02179655 0.008648911 -0.01956041 -0.008186015 -0.005509558 0.0007386232 -0.03918315 -0.007631164 0.004659474 -0.02114503 0.05122956 0.06064933 -0.006880848 -0.01589315 0.08227451 0.01981554 -0.03608692 -0.05197504 -0.008893384 -0.02514832 -0.01682885 -0.01052396 -0.02409918 -0.007337875 -0.05442691 -0.002587494 0.02155884 0.0157377 0.03181228 -0.04594441 -0.03187038 -0.002506218 0.01489945 0.05259709 0.045303 0.02206701 -0.01692712 0.001376653 -0.01113767 0.03235324 0.07055264 -0.03629894 -0.01767011 -0.03048733 0.04009238 -0.01991238 0.003505432 -0.01672909 0.01822169 0.01198819 0.005195649 0.0446932 -0.008919722 -0.0205282 0.01638044 -0.02732317 -0.03455409 0.03956641 -0.008219971 0.1287115 -0.004998215 -0.02972682 -0.02431409 0.0353874 0.008645982 0.02594993 -0.006507196 0.01537108 -0.02180492 -0.002748903 -0.003006803 -0.01542058 -0.00651261 -0.02316484 0.003697808 0.07313146 -0.0003731624 0.01498129 0.05121905 -0.05786777 0.02531241 0.05646467 0.04361293 -0.02867122 -0.004687382 0.03455641 -0.01634874 -0.03681211 -0.01830094 -0.04740629 0.04064517 -0.01851809 0.09110633 0.003742794 0.05413501 0.009417151 0.01098377 0.03758589 -0.01670549 -0.0595093 0.0258515 0.01444453 0.02306483 -0.004922674 -0.02669421 -0.008413508 0.00314546 -0.0256126 -0.01022759 -0.005930696 0.0196724 0.005967581 0.0009329654 -0.01177488 -0.03763905 -0.04239101 0.06945658 0.01126769 -0.01575937 -0.01316267 -0.05099534 0.02516226 -0.009376854 0.02965832 -0.02767584 -0.04959648 -0.008231361 0.01468308 0.01137515 -0.003968579 -0.01664496 0.01720547 0.0068297 0.02908228 -0.01417272 -0.02240202 0.01651399 -0.0321424 -0.02000846 -0.01000998 -0.001501507 0.04501247 0.00274566 -0.01525179 -0.0109635 0.03841111 0.03213108 -0.01038222 -0.01982976 -0.03209307 0.0002671672 -0.003002813 0.0444793 0.03256312 0.01369327 -0.005383617 -0.002165158 -0.01198819 -0.007407693 0.03135779 -0.03134941 0.01403654 0.003129108 0.02649344 0.01787212 -0.007021304 0.005331151 -0.08587047 0.009924797 -0.03093376 0.0201951 0.03446716 -0.01712322 0.0005426143 0.02179598 -0.03081535 -0.01255081 -0.01132376 -0.02064061 0.04065371 0.06492277 -0.006408016 -0.00903667 -0.02882034 -0.00544223 -0.001086516 -0.01810116 0.01676835 0.04436041 0.01880948 -0.03937095 -0.04233715 0.07487053 0.08202437 0.004643047 -0.01285379 0.0315977 0.02320878 -0.0105032 0.021734 -0.05659354 0.04779851 0.06530062 0.004779646 -0.03628434 -0.02720992 -0.01513234 -0.006565032 0.07190783 0.01862141 -1.381399e-05 -0.02797896 0.0337694 0.0001099724 -0.02795775 -0.02422092 -0.002191632 0.06816059 0.01903615 0.01387977 0.0478908 0.02315374 -0.02178199 0.02659159 0.02860448 0.01051288 -0.02628491 0.006253831 0.0490417 -0.01315156 -0.003772716 -0.02856725 -0.0002961508 0.007607093 -0.01243637 -0.01405491 -0.004247068 -0.03886281 -0.1458178 0.03475249 0.01303944 0.004645759 -0.03009514 0.01512416 -0.09330423 -0.1245197 0.02400364 -0.03479296 -0.01523226 0.03531165 0.03540493 -0.004447773 -0.03825863 -0.002952088 -0.02184516 0.04844046 -0.01342163 0.02894286 -0.01812163 -0.03855925 -0.003710329 -0.002444669 -0.064963 0.002552292 -0.05414264 -0.007581135 -0.009376996 0.06551189 -0.01811873 -0.02552824 0.09740488 0.005671147 -0.03133108 -0.01359793 0.01067726 -0.01482748 -0.02649747 0.04598994 0.01980409 0.03142821 -0.05500832 0.04093145 -0.03479364 0.0498248 0.002522606 -0.02382682 0.01307468 0.01861758 0.03119841 0.06937221 0.01973493 -0.1119567 -0.0207249 0.01833026 0.03331144 -0.01583735 -0.001165063 0.00808762 -0.00768611 0.003990243 -0.04844664 -0.02325547 -0.02545779 -0.005921766 0.03527192 0.03797524 -0.02342845 0.01894161 -0.02892466 0.1103661 0.02439491 0.01548979 0.05251345 0.1073922 -0.02708883 -0.01505584 0.00409693 -0.01308056 -0.0003391427 -0.0361156 -0.03269247 -0.01445056 -0.01102263 -0.06713969 -0.006451962 0.04181848 0.005573628 -0.01238413 -0.01941352 -0.0009241064 0.03572205 0.03248305 -0.02312887 -0.04826696 0.1059457 0.003978596 -0.004919895 0.0130863 0.02475112 0.02781708 0.0277924 -0.01088917 -0.0504705 -0.02080213 -0.004133819 0.04998578 -0.009008678 0.02639512 0.004475945 -0.04746112 0.0291863 0.05010926 -0.001385873 -0.02913624 0.010152 0.02511377 0.01854716 0.01687842 -0.01603433 -0.0001938796 0.0231313 -0.0230885 -0.02749598 0.03012051 0.004145322 -0.01047101 0.01851675 0.01320377 0.01437208 -0.001992469 -0.08614302 -0.004229271 -0.03841602 0.02831191 -0.03837217 -0.01970498 0.02419559 0.0396306 -0.01656511 0.02597533 0.03293104 0.03744892 -0.02474637 -0.002801549 0.02109324 0.07256937 -0.007738242 -0.02076377 -0.0195713 -0.009939374 0.03516845 -0.02257211 -0.03762314
    Early_Renaissance,Impressionism,Early_Renaissance__antonello-da-messina_painter-self-portrait.jpg,Early_Renaissance_Early_Renaissance__antonello-da-messina_painter-self-portrait_to_Impressionism.png,0.16389889,0.0,0.671018123626709,-0.14275497794151304,0.1844576597213745,0.0,-0.04288343 0.01016969 -0.01474517 -0.004337957 0.03079873 -0.01289776 -0.02941851 0.02597491 -0.02360484 -0.005134396 0.03540882 -0.007835538 0.04009005 -0.02700008 0.01597265 -0.0293728 0.05857417 0.03040509 0.009716679 0.03758777 0.0885957 0.01176364 0.01791616 0.05181484 0.02685471 0.03030653 0.02992487 0.005309796 -0.02515131 -0.0651641 -0.02713911 -0.01250034 0.03397644 -0.02236388 -0.03817599 0.004471431 -0.02380654 0.03202027 0.00751931 -0.05404587 -0.03532798 -0.0009589649 0.001136454 -0.03902695 0.03552885 -0.0403524 -0.02241387 0.02474762 0.03093557 -0.01026231 0.003461787 -0.008298953 -0.001126974 -0.0009376706 -0.02849095 0.02474749 -0.01581145 -0.008846409 -0.04043398 -0.000230342 0.0841927 -0.04334336 0.07173212 -0.01248553 0.01908668 0.009193527 -0.002073222 -0.03657849 -0.06331336 -0.05637321 -0.0299549 -0.0536112 -0.03771596 -0.02926404 -0.02603108 0.012339 0.03306336 -0.02678058 -0.007260089 0.01729487 0.008044478 0.04405422 0.04614666 -0.03152062 0.009137306 -0.007083686 -0.04492198 -0.0369153 -0.005293626 0.01611146 0.01303068 -0.001198223 -0.6161877 0.0449907 0.02549018 0.01182089 0.01418379 0.008353298 0.03327579 0.0007331879 0.02948713 0.03384771 0.02395045 0.02579714 0.1001967 0.007197289 -0.1934695 -0.003122415 -0.01306154 0.01664736 -0.007427373 -0.01349036 0.02884485 0.02326121 0.03023541 -0.09143244 -0.02769285 0.01793407 -0.01413472 0.01403122 0.0009801998 -0.009312059 -0.007293846 -0.008408397 -0.001673856 -0.04411752 -0.01515429 0.01030575 -0.0229209 0.05887833 0.0604521 -0.0158486 -0.01598963 0.08262046 0.01715324 -0.03502909 -0.04751209 -0.001855149 -0.02036963 -0.0210052 -0.002132159 -0.0250207 -0.001169572 -0.04004255 -0.007118031 0.02487032 0.01037828 0.03198361 -0.05085782 -0.03330006 -0.000501228 0.01667967 0.05585965 0.04334987 0.02044627 -0.009660183 0.00113944 -0.006977952 0.0255377 0.06097654 -0.03503546 -0.0158061 -0.0221971 0.04004749 -0.006504651 0.00354939 -0.01002045 0.009218041 0.0136774 0.01392619 0.04294612 -0.006351118 -0.02535602 0.01870911 -0.03336122 -0.03621603 0.02778144 -0.008329278 0.1246663 -0.01318088 -0.01857335 -0.02592975 0.03584811 0.01234405 0.02658993 -0.006972884 0.004076188 -0.027597 -0.006016869 -0.01065928 -0.01482527 -0.01410479 -0.0183734 2.341892e-05 0.07551871 -0.001636154 0.005711099 0.05585587 -0.0531556 0.02466256 0.04634407 0.04844917 -0.02897741 -0.006632141 0.0363606 -0.01787348 -0.03045882 -0.01011993 -0.04315657 0.03538624 -0.02371473 0.08704649 0.004805559 0.05352064 0.01198237 0.009042504 0.04161026 -0.01163316 -0.05540728 0.02001347 0.01179162 0.0259493 -0.007322222 -0.01918218 -0.0008227436 -0.004365388 -0.03222805 -0.01169752 -0.001909094 0.02014209 0.003756812 0.00209533 -0.003806816 -0.02699348 -0.04561335 0.06530944 0.01890074 -0.02318422 -0.01128305 -0.04755155 0.02505315 -0.008562482 0.03186996 -0.03170258 -0.04862925 -0.01976992 0.009424986 0.0163197 -0.00246667 -0.01496809 0.01221524 0.009759206 0.03495208 -0.01193912 -0.02295535 0.01770953 -0.02883381 -0.01761934 -0.006075918 -0.01258612 0.03674507 0.003793247 -0.01330918 -0.01057215 0.03744923 0.02549942 -0.005292913 -0.02609306 -0.02520463 -0.004272813 -0.009916057 0.05005664 0.03022121 0.01602328 -0.0119374 -0.003850071 -0.01383094 -0.01015176 0.03371897 -0.03607483 0.01077387 0.004717095 0.02554813 0.02547567 -0.01051543 0.003421135 -0.0927077 0.01706083 -0.03080149 0.008567773 0.03621311 -0.02833051 0.00418249 0.01566296 -0.03379964 -0.02279764 -0.007631219 -0.02353645 0.03868941 0.04798802 -0.01127325 -0.0120606 -0.0261931 0.003037565 -0.01137104 -0.02341653 0.02193789 0.04183753 0.009138867 -0.03910948 -0.03848945 0.07381584 0.08239909 0.009231301 -0.01791979 0.03187335 0.02430736 -0.01022908 0.0251479 -0.0607228 0.04430644 0.05453428 0.007778182 -0.03294135 -0.02195832 -0.009821109 -0.01673208 0.06634397 0.01554626 -0.0005780617 -0.03086858 0.03552098 0.0114627 -0.03420272 -0.02249952 -0.003108012 0.06338096 0.01909477 0.0155143 0.0569119 0.02934256 -0.02296625 0.0228758 0.02432401 0.01155346 -0.02320992 0.01168938 0.05723745 -0.005553911 0.004330076 -0.0275461 -0.008680068 0.009322905 -0.02295129 -0.02050175 0.002387878 -0.0246084 -0.164216 0.03819316 0.01717765 0.008289927 -0.03436913 0.0124586 -0.1011528 -0.128981 0.02701664 -0.03242229 -0.01263288 0.03700214 0.03650558 -0.01486962 -0.03766133 -0.007548667 -0.01756814 0.04589184 -0.004193482 0.0263231 -0.02186821 -0.03069996 0.008709742 -0.0009991799 -0.0615823 0.003594443 -0.05625942 -0.0134727 -0.01724842 0.06613004 -0.01933993 -0.02837846 0.09103248 0.005296015 -0.0303762 -0.01070274 0.005496707 -0.01215308 -0.0275548 0.04273824 0.02186348 0.02547836 -0.05095297 0.04278421 -0.03508382 0.05730821 0.001997444 -0.02256802 0.002153439 0.01133075 0.02773052 0.06999741 0.01564168 -0.1159188 -0.01961884 0.01676368 0.02904269 -0.01186204 -0.00134903 0.009834556 -0.01128801 -0.0004057379 -0.04980473 -0.02151053 -0.02250353 -0.004658678 0.03771734 0.04324524 -0.02891392 0.01663319 -0.02394856 0.09820999 0.02912904 0.01655096 0.05400958 0.1060409 -0.02601764 -0.01765691 0.003679644 -0.01544754 -0.002243407 -0.03616109 -0.03796159 -0.002379723 -0.01121732 -0.06153224 -0.0002192526 0.03572475 0.004780521 -0.01500067 -0.01600765 2.956982e-05 0.03158002 0.02456749 -0.02329662 -0.05611959 0.1034174 0.001416857 0.003365825 0.01894675 0.02583821 0.02930199 0.03101676 -0.005126016 -0.05399555 -0.01256605 -0.002642701 0.04695294 -0.008858664 0.02714972 0.0003469318 -0.03936163 0.03250037 0.05100856 0.00338155 -0.02777776 0.004597265 0.02839708 0.02035375 0.004231159 -0.02261423 -0.006259088 0.02119816 -0.02081646 -0.02640232 0.02881846 -0.0008314418 -0.01122222 0.0204503 0.01811431 0.009539958 0.002818021 -0.08539385 0.0005181634 -0.04718538 0.02496225 -0.03849407 -0.0255566 0.02189384 0.03659811 -0.01979658 0.02745688 0.02679446 0.04899315 -0.03714849 -0.007497636 0.01936442 0.06072199 -0.006103431 -0.01623118 -0.01684324 -0.01382906 0.04051097 -0.02273617 -0.04090543
    Early_Renaissance,Minimalism,Early_Renaissance__antonello-da-messina_painter-self-portrait.jpg,Early_Renaissance_Early_Renaissance__antonello-da-messina_painter-self-portrait_to_Minimalism.png,0.66916597,0.0,0.8154474496841431,-0.0414534548918406,0.211197629570961,0.0,0.03391036 0.004750912 0.004443997 0.002710472 0.03228903 0.01172328 0.02314877 0.07205627 0.04144151 0.04445262 -0.0172481 0.01479163 -0.04474574 -0.006349175 -0.007432594 0.004576551 -0.04167394 0.00325201 -0.002275598 0.01164575 0.01202297 -0.005410186 -0.01113189 0.0198491 0.03209052 0.0340232 -0.007530883 0.01386836 0.02873701 -0.01187861 0.02573416 -0.02195757 -0.01805206 0.01791844 -0.06386245 -0.0214923 -0.01938903 0.004066837 -0.01281046 -0.05686313 0.01478103 0.008377686 -0.01561872 -0.01230133 -0.008343083 -0.0237416 0.02175828 -0.02147209 0.01751149 0.002434436 -0.009582144 -0.008828854 0.0248899 -0.0234253 -0.004600516 0.0125787 -0.03496991 0.02418227 -0.01402562 -0.02169846 -0.02209009 -0.02347848 -0.02691627 0.004336577 0.002552348 0.04026878 -0.02429164 -0.05252032 -0.02835155 0.02384404 -0.01300465 -0.006874491 0.01163538 -0.01937244 -0.009756709 -0.01329308 0.01130854 0.002922594 0.01063131 -0.01176977 0.04538024 0.0194213 -0.002702257 -0.008097067 -0.00421159 0.01734727 0.01298622 -0.01077165 0.004822425 -0.0166859 0.01891216 -0.01868087 -0.7776452 0.01031654 0.01985968 0.02803746 0.007733521 0.01967827 0.001279635 -0.04624565 -0.0007294755 -0.02214888 0.02672905 -0.01304503 0.007799524 0.01791554 -0.1144264 0.02908858 -0.009293933 0.01212362 0.02098701 -0.03509848 0.006503714 -0.002667265 -0.016352 -0.008377353 -0.03506635 -0.013617 -0.01939379 0.01892076 -0.01091354 -0.06344307 0.01988366 2.84829e-05 -0.02916265 -0.01370872 -0.01800535 -0.02563608 0.02597758 0.03348145 -0.01938699 -0.01279142 -0.0321977 0.09458633 0.01500704 0.04520704 -0.01987715 -0.09412086 -0.0250532 0.02188687 -0.01251082 0.01131483 -0.01338054 -0.01571148 0.01338103 -0.0150228 0.008048723 0.03077056 -0.02372675 0.01062951 -0.008389049 -0.0181287 0.0371609 -0.004869001 -0.01698932 -0.0190388 0.04596736 0.01091002 0.01523013 0.0172045 -0.003914849 -0.008751068 -0.00459017 -0.007947892 -0.03283619 0.0354538 -0.02083737 0.009620504 -0.0009712396 -0.01785992 0.001130454 -0.03337933 0.01813103 -0.003885614 -0.008550498 0.005388379 0.01499995 0.009389532 -0.02878271 0.00991241 -0.04179798 0.01268119 -0.01784287 0.02735699 -0.02810105 -0.002104873 0.02682259 0.01800784 0.01808287 0.003294881 0.001118088 -0.005716522 0.0449597 -0.01005738 0.006556341 0.03038086 0.009101422 0.01808894 -0.04077329 0.0136414 0.005916712 -0.01361452 0.0402024 0.03285064 -0.004403679 -0.01063783 -0.004756228 0.01163161 0.007307832 -0.01374649 -0.02296982 0.08603851 -0.004165805 -0.02508733 -0.03473895 -0.01746591 -0.004243933 -0.006609138 -0.02596655 -0.01940787 0.02315471 -0.02356682 -0.03862426 -0.02111923 0.0309027 -0.01753552 0.02036517 -0.05436737 -0.01116653 0.02533789 -0.01524455 0.01918738 -0.009387649 -0.03330701 0.007448351 -0.009680714 -0.0306858 -0.01621712 -0.02032951 0.01296121 -0.02119503 -0.002961316 0.02297608 -0.02626192 -0.04844756 -0.04346122 -0.028881 0.006963235 -0.01785527 -0.005912085 -0.007908369 0.03015817 0.02207467 0.01287455 0.01735523 0.01397089 -0.01824809 0.02136327 -0.06085876 0.02102201 0.0219474 0.001792234 -0.01646299 -0.05180516 -0.01463796 0.005829886 0.0008783059 -0.02346811 -0.0004803334 -0.00269643 -0.02082886 0.01912488 0.009065798 0.01371873 0.002835616 0.01249569 -0.009984808 0.02746562 -0.02491198 -0.008262111 -0.00725155 0.02940526 -0.006940946 0.008878906 -0.0008896982 0.0431252 -0.05114624 -0.01113494 0.03698707 -0.02678938 -0.01657013 -0.01516829 0.007401925 -0.001277609 -0.0008061933 0.03009754 -0.05633998 -0.02668886 0.03977403 -0.01628876 -0.008177546 -0.02639793 -0.009495302 0.006222262 -0.01125724 -0.04908839 0.01738605 0.01997296 0.02751439 0.002438945 -0.0005164082 0.003252297 0.09446593 0.00549288 -0.0007295071 0.02139997 0.006016355 -0.0002114658 0.009120187 -0.02147965 0.0353924 0.2006108 -0.0008987359 0.03353767 -0.04078895 -0.01516133 0.006510988 -0.02612022 -0.008801989 0.08169463 -0.03493669 0.0004879472 -0.001582557 -0.003092445 0.01567044 -0.02001632 0.03214838 0.03880681 -0.01688813 -0.03936325 0.03084499 -0.02807498 0.01057513 -0.003737057 -0.005063945 -0.04398471 0.02841206 -0.01198933 -0.01232551 -0.03509492 0.02984022 0.02211832 -0.005911649 -0.01872251 -0.0009847946 -0.01370324 0.04083147 0.01782735 0.01390916 -0.01037976 0.005137946 -0.02643283 0.01102931 0.01153191 -0.03090368 -0.02081438 -0.0052064 0.04283312 0.03287345 0.0202838 -0.002164532 -0.00536738 0.04251821 0.02124283 0.02558511 0.01348703 -0.02870131 -0.001782036 -0.04865322 0.009108681 -0.01190815 0.006254367 0.001616659 0.03502536 0.003255885 -0.01663529 0.03914813 -0.01098964 -0.01052606 0.1136261 -0.0006060093 -0.009553168 0.01764917 -0.01128701 0.008628969 0.01867652 -0.001598372 0.003172749 0.02402617 0.01022554 -0.0156188 0.00136319 0.03903599 -0.01624867 0.02023241 -0.01489843 -0.002732065 0.02668227 0.03488247 -0.02785275 0.03038595 -0.01864204 0.007403391 0.03175057 -0.006822056 0.00529521 -0.004442202 -0.03711638 0.009726954 -0.01891363 0.00112531 -0.05691276 -0.01481347 -0.05749655 0.01092895 0.007222971 0.01159911 -0.01132678 0.1430218 -0.01820812 -0.0153908 0.001084006 -0.01779884 -0.01462144 0.008215412 0.01567329 0.0238811 -0.0001400572 -0.01312786 -0.02524856 -0.01305475 -0.07033423 0.005254316 -0.03452903 -0.006835911 0.02597122 0.0001680777 0.01818542 0.01120878 -0.02566516 -0.03116172 -0.02503689 -0.005711719 0.02759007 0.008114323 -0.01868393 -0.02311604 -0.01664319 -0.02810554 -0.01011461 -0.02673429 -0.009528238 0.008531508 -0.03304432 0.01002793 -0.01650909 0.01052796 0.00839791 0.00418862 0.0105045 0.007108225 -0.009325794 0.01350777 -0.03788295 0.01208841 0.01930829 -0.003393964 -0.02731254 0.01400517 -0.03326882 0.008854907 0.005375202 -0.0133128 0.03562669 0.03219143 0.04597736 0.0007885042 0.0004456897 -0.03287549 -0.04377785 0.008027403 -0.02603391 0.05518294 -0.02388064 -0.009650932 -0.001529109 -0.01218182 -0.03533037 0.005352852 -0.007586844 -0.02315055 -0.007471086 -0.01344791 -0.009004298 0.09169338 0.002520065 -0.000535578 -0.05894601 0.007347225 0.03587083 -0.01213993 -0.003678475
    Early_Renaissance,Rococo,Early_Renaissance__antonello-da-messina_painter-self-portrait.jpg,Early_Renaissance_Early_Renaissance__antonello-da-messina_painter-self-portrait_to_Rococo.png,0.1683034,0.0,0.7957485914230347,-0.014626924196879054,0.26004624366760254,0.0,-0.04953518 0.03184712 -0.03425536 -0.007302243 0.03636228 -0.02537024 -0.01792127 0.0325551 -0.02582288 -0.001497374 0.03890303 -0.02081615 0.04980073 -0.02871662 0.01126824 -0.03192617 0.04760979 0.02891226 0.00215352 0.03791492 0.08471556 0.008452713 0.005851453 0.04136353 0.02546155 0.0268091 0.02200172 -0.007863394 -0.03271987 -0.05663107 -0.04031575 -0.01376829 0.02530421 -0.02299614 -0.03295311 0.02026286 -0.02762949 0.02696386 0.004545336 -0.0373329 -0.03501564 -0.006374478 0.01570635 -0.04566455 0.04471595 -0.05341312 -0.01150794 0.01353188 0.0283299 -0.02316171 0.00883079 0.009552808 -0.01482053 -0.01965195 -0.01684102 0.02504803 -0.003537748 -0.01318364 -0.03643824 0.003509398 0.08174992 -0.03361347 0.07025651 -0.007600516 0.02489113 0.007100956 0.0006374244 -0.04334274 -0.05835597 -0.05829041 -0.03676126 -0.0586951 -0.035437 -0.03740782 -0.02108588 0.01958961 0.02807532 -0.0238712 -0.0005876212 0.01547357 0.006953797 0.0425823 0.03596409 -0.02919338 0.01351102 -0.00691492 -0.07324778 -0.03510926 -0.003276018 0.02321601 0.0100278 -0.00547324 -0.6151292 0.05760135 0.02285424 0.01043768 0.02235368 0.01042853 0.02350651 -0.00865119 0.03258445 0.03119498 0.01593376 0.01438193 0.08839101 0.009002022 -0.1851503 -0.001893739 -0.003808999 0.01337882 -0.008767012 -0.01865417 0.01706198 0.01680962 0.03639984 -0.09440178 -0.02930655 0.02940684 -0.01172976 0.01356161 0.006689798 -0.010834 -0.003773782 0.01044171 -0.001032988 -0.03698022 0.002929738 -0.005914689 -0.01516818 0.05042288 0.06028459 -0.01619188 -0.02057909 0.08437023 0.02767597 -0.03830804 -0.05628289 0.002561528 -0.01764684 -0.01420479 -0.001742449 -0.01333745 -0.002211892 -0.05764997 -0.006307208 0.01633085 0.00418386 0.04088585 -0.03984032 -0.02032024 -0.004514154 0.009411919 0.04084994 0.03595196 0.02212775 -0.01790548 0.002901662 -0.004389851 0.02431305 0.0654777 -0.04283662 -0.01477128 -0.02888732 0.03373871 -0.02468873 0.01060346 -0.01592827 0.01932697 0.01500523 -0.0009862507 0.04683192 -0.00419941 -0.008685353 0.01596634 -0.02600234 -0.03227982 0.03683369 0.003135796 0.1327169 -0.01157181 -0.02614191 -0.01636246 0.03301662 0.009787014 0.02345243 -0.009747685 0.01124964 -0.0179128 -0.01411501 0.001984507 -0.01693444 -0.01797323 -0.02113536 -0.005697476 0.07514714 -0.0006602033 0.01456133 0.0501024 -0.05734377 0.0177442 0.05850625 0.0405863 -0.02906642 -0.01290536 0.03053007 -0.01172574 -0.03412525 -0.01874769 -0.04875216 0.04592567 -0.01705714 0.08636064 0.01041032 0.06145788 0.01447543 0.01602898 0.04104036 -0.02494913 -0.07197049 0.03176054 0.01882498 0.03221533 -0.006868451 -0.03677274 -0.001561729 -0.001030563 -0.02028609 -0.01719872 0.001441928 0.02595773 -0.01297181 0.001533099 -0.01098675 -0.03390991 -0.03691277 0.08683588 0.007243104 -0.01052589 -0.01633101 -0.04506978 0.01910301 -0.00139502 0.02755779 -0.02414103 -0.0541769 -0.01794732 0.01222178 0.004322413 0.003606026 -0.01917149 0.02003651 0.02308837 0.01435529 -0.006410617 -0.02593524 0.01519907 -0.02613061 -0.02774428 -0.01820612 0.0009780783 0.04172866 0.008224207 -0.02682739 -0.003336006 0.033689 0.02967687 0.004842983 -0.02746685 -0.0324887 -0.01019621 -0.01546299 0.04454181 0.04555627 0.01341877 -0.003209431 -0.00247864 -0.01652301 -0.00738783 0.04099061 -0.03301374 0.001936367 0.005521359 0.02880818 0.02333524 -0.01174777 0.001582031 -0.1077872 0.01981705 -0.03025026 0.01425747 0.0335016 -0.01458713 0.006369511 0.01311055 -0.02730604 -0.005156688 -0.01706936 -0.02067659 0.0343006 0.05389534 -0.006168585 -0.001286753 -0.03553609 0.0002345761 -0.0101074 -0.01496335 0.01391649 0.03334896 0.02383298 -0.03403526 -0.03969517 0.07601129 0.08414051 0.006483417 -0.005241951 0.02726867 0.02244236 -0.02040317 0.01433284 -0.05864725 0.03651832 0.04494581 -0.003857656 -0.03699898 -0.02239497 -0.01861918 -0.01225809 0.07224599 0.01677456 0.003048121 -0.02370905 0.03220065 0.006094601 -0.03277925 -0.0138243 0.008087217 0.06256994 0.01536665 0.01907275 0.05554603 0.02313065 -0.03688808 0.02159519 0.03258683 0.005444033 -0.03137212 0.002329985 0.05779007 -0.003845673 -3.252188e-05 -0.03533338 0.001182274 0.01941832 -0.01287811 -0.02005008 -0.002139551 -0.03418525 -0.1461233 0.03373915 0.007935521 -0.003672769 -0.02691711 0.01107903 -0.09812164 -0.1227478 0.01767849 -0.04985738 -0.0220715 0.0341246 0.0350073 -0.01732625 -0.03638847 0.0009746057 -0.008395813 0.05108912 -0.02061348 0.02987594 -0.02373285 -0.03663227 -0.009064274 0.0003421986 -0.06024162 -0.006570151 -0.04881503 -0.01612146 -0.01070269 0.07424344 -0.02011063 -0.02927803 0.08290698 -0.005828942 -0.02611643 -0.00506514 0.01097033 -0.01035016 -0.02741164 0.05234207 0.01333811 0.03384448 -0.05269989 0.0344296 -0.03339633 0.04886053 0.006151113 -0.01834773 0.003210832 0.02074374 0.03130664 0.07323895 0.01555784 -0.09788879 -0.02061711 0.004843344 0.01938615 -0.01874232 -0.002631185 0.004939301 -0.003916503 0.004265449 -0.05349673 -0.02278921 -0.02738299 -0.009929217 0.04548353 0.03749136 -0.02501504 0.02201344 -0.0144607 0.1150041 0.03261853 0.008767959 0.05009664 0.1037513 -0.02473888 -0.02570993 0.005435944 -0.01911536 0.01040943 -0.03369129 -0.02238374 -0.009454907 -0.01542419 -0.06264441 0.009409091 0.04049662 0.005055352 -0.01508376 -0.01943954 -0.002556629 0.04119964 0.03012967 -0.01610535 -0.04816131 0.09453469 0.00626952 0.001598292 0.009128427 0.02068705 0.02905198 0.03696984 -0.01070503 -0.05249149 -0.02147657 -0.01094537 0.05047399 -0.008713851 0.03579543 -0.004614158 -0.03044527 0.03009383 0.05752699 0.001045503 -0.02770841 0.006628336 0.01502477 0.02244066 0.003915142 -0.02292192 -0.01035233 0.0272923 -0.02073322 -0.01470881 0.02068581 0.004093821 0.004159332 0.009152154 0.01570095 0.01591333 -0.002648792 -0.08310169 2.784501e-05 -0.04039741 0.01771552 -0.04397365 -0.02111871 0.02951337 0.03283619 -0.005514479 0.02858019 0.01923932 0.04563136 -0.02813055 -0.00356995 0.0168205 0.07977945 0.009713349 -0.01345307 -0.02014252 -0.007672371 0.03424602 -0.0152953 -0.0488948

=== I:/Github/Latent_Style/WEAVE/exp/compat_baseline_after_cleanup_v2/summary.json ===
  dict keys: ['checkpoint', 'timestamp', 'metrics_note', 'settings', 'timings_sec', 'idt_baselines', 'matrix_breakdown', 'analysis', 'runtime_observability', 'introstyle_analysis_sidecar']
  artfid-related keys: []
    checkpoint = exp\abl_adaln_b144_baseline\epoch_0005.pt
    timestamp = 2026-07-12 01:23:52

=== I:/Github/Latent_Style/WEAVE/exp/target_style_baseline_p2a/summary.json ===
  dict keys: ['checkpoint', 'timestamp', 'metrics_note', 'settings', 'timings_sec', 'idt_baselines', 'matrix_breakdown', 'analysis', 'runtime_observability', 'introstyle_analysis_sidecar', 'appearance_deltas']
  artfid-related keys: []
    checkpoint = (reuse-only:no-checkpoint)
    timestamp = 2026-07-14 06:48:18

=== I:/Github/Latent_Style/WEAVE/exp/target_style_baseline_r5/summary.json ===
  dict keys: ['checkpoint', 'timestamp', 'metrics_note', 'settings', 'timings_sec', 'idt_baselines', 'matrix_breakdown', 'analysis', 'runtime_observability', 'introstyle_analysis_sidecar', 'appearance_deltas']
  artfid-related keys: []
    checkpoint = (reuse-only:no-checkpoint)
    timestamp = 2026-07-14 06:49:37

=== Search for pair_manifest files ===

=== Search for d5_manifest / d5_pair files ===

=== ArtFID evaluator Python scripts (top-level only) ===
  I:\Github\Latent_Style\WEAVE\utils\artfid_metric.py
  I:\Github\Latent_Style\WEAVE\utils\run_evaluation.py
  I:\Github\Latent_Style\WEAVE\utils\targetwise_artfid_summary.py
  I:\Github\Latent_Style\WEAVE\tools\build_distinct5_baseline_packet_status.py
  I:\Github\Latent_Style\WEAVE\tools\build_local_experiment_inventory.py
  I:\Github\Latent_Style\WEAVE\tools\build_time_to_parity_artifact.py
  I:\Github\Latent_Style\WEAVE\tools\compute_targetwise_artfid_fast.py
  I:\Github\Latent_Style\WEAVE\tools\eval_selected_style_metrics.py
  I:\Github\Latent_Style\WEAVE\tools\run_eval_with_wfi.py
  I:\Github\Latent_Style\WEAVE\tools\experiments\compare_distinct5_eval_curve.py
  I:\Github\Latent_Style\WEAVE\tools\experiments\launch_remote_distinct5_latent_baseline.py
  I:\Github\Latent_Style\WEAVE\tools\experiments\launch_remote_faraday_noop_eval.py
  I:\Github\Latent_Style\WEAVE\tools\experiments\phase616_auto.py

=== Baseline output directories under exp/ (top 50) ===
  I:\Github\Latent_Style\WEAVE\exp\abl_adaln_b144_baseline
      - config.json
      - epoch_0005.pt
      - err.log
      - eval
      - logs
      - pid.txt
      - run.log
      - src
  I:\Github\Latent_Style\WEAVE\exp\compat_baseline_after_cleanup
      - images
      - metrics.csv
      - summary.json
  I:\Github\Latent_Style\WEAVE\exp\compat_baseline_after_cleanup_v2
      - images
      - metrics.csv
      - summary.json
  I:\Github\Latent_Style\WEAVE\exp\d6_style_consist_15ep
      - config.json
      - epoch_0005.pt
      - epoch_0010.pt
      - epoch_0015.pt
      - full_eval
      - logs
      - src
  I:\Github\Latent_Style\WEAVE\exp\evo_d5_baseline
      - config.json
      - epoch_0005.pt
      - full_eval
      - logs
      - src
  I:\Github\Latent_Style\WEAVE\exp\latent_wct_baseline
      - d5_512
      - full_eval
      - p2a_256
      - r5_wikiart
  I:\Github\Latent_Style\WEAVE\exp\r4_baseline_10ep
      - config.json
      - epoch_0005.pt
      - epoch_0010.pt
      - full_eval
      - logs
      - src
  I:\Github\Latent_Style\WEAVE\exp\r4_baseline_15ep
      - config.json
      - epoch_0005.pt
      - epoch_0010.pt
      - epoch_0015.pt
      - full_eval
      - logs
      - src
  I:\Github\Latent_Style\WEAVE\exp\refactor_clean_baseline
      - config.json
      - epoch_0005.pt
      - eval
      - logs
      - src
  I:\Github\Latent_Style\WEAVE\exp\refactor_minimal_baseline
      - eval
  I:\Github\Latent_Style\WEAVE\exp\target_style_baseline_p2a
      - dino.json
      - images
      - metrics.csv
      - summary.json
  I:\Github\Latent_Style\WEAVE\exp\target_style_baseline_r5
      - dino.json
      - images
      - metrics.csv
      - summary.json

=== ArtFID values in summary.json (sample) ===

  I:\Github\Latent_Style\WEAVE\exp\repro_weave_d5\summary.json

  I:\Github\Latent_Style\WEAVE\exp\compat_baseline_after_cleanup_v2\summary.json

  I:\Github\Latent_Style\WEAVE\exp\compat_baseline_after_cleanup\summary.json

  I:\Github\Latent_Style\WEAVE\exp\target_style_baseline_p2a\summary.json

  I:\Github\Latent_Style\WEAVE\exp\target_style_baseline_r5\summary.json

  I:\Github\Latent_Style\WEAVE\exp\710_b0_weave\full_eval\epoch_0010\summary.json

  I:\Github\Latent_Style\WEAVE\exp\710_b0_t11\full_eval\epoch_0005\summary.json