{
  "checkpoint": "../overfit50-style-force-balance-v1-cycle4/epoch_0040.pt",
  "timestamp": "2026-02-09 23:50:41",
  "matrix_breakdown": {
    "photo": {
      "photo": {
        "count": 50,
        "clip_style": 0.530263888835907,
        "style_lpips": 0.7794465589523315,
        "content_lpips": 0.7052027008,
        "clip_content": 0.548705315,
        "classifier_acc": 1.0
      },
      "Hayao": {
        "count": 50,
        "clip_style": 0.5581871461868286,
        "style_lpips": 0.7903078782558441,
        "content_lpips": 0.631281653,
        "clip_content": 0.63075838,
        "classifier_acc": 0.08
      }
    },
    "Hayao": {
      "photo": {
        "count": 50,
        "clip_style": 0.48564081311225893,
        "style_lpips": 0.7770527029037475,
        "content_lpips": 0.7194836356000002,
        "clip_content": 0.6337186934,
        "classifier_acc": 0.96
      },
      "Hayao": {
        "count": 50,
        "clip_style": 0.6247414654493332,
        "style_lpips": 0.7798875117301941,
        "content_lpips": 0.5972872334,
        "clip_content": 0.7223362758000001,
        "classifier_acc": 0.54
      }
    }
  },
  "analysis": {
    "style_transfer_ability": {
      "clip_style": 0.5219139796495438,
      "content_lpips": 0.6753826443000002,
      "classifier_acc": 0.52
    },
    "photo_to_art_performance": {
      "clip_style": 0.5581871461868286,
      "valid": true,
      "classifier_acc": 0.08
    }
  },
  "classification_report": {
    "Hayao": {
      "precision": 0.9393939393939394,
      "recall": 0.31,
      "f1-score": 0.46616541353383456,
      "support": 100.0
    },
    "photo": {
      "precision": 0.5868263473053892,
      "recall": 0.98,
      "f1-score": 0.7340823970037453,
      "support": 100.0
    },
    "accuracy": 0.645,
    "macro avg": {
      "precision": 0.7631101433496643,
      "recall": 0.645,
      "f1-score": 0.6001239052687899,
      "support": 200.0
    },
    "weighted avg": {
      "precision": 0.7631101433496643,
      "recall": 0.645,
      "f1-score": 0.60012390526879,
      "support": 200.0
    }
  },
  "detailed_style_metrics": {
    "Hayao": {
      "precision": 0.9393939393939394,
      "recall": 0.31,
      "f1_score": 0.46616541353383456,
      "support": 100
    },
    "photo": {
      "precision": 0.5868263473053892,
      "recall": 0.98,
      "f1_score": 0.7340823970037453,
      "support": 100
    }
  }
}