{
  "checkpoint": "G:\\GitHub\\Latent_Style\\Cycle-NCE\\ssim-optun-nce\\trial_0202\\epoch_0001.pt",
  "timestamp": "2026-02-20 11:39:13",
  "matrix_breakdown": {
    "photo": {
      "photo": {
        "count": 10,
        "style_swd": 1.7917024731636046,
        "content_ssim": 0.262598708,
        "classifier_acc": null
      },
      "Hayao": {
        "count": 10,
        "style_swd": 2.073911201953888,
        "content_ssim": 0.2448719154,
        "classifier_acc": null
      },
      "monet": {
        "count": 10,
        "style_swd": 0.9749428868293762,
        "content_ssim": 0.31787449149999997,
        "classifier_acc": null
      },
      "cezanne": {
        "count": 10,
        "style_swd": 1.169541820883751,
        "content_ssim": 0.2769890814,
        "classifier_acc": null
      },
      "vangogh": {
        "count": 10,
        "style_swd": 2.1180540025234222,
        "content_ssim": 0.320992043,
        "classifier_acc": null
      }
    },
    "Hayao": {
      "photo": {
        "count": 10,
        "style_swd": 1.8341702401638031,
        "content_ssim": 0.373007704,
        "classifier_acc": null
      },
      "Hayao": {
        "count": 10,
        "style_swd": 1.8331976294517518,
        "content_ssim": 0.41222274699999994,
        "classifier_acc": null
      },
      "monet": {
        "count": 10,
        "style_swd": 0.9739754527807236,
        "content_ssim": 0.450729453,
        "classifier_acc": null
      },
      "cezanne": {
        "count": 10,
        "style_swd": 1.2649746119976044,
        "content_ssim": 0.44727937000000006,
        "classifier_acc": null
      },
      "vangogh": {
        "count": 10,
        "style_swd": 1.8474825084209443,
        "content_ssim": 0.4573370010000001,
        "classifier_acc": null
      }
    },
    "monet": {
      "photo": {
        "count": 10,
        "style_swd": 1.784762966632843,
        "content_ssim": 0.322026164,
        "classifier_acc": null
      },
      "Hayao": {
        "count": 10,
        "style_swd": 2.066367930173874,
        "content_ssim": 0.33119505799999993,
        "classifier_acc": null
      },
      "monet": {
        "count": 10,
        "style_swd": 0.9322248250246048,
        "content_ssim": 0.35335059599999996,
        "classifier_acc": null
      },
      "cezanne": {
        "count": 10,
        "style_swd": 1.1132917076349258,
        "content_ssim": 0.34329054300000006,
        "classifier_acc": null
      },
      "vangogh": {
        "count": 10,
        "style_swd": 1.9262965857982635,
        "content_ssim": 0.354834701,
        "classifier_acc": null
      }
    },
    "cezanne": {
      "photo": {
        "count": 10,
        "style_swd": 1.7818160235881806,
        "content_ssim": 0.35086141499999995,
        "classifier_acc": null
      },
      "Hayao": {
        "count": 10,
        "style_swd": 1.970616841316223,
        "content_ssim": 0.389434772,
        "classifier_acc": null
      },
      "monet": {
        "count": 10,
        "style_swd": 0.939394262433052,
        "content_ssim": 0.415085266,
        "classifier_acc": null
      },
      "cezanne": {
        "count": 10,
        "style_swd": 1.1432634428143502,
        "content_ssim": 0.425269054,
        "classifier_acc": null
      },
      "vangogh": {
        "count": 10,
        "style_swd": 1.8426623404026032,
        "content_ssim": 0.41838538999999997,
        "classifier_acc": null
      }
    },
    "vangogh": {
      "photo": {
        "count": 10,
        "style_swd": 1.7903095602989196,
        "content_ssim": 0.262076424,
        "classifier_acc": null
      },
      "Hayao": {
        "count": 10,
        "style_swd": 2.022220975160599,
        "content_ssim": 0.271640918,
        "classifier_acc": null
      },
      "monet": {
        "count": 10,
        "style_swd": 0.9602408736944199,
        "content_ssim": 0.308141259,
        "classifier_acc": null
      },
      "cezanne": {
        "count": 10,
        "style_swd": 1.1556060373783112,
        "content_ssim": 0.316647855,
        "classifier_acc": null
      },
      "vangogh": {
        "count": 10,
        "style_swd": 1.6868297100067138,
        "content_ssim": 0.307870735,
        "classifier_acc": null
      }
    }
  },
  "analysis": {
    "style_transfer_ability": {
      "style_swd": 1.5805319415032866,
      "content_ssim": 0.348635041215,
      "classifier_acc": 0.0
    },
    "photo_to_art_performance": {
      "style_swd": 1.5841124780476092,
      "valid": true,
      "classifier_acc": 0.0
    }
  },
  "classification_report": null,
  "detailed_style_metrics": {}
}