epoch,loss_total,loss_style_swd,loss_style_swd_weighted,loss_mse,loss_mse_weighted,loss_layout,loss_mse_raw,learning_rate,epoch_time
1,7.096070,42.641671,1.344143,1.19e-05,0.00
2,3.115907,42.761381,1.093502,2.18e-05,0.00
3,2.951088,42.852240,0.939729,3.17e-05,0.00
4,2.950349,42.924508,0.859019,4.16e-05,0.00
5,2.960989,43.006982,0.807022,5.15e-05,0.00
6,2.969773,43.118056,0.768619,6.14e-05,0.00
