{
  "checkpoint": "../photo-monet/epoch_0350.pt",
  "timestamp": "2026-02-04 11:37:08",
  "matrix_breakdown": {
    "monet": {
      "monet": {
        "count": 90,
        "clip_style": 0.0,
        "style_lpips": 0.0,
        "content_lpips": 0.0,
        "clip_content": 0.0,
        "classifier_acc": 0.8666666666666667
      },
      "photo": {
        "count": 90,
        "clip_style": 0.0,
        "style_lpips": 0.0,
        "content_lpips": 0.0,
        "clip_content": 0.0,
        "classifier_acc": 0.06666666666666667
      }
    },
    "photo": {
      "monet": {
        "count": 90,
        "clip_style": 0.0,
        "style_lpips": 0.0,
        "content_lpips": 0.0,
        "clip_content": 0.0,
        "classifier_acc": 0.0
      },
      "photo": {
        "count": 90,
        "clip_style": 0.0,
        "style_lpips": 0.0,
        "content_lpips": 0.0,
        "clip_content": 0.0,
        "classifier_acc": 1.0
      }
    }
  },
  "analysis": {
    "style_transfer_ability": {
      "clip_style": 0.0,
      "content_lpips": 0.0,
      "classifier_acc": 0.03333333333333333
    },
    "photo_to_art_performance": {
      "clip_style": 0.0,
      "valid": true,
      "classifier_acc": 0.0
    }
  },
  "classification_report": {
    "cezanne": {
      "precision": 0.0,
      "recall": 0.0,
      "f1-score": 0.0,
      "support": 0.0
    },
    "monet": {
      "precision": 0.49056603773584906,
      "recall": 0.43333333333333335,
      "f1-score": 0.46017699115044247,
      "support": 60.0
    },
    "photo": {
      "precision": 0.5,
      "recall": 0.5333333333333333,
      "f1-score": 0.5161290322580645,
      "support": 60.0
    },
    "accuracy": 0.48333333333333334,
    "macro avg": {
      "precision": 0.330188679245283,
      "recall": 0.32222222222222224,
      "f1-score": 0.325435341136169,
      "support": 120.0
    },
    "weighted avg": {
      "precision": 0.49528301886792453,
      "recall": 0.48333333333333334,
      "f1-score": 0.48815301170425346,
      "support": 120.0
    }
  }
}