{
  "checkpoint": "..\\1swd-dit-2style\\epoch_0020.pt",
  "timestamp": "2026-02-23 17:38:17",
  "metrics_note": {
    "clip_dir": "cos( CLIP(gen)-CLIP(src), CLIP(target_style_proto)-CLIP(src) ) - Measures edit direction.",
    "clip_style": "cos( CLIP(gen), CLIP(target_style_proto) ) - Measures absolute style similarity.",
    "art_fid": "computed as (1 + fid_style) * (1 + content_lpips)"
  },
  "matrix_breakdown": {
    "photo": {
      "photo": {
        "count": 50,
        "clip_dir": 0.3160544218122959,
        "clip_style": 0.7913025069236755,
        "style_lpips": 0.7500340688228607,
        "content_lpips": 0.29634078700000005,
        "clip_content": 0.9027765569999998,
        "fid_style": null,
        "art_fid": null,
        "classifier_acc": null
      },
      "Hayao": {
        "count": 50,
        "clip_dir": 0.4808556270599365,
        "clip_style": 0.6074276959896088,
        "style_lpips": 0.7563931012153625,
        "content_lpips": 0.4009777341999999,
        "clip_content": 0.8515599396,
        "fid_style": null,
        "art_fid": null,
        "classifier_acc": null
      }
    },
    "Hayao": {
      "photo": {
        "count": 50,
        "clip_dir": 0.18213713370263576,
        "clip_style": 0.5127097964286804,
        "style_lpips": 0.7875200152397156,
        "content_lpips": 0.2780665198,
        "clip_content": 0.9232115996,
        "fid_style": null,
        "art_fid": null,
        "classifier_acc": null
      },
      "Hayao": {
        "count": 50,
        "clip_dir": 0.27066786736249926,
        "clip_style": 0.8480742204189301,
        "style_lpips": 0.7281673228740693,
        "content_lpips": 0.20123730427999997,
        "clip_content": 0.9440097956,
        "fid_style": null,
        "art_fid": null,
        "classifier_acc": null
      }
    }
  },
  "analysis": {
    "style_transfer_ability": {
      "clip_dir": 0.33149638038128615,
      "clip_style": 0.5600687462091446,
      "content_lpips": 0.33952212699999995,
      "art_fid": 0.0,
      "classifier_acc": 0.0
    },
    "photo_to_art_performance": {
      "clip_dir": 0.4808556270599365,
      "clip_style": 0.6074276959896088,
      "art_fid": 0.0,
      "valid": true,
      "classifier_acc": 0.0
    }
  },
  "classification_report": null,
  "detailed_style_metrics": {}
}