{
  "checkpoint": "../overfit50-style-distill-struct-v4/epoch_0040.pt",
  "timestamp": "2026-02-10 13:10:37",
  "matrix_breakdown": {
    "photo": {
      "photo": {
        "count": 50,
        "clip_style": 0.6043886995315552,
        "style_lpips": 0.7495629191398621,
        "content_lpips": 0.43213264180000005,
        "clip_content": 0.7765213237999999,
        "classifier_acc": 1.0
      },
      "Hayao": {
        "count": 50,
        "clip_style": 0.5382064127922058,
        "style_lpips": 0.753251906633377,
        "content_lpips": 0.4498841512000001,
        "clip_content": 0.7486000120000001,
        "classifier_acc": 0.28
      }
    },
    "Hayao": {
      "photo": {
        "count": 50,
        "clip_style": 0.4556173640489578,
        "style_lpips": 0.7778793001174926,
        "content_lpips": 0.41376001999999995,
        "clip_content": 0.8169489832,
        "classifier_acc": 0.84
      },
      "Hayao": {
        "count": 50,
        "clip_style": 0.69994145154953,
        "style_lpips": 0.7174092519283295,
        "content_lpips": 0.2586642836,
        "clip_content": 0.8880482576,
        "classifier_acc": 0.96
      }
    }
  },
  "analysis": {
    "style_transfer_ability": {
      "clip_style": 0.4969118884205818,
      "content_lpips": 0.4318220856,
      "classifier_acc": 0.56
    },
    "photo_to_art_performance": {
      "clip_style": 0.5382064127922058,
      "valid": true,
      "classifier_acc": 0.28
    }
  },
  "classification_report": {
    "Hayao": {
      "precision": 0.8857142857142857,
      "recall": 0.62,
      "f1-score": 0.7294117647058823,
      "support": 100.0
    },
    "photo": {
      "precision": 0.7076923076923077,
      "recall": 0.92,
      "f1-score": 0.8,
      "support": 100.0
    },
    "accuracy": 0.77,
    "macro avg": {
      "precision": 0.7967032967032968,
      "recall": 0.77,
      "f1-score": 0.7647058823529411,
      "support": 200.0
    },
    "weighted avg": {
      "precision": 0.7967032967032966,
      "recall": 0.77,
      "f1-score": 0.7647058823529411,
      "support": 200.0
    }
  },
  "detailed_style_metrics": {
    "Hayao": {
      "precision": 0.8857142857142857,
      "recall": 0.62,
      "f1_score": 0.7294117647058823,
      "support": 100
    },
    "photo": {
      "precision": 0.7076923076923077,
      "recall": 0.92,
      "f1_score": 0.8,
      "support": 100
    }
  }
}