{
  "checkpoint": "../photo-monet/epoch_0350.pt",
  "timestamp": "2026-02-03 14:53:58",
  "matrix_breakdown": {
    "monet": {
      "monet": {
        "count": 30,
        "clip_style": 0.5762493828932445,
        "style_lpips": 0.7379967947800954,
        "content_lpips": 0.444722201,
        "clip_content": 0.8333172303333335
      },
      "photo": {
        "count": 30,
        "clip_style": 0.7335345288117726,
        "style_lpips": 0.7050113360087077,
        "content_lpips": 0.4052584150000001,
        "clip_content": 0.8774945113333331
      }
    },
    "photo": {
      "monet": {
        "count": 30,
        "clip_style": 0.6029520114262898,
        "style_lpips": 0.7226987799008687,
        "content_lpips": 0.45738169766666664,
        "clip_content": 0.7587448433333335
      },
      "photo": {
        "count": 30,
        "clip_style": 0.5349392016728719,
        "style_lpips": 0.7453486104806264,
        "content_lpips": 0.3535217473333334,
        "clip_content": 0.8314458229999998
      }
    }
  },
  "analysis": {
    "style_transfer_ability": {
      "clip_style": 0.6682432701190313,
      "content_lpips": 0.43132005633333337
    },
    "photo_to_art_performance": {
      "clip_style": 0.6029520114262898,
      "valid": true
    }
  }
}