{
  "checkpoint": "../photo-monet/epoch_0300.pt",
  "timestamp": "2026-02-03 14:22:32",
  "matrix_breakdown": {
    "monet": {
      "monet": {
        "count": 30,
        "clip_style": 0.5873758395512899,
        "style_lpips": 0.7410763124624888,
        "content_lpips": 0.46326404366666674,
        "clip_content": 0.8097186316666668
      },
      "photo": {
        "count": 30,
        "clip_style": 0.7296834150950114,
        "style_lpips": 0.7054395278294882,
        "content_lpips": 0.40501627366666665,
        "clip_content": 0.8730618283333335
      }
    },
    "photo": {
      "monet": {
        "count": 30,
        "clip_style": 0.6069634000460307,
        "style_lpips": 0.7285767098267873,
        "content_lpips": 0.4854083930000001,
        "clip_content": 0.747953938
      },
      "photo": {
        "count": 30,
        "clip_style": 0.5352004418770472,
        "style_lpips": 0.7434858739376068,
        "content_lpips": 0.3626284106666667,
        "clip_content": 0.813599895
      }
    }
  },
  "analysis": {
    "style_transfer_ability": {
      "clip_style": 0.6683234075705211,
      "content_lpips": 0.4452123333333334
    },
    "photo_to_art_performance": {
      "clip_style": 0.6069634000460307,
      "valid": true
    }
  }
}