{
  "num_rounds": 2,
  "latest": {
    "epoch": 80,
    "summary_path": "..\\abl_no_adagn\\full_eval\\epoch_0080\\summary.json",
    "transfer_clip_style": 0.6973906821012498,
    "transfer_content_lpips": 0.54147574105,
    "transfer_fid": 312.5094776422771,
    "transfer_art_fid": 492.04662608023506,
    "transfer_classifier_acc": 0.0,
    "photo_to_art_clip_style": 0.6866014535228411,
    "photo_to_art_fid": 312.5094776422771,
    "photo_to_art_art_fid": 492.04662608023506,
    "photo_to_art_classifier_acc": 0.0
  },
  "mean": {
    "transfer_clip_style": 0.6914481560885907,
    "transfer_content_lpips": 0.5324214574083332,
    "transfer_fid": 308.72662945645345,
    "transfer_art_fid": 483.8511568004043,
    "transfer_classifier_acc": 0.0,
    "photo_to_art_clip_style": 0.6768094743291537,
    "photo_to_art_fid": 308.72662945645345,
    "photo_to_art_art_fid": 483.8511568004043,
    "photo_to_art_classifier_acc": 0.0
  },
  "best": {
    "best_transfer_classifier_acc": {
      "epoch": 40,
      "summary_path": "..\\abl_no_adagn\\full_eval\\epoch_0040\\summary.json",
      "transfer_clip_style": 0.6855056300759316,
      "transfer_content_lpips": 0.5233671737666666,
      "transfer_fid": 304.94378127062987,
      "transfer_art_fid": 475.6556875205735,
      "transfer_classifier_acc": 0.0,
      "photo_to_art_clip_style": 0.6670174951354663,
      "photo_to_art_fid": 304.94378127062987,
      "photo_to_art_art_fid": 475.6556875205735,
      "photo_to_art_classifier_acc": 0.0
    },
    "best_transfer_clip_style": {
      "epoch": 80,
      "summary_path": "..\\abl_no_adagn\\full_eval\\epoch_0080\\summary.json",
      "transfer_clip_style": 0.6973906821012498,
      "transfer_content_lpips": 0.54147574105,
      "transfer_fid": 312.5094776422771,
      "transfer_art_fid": 492.04662608023506,
      "transfer_classifier_acc": 0.0,
      "photo_to_art_clip_style": 0.6866014535228411,
      "photo_to_art_fid": 312.5094776422771,
      "photo_to_art_art_fid": 492.04662608023506,
      "photo_to_art_classifier_acc": 0.0
    },
    "best_transfer_fid": {
      "epoch": 40,
      "summary_path": "..\\abl_no_adagn\\full_eval\\epoch_0040\\summary.json",
      "transfer_clip_style": 0.6855056300759316,
      "transfer_content_lpips": 0.5233671737666666,
      "transfer_fid": 304.94378127062987,
      "transfer_art_fid": 475.6556875205735,
      "transfer_classifier_acc": 0.0,
      "photo_to_art_clip_style": 0.6670174951354663,
      "photo_to_art_fid": 304.94378127062987,
      "photo_to_art_art_fid": 475.6556875205735,
      "photo_to_art_classifier_acc": 0.0
    },
    "best_transfer_art_fid": {
      "epoch": 40,
      "summary_path": "..\\abl_no_adagn\\full_eval\\epoch_0040\\summary.json",
      "transfer_clip_style": 0.6855056300759316,
      "transfer_content_lpips": 0.5233671737666666,
      "transfer_fid": 304.94378127062987,
      "transfer_art_fid": 475.6556875205735,
      "transfer_classifier_acc": 0.0,
      "photo_to_art_clip_style": 0.6670174951354663,
      "photo_to_art_fid": 304.94378127062987,
      "photo_to_art_art_fid": 475.6556875205735,
      "photo_to_art_classifier_acc": 0.0
    },
    "best_photo_to_art_classifier_acc": {
      "epoch": 40,
      "summary_path": "..\\abl_no_adagn\\full_eval\\epoch_0040\\summary.json",
      "transfer_clip_style": 0.6855056300759316,
      "transfer_content_lpips": 0.5233671737666666,
      "transfer_fid": 304.94378127062987,
      "transfer_art_fid": 475.6556875205735,
      "transfer_classifier_acc": 0.0,
      "photo_to_art_clip_style": 0.6670174951354663,
      "photo_to_art_fid": 304.94378127062987,
      "photo_to_art_art_fid": 475.6556875205735,
      "photo_to_art_classifier_acc": 0.0
    },
    "best_photo_to_art_clip_style": {
      "epoch": 80,
      "summary_path": "..\\abl_no_adagn\\full_eval\\epoch_0080\\summary.json",
      "transfer_clip_style": 0.6973906821012498,
      "transfer_content_lpips": 0.54147574105,
      "transfer_fid": 312.5094776422771,
      "transfer_art_fid": 492.04662608023506,
      "transfer_classifier_acc": 0.0,
      "photo_to_art_clip_style": 0.6866014535228411,
      "photo_to_art_fid": 312.5094776422771,
      "photo_to_art_art_fid": 492.04662608023506,
      "photo_to_art_classifier_acc": 0.0
    },
    "best_photo_to_art_fid": {
      "epoch": 40,
      "summary_path": "..\\abl_no_adagn\\full_eval\\epoch_0040\\summary.json",
      "transfer_clip_style": 0.6855056300759316,
      "transfer_content_lpips": 0.5233671737666666,
      "transfer_fid": 304.94378127062987,
      "transfer_art_fid": 475.6556875205735,
      "transfer_classifier_acc": 0.0,
      "photo_to_art_clip_style": 0.6670174951354663,
      "photo_to_art_fid": 304.94378127062987,
      "photo_to_art_art_fid": 475.6556875205735,
      "photo_to_art_classifier_acc": 0.0
    },
    "best_photo_to_art_art_fid": {
      "epoch": 40,
      "summary_path": "..\\abl_no_adagn\\full_eval\\epoch_0040\\summary.json",
      "transfer_clip_style": 0.6855056300759316,
      "transfer_content_lpips": 0.5233671737666666,
      "transfer_fid": 304.94378127062987,
      "transfer_art_fid": 475.6556875205735,
      "transfer_classifier_acc": 0.0,
      "photo_to_art_clip_style": 0.6670174951354663,
      "photo_to_art_fid": 304.94378127062987,
      "photo_to_art_art_fid": 475.6556875205735,
      "photo_to_art_classifier_acc": 0.0
    },
    "best_transfer_content_lpips": {
      "epoch": 40,
      "summary_path": "..\\abl_no_adagn\\full_eval\\epoch_0040\\summary.json",
      "transfer_clip_style": 0.6855056300759316,
      "transfer_content_lpips": 0.5233671737666666,
      "transfer_fid": 304.94378127062987,
      "transfer_art_fid": 475.6556875205735,
      "transfer_classifier_acc": 0.0,
      "photo_to_art_clip_style": 0.6670174951354663,
      "photo_to_art_fid": 304.94378127062987,
      "photo_to_art_art_fid": 475.6556875205735,
      "photo_to_art_classifier_acc": 0.0
    }
  },
  "rounds": [
    {
      "epoch": 40,
      "summary_path": "..\\abl_no_adagn\\full_eval\\epoch_0040\\summary.json",
      "transfer_clip_style": 0.6855056300759316,
      "transfer_content_lpips": 0.5233671737666666,
      "transfer_fid": 304.94378127062987,
      "transfer_art_fid": 475.6556875205735,
      "transfer_classifier_acc": 0.0,
      "photo_to_art_clip_style": 0.6670174951354663,
      "photo_to_art_fid": 304.94378127062987,
      "photo_to_art_art_fid": 475.6556875205735,
      "photo_to_art_classifier_acc": 0.0
    },
    {
      "epoch": 80,
      "summary_path": "..\\abl_no_adagn\\full_eval\\epoch_0080\\summary.json",
      "transfer_clip_style": 0.6973906821012498,
      "transfer_content_lpips": 0.54147574105,
      "transfer_fid": 312.5094776422771,
      "transfer_art_fid": 492.04662608023506,
      "transfer_classifier_acc": 0.0,
      "photo_to_art_clip_style": 0.6866014535228411,
      "photo_to_art_fid": 312.5094776422771,
      "photo_to_art_art_fid": 492.04662608023506,
      "photo_to_art_classifier_acc": 0.0
    }
  ],
  "updated_at": "2026-03-19 00:48:24"
}