epoch,loss,distill,code,code_pred_norm,code_ref_norm,cycle,struct,edge,gram,gram_w,moment,stroke_gram,color_moment,push,delta_tv,style_spatial_tv,nce,semigroup,idt,w_cycle_eff,w_struct_eff,w_edge_eff,w_nce_eff,w_semigroup_eff,w_idt_eff,transfer_ratio,lr,epoch_time_sec
1,3.1068567832310996,0.03602685646769861,0.01284858956181955,0.27293416897776307,0.2767448403662251,0.0,0.0,0.0,0.0,0.0,0.0,0.027101982535133438,0.3309099116633015,0.19001821348423598,0.045427061449636215,0.08298220910051818,0.0,0.0,0.0,0.0,0.0,0.0,0.0,0.0,0.0,1.0,0.0001,175.88260459899902
2,2.781157224409042,0.13181150772718972,0.006142721373728046,0.3877662889739519,0.40013792149482236,0.0,0.0,0.0,0.0,0.0,0.0,0.024915933178397277,0.271757867387546,0.19408888578094463,0.15217968745417493,0.07785677941896582,0.0,0.0,0.0,0.0,0.0,0.0,0.0,0.0,0.0,1.0,9.999739554486184e-05,159.1140239238739
3,2.4604087670644126,0.21052267130023689,0.00579102328347583,0.6493121355131108,0.6536182043372943,0.0,0.0,0.0,0.0,0.0,0.0,0.023465000383395662,0.19925135109693773,0.18982580568521254,0.294903932479761,0.07663380546915916,0.0,0.0,0.0,0.0,0.0,0.0,0.0,0.0,0.0,1.0,9.998958246505517e-05,159.18219828605652
4,2.3145466120012346,0.2935207152879366,0.006794102650175812,0.8182014563391286,0.9213546716397808,0.0,0.0,0.0,0.0,0.0,0.0,0.022603154202462526,0.16008822259403044,0.18362321888887753,0.40632146580885814,0.07605474113777119,0.0,0.0,0.0,0.0,0.0,0.0,0.0,0.0,0.0,1.0,9.997656161737226e-05,162.86573457717896
5,2.3044232155687068,0.35673493307123905,0.006637343403292439,0.8864856134819729,1.1491086476592607,0.0,0.0,0.0,0.0,0.0,0.0,0.02227165087336494,0.15231297413508096,0.1794399366744103,0.4402327468638779,0.07574509516839058,0.0,0.0,0.0,0.0,0.0,0.0,0.0,0.0,0.0,1.0,9.995833442969578e-05,158.63753724098206
6,2.3161719742641655,0.36973016797214425,0.006671895858861746,0.936795848672108,1.2473232931988214,0.5833054191322737,0.45551004509131116,1.2853793360853707,0.0,0.0,0.0,0.021992983276485113,0.1479425543658836,0.1747313274811673,0.421313176071772,0.07551546206557623,0.0,0.16915052105742756,0.0,0.013333333656191826,0.013333333656191826,0.019999999552965164,0.0,0.0026666666381061077,0.0,1.0,9.993490290084226e-05,3223.9270765781403
