{
  "checkpoint": "../50-probability-4.5-on-hayao/epoch_0040.pt",
  "timestamp": "2026-02-09 00:28:50",
  "metric_status": {
    "lpips_enabled": true,
    "classifier_enabled": true
  },
  "matrix_breakdown": {
    "photo": {
      "photo": {
        "count": 50,
        "clip_style": 0.6131143355369568,
        "style_lpips": 0.7450620460510254,
        "content_lpips": 0.3897906843999999,
        "clip_content": 0.7804057528,
        "classifier_acc": 1.0
      },
      "Hayao": {
        "count": 50,
        "clip_style": 0.5073165535926819,
        "style_lpips": 0.7886558389663696,
        "content_lpips": 0.38670199800000005,
        "clip_content": 0.8063641866000001,
        "classifier_acc": 0.42
      }
    },
    "Hayao": {
      "photo": {
        "count": 50,
        "clip_style": 0.4640963047742844,
        "style_lpips": 0.8018748795986176,
        "content_lpips": 0.3108951914,
        "clip_content": 0.841034961,
        "classifier_acc": 1.0
      },
      "Hayao": {
        "count": 50,
        "clip_style": 0.7159960949420929,
        "style_lpips": 0.7301378464698791,
        "content_lpips": 0.2328772792,
        "clip_content": 0.9178245530000001,
        "classifier_acc": 0.56
      }
    }
  },
  "analysis": {
    "style_transfer_ability": {
      "clip_style": 0.48570642918348317,
      "content_lpips": 0.3487985947,
      "classifier_acc": 0.71
    },
    "photo_to_art_performance": {
      "clip_style": 0.5073165535926819,
      "valid": true,
      "classifier_acc": 0.42
    }
  },
  "classification_report": {
    "Hayao": {
      "precision": 1.0,
      "recall": 0.49,
      "f1-score": 0.6577181208053692,
      "support": 100.0
    },
    "photo": {
      "precision": 0.6622516556291391,
      "recall": 1.0,
      "f1-score": 0.796812749003984,
      "support": 100.0
    },
    "accuracy": 0.745,
    "macro avg": {
      "precision": 0.8311258278145696,
      "recall": 0.745,
      "f1-score": 0.7272654349046765,
      "support": 200.0
    },
    "weighted avg": {
      "precision": 0.8311258278145695,
      "recall": 0.745,
      "f1-score": 0.7272654349046767,
      "support": 200.0
    }
  },
  "detailed_style_metrics": {
    "Hayao": {
      "precision": 1.0,
      "recall": 0.49,
      "f1_score": 0.6577181208053692,
      "support": 100
    },
    "photo": {
      "precision": 0.6622516556291391,
      "recall": 1.0,
      "f1_score": 0.796812749003984,
      "support": 100
    }
  }
}