{
  "checkpoint": "..\\exp_D_impasto_tv\\epoch_0060.pt",
  "timestamp": "2026-02-26 05:00:50",
  "metrics_note": {
    "clip_dir": "cos( CLIP(gen)-CLIP(src), CLIP(target_style_proto)-CLIP(src) ) - Measures edit direction.",
    "clip_style": "cos( CLIP(gen), CLIP(target_style_proto) ) - Measures absolute style similarity.",
    "fid_baseline": "FID between source-domain images and target-style references.",
    "fid": "FID between generated images and target-style real references (Inception features).",
    "delta_fid": "fid_baseline - fid (higher is better).",
    "delta_fid_ratio": "delta_fid / fid_baseline (relative improvement ratio).",
    "art_fid": "computed as (1 + fid_style) * (1 + content_lpips)"
  },
  "matrix_breakdown": {
    "photo": {
      "photo": {
        "count": 30,
        "clip_dir": 0.42068696866432825,
        "clip_style": 0.8071579058965047,
        "style_lpips": 0.747439181804657,
        "content_lpips": 0.33519252266666666,
        "clip_content": 0.8767015613333332,
        "fid_style": null,
        "art_fid": null,
        "fid_baseline": null,
        "delta_fid": null,
        "delta_fid_ratio": null,
        "classifier_acc": null
      },
      "Hayao": {
        "count": 30,
        "clip_dir": 0.478813969095548,
        "clip_style": 0.6018910149733225,
        "style_lpips": 0.7542351226011912,
        "content_lpips": 0.4039003056666665,
        "clip_content": 0.8469401616666665,
        "fid_style": 325.85812991357875,
        "art_fid": 458.8762284953082,
        "fid_baseline": 334.729000932728,
        "delta_fid": 8.870871019149263,
        "delta_fid_ratio": 0.026501650572344885,
        "classifier_acc": null
      },
      "monet": {
        "count": 30,
        "clip_dir": 0.33222330262263616,
        "clip_style": 0.61862799624602,
        "style_lpips": 0.7471394081910451,
        "content_lpips": 0.31961786866666664,
        "clip_content": 0.8915032466666666,
        "fid_style": 225.5593395468435,
        "art_fid": 298.97175277933326,
        "fid_baseline": 237.55478896111822,
        "delta_fid": 11.99544941427473,
        "delta_fid_ratio": 0.05049550660179739,
        "classifier_acc": null
      },
      "vangogh": {
        "count": 30,
        "clip_dir": 0.45438093443711597,
        "clip_style": 0.6570163687070211,
        "style_lpips": 0.7977326293786366,
        "content_lpips": 0.4502145296666667,
        "clip_content": 0.8467632776666668,
        "fid_style": 309.08563250021734,
        "art_fid": 449.6906896926935,
        "fid_baseline": 313.3414404549672,
        "delta_fid": 4.255807954749855,
        "delta_fid_ratio": 0.013582014394809968,
        "classifier_acc": null
      },
      "cezanne": {
        "count": 30,
        "clip_dir": 0.40251955687999724,
        "clip_style": 0.6126483380794525,
        "style_lpips": 0.7551785131295522,
        "content_lpips": 0.374921703,
        "clip_content": 0.8688161846666665,
        "fid_style": 296.47546163391996,
        "art_fid": 409.00546831042044,
        "fid_baseline": 317.94764662800304,
        "delta_fid": 21.47218499408308,
        "delta_fid_ratio": 0.06753371261528919,
        "classifier_acc": null
      }
    },
    "Hayao": {
      "photo": {
        "count": 30,
        "clip_dir": 0.284110327064991,
        "clip_style": 0.5444285492102305,
        "style_lpips": 0.7885199268658956,
        "content_lpips": 0.32297334333333333,
        "clip_content": 0.908352679,
        "fid_style": null,
        "art_fid": null,
        "fid_baseline": null,
        "delta_fid": null,
        "delta_fid_ratio": null,
        "classifier_acc": null
      },
      "Hayao": {
        "count": 30,
        "clip_dir": 0.3026674520224333,
        "clip_style": 0.8550303240617116,
        "style_lpips": 0.7259301761786143,
        "content_lpips": 0.19714127000000004,
        "clip_content": 0.9400726613333333,
        "fid_style": null,
        "art_fid": null,
        "fid_baseline": null,
        "delta_fid": null,
        "delta_fid_ratio": null,
        "classifier_acc": null
      },
      "monet": {
        "count": 30,
        "clip_dir": 0.21721451890965301,
        "clip_style": 0.47319408555825554,
        "style_lpips": 0.7879149198532105,
        "content_lpips": 0.288508628,
        "clip_content": 0.9190147426666666,
        "fid_style": null,
        "art_fid": null,
        "fid_baseline": null,
        "delta_fid": null,
        "delta_fid_ratio": null,
        "classifier_acc": null
      },
      "vangogh": {
        "count": 30,
        "clip_dir": 0.3494874974091848,
        "clip_style": 0.5783830245335897,
        "style_lpips": 0.7942715565363566,
        "content_lpips": 0.36913106100000004,
        "clip_content": 0.8716871696666667,
        "fid_style": null,
        "art_fid": null,
        "fid_baseline": null,
        "delta_fid": null,
        "delta_fid_ratio": null,
        "classifier_acc": null
      },
      "cezanne": {
        "count": 30,
        "clip_dir": 0.20841098055243493,
        "clip_style": 0.5089233348766963,
        "style_lpips": 0.7679163058598836,
        "content_lpips": 0.28063471166666676,
        "clip_content": 0.9229233859999998,
        "fid_style": null,
        "art_fid": null,
        "fid_baseline": null,
        "delta_fid": null,
        "delta_fid_ratio": null,
        "classifier_acc": null
      }
    },
    "monet": {
      "photo": {
        "count": 30,
        "clip_dir": 0.498538139462471,
        "clip_style": 0.7254580636819203,
        "style_lpips": 0.7581227878729503,
        "content_lpips": 0.37008137933333335,
        "clip_content": 0.8663346323333333,
        "fid_style": null,
        "art_fid": null,
        "fid_baseline": null,
        "delta_fid": null,
        "delta_fid_ratio": null,
        "classifier_acc": null
      },
      "Hayao": {
        "count": 30,
        "clip_dir": 0.46535083254178367,
        "clip_style": 0.5909949153661728,
        "style_lpips": 0.7582825700441996,
        "content_lpips": 0.41719421933333334,
        "clip_content": 0.8534085096666668,
        "fid_style": null,
        "art_fid": null,
        "fid_baseline": null,
        "delta_fid": null,
        "delta_fid_ratio": null,
        "classifier_acc": null
      },
      "monet": {
        "count": 30,
        "clip_dir": 0.2973560762902101,
        "clip_style": 0.8317766765753428,
        "style_lpips": 0.7076693177223206,
        "content_lpips": 0.3387802683333333,
        "clip_content": 0.894662675,
        "fid_style": null,
        "art_fid": null,
        "fid_baseline": null,
        "delta_fid": null,
        "delta_fid_ratio": null,
        "classifier_acc": null
      },
      "vangogh": {
        "count": 30,
        "clip_dir": 0.39074869801600776,
        "clip_style": 0.796230036020279,
        "style_lpips": 0.7697854737440745,
        "content_lpips": 0.42097402199999995,
        "clip_content": 0.8444510376666667,
        "fid_style": null,
        "art_fid": null,
        "fid_baseline": null,
        "delta_fid": null,
        "delta_fid_ratio": null,
        "classifier_acc": null
      },
      "cezanne": {
        "count": 30,
        "clip_dir": 0.3394441485404968,
        "clip_style": 0.7922049462795258,
        "style_lpips": 0.7281949897607167,
        "content_lpips": 0.35934974100000006,
        "clip_content": 0.8810241936666666,
        "fid_style": null,
        "art_fid": null,
        "fid_baseline": null,
        "delta_fid": null,
        "delta_fid_ratio": null,
        "classifier_acc": null
      }
    },
    "vangogh": {
      "photo": {
        "count": 30,
        "clip_dir": 0.4447051038344701,
        "clip_style": 0.6835047165552776,
        "style_lpips": 0.762362140417099,
        "content_lpips": 0.3908961856666666,
        "clip_content": 0.8612391546666666,
        "fid_style": null,
        "art_fid": null,
        "fid_baseline": null,
        "delta_fid": null,
        "delta_fid_ratio": null,