{
  "checkpoint": "../50-probability-balance-v2/epoch_0020.pt",
  "timestamp": "2026-02-09 00:59:11",
  "metric_status": {
    "lpips_enabled": true,
    "classifier_enabled": true
  },
  "matrix_breakdown": {
    "photo": {
      "photo": {
        "count": 50,
        "clip_style": 0.6358013367652893,
        "style_lpips": 0.7512794697284698,
        "content_lpips": 0.3013101644,
        "clip_content": 0.8935718993999998,
        "classifier_acc": 0.96
      },
      "Hayao": {
        "count": 50,
        "clip_style": 0.49053595125675203,
        "style_lpips": 0.7982537627220154,
        "content_lpips": 0.3357483602,
        "clip_content": 0.8579817045999999,
        "classifier_acc": 0.06
      }
    },
    "Hayao": {
      "photo": {
        "count": 50,
        "clip_style": 0.42474487364292146,
        "style_lpips": 0.8017911267280579,
        "content_lpips": 0.2214337838,
        "clip_content": 0.9122190725999998,
        "classifier_acc": 0.64
      },
      "Hayao": {
        "count": 50,
        "clip_style": 0.7145223367214203,
        "style_lpips": 0.7306353604793548,
        "content_lpips": 0.23199781780000003,
        "clip_content": 0.9119891405999999,
        "classifier_acc": 0.34
      }
    }
  },
  "analysis": {
    "style_transfer_ability": {
      "clip_style": 0.4576404124498368,
      "content_lpips": 0.278591072,
      "classifier_acc": 0.35
    },
    "photo_to_art_performance": {
      "clip_style": 0.49053595125675203,
      "valid": true,
      "classifier_acc": 0.06
    }
  },
  "classification_report": {
    "Hayao": {
      "precision": 0.5,
      "recall": 0.2,
      "f1-score": 0.2857142857142857,
      "support": 100.0
    },
    "photo": {
      "precision": 0.5,
      "recall": 0.8,
      "f1-score": 0.6153846153846154,
      "support": 100.0
    },
    "accuracy": 0.5,
    "macro avg": {
      "precision": 0.5,
      "recall": 0.5,
      "f1-score": 0.45054945054945056,
      "support": 200.0
    },
    "weighted avg": {
      "precision": 0.5,
      "recall": 0.5,
      "f1-score": 0.4505494505494505,
      "support": 200.0
    }
  },
  "detailed_style_metrics": {
    "Hayao": {
      "precision": 0.5,
      "recall": 0.2,
      "f1_score": 0.2857142857142857,
      "support": 100
    },
    "photo": {
      "precision": 0.5,
      "recall": 0.8,
      "f1_score": 0.6153846153846154,
      "support": 100
    }
  }
}