{
  "checkpoint": "../FP32-ode/epoch_0050.pt",
  "timestamp": "2026-01-31 14:52:32",
  "matrix_breakdown": {
    "monet": {
      "monet": {
        "count": 30,
        "clip_style": 0.6178592728575069,
        "style_lpips": 0.7467148169676464,
        "content_lpips": 0.6516359249750773,
        "clip_content": 0.6426233410835266
      },
      "photo": {
        "count": 30,
        "clip_style": 0.581732352356116,
        "style_lpips": 0.7721192103226981,
        "content_lpips": 0.6599686543146769,
        "clip_content": 0.6800164361794789
      },
      "vangogh": {
        "count": 30,
        "clip_style": 0.6222713841795922,
        "style_lpips": 0.7759239386717479,
        "content_lpips": 0.6715101897716522,
        "clip_content": 0.6254519095023473
      },
      "cezanne": {
        "count": 30,
        "clip_style": 0.5805841153462727,
        "style_lpips": 0.7537942812045416,
        "content_lpips": 0.6604442218939464,
        "clip_content": 0.6204322159290314
      }
    },
    "photo": {
      "monet": {
        "count": 30,
        "clip_style": 0.5742940794229507,
        "style_lpips": 0.7567958004872003,
        "content_lpips": 0.699089789390564,
        "clip_content": 0.5962285687526067
      },
      "photo": {
        "count": 30,
        "clip_style": 0.5892340680559477,
        "style_lpips": 0.741567958096663,
        "content_lpips": 0.40098498364289603,
        "clip_content": 0.7622407774130503
      },
      "vangogh": {
        "count": 30,
        "clip_style": 0.5960353517532347,
        "style_lpips": 0.7801938616434733,
        "content_lpips": 0.7102215389410654,
        "clip_content": 0.5962490886449814
      },
      "cezanne": {
        "count": 30,
        "clip_style": 0.560745009382566,
        "style_lpips": 0.7533625621398287,
        "content_lpips": 0.6834019482135772,
        "clip_content": 0.6122257739305497
      }
    },
    "vangogh": {
      "monet": {
        "count": 30,
        "clip_style": 0.5921817993919054,
        "style_lpips": 0.7512905087471007,
        "content_lpips": 0.6496531466643015,
        "clip_content": 0.6603922963142395
      },
      "photo": {
        "count": 30,
        "clip_style": 0.5719615982770919,
        "style_lpips": 0.7925264398654303,
        "content_lpips": 0.6943190097808838,
        "clip_content": 0.664115705092748
      },
      "vangogh": {
        "count": 30,
        "clip_style": 0.621337577342987,
        "style_lpips": 0.7635832488536834,
        "content_lpips": 0.6526816725730896,
        "clip_content": 0.6610014120737712
      },
      "cezanne": {
        "count": 30,
        "clip_style": 0.5882616433898608,
        "style_lpips": 0.7495056039889653,
        "content_lpips": 0.6394471963246663,
        "clip_content": 0.6640747050444286
      }
    },
    "cezanne": {
      "monet": {
        "count": 30,
        "clip_style": 0.5901009502410889,
        "style_lpips": 0.7521450005769731,
        "content_lpips": 0.6444333891073862,
        "clip_content": 0.6031656265258789
      },
      "photo": {
        "count": 30,
        "clip_style": 0.567138335665067,
        "style_lpips": 0.7714313458204269,
        "content_lpips": 0.6682224571704865,
        "clip_content": 0.6620811402797699
      },
      "vangogh": {
        "count": 30,
        "clip_style": 0.6181279596288999,
        "style_lpips": 0.7725352644125622,
        "content_lpips": 0.6514507869879405,
        "clip_content": 0.6059268057346344
      },
      "cezanne": {
        "count": 30,
        "clip_style": 0.5773326728741328,
        "style_lpips": 0.7437460437615714,
        "content_lpips": 0.6167786240577697,
        "clip_content": 0.6068555374940237
      }
    }
  },
  "analysis": {
    "style_transfer_ability": {
      "clip_style": 0.5869528815862205,
      "content_lpips": 0.669346860713429
    },
    "photo_to_art_performance": {
      "clip_style": 0.5770248135195839,
      "valid": true
    }
  }
}