epoch,loss,swd,color,identity,identity_ratio,lr,data_time_sec,transfer_time_sec,fwd_loss_time_sec,backward_time_sec,optimizer_time_sec,step_overhead_time_sec,compute_time_sec,epoch_time_sec,samples_seen,samples_per_sec,compute_samples_per_sec
1,138.7976837158203,0.3038078844547272,1.553963541984558,0.06758254766464233,0.20205079019069672,4.1666666666666665e-05,0.4890550998970866,0.004920099629089236,75.8145593003137,11.202860200079158,0.31282889971043915,0.049801400396972895,87.33516849973239,90.20170474052429,10240,113.52335334965733,117.24944459266003
2,113.7384033203125,0.27195245027542114,1.1692484617233276,0.17709901928901672,0.20400391519069672,8.333333333333333e-05,0.4767769001191482,0.004797599511221051,70.79789059981704,4.710215499741025,0.27903149963822216,0.04805010126437992,75.7919351987075,78.63842630386353,10240,130.21623754819348,135.10672307222768
3,102.51253509521484,0.24575328826904297,1.0375539064407349,0.2968393862247467,0.20283202826976776,0.000125,0.4770874996902421,0.004749400308355689,70.97492940025404,4.699154799687676,0.28129999979864806,0.050536799943074584,75.96013360004872,78.81749939918518,10240,129.92038669151006,134.80755647319492
4,97.99569702148438,0.23347711563110352,0.9975061416625977,0.2849927246570587,0.20126953721046448,0.00016666666666666666,0.5505108006764203,0.004777000052854419,70.95094250002876,4.7087961997604,0.2794816001551226,0.04860100010409951,75.94399729999714,78.88019061088562,10240,129.8171305203066,134.83619988489053
5,93.58309173583984,0.2251497060060501,0.9422611594200134,0.28802064061164856,0.20097656548023224,0.00020833333333333335,0.4838058000896126,0.004883099813014269,71.33773479994852,4.680690399836749,0.2852553005795926,0.048513899790123105,76.30856360017788,79.26257705688477,10240,129.1908537449017,134.19201616286392
6,92.0618896484375,0.22558151185512543,0.9081220030784607,0.3079001307487488,0.19882813096046448,0.00025,0.540222100331448,0.004796600202098489,70.80044699960854,4.646821100614034,0.27902530028950423,0.04856219899374992,75.73109000071418,78.64694237709045,10240,130.20213743214603,135.2152728807077
