{
  "checkpoint": "G:\\GitHub\\Latent_Style\\Cycle-NCE\\ssim-optun-nce\\trial_0215\\epoch_0001.pt",
  "timestamp": "2026-02-20 12:27:03",
  "matrix_breakdown": {
    "photo": {
      "photo": {
        "count": 10,
        "style_swd": 1.8400531888008118,
        "content_ssim": 0.325741863,
        "classifier_acc": null
      },
      "Hayao": {
        "count": 10,
        "style_swd": 2.209969609975815,
        "content_ssim": 0.34645284800000004,
        "classifier_acc": null
      },
      "monet": {
        "count": 10,
        "style_swd": 1.0843638211488724,
        "content_ssim": 0.338490859,
        "classifier_acc": null
      },
      "cezanne": {
        "count": 10,
        "style_swd": 1.1799114763736724,
        "content_ssim": 0.324367072,
        "classifier_acc": null
      },
      "vangogh": {
        "count": 10,
        "style_swd": 2.262256622314453,
        "content_ssim": 0.31656824100000003,
        "classifier_acc": null
      }
    },
    "Hayao": {
      "photo": {
        "count": 10,
        "style_swd": 1.844776314496994,
        "content_ssim": 0.4699748570000001,
        "classifier_acc": null
      },
      "Hayao": {
        "count": 10,
        "style_swd": 1.930426949262619,
        "content_ssim": 0.49650468,
        "classifier_acc": null
      },
      "monet": {
        "count": 10,
        "style_swd": 1.1685907155275346,
        "content_ssim": 0.579872026,
        "classifier_acc": null
      },
      "cezanne": {
        "count": 10,
        "style_swd": 1.2009572595357896,
        "content_ssim": 0.5711056840000001,
        "classifier_acc": null
      },
      "vangogh": {
        "count": 10,
        "style_swd": 2.176527339220047,
        "content_ssim": 0.5405108080000001,
        "classifier_acc": null
      }
    },
    "monet": {
      "photo": {
        "count": 10,
        "style_swd": 1.8838321685791015,
        "content_ssim": 0.326392693,
        "classifier_acc": null
      },
      "Hayao": {
        "count": 10,
        "style_swd": 2.3152332246303557,
        "content_ssim": 0.409733857,
        "classifier_acc": null
      },
      "monet": {
        "count": 10,
        "style_swd": 1.1120760142803192,
        "content_ssim": 0.381637277,
        "classifier_acc": null
      },
      "cezanne": {
        "count": 10,
        "style_swd": 0.979769018292427,
        "content_ssim": 0.316569109,
        "classifier_acc": null
      },
      "vangogh": {
        "count": 10,
        "style_swd": 2.2262576699256895,
        "content_ssim": 0.33980020999999994,
        "classifier_acc": null
      }
    },
    "cezanne": {
      "photo": {
        "count": 10,
        "style_swd": 1.8207687497138978,
        "content_ssim": 0.384168704,
        "classifier_acc": null
      },
      "Hayao": {
        "count": 10,
        "style_swd": 1.995828002691269,
        "content_ssim": 0.486328175,
        "classifier_acc": null
      },
      "monet": {
        "count": 10,
        "style_swd": 1.1055509209632874,
        "content_ssim": 0.46226270100000005,
        "classifier_acc": null
      },
      "cezanne": {
        "count": 10,
        "style_swd": 1.0052703946828843,
        "content_ssim": 0.416304611,
        "classifier_acc": null
      },
      "vangogh": {
        "count": 10,
        "style_swd": 2.0776315212249754,
        "content_ssim": 0.425128434,
        "classifier_acc": null
      }
    },
    "vangogh": {
      "photo": {
        "count": 10,
        "style_swd": 1.8988802015781403,
        "content_ssim": 0.271169994,
        "classifier_acc": null
      },
      "Hayao": {
        "count": 10,
        "style_swd": 1.8365553706884383,
        "content_ssim": 0.388743676,
        "classifier_acc": null
      },
      "monet": {
        "count": 10,
        "style_swd": 1.1634971350431442,
        "content_ssim": 0.346201351,
        "classifier_acc": null
      },
      "cezanne": {
        "count": 10,
        "style_swd": 0.9763114780187607,
        "content_ssim": 0.311233222,
        "classifier_acc": null
      },
      "vangogh": {
        "count": 10,
        "style_swd": 1.9557177364826202,
        "content_ssim": 0.31430458899999997,
        "classifier_acc": null
      }
    }
  },
  "analysis": {
    "style_transfer_ability": {
      "style_swd": 1.6703734309971332,
      "content_ssim": 0.39775372605000003,
      "classifier_acc": 0.0
    },
    "photo_to_art_performance": {
      "style_swd": 1.6841253824532032,
      "valid": true,
      "classifier_acc": 0.0
    }
  },
  "classification_report": null,
  "detailed_style_metrics": {}
}