{
  "checkpoint": "/mnt/g/GitHub/Latent_Style/Cycle-NCE/style_ablation-50/bundle_style_up/epoch_0050.pt",
  "timestamp": "2026-02-14 16:53:26",
  "matrix_breakdown": {
    "photo": {
      "photo": {
        "count": 50,
        "clip_style": 0.6333968162536621,
        "style_lpips": 0.7382092893123626,
        "content_lpips": 0.45607523839999997,
        "clip_content": 0.7852637312000001,
        "classifier_acc": 0.9
      },
      "Hayao": {
        "count": 50,
        "clip_style": 0.5435919207334519,
        "style_lpips": 0.735794632434845,
        "content_lpips": 0.5049045618,
        "clip_content": 0.7379249665999998,
        "classifier_acc": 0.22
      }
    },
    "Hayao": {
      "photo": {
        "count": 50,
        "clip_style": 0.4749160158634186,
        "style_lpips": 0.7636605989933014,
        "content_lpips": 0.40644673,
        "clip_content": 0.8203675822,
        "classifier_acc": 0.1
      },
      "Hayao": {
        "count": 50,
        "clip_style": 0.6899701297283173,
        "style_lpips": 0.7118876671791077,
        "content_lpips": 0.3427650320000001,
        "clip_content": 0.8431775648000002,
        "classifier_acc": 0.94
      }
    }
  },
  "analysis": {
    "style_transfer_ability": {
      "clip_style": 0.5092539682984352,
      "content_lpips": 0.4556756459,
      "classifier_acc": 0.16
    },
    "photo_to_art_performance": {
      "clip_style": 0.5435919207334519,
      "valid": true,
      "classifier_acc": 0.22
    }
  },
  "classification_report": {
    "Hayao": {
      "precision": 0.5370370370370371,
      "recall": 0.58,
      "f1-score": 0.5576923076923077,
      "support": 100.0
    },
    "photo": {
      "precision": 0.5434782608695652,
      "recall": 0.5,
      "f1-score": 0.5208333333333334,
      "support": 100.0
    },
    "accuracy": 0.54,
    "macro avg": {
      "precision": 0.5402576489533011,
      "recall": 0.54,
      "f1-score": 0.5392628205128205,
      "support": 200.0
    },
    "weighted avg": {
      "precision": 0.5402576489533011,
      "recall": 0.54,
      "f1-score": 0.5392628205128206,
      "support": 200.0
    }
  },
  "detailed_style_metrics": {
    "Hayao": {
      "precision": 0.5370370370370371,
      "recall": 0.58,
      "f1_score": 0.5576923076923077,
      "support": 100
    },
    "photo": {
      "precision": 0.5434782608695652,
      "recall": 0.5,
      "f1_score": 0.5208333333333334,
      "support": 100
    }
  }
}