{
  "checkpoint": "../AdaGN-patch-1259/epoch_0100.pt",
  "timestamp": "2026-01-31 20:20:44",
  "matrix_breakdown": {
    "monet": {
      "monet": {
        "count": 30,
        "clip_style": 0.676631993552049,
        "style_lpips": 0.7153408606449763,
        "content_lpips": 0.5347048143545786,
        "clip_content": 0.7460203568140665
      },
      "photo": {
        "count": 30,
        "clip_style": 0.5731939080754915,
        "style_lpips": 0.7658039649724963,
        "content_lpips": 0.5331592758496603,
        "clip_content": 0.7623984634876251
      },
      "vangogh": {
        "count": 30,
        "clip_style": 0.6614959451357525,
        "style_lpips": 0.7600859591960909,
        "content_lpips": 0.5648703873157501,
        "clip_content": 0.727828198671341
      },
      "cezanne": {
        "count": 30,
        "clip_style": 0.6314046757022539,
        "style_lpips": 0.7362712932825087,
        "content_lpips": 0.5606437265872956,
        "clip_content": 0.7247641821702321
      }
    },
    "photo": {
      "monet": {
        "count": 30,
        "clip_style": 0.5836067522565523,
        "style_lpips": 0.7333304196198782,
        "content_lpips": 0.5610022018353145,
        "clip_content": 0.6856389393409094
      },
      "photo": {
        "count": 30,
        "clip_style": 0.5885077887972197,
        "style_lpips": 0.7394309403300284,
        "content_lpips": 0.39040068884690604,
        "clip_content": 0.7665148834387462
      },
      "vangogh": {
        "count": 30,
        "clip_style": 0.5985678799748422,
        "style_lpips": 0.7718800205787023,
        "content_lpips": 0.5844599843025208,
        "clip_content": 0.6765129605929057
      },
      "cezanne": {
        "count": 30,
        "clip_style": 0.5523897312482198,
        "style_lpips": 0.7460678824583691,
        "content_lpips": 0.5427430291970571,
        "clip_content": 0.6848690609137217
      }
    },
    "vangogh": {
      "monet": {
        "count": 30,
        "clip_style": 0.6637566332022349,
        "style_lpips": 0.7288829774061838,
        "content_lpips": 0.5320404062668482,
        "clip_content": 0.7787245055039723
      },
      "photo": {
        "count": 30,
        "clip_style": 0.5529592466751735,
        "style_lpips": 0.7943302177190781,
        "content_lpips": 0.559871593117714,
        "clip_content": 0.7474840740362804
      },
      "vangogh": {
        "count": 30,
        "clip_style": 0.6721938771804175,
        "style_lpips": 0.7482476538419723,
        "content_lpips": 0.5503476123015086,
        "clip_content": 0.7538889666398366
      },
      "cezanne": {
        "count": 30,
        "clip_style": 0.6437439405123393,
        "style_lpips": 0.741728873848915,
        "content_lpips": 0.5578926563262939,
        "clip_content": 0.7516395628452301
      }
    },
    "cezanne": {
      "monet": {
        "count": 30,
        "clip_style": 0.6394154847860335,
        "style_lpips": 0.7255196165243786,
        "content_lpips": 0.5251092404127121,
        "clip_content": 0.7194298287232717
      },
      "photo": {
        "count": 30,
        "clip_style": 0.5378833807508151,
        "style_lpips": 0.7645962219238283,
        "content_lpips": 0.5468473454316457,
        "clip_content": 0.7484997789065043
      },
      "vangogh": {
        "count": 30,
        "clip_style": 0.6427749280730882,
        "style_lpips": 0.7566561822096508,
        "content_lpips": 0.5457111517588298,
        "clip_content": 0.7053928514321645
      },
      "cezanne": {
        "count": 30,
        "clip_style": 0.6319445819656054,
        "style_lpips": 0.7289253247976302,
        "content_lpips": 0.5337780912717184,
        "clip_content": 0.7099175572395324
      }
    }
  },
  "analysis": {
    "style_transfer_ability": {
      "clip_style": 0.6067660421993996,
      "content_lpips": 0.5511959165334702
    },
    "photo_to_art_performance": {
      "clip_style": 0.5781881211598715,
      "valid": true
    }
  }
}