epoch,loss_total,loss_style_swd,loss_style_swd_weighted,loss_mse,loss_mse_weighted,loss_layout,loss_mse_raw,learning_rate,epoch_time
46,3.004333,4.264946,38.848556,9.89e-05,0.00
47,2.994347,4.257699,38.265795,9.88e-05,0.00
48,3.001101,4.256011,38.104204,9.87e-05,0.00
49,3.002729,4.258840,37.967289,9.86e-05,0.00
50,2.999838,4.253598,37.702376,9.85e-05,0.00
51,2.995683,4.253685,37.269313,9.84e-05,0.00
