{
  "checkpoint": "..\\exp_S1_zero_id\\epoch_0150.pt",
  "timestamp": "2026-03-03 05:33:38",
  "metrics_note": {
    "clip_dir": "cos( CLIP(gen)-CLIP(src), CLIP(target_style_proto)-CLIP(src) ) - Measures edit direction.",
    "clip_style": "cos( CLIP(gen), CLIP(target_style_proto) ) - Measures absolute style similarity.",
    "fid_baseline": "FID between source-domain images and target-style references.",
    "fid": "FID between generated images and target-style real references (Inception features).",
    "delta_fid": "fid_baseline - fid (higher is better).",
    "delta_fid_ratio": "delta_fid / fid_baseline (relative improvement ratio).",
    "art_fid": "computed as (1 + fid_style) * (1 + content_lpips)"
  },
  "matrix_breakdown": {
    "photo": {
      "photo": {
        "count": 30,
        "clip_dir": 0.5932262579600016,
        "clip_style": 0.768255748351415,
        "style_lpips": 0.7268450816472372,
        "content_lpips": 0.605167675,
        "clip_content": 0.6554216589999999,
        "fid_style": null,
        "art_fid": null,
        "fid_baseline": null,
        "delta_fid": null,
        "delta_fid_ratio": null,
        "classifier_acc": null
      },
      "Hayao": {
        "count": 30,
        "clip_dir": 0.6332561552524567,
        "clip_style": 0.6705419878164928,
        "style_lpips": 0.7193666517734527,
        "content_lpips": 0.6832512863333334,
        "clip_content": 0.6320550926666668,
        "fid_style": 378.051219415406,
        "art_fid": 638.0384526672008,
        "fid_baseline": 334.729000932728,
        "delta_fid": -43.32221848267801,
        "delta_fid_ratio": -0.1294247536423791,
        "classifier_acc": null
      },
      "monet": {
        "count": 30,
        "clip_dir": 0.6611181209484737,
        "clip_style": 0.743476555744807,
        "style_lpips": 0.7086411654949188,
        "content_lpips": 0.6228280266666668,
        "clip_content": 0.6540349793333334,
        "fid_style": 287.2429047924435,
        "art_fid": 467.768664384989,
        "fid_baseline": 237.55478896111822,
        "delta_fid": -49.68811583132526,
        "delta_fid_ratio": -0.20916486697078526,
        "classifier_acc": null
      },
      "vangogh": {
        "count": 30,
        "clip_dir": 0.6974488377571106,
        "clip_style": 0.7667231937249501,
        "style_lpips": 0.7369739671548208,
        "content_lpips": 0.6750196443333335,
        "clip_content": 0.6489770873333334,
        "fid_style": 344.0341548281282,
        "art_fid": 577.9389873030636,
        "fid_baseline": 313.3414404549672,
        "delta_fid": -30.69271437316098,
        "delta_fid_ratio": -0.09795293698974386,
        "classifier_acc": null
      },
      "cezanne": {
        "count": 30,
        "clip_dir": 0.6465310037136078,
        "clip_style": 0.7094476640224456,
        "style_lpips": 0.70801908771197,
        "content_lpips": 0.6592816443333332,
        "clip_content": 0.6349916423333332,
        "fid_style": 372.7886403937962,
        "art_fid": 620.2206298657392,
        "fid_baseline": 317.94764662800304,
        "delta_fid": -54.840993765793144,
        "delta_fid_ratio": -0.1724843518969549,
        "classifier_acc": null
      }
    },
    "Hayao": {
      "photo": {
        "count": 30,
        "clip_dir": 0.6390774617592494,
        "clip_style": 0.6956612507502238,
        "style_lpips": 0.7327749351660411,
        "content_lpips": 0.6212325396666666,
        "clip_content": 0.6481727253333333,
        "fid_style": null,
        "art_fid": null,
        "fid_baseline": null,
        "delta_fid": null,
        "delta_fid_ratio": null,
        "classifier_acc": null
      },
      "Hayao": {
        "count": 30,
        "clip_dir": 0.46201422810554504,
        "clip_style": 0.7194371024767557,
        "style_lpips": 0.708273591597875,
        "content_lpips": 0.562311762,
        "clip_content": 0.6728746473333332,
        "fid_style": null,
        "art_fid": null,
        "fid_baseline": null,
        "delta_fid": null,
        "delta_fid_ratio": null,
        "classifier_acc": null
      },
      "monet": {
        "count": 30,
        "clip_dir": 0.6286383668581644,
        "clip_style": 0.6570156753063202,
        "style_lpips": 0.7155120333035787,
        "content_lpips": 0.60910439,
        "clip_content": 0.6339670989999998,
        "fid_style": null,
        "art_fid": null,
        "fid_baseline": null,
        "delta_fid": null,
        "delta_fid_ratio": null,
        "classifier_acc": null
      },
      "vangogh": {
        "count": 30,
        "clip_dir": 0.6689093768596649,
        "clip_style": 0.723614772160848,
        "style_lpips": 0.7361742238203685,
        "content_lpips": 0.6049549039999998,
        "clip_content": 0.6334308473333333,
        "fid_style": null,
        "art_fid": null,
        "fid_baseline": null,
        "delta_fid": null,
        "delta_fid_ratio": null,
        "classifier_acc": null
      },
      "cezanne": {
        "count": 30,
        "clip_dir": 0.6185443768898646,
        "clip_style": 0.668879767258962,
        "style_lpips": 0.7065263668696086,
        "content_lpips": 0.6024940626666666,
        "clip_content": 0.631940822,
        "fid_style": null,
        "art_fid": null,
        "fid_baseline": null,
        "delta_fid": null,
        "delta_fid_ratio": null,
        "classifier_acc": null
      }
    },
    "monet": {
      "photo": {
        "count": 30,
        "clip_dir": 0.6224079579114914,
        "clip_style": 0.7535500168800354,
        "style_lpips": 0.7300812522570292,
        "content_lpips": 0.601201067,
        "clip_content": 0.7047703343333332,
        "fid_style": null,
        "art_fid": null,
        "fid_baseline": null,
        "delta_fid": null,
        "delta_fid_ratio": null,
        "classifier_acc": null
      },
      "Hayao": {
        "count": 30,
        "clip_dir": 0.64100681245327,
        "clip_style": 0.6792385876178741,
        "style_lpips": 0.7293040772279104,
        "content_lpips": 0.6637885966666666,
        "clip_content": 0.646484412,
        "fid_style": null,
        "art_fid": null,
        "fid_baseline": null,
        "delta_fid": null,
        "delta_fid_ratio": null,
        "classifier_acc": null
      },
      "monet": {
        "count": 30,
        "clip_dir": 0.5231593698263168,
        "clip_style": 0.792744352420171,
        "style_lpips": 0.6974069714546204,
        "content_lpips": 0.5920672256666666,
        "clip_content": 0.7211422723333333,
        "fid_style": null,
        "art_fid": null,
        "fid_baseline": null,
        "delta_fid": null,
        "delta_fid_ratio": null,
        "classifier_acc": null
      },
      "vangogh": {
        "count": 30,
        "clip_dir": 0.5493957430124283,
        "clip_style": 0.7953479508558909,
        "style_lpips": 0.7310747822125753,
        "content_lpips": 0.6169989633333333,
        "clip_content": 0.7297325353333334,
        "fid_style": null,
        "art_fid": null,
        "fid_baseline": null,
        "delta_fid": null,
        "delta_fid_ratio": null,
        "classifier_acc": null
      },
      "cezanne": {
        "count": 30,
        "clip_dir": 0.5092354565858841,
        "clip_style": 0.7462325135866801,
        "style_lpips": 0.7075366616249085,
        "content_lpips": 0.6332749463333334,
        "clip_content": 0.6835348716666666,
        "fid_style": null,
        "art_fid": null,
        "fid_baseline": null,
        "delta_fid": null,
        "delta_fid_ratio": null,
        "classifier_acc": null
      }
    },
    "vangogh": {
      "photo": {
        "count": 30,
        "clip_dir": 0.6323723733425141,
        "clip_style": 0.7429959098498027,
        "style_lpips": 0.7283186952273051,
        "content_lpips": 0.6301151776666667,
        "clip_content": 0.688969769,
        "fid_style": null,
        "art_fid": null,
        "fid_baseline": null,
        "delta_fid": null,
        "delta_fid_ratio": null,
        "classifier_acc": null
      },