{
  "checkpoint": "../overfit50-strok-style/epoch_0020.pt",
  "timestamp": "2026-02-11 10:47:55",
  "matrix_breakdown": {
    "photo": {
      "photo": {
        "count": 50,
        "clip_style": 0.5949092102050781,
        "style_lpips": 0.7471025550365448,
        "content_lpips": 0.5056489478,
        "clip_content": 0.7148879728000002,
        "classifier_acc": 1.0
      },
      "Hayao": {
        "count": 50,
        "clip_style": 0.5482865911722183,
        "style_lpips": 0.7240999221801758,
        "content_lpips": 0.5918196652000001,
        "clip_content": 0.6622888244,
        "classifier_acc": 0.96
      }
    },
    "Hayao": {
      "photo": {
        "count": 50,
        "clip_style": 0.4846035522222519,
        "style_lpips": 0.7638407027721406,
        "content_lpips": 0.4826897846,
        "clip_content": 0.7401116712000001,
        "classifier_acc": 0.9
      },
      "Hayao": {
        "count": 50,
        "clip_style": 0.625962188243866,
        "style_lpips": 0.706011335849762,
        "content_lpips": 0.4392741712,
        "clip_content": 0.7235019222,
        "classifier_acc": 1.0
      }
    }
  },
  "analysis": {
    "style_transfer_ability": {
      "clip_style": 0.5164450716972351,
      "content_lpips": 0.5372547249,
      "classifier_acc": 0.9299999999999999
    },
    "photo_to_art_performance": {
      "clip_style": 0.5482865911722183,
      "valid": true,
      "classifier_acc": 0.96
    }
  },
  "classification_report": {
    "Hayao": {
      "precision": 0.9514563106796117,
      "recall": 0.98,
      "f1-score": 0.9655172413793104,
      "support": 100.0
    },
    "photo": {
      "precision": 0.979381443298969,
      "recall": 0.95,
      "f1-score": 0.9644670050761421,
      "support": 100.0
    },
    "accuracy": 0.965,
    "macro avg": {
      "precision": 0.9654188769892904,
      "recall": 0.965,
      "f1-score": 0.9649921232277263,
      "support": 200.0
    },
    "weighted avg": {
      "precision": 0.9654188769892903,
      "recall": 0.965,
      "f1-score": 0.9649921232277262,
      "support": 200.0
    }
  },
  "detailed_style_metrics": {
    "Hayao": {
      "precision": 0.9514563106796117,
      "recall": 0.98,
      "f1_score": 0.9655172413793104,
      "support": 100
    },
    "photo": {
      "precision": 0.979381443298969,
      "recall": 0.95,
      "f1_score": 0.9644670050761421,
      "support": 100
    }
  }
}