{
  "checkpoint": "/mnt/i/Github/Latent_Style/Cycle-NCE/no-edge/epoch_0150.pt",
  "timestamp": "2026-02-15 09:22:52",
  "matrix_breakdown": {
    "photo": {
      "photo": {
        "count": 30,
        "clip_style": 0.6087676127751668,
        "style_lpips": 0.7347051322460174,
        "content_lpips": 0.6413370239999999,
        "clip_content": 0.6236114083333334,
        "classifier_acc": 1.0
      },
      "Hayao": {
        "count": 30,
        "clip_style": 0.5678322712580363,
        "style_lpips": 0.7280567208925883,
        "content_lpips": 0.6708269699999999,
        "clip_content": 0.6210978316666667,
        "classifier_acc": 0.8
      }
    },
    "Hayao": {
      "photo": {
        "count": 30,
        "clip_style": 0.5726827621459961,
        "style_lpips": 0.7375694652398427,
        "content_lpips": 0.6498313556666668,
        "clip_content": 0.5956433813333335,
        "classifier_acc": 0.5
      },
      "Hayao": {
        "count": 30,
        "clip_style": 0.6014454782009124,
        "style_lpips": 0.7149099389712016,
        "content_lpips": 0.6022073636666667,
        "clip_content": 0.6285444486666666,
        "classifier_acc": 1.0
      }
    }
  },
  "analysis": {
    "style_transfer_ability": {
      "clip_style": 0.5702575167020162,
      "content_lpips": 0.6603291628333334,
      "classifier_acc": 0.65
    },
    "photo_to_art_performance": {
      "clip_style": 0.5678322712580363,
      "valid": true,
      "classifier_acc": 0.8
    }
  },
  "classification_report": {
    "Hayao": {
      "precision": 0.782608695652174,
      "recall": 0.9,
      "f1-score": 0.8372093023255814,
      "support": 60.0
    },
    "photo": {
      "precision": 0.8823529411764706,
      "recall": 0.75,
      "f1-score": 0.8108108108108109,
      "support": 60.0
    },
    "accuracy": 0.825,
    "macro avg": {
      "precision": 0.8324808184143222,
      "recall": 0.825,
      "f1-score": 0.8240100565681961,
      "support": 120.0
    },
    "weighted avg": {
      "precision": 0.8324808184143222,
      "recall": 0.825,
      "f1-score": 0.8240100565681961,
      "support": 120.0
    }
  },
  "detailed_style_metrics": {
    "Hayao": {
      "precision": 0.782608695652174,
      "recall": 0.9,
      "f1_score": 0.8372093023255814,
      "support": 60
    },
    "photo": {
      "precision": 0.8823529411764706,
      "recall": 0.75,
      "f1_score": 0.8108108108108109,
      "support": 60
    }
  }
}