epoch,loss,swd,swd_hf,color,nce,identity,identity_ratio,lr,data_time_sec,transfer_time_sec,fwd_loss_time_sec,backward_time_sec,optimizer_time_sec,step_overhead_time_sec,compute_time_sec,epoch_time_sec,samples_seen,samples_per_sec,compute_samples_per_sec,gradcos_swd_color,gradcos_swd_identity,gradcos_color_identity
1,46.42097091674805,0.3200835585594177,0.10135812312364578,0.1470232754945755,0.0,0.09355220198631287,0.20185546576976776,0.0001686973250749287,2.849582399998326,0.009338200063211843,108.91575180005748,52.20998369992594,0.7891045999713242,17.22105460005696,161.92417830001796,182.06691908836365,10240,56.24305640625554,63.2394748425218,0.7817372041774258,-0.6450786805850506,-0.4216108226618121
2,42.07709503173828,0.2733457684516907,0.10028649866580963,0.1075252816081047,0.0,0.12128697335720062,0.20136718451976776,0.0003373946501498574,0.0969537999772001,0.038398400152800605,123.82871039988822,64.35012029999052,8.255331099993782,11.260137299977941,196.47256020002533,207.83239364624023,10240,49.27047136564241,52.11923736105862,0.8930909409339441,0.4571529830586956,0.2907211048150022
3,40.8211555480957,0.27292197942733765,0.09952197968959808,0.10614830255508423,0.0,0.08384246379137039,0.2016601413488388,0.000506091975224786,0.09891869995044544,0.009624200087273493,122.03955520005547,65.45321450004121,8.63845370002673,12.63474339977256,196.1408476002107,208.8767499923706,10240,49.02412547291178,52.20738120226722,0.8536098034657192,0.5516496941977663,0.42115435408509544
