{
  "checkpoint": "../overfit50-style-distill-struct-v4-mse/epoch_0040.pt",
  "timestamp": "2026-02-10 21:48:36",
  "matrix_breakdown": {
    "photo": {
      "photo": {
        "count": 50,
        "clip_style": 0.6068997764587403,
        "style_lpips": 0.7480844914913177,
        "content_lpips": 0.42150308,
        "clip_content": 0.7979354042,
        "classifier_acc": 1.0
      },
      "Hayao": {
        "count": 50,
        "clip_style": 0.5403261739015579,
        "style_lpips": 0.7429778134822845,
        "content_lpips": 0.46709923620000005,
        "clip_content": 0.7380843845999999,
        "classifier_acc": 0.44
      }
    },
    "Hayao": {
      "photo": {
        "count": 50,
        "clip_style": 0.453374969959259,
        "style_lpips": 0.7780158030986786,
        "content_lpips": 0.40686586420000004,
        "clip_content": 0.8345180121999999,
        "classifier_acc": 0.84
      },
      "Hayao": {
        "count": 50,
        "clip_style": 0.7063057458400727,
        "style_lpips": 0.7152415406703949,
        "content_lpips": 0.2577970568,
        "clip_content": 0.8944391206,
        "classifier_acc": 0.98
      }
    }
  },
  "analysis": {
    "style_transfer_ability": {
      "clip_style": 0.4968505719304085,
      "content_lpips": 0.43698255020000004,
      "classifier_acc": 0.64
    },
    "photo_to_art_performance": {
      "clip_style": 0.5403261739015579,
      "valid": true,
      "classifier_acc": 0.44
    }
  },
  "classification_report": {
    "Hayao": {
      "precision": 0.8987341772151899,
      "recall": 0.71,
      "f1-score": 0.7932960893854749,
      "support": 100.0
    },
    "photo": {
      "precision": 0.7603305785123967,
      "recall": 0.92,
      "f1-score": 0.832579185520362,
      "support": 100.0
    },
    "accuracy": 0.815,
    "macro avg": {
      "precision": 0.8295323778637933,
      "recall": 0.815,
      "f1-score": 0.8129376374529185,
      "support": 200.0
    },
    "weighted avg": {
      "precision": 0.8295323778637933,
      "recall": 0.815,
      "f1-score": 0.8129376374529184,
      "support": 200.0
    }
  },
  "detailed_style_metrics": {
    "Hayao": {
      "precision": 0.8987341772151899,
      "recall": 0.71,
      "f1_score": 0.7932960893854749,
      "support": 100
    },
    "photo": {
      "precision": 0.7603305785123967,
      "recall": 0.92,
      "f1_score": 0.832579185520362,
      "support": 100
    }
  }
}