{
  "checkpoint": "G:\\GitHub\\Latent_Style\\Cycle-NCE\\ssim-optun-nce\\trial_0211\\epoch_0001.pt",
  "timestamp": "2026-02-20 12:12:19",
  "matrix_breakdown": {
    "photo": {
      "photo": {
        "count": 10,
        "style_swd": 1.8567964911460877,
        "content_ssim": 0.32322624,
        "classifier_acc": null
      },
      "Hayao": {
        "count": 10,
        "style_swd": 2.20635980963707,
        "content_ssim": 0.34605041100000006,
        "classifier_acc": null
      },
      "monet": {
        "count": 10,
        "style_swd": 1.1333739072084428,
        "content_ssim": 0.33996363800000007,
        "classifier_acc": null
      },
      "cezanne": {
        "count": 10,
        "style_swd": 1.2156074047088623,
        "content_ssim": 0.328792333,
        "classifier_acc": null
      },
      "vangogh": {
        "count": 10,
        "style_swd": 2.304158788919449,
        "content_ssim": 0.320481319,
        "classifier_acc": null
      }
    },
    "Hayao": {
      "photo": {
        "count": 10,
        "style_swd": 1.8486953616142272,
        "content_ssim": 0.471976818,
        "classifier_acc": null
      },
      "Hayao": {
        "count": 10,
        "style_swd": 1.9128051578998566,
        "content_ssim": 0.504005065,
        "classifier_acc": null
      },
      "monet": {
        "count": 10,
        "style_swd": 1.1712816447019576,
        "content_ssim": 0.5776862439999999,
        "classifier_acc": null
      },
      "cezanne": {
        "count": 10,
        "style_swd": 1.2222581595182418,
        "content_ssim": 0.5669512489999999,
        "classifier_acc": null
      },
      "vangogh": {
        "count": 10,
        "style_swd": 2.244100350141525,
        "content_ssim": 0.545112722,
        "classifier_acc": null
      }
    },
    "monet": {
      "photo": {
        "count": 10,
        "style_swd": 1.8567841947078705,
        "content_ssim": 0.324652798,
        "classifier_acc": null
      },
      "Hayao": {
        "count": 10,
        "style_swd": 2.241547757387161,
        "content_ssim": 0.408464866,
        "classifier_acc": null
      },
      "monet": {
        "count": 10,
        "style_swd": 1.140926057100296,
        "content_ssim": 0.385578478,
        "classifier_acc": null
      },
      "cezanne": {
        "count": 10,
        "style_swd": 0.9646060287952423,
        "content_ssim": 0.322915416,
        "classifier_acc": null
      },
      "vangogh": {
        "count": 10,
        "style_swd": 2.253468745946884,
        "content_ssim": 0.34538720900000003,
        "classifier_acc": null
      }
    },
    "cezanne": {
      "photo": {
        "count": 10,
        "style_swd": 1.8165790736675262,
        "content_ssim": 0.38197515899999995,
        "classifier_acc": null
      },
      "Hayao": {
        "count": 10,
        "style_swd": 2.035521438717842,
        "content_ssim": 0.48418690499999995,
        "classifier_acc": null
      },
      "monet": {
        "count": 10,
        "style_swd": 1.1569068998098373,
        "content_ssim": 0.465339042,
        "classifier_acc": null
      },
      "cezanne": {
        "count": 10,
        "style_swd": 1.0375712037086486,
        "content_ssim": 0.416860697,
        "classifier_acc": null
      },
      "vangogh": {
        "count": 10,
        "style_swd": 2.1730932176113127,
        "content_ssim": 0.430670603,
        "classifier_acc": null
      }
    },
    "vangogh": {
      "photo": {
        "count": 10,
        "style_swd": 1.9012615859508515,
        "content_ssim": 0.268875597,
        "classifier_acc": null
      },
      "Hayao": {
        "count": 10,
        "style_swd": 1.8217380821704865,
        "content_ssim": 0.38652952599999996,
        "classifier_acc": null
      },
      "monet": {
        "count": 10,
        "style_swd": 1.1266622364521026,
        "content_ssim": 0.34857173500000005,
        "classifier_acc": null
      },
      "cezanne": {
        "count": 10,
        "style_swd": 1.0211358308792113,
        "content_ssim": 0.31351903200000003,
        "classifier_acc": null
      },
      "vangogh": {
        "count": 10,
        "style_swd": 1.9687425017356872,
        "content_ssim": 0.31736070699999996,
        "classifier_acc": null
      }
    }
  },
  "analysis": {
    "style_transfer_ability": {
      "style_swd": 1.6857570259273054,
      "content_ssim": 0.39890513110000003,
      "classifier_acc": 0.0
    },
    "photo_to_art_performance": {
      "style_swd": 1.714874977618456,
      "valid": true,
      "classifier_acc": 0.0
    }
  },
  "classification_report": null,
  "detailed_style_metrics": {}
}