{
  "checkpoint": "..\\5style-any2any-skipfusion\\epoch_0020.pt",
  "timestamp": "2026-02-23 11:52:42",
  "metrics_note": {
    "clip_style": "backward-compatible alias of clip_dir (CLIP directional similarity)",
    "clip_dir": "cos( CLIP(gen)-CLIP(src), CLIP(target_style_proto)-CLIP(src) )",
    "art_fid": "computed as (1 + fid_style) * (1 + content_lpips)"
  },
  "matrix_breakdown": {
    "photo": {
      "photo": {
        "count": 10,
        "clip_dir": 0.3189444974064827,
        "clip_style": 0.3189444974064827,
        "style_lpips": 0.7485455691814422,
        "content_lpips": 0.329969769,
        "clip_content": 0.8866781509999999,
        "fid_style": null,
        "art_fid": null,
        "classifier_acc": null
      },
      "Hayao": {
        "count": 10,
        "clip_dir": 0.43629240393638613,
        "clip_style": 0.43629240393638613,
        "style_lpips": 0.792526388168335,
        "content_lpips": 0.38734614,
        "clip_content": 0.855759932,
        "fid_style": null,
        "art_fid": null,
        "classifier_acc": null
      },
      "monet": {
        "count": 10,
        "clip_dir": 0.2836406588554382,
        "clip_style": 0.2836406588554382,
        "style_lpips": 0.745934909582138,
        "content_lpips": 0.330592411,
        "clip_content": 0.8872350009999999,
        "fid_style": null,
        "art_fid": null,
        "classifier_acc": null
      },
      "cezanne": {
        "count": 10,
        "clip_dir": 0.2930296927690506,
        "clip_style": 0.2930296927690506,
        "style_lpips": 0.7695006906986237,
        "content_lpips": 0.33007424900000004,
        "clip_content": 0.885636489,
        "fid_style": null,
        "art_fid": null,
        "classifier_acc": null
      },
      "vangogh": {
        "count": 10,
        "clip_dir": 0.3037842094898224,
        "clip_style": 0.3037842094898224,
        "style_lpips": 0.8088364899158478,
        "content_lpips": 0.334490267,
        "clip_content": 0.881209795,
        "fid_style": null,
        "art_fid": null,
        "classifier_acc": null
      }
    },
    "Hayao": {
      "photo": {
        "count": 10,
        "clip_dir": 0.16373136043548583,
        "clip_style": 0.16373136043548583,
        "style_lpips": 0.7956877291202545,
        "content_lpips": 0.240542718,
        "clip_content": 0.9275485549999999,
        "fid_style": null,
        "art_fid": null,
        "classifier_acc": null
      },
      "Hayao": {
        "count": 10,
        "clip_dir": 0.29181801062077284,
        "clip_style": 0.29181801062077284,
        "style_lpips": 0.7418416261672973,
        "content_lpips": 0.22581309899999996,
        "clip_content": 0.931684553,
        "fid_style": null,
        "art_fid": null,
        "classifier_acc": null
      },
      "monet": {
        "count": 10,
        "clip_dir": 0.12824380472302438,
        "clip_style": 0.12824380472302438,
        "style_lpips": 0.7779687941074371,
        "content_lpips": 0.25514538699999995,
        "clip_content": 0.9183957850000001,
        "fid_style": null,
        "art_fid": null,
        "classifier_acc": null
      },
      "cezanne": {
        "count": 10,
        "clip_dir": 0.08889308087527752,
        "clip_style": 0.08889308087527752,
        "style_lpips": 0.7760354042053222,
        "content_lpips": 0.238037016,
        "clip_content": 0.927188806,
        "fid_style": null,
        "art_fid": null,
        "classifier_acc": null
      },
      "vangogh": {
        "count": 10,
        "clip_dir": 0.14545672312378882,
        "clip_style": 0.14545672312378882,
        "style_lpips": 0.7974800407886505,
        "content_lpips": 0.256923124,
        "clip_content": 0.912703239,
        "fid_style": null,
        "art_fid": null,
        "classifier_acc": null
      }
    },
    "monet": {
      "photo": {
        "count": 10,
        "clip_dir": 0.38856677114963534,
        "clip_style": 0.38856677114963534,
        "style_lpips": 0.7668657064437866,
        "content_lpips": 0.34462714499999997,
        "clip_content": 0.9003453670000001,
        "fid_style": null,
        "art_fid": null,
        "classifier_acc": null
      },
      "Hayao": {
        "count": 10,
        "clip_dir": 0.41692296862602235,
        "clip_style": 0.41692296862602235,
        "style_lpips": 0.784442800283432,
        "content_lpips": 0.39771859200000004,
        "clip_content": 0.885757553,
        "fid_style": null,
        "art_fid": null,
        "classifier_acc": null
      },
      "monet": {
        "count": 10,
        "clip_dir": 0.2697436138987541,
        "clip_style": 0.2697436138987541,
        "style_lpips": 0.7201931536197662,
        "content_lpips": 0.344625419,
        "clip_content": 0.9013175039999999,
        "fid_style": null,
        "art_fid": null,
        "classifier_acc": null
      },
      "cezanne": {
        "count": 10,
        "clip_dir": 0.26330989599227905,
        "clip_style": 0.26330989599227905,
        "style_lpips": 0.7457244336605072,
        "content_lpips": 0.344684702,
        "clip_content": 0.901089685,
        "fid_style": null,
        "art_fid": null,
        "classifier_acc": null
      },
      "vangogh": {
        "count": 10,
        "clip_dir": 0.2906976595520973,
        "clip_style": 0.2906976595520973,
        "style_lpips": 0.7829731106758118,
        "content_lpips": 0.34451661200000006,
        "clip_content": 0.900376301,
        "fid_style": null,
        "art_fid": null,
        "classifier_acc": null
      }
    },
    "cezanne": {
      "photo": {
        "count": 10,
        "clip_dir": 0.34678263366222384,
        "clip_style": 0.34678263366222384,
        "style_lpips": 0.761730021238327,
        "content_lpips": 0.32340104799999997,
        "clip_content": 0.876288763,
        "fid_style": null,
        "art_fid": null,
        "classifier_acc": null
      },
      "Hayao": {
        "count": 10,
        "clip_dir": 0.3945472717285156,
        "clip_style": 0.3945472717285156,
        "style_lpips": 0.7456697225570679,
        "content_lpips": 0.355689845,
        "clip_content": 0.8728759839999999,
        "fid_style": null,
        "art_fid": null,
        "classifier_acc": null
      },
      "monet": {
        "count": 10,
        "clip_dir": 0.2475842870771885,
        "clip_style": 0.2475842870771885,
        "style_lpips": 0.7310037314891815,
        "content_lpips": 0.32358479500000004,
        "clip_content": 0.876020392,
        "fid_style": null,
        "art_fid": null,
        "classifier_acc": null
      },
      "cezanne": {
        "count": 10,
        "clip_dir": 0.28157046139240266,
        "clip_style": 0.28157046139240266,
        "style_lpips": 0.715130889415741,
        "content_lpips": 0.323618269,
        "clip_content": 0.8768203059999999,
        "fid_style": null,
        "art_fid": null,
        "classifier_acc": null
      },
      "vangogh": {
        "count": 10,
        "clip_dir": 0.25009466111660006,
        "clip_style": 0.25009466111660006,
        "style_lpips": 0.7627128660678864,
        "content_lpips": 0.32348674499999996,
        "clip_content": 0.876769021,
        "fid_style": null,
        "art_fid": null,
        "classifier_acc": null
      }
    },
    "vangogh": {
      "photo": {
        "count": 10,
        "clip_dir": 0.3715580001473427,
        "clip_style": 0.3715580001473427,
        "style_lpips": 0.801339066028595,
        "content_lpips": 0.30744282300000003,
        "clip_content": 0.8762503559999999,
        "fid_style": null,
        "art_fid": null,
        "classifier_acc": null
      },
      "Hayao": {
        "count": 10,
        "clip_dir": 0.4266802310943604,
        "clip_style": 0.4266802310943604,
        "style_lpips": 0.7523997306823731,
        "content_lpips": 0.351237486,
        "clip_content": 0.861892624,
        "fid_style": null,
        "art_fid": null,
        "classifier_acc": null
      },
      "monet": {
        "count": 10,