{
  "checkpoint": "../overfit50-style-force-schedule/epoch_0010.pt",
  "timestamp": "2026-02-09 21:37:38",
  "matrix_breakdown": {
    "photo": {
      "photo": {
        "count": 50,
        "clip_style": 0.6190655326843262,
        "style_lpips": 0.7470344996452332,
        "content_lpips": 0.34218967520000004,
        "clip_content": 0.8618058634000002,
        "classifier_acc": 0.92
      },
      "Hayao": {
        "count": 50,
        "clip_style": 0.48809107542037966,
        "style_lpips": 0.7882779502868652,
        "content_lpips": 0.3452546908000001,
        "clip_content": 0.8582942243999999,
        "classifier_acc": 0.08
      }
    },
    "Hayao": {
      "photo": {
        "count": 50,
        "clip_style": 0.41471515417099,
        "style_lpips": 0.7939968633651734,
        "content_lpips": 0.26560645039999997,
        "clip_content": 0.9166808331999999,
        "classifier_acc": 0.08
      },
      "Hayao": {
        "count": 50,
        "clip_style": 0.7084933185577392,
        "style_lpips": 0.7229488837718964,
        "content_lpips": 0.2664202214,
        "clip_content": 0.9136506272,
        "classifier_acc": 0.94
      }
    }
  },
  "analysis": {
    "style_transfer_ability": {
      "clip_style": 0.45140311479568485,
      "content_lpips": 0.3054305706,
      "classifier_acc": 0.08
    },
    "photo_to_art_performance": {
      "clip_style": 0.48809107542037966,
      "valid": true,
      "classifier_acc": 0.08
    }
  },
  "classification_report": {
    "Hayao": {
      "precision": 0.504950495049505,
      "recall": 0.51,
      "f1-score": 0.5074626865671642,
      "support": 100.0
    },
    "photo": {
      "precision": 0.5050505050505051,
      "recall": 0.5,
      "f1-score": 0.5025125628140703,
      "support": 100.0
    },
    "accuracy": 0.505,
    "macro avg": {
      "precision": 0.5050005000500051,
      "recall": 0.505,
      "f1-score": 0.5049876246906173,
      "support": 200.0
    },
    "weighted avg": {
      "precision": 0.5050005000500051,
      "recall": 0.505,
      "f1-score": 0.5049876246906172,
      "support": 200.0
    }
  },
  "detailed_style_metrics": {
    "Hayao": {
      "precision": 0.504950495049505,
      "recall": 0.51,
      "f1_score": 0.5074626865671642,
      "support": 100
    },
    "photo": {
      "precision": 0.5050505050505051,
      "recall": 0.5,
      "f1_score": 0.5025125628140703,
      "support": 100
    }
  }
}