epoch,loss,swd,color,identity,identity_ratio,lr,data_time_sec,transfer_time_sec,fwd_loss_time_sec,backward_time_sec,optimizer_time_sec,step_overhead_time_sec,compute_time_sec,epoch_time_sec,samples_seen,samples_per_sec,compute_samples_per_sec,gradcos_swd_color,gradcos_swd_identity,gradcos_color_identity
1,24.489459991455078,0.3340209424495697,0.23788708448410034,0.04208449274301529,0.20185546576976776,0.00019855767034428302,2.963507099990238,0.008989800022391137,88.70768929997939,23.725822500000504,0.15170219997889944,1.6865501000247605,112.59420379998119,117.30735874176025,10240,87.29205149475982,90.94606697686609,0.0,0.0,0.0
2,22.63528060913086,0.2947213351726532,0.2144181877374649,0.0712161436676979,0.20136718451976776,0.00039711534068856603,0.09714560000793426,0.008744400005525677,77.35900250000486,3.5845438000033027,0.12902600000597886,1.718235599968466,81.08131670001967,82.89847183227539,10240,123.52459307956984,126.29296633015231,0.0,0.0,0.0
3,21.648427963256836,0.29217854142189026,0.2071218490600586,0.04440337046980858,0.2016601413488388,0.000595673011032849,0.11148050000338117,0.008799499992164783,78.23889449999479,3.583609700006491,0.13245919999826583,1.688157600008708,81.9637628999917,83.76475620269775,10240,122.24711757318059,124.93325876819934,0.0,0.0,0.0
4,21.377653121948242,0.29111990332603455,0.20832207798957825,0.037764258682727814,0.20136718451976776,0.0007942306813771321,0.09962909999740077,0.008520400009729201,76.842543200004,3.5174329999863403,0.1282296999997925,1.687024199996813,80.49672629999986,82.28501868247986,10240,124.44549644588345,127.21014220922444,0.0,0.0,0.0
