epoch,loss,distill,code,code_pred_norm,code_ref_norm,cycle,struct,edge,gram,gram_w,moment,push,delta_tv,nce,idt,w_cycle_eff,w_struct_eff,w_edge_eff,w_nce_eff,w_idt_eff,transfer_ratio,lr,epoch_time_sec
1,1.1141748735981603,0.30945982984317244,0.02013243911086872,0.42634352817330307,0.9439185357862904,0.0,0.0,0.0,0.01851200416523923,0.5553600352297547,0.04560276769822644,0.17915875424620925,0.17789935040217575,0.0,0.0,0.0,0.0,0.0,0.0,0.0,1.0,0.0002,104.5649471282959
2,0.6517574351320985,0.5052536995180191,0.014033443184309108,0.5504043332992061,1.4642379924815188,0.0,0.0,0.0,0.006139627707901821,0.1841888427734375,0.00796959477086221,0.15960961003457347,0.42521983320995044,0.0,0.0,0.0,0.0,0.0,0.0,0.0,1.0,0.00019999465401313745,93.96375036239624
3,0.5365774093135711,0.5036300331033686,0.011677688167941186,0.7432734171549479,1.4687688683950773,0.0,0.0,0.0,0.004491325027199202,0.13473976299326906,0.005042128985927951,0.12910619346044397,0.5301153941821026,0.0,0.0,0.0,0.0,0.0,0.0,0.0,1.0,0.00019997861663879747,94.648761510849
4,0.45597178961641044,0.498255124656103,0.011183991227098691,0.9987521427933888,1.5433418520035282,0.0,0.0,0.0,0.00380125609777307,0.11403770856959845,0.0042947066086594776,0.09286809736682523,0.5936791204637096,0.0,0.0,0.0,0.0,0.0,0.0,0.0,1.0,0.00019995188963565887,94.06528043746948
5,0.3910918697234123,0.4955736796061198,0.011398157765788416,1.2680314587008568,1.7167289487777218,0.0,0.0,0.0,0.0034635557282355523,0.10390664172428911,0.003915118914778515,0.056314904202697094,0.6500349557527931,0.0,0.0,0.0,0.0,0.0,0.0,0.0,1.0,0.00019991447593463872,94.03140425682068
6,0.3326656997844737,0.49503798125892556,0.011741912493141748,1.5305288991620463,2.0007611346501175,0.0,0.0,0.0,0.0032031539306845718,0.09609461343416603,0.0036335488160451255,0.02156305056746288,0.6871197608209425,0.0,0.0,0.0,0.0,0.0,0.0,0.0,1.0,0.00019986637963857097,94.07470965385437
7,0.29532762753066194,0.4961163100375924,0.011614467508049422,1.7001401839717742,2.30567866499706,0.0,0.0,0.0,0.0030264556407928467,0.0907936301282657,0.003496907090628019,0.0006515988579360388,0.711701916110131,0.0,0.0,0.0,0.0,0.0,0.0,0.0,1.0,0.00019980760602175652,94.14061141014099
