epoch,loss,distill,code,code_pred_norm,code_ref_norm,cycle,struct,edge,gram,gram_w,moment,push,delta_tv,nce,idt,w_cycle_eff,w_struct_eff,w_edge_eff,w_nce_eff,w_idt_eff,transfer_ratio,lr,epoch_time_sec
1,1.1895884852255545,0.26668577296759494,0.01995284454796904,0.40689632456789737,0.8646596272786459,0.0,0.0,0.0,0.020848079394268734,0.6254423408098119,0.052934820934008524,0.18088016715101016,0.14190448227749075,0.0,0.0,0.0,0.0,0.0,0.0,0.0,1.0,0.00015,105.17051243782043
2,0.6855571705807921,0.5132140292916246,0.014572258918516098,0.49594518189789144,1.5979766845703125,0.0,0.0,0.0,0.006632085769407211,0.19896261153682585,0.008895501654635193,0.16766893735495947,0.3907411226662256,0.0,0.0,0.0,0.0,0.0,0.0,0.0,1.0,0.0001499960247789996,94.06945061683655
3,0.5737050374348959,0.5195547944755965,0.011331224954256447,0.622765858968099,1.6594454857610887,0.0,0.0,0.0,0.004816319993747178,0.14448959596695438,0.005507230117756833,0.145572385480327,0.4916260011734501,0.0,0.0,0.0,0.0,0.0,0.0,0.0,1.0,0.00014998409955192628,93.9624342918396
